Name,URL,Image,Size,Color,RPM,Airflow,Noise Level,PWM,Price
Lian Li Uni Fan SL-Infinity 3-Pack,https://pcpartpicker.com/product/WNbTwP/lian-li-uni-fan-sl-infinity-613-cfm-120-mm-fans-3-pack-uf-slin120-3b,https://cdna.pcpartpicker.com/static/forever/images/product/6e924f68ceb41087f42d587ae5f524a5.256p.jpg,120 mm,Black,,0 - 61.3 CFM,0 - 29 dB,Yes,82.99
Corsair RS120 ARGB 3-Pack,https://pcpartpicker.com/product/H2vD4D/corsair-rs120-argb-728-cfm-120-mm-fans-3-pack-co-9050181-ww,https://cdna.pcpartpicker.com/static/forever/images/product/d42ad252447db33db476f5c3b98450d5.256p.jpg,120 mm,Black,420 - 2100 RPM,13.3 - 72.8 CFM,10 - 36 dB,Yes,44.99
ARCTIC P12 Pro PST 5-Pack,https://pcpartpicker.com/product/wHpD4D/arctic-p12-pro-pst-77-cfm-120-mm-fans-5-pack-acfan00307a,https://m.media-amazon.com/images/I/41EoTWgHDUL.jpg,120 mm,Black,600 - 3000 RPM,77 CFM,,Yes,27.49
Noctua NF-A12x25 PWM chromax.black.swap,https://pcpartpicker.com/product/4q7G3C/noctua-nf-a12x25-pwm-chromaxblackswap-6009-cfm-120-mm-fan-nf-a12x25-pwm-chromaxblackswap,https://m.media-amazon.com/images/I/41ZywTiOj0L.jpg,120 mm,Black,450 - 2000 RPM,60.09 CFM,22.6 dB,Yes,37.95
Lian Li Uni Fan SL-Infinity 3-Pack,https://pcpartpicker.com/product/6kQcCJ/lian-li-uni-fan-sl-infinity-613-cfm-120-mm-fans-3-pack-uf-slin120-3w,https://cdna.pcpartpicker.com/static/forever/images/product/485f4e8eb3b477ae17cafebad9106c81.256p.jpg,120 mm,White,,0 - 61.3 CFM,0 - 29 dB,Yes,89.99
Lian Li Uni Fan SL-Infinity,https://pcpartpicker.com/product/2hzhP6/lian-li-uni-fan-sl-infinity-613-cfm-120-mm-fan-uf-slin120-1b,https://cdna.pcpartpicker.com/static/forever/images/product/9affdb4ef64ed18ff87ada4c3c0b043d.256p.jpg,120 mm,Black,,0 - 61.3 CFM,0 - 29 dB,Yes,30.99
Corsair RS120 ARGB 3-Pack,https://pcpartpicker.com/product/pHP8TW/corsair-rs120-argb-728-cfm-120-mm-fans-3-pack-co-9050185-ww,https://cdna.pcpartpicker.com/static/forever/images/product/c64438b4576564f4a6f42c68f5ded42f.256p.jpg,120 mm,White,420 - 2100 RPM,13.3 - 72.8 CFM,10 - 36 dB,Yes,44.99
ARCTIC P12 Pro,https://pcpartpicker.com/product/M2jv6h/arctic-p12-pro-77-cfm-120-mm-fan-acfan00305a,https://m.media-amazon.com/images/I/41bVJwOAskL.jpg,120 mm,Black,600 - 3000 RPM,77 CFM,,Yes,8.49
Lian Li UNI FAN SL Wireless 120 Reverse Blade 3-Pack,https://pcpartpicker.com/product/DWMMnQ/lian-li-uni-fan-sl-wireless-120-reverse-blade-64-cfm-120-mm-fans-3-pack-12rsl1w3w,https://cdna.pcpartpicker.com/static/forever/images/product/19ebb17240352499a7ac7fff20f5eff7.256p.jpg,120 mm,White,400 - 2000 RPM,64 CFM,31 dB,Yes,104.00
Thermalright TL-C12C-S X3 3-Pack,https://pcpartpicker.com/product/vq6p99/thermalright-tl-c12c-s-x3-6617-cfm-120-mm-fans-3-pack-tl-c12c-s-x3-d6,https://m.media-amazon.com/images/I/41eKWm4GV9L.jpg,120 mm,Black,1550 RPM,66.17 CFM,25.6 dB,Yes,16.00
Lian Li Uni Fan SL-Infinity,https://pcpartpicker.com/product/ZRgrxr/lian-li-uni-fan-sl-infinity-636-cfm-120-mm-fan-rslin120-1b,https://cdna.pcpartpicker.com/static/forever/images/product/b99c951781dfdde6644d90bdc6878448.256p.jpg,120 mm,Black,200 - 2100 RPM,63.6 CFM,32 dB,Yes,29.99
Thermalright TL-C12C X3 3-Pack,https://pcpartpicker.com/product/JmfnTW/thermalright-tl-c12c-x3-6617-cfm-120-mm-fans-3-pack-tl-c12c-x3-d6,https://m.media-amazon.com/images/I/41KqlL2aSvL.jpg,120 mm,Black,1550 RPM,66.17 CFM,25.6 dB,Yes,11.99
Noctua NF-A14x25 G2 PWM Sx2-PP chromax.black 2-Pack,https://pcpartpicker.com/product/qXG2FT/noctua-nf-a14x25-g2-pwm-sx2-pp-chromaxblack-9158-cfm-140-mm-fans-2-pack-nf-a14x25-g2-pwm-sx2-pp-chromaxblack,https://cdna.pcpartpicker.com/static/forever/images/product/102bdf7cab8ab9f6e259c17833bbbde6.256p.jpg,140 mm,Black,,0 - 91.58 CFM,0 - 24.8 dB,Yes,84.95
Lian Li UNI FAN SL Wireless 120 Reverse Blade 3-Pack,https://pcpartpicker.com/product/ws6NnQ/lian-li-uni-fan-sl-wireless-120-reverse-blade-64-cfm-120-mm-fans-3-pack-12rsl1w3b,https://cdna.pcpartpicker.com/static/forever/images/product/1c2e20edd0898dfa1d70f1621d91f878.256p.jpg,120 mm,Black,400 - 2000 RPM,64 CFM,31 dB,Yes,89.99
Lian Li UNI FAN TL LCD Wireless 3-Pack,https://pcpartpicker.com/product/NyfV3C/lian-li-uni-fan-tl-lcd-wireless-543-cfm-120-mm-fans-3-pack-12rtllcd1w3b,https://cdna.pcpartpicker.com/static/forever/images/product/83574b242391d8fecb8d85fc38c69e91.256p.jpg,120 mm,Black,350 - 1900 RPM,54.3 CFM,31 dB,Yes,149.99
Corsair RS120 ARGB,https://pcpartpicker.com/product/Xy6NnQ/corsair-rs120-argb-728-cfm-120-mm-fan-co-9050180-ww,https://cdna.pcpartpicker.com/static/forever/images/product/6bf1b1f2cf99e974f0997bd61b1192ef.256p.jpg,120 mm,Black,420 - 2100 RPM,13.3 - 72.8 CFM,10 - 36 dB,Yes,16.98
Lian Li Uni Fan SL-Infinity,https://pcpartpicker.com/product/YTzXsY/lian-li-uni-fan-sl-infinity-636-cfm-120-mm-fan-rslin120-1w,https://cdna.pcpartpicker.com/static/forever/images/product/3acfdb1df89a41a3101a46ebdf1cc8c9.256p.jpg,120 mm,White,200 - 2100 RPM,63.6 CFM,32 dB,Yes,30.99
Noctua NF-A12x25 G2 PWM Sx2-PP 2-Pack,https://pcpartpicker.com/product/HxTFf7/noctua-nf-a12x25-g2-pwm-sx2-pp-6315-cfm-120-mm-fans-2-pack-nf-a12x25-g2-pwm-sx2-pp,https://cdna.pcpartpicker.com/static/forever/images/product/fc3f3932fcc1a9f3f4dc39c399eabbaf.256p.jpg,120 mm,Brown,1500 - 1800 RPM,51.32 - 63.15 CFM,18.1 - 22.5 dB,Yes,64.90
Lian Li Uni Fan SL-Infinity,https://pcpartpicker.com/product/CVQKHx/lian-li-uni-fan-sl-infinity-716-cfm-140-mm-fan-uf-rs-slin140-1b,https://m.media-amazon.com/images/I/41IV-Rq1TfL.jpg,140 mm,Black,200 - 1600 RPM,71.6 CFM,28.6 dB,Yes,29.30
ARCTIC P14 Pro PST,https://pcpartpicker.com/product/LvNscf/arctic-p14-pro-pst-110-cfm-140-mm-fan-acfan00314a,https://cdna.pcpartpicker.com/static/forever/images/product/dc3183175f65d112254a0b62b4da5066.256p.jpg,140 mm,Black,400 - 2500 RPM,110 CFM,,Yes,10.49
Lian Li Uni Fan SL-Infinity,https://pcpartpicker.com/product/bBBG3C/lian-li-uni-fan-sl-infinity-613-cfm-120-mm-fan-uf-slin120-1w,https://cdna.pcpartpicker.com/static/forever/images/product/cee074c59a18e40fc8b58b4acec4068e.256p.jpg,120 mm,White,,0 - 61.3 CFM,0 - 29 dB,Yes,30.99
ARCTIC P12 Pro A-RGB 3-Pack,https://pcpartpicker.com/product/yHrp99/arctic-p12-pro-a-rgb-77-cfm-120-mm-fans-3-pack-acfan00310a,https://cdna.pcpartpicker.com/static/forever/images/product/ac31035551179cb15e93181b7f83b2e5.256p.jpg,120 mm,Black,600 - 3000 RPM,77 CFM,,Yes,28.49
Lian Li UNI FAN TL Wireless 3-Pack,https://pcpartpicker.com/product/fm8Pxr/lian-li-uni-fan-tl-wireless-901-cfm-120-mm-fans-3-pack-12tl1w3b,https://cdna.pcpartpicker.com/static/forever/images/product/a27d9acbd535b84a156361f061a44455.256p.jpg,120 mm,Black,200 - 2600 RPM,90.1 CFM,33 dB,Yes,94.99
ARCTIC P12 Pro Reverse A-RGB 3-Pack,https://pcpartpicker.com/product/cXpD4D/arctic-p12-pro-reverse-a-rgb-73-cfm-120-mm-fans-3-pack-acfan00333a,https://m.media-amazon.com/images/I/41gQwu191NL.jpg,120 mm,Black,500 - 3000 RPM,73 CFM,,Yes,28.99
be quiet! Silent Wings Pro 4,https://pcpartpicker.com/product/N8NxFT/be-quiet-silent-wings-pro-4-839-cfm-120-mm-fan-bl098,https://cdna.pcpartpicker.com/static/forever/images/product/d248ce6224e70d4417a8a4b64e5f2802.256p.jpg,120 mm,Black,3000 RPM,83.9 CFM,36.9 dB,Yes,29.40
Corsair iCUE LINK QX120 RGB Starter Kit 3-Pack,https://pcpartpicker.com/product/4VBzK8/corsair-icue-link-qx120-rgb-starter-kit-631-cfm-120-mm-fans-3-pack-co-9051002-ww,https://cdna.pcpartpicker.com/static/forever/images/product/022030846fd2908c85e111d037e80508.256p.jpg,120 mm,Black,480 - 2400 RPM,16.44 - 63.1 CFM,,Yes,109.99
Corsair RS120 3-Pack,https://pcpartpicker.com/product/cbmNnQ/corsair-rs120-728-cfm-120-mm-fans-3-pack-co-9050189-ww,https://cdna.pcpartpicker.com/static/forever/images/product/cb33b4ff7749064aafb53d3631154c9d.256p.jpg,120 mm,Black,420 - 2100 RPM,13.3 - 72.8 CFM,10 - 36 dB,Yes,44.99
Lian Li Uni Fan SL-Infinity,https://pcpartpicker.com/product/cv7scf/lian-li-uni-fan-sl-infinity-716-cfm-140-mm-fan-uf-rs-slin140-1w,https://cdna.pcpartpicker.com/static/forever/images/product/fbbcf048d65c4c5ebcb80fee0fe88d18.256p.jpg,140 mm,White,200 - 1600 RPM,71.6 CFM,28.6 dB,Yes,29.99
Asiahorse Nyota 3-Pack,https://pcpartpicker.com/product/LVQwrH/asiahorse-nyota-615-cfm-120-mm-fans-3-pack-nyota-a12-black-3pack-r-de,https://m.media-amazon.com/images/I/41IrOjwtMvL.jpg,120 mm,Black,800 - 2000 RPM,61.5 CFM,,Yes,
ARCTIC P12 Pro A-RGB,https://pcpartpicker.com/product/DfVfrH/arctic-p12-pro-a-rgb-77-cfm-120-mm-fan-acfan00309a,https://cdna.pcpartpicker.com/static/forever/images/product/7b2932f98a20d2624278ea61ecf35d51.256p.jpg,120 mm,Black,600 - 3000 RPM,77 CFM,,Yes,12.49
Noctua NF-A12x25 G2 PWM,https://pcpartpicker.com/product/XLpD4D/noctua-nf-a12x25-g2-pwm-6315-cfm-120-mm-fan-nf-a12x25-g2-pwm,https://cdna.pcpartpicker.com/static/forever/images/product/99395a4b7b386f47fef34344d872819c.256p.jpg,120 mm,Brown,1500 - 1800 RPM,51.32 - 63.15 CFM,18.1 - 22.5 dB,Yes,34.90
Lian Li UNI FAN TL LCD Wireless 3-Pack,https://pcpartpicker.com/product/L7h2FT/lian-li-uni-fan-tl-lcd-wireless-543-cfm-120-mm-fans-3-pack-12rtllcd1w3w,https://cdna.pcpartpicker.com/static/forever/images/product/eaef77cb8e2e089a0c3ac81de38429e5.256p.jpg,120 mm,White,350 - 1900 RPM,54.3 CFM,31 dB,Yes,160.11
ARCTIC P12 Pro PST,https://pcpartpicker.com/product/NX3WGX/arctic-p12-pro-pst-77-cfm-120-mm-fan-acfan00306a,https://cdna.pcpartpicker.com/static/forever/images/product/36500a192773ea2f8d39967b91637ab0.256p.jpg,120 mm,Black,600 - 3000 RPM,77 CFM,,Yes,9.49
ARCTIC P14 Pro PST 5-Pack,https://pcpartpicker.com/product/Gsjv6h/arctic-p14-pro-pst-110-cfm-140-mm-fans-5-pack-acfan00319a,https://m.media-amazon.com/images/I/41Rqb0wQm4L.jpg,140 mm,Black,400 - 2500 RPM,110 CFM,,Yes,31.99
Corsair iCUE LINK LX120-R RGB 3-Pack,https://pcpartpicker.com/product/nJzXsY/corsair-icue-link-lx120-r-rgb-70-cfm-120-mm-fans-3-pack-co-9051050-ww,https://cdna.pcpartpicker.com/static/forever/images/product/6d939181e333f97343f9f931109ad462.256p.jpg,120 mm,Black,2400 RPM,70 CFM,35.1 dB,Yes,119.99
ARCTIC P12 Pro Reverse 3-Pack,https://pcpartpicker.com/product/Wgjv6h/arctic-p12-pro-reverse-73-cfm-120-mm-fans-3-pack-acfan00332a,https://cdna.pcpartpicker.com/static/forever/images/product/5913a7cb595111b9c89fc78d342d6a83.256p.jpg,120 mm,Black,500 - 3000 RPM,73 CFM,,Yes,18.48
Lian Li Uni Fan SL-Infinity 3-Pack,https://pcpartpicker.com/product/7vh2FT/lian-li-uni-fan-sl-infinity-636-cfm-120-mm-fans-3-pack-12rslin3b,https://cdna.pcpartpicker.com/static/forever/images/product/d754eaf01bfcd16a63ccc2620d52cf9d.256p.jpg,120 mm,Black,200 - 2100 RPM,63.6 CFM,32 dB,Yes,89.99
Noctua P12 redux-1700 PWM,https://pcpartpicker.com/product/VNBTwP/noctua-nf-p12-redux-1700-pwm-708-cfm-120mm-fan-nf-p12-redux-1700-pwm,https://m.media-amazon.com/images/I/41qsdzrIGoL.jpg,120 mm,Gray,450 - 1700 RPM,70.75 CFM,25.1 dB,Yes,15.95
Thermalright TL-M12QR X3 3-Pack,https://pcpartpicker.com/product/26Nscf/thermalright-tl-m12qr-x3-476-cfm-120-mm-fans-3-pack-tl-m12qr-x3,https://cdna.pcpartpicker.com/static/forever/images/product/9a69944dfdcfad225c766600dfd82b59.256p.jpg,120 mm,Black,1500 RPM,47.6 CFM,23.2 dB,Yes,29.90
Corsair iCUE LINK RX120 3-Pack,https://pcpartpicker.com/product/8wfxFT/corsair-icue-link-rx120-742-cfm-120-mm-fans-3-pack-co-9051018-ww,https://cdna.pcpartpicker.com/static/forever/images/product/9e83ce400f4af8c001fb031c252fde6f.256p.jpg,120 mm,Black / White,2100 RPM,10.5 - 74.2 CFM,10 - 36 dB,No,84.99
Noctua NF-A14x25 G2 PWM Sx2-PP 2-Pack,https://pcpartpicker.com/product/6GWJ7P/noctua-nf-a14x25-g2-pwm-sx2-pp-916-cfm-140-mm-fans-2-pack-nf-a14x25-g2-pwm-sx2-pp,https://cdna.pcpartpicker.com/static/forever/images/product/ee0e7e17d830be648e7ea552b98a176b.256p.jpg,140 mm,Brown,1250 - 1500 RPM,74.8 - 91.6 CFM,19.7 - 24.8 dB,Yes,84.95
Corsair RS120 ARGB,https://pcpartpicker.com/product/hk26Mp/corsair-rs120-argb-728-cfm-120-mm-fan-co-9050184-ww,https://cdna.pcpartpicker.com/static/forever/images/product/af65d99502cba100b8ee2f86ca65728e.256p.jpg,120 mm,White,420 - 2100 RPM,13.3 - 72.8 CFM,10 - 36 dB,Yes,19.98
Thermalright TL-C12CW-S X3 3-Pack,https://pcpartpicker.com/product/XYPQzy/thermalright-tl-c12cw-s-x3-6617-cfm-120-mm-fans-3-pack-tl-c12cw-s-x3-d6,https://m.media-amazon.com/images/I/41MFGzgEQQL.jpg,120 mm,White,1550 RPM,66.17 CFM,25.6 dB,Yes,13.19
Lian Li UNI FAN SL Wireless 3-Pack,https://pcpartpicker.com/product/DCsV3C/lian-li-uni-fan-sl-wireless-6405-cfm-120-mm-fans-3-pack-12sl1w3w,https://cdna.pcpartpicker.com/static/forever/images/product/19ebb17240352499a7ac7fff20f5eff7.256p.jpg,120 mm,White,400 - 2000 RPM,64.05 CFM,28.5 dB,Yes,79.98
be quiet! Silent Wings Pro 4,https://pcpartpicker.com/product/L8NxFT/be-quiet-silent-wings-pro-4-9741-cfm-140-mm-fan-bl099,https://cdna.pcpartpicker.com/static/forever/images/product/00355ad4ed6754978440be4706cd661b.256p.jpg,140 mm,Black,2400 RPM,97.41 CFM,36.8 dB,Yes,29.40
Lian Li UNI FAN TL 120 3-Pack,https://pcpartpicker.com/product/T7grxr/lian-li-uni-fan-tl-120-901-cfm-120-mm-fans-3-pack-12tl3w,https://cdna.pcpartpicker.com/static/forever/images/product/f2c353a2ab0b485782e21ea3a7240d92.256p.jpg,120 mm,White,200 - 2600 RPM,90.1 CFM,33 dB,No,171.17
Noctua NF-A14x25 G2 PWM chromax.black,https://pcpartpicker.com/product/tqy8TW/noctua-nf-a14x25-g2-pwm-chromaxblack-9158-cfm-140-mm-fan-nf-a14x25-g2-pwm-chromaxblack,https://cdna.pcpartpicker.com/static/forever/images/product/cdde8d152883b33ab43da9f3c3defb41.256p.jpg,140 mm,Black,,0 - 91.58 CFM,0 - 24.8 dB,Yes,44.95
Corsair iCUE LINK LX120 RGB 3-Pack,https://pcpartpicker.com/product/HdLdnQ/corsair-icue-link-lx120-rgb-699-cfm-120-mm-fans-3-pack-co-9051026-ww,https://cdna.pcpartpicker.com/static/forever/images/product/4289ddce095f6004a6e3cbb06083823b.256p.jpg,120 mm,Black,400 - 2400 RPM,9.75 - 69.9 CFM,10 - 36 dB,Yes,99.99
Thermalright TL-M12Q-S X3 3-Pack,https://pcpartpicker.com/product/Qj9nTW/thermalright-tl-m12q-s-x3-689-cfm-120-mm-fans-3-pack-tl-m12q-s-x3,https://cdna.pcpartpicker.com/static/forever/images/product/27210d1a2829c241c4f8ca8ef5e4dfd1.256p.jpg,120 mm,Black,2000 RPM,68.9 CFM,28.2 dB,Yes,26.90
Thermalright TL-C12C-S,https://pcpartpicker.com/product/BM7scf/thermalright-tl-c12c-s-6617-cfm-120-mm-fan-tl-c12c-s,https://cdna.pcpartpicker.com/static/forever/images/product/af6e68e6a9c0f9803e9c8cf7b0eb82a3.256p.jpg,120 mm,Black,1550 RPM,66.17 CFM,25.6 dB,Yes,7.90
Thermalright TL-C12C-S X5 5-Pack,https://pcpartpicker.com/product/x3Kscf/thermalright-tl-c12c-s-x5-6617-cfm-120-mm-fans-5-pack-tl-c12c-s-x5,/static/forever/img/no-image.png,120 mm,Black,1550 RPM,66.17 CFM,25.6 dB,Yes,24.39
Lian Li UNI FAN SL-INF Wireless 3-Pack,https://pcpartpicker.com/product/N2WmP6/lian-li-uni-fan-sl-inf-wireless-697-cfm-120-mm-fans-3-pack-12rslin1w3w,https://cdna.pcpartpicker.com/static/forever/images/product/3e5e73e7f0832e7c69c1f5a9b9a0f386.256p.jpg,120 mm,White,200 - 2200 RPM,69.7 CFM,32.2 dB,Yes,104.90
NZXT F120 RGB Core,https://pcpartpicker.com/product/3HGhP6/nzxt-f120-rgb-core-7886-cfm-120-mm-fan-rf-c12sf-b1,https://cdna.pcpartpicker.com/static/forever/images/product/d3b7eba12fff50eab9f50e3a097d7b86.256p.jpg,120 mm,Black,500 - 1800 RPM,78.86 CFM,33.88 dB,Yes,19.98
Thermalright TL-C12C X5 5-Pack,https://pcpartpicker.com/product/rFBzK8/thermalright-tl-c12c-x5-6617-cfm-120-mm-fans-5-pack-tl-c12c-x5,https://m.media-amazon.com/images/I/41HbBvwSEXL.jpg,120 mm,Black,1550 RPM,66.17 CFM,25.6 dB,Yes,18.09
ARCTIC P12 Max,https://pcpartpicker.com/product/9r6NnQ/arctic-p12-max-8104-cfm-120-mm-fan-acfan00280a,https://cdna.pcpartpicker.com/static/forever/images/product/fbf33a60133ea406babd48a18a3dc583.256p.jpg,120 mm,Black,200 - 3300 RPM,81.04 CFM,,Yes,
Lian Li UNI FAN TL Wireless 3-Pack,https://pcpartpicker.com/product/GjcBD3/lian-li-uni-fan-tl-wireless-834-cfm-120-mm-fans-3-pack-12rtl1w3b,https://m.media-amazon.com/images/I/310IPoYd-5L.jpg,120 mm,Black,200 - 2300 RPM,83.4 CFM,34 dB,Yes,103.99
Lian Li UNI FAN SL-INF Wireless 3-Pack,https://pcpartpicker.com/product/njBFf7/lian-li-uni-fan-sl-inf-wireless-697-cfm-120-mm-fans-3-pack-12rslin1w3b,https://cdna.pcpartpicker.com/static/forever/images/product/74f82c3a97c64f6b54b90aefd6c14226.256p.jpg,120 mm,Black,200 - 2200 RPM,69.7 CFM,32.2 dB,Yes,104.99
be quiet! Pure Wings 3,https://pcpartpicker.com/product/QM26Mp/be-quiet-pure-wings-3-499-cfm-120-mm-fan-bl105,https://cdna.pcpartpicker.com/static/forever/images/product/b28130a638657a490849c499b4967907.256p.jpg,120 mm,Black,1600 RPM,49.9 CFM,25.5 dB,Yes,11.70
Noctua A12x15 PWM chromax.black.swap,https://pcpartpicker.com/product/FM3mP6/noctua-nf-a12x15-pwm-chromaxblackswap-5544-cfm-120-mm-fan-nf-a12x15-pwm-chromaxblackswap,https://cdna.pcpartpicker.com/static/forever/images/product/728bbf66c191e0bb6efc51465589ca00.256p.jpg,120 mm,Black / Multicolor,450 - 1850 RPM,55.44 CFM,23.9 dB,Yes,29.95
Noctua A14 PWM chromax.black.swap,https://pcpartpicker.com/product/sWM323/noctua-nf-a14-pwm-chromaxblackswap-825-cfm-140mm-fan-nf-a14-pwm-chromaxblackswap,https://m.media-amazon.com/images/I/41-tYGcIWEL.jpg,140 mm,Multicolor,300 - 1500 RPM,82.52 CFM,24.6 dB,Yes,28.95
Lian Li Uni Fan SL-Infinity 3-Pack,https://pcpartpicker.com/product/VDTFf7/lian-li-uni-fan-sl-infinity-636-cfm-120-mm-fans-3-pack-12rslin3w,https://cdna.pcpartpicker.com/static/forever/images/product/742b1299a0287db26785a96ef54aca31.256p.jpg,120 mm,White,200 - 2100 RPM,63.6 CFM,32 dB,Yes,
Lian Li Uni Fan SL-Infinity,https://pcpartpicker.com/product/JpjBD3/lian-li-uni-fan-sl-infinity-727-cfm-140-mm-fan-uf-slin140-1b,https://cdna.pcpartpicker.com/static/forever/images/product/045c4804b47542dfe92e31848b638e2c.256p.jpg,140 mm,Black,200 - 1600 RPM,72.7 CFM,28 dB,Yes,29.99
Corsair iCUE LINK LX120-R RGB 3-Pack,https://pcpartpicker.com/product/NFJp99/corsair-icue-link-lx120-r-rgb-70-cfm-120-mm-fans-3-pack-co-9051054-ww,https://cdna.pcpartpicker.com/static/forever/images/product/51f5b391d02b0744b9392a79d0e577f6.256p.jpg,120 mm,White,2400 RPM,70 CFM,35.1 dB,Yes,114.99
Lian Li UNI FAN SL Wireless 3-Pack,https://pcpartpicker.com/product/wtV2FT/lian-li-uni-fan-sl-wireless-6405-cfm-120-mm-fans-3-pack-12sl1w3b,https://cdna.pcpartpicker.com/static/forever/images/product/1c2e20edd0898dfa1d70f1621d91f878.256p.jpg,120 mm,Black,400 - 2000 RPM,64.05 CFM,28.5 dB,Yes,69.99
Noctua F12 industrialPPC-3000 PWM,https://pcpartpicker.com/product/Mb4gXL/noctua-case-fan-nff12industrialppc3000pwm,https://m.media-amazon.com/images/I/410jrJ5lx7L.jpg,120 mm,Brown / Black,750 - 3000 RPM,109.89 CFM,43.5 dB,Yes,29.95
Corsair iCUE LINK RX120 3-Pack,https://pcpartpicker.com/product/kPWJ7P/corsair-icue-link-rx120-742-cfm-120-mm-fans-3-pack-co-9051022-ww,https://cdna.pcpartpicker.com/static/forever/images/product/ad0bc7d6fae7382dd95ba296249375e8.256p.jpg,120 mm,White,2100 RPM,10.5 - 74.2 CFM,10 - 36 dB,No,84.99
ARCTIC P12 Pro Reverse A-RGB 3-Pack,https://pcpartpicker.com/product/s2fV3C/arctic-p12-pro-reverse-a-rgb-73-cfm-120-mm-fans-3-pack-acfan00334a,https://cdna.pcpartpicker.com/static/forever/images/product/ae83de5b6ddfcadc1e20c540a32af810.256p.jpg,120 mm,White,500 - 3000 RPM,73 CFM,,Yes,30.99
Lian Li Uni Fan SL-Infinity,https://pcpartpicker.com/product/vDC48d/lian-li-uni-fan-sl-infinity-727-cfm-140-mm-fan-uf-slin140-1w,https://cdna.pcpartpicker.com/static/forever/images/product/f57706dbd6a5d179ba12a67b30c792d7.256p.jpg,140 mm,White,200 - 1600 RPM,72.7 CFM,28 dB,Yes,36.40
Corsair iCUE ML RGB ELITE Premium 3-Pack,https://pcpartpicker.com/product/dND7YJ/corsair-icue-ml-rgb-elite-premium-581-cfm-120-mm-fans-3-pack-co-9050113-ww,https://cdna.pcpartpicker.com/static/forever/images/product/86385013ee39ba18c0601227b0504065.256p.jpg,120 mm,Black,450 - 2000 RPM,14.86 - 58.1 CFM,10 - 30.4 dB,Yes,222.98
ARCTIC P12 PWM PST,https://pcpartpicker.com/product/68WfrH/arctic-p12-pwm-pst-563-cfm-120-mm-fan-acfan00120a,https://cdna.pcpartpicker.com/static/forever/images/product/db1d3003e483e6f57fd4d886f48c3a03.256p.jpg,120 mm,Black,200 - 1800 RPM,56.3 CFM,,Yes,9.88
ARCTIC P12 Slim PWM PST 3-Pack,https://pcpartpicker.com/product/xBhv6h/arctic-p12-slim-pwm-pst-421-cfm-120-mm-fans-3-pack-acfan00275a,https://cdna.pcpartpicker.com/static/forever/images/product/af14c991bf13b2d8e78b00bb6a53327d.256p.jpg,120 mm,Black,300 - 2100 RPM,42.1 CFM,22.5 dB,Yes,22.34
ARCTIC P12 Pro A-RGB 3-Pack,https://pcpartpicker.com/product/GjKnTW/arctic-p12-pro-a-rgb-77-cfm-120-mm-fans-3-pack-acfan00326a,https://cdna.pcpartpicker.com/static/forever/images/product/57da80ce48cbc3d5371f33b9b289b88c.256p.jpg,120 mm,White,600 - 3000 RPM,77 CFM,,Yes,29.99
Noctua A14 industrialPPC-3000 PWM,https://pcpartpicker.com/product/ntXfrH/noctua-a14-industrialppc-3000-pwm-1585-cfm-140-mm-fan-nf-a14-industrialppc-3000-pwm,https://m.media-amazon.com/images/I/41BtrjQx5UL.jpg,140 mm,Brown / Black,800 - 3000 RPM,158.5 CFM,41.3 dB,Yes,32.95
ARCTIC P12 Pro Reverse A-RGB,https://pcpartpicker.com/product/DLKnTW/arctic-p12-pro-reverse-a-rgb-73-cfm-120-mm-fan-acfan00322a,https://cdna.pcpartpicker.com/static/forever/images/product/5948ebdbbc5d7cfb25a8c0b1aa8986de.256p.jpg,120 mm,Black,500 - 3000 RPM,73 CFM,,Yes,12.99
Noctua NF-A14x25 G2 PWM,https://pcpartpicker.com/product/WgRwrH/noctua-nf-a14x25-g2-pwm-916-cfm-140-mm-fan-nf-a14x25-g2-pwm,https://cdna.pcpartpicker.com/static/forever/images/product/b08ce15bc863d94f449517da25a7df48.256p.jpg,140 mm,Brown,1250 - 1500 RPM,74.8 - 91.6 CFM,19.7 - 24.8 dB,Yes,44.95
Noctua A12x25 PWM,https://pcpartpicker.com/product/zxx2FT/noctua-nf-a12x25-pwm-601-cfm-120mm-fan-nf-a12x25-pwm,https://cdna.pcpartpicker.com/static/forever/images/product/0678f7edda3cb1ccb18c4ae46ae94dce.256p.jpg,120 mm,Brown,450 - 2000 RPM,49.73 - 60.1 CFM,18.8 - 22.6 dB,Yes,34.90
Lian Li UNI FAN CL Wireless 3-Pack,https://pcpartpicker.com/product/4pQwrH/lian-li-uni-fan-cl-wireless-723-cfm-120-mm-fans-3-pack-12rcl1w3b,https://cdna.pcpartpicker.com/static/forever/images/product/ac806547023b0bc7ebf4a5e03ae9946f.256p.jpg,120 mm,Black,250 - 2100 RPM,72.3 CFM,30.8 dB,Yes,54.99
Thermalright TL-S12 X3 3-Pack,https://pcpartpicker.com/product/4zkH99/thermalright-tl-s12-x3-476-cfm-120-mm-fans-3-pack-tl-s12-x3,https://m.media-amazon.com/images/I/41BVJ6HFh5L.jpg,120 mm,Black,1500 RPM,47.6 CFM,23.2 dB,Yes,16.79
Thermalright TL-M12R,https://pcpartpicker.com/product/nfFCmG/thermalright-tl-m12r-426-cfm-120-mm-fan-tl-m12r,https://m.media-amazon.com/images/I/410nnwcySzL.jpg,120 mm,Black,1500 RPM,42.6 CFM,23.2 dB,Yes,7.29
NZXT F120Q (2024),https://pcpartpicker.com/product/DbJp99/nzxt-f120q-2024-7426-cfm-120-mm-fan-rf-q12sf-b2,https://cdna.pcpartpicker.com/static/forever/images/product/61cdf469b35dce9132380aa21e5bf19b.256p.jpg,120 mm,Black,500 - 1700 RPM,74.26 CFM,25.1 dB,Yes,14.99
ARCTIC P12 Pro PST,https://pcpartpicker.com/product/zMrp99/arctic-p12-pro-pst-77-cfm-120-mm-fan-acfan00308a,https://cdna.pcpartpicker.com/static/forever/images/product/5586bdca82f8d5f31423d08f1d73ca24.256p.jpg,120 mm,White,600 - 3000 RPM,77 CFM,,Yes,9.99
Noctua A12x15 PWM,https://pcpartpicker.com/product/rhQRsY/noctua-nf-a12x15-pwm-942-cfm-120mm-fan-nf-a12x15-pwm,https://m.media-amazon.com/images/I/514gIm4VMOL.jpg,120 mm,Brown,450 - 1850 RPM,41.67 - 55.44 CFM,16.8 - 23.9 dB,Yes,23.95
Corsair iCUE LINK QX120 RGB Starter Kit 3-Pack,https://pcpartpicker.com/product/LgP8TW/corsair-icue-link-qx120-rgb-starter-kit-631-cfm-120-mm-fans-3-pack-co-9051006-ww,https://cdna.pcpartpicker.com/static/forever/images/product/8f3438eda9d37525b52ab2be44037569.256p.jpg,120 mm,White,480 - 2400 RPM,16.44 - 63.1 CFM,,Yes,109.99
be quiet! Pure Wings 3,https://pcpartpicker.com/product/RRMMnQ/be-quiet-pure-wings-3-574-cfm-140-mm-fan-bl108,https://cdna.pcpartpicker.com/static/forever/images/product/20e2d98082b9902b2c1fda7345bd797c.256p.jpg,140 mm,Black,1200 RPM,57.4 CFM,21.9 dB,Yes,13.50
ARCTIC P14 Pro A-RGB,https://pcpartpicker.com/product/hWy8TW/arctic-p14-pro-a-rgb-110-cfm-140-mm-fan-acfan00315a,https://m.media-amazon.com/images/I/41xM9nvUf9L.jpg,140 mm,Black,400 - 2500 RPM,110 CFM,,Yes,14.49
ARCTIC P12 Pro Reverse,https://pcpartpicker.com/product/bmZWGX/arctic-p12-pro-reverse-73-cfm-120-mm-fan-acfan00331a,https://cdna.pcpartpicker.com/static/forever/images/product/f3dd497766467409f3d505e7433364b8.256p.jpg,120 mm,Black,500 - 3000 RPM,73 CFM,,Yes,8.99
Phanteks M25G2-120 D-RGB Reverse 3-Pack,https://pcpartpicker.com/product/CL2j4D/phanteks-m25g2-120-d-rgb-reverse-7369-cfm-120-mm-fans-3-pack-ph-f120m25r_g2_dbk01_3p,https://cdna.pcpartpicker.com/static/forever/images/product/0046c2d734c1d6351e091b207daaf00f.256p.jpg,120 mm,Black,350 - 2000 RPM,73.69 CFM,39.28 dB,Yes,42.98
Corsair RS120-R 3-Pack,https://pcpartpicker.com/product/kjvscf/corsair-rs120-r-6582-cfm-120-mm-fans-3-pack-co-9050196-ww,https://cdna.pcpartpicker.com/static/forever/images/product/82573a109a4cbdb97e3a4ff228b22d04.256p.jpg,120 mm,Black,420 - 2100 RPM,13.33 - 65.82 CFM,10 - 34.6 dB,Yes,44.99
Phanteks T30-120,https://pcpartpicker.com/product/LqrRsY/phanteks-t30-120-101-cfm-120-mm-fan-ph-f120t30_bg,https://cdna.pcpartpicker.com/static/forever/images/product/8c344cdb49ed49922789f78b1c9bac98.256p.jpg,120 mm,Black,,0 - 101 CFM,0 - 39.7 dB,Yes,36.98
Thermalright TL-M12R-S,https://pcpartpicker.com/product/Wpbypg/thermalright-tl-m12r-s-476-cfm-120-mm-fan-tl-m12r-s,https://m.media-amazon.com/images/I/41i2fIQs7bL.jpg,120 mm,Black,1500 RPM,47.6 CFM,23.2 dB,Yes,10.59
Corsair RS120,https://pcpartpicker.com/product/DqCZxr/corsair-rs120-728-cfm-120-mm-fan-co-9050188-ww,https://cdna.pcpartpicker.com/static/forever/images/product/1bfd7cf44d0aec51971c7cb5282c78f6.256p.jpg,120 mm,Black,420 - 2100 RPM,13.3 - 72.8 CFM,10 - 36 dB,Yes,14.99
ARCTIC P12 Pro A-RGB,https://pcpartpicker.com/product/L7gZxr/arctic-p12-pro-a-rgb-77-cfm-120-mm-fan-acfan00311a,https://cdna.pcpartpicker.com/static/forever/images/product/6b5e086110ed11bf92721519b72f9eb8.256p.jpg,120 mm,White,600 - 3000 RPM,77 CFM,,Yes,13.49
Lian Li UNI FAN SL Wireless LCD 3-Pack,https://pcpartpicker.com/product/c63NnQ/lian-li-uni-fan-sl-wireless-lcd-5145-cfm-120-mm-fans-3-pack-12rsllcd1w3w,https://cdna.pcpartpicker.com/static/forever/images/product/15baaf686102d1c7af31b4b9989e89be.256p.jpg,120 mm,White,350 - 1900 RPM,51.45 CFM,31 dB,Yes,129.99
Corsair iCUE LINK LX120 RGB 3-Pack,https://pcpartpicker.com/product/pfwmP6/corsair-icue-link-lx120-rgb-120-mm-fans-3-pack-co-9051030-ww,https://cdna.pcpartpicker.com/static/forever/images/product/8b8bf830957d0d3f8ba163129eb650a2.256p.jpg,120 mm,White,400 - 2400 RPM,,10 - 36 dB,Yes,114.99
NZXT F120 RGB Core,https://pcpartpicker.com/product/Rz6NnQ/nzxt-f120-rgb-core-7886-cfm-120-mm-fan-rf-c12sf-w1,https://m.media-amazon.com/images/I/31FyaRwrVCL.jpg,120 mm,White,500 - 1800 RPM,78.86 CFM,33.88 dB,Yes,25.48
Noctua A14 PWM,https://pcpartpicker.com/product/dwR48d/noctua-case-fan-nfa14pwm,https://images-eu.ssl-images-amazon.com/images/I/51WGw7ggbXL.jpg,140 mm,Brown,300 - 1500 RPM,68 - 82.5 CFM,19.2 - 24.6 dB,Yes,24.95
Lian Li UNI FAN SL Wireless LCD 3-Pack,https://pcpartpicker.com/product/CpZXsY/lian-li-uni-fan-sl-wireless-lcd-5145-cfm-120-mm-fans-3-pack-12rsllcd1w3b,https://cdna.pcpartpicker.com/static/forever/images/product/eb3a40e5f15060742f40f0f3e5d9d0d1.256p.jpg,120 mm,Black,350 - 1900 RPM,51.45 CFM,31 dB,Yes,129.99
Thermalright TL-C14C-S,https://pcpartpicker.com/product/HQxxFT/thermalright-tl-c14c-s-758-cfm-140-mm-fan-tl-c14c-s,https://m.media-amazon.com/images/I/41WNx4bdKOL.jpg,140 mm,Black,1500 RPM,75.8 CFM,26.4 dB,Yes,8.28
Thermalright TL-S12-S X3 3-Pack,https://pcpartpicker.com/product/4bV2FT/thermalright-tl-s12-s-x3-476-cfm-120-mm-fans-3-pack-tl-s12-s-x3,https://m.media-amazon.com/images/I/41dW0Qyl0iL.jpg,120 mm,Black,1500 RPM,47.6 CFM,23 - 23.2 dB,Yes,13.29
Thermalright TL-C12RB-S V2,https://pcpartpicker.com/product/gBzXsY/thermalright-tl-c12rb-s-v2-58-cfm-120-mm-fan-tl-c12rb-s-v2,https://m.media-amazon.com/images/I/41EVajn4ofL.jpg,120 mm,Black / White,1500 RPM,58 CFM,25.6 dB,Yes,8.90
Lian Li UNI FAN CL Wireless 3-Pack,https://pcpartpicker.com/product/ZcgZxr/lian-li-uni-fan-cl-wireless-7734-cfm-120-mm-fans-3-pack-12cl1w3b,https://cdna.pcpartpicker.com/static/forever/images/product/e9604a5bf19caebd6ae5424c0dfc8f69.256p.jpg,120 mm,Black,250 - 2150 RPM,77.34 CFM,29.8 dB,Yes,54.99
ARCTIC P12 Slim PWM PST,https://pcpartpicker.com/product/YCbTwP/arctic-p12-slim-pwm-pst-411-cfm-120-mm-fan-acfan00187a,https://cdna.pcpartpicker.com/static/forever/images/product/585539606f3c6e915473368a8855c26a.256p.jpg,120 mm,Black,300 - 2100 RPM,41.1 CFM,22.5 dB,Yes,9.99
NZXT F120 RGB 3-Pack,https://pcpartpicker.com/product/ptVmP6/nzxt-f120-rgb-5018-cfm-120-mm-fans-3-pack-rf-r12tf-b1,https://cdna.pcpartpicker.com/static/forever/images/product/599ca637ac99955d5bb39093be8517c8.256p.jpg,120 mm,Black,500 - 1800 RPM,13.94 - 50.18 CFM,17.2 - 27.5 dB,Yes,80.09
Lian Li UNI FAN TL Wireless 3-Pack,https://pcpartpicker.com/product/nGfV3C/lian-li-uni-fan-tl-wireless-901-cfm-120-mm-fans-3-pack-12tl1w3w,https://cdna.pcpartpicker.com/static/forever/images/product/e9f5d75f1f21eae858e9b45e7e40b594.256p.jpg,120 mm,White,200 - 2600 RPM,90.1 CFM,33 dB,Yes,94.99
DARKROCK F120 3-Pack,https://pcpartpicker.com/product/6WwD4D/darkrock-f120-120-mm-fans-3-pack-dr-fan-f120-bk-x3,https://m.media-amazon.com/images/I/41S4YoridrL.jpg,120 mm,Black,800 - 1600 RPM,,,Yes,14.99
Corsair iCUE LINK RX120 MAX RGB Starter Kit 3-Pack,https://pcpartpicker.com/product/2Q88TW/corsair-icue-link-rx120-max-rgb-starter-kit-713-cfm-120-mm-fans-3-pack-co-9051034-ww,https://cdna.pcpartpicker.com/static/forever/images/product/3965f89f55cc758a186c360ced3a04e6.256p.jpg,120 mm,Black,400 - 2000 RPM,16.3 - 71.3 CFM,10 - 29.5 dB,Yes,
Asiahorse Nyota,https://pcpartpicker.com/product/Y6ZWGX/asiahorse-nyota-615-cfm-120-mm-fan-nyota-a12-black-1pack-de,https://m.media-amazon.com/images/I/41r2IXOGy6L.jpg,120 mm,Black,800 - 2000 RPM,61.5 CFM,,Yes,
BGears b-Blaster,https://pcpartpicker.com/product/tQK2FT/bgears-b-blaster-140x38-308-cfm-140-mm-fan-b-blaster-140x38,https://cdna.pcpartpicker.com/static/forever/images/product/c7a2aa88cdeb6dbe80118c492a52d141.256p.jpg,140 mm,Black,5200 RPM,308 CFM,70 dB,No,31.99
Asus TUF Gaming TR120 ARGB 3-Pack,https://pcpartpicker.com/product/gvnXsY/asus-tuf-gaming-tr120-argb-774-cfm-120-mm-fans-3-pack-tuf-gaming-tr120-fan-argb-black-3in1,https://cdna.pcpartpicker.com/static/forever/images/product/bcbf23d68c3de917c0eb50cf2e162b46.256p.jpg,120 mm,Black,2000 RPM,77.4 CFM,29 dB,Yes,69.98
Thermalright TL-M12Q X3 3-Pack,https://pcpartpicker.com/product/kHqNnQ/thermalright-tl-m12q-x3-689-cfm-120-mm-fans-3-pack-tl-m12q-x3,https://cdna.pcpartpicker.com/static/forever/images/product/ab3e71c52aa2f953de5b1a84de81959e.256p.jpg,120 mm,Black,2000 RPM,68.9 CFM,28.2 dB,Yes,29.90
Noctua A9x14 HS-PWM chromax.Black.swap,https://pcpartpicker.com/product/NbpmP6/noctua-nf-a9x14-hs-pwm-chromaxblackswap-3384-cfm-92-mm-fan-nf-a9x14-hs-pwm-chromaxblackswap,https://m.media-amazon.com/images/I/410WTApJrLL.jpg,92 mm,Black / Multicolor,600 - 2500 RPM,33.84 CFM,23.6 dB,Yes,23.95
ARCTIC P14 Pro A-RGB 3-Pack,https://pcpartpicker.com/product/Hw8Pxr/arctic-p14-pro-a-rgb-110-cfm-140-mm-fans-3-pack-acfan00320a,https://m.media-amazon.com/images/I/415+88bjkRL.jpg,140 mm,Black,400 - 2500 RPM,110 CFM,,Yes,32.99
Lian Li UNI FAN TL LCD 120 Reverse Blade 3-Pack,https://pcpartpicker.com/product/G2n9TW/lian-li-uni-fan-tl-lcd-120-reverse-blade-834-cfm-120-mm-fans-3-pack-12rtllcd3b,https://cdna.pcpartpicker.com/static/forever/images/product/696db95601c70fe340bcf0387a198dcc.256p.jpg,120 mm,Black,,83.4 CFM,34 dB,Yes,
be quiet! Silent Wings 4,https://pcpartpicker.com/product/ZVpzK8/be-quiet-silent-wings-4-767-cfm-120-mm-fan-bl094,https://cdna.pcpartpicker.com/static/forever/images/product/0a976e588b9e1f78a411ff7123a511a9.256p.jpg,120 mm,Black,2500 RPM,76.7 CFM,32.1 - 31.2 dB,Yes,23.50
be quiet! Silent Wings 4,https://pcpartpicker.com/product/4Hytt6/be-quiet-silent-wings-4-513-cfm-140-mm-fan-bl096,https://cdna.pcpartpicker.com/static/forever/images/product/29f0237ef9e955fc60133b4ed4ccdf90.256p.jpg,140 mm,Black,1100 RPM,51.3 CFM,13.6 dB,Yes,24.88
Phanteks T30-120 3-Pack,https://pcpartpicker.com/product/YwmmP6/phanteks-t30-120-101-cfm-120-mm-fans-3-pack-ph-f120t30_bg_3p,https://cdna.pcpartpicker.com/static/forever/images/product/8bb52c1eb6f11b4eedf9846f3caad8e1.256p.jpg,120 mm,Black,,0 - 101 CFM,0 - 39.7 dB,Yes,114.99
Noctua A8 PWM,https://pcpartpicker.com/product/XK8H99/noctua-case-fan-nfa8pwm,https://m.media-amazon.com/images/I/41j4peCaNmL.jpg,80 mm,Brown,450 - 2200 RPM,25.84 - 32.66 CFM,13.8 - 17.7 dB,Yes,17.95
Thermalright TL-C12B-S V3 X3 3-Pack,https://pcpartpicker.com/product/yDmNnQ/thermalright-tl-c12b-s-v3-x3-6617-cfm-120-mm-fans-3-pack-tl-c12b-s-v3-x3,https://m.media-amazon.com/images/I/41UQRfs04qL.jpg,120 mm,Black,1500 RPM,66.17 CFM,25.6 dB,Yes,14.90
Thermalright TL-M12QRW X3 3-Pack,https://pcpartpicker.com/product/bRwD4D/thermalright-tl-m12qrw-x3-476-cfm-120-mm-fans-3-pack-tl-m12qrw-x3,https://cdna.pcpartpicker.com/static/forever/images/product/b7898ed6bae539b9e00bc603766b4eb8.256p.jpg,120 mm,White,1500 RPM,47.6 CFM,23.2 dB,Yes,29.90
be quiet! Pure Wings 3 PWM 3-Pack,https://pcpartpicker.com/product/x79nTW/be-quiet-pure-wings-3-pwm-471-cfm-120-mm-fans-3-pack-bl137,https://cdna.pcpartpicker.com/static/forever/images/product/1d13716e108f2e92d2d0632388a0a3eb.256p.jpg,120 mm,Black,1500 RPM,47.1 CFM,28.5 dB,Yes,32.90
be quiet! Light Wings PWM high-speed 3-Pack,https://pcpartpicker.com/product/KyZ9TW/be-quiet-light-wings-pwm-high-speed-523-cfm-120-mm-fans-3-pack-bl077,https://cdna.pcpartpicker.com/static/forever/images/product/4ae9ee05e9d1f1022f1c2a548a9f2244.256p.jpg,120 mm,Black,2500 RPM,52.3 CFM,31 dB,Yes,69.90
Corsair RS120-R 3-Pack,https://pcpartpicker.com/product/rm2j4D/corsair-rs120-r-6582-cfm-120-mm-fans-3-pack-co-9050197-ww,https://cdna.pcpartpicker.com/static/forever/images/product/bbfac85258868576898f0b71f61f218e.256p.jpg,120 mm,White,420 - 2100 RPM,13.33 - 65.82 CFM,10 - 34.6 dB,Yes,44.99
ARCTIC P14 Pro Reverse A-RGB 3-Pack,https://pcpartpicker.com/product/rKLp99/arctic-p14-pro-reverse-a-rgb-98-cfm-140-mm-fans-3-pack-acfan00327a,https://m.media-amazon.com/images/I/41NqR-YKeXL.jpg,140 mm,Black,400 - 2650 RPM,98 CFM,,Yes,33.99
Noctua F12 PWM,https://pcpartpicker.com/product/b2vRsY/noctua-nf-f12-pwm-5497-cfm-120-mm-fan-nf-f12-pwm,https://m.media-amazon.com/images/I/51XJUg1ka3L.jpg,120 mm,Brown,300 - 1500 RPM,43.73 - 54.97 CFM,18.6 - 22.4 dB,Yes,21.95
Lian Li UNI FAN SL-INF Wireless 3-Pack,https://pcpartpicker.com/product/fD7MnQ/lian-li-uni-fan-sl-inf-wireless-67-cfm-120-mm-fans-3-pack-12slin1w3w,https://cdna.pcpartpicker.com/static/forever/images/product/3e5e73e7f0832e7c69c1f5a9b9a0f386.256p.jpg,120 mm,White,200 - 2300 RPM,67 CFM,29.2 dB,Yes,99.99
Lian Li UNI FAN TL LCD Wireless 3-Pack,https://pcpartpicker.com/product/4NNscf/lian-li-uni-fan-tl-lcd-wireless-62-cfm-120-mm-fans-3-pack-12tllcd1w3w,https://cdna.pcpartpicker.com/static/forever/images/product/eaef77cb8e2e089a0c3ac81de38429e5.256p.jpg,120 mm,White,350 - 1900 RPM,62 CFM,27 dB,Yes,134.99
Phanteks M25G2-120 D-RGB 3-Pack,https://pcpartpicker.com/product/whgZxr/phanteks-m25g2-120-d-rgb-7272-cfm-120-mm-fans-3-pack-ph-f120m25_g2_dbk01-_3p,https://cdna.pcpartpicker.com/static/forever/images/product/0046c2d734c1d6351e091b207daaf00f.256p.jpg,120 mm,Black,350 - 2000 RPM,72.72 CFM,35.13 dB,Yes,36.99
DARKROCK BK3 3-Pack,https://pcpartpicker.com/product/WQxTwP/darkrock-bk3-478-cfm-120-mm-fans-3-pack-bk3,https://m.media-amazon.com/images/I/41VV8KbXiGL.jpg,120 mm,Black,1200 RPM,47.8 CFM,32.1 dB,No,8.99
Lian Li UNI FAN SL V2 120 Reverse,https://pcpartpicker.com/product/CvvD4D/lian-li-uni-fan-sl-v2-120-reverse-654-cfm-120-mm-fan-rsl120v2-1b,https://cdna.pcpartpicker.com/static/forever/images/product/f00eaf78eeb39a955822d953baa9b60d.256p.jpg,120 mm,Black,250 - 2000 RPM,65.4 CFM,32 dB,Yes,
Lian Li UNI FAN TL LCD 120 3-Pack,https://pcpartpicker.com/product/Nsgrxr/lian-li-uni-fan-tl-lcd-120-901-cfm-120-mm-fans-3-pack-12tllcd3b,https://cdna.pcpartpicker.com/static/forever/images/product/898f2b2f4de6f465ef17e153d900bedd.256p.jpg,120 mm,Black,,90.1 CFM,33 dB,Yes,136.99
Montech AX120,https://pcpartpicker.com/product/bfCZxr/montech-ax120-59-cfm-120-mm-fan-ax120-pwm-black,https://cdna.pcpartpicker.com/static/forever/images/product/82033a9279fc751a45c74f1d11ad0ceb.256p.jpg,120 mm,Black,800 - 1600 RPM,59 CFM,27 dB,Yes,9.99
Lian Li UNI FAN TL LCD Wireless 3-Pack,https://pcpartpicker.com/product/YWXMnQ/lian-li-uni-fan-tl-lcd-wireless-62-cfm-120-mm-fans-3-pack-12tllcd1w3b,https://cdna.pcpartpicker.com/static/forever/images/product/68329d678f0b553c32de0d5ae35d775f.256p.jpg,120 mm,Black,350 - 1900 RPM,62 CFM,27 dB,Yes,124.99
Lian Li UNI FAN SL-INF Wireless 3-Pack,https://pcpartpicker.com/product/4JgZxr/lian-li-uni-fan-sl-inf-wireless-67-cfm-120-mm-fans-3-pack-12slin1w3b,https://cdna.pcpartpicker.com/static/forever/images/product/74f82c3a97c64f6b54b90aefd6c14226.256p.jpg,120 mm,Black,200 - 2300 RPM,67 CFM,29.2 dB,Yes,100.99
Lian Li UNI FAN SL V2 120 Reverse,https://pcpartpicker.com/product/cPhv6h/lian-li-uni-fan-sl-v2-120-reverse-654-cfm-120-mm-fan-rsl120v2-1w,https://cdna.pcpartpicker.com/static/forever/images/product/c99cdfbda7281243844a1b8acebacc03.256p.jpg,120 mm,White,250 - 2000 RPM,65.4 CFM,32 dB,Yes,
Corsair iCUE LINK RX140 2-Pack,https://pcpartpicker.com/product/2NHqqs/corsair-icue-link-rx140-957-cfm-140-mm-fans-2-pack-co-9051020-ww,https://cdna.pcpartpicker.com/static/forever/images/product/d24c42eed3230bb8350a883a3fbedff6.256p.jpg,140 mm,Black / White,1700 RPM,18.1 - 95.7 CFM,10 - 36 dB,No,89.99
Corsair RS120 3-Pack,https://pcpartpicker.com/product/sL88TW/corsair-rs120-728-cfm-120-mm-fans-3-pack-co-9050193-ww,https://cdna.pcpartpicker.com/static/forever/images/product/290ff96b1f30c580f4aa661f7b34b2a7.256p.jpg,120 mm,White,420 - 2100 RPM,13.3 - 72.8 CFM,10 - 36 dB,Yes,44.99
ARCTIC S12038-8K 3-Pack,https://pcpartpicker.com/product/njjRsY/arctic-s12038-8k-220-cfm-120-mm-fans-3-pack-acfan00302a,https://m.media-amazon.com/images/I/41ISlTnxrDL.jpg,120 mm,Black,800 - 8000 RPM,220 CFM,,Yes,39.99
Thermalright TL-P12W-S,https://pcpartpicker.com/product/7ffxFT/thermalright-tl-p12w-s-5286-cfm-120-mm-fan-tl-p12w-s,https://m.media-amazon.com/images/I/41vwHYPSLVL.jpg,120 mm,White,1500 RPM,52.86 CFM,22.1 dB,Yes,5.39
Corsair iCUE LINK QX140 RGB Starter Kit 2-Pack,https://pcpartpicker.com/product/nBrqqs/corsair-icue-link-qx140-rgb-starter-kit-825-cfm-140-mm-fans-2-pack-co-9051004-ww,https://cdna.pcpartpicker.com/static/forever/images/product/2bb0d86bb070e6b864aeebabb5d6b42d.256p.jpg,140 mm,Black,400 - 2000 RPM,12.1 - 82.5 CFM,,Yes,149.99
Lian Li UNI FAN TL Wireless 3-Pack,https://pcpartpicker.com/product/M3FCmG/lian-li-uni-fan-tl-wireless-834-cfm-120-mm-fans-3-pack-12rtl1w3w,https://cdna.pcpartpicker.com/static/forever/images/product/1da48769cce7ea8e8af5ace9cf5bbbfc.256p.jpg,120 mm,White,200 - 2300 RPM,83.4 CFM,34 dB,Yes,99.99
Asus ROG STRIX XF,https://pcpartpicker.com/product/L2stt6/asus-rog-strix-xf-120-625-cfm-120-mm-fan-rog-strix-xf-120,https://cdna.pcpartpicker.com/static/forever/images/product/5367609ba2ba991fea41ef5f5c6010cc.256p.jpg,120 mm,Black,1800 RPM,62.5 CFM,22.5 dB,Yes,13.99
Asiahorse Nyota 3-Pack,https://pcpartpicker.com/product/nsFCmG/asiahorse-nyota-615-cfm-120-mm-fans-3-pack-nyota-a12-white-3pack-de,https://m.media-amazon.com/images/I/41Tldw+rzYL.jpg,120 mm,White,800 - 2000 RPM,61.5 CFM,,Yes,
Thermalright TL-C12CW-S,https://pcpartpicker.com/product/WhRwrH/thermalright-tl-c12cw-s-6617-cfm-120-mm-fan-tl-c12cw-s,https://cdna.pcpartpicker.com/static/forever/images/product/4c80947e5728d77b511f428c5b6af738.256p.jpg,120 mm,White,1550 RPM,66.17 CFM,25.6 dB,Yes,6.69
Corsair RS140 ARGB,https://pcpartpicker.com/product/gbmNnQ/corsair-rs140-argb-955-cfm-140-mm-fan-co-9050182-ww,https://cdna.pcpartpicker.com/static/forever/images/product/28fb2efdef67bca916753b0442fe0a06.256p.jpg,140 mm,Black,330 - 1700 RPM,14.6 - 95.5 CFM,10 - 36 dB,Yes,24.99
Thermaltake Riing Quad 14 RGB Radiator TT Premium Edition 3-Pack,https://pcpartpicker.com/product/7zpmP6/thermaltake-riing-quad-14-rgb-radiator-fan-tt-6017-cfm-140-mm-fans-3-pack-cl-f101-pl14sw-b,https://cdna.pcpartpicker.com/static/forever/images/product/1eb86eab6e522e331386983a334205f4.256p.jpg,140 mm,White,500 - 1400 RPM,60.17 CFM,26.1 dB,Yes,64.98
Phanteks D30-120 Reversed 3-Pack,https://pcpartpicker.com/product/hrV2FT/phanteks-d30-120-reversed-615-cfm-120-mm-fans-3-pack-ph-f120d30r_drgb_pwm_bk01_3p,https://cdna.pcpartpicker.com/static/forever/images/product/a2442a0a35374d7415c70aafbc9d0d88.256p.jpg,120 mm,Black,250 - 2000 RPM,61.5 CFM,31.8 dB,Yes,99.99
Thermalright TL-M12Q,https://pcpartpicker.com/product/sfkqqs/thermalright-tl-m12q-689-cfm-120-mm-fan-tl-m12q,https://cdna.pcpartpicker.com/static/forever/images/product/ef43b2473686004d17c322083421985b.256p.jpg,120 mm,Black,2000 RPM,68.9 CFM,28.2 dB,Yes,9.90
Thermalright TL-C14C,https://pcpartpicker.com/product/2p4Zxr/thermalright-tl-c14c-758-cfm-140-mm-fan-tl-c14c,https://m.media-amazon.com/images/I/411jmROX1ML.jpg,140 mm,Black,1500 RPM,75.8 CFM,26.4 dB,Yes,7.99
NZXT F120 RGB Core 3-Pack,https://pcpartpicker.com/product/97RwrH/nzxt-f120-rgb-core-7886-cfm-120-mm-fans-3-pack-rf-c12tf-b1,https://m.media-amazon.com/images/I/41dKWCLIduL.jpg,120 mm,Black,500 - 1800 RPM,78.86 CFM,33.88 dB,Yes,
Thermalright TL-S12,https://pcpartpicker.com/product/YsmNnQ/thermalright-tl-s12-476-cfm-120-mm-fan-tl-s12,https://m.media-amazon.com/images/I/41NT0BmmlPL.jpg,120 mm,Black,1500 RPM,47.6 CFM,23.2 dB,Yes,7.09
Thermalright TL-M12,https://pcpartpicker.com/product/Qg4Zxr/thermalright-tl-m12-476-cfm-120-mm-fan-tl-m12,https://m.media-amazon.com/images/I/41naUkxs4vL.jpg,120 mm,Black,1500 RPM,47.6 CFM,23.2 dB,Yes,7.29
Thermalright TL-C12CW-S X5 5-Pack,https://pcpartpicker.com/product/kMqrxr/thermalright-tl-c12cw-s-x5-6617-cfm-120-mm-fans-5-pack-tl-c12cw-s-x5,/static/forever/img/no-image.png,120 mm,White,1550 RPM,66.17 CFM,25.6 dB,Yes,20.90
Xigmatek eXTREME SILENT,https://pcpartpicker.com/product/vpCwrH/xigmatek-xsf-f8252-36-cfm-80-mm-fan-xsf-f8252,https://m.media-amazon.com/images/I/41TFoJQOuWL.jpg,80 mm,Black,2200 RPM,36 CFM,24 dB,No,5.49
be quiet! Light Wings LX 3-Pack,https://pcpartpicker.com/product/s2tLrH/be-quiet-light-wings-lx-618-cfm-120-mm-fans-3-pack-bl124,https://cdna.pcpartpicker.com/static/forever/images/product/334ac229fc80499d3121cf51f953029a.256p.jpg,120 mm,Black,2100 RPM,61.8 CFM,30.9 dB,Yes,47.50
Montech RX120,https://pcpartpicker.com/product/6Fqrxr/montech-rx120-59-cfm-120-mm-fan-rx120-pwm-black,https://cdna.pcpartpicker.com/static/forever/images/product/3121276562b9256673a3cbcf013ab3e9.256p.jpg,120 mm,Black,800 - 1600 RPM,59 CFM,27 dB,Yes,12.90
ARCTIC P14 Pro A-RGB,https://pcpartpicker.com/product/ptrp99/arctic-p14-pro-a-rgb-110-cfm-140-mm-fan-acfan00318a,https://m.media-amazon.com/images/I/41ItcZmrPHL.jpg,140 mm,White,400 - 2500 RPM,110 CFM,,Yes,15.49
Thermalright TL-C12B-S V3,https://pcpartpicker.com/product/s6Kscf/thermalright-tl-c12b-s-v3-6617-cfm-120-mm-fan-tl-c12b-s-v3,https://m.media-amazon.com/images/I/510y5TnSOlL.jpg,120 mm,Black,1500 RPM,66.17 CFM,25.6 dB,Yes,6.79
ARCTIC P12 5-Pack,https://pcpartpicker.com/product/t7WBD3/arctic-p12-563-cfm-120-mm-fans-5-pack-acfan00135a,https://cdna.pcpartpicker.com/static/forever/images/product/eaa12e42df4b0de6e4e6fb13480f4c5e.256p.jpg,120 mm,Black,1800 RPM,56.3 CFM,,No,23.98
Lian Li UNI FAN TL LCD 120 3-Pack,https://pcpartpicker.com/product/LppQzy/lian-li-uni-fan-tl-lcd-120-901-cfm-120-mm-fans-3-pack-12tllcd3w,https://cdna.pcpartpicker.com/static/forever/images/product/1b6cfc9881c3b151af05e337285b6e78.256p.jpg,120 mm,White,,90.1 CFM,33 dB,Yes,69.99
Noctua A20 PWM chromax.black.swap,https://pcpartpicker.com/product/2WfFf7/noctua-nf-a20-pwm-chromaxblackswap-8646-cfm-200-mm-fan-nf-a20-pwm-chromaxblackswap,https://m.media-amazon.com/images/I/417fThkW+wL.jpg,200 mm,Black / Multicolor,350 - 800 RPM,86.46 CFM,18.1 dB,Yes,39.95
NZXT F140Q (2024),https://pcpartpicker.com/product/cZMMnQ/nzxt-f140q-2024-1029-cfm-140-mm-fan-rf-q14sf-b2,https://cdna.pcpartpicker.com/static/forever/images/product/d678ec7e6a4f568335198a428f56b0a8.256p.jpg,140 mm,Black,500 - 1500 RPM,102.9 CFM,29.8 dB,Yes,16.98
Thermalright TL-M12QW-S X3 3-Pack,https://pcpartpicker.com/product/FWLp99/thermalright-tl-m12qw-s-x3-689-cfm-120-mm-fans-3-pack-tl-m12qw-s-x3,https://cdna.pcpartpicker.com/static/forever/images/product/97e0887ae66156c5efa81649efede628.256p.jpg,120 mm,White,2000 RPM,68.9 CFM,28.2 dB,Yes,26.90
Noctua P14s redux-1500 PWM,https://pcpartpicker.com/product/8r9KHx/noctua-case-fan-nfp14sredux1500pwm,https://cdna.pcpartpicker.com/static/forever/images/product/4cbe58187d79db69c868c79b9e68a066.256p.jpg,140 mm,Black / Gray,450 - 1500 RPM,78.69 CFM,25.8 dB,Yes,17.95
NZXT F120P (2024),https://pcpartpicker.com/product/KP4Zxr/nzxt-f120p-2024-7347-cfm-120-mm-fan-rf-p12sf-b2,https://cdna.pcpartpicker.com/static/forever/images/product/5f172d2a3dee2e85d63d389c98baa0a7.256p.jpg,120 mm,Black,500 - 2000 RPM,73.47 CFM,30 dB,Yes,14.99
NZXT F120 RGB 3-Pack,https://pcpartpicker.com/product/HwGbt6/nzxt-f120-rgb-5018-cfm-120-mm-fans-3-pack-rf-r12tf-w1,https://cdna.pcpartpicker.com/static/forever/images/product/667a9697bee4ef013405d1c4550f2a16.256p.jpg,120 mm,White,500 - 1800 RPM,13.94 - 50.18 CFM,17.2 - 27.5 dB,Yes,83.70
ARCTIC P12 Pro Reverse A-RGB,https://pcpartpicker.com/product/CxCCmG/arctic-p12-pro-reverse-a-rgb-73-cfm-120-mm-fan-acfan00325a,https://cdna.pcpartpicker.com/static/forever/images/product/c23de604fdc23863f32bc9a7af644a4b.256p.jpg,120 mm,White,500 - 3000 RPM,73 CFM,,Yes,13.99
Corsair iCUE LINK LX140-R RGB 2-Pack,https://pcpartpicker.com/product/LBgrxr/corsair-icue-link-lx140-r-rgb-90-cfm-140-mm-fans-2-pack-co-9051052-ww,https://cdna.pcpartpicker.com/static/forever/images/product/61d67eef0e9e18fa1a13d604f7305653.256p.jpg,140 mm,Black,2000 RPM,90 CFM,35.4 dB,Yes,119.99
Noctua F12 PWM chromax.black.swap,https://pcpartpicker.com/product/cFwqqs/noctua-nf-f12-pwm-chromaxblackswap-550-cfm-120mm-fan-nf-f12-pwm-chromaxblackswap,https://cdna.pcpartpicker.com/static/forever/images/product/87a8577828f0ab07410d5039b0a284a9.256p.jpg,120 mm,Multicolor,300 - 1500 RPM,54.97 CFM,22.4 dB,Yes,26.95
Lian Li UNI FAN SL V2,https://pcpartpicker.com/product/t87G3C/lian-li-uni-fan-sl-v2-645-cfm-120-mm-fan-sl120v2-1b,https://cdna.pcpartpicker.com/static/forever/images/product/e420af364f065aa56a02bbdd049a1742.256p.jpg,120 mm,Black / Silver,250 - 2000 RPM,64.5 CFM,29.2 dB,Yes,
Lian Li UNI FAN CL Wireless 3-Pack,https://pcpartpicker.com/product/YdG2FT/lian-li-uni-fan-cl-wireless-7734-cfm-120-mm-fans-3-pack-12cl1w3w,https://cdna.pcpartpicker.com/static/forever/images/product/cca957ee4d4e20b6976aa9457dcca9e0.256p.jpg,120 mm,White,250 - 2150 RPM,77.34 CFM,29.8 dB,Yes,54.00
ARCTIC P12,https://pcpartpicker.com/product/HGGnTW/arctic-p12-563-cfm-120-mm-fan-acfan00118a,https://cdna.pcpartpicker.com/static/forever/images/product/26033541043d539ea2de7cdeb31208e5.256p.jpg,120 mm,Black,1800 RPM,56.3 CFM,,No,8.49
Thermalright TL-S12RW X3 3-Pack,https://pcpartpicker.com/product/D63NnQ/thermalright-tl-s12rw-x3-476-cfm-120-mm-fans-3-pack-tl-s12rw-x3,https://m.media-amazon.com/images/I/4107Dhcp6wL.jpg,120 mm,White,1500 RPM,47.6 CFM,23.2 dB,Yes,14.90
Phanteks M25G2-120 3-Pack,https://pcpartpicker.com/product/n7TFf7/phanteks-m25g2-120-7272-cfm-120-mm-fans-3-pack-ph-f120m25_g2_bbk01_3p,https://cdna.pcpartpicker.com/static/forever/images/product/7382a270385b53e4d2ae99b12a29ead4.256p.jpg,120 mm,Black,350 - 2000 RPM,72.72 CFM,35.13 dB,Yes,22.98
Corsair LL120 3-Pack,https://pcpartpicker.com/product/ydRzK8/corsair-ll120-rgb-white-63-cfm-120-mm-fans-3-pack-co-9050092-ww,https://cdna.pcpartpicker.com/static/forever/images/product/e6ac2b8f1c95a27dce253b46660bec67.256p.jpg,120 mm,White,2200 RPM,63 CFM,36 dB,Yes,109.89
Thermalright TL-M12QW X3 3-Pack,https://pcpartpicker.com/product/rqrp99/thermalright-tl-m12qw-x3-689-cfm-120-mm-fans-3-pack-tl-m12qw-x3,https://cdna.pcpartpicker.com/static/forever/images/product/beb59050f3e0ba9d69ba835fdc644303.256p.jpg,120 mm,White,2000 RPM,68.9 CFM,28.2 dB,Yes,29.90
ARCTIC P14 Pro,https://pcpartpicker.com/product/XxWmP6/arctic-p14-pro-110-cfm-140-mm-fan-acfan00313a,https://m.media-amazon.com/images/I/41Yvde-cHmL.jpg,140 mm,Black,400 - 2500 RPM,110 CFM,,Yes,9.99
Corsair RS140 ARGB 2-Pack,https://pcpartpicker.com/product/Kp7scf/corsair-rs140-argb-955-cfm-140-mm-fans-2-pack-co-9050183-ww,https://cdna.pcpartpicker.com/static/forever/images/product/39d263f0df09d1e5b39d96aa0839470e.256p.jpg,140 mm,Black,330 - 1700 RPM,14.6 - 95.5 CFM,10 - 36 dB,Yes,49.99
DARKROCK F120 3-Pack,https://pcpartpicker.com/product/jrnXsY/darkrock-f120-120-mm-fans-3-pack-dr-fan-f120-wt-x3,https://m.media-amazon.com/images/I/41WMbm9ebTL.jpg,120 mm,White,800 - 1600 RPM,,,Yes,14.99
NZXT F RGB Core,https://pcpartpicker.com/product/rmDQzy/nzxt-f-rgb-core-8948-cfm-140-mm-fan-rf-c14sf-w1,https://m.media-amazon.com/images/I/31Pm2PXqoRL.jpg,140 mm,White,500 - 1800 RPM,24.85 - 89.48 CFM,20 - 32.5 dB,Yes,21.99
Thermalright TL-M12QR,https://pcpartpicker.com/product/dWPv6h/thermalright-tl-m12qr-476-cfm-120-mm-fan-tl-m12qr,https://m.media-amazon.com/images/I/41riwK5JsfL.jpg,120 mm,Black,1500 RPM,47.6 CFM,23.2 dB,Yes,10.19
ARCTIC P14 Pro Reverse A-RGB,https://pcpartpicker.com/product/xwnXsY/arctic-p14-pro-reverse-a-rgb-98-cfm-140-mm-fan-acfan00323a,https://cdna.pcpartpicker.com/static/forever/images/product/902bbf9cd60776784f3ae6a72cb169fe.256p.jpg,140 mm,Black,400 - 2650 RPM,98 CFM,,Yes,14.99
Phanteks D30-120,https://pcpartpicker.com/product/dWbRsY/phanteks-d30-120-643-cfm-120-mm-fan-ph-f120d30_drgb_pwm_bk01,https://cdna.pcpartpicker.com/static/forever/images/product/bafe79f2d8eb41c754cb9bfd1eeb0673.256p.jpg,120 mm,Black,250 - 2000 RPM,64.3 CFM,30.2 dB,Yes,31.98
Asiahorse Nyota 3-Pack,https://pcpartpicker.com/product/4FnXsY/asiahorse-nyota-615-cfm-120-mm-fans-3-pack-nyota-a12-black-3pack-de,https://m.media-amazon.com/images/I/41tEHFQ1UzL.jpg,120 mm,Black,800 - 2000 RPM,61.5 CFM,,Yes,
Thermalright TL-M12QW,https://pcpartpicker.com/product/yB4Pxr/thermalright-tl-m12qw-689-cfm-120-mm-fan-tl-m12qw,https://m.media-amazon.com/images/I/41Xba7tNYUL.jpg,120 mm,White,2000 RPM,68.9 CFM,28.2 dB,Yes,10.90
Phanteks M25G2-120,https://pcpartpicker.com/product/f9G2FT/phanteks-m25g2-120-7272-cfm-120-mm-fan-ph-f120m25_g2_bbk01,https://cdna.pcpartpicker.com/static/forever/images/product/7aa34a3f9fe8f73bbcadd0bedc72a5ef.256p.jpg,120 mm,Black,350 - 2000 RPM,72.72 CFM,35.13 dB,Yes,12.98
ARCTIC P8 Max,https://pcpartpicker.com/product/HMXV3C/arctic-p8-max-40-cfm-80-mm-fan-acfan00286a,https://cdna.pcpartpicker.com/static/forever/images/product/68f393ff83bf02a2ee31f05169bb783c.256p.jpg,80 mm,Black,500 - 5000 RPM,40 CFM,25.3 dB,Yes,8.99
Thermalright TL-K12,https://pcpartpicker.com/product/TfRwrH/thermalright-tl-k12-69-cfm-120-mm-fan-tl-k12,https://m.media-amazon.com/images/I/51cQS+M5Y9L.jpg,120 mm,Black,2150 RPM,69 CFM,27 dB,Yes,11.59
Noctua R8 redux-1800 PWM,https://pcpartpicker.com/product/Bj8Zxr/noctua-case-fan-nfr8redux1800pwm,https://m.media-amazon.com/images/I/41-xPu3dyfL.jpg,80 mm,Black / Gray,325 - 1800 RPM,31.37 CFM,17.1 dB,Yes,13.95
Thermalright TL-M,https://pcpartpicker.com/product/mHKscf/thermalright-tl-m-476-cfm-120-mm-fan-tl-m12w,https://m.media-amazon.com/images/I/4161G-mWzqL.jpg,120 mm,White,1500 RPM,47.6 CFM,23.2 dB,Yes,7.90
Thermalright TL-C12C,https://pcpartpicker.com/product/PgTp99/thermalright-tl-c12c-6617-cfm-120-mm-fan-tl-c12c-d6,https://m.media-amazon.com/images/I/41I67AXFjrL.jpg,120 mm,Black,1550 RPM,66.17 CFM,25.6 dB,Yes,
Lian Li UNI FAN CL Wireless 3-Pack,https://pcpartpicker.com/product/fdG2FT/lian-li-uni-fan-cl-wireless-723-cfm-120-mm-fans-3-pack-12rcl1w3w,https://cdna.pcpartpicker.com/static/forever/images/product/13adbd45f666f47dcc7fb10d20bc7616.256p.jpg,120 mm,White,250 - 2100 RPM,72.3 CFM,30.8 dB,Yes,54.00
Cooler Master MasterFan MF120 Halo² 3in1 3-Pack,https://pcpartpicker.com/product/Jv88TW/cooler-master-masterfan-mf120-halo2-3in1-5188-cfm-120-mm-fans-3-pack-mfl-b2dn-213p2-r2,https://cdna.pcpartpicker.com/static/forever/images/product/1b233f0cb48d96054a90a4ef424824dc.256p.jpg,120 mm,Black,1 - 2050 RPM,51.88 CFM,27 dB,Yes,49.06
DARKROCK R120 2-Pack,https://pcpartpicker.com/product/zVgZxr/darkrock-r120-120-mm-fans-2-pack-dr-fan-r120-bk-x2,https://m.media-amazon.com/images/I/416cPGk9UoL.jpg,120 mm,Black,800 - 1600 RPM,,27.7 dB,Yes,14.99
be quiet! Light Wings PWM high-speed 3-Pack,https://pcpartpicker.com/product/FFpzK8/be-quiet-light-wings-pwm-high-speed-717-cfm-140-mm-fans-3-pack-bl079,https://cdna.pcpartpicker.com/static/forever/images/product/bd2b4faf0b803857e0538a00aa1b4bcb.256p.jpg,140 mm,Black,2200 RPM,71.7 CFM,31 dB,Yes,64.90
Thermaltake CT120 EX Reverse ARGB Sync 3-Pack,https://pcpartpicker.com/product/QWxxFT/thermaltake-ct120-ex-reverse-argb-sync-6582-cfm-120-mm-fans-3-pack-cl-f192-pl12sw-a,https://cdna.pcpartpicker.com/static/forever/images/product/c2d0cfbfe8fb51a82c9e72dfede9c028.256p.jpg,120 mm,Black,500 - 2000 RPM,65.82 CFM,31.2 dB,Yes,54.99
Lian Li UNI FAN TL 120 Reverse Blade 3-Pack,https://pcpartpicker.com/product/ZdwmP6/lian-li-uni-fan-tl-120-reverse-blade-834-cfm-120-mm-fans-3-pack-12rtl3b,https://cdna.pcpartpicker.com/static/forever/images/product/77227dd2e817f86f4139d0300cff5d5f.256p.jpg,120 mm,Black,200 - 2300 RPM,83.4 CFM,34 dB,No,
Thermalright TL-C12W-S V3 X3 3-Pack,https://pcpartpicker.com/product/PbV2FT/thermalright-tl-c12w-s-v3-x3-6617-cfm-120-mm-fans-3-pack-tl-c12w-s-v3-x3,https://m.media-amazon.com/images/I/41BJWi+DfvL.jpg,120 mm,White,1500 RPM,66.17 CFM,25.6 dB,Yes,13.90
Corsair LL120 3-Pack,https://pcpartpicker.com/product/8KFXsY/corsair-ll120rgb-led-4325-cfm-120-mm-fans-3-pack-co-9050072-ww,https://cdna.pcpartpicker.com/static/forever/images/product/d170269b607c28c198e15987b860ab1c.256p.jpg,120 mm,Black,600 - 1500 RPM,43.25 CFM,24.8 dB,Yes,
Thermalright TL-M12W-S,https://pcpartpicker.com/product/HMHqqs/thermalright-tl-m12w-s-476-cfm-120-mm-fan-tl-m12w-s,https://m.media-amazon.com/images/I/416GSjq7SnL.jpg,120 mm,White,1500 RPM,47.6 CFM,23.2 dB,Yes,8.39
be quiet! Light Wings LX,https://pcpartpicker.com/product/yspD4D/be-quiet-light-wings-lx-488-cfm-120-mm-fan-bl132,https://cdna.pcpartpicker.com/static/forever/images/product/c2b7146245af625597d4645ac094b91f.256p.jpg,120 mm,Black,1500 RPM,48.8 CFM,28.5 dB,Yes,19.50
Thermalright TL-M12-S,https://pcpartpicker.com/product/7KLdnQ/thermalright-tl-m12-s-476-cfm-120-mm-fan-tl-m12-s,https://m.media-amazon.com/images/I/412pTJAIYqL.jpg,120 mm,Black,1500 RPM,47.6 CFM,23.2 dB,Yes,
Razer Kunai Chroma 3-Pack,https://pcpartpicker.com/product/NND7YJ/razer-kunai-chroma-655-cfm-120-mm-fans-3-pack-rc21-01810100-r3m1,https://m.media-amazon.com/images/I/41fb-8almVL.jpg,120 mm,Black,500 - 2200 RPM,17.48 - 65.5 CFM,15 - 35 dB,Yes,129.94
Noctua A4x20 PWM,https://pcpartpicker.com/product/t9s8TW/noctua-nf-a4x20-pwm-55-cfm-40mm-fan-nf-a4x20-pwm,https://cdna.pcpartpicker.com/static/forever/images/product/11baee4c4bdb02d58c0b311acad53c20.256p.jpg,40 mm,Brown,1200 - 5000 RPM,4.89 - 5.53 CFM,12.2 - 14.9 dB,Yes,15.95
Lian Li UNI FAN SL V2,https://pcpartpicker.com/product/QD6p99/lian-li-uni-fan-sl-v2-776-cfm-140-mm-fan-sl140v2-1b,https://cdna.pcpartpicker.com/static/forever/images/product/2b0d384a64d9351e3e3c54ca7f398274.256p.jpg,140 mm,Black / Silver,250 - 1600 RPM,77.6 CFM,29 dB,Yes,
Thermalright TL-S12R,https://pcpartpicker.com/product/D9mNnQ/thermalright-tl-s12r-476-cfm-120-mm-fan-tl-s12r,https://cdna.pcpartpicker.com/static/forever/images/product/d7a1b0982092c6a14fbbb6ce1141aeec.256p.jpg,120 mm,Black,1500 RPM,47.6 CFM,23.2 dB,Yes,
be quiet! Light Wings,https://pcpartpicker.com/product/CspD4D/be-quiet-light-wings-5137-cfm-140-mm-fan-bl134,https://cdna.pcpartpicker.com/static/forever/images/product/1af7fab1ed03cbfed64b9f7a62435834.256p.jpg,140 mm,Black,1300 RPM,51.37 CFM,25.5 dB,Yes,29.90
Lian Li UNI FAN TL LCD 120 Reverse Blade 3-Pack,https://pcpartpicker.com/product/MXNYcf/lian-li-uni-fan-tl-lcd-120-reverse-blade-834-cfm-120-mm-fans-3-pack-12rtllcd3w,https://cdna.pcpartpicker.com/static/forever/images/product/75417b2f20b64d8ccb9b0c763f1fb76b.256p.jpg,120 mm,White,,83.4 CFM,34 dB,Yes,
Phanteks D30-120 Reversed 3-Pack,https://pcpartpicker.com/product/pn7scf/phanteks-d30-120-reversed-615-cfm-120-mm-fans-3-pack-ph-f120d30r_drgb_pwm_wt01_3p,https://cdna.pcpartpicker.com/static/forever/images/product/fec897c3192bc9aa0325427f8bf6acce.256p.jpg,120 mm,White,250 - 2000 RPM,61.5 CFM,31.8 dB,Yes,94.99
Phanteks M25G2-120 D-RGB Reverse 3-Pack,https://pcpartpicker.com/product/cq3WGX/phanteks-m25g2-120-d-rgb-reverse-7369-cfm-120-mm-fans-3-pack-ph-f120m25r_g2_dwt01-_3p,https://cdna.pcpartpicker.com/static/forever/images/product/05ec6b935baaedb1fd75205a6a78113f.256p.jpg,120 mm,White,350 - 2000 RPM,73.69 CFM,39.28 dB,Yes,40.98
Noctua S12A PWM chromax.black.swap,https://pcpartpicker.com/product/CKFXsY/noctua-nf-s12a-pwm-chromaxblackswap-633-cfm-120mm-fan-nf-s12a-pwm-chromaxblackswap,https://cdna.pcpartpicker.com/static/forever/images/product/f0d53f82c1ecc14fc9a26358e6d8beba.256p.jpg,120 mm,Multicolor,300 - 1200 RPM,63.27 CFM,17.8 dB,Yes,26.95
ARCTIC P14 Pro PST,https://pcpartpicker.com/product/wGVfrH/arctic-p14-pro-pst-110-cfm-140-mm-fan-acfan00317a,https://cdna.pcpartpicker.com/static/forever/images/product/c630ab6dd2c3dd04131932691a4a3d5c.256p.jpg,140 mm,White,400 - 2499 RPM,110 CFM,,Yes,12.49
Phanteks D30-120 3-Pack,https://pcpartpicker.com/product/PDxxFT/phanteks-d30-120-643-cfm-120-mm-fans-3-pack-ph-f120d30_drgb_pwm_bk01_3p,https://cdna.pcpartpicker.com/static/forever/images/product/010fee874052b7b50c6ef893738793b5.256p.jpg,120 mm,Black,250 - 2000 RPM,64.3 CFM,30.2 dB,Yes,99.99
Asiahorse DAWN 3-Pack,https://pcpartpicker.com/product/JTtkcf/asiahorse-dawn-71-cfm-120-mm-fans-3-pack-dawn-black-3pack,/static/forever/img/no-image.png,120 mm,Black,900 - 1850 RPM,71 CFM,6 - 29 dB,Yes,
HAVN H18 2-Pack,https://pcpartpicker.com/product/KXpD4D/havn-h18-16463-cfm-180-mm-fans-2-pack-hvn-fs-h1840-02-duo,https://cdna.pcpartpicker.com/static/forever/images/product/78c900d215801c491e8b0a4fd2ebb0bc.256p.jpg,180 mm,Black,,164.63 CFM,35 dB,Yes,49.99
ARCTIC P14 Slim PWM PST,https://pcpartpicker.com/product/jPjBD3/arctic-p14-slim-pwm-pst-52-cfm-140-mm-fan-acfan00268a,https://cdna.pcpartpicker.com/static/forever/images/product/34abd1b1efb76bebb56165484b799615.256p.jpg,140 mm,Black,150 - 1800 RPM,52 CFM,,Yes,12.99
Corsair iCUE LINK QX140 RGB Starter Kit 2-Pack,https://pcpartpicker.com/product/PRzXsY/corsair-icue-link-qx140-rgb-starter-kit-825-cfm-140-mm-fans-2-pack-co-9051008-ww,https://cdna.pcpartpicker.com/static/forever/images/product/abed3960e8f2464920e70760432e2504.256p.jpg,140 mm,White,400 - 2400 RPM,12.1 - 82.5 CFM,,Yes,146.38
Thermaltake CT ARGB Sync,https://pcpartpicker.com/product/Zf9nTW/thermaltake-ct-argb-sync-1316-cfm-200-mm-fan-cl-f179-pl20sw-a,https://m.media-amazon.com/images/I/41MTsHjyhAL.jpg,200 mm,Black,500 - 900 RPM,131.6 CFM,27.2 dB,Yes,24.99
MSI MPG EZ120 3-Pack,https://pcpartpicker.com/product/QqzXsY/msi-mpg-ez120-7382-cfm-120-mm-fans-3-pack-mpg-ez120-argb-3b,https://cdna.pcpartpicker.com/static/forever/images/product/a8e8ad7f3f21f2ac706e33df108dbbc9.256p.jpg,120 mm,Black,,0 - 73.82 CFM,0 - 28.82 dB,Yes,79.98
NZXT F120Q (2024),https://pcpartpicker.com/product/C2dG3C/nzxt-f120q-2024-7426-cfm-120-mm-fan-rf-q12sf-w2,https://cdna.pcpartpicker.com/static/forever/images/product/4e36ef324b9ecaa1f58b8a2ee12dc279.256p.jpg,120 mm,White,500 - 1700 RPM,74.26 CFM,25.1 dB,Yes,15.37
be quiet! Silent Wings 4,https://pcpartpicker.com/product/TGC48d/be-quiet-silent-wings-4-487-cfm-120-mm-fan-bl093,https://cdna.pcpartpicker.com/static/forever/images/product/4bec65dc7c091f701488081599c9c369.256p.jpg,120 mm,Black,1600 RPM,48.7 CFM,18.9 dB,Yes,24.90
Jonsbo ZB-120B,https://pcpartpicker.com/product/QFKnTW/jonsbo-zb-120b-6526-cfm-120-mm-fan-zb-120b,https://m.media-amazon.com/images/I/41CrDTLIEXL.jpg,120 mm,Black,700 - 2400 RPM,20.95 - 65.26 CFM,20.3 - 36.6 dB,Yes,14.49
ARCTIC P14 Pro Reverse A-RGB 3-Pack,https://pcpartpicker.com/product/2PDnTW/arctic-p14-pro-reverse-a-rgb-98-cfm-140-mm-fans-3-pack-acfan00328a,https://m.media-amazon.com/images/I/41mQw3Q3ffL.jpg,140 mm,White,400 - 2650 RPM,98 CFM,,Yes,34.99
ARCTIC F12,https://pcpartpicker.com/product/W4fxFT/arctic-f12-53-cfm-120-mm-fan-acfan00201a,https://cdna.pcpartpicker.com/static/forever/images/product/54a593a51545a46537cdbd24fad75231.256p.jpg,120 mm,Black,1350 RPM,53 CFM,22.5 dB,No,7.07
Thermaltake CT120 2-Pack,https://pcpartpicker.com/product/Lhqrxr/thermaltake-ct120-5705-cfm-120-mm-fans-2-pack-cl-f147-pl12bl-a,https://m.media-amazon.com/images/I/51Y3EzmcJTL.jpg,120 mm,Black,500 - 2000 RPM,57.05 CFM,25.8 dB,Yes,24.99
Phanteks T30-140 3-Pack,https://pcpartpicker.com/product/gT7MnQ/phanteks-t30-140-140-mm-fans-3-pack-ph-f140t30_bg_3p,https://cdna.pcpartpicker.com/static/forever/images/product/064e0ce2a4af2d8221597ca3ca5fb80d.256p.jpg,140 mm,Black,1200 - 2500 RPM,,,Yes,99.99
ARCTIC P14 PST,https://pcpartpicker.com/product/Wm66Mp/arctic-p14-pst-728-cfm-140-mm-fan-acfan00125a,https://cdna.pcpartpicker.com/static/forever/images/product/55400ac4e86b3fa9b71eb246526b1190.256p.jpg,140 mm,Black,200 - 1700 RPM,72.8 CFM,22.5 dB,Yes,
ARCTIC P14 Max,https://pcpartpicker.com/product/KmzXsY/arctic-p14-max-95-cfm-140-mm-fan-acfan00287a,https://m.media-amazon.com/images/I/41SDDcGwMlL.jpg,140 mm,Black,400 - 2800 RPM,95 CFM,,Yes,12.99
Lian Li UNI FAN SL Wireless LCD 3-Pack,https://pcpartpicker.com/product/GBsV3C/lian-li-uni-fan-sl-wireless-lcd-5008-cfm-120-mm-fans-3-pack-12sllcd1w3b,https://cdna.pcpartpicker.com/static/forever/images/product/1040f189a1957e86a34478a8dfdd68b5.256p.jpg,120 mm,Black,350 - 1900 RPM,50.08 CFM,29.5 dB,Yes,119.99
be quiet! Pure Wings 3 PWM High-Speed 3-Pack,https://pcpartpicker.com/product/kxPv6h/be-quiet-pure-wings-3-pwm-high-speed-722-cfm-120-mm-fans-3-pack-bl138,https://cdna.pcpartpicker.com/static/forever/images/product/145cff48fe34e309cac25f3a80f0aed3.256p.jpg,120 mm,Black,1800 RPM,72.2 CFM,30.5 dB,Yes,34.50
Corsair iCUE LINK LX140 RGB 2-Pack,https://pcpartpicker.com/product/tPCZxr/corsair-icue-link-lx140-rgb-847-cfm-140-mm-fans-2-pack-co-9051028-ww,https://cdna.pcpartpicker.com/static/forever/images/product/fe5cd9d30f02bf43e3895becbc7dd321.256p.jpg,140 mm,Black,350 - 2000 RPM,10.74 - 84.7 CFM,10 - 36 dB,Yes,119.99
Fractal Design Aspect 14 PWM,https://pcpartpicker.com/product/bgzhP6/fractal-design-aspect-14-pwm-78-cfm-140-mm-fan-fd-f-as1-1403,https://cdna.pcpartpicker.com/static/forever/images/product/1688d8bbc6e208e3357f2735ccc914af.256p.jpg,140 mm,Black,500 - 1700 RPM,20 - 78 CFM,10 - 35.5 dB,Yes,24.99
Fractal Design Momentum,https://pcpartpicker.com/product/6Ttkcf/fractal-design-momentum-6734-cfm-120-mm-fan-fd-f-mo1-1201,https://cdna.pcpartpicker.com/static/forever/images/product/90ecf5cddaebd25db5b120727c4abb4d.256p.jpg,120 mm,Black,350 - 2200 RPM,67.34 CFM,31.3 dB,Yes,19.98
Thermalright TL-C12RW-S V2,https://pcpartpicker.com/product/qRwmP6/thermalright-tl-c12rw-s-v2-58-cfm-120-mm-fan-c12rw-s-v2,https://m.media-amazon.com/images/I/41DZFkTwGjL.jpg,120 mm,Black / White,1500 RPM,58 CFM,25.6 dB,Yes,8.90
ARCTIC P12 Silent,https://pcpartpicker.com/product/pBbCmG/arctic-p12-silent-241-cfm-120-mm-fan-acfan00130a,https://cdna.pcpartpicker.com/static/forever/images/product/26033541043d539ea2de7cdeb31208e5.256p.jpg,120 mm,Black,1050 RPM,24.1 CFM,,No,8.51
Thermalright TL-C-C-S,https://pcpartpicker.com/product/KMrqqs/thermalright-tl-c-c-s-758-cfm-140-mm-fan-tl-c14cw-s,https://m.media-amazon.com/images/I/41tjSq3GdxL.jpg,140 mm,White,1500 RPM,75.8 CFM,26.4 dB,Yes,7.90
NZXT F120 RGB Core 3-Pack,https://pcpartpicker.com/product/7vjRsY/nzxt-f120-rgb-core-7886-cfm-120-mm-fans-3-pack-rf-c12tf-w1,https://cdna.pcpartpicker.com/static/forever/images/product/f0950c8533c731a75ebb3c1d51221383.256p.jpg,120 mm,White,500 - 1800 RPM,78.86 CFM,33.88 dB,Yes,71.68
Thermalright TL-E12B V3,https://pcpartpicker.com/product/d3V2FT/thermalright-tl-e12b-v3-7237-cfm-120-mm-fan-tl-e12b-v3,https://m.media-amazon.com/images/I/41toJ365b6L.jpg,120 mm,Black,2000 RPM,72.37 CFM,27.7 dB,Yes,7.39
Corsair RS140 2-Pack,https://pcpartpicker.com/product/JMzXsY/corsair-rs140-955-cfm-140-mm-fans-2-pack-co-9050191-ww,https://cdna.pcpartpicker.com/static/forever/images/product/618632ad4d7dc67cd7331ed7f78d22cd.256p.jpg,140 mm,Black,330 - 1700 RPM,14.6 - 95.5 CFM,10 - 36 dB,Yes,34.99
Fractal Design Momentum 3-Pack,https://pcpartpicker.com/product/nZG2FT/fractal-design-momentum-7439-cfm-140-mm-fans-3-pack-fd-f-mr1-1403,https://cdna.pcpartpicker.com/static/forever/images/product/ca7cd618730f5ee1033deae27e5e9abf.256p.jpg,140 mm,Black,350 - 1800 RPM,74.39 CFM,28 dB,Yes,79.99
Asiahorse Nyota 3-Pack,https://pcpartpicker.com/product/MGzp99/asiahorse-nyota-615-cfm-120-mm-fans-3-pack-nyota-a12-white-3pack-r-de,https://m.media-amazon.com/images/I/41HApZS0v2L.jpg,120 mm,White,800 - 2000 RPM,61.5 CFM,,Yes,
ARCTIC P14 Pro Reverse A-RGB,https://pcpartpicker.com/product/kYBFf7/arctic-p14-pro-reverse-a-rgb-98-cfm-140-mm-fan-acfan00324a,https://m.media-amazon.com/images/I/310C3MRj2RL.jpg,140 mm,White,400 - 2650 RPM,98 CFM,,Yes,15.49
ARCTIC P12 PST 5-Pack,https://pcpartpicker.com/product/LmCFf7/arctic-p12-pst-563-cfm-120-mm-fans-5-pack-acfan00137a,https://cdna.pcpartpicker.com/static/forever/images/product/9e64d0503bfd4cd6bcf7f259b0e664cf.256p.jpg,120 mm,Black,200 - 1800 RPM,56.3 CFM,22.5 dB,Yes,
Noctua A9 PWM chromax.black.swap,https://pcpartpicker.com/product/LmLwrH/noctua-a9-pwm-chromaxblackswap-4644-cfm-92-mm-fan-nf-a9-pwm-chromaxblackswap,https://m.media-amazon.com/images/I/41tSZRzd+RL.jpg,92 mm,Black / Multicolor,400 - 2000 RPM,46.44 CFM,22.8 dB,Yes,23.95
Corsair RS140 ARGB,https://pcpartpicker.com/product/qmXV3C/corsair-rs140-argb-955-cfm-140-mm-fan-co-9050186-ww,https://cdna.pcpartpicker.com/static/forever/images/product/ff85151b99844f3d6cffe5b385ec5cb9.256p.jpg,140 mm,White,330 - 1700 RPM,14.6 - 95.5 CFM,10 - 36 dB,Yes,24.99
Asus TUF Gaming TR120 ARGB,https://pcpartpicker.com/product/tvnXsY/asus-tuf-gaming-tr120-argb-774-cfm-120-mm-fan-tuf-gaming-tr120-fan-argb-black,https://m.media-amazon.com/images/I/31T7AWF+79L.jpg,120 mm,Black,2000 RPM,77.4 CFM,29 dB,Yes,37.30
ARCTIC P12 PST A-RGB 0dB 3-Pack,https://pcpartpicker.com/product/FQ6p99/arctic-p12-pst-a-rgb-0db-488-cfm-120-mm-fans-3-pack-acfan00232a,https://cdna.pcpartpicker.com/static/forever/images/product/7b1d6b22ede971252bccb5364dc4f31e.256p.jpg,120 mm,Black,,48.8 CFM,,Yes,39.99
Thermalright TL-M12QRW,https://pcpartpicker.com/product/PDMXsY/thermalright-tl-m12qrw-476-cfm-120-mm-fan-tl-m12qrw,https://m.media-amazon.com/images/I/41dU1ZzdxbL.jpg,120 mm,White,1500 RPM,47.6 CFM,23.2 dB,Yes,10.19
Corsair iCUE LINK LX140-R RGB 2-Pack,https://pcpartpicker.com/product/GRNYcf/corsair-icue-link-lx140-r-rgb-90-cfm-140-mm-fans-2-pack-co-9051056-ww,https://cdna.pcpartpicker.com/static/forever/images/product/6603252226ed6f87656b28931ed3db2b.256p.jpg,140 mm,White,2000 RPM,90 CFM,35.4 dB,Yes,87.54
Noctua P12 redux-1300 PWM,https://pcpartpicker.com/product/9MyV3C/noctua-nf-p12-redux-1300-pwm-543-cfm-120mm-fan-nf-p12-redux-1300-pwm,https://cdna.pcpartpicker.com/static/forever/images/product/8587cf1d595c7564c2ce91dd61888405.256p.jpg,120 mm,Gray,300 - 1300 RPM,54.32 CFM,19.8 dB,Yes,15.95
Corsair iCUE LINK RX140 MAX RGB Starter Kit 2-Pack,https://pcpartpicker.com/product/WYyH99/corsair-icue-link-rx140-max-rgb-starter-kit-1029-cfm-140-mm-fans-2-pack-co-9051036-ww,https://cdna.pcpartpicker.com/static/forever/images/product/52736f0547bd1de5e9d7abb492de5361.256p.jpg,140 mm,Black,300 - 1600 RPM,27.2 - 102.9 CFM,10 - 31 dB,Yes,110.22
NZXT F120 RGB DUO,https://pcpartpicker.com/product/k8Fbt6/nzxt-f120-rgb-duo-4858-cfm-120-mm-fan-rf-d12sf-b1,https://cdna.pcpartpicker.com/static/forever/images/product/79c61b46762caeee9a212db3267013ee.256p.jpg,120 mm,Black,500 - 1800 RPM,48.58 CFM,29 dB,Yes,28.99
be quiet! Pure Wings 3,https://pcpartpicker.com/product/F3jRsY/be-quiet-pure-wings-3-596-cfm-120-mm-fan-bl106,https://cdna.pcpartpicker.com/static/forever/images/product/20ebcf93b5484b02d27a059cac93f74c.256p.jpg,120 mm,Black,2100 RPM,59.6 CFM,30.9 dB,Yes,13.50
Thermalright TL-K12RW,https://pcpartpicker.com/product/TPyH99/thermalright-tl-k12rw-69-cfm-120-mm-fan-tl-k12rw,https://m.media-amazon.com/images/I/41kl-jlSD1L.jpg,120 mm,White,2150 RPM,69 CFM,27 dB,Yes,11.90
TRYX ROTA SL 3-Pack,https://pcpartpicker.com/product/2prp99/tryx-rota-sl-6564-cfm-120-mm-fans-3-pack-f-r120a-am3m-g0k,https://cdna.pcpartpicker.com/static/forever/images/product/1d087e65e488d356bf531eb6465358be.256p.jpg,120 mm,Black,500 - 1850 RPM,65.64 CFM,28.87 dB,Yes,79.99
Fractal Design Momentum,https://pcpartpicker.com/product/zBxTwP/fractal-design-momentum-7979-cfm-140-mm-fan-fd-f-mo1-1401,https://cdna.pcpartpicker.com/static/forever/images/product/90ecf5cddaebd25db5b120727c4abb4d.256p.jpg,140 mm,Black,350 - 1800 RPM,79.79 CFM,31.9 dB,Yes,20.99
Antec P12R,https://pcpartpicker.com/product/ZvpQzy/antec-p12r-6146-cfm-120-mm-fan-0-761345-40034-3,https://cdna.pcpartpicker.com/static/forever/images/product/d18e4d88b4115040fcf109b94f2a1460.256p.jpg,120 mm,Black,600 - 1500 RPM,55.31 - 61.46 CFM,14.2 - 29.5 dB,Yes,18.61
Deepcool FL12 3-Pack,https://pcpartpicker.com/product/bJfV3C/deepcool-fl12-55-cfm-120-mm-fans-3-pack-r-fl12-bkapn3-g,https://cdna.pcpartpicker.com/static/forever/images/product/77bf08d3a057130c1e43b1e8a430e7d8.256p.jpg,120 mm,Black,500 - 2150 RPM,55 CFM,32 dB,Yes,
Xigmatek XAF,https://pcpartpicker.com/product/Bwdqqs/xigmatek-xaf-f1251-753-cfm-120-mm-fan-xaf-f1251,https://m.media-amazon.com/images/I/51qaYsIzdEL.jpg,120 mm,Black,1500 RPM,75.3 CFM,24 dB,No,5.99
Asus TUF Gaming TF120 ARGB 3-Pack,https://pcpartpicker.com/product/bRD7YJ/asus-tuf-gaming-tf120-argb-76-cfm-120-mm-fans-3-pack-tuf-gaming-tf120-argb-3in1,https://cdna.pcpartpicker.com/static/forever/images/product/d5fb840526c948bf8a2bf27d7e473cf5.256p.jpg,120 mm,Black / White,250 - 1900 RPM,76 CFM,29 dB,Yes,59.99
Lian Li UNI FAN SL V2 3-Pack,https://pcpartpicker.com/product/gtcG3C/lian-li-uni-fan-sl-v2-645-cfm-120-mm-fans-3-pack-sl120v2-3b,https://cdna.pcpartpicker.com/static/forever/images/product/c976038cfb9aaf4a6750cae40b3de406.256p.jpg,120 mm,Black / Silver,250 - 2000 RPM,64.5 CFM,29.2 dB,Yes,
Corsair iCUE LINK RX120 MAX Starter Kit 3-Pack,https://pcpartpicker.com/product/rysV3C/corsair-icue-link-rx120-max-starter-kit-716-cfm-120-mm-fans-3-pack-co-9051042-ww,https://cdna.pcpartpicker.com/static/forever/images/product/a9155cfc33b3098f6edd767bd8fac859.256p.jpg,120 mm,Black,400 - 2000 RPM,16.5 - 71.6 CFM,10 - 29.5 dB,Yes,59.49
Phanteks D30-120,https://pcpartpicker.com/product/JXvD4D/phanteks-d30-120-643-cfm-120-mm-fan-ph-f120d30_drgb_pwm_wt01,https://cdna.pcpartpicker.com/static/forever/images/product/5ba8c4028ea44cd7b6ed1193bf544a50.256p.jpg,120 mm,White,250 - 2000 RPM,64.3 CFM,30.2 dB,Yes,33.98
Thermaltake CT120 ARGB Sync 2-Pack,https://pcpartpicker.com/product/MBP8TW/thermaltake-ct120-argb-sync-5705-cfm-120-mm-fans-2-pack-cl-f149-pl12sw-a,https://m.media-amazon.com/images/I/51F2HgN7cVL.jpg,120 mm,Black,500 - 2000 RPM,57.05 CFM,25.8 dB,Yes,34.99
NZXT F RGB Core,https://pcpartpicker.com/product/kjHqqs/nzxt-f-rgb-core-8948-cfm-140-mm-fan-rf-c14sf-b1,https://m.media-amazon.com/images/I/41EqZK5QtJL.jpg,140 mm,Black,500 - 1800 RPM,24.85 - 89.48 CFM,20 - 32.5 dB,Yes,21.99
ARCTIC F12 PST,https://pcpartpicker.com/product/74xRsY/arctic-f12-pst-53-cfm-120-mm-fan-acfan00200a,https://cdna.pcpartpicker.com/static/forever/images/product/54a593a51545a46537cdbd24fad75231.256p.jpg,120 mm,Black,230 - 1350 RPM,53 CFM,22.5 dB,Yes,9.99
Noctua F12 industrialPPC-2000 PWM,https://pcpartpicker.com/product/NcQypg/noctua-case-fan-nff12industrialppc2000pwm,https://m.media-amazon.com/images/I/410jrJ5lx7L.jpg,120 mm,Brown / Black,450 - 2000 RPM,71.69 CFM,29.7 dB,Yes,29.95
MSI MPG EZ120R ARGB-3B 3-Pack,https://pcpartpicker.com/product/HNwD4D/msi-mpg-ez120r-argb-3b-6672-cfm-120-mm-fans-3-pack-mpg-ez120r-argb-3b,https://m.media-amazon.com/images/I/31l2Gg5+Q6L.jpg,120 mm,Black,,66.72 CFM,30.78 dB,Yes,79.99
Phanteks T30-140,https://pcpartpicker.com/product/txm2FT/phanteks-t30-140-140-mm-fan-ph-f140t30_bg,https://cdna.pcpartpicker.com/static/forever/images/product/4caf7989ecaf242764c319cdedaeb541.256p.jpg,140 mm,Black,1200 - 2500 RPM,,,Yes,42.98
Corsair RS140 ARGB 2-Pack,https://pcpartpicker.com/product/Q6GhP6/corsair-rs140-argb-955-cfm-140-mm-fans-2-pack-co-9050187-ww,https://cdna.pcpartpicker.com/static/forever/images/product/1af12e913e8ec0bb18ba61a1e25a0d8b.256p.jpg,140 mm,White,330 - 1700 RPM,14.6 - 95.5 CFM,10 - 36 dB,Yes,44.99
Corsair iCUE QL120 3-Pack,https://pcpartpicker.com/product/TdqBD3/corsair-icue-ql120-rgb-418-cfm-120-mm-fans-3-pack-co-9050098-ww,https://cdna.pcpartpicker.com/static/forever/images/product/30e9affbe579f83fc74935c177819442.256p.jpg,120 mm,Black,1500 RPM,41.8 CFM,26 dB,Yes,
Noctua A9 PWM,https://pcpartpicker.com/product/JhM323/noctua-case-fan-nfa9pwm,https://m.media-amazon.com/images/I/41m956leAFL.jpg,92 mm,Brown,400 - 2000 RPM,36.84 - 46.44 CFM,16.3 - 22.8 dB,Yes,18.95
Deepcool XFAN,https://pcpartpicker.com/product/XWMFf7/deepcool-case-fan-xfan120,https://cdna.pcpartpicker.com/static/forever/images/product/86d801eb1dcc350d5d6643797ebe33d8.256p.jpg,120 mm,Black,1300 RPM,44.71 CFM,26 dB,No,
ARCTIC P14,https://pcpartpicker.com/product/kqTPxr/arctic-p14-728-cfm-140-mm-fan-acfan00123a,https://cdna.pcpartpicker.com/static/forever/images/product/55400ac4e86b3fa9b71eb246526b1190.256p.jpg,140 mm,Black,1700 RPM,72.8 CFM,22.5 dB,No,10.99
Jonsbo ZA-120B,https://pcpartpicker.com/product/YKVfrH/jonsbo-za-120b-624-cfm-120-mm-fan-za-120b,https://m.media-amazon.com/images/I/41YaBtCz7jL.jpg,120 mm,Black,700 - 2400 RPM,21.46 - 62.4 CFM,21.3 - 37.3 dB,Yes,14.99
Lian Li UNI FAN AL120 V2 3-Pack,https://pcpartpicker.com/product/fskH99/lian-li-uni-fan-al120-v2-773-cfm-120-mm-fans-3-pack-al120v2-3w,https://cdna.pcpartpicker.com/static/forever/images/product/bff8bab79a522311c979142eb0835f73.256p.jpg,120 mm,White,250 - 2000 RPM,77.3 CFM,28.7 dB,Yes,175.48
Phanteks PH-F140D30R 3-Pack,https://pcpartpicker.com/product/pnwmP6/phanteks-ph-f140d30r-7176-cfm-140-mm-fans-3-pack-ph-f140d30r_drgb_pwm_bk01_3p,https://cdna.pcpartpicker.com/static/forever/images/product/818bdd55d94677c404b73b3338c7decb.256p.jpg,140 mm,Black,250 - 1800 RPM,71.76 CFM,32.1 dB,Yes,114.99
NZXT F120 RGB DUO 3-Pack,https://pcpartpicker.com/product/2T4Ycf/nzxt-f120-rgb-duo-4858-cfm-120-mm-fans-3-pack-rf-d12tf-b1,https://cdna.pcpartpicker.com/static/forever/images/product/f5003a535b057711c13d08b4a39b6a6b.256p.jpg,120 mm,Black,500 - 1800 RPM,48.58 CFM,29 dB,Yes,95.99
Lian Li UNI FAN SL V2,https://pcpartpicker.com/product/qpqPxr/lian-li-uni-fan-sl-v2-645-cfm-120-mm-fan-sl120v2-1w,https://cdna.pcpartpicker.com/static/forever/images/product/fee71e8ce662e77791a208b0262f657c.256p.jpg,120 mm,White / Silver,250 - 2000 RPM,64.5 CFM,29.2 dB,Yes,
Delta Electronics PFB0912DHE-F00,https://pcpartpicker.com/product/Xsdqqs/delta-electronics-pfb0912dhe-f00-17503-cfm-92-mm-fan-pfb0912dhe-f00,https://cdna.pcpartpicker.com/static/forever/images/product/3917f8eba3845ce7604a90b6784c0116.med.256p.jpg,92 mm,Black,8000 RPM,175.03 CFM,66.5 dB,No,
Noctua A4x10 PWM,https://pcpartpicker.com/product/NZ7p99/noctua-nf-a4x10-pwm-524-cfm-40-mm-fan-nf-a4x10-pwm,https://cdna.pcpartpicker.com/static/forever/images/product/32a69396ebb8fe68a1b03156634074c9.256p.jpg,40 mm,Brown,1000 - 5000 RPM,3.88 - 5.24 CFM,12.9 - 19.6 dB,Yes,15.95
Jonsbo SL-120B,https://pcpartpicker.com/product/CnJBD3/jonsbo-sl-120b-5948-cfm-120-mm-fan-sl-120b,https://cdna.pcpartpicker.com/static/forever/images/product/32e54113ef9390618cba77ff84a95209.256p.jpg,120 mm,Black,600 - 1500 RPM,28.12 - 59.48 CFM,22 - 32 dB,Yes,
be quiet! Light Wings PWM high-speed,https://pcpartpicker.com/product/pqVmP6/be-quiet-light-wings-pwm-high-speed-523-cfm-120-mm-fan-bl073,https://cdna.pcpartpicker.com/static/forever/images/product/a2429085e0daf170346bc8b800f291f8.256p.jpg,120 mm,Black,2500 RPM,52.3 CFM,31 dB,Yes,26.90
be quiet! Silent Wings 4,https://pcpartpicker.com/product/fXcG3C/be-quiet-silent-wings-4-784-cfm-140-mm-fan-bl097,https://cdna.pcpartpicker.com/static/forever/images/product/410adc45cfe1d989f65b8335039a66c1.256p.jpg,140 mm,Black,1900 RPM,78.4 CFM,29.3 dB,Yes,23.50
Noctua F12 industrialPPC-2000 IP67 PWM,https://pcpartpicker.com/product/Ls6BD3/noctua-case-fan-nff12industrialppc2000ip67pwm,https://m.media-amazon.com/images/I/410jrJ5lx7L.jpg,120 mm,Brown / Black,450 - 2000 RPM,71.69 CFM,29.7 dB,Yes,24.99
be quiet! Silent Wings Pro 4,https://pcpartpicker.com/product/RPkH99/be-quiet-silent-wings-pro-4-839-cfm-120-mm-fan-bl118,https://cdna.pcpartpicker.com/static/forever/images/product/f47834ff117936c27f782e96aee33304.256p.jpg,120 mm,White,3000 RPM,83.9 CFM,36.9 dB,Yes,28.50
Corsair iCUE AR120 Digital RGB,https://pcpartpicker.com/product/MbCZxr/corsair-icue-ar120-digital-rgb-59-cfm-120-mm-fan-co-9050166-ww,https://cdna.pcpartpicker.com/static/forever/images/product/106ad5468a6e831d10a55f0f7e3ee053.256p.jpg,120 mm,Black,400 - 1850 RPM,10.7 - 59 CFM,10 - 27.3 dB,Yes,32.58
Silverstone FHS 120X,https://pcpartpicker.com/product/qy26Mp/silverstone-fhs-120x-14398-cfm-120-mm-fan-sst-fhs120x,https://cdna.pcpartpicker.com/static/forever/images/product/2144e4082ae9b205f17333b52f649a12.256p.jpg,120 mm,Black,1000 - 4000 RPM,143.98 CFM,51.8 dB,Yes,25.61
ID-COOLING AF-125 3-Pack,https://pcpartpicker.com/product/nv7scf/id-cooling-af-125-7825-cfm-120-mm-fans-3-pack-af-125-k-trio,https://cdna.pcpartpicker.com/static/forever/images/product/0996fb4563e1f0c82009f95c96d5d2e2.256p.jpg,120 mm,Black,500 - 2000 RPM,78.25 CFM,29.85 dB,Yes,29.99
Corsair RS120,https://pcpartpicker.com/product/C6GhP6/corsair-rs120-728-cfm-120-mm-fan-co-9050192-ww,https://cdna.pcpartpicker.com/static/forever/images/product/11361b44b029fab61b6fe609e2030cad.256p.jpg,120 mm,White,420 - 2100 RPM,13.3 - 72.8 CFM,10 - 36 dB,Yes,14.99
Thermalright TL-S12W,https://pcpartpicker.com/product/fw7scf/thermalright-tl-s12w-476-cfm-120-mm-fan-tl-s12w,https://m.media-amazon.com/images/I/41ypbUMCGAL.jpg,120 mm,White,1500 RPM,47.6 CFM,23.2 dB,Yes,6.99
Asiahorse Nyota,https://pcpartpicker.com/product/NkKnTW/asiahorse-nyota-615-cfm-120-mm-fan-nyota-a12-black-1pack-r-de,https://m.media-amazon.com/images/I/41MmaeF2PzL.jpg,120 mm,Black,800 - 2000 RPM,61.5 CFM,,Yes,
Thermalright TL-B12 EXTREM,https://pcpartpicker.com/product/MvWJ7P/thermalright-tl-b12-extrem-112-cfm-120-mm-fan-tl-b12-extrem,https://m.media-amazon.com/images/I/51FtYJTwWbL.jpg,120 mm,Black / Red,3150 RPM,112 CFM,40.5 dB,Yes,16.59
Corsair iCUE SP120 RGB ELITE 3-Pack,https://pcpartpicker.com/product/wdmmP6/corsair-icue-sp120-rgb-elite-477-cfm-120-mm-fans-3-pack-co-9050109-ww,https://cdna.pcpartpicker.com/static/forever/images/product/97d21dc179bad3268c8ebff387bbf19d.256p.jpg,120 mm,Black / White,400 - 1500 RPM,,,Yes,60.97
Silverstone FHS 140X,https://pcpartpicker.com/product/TPnXsY/silverstone-fhs-140x-22295-cfm-140-mm-fan-sst-fhs140x,https://m.media-amazon.com/images/I/51iElPx139L.jpg,140 mm,Black,800 - 3400 RPM,222.95 CFM,50 dB,Yes,37.40
Corsair iCUE LINK RX140 2-Pack,https://pcpartpicker.com/product/bfgrxr/corsair-icue-link-rx140-957-cfm-140-mm-fans-2-pack-co-9051024-ww,https://cdna.pcpartpicker.com/static/forever/images/product/7a6841235700ccc78a3aab2f0015eabc.256p.jpg,140 mm,White,1700 RPM,18.1 - 95.7 CFM,10 - 36 dB,No,89.99
Thermaltake SWAFAN EX12 ARGB 3-Pack,https://pcpartpicker.com/product/gzhv6h/thermaltake-swafan-ex12-argb-5711-cfm-120-mm-fans-3-pack-cl-f169-pl12sw-a,https://m.media-amazon.com/images/I/41r48vckwuL.jpg,120 mm,White,500 - 2000 RPM,56.26 - 57.11 CFM,30.6 - 32.5 dB,Yes,79.98
Noctua A8 PWM chromax.black.swap,https://pcpartpicker.com/product/Jdwkcf/noctua-nf-a8-pwm-chromaxblackswap-3267-cfm-80-mm-fan-nf-a8-pwm-chromaxblackswap,https://m.media-amazon.com/images/I/41f08lLuEtL.jpg,80 mm,Black / Multicolor,450 - 2200 RPM,32.67 CFM,17.7 dB,Yes,
Corsair iCUE LINK RX120 3-Pack,https://pcpartpicker.com/product/mHtLrH/corsair-icue-link-rx120-742-cfm-120-mm-fans-3-pack-co-9051010-ww,https://cdna.pcpartpicker.com/static/forever/images/product/122a842bf88dc16b7253dd87f410475f.256p.jpg,120 mm,Black,2100 RPM,10.5 - 74.2 CFM,10 - 36 dB,No,50.99
Lian Li UNI FAN TL 120 Reverse Blade 3-Pack,https://pcpartpicker.com/product/YBYRsY/lian-li-uni-fan-tl-120-reverse-blade-834-cfm-120-mm-fans-3-pack-12rtl3w,https://cdna.pcpartpicker.com/static/forever/images/product/f2c353a2ab0b485782e21ea3a7240d92.256p.jpg,120 mm,White,200 - 2300 RPM,83.4 CFM,34 dB,No,
Lian Li UNI FAN SL Wireless LCD 3-Pack,https://pcpartpicker.com/product/MfYRsY/lian-li-uni-fan-sl-wireless-lcd-5008-cfm-120-mm-fans-3-pack-12sllcd1w3w,https://cdna.pcpartpicker.com/static/forever/images/product/58bed64b56fb4adba03bc3fdf53bb552.256p.jpg,120 mm,White,350 - 1900 RPM,50.08 CFM,29.5 dB,Yes,119.99
ARCTIC F12 5-Pack,https://pcpartpicker.com/product/bRYmP6/arctic-f12-53-cfm-120-mm-fans-5-pack-acfan00248a,https://cdna.pcpartpicker.com/static/forever/images/product/d429ce3fbe28008424a9e5b8f129332b.256p.jpg,120 mm,Black,1350 RPM,53 CFM,22.5 dB,No,22.99
NZXT F140 RGB 2-Pack,https://pcpartpicker.com/product/KYytt6/nzxt-f140-rgb-8948-cfm-140-mm-fans-2-pack-rf-r14df-b1,https://cdna.pcpartpicker.com/static/forever/images/product/01020de3bd43f204fd14e6db9b5e0c03.256p.jpg,140 mm,Black,500 - 1800 RPM,24.85 - 89.48 CFM,20 - 32.5 dB,Yes,59.00
Fractal Design Momentum 3-Pack,https://pcpartpicker.com/product/f6y8TW/fractal-design-momentum-6244-cfm-120-mm-fans-3-pack-fd-f-mr1-1203,https://cdna.pcpartpicker.com/static/forever/images/product/0e2660f57c3f920049334c17de298d2b.256p.jpg,120 mm,Black,350 - 2200 RPM,62.44 CFM,28.03 dB,Yes,74.98
Corsair iCUE AF120 RGB ELITE 3-Pack,https://pcpartpicker.com/product/PkvdnQ/corsair-icue-af120-rgb-elite-6557-cfm-120-mm-fans-3-pack-co-9050154-ww,https://cdna.pcpartpicker.com/static/forever/images/product/11a78058f06678d15c896df0f683d3df.256p.jpg,120 mm,Black,550 - 2100 RPM,13.8 - 65.57 CFM,5 - 34.1 dB,Yes,
ARCTIC S12038-8K,https://pcpartpicker.com/product/fDCZxr/arctic-s12038-8k-220-cfm-120-mm-fan-acfan00294a,https://cdna.pcpartpicker.com/static/forever/images/product/abfd810a29c81ae0b41c8b3adc5b3915.256p.jpg,120 mm,Black,800 - 8000 RPM,220 CFM,,Yes,15.99
Noctua S12B redux-1200 PWM,https://pcpartpicker.com/product/bKFPxr/noctua-case-fan-nfs12bredux1200pwm,https://m.media-amazon.com/images/I/41lQCqQx7zL.jpg,120 mm,Black / Gray,400 - 1200 RPM,59.1 CFM,18.1 dB,Yes,16.95
DARKROCK R120 2-Pack,https://pcpartpicker.com/product/BBWmP6/darkrock-r120-120-mm-fans-2-pack-dr-fan-r120-wt-x2,https://m.media-amazon.com/images/I/41WXy0LMq4L.jpg,120 mm,White,800 - 1600 RPM,,27.7 dB,Yes,14.99
Phanteks D30-120 Reversed,https://pcpartpicker.com/product/XBZXsY/phanteks-d30-120-reversed-615-cfm-120-mm-fan-ph-f120d30r_drgb_pwm_bk01,https://cdna.pcpartpicker.com/static/forever/images/product/838207bb897db2999352b9311fd79548.256p.jpg,120 mm,Black,250 - 2000 RPM,61.5 CFM,31.8 dB,Yes,29.99
Lian Li UNI FAN SL V2 3-Pack,https://pcpartpicker.com/product/K3KKHx/lian-li-uni-fan-sl-v2-645-cfm-120-mm-fans-3-pack-sl120v2-3w,https://cdna.pcpartpicker.com/static/forever/images/product/b228d97734974f9be7b5d25f8c95c9b4.256p.jpg,120 mm,White / Silver,250 - 2000 RPM,64.5 CFM,29.2 dB,Yes,
Fractal Design Momentum,https://pcpartpicker.com/product/Y4JBD3/fractal-design-momentum-7439-cfm-140-mm-fan-fd-f-mr1-1401,https://cdna.pcpartpicker.com/static/forever/images/product/97baa6cc86ce69f5f7faef8d978aebeb.256p.jpg,140 mm,Black,350 - 1800 RPM,74.39 CFM,28 dB,Yes,29.99
Thermaltake CT120 EX ARGB Sync 3-Pack,https://pcpartpicker.com/product/KNvscf/thermaltake-ct120-ex-argb-sync-68-cfm-120-mm-fans-3-pack-cl-f219-pl12pk-a,https://cdna.pcpartpicker.com/static/forever/images/product/73f12fe2f45730018a56beddce6d1321.256p.jpg,120 mm,Pink,500 - 2000 RPM,68 CFM,28.5 dB,Yes,59.99
Cooler Master SickleFlow 3-Pack,https://pcpartpicker.com/product/FCvqqs/cooler-master-sickleflow-62-cfm-120-mm-fans-3-pack-mfx-b2dn-183pa-r1,https://cdna.pcpartpicker.com/static/forever/images/product/3bc00832e5e8ffb3767246564b3c58c7.256p.jpg,120 mm,Black,650 - 1800 RPM,62 CFM,8 - 27 dB,Yes,
Thermalright TL-K12R,https://pcpartpicker.com/product/BTbRsY/thermalright-tl-k12r-69-cfm-120-mm-fan-tl-k12r,https://m.media-amazon.com/images/I/41klsuI1adL.jpg,120 mm,Black,2150 RPM,69 CFM,27 dB,Yes,
Noctua A20 PWM,https://pcpartpicker.com/product/xCx9TW/noctua-nf-a20-pwm-865-cfm-200mm-fan-nf-a20-pwm,https://m.media-amazon.com/images/I/51TKiwiJRzL.jpg,200 mm,Brown,350 - 800 RPM,59.33 - 86.46 CFM,10.7 - 18.1 dB,Yes,35.95
Thermaltake SWAFAN EX12 ARGB 3-Pack,https://pcpartpicker.com/product/tQcgXL/thermaltake-swafan-ex12-argb-5711-cfm-120-mm-fans-3-pack-cl-f167-pl12sw-a,https://m.media-amazon.com/images/I/41fMVKNkdqL.jpg,120 mm,Black,500 - 2000 RPM,56.26 - 57.11 CFM,30.6 - 32.5 dB,Yes,59.99
be quiet! Pure Wings 3,https://pcpartpicker.com/product/9B7scf/be-quiet-pure-wings-3-722-cfm-140-mm-fan-bl109,https://cdna.pcpartpicker.com/static/forever/images/product/549c75a0f59cc208992eab3399c9f694.256p.jpg,140 mm,Black,1800 RPM,72.2 CFM,30.5 dB,Yes,13.40
Lian Li UNI FAN P28,https://pcpartpicker.com/product/tMV2FT/lian-li-uni-fan-p28-92-cfm-120-mm-fan-p28120-1w,https://cdna.pcpartpicker.com/static/forever/images/product/7bba3150695f245d64090cce5625a019.256p.jpg,120 mm,White,200 - 2600 RPM,44.94 - 92 CFM,20.4 - 32.1 dB,Yes,38.53
Phanteks D30-120 3-Pack,https://pcpartpicker.com/product/vFGhP6/phanteks-d30-120-643-cfm-120-mm-fans-3-pack-ph-f120d30_drgb_pwm_wt01_3p,https://cdna.pcpartpicker.com/static/forever/images/product/c65bd49ad65d6200b644e22ff31d3f11.256p.jpg,120 mm,White,250 - 2000 RPM,64.3 CFM,30.2 dB,Yes,94.99
be quiet! Light Wings PWM 3-Pack,https://pcpartpicker.com/product/QFpzK8/be-quiet-light-wings-pwm-56-cfm-140-mm-fans-3-pack-bl078,https://cdna.pcpartpicker.com/static/forever/images/product/fa934f2fa7ed0007a594f193b73f4d2e.256p.jpg,140 mm,Black,1500 RPM,56 CFM,23.3 dB,Yes,59.90
ARCTIC P12 Pro PST CO,https://pcpartpicker.com/product/ZrnXsY/arctic-p12-pro-pst-co-77-cfm-120-mm-fan-acfan00312a,https://m.media-amazon.com/images/I/41bVJwOAskL.jpg,120 mm,Black,600 - 3000 RPM,77 CFM,,Yes,11.99
Corsair LL120,https://pcpartpicker.com/product/m8hj4D/corsair-ll120-rgb-led-4325-cfm-120-mm-fan-co-9050071-ww,https://cdna.pcpartpicker.com/static/forever/images/product/4e2045757086fab56d2420d84fcf9619.256p.jpg,120 mm,Black,600 - 1500 RPM,43.25 CFM,24.8 dB,Yes,
Phanteks M25G2-120 D-RGB 3-Pack,https://pcpartpicker.com/product/Dx62FT/phanteks-m25g2-120-d-rgb-7272-cfm-120-mm-fans-3-pack-ph-f120m25_g2_dwt01-_3p,https://cdna.pcpartpicker.com/static/forever/images/product/8427679d80f1662876afb473e3926592.256p.jpg,120 mm,White,350 - 2000 RPM,72.72 CFM,35.13 dB,Yes,37.98
Lian Li UNI FAN P28 3-Pack,https://pcpartpicker.com/product/qGP8TW/lian-li-uni-fan-p28-92-cfm-120-mm-fans-3-pack-p28120-3w,https://cdna.pcpartpicker.com/static/forever/images/product/767dcbe94d19f17e00d1e89c95646dcd.256p.jpg,120 mm,White,200 - 2600 RPM,44.94 - 92 CFM,20.4 - 32.1 dB,Yes,109.85
NZXT F140P (2024),https://pcpartpicker.com/product/FJLdnQ/nzxt-f140p-2024-932-cfm-140-mm-fan-rf-p14sf-b2,https://cdna.pcpartpicker.com/static/forever/images/product/c243d2d04d2622697fd4779d8c11b8e2.256p.jpg,140 mm,Black,500 - 1700 RPM,93.2 CFM,30 dB,Yes,17.38
Montech AX120,https://pcpartpicker.com/product/W8CZxr/montech-ax120-59-cfm-120-mm-fan-ax120-pwm-white,https://cdna.pcpartpicker.com/static/forever/images/product/50b68ba52dc6bb348cdba6208d5417d9.256p.jpg,120 mm,White,800 - 1600 RPM,59 CFM,27 dB,Yes,12.99
Vetroo ARGB120 3-Pack,https://pcpartpicker.com/product/BRddnQ/vetroo-argb120-481-cfm-120-mm-fans-3-pack-vt-fan-argb120-pk-x3,https://m.media-amazon.com/images/I/41bQpzE35iL.jpg,120 mm,Pink,1300 RPM,48.1 CFM,,Yes,29.99
NZXT F140Q (2024),https://pcpartpicker.com/product/sbJp99/nzxt-f140q-2024-1029-cfm-140-mm-fan-rf-q14sf-w2,https://cdna.pcpartpicker.com/static/forever/images/product/9551d3e3afedcbe5999324238ea822fe.256p.jpg,140 mm,White,500 - 1500 RPM,102.9 CFM,29.8 dB,Yes,16.98
Phanteks M25G2-140 3-Pack,https://pcpartpicker.com/product/L27MnQ/phanteks-m25g2-140-10178-cfm-140-mm-fans-3-pack-ph-f140m25_g2_bbk01_3p,https://cdna.pcpartpicker.com/static/forever/images/product/f6662febdc82c6ff2ad8c06ba9411b0d.256p.jpg,140 mm,Black,350 - 1800 RPM,101.78 CFM,36.4 dB,Yes,29.98
be quiet! Light Wings LX 3-Pack,https://pcpartpicker.com/product/yMqrxr/be-quiet-light-wings-lx-618-cfm-120-mm-fans-3-pack-bl125,https://cdna.pcpartpicker.com/static/forever/images/product/eeb7ce2ed5bcee3367b06cabe3543fce.256p.jpg,120 mm,White,2100 RPM,61.8 CFM,30.9 dB,Yes,54.50
Cooler Master MasterFan MF120 Halo²,https://pcpartpicker.com/product/j8YRsY/cooler-master-masterfan-mf120-halo2-5188-cfm-120-mm-fan-mfl-b2dn-21np2-r2,https://cdna.pcpartpicker.com/static/forever/images/product/08e34dd8a12a1b79bfda5bcf25499861.256p.jpg,120 mm,Black,,51.88 CFM,27 dB,Yes,17.10
ARCTIC BioniX P120 A-RGB 3-Pack,https://pcpartpicker.com/product/HRvdnQ/arctic-bionix-p120-a-rgb-48-cfm-120-mm-fans-3-pack-acfan00156a,https://cdna.pcpartpicker.com/static/forever/images/product/67da82473d87a8bf4b9b5ee686a39fd7.256p.jpg,120 mm,Black,400 - 2300 RPM,48 CFM,30 dB,Yes,190.33
ARCTIC P12 PST A-RGB 0dB,https://pcpartpicker.com/product/QpH7YJ/arctic-p12-pst-a-rgb-0db-488-cfm-120-mm-fan-acfan00231a,https://cdna.pcpartpicker.com/static/forever/images/product/e8abab56f66bcc6def3f81349df15575.256p.jpg,120 mm,Black,,48.8 CFM,,Yes,16.13
be quiet! Light Wings LX,https://pcpartpicker.com/product/d4pD4D/be-quiet-light-wings-lx-488-cfm-120-mm-fan-bl133,https://cdna.pcpartpicker.com/static/forever/images/product/c592190cde04a42ac35b0822e5495605.256p.jpg,120 mm,White,1500 RPM,48.8 CFM,28.5 dB,Yes,14.99
Lian Li Uni Fan AL,https://pcpartpicker.com/product/ZBTp99/lian-li-uni-fan-al-645-cfm-120-mm-fan-uf-al120-1b,https://cdna.pcpartpicker.com/static/forever/images/product/0b1a0bcf04cfc0adbde69df01a697447.256p.jpg,120 mm,Black,800 - 1900 RPM,64.5 CFM,17 - 28.3 dB,Yes,89.99
TRYX ROTA SL 3-Pack,https://pcpartpicker.com/product/bWfV3C/tryx-rota-sl-6564-cfm-120-mm-fans-3-pack-f-r120a-am3m-g0w,https://cdna.pcpartpicker.com/static/forever/images/product/ba2ea95f455e3a71199ba34a2bb733d6.256p.jpg,120 mm,White,500 - 1850 RPM,65.64 CFM,28.87 dB,Yes,79.98
Thermalright TL-C14CW,https://pcpartpicker.com/product/bW88TW/thermalright-tl-c14cw-758-cfm-140-mm-fan-tl-c14cw,https://m.media-amazon.com/images/I/41YyHeuV04L.jpg,140 mm,White,1500 RPM,75.8 CFM,26.4 dB,Yes,7.69
ARCTIC P9 Max,https://pcpartpicker.com/product/BcgZxr/arctic-p9-max-5825-cfm-92-mm-fan-acfan00300a,https://cdna.pcpartpicker.com/static/forever/images/product/6e38f60efa7ee6844d82e917bfa9b7ee.256p.jpg,92 mm,Black,450 - 4300 RPM,58.25 CFM,,Yes,9.99
Asus TUF Gaming TR120 ARGB 3-Pack,https://pcpartpicker.com/product/6QNscf/asus-tuf-gaming-tr120-argb-774-cfm-120-mm-fans-3-pack-tuf-gaming-tr120-fan-argb-white-3in1,https://m.media-amazon.com/images/I/31NchN2RzyL.jpg,120 mm,White,2000 RPM,77.4 CFM,29 dB,Yes,62.99
be quiet! Pure Wings 3 PWM 3-Pack,https://pcpartpicker.com/product/8fCCmG/be-quiet-pure-wings-3-pwm-471-cfm-120-mm-fans-3-pack-bl136,https://cdna.pcpartpicker.com/static/forever/images/product/f58db920a7ed4c3c9636904fcfe31e8b.256p.jpg,120 mm,White,1500 RPM,47.1 CFM,28.5 dB,Yes,32.65
HAVN H14 3-Pack,https://pcpartpicker.com/product/pBYfrH/havn-h14-8518-cfm-140-mm-fans-3-pack-hvn-fs-h1430-02-tri,https://cdna.pcpartpicker.com/static/forever/images/product/abaa5d624f5761855f6794ad331fd84f.256p.jpg,140 mm,Black,,85.18 CFM,30.8 dB,Yes,49.99
Corsair RS120 MAX 3-Pack,https://pcpartpicker.com/product/hv9wrH/corsair-rs120-max-72-cfm-120-mm-fans-3-pack-co-9050171-ww,https://cdna.pcpartpicker.com/static/forever/images/product/72585e390b95dc34181777a10eb7d892.256p.jpg,120 mm,Black,2000 RPM,16.5 - 72 CFM,29.5 dB,Yes,43.65
Lian Li UNI FAN P28,https://pcpartpicker.com/product/pXkH99/lian-li-uni-fan-p28-92-cfm-120-mm-fan-p28120-1b,https://cdna.pcpartpicker.com/static/forever/images/product/7e530ce27338c2e68c752f855db8c4d5.256p.jpg,120 mm,Black,200 - 2600 RPM,44.94 - 92 CFM,20.4 - 32.1 dB,Yes,
Noctua A9x14,https://pcpartpicker.com/product/PfXfrH/noctua-nf-a9x14-2972-cfm-92-mm-fan-nf-a9x14,https://m.media-amazon.com/images/I/41o2TmduwiL.jpg,92 mm,Brown,300 - 2200 RPM,22.42 - 29.72 CFM,13.5 - 19.89 dB,Yes,18.95
Fractal Design Momentum,https://pcpartpicker.com/product/Tsjv6h/fractal-design-momentum-6244-cfm-120-mm-fan-fd-f-mr1-1201,https://cdna.pcpartpicker.com/static/forever/images/product/97baa6cc86ce69f5f7faef8d978aebeb.256p.jpg,120 mm,Black,350 - 2200 RPM,62.44 CFM,28.03 dB,Yes,27.99
be quiet! Silent Wings Pro 4,https://pcpartpicker.com/product/9mzXsY/be-quiet-silent-wings-pro-4-9741-cfm-140-mm-fan-bl119,https://cdna.pcpartpicker.com/static/forever/images/product/e3b7cb80d7f1cf5db7fafd6702050acf.256p.jpg,140 mm,White,2400 RPM,97.41 CFM,36.8 dB,Yes,29.50
NZXT F120 RGB,https://pcpartpicker.com/product/XxD7YJ/nzxt-f120-rgb-5018-cfm-120-mm-fan-rf-r12sf-w1,https://m.media-amazon.com/images/I/41JNRrmZoGL.jpg,120 mm,White,500 - 1800 RPM,13.94 - 50.18 CFM,17.2 - 27.5 dB,Yes,24.99
Lian Li UNI SL120 3-Pack,https://pcpartpicker.com/product/fwsnTW/lian-li-uni-sl120-5854-cfm-120-mm-fans-3-pack-uf-sl120-3w,https://cdna.pcpartpicker.com/static/forever/images/product/22181fc8fcd6d435cd8196ba6cbb9a9a.256p.jpg,120 mm,White,800 - 1900 RPM,58.54 CFM,17 - 31 dB,Yes,
Thermalright TL-S12W X3 3-Pack,https://pcpartpicker.com/product/nzkH99/thermalright-tl-s12w-x3-476-cfm-120-mm-fans-3-pack-tl-s12w-x3,https://m.media-amazon.com/images/I/41gUwSsZD7L.jpg,120 mm,White,1500 RPM,47.6 CFM,23.2 dB,Yes,20.90
Jonsbo ZB-120BR,https://pcpartpicker.com/product/FFKnTW/jonsbo-zb-120br-6526-cfm-120-mm-fan-zb-120br,https://m.media-amazon.com/images/I/41WnGhnac3L.jpg,120 mm,Black,700 - 2400 RPM,20.95 - 65.26 CFM,20.3 - 36.6 dB,Yes,14.49
Jonsbo SL-120W,https://pcpartpicker.com/product/ctBFf7/jonsbo-sl-120w-5948-cfm-120-mm-fan-sl-120w,https://cdna.pcpartpicker.com/static/forever/images/product/49db760051800ca2ba13564d097e4f4b.256p.jpg,120 mm,White,600 - 1500 RPM,28.12 - 59.48 CFM,22 - 32 dB,Yes,
Thermaltake SWAFAN GT14,https://pcpartpicker.com/product/FKKscf/thermaltake-swafan-gt14-5817-cfm-140-mm-fan-cl-f157-pl14bl-a,https://cdna.pcpartpicker.com/static/forever/images/product/c080313487f9b1c7df06918de9528f90.256p.jpg,140 mm,Black,500 - 2000 RPM,54.71 - 58.17 CFM,26.5 - 29.8 dB,Yes,32.89
Phanteks M25G2-140 D-RGB 3-Pack,https://pcpartpicker.com/product/yk62FT/phanteks-m25g2-140-d-rgb-10178-cfm-140-mm-fans-3-pack-ph-f140m25_g2_dbk01-_3p,https://cdna.pcpartpicker.com/static/forever/images/product/a8dd06f9c59c0d5c6f6ff48051b07172.256p.jpg,140 mm,Black,350 - 1800 RPM,101.78 CFM,36.4 dB,Yes,39.99
Asiahorse DAWN 3-Pack,https://pcpartpicker.com/product/hGVfrH/asiahorse-dawn-71-cfm-120-mm-fans-3-pack-dawn-white-3pack-r,/static/forever/img/no-image.png,120 mm,White,900 - 1850 RPM,71 CFM,6 - 29 dB,Yes,
NZXT F120 RGB DUO 3-Pack,https://pcpartpicker.com/product/rWYmP6/nzxt-f120-rgb-duo-4858-cfm-120-mm-fans-3-pack-rf-d12tf-w1,https://cdna.pcpartpicker.com/static/forever/images/product/74c192fd62dd887b4df67b6eda60e290.256p.jpg,120 mm,White,500 - 1800 RPM,48.58 CFM,29 dB,Yes,91.99
Xilence XPF60.S.W,https://pcpartpicker.com/product/pcXV3C/xilence-xpf60sw-12-cfm-60-mm-fan-xf032,https://cdna.pcpartpicker.com/static/forever/images/product/27511fff48934cf877e267a3e74bb985.256p.jpg,60 mm,Black,2100 RPM,12 CFM,22 dB,No,
be quiet! Pure Wings 3 PWM,https://pcpartpicker.com/product/fb6NnQ/be-quiet-pure-wings-3-pwm-499-cfm-120-mm-fan-bl110,https://cdna.pcpartpicker.com/static/forever/images/product/9cf450030d354e10b3c892a0ea713a13.256p.jpg,120 mm,White,1600 RPM,,25.5 dB,Yes,13.50
Deepcool FK120 3-Pack,https://pcpartpicker.com/product/JC7G3C/deepcool-fk120-6899-cfm-120-mm-fans-3-pack-r-fk120-bknpf3-g-1,https://cdna.pcpartpicker.com/static/forever/images/product/0c2c8003f461f8ef5b6409f86d104f4e.256p.jpg,120 mm,Black,500 - 1850 RPM,68.99 CFM,28 dB,Yes,
Corsair RS140 2-Pack,https://pcpartpicker.com/product/v3LdnQ/corsair-rs140-955-cfm-140-mm-fans-2-pack-co-9050195-ww,https://cdna.pcpartpicker.com/static/forever/images/product/295bafa699dca6275fef827fc6341549.256p.jpg,140 mm,White,330 - 1700 RPM,14.6 - 95.5 CFM,10 - 36 dB,Yes,34.99
Lian Li Uni Fan SL 2-Pack,https://pcpartpicker.com/product/tjjNnQ/lian-li-uni-fan-sl-705-cfm-140-mm-fans-2-pack-uf-sl140-2w,https://cdna.pcpartpicker.com/static/forever/images/product/0bb11bfa83c810ff417b3d12850bdb95.256p.jpg,140 mm,White,500 - 1500 RPM,70.5 CFM,30 dB,Yes,87.02
be quiet! Pure Wings 3 PWM High-Speed 3-Pack,https://pcpartpicker.com/product/2XWmP6/be-quiet-pure-wings-3-pwm-high-speed-596-cfm-120-mm-fans-3-pack-bl140,https://cdna.pcpartpicker.com/static/forever/images/product/5af79eac884f51f849aa01eabfd2a1cf.256p.jpg,120 mm,Black,2100 RPM,59.6 CFM,30.9 dB,Yes,32.50
Noctua S12A PWM,https://pcpartpicker.com/product/BgvRsY/noctua-case-fan-nfs12apwm,https://cdna.pcpartpicker.com/static/forever/images/product/593f7070efbfeabc3d6b8274cd6e5c43.256p.jpg,120 mm,Brown,300 - 1200 RPM,,10.7 - 17.8 dB,Yes,21.95
Thermalright TL-P9,https://pcpartpicker.com/product/ktsV3C/thermalright-tl-p9-3277-cfm-92-mm-fan-tl-p9w-s,https://m.media-amazon.com/images/I/31aISBKpruL.jpg,92 mm,White,2200 RPM,32.77 CFM,23.85 dB,Yes,9.90
be quiet! Pure Wings 2,https://pcpartpicker.com/product/M6vZxr/be-quiet-pure-wings-2-120-870-cfm-120mm-fan-bl039,https://cdna.pcpartpicker.com/static/forever/images/product/18bca281d075fbe2f8e92685bcff792f.256p.jpg,120 mm,Black,500 - 1500 RPM,51.4 - 87 CFM,20.2 dB,Yes,
Thermaltake CT140 2-Pack,https://pcpartpicker.com/product/G7hv6h/thermaltake-ct140-7737-cfm-140-mm-fans-2-pack-cl-f148-pl14bl-a,https://m.media-amazon.com/images/I/51Y3EzmcJTL.jpg,140 mm,Black,500 - 1500 RPM,77.37 CFM,,Yes,29.99
ARCTIC P12 Max 5-Pack,https://pcpartpicker.com/product/GCV2FT/arctic-p12-max-8104-cfm-120-mm-fans-5-pack-acfan00289a,https://cdna.pcpartpicker.com/static/forever/images/product/97962d8d9a1aff753695ee59b6ff11f5.256p.jpg,120 mm,Black,200 - 3300 RPM,81.04 CFM,,Yes,
Corsair iCUE LINK LX140 RGB 2-Pack,https://pcpartpicker.com/product/gkYRsY/corsair-icue-link-lx140-rgb-847-cfm-140-mm-fans-2-pack-co-9051032-ww,https://cdna.pcpartpicker.com/static/forever/images/product/7911641b07fa4b8ab1d37ab3ac060f7b.256p.jpg,140 mm,White,350 - 2000 RPM,10.74 - 84.7 CFM,10 - 36 dB,Yes,119.99
Phanteks M25-120 PWM D-RGB,https://pcpartpicker.com/product/2jjBD3/phanteks-m25-120-pwm-d-rgb-8426-cfm-120-mm-fan-ph-f120m25_drgb_pwm_bk01,https://cdna.pcpartpicker.com/static/forever/images/product/7e26024bd8a7e2ee81ba755fefa55052.256p.jpg,120 mm,Black,500 - 2000 RPM,84.26 CFM,35.7 dB,Yes,
Phanteks M25G2-140 D-RGB Reverse 3-Pack,https://pcpartpicker.com/product/Pn7MnQ/phanteks-m25g2-140-d-rgb-reverse-10007-cfm-140-mm-fans-3-pack-ph-f140m25r_g2_dbk01_3p,https://cdna.pcpartpicker.com/static/forever/images/product/cb93250a42875557415e1ca6c129fff8.256p.jpg,140 mm,Black,350 - 1800 RPM,100.07 CFM,40.95 dB,Yes,41.98
Thermalright TL-E12B-S V3,https://pcpartpicker.com/product/P2grxr/thermalright-tl-e12b-s-v3-7237-cfm-120-mm-fan-tl-e12b-s-v3,/static/forever/img/no-image.png,120 mm,Black,2000 RPM,72.37 CFM,27.7 dB,Yes,7.90
ARCTIC P12,https://pcpartpicker.com/product/NPZFf7/arctic-p12-563-cfm-120-mm-fan-acfan00119a,https://cdna.pcpartpicker.com/static/forever/images/product/1adea8098b57e3dc5484a43e235423ad.256p.jpg,120 mm,Black / Transparent,200 - 1800 RPM,56.3 CFM,22.5 dB,Yes,
be quiet! Light Wings PWM,https://pcpartpicker.com/product/tcVmP6/be-quiet-light-wings-pwm-56-cfm-140-mm-fan-bl074,https://cdna.pcpartpicker.com/static/forever/images/product/3ef9d72b1736a8d5f56f8673ae20e274.256p.jpg,140 mm,Black,1500 RPM,56 CFM,23.3 dB,Yes,27.90
Thermalright TL-S12W-S X3 3-Pack,https://pcpartpicker.com/product/fbV2FT/thermalright-tl-s12w-s-x3-476-cfm-120-mm-fans-3-pack-tl-s12w-s-x3,https://m.media-amazon.com/images/I/41jqKmFrS3L.jpg,120 mm,White,1500 RPM,47.6 CFM,23 - 23.2 dB,Yes,
Cooler Master SickleFlow,https://pcpartpicker.com/product/KsBhP6/cooler-master-sickleflow-120-62-cfm-120-mm-fan-mfx-b2nn-18npk-r1,https://cdna.pcpartpicker.com/static/forever/images/product/397240c2f3c12c04f99893fae51c1443.256p.jpg,120 mm,Black,650 - 1800 RPM,62 CFM,8 - 27 dB,Yes,19.98
Asus TUF Gaming TR120 ARGB 3-Pack,https://pcpartpicker.com/product/KzYfrH/asus-tuf-gaming-tr120-argb-763-cfm-120-mm-fans-3-pack-tuf-gaming-tr120-fan-argb-reverse-black-3in1,https://cdna.pcpartpicker.com/static/forever/images/product/9e0b8c577363101e9faf5ed53428c0cd.256p.jpg,120 mm,Black,2000 RPM,76.3 CFM,29 dB,Yes,
be quiet! Light Wings PWM 3-Pack,https://pcpartpicker.com/product/qxkWGX/be-quiet-light-wings-pwm-4151-cfm-120-mm-fans-3-pack-bl076,https://cdna.pcpartpicker.com/static/forever/images/product/e6caaa9775dd8b6175ab4fcd8b5621a6.256p.jpg,120 mm,Black,1700 RPM,41.51 CFM,20.6 dB,Yes,54.90
Thermaltake Riing Trio 14 RGB TT Premium Edition 3-Pack,https://pcpartpicker.com/product/9VPKHx/thermaltake-riing-trio-14-rgb-tt-6068-cfm-140-mm-fans-3-pack-cl-f077-pl14sw-a,https://m.media-amazon.com/images/I/419VVjGqwtL.jpg,140 mm,Black,500 - 1400 RPM,60.68 CFM,26.5 dB,Yes,167.94
Fractal Design Aspect 12 PWM,https://pcpartpicker.com/product/VzkWGX/fractal-design-aspect-12-pwm-56-cfm-120-mm-fan-fd-f-as1-1203,https://cdna.pcpartpicker.com/static/forever/images/product/b8d7aa7fec809a3ed0b1aca3ba95d8f2.256p.jpg,120 mm,Black,500 - 2000 RPM,13 - 56 CFM,10 - 33.2 dB,Yes,
Noctua NF-A6x25-PWM,https://pcpartpicker.com/product/Ldw7YJ/noctua-nf-a6x25-pwm-1719-cfm-60-mm-fan-nf-a6x25-pwm,https://cdna.pcpartpicker.com/static/forever/images/product/195d8abcdc0a360f01fdc90e5341d6f8.256p.jpg,60 mm,Brown,550 - 3000 RPM,13.3 - 17.19 CFM,13.7 - 19.3 dB,Yes,16.95
Thermalright TL-H12-X28-S,https://pcpartpicker.com/product/kh3WGX/thermalright-tl-h12-x28-s-8045-cfm-120-mm-fan-tl-h12-x28-s,https://m.media-amazon.com/images/I/41jL06IXtjL.jpg,120 mm,Black,2150 RPM,80.45 CFM,29.4 dB,Yes,7.90
Thermalright TL-P9,https://pcpartpicker.com/product/xMDQzy/thermalright-tl-p9-3277-cfm-92-mm-fan-tl-p9-s,https://m.media-amazon.com/images/I/41hAAJDC6TL.jpg,92 mm,Black,2200 RPM,32.77 CFM,23.85 dB,Yes,9.90
ARCTIC P8,https://pcpartpicker.com/product/pK3mP6/arctic-p8-234-cfm-80-mm-fan-acfan00147a,https://cdna.pcpartpicker.com/static/forever/images/product/b201f87b242229a5b03c04b34c7670a7.256p.jpg,80 mm,Black,3000 RPM,23.4 CFM,,No,7.99
Corsair iCUE QL120 3-Pack,https://pcpartpicker.com/product/TkqBD3/corsair-icue-ql120-rgb-418-cfm-120-mm-fans-3-pack-co-9050104-ww,https://cdna.pcpartpicker.com/static/forever/images/product/445c7fe540ee239784f78c6472855754.256p.jpg,120 mm,White / Black,525 - 1500 RPM,41.8 CFM,26 dB,Yes,
Noctua A14 industrialPPC-2000 IP67 PWM,https://pcpartpicker.com/product/4s6BD3/noctua-case-fan-nfa14industrialppc2000ip67pwm,https://m.media-amazon.com/images/I/41sj0yiPPaL.jpg,140 mm,Brown / Black,500 - 2000 RPM,107.41 CFM,31.5 dB,Yes,34.95
be quiet! Light Wings PWM high-speed,https://pcpartpicker.com/product/gRM48d/be-quiet-light-wings-pwm-high-speed-717-cfm-140-mm-fan-bl075,https://cdna.pcpartpicker.com/static/forever/images/product/77aedde5cd0a3998ce45bd48dc585e2f.256p.jpg,140 mm,Black,2200 RPM,71.7 CFM,31 dB,Yes,27.90
Asiahorse Nyota,https://pcpartpicker.com/product/fsFCmG/asiahorse-nyota-615-cfm-120-mm-fan-nyota-a12-white-1pack-de,https://m.media-amazon.com/images/I/41e4Ll2dcjL.jpg,120 mm,White,800 - 2000 RPM,61.5 CFM,,Yes,
HYTE flow FA12 3-Pack,https://pcpartpicker.com/product/BmpQzy/hyte-flow-fa12-72-cfm-120-mm-fans-3-pack-fan-hyte-001,https://cdna.pcpartpicker.com/static/forever/images/product/a7860862b7c6cc47582a2d9e2ded095e.256p.jpg,120 mm,Black / White,1500 RPM,72 CFM,28 dB,Yes,
Thermaltake TOUGHFAN 2-Pack,https://pcpartpicker.com/product/JPFbt6/thermaltake-toughfan-1191-cfm-140-mm-fans-2-pack-cl-f085-pl14bl-a,https://cdna.pcpartpicker.com/static/forever/images/product/a55dad7fdd34adcb4d0db5fd67f7a48b.256p.jpg,140 mm,Black,500 - 2000 RPM,119.1 CFM,25.2 - 33.2 dB,Yes,34.99
Thermaltake CT120 EX ARGB Sync 3-Pack,https://pcpartpicker.com/product/y9zXsY/thermaltake-ct120-ex-argb-sync-68-cfm-120-mm-fans-3-pack-cl-f181-pl12sw-a,https://cdna.pcpartpicker.com/static/forever/images/product/f7b7a0e07c4e6065067674b0626305b2.256p.jpg,120 mm,Black,500 - 2000 RPM,68 CFM,28.5 dB,Yes,59.99
NZXT F RGB Core 2-Pack,https://pcpartpicker.com/product/2288TW/nzxt-f-rgb-core-8948-cfm-140-mm-fans-2-pack-rf-c14hf-b1,https://m.media-amazon.com/images/I/41jBmqHmMfL.jpg,140 mm,Black,500 - 1800 RPM,24.85 - 89.48 CFM,20 - 32.5 dB,Yes,
Deepcool FL12R 3-Pack,https://pcpartpicker.com/product/3CKnTW/deepcool-fl12r-55-cfm-120-mm-fans-3-pack-r-fl12r-bkapn3-g,https://cdna.pcpartpicker.com/static/forever/images/product/79320adea2887e06ff8b5eec89509d67.256p.jpg,120 mm,Black,500 - 2150 RPM,55 CFM,32 dB,Yes,
ID-COOLING AF-ARGB-K 3-Pack,https://pcpartpicker.com/product/jhNYcf/id-cooling-af-argb-k-78-cfm-120-mm-fans-3-pack-af-127-argb-k-trio,https://m.media-amazon.com/images/I/41f2h4FLC1L.jpg,120 mm,Black,500 - 2000 RPM,78 CFM,29.9 dB,Yes,33.99
Cooler Master MOBIUS 120P ARGB,https://pcpartpicker.com/product/76XV3C/cooler-master-mobius-120p-argb-752-cfm-120-mm-fan-mfz-m2dn-24np2-r1,https://cdna.pcpartpicker.com/static/forever/images/product/9303d66e79a38a3d6a352bfe451def35.256p.jpg,120 mm,Black,,75.2 CFM,30 dB,Yes,32.29
Phanteks PH-F140D30,https://pcpartpicker.com/product/JXFmP6/phanteks-ph-f140d30-7193-cfm-140-mm-fan-ph-f140d30_drgb_pwm_bk01,https://cdna.pcpartpicker.com/static/forever/images/product/7929b222fca2887770364b6c58aacb19.256p.jpg,140 mm,Black,250 - 1800 RPM,71.93 CFM,29.5 dB,Yes,38.98
be quiet! Pure Wings 3 PWM 3-Pack,https://pcpartpicker.com/product/rZvscf/be-quiet-pure-wings-3-pwm-574-cfm-120-mm-fans-3-pack-bl139,https://cdna.pcpartpicker.com/static/forever/images/product/73bdbe3c19bc85ea9475c612064cfb3f.256p.jpg,120 mm,Black,1200 RPM,57.4 CFM,21.9 dB,Yes,29.90
ARCTIC P14 PST 5-Pack,https://pcpartpicker.com/product/62hKHx/arctic-p14-pst-728-cfm-140-mm-fans-5-pack-acfan00138a,https://cdna.pcpartpicker.com/static/forever/images/product/c56a6c2104abccea94276d8b4db0feff.256p.jpg,140 mm,Black,200 - 1700 RPM,72.8 CFM,22.5 dB,Yes,38.97
Noctua NF-A14x25r G2 PWM Sx2-PP chromax.black 2-Pack,https://pcpartpicker.com/product/2nJBD3/noctua-nf-a14x25r-g2-pwm-sx2-pp-chromaxblack-9158-cfm-140-mm-fans-2-pack-nf-a14x25r-g2-pwm-sx2-pp-chromaxblack,https://cdna.pcpartpicker.com/static/forever/images/product/2523dc8128481ad3951f39aa40443511.256p.jpg,140 mm,Black,,0 - 91.58 CFM,0 - 24.8 dB,Yes,96.10
be quiet! Pure Wings 2,https://pcpartpicker.com/product/BWM323/be-quiet-pure-wings-2-263-cfm-80-mm-fan-bl037,https://cdna.pcpartpicker.com/static/forever/images/product/c5eaf39d4db2f15daca6b1dcfcba7972.256p.jpg,80 mm,Black,450 - 1900 RPM,26.3 CFM,19.2 dB,Yes,
Alphacool 24845,https://pcpartpicker.com/product/h3jv6h/alphacool-24845-1198-cfm-120-mm-fan-24845,https://m.media-amazon.com/images/I/41HE92+yJaL.jpg,120 mm,Black,4000 RPM,119.8 CFM,30 - 49.5 dB,Yes,13.75
Fractal Design Aspect 12 RGB PWM,https://pcpartpicker.com/product/8BTp99/fractal-design-aspect-12-rgb-pwm-56-cfm-120-mm-fan-fd-f-as1-1205,https://cdna.pcpartpicker.com/static/forever/images/product/d93b4fe24e352b2943a2def6fd517784.256p.jpg,120 mm,Black,500 - 2000 RPM,13 - 56 CFM,10 - 33.2 dB,Yes,25.10
be quiet! Pure Wings 3 PWM High-Speed,https://pcpartpicker.com/product/nDyH99/be-quiet-pure-wings-3-pwm-high-speed-596-cfm-120-mm-fan-bl111,https://cdna.pcpartpicker.com/static/forever/images/product/ce2edad78abaabbc54e475ffbf1f5adf.256p.jpg,120 mm,White,2100 RPM,59.6 CFM,30.9 dB,Yes,13.50
HAVN H12 3-Pack,https://pcpartpicker.com/product/vjKnTW/havn-h12-7244-cfm-120-mm-fans-3-pack-hvn-fs-h1230-02-tri,https://cdna.pcpartpicker.com/static/forever/images/product/dfb22d359e00bcd98180674a78c4519f.256p.jpg,120 mm,Black,,72.44 CFM,32.2 dB,Yes,44.99
Lian Li UNI FAN SL V2,https://pcpartpicker.com/product/FgRYcf/lian-li-uni-fan-sl-v2-776-cfm-140-mm-fan-sl140v2-1w,https://cdna.pcpartpicker.com/static/forever/images/product/630b98032872b88387431ac7e5b21b8a.256p.jpg,140 mm,White / Silver,250 - 1600 RPM,77.6 CFM,29 dB,Yes,
Thermaltake CT,https://pcpartpicker.com/product/BZfV3C/thermaltake-ct-1316-cfm-200-mm-fan-cl-f177-pl20bl-a,https://m.media-amazon.com/images/I/41H1PcC-K9L.jpg,200 mm,Black,500 - 900 RPM,131.6 CFM,27.2 dB,Yes,19.98
HAVN H14,https://pcpartpicker.com/product/HG62FT/havn-h14-8518-cfm-140-mm-fan-hvn-fs-h1430-02,https://cdna.pcpartpicker.com/static/forever/images/product/8174fa9604002333a3e49b0405d1712a.256p.jpg,140 mm,Black,,85.18 CFM,30.8 dB,Yes,19.98
Deepcool FL12 3-Pack,https://pcpartpicker.com/product/Wp2j4D/deepcool-fl12-55-cfm-120-mm-fans-3-pack-r-fl12-whapn3-g,https://cdna.pcpartpicker.com/static/forever/images/product/41a80f7a2f4867097ec2254f4fa75fcc.256p.jpg,120 mm,White,500 - 2150 RPM,55 CFM,32 dB,Yes,
ID-COOLING AS-120,https://pcpartpicker.com/product/MNHqqs/id-cooling-as-120-58-cfm-120-mm-fan-as-120-k,https://cdna.pcpartpicker.com/static/forever/images/product/feef12d641794c00c3f4f6196aa8d2f7.256p.jpg,120 mm,Black,300 - 2000 RPM,58 CFM,27.2 dB,Yes,
NZXT F140 RGB 2-Pack,https://pcpartpicker.com/product/qc3gXL/nzxt-f140-rgb-8948-cfm-140-mm-fans-2-pack-rf-r14df-w1,https://cdna.pcpartpicker.com/static/forever/images/product/169f1e2a3047b41091cbb92c8419fe89.256p.jpg,140 mm,White,500 - 1800 RPM,24.85 - 89.48 CFM,20 - 32.5 dB,Yes,60.58
Cooler Master MasterFan MF140 Halo²,https://pcpartpicker.com/product/BQZXsY/cooler-master-masterfan-mf140-halo2-5951-cfm-140-mm-fan-mfl-b4dn-16np2-r2,https://cdna.pcpartpicker.com/static/forever/images/product/08e34dd8a12a1b79bfda5bcf25499861.256p.jpg,140 mm,Black,,59.51 CFM,27 dB,Yes,25.99
Montech RX120,https://pcpartpicker.com/product/j79wrH/montech-rx120-59-cfm-120-mm-fan-rx120-pwm-white,https://cdna.pcpartpicker.com/static/forever/images/product/ecbeafd2e515ff3535b5a65c61e77d19.256p.jpg,120 mm,White,800 - 1600 RPM,59 CFM,27 dB,Yes,
ARCTIC P9 PWM PST,https://pcpartpicker.com/product/j262FT/arctic-p9-pwm-pst-3883-cfm-92-mm-fan-acfan00298a,https://cdna.pcpartpicker.com/static/forever/images/product/b647711eb3c9d398385d82c2a634949a.256p.jpg,92 mm,Black,200 - 3000 RPM,38.83 CFM,,Yes,8.49
Phanteks M25G2-140 D-RGB Reverse 3-Pack,https://pcpartpicker.com/product/Jb8Pxr/phanteks-m25g2-140-d-rgb-reverse-10007-cfm-140-mm-fans-3-pack-ph-f140m25r_g2_dwt01-_3p,https://cdna.pcpartpicker.com/static/forever/images/product/4eb606a59465ccc7019c55c7759c9697.256p.jpg,140 mm,White,350 - 1800 RPM,100.07 CFM,40.95 dB,Yes,38.98
Thermalright TL-K12,https://pcpartpicker.com/product/ZmRwrH/thermalright-tl-k12-69-cfm-120-mm-fan-tl-k12w,https://m.media-amazon.com/images/I/41dATg46spL.jpg,120 mm,White,2150 RPM,69 CFM,27 dB,Yes,11.90
Corsair iCUE SP120 RGB ELITE,https://pcpartpicker.com/product/M9Gbt6/corsair-icue-sp120-rgb-elite-477-cfm-120-mm-fan-co-9050108-ww,https://cdna.pcpartpicker.com/static/forever/images/product/3721abd9b07452461d7dcae78306355e.256p.jpg,120 mm,Black / White,400 - 1500 RPM,,,Yes,
Cooler Master SickleFlow,https://pcpartpicker.com/product/sZPgXL/cooler-master-sickleflow-120-argb-62-cfm-120-mm-fan-mfx-b2dn-18npa-r1,https://cdna.pcpartpicker.com/static/forever/images/product/ea6e6b413867f36355eef236ac36b89e.256p.jpg,120 mm,Black,650 - 1800 RPM,62 CFM,8 - 27 dB,Yes,
Lian Li UNI SL120 3-Pack,https://pcpartpicker.com/product/YsGnTW/lian-li-uni-sl120-5854-cfm-120-mm-fans-3-pack-uf-sl120-3b,https://cdna.pcpartpicker.com/static/forever/images/product/663f45f992e0ffe5ebfd9b86f028b4c4.256p.jpg,120 mm,Black,800 - 1900 RPM,58.54 CFM,17 - 31 dB,Yes,
Thermalright TL-9015,https://pcpartpicker.com/product/mCZXsY/thermalright-tl-9015-4258-cfm-92-mm-fan-tl-9015-d6,https://m.media-amazon.com/images/I/51gFUEF5PdL.jpg,92 mm,Gray,2700 RPM,42.58 CFM,22.4 dB,Yes,7.49
Montech Metal Pro 3-Pack,https://pcpartpicker.com/product/gNvscf/montech-metal-pro-762-cfm-120-mm-fans-3-pack-metalpro12b3in1,https://m.media-amazon.com/images/I/41Yvcps1knL.jpg,120 mm,Black,600 - 2200 RPM,76.2 CFM,29.1 dB,Yes,49.90
Jonsbo ZA-120BR,https://pcpartpicker.com/product/4VQwrH/jonsbo-za-120br-4458-cfm-120-mm-fan-za-120br,https://m.media-amazon.com/images/I/41YaBtCz7jL.jpg,120 mm,Black,700 - 1800 RPM,19.46 - 44.58 CFM,17.3 - 31.6 dB,Yes,14.99
NZXT F140 RGB DUO 2-Pack,https://pcpartpicker.com/product/jLC48d/nzxt-f140-rgb-duo-8475-cfm-140-mm-fans-2-pack-rf-d14df-b1,https://cdna.pcpartpicker.com/static/forever/images/product/d9b9ca6aa8c9f61aaba6c9c3cd47853b.256p.jpg,140 mm,Black,500 - 1800 RPM,84.75 CFM,36 dB,Yes,84.99
Lian Li UNI FAN AL140 V2,https://pcpartpicker.com/product/nskH99/lian-li-uni-fan-al140-v2-813-cfm-140-mm-fan-al140v2-1b,https://cdna.pcpartpicker.com/static/forever/images/product/9dcfdc4abcc6bba8c1a86c2364311291.256p.jpg,140 mm,Black,250 - 1600 RPM,81.3 CFM,26.8 dB,Yes,26.00
be quiet! Light Wings PWM,https://pcpartpicker.com/product/HkRYcf/be-quiet-light-wings-pwm-4151-cfm-120-mm-fan-bl072,https://cdna.pcpartpicker.com/static/forever/images/product/140a8cb525d52afc7a5905db3f66dd1a.256p.jpg,120 mm,Black,1700 RPM,41.51 CFM,20.6 dB,Yes,24.88
Phanteks D30-120 Reversed,https://pcpartpicker.com/product/HjpQzy/phanteks-d30-120-reversed-615-cfm-120-mm-fan-ph-f120d30r_drgb_pwm_wt01,https://cdna.pcpartpicker.com/static/forever/images/product/8e4f11149d91c496eba0a8be62f48233.256p.jpg,120 mm,White,250 - 2000 RPM,61.5 CFM,31.8 dB,Yes,31.98
Corsair RS120 MAX,https://pcpartpicker.com/product/XVvD4D/corsair-rs120-max-72-cfm-120-mm-fan-co-9050170-ww,https://cdna.pcpartpicker.com/static/forever/images/product/f1ff96aee5738ff31bb2f01a351abd58.256p.jpg,120 mm,Black,2000 RPM,16.5 - 72 CFM,29.5 dB,Yes,29.99
ID-COOLING ZF,https://pcpartpicker.com/product/HtZzK8/id-cooling-zf-12025-pink-552-cfm-120-mm-fan-zf-12025-pink,https://m.media-amazon.com/images/I/41LjpU1LxHL.jpg,120 mm,Pink / White,900 - 2000 RPM,,16.3 - 33.5 dB,Yes,
NZXT F140 RGB,https://pcpartpicker.com/product/tjPQzy/nzxt-f140-rgb-8948-cfm-140-mm-fan-rf-r14sf-w1,https://cdna.pcpartpicker.com/static/forever/images/product/f0cabedd1849860f3f00943077ebeca7.256p.jpg,140 mm,White,500 - 1800 RPM,24.85 - 89.48 CFM,20 - 32.5 dB,Yes,26.99
NZXT AER RGB 2,https://pcpartpicker.com/product/XMNv6h/nzxt-aer-rgb-2-5244-cfm-120-mm-fan-hf-28120-b1,https://cdna.pcpartpicker.com/static/forever/images/product/b19d6a6fea838158bcca998fcae5e6b0.256p.jpg,120 mm,Black,500 - 1500 RPM,17.48 - 52.44 CFM,22 - 33 dB,Yes,35.98
Lian Li UNI FAN P28 3-Pack,https://pcpartpicker.com/product/gVWJ7P/lian-li-uni-fan-p28-92-cfm-120-mm-fans-3-pack-p28120-3b,https://cdna.pcpartpicker.com/static/forever/images/product/286991bb582f49f94c60df2e5e3f5fc6.256p.jpg,120 mm,Black,200 - 2600 RPM,44.94 - 92 CFM,20.4 - 32.1 dB,Yes,
Corsair iCUE LINK RX140 MAX Starter Kit 2-Pack,https://pcpartpicker.com/product/bsRwrH/corsair-icue-link-rx140-max-starter-kit-1035-cfm-140-mm-fans-2-pack-co-9051043-ww,https://cdna.pcpartpicker.com/static/forever/images/product/8c2a49f4ba192849cd924888ad2db0b5.256p.jpg,140 mm,Black,300 - 1600 RPM,27.5 - 103.5 CFM,10 - 31 dB,Yes,54.98
Scythe Wonder Tornado 3-Pack,https://pcpartpicker.com/product/8p9nTW/scythe-wonder-tornado-6029-cfm-120-mm-fans-3-pack-wt1225fd20x3-p,https://m.media-amazon.com/images/I/41DbMkhPwxL.jpg,120 mm,Black,350 - 2000 RPM,7.68 - 60.29 CFM,3 - 26.88 dB,Yes,29.99
Jonsbo ZA-120WR,https://pcpartpicker.com/product/nBpD4D/jonsbo-za-120wr-4458-cfm-120-mm-fan-za-120wr,https://m.media-amazon.com/images/I/41R1S-nBS-L.jpg,120 mm,White,700 - 1800 RPM,19.46 - 44.58 CFM,17.3 - 31.6 dB,Yes,16.50
Lian Li UNI FAN TL 120 3-Pack,https://pcpartpicker.com/product/BHLdnQ/lian-li-uni-fan-tl-120-901-cfm-120-mm-fans-3-pack-12tl3b,https://cdna.pcpartpicker.com/static/forever/images/product/3cce1f17a7368e312aee0c25efddf016.256p.jpg,120 mm,Black,200 - 2600 RPM,90.1 CFM,33 dB,No,
MSI MPG EZ120 3-Pack,https://pcpartpicker.com/product/F8grxr/msi-mpg-ez120-7382-cfm-120-mm-fans-3-pack-mpg-ez120-argb-white-3w,https://cdna.pcpartpicker.com/static/forever/images/product/88fdd2144554efb6e9867e611e37dfaf.256p.jpg,120 mm,White,,0 - 73.82 CFM,0 - 28.82 dB,Yes,79.99
Thermalright TL-C12CW,https://pcpartpicker.com/product/rrpQzy/thermalright-tl-c12cw-6617-cfm-120-mm-fan-tl-c12cw,https://m.media-amazon.com/images/I/41l9x8PeFmL.jpg,120 mm,White,1550 RPM,66.17 CFM,25.6 dB,Yes,8.90
ARCTIC P12 Max,https://pcpartpicker.com/product/LQ9wrH/arctic-p12-max-8104-cfm-120-mm-fan-acfan00293a,https://m.media-amazon.com/images/I/41Hjk7YEWhL.jpg,120 mm,White,200 - 3300 RPM,81.04 CFM,,Yes,
Thermaltake SWAFAN EX14 ARGB 3-Pack,https://pcpartpicker.com/product/qhFmP6/thermaltake-swafan-ex14-argb-816-cfm-140-mm-fans-3-pack-cl-f168-pl14sw-a,https://m.media-amazon.com/images/I/41fMVKNkdqL.jpg,140 mm,Black,500 - 2000 RPM,79.3 - 81.6 CFM,34.5 - 38.8 dB,Yes,89.99
Corsair RS140,https://pcpartpicker.com/product/d94Zxr/corsair-rs140-955-cfm-140-mm-fan-co-9050190-ww,https://cdna.pcpartpicker.com/static/forever/images/product/bacae5e1fd238bee10dc6408f079c81d.256p.jpg,140 mm,Black,330 - 1700 RPM,14.6 - 95.5 CFM,10 - 36 dB,Yes,19.98
Phanteks M25-120 PWM,https://pcpartpicker.com/product/jv8bt6/phanteks-m25-120-pwm-8426-cfm-120-mm-fan-ph-f120m25_pwm_bbk01,https://cdna.pcpartpicker.com/static/forever/images/product/61e41b46c1438961f5be7dc7efa7799c.256p.jpg,120 mm,Black,500 - 2000 RPM,84.26 CFM,35.7 dB,Yes,16.98
Montech AX,https://pcpartpicker.com/product/dTqrxr/montech-ax-905-cfm-140-mm-fan-ax140-pwm-black,https://cdna.pcpartpicker.com/static/forever/images/product/3c2d6658838e02bc19eab959abf2debf.256p.jpg,140 mm,Black,600 - 1600 RPM,90.5 CFM,27.9 dB,Yes,13.90
Lian Li Uni Fan SL 2-Pack,https://pcpartpicker.com/product/HwtKHx/lian-li-uni-fan-sl-705-cfm-140-mm-fans-2-pack-uf-sl140-2b,https://cdna.pcpartpicker.com/static/forever/images/product/e8a7ea3689498ee3d4149adf2f4cce8a.256p.jpg,140 mm,Black,500 - 1500 RPM,70.5 CFM,30 dB,Yes,
Jonsbo ZA-120W,https://pcpartpicker.com/product/fZ3WGX/jonsbo-za-120w-624-cfm-120-mm-fan-za-120w,https://m.media-amazon.com/images/I/41R1S-nBS-L.jpg,120 mm,White,700 - 2400 RPM,21.46 - 62.4 CFM,21.3 - 37.3 dB,Yes,14.99
iBuypower GEN 9 Deluxe 3-Pack,https://pcpartpicker.com/product/zkHp99/ibuypower-gen-9-deluxe-120-mm-fans-3-pack-29772,https://cdna.pcpartpicker.com/static/forever/images/product/19c08fb3957a0fb3fce301ae8e72161f.256p.jpg,120 mm,White,500 - 1800 RPM,,,Yes,34.99
Cooler Master CF120 ARGB,https://pcpartpicker.com/product/DHh2FT/cooler-master-cf120-argb-4765-cfm-120-mm-fan-r4-s2s-12aa-gp,https://m.media-amazon.com/images/I/31Op0z7SgWL.jpg,120 mm,Black,1200 RPM,47.65 CFM,20 dB,Yes,19.98
Montech HP 3-Pack,https://pcpartpicker.com/product/xdJBD3/montech-hp-9561-cfm-140-mm-fans-3-pack-hp140b3in1,https://cdna.pcpartpicker.com/static/forever/images/product/84577d81f9d999ee96cb40ef04ea6f14.256p.jpg,140 mm,Black,600 - 1600 RPM,95.61 CFM,29.2 dB,Yes,45.90
Phanteks F140XP,https://pcpartpicker.com/product/NKW9TW/phanteks-case-fan-phf140xpbk,https://m.media-amazon.com/images/I/41nmjtjc2hL.jpg,140 mm,Black / White,600 - 1200 RPM,40.9 - 85.19 CFM,19 dB,Yes,
Lian Li UNI SL120,https://pcpartpicker.com/product/ZpcRsY/lian-li-uni-sl120-5854-cfm-120-mm-fan-uf-sl120-1b,https://cdna.pcpartpicker.com/static/forever/images/product/99615f57b077b0e4d51cae556febc826.256p.jpg,120 mm,Black,800 - 1900 RPM,58.54 CFM,17 - 31 dB,Yes,
Thermaltake TOUGHFAN 2-Pack,https://pcpartpicker.com/product/dhPQzy/thermaltake-toughfan-5835-cfm-120-mm-fans-2-pack-cl-f082-pl12bl-a,https://cdna.pcpartpicker.com/static/forever/images/product/dd6fc1e1bc719433148721dd19476179.256p.jpg,120 mm,Black,500 - 2000 RPM,58.35 CFM,22.3 dB,Yes,29.99
MSI MPG F120 ARGB-2B 2-Pack,https://pcpartpicker.com/product/LbzXsY/msi-mpg-f120-argb-2b-5079-cfm-120-mm-fans-2-pack-mpg-f120-argb-2b,https://cdna.pcpartpicker.com/static/forever/images/product/643430c79c242ccfa3f63e5394fc8c5c.256p.jpg,120 mm,Black,600 - 1200 RPM,50.79 CFM,25.7 dB,Yes,39.99
NoiseBlocker NB-ELOOP X ARGB,https://pcpartpicker.com/product/89ZzK8/noiseblocker-nb-eloop-x-argb-5809-cfm-120-mm-fan-itr-b12x-ps-bl,https://cdna.pcpartpicker.com/static/forever/images/product/d8211ee1ae3ab802b900c6120555871c.256p.jpg,120 mm,Black,,0 - 58.09 CFM,0 - 21.2 dB,Yes,26.79
be quiet! Silent Wings 3,https://pcpartpicker.com/product/WrvZxr/be-quiet-bl066-505-cfm-120mm-fan-bl066,https://cdna.pcpartpicker.com/static/forever/images/product/f70ffc19a1155626d9bb2d76398316d1.256p.jpg,120 mm,Black,1450 RPM,50.5 CFM,16.4 dB,Yes,
Noctua A14 industrialPPC-2000 PWM,https://pcpartpicker.com/product/Y9xfrH/noctua-case-fan-nfa14industrialppc2000pwm,https://m.media-amazon.com/images/I/41sj0yiPPaL.jpg,140 mm,Brown / Black,500 - 2000 RPM,107.41 CFM,31.5 dB,Yes,32.95
be quiet! Light Wings 3-Pack,https://pcpartpicker.com/product/ydmNnQ/be-quiet-light-wings-523-cfm-120-mm-fans-3-pack-bl101,https://cdna.pcpartpicker.com/static/forever/images/product/01cf449328e8abc023f729bfa5b1afae.256p.jpg,120 mm,White,2500 RPM,52.3 CFM,31 dB,Yes,49.90
Thermaltake CT120 ARGB Sync 2-Pack,https://pcpartpicker.com/product/cWXV3C/thermaltake-ct120-argb-sync-5705-cfm-120-mm-fans-2-pack-cl-f153-pl12sw-a,https://m.media-amazon.com/images/I/51XftuWp6LL.jpg,120 mm,White,500 - 2000 RPM,57.05 CFM,25.8 dB,Yes,34.99
be quiet! Pure Wings 3 PWM,https://pcpartpicker.com/product/NCcgXL/be-quiet-pure-wings-3-pwm-574-cfm-140-mm-fan-bl112,https://cdna.pcpartpicker.com/static/forever/images/product/60f7d5680500b2a56f5d938241f33966.256p.jpg,140 mm,White,1200 RPM,57.4 CFM,21.9 dB,Yes,13.50
APNX FP1,https://pcpartpicker.com/product/NPhv6h/apnx-fp1-746-cfm-120-mm-fan-fp1-120-pwm-argb-bk,https://cdna.pcpartpicker.com/static/forever/images/product/b322d392eb809f56a39f31fd9532fe62.256p.jpg,120 mm,Black,500 - 1600 RPM,74.6 CFM,15.3 - 33.2 dB,Yes,
Apevia Twilight 6-Pack,https://pcpartpicker.com/product/nXNgXL/apevia-twilight-5767-cfm-120-mm-fans-6-pack-tl612l2s-rgb,https://m.media-amazon.com/images/I/41Y3UD1Dr0L.jpg,120 mm,White / Black,1350 RPM,57.67 CFM,24.7 dB,No,41.99
NZXT F120 RGB DUO,https://pcpartpicker.com/product/xtxRsY/nzxt-f120-rgb-duo-4858-cfm-120-mm-fan-rf-d12sf-w1,https://cdna.pcpartpicker.com/static/forever/images/product/b28ad3ede63b7df459fba5c1cd410eb1.256p.jpg,120 mm,White,500 - 1800 RPM,48.58 CFM,29 dB,Yes,25.49
ARCTIC P14 5-Pack,https://pcpartpicker.com/product/rpfhP6/arctic-p14-728-cfm-140-mm-fans-5-pack-acfan00136a,https://cdna.pcpartpicker.com/static/forever/images/product/1518f227ddb74890cde90b91a4bfc999.256p.jpg,140 mm,Black,1700 RPM,72.8 CFM,22.5 dB,No,33.99
Phanteks M25G2-140 D-RGB 3-Pack,https://pcpartpicker.com/product/dmgZxr/phanteks-m25g2-140-d-rgb-10178-cfm-140-mm-fans-3-pack-ph-f140m25_g2_dwt01-_3p,https://cdna.pcpartpicker.com/static/forever/images/product/2ecb971cebb216637d39395bfb232140.256p.jpg,140 mm,White,350 - 1800 RPM,101.78 CFM,36.4 dB,Yes,39.99
NZXT F140 RGB,https://pcpartpicker.com/product/g2gFf7/nzxt-f140-rgb-8948-cfm-140-mm-fan-rf-r14sf-b1,https://cdna.pcpartpicker.com/static/forever/images/product/4e4de8d85c568f9c102de070cb806eae.256p.jpg,140 mm,Black,500 - 1800 RPM,24.85 - 89.48 CFM,20 - 32.5 dB,Yes,26.99
Cooler Master SickleFlow ARGB,https://pcpartpicker.com/product/KZgFf7/cooler-master-sickleflow-argb-1028-cfm-200-mm-fan-mfx-b3dn-08np2-r1,https://cdna.pcpartpicker.com/static/forever/images/product/de1a0218636e0a3ac284d6db27e14ba6.256p.jpg,200 mm,Black / Translucent White,,0 - 102.8 CFM,0 - 15.7 dB,Yes,
be quiet! Light Wings,https://pcpartpicker.com/product/c3wD4D/be-quiet-light-wings-5137-cfm-140-mm-fan-bl135,https://cdna.pcpartpicker.com/static/forever/images/product/b25eb347c15d628b5b0b0a230b2e92a6.256p.jpg,140 mm,White,1300 RPM,51.37 CFM,25.5 dB,Yes,29.50
APNX FP2,https://pcpartpicker.com/product/wzGhP6/apnx-fp2-8387-cfm-120-mm-fan-fp2-120-pwm-argb-bk,https://cdna.pcpartpicker.com/static/forever/images/product/930ec1586ac762a5980280a67c6ddaab.256p.jpg,120 mm,Black,500 - 1800 RPM,83.87 CFM,15.3 - 34.8 dB,Yes,32.59
Deepcool XFAN,https://pcpartpicker.com/product/JGvRsY/deepcool-case-fan-xfan80,https://cdna.pcpartpicker.com/static/forever/images/product/2cedd65f80fb9219105317f3be2f37d5.256p.jpg,80 mm,Black,,21.8 CFM,20 dB,No,
Deepcool FL12,https://pcpartpicker.com/product/rkXMnQ/deepcool-fl12-55-cfm-120-mm-fan-r-fl12-bkapn1-g,https://cdna.pcpartpicker.com/static/forever/images/product/303ac549aaca985c823eee673f28eb91.256p.jpg,120 mm,Black,500 - 2150 RPM,55 CFM,32 dB,Yes,
be quiet! Silent Wings 3,https://pcpartpicker.com/product/rcH48d/be-quiet-bl069-776-cfm-140mm-fan-bl069,https://cdna.pcpartpicker.com/static/forever/images/product/f70ffc19a1155626d9bb2d76398316d1.256p.jpg,140 mm,Black,1600 RPM,77.57 CFM,28.1 dB,No,
ARCTIC P14 Pro PST CO,https://pcpartpicker.com/product/MJTFf7/arctic-p14-pro-pst-co-110-cfm-140-mm-fan-acfan00316a,https://m.media-amazon.com/images/I/41Yvde-cHmL.jpg,140 mm,Black,400 - 2500 RPM,110 CFM,,Yes,12.49
ID-COOLING XF-12025-ARGB-TRIO 3-Pack,https://pcpartpicker.com/product/mc8bt6/id-cooling-xf-12025-argb-trio-62-cfm-120-mm-fans-3-pack-xf-12025-argb-trio,https://cdna.pcpartpicker.com/static/forever/images/product/aa16aa32b9b9581f766a76380a4f5d09.256p.jpg,120 mm,Black / White,700 - 1500 RPM,62 CFM,18 - 26.4 dB,Yes,22.49
Fractal Design Dynamic X2 GP,https://pcpartpicker.com/product/R6rqqs/fractal-design-dynamic-x2-gp-1537-cfm-180-mm-fan-fd-fan-dyn-x2-gp18-pwm-bk,https://cdna.pcpartpicker.com/static/forever/images/product/ca817e61c5a31e6c5cb9d7ab2a31ed32.256p.jpg,180 mm,Black,300 - 1200 RPM,44.9 - 153.7 CFM,16 - 35.4 dB,Yes,
Cooler Master MasterFan MF Halo,https://pcpartpicker.com/product/nVmFf7/cooler-master-masterfan-mf120-halo-472-cfm-120-mm-fan-mfl-b2dn-18npa-r1,https://cdna.pcpartpicker.com/static/forever/images/product/05e7a0b9a9732381f65afc23ca2f996e.256p.jpg,120 mm,Black,650 - 1800 RPM,47.2 CFM,6 - 30 dB,Yes,19.98
Thermaltake CT120 EX Reverse ARGB Sync 3-Pack,https://pcpartpicker.com/product/FDBzK8/thermaltake-ct120-ex-reverse-argb-sync-6582-cfm-120-mm-fans-3-pack-cl-f194-pl12sw-a,https://cdna.pcpartpicker.com/static/forever/images/product/c377666d6a457d3780ea2c62ce120529.256p.jpg,120 mm,White,500 - 2000 RPM,65.82 CFM,31.2 dB,Yes,58.99
be quiet! Pure Wings 2,https://pcpartpicker.com/product/4GsKHx/be-quiet-case-fan-bl047,https://cdna.pcpartpicker.com/static/forever/images/product/2a426185d74726314c0e55fc194f0267.256p.jpg,140 mm,Black,1000 RPM,61.2 CFM,18.8 dB,No,18.31
ID-COOLING AF-125 3-Pack,https://pcpartpicker.com/product/LTTZxr/id-cooling-af-125-7825-cfm-120-mm-fans-3-pack-af-125-w-trio,https://cdna.pcpartpicker.com/static/forever/images/product/77ca1efb9f8372e68f78499b2dfd9f0f.256p.jpg,120 mm,White,500 - 2000 RPM,78.25 CFM,29.85 dB,Yes,24.99
be quiet! Pure Wings 3 PWM High-Speed,https://pcpartpicker.com/product/LQn9TW/be-quiet-pure-wings-3-pwm-high-speed-722-cfm-140-mm-fan-bl113,https://cdna.pcpartpicker.com/static/forever/images/product/8a07cf579e7ddea9708ea1c25e7a6425.256p.jpg,140 mm,White,1800 RPM,72.2 CFM,30.5 dB,Yes,14.50
Delta Electronics AFB1212GHE-CF00,https://pcpartpicker.com/product/dnPfrH/delta-electronics-afb1212ghe-cf00-24096-cfm-120-mm-fan-afb1212ghe-cf00,https://cdna.pcpartpicker.com/static/forever/images/product/a6387c185f7219c7a4f175a36838098c.med.256p.jpg,120 mm,Black,5200 RPM,240.96 CFM,62 dB,No,
Phanteks M25G2-140,https://pcpartpicker.com/product/Nq3WGX/phanteks-m25g2-140-10178-cfm-140-mm-fan-ph-f140m25_g2_bbk01,https://cdna.pcpartpicker.com/static/forever/images/product/aa8f0edcd1aeaffb74bfb77c1229dc09.256p.jpg,140 mm,Black,350 - 1800 RPM,101.78 CFM,36.4 dB,Yes,9.99
Thermalright TL-8015,https://pcpartpicker.com/product/b26NnQ/thermalright-tl-8015-284-cfm-80-mm-fan-tl-8015,https://m.media-amazon.com/images/I/41aW32sXe1L.jpg,80 mm,Gray,2200 RPM,28.4 CFM,23.3 dB,Yes,7.90
Noctua NF-A6x15 PWM,https://pcpartpicker.com/product/3fKscf/noctua-nf-a6x15-pwm-1377-cfm-60-mm-fan-nf-a6x15-pwm,https://cdna.pcpartpicker.com/static/forever/images/product/ee65385616303119df9a1743b8e81821.256p.jpg,60 mm,Brown,3050 - 3500 RPM,11.83 - 13.77 CFM,16.5 - 19.8 dB,Yes,16.95
be quiet! Light Wings LX 3-Pack,https://pcpartpicker.com/product/wBNYcf/be-quiet-light-wings-lx-755-cfm-140-mm-fans-3-pack-bl130,https://cdna.pcpartpicker.com/static/forever/images/product/2eb20536fae403fc6bda22909276a568.256p.jpg,140 mm,Black,1800 RPM,75.5 CFM,30.5 dB,Yes,49.50
Thermalright TL-E12W-S V3,https://pcpartpicker.com/product/JsRwrH/thermalright-tl-e12w-s-v3-7237-cfm-120-mm-fan-tl-e12w-s-v3,https://m.media-amazon.com/images/I/41lTXS+WvnL.jpg,120 mm,White,2000 RPM,72.37 CFM,27.7 dB,Yes,7.69
ARCTIC P8 Slim PWM PST,https://pcpartpicker.com/product/Km8Pxr/arctic-p8-slim-pwm-pst-225-cfm-80-mm-fan-acfan00295a,https://cdna.pcpartpicker.com/static/forever/images/product/9779bed7f88fd114970ed5af5859c338.256p.jpg,80 mm,Black,300 - 3000 RPM,22.5 CFM,,Yes,15.01
be quiet! Light Wings LX,https://pcpartpicker.com/product/NMqrxr/be-quiet-light-wings-lx-755-cfm-140-mm-fan-bl129,https://cdna.pcpartpicker.com/static/forever/images/product/39d0f19b7bc1125c97a6c54a6bc07f3d.256p.jpg,140 mm,Black,1800 RPM,75.5 CFM,30.5 dB,Yes,19.50
Thermaltake CT120 EX Reverse ARGB Sync 3-Pack,https://pcpartpicker.com/product/644Pxr/thermaltake-ct120-ex-reverse-argb-sync-6582-cfm-120-mm-fans-3-pack-cl-f225-pl12pk-a,https://cdna.pcpartpicker.com/static/forever/images/product/b20f33dad7e0f15d415ffe036e302791.256p.jpg,120 mm,Pink,500 - 2000 RPM,65.82 CFM,31.2 dB,Yes,64.98
be quiet! Light Wings LX,https://pcpartpicker.com/product/G87scf/be-quiet-light-wings-lx-618-cfm-120-mm-fan-bl123,https://cdna.pcpartpicker.com/static/forever/images/product/46eb17b99834ddb241d7eab20671e024.256p.jpg,120 mm,Black,2100 RPM,61.8 CFM,30.9 dB,Yes,17.50
Corsair iCUE SP RGB ELITE 3-Pack,https://pcpartpicker.com/product/G74Ycf/corsair-icue-sp-rgb-elite-4773-cfm-120-mm-fans-3-pack-co-9050137-ww,https://cdna.pcpartpicker.com/static/forever/images/product/68a33ee0386c4a4b6ed57c9bf50f350a.256p.jpg,120 mm,White,400 - 1500 RPM,47.73 CFM,28 dB,Yes,
Noctua A12x15 FLX,https://pcpartpicker.com/product/2fWrxr/noctua-nf-a12x15-flx-942-cfm-120mm-fan-nf-a12x15-flx,https://m.media-amazon.com/images/I/512VzGVilxL.jpg,120 mm,Brown,950 - 1850 RPM,27.37 - 55.44 CFM,10.2 - 23.9 dB,No,23.95
KOLINK Classic,https://pcpartpicker.com/product/7MNYcf/kolink-classic-5215-cfm-120-mm-fan-pgw-fn-kol-011,https://cdna.pcpartpicker.com/static/forever/images/product/d5f36831f803c03a594f911622d6af09.256p.jpg,120 mm,Black,1500 RPM,52.15 CFM,21.6 dB,Yes,13.74
Lian Li UNI SL120,https://pcpartpicker.com/product/4zDkcf/lian-li-uni-sl120-5854-cfm-120-mm-fan-uf-sl120-1w,https://cdna.pcpartpicker.com/static/forever/images/product/b6c65a6570dbc5395a484b2f9227be62.256p.jpg,120 mm,White,800 - 1900 RPM,58.54 CFM,17 - 31 dB,Yes,
Gigabyte AORUS EZ CHAIN FAN 120,https://pcpartpicker.com/product/KccBD3/gigabyte-aorus-ez-chain-fan-120-60-cfm-120-mm-fan-gp-ecfan1201-ice,https://m.media-amazon.com/images/I/31Z7YDT-YhL.jpg,120 mm,White,600 - 2000 RPM,60 CFM,8.2 - 29 dB,Yes,20.99
Silverstone Air Slimmer 120,https://pcpartpicker.com/product/TJddnQ/silverstone-air-slimmer-120-6367-cfm-120-mm-fan-sst-as120b,https://cdna.pcpartpicker.com/static/forever/images/product/b76e2b8270d92b1c930980a2c92da971.256p.jpg,120 mm,Black,,0 - 63.67 CFM,0 - 31.7 dB,Yes,
Gigabyte AORUS EZ CHAIN FAN 120 3-Pack,https://pcpartpicker.com/product/QGfV3C/gigabyte-aorus-ez-chain-fan-120-60-cfm-120-mm-fans-3-pack-gp-ecfan1203,https://cdna.pcpartpicker.com/static/forever/images/product/2342ec698dbbff59ba237588edc6733e.256p.jpg,120 mm,Black,600 - 2000 RPM,60 CFM,8.2 - 29 dB,Yes,
Lian Li UNI FAN AL120 V2 3-Pack,https://pcpartpicker.com/product/4FGhP6/lian-li-uni-fan-al120-v2-773-cfm-120-mm-fans-3-pack-al120v2-3b,https://cdna.pcpartpicker.com/static/forever/images/product/30e2b70ceb24f88d3027c90566f5b50d.256p.jpg,120 mm,Black,250 - 2000 RPM,77.3 CFM,28.7 dB,Yes,
Phanteks PH-F140D30R 3-Pack,https://pcpartpicker.com/product/gxtLrH/phanteks-ph-f140d30r-7176-cfm-140-mm-fans-3-pack-ph-f140d30r_drgb_pwm_wt01_3p,https://cdna.pcpartpicker.com/static/forever/images/product/e0ba63b971195b64f4454eb67a8d6742.256p.jpg,140 mm,White,250 - 1800 RPM,71.76 CFM,32.1 dB,Yes,104.99
Asus TUF GAMING TF120 ARGB White 3in1 3-Pack,https://pcpartpicker.com/product/ZC4Zxr/asus-tuf-gaming-tf120-argb-white-3in1-76-cfm-120-mm-fans-3-pack-tuf-gaming-tf120-argb-white-3in1,https://cdna.pcpartpicker.com/static/forever/images/product/494fd10ea421041f0e573cb6a4408412.256p.jpg,120 mm,White,250 - 1900 RPM,76 CFM,29 dB,Yes,61.99
MSI MPG EZ120R ARGB WHITE-3W 3-Pack,https://pcpartpicker.com/product/pbHp99/msi-mpg-ez120r-argb-white-3w-6672-cfm-120-mm-fans-3-pack-mpg-ez120r-argb-white-3w,https://m.media-amazon.com/images/I/41ICN7q4wOL.jpg,120 mm,White,,66.72 CFM,30.78 dB,Yes,79.98
Corsair iCUE AF120 RGB ELITE 3-Pack,https://pcpartpicker.com/product/X7rRsY/corsair-icue-af120-rgb-elite-6557-cfm-120-mm-fans-3-pack-co-9050158-ww,https://cdna.pcpartpicker.com/static/forever/images/product/8cb72d585b033969d8d8982f952994fa.256p.jpg,120 mm,White,550 - 2100 RPM,13.8 - 65.57 CFM,5 - 34.1 dB,Yes,
Thermaltake Riing Plus TT 5-Pack,https://pcpartpicker.com/product/6tcMnQ/thermaltake-riing-plus-12-rgb-tt-4834-cfm-120-mm-fans-5-pack-cl-f054-pl12sw-a,https://m.media-amazon.com/images/I/51GbpV6kaYL.jpg,120 mm,Black,500 - 1500 RPM,48.34 CFM,24.7 dB,Yes,
Noctua NF-A14x25r G2 PWM,https://pcpartpicker.com/product/r8DQzy/noctua-nf-a14x25r-g2-pwm-9158-cfm-140-mm-fan-nf-a14x25r-g2-pwm,https://m.media-amazon.com/images/I/413NObVzvmL.jpg,140 mm,Brown,1500 RPM,91.58 CFM,24.8 dB,Yes,44.95
Fractal Design Momentum,https://pcpartpicker.com/product/46y8TW/fractal-design-momentum-7439-cfm-140-mm-fan-fd-f-mr1-1402,https://cdna.pcpartpicker.com/static/forever/images/product/303c50d4c33d85361a032e56da21e1dd.256p.jpg,140 mm,White,350 - 1800 RPM,74.39 CFM,28 dB,Yes,29.99
upHere 12BK3-3-USA OU3 3-Pack,https://pcpartpicker.com/product/BpXV3C/uphere-12bk3-3-usa-ou3-38-cfm-120-mm-fans-3-pack-12bk3-3-usa-ou3,https://m.media-amazon.com/images/I/41-Yibyte7L.jpg,120 mm,Black,1200 RPM,38 CFM,19 dB,No,
Noctua NF-A12x25 G2 LS-PWM,https://pcpartpicker.com/product/hMXMnQ/noctua-nf-a12x25-g2-ls-pwm-3902-cfm-120-mm-fan-nf-a12x25-g2-ls-pwm,https://cdna.pcpartpicker.com/static/forever/images/product/99395a4b7b386f47fef34344d872819c.256p.jpg,120 mm,Brown,850 - 1100 RPM,26.6 - 39.02 CFM,7.8 - 11.8 dB,Yes,34.90
ARCTIC S12038-4K 3-Pack,https://pcpartpicker.com/product/gwPv6h/arctic-s12038-4k-106-cfm-120-mm-fans-3-pack-acfan00303a,https://m.media-amazon.com/images/I/41A+B7PEcWL.jpg,120 mm,Black,600 - 4000 RPM,106 CFM,,Yes,44.99
be quiet! Pure Wings 3 PWM 3-Pack,https://pcpartpicker.com/product/b79nTW/be-quiet-pure-wings-3-pwm-499-cfm-120-mm-fans-3-pack-bl141,https://cdna.pcpartpicker.com/static/forever/images/product/59cabb69366384fb74a914737fae2d8b.256p.jpg,120 mm,Black,1600 RPM,49.9 CFM,25.5 dB,Yes,32.50
Noctua B9 redux-1600 PWM,https://pcpartpicker.com/product/jZn2FT/noctua-case-fan-nfb9redux1600pwm,https://cdna.pcpartpicker.com/static/forever/images/product/245a413512b1589371a8dab57a649ecd.256p.jpg,92 mm,Black / Gray,350 - 1600 RPM,37.85 CFM,17.6 dB,Yes,14.95
Thermaltake CT120 EX ARGB Sync 3-Pack,https://pcpartpicker.com/product/yncgXL/thermaltake-ct120-ex-argb-sync-68-cfm-120-mm-fans-3-pack-cl-f190-pl12sw-a,https://cdna.pcpartpicker.com/static/forever/images/product/c377666d6a457d3780ea2c62ce120529.256p.jpg,120 mm,White,500 - 2000 RPM,68 CFM,28.5 dB,Yes,55.99
Apevia 12S 10-Pack,https://pcpartpicker.com/product/xkxbt6/apevia-12s-5767-cfm-120-mm-fans-10-pack-cf1012s-bk,https://m.media-amazon.com/images/I/41a2jvvH4dL.jpg,120 mm,Black,1350 RPM,57.67 CFM,24.7 dB,No,27.95
Cooler Master MasterFan MF Halo 3-Pack,https://pcpartpicker.com/product/FXPQzy/cooler-master-masterfan-mf-halo-472-cfm-120-mm-fans-3-pack-mfl-b2dw-183pa-r1,https://cdna.pcpartpicker.com/static/forever/images/product/9981b1d547752dabea385920c55858ed.256p.jpg,120 mm,White,650 - 1800 RPM,47.2 CFM,6 - 30 dB,Yes,85.63
NZXT F140 RGB DUO,https://pcpartpicker.com/product/bd8bt6/nzxt-f140-rgb-duo-8475-cfm-140-mm-fan-rf-d14sf-w1,https://cdna.pcpartpicker.com/static/forever/images/product/44850ee154b8e5e8357748c919437009.256p.jpg,140 mm,White,500 - 1800 RPM,84.75 CFM,36 dB,Yes,34.99
Alphacool Apex Stealth Metal,https://pcpartpicker.com/product/jhxxFT/alphacool-apex-stealth-metal-7098-cfm-120-mm-fan-13823,https://cdna.pcpartpicker.com/static/forever/images/product/a94f2fdec2101c9bc017f5bca6a08fc0.256p.jpg,120 mm,Black,400 - 3000 RPM,70.98 CFM,40.1 dB,Yes,27.50
Gigabyte AORUS EZ CHAIN FAN 120,https://pcpartpicker.com/product/qhqNnQ/gigabyte-aorus-ez-chain-fan-120-60-cfm-120-mm-fan-gp-ecfan1201,https://m.media-amazon.com/images/I/31xQ2AApkaL.jpg,120 mm,Black,600 - 2000 RPM,60 CFM,8.2 - 29 dB,Yes,15.99
be quiet! Silent Wings 4,https://pcpartpicker.com/product/xJdG3C/be-quiet-silent-wings-4-784-cfm-140-mm-fan-bl117,https://cdna.pcpartpicker.com/static/forever/images/product/7bbe9d546c7f281a933a3d6ca1116632.256p.jpg,140 mm,White,1900 RPM,78.4 CFM,29.3 dB,Yes,24.50
Thermaltake SWAFAN EX14 ARGB 3-Pack,https://pcpartpicker.com/product/KcGhP6/thermaltake-swafan-ex14-argb-816-cfm-140-mm-fans-3-pack-cl-f170-pl14sw-a,https://m.media-amazon.com/images/I/41r48vckwuL.jpg,140 mm,White,500 - 2000 RPM,79.3 - 81.6 CFM,34.5 - 38.8 dB,Yes,89.99
Thermalright TL-B12,https://pcpartpicker.com/product/RV26Mp/thermalright-tl-b12-69-cfm-120-mm-fan-tl-b12w-d6,https://m.media-amazon.com/images/I/41ZKuihfhGL.jpg,120 mm,White,2150 RPM,69 CFM,28.1 dB,Yes,
Fractal Design Aspect 14 RGB PWM,https://pcpartpicker.com/product/6zkWGX/fractal-design-aspect-14-rgb-pwm-78-cfm-140-mm-fan-fd-f-as1-1405,https://cdna.pcpartpicker.com/static/forever/images/product/7651b261b19054e6c9bc67eb219cef4d.256p.jpg,140 mm,Black,500 - 1700 RPM,20 - 78 CFM,10 - 35.5 dB,Yes,34.99
Fractal Design Aspect 12 RGB PWM 3-Pack,https://pcpartpicker.com/product/ktQcCJ/fractal-design-aspect-12-rgb-pwm-56-cfm-120-mm-fans-3-pack-fd-f-as1-1207,https://cdna.pcpartpicker.com/static/forever/images/product/d93b4fe24e352b2943a2def6fd517784.256p.jpg,120 mm,Black,500 - 2000 RPM,13 - 56 CFM,10 - 33.2 dB,Yes,
Phanteks PH-F140D30 3-Pack,https://pcpartpicker.com/product/vFxxFT/phanteks-ph-f140d30-7193-cfm-140-mm-fans-3-pack-ph-f140d30_drgb_pwm_bk01_3p,https://cdna.pcpartpicker.com/static/forever/images/product/a4337d966b5b0ac9326f47f07c07e23b.256p.jpg,140 mm,Black,250 - 1800 RPM,71.93 CFM,29.5 dB,Yes,114.99
Lian Li UNI FAN AL140 V2,https://pcpartpicker.com/product/Nk6NnQ/lian-li-uni-fan-al140-v2-813-cfm-140-mm-fan-al140v2-1w,https://cdna.pcpartpicker.com/static/forever/images/product/d95210dfaf8ca4a5c98df412e331f67c.256p.jpg,140 mm,White,250 - 1600 RPM,81.3 CFM,26.8 dB,Yes,26.00
APNX FP1,https://pcpartpicker.com/product/LPhv6h/apnx-fp1-746-cfm-120-mm-fan-fp1-120-pwm-argb-wh,https://cdna.pcpartpicker.com/static/forever/images/product/329ac498a7a121e71af75a4291689921.256p.jpg,120 mm,White,500 - 1600 RPM,74.6 CFM,15.3 - 33.2 dB,Yes,
Apevia APEVIA CO312L-RD Cosmos 120mm Red LED Ultra Silent Case Fan w/ 16 LEDs &amp; Anti-Vibration Rubber Pads (3 Pack) 3-Pack,https://pcpartpicker.com/product/3WCFf7/apevia-apevia-co312l-rd-cosmos-120mm-red-led-ultra-silent-case-fan-w-16-leds-anti-vibration-rubber-pads-3-pack-5667-cfm-120-mm-fans-3-pack-co312l-rd,https://m.media-amazon.com/images/I/41nzsaFW8wL.jpg,120 mm,,1350 RPM,57.67 - 56.67 CFM,24.7 dB,No,16.98
Noctua NF-A14x25r G2 PWM chromax.black,https://pcpartpicker.com/product/rXG2FT/noctua-nf-a14x25r-g2-pwm-chromaxblack-9158-cfm-140-mm-fan-nf-a14x25r-g2-pwm-chromaxblack,https://cdna.pcpartpicker.com/static/forever/images/product/7fbfac9cc902091870a91b55bccc6486.256p.jpg,140 mm,Black,,0 - 91.58 CFM,0 - 24.8 dB,Yes,44.90
Noctua P12 PWM,https://pcpartpicker.com/product/Z7mLrH/noctua-case-fan-nfp12pwm,https://cdna.pcpartpicker.com/static/forever/images/product/7e776de393397bc8d6a7fb629d8623f1.256p.jpg,120 mm,Brown,900 - 1300 RPM,,12.6 - 19.8 dB,Yes,29.19
Deepcool FK120,https://pcpartpicker.com/product/KX7G3C/deepcool-fk120-6899-cfm-120-mm-fan-r-fk120-bknpf1-g-1,https://cdna.pcpartpicker.com/static/forever/images/product/d3f566bf685dc1c3895da05bc3c245b1.256p.jpg,120 mm,Black,500 - 1850 RPM,68.99 CFM,28 dB,Yes,
Thermaltake Pure Plus RGB TT Premium Edition 3-Pack,https://pcpartpicker.com/product/hVfhP6/thermaltake-pure-plus-12-rgb-tt-premium-edition-5645-cfm-120-mm-fans-3-pack-cl-f063-pl12sw-a,https://cdna.pcpartpicker.com/static/forever/images/product/50c77943779f65aef2ef410e00b1108f.256p.jpg,120 mm,Black,500 - 1500 RPM,56.45 CFM,25.8 dB,Yes,39.99
Thermalright TL-H12015,https://pcpartpicker.com/product/zBLp99/thermalright-tl-h12015-5636-cfm-120-mm-fan-tl-h12015b,https://m.media-amazon.com/images/I/41CDzEyX7SL.jpg,120 mm,Black,1900 RPM,56.36 CFM,28.4 dB,Yes,7.90
Silverstone FHS80X,https://pcpartpicker.com/product/MzzXsY/silverstone-fhs80x-8366-cfm-80-mm-fan-sst-fhs80x,https://cdna.pcpartpicker.com/static/forever/images/product/bca8fedefe3a01a9ee0e87e6c702178b.256p.jpg,80 mm,Black,2000 - 10000 RPM,83.66 CFM,61.4 dB,Yes,33.19
Cooler Master MasterFan MF200R ARGB,https://pcpartpicker.com/product/qkC48d/cooler-master-masterfan-mf200r-argb-903-cfm-200-mm-fan-r4-200r-08fa-r1,https://m.media-amazon.com/images/I/41rhZqgGnLL.jpg,200 mm,Black / Gray,800 RPM,90.3 CFM,28 dB,No,43.99
Corsair LL140 2-Pack,https://pcpartpicker.com/product/kTvZxr/corsair-ll140-rgb-led-515-cfm-140-mm-fans-2-pack-co-9050074-ww,https://cdna.pcpartpicker.com/static/forever/images/product/afa0612430ce88fbeb08e1de600e1ac8.256p.jpg,140 mm,Black,600 - 1300 RPM,51.5 CFM,25 dB,Yes,
Cooler Master MasterFan MF Halo 3-Pack,https://pcpartpicker.com/product/gtkgXL/cooler-master-masterfan-mf120-halo-472-cfm-120-mm-fans-3-pack-mfl-b2dn-183pa-r1,https://cdna.pcpartpicker.com/static/forever/images/product/cd80e2f0235517b8024bdefec71df21f.256p.jpg,120 mm,Black,650 - 1800 RPM,47.2 CFM,6 - 30 dB,Yes,
Deepcool FL12R,https://pcpartpicker.com/product/FTDnTW/deepcool-fl12r-55-cfm-120-mm-fan-r-fl12r-whapn1-g,https://cdna.pcpartpicker.com/static/forever/images/product/219c5cc2d41ae150155a070896a7839c.256p.jpg,120 mm,White,500 - 2150 RPM,55 CFM,32 dB,Yes,
upHere T7SYC7 6-Pack,https://pcpartpicker.com/product/zMMTwP/uphere-t7syc7-120-mm-fans-6-pack-t7syc7-6,https://m.media-amazon.com/images/I/51t6OkQ1LVL.jpg,120 mm,Black,600 - 1700 RPM,,16.1 - 27.7 dB,Yes,
ID-COOLING ZF-12025 Pastel,https://pcpartpicker.com/product/KZt9TW/id-cooling-zf-12025-pastel-552-cfm-120-mm-fan-zf-12025-pp,https://m.media-amazon.com/images/I/41+yE5kfrrL.jpg,120 mm,Pink,900 - 2000 RPM,55.2 CFM,16.3 - 33.5 dB,Yes,
Lian Li UNI FAN SL V2 120 5-Pack,https://pcpartpicker.com/product/sB7scf/lian-li-uni-fan-sl-v2-120-645-cfm-120-mm-fans-5-pack-uf-sl120v2-5b,https://m.media-amazon.com/images/I/41VxtjTioDL.jpg,120 mm,Black,250 - 2000 RPM,64.5 CFM,29.2 dB,Yes,
Asiahorse DAWN 3-Pack,https://pcpartpicker.com/product/X33WGX/asiahorse-dawn-71-cfm-120-mm-fans-3-pack-dawn-black-3pack-r,/static/forever/img/no-image.png,120 mm,Black,900 - 1850 RPM,71 CFM,6 - 29 dB,Yes,
Noctua P14s redux-1200 PWM,https://pcpartpicker.com/product/xs6BD3/noctua-case-fan-nfp14sredux1200pwm,https://images-eu.ssl-images-amazon.com/images/I/51VBkIFyI3L.jpg,140 mm,Black / Gray,350 - 1200 RPM,64.92 CFM,19.6 dB,Yes,17.95
be quiet! Pure Wings 3,https://pcpartpicker.com/product/3B7scf/be-quiet-pure-wings-3-574-cfm-140-mm-fan-bl107,https://cdna.pcpartpicker.com/static/forever/images/product/91f7c23318178aecfe509e61fda664d0.256p.jpg,140 mm,Black,1200 RPM,57.4 CFM,21.9 dB,No,11.70
HYTE THICC FP12 3-Pack,https://pcpartpicker.com/product/xrsV3C/hyte-thicc-fp12-1058-cfm-120-mm-fans-3-pack-fan-hyte-fp12-bw-3np,https://cdna.pcpartpicker.com/static/forever/images/product/29fc44980c268c97b9486e12ade2bb9c.256p.jpg,120 mm,Black / White,,105.8 CFM,10 - 47.3 dB,Yes,
Razer Kunai Chroma 3-Pack,https://pcpartpicker.com/product/GfGbt6/razer-kunai-chroma-81-cfm-140-mm-fans-3-pack-rc21-01810200-r3m1,https://m.media-amazon.com/images/I/41zTEDUHgrL.jpg,140 mm,Black,500 - 1600 RPM,34.48 - 81 CFM,15 - 30 dB,Yes,124.00
be quiet! Light Wings LX 3-Pack,https://pcpartpicker.com/product/DL6NnQ/be-quiet-light-wings-lx-755-cfm-140-mm-fans-3-pack-bl131,https://cdna.pcpartpicker.com/static/forever/images/product/29fc06628888025b245518d64661f531.256p.jpg,140 mm,White,1800 RPM,75.5 CFM,30.5 dB,Yes,54.50
Thermalright TL-H12015,https://pcpartpicker.com/product/B89nTW/thermalright-tl-h12015-5636-cfm-120-mm-fan-tl-h12015w,https://m.media-amazon.com/images/I/31zSIyPJieL.jpg,120 mm,White,1900 RPM,56.36 CFM,28.4 dB,Yes,10.59
Cougar Vortex,https://pcpartpicker.com/product/j6JwrH/cougar-vortex-705-cfm-140-mm-fan-cf-v14h,https://m.media-amazon.com/images/I/41jAG++GNZL.jpg,140 mm,Orange,700 - 1200 RPM,55.5 - 70.5 CFM,16.4 - 19.2 dB,No,92.72
Yeston SAKURA 6-Pack,https://pcpartpicker.com/product/qnHp99/yeston-sakura-79-cfm-120-mm-fans-6-pack-yt-120-sakuraz6,https://cdna.pcpartpicker.com/static/forever/images/product/fd7a5c19686d90fa1f5afdefd9f24e19.256p.jpg,120 mm,Blue / White,800 - 1800 RPM,79 CFM,35.4 dB,Yes,59.90
Noctua A15 PWM,https://pcpartpicker.com/product/znPfrH/noctua-case-fan-nfa15pwm,https://m.media-amazon.com/images/I/51TRer4KqgL.jpg,140 mm,Brown,900 - 1200 RPM,,13.8 - 19.2 dB,Yes,23.95
Cooler Master SickleFlow,https://pcpartpicker.com/product/mtNxFT/cooler-master-sickleflow-80-mm-fan-mfx-b8nn-25npk-r1,https://cdna.pcpartpicker.com/static/forever/images/product/52c90d3db0d52a7e80b0a30776555fb2.256p.jpg,80 mm,Black,,,,Yes,
Montech RX,https://pcpartpicker.com/product/sFqrxr/montech-rx-905-cfm-140-mm-fan-rx140-pwm-black,https://cdna.pcpartpicker.com/static/forever/images/product/09c0b1df5cc1b9f5f937d0954f9b7f3d.256p.jpg,140 mm,Black,600 - 1600 RPM,90.5 CFM,27.9 dB,Yes,15.90
Noctua A14 industrialPPC-2000,https://pcpartpicker.com/product/fvLypg/noctua-case-fan-nfa14industrialppc2000,https://m.media-amazon.com/images/I/41sj0yiPPaL.jpg,140 mm,Brown / Black,2000 RPM,107.42 CFM,31.5 dB,No,32.95
NZXT FN,https://pcpartpicker.com/product/jmw323/nzxt-fn-140rb-625-cfm-140-mm-fan-fn-140rb,https://m.media-amazon.com/images/I/41ZnuNMzP6L.jpg,140 mm,White,1300 RPM,62.5 CFM,26.52 dB,No,6.00
Thermaltake TOUGHFAN EX12 Pro 3-Pack,https://pcpartpicker.com/product/PJ9wrH/thermaltake-toughfan-ex12-pro-708-cfm-120-mm-fans-3-pack-cl-f171-pl12bl-a,https://cdna.pcpartpicker.com/static/forever/images/product/6cb77d7b0697e2d73f1a6df56fa6db9c.256p.jpg,120 mm,Black,500 - 2000 RPM,64.21 - 70.8 CFM,22.6 - 29.8 dB,Yes,84.98
Corsair RS140 MAX 2-Pack,https://pcpartpicker.com/product/pQHqqs/corsair-rs140-max-104-cfm-140-mm-fans-2-pack-co-9050175-ww,https://cdna.pcpartpicker.com/static/forever/images/product/36d9f07bcfd8744441fe02843037e628.256p.jpg,140 mm,Black,1600 RPM,27.5 - 104 CFM,31 dB,Yes,74.98
ENDORFY Stratus,https://pcpartpicker.com/product/wF7scf/endorfy-stratus-120-mm-fan-ey4a007,https://cdna.pcpartpicker.com/static/forever/images/product/8d4d82e790e3f1057171abd1ce65f832.256p.jpg,120 mm,Black,200 - 1400 RPM,,,Yes,
Xilence XPF120.W.ARGB,https://pcpartpicker.com/product/VNMMnQ/xilence-xpf120wargb-682-cfm-120-mm-fan-xf064,https://cdna.pcpartpicker.com/static/forever/images/product/0def7ecd7a75c17c56b5a12278142b58.256p.jpg,120 mm,White,500 - 1500 RPM,68.2 CFM,18 - 32.5 dB,Yes,
Thermaltake CT120 EX Reverse ARGB Sync 3-Pack,https://pcpartpicker.com/product/RmYRsY/thermaltake-ct120-ex-reverse-argb-sync-6582-cfm-120-mm-fans-3-pack-cl-f198-pl12mg-a,https://cdna.pcpartpicker.com/static/forever/images/product/9823d79ee6402dbf92d28946ca89e513.256p.jpg,120 mm,Green,500 - 2000 RPM,65.82 CFM,31.2 dB,Yes,64.98
Deepcool FT12,https://pcpartpicker.com/product/2gwD4D/deepcool-ft12-75-cfm-120-mm-fan-r-ft12-bkwpn1-g,https://cdna.pcpartpicker.com/static/forever/images/product/1988cf20bbb64d64eba724a0ecb2449e.256p.jpg,120 mm,Black,500 - 2150 RPM,75 CFM,32 dB,Yes,
Noctua A4x10,https://pcpartpicker.com/product/dqCwrH/noctua-nf-a4x10-483-cfm-40-mm-fan-nf-a4x10,https://cdna.pcpartpicker.com/static/forever/images/product/8a785da6415e55d5f12f721f30ef4769.256p.jpg,40 mm,Brown,3700 - 4500 RPM,3.88 - 4.83 CFM,12.9 - 17.89 dB,No,15.95
Thermaltake CT120 2-Pack,https://pcpartpicker.com/product/DD88TW/thermaltake-ct120-5705-cfm-120-mm-fans-2-pack-cl-f151-pl12wt-a,https://cdna.pcpartpicker.com/static/forever/images/product/1b380d006c15e14236f2b42ed71de79a.256p.jpg,120 mm,White,500 - 2000 RPM,57.05 CFM,25.8 dB,Yes,24.99
Vetroo ARGB120,https://pcpartpicker.com/product/zrkWGX/vetroo-argb120-481-cfm-120-mm-fan-vt-fan-argb120-pk,https://m.media-amazon.com/images/I/31U7nPeJCNL.jpg,120 mm,Pink,1300 RPM,48.1 CFM,,Yes,8.99
Corsair iCUE AF120 RGB SLIM,https://pcpartpicker.com/product/sbLdnQ/corsair-icue-af120-rgb-slim-563-cfm-120-mm-fan-co-9050162-ww,https://cdna.pcpartpicker.com/static/forever/images/product/22ef544a32a6a9c0f4f38462134dddd3.256p.jpg,120 mm,Black,600 - 2000 RPM,13.4 - 56.3 CFM,27.5 dB,Yes,
Antec NOVA 120 3-Pack,https://pcpartpicker.com/product/hZ8Pxr/antec-nova-120-9532-cfm-120-mm-fans-3-pack-nova-120_3pk,https://m.media-amazon.com/images/I/41sZk7jwBQL.jpg,120 mm,Black,300 - 3200 RPM,44 - 95.32 CFM,21.5 - 38.7 dB,Yes,64.98
ARCTIC P14 PWM PST A-RGB,https://pcpartpicker.com/product/fJ4Ycf/arctic-p14-pwm-pst-a-rgb-68-cfm-140-mm-fan-acfan00239a,https://cdna.pcpartpicker.com/static/forever/images/product/64e41feae3413e7a822127369e9f70d1.256p.jpg,140 mm,Black,,0 - 68 CFM,,Yes,
Thermalright TL-C12W-S V3,https://pcpartpicker.com/product/dNBzK8/thermalright-tl-c12w-s-v3-6617-cfm-120-mm-fan-tl-c12w-s-v3,https://m.media-amazon.com/images/I/11tAXnXcl9L.jpg,120 mm,White,1500 RPM,66.17 CFM,25.6 dB,Yes,6.99
Lian Li ST120 3-Pack,https://pcpartpicker.com/product/4YddnQ/lian-li-st120-6917-cfm-120-mm-fans-3-pack-st120-3b,https://cdna.pcpartpicker.com/static/forever/images/product/b07d1519a44b75af732ed7a5af483844.256p.jpg,120 mm,Black,800 - 1900 RPM,69.17 CFM,32 dB,Yes,
ARCTIC P12 PWM PST A-RGB 0dB 3-Pack,https://pcpartpicker.com/product/447G3C/arctic-p12-pwm-pst-a-rgb-0db-488-cfm-120-mm-fans-3-pack-acfan00258a,https://cdna.pcpartpicker.com/static/forever/images/product/b9f24444b1673d2ddeb1a846fdc9381a.256p.jpg,120 mm,White / Gray,,48.8 CFM,,Yes,
Thermalright TL-P12-S,https://pcpartpicker.com/product/VhJp99/thermalright-tl-p12-s-5286-cfm-120-mm-fan-tl-p12-s,https://m.media-amazon.com/images/I/41D5Nsbf0JL.jpg,120 mm,Black / White,1500 RPM,52.86 CFM,22.1 dB,Yes,
Fractal Design Dynamic X2 GP-12,https://pcpartpicker.com/product/4hH48d/fractal-design-x2-gp-12-black-523-cfm-120mm-fan-fd-fan-dyn-x2-gp12-bk,https://cdna.pcpartpicker.com/static/forever/images/product/6a070f16ef50cd74e35b998a3587820e.256p.jpg,120 mm,Black,1200 RPM,52.3 CFM,19.4 dB,No,
Deepcool RF 120,https://pcpartpicker.com/product/3tmxFT/deepcool-rf-120-565-cfm-120-mm-fan-dp-frgb-rf120-1c,https://cdna.pcpartpicker.com/static/forever/images/product/3ca43cd0ecd424d66264bda0f4a7a3d6.256p.jpg,120 mm,Black / White,500 - 1500 RPM,56.5 CFM,17.8 - 27 dB,Yes,
Corsair ML120 PRO 3-Pack,https://pcpartpicker.com/product/3cfhP6/corsair-ml120-pro-rgb-473-cfm-120-mm-fans-3-pack-co-9050076-ww,https://cdna.pcpartpicker.com/static/forever/images/product/637d55a951c6564584edaa513645859e.256p.jpg,120 mm,Black / White,400 - 1600 RPM,47.3 CFM,25 dB,Yes,
Corsair LL120,https://pcpartpicker.com/product/4P448d/corsair-ll120-rgb-63-cfm-120-mm-fan-co-9050091-ww,https://cdna.pcpartpicker.com/static/forever/images/product/a8ea2f879c77f2426c10a4b26d18ef74.256p.jpg,120 mm,White,2200 RPM,63 CFM,36 dB,Yes,
Fractal Design Aspect 14 RGB PWM 3-Pack,https://pcpartpicker.com/product/zc4Ycf/fractal-design-aspect-14-rgb-pwm-78-cfm-140-mm-fans-3-pack-fd-f-as1-1407,https://m.media-amazon.com/images/I/41Wqhi6lapL.jpg,140 mm,Black,500 - 1700 RPM,20 - 78 CFM,10 - 35.5 dB,Yes,63.46
Noctua NF-A14x25r G2 PWM SX2-PP 2-Pack,https://pcpartpicker.com/product/2D9wrH/noctua-nf-a14x25r-g2-pwm-sx2-pp-9158-cfm-140-mm-fans-2-pack-nf-a14x25r-g2-pwm-sx2-pp,https://m.media-amazon.com/images/I/41mVK+ANtoL.jpg,140 mm,Brown,1500 RPM,91.58 CFM,24.8 dB,Yes,84.95
ID-COOLING AF-ARGB-K 3-Pack,https://pcpartpicker.com/product/z9ZXsY/id-cooling-af-argb-k-78-cfm-120-mm-fans-3-pack-af-127-argb-w-trio,https://m.media-amazon.com/images/I/41DZfWOBzWL.jpg,120 mm,White,500 - 2000 RPM,78 CFM,29.9 dB,Yes,39.99
ARCTIC P8 PST,https://pcpartpicker.com/product/gnLwrH/arctic-p8-pwm-pst-234-cfm-80-mm-fan-acfan00150a,https://cdna.pcpartpicker.com/static/forever/images/product/87eea1916e7a139f828c53c8824e75ce.256p.jpg,80 mm,,200 - 3000 RPM,23.4 CFM,,Yes,15.32
iBuypower GEN 9 Deluxe 3-Pack,https://pcpartpicker.com/product/jJpD4D/ibuypower-gen-9-deluxe-120-mm-fans-3-pack-29695,https://cdna.pcpartpicker.com/static/forever/images/product/a01d08b302f8dcfbd4572019ca5ff629.256p.jpg,120 mm,Black,500 - 1800 RPM,,,Yes,34.99
ARCTIC P12 PST,https://pcpartpicker.com/product/2hpmP6/arctic-p12-pst-563-cfm-120-mm-fan-acfan00170a,https://cdna.pcpartpicker.com/static/forever/images/product/10f55c970d81b1e9dae933eb4f8b8ab2.256p.jpg,120 mm,White,200 - 1800 RPM,56.3 CFM,,Yes,
be quiet! Light Wings 3-Pack,https://pcpartpicker.com/product/cL26Mp/be-quiet-light-wings-717-cfm-140-mm-fans-3-pack-bl103,https://cdna.pcpartpicker.com/static/forever/images/product/d20c5494a813d0386fb3517b3c82375d.256p.jpg,140 mm,White,2200 RPM,71.7 CFM,31 dB,Yes,59.90
Corsair iCUE AR120 Digital RGB,https://pcpartpicker.com/product/DqBzK8/corsair-icue-ar120-digital-rgb-59-cfm-120-mm-fan-co-9050168-ww,https://cdna.pcpartpicker.com/static/forever/images/product/df5b9762bf86915c5b99b0c1b986a986.256p.jpg,120 mm,White,400 - 1850 RPM,10.7 - 59 CFM,10 - 27.3 dB,Yes,33.43
Alphacool Apex Stealth Metal,https://pcpartpicker.com/product/6LKscf/alphacool-apex-stealth-metal-7098-cfm-120-mm-fan-13856,https://cdna.pcpartpicker.com/static/forever/images/product/af933d857d6117d6870ec4c3db0e3b90.256p.jpg,120 mm,Gold / Black,400 - 3000 RPM,70.98 CFM,40.1 dB,Yes,27.50
Deepcool FC120,https://pcpartpicker.com/product/YYkWGX/deepcool-fc120-6191-cfm-120-mm-fan-r-fc120-bkamn1-g-1,https://cdna.pcpartpicker.com/static/forever/images/product/09f6d631f96b668c6c86efbe7fc669e8.256p.jpg,120 mm,Black,500 - 1800 RPM,,,Yes,
Corsair ML Elite,https://pcpartpicker.com/product/qXcG3C/corsair-ml-elite-581-cfm-120-mm-fan-co-9050120-ww,https://cdna.pcpartpicker.com/static/forever/images/product/a3463c62b43efc1aeaee1534f4b6eb03.256p.jpg,120 mm,Black,450 - 2000 RPM,14.86 - 58.1 CFM,10 - 30.4 dB,Yes,
Fractal Design Dynamic X2 GP-14,https://pcpartpicker.com/product/nrFXsY/fractal-design-x2-gp-14-black-684-cfm-140mm-fan-fd-fan-dyn-x2-gp14-bk,https://cdna.pcpartpicker.com/static/forever/images/product/f38b18c93c27f55b94fe5b78ae92bd70.256p.jpg,140 mm,Black,1000 RPM,68.4 CFM,18.9 dB,No,
Phanteks M25-120 PWM D-RGB 3-Pack,https://pcpartpicker.com/product/bybTwP/phanteks-m25-120-pwm-d-rgb-8426-cfm-120-mm-fans-3-pack-ph-f120m25_drgb_pwm_bk01_3p,https://cdna.pcpartpicker.com/static/forever/images/product/713e7e444f970b3bb567e732927743ed.256p.jpg,120 mm,Black,500 - 2000 RPM,84.26 CFM,35.7 dB,Yes,
Corsair iCUE QL120,https://pcpartpicker.com/product/BBFKHx/corsair-icue-ql120-rgb-418-cfm-120-mm-fan-co-9050103-ww,https://cdna.pcpartpicker.com/static/forever/images/product/1f61fbfd788c41e636cd2add4c81a1f5.256p.jpg,120 mm,White / Black,525 - 1500 RPM,41.8 CFM,26 dB,Yes,
Corsair AF120 ELITE,https://pcpartpicker.com/product/KHFbt6/corsair-af120-elite-591-cfm-120-mm-fan-co-9050140-ww,https://cdna.pcpartpicker.com/static/forever/images/product/aa23fb41d4393f60928a5883fdb18ab8.256p.jpg,120 mm,Black,400 - 1850 RPM,10.9 - 59.1 CFM,31.5 dB,Yes,
Corsair iCUE AF140 RGB ELITE 2-Pack,https://pcpartpicker.com/product/Jd8bt6/corsair-icue-af140-rgb-elite-89-cfm-140-mm-fans-2-pack-co-9050156-ww,https://cdna.pcpartpicker.com/static/forever/images/product/4d2b8647e26d933fa02c69c53c60b24c.256p.jpg,140 mm,Black,500 - 1700 RPM,19.5 - 89 CFM,5 - 33.8 dB,Yes,90.81
Corsair ML140 Pro,https://pcpartpicker.com/product/ycH48d/corsair-co-9050046-ww-970-cfm-140mm-fan-co-9050046-ww,https://m.media-amazon.com/images/I/510ZtgG7hFL.jpg,140 mm,Black / White,400 - 2000 RPM,20 - 97 CFM,16 - 37 dB,Yes,
be quiet! Silent Wings 3,https://pcpartpicker.com/product/jWtWGX/be-quiet-bl070-733-cfm-120mm-fan-bl070,https://cdna.pcpartpicker.com/static/forever/images/product/f70ffc19a1155626d9bb2d76398316d1.256p.jpg,120 mm,Black,2200 RPM,73.33 CFM,28.6 dB,Yes,
Montech HP,https://pcpartpicker.com/product/8qwD4D/montech-hp-9561-cfm-140-mm-fan-hp140b,https://cdna.pcpartpicker.com/static/forever/images/product/372cf8c36960aeb775630a62bdb488d2.256p.jpg,140 mm,Black,600 - 1600 RPM,95.61 CFM,29.2 dB,Yes,18.78
DARKROCK F140,https://pcpartpicker.com/product/YDTFf7/darkrock-f140-615-cfm-140-mm-fan-dr-fan-f140-wt,https://m.media-amazon.com/images/I/41tt8fBCj-L.jpg,140 mm,White,800 - 1800 RPM,61.5 CFM,29 dB,Yes,13.99
Cooler Master MasterFan MF Halo,https://pcpartpicker.com/product/3Q848d/cooler-master-masterfan-mf-halo-55-cfm-140-mm-fan-mfl-b4dn-15npa-r1,https://cdna.pcpartpicker.com/static/forever/images/product/9162cdf969383a2bd1afbd93170e8076.256p.jpg,140 mm,Black / White,650 - 1500 RPM,55 CFM,6 - 30 dB,Yes,24.99
EK Loop Fan FPT 120,https://pcpartpicker.com/product/hzvD4D/ek-loop-fan-fpt-120-77-cfm-120-mm-fan-ek-loop-fpt-120-bk,https://cdna.pcpartpicker.com/static/forever/images/product/5724a9ee60da027a21c5f5b7017ee5af.256p.jpg,120 mm,Black,550 - 2300 RPM,77 CFM,36 dB,Yes,27.99
Deepcool FL12R,https://pcpartpicker.com/product/Qz9nTW/deepcool-fl12r-55-cfm-120-mm-fan-r-fl12r-bkapn1-g,https://cdna.pcpartpicker.com/static/forever/images/product/37f12a07047922ebbc6a33333fc37d18.256p.jpg,120 mm,Black,500 - 2150 RPM,55 CFM,32 dB,Yes,
Thermalright TL-B12,https://pcpartpicker.com/product/H8Fbt6/thermalright-tl-b12-69-cfm-120-mm-fan-tl-b12-d6,https://m.media-amazon.com/images/I/51FtYJTwWbL.jpg,120 mm,Black,2150 RPM,69 CFM,28.1 dB,Yes,
ARCTIC P9 Silent,https://pcpartpicker.com/product/688Pxr/arctic-p9-silent-2396-cfm-92-mm-fan-acfan00297a,https://cdna.pcpartpicker.com/static/forever/images/product/b647711eb3c9d398385d82c2a634949a.256p.jpg,92 mm,Black,1900 RPM,23.96 CFM,,Yes,7.49
HAVN H12 3-Pack,https://pcpartpicker.com/product/h3MXsY/havn-h12-7244-cfm-120-mm-fans-3-pack-hvn-fs-h1230-01-tri,https://cdna.pcpartpicker.com/static/forever/images/product/9315b1b4ec8c5fc3bf1e82129aa45a80.256p.jpg,120 mm,White,,72.44 CFM,32.2 dB,Yes,44.99
Phanteks PH-F120SK,https://pcpartpicker.com/product/8CWBD3/phanteks-ph-f120sk-50-cfm-120-mm-fan-ph-f120sk_drgb_pwm,https://cdna.pcpartpicker.com/static/forever/images/product/3a2fa47f978a824ef463c3a8ed81d07e.256p.jpg,120 mm,Black / White,500 - 1500 RPM,50 CFM,27 dB,Yes,19.98
Lian Li ST120 3-Pack,https://pcpartpicker.com/product/fnpzK8/lian-li-st120-6917-cfm-120-mm-fans-3-pack-st120-3w,https://cdna.pcpartpicker.com/static/forever/images/product/043941e9f9940f78c2f2e5a2f4db58ca.256p.jpg,120 mm,White,800 - 1900 RPM,69.17 CFM,32 dB,Yes,
Antec Tranquil 3-Pack,https://pcpartpicker.com/product/zjwmP6/antec-tranquil-5923-cfm-120-mm-fans-3-pack-0-761345-40030-5,https://m.media-amazon.com/images/I/41eoFsLGHOL.jpg,120 mm,Black,400 - 2000 RPM,11.05 - 59.23 CFM,18.7 - 28.6 dB,Yes,37.65
ARCTIC P12 PST CO,https://pcpartpicker.com/product/6zQG3C/arctic-p12-pst-co-563-cfm-120-mm-fan-acfan00121a,https://cdna.pcpartpicker.com/static/forever/images/product/26033541043d539ea2de7cdeb31208e5.256p.jpg,120 mm,Black,200 - 1800 RPM,56.3 CFM,,Yes,11.18
ID-COOLING AF-125,https://pcpartpicker.com/product/fBpQzy/id-cooling-af-125-7825-cfm-120-mm-fan-af-125-w,https://cdna.pcpartpicker.com/static/forever/images/product/a63b81d0c5c39ab3a7ebed5e52b2f198.256p.jpg,120 mm,White,500 - 2000 RPM,78.25 CFM,29.85 dB,Yes,
Thermaltake CT140 EX Reverse ARGB Sync 3-Pack,https://pcpartpicker.com/product/J36NnQ/thermaltake-ct140-ex-reverse-argb-sync-9495-cfm-140-mm-fans-3-pack-cl-f193-pl14sw-a,https://cdna.pcpartpicker.com/static/forever/images/product/c2d0cfbfe8fb51a82c9e72dfede9c028.256p.jpg,140 mm,Black,500 - 1800 RPM,94.95 CFM,32.8 dB,Yes,69.99
NZXT AER RGB 2,https://pcpartpicker.com/product/h2CD4D/nzxt-aer-rgb-2-9119-cfm-140-mm-fan-hf-28140-b1,https://cdna.pcpartpicker.com/static/forever/images/product/b19d6a6fea838158bcca998fcae5e6b0.256p.jpg,140 mm,Black,500 - 1500 RPM,30.39 - 91.19 CFM,22 - 33 dB,Yes,
ENDORFY Fluctus,https://pcpartpicker.com/product/NT26Mp/endorfy-fluctus-140-mm-fan-ey4a003,https://cdna.pcpartpicker.com/static/forever/images/product/c714a1513614caed49381f393dc6ff89.256p.jpg,140 mm,Black,250 - 1800 RPM,,,Yes,
Thermaltake SWAFAN EX14 RGB 3-Pack,https://pcpartpicker.com/product/W9GhP6/thermaltake-swafan-ex14-rgb-816-cfm-140-mm-fans-3-pack-cl-f144-pl14sw-a,https://cdna.pcpartpicker.com/static/forever/images/product/a318af25cb6abcddc4e5ff07050201d7.256p.jpg,140 mm,Black,500 - 2000 RPM,79.3 - 81.6 CFM,34.5 - 38.8 dB,No,109.99
Fractal Design Dynamic GP-14,https://pcpartpicker.com/product/cTH48d/fractal-design-case-fan-fdfandyngp14wt,https://cdna.pcpartpicker.com/static/forever/images/product/8dea83b27e27d8c0de65538eac3cfcb7.256p.jpg,140 mm,Black / White,1000 RPM,68.4 CFM,18.89 dB,No,
Corsair ML120 PRO,https://pcpartpicker.com/product/FJx2FT/corsair-ml120-pro-rgb-473-cfm-120-mm-fan-co-9050075-ww,https://cdna.pcpartpicker.com/static/forever/images/product/637d55a951c6564584edaa513645859e.256p.jpg,120 mm,Black / White,400 - 1600 RPM,47.3 CFM,25 dB,Yes,
NZXT F120Q (2022),https://pcpartpicker.com/product/QHmmP6/nzxt-f120q-2022-64-cfm-120-mm-fan-rf-q12sf-b1,https://cdna.pcpartpicker.com/static/forever/images/product/886efa1897e41815e79190ffa5650251.256p.jpg,120 mm,Black,500 - 1200 RPM,27.77 - 64 CFM,16.7 - 22.5 dB,Yes,
Noctua NF-A14 INDUSTRIALPPC-24V-3000 Q100 IP67 PWM,https://pcpartpicker.com/product/hqcG3C/noctua-nf-a14-industrialppc-24v-3000-q100-ip67-pwm-1585-cfm-140-mm-fan-nf-a14-industrialppc-24v-300m,https://m.media-amazon.com/images/I/41BtrjQx5UL.jpg,140 mm,Black / Brown,800 - 3000 RPM,158.5 CFM,41.3 dB,Yes,
Phanteks M25-120 PWM 3-Pack,https://pcpartpicker.com/product/zpjBD3/phanteks-m25-120-pwm-8426-cfm-120-mm-fans-3-pack-ph-f120m25_pwm_bbk01_3p,https://cdna.pcpartpicker.com/static/forever/images/product/af7bdae191efccc451ef0458198b7496.256p.jpg,120 mm,Black,500 - 2000 RPM,84.26 CFM,35.7 dB,Yes,
Asiahorse DAWN 3-Pack,https://pcpartpicker.com/product/vN2j4D/asiahorse-dawn-71-cfm-120-mm-fans-3-pack-dawn-white-3pack,/static/forever/img/no-image.png,120 mm,White,900 - 1850 RPM,71 CFM,6 - 29 dB,Yes,
ID-COOLING TF-9215 ARGB,https://pcpartpicker.com/product/2Cn9TW/id-cooling-tf-9215-argb-443-cfm-92-mm-fan-tf-9215-argb,https://m.media-amazon.com/images/I/41agd66dSWL.jpg,92 mm,Black / White,800 - 2500 RPM,44.3 CFM,14 - 33.4 dB,Yes,12.99
Phanteks PH-F140D30R,https://pcpartpicker.com/product/HjLdnQ/phanteks-ph-f140d30r-7176-cfm-140-mm-fan-ph-f140d30r_drgb_pwm_bk01,https://cdna.pcpartpicker.com/static/forever/images/product/0f0ff924d965d3e16b9084f6b2eb81d8.256p.jpg,140 mm,Black,250 - 1800 RPM,71.76 CFM,32.1 dB,Yes,41.98
Iceberg Thermal IceGALE Xtra 2-Pack,https://pcpartpicker.com/product/6HjRsY/iceberg-thermal-icegale-xtra-169-cfm-140-mm-fans-2-pack-icegale14x-c2a,https://cdna.pcpartpicker.com/static/forever/images/product/486e35a67d8790ae6aefd8bfae7a9e62.256p.jpg,140 mm,Black,500 - 2500 RPM,169 CFM,0 - 47 dB,Yes,19.99
Asiahorse Nyota,https://pcpartpicker.com/product/Gmh2FT/asiahorse-nyota-615-cfm-120-mm-fan-nyota-a12-white-1pack-r-de,https://m.media-amazon.com/images/I/41v3XptdgKL.jpg,120 mm,White,800 - 2000 RPM,61.5 CFM,,Yes,
Corsair iCUE QL120,https://pcpartpicker.com/product/BsK2FT/corsair-icue-ql120-rgb-418-cfm-120-mm-fan-co-9050097-ww,https://cdna.pcpartpicker.com/static/forever/images/product/17a61d6daabd061873899b5cc48c5ef4.256p.jpg,120 mm,Black,525 - 1500 RPM,41.8 CFM,26 dB,Yes,
darkFlash CF8 Pro 3-Pack,https://pcpartpicker.com/product/dszFf7/darkflash-cf8-pro-30-cfm-120-mm-fans-3-pack-cf8-pro-3in1,/static/forever/img/no-image.png,120 mm,Transparent,,,,No,
Lian Li UNI FAN SL V2 120 5-Pack,https://pcpartpicker.com/product/yRMMnQ/lian-li-uni-fan-sl-v2-120-645-cfm-120-mm-fans-5-pack-uf-sl120v2-5w,https://m.media-amazon.com/images/I/51yLZ-j8HxL.jpg,120 mm,White,250 - 2000 RPM,64.5 CFM,29.2 dB,Yes,
MSI MEG SILENT GALE P12,https://pcpartpicker.com/product/XJRnTW/msi-meg-silent-gale-p12-562-cfm-120-mm-fan-meg-silent-gale-p12,https://m.media-amazon.com/images/I/41Z3kz5HDDL.jpg,120 mm,Black,,0 - 56.2 CFM,0 - 22.7 dB,Yes,
Thermaltake SWAFAN EX12 RGB 3-Pack,https://pcpartpicker.com/product/bp88TW/thermaltake-swafan-ex12-rgb-5711-cfm-120-mm-fans-3-pack-cl-f143-pl12sw-a,https://cdna.pcpartpicker.com/static/forever/images/product/5c0742d948825b66545778219af5a0f1.256p.jpg,120 mm,Black,500 - 2000 RPM,56.26 - 57.11 CFM,30.5 - 32.5 dB,No,53.70
Corsair iCUE LINK RX140 2-Pack,https://pcpartpicker.com/product/rfgrxr/corsair-icue-link-rx140-957-cfm-140-mm-fans-2-pack-co-9051012-ww,https://cdna.pcpartpicker.com/static/forever/images/product/bc7518ae395b65457825bcacb477e1b7.256p.jpg,140 mm,Black,1700 RPM,18.1 - 95.7 CFM,10 - 36 dB,No,76.11
Scythe Wonder Snail 120,https://pcpartpicker.com/product/bjwypg/scythe-wonder-snail-120-7723-cfm-120-mm-fan-ws1225fd24-p,https://m.media-amazon.com/images/I/51LvWnqArqS.jpg,120 mm,Black,300 - 2400 RPM,7.68 - 77.23 CFM,3 - 29.3 dB,Yes,14.95
Lian Li Uni Fan SL,https://pcpartpicker.com/product/hWYQzy/lian-li-uni-fan-sl-705-cfm-140-mm-fan-uf-sl140-1b,https://cdna.pcpartpicker.com/static/forever/images/product/99615f57b077b0e4d51cae556febc826.256p.jpg,140 mm,Black,500 - 1500 RPM,70.5 CFM,30 dB,Yes,
Gigabyte AORUS EZ CHAIN FAN 120 3-Pack,https://pcpartpicker.com/product/FKZWGX/gigabyte-aorus-ez-chain-fan-120-60-cfm-120-mm-fans-3-pack-gp-ecfan1203-ice,https://cdna.pcpartpicker.com/static/forever/images/product/a755eede85735646993556d17732f5ae.256p.jpg,120 mm,White,600 - 2000 RPM,60 CFM,8.2 - 29 dB,Yes,
NZXT F120 RGB,https://pcpartpicker.com/product/hW2WGX/nzxt-f120-rgb-5018-cfm-120-mm-fan-rf-r12sf-b1,https://cdna.pcpartpicker.com/static/forever/images/product/cea6ac3d13698d29a416919de87c44df.256p.jpg,120 mm,Black,500 - 1800 RPM,13.94 - 50.18 CFM,17.2 - 27.5 dB,Yes,24.99
Fractal Design Momentum,https://pcpartpicker.com/product/Zsjv6h/fractal-design-momentum-6244-cfm-120-mm-fan-fd-f-mr1-1202,https://cdna.pcpartpicker.com/static/forever/images/product/303c50d4c33d85361a032e56da21e1dd.256p.jpg,120 mm,White,350 - 2200 RPM,62.44 CFM,28.03 dB,Yes,27.99
KOLINK UMBRA X 3-Pack,https://pcpartpicker.com/product/rpsV3C/kolink-umbra-x-61-cfm-120-mm-fans-3-pack-umbra-x-120mm-3pk,https://cdna.pcpartpicker.com/static/forever/images/product/ecc4912b1f84cf7e301c5cb061f2087f.256p.jpg,120 mm,Black,600 - 1600 RPM,61 CFM,24 dB,Yes,
Noctua NF-A14x25 G2 LS-PWM,https://pcpartpicker.com/product/j67scf/noctua-nf-a14x25-g2-ls-pwm-48-cfm-140-mm-fan-nf-a14x25-g2-ls-pwm,https://cdna.pcpartpicker.com/static/forever/images/product/c41d8e68856644bf38055c64d1cd7bed.256p.jpg,140 mm,Brown,600 - 800 RPM,39.7 - 48 CFM,8.6 - 11.4 dB,Yes,44.95
Antec Fusion 120 ARGB 3-Pack,https://pcpartpicker.com/product/HhWzK8/antec-fusion-120-argb-5793-cfm-120-mm-fans-3-pack-0-761345-57010-7,https://cdna.pcpartpicker.com/static/forever/images/product/da5da13a25577da150cdec049a26e6cc.256p.jpg,120 mm,Black,600 - 2000 RPM,57.93 CFM,17.02 - 31.24 dB,Yes,
Phanteks PH-F140D30,https://pcpartpicker.com/product/XB4Zxr/phanteks-ph-f140d30-7193-cfm-140-mm-fan-ph-f140d30_drgb_pwm_wt01,https://cdna.pcpartpicker.com/static/forever/images/product/9b09a594cc15e9dc7bb922fe08ef3630.256p.jpg,140 mm,White,250 - 1800 RPM,71.93 CFM,29.5 dB,Yes,29.99
Thermalright TL-P9,https://pcpartpicker.com/product/8B9wrH/thermalright-tl-p9-3277-cfm-92-mm-fan-tl-p9w,https://m.media-amazon.com/images/I/41I+8KE-NOL.jpg,92 mm,White,2200 RPM,32.77 CFM,23.85 dB,Yes,9.90
Antec P12R,https://pcpartpicker.com/product/YqTZxr/antec-p12r-6146-cfm-120-mm-fan-0-761345-40042-8,https://cdna.pcpartpicker.com/static/forever/images/product/bc3d88b48b71551e7723620f2f3afb5d.256p.jpg,120 mm,White,600 - 1500 RPM,55.31 - 61.46 CFM,14.2 - 29.5 dB,Yes,19.53
Thermalright TL-H12-X28,https://pcpartpicker.com/product/Zsh2FT/thermalright-tl-h12-x28-8045-cfm-120-mm-fan-tl-h12w-x28,https://m.media-amazon.com/images/I/31ivzXr54lL.jpg,120 mm,White,2150 RPM,80.45 CFM,29.4 dB,Yes,
Silverstone FN80,https://pcpartpicker.com/product/p88Pxr/silverstone-fn80-2781-cfm-80-mm-fan-sst-fn80b,https://cdna.pcpartpicker.com/static/forever/images/product/837504ecb402c53434d5ef39bf018534.256p.jpg,80 mm,Black,2000 RPM,27.81 CFM,22.9 dB,No,14.00
Corsair iCUE SP RGB ELITE,https://pcpartpicker.com/product/Lh7G3C/corsair-icue-sp-rgb-elite-4773-cfm-120-mm-fan-co-9050136-ww,https://cdna.pcpartpicker.com/static/forever/images/product/93fd334add31c133e0b1b92c8fbe5dc7.256p.jpg,120 mm,White,400 - 1500 RPM,47.73 CFM,28 dB,Yes,
Noctua A15 HS-PWM chromax.black.swap,https://pcpartpicker.com/product/DKFXsY/noctua-nf-a15-hs-pwm-chromaxblackswap-825-cfm-140mm-fan-nf-a15-hs-pwm-chromaxblackswap,https://m.media-amazon.com/images/I/51Z1-uTSgwL.jpg,140 mm,Multicolor,300 - 1500 RPM,82.52 CFM,24.6 dB,Yes,28.95
Apevia APEVIA CO512L-PK Cosmos 120mm Pink LED Ultra Silent Case Fan w/ 16 LEDs &amp; Anti-Vibration Rubber Pads (5 Pack) 5-Pack,https://pcpartpicker.com/product/9nrYcf/apevia-apevia-co512l-pk-cosmos-120mm-pink-led-ultra-silent-case-fan-w-16-leds-anti-vibration-rubber-pads-5-pack-5667-cfm-120-mm-fans-5-pack-co512l-pk,https://cdna.pcpartpicker.com/static/forever/images/product/8e0df068a1bcc01c6ade38baf58f05dc.256p.jpg,120 mm,,1350 RPM,57.67 - 56.67 CFM,24.7 dB,No,19.98
Silverstone Air Penetrator 184i PRO,https://pcpartpicker.com/product/432j4D/silverstone-air-penetrator-184i-pro-14321-cfm-180-mm-fan-sst-ap184i-pro,https://cdna.pcpartpicker.com/static/forever/images/product/c9bf636433a1eea520e105ac3cf25504.256p.jpg,180 mm,Black,1 - 1200 RPM,1 - 143.21 CFM,1 - 34.5 dB,Yes,33.36
ARCTIC P14 PST,https://pcpartpicker.com/product/3wxRsY/arctic-p14-pst-728-cfm-140-mm-fan-acfan00197a,https://cdna.pcpartpicker.com/static/forever/images/product/12f9be61b110107e1d4defc7c7aff61b.256p.jpg,140 mm,White,200 - 1700 RPM,72.8 CFM,22.5 dB,Yes,12.99
Noctua NF-A12x25 LS-PWM,https://pcpartpicker.com/product/49CZxr/noctua-nf-a12x25-ls-pwm-32784-cfm-120-mm-fan-nf-a12x25-ls-pwm,https://cdna.pcpartpicker.com/static/forever/images/product/9ffbaf48b539e239737a7d3cce373f9e.256p.jpg,120 mm,Brown,450 - 900 RPM,23.19 - 32.784 CFM,7.6 - 12.1 dB,Yes,34.90
Noctua P14s redux-1200,https://pcpartpicker.com/product/k9xfrH/noctua-case-fan-nfp14sredux1200,https://m.media-amazon.com/images/I/51VBkIFyI3L.jpg,140 mm,Black / Gray,1200 RPM,64.92 CFM,19.6 dB,No,17.95
Noctua R8 redux-1200,https://pcpartpicker.com/product/ZwMFf7/noctua-case-fan-nfr8redux1200,https://m.media-amazon.com/images/I/41-xPu3dyfL.jpg,80 mm,Black / Gray,1200 RPM,21.07 CFM,9.1 dB,No,13.95
ARCTIC BioniX P120,https://pcpartpicker.com/product/XtpmP6/arctic-bionix-p120-6756-cfm-120-mm-fan-acfan00115a,https://cdna.pcpartpicker.com/static/forever/images/product/85da5e436de59e21c22eea5332dcc894.256p.jpg,120 mm,Red / Black,200 - 2100 RPM,67.56 CFM,,Yes,14.99
Deepcool FC120-3 IN 1 3-Pack,https://pcpartpicker.com/product/4zxRsY/deepcool-fc120-3-in-1-6191-cfm-120-mm-fans-3-pack-r-fc120-bamn3-g-1,https://cdna.pcpartpicker.com/static/forever/images/product/5dea9a9bca0b16ed01a2bbe4ff0fbe42.256p.jpg,120 mm,Black,500 - 1800 RPM,61.91 CFM,28 dB,Yes,
Lian Li UNI FAN AL120 V2,https://pcpartpicker.com/product/Y6RwrH/lian-li-uni-fan-al120-v2-773-cfm-120-mm-fan-al120v2-1w,https://cdna.pcpartpicker.com/static/forever/images/product/94b9beb8102d94a98124b2ea43ecd9ea.256p.jpg,120 mm,White,250 - 2000 RPM,77.3 CFM,28.7 dB,Yes,
be quiet! Light Wings LX 3-Pack,https://pcpartpicker.com/product/dk4Zxr/be-quiet-light-wings-lx-515-cfm-120-mm-fans-3-pack-bl121,https://cdna.pcpartpicker.com/static/forever/images/product/334ac229fc80499d3121cf51f953029a.256p.jpg,120 mm,Black,1600 RPM,51.5 CFM,25.5 dB,Yes,47.50
HAVN H18,https://pcpartpicker.com/product/qRh2FT/havn-h18-16463-cfm-180-mm-fan-hvn-fs-h1840-02,https://cdna.pcpartpicker.com/static/forever/images/product/6eb776db402970924f30a65ae7260540.256p.jpg,180 mm,Black,,164.63 CFM,35 dB,Yes,29.99
HAVN H14 3-Pack,https://pcpartpicker.com/product/gBYfrH/havn-h14-8518-cfm-140-mm-fans-3-pack-hvn-fs-h1430-01-tri,https://cdna.pcpartpicker.com/static/forever/images/product/86bb4347e679ac75e3e0ad01736db00a.256p.jpg,140 mm,White,,85.18 CFM,30.8 dB,Yes,49.99
DARKROCK R140,https://pcpartpicker.com/product/4LHp99/darkrock-r140-615-cfm-140-mm-fan-dr-fan-r140-bk,https://m.media-amazon.com/images/I/41KDDXQRARL.jpg,140 mm,Black,800 - 1800 RPM,61.5 CFM,29 dB,Yes,13.99
Silverstone Air Slimmer 140,https://pcpartpicker.com/product/3Cm2FT/silverstone-air-slimmer-140-82-cfm-140-mm-fan-sst-as140b,https://m.media-amazon.com/images/I/51I2knkZPnL.jpg,140 mm,Black,1 - 1700 RPM,1 - 82 CFM,1 - 33 dB,Yes,22.98
Cooler Master MOBIUS 120,https://pcpartpicker.com/product/Pzt9TW/cooler-master-mobius-120-631-cfm-120-mm-fan-mfz-m2nn-21npk-r1,https://cdna.pcpartpicker.com/static/forever/images/product/36253e103f2dcf3e01746a5d4af6246f.256p.jpg,120 mm,Black,,63.1 CFM,22.6 dB,Yes,34.80
be quiet! Silent Wings 4,https://pcpartpicker.com/product/VKTZxr/be-quiet-silent-wings-4-487-cfm-120-mm-fan-bl114,https://cdna.pcpartpicker.com/static/forever/images/product/138691f75270d8f327ecfbf2886c8e96.256p.jpg,120 mm,White,1600 RPM,48.7 CFM,18.9 dB,Yes,24.50
Noctua A12x25 ULN,https://pcpartpicker.com/product/Krprxr/noctua-nf-a12x25-uln-328-cfm-120mm-fan-nf-a12x25-uln,https://cdna.pcpartpicker.com/static/forever/images/product/0678f7edda3cb1ccb18c4ae46ae94dce.256p.jpg,120 mm,Brown,900 - 1200 RPM,23.19 - 32.78 CFM,7.6 - 12.1 dB,No,34.90
Corsair iCUE SP120 RGB Pro 3-Pack,https://pcpartpicker.com/product/8ccRsY/corsair-icue-sp-120-rgb-pro-52-cfm-120-mm-fans-3-pack-co-9050094-ww,https://cdna.pcpartpicker.com/static/forever/images/product/491faa4fa9786957975b8116fdbc3033.256p.jpg,120 mm,Black,1400 RPM,52 CFM,26 dB,No,
BitFenix Spectre Pro,https://pcpartpicker.com/product/d8phP6/bitfenix-case-fan-bffspro23030kkrp,https://m.media-amazon.com/images/I/51a4ig3T3+L.jpg,230 mm,Black,900 RPM,156.27 CFM,25.6 dB,No,
Lian Li Uni Fan AL,https://pcpartpicker.com/product/4tQcCJ/lian-li-uni-fan-al-645-cfm-120-mm-fan-uf-al120-1w,https://cdna.pcpartpicker.com/static/forever/images/product/b2e42f1ce7cf7f70b17a00420fb13136.256p.jpg,120 mm,White,800 - 1900 RPM,64.5 CFM,17 - 28.3 dB,Yes,
Thermalright TL-C12015W-S,https://pcpartpicker.com/product/L47G3C/thermalright-tl-c12015w-s-52-cfm-120-mm-fan-tl-c12015w-s,https://m.media-amazon.com/images/I/41V+v5Z+OwL.jpg,120 mm,White,1500 RPM,52 CFM,24.1 dB,Yes,
Corsair SP120 ELITE,https://pcpartpicker.com/product/JGstt6/corsair-sp120-elite-454-cfm-120-mm-fan-co-9050161-ww,https://cdna.pcpartpicker.com/static/forever/images/product/a78004e38667cd080214746e144b25fc.256p.jpg,120 mm,Black,300 - 1300 RPM,6.37 - 45.4 CFM,5 - 20.6 dB,Yes,
Corsair iCUE SP140 RGB Elite,https://pcpartpicker.com/product/d9NxFT/corsair-icue-sp140-rgb-elite-6811-cfm-140-mm-fan-co-9050138-ww,https://cdna.pcpartpicker.com/static/forever/images/product/fe8dfc0c084999b8d735a49c090b9399.256p.jpg,140 mm,White,1200 RPM,23.07 - 68.11 CFM,18 - 26.8 dB,Yes,
Xigmatek Crystal,https://pcpartpicker.com/product/sqjG3C/xigmatek-case-fan-clff1454,https://images-na.ssl-images-amazon.com/images/I/41E34FkANyL.jpg,140 mm,Clear,1000 RPM,60.46 CFM,16 dB,No,5.99
Noctua A8 FLX,https://pcpartpicker.com/product/hCJkcf/noctua-case-fan-nfa8flx,https://m.media-amazon.com/images/I/41j4peCaNmL.jpg,80 mm,Brown,1200 - 2000 RPM,17 - 29.67 CFM,7.9 - 16.1 dB,No,17.95
KOLINK UMBRA VOID,https://pcpartpicker.com/product/8Pqrxr/kolink-umbra-void-41-cfm-120-mm-fan-umbra-void-120mm,https://cdna.pcpartpicker.com/static/forever/images/product/040df1a9a6a11b3ee19caf6c2cf3e64a.256p.jpg,120 mm,Black,1500 RPM,41 CFM,19.6 dB,Yes,
Cooler Master SickleFlow 120 ARGB 3 In 1 3-Pack,https://pcpartpicker.com/product/M94BD3/cooler-master-sickleflow-120-argb-3-in-1-62-cfm-120-mm-fans-3-pack-mfx-b2dw-183pa-r1,https://cdna.pcpartpicker.com/static/forever/images/product/1cc190ca3390c32f596e5c466270569f.256p.jpg,120 mm,White,650 - 1800 RPM,62 CFM,8 - 27 dB,Yes,
MSI MPG EZ120,https://pcpartpicker.com/product/q3pQzy/msi-mpg-ez120-7382-cfm-120-mm-fan-mpg-ez120-argb-1b,https://cdna.pcpartpicker.com/static/forever/images/product/9faf96c7dc9d2876e7d33d1f238bfef4.256p.jpg,120 mm,Black,,0 - 73.82 CFM,0 - 28.82 dB,Yes,
Noctua S12B redux-700,https://pcpartpicker.com/product/6r9KHx/noctua-case-fan-nfs12bredux700,https://m.media-amazon.com/images/I/41lQCqQx7zL.jpg,120 mm,Black / Gray,700 RPM,33.49 CFM,6.8 dB,No,16.95
Noctua S12B redux-1200,https://pcpartpicker.com/product/W4XfrH/noctua-case-fan-nfs12bredux1200,https://m.media-amazon.com/images/I/41lQCqQx7zL.jpg,120 mm,Black / Gray,1200 RPM,59.1 CFM,18.1 dB,No,16.95
NZXT F120P (2024),https://pcpartpicker.com/product/QCxxFT/nzxt-f120p-2024-7347-cfm-120-mm-fan-rf-p12sf-w2,https://cdna.pcpartpicker.com/static/forever/images/product/afcf2a1fee807ba0a75e5157ed9d5c5b.256p.jpg,120 mm,White,500 - 2000 RPM,73.47 CFM,30 dB,Yes,14.99
Noctua S12A ULN,https://pcpartpicker.com/product/T4H323/noctua-case-fan-nfs12auln,https://cdna.pcpartpicker.com/static/forever/images/product/593f7070efbfeabc3d6b8274cd6e5c43.256p.jpg,120 mm,Brown,600 - 800 RPM,,6.7 - 8.6 dB,No,21.95
Corsair iCUE AF120 RGB SLIM 2-Pack,https://pcpartpicker.com/product/ymDQzy/corsair-icue-af120-rgb-slim-563-cfm-120-mm-fans-2-pack-co-9050163-ww,https://cdna.pcpartpicker.com/static/forever/images/product/db4d0d9301f349fd25c48aca2e012e9e.256p.jpg,120 mm,Black,600 - 2000 RPM,13.4 - 56.3 CFM,27.5 dB,Yes,
Phanteks PH-F140D30R,https://pcpartpicker.com/product/tdgrxr/phanteks-ph-f140d30r-7176-cfm-140-mm-fan-ph-f140d30r_drgb_pwm_wt01,https://cdna.pcpartpicker.com/static/forever/images/product/f09fcd1650794134cedd0ad741ef8a3c.256p.jpg,140 mm,White,250 - 1800 RPM,71.76 CFM,32.1 dB,Yes,43.98
be quiet! Shadow Wings 2,https://pcpartpicker.com/product/gqtQzy/be-quiet-bl087-498-cfm-140mm-fan-bl087,https://cdna.pcpartpicker.com/static/forever/images/product/1db0c894353ca9aa8c51f56d1d9376c8.256p.jpg,140 mm,Black,900 RPM,49.8 CFM,14.9 dB,Yes,
Thermaltake CT140 EX Reverse ARGB Sync 3-Pack,https://pcpartpicker.com/product/Trm2FT/thermaltake-ct140-ex-reverse-argb-sync-9495-cfm-140-mm-fans-3-pack-cl-f229-pl14pk-a,https://cdna.pcpartpicker.com/static/forever/images/product/b20f33dad7e0f15d415ffe036e302791.256p.jpg,140 mm,Pink,500 - 1800 RPM,94.95 CFM,32.8 dB,Yes,69.98
Antec Fusion 120 ARGB White 5-Pack,https://pcpartpicker.com/product/gwNxFT/antec-fusion-120-argb-white-5793-cfm-120-mm-fans-5-pack-0-761345-57005-3,https://cdna.pcpartpicker.com/static/forever/images/product/7ec97dc979900b2f2a50487afd3d5955.256p.jpg,120 mm,White,600 - 2000 RPM,57.93 CFM,17.02 - 31.24 dB,Yes,
Deepcool FL12,https://pcpartpicker.com/product/2dDnTW/deepcool-fl12-55-cfm-120-mm-fan-r-fl12-whapn1-g,https://cdna.pcpartpicker.com/static/forever/images/product/5a4a89105d02f769ada106f4417eec82.256p.jpg,120 mm,White,500 - 2150 RPM,55 CFM,32 dB,Yes,
Thermaltake Pure,https://pcpartpicker.com/product/NQ8Zxr/thermaltake-case-fan-clf015pl20bla,https://cdna.pcpartpicker.com/static/forever/images/product/c42f217702cf812cb5a8b732305c8f52.256p.jpg,200 mm,Black,,129.63 CFM,28.2 dB,No,13.99
Thermaltake Pure Plus RGB TT Premium Edition 3-Pack,https://pcpartpicker.com/product/NsqhP6/thermaltake-pure-plus-14-rgb-tt-premium-edition-7032-cfm-140-mm-fans-3-pack-cl-f080-pl14sw-a,https://cdna.pcpartpicker.com/static/forever/images/product/eaf0d90c3a1a316886e5e40a2f29a538.256p.jpg,140 mm,Black,500 - 1400 RPM,70.32 CFM,30.4 dB,Yes,49.99
Phanteks PH-F140D30 3-Pack,https://pcpartpicker.com/product/hrWJ7P/phanteks-ph-f140d30-7193-cfm-140-mm-fans-3-pack-ph-f140d30_drgb_pwm_wt01_3p,https://cdna.pcpartpicker.com/static/forever/images/product/c7102b9effabaed8ffa65d1c79b6bd9b.256p.jpg,140 mm,White,250 - 1800 RPM,71.93 CFM,29.5 dB,Yes,99.99
Asus TUF GAMING TF120 ARGB White,https://pcpartpicker.com/product/TxRwrH/asus-tuf-gaming-tf120-argb-white-76-cfm-120-mm-fan-tuf-gaming-tf120-argb-white,https://m.media-amazon.com/images/I/41w8OEQSAcL.jpg,120 mm,White,250 - 1900 RPM,76 CFM,29 dB,Yes,12.99
be quiet! Silent Wings 4,https://pcpartpicker.com/product/mTfxFT/be-quiet-silent-wings-4-767-cfm-120-mm-fan-bl115,https://cdna.pcpartpicker.com/static/forever/images/product/138691f75270d8f327ecfbf2886c8e96.256p.jpg,120 mm,White,2500 RPM,76.7 CFM,31.2 dB,Yes,24.50
Thermaltake TOUGHFAN EX14 Pro 3-Pack,https://pcpartpicker.com/product/3vwmP6/thermaltake-toughfan-ex14-pro-1196-cfm-120-mm-fans-3-pack-cl-f172-pl14wt-a,https://cdna.pcpartpicker.com/static/forever/images/product/c1a04a3b300f404f8783d7f4edbca550.256p.jpg,120 mm,White,500 - 2000 RPM,102.3 - 119.6 CFM,31.6 - 34.1 dB,Yes,82.79
Fractal Design Aspect 12,https://pcpartpicker.com/product/9zkWGX/fractal-design-aspect-12-32-cfm-120-mm-fan-fd-f-as1-1201,https://cdna.pcpartpicker.com/static/forever/images/product/17ce34f3a97ba1da42eaf9f48e919607.256p.jpg,120 mm,Black,1200 RPM,32 CFM,18.3 dB,No,24.99
Thermaltake CT140 ARGB Sync 2-Pack,https://pcpartpicker.com/product/w9WJ7P/thermaltake-ct140-argb-sync-7737-cfm-140-mm-fans-2-pack-cl-f150-pl14sw-a,https://m.media-amazon.com/images/I/51F2HgN7cVL.jpg,140 mm,Black,500 - 1500 RPM,77.37 CFM,30.5 dB,Yes,44.98
In Win Sirius Loop ASL 3-Pack,https://pcpartpicker.com/product/NWWfrH/in-win-sirius-loop-asl-50-cfm-120-mm-fans-3-pack-asl120fan-3pk,https://cdna.pcpartpicker.com/static/forever/images/product/d1762b5e419a9749b1c2995bc5773b40.256p.jpg,120 mm,Black,500 - 1800 RPM,50 CFM,27 dB,Yes,
ARCTIC P14 Max 5-Pack,https://pcpartpicker.com/product/QbYRsY/arctic-p14-max-95-cfm-140-mm-fans-5-pack-acfan00290a,https://m.media-amazon.com/images/I/41M0OtaubIL.jpg,140 mm,Black,400 - 2800 RPM,95 CFM,,Yes,
Razer Kunai Chroma,https://pcpartpicker.com/product/LDKKHx/razer-kunai-chroma-81-cfm-140-mm-fan-rc21-01800200-r3m1,https://cdna.pcpartpicker.com/static/forever/images/product/bef444502dfd9345f456d52783393ea8.256p.jpg,140 mm,Black,500 - 1600 RPM,34.48 - 81 CFM,15 - 30 dB,Yes,49.94
Corsair ML140 PRO 2-Pack,https://pcpartpicker.com/product/9jXnTW/corsair-ml140-pro-rgb-554-cfm-140-mm-fans-2-pack-co-9050078-ww,https://cdna.pcpartpicker.com/static/forever/images/product/637d55a951c6564584edaa513645859e.256p.jpg,140 mm,Black / White,400 - 1200 RPM,55.4 CFM,20.4 dB,Yes,
ARCTIC F12 PST 4-Pack,https://pcpartpicker.com/product/8QpzK8/arctic-f12-pst-53-cfm-120-mm-fans-4-pack-acfan00260a,https://m.media-amazon.com/images/I/412lO4pm3lL.jpg,120 mm,Black,230 - 1350 RPM,53 CFM,22.5 dB,Yes,
Asus TUF Gaming TF120 ARGB,https://pcpartpicker.com/product/26C48d/asus-tuf-gaming-tf120-argb-76-cfm-120-mm-fan-tuf-gaming-tf120-argb,https://cdna.pcpartpicker.com/static/forever/images/product/d41d0c6f7ae7936d5c06e46d17262482.256p.jpg,120 mm,Black / White,250 - 1900 RPM,76 CFM,29 dB,Yes,
Thermalright TL-C12015,https://pcpartpicker.com/product/NtQKHx/thermalright-tl-c12015-59-cfm-120-mm-fan-tl-c12015b,/static/forever/img/no-image.png,120 mm,Black,1800 RPM,59 CFM,26.1 dB,Yes,
Thermaltake CT120 EX ARGB Sync 3-Pack,https://pcpartpicker.com/product/PptLrH/thermaltake-ct120-ex-argb-sync-68-cfm-120-mm-fans-3-pack-cl-f196-pl12mg-a,https://cdna.pcpartpicker.com/static/forever/images/product/a307cb0b6da41f32a342638b3f51c783.256p.jpg,120 mm,Green,500 - 2000 RPM,68 CFM,28.5 dB,Yes,56.99
APNX FP1,https://pcpartpicker.com/product/GqV2FT/apnx-fp1-869-cfm-140-mm-fan-fp1-140-pwm-argb-bk,https://cdna.pcpartpicker.com/static/forever/images/product/6729fe4cffc5a5d83d1f1a12d144afa7.256p.jpg,140 mm,Black,500 - 1300 RPM,86.9 CFM,15.9 - 32.9 dB,Yes,
ARCTIC P9 PWM PST CO,https://pcpartpicker.com/product/z7sMnQ/arctic-p9-pwm-pst-co-3883-cfm-92-mm-fan-acfan00299a,https://cdna.pcpartpicker.com/static/forever/images/product/3b15296d697d3a76f40ab76a4e38ab8f.256p.jpg,92 mm,Black,200 - 3000 RPM,38.83 CFM,,Yes,9.49
KOLINK UMBRA X,https://pcpartpicker.com/product/kqn9TW/kolink-umbra-x-61-cfm-120-mm-fan-umbra-x-120mm,https://cdna.pcpartpicker.com/static/forever/images/product/f30248dd72da88b67730378b396e778e.256p.jpg,120 mm,Black,600 - 1600 RPM,61 CFM,24 dB,Yes,
Thermaltake TOUGHFAN EX 3-Pack,https://pcpartpicker.com/product/PTjv6h/thermaltake-toughfan-ex-5934-cfm-120-mm-fans-3-pack-cl-f210-pl12sw-a,https://cdna.pcpartpicker.com/static/forever/images/product/4f64b20b1f7999f2bf045b9e84da6979.256p.jpg,120 mm,Black,500 - 2000 RPM,59.34 CFM,25.7 dB,Yes,70.99
Fractal Design Prisma AL,https://pcpartpicker.com/product/BbCZxr/fractal-design-prisma-al-1468-cfm-180-mm-fan-fd-fan-pri-al18-pwm-wt,https://cdna.pcpartpicker.com/static/forever/images/product/eb9b895adb3987430da5ea4afaabef2a.256p.jpg,180 mm,White,300 - 1200 RPM,43.1 - 146.8 CFM,14.9 - 37.4 dB,Yes,
Thermalright TL-9015,https://pcpartpicker.com/product/xgrqqs/thermalright-tl-9015-4258-cfm-92-mm-fan-tl-9015w-d6,https://m.media-amazon.com/images/I/41NR+qPE3tL.jpg,92 mm,White,2700 RPM,42.58 CFM,22.4 dB,Yes,
HYTE THICC FP12 3-Pack,https://pcpartpicker.com/product/8dP8TW/hyte-thicc-fp12-1058-cfm-120-mm-fans-3-pack-fan-hyte-fp12-bw-3,https://cdna.pcpartpicker.com/static/forever/images/product/29fc44980c268c97b9486e12ade2bb9c.256p.jpg,120 mm,Black / White,,105.8 CFM,10 - 47.3 dB,Yes,
Thermaltake CT140 EX ARGB Sync 3-Pack,https://pcpartpicker.com/product/pPjRsY/thermaltake-ct140-ex-argb-sync-903-cfm-140-mm-fans-3-pack-cl-f191-pl14sw-a,https://cdna.pcpartpicker.com/static/forever/images/product/c377666d6a457d3780ea2c62ce120529.256p.jpg,140 mm,White,500 - 1800 RPM,90.3 CFM,30.7 dB,Yes,74.98
Asus TUF Gaming TR120 ARGB,https://pcpartpicker.com/product/qCbypg/asus-tuf-gaming-tr120-argb-763-cfm-120-mm-fan-tuf-gaming-tr120-fan-argb-reverse-black,/static/forever/img/no-image.png,120 mm,Black,2000 RPM,76.3 CFM,29 dB,Yes,
Cooler Master MasterFan MF Prismatic,https://pcpartpicker.com/product/ZQRYcf/cooler-master-masterfan-mf-prismatic-55-cfm-120-mm-fan-mfy-b2dn-20npa-r1,https://cdna.pcpartpicker.com/static/forever/images/product/ac49608b7c5fec387582256a935eeedd.256p.jpg,120 mm,Black / White,650 - 2000 RPM,55 CFM,8 - 27 dB,Yes,
Cooler Master MasterFan MF Prismatic 3-Pack,https://pcpartpicker.com/product/YX2WGX/cooler-master-masterfan-mf-prismatic-55-cfm-120-mm-fans-3-pack-mfy-b2dn-203pa-r1,https://cdna.pcpartpicker.com/static/forever/images/product/6a6235efd683b7dba07191222a65fc35.256p.jpg,120 mm,Black / White,650 - 2000 RPM,55 CFM,8 - 27 dB,Yes,
SeaSonic MAGFLOW 3-Pack,https://pcpartpicker.com/product/Df9wrH/seasonic-magflow-6333-cfm-120-mm-fans-3-pack-magflow-3,https://cdna.pcpartpicker.com/static/forever/images/product/aa6f257d80e5e71089c73dbb95fbe3e1.256p.jpg,120 mm,Black,600 - 2000 RPM,63.33 CFM,9.9 - 33.78 dB,Yes,69.98
Thermalright TL-H12-X28,https://pcpartpicker.com/product/Tsh2FT/thermalright-tl-h12-x28-8045-cfm-120-mm-fan-tl-h12-x28,https://m.media-amazon.com/images/I/41xrzSYyHLL.jpg,120 mm,Black,2150 RPM,80.45 CFM,29.4 dB,Yes,
ARCTIC P PST,https://pcpartpicker.com/product/d6LdnQ/arctic-p-pst-689-cfm-140-mm-fan-acfan00276a,https://m.media-amazon.com/images/I/317aA1v4JDL.jpg,140 mm,White,200 - 1900 RPM,68.9 CFM,22.5 dB,Yes,16.98
Nidec Servo Gentle Typhoon,https://pcpartpicker.com/product/4N648d/nidec-servo-d1225c12b6zpa-680-cfm-120mm-fan-d1225c12b6zpa,https://m.media-amazon.com/images/I/51zEtz8Ta0L.jpg,120 mm,Black / Gray,900 - 2150 RPM,20 - 68 CFM,15 - 34 dB,Yes,
Corsair AF120 (2018) 3-Pack,https://pcpartpicker.com/product/6jrmP6/corsair-af120-led-2018-white-3-pack-52-cfm-fans-co-9050082-ww,https://cdna.pcpartpicker.com/static/forever/images/product/a73149881193fcdb1dcabe7140f0c353.256p.jpg,120 mm,Black / White,1400 RPM,52 CFM,26 dB,No,
Thermalright TL-B6B,https://pcpartpicker.com/product/CfYRsY/thermalright-tl-b6b-1617-cfm-60-mm-fan-tl-b6b,https://m.media-amazon.com/images/I/41YnLTEYpaL.jpg,60 mm,Black,3200 RPM,16.17 CFM,20.17 dB,Yes,
HAVN H12,https://pcpartpicker.com/product/JyRnTW/havn-h12-7244-cfm-120-mm-fan-hvn-fs-h1230-02,https://cdna.pcpartpicker.com/static/forever/images/product/8f6be1044853a2f3df9aea86cba6cda8.256p.jpg,120 mm,Black,,72.44 CFM,32.2 dB,Yes,18.98
Scythe Kaze Flex140 Square,https://pcpartpicker.com/product/pYcG3C/scythe-kaze-flex140-square-1008-cfm-140-mm-fan-kf1425fd18s-p,https://m.media-amazon.com/images/I/41kD-I8kQ4L.jpg,140 mm,Gray / Black,300 - 1800 RPM,16.8 - 100.8 CFM,4.19 - 26.45 dB,Yes,17.98
ARCTIC S12038-4K,https://pcpartpicker.com/product/tgsMnQ/arctic-s12038-4k-106-cfm-120-mm-fan-acfan00296a,https://cdna.pcpartpicker.com/static/forever/images/product/3eb4f342d320a6c8a3ab34bafb58190c.256p.jpg,120 mm,Black,600 - 4000 RPM,106 CFM,,Yes,14.99
Vetroo SA-120,https://pcpartpicker.com/product/L7TFf7/vetroo-sa-120-5818-cfm-120-mm-fan-vt-fan-fdb120-pk,https://m.media-amazon.com/images/I/41rdpp0bs7L.jpg,120 mm,Pink,800 - 1300 RPM,26.05 - 58.18 CFM,36.1 dB,Yes,14.99
Xigmatek XAF,https://pcpartpicker.com/product/wNdqqs/xigmatek-case-fan-xaff1254,https://m.media-amazon.com/images/I/51g+8kKOmRL.jpg,120 mm,Black,1500 RPM,75.3 CFM,24 dB,No,5.99
Kingwin CF-08LB,https://pcpartpicker.com/product/3TCrxr/kingwin-case-fan-cf08lb,https://m.media-amazon.com/images/I/418lGpKOIZL.jpg,80 mm,Black,1700 RPM,30 CFM,25 dB,No,5.99
be quiet! Light Wings LX,https://pcpartpicker.com/product/MhRwrH/be-quiet-light-wings-lx-515-cfm-120-mm-fan-bl120,https://cdna.pcpartpicker.com/static/forever/images/product/46eb17b99834ddb241d7eab20671e024.256p.jpg,120 mm,Black,1600 RPM,51.5 CFM,25.5 dB,Yes,17.50
Geometric Future Squama 2503 3-Pack,https://pcpartpicker.com/product/6WMMnQ/geometric-future-squama-2503-9115-cfm-140-mm-fans-3-pack-geo-s2503b-14t,https://cdna.pcpartpicker.com/static/forever/images/product/192dec0bfbec14d86d21377fc3865625.256p.jpg,140 mm,Black,800 - 2400 RPM,91.15 CFM,34 dB,Yes,49.90
Xigmatek XAF,https://pcpartpicker.com/product/yJckcf/xigmatek-case-fan-xaff1453,https://m.media-amazon.com/images/I/51eLQQncOtL.jpg,140 mm,Orange,800 - 1300 RPM,90.3 CFM,18 dB,No,5.99
Thermaltake TOUGHFAN 12 Pro 2-Pack,https://pcpartpicker.com/product/R4BzK8/thermaltake-toughfan-12-pro-708-cfm-120-mm-fans-2-pack-cl-f159-pl12bl-a,https://cdna.pcpartpicker.com/static/forever/images/product/0bcfaf75bdf8b38d7863ddb9b21ae2a3.256p.jpg,120 mm,Black,500 - 2000 RPM,49.13 - 70.8 CFM,18.3 - 22.6 dB,Yes,44.99
Deepcool CF120 Plus 3-Pack,https://pcpartpicker.com/product/r46qqs/deepcool-cf120-plus-525-cfm-120-mm-fans-3-pack-dp-f12-ar-cf120p-3p,https://cdna.pcpartpicker.com/static/forever/images/product/c26761f185b2c072a12eaa1447acd3f3.256p.jpg,120 mm,Black / White,500 - 1800 RPM,52.5 CFM,28.8 dB,Yes,
Corsair iCUE ML RGB ELITE Premium,https://pcpartpicker.com/product/PbrRsY/corsair-icue-ml-rgb-elite-premium-829-cfm-140-mm-fan-co-9050114-ww,https://cdna.pcpartpicker.com/static/forever/images/product/5f137085cca09080efe4d22330432fa9.256p.jpg,140 mm,Black,400 - 1600 RPM,15 - 82.9 CFM,10 - 31.8 dB,Yes,
NZXT F140 RGB DUO 2-Pack,https://pcpartpicker.com/product/6mfnTW/nzxt-f140-rgb-duo-8475-cfm-140-mm-fans-2-pack-rf-d14df-w1,https://cdna.pcpartpicker.com/static/forever/images/product/0ec3febcadf7a3e54a3c04bc0b3c58ed.256p.jpg,140 mm,White,500 - 1800 RPM,84.75 CFM,36 dB,Yes,84.99
ID-COOLING TF-12025-PRO,https://pcpartpicker.com/product/DHtLrH/id-cooling-tf-12025-pro-825-cfm-120-mm-fan-tf-12025-pro-black,https://cdna.pcpartpicker.com/static/forever/images/product/efa734181fc5dc6392e3b9a1b2f13026.256p.jpg,120 mm,,500 - 1800 RPM,82.5 CFM,35.2 dB,Yes,
ENDORFY Stratus,https://pcpartpicker.com/product/CvP8TW/endorfy-stratus-140-mm-fan-ey4a011,https://cdna.pcpartpicker.com/static/forever/images/product/2c8d53c8e60b03e0f49dad77762670d2.256p.jpg,140 mm,Black,200 - 1200 RPM,,,Yes,
Noctua F12 industrialPPC-2000,https://pcpartpicker.com/product/GLW9TW/noctua-case-fan-nff12industrialppc2000,https://m.media-amazon.com/images/I/410jrJ5lx7L.jpg,120 mm,Brown / Black,2000 RPM,71.69 CFM,29.7 dB,No,27.95
Corsair ML140 PRO,https://pcpartpicker.com/product/RNGxFT/corsair-ml140-pro-rgb-554-cfm-140-mm-fan-co-9050077-ww,https://cdna.pcpartpicker.com/static/forever/images/product/637d55a951c6564584edaa513645859e.256p.jpg,140 mm,Black / White,400 - 1200 RPM,55.4 CFM,20.4 dB,Yes,
EK Vardar EVO 120ER,https://pcpartpicker.com/product/RFvqqs/ek-vardar-evo-120er-77-cfm-120-mm-fan-3831109824641,https://cdna.pcpartpicker.com/static/forever/images/product/e320cd67e2706dafab4e762472201a8f.256p.jpg,120 mm,Black / White,500 - 2200 RPM,,33.5 dB,Yes,
Gigabyte AORUS 140 ARGB,https://pcpartpicker.com/product/8JddnQ/gigabyte-aorus-140-argb-6064-cfm-140-mm-fan-gp-ar140rfan,https://cdna.pcpartpicker.com/static/forever/images/product/95fb722a6329c077d578650bcec1ffb2.256p.jpg,140 mm,Black,800 - 1700 RPM,30.3 - 60.64 CFM,8.9 - 35.8 dB,Yes,
Lian Li UNI FAN AL120 V2,https://pcpartpicker.com/product/Z4n9TW/lian-li-uni-fan-al120-v2-773-cfm-120-mm-fan-al120v2-1b,https://cdna.pcpartpicker.com/static/forever/images/product/d15c750b4affb4ce93b679b368520a56.256p.jpg,120 mm,Black,250 - 2000 RPM,77.3 CFM,28.7 dB,Yes,
be quiet! Light Wings LX 3-Pack,https://pcpartpicker.com/product/CxyH99/be-quiet-light-wings-lx-56-cfm-140-mm-fans-3-pack-bl127,https://cdna.pcpartpicker.com/static/forever/images/product/2eb20536fae403fc6bda22909276a568.256p.jpg,140 mm,Black,1200 RPM,56 CFM,22.9 dB,Yes,54.50
NoiseBlocker NB-ELOOP X ARGB,https://pcpartpicker.com/product/xHtKHx/noiseblocker-nb-eloop-x-argb-5809-cfm-120-mm-fan-itr-b12x-ps,https://cdna.pcpartpicker.com/static/forever/images/product/7ea6b021fe46b7f9f290f00695c268ef.256p.jpg,120 mm,White,,0 - 58.09 CFM,0 - 21.2 dB,Yes,11.80
Silverstone Air Slimmer 120 ARGB,https://pcpartpicker.com/product/ZZmmP6/silverstone-air-slimmer-120-argb-6367-cfm-120-mm-fan-sst-as120b-argb,https://cdna.pcpartpicker.com/static/forever/images/product/c802b95b7e300942ec6270d495a30bf7.256p.jpg,120 mm,Black,,0 - 63.67 CFM,0 - 31.7 dB,Yes,32.41
NZXT F RGB Core 2-Pack,https://pcpartpicker.com/product/bwgrxr/nzxt-f-rgb-core-8948-cfm-140-mm-fans-2-pack-rf-c14hf-w1,https://cdna.pcpartpicker.com/static/forever/images/product/be5949403cbcb3cf0e038b48ff804d76.256p.jpg,140 mm,White,500 - 1800 RPM,24.85 - 89.48 CFM,20 - 32.5 dB,Yes,
Noctua S12A FLX,https://pcpartpicker.com/product/Ky6BD3/noctua-case-fan-nfs12aflx,https://cdna.pcpartpicker.com/static/forever/images/product/271b48c6db285ea2cdf0cd7a367a8686.256p.jpg,120 mm,Brown,700 - 1200 RPM,,7.4 - 17.8 dB,No,21.95
Vetroo ARGB120 3-Pack,https://pcpartpicker.com/product/Ws2WGX/vetroo-argb120-481-cfm-120-mm-fans-3-pack-vt-fan-argb120-bk-x3,https://m.media-amazon.com/images/I/411UzwUATdL.jpg,120 mm,Black,1300 RPM,48.1 CFM,,Yes,19.98
Montech Metal Pro,https://pcpartpicker.com/product/pJtkcf/montech-metal-pro-762-cfm-120-mm-fan-metalpro12b,https://m.media-amazon.com/images/I/416I0JHa2NL.jpg,120 mm,Black,600 - 2200 RPM,76.2 CFM,29.1 dB,Yes,15.90
Corsair iCUE QL140 2-Pack,https://pcpartpicker.com/product/YyFKHx/corsair-icue-ql140-rgb-502-cfm-140-mm-fans-2-pack-co-9050100-ww,https://cdna.pcpartpicker.com/static/forever/images/product/f93ad1a45dcf4cb87c63acc0b6b136b8.256p.jpg,140 mm,Black,1250 RPM,50.2 CFM,26 dB,Yes,
Enermax HF120 3-Pack,https://pcpartpicker.com/product/sRZzK8/enermax-hf120-721-cfm-120-mm-fans-3-pack-uchf12pargb-bp3,https://cdna.pcpartpicker.com/static/forever/images/product/9be7be8d237170564beb316b4530f96e.256p.jpg,120 mm,Black,500 - 1600 RPM,22.5 - 72.1 CFM,14 - 27 dB,Yes,
Iceberg Thermal IceGALE 2-Pack,https://pcpartpicker.com/product/msfxFT/iceberg-thermal-icegale-96-cfm-140-mm-fans-2-pack-icegale14-a2a,https://cdna.pcpartpicker.com/static/forever/images/product/e838758be809f327960f25922149288a.256p.jpg,140 mm,Teal,500 - 1600 RPM,96 CFM,0 - 36 dB,Yes,17.99
be quiet! Light Wings LX,https://pcpartpicker.com/product/LZkH99/be-quiet-light-wings-lx-56-cfm-140-mm-fan-bl126,https://cdna.pcpartpicker.com/static/forever/images/product/39d0f19b7bc1125c97a6c54a6bc07f3d.256p.jpg,140 mm,Black,1200 RPM,56 CFM,22.9 dB,Yes,19.50
Razer Kunai Chroma,https://pcpartpicker.com/product/nnC48d/razer-kunai-chroma-655-cfm-120-mm-fan-rc21-01800100-r3m1,https://cdna.pcpartpicker.com/static/forever/images/product/d1f51a6c4af93e5694ade714343576af.256p.jpg,120 mm,Black,500 - 2200 RPM,17.48 - 65.5 CFM,15 - 35 dB,Yes,35.00
Deepcool FC120 WHITE-3 IN 1 3-Pack,https://pcpartpicker.com/product/YsfnTW/deepcool-fc120-white-3-in-1-6191-cfm-120-mm-fans-3-pack-r-fc120-whamn3-g-1,https://cdna.pcpartpicker.com/static/forever/images/product/c0e147ba2a22d9cef240be2dcc62429c.256p.jpg,120 mm,White,500 - 1800 RPM,61.91 CFM,28 dB,Yes,
Cooler Master Mobius OC,https://pcpartpicker.com/product/XHBzK8/cooler-master-mobius-oc-881-cfm-120-mm-fan-mfz-m2nn-32npk-r1,https://m.media-amazon.com/images/I/51bWEiHQ8KL.jpg,120 mm,Blue / Black,,40.2 - 88.1 CFM,17.4 - 39.3 dB,Yes,
Antec NOVA 120,https://pcpartpicker.com/product/vhqNnQ/antec-nova-120-9532-cfm-120-mm-fan-nova-120,https://m.media-amazon.com/images/I/41MsTTqBVcL.jpg,120 mm,Black,300 - 3200 RPM,44 - 95.32 CFM,21.5 - 38.7 dB,Yes,19.79
Corsair ML120 2-Pack,https://pcpartpicker.com/product/CJyxFT/corsair-co-9050039-ww-750-cfm-120mm-fan-co-9050039-ww,https://cdna.pcpartpicker.com/static/forever/images/product/2d72a933af1e5db84b3986635e37558c.256p.jpg,120 mm,White / Black,400 - 2400 RPM,12 - 75 CFM,16 - 37 dB,Yes,
GAMDIAS AEOLUS P2 3-Pack,https://pcpartpicker.com/product/wGgrxr/gamdias-aeolus-p2-7497-cfm-120-mm-fans-3-pack-aeolus-p2-1203,https://cdna.pcpartpicker.com/static/forever/images/product/1688d493ad0834a1098634c36a088052.256p.jpg,120 mm,Black,1000 - 2400 RPM,74.97 CFM,,Yes,59.81
Silverstone AP,https://pcpartpicker.com/product/6BsmP6/silverstone-silverstone-ap-series-sst-ap183-180mm-case-fan-14013-cfm-180-mm-fan-sst-ap183,https://cdna.pcpartpicker.com/static/forever/images/product/acffab92dfe0008a2c26dd45a17309d8.256p.jpg,180 mm,Black,400 - 1500 RPM,24.49 - 140.13 CFM,18 - 37 dB,Yes,42.95
Thermalright TL-H120-15B-S,https://pcpartpicker.com/product/2pBFf7/thermalright-tl-h120-15b-s-5636-cfm-120-mm-fan-tl-h12015b-s,/static/forever/img/no-image.png,120 mm,Black,1900 RPM,56.36 CFM,28.4 dB,Yes,12.90
ARCTIC P12 PWM PST A-RGB 0dB,https://pcpartpicker.com/product/YLZ9TW/arctic-p12-pwm-pst-a-rgb-0db-488-cfm-120-mm-fan-acfan00254a,https://cdna.pcpartpicker.com/static/forever/images/product/b74347b41dcea2773baf0e73628d29ff.256p.jpg,120 mm,White / Gray,,48.8 CFM,,Yes,59.99
DARKROCK F140,https://pcpartpicker.com/product/ZbxTwP/darkrock-f140-615-cfm-140-mm-fan-dr-fan-f140-bk,https://m.media-amazon.com/images/I/41m3lQKQ4aL.jpg,140 mm,Black,800 - 1800 RPM,61.5 CFM,29 dB,Yes,13.99
DARKROCK R140,https://pcpartpicker.com/product/fTqNnQ/darkrock-r140-615-cfm-140-mm-fan-dr-fan-r140-wt,https://m.media-amazon.com/images/I/41B+k0RxRmL.jpg,140 mm,White,800 - 1800 RPM,61.5 CFM,29 dB,Yes,12.99
Geometric Future Squama 2503R 3-Pack,https://pcpartpicker.com/product/Zb4Zxr/geometric-future-squama-2503r-718-cfm-140-mm-fans-3-pack-geo-s2503rb-14t,https://cdna.pcpartpicker.com/static/forever/images/product/407f9c0b3eb99b7e68c3edfb72890a0c.256p.jpg,140 mm,Black,800 - 2100 RPM,71.8 CFM,34 dB,Yes,49.90
Cooler Master SickleFlow,https://pcpartpicker.com/product/CdhmP6/cooler-master-67-cfm-140-mm-fan-mfx-b4dn-14npa-r1,https://cdna.pcpartpicker.com/static/forever/images/product/4989cf754e4af58e0601aefc94dfc26b.256p.jpg,140 mm,Black,650 - 1400 RPM,67 CFM,10 - 27 dB,Yes,
Deepcool FL12R 3-Pack,https://pcpartpicker.com/product/RB9nTW/deepcool-fl12r-55-cfm-120-mm-fans-3-pack-r-fl12r-whapn3-g,https://cdna.pcpartpicker.com/static/forever/images/product/0b5baa9024b03d5cf5ea01a935b2d72f.256p.jpg,120 mm,White,500 - 2150 RPM,55 CFM,32 dB,Yes,
Corsair iCUE QL140,https://pcpartpicker.com/product/Zg3mP6/corsair-icue-ql140-rgb-502-cfm-140-mm-fan-co-9050099-ww,https://cdna.pcpartpicker.com/static/forever/images/product/28eb3cad3f6934b45c157747a2c68e90.256p.jpg,140 mm,Black,550 - 1250 RPM,50.2 CFM,26 dB,Yes,
MSI Torx,https://pcpartpicker.com/product/sks8TW/msi-torx-fan-12cm-713-cfm-120mm-fan-torx-fan-12cm,https://cdna.pcpartpicker.com/static/forever/images/product/4dc94a848ff34f7ddf8b97b2fe8cbece.256p.jpg,120 mm,Black / Red,500 - 1800 RPM,19.79 - 71.27 CFM,17.2 - 33.6 dB,Yes,27.70
ARCTIC P8 5-Pack,https://pcpartpicker.com/product/QdDkcf/arctic-p8-234-cfm-80-mm-fans-acfan00153a,https://cdna.pcpartpicker.com/static/forever/images/product/8a795ff7b14c68019c267ca2996344b1.256p.jpg,80 mm,,3000 RPM,23.4 CFM,,No,31.29
Phanteks M25-140 PWM D-RGB 3-Pack,https://pcpartpicker.com/product/TFJgXL/phanteks-m25-140-pwm-d-rgb-10462-cfm-140-mm-fans-3-pack-ph-f140m25_drgb_pwm_bk01_3p,https://cdna.pcpartpicker.com/static/forever/images/product/9649e72ae344b5d486d7e3f1a2640a57.256p.jpg,140 mm,Black,500 - 1800 RPM,104.62 CFM,36.57 dB,Yes,
EK Loop Fan FPT 120 D-RGB,https://pcpartpicker.com/product/HmLdnQ/ek-loop-fan-fpt-120-d-rgb-77-cfm-120-mm-fan-ek-loop-fpt-120-drgb-bk,https://cdna.pcpartpicker.com/static/forever/images/product/3f6d1adaca82bbbefd3eef9b59ef007e.256p.jpg,120 mm,Black,550 - 2300 RPM,77 CFM,36 dB,Yes,33.99
ID-COOLING TF-12015,https://pcpartpicker.com/product/Pq26Mp/id-cooling-tf-12015-6758-cfm-120-mm-fan-tf-12015-k,https://cdna.pcpartpicker.com/static/forever/images/product/f2846805b83028406f57f36e7bb4b4b1.256p.jpg,120 mm,Black,500 - 2200 RPM,67.58 CFM,32.3 dB,Yes,
Vantec Tornado,https://pcpartpicker.com/product/wG9KHx/vantec-td8038h-841-cfm-80-mm-fan-td8038h,https://m.media-amazon.com/images/I/41SU1cLrgAL.jpg,80 mm,Black,5700 RPM,84.1 CFM,55.2 dB,No,
Corsair HD120 3-Pack,https://pcpartpicker.com/product/mh7CmG/corsair-hd120-rgb-544-cfm-120-mm-fans-3-pack-co-9050067-ww,https://m.media-amazon.com/images/I/51M8INI72VL.jpg,120 mm,Black / White,800 - 1725 RPM,54.4 CFM,18 - 30 dB,Yes,
be quiet! Pure Wings 2,https://pcpartpicker.com/product/wj8H99/be-quiet-pure-wings-2-140-612-cfm-140mm-fan-bl040,https://cdna.pcpartpicker.com/static/forever/images/product/45e7bbd45302896a2953911ff97e1d56.256p.jpg,140 mm,Black,400 - 1000 RPM,61.2 CFM,19.8 dB,Yes,
EK Loop Fan FPT 120 D-RGB,https://pcpartpicker.com/product/pPfxFT/ek-loop-fan-fpt-120-d-rgb-77-cfm-120-mm-fan-ek-loop-fpt-120-drgb-wh,https://cdna.pcpartpicker.com/static/forever/images/product/3524b84cc4430febd16617c27d4b47a7.256p.jpg,120 mm,White,550 - 2300 RPM,77 CFM,36 dB,Yes,33.99
be quiet! Silent Wings 3,https://pcpartpicker.com/product/kwgPxr/be-quiet-bl064-505-cfm-120mm-fan-bl064,https://cdna.pcpartpicker.com/static/forever/images/product/f70ffc19a1155626d9bb2d76398316d1.256p.jpg,120 mm,Black,1450 RPM,50.5 CFM,16.4 dB,No,
Thermaltake CT ARGB Sync,https://pcpartpicker.com/product/YHBFf7/thermaltake-ct-argb-sync-1316-cfm-200-mm-fan-cl-f180-pl20sw-a,https://m.media-amazon.com/images/I/41ls7Q2opCL.jpg,200 mm,White,500 - 900 RPM,131.6 CFM,27.2 dB,Yes,24.99
be quiet! Light Wings LX 3-Pack,https://pcpartpicker.com/product/P4Kscf/be-quiet-light-wings-lx-515-cfm-120-mm-fans-3-pack-bl122,https://cdna.pcpartpicker.com/static/forever/images/product/eeb7ce2ed5bcee3367b06cabe3543fce.256p.jpg,120 mm,White,1600 RPM,51.5 CFM,25.5 dB,Yes,49.50
Fractal Design Venturi HF-14,https://pcpartpicker.com/product/wzM323/fractal-design-case-fan-fdfanventhf14bk,https://cdna.pcpartpicker.com/static/forever/images/product/81aa5bc083c56f67cb7c8dccd270a842.256p.jpg,140 mm,Black,1200 RPM,118.2 CFM,26.5 dB,No,
Corsair RS140,https://pcpartpicker.com/product/PX4Zxr/corsair-rs140-955-cfm-140-mm-fan-co-9050194-ww,https://cdna.pcpartpicker.com/static/forever/images/product/5b2237409ad6f08544f8a3019ef88133.256p.jpg,140 mm,White,330 - 1700 RPM,14.6 - 95.5 CFM,10 - 36 dB,Yes,19.98
Noctua A14 FLX,https://pcpartpicker.com/product/Q3Lypg/noctua-case-fan-nfa14flx,https://cdna.pcpartpicker.com/static/forever/images/product/ed1b5090490439fec984e1ab8a37a963.med.256p.jpg,140 mm,Brown,900 - 1200 RPM,52.2 - 68 CFM,13.8 - 19.2 dB,No,14.99
be quiet! Shadow Wings 2,https://pcpartpicker.com/product/vFGnTW/be-quiet-385-cfm-120-mm-fan-bl089,https://cdna.pcpartpicker.com/static/forever/images/product/5c6def8ebcf93895653ca3dcf2d554c8.256p.jpg,120 mm,White / Black,900 RPM,38.5 CFM,15.9 dB,Yes,12.90
Cooler Master SickleFlow,https://pcpartpicker.com/product/yXpmP6/cooler-master-sickleflow-120-rgb-62-cfm-120-mm-fan-mfx-b2dn-18npc-r1,https://cdna.pcpartpicker.com/static/forever/images/product/97fa1b92a7abaff50b5d2b5911c00ff4.256p.jpg,120 mm,Black,650 - 1800 RPM,62 CFM,8 - 27 dB,Yes,
Thermaltake TOUGHFAN,https://pcpartpicker.com/product/PcRYcf/thermaltake-toughfan-1191-cfm-140-mm-fan-cl-f118-pl14bl-a,https://cdna.pcpartpicker.com/static/forever/images/product/10d424c00d474a0d1a8b7c52a1fac66b.256p.jpg,140 mm,Black,500 - 2000 RPM,119.1 CFM,25.2 - 33.2 dB,Yes,24.36
Gigabyte AORUS 120 ARGB,https://pcpartpicker.com/product/mkZ9TW/gigabyte-aorus-120-argb-4085-cfm-120-mm-fan-gp-ar120rfan,https://cdna.pcpartpicker.com/static/forever/images/product/b0da7c4ccb9461cfeee77ea2237f3133.256p.jpg,120 mm,Black,800 - 1700 RPM,18.52 - 40.85 CFM,7.3 - 28.6 dB,Yes,15.99
Scythe Wonder Tornado,https://pcpartpicker.com/product/kmJp99/scythe-wonder-tornado-6029-cfm-120-mm-fan-wt1225fd20-p,https://cdna.pcpartpicker.com/static/forever/images/product/e0153696347fd1450fe4eb9709760025.256p.jpg,120 mm,Black,350 - 2000 RPM,7.68 - 60.29 CFM,3 - 26.88 dB,Yes,12.99
Thermaltake Riing,https://pcpartpicker.com/product/qLkwrH/thermaltake-case-fan-clf038pl12wta,https://cdna.pcpartpicker.com/static/forever/images/product/58723b20a8653e6c7f4cd4b1cb5b8ed4.256p.jpg,120 mm,Black / White,1000 - 1500 RPM,40.6 CFM,18.7 - 24.6 dB,No,16.98
Corsair ML140 LED ELITE White Premium,https://pcpartpicker.com/product/8vJgXL/corsair-ml140-led-elite-white-premium-829-cfm-140-mm-fan-co-9050130-ww,https://cdna.pcpartpicker.com/static/forever/images/product/85ce3ffd6cb3d207a55944ca2e2125b2.256p.jpg,140 mm,White,400 - 1600 RPM,15 - 82.9 CFM,10 - 31.8 dB,Yes,
be quiet! Light Wings 3-Pack,https://pcpartpicker.com/product/d27scf/be-quiet-light-wings-4151-cfm-120-mm-fans-3-pack-bl100,https://cdna.pcpartpicker.com/static/forever/images/product/ea8dd89e110f2aecafdfe582245ad646.256p.jpg,120 mm,White,1700 RPM,41.51 CFM,20.6 dB,Yes,49.90
Scythe Wonder Tornado 3-Pack,https://pcpartpicker.com/product/mXsMnQ/scythe-wonder-tornado-7517-cfm-120-mm-fans-3-pack-wt1225fd25x3-p,https://cdna.pcpartpicker.com/static/forever/images/product/f79c0820e5852d106780eb7739741abc.256p.jpg,120 mm,Black,350 - 2500 RPM,7.68 - 75.17 CFM,3 - 35.57 dB,Yes,29.99
Scythe Wonder Tornado Slim,https://pcpartpicker.com/product/yV7MnQ/scythe-wonder-tornado-slim-3431-cfm-120-mm-fan-wt1215fd20-p,https://cdna.pcpartpicker.com/static/forever/images/product/529a707a7d230ef9800caca8a9425d0a.256p.jpg,120 mm,Black,400 - 2000 RPM,6.8 - 34.31 CFM,3.12 - 26.36 dB,Yes,13.95
NZXT Aer P,https://pcpartpicker.com/product/34yxFT/nzxt-aer-p140-982-cfm-140mm-fan-rf-ap140-fp,https://cdna.pcpartpicker.com/static/forever/images/product/7dc02a1c238e33c807a5608af9ef5f78.256p.jpg,140 mm,Black,500 - 1800 RPM,27.27 - 98.17 CFM,21 - 38 dB,Yes,
Cooler Master MasterFan MF120 Halo²,https://pcpartpicker.com/product/zmqrxr/cooler-master-masterfan-mf120-halo2-5188-cfm-120-mm-fan-mfl-b2dw-21np2-r2,https://cdna.pcpartpicker.com/static/forever/images/product/f053b76d6b37ceb540898504a7f37c28.256p.jpg,120 mm,White,,51.88 CFM,27 dB,Yes,20.99
NZXT Air Flow,https://pcpartpicker.com/product/gVkD4D/nzxt-case-fan-rffz140u1,https://m.media-amazon.com/images/I/51CC1VfOGjL.jpg,140 mm,Clear,1000 RPM,83.6 CFM,24.5 dB,No,10.00
Noctua A14 ULN,https://pcpartpicker.com/product/qx8Zxr/noctua-case-fan-nfa14uln,https://cdna.pcpartpicker.com/static/forever/images/product/5b003810f65ea5610c19f44b84fb5c15.256p.jpg,140 mm,Brown,650 - 800 RPM,,9.1 - 11.9 dB,No,32.40
Fractal Design Prisma AL 3-Pack,https://pcpartpicker.com/product/ztjJ7P/fractal-design-prisma-al-12-pwm-8571-cfm-120-mm-fans-3-pack-fd-fan-pri-al12-pwm-3p,https://cdna.pcpartpicker.com/static/forever/images/product/ba7ea989f3014ff3dafcd0c9dc03f872.256p.jpg,120 mm,White / Black,500 - 2000 RPM,20.68 - 85.71 CFM,14.8 - 32.7 dB,Yes,
PC Cooler CORONA 3-IN-1 FRGB KIT 3-Pack,https://pcpartpicker.com/product/v4Gbt6/pc-cooler-corona-3-in-1-frgb-kit-68-cfm-120-mm-fans-3-pack-corona-3-in-1-frgb-kit,https://cdna.pcpartpicker.com/static/forever/images/product/7a49a8cb5c8be47b912e8e36038f8ee9.256p.jpg,120 mm,Black,1000 - 2000 RPM,68 CFM,8 - 29.1 dB,No,26.88
Phanteks M25-120 PWM D-RGB,https://pcpartpicker.com/product/WmfnTW/phanteks-m25-120-pwm-d-rgb-8426-cfm-120-mm-fan-ph-f120m25_drgb_pwm_wt01,https://cdna.pcpartpicker.com/static/forever/images/product/dfdf5c2d6b73e006458e41f180b1ac71.256p.jpg,120 mm,White,500 - 2000 RPM,84.26 CFM,35.7 dB,Yes,
Montech HP 3-Pack,https://pcpartpicker.com/product/rsvscf/montech-hp-9561-cfm-140-mm-fans-3-pack-hp140w3in1,https://cdna.pcpartpicker.com/static/forever/images/product/c88d925c5779cc8d2c13af26e7aa771f.256p.jpg,140 mm,White,600 - 1600 RPM,95.61 CFM,29.2 dB,Yes,45.90
NZXT Aer F 2-Pack,https://pcpartpicker.com/product/ckFXsY/nzxt-aer-f120-6302-cfm-120-mm-fans-rf-af120-d1,https://cdna.pcpartpicker.com/static/forever/images/product/fc7566a4afa4af7679efbd37e1a15873.256p.jpg,120 mm,Black,500 - 1500 RPM,21.01 - 63.02 CFM,22 - 31 dB,Yes,
Fractal Design Aspect 12 RGB,https://pcpartpicker.com/product/mc4Ycf/fractal-design-aspect-12-rgb-32-cfm-120-mm-fan-fd-f-as1-1204,https://cdna.pcpartpicker.com/static/forever/images/product/d93b4fe24e352b2943a2def6fd517784.256p.jpg,120 mm,Black,1200 RPM,32 CFM,18.3 dB,No,
Noctua NF-A14x25 G2 LS-PWM chromax.black,https://pcpartpicker.com/product/gNFCmG/noctua-nf-a14x25-g2-ls-pwm-chromaxblack-4803-cfm-140-mm-fan-nf-a14x25-g2-ls-pwm-chromaxblack,/static/forever/img/no-image.png,140 mm,Black,,0 - 48.03 CFM,0 - 11.4 dB,Yes,
Montech Metal Pro 3-Pack,https://pcpartpicker.com/product/qXnXsY/montech-metal-pro-762-cfm-120-mm-fans-3-pack-metalpro12w3in1,https://m.media-amazon.com/images/I/41Sl1Zw6GXL.jpg,120 mm,White,600 - 2200 RPM,76.2 CFM,29.1 dB,Yes,49.90
Corsair iCUE QL140 2-Pack,https://pcpartpicker.com/product/YsMTwP/corsair-icue-ql140-rgb-502-cfm-140-mm-fans-2-pack-co-9050106-ww,https://cdna.pcpartpicker.com/static/forever/images/product/352093394c7579698fe723b2f72005e7.256p.jpg,140 mm,White / Black,550 - 1250 RPM,50.2 CFM,26 dB,Yes,117.92
Thermalright TL-8015,https://pcpartpicker.com/product/Wcgrxr/thermalright-tl-8015-284-cfm-80-mm-fan-tl-8015w,https://m.media-amazon.com/images/I/41dLuRYwRYL.jpg,80 mm,White,2200 RPM,28.4 CFM,23.3 dB,Yes,
MSI MPG F120 ARGB-2W 2-Pack,https://pcpartpicker.com/product/2ZjRsY/msi-mpg-f120-argb-2w-5079-cfm-120-mm-fans-2-pack-mpg-f120-argb-2w,https://cdna.pcpartpicker.com/static/forever/images/product/01393dc473b496559afc661c4d67ab44.256p.jpg,120 mm,White,600 - 1200 RPM,50.79 CFM,25.7 dB,Yes,39.99
ARCTIC P14 PWM PST A-RGB 3-Pack,https://pcpartpicker.com/product/nWqPxr/arctic-p14-pwm-pst-a-rgb-68-cfm-140-mm-fans-3-pack-acfan00257a,https://cdna.pcpartpicker.com/static/forever/images/product/49c9b77f83a824fcd19b1865c3032a26.256p.jpg,140 mm,Black,,0 - 68 CFM,,Yes,
Super Flower MEGACOOL,https://pcpartpicker.com/product/mBpQzy/super-flower-megacool-15187-cfm-120-mm-fan-sf-pf121-bk,https://cdna.pcpartpicker.com/static/forever/images/product/18e0138c96a4940ff0016c1bc50e1e02.256p.jpg,120 mm,Black / Purple,2000 - 3300 RPM,90.04 - 151.87 CFM,35.73 - 48.39 dB,Yes,27.99
Thermaltake SWAFAN EX14 ARGB 3-Pack,https://pcpartpicker.com/product/h7jRsY/thermaltake-swafan-ex14-argb-816-cfm-140-mm-fans-3-pack-cl-f184-pl14bu-a,https://cdna.pcpartpicker.com/static/forever/images/product/bfc2b17a572fefec923c8a2e170ffde8.256p.jpg,140 mm,Blue / White,500 - 2000 RPM,79.3 - 81.6 CFM,34.5 - 38.8 dB,Yes,87.29
Corsair iCUE ML RGB ELITE Premium,https://pcpartpicker.com/product/yDKKHx/corsair-icue-ml-rgb-elite-premium-581-cfm-120-mm-fan-co-9050112-ww,https://cdna.pcpartpicker.com/static/forever/images/product/ef75887c4a32ad2d75c96f6008dcf1d4.256p.jpg,120 mm,Black,450 - 2000 RPM,14.86 - 58.1 CFM,10 - 30.4 dB,Yes,
Montech RX,https://pcpartpicker.com/product/y24Zxr/montech-rx-905-cfm-140-mm-fan-rx140-pwm-white,https://cdna.pcpartpicker.com/static/forever/images/product/89f0f0f8afb52db610736c7a4db2ab11.256p.jpg,140 mm,White,600 - 1600 RPM,90.5 CFM,27.9 dB,Yes,15.90
Thermaltake CT120 Reverse ARGB Sync 2-Pack,https://pcpartpicker.com/product/7gLp99/thermaltake-ct120-reverse-argb-sync-6582-cfm-120-mm-fans-2-pack-cl-f175-pl12sw-a,https://m.media-amazon.com/images/I/31Nl-Det0eL.jpg,120 mm,White,500 - 2000 RPM,65.82 CFM,31.2 dB,Yes,
Yeston SAKURA 6-Pack,https://pcpartpicker.com/product/FNQwrH/yeston-sakura-79-cfm-120-mm-fans-6-pack-yt-120-sakuraf6,https://cdna.pcpartpicker.com/static/forever/images/product/52ad9dfc526693b09a70698eafe38e0a.256p.jpg,120 mm,Blue / White,800 - 1800 RPM,79 CFM,35.4 dB,Yes,59.90
Antec 75026,https://pcpartpicker.com/product/67Qypg/antec-case-fan-761345750264,https://m.media-amazon.com/images/I/519pWmZOaCL.jpg,120 mm,Clear,2000 RPM,79 CFM,30 dB,No,
Corsair ML120 Pro,https://pcpartpicker.com/product/wPFXsY/corsair-co-9050041-ww-750-cfm-120mm-fan-co-9050041-ww,https://images-eu.ssl-images-amazon.com/images/I/41A6flTNBML.jpg,120 mm,White / Black,400 - 2400 RPM,12 - 75 CFM,16 - 37 dB,Yes,
be quiet! Silent Wings 3,https://pcpartpicker.com/product/bkJkcf/be-quiet-bl067-595-cfm-140mm-fan-bl067,https://cdna.pcpartpicker.com/static/forever/images/product/f70ffc19a1155626d9bb2d76398316d1.256p.jpg,140 mm,Black,1000 RPM,59.5 CFM,15.5 dB,Yes,
Corsair SP120 3-Pack,https://pcpartpicker.com/product/NDmxFT/corsair-sp120-rgb-52-cfm-120-mm-fans-3-pack-co-9050061-ww,https://cdna.pcpartpicker.com/static/forever/images/product/3a337c391f56bd78758e98bf1fb65fec.256p.jpg,120 mm,White / Black,1400 RPM,52 CFM,26 dB,Yes,
NZXT Aer F,https://pcpartpicker.com/product/CwNypg/nzxt-aer-f120-630-cfm-120mm-fan-rf-af120-b1,https://images-eu.ssl-images-amazon.com/images/I/515KeHhbGVL.jpg,120 mm,Black,500 - 1500 RPM,21.01 - 63.02 CFM,22 - 31 dB,Yes,
Lian Li UNI FAN AL120 3-Pack,https://pcpartpicker.com/product/fMwypg/lian-li-uni-fan-al120-645-cfm-120-mm-fans-3-pack-uf-al120-3w,https://cdna.pcpartpicker.com/static/forever/images/product/6e6df31d2c8dad41d3f534b93f1ae6eb.256p.jpg,120 mm,White,800 - 1900 RPM,64.5 CFM,17 - 28.3 dB,Yes,
Bitspower Notos 3-Pack,https://pcpartpicker.com/product/76kWGX/bitspower-notos-120-mm-fans-3-pack-bpta-fx1812nt-3,https://m.media-amazon.com/images/I/51NROSzD8sL.jpg,120 mm,Black / White,800 - 1800 RPM,,25 - 28 dB,Yes,
Thermalright TL-C12015,https://pcpartpicker.com/product/9CZXsY/thermalright-tl-c12015-52-cfm-120-mm-fan-tl-c12015,https://m.media-amazon.com/images/I/41RjSxeQcnL.jpg,120 mm,Gray,1500 RPM,52 CFM,24.1 dB,Yes,
Thermalright TL-B8,https://pcpartpicker.com/product/rMMMnQ/thermalright-tl-b8-34-cfm-80-mm-fan-tl-b8-d6,https://m.media-amazon.com/images/I/419Q2CvyMuL.jpg,80 mm,Gray,2200 RPM,34 CFM,24 dB,Yes,
ADATA XPG VENTO,https://pcpartpicker.com/product/gKjRsY/adata-xpg-vento-453-cfm-120-mm-fan-vento120argb-whcww,https://cdna.pcpartpicker.com/static/forever/images/product/740cb483fdf4310cc0af255bf2810056.256p.jpg,120 mm,White,1200 RPM,45.3 CFM,23 dB,No,
Thermaltake Riing Quad 12 RGB Radiator TT Premium Edition 3-Pack,https://pcpartpicker.com/product/VJBhP6/thermaltake-riing-quad-12-rgb-radiator-fan-tt-409-cfm-120-mm-fans-3-pack-cl-f088-pl12sw-b,https://cdna.pcpartpicker.com/static/forever/images/product/5242f86990b81d1bd87f77d19938c0fe.256p.jpg,120 mm,Black,500 - 1500 RPM,40.9 CFM,25 dB,Yes,54.98
Noctua P14r redux-1500 PWM,https://pcpartpicker.com/product/2mV48d/noctua-case-fan-nfp14rredux1500pwm,https://cdna.pcpartpicker.com/static/forever/images/product/ebead71354b402ef8029c83145a87011.256p.jpg,140 mm,Black / Gray,450 - 1500 RPM,78.69 CFM,25.8 dB,Yes,17.95
Alphacool Apex Stealth Metal,https://pcpartpicker.com/product/rLKscf/alphacool-apex-stealth-metal-47-cfm-120-mm-fan-13854,https://cdna.pcpartpicker.com/static/forever/images/product/af933d857d6117d6870ec4c3db0e3b90.256p.jpg,120 mm,Gold / Black,400 - 2000 RPM,47 CFM,24.6 dB,Yes,24.99
Geometric Future Squama 2503R,https://pcpartpicker.com/product/TkkH99/geometric-future-squama-2503r-718-cfm-140-mm-fan-geo-s2503rw-14s,https://cdna.pcpartpicker.com/static/forever/images/product/441d16679581e80bf5bc03128f6a71ca.256p.jpg,140 mm,White,800 - 2100 RPM,71.8 CFM,34 dB,Yes,19.89
Noctua A20 FLX,https://pcpartpicker.com/product/kyM323/noctua-nf-a20-flx-865-cfm-200mm-fan-nf-a20-flx,https://m.media-amazon.com/images/I/51TKiwiJRzL.jpg,200 mm,Brown,550 - 800 RPM,59.33 - 86.46 CFM,10.7 - 18.1 dB,No,35.95
Thermaltake TOUGHFAN 14 Pro 2-Pack,https://pcpartpicker.com/product/9K26Mp/thermaltake-toughfan-14-pro-1196-cfm-140-mm-fans-2-pack-cl-f160-pl14bl-a,https://cdna.pcpartpicker.com/static/forever/images/product/0bcfaf75bdf8b38d7863ddb9b21ae2a3.256p.jpg,140 mm,Black,500 - 2000 RPM,87.6 - 119.6 CFM,24.5 - 31.6 dB,Yes,49.99
Geometric Future Squama 2503 3-Pack,https://pcpartpicker.com/product/Ttrqqs/geometric-future-squama-2503-6911-cfm-120-mm-fans-3-pack-geo-s2503b-3,https://cdna.pcpartpicker.com/static/forever/images/product/1ef3a7b8e247d31ef3cc7931222aa325.256p.jpg,120 mm,Black,2000 RPM,69.11 CFM,29 dB,Yes,49.90
Scythe Wonder Tornado,https://pcpartpicker.com/product/VxFCmG/scythe-wonder-tornado-7517-cfm-120-mm-fan-wt1225fd25-p,https://cdna.pcpartpicker.com/static/forever/images/product/e0153696347fd1450fe4eb9709760025.256p.jpg,120 mm,Black,350 - 2500 RPM,7.68 - 75.17 CFM,3 - 35.57 dB,Yes,12.99
ARCTIC P8 PST 5-Pack,https://pcpartpicker.com/product/FPVG3C/arctic-p8-pwm-pst-234-cfm-80-mm-fans-acfan00154a,https://cdna.pcpartpicker.com/static/forever/images/product/8a795ff7b14c68019c267ca2996344b1.256p.jpg,80 mm,Black,200 - 3000 RPM,23.4 CFM,,Yes,28.99
Thermaltake TOUGHFAN EX14 Pro 3-Pack,https://pcpartpicker.com/product/JnvD4D/thermaltake-toughfan-ex14-pro-1196-cfm-140-mm-fans-3-pack-cl-f172-pl14bl-a,https://m.media-amazon.com/images/I/31Oeq4kaOcL.jpg,140 mm,Black,500 - 2000 RPM,102.3 - 119.6 CFM,31.6 - 34.1 dB,Yes,94.98
Montech AIR FAN P120 2-Pack,https://pcpartpicker.com/product/Xv88TW/montech-air-fan-p120-73-cfm-120-mm-fans-2-pack-air-fan-p120,https://m.media-amazon.com/images/I/51YNEIzPvoS.jpg,120 mm,Gray / Black,600 - 1500 RPM,73 CFM,10 - 27 dB,Yes,
Yeston SAKURA,https://pcpartpicker.com/product/tTBFf7/yeston-sakura-79-cfm-120-mm-fan-yt-120-sakuraz,https://cdna.pcpartpicker.com/static/forever/images/product/06d483b17436cfd4a2b1ddadf6fd8f64.256p.jpg,120 mm,Blue / White,800 - 1800 RPM,79 CFM,35.4 dB,Yes,24.90
Noctua P12 redux-1300,https://pcpartpicker.com/product/mtNv6h/noctua-nf-p12-redux-1300-543-cfm-120mm-fan-nf-p12-redux-1300,https://cdna.pcpartpicker.com/static/forever/images/product/a623af33741a81e7468608baa3320356.256p.jpg,120 mm,Gray,1300 RPM,54.32 CFM,19.8 dB,No,15.95
Vetroo ARGB120,https://pcpartpicker.com/product/bYxRsY/vetroo-argb120-481-cfm-120-mm-fan-vt-fan-argb120-bk,/static/forever/img/no-image.png,120 mm,Black,1300 RPM,48.1 CFM,,Yes,8.99
Silverstone Air Nexus 3-Pack,https://pcpartpicker.com/product/s9hv6h/silverstone-air-nexus-604-cfm-120-mm-fans-3-pack-sst-an120b-argb-3pk,https://cdna.pcpartpicker.com/static/forever/images/product/9fcdb93d0af31e0d52cb335a991983c4.256p.jpg,120 mm,Black / White,500 - 1500 RPM,60.4 CFM,30 dB,Yes,
Silverstone VISTA,https://pcpartpicker.com/product/VhFCmG/silverstone-vista-66-cfm-120-mm-fan-sst-vs120b,https://cdna.pcpartpicker.com/static/forever/images/product/2910ab824217f58bdb0291e77bd1df95.256p.jpg,120 mm,Black,,0 - 66 CFM,0 - 30.6 dB,Yes,
ID-COOLING TF-12025-ARGB-SNOW,https://pcpartpicker.com/product/6zQcCJ/id-cooling-tf-12025-argb-snow-682-cfm-120-mm-fan-tf-12025-argb-snow,https://cdna.pcpartpicker.com/static/forever/images/product/e190a68b4c7a92e5ff17999b276f9ca2.256p.jpg,120 mm,White,500 - 1500 RPM,68.2 CFM,13.8 - 30.5 dB,Yes,
Xilence XPF80.R,https://pcpartpicker.com/product/gg6NnQ/xilence-xpf80r-1861-cfm-80-mm-fan-xf037,https://m.media-amazon.com/images/I/41iS4exRIkL.jpg,80 mm,Red / Black,1500 RPM,18.61 CFM,17.5 dB,No,
Antec Tranquil,https://pcpartpicker.com/product/BWNYcf/antec-tranquil-8596-cfm-140-mm-fan-0-761345-40026-8,https://cdna.pcpartpicker.com/static/forever/images/product/a2a9c2f97112619c2026f385499de8c8.256p.jpg,140 mm,Black,450 - 1500 RPM,21.13 - 85.96 CFM,18.6 - 27.5 dB,Yes,
Thermaltake CT140 EX ARGB Sync 3-Pack,https://pcpartpicker.com/product/RCDnTW/thermaltake-ct140-ex-argb-sync-903-cfm-140-mm-fans-3-pack-cl-f221-pl14pk-a,https://cdna.pcpartpicker.com/static/forever/images/product/73f12fe2f45730018a56beddce6d1321.256p.jpg,140 mm,Pink,500 - 1800 RPM,90.3 CFM,30.7 dB,Yes,69.98
Deepcool RF M 5-Pack,https://pcpartpicker.com/product/zFVD4D/deepcool-rf120m-565-cfm-120-mm-fans-5-pack-rf120m,https://cdna.pcpartpicker.com/static/forever/images/product/ce2a73091c7201686c701e13754de847.256p.jpg,120 mm,Black / White,500 - 1500 RPM,56.5 CFM,27 dB,Yes,
MSI MAG MAX F12A-3 3-Pack,https://pcpartpicker.com/product/kbJgXL/msi-mag-max-f12a-3-401-cfm-120-mm-fans-3-pack-mag-max-f12a-3,https://cdna.pcpartpicker.com/static/forever/images/product/7e92867adf4eb332179cf3b6cbab23a9.256p.jpg,120 mm,Black,600 - 1500 RPM,8 - 40.1 CFM,20 - 28 dB,Yes,
ID-COOLING ZF-12025 Pastel,https://pcpartpicker.com/product/qkFbt6/id-cooling-zf-12025-pastel-552-cfm-120-mm-fan-zf-12025-bb,https://m.media-amazon.com/images/I/418EQRuW0BL.jpg,120 mm,Blue,900 - 2000 RPM,55.2 CFM,16.3 - 33.5 dB,Yes,
Phanteks M25-140 PWM D-RGB,https://pcpartpicker.com/product/BFJgXL/phanteks-m25-140-pwm-d-rgb-10462-cfm-140-mm-fan-ph-f140m25_drgb_pwm_bk01,https://cdna.pcpartpicker.com/static/forever/images/product/a7289ad2229c5f43ccdc83c00ef87854.256p.jpg,140 mm,Black,500 - 1800 RPM,104.62 CFM,36.57 dB,Yes,
Thermalright TL-P12,https://pcpartpicker.com/product/G9mNnQ/thermalright-tl-p12-5286-cfm-120-mm-fan-tl-p12,https://m.media-amazon.com/images/I/41FSIxfuyGL.jpg,120 mm,Black,1500 RPM,52.86 CFM,22.1 dB,Yes,
Thermaltake CT120 EX ARGB Sync 3-Pack,https://pcpartpicker.com/product/dhWJ7P/thermaltake-ct120-ex-argb-sync-68-cfm-120-mm-fans-3-pack-cl-f196-pl12bu-a,https://cdna.pcpartpicker.com/static/forever/images/product/90fb5107b8624918ea303fe27adc4c93.256p.jpg,120 mm,Blue,500 - 2000 RPM,68 CFM,28.5 dB,Yes,59.99
Phanteks M25-140 PWM 3-Pack,https://pcpartpicker.com/product/fVddnQ/phanteks-m25-140-pwm-10462-cfm-140-mm-fans-3-pack-ph-f140m25_pwm_bbk01_3p,https://cdna.pcpartpicker.com/static/forever/images/product/94d89f03a2d80159fe3f3fc89354ddcc.256p.jpg,140 mm,Black,500 - 1800 RPM,104.62 CFM,36.57 dB,Yes,
Vetroo SA-140 3-Pack,https://pcpartpicker.com/product/DzNscf/vetroo-sa-140-6929-cfm-140-mm-fans-3-pack-vt-fan-argb140-bk-x3,/static/forever/img/no-image.png,140 mm,Black,1200 RPM,69.29 CFM,33.5 dB,Yes,19.98
Alphacool Apex Stealth Metal,https://pcpartpicker.com/product/2YtLrH/alphacool-apex-stealth-metal-47-cfm-120-mm-fan-13819,https://cdna.pcpartpicker.com/static/forever/images/product/3b71623bb465f84dce649b2636c555ca.256p.jpg,120 mm,Black,400 - 2000 RPM,47 CFM,24.6 dB,Yes,24.99
GAMDIAS AEOLUS P2 3-Pack,https://pcpartpicker.com/product/DpkH99/gamdias-aeolus-p2-7497-cfm-120-mm-fans-3-pack-aeolus-p2-1203u,https://m.media-amazon.com/images/I/41bg+Elii9L.jpg,120 mm,Black,1000 - 2400 RPM,74.97 CFM,,Yes,59.99
Thermaltake TOUGHFAN EX 3-Pack,https://pcpartpicker.com/product/vtNscf/thermaltake-toughfan-ex-9443-cfm-140-mm-fans-3-pack-cl-f212-pl14sw-a,https://cdna.pcpartpicker.com/static/forever/images/product/49a9a26a01c5383817bdd421aa4cd621.256p.jpg,140 mm,Black,500 - 2000 RPM,94.43 CFM,35.3 dB,Yes,81.99
Fractal Design Momentum,https://pcpartpicker.com/product/jfDnTW/fractal-design-momentum-6734-cfm-120-mm-fan-fd-f-mo1-1202,https://cdna.pcpartpicker.com/static/forever/images/product/4d0d02d987886cc09f4e059c269650ca.256p.jpg,120 mm,White,350 - 2200 RPM,67.34 CFM,31.3 dB,Yes,17.99
upHere T7SYC7 3-Pack,https://pcpartpicker.com/product/jcgQzy/uphere-t7syc7-120-mm-fans-3-pack-t7syc7-3,https://m.media-amazon.com/images/I/51iEsgs1VjL.jpg,120 mm,Black,600 - 1700 RPM,,16.1 - 27.7 dB,Yes,27.99
ARCTIC BioniX P140,https://pcpartpicker.com/product/ymhmP6/arctic-bionix-p140-776-cfm-140-mm-fan-acfan00127a,https://cdna.pcpartpicker.com/static/forever/images/product/e35fccba0ff8ee7d468728bfb8bbc181.256p.jpg,140 mm,Black / Red,200 - 1950 RPM,77.6 CFM,,Yes,25.41
MSI MPG EZ120,https://pcpartpicker.com/product/K4fxFT/msi-mpg-ez120-7382-cfm-120-mm-fan-mpg-ez120-argb-white-1w,https://cdna.pcpartpicker.com/static/forever/images/product/4b83b6a71e1c540506ed74c75385b4f7.256p.jpg,120 mm,White,,0 - 73.82 CFM,0 - 28.82 dB,Yes,39.99
Cooler Master Mobius 120 Slim,https://pcpartpicker.com/product/wwwmP6/cooler-master-mobius-120-slim-537-cfm-120-mm-fan-mfz-s2nn-25npk-r1,https://m.media-amazon.com/images/I/41IHd80ulkL.jpg,120 mm,Black,2500 RPM,53.7 CFM,31.4 dB,Yes,
Corsair SP120 Quiet 2-Pack,https://pcpartpicker.com/product/XD9KHx/corsair-air-series-sp120-quiet-edition-3785-cfm-120-mm-fans-co-9050006-ww,https://cdna.pcpartpicker.com/static/forever/images/product/75bbf0524db6e11b0f6559d5ca3d9b2d.256p.jpg,120 mm,Black,1450 RPM,37.85 CFM,23 dB,No,
Deepcool RF 120 3-Pack,https://pcpartpicker.com/product/qgsmP6/deepcool-rf120-565-cfm-120-mm-fans-3-pack-rf-120-3-in-1,https://cdna.pcpartpicker.com/static/forever/images/product/dd33df7731231af6e27e3eeaa70fb7fd.256p.jpg,120 mm,Black / Clear,500 - 1500 RPM,56.5 CFM,17.8 - 27 dB,Yes,
In Win Jupiter AJ120,https://pcpartpicker.com/product/K4bCmG/in-win-jupiter-aj120-7032-cfm-120-mm-fan-iw-fn-aj120-1pk,https://m.media-amazon.com/images/I/41njL6uS-iL.jpg,120 mm,Black,500 - 1800 RPM,70.32 CFM,35 dB,Yes,
Fractal Design Prisma AL 2-Pack,https://pcpartpicker.com/product/Jx7G3C/fractal-design-prisma-al-1468-cfm-180-mm-fans-2-pack-fd-fan-pri-al18-pwm-2p,https://cdna.pcpartpicker.com/static/forever/images/product/03dc671f9c4cfd624b56ea0ca404945f.256p.jpg,180 mm,Black,300 - 1200 RPM,43.1 - 146.8 CFM,14.9 - 37.4 dB,Yes,
Thermalright TL-C12 PRO,https://pcpartpicker.com/product/yq6p99/thermalright-tl-c12-pro-82-cfm-120-mm-fan-tl-c12-pro-d6,https://m.media-amazon.com/images/I/41uwV9YHQYL.jpg,120 mm,Black,1850 RPM,82 CFM,29.6 dB,Yes,
Thermalright TL-C-S 3-Pack,https://pcpartpicker.com/product/FP88TW/thermalright-tl-c-s-6617-cfm-120-mm-fans-3-pack-tl-c12b-s-x3,https://cdna.pcpartpicker.com/static/forever/images/product/4527ee01ac9f9560cd518047c0757107.256p.jpg,120 mm,Black / White,1500 RPM,66.17 CFM,25.6 dB,Yes,
Thermaltake CT140 2-Pack,https://pcpartpicker.com/product/C3FmP6/thermaltake-ct140-7737-cfm-140-mm-fans-2-pack-cl-f152-pl14wt-a,https://m.media-amazon.com/images/I/41HUWOKIJ2L.jpg,140 mm,White,500 - 1500 RPM,77.37 CFM,,Yes,29.99
Thermalright TL-P9,https://pcpartpicker.com/product/mcFmP6/thermalright-tl-p9-3277-cfm-92-mm-fan-tl-p9,https://m.media-amazon.com/images/I/41bK+IxfOhL.jpg,92 mm,Black,2200 RPM,32.77 CFM,23.85 dB,Yes,
ID-COOLING AF-125,https://pcpartpicker.com/product/Nmhv6h/id-cooling-af-125-7825-cfm-120-mm-fan-af-125-k,https://cdna.pcpartpicker.com/static/forever/images/product/4d0b2e531ecc83af63ca5d1d09bb697e.256p.jpg,120 mm,Black,500 - 2000 RPM,78.25 CFM,29.85 dB,Yes,
ID-COOLING XF-120,https://pcpartpicker.com/product/psFmP6/id-cooling-xf-120-7616-cfm-120-mm-fan-xf-120-k,https://cdna.pcpartpicker.com/static/forever/images/product/3d318e0cc8fc13fe91368f82218e9fdb.256p.jpg,120 mm,Black,700 - 1800 RPM,76.16 CFM,15.2 - 35.2 dB,Yes,
Thermaltake SWAFAN EX12 ARGB 3-Pack,https://pcpartpicker.com/product/XR3NnQ/thermaltake-swafan-ex12-argb-5711-cfm-120-mm-fans-3-pack-cl-f183-pl12bu-a,https://cdna.pcpartpicker.com/static/forever/images/product/10382483e01516a5ec69768f037a626a.256p.jpg,120 mm,Blue / White,500 - 2000 RPM,56.26 - 57.11 CFM,30.6 - 32.5 dB,Yes,79.98
HAVN H12,https://pcpartpicker.com/product/Xky8TW/havn-h12-7244-cfm-120-mm-fan-hvn-fs-h1230-01,https://cdna.pcpartpicker.com/static/forever/images/product/07d41b13642c4143bcd8ec09d309e451.256p.jpg,120 mm,White,,72.44 CFM,32.2 dB,Yes,18.98
ARCTIC P14 PST CO,https://pcpartpicker.com/product/jvprxr/arctic-p14-pst-co-728-cfm-140-mm-fan-acfan00126a,https://cdna.pcpartpicker.com/static/forever/images/product/478f18d1806aae845917223ca6e55548.256p.jpg,140 mm,Black,200 - 1700 RPM,72.8 CFM,22.5 dB,Yes,13.99
Thermaltake CT140 EX ARGB Sync 3-Pack,https://pcpartpicker.com/product/dfBzK8/thermaltake-ct140-ex-argb-sync-903-cfm-140-mm-fans-3-pack-cl-f182-pl14sw-a,https://cdna.pcpartpicker.com/static/forever/images/product/f7b7a0e07c4e6065067674b0626305b2.256p.jpg,140 mm,Black,500 - 1800 RPM,90.3 CFM,30.7 dB,Yes,74.98
In Win Neptune AN120 3-Pack,https://pcpartpicker.com/product/m3QKHx/in-win-neptune-an120-601-cfm-120-mm-fans-3-pack-iw-fn-an120-3pk,https://m.media-amazon.com/images/I/41GmX8PHVNL.jpg,120 mm,Black / White,900 - 2200 RPM,23.87 - 60.1 CFM,20.5 dB,Yes,18.76
TRYX ROTA PRO,https://pcpartpicker.com/product/xTsV3C/tryx-rota-pro-8132-cfm-120-mm-fan-f-r120p-nn1m-g0k,https://cdna.pcpartpicker.com/static/forever/images/product/30248cf442c161ded133e67a15a62c2b.256p.jpg,120 mm,Black,500 - 2250 RPM,81.32 CFM,30.97 dB,Yes,
Thermaltake CT140 Reverse ARGB Sync 2-Pack,https://pcpartpicker.com/product/mKZWGX/thermaltake-ct140-reverse-argb-sync-6582-cfm-120-mm-fans-2-pack-cl-f173-pl12sw-a,https://m.media-amazon.com/images/I/31YdiYuhDpL.jpg,120 mm,Black,500 - 2000 RPM,65.82 CFM,31.2 dB,Yes,
Noctua R8 redux-1800,https://pcpartpicker.com/product/TnkD4D/noctua-case-fan-nfr8redux1800,https://m.media-amazon.com/images/I/41-xPu3dyfL.jpg,80 mm,Black / Gray,1800 RPM,31.37 CFM,17.1 dB,No,13.95
ARCTIC BioniX F120,https://pcpartpicker.com/product/H78j4D/arctic-bionix-f120-blackwhite-690-cfm-120mm-fan-acfan00093a,https://cdna.pcpartpicker.com/static/forever/images/product/8cbfc84f57700b737cd5813da9d057b3.256p.jpg,120 mm,Black / White,200 - 1800 RPM,69 CFM,24.4 dB,Yes,14.99
be quiet! Shadow Wings 2,https://pcpartpicker.com/product/pFjJ7P/be-quiet-bl085-385-cfm-120mm-fan-bl085,https://cdna.pcpartpicker.com/static/forever/images/product/9355bf08e076843efd9f11ef1077813e.256p.jpg,120 mm,Black,1100 RPM,38.5 CFM,15.9 dB,Yes,28.69
Geometric Future Squama 3805 3-Pack,https://pcpartpicker.com/product/GZn9TW/geometric-future-squama-3805-115-cfm-120-mm-fans-3-pack-geo-s3805b-3,https://cdna.pcpartpicker.com/static/forever/images/product/c5a4bd1e38afd0f474a474f8b0bd49b0.256p.jpg,120 mm,Black,700 - 2500 RPM,115 CFM,40 dB,Yes,71.10
ADATA XPG VENTO PRO,https://pcpartpicker.com/product/3DvdnQ/adata-xpg-vento-pro-75-cfm-120-mm-fan-ventopro120pwm-bkcww,https://cdna.pcpartpicker.com/static/forever/images/product/c8666bec1c18739dbb57544934dc43fe.256p.jpg,120 mm,Gray / Black,450 - 2150 RPM,75 CFM,10 - 28 dB,Yes,
Thermalright TL-B9,https://pcpartpicker.com/product/VFmNnQ/thermalright-tl-b9-54-cfm-92-mm-fan-tl-b9w,https://m.media-amazon.com/images/I/51GjmPzqLCL.jpg,92 mm,White,2500 RPM,54 CFM,23 dB,Yes,39.04
Corsair iCUE AR120 Digital RGB 3-Pack,https://pcpartpicker.com/product/wcRwrH/corsair-icue-ar120-digital-rgb-59-cfm-120-mm-fans-3-pack-co-9050167-ww,https://cdna.pcpartpicker.com/static/forever/images/product/6530ff919d773f1d0b65a5042c0301a4.256p.jpg,120 mm,Black,400 - 1850 RPM,10.7 - 59 CFM,10 - 27.3 dB,Yes,
Apevia C 5-Pack,https://pcpartpicker.com/product/NzNv6h/apevia-512l-crd-577-cfm-120mm-fans-512l-crd,https://images-na.ssl-images-amazon.com/images/I/51RPxTmfKlL.jpg,120 mm,Black / Red,1500 RPM,57.67 CFM,24.7 dB,No,27.95
Scythe Kaze Flex 120,https://pcpartpicker.com/product/RtpzK8/scythe-kaze-flex-120-6647-cfm-120-mm-fan-kf1225fd15b-p,https://m.media-amazon.com/images/I/51vN7i8tMPL.jpg,120 mm,Black,300 - 1500 RPM,16.6 - 66.47 CFM,4 - 29.75 dB,Yes,12.99
NZXT F120P (2022),https://pcpartpicker.com/product/3TkWGX/nzxt-f120p-2022-7802-cfm-120-mm-fan-rf-p12sf-b1,https://cdna.pcpartpicker.com/static/forever/images/product/0c19c16abc13d8ecb272e96fd819f92a.256p.jpg,120 mm,Black,500 - 1800 RPM,21.67 - 78.02 CFM,17.9 - 30.6 dB,Yes,
Cooler Master MOBIUS 140P ARGB,https://pcpartpicker.com/product/8xYRsY/cooler-master-mobius-140p-argb-765-cfm-140-mm-fan-mfz-m4dn-19np2-r1,https://m.media-amazon.com/images/I/41d+QccBX6L.jpg,140 mm,Black,,76.5 CFM,30 dB,Yes,
be quiet! Pure Wings 3,https://pcpartpicker.com/product/KxkH99/be-quiet-pure-wings-3-499-cfm-120-mm-fan-bl104,https://cdna.pcpartpicker.com/static/forever/images/product/3ba310e484a8385e03ff83dd3789bb2e.256p.jpg,120 mm,Black,1600 RPM,49.9 CFM,25.5 dB,No,11.70
ENDORFY Fluctus,https://pcpartpicker.com/product/ftMMnQ/endorfy-fluctus-120-mm-fan-ey4a001,https://cdna.pcpartpicker.com/static/forever/images/product/b23da0eadd6e0ed6c93273c025a0325c.256p.jpg,120 mm,Black,250 - 1800 RPM,,,Yes,
Thermaltake TOUGHFAN EX 3-Pack,https://pcpartpicker.com/product/JQLp99/thermaltake-toughfan-ex-5934-cfm-120-mm-fans-3-pack-cl-f211-pl12sw-a,https://cdna.pcpartpicker.com/static/forever/images/product/7b7dede48711d38b266c5595102976bb.256p.jpg,120 mm,White,500 - 2000 RPM,59.34 CFM,25.7 dB,Yes,84.98
Corsair AF120 Quiet,https://pcpartpicker.com/product/8K6BD3/corsair-case-fan-co9050016rled,https://cdna.pcpartpicker.com/static/forever/images/product/d7c80ea1e9647eb7a5966400c0377ef3.256p.jpg,120 mm,Black / Red,1500 RPM,52.19 CFM,25.2 dB,No,
Corsair SP140,https://pcpartpicker.com/product/GdNp99/corsair-case-fan-co9050024ww,https://cdna.pcpartpicker.com/static/forever/images/product/ecb6b9b9f2c11e3c11d4c95d3a2af2a2.256p.jpg,140 mm,Black / Red,1440 RPM,49.49 CFM,29.3 dB,No,19.98
Corsair ML120 Pro,https://pcpartpicker.com/product/LkJkcf/corsair-co-9050040-ww-750-cfm-120mm-fan-co-9050040-ww,https://cdna.pcpartpicker.com/static/forever/images/product/1d77f1a88544b7ef27628c5582e9ced0.256p.jpg,120 mm,Black,400 - 2400 RPM,12 - 75 CFM,16 - 37 dB,Yes,
Corsair ML140 2-Pack,https://pcpartpicker.com/product/dCdFf7/corsair-co-9050044-ww-970-cfm-140mm-fans-co-9050044-ww,https://m.media-amazon.com/images/I/51X1jcJSGXL.jpg,140 mm,White / Black,400 - 2000 RPM,20 - 97 CFM,16 - 37 dB,Yes,
ARCTIC P8 PST CO,https://pcpartpicker.com/product/qHzFf7/arctic-p8-pwm-pst-co-234-cfm-80-mm-fan-acfan00151a,https://cdna.pcpartpicker.com/static/forever/images/product/87eea1916e7a139f828c53c8824e75ce.256p.jpg,80 mm,Black,200 - 3000 RPM,23.4 CFM,,Yes,17.52
be quiet! Pure Wings 2,https://pcpartpicker.com/product/TQn8TW/be-quiet-pure-wings-2-6551-cfm-120-mm-fan-bl081,https://cdna.pcpartpicker.com/static/forever/images/product/8640973f48b153dc20ecbc09e4de59e4.256p.jpg,120 mm,Black,2000 RPM,65.51 CFM,36.9 dB,Yes,
ADATA XPG VENTO,https://pcpartpicker.com/product/GDwypg/adata-xpg-vento-453-cfm-120-mm-fan-75260103,https://cdna.pcpartpicker.com/static/forever/images/product/53a8c451d4f0bbe238255657916358f9.256p.jpg,120 mm,Black / White,1200 RPM,45.3 CFM,23 dB,No,
Lian Li UNI FAN AL120 3-Pack,https://pcpartpicker.com/product/YPKKHx/lian-li-uni-fan-al120-645-cfm-120-mm-fans-3-pack-uf-al120-3b,https://cdna.pcpartpicker.com/static/forever/images/product/ad55adbbb01f614402e160c1a6f403bf.256p.jpg,120 mm,Black,800 - 1900 RPM,64.5 CFM,17 - 28.3 dB,Yes,
Fractal Design Aspect 12 RGB,https://pcpartpicker.com/product/hQNxFT/fractal-design-aspect-12-rgb-32-cfm-120-mm-fan-fd-f-as1-1208,https://cdna.pcpartpicker.com/static/forever/images/product/b8634ca126681c89e16cf8f2dc7703d9.256p.jpg,120 mm,White,1200 RPM,32 CFM,18.3 dB,No,
Tempest TP-FAN120-B,https://pcpartpicker.com/product/yn3gXL/tempest-tp-fan120-b-378-cfm-120-mm-fan-tp-fan120-b,https://cdna.pcpartpicker.com/static/forever/images/product/fe4f40eba28885edad088577ef9390bd.256p.jpg,120 mm,Black,1000 RPM,37.8 CFM,20.4 dB,No,
Thermalright TL-C12C-X28,https://pcpartpicker.com/product/f6DnTW/thermalright-tl-c12c-x28-733-cfm-120-mm-fan-tl-c12c-x28,/static/forever/img/no-image.png,120 mm,Black,1550 RPM,73.3 CFM,25.4 dB,Yes,
Thermaltake CT140 EX Reverse ARGB Sync 3-Pack,https://pcpartpicker.com/product/v93NnQ/thermaltake-ct140-ex-reverse-argb-sync-9495-cfm-140-mm-fans-3-pack-cl-f195-pl14sw-a,https://cdna.pcpartpicker.com/static/forever/images/product/f135773d961a3f27e7c886fe08862212.256p.jpg,140 mm,White,500 - 1800 RPM,94.95 CFM,32.8 dB,Yes,74.98
Geometric Future Squama 2505 3-Pack,https://pcpartpicker.com/product/TLfxFT/geometric-future-squama-2505-913-cfm-120-mm-fans-3-pack-geo-s2505w-3,https://m.media-amazon.com/images/I/41v3qItCi9L.jpg,120 mm,White,2000 RPM,91.3 CFM,35.06 dB,Yes,59.90
Thermaltake CT140 ARGB Sync 2-Pack,https://pcpartpicker.com/product/szMMnQ/thermaltake-ct140-argb-sync-7737-cfm-140-mm-fans-2-pack-cl-f154-pl14sw-a,https://cdna.pcpartpicker.com/static/forever/images/product/cf7326478dfd4f1bf5fcc19c7ec381a5.256p.jpg,140 mm,White,500 - 1500 RPM,77.37 CFM,30.5 dB,Yes,39.99
Corsair AF120 (2018) 3-Pack,https://pcpartpicker.com/product/zs3H99/corsair-af120-led-2018-blue-52-cfm-120-mm-fans-co-9050084-ww,https://cdna.pcpartpicker.com/static/forever/images/product/c823c354d6ba9601e52ed797d2b709c8.256p.jpg,120 mm,Black / White,1400 RPM,52 CFM,26 dB,No,34.99
Iceberg Thermal IceGALE 2-Pack,https://pcpartpicker.com/product/x3XV3C/iceberg-thermal-icegale-96-cfm-140-mm-fans-2-pack-icegale14-c2a,https://cdna.pcpartpicker.com/static/forever/images/product/5a6d6d9e249bce3f73557df083cb6d0a.256p.jpg,140 mm,Black,500 - 1600 RPM,96 CFM,0 - 36 dB,Yes,17.99
Scythe Grand Tornado,https://pcpartpicker.com/product/8C9wrH/scythe-grand-tornado-9782-cfm-120-mm-fan-gt1225fd30-p,https://cdna.pcpartpicker.com/static/forever/images/product/b1fb5fe924a3ea5d2cf9e5a12eaa1e0d.256p.jpg,120 mm,Black,400 - 3000 RPM,12.23 - 97.82 CFM,9.3 - 36.63 dB,Yes,19.98
Fractal Design Aspect 14 RGB 3-Pack,https://pcpartpicker.com/product/jx2WGX/fractal-design-aspect-14-rgb-41-cfm-140-mm-fans-3-pack-fd-f-as1-1406,https://cdna.pcpartpicker.com/static/forever/images/product/c9c38e2890e46101e8d078ec24f31e05.256p.jpg,140 mm,Black,1000 RPM,41 CFM,19.5 dB,No,
be quiet! Light Wings 3-Pack,https://pcpartpicker.com/product/sQqrxr/be-quiet-light-wings-56-cfm-140-mm-fans-3-pack-bl102,https://cdna.pcpartpicker.com/static/forever/images/product/75bc69e51bf7d0280ef6625598e383e8.256p.jpg,140 mm,White,1500 RPM,56 CFM,23.3 dB,Yes,54.90
Iceberg Thermal IceGALE ARGB 2-Pack,https://pcpartpicker.com/product/wsXV3C/iceberg-thermal-icegale-argb-96-cfm-140-mm-fans-2-pack-icegale14a-b2a,https://m.media-amazon.com/images/I/41vGb1bWgNL.jpg,140 mm,Black / Teal,500 - 1600 RPM,96 CFM,0 - 36 dB,Yes,19.98
Thermalright TL-H120-15W-S,https://pcpartpicker.com/product/bWtkcf/thermalright-tl-h120-15w-s-5636-cfm-120-mm-fan-tl-h12015w-s,https://m.media-amazon.com/images/I/4128bvjHgmL.jpg,120 mm,White,1900 RPM,56.36 CFM,28.4 dB,Yes,8.90
Aerocool Shark,https://pcpartpicker.com/product/vHCwrH/aerocool-case-fan-shark120mmwhite,https://cdna.pcpartpicker.com/static/forever/images/product/7a6a5817f5752ad35dc96accf59428a6.256p.jpg,120 mm,White,800 - 1500 RPM,32.5 - 82.6 CFM,12.6 - 26.5 dB,No,
Corsair AF120 SLIM,https://pcpartpicker.com/product/gNfnTW/corsair-af120-slim-563-cfm-120-mm-fan-co-9050144-ww,https://cdna.pcpartpicker.com/static/forever/images/product/f7145982ff3815b037eb721d7c1b7fa8.256p.jpg,120 mm,Black,600 - 2000 RPM,13.4 - 56.3 CFM,5 - 25.6 dB,Yes,
Scythe Kaze Flex II Slim,https://pcpartpicker.com/product/Lfrqqs/scythe-kaze-flex-ii-slim-48-cfm-120-mm-fan-kfs1215fd18-p,https://m.media-amazon.com/images/I/41Fc12KLx4L.jpg,120 mm,Black,300 - 1800 RPM,8.16 - 48 CFM,2.58 - 27.8 dB,Yes,14.95
Cooler Master MasterFan MF140 Halo²,https://pcpartpicker.com/product/Tvn9TW/cooler-master-masterfan-mf140-halo2-5951-cfm-140-mm-fan-mfl-b4dw-16np2-r2,https://cdna.pcpartpicker.com/static/forever/images/product/eb6427d70b0c0e178f1f02c35c7cccbe.256p.jpg,140 mm,White,,59.51 CFM,27 dB,Yes,26.99
Corsair RS140 MAX,https://pcpartpicker.com/product/HqZXsY/corsair-rs140-max-104-cfm-140-mm-fan-co-9050174-ww,https://cdna.pcpartpicker.com/static/forever/images/product/7abdb7245c617b2f4d90bdfcbf91ef32.256p.jpg,140 mm,Black,1600 RPM,27.5 - 104 CFM,31 dB,Yes,35.08
Silverstone Air Penetrator,https://pcpartpicker.com/product/367wrH/silverstone-case-fan-sstap181,https://m.media-amazon.com/images/I/51zduIbZELL.jpg,180 mm,Black,700 - 1200 RPM,80 - 130 CFM,18 - 34 dB,No,35.58
Scythe Kaze Flex RGB,https://pcpartpicker.com/product/6PBG3C/scythe-kaze-flex-rgb-4888-cfm-92-mm-fan-kf9225fd23r-p,https://m.media-amazon.com/images/I/41KjtLiy6JL.jpg,92 mm,Black,300 - 2300 RPM,6.75 - 48.88 CFM,7.3 - 28.83 dB,Yes,15.95
be quiet! Silent Wings 4,https://pcpartpicker.com/product/BXcG3C/be-quiet-silent-wings-4-487-cfm-120-mm-fan-bl092,https://cdna.pcpartpicker.com/static/forever/images/product/c4dbbbcecfeb14bc139dac0843e068ff.256p.jpg,120 mm,Black,1600 RPM,48.7 CFM,18.9 dB,No,
Super Flower MEGACOOL 3-Pack,https://pcpartpicker.com/product/k7Jp99/super-flower-megacool-17503-cfm-140-mm-fans-3-pack-sf-pf141-bk_3p,https://cdna.pcpartpicker.com/static/forever/images/product/39bafb9e0903975285570b9aca20d82e.256p.jpg,140 mm,Black / Purple,1800 - 2700 RPM,110.33 - 175.03 CFM,39.24 - 50.59 dB,Yes,69.99
ID-COOLING TF-12015,https://pcpartpicker.com/product/vxKscf/id-cooling-tf-12015-6758-cfm-120-mm-fan-tf-12015-w,https://cdna.pcpartpicker.com/static/forever/images/product/2ddbf1940b7999d6a271687e49733c76.256p.jpg,120 mm,White,500 - 2200 RPM,67.58 CFM,32.3 dB,Yes,
be quiet! Silent Wings 4,https://pcpartpicker.com/product/8gfxFT/be-quiet-silent-wings-4-513-cfm-140-mm-fan-bl116,https://cdna.pcpartpicker.com/static/forever/images/product/7bbe9d546c7f281a933a3d6ca1116632.256p.jpg,140 mm,White,1100 RPM,51.3 CFM,13.6 dB,Yes,24.50
Thermalright TL-C12CW-X28-S,https://pcpartpicker.com/product/Lh3WGX/thermalright-tl-c12cw-x28-s-733-cfm-120-mm-fan-tl-c12cw-x28-s,/static/forever/img/no-image.png,120 mm,White,1550 RPM,73.3 CFM,25.4 dB,Yes,
Thermaltake TOUGHFAN EX 3-Pack,https://pcpartpicker.com/product/XzHp99/thermaltake-toughfan-ex-9443-cfm-140-mm-fans-3-pack-cl-f213-pl14sw-a,https://cdna.pcpartpicker.com/static/forever/images/product/1a0b81f247df3e09c2dcaa1499821c3e.256p.jpg,140 mm,White,500 - 2000 RPM,94.43 CFM,35.3 dB,Yes,56.21
Noctua R8 PWM,https://pcpartpicker.com/product/cWFPxr/noctua-nf-r8-pwm-3137-cfm-80-mm-fan-nf-r8-pwm,https://m.media-amazon.com/images/I/51Z41zDUjZL.jpg,80 mm,Brown,300 - 1800 RPM,23.19 - 31.37 CFM,10.19 - 17.1 dB,No,
Enermax T.B. Silence,https://pcpartpicker.com/product/jwdqqs/enermax-uctb12p-7125-cfm-120-mm-fan-uctb12p,https://m.media-amazon.com/images/I/612RapA0DiL.jpg,120 mm,Clear,500 - 1500 RPM,26.51 - 71.25 CFM,8 dB,Yes,
Phanteks F140SP,https://pcpartpicker.com/product/nYMFf7/phanteks-case-fan-phf140spbk,https://m.media-amazon.com/images/I/41nmjtjc2hL.jpg,140 mm,Black / White,1200 RPM,82.1 CFM,19 dB,No,
Corsair SP120 2-Pack,https://pcpartpicker.com/product/bVtCmG/corsair-case-fan-co9050029ww,https://cdna.pcpartpicker.com/static/forever/images/product/f494d4342efacc2de704185aaf12c219.256p.jpg,120 mm,Black / Red,1650 RPM,57.24 CFM,26.4 dB,No,
PC Cooler Moonlight 5-Pack,https://pcpartpicker.com/product/dsZzK8/pc-cooler-moonlight-54-cfm-120-mm-fans-5-pack-pc-5m120,https://m.media-amazon.com/images/I/51tSdotlcHL.jpg,120 mm,Black,1000 - 1800 RPM,54 CFM,,Yes,
Corsair iCUE SP140 RGB ELITE,https://pcpartpicker.com/product/D9Gbt6/corsair-icue-sp140-rgb-elite-681-cfm-140-mm-fan-co-9050110-ww,https://cdna.pcpartpicker.com/static/forever/images/product/a463273028f47ce8ce7efeff69251d84.256p.jpg,140 mm,Black / White,450 - 1200 RPM,,,Yes,
Phanteks SK140,https://pcpartpicker.com/product/2Kwkcf/phanteks-sk140-845-cfm-140-mm-fan-ph-f140sk_bbk_pwm,https://cdna.pcpartpicker.com/static/forever/images/product/36daa8eb74d187390e2a5987b4314427.256p.jpg,140 mm,Black,500 - 1500 RPM,84.5 CFM,36 dB,Yes,
Corsair AF140 ELITE,https://pcpartpicker.com/product/FTfnTW/corsair-af140-elite-845-cfm-140-mm-fan-co-9050141-ww,https://cdna.pcpartpicker.com/static/forever/images/product/509c38729482d950c7a3c88bef00820b.256p.jpg,140 mm,Black,400 - 1600 RPM,15.3 - 84.5 CFM,31 dB,Yes,
Corsair ML Elite,https://pcpartpicker.com/product/QNC48d/corsair-ml-elite-581-cfm-120-mm-fan-co-9050122-ww,https://cdna.pcpartpicker.com/static/forever/images/product/531419f5b491fc4e943ee0fc000a736a.256p.jpg,120 mm,Black,450 - 2000 RPM,14.86 - 58.1 CFM,10 - 30.4 dB,Yes,
Antec Storm T3 3-Pack,https://pcpartpicker.com/product/6sV2FT/antec-storm-t3-8047-cfm-120-mm-fans-3-pack-0-761345-77728-5,https://cdna.pcpartpicker.com/static/forever/images/product/606bc8364b5895a895afbf3ebeb203eb.256p.jpg,120 mm,Black,600 - 2200 RPM,18.17 - 80.47 CFM,36.99 dB,Yes,
Thermaltake CT140 Reverse ARGB Sync 2-Pack,https://pcpartpicker.com/product/8sJBD3/thermaltake-ct140-reverse-argb-sync-9495-cfm-140-mm-fans-2-pack-cl-f174-pl14sw-a,https://m.media-amazon.com/images/I/31YdiYuhDpL.jpg,140 mm,Black,500 - 1800 RPM,94.95 CFM,32.8 dB,Yes,
Silverstone Air Penetrator 184i ARGB,https://pcpartpicker.com/product/bMTFf7/silverstone-air-penetrator-184i-argb-14321-cfm-180-mm-fan-sst-ap184i-argb,https://cdna.pcpartpicker.com/static/forever/images/product/2de58f6e66761f02642715db807f68d1.256p.jpg,180 mm,Black,,0 - 143.21 CFM,0 - 34.5 dB,Yes,66.71
Thermalright TL-H12-X28-R9,https://pcpartpicker.com/product/tRXMnQ/thermalright-tl-h12-x28-r9-982-cfm-120-mm-fan-tl-h12-x28-r9,/static/forever/img/no-image.png,120 mm,Black,2400 RPM,98.2 CFM,32.7 dB,Yes,
Thermaltake SWAFAN EX14 RGB 3-Pack,https://pcpartpicker.com/product/F788TW/thermaltake-swafan-ex14-rgb-816-cfm-140-mm-fans-3-pack-cl-f162-pl14sw-a,https://cdna.pcpartpicker.com/static/forever/images/product/83c4fc6ab3e2b878d3246cb3b009ca3e.256p.jpg,140 mm,White,500 - 2000 RPM,79.3 - 81.6 CFM,34.5 - 38.8 dB,No,119.99
be quiet! Shadow Wings 2,https://pcpartpicker.com/product/XBZzK8/be-quiet-85-cfm-140-mm-fan-bl090,https://cdna.pcpartpicker.com/static/forever/images/product/c9757a11981aadc280f497cbad827756.256p.jpg,140 mm,White / Black,1100 RPM,49.8 - 85 CFM,14.7 dB,No,12.90
Alphacool 24847,https://pcpartpicker.com/product/t7nXsY/alphacool-24847-1539-cfm-140-mm-fan-24847,https://m.media-amazon.com/images/I/31jF9quRcWL.jpg,140 mm,Black,3200 RPM,153.9 CFM,50 - 51 dB,Yes,13.75
Thermaltake TOUGHFAN 14 3-Pack,https://pcpartpicker.com/product/8rzhP6/thermaltake-toughfan-14-140-mm-fans-3-pack-cl-f136-pl14sw-a,https://cdna.pcpartpicker.com/static/forever/images/product/25b3d659d4bf4387b47f730108947225.256p.jpg,140 mm,Black,500 - 2000 RPM,,30.7 dB,No,129.98
ENDORFY Stratus,https://pcpartpicker.com/product/DXKscf/endorfy-stratus-120-mm-fan-ey4a008,https://cdna.pcpartpicker.com/static/forever/images/product/df1c8a39bd052efdb2a977328f43c81c.256p.jpg,120 mm,Black,200 - 1400 RPM,,,Yes,
be quiet! Shadow Wings 2,https://pcpartpicker.com/product/hrVG3C/be-quiet-85-cfm-140-mm-fan-bl091,https://cdna.pcpartpicker.com/static/forever/images/product/c9757a11981aadc280f497cbad827756.256p.jpg,140 mm,White / Black,900 RPM,49.8 - 85 CFM,14.9 dB,Yes,12.90
Fractal Design Aspect 14 RGB,https://pcpartpicker.com/product/HHLFf7/fractal-design-aspect-14-rgb-41-cfm-140-mm-fan-fd-f-as1-1408,https://cdna.pcpartpicker.com/static/forever/images/product/7fbe483f5ca57bf854abe4267962c2a4.256p.jpg,140 mm,White,1000 RPM,41 CFM,19.5 dB,No,29.99
Apevia APEVIA CO312L-WH Cosmos 120mm White LED Ultra Silent Case Fan w/ 16 LEDs &amp; Anti-Vibration Rubber Pads (3 Pack) 3-Pack,https://pcpartpicker.com/product/dtMTwP/apevia-apevia-co312l-wh-cosmos-120mm-white-led-ultra-silent-case-fan-w-16-leds-anti-vibration-rubber-pads-3-pack-5667-cfm-120-mm-fans-3-pack-co312l-wh,https://m.media-amazon.com/images/I/31a58p85CtL.jpg,120 mm,,1350 RPM,57.67 - 56.67 CFM,24.7 dB,No,16.98
Super Flower MEGACOOL 3-Pack,https://pcpartpicker.com/product/8mhv6h/super-flower-megacool-15187-cfm-120-mm-fans-3-pack-sf-pf121-bk_3p,https://cdna.pcpartpicker.com/static/forever/images/product/39bafb9e0903975285570b9aca20d82e.256p.jpg,120 mm,Black / Purple,2000 - 3300 RPM,90.04 - 151.87 CFM,35.73 - 48.39 dB,Yes,69.99
ID-COOLING TF-12025-PRO-ARGB REVERSE,https://pcpartpicker.com/product/6zwmP6/id-cooling-tf-12025-pro-argb-reverse-825-cfm-120-mm-fan-tf-12025-pro-argb-reverse,https://cdna.pcpartpicker.com/static/forever/images/product/99922277249fe9714a9e8fc341540993.256p.jpg,120 mm,,500 - 1800 RPM,82.5 CFM,35.2 dB,Yes,
Xilence XPF120.ARGB,https://pcpartpicker.com/product/7xzXsY/xilence-xpf120argb-682-cfm-120-mm-fan-xf063,https://cdna.pcpartpicker.com/static/forever/images/product/0def7ecd7a75c17c56b5a12278142b58.256p.jpg,120 mm,Black,500 - 1500 RPM,68.2 CFM,18 - 32.5 dB,Yes,
Fractal Design Aspect 12 RGB 3-Pack,https://pcpartpicker.com/product/xMwypg/fractal-design-aspect-12-rgb-32-cfm-120-mm-fans-3-pack-fd-f-as1-1206,https://cdna.pcpartpicker.com/static/forever/images/product/d93b4fe24e352b2943a2def6fd517784.256p.jpg,120 mm,Black,1200 RPM,32 CFM,18.3 dB,No,52.99
NZXT F140 RGB DUO,https://pcpartpicker.com/product/WPmmP6/nzxt-f140-rgb-duo-8475-cfm-140-mm-fan-rf-d14sf-b1,https://cdna.pcpartpicker.com/static/forever/images/product/8b9877f1e43c07027930b33448b1f937.256p.jpg,140 mm,Black,500 - 1800 RPM,84.75 CFM,36 dB,Yes,29.60
upHere 12WT3-3-UK 3-Pack,https://pcpartpicker.com/product/TT26Mp/uphere-12wt3-3-uk-38-cfm-120-mm-fans-3-pack-12wt3-3-uk,https://m.media-amazon.com/images/I/31ENsXjESqL.jpg,120 mm,White,1200 RPM,38 CFM,19 dB,No,
NZXT F120P (2022),https://pcpartpicker.com/product/RWQcCJ/nzxt-f120p-2022-7802-cfm-120-mm-fan-rf-p12sf-w1,https://cdna.pcpartpicker.com/static/forever/images/product/d9f5239475e01dbd7ec49bf839d00fe8.256p.jpg,120 mm,White,500 - 1800 RPM,21.67 - 78.02 CFM,17.9 - 30.6 dB,Yes,
Fractal Design Silent R3,https://pcpartpicker.com/product/zNQRsY/fractal-design-silent-r3-68-cfm-50-mm-fan-fd-fan-ssr3-50-wt,https://cdna.pcpartpicker.com/static/forever/images/product/0fe818c792939f3c12f1762ad6663dff.256p.jpg,50 mm,Black / White,3500 RPM,6.8 CFM,19 dB,No,
ARCTIC F12 PST 5-Pack,https://pcpartpicker.com/product/mCNxFT/arctic-f12-pst-53-cfm-120-mm-fans-5-pack-acfan00250a,https://cdna.pcpartpicker.com/static/forever/images/product/874e467d5faf48ecab6f5be42e19df4e.256p.jpg,120 mm,Black,230 - 1350 RPM,53 CFM,22.5 dB,Yes,
Thermaltake CT120 EX Reverse ARGB Sync 3-Pack,https://pcpartpicker.com/product/3Yn9TW/thermaltake-ct120-ex-reverse-argb-sync-6582-cfm-120-mm-fans-3-pack-cl-f198-pl12bu-a,https://cdna.pcpartpicker.com/static/forever/images/product/90fb5107b8624918ea303fe27adc4c93.256p.jpg,120 mm,Blue,500 - 2000 RPM,65.82 CFM,31.2 dB,Yes,64.98
HAVN H14,https://pcpartpicker.com/product/t7gZxr/havn-h14-8518-cfm-140-mm-fan-hvn-fs-h1430-01,https://cdna.pcpartpicker.com/static/forever/images/product/b364de3f8585d0101035c54f62fb0250.256p.jpg,140 mm,White,,85.18 CFM,30.8 dB,Yes,19.98
Gelid Solutions Wing PL,https://pcpartpicker.com/product/fwdqqs/gelid-solutions-fn-fw12-15-b-643-cfm-120-mm-fan-fn-fw12-15-b,https://m.media-amazon.com/images/I/41ejVaHZOnL.jpg,120 mm,Black / Blue,1500 RPM,64.3 CFM,12 - 25 dB,No,14.99
Cooler Master SickleFlow 120 ARGB,https://pcpartpicker.com/product/39VG3C/cooler-master-sickleflow-120-argb-62-cfm-120-mm-fan-mfx-b2dw-18npa-r1,https://cdna.pcpartpicker.com/static/forever/images/product/ef192b655c72dcc9065ee7c18e6b41f7.256p.jpg,120 mm,White,650 - 1800 RPM,62 CFM,8 - 27 dB,Yes,
ARCTIC P14,https://pcpartpicker.com/product/QPPQzy/arctic-p14-728-cfm-140-mm-fan-acfan00222a,https://cdna.pcpartpicker.com/static/forever/images/product/12f9be61b110107e1d4defc7c7aff61b.256p.jpg,140 mm,White,200 - 1700 RPM,72.8 CFM,22.5 dB,Yes,
Corsair iCUE ML RGB ELITE Premium 2-Pack,https://pcpartpicker.com/product/VhkH99/corsair-icue-ml-rgb-elite-premium-829-cfm-140-mm-fans-2-pack-co-9050119-ww,https://cdna.pcpartpicker.com/static/forever/images/product/7af32074a08d7ba29bb3bd9a5ffde1dc.256p.jpg,140 mm,White,400 - 1600 RPM,15 - 82.9 CFM,10 - 31.8 dB,Yes,42.95
APNX FP1,https://pcpartpicker.com/product/MvvD4D/apnx-fp1-869-cfm-140-mm-fan-fp1-140-pwm-argb-wh,https://cdna.pcpartpicker.com/static/forever/images/product/79ebde140ff297e7d89eaafabb4fbb36.256p.jpg,140 mm,White,500 - 1300 RPM,86.9 CFM,15.9 - 32.9 dB,Yes,
Montech AX,https://pcpartpicker.com/product/PWwmP6/montech-ax-905-cfm-140-mm-fan-ax140-pwm-white,https://cdna.pcpartpicker.com/static/forever/images/product/fccfed8c942f2ab2595a0fd9796dbbac.256p.jpg,140 mm,White,600 - 1600 RPM,90.5 CFM,27.9 dB,Yes,14.56
Geometric Future Squama 2503R 3-Pack,https://pcpartpicker.com/product/YDrqqs/geometric-future-squama-2503r-718-cfm-140-mm-fans-3-pack-geo-s2503rw-14t,https://cdna.pcpartpicker.com/static/forever/images/product/2d2669ed74299f595f95a8fba2b4f549.256p.jpg,140 mm,White,800 - 2100 RPM,71.8 CFM,34 dB,Yes,49.90
Cooler Master Mobius 120P 3-Pack,https://pcpartpicker.com/product/sbn9TW/cooler-master-mobius-120p-752-cfm-120-mm-fans-3-pack-mfz-m2dn-243p2-r1,https://cdna.pcpartpicker.com/static/forever/images/product/4cda1deab663fce5052963946abc7379.256p.jpg,120 mm,Black,,0 - 75.2 CFM,0 - 30 dB,Yes,
Mars Gaming MF-LINKFINITY,https://pcpartpicker.com/product/TyVfrH/mars-gaming-mf-linkfinity-69-cfm-120-mm-fan-mflinkfinityw,https://m.media-amazon.com/images/I/31aeliWf5NL.jpg,120 mm,White,800 - 2000 RPM,69 CFM,,Yes,29.28
Corsair AF140 Quiet,https://pcpartpicker.com/product/yYkD4D/corsair-air-series-af140-quiet-edition-678-cfm-140-mm-fan-co-9050009-ww,https://cdna.pcpartpicker.com/static/forever/images/product/1c9675edd5c5d42cebe2b6473769a7fc.256p.jpg,140 mm,Black,1150 RPM,67.8 CFM,24 dB,No,
Cooler Master Blade Master,https://pcpartpicker.com/product/DPZQzy/cooler-master-blade-master-768-cfm-120-mm-fan-r4-bmbs-20pk-r0,https://m.media-amazon.com/images/I/51Ycs6UadLL.jpg,120 mm,Black,600 - 2000 RPM,21.2 - 76.8 CFM,13 - 32 dB,Yes,
Cooler Master R4-S2S-124K-GP 4-Pack,https://pcpartpicker.com/product/L8DwrH/cooler-master-r4-s2s-124k-gp-4473-cfm-120-mm-fans-r4-s2s-124k-gp,https://m.media-amazon.com/images/I/41WDcOBjbtL.jpg,120 mm,Black,1200 RPM,44.73 CFM,19.1 dB,No,
NZXT AER RGB 2 3-Pack,https://pcpartpicker.com/product/pDHRsY/nzxt-aer-rgb-2-5244-cfm-120-mm-fans-3-pack-hf-2812c-t1,https://cdna.pcpartpicker.com/static/forever/images/product/38b07f03608cfe0865e074dc24fcee5d.256p.jpg,120 mm,Black,500 - 1500 RPM,17.48 - 52.44 CFM,22 - 33 dB,Yes,
Cooler Master MasterFan SF120R,https://pcpartpicker.com/product/Md3H99/cooler-master-masterfan-sf120r-rgb-59-cfm-120-mm-fan-mfx-b2dn-20npc-r1,https://m.media-amazon.com/images/I/41bmO-NfxbL.jpg,120 mm,Black,650 - 2000 RPM,59 CFM,8 - 30 dB,Yes,
upHere NT1207 5-Pack,https://pcpartpicker.com/product/B8LwrH/uphere-nt1207-5-8634-cfm-120-mm-fans-5-pack-nt1207-5,https://m.media-amazon.com/images/I/416iAbGcDrL.jpg,120 mm,White,600 - 1800 RPM,29.37 - 86.34 CFM,,Yes,
ID-COOLING WF-14025-XT BLACK,https://pcpartpicker.com/product/JdZ9TW/id-cooling-wf-14025-xt-black-768-cfm-140-mm-fan-wf-14025-xt-black,https://cdna.pcpartpicker.com/static/forever/images/product/c3a948c393df83ae6cd7a552940b61f8.256p.jpg,140 mm,Black,800 - 1600 RPM,76.8 CFM,16.8 - 32.6 dB,Yes,
Thermaltake Pure 20 ARGB Sync Case Fan TT Premium Edition,https://pcpartpicker.com/product/2z22FT/thermaltake-pure-20-argb-sync-case-fan-tt-premium-edition-12954-cfm-200-mm-fan-cl-f081-pl20sw-a,https://cdna.pcpartpicker.com/static/forever/images/product/375e4ca9a8fa4874413fbe4d6ba1ac6c.256p.jpg,200 mm,Black,500 - 1000 RPM,129.54 CFM,31.2 dB,Yes,
Phanteks M25-120 PWM D-RGB 3-Pack,https://pcpartpicker.com/product/62QcCJ/phanteks-m25-120-pwm-d-rgb-8426-cfm-120-mm-fans-3-pack-ph-f120m25_drgb_pwm_wt01_3p,https://cdna.pcpartpicker.com/static/forever/images/product/4cef10311122526675d771daa5f20ba0.256p.jpg,120 mm,White,500 - 2000 RPM,84.26 CFM,35.7 dB,Yes,
Silverstone Shark Force,https://pcpartpicker.com/product/vTwmP6/silverstone-shark-force-120-cfm-140-mm-fan-sst-sf140b-argb,https://m.media-amazon.com/images/I/41VjUU9UYiL.jpg,140 mm,Black,,0 - 120 CFM,0 - 38.3 dB,Yes,50.60
GAMDIAS AEOLUS P2,https://pcpartpicker.com/product/c3GhP6/gamdias-aeolus-p2-7497-cfm-120-mm-fan-aeolus-p2-1201,/static/forever/img/no-image.png,120 mm,Black,1000 - 2400 RPM,74.97 CFM,,Yes,26.99
SilentiumPC Sigma Pro,https://pcpartpicker.com/product/bCm2FT/silentiumpc-sigma-pro-120-mm-fan-spc133,/static/forever/img/no-image.png,120 mm,Black,1200 RPM,,,No,
Deepcool FT12 WH,https://pcpartpicker.com/product/bNQwrH/deepcool-ft12-wh-75-cfm-120-mm-fan-r-ft12-whwpn1-g,/static/forever/img/no-image.png,120 mm,White,500 - 2150 RPM,75 CFM,32 dB,Yes,
Yeston SAKURA 3-Pack,https://pcpartpicker.com/product/QbXMnQ/yeston-sakura-79-cfm-120-mm-fans-3-pack-yt-120-sakuraf3,https://cdna.pcpartpicker.com/static/forever/images/product/f91c50a7796c8c3834f44c7805e56939.256p.jpg,120 mm,Blue / White,800 - 1800 RPM,79 CFM,35.4 dB,Yes,32.90
Thermaltake Pure,https://pcpartpicker.com/product/7Tdqqs/thermaltake-case-fan-clf016pl20bua,https://ecx.images-amazon.com/images/I/31IcyRMHqiL.jpg,200 mm,Clear,800 RPM,129.63 CFM,28.2 dB,No,14.99
Thermaltake Riing Plus TT Premium Edition,https://pcpartpicker.com/product/b9s8TW/thermaltake-riing-plus-12-rgb-tt-premium-edition-14-cfm-120-mm-fan-cl-f059-pl12sw-a,https://cdna.pcpartpicker.com/static/forever/images/product/f8f04efbd0a3fb3bb4e8effd9cae2b10.256p.jpg,120 mm,Black,500 - 1400 RPM,5 - 14 CFM,24.7 dB,Yes,24.98
Noctua A12x25 FLX,https://pcpartpicker.com/product/QJBTwP/noctua-nf-a12x25-flx-601-cfm-120mm-fan-nf-a12x25-flx,https://cdna.pcpartpicker.com/static/forever/images/product/0678f7edda3cb1ccb18c4ae46ae94dce.256p.jpg,120 mm,Brown,1350 - 2000 RPM,37.96 - 60.09 CFM,14.2 - 22.6 dB,No,34.90
Thermalright TL-B8,https://pcpartpicker.com/product/2xxxFT/thermalright-tl-b8-34-cfm-80-mm-fan-tl-b8w-d6,https://m.media-amazon.com/images/I/41uQexW812L.jpg,80 mm,White,2200 RPM,34 CFM,24 dB,Yes,
Noctua P14s redux-900,https://pcpartpicker.com/product/rDrG3C/noctua-case-fan-nfp14sredux900,https://m.media-amazon.com/images/I/51VBkIFyI3L.jpg,140 mm,Black / Gray,900 RPM,49.26 CFM,13.2 dB,No,17.95
be quiet! Silent Wings 3,https://pcpartpicker.com/product/x9cMnQ/be-quiet-bl065-595-cfm-140mm-fan-bl065,https://cdna.pcpartpicker.com/static/forever/images/product/f70ffc19a1155626d9bb2d76398316d1.256p.jpg,140 mm,Black,1000 RPM,59.5 CFM,15.5 dB,No,
Iceberg Thermal IceGALE ARGB 3-Pack,https://pcpartpicker.com/product/MkXV3C/iceberg-thermal-icegale-argb-94-cfm-120-mm-fans-3-pack-icegale12a-a3a,https://cdna.pcpartpicker.com/static/forever/images/product/ccb695760e75ad9d32a954b9fbf9b42c.256p.jpg,120 mm,Teal / White,500 - 2200 RPM,94 CFM,0 - 38 dB,Yes,24.99
Thermalright TL-B14,https://pcpartpicker.com/product/pBzXsY/thermalright-tl-b14-825-cfm-140-mm-fan-tl-b14,https://m.media-amazon.com/images/I/51CWrcSOybL.jpg,140 mm,Gray,1500 RPM,82.5 CFM,27.6 dB,Yes,
KOLINK UMBRA,https://pcpartpicker.com/product/xThv6h/kolink-umbra-35-cfm-120-mm-fan-umbra-120mm,https://cdna.pcpartpicker.com/static/forever/images/product/5de0d6374b4a5e83ae1321b2123c1f3c.256p.jpg,120 mm,Black,1500 RPM,35 CFM,17.8 dB,Yes,
Noctua P12 redux-900,https://pcpartpicker.com/product/8VL48d/noctua-nf-p12-redux-900-373-cfm-120mm-fan-nf-p12-redux-900,https://cdna.pcpartpicker.com/static/forever/images/product/a623af33741a81e7468608baa3320356.256p.jpg,120 mm,Gray,900 RPM,37.31 CFM,12.6 dB,No,15.95
Fractal Design Prisma AL,https://pcpartpicker.com/product/8D66Mp/fractal-design-prisma-al-8571-cfm-120-mm-fan-fd-fan-pri-al12-pwm,https://cdna.pcpartpicker.com/static/forever/images/product/e0d0f880ff9f729494e4085a88ba391c.256p.jpg,120 mm,White / Black,500 - 2000 RPM,20.68 - 85.71 CFM,14.8 - 32.7 dB,Yes,29.36
ARCTIC BioniX P120,https://pcpartpicker.com/product/hNqBD3/arctic-bionix-p120-6756-cfm-120-mm-fan-acfan00116a,https://cdna.pcpartpicker.com/static/forever/images/product/eb0ba6af1ae4ca1d2c6793b4714c4f27.256p.jpg,120 mm,White / Black,200 - 2100 RPM,67.56 CFM,,Yes,14.72
Fractal Design Dynamic X2 GP,https://pcpartpicker.com/product/HHnypg/fractal-design-dynamic-x2-gp-876-cfm-120-mm-fan-fd-fan-dyn-x2-gp12-pwm-bk,https://cdna.pcpartpicker.com/static/forever/images/product/e15c1b9624555cfdba6842c96d872f12.256p.jpg,120 mm,Black,500 - 2000 RPM,87.6 CFM,32.2 dB,Yes,
ARCTIC F8 Pro,https://pcpartpicker.com/product/BFBv6h/arctic-cooling-case-fan-afaco08p00gba01,https://m.media-amazon.com/images/I/51lG7AacB5L.jpg,80 mm,White / Black,2000 RPM,33 CFM,,No,
ARCTIC P8 Silent,https://pcpartpicker.com/product/KqpmP6/arctic-p8-silent-156-cfm-80-mm-fan-acfan00152a,https://cdna.pcpartpicker.com/static/forever/images/product/87eea1916e7a139f828c53c8824e75ce.256p.jpg,80 mm,Black,1600 RPM,15.6 CFM,,No,13.21
darkFlash Aurora DR12 PRO 5-Pack,https://pcpartpicker.com/product/Hzxbt6/darkflash-aurora-dr12-pro-2034-cfm-fans-5-pack-dr12-pro-5in1,/static/forever/img/no-image.png,120 mm,Black,1200 RPM,20.34 CFM,16 dB,No,
Vetroo ARGB120 3-Pack,https://pcpartpicker.com/product/jMhFf7/vetroo-argb120-481-cfm-120-mm-fans-3-pack-vt-fan-argb120-wt-x3,https://m.media-amazon.com/images/I/41U+nWOrkGL.jpg,120 mm,White,1300 RPM,48.1 CFM,,Yes,29.99
ID-COOLING TF-12025-ARGB-TRIO-SNOW 3-Pack,https://pcpartpicker.com/product/ZyYmP6/id-cooling-tf-12025-argb-trio-snow-682-cfm-120-mm-fans-3-pack-tf-12025-argb-trio-snow,https://cdna.pcpartpicker.com/static/forever/images/product/ed87b832764309241319e46fff37c04f.256p.jpg,120 mm,White,500 - 1500 RPM,68.2 CFM,13.8 - 30.5 dB,Yes,
Corsair iCUE AR120 Digital RGB 3-Pack,https://pcpartpicker.com/product/C6qrxr/corsair-icue-ar120-digital-rgb-59-cfm-120-mm-fans-3-pack-co-9050169-ww,https://cdna.pcpartpicker.com/static/forever/images/product/c1339d09abb5e1952df65e417003da31.256p.jpg,120 mm,White,400 - 1850 RPM,10.7 - 59 CFM,10 - 27.3 dB,Yes,
NZXT FN V2,https://pcpartpicker.com/product/ygDwrH/nzxt-case-fan-rffn122rb,https://m.media-amazon.com/images/I/519IzMviNPL.jpg,120 mm,Black / White,1200 RPM,45 CFM,21 dB,No,
Corsair SP140 2-Pack,https://pcpartpicker.com/product/pVtCmG/corsair-case-fan-co9050034ww,https://cdna.pcpartpicker.com/static/forever/images/product/539f3e53207259e004ac36382ee52a1e.256p.jpg,140 mm,Black / Red,1440 RPM,49.49 CFM,29.3 dB,No,
Cooler Master Silencio FP,https://pcpartpicker.com/product/ywzZxr/cooler-master-case-fan-r4sfnl14pkr1,https://cdna.pcpartpicker.com/static/forever/images/product/363ccfa03ea2d6199860dcfaf90f3967.256p.jpg,120 mm,Black,1400 RPM,16.39 - 44 CFM,6.5 - 14 dB,Yes,
Cougar CFD 4-Pack,https://pcpartpicker.com/product/xqmxFT/cougar-case-fan-cft14s4,https://cdna.pcpartpicker.com/static/forever/images/product/c2ce1f2c2a4934aa009df7dbc7632043.256p.jpg,140 mm,Orange,1000 RPM,64.5 CFM,17.89 dB,No,
NZXT Aer P,https://pcpartpicker.com/product/Fsqbt6/nzxt-aer-p-120-731-cfm-120mm-fan-rf-ap120-fp,https://cdna.pcpartpicker.com/static/forever/images/product/7dc02a1c238e33c807a5608af9ef5f78.256p.jpg,120 mm,Black,500 - 2000 RPM,18.28 - 73.11 CFM,21 - 36 dB,Yes,
Deepcool RF,https://pcpartpicker.com/product/d7448d/deepcool-rf-140-6413-cfm-140-mm-fan-dp-frgb-rf140-1c,https://cdna.pcpartpicker.com/static/forever/images/product/cf6bbbdc5f8abff6d545eeb969b2deb5.256p.jpg,140 mm,Black,5000 - 1200 RPM,64.13 CFM,19.8 - 24 dB,Yes,
Thermaltake  Riing Trio 20 RGB TT Premium Edition,https://pcpartpicker.com/product/tYPKHx/thermaltake-riing-trio-20-rgb-tt-premium-edition-12353-cfm-200-mm-fan-cl-f083-pl20sw-a,https://cdna.pcpartpicker.com/static/forever/images/product/6111cace6e27d657fb740ab03a14b5fe.256p.jpg,200 mm,Black,500 - 1000 RPM,123.53 CFM,28 dB,Yes,
Alpenföhn Wing Boost 3 ARGB 3-Pack,https://pcpartpicker.com/product/nXkgXL/alpenfohn-wing-boost-3-120-high-speed-779-cfm-120-mm-fans-3-pack-84000000163,https://cdna.pcpartpicker.com/static/forever/images/product/ce16121d77ed73a83ca402ba489c49e7.256p.jpg,120 mm,Black,700 - 2200 RPM,77.9 CFM,36.8 dB,Yes,90.63
Apevia FrostBlade 4-Pack,https://pcpartpicker.com/product/2Z448d/apevia-fr412l-rgb-frostblade-5767-cfm-120-mm-fans-4-pack-fr412l-rgb,https://cdna.pcpartpicker.com/static/forever/images/product/8ebc652ba38e63de54fc6e91cf44c8e2.256p.jpg,120 mm,Black,1350 RPM,57.67 CFM,24.7 dB,No,
ARCTIC P12 PST,https://pcpartpicker.com/product/yQqBD3/arctic-p12-pst-563-cfm-120-mm-fan-acfan00132a,https://cdna.pcpartpicker.com/static/forever/images/product/4a8b1ebcc591fbde9bf96a0de93a28c2.256p.jpg,120 mm,White / Transparent,200 - 1800 RPM,56.3 CFM,,Yes,
Lian Li Uni Fan SL,https://pcpartpicker.com/product/ptxbt6/lian-li-uni-fan-sl-705-cfm-140-mm-fan-uf-sl140-1w,https://cdna.pcpartpicker.com/static/forever/images/product/b6c65a6570dbc5395a484b2f9227be62.256p.jpg,140 mm,White,500 - 1500 RPM,70.5 CFM,30 dB,Yes,
Cooler Master SickleFlow ARGB,https://pcpartpicker.com/product/rVvdnQ/cooler-master-sickleflow-argb-62-cfm-120-mm-fan-mfx-b2dr-18npa-r1,https://cdna.pcpartpicker.com/static/forever/images/product/b4928001681e198c13391bff75cc3fab.256p.jpg,120 mm,Black / White,650 - 1800 RPM,62 CFM,8 - 27 dB,Yes,
be quiet! Silent Wings 4,https://pcpartpicker.com/product/YvJgXL/be-quiet-silent-wings-4-513-cfm-140-mm-fan-bl095,https://cdna.pcpartpicker.com/static/forever/images/product/4b5802d831001f1113b7543d3ec6c4f9.256p.jpg,140 mm,Black,1100 RPM,51.3 CFM,13.6 dB,No,
Corsair ML140 LED ELITE White Premium,https://pcpartpicker.com/product/396p99/corsair-ml140-led-elite-white-premium-829-cfm-140-mm-fan-co-9050124-ww,https://cdna.pcpartpicker.com/static/forever/images/product/11399c811b924215c43c0c6d8f85d46b.256p.jpg,140 mm,Black,400 - 1600 RPM,15 - 82.9 CFM,10 - 31.8 dB,Yes,
Azza Hurricane III Digital,https://pcpartpicker.com/product/PPRYcf/azza-hurricane-iii-digital-491-cfm-120-mm-fan-fnaz-12drgb3-011,https://cdna.pcpartpicker.com/static/forever/images/product/2405660a26cb8006148bea85b0967e43.256p.jpg,120 mm,White,1000 - 1800 RPM,49.1 CFM,26.29 dB,Yes,18.98
Silverstone Shark Force 120,https://pcpartpicker.com/product/sWM48d/silverstone-shark-force-120-100-cfm-120-mm-fan-sst-sf120b,https://m.media-amazon.com/images/I/51FjndL98eL.jpg,120 mm,Black,,0 - 100 CFM,0 - 41.2 dB,Yes,32.99
Silverstone Shark Force,https://pcpartpicker.com/product/JYcgXL/silverstone-shark-force-120-cfm-140-mm-fan-sst-sf140b,https://m.media-amazon.com/images/I/51jtcMQhHoL.jpg,140 mm,Black,,0 - 120 CFM,0 - 38.3 dB,Yes,27.88
Corsair iCUE AF120 RGB SLIM,https://pcpartpicker.com/product/CxHqqs/corsair-icue-af120-rgb-slim-563-cfm-120-mm-fan-co-9050164-ww,https://cdna.pcpartpicker.com/static/forever/images/product/555a9f324d3e74d3f1047ca0638e7099.256p.jpg,120 mm,White,600 - 2000 RPM,13.4 - 56.3 CFM,27.5 dB,Yes,
ID-COOLING AF-127-ARGB-W,https://pcpartpicker.com/product/LHsV3C/id-cooling-af-127-argb-w-78-cfm-120-mm-fan-af-127-argb-w,/static/forever/img/no-image.png,120 mm,White,500 - 2000 RPM,78 CFM,29.9 dB,Yes,
ID-COOLING TF-12025-PRO-ARGB,https://pcpartpicker.com/product/bgcgXL/id-cooling-tf-12025-pro-argb-825-cfm-120-mm-fan-tf-12025-pro-argb,https://cdna.pcpartpicker.com/static/forever/images/product/f44a815acb2383fa7fd66fbaa0c16b92.256p.jpg,120 mm,Black,500 - 1800 RPM,82.5 CFM,35.2 dB,Yes,
Xilence XPF120X.B.PWM,https://pcpartpicker.com/product/mthv6h/xilence-xpf120xbpwm-6341-cfm-120-mm-fan-xf082,https://m.media-amazon.com/images/I/41BR6V0EZHL.jpg,120 mm,Black,500 - 1800 RPM,63.41 CFM,22 - 24 dB,Yes,
Thermaltake CT120 EX Reverse ARGB Sync 3-Pack,https://pcpartpicker.com/product/2rm2FT/thermaltake-ct120-ex-reverse-argb-sync-6582-cfm-120-mm-fans-3-pack-cl-f226-pl12rg-a,https://cdna.pcpartpicker.com/static/forever/images/product/c17829f9f5e1c765c24b85a70db96c38.256p.jpg,120 mm,Green / Black,500 - 2000 RPM,65.82 CFM,31.2 dB,Yes,59.99
Montech E28 3-Pack,https://pcpartpicker.com/product/rpkqqs/montech-e28-8509-cfm-120-mm-fans-3-pack-4710562745542,/static/forever/img/no-image.png,120 mm,White,800 - 2000 RPM,85.09 CFM,34.17 dB,Yes,
Montech E28,https://pcpartpicker.com/product/2jDnTW/montech-e28-8509-cfm-120-mm-fan-4710562749823,/static/forever/img/no-image.png,120 mm,Black,800 - 2000 RPM,85.09 CFM,34.17 dB,Yes,
Thermaltake SWAFAN EX12 RGB 3-Pack,https://pcpartpicker.com/product/6BZXsY/thermaltake-swafan-ex12-rgb-5711-cfm-120-mm-fans-3-pack-cl-f161-pl12sw-a,https://cdna.pcpartpicker.com/static/forever/images/product/83c4fc6ab3e2b878d3246cb3b009ca3e.256p.jpg,120 mm,White,500 - 2000 RPM,56.26 - 57.11 CFM,30.5 - 32.5 dB,No,114.98
Thermaltake CT,https://pcpartpicker.com/product/TCLp99/thermaltake-ct-1316-cfm-200-mm-fan-cl-f178-pl20wt-a,https://m.media-amazon.com/images/I/41pShQ73J-L.jpg,200 mm,White,500 - 900 RPM,131.6 CFM,27.2 dB,Yes,19.98
be quiet! Pure Wings 2,https://pcpartpicker.com/product/TqYWGX/be-quiet-pure-wings-2-92-pwm-331-cfm-92mm-fan-bl038,https://cdna.pcpartpicker.com/static/forever/images/product/29df33469a9d64480078f1810767c365.256p.jpg,92 mm,Black,500 - 1900 RPM,33.15 CFM,19.6 dB,Yes,
ADATA XPG HURRICANE,https://pcpartpicker.com/product/ZtpQzy/adata-xpg-hurricane-91-cfm-140-mm-fan-75261026,https://m.media-amazon.com/images/I/51TkYgYnekL.jpg,140 mm,Black,700 - 1800 RPM,91 CFM,28.1 dB,Yes,11.99
EK Loop Fan FPT 140,https://pcpartpicker.com/product/tDwmP6/ek-loop-fan-fpt-140-11801-cfm-140-mm-fan-ek-loop-fpt-140-bk,https://cdna.pcpartpicker.com/static/forever/images/product/e62da40827c836d78cb04309d8e39346.256p.jpg,140 mm,Black,600 - 2200 RPM,118.01 CFM,44.56 dB,Yes,33.99
Scythe Grand Tornado,https://pcpartpicker.com/product/xPGhP6/scythe-grand-tornado-6325-cfm-120-mm-fan-gt1225fd20-p,https://cdna.pcpartpicker.com/static/forever/images/product/b1fb5fe924a3ea5d2cf9e5a12eaa1e0d.256p.jpg,120 mm,Black,400 - 2000 RPM,12.23 - 63.25 CFM,9.3 - 23.37 dB,Yes,15.99
Iceberg Thermal IceGALE Xtra 2-Pack,https://pcpartpicker.com/product/bMxxFT/iceberg-thermal-icegale-xtra-169-cfm-140-mm-fans-2-pack-icegale14x-a2a,https://cdna.pcpartpicker.com/static/forever/images/product/e838758be809f327960f25922149288a.256p.jpg,140 mm,Teal,500 - 2500 RPM,169 CFM,0 - 47 dB,Yes,19.99
Vetroo ARGB120,https://pcpartpicker.com/product/6fWzK8/vetroo-argb120-481-cfm-120-mm-fan-vt-fan-argb120-wt,https://m.media-amazon.com/images/I/41p3hLufgxL.jpg,120 mm,White,1300 RPM,48.1 CFM,,Yes,8.99
Thermalright TL-S12R,https://pcpartpicker.com/product/CHMMnQ/thermalright-tl-s12r-476-cfm-120-mm-fan-tl-s12rw,/static/forever/img/no-image.png,120 mm,White,1500 RPM,47.6 CFM,23.2 dB,Yes,
ARCTIC P14 Max,https://pcpartpicker.com/product/zWMMnQ/arctic-p14-max-95-cfm-140-mm-fan-acfan00304a,https://cdna.pcpartpicker.com/static/forever/images/product/06f93df083f515d966f00ead01c210e8.256p.jpg,140 mm,White,400 - 2800 RPM,95 CFM,,Yes,18.98
Yeston SAKURA,https://pcpartpicker.com/product/KmqNnQ/yeston-sakura-79-cfm-120-mm-fan-yt-120-sakuraf,https://cdna.pcpartpicker.com/static/forever/images/product/d255d1683bb37fb5d71abab3946da9b1.256p.jpg,120 mm,Blue / White,800 - 1800 RPM,79 CFM,35.4 dB,Yes,20.90
Thermaltake Riing 3-Pack,https://pcpartpicker.com/product/6vfmP6/thermaltake-riing-14-rgb-5115-cfm-140-mm-fans-3-pack-cl-f043-pl14sw-b,https://cdna.pcpartpicker.com/static/forever/images/product/80b40ab0f3a4a86b8b8f451f508ecb7f.256p.jpg,140 mm,Black,1100 - 1400 RPM,51.15 CFM,19 - 28.1 dB,Yes,
Corsair AF120 ELITE,https://pcpartpicker.com/product/QzrRsY/corsair-af120-elite-591-cfm-120-mm-fan-co-9050142-ww,https://cdna.pcpartpicker.com/static/forever/images/product/1fdc6df5b8cebcf24439775e3a10491c.256p.jpg,120 mm,White / Gray,400 - 1850 RPM,10.9 - 59.1 CFM,31.5 dB,Yes,29.98
Apevia Cosmos 3-Pack,https://pcpartpicker.com/product/qrXYcf/apevia-cosmos-5667-cfm-120-mm-fans-3-pack-co312l-bl,https://m.media-amazon.com/images/I/41FJ+sWujhL.jpg,120 mm,,1350 RPM,57.67 - 56.67 CFM,24.7 dB,No,16.98
Apevia APEVIA CO312L-PK Cosmos 120mm Pink LED Ultra Silent Case Fan w/ 16 LEDs &amp; Anti-Vibration Rubber Pads (3 Pack) 3-Pack,https://pcpartpicker.com/product/FCkgXL/apevia-apevia-co312l-pk-cosmos-120mm-pink-led-ultra-silent-case-fan-w-16-leds-anti-vibration-rubber-pads-3-pack-5667-cfm-120-mm-fans-3-pack-co312l-pk,https://m.media-amazon.com/images/I/41xSnnnL8qL.jpg,120 mm,,1350 RPM,57.67 - 56.67 CFM,24.7 dB,No,14.99
Alphacool Apex Stealth Metal,https://pcpartpicker.com/product/z9P8TW/alphacool-apex-stealth-metal-7098-cfm-120-mm-fan-13825,https://cdna.pcpartpicker.com/static/forever/images/product/5d158972a909df0aa7ae2bc520722a62.256p.jpg,120 mm,White / Black,400 - 3000 RPM,70.98 CFM,40.1 dB,Yes,27.50
Xilence XPF120.R.PWM,https://pcpartpicker.com/product/3xzXsY/xilence-xpf120rpwm-579-cfm-120-mm-fan-xf042,https://m.media-amazon.com/images/I/41DPzdzeJtL.jpg,120 mm,Red / Black,500 - 1500 RPM,57.9 CFM,28 dB,Yes,30.89
Silverstone Air Slimmer 140 ARGB,https://pcpartpicker.com/product/RBDnTW/silverstone-air-slimmer-140-argb-82-cfm-140-mm-fan-sst-as140b-argb,https://m.media-amazon.com/images/I/41fB0rbbYiL.jpg,140 mm,Black,1 - 1700 RPM,1 - 82 CFM,1 - 33 dB,Yes,29.30
Thermaltake CT120 EX ARGB Sync 3-Pack,https://pcpartpicker.com/product/tNvscf/thermaltake-ct120-ex-argb-sync-68-cfm-120-mm-fans-3-pack-cl-f220-pl12rg-a,https://cdna.pcpartpicker.com/static/forever/images/product/efec9508ad03fed07dca564cad9e278c.256p.jpg,120 mm,Green / Black,500 - 2000 RPM,68 CFM,28.5 dB,Yes,59.99
Aerocool Shark,https://pcpartpicker.com/product/JsDwrH/aerocool-case-fan-shark140mmred,https://cdna.pcpartpicker.com/static/forever/images/product/afcfc7f912b34c5e29ecf9e80ee34b93.256p.jpg,140 mm,Red,800 - 1500 RPM,50 - 96.5 CFM,14.5 - 29.6 dB,No,
Apevia CF12SL-UGN,https://pcpartpicker.com/product/VrNp99/apevia-case-fan-cf12slugn,https://m.media-amazon.com/images/I/41sdp0SK5dL.jpg,120 mm,Green,1700 RPM,63.85 CFM,29.67 dB,No,7.99
Fractal Design Prisma AL,https://pcpartpicker.com/product/4dM48d/fractal-design-prisma-al-1468-cfm-180-mm-fan-fd-fan-pri-al18-pwm,https://m.media-amazon.com/images/I/41DnJdzQ0oL.jpg,180 mm,Black,300 - 1200 RPM,43.1 - 146.8 CFM,14.9 - 37.4 dB,Yes,
Thermaltake SWAFAN 12 3-Pack,https://pcpartpicker.com/product/fKC48d/thermaltake-swafan-12-5485-cfm-120-mm-fans-3-pack-cl-f137-pl12sw-a,https://cdna.pcpartpicker.com/static/forever/images/product/f2dbcf318b6b1d74b6454b5d9d36d3ae.256p.jpg,120 mm,Black,500 - 2000 RPM,53.02 - 54.85 CFM,30.5 - 36.5 dB,No,92.50
Corsair iCUE AF120 RGB SLIM 2-Pack,https://pcpartpicker.com/product/cXkH99/corsair-icue-af120-rgb-slim-563-cfm-120-mm-fans-2-pack-co-9050165-ww,https://cdna.pcpartpicker.com/static/forever/images/product/89d9433d5e4f7d2323f6ccc276e76a1b.256p.jpg,120 mm,White,600 - 2000 RPM,13.4 - 56.3 CFM,27.5 dB,Yes,
ID-COOLING AF-127-ARGB-K,https://pcpartpicker.com/product/NZvD4D/id-cooling-af-127-argb-k-78-cfm-120-mm-fan-af-127-argb-k,/static/forever/img/no-image.png,120 mm,Black,500 - 2000 RPM,78 CFM,29.9 dB,Yes,
Geometric Future Squama 2503R,https://pcpartpicker.com/product/4LWJ7P/geometric-future-squama-2503r-5767-cfm-120-mm-fan-geo-s2503rw-1,https://cdna.pcpartpicker.com/static/forever/images/product/c353de433e7be1340d6fadebde4e0539.256p.jpg,120 mm,White,1500 RPM,57.67 CFM,29.87 dB,Yes,19.89
Montech HP,https://pcpartpicker.com/product/k3sMnQ/montech-hp-9561-cfm-140-mm-fan-hp140w,https://cdna.pcpartpicker.com/static/forever/images/product/421e9186e464ab49f08a66fcdf5eb417.256p.jpg,140 mm,White,600 - 1600 RPM,95.61 CFM,29.2 dB,Yes,14.90
Aerocool V12,https://pcpartpicker.com/product/tc8Zxr/aerocool-case-fan-v12blacklineedition,https://cdna.pcpartpicker.com/static/forever/images/product/7f4c4da49c9d30c74b61e1e14f6954fd.med.256p.jpg,120 mm,Translucent Black,1000 RPM,29.7 CFM,17.3 dB,No,
Gelid Solutions Silent,https://pcpartpicker.com/product/vgvRsY/gelid-solutions-case-fan-fnsx0442,https://m.media-amazon.com/images/I/41boRTPj8oL.jpg,40 mm,Black,4200 RPM,4.5 CFM,18.89 dB,No,
Corsair AF140,https://pcpartpicker.com/product/YLtCmG/corsair-case-fan-co9050017rled,https://m.media-amazon.com/images/I/31JW9HLabRL.jpg,140 mm,Black,1200 RPM,66.4 CFM,25.5 dB,No,
ARCTIC F12,https://pcpartpicker.com/product/cXg323/arctic-cooling-case-fan-afaco120p2gba01,https://cdna.pcpartpicker.com/static/forever/images/product/acaff1ae4ea6391cef8b3657f86c6626.256p.jpg,120 mm,White / Black,1350 RPM,53 CFM,22.5 dB,Yes,
Zalman F1,https://pcpartpicker.com/product/DQjG3C/zalman-case-fan-f1fdbsf,/static/forever/img/no-image.png,80 mm,Black / Clear,2000 RPM,,20 - 23 dB,No,
Corsair SP120 High Performance,https://pcpartpicker.com/product/LY2rxr/corsair-sp120-rgb-high-performance-52-cfm-120-mm-fan-co-9050060-ww,https://cdna.pcpartpicker.com/static/forever/images/product/36a60ee418aa94190a573b320e5e2d34.256p.jpg,120 mm,White / Black,1400 RPM,52 CFM,26 dB,Yes,
Thermaltake Riing Plus TT Premium Edition,https://pcpartpicker.com/product/VxTPxr/thermaltake-riing-plus-20-rgb-tt-premium-edition-11796-cfm-200-mm-fan-cl-f069-pl20sw-a,https://cdna.pcpartpicker.com/static/forever/images/product/70b370109dd7f1125491edc2902b4763.256p.jpg,200 mm,Black,500 - 1000 RPM,117.96 CFM,29.2 dB,Yes,
Cooler Master MasterFan MF120R 3-Pack,https://pcpartpicker.com/product/Gb66Mp/cooler-master-mf120r-argb-59-cfm-120-mm-fans-3-pack-r4-120r-203c-r1,https://cdna.pcpartpicker.com/static/forever/images/product/ea3ae0b1fd1cb0290791ea1db2fb2bae.256p.jpg,120 mm,Black,650 - 2000 RPM,59 CFM,31 dB,Yes,
Corsair AF120 (2018) 3-Pack,https://pcpartpicker.com/product/jKtQzy/corsair-af120-led-2018-red-52-cfm-120-mm-fans-co-9050083-ww,https://cdna.pcpartpicker.com/static/forever/images/product/f654dceaabb6cc4f5873b8b1328a0e29.256p.jpg,120 mm,Black / White,1400 RPM,52 CFM,26 dB,No,
Corsair iCUE SP140 RGB Pro,https://pcpartpicker.com/product/xvVG3C/corsair-icue-sp140-rgb-pro-62-cfm-140-mm-fan-co-9050095-ww,https://cdna.pcpartpicker.com/static/forever/images/product/15380f3b57046d4925e57d3dc3e2c93d.256p.jpg,140 mm,Black,1150 RPM,62 CFM,26 dB,No,
ARCTIC P12 PST,https://pcpartpicker.com/product/rvWBD3/arctic-p12-pst-563-cfm-120-mm-fan-acfan00134a,https://cdna.pcpartpicker.com/static/forever/images/product/ac54b836986d3ceaad09ef468bc0c243.256p.jpg,120 mm,Black / Translucent Black,200 - 1800 RPM,56.3 CFM,,Yes,
Cooler Master SickleFlow,https://pcpartpicker.com/product/dXpmP6/cooler-master-sickleflow-120-red-led-62-cfm-120-mm-fan-mfx-b2dn-18npr-r1,https://cdna.pcpartpicker.com/static/forever/images/product/a0c8cb598fc09505a61664b2787aadee.256p.jpg,120 mm,Black,650 - 1800 RPM,62 CFM,8 - 27 dB,Yes,
Cooler Master SickleFlow,https://pcpartpicker.com/product/QKbCmG/cooler-master-sickleflow-120-blue-led-62-cfm-120-mm-fan-mfx-b2dn-18npb-r1,https://cdna.pcpartpicker.com/static/forever/images/product/23a7f8eab565c9bfefdff5296f183e82.256p.jpg,120 mm,Black,650 - 1800 RPM,62 CFM,8 - 27 dB,Yes,
Iceberg Thermal IceGALE,https://pcpartpicker.com/product/mNWzK8/iceberg-thermal-icegale-29-cfm-80-mm-fan-icegale08-c0a,https://cdna.pcpartpicker.com/static/forever/images/product/7f38976b819396af5d768d44eb66b531.256p.jpg,80 mm,Black / White,800 - 2000 RPM,29 CFM,0 - 26 dB,Yes,
Fractal Design Aspect 12,https://pcpartpicker.com/product/7jJgXL/fractal-design-aspect-12-32-cfm-120-mm-fan-fd-f-as1-1202,https://cdna.pcpartpicker.com/static/forever/images/product/5a512f2e346c2ba31f95a01e7287dfaa.256p.jpg,120 mm,White,1200 RPM,32 CFM,18.3 dB,No,27.40
Corsair iCUE ML120 RGB ELITE Premium 3-Pack,https://pcpartpicker.com/product/DLgFf7/corsair-icue-ml120-rgb-elite-premium-581-cfm-120-mm-fans-3-pack-co-9050117-ww,https://cdna.pcpartpicker.com/static/forever/images/product/3731e69107389003ab65d658bd2b66ce.256p.jpg,120 mm,White / Gray,450 - 2000 RPM,14.86 - 58.1 CFM,10 - 30.4 dB,Yes,
EK Loop Fan FPT 140 D-RGB,https://pcpartpicker.com/product/gMFmP6/ek-loop-fan-fpt-140-d-rgb-11801-cfm-140-mm-fan-ek-loop-fpt-140-drgb-bk,https://cdna.pcpartpicker.com/static/forever/images/product/b767950afdb7d6a0a2dcce45d7cdf33a.256p.jpg,140 mm,Black,600 - 2200 RPM,118.01 CFM,44.56 dB,Yes,37.99
Antec Storm T3 3-Pack,https://pcpartpicker.com/product/BbRwrH/antec-storm-t3-11272-cfm-140-mm-fans-3-pack-0-761345-77730-8,https://cdna.pcpartpicker.com/static/forever/images/product/82fe67dac3fb98bc97b307abb603b829.256p.jpg,140 mm,Black,600 - 1500 RPM,44.82 - 112.72 CFM,33.69 dB,Yes,
Thermalright TL-9015,https://pcpartpicker.com/product/8QKscf/thermalright-tl-9015-4258-cfm-92-mm-fan-tl-9015b-d6,/static/forever/img/no-image.png,92 mm,Black,2700 RPM,42.58 CFM,22.4 dB,Yes,
Geometric Future Squama 2503R,https://pcpartpicker.com/product/BBQKHx/geometric-future-squama-2503r-718-cfm-140-mm-fan-geo-s2503rb-14s,https://cdna.pcpartpicker.com/static/forever/images/product/2eefb931fa32ae51cb1e3728881e14cc.256p.jpg,140 mm,Black,800 - 2100 RPM,71.8 CFM,34 dB,Yes,14.90
Geometric Future Squama 3805,https://pcpartpicker.com/product/LmV2FT/geometric-future-squama-3805-115-cfm-120-mm-fan-geo-s3805b-1,https://cdna.pcpartpicker.com/static/forever/images/product/71991e8f8c221317b9e2bf4cacaf8098.256p.jpg,120 mm,Black,700 - 2500 RPM,115 CFM,40 dB,Yes,
Thermaltake CT140 EX ARGB Sync 3-Pack,https://pcpartpicker.com/product/FHRnTW/thermaltake-ct140-ex-argb-sync-903-cfm-140-mm-fans-3-pack-cl-f218-pl14gs-a,https://cdna.pcpartpicker.com/static/forever/images/product/9bae3b3fe616cf820dbcc0a90b5cf51a.256p.jpg,140 mm,Brown,500 - 1800 RPM,90.3 CFM,30.7 dB,Yes,44.47
Thermaltake Riing Quad 14 RGB Radiator TT Premium Edition 3-Pack,https://pcpartpicker.com/product/mYfFf7/thermaltake-riing-quad-14-rgb-radiator-fan-tt-6017-cfm-140-mm-fans-3-pack-cl-f089-pl14sw-b,https://cdna.pcpartpicker.com/static/forever/images/product/01de6e0339312cbcdb046e39876b6ae4.256p.jpg,140 mm,Black,500 - 1400 RPM,60.17 CFM,26.1 dB,Yes,64.98
Corsair ML Elite,https://pcpartpicker.com/product/KbM48d/corsair-ml-elite-581-cfm-120-mm-fan-co-9050121-ww,https://cdna.pcpartpicker.com/static/forever/images/product/e6008805a164bb713fd8911163db6e62.256p.jpg,120 mm,Black,450 - 2000 RPM,14.86 - 58.1 CFM,10 - 30.4 dB,Yes,9.99
upHere U3KC1,https://pcpartpicker.com/product/GzgZxr/uphere-u3kc1-646-cfm-120-mm-fan-u3kc1-us,https://m.media-amazon.com/images/I/41OhDF5+RDL.jpg,120 mm,Black,600 - 1650 RPM,64.6 CFM,25 dB,Yes,8.99
Thermalright TL-B14W EXTREM,https://pcpartpicker.com/product/HGhv6h/thermalright-tl-b14w-extrem-1104-cfm-140-mm-fan-tl-b14w-extrem,/static/forever/img/no-image.png,140 mm,White,2000 RPM,110.4 CFM,31.4 dB,Yes,51.70
Yeston SAKURA 3-Pack,https://pcpartpicker.com/product/gWDnTW/yeston-sakura-79-cfm-120-mm-fans-3-pack-yt-120-sakuraz3,https://cdna.pcpartpicker.com/static/forever/images/product/c0150bbdba42e0efebc044cc47eda8a0.256p.jpg,120 mm,Blue / White,800 - 1800 RPM,79 CFM,35.4 dB,Yes,31.90
ID-COOLING NO-12015-XT ARGB SNOW,https://pcpartpicker.com/product/2CH7YJ/id-cooling-no-12015-xt-argb-snow-546-cfm-120-mm-fan-no-12015-xt-argb-snow,https://cdna.pcpartpicker.com/static/forever/images/product/e0aef5f25eb032fb5be021022cabaed1.256p.jpg,120 mm,White,500 - 2000 RPM,54.6 CFM,13.8 - 31.2 dB,Yes,
Nexus D12SL-12WL,https://pcpartpicker.com/product/XCH323/nexus-case-fan-d12sl12wl,https://m.media-amazon.com/images/I/51sQSXd8TSL.jpg,120 mm,Clear,1000 RPM,36.86 CFM,18 dB,No,7.39
Antec True Quiet,https://pcpartpicker.com/product/sgV48d/antec-case-fan-truequiet120red,https://m.media-amazon.com/images/I/41+taAjcJAL.jpg,120 mm,Red,600 - 1000 RPM,21.2 - 35.3 CFM,8.9 - 19.89 dB,No,22.00
Thermaltake Riing Plus TT 3-Pack,https://pcpartpicker.com/product/2cdFf7/thermaltake-riing-plus-14-rgb-tt-6319-cfm-140-mm-fans-3-pack-cl-f056-pl14sw-a,https://images-eu.ssl-images-amazon.com/images/I/51BOYjy6PpL.jpg,140 mm,Black,500 - 1400 RPM,63.19 CFM,27.2 dB,Yes,80.63
In Win Luna AL120 3-Pack,https://pcpartpicker.com/product/22MMnQ/in-win-luna-al120-8296-cfm-120-mm-fans-3-pack-iw-fn-al120-3pk,https://m.media-amazon.com/images/I/4157OjsaHVL.jpg,120 mm,Black / White,600 - 1800 RPM,82.96 CFM,25 dB,Yes,55.20
Evercool EC4028HH12BP,https://pcpartpicker.com/product/FL3RsY/evercool-ec4028hh12bp-40-mm-fan-ec4028hh12bp,https://cdna.pcpartpicker.com/static/forever/images/product/6f04af30a85cf8f16e1bf977cfa133e9.med.256p.jpg,40 mm,Black,3000 - 12000 RPM,,46 dB,No,11.97
Apevia C 5-Pack,https://pcpartpicker.com/product/pK448d/apevia-512l-cwh-577-cfm-120mm-fans-512l-cwh,https://images-na.ssl-images-amazon.com/images/I/518%2BejCDjtL.jpg,120 mm,Black / White,1500 RPM,57.67 CFM,24.7 dB,No,26.95
NZXT AER RGB 2 2-Pack,https://pcpartpicker.com/product/TxmmP6/nzxt-aer-rgb-2-9119-cfm-140-mm-fans-2-pack-hf-2814c-dw,https://cdna.pcpartpicker.com/static/forever/images/product/16744dab6712df5f15860756e66256f2.256p.jpg,140 mm,White,500 - 1500 RPM,30.39 - 91.19 CFM,22 - 33 dB,Yes,79.99
Corsair ML Elite,https://pcpartpicker.com/product/7Hytt6/corsair-ml-elite-581-cfm-120-mm-fan-co-9050127-ww,https://cdna.pcpartpicker.com/static/forever/images/product/9315af3e4ed4f08977dbfb5dfa344b34.256p.jpg,120 mm,White,450 - 2000 RPM,14.86 - 58.1 CFM,10 - 30.4 dB,Yes,
Corsair iCUE AF140 RGB ELITE 2-Pack,https://pcpartpicker.com/product/hXmmP6/corsair-icue-af140-rgb-elite-89-cfm-140-mm-fans-2-pack-co-9050160-ww,https://cdna.pcpartpicker.com/static/forever/images/product/d24f5595959eb0cdda151a9c1e055a31.256p.jpg,140 mm,White,500 - 1700 RPM,19.5 - 89 CFM,5 - 33.8 dB,Yes,
Valkyrie X12F,https://pcpartpicker.com/product/DrKscf/valkyrie-x12f-80-cfm-120-mm-fan-vk-fanx12fb,https://cdna.pcpartpicker.com/static/forever/images/product/b533fd42b15a917e353aef3b611d2c46.256p.jpg,120 mm,Black,800 - 2150 RPM,80 CFM,29 dB,Yes,
Thermaltake CT140 EX Reverse ARGB Sync 3-Pack,https://pcpartpicker.com/product/XwNYcf/thermaltake-ct140-ex-reverse-argb-sync-9495-cfm-140-mm-fans-3-pack-cl-f199-pl14bu-a,https://cdna.pcpartpicker.com/static/forever/images/product/90fb5107b8624918ea303fe27adc4c93.256p.jpg,140 mm,Blue,500 - 1800 RPM,94.95 CFM,32.8 dB,Yes,74.98
Thermaltake CT120 EX Reverse ARGB Sync 3-Pack,https://pcpartpicker.com/product/Wrm2FT/thermaltake-ct120-ex-reverse-argb-sync-6582-cfm-120-mm-fans-3-pack-cl-f223-pl12bb-a,https://cdna.pcpartpicker.com/static/forever/images/product/e8794b4a39c48fde25c604bcebd70df9.256p.jpg,120 mm,Yellow,500 - 2000 RPM,65.82 CFM,31.2 dB,Yes,64.98
Corsair AF120 Quiet,https://pcpartpicker.com/product/PZNp99/corsair-air-series-af120-quiet-edition-3988-cfm-120-mm-fan-co-9050001-ww,https://cdna.pcpartpicker.com/static/forever/images/product/32626712aa4d22053c4bb730a87dac92.256p.jpg,120 mm,Black,1100 RPM,39.88 CFM,21 dB,No,
Enermax T.B. Silence,https://pcpartpicker.com/product/9bbp99/enermax-uctb12-4213-cfm-120-mm-fan-uctb12,https://m.media-amazon.com/images/I/51IKDkXje+L.jpg,120 mm,Translucent Gray,900 RPM,42.13 CFM,11 dB,No,
Silverstone Air Penetrator,https://pcpartpicker.com/product/yD9KHx/silverstone-ap122-4258-cfm-120-mm-fan-ap122,https://m.media-amazon.com/images/I/41v3DruuVzL.jpg,120 mm,Black,1200 RPM,42.58 CFM,19.7 dB,No,
Xigmatek eXTREME SILENT,https://pcpartpicker.com/product/pfQypg/xigmatek-cfs-sxgjr-ku3-75-cfm-120-mm-fan-cfs-sxgjr-ku3,https://images-na.ssl-images-amazon.com/images/I/518ZqBEY2iL.jpg,120 mm,Black,1800 RPM,75 CFM,20 dB,No,
Cooler Master Megaflow,https://pcpartpicker.com/product/C7Qypg/cooler-master-r4-mfjr-07fk-r1-110-cfm-200-mm-fan-r4-mfjr-07fk-r1,https://m.media-amazon.com/images/I/41y+aQ6BuML.jpg,200 mm,Black,700 RPM,110 CFM,19 dB,No,
BitFenix Spectre,https://pcpartpicker.com/product/Zx8Zxr/bitfenix-spectre-978-cfm-230-mm-fan-bff-scf-23030ww-rp,https://m.media-amazon.com/images/I/41qJxRVXFCL.jpg,230 mm,White,900 RPM,97.8 CFM,20 dB,No,
Prolimatech Vortex,https://pcpartpicker.com/product/vL3RsY/prolimatech-case-fan-prorv12led,https://images-na.ssl-images-amazon.com/images/I/518s6Q0d-rL.jpg,120 mm,Red,1200 - 1600 RPM,72.67 CFM,29.1 dB,No,8.99
Fractal Design Silent R2,https://pcpartpicker.com/product/hPPfrH/fractal-design-case-fan-fdfanssr2120,https://cdna.pcpartpicker.com/static/forever/images/product/1eff05cff8462714f7b0423c07a6d200.256p.jpg,120 mm,White,1200 RPM,40.6 CFM,15 dB,No,
be quiet! Silent Wings 2,https://pcpartpicker.com/product/prZQzy/be-quiet-case-fan-bl028,https://cdna.pcpartpicker.com/static/forever/images/product/376a00d2a705375dec586e7b7f59b740.256p.jpg,80 mm,Black,2000 RPM,26 - 44.2 CFM,15.5 dB,Yes,
Corsair SP120 2-Pack,https://pcpartpicker.com/product/WyDwrH/corsair-case-fan-co9050033ww,https://cdna.pcpartpicker.com/static/forever/images/product/a61cd8e86ec076553b0ee6d347607431.256p.jpg,120 mm,Black / Purple,1650 RPM,57.24 CFM,26.4 dB,No,
Silverstone FN,https://pcpartpicker.com/product/smGj4D/silverstone-fn-326-cfm-120-mm-fan-fn123,https://images-na.ssl-images-amazon.com/images/I/41T8-MJBuTL.jpg,120 mm,Black / White,2000 RPM,32.6 CFM,23.5 dB,No,
Nanoxia Deep Silence,https://pcpartpicker.com/product/Gks8TW/nanoxia-deep-silence-140-685-cfm-140mm-fan-nds-140-1100,https://images-eu.ssl-images-amazon.com/images/I/510nJxkFVJL.jpg,140 mm,Black / Green,800 - 1100 RPM,52.4 - 68.5 CFM,9.1 - 14.4 dB,No,
Thermaltake Riing Plus TT 3-Pack,https://pcpartpicker.com/product/rj38TW/thermaltake-riing-plus-12-rgb-tt-4834-cfm-120-mm-fans-3-pack-cl-f053-pl12sw-a,https://cdna.pcpartpicker.com/static/forever/images/product/7a150a77eb6066aa5044a32b24134e6a.256p.jpg,120 mm,Black,500 - 1500 RPM,48.34 CFM,24.7 dB,Yes,
Thermaltake Riing Plus TT 5-Pack,https://pcpartpicker.com/product/Wqx9TW/thermaltake-riing-plus-14-rgb-tt-6319-cfm-140-mm-fans-5-pack-cl-f057-pl14sw-a,https://images-eu.ssl-images-amazon.com/images/I/51BOYjy6PpL.jpg,140 mm,Black,500 - 1400 RPM,63.19 CFM,27.2 dB,Yes,
Corsair LL140,https://pcpartpicker.com/product/xYp323/corsair-ll140-rgb-led-515-cfm-140-mm-fan-co-9050073-ww,https://cdna.pcpartpicker.com/static/forever/images/product/af0e3ae9695b1702e6e1b5d4f6200db6.256p.jpg,140 mm,Black,600 - 1300 RPM,51.5 CFM,25 dB,Yes,
Fractal Design Silent LL,https://pcpartpicker.com/product/DqbwrH/fractal-design-fd-fan-ssll-120-wt-418-cfm-120mm-fan-fd-fan-ssll-120-wt,https://cdna.pcpartpicker.com/static/forever/images/product/86381e39c7578c7c48bd65372a66ec80.256p.jpg,120 mm,Black,1200 RPM,41.8 CFM,24.8 dB,No,
Deepcool CF,https://pcpartpicker.com/product/ZnhKHx/deepcool-cf-120-565-cfm-120-mm-fan-dp-fa-rgb-cf120-1,https://cdna.pcpartpicker.com/static/forever/images/product/89ada51704856d20db33cce507f3e756.256p.jpg,120 mm,Black,500 - 1500 RPM,56.5 CFM,17.8 - 27 dB,Yes,
ARCTIC P12,https://pcpartpicker.com/product/LPZFf7/arctic-p12-563-cfm-120-mm-fan-acfan00133a,https://cdna.pcpartpicker.com/static/forever/images/product/9e50dd5baad4e2f127e896f87fe92624.256p.jpg,120 mm,Black / Transparent,200 - 1800 RPM,56.3 CFM,22.5 dB,Yes,
Cooler Master MasterFan SF120R,https://pcpartpicker.com/product/GRL48d/cooler-master-masterfan-sf120r-argb-59-cfm-120-mm-fan-mfx-b2dn-20npa-r1,https://m.media-amazon.com/images/I/41EnCihhMfL.jpg,120 mm,Black,650 - 2000 RPM,59 CFM,8 - 30 dB,Yes,
Corsair iCUE SP120 RGB Pro,https://pcpartpicker.com/product/mzMTwP/corsair-icue-sp120-rgb-pro-52-cfm-120-mm-fan-co-9050093-ww,https://cdna.pcpartpicker.com/static/forever/images/product/a26d9e55f89e849dbb15cbcb5e327e72.256p.jpg,120 mm,Black,1400 RPM,52 CFM,26 dB,No,
be quiet! Shadow Wings 2,https://pcpartpicker.com/product/JXvqqs/be-quiet-65-cfm-120-mm-fan-bl088,https://cdna.pcpartpicker.com/static/forever/images/product/5c6def8ebcf93895653ca3dcf2d554c8.256p.jpg,120 mm,White / Black,1100 RPM,38.5 - 65 CFM,15.7 dB,No,14.90
Corsair iCUE QL140,https://pcpartpicker.com/product/Zbyqqs/corsair-icue-ql140-rgb-502-cfm-140-mm-fan-co-9050105-ww,https://cdna.pcpartpicker.com/static/forever/images/product/27c21f13a383dc39b1e6a75179074876.256p.jpg,140 mm,White / Black,550 - 1250 RPM,50.2 CFM,26 dB,Yes,
Corsair iCUE SP140 RGB ELITE 2-Pack,https://pcpartpicker.com/product/CHBG3C/corsair-icue-sp140-rgb-elite-681-cfm-140-mm-fans-2-pack-co-9050111-ww,https://cdna.pcpartpicker.com/static/forever/images/product/156ac19a8370db7f39938edbe4cfc73d.256p.jpg,140 mm,Black / White,405 - 1200 RPM,,,Yes,
GAMDIAS AEOLUS M2 4-Pack,https://pcpartpicker.com/product/bDM48d/gamdias-aeolus-m2-1204r-56-cfm-120-mm-fans-4-pack-aeolus-m2-1204r,https://cdna.pcpartpicker.com/static/forever/images/product/08d566694d7d463fe32204e68010be58.256p.jpg,120 mm,Black,700 - 1500 RPM,56 CFM,,Yes,
Fractal Design Aspect 14,https://pcpartpicker.com/product/rgzhP6/fractal-design-aspect-14-41-cfm-140-mm-fan-fd-f-as1-1401,https://cdna.pcpartpicker.com/static/forever/images/product/a984103b02feb77fcf628f232c2ba173.256p.jpg,140 mm,Black,1000 RPM,41 CFM,19.5 dB,No,
ARCTIC F12 PST 3-Pack,https://pcpartpicker.com/product/VF7G3C/arctic-f12-pst-53-cfm-120-mm-fans-3-pack-acfan00259a,https://m.media-amazon.com/images/I/41ab7QhdhJL.jpg,120 mm,Black,230 - 1350 RPM,53 CFM,22.5 dB,Yes,
GAMDIAS AEOLUS M2-1203 LITE 3-Pack,https://pcpartpicker.com/product/DhyH99/gamdias-aeolus-m2-1203-lite-467-cfm-120-mm-fans-3-pack-aeolus-m2-1203-lite,https://m.media-amazon.com/images/I/41MIsY5to7L.jpg,120 mm,Black,1200 RPM,46.7 CFM,,No,
Jonsbo ZG 3-Pack,https://pcpartpicker.com/product/BdHqqs/jonsbo-zg-6045-cfm-120-mm-fans-3-pack-zg-120b3-in-1,https://cdna.pcpartpicker.com/static/forever/images/product/d84183952a85a968c8b797db4cb08182.256p.jpg,120 mm,Black,500 - 1500 RPM,20.1 - 60.45 CFM,23.8 - 29.3 dB,Yes,
Antec Tranquil,https://pcpartpicker.com/product/jgkH99/antec-tranquil-5923-cfm-120-mm-fan-0-761345-40025-1,https://m.media-amazon.com/images/I/41aagjH+BKL.jpg,120 mm,Black,400 - 2000 RPM,11.05 - 59.23 CFM,18.7 - 28.6 dB,Yes,
be quiet! Light Wings LX 3-Pack,https://pcpartpicker.com/product/cXgrxr/be-quiet-light-wings-lx-56-cfm-140-mm-fans-3-pack-bl128,https://cdna.pcpartpicker.com/static/forever/images/product/29fc06628888025b245518d64661f531.256p.jpg,140 mm,White,1200 RPM,56 CFM,22.9 dB,Yes,57.98
KRUX KRX0067,https://pcpartpicker.com/product/6cZXsY/krux-krx0067-120-mm-fan-krx0067,https://m.media-amazon.com/images/I/31kL4wm4jmL.jpg,120 mm,Black / Translucent White,1200 RPM,,,No,
Thermaltake CT140 Reverse ARGB Sync 2-Pack,https://pcpartpicker.com/product/VRG2FT/thermaltake-ct140-reverse-argb-sync-9495-cfm-140-mm-fans-2-pack-cl-f176-pl14sw-a,https://m.media-amazon.com/images/I/21gVYBBSzTL.jpg,140 mm,White,500 - 1800 RPM,94.95 CFM,32.8 dB,Yes,
MSI MPG EZ120R ARGB-4B 4-Pack,https://pcpartpicker.com/product/tJQwrH/msi-mpg-ez120r-argb-4b-6672-cfm-120-mm-fans-4-pack-mpg-ez120r-argb-4b,/static/forever/img/no-image.png,120 mm,Black,,66.72 CFM,30.78 dB,Yes,
Phanteks F200SP,https://pcpartpicker.com/product/tW38TW/phanteks-case-fan-phf200spbbk,https://m.media-amazon.com/images/I/31bdiog6+sL.jpg,200 mm,Black,850 RPM,110.1 CFM,25 dB,No,29.99
Alpenföhn JetStream Slim,https://pcpartpicker.com/product/mh7scf/alpenfohn-jetstream-slim-52619-cfm-120-mm-fan-84000000219,https://cdna.pcpartpicker.com/static/forever/images/product/721ff8b2c57c65f080e59abfb413deec.256p.jpg,120 mm,Black,400 - 1800 RPM,52.619 CFM,24.7 dB,Yes,
Noctua NF-A6x15 FLX,https://pcpartpicker.com/product/RfKscf/noctua-nf-a6x15-flx-1377-cfm-60-mm-fan-nf-a6x15-flx,https://cdna.pcpartpicker.com/static/forever/images/product/ee65385616303119df9a1743b8e81821.256p.jpg,60 mm,Brown,3050 - 3500 RPM,8.53 - 13.77 CFM,16.5 - 19.8 dB,Yes,16.95
Thermaltake Riing Quad 12 RGB Radiator TT Premium Edition 3-Pack,https://pcpartpicker.com/product/93WBD3/thermaltake-riing-quad-12-rgb-radiator-fan-tt-409-cfm-120-mm-fans-3-pack-cl-f100-pl12sw-b,https://cdna.pcpartpicker.com/static/forever/images/product/8be05880aafc59138a94296a5bca0f65.256p.jpg,120 mm,White,500 - 1500 RPM,40.9 CFM,25 dB,Yes,54.98
Thermaltake Pure Duo 2-Pack,https://pcpartpicker.com/product/hLGnTW/thermaltake-pure-duo-5651-cfm-120-mm-fans-2-pack-cl-f115-pl12sw-b,https://cdna.pcpartpicker.com/static/forever/images/product/174c6e09e7fccbc3e13286f1fceb8fc5.256p.jpg,120 mm,Black,500 - 1500 RPM,,28 dB,Yes,29.99
Kingwin CF-012LB,https://pcpartpicker.com/product/pdZQzy/kingwin-cf-012lb-40-cfm-120-mm-fan-cf-012lb,https://m.media-amazon.com/images/I/51pEq6JfzSL.jpg,120 mm,Black,950 RPM,40 CFM,19 dB,No,7.99
Scythe Kaze Flex Slim,https://pcpartpicker.com/product/xR2bt6/scythe-kaze-flex-slim-5079-cfm-120-mm-fan-kf1215fd18r-p,https://m.media-amazon.com/images/I/410Fd1hNO5L.jpg,120 mm,Black / White,300 - 1800 RPM,8.28 - 50.79 CFM,2.7 - 30 dB,Yes,19.95
Corsair ML140 LED ELITE Red Premium,https://pcpartpicker.com/product/mvJgXL/corsair-ml140-led-elite-red-premium-829-cfm-140-mm-fan-co-9050129-ww,https://cdna.pcpartpicker.com/static/forever/images/product/3001758b2b87b097b5d729a1a2111ed0.256p.jpg,140 mm,White,400 - 1600 RPM,15 - 82.9 CFM,10 - 31.8 dB,Yes,32.26
Iceberg Thermal IceGALE Silent 3-Pack,https://pcpartpicker.com/product/nDBG3C/iceberg-thermal-icegale-silent-30-cfm-120-mm-fans-3-pack-icegale12s-bbt-3a,https://m.media-amazon.com/images/I/51akmY6rCVL.jpg,120 mm,Black / Blue,1100 RPM,30 CFM,12.3 dB,No,21.99
Montech METAL 120 PWM,https://pcpartpicker.com/product/YVt9TW/montech-metal-120-pwm-69-cfm-120-mm-fan-metal-120-pwm,https://cdna.pcpartpicker.com/static/forever/images/product/d962cb05aeedd00918b57ca4a2882a41.256p.jpg,120 mm,Black,800 - 1950 RPM,69 CFM,26 dB,Yes,15.20
Montech Metal Pro,https://pcpartpicker.com/product/tqh2FT/montech-metal-pro-762-cfm-120-mm-fan-metalpro12w,https://m.media-amazon.com/images/I/41fAyLGpLFL.jpg,120 mm,White,600 - 2200 RPM,76.2 CFM,29.1 dB,Yes,15.90
Fractal Design Momentum,https://pcpartpicker.com/product/B8zp99/fractal-design-momentum-7979-cfm-140-mm-fan-fd-f-mo1-1402,https://cdna.pcpartpicker.com/static/forever/images/product/4d0d02d987886cc09f4e059c269650ca.256p.jpg,140 mm,White,350 - 1800 RPM,79.79 CFM,31.9 dB,Yes,19.99
NoiseBlocker NB-ELOOP X ARGB,https://pcpartpicker.com/product/mDdrxr/noiseblocker-nb-eloop-x-b14-p-argb-10947-cfm-140-mm-fan-itr-b14x-p-bl,https://cdna.pcpartpicker.com/static/forever/images/product/a3843062e3e6374d406746a1c32bf651.256p.jpg,140 mm,Black,,0 - 109.47 CFM,0 - 29.6 dB,Yes,
Scythe Kaze Flex,https://pcpartpicker.com/product/bGTp99/scythe-kaze-flex-4888-cfm-92-mm-fan-kf9225fd23p,https://m.media-amazon.com/images/I/41Aq0fEQFkL.jpg,92 mm,Black,300 - 2300 RPM,6.75 - 48.88 CFM,7.3 - 28.83 dB,Yes,13.95
Gelid Solutions FN-SX05-40,https://pcpartpicker.com/product/b37wrH/gelid-solutions-case-fan-fnsx0540,https://m.media-amazon.com/images/I/41XeJoVUp7L.jpg,50 mm,White,4000 RPM,21.94 CFM,23 dB,No,
Alphacool Apex Stealth Metal,https://pcpartpicker.com/product/k7grxr/alphacool-apex-stealth-metal-47-cfm-120-mm-fan-13818,https://cdna.pcpartpicker.com/static/forever/images/product/f9fd35363c83e5a71e3ce4750afbc5ea.256p.jpg,120 mm,Silver / Black,400 - 2000 RPM,47 CFM,24.6 dB,Yes,24.99
Corsair AF120 Quiet 2-Pack,https://pcpartpicker.com/product/hbbp99/corsair-air-series-af120-quiet-edition-3988-cfm-120-mm-fans-co-9050002-ww,https://m.media-amazon.com/images/I/5140ks2EEgL.jpg,120 mm,Black,1100 RPM,39.88 CFM,21 dB,No,
Cooler Master SickleFlow,https://pcpartpicker.com/product/wL3RsY/cooler-master-case-fan-r4l2r20arr1,https://cdna.pcpartpicker.com/static/forever/images/product/c14996156219b097572be08a6bd900dd.256p.jpg,120 mm,Translucent Gray,2000 RPM,69.69 CFM,19 dB,No,
Aerocool Silent Master,https://pcpartpicker.com/product/hR7wrH/aerocool-case-fan-silentmaster200b,https://cdna.pcpartpicker.com/static/forever/images/product/9e7306d77121d60ca12b2e0f664f308d.256p.jpg,200 mm,Blue,800 RPM,76 CFM,18 dB,No,
Antec TRICOOL,https://pcpartpicker.com/product/GWFPxr/antec-case-fan-75022,https://m.media-amazon.com/images/I/51D7CZe-QlL.jpg,80 mm,Red,1500 - 2600 RPM,20 - 34 CFM,18 - 30 dB,No,
ARCTIC F14,https://pcpartpicker.com/product/hhbp99/arctic-arctic-f14-pwm-773-cfm-140-mm-fan-afaco-140p0-gba01,https://m.media-amazon.com/images/I/41DE2UeetFL.jpg,140 mm,White / Black,550 - 1350 RPM,77.3 CFM,,Yes,
ARCTIC F12,https://pcpartpicker.com/product/qCH323/arctic-arctic-f12-74-cfm-120-mm-fan-afaco-12000-gba01,https://cdna.pcpartpicker.com/static/forever/images/product/cbd96206e3012b826527ae5fde3d5be9.256p.jpg,120 mm,White / Black,1300 RPM,74 CFM,,No,
Rosewill RFX-120,https://pcpartpicker.com/product/xhbp99/rosewill-rfx-120-875-cfm-120-mm-fan-rfx-120,https://m.media-amazon.com/images/I/41o+tIdeOwL.jpg,120 mm,Red,1200 - 2200 RPM,87.5 CFM,38.15 dB,No,
NZXT FN,https://pcpartpicker.com/product/nbbp99/nzxt-fn-200rb-1662-cfm-200-mm-fan-fn-200rb,https://m.media-amazon.com/images/I/51iL+fBqLXL.jpg,200 mm,White,1300 RPM,166.2 CFM,37.25 dB,No,
Noctua P14 FLX,https://pcpartpicker.com/product/C37wrH/noctua-nf-p14-flx-6495-cfm-140-mm-fan-nf-p14-flx,https://m.media-amazon.com/images/I/51MmybI2jpL.jpg,140 mm,Brown,750 - 1200 RPM,41.93 - 64.95 CFM,10.1 - 19.6 dB,No,
BitFenix Spectre Pro,https://pcpartpicker.com/product/48phP6/bitfenix-case-fan-bfflpro23030grp,https://cdna.pcpartpicker.com/static/forever/images/product/64a00536b5defdf50161a0304758e885.med.256p.jpg,230 mm,Clear,900 RPM,156.27 CFM,25.6 dB,No,
be quiet! Silent Wings 2,https://pcpartpicker.com/product/tQphP6/be-quiet-case-fan-bl029,https://cdna.pcpartpicker.com/static/forever/images/product/eff20c748da431afd607740976a14628.256p.jpg,92 mm,Black,1800 RPM,32.6 - 55.4 CFM,17.4 dB,Yes,
Cooler Master Super Fan,https://pcpartpicker.com/product/rR2kcf/cooler-master-case-fan-r4s2b124kgp,https://m.media-amazon.com/images/I/319iFczeY4L.jpg,120 mm,Black,1200 RPM,44.73 CFM,19.1 dB,No,
SHARKOON Shark Blade,https://pcpartpicker.com/product/s8W9TW/sharkoon-case-fan-000skbr,https://m.media-amazon.com/images/I/51-oA7OFmXL.jpg,120 mm,Black / Red,1000 RPM,33 CFM,19 dB,No,
Corsair SP120,https://pcpartpicker.com/product/JTvRsY/corsair-case-fan-co9050019ww,https://cdna.pcpartpicker.com/static/forever/images/product/4631043d16670f3597c19466cf8dd50e.256p.jpg,120 mm,Black / Red,1650 RPM,57.24 CFM,26.4 dB,No,
Corsair SP120 2-Pack,https://pcpartpicker.com/product/xVtCmG/corsair-case-fan-co9050031ww,https://cdna.pcpartpicker.com/static/forever/images/product/e9357982a1b46a00c2f86ee64e9b356d.256p.jpg,120 mm,Black / Blue,1650 RPM,57.24 CFM,26.4 dB,No,
Fractal Design Venturi HF-12,https://pcpartpicker.com/product/CzM323/fractal-design-case-fan-fdfanventhf12bk,https://cdna.pcpartpicker.com/static/forever/images/product/d799e172abf76de520d04a7ff1169c96.256p.jpg,120 mm,Black,1400 RPM,83.4 CFM,25.3 dB,No,
Fractal Design Venturi HP-14,https://pcpartpicker.com/product/DccMnQ/fractal-design-case-fan-fdfanventhp14pwm,https://cdna.pcpartpicker.com/static/forever/images/product/4603c2b2fdc86a1dbb07abd8af5246a1.256p.jpg,140 mm,Black,1500 RPM,78.09 CFM,30.1 dB,Yes,
Corsair HD120,https://pcpartpicker.com/product/7JnG3C/corsair-hd120-rgb-544-cfm-120-mm-fan-co-9050065-ww,https://cdna.pcpartpicker.com/static/forever/images/product/748f23cbb7704fae36c96b6c65e874ea.256p.jpg,120 mm,Black / White,800 - 1725 RPM,54.4 CFM,18 - 30 dB,Yes,
Deepcool Ice Blade,https://pcpartpicker.com/product/Xfhj4D/deepcool-ice-blade-fan-603-cfm-120mm-fan-ice-blade-fan,https://cdna.pcpartpicker.com/static/forever/images/product/151a797f6c6714528c51c72a8e989ea4.256p.jpg,120 mm,Black,900 - 1500 RPM,60.29 CFM,21.4 - 32.1 dB,Yes,
Corsair SP120 High Performance,https://pcpartpicker.com/product/GwCrxr/corsair-sp120-rgb-high-performance-52-cfm-120-mm-fan-co-9050059-ww,https://cdna.pcpartpicker.com/static/forever/images/product/204befc450a5aa5cc5d2f9b980481d9f.256p.jpg,120 mm,White / Black,1400 RPM,52 CFM,26 dB,Yes,
Silverstone FM,https://pcpartpicker.com/product/rGdxFT/silverstone-fm84-369-cfm-80mm-fan-sst-fm84,https://cdna.pcpartpicker.com/static/forever/images/product/9e0fac4cf8b47f67dbd9b1eaa6a2c4f9.256p.jpg,80 mm,White,1500 - 3500 RPM,15 - 36.87 CFM,18.1 - 34.8 dB,No,
Deepcool CF,https://pcpartpicker.com/product/YpL48d/deepcool-cf-140-6413-cfm-140-mm-fan-dp-fa-rgb-cf140-1,https://cdna.pcpartpicker.com/static/forever/images/product/f1bea3fe86d0d76235642aaf8f6f9561.256p.jpg,140 mm,Black,500 - 1200 RPM,64.13 CFM,19.8 - 24 dB,Yes,
Corsair AF120 (2018),https://pcpartpicker.com/product/2fTPxr/corsair-af120-led-2018-white-52-cfm-120mm-fan-co-9050079-ww,https://cdna.pcpartpicker.com/static/forever/images/product/26682e541c057c6627ba89884586b3af.256p.jpg,120 mm,Black / White,1400 RPM,52 CFM,26 dB,No,
Enermax SquA RGB 3-Pack,https://pcpartpicker.com/product/kCdrxr/enermax-squa-rgb-6827-cfm-120-mm-fans-3-pack-ucsqargb12p-bp3,https://cdna.pcpartpicker.com/static/forever/images/product/b776fa03bdae548c7b2709be03194fe7.256p.jpg,120 mm,Black,300 - 1500 RPM,24.53 - 68.27 CFM,12 - 23 dB,Yes,
Deepcool MF GT 3-Pack,https://pcpartpicker.com/product/rTxbt6/deepcool-mf120-gt-606-cfm-120-mm-fans-3-pack-dp-gs-f12-ar-mf120gt-3p,https://cdna.pcpartpicker.com/static/forever/images/product/74fa2d6549d3906bbb9ca392fa80fc9a.256p.jpg,120 mm,Black,500 - 1800 RPM,60.6 CFM,35 dB,Yes,
ARCTIC P12 PST RGB 0dB,https://pcpartpicker.com/product/dckWGX/arctic-p12-pst-rgb-0db-488-cfm-120-mm-fan-acfan00186a,https://cdna.pcpartpicker.com/static/forever/images/product/b2f0807e5af737bda8212f1c6164aa8b.256p.jpg,120 mm,Black,,48.8 CFM,,Yes,
Phanteks PH-F120SK 3-Pack,https://pcpartpicker.com/product/rnBhP6/phanteks-ph-f120sk-50-cfm-120-mm-fans-3-pack-ph-f120sk_drgb_pwm_3p,https://cdna.pcpartpicker.com/static/forever/images/product/15ce00ecfaad0e9eb12444fff84a5b93.256p.jpg,120 mm,Black / White,500 - 1500 RPM,50 CFM,27 dB,Yes,
Corsair iCUE ML120 RGB ELITE Premium,https://pcpartpicker.com/product/VdcG3C/corsair-icue-ml120-rgb-elite-premium-581-cfm-120-mm-fan-co-9050116-ww,https://cdna.pcpartpicker.com/static/forever/images/product/4079f8bbd4f6f46a84983d92e09cd328.256p.jpg,120 mm,White / Gray,450 - 2000 RPM,14.86 - 58.1 CFM,10 - 30.4 dB,Yes,
Deepcool CF120 Plus 3-Pack,https://pcpartpicker.com/product/m2cG3C/deepcool-cf120-plus-525-cfm-120-mm-fans-3-pack-dp-f12-ar-cf120p-wh-3p,https://cdna.pcpartpicker.com/static/forever/images/product/4f2559017de8559717b9f09d61ed4054.256p.jpg,120 mm,White,500 - 1800 RPM,52.5 CFM,28.8 dB,Yes,
Fractal Design Prisma AL,https://pcpartpicker.com/product/6sn9TW/fractal-design-prisma-al-10385-cfm-140-mm-fan-fd-fan-pri-al14-pwm-wt,https://cdna.pcpartpicker.com/static/forever/images/product/4ca55616c85f643ce571348d3b698d84.256p.jpg,140 mm,White,500 - 1700 RPM,31.67 - 103.85 CFM,15.1 - 34.1 dB,Yes,
Thermalright TL-B14B EXTREM,https://pcpartpicker.com/product/h3NYcf/thermalright-tl-b14b-extrem-1104-cfm-140-mm-fan-tl-b14b-extrem,/static/forever/img/no-image.png,140 mm,Black,2000 RPM,110.4 CFM,31.4 dB,Yes,
Iceberg Thermal IceGALE Xtra 2-Pack,https://pcpartpicker.com/product/Whrqqs/iceberg-thermal-icegale-xtra-169-cfm-140-mm-fans-2-pack-icegale14x-b2a,https://cdna.pcpartpicker.com/static/forever/images/product/5a6d6d9e249bce3f73557df083cb6d0a.256p.jpg,140 mm,Gray,500 - 2500 RPM,169 CFM,0 - 47 dB,Yes,
ID-COOLING XF-12025-SD,https://pcpartpicker.com/product/HgcgXL/id-cooling-xf-12025-sd-745-cfm-120-mm-fan-xf-12025-sd-k-eol,https://cdna.pcpartpicker.com/static/forever/images/product/de05a3074ba0b70c396d6f3f974f4522.256p.jpg,120 mm,Black,700 - 1800 RPM,74.5 CFM,18 - 35.2 dB,Yes,
ENDORFY Zephyr,https://pcpartpicker.com/product/MKfxFT/endorfy-zephyr-120-mm-fan-ey4a017,https://cdna.pcpartpicker.com/static/forever/images/product/92786ab1afdf66f16ef55e95585698c8.256p.jpg,120 mm,Black,1100 RPM,,,No,
Cooler Master Mobius 120P 3-Pack,https://pcpartpicker.com/product/ymdG3C/cooler-master-mobius-120p-752-cfm-120-mm-fans-3-pack-mfz-m2dw-243p2-r1,https://cdna.pcpartpicker.com/static/forever/images/product/9ae162bf5f065c332bf67a3e4ebf2fa1.256p.jpg,120 mm,White,,0 - 75.2 CFM,0 - 30 dB,Yes,84.59
SilentiumPC Fluctus ARGB,https://pcpartpicker.com/product/NgXMnQ/silentiumpc-fluctus-argb-120-mm-fan-spc317,https://m.media-amazon.com/images/I/31b2B3os6rL.jpg,120 mm,Black,,,,Yes,
Super Flower MEGACOOL,https://pcpartpicker.com/product/xNHqqs/super-flower-megacool-17503-cfm-140-mm-fan-sf-pf141-bk,https://cdna.pcpartpicker.com/static/forever/images/product/715281e44e2d406ac798a309745e0698.256p.jpg,140 mm,Black / Purple,1800 - 2700 RPM,110.33 - 175.03 CFM,39.24 - 50.59 dB,Yes,27.99
Scythe Kaze Flex Square,https://pcpartpicker.com/product/cgqBD3/scythe-kf1425fd12s-p-672-cfm-140-mm-fan-kf1425fd12s-p,https://m.media-amazon.com/images/I/41kD-I8kQ4L.jpg,140 mm,Black,300 - 1200 RPM,16.8 - 67.2 CFM,4.19 - 19.4 dB,Yes,16.95
Scythe Kaze Flex Slim,https://pcpartpicker.com/product/WjVmP6/scythe-kaze-flex-slim-413-cfm-92-mm-fan-kf9215fd25-p,https://cdna.pcpartpicker.com/static/forever/images/product/422583a639b805208f2512f54557cd91.256p.jpg,92 mm,Black,300 - 2500 RPM,4.96 - 41.3 CFM,1.8 - 23.2 dB,Yes,13.95
Silverstone FM,https://pcpartpicker.com/product/fKvRsY/silverstone-fm121-b-11003-cfm-120-mm-fan-fm121-b,https://images-fe.ssl-images-amazon.com/images/I/41e3R2Ex--L.jpg,120 mm,White,800 - 2400 RPM,110.03 CFM,17 - 39.5 dB,No,15.99
NZXT Air Flow,https://pcpartpicker.com/product/VBXfrH/nzxt-case-fan-rffz140o1,https://m.media-amazon.com/images/I/41zjU99+tYL.jpg,140 mm,Clear,1000 RPM,83.6 CFM,24.5 dB,No,10.00
Noctua A9 FLX,https://pcpartpicker.com/product/vP648d/noctua-case-fan-nfa9flx,https://m.media-amazon.com/images/I/41bZScic0dL.jpg,92 mm,Brown,1050 - 1600 RPM,25.25 - 38.02 CFM,8.4 - 17.1 dB,No,18.95
Silverstone FHP,https://pcpartpicker.com/product/WBZ2FT/silverstone-case-fan-sstfhp141,https://cdna.pcpartpicker.com/static/forever/images/product/2597315237d47957c90f43e3fc0d7f26.256p.jpg,140 mm,Black,500 - 2000 RPM,42.8 - 171 CFM,13.4 - 43.5 dB,Yes,31.29
Silverstone FM,https://pcpartpicker.com/product/n37wrH/silverstone-fm121-11003-cfm-120-mm-fan-fm121,https://m.media-amazon.com/images/I/41gdAfI63nL.jpg,120 mm,White / Silver,800 - 2400 RPM,110.03 CFM,17 - 39.5 dB,No,18.98
Thermaltake Pure,https://pcpartpicker.com/product/MZg323/thermaltake-case-fan-clf011pl12bla,https://cdna.pcpartpicker.com/static/forever/images/product/f78f858c5cdec2d2cba00c5df6eba21d.256p.jpg,120 mm,Black,,40.99 CFM,19.5 dB,No,19.01
Rosewill ROCF-13001,https://pcpartpicker.com/product/zwGkcf/rosewill-case-fan-rocf13001,https://images-na.ssl-images-amazon.com/images/I/41N7I1I53FL.jpg,120 mm,Black,1200 RPM,38.2 CFM,22 dB,No,13.99
Thermaltake Riing,https://pcpartpicker.com/product/tmGj4D/thermaltake-case-fan-clf038pl12bua,https://cdna.pcpartpicker.com/static/forever/images/product/ca185c294b518f7dd48cb8a8d5560a39.256p.jpg,120 mm,Black / Blue,1000 - 1500 RPM,40.6 CFM,18.7 - 24.6 dB,No,16.98
Fractal Design Silent R3,https://pcpartpicker.com/product/ZfH48d/fractal-design-case-fan-fdfanssr3120wt,https://cdna.pcpartpicker.com/static/forever/images/product/dc0cdbe222295d4bd0df61debe23fbac.256p.jpg,120 mm,Black / White,1200 RPM,46.5 CFM,20.5 dB,No,
Scythe Slipstream,https://pcpartpicker.com/product/g2VBD3/scythe-case-fan-sy1225db12sl,https://m.media-amazon.com/images/I/51kPHdvMntL.jpg,120 mm,Black,500 RPM,4.5 CFM,7.5 dB,No,10.99
Thermaltake Riing Trio 12 RGB TT Premium Edition 3-Pack,https://pcpartpicker.com/product/N2fhP6/thermaltake-riing-trio-12-rgb-tt-4113-cfm-120-mm-fans-3-pack-cl-f072-pl12sw-a,https://cdna.pcpartpicker.com/static/forever/images/product/c13c8ec602431687de76bdb805decbf1.256p.jpg,120 mm,Black,500 - 1500 RPM,41.13 CFM,25.2 dB,Yes,89.99
Thermaltake TOUGHFAN,https://pcpartpicker.com/product/TVjNnQ/thermaltake-toughfan-5835-cfm-120-mm-fan-cl-f117-pl12bl-a,https://cdna.pcpartpicker.com/static/forever/images/product/ffba582d825099c85c7df37db1470d61.256p.jpg,120 mm,Black,500 - 2000 RPM,58.35 CFM,22.3 dB,Yes,19.98
Cooler Master MasterFan MF Halo,https://pcpartpicker.com/product/bX848d/cooler-master-masterfan-mf-halo-472-cfm-120-mm-fan-mfl-b2dw-18npa-r1,https://cdna.pcpartpicker.com/static/forever/images/product/eb99bede961de847add3824addd9a47f.256p.jpg,120 mm,White,650 - 1800 RPM,47.2 CFM,6 - 30 dB,Yes,24.99
Thermaltake TOUGHFAN 12 Pro,https://pcpartpicker.com/product/FPgrxr/thermaltake-toughfan-12-pro-708-cfm-120-mm-fan-cl-f139-pl12bl-a,https://m.media-amazon.com/images/I/31FUolRANBL.jpg,120 mm,Black,500 - 2000 RPM,49.13 - 70.8 CFM,18.3 - 22.6 dB,Yes,24.99
Geometric Future Squama 2505 3-Pack,https://pcpartpicker.com/product/ZMmNnQ/geometric-future-squama-2505-913-cfm-120-mm-fans-3-pack-geo-s2505y-3,https://m.media-amazon.com/images/I/41iKw4WpDsL.jpg,120 mm,Yellow / Black,2000 RPM,91.3 CFM,35.06 dB,Yes,
Alphacool Apex Stealth Metal,https://pcpartpicker.com/product/W6jRsY/alphacool-apex-stealth-metal-7098-cfm-120-mm-fan-13824,https://cdna.pcpartpicker.com/static/forever/images/product/74e584c762c275c80a9a94fe277c7490.256p.jpg,120 mm,Silver / Black,400 - 3000 RPM,70.98 CFM,40.1 dB,Yes,27.50
Corsair iCUE SP140 RGB Elite 2-Pack,https://pcpartpicker.com/product/PXbTwP/corsair-icue-sp140-rgb-elite-6811-cfm-140-mm-fans-2-pack-co-9050139-ww,https://cdna.pcpartpicker.com/static/forever/images/product/32b36b54ebf5054fa531b4ea1626970d.256p.jpg,140 mm,White,1200 RPM,23.07 - 68.11 CFM,18 - 26.8 dB,Yes,
SHARKOON Rebel F50,https://pcpartpicker.com/product/LBpQzy/sharkoon-rebel-f50-7765-cfm-120-mm-fan-4044951040155,https://m.media-amazon.com/images/I/31oyiWTNS1L.jpg,120 mm,Black,600 - 2000 RPM,77.65 CFM,35 dB,Yes,
NZXT F140P (2024),https://pcpartpicker.com/product/3cXV3C/nzxt-f140p-2024-932-cfm-140-mm-fan-rf-p14sf-w2,https://cdna.pcpartpicker.com/static/forever/images/product/007bf68a5ec29d9729453879c6b0db43.256p.jpg,140 mm,White,500 - 1700 RPM,93.2 CFM,30 dB,Yes,17.37
Antec Tranquil 3-Pack,https://pcpartpicker.com/product/TqTZxr/antec-tranquil-8596-cfm-140-mm-fans-3-pack-0-761345-40035-0,https://cdna.pcpartpicker.com/static/forever/images/product/ce1de87922baa12942e17a8f8c36cd08.256p.jpg,140 mm,Black,450 - 1500 RPM,21.13 - 85.96 CFM,18.6 - 27.5 dB,Yes,
Thermaltake CT140 EX ARGB Sync 3-Pack,https://pcpartpicker.com/product/tDBzK8/thermaltake-ct140-ex-argb-sync-903-cfm-140-mm-fans-3-pack-cl-f197-pl14bu-a,https://cdna.pcpartpicker.com/static/forever/images/product/90fb5107b8624918ea303fe27adc4c93.256p.jpg,140 mm,Blue,500 - 1800 RPM,90.3 CFM,30.7 dB,Yes,69.99
Geometric Future Squama 2503,https://pcpartpicker.com/product/bPbRsY/geometric-future-squama-2503-9115-cfm-140-mm-fan-geo-s2503b-14s,https://cdna.pcpartpicker.com/static/forever/images/product/8457dbccb02d8bb1eccdbf7c8ea78568.256p.jpg,140 mm,Black,800 - 2400 RPM,91.15 CFM,34 dB,Yes,19.89
Deepcool FT14 WH,https://pcpartpicker.com/product/BTCCmG/deepcool-ft14-wh-7883-cfm-140-mm-fan-r-ft14-whwpn1-g,/static/forever/img/no-image.png,140 mm,White,500 - 1650 RPM,78.83 CFM,25.1 dB,Yes,
Silverstone VISTA 120F,https://pcpartpicker.com/product/Qqrp99/silverstone-vista-120f-48-cfm-120-mm-fan-sst-vs120b-f,https://cdna.pcpartpicker.com/static/forever/images/product/4daf667832db6929fa6a3fc417b0b140.256p.jpg,120 mm,Black,1500 RPM,48 CFM,23.1 dB,No,12.99
BitFenix Spectre,https://pcpartpicker.com/product/r37wrH/bitfenix-case-fan-bffblf12025brp,https://cdna.pcpartpicker.com/static/forever/images/product/bc6b831fd92c52f945166f4e286002b5.256p.jpg,120 mm,Black,1000 RPM,43.5 CFM,20 dB,No,
Silverstone FN,https://pcpartpicker.com/product/NJckcf/silverstone-case-fan-fn121prl,https://m.media-amazon.com/images/I/41I6j864aWL.jpg,120 mm,Clear,1200 RPM,58.47 CFM,25.15 dB,No,14.96
Cougar Vortex,https://pcpartpicker.com/product/TG9KHx/cougar-vortex-pwm-705-cfm-120-mm-fan-cf-v12hpb,https://images-fe.ssl-images-amazon.com/images/I/41RtEn1w-dL.jpg,120 mm,Black,800 - 1500 RPM,70.5 CFM,17.89 dB,No,
Masscool 9025B1M3/4,https://pcpartpicker.com/product/RpCwrH/masscool-case-fan-9025b1m34,https://m.media-amazon.com/images/I/51wN6aOXggL.jpg,70 mm,Black,2500 RPM,45.43 CFM,34 dB,No,
ARCTIC F9,https://pcpartpicker.com/product/p7Qypg/arctic-f9-pwm-35-cfm-92-mm-fan-af9-pwm,https://cdna.pcpartpicker.com/static/forever/images/product/3890df020fa499fe98f51d74902423b3.256p.jpg,92 mm,White / Black,1800 RPM,35 CFM,,Yes,
Cooler Master Megaflow,https://pcpartpicker.com/product/4HCwrH/cooler-master-megaflow-110-cfm-200-mm-fan-r4-lus-07ar-gp,https://cdna.pcpartpicker.com/static/forever/images/product/fb22f204a9f0a84ad582c7e8a70d979e.256p.jpg,200 mm,Clear,700 RPM,110 CFM,19 dB,No,
BitFenix Spectre Pro,https://pcpartpicker.com/product/8HPfrH/bitfenix-case-fan-bfflpro14025brp,https://cdna.pcpartpicker.com/static/forever/images/product/94da8f108558ba6afd51687a0107e63c.med.256p.jpg,140 mm,Black,1200 RPM,86.73 CFM,22.8 dB,No,
Apevia CF312SL-UGN 3-Pack,https://pcpartpicker.com/product/MPw323/apevia-case-fan-cf312slugn,https://cdna.pcpartpicker.com/static/forever/images/product/ef0565c30fa208ec0380cd64592e1f04.256p.jpg,120 mm,Green,1700 RPM,,29.67 dB,No,14.95
Fractal Design Silent R2,https://pcpartpicker.com/product/gXK7YJ/fractal-design-case-fan-fdfanssr2140,https://images-na.ssl-images-amazon.com/images/I/41FlCuMfu8L.jpg,140 mm,Black / White,1000 RPM,66 CFM,18.5 dB,No,
BitFenix Spectre,https://pcpartpicker.com/product/XhCwrH/bitfenix-case-fan-bffscf12025kkrp,https://cdna.pcpartpicker.com/static/forever/images/product/2eeb1e5816dd79dc3ba2b537c80d6e57.med.256p.jpg,120 mm,Black,1000 RPM,43.5 CFM,20 dB,No,
Cooler Master JetFlo,https://pcpartpicker.com/product/Gx4gXL/cooler-master-case-fan-r4jfdp20pbr1,https://cdna.pcpartpicker.com/static/forever/images/product/265cfb71ae0eeddfa7932b479ae05dab.256p.jpg,120 mm,Black,1200 - 2000 RPM,95 CFM,36 dB,Yes,
Cooler Master JetFlo,https://pcpartpicker.com/product/MwR48d/cooler-master-case-fan-r4jfnp20pkr1,https://m.media-amazon.com/images/I/51ziKglne2L.jpg,120 mm,Black,1200 - 2000 RPM,95 CFM,36 dB,Yes,
be quiet! Silent Wings 2,https://pcpartpicker.com/product/nwGkcf/be-quiet-case-fan-bl062,https://cdna.pcpartpicker.com/static/forever/images/product/5d1b961f1cc84c01bd223628decb033c.256p.jpg,120 mm,Black,1500 RPM,50.5 CFM,15.7 dB,No,
Aerocool DS,https://pcpartpicker.com/product/4kCwrH/aerocool-case-fan-ds120mmwhite,https://images-na.ssl-images-amazon.com/images/I/51Hsc8NVw%2BL.jpg,120 mm,Black / White,1100 - 1500 RPM,62.5 - 81.5 CFM,14.8 - 23.1 dB,No,
Corsair SP120 2-Pack,https://pcpartpicker.com/product/3s6BD3/corsair-case-fan-co9050032ww,https://cdna.pcpartpicker.com/static/forever/images/product/71234337bf77efc36aff81174d84a44a.256p.jpg,120 mm,Black / Green,1650 RPM,57.24 CFM,26.4 dB,No,
Phanteks F200SP,https://pcpartpicker.com/product/qPx9TW/phanteks-case-fan-phf200spbk,https://cdna.pcpartpicker.com/static/forever/images/product/d228227c9b019d79287c6dec4c7e12ff.256p.jpg,200 mm,Black / White,850 RPM,110.1 CFM,25 dB,No,
ARCTIC F12 PST 5-Pack,https://pcpartpicker.com/product/2NcMnQ/arctic-f12-pwm-pst-53-cfm-120-mm-fans-acfan00062a,https://m.media-amazon.com/images/I/41nQ4EIryAL.jpg,120 mm,White / Black,300 - 1350 RPM,53 CFM,,Yes,
Corsair ML120 Pro,https://pcpartpicker.com/product/GXkwrH/corsair-co-9050043-ww-750-cfm-120mm-fan-co-9050043-ww,https://images-fe.ssl-images-amazon.com/images/I/518ixzt5QBL.jpg,120 mm,Black / Blue,400 - 2400 RPM,12 - 75 CFM,16 - 37 dB,Yes,
be quiet! Silent Wings 3,https://pcpartpicker.com/product/64M323/be-quiet-bl071-776-cfm-140mm-fan-bl071,https://cdna.pcpartpicker.com/static/forever/images/product/f70ffc19a1155626d9bb2d76398316d1.256p.jpg,140 mm,Black,1600 RPM,77.57 CFM,28.1 dB,Yes,
Anidees AI Halo,https://pcpartpicker.com/product/brfmP6/anidees-ai-halo-cosmic-blue-397-cfm-120mm-fan-ai-halo-b,https://m.media-amazon.com/images/I/51fHjn5+1aL.jpg,120 mm,Black,1200 RPM,39.7 CFM,24.7 dB,No,
Fractal Design Dynamic X2 GP,https://pcpartpicker.com/product/Y7L7YJ/fractal-design-x2-gp-12-white-523-cfm-120mm-fan-fd-fan-dyn-x2-gp12-wt,https://cdna.pcpartpicker.com/static/forever/images/product/d03b27d89e3c58e1d48b326827f8e59b.256p.jpg,120 mm,White / Black,1200 RPM,52.3 CFM,19.4 dB,No,
LC-Power LC-CF-120-PRO,https://pcpartpicker.com/product/hCYWGX/lc-power-lc-cf-120-pro-684-cfm-120-mm-fan-lc-cf-120-pro,/static/forever/img/no-image.png,120 mm,Translucent Black,500 - 1200 RPM,27.6 - 68.4 CFM,14.6 - 60.8 dB,Yes,
ARCTIC BioniX F140,https://pcpartpicker.com/product/8f648d/arctic-bionix-f140-blackwhite-1040-cfm-140mm-fan-acfan00096a,https://cdna.pcpartpicker.com/static/forever/images/product/5cf8d5f86f9cc5745c8487202d3ab484.256p.jpg,140 mm,Black / White,1800 RPM,104 CFM,25.3 dB,No,
BitFenix Spectre Pro,https://pcpartpicker.com/product/jyfhP6/bitfenix-spectre-pro-rgb-230-15672-cfm-230-mm-fan-bff-srgb-23030n-rp,https://cdna.pcpartpicker.com/static/forever/images/product/9ebfcf61178a1c685d19572350f3d37b.256p.jpg,230 mm,Black / White,900 RPM,156.72 CFM,25.6 dB,No,
Apevia C 3-Pack,https://pcpartpicker.com/product/HWbwrH/apevia-312l-cwh-577-cfm-120mm-fans-312l-cwh,https://m.media-amazon.com/images/I/419aLztV1cL.jpg,120 mm,Black / White,1500 RPM,57.67 CFM,24.7 dB,No,16.95
Raidmax NV-R120TP,https://pcpartpicker.com/product/H4448d/raidmax-nv-r120tp-64-cfm-120-mm-fan-nv-r120tp,https://m.media-amazon.com/images/I/41BOLXO24ZL.jpg,120 mm,White,500 - 2000 RPM,58 - 64 CFM,18 - 35 dB,Yes,
Cooler Master MasterFan Lite,https://pcpartpicker.com/product/FWJtt6/cooler-master-masterfan-lite-120-320-cfm-120mm-fan-r4-cpds-12fb-b1,https://cdna.pcpartpicker.com/static/forever/images/product/52d75f0f3cbbc62b9e08f6c23ffc4299.256p.jpg,120 mm,Black,1200 RPM,32 CFM,25 dB,No,
Prolimatech Ultra Sleek Vortex,https://pcpartpicker.com/product/ZXNv6h/prolimatech-ultra-sleek-vortex-14-fan-980-cfm-140mm-fan-ultra-sleek-vortex-14-fan,https://cdna.pcpartpicker.com/static/forever/images/product/f874f14763912a1f511ac3ba09d3503c.256p.jpg,140 mm,,300 - 1000 RPM,98 CFM,9 - 18 dB,Yes,
Cooler Master MasterFan Pro Air Flow 3-Pack,https://pcpartpicker.com/product/3wndnQ/cooler-master-masterfan-pro-140-air-flow-rgb-53-cfm-140-mm-fans-3-pack-mfy-f4dc-083pc-r1,https://images-eu.ssl-images-amazon.com/images/I/611bqzuKniL.jpg,140 mm,Black,500 - 800 RPM,53 CFM,6 - 20 dB,Yes,59.99
Lian Li Bora Lite 3-Pack,https://pcpartpicker.com/product/MhrmP6/lian-li-bora-lite-120-4831-cfm-120-mm-fans-3-pack-boralite120-3a-s,/static/forever/img/no-image.png,120 mm,Silver,900 - 1500 RPM,48.31 CFM,28.2 dB,Yes,
Deepcool CF 2-Pack,https://pcpartpicker.com/product/4XqhP6/deepcool-cf-140-6413-cfm-140-mm-fans-2-pack-dp-fa-rgb-cf140-2,https://cdna.pcpartpicker.com/static/forever/images/product/f1bea3fe86d0d76235642aaf8f6f9561.256p.jpg,140 mm,Black,500 - 1200 RPM,64.13 CFM,19.8 - 24 dB,Yes,
Alpenföhn Wing Boost 3 ARGB,https://pcpartpicker.com/product/Dn6qqs/alpenfohn-wing-boost-3-140-789-cfm-140-mm-fan-84000000160,https://cdna.pcpartpicker.com/static/forever/images/product/f7c8ef444915d193538270be010e5563.256p.jpg,140 mm,Black,500 - 1500 RPM,78.9 CFM,25.6 dB,Yes,
Rosewill RGBF-S12001 3-Pack,https://pcpartpicker.com/product/WQHRsY/rosewill-rgbf-s12001-412-cfm-120-mm-fans-3-pack-rgbf-s12001,https://cdna.pcpartpicker.com/static/forever/images/product/f4d27f8e7ca779adab2f4caf95337aff.256p.jpg,120 mm,Black,800 - 1800 RPM,41.2 CFM,27.8 dB,Yes,
Asiahorse FS-N001 3-Pack,https://pcpartpicker.com/product/HmRgXL/asiahorse-fs-n001-120-mm-fans-3-pack-fs-n001-3pack,/static/forever/img/no-image.png,120 mm,White,800 - 1500 RPM,,,Yes,
be quiet! Pure Wings 2,https://pcpartpicker.com/product/QHZzK8/be-quiet-pure-wings-2-942-cfm-140-mm-fan-bl083,https://cdna.pcpartpicker.com/static/forever/images/product/535d7118cb91483d8d7627ca77a3604b.256p.jpg,140 mm,Black,500 - 1600 RPM,,37.3 dB,Yes,
Phanteks FSK 3-Pack,https://pcpartpicker.com/product/24VG3C/phanteks-fsk-845-cfm-140-mm-fans-3-pack-ph-f140sk_drgb_pwm_3p,https://cdna.pcpartpicker.com/static/forever/images/product/80ce1256710118e07b4c64b053cb10bb.256p.jpg,140 mm,Black / White,500 - 1500 RPM,,,Yes,
Xigmatek Galaxy II Pro 3-Pack,https://pcpartpicker.com/product/QTsnTW/xigmatek-galaxy-ii-pro-4658-cfm-120-mm-fans-3-pack-en42128,https://cdna.pcpartpicker.com/static/forever/images/product/02134ae6cd563d77ad20d54da358726e.256p.jpg,120 mm,Black / White,600 - 1500 RPM,,,No,
Akasa Vegas TLX,https://pcpartpicker.com/product/Ztxbt6/akasa-vegas-tlx-352-cfm-120-mm-fan-ak-fn101,https://cdna.pcpartpicker.com/static/forever/images/product/00a7bd59820025bd8c4853dd5e86d7dd.256p.jpg,120 mm,Black / White,1500 RPM,35.2 CFM,23.8 dB,No,
ADATA Vento,https://pcpartpicker.com/product/Mg3gXL/adata-vento-453-cfm-120-mm-fan-75260102,https://cdna.pcpartpicker.com/static/forever/images/product/2b1294fbc86284a131ec2f321f9dcba7.256p.jpg,120 mm,Black,1200 RPM,45.3 CFM,23 dB,No,
PC Cooler HALO FRGB 3-Pack,https://pcpartpicker.com/product/8RzhP6/pc-cooler-halo-frgb-72-cfm-120-mm-fans-3-pack-pc-3m120halo,https://m.media-amazon.com/images/I/417TpFHv9IL.jpg,120 mm,Black,1000 - 2000 RPM,72 CFM,8 - 29.1 dB,Yes,
Apevia APEVIA CO312L-GN Cosmos 120mm Green LED Ultra Silent Case Fan w/ 16 LEDs &amp; Anti-Vibration Rubber Pads (3 Pack) 3-Pack,https://pcpartpicker.com/product/KsgQzy/apevia-apevia-co312l-gn-cosmos-120mm-green-led-ultra-silent-case-fan-w-16-leds-anti-vibration-rubber-pads-3-pack-5667-cfm-120-mm-fans-3-pack-co312l-gn,https://m.media-amazon.com/images/I/41xvyoMBI8L.jpg,120 mm,,1350 RPM,57.67 - 56.67 CFM,24.7 dB,No,16.98
NZXT AER RGB 2,https://pcpartpicker.com/product/8XpzK8/nzxt-aer-rgb-2-5244-cfm-120-mm-fan-hf-28120-bw,https://m.media-amazon.com/images/I/41VKeRq3XzL.jpg,120 mm,White,500 - 1500 RPM,17.48 - 52.44 CFM,22 - 33 dB,Yes,
ID-COOLING ZF-14025-ARGB,https://pcpartpicker.com/product/rgGbt6/id-cooling-zf-14025-argb-795-cfm-140-mm-fan-zf-14025-argb,https://cdna.pcpartpicker.com/static/forever/images/product/cc61bc04b2236db53cbe3dcabb0e6545.256p.jpg,140 mm,Black,800 - 1600 RPM,79.5 CFM,16.8 - 36.5 dB,No,
Corsair ML Elite,https://pcpartpicker.com/product/9pcG3C/corsair-ml-elite-581-cfm-120-mm-fan-co-9050126-ww,https://cdna.pcpartpicker.com/static/forever/images/product/2aa24f66172306412e5ed99a8e1f38fc.256p.jpg,120 mm,White,450 - 2000 RPM,14.86 - 58.1 CFM,10 - 30.4 dB,Yes,32.26
Corsair ML Elite,https://pcpartpicker.com/product/VyC48d/corsair-ml-elite-581-cfm-120-mm-fan-co-9050128-ww,https://cdna.pcpartpicker.com/static/forever/images/product/7980d112dc4276fb1977cc6ef8b68449.256p.jpg,120 mm,White,450 - 2000 RPM,14.86 - 58.1 CFM,10 - 30.4 dB,Yes,
ARCTIC F12 PST,https://pcpartpicker.com/product/9CNxFT/arctic-f12-pst-53-cfm-120-mm-fan-acfan00198a,https://cdna.pcpartpicker.com/static/forever/images/product/f2d820c62ba1056845417d307a5840a0.256p.jpg,120 mm,White,230 - 1350 RPM,53 CFM,22.5 dB,Yes,
Bitspower Notos,https://pcpartpicker.com/product/9R2WGX/bitspower-notos-120-mm-fan-bpta-fx1812nt-1,https://m.media-amazon.com/images/I/41Zl5N6TfQL.jpg,120 mm,Black / White,800 - 1800 RPM,,25 - 28 dB,Yes,
Bitspower Notos 5-Pack,https://pcpartpicker.com/product/VLzhP6/bitspower-notos-120-mm-fans-5-pack-bpta-fx1812nt-5,https://m.media-amazon.com/images/I/51Kf5WYhQpL.jpg,120 mm,Black / White,800 - 1800 RPM,,25 - 28 dB,Yes,
ARCTIC P PST 3-Pack,https://pcpartpicker.com/product/CNKKHx/arctic-p-pst-689-cfm-140-mm-fans-3-pack-acfan00256a,https://cdna.pcpartpicker.com/static/forever/images/product/ab18a75ee57645ab7f38de8ba1761f95.256p.jpg,140 mm,Black / Transparent,,68.9 CFM,0 - 68.9 dB,Yes,
Thermalright TL-C12 D6,https://pcpartpicker.com/product/snmmP6/thermalright-tl-c12-d6-6617-cfm-120-mm-fan-tl-c12-d6,https://m.media-amazon.com/images/I/41kV8slDU3L.jpg,120 mm,Gray,1500 RPM,66.17 CFM,25.6 dB,Yes,
Phanteks M25-140 PWM D-RGB,https://pcpartpicker.com/product/ZWYmP6/phanteks-m25-140-pwm-d-rgb-10462-cfm-140-mm-fan-ph-f140m25_drgb_pwm_wt01,https://cdna.pcpartpicker.com/static/forever/images/product/65f3c4b0b0958fe74f459b9c27583ccd.256p.jpg,140 mm,White,500 - 1800 RPM,104.62 CFM,36.57 dB,Yes,
Phanteks M25-140 PWM,https://pcpartpicker.com/product/4PmmP6/phanteks-m25-140-pwm-10462-cfm-140-mm-fan-ph-f140m25_pwm_bbk01,https://cdna.pcpartpicker.com/static/forever/images/product/73025e71bc601720e22c33aa93c8903e.256p.jpg,140 mm,Black,500 - 1800 RPM,104.62 CFM,36.57 dB,Yes,
Silverstone Air Slimmer,https://pcpartpicker.com/product/rkTZxr/silverstone-air-slimmer-4573-cfm-92-mm-fan-sst-as90b,https://cdna.pcpartpicker.com/static/forever/images/product/a2233e5540139cfffdd9580472cd2015.256p.jpg,92 mm,Black,500 - 2500 RPM,5.38 - 45.73 CFM,11.3 - 32 dB,Yes,17.32
GAMDIAS AEOLUS M3-1204R 4-Pack,https://pcpartpicker.com/product/w8YRsY/gamdias-aeolus-m3-1204r-6901-cfm-120-mm-fans-4-pack-aeolus-m3-1204r,https://m.media-amazon.com/images/I/41+fu4KkqCL.jpg,120 mm,Black,800 - 2000 RPM,69.01 CFM,,Yes,
SeaSonic MAGFLOW,https://pcpartpicker.com/product/wHBzK8/seasonic-magflow-6333-cfm-120-mm-fan-magflow-1,https://cdna.pcpartpicker.com/static/forever/images/product/fd788496092b855066bdf7827b59e902.256p.jpg,120 mm,Black,600 - 2000 RPM,63.33 CFM,9.9 - 33.78 dB,Yes,29.32
Corsair iCUE ML RGB ELITE Premium,https://pcpartpicker.com/product/7fvD4D/corsair-icue-ml-rgb-elite-premium-829-cfm-140-mm-fan-co-9050118-ww,https://cdna.pcpartpicker.com/static/forever/images/product/2af71f843ddbd078ca5db76ec8832055.256p.jpg,140 mm,White,400 - 1600 RPM,15 - 82.9 CFM,10 - 31.8 dB,Yes,
EK Loop Fan FPT 140 D-RGB,https://pcpartpicker.com/product/qZQKHx/ek-loop-fan-fpt-140-d-rgb-11801-cfm-140-mm-fan-ek-loop-fpt-140-drgb-wh,https://cdna.pcpartpicker.com/static/forever/images/product/bfc0a6c14fcee46a1a8a8fb886bb7766.256p.jpg,140 mm,White,600 - 2200 RPM,118.01 CFM,44.56 dB,Yes,37.99
Thermalright TL-B14,https://pcpartpicker.com/product/t7sV3C/thermalright-tl-b14-825-cfm-140-mm-fan-tl-b14w-d6,https://m.media-amazon.com/images/I/312f+J5e6jL.jpg,140 mm,White,1500 RPM,82.5 CFM,27.6 dB,Yes,
Iceberg Thermal IceGALE Xtra 3-Pack,https://pcpartpicker.com/product/kMxxFT/iceberg-thermal-icegale-xtra-127-cfm-120-mm-fans-3-pack-icegale12x-a3a,https://cdna.pcpartpicker.com/static/forever/images/product/455f95d3eee81b127f71428a5c241e74.256p.jpg,120 mm,Teal,500 - 3000 RPM,127 CFM,0 - 44 dB,Yes,
BGears b-ARGB Vortex,https://pcpartpicker.com/product/KNGhP6/bgears-b-argb-vortex-101-cfm-120-mm-fan-b-argb-vortex-120mm,https://cdna.pcpartpicker.com/static/forever/images/product/a17b9f55c55f62b76c587d9406a92bfb.256p.jpg,120 mm,White / Black,600 - 1800 RPM,101 CFM,28 dB,Yes,
Rosewill RGBF-S12003 5-Pack,https://pcpartpicker.com/product/WgPgXL/rosewill-rgbf-s12003-412-cfm-120-mm-fans-5-pack-rgbf-s12003,https://m.media-amazon.com/images/I/518Swt3q4PL.jpg,120 mm,Black,800 - 1800 RPM,41.2 CFM,27.8 dB,No,
Phanteks PH-F140MP V2,https://pcpartpicker.com/product/ZZgQzy/phanteks-ph-f140mp-v2-93-cfm-140-mm-fan-ph-f140mp_bbk02,https://cdna.pcpartpicker.com/static/forever/images/product/7946cf8910859be6fabfd533a90cdab5.256p.jpg,140 mm,Black,500 - 2000 RPM,93 CFM,39.1 dB,Yes,
In Win Neptune AN140 3-Pack,https://pcpartpicker.com/product/8jkH99/in-win-neptune-an140-8889-cfm-140-mm-fans-3-pack-iw-fn-an140-3pk,https://m.media-amazon.com/images/I/41-abSGXUSL.jpg,140 mm,Black / White,900 - 1800 RPM,41.67 - 88.89 CFM,24.5 dB,Yes,
ID-COOLING TF-9215,https://pcpartpicker.com/product/tTTZxr/id-cooling-tf-9215-46-cfm-92-mm-fan-tf-9215-k,https://cdna.pcpartpicker.com/static/forever/images/product/8d4169bb30fad24d31aecba94b452915.256p.jpg,92 mm,Black,800 - 2800 RPM,46 CFM,35.2 dB,Yes,
ID-COOLING NO-8010,https://pcpartpicker.com/product/XQ26Mp/id-cooling-no-8010-254-cfm-80-mm-fan-no-8010-pwm,https://cdna.pcpartpicker.com/static/forever/images/product/e7dd70894befd8c43ec04fb6711d0910.256p.jpg,80 mm,,800 - 3000 RPM,25.4 CFM,27.8 dB,Yes,
GameMax KF300R 3-Pack,https://pcpartpicker.com/product/9vpQzy/gamemax-kf300r-4435-cfm-120-mm-fans-3-pack-kf300r-bk,https://m.media-amazon.com/images/I/410szPE2-xL.jpg,120 mm,Black,800 - 1600 RPM,44.35 CFM,31.21 dB,Yes,
Thermalright TL-B6W,https://pcpartpicker.com/product/cd4Zxr/thermalright-tl-b6w-1617-cfm-60-mm-fan-tl-b6w,https://m.media-amazon.com/images/I/31KKZYNM+hL.jpg,60 mm,White,3200 RPM,16.17 CFM,20.17 dB,Yes,
Vetroo SA-140 3-Pack,https://pcpartpicker.com/product/cMcBD3/vetroo-sa-140-6929-cfm-140-mm-fans-3-pack-vt-fan-argb140-pk-x3,https://m.media-amazon.com/images/I/41qiRL06TJL.jpg,140 mm,Pink,1200 RPM,69.29 CFM,33.5 dB,Yes,
Deepcool FT14,https://pcpartpicker.com/product/zk62FT/deepcool-ft14-7883-cfm-140-mm-fan-r-ft14-bkwpn1-g,/static/forever/img/no-image.png,140 mm,Black,500 - 1650 RPM,78.83 CFM,25.1 dB,Yes,
Mars Gaming MF-LINKFINITY 3-Pack,https://pcpartpicker.com/product/rkjv6h/mars-gaming-mf-linkfinity-69-cfm-120-mm-fans-3-pack-mflinkfinitykit,https://cdna.pcpartpicker.com/static/forever/images/product/db47790f4c32de1994d4e7f4843a721f.256p.jpg,120 mm,Black,800 - 2000 RPM,69 CFM,,Yes,63.89
Alphacool 24844,https://pcpartpicker.com/product/XkRnTW/alphacool-24844-936-cfm-120-mm-fan-24844,https://cdna.pcpartpicker.com/static/forever/images/product/caa1750735286f3f30add4fb1cbf0608.256p.jpg,120 mm,Black,3000 RPM,93.6 CFM,30 - 43 dB,Yes,10.75
BitFenix Spectre Pro,https://pcpartpicker.com/product/B6CwrH/bitfenix-case-fan-bffsprop14025wwrp,https://cdna.pcpartpicker.com/static/forever/images/product/02cd1547539a4c92c2396aab9cdb1939.med.256p.jpg,140 mm,White,500 - 1800 RPM,122.2 CFM,29.2 dB,Yes,
Iceberg Thermal IceGALE 2-Pack,https://pcpartpicker.com/product/8N7scf/iceberg-thermal-icegale-96-cfm-140-mm-fans-2-pack-icegale14-b2a,https://cdna.pcpartpicker.com/static/forever/images/product/486e35a67d8790ae6aefd8bfae7a9e62.256p.jpg,140 mm,Gray,500 - 1600 RPM,96 CFM,0 - 36 dB,Yes,17.99
Scythe Kaze Flex,https://pcpartpicker.com/product/bzhmP6/scythe-kaze-flex-120-pwm-5117-cfm-120-mm-fan-su1225fd12m-rhp,https://cdna.pcpartpicker.com/static/forever/images/product/7dbba0bef91150dffd75f553130e015c.256p.jpg,120 mm,Gray / Black,300 - 1200 RPM,16.6 - 51.17 CFM,4 - 24.9 dB,Yes,14.95
TRYX ROTA PRO,https://pcpartpicker.com/product/kqDQzy/tryx-rota-pro-8132-cfm-120-mm-fan-f-r120p-nn1m-g0w,https://cdna.pcpartpicker.com/static/forever/images/product/b0b64f88ad5641f8cb2e92af0d05c61c.256p.jpg,120 mm,White,500 - 2250 RPM,81.32 CFM,30.97 dB,Yes,27.99
NoiseBlocker BlackSilentPro P-2,https://pcpartpicker.com/product/Cy6BD3/noiseblocker-nb-blacksilentpro-pm-2-53-cfm-40-mm-fan-nb-blacksilentpro-pm-2,https://cdna.pcpartpicker.com/static/forever/images/product/4063db1b4198d2c5ed9484c08e0c74bf.256p.jpg,40 mm,Black,3800 RPM,5.3 CFM,18 dB,No,
Noctua P12-1300,https://pcpartpicker.com/product/sKzv6h/noctua-nf-p12-1300-5436-cfm-120-mm-fan-nf-p12-1300,https://images-na.ssl-images-amazon.com/images/I/51e6Ls5OY0L.jpg,120 mm,Brown,900 - 1300 RPM,37.33 - 54.36 CFM,12.6 - 19.8 dB,No,29.13
In Win CROWN AC120 2-Pack,https://pcpartpicker.com/product/cKvbt6/in-win-crown-ac120-5308-cfm-120-mm-fans-2-pack-crown-ac120-twin,https://m.media-amazon.com/images/I/41w+MS4gv-L.jpg,120 mm,Black / Clear,500 - 1600 RPM,53.08 CFM,14.7 - 28.3 dB,Yes,39.00
Thermaltake TOUGHFAN,https://pcpartpicker.com/product/LkZ9TW/thermaltake-toughfan-5835-cfm-120-mm-fan-cl-f117-pl12tq-a,https://m.media-amazon.com/images/I/41z+eIj3DsL.jpg,120 mm,Turquoise,500 - 2000 RPM,58.35 CFM,22.3 dB,Yes,19.98
Thermaltake TOUGHFAN 12 3-Pack,https://pcpartpicker.com/product/mrzhP6/thermaltake-toughfan-12-5375-cfm-120-mm-fans-3-pack-cl-f135-pl12sw-a,https://cdna.pcpartpicker.com/static/forever/images/product/41eaf84ffe5dbb2d6fcec7a92c48cc98.256p.jpg,120 mm,Black,500 - 2000 RPM,53.75 CFM,21.2 dB,No,88.20
In Win Mercury AM120S 3-Pack,https://pcpartpicker.com/product/b2rqqs/in-win-mercury-am120s-6071-cfm-120-mm-fans-3-pack-iw-fn-am120s-3pk,https://m.media-amazon.com/images/I/31kpaRyym5L.jpg,120 mm,Black / White,400 - 2000 RPM,60.71 CFM,17 - 29 dB,Yes,
EK Quantum Impulse D-RGB,https://pcpartpicker.com/product/nzFmP6/ek-quantum-impulse-d-rgb-575-cfm-120-mm-fan-3831109854204,https://cdna.pcpartpicker.com/static/forever/images/product/afa2f1ce0838e7c32921f3a9793fd306.256p.jpg,120 mm,White,400 - 1800 RPM,57.5 CFM,24.3 dB,Yes,32.02
Thermaltake TOUGHFAN 14 Pro,https://pcpartpicker.com/product/3Rgrxr/thermaltake-toughfan-14-pro-1196-cfm-140-mm-fan-cl-f140-pl14bl-a,https://m.media-amazon.com/images/I/31FUolRANBL.jpg,140 mm,Black,500 - 2000 RPM,87.6 - 119.6 CFM,24.5 - 31.6 dB,Yes,29.99
APNX FP2,https://pcpartpicker.com/product/DcV2FT/apnx-fp2-8387-cfm-120-mm-fan-fp2-120-pwm-argb-wh,https://cdna.pcpartpicker.com/static/forever/images/product/75b9bc1a55743794834fe579977f5230.256p.jpg,120 mm,White / Black,500 - 1800 RPM,83.87 CFM,15.3 - 34.8 dB,Yes,
Evercool EC4015SH12BP,https://pcpartpicker.com/product/RxphP6/evercool-ec4015sh12bp-40-mm-fan-ec4015sh12bp,https://cdna.pcpartpicker.com/static/forever/images/product/3ae7033000d5b582986442a465fe71b6.med.256p.jpg,40 mm,Black,3000 - 10000 RPM,,32 dB,No,11.95
Fractal Design Silent R3,https://pcpartpicker.com/product/NBZ2FT/fractal-design-case-fan-fdfanssr392wt,https://cdna.pcpartpicker.com/static/forever/images/product/b2839566d691bddc2a2de452d280e34c.256p.jpg,92 mm,Black / White,1500 RPM,24.4 CFM,18.3 dB,No,
NoiseBlocker ELoop B,https://pcpartpicker.com/product/96FXsY/noiseblocker-nb-eloop-b14-3-1783-cfm-140mm-fan-itr-b14-3,https://cdna.pcpartpicker.com/static/forever/images/product/72f8f48649c417da082d7a95e3e7d53b.256p.jpg,140 mm,Black / White,1400 RPM,104.93 CFM,28.5 dB,No,25.99
ARCTIC BioniX F140,https://pcpartpicker.com/product/x7fmP6/arctic-bionix-f140-blackyellow-1040-cfm-140mm-fan-acfan00097a,https://m.media-amazon.com/images/I/510G2V6jfeL.jpg,140 mm,Black / Yellow,1800 RPM,104 CFM,25.3 dB,No,
Cooler Master MasterFan SF120P,https://pcpartpicker.com/product/zGm323/cooler-master-masterfan-sf120p-argb-43-cfm-120-mm-fan-mfy-p2dn-24npa-r1,https://cdna.pcpartpicker.com/static/forever/images/product/7cd330a579f7c0974a9013be170f6378.256p.jpg,120 mm,Black,650 - 2000 RPM,43 CFM,8 - 30 dB,Yes,13.63
In Win Jupiter AJ120 3-Pack,https://pcpartpicker.com/product/QqFKHx/in-win-jupiter-aj120-7032-cfm-120-mm-fans-3-pack-iw-fn-aj120-3pk,https://cdna.pcpartpicker.com/static/forever/images/product/6f4bd90c987eb9fffbf6854156f8a8b7.256p.jpg,120 mm,Black,500 - 1800 RPM,70.32 CFM,35 dB,Yes,
ARCTIC BioniX P120 A-RGB,https://pcpartpicker.com/product/hKpzK8/arctic-bionix-p120-a-rgb-48-cfm-120-mm-fan-acfan00146a,https://cdna.pcpartpicker.com/static/forever/images/product/04df7b15008ff06300858c91b59fd00c.256p.jpg,120 mm,Black,400 - 2300 RPM,48 CFM,30 dB,Yes,46.37
Scythe Kaze Flex II,https://pcpartpicker.com/product/4J7scf/scythe-kaze-flex-ii-6762-cfm-120-mm-fan-kfs1225fd15-p,https://m.media-amazon.com/images/I/414ifGAlbdL.jpg,120 mm,Black,300 - 1500 RPM,16.9 - 67.62 CFM,4 - 28.6 dB,Yes,14.95
Valkyrie V12,https://pcpartpicker.com/product/s69wrH/valkyrie-v12-75-cfm-120-mm-fan-vk-fanv12fb,https://cdna.pcpartpicker.com/static/forever/images/product/27d13540e038e6a31c5ba93749ceb28f.256p.jpg,120 mm,Black,700 - 1850 RPM,75 CFM,34 dB,Yes,16.99
Geometric Future Squama 2503 3-Pack,https://pcpartpicker.com/product/jr9wrH/geometric-future-squama-2503-9115-cfm-140-mm-fans-3-pack-geo-s2503w-14t,https://cdna.pcpartpicker.com/static/forever/images/product/46dde02157656985b6b7329991f8528a.256p.jpg,140 mm,White,800 - 2400 RPM,91.15 CFM,34 dB,Yes,49.90
Geometric Future Squama 2503R,https://pcpartpicker.com/product/fTvD4D/geometric-future-squama-2503r-5767-cfm-120-mm-fan-geo-s2503rb-1,https://m.media-amazon.com/images/I/51KPjLkmpxL.jpg,120 mm,Black,1500 RPM,57.67 CFM,29.87 dB,Yes,19.89
Corsair SP120 Quiet,https://pcpartpicker.com/product/vXDwrH/corsair-air-series-sp120-quiet-edition-3785-cfm-120-mm-fan-co-9050005-ww,https://m.media-amazon.com/images/I/517PK1cfzfL.jpg,120 mm,Black,1450 RPM,37.85 CFM,23 dB,No,
Corsair SP120 High Performance 2-Pack,https://pcpartpicker.com/product/Jc8Zxr/corsair-air-series-sp120-high-performance-edition-6274-cfm-120-mm-fans-co-9050008-ww,https://cdna.pcpartpicker.com/static/forever/images/product/7540d8720973821377dac3c5b4ea536f.256p.jpg,120 mm,Black,2350 RPM,62.74 CFM,35 dB,No,
Cooler Master SickleFlow,https://pcpartpicker.com/product/Pwdqqs/cooler-master-case-fan-r4l2r20agr2,https://cdna.pcpartpicker.com/static/forever/images/product/92e2cadbbce6e8f44a76082c58553d6a.256p.jpg,120 mm,Translucent Gray,2000 RPM,69.69 CFM,19 dB,No,
Cooler Master Blade Master,https://pcpartpicker.com/product/fXDwrH/cooler-master-blade-master-548-cfm-92-mm-fan-r4-bm9s-28pk-r0,https://m.media-amazon.com/images/I/51Ycs6UadLL.jpg,92 mm,Black,800 - 2800 RPM,15.7 - 54.8 CFM,17 - 35 dB,Yes,
Silverstone Air Penetrator,https://pcpartpicker.com/product/K6JwrH/silverstone-case-fan-ap121bl,https://m.media-amazon.com/images/I/41E543VWTdL.jpg,120 mm,Clear,1500 RPM,35.36 CFM,22.4 dB,No,
ARCTIC F12 Pro,https://pcpartpicker.com/product/HPZQzy/arctic-arctic-f12-pwm-57-cfm-120-mm-fan-af12pwm,https://cdna.pcpartpicker.com/static/forever/images/product/fdc1831289c01cffd0cbd261a1121237.256p.jpg,120 mm,White / Black,1350 RPM,57 CFM,,No,
NoiseBlocker ELoop B,https://pcpartpicker.com/product/LDPfrH/noiseblocker-nb-eloop-b12-3-7133-cfm-120-mm-fan-nb-eloop-b12-3,https://cdna.pcpartpicker.com/static/forever/images/product/72c31f51b4ff877692ba0b769ee0cece.256p.jpg,120 mm,White,1900 RPM,71.33 CFM,27 dB,No,29.95
BitFenix Spectre Pro,https://pcpartpicker.com/product/j4H323/bitfenix-case-fan-bfflpro14025grp,https://cdna.pcpartpicker.com/static/forever/images/product/ce01c0284b10463c00eeeaf8d8a6956e.med.256p.jpg,140 mm,Clear,1200 RPM,86.73 CFM,22.8 dB,No,
Cooler Master R4-S4S-10AK-GP,https://pcpartpicker.com/product/ZBkD4D/cooler-master-r4-s4s-10ak-gp-609-cfm-140-mm-fan-r4-s4s-10ak-gp,https://m.media-amazon.com/images/I/41bsALHI1oL.jpg,140 mm,Black,1000 RPM,60.9 CFM,16 dB,No,
Rosewill RFA-80-K,https://pcpartpicker.com/product/tXDwrH/rosewill-rfa-80-k-3321-cfm-80-mm-fan-rfa-80-k,https://images-na.ssl-images-amazon.com/images/I/41SE4KWZjxL.jpg,80 mm,Black,2500 RPM,33.21 CFM,22.41 dB,No,
Xigmatek XLF,https://pcpartpicker.com/product/XxphP6/xigmatek-case-fan-xlff2003,https://images-na.ssl-images-amazon.com/images/I/51qWkNcijxL.jpg,200 mm,Orange,800 RPM,76 CFM,18 dB,No,
Fractal Design Silent R2,https://pcpartpicker.com/product/Xsw323/fractal-design-case-fan-fdfanssr292,https://cdna.pcpartpicker.com/static/forever/images/product/0eb0a628c9f46232fa5090f49d52e6ba.256p.jpg,92 mm,Black / White,1300 RPM,24.6 CFM,12.5 dB,No,
Corsair SP120,https://pcpartpicker.com/product/ygV48d/corsair-case-fan-co9050013ww,https://cdna.pcpartpicker.com/static/forever/images/product/36197394a8b075be468d0f0343a6c739.256p.jpg,120 mm,Black,2350 RPM,62.74 CFM,35 dB,Yes,
be quiet! Shadow Wings,https://pcpartpicker.com/product/dx7wrH/be-quiet-case-fan-bl050,https://cdna.pcpartpicker.com/static/forever/images/product/5d87009a16a33f2d0d3268787918e473.256p.jpg,80 mm,Black,1400 RPM,14.8 - 23.8 CFM,8.4 dB,No,
Corsair AF120,https://pcpartpicker.com/product/NvTmP6/corsair-case-fan-co9050015pled,https://m.media-amazon.com/images/I/31rs9e11g8L.jpg,120 mm,Black,1500 RPM,52.19 CFM,25.2 dB,No,
Thermalright TY,https://pcpartpicker.com/product/gjtCmG/thermalright-case-fan-ty143,https://m.media-amazon.com/images/I/41BdkBoVQ0L.jpg,140 mm,Orange,600 - 2500 RPM,31.4 - 130 CFM,21 - 45 dB,Yes,
Corsair AF140 Quiet,https://pcpartpicker.com/product/d8n2FT/corsair-case-fan-co9050017wled,https://m.media-amazon.com/images/I/418pCPArxxL.jpg,140 mm,Black,1200 RPM,66.4 CFM,25.5 dB,No,
Apevia CF312S-BK,https://pcpartpicker.com/product/bXTmP6/apevia-case-fan-cf312sbk,https://cdna.pcpartpicker.com/static/forever/images/product/c83350ede91f19c3c1e937a808691861.256p.jpg,120 mm,Black,1500 RPM,57.67 CFM,24.7 dB,No,
Enermax T.B. Apollish,https://pcpartpicker.com/product/4DDwrH/enermax-case-fan-ucta18abl,https://cdna.pcpartpicker.com/static/forever/images/product/a2a11cb491f049369d08ee8b86f1502d.256p.jpg,180 mm,Black / Blue,600 - 1200 RPM,116 - 210 CFM,15 - 20 dB,No,
be quiet! Silent Wings 2,https://pcpartpicker.com/product/LjPfrH/be-quiet-case-fan-bl031,https://cdna.pcpartpicker.com/static/forever/images/product/9e37813ca6cd3b4d9811f0c083aab9ed.256p.jpg,140 mm,Black,1000 RPM,60.4 CFM,16.4 dB,Yes,
Thermaltake Luna,https://pcpartpicker.com/product/sZg323/thermaltake-case-fan-clf017pl12rea,https://m.media-amazon.com/images/I/51vGQ+DOgJL.jpg,120 mm,Black / Red,1200 RPM,50.44 CFM,20.7 dB,No,
Corsair SP120 2-Pack,https://pcpartpicker.com/product/yLW9TW/corsair-case-fan-co9050030ww,https://cdna.pcpartpicker.com/static/forever/images/product/9e1991b98bd40399119c068e2244e798.256p.jpg,120 mm,Black / White,1650 RPM,57.24 CFM,26.4 dB,No,
Phanteks F120XP,https://pcpartpicker.com/product/t9Trxr/phanteks-case-fan-phf120xpbk,https://images-na.ssl-images-amazon.com/images/I/51V%2BmTIkQqL.jpg,120 mm,Black / White,500 - 1500 RPM,23 - 61.6 CFM,21 - 27 dB,Yes,
CRYORIG QF Performance,https://pcpartpicker.com/product/VJx9TW/cryorig-case-fan-qf120performance,https://cdna.pcpartpicker.com/static/forever/images/product/efa242ad30c0888a77c3187536bc2d0f.256p.jpg,120 mm,Black / White,600 - 2200 RPM,83 CFM,13 - 37 dB,Yes,
Silverstone FQ,https://pcpartpicker.com/product/DJx9TW/silverstone-case-fan-fq141,https://m.media-amazon.com/images/I/51ClJ9tV3cL.jpg,140 mm,White / Blue,500 - 1000 RPM,31.4 - 62 CFM,15.1 - 20.7 dB,Yes,20.18
Thermaltake Riing,https://pcpartpicker.com/product/z6X2FT/thermaltake-case-fan-clf039pl14wta,https://cdna.pcpartpicker.com/static/forever/images/product/714a38554f71639c1db616c1687590b9.256p.jpg,140 mm,Black / White,1000 - 1400 RPM,51.15 CFM,22.1 - 28.1 dB,No,
Fractal Design Silent R3,https://pcpartpicker.com/product/f9Jkcf/fractal-design-case-fan-fdfanssr380wt,https://cdna.pcpartpicker.com/static/forever/images/product/fd4b3e94e215c1017355aa21a04bc403.256p.jpg,80 mm,Black / White,1600 RPM,20.2 CFM,18.1 dB,No,
Cooler Master Silencio FP,https://pcpartpicker.com/product/d3Z2FT/cooler-master-case-fan-r4sfnl24pkr1,https://m.media-amazon.com/images/I/51Nr6-cQamL.jpg,120 mm,Black,2400 RPM,38 CFM,11 dB,Yes,
BitFenix Spectre Xtreme,https://pcpartpicker.com/product/cwcMnQ/bitfenix-case-fan-bffsxtr12025krp,https://cdna.pcpartpicker.com/static/forever/images/product/1f1370e24a6e506ace4a1d800cf60d35.256p.jpg,120 mm,Black,950 - 2000 RPM,66 CFM,30 dB,No,
Corsair ML140 Pro,https://pcpartpicker.com/product/sYNypg/corsair-co-9050047-ww-970-cfm-140mm-fan-co-9050047-ww,https://cdna.pcpartpicker.com/static/forever/images/product/373804b4618d6b94ac36d2706797b274.256p.jpg,140 mm,Black / Red,400 - 2000 RPM,20 - 97 CFM,16 - 37 dB,Yes,
Cooler Master MasterFan Pro Air Balance,https://pcpartpicker.com/product/WVQRsY/cooler-master-masterfan-pro-120-air-balance-rgb-427-cfm-120-mm-fan-mfy-b2dn-13npc-r1,https://cdna.pcpartpicker.com/static/forever/images/product/1ad1e57218398002df886233b5b6f494.256p.jpg,120 mm,Black / White,650 - 1300 RPM,42.7 CFM,6 - 20 dB,Yes,
NZXT Aer F,https://pcpartpicker.com/product/sKYWGX/nzxt-aer-f140-1034-cfm-140mm-fan-rf-af140-b1,https://cdna.pcpartpicker.com/static/forever/images/product/bcf3d4e2c3595159f6d73b64d14ed3eb.256p.jpg,140 mm,Black,,34.48 - 103.43 CFM,21 - 35 dB,Yes,29.98
Cooler Master MasterFan Pro Air Balance 3-Pack,https://pcpartpicker.com/product/wxyxFT/cooler-master-masterfan-pro-120-air-balance-rgb-427-cfm-120-mm-fans-3-pack-mfy-b2dc-133pc-r1,https://cdna.pcpartpicker.com/static/forever/images/product/08ab346aeaae25dd6b8fdcf0e7b11129.256p.jpg,120 mm,Black,1300 RPM,42.7 CFM,20 dB,Yes,
EVGA 400-HY-FX13-KR,https://pcpartpicker.com/product/jJbwrH/evga-400-hy-fx13-kr-1135-cfm-140mm-fan-400-hy-fx13-kr,https://m.media-amazon.com/images/I/51BIzddE9RL.jpg,140 mm,Black,600 - 2200 RPM,113.5 CFM,16 - 39.5 dB,Yes,
Fractal Design Dynamic X2,https://pcpartpicker.com/product/pj7v6h/fractal-design-fd-fan-dyn-x2-gp14-wto-684-cfm-140mm-fan-fd-fan-dyn-x2-gp14-wto,https://m.media-amazon.com/images/I/3134lOlZRrL.jpg,140 mm,White,1000 RPM,68.4 CFM,18.9 dB,No,
NZXT AER RGB 2 2-Pack,https://pcpartpicker.com/product/tktQzy/nzxt-aer-rgb-2-9119-cfm-140-mm-fans-2-pack-hf-2814c-d1,https://cdna.pcpartpicker.com/static/forever/images/product/38b07f03608cfe0865e074dc24fcee5d.256p.jpg,140 mm,Black,500 - 1500 RPM,30.39 - 91.19 CFM,22 - 33 dB,Yes,
Corsair AF140 (2018) 2-Pack,https://pcpartpicker.com/product/zv97YJ/corsair-af140-led-2018-blue-62-cfm-140-mm-fans-co-9050090-ww,https://cdna.pcpartpicker.com/static/forever/images/product/aa2b1be3603f20b666da07d063311765.256p.jpg,140 mm,Black / White,1150 RPM,62 CFM,26 dB,No,
Corsair AF120 (2018),https://pcpartpicker.com/product/bZbwrH/corsair-af120-led-2018-red-52-cfm-120mm-fan-co-9050080-ww,https://cdna.pcpartpicker.com/static/forever/images/product/ea149bc74f9d115f4f40f311ccfcac86.256p.jpg,120 mm,Black / White,1400 RPM,52 CFM,26 dB,No,
ARCTIC P14,https://pcpartpicker.com/product/byjJ7P/arctic-p14-728-cfm-140-mm-fan-acfan00124a,https://cdna.pcpartpicker.com/static/forever/images/product/2d05feb8554dc931209a84440ad9a157.256p.jpg,140 mm,Black,200 - 1700 RPM,72.8 CFM,22.5 dB,Yes,
Fractal Design Prisma AL 3-Pack,https://pcpartpicker.com/product/VxXnTW/fractal-design-prisma-al-14-6333-cfm-140-mm-fans-3-pack-fd-fan-pri-al14-3p,https://cdna.pcpartpicker.com/static/forever/images/product/b7f8a7479edf7a871080f68d3091f831.256p.jpg,140 mm,White / Black,1000 RPM,63.33 CFM,19.4 dB,No,
Corsair AF140L,https://pcpartpicker.com/product/CgXYcf/corsair-co-8950007-6743-cfm-140-mm-fan-co-8950007,https://cdna.pcpartpicker.com/static/forever/images/product/f21bd3d4f029fe8cbb819712f809fb76.256p.jpg,140 mm,Black / Gray,1000 RPM,67.43 CFM,,No,
Thermaltake Pure ARGB TT Premium Edition 3-Pack,https://pcpartpicker.com/product/nXx2FT/thermaltake-pure-12-argb-tt-premium-edition-5645-cfm-120-mm-fans-3-pack-cl-f079-pl12sw-a,https://cdna.pcpartpicker.com/static/forever/images/product/500fbb49e030dcc33478d22f5abd6a94.256p.jpg,120 mm,Black,500 - 1500 RPM,56.45 CFM,25.8 dB,Yes,
GameMax Eclipse RGB,https://pcpartpicker.com/product/3JbCmG/gamemax-eclipse-rgb-432-cfm-120-mm-fan-eclipse-rgb,https://cdna.pcpartpicker.com/static/forever/images/product/97e8a987003b5d6f763c04935b089ba7.256p.jpg,120 mm,Black / White,1300 RPM,43.2 CFM,25.88 dB,No,
GameMax Storm Force RGB,https://pcpartpicker.com/product/V8MTwP/gamemax-storm-force-rgb-414-cfm-120-mm-fan-stormforce-rgb,https://cdna.pcpartpicker.com/static/forever/images/product/045086be18a5c40a56f2e243965263b4.256p.jpg,120 mm,Black / White,1300 RPM,41.4 CFM,21 dB,No,
GameMax Razor ARGB,https://pcpartpicker.com/product/7b848d/gamemax-razor-argb-60-cfm-120-mm-fan-slim-argb-kab-03a,https://cdna.pcpartpicker.com/static/forever/images/product/4d61368dd1872aff40ec534d73083078.256p.jpg,120 mm,Black,1200 RPM,60 CFM,26 dB,No,
Fractal Design Venturi,https://pcpartpicker.com/product/nyBTwP/fractal-design-fd-fan-vent-hf12-wt-834-cfm-120-mm-fan-fd-fan-vent-hf12-wt,https://cdna.pcpartpicker.com/static/forever/images/product/7e7f3b54a51d442c3986edc9180f6208.256p.jpg,120 mm,White / Black,1100 - 1400 RPM,65.8 - 83.4 CFM,19 - 25.3 dB,No,
Bitspower NJord Dual Fin 3-Pack,https://pcpartpicker.com/product/3kmFf7/bitspower-njord-dual-fin-569-cfm-120-mm-fans-3-pack-bp-fx1812-wh-3,https://m.media-amazon.com/images/I/319V-H7pk8L.jpg,120 mm,Black / White,800 - 1800 RPM,53 - 56.9 CFM,25 - 28 dB,Yes,
Bitspower Touchaqua NJORD RGB 3-Pack,https://pcpartpicker.com/product/j79tt6/bitspower-touchaqua-njord-120-70-cfm-120-mm-fans-3-pack-bpta-fx120-drgb-3,https://m.media-amazon.com/images/I/4195ysiXMKL.jpg,120 mm,Black / White,800 - 2000 RPM,70 CFM,29 dB,Yes,
Thermaltake Pure Duo 2-Pack,https://pcpartpicker.com/product/HZpmP6/thermaltake-pure-duo-5651-cfm-120-mm-fans-2-pack-cl-f097-pl12sw-b,https://cdna.pcpartpicker.com/static/forever/images/product/e84eaa75ed8e2937f195e3236b998d3f.256p.jpg,120 mm,White,500 - 1500 RPM,,28 dB,Yes,29.99
darkFlash CF8 Pro 5-Pack,https://pcpartpicker.com/product/PjfFf7/darkflash-cf8-pro-30-cfm-120-mm-fans-5-pack-cf8-pro-5in1,/static/forever/img/no-image.png,120 mm,Transparent,,,,No,
Corsair iCUE ML RGB ELITE Premium 2-Pack,https://pcpartpicker.com/product/JF3gXL/corsair-icue-ml-rgb-elite-premium-829-cfm-140-mm-fans-2-pack-co-9050115-ww,https://cdna.pcpartpicker.com/static/forever/images/product/791d54bc3c9abc08729f06ffa41d4d64.256p.jpg,140 mm,Black,400 - 1600 RPM,15 - 82.9 CFM,10 - 31.8 dB,Yes,
NZXT F140P (2022),https://pcpartpicker.com/product/VpPQzy/nzxt-f140p-2022-9968-cfm-140-mm-fan-rf-p14sf-b1,https://cdna.pcpartpicker.com/static/forever/images/product/e6ec8dc46cd2cd2e3c87c722085877a2.256p.jpg,140 mm,Black,500 - 1500 RPM,33.22 - 99.68 CFM,19.4 - 32.1 dB,Yes,
NZXT F140Q (2022),https://pcpartpicker.com/product/96WzK8/nzxt-f140q-2022-101-cfm-140-mm-fan-rf-q14sf-b1,https://cdna.pcpartpicker.com/static/forever/images/product/30b235952965d1b400eb2b21ac517f5d.256p.jpg,140 mm,Black,500 - 1200 RPM,42.92 - 101 CFM,18 - 23 dB,Yes,
MSI MAG MAX F12A-3H 3-Pack,https://pcpartpicker.com/product/rwBG3C/msi-mag-max-f12a-3h-401-cfm-120-mm-fans-3-pack-mag-max-f12a-3h,https://cdna.pcpartpicker.com/static/forever/images/product/b4d9da1fe30045a70c2fece60d6992c4.256p.jpg,120 mm,Black,600 - 1500 RPM,8 - 40.1 CFM,20 - 28 dB,Yes,
ID-COOLING XF-12025-ARGB-TRIO SNOW 3-Pack,https://pcpartpicker.com/product/VzQcCJ/id-cooling-xf-12025-argb-trio-snow-62-cfm-120-mm-fans-3-pack-xf-12025-argb-trio-snow,https://cdna.pcpartpicker.com/static/forever/images/product/13bb33dd21e32dcfe851eeb4c6313bf9.256p.jpg,120 mm,White,700 - 1500 RPM,62 CFM,18 - 26.4 dB,Yes,
ID-COOLING NO-8025-SD,https://pcpartpicker.com/product/WsD7YJ/id-cooling-no-8025-sd-255-cfm-80-mm-fan-no-8025-sd,https://cdna.pcpartpicker.com/static/forever/images/product/6191e950eca518771653850e71dc7569.256p.jpg,80 mm,Black,2000 RPM,25.5 CFM,21 dB,No,
Corsair ML140 LED ELITE Blue Premium,https://pcpartpicker.com/product/R6H7YJ/corsair-ml140-led-elite-blue-premium-829-cfm-140-mm-fan-co-9050125-ww,https://cdna.pcpartpicker.com/static/forever/images/product/166e4b1245cbe0905ad6aff4778d0563.256p.jpg,140 mm,Black,400 - 1600 RPM,15 - 82.9 CFM,10 - 31.8 dB,Yes,
Thermaltake TOUGHFAN,https://pcpartpicker.com/product/Ms2WGX/thermaltake-toughfan-5835-cfm-120-mm-fan-cl-f117-pl12rg-a,https://cdna.pcpartpicker.com/static/forever/images/product/1ba2a60e75895a3b397793eaafb0b3c4.256p.jpg,120 mm,Green,500 - 2000 RPM,58.35 CFM,22.3 dB,Yes,
ARCTIC P14 PST,https://pcpartpicker.com/product/RVjBD3/arctic-p14-pst-728-cfm-140-mm-fan-acfan00221a,https://cdna.pcpartpicker.com/static/forever/images/product/6e0da95b0ff4fedaf2c0fa6b5a4c1cff.256p.jpg,140 mm,White / Translucent White,200 - 1700 RPM,72.8 CFM,22.5 dB,Yes,
ARCTIC F PST,https://pcpartpicker.com/product/zYnypg/arctic-f-pst-74-cfm-140-mm-fan-acfan00219a,https://cdna.pcpartpicker.com/static/forever/images/product/9d3413cb8c707b3f7e20f7f0ae10bb48.256p.jpg,140 mm,Black,200 - 1350 RPM,74 CFM,,Yes,
Antec Fusion 120 ARGB 5-Pack,https://pcpartpicker.com/product/pGKKHx/antec-fusion-120-argb-5793-cfm-120-mm-fans-5-pack-761345-57004-6,https://cdna.pcpartpicker.com/static/forever/images/product/f0716400af70798b79e64d446cbb0aec.256p.jpg,120 mm,Black,600 - 2000 RPM,57.93 CFM,17.02 - 31.24 dB,Yes,
Thermaltake SWAFAN 14 3-Pack,https://pcpartpicker.com/product/BjjBD3/thermaltake-swafan-14-776-cfm-140-mm-fans-3-pack-cl-f138-pl14sw-a,https://cdna.pcpartpicker.com/static/forever/images/product/f2dbcf318b6b1d74b6454b5d9d36d3ae.256p.jpg,140 mm,Black,500 - 2000 RPM,71.3 - 77.6 CFM,34.5 - 10.5 dB,No,108.99
Phanteks M25-140 PWM D-RGB 3-Pack,https://pcpartpicker.com/product/YfM48d/phanteks-m25-140-pwm-d-rgb-10462-cfm-140-mm-fans-3-pack-ph-f140m25_drgb_pwm_wt01_3p,https://cdna.pcpartpicker.com/static/forever/images/product/4cef10311122526675d771daa5f20ba0.256p.jpg,140 mm,White,500 - 1800 RPM,104.62 CFM,36.57 dB,Yes,
Silverstone Shark Force,https://pcpartpicker.com/product/Pj4Zxr/silverstone-shark-force-100-cfm-120-mm-fan-sst-sf120b-argb,https://cdna.pcpartpicker.com/static/forever/images/product/6eedf8bfa3b03094fb077259067f04de.256p.jpg,120 mm,Black,,0 - 100 CFM,0 - 41.2 dB,Yes,
Cooler Master MOBIUS 120P ARGB,https://pcpartpicker.com/product/VLDQzy/cooler-master-mobius-120p-argb-752-cfm-120-mm-fan-mfz-m2dw-24np2-r1,https://m.media-amazon.com/images/I/41HzDSRhigL.jpg,120 mm,White,,75.2 CFM,30 dB,Yes,
Jonsbo ZG 3-Pack,https://pcpartpicker.com/product/T9cgXL/jonsbo-zg-6045-cfm-120-mm-fans-3-pack-zg-120w3-in-1,/static/forever/img/no-image.png,120 mm,White,500 - 1500 RPM,20.1 - 60.45 CFM,23.8 - 29.3 dB,Yes,
Apevia Electro 6-Pack,https://pcpartpicker.com/product/n2gQzy/apevia-electro-5767-cfm-120-mm-fans-6-pack-et62-rgb,https://m.media-amazon.com/images/I/41w5mb+ueDL.jpg,120 mm,White / Black,1350 RPM,57.67 CFM,24.7 dB,No,
Athena Power FANC-4020S,https://pcpartpicker.com/product/QgVG3C/athena-power-fanc-4020s-71-cfm-40-mm-fan-fanc-4020s,/static/forever/img/no-image.png,40 mm,Black,6200 RPM,7.1 CFM,28 dB,No,
ID-COOLING TF-12025-ARGB REVERSE,https://pcpartpicker.com/product/zctLrH/id-cooling-tf-12025-argb-reverse-682-cfm-120-mm-fan-tf-12025-argb-reverse,https://cdna.pcpartpicker.com/static/forever/images/product/d30352902f81681b603d6eec2829704d.256p.jpg,120 mm,,500 - 1500 RPM,68.2 CFM,13.8 - 30.5 dB,Yes,
Xilence XPF140.R,https://pcpartpicker.com/product/QJLdnQ/xilence-xpf140r-4137-cfm-140-mm-fan-xf050,https://cdna.pcpartpicker.com/static/forever/images/product/99ef3256d7a1dee1f3885969383555da.256p.jpg,140 mm,Red / Black,900 RPM,41.37 CFM,20 dB,No,
ENDORFY Fluctus,https://pcpartpicker.com/product/LKfxFT/endorfy-fluctus-140-mm-fan-ey4a004,https://cdna.pcpartpicker.com/static/forever/images/product/d7381d8b1abde17c8d46dec81c51142e.256p.jpg,140 mm,Black,250 - 1800 RPM,,,Yes,
ENDORFY Zephyr,https://pcpartpicker.com/product/G6CZxr/endorfy-zephyr-80-mm-fan-ey4a019,https://cdna.pcpartpicker.com/static/forever/images/product/ef0be0616a4c398ddca7e8d9b91931b6.256p.jpg,80 mm,Black,2100 RPM,,,No,
ENDORFY Stratus,https://pcpartpicker.com/product/cPP8TW/endorfy-stratus-140-mm-fan-ey4a012,https://cdna.pcpartpicker.com/static/forever/images/product/904136f09cb232a7a72df4c054a4c42f.256p.jpg,140 mm,Black,200 - 1200 RPM,,,Yes,
SilentiumPC Corona HP RGB,https://pcpartpicker.com/product/6qqNnQ/silentiumpc-corona-hp-rgb-120-mm-fan-spc194,https://m.media-amazon.com/images/I/412tIo4Z4uL.jpg,120 mm,Black,1500 RPM,,,No,
Thermaltake CT120 EX ARGB Sync 3-Pack,https://pcpartpicker.com/product/qw7MnQ/thermaltake-ct120-ex-argb-sync-68-cfm-120-mm-fans-3-pack-cl-f215-pl12bb-a,https://cdna.pcpartpicker.com/static/forever/images/product/a18cf65069114a830e0c5908b81b1073.256p.jpg,120 mm,Yellow,500 - 2000 RPM,68 CFM,28.5 dB,Yes,59.99
Mars Gaming MF-LINKFINITY 3-Pack,https://pcpartpicker.com/product/2dxTwP/mars-gaming-mf-linkfinity-69-cfm-120-mm-fans-3-pack-mflinkfinitykitw,https://m.media-amazon.com/images/I/4151ZQaG5OL.jpg,120 mm,White,800 - 2000 RPM,69 CFM,,Yes,
PREYON Falcon Eye 3-Pack,https://pcpartpicker.com/product/ZHJBD3/preyon-falcon-eye-49-cfm-120-mm-fans-3-pack-pee1203b,https://m.media-amazon.com/images/I/410bwyRdbFL.jpg,120 mm,Black,800 - 1800 RPM,49 CFM,,Yes,
Alphacool Core,https://pcpartpicker.com/product/vjsMnQ/alphacool-core-7263-cfm-120-mm-fan-24852,/static/forever/img/no-image.png,120 mm,Black,2500 RPM,72.63 CFM,30 - 36.6 dB,Yes,8.75
Jonsbo ZA-140W,https://pcpartpicker.com/product/B6ZWGX/jonsbo-za-140w-7382-cfm-140-mm-fan-za-140w,/static/forever/img/no-image.png,140 mm,White,700 - 1800 RPM,33.7 - 73.82 CFM,18.3 - 32.2 dB,Yes,
Scythe Slipstream,https://pcpartpicker.com/product/kP2kcf/scythe-case-fan-sy1225sl12sh,https://m.media-amazon.com/images/I/51zvf4FcjbL.jpg,120 mm,Black,1900 RPM,110.31 CFM,37 dB,No,21.75
NoiseBlocker NB-ELOOP X ARGB,https://pcpartpicker.com/product/kJWBD3/noiseblocker-nb-eloop-x-b12-p-argb-10947-cfm-120-mm-fan-itr-b12x-p-bl,https://cdna.pcpartpicker.com/static/forever/images/product/c1f1e9a942569b14873e099aeb04a771.256p.jpg,120 mm,Black,,0 - 109.47 CFM,0 - 28.4 dB,Yes,29.95
Silverstone Air Nexus 3-Pack,https://pcpartpicker.com/product/yjP8TW/silverstone-air-nexus-604-cfm-120-mm-fans-3-pack-sst-an120w-argb-3pk,/static/forever/img/no-image.png,120 mm,White,500 - 1500 RPM,60.4 CFM,30 dB,Yes,
Vetroo SA-140 3-Pack,https://pcpartpicker.com/product/CrVfrH/vetroo-sa-140-6929-cfm-140-mm-fans-3-pack-vt-fan-argb140-wt-x3,/static/forever/img/no-image.png,140 mm,White,1200 RPM,69.29 CFM,33.5 dB,Yes,24.99
NoiseBlocker BlackSilentPro P-P,https://pcpartpicker.com/product/pbmLrH/noiseblocker-nb-blacksilentpro-pl-ps-5885-cfm-120-mm-fan-nb-blacksilentpro-pl-ps,https://images-na.ssl-images-amazon.com/images/I/51d6P8JlW1L.jpg,120 mm,Black,1500 RPM,58.85 CFM,24 dB,Yes,14.99
Akasa Viper,https://pcpartpicker.com/product/CQXfrH/akasa-case-fan-akfn073,https://m.media-amazon.com/images/I/41cFwgvvcuL.jpg,140 mm,Black / Yellow,600 - 1600 RPM,109.55 CFM,7 - 21.7 dB,Yes,
ARCTIC BioniX P140,https://pcpartpicker.com/product/Py2bt6/arctic-bionix-p140-776-cfm-140-mm-fan-acfan00159a,https://cdna.pcpartpicker.com/static/forever/images/product/cd167124f023110f44dfa389196b0b35.256p.jpg,140 mm,Black / Gray,200 - 1950 RPM,77.6 CFM,,Yes,
Iceberg Thermal IceGALE ARGB 2-Pack,https://pcpartpicker.com/product/DW3NnQ/iceberg-thermal-icegale-argb-96-cfm-140-mm-fans-2-pack-icegale14a-a2a,https://cdna.pcpartpicker.com/static/forever/images/product/7758e49fea8c746d3be05c1ec70f253c.256p.jpg,140 mm,Teal / White,500 - 1600 RPM,96 CFM,0 - 36 dB,Yes,20.00
In Win Neptune DN140 Pro,https://pcpartpicker.com/product/VDdG3C/in-win-neptune-dn140-pro-9166-cfm-140-mm-fan-iw-fn-dn140pro-1pk,https://m.media-amazon.com/images/I/41m6Z2cO7hL.jpg,140 mm,Black / Red,900 - 1800 RPM,43.74 - 91.66 CFM,24 dB,Yes,18.00
Alphacool 24846,https://pcpartpicker.com/product/pB7MnQ/alphacool-24846-11556-cfm-140-mm-fan-24846,https://cdna.pcpartpicker.com/static/forever/images/product/a600a0f2b95d9efdc0d16175ed84ab8b.256p.jpg,140 mm,Black,2500 RPM,115.56 CFM,30 - 43.3 dB,Yes,9.99
NZXT Air Flow,https://pcpartpicker.com/product/Y37wrH/nzxt-air-flow-series-836-cfm-140-mm-fan-rf-fz140-02,https://m.media-amazon.com/images/I/51LgdZMuCPL.jpg,140 mm,White,1000 RPM,83.6 CFM,24.5 dB,No,
Xigmatek XAF,https://pcpartpicker.com/product/JYkD4D/xigmatek-case-fan-xaff1253,https://m.media-amazon.com/images/I/51DWlhiYreL.jpg,120 mm,Orange,1500 RPM,75.3 CFM,24 dB,No,5.99
Prolimatech Ultra Sleek Vortex,https://pcpartpicker.com/product/VwMFf7/prolimatech-case-fan-ultrasleekvortex12fan,https://cdna.pcpartpicker.com/static/forever/images/product/6b3880efd967acd9afb52a44c24a098f.256p.jpg,120 mm,Black,400 - 1300 RPM,55.7 CFM,7 - 17 dB,Yes,
Phanteks F140SP,https://pcpartpicker.com/product/nHhj4D/phanteks-case-fan-phf140spbkgled,https://m.media-amazon.com/images/I/41IB5WEgSXL.jpg,140 mm,Black / White,1200 RPM,82.1 CFM,19 dB,No,22.99
be quiet! Pure Wings 2,https://pcpartpicker.com/product/jgYWGX/be-quiet-pure-wings-2-263-cfm-80mm-fan-bl044,https://cdna.pcpartpicker.com/static/forever/images/product/86d77488d7d02d77ee8c0f07e21c4b5b.256p.jpg,80 mm,Black,750 - 1900 RPM,26.3 CFM,18.2 dB,No,
Scythe Kaze Flex,https://pcpartpicker.com/product/qBpmP6/scythe-kaze-flex-7976-cfm-120-mm-fan-su1225fd12hr-rn,https://cdna.pcpartpicker.com/static/forever/images/product/98847eb094d95be320daf797635e9fe8.256p.jpg,120 mm,Black,1800 RPM,79.76 CFM,35.8 dB,No,
ARCTIC F,https://pcpartpicker.com/product/6sqPxr/arctic-f-53-cfm-120-mm-fan-acfan00203a,https://cdna.pcpartpicker.com/static/forever/images/product/54a593a51545a46537cdbd24fad75231.256p.jpg,120 mm,Black,230 - 1350 RPM,53 CFM,,Yes,
Corsair AF120 SLIM,https://pcpartpicker.com/product/qXgFf7/corsair-af120-slim-563-cfm-120-mm-fan-co-9050145-ww,https://cdna.pcpartpicker.com/static/forever/images/product/4a91c2e79e9fae7f08e6176193dbb8fb.256p.jpg,120 mm,White,600 - 2000 RPM,13.4 - 56.3 CFM,5 - 25.6 dB,Yes,
Gelid Solutions Silent 6,https://pcpartpicker.com/product/ZqdG3C/gelid-solutions-silent-6-16-cfm-60-mm-fan-fn-sx06-32,https://m.media-amazon.com/images/I/41+JASRFAcL.jpg,60 mm,Black / White,3200 RPM,16 CFM,24 dB,No,23.74
Xilence XPF92.R,https://pcpartpicker.com/product/qFV2FT/xilence-xpf92r-2745-cfm-92-mm-fan-xf038,https://cdna.pcpartpicker.com/static/forever/images/product/7211625931051cedd2095305bc0bad9f.256p.jpg,92 mm,Red / Black,1500 RPM,27.45 CFM,17.8 dB,No,
Vantec Stealth,https://pcpartpicker.com/product/VxphP6/vantec-sf9225l-28-cfm-92-mm-fan-sf9225l,https://cdna.pcpartpicker.com/static/forever/images/product/464b3bc3d9b12ee1cab78dfd1e816935.256p.jpg,92 mm,Black,1750 RPM,28 CFM,20 dB,No,6.95
NZXT Air Flow,https://pcpartpicker.com/product/r6Gkcf/nzxt-case-fan-rffz140w1,https://m.media-amazon.com/images/I/4136lUT3tWL.jpg,140 mm,Clear,200 RPM,83.6 CFM,24.5 dB,No,10.00
Apevia CF12S-BK,https://pcpartpicker.com/product/tmw323/apevia-cf12s-bk-5767-cfm-120-mm-fan-cf12s-bk,https://cdna.pcpartpicker.com/static/forever/images/product/9fe61e0de0b9bd3c29e2ff3e0cbf2482.256p.jpg,120 mm,Black,1500 RPM,57.67 CFM,24.7 dB,No,7.99
Noctua B9 redux-1600,https://pcpartpicker.com/product/zfK7YJ/noctua-case-fan-nfb9redux1600,https://m.media-amazon.com/images/I/41VEnCfBy9L.jpg,92 mm,Black / Gray,350 - 1600 RPM,37.85 CFM,17.6 dB,No,22.00
Thermaltake Riing,https://pcpartpicker.com/product/jHNypg/thermaltake-case-fan-clf039pl14gra,https://cdna.pcpartpicker.com/static/forever/images/product/1f830852311e4090855a3f209d7ca9d0.256p.jpg,140 mm,Black / Green,1000 - 1400 RPM,51.15 CFM,22.1 - 28.1 dB,No,17.47
ARCTIC BioniX F140,https://pcpartpicker.com/product/VjfmP6/arctic-bionix-f140-blackred-1040-cfm-140mm-fan-acfan00095a,https://cdna.pcpartpicker.com/static/forever/images/product/04d1868f85945b9c81c9e56206a664d2.256p.jpg,140 mm,Black / Red,1800 RPM,104 CFM,25.3 dB,No,
Silverstone FW,https://pcpartpicker.com/product/fssmP6/silverstone-sst-fw123-rgb-4241-cfm-120-mm-fan-sst-fw123-rgb,https://cdna.pcpartpicker.com/static/forever/images/product/6ed17d0e6f5ec283d1597a52e1323914.256p.jpg,120 mm,Black,500 - 1800 RPM,10.95 - 42.41 CFM,19.25 - 23.54 dB,Yes,25.99
Thermaltake TOUGHFAN Turbo,https://pcpartpicker.com/product/CmgFf7/thermaltake-toughfan-turbo-7269-cfm-120-mm-fan-cl-f121-pl12gm-a,https://cdna.pcpartpicker.com/static/forever/images/product/66581c81a22ffe3b308a7da71e294f5b.256p.jpg,120 mm,Black,500 - 2500 RPM,72.69 CFM,28.1 dB,Yes,18.85
Iceberg Thermal IceGALE Xtra,https://pcpartpicker.com/product/6NWzK8/iceberg-thermal-icegale-xtra-37-cfm-80-mm-fan-icegale08d-b0a,https://cdna.pcpartpicker.com/static/forever/images/product/1efe7884d75547932ecf6234d14c6925.256p.jpg,80 mm,Gray / White,800 - 3000 RPM,37 CFM,0 - 29 dB,Yes,35.97
Gelid Solutions Stella 5-Pack,https://pcpartpicker.com/product/xW9wrH/gelid-solutions-stella-70-cfm-120-mm-fans-5-pack-rf-rgb-mp-02,https://m.media-amazon.com/images/I/41vtkbfXeKL.jpg,120 mm,Black,500 - 1600 RPM,70 CFM,35 dB,Yes,
SeaSonic MAGFLOW ARGB,https://pcpartpicker.com/product/VFhv6h/seasonic-magflow-argb-4947-cfm-120-mm-fan-magflow-argb-1,https://cdna.pcpartpicker.com/static/forever/images/product/1fa861d2058b4269ef0a4a7a2b8ce688.256p.jpg,120 mm,Black,2000 RPM,49.47 CFM,30.115 dB,Yes,26.46
Antec NOVA 120,https://pcpartpicker.com/product/XWXMnQ/antec-nova-120-9532-cfm-120-mm-fan-nova-120-white,https://m.media-amazon.com/images/I/41FHtjHN-bL.jpg,120 mm,White,300 - 3200 RPM,44 - 95.32 CFM,21.5 - 38.7 dB,Yes,20.47
Corsair AF120 Performance,https://pcpartpicker.com/product/HCH323/corsair-air-series-af120-performance-edition-6347-cfm-120-mm-fan-co-9050003-ww,https://cdna.pcpartpicker.com/static/forever/images/product/27886ca1c55f4e5fb4b1f83ccc07a86a.256p.jpg,120 mm,Black,1650 RPM,63.47 CFM,30 dB,No,
Cooler Master Excalibur,https://pcpartpicker.com/product/YPZQzy/cooler-master-excalibur-856-cfm-120-mm-fan-r4-exbb-20pk-r0,https://m.media-amazon.com/images/I/41y73N1LwML.jpg,120 mm,Black,600 - 2000 RPM,26.4 - 85.6 CFM,13 - 30 dB,No,
Cooler Master Blade Master,https://pcpartpicker.com/product/nPZQzy/cooler-master-blade-master-4079-cfm-80-mm-fan-r4-bm8s-30pk-r0,https://m.media-amazon.com/images/I/51Ycs6UadLL.jpg,80 mm,Black,800 - 3000 RPM,10.9 - 40.79 CFM,13 - 28 dB,Yes,
Noctua B9 PWM,https://pcpartpicker.com/product/DD9KHx/noctua-nf-b9-pwm-3785-cfm-92-mm-fan-nf-b9-pwm,https://m.media-amazon.com/images/I/51Zls6s2+9L.jpg,92 mm,Brown,300 - 1600 RPM,30.96 - 37.85 CFM,13.1 - 17.6 dB,No,
Apevia CF12S-UBL,https://pcpartpicker.com/product/94ckcf/apevia-cf12s-ubl-6385-cfm-120-mm-fan-cf12s-ubl,https://cdna.pcpartpicker.com/static/forever/images/product/261d5cf1ed98a2fe0ff04a8d4b39f172.256p.jpg,120 mm,Blue,1700 RPM,63.85 CFM,29.67 dB,No,
Apevia CF4SL-UBL-LED,https://pcpartpicker.com/product/8WFPxr/apevia-case-fan-cf4slublled,https://cdna.pcpartpicker.com/static/forever/images/product/370e9ac7ce01c75c619eaf8ed927bf1e.256p.jpg,80 mm,Blue,2000 RPM,25.64 CFM,22.05 dB,No,
ARCTIC F8,https://pcpartpicker.com/product/3rNp99/arctic-arctic-f8-pwm-31-cfm-80-mm-fan-afaco-080p0-gba01,https://cdna.pcpartpicker.com/static/forever/images/product/dd143255b66918b3378fc15e515085cc.256p.jpg,80 mm,White / Black,850 - 2000 RPM,31 CFM,,Yes,
Xigmatek Crystal,https://pcpartpicker.com/product/FzQypg/xigmatek-case-fan-clff8254,/static/forever/img/no-image.png,80 mm,Clear,2200 RPM,32.6 CFM,25 dB,No,
Silverstone FHP,https://pcpartpicker.com/product/4XDwrH/silverstone-fhp-141-171-cfm-140-mm-fan-fhp-141,https://m.media-amazon.com/images/I/414RdSDyZES.jpg,140 mm,Black,1200 - 2000 RPM,42.8 - 171 CFM,43.5 dB,No,31.29
Silverstone FN,https://pcpartpicker.com/product/GvXfrH/silverstone-fn121-p-5847-cfm-120-mm-fan-fn121-p,https://m.media-amazon.com/images/I/41rupyduYeL.jpg,120 mm,Black,1200 RPM,58.47 CFM,25.15 dB,No,12.65
Xigmatek Crystal,https://pcpartpicker.com/product/qTQypg/xigmatek-case-fan-clff8253,https://images-na.ssl-images-amazon.com/images/I/51uLC85LtXL.jpg,80 mm,Clear,2200 RPM,29.24 CFM,25 dB,No,
Apevia CF12SL-UBL,https://pcpartpicker.com/product/7c8Zxr/apevia-case-fan-cf12slubl,https://m.media-amazon.com/images/I/41PrJDJbaHL.jpg,120 mm,Blue,1500 RPM,57.67 CFM,24.7 dB,No,
Cougar Vortex,https://pcpartpicker.com/product/T4ckcf/cougar-vortex-604-cfm-120-mm-fan-cf-v12h,https://images-eu.ssl-images-amazon.com/images/I/41JUy7rQBDL.jpg,120 mm,Orange,1200 RPM,60.4 CFM,17.7 dB,No,
Cougar Vortex,https://pcpartpicker.com/product/BXDwrH/cougar-vortex-604-cfm-120-mm-fan-cf-v12hb,https://m.media-amazon.com/images/I/41caErAshNL.jpg,120 mm,Black,1200 RPM,60.4 CFM,17.7 dB,No,18.64
Cougar Vortex,https://pcpartpicker.com/product/ZVkD4D/cougar-vortex-pwm-705-cfm-120-mm-fan-cf-v12hp,https://cdna.pcpartpicker.com/static/forever/images/product/f9f94d7ca3e7f729bee84c4af7c54f7b.256p.jpg,120 mm,Orange,800 - 1500 RPM,70.5 CFM,17.9 dB,No,
Zalman F3,https://pcpartpicker.com/product/CHCwrH/zalman-zm-f3-120-mm-fan-zm-f3,https://m.media-amazon.com/images/I/51YQpVbloVL.jpg,120 mm,Black,900 - 1800 RPM,,20 - 34 dB,No,
Delta Electronics AFB1212HHE-F00,https://pcpartpicker.com/product/J7tCmG/delta-electronics-afb1212hhe-f00-12007-cfm-120-mm-fan-afb1212hhe-f00,https://m.media-amazon.com/images/I/41NnqF8gUgL.jpg,120 mm,Black,2900 RPM,120.07 CFM,44 dB,No,
NZXT FN,https://pcpartpicker.com/product/6CH323/nzxt-fn-120rb-4727-cfm-120-mm-fan-fn-120rb,https://m.media-amazon.com/images/I/41dnNUniomL.jpg,120 mm,White,1300 RPM,47.27 CFM,25.35 dB,No,
Cooler Master Megaflow,https://pcpartpicker.com/product/y6JwrH/cooler-master-megaflow-110-cfm-200-mm-fan-r4-lus-07ab-gp,https://cdna.pcpartpicker.com/static/forever/images/product/81ab0d6b044f8e33cc72e13494c3db81.256p.jpg,200 mm,Clear,700 RPM,110 CFM,19 dB,No,
Cooler Master SickleFlow,https://pcpartpicker.com/product/sdZQzy/cooler-master-case-fan-r4l2r20acgp,https://cdna.pcpartpicker.com/static/forever/images/product/fbede783abe2803aa0f3817a2b9f1fc9.256p.jpg,120 mm,Clear,2000 RPM,69 CFM,19 dB,No,
Cooler Master R4-SPS-20AK-GP,https://pcpartpicker.com/product/N8DwrH/cooler-master-r4-sps-20ak-gp-242-cfm-80-mm-fan-r4-sps-20ak-gp,https://m.media-amazon.com/images/I/41zJ7HvE-GL.jpg,80 mm,Black,2000 RPM,24.2 CFM,20 dB,No,
Rosewill RFA-120-K,https://pcpartpicker.com/product/Vtzv6h/rosewill-rfa-120-k-7448-cfm-120-mm-fan-rfa-120-k,https://m.media-amazon.com/images/I/41oVzO0NWBL.jpg,120 mm,Black,2000 RPM,74.48 CFM,29.28 dB,No,
Gelid Solutions Silent 7,https://pcpartpicker.com/product/VN8Zxr/gelid-solutions-case-fan-fnsx0722,https://m.media-amazon.com/images/I/41tb5NpgmTS.jpg,70 mm,Black,2200 RPM,19.8 CFM,21.8 dB,No,
Apevia CF12SL-SBL,https://pcpartpicker.com/product/h4xfrH/apevia-case-fan-cf12slsbl,https://m.media-amazon.com/images/I/41Egc63ME-L.jpg,120 mm,Blue,1500 RPM,50.28 CFM,21.1 dB,No,
Apevia CF12SL-SGN,https://pcpartpicker.com/product/XT2kcf/apevia-case-fan-cf12slsgn,https://m.media-amazon.com/images/I/41mScRLPxBL.jpg,120 mm,Green,1500 RPM,50.28 CFM,21.1 dB,No,
BitFenix Spectre Pro,https://pcpartpicker.com/product/HfXfrH/bitfenix-case-fan-bffspro14025wwrp,https://m.media-amazon.com/images/I/41kHOIp8HaL.jpg,140 mm,White,1200 RPM,86.73 CFM,22.8 dB,No,
BitFenix Spectre Pro,https://pcpartpicker.com/product/YKfp99/bitfenix-case-fan-bffsprop14025kkrp,https://cdna.pcpartpicker.com/static/forever/images/product/fd07d286fa000aaf70cc3ed4ae701006.med.256p.jpg,140 mm,Black,500 - 1800 RPM,122.2 CFM,29.2 dB,Yes,
NoiseBlocker ELoop B,https://pcpartpicker.com/product/zvphP6/noiseblocker-case-fan-itrb12ps,https://cdna.pcpartpicker.com/static/forever/images/product/fa5268b066a0a40210dca90d20a1bddf.med.256p.jpg,120 mm,Black / White,400 - 1500 RPM,58.1 CFM,21.2 dB,Yes,35.54
Evercool F-EC12038HH12BP,https://pcpartpicker.com/product/cJ6BD3/evercool-case-fan-fec12038hh12bp,https://cdna.pcpartpicker.com/static/forever/images/product/1f9552529d52db57f7c805622638875b.256p.jpg,120 mm,Black,800 - 2200 RPM,,17.2 - 39 dB,Yes,
Corsair AF120,https://pcpartpicker.com/product/ZFzv6h/corsair-case-fan-co9050015rled,https://m.media-amazon.com/images/I/313MxXJyv+L.jpg,120 mm,Black,1500 RPM,52.19 CFM,25.2 dB,No,
Corsair AF120,https://pcpartpicker.com/product/TPjG3C/corsair-case-fan-co9050015wled,https://m.media-amazon.com/images/I/51mVaslzOyL.jpg,120 mm,Black,1500 RPM,52.19 CFM,25.2 dB,No,
Corsair AF120,https://pcpartpicker.com/product/ndsKHx/corsair-case-fan-co9050016pled,https://cdna.pcpartpicker.com/static/forever/images/product/12b8fb9bf82d326749475e6fd27afbac.256p.jpg,120 mm,Purple,1500 RPM,52.19 CFM,25.2 dB,No,
Corsair AF140,https://pcpartpicker.com/product/44yFf7/corsair-case-fan-co9050017pled,https://m.media-amazon.com/images/I/513RuKNvfxL.jpg,140 mm,Black,1200 RPM,66.4 CFM,25.5 dB,No,
Antec TRICOOL,https://pcpartpicker.com/product/zwNp99/antec-case-fan-tricool120mm,https://cdna.pcpartpicker.com/static/forever/images/product/aec667bf291490ee0859b73ae69801ba.256p.jpg,120 mm,Transparent,2000 RPM,79 CFM,30 dB,No,
Enermax T.B. Vegas Single,https://pcpartpicker.com/product/Pd3RsY/enermax-case-fan-uctvs12pw,/static/forever/img/no-image.png,120 mm,White,500 - 1800 RPM,20.42 - 75.98 CFM,14 - 25 dB,Yes,
be quiet! Pure Wings 2,https://pcpartpicker.com/product/fkCwrH/be-quiet-case-fan-bl046,https://cdna.pcpartpicker.com/static/forever/images/product/841cabc24a20d3669f5607aa2dc3e84e.256p.jpg,120 mm,Black,1500 RPM,51.4 CFM,19.2 dB,No,
Aerocool DS,https://pcpartpicker.com/product/zLvRsY/aerocool-case-fan-ds140mmred,https://m.media-amazon.com/images/I/51SLdaGGPsL.jpg,140 mm,Black / Red,1100 - 1500 RPM,71.2 - 93.4 CFM,15.5 - 23.4 dB,No,
CRYORIG XT140,https://pcpartpicker.com/product/7YphP6/cryorig-case-fan-crxta,https://cdna.pcpartpicker.com/static/forever/images/product/fb5e260e6696ef1cd5d645492463d1a2.256p.jpg,140 mm,Black,700 - 1300 RPM,65 CFM,24 dB,Yes,
Rosewill RFTL-131209B,https://pcpartpicker.com/product/b63RsY/rosewill-case-fan-rftl131209b,https://m.media-amazon.com/images/I/51J1zv9VPcL.jpg,120 mm,Clear,2000 RPM,59.8 CFM,36 dB,No,
LEPA LP-BOL12R,https://pcpartpicker.com/product/fyDwrH/lepa-case-fan-lpbol12r,https://m.media-amazon.com/images/I/51P1TUvRvoL.jpg,120 mm,Black,1600 RPM,81.45 CFM,18 dB,No,
Corsair SP120,https://pcpartpicker.com/product/HJFPxr/corsair-case-fan-co9050020ww,https://m.media-amazon.com/images/I/51SBZSAmkVL.jpg,120 mm,Black / White,1650 RPM,57.24 CFM,26.4 dB,No,
Corsair SP140 2-Pack,https://pcpartpicker.com/product/Vb4gXL/corsair-case-fan-co9050035ww,https://cdna.pcpartpicker.com/static/forever/images/product/6c8a10108b154df7ab5ec36df1547654.256p.jpg,140 mm,Black / White,1440 RPM,49.49 CFM,29.3 dB,No,
Thermaltake Pure,https://pcpartpicker.com/product/vFfmP6/thermaltake-case-fan-clf027pl14rea,https://m.media-amazon.com/images/I/41Jm8-Z9f5L.jpg,140 mm,Clear,1000 RPM,67.02 CFM,20 dB,No,
Silverstone FQ,https://pcpartpicker.com/product/c4DzK8/silverstone-case-fan-fq91,https://m.media-amazon.com/images/I/51wYPEXOZnL.jpg,92 mm,White / Blue,1000 - 2500 RPM,19.8 - 44.2 CFM,15.3 - 24.8 dB,Yes,18.98
Thermaltake Riing,https://pcpartpicker.com/product/BLDzK8/thermaltake-case-fan-clf039pl14bua,https://cdna.pcpartpicker.com/static/forever/images/product/03fff3c96d42c32f03c01b54e8214fc7.256p.jpg,140 mm,Black / Blue,1000 - 1400 RPM,51.15 CFM,22.1 - 28.1 dB,No,
Thermaltake Luna Slim,https://pcpartpicker.com/product/jJVBD3/thermaltake-case-fan-clf036pl14wta,https://m.media-amazon.com/images/I/41Y+q39oKWL.jpg,140 mm,Black / White,1200 RPM,38.59 CFM,24 dB,No,
Thermaltake Riing,https://pcpartpicker.com/product/69Gj4D/thermaltake-riing-12-rgb-406-cfm-120-mm-fan-cl-f042-pl12sw-a,https://cdna.pcpartpicker.com/static/forever/images/product/bfdcaa78b092e8017735c645099e1d6e.256p.jpg,120 mm,Black,1000 - 1500 RPM,40.6 CFM,26.4 dB,Yes,
Deepcool TF 120,https://pcpartpicker.com/product/cJfmP6/deepcool-case-fan-tf120white,https://cdna.pcpartpicker.com/static/forever/images/product/8ea47e41cddfece7a78c9ae8f813aee1.256p.jpg,120 mm,Black / White,500 - 1800 RPM,58.39 - 76.52 CFM,17.6 - 31.8 dB,Yes,
ARCTIC F Silent,https://pcpartpicker.com/product/wRTrxr/arctic-cooling-case-fan-f9silent,https://cdna.pcpartpicker.com/static/forever/images/product/5adbdf50844cb839e6b87eb9486f06be.256p.jpg,92 mm,White / Black,1000 RPM,21.2 CFM,,No,
Corsair ML120 Pro,https://pcpartpicker.com/product/MpBrxr/corsair-co-9050042-ww-750-cfm-120mm-fan-co-9050042-ww,https://m.media-amazon.com/images/I/51t4apRlFUL.jpg,120 mm,Black / Red,400 - 2400 RPM,12 - 75 CFM,16 - 37 dB,Yes,
Apevia S 3-Pack,https://pcpartpicker.com/product/D898TW/apevia-af312l-sog-503-cfm-120mm-fans-af312l-sog,https://m.media-amazon.com/images/I/41mB3qbHXUL.jpg,120 mm,Black / Orange,1500 RPM,50.28 CFM,21.1 dB,No,
NZXT Aer RGB,https://pcpartpicker.com/product/w7RFf7/nzxt-aer-rgb120-614-cfm-120-mm-fan-rf-ar120-b1,https://cdna.pcpartpicker.com/static/forever/images/product/7dcb82df69ebeb7fec9595e3e12bb1c5.256p.jpg,120 mm,Black,500 - 1500 RPM,20 - 61.4 CFM,22 - 31 dB,Yes,
NZXT Aer RGB 3-Pack,https://pcpartpicker.com/product/c4M323/nzxt-aer-rgb140-716-cfm-140-mm-fans-3-pack-rf-ar140-t1,https://cdna.pcpartpicker.com/static/forever/images/product/7dcb82df69ebeb7fec9595e3e12bb1c5.256p.jpg,140 mm,Black,500 - 1500 RPM,23.9 - 71.6 CFM,22 - 33 dB,Yes,
Cooler Master MasterFan Pro Air Pressure,https://pcpartpicker.com/product/K6yxFT/cooler-master-masterfan-pro-140-air-pressure-822-cfm-140mm-fan-mfy-p4nn-15nmk-r1,https://m.media-amazon.com/images/I/51V2D4CP71L.jpg,140 mm,Black,650 - 2800 RPM,46.2 - 82.2 CFM,6 - 36 dB,Yes,
Nanoxia Deep Silence,https://pcpartpicker.com/product/DwZ2FT/nanoxia-deep-silence-120-601-cfm-120mm-fan-nds-120-1300,https://images-na.ssl-images-amazon.com/images/I/51aaTahQDGL.jpg,120 mm,Black / Green,900 - 1300 RPM,26.5 - 60.1 CFM,8.6 - 14.2 dB,No,
Corsair HD140,https://pcpartpicker.com/product/7fL7YJ/corsair-hd140-rgb-74-cfm-140-mm-fan-co-9050068-ww,https://cdna.pcpartpicker.com/static/forever/images/product/8a3bbc292b29a4af6332a6469335b9bf.256p.jpg,140 mm,Black / White,600 - 1350 RPM,74 CFM,18 - 28.6 dB,Yes,
Corsair HD140 2-Pack,https://pcpartpicker.com/product/VhX2FT/corsair-hd140-rgb-74-cfm-140-mm-fans-2-pack-co-9050069-ww,https://cdna.pcpartpicker.com/static/forever/images/product/4545e792ef747c7497ec13360fc9445f.256p.jpg,140 mm,Black / White,600 - 1350 RPM,74 CFM,18 - 28.6 dB,Yes,
Cooler Master MasterFan Pro Air Flow,https://pcpartpicker.com/product/8cwqqs/cooler-master-masterfan-pro-120-air-flow-rgb-488-cfm-120-mm-fan-mfy-f2dn-11npc-r1,https://cdna.pcpartpicker.com/static/forever/images/product/c95dac1c2369dfafca6ceba257995219.256p.jpg,120 mm,Black,650 - 1100 RPM,48.8 CFM,6 - 20 dB,Yes,
Cooler Master MasterFan Pro Air Pressure,https://pcpartpicker.com/product/xvrcCJ/cooler-master-masterfan-pro-120-air-pressure-rgb-35-cfm-120-mm-fan-mfy-p2dn-15npc-r1,https://cdna.pcpartpicker.com/static/forever/images/product/2d71642f649b87c79692c3d08f52edba.256p.jpg,120 mm,Black,650 - 1500 RPM,35 CFM,6 - 20 dB,Yes,
Cooler Master MasterFan Pro Air Pressure,https://pcpartpicker.com/product/r8Gj4D/cooler-master-masterfan-pro-140-air-pressure-rgb-462-cfm-140-mm-fan-mfy-p4dn-15npc-r1,https://cdna.pcpartpicker.com/static/forever/images/product/2d71642f649b87c79692c3d08f52edba.256p.jpg,140 mm,Black,650 - 1550 RPM,46.2 CFM,6 - 20 dB,Yes,
NZXT Aer F,https://pcpartpicker.com/product/yFzZxr/nzxt-aer-f140-twin-pack-1034-cfm-140mm-fan-rf-af140-d1,https://cdna.pcpartpicker.com/static/forever/images/product/65b6e73687b1b6351c0e77fd444505ed.256p.jpg,140 mm,Black,500 - 1500 RPM,34.48 - 103.43 CFM,21 - 35 dB,Yes,
be quiet! Pure Wings 2,https://pcpartpicker.com/product/zj8H99/be-quiet-pure-wings-2-92-331-cfm-92mm-fan-bl045,https://cdna.pcpartpicker.com/static/forever/images/product/efd92951e5f4bc18fc05d8bbfa58061d.256p.jpg,92 mm,Black,900 - 1900 RPM,33.15 CFM,18.6 dB,No,
EVGA 400-HY-FX12-KR,https://pcpartpicker.com/product/zk66Mp/evga-400-hy-fx12-kr-748-cfm-120mm-fan-400-hy-fx12-kr,https://images-eu.ssl-images-amazon.com/images/I/51KffQ8upHL.jpg,120 mm,Black,500 - 2400 RPM,74.81 CFM,16 - 39.9 dB,Yes,
Deepcool RF 2-Pack,https://pcpartpicker.com/product/PkfhP6/deepcool-rf-140-6413-cfm-140-mm-fans-2-pack-dp-frgb-rf140-2c,https://cdna.pcpartpicker.com/static/forever/images/product/7706688b01e56ece8266f0ca03c63483.256p.jpg,140 mm,Black,500 - 1200 RPM,64.13 CFM,19.8 - 24 dB,Yes,
Enermax T.B. RGB 6-Pack,https://pcpartpicker.com/product/3HRzK8/enermax-tb-rgb-4753-cfm-120-mm-fans-6-pack-uctbrgb12-bp6,https://cdna.pcpartpicker.com/static/forever/images/product/fb5ed329b12239c985e406e01b257145.256p.jpg,120 mm,Black,500 - 1500 RPM,47.53 CFM,22 dB,Yes,
ARCTIC F9 PST 5-Pack,https://pcpartpicker.com/product/Dh7v6h/arctic-f9-pwm-pst-43-cfm-92-mm-fans-acfan00071a,https://cdna.pcpartpicker.com/static/forever/images/product/50f4b0123f77c1d5867af0e5ac0620e4.256p.jpg,92 mm,Black / White,550 - 1800 RPM,43 CFM,,Yes,
Rosewill RGBF-17003,https://pcpartpicker.com/product/dpVD4D/rosewill-rgbf-17003-419-cfm-120-mm-fan-rgbf-17003,https://cdna.pcpartpicker.com/static/forever/images/product/ee906605712b4203e0a64bcb6e726341.256p.jpg,120 mm,Clear,1200 RPM,41.9 CFM,23.2 dB,No,
ARCTIC F12 PST,https://pcpartpicker.com/product/Kpprxr/arctic-f12-pwm-pst-530-cfm-120mm-fan-afaco-120p0-gba01,https://cdna.pcpartpicker.com/static/forever/images/product/5d33820b996b2e6a277060122e7f6fd1.256p.jpg,120 mm,Black / White,1350 RPM,53 CFM,,Yes,
Fractal Design Dynamic X2 GP,https://pcpartpicker.com/product/hDNv6h/fractal-design-dynamic-x2-gp-876-cfm-120-mm-fan-fd-fan-dyn-x2-gp12-pwm-wt,https://m.media-amazon.com/images/I/41gSDKzEauL.jpg,120 mm,Black / White,500 - 2000 RPM,87.6 CFM,32.2 dB,Yes,
ARCTIC F14 PST,https://pcpartpicker.com/product/bkZFf7/arctic-f14-pwm-pst-74-cfm-140mm-fan-acfan00079a,https://cdna.pcpartpicker.com/static/forever/images/product/72c23077c0a973157d735ba440f6b889.256p.jpg,140 mm,Black / White,1350 RPM,74 CFM,,Yes,
Corsair AF140 (2018) 2-Pack,https://pcpartpicker.com/product/ZPprxr/corsair-af140-led-2018-white-62-cfm-140-mm-fans-co-9050088-ww,https://cdna.pcpartpicker.com/static/forever/images/product/0e7b13a010f22a62d091dffcce1c83f9.256p.jpg,140 mm,Black / White,1150 RPM,62 CFM,26 dB,No,
Fractal Design Prisma AL 3-Pack,https://pcpartpicker.com/product/hbqhP6/fractal-design-prisma-al-10385-cfm-140-mm-fans-3-pack-fd-fan-pri-al14-pwm-3p,https://cdna.pcpartpicker.com/static/forever/images/product/fe4c1b8a1a3a4a205ecf97006fee7218.256p.jpg,140 mm,Black / White,500 - 1700 RPM,31.67 - 103.85 CFM,15.1 - 34.1 dB,Yes,
Fractal Design Prisma AL,https://pcpartpicker.com/product/3ZndnQ/fractal-design-prisma-al-10385-cfm-140-mm-fan-fd-fan-pri-al14-pwm,https://cdna.pcpartpicker.com/static/forever/images/product/7ef737b942d317802b73ff01923a2b30.256p.jpg,140 mm,White / Black,500 - 1700 RPM,31.67 - 103.85 CFM,15.1 - 34.1 dB,Yes,
Corsair iCUE SP140 RGB Pro 2-Pack,https://pcpartpicker.com/product/kZ848d/corsair-icue-sp140-rgb-pro-62-cfm-140-mm-fans-2-pack-co-9050096-ww,https://cdna.pcpartpicker.com/static/forever/images/product/23c453f406d4201d17a714162016cd0e.256p.jpg,140 mm,Black,1150 RPM,62 CFM,26 dB,No,
Alpenföhn Wing Boost 3 ARGB,https://pcpartpicker.com/product/G2848d/alpenfohn-wing-boost-3-120-high-speed-779-cfm-120-mm-fan-84000000166,https://cdna.pcpartpicker.com/static/forever/images/product/b514fa1e8b4c8205d47ca3450c66f154.256p.jpg,120 mm,White,700 - 2200 RPM,77.9 CFM,36.8 dB,Yes,
Apevia 412L-RGB Spectra 4-Pack,https://pcpartpicker.com/product/BdVD4D/apevia-412l-rgb-spectra-5767-cfm-120-mm-fans-4-pack-412l-rgb,https://cdna.pcpartpicker.com/static/forever/images/product/a97441d70bbfb2d09e299ce4a2a835bc.256p.jpg,120 mm,Black,1350 RPM,57.67 CFM,24.7 dB,No,
ARCTIC BioniX P120,https://pcpartpicker.com/product/v7TzK8/arctic-bionix-p120-6756-cfm-120-mm-fan-acfan00114a,https://cdna.pcpartpicker.com/static/forever/images/product/191c99b9bb3c7d3d42584756449e8426.256p.jpg,120 mm,Green / Black,200 - 2100 RPM,67.56 CFM,,Yes,
Fractal Design Dynamic X2,https://pcpartpicker.com/product/RsfhP6/fractal-design-fd-fan-dyn-x2-gp14-pwm-wt-1059-cfm-140-mm-fan-fd-fan-dyn-x2-gp14-pwm-wt,https://cdna.pcpartpicker.com/static/forever/images/product/4743518c8c4b33ab93011fdedec9828f.256p.jpg,140 mm,White / Black,500 - 1700 RPM,47.9 - 105.9 CFM,33.7 dB,Yes,
Cougar VORTEX SPB 3-Pack,https://pcpartpicker.com/product/w2RgXL/cougar-vortex-rgb-spb-4354-cfm-120-mm-fans-3-pack-vortex-spb-kit,https://cdna.pcpartpicker.com/static/forever/images/product/74b9655d505734e4149a7f6a583be831.256p.jpg,120 mm,Black,600 - 1500 RPM,43.54 CFM,26 dB,Yes,
upHere B12CM4 3-Pack,https://pcpartpicker.com/product/jXVG3C/uphere-b12cm4-509-cfm-120-mm-fans-b12cm4-3,https://m.media-amazon.com/images/I/51aDumTDN1L.jpg,120 mm,Blue,600 - 1800 RPM,18.1 - 50.9 CFM,15.9 - 34.4 dB,Yes,
MagniumGear Skiron,https://pcpartpicker.com/product/7HQfrH/metallic-gear-skiron-140-85-cfm-140-mm-fan-mg-f140p_bbk,https://m.media-amazon.com/images/I/51h9-FVhaFL.jpg,140 mm,Black,1500 RPM,85 CFM,29 dB,Yes,
SilentiumPC Mistral 140,https://pcpartpicker.com/product/9nK2FT/silentiumpc-mistral-140-61-cfm-140-mm-fan-spc046,https://cdna.pcpartpicker.com/static/forever/images/product/ab9b9a3c3a3685f4f589ad54424d86fc.256p.jpg,140 mm,Black,1000 RPM,61 CFM,,No,
NoiseBlocker NB-ELOOP X ARGB,https://pcpartpicker.com/product/6Ddrxr/noiseblocker-nb-eloop-x-argb-7793-cfm-120-mm-fan-itr-b12x-p,https://cdna.pcpartpicker.com/static/forever/images/product/8d141226c1eb16054974dfea0a228fce.256p.jpg,120 mm,White,,0 - 77.93 CFM,0 - 28.4 dB,Yes,44.62
GAMDIAS AEOLus M1,https://pcpartpicker.com/product/Q47p99/gamdias-aeolus-m1-452-cfm-120-mm-fan-aeolus-m1-1201,https://m.media-amazon.com/images/I/51CXYu9nFKL.jpg,120 mm,Black,1500 RPM,45.2 CFM,31 dB,No,
Phanteks FSK,https://pcpartpicker.com/product/xPTzK8/phanteks-fsk-845-cfm-140-mm-fan-ph-f140sk_drgb_pwm,https://cdna.pcpartpicker.com/static/forever/images/product/17157a6de97cab2f86f8d2098b95a8c4.256p.jpg,140 mm,Black / White,500 - 1500 RPM,,,Yes,
Xigmatek Galaxy II Elite 3-Pack,https://pcpartpicker.com/product/tw9tt6/xigmatek-galaxy-ii-elite-4658-cfm-120-mm-fans-3-pack-en42098,https://m.media-amazon.com/images/I/41-36EddfEL.jpg,120 mm,Black / White,600 - 1500 RPM,,,No,
Zalman SF120,https://pcpartpicker.com/product/fXH7YJ/zalman-sf120-54-cfm-120-mm-fan-zm-sf120,https://cdna.pcpartpicker.com/static/forever/images/product/06c384f883ba4719a1eccb5b0543fe45.256p.jpg,120 mm,Silver / Black,800 - 1500 RPM,54 CFM,28 dB,Yes,
Iceberg Thermal IceGALE,https://pcpartpicker.com/product/88XJ7P/iceberg-thermal-icegale-76-cfm-120-mm-fan-icegale12-a0a,https://cdna.pcpartpicker.com/static/forever/images/product/7c504f4a4cfa063aab0e655baa007300.256p.jpg,120 mm,Teal / White,500 - 1850 RPM,76 CFM,0 - 35 dB,Yes,
Iceberg Thermal IceGALE Xtra,https://pcpartpicker.com/product/TZrRsY/iceberg-thermal-icegale-xtra-127-cfm-120-mm-fan-icegale12d-c0a,https://cdna.pcpartpicker.com/static/forever/images/product/35f7ba06f828b67563e89568e7b33f63.256p.jpg,120 mm,Black / White,500 - 3000 RPM,127 CFM,0 - 44 dB,Yes,
GAMDIAS AEOLUS M2 5-Pack,https://pcpartpicker.com/product/WCt9TW/gamdias-aeolus-m2-1205r-56-cfm-120-mm-fans-5-pack-aeolus-m2-1205r,https://m.media-amazon.com/images/I/41ggGSii5PL.jpg,120 mm,Black,700 - 1500 RPM,56 CFM,,Yes,
ADATA Vento 3-Pack,https://pcpartpicker.com/product/yz4Ycf/adata-vento-453-cfm-120-mm-fans-3-pack-vento120argb-bkcww-qty3,https://cdna.pcpartpicker.com/static/forever/images/product/4b8efd6930954a10f4ece721e13840b6.256p.jpg,120 mm,Black / White,1200 RPM,45.3 CFM,23 dB,No,
NZXT AER RGB 2 3-Pack,https://pcpartpicker.com/product/FRRYcf/nzxt-aer-rgb-2-5244-cfm-120-mm-fans-3-pack-hf-2812c-tb,https://cdna.pcpartpicker.com/static/forever/images/product/fe613f71e003b978048732d4bd202320.256p.jpg,120 mm,Black,500 - 1500 RPM,17.48 - 52.44 CFM,22 - 33 dB,Yes,
ID-COOLING NO-12015-XT ARGB,https://pcpartpicker.com/product/bgGbt6/id-cooling-no-12015-xt-argb-546-cfm-120-mm-fan-no-12015-xt-argb,https://cdna.pcpartpicker.com/static/forever/images/product/af112ef36f96edec0d207758b6531324.256p.jpg,120 mm,Gray / Black,500 - 2000 RPM,54.6 CFM,13.8 - 31.2 dB,Yes,10.49
ID-COOLING XF-12025-ARGB (Single),https://pcpartpicker.com/product/7jddnQ/id-cooling-xf-12025-argb-single-62-cfm-120-mm-fan-xf-12025-argb-single,https://cdna.pcpartpicker.com/static/forever/images/product/0e3bf4d09f5069fcd48baa3abfdb5664.256p.jpg,120 mm,Black / White,700 - 1500 RPM,62 CFM,18 - 26.4 dB,Yes,
ID-COOLING FL-12025K,https://pcpartpicker.com/product/4TQcCJ/id-cooling-fl-12025k-45-cfm-120-mm-fan-fl-12025k,https://cdna.pcpartpicker.com/static/forever/images/product/a94feb71e5ac65a9381afb64e055db21.256p.jpg,120 mm,Black,1250 RPM,45 CFM,21 dB,No,
Corsair ML140 LED ELITE Red Premium,https://pcpartpicker.com/product/FMkWGX/corsair-ml140-led-elite-red-premium-829-cfm-140-mm-fan-co-9050123-ww,https://cdna.pcpartpicker.com/static/forever/images/product/b3d6ecbf120bd71c22f4bbc62ffc0412.256p.jpg,140 mm,Black,400 - 1600 RPM,15 - 82.9 CFM,10 - 31.8 dB,Yes,
Thermaltake TOUGHFAN,https://pcpartpicker.com/product/xZ7G3C/thermaltake-toughfan-1191-cfm-140-mm-fan-cl-f118-pl14wt-a,https://cdna.pcpartpicker.com/static/forever/images/product/bb93def3540cc934bd60b415fd49ba4d.256p.jpg,140 mm,White,500 - 2000 RPM,119.1 CFM,25.2 - 33.2 dB,Yes,
ARCTIC F9 PWM,https://pcpartpicker.com/product/WbmmP6/arctic-f9-pwm-43-cfm-92-mm-fan-acfan00213a,https://m.media-amazon.com/images/I/51+rxm14RcL.jpg,92 mm,Black,150 - 1800 RPM,,,Yes,
Antec Fusion 120 ARGB,https://pcpartpicker.com/product/hyJgXL/antec-fusion-120-argb-5793-cfm-120-mm-fan-0-761345-57009-1,https://cdna.pcpartpicker.com/static/forever/images/product/d87993fa7015a2f6fe00359113b5e860.256p.jpg,120 mm,Black,600 - 2000 RPM,57.93 CFM,17.02 - 31.24 dB,Yes,
ARCTIC F8 PWM PST 5-Pack,https://pcpartpicker.com/product/bhLFf7/arctic-f8-pwm-pst-31-cfm-80-mm-fans-5-pack-acfan00261a,https://m.media-amazon.com/images/I/41wNAGq6JSL.jpg,80 mm,Black,300 - 2000 RPM,31 CFM,,Yes,
Gelid Solutions LYRA,https://pcpartpicker.com/product/ZrxxFT/gelid-solutions-lyra-70-cfm-140-mm-fan-fn-lyra-01,/static/forever/img/no-image.png,140 mm,Black,750 - 1600 RPM,70 CFM,35 dB,Yes,
Thermaltake SWAFAN GT12,https://pcpartpicker.com/product/QGbRsY/thermaltake-swafan-gt12-5817-cfm-120-mm-fan-cl-f155-pl12bl-a,https://m.media-amazon.com/images/I/31C0ZeOpkNL.jpg,120 mm,Black,500 - 2000 RPM,54.71 - 58.17 CFM,26.5 - 29.8 dB,Yes,29.99
Thermalright TL-B9,https://pcpartpicker.com/product/74ZXsY/thermalright-tl-b9-54-cfm-92-mm-fan-tl-b9,https://m.media-amazon.com/images/I/41bMjJRgxpL.jpg,92 mm,Gray,2500 RPM,54 CFM,23 dB,Yes,
Thermalright TL-S12-S,https://pcpartpicker.com/product/Yjqrxr/thermalright-tl-s12-s-476-cfm-120-mm-fan-tl-s12-s,/static/forever/img/no-image.png,120 mm,Black,1500 RPM,47.6 CFM,23 - 23.2 dB,Yes,
Thermalright TL-B Extrem LCP,https://pcpartpicker.com/product/6FMMnQ/thermalright-tl-b-extrem-lcp-69-cfm-120-mm-fan-tl-b12-extrem-lcp,/static/forever/img/no-image.png,120 mm,Black,2150 RPM,69 CFM,28.1 dB,Yes,
Iceberg Thermal IceGALE Xtra 3-Pack,https://pcpartpicker.com/product/2yBzK8/iceberg-thermal-icegale-xtra-127-cfm-120-mm-fans-3-pack-icegale12x-c3a,https://cdna.pcpartpicker.com/static/forever/images/product/0e4b0be3efb788818dc2f433626fb344.256p.jpg,120 mm,Black,500 - 3000 RPM,127 CFM,0 - 44 dB,Yes,
ADATA XPG HURRICANE,https://pcpartpicker.com/product/svfxFT/adata-xpg-hurricane-615-cfm-120-mm-fan-75261025,https://cdna.pcpartpicker.com/static/forever/images/product/cccde97b07ec4b6f53cb0276e9a72323.256p.jpg,120 mm,Black / White,600 - 2000 RPM,61.5 CFM,18.17 dB,Yes,
Apevia Cosmos 3-Pack,https://pcpartpicker.com/product/QKRgXL/apevia-cosmos-5767-cfm-120-mm-fans-3-pack-co312l-og,https://m.media-amazon.com/images/I/41xuiliFghL.jpg,120 mm,Orange / Black,1350 RPM,57.67 CFM,24.7 dB,No,
Apevia Lunar Pro 6-Pack,https://pcpartpicker.com/product/7P7G3C/apevia-lunar-pro-596-cfm-140-mm-fans-6-pack-lp614l2s-rgb,https://m.media-amazon.com/images/I/41R-Eq0pneS.jpg,140 mm,White / Black,1200 RPM,59.6 CFM,29.4 dB,No,
Apevia Twilight 4-Pack,https://pcpartpicker.com/product/Q6CFf7/apevia-twilight-5767-cfm-120-mm-fans-4-pack-tl412l-rgb,/static/forever/img/no-image.png,120 mm,White / Black,1350 RPM,57.67 CFM,24.7 dB,No,
Phanteks PH-F120MP V2,https://pcpartpicker.com/product/W3VG3C/phanteks-ph-f120mp-v2-605-cfm-120-mm-fan-ph-f120mp_bbk02,https://cdna.pcpartpicker.com/static/forever/images/product/462f0d0fbe835dd0a8633a323b89fb45.256p.jpg,120 mm,Black,500 - 2200 RPM,60.5 CFM,34.2 dB,Yes,
In Win Neptune DN140,https://pcpartpicker.com/product/kjkH99/in-win-neptune-dn140-8889-cfm-140-mm-fan-iw-fn-dn140-1pk,https://m.media-amazon.com/images/I/419wBcCPaaL.jpg,140 mm,Black,900 - 1800 RPM,41.67 - 88.89 CFM,24.5 dB,Yes,28.47
ID-COOLING TF-12025-PRO-ARGB REVERSE,https://pcpartpicker.com/product/jxKscf/id-cooling-tf-12025-pro-argb-reverse-825-cfm-120-mm-fan-tf-12025-pro-argb-reverse-white,https://cdna.pcpartpicker.com/static/forever/images/product/339c860a4a9a59c3ce7466793f42cd55.256p.jpg,120 mm,,500 - 1800 RPM,82.5 CFM,35.2 dB,Yes,
ID-COOLING TF-12025-PRO-ARGB 3-Pack,https://pcpartpicker.com/product/ktYRsY/id-cooling-tf-12025-pro-argb-825-cfm-120-mm-fans-3-pack-tf-12025-pro-argb-trio,https://cdna.pcpartpicker.com/static/forever/images/product/4e4d98cad40cdfcbf6130f4d07e21710.256p.jpg,120 mm,Black / White,500 - 1800 RPM,82.5 CFM,35.2 dB,Yes,
YEYIAN Typhoon 3-Pack,https://pcpartpicker.com/product/trQKHx/yeyian-typhoon-385-cfm-120-mm-fans-3-pack-ycf-3rgb-01,https://cdna.pcpartpicker.com/static/forever/images/product/0ffc4adfa3d26b0235f126a89f78fae5.256p.jpg,120 mm,Black,1200 RPM,38.5 CFM,23 dB,Yes,
Xilence XPF40.W,https://pcpartpicker.com/product/HyMMnQ/xilence-xpf40w-1173-cfm-40-mm-fan-xf031,https://cdna.pcpartpicker.com/static/forever/images/product/766cb73bb75d83dcdbea27943e91a220.256p.jpg,40 mm,Black,4500 RPM,6.9 - 11.73 CFM,19 dB,No,
Xilence XPF80.W,https://pcpartpicker.com/product/tG88TW/xilence-xpf80w-218-cfm-80-mm-fan-xf034,https://cdna.pcpartpicker.com/static/forever/images/product/c1e7d7508fae9574ba1c07be50a174be.256p.jpg,80 mm,Black,1800 RPM,21.8 CFM,20 dB,No,
Xilence XPF92.R.PWM,https://pcpartpicker.com/product/FVNYcf/xilence-xpf92rpwm-321-cfm-92-mm-fan-xf041,https://cdna.pcpartpicker.com/static/forever/images/product/7211625931051cedd2095305bc0bad9f.256p.jpg,92 mm,Red / Black,900 - 1800 RPM,32.1 CFM,22 dB,Yes,
Thermaltake CT140 EX Reverse ARGB Sync 3-Pack,https://pcpartpicker.com/product/hz26Mp/thermaltake-ct140-ex-reverse-argb-sync-9495-cfm-140-mm-fans-3-pack-cl-f199-pl14mg-a,https://cdna.pcpartpicker.com/static/forever/images/product/9823d79ee6402dbf92d28946ca89e513.256p.jpg,140 mm,Green,500 - 1800 RPM,94.95 CFM,32.8 dB,Yes,
Vetroo SA-140,https://pcpartpicker.com/product/wq3WGX/vetroo-sa-140-6929-cfm-140-mm-fan-vt-fan-argb140-pk,/static/forever/img/no-image.png,140 mm,Pink,1200 RPM,69.29 CFM,33.5 dB,Yes,
Antec Prizm 2-Pack,https://pcpartpicker.com/product/6Bh2FT/antec-prizm-6503-cfm-140-mm-fans-2-pack-0-761345-77513-7,https://m.media-amazon.com/images/I/51D4+xyaV3L.jpg,140 mm,Black,1700 RPM,65.03 CFM,32 dB,Yes,
PREYON Falcon Eye 3-Pack,https://pcpartpicker.com/product/B9y8TW/preyon-falcon-eye-54-cfm-120-mm-fans-3-pack-pfe1203b,https://m.media-amazon.com/images/I/41EpCW-y-dL.jpg,120 mm,Black,800 - 1800 RPM,54 CFM,,Yes,
Thermalright TL-Q12,https://pcpartpicker.com/product/9QNscf/thermalright-tl-q12-689-cfm-120-mm-fan-tl-q12,/static/forever/img/no-image.png,120 mm,Black,2000 RPM,68.9 CFM,28.2 dB,Yes,
Jonsbo ZA-140B,https://pcpartpicker.com/product/zLXMnQ/jonsbo-za-140b-7382-cfm-140-mm-fan-za-140b,/static/forever/img/no-image.png,140 mm,Black,700 - 1800 RPM,33.7 - 73.82 CFM,18.3 - 32.2 dB,Yes,
Noctua NF-A6x25 FLX,https://pcpartpicker.com/product/R3Lypg/noctua-nf-a6x25-flx-1718-cfm-60-mm-fan-nf-a6x25,https://cdna.pcpartpicker.com/static/forever/images/product/63df99f8b427fca6f294df1e70487758.256p.jpg,60 mm,Brown,1600 - 3000 RPM,9.82 - 17.18 CFM,8.19 - 19.3 dB,No,16.95
ARCTIC F9 Pro,https://pcpartpicker.com/product/vBkD4D/arctic-cooling-case-fan-afaco09p000gba01,https://m.media-amazon.com/images/I/31CfLyjZXXL.jpg,92 mm,White / Black,2000 RPM,39 CFM,,No,10.62
Thermaltake TOUGHFAN EX12 Pro 3-Pack,https://pcpartpicker.com/product/FqLdnQ/thermaltake-toughfan-ex12-pro-708-cfm-120-mm-fans-3-pack-cl-f171-pl12wt-a,https://m.media-amazon.com/images/I/31P0MeYu4xL.jpg,120 mm,White,500 - 2000 RPM,64.21 - 70.8 CFM,22.6 - 29.8 dB,Yes,79.98
Nexus D12SL-12PWM,https://pcpartpicker.com/product/tVkD4D/nexus-d12sl-12pwm-76-cfm-120-mm-fan-d12sl-12pwm,https://m.media-amazon.com/images/I/21S1mXWeBNL.jpg,120 mm,Clear,2000 RPM,76 CFM,15.5 - 26.9 dB,Yes,7.99
Thermaltake Pure Duo 2-Pack,https://pcpartpicker.com/product/tyhmP6/thermaltake-pure-duo-8223-cfm-140-mm-fans-2-pack-cl-f098-pl14sw-b,https://cdna.pcpartpicker.com/static/forever/images/product/e752e0c49cbfd5ec71a761f60b8d37d7.256p.jpg,140 mm,White,500 - 1500 RPM,,33.5 dB,Yes,34.99
Fractal Design Aspect 14,https://pcpartpicker.com/product/2CD7YJ/fractal-design-aspect-14-41-cfm-140-mm-fan-fd-f-as1-1402,https://cdna.pcpartpicker.com/static/forever/images/product/7a2a197b0fd84ecfe8c47c10084ca513.256p.jpg,140 mm,White,1000 RPM,41 CFM,19.5 dB,No,30.24
Fractal Design Prisma AL,https://pcpartpicker.com/product/WDkH99/fractal-design-prisma-al-8571-cfm-120-mm-fan-fd-fan-pri-al12-pwm-wt,https://cdna.pcpartpicker.com/static/forever/images/product/be15031462ad7f0a30e8d860839981e6.256p.jpg,120 mm,White,500 - 2000 RPM,20.68 - 85.71 CFM,,Yes,
Enermax T.B. RGB AD 3-Pack,https://pcpartpicker.com/product/Y66qqs/enermax-tb-rgb-ad-4753-cfm-120-mm-fans-3-pack-uctbrgba12p-bp3,https://cdna.pcpartpicker.com/static/forever/images/product/d8bbbe7a36b03c2b0c1d7682787b5ef9.256p.jpg,120 mm,Black,500 - 1500 RPM,13.71 - 47.53 CFM,14 - 22 dB,Yes,23.00
KOLINK UMBRA VOID PRO,https://pcpartpicker.com/product/m2CZxr/kolink-umbra-void-pro-572-cfm-120-mm-fan-umbra-void-pro-120mm,https://cdna.pcpartpicker.com/static/forever/images/product/2504c1308df0523101ea0efd1745433a.256p.jpg,120 mm,Black,800 - 1800 RPM,57.2 CFM,19.4 - 30 dB,Yes,
Vetroo SA-140,https://pcpartpicker.com/product/GjpD4D/vetroo-sa-140-6929-cfm-140-mm-fan-vt-fan-argb140-bk,https://m.media-amazon.com/images/I/41H89h4ML5L.jpg,140 mm,Black,1200 RPM,69.29 CFM,33.5 dB,Yes,9.88
Thermalright TL-C12C-X28-S,https://pcpartpicker.com/product/NRKnTW/thermalright-tl-c12c-x28-s-733-cfm-120-mm-fan-tl-c12c-x28-s,/static/forever/img/no-image.png,120 mm,Black,1550 RPM,73.3 CFM,25.4 dB,Yes,
Gelid Solutions Wing,https://pcpartpicker.com/product/nzQypg/gelid-solutions-fn-fw08-20-b-281-cfm-80-mm-fan-fn-fw08-20-b,/static/forever/img/no-image.png,80 mm,Blue,2000 RPM,28.1 CFM,10 - 21 dB,No,9.99
Thermaltake Blue-Eye,https://pcpartpicker.com/product/yC7wrH/thermaltake-case-fan-af0035,https://m.media-amazon.com/images/I/41P72o5VKLL.jpg,92 mm,Transparent,1300 - 2500 RPM,47 CFM,18.6 - 28 dB,No,17.98
Thermaltake DuraMax,https://pcpartpicker.com/product/r6CwrH/thermaltake-case-fan-af0059,https://cdna.pcpartpicker.com/static/forever/images/product/2b73a1288631976658141f6b99ccb957.256p.jpg,92 mm,Black,2850 RPM,48.7 CFM,37.6 dB,No,14.99
Thermaltake Blue-Eye,https://pcpartpicker.com/product/Rq38TW/thermaltake-case-fan-af0025,https://images-na.ssl-images-amazon.com/images/I/41P72o5VKLL.jpg,80 mm,Transparent,1300 - 2500 RPM,32.92 CFM,17 - 28 dB,No,14.99
Cooler Master MasterFan MF140R,https://pcpartpicker.com/product/7tHRsY/cooler-master-masterfan-mf140r-argb-90-cfm-140-mm-fan-r4-140r-15pc-r1,https://cdna.pcpartpicker.com/static/forever/images/product/ae67a9e317a6e28209c2f276f2609bd4.256p.jpg,140 mm,Black,650 - 1500 RPM,90 CFM,33.5 dB,Yes,29.99
Evercool EC4010TH12BP,https://pcpartpicker.com/product/4s8j4D/evercool-ec4010th12bp-40mm-fan-ec4010th12bp,https://cdna.pcpartpicker.com/static/forever/images/product/aa8366a5b580c5d94fa1faea1aa44cbf.256p.jpg,40 mm,Black,2000 - 6500 RPM,,26 dB,No,10.95
Iceberg Thermal IceGALE Xtra,https://pcpartpicker.com/product/WJRYcf/iceberg-thermal-icegale-xtra-37-cfm-80-mm-fan-icegale08d-a0a,https://cdna.pcpartpicker.com/static/forever/images/product/374a5053da091921d2358ca82d8b5c7d.256p.jpg,80 mm,Teal / White,800 - 3000 RPM,37 CFM,0 - 29 dB,Yes,11.07
NZXT HF-2814C-DB 2-Pack,https://pcpartpicker.com/product/nWQcCJ/nzxt-hf-2814c-db-9119-cfm-140-mm-fans-2-pack-hf-2814c-db,https://cdna.pcpartpicker.com/static/forever/images/product/22de342287e49aa772a371879996b363.256p.jpg,140 mm,Black,500 - 1500 RPM,30.39 - 91.19 CFM,22 - 33 dB,Yes,
Scythe Kaze Flex II Slim,https://pcpartpicker.com/product/N2FmP6/scythe-kaze-flex-ii-slim-3944-cfm-120-mm-fan-kfs1215fd15-p,https://m.media-amazon.com/images/I/41Fc12KLx4L.jpg,120 mm,Black,300 - 1500 RPM,8.16 - 39.44 CFM,2.58 - 23.8 dB,Yes,14.95
Thermaltake CT140 EX ARGB Sync 3-Pack,https://pcpartpicker.com/product/gMRwrH/thermaltake-ct140-ex-argb-sync-903-cfm-140-mm-fans-3-pack-cl-f197-pl14mg-a,https://cdna.pcpartpicker.com/static/forever/images/product/9823d79ee6402dbf92d28946ca89e513.256p.jpg,140 mm,Green,500 - 1800 RPM,90.3 CFM,30.7 dB,Yes,74.98
Alphacool 24853,https://pcpartpicker.com/product/HGtkcf/alphacool-24853-10303-cfm-140-mm-fan-24853,https://cdna.pcpartpicker.com/static/forever/images/product/6276a7b5bfa912862b1ebaedc7202f58.256p.jpg,140 mm,Black,2000 RPM,103.03 CFM,30 - 38.3 dB,Yes,9.99
SilenX Ixtrema Pro,https://pcpartpicker.com/product/Z4ckcf/silenx-ixp-52-11-18-cfm-80-mm-fan-ixp-52-11,https://m.media-amazon.com/images/I/510j1pC92SL.jpg,80 mm,Black,1600 RPM,18 CFM,11 dB,No,20.55
Vantec Stealth,https://pcpartpicker.com/product/Ptzv6h/vantec-sf8025l-27-cfm-80-mm-fan-sf8025l,https://cdna.pcpartpicker.com/static/forever/images/product/3271d6a9474dd1f6456720eaeee58a83.256p.jpg,80 mm,Black,2050 RPM,27 CFM,21 dB,No,7.49
StarTech FAN9X25TX3H,https://pcpartpicker.com/product/hCH323/startech-fan9x25tx3h-4843-cfm-92-mm-fan-fan9x25tx3h,https://cdna.pcpartpicker.com/static/forever/images/product/e734fb58129898e703d40f15e58a303d.256p.jpg,92 mm,Black,2600 RPM,48.43 CFM,33 dB,No,9.08
NoiseBlocker BlackSilentPro P-P,https://pcpartpicker.com/product/XHPfrH/noiseblocker-nb-blacksilentpro-pe-p-3825-cfm-92-mm-fan-nb-blacksilentpro-pe-p,https://m.media-amazon.com/images/I/51Fe69jTunL.jpg,92 mm,Black,1800 RPM,38.25 CFM,20 dB,Yes,14.99
Silverstone Air Penetrator,https://pcpartpicker.com/product/H6JwrH/silverstone-ap181-130-cfm-180-mm-fan-ap181,https://m.media-amazon.com/images/I/41da7KEwGnL.jpg,180 mm,Black,700 - 1200 RPM,80 - 130 CFM,18 - 34 dB,No,28.58
Phanteks F140SP,https://pcpartpicker.com/product/nnkD4D/phanteks-case-fan-phf140spbkoled,https://m.media-amazon.com/images/I/51J-7eN46bL.jpg,140 mm,Black / White,1200 RPM,82.1 CFM,19 dB,No,22.99
Cougar CFD,https://pcpartpicker.com/product/Y9Jkcf/cougar-case-fan-cfd14hbw,https://images-na.ssl-images-amazon.com/images/I/41VKe7vxt2L.jpg,140 mm,Black / White,1000 RPM,73.18 CFM,18 dB,No,32.96
Antec Prizm 5+C 5-Pack,https://pcpartpicker.com/product/BCx2FT/antec-prizm-120-argb-5c-4503-cfm-120-mm-fans-5-pack-prizm-120-argb-5c,https://cdna.pcpartpicker.com/static/forever/images/product/b9f791c73f7f374e065d57c47d323a7a.256p.jpg,120 mm,Black,2000 RPM,45.03 CFM,32.6 dB,Yes,
Akasa Vegas TLY,https://pcpartpicker.com/product/YnmFf7/akasa-vegas-tly-412-cfm-140-mm-fan-ak-fn103,https://cdna.pcpartpicker.com/static/forever/images/product/a3b3ccd3e13848949399879c306d3efc.256p.jpg,140 mm,Black / White,1200 RPM,41.2 CFM,21.2 dB,No,33.76
Iceberg Thermal IceGALE ARGB,https://pcpartpicker.com/product/n9Fbt6/iceberg-thermal-icegale-argb-94-cfm-120-mm-fan-icegale12a-e0a,https://cdna.pcpartpicker.com/static/forever/images/product/3cdd84feaf7934e9c04c834fa6a8ea57.256p.jpg,120 mm,Black / Teal,500 - 2200 RPM,94 CFM,0 - 38 dB,Yes,
Thermaltake TOUGHFAN,https://pcpartpicker.com/product/8FLFf7/thermaltake-toughfan-5835-cfm-120-mm-fan-cl-f117-pl12wt-a,https://cdna.pcpartpicker.com/static/forever/images/product/0c7f6529426d98eb444d431752f4f602.256p.jpg,120 mm,White,500 - 2000 RPM,58.35 CFM,22.3 dB,Yes,19.98
ARCTIC F PST CO,https://pcpartpicker.com/product/TBwypg/arctic-f-pst-co-74-cfm-140-mm-fan-acfan00220a,https://cdna.pcpartpicker.com/static/forever/images/product/a0d9d00efdacc13759ea7040cdbc674e.256p.jpg,140 mm,Black,200 - 1350 RPM,74 CFM,,Yes,22.85
Geometric Future Squama 2501 3-Pack,https://pcpartpicker.com/product/47yH99/geometric-future-squama-2501-8081-cfm-120-mm-fans-3-pack-geo-s2501w-3,https://m.media-amazon.com/images/I/41loh+whSXL.jpg,120 mm,White,2000 RPM,80.81 CFM,34.2 dB,Yes,39.90
Alphacool Apex Stealth Metal,https://pcpartpicker.com/product/brhv6h/alphacool-apex-stealth-metal-47-cfm-120-mm-fan-13820,https://cdna.pcpartpicker.com/static/forever/images/product/dcd9400eb75a0a47f2ce9d32d7a7581b.256p.jpg,120 mm,White / Black,400 - 2000 RPM,47 CFM,24.6 dB,Yes,24.99
Vetroo SA-120,https://pcpartpicker.com/product/nGcBD3/vetroo-sa-120-5818-cfm-120-mm-fan-vt-fan-fdb120-bk,https://m.media-amazon.com/images/I/41ZnA+4RO1L.jpg,120 mm,Black,800 - 1300 RPM,26.05 - 58.18 CFM,36.1 dB,Yes,14.99
Thermaltake CT120 EX Reverse ARGB Sync 3-Pack,https://pcpartpicker.com/product/bkjv6h/thermaltake-ct120-ex-reverse-argb-sync-6582-cfm-120-mm-fans-3-pack-cl-f224-pl12gs-a,https://cdna.pcpartpicker.com/static/forever/images/product/a8102d1556fe73996fe9baa8aec51d00.256p.jpg,120 mm,Brown,500 - 2000 RPM,65.82 CFM,31.2 dB,Yes,59.99
Corsair SP120 High Performance,https://pcpartpicker.com/product/dZNp99/corsair-air-series-sp120-high-performance-edition-6274-cfm-120-mm-fan-co-9050007-ww,https://cdna.pcpartpicker.com/static/forever/images/product/3d954f90788671b103629f19937ea778.256p.jpg,120 mm,Black,2350 RPM,62.74 CFM,35 dB,No,
BitFenix Spectre,https://pcpartpicker.com/product/Vhbp99/bitfenix-case-fan-bffblf23030rrp,https://m.media-amazon.com/images/I/51Op5B2xuUL.jpg,230 mm,Black,900 RPM,97.8 CFM,20 dB,No,
BitFenix Spectre,https://pcpartpicker.com/product/khbp99/bitfenix-case-fan-bffblf23030grp,https://m.media-amazon.com/images/I/51aEu6FRzxL.jpg,230 mm,Black,900 RPM,97.8 CFM,20 dB,No,
BitFenix Spectre,https://pcpartpicker.com/product/PM9KHx/bitfenix-spectre-978-cfm-230-mm-fan-bff-scf-23030kk-rp,https://m.media-amazon.com/images/I/41pO12lHvZL.jpg,230 mm,Black,900 RPM,97.8 CFM,20 dB,No,
Phanteks F140TS,https://pcpartpicker.com/product/dL3RsY/phanteks-ph-f140ts_or-7809-cfm-140-mm-fan-ph-f140ts_or,https://images-na.ssl-images-amazon.com/images/I/41TQvnEpZQL.jpg,140 mm,Orange,750 - 1200 RPM,45.1 - 78.09 CFM,13.4 - 19 dB,No,
Aerocool Shark,https://pcpartpicker.com/product/FFvRsY/aerocool-case-fan-shark120mmred,https://cdna.pcpartpicker.com/static/forever/images/product/d6a379d5ab1ecb8cae3239a6b5edab93.256p.jpg,120 mm,Red,800 - 1500 RPM,32.5 - 82.6 CFM,12.6 - 26.5 dB,No,
Antec Two Cool,https://pcpartpicker.com/product/MqjG3C/antec-twocool-75246-426-cfm-120-mm-fan-75246,https://m.media-amazon.com/images/I/412+I3l3hsL.jpg,120 mm,Black,600 - 1200 RPM,21.3 - 42.6 CFM,17 - 23.7 dB,No,
Antec Two Cool,https://pcpartpicker.com/product/cdZQzy/antec-case-fan-75241,https://m.media-amazon.com/images/I/51MJbuPLvjL.jpg,120 mm,Black,600 - 1200 RPM,21.3 - 42.6 CFM,17 - 23.7 dB,No,
Apevia CF20SL-UBL,https://pcpartpicker.com/product/VdZQzy/apevia-case-fan-cf20slubl,https://cdna.pcpartpicker.com/static/forever/images/product/c91c0660134ed737b8cbea52ffdff22f.256p.jpg,200 mm,Blue,800 RPM,125 CFM,20 dB,No,
Apevia CF20SL-UGN,https://pcpartpicker.com/product/7rNp99/apevia-case-fan-cf20slugn,https://images-na.ssl-images-amazon.com/images/I/41zoYN9ODTL.jpg,200 mm,Green,800 RPM,125 CFM,20 dB,No,
Apevia CF4SL-URED,https://pcpartpicker.com/product/kCH323/apevia-case-fan-cf4slured,https://m.media-amazon.com/images/I/51LLSxNaa2L.jpg,80 mm,Red,2000 RPM,25.64 CFM,22.05 dB,No,
ARCTIC F9,https://pcpartpicker.com/product/Qmw323/arctic-arctic-f9-43-cfm-92-mm-fan-afaco-09000-gba01,https://cdna.pcpartpicker.com/static/forever/images/product/22f8eb23d0394f805a04ad036912292c.256p.jpg,92 mm,White / Black,1800 RPM,43 CFM,,No,
Cougar Turbine 4-Pack,https://pcpartpicker.com/product/WgGkcf/cougar-turbine-120-604-cfm-120-mm-fans-cft12s4,https://m.media-amazon.com/images/I/31wb8Mv+6QL.jpg,120 mm,Orange,1200 RPM,60.4 CFM,17.7 dB,No,
Cougar Turbine,https://pcpartpicker.com/product/6G9KHx/cougar-turbine-120-4-pack-604-cfm-120-mm-fan-cft12sb4,https://m.media-amazon.com/images/I/417lEbNnjmL.jpg,120 mm,Black,1200 RPM,60.4 CFM,17.7 dB,No,
Xigmatek XAF,https://pcpartpicker.com/product/6YkD4D/xigmatek-case-fan-xaff1454,https://images-na.ssl-images-amazon.com/images/I/51UvAvT5svL.jpg,140 mm,Black,800 - 1300 RPM,90.3 CFM,18 dB,No,
SilenX Effizio,https://pcpartpicker.com/product/djdqqs/silenx-efx-14-12-48-cfm-140-mm-fan-efx-14-12,https://m.media-amazon.com/images/I/41sOw402lqL.jpg,140 mm,Yellow,900 RPM,48 CFM,12 dB,No,23.24
SilenX Effizio,https://pcpartpicker.com/product/sbbp99/silenx-case-fan-efx1215b,https://m.media-amazon.com/images/I/313cyUJSmoL.jpg,120 mm,Clear,1400 RPM,74 CFM,15 dB,No,21.62
StarTech FAN8025PWM,https://pcpartpicker.com/product/FQrG3C/startech-fan8025pwm-2502-cfm-80-mm-fan-fan8025pwm,https://cdna.pcpartpicker.com/static/forever/images/product/5b8ee577ff1135afe668c4eee6600184.256p.jpg,80 mm,Black,800 - 2500 RPM,9.74 - 25.02 CFM,10 - 28 dB,No,8.93
StarTech FAN4X1LP4,https://pcpartpicker.com/product/tM9KHx/startech-fan4x1lp4-5-cfm-40-mm-fan-fan4x1lp4,https://cdna.pcpartpicker.com/static/forever/images/product/a75ae8308ac8853183d0d702f80632f2.256p.jpg,40 mm,Black,5000 - 5499 RPM,1 - 5 CFM,20 - 25 dB,No,
Aerocool X-Blaster,https://pcpartpicker.com/product/syYXsY/aerocool-x-blaster-528-cfm-80-mm-fan-x-blaster,https://images-na.ssl-images-amazon.com/images/I/41PexWNzSNL.jpg,80 mm,Translucent Black,4000 RPM,52.8 CFM,45.6 dB,No,
Cooler Master SAF-B83-E1,https://pcpartpicker.com/product/637wrH/cooler-master-saf-b83-e1-2907-cfm-80-mm-fan-saf-b83-e1,https://m.media-amazon.com/images/I/31YeLMB8g3L.jpg,80 mm,Black,2500 RPM,29.07 CFM,26 dB,No,
Cougar CFD,https://pcpartpicker.com/product/x8DwrH/cougar-case-fan-cfd12hbb,https://m.media-amazon.com/images/I/51mkoxGxvrL.jpg,120 mm,Blue,1200 RPM,64.37 CFM,16.6 dB,No,
Xigmatek XAF,https://pcpartpicker.com/product/T8DwrH/xigmatek-xaf-f1252-753-cfm-120-mm-fan-xaf-f1252,https://images-na.ssl-images-amazon.com/images/I/51vAz8%2BWfrL.jpg,120 mm,White,1500 RPM,75.3 CFM,24 dB,No,
Evercool FAN-LD9225B-EC2,https://pcpartpicker.com/product/7QrG3C/evercool-case-fan-fanld9225bec2,https://cdna.pcpartpicker.com/static/forever/images/product/edeb3fded9cd7409f21fe6b39b713a9e.256p.jpg,92 mm,Clear,1600 RPM,25.8 CFM,22 dB,No,
StarTech FAN9X25TX3L,https://pcpartpicker.com/product/XKvRsY/startech-fan9x25tx3l-3184-cfm-92-mm-fan-fan9x25tx3l,https://cdna.pcpartpicker.com/static/forever/images/product/1d27e98583731c74369378218d06b933.256p.jpg,92 mm,Black,1600 RPM,31.84 CFM,25 dB,No,7.41
Delta Electronics FFB0912SH-F00,https://pcpartpicker.com/product/v6Gkcf/delta-electronics-ffb0912sh-f00-9002-cfm-92-mm-fan-ffb0912sh-f00,https://cdna.pcpartpicker.com/static/forever/images/product/61ac37bd3e62f03e6c97bc0a6e57fc6b.med.256p.jpg,92 mm,Black,4100 RPM,90.02 CFM,50 dB,No,
NoiseBlocker BlackSilentFan X-1,https://pcpartpicker.com/product/jX4gXL/noiseblocker-nb-blacksilentfan-xm-1-288-cfm-40-mm-fan-nb-blacksilentfan-xm-1,/static/forever/img/no-image.png,40 mm,Translucent Blue,2800 RPM,2.88 CFM,9 dB,No,
NoiseBlocker ELoop B,https://pcpartpicker.com/product/NN8Zxr/noiseblocker-nb-eloop-b12-2-5114-cfm-120-mm-fan-nb-eloop-b12-2,https://m.media-amazon.com/images/I/51W+KTr3xiL.jpg,120 mm,White,1300 RPM,51.14 CFM,17 dB,No,
BitFenix Spectre,https://pcpartpicker.com/product/Yc9KHx/bitfenix-case-fan-bffblfp12025grp,https://m.media-amazon.com/images/I/41kpQs9qQWL.jpg,120 mm,Translucent Black,1800 RPM,51.3 CFM,22.5 dB,Yes,
Nexus SP802512H-03PWM,https://pcpartpicker.com/product/Rsdqqs/nexus-sp802512h-03pwm-38-cfm-80-mm-fan-sp802512h-03pwm,https://m.media-amazon.com/images/I/51t4uoq7vlL.jpg,80 mm,Clear,2800 RPM,38 CFM,16.2 dB,Yes,
Rosewill RCA-220-BL,https://pcpartpicker.com/product/3fQypg/rosewill-case-fan-rca220bl,https://m.media-amazon.com/images/I/31pTiLhv7PL.jpg,220 mm,Clear,600 RPM,110 CFM,21 dB,No,
Rosewill RFA-80-RL,https://pcpartpicker.com/product/9xphP6/rosewill-case-fan-rfa80rl,https://cdna.pcpartpicker.com/static/forever/images/product/fcfce4fa79ace2f69b82f6b4753ef771.256p.jpg,80 mm,Red,2500 RPM,33.21 CFM,22.41 dB,No,
Rosewill RFA-120-WL,https://pcpartpicker.com/product/Q8DwrH/rosewill-case-fan-rfa120wl,https://m.media-amazon.com/images/I/41MG7JpI08L.jpg,120 mm,Clear,2000 RPM,74.48 CFM,29.28 dB,No,
Rosewill RFA-120-RL,https://pcpartpicker.com/product/Fwdqqs/rosewill-case-fan-rfa120rl,https://m.media-amazon.com/images/I/51a5Q0dUnPL.jpg,120 mm,Red,2000 RPM,74.48 CFM,29.28 dB,No,
Silverstone FM,https://pcpartpicker.com/product/DrNp99/silverstone-fm181-150-cfm-180-mm-fan-fm181,https://m.media-amazon.com/images/I/31kH9TNPH9L.jpg,180 mm,White,500 - 1300 RPM,65 - 150 CFM,17 - 36 dB,No,
Xigmatek Crystal,https://pcpartpicker.com/product/tjdqqs/xigmatek-case-fan-clff1254,https://m.media-amazon.com/images/I/41or4BunmtL.jpg,120 mm,Clear,1500 RPM,68.33 CFM,20 dB,No,
Thermaltake Thunderblade,https://pcpartpicker.com/product/qjdqqs/thermaltake-case-fan-af0032,https://m.media-amazon.com/images/I/41bK4zjMlFL.jpg,120 mm,Clear,1800 RPM,70.2 CFM,31.7 dB,No,
Xion Alphawing,https://pcpartpicker.com/product/x7Qypg/xion-axp-gf140_wt-596-cfm-140-mm-fan-axp-gf140_wt,https://images-na.ssl-images-amazon.com/images/I/31mVdXHrBwL.jpg,140 mm,White,1000 RPM,59.6 CFM,18.6 - 23.3 dB,No,
Antec BIGBOY200,https://pcpartpicker.com/product/CfQypg/antec-bigboy200-134-cfm-200-mm-fan-bigboy200,https://images-na.ssl-images-amazon.com/images/I/41Xa6uHhpfL.jpg,200 mm,Black,800 RPM,134 CFM,30 dB,No,
Evercool EC-8038,https://pcpartpicker.com/product/V6Gkcf/evercool-ec-8038-6709-cfm-80-mm-fan-fan-ec8038h12ba,https://cdna.pcpartpicker.com/static/forever/images/product/17071ecb25e46e6b28ee9ca2c2cf7308.256p.jpg,80 mm,Black,5000 RPM,67.09 CFM,43.8 dB,No,
Evercool CL8035/LD2,https://pcpartpicker.com/product/mqCwrH/evercool-case-fan-fanld8035bec2,https://cdna.pcpartpicker.com/static/forever/images/product/162ac365b9bbb1d51e1a5561b678c136.256p.jpg,80 mm,Clear,2300 RPM,31.62 CFM,26 dB,No,
Noctua B9-1600,https://pcpartpicker.com/product/yFR48d/noctua-nf-b9-1600-3784-cfm-92-mm-fan-nf-b9-1600,https://m.media-amazon.com/images/I/51FNqU6isCL.jpg,92 mm,Brown,1000 - 1600 RPM,24.19 - 37.84 CFM,7.9 - 17.6 dB,No,
Aerocool Shark,https://pcpartpicker.com/product/Pj6BD3/aerocool-case-fan-shark140mmwhite,https://m.media-amazon.com/images/I/513TkspGn0L.jpg,140 mm,White,800 - 1500 RPM,50 - 96.5 CFM,14.5 - 29.6 dB,No,
LEPA Vortex,https://pcpartpicker.com/product/R2vRsY/lepa-case-fan-lpvx12p,https://images-na.ssl-images-amazon.com/images/I/41b-KzZ6-BL.jpg,120 mm,Transparent,600 - 1600 RPM,24.85 - 63.91 CFM,15 - 25 dB,Yes,
NZXT FZ,https://pcpartpicker.com/product/L3Lypg/nzxt-case-fan-rffz20sw1,https://m.media-amazon.com/images/I/51OmCdPwfdL.jpg,200 mm,Transparent,700 RPM,103 CFM,20 dB,No,
NZXT FZ,https://pcpartpicker.com/product/c2vRsY/nzxt-case-fan-rffz20sr1,https://m.media-amazon.com/images/I/515TzsEPtIL.jpg,200 mm,Transparent,700 RPM,103 CFM,20 dB,No,
NZXT FZ,https://pcpartpicker.com/product/nx8Zxr/nzxt-case-fan-rffz20s02,https://m.media-amazon.com/images/I/51VElf-CXAL.jpg,200 mm,White,700 RPM,103 CFM,20 - 25 dB,No,
BitFenix Spectre Pro,https://pcpartpicker.com/product/8FR48d/bitfenix-case-fan-bfflpro23030wrp,https://m.media-amazon.com/images/I/41eLu-7cfML.jpg,230 mm,Black,900 RPM,156.27 CFM,25.6 dB,No,
Antec True Quiet,https://pcpartpicker.com/product/R6CwrH/antec-case-fan-truequiet120ufoblue,https://m.media-amazon.com/images/I/51KPqPZiBHL.jpg,120 mm,Blue,600 - 1000 RPM,21.5 - 35.79 CFM,8.9 - 19.89 dB,No,
Antec Two Cool,https://pcpartpicker.com/product/CkxfrH/antec-case-fan-twocool140blue,https://m.media-amazon.com/images/I/51Of+uw4xmL.jpg,140 mm,Black,800 - 1200 RPM,33.6 CFM,21.8 - 26 dB,No,
BitFenix Spectre Pro,https://pcpartpicker.com/product/PmXfrH/bitfenix-case-fan-bffspro20025kkrp,https://images-eu.ssl-images-amazon.com/images/I/41QGKhMR8IL.jpg,200 mm,Black,900 RPM,148.72 CFM,27.5 dB,No,
Corsair SP120 Quiet 2-Pack,https://pcpartpicker.com/product/dHXfrH/corsair-case-fan-co9050012ww,https://cdna.pcpartpicker.com/static/forever/images/product/27f32c0e73981f2065ce3ee5e0a4f8fa.256p.jpg,120 mm,Black,1450 RPM,37.85 CFM,23 dB,Yes,
Evercool Spider Filter,https://pcpartpicker.com/product/XCNp99/evercool-case-fan-sff12,https://m.media-amazon.com/images/I/41mqdhBS5mL.jpg,120 mm,Red,2000 RPM,80 CFM,25 dB,No,15.99
Delta Electronics FFB1212EHE-F00,https://pcpartpicker.com/product/jFR48d/delta-electronics-case-fan-ffb1212ehef00,https://cdna.pcpartpicker.com/static/forever/images/product/7b768401eff18c2474e20b9365b25c3e.med.256p.jpg,120 mm,Black,4000 RPM,190 CFM,59 dB,No,
be quiet! Shadow Wings,https://pcpartpicker.com/product/hKfp99/be-quiet-case-fan-bl025,https://cdna.pcpartpicker.com/static/forever/images/product/954d0ca87a13993c20a2e3ada5a16713.256p.jpg,92 mm,White,1800 RPM,32.6 - 54.4 CFM,17.8 dB,Yes,
be quiet! Shadow Wings,https://pcpartpicker.com/product/JtMFf7/be-quiet-case-fan-bl051,https://cdna.pcpartpicker.com/static/forever/images/product/fbb067a6249344f1c08355b88a624532.256p.jpg,80 mm,Black,2000 RPM,26 - 44.1 CFM,15.8 dB,No,
Cooler Master JetFlo,https://pcpartpicker.com/product/NvphP6/cooler-master-case-fan-r4jfdp20prr1,https://m.media-amazon.com/images/I/51e-FHZ7PDL.jpg,120 mm,Black,1200 - 2000 RPM,95 CFM,36 dB,Yes,
Cooler Master JetFlo,https://pcpartpicker.com/product/L4rG3C/cooler-master-case-fan-r4jfdp20pwr1,https://m.media-amazon.com/images/I/51+0MX7NgoL.jpg,120 mm,Black,1200 - 2000 RPM,95 CFM,36 dB,Yes,
Masscool BLD12025S1M,https://pcpartpicker.com/product/9PR48d/masscool-case-fan-bld12025s1m,https://m.media-amazon.com/images/I/41iZUS+j4QL.jpg,120 mm,Transparent,2000 RPM,79.8 CFM,38 dB,No,
NZXT FX,https://pcpartpicker.com/product/kDGkcf/nzxt-case-fan-fx120lb,https://images-na.ssl-images-amazon.com/images/I/414ISMCKWwL.jpg,120 mm,White,1000 - 2600 RPM,35.79 - 96 CFM,22 - 36.5 dB,No,
Phanteks F140HP,https://pcpartpicker.com/product/YMLypg/phanteks-case-fan-phf140hpbl,https://m.media-amazon.com/images/I/51M4ZyRrp+L.jpg,140 mm,White / Blue,600 - 1300 RPM,40.9 - 88.6 CFM,15.22 - 19 dB,No,
Thermaltake DuraMax,https://pcpartpicker.com/product/hVMFf7/thermaltake-case-fan-af0060,https://m.media-amazon.com/images/I/41UnXQjFWWL.jpg,120 mm,Black,2000 RPM,78 CFM,36 dB,No,
Corsair AF120,https://pcpartpicker.com/product/fhW9TW/corsair-case-fan-co9050016wled,https://cdna.pcpartpicker.com/static/forever/images/product/b84d3e756e90c26c57734a1e748909dd.256p.jpg,120 mm,White,1500 RPM,52.19 CFM,25.2 dB,No,
Thermalright TY,https://pcpartpicker.com/product/tFzv6h/thermalright-case-fan-ty141,https://m.media-amazon.com/images/I/51qk+DP8sFL.jpg,140 mm,Brown,900 - 1300 RPM,28.3 - 73.6 CFM,17 - 21 dB,Yes,
Corsair AF120 Quiet,https://pcpartpicker.com/product/bnckcf/corsair-case-fan-co9050015bled,https://m.media-amazon.com/images/I/51-8hay7PfL.jpg,120 mm,Black,1500 RPM,52.19 CFM,25.2 dB,No,
Enermax T.B. Apollish,https://pcpartpicker.com/product/YJjG3C/enermax-tb-apollish-12347-cfm-180-mm-fan-ucta18a-r,https://m.media-amazon.com/images/I/51Qs+jLD01L.jpg,180 mm,Black / Red,600 - 1200 RPM,68.6 - 123.47 CFM,15 - 20 dB,No,
BitFenix Spectre Pro,https://pcpartpicker.com/product/vqxfrH/bitfenix-case-fan-bfflpro23030rrp,https://cdna.pcpartpicker.com/static/forever/images/product/06f22fb94aa296e82faaf9ded1b522cf.256p.jpg,230 mm,Black / Red,900 RPM,156.27 CFM,25.6 dB,No,
be quiet! Silent Wings 2,https://pcpartpicker.com/product/GHYXsY/be-quiet-case-fan-bl030,https://cdna.pcpartpicker.com/static/forever/images/product/78d95a3c42342fc039495428fde0b965.256p.jpg,120 mm,Black,1500 RPM,50.5 CFM,16.5 dB,Yes,
Aerocool DS,https://pcpartpicker.com/product/cr2kcf/aerocool-case-fan-ds120mmred,https://m.media-amazon.com/images/I/51SLdaGGPsL.jpg,120 mm,Black / Red,1100 - 1500 RPM,62.5 - 81.5 CFM,14.8 - 23.1 dB,No,
Aerocool DS,https://pcpartpicker.com/product/BHYXsY/aerocool-case-fan-ds140mmwhite,https://images-na.ssl-images-amazon.com/images/I/51Hsc8NVw%2BL.jpg,140 mm,Black / White,1100 - 1500 RPM,71.2 - 93.4 CFM,15.5 - 23.4 dB,No,
Raidmax RX-120SR-GY,https://pcpartpicker.com/product/dfYXsY/raidmax-case-fan-rx120srgy,https://cdna.pcpartpicker.com/static/forever/images/product/0cd80f779bb56c7699e5ccfb8beea0a4.med.256p.jpg,120 mm,Black / Gray,1200 RPM,38 CFM,22 dB,No,
Rosewill RFTL-131209R,https://pcpartpicker.com/product/DsR48d/rosewill-case-fan-rftl131209r,https://m.media-amazon.com/images/I/3146pSGAjSL.jpg,120 mm,Clear,2000 RPM,59.8 CFM,36 dB,No,
Antec TRICOOL,https://pcpartpicker.com/product/9kCwrH/antec-case-fan-tricool92mm,https://m.media-amazon.com/images/I/41LfZVU-meL.jpg,92 mm,Transparent,2200 RPM,38 CFM,27 dB,No,
Corsair SP120,https://pcpartpicker.com/product/f2qdnQ/corsair-case-fan-co9050021ww,https://cdna.pcpartpicker.com/static/forever/images/product/e71bba48ba74414f5134e63dcab1906f.256p.jpg,120 mm,Black / Blue,1650 RPM,57.24 CFM,26.4 dB,No,
Corsair SP120,https://pcpartpicker.com/product/KkkD4D/corsair-case-fan-co9050023ww,https://m.media-amazon.com/images/I/51BNSxtHeFL.jpg,120 mm,Black / Purple,1650 RPM,57.24 CFM,26.4 dB,No,
Corsair SP140 2-Pack,https://pcpartpicker.com/product/dvLypg/corsair-case-fan-co9050037ww,https://cdna.pcpartpicker.com/static/forever/images/product/535a5612a19efd9a822405b5fc9e8e1a.256p.jpg,140 mm,Black / Green,1440 RPM,49.49 CFM,29.3 dB,No,
Deepcool Wind Blade,https://pcpartpicker.com/product/dzmLrH/deepcool-case-fan-windblade120,https://cdna.pcpartpicker.com/static/forever/images/product/747c9a48ae8561cee9256ade519900da.256p.jpg,120 mm,Black,,53.65 CFM,26.6 dB,No,
Fractal Design Silent R2,https://pcpartpicker.com/product/PLW9TW/fractal-design-case-fan-fdfanssr2140bk,https://m.media-amazon.com/images/I/41oPjF9GOIL.jpg,140 mm,Black,1000 RPM,66 CFM,18.5 dB,No,
Thermaltake Pure,https://pcpartpicker.com/product/hrx9TW/thermaltake-case-fan-clf013pl14bla,https://m.media-amazon.com/images/I/41kPTR8hkRL.jpg,140 mm,Black,1000 RPM,67.02 CFM,20 dB,No,
Antec 75003,https://pcpartpicker.com/product/nfrcCJ/antec-case-fan-75003,https://cdna.pcpartpicker.com/static/forever/images/product/0905739e46c25b4ac32193229c900e63.256p.jpg,120 mm,Transparent,2000 RPM,79 CFM,29.8 dB,No,
Phanteks F140MP,https://pcpartpicker.com/product/NvKhP6/phanteks-case-fan-phf140mpbkpwm,https://m.media-amazon.com/images/I/41tarMNn70L.jpg,140 mm,Black / White,500 - 1600 RPM,68.09 CFM,17 - 25.3 dB,Yes,
Silverstone FW,https://pcpartpicker.com/product/GxrcCJ/silverstone-case-fan-fw91,https://m.media-amazon.com/images/I/51UDTm1WJ2L.jpg,92 mm,Blue / White,1500 - 2800 RPM,26.8 - 49.5 CFM,14.1 - 27.7 dB,Yes,16.07
Akasa AK-274CC-4RAS,https://pcpartpicker.com/product/dm8H99/akasa-ak-274cc-4ras-384-cfm-120-mm-fan-ak-274cc-4ras,https://m.media-amazon.com/images/I/41A31zHqW8S.jpg,120 mm,Clear,1200 RPM,38.4 CFM,17.5 dB,No,
Fractal Design Dynamic GP,https://pcpartpicker.com/product/MVYWGX/fractal-design-case-fan-fdfandyngp12bk,https://cdna.pcpartpicker.com/static/forever/images/product/8eb17b9ac46dc71a78f71fd0a53b2312.256p.jpg,120 mm,Black,1200 RPM,52.3 CFM,19.39 dB,No,
Fractal Design Silent R3,https://pcpartpicker.com/product/MvVBD3/fractal-design-case-fan-fdfanssr3140wt,https://cdna.pcpartpicker.com/static/forever/images/product/fc4fc7f95d513c52a5ddd86402e20aae.256p.jpg,140 mm,Black / White,1000 RPM,56.1 CFM,21.6 dB,No,
Phanteks F120SP,https://pcpartpicker.com/product/THNypg/phanteks-case-fan-phf120sprled,https://m.media-amazon.com/images/I/41WGG+Kj9dL.jpg,120 mm,Black / White,1300 RPM,54.4 CFM,24.2 dB,No,20.99
Rosewill RAWP-141411,https://pcpartpicker.com/product/Q7hj4D/rosewill-case-fan-rawp141411,https://m.media-amazon.com/images/I/41jF-SiuhmL.jpg,140 mm,Brown / Black,900 - 1200 RPM,60.23 - 82 CFM,14.5 - 21.5 dB,No,
EK Vardar F3,https://pcpartpicker.com/product/xD2rxr/ek-case-fan-3831109867532,https://m.media-amazon.com/images/I/41dUunGillL.jpg,120 mm,Black / Gray,1850 RPM,63 CFM,29.5 dB,Yes,
Thermaltake Riing,https://pcpartpicker.com/product/XJbkcf/thermaltake-case-fan-clf038pl12ora,https://m.media-amazon.com/images/I/41G-2ursh7L.jpg,120 mm,Black / Orange,1000 - 1500 RPM,40.6 CFM,18.7 - 24.6 dB,No,
Cougar CFD,https://pcpartpicker.com/product/4sZ2FT/cougar-case-fan-cfd12hbw,https://m.media-amazon.com/images/I/51Uv4qwUbQL.jpg,120 mm,Black / White,1200 RPM,64.37 CFM,16.6 dB,No,
EK Vardar F4-120ER,https://pcpartpicker.com/product/qYH48d/ek-case-fan-3831109867617,https://m.media-amazon.com/images/I/41hXqHPBcgL.jpg,120 mm,Black,2200 RPM,77 CFM,33.5 dB,Yes,
Scythe Slipstream,https://pcpartpicker.com/product/3qp323/scythe-case-fan-sy1225db12mp,https://cdna.pcpartpicker.com/static/forever/images/product/0d0e42c3f4042bbda043f1464869d66a.256p.jpg,120 mm,Black,200 - 1300 RPM,9.8 - 74.25 CFM,3 - 26.5 dB,Yes,
Deepcool TF 120,https://pcpartpicker.com/product/DGqbt6/deepcool-case-fan-tf120blue,https://cdna.pcpartpicker.com/static/forever/images/product/db7760f5fe1560114ec91bc5deb1a716.256p.jpg,120 mm,Black / Blue,500 - 1800 RPM,58.39 - 76.52 CFM,17.6 - 31.8 dB,Yes,
ARCTIC F Silent,https://pcpartpicker.com/product/CGqbt6/arctic-cooling-case-fan-f12silent,https://cdna.pcpartpicker.com/static/forever/images/product/a4aba8a11f4dd1ea1d2a730b97122efe.256p.jpg,120 mm,White / Black,800 RPM,37 CFM,,No,
Evercool FAN-EC1225M12CA,https://pcpartpicker.com/product/kk648d/evercool-case-fan-fanec1225m12ca,https://cdna.pcpartpicker.com/static/forever/images/product/2b8a0861834a6b962fdff6d4a483e9cb.256p.jpg,120 mm,Black,2000 RPM,72.94 CFM,36 dB,No,
Kingwin CF-014LB,https://pcpartpicker.com/product/NK4NnQ/kingwin-case-fan-cf014lb,https://m.media-amazon.com/images/I/41C7iInZr1L.jpg,140 mm,Black,1000 RPM,58 CFM,23 dB,No,
Corsair ML140 Pro,https://pcpartpicker.com/product/D34NnQ/corsair-co-9050045-ww-970-cfm-140mm-fan-co-9050045-ww,https://m.media-amazon.com/images/I/41Tg1pl0CLL.jpg,140 mm,Black,400 - 2000 RPM,20 - 97 CFM,16 - 37 dB,Yes,
Apevia S 5-Pack,https://pcpartpicker.com/product/ccH48d/apevia-af512l-sog-503-cfm-120mm-fans-af512l-sog,https://m.media-amazon.com/images/I/41mB3qbHXUL.jpg,120 mm,Black / Orange,1500 RPM,50.28 CFM,21.1 dB,No,
Reeven Coldwing,https://pcpartpicker.com/product/gJyxFT/reeven-coldwing-12-1067-cfm-120mm-fan-rm1225s20b,https://cdna.pcpartpicker.com/static/forever/images/product/99ea57ee2084d279bb25b6d669ce1e15.256p.jpg,120 mm,Yellow / Black,2000 RPM,106.7 CFM,36.6 dB,No,
Cooler Master MasterFan Pro Air Pressure,https://pcpartpicker.com/product/FBx9TW/cooler-master-masterfan-pro-120-air-pressure-621-cfm-120mm-fan-mfy-p2nn-15nmk-r1,https://cdna.pcpartpicker.com/static/forever/images/product/eb3e2732ad1394259b28f37eec38b63b.256p.jpg,120 mm,Black,650 - 2750 RPM,35 - 62.1 CFM,6 - 36 dB,Yes,
In Win AURORA 3-Pack,https://pcpartpicker.com/product/GTX2FT/in-win-aurora-black-red-5764-cfm-120-mm-fans-3-pack-rgbfan-blkred-3pk,https://cdna.pcpartpicker.com/static/forever/images/product/eed0afefb9b0fe41902e8c8d56232060.256p.jpg,120 mm,Black / Red,800 - 2000 RPM,40.26 - 57.64 CFM,23.7 - 39.2 dB,Yes,
Cooler Master MasterFan Pro Air Flow 3-Pack,https://pcpartpicker.com/product/WBfmP6/cooler-master-masterfan-pro-120-air-flow-rgb-488-cfm-120-mm-fans-3-pack-mfy-f2dc-113pc-r1,https://cdna.pcpartpicker.com/static/forever/images/product/8aa1ab359bf6dcad583ebeb27d427c74.256p.jpg,120 mm,,650 - 1100 RPM,48.8 CFM,6 - 20 dB,Yes,
BitFenix Spectre Pro,https://pcpartpicker.com/product/zYrmP6/bitfenix-spectre-pro-rgb-230-15672-cfm-230-mm-fan-bff-srgb-23030c-rp,https://cdna.pcpartpicker.com/static/forever/images/product/4dce9717f7f7082b1860388b555b10e0.256p.jpg,230 mm,Black / White,900 RPM,156.72 CFM,25.6 dB,No,
ARCTIC BioniX F120,https://pcpartpicker.com/product/XJMwrH/arctic-bionix-f120-blackred-690-cfm-120mm-fan-acfan00092a,https://cdna.pcpartpicker.com/static/forever/images/product/2d8871106b449a6d4fde1dc49b374eeb.256p.jpg,120 mm,Black / Red,200 - 1800 RPM,69 CFM,24.4 dB,Yes,
In Win MARS,https://pcpartpicker.com/product/BZJtt6/inwin-mars-blackred-387-cfm-120mm-fan-marsfan-1pk-red,https://cdna.pcpartpicker.com/static/forever/images/product/84776e660a34a6cc480cf2ceb9f2f1f3.256p.jpg,120 mm,Black / Red,600 - 1400 RPM,38.73 CFM,25 dB,Yes,
ID-COOLING SF-12025-RGB 3-Pack,https://pcpartpicker.com/product/P8HRsY/id-cooling-sf-12025-rgb-745-cfm-120-mm-fans-3-pack-sf-12025-rgb-trio,https://images-eu.ssl-images-amazon.com/images/I/51%2BkZ6vVT5L.jpg,120 mm,Black / Transparent,700 - 1800 RPM,74.5 CFM,18 - 35.2 dB,Yes,
Deepcool CF 3-Pack,https://pcpartpicker.com/product/FDMwrH/deepcool-cf120-565-cfm-120-mm-fans-3-pack-dp-fa-rgb-cf120-3,https://cdna.pcpartpicker.com/static/forever/images/product/89ada51704856d20db33cce507f3e756.256p.jpg,120 mm,,500 - 1500 RPM,56.5 CFM,17.8 - 27 dB,Yes,
Cooler Master MasterFan MF120R,https://pcpartpicker.com/product/Vxkj4D/cooler-master-masterfan-mf120r-argb-59-cfm-120-mm-fan-r4-120r-20pc-r1,https://cdna.pcpartpicker.com/static/forever/images/product/ae67a9e317a6e28209c2f276f2609bd4.256p.jpg,120 mm,Black,650 - 2000 RPM,59 CFM,31 dB,Yes,
Aerocool X-Static,https://pcpartpicker.com/product/JXRzK8/aerocool-x-static-229-cfm-80mm-fan-x-static,https://cdna.pcpartpicker.com/static/forever/images/product/0eb346e282db178b208a84b07e0deb9f.256p.jpg,80 mm,Black / Clear,2000 RPM,22.9 CFM,21.8 dB,No,
Azza Hurricane 6-Pack,https://pcpartpicker.com/product/KCDJ7P/azza-hurricane-rgb-5612-cfm-120-mm-fans-6-pack-fnaz-12rgb-b011,https://cdna.pcpartpicker.com/static/forever/images/product/467a387873410b5672269a972a0f5a2f.256p.jpg,120 mm,Black,800 - 1800 RPM,56.12 CFM,29.8 dB,Yes,
Thermaltake Riing Plus,https://pcpartpicker.com/product/DG22FT/thermaltake-cl-f070-pl20sw-a-11796-cfm-200-mm-fan-cl-f070-pl20sw-a,https://cdna.pcpartpicker.com/static/forever/images/product/4367bb9410bd932f854a0837d00442e2.256p.jpg,200 mm,Black,500 - 1000 RPM,117.96 CFM,29.2 dB,Yes,
Rosewill RGBF-17002 2-Pack,https://pcpartpicker.com/product/yv22FT/rosewill-rgbf-17002-419-cfm-120-mm-fans-2-pack-rgbf-17002,https://cdna.pcpartpicker.com/static/forever/images/product/aaead0fb78d20f77dabb29b61f575c98.256p.jpg,120 mm,Clear,1200 RPM,41.9 CFM,23.2 dB,No,
Silverstone AP,https://pcpartpicker.com/product/Y6m323/silverstone-sst-ap124-argb-255-cfm-120-mm-fan-sst-ap124-argb,https://cdna.pcpartpicker.com/static/forever/images/product/8d3841aed1d93d4dfac6df0f88f676f9.256p.jpg,120 mm,Black / White,500 - 1800 RPM,6.37 - 25.5 CFM,19.25 - 23.54 dB,Yes,31.44
Fractal Design Dynamic X2,https://pcpartpicker.com/product/HffhP6/fractal-design-fd-fan-dyn-x2-gp12-wto-523-cfm-120mm-fan-fd-fan-dyn-x2-gp12-wto,https://m.media-amazon.com/images/I/31zjTVPhEvL.jpg,120 mm,White,1200 RPM,52.3 CFM,19.4 dB,No,
Lian Li Bora Lite 3-Pack,https://pcpartpicker.com/product/G8kj4D/lian-li-bora-lite-120-4831-cfm-120-mm-fans-3-pack-boralite120-3b,https://cdna.pcpartpicker.com/static/forever/images/product/2b69ac50ad9aff7df0b455d01a84ef6c.256p.jpg,120 mm,Black,900 - 1500 RPM,48.31 CFM,28.2 dB,Yes,
EK Vardar EVO 120ER 2-Pack,https://pcpartpicker.com/product/PvtQzy/ek-vardar-evo-120er-rgb-77-cfm-120-mm-fans-2-pack-tr-3830046995452-2p,https://m.media-amazon.com/images/I/41Ic3M2MDeL.jpg,120 mm,Black / White,500 - 2200 RPM,77 CFM,33.5 dB,Yes,
NZXT AER RGB 2 2-Pack,https://pcpartpicker.com/product/HpsmP6/nzxt-aer-rgb-2-5244-cfm-120-mm-fans-2-pack-hf-2812c-d1,https://cdna.pcpartpicker.com/static/forever/images/product/0e1b7f32b73f44d2dff5e6db0c559b0f.256p.jpg,120 mm,Black,500 - 1500 RPM,17.48 - 52.44 CFM,22 - 33 dB,Yes,
Aerocool Dark Force,https://pcpartpicker.com/product/4QJtt6/aerocool-dark-force-14-48-cfm-140mm-fan-en51349,https://cdna.pcpartpicker.com/static/forever/images/product/22d50a622762bb6d053a452ec3bbd95a.256p.jpg,140 mm,Black,1200 RPM,48 CFM,22 dB,No,
Corsair AF140 (2018),https://pcpartpicker.com/product/BYDJ7P/corsair-af140-led-2018-white-62-cfm-140mm-fan-co-9050085-ww,https://cdna.pcpartpicker.com/static/forever/images/product/26682e541c057c6627ba89884586b3af.256p.jpg,140 mm,Black / White,1150 RPM,62 CFM,26 dB,No,
Corsair AF140 (2018) 2-Pack,https://pcpartpicker.com/product/YtDJ7P/corsair-af140-led-2018-red-62-cfm-140-mm-fans-co-9050089-ww,https://cdna.pcpartpicker.com/static/forever/images/product/45d08f79af5893c2d7ed4cb82a442732.256p.jpg,140 mm,Black / White,1150 RPM,62 CFM,26 dB,No,
Corsair AF140 (2018),https://pcpartpicker.com/product/J2smP6/corsair-af140-led-2018-red-62-cfm-140mm-fan-co-9050086-ww,https://cdna.pcpartpicker.com/static/forever/images/product/ea149bc74f9d115f4f40f311ccfcac86.256p.jpg,140 mm,Black / White,1150 RPM,62 CFM,26 dB,No,
Antec Prizm,https://pcpartpicker.com/product/ZpTPxr/antec-prizm-6503-cfm-140-mm-fan-prizm-140-argb,https://m.media-amazon.com/images/I/41PuMSKqCFL.jpg,140 mm,,1700 RPM,65.03 CFM,32 dB,Yes,
be quiet! Shadow Wings 2,https://pcpartpicker.com/product/HJKcCJ/be-quiet-bl084-385-cfm-120mm-fan-bl084,https://cdna.pcpartpicker.com/static/forever/images/product/9355bf08e076843efd9f11ef1077813e.256p.jpg,120 mm,Black,1100 RPM,38.5 CFM,15.7 dB,No,
be quiet! Shadow Wings 2,https://pcpartpicker.com/product/trKcCJ/be-quiet-bl086-498-cfm-140mm-fan-bl086,https://cdna.pcpartpicker.com/static/forever/images/product/1db0c894353ca9aa8c51f56d1d9376c8.256p.jpg,140 mm,Black,900 RPM,49.8 CFM,14.7 dB,No,
ARCTIC P12,https://pcpartpicker.com/product/GqjJ7P/arctic-p12-563-cfm-120-mm-fan-acfan00131a,https://m.media-amazon.com/images/I/41zFxrrbWLL.jpg,120 mm,White / Translucent White,200 - 1800 RPM,56.3 CFM,22.5 dB,Yes,
RAIJINTEK Iris,https://pcpartpicker.com/product/6WgzK8/raijintek-iris-12-red-4217-cfm-120mm-fan-0r400040,https://cdna.pcpartpicker.com/static/forever/images/product/f15de855d09e2f472024260476d2bcc8.256p.jpg,120 mm,,800 - 1800 RPM,42.17 CFM,26.5 dB,Yes,
In Win Sirius Loop ASL,https://pcpartpicker.com/product/LjfhP6/in-win-sirius-loop-asl120-50-cfm-120-mm-fan-asl120-1pk,https://m.media-amazon.com/images/I/41Q5rzXWrnL.jpg,120 mm,Black,500 - 1800 RPM,50 CFM,27 dB,Yes,
Fractal Design Prisma AL 3-Pack,https://pcpartpicker.com/product/7tjJ7P/fractal-design-prisma-al-12-5063-cfm-120-mm-fans-3-pack-fd-fan-pri-al12-3p,https://cdna.pcpartpicker.com/static/forever/images/product/1632ca25db4478e7d4ae9d2b94b12746.256p.jpg,120 mm,White / Black,1200 RPM,50.63 CFM,19.5 dB,No,
Alpenföhn Wing Boost 3 ARGB 3-Pack,https://pcpartpicker.com/product/MXkgXL/alpenfohn-wing-boost-3-120-high-speed-779-cfm-120-mm-fans-3-pack-84000000165,https://cdna.pcpartpicker.com/static/forever/images/product/c0d21749760a6c1f1c96910efc3319f7.256p.jpg,120 mm,White,700 - 2200 RPM,77.9 CFM,36.8 dB,Yes,
Apevia FrostBlade 6-Pack,https://pcpartpicker.com/product/WjYLrH/apevia-fr612l2s-rgb-frostblade-5767-cfm-120-mm-fans-6-pack-fr612l2s-rgb,https://cdna.pcpartpicker.com/static/forever/images/product/51e364c48529cd400cc2fbcae5a63583.256p.jpg,120 mm,Black,1350 RPM,57.67 CFM,24.7 dB,No,
ARCTIC F9 TC,https://pcpartpicker.com/product/P9GnTW/arctic-f9-tc-43-cfm-92-mm-fan-afaco-090t0-gba01,https://cdna.pcpartpicker.com/static/forever/images/product/b22592323a27f892fdb4583c8832c238.256p.jpg,92 mm,White / Black,1800 RPM,43 CFM,,No,
Fractal Design Prisma SL,https://pcpartpicker.com/product/wRJmP6/fractal-design-prisma-sl-14-6333-cfm-140-mm-fan-fd-fan-pri-sl14-bu,https://cdna.pcpartpicker.com/static/forever/images/product/87e7b1f921ae306247b8f4d8c4d7908c.256p.jpg,140 mm,Black / White,1000 RPM,63.33 CFM,19.4 dB,No,
Rosewill RFA-RL1201,https://pcpartpicker.com/product/wgRzK8/rosewill-rfa-rl1201-352-cfm-120-mm-fan-rfa-rl1201,https://cdna.pcpartpicker.com/static/forever/images/product/e313d0b6e718b7cf241cea8bc8f2dfd0.256p.jpg,120 mm,Black,1800 RPM,35.2 CFM,26.8 dB,Yes,
Antec TRICOOL,https://pcpartpicker.com/product/kfm323/antec-tricool-r-led-120-79-cfm-120-mm-fan-tricool-r-led-120,https://cdna.pcpartpicker.com/static/forever/images/product/791213cc7a649ac10b902b35e8bf2685.256p.jpg,120 mm,Transparent,1200 - 2000 RPM,39 - 79 CFM,,No,
Apevia Spectra 6-Pack,https://pcpartpicker.com/product/4p3mP6/apevia-sp612l2s-rgb-5767-cfm-120-mm-fans-6-pack-sp612l2s-rgb,https://cdna.pcpartpicker.com/static/forever/images/product/b40bc660ebc5dc674e8c91a39e450e6e.256p.jpg,120 mm,Black,1350 RPM,57.67 CFM,24.7 dB,Yes,
SilentiumPC Zephyr 140,https://pcpartpicker.com/product/VfCFf7/silentiumpc-zephyr-140-47-cfm-140-mm-fan-spc018,https://cdna.pcpartpicker.com/static/forever/images/product/df8d915e7240559ead3d66f921aa27ba.256p.jpg,140 mm,Black,600 RPM,47 CFM,8.9 dB,No,
SHARKOON RGB SHARK Lights,https://pcpartpicker.com/product/JbzFf7/sharkoon-rgb-shark-lights-3296-cfm-120-mm-fan-4044951028924,https://cdna.pcpartpicker.com/static/forever/images/product/9261422d119026c40bfe4592c440a7e8.256p.jpg,120 mm,Black,1000 RPM,32.96 CFM,15.2 dB,No,
NoiseBlocker NB-ELOOP X ARGB,https://pcpartpicker.com/product/VWTzK8/noiseblocker-nb-eloop-x-b14-p-argb-10947-cfm-140-mm-fan-itr-b14x-p,https://cdna.pcpartpicker.com/static/forever/images/product/c091f713c981ed77eaacb127339fb497.256p.jpg,140 mm,White,,0 - 109.47 CFM,0 - 29.6 dB,Yes,
ARCTIC BioniX P140,https://pcpartpicker.com/product/djkgXL/arctic-bionix-p140-776-cfm-140-mm-fan-acfan00128a,https://cdna.pcpartpicker.com/static/forever/images/product/8ecbcf3daf893222fb08b001dcd3225c.256p.jpg,140 mm,Black / White,200 - 1950 RPM,77.6 CFM,,Yes,
GameMax Velocity ARGB,https://pcpartpicker.com/product/KNwkcf/gamemax-948-cfm-120-mm-fan-dual-argb-kab-01a,https://cdna.pcpartpicker.com/static/forever/images/product/5d1bf73a297007778f2c855d06396213.256p.jpg,120 mm,Black,1500 RPM,94.8 CFM,23.8 dB,No,
Anidees AI Aureola Duo 3-Pack,https://pcpartpicker.com/product/JxMTwP/anidees-412-cfm-140-mm-fans-3-pack-ai-aureola-duo14-3-pack,/static/forever/img/no-image.png,140 mm,Black,1200 RPM,41.2 CFM,26.8 dB,No,
EK EK-Vardar EVO 140ER,https://pcpartpicker.com/product/6QXYcf/ek-ek-vardar-evo-140er-84-cfm-140-mm-fan-3830046995469,https://cdna.pcpartpicker.com/static/forever/images/product/f64cbdfb8547f89fc340c108b53dff05.256p.jpg,140 mm,Black / White,400 - 1600 RPM,,,Yes,
Enermax SquA RGB,https://pcpartpicker.com/product/tdBhP6/enermax-squa-rgb-6827-cfm-120-mm-fan-ucsqargb12p-sg,https://cdna.pcpartpicker.com/static/forever/images/product/ccbbb47bc8a4a60693096a7895a8bf26.256p.jpg,120 mm,Black,300 - 1500 RPM,24.53 - 68.27 CFM,12 - 23 dB,Yes,
Zalman SF140,https://pcpartpicker.com/product/nPstt6/zalman-sf140-61-cfm-140-mm-fan-zm-sf140,https://cdna.pcpartpicker.com/static/forever/images/product/247010f546bb904aac2e72e8f11130e4.256p.jpg,140 mm,Silver / Black,800 - 1500 RPM,61 CFM,29 dB,Yes,
Gelid Solutions Stella,https://pcpartpicker.com/product/R2mmP6/gelid-solutions-stella-70-cfm-120-mm-fan-fn-stella-01,https://cdna.pcpartpicker.com/static/forever/images/product/0cf97a4f687aae000c9ea4241a8d7117.256p.jpg,120 mm,Black,500 - 1600 RPM,70 CFM,35 dB,Yes,
ARCTIC F14 PWM PST 5-Pack,https://pcpartpicker.com/product/M2WzK8/arctic-f14-pwm-pst-74-cfm-140-mm-fans-5-pack-acfan00091a,https://cdna.pcpartpicker.com/static/forever/images/product/eb22a54c6359b26a53844d92f8effbd5.256p.jpg,140 mm,Black / White,200 - 1350 RPM,74 CFM,,Yes,
Iceberg Thermal IceGALE,https://pcpartpicker.com/product/xxt9TW/iceberg-thermal-icegale-76-cfm-120-mm-fan-icegale12-b0a,https://cdna.pcpartpicker.com/static/forever/images/product/aa3b8d1f39c4c320a3d7c4aaa97e3848.256p.jpg,120 mm,Gray / White,500 - 1850 RPM,76 CFM,0 - 35 dB,Yes,
Iceberg Thermal IceGALE,https://pcpartpicker.com/product/rq7G3C/iceberg-thermal-icegale-96-cfm-140-mm-fan-icegale14-a0a,https://cdna.pcpartpicker.com/static/forever/images/product/d57dada830afa1382421a654fba9c335.256p.jpg,140 mm,Teal / White,500 - 1600 RPM,96 CFM,0 - 36 dB,Yes,
Iceberg Thermal IceGALE,https://pcpartpicker.com/product/26mmP6/iceberg-thermal-icegale-96-cfm-140-mm-fan-icegale14-b0a,https://cdna.pcpartpicker.com/static/forever/images/product/167e5dd6d8d6343ce78d50ea12085d37.256p.jpg,140 mm,Gray / White,500 - 1600 RPM,96 CFM,0 - 36 dB,Yes,
Iceberg Thermal IceGALE Xtra,https://pcpartpicker.com/product/ZXFbt6/iceberg-thermal-icegale-xtra-169-cfm-140-mm-fan-icegale14d-a0a,https://cdna.pcpartpicker.com/static/forever/images/product/b519dedebd93a6325d979ba2f30c61b0.256p.jpg,140 mm,Teal / White,500 - 2500 RPM,169 CFM,0 - 47 dB,Yes,
Iceberg Thermal IceGALE Xtra,https://pcpartpicker.com/product/4ZrRsY/iceberg-thermal-icegale-xtra-169-cfm-140-mm-fan-icegale14d-c0a,https://cdna.pcpartpicker.com/static/forever/images/product/0dd489b1be308dc380bd4e050c0f21bd.256p.jpg,140 mm,Black / White,500 - 2500 RPM,169 CFM,0 - 47 dB,Yes,
In Win Sirius Extreme Pure ASE120P 3-Pack,https://pcpartpicker.com/product/GrbTwP/in-win-sirius-extreme-pure-ase120p-54-cfm-120-mm-fans-3-pack-iw-fn-ase120p-3pk,https://m.media-amazon.com/images/I/4163d9ZvbLL.jpg,120 mm,White,400 - 1500 RPM,54 CFM,21 - 25 dB,Yes,
NZXT AER RGB 2 3-Pack,https://pcpartpicker.com/product/7bPQzy/nzxt-aer-rgb-2-5244-cfm-120-mm-fans-3-pack-hf-2812c-tw,https://cdna.pcpartpicker.com/static/forever/images/product/2ee2686197e515dc817056669a9b417e.256p.jpg,120 mm,White,500 - 1500 RPM,17.48 - 52.44 CFM,22 - 33 dB,Yes,
NZXT AER RGB 2,https://pcpartpicker.com/product/yy3gXL/nzxt-aer-rgb-2-5244-cfm-140-mm-fan-hf-28140-bw,https://cdna.pcpartpicker.com/static/forever/images/product/b155dfaea6414434dc38e0673448acd5.256p.jpg,140 mm,White,500 - 1500 RPM,17.48 - 52.44 CFM,22 - 33 dB,Yes,38.98
ID-COOLING NO-9225-XT-ARGB,https://pcpartpicker.com/product/jxpzK8/id-cooling-no-9225-xt-argb-458-cfm-92-mm-fan-no-9225-xt-argb,https://cdna.pcpartpicker.com/static/forever/images/product/012d82e9c4ec5bce6ac639f5fcbe1a7f.256p.jpg,92 mm,Black / White,600 - 2200 RPM,45.8 CFM,14 - 25.8 dB,Yes,
ID-COOLING DF-12025-RGB-TRIO 3-Pack,https://pcpartpicker.com/product/R37G3C/id-cooling-df-12025-rgb-trio-565-cfm-120-mm-fans-3-pack-df-12025-rgb-trio,https://cdna.pcpartpicker.com/static/forever/images/product/2d1a92610c277c7479dc472f3d41cc7b.256p.jpg,120 mm,Black,900 - 2000 RPM,56.5 CFM,16 - 31.5 dB,Yes,
ID-COOLING XF-12025-RGB-SNOW,https://pcpartpicker.com/product/QQrRsY/id-cooling-xf-12025-rgb-snow-745-cfm-120-mm-fan-xf-12025-rgb-snow,https://cdna.pcpartpicker.com/static/forever/images/product/767c33eee2c1dceea2fb841e15218123.256p.jpg,120 mm,White,700 - 1800 RPM,74.5 CFM,18 - 35.2 dB,Yes,
ID-COOLING XF-12025-RGB-TRIO 3-Pack,https://pcpartpicker.com/product/3D92FT/id-cooling-xf-12025-rgb-trio-745-cfm-120-mm-fans-3-pack-xf-12025-rgb-trio,https://cdna.pcpartpicker.com/static/forever/images/product/2762d2745a41872b8832ad0a6bf83581.256p.jpg,120 mm,Black / White,700 - 1800 RPM,74.5 CFM,18 - 35.2 dB,Yes,
ID-COOLING TF-9215,https://pcpartpicker.com/product/jM92FT/id-cooling-tf-9215-46-cfm-92-mm-fan-tf-9215,https://cdna.pcpartpicker.com/static/forever/images/product/8946cfcd3e78cd27a2fab5c773be3336.256p.jpg,92 mm,Black / White,800 - 2800 RPM,46 CFM,14 - 35.2 dB,Yes,
ID-COOLING WF-12025,https://pcpartpicker.com/product/BR7G3C/id-cooling-wf-12025-745-cfm-120-mm-fan-wf-12025,https://cdna.pcpartpicker.com/static/forever/images/product/809d45d55867eccccfc07318e255067d.256p.jpg,120 mm,Black / White,700 - 1800 RPM,74.5 CFM,18 - 35.2 dB,Yes,
Corsair ML140 LED ELITE Blue Premium,https://pcpartpicker.com/product/xjFbt6/corsair-ml140-led-elite-blue-premium-829-cfm-140-mm-fan-co-9050131-ww,https://cdna.pcpartpicker.com/static/forever/images/product/d99d859b3191a2e6f8eede108c9df166.256p.jpg,140 mm,White,400 - 1600 RPM,15 - 82.9 CFM,10 - 31.8 dB,Yes,
Fractal Design Silent R3,https://pcpartpicker.com/product/TCbkcf/fractal-design-silent-r3-36-cfm-40-mm-fan-fd-fan-ssr3-40-wt,https://cdna.pcpartpicker.com/static/forever/images/product/014e21ec239938ecac99426e8f844682.256p.jpg,40 mm,Black / White,4000 RPM,3.6 CFM,20 dB,No,
Fractal Design Silent R3,https://pcpartpicker.com/product/BZRFf7/fractal-design-silent-r3-133-cfm-60-mm-fan-fd-fan-ssr3-60-wt,https://cdna.pcpartpicker.com/static/forever/images/product/f53e91b63ce3fbbbcbc24320acda5f7b.256p.jpg,60 mm,Black / White,2500 RPM,13.3 CFM,20.6 dB,No,
ARCTIC P PST,https://pcpartpicker.com/product/wx4Ycf/arctic-p-pst-689-cfm-140-mm-fan-acfan00238a,https://cdna.pcpartpicker.com/static/forever/images/product/1549686ec373b1fd9b09052b39c8a88d.256p.jpg,140 mm,Black / Transparent,,68.9 CFM,0 - 68.9 dB,Yes,
ARCTIC P PST 3-Pack,https://pcpartpicker.com/product/DtPQzy/arctic-p-pst-689-cfm-140-mm-fans-3-pack-acfan00255a,https://cdna.pcpartpicker.com/static/forever/images/product/171e8e59b0dd8a35005111caa7c38aac.256p.jpg,140 mm,Black / Transparent,,68.9 CFM,0 - 68.9 dB,Yes,
ID-COOLING ZF-12025 Pastel,https://pcpartpicker.com/product/QVJgXL/id-cooling-zf-12025-pastel-552-cfm-120-mm-fan-zf-12025-mg,/static/forever/img/no-image.png,120 mm,Green,900 - 2000 RPM,55.2 CFM,16.3 - 33.5 dB,Yes,
Iceberg Thermal IceGALE Silent PWM 3-Pack,https://pcpartpicker.com/product/KxXJ7P/iceberg-thermal-icegale-silent-pwm-55-cfm-120-mm-fans-3-pack-icegale12p-bbt-3a,https://m.media-amazon.com/images/I/51q31OekGkL.jpg,120 mm,Black / Blue,600 - 1600 RPM,50 - 55 CFM,20 - 25 dB,Yes,35.99
ARCTIC F8 PWM PST,https://pcpartpicker.com/product/zbqPxr/arctic-f8-pwm-pst-31-cfm-80-mm-fan-acfan00204a,https://cdna.pcpartpicker.com/static/forever/images/product/cd1917f148d4ddc23be5e57cd96f8a28.256p.jpg,80 mm,Black,300 - 2000 RPM,31 CFM,,Yes,
ARCTIC F8 PWM PST 5-Pack,https://pcpartpicker.com/product/Tdstt6/arctic-f8-pwm-pst-31-cfm-80-mm-fans-5-pack-acfan00064a,https://cdna.pcpartpicker.com/static/forever/images/product/aaf72a552e3521bb9b646ab713e4b592.256p.jpg,80 mm,Black / White,300 - 2000 RPM,31 CFM,,Yes,
Scythe Kaze Flex II Slim,https://pcpartpicker.com/product/nj4Zxr/scythe-kaze-flex-ii-slim-32-cfm-120-mm-fan-kfs1215fd12-p,https://cdna.pcpartpicker.com/static/forever/images/product/fcc5039332e3c9c64133366191cd66fb.256p.jpg,120 mm,Black,300 - 1200 RPM,8.16 - 32 CFM,2.58 - 21.3 dB,Yes,15.95
Cooler Master MasterFan SF120M ARGB,https://pcpartpicker.com/product/sj4Zxr/cooler-master-masterfan-sf120m-argb-62-cfm-120-mm-fan-mfz-b2dn-20npa-r1,https://m.media-amazon.com/images/I/411gOKpqZJL.jpg,120 mm,Black,650 - 2000 RPM,35 - 62 CFM,5.5 - 22 dB,Yes,
Silverstone Air Slimmer,https://pcpartpicker.com/product/2d6NnQ/silverstone-air-slimmer-4573-cfm-92-mm-fan-sst-as90b-argb,https://cdna.pcpartpicker.com/static/forever/images/product/adbd8ded2e874e7d8a73092e334bb5a8.256p.jpg,92 mm,Black,500 - 2500 RPM,5.38 - 45.73 CFM,11.3 - 32 dB,Yes,
Iceberg Thermal IceGALE ARGB 3-Pack,https://pcpartpicker.com/product/GCzXsY/iceberg-thermal-icegale-argb-94-cfm-120-mm-fans-3-pack-icegale12a-b3a,https://m.media-amazon.com/images/I/41u0VzDp-gL.jpg,120 mm,Black / Teal,500 - 2200 RPM,94 CFM,0 - 38 dB,Yes,
Jonsbo ZG 3-Pack,https://pcpartpicker.com/product/4vjRsY/jonsbo-zg-617-cfm-120-mm-fans-3-pack-zg-120br3-in-1,/static/forever/img/no-image.png,120 mm,Black,500 - 1500 RPM,20.1 - 61.7 CFM,23.8 - 36.8 dB,Yes,
Alpenföhn JetStream,https://pcpartpicker.com/product/83wmP6/alpenfohn-jetstream-55326-cfm-120-mm-fan-84000000217,https://cdna.pcpartpicker.com/static/forever/images/product/31fc083a7d028532e8eeb6fcce91dc31.256p.jpg,120 mm,Black,400 - 1600 RPM,55.326 CFM,22.8 dB,Yes,
Alpenföhn JetStream 3-Pack,https://pcpartpicker.com/product/xKqrxr/alpenfohn-jetstream-55326-cfm-120-mm-fans-3-pack-84000000218,https://cdna.pcpartpicker.com/static/forever/images/product/3887e2bce103a973d914bc5552dacb82.256p.jpg,120 mm,Black,400 - 1600 RPM,55.326 CFM,22.8 dB,Yes,
Fractal Design Prisma AL 3-Pack,https://pcpartpicker.com/product/bXYRsY/fractal-design-prisma-al-8571-cfm-120-mm-fans-3-pack-d-fan-pri-al12-pwm-3p,https://cdna.pcpartpicker.com/static/forever/images/product/e00e06abcc114fba057baceef86f5fab.256p.jpg,120 mm,White / Black,500 - 2000 RPM,20.68 - 85.71 CFM,,Yes,
Antec Storm T3,https://pcpartpicker.com/product/WDQKHx/antec-storm-t3-8047-cfm-120-mm-fan-0-761345-77727-8,/static/forever/img/no-image.png,120 mm,Black,600 - 2200 RPM,18.17 - 80.47 CFM,36.99 dB,Yes,
Antec Storm T3,https://pcpartpicker.com/product/zYRwrH/antec-storm-t3-11272-cfm-140-mm-fan-0-761345-77729-2,/static/forever/img/no-image.png,140 mm,Black,600 - 1500 RPM,44.82 - 112.72 CFM,33.69 dB,Yes,
Thermalright TL-E12B EXTREM,https://pcpartpicker.com/product/FZXV3C/thermalright-tl-e12b-extrem-78-cfm-120-mm-fan-tl-e12b-extrem,https://m.media-amazon.com/images/I/51AOj7u91kL.jpg,120 mm,Black,1850 RPM,78 CFM,27.7 dB,Yes,
Cougar VORTEX VK120 3-Pack,https://pcpartpicker.com/product/tm88TW/cougar-vortex-vk120-4898-cfm-120-mm-fans-3-pack-3mvk12030001,https://cdna.pcpartpicker.com/static/forever/images/product/59df37639f49574ee243145e6ecdf8d6.256p.jpg,120 mm,Black,600 - 1500 RPM,48.98 CFM,29.8 dB,Yes,
Geometric Future Squama 2505 3-Pack,https://pcpartpicker.com/product/BKkH99/geometric-future-squama-2505-913-cfm-120-mm-fans-3-pack-geo-s2505b-3,https://m.media-amazon.com/images/I/41uN20J8+JL.jpg,120 mm,Black,2000 RPM,91.3 CFM,35.06 dB,Yes,
Geometric Future Squama 2501 3-Pack,https://pcpartpicker.com/product/YxWJ7P/geometric-future-squama-2501-8081-cfm-120-mm-fans-3-pack-geo-s2501b-3,https://m.media-amazon.com/images/I/41z4GTD4WOL.jpg,120 mm,Black,2000 RPM,80.81 CFM,34.2 dB,Yes,
Thermalright TL-B Extrem LCP 3-Pack,https://pcpartpicker.com/product/j7Hqqs/thermalright-tl-b-extrem-lcp-69-cfm-120-mm-fans-3-pack-tl-b12-extrem-lcp-x3,/static/forever/img/no-image.png,120 mm,Black,2150 RPM,69 CFM,28.1 dB,Yes,
Thermalright TL-15R,https://pcpartpicker.com/product/zgHqqs/thermalright-tl-15r-4258-cfm-92-mm-fan-tl-9015r,/static/forever/img/no-image.png,92 mm,,2700 RPM,42.58 CFM,22.4 dB,Yes,
Iceberg Thermal IceGALE Lightning ARGB 3-Pack,https://pcpartpicker.com/product/RdWJ7P/iceberg-thermal-icegale-lightning-argb-7674-cfm-120-mm-fans-3-pack-ig12lt-b3a,https://m.media-amazon.com/images/I/414TYcuR-uL.jpg,120 mm,Black,200 - 2200 RPM,76.74 CFM,28.9 dB,Yes,
Cooler Master SickleFlow,https://pcpartpicker.com/product/R6CFf7/cooler-master-sickleflow-92-mm-fan-mfx-b9nn-23npk-r1,https://m.media-amazon.com/images/I/51zGTpvZy7L.jpg,92 mm,Black,,,,Yes,
Apevia 12S 10-Pack,https://pcpartpicker.com/product/vwdrxr/apevia-12s-5767-cfm-120-mm-fans-10-pack-1012s-wb,https://m.media-amazon.com/images/I/41jz6tVhwUL.jpg,120 mm,Black / White,1350 RPM,57.67 CFM,24.7 dB,No,
Apevia Cosmos 5-Pack,https://pcpartpicker.com/product/RnrYcf/apevia-cosmos-5767-cfm-120-mm-fans-5-pack-co512l-og,https://m.media-amazon.com/images/I/41aF9gfKPRL.jpg,120 mm,Orange / Black,1350 RPM,57.67 CFM,24.7 dB,No,
Rosewill ROCF-22001 5-Pack,https://pcpartpicker.com/product/YgYmP6/rosewill-rocf-22001-321-cfm-120-mm-fans-5-pack-rocf-22001,https://m.media-amazon.com/images/I/41GtJIQXZFL.jpg,120 mm,Black,1200 RPM,32.1 CFM,23.5 dB,No,
Phanteks PH-F120MP V2 RADIATOR,https://pcpartpicker.com/product/TJvqqs/phanteks-ph-f120mp-v2-radiator-605-cfm-120-mm-fan-ph-f120mp_wt02,https://m.media-amazon.com/images/I/4170SwanOqL.jpg,120 mm,White,500 - 2200 RPM,60.5 CFM,34.2 dB,Yes,
Phanteks PH-F140MP V2,https://pcpartpicker.com/product/YgDkcf/phanteks-ph-f140mp-v2-93-cfm-140-mm-fan-ph-f140mp_bk02,https://m.media-amazon.com/images/I/4153b6PVAWL.jpg,140 mm,Black / White,500 - 2000 RPM,93 CFM,39.1 dB,Yes,
SHARKOON Rebel F50,https://pcpartpicker.com/product/GRXV3C/sharkoon-rebel-f50-7765-cfm-120-mm-fan-4044951040162,https://m.media-amazon.com/images/I/31wlY6nAHDL.jpg,120 mm,White,600 - 2000 RPM,77.65 CFM,35 dB,Yes,
ID-COOLING XF-120,https://pcpartpicker.com/product/4WTZxr/id-cooling-xf-120-682-cfm-120-mm-fan-xf-120-argb-w,https://cdna.pcpartpicker.com/static/forever/images/product/636c06e2bd5d8789f3826e0a0eecd09f.256p.jpg,120 mm,,500 - 1500 RPM,68.2 CFM,13.8 - 30.5 dB,Yes,
YEYIAN Typhoon 3-Pack,https://pcpartpicker.com/product/HJQKHx/yeyian-typhoon-36-cfm-120-mm-fans-3-pack-yct-050720b,https://m.media-amazon.com/images/I/51U1ztE5aAL.jpg,120 mm,Black,1500 RPM,36 CFM,23.5 dB,No,
Thermalright TL-P12,https://pcpartpicker.com/product/M9mNnQ/thermalright-tl-p12-5286-cfm-120-mm-fan-tl-p12w,/static/forever/img/no-image.png,120 mm,White,1500 RPM,52.86 CFM,22.1 dB,Yes,
Xilence XPF120.R,https://pcpartpicker.com/product/KrkH99/xilence-xpf120r-4471-cfm-120-mm-fan-xf039,https://m.media-amazon.com/images/I/51-sQ-5dG6L.jpg,120 mm,Red / Black,1300 RPM,44.71 CFM,22 dB,No,
Xilence XPF80.R.PWM,https://pcpartpicker.com/product/WpTZxr/xilence-xpf80rpwm-218-cfm-80-mm-fan-xf040,https://m.media-amazon.com/images/I/41iSHBn3WpL.jpg,80 mm,Red / Black,800 - 1800 RPM,21.8 CFM,20 dB,Yes,
ENDORFY Fluctus,https://pcpartpicker.com/product/nF7scf/endorfy-fluctus-120-mm-fan-ey4a002,https://cdna.pcpartpicker.com/static/forever/images/product/92940bfd367df65dea9510aa50dffdb8.256p.jpg,120 mm,Black,250 - 1800 RPM,,,Yes,
GameMax KF300 3-Pack,https://pcpartpicker.com/product/RyjRsY/gamemax-kf300-4435-cfm-120-mm-fans-3-pack-kf300-bk,https://cdna.pcpartpicker.com/static/forever/images/product/da868520b32e19eac528909022e91635.256p.jpg,120 mm,Black,800 - 1600 RPM,44.35 CFM,31.21 dB,Yes,
Antec Neo Prizm T3 3-Pack,https://pcpartpicker.com/product/mJ6NnQ/antec-neo-prizm-t3-6986-cfm-120-mm-fans-3-pack-0-761345-77773-5,https://cdna.pcpartpicker.com/static/forever/images/product/7dc6263c860a443583212be2cfb3efe1.256p.jpg,120 mm,Black,600 - 2000 RPM,19.24 - 69.86 CFM,9.73 - 31.62 dB,Yes,
Antec Neo Prizm T3 3-Pack,https://pcpartpicker.com/product/rnYRsY/antec-neo-prizm-t3-8052-cfm-140-mm-fans-3-pack-0-761345-77764-3,https://cdna.pcpartpicker.com/static/forever/images/product/7cb72ad2b9fc35265bfa710adb6dbad7.256p.jpg,140 mm,Black,600 - 1500 RPM,31.19 - 80.52 CFM,10.52 - 30.4 dB,Yes,
SilentiumPC Sigma Pro,https://pcpartpicker.com/product/WBDnTW/silentiumpc-sigma-pro-120-mm-fan-spc134,/static/forever/img/no-image.png,120 mm,Black,600 - 1600 RPM,,,Yes,
SilentiumPC Stella HP ARGB,https://pcpartpicker.com/product/4BDnTW/silentiumpc-stella-hp-argb-120-mm-fan-spc235,https://m.media-amazon.com/images/I/41SM8NIg86L.jpg,120 mm,Black,250 - 2300 RPM,,,Yes,
Vetroo SA-120,https://pcpartpicker.com/product/Nykqqs/vetroo-sa-120-5818-cfm-120-mm-fan-vt-fan-fdb120-wt,https://m.media-amazon.com/images/I/31LVDxqM05L.jpg,120 mm,White,800 - 1300 RPM,26.05 - 58.18 CFM,36.1 dB,Yes,12.99
Vetroo SA-140,https://pcpartpicker.com/product/M3tkcf/vetroo-sa-140-6929-cfm-140-mm-fan-vt-fan-argb140-wt,/static/forever/img/no-image.png,140 mm,White,1200 RPM,69.29 CFM,33.5 dB,Yes,9.88
Thermalright TL-H12-X28-S,https://pcpartpicker.com/product/r34Pxr/thermalright-tl-h12-x28-s-8045-cfm-120-mm-fan-tl-h12w-x28-s,/static/forever/img/no-image.png,120 mm,White,2150 RPM,80.45 CFM,29.4 dB,Yes,
Thermaltake CT140 EX ARGB Sync 3-Pack,https://pcpartpicker.com/product/33Hp99/thermaltake-ct140-ex-argb-sync-903-cfm-140-mm-fans-3-pack-cl-f217-pl14bb-a,https://cdna.pcpartpicker.com/static/forever/images/product/a18cf65069114a830e0c5908b81b1073.256p.jpg,140 mm,Yellow,500 - 1800 RPM,90.3 CFM,30.7 dB,Yes,69.98
PREYON Falcon Eye,https://pcpartpicker.com/product/z9y8TW/preyon-falcon-eye-54-cfm-120-mm-fan-pfe1201b,https://m.media-amazon.com/images/I/41dH1eFX0hL.jpg,120 mm,Black,800 - 1800 RPM,54 CFM,,Yes,
Thermalright TL-H12W-X28-R9,https://pcpartpicker.com/product/g4QwrH/thermalright-tl-h12w-x28-r9-982-cfm-120-mm-fan-tl-h12w-x28-r9,/static/forever/img/no-image.png,120 mm,White,2400 RPM,98.2 CFM,32.7 dB,Yes,
Montech E28,https://pcpartpicker.com/product/kqMXsY/montech-e28-8509-cfm-120-mm-fan-4710562748925,/static/forever/img/no-image.png,120 mm,White,800 - 2000 RPM,85.09 CFM,34.17 dB,Yes,
Montech E28 3-Pack,https://pcpartpicker.com/product/jvtkcf/montech-e28-8509-cfm-120-mm-fans-3-pack-4710562741834,/static/forever/img/no-image.png,120 mm,Black,800 - 2000 RPM,85.09 CFM,34.17 dB,Yes,
Thermaltake CT140 EX Reverse ARGB Sync 3-Pack,https://pcpartpicker.com/product/jWfV3C/thermaltake-ct140-ex-reverse-argb-sync-9495-cfm-140-mm-fans-3-pack-cl-f230-pl14rg-a,https://cdna.pcpartpicker.com/static/forever/images/product/c17829f9f5e1c765c24b85a70db96c38.256p.jpg,140 mm,Green / Black,500 - 1800 RPM,94.95 CFM,32.8 dB,Yes,69.98
BitFenix Spectre,https://pcpartpicker.com/product/WWFPxr/bitfenix-spectre-435-cfm-120-mm-fan-bff-scf-12025ww-rp,https://cdna.pcpartpicker.com/static/forever/images/product/8011ca8f6ec90add80ca2096792dfb56.med.256p.jpg,120 mm,White,1000 RPM,43.5 CFM,20 dB,No,
SilenX Effizio,https://pcpartpicker.com/product/NkphP6/silenx-case-fan-efx0815b,https://cdna.pcpartpicker.com/static/forever/images/product/ad9ba9954464baa3b92b4ddfef9f40e2.256p.jpg,80 mm,Clear,1700 RPM,32 CFM,15 dB,No,19.96
Phanteks PH-F120SK,https://pcpartpicker.com/product/tJLwrH/phanteks-ph-f120sk-50-cfm-120-mm-fan-ph-f120sk_bbk_pwm,https://cdna.pcpartpicker.com/static/forever/images/product/3d2b826742fcd16ccad56f1580541dd5.256p.jpg,120 mm,Black,500 - 1500 RPM,50 CFM,27 dB,Yes,
Iceberg Thermal IceGALE,https://pcpartpicker.com/product/7sstt6/iceberg-thermal-icegale-29-cfm-80-mm-fan-icegale08-a0a,https://cdna.pcpartpicker.com/static/forever/images/product/6e04fdc0f80c7649c991df8343e684e8.256p.jpg,80 mm,Teal / White,800 - 2000 RPM,29 CFM,0 - 26 dB,Yes,10.08
Scythe Kaze Flex,https://pcpartpicker.com/product/tKVG3C/scythe-kaze-flex-4303-cfm-120-mm-fan-su1225fd12lr-rd,https://m.media-amazon.com/images/I/310LBBKcwzL.jpg,120 mm,Black,800 RPM,43.03 CFM,14.5 dB,No,
SeaSonic MAGFLOW ARGB 3-Pack,https://pcpartpicker.com/product/mCcgXL/seasonic-magflow-argb-4947-cfm-120-mm-fans-3-pack-magflow-argb-3,https://cdna.pcpartpicker.com/static/forever/images/product/f5f51eea1450a317b04480cdad5001ec.256p.jpg,120 mm,Black,2000 RPM,49.47 CFM,30.115 dB,Yes,
Geometric Future Squama 2503,https://pcpartpicker.com/product/WQjRsY/geometric-future-squama-2503-9115-cfm-140-mm-fan-geo-s2503w-14s,https://cdna.pcpartpicker.com/static/forever/images/product/6bdb110b753c15602f2e099da1216a1e.256p.jpg,140 mm,White,800 - 2400 RPM,91.15 CFM,34 dB,Yes,19.89
ARCTIC F12 CO,https://pcpartpicker.com/product/KzQypg/arctic-arctic-f12-pwm-co-74-cfm-120-mm-fan-afaco-120pc-gba01,https://cdna.pcpartpicker.com/static/forever/images/product/b0bfa66e27a80c039f7eabaacc6215e7.256p.jpg,120 mm,Black,600 - 1350 RPM,74 CFM,,Yes,
Enermax Magma,https://pcpartpicker.com/product/bBkD4D/enermax-uc-ma8-3415-cfm-80-mm-fan-uc-ma8,https://images-na.ssl-images-amazon.com/images/I/515w8QgW8aL.jpg,80 mm,Red,2200 RPM,34.15 CFM,21 dB,No,
SilenX Effizio,https://pcpartpicker.com/product/Dbbp99/silenx-efx-12-12-44-cfm-120-mm-fan-efx-12-12,https://cdna.pcpartpicker.com/static/forever/images/product/320117589550759368f2cd488b80f1af.256p.jpg,120 mm,Yellow,1100 RPM,44 CFM,12 dB,No,20.27
SilenX Effizio,https://pcpartpicker.com/product/nsDwrH/silenx-case-fan-efx0815r,https://m.media-amazon.com/images/I/41mB-pcHXcL.jpg,80 mm,Clear,1700 RPM,32 CFM,15 dB,No,20.07
StarTech FANBOX,https://pcpartpicker.com/product/vPZQzy/startech-fanbox12-7294-cfm-120-mm-fan-fanbox12,https://m.media-amazon.com/images/I/41c2MUP8uPL.jpg,120 mm,Black,2000 RPM,72.94 CFM,30 dB,No,11.47
Scythe Gentle Typhoon,https://pcpartpicker.com/product/xFR48d/scythe-gentle-typhoon-1825-cfm-120-mm-fan-d1225c12b1ap-11,https://m.media-amazon.com/images/I/411yGY0GzQL.jpg,120 mm,Gray,500 RPM,18.25 CFM,5 dB,No,25.67
Nexus DF1209SL-3PWM,https://pcpartpicker.com/product/HYkD4D/nexus-df1209sl-3pwm-435-cfm-92-mm-fan-df1209sl-3pwm,https://images-fe.ssl-images-amazon.com/images/I/51L7RxIVSbL.jpg,92 mm,Clear,2500 RPM,43.5 CFM,15.8 dB,Yes,9.94
Prolimatech Vortex,https://pcpartpicker.com/product/XXDwrH/prolimatech-pro-bv12-7267-cfm-120-mm-fan-pro-bv12,https://images-na.ssl-images-amazon.com/images/I/51tNyJHRQHL.jpg,120 mm,Blue,1200 - 1600 RPM,72.67 CFM,29.1 dB,No,7.99
BitFenix Spectre,https://pcpartpicker.com/product/ZYvRsY/bitfenix-case-fan-bffscf14025wwrp,https://cdna.pcpartpicker.com/static/forever/images/product/8011ca8f6ec90add80ca2096792dfb56.med.256p.jpg,140 mm,White,1000 RPM,47.7 CFM,20 dB,No,
Akasa Apache Black,https://pcpartpicker.com/product/wbBv6h/akasa-case-fan-akfn062,https://m.media-amazon.com/images/I/41TOvZkQZIL.jpg,140 mm,Black,600 - 1300 RPM,89.55 CFM,12.5 - 22.19 dB,Yes,26.39
ARCTIC F9 Pro,https://pcpartpicker.com/product/RnW9TW/arctic-cooling-case-fan-afaco09p00gba01,https://m.media-amazon.com/images/I/31CfLyjZXXL.jpg,92 mm,White / Black,2000 RPM,39 CFM,,No,10.62
Corsair SP140,https://pcpartpicker.com/product/DmV48d/corsair-case-fan-co9050027ww,https://cdna.pcpartpicker.com/static/forever/images/product/cd135ae45ba8fc2f8117f0b4c32ec194.256p.jpg,140 mm,Black / Green,1440 RPM,49.49 CFM,29.3 dB,No,
Silverstone FM,https://pcpartpicker.com/product/L4DzK8/silverstone-case-fan-fm93,https://m.media-amazon.com/images/I/31u8Q8pEIkL.jpg,92 mm,White,1200 - 3000 RPM,21.4 - 53.6 CFM,9.3 - 29.2 dB,No,8.63
Phanteks F140SP,https://pcpartpicker.com/product/DnL7YJ/phanteks-case-fan-phf140spbbk,https://m.media-amazon.com/images/I/41Dxlj-C25L.jpg,140 mm,Black,1200 RPM,82.1 CFM,19 dB,No,
ARCTIC F9 Rev. 2,https://pcpartpicker.com/product/bpH48d/arctic-case-fan-afaco090p2gba0,https://cdna.pcpartpicker.com/static/forever/images/product/9105b8668b52c0ea64beec115567b8c9.256p.jpg,92 mm,White / Black,550 - 1800 RPM,43 CFM,,Yes,47.73
Corsair ML140 Pro,https://pcpartpicker.com/product/cfyxFT/corsair-co-9050048-ww-970-cfm-140mm-fan-co-9050048-ww,https://cdna.pcpartpicker.com/static/forever/images/product/29caca451b9985bf7e07768149ea5b56.256p.jpg,140 mm,Black / Blue,400 - 2000 RPM,20 - 97 CFM,16 - 37 dB,Yes,
Reeven Euros,https://pcpartpicker.com/product/7XkwrH/reeven-euros-464-cfm-120mm-fan-ra1225f12c,https://cdna.pcpartpicker.com/static/forever/images/product/8592da9b18fa1830602cac1822f4d640.256p.jpg,120 mm,Black,1200 RPM,46.4 CFM,22.3 dB,No,9.99
NoiseBlocker ELoop B,https://pcpartpicker.com/product/7LBrxr/noiseblocker-nb-eloop-b14-ps-839-cfm-140mm-fan-nb-eloop-b14-ps,https://m.media-amazon.com/images/I/418Zc2hoGDL.jpg,140 mm,Black / White,300 - 1200 RPM,83.92 CFM,24.28 dB,Yes,39.47
NoiseBlocker ELoop B,https://pcpartpicker.com/product/kpYLrH/noiseblocker-nb-eloop-b14-ps-black-edition-839-cfm-140mm-fan-itr-b14-ps-bl,https://cdna.pcpartpicker.com/static/forever/images/product/7a08a33fc925c30fb002f78230c2752f.256p.jpg,140 mm,Black,1200 RPM,83.93 CFM,24 dB,Yes,43.21
ARCTIC P8 TC,https://pcpartpicker.com/product/HW3mP6/arctic-p8-tc-234-cfm-80-mm-fan-acfan00140a,https://cdna.pcpartpicker.com/static/forever/images/product/87eea1916e7a139f828c53c8824e75ce.256p.jpg,80 mm,Black,200 - 3000 RPM,23.4 CFM,,No,
RAIJINTEK IRIS 12 RBW ADD-3 3-Pack,https://pcpartpicker.com/product/vqzFf7/raijintek-iris-12-rbw-add-3-358-cfm-120-mm-fans-3-pack-0r40b00112,https://cdna.pcpartpicker.com/static/forever/images/product/852c95059a952b06eb38352e36a8bc79.256p.jpg,120 mm,White / Black,400 - 1800 RPM,35.8 CFM,28 dB,Yes,
Enermax SquA RGB,https://pcpartpicker.com/product/GVsnTW/enermax-squa-rgb-6827-cfm-120-mm-fan-ucsqargb12p-w-sg,https://cdna.pcpartpicker.com/static/forever/images/product/a57d1f8c9c62080f49254e13800b3a0c.256p.jpg,120 mm,White,300 - 1500 RPM,24.53 - 68.27 CFM,12 - 23 dB,Yes,
Fractal Design Dynamic X2 GP,https://pcpartpicker.com/product/thYmP6/fractal-design-dynamic-x2-gp-1059-cfm-140-mm-fan-fd-fan-dyn-x2-gp14-pwm-bk,https://cdna.pcpartpicker.com/static/forever/images/product/db6f9693f269d0f9b0274c296d842734.256p.jpg,140 mm,Black,500 - 1700 RPM,47.9 - 105.9 CFM,33.7 dB,Yes,
Scythe Kaze Flex Slim RGB,https://pcpartpicker.com/product/js4Ycf/scythe-kaze-flex-slim-rgb-413-cfm-92-mm-fan-kf9215fd25r-p,https://m.media-amazon.com/images/I/41NzZ7r8OjL.jpg,92 mm,Black,300 - 2500 RPM,4.96 - 41.3 CFM,1.8 - 23.2 dB,Yes,15.95
NZXT F120Q (2022),https://pcpartpicker.com/product/F2stt6/nzxt-f120q-2022-64-cfm-120-mm-fan-rf-q12sf-w1,https://cdna.pcpartpicker.com/static/forever/images/product/1a88b805a6fea2f8f08ae69542d2cb55.256p.jpg,120 mm,White,500 - 1200 RPM,27.77 - 64 CFM,16.7 - 22.5 dB,Yes,
Thermaltake Pure A14,https://pcpartpicker.com/product/zGyqqs/thermaltake-pure-a14-9315-cfm-140-mm-fan-cl-f110-pl14re-b,https://m.media-amazon.com/images/I/41kHBzZVGiL.jpg,140 mm,Black,500 - 1500 RPM,,32 dB,Yes,
Scythe Kaze Flex II,https://pcpartpicker.com/product/fD4Zxr/scythe-kaze-flex-ii-9028-cfm-120-mm-fan-kfs1225fd20-p,https://m.media-amazon.com/images/I/414ifGAlbdL.jpg,120 mm,Black,300 - 2000 RPM,16.9 - 90.28 CFM,4 - 36.2 dB,Yes,14.95
Gelid Solutions Stella Frost Daisy Chain 3-Pack,https://pcpartpicker.com/product/jqdG3C/gelid-solutions-stella-frost-daisy-chain-70-cfm-120-mm-fans-3-pack-fn-stella-d-02,https://m.media-amazon.com/images/I/41RBk+EQghS.jpg,120 mm,White,500 - 1600 RPM,70 CFM,35 dB,Yes,
Gelid Solutions Silent 14 PWM,https://pcpartpicker.com/product/FH3NnQ/gelid-solutions-silent-14-pwm-785-cfm-140-mm-fan-fn-px14-16,https://m.media-amazon.com/images/I/41FIGbiOyxL.jpg,140 mm,Black,750 - 1500 RPM,78.5 CFM,20 dB,Yes,37.71
Scythe Wonder Snail,https://pcpartpicker.com/product/mJGhP6/scythe-wonder-snail-7723-cfm-120-mm-fan-ws1225fd24w-p,https://m.media-amazon.com/images/I/41T-k6U4VoL.jpg,120 mm,White,300 - 2400 RPM,7.68 - 77.23 CFM,3 - 29.3 dB,Yes,15.95
In Win Neptune DN120 Pro,https://pcpartpicker.com/product/7v7scf/in-win-neptune-dn120-pro-6056-cfm-120-mm-fan-iw-fn-dn120pro-1pk,https://m.media-amazon.com/images/I/41xWYiEDV+L.jpg,120 mm,Black / Red,900 - 2200 RPM,24.15 - 60.56 CFM,20.3 dB,Yes,15.00
In Win Neptune DN120,https://pcpartpicker.com/product/x2MMnQ/in-win-neptune-dn120-601-cfm-120-mm-fan-iw-fn-dn120-1pk,https://m.media-amazon.com/images/I/41XsrwIKggL.jpg,120 mm,Black,900 - 2200 RPM,23.87 - 60.1 CFM,20.5 dB,Yes,18.42
Thermaltake CT140 EX Reverse ARGB Sync 3-Pack,https://pcpartpicker.com/product/Brm2FT/thermaltake-ct140-ex-reverse-argb-sync-9495-cfm-140-mm-fans-3-pack-cl-f227-pl14bb-a,https://cdna.pcpartpicker.com/static/forever/images/product/e8794b4a39c48fde25c604bcebd70df9.256p.jpg,140 mm,Yellow,500 - 1800 RPM,94.95 CFM,32.8 dB,Yes,74.98
Thermaltake CT120 EX ARGB Sync 3-Pack,https://pcpartpicker.com/product/gCDnTW/thermaltake-ct120-ex-argb-sync-68-cfm-120-mm-fans-3-pack-cl-f216-pl12gs-a,https://cdna.pcpartpicker.com/static/forever/images/product/9bae3b3fe616cf820dbcc0a90b5cf51a.256p.jpg,120 mm,Brown,500 - 2000 RPM,68 CFM,28.5 dB,Yes,59.99
Corsair AF120 Performance 2-Pack,https://pcpartpicker.com/product/pCH323/corsair-air-series-af120-performance-edition-6347-cfm-120-mm-fans-co-9050004-ww,https://cdna.pcpartpicker.com/static/forever/images/product/81f2b497d98ac786e051aed0a4df6706.256p.jpg,120 mm,Black,1650 RPM,63.47 CFM,30 dB,No,
BitFenix Spectre Pro,https://pcpartpicker.com/product/TsDwrH/bitfenix-spectre-pro-15627-cfm-230-mm-fan-bff-spro-23030ww-rp,https://images-eu.ssl-images-amazon.com/images/I/51SqxgP1fzL.jpg,230 mm,White,900 RPM,156.27 CFM,25.6 dB,No,
BitFenix Spectre Pro,https://pcpartpicker.com/product/46JwrH/bitfenix-spectre-pro-14872-cfm-200-mm-fan-bff-spro-20025ww-rp,https://m.media-amazon.com/images/I/51WAfipT7dL.jpg,200 mm,White,900 RPM,148.72 CFM,27.5 dB,No,
BitFenix Spectre Pro,https://pcpartpicker.com/product/Y4ckcf/bitfenix-case-fan-bfflpro20025wrp,https://cdna.pcpartpicker.com/static/forever/images/product/4e69f575f494e6a869acdce1a36a8252.med.256p.jpg,200 mm,Black,900 RPM,148.72 CFM,27.5 dB,No,
BitFenix Spectre Pro,https://pcpartpicker.com/product/zBkD4D/bitfenix-case-fan-bfflpro20025grp,https://cdna.pcpartpicker.com/static/forever/images/product/dbb32aaa0c8bf6cf07014449365e5098.med.256p.jpg,200 mm,Clear,900 RPM,148.72 CFM,27.5 dB,No,
BitFenix Spectre Pro,https://pcpartpicker.com/product/nZNp99/bitfenix-case-fan-bfflpro20025rrp,https://m.media-amazon.com/images/I/51sUhw721uL.jpg,200 mm,Black,900 RPM,148.72 CFM,27.5 dB,No,
BitFenix Spectre,https://pcpartpicker.com/product/mnxfrH/bitfenix-case-fan-bffblf12025grp,https://cdna.pcpartpicker.com/static/forever/images/product/7f75e637730839f8cd3a8ed96272d1cf.med.256p.jpg,120 mm,Black,1000 RPM,43.5 CFM,20 dB,No,
BitFenix Spectre,https://pcpartpicker.com/product/8L3RsY/bitfenix-case-fan-bffblf14025grp,https://cdna.pcpartpicker.com/static/forever/images/product/9b54dc945c339bbe085e855576ce0cdc.med.256p.jpg,140 mm,Black,1000 RPM,47.7 CFM,20 dB,No,
BitFenix Spectre,https://pcpartpicker.com/product/dpCwrH/bitfenix-case-fan-bffblf14025orp,https://cdna.pcpartpicker.com/static/forever/images/product/f4f5cfbe7ca8559ae8ab530d18edc0c7.med.256p.jpg,140 mm,Black,1000 RPM,47.7 CFM,20 dB,No,
BitFenix Spectre,https://pcpartpicker.com/product/NR7wrH/bitfenix-case-fan-bffblf14025wrp,https://cdna.pcpartpicker.com/static/forever/images/product/87cdeed01978e69247b1cec3ee8abe6b.med.256p.jpg,140 mm,Black,1000 RPM,47.7 CFM,20 dB,No,
BitFenix Spectre,https://pcpartpicker.com/product/Lhbp99/bitfenix-case-fan-bffblf20020wrp,https://cdna.pcpartpicker.com/static/forever/images/product/323ae885ff9457c3ad7fd1278dc54679.med.256p.jpg,200 mm,Black,700 RPM,47.4 CFM,20 dB,No,
BitFenix Spectre,https://pcpartpicker.com/product/w9kD4D/bitfenix-case-fan-bffblf20020rrp,https://cdna.pcpartpicker.com/static/forever/images/product/197242a70f2e1a169115a36f967ed909.med.256p.jpg,200 mm,Black,700 RPM,47.4 CFM,20 dB,No,
BitFenix Spectre,https://pcpartpicker.com/product/MBkD4D/bitfenix-case-fan-bffblf20020orp,https://cdna.pcpartpicker.com/static/forever/images/product/94a432547997fb61319f597a83341f92.med.256p.jpg,200 mm,Black,700 RPM,47.4 CFM,20 dB,No,
BitFenix Spectre,https://pcpartpicker.com/product/2pCwrH/bitfenix-case-fan-bffblf20020grp,https://cdna.pcpartpicker.com/static/forever/images/product/e0574a05a9a3c4063dba707b65d255c7.med.256p.jpg,200 mm,Black,700 RPM,47.4 CFM,20 dB,No,
BitFenix Spectre,https://pcpartpicker.com/product/xnxfrH/bitfenix-case-fan-bffblf20020brp,https://cdna.pcpartpicker.com/static/forever/images/product/9d429e95c0613710bf4d669453d73904.med.256p.jpg,200 mm,Black,700 RPM,47.4 CFM,20 dB,No,
BitFenix Spectre,https://pcpartpicker.com/product/G7Qypg/bitfenix-case-fan-bffblf23030orp,https://images-na.ssl-images-amazon.com/images/I/51r4HHeKOFL.jpg,230 mm,Black,900 RPM,97.8 CFM,20 dB,No,
BitFenix Spectre,https://pcpartpicker.com/product/6TQypg/bitfenix-case-fan-bffblfp12025wrp,https://cdna.pcpartpicker.com/static/forever/images/product/3c5fabff9b23394abb90b27c3df61b3c.med.256p.jpg,120 mm,Translucent Black,1800 RPM,51.3 CFM,22.5 dB,No,
BitFenix Spectre,https://pcpartpicker.com/product/jfQypg/bitfenix-case-fan-bffblfp14025brp,https://cdna.pcpartpicker.com/static/forever/images/product/c516a6635a4d3decc4ccea3b1171866b.med.256p.jpg,140 mm,Translucent Black,1800 RPM,56.1 CFM,24.2 dB,No,
BitFenix Spectre,https://pcpartpicker.com/product/yvXfrH/bitfenix-spectre-pwm-513-cfm-120-mm-fan-bff-scf-p12025ww-rp,https://cdna.pcpartpicker.com/static/forever/images/product/e8748a0d1c3c0abfd9ce62b504630b5e.med.256p.jpg,120 mm,White,1800 RPM,51.3 CFM,22.5 dB,No,
BitFenix Spectre Pro,https://pcpartpicker.com/product/f6JwrH/bitfenix-case-fan-bfflpro12025brp,https://cdna.pcpartpicker.com/static/forever/images/product/8d5e205f6a7e8350778e8b7b3e82458c.med.256p.jpg,120 mm,Black,1200 RPM,56.22 CFM,18.89 dB,No,
BitFenix Spectre Pro,https://pcpartpicker.com/product/B8DwrH/bitfenix-case-fan-bfflpro12025grp,https://cdna.pcpartpicker.com/static/forever/images/product/3649b5e5217897ad81031540f1edf5b3.med.256p.jpg,120 mm,Clear,1200 RPM,56.22 CFM,18.89 dB,No,
BitFenix Spectre Pro,https://pcpartpicker.com/product/ZsDwrH/bitfenix-case-fan-bfflpro12025wrp,https://cdna.pcpartpicker.com/static/forever/images/product/8c95dcfcb439ca50b762b446958caa79.med.256p.jpg,120 mm,Black,1200 RPM,56.22 CFM,18.89 dB,No,
BitFenix Spectre,https://pcpartpicker.com/product/bWFPxr/bitfenix-spectre-474-cfm-200-mm-fan-bff-scf-20020kk-rp,https://cdna.pcpartpicker.com/static/forever/images/product/417b5523e96233739cb396f277bb063e.med.256p.jpg,200 mm,Black,700 RPM,47.4 CFM,20 dB,No,
Cooler Master R4-BC8R-18FB-R1,https://pcpartpicker.com/product/MzQypg/cooler-master-case-fan-r4bc8r18fbr1,https://m.media-amazon.com/images/I/41IBwjSfBIL.jpg,80 mm,Clear,1800 RPM,21.7 CFM,19 dB,No,
Cooler Master R4-L2S-122B-GP 2-Pack,https://pcpartpicker.com/product/4tzv6h/cooler-master-case-fan-r4l2s122bgp,https://cdna.pcpartpicker.com/static/forever/images/product/1be5104ebc85ca5c26e0ec3d2868736d.256p.jpg,120 mm,Clear,1200 RPM,39.77 CFM,19.3 dB,No,
Cooler Master Turbine Master Mach 1.8,https://pcpartpicker.com/product/GpCwrH/cooler-master-turbine-master-mach-18-803-cfm-120-mm-fan-r4-tmbb-18fk-r0,/static/forever/img/no-image.png,120 mm,Black,1800 RPM,80.3 CFM,30.5 dB,No,
NZXT FS,https://pcpartpicker.com/product/NrNp99/nzxt-fs-200rb-895-cfm-193-mm-fan-fs-200rb,/static/forever/img/no-image.png,193 mm,Black / White,800 RPM,89.5 CFM,20 dB,No,
NZXT Air Flow,https://pcpartpicker.com/product/BM9KHx/nzxt-air-flow-series-591-cfm-120-mm-fan-rf-fz120-02,https://m.media-amazon.com/images/I/51llE5bh91L.jpg,120 mm,White,1200 RPM,59.1 CFM,26.8 dB,No,
NZXT Air Flow,https://pcpartpicker.com/product/T2JwrH/nzxt-case-fan-rffz120r1,https://m.media-amazon.com/images/I/515VknuASFL.jpg,120 mm,Clear,1200 RPM,59.1 CFM,26.8 dB,No,
NZXT Air Flow,https://pcpartpicker.com/product/Zhbp99/nzxt-case-fan-rffz120w1,https://m.media-amazon.com/images/I/41YpHI6kriL.jpg,120 mm,Clear,1200 RPM,59.1 CFM,26.8 dB,No,
NZXT Air Flow,https://pcpartpicker.com/product/R2JwrH/nzxt-case-fan-rffz140r1,https://m.media-amazon.com/images/I/41RIjI9flPL.jpg,140 mm,Clear,1000 RPM,83.6 CFM,24.5 dB,No,
NZXT Air Flow,https://pcpartpicker.com/product/qG9KHx/nzxt-case-fan-rffz140g1,https://m.media-amazon.com/images/I/51OGEJG8iIL.jpg,140 mm,Clear,1000 RPM,83.6 CFM,24.5 dB,No,
Phanteks F140TS,https://pcpartpicker.com/product/PCH323/phanteks-ph-f140ts_bl-7809-cfm-140-mm-fan-ph-f140ts_bl,https://images-na.ssl-images-amazon.com/images/I/41dl8aCDRHL.jpg,140 mm,Blue,750 - 1200 RPM,45.1 - 78.09 CFM,13.4 - 19 dB,No,
Phanteks F140TS,https://pcpartpicker.com/product/yhbp99/phanteks-ph-f140ts_wt-7809-cfm-140-mm-fan-ph-f140ts_wt,/static/forever/img/no-image.png,140 mm,White,750 - 1200 RPM,45.1 - 78.09 CFM,13.4 - 19 dB,No,
Prolimatech Vortex,https://pcpartpicker.com/product/JFvRsY/prolimatech-case-fan-probv12led,https://images-na.ssl-images-amazon.com/images/I/51tX6gs7dtL.jpg,120 mm,Clear,1200 - 1600 RPM,72.67 CFM,29.1 dB,No,18.98
Prolimatech Vortex,https://pcpartpicker.com/product/Pbbp99/prolimatech-case-fan-probv14led,https://images-na.ssl-images-amazon.com/images/I/51ooJ3bqILL.jpg,140 mm,Clear,1000 RPM,87 CFM,18.1 dB,No,19.98
Rosewill Hyperborea,https://pcpartpicker.com/product/gD9KHx/rosewill-hyperborea-8955-cfm-140-mm-fan-rocf-11003,https://m.media-amazon.com/images/I/51iSpOquzOL.jpg,140 mm,Black,600 - 1300 RPM,89.55 CFM,12.5 - 22.19 dB,Yes,
Rosewill Hyperborea,https://pcpartpicker.com/product/qKvRsY/rosewill-hyperborea-5753-cfm-120-mm-fan-rocf-11004,https://m.media-amazon.com/images/I/31W+mFcqi3L.jpg,120 mm,Black,600 - 1300 RPM,57.53 CFM,6.9 - 16.05 dB,Yes,
Aerocool Shark,https://pcpartpicker.com/product/HkphP6/aerocool-case-fan-shark120mmgreen,https://m.media-amazon.com/images/I/61-dJIGrjuL.jpg,120 mm,Green,800 - 1500 RPM,32.5 - 82.6 CFM,12.6 - 26.5 dB,No,
Aerocool Silent Master,https://pcpartpicker.com/product/pqjG3C/aerocool-case-fan-silentmaster200r,https://m.media-amazon.com/images/I/51FcQ8H3pDL.jpg,200 mm,Red,800 RPM,76 CFM,18 dB,No,
Antec True Quiet,https://pcpartpicker.com/product/zzQypg/antec-truequiet-120-3579-cfm-120-mm-fan-truequiet-120,https://images-na.ssl-images-amazon.com/images/I/51sNEKyDw4L.jpg,120 mm,Yellow / Gray,600 - 1000 RPM,21.5 - 35.79 CFM,8.9 - 19.89 dB,No,
Antec 761345-75092-9,https://pcpartpicker.com/product/nWFPxr/antec-761345-75092-9-38-cfm-92-mm-fan-761345-75092-9,https://images-na.ssl-images-amazon.com/images/I/41LfZVU-meL.jpg,92 mm,Clear,2200 RPM,38 CFM,27 dB,No,
Antec 761345-75081-3,https://pcpartpicker.com/product/TXDwrH/antec-761345-75081-3-34-cfm-80-mm-fan-761345-75081-3,https://m.media-amazon.com/images/I/41jUP+XSHcL.jpg,80 mm,Clear,2600 RPM,34 CFM,30 dB,No,
Antec 761345-75020-2,https://pcpartpicker.com/product/fJckcf/antec-case-fan-761345750202,https://m.media-amazon.com/images/I/413-8ofqk1L.jpg,80 mm,Clear,2600 RPM,34 CFM,30 dB,No,
Apevia CF12SL-4C,https://pcpartpicker.com/product/W2JwrH/apevia-cf12sl-4c-6385-cfm-120-mm-fan-cf12sl-4c,https://images-na.ssl-images-amazon.com/images/I/51v8MujK1%2BL.jpg,120 mm,Clear,1700 RPM,63.85 CFM,29.67 dB,No,
Apevia CF12SL-TRD,https://pcpartpicker.com/product/h6JwrH/apevia-case-fan-cf12sltrd,https://cdna.pcpartpicker.com/static/forever/images/product/462b86bb0ab0517c6c66a6e867e820ca.256p.jpg,120 mm,Black,1500 RPM,50.28 CFM,21.1 dB,No,
Apevia CF12SL-TGN,https://pcpartpicker.com/product/JCH323/apevia-case-fan-cf12sltgn,https://images-na.ssl-images-amazon.com/images/I/41ECn7pxkBL.jpg,120 mm,Black,1500 RPM,50.28 CFM,21.1 dB,No,
Apevia CF12SL-TBL,https://pcpartpicker.com/product/vwdqqs/apevia-case-fan-cf12sltbl,https://cdna.pcpartpicker.com/static/forever/images/product/a272d6d68e757781fa8be9738476ef2d.256p.jpg,120 mm,Black,1500 RPM,50.28 CFM,21.1 dB,No,
Apevia CF20SL-URD,https://pcpartpicker.com/product/PyYXsY/apevia-case-fan-cf20slurd,https://m.media-amazon.com/images/I/51qvDZQv8FL.jpg,200 mm,Red,800 RPM,125 CFM,20 dB,No,
Apevia CF4SL-UGN,https://pcpartpicker.com/product/xD9KHx/apevia-case-fan-cf4slugn,https://m.media-amazon.com/images/I/41KmCKO2bML.jpg,80 mm,Green,2000 RPM,25.64 CFM,22.05 dB,No,
Apevia CF4SL-4C,https://pcpartpicker.com/product/r2JwrH/apevia-cf4sl-4c-2564-cfm-80-mm-fan-cf4sl-4c,https://cdna.pcpartpicker.com/static/forever/images/product/3bf0fc6dd9dd20c78cb92303dc954139.256p.jpg,80 mm,Clear,2000 RPM,25.64 CFM,22.05 dB,No,
Apevia 14S-BT,https://pcpartpicker.com/product/X9kD4D/apevia-14s-bt-596-cfm-140-mm-fan-14s-bt,https://images-na.ssl-images-amazon.com/images/I/41xsgDmLYsL.jpg,140 mm,Green,1200 RPM,59.6 CFM,29.4 dB,No,
Apevia CF8SL-BRD,https://pcpartpicker.com/product/9jdqqs/apevia-case-fan-cf8slbrd,https://cdna.pcpartpicker.com/static/forever/images/product/dc7498cecd913c8b65bf3b65836077a6.med.256p.jpg,80 mm,Red,1500 RPM,17.21 CFM,20 dB,No,
Apevia CF8SL-BGN,https://pcpartpicker.com/product/QCH323/apevia-case-fan-cf8slbgn,https://cdna.pcpartpicker.com/static/forever/images/product/2486b6bac2de19abcc745ef464fe25fa.256p.jpg,80 mm,Green,1500 RPM,17.21 CFM,20 dB,No,
Apevia CF8SL-BBL,https://pcpartpicker.com/product/KPZQzy/apevia-case-fan-cf8slbbl,https://cdna.pcpartpicker.com/static/forever/images/product/7ccbab23f709c1fab6df4d9138780fe3.256p.jpg,80 mm,Blue,1500 RPM,17.21 CFM,20 dB,No,
Masscool FDV12025L1L34,https://pcpartpicker.com/product/bnxfrH/masscool-fdv12025l1l34-5205-cfm-120-mm-fan-fdv12025l1l34,https://m.media-amazon.com/images/I/41hzI0K4WTL.jpg,120 mm,Red,1500 RPM,52.05 CFM,25 dB,No,
Masscool BLD-12025V1R,https://pcpartpicker.com/product/WnxfrH/masscool-case-fan-bld12025v1r,https://m.media-amazon.com/images/I/51y97W9TG8L.jpg,120 mm,Red,1500 RPM,60 CFM,23.5 dB,No,
Silverstone Air Penetrator,https://pcpartpicker.com/product/g8DwrH/silverstone-case-fan-ap121gl,https://m.media-amazon.com/images/I/41GZSAKBr5L.jpg,120 mm,Clear,1500 RPM,35.36 CFM,22.4 dB,No,
Silverstone Air Penetrator,https://pcpartpicker.com/product/qD9KHx/silverstone-case-fan-ap121rl,https://m.media-amazon.com/images/I/41YHUj8IThL.jpg,120 mm,Clear,1500 RPM,35.36 CFM,22.4 dB,No,25.60
Silverstone Air Penetrator,https://pcpartpicker.com/product/twdqqs/silverstone-case-fan-ap121wl,https://m.media-amazon.com/images/I/41-zgbq1CzL.jpg,120 mm,Clear,1500 RPM,35.36 CFM,22.4 dB,No,23.46
Xigmatek eXTREME OCTAGON,https://pcpartpicker.com/product/J6JwrH/xigmatek-xof-f1251-50-cfm-120-mm-fan-xof-f1251,https://m.media-amazon.com/images/I/41wgbxfp-9L.jpg,120 mm,White,1400 RPM,50 CFM,14 dB,No,
Xigmatek eXTREME SILENT,https://pcpartpicker.com/product/Xjdqqs/xigmatek-xsf-f1252-75-cfm-120-mm-fan-xsf-f1252,https://images-na.ssl-images-amazon.com/images/I/518ZqBEY2iL.jpg,120 mm,Black,1800 RPM,75 CFM,20 dB,No,
Xigmatek eXTREME SILENT,https://pcpartpicker.com/product/HdZQzy/xigmatek-xsf-f1452-65-cfm-140-mm-fan-xsf-f1452,https://images-na.ssl-images-amazon.com/images/I/51Oqz3G7H2L.jpg,140 mm,Black,1000 RPM,65 CFM,18 dB,No,
Apevia CF8S-UGN,https://pcpartpicker.com/product/6nxfrH/apevia-cf8s-ugn-2564-cfm-80-mm-fan-cf8s-ugn,https://cdna.pcpartpicker.com/static/forever/images/product/42816f5b21c73a7e0e20211f68514923.256p.jpg,80 mm,UV Green,2000 RPM,25.64 CFM,22.05 dB,No,
ARCTIC F12 Pro,https://pcpartpicker.com/product/tvXfrH/arctic-arctic-f12-pro-pwm-57-cfm-120-mm-fan-af12pro-pwm,https://m.media-amazon.com/images/I/51BflZCDNjL.jpg,120 mm,White / Black,1500 RPM,57 CFM,,Yes,
ARCTIC F8,https://pcpartpicker.com/product/9VkD4D/arctic-arctic-f8-31-cfm-80-mm-fan-afaco-08000-gba01,https://cdna.pcpartpicker.com/static/forever/images/product/71a44513bf28238c7f3c318b82c72ece.256p.jpg,80 mm,White / Black,2000 RPM,31 CFM,,No,
ARCTIC F14,https://pcpartpicker.com/product/BgGkcf/arctic-arctic-f14-773-cfm-140-mm-fan-afaco-14000-gba01,https://m.media-amazon.com/images/I/41DE2UeetFL.jpg,140 mm,White / Black,1300 RPM,77.3 CFM,,No,
ARCTIC F12 Pro,https://pcpartpicker.com/product/WHCwrH/arctic-arctic-f12-pro-54-cfm-120-mm-fan-afaco-12p000-gba01,https://m.media-amazon.com/images/I/51Ov73AK5qL.jpg,120 mm,White / Black,1500 RPM,54 CFM,,No,
ARCTIC F9 CO,https://pcpartpicker.com/product/gvXfrH/arctic-f9-co-43-cfm-92-mm-fan-afaco-090pc-gba01,https://cdna.pcpartpicker.com/static/forever/images/product/6ada0eb109922d84d1e9e5c19f5d019e.256p.jpg,92 mm,Black,550 - 1800 RPM,43 CFM,,No,
ARCTIC F8 CO,https://pcpartpicker.com/product/F7Qypg/arctic-arctic-f8-pwm-co-31-cfm-80-mm-fan-afaco-080pc-gba01,https://cdna.pcpartpicker.com/static/forever/images/product/804b502269ae72edb2795efd24360e56.256p.jpg,80 mm,Black,850 - 2000 RPM,31 CFM,,Yes,
Enermax Marathon,https://pcpartpicker.com/product/zbbp99/enermax-uc-12eb-44-cfm-120-mm-fan-uc-12eb,https://cdna.pcpartpicker.com/static/forever/images/product/c76ea75b7e72bf19b81a03d847eaae5c.256p.jpg,120 mm,Clear,1000 RPM,44 CFM,17 dB,No,
Enermax Marathon,https://pcpartpicker.com/product/TdZQzy/enermax-uc-8eb-24-cfm-80-mm-fan-uc-8eb,https://cdna.pcpartpicker.com/static/forever/images/product/7257fb56fb2e75d50991159a14845cd1.256p.jpg,80 mm,Clear,1500 RPM,24 CFM,14 dB,No,
Enermax Magma,https://pcpartpicker.com/product/WNdqqs/enermax-uc-ma12-6915-cfm-120-mm-fan-uc-ma12,https://images-na.ssl-images-amazon.com/images/I/51fyWZLZSVL.jpg,120 mm,Red,1500 RPM,69.15 CFM,18 dB,No,
Enermax T.B. Vegas Trio,https://pcpartpicker.com/product/2hbp99/enermax-uctvt12p-6748-cfm-120-mm-fan-uctvt12p,https://images-na.ssl-images-amazon.com/images/I/61QGcN8mAwL.jpg,120 mm,Translucent Black,500 - 1600 RPM,20.42 - 67.48 CFM,14 dB,Yes,
Enermax D.F. Vegas Duo,https://pcpartpicker.com/product/rdZQzy/enermax-uctvd8a-3852-cfm-80-mm-fan-uctvd8a,https://images-na.ssl-images-amazon.com/images/I/61hl4rzOXWL.jpg,80 mm,Clear,900 - 2500 RPM,16.59 - 38.52 CFM,17 dB,No,
Enermax D.F. Vegas Duo,https://pcpartpicker.com/product/7mw323/enermax-uctvd14a-908-cfm-140-mm-fan-uctvd14a,https://images-na.ssl-images-amazon.com/images/I/51QBRsI0u9L.jpg,140 mm,Clear,700 - 1500 RPM,42.37 - 90.8 CFM,15 dB,No,
Enermax D.F. Vegas Duo,https://pcpartpicker.com/product/VM9KHx/enermax-uctvd12a-7176-cfm-120-mm-fan-uctvd12a,https://m.media-amazon.com/images/I/41C1xmQtLmL.jpg,120 mm,Clear,800 - 1700 RPM,33.26 - 71.76 CFM,16 dB,No,
Enermax T.B. Silence,https://pcpartpicker.com/product/86JwrH/enermax-uctb14b-454-cfm-140-mm-fan-uctb14b,https://m.media-amazon.com/images/I/51HC0AcW-WL.jpg,140 mm,Black,750 RPM,45.4 CFM,15 dB,No,
Evercool EC-SSF-12,https://pcpartpicker.com/product/tZNp99/evercool-ec-ssf-12-120-mm-fan-ec-ssf-12,https://cdna.pcpartpicker.com/static/forever/images/product/d8d0bc87268743f68df81a968de726ed.256p.jpg,120 mm,White,800 - 1400 RPM,,19 - 26 dB,No,
Enermax T.B. Silence,https://pcpartpicker.com/product/kVkD4D/enermax-case-fan-uctb12nr,https://cdna.pcpartpicker.com/static/forever/images/product/553a1bf9dd9150319fb3e3f1a2265754.256p.jpg,120 mm,Clear,1200 RPM,53.02 CFM,14 dB,No,
Enermax T.B. Silence,https://pcpartpicker.com/product/6kphP6/enermax-case-fan-uctb12nbl,https://cdna.pcpartpicker.com/static/forever/images/product/994cce0db817f2c1cac2f492633028e1.256p.jpg,120 mm,Clear,1200 RPM,53.02 CFM,14 dB,No,
Enermax T.B. Apollish,https://pcpartpicker.com/product/x4ckcf/enermax-case-fan-ucta14nbl,https://m.media-amazon.com/images/I/51UhbtYK7LL.jpg,140 mm,Blue,750 RPM,45.4 CFM,15 dB,No,
Enermax UCCL12N,https://pcpartpicker.com/product/m6JwrH/enermax-case-fan-uccl12n,https://images-na.ssl-images-amazon.com/images/I/41sCogfPAWL.jpg,120 mm,White,1500 RPM,71.25 CFM,18 dB,No,
Logisys CF120DCA,https://pcpartpicker.com/product/7fQypg/logisys-cf120dca-5791-cfm-120-mm-fan-cf120dca,https://cdna.pcpartpicker.com/static/forever/images/product/b10c00dc09f7d95558183f9aeaf61bcd.med.256p.jpg,120 mm,Black,1500 RPM,57.91 CFM,26.6 dB,No,
Logisys CF120BL,https://pcpartpicker.com/product/GsDwrH/logisys-case-fan-cf120bl,https://cdna.pcpartpicker.com/static/forever/images/product/e7bc79c2675b98365a97b54917a8c108.256p.jpg,120 mm,Clear,1800 - 2000 RPM,69.15 CFM,39.29 dB,No,
Gelid Solutions Slim,https://pcpartpicker.com/product/2PZQzy/gelid-solutions-case-fan-slim12plblue,https://m.media-amazon.com/images/I/411ZgqANfyL.jpg,120 mm,Black,900 - 1600 RPM,25 - 52.4 CFM,12.3 - 25.4 dB,No,
Gelid Solutions Wing,https://pcpartpicker.com/product/69kD4D/gelid-solutions-fn-fw14b-12-80-cfm-140-mm-fan-fn-fw14b-12,https://m.media-amazon.com/images/I/21d7Abn1PFL.jpg,140 mm,Blue,1200 RPM,80 CFM,26 dB,No,
Evercool FAN-LD9225B-EC1,https://pcpartpicker.com/product/nxphP6/evercool-fan-ld9225b-ec1-3162-cfm-92-mm-fan-fan-ld9225b-ec1,https://cdna.pcpartpicker.com/static/forever/images/product/0badb2808abe578a7fadefbdb1df257b.256p.jpg,92 mm,Clear,2300 RPM,31.62 CFM,26 dB,No,
Evercool F-EC1225A1HBT,https://pcpartpicker.com/product/FvXfrH/evercool-f-ec1225a1hbt-88-cfm-120-mm-fan-f-ec1225a1hbt,https://cdna.pcpartpicker.com/static/forever/images/product/d37abab3e4744ba916a411e799f7ae97.256p.jpg,120 mm,Black,2600 RPM,88 CFM,48 dB,No,
Logisys CF140BL,https://pcpartpicker.com/product/QTQypg/logisys-case-fan-cf140bl,/static/forever/img/no-image.png,140 mm,Clear,1100 RPM,52.15 CFM,19.5 dB,No,
Logisys CF80GB,https://pcpartpicker.com/product/87Qypg/logisys-case-fan-cf80gb,https://m.media-amazon.com/images/I/51RIoUJBX4L.jpg,80 mm,Green,1300 RPM,,,No,
Zalman F1 Plus,https://pcpartpicker.com/product/D9kD4D/zalman-zm-f1plus-80-mm-fan-zm-f1plus,https://m.media-amazon.com/images/I/41TG0xFQqoL.jpg,80 mm,Black,1700 - 2800 RPM,,20 dB,No,
Zalman SF3,https://pcpartpicker.com/product/wdZQzy/zalman-sf3-120-mm-fan-sf3,https://m.media-amazon.com/images/I/310WjDAivSL.jpg,120 mm,White,1500 RPM,,23 dB,No,
Xigmatek eXTREME SILENT,https://pcpartpicker.com/product/hVkD4D/xigmatek-xsf-f9251-3779-cfm-92-mm-fan-xsf-f9251,https://m.media-amazon.com/images/I/41Ti0Dog8yL.jpg,92 mm,Black,2000 RPM,37.79 CFM,24 dB,No,
Xigmatek XLF,https://pcpartpicker.com/product/PR7wrH/xigmatek-case-fan-xlff8253,https://images-na.ssl-images-amazon.com/images/I/51S6dn-0LWL.jpg,80 mm,Orange,2200 RPM,29.2 CFM,25 dB,No,
Xigmatek XAF,https://pcpartpicker.com/product/jtzv6h/xigmatek-case-fan-xaff1456,https://images-na.ssl-images-amazon.com/images/I/51NyuEyJHRL.jpg,140 mm,Blue,800 - 1300 RPM,90.3 CFM,18 dB,No,
Zalman F3,https://pcpartpicker.com/product/znxfrH/zalman-f3-fdb-120-mm-fan-f3-fdb,/static/forever/img/no-image.png,120 mm,Clear,1500 RPM,,23 dB,No,
Xigmatek XAF,https://pcpartpicker.com/product/Ztzv6h/xigmatek-xaf-f1451-903-cfm-140-mm-fan-xaf-f1451,https://m.media-amazon.com/images/I/5174zjCHT9L.jpg,140 mm,Black,800 - 1300 RPM,90.3 CFM,18 dB,No,
Xigmatek XAF,https://pcpartpicker.com/product/z2JwrH/xigmatek-xaf-903-cfm-140-mm-fan-xaf-f1452,https://m.media-amazon.com/images/I/51R4qJB-1tL.jpg,140 mm,White,800 - 1300 RPM,90.3 CFM,18 dB,Yes,
Masscool SL-FD14025,https://pcpartpicker.com/product/2KvRsY/masscool-sl-fd14025-4532-cfm-140-mm-fan-sl-fd14025,https://m.media-amazon.com/images/I/518qPmtIrlL.jpg,140 mm,Clear,1000 RPM,45.32 CFM,20 dB,No,
Masscool FDVB12025L1L,https://pcpartpicker.com/product/8R7wrH/masscool-fdvb12025l1l-5205-cfm-120-mm-fan-fdvb12025l1l,https://m.media-amazon.com/images/I/51Zv2AnFs-L.jpg,120 mm,Blue,1500 RPM,52.05 CFM,25 dB,No,
Masscool FD14025S1L3/4,https://pcpartpicker.com/product/Tbbp99/masscool-fd14025s1l34-5712-cfm-140-mm-fan-fd14025s1l34,https://m.media-amazon.com/images/I/51kvr+HuCFL.jpg,140 mm,Black,1500 RPM,57.12 CFM,24.7 dB,No,
Masscool BLD-14025S1L,https://pcpartpicker.com/product/xL3RsY/masscool-case-fan-bld14025s1l,https://cdna.pcpartpicker.com/static/forever/images/product/c33d040fbf63f51ef8b7d3f1978b0832.256p.jpg,140 mm,Clear,1500 RPM,57.12 CFM,24.7 dB,No,
Masscool BLD-09025S1M,https://pcpartpicker.com/product/kG9KHx/masscool-case-fan-bld09025s1m,https://images-na.ssl-images-amazon.com/images/I/51izOrsbzWL.jpg,92 mm,Clear,2400 RPM,45.18 CFM,28.6 dB,No,
SilenX Effizio,https://pcpartpicker.com/product/4FvRsY/silenx-efx-08-15-32-cfm-80-mm-fan-efx-08-15,https://m.media-amazon.com/images/I/51hOJrxqvUL.jpg,80 mm,Red,1700 RPM,32 CFM,15 dB,No,
SilenX Effizio,https://pcpartpicker.com/product/fsDwrH/silenx-efx-08-12-25-cfm-80-mm-fan-efx-08-12,https://m.media-amazon.com/images/I/418+HJ0cBIL.jpg,80 mm,Yellow,1400 RPM,25 CFM,12 dB,No,19.25
Rosewill RFX-80BL,https://pcpartpicker.com/product/mVkD4D/rosewill-case-fan-rfx80bl,/static/forever/img/no-image.png,80 mm,Clear,1700 - 3000 RPM,23.38 - 41.8 CFM,19.25 - 29 dB,No,
Rosewill RFX-80,https://pcpartpicker.com/product/KCH323/rosewill-rfx-80-3808-cfm-80-mm-fan-rfx-80,https://m.media-amazon.com/images/I/411nDNimI+L.jpg,80 mm,Red,1800 - 3000 RPM,38.08 CFM,32.31 dB,No,
Rosewill RFX-120BL,https://pcpartpicker.com/product/8hbp99/rosewill-case-fan-rfx120bl,https://m.media-amazon.com/images/I/41L5c3+FKfL.jpg,120 mm,Clear,1200 - 2200 RPM,43.5 - 87.5 CFM,23.5 - 38.15 dB,No,
SilenX Effizio,https://pcpartpicker.com/product/Y6JwrH/silenx-efx-09-15-42-cfm-92-mm-fan-efx-09-15,/static/forever/img/no-image.png,92 mm,Red,1600 RPM,42 CFM,15 dB,No,19.76
SilenX Effizio,https://pcpartpicker.com/product/LVkD4D/silenx-efx-09-12-32-cfm-92-mm-fan-efx-09-12,https://m.media-amazon.com/images/I/41nAoeXtH1L.jpg,92 mm,Yellow,1300 RPM,32 CFM,12 dB,No,
SilenX Effizio,https://pcpartpicker.com/product/Gmw323/silenx-efx-08-15t-32-cfm-80-mm-fan-efx-08-15t,https://images-fe.ssl-images-amazon.com/images/I/517M2ySCzVL.jpg,80 mm,White,1700 RPM,32 CFM,15 dB,No,19.69
SilenX Ixtrema Pro,https://pcpartpicker.com/product/XTQypg/silenx-ixp-11-14-5-cfm-40-mm-fan-ixp-11-14,https://m.media-amazon.com/images/I/51Pq4p881AL.jpg,40 mm,Black,3500 RPM,5 CFM,14 dB,No,
SilenX Effizio,https://pcpartpicker.com/product/C2JwrH/silenx-efx-12-15t-74-cfm-120-mm-fan-efx-12-15t,https://m.media-amazon.com/images/I/4167y3upi5L.jpg,120 mm,White,1400 RPM,74 CFM,15 dB,No,15.89
SilenX Effizio,https://pcpartpicker.com/product/cZNp99/silenx-case-fan-efx1215r,https://m.media-amazon.com/images/I/41KyOna3TBL.jpg,120 mm,Clear,1400 RPM,74 CFM,15 dB,No,25.87
SilenX Effizio,https://pcpartpicker.com/product/ymw323/silenx-efx-12-15-74-cfm-120-mm-fan-efx-12-15,https://images-eu.ssl-images-amazon.com/images/I/51%2BfTy9UrYL.jpg,120 mm,Red,1400 RPM,74 CFM,15 dB,No,
Silverstone Air Penetrator,https://pcpartpicker.com/product/dNdqqs/silverstone-ap182-170-cfm-180-mm-fan-ap182,https://m.media-amazon.com/images/I/31r6BPrnEGL.jpg,180 mm,White,500 - 2000 RPM,60 - 170 CFM,17 - 34 dB,No,
Silverstone Air Penetrator,https://pcpartpicker.com/product/YpCwrH/silverstone-ap123-314-cfm-120-mm-fan-ap123,https://m.media-amazon.com/images/I/51Om4Zth-9L.jpg,120 mm,Blue,1500 RPM,31.4 CFM,31.4 dB,No,
SilenX Ixtrema Pro,https://pcpartpicker.com/product/MG9KHx/silenx-ixp-76-18-90-cfm-120-mm-fan-ixp-76-18,https://images-na.ssl-images-amazon.com/images/I/415mSaoW8VL.jpg,120 mm,Black,1400 RPM,90 CFM,18 dB,No,
StarTech FAN12025PWM,https://pcpartpicker.com/product/QpCwrH/startech-fan12025pwm-7841-cfm-120-mm-fan-fan12025pwm,https://cdna.pcpartpicker.com/static/forever/images/product/931c84006f7a21f5268bb9b1bafea3f7.256p.jpg,120 mm,Black,800 - 2200 RPM,33.2 - 78.41 CFM,17.2 - 39 dB,No,11.99
Silverstone SCOOL,https://pcpartpicker.com/product/MPZQzy/silverstone-scool81-2855-cfm-80-mm-fan-scool81,https://images-na.ssl-images-amazon.com/images/I/51FrQmDT4ZL.jpg,80 mm,Blue,900 - 1750 RPM,14.68 - 28.55 CFM,15 - 19 dB,No,
Silverstone FN,https://pcpartpicker.com/product/LWFPxr/silverstone-case-fan-fn121pgl,https://m.media-amazon.com/images/I/41eLE1GtINL.jpg,120 mm,Clear,1200 RPM,58.47 CFM,25.15 dB,No,
Silverstone FN,https://pcpartpicker.com/product/nkphP6/silverstone-case-fan-fn121pbl,https://m.media-amazon.com/images/I/410O0M8MU6L.jpg,120 mm,Clear,1200 RPM,58.47 CFM,25.15 dB,No,
StarTech FAN9225PWM,https://pcpartpicker.com/product/3hbp99/startech-fan9225pwm-3935-cfm-92-mm-fan-fan9225pwm,https://m.media-amazon.com/images/I/41XUAZ6LWrL.jpg,92 mm,Black,700 - 2200 RPM,12.78 - 39.35 CFM,10 - 25 dB,No,
Thermaltake ISGC,https://pcpartpicker.com/product/tzQypg/thermaltake-af0043-244-cfm-80-mm-fan-af0043,/static/forever/img/no-image.png,80 mm,White,800 - 1600 RPM,24.4 CFM,18.2 dB,No,
Thermaltake Mobile Fan,https://pcpartpicker.com/product/gG9KHx/thermaltake-af0007-6655-cfm-120-mm-fan-af0007,https://m.media-amazon.com/images/I/51ILjPDG6aL.jpg,120 mm,Orange,250 - 1500 RPM,66.55 CFM,19 - 33.5 dB,No,
Thermaltake Mobile Fan II,https://pcpartpicker.com/product/BsDwrH/thermaltake-a1888-4728-cfm-80-mm-fan-a1888,https://cdna.pcpartpicker.com/static/forever/images/product/8d0d84a068b84ebd9d053318d4d4cee1.256p.jpg,80 mm,Black,1300 - 3000 RPM,47.28 CFM,17 - 31 dB,No,
StarTech FANBOX,https://pcpartpicker.com/product/Dtzv6h/startech-fanboxsl-2481-cfm-80-mm-fan-fanboxsl,https://cdna.pcpartpicker.com/static/forever/images/product/2ac967495649db1dc9f120365b7dedfa.256p.jpg,80 mm,Black,2000 RPM,24.81 CFM,23 dB,No,
StarTech FANBOX,https://pcpartpicker.com/product/KfQypg/startech-fanbox-3727-cfm-80-mm-fan-fanbox,https://cdna.pcpartpicker.com/static/forever/images/product/cf2b2079bf7078be8a5e6a50673d5c6d.256p.jpg,80 mm,Black,3000 RPM,37.27 CFM,27 dB,No,
Vantec Stealth,https://pcpartpicker.com/product/CsDwrH/vantec-sf12025l-53-cfm-120-mm-fan-sf12025l,https://cdna.pcpartpicker.com/static/forever/images/product/5132edbb70cebbfe930310ef8c7a1446.256p.jpg,120 mm,Black,1500 RPM,53 CFM,28 dB,No,15.83
Vantec Tornado,https://pcpartpicker.com/product/DpCwrH/vantec-td9238h-119-cfm-92-mm-fan-td9238h,/static/forever/img/no-image.png,92 mm,Black,4800 RPM,119 CFM,56.4 dB,No,
Vantec Thermoflow,https://pcpartpicker.com/product/8fQypg/vantec-tf12025-92-cfm-120-mm-fan-tf12025,https://cdna.pcpartpicker.com/static/forever/images/product/6b77eaf68778f87cd383d7fde3488084.med.256p.jpg,120 mm,Black,1300 - 2200 RPM,54.3 - 92 CFM,29 - 39 dB,No,
Vantec Thermoflow,https://pcpartpicker.com/product/ysDwrH/vantec-tf9225-585-cfm-92-mm-fan-tf9225,https://m.media-amazon.com/images/I/41vtEIXGK4L.jpg,92 mm,Black,1850 - 3100 RPM,34.79 - 58.5 CFM,29 - 40 dB,No,
Vantec Thermoflow,https://pcpartpicker.com/product/sR7wrH/vantec-tf8025-416-cfm-80-mm-fan-tf8025,https://cdna.pcpartpicker.com/static/forever/images/product/a19c19a7566db127b957e47a148378d4.256p.jpg,80 mm,Black,1950 - 3400 RPM,23.8 - 41.6 CFM,25.5 - 37.5 dB,No,
Xigmatek Crystal,https://pcpartpicker.com/product/tPZQzy/xigmatek-case-fan-cfssxgjsbu2,https://m.media-amazon.com/images/I/416tUGAjcZL.jpg,120 mm,Clear,1500 RPM,61.37 CFM,20 dB,No,
Xigmatek Crystal,https://pcpartpicker.com/product/gkphP6/xigmatek-case-fan-cfssxgjspu2,https://m.media-amazon.com/images/I/51QcNzF2jtL.jpg,120 mm,Clear,1500 RPM,61.37 CFM,20 dB,No,
Xigmatek Crystal,https://pcpartpicker.com/product/Cjdqqs/xigmatek-case-fan-clff2004,https://images-na.ssl-images-amazon.com/images/I/41Ry-HXCwEL.jpg,200 mm,Clear,800 RPM,76 CFM,18 dB,No,
Xigmatek Crystal,https://pcpartpicker.com/product/N37wrH/xigmatek-case-fan-clff2005,https://images-na.ssl-images-amazon.com/images/I/41Ry-HXCwEL.jpg,200 mm,Clear,800 RPM,76 CFM,18 dB,No,
Xigmatek Crystal,https://pcpartpicker.com/product/Ltzv6h/xigmatek-case-fan-clff2003,https://images-na.ssl-images-amazon.com/images/I/41Ry-HXCwEL.jpg,200 mm,Clear,800 RPM,76 CFM,18 dB,No,
Xigmatek Crystal,https://pcpartpicker.com/product/dsDwrH/xigmatek-case-fan-clff2001,https://images-na.ssl-images-amazon.com/images/I/41Ry-HXCwEL.jpg,200 mm,Clear,800 RPM,76 CFM,18 dB,No,
Xigmatek Crystal,https://pcpartpicker.com/product/Pjdqqs/xigmatek-case-fan-clff2002,https://images-na.ssl-images-amazon.com/images/I/41Ry-HXCwEL.jpg,200 mm,Clear,800 RPM,76 CFM,18 dB,No,
Antec 75003,https://pcpartpicker.com/product/XgGkcf/antec-75003-79-cfm-120-mm-fan-pro120mmdbb,https://cdna.pcpartpicker.com/static/forever/images/product/55104504698d7942171433f93dc22fa5.256p.jpg,120 mm,Clear,2000 RPM,79 CFM,29.8 dB,No,
Antec 75121,https://pcpartpicker.com/product/L6JwrH/antec-75121-79-cfm-120-mm-fan-761345-75121-6,https://m.media-amazon.com/images/I/41sjH8IeUaL.jpg,120 mm,Clear,2000 RPM,79 CFM,30 dB,No,
Antec 75120,https://pcpartpicker.com/product/4KvRsY/antec-75120-79-cfm-120-mm-fan-761345-75120-9,https://cdna.pcpartpicker.com/static/forever/images/product/aec667bf291490ee0859b73ae69801ba.256p.jpg,120 mm,Clear,2000 RPM,79 CFM,30 dB,No,
Antec 75093,https://pcpartpicker.com/product/YVkD4D/antec-75093-38-cfm-92-mm-fan-761345-75093-6,https://cdna.pcpartpicker.com/static/forever/images/product/02675b570acd9a2e0c7caf124ac0a603.256p.jpg,92 mm,Clear,2200 RPM,38 CFM,27 dB,No,
Antec 75080,https://pcpartpicker.com/product/ZkphP6/antec-75080-34-cfm-80-mm-fan-761345-75080-6,https://cdna.pcpartpicker.com/static/forever/images/product/78273b1fc72a2767daa98caeb8ad42a4.256p.jpg,80 mm,Clear,2600 RPM,34 CFM,30 dB,No,
Antec 75024,https://pcpartpicker.com/product/j37wrH/antec-case-fan-761345750240,https://cdna.pcpartpicker.com/static/forever/images/product/aec667bf291490ee0859b73ae69801ba.256p.jpg,120 mm,Clear,2000 RPM,79 CFM,30 dB,No,
Antec 75002,https://pcpartpicker.com/product/Rjdqqs/antec-75002-424-cfm-92-mm-fan-75002,https://cdna.pcpartpicker.com/static/forever/images/product/82fc9ace512b9fc8d6ecb5fe6c83d922.256p.jpg,92 mm,Clear,2600 RPM,42.4 CFM,33 dB,No,
Antec 75001,https://pcpartpicker.com/product/9hbp99/antec-75001-34-cfm-80-mm-fan-75001,https://m.media-amazon.com/images/I/415hFiXyKYL.jpg,80 mm,Clear,2600 RPM,34 CFM,30 dB,No,16.00
Antec 75000,https://pcpartpicker.com/product/d37wrH/antec-75000-34-cfm-80-mm-fan-75000,https://m.media-amazon.com/images/I/41yalsdfEWL.jpg,80 mm,Clear,2600 RPM,34 CFM,30 dB,No,
Antec 77095,https://pcpartpicker.com/product/P2JwrH/antec-case-fan-120mmblueledfan,/static/forever/img/no-image.png,120 mm,Clear,1600 RPM,56 CFM,28 dB,No,
Apevia CF12SL-BRD,https://pcpartpicker.com/product/qL3RsY/apevia-case-fan-cf12slbrd,https://m.media-amazon.com/images/I/51bjCFwz9YL.jpg,120 mm,Red,1500 RPM,50.28 CFM,21.1 dB,No,
Apevia CF12SL-BGN,https://pcpartpicker.com/product/8FvRsY/apevia-case-fan-cf12slbgn,https://m.media-amazon.com/images/I/51DgoANccCL.jpg,120 mm,Green,1500 RPM,50.28 CFM,21.1 dB,No,
Apevia CF12SL-BBL,https://pcpartpicker.com/product/gdZQzy/apevia-case-fan-cf12slbbl,https://m.media-amazon.com/images/I/51u9RlnsT-L.jpg,120 mm,Blue,1500 RPM,50.28 CFM,21.1 dB,No,
Apevia CF12SL-B4C,https://pcpartpicker.com/product/kvXfrH/apevia-cf12sl-b4c-5028-cfm-120-mm-fan-cf12sl-b4c,https://m.media-amazon.com/images/I/41HyGJI0KmL.jpg,120 mm,Clear,1500 RPM,50.28 CFM,21.1 dB,No,
Apevia CF12S,https://pcpartpicker.com/product/bNdqqs/apevia-cf12s-6385-cfm-120-mm-fan-cf12s,https://cdna.pcpartpicker.com/static/forever/images/product/6684140bc6b4d4ff943d92dcc7e26634.256p.jpg,120 mm,Clear,1700 RPM,63.85 CFM,29.67 dB,No,
Apevia 14SL-BL,https://pcpartpicker.com/product/pxphP6/apevia-case-fan-14slbl,https://m.media-amazon.com/images/I/519TICgCQqL.jpg,140 mm,Blue,1200 RPM,59.6 CFM,29.4 dB,No,
Apevia CF14SL-BRD,https://pcpartpicker.com/product/ryYXsY/apevia-case-fan-cf14slbrd,/static/forever/img/no-image.png,140 mm,Red,1200 RPM,59.6 CFM,20.6 dB,No,
Apevia CF14SL-BGN,https://pcpartpicker.com/product/2QrG3C/apevia-case-fan-cf14slbgn,/static/forever/img/no-image.png,140 mm,Green,1200 RPM,59.6 CFM,20.6 dB,No,
Apevia CF14SL-BBL,https://pcpartpicker.com/product/xZNp99/apevia-case-fan-cf14slbbl,https://m.media-amazon.com/images/I/41OSlt46cDL.jpg,140 mm,Blue,1200 RPM,59.6 CFM,20.6 dB,No,
Apevia CF14SL-B4C,https://pcpartpicker.com/product/bsDwrH/apevia-cf14sl-b4c-596-cfm-140-mm-fan-cf14sl-b4c,/static/forever/img/no-image.png,140 mm,Clear,1200 RPM,59.6 CFM,20.6 dB,No,
Apevia CF12SL-URED,https://pcpartpicker.com/product/RrNp99/apevia-case-fan-cf12slured,https://m.media-amazon.com/images/I/41TvkKmc5cL.jpg,120 mm,Red,1500 RPM,57.67 CFM,24.7 dB,No,
Apevia CF312SL-UBL 3-Pack,https://pcpartpicker.com/product/HvXfrH/apevia-cf312sl-ubl-6385-cfm-120-mm-fans-cf312sl-ubl,https://cdna.pcpartpicker.com/static/forever/images/product/d05b5ef7e16a8188dcf9c7575a495fb0.256p.jpg,120 mm,Blue,1700 RPM,63.85 CFM,29.67 dB,No,
Cooler Master SAF-B82-E1,https://pcpartpicker.com/product/jPZQzy/cooler-master-saf-b82-e1-3211-cfm-80-mm-fan-saf-b82-e1,/static/forever/img/no-image.png,80 mm,Black,2500 RPM,32.11 CFM,26 dB,No,
Cooler Master R4-S8R-20AK-GP,https://pcpartpicker.com/product/dyYXsY/cooler-master-r4-s8r-20ak-gp-2889-cfm-80-mm-fan-r4-s8r-20ak-gp,https://cdna.pcpartpicker.com/static/forever/images/product/212c16dd9621f4219ec0a309269b2ea1.256p.jpg,80 mm,Black,2000 RPM,28.89 CFM,20.9 dB,No,
Cougar Dual-X,https://pcpartpicker.com/product/k2JwrH/cougar-case-fan-cfd14hbr,https://m.media-amazon.com/images/I/51Jv7xyX3EL.jpg,140 mm,Red,1000 RPM,73.18 CFM,18 dB,No,
Cougar Dual-X,https://pcpartpicker.com/product/mXDwrH/cougar-case-fan-cfd14hbg,https://m.media-amazon.com/images/I/51mDIdHmYYL.jpg,140 mm,Green,1000 RPM,73.18 CFM,18 dB,No,
Cougar Dual-X,https://pcpartpicker.com/product/8pCwrH/cougar-case-fan-cfd14hbb,https://m.media-amazon.com/images/I/51sfnxlEyOL.jpg,140 mm,Blue,1000 RPM,73.18 CFM,18 dB,No,
Cougar Dual-X,https://pcpartpicker.com/product/r4ckcf/cougar-case-fan-cfd12hbr,https://m.media-amazon.com/images/I/51Jv7xyX3EL.jpg,120 mm,Orange,1200 RPM,64.37 CFM,16.6 dB,No,
Cougar Dual-X,https://pcpartpicker.com/product/2vXfrH/cougar-case-fan-cfd12hbg,https://m.media-amazon.com/images/I/51iRSxOti6L.jpg,120 mm,Green,,64.37 CFM,16.6 dB,No,
Apevia CF4S-UBL,https://pcpartpicker.com/product/myYXsY/apevia-cf4s-ubl-2564-cfm-80-mm-fan-cf4s-ubl,https://cdna.pcpartpicker.com/static/forever/images/product/892a1dfac5ff8a5783c76adca4f218c1.256p.jpg,80 mm,Blue,2000 RPM,25.64 CFM,22.05 dB,No,
Cougar Vortex,https://pcpartpicker.com/product/bmw323/cougar-vortex-705-cfm-140-mm-fan-cf-v14hb,https://m.media-amazon.com/images/I/41KQU77+2lL.jpg,140 mm,Black,700 - 1200 RPM,55.5 - 70.5 CFM,16.4 - 19.2 dB,No,
Cougar Vortex,https://pcpartpicker.com/product/zJckcf/cougar-vortex-645-cfm-140-mm-fan-cf-v14s,https://m.media-amazon.com/images/I/51RLT+VL9AL.jpg,140 mm,Orange,1000 RPM,64.5 CFM,17.9 dB,No,
NZXT FS,https://pcpartpicker.com/product/LM9KHx/nzxt-case-fan-fs200rbbled,https://images-na.ssl-images-amazon.com/images/I/41VM9s%2BojxL.jpg,193 mm,Black / White,700 RPM,89.5 CFM,20.16 dB,No,
NZXT FS,https://pcpartpicker.com/product/fqjG3C/nzxt-case-fan-fs200rbrled,https://images-na.ssl-images-amazon.com/images/I/41M4Tg08R-L.jpg,193 mm,Black / White,700 RPM,89.5 CFM,20.16 dB,No,
NZXT FS,https://pcpartpicker.com/product/GyYXsY/nzxt-case-fan-fs200rbgled,/static/forever/img/no-image.png,193 mm,Black / White,700 RPM,89.5 CFM,20.16 dB,No,
Xigmatek XAF,https://pcpartpicker.com/product/c2JwrH/xigmatek-case-fan-xaff1256,https://m.media-amazon.com/images/I/51aNzEZwvDL.jpg,120 mm,Blue,1500 RPM,75.3 CFM,24 dB,No,
Xigmatek XAF,https://pcpartpicker.com/product/DBkD4D/xigmatek-case-fan-xaff1255,https://images-na.ssl-images-amazon.com/images/I/51g%2B8kKOmRL.jpg,120 mm,Black,1000 - 1800 RPM,90.3 CFM,26 dB,No,
Xigmatek Crystal,https://pcpartpicker.com/product/vTQypg/xigmatek-case-fan-clff8251,https://m.media-amazon.com/images/I/41jtZEmXZXL.jpg,80 mm,Clear,2200 RPM,32.6 CFM,25 dB,No,
Xigmatek Crystal,https://pcpartpicker.com/product/RQrG3C/xigmatek-case-fan-clff8255,https://images-na.ssl-images-amazon.com/images/I/51QcNzF2jtL.jpg,80 mm,Clear,2200 RPM,32.6 CFM,25 dB,No,
Thermaltake Blue-Eye,https://pcpartpicker.com/product/QrNp99/thermaltake-case-fan-af0026,https://images-na.ssl-images-amazon.com/images/I/41P72o5VKLL.jpg,120 mm,Clear,1300 - 2500 RPM,97.5 CFM,24.6 - 38.79 dB,No,
Zalman SF2,https://pcpartpicker.com/product/sD9KHx/zalman-sf2-92-mm-fan-sf2,https://cdna.pcpartpicker.com/static/forever/images/product/74ae3eea4346ea0657f72c952f980037.256p.jpg,92 mm,White,2000 RPM,,23 dB,No,
Silverstone FN,https://pcpartpicker.com/product/NXDwrH/silverstone-fn121-5324-cfm-120-mm-fan-fn121,https://images-na.ssl-images-amazon.com/images/I/51MZ80EluhL.jpg,120 mm,Black,1200 RPM,53.24 CFM,26.6 dB,No,
Masscool FDC08025S1M,https://pcpartpicker.com/product/9qjG3C/masscool-fdc08025s1m-3295-cfm-80-mm-fan-fdc08025s1m,https://m.media-amazon.com/images/I/51FnHpL7ATL.jpg,80 mm,Clear,2700 RPM,32.95 CFM,26.5 dB,No,
Masscool FD12025S1L3/4,https://pcpartpicker.com/product/7D9KHx/masscool-fd12025s1l34-5205-cfm-120-mm-fan-fd12025s1l34,https://m.media-amazon.com/images/I/311VKiD97+L.jpg,120 mm,Black,1500 RPM,52.05 CFM,25 dB,No,
Masscool FD12025B1L3/4,https://pcpartpicker.com/product/mdZQzy/masscool-fd12025b1l34-5205-cfm-120-mm-fan-fd12025b1l34,https://m.media-amazon.com/images/I/417eTFPMNUL.jpg,120 mm,Black,1500 RPM,52.05 CFM,25 dB,No,
Masscool FD08025S1M4,https://pcpartpicker.com/product/Qjdqqs/masscool-fd08025s1m4-3173-cfm-80-mm-fan-fd08025s1m4,https://m.media-amazon.com/images/I/31UEELfQW+L.jpg,80 mm,Black,2500 RPM,31.73 CFM,28 dB,No,
Masscool FD08025B1M3/4,https://pcpartpicker.com/product/FWFPxr/masscool-fd08025b1m34-3295-cfm-80-mm-fan-fd08025b1m34,https://m.media-amazon.com/images/I/41LZWPNfKZL.jpg,80 mm,Black,2700 RPM,32.95 CFM,26.5 dB,No,
Masscool BLD-08025S1M,https://pcpartpicker.com/product/VqjG3C/masscool-case-fan-bld08025s1m,https://m.media-amazon.com/images/I/51p-VtR-vGL.jpg,80 mm,Clear,2700 RPM,32.65 CFM,26.5 dB,No,
Logisys SF80,https://pcpartpicker.com/product/m4ckcf/logisys-sf80-226-cfm-80-mm-fan-sf80,/static/forever/img/no-image.png,80 mm,Gray / Blue,900 - 2200 RPM,22.6 CFM,17.6 - 23.4 dB,No,
Logisys SF120,https://pcpartpicker.com/product/FBkD4D/logisys-sf120-705-cfm-120-mm-fan-sf120,/static/forever/img/no-image.png,120 mm,Blue,1500 RPM,70.5 CFM,17.6 - 27.8 dB,No,
Logisys LT400RD,https://pcpartpicker.com/product/YyYXsY/logisys-case-fan-lt400rd,https://cdna.pcpartpicker.com/static/forever/images/product/14d4eac2c52e7f661a693850c9149924.256p.jpg,80 mm,Clear,1800 RPM,21.71 CFM,20 dB,No,
Logisys LT400PL,https://pcpartpicker.com/product/ZgGkcf/logisys-case-fan-lt400pl,/static/forever/img/no-image.png,80 mm,Clear,1800 RPM,21.71 CFM,20 dB,No,
Logisys CF120RD,https://pcpartpicker.com/product/MJckcf/logisys-case-fan-cf120rd,https://m.media-amazon.com/images/I/51w6hNV9aGL.jpg,120 mm,Clear,1800 - 2000 RPM,69.15 CFM,39.29 dB,No,
Logisys CCF80UVGN,https://pcpartpicker.com/product/fYkD4D/logisys-case-fan-ccf80uvgn,/static/forever/img/no-image.png,80 mm,Green,2700 RPM,31.73 CFM,28 dB,No,
Logisys CCF80BL,https://pcpartpicker.com/product/4R7wrH/logisys-case-fan-ccf80bl,/static/forever/img/no-image.png,80 mm,Clear,2700 RPM,31.73 CFM,28 dB,No,
Gelid Solutions Slim,https://pcpartpicker.com/product/MfQypg/gelid-solutions-slim-12-uv-blue-483-cfm-120-mm-fan-slim-12-uv-blue,https://m.media-amazon.com/images/I/212D6bZRm9L.jpg,120 mm,Blue,1500 RPM,48.3 CFM,24.6 dB,No,
Evercool 1225H12B-Y21,https://pcpartpicker.com/product/jjdqqs/evercool-1225h12b-y21-14769-cfm-120-mm-fan-1225h12b-y21,https://cdna.pcpartpicker.com/static/forever/images/product/2ec193cb2f54e999aa2bb3f051ada83f.med.256p.jpg,120 mm,Black,4500 RPM,147.69 CFM,54.9 dB,No,
Evercool EC4020SH12BP,https://pcpartpicker.com/product/LR7wrH/evercool-ec4020sh12bp-40-mm-fan-ec4020sh12bp,https://images-na.ssl-images-amazon.com/images/I/51LUp0SIrfL.jpg,40 mm,Black,3000 - 9000 RPM,,32 dB,No,
Evercool EC8038HH12BP,https://pcpartpicker.com/product/77Qypg/evercool-case-fan-ec8038hh12bp,https://cdna.pcpartpicker.com/static/forever/images/product/881e203321353f2c0b92b36669d1850a.256p.jpg,80 mm,Black,2000 - 6500 RPM,37.1 CFM,22 - 56.2 dB,No,13.49
Evercool F-EC9733H12BA-B,https://pcpartpicker.com/product/QkphP6/evercool-f-ec9733h12ba-b-1519-cfm-92-mm-fan-f-ec9733h12ba-b,https://cdna.pcpartpicker.com/static/forever/images/product/378eed5b72ffb4417be926137971763d.med.256p.jpg,92 mm,Black,2200 - 2800 RPM,15.19 CFM,26 dB,No,
Evercool Evergreen,https://pcpartpicker.com/product/ZNdqqs/evercool-egf-8-80-mm-fan-egf-8,https://cdna.pcpartpicker.com/static/forever/images/product/1df45474f687365cafe004f0f276b20a.256p.jpg,80 mm,Green,1400 RPM,,16 dB,No,
Evercool Evergreen,https://pcpartpicker.com/product/TQrG3C/evercool-egf-12-3051-cfm-120-mm-fan-egf-12,https://m.media-amazon.com/images/I/512bNqQTcWL.jpg,120 mm,Green,800 RPM,30.51 CFM,16 dB,No,
Evercool FAN-AL12025B,https://pcpartpicker.com/product/8D9KHx/evercool-fan-al12025b-7914-cfm-120-mm-fan-fan-al12025b,/static/forever/img/no-image.png,120 mm,Silver,2000 RPM,79.14 CFM,,No,
Evercool FAN-AL9025B,https://pcpartpicker.com/product/xpCwrH/evercool-fan-al9025b-409-cfm-92-mm-fan-fan-al9025b,https://cdna.pcpartpicker.com/static/forever/images/product/b20829796c2f4c53619dda9af18dddc4.256p.jpg,92 mm,Silver,2200 RPM,40.9 CFM,,No,
Evercool FAN-EC8015M12CA,https://pcpartpicker.com/product/vrNp99/evercool-fan-ec8015m12ca-2849-cfm-80-mm-fan-fan-ec8015m12ca,https://cdna.pcpartpicker.com/static/forever/images/product/5041b2fd7bd0de08c765e3e38280f051.med.256p.jpg,80 mm,Black,2500 RPM,28.49 CFM,26 dB,No,
Evercool FAN-EC4020M12CA,https://pcpartpicker.com/product/JKvRsY/evercool-fan-ec4020m12ca-562-cfm-40-mm-fan-fan-ec4020m12ca,https://cdna.pcpartpicker.com/static/forever/images/product/f41988fdc8be8616be6df7b32fb01104.256p.jpg,40 mm,Black,5000 RPM,5.62 CFM,21 dB,No,
Evercool FAN-EC4010M12CA,https://pcpartpicker.com/product/6Jckcf/evercool-fan-ec4010m12ca-624-cfm-40-mm-fan-fan-ec4010m12ca,/static/forever/img/no-image.png,40 mm,Black,5000 RPM,6.24 CFM,21 dB,No,
Evercool FAN-EC4007M12CA,https://pcpartpicker.com/product/zQrG3C/evercool-fan-ec4007m12ca-48-cfm-40-mm-fan-fan-ec4007m12ca,https://cdna.pcpartpicker.com/static/forever/images/product/79b58f24ef71e4d63d56491fec30a7fc.256p.jpg,40 mm,Black,5500 RPM,4.8 CFM,25 dB,No,
Evercool FAN-ALED8025B2,https://pcpartpicker.com/product/Hc8Zxr/evercool-case-fan-fanaled8025b2,https://cdna.pcpartpicker.com/static/forever/images/product/b545e57249105db0bca8e7822622cf7d.256p.jpg,80 mm,Black,2500 RPM,32.4 CFM,12 dB,No,
Evercool FAN-EC12025M12C,https://pcpartpicker.com/product/jdZQzy/evercool-fan-ec12025m12c-7294-cfm-120-mm-fan-fan-ec12025m12c,https://cdna.pcpartpicker.com/static/forever/images/product/a06ef8b698f53aa1d3b6d68794586f2d.med.256p.jpg,120 mm,Black,2000 RPM,72.94 CFM,36 dB,No,
Evercool FAN-EC9225M12CA,https://pcpartpicker.com/product/X8DwrH/evercool-fan-ec9225m12ca-3835-cfm-92-mm-fan-fan-ec9225m12ca,https://cdna.pcpartpicker.com/static/forever/images/product/90914e7290c7951f819284fe40bb90c9.256p.jpg,92 mm,Black,2200 RPM,38.35 CFM,25 dB,No,
Evercool FAN-EC8025M12CA,https://pcpartpicker.com/product/WFvRsY/evercool-fan-ec8025m12ca-324-cfm-80-mm-fan-fan-ec8025m12ca,https://cdna.pcpartpicker.com/static/forever/images/product/15dd1ce8cd9c8697f00c22d237a42162.256p.jpg,80 mm,Black,2500 RPM,32.4 CFM,28 dB,No,
Evercool Spider Filter,https://pcpartpicker.com/product/bbbp99/evercool-sff-9-41-cfm-92-mm-fan-sff-9,https://cdna.pcpartpicker.com/static/forever/images/product/81bdad91b9358eaac1daac2da05f1864.med.256p.jpg,92 mm,Red,2200 RPM,41 CFM,22 dB,No,
NZXT FX,https://pcpartpicker.com/product/ztzv6h/nzxt-fx-140lb-983-cfm-140-mm-fan-fx-140lb,https://m.media-amazon.com/images/I/419V8sH3i-L.jpg,140 mm,White,2000 RPM,49.1 - 98.3 CFM,22.1 - 37 dB,No,
StarTech FAN8X25TX3L,https://pcpartpicker.com/product/HXDwrH/startech-fan8x25tx3l-266-cfm-80-mm-fan-fan8x25tx3l,https://cdna.pcpartpicker.com/static/forever/images/product/4176090e788d2231966775bf1c7c869a.256p.jpg,80 mm,Black,2000 RPM,26.6 CFM,27 dB,No,18.99
Scythe Gentle Typhoon,https://pcpartpicker.com/product/7YvRsY/scythe-gentle-typhoon-5768-cfm-120-mm-fan-d1225c12b5ap-15,https://m.media-amazon.com/images/I/41WB6tCTpNL.jpg,120 mm,Gray,1850 RPM,57.68 CFM,28 dB,No,
Scythe Gentle Typhoon,https://pcpartpicker.com/product/8TGkcf/scythe-gentle-typhoon-2825-cfm-120-mm-fan-d1225c12b2ap-12,https://m.media-amazon.com/images/I/411yGY0GzQL.jpg,120 mm,Gray,800 RPM,28.25 CFM,9 dB,No,
Scythe Gentle Typhoon,https://pcpartpicker.com/product/mPw323/scythe-gentle-typhoon-37-cfm-120-mm-fan-d1225c12b3ap-13,https://m.media-amazon.com/images/I/51Lp4uYEQ2L.jpg,120 mm,Gray,1150 RPM,37 CFM,16 dB,No,
Scythe Gentle Typhoon,https://pcpartpicker.com/product/V3Lypg/scythe-gentle-typhoon-5003-cfm-120-mm-fan-d1225c12b4ap-14,https://m.media-amazon.com/images/I/41WB6tCTpNL.jpg,120 mm,Gray,1450 RPM,50.03 CFM,21 dB,No,
Aerocool Shark,https://pcpartpicker.com/product/gR7wrH/aerocool-shark-826-cfm-120-mm-fan-shark-120mm-black-edition,https://cdna.pcpartpicker.com/static/forever/images/product/6ed8b68a0cb9318b322fcd99cec8c45b.med.256p.jpg,120 mm,Black,800 - 1500 RPM,32.5 - 82.6 CFM,12.6 - 26.5 dB,No,
Aerocool Shark,https://pcpartpicker.com/product/qxphP6/aerocool-case-fan-shark120mmblueedition,https://m.media-amazon.com/images/I/41Gcb3EOaVL.jpg,120 mm,Blue,800 - 1500 RPM,32.5 - 82.6 CFM,12.6 - 26.5 dB,No,
Aerocool Shark,https://pcpartpicker.com/product/KyYXsY/aerocool-shark-965-cfm-140-mm-fan-shark-140mm-black-edition,https://cdna.pcpartpicker.com/static/forever/images/product/dcfd63a894839a7c8815154309999da9.256p.jpg,140 mm,Black,800 - 1500 RPM,50 - 96.5 CFM,14.5 - 29.6 dB,No,
Aerocool Shark,https://pcpartpicker.com/product/QFvRsY/aerocool-case-fan-shark140mmblueedition,https://m.media-amazon.com/images/I/5145pH77I7L.jpg,140 mm,Blue,800 - 1500 RPM,50 - 96.5 CFM,14.5 - 29.6 dB,No,
Delta Electronics FFB1212EH-F00,https://pcpartpicker.com/product/Px8Zxr/delta-electronics-ffb1212eh-f00-15033-cfm-120-mm-fan-ffb1212eh-f00,https://cdna.pcpartpicker.com/static/forever/images/product/330d1a147647f2722afb3b8775c35274.med.256p.jpg,120 mm,Black,4000 RPM,150.33 CFM,56.4 dB,No,
Gelid Solutions Wing,https://pcpartpicker.com/product/YsDwrH/gelid-solutions-fn-fw12-15-643-cfm-120-mm-fan-fn-fw12-15,https://m.media-amazon.com/images/I/41eYNGO2KAL.jpg,120 mm,Translucent Yellow,1500 RPM,64.3 CFM,12 - 25 dB,No,
Gelid Solutions Wing,https://pcpartpicker.com/product/wtzv6h/gelid-solutions-fn-fw09-20-b-3979-cfm-92-mm-fan-fn-fw09-20-b,https://m.media-amazon.com/images/I/41ejVaHZOnL.jpg,92 mm,Translucent Blue,2000 RPM,39.79 CFM,22.5 dB,No,
Noctua R8-1800,https://pcpartpicker.com/product/szQypg/noctua-nf-r8-1800-80-mm-fan-nf-r8-1800,https://m.media-amazon.com/images/I/21CZptdzfDL.jpg,80 mm,Brown,800 - 1800 RPM,,7 - 17 dB,No,
NoiseBlocker BlackSilentPro P-1,https://pcpartpicker.com/product/tJJwrH/noiseblocker-nb-blacksilentpro-pk-1-2884-cfm-140-mm-fan-nb-blacksilentpro-pk-1,/static/forever/img/no-image.png,140 mm,Black,700 RPM,28.84 CFM,9 dB,No,
NoiseBlocker BlackSilentPro P-2,https://pcpartpicker.com/product/gL8Zxr/noiseblocker-nb-blacksilentpro-pk-2-3237-cfm-140-mm-fan-nb-blacksilentpro-pk-2,/static/forever/img/no-image.png,140 mm,Black,1200 RPM,32.37 CFM,22 dB,No,
NoiseBlocker BlackSilentPro P-3,https://pcpartpicker.com/product/qk2kcf/noiseblocker-nb-blacksilentpro-pk-3-9005-cfm-140-mm-fan-nb-blacksilentpro-pk-3,https://images-na.ssl-images-amazon.com/images/I/417LZWCjKML.jpg,140 mm,Black,1700 RPM,90.05 CFM,33 - 3 dB,No,
NoiseBlocker Black Silent Pro PK-HP,https://pcpartpicker.com/product/yfXfrH/noiseblocker-nb-black-silent-pro-pk-hp-7122-cfm-140-mm-fan-nb-blacksilentpro-pk-hp,/static/forever/img/no-image.png,140 mm,Black,1500 RPM,71.22 CFM,29 dB,Yes,
NoiseBlocker BlackSilentFan X-2,https://pcpartpicker.com/product/4DPfrH/noiseblocker-nb-blacksilentfan-xk-2-5002-cfm-140-mm-fan-nb-blacksilentfan-xk-2,/static/forever/img/no-image.png,140 mm,Translucent Blue,1100 RPM,50.02 CFM,20 dB,No,
NoiseBlocker BlackSilentFan X-1,https://pcpartpicker.com/product/YJJwrH/noiseblocker-nb-blacksilentfan-xk-1-3531-cfm-140-mm-fan-nb-blacksilentfan-xk-1,https://m.media-amazon.com/images/I/51l69XS99BL.jpg,140 mm,Translucent Blue,800 RPM,35.31 CFM,13 dB,No,
NoiseBlocker BlackSilentFan X-P,https://pcpartpicker.com/product/ZL8Zxr/noiseblocker-nb-blacksilentfan-xl-p-7533-cfm-120-mm-fan-nb-blacksilentfan-xl-p,/static/forever/img/no-image.png,120 mm,Translucent Blue,2000 RPM,75.33 CFM,31 dB,Yes,
NoiseBlocker BlackSilentFan X-2,https://pcpartpicker.com/product/TWg323/noiseblocker-nb-blacksilentfan-xl-2-5768-cfm-120-mm-fan-nb-blacksilentfan-xl-2,/static/forever/img/no-image.png,120 mm,Translucent Blue,1500 RPM,57.68 CFM,24 dB,No,
NoiseBlocker BlackSilentFan X-1,https://pcpartpicker.com/product/BmXfrH/noiseblocker-nb-blacksilentfan-xl-1-4061-cfm-120-mm-fan-nb-blacksilentfan-xl-1,/static/forever/img/no-image.png,120 mm,Translucent Blue,1000 RPM,40.61 CFM,13 dB,No,
NoiseBlocker BlackSilentFan X-2,https://pcpartpicker.com/product/nQmLrH/noiseblocker-nb-blacksilentfan-xe-2-3825-cfm-92-mm-fan-nb-blacksilentfan-xe-2,/static/forever/img/no-image.png,92 mm,Translucent Blue,1800 RPM,38.25 CFM,21 dB,No,
NoiseBlocker BlackSilentFan X-1,https://pcpartpicker.com/product/f7tCmG/noiseblocker-nb-blacksilentfan-xe-1-2942-cfm-92-mm-fan-nb-blacksilentfan-xe-1,/static/forever/img/no-image.png,92 mm,Translucent Blue,1500 RPM,29.42 CFM,17 dB,No,
NoiseBlocker BlackSilentFan X-2,https://pcpartpicker.com/product/Lk2kcf/noiseblocker-nb-blacksilentfan-x-2-2648-cfm-80-mm-fan-nb-blacksilentfan-x-2,/static/forever/img/no-image.png,80 mm,Translucent Blue,1800 RPM,26.48 CFM,18 dB,No,
NoiseBlocker BlackSilentFan X-1,https://pcpartpicker.com/product/NGphP6/noiseblocker-nb-blacksilentfan-x-1-153-cfm-80-mm-fan-nb-blacksilentfan-x-1,/static/forever/img/no-image.png,80 mm,Translucent Blue,1300 RPM,15.3 CFM,10 dB,No,
NoiseBlocker BlackSilentFan X-2,https://pcpartpicker.com/product/zy6BD3/noiseblocker-nb-blacksilentfan-xm-2-394-cfm-40-mm-fan-nb-blacksilentfan-xm-2,/static/forever/img/no-image.png,40 mm,Translucent Blue,3800 RPM,3.94 CFM,14 dB,No,
NoiseBlocker BlackSilentPro P-2,https://pcpartpicker.com/product/HN8Zxr/noiseblocker-nb-blacksilentpro-pl-2-565-cfm-120-mm-fan-nb-blacksilentpro-pl-2,https://images-na.ssl-images-amazon.com/images/I/51oTJzey1BL.jpg,120 mm,Black,1400 RPM,56.5 CFM,23 dB,No,
NoiseBlocker BlackSilentPro P-1,https://pcpartpicker.com/product/hqCwrH/noiseblocker-nb-blacksilentpro-pl-1-4002-cfm-120-mm-fan-nb-blacksilentpro-pl-1,/static/forever/img/no-image.png,120 mm,Black,900 RPM,40.02 CFM,12 dB,No,
NoiseBlocker BlackSilentPro P-1,https://pcpartpicker.com/product/vVxfrH/noiseblocker-nb-blacksilentpro-pe-1-2472-cfm-92-mm-fan-nb-blacksilentpro-pe-1,/static/forever/img/no-image.png,92 mm,Black,1300 RPM,24.72 CFM,14 dB,No,
NoiseBlocker BlackSilentPro P-P,https://pcpartpicker.com/product/JVxfrH/noiseblocker-nb-blacksilentpro-p-p-3178-cfm-80-mm-fan-nb-blacksilentpro-p-p,/static/forever/img/no-image.png,80 mm,Black,2000 RPM,31.78 CFM,18 dB,Yes,
NoiseBlocker BlackSilentPro P-1,https://pcpartpicker.com/product/Psdqqs/noiseblocker-nb-blacksilentpro-p-1-1724-cfm-80-mm-fan-nb-blacksilentpro-p-1,/static/forever/img/no-image.png,80 mm,Black,1500 RPM,17.24 CFM,15 dB,No,
NoiseBlocker BlackSilentPro P-P,https://pcpartpicker.com/product/d6Gkcf/noiseblocker-nb-blacksilentpro-pc-p-306-cfm-80-mm-fan-nb-blacksilentpro-pc-p,/static/forever/img/no-image.png,80 mm,Black,2500 RPM,30.6 CFM,26 dB,Yes,
NoiseBlocker BlackSilentPro P-1,https://pcpartpicker.com/product/D8phP6/noiseblocker-nb-blacksilentpro-pm-1-412-cfm-40-mm-fan-nb-blacksilentpro-pm-1,/static/forever/img/no-image.png,40 mm,Black,2800 RPM,4.12 CFM,14 dB,No,
NoiseBlocker ELoop B,https://pcpartpicker.com/product/wVxfrH/noiseblocker-nb-eloop-b12-p-7792-cfm-120-mm-fan-nb-eloop-b12-p,/static/forever/img/no-image.png,120 mm,White,2000 RPM,77.92 CFM,28 dB,Yes,
NoiseBlocker ELoop B,https://pcpartpicker.com/product/M8phP6/noiseblocker-nb-eloop-b12-hp-5809-cfm-120-mm-fan-nb-eloop-b12-hp,/static/forever/img/no-image.png,120 mm,White,1500 RPM,58.09 CFM,21 dB,Yes,
NoiseBlocker ELoop B,https://pcpartpicker.com/product/GfXfrH/noiseblocker-nb-eloop-b12-4-8846-cfm-120-mm-fan-nb-eloop-b12-4,/static/forever/img/no-image.png,120 mm,White,2400 RPM,88.46 CFM,34 dB,No,
NoiseBlocker ELoop B,https://pcpartpicker.com/product/nnPfrH/noiseblocker-nb-eloop-b12-1-3372-cfm-120-mm-fan-nb-eloop-b12-1,https://cdna.pcpartpicker.com/static/forever/images/product/9c2393922d70e898a265f552d9f663a5.256p.jpg,120 mm,White,800 RPM,33.72 CFM,8 dB,No,32.68
NoiseBlocker Multiframe,https://pcpartpicker.com/product/f8phP6/noiseblocker-nb-multiframe-m12-ps-5885-cfm-120-mm-fan-nb-multiframe-m12-ps,https://images-na.ssl-images-amazon.com/images/I/51-HanMjVrL.jpg,120 mm,Translucent Gray,1500 RPM,58.85 CFM,23 dB,Yes,
NoiseBlocker Multiframe,https://pcpartpicker.com/product/4C7wrH/noiseblocker-nb-multiframe-m12-p-7828-cfm-120-mm-fan-nb-multiframe-m12-p,/static/forever/img/no-image.png,120 mm,Translucent Gray,2000 RPM,78.28 CFM,29 dB,Yes,
NoiseBlocker Multiframe,https://pcpartpicker.com/product/Yr4gXL/noiseblocker-nb-multiframe-m12-3-7298-cfm-120-mm-fan-nb-multiframe-m12-3,/static/forever/img/no-image.png,120 mm,Translucent Gray,1800 RPM,72.98 CFM,27 dB,No,
NoiseBlocker Multiframe,https://pcpartpicker.com/product/Z8phP6/noiseblocker-nb-multiframe-m12-2-512-cfm-120-mm-fan-nb-multiframe-m12-2,https://m.media-amazon.com/images/I/51mqjRKwj0L.jpg,120 mm,Translucent Gray,1250 RPM,51.2 CFM,16 dB,No,
NoiseBlocker Multiframe,https://pcpartpicker.com/product/THPfrH/noiseblocker-nb-multiframe-m12-1-3413-cfm-120-mm-fan-nb-multiframe-m12-1,https://m.media-amazon.com/images/I/51tysehl3LL.jpg,120 mm,Translucent Gray,750 RPM,34.13 CFM,8 dB,No,
NoiseBlocker Multiframe,https://pcpartpicker.com/product/zMzv6h/noiseblocker-nb-multiframe-m8-s3-3472-cfm-80-mm-fan-nb-multiframe-m8-s3,/static/forever/img/no-image.png,80 mm,Translucent Gray,2200 RPM,34.72 CFM,19 dB,No,
NoiseBlocker Multiframe,https://pcpartpicker.com/product/jc9KHx/noiseblocker-nb-multiframe-m8-s2-2766-cfm-80-mm-fan-nb-multiframe-m8-s2,/static/forever/img/no-image.png,80 mm,Translucent Gray,1700 RPM,27.66 CFM,15 dB,No,
NoiseBlocker Multiframe,https://pcpartpicker.com/product/6X4gXL/noiseblocker-nb-multiframe-m8-s1-1765-cfm-80-mm-fan-nb-multiframe-m8-s1,/static/forever/img/no-image.png,80 mm,Translucent Gray,1200 RPM,17.65 CFM,8 dB,No,
NoiseBlocker Multiframe,https://pcpartpicker.com/product/BPw323/noiseblocker-nb-multiframe-m8-p-3178-cfm-80-mm-fan-nb-multiframe-m8-p,/static/forever/img/no-image.png,80 mm,Translucent Gray,2000 RPM,31.78 CFM,17 dB,Yes,
Phanteks F140TS,https://pcpartpicker.com/product/ttvRsY/phanteks-ph-f140ts-7809-cfm-140-mm-fan-ph-f140ts_rd,https://images-na.ssl-images-amazon.com/images/I/51SBXxIYnBL.jpg,140 mm,Red,750 - 1200 RPM,45.1 - 78.09 CFM,13.4 - 19 dB,No,
BitFenix Spectre,https://pcpartpicker.com/product/TwLypg/bitfenix-spectre-474-cfm-200-mm-fan-bff-scf-20020ww-rp,https://cdna.pcpartpicker.com/static/forever/images/product/ebbe19a5eecc6f3b5c03467051a9e5e9.med.256p.jpg,200 mm,White,700 RPM,47.4 CFM,20 dB,No,
BitFenix Spectre Pro,https://pcpartpicker.com/product/zKzv6h/bitfenix-case-fan-bfflpro14025wrp,https://cdna.pcpartpicker.com/static/forever/images/product/63eb39eeb7505d423181d4c2059d0b2b.med.256p.jpg,140 mm,Black,1200 RPM,86.73 CFM,22.8 dB,No,
BitFenix Spectre,https://pcpartpicker.com/product/VYvRsY/bitfenix-case-fan-bffblfp14025grp,https://cdna.pcpartpicker.com/static/forever/images/product/79af95f786d98bc75a529a7630fa7045.med.256p.jpg,140 mm,Translucent Black,1800 RPM,56.1 CFM,24.2 dB,Yes,
BitFenix Spectre,https://pcpartpicker.com/product/BDPfrH/bitfenix-case-fan-bffblf23030wrp,https://m.media-amazon.com/images/I/51aEu6FRzxL.jpg,230 mm,Black,900 RPM,97.8 CFM,20 dB,No,
Cooler Master R4-L4S-10AB-GP,https://pcpartpicker.com/product/JJckcf/cooler-master-case-fan-r4l4s10abgp,https://cdna.pcpartpicker.com/static/forever/images/product/59516f90c65aed60ae7ff36b439064b0.256p.jpg,140 mm,Clear,1000 RPM,60.9 CFM,16 dB,No,
Cooler Master R4-C2R-20AC-GP,https://pcpartpicker.com/product/c9kD4D/cooler-master-r4-c2r-20ac-gp-69-cfm-120-mm-fan-r4-c2r-20ac-gp,https://m.media-amazon.com/images/I/51GAu9spO2L.jpg,120 mm,Black,2000 RPM,69 CFM,19 dB,No,
Apevia CF4S-BK,https://pcpartpicker.com/product/hPw323/apevia-cf4s-bk-2564-cfm-80-mm-fan-cf4s-bk,https://m.media-amazon.com/images/I/31kYgmhvXEL.jpg,80 mm,Black,2000 RPM,25.64 CFM,22.05 dB,No,
Gelid Solutions Wing PL,https://pcpartpicker.com/product/jTQypg/gelid-solutions-case-fan-fnfw12bpl18,https://m.media-amazon.com/images/I/51QxKLYQTsL.jpg,120 mm,Black / Blue,600 - 1800 RPM,75.59 CFM,10 - 26.8 dB,Yes,
Cooler Master R4-S9S-19AK-GP,https://pcpartpicker.com/product/9JJwrH/cooler-master-r4-s9s-19ak-gp-3253-cfm-92-mm-fan-r4-s9s-19ak-gp,https://cdna.pcpartpicker.com/static/forever/images/product/0184bb5a13678465013c611dda292c75.256p.jpg,92 mm,Black,1900 RPM,32.53 CFM,20.8 dB,No,
Gelid Solutions Silent,https://pcpartpicker.com/product/CpCwrH/gelid-solutions-fn-sx09-15-3132-cfm-92-mm-fan-fn-sx09-15,https://m.media-amazon.com/images/I/41k1XlvSSxL.jpg,92 mm,White,1500 RPM,31.32 CFM,20 dB,No,
Gelid Solutions Silent,https://pcpartpicker.com/product/DCH323/gelid-solutions-fn-sx08-16-2072-cfm-80-mm-fan-fn-sx08-16,https://m.media-amazon.com/images/I/41-V5nDgOaL.jpg,80 mm,White,1600 RPM,20.72 CFM,18 dB,No,
Gelid Solutions Silent,https://pcpartpicker.com/product/4zQypg/gelid-solutions-fn-px12-15-58-cfm-120-mm-fan-fn-px12-15,https://m.media-amazon.com/images/I/41QC5olYKGL.jpg,120 mm,White,750 - 1500 RPM,58 CFM,12 - 25.5 dB,Yes,
Gelid Solutions Silent,https://pcpartpicker.com/product/TKvRsY/gelid-solutions-fn-px09-20-3789-cfm-92-mm-fan-fn-px09-20,/static/forever/img/no-image.png,92 mm,White,900 - 2000 RPM,37.89 CFM,11 - 23.5 dB,Yes,
Gelid Solutions Silent,https://pcpartpicker.com/product/LG9KHx/gelid-solutions-fn-px08-20-27-cfm-80-mm-fan-fn-px08-20,https://m.media-amazon.com/images/I/41AKTTC3kfL.jpg,80 mm,White,900 - 2000 RPM,27 CFM,10 - 21.5 dB,Yes,
Gelid Solutions Wing PL,https://pcpartpicker.com/product/z4ckcf/gelid-solutions-case-fan-fnfw12pl18,https://m.media-amazon.com/images/I/41Ds6fD022L.jpg,120 mm,Green,600 - 1800 RPM,75.59 CFM,10 - 26.8 dB,Yes,
Gelid Solutions Silent TC,https://pcpartpicker.com/product/BCH323/gelid-solutions-fn-tx08-20-27-cfm-80-mm-fan-fn-tx08-20,https://m.media-amazon.com/images/I/41JwWMdf58L.jpg,80 mm,White,900 - 2000 RPM,27 CFM,10 - 21.5 dB,No,
Gelid Solutions Silent TC,https://pcpartpicker.com/product/Ntzv6h/gelid-solutions-fn-tx12-15-58-cfm-120-mm-fan-fn-tx12-15,https://m.media-amazon.com/images/I/31ULODN3mPL.jpg,120 mm,White,750 - 1500 RPM,58 CFM,12 - 25.5 dB,No,
Gelid Solutions Silent,https://pcpartpicker.com/product/ZpCwrH/gelid-solutions-fn-sx12-10-37-cfm-120-mm-fan-fn-sx12-10,https://m.media-amazon.com/images/I/41ZRev8sGmL.jpg,120 mm,White,1000 RPM,37 CFM,20.2 dB,No,
Logisys LT80UVBL,https://pcpartpicker.com/product/3KvRsY/logisys-case-fan-lt80uvbl,/static/forever/img/no-image.png,80 mm,UV Blue,1800 RPM,21.71 CFM,20 dB,No,
Logisys LT400GN,https://pcpartpicker.com/product/FfXfrH/logisys-case-fan-lt400gn,/static/forever/img/no-image.png,80 mm,Clear,1800 RPM,21.71 CFM,20 dB,No,
Logisys LT400BL,https://pcpartpicker.com/product/Q37wrH/logisys-case-fan-lt400bl,https://m.media-amazon.com/images/I/315oKboboCL.jpg,80 mm,Clear,1800 RPM,21.71 CFM,20 dB,No,
Logisys CF120GB,https://pcpartpicker.com/product/q6JwrH/logisys-case-fan-cf120gb,https://cdna.pcpartpicker.com/static/forever/images/product/c817de728e45dd8ee7855003997d6f4a.med.256p.jpg,120 mm,Green,,44.71 CFM,26 dB,No,
Masscool BLD-12025V1,https://pcpartpicker.com/product/jYkD4D/masscool-case-fan-bld12025v1,https://images-na.ssl-images-amazon.com/images/I/51%2B4UlAcRFL.jpg,120 mm,Clear,1500 RPM,60 CFM,23.5 dB,No,
Logisys SF140,https://pcpartpicker.com/product/KJckcf/logisys-sf140-718-cfm-140-mm-fan-sf140,https://m.media-amazon.com/images/I/41lNRTZhYAL.jpg,140 mm,Black / Blue,700 - 1200 RPM,71.8 CFM,17.6 - 26.7 dB,No,
Logisys LT80UVRD,https://pcpartpicker.com/product/9sDwrH/logisys-case-fan-lt80uvrd,/static/forever/img/no-image.png,80 mm,Red,1800 RPM,21.71 CFM,20 dB,No,
Logisys LT80UVGN,https://pcpartpicker.com/product/RL3RsY/logisys-case-fan-lt80uvgn,/static/forever/img/no-image.png,80 mm,Green,1800 RPM,21.71 CFM,20 dB,No,
Nexus D12SL-12,https://pcpartpicker.com/product/JvXfrH/nexus-d12sl-12-3686-cfm-120-mm-fan-d12sl-12,https://cdna.pcpartpicker.com/static/forever/images/product/9b3754280dfb95464cd8731bf200be17.med.256p.jpg,120 mm,Black / White,1000 RPM,36.86 CFM,18 dB,No,9.99
Masscool FD12038S1M3/4,https://pcpartpicker.com/product/BfQypg/masscool-fd12038s1m34-10754-cfm-120-mm-fan-fd12038s1m34,https://m.media-amazon.com/images/I/21GYLm63i9L.jpg,120 mm,Black,2700 RPM,107.54 CFM,41.51 dB,No,
Masscool FDC14025S1L,https://pcpartpicker.com/product/rJckcf/masscool-fdc14025s1l-5712-cfm-140-mm-fan-fdc14025s1l,https://m.media-amazon.com/images/I/21TX3SkzCNL.jpg,140 mm,Clear,1500 RPM,57.12 CFM,24.7 dB,No,
Nexus DF1209SL-3,https://pcpartpicker.com/product/vzQypg/nexus-df1209sl-3-27-cfm-92-mm-fan-df1209sl-3,https://m.media-amazon.com/images/I/41LeBeCNJKL.jpg,92 mm,White,1500 RPM,27 CFM,19.2 dB,No,
Nexus D12SL-12BL,https://pcpartpicker.com/product/hnxfrH/nexus-case-fan-d12sl12bl,https://m.media-amazon.com/images/I/51YGz+pXJ2L.jpg,120 mm,Clear,1000 RPM,36.86 CFM,18 dB,No,
Rosewill RFA-120-BL,https://pcpartpicker.com/product/gYkD4D/rosewill-case-fan-rfa120bl,https://cdna.pcpartpicker.com/static/forever/images/product/7080f2a343642f7d12f514602f6189a1.256p.jpg,120 mm,Blue,2000 RPM,74.48 CFM,29.28 dB,No,
Prolimatech Vortex,https://pcpartpicker.com/product/HVkD4D/prolimatech-case-fan-prorv14led,https://m.media-amazon.com/images/I/51ro+14VCrL.jpg,140 mm,Red,1000 RPM,87 CFM,18.1 dB,No,
Prolimatech Vortex,https://pcpartpicker.com/product/hsDwrH/prolimatech-pro-bv14-87-cfm-140-mm-fan-pro-bv14,/static/forever/img/no-image.png,140 mm,Blue,1000 RPM,87 CFM,18.1 dB,No,
Nexus SP802512L-03,https://pcpartpicker.com/product/pZNp99/nexus-sp802512l-03-202-cfm-80-mm-fan-sp802512l-03,https://m.media-amazon.com/images/I/41YdcAX98FL.jpg,80 mm,White,1500 RPM,20.2 CFM,17.6 dB,No,
Silverstone Air Penetrator,https://pcpartpicker.com/product/CBkD4D/silverstone-ap121-3536-cfm-120-mm-fan-ap121,/static/forever/img/no-image.png,120 mm,Clear,1500 RPM,35.36 CFM,22.4 dB,No,
Rosewill RFA-80-WL,https://pcpartpicker.com/product/72JwrH/rosewill-case-fan-rfa80wl,https://m.media-amazon.com/images/I/41OdNLl12HL.jpg,80 mm,Clear,2500 RPM,33.21 CFM,22.41 dB,No,
Thermaltake Thunderblade,https://pcpartpicker.com/product/KvXfrH/thermaltake-case-fan-af0030,https://images-na.ssl-images-amazon.com/images/I/41eKbCZhgTL.jpg,120 mm,Red,1800 RPM,70.2 CFM,31.7 dB,No,
Thermaltake ISGC,https://pcpartpicker.com/product/3L3RsY/thermaltake-af0018-583-cfm-120-mm-fan-af0018,https://images-na.ssl-images-amazon.com/images/I/41MV0ZtCzuL.jpg,120 mm,White,800 - 1300 RPM,58.3 CFM,16 dB,No,
StarTech FANBOX,https://pcpartpicker.com/product/7Pw323/startech-fanbox92-3935-cfm-92-mm-fan-fanbox92,https://cdna.pcpartpicker.com/static/forever/images/product/a48d0dfdc50cf61af6b58b893639c949.256p.jpg,92 mm,Black,2200 RPM,39.35 CFM,26 dB,No,
Silverstone FN81,https://pcpartpicker.com/product/LvXfrH/silverstone-fn81-2546-cfm-80-mm-fan-fn81,https://m.media-amazon.com/images/I/41r8+uX3rkL.jpg,80 mm,Black,2050 RPM,25.46 CFM,23.5 dB,No,
Silverstone FN,https://pcpartpicker.com/product/cQrG3C/silverstone-case-fan-fn181bl,https://m.media-amazon.com/images/I/41bX-z3r8rL.jpg,180 mm,Clear,700 RPM,100 CFM,18 dB,No,
Xigmatek Crystal,https://pcpartpicker.com/product/ptzv6h/xigmatek-case-fan-clff1255,https://images-na.ssl-images-amazon.com/images/I/51QcNzF2jtL.jpg,120 mm,Clear,1500 RPM,68.33 CFM,20 dB,No,
Xigmatek Crystal,https://pcpartpicker.com/product/g2JwrH/xigmatek-case-fan-clff1253,https://images-na.ssl-images-amazon.com/images/I/41OaA339HkL.jpg,120 mm,Clear,1500 RPM,68.33 CFM,20 dB,No,
Xigmatek Crystal,https://pcpartpicker.com/product/hWFPxr/xigmatek-case-fan-clff1252,https://images-na.ssl-images-amazon.com/images/I/41O0SxJkCOL.jpg,120 mm,Clear,1500 RPM,68.33 CFM,20 dB,No,
Xigmatek Crystal,https://pcpartpicker.com/product/Hwdqqs/xigmatek-case-fan-clff1251,/static/forever/img/no-image.png,120 mm,Clear,1500 RPM,68.33 CFM,20 dB,No,
Xigmatek XLF,https://pcpartpicker.com/product/dKvRsY/xigmatek-case-fan-xlff1253,https://images-na.ssl-images-amazon.com/images/I/51o4WBOv-7L.jpg,120 mm,Orange,1500 RPM,61 CFM,20 dB,No,
Xigmatek Crystal,https://pcpartpicker.com/product/7hh9TW/xigmatek-case-fan-clff8252,https://images-na.ssl-images-amazon.com/images/I/31jisq4U3bL.jpg,80 mm,Clear,2200 RPM,,,No,
Xigmatek Crystal,https://pcpartpicker.com/product/WxphP6/xigmatek-case-fan-clff1455,https://images-na.ssl-images-amazon.com/images/I/417aXjy67xL.jpg,140 mm,Clear,1000 RPM,60.46 CFM,16 dB,No,
Xigmatek Crystal,https://pcpartpicker.com/product/7zQypg/xigmatek-case-fan-clff1453,https://images-na.ssl-images-amazon.com/images/I/41XceFu-f%2BL.jpg,140 mm,Clear,1000 RPM,60.46 CFM,16 dB,No,
Xigmatek Crystal,https://pcpartpicker.com/product/VJckcf/xigmatek-case-fan-clff1452,https://images-na.ssl-images-amazon.com/images/I/41ukqk41SBL.jpg,140 mm,Clear,1000 RPM,60.46 CFM,16 dB,No,
Xigmatek Crystal,https://pcpartpicker.com/product/bqjG3C/xigmatek-case-fan-clff1451,https://images-na.ssl-images-amazon.com/images/I/41I-Bq-CtHL.jpg,140 mm,Clear,1000 RPM,60.46 CFM,16 dB,No,
Xigmatek XLF,https://pcpartpicker.com/product/f37wrH/xigmatek-case-fan-xlff1455,/static/forever/img/no-image.png,140 mm,Black,1000 RPM,63.5 CFM,16 dB,No,
Xigmatek XLF,https://pcpartpicker.com/product/GKvRsY/xigmatek-case-fan-xlff1454,https://m.media-amazon.com/images/I/51l3MsfAvfL.jpg,140 mm,Clear,1000 RPM,63.5 CFM,16 dB,No,
Xigmatek XLF,https://pcpartpicker.com/product/4yYXsY/xigmatek-case-fan-xlff1453,https://images-na.ssl-images-amazon.com/images/I/51ieaq0-xhL.jpg,140 mm,Orange,1000 RPM,63.5 CFM,16 dB,No,
Xigmatek XLF,https://pcpartpicker.com/product/937wrH/xigmatek-case-fan-xlff1256,https://images-na.ssl-images-amazon.com/images/I/519z5BuWkaL.jpg,120 mm,Blue,1500 RPM,61 CFM,20 dB,No,
Xigmatek XLF,https://pcpartpicker.com/product/36JwrH/xigmatek-case-fan-xlff1255,/static/forever/img/no-image.png,120 mm,Black,800 - 1500 RPM,61 CFM,20 dB,Yes,
Xigmatek XLF,https://pcpartpicker.com/product/MR7wrH/xigmatek-case-fan-xlff1254,https://images-na.ssl-images-amazon.com/images/I/51fGVeIFduL.jpg,120 mm,Clear,1500 RPM,61 CFM,20 dB,No,
Xion Alphawing,https://pcpartpicker.com/product/kL8Zxr/xion-case-fan-axpgf140ledr,/static/forever/img/no-image.png,140 mm,Translucent Black,1000 RPM,59.6 CFM,18.6 - 23.3 dB,No,
Xion Alphawing,https://pcpartpicker.com/product/b7Qypg/xion-axp-gf120_wt-5102-cfm-120-mm-fan-axp-gf120_wt,https://images-na.ssl-images-amazon.com/images/I/31G1K61rL4L.jpg,120 mm,White,1200 RPM,51.02 CFM,19.6 - 25.2 dB,No,
Xion Alphawing,https://pcpartpicker.com/product/kxphP6/xion-case-fan-axpgf120ledr,https://images-na.ssl-images-amazon.com/images/I/41w1OdRU3fL.jpg,120 mm,Translucent Black,1200 RPM,51.02 CFM,19.6 - 25.2 dB,No,
Xion Alphawing,https://pcpartpicker.com/product/rZNp99/xion-axp-gf120_bl-5102-cfm-120-mm-fan-axp-gf120_bl,https://m.media-amazon.com/images/I/31m6jPOCE6L.jpg,120 mm,Blue,1200 RPM,51.02 CFM,19.6 - 25.2 dB,No,
Xigmatek XLF,https://pcpartpicker.com/product/nc8Zxr/xigmatek-case-fan-xlff2006,https://images-na.ssl-images-amazon.com/images/I/51OXnfZgrSL.jpg,200 mm,Blue,800 RPM,76 CFM,18 dB,No,
Xigmatek XLF,https://pcpartpicker.com/product/YnxfrH/xigmatek-case-fan-xlff2004,https://m.media-amazon.com/images/I/31qszM4Wx9L.jpg,200 mm,Black,800 RPM,76 CFM,18 dB,No,
Xion Alphawing,https://pcpartpicker.com/product/2XDwrH/xion-axp-gf80_wt-2565-cfm-80-mm-fan-axp-gf80_wt,https://m.media-amazon.com/images/I/31zLlbPsN2L.jpg,80 mm,White,2000 RPM,25.65 CFM,17.2 - 22 dB,No,
Apevia CF8S,https://pcpartpicker.com/product/WYkD4D/apevia-cf8s-1685-cfm-80-mm-fan-cf8s,https://cdna.pcpartpicker.com/static/forever/images/product/918e8e034c64e02580c5531fdb91fc35.256p.jpg,80 mm,Clear,1500 RPM,16.85 CFM,16.6 dB,No,
Aerocool AeroFlow,https://pcpartpicker.com/product/vRrG3C/aerocool-aeroflow-4cb-5912-cfm-120-mm-fan-aeroflow-4cb,/static/forever/img/no-image.png,120 mm,Translucent White,1500 RPM,59.12 CFM,29.58 dB,No,
Apevia CF8SL-B4C,https://pcpartpicker.com/product/q2vRsY/apevia-cf8sl-b4c-1721-cfm-80-mm-fan-cf8sl-b4c,https://cdna.pcpartpicker.com/static/forever/images/product/81241ae08fafbc04e446b797e9ca69ca.med.256p.jpg,80 mm,Clear,1500 RPM,17.21 CFM,20 dB,No,
Evercool FAN-EC12038M12B,https://pcpartpicker.com/product/KX4gXL/evercool-fan-ec12038m12b-799-cfm-120-mm-fan-fan-ec12038m12b,https://cdna.pcpartpicker.com/static/forever/images/product/569c38c6070bc093c9f1b28abf55550e.med.256p.jpg,120 mm,Black,2300 RPM,79.9 CFM,38 dB,No,
Logisys CCF80UVBL,https://pcpartpicker.com/product/XfXfrH/logisys-case-fan-ccf80uvbl,/static/forever/img/no-image.png,80 mm,Clear,2700 RPM,31.73 CFM,28 dB,No,
Noctua S12B FLX,https://pcpartpicker.com/product/ck2kcf/noctua-nf-s12b-flx-5921-cfm-120-mm-fan-nf-s12b-flx,https://m.media-amazon.com/images/I/51NVKevNbTL.jpg,120 mm,Brown,600 - 1200 RPM,28.95 - 59.21 CFM,6 - 18.1 dB,No,
Rosewill RFA-80-BL,https://pcpartpicker.com/product/kr4gXL/rosewill-case-fan-rfa80bl,https://m.media-amazon.com/images/I/41ghXwlELoL.jpg,80 mm,Blue,2500 RPM,33.21 CFM,22.41 dB,No,
Silverstone SCOOL,https://pcpartpicker.com/product/wM9KHx/silverstone-scool121-4215-cfm-120-mm-fan-scool121,https://images-na.ssl-images-amazon.com/images/I/51NMBflQmrL.jpg,120 mm,Blue,400 - 950 RPM,17.75 - 42.15 CFM,15 - 18 dB,No,
ARCTIC ACF8 Pro,https://pcpartpicker.com/product/QPw323/arctic-cooling-case-fan-acf8propwm,https://m.media-amazon.com/images/I/41SYRSIC8TL.jpg,80 mm,White / Black,700 - 2000 RPM,,,Yes,
Aerocool Shark,https://pcpartpicker.com/product/cp7wrH/aerocool-case-fan-shark140mmgreen,https://m.media-amazon.com/images/I/51SRFfcOE7L.jpg,140 mm,Green,800 - 1500 RPM,50 - 96.5 CFM,14.5 - 29.6 dB,No,
Gelid Solutions Silent,https://pcpartpicker.com/product/XTGkcf/gelid-solutions-case-fan-fnpx1412,https://m.media-amazon.com/images/I/51dOhfdnBhL.jpg,140 mm,Black,750 - 1200 RPM,74.5 CFM,12 - 25.1 dB,Yes,
LEPA LP70D08R,https://pcpartpicker.com/product/kVxfrH/lepa-case-fan-lp70d08r,https://images-na.ssl-images-amazon.com/images/I/41mnOKDjnCL.jpg,80 mm,Black,1200 RPM,23.27 - 42.64 CFM,17 - 25 dB,No,
LEPA LP70D12R,https://pcpartpicker.com/product/x4H323/lepa-case-fan-lp70d12r,https://images-na.ssl-images-amazon.com/images/I/41cZ76tAMWL.jpg,120 mm,Black,1600 RPM,,24 dB,No,
LEPA LPCP12N-BL,https://pcpartpicker.com/product/7mXfrH/lepa-case-fan-lpcp12nbl,https://m.media-amazon.com/images/I/315Y3eQhPKL.jpg,120 mm,Transparent,900 RPM,40.18 CFM,16 dB,No,
LEPA LPCP12N-R,https://pcpartpicker.com/product/86Gkcf/lepa-case-fan-lpcp12nr,https://m.media-amazon.com/images/I/31k64gjSs0L.jpg,120 mm,Transparent,900 RPM,40.18 CFM,16 dB,No,
LEPA Casino,https://pcpartpicker.com/product/9bmLrH/lepa-case-fan-lpvc1c12pbl,https://m.media-amazon.com/images/I/41OPyjzD3JL.jpg,120 mm,Transparent,600 - 1600 RPM,24.85 - 63.91 CFM,15 - 25 dB,Yes,
LEPA Casino,https://pcpartpicker.com/product/3hh9TW/lepa-casino-4c-6391-cfm-120-mm-fan-lpvc4c12p,https://m.media-amazon.com/images/I/510JJKEFR5L.jpg,120 mm,Transparent,600 - 1600 RPM,24.85 - 63.91 CFM,15 - 25 dB,Yes,
LEPA Vortex,https://pcpartpicker.com/product/nc9KHx/lepa-case-fan-lpvx14p,https://m.media-amazon.com/images/I/41prz5FBxgL.jpg,140 mm,Transparent,600 - 1600 RPM,32.04 - 62.68 CFM,15 - 20 dB,Yes,
NZXT FZ,https://pcpartpicker.com/product/NdyFf7/nzxt-case-fan-rffz20su1,https://m.media-amazon.com/images/I/51QkEA+X9+L.jpg,200 mm,Transparent,700 RPM,103 CFM,20 dB,No,
NZXT FZ,https://pcpartpicker.com/product/sqCwrH/nzxt-case-fan-rffz20so1,https://m.media-amazon.com/images/I/51RMIdGxf5L.jpg,200 mm,Transparent,700 RPM,103 CFM,20 dB,No,
NZXT FZ,https://pcpartpicker.com/product/yJJwrH/nzxt-case-fan-rffz20sg1,https://m.media-amazon.com/images/I/51Xmmq5BQIL.jpg,200 mm,Transparent,700 RPM,103 CFM,20 dB,No,
NZXT FZ,https://pcpartpicker.com/product/87tCmG/nzxt-case-fan-rffz120u1,https://m.media-amazon.com/images/I/51CIT2P4uQL.jpg,120 mm,Clear,1200 RPM,59.1 CFM,26.8 dB,No,
NZXT FZ,https://pcpartpicker.com/product/k4H323/nzxt-case-fan-rffz120o1,https://m.media-amazon.com/images/I/51N9TtuWD3L.jpg,120 mm,Clear,1200 RPM,59.1 CFM,26.8 dB,No,
NZXT FZ,https://pcpartpicker.com/product/xy6BD3/nzxt-case-fan-rffz120g1,https://m.media-amazon.com/images/I/51l9GVp+ZjL.jpg,120 mm,Clear,1200 RPM,59.1 CFM,26.8 dB,No,
BitFenix Spectre,https://pcpartpicker.com/product/mfXfrH/bitfenix-case-fan-bffscfp14025wwrp,https://cdna.pcpartpicker.com/static/forever/images/product/67c2fc5ce42ebd704194ed575f4c394f.med.256p.jpg,140 mm,White,700 - 1800 RPM,56.1 CFM,24.2 dB,Yes,
BitFenix Spectre,https://pcpartpicker.com/product/9j6BD3/bitfenix-case-fan-bffblfp14025wrp,https://cdna.pcpartpicker.com/static/forever/images/product/7ad818129f14c35b714b0883e547fa98.med.256p.jpg,140 mm,Translucent Black,700 - 1800 RPM,56.1 CFM,24.2 dB,Yes,
BitFenix Spectre,https://pcpartpicker.com/product/VdyFf7/bitfenix-case-fan-bffblfp14025rrp,https://cdna.pcpartpicker.com/static/forever/images/product/f0ed0dc19971a97fa43df95e91d526c9.med.256p.jpg,140 mm,Translucent Black,700 - 1800 RPM,56.1 CFM,24.2 dB,Yes,
BitFenix Spectre,https://pcpartpicker.com/product/RN8Zxr/bitfenix-case-fan-bffblfp14025orp,https://cdna.pcpartpicker.com/static/forever/images/product/3063bf9246d3d35f4d4e4413f19ffa5c.med.256p.jpg,140 mm,Translucent Black,700 - 1800 RPM,56.1 CFM,24.2 dB,Yes,
BitFenix Spectre,https://pcpartpicker.com/product/kvBv6h/bitfenix-case-fan-bffblf14025rrp,https://cdna.pcpartpicker.com/static/forever/images/product/1d77fc29efbb0cafe5d19b994b873c76.med.256p.jpg,140 mm,Black,1000 RPM,47.7 CFM,20 dB,No,
BitFenix Spectre,https://pcpartpicker.com/product/7r4gXL/bitfenix-case-fan-bffblfp12025brp,https://cdna.pcpartpicker.com/static/forever/images/product/e3cc2dc01ebef5281adafe315b5b8b3c.med.256p.jpg,120 mm,Translucent Black,700 - 1800 RPM,51.3 CFM,22.5 dB,Yes,
BitFenix Spectre,https://pcpartpicker.com/product/xZV48d/bitfenix-case-fan-bffblf12025wrp,https://cdna.pcpartpicker.com/static/forever/images/product/0cfccd5e81fb5c5a6a837de1d6b66a71.med.256p.jpg,120 mm,Black,1000 RPM,43.5 CFM,20 dB,No,
BitFenix Spectre,https://pcpartpicker.com/product/ry6BD3/bitfenix-case-fan-bffblf12025rrp,https://cdna.pcpartpicker.com/static/forever/images/product/1d77fc29efbb0cafe5d19b994b873c76.med.256p.jpg,120 mm,Black,1000 RPM,43.5 CFM,20 dB,No,
Apevia CF312SL-URD 3-Pack,https://pcpartpicker.com/product/wMzv6h/apevia-case-fan-cf312slurd,https://m.media-amazon.com/images/I/41TvkKmc5cL.jpg,120 mm,Red,1700 RPM,,29.67 dB,No,
Silverstone FN,https://pcpartpicker.com/product/XtvRsY/silverstone-case-fan-fn121pwl,https://m.media-amazon.com/images/I/41CUPJBJg9L.jpg,120 mm,Transparent,1200 RPM,58.47 CFM,25.15 dB,No,
Zalman F2,https://pcpartpicker.com/product/ysdqqs/zalman-case-fan-zmf2bl,https://m.media-amazon.com/images/I/21a3qHoOzaL.jpg,92 mm,Transparent,1500 - 2800 RPM,,20 - 35 dB,No,
Zalman F3,https://pcpartpicker.com/product/8RrG3C/zalman-case-fan-zmf3rl,https://m.media-amazon.com/images/I/21KqymbNUsL.jpg,120 mm,Transparent,1000 - 1800 RPM,,20 - 32 dB,No,
Zalman F3,https://pcpartpicker.com/product/mdyFf7/zalman-case-fan-zmf3gl,https://m.media-amazon.com/images/I/21wcXnUsvVL.jpg,120 mm,Transparent,1000 - 1800 RPM,,20 - 32 dB,No,
Zalman F3,https://pcpartpicker.com/product/xL8Zxr/zalman-case-fan-zmf3bl,https://images-na.ssl-images-amazon.com/images/I/417e%2BnTz2%2BL.jpg,120 mm,Transparent,1000 - 1800 RPM,,20 - 32 dB,No,
Zalman F2,https://pcpartpicker.com/product/Csdqqs/zalman-case-fan-zmf2rl,https://images-na.ssl-images-amazon.com/images/I/41lZhBZpB3L.jpg,92 mm,Transparent,1500 - 2800 RPM,,20 - 35 dB,No,
Zalman F2,https://pcpartpicker.com/product/c3Lypg/zalman-case-fan-zmf2gl,https://images-na.ssl-images-amazon.com/images/I/419UbY%2BIUyL.jpg,92 mm,Transparent,1500 - 2800 RPM,,,No,
Cougar Vortex,https://pcpartpicker.com/product/3CNp99/cougar-vortex-705-cfm-140-mm-fan-cf-v14hp,https://m.media-amazon.com/images/I/41fTfSojUfL.jpg,140 mm,Orange,600 - 1200 RPM,70.5 CFM,19.2 dB,Yes,
Fractal Design Silent R2,https://pcpartpicker.com/product/H9V48d/fractal-design-case-fan-fdfanssr240,https://m.media-amazon.com/images/I/412tF0wTkML.jpg,40 mm,Black / White,4000 RPM,4.34 CFM,18 dB,No,
Fractal Design Silent R2,https://pcpartpicker.com/product/qqGkcf/fractal-design-case-fan-fdfanssr280,https://cdna.pcpartpicker.com/static/forever/images/product/a27ada5dd5ef26a19159883e07a4967c.256p.jpg,80 mm,Black / White,1400 RPM,19.5 CFM,14.3 dB,No,
Antec True Quiet,https://pcpartpicker.com/product/y7K7YJ/antec-case-fan-truequiet120blue,https://m.media-amazon.com/images/I/51EYy2RtepL.jpg,120 mm,Blue,600 - 1000 RPM,21.2 - 35.3 CFM,8.9 - 19.89 dB,No,
Antec True Quiet,https://pcpartpicker.com/product/47K7YJ/antec-case-fan-truequiet120green,https://m.media-amazon.com/images/I/41BezB6B5cL.jpg,120 mm,Green,600 - 1000 RPM,21.2 - 35.3 CFM,8.9 - 19.89 dB,No,
Antec True Quiet,https://pcpartpicker.com/product/c7K7YJ/antec-case-fan-truequiet120white,https://images-na.ssl-images-amazon.com/images/I/51rezVjLk0L.jpg,120 mm,White,600 - 1000 RPM,21.2 - 35.3 CFM,8.9 - 19.89 dB,No,
Apevia CF12SL-SRD,https://pcpartpicker.com/product/vgV48d/apevia-case-fan-cf12slsrd,https://m.media-amazon.com/images/I/41uDIHSZQhL.jpg,120 mm,Red,1500 RPM,50.28 CFM,21.1 dB,No,
Apevia CF8S-UBL,https://pcpartpicker.com/product/H6CwrH/apevia-case-fan-cf8subl,https://cdna.pcpartpicker.com/static/forever/images/product/130c4eab09f36356e42983612faa876a.256p.jpg,80 mm,UV Blue,2000 RPM,25.64 CFM,22.05 dB,No,
BitFenix Spectre,https://pcpartpicker.com/product/yLMFf7/bitfenix-case-fan-bffblf12025orp,https://cdna.pcpartpicker.com/static/forever/images/product/a360476c60b2576ad1eb4e5264d9778a.med.256p.jpg,120 mm,Black,1000 RPM,43.5 CFM,20 dB,No,
BitFenix Spectre,https://pcpartpicker.com/product/v8phP6/bitfenix-case-fan-bffblf14025brp,https://cdna.pcpartpicker.com/static/forever/images/product/d7743928aa34cfd3ca59915d2d3fa1a3.256p.jpg,140 mm,Black,1000 RPM,47.7 CFM,20 dB,No,
BitFenix Spectre,https://pcpartpicker.com/product/dJh9TW/bitfenix-case-fan-bffblf23030brp,https://images-na.ssl-images-amazon.com/images/I/41opAFJmnXL.jpg,230 mm,Black,900 RPM,97.8 CFM,20 dB,No,
BitFenix Spectre,https://pcpartpicker.com/product/hDPfrH/bitfenix-case-fan-bffblfp12025orp,https://cdna.pcpartpicker.com/static/forever/images/product/6b7eb20972d0495d960b1be8fba1e89b.med.256p.jpg,120 mm,Translucent Black,700 - 1800 RPM,51.3 CFM,22.5 dB,Yes,
BitFenix Spectre,https://pcpartpicker.com/product/P7K7YJ/bitfenix-case-fan-bffblfp12025rrp,https://cdna.pcpartpicker.com/static/forever/images/product/c7e2584cb12e1a42fedf3e57d9b757c8.med.256p.jpg,120 mm,Translucent Black,700 - 1800 RPM,51.3 CFM,22.5 dB,Yes,
BitFenix Spectre Pro,https://pcpartpicker.com/product/svPfrH/bitfenix-case-fan-bfflpro12025rrp,https://cdna.pcpartpicker.com/static/forever/images/product/ba5740067f8ec6aa43fd71b09ce49074.med.256p.jpg,120 mm,Black,1200 RPM,56.22 CFM,18.89 dB,No,
BitFenix Spectre Pro,https://pcpartpicker.com/product/JzJwrH/bitfenix-case-fan-bfflpro14025rrp,https://cdna.pcpartpicker.com/static/forever/images/product/30a4ec867f1c83631479120183031f7d.med.256p.jpg,140 mm,Black,1200 RPM,86.73 CFM,22.8 dB,No,
BitFenix Spectre Pro,https://pcpartpicker.com/product/tx8Zxr/bitfenix-case-fan-bfflpro20025brp,https://cdna.pcpartpicker.com/static/forever/images/product/5851d494b58e5c9fb410081e9fd871d8.med.256p.jpg,200 mm,Black,900 RPM,148.72 CFM,27.5 dB,No,
BitFenix Spectre,https://pcpartpicker.com/product/XmXfrH/bitfenix-case-fan-bffscf14025kkrp,https://cdna.pcpartpicker.com/static/forever/images/product/2eeb1e5816dd79dc3ba2b537c80d6e57.med.256p.jpg,140 mm,Black,1000 RPM,47.7 CFM,20 dB,No,
BitFenix Spectre,https://pcpartpicker.com/product/v2XfrH/bitfenix-case-fan-bffscfp12025kkrp,https://cdna.pcpartpicker.com/static/forever/images/product/22439a1f0d1da9de30a2af78b9768add.med.256p.jpg,120 mm,Black,700 - 1800 RPM,51.3 CFM,22.5 dB,Yes,
BitFenix Spectre,https://pcpartpicker.com/product/JNrG3C/bitfenix-case-fan-bffscfp14025kkrp,https://cdna.pcpartpicker.com/static/forever/images/product/737ac92a67f8663f42c8b63eb4cf2993.med.256p.jpg,140 mm,Black,700 - 1800 RPM,56.1 CFM,24.2 dB,Yes,
BitFenix Spectre Pro,https://pcpartpicker.com/product/KVjG3C/bitfenix-case-fan-bffspro12025kkrp,https://m.media-amazon.com/images/I/61jf7cG3RXL.jpg,120 mm,Black,1200 RPM,56.22 CFM,18.89 dB,No,
BitFenix Spectre Pro,https://pcpartpicker.com/product/pj6BD3/bitfenix-case-fan-bffspro12025wwrp,https://cdna.pcpartpicker.com/static/forever/images/product/2f5418fa8ef723925f42f6c411aee895.256p.jpg,120 mm,White,1200 RPM,56.22 CFM,18.89 dB,No,
BitFenix Spectre Pro,https://pcpartpicker.com/product/cyGkcf/bitfenix-case-fan-bffspro14025kkrp,https://images-eu.ssl-images-amazon.com/images/I/51mDQULMjeL.jpg,140 mm,Black,1200 RPM,86.73 CFM,22.8 dB,No,
BitFenix Spectre Pro,https://pcpartpicker.com/product/TgV48d/bitfenix-case-fan-bffsprop12025kkrp,https://cdna.pcpartpicker.com/static/forever/images/product/a7f90bc9f694f2ba616fe24be9b705e9.med.256p.jpg,120 mm,Black,500 - 1800 RPM,70.52 CFM,26.1 dB,Yes,
BitFenix Spectre Pro,https://pcpartpicker.com/product/Z7K7YJ/bitfenix-case-fan-bffsprop12025wwrp,https://m.media-amazon.com/images/I/41ySzRpDGgL.jpg,120 mm,White,500 - 1800 RPM,70.52 CFM,26.1 dB,Yes,
Corsair SP120 Quiet,https://pcpartpicker.com/product/cHXfrH/corsair-case-fan-co9050011ww,https://cdna.pcpartpicker.com/static/forever/images/product/6ea99feabe3dc7c7f21d35dfcc182796.256p.jpg,120 mm,Black,1450 RPM,37.85 CFM,23 dB,Yes,
Corsair SP120 High Performance Edition,https://pcpartpicker.com/product/shCwrH/corsair-case-fan-co9050014ww,https://cdna.pcpartpicker.com/static/forever/images/product/bd46b6363cfd089e53322ca04cd168a9.256p.jpg,120 mm,Black,2350 RPM,62.74 CFM,35 dB,Yes,
Enermax T.B. Silence,https://pcpartpicker.com/product/pBMFf7/enermax-case-fan-uctb8,https://cdna.pcpartpicker.com/static/forever/images/product/e678b3010955ae621762feecb6823f37.256p.jpg,80 mm,Black / White,1600 RPM,27.96 CFM,15 dB,No,
Evercool EC9238H12BP,https://pcpartpicker.com/product/Q7mLrH/evercool-case-fan-ec9238h12bp,https://cdna.pcpartpicker.com/static/forever/images/product/c648a571505cadcc24bd5fcf6020bd38.med.256p.jpg,92 mm,Black,1000 - 3000 RPM,,35 dB,Yes,
Evercool Evergreen,https://pcpartpicker.com/product/vztCmG/evercool-case-fan-egf14,https://cdna.pcpartpicker.com/static/forever/images/product/9a2e625a11783f047e650b3f09ba93e2.med.256p.jpg,140 mm,Green,600 RPM,38.58 CFM,16 dB,No,
Evercool Evergreen,https://pcpartpicker.com/product/MJh9TW/evercool-case-fan-egf9,https://cdna.pcpartpicker.com/static/forever/images/product/3da9e2652aad975ad5e8edb84d739fb8.256p.jpg,92 mm,Green,1200 RPM,,16 dB,No,
Evercool FAN-AL8025B,https://pcpartpicker.com/product/wGyFf7/evercool-case-fan-fanal8025b,https://images-na.ssl-images-amazon.com/images/I/31Dy1pn5%2BBL.jpg,80 mm,Silver,2500 RPM,32.4 CFM,,No,
Evercool FAN-ALED9225B,https://pcpartpicker.com/product/JvPfrH/evercool-case-fan-fanaled9225b,https://cdna.pcpartpicker.com/static/forever/images/product/cc1d24346e8d1026913b3533b7052f29.256p.jpg,92 mm,Black / Silver,2200 RPM,38.4 CFM,25 dB,No,
Evercool FAN-EC1425L12EA,https://pcpartpicker.com/product/Gsw323/evercool-case-fan-fanec1425l12ea,https://cdna.pcpartpicker.com/static/forever/images/product/0c2ccfa156e004909e7c81c523394be0.med.256p.jpg,140 mm,Black,1200 RPM,68.23 CFM,22.1 dB,No,
Evercool Spider Filter,https://pcpartpicker.com/product/HY3RsY/evercool-case-fan-sff8,https://cdna.pcpartpicker.com/static/forever/images/product/f4cdbb6368200a914728517fba563cd8.med.256p.jpg,80 mm,Red,2500 RPM,32.5 CFM,20 dB,No,28.99
Kingwin CFY-012LB,https://pcpartpicker.com/product/3vPfrH/kingwin-case-fan-cfy012lb,https://m.media-amazon.com/images/I/51gr+ELjA0L.jpg,120 mm,Transparent,950 RPM,40 CFM,19 dB,No,
Prolimatech Vortex,https://pcpartpicker.com/product/9dBv6h/prolimatech-case-fan-proalumrd,https://cdna.pcpartpicker.com/static/forever/images/product/9f0208c124a44ef4a6dc42fc4e442b62.256p.jpg,140 mm,Black / Silver,900 - 1600 RPM,65 - 127 CFM,15 - 28 dB,No,
Thermaltake Thunderblade,https://pcpartpicker.com/product/kMjG3C/thermaltake-case-fan-af0027,https://images-na.ssl-images-amazon.com/images/I/41m4IoFIM-L.jpg,120 mm,Black / Orange,1500 RPM,66.55 CFM,19 - 33.5 dB,No,
Thermaltake Thunderblade,https://pcpartpicker.com/product/2yGkcf/thermaltake-case-fan-af0029,https://images-na.ssl-images-amazon.com/images/I/41bK4zjMlFL.jpg,92 mm,Black,2850 RPM,48.7 CFM,37.6 dB,No,
Titan TFD-12025H12ZP,https://pcpartpicker.com/product/Wmbp99/titan-case-fan-tfd12025h12zp,https://m.media-amazon.com/images/I/51k1Xju0paL.jpg,120 mm,White / Blue,800 - 2200 RPM,24.23 - 66.62 CFM,15 - 35 dB,Yes,
Thermaltake TurboFan,https://pcpartpicker.com/product/z3Lypg/thermaltake-case-fan-a2492,/static/forever/img/no-image.png,120 mm,Red / Black,1400 RPM,50 CFM,17 dB,No,
Silverstone FN,https://pcpartpicker.com/product/FBXfrH/silverstone-case-fan-fn121bl,https://images-na.ssl-images-amazon.com/images/I/41lXzguXk7L.jpg,120 mm,Transparent,1200 RPM,53.24 CFM,26.6 dB,No,
Xion Alphawing,https://pcpartpicker.com/product/rdyFf7/xion-case-fan-axpgf120ledbl,https://images-na.ssl-images-amazon.com/images/I/31cG12hTi-L.jpg,120 mm,Black,1200 RPM,51.02 CFM,19.6 - 25.2 dB,No,
Xion Alphawing,https://pcpartpicker.com/product/3BMFf7/xion-case-fan-axpgf120rd,https://images-fe.ssl-images-amazon.com/images/I/31Sf1ba6XeL.jpg,120 mm,Red / Black,1200 RPM,51.02 CFM,19.6 - 25.2 dB,No,
Xion Alphawing,https://pcpartpicker.com/product/F3rG3C/xion-case-fan-axpgf140ledbl,https://m.media-amazon.com/images/I/41F8z1xoYRL.jpg,140 mm,Black,1000 RPM,59.6 CFM,18.6 - 23.3 dB,No,
be quiet! Shadow Wings,https://pcpartpicker.com/product/PKfp99/be-quiet-case-fan-bl024,https://cdna.pcpartpicker.com/static/forever/images/product/06fea593f674c90e5c10e837afa248b6.256p.jpg,80 mm,Black,2000 RPM,26 - 44.1 CFM,16.6 dB,Yes,
be quiet! Silent Wings Pure,https://pcpartpicker.com/product/yVjG3C/be-quiet-case-fan-bl041,https://m.media-amazon.com/images/I/51GWDHb89QL.jpg,80 mm,Black,1800 RPM,24.7 - 42 CFM,17.5 dB,No,
be quiet! Silent Wings Pure,https://pcpartpicker.com/product/vb7wrH/be-quiet-case-fan-bl042,https://images-na.ssl-images-amazon.com/images/I/514LiElzuuL.jpg,92 mm,Black,1600 RPM,28.8 - 48.9 CFM,18 dB,No,
be quiet! Shadow Wings,https://pcpartpicker.com/product/Xnbp99/be-quiet-case-fan-bl052,https://cdna.pcpartpicker.com/static/forever/images/product/954d0ca87a13993c20a2e3ada5a16713.256p.jpg,92 mm,Black,1800 RPM,32.6 - 54.4 CFM,16.9 dB,No,
be quiet! Silent Wings 2,https://pcpartpicker.com/product/HRDwrH/be-quiet-case-fan-bl060,https://cdna.pcpartpicker.com/static/forever/images/product/cbc4018e85229847e57dad60d6750831.256p.jpg,80 mm,Black,2000 RPM,26 CFM,14.5 dB,No,
Apevia CF14S-BK,https://pcpartpicker.com/product/WtPfrH/apevia-case-fan-cf14sbk,https://cdna.pcpartpicker.com/static/forever/images/product/075ed152256bf4a78cede88ae3356e3a.256p.jpg,140 mm,Black,1200 RPM,59.6 CFM,29.4 dB,No,
Masscool FD08025B1H3/4,https://pcpartpicker.com/product/8rdqqs/masscool-case-fan-fd08025b1h34,https://images-na.ssl-images-amazon.com/images/I/51YrT5NM0aL.jpg,80 mm,Black,4000 RPM,52 CFM,42 dB,No,
Masscool FD12025B1H3/4,https://pcpartpicker.com/product/mrdqqs/masscool-case-fan-fd12025b1h34,https://images-na.ssl-images-amazon.com/images/I/41Xc1V5PRgL.jpg,120 mm,Black,2200 RPM,81.02 CFM,25 dB,No,
Antec True Quiet,https://pcpartpicker.com/product/TqTmP6/antec-case-fan-truequiet140,https://m.media-amazon.com/images/I/518VyfmgoeL.jpg,140 mm,Black / Yellow,500 - 800 RPM,20.3 - 32.4 CFM,9.8 - 20 dB,No,
Enermax Cluster Adv,https://pcpartpicker.com/product/h7mLrH/enermax-cluster-adv-8669-cfm-120-mm-fan-uccla12p,https://m.media-amazon.com/images/I/41p+OjP9OlL.jpg,120 mm,White,1200 - 1800 RPM,53.02 - 86.69 CFM,,Yes,
Enermax Everest Advance,https://pcpartpicker.com/product/7wR48d/enermax-case-fan-uceva12t,https://m.media-amazon.com/images/I/51jSpQTmQoL.jpg,120 mm,Transparent,1000 - 1600 RPM,46.1 - 76 CFM,8 dB,No,
Enermax T.B. Vegas Quad,https://pcpartpicker.com/product/9KW9TW/enermax-uctvq12p-7598-cfm-120-mm-fan-uctvq12p,https://images-eu.ssl-images-amazon.com/images/I/51meQ63VNEL.jpg,120 mm,Black,1200 - 1800 RPM,50.68 - 75.98 CFM,20 - 25 dB,Yes,
Kingwin CF-012LBR,https://pcpartpicker.com/product/K2h9TW/kingwin-case-fan-cf012lbr,https://m.media-amazon.com/images/I/41zX87El3xL.jpg,120 mm,Red / Black,950 RPM,40 CFM,19 dB,No,
Kingwin CF-012LBW,https://pcpartpicker.com/product/qB2kcf/kingwin-case-fan-cf012lbw,https://m.media-amazon.com/images/I/414jA0y0SQL.jpg,120 mm,Black / White,950 RPM,40 CFM,19 dB,No,
Nexus D14SL-14,https://pcpartpicker.com/product/Npfp99/nexus-case-fan-d14sl14,https://images-fe.ssl-images-amazon.com/images/I/31l-At5GPFL.jpg,140 mm,Black / White,1000 RPM,46.87 CFM,15 - 20 dB,No,
NZXT FX,https://pcpartpicker.com/product/X2h9TW/nzxt-case-fan-rffx14lop,https://images-na.ssl-images-amazon.com/images/I/41n-G52Oc2L.jpg,140 mm,Black / White,800 - 2000 RPM,54 - 98.3 CFM,21 - 37 dB,Yes,
Akasa Apache Black,https://pcpartpicker.com/product/DvphP6/akasa-case-fan-akfn058,https://cdna.pcpartpicker.com/static/forever/images/product/ffff8c79a4816b50759f989cd4f03afc.med.256p.jpg,120 mm,Black,600 - 1300 RPM,57.53 CFM,6.9 - 16.05 dB,Yes,
Akasa Viper,https://pcpartpicker.com/product/s7mLrH/akasa-case-fan-akfn059,https://cdna.pcpartpicker.com/static/forever/images/product/7f4b49114a2a01e45c66ecaf6af4a098.med.256p.jpg,120 mm,Black / Yellow,600 - 1900 RPM,83.63 CFM,6.9 - 28.9 dB,Yes,
Akasa Viper,https://pcpartpicker.com/product/cs9KHx/akasa-case-fan-akfn063,https://cdna.pcpartpicker.com/static/forever/images/product/9f6ef11e9fba0fe34eb82cba6b7976ff.med.256p.jpg,140 mm,Black / Yellow,600 - 1600 RPM,110.61 CFM,12.5 - 26.01 dB,Yes,
Swiftech HELIX,https://pcpartpicker.com/product/cpfp99/swiftech-case-fan-helix120bw,https://m.media-amazon.com/images/I/41ND-DhMv0L.jpg,120 mm,Black / White,1800 RPM,55 CFM,33 dB,No,
Apevia CF12SL-T4C,https://pcpartpicker.com/product/LVMFf7/apevia-cf12sl-t4c-5028-cfm-120-mm-fan-cf12sl-t4c,https://cdna.pcpartpicker.com/static/forever/images/product/415bf760f7e2538a353c1c485ff9892b.256p.jpg,120 mm,Black,1500 RPM,50.28 CFM,21.1 dB,No,
Gelid Solutions Wing,https://pcpartpicker.com/product/B2h9TW/gelid-solutions-case-fan-fnfw0820,/static/forever/img/no-image.png,80 mm,Black / Green,2000 RPM,28.1 CFM,10 - 21 dB,No,
Gelid Solutions Wing,https://pcpartpicker.com/product/zqTmP6/gelid-solutions-case-fan-fnfw0920,https://m.media-amazon.com/images/I/51OSWdw6-pL.jpg,92 mm,Black / Green,2000 RPM,39.79 CFM,22.5 dB,No,
Phanteks F140HP,https://pcpartpicker.com/product/LzqdnQ/phanteks-case-fan-phf140hpbk,https://images-na.ssl-images-amazon.com/images/I/51l%2Bu8Za4gL.jpg,140 mm,White / Gray,600 - 1300 RPM,40.9 - 88.6 CFM,15.22 - 19 dB,No,
Phanteks F140HP,https://pcpartpicker.com/product/fNK7YJ/phanteks-case-fan-phf140hprd,https://m.media-amazon.com/images/I/51qn-Gu+SBL.jpg,140 mm,White / Red,600 - 1300 RPM,40.9 - 88.6 CFM,15.22 - 19 dB,No,
Phanteks F140HP,https://pcpartpicker.com/product/4rdqqs/phanteks-case-fan-phf140hpwt,https://images-na.ssl-images-amazon.com/images/I/41H1-r7-10L.jpg,140 mm,White,600 - 1300 RPM,40.9 - 88.6 CFM,15.22 - 19 dB,No,
Phanteks F140SP,https://pcpartpicker.com/product/Grdqqs/phanteks-case-fan-phf140spbkbled,https://m.media-amazon.com/images/I/41nmjtjc2hL.jpg,140 mm,Black / White,1200 RPM,82.1 CFM,19 dB,No,
Thermalright TY,https://pcpartpicker.com/product/pkFPxr/thermalright-case-fan-ty140,https://cdna.pcpartpicker.com/static/forever/images/product/b18e6fa5d0f1f69b98b5d3dd81b3cdc5.med.256p.jpg,140 mm,Brown / Black,900 - 1300 RPM,28.3 - 73.6 CFM,17 - 21 dB,Yes,
Thermalright TY,https://pcpartpicker.com/product/qMR48d/thermalright-case-fan-ty147,https://images-fe.ssl-images-amazon.com/images/I/41I%2Bior5yzL.jpg,140 mm,Black / White,900 - 1300 RPM,28.3 - 73.6 CFM,17 - 21 dB,Yes,
Corsair AF140 Quiet,https://pcpartpicker.com/product/BDDwrH/corsair-case-fan-co9050017bled,https://m.media-amazon.com/images/I/317UvlC-n2L.jpg,140 mm,Black,1200 RPM,66.4 CFM,25.5 dB,No,
Apevia CF308SL-BRD,https://pcpartpicker.com/product/r7fp99/apevia-case-fan-cf308slbrd,https://cdna.pcpartpicker.com/static/forever/images/product/736ba0fc58d499e04623f328db060435.med.256p.jpg,80 mm,Black / Red,1500 RPM,17.21 CFM,20 dB,No,
Corsair AF120 Quiet 2-Pack,https://pcpartpicker.com/product/m8Lypg/corsair-case-fan-co9050016bled,https://cdna.pcpartpicker.com/static/forever/images/product/cac61cef920d87c4677b975bdc8aab27.256p.jpg,120 mm,Black / Blue,1500 RPM,52.19 CFM,25.2 dB,No,
Enermax Magma Advance,https://pcpartpicker.com/product/2RZQzy/enermax-case-fan-ucmaa8,https://cdna.pcpartpicker.com/static/forever/images/product/06c57e4a301c72ec6a5e7117c699622d.256p.jpg,80 mm,Black / Red,,,,No,
Titan TFD-12015H12ZP,https://pcpartpicker.com/product/FG7wrH/titan-case-fan-tfd12015h12zp,https://cdna.pcpartpicker.com/static/forever/images/product/f3e237cca8949ae64e5debd75d3a20aa.med.256p.jpg,120 mm,Black / White,150 - 1500 RPM,52.95 CFM,5 - 28.6 dB,No,
Titan TFD-9515M12ZP,https://pcpartpicker.com/product/QZsKHx/titan-tfd-9515m12zp-5295-cfm-95-mm-fan-tfd-9515m12zp,https://cdna.pcpartpicker.com/static/forever/images/product/00034bdab39bd52f6b26bcb2132bcb23.256p.jpg,95 mm,Black / White,150 - 1500 RPM,52.95 CFM,5 - 28.6 dB,Yes,
BitFenix Spectre Pro,https://pcpartpicker.com/product/Bzzv6h/bitfenix-case-fan-bfflpro23030brp,https://cdna.pcpartpicker.com/static/forever/images/product/87365780ce62998aed16d3a2e042545a.256p.jpg,230 mm,Black,900 RPM,156.27 CFM,25.6 dB,No,
ARCTIC F12 Pro,https://pcpartpicker.com/product/VL6BD3/arctic-cooling-case-fan-afaco12p00gba01,https://m.media-amazon.com/images/I/51Ov73AK5qL.jpg,120 mm,White / Black,1500 RPM,54 CFM,,No,
ARCTIC F9 Pro,https://pcpartpicker.com/product/dMqdnQ/arctic-cooling-case-fan-afaco12pp0gba01,https://cdna.pcpartpicker.com/static/forever/images/product/bac3cfff76ee59150374d87f1910954f.256p.jpg,120 mm,White / Black,1500 RPM,57 CFM,,Yes,
Apevia CF14SL-UBL,https://pcpartpicker.com/product/X2tCmG/apevia-case-fan-cf14slubl,/static/forever/img/no-image.png,140 mm,Translucent Blue,1200 RPM,59.6 CFM,29.4 dB,No,
Scythe Slipstream,https://pcpartpicker.com/product/xQFPxr/scythe-case-fan-sm1425sl12hpvcv,https://m.media-amazon.com/images/I/51js5f4YpqL.jpg,140 mm,Black,500 - 1700 RPM,27 - 92 CFM,9.6 - 36.4 dB,Yes,
Scythe Slipstream,https://pcpartpicker.com/product/3TXfrH/scythe-case-fan-sm1425sl12m,https://m.media-amazon.com/images/I/51ubXXRnn3L.jpg,140 mm,Black,1200 RPM,65.2 CFM,23.2 dB,No,
Akasa Piranha,https://pcpartpicker.com/product/DL6BD3/akasa-case-fan-akfn072,https://m.media-amazon.com/images/I/41pu-8A-I3S.jpg,120 mm,Black / Gray,600 - 1900 RPM,79.13 CFM,6.4 - 27.2 dB,Yes,
Apevia 14SL-GN,https://pcpartpicker.com/product/HwTmP6/apevia-case-fan-14slgn,https://m.media-amazon.com/images/I/415Ju-LW8lL.jpg,140 mm,Green,1200 RPM,59.6 CFM,29.4 dB,No,
Apevia 14SL-RD,https://pcpartpicker.com/product/jfJwrH/apevia-case-fan-14slrd,https://cdna.pcpartpicker.com/static/forever/images/product/60e95baacf91a2be25f76a749f3d367d.256p.jpg,140 mm,Red,1200 RPM,59.6 CFM,29.4 dB,No,
Enermax Magma Advance,https://pcpartpicker.com/product/kFBv6h/enermax-case-fan-ucmaa12a,https://cdna.pcpartpicker.com/static/forever/images/product/9b35101e5486484c3657ac3b96ba9a0c.256p.jpg,120 mm,Black / Red,1000 - 1800 RPM,47.67 - 83.03 CFM,13 - 20 dB,No,
Enermax T.B. Vegas Single,https://pcpartpicker.com/product/j7kD4D/enermax-case-fan-uctvs12pbl,https://m.media-amazon.com/images/I/41rF9mK+3sL.jpg,120 mm,Blue,500 - 1800 RPM,20.42 - 75.98 CFM,14 - 25 dB,Yes,
Enermax T.B. Vegas Single,https://pcpartpicker.com/product/77kD4D/enermax-case-fan-uctvs12pr,/static/forever/img/no-image.png,120 mm,Red,500 - 1800 RPM,20.42 - 75.98 CFM,14 - 25 dB,Yes,
SilenX Ixtrema Pro,https://pcpartpicker.com/product/hXg323/silenx-case-fan-ixp1314,https://images-na.ssl-images-amazon.com/images/I/31sdn5Y0NwL.jpg,40 mm,Black,3000 RPM,6 CFM,14 dB,No,
NZXT FN V2,https://pcpartpicker.com/product/z63RsY/nzxt-case-fan-rffnv2120,/static/forever/img/no-image.png,120 mm,Black / White,1200 RPM,45 CFM,21 dB,No,
NZXT FN V2,https://pcpartpicker.com/product/BLvRsY/nzxt-case-fan-rffnv2140,/static/forever/img/no-image.png,140 mm,Black / White,1000 RPM,50 CFM,21 dB,No,
NoiseBlocker BlackSilentPro PC-P,https://pcpartpicker.com/product/4gDwrH/noiseblocker-case-fan-nbpcp,/static/forever/img/no-image.png,80 mm,Black,600 - 2500 RPM,8.2 - 30.6 CFM,6.2 - 25.8 dB,Yes,
SHARKOON Shark Blade,https://pcpartpicker.com/product/yxDwrH/sharkoon-case-fan-000skbb,https://images-na.ssl-images-amazon.com/images/I/51EM8pJjljL.jpg,120 mm,Black / Blue,1000 RPM,33 CFM,19 dB,No,
SHARKOON Shark Blade,https://pcpartpicker.com/product/Pzbp99/sharkoon-case-fan-000skbg,https://m.media-amazon.com/images/I/51TfrZW3biL.jpg,120 mm,Black / Green,1000 RPM,33 CFM,19 dB,No,
SHARKOON Shark Blade,https://pcpartpicker.com/product/dFFPxr/sharkoon-case-fan-000skby,https://images-na.ssl-images-amazon.com/images/I/51xCh1h3UpL.jpg,120 mm,Black / Yellow,1000 RPM,33 CFM,19 dB,No,
Antec True Quiet,https://pcpartpicker.com/product/7MJwrH/antec-case-fan-truequiet120ufogr,https://cdna.pcpartpicker.com/static/forever/images/product/2abda7a5b4489d69e387c472e68cbf78.med.256p.jpg,120 mm,Black / Orange,600 - 1000 RPM,21.1 - 46.3 CFM,8.9 - 19.9 dB,No,
Antec True Quiet,https://pcpartpicker.com/product/Kc3RsY/antec-case-fan-truequiet120uford,https://cdna.pcpartpicker.com/static/forever/images/product/2abda7a5b4489d69e387c472e68cbf78.med.256p.jpg,120 mm,Black / Orange,600 - 1000 RPM,21.1 - 46.3 CFM,8.9 - 19.9 dB,No,
Antec True Quiet,https://pcpartpicker.com/product/pQ8Zxr/antec-case-fan-truequiet120ufowt,https://cdna.pcpartpicker.com/static/forever/images/product/2abda7a5b4489d69e387c472e68cbf78.med.256p.jpg,120 mm,Black / Orange,600 - 1000 RPM,21.1 - 46.3 CFM,8.9 - 19.9 dB,No,
Apevia 12S-BK,https://pcpartpicker.com/product/8YyFf7/apevia-case-fan-12sbk,https://cdna.pcpartpicker.com/static/forever/images/product/eee1b5eaa61ddf9d6bf50f970b2df73e.med.256p.jpg,120 mm,Black,1500 RPM,57.67 CFM,24.7 dB,No,
Apevia 312S-BK,https://pcpartpicker.com/product/CbNp99/apevia-case-fan-312sbk,https://cdna.pcpartpicker.com/static/forever/images/product/2c630f556efe27da18805e83903cfd02.med.256p.jpg,120 mm,Black,1500 RPM,57.67 CFM,24.7 dB,No,
BitFenix Spectre Pro All White,https://pcpartpicker.com/product/gFFPxr/bitfenix-case-fan-bffwpro20025wrp,https://m.media-amazon.com/images/I/413V5ZmZoWL.jpg,200 mm,White,900 RPM,148.72 CFM,27.5 dB,No,
Enermax UCTP12P,https://pcpartpicker.com/product/TPtCmG/enermax-case-fan-uctp12p,https://m.media-amazon.com/images/I/517daV+ZqlL.jpg,120 mm,Black,500 - 1800 RPM,23.81 - 80 CFM,14 - 25 dB,Yes,
NZXT FN V2,https://pcpartpicker.com/product/cHYXsY/nzxt-case-fan-rffn142rb,https://m.media-amazon.com/images/I/41vq-TtdMmL.jpg,140 mm,Black / White,1000 RPM,50 CFM,21 dB,No,
Thermaltake Pure,https://pcpartpicker.com/product/9GsKHx/thermaltake-case-fan-clf005pl12bla,https://m.media-amazon.com/images/I/41p9ahVJy7L.jpg,120 mm,Black,,40.99 CFM,19.5 dB,No,
Xigmatek CFS,https://pcpartpicker.com/product/t7ckcf/xigmatek-case-fan-cfsoxgkswu2,https://cdna.pcpartpicker.com/static/forever/images/product/8b2918cfe3b167b7232c1f66ee7f2614.256p.jpg,120 mm,Black / Green,1400 RPM,53.34 CFM,14 dB,No,
Xigmatek CFS,https://pcpartpicker.com/product/ZJvRsY/xigmatek-case-fan-cfsoxgkswu3,https://cdna.pcpartpicker.com/static/forever/images/product/9039cb09924a408f3c6e5b1907d0dc25.256p.jpg,120 mm,Black / Blue,1400 RPM,53.34 CFM,14 dB,No,
Xigmatek CFS,https://pcpartpicker.com/product/pBsKHx/xigmatek-case-fan-cfsoxgkswu4,https://cdna.pcpartpicker.com/static/forever/images/product/223689ba84db8ba12ba60b584dff7fe2.256p.jpg,120 mm,Black / Red,1400 RPM,53.34 CFM,14 dB,No,
Xigmatek CFS,https://pcpartpicker.com/product/KXCwrH/xigmatek-case-fan-cfsoxgkswu5,https://cdna.pcpartpicker.com/static/forever/images/product/7c8274d3d47b374022f1c3365dccafb8.256p.jpg,120 mm,Black / Orange,1400 RPM,53.34 CFM,14 dB,No,
Xigmatek CFS,https://pcpartpicker.com/product/wgDwrH/xigmatek-case-fan-cfsoxgkswu6,https://cdna.pcpartpicker.com/static/forever/images/product/e8371367e0575dd683aec3e287a14445.256p.jpg,120 mm,Black / Yellow,1400 RPM,53.34 CFM,14 dB,No,
be quiet! Silent Wings 2,https://pcpartpicker.com/product/NW2kcf/be-quiet-case-fan-bl063,https://cdna.pcpartpicker.com/static/forever/images/product/4cb4d63d7b5fdcc5661841d31cd7583f.256p.jpg,140 mm,Black,1000 RPM,60.4 CFM,15.8 dB,No,
Xigmatek eXTREME OCTAGON,https://pcpartpicker.com/product/ZKCwrH/xigmatek-case-fan-xoff1253,https://cdna.pcpartpicker.com/static/forever/images/product/9039cb09924a408f3c6e5b1907d0dc25.256p.jpg,120 mm,Black / Blue,1400 RPM,53.34 CFM,14 dB,No,
Aerocool DS,https://pcpartpicker.com/product/RxDwrH/aerocool-case-fan-ds120mmblack,https://m.media-amazon.com/images/I/51GXv+dO9EL.jpg,120 mm,Black / Gray,1100 - 1500 RPM,62.5 - 81.5 CFM,14.8 - 23.1 dB,No,
Aerocool DS,https://pcpartpicker.com/product/rCsKHx/aerocool-case-fan-ds120mmblue,https://m.media-amazon.com/images/I/514IT6+XItL.jpg,120 mm,Black / Blue,1100 - 1500 RPM,62.5 - 81.5 CFM,14.8 - 23.1 dB,No,
Aerocool DS,https://pcpartpicker.com/product/N4R48d/aerocool-case-fan-ds140mmblack,https://images-na.ssl-images-amazon.com/images/I/51GXv%2BdO9EL.jpg,140 mm,Black / Gray,1100 - 1500 RPM,71.2 - 93.4 CFM,15.5 - 23.4 dB,No,
Aerocool DS,https://pcpartpicker.com/product/gmyFf7/aerocool-case-fan-ds140mmblue,https://m.media-amazon.com/images/I/514IT6+XItL.jpg,140 mm,Black / Blue,1100 - 1500 RPM,71.2 - 93.4 CFM,15.5 - 23.4 dB,No,
CRYORIG XF140,https://pcpartpicker.com/product/V3fp99/cryorig-case-fan-crxfa,https://cdna.pcpartpicker.com/static/forever/images/product/3ef307f4199d9e1704f4a34a5c8fa30c.256p.jpg,140 mm,Black,700 - 1300 RPM,76 CFM,23 dB,Yes,
Antec PRO DBB,https://pcpartpicker.com/product/c9h9TW/antec-case-fan-pro92mmdbb,https://images-na.ssl-images-amazon.com/images/I/31IVOg4N4xL.jpg,92 mm,Clear,2600 RPM,42.4 CFM,33 dB,No,
Nanoxia Deep Silence,https://pcpartpicker.com/product/CMJwrH/nanoxia-case-fan-nds120pwm1500,https://cdna.pcpartpicker.com/static/forever/images/product/aecf50e2e7f0fa3dd6c12e6b4b2b8fe0.med.256p.jpg,120 mm,Black / Green,650 - 1400 RPM,67.3 CFM,16.89 dB,Yes,
Nanoxia Deep Silence,https://pcpartpicker.com/product/DmyFf7/nanoxia-case-fan-nds140pwm1400,https://cdna.pcpartpicker.com/static/forever/images/product/aecf50e2e7f0fa3dd6c12e6b4b2b8fe0.med.256p.jpg,140 mm,Black / Green,650 - 1400 RPM,76.5 CFM,16.89 dB,Yes,
Nanoxia Deep Silence,https://pcpartpicker.com/product/VLvRsY/nanoxia-case-fan-nds801200,https://cdna.pcpartpicker.com/static/forever/images/product/1e57c4f2f95228ac931b8529e71c6fb6.med.256p.jpg,80 mm,Black / Green,700 - 1200 RPM,14.4 - 15.8 CFM,6.8 - 13.6 dB,No,
Nanoxia Deep Silence,https://pcpartpicker.com/product/Hn3RsY/nanoxia-case-fan-nds921400,https://cdna.pcpartpicker.com/static/forever/images/product/09f486c8419cc114d05e14a112e24649.med.256p.jpg,92 mm,Black / Green,800 - 1400 RPM,21.5 - 23.6 CFM,7.2 - 13.7 dB,No,
Nanoxia Deep Silence,https://pcpartpicker.com/product/Gd4gXL/nanoxia-case-fan-nds92pwm1400,https://cdna.pcpartpicker.com/static/forever/images/product/1e57c4f2f95228ac931b8529e71c6fb6.med.256p.jpg,92 mm,Black / Green,400 - 1400 RPM,23.6 CFM,13.7 dB,Yes,
Raidmax RX-120SR-G,https://pcpartpicker.com/product/Zvzv6h/raidmax-case-fan-rx120srg,https://cdna.pcpartpicker.com/static/forever/images/product/037027bc7d70c8de51165349bdc2e40d.med.256p.jpg,120 mm,Black / Green,1200 RPM,38 CFM,22 dB,No,
Rosewill RABF-131209,https://pcpartpicker.com/product/mjPfrH/rosewill-case-fan-rabf131209,https://m.media-amazon.com/images/I/41NWx14dnhL.jpg,120 mm,Black,2000 RPM,59.8 CFM,37 dB,No,
Rosewill RABF-131409,https://pcpartpicker.com/product/Zd4gXL/rosewill-case-fan-rabf131409,https://m.media-amazon.com/images/I/416fyq4dawL.jpg,140 mm,Black,,55.4 CFM,22 dB,No,
Rosewill RABL-131209B,https://pcpartpicker.com/product/4VrG3C/rosewill-case-fan-rabl131209b,https://m.media-amazon.com/images/I/41CSklifNcL.jpg,120 mm,Black,2000 RPM,59.8 CFM,36 dB,No,
Rosewill RABL-131209R,https://pcpartpicker.com/product/fZg323/rosewill-case-fan-rabl131209r,https://images-fe.ssl-images-amazon.com/images/I/41axkSqCxLL.jpg,120 mm,Black,2000 RPM,59.8 CFM,36 dB,No,
Rosewill RFBL-131411B,https://pcpartpicker.com/product/HDphP6/rosewill-case-fan-rfbl131411b,https://m.media-amazon.com/images/I/41rjgs3HcdL.jpg,140 mm,Clear,1200 RPM,48.7 CFM,23 dB,No,
Rosewill RFBL-131411R,https://pcpartpicker.com/product/4Q8Zxr/rosewill-case-fan-rfbl131411r,/static/forever/img/no-image.png,140 mm,Clear,1200 RPM,48.7 CFM,23 dB,No,
Rosewill RFTL-131409B,https://pcpartpicker.com/product/czbp99/rosewill-case-fan-rftl131409b,https://images-fe.ssl-images-amazon.com/images/I/312-b%2BIcMEL.jpg,140 mm,Clear,,55.4 CFM,21 dB,No,
Rosewill RFTL-131409R,https://pcpartpicker.com/product/yBsKHx/rosewill-case-fan-rftl131409r,https://m.media-amazon.com/images/I/51v6Z03tNEL.jpg,140 mm,Clear,,55.4 CFM,21 dB,No,
Rosewill RNBD-131409,https://pcpartpicker.com/product/Gzbp99/rosewill-case-fan-rnbd131409,/static/forever/img/no-image.png,140 mm,Black,,55.4 CFM,22 dB,No,
Rosewill RNBF-131209,https://pcpartpicker.com/product/TxDwrH/rosewill-case-fan-rnbf131209,https://m.media-amazon.com/images/I/41v9n9-tB7L.jpg,120 mm,Black,2000 RPM,59.8 CFM,37 dB,No,
Rosewill RNBL-131209B,https://pcpartpicker.com/product/v7ckcf/rosewill-case-fan-rnbl131209b,https://images-fe.ssl-images-amazon.com/images/I/41AOIYbVqmL.jpg,120 mm,Black,2000 RPM,59.8 CFM,36 dB,No,
Rosewill RNBL-131209R,https://pcpartpicker.com/product/JW2kcf/rosewill-case-fan-rnbl131209r,https://m.media-amazon.com/images/I/41jPPt+kslL.jpg,120 mm,Black,2000 RPM,59.8 CFM,36 dB,No,
Rosewill RNBL-131409B,https://pcpartpicker.com/product/bHYXsY/rosewill-case-fan-rnbl131409b,https://images-fe.ssl-images-amazon.com/images/I/41zewAkHh4L.jpg,140 mm,Black,,55.4 CFM,21 dB,No,
Rosewill RNBL-131409R,https://pcpartpicker.com/product/td4gXL/rosewill-case-fan-rnbl131409r,https://m.media-amazon.com/images/I/417ur1TYenL.jpg,140 mm,Black,,55.4 CFM,21 dB,No,
Zalman F1,https://pcpartpicker.com/product/zQ8Zxr/zalman-case-fan-f1fdb,/static/forever/img/no-image.png,80 mm,Black / Clear,1400 - 2000 RPM,,18 - 23 dB,No,
Zalman F2 Plus,https://pcpartpicker.com/product/KjPfrH/zalman-case-fan-zmf2plus,https://m.media-amazon.com/images/I/415GZcaSZKL.jpg,92 mm,Black,2800 RPM,47.2 CFM,36 dB,No,
Thermaltake DuraMax,https://pcpartpicker.com/product/3fYXsY/thermaltake-case-fan-af0058,https://m.media-amazon.com/images/I/41WTr9HE7AL.jpg,80 mm,Black,2900 RPM,38.2 CFM,31.3 dB,No,
Logisys CF120GN,https://pcpartpicker.com/product/R7ckcf/logisys-case-fan-cf120gn,https://m.media-amazon.com/images/I/41QrUvL4HCL.jpg,120 mm,Transparent,1800 - 2000 RPM,69.15 CFM,39.29 dB,No,
Phanteks F140SP,https://pcpartpicker.com/product/xYphP6/phanteks-case-fan-phf140spbkrled,https://m.media-amazon.com/images/I/51J-7eN46bL.jpg,140 mm,Black / White,1200 RPM,82.1 CFM,19 dB,No,
Phanteks F140SP,https://pcpartpicker.com/product/WXXfrH/phanteks-case-fan-phf140spbkwled,https://m.media-amazon.com/images/I/51J-7eN46bL.jpg,140 mm,Black / White,1200 RPM,82.1 CFM,19 dB,No,
Rosewill RFBF-131411,https://pcpartpicker.com/product/Wvzv6h/rosewill-case-fan-rfbf131411,https://m.media-amazon.com/images/I/415m+cM1lVL.jpg,140 mm,Black,1200 RPM,48.7 CFM,23 dB,No,
Rosewill RFTL-131411B,https://pcpartpicker.com/product/JfK7YJ/rosewill-case-fan-rftl131411b,https://m.media-amazon.com/images/I/41rjgs3HcdL.jpg,140 mm,Transparent,1200 RPM,48.7 CFM,23 dB,No,
Rosewill RFTL-131411R,https://pcpartpicker.com/product/vfK7YJ/rosewill-case-fan-rftl131411r,https://m.media-amazon.com/images/I/31cQ1baTqbL.jpg,140 mm,Transparent,1200 RPM,48.7 CFM,23 dB,No,
Rosewill ROCF-13002,https://pcpartpicker.com/product/pn3RsY/rosewill-case-fan-rocf13002,https://m.media-amazon.com/images/I/51J1zv9VPcL.jpg,120 mm,Transparent,1200 RPM,38.2 CFM,22 dB,No,
LEPA LP-BOL12P-BL,https://pcpartpicker.com/product/6DrG3C/lepa-case-fan-lpbol12pbl,https://m.media-amazon.com/images/I/51pi2DTd4IL.jpg,120 mm,Black,600 - 1600 RPM,81.45 CFM,8 - 18 dB,Yes,
LEPA LP-BOL12P-R,https://pcpartpicker.com/product/Fs6BD3/lepa-case-fan-lpbol12pr,https://m.media-amazon.com/images/I/51uZ0fWK42L.jpg,120 mm,Black,600 - 1600 RPM,81.45 CFM,8 - 18 dB,Yes,
Thermaltake Pure S,https://pcpartpicker.com/product/cYyFf7/thermaltake-case-fan-clf006pl12bla,https://m.media-amazon.com/images/I/41Q7MXgduwL.jpg,120 mm,Black,1000 RPM,38.89 CFM,17.78 dB,No,
Thermaltake Luna,https://pcpartpicker.com/product/r63RsY/thermaltake-case-fan-clf009pl12bua,https://m.media-amazon.com/images/I/51TOYhzAfIL.jpg,120 mm,Black / Red,1200 RPM,50.44 CFM,20.7 dB,No,
Thermaltake Pure,https://pcpartpicker.com/product/V63RsY/thermaltake-case-fan-clf012pl12bua,https://m.media-amazon.com/images/I/414JLTSdOML.jpg,120 mm,Clear,1000 RPM,40.99 CFM,19.5 dB,No,
Thermaltake Luna,https://pcpartpicker.com/product/BbNp99/thermaltake-case-fan-clf018pl12wta,https://m.media-amazon.com/images/I/51rr4b-SArL.jpg,120 mm,Black / Red,1200 RPM,50.44 CFM,20.7 dB,No,
Thermaltake Pure,https://pcpartpicker.com/product/YTdqqs/thermaltake-case-fan-clf019pl12rea,https://images-na.ssl-images-amazon.com/images/I/51HVKpa3m1L.jpg,120 mm,Clear,1000 RPM,40.99 CFM,19.5 dB,No,
Thermaltake Pure,https://pcpartpicker.com/product/Hhn2FT/thermaltake-case-fan-clf020pl12wta,https://m.media-amazon.com/images/I/31jzTP2hgxL.jpg,120 mm,Clear,1000 RPM,40.99 CFM,19.5 dB,No,
Corsair SP120,https://pcpartpicker.com/product/m72kcf/corsair-case-fan-co9050022ww,https://cdna.pcpartpicker.com/static/forever/images/product/f9b8f14eea47f4dee1a554daf5d94f6d.256p.jpg,120 mm,Black / Green,1650 RPM,57.24 CFM,26.4 dB,No,
Corsair SP140,https://pcpartpicker.com/product/wCBv6h/corsair-case-fan-co9050025ww,https://cdna.pcpartpicker.com/static/forever/images/product/af62b741cc70caf9791ace45daf74ca7.256p.jpg,140 mm,Black / White,1440 RPM,49.49 CFM,29.3 dB,No,
Corsair SP140,https://pcpartpicker.com/product/NBQypg/corsair-case-fan-co9050026ww,https://cdna.pcpartpicker.com/static/forever/images/product/0a60cf08a1cbf07d2da696ab526c38df.256p.jpg,140 mm,Black / Blue,1440 RPM,49.49 CFM,29.3 dB,No,
Corsair SP140,https://pcpartpicker.com/product/vNJwrH/corsair-case-fan-co9050028ww,https://cdna.pcpartpicker.com/static/forever/images/product/98f2fab414a233254cecf1e3aa53eca5.256p.jpg,140 mm,Black / Purple,1440 RPM,49.49 CFM,29.3 dB,No,
Corsair SP140 2-Pack,https://pcpartpicker.com/product/yQjG3C/corsair-case-fan-co9050036ww,https://cdna.pcpartpicker.com/static/forever/images/product/14b27171a2e06cd5bc904f3b2811f25b.256p.jpg,140 mm,Black / Blue,1440 RPM,49.49 CFM,29.3 dB,No,
Corsair SP140 2-Pack,https://pcpartpicker.com/product/QwMFf7/corsair-case-fan-co9050038ww,https://cdna.pcpartpicker.com/static/forever/images/product/6eaa418f891a073ebb55aa396591ea18.256p.jpg,140 mm,Black / Purple,1440 RPM,49.49 CFM,29.3 dB,No,
Deepcool GF 140,https://pcpartpicker.com/product/PGvRsY/deepcool-case-fan-gf140green,https://cdna.pcpartpicker.com/static/forever/images/product/3b855f6ddde6bcc0f981d247c046a6e8.256p.jpg,140 mm,Black / Green,1200 RPM,71.8 CFM,17.6 - 26.7 dB,Yes,
Deepcool GF 140,https://pcpartpicker.com/product/C9xfrH/deepcool-case-fan-gf140red,/static/forever/img/no-image.png,140 mm,Black / Red,1200 RPM,71.8 CFM,17.6 - 26.7 dB,Yes,
Deepcool GS,https://pcpartpicker.com/product/Hs6BD3/deepcool-case-fan-gs120,/static/forever/img/no-image.png,120 mm,Gray / White,1800 RPM,61.93 CFM,18.2 - 31.4 dB,Yes,
Deepcool UF,https://pcpartpicker.com/product/hZn2FT/deepcool-case-fan-uf120,/static/forever/img/no-image.png,120 mm,White / Blue,500 - 1500 RPM,66.3 CFM,17.6 - 27.8 dB,Yes,
Deepcool UF,https://pcpartpicker.com/product/y3fp99/deepcool-case-fan-uf140,/static/forever/img/no-image.png,140 mm,White / Blue,700 - 1200 RPM,71.8 CFM,17.6 - 26.7 dB,Yes,
Deepcool XFAN,https://pcpartpicker.com/product/DTvRsY/deepcool-case-fan-xfan120lb,/static/forever/img/no-image.png,120 mm,Clear,1300 RPM,44.71 CFM,26 dB,No,
Deepcool XFAN,https://pcpartpicker.com/product/vhsKHx/deepcool-case-fan-xfan120lr,/static/forever/img/no-image.png,120 mm,Clear,1300 RPM,44.71 CFM,26 dB,No,
Masscool BLD-12025V1G,https://pcpartpicker.com/product/kJFPxr/masscool-case-fan-bld12025v1g,https://m.media-amazon.com/images/I/51Wptdi6FpL.jpg,120 mm,Black,1500 RPM,60 CFM,23.5 dB,No,
Thermaltake Luna,https://pcpartpicker.com/product/qVtCmG/thermaltake-case-fan-clf021pl14bua,https://m.media-amazon.com/images/I/41ZxMa7MM4L.jpg,140 mm,Black / Red,1000 RPM,60.55 CFM,21.8 dB,No,
Thermaltake Luna,https://pcpartpicker.com/product/tHV48d/thermaltake-case-fan-clf022pl14rea,https://m.media-amazon.com/images/I/41IjyFqKZsL.jpg,140 mm,Black / Red,1000 RPM,60.55 CFM,21.8 dB,No,
Thermaltake Luna,https://pcpartpicker.com/product/Fpdqqs/thermaltake-case-fan-clf023pl14wta,https://images-na.ssl-images-amazon.com/images/I/41NQnVZIrbL.jpg,140 mm,Black / Red,1000 RPM,60.55 CFM,21.8 dB,No,
Zalman F1,https://pcpartpicker.com/product/MMPfrH/zalman-case-fan-f1ledsf,https://m.media-amazon.com/images/I/51zozHFAZsL.jpg,80 mm,Clear,2000 RPM,,20 - 23 dB,No,
Zalman F1 Plus,https://pcpartpicker.com/product/wmV48d/zalman-case-fan-f1plussf,https://cdna.pcpartpicker.com/static/forever/images/product/894d73c0b070d2811dd351a1a745f530.med.256p.jpg,80 mm,Black,2000 RPM,,20 - 23 dB,No,
Zalman F2,https://pcpartpicker.com/product/sVtCmG/zalman-case-fan-f2fdbsf,https://m.media-amazon.com/images/I/41T87Tsh4XL.jpg,92 mm,Black / Clear,1500 RPM,,20 - 23 dB,No,
Zalman F2,https://pcpartpicker.com/product/GhsKHx/zalman-case-fan-f2ledsf,https://cdna.pcpartpicker.com/static/forever/images/product/09f915a3a5c2080db8b0ad8bc9a3c94d.256p.jpg,92 mm,Clear,1500 RPM,,20 - 23 dB,No,
Zalman F2 Plus,https://pcpartpicker.com/product/cgYXsY/zalman-case-fan-f2plussf,https://cdna.pcpartpicker.com/static/forever/images/product/f50229c96b9a46910c98a79bad78d7e9.256p.jpg,92 mm,Black,1500 RPM,,20 - 23 dB,No,
Zalman F3,https://pcpartpicker.com/product/P8h9TW/zalman-case-fan-f3fdbsf,https://cdna.pcpartpicker.com/static/forever/images/product/61e12abfc1ed0cc3071d8757089db2c5.256p.jpg,120 mm,Black / Clear,1200 RPM,,20 - 23 dB,No,
Zalman F3,https://pcpartpicker.com/product/LdNp99/zalman-case-fan-f3ledsf,/static/forever/img/no-image.png,120 mm,Clear,1200 RPM,,20 - 23 dB,No,
Zalman F3,https://pcpartpicker.com/product/NYphP6/zalman-case-fan-f3sf,https://cdna.pcpartpicker.com/static/forever/images/product/cbf15bf4965cf7cd563630c031eff170.med.256p.jpg,120 mm,Black,1200 RPM,,20 - 23 dB,No,
Fractal Design Silent R2,https://pcpartpicker.com/product/dwMFf7/fractal-design-case-fan-fdfanssr2120bk,https://m.media-amazon.com/images/I/416ymQ0ECkL.jpg,120 mm,Black,1000 RPM,66 CFM,18.5 dB,No,
Insignia NS-PCF1250,https://pcpartpicker.com/product/ZyDwrH/insignia-case-fan-nspcf1250,/static/forever/img/no-image.png,120 mm,Black,1200 RPM,44 CFM,22.5 dB,No,
Insignia NS-PCF8050,https://pcpartpicker.com/product/ThsKHx/insignia-case-fan-nspcf8050,https://m.media-amazon.com/images/I/51R8nTLJy0L.jpg,80 mm,Black,2000 RPM,23.96 CFM,22.3 dB,No,24.95
Cooler Master XtraFlo,https://pcpartpicker.com/product/CdnG3C/cooler-master-case-fan-r4xfbl22prr1,https://cdna.pcpartpicker.com/static/forever/images/product/52260fbaea948bcab79b0fa776e5e342.256p.jpg,120 mm,Black / Red,800 - 2200 RPM,34.02 - 93.74 CFM,15 - 38 dB,Yes,
Phanteks F120SP,https://pcpartpicker.com/product/gFfmP6/phanteks-case-fan-phf120spbk,https://m.media-amazon.com/images/I/51V+mTIkQqL.jpg,120 mm,Black / White,1300 RPM,54.4 CFM,24.2 dB,No,
Phanteks F120SP,https://pcpartpicker.com/product/KKH48d/phanteks-case-fan-phf120spbled,https://m.media-amazon.com/images/I/51Z9W201trL.jpg,120 mm,Black / White,1300 RPM,54.4 CFM,24.2 dB,No,
Prolimatech Vortex,https://pcpartpicker.com/product/KgYXsY/prolimatech-case-fan-prousv12wh,/static/forever/img/no-image.png,120 mm,White,400 - 1300 RPM,56 CFM,7 - 17 dB,Yes,
Prolimatech Vortex,https://pcpartpicker.com/product/2LW9TW/prolimatech-case-fan-prousv14wh,/static/forever/img/no-image.png,140 mm,White,300 - 1000 RPM,98 CFM,9 - 18 dB,Yes,
Thermaltake Pure,https://pcpartpicker.com/product/XBDzK8/thermaltake-case-fan-clf014pl14bua,https://m.media-amazon.com/images/I/411tF8zl2YL.jpg,140 mm,Clear,1000 RPM,67.02 CFM,20 dB,No,
Thermaltake Luna,https://pcpartpicker.com/product/rscMnQ/thermaltake-case-fan-clf024pl20bua,https://m.media-amazon.com/images/I/41WV4RKr3ZL.jpg,200 mm,Black / Red,800 RPM,129.63 CFM,28.2 dB,No,
Thermaltake Luna,https://pcpartpicker.com/product/zdnG3C/thermaltake-case-fan-clf025pl20rea,https://m.media-amazon.com/images/I/41WV4RKr3ZL.jpg,200 mm,Black / Red,800 RPM,129.63 CFM,28.2 dB,No,
Thermaltake Luna,https://pcpartpicker.com/product/j9Trxr/thermaltake-case-fan-clf026pl20wta,https://m.media-amazon.com/images/I/41WV4RKr3ZL.jpg,200 mm,Black / Red,800 RPM,129.63 CFM,28.2 dB,No,
Thermaltake Pure,https://pcpartpicker.com/product/JXs8TW/thermaltake-case-fan-clf028pl14wta,https://m.media-amazon.com/images/I/41jk84GJTIL.jpg,140 mm,Clear,1000 RPM,67.02 CFM,20 dB,No,
Antec 77095,https://pcpartpicker.com/product/ZTwqqs/antec-case-fan-77095,/static/forever/img/no-image.png,120 mm,Transparent,1600 RPM,56 CFM,28 dB,No,
Antec LED80XFAN,https://pcpartpicker.com/product/TLrcCJ/antec-case-fan-led80xfan,/static/forever/img/no-image.png,80 mm,Transparent,2600 RPM,34 CFM,30 dB,No,
Nanoxia Deep Silence,https://pcpartpicker.com/product/L32rxr/nanoxia-case-fan-nds1201800,https://images-na.ssl-images-amazon.com/images/I/51P0BO-amnL.jpg,120 mm,Black / Green,1100 - 1800 RPM,34.7 - 72.1 CFM,12.2 - 19.89 dB,No,
Nanoxia Deep Silence,https://pcpartpicker.com/product/G9Trxr/nanoxia-case-fan-nds1401800,https://m.media-amazon.com/images/I/51jmAP53G9L.jpg,140 mm,Black / Green,1100 - 1800 RPM,64.8 - 98.3 CFM,12.3 - 20.8 dB,No,
Phanteks F120MP,https://pcpartpicker.com/product/MwPzK8/phanteks-case-fan-phf120mpbkpwm,https://m.media-amazon.com/images/I/41gBi0CAV9L.jpg,120 mm,Black / White,500 - 1800 RPM,53.3 CFM,25 dB,Yes,
CRYORIG QF120 Balance,https://pcpartpicker.com/product/7zyxFT/cryorig-case-fan-qf120balance,https://cdna.pcpartpicker.com/static/forever/images/product/087f1f9383f50b7162c2bfb0200d9e77.256p.jpg,120 mm,Black / White,330 - 1600 RPM,49 CFM,10 - 25 dB,Yes,
CRYORIG QF Silent,https://pcpartpicker.com/product/mYJkcf/cryorig-case-fan-qf120silent,https://cdna.pcpartpicker.com/static/forever/images/product/efa242ad30c0888a77c3187536bc2d0f.256p.jpg,120 mm,Black / White,200 - 1000 RPM,44 CFM,5 - 19 dB,Yes,
Thermalright TY,https://pcpartpicker.com/product/8nQRsY/thermalright-case-fan-ty14013r,/static/forever/img/no-image.png,120 mm,Black / Red,700 - 1300 RPM,64.52 CFM,30.6 dB,Yes,
Enermax Twister Storm,https://pcpartpicker.com/product/vMp323/enermax-case-fan-ucts12a,https://cdna.pcpartpicker.com/static/forever/images/product/06e0eae986a30727149251c03fc9a620.256p.jpg,120 mm,Black,1500 - 3500 RPM,72.46 - 154.53 CFM,23 - 38 dB,No,
Silverstone FQ,https://pcpartpicker.com/product/wYyFf7/silverstone-case-fan-fq121,https://m.media-amazon.com/images/I/51179dxVSRL.jpg,120 mm,White / Blue,1800 RPM,67.5 CFM,24 dB,Yes,
Silverstone FQ,https://pcpartpicker.com/product/w7PzK8/silverstone-case-fan-fq122,https://images-na.ssl-images-amazon.com/images/I/51ClJ9tV3cL.jpg,120 mm,White / Blue,800 - 1500 RPM,37.79 - 63.8 CFM,15.9 - 24.9 dB,Yes,15.30
Silverstone FQ,https://pcpartpicker.com/product/yVnG3C/silverstone-case-fan-fq81,https://images-na.ssl-images-amazon.com/images/I/315zvyEZs0L.jpg,80 mm,White / Blue,1200 - 2800 RPM,12 - 27.53 CFM,19 - 28.5 dB,Yes,
Silverstone FW,https://pcpartpicker.com/product/4QzZxr/silverstone-case-fan-fw121,https://m.media-amazon.com/images/I/416QltMiX2L.jpg,120 mm,Blue / White,800 - 2000 RPM,13.1 - 32.6 CFM,14.7 - 24.6 dB,Yes,
Silverstone FW,https://pcpartpicker.com/product/jmPzK8/silverstone-case-fan-fw122,https://images-na.ssl-images-amazon.com/images/I/41mywN7kt8L.jpg,120 mm,Blue / White,1000 - 1800 RPM,42.6 - 76.5 CFM,18.39 - 28.1 dB,Yes,16.05
Silverstone FW,https://pcpartpicker.com/product/CD38TW/silverstone-case-fan-fw81,https://images-na.ssl-images-amazon.com/images/I/41iQrA%2BakKL.jpg,80 mm,Blue / White,1200 - 3000 RPM,12 - 29.5 CFM,15.3 - 30 dB,Yes,
Deepcool GF,https://pcpartpicker.com/product/PcfmP6/deepcool-case-fan-gf120,/static/forever/img/no-image.png,120 mm,Black,500 - 1800 RPM,79.81 CFM,17.6 - 32.5 dB,Yes,
Rosewill RASF-141213,https://pcpartpicker.com/product/wxrcCJ/rosewill-case-fan-rasf141213,https://cdna.pcpartpicker.com/static/forever/images/product/59a3f4021e72c04874407b16bd60de27.256p.jpg,120 mm,Black,1600 RPM,54.55 CFM,11 - 30.32 dB,Yes,
Rosewill RAWB-131456,https://pcpartpicker.com/product/swPzK8/rosewill-case-fan-rawb131456,/static/forever/img/no-image.png,140 mm,Brown / Black,500 - 1200 RPM,82 CFM,13 - 21.5 dB,Yes,
Rosewill RAWP-141209,https://pcpartpicker.com/product/yGX2FT/rosewill-case-fan-rawp141209,https://m.media-amazon.com/images/I/41yY9KEJE8L.jpg,120 mm,Brown / Black,500 - 1500 RPM,64.75 CFM,10 - 21.5 dB,Yes,
Yate Loon D12SL-12,https://pcpartpicker.com/product/zmGj4D/yate-loon-case-fan-d12sl12,https://images-na.ssl-images-amazon.com/images/I/51KDBRZNHAL.jpg,120 mm,Black / White,1000 RPM,36.86 CFM,18 dB,No,
Scythe GlideStream,https://pcpartpicker.com/product/mqkwrH/scythe-case-fan-sy1425hb12mp,https://m.media-amazon.com/images/I/51wZxmW4AAL.jpg,140 mm,Black,500 - 1300 RPM,37.37 - 97.18 CFM,13 - 30.7 dB,Yes,
Akasa AK-170CC-4RAS,https://pcpartpicker.com/product/ykTrxr/akasa-ak-170cc-4ras-3237-cfm-80-mm-fan-ak-170cc-4ras,https://m.media-amazon.com/images/I/31hXNvH+ZAL.jpg,80 mm,Clear,2500 RPM,32.37 CFM,23.5 dB,No,
Scythe GlideStream,https://pcpartpicker.com/product/XvVBD3/scythe-case-fan-sy1425hb12h,https://m.media-amazon.com/images/I/41-TYKbjw8L.jpg,140 mm,Black,1600 RPM,106 CFM,36 dB,No,
Scythe GlideStream,https://pcpartpicker.com/product/JbjWGX/scythe-case-fan-sy1425hb12l,https://images-na.ssl-images-amazon.com/images/I/51FjlF8y8SL.jpg,140 mm,Black,800 RPM,49.95 CFM,21.4 dB,No,
Scythe GlideStream,https://pcpartpicker.com/product/vWX2FT/scythe-case-fan-sy1425hb12m,https://m.media-amazon.com/images/I/51A8xgVx2JL.jpg,140 mm,Black,1200 RPM,84.59 CFM,29.5 dB,No,
Aerocool Streamliner,https://pcpartpicker.com/product/ntJkcf/aerocool-case-fan-streamlinersilver,https://cdna.pcpartpicker.com/static/forever/images/product/22f0dd7c4b093abf6198b38741e9aff7.256p.jpg,140 mm,Silver,1000 RPM,54.7 CFM,17 - 19.6 dB,No,
Deepcool GF,https://pcpartpicker.com/product/gtJkcf/deepcool-case-fan-gf140black,/static/forever/img/no-image.png,140 mm,Black,700 - 1200 RPM,71.8 CFM,17.6 - 26.7 dB,Yes,
Fractal Design Dynamic GP-12,https://pcpartpicker.com/product/DZ8H99/fractal-design-case-fan-fdfandyngp12wt,https://cdna.pcpartpicker.com/static/forever/images/product/15e9c7ca64febce57f55864ef1aa2ec7.256p.jpg,120 mm,Black / White,1200 RPM,52.3 CFM,19.39 dB,No,
Fractal Design Dynamic GP-12,https://pcpartpicker.com/product/wgL7YJ/fractal-design-case-fan-fdfandyngp14bk,https://cdna.pcpartpicker.com/static/forever/images/product/900cfed165deea5ea437657ae14c3a91.256p.jpg,140 mm,Black,1000 RPM,68.4 CFM,18.89 dB,No,
Fractal Design Venturi HP-12,https://pcpartpicker.com/product/GqkwrH/fractal-design-case-fan-fdfanventhp12pwm,https://cdna.pcpartpicker.com/static/forever/images/product/c5d1df8062886320a7a6d6f7708b067b.256p.jpg,120 mm,Black,1800 RPM,61.4 CFM,31.7 dB,Yes,
Phanteks F120SP,https://pcpartpicker.com/product/f8KhP6/phanteks-case-fan-phf120spoled,https://m.media-amazon.com/images/I/51Z9W201trL.jpg,120 mm,Black / White,1300 RPM,54.4 CFM,24.2 dB,No,
Phanteks F120SP,https://pcpartpicker.com/product/nnnG3C/phanteks-case-fan-phf120spwled,https://m.media-amazon.com/images/I/51Z9W201trL.jpg,120 mm,Black / White,1300 RPM,54.4 CFM,24.2 dB,No,
Rosewill RAWR-141209,https://pcpartpicker.com/product/K8KhP6/rosewill-case-fan-rawr141209,/static/forever/img/no-image.png,120 mm,Brown / Black,1000 - 1500 RPM,45.25 - 64.75 CFM,18 - 25 dB,No,
EK Vardar F1,https://pcpartpicker.com/product/myX2FT/ek-case-fan-3831109867518,https://m.media-amazon.com/images/I/41+miavZY1L.jpg,120 mm,Black / Gray,1150 RPM,40 CFM,23.7 dB,Yes,
EK Vardar F2,https://pcpartpicker.com/product/8WDzK8/ek-case-fan-3831109867525,https://cdna.pcpartpicker.com/static/forever/images/product/07a0e947238750c67d33c8aad17f3793.256p.jpg,120 mm,Black / Gray,1450 RPM,52 CFM,25.6 dB,Yes,
EK Vardar F4,https://pcpartpicker.com/product/kCbkcf/ek-case-fan-3831109867549,https://m.media-amazon.com/images/I/41srQt6VgUL.jpg,120 mm,Black / Gray,2200 RPM,77 CFM,33.5 dB,Yes,
EK Furious Vardar FF5,https://pcpartpicker.com/product/Vr648d/ek-case-fan-3831109867556,https://m.media-amazon.com/images/I/41UCKmC9oDL.jpg,120 mm,Black,3000 RPM,107 CFM,42 dB,Yes,
Phanteks F140HP II,https://pcpartpicker.com/product/fHhj4D/phanteks-case-fan-phf140hpbk2,https://m.media-amazon.com/images/I/41XRyHpX3QL.jpg,140 mm,White / Black,500 - 1600 RPM,68.1 CFM,25 dB,Yes,
Phanteks F140HP II,https://pcpartpicker.com/product/NQZ2FT/phanteks-case-fan-phf140hpwt2,https://m.media-amazon.com/images/I/41dp9AlFr7L.jpg,140 mm,White,500 - 1600 RPM,68.1 CFM,25 dB,Yes,
Thermaltake Riing,https://pcpartpicker.com/product/gdCrxr/thermaltake-case-fan-clf038pl12gra,https://cdna.pcpartpicker.com/static/forever/images/product/5435bd9a6eec6d2fa8ace666f489f6df.256p.jpg,120 mm,Black / Green,1000 - 1500 RPM,40.6 CFM,18.7 - 24.6 dB,No,
Thermaltake Riing,https://pcpartpicker.com/product/KP648d/thermaltake-case-fan-clf038pl12rea,https://cdna.pcpartpicker.com/static/forever/images/product/ad14d875c96cc200a5a02e335ec9edc4.256p.jpg,120 mm,Black / Red,1000 - 1500 RPM,40.6 CFM,18.7 - 24.6 dB,No,
Thermaltake Riing,https://pcpartpicker.com/product/TYrcCJ/thermaltake-case-fan-clf039pl14rea,https://cdna.pcpartpicker.com/static/forever/images/product/28330047673da6d24397a1e3d31d4978.256p.jpg,140 mm,Black / Red,1000 - 1400 RPM,51.15 CFM,22.1 - 28.1 dB,No,
Thermaltake Riing,https://pcpartpicker.com/product/hFGj4D/thermaltake-case-fan-clf039pl14ora,https://cdna.pcpartpicker.com/static/forever/images/product/c31ea4c5a64fc4531d5db91dd710c422.256p.jpg,140 mm,Black / Orange,1000 - 1400 RPM,51.15 CFM,22.1 - 28.1 dB,No,
Scythe Slipstream,https://pcpartpicker.com/product/M6RFf7/scythe-case-fan-sy1212sl12h,https://m.media-amazon.com/images/I/41XyNZMGfmL.jpg,120 mm,Black,2000 RPM,45.47 CFM,37 dB,No,
Cougar CFD,https://pcpartpicker.com/product/MJ8H99/cougar-case-fan-cft14sb4,https://m.media-amazon.com/images/I/517EKyVKj6L.jpg,140 mm,Black,1000 RPM,64.5 CFM,17.89 dB,No,
Evercool FAN-EC8015M05CA,https://pcpartpicker.com/product/P9Gj4D/evercool-case-fan-fanec8015m05ca,https://cdna.pcpartpicker.com/static/forever/images/product/27f9e5200a9e204d3dac84e86335fcc2.256p.jpg,80 mm,Black,3500 RPM,12.66 - 29.58 CFM,34 dB,No,
Evercool FAN-EC8025M05CA,https://pcpartpicker.com/product/yQqbt6/evercool-case-fan-fanec8025m05ca,https://cdna.pcpartpicker.com/static/forever/images/product/99e4870ba6beb837ea3f452c377492ff.256p.jpg,80 mm,Black,2500 RPM,12.66 - 29.58 CFM,34 dB,No,
Evercool EC12025M12S,https://pcpartpicker.com/product/427CmG/evercool-case-fan-ec12025m12s,/static/forever/img/no-image.png,120 mm,Black,2000 RPM,72.94 CFM,36 dB,No,
Kingwin CFGN-012LB,https://pcpartpicker.com/product/PV648d/kingwin-case-fan-cfgn012lb,https://m.media-amazon.com/images/I/51b+0TJYL2L.jpg,120 mm,Clear,950 RPM,40 CFM,19 dB,No,
Kingwin CFMC-012LB,https://pcpartpicker.com/product/JfH48d/kingwin-cfmc-012lb-40-cfm-120-mm-fan-cfmc-012lb,https://m.media-amazon.com/images/I/41J7yZXbCML.jpg,120 mm,Clear,950 RPM,40 CFM,19 dB,No,
Kingwin CFR-012LB,https://pcpartpicker.com/product/nLJkcf/kingwin-case-fan-cfr012lb,https://cdna.pcpartpicker.com/static/forever/images/product/930c3ae273db324f77be99055e2ca731.256p.jpg,120 mm,Clear,950 RPM,40 CFM,19 dB,No,
Kingwin CFW-012LB,https://pcpartpicker.com/product/NP38TW/kingwin-case-fan-cfw012lb,https://m.media-amazon.com/images/I/41p85nvgZ0L.jpg,120 mm,Clear,950 RPM,40 CFM,19 dB,No,
Rosewill RFA120L-B,https://pcpartpicker.com/product/Nx648d/rosewill-case-fan-rfa120lb,/static/forever/img/no-image.png,120 mm,Blue,2000 RPM,77.26 CFM,35.47 dB,No,
Thermaltake Luna,https://pcpartpicker.com/product/22RFf7/thermaltake-case-fan-clf035pl12bua,https://m.media-amazon.com/images/I/41kN2Xk6s0L.jpg,120 mm,Black / Blue,1400 RPM,27.53 CFM,24 dB,No,
Thermaltake Luna Slim,https://pcpartpicker.com/product/66X2FT/thermaltake-case-fan-clf035pl12rea,https://m.media-amazon.com/images/I/4169-apUZ7L.jpg,120 mm,Black / Red,1400 RPM,27.53 CFM,24 dB,No,
Thermaltake Luna Slim,https://pcpartpicker.com/product/bwVBD3/thermaltake-case-fan-clf035pl12wta,https://m.media-amazon.com/images/I/41HWUSTQYFL.jpg,120 mm,Black / White,1400 RPM,27.53 CFM,24 dB,No,
Thermaltake Luna Slim,https://pcpartpicker.com/product/BTH48d/thermaltake-case-fan-clf036pl14bua,https://m.media-amazon.com/images/I/41YnqkduvpL.jpg,140 mm,Black / Blue,1200 RPM,38.59 CFM,24 dB,No,
Thermaltake Luna Slim,https://pcpartpicker.com/product/Wf8H99/thermaltake-case-fan-clf036pl14rea,https://m.media-amazon.com/images/I/41DGHutVunL.jpg,140 mm,Black / Red,1200 RPM,38.59 CFM,24 dB,No,
Xigmatek Crystal,https://pcpartpicker.com/product/tXPzK8/xigmatek-case-fan-clffr1252,/static/forever/img/no-image.png,120 mm,Clear,1500 RPM,61.37 CFM,20 dB,No,
Xigmatek Crystal,https://pcpartpicker.com/product/pdX2FT/xigmatek-case-fan-clffr1253,/static/forever/img/no-image.png,120 mm,Clear,1500 RPM,61.37 CFM,20 dB,No,
Xigmatek Crystal,https://pcpartpicker.com/product/gYTrxr/xigmatek-case-fan-clffr1255,/static/forever/img/no-image.png,120 mm,Clear,1500 RPM,61.37 CFM,20 dB,No,
Thermaltake Riing,https://pcpartpicker.com/product/d4nG3C/thermaltake-case-fan-clf038pl12yla,https://cdna.pcpartpicker.com/static/forever/images/product/9ca2739b6ea0c016bde1f0f8ff94d333.256p.jpg,120 mm,Black / Yellow,1000 - 1500 RPM,40.6 CFM,18.7 - 24.6 dB,No,
Thermaltake Riing,https://pcpartpicker.com/product/Ptp323/thermaltake-case-fan-clf039pl14yla,https://cdna.pcpartpicker.com/static/forever/images/product/4b4e18c16068a9c783165dacf558eb0b.256p.jpg,140 mm,Black / Yellow,1000 - 1400 RPM,51.15 CFM,22.1 - 28.1 dB,No,
EK Vardar F4-120ER,https://pcpartpicker.com/product/KFGj4D/ek-case-fan-3831109867624,https://images-na.ssl-images-amazon.com/images/I/41tVQ24wL4L.jpg,120 mm,White,2200 RPM,77 CFM,33.5 dB,Yes,
Kingwin CFBL-08LB,https://pcpartpicker.com/product/LFGj4D/kingwin-case-fan-cfbl08lb,https://m.media-amazon.com/images/I/51PCiI+5CbL.jpg,80 mm,Transparent,1700 RPM,30 CFM,25 dB,No,
Scythe Slipstream,https://pcpartpicker.com/product/Qt8H99/scythe-case-fan-sy1225db12h,https://m.media-amazon.com/images/I/51ekovivLOL.jpg,120 mm,Black,1600 RPM,88.11 CFM,33 dB,No,
Scythe Slipstream,https://pcpartpicker.com/product/qcTrxr/scythe-case-fan-sy1225db12l,https://m.media-amazon.com/images/I/51MMklR5SUL.jpg,120 mm,Black,800 RPM,40.17 CFM,10.7 dB,No,10.99
Scythe Slipstream,https://pcpartpicker.com/product/KYgPxr/scythe-case-fan-sy1225db12m,https://m.media-amazon.com/images/I/51Ko8pyye4L.jpg,120 mm,Black,1200 RPM,68.54 CFM,24 dB,No,
Scythe Slipstream,https://pcpartpicker.com/product/FcTrxr/scythe-case-fan-sy1225db12sh,https://m.media-amazon.com/images/I/41oAQlX3HgL.jpg,120 mm,Black,1900 RPM,110.31 CFM,37 dB,No,
Deepcool TF 120,https://pcpartpicker.com/product/s9Nypg/deepcool-case-fan-tf120red,https://cdna.pcpartpicker.com/static/forever/images/product/091fbaddfec908aaf9e057c2b26fef89.256p.jpg,120 mm,Black / Red,500 - 1800 RPM,58.39 - 76.52 CFM,17.6 - 31.8 dB,Yes,
ARCTIC F Silent,https://pcpartpicker.com/product/MLPzK8/arctic-cooling-case-fan-f8silent,https://cdna.pcpartpicker.com/static/forever/images/product/e210f90b66b1edbe4dab1dd7695aaba9.256p.jpg,80 mm,White / Black,1200 RPM,15.1 CFM,,No,
Kingwin CFBL-020LB,https://pcpartpicker.com/product/YCL7YJ/kingwin-case-fan-cfbl020lb,https://m.media-amazon.com/images/I/41KCqq3akLL.jpg,200 mm,White,800 RPM,31.21 CFM,19.87 dB,No,
NZXT FX V2,https://pcpartpicker.com/product/wgtWGX/nzxt-case-fan-rffx142np,https://images-na.ssl-images-amazon.com/images/I/41ZcPKeoioL.jpg,140 mm,Black / White,800 - 2000 RPM,42.4 - 106.1 CFM,20 - 37 dB,No,
Phanteks F120MP,https://pcpartpicker.com/product/CCzZxr/phanteks-case-fan-phf120mpbbkpwm,https://m.media-amazon.com/images/I/51eSUTIbytL.jpg,120 mm,Black,500 - 1800 RPM,53.3 CFM,25 dB,Yes,
Phanteks F140MP,https://pcpartpicker.com/product/cBcMnQ/phanteks-case-fan-phf140mpbbkpwm,https://images-na.ssl-images-amazon.com/images/I/51HpGxrH71L.jpg,140 mm,Black,500 - 1600 RPM,68.09 CFM,25.3 dB,Yes,
Thermaltake Riing 3-Pack,https://pcpartpicker.com/product/jTCrxr/thermaltake-riing-12-rgb-406-cfm-120-mm-fans-3-pack-cl-f042-pl12sw-b,https://m.media-amazon.com/images/I/41uDd7Rpu2L.jpg,120 mm,Black,1000 - 1500 RPM,40.6 CFM,26.4 dB,Yes,
Thermaltake Riing,https://pcpartpicker.com/product/8htWGX/thermaltake-riing-14-rgb-5115-cfm-140-mm-fan-cl-f043-pl14sw-a,https://m.media-amazon.com/images/I/41oCTs03GPL.jpg,140 mm,Black,1100 - 1400 RPM,51.15 CFM,19 - 28.1 dB,Yes,
Scythe Grand Flex,https://pcpartpicker.com/product/htnG3C/scythe-case-fan-sm1225gf12shp,https://images-na.ssl-images-amazon.com/images/I/41Y2cl6MaCL.jpg,120 mm,Black / Gray,600 - 2400 RPM,24.2 - 96.8 CFM,13.5 - 39.5 dB,Yes,
ARCTIC F8,https://pcpartpicker.com/product/W9rcCJ/arctic-case-fan-afaco080p2gba01,https://cdna.pcpartpicker.com/static/forever/images/product/82fc3b6018773ecbf539c1ef7704a302.256p.jpg,80 mm,White / Black,850 - 2000 RPM,31 CFM,,Yes,
Xilence Performance C,https://pcpartpicker.com/product/mBjWGX/xilence-case-fan-cooxpf80rpwm,https://m.media-amazon.com/images/I/51qdnKFiARL.jpg,80 mm,Black / Red,1800 RPM,32.1 CFM,22 dB,Yes,
Prolimatech Ultra Sleek Vortex,https://pcpartpicker.com/product/MsL7YJ/prolimatech-case-fan-ultrasleekvortex12white,https://m.media-amazon.com/images/I/41V0+9Uzs7L.jpg,120 mm,White,400 - 1300 RPM,56 CFM,7 - 13 dB,Yes,
Coolink SWiF2-92P,https://pcpartpicker.com/product/6GL7YJ/coolink-case-fan-swif292p,https://images-na.ssl-images-amazon.com/images/I/41r7I0sCpKL.jpg,92 mm,Black / Yellow,1100 RPM,,11.5 dB,Yes,
BitFenix Spectre Xtreme,https://pcpartpicker.com/product/CTnG3C/bitfenix-case-fan-bffsxtr12025brp,https://m.media-amazon.com/images/I/51fyVW0Aw0L.jpg,120 mm,Black / Blue,950 - 2000 RPM,66 CFM,30 dB,No,
BitFenix Spectre Xtreme,https://pcpartpicker.com/product/wW4NnQ/bitfenix-case-fan-bffsxtr12025grp,https://m.media-amazon.com/images/I/51Cs3yEyCTL.jpg,120 mm,Black / Green,950 - 2000 RPM,66 CFM,30 dB,No,
BitFenix Spectre Xtreme,https://pcpartpicker.com/product/sTnG3C/bitfenix-case-fan-bffsxtr12025rrp,https://cdna.pcpartpicker.com/static/forever/images/product/8d9770bc95f2239ea51596ca97d7e1f3.256p.jpg,120 mm,Black / Red,950 - 2000 RPM,66 CFM,30 dB,No,
BitFenix Spectre Xtreme,https://pcpartpicker.com/product/DY98TW/bitfenix-case-fan-bffsxtr12025wrp,https://m.media-amazon.com/images/I/51E40o9KeKL.jpg,120 mm,Black / White,950 - 2000 RPM,66 CFM,30 dB,No,
Deepcool XFAN,https://pcpartpicker.com/product/qRvZxr/deepcool-case-fan-xfan120lw,/static/forever/img/no-image.png,120 mm,White,1300 RPM,65.16 CFM,26 dB,No,
Evercool FAN-ALED12025B,https://pcpartpicker.com/product/v4s8TW/evercool-fan-aled12025b-792-cfm-120-mm-fan-fan-aled12025b,https://cdna.pcpartpicker.com/static/forever/images/product/0041212d87b71abee53fed507dfac76a.256p.jpg,120 mm,Silver,2200 RPM,79.2 CFM,34 dB,No,
Evercool FAN-ALED12025B2,https://pcpartpicker.com/product/h78H99/evercool-case-fan-fanaled12025b2,https://cdna.pcpartpicker.com/static/forever/images/product/31cbb0f1f3ca0876ec93c2fb79a22b81.256p.jpg,120 mm,Silver,2200 RPM,79.2 CFM,34 dB,No,
Evercool FAN-EC8020M12CA,https://pcpartpicker.com/product/XRvZxr/evercool-case-fan-fanec8020m12ca,https://cdna.pcpartpicker.com/static/forever/images/product/ecdf8c6437428625fb08d3d5b546b8b6.256p.jpg,80 mm,Black,2500 RPM,29.18 CFM,26 dB,No,
Zalman F1,https://pcpartpicker.com/product/VNcMnQ/zalman-case-fan-zmf1,https://images-na.ssl-images-amazon.com/images/I/41PAdke5VlL.jpg,80 mm,Black,1700 - 3000 RPM,20.6 - 36.5 CFM,20 - 34.2 dB,No,
EK Vardar F1,https://pcpartpicker.com/product/xXyxFT/ek-case-fan-3831109867563,https://cdna.pcpartpicker.com/static/forever/images/product/387f202c2b071d4d268127551105b849.256p.jpg,140 mm,Black / Gray,1150 RPM,64 CFM,26 dB,Yes,
EK Vardar F2,https://pcpartpicker.com/product/kFgPxr/ek-case-fan-3831109867570,https://cdna.pcpartpicker.com/static/forever/images/product/85c744adfe0461477483d56088627d57.256p.jpg,140 mm,Black / Gray,1600 RPM,84 CFM,31.6 dB,Yes,
EK Vardar F3-140ER,https://pcpartpicker.com/product/rTnG3C/ek-case-fan-3831109867587,https://cdna.pcpartpicker.com/static/forever/images/product/7b3b3294a87ee35ed9516919fa626786.256p.jpg,140 mm,Black,2000 RPM,108 CFM,40.7 dB,Yes,
EK Furious Vardar FF4,https://pcpartpicker.com/product/2H2rxr/ek-case-fan-3831109867594,https://m.media-amazon.com/images/I/416oFpV0-cL.jpg,140 mm,Black,2500 RPM,144 CFM,48.4 dB,Yes,
VIVO FAN-V120B,https://pcpartpicker.com/product/2pH48d/vivo-case-fan-fanv120b,https://images-na.ssl-images-amazon.com/images/I/51RJo5ZGZBL.jpg,120 mm,Blue,1200 RPM,43.2 CFM,19.8 dB,No,
Apevia U 2-Pack,https://pcpartpicker.com/product/GfyxFT/apevia-af212l-og-639-cfm-120mm-fans-af212l-og,https://m.media-amazon.com/images/I/41Dxma8F5pL.jpg,120 mm,Orange,1700 RPM,63.85 CFM,29.67 dB,No,
Apevia S 2-Pack,https://pcpartpicker.com/product/M898TW/apevia-af212l-sog-503-cfm-120mm-fans-af212l-sog,https://m.media-amazon.com/images/I/41mB3qbHXUL.jpg,120 mm,Black / Orange,1500 RPM,50.28 CFM,21.1 dB,No,
Apevia U 3-Pack,https://pcpartpicker.com/product/wVWrxr/apevia-af312l-og-639-cfm-120mm-fan-af312l-og,/static/forever/img/no-image.png,120 mm,Orange,1700 RPM,63.85 CFM,29.67 dB,No,
Apevia U 5-Pack,https://pcpartpicker.com/product/CygPxr/apevia-af512l-og-639-cfm-120mm-fans-af512l-og,https://m.media-amazon.com/images/I/31FtuMsVY0L.jpg,120 mm,Orange,1700 RPM,63.85 CFM,29.67 dB,No,
Apevia CF12SL-SOG,https://pcpartpicker.com/product/LDZ2FT/apevia-cf12sl-sog-503-cfm-120mm-fan-cf12sl-sog,https://m.media-amazon.com/images/I/41mB3qbHXUL.jpg,120 mm,Black / Orange,1500 RPM,50.28 CFM,21.1 dB,No,
Reeven Coldwing,https://pcpartpicker.com/product/tpBrxr/reeven-coldwing-12-430-cfm-120mm-fan-rm1225s08b,https://cdna.pcpartpicker.com/static/forever/images/product/8261de34fc50c9d1ba2bad1a0627abb0.256p.jpg,120 mm,Yellow / Black,800 RPM,43 CFM,14.5 dB,No,12.99
Reeven Coldwing,https://pcpartpicker.com/product/K4M323/reeven-coldwing-12-silent-performance-1067-cfm-120mm-fan-rm1225s20b-ps,/static/forever/img/no-image.png,120 mm,Yellow / Black,500 - 2000 RPM,27.6 - 106.7 CFM,4.3 - 36.3 dB,Yes,
Reeven Coldwing,https://pcpartpicker.com/product/q34NnQ/reeven-coldwing-12-performance-pwm-1067-cfm-120mm-fan-ry1225s15b-rp,https://cdna.pcpartpicker.com/static/forever/images/product/99ea57ee2084d279bb25b6d669ce1e15.256p.jpg,120 mm,Yellow / Black,300 - 1500 RPM,16.6 - 82.1 CFM,4 - 29.8 dB,Yes,
Reeven Coldwing,https://pcpartpicker.com/product/QqRFf7/reeven-coldwing-14-435-cfm-140mm-fan-rm1425s08b,https://cdna.pcpartpicker.com/static/forever/images/product/8857afbc69de5de929b8308e1010748d.256p.jpg,140 mm,Yellow / Black,800 RPM,43.5 CFM,14.3 dB,No,
Reeven Coldwing,https://pcpartpicker.com/product/F898TW/reeven-coldwing-14-652-cfm-140mm-fan-rm1425s12b,https://cdna.pcpartpicker.com/static/forever/images/product/3a08c9be1162f2a43f38ea1f6170f50d.256p.jpg,140 mm,Yellow / Black,1200 RPM,65.2 CFM,23.2 dB,No,
Reeven Coldwing,https://pcpartpicker.com/product/3ZJkcf/reeven-coldwing-14-924-cfm-140mm-fan-rm1425s17b,https://m.media-amazon.com/images/I/31E6KE74VhL.jpg,140 mm,Yellow / Black,1700 RPM,92.4 CFM,36.4 dB,No,
Reeven Coldwing,https://pcpartpicker.com/product/RTYWGX/reeven-coldwing-14-924-cfm-140mm-fan-rm1425s17b-p,https://cdna.pcpartpicker.com/static/forever/images/product/3a08c9be1162f2a43f38ea1f6170f50d.256p.jpg,140 mm,Yellow / Black,300 - 1700 RPM,16.3 - 92.4 CFM,5.8 - 36.4 dB,Yes,
Reeven Euros,https://pcpartpicker.com/product/9N648d/reeven-euros-302-cfm-120mm-fan-ra1225f08c,/static/forever/img/no-image.png,120 mm,Black,800 RPM,30.2 CFM,12.9 dB,No,
Reeven Euros,https://pcpartpicker.com/product/8JyxFT/reeven-euros-464-cfm-120mm-fan-ra1225f12c-p,/static/forever/img/no-image.png,120 mm,Black,500 - 1200 RPM,18.8 - 46.4 CFM,9.8 - 22.3 dB,Yes,
Reeven Euros,https://pcpartpicker.com/product/VcH48d/reeven-euros-621-cfm-120mm-fan-ra1225f16c,https://cdna.pcpartpicker.com/static/forever/images/product/8592da9b18fa1830602cac1822f4d640.256p.jpg,120 mm,Black,1600 RPM,62.1 CFM,31.8 dB,No,
Reeven Euros,https://pcpartpicker.com/product/xcH48d/reeven-euros-621-cfm-120mm-fan-ra1225f16c-p,https://cdna.pcpartpicker.com/static/forever/images/product/8592da9b18fa1830602cac1822f4d640.256p.jpg,120 mm,Black,500 - 1600 RPM,18.8 - 62.1 CFM,9.8 - 31.8 dB,Yes,
Reeven Euros,https://pcpartpicker.com/product/mkJkcf/reeven-euros-778-cfm-120mm-fan-ra1225f20c,https://cdna.pcpartpicker.com/static/forever/images/product/8592da9b18fa1830602cac1822f4d640.256p.jpg,120 mm,Black,2000 RPM,77.8 CFM,38.3 dB,No,
Reeven Euros,https://pcpartpicker.com/product/kXkwrH/reeven-euros-778-cfm-120mm-fan-ra1225f20c-p,https://cdna.pcpartpicker.com/static/forever/images/product/8592da9b18fa1830602cac1822f4d640.256p.jpg,120 mm,Black,800 - 2000 RPM,30.2 - 77.8 CFM,12.9 - 38.3 dB,No,
Xilence Performance C,https://pcpartpicker.com/product/NPFXsY/xilence-coo-xpf120rpwm-579-cfm-120mm-fan-coo-xpf120rpwm,https://cdna.pcpartpicker.com/static/forever/images/product/659f4354b0b4980166ce4a27be5268d3.256p.jpg,120 mm,Black / Red,1500 RPM,57.9 CFM,28 dB,Yes,
Xilence Performance C,https://pcpartpicker.com/product/nL98TW/xilence-coo-xpf92rpwm-321-cfm-92mm-fan-coo-xpf92rpwm,https://m.media-amazon.com/images/I/51P87eQv5WL.jpg,92 mm,Black / Red,1800 RPM,32.1 CFM,22 dB,Yes,
be quiet! Silent Wings 3,https://pcpartpicker.com/product/2rvZxr/be-quiet-bl068-733-cfm-120mm-fan-bl068,https://cdna.pcpartpicker.com/static/forever/images/product/f70ffc19a1155626d9bb2d76398316d1.256p.jpg,120 mm,Black,2200 RPM,73.33 CFM,28.6 dB,No,
Thermaltake Riing 3-Pack,https://pcpartpicker.com/product/7vjWGX/thermaltake-riing-12-rgb-4879-cfm-120-mm-fans-3-pack-cl-f049-pl12sw-a,https://cdna.pcpartpicker.com/static/forever/images/product/9d65738a259c837612b340c8fb862069.256p.jpg,120 mm,Black,500 - 1400 RPM,48.79 CFM,18.2 - 24.8 dB,Yes,
NZXT Aer RGB 3-Pack,https://pcpartpicker.com/product/CDZ2FT/nzxt-aer-rgb120-614-cfm-120-mm-fans-3-pack-rf-ar120-t1,https://cdna.pcpartpicker.com/static/forever/images/product/7dcb82df69ebeb7fec9595e3e12bb1c5.256p.jpg,120 mm,Black,500 - 1500 RPM,20 - 61.4 CFM,22 - 31 dB,Yes,
NZXT Aer RGB,https://pcpartpicker.com/product/DJyxFT/nzxt-aer-rgb140-716-cfm-140-mm-fan-rf-ar140-b1,https://cdna.pcpartpicker.com/static/forever/images/product/7dcb82df69ebeb7fec9595e3e12bb1c5.256p.jpg,140 mm,Black,500 - 1500 RPM,23.9 - 71.6 CFM,22 - 33 dB,Yes,
Corsair HD120,https://pcpartpicker.com/product/VQdFf7/corsair-hd120-rgb-w-controller-544-cfm-120-mm-fan-co-9050066-ww,https://cdna.pcpartpicker.com/static/forever/images/product/fc27bec78b62545a9c40ba2a0658aa9b.256p.jpg,120 mm,Black / White,800 - 1725 RPM,54.4 CFM,18 - 30 dB,Yes,
Deepcool UF,https://pcpartpicker.com/product/dqhj4D/deepcool-uf-80-251-cfm-80mm-fan-uf-80,https://cdna.pcpartpicker.com/static/forever/images/product/752ccb7297f263a9ed52183add9d28ee.256p.jpg,80 mm,White / Blue,900 - 2200 RPM,25.13 CFM,17.8 - 24.7 dB,No,
Deepcool Wind Blade,https://pcpartpicker.com/product/Pfhj4D/deepcool-wind-blade-80-b-218-cfm-80mm-fan-wind-blade-80-b,https://cdna.pcpartpicker.com/static/forever/images/product/c4d1e4c6a5defceea3a3a4b33e96cdc0.256p.jpg,80 mm,Translucent Black,1800 RPM,21.8 CFM,20 dB,No,
Deepcool XFAN,https://pcpartpicker.com/product/H3H48d/deepcool-xfan-200-r-866-cfm-200mm-fan-xfan-200-r,https://cdna.pcpartpicker.com/static/forever/images/product/648a935a054ef16f1bc4be2adaeefa38.256p.jpg,200 mm,Black,700 RPM,86.57 CFM,26.3 dB,No,
Deepcool XFAN,https://pcpartpicker.com/product/phKhP6/deepcool-xfan-40-48-cfm-40mm-fan-xfan-40,https://cdna.pcpartpicker.com/static/forever/images/product/cdf83c06e270c2ee9e979a4cb2d2106b.256p.jpg,40 mm,Black,4500 RPM,4.82 CFM,24.3 dB,No,
Thermaltake Riing 3-Pack,https://pcpartpicker.com/product/B84NnQ/thermaltake-riing-14-rgb-7391-cfm-140-mm-fans-3-pack-cl-f051-pl14sw-a,https://cdna.pcpartpicker.com/static/forever/images/product/afd3f7a67b9df994cb2c4c3468f56644.256p.jpg,140 mm,Black,500 - 1400 RPM,73.91 CFM,29.4 dB,Yes,
RIOTORO Prism 2-Pack,https://pcpartpicker.com/product/FcyxFT/riotoro-rgb-256-rm-47-cfm-120-mm-fans-2-pack-rgb-256-rm,https://m.media-amazon.com/images/I/41Zmz0KBi7L.jpg,120 mm,Clear,1500 RPM,47 CFM,26.5 dB,No,
Cooler Master MasterFan Pro Air Balance,https://pcpartpicker.com/product/3KkwrH/cooler-master-mfy-b2nn-13nmk-r1-831-cfm-120mm-fan-mfy-b2nn-13nmk-r1,https://cdna.pcpartpicker.com/static/forever/images/product/14dff21d86b5d61e329df8de062aaa8e.256p.jpg,120 mm,Black,650 - 2500 RPM,42.7 - 83.1 CFM,6 - 36 dB,Yes,
Cooler Master MasterFan Pro Air Flow,https://pcpartpicker.com/product/RLfmP6/cooler-master-masterfan-pro-120-air-flow-845-cfm-120mm-fan-mfy-f2nn-11nmk-r1,https://cdna.pcpartpicker.com/static/forever/images/product/b07c44db15b374994190449b8cc76f50.256p.jpg,120 mm,Black,650 - 1900 RPM,48.8 - 84.5 CFM,6 - 36 dB,Yes,
Cooler Master MasterFan Pro Air Flow,https://pcpartpicker.com/product/QTtWGX/cooler-master-masterfan-pro-140-air-flow-1060-cfm-140mm-fan-mfy-f4nn-08nmk-r1,https://cdna.pcpartpicker.com/static/forever/images/product/b44323f1357d6c9c47da57dffe4c1ee3.256p.jpg,140 mm,Black,650 - 1600 RPM,53 - 106 CFM,6 - 36 dB,Yes,
Nanoxia Deep Silence,https://pcpartpicker.com/product/Ly7CmG/nanoxia-deep-silence-120-554-cfm-120mm-fan-nds-120-1000,https://m.media-amazon.com/images/I/51Qa6ccH+GL.jpg,120 mm,Black / Green,700 - 1000 RPM,24.8 - 55.4 CFM,8.1 - 12.8 dB,No,
Nanoxia Deep Silence,https://pcpartpicker.com/product/CwZ2FT/nanoxia-deep-silence-140-765-cfm-140mm-fan-nds-140-1400,https://images-na.ssl-images-amazon.com/images/I/51s6MbjP42L.jpg,140 mm,Black / Green,900 - 1400 RPM,60.1 - 76.5 CFM,10.5 - 16.2 dB,No,
Anidees AI Halo,https://pcpartpicker.com/product/W6FXsY/anidees-ai-halo-nuclear-green-397-cfm-120mm-fan-ai-halo-g,https://m.media-amazon.com/images/I/51fHjn5+1aL.jpg,120 mm,Black,1200 RPM,39.7 CFM,24.7 dB,No,
Anidees AI Halo,https://pcpartpicker.com/product/2YzZxr/anidees-ai-halo-crimson-red-397-cfm-120mm-fan-ai-halo-r,https://images-na.ssl-images-amazon.com/images/I/51es6u4j-HL.jpg,120 mm,Black,1200 RPM,39.7 CFM,24.7 dB,No,
NoiseBlocker ELoop B,https://pcpartpicker.com/product/3T98TW/noiseblocker-nb-eloop-b14-1-736-cfm-140mm-fan-itr-b14-1,https://cdna.pcpartpicker.com/static/forever/images/product/7d385749837849a2d4e846481515f267.256p.jpg,140 mm,Black / White,600 RPM,43.33 CFM,5.71 dB,No,40.44
NoiseBlocker ELoop B,https://pcpartpicker.com/product/RW8H99/noiseblocker-nb-eloop-b14-2-1092-cfm-140mm-fan-itr-b14-2,https://cdna.pcpartpicker.com/static/forever/images/product/7f33ae80777048f68098dacd02b922d1.256p.jpg,140 mm,Black / White,900 RPM,64.28 CFM,16.95 dB,No,41.84
be quiet! Shadow Wings,https://pcpartpicker.com/product/ghp323/be-quiet-shadow-wings-sw1-pwm-505-cfm-120mm-fan-bl026,https://cdna.pcpartpicker.com/static/forever/images/product/5433a0ed99129ebe5f6ae604b0289f64.256p.jpg,120 mm,Black,1500 RPM,50.5 CFM,18.9 dB,Yes,
Rosewill RWCB-1612,https://pcpartpicker.com/product/fpwqqs/rosewill-rwcb-1612-631-cfm-120mm-fan-rwcb-1612,https://images-na.ssl-images-amazon.com/images/I/51tfCK%2BsSKL.jpg,120 mm,Black / Blue,500 - 1500 RPM,63.1 CFM,6.9 - 26.2 dB,Yes,
Rosewill RWCR-1612,https://pcpartpicker.com/product/n2cMnQ/rosewill-rwcr-1612-631-cfm-120mm-fan-rwcr-1612,https://m.media-amazon.com/images/I/51hx42UV2EL.jpg,120 mm,Black / Red,500 - 1500 RPM,63.1 CFM,6.9 - 26.2 dB,Yes,
RIOTORO Cross-X Classic,https://pcpartpicker.com/product/VbM323/riotoro-fr120-470-cfm-120mm-fan-fr120,https://cdna.pcpartpicker.com/static/forever/images/product/5129bdd58603366cda12e9228d97a576.256p.jpg,120 mm,Black,1500 RPM,47 CFM,26.5 dB,No,
RIOTORO Cross-X Classic,https://pcpartpicker.com/product/mQJkcf/riotoro-fb120-470-cfm-120mm-fan-fb120,https://cdna.pcpartpicker.com/static/forever/images/product/a1967fb191e65a9227511fce4de16370.256p.jpg,120 mm,Black,1500 RPM,47 CFM,26.5 dB,No,
RIOTORO Cross-X Classic,https://pcpartpicker.com/product/8zDzK8/riotoro-fw120-470-cfm-120mm-fan-fw120,https://cdna.pcpartpicker.com/static/forever/images/product/11413d782244bd84e0d698db6b9ba797.256p.jpg,120 mm,Black,1500 RPM,47 CFM,26.5 dB,No,
Fractal Design Dynamic X2 GP-14,https://pcpartpicker.com/product/fjFXsY/fractal-design-x2-gp-14-white-684-cfm-140mm-fan-fd-fan-dyn-x2-gp14-wt,https://cdna.pcpartpicker.com/static/forever/images/product/4921fd9bafc6521b52fdc64f1346a2ca.256p.jpg,140 mm,White / Black,1000 RPM,68.4 CFM,18.9 dB,No,
HBT+ AXE,https://pcpartpicker.com/product/qQ4NnQ/hbt-axe-140-700-cfm-140mm-fan-tf-a1425-pwv1,/static/forever/img/no-image.png,140 mm,Black / White,600 - 1200 RPM,40 - 70 CFM,23 dB,Yes,
Cooler Master MasterFan Pro Air Flow,https://pcpartpicker.com/product/kZp323/cooler-master-masterfan-pro-140-air-flow-rgb-53-cfm-140-mm-fan-mfy-f4dn-08npc-r1,https://cdna.pcpartpicker.com/static/forever/images/product/8c24a35d56c033885c19c099c164ab53.256p.jpg,140 mm,Black,500 - 800 RPM,53 CFM,6 - 20 dB,Yes,
ARCTIC BioniX F140,https://pcpartpicker.com/product/mbWrxr/arctic-bionix-f140-blackgreen-1040-cfm-140mm-fan-acfan00084a,https://m.media-amazon.com/images/I/51zCYk2sMqS.jpg,140 mm,Black / Green,1800 RPM,104 CFM,25.3 dB,No,
BitFenix Spectre Pro,https://pcpartpicker.com/product/7khj4D/bitfenix-spectre-pro-867-cfm-140mm-fan-bff-wpro-14025w-rp,https://cdna.pcpartpicker.com/static/forever/images/product/5fb536050d9f9f16ae165378d43bbe9e.256p.jpg,140 mm,White,1200 RPM,86.73 CFM,22.8 dB,No,
In Win AURORA 3-Pack,https://pcpartpicker.com/product/LRL7YJ/in-win-aurora-black-white-5764-cfm-120-mm-fans-3-pack-rgbfan-blkwte-3pk,https://cdna.pcpartpicker.com/static/forever/images/product/063ddd6830fb2563966a44ae8255bbdf.256p.jpg,120 mm,Black / White,800 - 2000 RPM,40.26 - 57.64 CFM,23.7 - 39.2 dB,Yes,
Apevia S,https://pcpartpicker.com/product/PBNypg/apevia-af512l-spk-5-pack1-577-cfm-120mm-fan-af512l-spk,https://m.media-amazon.com/images/I/41lTmTMzFlL.jpg,120 mm,Black / Pink,1500 RPM,57.67 CFM,24.7 dB,Yes,
Cooler Master MasterFan Pro Air Pressure 3-Pack,https://pcpartpicker.com/product/RTvZxr/cooler-master-masterfan-pro-120-air-pressure-rgb-35-cfm-120-mm-fans-3-pack-mfy-p2dc-153pc-r1,https://cdna.pcpartpicker.com/static/forever/images/product/b03a75d31f128237ea9d3cc6f8307ed5.256p.jpg,120 mm,Black,650 - 1500 RPM,35 CFM,6 - 20 dB,Yes,
Antec TRICOOL,https://pcpartpicker.com/product/8d98TW/antec-tricool120-790-cfm-120mm-fan-tricool120mmredled,https://m.media-amazon.com/images/I/519pWmZOaCL.jpg,120 mm,Clear,2000 RPM,79 CFM,30 dB,No,
Anidees AI Prismatic 3-Pack,https://pcpartpicker.com/product/V7DzK8/anidees-ai-prismatic-397-cfm-120-mm-fans-3-pack-ai-prismatic,https://cdna.pcpartpicker.com/static/forever/images/product/5cb4b319ea0e9c08c8b1c95d60eb55a1.256p.jpg,120 mm,Black,1200 RPM,39.7 CFM,24.7 dB,No,
In Win Polaris 2-Pack,https://pcpartpicker.com/product/hHvZxr/in-win-polaris-rgb-4331-cfm-120-mm-fans-2-pack-polarisfan-2pk-rgb,https://cdna.pcpartpicker.com/static/forever/images/product/c792055f46e64367e9e06d77e01cf319.256p.jpg,120 mm,Black / Translucent White,500 - 1280 RPM,43.31 CFM,20.2 dB,Yes,
ARCTIC F14 PST CO,https://pcpartpicker.com/product/xDCrxr/arctic-f14-pwm-pst-co-740-cfm-140mm-fan-acfan00080a,https://cdna.pcpartpicker.com/static/forever/images/product/2f7a84cd5544440cac7480822b957324.256p.jpg,140 mm,Gray,600 - 1350 RPM,74 CFM,22.5 dB,Yes,
BitFenix Spectre Pro,https://pcpartpicker.com/product/kd66Mp/bitfenix-spectre-pro-rgb-120-5622-cfm-120-mm-fan-bff-srgb-12025n-rp,https://cdna.pcpartpicker.com/static/forever/images/product/e25b1442f21e96be9a3b3cd93dd5612f.256p.jpg,120 mm,Black / White,1200 RPM,56.22 CFM,18.9 dB,No,
BitFenix Spectre Pro,https://pcpartpicker.com/product/r6XnTW/bitfenix-spectre-pro-rgb-120-5622-cfm-120-mm-fan-bff-srgb-12025c-rp,https://cdna.pcpartpicker.com/static/forever/images/product/4117d6ad5f68b471c1c5daf681f94c89.256p.jpg,120 mm,Black / White,1200 RPM,56.22 CFM,18.9 dB,No,
BitFenix Spectre Pro,https://pcpartpicker.com/product/29WfrH/bitfenix-spectre-pro-rgb-140-8673-cfm-140-mm-fan-bff-srgb-14025n-rp,https://cdna.pcpartpicker.com/static/forever/images/product/f8c2874de73dc6fe7448f58ba77f6b42.256p.jpg,140 mm,Black / White,1200 RPM,86.73 CFM,22.8 dB,No,
BitFenix Spectre Pro,https://pcpartpicker.com/product/bXHRsY/bitfenix-spectre-pro-rgb-140-8673-cfm-140-mm-fan-bff-srgb-14025c-rp,https://cdna.pcpartpicker.com/static/forever/images/product/3e7fbb4f135c6b05fc3336c95e3f5f82.256p.jpg,140 mm,Black / White,1200 RPM,86.73 CFM,22.8 dB,No,
BitFenix Spectre Pro,https://pcpartpicker.com/product/WD8j4D/bitfenix-spectre-pro-rgb-200-14872-cfm-200-mm-fan-bff-srgb-20025n-rp,https://cdna.pcpartpicker.com/static/forever/images/product/2c2325cd4f69af329f5f7cb44ce69822.256p.jpg,200 mm,Black / White,900 RPM,148.72 CFM,27.5 dB,No,
BitFenix Spectre Pro,https://pcpartpicker.com/product/6sJtt6/bitfenix-spectre-pro-rgb-200-14872-cfm-200-mm-fan-bff-srgb-20025c-rp,https://cdna.pcpartpicker.com/static/forever/images/product/81f875e9ad8aa35d009ff3f2ba1d1c26.256p.jpg,200 mm,Black / White,900 RPM,148.72 CFM,27.5 dB,No,
Apevia C,https://pcpartpicker.com/product/fdm323/apevia-12l-crd-577-cfm-120mm-fan-12l-crd,https://m.media-amazon.com/images/I/41kc8woKRAL.jpg,120 mm,Black / Red,1500 RPM,57.67 CFM,24.7 dB,No,
Apevia C 3-Pack,https://pcpartpicker.com/product/np8j4D/apevia-312l-crd-577-cfm-120mm-fans-312l-crd,https://images-na.ssl-images-amazon.com/images/I/51oxns9Q9TL.jpg,120 mm,Black / Red,1500 RPM,57.67 CFM,24.7 dB,No,
Apevia C,https://pcpartpicker.com/product/wYHRsY/apevia-12l-cbl-577-cfm-120mm-fan-12l-cbl,https://m.media-amazon.com/images/I/51-Uv3UNZqL.jpg,120 mm,Black / Blue,1500 RPM,57.67 CFM,24.7 dB,No,
Apevia C 3-Pack,https://pcpartpicker.com/product/Djprxr/apevia-312l-cbl-577-cfm-120mm-fan-312l-cbl,https://m.media-amazon.com/images/I/51x3vnkmtQL.jpg,120 mm,Black / Blue,1500 RPM,57.67 CFM,24.7 dB,No,
Apevia C 5-Pack,https://pcpartpicker.com/product/C8MwrH/apevia-512l-cbl-577-cfm-120mm-fan-512l-cbl,https://m.media-amazon.com/images/I/51zJcHWhzeL.jpg,120 mm,Black / Blue,1500 RPM,57.67 CFM,24.7 dB,No,
Apevia C,https://pcpartpicker.com/product/cx66Mp/apevia-12l-cgn-577-cfm-120mm-fan-12l-cgn,https://m.media-amazon.com/images/I/513kCd8LeKL.jpg,120 mm,Black / Green,1500 RPM,57.67 CFM,24.7 dB,No,
Apevia C 3-Pack,https://pcpartpicker.com/product/sp8j4D/apevia-312l-cgn-577-cfm-120mm-fans-312l-cgn,https://m.media-amazon.com/images/I/51PVjms0yoL.jpg,120 mm,Black / Green,1500 RPM,57.67 CFM,24.7 dB,No,
Apevia C 5-Pack,https://pcpartpicker.com/product/yWbwrH/apevia-512l-cgn-577-cfm-120mm-fans-512l-cgn,https://cdna.pcpartpicker.com/static/forever/images/product/332382bd173db62ee213ee588a64f8b1.256p.jpg,120 mm,Black / Green,1500 RPM,57.67 CFM,24.7 dB,No,
Apevia C,https://pcpartpicker.com/product/Jn7v6h/apevia-12l-cpk-577-cfm-120mm-fan-12l-cpk,https://m.media-amazon.com/images/I/41PlMvIxkVL.jpg,120 mm,Black / Pink,1500 RPM,57.67 CFM,24.7 dB,No,
Apevia C 3-Pack,https://pcpartpicker.com/product/v4ndnQ/apevia-312l-cpk-577-cfm-120mm-fans-312l-cpk,https://m.media-amazon.com/images/I/51z02Za39SL.jpg,120 mm,Black / Pink,1500 RPM,57.67 CFM,24.7 dB,No,
Apevia C 5-Pack,https://pcpartpicker.com/product/XRkj4D/apevia-512l-cpk-577-cfm-120mm-fans-512l-cpk,https://m.media-amazon.com/images/I/51lW8xGtV4L.jpg,120 mm,Black / Pink,1500 RPM,57.67 CFM,24.7 dB,No,
Apevia C,https://pcpartpicker.com/product/h7TPxr/apevia-12l-cwh-577-cfm-120mm-fan-12l-cwh,https://m.media-amazon.com/images/I/41D63zaRWxL.jpg,120 mm,Black / White,1500 RPM,57.67 CFM,24.7 dB,No,9.99
Cooler Master MasterFan MF200R,https://pcpartpicker.com/product/HYHRsY/cooler-master-masterfan-mf200r-rgb-90-cfm-200-mm-fan-r4-200r-08fc-r1,https://m.media-amazon.com/images/I/51pHkAfdZIL.jpg,200 mm,,800 RPM,90 CFM,28 dB,No,
EK Furious Vardar EVO,https://pcpartpicker.com/product/VDqhP6/ek-furious-vardar-evo-120-1070-cfm-120mm-fan-3831109880036,https://cdna.pcpartpicker.com/static/forever/images/product/491efece42e40e6bf979bc1af285eccb.256p.jpg,120 mm,Black,3000 RPM,107 CFM,42 dB,Yes,
ARCTIC BioniX F120,https://pcpartpicker.com/product/hFgzK8/arctic-bionix-f120-blackgreen-690-cfm-120mm-fan-acfan00083a,https://m.media-amazon.com/images/I/519U6EjIvFL.jpg,120 mm,Black / Green,200 - 1800 RPM,69 CFM,24.4 dB,Yes,
ARCTIC BioniX F120,https://pcpartpicker.com/product/pzfhP6/arctic-bionix-f120-blackyellow-690-cfm-120mm-fan-acfan00094a,https://m.media-amazon.com/images/I/51cSLkk1bDL.jpg,120 mm,Black / Yellow,200 - 1800 RPM,69 CFM,24.4 dB,Yes,
In Win MARS,https://pcpartpicker.com/product/TCdxFT/inwin-mars-black-387-cfm-120mm-fan-marsfan-1pk-bla,https://cdna.pcpartpicker.com/static/forever/images/product/208db5064294e25ccc361f3ef871c345.256p.jpg,120 mm,Black,600 - 1400 RPM,38.73 CFM,25 dB,Yes,
BitFenix Spectre Pro All White,https://pcpartpicker.com/product/zXfhP6/bitfenix-spectre-pro-white-wgreen-led-867-cfm-140mm-fan-bff-wpro-14025g-rp,https://m.media-amazon.com/images/I/41+nrOMoITL.jpg,140 mm,,1200 RPM,86.73 CFM,22.8 dB,No,
ARCTIC F14 Silent,https://pcpartpicker.com/product/GFPKHx/arctic-f14-silent-460-cfm-140mm-fan-acfan00076a,https://m.media-amazon.com/images/I/51rsqTUwphL.jpg,140 mm,White / Black,220 - 800 RPM,46 CFM,27.2 dB,No,
Apevia S 3-Pack,https://pcpartpicker.com/product/yYXnTW/apevia-af312l-srd-577-cfm-120mm-fans-af312l-srd,https://cdna.pcpartpicker.com/static/forever/images/product/f14b74d17831080dc865b7908b9ec77a.256p.jpg,120 mm,Black / Red,1500 RPM,57.67 CFM,24.7 dB,No,
Enermax T.B. RGB 3-Pack,https://pcpartpicker.com/product/F4448d/enermax-tb-rgb-4753-cfm-120-mm-fans-3-pack-uctbrgb12-bp3,https://cdna.pcpartpicker.com/static/forever/images/product/c26467cdb453a5022d00d418d84f8aea.256p.jpg,120 mm,Black,500 - 1500 RPM,47.53 CFM,22 dB,Yes,
Deepcool MF 3-Pack,https://pcpartpicker.com/product/2WfhP6/deepcool-mf120-56-cfm-120-mm-fans-3-pack-mf120,https://cdna.pcpartpicker.com/static/forever/images/product/9d16d19defea306048c63852be0fd2f1.256p.jpg,120 mm,Black,500 - 2200 RPM,56 CFM,37.9 dB,Yes,
Azza Hurricane Lite 3-Pack,https://pcpartpicker.com/product/NkgzK8/azza-hurricane-rgb-lite-47-cfm-120-mm-fans-3-pack-fnaz-12rgb-w-232,https://cdna.pcpartpicker.com/static/forever/images/product/5e01220676bf4b46b67bcb5789cbc0e7.256p.jpg,120 mm,Black / White,1500 RPM,47 CFM,28.7 dB,No,
Lian Li Bora 3-Pack,https://pcpartpicker.com/product/tGdxFT/lian-li-bora-120r-3-rgb-572-cfm-120-mm-fans-3-pack-bora120r-3b,/static/forever/img/no-image.png,120 mm,Black / White,800 - 2050 RPM,57.2 CFM,,Yes,
Apevia C 3-Pack,https://pcpartpicker.com/product/QwYLrH/apevia-312l-cmc-5767-cfm-120-mm-fans-3-pack-312l-cmc,https://cdna.pcpartpicker.com/static/forever/images/product/5a8efd2345c7a9a01a76bd4b3152340d.256p.jpg,120 mm,Black / Multicolor,1500 RPM,57.67 CFM,24.7 dB,No,
Apevia 312L-DMC 3-Pack,https://pcpartpicker.com/product/FYdxFT/apevia-312l-dmc-5767-cfm-120-mm-fans-3-pack-312l-dmc,https://cdna.pcpartpicker.com/static/forever/images/product/6d574511909a450487fdbf127b4f70f1.256p.jpg,120 mm,Black / Multicolor,1500 RPM,57.67 CFM,24.7 dB,No,
Apevia 512L-DMC 5-Pack,https://pcpartpicker.com/product/zHWfrH/apevia-512l-dmc-5767-cfm-120-mm-fans-5-pack-512l-dmc,https://cdna.pcpartpicker.com/static/forever/images/product/a0f23a0dbe53f1311f58378f5e6cd75b.256p.jpg,120 mm,Black / Multicolor,1500 RPM,57.67 CFM,24.7 dB,No,
ARCTIC F14 TC,https://pcpartpicker.com/product/CgndnQ/arctic-f14-tc-740-cfm-140mm-fan-acfan00081a,https://cdna.pcpartpicker.com/static/forever/images/product/48a80d04e91bd86210bd4ece6a352013.256p.jpg,140 mm,Black / White,400 - 1350 RPM,74 CFM,,No,
Apevia AF312L-SMC 3-Pack,https://pcpartpicker.com/product/dv448d/apevia-af312l-smc-5767-cfm-120-mm-fans-3-pack-af312l-smc,https://cdna.pcpartpicker.com/static/forever/images/product/f264096d3810e5c5b9d1a0b7f5d02b71.256p.jpg,120 mm,Black / Multicolor,1500 RPM,57.67 CFM,24.7 dB,No,
Apevia AF512L-BL 5-Pack,https://pcpartpicker.com/product/P9CD4D/apevia-af512l-bl-577-cfm-120mm-fans-af512l-bl,https://cdna.pcpartpicker.com/static/forever/images/product/baf47277b9c9857a45c21a39498c484e.256p.jpg,120 mm,Blue,1500 RPM,57.67 CFM,24.7 dB,No,
Apevia AF512L-RD 5-Pack,https://pcpartpicker.com/product/JTMwrH/apevia-af512l-rd-577-cfm-120mm-fans-af512l-rd,https://cdna.pcpartpicker.com/static/forever/images/product/16c4d03e04e4942aab7e8484e3dfba40.256p.jpg,120 mm,Red,1500 RPM,57.67 CFM,24.7 dB,No,
Apevia AF512L-SMC 5-Pack,https://pcpartpicker.com/product/vNzkcf/apevia-af512l-smc-5767-cfm-120-mm-fans-5-pack-af512l-smc,https://cdna.pcpartpicker.com/static/forever/images/product/66436d455b479cf7528ab8c9b057b21b.256p.jpg,120 mm,Black / Multicolor,1500 RPM,57.67 CFM,24.7 dB,No,
Aerocool Aluminum-Quadro,https://pcpartpicker.com/product/X3w7YJ/aerocool-aluminum-quadro-215-cfm-80-mm-fan-aluminum-quadro,https://cdna.pcpartpicker.com/static/forever/images/product/861f0fc65393af33718289bf50dce7e4.256p.jpg,80 mm,Silver,2000 RPM,21.5 CFM,20.3 dB,No,
BitFenix Spectre Pro All White,https://pcpartpicker.com/product/zWc48d/bitfenix-bff-wpro-23030w-rp-1563-cfm-230mm-fan-bff-wpro-23030w-rp,https://cdna.pcpartpicker.com/static/forever/images/product/cf7b5c1e52fd9102342ae1725404599b.256p.jpg,230 mm,White,900 RPM,156.27 CFM,25.6 dB,No,
Aerocool Centaurus I,https://pcpartpicker.com/product/vmCD4D/aerocool-centaurus-i-268-cfm-80mm-fan-centaurus-i,https://cdna.pcpartpicker.com/static/forever/images/product/9bae9b85ff3477408e6df1326544fa12.256p.jpg,80 mm,Silver,2000 RPM,26.8 CFM,21.6 dB,No,
Aerocool Streamliner,https://pcpartpicker.com/product/HDjJ7P/aerocool-streamliner-blue-547-cfm-140mm-fan-streamliner-blue,https://cdna.pcpartpicker.com/static/forever/images/product/23bff21b44aa32bf003b89d19c4bca78.256p.jpg,140 mm,Blue,1000 RPM,54.7 CFM,19.6 dB,No,
Aerocool Centaurus III,https://pcpartpicker.com/product/XFZFf7/aerocool-centaurus-iii-268-cfm-80mm-fan-centaurus-iii,https://cdna.pcpartpicker.com/static/forever/images/product/8ec0170a71d60904552272a042d2c3cc.256p.jpg,80 mm,Black,2000 RPM,26.8 CFM,21.6 dB,No,
Evercool Evergreen,https://pcpartpicker.com/product/Yh7v6h/evercool-egf-n12-140mm-fan-egf-n12,https://cdna.pcpartpicker.com/static/forever/images/product/906b624d374526df5177b625e2a85a13.256p.jpg,140 mm,Green,1200 RPM,,,No,
Evercool F-EC1238A1HBT-7,https://pcpartpicker.com/product/NDjJ7P/evercool-f-ec1238a1hbt-7-1230-cfm-120mm-fan-f-ec1238a1hbt-7,https://cdna.pcpartpicker.com/static/forever/images/product/ffbc576182582d35e9b0f71bd18bdf63.256p.jpg,120 mm,Black,2550 - 2750 RPM,114 - 123 CFM,40 - 45 dB,No,
Evercool CL8035/LD3,https://pcpartpicker.com/product/DTMwrH/evercool-cl8035ld3-230-cfm-80mm-fan-fan-ld8035b-ec3,https://cdna.pcpartpicker.com/static/forever/images/product/eeea303cca873be92160d857ea638190.256p.jpg,80 mm,White,2300 RPM,23 CFM,26 dB,No,
Evercool RSF-14,https://pcpartpicker.com/product/rfdxFT/evercool-rsf-14-140mm-fan-rsf-14,/static/forever/img/no-image.png,140 mm,Black / Red,1200 RPM,,22 dB,No,18.98
Aerocool TURBINE 3000,https://pcpartpicker.com/product/knprxr/aerocool-turbine-3000-374-cfm-120mm-fan-turbine-3000,https://cdna.pcpartpicker.com/static/forever/images/product/ec10b0471e3793b9f3be34d769f2b54b.256p.jpg,120 mm,Blue,950 RPM,37.44 CFM,19.66 dB,No,
Enermax D.F. Storm,https://pcpartpicker.com/product/2Lc48d/enermax-ucdfs12p-1551-cfm-120mm-fan-ucdfs12p,https://cdna.pcpartpicker.com/static/forever/images/product/4b9fbe32dde2c58610c7aa01f1d2016f.256p.jpg,120 mm,Black,1500 - 3500 RPM,72.47 - 155.08 CFM,23 - 38 dB,Yes,
Enermax D.F. VEGAS 2-Pack,https://pcpartpicker.com/product/b6QG3C/enermax-ucdfv12p-bl-t-619-cfm-120mm-fans-ucdfv12p-bl-t,https://cdna.pcpartpicker.com/static/forever/images/product/03d5fdd3d4d5d266d13738fc3405c787.256p.jpg,120 mm,Black / Blue,800 - 1500 RPM,33.21 - 61.92 CFM,16 - 22 dB,Yes,
Enermax D.F. Vegas Duo 2-Pack,https://pcpartpicker.com/product/WdbwrH/enermax-ucdfvd12p-t-619-cfm-120mm-fans-ucdfvd12p-t,https://cdna.pcpartpicker.com/static/forever/images/product/a27946beca52574f8fcb15d05148027b.256p.jpg,120 mm,Black,800 - 1500 RPM,33.21 - 61.92 CFM,16 - 22 dB,Yes,
Aerocool Turbine 1000,https://pcpartpicker.com/product/myx2FT/aerocool-turbine-1000-374-cfm-120mm-fan-turbine-1000,https://cdna.pcpartpicker.com/static/forever/images/product/eea3ce4e742cb1759699c5a1f57e87ed.256p.jpg,120 mm,Silver,950 RPM,37.44 CFM,19.66 dB,No,
BitFenix Spectre Pro All White,https://pcpartpicker.com/product/BQKcCJ/bitfenix-spectre-pro-all-white-1487-cfm-200mm-fan-bff-wpro-20025b-rp,https://cdna.pcpartpicker.com/static/forever/images/product/e3d7d4ff07ac65217900fb30023b8f4f.256p.jpg,200 mm,Clear / Blue,900 RPM,148.72 CFM,27.5 dB,No,
Enermax T.B. Silence Adv,https://pcpartpicker.com/product/zbc48d/enermax-uctba12p-639-cfm-120mm-fan-uctba12p,https://images-eu.ssl-images-amazon.com/images/I/41rW7O9NmWL.jpg,120 mm,Black,300 - 1500 RPM,63.89 CFM,7 - 15.8 dB,Yes,
Enermax T.B. Silence Adv,https://pcpartpicker.com/product/BsjJ7P/enermax-uctba14p-666-cfm-140mm-fan-uctba14p,https://images-eu.ssl-images-amazon.com/images/I/41BkhaU%2B--L.jpg,140 mm,Black,300 - 1200 RPM,66.57 CFM,7 - 14.9 dB,Yes,
Fractal Design Silent LL,https://pcpartpicker.com/product/Mbkj4D/fractal-design-fd-fan-ssll-120-bu-418-cfm-120mm-fan-fd-fan-ssll-120-bu,https://cdna.pcpartpicker.com/static/forever/images/product/f859494ff78bb323624c7b00c671a008.256p.jpg,120 mm,Black,1200 RPM,41.8 CFM,24.8 dB,No,
Fractal Design Silent LL,https://pcpartpicker.com/product/wcMwrH/fractal-design-fd-fan-ssll-120-rd-418-cfm-120mm-fan-fd-fan-ssll-120-rd,https://cdna.pcpartpicker.com/static/forever/images/product/0772263090eb94c32e45aea65afcee33.256p.jpg,120 mm,Black,1200 RPM,41.8 CFM,24.8 dB,No,
Azza Hurricane 3-Pack,https://pcpartpicker.com/product/qKc48d/azza-hurricane-rgb-5612-cfm-120-mm-fans-3-pack-fnaz-12rgb-b-131,https://cdna.pcpartpicker.com/static/forever/images/product/e9da064be102230f69527c6ed679d5ef.256p.jpg,120 mm,Black,1200 RPM,56.12 CFM,33.8 dB,Yes,
Azza Hurricane,https://pcpartpicker.com/product/8hKcCJ/azza-hurricane-rgb-47-cfm-120-mm-fan-fnaz-12rgb-b212,https://cdna.pcpartpicker.com/static/forever/images/product/15a85b31ea9555424e9e6bb3325aaf86.256p.jpg,120 mm,Black,1500 RPM,47 CFM,28.7 dB,No,
Cooler Master MasterFan Lite,https://pcpartpicker.com/product/ZjNv6h/cooler-master-masterfan-lite-120-32-cfm-120-mm-fan-r4-cpds-12fc-b1,https://cdna.pcpartpicker.com/static/forever/images/product/ce55b4d1af64fc106c8e1e46b161f51e.256p.jpg,120 mm,Black,1200 RPM,32 CFM,25 dB,No,
Cooler Master MasterFan Lite,https://pcpartpicker.com/product/Zn97YJ/cooler-master-masterfan-lite-120-320-cfm-120mm-fan-r4-cpds-12fr-b1,https://cdna.pcpartpicker.com/static/forever/images/product/34d29a034480cdee34191cbd4409061b.256p.jpg,120 mm,Black,1200 RPM,32 CFM,25 dB,No,
Fractal Design Silent LL,https://pcpartpicker.com/product/PPYLrH/fractal-design-fd-fan-ssll-140-bu-471-cfm-140mm-fan-fd-fan-ssll-140-bu,https://cdna.pcpartpicker.com/static/forever/images/product/4711f895364d42353de724f002e50f02.256p.jpg,140 mm,Black,1200 RPM,47.1 CFM,23.3 dB,No,
Fractal Design Silent LL,https://pcpartpicker.com/product/JhBTwP/fractal-design-fd-fan-ssll-140-rd-471-cfm-140mm-fan-fd-fan-ssll-140-rd,https://cdna.pcpartpicker.com/static/forever/images/product/6fae049adac74885be814c06fe5c5aaa.256p.jpg,140 mm,Black,1200 RPM,47.1 CFM,23.3 dB,No,
Fractal Design Silent LL,https://pcpartpicker.com/product/vPYLrH/fractal-design-fd-fan-ssll-140-wt-471-cfm-140mm-fan-fd-fan-ssll-140-wt,https://cdna.pcpartpicker.com/static/forever/images/product/1a286207091f39152bc9c6d43ef977db.256p.jpg,140 mm,Black,1200 RPM,47.1 CFM,23.3 dB,No,
CRYORIG QF Performance,https://pcpartpicker.com/product/nz97YJ/cryorig-qf140-performance-421-cfm-140mm-fan-cr-q4a,https://cdna.pcpartpicker.com/static/forever/images/product/b834ccb60dbfec83498b9807d4d1c10c.256p.jpg,140 mm,White / Black,600 - 1850 RPM,128 CFM,13 - 38 dB,Yes,
CRYORIG QF Silent,https://pcpartpicker.com/product/NtsmP6/cryorig-qf140-silent-421-cfm-140mm-fan-cr-q4b,https://cdna.pcpartpicker.com/static/forever/images/product/b834ccb60dbfec83498b9807d4d1c10c.256p.jpg,140 mm,White / Black,200 - 1000 RPM,42.1 CFM,9 - 19.5 dB,Yes,
Antec TRICOOL,https://pcpartpicker.com/product/twprxr/antec-tricool-80mm-80mm-fan-tricool-80mm,https://m.media-amazon.com/images/I/51csnu68x+L.jpg,80 mm,Transparent,,,,No,
Silverstone FHP,https://pcpartpicker.com/product/37448d/silverstone-sst-fhp141-vf-1735-cfm-140mm-fan-sst-fhp141-vf,https://cdna.pcpartpicker.com/static/forever/images/product/cdf048a60ac9adea398088df998e7b3a.256p.jpg,140 mm,Black,500 - 2000 RPM,43.75 - 173.5 CFM,16.5 - 41.5 dB,Yes,
Silverstone AP,https://pcpartpicker.com/product/4Fx2FT/silverstone-sst-ap142-argb-442-cfm-140-mm-fan-sst-ap142-argb,https://cdna.pcpartpicker.com/static/forever/images/product/dbe73fe0f7643a913f8730c6e11252ff.256p.jpg,140 mm,Black / White,500 - 1500 RPM,13.62 - 44.2 CFM,19.25 - 23.54 dB,Yes,
Silverstone FW,https://pcpartpicker.com/product/nssmP6/silverstone-sst-fw142-rgb-6054-cfm-140-mm-fan-sst-fw142-rgb,https://cdna.pcpartpicker.com/static/forever/images/product/6e5eed14da2119bf91a178787f11e73e.256p.jpg,140 mm,Black,500 - 1800 RPM,18.77 - 60.54 CFM,18.48 - 23.33 dB,Yes,28.91
Cougar Vortex,https://pcpartpicker.com/product/YdfhP6/cougar-cf-v12fb-367-cfm-120mm-fan-cf-v12fb,https://cdna.pcpartpicker.com/static/forever/images/product/e000c59858c404d81799f6b94d43819d.256p.jpg,120 mm,Black,1200 RPM,36.72 CFM,24.3 dB,No,
Cougar Vortex,https://pcpartpicker.com/product/4pRzK8/cougar-cf-v12fw-367-cfm-120mm-fan-cf-v12fw,https://cdna.pcpartpicker.com/static/forever/images/product/0097a326cd095b560210a077c8dfe599.256p.jpg,120 mm,,1200 RPM,36.72 CFM,24.3 dB,No,
Cougar Vortex,https://pcpartpicker.com/product/fdfhP6/cougar-cf-v12hb-rgb-4354-cfm-120-mm-fan-cf-v12hb-rgb,https://cdna.pcpartpicker.com/static/forever/images/product/e96f2320a47e6aa268dc470c3a053259.256p.jpg,120 mm,Black,600 - 1500 RPM,43.54 CFM,26 dB,Yes,
Cougar Vortex,https://pcpartpicker.com/product/wYhKHx/cougar-cf-v12fr-367-cfm-120mm-fan-cf-v12fr,https://cdna.pcpartpicker.com/static/forever/images/product/bc434867f8b870cdc58547a4d313d519.256p.jpg,120 mm,Black / Red,1200 RPM,36.72 CFM,24.3 dB,No,
Aerocool Project 7 RGB 12,https://pcpartpicker.com/product/m4m323/aerocool-p7-f12-458-cfm-120-mm-fan-p7-f12,https://cdna.pcpartpicker.com/static/forever/images/product/e632af53a980c62ceb1060b53d87ff4b.256p.jpg,120 mm,,1200 RPM,45.8 CFM,14.5 dB,No,
BitFenix Spectre Pro All White,https://pcpartpicker.com/product/fxCD4D/bitfenix-spectre-pro-all-white-1563-cfm-230mm-fan-bff-wpro-23030g-rp,https://cdna.pcpartpicker.com/static/forever/images/product/55106a7f9816f4afcf344acaaf8db692.256p.jpg,230 mm,Clear,900 RPM,156.27 CFM,25.6 dB,No,
Gelid Solutions Silent TC,https://pcpartpicker.com/product/yZKcCJ/gelid-solutions-fn-tx09-20-379-cfm-92mm-fan-fn-tx09-20,https://cdna.pcpartpicker.com/static/forever/images/product/8912fc04f7d2ba1e6e1ce58d78c591d4.256p.jpg,92 mm,Black / White,900 - 2000 RPM,37.89 CFM,11 - 23.5 dB,No,
Enermax T.B. RGB,https://pcpartpicker.com/product/dtBTwP/enermax-uctbrgb12-sg-4753-cfm-120-mm-fan-uctbrgb12-sg,https://cdna.pcpartpicker.com/static/forever/images/product/cd1e65e91d07b50c4f1976e500150940.256p.jpg,120 mm,Black,500 - 1500 RPM,47.53 CFM,22 dB,Yes,
Mars Gaming MFRGBKIT 3-Pack,https://pcpartpicker.com/product/DMQG3C/mars-gaming-mfrgbkit-452-cfm-120-mm-fans-3-pack-mfrgbkit,https://m.media-amazon.com/images/I/51bmfgoTyCL.jpg,120 mm,Black,1200 RPM,45.2 CFM,18 dB,No,
Enermax T.B. RGB 2-Pack,https://pcpartpicker.com/product/QYGxFT/enermax-uctbrgb14-bp2-5689-cfm-140-mm-fans-2-pack-uctbrgb14-bp2,https://cdna.pcpartpicker.com/static/forever/images/product/c097fc0544dcb387aba6363be2bcce10.256p.jpg,140 mm,Black,500 - 1200 RPM,56.89 CFM,21 dB,Yes,
Enermax T.B. RGB,https://pcpartpicker.com/product/KR3H99/enermax-uctbrgb14-sg-5689-cfm-140-mm-fan-uctbrgb14-sg,https://cdna.pcpartpicker.com/static/forever/images/product/6e60d1418904ca1f6fbcbb00344a2e3c.256p.jpg,140 mm,Black,500 - 1200 RPM,56.89 CFM,21 dB,Yes,
Corsair AF120 (2018),https://pcpartpicker.com/product/W7Nv6h/corsair-af120-led-2018-blue-52-cfm-120mm-fan-co-9050081-ww,https://cdna.pcpartpicker.com/static/forever/images/product/0e8c09627429487776eb39168e7be21a.256p.jpg,120 mm,Black / White,1400 RPM,52 CFM,26 dB,No,
Corsair AF140 (2018),https://pcpartpicker.com/product/T3YLrH/corsair-af140-led-2018-blue-62-cfm-140mm-fan-co-9050087-ww,https://cdna.pcpartpicker.com/static/forever/images/product/0e8c09627429487776eb39168e7be21a.256p.jpg,140 mm,Black / White,1150 RPM,62 CFM,26 dB,No,
Phanteks F120SP,https://pcpartpicker.com/product/GJL48d/phanteks-ph-f120sp_bbk-544-cfm-120mm-fan-ph-f120sp_bbk,https://cdna.pcpartpicker.com/static/forever/images/product/afe947ffd3c3e964c5b55efd0397e817.256p.jpg,120 mm,Black,1300 RPM,54.4 CFM,24.2 dB,No,19.98
Antec Prizm,https://pcpartpicker.com/product/jTL48d/antec-prizm-120-rgb-4503-cfm-120-mm-fan-prizm-120-rgb,https://cdna.pcpartpicker.com/static/forever/images/product/db9edb3a30480566e5fa6ec9f8c0b43f.256p.jpg,120 mm,Black,2000 RPM,45.03 CFM,32.6 dB,Yes,
Antec Prizm 3+2+C 3-Pack,https://pcpartpicker.com/product/z47v6h/antec-prizm-120-argb-32c-4503-cfm-120-mm-fans-3-pack-prizm-120-argb-32c,https://cdna.pcpartpicker.com/static/forever/images/product/baf92e57b1a0b20d8dc3f55a6fa4cfb1.256p.jpg,120 mm,Black,2000 RPM,45.03 CFM,32.6 dB,Yes,
Antec Prizm 2+C 2-Pack,https://pcpartpicker.com/product/TKjJ7P/antec-prizm-140-argb-2c-6503-cfm-140-mm-fans-2-pack-prizm-140-argb-2c,https://cdna.pcpartpicker.com/static/forever/images/product/195cf21023fe48c4afbf3a5ea866803d.256p.jpg,140 mm,Black,1700 RPM,65.03 CFM,32 dB,Yes,
In Win CROWN AC140 2-Pack,https://pcpartpicker.com/product/sNdxFT/in-win-crown-ac140-6903-cfm-140-mm-fans-2-pack-crown-ac140-twin,https://m.media-amazon.com/images/I/41-6E2x77ZL.jpg,140 mm,Black / Clear,500 - 1500 RPM,69.03 CFM,18.1 - 32.5 dB,Yes,55.00
Anidees AI AUREOLA 3-Pack,https://pcpartpicker.com/product/RmXnTW/anidees-ai-aureola-352-cfm-120-mm-fans-3-pack-ai-aureola,https://m.media-amazon.com/images/I/41hoMitsp7L.jpg,120 mm,Black,1500 RPM,35.2 CFM,24.7 dB,No,
Anidees AI AUREOLA 3-Pack,https://pcpartpicker.com/product/9DPKHx/anidees-ai-aureola-14-412-cfm-140-mm-fans-3-pack-ai-aureola-14,https://m.media-amazon.com/images/I/41LuRM8nAAL.jpg,140 mm,Black,1200 RPM,41.2 CFM,26.8 dB,No,
RAIJINTEK Iris,https://pcpartpicker.com/product/WQm323/raijintek-iris-12-white-4217-cfm-120mm-fan-0r400039,https://cdna.pcpartpicker.com/static/forever/images/product/303e7ec0fe1fc2e61965070dee202911.256p.jpg,120 mm,,800 - 1800 RPM,42.17 CFM,26.5 dB,Yes,
RAIJINTEK Iris,https://pcpartpicker.com/product/jr448d/raijintek-iris-12-blue-4217-cfm-120mm-fan-0r400041,https://cdna.pcpartpicker.com/static/forever/images/product/1c4d39d261fc2589666bdddc49383cdf.256p.jpg,120 mm,,800 - 1800 RPM,42.17 CFM,26.5 dB,Yes,
RAIJINTEK Iris,https://pcpartpicker.com/product/zVx2FT/raijintek-iris-12-green-4217-cfm-120mm-fan-0r400042,https://cdna.pcpartpicker.com/static/forever/images/product/d9f66751d00ec0c1d1950c14716790af.256p.jpg,120 mm,,800 - 1800 RPM,42.17 CFM,26.5 dB,Yes,
Anidees AI-FAN 2-Pack,https://pcpartpicker.com/product/yvBTwP/anidees-ai-fan-w14-521-cfm-fans-ai-fan-w14,https://cdna.pcpartpicker.com/static/forever/images/product/a98b644ce82fa01b6ce81f98e1db50b9.256p.jpg,140 mm,Clear,1200 RPM,52.1 CFM,23.9 dB,No,
ARCTIC P14 Silent,https://pcpartpicker.com/product/2jw7YJ/arctic-p14-silent-298-cfm-140-mm-fan-acfan00139a,https://cdna.pcpartpicker.com/static/forever/images/product/979a3e336db864813fc8fbd4cbb67369.256p.jpg,140 mm,Black,950 RPM,29.8 CFM,20 dB,No,
Fractal Design Prisma AL,https://pcpartpicker.com/product/mwTPxr/fractal-design-prisma-al-12-5063-cfm-120-mm-fan-fd-fan-pri-al12,https://cdna.pcpartpicker.com/static/forever/images/product/e0d0f880ff9f729494e4085a88ba391c.256p.jpg,120 mm,White / Black,1200 RPM,50.63 CFM,19.5 dB,No,
Fractal Design Prisma AL,https://pcpartpicker.com/product/xpqhP6/fractal-design-prisma-al-14-6333-cfm-140-mm-fan-fd-fan-pri-al14,https://cdna.pcpartpicker.com/static/forever/images/product/f70893bd24869c44bd2cc89d8e14ec3f.256p.jpg,140 mm,White / Black,1000 RPM,63.33 CFM,19.4 dB,No,
Corsair AF140L,https://pcpartpicker.com/product/DhPgXL/corsair-co-8950006-6743-cfm-140-mm-fan-co-8950006,https://cdna.pcpartpicker.com/static/forever/images/product/4a8a85de9ee1548e1afc1021cc16cbe9.256p.jpg,140 mm,Black / Gray,1000 RPM,67.43 CFM,,No,
CRYORIG QF120 Balance,https://pcpartpicker.com/product/HbtKHx/cryorig-qf120-led-balance-59-cfm-120-mm-fan-cr-qfa-led,/static/forever/img/no-image.png,120 mm,Black / White,330 - 1600 RPM,59 CFM,10 - 25 dB,Yes,
CRYORIG QF120 Silent,https://pcpartpicker.com/product/pWGnTW/cryorig-qf120-led-silent-44-cfm-120-mm-fan-cr-qfb-led,/static/forever/img/no-image.png,120 mm,Black / White,200 - 1000 RPM,44 CFM,5 - 19 dB,Yes,
CRYORIG QF120 Performance,https://pcpartpicker.com/product/tH9tt6/cryorig-qf120-led-performance-83-cfm-120-mm-fan-cr-qfc-led,/static/forever/img/no-image.png,120 mm,Black / White,600 - 2200 RPM,83 CFM,13 - 37 dB,Yes,
Anidees AI Tesseract 3-Pack,https://pcpartpicker.com/product/db848d/anidees-ai-tesseract-3054-cfm-120-mm-fans-3-pack-ai-tesseract-3-pack,/static/forever/img/no-image.png,120 mm,Black,600 - 1200 RPM,30.54 CFM,19 dB,Yes,
GameMax Cyclone RGB,https://pcpartpicker.com/product/F6RgXL/gamemax-cyclone-rgb-36-cfm-120-mm-fan-cyclonergb,https://images-eu.ssl-images-amazon.com/images/I/41ff8cG%2BpNL.jpg,120 mm,Black,1100 RPM,36 CFM,25 dB,No,
GameMax Mirage RGB,https://pcpartpicker.com/product/RtpmP6/gamemax-mirage-36-cfm-120-mm-fan-mirage,https://cdna.pcpartpicker.com/static/forever/images/product/44424704772736dcba18ff5b63fdd122.256p.jpg,120 mm,Black,1100 RPM,36 CFM,25 dB,No,
GameMax Mirage White Fins,https://pcpartpicker.com/product/9HBhP6/gamemax-mirage-white-fins-36-cfm-120-mm-fan-miragewhitefins,https://cdna.pcpartpicker.com/static/forever/images/product/4123f77e66bef792dca631ff95c174a1.256p.jpg,120 mm,Black / White,1100 RPM,36 CFM,25 dB,No,
GameMax Velocity ARGB,https://pcpartpicker.com/product/mzNgXL/gamemax-velocity-argb-948-cfm-120-mm-fan-dual-argb-kab-00a,https://cdna.pcpartpicker.com/static/forever/images/product/0b7e73a843f1498f9a3a4ef8b597d6f0.256p.jpg,120 mm,Black / White,1500 RPM,94.8 CFM,23.8 dB,No,
Cooler Master MasterFan SF120M,https://pcpartpicker.com/product/4XbCmG/cooler-master-masterfan-sf120m-62-cfm-120-mm-fan-mfz-b2nn-20npk-r1,https://cdna.pcpartpicker.com/static/forever/images/product/11a3f439507c43180c38af6d257ef4b2.256p.jpg,120 mm,Black,650 - 2000 RPM,35 - 62 CFM,5.5 - 22 dB,Yes,
Cooler Master MasterFan MFR RGB,https://pcpartpicker.com/product/txcRsY/cooler-master-masterfan-mf122r-rgb-49-cfm-120-mm-fan-r4-122r-20pc-r1,https://cdna.pcpartpicker.com/static/forever/images/product/5a1bf2217e30eceb6904ae808fe2fbef.256p.jpg,120 mm,Black,650 - 2000 RPM,49 CFM,30 dB,Yes,
Aerocool LightWave,https://pcpartpicker.com/product/8QRzK8/aerocool-lightwave-120-357-cfm-120-mm-fan-lightwave-120mm,https://cdna.pcpartpicker.com/static/forever/images/product/62c14901ce64e3209993ddb77fe5bf15.256p.jpg,120 mm,Transparent,1800 RPM,35.7 CFM,25 dB,Yes,
Alpenföhn Wing Boost 3 ARGB 3-Pack,https://pcpartpicker.com/product/LpBhP6/alpenfohn-wing-boost-3-120-545-cfm-120-mm-fans-3-pack-84000000161,https://cdna.pcpartpicker.com/static/forever/images/product/69858abfdd3eac43de376d8881ab4549.256p.jpg,120 mm,White,700 - 1600 RPM,54.5 CFM,23.5 dB,Yes,
Alpenföhn Wing Boost 3 ARGB,https://pcpartpicker.com/product/NshmP6/alpenfohn-wing-boost-3-120-545-cfm-120-mm-fan-84000000162,https://cdna.pcpartpicker.com/static/forever/images/product/4e9759e1d1457bda4d3a87c1ab62acab.256p.jpg,120 mm,White,700 - 1600 RPM,54.5 CFM,23.5 dB,Yes,
Alpenföhn Wing Boost 3 ARGB,https://pcpartpicker.com/product/fVWBD3/alpenfohn-wing-boost-3-120-high-speed-779-cfm-120-mm-fan-84000000164,https://cdna.pcpartpicker.com/static/forever/images/product/98fe5b4b057fa346bc703439701d8e94.256p.jpg,120 mm,Black,700 - 2200 RPM,77.9 CFM,36.8 dB,Yes,
Alpenföhn Wing Boost 3 ARGB,https://pcpartpicker.com/product/4PFKHx/alpenfohn-wing-boost-3-120-545-cfm-120-mm-fan-84000000158,https://cdna.pcpartpicker.com/static/forever/images/product/5ae8198888999d60cc1ad8f0406a2696.256p.jpg,120 mm,Black,700 - 1600 RPM,54.5 CFM,23.5 dB,Yes,
Alpenföhn Wing Boost 3 ARGB 3-Pack,https://pcpartpicker.com/product/Yfyqqs/alpenfohn-wing-boost-3-120-545-cfm-120-mm-fans-3-pack-84000000157,https://cdna.pcpartpicker.com/static/forever/images/product/8bc130457678c1f83166eb62b7600d65.256p.jpg,120 mm,Black,700 - 1600 RPM,54.5 CFM,23.5 dB,Yes,
Alpenföhn Wing Boost 3 ARGB 3-Pack,https://pcpartpicker.com/product/CCdrxr/alpenfohn-wing-boost-3-140-789-cfm-140-mm-fans-3-pack-84000000159,https://cdna.pcpartpicker.com/static/forever/images/product/12525fbb0621975655cb1cb2cd12e386.256p.jpg,140 mm,Black,500 - 1500 RPM,78.9 CFM,25.6 dB,Yes,
Apevia FrostBlade 4-Pack,https://pcpartpicker.com/product/bGm323/apevia-fr412l2s-rgb-frostblade-5767-cfm-120-mm-fans-4-pack-fr412l2s-rgb,https://cdna.pcpartpicker.com/static/forever/images/product/909e10683a39d41ce2af2b4bbfa69a5a.256p.jpg,120 mm,Black,1350 RPM,57.67 CFM,24.7 dB,No,
ARCTIC F8 TC,https://pcpartpicker.com/product/dvWBD3/arctic-f8-tc-31-cfm-80-mm-fan-afaco-080t0-gba01,https://cdna.pcpartpicker.com/static/forever/images/product/726f94df2440415c0755c4665eab2752.256p.jpg,80 mm,White / Black,2000 RPM,31 CFM,,No,
ARCTIC F12 TC,https://pcpartpicker.com/product/JTCFf7/arctic-f12-tc-53-cfm-120-mm-fan-afaco-120t0-gba01,https://cdna.pcpartpicker.com/static/forever/images/product/54c46e89d30d701490e995c0bd894a40.256p.jpg,120 mm,White / Black,1350 RPM,53 CFM,,No,
ARCTIC BioniX P120,https://pcpartpicker.com/product/HtpmP6/arctic-bionix-p120-6756-cfm-120-mm-fan-acfan00117a,https://cdna.pcpartpicker.com/static/forever/images/product/1df95921391ca48a96528342029a387a.256p.jpg,120 mm,Yellow / Black,200 - 2100 RPM,67.56 CFM,,Yes,
ARCTIC P8,https://pcpartpicker.com/product/t3ZzK8/arctic-p8-pwm-234-cfm-80-mm-fan-acfan00149a,https://cdna.pcpartpicker.com/static/forever/images/product/87eea1916e7a139f828c53c8824e75ce.256p.jpg,80 mm,Black,200 - 3000 RPM,23.4 CFM,,Yes,
Fractal Design Prisma SL,https://pcpartpicker.com/product/pTH8TW/fractal-design-prisma-sl-12-5063-cfm-120-mm-fan-fd-fan-pri-sl12-rd,https://cdna.pcpartpicker.com/static/forever/images/product/aa2401d6b316e925b490a2096aa97968.256p.jpg,120 mm,Black / White,1200 RPM,50.63 CFM,19.5 dB,No,
Fractal Design Prisma SL,https://pcpartpicker.com/product/thqBD3/fractal-design-prisma-sl-12-5063-cfm-120-mm-fan-fd-fan-pri-sl12-wt,https://cdna.pcpartpicker.com/static/forever/images/product/db357024dbee62d7c93cd28f4ae2bdf4.256p.jpg,120 mm,Black / White,1200 RPM,50.63 CFM,19.5 dB,No,
Fractal Design Prisma SL,https://pcpartpicker.com/product/hWtKHx/fractal-design-prisma-sl-12-5063-cfm-120-mm-fan-fd-fan-pri-sl12-gn,https://cdna.pcpartpicker.com/static/forever/images/product/d91196175a13820276b95bff92005d97.256p.jpg,120 mm,Black / White,1200 RPM,50.63 CFM,19.5 dB,No,
Fractal Design Prisma SL,https://pcpartpicker.com/product/HwgQzy/fractal-design-prisma-sl-12-5063-cfm-120-mm-fan-fd-fan-pri-sl12-bu,https://cdna.pcpartpicker.com/static/forever/images/product/914d33d2555b44f6472b08cbdd24c8cb.256p.jpg,120 mm,Black / White,1200 RPM,50.63 CFM,19.5 dB,No,
Fractal Design Prisma SL,https://pcpartpicker.com/product/g6XYcf/fractal-design-prisma-sl-14-6333-cfm-140-mm-fan-fd-fan-pri-sl14-rd,https://cdna.pcpartpicker.com/static/forever/images/product/f07f1746cb8ea994f899205536533d51.256p.jpg,140 mm,Black / White,1000 RPM,63.33 CFM,19.4 dB,No,
Fractal Design Prisma SL,https://pcpartpicker.com/product/qvVG3C/fractal-design-prisma-sl-14-6333-cfm-140-mm-fan-fd-fan-pri-sl14-wt,https://cdna.pcpartpicker.com/static/forever/images/product/2b1fc161ec94c3d3942258d9296e1d26.256p.jpg,140 mm,Black / White,1000 RPM,63.33 CFM,19.4 dB,No,
Fractal Design Prisma SL,https://pcpartpicker.com/product/DGGnTW/fractal-design-prisma-sl-14-6333-cfm-140-mm-fan-fd-fan-pri-sl14-gn,https://cdna.pcpartpicker.com/static/forever/images/product/abcf2b59c2e581f70b022745de1cb806.256p.jpg,140 mm,Black / White,1000 RPM,63.33 CFM,19.4 dB,No,
Fractal Design Venturi,https://pcpartpicker.com/product/Nxm323/fractal-design-fd-fan-vent-hf14-wt-1182-cfm-140-mm-fan-fd-fan-vent-hf14-wt,https://cdna.pcpartpicker.com/static/forever/images/product/f5ffc28293880998721549687f3fb05a.256p.jpg,140 mm,White / Black,850 - 1200 RPM,78.5 - 118.2 CFM,18.3 - 26.5 dB,No,
Fractal Design Venturi,https://pcpartpicker.com/product/LFhKHx/fractal-design-fd-fan-vent-hp14-pwm-wt-781-cfm-140-mm-fan-fd-fan-vent-hp14-pwm-wt,https://m.media-amazon.com/images/I/41LsQjbYTyL.jpg,140 mm,White / Black,400 - 1500 RPM,24 - 78.1 CFM,10 - 30.1 dB,Yes,
Deepcool XFAN,https://pcpartpicker.com/product/8bPKHx/deepcool-xfan-200bl-8657-cfm-200-mm-fan-xfan-200bl,https://cdna.pcpartpicker.com/static/forever/images/product/fee102c30a5c82ff726673e58a88d01b.256p.jpg,200 mm,Black,700 RPM,86.57 CFM,26.3 dB,No,
Deepcool XFAN,https://pcpartpicker.com/product/xRm323/deepcool-xfan-200rd-8657-cfm-200-mm-fan-xfan-200rd,https://cdna.pcpartpicker.com/static/forever/images/product/f5431f73e40bb7172437fbb69a93616f.256p.jpg,200 mm,Black,700 RPM,86.57 CFM,26.3 dB,No,
Deepcool MF S 3-Pack,https://pcpartpicker.com/product/Tz3H99/deepcool-mf120s-371-cfm-120-mm-fans-3-pack-mf120s,/static/forever/img/no-image.png,120 mm,Silver / Black,400 - 1500 RPM,37.1 CFM,26 dB,Yes,
Rosewill RFA-BL1201,https://pcpartpicker.com/product/BL66Mp/rosewill-rfa-bl1201-352-cfm-120-mm-fan-rfa-bl1201,https://cdna.pcpartpicker.com/static/forever/images/product/47886ced768bc6bc41f71eab1bebd146.256p.jpg,120 mm,Black,1800 RPM,35.2 CFM,26.8 dB,Yes,
Cooler Master MasterFan SFR,https://pcpartpicker.com/product/6PyV3C/cooler-master-masterfan-sf120r-59-cfm-120-mm-fan-mfx-b2nn-20npk-r1,https://cdna.pcpartpicker.com/static/forever/images/product/b0c74f194e0022fbebd71ba002ac1930.256p.jpg,120 mm,Black,650 - 2000 RPM,59 CFM,8 - 30 dB,Yes,
Cougar VORTEX SPB,https://pcpartpicker.com/product/CXH8TW/cougar-vortex-rgb-spb-120-4354-cfm-120-mm-fan-cf-v12spb-rgb,https://cdna.pcpartpicker.com/static/forever/images/product/6f0bb7e30c6a4c3402d9f0185fb7bb6d.256p.jpg,120 mm,Black,600 - 1500 RPM,43.54 CFM,26 dB,Yes,
Cougar VORTEX FCB,https://pcpartpicker.com/product/KXPgXL/cougar-vortex-rgb-fcb-120-3672-cfm-fan-cf-v12fb-rgb,https://cdna.pcpartpicker.com/static/forever/images/product/c50c9cfb6c12e6c534bf79536f23b420.256p.jpg,120 mm,Black,1200 RPM,36.72 CFM,24.3 dB,No,
ARCTIC F8,https://pcpartpicker.com/product/cxgQzy/arctic-f8-pwm-pst-31-cfm-80-mm-fan-f8-pwm-pst,https://cdna.pcpartpicker.com/static/forever/images/product/0a5453b47ca91c9cd7c5095a975cea6a.256p.jpg,80 mm,Black / White,2000 RPM,31 CFM,22.5 dB,Yes,
Silverstone FN,https://pcpartpicker.com/product/jGsmP6/silverstone-sst-fn124-2506-cfm-120-mm-fan-sst-fn124,https://cdna.pcpartpicker.com/static/forever/images/product/499c27b68bcb52471a70acb5bd4e152a.256p.jpg,120 mm,Black,1500 RPM,25.06 CFM,18 dB,No,
Silverstone FW,https://pcpartpicker.com/product/zvzkcf/silverstone-sst-fw124-argb-326-cfm-120-mm-fan-sst-fw124-argb,https://cdna.pcpartpicker.com/static/forever/images/product/2441d5ab93c6b3ba339b83d5697445e8.256p.jpg,120 mm,Black / Transparent,800 - 2000 RPM,13.1 - 32.6 CFM,14.7 - 24.6 dB,Yes,30.85
Cooler Master MasterFan MFL RGB,https://pcpartpicker.com/product/rX2bt6/cooler-master-masterfan-mf120l-rgb-325-cfm-fan-r4-c1ds-12fc-r1,https://cdna.pcpartpicker.com/static/forever/images/product/9a71f05f4b13a269dfdb21cdfb21387d.256p.jpg,120 mm,Black,1200 RPM,32.5 CFM,25 dB,No,
MagniumGear Skiron,https://pcpartpicker.com/product/k7pmP6/metallic-gear-skiron-rgb-120-50-cfm-120-mm-fan-mg-f120prgb_bk,https://m.media-amazon.com/images/I/41d0FydN+qL.jpg,120 mm,Black / White,1500 RPM,50 CFM,29 dB,Yes,
MagniumGear Skiron,https://pcpartpicker.com/product/rLwkcf/metallic-gear-skiron-d-rgb-120-50-cfm-120-mm-fan-mg-f120pdrgb_bk,https://m.media-amazon.com/images/I/41n+LT165rL.jpg,120 mm,Black / White,1500 RPM,50 CFM,29 dB,Yes,
MagniumGear Skiron,https://pcpartpicker.com/product/2YQfrH/metallic-gear-skiron-rgb-140-85-cfm-140-mm-fan-mg-f140prgb_bk,https://m.media-amazon.com/images/I/41P3kOHU8AL.jpg,140 mm,Black / White,1500 RPM,85 CFM,29 dB,Yes,
MagniumGear Skiron,https://pcpartpicker.com/product/brYQzy/metallic-gear-skiron-d-rgb-140-85-cfm-140-mm-fan-mg-f140pdrgb_bk,https://m.media-amazon.com/images/I/41P3kOHU8AL.jpg,140 mm,Black / White,1500 RPM,85 CFM,29 dB,Yes,
Scythe Kaze Flex RGB,https://pcpartpicker.com/product/CZGnTW/scythe-su1225fd12mr-rhp-5117-cfm-120-mm-fan-su1225fd12mr-rhp,https://cdna.pcpartpicker.com/static/forever/images/product/5fa0003c1bd4f3a2267569c34ce05c02.256p.jpg,120 mm,Black / White,300 - 1200 RPM,16.6 - 51.17 CFM,4 - 24.9 dB,Yes,16.95
In Win Sirius Loop ASL,https://pcpartpicker.com/product/ZXWBD3/in-win-sirius-loop-asl120-50-cfm-120-mm-fan-asl120fan-1pk,https://cdna.pcpartpicker.com/static/forever/images/product/e5446b3eb0acfbe50c2dd87a2f029fa9.256p.jpg,120 mm,Black,500 - 1800 RPM,50 CFM,27 dB,Yes,
SilentiumPC Sigma Pro 140,https://pcpartpicker.com/product/y8CFf7/silentiumpc-sigma-pro-140-786-cfm-140-mm-fan-spc137,https://cdna.pcpartpicker.com/static/forever/images/product/0af71b1614b6d04834ce1ffa896fe5c3.256p.jpg,140 mm,Black,500 - 1400 RPM,78.6 CFM,,Yes,
MagniumGear Skiron,https://pcpartpicker.com/product/gRbCmG/metallic-gear-skiron-120-50-cfm-fan-mg-f120p_bbk,https://m.media-amazon.com/images/I/51xhQ4tTbNL.jpg,120 mm,Black,1500 RPM,50 CFM,29 dB,Yes,
Enermax D.F. VEGAS,https://pcpartpicker.com/product/9hJmP6/enermax-df-vegas-12-6192-cfm-120-mm-fan-ucdfv12p-bl,https://m.media-amazon.com/images/I/514B4oBvvyL.jpg,120 mm,Black / Blue,800 - 1500 RPM,33.21 - 61.92 CFM,16 - 22 dB,Yes,
ARCTIC BioniX P140,https://pcpartpicker.com/product/JCn8TW/arctic-bionix-p140-776-cfm-140-mm-fan-acfan00160a,https://cdna.pcpartpicker.com/static/forever/images/product/4e9ef6041805f765a284273452021ce3.256p.jpg,140 mm,White / Gray,200 - 1950 RPM,77.6 CFM,,Yes,27.87
Enermax D.F. Pressure,https://pcpartpicker.com/product/LZ7p99/enermax-ucdfp12p-8543-cfm-120-mm-fan-ucdfp12p,https://m.media-amazon.com/images/I/31IaJUv6JiL.jpg,120 mm,Black,800 - 2000 RPM,33.69 - 85.43 CFM,16 - 27 dB,Yes,
Enermax T.B. Silence,https://pcpartpicker.com/product/C8cRsY/enermax-uctb9-2718-cfm-92-mm-fan-uctb9,https://cdna.pcpartpicker.com/static/forever/images/product/4aedfc109b9bb936ba23b5b3fb415e67.256p.jpg,92 mm,Black,1400 RPM,27.18 CFM,13 dB,No,
Antec SPARK,https://pcpartpicker.com/product/9cK2FT/antec-spark-120-4503-cfm-120-mm-fan-spark-120-rgb,https://cdna.pcpartpicker.com/static/forever/images/product/c446fac347d72c58d40fcdfaa5c90968.256p.jpg,120 mm,Black,2000 RPM,45.03 CFM,32.6 dB,Yes,
RAIJINTEK IRIS 12 RBW ADD-1,https://pcpartpicker.com/product/Pg7p99/raijintek-iris-12-rbw-add-1-358-cfm-120-mm-fan-0r40b00110,https://cdna.pcpartpicker.com/static/forever/images/product/f366379e5323ee88e668869831fd0ed2.256p.jpg,120 mm,White / Black,400 - 1800 RPM,35.8 CFM,28 dB,Yes,
RAIJINTEK IRIS 12 RBW ADD-2 2-Pack,https://pcpartpicker.com/product/JmTzK8/raijintek-iris-12-rbw-add-2-358-cfm-120-mm-fans-2-pack-0r40b00111,https://cdna.pcpartpicker.com/static/forever/images/product/3300da17c67bc5eb49f28ef578d4cb0c.256p.jpg,120 mm,White / Black,400 - 1800 RPM,35.8 CFM,28 dB,Yes,
Scythe Kaze Flex Slim,https://pcpartpicker.com/product/TBK2FT/scythe-kaze-flex-slim-3386-cfm-120-mm-fan-kf1215fd12,https://cdna.pcpartpicker.com/static/forever/images/product/7da5e85ac46fabd9185277eab2ae6672.256p.jpg,120 mm,Gray / Black,1200 RPM,33.86 CFM,23.9 dB,Yes,
Scythe Kaze Flex Slim,https://pcpartpicker.com/product/ZRdrxr/scythe-kaze-flex-slim-5079-cfm-120-mm-fan-kf1215fd18,https://cdna.pcpartpicker.com/static/forever/images/product/9084f9c340c9a0c18ca80a2c968ef2ca.256p.jpg,120 mm,Gray / Black,1800 RPM,50.79 CFM,30 dB,Yes,
Scythe Kaze Flex Slim,https://pcpartpicker.com/product/YTLwrH/scythe-kaze-flex-slim-3386-cfm-120-mm-fan-kf1215fd12-p,https://cdna.pcpartpicker.com/static/forever/images/product/381e2c918c931298cc4b3d8858b3e0b4.256p.jpg,120 mm,Gray / Black,300 - 1200 RPM,8.28 - 33.86 CFM,2.7 - 23.9 dB,Yes,
Scythe Kaze Flex Slim,https://pcpartpicker.com/product/4qvqqs/scythe-kaze-flex-slim-5079-cfm-120-mm-fan-kf1215fd18-p,https://cdna.pcpartpicker.com/static/forever/images/product/9e6b037cb60c532314f4dd880091ba1d.256p.jpg,120 mm,Gray / Black,300 - 1800 RPM,8.28 - 50.79 CFM,2.7 - 30 dB,Yes,
Thermaltake Pure Duo 2-Pack,https://pcpartpicker.com/product/pLGnTW/thermaltake-pure-duo-8223-cfm-140-mm-fans-2-pack-cl-f116-pl14sw-b,https://cdna.pcpartpicker.com/static/forever/images/product/8ee807cbe6de17d094c73aae771b6d33.256p.jpg,140 mm,Black,500 - 1500 RPM,,33.5 dB,Yes,
In Win Saturn ASN120,https://pcpartpicker.com/product/KVkgXL/in-win-saturn-asn120-7717-cfm-120-mm-fan-asn120-1pk,https://cdna.pcpartpicker.com/static/forever/images/product/f00f1d4ba386993abe0606aee3f2c6ca.256p.jpg,120 mm,White / Black,500 - 1800 RPM,,,Yes,
In Win Saturn ASN120 3-Pack,https://pcpartpicker.com/product/Q2JmP6/in-win-saturn-asn120-7717-cfm-120-mm-fans-3-pack-asn120-3pk,https://cdna.pcpartpicker.com/static/forever/images/product/4e93b05ae7cd5cbbd55c267d46f475da.256p.jpg,120 mm,White / Black,500 - 1800 RPM,,,Yes,
EK Vardar X3M 120ER,https://pcpartpicker.com/product/KD9tt6/ek-vardar-x3m-120er-67-cfm-120-mm-fan-3830046996442,https://cdna.pcpartpicker.com/static/forever/images/product/5d4a03b1a27a0cb620dfcf46486fbc7f.256p.jpg,120 mm,Black,,,,Yes,
Scythe Kaze Flex Slim,https://pcpartpicker.com/product/8bBhP6/scythe-kaze-flex-slim-3386-cfm-120-mm-fan-kf1215fd12r-p,/static/forever/img/no-image.png,120 mm,Black / White,300 - 1200 RPM,8.28 - 33.86 CFM,2.7 - 23.9 dB,Yes,
Enermax SquA RGB 3-Pack,https://pcpartpicker.com/product/gx7p99/enermax-squa-rgb-6827-cfm-120-mm-fans-3-pack-ucsqargb12p-w-bp3,https://cdna.pcpartpicker.com/static/forever/images/product/b89972d7e87854de6f66cb4684c147e9.256p.jpg,120 mm,White,300 - 1500 RPM,24.53 - 68.27 CFM,12 - 23 dB,Yes,60.28
CRYORIG Crona,https://pcpartpicker.com/product/7ZkgXL/cryorig-crona-606-cfm-120-mm-fan-cr-crona-s-1,/static/forever/img/no-image.png,120 mm,Black,400 - 1700 RPM,,16.5 - 29.7 dB,Yes,
CRYORIG Crona 3-Pack,https://pcpartpicker.com/product/VCfFf7/cryorig-crona-606-cfm-120-mm-fans-3-pack-cr-crona-s-3,/static/forever/img/no-image.png,120 mm,Black,400 - 1700 RPM,,16.5 - 29.7 dB,Yes,
CRYORIG Crona,https://pcpartpicker.com/product/mWVG3C/cryorig-crona-606-cfm-120-mm-fan-cr-crona-x-1,/static/forever/img/no-image.png,120 mm,White,400 - 1700 RPM,,16.5 - 29.7 dB,Yes,
CRYORIG Crona 3-Pack,https://pcpartpicker.com/product/8XgQzy/cryorig-crona-606-cfm-120-mm-fans-3-pack-cr-crona-x-3,/static/forever/img/no-image.png,120 mm,White,400 - 1700 RPM,,16.5 - 29.7 dB,Yes,
ID-COOLING DF-12025 3-Pack,https://pcpartpicker.com/product/DBsnTW/id-cooling-df-12025-565-cfm-120-mm-fans-3-pack-df-12025-argb-trio,https://m.media-amazon.com/images/I/415cMupTRmL.jpg,120 mm,Black / White,900 - 2000 RPM,56.5 CFM,16.2 - 31.5 dB,Yes,
ID-COOLING DF-12025 3-Pack,https://pcpartpicker.com/product/CjPgXL/id-cooling-df-12025-565-cfm-120-mm-fans-3-pack-df-12025-argb-trio-snow,https://m.media-amazon.com/images/I/41KvRXYIvnL.jpg,120 mm,Black / White,900 - 2000 RPM,56.5 CFM,16.2 - 31.5 dB,Yes,
Cooler Master Silencio FP,https://pcpartpicker.com/product/DkkgXL/cooler-master-silencio-fp-38-cfm-120-mm-fan-r4-sfnl-12fk-r1,https://cdna.pcpartpicker.com/static/forever/images/product/05040467efb52d122db1dd7f286b23bc.256p.jpg,120 mm,Black,1200 RPM,38 CFM,11 dB,No,
Scythe Kaze Flex,https://pcpartpicker.com/product/FbQfrH/scythe-kaze-flex-672-cfm-140-mm-fan-kf1425fd12r-p,/static/forever/img/no-image.png,140 mm,Black / White,300 - 1200 RPM,16.8 - 67.2 CFM,4.19 - 19.4 dB,Yes,
Scythe Kaze Flex,https://pcpartpicker.com/product/3gcRsY/scythe-kaze-flex-1008-cfm-140-mm-fan-kf1425fd18r-p,https://cdna.pcpartpicker.com/static/forever/images/product/91e77215f98574e6169108d8a453190c.256p.jpg,140 mm,Black / White,300 - 1800 RPM,16.8 - 100.8 CFM,4.19 - 26.45 dB,Yes,
Akasa Soho AR,https://pcpartpicker.com/product/FzfnTW/akasa-soho-ar-5291-cfm-120-mm-fan-ak-fn108,https://cdna.pcpartpicker.com/static/forever/images/product/c407c406f2595d4f479d766d90b9b166.256p.jpg,120 mm,Black,500 - 2000 RPM,52.91 CFM,14.2 - 31.8 dB,Yes,29.76
ID-COOLING NO-12015-XT,https://pcpartpicker.com/product/nfnypg/id-cooling-no-12015-xt-546-cfm-120-mm-fan-no-12015-xt,https://cdna.pcpartpicker.com/static/forever/images/product/d7248103b55a500ebf7ccec99ce1af0a.256p.jpg,120 mm,Black,500 - 2000 RPM,54.6 CFM,13.8 - 31.2 dB,Yes,
EK Furious Vardar EVO BB,https://pcpartpicker.com/product/dxxRsY/ek-furious-vardar-evo-bb-144-cfm-140-mm-fan-3831109880074,https://cdna.pcpartpicker.com/static/forever/images/product/55d659f529e328af1439457ee4cfd8f8.256p.jpg,140 mm,Black,2500 RPM,144 CFM,48.4 dB,Yes,
Iceberg Thermal IceGALE,https://pcpartpicker.com/product/V2Tp99/iceberg-thermal-icegale-29-cfm-80-mm-fan-icegale08-b0a,https://cdna.pcpartpicker.com/static/forever/images/product/687b7e93743181ca3cc23b5a08e2d913.256p.jpg,80 mm,Gray / White,800 - 2000 RPM,29 CFM,0 - 26 dB,Yes,
Iceberg Thermal IceGALE,https://pcpartpicker.com/product/kHrRsY/iceberg-thermal-icegale-76-cfm-120-mm-fan-icegale12-c0a,https://cdna.pcpartpicker.com/static/forever/images/product/000d29d4f4e16c70973bb240797252e9.256p.jpg,120 mm,Black / White,500 - 1850 RPM,76 CFM,0 - 35 dB,Yes,
Iceberg Thermal IceGALE,https://pcpartpicker.com/product/bRH7YJ/iceberg-thermal-icegale-96-cfm-140-mm-fan-icegale14-c0a,https://cdna.pcpartpicker.com/static/forever/images/product/889ed49d6760727f609612cabf00e1ef.256p.jpg,140 mm,Black / White,500 - 1600 RPM,96 CFM,0 - 36 dB,Yes,
Iceberg Thermal IceGALE Xtra,https://pcpartpicker.com/product/jRH7YJ/iceberg-thermal-icegale-xtra-37-cfm-80-mm-fan-icegale08d-c0a,https://cdna.pcpartpicker.com/static/forever/images/product/14c17516fe43e9ef66c4faa5258774b2.256p.jpg,80 mm,Black / White,800 - 3000 RPM,37 CFM,0 - 29 dB,Yes,
Iceberg Thermal IceGALE Xtra,https://pcpartpicker.com/product/zXFbt6/iceberg-thermal-icegale-xtra-127-cfm-120-mm-fan-icegale12d-a0a,https://cdna.pcpartpicker.com/static/forever/images/product/f868ab94c7708b092c97212562ab16e0.256p.jpg,120 mm,Teal / White,500 - 3000 RPM,127 CFM,0 - 44 dB,Yes,
Iceberg Thermal IceGALE Xtra,https://pcpartpicker.com/product/BzWzK8/iceberg-thermal-icegale-xtra-127-cfm-120-mm-fan-icegale12d-b0a,https://cdna.pcpartpicker.com/static/forever/images/product/70f36a37d0a4c0b379693308768f7392.256p.jpg,120 mm,Gray / White,500 - 3000 RPM,127 CFM,0 - 44 dB,Yes,
Iceberg Thermal IceGALE Xtra,https://pcpartpicker.com/product/YRH7YJ/iceberg-thermal-icegale-xtra-169-cfm-140-mm-fan-icegale14d-b0a,https://cdna.pcpartpicker.com/static/forever/images/product/2460fbc488abca115de688f3aa915531.256p.jpg,140 mm,Gray / White,500 - 2500 RPM,169 CFM,0 - 47 dB,Yes,
Iceberg Thermal IceGALE ARGB,https://pcpartpicker.com/product/fxt9TW/iceberg-thermal-icegale-argb-94-cfm-120-mm-fan-icegale12a-d0a,https://cdna.pcpartpicker.com/static/forever/images/product/3cdd84feaf7934e9c04c834fa6a8ea57.256p.jpg,120 mm,Teal / White,500 - 2200 RPM,94 CFM,0 - 38 dB,Yes,
Iceberg Thermal IceGALE ARGB,https://pcpartpicker.com/product/NYwypg/iceberg-thermal-icegale-argb-96-cfm-140-mm-fan-icegale14a-d0a,https://cdna.pcpartpicker.com/static/forever/images/product/cbdfc5905ce756de56a6df8136773873.256p.jpg,140 mm,Teal / White,500 - 1600 RPM,96 CFM,0 - 36 dB,Yes,
Iceberg Thermal IceGALE ARGB,https://pcpartpicker.com/product/LdgFf7/iceberg-thermal-icegale-argb-96-cfm-140-mm-fan-icegale14a-e0a,https://cdna.pcpartpicker.com/static/forever/images/product/b2038efc55eef32a3705afc8f4787575.256p.jpg,140 mm,Black / Teal,500 - 1600 RPM,96 CFM,0 - 36 dB,Yes,
Fractal Design Aspect 14 RGB,https://pcpartpicker.com/product/WRzhP6/fractal-design-aspect-14-rgb-41-cfm-140-mm-fan-fd-f-as1-1404,https://cdna.pcpartpicker.com/static/forever/images/product/7651b261b19054e6c9bc67eb219cef4d.256p.jpg,140 mm,Black,1000 RPM,41 CFM,19.5 dB,No,
be quiet! Pure Wings 2,https://pcpartpicker.com/product/xd2WGX/be-quiet-pure-wings-2-6551-cfm-120-mm-fan-bl080,https://cdna.pcpartpicker.com/static/forever/images/product/2775fd8ed54352ad5942046598ebd1bd.256p.jpg,120 mm,Black,2000 RPM,65.51 CFM,35.9 dB,No,
Corsair AF140 ELITE,https://pcpartpicker.com/product/3CQcCJ/corsair-af140-elite-845-cfm-140-mm-fan-co-9050143-ww,https://cdna.pcpartpicker.com/static/forever/images/product/e4abfe694820890b399886832ec8bd55.256p.jpg,140 mm,White / Gray,400 - 1600 RPM,15.3 - 84.5 CFM,31 dB,Yes,
Enermax HF120 3-Pack,https://pcpartpicker.com/product/T4Tp99/enermax-uchf12pargb-wp3-721-cfm-120-mm-fans-3-pack-uchf12pargb-wp3,https://m.media-amazon.com/images/I/41Rw6LenW8S.jpg,120 mm,White,500 - 1600 RPM,22.5 - 72.1 CFM,14 - 27 dB,Yes,
Enermax UCHF12PARGB-W-BP3 3-Pack,https://pcpartpicker.com/product/ZBRYcf/enermax-uchf12pargb-w-bp3-721-cfm-120-mm-fans-3-pack-uchf12pargb-w-bp3,https://cdna.pcpartpicker.com/static/forever/images/product/2cb0dee46c912813cf0e763c75b6ad02.256p.jpg,120 mm,White,500 - 1600 RPM,22.5 - 72.1 CFM,14 - 27 dB,Yes,
Scythe Kaze Flex,https://pcpartpicker.com/product/gQ2bt6/scythe-kaze-flex-5117-cfm-120-mm-fan-su1225fd12mr-rh,https://cdna.pcpartpicker.com/static/forever/images/product/b5b8a7377e0f2d68ee42ab8cd2dcd9e9.256p.jpg,120 mm,Black,1200 RPM,51.17 CFM,24.9 dB,No,
Scythe Kaze Flex,https://pcpartpicker.com/product/K2MTwP/scythe-kaze-flex-4303-cfm-120-mm-fan-su1225fd12lr-rdp,https://cdna.pcpartpicker.com/static/forever/images/product/32e0830ce37fc28c0341c3000834f2c0.256p.jpg,120 mm,Black,300 - 800 RPM,16.6 - 43.03 CFM,4 - 14.05 dB,Yes,
Scythe Kaze Flex,https://pcpartpicker.com/product/QfgQzy/scythe-kaze-flex-7976-cfm-120-mm-fan-su1225fd12hr-rnp,https://m.media-amazon.com/images/I/31fxcpV8oIL.jpg,120 mm,Black,300 - 1800 RPM,16.6 - 79.76 CFM,4 - 35.8 dB,Yes,
In Win Sirius Pure ASP120-1PK,https://pcpartpicker.com/product/dFD7YJ/in-win-sirius-pure-asp120-1pk-50-cfm-120-mm-fan-asp120fan-1pk,/static/forever/img/no-image.png,120 mm,White,500 - 1800 RPM,50 CFM,13 - 27 dB,Yes,
In Win Sirius Pure ASP120-3PK 3-Pack,https://pcpartpicker.com/product/PzVmP6/in-win-sirius-pure-asp120-3pk-50-cfm-120-mm-fans-3-pack-asp120fan-3pk,https://cdna.pcpartpicker.com/static/forever/images/product/ffa56b12c867e4a11e9015317d67c9c8.256p.jpg,120 mm,White,500 - 1800 RPM,50 CFM,13 - 27 dB,Yes,
NZXT F140P (2022),https://pcpartpicker.com/product/ms3gXL/nzxt-f140p-2022-9968-cfm-140-mm-fan-rf-p14ff-w1,https://cdna.pcpartpicker.com/static/forever/images/product/697a251dbd622553477eb40116da097e.256p.jpg,140 mm,White,500 - 1500 RPM,33.22 - 99.68 CFM,19.4 - 32.1 dB,Yes,
NZXT F140Q (2022),https://pcpartpicker.com/product/7LmmP6/nzxt-f140q-2022-101-cfm-140-mm-fan-rf-q14sf-w1,https://cdna.pcpartpicker.com/static/forever/images/product/c518e545490340f19e3deee35cda9773.256p.jpg,140 mm,White,500 - 1200 RPM,42.92 - 101 CFM,18 - 23 dB,Yes,
Thermaltake Pure A12,https://pcpartpicker.com/product/rPPgXL/thermaltake-pure-a12-5645-cfm-120-mm-fan-cl-f109-pl12bu-b,https://m.media-amazon.com/images/I/41ajOHp0cpL.jpg,120 mm,Black,500 - 1500 RPM,,,Yes,
Thermaltake Pure A12,https://pcpartpicker.com/product/2ZhmP6/thermaltake-pure-a12-5645-cfm-120-mm-fan-cl-f109-pl12gr-b,https://m.media-amazon.com/images/I/41qe4Rk2wGL.jpg,120 mm,Black,500 - 1500 RPM,,,Yes,
Thermaltake Pure A12,https://pcpartpicker.com/product/bGyqqs/thermaltake-pure-a12-5645-cfm-120-mm-fan-cl-f109-pl12re-b,https://m.media-amazon.com/images/I/41kHBzZVGiL.jpg,120 mm,Black,500 - 1500 RPM,,,Yes,
Thermaltake Pure A12,https://pcpartpicker.com/product/WjmFf7/thermaltake-pure-a12-5645-cfm-120-mm-fan-cl-f109-pl12wt-b,https://m.media-amazon.com/images/I/41UBLrWsq0L.jpg,120 mm,Black,500 - 1500 RPM,,,Yes,
Thermaltake Pure A14,https://pcpartpicker.com/product/6PPgXL/thermaltake-pure-a14-9315-cfm-140-mm-fan-cl-f110-pl14bu-b,https://m.media-amazon.com/images/I/41ajOHp0cpL.jpg,140 mm,Black,500 - 1500 RPM,,32 dB,Yes,
Thermaltake Pure A14,https://pcpartpicker.com/product/jswkcf/thermaltake-pure-a14-9315-cfm-140-mm-fan-cl-f110-pl14gr-b,https://m.media-amazon.com/images/I/41qe4Rk2wGL.jpg,140 mm,Black,500 - 1500 RPM,,32 dB,Yes,
Thermaltake Pure A14,https://pcpartpicker.com/product/B7K2FT/thermaltake-pure-a14-9315-cfm-140-mm-fan-cl-f110-pl14wt-b,https://m.media-amazon.com/images/I/41UBLrWsq0L.jpg,140 mm,Black,500 - 1500 RPM,,32 dB,Yes,
In Win Sirius Extreme ASE120P,https://pcpartpicker.com/product/nYD7YJ/in-win-sirius-extreme-ase120p-54-cfm-120-mm-fan-iw-fn-ase120-1pk,/static/forever/img/no-image.png,120 mm,Black,400 - 1500 RPM,54 CFM,21 - 25 dB,Yes,
In Win Sirius Extreme ASE120P 3-Pack,https://pcpartpicker.com/product/NKt9TW/in-win-sirius-extreme-ase120p-54-cfm-120-mm-fans-3-pack-iw-fn-ase120-3pk,https://m.media-amazon.com/images/I/41k3aPWlEhL.jpg,120 mm,Black,400 - 1500 RPM,54 CFM,21 - 25 dB,Yes,
In Win Sirius Extreme Pure ASE120P,https://pcpartpicker.com/product/LzVmP6/in-win-sirius-extreme-pure-ase120p-54-cfm-120-mm-fan-iw-fn-ase120p-1pk,/static/forever/img/no-image.png,120 mm,White,400 - 1500 RPM,54 CFM,21 - 25 dB,Yes,
ID-COOLING XF-12025-SW,https://pcpartpicker.com/product/nJLFf7/id-cooling-xf-12025-sw-745-cfm-120-mm-fan-xf-12025-sw,https://cdna.pcpartpicker.com/static/forever/images/product/371b99cdbd188a52d3bca066715241f4.256p.jpg,120 mm,White,700 - 1800 RPM,74.5 CFM,18 - 35.2 dB,Yes,
Scythe Kaze Flex ARGB,https://pcpartpicker.com/product/YVNxFT/scythe-kaze-flex-argb-5117-cfm-120-mm-fan-kf1225fd12ar-p,https://cdna.pcpartpicker.com/static/forever/images/product/482a24d9a8e662799bda6adbdd5cdc69.256p.jpg,120 mm,Black / White,300 - 1200 RPM,16.6 - 51.17 CFM,4 - 24.9 dB,Yes,
Scythe Kaze Flex ARGB,https://pcpartpicker.com/product/4KjBD3/scythe-kaze-flex-argb-6647-cfm-120-mm-fan-kf1225fd15ar-p,/static/forever/img/no-image.png,120 mm,Black / White,300 - 1500 RPM,16.6 - 66.47 CFM,4 - 29.75 dB,Yes,
Scythe Kaze Flex ARGB,https://pcpartpicker.com/product/fJLFf7/scythe-kaze-flex-argb-7976-cfm-120-mm-fan-kf1225fd18ar-p,https://cdna.pcpartpicker.com/static/forever/images/product/482a24d9a8e662799bda6adbdd5cdc69.256p.jpg,120 mm,Black / White,300 - 1800 RPM,16.6 - 79.76 CFM,4 - 35.8 dB,Yes,19.95
Gelid Solutions Silent Pro 14 PWM,https://pcpartpicker.com/product/BMstt6/gelid-solutions-silent-pro-14-pwm-140-mm-fan-fn-px14p-15,https://m.media-amazon.com/images/I/414P49bqCML.jpg,140 mm,Black / White,450 - 1500 RPM,,27.8 dB,Yes,
ID-COOLING CRYSTAL 120 WHITE,https://pcpartpicker.com/product/4WFbt6/id-cooling-crystal-120-white-682-cfm-120-mm-fan-crystal-120-white,https://cdna.pcpartpicker.com/static/forever/images/product/d509d2e924133896dde91ea14fdf4726.256p.jpg,120 mm,White,500 - 1500 RPM,68.2 CFM,13.8 - 30.5 dB,Yes,
ID-COOLING DF-12025-ARGB,https://pcpartpicker.com/product/ktzhP6/id-cooling-df-12025-argb-565-cfm-120-mm-fan-df-12025-argb,https://cdna.pcpartpicker.com/static/forever/images/product/524e7ee157868562a30274f8697818f0.256p.jpg,120 mm,Black,900 - 2000 RPM,56.5 CFM,16.2 - 31.5 dB,Yes,
ID-COOLING DF-12025-ARGB-XT,https://pcpartpicker.com/product/xM92FT/id-cooling-df-12025-argb-xt-565-cfm-120-mm-fan-df-12025-argb-xt,https://cdna.pcpartpicker.com/static/forever/images/product/0949cb1a2af80f042fb2b28d6291ed47.256p.jpg,120 mm,Black / White,900 - 2000 RPM,56.5 CFM,16.2 - 31.5 dB,Yes,
ID-COOLING NO-9215-XT ARGB,https://pcpartpicker.com/product/zc8bt6/id-cooling-no-9215-xt-argb-443-cfm-92-mm-fan-no-9215-xt-argb,https://cdna.pcpartpicker.com/static/forever/images/product/ca838be1659cb7572a1e88a701f22673.256p.jpg,92 mm,Black / White,800 - 2500 RPM,44.3 CFM,14 - 33.4 dB,Yes,
ID-COOLING TF-12025-ARGB,https://pcpartpicker.com/product/WR7G3C/id-cooling-tf-12025-argb-682-cfm-120-mm-fan-tf-12025-argb,https://cdna.pcpartpicker.com/static/forever/images/product/12cefb1b323cbff7494ef7c98630e79a.256p.jpg,120 mm,Black / White,500 - 1500 RPM,68.2 CFM,13.8 - 30.5 dB,Yes,
ID-COOLING TF-12025-ARGB-TRIO 3-Pack,https://pcpartpicker.com/product/ThbTwP/id-cooling-tf-12025-argb-trio-682-cfm-120-mm-fans-3-pack-tf-12025-argb-trio,https://cdna.pcpartpicker.com/static/forever/images/product/db0b9ef4c7f5a31204807313b101fce1.256p.jpg,120 mm,Black / White,500 - 1500 RPM,68.2 CFM,13.8 - 30.5 dB,Yes,
ID-COOLING XF-12025-ARGB-SNOW,https://pcpartpicker.com/product/9zQcCJ/id-cooling-xf-12025-argb-snow-62-cfm-120-mm-fan-xf-12025-argb-snow,/static/forever/img/no-image.png,120 mm,White,700 - 1500 RPM,62 CFM,18 - 26.4 dB,Yes,
ID-COOLING ZF-12025-ARGB-TRIO-SNOW 3-Pack,https://pcpartpicker.com/product/YG92FT/id-cooling-zf-12025-argb-trio-snow-505-cfm-120-mm-fans-3-pack-zf-12025-argb-trio-snow,https://cdna.pcpartpicker.com/static/forever/images/product/ea42abbd050fc07913328b1f786c4178.256p.jpg,120 mm,White,500 - 1600 RPM,50.5 CFM,16.3 - 28.5 dB,Yes,
ID-COOLING XF-12025-RGB (Single),https://pcpartpicker.com/product/FkpzK8/id-cooling-xf-12025-rgb-single-745-cfm-120-mm-fan-xf-12025-rgb-single,https://cdna.pcpartpicker.com/static/forever/images/product/2762d2745a41872b8832ad0a6bf83581.256p.jpg,120 mm,Black / White,700 - 1800 RPM,74.5 CFM,18 - 35.2 dB,Yes,
ID-COOLING XF-12025-RGB-TRIO-SNOW 3-Pack,https://pcpartpicker.com/product/KTQcCJ/id-cooling-xf-12025-rgb-trio-snow-745-cfm-120-mm-fans-3-pack-xf-12025-rgb-trio-snow,https://cdna.pcpartpicker.com/static/forever/images/product/bef28bf893f7011c31caa9f59defecf6.256p.jpg,120 mm,White,700 - 1800 RPM,74.5 CFM,18 - 35.2 dB,Yes,
ID-COOLING NO-12025-XT,https://pcpartpicker.com/product/hXD7YJ/id-cooling-no-12025-xt-7616-cfm-120-mm-fan-no-12025-xt,https://cdna.pcpartpicker.com/static/forever/images/product/cefeb296ce182cfdcf6d6fd635a8f410.256p.jpg,120 mm,Black / White,700 - 1800 RPM,76.16 CFM,15.2 - 32.5 dB,Yes,
ID-COOLING NO-14025K,https://pcpartpicker.com/product/X7QcCJ/id-cooling-no-14025k-768-cfm-140-mm-fan-no-14025k,https://cdna.pcpartpicker.com/static/forever/images/product/2b3e947f6e35a0fc3a6c1a06ce958e9a.256p.jpg,140 mm,Black / Red,800 - 1600 RPM,76.8 CFM,16.8 - 32.6 dB,Yes,
ID-COOLING NO-9215,https://pcpartpicker.com/product/6fQcCJ/id-cooling-no-9215-443-cfm-92-mm-fan-no-9215,https://cdna.pcpartpicker.com/static/forever/images/product/4770852cfb58957369142bab449f3cab.256p.jpg,92 mm,Black / White,700 - 2500 RPM,44.3 CFM,14 - 33 dB,Yes,
ID-COOLING TF-12025-BLACK,https://pcpartpicker.com/product/HFvdnQ/id-cooling-tf-12025-black-7616-cfm-120-mm-fan-tf-12025-black,https://cdna.pcpartpicker.com/static/forever/images/product/9c14fceea7d52f105d29fb7e64b172a9.256p.jpg,120 mm,Black,700 - 1800 RPM,76.16 CFM,15.2 - 35.2 dB,Yes,
ID-COOLING WF-14025,https://pcpartpicker.com/product/TfQcCJ/id-cooling-wf-14025-768-cfm-140-mm-fan-wf-14025,https://cdna.pcpartpicker.com/static/forever/images/product/818cfad3b2b89563a956d7b5c3c4548b.256p.jpg,140 mm,Black / White,800 - 1600 RPM,76.8 CFM,16.8 - 32.6 dB,Yes,
ID-COOLING WF-14025-XT WHITE,https://pcpartpicker.com/product/vG92FT/id-cooling-wf-14025-xt-white-768-cfm-140-mm-fan-wf-14025-xt-white,https://cdna.pcpartpicker.com/static/forever/images/product/e4c110a85aea6f15f080cdb986156de1.256p.jpg,140 mm,Black / White,800 - 1600 RPM,76.8 CFM,16.8 - 32.6 dB,Yes,
ID-COOLING XF-12025-SD-K,https://pcpartpicker.com/product/MHC48d/id-cooling-xf-12025-sd-k-682-cfm-120-mm-fan-xf-12025-sd-k,https://cdna.pcpartpicker.com/static/forever/images/product/57cec4065a9bc7090b489127384131a0.256p.jpg,120 mm,Black,800 - 1500 RPM,68.2 CFM,13.8 - 30.5 dB,Yes,
ID-COOLING XF-12025-SD-W,https://pcpartpicker.com/product/wbbTwP/id-cooling-xf-12025-sd-w-745-cfm-120-mm-fan-xf-12025-sd-w,https://cdna.pcpartpicker.com/static/forever/images/product/21418149d67d4939ec6c784a51441d54.256p.jpg,120 mm,Black / White,700 - 1800 RPM,74.5 CFM,18 - 35.2 dB,Yes,
ID-COOLING FL-12025,https://pcpartpicker.com/product/fL3gXL/id-cooling-fl-12025-45-cfm-120-mm-fan-fl-12025,https://cdna.pcpartpicker.com/static/forever/images/product/1db277f2e973c2af52e5c836a6027bc5.256p.jpg,120 mm,Black / White,1250 RPM,45 CFM,21 dB,No,
ID-COOLING NO-9225-SD,https://pcpartpicker.com/product/zrNxFT/id-cooling-no-9225-sd-285-cfm-92-mm-fan-no-9225-sd,https://cdna.pcpartpicker.com/static/forever/images/product/1d845a1c0e3b28a9a7d152a3878e459f.256p.jpg,92 mm,Black,1500 RPM,28.5 CFM,20 dB,No,
ID-COOLING WF-12025-SD-K ,https://pcpartpicker.com/product/csD7YJ/id-cooling-wf-12025-sd-k-60-cfm-120-mm-fan-wf-12025-sd-k,https://cdna.pcpartpicker.com/static/forever/images/product/e3e0ee77ddee32409f1efd789ae471ca.256p.jpg,120 mm,Black,1600 RPM,60 CFM,27.5 dB,No,
ID-COOLING WF-12025-SD-W,https://pcpartpicker.com/product/CQrRsY/id-cooling-wf-12025-sd-w-60-cfm-120-mm-fan-wf-12025-sd-w,https://cdna.pcpartpicker.com/static/forever/images/product/bf88d8b552d4df4edd1beb2096591cbe.256p.jpg,120 mm,Black / White,1600 RPM,60 CFM,27.5 dB,No,
ID-COOLING TF-12025-SW,https://pcpartpicker.com/product/DvXJ7P/id-cooling-tf-12025-sw-7616-cfm-120-mm-fan-tf-12025-sw,https://cdna.pcpartpicker.com/static/forever/images/product/4f59205e3eb70f6ee43af896fbac5221.256p.jpg,120 mm,White,700 - 1800 RPM,76.16 CFM,15.2 - 35.2 dB,Yes,
ID-COOLING WF-12025-XT-B,https://pcpartpicker.com/product/PkpzK8/id-cooling-wf-12025-xt-b-712-cfm-120-mm-fan-wf-12025-xt-b,https://cdna.pcpartpicker.com/static/forever/images/product/1ff1a727361ed80133e2522bb170fb03.256p.jpg,120 mm,Black,600 - 2200 RPM,71.2 CFM,14 - 35 dB,Yes,
ID-COOLING WF-12025-XT-G,https://pcpartpicker.com/product/s7QcCJ/id-cooling-wf-12025-xt-g-712-cfm-120-mm-fan-wf-12025-xt-g,https://cdna.pcpartpicker.com/static/forever/images/product/be16356be2c86875e9e3ed612e78c5f2.256p.jpg,120 mm,Black,600 - 2200 RPM,71.2 CFM,14 - 35 dB,Yes,
ID-COOLING WF-12025-XT-R,https://pcpartpicker.com/product/d7QcCJ/id-cooling-wf-12025-xt-r-712-cfm-120-mm-fan-wf-12025-xt-r,https://cdna.pcpartpicker.com/static/forever/images/product/da9ada6e5cf870032fd8abc8df5892e6.256p.jpg,120 mm,Black,600 - 2200 RPM,71.2 CFM,14 - 35 dB,Yes,
ID-COOLING WF-12025-XT-W,https://pcpartpicker.com/product/yNddnQ/id-cooling-wf-12025-xt-w-712-cfm-120-mm-fan-wf-12025-xt-w,https://cdna.pcpartpicker.com/static/forever/images/product/561bd45023a86aa5529a0a17dbcff59f.256p.jpg,120 mm,Black,600 - 2200 RPM,71.2 CFM,14 - 35 dB,Yes,
ID-COOLING SF-12025-B,https://pcpartpicker.com/product/Nmwypg/id-cooling-sf-12025-b-62-cfm-120-mm-fan-sf-12025-b,https://cdna.pcpartpicker.com/static/forever/images/product/08593614e22f0e90da85a4e39c6a97cf.256p.jpg,120 mm,Black,700 - 1500 RPM,62 CFM,18 - 26.4 dB,Yes,
ID-COOLING SF-12025-G,https://pcpartpicker.com/product/nvXJ7P/id-cooling-sf-12025-g-62-cfm-120-mm-fan-sf-12025-g,https://cdna.pcpartpicker.com/static/forever/images/product/d2a14fbae322f16218c5853f44676cd7.256p.jpg,120 mm,Black,700 - 1500 RPM,62 CFM,18 - 26.4 dB,Yes,
ID-COOLING SF-12025-R,https://pcpartpicker.com/product/LTQcCJ/id-cooling-sf-12025-r-62-cfm-120-mm-fan-sf-12025-r,https://cdna.pcpartpicker.com/static/forever/images/product/f9721d49c9c27202a4188cf30396960a.256p.jpg,120 mm,Black,700 - 1500 RPM,62 CFM,18 - 26.4 dB,Yes,
ID-COOLING SF-12025-W,https://pcpartpicker.com/product/fBkWGX/id-cooling-sf-12025-w-62-cfm-120-mm-fan-sf-12025-w,https://cdna.pcpartpicker.com/static/forever/images/product/a5e7f831402278c7920fdf138873ac7d.256p.jpg,120 mm,White,700 - 1500 RPM,62 CFM,18 - 26.4 dB,Yes,
ARCTIC P14,https://pcpartpicker.com/product/FZhFf7/arctic-p14-728-cfm-140-mm-fan-acfan00223a,https://cdna.pcpartpicker.com/static/forever/images/product/6e0da95b0ff4fedaf2c0fa6b5a4c1cff.256p.jpg,140 mm,White / Translucent White,200 - 1700 RPM,72.8 CFM,22.5 dB,Yes,
ARCTIC P12,https://pcpartpicker.com/product/Wxdrxr/arctic-p12-563-cfm-120-mm-fan-acfan00171a,https://m.media-amazon.com/images/I/11y2qrCws3L.jpg,120 mm,White,200 - 1800 RPM,56.3 CFM,22.5 dB,Yes,
Fractal Design Venturi HP,https://pcpartpicker.com/product/q9VG3C/fractal-design-venturi-hp-614-cfm-120-mm-fan-fan-vent-hp12-pwm-wt,/static/forever/img/no-image.png,120 mm,Black / White,1800 RPM,61.4 CFM,31.7 dB,Yes,
Scythe Wonder Snail 120,https://pcpartpicker.com/product/r7mmP6/scythe-wonder-snail-120-3773-cfm-120-mm-fan-ws1225fd12-p,/static/forever/img/no-image.png,120 mm,Black,350 - 1200 RPM,8.01 - 37.73 CFM,4 - 18.6 dB,Yes,
Scythe Wonder Snail 120,https://pcpartpicker.com/product/2R2WGX/scythe-wonder-snail-120-5168-cfm-120-mm-fan-ws1225fd18-p,/static/forever/img/no-image.png,120 mm,Black,350 - 1800 RPM,8.01 - 51.68 CFM,4 - 22.9 dB,Yes,
Azza Hurricane,https://pcpartpicker.com/product/yGrRsY/azza-hurricane-5612-cfm-120-mm-fan-fnaz-12rgb-b,/static/forever/img/no-image.png,120 mm,Black / White,1000 - 1800 RPM,56.12 CFM,29.8 dB,Yes,
Azza Hurricane II Digital,https://pcpartpicker.com/product/dB2WGX/azza-hurricane-ii-digital-4306-cfm-120-mm-fan-fnaz-12drgb2-011,https://cdna.pcpartpicker.com/static/forever/images/product/11437729fdfa3aa13984dc4a87e18886.256p.jpg,120 mm,White,1000 - 1800 RPM,43.06 CFM,29 dB,Yes,
Azza Prisma Digital,https://pcpartpicker.com/product/JhVmP6/azza-prisma-digital-521-cfm-120-mm-fan-fnaz-12drgb-011,/static/forever/img/no-image.png,120 mm,Black / White,800 - 1600 RPM,52.1 CFM,31 dB,Yes,
ID-COOLING ZF-12025 Pastel,https://pcpartpicker.com/product/FtjBD3/id-cooling-zf-12025-pastel-552-cfm-120-mm-fan-zf-12025-l,/static/forever/img/no-image.png,120 mm,Yellow,900 - 2000 RPM,55.2 CFM,16.3 - 33.5 dB,Yes,
ARCTIC F,https://pcpartpicker.com/product/jyJgXL/arctic-f-74-cfm-140-mm-fan-acfan00218a,https://cdna.pcpartpicker.com/static/forever/images/product/c58b0b4dcba24352ae7836eadf520234.256p.jpg,140 mm,Black,200 - 1350 RPM,74 CFM,,Yes,
ARCTIC F PST 5-Pack,https://pcpartpicker.com/product/BbqPxr/arctic-f-pst-74-cfm-140-mm-fans-5-pack-acfre00105a,https://m.media-amazon.com/images/I/41T6pGhAchL.jpg,140 mm,Black,200 - 1350 RPM,74 CFM,,Yes,
Antec Fusion 120 ARGB White,https://pcpartpicker.com/product/tg2WGX/antec-fusion-120-argb-white-5793-cfm-120-mm-fan-0-761345-74045-6,https://cdna.pcpartpicker.com/static/forever/images/product/b603aefab001076506b854b675659b6d.256p.jpg,120 mm,White,600 - 2000 RPM,57.93 CFM,17.02 - 31.24 dB,Yes,
ARCTIC F8 PWM PST CO,https://pcpartpicker.com/product/BsqPxr/arctic-f8-pwm-pst-co-31-cfm-80-mm-fan-acfan00206a,https://cdna.pcpartpicker.com/static/forever/images/product/cd1917f148d4ddc23be5e57cd96f8a28.256p.jpg,80 mm,Black,300 - 2000 RPM,31 CFM,,Yes,
ARCTIC F8 Silent,https://pcpartpicker.com/product/Zg2WGX/arctic-f8-silent-151-cfm-80-mm-fan-acfan00245a,https://cdna.pcpartpicker.com/static/forever/images/product/cd1917f148d4ddc23be5e57cd96f8a28.256p.jpg,80 mm,Black,1200 RPM,15.1 CFM,,No,
Thermalright TL-R12,https://pcpartpicker.com/product/yWWzK8/thermalright-tl-r12-6525-cfm-120-mm-fan-tl-r12,https://m.media-amazon.com/images/I/415NuJulJ+L.jpg,120 mm,Black / Gray,400 - 1500 RPM,21.76 - 65.25 CFM,15 - 23 dB,Yes,
Thermalright TL-R12,https://pcpartpicker.com/product/dbWzK8/thermalright-tl-r12-6525-cfm-120-mm-fan-tl-r12a,https://m.media-amazon.com/images/I/41zOCwD6MqL.jpg,120 mm,Black / Gray,400 - 1500 RPM,21.76 - 65.25 CFM,15 - 23 dB,Yes,
Thermalright TL-R12,https://pcpartpicker.com/product/PJjBD3/thermalright-tl-r12-6525-cfm-120-mm-fan-tl-r12b,https://m.media-amazon.com/images/I/41jnexVjASL.jpg,120 mm,Black,400 - 1500 RPM,21.76 - 65.25 CFM,15 - 23 dB,Yes,
Thermalright TL-R12,https://pcpartpicker.com/product/JnZ9TW/thermalright-tl-r12-6525-cfm-120-mm-fan-tl-r12w,https://m.media-amazon.com/images/I/41KWuOQCfKL.jpg,120 mm,White,400 - 1500 RPM,21.76 - 65.25 CFM,15 - 23 dB,Yes,
Thermalright TL-RS12 ARGB,https://pcpartpicker.com/product/v46p99/thermalright-tl-rs12-argb-6525-cfm-120-mm-fan-tl-rs12-argb,/static/forever/img/no-image.png,120 mm,Black / Gray,400 - 1500 RPM,21.76 - 65.25 CFM,15 - 23 dB,Yes,
Scythe Kaze Flex II,https://pcpartpicker.com/product/YbtLrH/scythe-kaze-flex-ii-5294-cfm-120-mm-fan-kfs1225fd12-p,https://m.media-amazon.com/images/I/414ifGAlbdL.jpg,120 mm,Black,300 - 1200 RPM,16.9 - 52.94 CFM,4 - 23.8 dB,Yes,14.95
Cooler Master MOBIUS 120P ARGB 30TH ANNIVERSARY EDITION,https://pcpartpicker.com/product/m7hv6h/cooler-master-mobius-120p-argb-30th-anniversary-edition-752-cfm-120-mm-fan-mfz-m2dy-24np2-r3,https://m.media-amazon.com/images/I/41uX3JS+tfL.jpg,120 mm,Black / Blue,,75.2 CFM,30 dB,Yes,
Jonsbo ZG 3-Pack,https://pcpartpicker.com/product/ffyH99/jonsbo-zg-617-cfm-120-mm-fans-3-pack-zg-120wr3-in-1,/static/forever/img/no-image.png,120 mm,White,500 - 1500 RPM,20.1 - 61.7 CFM,23.8 - 36.8 dB,Yes,
Gelid Solutions Stella Frost,https://pcpartpicker.com/product/bV4Zxr/gelid-solutions-stella-frost-70-cfm-120-mm-fan-fn-stella-02,https://m.media-amazon.com/images/I/31JNvkKTScS.jpg,120 mm,White,500 - 1600 RPM,70 CFM,35 dB,Yes,
Gelid Solutions Stella Infinity,https://pcpartpicker.com/product/WK7scf/gelid-solutions-stella-infinity-70-cfm-120-mm-fan-fn-stella-03,/static/forever/img/no-image.png,120 mm,Black,500 - 1600 RPM,70 CFM,35 dB,Yes,
Gelid Solutions Zodiac,https://pcpartpicker.com/product/zH3NnQ/gelid-solutions-zodiac-655-cfm-120-mm-fan-fn-zodiac-01,https://m.media-amazon.com/images/I/41KRtO-gqiL.jpg,120 mm,Black,700 - 1600 RPM,65.5 CFM,35 dB,Yes,
Gelid Solutions Silent 9,https://pcpartpicker.com/product/pV4Zxr/gelid-solutions-silent-9-3132-cfm-92-mm-fan-fn-px09-16,https://m.media-amazon.com/images/I/417uUanSihL.jpg,92 mm,Black,1500 RPM,31.32 CFM,20 dB,No,
Gelid Solutions Silent 8 PWM,https://pcpartpicker.com/product/Hn26Mp/gelid-solutions-silent-8-pwm-27-cfm-80-mm-fan-fn-px08-21,https://m.media-amazon.com/images/I/417ZfgfOA-L.jpg,80 mm,Black,900 - 2000 RPM,27 CFM,21.5 dB,Yes,
Gelid Solutions Silent 8,https://pcpartpicker.com/product/hYXV3C/gelid-solutions-silent-8-21-cfm-80-mm-fan-fn-px08-16,https://m.media-amazon.com/images/I/41rCzTQFulL.jpg,80 mm,Black,1600 RPM,21 CFM,18.9 dB,No,
Gelid Solutions Silent 14,https://pcpartpicker.com/product/QLyH99/gelid-solutions-silent-14-674-cfm-140-mm-fan-fn-px14-11,https://m.media-amazon.com/images/I/416wPj26KLL.jpg,140 mm,Black,1000 RPM,67.4 CFM,21 dB,No,
Gelid Solutions Silent 12 PWM,https://pcpartpicker.com/product/KNpQzy/gelid-solutions-silent-12-pwm-645-cfm-120-mm-fan-fn-px12-16,https://m.media-amazon.com/images/I/41rZnIYpNhL.jpg,120 mm,Black,750 - 1600 RPM,64.5 CFM,25.5 dB,Yes,
Gelid Solutions Silent 12,https://pcpartpicker.com/product/qw3NnQ/gelid-solutions-silent-12-403-cfm-120-mm-fan-fn-px12-11,https://m.media-amazon.com/images/I/41Q4YUNQtqL.jpg,120 mm,Black,1000 RPM,40.3 CFM,20.2 dB,No,
Gelid Solutions Gale Extreme,https://pcpartpicker.com/product/7yFmP6/gelid-solutions-gale-extreme-195-cfm-120-mm-fan-fn-gale-02,https://m.media-amazon.com/images/I/41pN58iD-QL.jpg,120 mm,Black,500 - 6000 RPM,195 CFM,60 dB,Yes,
Gelid Solutions Gale,https://pcpartpicker.com/product/9yFmP6/gelid-solutions-gale-110-cfm-120-mm-fan-fn-gale-01,/static/forever/img/no-image.png,120 mm,Black,500 - 3500 RPM,110 CFM,45 dB,Yes,
Gelid Solutions Stella 5-Pack,https://pcpartpicker.com/product/8zvD4D/gelid-solutions-stella-70-cfm-120-mm-fans-5-pack-rf-rgb-mp-01,https://m.media-amazon.com/images/I/416dEEBVXlL.jpg,120 mm,Black,500 - 1600 RPM,70 CFM,35 dB,Yes,
In Win Mercury AM120S,https://pcpartpicker.com/product/2x9wrH/in-win-mercury-am120s-6071-cfm-120-mm-fan-iw-fn-am120s-1pk,https://m.media-amazon.com/images/I/4102T4-o6QL.jpg,120 mm,Black / White,400 - 2000 RPM,60.71 CFM,17 - 29 dB,Yes,
EK Quantum Impulse D-RGB,https://pcpartpicker.com/product/fwkH99/ek-quantum-impulse-d-rgb-575-cfm-120-mm-fan-3831109854198,https://cdna.pcpartpicker.com/static/forever/images/product/b490e22bb03f84f88a9519005904eaf0.256p.jpg,120 mm,Black / White,400 - 1800 RPM,57.5 CFM,24.3 dB,Yes,43.55
Thermalright TL-E12,https://pcpartpicker.com/product/3wmNnQ/thermalright-tl-e12-61-cfm-120-mm-fan-tl-e12,https://m.media-amazon.com/images/I/41CWUSVXZ-L.jpg,120 mm,Gray,1500 RPM,61 CFM,24.5 dB,Yes,
Cougar VORTEX VK120,https://pcpartpicker.com/product/QYfxFT/cougar-vortex-vk120-4898-cfm-120-mm-fan-3mvk12010001,https://cdna.pcpartpicker.com/static/forever/images/product/e74c79474c519e494a33b4360b1ddd34.256p.jpg,120 mm,Black,600 - 1500 RPM,48.98 CFM,29.8 dB,Yes,
Thermalright TL-B-S,https://pcpartpicker.com/product/bfjRsY/thermalright-tl-b-s-69-cfm-120-mm-fan-tl-b12-s,https://cdna.pcpartpicker.com/static/forever/images/product/0fd25dafcf285096cf99ee02bfc93979.256p.jpg,120 mm,Black,2150 RPM,69 CFM,28.1 dB,Yes,
Thermalright TL-B12W-S,https://pcpartpicker.com/product/W8vD4D/thermalright-tl-b12w-s-69-cfm-120-mm-fan-tl-b12w-s,/static/forever/img/no-image.png,120 mm,White,2150 RPM,69 CFM,28.1 dB,Yes,
Iceberg Thermal IceGALE 3-Pack,https://pcpartpicker.com/product/Vpn9TW/iceberg-thermal-icegale-76-cfm-120-mm-fans-3-pack-icegale12-c3a,https://cdna.pcpartpicker.com/static/forever/images/product/742eca5af331cbe1374ed4f8371a0b63.256p.jpg,120 mm,Black,500 - 1850 RPM,76 CFM,0 - 35 dB,Yes,
Iceberg Thermal IceGALE 3-Pack,https://pcpartpicker.com/product/7LxxFT/iceberg-thermal-icegale-76-cfm-120-mm-fans-3-pack-icegale12-b3a,https://cdna.pcpartpicker.com/static/forever/images/product/ee15abc55c2351ec56fb1da646222872.256p.jpg,120 mm,Gray,500 - 1850 RPM,76 CFM,0 - 35 dB,Yes,
Iceberg Thermal IceGALE 3-Pack,https://pcpartpicker.com/product/96V2FT/iceberg-thermal-icegale-76-cfm-120-mm-fans-3-pack-icegale12-a3a,https://cdna.pcpartpicker.com/static/forever/images/product/127c40d3980c59d0ca8ec7987009ea4f.256p.jpg,120 mm,Teal,500 - 1850 RPM,76 CFM,0 - 35 dB,Yes,
Iceberg Thermal IceGALE Xtra 3-Pack,https://pcpartpicker.com/product/rFhv6h/iceberg-thermal-icegale-xtra-127-cfm-120-mm-fans-3-pack-icegale12x-b3a,https://cdna.pcpartpicker.com/static/forever/images/product/9335f278cbcd2d7135abcd9d0a9885b6.256p.jpg,120 mm,Gray,500 - 3000 RPM,127 CFM,0 - 44 dB,Yes,
Antec Prizm,https://pcpartpicker.com/product/kVVG3C/antec-prizm-4503-cfm-120-mm-fan-prizm-120-argb,https://m.media-amazon.com/images/I/41RlEHXRZHL.jpg,120 mm,Black,2000 RPM,45.03 CFM,32.6 dB,Yes,
Apevia Arcane RGB 4-Pack,https://pcpartpicker.com/product/pQYQzy/apevia-arcane-rgb-5767-cfm-120-mm-fans-4-pack-ar412l-rgb,/static/forever/img/no-image.png,120 mm,Black / White,1350 RPM,57.67 CFM,24.7 dB,No,
Apevia Arcane RGB 4-Pack,https://pcpartpicker.com/product/tLn8TW/apevia-arcane-rgb-5767-cfm-120-mm-fans-4-pack-ar412l2s-rgb,/static/forever/img/no-image.png,120 mm,Black / White,1350 RPM,57.67 CFM,24.7 dB,No,
Apevia Arcane RGB 6-Pack,https://pcpartpicker.com/product/grXYcf/apevia-arcane-rgb-5767-cfm-120-mm-fans-6-pack-ar612l2s-rgb,/static/forever/img/no-image.png,120 mm,Black / White,1350 RPM,57.67 CFM,24.7 dB,No,
Apevia Lunar Pro 3-Pack,https://pcpartpicker.com/product/nrXJ7P/apevia-lunar-pro-596-cfm-140-mm-fans-3-pack-lp314l-rgb,https://m.media-amazon.com/images/I/51Y60AMZHdL.jpg,140 mm,White / Black,1200 RPM,59.6 CFM,29.4 dB,No,
Apevia Lunar Pro 4-Pack,https://pcpartpicker.com/product/MXddnQ/apevia-lunar-pro-5767-cfm-120-mm-fans-4-pack-lp412l-rgb,/static/forever/img/no-image.png,120 mm,White / Black,1350 RPM,57.67 CFM,24.7 dB,No,
Apevia Lunar Pro 4-Pack,https://pcpartpicker.com/product/RPQcCJ/apevia-lunar-pro-5767-cfm-120-mm-fans-4-pack-lp412l2s-rgb,https://m.media-amazon.com/images/I/515u8bvM6wL.jpg,120 mm,White / Black,1350 RPM,57.67 CFM,24.7 dB,No,
Apevia Lunar Pro 4-Pack,https://pcpartpicker.com/product/rW7G3C/apevia-lunar-pro-596-cfm-140-mm-fans-4-pack-lp414l2s-rgb,https://m.media-amazon.com/images/I/51dv8RmfrnS.jpg,140 mm,White / Black,1200 RPM,59.6 CFM,29.4 dB,No,
Apevia Phoenix 4-Pack,https://pcpartpicker.com/product/yppmP6/apevia-phoenix-5767-cfm-120-mm-fans-4-pack-ph412l-rgb,/static/forever/img/no-image.png,120 mm,White / Black,1350 RPM,57.67 CFM,24.7 dB,No,
Apevia Phoenix 4-Pack,https://pcpartpicker.com/product/dnrYcf/apevia-phoenix-5767-cfm-120-mm-fans-4-pack-ph412l2s-rgb,/static/forever/img/no-image.png,120 mm,White / Black,1350 RPM,57.67 CFM,24.7 dB,No,
Apevia Phoenix 6-Pack,https://pcpartpicker.com/product/PxjNnQ/apevia-phoenix-5767-cfm-120-mm-fans-6-pack-ph612l2s-rgb,/static/forever/img/no-image.png,120 mm,White / Black,1350 RPM,57.67 CFM,24.7 dB,No,
Apevia Twilight 4-Pack,https://pcpartpicker.com/product/9MhmP6/apevia-twilight-5767-cfm-120-mm-fans-4-pack-tl412l2s-rgb,/static/forever/img/no-image.png,120 mm,White / Black,1350 RPM,57.67 CFM,24.7 dB,No,
Athena Power FANC-12025S,https://pcpartpicker.com/product/KMjNnQ/athena-power-fanc-12025s-54-cfm-120-mm-fan-fanc-12025s,/static/forever/img/no-image.png,120 mm,Black,1500 RPM,54 CFM,30 dB,No,
Athena Power FANC-8020S,https://pcpartpicker.com/product/FqGnTW/athena-power-fanc-8020s-32-cfm-80-mm-fan-fanc-8020s,/static/forever/img/no-image.png,80 mm,Black,3000 RPM,32 CFM,28 dB,No,
Thermaltake Pure ARGB Sync TT Premium Edition 3-Pack,https://pcpartpicker.com/product/cLLFf7/thermaltake-pure-argb-sync-tt-premium-edition-5645-cfm-120-mm-fans-3-pack-cl-f127-pl12sw-a,https://cdna.pcpartpicker.com/static/forever/images/product/4bdf9febb0d429a40b643342f2e67a7e.256p.jpg,120 mm,White / Gray,500 - 1500 RPM,56.45 CFM,25.8 dB,Yes,
Phanteks PH-F120MP V2 RADIATOR,https://pcpartpicker.com/product/68WBD3/phanteks-ph-f120mp-v2-radiator-605-cfm-120-mm-fan-ph-f120mp_bk02,https://cdna.pcpartpicker.com/static/forever/images/product/2ff9398972115144a139b03eb4022240.256p.jpg,120 mm,Black / White,500 - 2200 RPM,60.5 CFM,34.2 dB,Yes,
In Win Luna AL120,https://pcpartpicker.com/product/rmhv6h/in-win-luna-al120-8296-cfm-120-mm-fan-iw-fn-al120-1pk,/static/forever/img/no-image.png,120 mm,Black / White,600 - 1800 RPM,82.96 CFM,25 dB,Yes,
ID-COOLING FL-12025,https://pcpartpicker.com/product/G4QKHx/id-cooling-fl-12025-45-cfm-120-mm-fan-fl-12025-white,https://cdna.pcpartpicker.com/static/forever/images/product/18505474aaec037b2eec07d97b3e9eb0.256p.jpg,120 mm,White,,45 CFM,21 dB,No,
ID-COOLING TF-12025-PRO-ARGB,https://pcpartpicker.com/product/WRXV3C/id-cooling-tf-12025-pro-argb-825-cfm-120-mm-fan-tf-12025-pro-argb-white,/static/forever/img/no-image.png,120 mm,White,500 - 1800 RPM,82.5 CFM,35.2 dB,Yes,
ID-COOLING TF-12025-ARGB REVERSE,https://pcpartpicker.com/product/B3QKHx/id-cooling-tf-12025-argb-reverse-632-cfm-120-mm-fan-tf-12025-argb-snow-reverse,https://cdna.pcpartpicker.com/static/forever/images/product/d519d1bfed03fa5513f93f4fb58e7a6d.256p.jpg,120 mm,,500 - 1500 RPM,63.2 CFM,13.8 - 30.5 dB,Yes,
ID-COOLING TF-12025-PRO-ARGB 3-Pack,https://pcpartpicker.com/product/rgcgXL/id-cooling-tf-12025-pro-argb-825-cfm-120-mm-fans-3-pack-tf-12025-pro-argb-trio-white,/static/forever/img/no-image.png,120 mm,White,500 - 1800 RPM,82.5 CFM,35.2 dB,Yes,
ID-COOLING WF-14025-XT ARGB,https://pcpartpicker.com/product/yzwmP6/id-cooling-wf-14025-xt-argb-806-cfm-140-mm-fan-wf-14025-xt-argb,/static/forever/img/no-image.png,140 mm,Black / White,500 - 1600 RPM,80.6 CFM,31.2 dB,Yes,
ID-COOLING WF-14025-XT ARGB,https://pcpartpicker.com/product/dQ26Mp/id-cooling-wf-14025-xt-argb-806-cfm-140-mm-fan-wf-14025-xt-argb-white,/static/forever/img/no-image.png,140 mm,White,500 - 1600 RPM,80.6 CFM,31.2 dB,Yes,
ID-COOLING XF-120,https://pcpartpicker.com/product/Zy26Mp/id-cooling-xf-120-682-cfm-120-mm-fan-xf-120-argb-k,https://cdna.pcpartpicker.com/static/forever/images/product/4fe4a28b5afd9efea97b55791a3b9556.256p.jpg,120 mm,,500 - 1500 RPM,68.2 CFM,13.8 - 30.5 dB,Yes,
ID-COOLING ZF-12025,https://pcpartpicker.com/product/xMYRsY/id-cooling-zf-12025-505-cfm-120-mm-fan-zf-12025-argb-snow,https://cdna.pcpartpicker.com/static/forever/images/product/e54fb37b2ea8f113f0740a4eaf64792a.256p.jpg,120 mm,White,500 - 1600 RPM,50.5 CFM,16.3 - 28.5 dB,Yes,
ID-COOLING ZF-12025,https://pcpartpicker.com/product/ThNYcf/id-cooling-zf-12025-552-cfm-120-mm-fan-zf-12025-purple,https://cdna.pcpartpicker.com/static/forever/images/product/af95eee609fa3699cfb06b0b471eeefa.256p.jpg,120 mm,White / Purple,900 - 2000 RPM,55.2 CFM,16.3 - 33.5 dB,Yes,
ID-COOLING TF-12025-PRO SW,https://pcpartpicker.com/product/hpYRsY/id-cooling-tf-12025-pro-sw-70-cfm-120-mm-fan-tf-12025-pro-sw,https://cdna.pcpartpicker.com/static/forever/images/product/3e98e3e71a345971e0a94b4674d079e4.256p.jpg,120 mm,,300 - 1500 RPM,70 CFM,28.9 dB,Yes,
ID-COOLING TF-12025-PRO,https://pcpartpicker.com/product/ChNYcf/id-cooling-tf-12025-pro-825-cfm-120-mm-fan-tf-12025-pro-white,/static/forever/img/no-image.png,120 mm,,500 - 1800 RPM,82.5 CFM,35.2 dB,Yes,
ID-COOLING TF-12025,https://pcpartpicker.com/product/cKV2FT/id-cooling-tf-12025-7616-cfm-120-mm-fan-tf-12025-white,https://cdna.pcpartpicker.com/static/forever/images/product/6db584c6bd5c729d8b66e0e1b67c5048.256p.jpg,120 mm,White,700 - 1800 RPM,76.16 CFM,15.2 - 35.2 dB,Yes,
ID-COOLING TF-9215,https://pcpartpicker.com/product/gWTZxr/id-cooling-tf-9215-46-cfm-92-mm-fan-tf-9215-w,https://cdna.pcpartpicker.com/static/forever/images/product/c8d957101b33044954dd81c45e3948ad.256p.jpg,92 mm,White,800 - 2800 RPM,46 CFM,35.2 dB,Yes,
ID-COOLING AS-140,https://pcpartpicker.com/product/wQ26Mp/id-cooling-as-140-722-cfm-120-mm-fan-as-140-k,https://cdna.pcpartpicker.com/static/forever/images/product/4099c90282a34421581c2a6cd70578ec.256p.jpg,120 mm,Black,300 - 1800 RPM,72.2 CFM,24.9 dB,Yes,
ID-COOLING NO-12015-XT,https://pcpartpicker.com/product/sNHqqs/id-cooling-no-12015-xt-546-cfm-120-mm-fan-no-12015-xt-black,https://cdna.pcpartpicker.com/static/forever/images/product/9714a37f9aadfbe9a138c351b69d7117.256p.jpg,120 mm,Black,500 - 2000 RPM,54.6 CFM,13.8 - 31.2 dB,Yes,
ID-COOLING WF-14025-XT V2,https://pcpartpicker.com/product/J9ZXsY/id-cooling-wf-14025-xt-v2-768-cfm-140-mm-fan-wf-14025-xt-white-v2,https://cdna.pcpartpicker.com/static/forever/images/product/502140e291aaa8b842082c87effe0c3b.256p.jpg,140 mm,White,800 - 1600 RPM,76.8 CFM,32.6 dB,Yes,
YEYIAN Typhoon 3-Pack,https://pcpartpicker.com/product/pFLdnQ/yeyian-typhoon-36-cfm-120-mm-fans-3-pack-yct-050720r,/static/forever/img/no-image.png,120 mm,Black,1500 RPM,36 CFM,23.5 dB,No,
YEYIAN Typhoon 3-Pack,https://pcpartpicker.com/product/Kkrqqs/yeyian-typhoon-36-cfm-120-mm-fans-3-pack-ytk-120al-01,/static/forever/img/no-image.png,120 mm,Black / White,1000 RPM,36 CFM,23 dB,No,
Xilence Performance C,https://pcpartpicker.com/product/9Mhv6h/xilence-performance-c-6205-cfm-140-mm-fan-xf051,https://m.media-amazon.com/images/I/51SUcMlVx+L.jpg,140 mm,Red / Black,700 - 1500 RPM,62.05 CFM,30 dB,Yes,
Valkyrie X12F,https://pcpartpicker.com/product/CBCZxr/valkyrie-x12f-80-cfm-120-mm-fan-vk-fanx12fw,https://m.media-amazon.com/images/I/31N1GvjzCuL.jpg,120 mm,White,800 - 2150 RPM,80 CFM,29 dB,Yes,20.99
Valkyrie V12,https://pcpartpicker.com/product/yDYRsY/valkyrie-v12-75-cfm-120-mm-fan-vk-fanv12fw,https://cdna.pcpartpicker.com/static/forever/images/product/ce82bf9f80e387771d0ad93ba4a7895a.256p.jpg,120 mm,White,700 - 1850 RPM,75 CFM,34 dB,Yes,16.98
Antec Neo Prizm T3,https://pcpartpicker.com/product/VgkH99/antec-neo-prizm-t3-6986-cfm-120-mm-fan-0-761345-77772-8,https://cdna.pcpartpicker.com/static/forever/images/product/f481c5cafaa3ef45bd38cf4aa0b071a0.256p.jpg,120 mm,Black,600 - 2000 RPM,19.24 - 69.86 CFM,9.73 - 31.62 dB,Yes,
Antec Neo Prizm T3 3-Pack,https://pcpartpicker.com/product/8CGhP6/antec-neo-prizm-t3-6986-cfm-120-mm-fans-3-pack-0-761345-40044-2,/static/forever/img/no-image.png,120 mm,White,600 - 2000 RPM,19.24 - 69.86 CFM,9.73 - 31.62 dB,Yes,
Antec Neo Prizm T3,https://pcpartpicker.com/product/km6NnQ/antec-neo-prizm-t3-8052-cfm-140-mm-fan-0-761345-77774-2,https://cdna.pcpartpicker.com/static/forever/images/product/e5968ad82fbd58efdd69bc6e38e91a4d.256p.jpg,140 mm,Black,600 - 1500 RPM,31.19 - 80.52 CFM,10.52 - 30.4 dB,Yes,
Antec Neo Prizm T3 3-Pack,https://pcpartpicker.com/product/24rqqs/antec-neo-prizm-t3-8052-cfm-140-mm-fans-3-pack-0-761345-40045-9,/static/forever/img/no-image.png,140 mm,White,600 - 1500 RPM,31.19 - 80.52 CFM,10.52 - 30.4 dB,Yes,
Antec Fusion T3,https://pcpartpicker.com/product/WwRwrH/antec-fusion-t3-805-cfm-140-mm-fan-0-761345-77775-9,https://cdna.pcpartpicker.com/static/forever/images/product/8763eeb026f1f5ab30b158e9525f9fcf.256p.jpg,140 mm,Black,600 - 1500 RPM,31.02 - 80.5 CFM,11.17 - 33.57 dB,Yes,
TEAMGROUP T-FORCE RT-S120,https://pcpartpicker.com/product/WgdG3C/teamgroup-t-force-rt-s120-722-cfm-120-mm-fan-tf370501,/static/forever/img/no-image.png,120 mm,Black,600 - 2000 RPM,53.4 - 72.2 CFM,33.8 - 36.8 dB,Yes,
TEAMGROUP T-FORCE RT-S120,https://pcpartpicker.com/product/6GmNnQ/teamgroup-t-force-rt-s120-1041-cfm-140-mm-fan-tf380501,/static/forever/img/no-image.png,140 mm,Black,600 - 2000 RPM,77 - 104.1 CFM,36.97 - 40 dB,Yes,
TEAMGROUP T-FORCE RT-X120,https://pcpartpicker.com/product/j6cgXL/teamgroup-t-force-rt-x120-7112-cfm-120-mm-fan-tf170502,/static/forever/img/no-image.png,120 mm,Black,600 - 2200 RPM,61.4 - 71.12 CFM,27.88 - 39.9 dB,Yes,
TEAMGROUP T-FORCE RT-X120,https://pcpartpicker.com/product/zJCZxr/teamgroup-t-force-rt-x120-7112-cfm-120-mm-fan-tf170602,/static/forever/img/no-image.png,120 mm,White,600 - 2200 RPM,61.4 - 71.12 CFM,27.88 - 39.9 dB,Yes,
Cooler Master MOBIUS,https://pcpartpicker.com/product/MGmNnQ/cooler-master-mobius-765-cfm-140-mm-fan-mfz-m4nk-19npk-r1,/static/forever/img/no-image.png,140 mm,Black,,0 - 76.5 CFM,0 - 30 dB,Yes,
SilentiumPC Corona HP RGB,https://pcpartpicker.com/product/jNnXsY/silentiumpc-corona-hp-rgb-140-mm-fan-spc223,https://m.media-amazon.com/images/I/41fCKcNUdaS.jpg,140 mm,Black,1200 RPM,,,No,
SilentiumPC Corona HP EVO ARGB,https://pcpartpicker.com/product/zFfV3C/silentiumpc-corona-hp-evo-argb-120-mm-fan-spc225,/static/forever/img/no-image.png,120 mm,Black,1500 RPM,,,No,
SilentiumPC Corona HP EVO ARGB,https://pcpartpicker.com/product/BhPv6h/silentiumpc-corona-hp-evo-argb-140-mm-fan-spc227,/static/forever/img/no-image.png,140 mm,Black,1200 RPM,,,No,
SilentiumPC Stella HP RGB,https://pcpartpicker.com/product/TzKnTW/silentiumpc-stella-hp-rgb-140-mm-fan-spc236,https://m.media-amazon.com/images/I/41u+8KwlEKL.jpg,140 mm,Black,250 - 1800 RPM,,,Yes,
SilentiumPC Stella HP ARGB,https://pcpartpicker.com/product/ZzKnTW/silentiumpc-stella-hp-argb-140-mm-fan-spc237,https://m.media-amazon.com/images/I/41m6JuYWh7L.jpg,140 mm,Black,250 - 1800 RPM,,,Yes,
SilentiumPC Stella HP RGB,https://pcpartpicker.com/product/YQzp99/silentiumpc-stella-hp-rgb-120-mm-fan-spc234,https://m.media-amazon.com/images/I/31JeDahuyWL.jpg,120 mm,Black,250 - 2300 RPM,,,Yes,
SilentiumPC Stella HP ARGB,https://pcpartpicker.com/product/fFfV3C/silentiumpc-stella-hp-argb-120-mm-fan-spc286,/static/forever/img/no-image.png,120 mm,Black,1200 RPM,,,No,
SilentiumPC Fluctus,https://pcpartpicker.com/product/n8TFf7/silentiumpc-fluctus-120-mm-fan-spc316,https://cdna.pcpartpicker.com/static/forever/images/product/ee1d36fd523886aeec4515c07de547e7.256p.jpg,120 mm,Black,300 - 1800 RPM,,,Yes,
Scythe Wonder Tornado,https://pcpartpicker.com/product/7ttkcf/scythe-wonder-tornado-7517-cfm-120-mm-fan-wt1225fd25w-p,https://cdna.pcpartpicker.com/static/forever/images/product/7ad4c96e33e717a0bf16fcb920c262f5.256p.jpg,120 mm,White,350 - 2500 RPM,7.68 - 75.17 CFM,3 - 35.57 dB,Yes,13.99
Scythe Wonder Tornado,https://pcpartpicker.com/product/x8TFf7/scythe-wonder-tornado-7517-cfm-120-mm-fan-wt1225fd25ar-p,https://cdna.pcpartpicker.com/static/forever/images/product/2055deae03aca833685e78dd60ff48cc.256p.jpg,120 mm,Black,350 - 2500 RPM,7.68 - 75.17 CFM,3 - 35.57 dB,Yes,19.99
Thermalright TL-C12CW-X28,https://pcpartpicker.com/product/nZJBD3/thermalright-tl-c12cw-x28-733-cfm-120-mm-fan-tl-c12cw-x28,/static/forever/img/no-image.png,120 mm,White,1550 RPM,73.3 CFM,25.4 dB,Yes,
Thermaltake CT140 EX Reverse ARGB Sync 3-Pack,https://pcpartpicker.com/product/zZFCmG/thermaltake-ct140-ex-reverse-argb-sync-9495-cfm-140-mm-fans-3-pack-cl-f228-pl14gs-a,https://cdna.pcpartpicker.com/static/forever/images/product/a8102d1556fe73996fe9baa8aec51d00.256p.jpg,140 mm,Brown,500 - 1800 RPM,94.95 CFM,32.8 dB,Yes,69.98
Thermaltake CT140 EX ARGB Sync 3-Pack,https://pcpartpicker.com/product/QL4Pxr/thermaltake-ct140-ex-argb-sync-903-cfm-140-mm-fans-3-pack-cl-f222-pl14rg-a,https://cdna.pcpartpicker.com/static/forever/images/product/efec9508ad03fed07dca564cad9e278c.256p.jpg,140 mm,Green / Black,500 - 1800 RPM,90.3 CFM,30.7 dB,Yes,69.98
Mars Gaming MF-LINKFINITY,https://pcpartpicker.com/product/BVDnTW/mars-gaming-mf-linkfinity-69-cfm-120-mm-fan-mflinkfinity,https://m.media-amazon.com/images/I/31rDwniFJEL.jpg,120 mm,Black,800 - 2000 RPM,69 CFM,,Yes,40.90
PREYON Falcon Eye,https://pcpartpicker.com/product/TDh2FT/preyon-falcon-eye-49-cfm-120-mm-fan-pee1201b,https://m.media-amazon.com/images/I/41mPCop96cL.jpg,120 mm,Black,800 - 1800 RPM,49 CFM,,Yes,
Thermalright TL-Q12W,https://pcpartpicker.com/product/7qXMnQ/thermalright-tl-q12w-689-cfm-120-mm-fan-tl-q12w,/static/forever/img/no-image.png,120 mm,White,2000 RPM,68.9 CFM,28.2 dB,Yes,
HAVIT Gamenote F2096,https://pcpartpicker.com/product/LzxTwP/havit-gamenote-f2096-615-cfm-120-mm-fan-6222067604999,/static/forever/img/no-image.png,120 mm,Black,650 - 1800 RPM,61.5 CFM,6 - 30 dB,Yes,
HAVIT Gamenote F2096,https://pcpartpicker.com/product/GrCCmG/havit-gamenote-f2096-615-cfm-120-mm-fan-6222067605002,/static/forever/img/no-image.png,120 mm,White,650 - 1800 RPM,61.5 CFM,6 - 30 dB,Yes,
Montech E28,https://pcpartpicker.com/product/xTgZxr/montech-e28-8509-cfm-120-mm-fan-4710562742671,/static/forever/img/no-image.png,120 mm,Black,800 - 2000 RPM,85.09 CFM,34.17 dB,Yes,
Montech E28,https://pcpartpicker.com/product/bydMnQ/montech-e28-8509-cfm-120-mm-fan-4710562744538,/static/forever/img/no-image.png,120 mm,White,800 - 2000 RPM,85.09 CFM,34.17 dB,Yes,
Montech E28 3-Pack,https://pcpartpicker.com/product/WmZWGX/montech-e28-8509-cfm-120-mm-fans-3-pack-4710562749762,/static/forever/img/no-image.png,120 mm,Black,800 - 2000 RPM,85.09 CFM,34.17 dB,Yes,
Montech E28 3-Pack,https://pcpartpicker.com/product/62wD4D/montech-e28-8509-cfm-120-mm-fans-3-pack-4710562741346,/static/forever/img/no-image.png,120 mm,White,800 - 2000 RPM,85.09 CFM,34.17 dB,Yes,
