Name,Manufacturer,Model,Part #,Fan RPM,Noise Level,Color,Height,CPU Socket,Water Cooled,Fanless
Thermalright Peerless Assassin 120 SE,Thermalright ,Peerless Assassin 120 SE , PA120 SE-D3 | PA120 SE | PA120 SE D6-CAD | PA120 SE 1700 | PA120 SE 1700-d6 | 419043 | ,1550 RPM ,25.6 dB ,Black / Silver ,155 mm , AM4 | AM5 | LGA1150 | LGA1151 | LGA1155 | LGA1156 | LGA1200 | LGA1700 | LGA1851 | ,No ,No 
ARCTIC Liquid Freezer III Pro 360,ARCTIC ,Liquid Freezer III Pro 360 ,ACFRE00180A ,600 - 3000 RPM ,,Black ,68 mm , AM4 | AM5 | LGA1700 | LGA1851 | ,Yes - 360 mm ,No 
Cooler Master Hyper 212 Black Edition,Cooler Master ,Hyper 212 Black Edition ,RR-212S-20PK-R1 ,650 - 2000 RPM ,6.5 - 26 dB ,Black ,159 mm , AM2 | AM2+ | AM3 | AM3+ | AM4 | AM5 | FM1 | FM2 | FM2+ | LGA1150 | LGA1151 | LGA1155 | LGA1156 | LGA1200 | LGA1366 | LGA1700 | LGA1851 | LGA2011 | LGA2011-3 | LGA2066 | ,No ,No 
Thermalright Aqua Elite V3,Thermalright ,, Aqua Elite 360 Black V3 | AQUA ELITE 360 V3 | Aqua Elite 360 Black Argb V3 | 814256016346 | ,1500 RPM ,25.6 dB ,Black ,, AM4 | AM5 | LGA1150 | LGA1151 | LGA1155 | LGA1156 | LGA1200 | LGA1700 | LGA1851 | LGA2011 | LGA2011-3 | LGA2066 | ,Yes - 360 mm ,No 
Corsair NAUTILUS 360 RS ARGB,Corsair ,NAUTILUS 360 RS ARGB ,CW-9060093-WW ,2100 RPM ,34 dB ,Black ,, AM4 | AM5 | LGA1700 | LGA1851 | ,Yes - 360 mm ,No 
ARCTIC Liquid Freezer III Pro A-RGB 360,ARCTIC ,Liquid Freezer III Pro A-RGB 360 ,ACFRE00184A ,600 - 3000 RPM ,,Black ,68 mm , AM4 | AM5 | LGA1700 | LGA1851 | ,Yes - 360 mm ,No 
Thermalright Phantom Spirit 120 SE ARGB,Thermalright ,Phantom Spirit 120 SE ARGB , PS120SE ARGB | PS120 SE ARGB D6-CAD | Phantom Spirit 120 SE ARGB | ,1500 RPM ,25.6 dB ,Black / Silver ,154 mm , AM4 | AM5 | LGA1150 | LGA1151 | LGA1155 | LGA1156 | LGA1200 | LGA1700 | LGA1851 | ,No ,No 
ARCTIC Liquid Freezer III Pro A-RGB 360,ARCTIC ,Liquid Freezer III Pro A-RGB 360 ,ACFRE00188A ,600 - 3000 RPM ,,White ,68 mm , AM4 | AM5 | LGA1700 | LGA1851 | ,Yes - 360 mm ,No 
Noctua NH-D15 chromax.black,Noctua ,NH-D15 chromax.black , NH-D15 CHROMAX.BLACK | NH-D15 CH.BK | NH-D15-CH-BK | ,300 - 1500 RPM ,19.2 - 24.6 dB ,Black ,165 mm , AM2 | AM2+ | AM3 | AM3+ | AM4 | AM5 | FM1 | FM2 | FM2+ | LGA1150 | LGA1151 | LGA1155 | LGA1156 | LGA1200 | LGA1700 | LGA1851 | LGA2011 | LGA2011-3 | LGA2066 | ,No ,No 
Thermalright Assassin X 120 Refined SE,Thermalright ,Assassin X 120 Refined SE , AX120 SE-D3 | AX120 Refined SE | ,1550 RPM ,25.6 dB ,Black / Silver ,148 mm , AM4 | AM5 | LGA1150 | LGA1151 | LGA1155 | LGA1156 | LGA1200 | LGA1700 | LGA1851 | ,No ,No 
Thermalright Aqua Elite V3,Thermalright ,, Aqua Elite 240 Black V3 | AQUA ELITE 240 V3 | AQUA ELITE 240 BLACK ARGB V3 | 814256016339 | ,1500 RPM ,25.6 dB ,Black ,, AM4 | AM5 | LGA1150 | LGA1151 | LGA1155 | LGA1156 | LGA1200 | LGA1700 | LGA1851 | LGA2011 | LGA2011-3 | LGA2066 | ,Yes - 240 mm ,No 
be quiet! Dark Rock Pro 5,be quiet! ,,BK036 ,1300 - 2000 RPM ,8.9 - 23.3 dB ,Black ,168 mm , AM4 | AM5 | LGA1150 | LGA1151 | LGA1155 | LGA1156 | LGA1200 | LGA1700 | LGA1851 | ,No ,No 
NZXT Kraken Elite 360 RGB (2024),NZXT ,Kraken Elite 360 RGB (2024) ,RL-KR36E-W2 ,500 - 2400 RPM ,30 dB ,White ,, AM4 | AM5 | LGA1150 | LGA1151 | LGA1155 | LGA1156 | LGA1200 | LGA1700 | LGA1851 | ,Yes - 360 mm ,No 
AMD Wraith Prism,AMD ,,199-999888 ,2800 RPM ,42 dB ,,93 mm , AM4 | AM5 | ,No ,No 
MSI MPG CORELIQUID D360,MSI ,, MPG CORELIQUID D360 | 936-6A1521-001 | ,,,Black ,84 mm , AM4 | AM5 | sTR4 | sTRX4 | LGA1150 | LGA1151 | LGA1155 | LGA1156 | LGA1200 | LGA1700 | LGA1851 | LGA2011 | LGA2011-3 | LGA2066 | ,Yes - 360 mm ,No 
Corsair NAUTILUS 360 RS ARGB,Corsair ,NAUTILUS 360 RS ARGB ,CW-9060095-WW ,2100 RPM ,34 dB ,White ,, AM4 | AM5 | LGA1700 | LGA1851 | ,Yes - 360 mm ,No 
Thermalright Phantom Spirit 120 SE,Thermalright ,Phantom Spirit 120 SE , PS120SE | PS120 SE D6-CAD | PHANTOM-SPIRIT-120-SE | ,1500 RPM ,25.6 dB ,Black / Silver ,154 mm , AM4 | AM5 | LGA1150 | LGA1151 | LGA1155 | LGA1156 | LGA1200 | LGA1700 | LGA1851 | ,No ,No 
Noctua NH-D15,Noctua ,,NH-D15 ,300 - 1500 RPM ,19.2 - 24.6 dB ,,165 mm , AM2 | AM2+ | AM3 | AM3+ | AM4 | AM5 | FM1 | FM2 | FM2+ | LGA1150 | LGA1151 | LGA1155 | LGA1156 | LGA1200 | LGA1700 | LGA1851 | LGA2011 | LGA2011-3 | LGA2066 | ,No ,No 
Corsair iCUE LINK TITAN 360 RX LCD,Corsair ,iCUE LINK TITAN 360 RX LCD ,CW-9061023-WW ,300 - 2100 RPM ,10 - 36 dB ,Black ,, AM4 | AM5 | LGA1700 | LGA1851 | ,Yes - 360 mm ,No 
NZXT Kraken 240,NZXT ,Kraken 240 ,RL-KN240-B1 ,500 - 1800 RPM ,17.9 - 30.6 dB ,Black ,56 mm , AM4 | AM5 | sTR4 | sTRX4 | LGA1150 | LGA1151 | LGA1155 | LGA1156 | LGA1200 | LGA1700 | LGA1851 | ,Yes - 240 mm ,No 
ARCTIC Freezer 36,ARCTIC ,Freezer 36 ,ACFRE00123A ,200 - 1800 RPM ,,Black ,159 mm , AM4 | AM5 | LGA1700 | LGA1851 | ,No ,No 
ARCTIC Liquid Freezer III Pro,ARCTIC ,,ACFRE00178A ,600 - 3000 RPM ,,Black ,68 mm , AM4 | AM5 | LGA1700 | LGA1851 | ,Yes - 240 mm ,No 
Thermalright Peerless Assassin 120 SE ARGB,Thermalright ,Peerless Assassin 120 SE ARGB , PA 120 SE ARGB | PA120 SE ARGB 1700 | PA120 SE ARGB D6-CAD | 419041 | Peerless Assassin 120 SE Argb | 814256003766 | ,1550 RPM ,25.6 dB ,Black ,155 mm , AM4 | AM5 | LGA1150 | LGA1151 | LGA1155 | LGA1156 | LGA1200 | LGA1700 | LGA1851 | ,No ,No 
Asus ROG Ryujin III 360 ARGB Extreme,Asus ,ROG Ryujin III 360 ARGB Extreme , 90RC0131-M0EAY0 | ROG Ryujin III 360 ARGB Extreme | 90RC0131-M0AAY0 | ,1 - 2800 RPM ,36 dB ,Black ,108 mm , AM4 | AM5 | LGA1150 | LGA1151 | LGA1155 | LGA1156 | LGA1200 | LGA1700 | LGA1851 | ,Yes - 360 mm ,No 
NZXT Kraken Elite 360 (2024),NZXT ,Kraken Elite 360 (2024) ,RL-KN36E-B2 ,500 - 2000 RPM ,30 dB ,Black ,, AM4 | AM5 | LGA1150 | LGA1151 | LGA1155 | LGA1156 | LGA1200 | LGA1700 | LGA1851 | ,Yes - 360 mm ,No 
Cooler Master MasterLiquid 360L Core ARGB,Cooler Master ,MasterLiquid 360L Core ARGB ,MLW-D36M-A18PZ-R1 ,350 - 1750 RPM ,27.2 dB ,Black ,47 mm , AM2 | AM2+ | AM3 | AM3+ | AM4 | AM5 | FM1 | FM2 | FM2+ | LGA1150 | LGA1151 | LGA1155 | LGA1156 | LGA1200 | LGA1700 | LGA1851 | ,Yes - 360 mm ,No 
Cooler Master Hyper 212 Spectrum V3,Cooler Master ,Hyper 212 Spectrum V3 ,RR-S4NA-17PA-R1 ,650 - 1750 RPM ,27.2 dB ,Black / Silver ,152 mm , AM4 | AM5 | LGA1150 | LGA1151 | LGA1155 | LGA1156 | LGA1200 | LGA1700 | LGA1851 | ,No ,No 
TRYX PANORAMA SE ARGB,TRYX ,,L-P360L-AM3M-G0K ,500 - 1850 RPM ,,Black ,125 mm , AM4 | AM5 | LGA1150 | LGA1151 | LGA1155 | LGA1156 | LGA1200 | LGA1700 | LGA1851 | ,Yes - 360 mm ,No 
Corsair NAUTILUS 360 RS LCD,Corsair ,NAUTILUS 360 RS LCD ,CW-9061033-WW ,2100 RPM ,10 - 36 dB ,Black ,125 mm , AM4 | AM5 | LGA1150 | LGA1151 | LGA1155 | LGA1156 | LGA1200 | LGA1700 | LGA1851 | ,Yes - 360 mm ,No 
Thermalright Phantom Spirit EVO,Thermalright ,, Phantom Spirit 120 EVO | PS120 EVO | PS120 EVO D6 | 814256015585 | ,2150 RPM ,27 dB ,Black ,157 mm , AM4 | AM5 | LGA1150 | LGA1151 | LGA1155 | LGA1156 | LGA1200 | LGA1700 | LGA1851 | LGA2011 | LGA2011-3 | LGA2066 | ,No ,No 
Thermalright Peerless Assassin 120 SE WHITE ARGB,Thermalright ,Peerless Assassin 120 SE WHITE ARGB , PA120 SE White ARGB | PA120 SE White ARGB-D3 | PA120 SE ARGB White-D1 | PA120 SE WHITE ARGB D6-CAD | ,1550 RPM ,25.6 dB ,White ,155 mm , AM4 | AM5 | LGA1150 | LGA1151 | LGA1155 | LGA1156 | LGA1200 | LGA1700 | LGA1851 | ,No ,No 
Thermalright Assassin X SE,Thermalright ,, AX90SE V2 | AX90SE V2 D6 | Assassin-X-90-SE-V2 | ,2200 RPM ,23.85 dB ,Black / Silver ,118 mm , AM4 | AM5 | LGA1150 | LGA1151 | LGA1155 | LGA1156 | LGA1200 | LGA1700 | LGA1851 | ,No ,No 
Asus ROG Ryuo IV SLC 360 ARGB,Asus ,ROG Ryuo IV SLC 360 ARGB , 90RC0151-B0EAY0 | ROG Ryuo IV SLC 360 ARGB | ,800 - 2650 RPM ,39.6 dB ,Black ,133 mm , AM4 | AM5 | LGA1700 | LGA1851 | ,Yes - 360 mm ,No 
Lian Li Hydroshift LCD 360S,Lian Li ,Hydroshift LCD 360S , HSLCD36SW | GHSLCD36SW | ,200 - 2500 RPM ,29.8 dB ,White ,59 mm , AM4 | AM5 | LGA1700 | LGA1851 | ,Yes - 360 mm ,No 
be quiet! Pure Rock 3,be quiet! ,,BK039 ,2000 RPM ,12.4 - 31.2 dB ,Black ,154 mm , AM4 | AM5 | LGA1150 | LGA1151 | LGA1155 | LGA1156 | LGA1200 | LGA1700 | LGA1851 | ,No ,No 
ID-COOLING SE-214-XT ARGB,ID-COOLING ,,SE-214-XT ARGB ,500 - 1500 RPM ,13.8 - 30.5 dB ,Black ,150 mm , AM4 | AM5 | LGA1150 | LGA1151 | LGA1155 | LGA1156 | LGA1200 | LGA1700 | LGA1851 | ,No ,No 
Noctua NH-L9A-AM5,Noctua ,,NH-L9A-AM5 ,600 - 2500 RPM ,14.8 - 23.6 dB ,Brown / Silver ,37 mm , AM2 | AM2+ | AM3 | AM3+ | AM4 | AM5 | FM1 | FM2 | FM2+ | ,No ,No 
MSI MAG CORELIQUID A13,MSI ,, MAG CORELIQUID A13 240 | 306-7ZWCA11-L80 | MAG CORELIQUID A13 240 Black | ,,,Black ,57 mm , AM4 | AM5 | LGA1700 | LGA1851 | ,Yes - 240 mm ,No 
Thermalright Assassin Spirit 120 EVO,Thermalright ,Assassin Spirit 120 EVO , AS120 EVO | Assassin Spirit 120 EVO | 814256016377 | ,2000 RPM ,28.2 dB ,Black ,156 mm , AM4 | AM5 | LGA1150 | LGA1151 | LGA1155 | LGA1156 | LGA1200 | LGA1700 | LGA1851 | ,No ,No 
TRYX PANORAMA SE ARGB,TRYX ,,L-P360L-AM3M-G0W ,500 - 1850 RPM ,,White ,125 mm , AM4 | AM5 | LGA1150 | LGA1151 | LGA1155 | LGA1156 | LGA1200 | LGA1700 | LGA1851 | ,Yes - 360 mm ,No 
Noctua NH-L9A-AM5 CHROMAX.BLACK,Noctua ,,NH-L9A-AM5 CHROMAX.BLACK ,600 - 2500 RPM ,14.8 - 23.6 dB ,Black ,37 mm , AM2 | AM2+ | AM3 | AM3+ | AM4 | AM5 | FM1 | FM2 | FM2+ | ,No ,No 
NZXT Kraken Z73 RGB,NZXT ,Kraken Z73 RGB ,RL-KRZ73-RW ,500 - 1500 RPM ,22 - 33 dB ,White / Black ,, AM4 | AM5 | sTR4 | sTRX4 | LGA1150 | LGA1151 | LGA1155 | LGA1156 | LGA1200 | LGA1366 | LGA1700 | LGA1851 | LGA2011 | LGA2011-3 | LGA2066 | ,Yes - 360 mm ,No 
Thermalright Frozen Infinity 360 ARGB,Thermalright ,Frozen Infinity 360 ARGB ,Frozen Infinity 360 WHITE ,2000 RPM ,28.2 dB ,White ,60 mm , AM4 | AM5 | LGA1150 | LGA1151 | LGA1155 | LGA1156 | LGA1200 | LGA1700 | LGA1851 | LGA2011 | LGA2011-3 | LGA2066 | ,Yes - 360 mm ,No 
Corsair NAUTILUS 240 RS ARGB,Corsair ,NAUTILUS 240 RS ARGB ,CW-9060092-WW ,2100 RPM ,34 dB ,Black ,, AM4 | AM5 | LGA1700 | LGA1851 | ,Yes - 240 mm ,No 
NZXT Kraken Elite RGB (2025),NZXT ,Kraken Elite 420 RGB (2025) ,RL-KR42E-B2 ,500 - 2000 RPM ,34.5 dB ,Black ,65 mm , AM4 | AM5 | LGA1150 | LGA1151 | LGA1155 | LGA1156 | LGA1200 | LGA1700 | LGA1851 | ,Yes - 420 mm ,No 
Lian Li Hydroshift II LCD-S 360 TL,Lian Li ,Hydroshift II LCD-S 360 TL , GHS2LCDS36TB | HS2LCDS36TB | G89.GHS2LCDS36TB.00 | ,200 - 2600 RPM ,33 dB ,Black ,62 mm , AM4 | AM5 | LGA1700 | LGA1851 | ,Yes - 360 mm ,No 
ID-COOLING FROZN A620 PRO SE,ID-COOLING ,,FROZN A620 PRO SE ,300 - 2000 RPM ,27.2 dB ,Black ,157 mm , AM4 | AM5 | LGA1150 | LGA1151 | LGA1155 | LGA1156 | LGA1200 | LGA1700 | LGA1851 | ,No ,No 
ARCTIC Alpine 23,ARCTIC ,Alpine 23 ,ACALP00035A ,100 - 2000 RPM ,,White / Black ,65 mm , AM4 | AM5 | ,No ,No 
Corsair iCUE LINK TITAN 360 RX LCD,Corsair ,iCUE LINK TITAN 360 RX LCD ,CW-9061026-WW ,300 - 2100 RPM ,10 - 36 dB ,White ,, AM4 | AM5 | LGA1700 | LGA1851 | ,Yes - 360 mm ,No 
MSI MAG CORELIQUID A13,MSI ,, MAG CORELIQUID A13 360 | 306-7ZWDA11-L80 | ,,,Black ,57 mm , AM4 | AM5 | LGA1700 | LGA1851 | ,Yes - 360 mm ,No 
Cooler Master MasterLiquid 240L Core ARGB,Cooler Master ,MasterLiquid 240L Core ARGB ,MLW-D24M-A18PZ-R1 ,350 - 1750 RPM ,27.2 dB ,Black ,47 mm , AM2 | AM2+ | AM3 | AM3+ | AM4 | AM5 | FM1 | FM2 | FM2+ | LGA1150 | LGA1151 | LGA1155 | LGA1156 | LGA1200 | LGA1700 | LGA1851 | ,Yes - 240 mm ,No 
Asus ROG Ryujin III ARGB Extreme,Asus ,, 90RC0132-M0AAY0 | ROG RYUJIN III 360 ARGB EXTREME WHT | 90RC0132-M0EAY0 | ,1 - 2800 RPM ,36 dB ,White ,108 mm , AM4 | AM5 | LGA1150 | LGA1151 | LGA1155 | LGA1156 | LGA1200 | LGA1700 | LGA1851 | ,Yes - 360 mm ,No 
ARCTIC Liquid Freezer III Pro,ARCTIC ,,ACFRE00181A ,400 - 2500 RPM ,,Black ,68 mm , AM4 | AM5 | LGA1700 | LGA1851 | ,Yes - 420 mm ,No 
Noctua NH-D15 G2 chromax.black,Noctua ,,NH-D15 G2 chromax.black ,,0 - 24.8 dB ,Black ,168 mm , AM4 | AM5 | LGA1150 | LGA1151 | LGA1155 | LGA1156 | LGA1200 | LGA1700 | LGA1851 | ,No ,No 
Thermalright Frozen Notte ARGB,Thermalright ,, Frozen Notte 360 BLACK ARGB-D1 | Frozen Notte 360 BLACK ARGB D6 | Frozen Notte 360 BLACK ARGB | ,2000 RPM ,27.7 dB ,Black ,, AM2 | AM2+ | AM3 | AM3+ | AM4 | AM5 | FM1 | FM2 | FM2+ | LGA1150 | LGA1151 | LGA1155 | LGA1156 | LGA1200 | LGA1700 | LGA1851 | LGA2011 | LGA2011-3 | LGA2066 | ,Yes - 360 mm ,No 
Noctua NH-L9x65 chromax.black,Noctua ,, NH-L9x65 chromax.black | NH-L9x65 ch.bk | NH-L9x65chromaxblack | NH-L9X65-CH-BK | NOCTUA NH-L9X65 CHROMAX.BLACK | ,600 - 2500 RPM ,14.8 - 23.6 dB ,Black ,65 mm , AM2 | AM2+ | AM3 | AM3+ | AM4 | AM5 | FM1 | FM2 | FM2+ | LGA1150 | LGA1151 | LGA1155 | LGA1156 | LGA1200 | LGA1700 | LGA1851 | ,No ,No 
be quiet! Silent Loop 3,be quiet! ,,BW025 ,2500 RPM ,19.8 - 38.8 dB ,Black ,94 mm , AM4 | AM5 | sTR4 | sTRX4 | LGA1150 | LGA1151 | LGA1155 | LGA1156 | LGA1200 | LGA1700 | LGA1851 | ,Yes - 360 mm ,No 
Intel E97379-001,Intel ,,E97379-001 ,1200 - 2800 RPM ,22 dB ,Silver / Black ,51 mm , LGA1150 | LGA1151 | LGA1155 | LGA1156 | LGA1200 | ,No ,No 
Deepcool AK400,Deepcool ,AK400 ,R-AK400-BKNNMN-G-1 ,500 - 1850 RPM ,29 dB ,Black / Silver ,155 mm , AM4 | AM5 | LGA1150 | LGA1151 | LGA1155 | LGA1156 | LGA1200 | LGA1700 | LGA1851 | ,No ,No 
NZXT Kraken Plus 360,NZXT ,Kraken Plus 360 ,RL-KN360-B2 ,500 - 2000 RPM ,30 dB ,Black ,56 mm , AM4 | AM5 | LGA1150 | LGA1151 | LGA1155 | LGA1156 | LGA1200 | LGA1700 | LGA1851 | ,Yes - 360 mm ,No 
Corsair NAUTILUS 360 RS,Corsair ,NAUTILUS 360 RS ,CW-9060089-WW ,2100 RPM ,34 dB ,Black ,, AM4 | AM5 | LGA1700 | LGA1851 | ,Yes - 360 mm ,No 
Thermalright AXP90-X47,Thermalright ,,AXP90-X47 BLACK ,2700 RPM ,22.4 dB ,Black ,47 mm , AM4 | AM5 | LGA1150 | LGA1151 | LGA1155 | LGA1156 | LGA1200 | LGA1700 | LGA1851 | ,No ,No 
Thermalright Aqua Elite V3,Thermalright ,,Aqua Elite 360 White V3 ,1500 RPM ,25.6 dB ,White ,, AM4 | AM5 | LGA1150 | LGA1151 | LGA1155 | LGA1156 | LGA1200 | LGA1700 | LGA1851 | LGA2011 | LGA2011-3 | LGA2066 | ,Yes - 360 mm ,No 
Thermalright Peerless Assassin 120 White,Thermalright ,Peerless Assassin 120 White , PA120 White | PA120 WHITE D6-CAD | ,1550 RPM ,25.6 dB ,White ,157 mm , AM4 | AM5 | LGA1150 | LGA1151 | LGA1155 | LGA1156 | LGA1200 | LGA1700 | LGA1851 | LGA2011 | LGA2011-3 | LGA2066 | ,No ,No 
Corsair iCUE LINK TITAN 360 RX RGB,Corsair ,iCUE LINK TITAN 360 RX RGB ,CW-9061018-WW ,300 - 2100 RPM ,,Black ,, AM4 | AM5 | LGA1700 | LGA1851 | ,Yes - 360 mm ,No 
Thermalright AQUA ELITE ARGB V4,Thermalright ,,AQUA ELITE 360 ARGB V4 ,1550 RPM ,25.6 dB ,Black ,48 mm , AM2 | AM2+ | AM3 | AM3+ | AM4 | AM5 | FM1 | FM2 | FM2+ | LGA1150 | LGA1151 | LGA1155 | LGA1156 | LGA1200 | LGA1700 | LGA1851 | LGA2011 | LGA2011-3 | LGA2066 | ,Yes - 360 mm ,No 
be quiet! Pure Rock Pro 3,be quiet! ,,BK042 ,2000 RPM ,14 - 34.8 dB ,Black ,155 mm , AM4 | AM5 | LGA1150 | LGA1151 | LGA1155 | LGA1156 | LGA1200 | LGA1700 | LGA1851 | ,No ,No 
Lian Li Galahad II Trinity SL-INF,Lian Li ,, GA2T36INB | G89.GA2T36INB.00 | ,2100 RPM ,29 dB ,Black ,69 mm , AM4 | AM5 | LGA1150 | LGA1151 | LGA1155 | LGA1156 | LGA1200 | LGA1700 | LGA1851 | ,Yes - 360 mm ,No 
Thermalright Assassin X 120 R Digital ARGB,Thermalright ,Assassin X 120 R Digital ARGB ,Assassin X 120 R Digital ARGB BLACK ,2000 RPM ,29.8 dB ,Black ,151 mm , AM4 | AM5 | LGA1150 | LGA1151 | LGA1155 | LGA1156 | LGA1200 | LGA1700 | LGA1851 | ,No ,No 
Noctua NH-U12A chromax.black,Noctua ,, NH-U12A chromax.black | NH-U12A ch.bk | ,450 - 2000 RPM ,18.8 - 22.6 dB ,Black ,158 mm , AM2 | AM2+ | AM3 | AM3+ | AM4 | AM5 | FM1 | FM2 | FM2+ | LGA1150 | LGA1151 | LGA1155 | LGA1156 | LGA1200 | LGA1700 | LGA1851 | LGA2011 | LGA2011-3 | LGA2066 | ,No ,No 
Thermalright Assassin X Refined SE RGB V2,Thermalright ,, AX120R SE V2 D6 | AX120 REFINED SE V2 | ,1550 RPM ,25.6 dB ,Black / Silver ,148 mm , AM4 | AM5 | LGA1150 | LGA1151 | LGA1155 | LGA1156 | LGA1200 | LGA1700 | LGA1851 | ,No ,No 
TRYX PANORAMA ARGB (2025),TRYX ,,L-P360A-AS3M-G1K ,500 - 1850 RPM ,28.87 dB ,Black ,118 mm , AM4 | AM5 | LGA1150 | LGA1151 | LGA1155 | LGA1156 | LGA1200 | LGA1700 | LGA1851 | ,Yes - 360 mm ,No 
Iceberg Thermal IceFLOE T95,Iceberg Thermal ,IceFLOE T95 ,ICEFLOE95-00A ,1000 - 2200 RPM ,32.3 dB ,Teal / Silver ,78 mm , AM2 | AM2+ | AM3 | AM3+ | AM4 | AM5 | FM1 | FM2 | FM2+ | LGA775 | LGA1150 | LGA1151 | LGA1155 | LGA1156 | LGA1200 | LGA1366 | ,No ,No 
Cooler Master Hyper 212 RGB Black Edition,Cooler Master ,Hyper 212 RGB Black Edition ,RR-212S-20PC-R1 ,650 - 2000 RPM ,8 - 30 dB ,Black ,159 mm , AM2 | AM2+ | AM3 | AM3+ | AM4 | AM5 | FM1 | FM2 | FM2+ | LGA1150 | LGA1151 | LGA1155 | LGA1156 | LGA1200 | LGA1366 | LGA1700 | LGA1851 | LGA2011 | LGA2011-3 | LGA2066 | ,No ,No 
NZXT Kraken Elite 360 RGB (2024),NZXT ,Kraken Elite 360 RGB (2024) ,RL-KR36E-B2 ,500 - 2400 RPM ,30 dB ,Black ,, AM4 | AM5 | LGA1150 | LGA1151 | LGA1155 | LGA1156 | LGA1200 | LGA1700 | LGA1851 | ,Yes - 360 mm ,No 
Thermalright AXP90-X36,Thermalright ,,AXP90-X36 ,2700 RPM ,22.4 dB ,Gray ,36 mm , AM4 | AM5 | LGA1150 | LGA1151 | LGA1155 | LGA1156 | LGA1200 | LGA1700 | LGA1851 | ,No ,No 
Thermalright Aqua Elite ARGB V6,Thermalright ,, Aqua Elite 360 ARGB BLACK V6 | AQUA ELITE 360 V6 ARGB Black | AE360 V6 ARGB B D6 | ,2000 RPM ,29.8 dB ,Black ,54 mm , AM4 | AM5 | LGA1150 | LGA1151 | LGA1155 | LGA1156 | LGA1200 | LGA1700 | LGA1851 | ,Yes - 360 mm ,No 
Thermalright Frozen Infinity 360 ARGB,Thermalright ,Frozen Infinity 360 ARGB ,Frozen Infinity 360 BLACK ,2000 RPM ,28.2 dB ,Black ,60 mm , AM4 | AM5 | LGA1150 | LGA1151 | LGA1155 | LGA1156 | LGA1200 | LGA1700 | LGA1851 | LGA2011 | LGA2011-3 | LGA2066 | ,Yes - 360 mm ,No 
Lian Li Hydroshift LCD 360S,Lian Li ,Hydroshift LCD 360S , HSLCD36SB | GHSLCD36SB | ,200 - 2500 RPM ,29.8 dB ,Black ,59 mm , AM4 | AM5 | LGA1700 | LGA1851 | ,Yes - 360 mm ,No 
Noctua NH-D15 G2,Noctua ,,NH-D15 G2 ,1500 RPM ,24.8 dB ,Brown / Silver ,168 mm , AM2 | AM2+ | AM3 | AM3+ | AM4 | AM5 | FM1 | FM2 | FM2+ | LGA1150 | LGA1151 | LGA1155 | LGA1156 | LGA1200 | LGA1700 | LGA1851 | ,No ,No 
Corsair NAUTILUS 360 RS LCD,Corsair ,NAUTILUS 360 RS LCD ,CW-9061034-WW ,2100 RPM ,10 - 36 dB ,White ,125 mm , AM4 | AM5 | LGA1150 | LGA1151 | LGA1155 | LGA1156 | LGA1200 | LGA1700 | LGA1851 | ,Yes - 360 mm ,No 
TRYX PANORAMA ARGB (2025),TRYX ,,L-P360A-AS3M-G1W ,500 - 1850 RPM ,28.87 dB ,White ,118 mm , AM4 | AM5 | LGA1150 | LGA1151 | LGA1155 | LGA1156 | LGA1200 | LGA1700 | LGA1851 | ,Yes - 360 mm ,No 
Noctua NH-D9L,Noctua ,,NH-D9L ,400 - 2000 RPM ,16.3 - 22.8 dB ,,110 mm , AM2 | AM2+ | AM3 | AM3+ | AM4 | AM5 | FM1 | FM2 | FM2+ | LGA1150 | LGA1151 | LGA1155 | LGA1156 | LGA1200 | LGA1700 | LGA1851 | LGA2011 | LGA2011-3 | LGA2066 | ,No ,No 
Thermalright Phantom Spirit 120 SE,Thermalright ,Phantom Spirit 120 SE , PS120SE Black | Phantom Spirit 120 SE BLACK | ,1500 RPM ,25.6 dB ,Black ,154 mm , AM4 | AM5 | LGA1150 | LGA1151 | LGA1155 | LGA1156 | LGA1200 | LGA1700 | LGA1851 | ,No ,No 
Lian Li Hydroshift II LCD-C TL,Lian Li ,, GHS2LCD36TW | G89.GHS2LCD36TW.00 | HS2LCD36TW | ,200 - 2600 RPM ,33 dB ,White ,69 mm , AM4 | AM5 | LGA1700 | LGA1851 | ,Yes - 360 mm ,No 
Corsair iCUE H150i ELITE CAPELLIX,Corsair ,iCUE H150i ELITE CAPELLIX ,CW-9060048-WW ,2400 RPM ,10 - 37 dB ,Black ,, AM2 | AM2+ | AM3 | AM3+ | AM4 | AM5 | sTR4 | sTRX4 | FM1 | FM2 | FM2+ | LGA1150 | LGA1151 | LGA1155 | LGA1156 | LGA1200 | LGA1366 | LGA1700 | LGA1851 | LGA2011 | LGA2011-3 | LGA2066 | ,Yes - 360 mm ,No 
ARCTIC Liquid Freezer III Pro,ARCTIC ,,ACFRE00179A ,400 - 2500 RPM ,,Black ,68 mm , AM4 | AM5 | LGA1700 | LGA1851 | ,Yes - 280 mm ,No 
Thermalright Assassin X Refined SE ARGB,Thermalright ,, AX120R SE ARGB D6-CAD | Assassin X 120 Refined SE ARGB | AX120 R SE ARGB 1700 | 814256003780 | ,1550 RPM ,25.6 dB ,Black / Silver ,148 mm , AM4 | AM5 | LGA1150 | LGA1151 | LGA1155 | LGA1156 | LGA1200 | LGA1700 | LGA1851 | ,No ,No 
Thermalright Assassin X Refined SE RGB,Thermalright ,,AX120 Refined SE ARGB ,1550 RPM ,25.6 dB ,Black / Silver ,148 mm , AM4 | AM5 | LGA1150 | LGA1151 | LGA1155 | LGA1156 | LGA1200 | LGA1700 | LGA1851 | ,No ,No 
Noctua NH-U12S chromax.black,Noctua ,, NH-U12S chromax.black | NH-U12S CH.BK | NH-U12S-CH-BK | ,300 - 1500 RPM ,18.6 - 22.4 dB ,Black ,158 mm , AM2 | AM2+ | AM3 | AM3+ | AM4 | AM5 | FM1 | FM2 | FM2+ | LGA1150 | LGA1151 | LGA1155 | LGA1156 | LGA1200 | LGA1700 | LGA1851 | LGA2011 | LGA2011-3 | LGA2066 | ,No ,No 
Thermaltake Gravity i2,Thermaltake ,Gravity i2 ,CLP0556-D ,1800 RPM ,21.3 dB ,,63 mm , LGA1150 | LGA1151 | LGA1155 | LGA1156 | LGA1200 | ,No ,No 
be quiet! Silent Loop 3,be quiet! ,,BW026 ,1900 RPM ,19.4 - 34.3 dB ,Black ,94 mm , AM4 | AM5 | sTR4 | sTRX4 | LGA1150 | LGA1151 | LGA1155 | LGA1156 | LGA1200 | LGA1700 | LGA1851 | ,Yes - 420 mm ,No 
EK EK-Nucleus AIO CR360 Lux D-RGB,EK ,, EK-Nucleus AIO CR360 Lux D-RGB | 3831109851685 | ,550 - 2300 RPM ,36 dB ,Black ,, AM4 | AM5 | LGA1150 | LGA1151 | LGA1155 | LGA1156 | LGA1200 | LGA1700 | LGA1851 | LGA2011 | LGA2011-3 | LGA2066 | ,Yes - 360 mm ,No 
Deepcool AK620 ZERO DARK,Deepcool ,AK620 ZERO DARK , R-AK620-BKNNMT-G-1 | AK620 ZERO DARK | ,500 - 1850 RPM ,28 dB ,Black ,160 mm , AM4 | AM5 | LGA1150 | LGA1151 | LGA1155 | LGA1156 | LGA1200 | LGA1700 | LGA1851 | LGA2011 | LGA2011-3 | LGA2066 | ,No ,No 
Thermalright AXP90-X47,Thermalright ,,AXP90-X47 FULL ,2700 RPM ,22.4 dB ,Orange / Brown ,47 mm , AM4 | AM5 | LGA1150 | LGA1151 | LGA1155 | LGA1156 | LGA1200 | LGA1700 | LGA1851 | ,No ,No 
Thermalright Frozen Warframe ARGB,Thermalright ,, Frozen Warframe 360 BLACK ARGB | FW360 BLACK ARGB-Ying-D5 | ,2000 RPM ,22.1 dB ,Black ,, AM4 | AM5 | LGA1150 | LGA1151 | LGA1155 | LGA1156 | LGA1200 | LGA1700 | LGA1851 | LGA2011 | LGA2011-3 | LGA2066 | ,Yes - 360 mm ,No 
Lian Li Hydroshift II LCD-C TL,Lian Li ,, GHS2LCD36TB | G89.GHS2LCD36TB.00 | HS2LCD36TB | ,200 - 2600 RPM ,33 dB ,Black ,69 mm , AM4 | AM5 | LGA1700 | LGA1851 | ,Yes - 360 mm ,No 
Thermalright Frozen Notte ARGB,Thermalright ,,Frozen Notte 240 WHITE ARGB ,2000 RPM ,27.7 dB ,White ,, AM4 | AM5 | LGA1150 | LGA1151 | LGA1155 | LGA1156 | LGA1200 | LGA1700 | LGA1851 | LGA2011 | LGA2011-3 | LGA2066 | ,Yes - 240 mm ,No 
NZXT Kraken Elite RGB (2025),NZXT ,Kraken Elite 420 RGB (2025) ,RL-KR42E-W2 ,500 - 2000 RPM ,34.5 dB ,White ,65 mm , AM4 | AM5 | LGA1150 | LGA1151 | LGA1155 | LGA1156 | LGA1200 | LGA1700 | LGA1851 | ,Yes - 420 mm ,No 
NZXT Kraken Elite 280 RGB (2024),NZXT ,Kraken Elite 280 RGB (2024) ,RL-KR28E-B2 ,500 - 2000 RPM ,34.5 dB ,Black ,, AM4 | AM5 | LGA1150 | LGA1151 | LGA1155 | LGA1156 | LGA1200 | LGA1700 | LGA1851 | ,Yes - 280 mm ,No 
Thermalright Assassin King SE ARGB,Thermalright ,, AK120 SE WHITE ARGB-D6-2 | TL-AK120 SE White | TL-AK120 SE WHITE ARGB | ,1550 RPM ,25.6 dB ,White ,148 mm , AM4 | AM5 | LGA1150 | LGA1151 | LGA1155 | LGA1156 | LGA1200 | LGA1700 | LGA1851 | ,No ,No 
Noctua NH-L12S,Noctua ,,NH-L12S ,450 - 1850 RPM ,16.8 - 23.9 dB ,,70 mm , AM2 | AM2+ | AM3 | AM3+ | AM4 | AM5 | FM1 | FM2 | FM2+ | LGA1150 | LGA1151 | LGA1155 | LGA1156 | LGA1200 | LGA1700 | LGA1851 | LGA2011 | LGA2011-3 | LGA2066 | ,No ,No 
Noctua NH-D15S chromax.black,Noctua ,, NH-D15S chromax.black | NH-D15S CH.BK | ,300 - 1500 RPM ,19.2 - 24.6 dB ,Black ,160 mm , AM2 | AM2+ | AM3 | AM3+ | AM4 | AM5 | FM1 | FM2 | FM2+ | LGA1150 | LGA1151 | LGA1155 | LGA1156 | LGA1200 | LGA1700 | LGA1851 | LGA2011 | LGA2011-3 | LGA2066 | ,No ,No 
Thermalright Assassin X 120 R Digital ARGB,Thermalright ,Assassin X 120 R Digital ARGB ,Assassin X 120 R Digital ARGB WHITE ,2000 RPM ,29.8 dB ,White ,151 mm , AM4 | AM5 | LGA1150 | LGA1151 | LGA1155 | LGA1156 | LGA1200 | LGA1700 | LGA1851 | ,No ,No 
be quiet! Dark Rock 5,be quiet! ,,BK035 ,2100 RPM ,11.9 - 29.8 dB ,Black ,161 mm , AM4 | AM5 | LGA1150 | LGA1151 | LGA1155 | LGA1156 | LGA1200 | LGA1700 | LGA1851 | ,No ,No 
Thermalright Peerless Assassin 140,Thermalright ,Peerless Assassin 140 , Peerless Assassin 140 BLACK | PA140 BLACK | ,1500 RPM ,25.6 dB ,Black ,158 mm , AM4 | AM5 | LGA1150 | LGA1151 | LGA1155 | LGA1156 | LGA1200 | LGA1700 | LGA1851 | LGA2011 | LGA2011-3 | LGA2066 | ,No ,No 
ARCTIC Freezer 36 A-RGB,ARCTIC ,Freezer 36 A-RGB ,ACFRE00124A ,200 - 2000 RPM ,,Black ,159 mm , AM4 | AM5 | LGA1700 | LGA1851 | ,No ,No 
Montech HyperFlow ARGB 360,Montech ,HyperFlow ARGB 360 , HyperFlow ARGB 360 Black | Hyperflow ARGB 360 (B) | HYPERFLOW-360-ARGB-B | HYPERFLOWARGB360B | HyperFlow ARGB 360 | ,2200 RPM ,29.1 dB ,Black ,, AM2 | AM2+ | AM3 | AM3+ | AM4 | AM5 | FM1 | FM2 | FM2+ | LGA1150 | LGA1151 | LGA1155 | LGA1156 | LGA1200 | LGA1700 | LGA1851 | LGA2011 | LGA2011-3 | LGA2066 | ,Yes - 360 mm ,No 
Noctua NH-U12A,Noctua ,NH-U12A ,nh-u12a ,450 - 2000 RPM ,18.8 - 22.6 dB ,Brown ,158 mm , AM2 | AM2+ | AM3 | AM3+ | AM4 | AM5 | FM1 | FM2 | FM2+ | LGA1150 | LGA1151 | LGA1155 | LGA1156 | LGA1200 | LGA1700 | LGA1851 | LGA2011 | LGA2011-3 | LGA2066 | ,No ,No 
NZXT Kraken 280,NZXT ,Kraken 280 ,RL-KN280-B1 ,500 - 1500 RPM ,19.4 - 32.1 dB ,Black ,56 mm , AM4 | AM5 | sTR4 | sTRX4 | LGA1150 | LGA1151 | LGA1155 | LGA1156 | LGA1200 | LGA1700 | LGA1851 | ,Yes - 280 mm ,No 
Cooler Master MASTERLIQUID ML240L RGB V2,Cooler Master ,MASTERLIQUID ML240L RGB V2 ,MLW-D24M-A18PC-R2 ,650 - 1800 RPM ,6 - 27 dB ,Black ,, AM2 | AM2+ | AM3 | AM3+ | AM4 | AM5 | FM1 | FM2 | FM2+ | LGA1150 | LGA1151 | LGA1155 | LGA1156 | LGA1200 | LGA1366 | LGA1700 | LGA1851 | LGA2011 | LGA2011-3 | LGA2066 | ,Yes - 240 mm ,No 
NZXT Kraken Elite 240 (2024),NZXT ,Kraken Elite 240 (2024) ,RL-KN24E-B2 ,500 - 2000 RPM ,30 dB ,Black ,, AM4 | AM5 | LGA1150 | LGA1151 | LGA1155 | LGA1156 | LGA1200 | LGA1700 | LGA1851 | ,Yes - 240 mm ,No 
Lian Li Hydroshift II LCD-S 360 TL,Lian Li ,Hydroshift II LCD-S 360 TL , GHS2LCDS36TW | HS2LCDS36TW | G89.GHS2LCDS36TW.00 | ,200 - 2600 RPM ,33 dB ,White ,62 mm , AM4 | AM5 | LGA1700 | LGA1851 | ,Yes - 360 mm ,No 
Thermalright Aqua Elite V3,Thermalright ,,Aqua Elite 120 V3 ,1500 RPM ,25.6 dB ,Black ,, AM4 | AM5 | LGA1150 | LGA1151 | LGA1155 | LGA1156 | LGA1200 | LGA1700 | LGA1851 | LGA2011 | LGA2011-3 | LGA2066 | ,Yes - 120 mm ,No 
Lian Li Galahad II Trinity SL-INF,Lian Li ,, GA2T36INW | G89.GA2T36INW.00 | ,2100 RPM ,29 dB ,White ,69 mm , AM4 | AM5 | LGA1150 | LGA1151 | LGA1155 | LGA1156 | LGA1200 | LGA1700 | LGA1851 | ,Yes - 360 mm ,No 
Thermalright AQUA ELITE ARGB V4,Thermalright ,,AQUA ELITE 360 WHITE ARGB V4 ,1550 RPM ,25.6 dB ,White ,48 mm , AM2 | AM2+ | AM3 | AM3+ | AM4 | AM5 | FM1 | FM2 | FM2+ | LGA1150 | LGA1151 | LGA1155 | LGA1156 | LGA1200 | LGA1700 | LGA1851 | LGA2011 | LGA2011-3 | LGA2066 | ,Yes - 360 mm ,No 
ARCTIC Liquid Freezer III 240,ARCTIC ,Liquid Freezer III 240 ,ACFRE00134A ,200 - 1800 RPM ,,Black ,, AM4 | AM5 | LGA1700 | LGA1851 | ,Yes - 240 mm ,No 
Corsair iCUE LINK TITAN 360 RX RGB,Corsair ,iCUE LINK TITAN 360 RX RGB ,CW-9061021-WW ,300 - 2100 RPM ,,White ,, AM4 | AM5 | LGA1700 | LGA1851 | ,Yes - 360 mm ,No 
Asus ProArt LC 420,Asus ,, ProArt LC 420 | 90RC00N0-M0CAY0 | 90RC00N0-M0UAY0 | 90RC00N0-M0JAY0 | 90RC00N0-M0AAY0 | 90RC00N0-M0TAY0 | ,800 - 2000 RPM ,31.5 dB ,Black ,49 mm , AM4 | AM5 | LGA1150 | LGA1151 | LGA1155 | LGA1156 | LGA1200 | LGA1700 | LGA1851 | ,Yes - 420 mm ,No 
Thermalright Frozen Prism,Thermalright ,,Frozen Prism 360 BLACK ,1850 RPM ,27 dB ,Black ,, AM4 | AM5 | LGA1150 | LGA1151 | LGA1155 | LGA1156 | LGA1200 | LGA1366 | LGA1700 | LGA1851 | LGA2011 | LGA2011-3 | LGA2066 | ,Yes - 360 mm ,No 
MSI MAG CORELIQUID A13,MSI ,, MAG CORELIQUID A13 360 WHITE | 306-7ZWDA21-L80 | ,,,White ,57 mm , AM4 | AM5 | LGA1700 | LGA1851 | ,Yes - 360 mm ,No 
be quiet! Pure Rock Slim 2,be quiet! ,Pure Rock Slim 2 ,BK030 ,,13.1 - 25.4 dB ,Black / Silver ,135 mm , AM2 | AM2+ | AM3 | AM3+ | AM4 | AM5 | FM1 | FM2 | FM2+ | LGA1150 | LGA1151 | LGA1155 | LGA1156 | LGA1200 | LGA1700 | LGA1851 | ,No ,No 
Thermalright Frozen Notte ARGB,Thermalright ,,Frozen Notte 240 BLACK ARGB ,2000 RPM ,27.7 dB ,Black ,, AM2 | AM2+ | AM3 | AM3+ | AM4 | AM5 | FM1 | FM2 | FM2+ | LGA1150 | LGA1151 | LGA1155 | LGA1156 | LGA1200 | LGA1700 | LGA1851 | LGA2011 | LGA2011-3 | LGA2066 | ,Yes - 240 mm ,No 
Corsair NAUTILUS 240 RS ARGB,Corsair ,NAUTILUS 240 RS ARGB ,CW-9060094-WW ,2100 RPM ,34 dB ,White ,, AM4 | AM5 | LGA1700 | LGA1851 | ,Yes - 240 mm ,No 
Noctua NH-L9i chromax.black,Noctua ,, NH-L9i chromax.black | NH-L9i CH.BK | NH-L9I-CH-BK | ,600 - 2500 RPM ,14.8 - 23.6 dB ,Black ,37 mm , AM2 | AM2+ | AM3 | AM3+ | AM4 | AM5 | FM1 | FM2 | FM2+ | LGA1150 | LGA1151 | LGA1155 | LGA1156 | LGA1200 | ,No ,No 
Thermalright Peerless Assassin 120 SE,Thermalright ,Peerless Assassin 120 SE , PA120SE BLACK | Peerless Assassin 120 SE BLACK | THR-PEERLESS-ASSASSIN-120-SE-BLACK | ,1550 RPM ,25.6 dB ,Black ,155 mm , AM4 | AM5 | LGA1150 | LGA1151 | LGA1155 | LGA1156 | LGA1200 | LGA1700 | LGA1851 | ,No ,No 
Corsair NAUTILUS 240 RS,Corsair ,NAUTILUS 240 RS ,CW-9060088-WW ,2100 RPM ,34 dB ,Black ,, AM4 | AM5 | LGA1700 | LGA1851 | ,Yes - 240 mm ,No 
Lian Li Galahad II Lite RGB,Lian Li ,, GA2L36RB | G89.GA2L36RB.00 | ,300 - 2500 RPM ,34.8 dB ,Black ,67 mm , AM4 | AM5 | LGA1150 | LGA1151 | LGA1155 | LGA1156 | LGA1200 | LGA1700 | LGA1851 | ,Yes - 360 mm ,No 
Asus ROG RYUJIN II ARGB,Asus ,, ROG RYUJIN II 360 ARGB | 90RC00B1-S0P000 | 90RC00B1-M0UAY0 | ,,,Black ,, AM4 | AM5 | sTR4 | sTRX4 | LGA1150 | LGA1151 | LGA1155 | LGA1156 | LGA1200 | LGA1700 | LGA1851 | LGA2011 | LGA2011-3 | LGA2066 | ,Yes - 360 mm ,No 
Phanteks Glacier One 360M25 G2,Phanteks ,Glacier One 360M25 G2 , PH-GO360M25G2_DBK02 | PH-G0360M25G2_DBK02 | ,350 - 2000 RPM ,35.13 dB ,Black ,69 mm , AM4 | AM5 | LGA1150 | LGA1151 | LGA1155 | LGA1156 | LGA1200 | LGA1700 | LGA1851 | LGA2011 | LGA2011-3 | LGA2066 | ,Yes - 360 mm ,No 
Deepcool LE360 V2,Deepcool ,LE360 V2 ,R-LE360-BKAMMC-G-2 ,500 - 2100 RPM ,31.6 dB ,Black ,65 mm , AM4 | AM5 | LGA1150 | LGA1151 | LGA1155 | LGA1156 | LGA1200 | LGA1700 | LGA1851 | ,Yes - 360 mm ,No 
Cooler Master Hyper 212 EVO,Cooler Master ,Hyper 212 EVO , RR-212E-20PK-R2 | RR-212E-16PK-R1 | ,600 - 2000 RPM ,9 - 36 dB ,,159 mm , AM2 | AM2+ | AM3 | AM3+ | AM4 | FM1 | FM2 | FM2+ | LGA775 | LGA1150 | LGA1151 | LGA1155 | LGA1156 | LGA1200 | LGA1366 | LGA2011 | LGA2011-3 | LGA2066 | ,No ,No 
ID-COOLING FROZN A410 SE,ID-COOLING ,,FROZN A410 SE ,300 - 1800 RPM ,24.8 dB ,Black ,152 mm , AM4 | AM5 | LGA1150 | LGA1151 | LGA1155 | LGA1156 | LGA1200 | LGA1700 | LGA1851 | ,No ,No 
Lian Li Hydroshift II LCD-C CL,Lian Li ,, GHS2LCD36RB | G89.GHS2LCD36RB.00 | HS2LCD36RB | ,200 - 2600 RPM ,31 dB ,Black ,69 mm , AM4 | AM5 | LGA1700 | LGA1851 | ,Yes - 360 mm ,No 
Asus ROG Ryuo IV SLC 360 ARGB,Asus ,ROG Ryuo IV SLC 360 ARGB , 90RC0152-B0EAY0 | ROG Ryuo IV SLC 360 ARGB White | ,800 - 2650 RPM ,39.6 dB ,White ,133 mm , AM4 | AM5 | LGA1700 | LGA1851 | ,Yes - 360 mm ,No 
Noctua NH-L9i,Noctua ,,NH-L9i ,600 - 2500 RPM ,14.8 - 23.6 dB ,Brown ,37 mm , AM2 | AM2+ | AM3 | AM3+ | AM4 | AM5 | FM1 | FM2 | FM2+ | LGA1150 | LGA1151 | LGA1155 | LGA1156 | LGA1200 | ,No ,No 
Noctua NH-U9S chromax.black,Noctua ,, NH-U9S chromax.black | NH-U9S CH.BK | NH-U9S-CH-BK | ,400 - 2000 RPM ,16.3 - 22.8 dB ,Black ,125 mm , AM2 | AM2+ | AM3 | AM3+ | AM4 | AM5 | FM1 | FM2 | FM2+ | LGA1150 | LGA1151 | LGA1155 | LGA1156 | LGA1200 | LGA1700 | LGA1851 | LGA2011 | LGA2011-3 | LGA2066 | ,No ,No 
NZXT Kraken Plus 240,NZXT ,Kraken Plus 240 ,RL-KN240-B2 ,500 - 2000 RPM ,30 dB ,Black ,56 mm , AM4 | AM5 | LGA1150 | LGA1151 | LGA1155 | LGA1156 | LGA1200 | LGA1700 | LGA1851 | ,Yes - 240 mm ,No 
Thermalright Wonder Vision 360 UB ARGB,Thermalright ,Wonder Vision 360 UB ARGB , WV360 UB ARGB BLACK D6 | Wonder Vision 360 UB ARGB BLACK | ,2150 RPM ,27 dB ,Black ,107 mm , AM4 | AM5 | LGA1150 | LGA1151 | LGA1155 | LGA1156 | LGA1200 | LGA1700 | LGA1851 | LGA2011 | LGA2011-3 | LGA2066 | ,Yes - 360 mm ,No 
be quiet! Dark Rock Pro 4,be quiet! ,Dark Rock Pro 4 ,BK022 ,1500 RPM ,12.8 - 24.3 dB ,Black ,163 mm , AM2 | AM2+ | AM3 | AM3+ | AM4 | AM5 | FM1 | FM2 | FM2+ | LGA1150 | LGA1151 | LGA1155 | LGA1156 | LGA1200 | LGA1366 | LGA1700 | LGA1851 | LGA2011 | LGA2011-3 | LGA2066 | ,No ,No 
Thermalright Peerless Assassin 120 Digital ARGB,Thermalright ,Peerless Assassin 120 Digital ARGB , Peerless Assassin 120 Digital ARGB BLACK | PA120 Digital Black ARGB | PA120 Digital ARGB Black | ,1850 RPM ,25.6 dB ,Black ,162 mm , AM4 | AM5 | LGA1150 | LGA1151 | LGA1155 | LGA1156 | LGA1200 | LGA1700 | LGA1851 | ,No ,No 
Thermalright Burst Assassin 120 SE ARGB,Thermalright ,Burst Assassin 120 SE ARGB , BA120 SE ARGB | Burst Assassin 120 SE ARGB | ,1550 RPM ,25.6 dB ,Black / Silver ,148 mm , AM4 | AM5 | LGA1150 | LGA1151 | LGA1155 | LGA1156 | LGA1200 | LGA1700 | LGA1851 | ,No ,No 
Cooler Master I30,Cooler Master ,I30 , RH-I30-26FK-R1 | I30 | ,2600 RPM ,28 dB ,Black / Silver ,55 mm , LGA1150 | LGA1151 | LGA1155 | LGA1156 | LGA1200 | ,No ,No 
Lian Li Hydroshift II LCD-S 360 CL,Lian Li ,Hydroshift II LCD-S 360 CL , GHS2LCDS36CB | HS2LCDS36CB | G89.GHS2LCDS36CB.00 | ,200 - 2100 RPM ,30 dB ,Black ,62 mm , AM4 | AM5 | LGA1700 | LGA1851 | ,Yes - 360 mm ,No 
Thermalright Frozen Prism ARGB,Thermalright ,, Frozen Prism 360 BLACK ARGB | FP360 BLACK ARGB D6 | ,1850 RPM ,27 dB ,Black ,, AM4 | AM5 | LGA1150 | LGA1151 | LGA1155 | LGA1156 | LGA1200 | LGA1366 | LGA1700 | LGA1851 | LGA2011 | LGA2011-3 | LGA2066 | ,Yes - 360 mm ,No 
Zalman CNPS10X Performa,Zalman ,CNPS10X Performa , C10X-Performa-BK | CNPS10X Performa Black | CNPS10X PERFORMA BLK | ,700 - 1500 RPM ,27 dB ,Black ,155 mm , AM4 | LGA1150 | LGA1151 | LGA1155 | LGA1156 | LGA1200 | LGA1700 | LGA1851 | LGA2011 | LGA2011-3 | LGA2066 | ,No ,No 
Vetroo V240,Vetroo ,V240 , VT-AIO-V240-BK | V240 BK | V240 Black | ,800 - 1800 RPM ,30.8 dB ,Black ,, AM2 | AM2+ | AM3 | AM3+ | AM4 | AM5 | FM1 | FM2 | FM2+ | LGA775 | LGA1150 | LGA1151 | LGA1155 | LGA1156 | LGA1200 | LGA1366 | LGA1700 | LGA1851 | LGA2011 | LGA2011-3 | LGA2066 | ,Yes - 240 mm ,No 
Thermalright Assassin Spirit 120 EVO DARK,Thermalright ,Assassin Spirit 120 EVO DARK , AS120 EVO DARK D6-DE | AS120 EVO DARK | AS120 EVO DARK D6 | ,1850 RPM ,27 dB ,Black ,156 mm , AM4 | AM5 | LGA1150 | LGA1151 | LGA1155 | LGA1156 | LGA1200 | LGA1700 | LGA1851 | ,No ,No 
Corsair iCUE H150i ELITE LCD XT,Corsair ,iCUE H150i ELITE LCD XT ,CW-9060075-WW ,550 - 2100 RPM ,5 - 34.1 dB ,Black ,, AM2 | AM2+ | AM3 | AM3+ | AM4 | AM5 | sTR4 | sTRX4 | FM1 | FM2 | FM2+ | LGA1150 | LGA1151 | LGA1155 | LGA1156 | LGA1200 | LGA1366 | LGA1700 | LGA1851 | LGA2011 | LGA2011-3 | LGA2066 | ,Yes - 360 mm ,No 
ARCTIC Liquid Freezer III Pro A-RGB,ARCTIC ,,ACFRE00182A ,600 - 3000 RPM ,,Black ,68 mm , AM4 | AM5 | LGA1700 | LGA1851 | ,Yes - 240 mm ,No 
Corsair iCUE LINK TITAN 420 RX RGB,Corsair ,iCUE LINK TITAN 420 RX RGB ,CW-9061019-WW ,300 - 1700 RPM ,,Black ,, AM4 | AM5 | LGA1700 | LGA1851 | ,Yes - 420 mm ,No 
Deepcool AK620,Deepcool ,AK620 ,R-AK620-BKNNMT-G ,500 - 1850 RPM ,28 dB ,Black / Silver ,160 mm , AM4 | AM5 | LGA1150 | LGA1151 | LGA1155 | LGA1156 | LGA1200 | LGA1700 | LGA1851 | LGA2011 | LGA2011-3 | LGA2066 | ,No ,No 
Deepcool GAMMAXX AG400 ARGB,Deepcool ,, R-AG400-BKANMC-G-2 | AG400 BK ARGB-AMAZON | AG400 BK ARGB | ,500 - 2000 RPM ,31.6 dB ,Black ,150 mm , AM4 | AM5 | LGA1150 | LGA1151 | LGA1155 | LGA1156 | LGA1200 | LGA1700 | LGA1851 | ,No ,No 
Thermalright Assassin X Refined SE PLUS,Thermalright ,, AX120R SE PLUS D6 | AX120 REFINED SE PLUS | ,1550 RPM ,25.6 dB ,Black / Silver ,148 mm , AM4 | AM5 | LGA1150 | LGA1151 | LGA1155 | LGA1156 | LGA1200 | LGA1700 | LGA1851 | ,No ,No 
Thermalright Peerless Assassin 120 SE V3,Thermalright ,Peerless Assassin 120 SE V3 , PA120SE V3 | Peerless Assassin 120 SE V3 | ,2000 RPM ,29.8 dB ,Black / Silver ,155 mm , AM4 | AM5 | LGA1150 | LGA1151 | LGA1155 | LGA1156 | LGA1200 | LGA1700 | LGA1851 | ,No ,No 
ID-COOLING SE-214-XT PLUS,ID-COOLING ,,SE-214-XT PLUS ,700 - 1800 RPM ,35.2 dB ,Black / Silver ,150 mm , AM4 | AM5 | LGA1150 | LGA1151 | LGA1155 | LGA1156 | LGA1200 | LGA1700 | LGA1851 | ,No ,No 
Thermalright AXP90-X53 FULL,Thermalright ,,AXP90-X53 FULL ,2700 RPM ,22.4 dB ,Copper / Orange ,53 mm , AM4 | AM5 | LGA1150 | LGA1151 | LGA1155 | LGA1156 | LGA1200 | LGA1700 | LGA1851 | ,No ,No 
Thermalright AXP90-X47,Thermalright ,,AXP90-X47 WHITE ,2700 RPM ,22.4 dB ,White ,47 mm , AM4 | AM5 | LGA1150 | LGA1151 | LGA1155 | LGA1156 | LGA1200 | LGA1700 | LGA1851 | ,No ,No 
Noctua NH-L9x65,Noctua ,,NH-L9x65 ,600 - 2500 RPM ,14.8 - 23.6 dB ,,65 mm , AM2 | AM2+ | AM3 | AM3+ | AM4 | AM5 | FM1 | FM2 | FM2+ | LGA1150 | LGA1151 | LGA1155 | LGA1156 | LGA1200 | LGA1700 | LGA1851 | LGA2011 | LGA2011-3 | LGA2066 | ,No ,No 
Thermalright Peerless Assassin MINI,Thermalright ,, Peerless Assassin 120 MINI BLACK | PA120 MINI BLACK | PEERLESS ASSASSIN 120 MINI BK | ,1500 RPM ,25.6 dB ,Black ,135 mm , AM4 | AM5 | LGA1150 | LGA1151 | LGA1155 | LGA1156 | LGA1200 | LGA1700 | LGA1851 | LGA2011 | LGA2011-3 | LGA2066 | ,No ,No 
NZXT Kraken Plus 360 RGB,NZXT ,Kraken Plus 360 RGB ,RL-KR360-W2 ,500 - 2400 RPM ,31.9 dB ,White ,56 mm , AM4 | AM5 | LGA1150 | LGA1151 | LGA1155 | LGA1156 | LGA1200 | LGA1700 | LGA1851 | ,Yes - 360 mm ,No 
Thermalright AXP90-X36,Thermalright ,,AXP90-X36 BLACK ,2700 RPM ,22.4 dB ,Black ,36 mm , AM4 | AM5 | LGA1150 | LGA1151 | LGA1155 | LGA1156 | LGA1200 | LGA1700 | LGA1851 | ,No ,No 
NZXT Kraken Elite 360 RGB,NZXT ,Kraken Elite 360 RGB ,RL-KR36E-W1 ,500 - 1800 RPM ,17.9 - 30.6 dB ,White ,60 mm , AM4 | AM5 | sTR4 | sTRX4 | LGA1150 | LGA1151 | LGA1155 | LGA1156 | LGA1200 | LGA1700 | LGA1851 | ,Yes - 360 mm ,No 
Noctua NH-L9a-AM4,Noctua ,,NH-L9a-AM4 ,600 - 2500 RPM ,14.8 - 23.6 dB ,Brown ,37 mm , AM2 | AM2+ | AM3 | AM3+ | AM4 | AM5 | FM1 | FM2 | FM2+ | ,No ,No 
Corsair iCUE LINK H100i RGB,Corsair ,iCUE LINK H100i RGB ,CW-9061001-WW ,480 - 2400 RPM ,,Black ,, AM4 | AM5 | LGA1150 | LGA1151 | LGA1155 | LGA1156 | LGA1200 | LGA1700 | LGA1851 | ,Yes - 240 mm ,No 
Lian Li Galahad II LCD SL-INF,Lian Li ,, GA2ALCD36INB | G89.GA2ALCD36INB.00 | ,,29 dB ,Black ,, AM4 | AM5 | LGA1150 | LGA1151 | LGA1155 | LGA1156 | LGA1200 | LGA1700 | LGA1851 | ,Yes - 360 mm ,No 
Thermalright Frozen Warframe ARGB,Thermalright ,, Frozen Warframe 360 WHITE ARGB | FW360 White ARGB-Ying-D5 | ,2000 RPM ,22.1 dB ,White ,, AM4 | AM5 | LGA1150 | LGA1151 | LGA1155 | LGA1156 | LGA1200 | LGA1700 | LGA1851 | LGA2011 | LGA2011-3 | LGA2066 | ,Yes - 360 mm ,No 
Cooler Master Hyper 212 Pro,Cooler Master ,Hyper 212 Pro ,RR-212S-25PZ-R1 ,690 - 2500 RPM ,32.8 dB ,Black ,152 mm , AM4 | AM5 | LGA1150 | LGA1151 | LGA1155 | LGA1156 | LGA1200 | LGA1700 | LGA1851 | ,No ,No 
ARCTIC Liquid Freezer III 240 A-RGB,ARCTIC ,Liquid Freezer III 240 A-RGB ,ACFRE00150A ,200 - 2000 RPM ,,White ,, AM4 | AM5 | LGA1700 | LGA1851 | ,Yes - 240 mm ,No 
Thermalright AXP120-X67,Thermalright ,,AXP120-X67 BLACK ARGB ,1800 RPM ,26.1 dB ,Black ,67 mm , AM4 | AM5 | LGA1150 | LGA1151 | LGA1155 | LGA1156 | LGA1200 | LGA1700 | LGA1851 | ,No ,No 
Asus ROG STRIX LC II ARGB,Asus ,, ROG STRIX LC II 360 ARGB | 90RC00F1-M0AAY0 | 90RC00F1-M0UAY1 | 90RC00F1-M0UAY4 | 90RC00F1-M0UAY0 | ,800 - 2500 RPM ,37.6 dB ,Black ,, AM4 | AM5 | LGA1150 | LGA1151 | LGA1155 | LGA1156 | LGA1200 | LGA1700 | LGA1851 | LGA2011-3 Narrow | ,Yes - 360 mm ,No 
ARCTIC Freezer 36 A-RGB,ARCTIC ,Freezer 36 A-RGB ,ACFRE00125A ,200 - 2000 RPM ,,White ,159 mm , AM4 | AM5 | LGA1700 | LGA1851 | ,No ,No 
Montech LightFlow ARGB,Montech ,, LightFlow ARGB 360 Black | LightFlow ARGB 360 (B) | ,600 - 2000 RPM ,34.3 dB ,Black ,56 mm , AM4 | AM5 | LGA1700 | LGA1851 | ,Yes - 360 mm ,No 
Corsair iCUE LINK H100i RGB,Corsair ,iCUE LINK H100i RGB ,CW-9061005-WW ,480 - 2400 RPM ,,White ,, AM4 | AM5 | LGA1150 | LGA1151 | LGA1155 | LGA1156 | LGA1200 | LGA1700 | LGA1851 | ,Yes - 240 mm ,No 
ARCTIC Liquid Freezer III Pro A-RGB,ARCTIC ,,ACFRE00185A ,400 - 2500 RPM ,,Black ,68 mm , AM4 | AM5 | LGA1700 | LGA1851 | ,Yes - 420 mm ,No 
Asus ROG STRIX LC III ARGB LCD,Asus ,, ROG Strix LC III 360 ARGB LCD | 90RC00W1-M0UAY0 | 90RC00W1-M0AAY0 | ,800 - 2200 RPM ,36 dB ,Black ,, AM4 | AM5 | LGA1150 | LGA1151 | LGA1155 | LGA1156 | LGA1200 | LGA1700 | LGA1851 | ,Yes - 360 mm ,No 
Thermalright Frozen Edge,Thermalright ,,FE240 Black ,2150 RPM ,28.1 dB ,Black ,, AM4 | AM5 | LGA1150 | LGA1151 | LGA1155 | LGA1156 | LGA1200 | LGA1700 | LGA1851 | LGA2011 | LGA2011-3 | LGA2066 | ,Yes - 240 mm ,No 
be quiet! Pure Rock LP,be quiet! ,Pure Rock LP ,BK034 ,2500 RPM ,,Black ,45 mm , AM4 | AM5 | LGA1150 | LGA1151 | LGA1155 | LGA1156 | LGA1200 | LGA1700 | LGA1851 | ,No ,No 
ID-COOLING FX360 INF,ID-COOLING ,,FX360 INF ,300 - 2000 RPM ,27.2 dB ,Black ,60 mm , AM4 | AM5 | LGA1150 | LGA1151 | LGA1155 | LGA1156 | LGA1200 | LGA1700 | LGA1851 | ,Yes - 360 mm ,No 
Thermalright Peerless Assassin 120 Black,Thermalright ,Peerless Assassin 120 Black , PA120 Black | PA120 BLACK | PA120 Black D6-CAD | PA120 BLACK-D6 | PA120 BLACK-D2 | ,1550 RPM ,25.6 dB ,Black ,157 mm , AM4 | AM5 | LGA1150 | LGA1151 | LGA1155 | LGA1156 | LGA1200 | LGA1700 | LGA1851 | LGA2011 | LGA2011-3 | LGA2066 | ,No ,No 
be quiet! Pure Loop 2 FX,be quiet! ,, BW015 | PURE LOOP 2 FX 360mm | ,,8 - 34 dB ,Black ,, AM4 | AM5 | LGA1150 | LGA1151 | LGA1155 | LGA1156 | LGA1200 | LGA1700 | LGA1851 | LGA2011 | LGA2011-3 | LGA2066 | ,Yes - 360 mm ,No 
Noctua NH-U12S redux,Noctua ,,NH-U12S redux ,450 - 1700 RPM ,25.1 dB ,Gray / Silver ,158 mm , AM2 | AM2+ | AM3 | AM3+ | AM4 | AM5 | FM1 | FM2 | FM2+ | LGA1150 | LGA1151 | LGA1155 | LGA1156 | LGA1200 | LGA1700 | LGA1851 | LGA2011 | LGA2011-3 | LGA2066 | ,No ,No 
Corsair NAUTILUS 240 RS LCD,Corsair ,NAUTILUS 240 RS LCD ,CW-9061031-WW ,2100 RPM ,10 - 36 dB ,Black ,125 mm , AM4 | AM5 | LGA1150 | LGA1151 | LGA1155 | LGA1156 | LGA1200 | LGA1700 | LGA1851 | ,Yes - 240 mm ,No 
ID-COOLING FROSTFLOW X,ID-COOLING ,,FROSTFLOW X 240 SNOW ,700 - 1800 RPM ,18 - 35.2 dB ,,, AM2 | AM2+ | AM3 | AM3+ | AM4 | AM5 | sTR4 | sTRX4 | FM1 | FM2 | FM2+ | LGA1150 | LGA1151 | LGA1155 | LGA1156 | LGA1200 | LGA1366 | LGA1700 | LGA1851 | LGA2011 | LGA2011-3 | LGA2066 | ,Yes - 240 mm ,No 
Corsair iCUE LINK TITAN 240 RX RGB,Corsair ,iCUE LINK TITAN 240 RX RGB ,CW-9061016-WW ,300 - 2100 RPM ,,Black ,, AM4 | AM5 | LGA1700 | LGA1851 | ,Yes - 240 mm ,No 
Thermalright Phantom Spirit 120,Thermalright ,Phantom Spirit 120 , PS120 | Phantom Spirit 120 | ,1500 RPM ,25.6 dB ,Black / Silver ,157 mm , AM4 | AM5 | LGA1150 | LGA1151 | LGA1155 | LGA1156 | LGA1200 | LGA1700 | LGA1851 | LGA2011 | LGA2011-3 | LGA2066 | ,No ,No 
ID-COOLING FX240 PRO,ID-COOLING ,,FX240 PRO ,500 - 1800 RPM ,35.2 dB ,Black ,, AM4 | AM5 | LGA1150 | LGA1151 | LGA1155 | LGA1156 | LGA1200 | LGA1700 | LGA1851 | LGA2011 | LGA2011-3 | LGA2066 | ,Yes - 240 mm ,No 
Phanteks Glacier One 360MPH,Phanteks ,Glacier One 360MPH ,PH-GO360MPH_DWT01 ,500 - 2200 RPM ,18 - 34.2 dB ,White ,, AM4 | AM5 | sTR4 | sTRX4 | LGA1150 | LGA1151 | LGA1155 | LGA1156 | LGA1200 | LGA1366 | LGA1700 | LGA1851 | LGA2011 | LGA2011-3 | LGA2066 | ,Yes - 360 mm ,No 
Noctua NH-L9i-17xx chromax.black,Noctua ,, NH-L9i-17xx chromax.black | NH-L9i-17xx ch.bk | ,600 - 2500 RPM ,14.8 - 23.6 dB ,Black ,37 mm , LGA1700 | LGA1851 | ,No ,No 
Thermalright AQUA ELITE ARGB V4,Thermalright ,,AQUA ELITE 240 WHITE ARGB V4 ,1550 RPM ,25.6 dB ,White ,48 mm , AM2 | AM2+ | AM3 | AM3+ | AM4 | AM5 | FM1 | FM2 | FM2+ | LGA1150 | LGA1151 | LGA1155 | LGA1156 | LGA1200 | LGA1700 | LGA1851 | LGA2011 | LGA2011-3 | LGA2066 | ,Yes - 240 mm ,No 
be quiet! Dark Rock Elite,be quiet! ,,BK037 ,1500 - 2000 RPM ,11 - 25.8 dB ,Black ,168 mm , AM4 | AM5 | LGA1150 | LGA1151 | LGA1155 | LGA1156 | LGA1200 | LGA1700 | LGA1851 | ,No ,No 
Asus ROG RYUO IV 360 ARGB Hatsune Miku Edition,Asus ,ROG RYUO IV 360 ARGB Hatsune Miku Edition ,90RC01P1-B0AAY0 ,800 - 2650 RPM ,39.6 dB ,Teal ,133 mm , AM4 | AM5 | LGA1700 | LGA1851 | ,Yes - 360 mm ,No 
Noctua NH-D15 G2 LBC,Noctua ,,NH-D15 G2 LBC ,1500 RPM ,24.8 dB ,Brown / Silver ,168 mm , AM2 | AM2+ | AM3 | AM3+ | AM4 | AM5 | FM1 | FM2 | FM2+ | LGA1150 | LGA1151 | LGA1155 | LGA1156 | LGA1200 | LGA1700 | LGA1851 | ,No ,No 
Thermalright Wonder Vision 360 UB ARGB,Thermalright ,Wonder Vision 360 UB ARGB , WV360 UB ARGB W D6 | Wonder Vision 360 UB ARGB WHITE | ,2150 RPM ,27 dB ,White ,107 mm , AM4 | AM5 | LGA1150 | LGA1151 | LGA1155 | LGA1156 | LGA1200 | LGA1700 | LGA1851 | LGA2011 | LGA2011-3 | LGA2066 | ,Yes - 360 mm ,No 
Noctua NH-U9S,Noctua ,,NH-U9S ,400 - 2000 RPM ,16.3 - 22.8 dB ,,124 mm , AM2 | AM2+ | AM3 | AM3+ | AM4 | AM5 | FM1 | FM2 | FM2+ | LGA1150 | LGA1151 | LGA1155 | LGA1156 | LGA1200 | LGA1700 | LGA1851 | LGA2011 | LGA2011-3 | LGA2066 | ,No ,No 
NZXT Kraken Plus 280,NZXT ,Kraken Plus 280 ,RL-KN280-B2 ,500 - 1700 RPM ,30 dB ,Black ,56 mm , AM4 | AM5 | LGA1150 | LGA1151 | LGA1155 | LGA1156 | LGA1200 | LGA1700 | LGA1851 | ,Yes - 280 mm ,No 
Syba CL-CNL-EOLE802,Syba ,,CL-CNL-EOLE802 ,2200 RPM ,25 dB ,,88 mm ,LGA775 ,No ,No 
Noctua NH-U12S,Noctua ,,NH-U12S ,300 - 1500 RPM ,18.6 - 22.4 dB ,,158 mm , AM2 | AM2+ | AM3 | AM3+ | AM4 | AM5 | FM1 | FM2 | FM2+ | LGA1150 | LGA1151 | LGA1155 | LGA1156 | LGA1200 | LGA1700 | LGA1851 | LGA2011 | LGA2011-3 | LGA2066 | ,No ,No 
be quiet! Pure Loop 3,be quiet! ,, BW029 | BW029EU | BW029US | ,2100 RPM ,17.6 - 37.2 dB ,Black ,, AM4 | AM5 | LGA1150 | LGA1151 | LGA1155 | LGA1156 | LGA1200 | LGA1700 | LGA1851 | ,Yes - 360 mm ,No 
MSI MAG CORELIQUID A15,MSI ,, MAG CORELIQUID A15 360 | 306-7ZW9A11-L80 | ,500 - 2050 RPM ,28.7 dB ,Black ,75 mm , AM4 | AM5 | LGA1700 | LGA1851 | ,Yes - 360 mm ,No 
ID-COOLING FX360 PRO,ID-COOLING ,,FX360 PRO ,500 - 1800 RPM ,35.2 dB ,Black ,, AM4 | AM5 | LGA1150 | LGA1151 | LGA1155 | LGA1156 | LGA1200 | LGA1700 | LGA1851 | LGA2011 | LGA2011-3 | LGA2066 | ,Yes - 360 mm ,No 
ARCTIC Liquid Freezer III 420,ARCTIC ,Liquid Freezer III 420 ,ACFRE00137A ,200 - 1700 RPM ,,Black ,, AM4 | AM5 | LGA1700 | LGA1851 | ,Yes - 420 mm ,No 
Corsair iCUE H100i ELITE CAPELLIX,Corsair ,iCUE H100i ELITE CAPELLIX ,CW-9060046-WW ,2400 RPM ,10 - 37 dB ,Black ,, AM2 | AM2+ | AM3 | AM3+ | AM4 | AM5 | sTR4 | sTRX4 | FM1 | FM2 | FM2+ | LGA1150 | LGA1151 | LGA1155 | LGA1156 | LGA1200 | LGA1366 | LGA1700 | LGA1851 | LGA2011 | LGA2011-3 | LGA2066 | ,Yes - 240 mm ,No 
Cooler Master Elite,Cooler Master ,,ELW-D36M-A21DA-R1 ,600 - 2100 RPM ,39.5 dB ,Black ,52 mm , AM4 | AM5 | LGA1150 | LGA1151 | LGA1155 | LGA1156 | LGA1200 | LGA1700 | LGA1851 | ,Yes - 360 mm ,No 
Thermalright Peerless Assassin 90 SE,Thermalright ,Peerless Assassin 90 SE , PA90 SE WHITE | Peerless Assassin 90 SE WHITE | ,2200 RPM ,23.85 dB ,White / Silver ,110 mm , AM4 | AM5 | LGA1150 | LGA1151 | LGA1155 | LGA1156 | LGA1200 | LGA1700 | LGA1851 | ,No ,No 
Gigabyte AORUS WATERFORCE II 360 ICE,Gigabyte ,, AORUS WATERFORCE II 360 ICE | GP-AORUS WATERFORCE II 360I | ,800 - 2300 RPM ,12.8 - 36.9 dB ,White ,65 mm , AM4 | AM5 | LGA1150 | LGA1151 | LGA1155 | LGA1156 | LGA1200 | LGA1700 | LGA1851 | ,Yes - 360 mm ,No 
ID-COOLING IS-55 Black,ID-COOLING ,,IS-55 Black ,500 - 2000 RPM ,31.2 dB ,Black ,55 mm , AM4 | AM5 | LGA1150 | LGA1151 | LGA1155 | LGA1156 | LGA1200 | LGA1700 | LGA1851 | ,No ,No 
Thermalright Frozen Warframe PRO,Thermalright ,, FW PRO 360 BLACK | Frozen Warframe PRO 360 BLACK | FW PRO 360 BLACK D6-DE | ,2000 RPM ,29.8 dB ,Black ,60 mm , AM4 | AM5 | LGA1150 | LGA1151 | LGA1155 | LGA1156 | LGA1200 | LGA1700 | LGA1851 | LGA2011 | LGA2011-3 | LGA2066 | ,Yes - 360 mm ,No 
Cooler Master Hyper 212 Halo,Cooler Master ,Hyper 212 Halo ,RR-S4KK-20PA-R1 ,650 - 2050 RPM ,27 dB ,Black ,154 mm , AM4 | AM5 | LGA1150 | LGA1151 | LGA1155 | LGA1156 | LGA1200 | LGA1700 | LGA1851 | ,No ,No 
Gigabyte AORUS WATERFORCE X II 360,Gigabyte ,, AORUS WATERFORCE X II 360 | GP-AORUS WATERFORCE X II 360 | ,800 - 2400 RPM ,12 - 37.5 dB ,Black ,78 mm , AM4 | AM5 | sTR4 | sTRX4 | LGA1150 | LGA1151 | LGA1155 | LGA1156 | LGA1200 | LGA1700 | LGA1851 | ,Yes - 360 mm ,No 
Thermalright Aqua Elite V3,Thermalright ,,Aqua Elite 240 White V3 ,1500 RPM ,25.6 dB ,White ,, AM4 | AM5 | LGA1150 | LGA1151 | LGA1155 | LGA1156 | LGA1200 | LGA1700 | LGA1851 | LGA2011 | LGA2011-3 | LGA2066 | ,Yes - 240 mm ,No 
Thermalright Frozen Edge,Thermalright ,,FE360 Black ,2150 RPM ,28.1 dB ,Black ,, AM4 | AM5 | LGA1150 | LGA1151 | LGA1155 | LGA1156 | LGA1200 | LGA1700 | LGA1851 | LGA2011 | LGA2011-3 | LGA2066 | ,Yes - 360 mm ,No 
Cooler Master Hyper 212 (2023),Cooler Master ,,RR-S4KK-25SN-R1 ,690 - 2500 RPM ,32.8 dB ,Black ,152 mm , AM4 | AM5 | LGA1150 | LGA1151 | LGA1155 | LGA1156 | LGA1200 | LGA1700 | LGA1851 | ,No ,No 
Lian Li Hydroshift II LCD-S 360 CL,Lian Li ,Hydroshift II LCD-S 360 CL , GHS2LCDS36CW | HS2LCDS36CW | G89.GHS2LCDS36CW.00 | ,200 - 2100 RPM ,30 dB ,White ,62 mm , AM4 | AM5 | LGA1700 | LGA1851 | ,Yes - 360 mm ,No 
Deepcool AG400,Deepcool ,, R-AG400-BKNNMN-G-1 | AG400-AMAZON | ,500 - 2000 RPM ,31.6 dB ,Black / Silver ,150 mm , AM4 | AM5 | LGA1150 | LGA1151 | LGA1155 | LGA1156 | LGA1200 | LGA1700 | LGA1851 | ,No ,No 
EK Nucleus AIO CR360 Dark,EK ,Nucleus AIO CR360 Dark ,3831109900178 ,550 - 2300 RPM ,36 dB ,Black ,, AM4 | AM5 | LGA1150 | LGA1151 | LGA1155 | LGA1156 | LGA1200 | LGA1700 | LGA1851 | LGA2011 | LGA2011-3 | LGA2066 | ,Yes - 360 mm ,No 
Cooler Master MasterLiquid 360L Core ARGB,Cooler Master ,MasterLiquid 360L Core ARGB ,MLW-D36M-A18PZ-RW ,350 - 1750 RPM ,27.2 dB ,White ,47 mm , AM2 | AM2+ | AM3 | AM3+ | AM4 | AM5 | FM1 | FM2 | FM2+ | LGA1150 | LGA1151 | LGA1155 | LGA1156 | LGA1200 | LGA1700 | LGA1851 | ,Yes - 360 mm ,No 
NZXT Kraken X63,NZXT ,Kraken X63 ,RL-KRX63-01 ,500 - 2000 RPM ,21 - 38 dB ,Black ,, AM4 | AM5 | sTR4 | sTRX4 | LGA1150 | LGA1151 | LGA1155 | LGA1156 | LGA1200 | LGA1366 | LGA1700 | LGA1851 | LGA2011 | LGA2011-3 | LGA2066 | ,Yes - 280 mm ,No 
Thermalright Trofeo Vision ARGB 360,Thermalright ,Trofeo Vision ARGB 360 , Trofeo Vision 360 ARGB BLACK | TV360 ARGB BLACK D6 | ,2150 RPM ,27 dB ,Black ,102 mm , AM4 | AM5 | LGA1150 | LGA1151 | LGA1155 | LGA1156 | LGA1200 | LGA1700 | LGA1851 | LGA2011 | LGA2011-3 | LGA2066 | ,Yes - 360 mm ,No 
Lian Li Galahad II Lite Performance,Lian Li ,, GA2L36PB | G89.GA2L36PB.00 | ,200 - 2500 RPM ,29.8 dB ,Black ,67 mm , AM4 | AM5 | LGA1150 | LGA1151 | LGA1155 | LGA1156 | LGA1200 | LGA1700 | LGA1851 | ,Yes - 360 mm ,No 
Asus ROG STRIX LC 360 RGB White Edition,Asus ,ROG STRIX LC 360 RGB White Edition , ROG STRIX LC 360 RGB White | ROG Strix LC 360 RGB White Edition | 90RC0072-M0AAY0 | 90RC0072-M0UAY0 | ,800 - 2500 RPM ,37.6 dB ,White ,, AM4 | AM5 | sTR4 | sTRX4 | LGA1150 | LGA1151 | LGA1155 | LGA1156 | LGA1200 | LGA1366 | LGA2011 | LGA2011-3 | LGA2066 | ,Yes - 360 mm ,No 
ARCTIC Liquid Freezer III 280 A-RGB,ARCTIC ,Liquid Freezer III 280 A-RGB ,ACFRE00151A ,200 - 1900 RPM ,,White ,, AM4 | AM5 | LGA1700 | LGA1851 | ,Yes - 280 mm ,No 
NZXT Kraken Core 360 RGB,NZXT ,Kraken Core 360 RGB ,RL-KR36C-B1 ,500 - 2400 RPM ,31.9 dB ,Black ,64 mm , AM4 | AM5 | LGA1150 | LGA1151 | LGA1155 | LGA1156 | LGA1200 | LGA1700 | LGA1851 | ,Yes - 360 mm ,No 
be quiet! Silent Loop 3,be quiet! ,,BW024 ,2500 RPM ,18.7 - 36.9 dB ,Black ,94 mm , AM4 | AM5 | LGA1150 | LGA1151 | LGA1155 | LGA1156 | LGA1200 | LGA1700 | LGA1851 | ,Yes - 240 mm ,No 
Asus Prime LC 360 ARGB,Asus ,, Prime LC 360 ARGB | 90RC0101-B0JAY0 | 90RC0101-B0EAY0 | 90RC0101-B0UAY0 | 90RC0101-B0CAY0 | 90RC0101-B0TAY0 | 90RC0101-B0AAY0 | 90RC0101-S0P000 | ,600 - 2200 RPM ,,Black ,68 mm , AM4 | AM5 | LGA1150 | LGA1151 | LGA1155 | LGA1156 | LGA1200 | LGA1700 | LGA1851 | ,Yes - 360 mm ,No 
Lian Li GALAHAD AIO 360 RGB,Lian Li ,GALAHAD AIO 360 RGB ,GALAHAD AIO 360 RGB WHITE ,800 - 1900 RPM ,,White / Silver ,62 mm , AM4 | AM5 | LGA775 | LGA1150 | LGA1151 | LGA1155 | LGA1156 | LGA1200 | LGA1366 | LGA1700 | LGA1851 | LGA2011 | LGA2011-3 | LGA2066 | ,Yes - 360 mm ,No 
be quiet! Pure Rock Pro 3 LX,be quiet! ,,BK043 ,2000 RPM ,14 - 34.8 dB ,Black ,155 mm , AM4 | AM5 | LGA1150 | LGA1151 | LGA1155 | LGA1156 | LGA1200 | LGA1700 | LGA1851 | ,No ,No 
NZXT Kraken 240 RGB,NZXT ,Kraken 240 RGB ,RL-KR240-W1 ,500 - 1800 RPM ,17.9 - 30.6 dB ,White ,56 mm , AM4 | AM5 | sTR4 | sTRX4 | LGA1150 | LGA1151 | LGA1155 | LGA1156 | LGA1200 | LGA1700 | LGA1851 | ,Yes - 240 mm ,No 
Thermalright AXP120-X67,Thermalright ,,AXP120-X67 ,1800 RPM ,26.1 dB ,Gray ,67 mm , AM4 | AM5 | LGA1150 | LGA1151 | LGA1155 | LGA1156 | LGA1200 | LGA1700 | LGA1851 | ,No ,No 
Thermalright Assassin Spirit V2,Thermalright ,,AS120 V2 ,1500 RPM ,25.6 dB ,Gray ,154 mm , AM4 | AM5 | LGA1150 | LGA1151 | LGA1155 | LGA1156 | LGA1200 | LGA1700 | LGA1851 | ,No ,No 
Thermalright Frozen Notte ARGB,Thermalright ,, Frozen Notte 360 WHITE ARGB-D1 | Frozen Notte 360 WHITE ARGB | ,2000 RPM ,27.7 dB ,White ,, AM2 | AM2+ | AM3 | AM3+ | AM4 | AM5 | FM1 | FM2 | FM2+ | LGA1150 | LGA1151 | LGA1155 | LGA1156 | LGA1200 | LGA1700 | LGA1851 | LGA2011 | LGA2011-3 | LGA2066 | ,Yes - 360 mm ,No 
NZXT Kraken Elite 360 RGB,NZXT ,Kraken Elite 360 RGB ,RL-KR36E-B1 ,500 - 1800 RPM ,17.9 - 30.6 dB ,Black ,60 mm , AM4 | AM5 | sTR4 | sTRX4 | LGA1150 | LGA1151 | LGA1155 | LGA1156 | LGA1200 | LGA1700 | LGA1851 | ,Yes - 360 mm ,No 
Thermalright Phantom Spirit 120 Digital EVO,Thermalright ,, Phantom Spirit 120 Digital EVO | PS120 D EVO D6 | ,2150 RPM ,27 dB ,Black ,160 mm , AM4 | AM5 | LGA1150 | LGA1151 | LGA1155 | LGA1156 | LGA1200 | LGA1700 | LGA1851 | ,No ,No 
MSI MAG CORELIQUID I360,MSI ,, MAG CORELIQUID I360 | CLI360 | 306-7ZW8A11-C24 | ,,,Black ,62 mm , AM4 | AM5 | LGA1150 | LGA1151 | LGA1155 | LGA1156 | LGA1200 | LGA1700 | LGA1851 | ,Yes - 360 mm ,No 
be quiet! Pure Loop 3,be quiet! ,, BW028 | BW028EU | BW028US | ,1800 RPM ,16.5 - 36.6 dB ,Black ,, AM4 | AM5 | LGA1150 | LGA1151 | LGA1155 | LGA1156 | LGA1200 | LGA1700 | LGA1851 | ,Yes - 280 mm ,No 
Corsair H115i PRO,Corsair ,H115i PRO ,CW-9060032-WW ,1200 RPM ,20.4 dB ,,, AM2 | AM2+ | AM3 | AM3+ | AM4 | AM5 | sTR4 | sTRX4 | FM1 | FM2 | FM2+ | LGA1150 | LGA1151 | LGA1155 | LGA1156 | LGA1200 | LGA1366 | LGA2011 | LGA2011-3 | LGA2066 | ,Yes - 280 mm ,No 
NZXT Kraken Plus 240 RGB,NZXT ,Kraken Plus 240 RGB ,RL-KR240-W2 ,500 - 2400 RPM ,31.9 dB ,White ,56 mm , AM4 | AM5 | LGA1150 | LGA1151 | LGA1155 | LGA1156 | LGA1200 | LGA1700 | LGA1851 | ,Yes - 240 mm ,No 
ARCTIC Freezer 36,ARCTIC ,Freezer 36 ,ACFRE00121A ,200 - 1800 RPM ,,Black / Silver ,159 mm , AM4 | AM5 | LGA1700 | LGA1851 | ,No ,No 
Noctua NH-D12L CHROMAX.BLACK,Noctua ,, NH-D12L CHROMAX.BLACK | NH-D12L CH.BK | NH-D12L-CH-BK | ,450 - 2000 RPM ,18.8 - 22.6 dB ,Black ,145 mm , AM2 | AM2+ | AM3 | AM3+ | AM4 | AM5 | FM1 | FM2 | FM2+ | LGA1150 | LGA1151 | LGA1155 | LGA1156 | LGA1200 | LGA1700 | LGA1851 | ,No ,No 
APNX AP1-V,APNX ,, AP1-5pipe ARGB BK | APTC-PF30517.11 | APNX-A1-5PIPE-ARGB-BK | ,600 - 1800 RPM ,16.1 - 32.8 dB ,Black ,165 mm , AM4 | AM5 | LGA1150 | LGA1151 | LGA1155 | LGA1156 | LGA1200 | LGA1700 | LGA1851 | ,No ,No 
NZXT Kraken 120,NZXT ,Kraken 120 ,RL-KR120-B1 ,500 - 2000 RPM ,21 - 36 dB ,Black ,, AM2 | AM2+ | AM3 | AM3+ | AM4 | AM5 | FM1 | FM2 | FM2+ | LGA1150 | LGA1151 | LGA1155 | LGA1156 | LGA1200 | LGA1366 | LGA1700 | LGA1851 | LGA2011 | LGA2011-3 | LGA2066 | ,Yes - 120 mm ,No 
ARCTIC Alpine 23 CO,ARCTIC ,Alpine 23 CO ,ACALP00036A ,100 - 2000 RPM ,,Black ,65 mm , AM4 | AM5 | ,No ,No 
Deepcool AK620 DIGITAL,Deepcool ,, R-AK620-BKADMN-G | AK620 Digital | ,500 - 1850 RPM ,28 dB ,Black ,162 mm , AM4 | AM5 | LGA1150 | LGA1151 | LGA1155 | LGA1156 | LGA1200 | LGA1700 | LGA1851 | LGA2011 | LGA2011-3 | LGA2066 | ,No ,No 
DARKROCK AC400,DARKROCK ,,AC400 ,700 - 1800 RPM ,22.3 dB ,Black ,152 mm , AM4 | AM5 | LGA1150 | LGA1151 | LGA1155 | LGA1156 | LGA1200 | LGA1700 | LGA1851 | ,No ,No 
iBuypower AW4,iBuypower ,,FAN-IBP-006-B-R ,700 - 2000 RPM ,38 dB ,Black ,, AM4 | AM5 | LGA1150 | LGA1151 | LGA1155 | LGA1156 | LGA1200 | LGA1700 | LGA1851 | ,Yes - 360 mm ,No 
ID-COOLING FROZN A720 BLACK,ID-COOLING ,,FROZN A720 BLACK ,500 - 2000 RPM ,33.5 dB ,Black ,163 mm , AM4 | AM5 | LGA1150 | LGA1151 | LGA1155 | LGA1156 | LGA1200 | LGA1700 | LGA1851 | LGA2011 | LGA2011-3 | LGA2066 | ,No ,No 
Vetroo V5,Vetroo ,V5 , VT-CPU-V5 | VT-CPU-V5-BK | ,800 - 1700 RPM ,30.8 dB ,Black ,148 mm , AM2 | AM2+ | AM3 | AM3+ | AM4 | AM5 | FM1 | FM2 | FM2+ | LGA1150 | LGA1151 | LGA1155 | LGA1156 | LGA1200 | LGA1700 | LGA1851 | ,No ,No 
Thermalright Assassin Spirit V2 Plus,Thermalright ,, AS120 V2 PLUS | Assassin Spirit 120 V2 PLUS | AS120 V2 PLUS D6 | Assassin Spirit 120 PLUS V2 | ,1500 RPM ,25.6 dB ,Gray ,154 mm , AM4 | AM5 | LGA1150 | LGA1151 | LGA1155 | LGA1156 | LGA1200 | LGA1700 | LGA1851 | ,No ,No 
NZXT Kraken Z73,NZXT ,Kraken Z73 ,RL-KRZ73-01 ,500 - 1800 RPM ,21 - 36 dB ,Black ,, AM4 | AM5 | sTR4 | sTRX4 | LGA1150 | LGA1151 | LGA1155 | LGA1156 | LGA1200 | LGA1366 | LGA1700 | LGA1851 | LGA2011 | LGA2011-3 | LGA2066 | ,Yes - 360 mm ,No 
Thermalright Peerless Assassin 90 SE,Thermalright ,Peerless Assassin 90 SE ,PA90 SE BLACK ,2200 RPM ,23.85 dB ,Black ,110 mm , AM4 | AM5 | LGA1150 | LGA1151 | LGA1155 | LGA1156 | LGA1200 | LGA1700 | LGA1851 | ,No ,No 
Montech HyperFlow Silent 360,Montech ,HyperFlow Silent 360 , HyperFlow Silent 360 Black | HyperFlow Silent 360 (B) | ,800 - 2200 RPM ,24.8 dB ,Black ,53 mm , AM4 | AM5 | LGA1150 | LGA1151 | LGA1155 | LGA1156 | LGA1200 | LGA1700 | LGA1851 | LGA2011 | LGA2011-3 | LGA2066 | ,Yes - 360 mm ,No 
be quiet! Light Loop,be quiet! ,,BW022 ,1500 - 2900 RPM ,17.2 - 36.8 dB ,Black ,, AM4 | AM5 | LGA1150 | LGA1151 | LGA1155 | LGA1156 | LGA1200 | LGA1700 | LGA1851 | ,Yes - 360 mm ,No 
Corsair H100i v2,Corsair ,H100i v2 , CW-9060025-WW | H100i v2 | ,2435 RPM ,37.7 dB ,,, AM2 | AM2+ | AM3 | AM3+ | AM4 | AM5 | sTR4 | sTRX4 | FM1 | FM2 | FM2+ | LGA1150 | LGA1151 | LGA1155 | LGA1156 | LGA1200 | LGA1366 | LGA2011 | LGA2011-3 | LGA2066 | ,Yes - 240 mm ,No 
Asus TUF Gaming LC III ARGB LCD,Asus ,, tuf-gaming-lc-iii-360-argb-lcd | 90RC01A1-B0EAY0 | ,650 - 2600 RPM ,37.4 dB ,Black ,67 mm , AM4 | AM5 | LGA1150 | LGA1151 | LGA1155 | LGA1156 | LGA1200 | LGA1700 | LGA1851 | ,Yes - 360 mm ,No 
Noctua NH-P1,Noctua ,,NH-P1 ,,0 dB ,Silver ,158 mm , AM2 | AM2+ | AM3 | AM3+ | AM4 | AM5 | FM1 | FM2 | FM2+ | LGA1150 | LGA1151 | LGA1155 | LGA1156 | LGA1200 | LGA1700 | LGA1851 | LGA2011 | LGA2011-3 | LGA2066 | ,No ,Yes 
EK Nucleus AIO CR240 Dark,EK ,Nucleus AIO CR240 Dark ,3831109900185 ,550 - 2300 RPM ,36 dB ,Black ,, AM4 | AM5 | LGA1150 | LGA1151 | LGA1155 | LGA1156 | LGA1200 | LGA1700 | LGA1851 | LGA2011 | LGA2011-3 | LGA2066 | ,Yes - 240 mm ,No 
ARCTIC Alpine 17,ARCTIC ,Alpine 17 ,ACALP00040A ,100 - 2000 RPM ,,Black / White ,77 mm , LGA1700 | LGA1851 | ,No ,No 
Thermalright AXP120-X67,Thermalright ,,AXP120-X67 WHITE ARGB ,1800 RPM ,26.1 dB ,White ,67 mm , AM4 | AM5 | LGA1150 | LGA1151 | LGA1155 | LGA1156 | LGA1200 | LGA1700 | LGA1851 | ,No ,No 
Thermalright Frozen Prism ARGB,Thermalright ,, Frozen Prism 360 WHITE ARGB | FP360 WHITE ARGB D6M | ,1850 RPM ,27 dB ,White ,, AM4 | AM5 | LGA1150 | LGA1151 | LGA1155 | LGA1156 | LGA1200 | LGA1366 | LGA1700 | LGA1851 | LGA2011 | LGA2011-3 | LGA2066 | ,Yes - 360 mm ,No 
Scythe Fuma 3,Scythe ,,SCFM-3000 ,200 - 1500 RPM ,4 - 28.6 dB ,Black / Silver ,154 mm , AM4 | AM5 | LGA1150 | LGA1151 | LGA1155 | LGA1156 | LGA1200 | LGA1700 | LGA1851 | LGA2011 | LGA2011-3 | LGA2066 | ,No ,No 
Thermalright Peerless Assassin 140,Thermalright ,Peerless Assassin 140 , Peerless Assassin 140 WHITE | PA140 WHITE | ,1500 RPM ,25.6 dB ,White ,158 mm , AM4 | AM5 | LGA1150 | LGA1151 | LGA1155 | LGA1156 | LGA1200 | LGA1700 | LGA1851 | LGA2011 | LGA2011-3 | LGA2066 | ,No ,No 
Deepcool ASSASSIN IV,Deepcool ,, R-ASN4-BKNNMT-G | ASSASSIN IV | ,500 - 1700 RPM ,22.6 - 29.3 dB ,Black ,164 mm , AM4 | AM5 | LGA1150 | LGA1151 | LGA1155 | LGA1156 | LGA1200 | LGA1700 | LGA1851 | LGA2011 | LGA2011-3 | LGA2066 | ,No ,No 
Lian Li Galahad II LCD SL-INF,Lian Li ,, GA2ALCD36INW | G89.GA2ALCD36INW.00 | ,,29 dB ,White ,, AM4 | AM5 | LGA1150 | LGA1151 | LGA1155 | LGA1156 | LGA1200 | LGA1700 | LGA1851 | ,Yes - 360 mm ,No 
Noctua NH-L12Sx77,Noctua ,,NH-L12Sx77 ,450 - 1850 RPM ,16.8 - 23.9 dB ,Silver / Beige ,77 mm , AM2 | AM2+ | AM3 | AM3+ | AM4 | AM5 | FM1 | FM2 | FM2+ | LGA1150 | LGA1151 | LGA1155 | LGA1156 | LGA1200 | LGA1700 | LGA1851 | ,No ,No 
Lian Li Hydroshift II LCD-C CL,Lian Li ,, GHS2LCD36RW | G89.GHS2LCD36RW.00 | HS2LCD36RW | ,200 - 2600 RPM ,31 dB ,White ,69 mm , AM4 | AM5 | LGA1700 | LGA1851 | ,Yes - 360 mm ,No 
Thermalright Frozen Infinity 240 ARGB,Thermalright ,Frozen Infinity 240 ARGB ,Frozen Infinity 240 BLACK ,2000 RPM ,28.2 dB ,Black ,60 mm , AM4 | AM5 | LGA1150 | LGA1151 | LGA1155 | LGA1156 | LGA1200 | LGA1700 | LGA1851 | LGA2011 | LGA2011-3 | LGA2066 | ,Yes - 240 mm ,No 
NZXT Kraken Plus 360 RGB,NZXT ,Kraken Plus 360 RGB ,RL-KR360-B2 ,500 - 2400 RPM ,31.9 dB ,Black ,56 mm , AM4 | AM5 | LGA1150 | LGA1151 | LGA1155 | LGA1156 | LGA1200 | LGA1700 | LGA1851 | ,Yes - 360 mm ,No 
Deepcool MYSTIQUE 360,Deepcool ,MYSTIQUE 360 , R-LX750-BKDSNMP-G-1 | Mystique 360 | MYSTIQUE360-AMAZON | ,500 - 2150 RPM ,36.49 dB ,Black ,, AM4 | AM5 | LGA1150 | LGA1151 | LGA1155 | LGA1156 | LGA1200 | LGA1700 | LGA1851 | ,Yes - 360 mm ,No 
Thermalright Assassin X Refined SE,Thermalright ,, AX120SE WHITE | AX120 REFINED SE WHITE | ,1550 RPM ,25.6 dB ,White / Silver ,148 mm , AM4 | AM5 | LGA1150 | LGA1151 | LGA1155 | LGA1156 | LGA1200 | LGA1700 | LGA1851 | ,No ,No 
Deepcool LS720,Deepcool ,LS720 , R-LS720-BKAMNT-G-1 | LS720 | R-LS720-BKAMMT-G-1 | ,500 - 2250 RPM ,32.9 dB ,Black ,, AM4 | AM5 | sTR4 | sTRX4 | LGA1150 | LGA1151 | LGA1155 | LGA1156 | LGA1200 | LGA1700 | LGA1851 | LGA2011 | LGA2011-3 | LGA2066 | ,Yes - 360 mm ,No 
Montech NX400 ARGB,Montech ,, NX400ARGBB | NX400 ARGB (B) | NX400 BLACK ARGB | ,8000 - 2000 RPM ,34.17 dB ,Black / Silver ,156 mm , AM4 | AM5 | LGA1150 | LGA1151 | LGA1155 | LGA1156 | LGA1200 | LGA1700 | LGA1851 | ,No ,No 
Thermalright Mjolnir Vision 360 ARGB,Thermalright ,Mjolnir Vision 360 ARGB , Mjolnir Vision 360 WHITE ARGB | MV360 ARGB WHITE | MJOLNIR-VISION-360-ARGB-360-WH | ,2150 RPM ,27 dB ,White ,65 mm , AM4 | AM5 | LGA1150 | LGA1151 | LGA1155 | LGA1156 | LGA1200 | LGA1700 | LGA1851 | LGA2011 | LGA2011-3 | LGA2066 | ,Yes - 360 mm ,No 
Cooler Master MasterLiquid 360 Atmos,Cooler Master ,MasterLiquid 360 Atmos ,MLX-D36M-A25PZ-R1 ,690 - 2500 RPM ,27.2 dB ,Black ,53 mm , AM4 | AM5 | LGA1150 | LGA1151 | LGA1155 | LGA1156 | LGA1200 | LGA1700 | LGA1851 | ,Yes - 360 mm ,No 
ENDORFY Spartan 5,ENDORFY ,,EY3A001 ,250 - 1500 RPM ,,Black / Silver ,146 mm , AM2 | AM2+ | AM3 | AM3+ | AM4 | AM5 | FM1 | FM2 | FM2+ | LGA1150 | LGA1151 | LGA1155 | LGA1156 | LGA1200 | LGA1700 | LGA1851 | ,No ,No 
ID-COOLING IS-67-XT,ID-COOLING ,IS-67-XT ,IS-67-XT BLACK ,500 - 2200 RPM ,35.2 dB ,Black ,67 mm , AM4 | AM5 | LGA1150 | LGA1151 | LGA1155 | LGA1156 | LGA1200 | LGA1700 | LGA1851 | ,No ,No 
Deepcool Ice Edge Mini FS V2.0,Deepcool ,Ice Edge Mini FS V2.0 ,DP-MCH2-IEMV2 ,2200 RPM ,24.7 dB ,,130 mm , AM2 | AM2+ | AM3 | AM3+ | AM4 | AM5 | FM1 | FM2 | FM2+ | LGA775 | LGA1150 | LGA1151 | LGA1155 | LGA1156 | LGA1200 | ,No ,No 
Noctua NH-L9a-AM4 chromax.black,Noctua ,, NH-L9a-AM4 chromax.black | NH-L9a-AM4 CH.BK | ,600 - 2500 RPM ,14.8 - 23.6 dB ,Black ,37 mm , AM2 | AM2+ | AM3 | AM3+ | AM4 | AM5 | FM1 | FM2 | FM2+ | ,No ,No 
Cooler Master MasterLiquid 240 ATMOS Stealth,Cooler Master ,MasterLiquid 240 ATMOS Stealth ,MLX-D24M-A24PK-R1 ,1 - 2400 RPM ,30 dB ,Black ,53 mm , AM4 | AM5 | LGA1150 | LGA1151 | LGA1155 | LGA1156 | LGA1200 | LGA1700 | LGA1851 | ,Yes - 240 mm ,No 
Thermalright Grand Vision ARGB,Thermalright ,,Grand Vision 360 ARGB BLACK ,2150 RPM ,29.4 dB ,Black ,72 mm , AM4 | AM5 | LGA1150 | LGA1151 | LGA1155 | LGA1156 | LGA1200 | LGA1700 | LGA1851 | LGA2011 | LGA2011-3 | LGA2066 | ,Yes - 360 mm ,No 
be quiet! Pure Loop 2 FX,be quiet! ,, BW013 | PURE LOOP 2 FX 240mm | ,,8 - 32.3 dB ,Black ,, AM4 | AM5 | LGA1150 | LGA1151 | LGA1155 | LGA1156 | LGA1200 | LGA1700 | LGA1851 | LGA2011 | LGA2011-3 | LGA2066 | ,Yes - 240 mm ,No 
Thermalright Aqua Elite ARGB V6,Thermalright ,, Aqua Elite 360 ARGB WHITE V6 | AE360 V6 ARGB W D6 | AQUA ELITE 360 V6 ARGB White | ,2000 RPM ,29.8 dB ,White ,54 mm , AM4 | AM5 | LGA1150 | LGA1151 | LGA1155 | LGA1156 | LGA1200 | LGA1700 | LGA1851 | ,Yes - 360 mm ,No 
Thermalright Frozen Prism ARGB,Thermalright ,,Frozen Prism 240 Black ARGB ,1850 RPM ,27 dB ,Black ,, AM4 | AM5 | LGA1150 | LGA1151 | LGA1155 | LGA1156 | LGA1200 | LGA1366 | LGA1700 | LGA1851 | LGA2011 | LGA2011-3 | LGA2066 | ,Yes - 240 mm ,No 
Thermalright RK120 SE,Thermalright ,, RK120 SE | Royal Knight 120 SE | ,1500 RPM ,25.6 dB ,Black / Silver ,155 mm , AM4 | AM5 | LGA1150 | LGA1151 | LGA1155 | LGA1156 | LGA1200 | LGA1700 | LGA1851 | ,No ,No 
ARCTIC Freezer 8A,ARCTIC ,Freezer 8A ,ACFRE00161A ,200 - 2300 RPM ,,Black / Silver ,136 mm , AM4 | AM5 | ,No ,No 
Thermalright Assassin X 90 SE ARGB,Thermalright ,Assassin X 90 SE ARGB ,AX90SE ARGB ,2200 RPM ,23.85 dB ,Black / Silver ,118 mm , AM4 | AM5 | LGA1150 | LGA1151 | LGA1155 | LGA1156 | LGA1200 | LGA1700 | LGA1851 | ,No ,No 
Thermaltake TH360 V2 ARGB Sync,Thermaltake ,TH360 V2 ARGB Sync ,CL-W362-PL12SW-A ,500 - 2000 RPM ,25.8 dB ,Black ,, AM2 | AM2+ | AM3 | AM3+ | AM4 | AM5 | FM1 | FM2 | FM2+ | LGA1150 | LGA1151 | LGA1155 | LGA1156 | LGA1200 | LGA1700 | LGA1851 | LGA2011 | LGA2011-3 | LGA2066 | ,Yes - 360 mm ,No 
Deepcool AK400 DIGITAL,Deepcool ,, R-AK400-BKADMN-G | AK400 Digital | ,500 - 1850 RPM ,28 dB ,Black ,156 mm , AM4 | AM5 | LGA1150 | LGA1151 | LGA1155 | LGA1156 | LGA1200 | LGA1700 | LGA1851 | ,No ,No 
ARCTIC Freezer 7 X CO,ARCTIC ,Freezer 7 X CO ,ACFRE00085A ,300 - 2000 RPM ,,Black / Silver ,132 mm , AM2 | AM2+ | AM3 | AM3+ | AM4 | AM5 | FM1 | FM2 | FM2+ | LGA775 | LGA1150 | LGA1151 | LGA1155 | LGA1156 | LGA1200 | ,No ,No 
Thermalright Assassin Spirit 120 EVO WHITE ARGB,Thermalright ,Assassin Spirit 120 EVO WHITE ARGB ,AS120 EVO WHITE ARGB ,1850 RPM ,27 dB ,White ,156 mm , AM4 | AM5 | LGA1150 | LGA1151 | LGA1155 | LGA1156 | LGA1200 | LGA1700 | LGA1851 | ,No ,No 
Corsair iCUE H170i ELITE LCD XT,Corsair ,iCUE H170i ELITE LCD XT ,CW-9060076-WW ,500 - 1700 RPM ,5 - 33.8 dB ,Black ,, AM2 | AM2+ | AM3 | AM3+ | AM4 | AM5 | sTR4 | sTRX4 | FM1 | FM2 | FM2+ | LGA1150 | LGA1151 | LGA1155 | LGA1156 | LGA1200 | LGA1366 | LGA1700 | LGA1851 | LGA2011 | LGA2011-3 | LGA2066 | ,Yes - 420 mm ,No 
MSI MAG CORELIQUID A13,MSI ,,MAG CORELIQUID A13 240 WHITE ,,,White ,57 mm , AM4 | AM5 | LGA1700 | LGA1851 | ,Yes - 240 mm ,No 
Thermaltake UX200 SE ARGB,Thermaltake ,,CL-P105-AL12SW-A ,800 - 1800 RPM ,25 dB ,Black ,156 mm , AM2 | AM2+ | AM3 | AM3+ | AM4 | AM5 | FM1 | FM2 | FM2+ | LGA1150 | LGA1151 | LGA1155 | LGA1156 | LGA1200 | LGA1700 | LGA1851 | ,No ,No 
Thermalright Trofeo Vision ARGB 360,Thermalright ,Trofeo Vision ARGB 360 , Trofeo Vision 360 ARGB WHITE | TV360 ARGB WHITE D6 | ,2150 RPM ,27 dB ,White ,102 mm , AM4 | AM5 | LGA1150 | LGA1151 | LGA1155 | LGA1156 | LGA1200 | LGA1700 | LGA1851 | LGA2011 | LGA2011-3 | LGA2066 | ,Yes - 360 mm ,No 
Corsair iCUE LINK H150i RGB,Corsair ,iCUE LINK H150i RGB ,CW-9061003-WW ,480 - 2400 RPM ,,Black ,, AM4 | AM5 | LGA1150 | LGA1151 | LGA1155 | LGA1156 | LGA1200 | LGA1700 | LGA1851 | ,Yes - 360 mm ,No 
Cooler Master MasterLiquid 240 Atmos,Cooler Master ,MasterLiquid 240 Atmos ,MLX-D24M-A25PZ-R1 ,690 - 2500 RPM ,27.2 dB ,Black ,53 mm , AM4 | AM5 | LGA1150 | LGA1151 | LGA1155 | LGA1156 | LGA1200 | LGA1700 | LGA1851 | ,Yes - 240 mm ,No 
ARCTIC Liquid Freezer II 360,ARCTIC ,Liquid Freezer II 360 ,ACFRE00068A ,800 - 2000 RPM ,,Black ,, AM4 | AM5 | LGA1150 | LGA1151 | LGA1155 | LGA1156 | LGA1200 | LGA1700 | LGA1851 | LGA2011 | LGA2011-3 | LGA2066 | ,Yes - 360 mm ,No 
Noctua NH-L9i-17xx,Noctua ,,NH-L9i-17xx ,600 - 2500 RPM ,14.8 - 23.6 dB ,Brown / Beige ,37 mm , LGA1700 | LGA1851 | ,No ,No 
Noctua NH-D12L,Noctua ,,NH-D12L ,450 - 2000 RPM ,18.8 - 22.6 dB ,Beige / Brown ,145 mm , AM2 | AM2+ | AM3 | AM3+ | AM4 | AM5 | FM1 | FM2 | FM2+ | LGA1150 | LGA1151 | LGA1155 | LGA1156 | LGA1200 | LGA1700 | LGA1851 | LGA2011 | LGA2011-3 | LGA2066 | ,No ,No 
Thermalright Core Vision ARGB,Thermalright ,,Core Vision 360 BLACK ARGB ,2000 RPM ,27.7 dB ,Black ,66 mm , AM4 | AM5 | LGA1150 | LGA1151 | LGA1155 | LGA1156 | LGA1200 | LGA1700 | LGA1851 | LGA2011 | LGA2011-3 | LGA2066 | ,Yes - 360 mm ,No 
ID-COOLING FROZN A410 DK,ID-COOLING ,,FROZN A410 DK ,500 - 2000 RPM ,29.85 dB ,Black ,152 mm , AM4 | AM5 | LGA1150 | LGA1151 | LGA1155 | LGA1156 | LGA1200 | LGA1700 | LGA1851 | ,No ,No 
NZXT Kraken X53,NZXT ,Kraken X53 ,RL-KRX53-01 ,500 - 2000 RPM ,21 - 36 dB ,Black ,, AM4 | AM5 | sTR4 | sTRX4 | LGA1150 | LGA1151 | LGA1155 | LGA1156 | LGA1200 | LGA1366 | LGA1700 | LGA1851 | LGA2011 | LGA2011-3 | LGA2066 | ,Yes - 240 mm ,No 
Asus TUF Gaming LC II ARGB,Asus ,, TUF Gaming LC II 360 ARGB | 90RC00M1-M0UAY0 | ,800 - 2000 RPM ,29 dB ,Black ,, AM4 | AM5 | LGA1150 | LGA1151 | LGA1155 | LGA1156 | LGA1200 | LGA1700 | LGA1851 | ,Yes - 360 mm ,No 
Thermalright AXP90-X47,Thermalright ,,AXP90-X47 ,2700 RPM ,22.4 dB ,Gray ,47 mm , AM4 | AM5 | LGA1150 | LGA1151 | LGA1155 | LGA1156 | LGA1200 | LGA1700 | LGA1851 | ,No ,No 
be quiet! Pure Rock 2,be quiet! ,Pure Rock 2 ,BK006 ,1500 RPM ,19.1 - 26.8 dB ,Silver / Black ,155 mm , AM2 | AM2+ | AM3 | AM3+ | AM4 | AM5 | FM1 | FM2 | FM2+ | LGA1150 | LGA1151 | LGA1155 | LGA1156 | LGA1200 | LGA1700 | LGA1851 | LGA2011 | LGA2011-3 | LGA2066 | ,No ,No 
Cooler Master Hyper 212 Halo,Cooler Master ,Hyper 212 Halo ,RR-S4WW-20PA-R1 ,650 - 2050 RPM ,27 dB ,White ,154 mm , AM4 | AM5 | LGA1150 | LGA1151 | LGA1155 | LGA1156 | LGA1200 | LGA1700 | LGA1851 | ,No ,No 
ARCTIC Liquid Freezer II 240,ARCTIC ,Liquid Freezer II 240 , ACFRE00046A | ACFRE00046B | ,200 - 1800 RPM ,,Black ,, AM4 | AM5 | LGA1150 | LGA1151 | LGA1155 | LGA1156 | LGA1200 | LGA1700 | LGA1851 | LGA2011 | LGA2011-3 | LGA2066 | ,Yes - 240 mm ,No 
NZXT Kraken Elite 240 RGB (2024),NZXT ,Kraken Elite 240 RGB (2024) ,RL-KR24E-W2 ,500 - 2400 RPM ,30 dB ,White ,, AM4 | AM5 | LGA1150 | LGA1151 | LGA1155 | LGA1156 | LGA1200 | LGA1700 | LGA1851 | ,Yes - 240 mm ,No 
be quiet! Pure Rock 3 LX,be quiet! ,,BK040 ,2000 RPM ,14 - 34.8 dB ,Black ,155 mm , AM4 | AM5 | LGA1150 | LGA1151 | LGA1155 | LGA1156 | LGA1200 | LGA1700 | LGA1851 | ,No ,No 
Asus Prime LC 360 ARGB,Asus ,Prime LC 360 ARGB , 90RC0102-B0AAY0 | PRIME LC 360 ARGB WHT | PRIME LC 360 ARGB WH | PRIME LC 360 ARGB WHITE | 90RC0102-B0EAY0 | ,800 - 2500 RPM ,36.5 dB ,White ,62 mm , AM4 | AM5 | LGA1150 | LGA1151 | LGA1155 | LGA1156 | LGA1200 | LGA1700 | LGA1851 | ,Yes - 360 mm ,No 
ID-COOLING FROSTFLOW X,ID-COOLING ,,FROSTFLOW X 280 ,800 - 1600 RPM ,16.8 - 32.6 dB ,Black / Silver ,, AM4 | AM5 | LGA1150 | LGA1151 | LGA1155 | LGA1156 | LGA1200 | LGA1700 | LGA1851 | LGA2011 | LGA2011-3 | LGA2066 | ,Yes - 280 mm ,No 
Scythe SHURIKEN 3,Scythe ,SHURIKEN 3 ,SCSK-3000 ,300 - 2500 RPM ,1.8 - 31.78 dB ,Black ,39 mm , AM4 | AM5 | LGA1150 | LGA1151 | LGA1155 | LGA1156 | LGA1200 | LGA1700 | LGA1851 | ,No ,No 
NZXT Kraken Core 240 RGB,NZXT ,Kraken Core 240 RGB ,RL-KR24C-B1 ,500 - 2400 RPM ,31.9 dB ,Black ,64 mm , AM4 | AM5 | LGA1150 | LGA1151 | LGA1155 | LGA1156 | LGA1200 | LGA1700 | LGA1851 | ,Yes - 240 mm ,No 
Cooler Master MasterLiquid 240L Core ARGB,Cooler Master ,MasterLiquid 240L Core ARGB ,MLW-D24M-A18PZ-RW ,350 - 1750 RPM ,27.2 dB ,White ,47 mm , AM2 | AM2+ | AM3 | AM3+ | AM4 | AM5 | FM1 | FM2 | FM2+ | LGA1150 | LGA1151 | LGA1155 | LGA1156 | LGA1200 | LGA1700 | LGA1851 | ,Yes - 240 mm ,No 
Thermalright Assassin X Refined SE RGB,Thermalright ,, AX120 SE ARGB WHITE-D2 | AX120 SE ARGB WHITE | AX120 REFINED SE WHT ARGB | AX120 REFINED SE WHITE ARGB | ,1550 RPM ,25.6 dB ,White / Silver ,148 mm , AM4 | AM5 | LGA1150 | LGA1151 | LGA1155 | LGA1156 | LGA1200 | LGA1700 | LGA1851 | ,No ,No 
Cooler Master Hyper 612 APEX,Cooler Master ,,MAP-T6PN-225PK-R1 ,,30 dB ,Black ,159 mm , AM4 | AM5 | LGA1150 | LGA1151 | LGA1155 | LGA1156 | LGA1200 | LGA1700 | LGA1851 | ,No ,No 
Deepcool AG200,Deepcool ,, R-AG200-BKNNMN-G | AG200 | ,500 - 3050 RPM ,30.5 dB ,Black / Silver ,133 mm , AM4 | AM5 | LGA1150 | LGA1151 | LGA1155 | LGA1156 | LGA1200 | LGA1700 | LGA1851 | ,No ,No 
Scythe Mugen 5 Rev. B,Scythe ,Mugen 5 Rev. B ,SCMG-5100 ,300 - 1200 RPM ,4 - 24.9 dB ,Silver / Black ,154 mm , AM2 | AM2+ | AM3 | AM3+ | AM4 | AM5 | FM1 | FM2 | FM2+ | LGA775 | LGA1150 | LGA1151 | LGA1155 | LGA1156 | LGA1200 | LGA1366 | LGA1700 | LGA1851 | LGA2011 | LGA2011-3 | LGA2066 | ,No ,No 
be quiet! Light Loop,be quiet! ,,BW023 ,1500 - 2900 RPM ,17.2 - 36.8 dB ,White ,, AM4 | AM5 | LGA1150 | LGA1151 | LGA1155 | LGA1156 | LGA1200 | LGA1700 | LGA1851 | ,Yes - 360 mm ,No 
Thermalright Phantom Spirit 120 Digital SNOW,Thermalright ,, Phantom Spirit 120 Digital SNOW | PS120 D SNOW D6 | ,2150 RPM ,27 dB ,White ,160 mm , AM4 | AM5 | LGA1150 | LGA1151 | LGA1155 | LGA1156 | LGA1200 | LGA1700 | LGA1851 | ,No ,No 
Thermalright Mjolnir Vision 360 ARGB,Thermalright ,Mjolnir Vision 360 ARGB , Mjolnir Vision 360 BLACK ARGB | MJOLNIR-VISION-360-ARGB-360-BK | MV360 ARGB BLACK | ,2150 RPM ,27 dB ,Black ,65 mm , AM4 | AM5 | LGA1150 | LGA1151 | LGA1155 | LGA1156 | LGA1200 | LGA1700 | LGA1851 | LGA2011 | LGA2011-3 | LGA2066 | ,Yes - 360 mm ,No 
Asus ProArt LC 360,Asus ,, ProArt LC 360 | 90RC0120-M0AAY0 | 90RC0120-M0CAY0 | 90RC0120-M0UAY0 | 90RC0120-M0JAY0 | 90RC0120-M0TAY0 | ,,0 - 39.5 dB ,Black ,49 mm , AM4 | AM5 | LGA1150 | LGA1151 | LGA1155 | LGA1156 | LGA1200 | LGA1700 | LGA1851 | ,Yes - 360 mm ,No 
Corsair H60 (2018),Corsair ,H60 (2018) ,CW-9060036-WW ,1700 RPM ,28.3 dB ,Black ,, AM2 | AM2+ | AM3 | AM3+ | AM4 | AM5 | FM1 | FM2 | FM2+ | LGA1150 | LGA1151 | LGA1155 | LGA1156 | LGA1200 | LGA1366 | LGA1700 | LGA1851 | LGA2011 | LGA2011-3 | LGA2066 | ,Yes - 120 mm ,No 
Montech HyperFlow Silent 360,Montech ,HyperFlow Silent 360 , HyperFlow Silent 360 White | HyperFlow Silent 360 (W) | ,800 - 2200 RPM ,24.8 dB ,White ,53 mm , AM4 | AM5 | LGA1150 | LGA1151 | LGA1155 | LGA1156 | LGA1200 | LGA1700 | LGA1851 | LGA2011 | LGA2011-3 | LGA2066 | ,Yes - 360 mm ,No 
Deepcool LE240 V2,Deepcool ,LE240 V2 ,R-LE240-BKAMMC-G-2 ,500 - 2100 RPM ,31.6 dB ,Black ,65 mm , AM4 | AM5 | LGA1150 | LGA1151 | LGA1155 | LGA1156 | LGA1200 | LGA1700 | LGA1851 | ,Yes - 240 mm ,No 
Gigabyte AORUS WATERFORCE II 360,Gigabyte ,, AORUS WATERFORCE II 360 | GP-AORUS WATERFORCE II 360 | ,800 - 2300 RPM ,12.8 - 36.9 dB ,Black ,65 mm , AM4 | AM5 | LGA1150 | LGA1151 | LGA1155 | LGA1156 | LGA1200 | LGA1700 | LGA1851 | ,Yes - 360 mm ,No 
Cooler Master MasterLiquid 360 ATMOS Stealth,Cooler Master ,MasterLiquid 360 ATMOS Stealth ,MLX-D36M-A24PK-R1 ,1 - 2400 RPM ,30 dB ,Black ,53 mm , AM4 | AM5 | LGA1150 | LGA1151 | LGA1155 | LGA1156 | LGA1200 | LGA1700 | LGA1851 | ,Yes - 360 mm ,No 
Cooler Master MasterLiquid ML360R RGB,Cooler Master ,MasterLiquid ML360R RGB ,MLX-D36M-A20PC-R1 ,650 - 2000 RPM ,6 - 34 dB ,Black ,, AM2 | AM2+ | AM3 | AM3+ | AM4 | AM5 | FM1 | FM2 | FM2+ | LGA775 | LGA1150 | LGA1151 | LGA1155 | LGA1156 | LGA1200 | LGA1366 | LGA1700 | LGA1851 | LGA2011 | LGA2011-3 | LGA2066 | ,Yes - 360 mm ,No 
MSI MAG CORELIQUID E360,MSI ,, MAG CORELIQUID E360 | 306-7ZW6E11-C24 | 306-7ZW6E17-C24 | ,,,Black ,, AM4 | AM5 | LGA1150 | LGA1151 | LGA1155 | LGA1156 | LGA1200 | LGA1700 | LGA1851 | ,Yes - 360 mm ,No 
Thermalright AXP90-X53,Thermalright ,,AXP90-X53 ,2700 RPM ,22.4 dB ,Gray ,53 mm , AM4 | AM5 | LGA1150 | LGA1151 | LGA1155 | LGA1156 | LGA1200 | LGA1700 | LGA1851 | ,No ,No 
ID-COOLING FX360 INF,ID-COOLING ,FX360 INF ,FX360 INF PINK ,2900 RPM ,25 dB ,Pink ,, AM4 | AM5 | LGA1150 | LGA1151 | LGA1155 | LGA1156 | LGA1200 | LGA1700 | LGA1851 | ,Yes - 360 mm ,No 
Corsair iCUE H150i ELITE LCD XT,Corsair ,iCUE H150i ELITE LCD XT ,CW-9060077-WW ,550 - 2100 RPM ,5 - 31.1 dB ,White / Gray ,, AM2 | AM2+ | AM3 | AM3+ | AM4 | AM5 | sTR4 | sTRX4 | FM1 | FM2 | FM2+ | LGA1150 | LGA1151 | LGA1155 | LGA1156 | LGA1200 | LGA1366 | LGA1700 | LGA1851 | LGA2011 | LGA2011-3 | LGA2066 | ,Yes - 360 mm ,No 
NZXT Kraken 240 RGB,NZXT ,Kraken 240 RGB ,RL-KR240-B1 ,500 - 1800 RPM ,17.9 - 30.6 dB ,Black ,56 mm , AM4 | AM5 | sTR4 | sTRX4 | LGA1150 | LGA1151 | LGA1155 | LGA1156 | LGA1200 | LGA1700 | LGA1851 | ,Yes - 240 mm ,No 
NZXT Kraken 360 RGB,NZXT ,Kraken 360 RGB ,RL-KR360-B1 ,500 - 1800 RPM ,17.9 - 30.6 dB ,Black ,56 mm , AM4 | AM5 | sTR4 | sTRX4 | LGA1150 | LGA1151 | LGA1155 | LGA1156 | LGA1200 | LGA1700 | LGA1851 | ,Yes - 360 mm ,No 
Corsair iCUE H100i RGB PRO XT,Corsair ,iCUE H100i RGB PRO XT ,CW-9060043-WW ,2400 RPM ,37 dB ,Black ,, AM2 | AM2+ | AM3 | AM3+ | AM4 | AM5 | sTR4 | sTRX4 | FM1 | FM2 | FM2+ | LGA1150 | LGA1151 | LGA1155 | LGA1156 | LGA1200 | LGA1700 | LGA1851 | LGA2011 | LGA2011-3 | LGA2066 | ,Yes - 240 mm ,No 
Thermalright AQUA ELITE ARGB V4,Thermalright ,,AQUA ELITE 240 ARGB V4 ,1550 RPM ,25.6 dB ,Black ,48 mm , AM2 | AM2+ | AM3 | AM3+ | AM4 | AM5 | FM1 | FM2 | FM2+ | LGA1150 | LGA1151 | LGA1155 | LGA1156 | LGA1200 | LGA1700 | LGA1851 | LGA2011 | LGA2011-3 | LGA2066 | ,Yes - 240 mm ,No 
Thermalright Frozen Warframe 240 SE ARGB,Thermalright ,Frozen Warframe 240 SE ARGB , Frozen Warframe 240 SE ARGB BLACK | FW240 SE ARGB BLACK | ,2000 RPM ,29.8 dB ,Black ,59 mm , AM4 | AM5 | LGA1150 | LGA1151 | LGA1155 | LGA1156 | LGA1200 | LGA1700 | LGA1851 | ,Yes - 240 mm ,No 
Corsair iCUE LINK TITAN 240 RX LCD,Corsair ,iCUE LINK TITAN 240 RX LCD ,CW-9061022-WW ,300 - 2100 RPM ,10 - 36 dB ,Black ,, AM4 | AM5 | LGA1700 | LGA1851 | ,Yes - 240 mm ,No 
Thermaltake CL-P0503,Thermaltake ,,CL-P0503 ,2900 RPM ,29.58 dB ,,63 mm , AM2 | AM2+ | AM3 | AM3+ | FM1 | FM2 | FM2+ | ,No ,No 
ARCTIC Alpine 17 CO,ARCTIC ,Alpine 17 CO ,ACALP00041A ,250 - 2700 RPM ,,Black ,77 mm , LGA1700 | LGA1851 | ,No ,No 
Montech HyperFlow ARGB 240,Montech ,HyperFlow ARGB 240 ,HyperFlow ARGB 240 Black ,2200 RPM ,29.1 dB ,Black ,, AM2 | AM2+ | AM3 | AM3+ | AM4 | AM5 | FM1 | FM2 | FM2+ | LGA1150 | LGA1151 | LGA1155 | LGA1156 | LGA1200 | LGA1700 | LGA1851 | LGA2011 | LGA2011-3 | LGA2066 | ,Yes - 240 mm ,No 
Thermalright Royal Pretor 130,Thermalright ,,Royal Pretor 130 ,1750 RPM ,28.3 dB ,Black / Silver ,158 mm , AM4 | AM5 | LGA1150 | LGA1151 | LGA1155 | LGA1156 | LGA1200 | LGA1700 | LGA1851 | LGA2011 | LGA2011-3 | LGA2066 | ,No ,No 
Cooler Master MasterLiquid 120L Core,Cooler Master ,MasterLiquid 120L Core ,MLW-D12M-A17PK-R1 ,650 - 1750 RPM ,27.2 dB ,Black ,, AM2 | AM2+ | AM3 | AM3+ | AM4 | AM5 | FM1 | FM2 | FM2+ | LGA1150 | LGA1151 | LGA1155 | LGA1156 | LGA1200 | LGA1700 | LGA1851 | ,Yes - 120 mm ,No 
Deepcool AK620,Deepcool ,, AK620 WH | R-AK620-WHNNMT-G-1 | ,500 - 1850 RPM ,28 dB ,White ,160 mm , AM4 | AM5 | LGA1150 | LGA1151 | LGA1155 | LGA1156 | LGA1200 | LGA1700 | LGA1851 | LGA2011 | LGA2011-3 | LGA2066 | ,No ,No 
ARCTIC Liquid Freezer III 420 A-RGB,ARCTIC ,Liquid Freezer III 420 A-RGB ,ACFRE00145A ,200 - 1900 RPM ,,Black ,, AM4 | AM5 | LGA1700 | LGA1851 | ,Yes - 420 mm ,No 
be quiet! Dark Rock 4,be quiet! ,Dark Rock 4 ,BK021 ,1400 RPM ,,Black ,159 mm , AM2 | AM2+ | AM3 | AM3+ | AM4 | AM5 | FM1 | FM2 | FM2+ | LGA1150 | LGA1151 | LGA1155 | LGA1156 | LGA1200 | LGA1366 | LGA1700 | LGA1851 | LGA2011 | LGA2011-3 | LGA2066 | ,No ,No 
Thermaltake Contact 9 SE,Thermaltake ,,CL-P106-AL09WT-A ,800 - 2000 RPM ,24.5 dB ,Black / Silver ,131 mm , AM2 | AM2+ | AM3 | AM3+ | AM4 | AM5 | FM1 | FM2 | FM2+ | LGA1150 | LGA1151 | LGA1155 | LGA1156 | LGA1200 | LGA1700 | LGA1851 | ,No ,No 
be quiet! Pure Loop 3,be quiet! ,, BW027 | BW027US | BW027EU | ,2100 RPM ,15.4 - 35.2 dB ,Black ,, AM4 | AM5 | LGA1150 | LGA1151 | LGA1155 | LGA1156 | LGA1200 | LGA1700 | LGA1851 | ,Yes - 240 mm ,No 
Scythe Mugen 6 Dual Fan,Scythe ,Mugen 6 Dual Fan ,SCMG-6000DBE ,300 - 2000 RPM ,3 - 26.88 dB ,Black ,154 mm , AM4 | AM5 | LGA1150 | LGA1151 | LGA1155 | LGA1156 | LGA1200 | LGA1700 | LGA1851 | ,No ,No 
Asus ROG RYUO III 360 ARGB WHITE EDITION,Asus ,, ROG RYUO III 360 ARGB WHITE EDITION | ROG RYUO III 360 ARGB WHIT | ROG RYUO III 360 ARGB WHT | 90RC00I2-M0AAY0 | 90RC00I2-M0UAY0 | ,2200 RPM ,36.45 dB ,White ,68 mm , AM4 | AM5 | LGA1150 | LGA1151 | LGA1155 | LGA1156 | LGA1200 | LGA1700 | LGA1851 | ,Yes - 360 mm ,No 
NZXT T120 RGB,NZXT ,,RC-TR120-W1 ,500 - 1800 RPM ,17.2 - 27.5 dB ,White ,159 mm , AM4 | AM5 | LGA1150 | LGA1151 | LGA1155 | LGA1156 | LGA1200 | LGA1700 | LGA1851 | ,No ,No 
Thermaltake TH240 V2 ARGB Sync,Thermaltake ,TH240 V2 ARGB Sync ,CL-W361-PL12SW-A ,500 - 2000 RPM ,25.8 dB ,Black ,, AM2 | AM2+ | AM3 | AM3+ | AM4 | AM5 | FM1 | FM2 | FM2+ | LGA1150 | LGA1151 | LGA1155 | LGA1156 | LGA1200 | LGA1700 | LGA1851 | LGA2011 | LGA2011-3 | LGA2066 | ,Yes - 240 mm ,No 
NZXT Kraken X73,NZXT ,Kraken X73 ,RL-KRX73-01 ,500 - 2000 RPM ,21 - 36 dB ,Black ,, AM4 | AM5 | sTR4 | sTRX4 | LGA1150 | LGA1151 | LGA1155 | LGA1156 | LGA1200 | LGA1366 | LGA1700 | LGA1851 | LGA2011 | LGA2011-3 | LGA2066 | ,Yes - 360 mm ,No 
Thermalright Phantom Spirit 120 Vision EVO,Thermalright ,,Phantom Spirit 120 Vision EVO ,2150 RPM ,36 dB ,Black ,160 mm , AM4 | AM5 | LGA1150 | LGA1151 | LGA1155 | LGA1156 | LGA1200 | LGA1700 | LGA1851 | ,No ,No 
SAMA SM360 LCD,SAMA ,,SM360 LD White ,800 - 1800 RPM ,35.5 dB ,White ,, AM2 | AM2+ | AM3 | AM3+ | AM4 | AM5 | FM1 | FM2 | FM2+ | LGA1150 | LGA1151 | LGA1155 | LGA1156 | LGA1200 | LGA1700 | LGA1851 | LGA2011 | LGA2011-3 | LGA2066 | ,Yes - 360 mm ,No 
Thermalright Assassin X 120 PLUS V2,Thermalright ,Assassin X 120 PLUS V2 , AX120 V2 PLUS | AX120 V2 PLUS D6 | Assassin X 120 PLUS V2 | ,1500 RPM ,25.6 dB ,Black / Silver ,154 mm , AM4 | AM5 | LGA1150 | LGA1151 | LGA1155 | LGA1156 | LGA1200 | LGA1700 | LGA1851 | ,No ,No 
Corsair iCUE H150i ELITE CAPELLIX XT,Corsair ,iCUE H150i ELITE CAPELLIX XT ,CW-9060070-WW ,550 - 2100 RPM ,5 - 34.1 dB ,Black ,, AM4 | AM5 | sTR4 | sTRX4 | LGA1150 | LGA1151 | LGA1155 | LGA1156 | LGA1200 | LGA1700 | LGA1851 | LGA2011 | LGA2011-3 | LGA2066 | ,Yes - 360 mm ,No 
ARCTIC Liquid Freezer III Pro A-RGB,ARCTIC ,, ACFRE00189A | ARCTIC Liquid Freezer III PRO 420 ARGB White | ,400 - 2500 RPM ,,White ,68 mm , AM4 | AM5 | LGA1700 | LGA1851 | ,Yes - 420 mm ,No 
EK EK-Nucleus AIO CR360 Lux D-RGB,EK ,EK-Nucleus AIO CR360 Lux D-RGB , EK-Nucleus AIO CR360 Lux D-RGB - White | 3831109897850 | ,550 - 2300 RPM ,36 dB ,White ,, AM4 | AM5 | LGA1150 | LGA1151 | LGA1155 | LGA1156 | LGA1200 | LGA1700 | LGA1851 | LGA2011 | LGA2011-3 | LGA2066 | ,Yes - 360 mm ,No 
ARCTIC Liquid Freezer III 280,ARCTIC ,Liquid Freezer III 280 ,ACFRE00135A ,200 - 1700 RPM ,,Black ,, AM4 | AM5 | LGA1700 | LGA1851 | ,Yes - 280 mm ,No 
Deepcool LT720,Deepcool ,LT720 , R-LT720-BKAMNF-G-1 | LT720-AMAZON | LT720 | ,500 - 2250 RPM ,32.9 dB ,Black / Gray ,68 mm , AM4 | AM5 | LGA1150 | LGA1151 | LGA1155 | LGA1156 | LGA1200 | LGA1700 | LGA1851 | LGA2011 | LGA2011-3 | LGA2066 | ,Yes - 360 mm ,No 
Thermalright Burst Assassin 120 SE,Thermalright ,Burst Assassin 120 SE , BA120 SE | Burst Assassin 120 SE | ,1550 RPM ,25.6 dB ,Black / Silver ,148 mm , AM4 | AM5 | LGA1150 | LGA1151 | LGA1155 | LGA1156 | LGA1200 | LGA1700 | LGA1851 | ,No ,No 
Thermaltake UX200 SE ARGB,Thermaltake ,,CL-P116-AL12SW-A ,800 - 1800 RPM ,25 dB ,White ,156 mm , AM2 | AM2+ | AM3 | AM3+ | AM4 | AM5 | FM1 | FM2 | FM2+ | LGA1150 | LGA1151 | LGA1155 | LGA1156 | LGA1200 | LGA1700 | LGA1851 | ,No ,No 
ID-COOLING SE-214-XT ARGB,ID-COOLING ,SE-214-XT ARGB ,SE-214-XT ARGB WHITE ,500 - 1500 RPM ,13.8 - 30.5 dB ,White ,150 mm , AM4 | AM5 | LGA1150 | LGA1151 | LGA1155 | LGA1156 | LGA1200 | LGA1700 | LGA1851 | ,No ,No 
Thermalright Royal Knight 120,Thermalright ,, Royal Knight 120 | RK120 | ,2150 RPM ,29.4 dB ,Black ,156 mm , AM4 | AM5 | LGA1150 | LGA1151 | LGA1155 | LGA1156 | LGA1200 | LGA1700 | LGA1851 | LGA2011 | LGA2011-3 | LGA2066 | ,No ,No 
Thermalright Core Vision ARGB,Thermalright ,,Core Vision 360 BLACK ,2000 RPM ,27.7 dB ,Black ,66 mm , AM4 | AM5 | LGA1150 | LGA1151 | LGA1155 | LGA1156 | LGA1200 | LGA1700 | LGA1851 | LGA2011 | LGA2011-3 | LGA2066 | ,Yes - 360 mm ,No 
Noctua NH-D15S,Noctua ,,NH-D15S ,300 - 1500 RPM ,19.2 - 24.6 dB ,,160 mm , AM2 | AM2+ | AM3 | AM3+ | AM4 | AM5 | FM1 | FM2 | FM2+ | LGA1150 | LGA1151 | LGA1155 | LGA1156 | LGA1200 | LGA1700 | LGA1851 | LGA2011 | LGA2011-3 | LGA2066 | ,No ,No 
be quiet! Dark Rock Slim,be quiet! ,Dark Rock Slim ,BK024 ,1500 RPM ,11 - 23.6 dB ,Black ,159 mm , AM2 | AM2+ | AM3 | AM3+ | AM4 | AM5 | FM1 | FM2 | FM2+ | LGA1150 | LGA1151 | LGA1155 | LGA1156 | LGA1200 | LGA1366 | LGA1700 | LGA1851 | LGA2011 | LGA2011-3 | LGA2066 | ,No ,No 
Antec VORTEX 360,Antec ,VORTEX 360 , 0-761345-74047-0 | Vortex 360 ARGB | ,600 - 2000 RPM ,31.24 dB ,Black ,, AM2 | AM2+ | AM3 | AM3+ | AM4 | AM5 | sTR4 | sTRX4 | FM1 | FM2 | FM2+ | LGA1150 | LGA1151 | LGA1155 | LGA1156 | LGA1200 | LGA1700 | LGA1851 | LGA2011 | LGA2011-3 | LGA2066 | ,Yes - 360 mm ,No 
MSI MPG CORELIQUID P13,MSI ,, MPG CORELIQUID P13 360 | 306-7ZWGA11-L80 | ,500 - 2050 RPM ,,Black ,, AM4 | AM5 | LGA1700 | LGA1851 | ,Yes - 360 mm ,No 
Cooler Master Hyper 212 3DHP ARGB,Cooler Master ,,MAY-T2HP-217PA-R1 ,,22.6 dB ,Black ,158 mm , AM4 | AM5 | LGA1150 | LGA1151 | LGA1155 | LGA1156 | LGA1200 | LGA1700 | LGA1851 | ,No ,No 
be quiet! Pure Rock 2 Black,be quiet! ,Pure Rock 2 Black ,BK007 ,1500 RPM ,19.1 - 26.8 dB ,Black ,155 mm , AM2 | AM2+ | AM3 | AM3+ | AM4 | AM5 | FM1 | FM2 | FM2+ | LGA1150 | LGA1151 | LGA1155 | LGA1156 | LGA1200 | LGA1700 | LGA1851 | LGA2011 | LGA2011-3 | LGA2066 | ,No ,No 
Lian Li GALAHAD AIO 360 RGB UNI FAN SL120 EDITION,Lian Li ,GALAHAD AIO 360 RGB UNI FAN SL120 EDITION , GA-360SLB | GALAHAD 360 SL V2 Black | G89.GA360SLB.01 | ,800 - 1900 RPM ,32 dB ,Black / Silver ,62 mm , AM4 | AM5 | LGA775 | LGA1150 | LGA1151 | LGA1155 | LGA1156 | LGA1200 | LGA1366 | LGA1700 | LGA1851 | LGA2011 | LGA2011-3 | LGA2066 | ,Yes - 360 mm ,No 
ASRock Challenger Digital,ASRock ,, 90-ACLA36-BAAGA6 | Challenger 360 Digital | ,,31 dB ,Black ,54 mm , AM4 | AM5 | LGA1700 | LGA1851 | ,Yes - 360 mm ,No 
Asus ROG STRIX LC II ARGB,Asus ,, ROG STRIX LC II 240 ARGB WHITE EDITION | ROG STRIX LC II 240 ARGB WE | 90RC00E2-M0UAY0 | 90RC00E2-M0UAY4 | 90RC00E2-M0UAY2 | ,800 - 2500 RPM ,37.6 dB ,White / Black ,, AM4 | AM5 | LGA1150 | LGA1151 | LGA1155 | LGA1156 | LGA1200 | LGA1700 | LGA1851 | LGA2011-3 Narrow | ,Yes - 240 mm ,No 
Corsair H110i,Corsair ,H110i ,CW-9060026-WW ,2100 RPM ,43 dB ,,, AM2 | AM2+ | AM3 | AM3+ | AM4 | AM5 | FM1 | FM2 | FM2+ | LGA1150 | LGA1151 | LGA1155 | LGA1156 | LGA1200 | LGA1366 | LGA2011 | LGA2011-3 | LGA2066 | ,Yes - 280 mm ,No 
APNX AP1-V,APNX ,, AP1-5pipe ARGB WH | APTC-PF30517.21 | APNX A1-5PIPE ARGB WH | ,600 - 1800 RPM ,16.1 - 32.8 dB ,White ,165 mm , AM4 | AM5 | LGA1150 | LGA1151 | LGA1155 | LGA1156 | LGA1200 | LGA1700 | LGA1851 | ,No ,No 
Vetroo V5,Vetroo ,,VT-CPU-V5-PK ,800 - 1700 RPM ,30.8 dB ,Pink ,148 mm , AM2 | AM2+ | AM3 | AM3+ | AM4 | AM5 | FM1 | FM2 | FM2+ | LGA1150 | LGA1151 | LGA1155 | LGA1156 | LGA1200 | LGA1700 | LGA1851 | ,No ,No 
ID-COOLING SE-224-XTS,ID-COOLING ,,SE-224-XTS ,600 - 1500 RPM ,28.9 dB ,Black / Silver ,151 mm , AM4 | AM5 | LGA1150 | LGA1151 | LGA1155 | LGA1156 | LGA1200 | LGA1700 | LGA1851 | ,No ,No 
Thermalright Frozen Warframe ULTRA ARGB,Thermalright ,, FW360 ULTRA ARGB WHITE | Frozen Warframe 360 ULTRA WHITE ARGB | ,2000 RPM ,22.1 dB ,White ,60 mm , AM4 | AM5 | LGA1150 | LGA1151 | LGA1155 | LGA1156 | LGA1200 | LGA1700 | LGA1851 | LGA2011 | LGA2011-3 | LGA2066 | ,Yes - 360 mm ,No 
be quiet! Pure Loop 3 LX,be quiet! ,, BW031 | BW031EU | BW031US | ,2100 RPM ,17.3 - 36.9 dB ,Black ,, AM4 | AM5 | LGA1150 | LGA1151 | LGA1155 | LGA1156 | LGA1200 | LGA1700 | LGA1851 | ,Yes - 360 mm ,No 
Corsair H100i RGB PLATINUM,Corsair ,H100i RGB PLATINUM ,CW-9060039-WW ,2400 RPM ,37 dB ,Black / Silver ,, AM2 | AM2+ | AM3 | AM3+ | AM4 | AM5 | sTR4 | sTRX4 | FM1 | FM2 | FM2+ | LGA1150 | LGA1151 | LGA1155 | LGA1156 | LGA1200 | LGA1700 | LGA1851 | LGA2011 | LGA2011-3 | LGA2066 | ,Yes - 240 mm ,No 
Noctua NH-U14S,Noctua ,,NH-U14S ,300 - 1500 RPM ,19.2 - 24.6 dB ,,165 mm , AM2 | AM2+ | AM3 | AM3+ | AM4 | AM5 | FM1 | FM2 | FM2+ | LGA1150 | LGA1151 | LGA1155 | LGA1156 | LGA1200 | LGA1700 | LGA1851 | LGA2011 | LGA2011-3 | LGA2066 | ,No ,No 
be quiet! Pure Loop 2,be quiet! ,,BW019 ,,17.2 - 36.8 dB ,Black ,42 mm , AM4 | AM5 | LGA1150 | LGA1151 | LGA1155 | LGA1156 | LGA1200 | LGA1700 | LGA1851 | ,Yes - 360 mm ,No 
NZXT Kraken Elite 240 RGB (2024),NZXT ,Kraken Elite 240 RGB (2024) ,RL-KR24E-B2 ,500 - 2400 RPM ,30 dB ,Black ,, AM4 | AM5 | LGA1150 | LGA1151 | LGA1155 | LGA1156 | LGA1200 | LGA1700 | LGA1851 | ,Yes - 240 mm ,No 
Noctua NH-D9L chromax.black,Noctua ,, NH-D9L chromax.black | NH-D9L ch.bk | ,400 - 2000 RPM ,16.3 - 22.8 dB ,Black ,110 mm , AM2 | AM2+ | AM3 | AM3+ | AM4 | AM5 | FM1 | FM2 | FM2+ | LGA1150 | LGA1151 | LGA1155 | LGA1156 | LGA1200 | LGA1700 | LGA1851 | ,No ,No 
Thermalright Peerless Assassin 120 SE V2,Thermalright ,, Peerless Assassin 120 SE V2 | PA120-SE-V2 | ,1850 RPM ,29.5 dB ,Black / Silver ,155 mm , AM4 | AM5 | LGA1150 | LGA1151 | LGA1155 | LGA1156 | LGA1200 | LGA1700 | LGA1851 | ,No ,No 
Cooler Master Hyper 411 Nano,Cooler Master ,Hyper 411 Nano ,RR-H410-25PK-R1 ,650 - 2500 RPM ,30.04 dB ,Black ,136 mm , AM4 | AM5 | LGA1150 | LGA1151 | LGA1155 | LGA1156 | LGA1200 | LGA1700 | LGA1851 | ,No ,No 
Thermalright Burst Assassin 120 EVO DARK,Thermalright ,,Burst Assassin 120 EVO DARK ,1500 RPM ,25.6 dB ,Black ,156 mm , AM4 | AM5 | LGA1150 | LGA1151 | LGA1155 | LGA1156 | LGA1200 | LGA1700 | LGA1851 | ,No ,No 
Thermalright Royal Pretor 130 Ultra,Thermalright ,Royal Pretor 130 Ultra , Royal Pretor 130 Ultra BLACK | RP130 U BLACK-D2 | ,1750 RPM ,28.3 dB ,Black ,158 mm , AM4 | AM5 | LGA1150 | LGA1151 | LGA1155 | LGA1156 | LGA1200 | LGA1700 | LGA1851 | LGA2011 | LGA2011-3 | LGA2066 | ,No ,No 
Deepcool AK400,Deepcool ,, AK400 WH | R-AK400-WHNNMN-G-1 | ,500 - 1850 RPM ,29 dB ,White ,155 mm , AM4 | AM5 | LGA1150 | LGA1151 | LGA1155 | LGA1156 | LGA1200 | LGA1700 | LGA1851 | ,No ,No 
MSI MAG CORELIQUID 240R V2,MSI ,, MAG CORELIQUID 240R V2 | 306-7ZW1B41-813 | CL240RV2 | ,500 - 2000 RPM ,14.3 - 34.3 dB ,Black ,, AM2 | AM2+ | AM3 | AM3+ | AM4 | AM5 | FM1 | FM2 | FM2+ | LGA1150 | LGA1151 | LGA1155 | LGA1156 | LGA1200 | LGA1366 | LGA1700 | LGA1851 | LGA2011 | LGA2011-3 | LGA2066 | ,Yes - 240 mm ,No 
ARCTIC Liquid Freezer II 420 A-RGB,ARCTIC ,Liquid Freezer II 420 A-RGB ,ACFRE00109A ,200 - 1900 RPM ,22.5 dB ,Black ,, AM4 | AM5 | LGA1150 | LGA1151 | LGA1155 | LGA1156 | LGA1200 | LGA1700 | LGA1851 | LGA2011 | LGA2011-3 | LGA2066 | ,Yes - 420 mm ,No 
Cooler Master Hyper 212 3DHP,Cooler Master ,,MAY-T2HP-217PK-R1 ,,22.6 dB ,Black ,158 mm , AM4 | AM5 | LGA1150 | LGA1151 | LGA1155 | LGA1156 | LGA1200 | LGA1700 | LGA1851 | ,No ,No 
NZXT Kraken Z63,NZXT ,Kraken Z63 ,RL-KRZ63-01 ,500 - 1800 RPM ,21 - 38 dB ,Black ,, AM4 | AM5 | sTR4 | sTRX4 | LGA1150 | LGA1151 | LGA1155 | LGA1156 | LGA1200 | LGA1366 | LGA1700 | LGA1851 | LGA2011 | LGA2011-3 | LGA2066 | ,Yes - 280 mm ,No 
Montech NX400,Montech ,, NX400W | NX400 (W) | NX400 White | ,8000 - 2000 RPM ,34.17 dB ,White / Silver ,156 mm , AM4 | AM5 | LGA1150 | LGA1151 | LGA1155 | LGA1156 | LGA1200 | LGA1700 | LGA1851 | ,No ,No 
NZXT Kraken Elite 280 RGB (2024),NZXT ,Kraken Elite 280 RGB (2024) ,RL-KR28E-W2 ,500 - 2000 RPM ,34.5 dB ,White ,, AM4 | AM5 | LGA1150 | LGA1151 | LGA1155 | LGA1156 | LGA1200 | LGA1700 | LGA1851 | ,Yes - 280 mm ,No 
Corsair iCUE H100i ELITE LCD XT,Corsair ,iCUE H100i ELITE LCD XT ,CW-9060074-WW ,550 - 2100 RPM ,5 - 34.1 dB ,Black ,, AM2 | AM2+ | AM3 | AM3+ | AM4 | AM5 | sTR4 | sTRX4 | FM1 | FM2 | FM2+ | LGA1150 | LGA1151 | LGA1155 | LGA1156 | LGA1200 | LGA1366 | LGA1700 | LGA1851 | LGA2011 | LGA2011-3 | LGA2066 | ,Yes - 240 mm ,No 
ENDORFY Fera 5,ENDORFY ,Fera 5 ,EY3A005 ,250 - 1800 RPM ,,Black / Silver ,155 mm , AM2 | AM2+ | AM3 | AM3+ | AM4 | AM5 | FM1 | FM2 | FM2+ | LGA775 | LGA1150 | LGA1151 | LGA1155 | LGA1156 | LGA1200 | LGA1366 | LGA1700 | LGA1851 | LGA2011 | LGA2011-3 | LGA2066 | ,No ,No 
Cooler Master MasterLiquid 360 Core II,Cooler Master ,MasterLiquid 360 Core II ,MLW-D36M-A18PA-R1 ,600 - 1750 RPM ,30 dB ,Black ,52 mm , AM4 | AM5 | LGA1150 | LGA1151 | LGA1155 | LGA1156 | LGA1200 | LGA1700 | LGA1851 | LGA2011 | LGA2011-3 | LGA2066 | ,Yes - 360 mm ,No 
Jonsbo CR-1400 EVO ARGB Black,Jonsbo ,, CR-1400 EVO ARGB Black | CR-1400-EVO-ARGB | ,800 - 2200 RPM ,22.3 - 33.8 dB ,Black ,130 mm , AM4 | AM5 | LGA1150 | LGA1151 | LGA1155 | LGA1156 | LGA1200 | LGA1700 | LGA1851 | ,No ,No 
Asus ROG Ryujin 240 RGB AIO,Asus ,ROG Ryujin 240 RGB AIO , 90RC0030-M0UAY0 | ROG Ryujin 240 | ,450 - 2000 RPM ,29.7 dB ,Black ,, AM4 | AM5 | sTR4 | sTRX4 | LGA1150 | LGA1151 | LGA1155 | LGA1156 | LGA1200 | LGA1366 | LGA2011 | LGA2011-3 | LGA2066 | ,Yes - 240 mm ,No 
Cooler Master MasterLiquid ML360 Illusion,Cooler Master ,MasterLiquid ML360 Illusion ,MLX-D36M-A18P2-R1 ,650 - 1800 RPM ,6 - 30 dB ,Black / Silver ,, AM2 | AM2+ | AM3 | AM3+ | AM4 | AM5 | FM1 | FM2 | FM2+ | LGA1150 | LGA1151 | LGA1155 | LGA1156 | LGA1200 | LGA1700 | LGA1851 | LGA2011 | LGA2011-3 | LGA2066 | ,Yes - 360 mm ,No 
Gigabyte GAMING 360,Gigabyte ,GAMING 360 ,GP-GIGABYTE GME 360 ,500 - 2200 RPM ,13.8 - 35.8 dB ,Black ,63 mm , AM4 | AM5 | LGA1150 | LGA1151 | LGA1155 | LGA1156 | LGA1200 | LGA1700 | LGA1851 | ,Yes - 360 mm ,No 
Lian Li Galahad II Trinity,Lian Li ,, GA2T36B | G89.GA2T36B.00 | ,2450 RPM ,35.4 dB ,Black ,69 mm , AM4 | AM5 | LGA1150 | LGA1151 | LGA1155 | LGA1156 | LGA1200 | LGA1700 | LGA1851 | ,Yes - 360 mm ,No 
ARCTIC Liquid Freezer III Pro A-RGB,ARCTIC ,,ACFRE00183A ,400 - 2500 RPM ,,Black ,68 mm , AM4 | AM5 | LGA1700 | LGA1851 | ,Yes - 280 mm ,No 
Thermalright Peerless Assassin 120 White ARGB,Thermalright ,Peerless Assassin 120 White ARGB , PA120 White ARGB-A | PA120 White ARGB | PA120 WHITE ARGB-D6 | PA120 White ARGB D6-CAD | ,1550 RPM ,25.6 dB ,White ,157 mm , AM4 | AM5 | LGA1150 | LGA1151 | LGA1155 | LGA1156 | LGA1200 | LGA1700 | LGA1851 | LGA2011 | LGA2011-3 | LGA2066 | ,No ,No 
Thermalright Frozen Prism ARGB,Thermalright ,,Frozen Prism 240 White ARGB ,1850 RPM ,27 dB ,White ,, AM4 | AM5 | LGA1150 | LGA1151 | LGA1155 | LGA1156 | LGA1200 | LGA1366 | LGA1700 | LGA1851 | LGA2011 | LGA2011-3 | LGA2066 | ,Yes - 240 mm ,No 
Thermalright Burst Assassin,Thermalright ,, BA120 | BA120-D3 | BA120-D2 | ,1550 RPM ,25.6 dB ,Gray / Black ,154 mm , AM4 | AM5 | LGA1150 | LGA1151 | LGA1155 | LGA1156 | LGA1200 | LGA1700 | LGA1851 | ,No ,No 
NZXT T120 RGB,NZXT ,,RC-TR120-B1 ,500 - 1800 RPM ,17.2 - 27.5 dB ,Black ,159 mm , AM4 | AM5 | LGA1150 | LGA1151 | LGA1155 | LGA1156 | LGA1200 | LGA1700 | LGA1851 | ,No ,No 
Phanteks Glacier One D30 X2,Phanteks ,,PH-GO360D30_DBK02 ,250 - 2000 RPM ,35.13 dB ,Black ,66 mm , AM4 | AM5 | LGA1150 | LGA1151 | LGA1155 | LGA1156 | LGA1200 | LGA1700 | LGA1851 | ,Yes - 360 mm ,No 
Razer Hanbo Chroma,Razer ,Hanbo Chroma , RC21-01770100-R3M1 | RC21-01770100-R3U1 | ,,,Black ,, AM4 | AM5 | LGA1150 | LGA1151 | LGA1155 | LGA1156 | LGA1200 | LGA1366 | LGA1700 | LGA1851 | LGA2011 | LGA2011-3 | LGA2066 | ,Yes - 240 mm ,No 
EK AIO Elite 360 D-RGB,EK ,AIO Elite 360 D-RGB , EK-AIO Elite 360 D-RGB | 3831109829820 | ,550 - 2200 RPM ,31.6 dB ,Black ,, AM4 | AM5 | LGA1150 | LGA1151 | LGA1155 | LGA1156 | LGA1200 | LGA1700 | LGA1851 | LGA2011 | LGA2011-3 | LGA2066 | ,Yes - 360 mm ,No 
Cooler Master Hyper 620S,Cooler Master ,Hyper 620S ,RR-D6NA-17PA-R1 ,350 - 1750 RPM ,27.2 dB ,Black / Silver ,155 mm , AM4 | AM5 | LGA1150 | LGA1151 | LGA1155 | LGA1156 | LGA1200 | LGA1700 | LGA1851 | ,No ,No 
be quiet! BK047,be quiet! ,,BK047 ,1700 RPM ,12.4 - 24.8 dB ,Black / Silver ,127 mm , AM4 | AM5 | LGA1700 | LGA1851 | ,No ,No 
Thermalright Peerless Vision 360 ARGB,Thermalright ,Peerless Vision 360 ARGB , Peerless Vision 360 ARGB BLACK | PV360 ARGB BLACK-H | ,2000 RPM ,28.2 dB ,Black ,68 mm , AM4 | AM5 | LGA1150 | LGA1151 | LGA1155 | LGA1156 | LGA1200 | LGA1700 | LGA1851 | LGA2011 | LGA2011-3 | LGA2066 | ,Yes - 360 mm ,No 
SAMA SM360 LCD,SAMA ,,SM360LD Black ,800 - 1800 RPM ,35.5 dB ,Black ,, AM2 | AM2+ | AM3 | AM3+ | AM4 | AM5 | FM1 | FM2 | FM2+ | LGA1150 | LGA1151 | LGA1155 | LGA1156 | LGA1200 | LGA1700 | LGA1851 | LGA2011 | LGA2011-3 | LGA2066 | ,Yes - 360 mm ,No 
ARCTIC Alpine 12 CO,ARCTIC ,Alpine 12 CO ,ACALP00031A ,100 - 2700 RPM ,,Black / Gray ,77 mm , LGA1150 | LGA1151 | LGA1155 | LGA1156 | LGA1200 | ,No ,No 
NZXT Kraken Z63 RGB,NZXT ,Kraken Z63 RGB ,RL-KRZ63-R1 ,500 - 1500 RPM ,22 - 33 dB ,Black ,, AM4 | AM5 | sTR4 | sTRX4 | LGA1150 | LGA1151 | LGA1155 | LGA1156 | LGA1200 | LGA1366 | LGA1700 | LGA1851 | LGA2011 | LGA2011-3 | LGA2066 | ,Yes - 280 mm ,No 
NZXT Kraken 360,NZXT ,Kraken 360 ,RL-KN360-B1 ,500 - 1800 RPM ,17.9 - 30.6 dB ,Black ,56 mm , AM4 | AM5 | sTR4 | sTRX4 | LGA1150 | LGA1151 | LGA1155 | LGA1156 | LGA1200 | LGA1700 | LGA1851 | ,Yes - 360 mm ,No 
Thermalright Peerless Assassin 140 Digital,Thermalright ,Peerless Assassin 140 Digital , Peerless Assassin 140 Digital BLACK | PA140 D Black-D2 | ,1500 RPM ,25.6 dB ,Black ,165 mm , AM4 | AM5 | LGA1150 | LGA1151 | LGA1155 | LGA1156 | LGA1200 | LGA1700 | LGA1851 | LGA2011 | LGA2011-3 | LGA2066 | ,No ,No 
NZXT Kraken Elite 360,NZXT ,Kraken Elite 360 ,RL-KN36E-B1 ,500 - 1800 RPM ,17.9 - 30.6 dB ,Black ,60 mm , AM4 | AM5 | sTR4 | sTRX4 | LGA1150 | LGA1151 | LGA1155 | LGA1156 | LGA1200 | LGA1700 | LGA1851 | ,Yes - 360 mm ,No 
ID-COOLING FX360 INF,ID-COOLING ,FX360 INF ,FX360 INF WHITE ,300 - 2000 RPM ,27.2 dB ,White ,60 mm , AM4 | AM5 | LGA1150 | LGA1151 | LGA1155 | LGA1156 | LGA1200 | LGA1700 | LGA1851 | ,Yes - 360 mm ,No 
MSI MPG CORELIQUID K360 V2,MSI ,, MPG CORELIQUID K360 V2 | 9S6-6A0321-035 | ,,39.9 dB ,Black ,, AM2 | AM2+ | AM3 | AM3+ | AM4 | AM5 | sTR4 | sTRX4 | FM1 | FM2 | FM2+ | LGA1150 | LGA1151 | LGA1155 | LGA1156 | LGA1200 | LGA1366 | LGA1700 | LGA1851 | LGA2011 | LGA2011-3 | LGA2066 | ,Yes - 360 mm ,No 
Lian Li GALAHAD AIO 240 RGB UNI FAN SL120 EDITION,Lian Li ,GALAHAD AIO 240 RGB UNI FAN SL120 EDITION , GA-240SLB | GALAHAD AIO 240 SL V2 Black | G89.GA240SLB.01 | ,800 - 1900 RPM ,32 dB ,Black / Silver ,62 mm , AM4 | AM5 | LGA775 | LGA1150 | LGA1151 | LGA1155 | LGA1156 | LGA1200 | LGA1366 | LGA1700 | LGA1851 | LGA2011 | LGA2011-3 | LGA2066 | ,Yes - 240 mm ,No 
Alphacool Eisbaer Pro Aurora,Alphacool ,,11774 ,,31.5 dB ,Black ,, AM4 | AM5 | sTR4 | sTRX4 | LGA1150 | LGA1151 | LGA1155 | LGA1156 | LGA1200 | LGA1700 | LGA1851 | LGA2011 | LGA2011-3 | LGA2011-3 Narrow | LGA2066 | ,Yes - 420 mm ,No 
NZXT Kraken 360 RGB,NZXT ,Kraken 360 RGB ,RL-KR360-W1 ,500 - 1800 RPM ,17.9 - 30.6 dB ,White ,56 mm , AM4 | AM5 | sTR4 | sTRX4 | LGA1150 | LGA1151 | LGA1155 | LGA1156 | LGA1200 | LGA1700 | LGA1851 | ,Yes - 360 mm ,No 
Corsair iCUE H100i ELITE CAPELLIX XT,Corsair ,iCUE H100i ELITE CAPELLIX XT ,CW-9060072-WW ,550 - 2100 RPM ,5 - 34.1 dB ,White ,, AM2 | AM2+ | AM3 | AM3+ | AM4 | AM5 | sTR4 | sTRX4 | FM1 | FM2 | FM2+ | LGA1150 | LGA1151 | LGA1155 | LGA1156 | LGA1200 | LGA1366 | LGA1700 | LGA1851 | LGA2011 | LGA2011-3 | LGA2066 | ,Yes - 240 mm ,No 
MSI MEG CORELIQUID S360,MSI ,MEG CORELIQUID S360 , MEG CoreLiquid S360 | 9S6-6A0521-001 | CLS360 | ,,22.7 dB ,Black ,, AM2 | AM2+ | AM3 | AM3+ | AM4 | AM5 | sTR4 | sTRX4 | FM1 | FM2 | FM2+ | LGA1150 | LGA1151 | LGA1155 | LGA1156 | LGA1200 | LGA1700 | LGA1851 | LGA2011 | LGA2011-3 | LGA2066 | ,Yes - 360 mm ,No 
Thermalright Peerless Assassin 120 Digital,Thermalright ,Peerless Assassin 120 Digital , Peerless Assassin 120 Digital BLACK | PA120 Digital Black | ,1850 RPM ,25.6 dB ,Black ,162 mm , AM4 | AM5 | LGA1150 | LGA1151 | LGA1155 | LGA1156 | LGA1200 | LGA1700 | LGA1851 | ,No ,No 
Corsair iCUE H150i ELITE CAPELLIX XT,Corsair ,iCUE H150i ELITE CAPELLIX XT ,CW-9060073-WW ,550 - 2100 RPM ,,White ,, AM4 | AM5 | sTR4 | sTRX4 | LGA1150 | LGA1151 | LGA1155 | LGA1156 | LGA1200 | LGA1700 | LGA1851 | LGA2011 | LGA2011-3 | LGA2066 | ,Yes - 360 mm ,No 
Asus ROG Ryujin III ARGB,Asus ,, 90RC00K1-M0UAY0 | ROG RYUJIN III 240 ARGB | 90RC00K1-M0AAY0 | ,600 - 2200 RPM ,36.45 dB ,Black ,101 mm , AM4 | AM5 | LGA1150 | LGA1151 | LGA1155 | LGA1156 | LGA1200 | LGA1700 | LGA1851 | ,Yes - 240 mm ,No 
TRYX PANORAMA,TRYX ,, L-P360N-DS3M-G0K | PANORAMA 360 BLACK | ,500 - 2250 RPM ,30.97 dB ,Black ,116 mm , AM4 | AM5 | LGA1150 | LGA1151 | LGA1155 | LGA1156 | LGA1200 | LGA1700 | LGA1851 | ,Yes - 360 mm ,No 
ID-COOLING FROZN A620 BLACK,ID-COOLING ,,FROZN A620 BLACK ,500 - 2000 RPM ,29.85 dB ,Black ,154 mm , AM4 | AM5 | LGA1150 | LGA1151 | LGA1155 | LGA1156 | LGA1200 | LGA1700 | LGA1851 | ,No ,No 
Corsair iCUE H150i RGB PRO XT,Corsair ,iCUE H150i RGB PRO XT ,CW-9060045-WW ,2400 RPM ,37 dB ,Black / White ,, AM2 | AM2+ | AM3 | AM3+ | AM4 | AM5 | sTR4 | sTRX4 | FM1 | FM2 | FM2+ | LGA1150 | LGA1151 | LGA1155 | LGA1156 | LGA1200 | LGA1700 | LGA1851 | LGA2011 | LGA2011-3 | LGA2066 | ,Yes - 360 mm ,No 
ARCTIC Liquid Freezer II 280 A-RGB,ARCTIC ,Liquid Freezer II 280 A-RGB ,ACFRE00106A ,200 - 1900 RPM ,22.5 dB ,Black ,, AM4 | AM5 | LGA1150 | LGA1151 | LGA1155 | LGA1156 | LGA1200 | LGA1700 | LGA1851 | LGA2011 | LGA2011-3 | LGA2066 | ,Yes - 280 mm ,No 
Fractal Design Lumen S24 RGB V2,Fractal Design ,Lumen S24 RGB V2 ,FD-W-L1-S2412 ,500 - 2000 RPM ,10 - 33.2 dB ,Black ,, AM2 | AM2+ | AM3 | AM3+ | AM4 | AM5 | FM1 | FM2 | FM2+ | LGA1150 | LGA1151 | LGA1155 | LGA1156 | LGA1200 | LGA1366 | LGA1700 | LGA1851 | LGA2011 | LGA2011-3 | LGA2066 | ,Yes - 240 mm ,No 
Asus Prime LC 360 ARGB LCD,Asus ,Prime LC 360 ARGB LCD , 90RC00Z1-B0AAY0 | 90RC00Z1-B0EAY0 | PRIME LC 360 ARGB LCD | PRIME LC 360 ARGB LC | ,800 - 2500 RPM ,36.5 dB ,Black ,62 mm , AM4 | AM5 | LGA1150 | LGA1151 | LGA1155 | LGA1156 | LGA1200 | LGA1700 | LGA1851 | ,Yes - 360 mm ,No 
Corsair iCUE LINK TITAN 280 RX RGB,Corsair ,iCUE LINK TITAN 280 RX RGB ,CW-9061017-WW ,300 - 1700 RPM ,,Black ,, AM4 | AM5 | LGA1700 | LGA1851 | ,Yes - 280 mm ,No 
Lian Li Galahad II Trinity,Lian Li ,, GA2T36W | G89.GA2T36W.00 | ,2450 RPM ,35.4 dB ,White ,69 mm , AM4 | AM5 | LGA1150 | LGA1151 | LGA1155 | LGA1156 | LGA1200 | LGA1700 | LGA1851 | ,Yes - 360 mm ,No 
Montech HyperFlow Silent 240,Montech ,HyperFlow Silent 240 , HyperFlow Silent 240 Black | HyperFlow Silent 240 (B) | ,800 - 2200 RPM ,24.8 dB ,Black ,53 mm , AM4 | AM5 | LGA1150 | LGA1151 | LGA1155 | LGA1156 | LGA1200 | LGA1700 | LGA1851 | LGA2011 | LGA2011-3 | LGA2066 | ,Yes - 240 mm ,No 
ARCTIC Liquid Freezer III 420 A-RGB,ARCTIC ,Liquid Freezer III 420 A-RGB ,ACFRE00153A ,200 - 1900 RPM ,,White ,, AM4 | AM5 | LGA1700 | LGA1851 | ,Yes - 420 mm ,No 
ID-COOLING FX240 PRO,ID-COOLING ,FX240 PRO ,FX240 PRO WHITE ,500 - 1800 RPM ,35.2 dB ,White ,50 mm , AM4 | AM5 | LGA1150 | LGA1151 | LGA1155 | LGA1156 | LGA1200 | LGA1700 | LGA1851 | LGA2011 | LGA2011-3 | LGA2066 | ,Yes - 240 mm ,No 
Thermalright Assassin King SE,Thermalright ,, AK120 SE-d6 | TL-AK120 SE | ,1550 RPM ,25.6 dB ,Silver / Gray ,148 mm , AM4 | AM5 | LGA1150 | LGA1151 | LGA1155 | LGA1156 | LGA1200 | LGA1700 | LGA1851 | ,No ,No 
ARCTIC Liquid Freezer III 360,ARCTIC ,Liquid Freezer III 360 ,ACFRE00136A ,200 - 1800 RPM ,,Black ,, AM4 | AM5 | LGA1700 | LGA1851 | ,Yes - 360 mm ,No 
Thermalright Silver Soul 110,Thermalright ,Silver Soul 110 ,SS110 BLACK ,2500 RPM ,23 dB ,Black ,110 mm , AM4 | AM5 | LGA1150 | LGA1151 | LGA1155 | LGA1156 | LGA1200 | LGA1700 | LGA1851 | LGA2011 | LGA2011-3 | LGA2066 | ,No ,No 
Montech NX600,Montech ,, NX600 Black | NX600 (B) | ,800 - 2000 RPM ,34.17 dB ,Black ,160 mm , AM4 | AM5 | LGA1150 | LGA1151 | LGA1155 | LGA1156 | LGA1200 | LGA1700 | LGA1851 | ,No ,No 
ID-COOLING SE-224-XTS BLACK,ID-COOLING ,,SE-224-XTS BLACK ,600 - 1500 RPM ,28.9 dB ,Black ,151 mm , AM4 | AM5 | LGA1150 | LGA1151 | LGA1155 | LGA1156 | LGA1200 | LGA1700 | LGA1851 | ,No ,No 
Deepcool AK400 ZERO DARK,Deepcool ,AK400 ZERO DARK , R-AK400-BKNNMN-G-2 | AK400 ZERO DARK | ,500 - 1850 RPM ,29 dB ,Black ,155 mm , AM4 | AM5 | LGA1150 | LGA1151 | LGA1155 | LGA1156 | LGA1200 | LGA1700 | LGA1851 | ,No ,No 
Thermalright Peerless Vision 360 ARGB,Thermalright ,Peerless Vision 360 ARGB , Peerless Vision 360 ARGB WHITE | PV360 ARGB WHITE-H | ,2000 RPM ,28.2 dB ,White ,68 mm , AM4 | AM5 | LGA1150 | LGA1151 | LGA1155 | LGA1156 | LGA1200 | LGA1700 | LGA1851 | LGA2011 | LGA2011-3 | LGA2066 | ,Yes - 360 mm ,No 
HYTE THICC Q80 Trio,HYTE ,THICC Q80 Trio ,fan-hyte-q80t-bb ,1 - 3000 RPM ,10 - 47.3 dB ,Black ,105 mm , AM4 | AM5 | LGA1150 | LGA1151 | LGA1155 | LGA1156 | LGA1200 | LGA1700 | LGA1851 | ,Yes - 360 mm ,No 
ARCTIC Freezer 34 eSports DUO,ARCTIC ,Freezer 34 eSports DUO ,ACFRE00061A ,200 - 2100 RPM ,24.4 dB ,White / Black ,157 mm , AM4 | AM5 | LGA1150 | LGA1151 | LGA1155 | LGA1156 | LGA1200 | LGA1700 | LGA1851 | LGA2011 | LGA2011-3 | LGA2066 | ,No ,No 
Deepcool R-LM360-BKDMMC-1,Deepcool ,,R-LM360-BKDMMC-1 ,400 - 2400 RPM ,36.07 dB ,Black ,63 mm , AM4 | AM5 | LGA1150 | LGA1151 | LGA1155 | LGA1156 | LGA1200 | LGA1700 | LGA1851 | ,Yes - 360 mm ,No 
Thermalright Frozen Warframe ULTRA ARGB,Thermalright ,, FW360 ULTRA ARGB BLACK | Frozen Warframe 360 ULTRA BLACK ARGB | ,2000 RPM ,22.1 dB ,Black ,60 mm , AM4 | AM5 | LGA1150 | LGA1151 | LGA1155 | LGA1156 | LGA1200 | LGA1700 | LGA1851 | LGA2011 | LGA2011-3 | LGA2066 | ,Yes - 360 mm ,No 
Deepcool AK400 ZERO DARK PLUS,Deepcool ,AK400 ZERO DARK PLUS , R-AK400-BKNNMD-G-1 | AK400 ZERO DARK PLUS | ,500 - 1650 RPM ,28 dB ,Black ,155 mm , AM4 | AM5 | LGA1150 | LGA1151 | LGA1155 | LGA1156 | LGA1200 | LGA1700 | LGA1851 | ,No ,No 
ID-COOLING FROZN A410 BLACK,ID-COOLING ,,FROZN A410 BLACK ,500 - 2000 RPM ,29.85 dB ,Black ,152 mm , AM4 | AM5 | LGA1150 | LGA1151 | LGA1155 | LGA1156 | LGA1200 | LGA1700 | LGA1851 | ,No ,No 
Thermalright Stream Vision,Thermalright ,, Stream Vision 360 Black | SV360 BLACK D6 | SV360 BLACK-D2 | ,2400 RPM ,31.4 dB ,Black ,76 mm , AM4 | AM5 | LGA1150 | LGA1151 | LGA1155 | LGA1156 | LGA1200 | LGA1700 | LGA1851 | LGA2011 | LGA2011-3 | LGA2066 | ,Yes - 360 mm ,No 
Thermalright Assassin Spirit 120 Vision ARGB,Thermalright ,Assassin Spirit 120 Vision ARGB , AS120 VISION ARGB BLACK | Assassin Spirit 120 Vision BLACK ARGB | ,1500 RPM ,25.6 dB ,Black ,154 mm , AM4 | AM5 | LGA1150 | LGA1151 | LGA1155 | LGA1156 | LGA1200 | LGA1700 | LGA1851 | ,No ,No 
Thermalright Core Vision ARGB,Thermalright ,,Core Vision 360 WHITE ARGB ,2000 RPM ,27.7 dB ,White ,66 mm , AM4 | AM5 | LGA1150 | LGA1151 | LGA1155 | LGA1156 | LGA1200 | LGA1700 | LGA1851 | LGA2011 | LGA2011-3 | LGA2066 | ,Yes - 360 mm ,No 
MSI MPG CORELIQUID P13,MSI ,, MPG CORELIQUID P13 360 WHITE | 306-7ZWGA21-L80 | ,500 - 2050 RPM ,,White ,, AM4 | AM5 | LGA1700 | LGA1851 | ,Yes - 360 mm ,No 
Thermalright Aqua Elite ARGB V6,Thermalright ,, Aqua Elite 240 ARGB WHITE V6 | AE240 V6 ARGB WHITE-D2 | AQUA ELITE 240 V6 ARGB White | AE240 V6 ARGB W D6 | ,2000 RPM ,29.8 dB ,White ,54 mm , AM4 | AM5 | LGA1150 | LGA1151 | LGA1155 | LGA1156 | LGA1200 | LGA1700 | LGA1851 | ,Yes - 240 mm ,No 
Corsair NAUTILUS 240 RS LCD,Corsair ,NAUTILUS 240 RS LCD ,CW-9061032-WW ,2100 RPM ,10 - 36 dB ,White ,125 mm , AM4 | AM5 | LGA1150 | LGA1151 | LGA1155 | LGA1156 | LGA1200 | LGA1700 | LGA1851 | ,Yes - 240 mm ,No 
Deepcool LE520,Deepcool ,LE520 ,R-LE520-BKAMMN-G-1 ,500 - 2250 RPM ,32.9 dB ,Black ,52 mm , AM4 | AM5 | LGA1150 | LGA1151 | LGA1155 | LGA1156 | LGA1200 | LGA1700 | LGA1851 | ,Yes - 240 mm ,No 
Thermalright Peerless Assassin 120 Digital ARGB,Thermalright ,Peerless Assassin 120 Digital ARGB , Peerless Assassin 120 Digital ARGB WHITE | PA120-D-ARGB-W | ,1850 RPM ,25.6 dB ,White ,162 mm , AM4 | AM5 | LGA1150 | LGA1151 | LGA1155 | LGA1156 | LGA1200 | LGA1700 | LGA1851 | ,No ,No 
ID-COOLING FX240 INF,ID-COOLING ,FX240 INF ,FX240 INF PINK ,2900 RPM ,25 dB ,Pink ,, AM4 | AM5 | LGA1150 | LGA1151 | LGA1155 | LGA1156 | LGA1200 | LGA1700 | LGA1851 | ,Yes - 240 mm ,No 
Cooler Master MasterLiquid 240 Core II,Cooler Master ,MasterLiquid 240 Core II ,MLW-D24M-A18PA-R1 ,600 - 1750 RPM ,30 dB ,Black ,52 mm , AM4 | AM5 | LGA1150 | LGA1151 | LGA1155 | LGA1156 | LGA1200 | LGA1700 | LGA1851 | LGA2011 | LGA2011-3 | LGA2066 | ,Yes - 240 mm ,No 
Gigabyte AORUS WATERFORCE X II 360 ICE,Gigabyte ,, AORUS WATERFORCE X II 360 ICE | GP-AORUS WATERFORCEX II 360I | ,800 - 2400 RPM ,12 - 37.5 dB ,White ,78 mm , AM4 | AM5 | sTR4 | sTRX4 | LGA1150 | LGA1151 | LGA1155 | LGA1156 | LGA1200 | LGA1700 | LGA1851 | ,Yes - 360 mm ,No 
Thermalright Aqua Elite ARGB V6,Thermalright ,, Aqua Elite 240 ARGB BLACK V6 | AE240 V6 ARGB B D6 | AQUA ELITE 240 V6 ARGB Black | ,2000 RPM ,29.8 dB ,Black ,54 mm , AM4 | AM5 | LGA1150 | LGA1151 | LGA1155 | LGA1156 | LGA1200 | LGA1700 | LGA1851 | ,Yes - 240 mm ,No 
NZXT Kraken Plus 240 RGB,NZXT ,Kraken Plus 240 RGB ,RL-KR240-B2 ,500 - 2400 RPM ,31.9 dB ,Black ,56 mm , AM4 | AM5 | LGA1150 | LGA1151 | LGA1155 | LGA1156 | LGA1200 | LGA1700 | LGA1851 | ,Yes - 240 mm ,No 
be quiet! Pure Rock Pro 3,be quiet! ,,BK041 ,2000 RPM ,14 - 34.8 dB ,Silver / Black ,155 mm , AM4 | AM5 | LGA1150 | LGA1151 | LGA1155 | LGA1156 | LGA1200 | LGA1700 | LGA1851 | ,No ,No 
Thermaltake Gravity i3,Thermaltake ,Gravity i3 ,CL-P094-AL09WT-A ,1200 - 3500 RPM ,36.5 dB ,Silver / Black ,65 mm , LGA1700 | LGA1851 | ,No ,No 
Scythe Kotetsu Mark 3,Scythe ,, SCKTT-3000 | 4571225058955 | 812623021979 | ,300 - 1500 RPM ,4 - 28.6 dB ,Black / Silver ,154 mm , AM4 | AM5 | LGA1150 | LGA1151 | LGA1155 | LGA1156 | LGA1200 | LGA1700 | LGA1851 | ,No ,No 
Asus ROG STRIX LC III ARGB,Asus ,, ROG Strix LC III 360 ARGB | 90RC00T1-M0UAY0 | CPCA-ROGS-III-LC360W | 90RC00T1-M0AAY0 | ,800 - 2200 RPM ,36 dB ,Black ,, AM4 | AM5 | LGA1150 | LGA1151 | LGA1155 | LGA1156 | LGA1200 | LGA1700 | LGA1851 | ,Yes - 360 mm ,No 
Lian Li Galahad II Trinity Performance,Lian Li ,,GA2P36B ,2300 - 3000 RPM ,32.1 - 39.9 dB ,Black ,79 mm , AM4 | AM5 | LGA1150 | LGA1151 | LGA1155 | LGA1156 | LGA1200 | LGA1700 | LGA1851 | ,Yes - 360 mm ,No 
ARCTIC Liquid Freezer II 280,ARCTIC ,Liquid Freezer II 280 , ACFRE00066A | ACFRE00066B | ,200 - 1700 RPM ,,Black ,, AM4 | AM5 | LGA1150 | LGA1151 | LGA1155 | LGA1156 | LGA1200 | LGA1700 | LGA1851 | LGA2011 | LGA2011-3 | LGA2066 | ,Yes - 280 mm ,No 
ARCTIC Liquid Freezer III 240 A-RGB,ARCTIC ,Liquid Freezer III 240 A-RGB ,ACFRE00142A ,200 - 2000 RPM ,,Black ,, AM4 | AM5 | LGA1700 | LGA1851 | ,Yes - 240 mm ,No 
Deepcool AG300,Deepcool ,,R-AG300-BKNNMN-G ,500 - 3050 RPM ,30.5 dB ,Black / Silver ,133 mm , AM4 | AM5 | LGA1150 | LGA1151 | LGA1155 | LGA1156 | LGA1200 | LGA1700 | LGA1851 | ,No ,No 
Cooler Master Hyper 212 Halo SF6 Ryu,Cooler Master ,Hyper 212 Halo SF6 Ryu ,RR-S4WW-20PA-RY ,650 - 2050 RPM ,27 dB ,White / Orange ,154 mm , AM4 | AM5 | LGA1150 | LGA1151 | LGA1155 | LGA1156 | LGA1200 | LGA1700 | LGA1851 | ,No ,No 
NZXT T120,NZXT ,,RC-TN120-B1 ,500 - 1800 RPM ,17.9 - 30.6 dB ,Black ,159 mm , AM4 | AM5 | LGA1150 | LGA1151 | LGA1155 | LGA1156 | LGA1200 | LGA1700 | LGA1851 | ,No ,No 
Corsair A115,Corsair ,A115 ,CT-9010011-WW ,400 - 1600 RPM ,5 - 33.9 dB ,Black ,165 mm , AM4 | AM5 | LGA1150 | LGA1151 | LGA1155 | LGA1156 | LGA1200 | LGA1700 | LGA1851 | ,No ,No 
Cooler Master Elite,Cooler Master ,,ELW-D24M-A21DA-R1 ,600 - 2100 RPM ,39.5 dB ,Black ,52 mm , AM4 | AM5 | LGA1150 | LGA1151 | LGA1155 | LGA1156 | LGA1200 | LGA1700 | LGA1851 | ,Yes - 240 mm ,No 
MSI MAG CORELIQUID I360,MSI ,MAG CORELIQUID I360 , MAG CORELIQUID I360 WHITE | CLI360 WT | 306-7ZW8A21-C24 | ,,,White ,62 mm , AM4 | AM5 | LGA1150 | LGA1151 | LGA1155 | LGA1156 | LGA1200 | LGA1700 | LGA1851 | ,Yes - 360 mm ,No 
Deepcool MYSTIQUE 240,Deepcool ,MYSTIQUE 240 , R-LX550-BKDSNC-G-1 | Mystique 240 | ,500 - 2150 RPM ,36.49 dB ,Black ,, AM4 | AM5 | LGA1150 | LGA1151 | LGA1155 | LGA1156 | LGA1200 | LGA1700 | LGA1851 | ,Yes - 240 mm ,No 
Gelid Solutions BlackFrore,Gelid Solutions ,,CC-BLACKFRORE-01-A ,900 - 2000 RPM ,20 dB ,Black ,121 mm , AM2 | AM2+ | AM3 | AM3+ | AM4 | AM5 | FM1 | FM2 | FM2+ | LGA775 | LGA1150 | LGA1151 | LGA1155 | LGA1156 | LGA1200 | LGA1366 | LGA1700 | LGA1851 | LGA2011 | LGA2011-3 | LGA2066 | ,No ,No 
Xilence I200,Xilence ,I200 , XC030 | I200 | ,2200 RPM ,25 dB ,Black / Silver ,70 mm , LGA1150 | LGA1151 | LGA1155 | LGA1156 | LGA1200 | ,No ,No 
Corsair iCUE H100i RGB ELITE,Corsair ,iCUE H100i RGB ELITE ,CW-9060058-WW ,400 - 1850 RPM ,5 - 28.9 dB ,Black ,, AM4 | AM5 | sTR4 | sTRX4 | LGA1150 | LGA1151 | LGA1155 | LGA1156 | LGA1200 | LGA1366 | LGA1700 | LGA1851 | LGA2011 | LGA2011-3 | LGA2066 | ,Yes - 240 mm ,No 
Deepcool AK500 ZERO DARK,Deepcool ,AK500 ZERO DARK , R-AK500-BKNNMT-G-1 | AK500 ZERO DARK | ,500 - 1850 RPM ,25.9 - 31.5 dB ,Black ,158 mm , AM4 | AM5 | LGA1150 | LGA1151 | LGA1155 | LGA1156 | LGA1200 | LGA1700 | LGA1851 | LGA2011 | LGA2011-3 | LGA2066 | ,No ,No 
Corsair iCUE LINK H115i RGB,Corsair ,iCUE LINK H115i RGB ,CW-9061002-WW ,400 - 2000 RPM ,,Black ,, AM4 | AM5 | LGA1150 | LGA1151 | LGA1155 | LGA1156 | LGA1200 | LGA1700 | LGA1851 | ,Yes - 280 mm ,No 
Deepcool LS720 SE,Deepcool ,, LS720 SE | R-LS720-BKAMMM-G-1 | ,500 - 2250 RPM ,28.2 - 32.9 dB ,Black ,, AM4 | AM5 | LGA1150 | LGA1151 | LGA1155 | LGA1156 | LGA1200 | LGA1700 | LGA1851 | ,Yes - 360 mm ,No 
Corsair H100x,Corsair ,H100x ,CW-9060040-WW ,1700 RPM ,37 dB ,Black ,, AM2 | AM2+ | AM3 | AM3+ | AM4 | AM5 | FM1 | FM2 | FM2+ | LGA1150 | LGA1151 | LGA1155 | LGA1156 | LGA1200 | LGA1700 | LGA1851 | LGA2011 | LGA2011-3 | LGA2066 | ,Yes - 240 mm ,No 
Thermalright Phantom Spirit 120 Vision SNOW,Thermalright ,,Phantom Spirit 120 Vision SNOW ,2150 RPM ,36 dB ,White ,160 mm , AM4 | AM5 | LGA1150 | LGA1151 | LGA1155 | LGA1156 | LGA1200 | LGA1700 | LGA1851 | ,No ,No 
Cooler Master Hyper 212 EVO V2,Cooler Master ,Hyper 212 EVO V2 ,RR-2V2E-18PK-R1 ,650 - 1800 RPM ,8 - 27 dB ,Black / Silver ,155 mm , AM2 | AM2+ | AM3 | AM3+ | AM4 | AM5 | FM1 | FM2 | FM2+ | LGA775 | LGA1150 | LGA1151 | LGA1155 | LGA1156 | LGA1200 | LGA1366 | LGA1700 | LGA1851 | LGA2011 | LGA2011-3 | LGA2066 | ,No ,No 
MSI MAG CORELIQUID 360R V2,MSI ,, MAG CORELIQUID 360R V2 | CL360RV2 | ,500 - 2000 RPM ,14.3 - 34.3 dB ,Black ,, AM2 | AM2+ | AM3 | AM3+ | AM4 | AM5 | FM1 | FM2 | FM2+ | LGA1150 | LGA1151 | LGA1155 | LGA1156 | LGA1200 | LGA1366 | LGA1700 | LGA1851 | LGA2011 | LGA2011-3 | LGA2066 | ,Yes - 360 mm ,No 
Noctua NH-U9 TR4-SP3,Noctua ,,NH-U9 TR4-SP3 ,400 - 2000 RPM ,16.3 - 22.8 dB ,,125 mm , sTR4 | sTRX4 | ,No ,No 
Phanteks Glacier One 360M25 G2,Phanteks ,Glacier One 360M25 G2 , PH-GO360M25G2_DWT02 | PH-G0360M25G2_DWT02 | ,350 - 2000 RPM ,35.13 dB ,White ,69 mm , AM4 | AM5 | LGA1150 | LGA1151 | LGA1155 | LGA1156 | LGA1200 | LGA1700 | LGA1851 | LGA2011 | LGA2011-3 | LGA2066 | ,Yes - 360 mm ,No 
Deepcool ASSASSIN IV,Deepcool ,, R-ASN4-WHNNMT-G | ASSASSIN IV WH | ,500 - 1700 RPM ,22.6 - 29.3 dB ,White ,164 mm , AM4 | AM5 | LGA1150 | LGA1151 | LGA1155 | LGA1156 | LGA1200 | LGA1700 | LGA1851 | LGA2011 | LGA2011-3 | LGA2066 | ,No ,No 
Corsair iCUE LINK H150i LCD,Corsair ,iCUE LINK H150i LCD ,CW-9061008-WW ,480 - 2400 RPM ,,Black ,, AM4 | AM5 | LGA1150 | LGA1151 | LGA1155 | LGA1156 | LGA1200 | LGA1700 | LGA1851 | ,Yes - 360 mm ,No 
Corsair iCUE H170i ELITE CAPELLIX,Corsair ,iCUE H170i ELITE CAPELLIX ,CW-9060055-WW ,2000 RPM ,10 - 37 dB ,Black ,, AM2 | AM2+ | AM3 | AM3+ | AM4 | AM5 | sTR4 | sTRX4 | FM1 | FM2 | FM2+ | LGA1150 | LGA1151 | LGA1155 | LGA1156 | LGA1200 | LGA1700 | LGA1851 | LGA2011 | LGA2011-3 | LGA2066 | ,Yes - 420 mm ,No 
MSI MAG CORELIQUID A15,MSI ,, MAG CORELIQUID A15 240 | 306-7ZWAA11-L80 | ,500 - 2050 RPM ,28.7 dB ,Black ,75 mm , AM4 | AM5 | LGA1700 | LGA1851 | ,Yes - 240 mm ,No 
TRYX PANORAMA ARGB (2024),TRYX ,, L-P360A-AS3M-G0W | PANORAMA ARGB 360 White | ,500 - 1850 RPM ,27.86 dB ,White ,116 mm , AM4 | AM5 | LGA1150 | LGA1151 | LGA1155 | LGA1156 | LGA1200 | LGA1700 | LGA1851 | ,Yes - 360 mm ,No 
Thermaltake TH360 V2 ARGB Sync,Thermaltake ,TH360 V2 ARGB Sync ,CL-W365-PL12SW-A ,500 - 2000 RPM ,25.8 dB ,White ,, AM2 | AM2+ | AM3 | AM3+ | AM4 | AM5 | FM1 | FM2 | FM2+ | LGA1150 | LGA1151 | LGA1155 | LGA1156 | LGA1200 | LGA1700 | LGA1851 | LGA2011 | LGA2011-3 | LGA2066 | ,Yes - 360 mm ,No 
Deepcool ASSASSIN IV VC VISION,Deepcool ,,R-ASN4-BKNVMD-G ,500 - 1800 RPM ,29.3 dB ,Black ,172 mm , AM4 | AM5 | LGA1150 | LGA1151 | LGA1155 | LGA1156 | LGA1200 | LGA1700 | LGA1851 | LGA2011 | LGA2011-3 | LGA2066 | ,No ,No 
Thermalright Frozen Edge,Thermalright ,,FE360 White ,2150 RPM ,28.1 dB ,White ,, AM4 | AM5 | LGA1150 | LGA1151 | LGA1155 | LGA1156 | LGA1200 | LGA1700 | LGA1851 | LGA2011 | LGA2011-3 | LGA2066 | ,Yes - 360 mm ,No 
Asus ROG Ryujin III,Asus ,, 90RC00L0-M0UAY0 | ROG RYUJIN III 360 | 90RC00L0-M0AAY0 | ,450 - 2000 RPM ,29.7 dB ,Black ,101 mm , AM4 | AM5 | LGA1150 | LGA1151 | LGA1155 | LGA1156 | LGA1200 | LGA1700 | LGA1851 | ,Yes - 360 mm ,No 
Thermalright Hyper Vision UB ARGB,Thermalright ,,Hyper Vision 360 UB ARGB BLACK ,2150 RPM ,27 dB ,Black ,68 mm , AM4 | AM5 | LGA1150 | LGA1151 | LGA1155 | LGA1156 | LGA1200 | LGA1700 | LGA1851 | LGA2011 | LGA2011-3 | LGA2066 | ,Yes - 360 mm ,No 
KOLINK Umbra EX180,KOLINK ,, PGW-CC-KOL-001 | UMBRA-EX180-ARGB | ,800 - 1800 RPM ,28.6 dB ,Black ,157 mm , AM4 | AM5 | LGA1150 | LGA1151 | LGA1155 | LGA1156 | LGA1200 | LGA1700 | LGA1851 | ,No ,No 
Noctua NH-U9DXi4,Noctua ,,NH-U9DXi4 ,300 - 1600 RPM ,13.1 - 17.6 dB ,,125 mm , AM4 | AM5 | LGA1366 | LGA2011 | LGA2011-3 | LGA2011-3 Narrow | LGA2066 | ,No ,No 
Cooler Master X Dream I117,Cooler Master ,X Dream I117 ,RR-X117-18FP-R1 ,1800 RPM ,,,60 mm , LGA775 | LGA1150 | LGA1151 | LGA1155 | LGA1156 | LGA1200 | ,No ,No 
Corsair iCUE LINK TITAN 240 RX RGB,Corsair ,iCUE LINK TITAN 240 RX RGB ,CW-9061020-WW ,300 - 2100 RPM ,,White ,, AM4 | AM5 | LGA1700 | LGA1851 | ,Yes - 240 mm ,No 
ENDORFY Spartan 5 ARGB,ENDORFY ,,EY3A002 ,250 - 1500 RPM ,,Black / Silver ,146 mm , AM2 | AM2+ | AM3 | AM3+ | AM4 | AM5 | FM1 | FM2 | FM2+ | LGA1150 | LGA1151 | LGA1155 | LGA1156 | LGA1200 | LGA1700 | LGA1851 | ,No ,No 
Thermalright Frozen Warframe PRO ARGB,Thermalright ,, FW PRO 360 ARGB BLACK | Frozen Warframe PRO 360 BLACK ARGB | FW PRO 360 ARGB BLACK D6-DE | 814256017862 | ,2000 RPM ,29.8 dB ,Black ,60 mm , AM4 | AM5 | LGA1150 | LGA1151 | LGA1155 | LGA1156 | LGA1200 | LGA1700 | LGA1851 | LGA2011 | LGA2011-3 | LGA2066 | ,Yes - 360 mm ,No 
Cooler Master Elite,Cooler Master ,,ELW-D24M-A21DA-RW ,600 - 2100 RPM ,39.5 dB ,White ,52 mm , AM4 | AM5 | LGA1150 | LGA1151 | LGA1155 | LGA1156 | LGA1200 | LGA1700 | LGA1851 | ,Yes - 240 mm ,No 
Thermalright Frozen Infinity 240 ARGB,Thermalright ,Frozen Infinity 240 ARGB ,Frozen Infinity 240 WHITE ,2000 RPM ,28.2 dB ,White ,60 mm , AM4 | AM5 | LGA1150 | LGA1151 | LGA1155 | LGA1156 | LGA1200 | LGA1700 | LGA1851 | LGA2011 | LGA2011-3 | LGA2066 | ,Yes - 240 mm ,No 
Fractal Design Lumen S36 RGB V2,Fractal Design ,Lumen S36 RGB V2 ,FD-W-L1-S3612 ,500 - 2000 RPM ,10 - 33.2 dB ,Black ,, AM2 | AM2+ | AM3 | AM3+ | AM4 | AM5 | FM1 | FM2 | FM2+ | LGA1150 | LGA1151 | LGA1155 | LGA1156 | LGA1200 | LGA1366 | LGA1700 | LGA1851 | LGA2011 | LGA2011-3 | LGA2066 | ,Yes - 360 mm ,No 
Geometric Future Eskimo Pro 42,Geometric Future ,Eskimo Pro 42 ,GEO-EP-42B ,2400 RPM ,34.2 dB ,Black ,54 mm , AM4 | AM5 | LGA1150 | LGA1151 | LGA1155 | LGA1156 | LGA1200 | LGA1700 | LGA1851 | LGA2011 | LGA2011-3 | LGA2066 | ,Yes - 420 mm ,No 
Noctua NH-U14S TR4-SP3,Noctua ,,NH-U14S TR4-SP3 ,300 - 1500 RPM ,19.2 - 24.6 dB ,,165 mm , sTR4 | sTRX4 | ,No ,No 
Thermalright Peerless Assassin,Thermalright ,, Peerless Assassin 120 | PA120 | PA120 D6-CAD | ,1550 RPM ,25.6 dB ,Gray ,157 mm , AM4 | AM5 | LGA1150 | LGA1151 | LGA1155 | LGA1156 | LGA1200 | LGA1700 | LGA1851 | LGA2011 | LGA2011-3 | LGA2066 | ,No ,No 
Thermalright Peerless Assassin 120 Vision MAX ARGB,Thermalright ,Peerless Assassin 120 Vision MAX ARGB , PA120 VISION MAX ARGB BLACK | Peerless Assassin 120 Vision MAX ARGB BLACK | ,2150 RPM ,27 dB ,Black ,164 mm , AM4 | AM5 | LGA1150 | LGA1151 | LGA1155 | LGA1156 | LGA1200 | LGA1700 | LGA1851 | ,No ,No 
ID-COOLING SE-903-XT,ID-COOLING ,,SE-903-XT BLACK ,500 - 2200 RPM ,25.8 dB ,Black ,123 mm , AM4 | AM5 | LGA1150 | LGA1151 | LGA1155 | LGA1156 | LGA1200 | LGA1700 | LGA1851 | ,No ,No 
Jonsbo CR-1000 EVO ARGB Black,Jonsbo ,, CR-1000 EVO ARGB Black | CR-1000EVOARGB | ,600 - 1500 RPM ,22 - 32 dB ,Black ,154 mm , AM4 | AM5 | LGA1150 | LGA1151 | LGA1155 | LGA1156 | LGA1200 | LGA1700 | LGA1851 | ,No ,No 
Cooler Master Hyper 212 Black X Duo,Cooler Master ,Hyper 212 Black X Duo ,RR-S4KK-25DN-R1 ,690 - 2500 RPM ,32.8 dB ,Black ,152 mm , AM4 | AM5 | LGA1150 | LGA1151 | LGA1155 | LGA1156 | LGA1200 | LGA1700 | LGA1851 | ,No ,No 
Deepcool AK620 DIGITAL PRO,Deepcool ,,R-AK620-BKAPMN-G ,500 - 1750 RPM ,25 dB ,Black ,163 mm , AM4 | AM5 | LGA1150 | LGA1151 | LGA1155 | LGA1156 | LGA1200 | LGA1700 | LGA1851 | LGA2011 | LGA2011-3 | LGA2066 | ,No ,No 
Thermaltake Gravity A2,Thermaltake ,Gravity A2 ,CL-P078-AL09WT-A ,1200 - 3500 RPM ,33.5 dB ,Silver / Black ,60 mm ,AM4 ,No ,No 
Thermalright Grand Vision ARGB,Thermalright ,,Grand Vision 360 ARGB WHITE ,2150 RPM ,29.4 dB ,White ,72 mm , AM4 | AM5 | LGA1150 | LGA1151 | LGA1155 | LGA1156 | LGA1200 | LGA1700 | LGA1851 | LGA2011 | LGA2011-3 | LGA2066 | ,Yes - 360 mm ,No 
Thermalright SI-100,Thermalright ,,SI-100 BLACK ,2000 RPM ,27.7 dB ,Black ,100 mm , AM4 | AM5 | LGA1150 | LGA1151 | LGA1155 | LGA1156 | LGA1200 | LGA1700 | LGA1851 | LGA2011 | LGA2011-3 | LGA2066 | ,No ,No 
Gigabyte AORUS WATERFORCE II 240,Gigabyte ,, AORUS WATERFORCE II 240 | GP-AORUS WATERFORCE II 240 | GP-AORUS WATERFORCE II 240 G2 | ,800 - 2300 RPM ,12.8 - 36.9 dB ,Black ,65 mm , AM4 | AM5 | LGA1150 | LGA1151 | LGA1155 | LGA1156 | LGA1200 | LGA1700 | LGA1851 | ,Yes - 240 mm ,No 
Thermalright Assassin King 120 MINI V2,Thermalright ,Assassin King 120 MINI V2 , AK120 MINI V2 | Assassin King 120 MINI V2 | ,1500 RPM ,25.6 dB ,Black / Silver ,135 mm , AM4 | AM5 | LGA1150 | LGA1151 | LGA1155 | LGA1156 | LGA1200 | LGA1700 | LGA1851 | ,No ,No 
Intel BXTS15A,Intel ,,BXTS15A ,1000 - 3850 RPM ,,,90 mm , LGA1150 | LGA1151 | LGA1155 | LGA1156 | LGA1200 | ,No ,No 
ASRock Pro ARGB,ASRock ,, 90-APRA36-BAAGA6 | Pro 360 ARGB | ,,31 dB ,Black ,54 mm , AM4 | AM5 | LGA1700 | LGA1851 | ,Yes - 360 mm ,No 
ID-COOLING FX360 PRO,ID-COOLING ,FX360 PRO ,FX360 PRO WHITE ,500 - 1800 RPM ,35.2 dB ,White ,50 mm , AM4 | AM5 | LGA1150 | LGA1151 | LGA1155 | LGA1156 | LGA1200 | LGA1700 | LGA1851 | LGA2011 | LGA2011-3 | LGA2066 | ,Yes - 360 mm ,No 
Thermalright Frozen Prism,Thermalright ,,Frozen Prism 240 Black ,1850 RPM ,27 dB ,Black ,, AM4 | AM5 | LGA1150 | LGA1151 | LGA1155 | LGA1156 | LGA1200 | LGA1366 | LGA1700 | LGA1851 | LGA2011 | LGA2011-3 | LGA2066 | ,Yes - 240 mm ,No 
KOLINK Umbra EX180 Black Edition,KOLINK ,Umbra EX180 Black Edition , PGW-CC-KOL-002 | UMBRA-EX180-BLACK-EDITION | ,800 - 1800 RPM ,28.6 dB ,Black ,157 mm , AM4 | AM5 | LGA1150 | LGA1151 | LGA1155 | LGA1156 | LGA1200 | LGA1700 | LGA1851 | ,No ,No 
Cooler Master Elite,Cooler Master ,,ELW-D36M-A21DA-RW ,600 - 2100 RPM ,39.5 dB ,White ,52 mm , AM4 | AM5 | LGA1150 | LGA1151 | LGA1155 | LGA1156 | LGA1200 | LGA1700 | LGA1851 | ,Yes - 360 mm ,No 
Cooler Master MasterLiquid 360 Core II,Cooler Master ,MasterLiquid 360 Core II ,MLW-D36M-A18PA-RW ,600 - 1750 RPM ,30 dB ,White ,52 mm , AM4 | AM5 | LGA1150 | LGA1151 | LGA1155 | LGA1156 | LGA1200 | LGA1700 | LGA1851 | LGA2011 | LGA2011-3 | LGA2066 | ,Yes - 360 mm ,No 
Fractal Design Lumen S28 RGB V2,Fractal Design ,Lumen S28 RGB V2 ,FD-W-L1-S2812 ,500 - 1700 RPM ,10 - 35.5 dB ,Black ,, AM2 | AM2+ | AM3 | AM3+ | AM4 | AM5 | FM1 | FM2 | FM2+ | LGA1150 | LGA1151 | LGA1155 | LGA1156 | LGA1200 | LGA1366 | LGA1700 | LGA1851 | LGA2011 | LGA2011-3 | LGA2066 | ,Yes - 280 mm ,No 
Vetroo V360,Vetroo ,V360 ,VT-AIO-V360-BK ,800 - 1800 RPM ,30.8 dB ,Black ,, AM2 | AM2+ | AM3 | AM3+ | AM4 | AM5 | FM1 | FM2 | FM2+ | LGA1150 | LGA1151 | LGA1155 | LGA1156 | LGA1200 | LGA1700 | LGA1851 | LGA2011 | LGA2011-3 | LGA2066 | ,Yes - 360 mm ,No 
Cooler Master Wraith Ripper,Cooler Master ,Wraith Ripper ,MAM-D7PN-DWRPS-T1 ,,0 - 38 dB ,Black ,160 mm , sTR4 | sTRX4 | ,No ,No 
KOLINK Umbra Void,KOLINK ,, PGW-CC-KOL-005 | KL-UA360-WC | ,2200 RPM ,30 dB ,Black ,48 mm , AM2 | AM2+ | AM3 | AM3+ | AM4 | AM5 | FM1 | FM2 | FM2+ | LGA1150 | LGA1151 | LGA1155 | LGA1156 | LGA1200 | LGA1366 | LGA1700 | LGA1851 | LGA2011 | LGA2011-3 | LGA2066 | ,Yes - 360 mm ,No 
Cooler Master MasterLiquid Atmos II LCD,Cooler Master ,,MLX-D36M-A25SZ-L1 ,690 - 2500 RPM ,38.5 dB ,Black ,38 mm , AM4 | AM5 | LGA1150 | LGA1151 | LGA1155 | LGA1156 | LGA1200 | LGA1700 | LGA1851 | ,Yes - 360 mm ,No 
ASRock Challenger Digital,ASRock ,, 90-ACLA36-WAAGA6 | Challenger White 360 Digital | ,,31 dB ,White ,54 mm , AM4 | AM5 | LGA1700 | LGA1851 | ,Yes - 360 mm ,No 
Asus Prime LC 240 ARGB,Asus ,, Prime LC 240 ARGB | 90RC0111-B0UAY0 | 90RC0111-B0JAY0 | 90RC0111-B0EAY0 | 90RC0111-B0TAY0 | 90RC0111-B0CAY1 | 90RC0111-B0AAY0 | 90RC0111-B0CAY0 | ,600 - 2200 RPM ,,Black ,68 mm , AM4 | AM5 | LGA1150 | LGA1151 | LGA1155 | LGA1156 | LGA1200 | LGA1700 | LGA1851 | ,Yes - 240 mm ,No 
Deepcool AG400 PLUS,Deepcool ,,R-AG400-BKNNMD-G ,500 - 2000 RPM ,,Black / Silver ,150 mm , AM4 | AM5 | LGA1150 | LGA1151 | LGA1155 | LGA1156 | LGA1200 | LGA1700 | LGA1851 | ,No ,No 
NZXT Kraken M22,NZXT ,Kraken M22 ,RL-KRM22-01 ,500 - 2000 RPM ,21 - 36 dB ,Black ,, AM2 | AM2+ | AM3 | AM3+ | AM4 | AM5 | FM1 | FM2 | FM2+ | LGA1150 | LGA1151 | LGA1155 | LGA1156 | LGA1200 | LGA1366 | LGA1700 | LGA1851 | LGA2011 | LGA2011-3 | LGA2066 | ,Yes - 120 mm ,No 
Asus ROG RYUO III 240 ARGB,Asus ,, ROG RYUO III 240 ARGB | 90RC00J1-M0UAY0 | ,2200 RPM ,36.45 dB ,Black ,68 mm , AM4 | AM5 | LGA1150 | LGA1151 | LGA1155 | LGA1156 | LGA1200 | LGA1700 | LGA1851 | ,Yes - 240 mm ,No 
ARCTIC Liquid Freezer III 360 A-RGB,ARCTIC ,Liquid Freezer III 360 A-RGB ,ACFRE00152A ,200 - 2000 RPM ,,White ,, AM4 | AM5 | LGA1700 | LGA1851 | ,Yes - 360 mm ,No 
MSI MAG CORELIQUID E360 WHITE,MSI ,, MAG CORELIQUID E360 WHITE | 306-7ZW6E21-C24 | MAG CORELIQUID E360 WH | 306-7ZW6E27-C24 | ,,,White ,, AM4 | AM5 | LGA1150 | LGA1151 | LGA1155 | LGA1156 | LGA1200 | LGA1700 | LGA1851 | ,Yes - 360 mm ,No 
Deepcool LE360 V2,Deepcool ,LE360 V2 ,R-LE360-WHAMMN-G-2 ,500 - 2100 RPM ,31.6 dB ,White ,65 mm , AM4 | AM5 | LGA1150 | LGA1151 | LGA1155 | LGA1156 | LGA1200 | LGA1700 | LGA1851 | ,Yes - 360 mm ,No 
Corsair H100i RGB PLATINUM SE,Corsair ,H100i RGB PLATINUM SE , CW-9060042-WW | CW-9060041-WW | ,2200 RPM ,36 dB ,White ,, AM2 | AM2+ | AM3 | AM3+ | AM4 | AM5 | sTR4 | sTRX4 | FM1 | FM2 | FM2+ | LGA1150 | LGA1151 | LGA1155 | LGA1156 | LGA1200 | LGA1700 | LGA1851 | LGA2011 | LGA2011-3 | LGA2066 | ,Yes - 240 mm ,No 
Corsair iCUE H100x RGB ELITE,Corsair ,iCUE H100x RGB ELITE , CW-9060065-WW | CW-9060065-WW2 | ,1500 RPM ,7 - 28 dB ,Black ,, AM4 | AM5 | LGA1150 | LGA1151 | LGA1155 | LGA1156 | LGA1200 | LGA1700 | LGA1851 | LGA2011 | LGA2011-3 | LGA2066 | ,Yes - 240 mm ,No 
NZXT Kraken Elite 240 RGB,NZXT ,Kraken Elite 240 RGB ,RL-KR24E-W1 ,500 - 1800 RPM ,17.9 - 30.6 dB ,White ,60 mm , AM4 | AM5 | sTR4 | sTRX4 | LGA1150 | LGA1151 | LGA1155 | LGA1156 | LGA1200 | LGA1700 | LGA1851 | ,Yes - 240 mm ,No 
Lian Li Galahad II LCD,Lian Li ,,GA2ALCD36W ,300 - 2450 RPM ,30 dB ,White ,, AM4 | AM5 | LGA1150 | LGA1151 | LGA1155 | LGA1156 | LGA1200 | LGA1700 | LGA1851 | ,Yes - 360 mm ,No 
Scythe Mugen 6,Scythe ,,SCMG-6000 ,300 - 2000 RPM ,3 - 26.88 dB ,Black ,154 mm , AM4 | AM5 | LGA1150 | LGA1151 | LGA1155 | LGA1156 | LGA1200 | LGA1700 | LGA1851 | ,No ,No 
ID-COOLING IS-47-XT,ID-COOLING ,,IS-47-XT ,800 - 2800 RPM ,32.5 dB ,Black ,47 mm , AM4 | AM5 | LGA1150 | LGA1151 | LGA1155 | LGA1156 | LGA1200 | LGA1700 | LGA1851 | ,No ,No 
Thermalright Frozen Warframe 240 SE ARGB,Thermalright ,Frozen Warframe 240 SE ARGB , Frozen Warframe 240 SE ARGB WHITE | FW SE 240 ARGB WHITE | ,2000 RPM ,29.8 dB ,White ,59 mm , AM4 | AM5 | LGA1150 | LGA1151 | LGA1155 | LGA1156 | LGA1200 | LGA1700 | LGA1851 | ,Yes - 240 mm ,No 
Deepcool LS520,Deepcool ,LS520 , R-LS520-BKAMNT-G-1 | LS520 | ,500 - 2250 RPM ,32.9 dB ,Black ,, AM4 | AM5 | sTR4 | sTRX4 | LGA1150 | LGA1151 | LGA1155 | LGA1156 | LGA1200 | LGA1700 | LGA1851 | LGA2011 | LGA2011-3 | LGA2066 | ,Yes - 240 mm ,No 
Corsair H100i PRO RGB,Corsair ,H100i PRO RGB ,CW-9060033-WW ,2400 RPM ,37 dB ,Black ,, AM2 | AM2+ | AM3 | AM3+ | AM4 | AM5 | sTR4 | sTRX4 | FM1 | FM2 | FM2+ | LGA1150 | LGA1151 | LGA1155 | LGA1156 | LGA1200 | LGA2011 | LGA2011-3 | LGA2066 | ,Yes - 240 mm ,No 
Xilence A250PWM,Xilence ,A250PWM , XC035 | A250PWM | ,1000 - 2800 RPM ,17.8 - 32 dB ,Red / Black ,69 mm , AM4 | AM5 | ,No ,No 
Cooler Master MasterLiquid 240L Core,Cooler Master ,MasterLiquid 240L Core ,MLW-D24M-A17PK-R1 ,650 - 1750 RPM ,27.2 dB ,Black ,, AM2 | AM2+ | AM3 | AM3+ | AM4 | AM5 | FM1 | FM2 | FM2+ | LGA1150 | LGA1151 | LGA1155 | LGA1156 | LGA1200 | LGA1700 | LGA1851 | ,Yes - 240 mm ,No 
Montech NX600,Montech ,, NX600 White | NX600 (W) | ,800 - 2000 RPM ,34.17 dB ,White ,160 mm , AM4 | AM5 | LGA1150 | LGA1151 | LGA1155 | LGA1156 | LGA1200 | LGA1700 | LGA1851 | ,No ,No 
be quiet! Pure Rock 2 FX,be quiet! ,, BK033 | Pure Rock 2 FX Black | ,,7.9 - 24.4 dB ,Black ,155 mm , AM4 | AM5 | LGA1150 | LGA1151 | LGA1155 | LGA1156 | LGA1200 | LGA1700 | LGA1851 | LGA2011 | LGA2011-3 | LGA2066 | ,No ,No 
Lian Li Galahad II Lite Performance,Lian Li ,, GA2L24PB | G89.GA2L24PB.00 | ,200 - 2500 RPM ,29.8 dB ,Black ,67 mm , AM4 | AM5 | LGA1150 | LGA1151 | LGA1155 | LGA1156 | LGA1200 | LGA1700 | LGA1851 | ,Yes - 240 mm ,No 
Thermalright Assassin King SE ARGB,Thermalright ,, AK120 SE ARGB-d6 | TL-AK120 SE ARGB | ,1550 RPM ,25.6 dB ,Silver / Gray ,148 mm , AM4 | AM5 | LGA1150 | LGA1151 | LGA1155 | LGA1156 | LGA1200 | LGA1700 | LGA1851 | ,No ,No 
Noctua NH-C14S,Noctua ,,NH-C14S ,300 - 1500 RPM ,19.2 - 24.6 dB ,,142 mm , AM2 | AM2+ | AM3 | AM3+ | AM4 | AM5 | FM1 | FM2 | FM2+ | LGA1150 | LGA1151 | LGA1155 | LGA1156 | LGA1200 | LGA1700 | LGA1851 | LGA2011 | LGA2011-3 | LGA2066 | ,No ,No 
Corsair iCUE LINK H150i LCD,Corsair ,iCUE LINK H150i LCD ,CW-9061010-WW ,480 - 2400 RPM ,,White ,, AM4 | AM5 | LGA1150 | LGA1151 | LGA1155 | LGA1156 | LGA1200 | LGA1700 | LGA1851 | ,Yes - 360 mm ,No 
Cooler Master MasterLiquid ML240 Illusion,Cooler Master ,MasterLiquid ML240 Illusion ,MLX-D24M-A18P2-R1 ,650 - 1800 RPM ,6 - 30 dB ,Black ,, AM2 | AM2+ | AM3 | AM3+ | AM4 | AM5 | FM1 | FM2 | FM2+ | LGA1150 | LGA1151 | LGA1155 | LGA1156 | LGA1200 | LGA1700 | LGA1851 | LGA2011 | LGA2011-3 | LGA2066 | ,Yes - 240 mm ,No 
Thermaltake TH120 V2 ARGB Sync,Thermaltake ,TH120 V2 ARGB Sync ,CL-W360-PL12SW-A ,500 - 2000 RPM ,25.8 dB ,Black ,, AM2 | AM2+ | AM3 | AM3+ | AM4 | AM5 | FM1 | FM2 | FM2+ | LGA1150 | LGA1151 | LGA1155 | LGA1156 | LGA1200 | LGA1700 | LGA1851 | LGA2011 | LGA2011-3 | LGA2066 | ,Yes - 120 mm ,No 
Thermalright Aqua Elite ARGB V2,Thermalright ,, Aqua Elite 360 BLACK ARGB V2 | AE360 ARGB V2-D5 | ,2000 RPM ,28.2 dB ,,, AM2 | AM2+ | AM3 | AM3+ | AM4 | AM5 | FM1 | FM2 | FM2+ | LGA1150 | LGA1151 | LGA1155 | LGA1156 | LGA1200 | LGA1700 | LGA1851 | LGA2011 | LGA2011-3 | LGA2066 | ,Yes - 360 mm ,No 
Montech LightFlow ARGB,Montech ,, LightFlow ARGB 360 White | LightFlow ARGB 360 (W) | ,600 - 2000 RPM ,34.3 dB ,White ,56 mm , AM4 | AM5 | LGA1700 | LGA1851 | ,Yes - 360 mm ,No 
Thermalright Assassin King 90,Thermalright ,Assassin King 90 ,Assassin King 90-D3 ,2500 RPM ,27.3 dB ,Black / Silver ,125 mm , AM4 | AM5 | LGA1150 | LGA1151 | LGA1155 | LGA1156 | LGA1200 | LGA1700 | LGA1851 | LGA2011 | LGA2011-3 | LGA2066 | ,No ,No 
Deepcool LE720,Deepcool ,LE720 ,R-LE720-BKAMMN-G-1 ,500 - 2250 RPM ,32.9 dB ,Black ,52 mm , AM4 | AM5 | LGA1150 | LGA1151 | LGA1155 | LGA1156 | LGA1200 | LGA1700 | LGA1851 | ,Yes - 360 mm ,No 
ENDORFY Spartan 5 MAX ARGB,ENDORFY ,,EY3A004 ,250 - 1500 RPM ,,Black / Silver ,146 mm , AM2 | AM2+ | AM3 | AM3+ | AM4 | AM5 | FM1 | FM2 | FM2+ | LGA1150 | LGA1151 | LGA1155 | LGA1156 | LGA1200 | LGA1700 | LGA1851 | ,No ,No 
Thermalright Frozen Notte ARGB V2,Thermalright ,,Frozen Notte 360 BLACK ARGB V2 ,2000 RPM ,27.7 dB ,Black ,54 mm , AM2 | AM2+ | AM3 | AM3+ | AM4 | AM5 | FM1 | FM2 | FM2+ | LGA1150 | LGA1151 | LGA1155 | LGA1156 | LGA1200 | LGA1700 | LGA1851 | LGA2011 | LGA2011-3 | LGA2066 | ,Yes - 360 mm ,No 
Razer Hanbo Chroma,Razer ,Hanbo Chroma , RC21-01770200-R3M1 | RC21-01770200-R3U1 | ,,,Black ,, AM4 | AM5 | LGA1150 | LGA1151 | LGA1155 | LGA1156 | LGA1200 | LGA1366 | LGA1700 | LGA1851 | LGA2011 | LGA2011-3 | LGA2066 | ,Yes - 360 mm ,No 
Asus ROG RYUJIN II ARGB,Asus ,, ROG RYUJIN II 240 ARGB | 90RC00A1-S0P000 | ,,,Black ,, AM4 | AM5 | sTR4 | sTRX4 | LGA1150 | LGA1151 | LGA1155 | LGA1156 | LGA1200 | LGA1700 | LGA1851 | LGA2011 | LGA2011-3 | LGA2066 | ,Yes - 240 mm ,No 
NZXT Kraken X62,NZXT ,Kraken X62 ,RL-KRX62-01 ,500 - 1800 RPM ,21 - 38 dB ,,, AM2 | AM2+ | AM3 | AM3+ | AM4 | AM5 | sTR4 | sTRX4 | FM1 | FM2 | FM2+ | LGA1150 | LGA1151 | LGA1155 | LGA1156 | LGA1200 | LGA1366 | LGA1700 | LGA1851 | LGA2011 | LGA2011-3 | LGA2066 | ,Yes - 280 mm ,No 
NZXT T120,NZXT ,,RC-TN120-W1 ,500 - 1800 RPM ,17.9 - 30.6 dB ,White ,159 mm , AM4 | AM5 | LGA1150 | LGA1151 | LGA1155 | LGA1156 | LGA1200 | LGA1700 | LGA1851 | ,No ,No 
Montech NX400,Montech ,, NX400B | NX400 (B) | NX400 Black | ,8000 - 2000 RPM ,34.17 dB ,Black / Silver ,156 mm , AM4 | AM5 | LGA1150 | LGA1151 | LGA1155 | LGA1156 | LGA1200 | LGA1700 | LGA1851 | ,No ,No 
Asus ROG STRIX LC III ARGB LCD,Asus ,, ROG Strix LC III 360 ARGB LCD WHT | ROG-STRIX-LC-III-360-ARGB-LCD-WH | 90RC00W2-M0AAY0 | 90RC00W2-M0UAY0 | ,800 - 2200 RPM ,36 dB ,White ,, AM4 | AM5 | LGA1150 | LGA1151 | LGA1155 | LGA1156 | LGA1200 | LGA1700 | LGA1851 | ,Yes - 360 mm ,No 
Noctua NH-L12 Ghost S1,Noctua ,,NH-L12 Ghost S1 ,300 - 1600 RPM ,13.1 - 17.6 dB ,Silver / Beige ,66 mm , AM2 | AM2+ | AM3 | AM3+ | AM4 | AM5 | FM1 | FM2 | FM2+ | LGA1150 | LGA1151 | LGA1155 | LGA1156 | LGA1200 | LGA1700 | LGA1851 | LGA2011 | LGA2011-3 | LGA2066 | ,No ,No 
Thermaltake TH240 ARGB Sync,Thermaltake ,TH240 ARGB Sync , CL-W286-PL12SW-A | CL-W286-PL12SW-B | ,1500 RPM ,28.2 dB ,Black ,, AM2 | AM2+ | AM3 | AM3+ | AM4 | AM5 | FM1 | FM2 | FM2+ | LGA775 | LGA1150 | LGA1151 | LGA1155 | LGA1156 | LGA1200 | ,Yes - 240 mm ,No 
Jonsbo CR-1000,Jonsbo ,, CR-1000 | CR1000 COLOR | ,700 - 1800 RPM ,20.55 - 37.2 dB ,Black ,158 mm , AM4 | AM5 | LGA1150 | LGA1151 | LGA1155 | LGA1156 | LGA1200 | LGA1700 | LGA1851 | ,No ,No 
NZXT Kraken Elite 240,NZXT ,Kraken Elite 240 ,RL-KN24E-B1 ,500 - 1800 RPM ,17.9 - 30.6 dB ,Black ,60 mm , AM4 | AM5 | sTR4 | sTRX4 | LGA1150 | LGA1151 | LGA1155 | LGA1156 | LGA1200 | LGA1700 | LGA1851 | ,Yes - 240 mm ,No 
PC Cooler DS360,PC Cooler ,DS360 , DS360 BK | CPS DS360 BK | ,500 - 2200 RPM ,32 dB ,Black ,66 mm , AM4 | AM5 | LGA1150 | LGA1151 | LGA1155 | LGA1156 | LGA1200 | LGA1700 | LGA1851 | LGA2011 | LGA2011-3 | LGA2066 | ,Yes - 360 mm ,No 
ENDORFY Fera 5 Dual Fan,ENDORFY ,Fera 5 Dual Fan ,EY3A006 ,250 - 1800 RPM ,,Black / Silver ,155 mm , AM2 | AM2+ | AM3 | AM3+ | AM4 | AM5 | FM1 | FM2 | FM2+ | LGA775 | LGA1150 | LGA1151 | LGA1155 | LGA1156 | LGA1200 | LGA1366 | LGA1700 | LGA1851 | LGA2011 | LGA2011-3 | LGA2066 | ,No ,No 
Corsair iCUE LINK TITAN 240 RX LCD,Corsair ,iCUE LINK TITAN 240 RX LCD ,CW-9061025-WW ,300 - 2100 RPM ,10 - 36 dB ,White ,, AM4 | AM5 | LGA1700 | LGA1851 | ,Yes - 240 mm ,No 
Deepcool AG620,Deepcool ,, R-AG620-BKNNMN-G-1 | AG620-AMAZON | ,300 - 1850 RPM ,29.4 dB ,Black / Silver ,157 mm , AM4 | AM5 | LGA1150 | LGA1151 | LGA1155 | LGA1156 | LGA1200 | LGA1700 | LGA1851 | LGA2011 | LGA2011-3 | LGA2066 | ,No ,No 
Thermaltake UX400 RGB,Thermaltake ,,CL-P143-AL12SW-A ,700 - 1800 RPM ,25 dB ,White / Silver ,152 mm , AM4 | AM5 | LGA1150 | LGA1151 | LGA1155 | LGA1156 | LGA1200 | LGA1700 | LGA1851 | ,No ,No 
ID-COOLING FROZN A620 GDL,ID-COOLING ,,FROZN A620 GDL ,500 - 2000 RPM ,29.9 dB ,Black / Gold ,157 mm , AM4 | AM5 | LGA1150 | LGA1151 | LGA1155 | LGA1156 | LGA1200 | LGA1700 | LGA1851 | ,No ,No 
Phanteks Glacier One D30 X2,Phanteks ,,PH-GO360D30_DWT02 ,250 - 2000 RPM ,35.13 dB ,White ,66 mm , AM4 | AM5 | LGA1150 | LGA1151 | LGA1155 | LGA1156 | LGA1200 | LGA1700 | LGA1851 | ,Yes - 360 mm ,No 
RAIJINTEK JUNO-X,RAIJINTEK ,JUNO-X ,0R100060 ,1200 - 2500 RPM ,26 dB ,Black ,58 mm , AM2 | AM2+ | AM3 | AM3+ | AM4 | FM1 | FM2 | FM2+ | LGA775 | LGA1150 | LGA1151 | LGA1155 | LGA1156 | LGA1200 | ,No ,No 
Cooler Master V4 Alpha 3DHP,Cooler Master ,V4 Alpha 3DHP ,MAZ-T2HP-217PK-R1 ,,22.6 dB ,Black / Silver ,161 mm , AM4 | AM5 | LGA1150 | LGA1151 | LGA1155 | LGA1156 | LGA1200 | LGA1700 | LGA1851 | ,No ,No 
NZXT Kraken Z53,NZXT ,Kraken Z53 ,RL-KRZ53-01 ,500 - 2000 RPM ,21 - 36 dB ,Black ,, AM4 | AM5 | sTR4 | sTRX4 | LGA1150 | LGA1151 | LGA1155 | LGA1156 | LGA1200 | LGA1366 | LGA1700 | LGA1851 | LGA2011 | LGA2011-3 | LGA2066 | ,Yes - 240 mm ,No 
Thermalright Peerless Assassin MINI,Thermalright ,,Peerless Assassin 120 MINI WHITE ,1500 RPM ,25.6 dB ,White ,135 mm , AM4 | AM5 | LGA1150 | LGA1151 | LGA1155 | LGA1156 | LGA1200 | LGA1700 | LGA1851 | LGA2011 | LGA2011-3 | LGA2066 | ,No ,No 
Vetroo V5,Vetroo ,V5 ,VT-CPU-V5-WT ,800 - 1700 RPM ,30.8 dB ,White ,148 mm , AM2 | AM2+ | AM3 | AM3+ | AM4 | AM5 | FM1 | FM2 | FM2+ | LGA1150 | LGA1151 | LGA1155 | LGA1156 | LGA1200 | LGA1700 | LGA1851 | ,No ,No 
be quiet! Pure Loop 3 LX,be quiet! ,, BW030 | BW030US | BW030EU | ,2100 RPM ,15.5 - 35 dB ,Black ,, AM4 | AM5 | LGA1150 | LGA1151 | LGA1155 | LGA1156 | LGA1200 | LGA1700 | LGA1851 | ,Yes - 240 mm ,No 
Thermalright Hyper Vision UB ARGB,Thermalright ,,Hyper Vision 360 UB ARGB WHITE ,2150 RPM ,27 dB ,White ,68 mm , AM4 | AM5 | LGA1150 | LGA1151 | LGA1155 | LGA1156 | LGA1200 | LGA1700 | LGA1851 | LGA2011 | LGA2011-3 | LGA2066 | ,Yes - 360 mm ,No 
Noctua NH-L9x65 SE-AM4,Noctua ,,NH-L9x65 SE-AM4 ,600 - 2500 RPM ,14.8 - 23.6 dB ,,65 mm , AM2 | AM2+ | AM3 | AM3+ | AM4 | AM5 | FM1 | FM2 | FM2+ | LGA1150 | LGA1151 | LGA1155 | LGA1156 | LGA1200 | LGA1700 | LGA1851 | ,No ,No 
Noctua NH-D14,Noctua ,,NH-D14 ,900 - 1200 RPM ,12.6 - 19.8 dB ,,160 mm , AM2 | AM2+ | AM3 | AM3+ | AM4 | AM5 | FM1 | FM2 | FM2+ | LGA775 | LGA1150 | LGA1151 | LGA1155 | LGA1156 | LGA1200 | LGA1366 | LGA1700 | LGA1851 | ,No ,No 
Lian Li Galahad II Trinity,Lian Li ,, GA2T24B | G89.GA2T24B.00 | ,2450 RPM ,35.4 dB ,Black ,69 mm , AM4 | AM5 | LGA1150 | LGA1151 | LGA1155 | LGA1156 | LGA1200 | LGA1700 | LGA1851 | ,Yes - 240 mm ,No 
Valkyrie Vind 125 SL,Valkyrie ,,VK-AIRSL125B ,800 - 2150 RPM ,29 dB ,Black ,158 mm , AM4 | AM5 | LGA1150 | LGA1151 | LGA1155 | LGA1156 | LGA1200 | LGA1700 | LGA1851 | ,No ,No 
ARCTIC Freezer 8A CO,ARCTIC ,Freezer 8A CO ,ACFRE00162A ,200 - 2300 RPM ,,Black / Silver ,136 mm , AM4 | AM5 | ,No ,No 
Thermaltake TH360 V2 Ultra ARGB Sync,Thermaltake ,TH360 V2 Ultra ARGB Sync ,CL-W384-PL12SW-A ,500 - 1800 RPM ,25.8 dB ,Black ,, AM2 | AM2+ | AM3 | AM3+ | AM4 | AM5 | FM1 | FM2 | FM2+ | LGA1150 | LGA1151 | LGA1155 | LGA1156 | LGA1200 | LGA1700 | LGA1851 | LGA2011 | LGA2011-3 | LGA2066 | ,Yes - 360 mm ,No 
Montech NX400 ARGB,Montech ,, NX400ARGBW | NX400 ARGB (W) | ,8000 - 2000 RPM ,34.17 dB ,White / Silver ,156 mm , AM4 | AM5 | LGA1150 | LGA1151 | LGA1155 | LGA1156 | LGA1200 | LGA1700 | LGA1851 | ,No ,No 
Asus ROG STRIX LC II,Asus ,, ROG STRIX LC II 240 | 90RC00E0-M0AAY0 | 90RC00E0-M0UAY0 | 90RC00E0-M0UAY1 | 90RC00E0-M0UAY4 | ,800 - 2500 RPM ,37.6 dB ,Black ,, AM4 | AM5 | LGA1150 | LGA1151 | LGA1155 | LGA1156 | LGA1200 | LGA1700 | LGA1851 | LGA2011-3 Narrow | ,Yes - 240 mm ,No 
Corsair H60,Corsair ,H60 , H60 (CW-9060007-WW) | CW-9060007-WW | H60 | ,2000 RPM ,30.85 dB ,,, AM2 | AM2+ | AM3 | AM3+ | AM4 | FM1 | FM2 | FM2+ | LGA1150 | LGA1151 | LGA1155 | LGA1156 | LGA1200 | LGA1366 | LGA2011 | LGA2011-3 | LGA2066 | ,Yes - 120 mm ,No 
Thermaltake MAGFloe 420 Ultra ARGB Sync,Thermaltake ,MAGFloe 420 Ultra ARGB Sync ,CL-W451-PL14SW-A ,500 - 2000 RPM ,34.5 dB ,Black ,, AM2 | AM2+ | AM3 | AM3+ | AM4 | AM5 | FM1 | FM2 | FM2+ | LGA1150 | LGA1151 | LGA1155 | LGA1156 | LGA1200 | LGA1700 | LGA1851 | LGA2011 | LGA2011-3 | LGA2066 | ,Yes - 420 mm ,No 
Ocypus Gamma A40 ARGB,Ocypus ,,Gamma-A40-BK1AAWN00X-GL ,600 - 2400 RPM ,29.5 dB ,Black ,133 mm , AM4 | AM5 | LGA1150 | LGA1151 | LGA1155 | LGA1156 | LGA1200 | LGA1700 | LGA1851 | ,No ,No 
Thermalright Assassin King 120 Mini WHITE ARGB V3,Thermalright ,Assassin King 120 Mini WHITE ARGB V3 , AK120 MINI WHITE ARGB V3 | Assassin King 120 Mini WHITE ARGB V3 | ,1500 RPM ,25.6 dB ,White / Silver ,135 mm , AM4 | AM5 | LGA1150 | LGA1151 | LGA1155 | LGA1156 | LGA1200 | LGA1700 | LGA1851 | ,No ,No 
Ocypus Delta A40 ARGB,Ocypus ,,Delta A40 BK ARGB ,500 - 2000 RPM ,29 dB ,Black ,157 mm , AM4 | AM5 | LGA1150 | LGA1151 | LGA1155 | LGA1156 | LGA1200 | LGA1700 | LGA1851 | ,No ,No 
Montech NX600 ARGB,Montech ,, NX600 ARGB Black | NX600 ARGB (B) | ,800 - 2000 RPM ,34.17 dB ,Black ,160 mm , AM4 | AM5 | LGA1150 | LGA1151 | LGA1155 | LGA1156 | LGA1200 | LGA1700 | LGA1851 | ,No ,No 
HYTE THICC Q80 Trio,HYTE ,THICC Q80 Trio ,fan-hyte-q80t-ww ,1 - 3000 RPM ,10 - 47.3 dB ,White ,105 mm , AM4 | AM5 | LGA1150 | LGA1151 | LGA1155 | LGA1156 | LGA1200 | LGA1700 | LGA1851 | ,Yes - 360 mm ,No 
HYTE THICC Q60,HYTE ,THICC Q60 ,FAN-HYTE-Q60-BW ,,10 - 47.3 dB ,White / Black ,105 mm , AM4 | AM5 | sTR4 | sTRX4 | LGA1150 | LGA1151 | LGA1155 | LGA1156 | LGA1200 | LGA1700 | LGA1851 | LGA2011 | LGA2011-3 | LGA2066 | ,Yes - 240 mm ,No 
Corsair iCUE H100i ELITE CAPELLIX XT,Corsair ,iCUE H100i ELITE CAPELLIX XT ,CW-9060068-WW ,550 - 2100 RPM ,5 - 34.1 dB ,Black ,, AM4 | AM5 | sTR4 | sTRX4 | LGA1150 | LGA1151 | LGA1155 | LGA1156 | LGA1200 | LGA1700 | LGA1851 | LGA2011 | LGA2011-3 | LGA2066 | ,Yes - 240 mm ,No 
Deepcool GAMMAXX 400 V2,Deepcool ,GAMMAXX 400 V2 , DP-MCH4-GMX400V2-BL | GAMMAXX400V2-BLUE-US | GAMMAXX 400 V2(Blue) | ,500 - 1650 RPM ,,Black / Blue ,155 mm , AM2 | AM2+ | AM3 | AM3+ | AM4 | AM5 | FM1 | FM2 | FM2+ | LGA1150 | LGA1151 | LGA1155 | LGA1156 | LGA1200 | LGA1366 | LGA1700 | LGA1851 | ,No ,No 
Thermalright Frozen Edge,Thermalright ,,FE240 White ,2150 RPM ,28.1 dB ,White ,, AM4 | AM5 | LGA1150 | LGA1151 | LGA1155 | LGA1156 | LGA1200 | LGA1700 | LGA1851 | LGA2011 | LGA2011-3 | LGA2066 | ,Yes - 240 mm ,No 
Thermalright AXP90-X53,Thermalright ,,AXP90-X53 BLACK ,2700 RPM ,22.4 dB ,Black ,53 mm , AM4 | AM5 | LGA1150 | LGA1151 | LGA1155 | LGA1156 | LGA1200 | LGA1700 | LGA1851 | ,No ,No 
Scythe FUMA 2,Scythe ,FUMA 2 ,SCFM-2000 ,300 - 1200 RPM ,2.7 - 24.9 dB ,Black / Silver ,154 mm , AM2 | AM2+ | AM3 | AM3+ | AM4 | AM5 | FM1 | FM2 | FM2+ | LGA775 | LGA1150 | LGA1151 | LGA1155 | LGA1156 | LGA1200 | LGA1700 | LGA1851 | LGA2011 | LGA2011-3 | LGA2066 | ,No ,No 
Deepcool LS720S ZERO DARK,Deepcool ,LS720S ZERO DARK ,R-LS720-BKNNMM-G-1 ,500 - 2250 RPM ,28.2 - 32.9 dB ,Black ,55 mm , AM4 | AM5 | LGA1150 | LGA1151 | LGA1155 | LGA1156 | LGA1200 | LGA1700 | LGA1851 | ,Yes - 360 mm ,No 
Deepcool GAMMAXX AG400 ARGB,Deepcool ,, R-AG400-WHANMC-G-2 | AG400 WH ARGB | ,500 - 2000 RPM ,31.6 dB ,White ,150 mm , AM4 | AM5 | LGA1150 | LGA1151 | LGA1155 | LGA1156 | LGA1200 | LGA1700 | LGA1851 | ,No ,No 
ID-COOLING FROSTFLOW X,ID-COOLING ,,FROSTFLOW X 240 ,700 - 1800 RPM ,18 - 35.2 dB ,,, AM2 | AM2+ | AM3 | AM3+ | AM4 | AM5 | sTR4 | sTRX4 | FM1 | FM2 | FM2+ | LGA1150 | LGA1151 | LGA1155 | LGA1156 | LGA1200 | LGA1366 | LGA1700 | LGA1851 | LGA2011 | LGA2011-3 | LGA2066 | ,Yes - 240 mm ,No 
Antec Symphony ARGB,Antec ,,0-761345-74042-5 ,800 - 1600 RPM ,20 - 35 dB ,White ,, AM2 | AM2+ | AM3 | AM3+ | AM4 | AM5 | FM1 | FM2 | FM2+ | LGA1150 | LGA1151 | LGA1155 | LGA1156 | LGA1200 | LGA1366 | LGA1700 | LGA1851 | LGA2011 | LGA2011-3 | LGA2066 | ,Yes - 360 mm ,No 
Deepcool AK620 DIGITAL WH,Deepcool ,AK620 DIGITAL WH , R-AK620-WHADMN-G | AK620 DIGITAL WH | ,500 - 1850 RPM ,28 dB ,White ,162 mm , AM4 | AM5 | LGA1150 | LGA1151 | LGA1155 | LGA1156 | LGA1200 | LGA1700 | LGA1851 | LGA2011 | LGA2011-3 | LGA2066 | ,No ,No 
Cooler Master Hyper H412R,Cooler Master ,Hyper H412R ,RR-H412-20PK-R2 ,600 - 2000 RPM ,29.4 dB ,Black ,136 mm , AM2 | AM2+ | AM3 | AM3+ | AM4 | AM5 | FM1 | FM2 | FM2+ | LGA775 | LGA1150 | LGA1151 | LGA1155 | LGA1156 | LGA1200 | LGA1366 | LGA2011 | LGA2011-3 | LGA2066 | ,No ,No 
Vetroo V240,Vetroo ,V240 , VT-AIO-V240-WT | V240 WH | V240 White | ,800 - 1800 RPM ,30.8 dB ,White / Gray ,, AM2 | AM2+ | AM3 | AM3+ | AM4 | AM5 | FM1 | FM2 | FM2+ | LGA775 | LGA1150 | LGA1151 | LGA1155 | LGA1156 | LGA1200 | LGA1366 | LGA1700 | LGA1851 | LGA2011 | LGA2011-3 | LGA2066 | ,Yes - 240 mm ,No 
ARCTIC Freezer 36 CO,ARCTIC ,Freezer 36 CO ,ACFRE00122A ,200 - 1800 RPM ,,Black / Silver ,159 mm , AM4 | AM5 | LGA1700 | LGA1851 | ,No ,No 
Alphacool Core Ocean T38,Alphacool ,,13054 ,,0 - 36 dB ,Black ,, AM4 | AM5 | LGA1150 | LGA1151 | LGA1155 | LGA1156 | LGA1200 | LGA1700 | LGA1851 | LGA2011 | LGA2011-3 | LGA2066 | ,Yes - 420 mm ,No 
ID-COOLING FROZN A410 SE ARGB,ID-COOLING ,,FROZN A410 SE ARGB ,300 - 2000 RPM ,27.2 dB ,Black / Silver ,152 mm , AM4 | AM5 | LGA1150 | LGA1151 | LGA1155 | LGA1156 | LGA1200 | LGA1700 | LGA1851 | ,No ,No 
Lian Li Galahad II Trinity Performance,Lian Li ,,GA2P36W ,2300 - 3000 RPM ,32.1 - 39.9 dB ,White ,79 mm , AM4 | AM5 | LGA1150 | LGA1151 | LGA1155 | LGA1156 | LGA1200 | LGA1700 | LGA1851 | ,Yes - 360 mm ,No 
NZXT Kraken Z73 RGB,NZXT ,Kraken Z73 RGB ,RL-KRZ73-R1 ,500 - 1500 RPM ,22 - 33 dB ,Black ,, AM4 | AM5 | sTR4 | sTRX4 | LGA1150 | LGA1151 | LGA1155 | LGA1156 | LGA1200 | LGA1366 | LGA1700 | LGA1851 | LGA2011 | LGA2011-3 | LGA2066 | ,Yes - 360 mm ,No 
Lian Li Galahad II LCD,Lian Li ,,GA2ALCD36B ,300 - 2450 RPM ,30 dB ,Black ,, AM4 | AM5 | LGA1150 | LGA1151 | LGA1155 | LGA1156 | LGA1200 | LGA1700 | LGA1851 | ,Yes - 360 mm ,No 
Cooler Master MasterLiquid PL360 FLUX,Cooler Master ,MasterLiquid PL360 FLUX ,MLY-D36M-A23PZ-R1 ,,32 dB ,Black ,, AM2 | AM2+ | AM3 | AM3+ | AM4 | AM5 | sTR4 | sTRX4 | FM1 | FM2 | FM2+ | LGA1150 | LGA1151 | LGA1155 | LGA1156 | LGA1200 | LGA1700 | LGA1851 | LGA2011 | LGA2011-3 | LGA2066 | ,Yes - 360 mm ,No 
NZXT Kraken Elite 280,NZXT ,Kraken Elite 280 ,RL-KN28E-B1 ,500 - 1500 RPM ,19.4 - 32.1 dB ,Black ,60 mm , AM4 | AM5 | sTR4 | sTRX4 | LGA1150 | LGA1151 | LGA1155 | LGA1156 | LGA1200 | LGA1700 | LGA1851 | ,Yes - 280 mm ,No 
Corsair iCUE H60x RGB ELITE,Corsair ,iCUE H60x RGB ELITE , CW-9060064-WW | CW-9060064-WW2 | ,1500 RPM ,7 - 28 dB ,Black ,, AM4 | AM5 | LGA1150 | LGA1151 | LGA1155 | LGA1156 | LGA1200 | LGA1700 | LGA1851 | LGA2011 | LGA2011-3 | LGA2066 | ,Yes - 120 mm ,No 
Montech LightFlow ARGB,Montech ,,LightFlow ARGB 240 Black ,600 - 2000 RPM ,34.3 dB ,Black ,56 mm , AM4 | AM5 | LGA1700 | LGA1851 | ,Yes - 240 mm ,No 
Alpenföhn BLACK RIDGE,Alpenföhn ,BLACK RIDGE ,84000000156 ,800 - 2800 RPM ,14 - 37.6 dB ,Black ,47 mm , AM2 | AM2+ | AM3 | AM3+ | AM4 | FM1 | FM2 | FM2+ | LGA1150 | LGA1151 | LGA1155 | LGA1156 | LGA1200 | LGA1700 | LGA1851 | ,No ,No 
ASRock Phantom Gaming LCD,ASRock ,, 90-APGA36-BAAGA5 | Phantom Gaming 360 LCD | ,,31.4 dB ,Black ,108 mm , AM4 | AM5 | LGA1700 | LGA1851 | ,Yes - 360 mm ,No 
Asus ROG Ryujin III,Asus ,, 90RC00K0-M0UAY0 | ROG RYUJIN III 240 | 90RC00K0-M0AAY0 | ,450 - 2000 RPM ,29.7 dB ,Black ,101 mm , AM4 | AM5 | LGA1150 | LGA1151 | LGA1155 | LGA1156 | LGA1200 | LGA1700 | LGA1851 | ,Yes - 240 mm ,No 
ID-COOLING FX240 INF,ID-COOLING ,,FX240 INF ,300 - 2000 RPM ,27.2 dB ,Black ,60 mm , AM4 | AM5 | LGA1150 | LGA1151 | LGA1155 | LGA1156 | LGA1200 | LGA1700 | LGA1851 | ,Yes - 240 mm ,No 
Cooler Master I70C,Cooler Master ,,RR-I7C7-18PA-R1 ,650 - 1800 RPM ,28 dB ,Black / Silver ,70 mm , LGA1700 | LGA1851 | ,No ,No 
Thermalright Peerless Assassin 90 SE,Thermalright ,Peerless Assassin 90 SE , PA90 SE | Peerless Assassin 90 SE | ,2200 RPM ,23.85 dB ,Black / Silver ,110 mm , AM4 | AM5 | LGA1150 | LGA1151 | LGA1155 | LGA1156 | LGA1200 | LGA1700 | LGA1851 | ,No ,No 
Deepcool LS720 SE WH,Deepcool ,, LS720 SE WH | R-LS720-WHAMMM-G-1 | ,500 - 2250 RPM ,28.2 - 32.9 dB ,White ,, AM4 | AM5 | LGA1150 | LGA1151 | LGA1155 | LGA1156 | LGA1200 | LGA1700 | LGA1851 | ,Yes - 360 mm ,No 
Thermaltake UX400,Thermaltake ,,CL-P149-AL12BL-A ,700 - 1800 RPM ,25 dB ,Black / Silver ,152 mm , AM4 | AM5 | LGA1150 | LGA1151 | LGA1155 | LGA1156 | LGA1200 | LGA1700 | LGA1851 | ,No ,No 
ARCTIC Liquid Freezer III Pro A-RGB,ARCTIC ,,ACFRE00187A ,400 - 2500 RPM ,,White ,68 mm , AM4 | AM5 | LGA1700 | LGA1851 | ,Yes - 280 mm ,No 
ARCTIC Freezer 34 eSports DUO,ARCTIC ,Freezer 34 eSports DUO ,ACFRE00060A ,200 - 2100 RPM ,24.4 dB ,Red / Black ,157 mm , AM4 | AM5 | LGA1150 | LGA1151 | LGA1155 | LGA1156 | LGA1200 | LGA1700 | LGA1851 | LGA2011 | LGA2011-3 | LGA2066 | ,No ,No 
Alpenföhn Panorama 2,Alpenföhn ,,84000000212 ,500 - 3000 RPM ,37.6 dB ,Black ,47 mm , AM4 | AM5 | LGA1150 | LGA1151 | LGA1155 | LGA1156 | LGA1200 | LGA1700 | LGA1851 | ,No ,No 
MSI MAG CORELIQUID E240 WHITE,MSI ,, MAG CORELIQUID E240 WHITE | 306-7ZW5E21-C24 | MAG CORELIQUID E240 WH | 306-7ZW5E27-C24 | ,,,White ,, AM4 | AM5 | LGA1150 | LGA1151 | LGA1155 | LGA1156 | LGA1200 | LGA1700 | LGA1851 | ,Yes - 240 mm ,No 
BitFenix Cube ARGB,BitFenix ,,BFW-AIO-360-BB27A-RP ,2000 RPM ,34 dB ,Black ,, AM4 | AM5 | LGA1150 | LGA1151 | LGA1155 | LGA1156 | LGA1200 | LGA1700 | LGA1851 | ,Yes - 360 mm ,No 
Corsair iCUE H150i RGB ELITE,Corsair ,iCUE H150i RGB ELITE ,CW-9060079-WW ,400 - 1850 RPM ,5 - 28.9 dB ,White ,, AM4 | AM5 | sTR4 | sTRX4 | LGA1150 | LGA1151 | LGA1155 | LGA1156 | LGA1200 | LGA1366 | LGA1700 | LGA1851 | LGA2011 | LGA2011-3 | LGA2066 | ,Yes - 360 mm ,No 
Cooler Master MasterLiquid Lite 120,Cooler Master ,MasterLiquid Lite 120 ,MLW-D12M-A20PW-R1 ,650 - 2000 RPM ,6 - 30 dB ,,, AM2 | AM2+ | AM3 | AM3+ | AM4 | AM5 | FM1 | FM2 | FM2+ | LGA775 | LGA1150 | LGA1151 | LGA1155 | LGA1156 | LGA1200 | LGA1366 | LGA2011 | LGA2011-3 | LGA2066 | ,Yes - 120 mm ,No 
be quiet! Pure Loop 2 FX,be quiet! ,, BW014 | PURE LOOP 2 FX 280mm | ,,10.8 - 32.8 dB ,Black ,, AM4 | AM5 | LGA1150 | LGA1151 | LGA1155 | LGA1156 | LGA1200 | LGA1700 | LGA1851 | LGA2011 | LGA2011-3 | LGA2066 | ,Yes - 280 mm ,No 
Deepcool GAMMAXX AG620 ARGB,Deepcool ,, R-AG620-BKANMN-G-2 | AG620 BK ARGB-AMAZON | AG620 BK ARGB | ,300 - 1850 RPM ,29.4 dB ,Black ,157 mm , AM4 | AM5 | LGA1150 | LGA1151 | LGA1155 | LGA1156 | LGA1200 | LGA1700 | LGA1851 | LGA2011 | LGA2011-3 | LGA2066 | ,No ,No 
Lian Li GALAHAD AIO 240 RGB UNI FAN SL120 EDITION,Lian Li ,GALAHAD AIO 240 RGB UNI FAN SL120 EDITION , GA-240SLA | Galahad AIO 240 SL v2 White | G89.GA240SLA.01 | ,800 - 1900 RPM ,32 dB ,White / Silver ,62 mm , AM4 | AM5 | LGA775 | LGA1150 | LGA1151 | LGA1155 | LGA1156 | LGA1200 | LGA1366 | LGA1700 | LGA1851 | LGA2011 | LGA2011-3 | LGA2066 | ,Yes - 240 mm ,No 
Gigabyte GAMING 360,Gigabyte ,GAMING 360 ,GP-GIGABYTE GME 360I ,500 - 2200 RPM ,13.8 - 35.8 dB ,White ,63 mm , AM4 | AM5 | LGA1150 | LGA1151 | LGA1155 | LGA1156 | LGA1200 | LGA1700 | LGA1851 | ,Yes - 360 mm ,No 
NZXT Kraken Elite 240 RGB,NZXT ,Kraken Elite 240 RGB ,RL-KR24E-B1 ,500 - 1800 RPM ,17.9 - 30.6 dB ,Black ,60 mm , AM4 | AM5 | sTR4 | sTRX4 | LGA1150 | LGA1151 | LGA1155 | LGA1156 | LGA1200 | LGA1700 | LGA1851 | ,Yes - 240 mm ,No 
ID-COOLING SE-224-XTS,ID-COOLING ,,SE-224-XTS WHITE ,600 - 1500 RPM ,28.9 dB ,White ,151 mm , AM4 | AM5 | LGA1150 | LGA1151 | LGA1155 | LGA1156 | LGA1200 | LGA1700 | LGA1851 | ,No ,No 
Deepcool AK400 DIGITAL WH,Deepcool ,AK400 DIGITAL WH , R-AK400-WHADMN-G | AK400 DIGITAL WH | ,500 - 1850 RPM ,28 dB ,White ,156 mm , AM4 | AM5 | LGA1150 | LGA1151 | LGA1155 | LGA1156 | LGA1200 | LGA1700 | LGA1851 | ,No ,No 
Asus ROG Ryujin III ARGB,Asus ,, 90RC00L1-M0UAY0 | ROG RYUJIN III 360 ARGB | 90RC00L1-M0AAY0 | ,600 - 2200 RPM ,36.45 dB ,Black ,101 mm , AM4 | AM5 | LGA1150 | LGA1151 | LGA1155 | LGA1156 | LGA1200 | LGA1700 | LGA1851 | ,Yes - 360 mm ,No 
MSI MAG CORELIQUID E240,MSI ,, MAG CORELIQUID E240 | 306-7ZW5E11-C24 | 306-7ZW5E17-C24 | ,,,Black ,, AM4 | AM5 | LGA1150 | LGA1151 | LGA1155 | LGA1156 | LGA1200 | LGA1700 | LGA1851 | ,Yes - 240 mm ,No 
NZXT Kraken Z63 RGB,NZXT ,Kraken Z63 RGB ,RL-KRZ63-RW ,500 - 1500 RPM ,22 - 33 dB ,White / Black ,, AM4 | AM5 | sTR4 | sTRX4 | LGA1150 | LGA1151 | LGA1155 | LGA1156 | LGA1200 | LGA1366 | LGA1700 | LGA1851 | LGA2011 | LGA2011-3 | LGA2066 | ,Yes - 280 mm ,No 
MSI MAG CORELIQUID M360,MSI ,, MAG CORELIQUID M360 | 306-7ZW4R24-813 | ,500 - 2000 RPM ,14.3 - 34.3 dB ,Black ,, AM4 | AM5 | LGA1150 | LGA1151 | LGA1155 | LGA1156 | LGA1200 | LGA1700 | LGA1851 | LGA2011 | LGA2011-3 | LGA2066 | ,Yes - 360 mm ,No 
Thermalright Royal Pretor 130 BLACK,Thermalright ,, Royal Pretor 130 BLACK | RP130 BLACK D6 | ,1750 RPM ,28.3 dB ,Black ,158 mm , AM4 | AM5 | LGA1150 | LGA1151 | LGA1155 | LGA1156 | LGA1200 | LGA1700 | LGA1851 | LGA2011 | LGA2011-3 | LGA2066 | ,No ,No 
Corsair iCUE H115i RGB Pro XT,Corsair ,iCUE H115i RGB Pro XT ,CW-9060044-WW ,2200 RPM ,36 dB ,Black ,, AM2 | AM2+ | AM3 | AM3+ | AM4 | AM5 | sTR4 | sTRX4 | FM1 | FM2 | FM2+ | LGA1150 | LGA1151 | LGA1155 | LGA1156 | LGA1200 | LGA1700 | LGA1851 | LGA2011 | LGA2011-3 | LGA2066 | ,Yes - 280 mm ,No 
Montech HyperFlow ARGB 360,Montech ,HyperFlow ARGB 360 ,HyperFlow ARGB 360 White ,2200 RPM ,29.1 dB ,White ,, AM2 | AM2+ | AM3 | AM3+ | AM4 | AM5 | FM1 | FM2 | FM2+ | LGA1150 | LGA1151 | LGA1155 | LGA1156 | LGA1200 | LGA1700 | LGA1851 | LGA2011 | LGA2011-3 | LGA2066 | ,Yes - 360 mm ,No 
be quiet! Pure Loop 2,be quiet! ,,BW018 ,,15.4 - 33.8 dB ,Black ,42 mm , AM4 | AM5 | LGA1150 | LGA1151 | LGA1155 | LGA1156 | LGA1200 | LGA1700 | LGA1851 | ,Yes - 280 mm ,No 
Jonsbo CR-3000E,Jonsbo ,,CR-3000E ,600 - 1600 RPM ,22 - 34 dB ,Black ,155 mm , AM4 | AM5 | LGA1150 | LGA1151 | LGA1155 | LGA1156 | LGA1200 | LGA1700 | LGA1851 | ,No ,No 
ARCTIC Liquid Freezer III 360 A-RGB,ARCTIC ,Liquid Freezer III 360 A-RGB ,ACFRE00144A ,200 - 2000 RPM ,,Black ,, AM4 | AM5 | LGA1700 | LGA1851 | ,Yes - 360 mm ,No 
Thermalright Frozen Warframe PRO ARGB,Thermalright ,,FW PRO 360 ARGB MEW ,2000 RPM ,29.8 dB ,White / Pink ,60 mm , AM4 | AM5 | LGA1150 | LGA1151 | LGA1155 | LGA1156 | LGA1200 | LGA1700 | LGA1851 | LGA2011 | LGA2011-3 | LGA2066 | ,Yes - 360 mm ,No 
Thermalright Burst Assassin 120 Vision,Thermalright ,Burst Assassin 120 Vision , Burst Assassin 120 Vision Black | BA120V-BLACK | ,1500 RPM ,25.6 dB ,Black ,156 mm , AM4 | AM5 | LGA1150 | LGA1151 | LGA1155 | LGA1156 | LGA1200 | LGA1700 | LGA1851 | ,No ,No 
Asus TUF Gaming LC II ARGB,Asus ,, TUF Gaming LC II 240 ARGB | 90RC00U1-M0UAY0 | ,800 - 2000 RPM ,29 dB ,Black ,, AM4 | AM5 | LGA1150 | LGA1151 | LGA1155 | LGA1156 | LGA1200 | LGA1700 | LGA1851 | ,Yes - 240 mm ,No 
Corsair iCUE H150i ELITE CAPELLIX,Corsair ,iCUE H150i ELITE CAPELLIX ,CW-9060051-WW ,2400 RPM ,10 - 37 dB ,White ,, AM2 | AM2+ | AM3 | AM3+ | AM4 | AM5 | sTR4 | sTRX4 | FM1 | FM2 | FM2+ | LGA1150 | LGA1151 | LGA1155 | LGA1156 | LGA1200 | LGA1366 | LGA1700 | LGA1851 | ,Yes - 360 mm ,No 
ARCTIC Liquid Freezer III Pro A-RGB,ARCTIC ,,ACFRE00186A ,600 - 3000 RPM ,,White ,68 mm , AM4 | AM5 | LGA1700 | LGA1851 | ,Yes - 240 mm ,No 
Antec A30,Antec ,, A30 | 0-761345-10922-2 | ,1750 RPM ,20 dB ,,123 mm , AM2 | AM2+ | AM3 | AM3+ | FM1 | FM2 | FM2+ | LGA775 | LGA1150 | LGA1151 | LGA1155 | LGA1156 | LGA1200 | ,No ,No 
GAMDIAS AURA GL360 V2,GAMDIAS ,, AURA GL360 V2 | GD-AURA GL360 V2 | ,800 - 1800 RPM ,33.8 dB ,Black ,, AM2 | AM2+ | AM3 | AM3+ | AM4 | AM5 | FM1 | FM2 | FM2+ | LGA1150 | LGA1151 | LGA1155 | LGA1156 | LGA1200 | LGA1700 | LGA1851 | LGA2011 | LGA2011-3 | LGA2066 | ,Yes - 360 mm ,No 
Thermalright Grand Vision ARGB,Thermalright ,,Grand Vision 240 ARGB WHITE ,2150 RPM ,29.4 dB ,White ,72 mm , AM4 | AM5 | LGA1150 | LGA1151 | LGA1155 | LGA1156 | LGA1200 | LGA1700 | LGA1851 | LGA2011 | LGA2011-3 | LGA2066 | ,Yes - 240 mm ,No 
Thermaltake UX100,Thermaltake ,UX100 ,CL-P064-AL12SW-A ,1800 RPM ,26.92 dB ,Black ,66 mm , AM2 | AM2+ | AM3 | AM3+ | AM4 | FM1 | FM2 | FM2+ | LGA775 | LGA1150 | LGA1151 | LGA1155 | LGA1156 | LGA1200 | ,No ,No 
EK EK-Nucleus AIO CR240 Lux D-RGB,EK ,EK-Nucleus AIO CR240 Lux D-RGB , EK-Nucleus AIO CR240 Lux D-RGB - White | 3831109897843 | ,550 - 2300 RPM ,36 dB ,White ,, AM4 | AM5 | LGA1150 | LGA1151 | LGA1155 | LGA1156 | LGA1200 | LGA1700 | LGA1851 | LGA2011 | LGA2011-3 | LGA2066 | ,Yes - 240 mm ,No 
Deepcool Assassin 4S,Deepcool ,,R-ASN4S-BKGPMN-G ,500 - 1800 RPM ,29.3 dB ,Black ,164 mm , AM4 | AM5 | LGA1150 | LGA1151 | LGA1155 | LGA1156 | LGA1200 | LGA1700 | LGA1851 | LGA2011 | LGA2011-3 | LGA2066 | ,No ,No 
Asus ROG RYUJIN II,Asus ,, ROG RYUJIN II 240 | 90RC00A0-M0AAY0 | 90RC00A0-M0UAY0 | ,450 - 2000 RPM ,29.7 dB ,Black ,, AM4 | AM5 | sTR4 | sTRX4 | LGA1150 | LGA1151 | LGA1155 | LGA1156 | LGA1200 | LGA1366 | LGA1700 | LGA1851 | LGA2011 | LGA2011-3 | LGA2066 | ,Yes - 240 mm ,No 
Corsair H115i RGB PLATINUM,Corsair ,H115i RGB PLATINUM ,CW-9060038-WW ,2000 RPM ,37 dB ,Black / Silver ,, AM2 | AM2+ | AM3 | AM3+ | AM4 | AM5 | FM1 | FM2 | FM2+ | LGA1150 | LGA1151 | LGA1155 | LGA1156 | LGA1200 | LGA1700 | LGA1851 | LGA2011 | LGA2011-3 | LGA2066 | ,Yes - 280 mm ,No 
Thermalright Grand Vision ARGB,Thermalright ,,Grand Vision 240 ARGB BLACK ,2150 RPM ,29.4 dB ,Black ,72 mm , AM4 | AM5 | LGA1150 | LGA1151 | LGA1155 | LGA1156 | LGA1200 | LGA1700 | LGA1851 | LGA2011 | LGA2011-3 | LGA2066 | ,Yes - 240 mm ,No 
Alphacool Core Ocean T38,Alphacool ,,13050 ,,0 - 34.3 dB ,Black ,, AM4 | AM5 | LGA1150 | LGA1151 | LGA1155 | LGA1156 | LGA1200 | LGA1700 | LGA1851 | LGA2011 | LGA2011-3 | LGA2066 | ,Yes - 120 mm ,No 
Deepcool LT520,Deepcool ,LT520 , R-LT520-BKAMNF-G-1 | LT520 | LT520-AMAZON | ,500 - 2250 RPM ,32.9 dB ,Black / Gray ,68 mm , AM4 | AM5 | LGA1150 | LGA1151 | LGA1155 | LGA1156 | LGA1200 | LGA1700 | LGA1851 | LGA2011 | LGA2011-3 | LGA2066 | ,Yes - 240 mm ,No 
ENDORFY Navis F360 ARGB,ENDORFY ,Navis F360 ARGB ,EY3B006 ,250 - 1800 RPM ,,Black ,, AM4 | AM5 | LGA1150 | LGA1151 | LGA1155 | LGA1156 | LGA1200 | LGA1700 | LGA1851 | LGA2011 | LGA2011-3 | LGA2066 | ,Yes - 360 mm ,No 
NZXT Kraken X53 RGB,NZXT ,Kraken X53 RGB ,RL-KRX53-R1 ,500 - 1500 RPM ,22 - 33 dB ,Black ,, AM4 | AM5 | sTR4 | sTRX4 | LGA1150 | LGA1151 | LGA1155 | LGA1156 | LGA1200 | LGA1366 | LGA1700 | LGA1851 | LGA2011 | LGA2011-3 | LGA2066 | ,Yes - 240 mm ,No 
Ocypus Iota A62,Ocypus ,,Iota A62 BK ,500 - 2000 RPM ,29 dB ,Black ,158 mm , AM4 | AM5 | LGA1150 | LGA1151 | LGA1155 | LGA1156 | LGA1200 | LGA1700 | LGA1851 | ,No ,No 
EK EK-Nucleus AIO CR240 Lux D-RGB,EK ,, EK-Nucleus AIO CR240 Lux D-RGB | 3831109851678 | ,550 - 2300 RPM ,36 dB ,Black ,, AM4 | AM5 | LGA1150 | LGA1151 | LGA1155 | LGA1156 | LGA1200 | LGA1700 | LGA1851 | LGA2011 | LGA2011-3 | LGA2066 | ,Yes - 240 mm ,No 
Deepcool LE500 Marrs,Deepcool ,LE500 Marrs ,R-LE500-BKLNMG-G-1 ,500 - 2250 RPM ,32.9 dB ,Black ,52 mm , AM4 | AM5 | LGA1150 | LGA1151 | LGA1155 | LGA1156 | LGA1200 | LGA1700 | LGA1851 | ,Yes - 240 mm ,No 
Thermaltake TH240 V2 ARGB Sync,Thermaltake ,TH240 V2 ARGB Sync ,CL-W364-PL12SW-A ,500 - 2000 RPM ,25.8 dB ,White ,, AM2 | AM2+ | AM3 | AM3+ | AM4 | AM5 | FM1 | FM2 | FM2+ | LGA1150 | LGA1151 | LGA1155 | LGA1156 | LGA1200 | LGA1700 | LGA1851 | LGA2011 | LGA2011-3 | LGA2066 | ,Yes - 240 mm ,No 
iBuypower AW4,iBuypower ,,FAN-IBP-005-B-R ,700 - 2000 RPM ,38 dB ,Black ,, AM4 | AM5 | LGA1150 | LGA1151 | LGA1155 | LGA1156 | LGA1200 | LGA1700 | LGA1851 | ,Yes - 240 mm ,No 
Ocypus Iota L36,Ocypus ,Iota L36 ,Iota L36 WH ,500 - 2000 RPM ,29 dB ,White ,, AM4 | AM5 | LGA1150 | LGA1151 | LGA1155 | LGA1156 | LGA1200 | LGA1700 | LGA1851 | ,Yes - 360 mm ,No 
Corsair iCUE H150i RGB ELITE,Corsair ,iCUE H150i RGB ELITE ,CW-9060060-WW ,400 - 1850 RPM ,19 - 35.8 dB ,Black ,, AM4 | AM5 | sTR4 | sTRX4 | LGA1150 | LGA1151 | LGA1155 | LGA1156 | LGA1200 | LGA1366 | LGA1700 | LGA1851 | LGA2011 | LGA2011-3 | LGA2066 | ,Yes - 360 mm ,No 
Thermalright Stream Vision,Thermalright ,, Stream Vision 360 White | SV360 WHITE D6 | SV360 WHITE-D2 | ,2400 RPM ,31.4 dB ,White ,76 mm , AM4 | AM5 | LGA1150 | LGA1151 | LGA1155 | LGA1156 | LGA1200 | LGA1700 | LGA1851 | LGA2011 | LGA2011-3 | LGA2066 | ,Yes - 360 mm ,No 
upHere UE2K6,upHere ,, UE2K6 | UE2K6 US | ,600 - 1650 RPM ,25 dB ,Black ,155 mm , AM2 | AM2+ | AM3 | AM3+ | AM4 | AM5 | FM1 | FM2 | FM2+ | LGA1150 | LGA1151 | LGA1155 | LGA1156 | LGA1200 | LGA1366 | LGA1700 | LGA1851 | ,No ,No 
Asus TUF Gaming LC III ARGB LCD,Asus ,, tuf-gaming-lc-iii-360-argb-lcd-white-edition/ | 90RC01A2-B0EAY0 | ,650 - 2600 RPM ,37.4 dB ,White ,67 mm , AM4 | AM5 | LGA1150 | LGA1151 | LGA1155 | LGA1156 | LGA1200 | LGA1700 | LGA1851 | ,Yes - 360 mm ,No 
Xilence I250PWM,Xilence ,I250PWM , XC032 | I250PWM | ,800 - 2500 RPM ,17.6 - 26.4 dB ,Red / Black ,70 mm , LGA1150 | LGA1151 | LGA1155 | LGA1156 | LGA1200 | ,No ,No 
ID-COOLING PINKFLOW,ID-COOLING ,,PINKFLOW 240 ,900 - 2000 RPM ,16.3 - 33.5 dB ,White / Pink ,, AM2 | AM2+ | AM3 | AM3+ | AM4 | AM5 | sTR4 | sTRX4 | FM1 | FM2 | FM2+ | LGA1150 | LGA1151 | LGA1155 | LGA1156 | LGA1200 | LGA1366 | LGA1700 | LGA1851 | LGA2011 | LGA2011-3 | LGA2066 | ,Yes - 240 mm ,No 
DARKROCK DR-CPU-DT6-BK,DARKROCK ,,DR-CPU-DT6-BK ,800 - 1600 RPM ,25.6 dB ,Black ,150 mm , AM4 | AM5 | LGA1150 | LGA1151 | LGA1155 | LGA1156 | LGA1200 | LGA1700 | LGA1851 | ,No ,No 
ID-COOLING DASHFLOW BASIC,ID-COOLING ,,DASHFLOW 360 BASIC WHITE ,700 - 1800 RPM ,15.2 - 35.2 dB ,White ,, AM4 | AM5 | LGA1150 | LGA1151 | LGA1155 | LGA1156 | LGA1200 | LGA1700 | LGA1851 | LGA2011 | LGA2011-3 | LGA2066 | ,Yes - 360 mm ,No 
Cooler Master i50,Cooler Master ,i50 , RH-I50-20FK-R1 | i50 | ,2000 RPM ,28 dB ,Black / Silver ,60 mm , LGA1150 | LGA1151 | LGA1155 | LGA1156 | LGA1200 | ,No ,No 
Deepcool LT720 WH,Deepcool ,LT720 WH , R-LT720-WHAMNF-G-1 | LT720 WH | ,500 - 2250 RPM ,32.9 dB ,White ,68 mm , AM4 | AM5 | LGA1150 | LGA1151 | LGA1155 | LGA1156 | LGA1200 | LGA1700 | LGA1851 | LGA2011 | LGA2011-3 | LGA2066 | ,Yes - 360 mm ,No 
Deepcool AG400 DIGITAL BK ARGB,Deepcool ,AG400 DIGITAL BK ARGB ,R-AG400-BKADMN-G-1 ,500 - 2100 RPM ,31.6 dB ,Black ,153 mm , AM4 | AM5 | LGA1150 | LGA1151 | LGA1155 | LGA1156 | LGA1200 | LGA1700 | LGA1851 | ,No ,No 
Alphacool Eisbaer Aurora 420,Alphacool ,Eisbaer Aurora 420 ,11731 ,600 - 1500 RPM ,,Black ,, AM2 | AM2+ | AM3 | AM3+ | AM4 | AM5 | sTR4 | sTRX4 | FM1 | FM2 | FM2+ | LGA775 | LGA1150 | LGA1151 | LGA1155 | LGA1156 | LGA1200 | LGA1700 | LGA1851 | LGA2011 | LGA2011-3 | LGA2066 | ,Yes - 420 mm ,No 
ARCTIC Freezer 8i,ARCTIC ,Freezer 8i ,ACFRE00190A ,200 - 2300 RPM ,,Black / Silver ,136 mm , LGA1700 | LGA1851 | ,No ,No 
Thermalright Frozen Notte ARGB V2,Thermalright ,,Frozen Notte 360 WHITE ARGB V2 ,2000 RPM ,27.7 dB ,White ,54 mm , AM2 | AM2+ | AM3 | AM3+ | AM4 | AM5 | FM1 | FM2 | FM2+ | LGA1150 | LGA1151 | LGA1155 | LGA1156 | LGA1200 | LGA1700 | LGA1851 | LGA2011 | LGA2011-3 | LGA2066 | ,Yes - 360 mm ,No 
Thermaltake TH360 V2 Ultra ARGB Sync,Thermaltake ,TH360 V2 Ultra ARGB Sync ,CL-W420-PL12BU-A ,500 - 1800 RPM ,25.8 dB ,Blue / White ,, AM2 | AM2+ | AM3 | AM3+ | AM4 | AM5 | FM1 | FM2 | FM2+ | LGA1150 | LGA1151 | LGA1155 | LGA1156 | LGA1200 | LGA1700 | LGA1851 | LGA2011 | LGA2011-3 | LGA2066 | ,Yes - 360 mm ,No 
Cooler Master MasterLiquid ML240 Illusion,Cooler Master ,MasterLiquid ML240 Illusion ,MLX-D24M-A18PW-R1 ,650 - 1800 RPM ,6 - 30 dB ,White ,, AM2 | AM2+ | AM3 | AM3+ | AM4 | AM5 | FM1 | FM2 | FM2+ | LGA1150 | LGA1151 | LGA1155 | LGA1156 | LGA1200 | LGA1700 | LGA1851 | LGA2011 | LGA2011-3 | LGA2066 | ,Yes - 240 mm ,No 
Alphacool Eisbaer Extreme,Alphacool ,,11594 ,1000 RPM ,18.8 dB ,Black ,, AM2 | AM2+ | AM3 | AM3+ | AM4 | AM5 | sTR4 | sTRX4 | FM1 | FM2 | FM2+ | LGA1150 | LGA1151 | LGA1155 | LGA1156 | LGA1200 | LGA1366 | LGA1700 | LGA1851 | LGA2011 | LGA2011-3 | LGA2066 | ,Yes - 280 mm ,No 
Noctua NH-D9DX i4 3U,Noctua ,,NH-D9DX i4 3U ,400 - 2000 RPM ,16.3 - 22.8 dB ,,110 mm , AM2 | AM2+ | AM3 | AM3+ | AM4 | AM5 | FM1 | FM2 | FM2+ | LGA1150 | LGA1151 | LGA1155 | LGA1156 | LGA1200 | LGA1366 | LGA1700 | LGA1851 | LGA2011 | LGA2011-3 | LGA2011-3 Narrow | LGA2066 | ,No ,No 
Thermaltake ASTRIA 600 ARGB,Thermaltake ,ASTRIA 600 ARGB ,CL-P121-CA12SW-A ,500 - 1800 RPM ,26.8 dB ,Black ,160 mm , AM4 | AM5 | LGA1150 | LGA1151 | LGA1155 | LGA1156 | LGA1200 | LGA1700 | LGA1851 | LGA2011 | LGA2011-3 | LGA2066 | ,No ,No 
Phanteks Glacier One 240 T30 Gen2,Phanteks ,Glacier One 240 T30 Gen2 ,PH-GO240T30_DAG02 ,1200 - 3000 RPM ,11.1 - 39.7 dB ,Black / Gray ,, AM4 | AM5 | LGA1150 | LGA1151 | LGA1155 | LGA1156 | LGA1200 | LGA1700 | LGA1851 | ,Yes - 240 mm ,No 
Thermalright Peerless Assassin 120 Vision MAX ARGB,Thermalright ,Peerless Assassin 120 Vision MAX ARGB , PA120 VISION MAX ARGB WHITE | Peerless Assassin 120 Vision MAX ARGB WHITE | ,2150 RPM ,27 dB ,White ,164 mm , AM4 | AM5 | LGA1150 | LGA1151 | LGA1155 | LGA1156 | LGA1200 | LGA1700 | LGA1851 | ,No ,No 
be quiet! Light Loop,be quiet! ,,BW020 ,1500 - 2900 RPM ,15.4 - 34.9 dB ,Black ,, AM4 | AM5 | LGA1150 | LGA1151 | LGA1155 | LGA1156 | LGA1200 | LGA1700 | LGA1851 | ,Yes - 240 mm ,No 
NZXT Kraken Elite 280 RGB,NZXT ,Kraken Elite 280 RGB ,RL-KR28E-B1 ,500 - 1500 RPM ,34.48 dB ,Black ,60 mm , AM4 | AM5 | sTR4 | sTRX4 | LGA1150 | LGA1151 | LGA1155 | LGA1156 | LGA1200 | LGA1700 | LGA1851 | ,Yes - 280 mm ,No 
Lian Li Galahad II LCD,Lian Li ,,GA2ALCD28W ,300 - 1550 RPM ,26.7 dB ,White ,, AM4 | AM5 | LGA1150 | LGA1151 | LGA1155 | LGA1156 | LGA1200 | LGA1700 | LGA1851 | ,Yes - 280 mm ,No 
Cooler Master MasterLiquid ML360L ARGB V2,Cooler Master ,MasterLiquid ML360L ARGB V2 , MLW-D36M-A18PA-R2 | MLW-D36M-A18PA-WS | ,650 - 1800 RPM ,8 - 27 dB ,Black ,, AM2 | AM2+ | AM3 | AM3+ | AM4 | AM5 | FM1 | FM2 | FM2+ | LGA1150 | LGA1151 | LGA1155 | LGA1156 | LGA1200 | LGA1700 | LGA1851 | LGA2011 | LGA2011-3 | LGA2066 | ,Yes - 360 mm ,No 
Lian Li Galahad II Lite RGB,Lian Li ,, GA2L24RB | G89.GA2L24RB.00 | ,300 - 2500 RPM ,34.8 dB ,Black ,67 mm , AM4 | AM5 | LGA1150 | LGA1151 | LGA1155 | LGA1156 | LGA1200 | LGA1700 | LGA1851 | ,Yes - 240 mm ,No 
ID-COOLING DX360 MAX,ID-COOLING ,,DX360 MAX ,,32.5 dB ,Black ,58 mm , AM4 | AM5 | LGA1150 | LGA1151 | LGA1155 | LGA1156 | LGA1200 | LGA1700 | LGA1851 | ,Yes - 360 mm ,No 
Thermalright Frost Commander 140 BLACK,Thermalright ,Frost Commander 140 BLACK , FC 140 Black | FC140 BLACK-d3 | FC140 BLACK-d6 | ,1800 RPM ,30.2 dB ,Black ,158 mm , AM4 | AM5 | LGA1150 | LGA1151 | LGA1155 | LGA1156 | LGA1200 | LGA1700 | LGA1851 | LGA2011 | LGA2011-3 | LGA2066 | ,No ,No 
Thermaltake Floe DX RGB TT Premium Edition B,Thermaltake ,,CL-W256-PL12SW-B ,500 - 1500 RPM ,19 - 23.9 dB ,Black ,, AM2 | AM2+ | AM3 | AM3+ | AM4 | AM5 | FM1 | FM2 | FM2+ | LGA1150 | LGA1151 | LGA1155 | LGA1156 | LGA1200 | LGA1700 | LGA1851 | LGA2011 | LGA2011-3 | LGA2066 | ,Yes - 360 mm ,No 
ID-COOLING IS-40-XT,ID-COOLING ,IS-40-XT ,IS-40-XT BLACK ,800 - 2800 RPM ,14 - 35.2 dB ,Black ,47 mm , AM4 | LGA1150 | LGA1151 | LGA1155 | LGA1156 | LGA1200 | LGA1700 | LGA1851 | ,No ,No 
ARCTIC Freezer 7 X,ARCTIC ,Freezer 7 X ,ACFRE00077A ,300 - 2000 RPM ,22.5 dB ,Black / White ,132 mm , AM2 | AM2+ | AM3 | AM3+ | AM4 | AM5 | FM1 | FM2 | FM2+ | LGA775 | LGA1150 | LGA1151 | LGA1155 | LGA1156 | LGA1200 | LGA1700 | LGA1851 | ,No ,No 
BitFenix Cube ARGB,BitFenix ,,BFW-AIO-240-BB27A-RP ,2000 RPM ,34 dB ,Black ,, AM4 | AM5 | LGA1150 | LGA1151 | LGA1155 | LGA1156 | LGA1200 | LGA1700 | LGA1851 | ,Yes - 240 mm ,No 
Deepcool LS520S ZERO DARK,Deepcool ,LS520S ZERO DARK ,R-LS520-BKNNMM-G-1 ,500 - 2250 RPM ,28.2 - 32.9 dB ,Black ,55 mm , AM4 | AM5 | LGA1150 | LGA1151 | LGA1155 | LGA1156 | LGA1200 | LGA1700 | LGA1851 | ,Yes - 240 mm ,No 
Corsair H100i,Corsair ,, H100i | CW-9060009-WW | CWCH100i | ,2700 RPM ,37.68 dB ,,, AM2 | AM2+ | AM3 | AM3+ | AM4 | FM1 | FM2 | FM2+ | LGA1150 | LGA1151 | LGA1155 | LGA1156 | LGA1200 | LGA1366 | LGA2011 | LGA2011-3 | LGA2066 | ,Yes - 240 mm ,No 
Thermalright Frozen Warframe ARGB,Thermalright ,,Frozen Warframe 240 BLACK ARGB ,2000 RPM ,22.1 dB ,Black ,, AM4 | AM5 | LGA1150 | LGA1151 | LGA1155 | LGA1156 | LGA1200 | LGA1700 | LGA1851 | LGA2011 | LGA2011-3 | LGA2066 | ,Yes - 240 mm ,No 
Montech LightFlow ARGB,Montech ,,LightFlow ARGB 240 White ,600 - 2000 RPM ,34.3 dB ,White ,56 mm , AM4 | AM5 | LGA1700 | LGA1851 | ,Yes - 240 mm ,No 
Lian Li Galahad II LCD,Lian Li ,,GA2ALCD28B ,300 - 1550 RPM ,26.7 dB ,Black ,, AM4 | AM5 | LGA1150 | LGA1151 | LGA1155 | LGA1156 | LGA1200 | LGA1700 | LGA1851 | ,Yes - 280 mm ,No 
Cooler Master Hyper 212 RGB Black Edition,Cooler Master ,Hyper 212 RGB Black Edition ,RR-212S-20PC-R2 ,650 - 2000 RPM ,8 - 30 dB ,,159 mm , AM2 | AM2+ | AM3 | AM3+ | AM4 | AM5 | FM1 | FM2 | FM2+ | LGA1150 | LGA1151 | LGA1155 | LGA1156 | LGA1200 | LGA1366 | LGA1700 | LGA1851 | LGA2011 | LGA2011-3 | LGA2066 | ,No ,No 
ID-COOLING SE-903-SD V3,ID-COOLING ,,SE-903-SD V3 ,2000 RPM ,23.1 dB ,Black / Silver ,123 mm , AM2 | AM2+ | AM3 | AM3+ | AM4 | AM5 | FM1 | FM2 | FM2+ | LGA1150 | LGA1151 | LGA1155 | LGA1156 | LGA1200 | LGA1700 | LGA1851 | ,No ,No 
Jonsbo CR-1400 EVO Color White,Jonsbo ,,CR-1400 EVO Color White ,800 - 2200 RPM ,22.3 - 33.8 dB ,White ,130 mm , AM4 | AM5 | LGA1150 | LGA1151 | LGA1155 | LGA1156 | LGA1200 | LGA1700 | LGA1851 | ,No ,No 
Corsair iCUE H115i ELITE CAPELLIX,Corsair ,iCUE H115i ELITE CAPELLIX ,CW-9060047-WW ,2000 RPM ,10 - 36 dB ,Black ,, AM2 | AM2+ | AM3 | AM3+ | AM4 | AM5 | sTR4 | sTRX4 | FM1 | FM2 | FM2+ | LGA1150 | LGA1151 | LGA1155 | LGA1156 | LGA1200 | LGA1366 | LGA1700 | LGA1851 | LGA2011 | LGA2011-3 | LGA2066 | ,Yes - 280 mm ,No 
Corsair iCUE H150i ELITE LCD,Corsair ,iCUE H150i ELITE LCD ,CW-9060062-WW ,450 - 2000 RPM ,10 - 30.4 dB ,Black ,, AM2 | AM2+ | AM3 | AM3+ | AM4 | AM5 | sTR4 | sTRX4 | FM1 | FM2 | FM2+ | LGA1150 | LGA1151 | LGA1155 | LGA1156 | LGA1200 | LGA1366 | LGA1700 | LGA1851 | LGA2011 | LGA2011-3 | LGA2066 | ,Yes - 360 mm ,No 
ID-COOLING SL360,ID-COOLING ,,SL360 ,500 - 2000 RPM ,29.9 dB ,Black ,58 mm , AM4 | AM5 | LGA1150 | LGA1151 | LGA1155 | LGA1156 | LGA1200 | LGA1700 | LGA1851 | LGA2011 | LGA2011-3 | LGA2066 | ,Yes - 360 mm ,No 
Scythe Big Shuriken 4,Scythe ,,SCBSK-4000 ,200 - 1900 RPM ,31.78 dB ,Black / Silver ,67 mm , AM4 | AM5 | LGA1150 | LGA1151 | LGA1155 | LGA1156 | LGA1200 | LGA1700 | LGA1851 | ,No ,No 
Asus ROG RYUO III 360 ARGB,Asus ,, ROG RYUO III 360 ARGB | 90RC00I1-M0UAY0 | ,2200 RPM ,36.45 dB ,Black ,68 mm , AM4 | AM5 | LGA1150 | LGA1151 | LGA1155 | LGA1156 | LGA1200 | LGA1700 | LGA1851 | ,Yes - 360 mm ,No 
Thermalright Burst Assassin 120 Vision,Thermalright ,Burst Assassin 120 Vision , Burst Assassin 120 Vision White | BA120V-WHITE | ,1500 RPM ,25.6 dB ,White ,156 mm , AM4 | AM5 | LGA1150 | LGA1151 | LGA1155 | LGA1156 | LGA1200 | LGA1700 | LGA1851 | ,No ,No 
MSI MAG Coreliquid A12,MSI ,, MAG CORELIQUID A12 360 | CLA12360 | ,2200 RPM ,37.6 dB ,Black ,69 mm , AM4 | AM5 | LGA1700 | LGA1851 | ,Yes - 360 mm ,No 
Ocypus Iota A40,Ocypus ,,Iota A40 BK ,500 - 2000 RPM ,29 dB ,Black ,157 mm , AM4 | AM5 | LGA1150 | LGA1151 | LGA1155 | LGA1156 | LGA1200 | LGA1700 | LGA1851 | ,No ,No 
be quiet! Shadow Rock LP,be quiet! ,Shadow Rock LP ,BK002 ,1500 RPM ,14.8 - 25.5 dB ,,75 mm , AM2 | AM2+ | AM3 | AM3+ | AM4 | AM5 | FM1 | FM2 | FM2+ | LGA775 | LGA1150 | LGA1151 | LGA1155 | LGA1156 | LGA1200 | LGA1366 | LGA1700 | LGA1851 | LGA2011 | LGA2011-3 | LGA2066 | ,No ,No 
Noctua NH-U12DXi4,Noctua ,,NH-U12DXi4 ,300 - 1500 RPM ,18.6 - 22.4 dB ,,158 mm , AM2 | AM2+ | AM3 | AM3+ | AM4 | AM5 | FM1 | FM2 | FM2+ | LGA1150 | LGA1151 | LGA1155 | LGA1156 | LGA1200 | LGA1366 | LGA1700 | LGA1851 | LGA2011 | LGA2011-3 | LGA2011-3 Narrow | LGA2066 | ,No ,No 
Montech HyperFlow Silent 240,Montech ,HyperFlow Silent 240 , HyperFlow Silent 240 White | HyperFlow Silent 240 (W) | ,800 - 2200 RPM ,24.8 dB ,White ,53 mm , AM4 | AM5 | LGA1150 | LGA1151 | LGA1155 | LGA1156 | LGA1200 | LGA1700 | LGA1851 | LGA2011 | LGA2011-3 | LGA2066 | ,Yes - 240 mm ,No 
GAMDIAS CHIONE E4,GAMDIAS ,, E4-360 | CHIONE E4-360 | ,800 - 1800 RPM ,11 - 33.8 dB ,Black ,, AM2 | AM2+ | AM3 | AM3+ | AM4 | AM5 | FM1 | FM2 | FM2+ | LGA1150 | LGA1151 | LGA1155 | LGA1156 | LGA1200 | LGA1700 | LGA1851 | LGA2011 | LGA2011-3 | LGA2066 | ,Yes - 360 mm ,No 
Deepcool LS520 SE,Deepcool ,, LS520 SE | R-LS520-BKAMMM-G-1 | ,500 - 2250 RPM ,28.2 - 32.9 dB ,Black ,, AM4 | AM5 | LGA1150 | LGA1151 | LGA1155 | LGA1156 | LGA1200 | LGA1700 | LGA1851 | ,Yes - 240 mm ,No 
MSI MAG CORELIQUID M240,MSI ,, MAG CORELIQUID M240 | 306-7ZW4R14-813 | ,500 - 2000 RPM ,14.3 - 34.3 dB ,Black ,, AM4 | AM5 | LGA1150 | LGA1151 | LGA1155 | LGA1156 | LGA1200 | LGA1700 | LGA1851 | LGA2011 | LGA2011-3 | LGA2066 | ,Yes - 240 mm ,No 
MSI MAG CORELIQUID P360,MSI ,, MAG CORELIQUID P360 | 306-7ZW2P31-813 | CLP360 | ,500 - 2000 RPM ,14.3 - 34.3 dB ,Black ,, AM2 | AM2+ | AM3 | AM3+ | AM4 | AM5 | FM1 | FM2 | FM2+ | LGA1150 | LGA1151 | LGA1155 | LGA1156 | LGA1200 | LGA1366 | LGA1700 | LGA1851 | LGA2011 | LGA2011-3 | LGA2066 | ,Yes - 360 mm ,No 
Gelid Solutions Liquid 120,Gelid Solutions ,Liquid 120 ,CC-AIO-120-A ,750 - 1800 RPM ,29.6 dB ,Black ,56 mm , AM2 | AM2+ | AM3 | AM3+ | AM4 | AM5 | FM1 | FM2 | FM2+ | LGA1150 | LGA1151 | LGA1155 | LGA1156 | LGA1200 | LGA1366 | LGA1700 | LGA1851 | LGA2011 | LGA2011-3 | LGA2066 | ,Yes - 120 mm ,No 
Corsair iCUE LINK H170i LCD,Corsair ,iCUE LINK H170i LCD ,CW-9061009-WW ,400 - 2000 RPM ,,Black ,, AM4 | AM5 | LGA1150 | LGA1151 | LGA1155 | LGA1156 | LGA1200 | LGA1700 | LGA1851 | ,Yes - 420 mm ,No 
ID-COOLING FROZN A400 BLACK,ID-COOLING ,,FROZN A400 BLACK ,500 - 2200 RPM ,25.8 dB ,Black ,123 mm , AM4 | AM5 | LGA1150 | LGA1151 | LGA1155 | LGA1156 | LGA1200 | LGA1700 | LGA1851 | ,No ,No 
Deepcool LQ360,Deepcool ,LQ360 ,R-LQ360-BKLSMW-G-1 ,500 - 2400 RPM ,38.71 dB ,Black ,64 mm , AM4 | AM5 | LGA1150 | LGA1151 | LGA1155 | LGA1156 | LGA1200 | LGA1700 | LGA1851 | ,Yes - 360 mm ,No 
Thermalright Aqua Elite ARGB,Thermalright ,,Aqua Elite 360 WHITE ARGB ,1550 RPM ,25.6 dB ,White ,, AM2 | AM2+ | AM3 | AM3+ | AM4 | AM5 | FM1 | FM2 | FM2+ | LGA1150 | LGA1151 | LGA1155 | LGA1156 | LGA1200 | LGA1700 | LGA1851 | LGA2011 | LGA2011-3 | LGA2066 | ,Yes - 360 mm ,No 
Thermaltake MAGFloe 360 Ultra ARGB Sync,Thermaltake ,MAGFloe 360 Ultra ARGB Sync ,CL-W432-PL12SW-A ,500 - 2000 RPM ,30.6 dB ,Black ,, AM2 | AM2+ | AM3 | AM3+ | AM4 | AM5 | FM1 | FM2 | FM2+ | LGA1150 | LGA1151 | LGA1155 | LGA1156 | LGA1200 | LGA1700 | LGA1851 | LGA2011 | LGA2011-3 | LGA2066 | ,Yes - 360 mm ,No 
GameMax Sigma 550 Infinity,GameMax ,,Sigma 550 Infinity BK ,800 - 1800 RPM ,32.5 dB ,Black ,153 mm , AM4 | AM5 | LGA1150 | LGA1151 | LGA1155 | LGA1156 | LGA1200 | LGA1366 | LGA1700 | LGA1851 | ,No ,No 
MSI MAG CORELIQUID P240,MSI ,, MAG CORELIQUID P240 | 306-7ZW2P11-813 | CLP240 | ,500 - 2000 RPM ,14.3 - 34.3 dB ,Black ,, AM2 | AM2+ | AM3 | AM3+ | AM4 | AM5 | FM1 | FM2 | FM2+ | LGA1150 | LGA1151 | LGA1155 | LGA1156 | LGA1200 | LGA1366 | LGA1700 | LGA1851 | LGA2011 | LGA2011-3 | LGA2066 | ,Yes - 240 mm ,No 
Lian Li GALAHAD AIO 360 RGB UNI FAN SL120 EDITION,Lian Li ,GALAHAD AIO 360 RGB UNI FAN SL120 EDITION , GA-360SLA | Galahad AIO 360 SL v2 White | G89.GA360SLA.01 | ,800 - 1900 RPM ,32 dB ,White / Silver ,62 mm , AM4 | AM5 | LGA775 | LGA1150 | LGA1151 | LGA1155 | LGA1156 | LGA1200 | LGA1366 | LGA1700 | LGA1851 | LGA2011 | LGA2011-3 | LGA2066 | ,Yes - 360 mm ,No 
NZXT Kraken X52,NZXT ,Kraken X52 ,RL-KRX52-01 ,500 - 2000 RPM ,21 - 36 dB ,,, AM2 | AM2+ | AM3 | AM3+ | AM4 | AM5 | sTR4 | sTRX4 | FM1 | FM2 | FM2+ | LGA1150 | LGA1151 | LGA1155 | LGA1156 | LGA1200 | LGA1366 | LGA1700 | LGA1851 | LGA2011 | LGA2011-3 | LGA2066 | ,Yes - 240 mm ,No 
Thermaltake ASTRIA 200 ARGB,Thermaltake ,ASTRIA 200 ARGB ,CL-P119-AL12SW-A ,500 - 1800 RPM ,26.8 dB ,Black ,160 mm , AM4 | AM5 | LGA1150 | LGA1151 | LGA1155 | LGA1156 | LGA1200 | LGA1700 | LGA1851 | LGA2011 | LGA2011-3 | LGA2066 | ,No ,No 
MSI MAG CORELIQUID I240,MSI ,, MAG CORELIQUID I240 | CLI240 | 306-7ZW7A11-C24 | ,,,Black ,62 mm , AM4 | AM5 | LGA1150 | LGA1151 | LGA1155 | LGA1156 | LGA1200 | LGA1700 | LGA1851 | ,Yes - 240 mm ,No 
Thermaltake UX400 RGB,Thermaltake ,,CL-P142-AL12SW-A ,700 - 1800 RPM ,25 dB ,Black / Silver ,152 mm , AM4 | AM5 | LGA1150 | LGA1151 | LGA1155 | LGA1156 | LGA1200 | LGA1700 | LGA1851 | ,No ,No 
TRYX PANORAMA SE ARGB,TRYX ,, L-P240L-AM2M-G0K | P240A SE | ,500 - 1850 RPM ,27.86 dB ,Black ,125 mm , AM4 | AM5 | LGA1150 | LGA1151 | LGA1155 | LGA1156 | LGA1200 | LGA1700 | LGA1851 | ,Yes - 240 mm ,No 
NZXT Kraken Elite 280 RGB,NZXT ,Kraken Elite 280 RGB ,RL-KR28E-W1 ,500 - 1500 RPM ,34.48 dB ,White ,60 mm , AM4 | AM5 | sTR4 | sTRX4 | LGA1150 | LGA1151 | LGA1155 | LGA1156 | LGA1200 | LGA1700 | LGA1851 | ,Yes - 280 mm ,No 
Noctua NH-D15 G2 HBC,Noctua ,,NH-D15 G2 HBC ,1500 RPM ,24.8 dB ,Brown / Silver ,168 mm , AM2 | AM2+ | AM3 | AM3+ | AM4 | AM5 | FM1 | FM2 | FM2+ | LGA1150 | LGA1151 | LGA1155 | LGA1156 | LGA1200 | LGA1700 | LGA1851 | ,No ,No 
TRYX PANORAMA ARGB (2024),TRYX ,, L-P360A-AS3M-G0K | PANORAMA ARGB 360 Black | ,500 - 1850 RPM ,27.86 dB ,Black ,116 mm , AM4 | AM5 | LGA1150 | LGA1151 | LGA1155 | LGA1156 | LGA1200 | LGA1700 | LGA1851 | ,Yes - 360 mm ,No 
Deepcool AK500S DIGITAL,Deepcool ,, R-AK500S-BKADMN-G | AK500S DIGITAL | AK500S Digital-AMAZON | ,500 - 1850 RPM ,28 dB ,Black ,160 mm , AM4 | AM5 | LGA1150 | LGA1151 | LGA1155 | LGA1156 | LGA1200 | LGA1700 | LGA1851 | ,No ,No 
Cooler Master MasterLiquid ML240L ARGB V2,Cooler Master ,MasterLiquid ML240L ARGB V2 ,MLW-D24M-A18PA-R2 ,650 - 1800 RPM ,8 - 27 dB ,Black ,, AM2 | AM2+ | AM3 | AM3+ | AM4 | AM5 | FM1 | FM2 | FM2+ | LGA1150 | LGA1151 | LGA1155 | LGA1156 | LGA1200 | LGA1700 | LGA1851 | LGA2011 | LGA2011-3 | LGA2066 | ,Yes - 240 mm ,No 
Thermalright Aqua Elite ARGB V2,Thermalright ,, Aqua Elite 240 WHITE ARGB V2 | AE240 WHITE ARGB V2-D5 | ,2000 RPM ,28.2 dB ,,, AM2 | AM2+ | AM3 | AM3+ | AM4 | AM5 | FM1 | FM2 | FM2+ | LGA1150 | LGA1151 | LGA1155 | LGA1156 | LGA1200 | LGA1700 | LGA1851 | LGA2011 | LGA2011-3 | LGA2066 | ,Yes - 240 mm ,No 
Lian Li HydroShift LCD 360TL RGB,Lian Li ,HydroShift LCD 360TL RGB ,HSLCD36TB ,200 - 2600 RPM ,33 dB ,Black ,59 mm , AM4 | AM5 | LGA1700 | LGA1851 | ,Yes - 360 mm ,No 
EK AIO Basic 240,EK ,AIO Basic 240 , EK-AIO Basic 240 | AIO-BASIC-240 | 3831109832493 | ,550 - 2200 RPM ,33.5 dB ,Black ,53 mm , AM4 | AM5 | LGA1150 | LGA1151 | LGA1155 | LGA1156 | LGA1200 | LGA1700 | LGA1851 | LGA2011 | LGA2011-3 | LGA2066 | ,Yes - 240 mm ,No 
Thermalright Peerless Assassin 140 Digital,Thermalright ,Peerless Assassin 140 Digital , Peerless Assassin 140 Digital WHITE | PA140 D WHITE-D2 | ,1500 RPM ,25.6 dB ,White ,165 mm , AM4 | AM5 | LGA1150 | LGA1151 | LGA1155 | LGA1156 | LGA1200 | LGA1700 | LGA1851 | LGA2011 | LGA2011-3 | LGA2066 | ,No ,No 
Gigabyte AORUS WATERFORCE X II 240AORUS WATERFORCE X II 240,Gigabyte ,AORUS WATERFORCE X II 240AORUS WATERFORCE X II 240 , AORUS WATERFORCE X II 240 | GP-AORUS WATERFORCE X II 240 | ,800 - 2400 RPM ,12 - 37.5 dB ,Black ,78 mm , AM4 | AM5 | sTR4 | sTRX4 | LGA1150 | LGA1151 | LGA1155 | LGA1156 | LGA1200 | LGA1700 | LGA1851 | ,Yes - 240 mm ,No 
Thermalright Peerless Assassin 120 Digital,Thermalright ,Peerless Assassin 120 Digital ,Peerless Assassin 120 Digital WHITE ,1850 RPM ,25.6 dB ,White ,162 mm , AM4 | AM5 | LGA1150 | LGA1151 | LGA1155 | LGA1156 | LGA1200 | LGA1700 | LGA1851 | ,No ,No 
ARCTIC Freezer 34 eSports DUO,ARCTIC ,Freezer 34 eSports DUO ,ACFRE00075A ,200 - 2100 RPM ,24.4 dB ,Black / Gray ,157 mm , AM4 | AM5 | LGA1150 | LGA1151 | LGA1155 | LGA1156 | LGA1200 | LGA1700 | LGA1851 | LGA2011 | LGA2011-3 | LGA2066 | ,No ,No 
Thermaltake TH420 V2 Ultra ARGB Sync,Thermaltake ,TH420 V2 Ultra ARGB Sync ,CL-W407-PL14SW-A ,500 - 2000 RPM ,34.7 dB ,White ,, AM2 | AM2+ | AM3 | AM3+ | AM4 | AM5 | FM1 | FM2 | FM2+ | LGA1150 | LGA1151 | LGA1155 | LGA1156 | LGA1200 | LGA1700 | LGA1851 | LGA2011 | LGA2011-3 | LGA2066 | ,Yes - 420 mm ,No 
Deepcool AG620 WH ARGB,Deepcool ,AG620 WH ARGB , R-AG620-WHANMN-G-2 | AG620 WH ARGB | ,300 - 1850 RPM ,29.4 dB ,White ,157 mm , AM4 | AM5 | LGA1150 | LGA1151 | LGA1155 | LGA1156 | LGA1200 | LGA1700 | LGA1851 | LGA2011 | LGA2011-3 | LGA2066 | ,No ,No 
Deepcool AK700 DIGITAL NYX,Deepcool ,AK700 DIGITAL NYX ,R-AK700-BKNNMN-GJD-1 ,2700 RPM ,21 - 36 dB ,Black ,157 mm , AM4 | AM5 | LGA1150 | LGA1151 | LGA1155 | LGA1156 | LGA1200 | LGA1700 | LGA1851 | ,No ,No 
CRYORIG H7,CRYORIG ,, H7 | CR-H7A | ,330 - 1600 RPM ,25 dB ,,145 mm , AM2 | AM2+ | AM3 | AM3+ | AM4 | FM1 | FM2 | FM2+ | LGA1150 | LGA1151 | LGA1155 | LGA1156 | LGA1200 | ,No ,No 
Inter-Tech ALSEYE W90,Inter-Tech ,ALSEYE W90 ,W90 ,3000 RPM ,36.7 dB ,White / Black ,82 mm , LGA1150 | LGA1151 | LGA1155 | LGA1156 | LGA1200 | LGA1700 | LGA1851 | ,No ,No 
Corsair H150i PRO,Corsair ,H150i PRO ,CW-9060031-WW ,1600 RPM ,25 dB ,,, AM2 | AM2+ | AM3 | AM3+ | AM4 | AM5 | sTR4 | sTRX4 | FM1 | FM2 | FM2+ | LGA1150 | LGA1151 | LGA1155 | LGA1156 | LGA1200 | LGA1366 | LGA2011 | LGA2011-3 | LGA2066 | ,Yes - 360 mm ,No 
Asus ROG STRIX LC III ARGB,Asus ,, ROG Strix LC III 360 ARGB WHT | 90RC00T2-M0UAY0 | 90RC00T2-M0AAY0 | ,800 - 2200 RPM ,36 dB ,White ,, AM4 | AM5 | LGA1150 | LGA1151 | LGA1155 | LGA1156 | LGA1200 | LGA1700 | LGA1851 | ,Yes - 360 mm ,No 
Lian Li HydroShift LCD 360TL RGB,Lian Li ,HydroShift LCD 360TL RGB ,HSLCD36TW ,200 - 2600 RPM ,33 dB ,White ,59 mm , AM4 | AM5 | LGA1700 | LGA1851 | ,Yes - 360 mm ,No 
Deepcool AK620 G2,Deepcool ,,R-AK620G2-BKNNMN-GJD ,2000 RPM ,28.87 dB ,Black / Brown ,159 mm , AM4 | AM5 | LGA1150 | LGA1151 | LGA1155 | LGA1156 | LGA1200 | LGA1700 | LGA1851 | ,No ,No 
ARCTIC Liquid Freezer II 420,ARCTIC ,Liquid Freezer II 420 ,ACFRE00092A ,200 - 1700 RPM ,,Black ,, AM2 | AM2+ | AM3 | AM3+ | AM4 | AM5 | FM1 | FM2 | FM2+ | LGA1150 | LGA1151 | LGA1155 | LGA1156 | LGA1200 | LGA1700 | LGA1851 | LGA2011 | LGA2011-3 | LGA2066 | ,Yes - 420 mm ,No 
Corsair iCUE H100i ELITE CAPELLIX,Corsair ,iCUE H100i ELITE CAPELLIX ,CW-9060050-WW ,2400 RPM ,10 - 37 dB ,White ,, AM2 | AM2+ | AM3 | AM3+ | AM4 | AM5 | sTR4 | sTRX4 | FM1 | FM2 | FM2+ | LGA1150 | LGA1151 | LGA1155 | LGA1156 | LGA1200 | LGA1366 | LGA1700 | LGA1851 | ,Yes - 240 mm ,No 
Thermalright Burst Assassin ARGB,Thermalright ,, BA120 ARGB | BA120 ARGB-D1 | BA120 ARGB-D2 | BA120 ARGB-D3-2 | ,1550 RPM ,25.6 dB ,Black / Silver ,154 mm , AM4 | AM5 | LGA1150 | LGA1151 | LGA1155 | LGA1156 | LGA1200 | LGA1700 | LGA1851 | ,No ,No 
GAMDIAS BOREAS E1,GAMDIAS ,,BOREAS E1-410 ,800 - 2000 RPM ,10 - 31 dB ,Black / Silver ,154 mm , AM2 | AM2+ | AM3 | AM3+ | AM4 | FM1 | FM2 | FM2+ | LGA775 | LGA1150 | LGA1151 | LGA1155 | LGA1156 | LGA1200 | LGA1366 | LGA1700 | LGA1851 | LGA2011 | LGA2011-3 | LGA2066 | ,No ,No 
Cougar Helor 360,Cougar ,Helor 360 , RL-HLR360-V1 | 35CCL36.0001 | ,600 - 1800 RPM ,37.1 dB ,Black ,, AM2 | AM2+ | AM3 | AM3+ | AM4 | FM1 | FM2 | FM2+ | LGA775 | LGA1150 | LGA1151 | LGA1155 | LGA1156 | LGA1200 | LGA2011 | LGA2011-3 | LGA2066 | ,Yes - 360 mm ,No 
ARCTIC Liquid Freezer 360,ARCTIC ,Liquid Freezer 360 ,ACFRE00022A ,500 - 1350 RPM ,22.5 dB ,,, AM2 | AM2+ | AM3 | AM3+ | AM4 | AM5 | sTR4 | sTRX4 | FM1 | FM2 | FM2+ | LGA1150 | LGA1151 | LGA1155 | LGA1156 | LGA1200 | LGA2011 | LGA2011-3 | LGA2066 | ,Yes - 360 mm ,No 
Cooler Master MasterLiquid 240 Core II,Cooler Master ,MasterLiquid 240 Core II ,MLW-D24M-A18PA-RW ,600 - 1750 RPM ,30 dB ,White ,52 mm , AM4 | AM5 | LGA1150 | LGA1151 | LGA1155 | LGA1156 | LGA1200 | LGA1700 | LGA1851 | LGA2011 | LGA2011-3 | LGA2066 | ,Yes - 240 mm ,No 
Mars Gaming ML-ONE,Mars Gaming ,,MLONE360W ,600 - 1800 RPM ,9 - 26 dB ,White ,42 mm , AM2 | AM2+ | AM3 | AM3+ | AM4 | AM5 | sTR4 | sTRX4 | FM1 | FM2 | FM2+ | LGA1150 | LGA1151 | LGA1155 | LGA1156 | LGA1200 | LGA1700 | LGA1851 | LGA2011 | LGA2011-3 | LGA2066 | ,Yes - 360 mm ,No 
ARCTIC Liquid Freezer III 280 A-RGB,ARCTIC ,Liquid Freezer III 280 A-RGB ,ACFRE00143A ,200 - 1900 RPM ,,Black ,, AM4 | AM5 | LGA1700 | LGA1851 | ,Yes - 280 mm ,No 
Antec Symphony ARGB,Antec ,,0-761345-74044-9 ,800 - 1600 RPM ,20 - 35 dB ,Black ,, AM2 | AM2+ | AM3 | AM3+ | AM4 | AM5 | FM1 | FM2 | FM2+ | LGA1150 | LGA1151 | LGA1155 | LGA1156 | LGA1200 | LGA1366 | LGA1700 | LGA1851 | LGA2011 | LGA2011-3 | LGA2066 | ,Yes - 360 mm ,No 
ID-COOLING SL360,ID-COOLING ,SL360 ,SL360 WHITE ,500 - 2000 RPM ,29.9 dB ,White ,58 mm , AM4 | AM5 | LGA1150 | LGA1151 | LGA1155 | LGA1156 | LGA1200 | LGA1700 | LGA1851 | LGA2011 | LGA2011-3 | LGA2066 | ,Yes - 360 mm ,No 
MSI MAG Coreliquid A12,MSI ,, MAG CORELIQUID A12 240 | CLA12240 | ,2200 RPM ,37.6 dB ,Black ,69 mm , AM4 | AM5 | LGA1700 | LGA1851 | ,Yes - 240 mm ,No 
ID-COOLING FX240 INF,ID-COOLING ,FX240 INF ,FX240 INF WHITE ,300 - 2000 RPM ,27.2 dB ,White ,60 mm , AM4 | AM5 | LGA1150 | LGA1151 | LGA1155 | LGA1156 | LGA1200 | LGA1700 | LGA1851 | ,Yes - 240 mm ,No 
Thermaltake TH280 V2 ARGB Sync,Thermaltake ,TH280 V2 ARGB Sync ,CL-W377-PL14SW-A ,500 - 1800 RPM ,34.7 dB ,White ,, AM2 | AM2+ | AM3 | AM3+ | AM4 | AM5 | FM1 | FM2 | FM2+ | LGA1150 | LGA1151 | LGA1155 | LGA1156 | LGA1200 | LGA1700 | LGA1851 | LGA2011 | LGA2011-3 | LGA2066 | ,Yes - 280 mm ,No 
Noctua NH-U12S SE-AM4,Noctua ,,NH-U12S SE-AM4 ,300 - 1500 RPM ,18.6 - 22.4 dB ,,158 mm , AM2 | AM2+ | AM3 | AM3+ | AM4 | AM5 | FM1 | FM2 | FM2+ | LGA1150 | LGA1151 | LGA1155 | LGA1156 | LGA1200 | LGA1700 | LGA1851 | ,No ,No 
Deepcool AG400 ARGB,Deepcool ,AG400 ARGB ,R-AG400-BKANMC-G-1 ,500 - 2000 RPM ,31.6 dB ,Black / Silver ,150 mm , AM4 | AM5 | LGA1150 | LGA1151 | LGA1155 | LGA1156 | LGA1200 | LGA1700 | LGA1851 | ,No ,No 
be quiet! Pure Rock Slim,be quiet! ,Pure Rock Slim ,BK008 ,2000 RPM ,13.1 - 25.4 dB ,,125 mm , AM2 | AM2+ | AM3 | AM3+ | AM4 | FM1 | FM2 | FM2+ | LGA1150 | LGA1151 | LGA1155 | LGA1156 | LGA1200 | ,No ,No 
Cooler Master MASTERLIQUID ML120L RGB V2,Cooler Master ,MASTERLIQUID ML120L RGB V2 ,MLW-D12M-A18PC-R2 ,650 - 1800 RPM ,6 - 27 dB ,Black ,, AM2 | AM2+ | AM3 | AM3+ | AM4 | AM5 | FM1 | FM2 | FM2+ | LGA1150 | LGA1151 | LGA1155 | LGA1156 | LGA1200 | LGA1366 | LGA1700 | LGA1851 | LGA2011 | LGA2011-3 | LGA2066 | ,Yes - 120 mm ,No 
Thermalright Hyper Vision ARGB,Thermalright ,,Hyper Vision 360 ARGB BLACK ,2150 RPM ,27 dB ,Black ,68 mm , AM4 | AM5 | LGA1150 | LGA1151 | LGA1155 | LGA1156 | LGA1200 | LGA1700 | LGA1851 | LGA2011 | LGA2011-3 | LGA2066 | ,Yes - 360 mm ,No 
ENDORFY Navis F240,ENDORFY ,Navis F240 ,EY3B001 ,250 - 1800 RPM ,,Black ,, AM4 | AM5 | LGA1150 | LGA1151 | LGA1155 | LGA1156 | LGA1200 | LGA1700 | LGA1851 | LGA2011 | LGA2011-3 | LGA2066 | ,Yes - 240 mm ,No 
Thermalright Assassin Spirit 120 Vision ARGB,Thermalright ,Assassin Spirit 120 Vision ARGB , Assassin Spirit 120 Vision WHITE ARGB | AS120 VISION ARGB White | ,1500 RPM ,25.6 dB ,White ,154 mm , AM4 | AM5 | LGA1150 | LGA1151 | LGA1155 | LGA1156 | LGA1200 | LGA1700 | LGA1851 | ,No ,No 
Thermalright Aqua Elite ARGB V2,Thermalright ,, Aqua Elite 360 WHITE ARGB V2 | AE360 WHITE ARGB V2-D5 | ,2000 RPM ,28.2 dB ,,, AM2 | AM2+ | AM3 | AM3+ | AM4 | AM5 | FM1 | FM2 | FM2+ | LGA1150 | LGA1151 | LGA1155 | LGA1156 | LGA1200 | LGA1700 | LGA1851 | LGA2011 | LGA2011-3 | LGA2066 | ,Yes - 360 mm ,No 
TRYX PANORAMA ARGB (2024),TRYX ,, L-P240A-AS2M-G0W | PANORAMA ARGB 240 White | ,500 - 1850 RPM ,27.86 dB ,White ,116 mm , AM4 | AM5 | LGA1150 | LGA1151 | LGA1155 | LGA1156 | LGA1200 | LGA1700 | LGA1851 | ,Yes - 240 mm ,No 
be quiet! Light Loop,be quiet! ,,BW021 ,1500 - 2900 RPM ,15.4 - 34.9 dB ,White ,, AM4 | AM5 | LGA1150 | LGA1151 | LGA1155 | LGA1156 | LGA1200 | LGA1700 | LGA1851 | ,Yes - 240 mm ,No 
Deepcool LD360,Deepcool ,LD360 , R-LD360-BKMSN-G-1 | R-LD360-BKDMMN-G-1 | ,600 - 2400 RPM ,38.71 dB ,Black ,, AM4 | AM5 | LGA1150 | LGA1151 | LGA1155 | LGA1156 | LGA1200 | LGA1700 | LGA1851 | ,Yes - 360 mm ,No 
Yeston New Sakura,Yeston ,,YT-360 New Sakura ,800 - 2000 RPM ,31.6 dB ,Blue / White ,, AM2 | AM2+ | AM3 | AM3+ | AM4 | AM5 | FM1 | FM2 | FM2+ | LGA1366 | LGA1700 | LGA1851 | LGA2011 | LGA2011-3 | LGA2066 | ,Yes - 360 mm ,No 
Deepcool AK620 G2 DIGITAL NYX,Deepcool ,AK620 G2 DIGITAL NYX ,R-AK620G2-BKNNMN-GJD-1 ,2000 RPM ,28.87 dB ,Black ,159 mm , AM4 | AM5 | LGA1150 | LGA1151 | LGA1155 | LGA1156 | LGA1200 | LGA1700 | LGA1851 | ,No ,No 
Evercool HPL-815EP,Evercool ,,HPL-815EP ,1000 - 4000 RPM ,12 - 40 dB ,,45 mm , AM2 | AM2+ | AM3 | AM3+ | FM1 | FM2 | FM2+ | LGA775 | LGA1150 | LGA1151 | LGA1155 | LGA1156 | LGA1200 | LGA1366 | ,No ,No 
Corsair iCUE LINK H150i RGB,Corsair ,iCUE LINK H150i RGB ,CW-9061006-WW ,480 - 2400 RPM ,,White ,, AM4 | AM5 | LGA1150 | LGA1151 | LGA1155 | LGA1156 | LGA1200 | LGA1700 | LGA1851 | ,Yes - 360 mm ,No 
Alpenföhn Glacier Water 240,Alpenföhn ,Glacier Water 240 ,84000000178 ,500 - 1600 RPM ,23.5 dB ,Black ,, AM2 | AM2+ | AM3 | AM3+ | AM4 | AM5 | sTR4 | sTRX4 | FM1 | FM2 | FM2+ | LGA1150 | LGA1151 | LGA1155 | LGA1156 | LGA1200 | LGA1366 | LGA2011 | LGA2011-3 | LGA2066 | ,Yes - 240 mm ,No 
Corsair H150,Corsair ,H150 ,CW-9060054-WW ,1500 RPM ,18 - 26.5 dB ,Black ,, AM4 | AM5 | LGA1150 | LGA1151 | LGA1155 | LGA1156 | LGA1200 | LGA1366 | LGA1700 | LGA1851 | LGA2011 | LGA2011-3 | LGA2066 | ,Yes - 360 mm ,No 
Corsair iCUE H170i ELITE CAPELLIX XT,Corsair ,iCUE H170i ELITE CAPELLIX XT ,CW-9060071-WW ,500 - 1700 RPM ,5 - 33.8 dB ,Black ,, AM4 | AM5 | sTR4 | sTRX4 | LGA1150 | LGA1151 | LGA1155 | LGA1156 | LGA1200 | LGA1700 | LGA1851 | LGA2011 | LGA2011-3 | LGA2066 | ,Yes - 420 mm ,No 
ARCTIC Freezer 34 eSports DUO,ARCTIC ,Freezer 34 eSports DUO ,ACFRE00074A ,200 - 2100 RPM ,24.4 dB ,White / Gray ,157 mm , AM4 | AM5 | LGA1150 | LGA1151 | LGA1155 | LGA1156 | LGA1200 | LGA1700 | LGA1851 | LGA2011 | LGA2011-3 | LGA2066 | ,No ,No 
Inter-Tech ALSEYE Star Warriors W700 Pro,Inter-Tech ,, STAR WARRIORS SERIES 700Pro-B | W700 Pro B | ,900 - 3000 RPM ,45 dB ,Black ,160 mm , AM4 | AM5 | LGA1150 | LGA1151 | LGA1155 | LGA1156 | LGA1200 | LGA1366 | LGA1700 | LGA1851 | LGA2011 | LGA2011-3 | LGA2066 | ,No ,No 
Asus ROG RYUJIN III 360 ARGB EVA-02 EDITION,Asus ,ROG RYUJIN III 360 ARGB EVA-02 EDITION , rog-ryujin-iii-360-argb-eva-02-edition | 90RC00L3-M0UAY0 | 90RC00L3-M0AAY0 | RYUJINIII360 ARGB EVA02ED | ,600 - 2200 RPM ,36.45 dB ,Red / Black ,110 mm , AM4 | AM5 | LGA1150 | LGA1151 | LGA1155 | LGA1156 | LGA1200 | LGA1700 | LGA1851 | ,Yes - 360 mm ,No 
GAMDIAS AURA GL240 V2,GAMDIAS ,, AURA GL240 V2 | GD-AURA GL240 V2 | ,800 - 1800 RPM ,33.8 dB ,,, AM2 | AM2+ | AM3 | AM3+ | AM4 | AM5 | FM1 | FM2 | FM2+ | LGA1150 | LGA1151 | LGA1155 | LGA1156 | LGA1200 | LGA1700 | LGA1851 | LGA2011 | LGA2011-3 | LGA2066 | ,Yes - 240 mm ,No 
ARCTIC Freezer 7 Pro Rev.2,ARCTIC ,, Freezer 7 Pro Rev.2 | DCACO-FP701-CSA01 | ,900 - 2500 RPM ,,,127 mm , AM2 | AM2+ | AM3 | AM3+ | AM4 | AM5 | FM1 | FM2 | FM2+ | LGA775 | LGA1150 | LGA1151 | LGA1155 | LGA1156 | LGA1200 | LGA1366 | ,No ,No 
Asus ROG Ryujin III,Asus ,, ROG RYUJIN III 240 ARGB WHT | 90RC00K2-M0UAY0 | 90RC00K2-M0AAY0 | ,600 - 2200 RPM ,36.45 dB ,White ,, AM4 | AM5 | LGA1150 | LGA1151 | LGA1155 | LGA1156 | LGA1200 | LGA1700 | LGA1851 | ,Yes - 240 mm ,No 
Noctua NH-U12S TR4-SP3,Noctua ,,NH-U12S TR4-SP3 ,300 - 1500 RPM ,18.6 - 22.4 dB ,,158 mm , sTR4 | sTRX4 | ,No ,No 
Thermaltake TH280 V2 ARGB Sync,Thermaltake ,TH280 V2 ARGB Sync ,CL-W375-PL14SW-A ,500 - 1800 RPM ,34.7 dB ,Black ,, AM2 | AM2+ | AM3 | AM3+ | AM4 | AM5 | FM1 | FM2 | FM2+ | LGA1150 | LGA1151 | LGA1155 | LGA1156 | LGA1200 | LGA1700 | LGA1851 | LGA2011 | LGA2011-3 | LGA2066 | ,Yes - 280 mm ,No 
Montech NX600 ARGB,Montech ,, NX600 ARGB White | NX600 ARGB (W) | ,800 - 2000 RPM ,34.17 dB ,White ,160 mm , AM4 | AM5 | LGA1150 | LGA1151 | LGA1155 | LGA1156 | LGA1200 | LGA1700 | LGA1851 | ,No ,No 
Deepcool LE240 V2,Deepcool ,LE240 V2 ,R-LE240-WHAMMN-G-2 ,500 - 2100 RPM ,31.6 dB ,White ,65 mm , AM4 | AM5 | LGA1150 | LGA1151 | LGA1155 | LGA1156 | LGA1200 | LGA1700 | LGA1851 | ,Yes - 240 mm ,No 
NZXT Kraken X63 RGB,NZXT ,Kraken X63 RGB ,RL-KRX63-R1 ,500 - 1500 RPM ,22 - 33 dB ,Black ,, AM4 | AM5 | sTR4 | sTRX4 | LGA1150 | LGA1151 | LGA1155 | LGA1156 | LGA1200 | LGA1366 | LGA1700 | LGA1851 | LGA2011 | LGA2011-3 | LGA2066 | ,Yes - 280 mm ,No 
Deepcool LS720 WH,Deepcool ,LS720 WH , R-LS720-WHAMNT-G-1 | LS720 WH | ,500 - 2250 RPM ,32.9 dB ,White ,, AM4 | AM5 | sTR4 | sTRX4 | LGA1150 | LGA1151 | LGA1155 | LGA1156 | LGA1200 | LGA1700 | LGA1851 | LGA2011 | LGA2011-3 | LGA2066 | ,Yes - 360 mm ,No 
Deepcool CASTLE 240EX A-RGB,Deepcool ,CASTLE 240EX A-RGB ,DP-GS-H12W-CSL240EX-AR ,500 - 1800 RPM ,30 dB ,Black ,, AM4 | AM5 | sTR4 | sTRX4 | LGA1150 | LGA1151 | LGA1155 | LGA1156 | LGA1200 | LGA1700 | LGA1851 | LGA2011 | LGA2011-3 | LGA2066 | ,Yes - 240 mm ,No 
Asus ROG RYUJIN II,Asus ,, ROG RYUJIN II 360 | 90RC00B0-M0AAY1 | 90RC00B0-M0AAY0 | 90RC00B0-M0UAY0 | 90RC00B0-M0UAY2 | ,450 - 2000 RPM ,29.7 dB ,Black ,, AM4 | AM5 | sTR4 | sTRX4 | LGA1150 | LGA1151 | LGA1155 | LGA1156 | LGA1200 | LGA1366 | LGA1700 | LGA1851 | LGA2011 | LGA2011-3 | LGA2066 | ,Yes - 360 mm ,No 
Thermalright Elite Vision 360 ARGB,Thermalright ,Elite Vision 360 ARGB , Elite Vision 360 WHITE ARGB | EV360 ARGB WHITE D6-Y | ,2150 RPM ,27 dB ,White ,63 mm , AM4 | AM5 | LGA1150 | LGA1151 | LGA1155 | LGA1156 | LGA1200 | LGA1700 | LGA1851 | LGA2011 | LGA2011-3 | LGA2066 | ,Yes - 360 mm ,No 
Cooler Master Hyper 622 Halo,Cooler Master ,Hyper 622 Halo ,RR-D6WW-20PA-R1 ,650 - 2050 RPM ,27 dB ,White ,157 mm , AM4 | AM5 | LGA1150 | LGA1151 | LGA1155 | LGA1156 | LGA1200 | LGA1700 | LGA1851 | ,No ,No 
TRYX PANORAMA ARGB (2024),TRYX ,, L-P280A-AS2M-G0K | PANORAMA ARGB 280 Black | ,500 - 1450 RPM ,27.07 dB ,Black ,116 mm , AM4 | AM5 | LGA1150 | LGA1151 | LGA1155 | LGA1156 | LGA1200 | LGA1700 | LGA1851 | ,Yes - 280 mm ,No 
Lian Li Galahad II Trinity SL-INF,Lian Li ,, GA2T24INW | G89.GA2T24INW.00 | ,2100 RPM ,29 dB ,White ,69 mm , AM4 | AM5 | LGA1150 | LGA1151 | LGA1155 | LGA1156 | LGA1200 | LGA1700 | LGA1851 | ,Yes - 240 mm ,No 
Corsair H80i v2,Corsair ,H80i v2 , CW-9060024-WW | H80i V2 | ,2435 RPM ,37.7 dB ,,, AM2 | AM2+ | AM3 | AM3+ | AM4 | AM5 | sTR4 | sTRX4 | FM1 | FM2 | FM2+ | LGA1150 | LGA1151 | LGA1155 | LGA1156 | LGA1200 | LGA1366 | LGA2011 | LGA2011-3 | LGA2066 | ,Yes - 120 mm ,No 
Thermaltake TH120 ARGB Sync,Thermaltake ,TH120 ARGB Sync , CL-W346-PL12SW-A | CL-W346-PL12SW-B | ,1500 RPM ,28.2 dB ,White ,, AM2 | AM2+ | AM3 | AM3+ | AM4 | AM5 | FM1 | FM2 | FM2+ | LGA1150 | LGA1151 | LGA1155 | LGA1156 | LGA1200 | LGA1700 | LGA1851 | ,Yes - 120 mm ,No 
ID-COOLING FROZN A620 ARGB WHITE,ID-COOLING ,,FROZN A620 ARGB WHITE ,500 - 2000 RPM ,29.9 dB ,White ,154 mm , AM4 | AM5 | LGA1150 | LGA1151 | LGA1155 | LGA1156 | LGA1200 | LGA1700 | LGA1851 | ,No ,No 
Thermaltake TH280 V2 ARGB Sync,Thermaltake ,TH280 V2 ARGB Sync ,CL-W375-PL14MG-A ,500 - 1800 RPM ,25.8 dB ,Green ,, AM2 | AM2+ | AM3 | AM3+ | AM4 | AM5 | FM1 | FM2 | FM2+ | LGA1150 | LGA1151 | LGA1155 | LGA1156 | LGA1200 | LGA1700 | LGA1851 | LGA2011 | LGA2011-3 | LGA2066 | ,Yes - 280 mm ,No 
Thermalright SI-100,Thermalright ,, TR-SI-100 | SI-100 | ,2000 RPM ,27.7 dB ,Gray / Silver ,100 mm , AM4 | AM5 | LGA1150 | LGA1151 | LGA1155 | LGA1156 | LGA1200 | LGA1700 | LGA1851 | LGA2011 | LGA2011-3 | LGA2066 | ,No ,No 
Silverstone SST-XE01-1700A,Silverstone ,, SST-XE01-1700A | XE01-1700A | ,1000 - 5500 RPM ,58.1 dB ,Black ,15 mm , LGA1700 | LGA1851 | ,No ,No 
Cooler Master MasterLiquid Lite 240,Cooler Master ,MasterLiquid Lite 240 ,MLW-D24M-A20PW-R1 ,650 - 2000 RPM ,6 - 30 dB ,,, AM2 | AM2+ | AM3 | AM3+ | AM4 | AM5 | FM1 | FM2 | FM2+ | LGA1150 | LGA1151 | LGA1155 | LGA1156 | LGA1200 | LGA1366 | LGA2011 | LGA2011-3 | LGA2066 | ,Yes - 240 mm ,No 
NZXT Kraken X73 RGB,NZXT ,Kraken X73 RGB ,RL-KRX73-RW ,500 - 1500 RPM ,22 - 33 dB ,White / Black ,, AM4 | AM5 | sTR4 | sTRX4 | LGA1150 | LGA1151 | LGA1155 | LGA1156 | LGA1200 | LGA1366 | LGA1700 | LGA1851 | LGA2011 | LGA2011-3 | LGA2066 | ,Yes - 360 mm ,No 
Jonsbo TG-360,Jonsbo ,TG-360 ,TG-360 Black ,900 - 1800 RPM ,,Black ,85 mm , AM4 | AM5 | LGA1150 | LGA1151 | LGA1155 | LGA1156 | LGA1200 | LGA1700 | LGA1851 | ,Yes - 360 mm ,No 
PC Cooler RZ620,PC Cooler ,, RZ620-XXNWNX-GL | RZ620 BK | ,500 - 2200 RPM ,28 - 32 dB ,Black ,158 mm , AM4 | AM5 | LGA1150 | LGA1151 | LGA1155 | LGA1156 | LGA1200 | LGA1700 | LGA1851 | ,No ,No 
Noctua NH-U9B SE2,Noctua ,,NH-U9B SE2 ,1000 - 1600 RPM ,7.9 - 17.6 dB ,,125 mm , AM2 | AM2+ | AM3 | AM3+ | AM4 | AM5 | FM1 | FM2 | FM2+ | LGA775 | LGA1150 | LGA1151 | LGA1155 | LGA1156 | LGA1200 | LGA1366 | LGA1700 | LGA1851 | ,No ,No 
NZXT Kraken X53 RGB,NZXT ,Kraken X53 RGB ,RL-KRX53-RW ,500 - 1500 RPM ,22 - 33 dB ,White / Black ,, AM4 | AM5 | sTR4 | sTRX4 | LGA1150 | LGA1151 | LGA1155 | LGA1156 | LGA1200 | LGA1366 | LGA1700 | LGA1851 | LGA2011 | LGA2011-3 | LGA2066 | ,Yes - 240 mm ,No 
Deepcool LD240,Deepcool ,LD240 , R-LD240-BKMSN-G-1 | R-LD240-BKDMMN-G-1 | ,600 - 2400 RPM ,38.71 dB ,Black ,, AM4 | AM5 | LGA1150 | LGA1151 | LGA1155 | LGA1156 | LGA1200 | LGA1700 | LGA1851 | ,Yes - 240 mm ,No 
ENDORFY Fortis 5 Black ARGB,ENDORFY ,Fortis 5 Black ARGB ,EY3A014 ,,,Black ,159 mm , AM2 | AM2+ | AM3 | AM3+ | AM4 | AM5 | FM1 | FM2 | FM2+ | LGA1150 | LGA1151 | LGA1155 | LGA1156 | LGA1200 | LGA1700 | LGA1851 | LGA2011 | LGA2011-3 | LGA2066 | ,No ,No 
Antec A400i,Antec ,,0-761345-10913-0 ,800 - 1800 RPM ,20 - 36 dB ,Black / Silver ,155 mm , AM2 | AM2+ | AM3 | AM3+ | AM4 | FM1 | FM2 | FM2+ | LGA1366 | LGA1700 | LGA1851 | ,No ,No 
Corsair H80i GT,Corsair ,H80i GT , CW-9060017-WW | H80i GT | ,2435 RPM ,37.7 dB ,,, AM2 | AM2+ | AM3 | AM3+ | AM4 | FM1 | FM2 | FM2+ | LGA1150 | LGA1151 | LGA1155 | LGA1156 | LGA1200 | LGA2011 | LGA2011-3 | LGA2066 | ,Yes - 120 mm ,No 
Cooler Master MasterLiquid ML280 Mirror,Cooler Master ,MasterLiquid ML280 Mirror ,MLX-D28M-A14PK-R1 ,650 - 1400 RPM ,10 - 27 dB ,Black ,, AM2 | AM2+ | AM3 | AM3+ | AM4 | AM5 | FM1 | FM2 | FM2+ | LGA1150 | LGA1151 | LGA1155 | LGA1156 | LGA1200 | LGA1700 | LGA1851 | LGA2011 | LGA2011-3 | LGA2066 | ,Yes - 280 mm ,No 
Lian Li GALAHAD AIO 240 RGB,Lian Li ,GALAHAD AIO 240 RGB ,GALAHAD AIO 240 RGB BLACK ,800 - 1900 RPM ,,Black / Silver ,62 mm , AM4 | AM5 | LGA775 | LGA1150 | LGA1151 | LGA1155 | LGA1156 | LGA1200 | LGA1366 | LGA1700 | LGA1851 | LGA2011 | LGA2011-3 | LGA2066 | ,Yes - 240 mm ,No 
Asus ROG RYUO III 240 ARGB WHITE EDITION,Asus ,, ROG RYUO III 240 ARGB WHITE EDITION | ROG RYUO III 240 ARGB WHITE | ROG RYUO III 240 ARGB WHT | 90RC00J2-M0UAY0 | ,2200 RPM ,36.45 dB ,White ,68 mm , AM4 | AM5 | LGA1150 | LGA1151 | LGA1155 | LGA1156 | LGA1200 | LGA1700 | LGA1851 | ,Yes - 240 mm ,No 
Gigabyte AORUS WATERFORCE 280,Gigabyte ,AORUS WATERFORCE 280 , GP-AORUS WATERFORCE 280 | AORUS WATERFORCE 280 | ,950 - 2150 RPM ,17.1 - 36.5 dB ,Black ,, AM4 | AM5 | sTR4 | sTRX4 | LGA1150 | LGA1151 | LGA1155 | LGA1156 | LGA1200 | LGA1366 | LGA1700 | LGA1851 | LGA2011 | LGA2011-3 | LGA2066 | ,Yes - 280 mm ,No 
EK AIO 240 D-RGB,EK ,AIO 240 D-RGB , EK-AIO 240 D-RGB | 3831109815830 | ,450 - 2600 RPM ,36.4 dB ,Black ,, AM4 | AM5 | LGA1150 | LGA1151 | LGA1155 | LGA1156 | LGA1200 | LGA1700 | LGA1851 | LGA2011 | LGA2011-3 | LGA2066 | ,Yes - 240 mm ,No 
Corsair H100,Corsair ,H100 ,CW-9060053-WW ,1500 RPM ,18 - 26.5 dB ,Black ,, AM4 | AM5 | LGA1150 | LGA1151 | LGA1155 | LGA1156 | LGA1200 | LGA1366 | LGA1700 | LGA1851 | LGA2011 | LGA2011-3 | LGA2066 | ,Yes - 240 mm ,No 
IceGiant ProSiphon Elite,IceGiant ,, ProSiphon Elite | PE-240-BLK | PE-240-BLA | ,300 - 2300 RPM ,,Black ,164 mm , AM4 | AM5 | sTR4 | sTRX4 | LGA1150 | LGA1151 | LGA1155 | LGA1156 | LGA1200 | LGA1366 | LGA1700 | LGA1851 | LGA2011 | LGA2011-3 | LGA2066 | ,No ,No 
Mars Gaming ML-PRO360,Mars Gaming ,ML-PRO360 , MLPR0360 | MLPRO360 | ,800 - 2000 RPM ,9 - 27 dB ,Black ,42 mm , AM2 | AM2+ | AM3 | AM3+ | AM4 | AM5 | FM1 | FM2 | FM2+ | LGA1150 | LGA1151 | LGA1155 | LGA1156 | LGA1200 | LGA1700 | LGA1851 | LGA2011 | LGA2011-3 | LGA2066 | ,Yes - 360 mm ,No 
Silverstone Hydrogon H90 ARGB,Silverstone ,Hydrogon H90 ARGB ,SST-HYH90-ARGB ,500 - 2600 RPM ,11.3 - 34.6 dB ,Black / Silver ,48 mm , AM4 | AM5 | LGA1150 | LGA1151 | LGA1155 | LGA1156 | LGA1200 | LGA1700 | LGA1851 | LGA2011 | LGA2011-3 | LGA2066 | ,No ,No 
ASRock Pro ARGB,ASRock ,, 90-APRA24-BAAGA6 | Pro 240 ARGB | ,,31 dB ,Black ,54 mm , AM4 | AM5 | LGA1700 | LGA1851 | ,Yes - 240 mm ,No 
Asus ROG RYUJIN 360,Asus ,, ROG RYUJIN 360 | 90RC0020-M0UAY0 | ,450 - 2000 RPM ,29.7 dB ,Black ,, AM4 | AM5 | sTR4 | sTRX4 | LGA1150 | LGA1151 | LGA1155 | LGA1156 | LGA1200 | LGA1366 | LGA2011 | LGA2011-3 | LGA2066 | ,Yes - 360 mm ,No 
Deepcool Assassin 4S,Deepcool ,,R-ASN4S-WHGPMN-G ,500 - 1800 RPM ,29.3 dB ,White ,164 mm , AM4 | AM5 | LGA1150 | LGA1151 | LGA1155 | LGA1156 | LGA1200 | LGA1700 | LGA1851 | LGA2011 | LGA2011-3 | LGA2066 | ,No ,No 
KOLINK Umbra Void,KOLINK ,, PGW-CC-KOL-004 | KL-UA240-WC | ,2200 RPM ,30 dB ,Black ,48 mm , AM2 | AM2+ | AM3 | AM3+ | AM4 | AM5 | FM1 | FM2 | FM2+ | LGA1150 | LGA1151 | LGA1155 | LGA1156 | LGA1200 | LGA1366 | LGA1700 | LGA1851 | LGA2011 | LGA2011-3 | LGA2066 | ,Yes - 240 mm ,No 
ID-COOLING FROZN A620 PRO SE ARGB,ID-COOLING ,,FROZN A620 PRO SE ARGB ,300 - 2000 RPM ,27.2 dB ,Black ,157 mm , AM4 | AM5 | LGA1150 | LGA1151 | LGA1155 | LGA1156 | LGA1200 | LGA1700 | LGA1851 | ,No ,No 
Jonsbo CR-1300 EVO,Jonsbo ,, CR-1300 EVO | CR-1300 EVO Black | ,800 - 2000 RPM ,28.2 dB ,Black / Silver ,128 mm , AM4 | AM5 | LGA1150 | LGA1151 | LGA1155 | LGA1156 | LGA1200 | LGA1700 | LGA1851 | ,No ,No 
ID-COOLING SE-224-XTS ARGB,ID-COOLING ,,SE-224-XTS ARGB ,600 - 1500 RPM ,28.9 dB ,Black ,151 mm , AM4 | AM5 | LGA1150 | LGA1151 | LGA1155 | LGA1156 | LGA1200 | LGA1700 | LGA1851 | ,No ,No 
EVGA CLC 240,EVGA ,CLC 240 ,400-HY-CL24-V1 ,500 - 2400 RPM ,16 - 39.9 dB ,,, AM2 | AM2+ | AM3 | AM3+ | AM4 | FM1 | FM2 | FM2+ | LGA1150 | LGA1151 | LGA1155 | LGA1156 | LGA1200 | LGA1366 | LGA1700 | LGA1851 | LGA2011 | LGA2011-3 | LGA2066 | ,Yes - 240 mm ,No 
Deepcool GAMMAXX GT A-RGB,Deepcool ,GAMMAXX GT A-RGB ,DP-MCH4-GMX-GT-ARGB ,500 - 1650 RPM ,27.8 dB ,Black / Silver ,158 mm , AM2 | AM2+ | AM3 | AM3+ | AM4 | AM5 | FM1 | FM2 | FM2+ | LGA1150 | LGA1151 | LGA1155 | LGA1156 | LGA1200 | LGA1366 | LGA1700 | LGA1851 | LGA2011 | LGA2011-3 | LGA2066 | ,No ,No 
Deepcool GAMMAXX GTE V2,Deepcool ,GAMMAXX GTE V2 ,DP-MCH4-GMX-GTEV2 ,500 - 1650 RPM ,27.8 dB ,Black / White ,158 mm , AM2 | AM2+ | AM3 | AM3+ | AM4 | AM5 | FM1 | FM2 | FM2+ | LGA1150 | LGA1151 | LGA1155 | LGA1156 | LGA1200 | LGA1366 | LGA1700 | LGA1851 | ,No ,No 
ALPHAGEAR AirChill NOVA 65D,ALPHAGEAR ,,AG-NOVA65D-BK ,800 - 1800 RPM ,36.7 dB ,Black ,158 mm , AM4 | AM5 | LGA1150 | LGA1151 | LGA1155 | LGA1156 | LGA1200 | LGA1700 | LGA1851 | ,No ,No 
be quiet! Dark Rock TF 2,be quiet! ,Dark Rock TF 2 ,BK031 ,1400 RPM ,,Black ,134 mm , AM2 | AM2+ | AM3 | AM3+ | AM4 | AM5 | FM1 | FM2 | FM2+ | LGA1150 | LGA1151 | LGA1155 | LGA1156 | LGA1200 | LGA1700 | LGA1851 | LGA2011 | LGA2011-3 | LGA2066 | ,No ,No 
ENDORFY Spartan 5 MAX,ENDORFY ,,EY3A003 ,250 - 1500 RPM ,,Black / Silver ,146 mm , AM2 | AM2+ | AM3 | AM3+ | AM4 | AM5 | FM1 | FM2 | FM2+ | LGA1150 | LGA1151 | LGA1155 | LGA1156 | LGA1200 | LGA1700 | LGA1851 | ,No ,No 
Cooler Master MasterLiquid ML240L RGB,Cooler Master ,MasterLiquid ML240L RGB ,MLW-D24M-A20PC-R1 ,650 - 2000 RPM ,6 - 30 dB ,,, AM2 | AM2+ | AM3 | AM3+ | AM4 | FM1 | FM2 | FM2+ | LGA775 | LGA1150 | LGA1151 | LGA1155 | LGA1156 | LGA1200 | LGA1366 | LGA2011 | LGA2011-3 | LGA2066 | ,Yes - 240 mm ,No 
Thermalright Frost Commander 140,Thermalright ,Frost Commander 140 ,FC140 ,1800 RPM ,30.2 dB ,Gray ,158 mm , AM4 | AM5 | LGA1150 | LGA1151 | LGA1155 | LGA1156 | LGA1200 | LGA1700 | LGA1851 | LGA2011 | LGA2011-3 | LGA2066 | ,No ,No 
ID-COOLING FROZN A410 ARGB WHITE,ID-COOLING ,,FROZN A410 ARGB WHITE ,500 - 2000 RPM ,29.9 dB ,White ,152 mm , AM4 | AM5 | LGA1150 | LGA1151 | LGA1155 | LGA1156 | LGA1200 | LGA1700 | LGA1851 | ,No ,No 
LevelPlay CL240 ARGB,LevelPlay ,CL240 ARGB ,LRW-M12NN-18APN-GN1 ,,0 - 26 dB ,Black ,56 mm , AM4 | AM5 | LGA1700 | LGA1851 | ,Yes - 240 mm ,No 
Corsair iCUE LINK H100i LCD,Corsair ,iCUE LINK H100i LCD ,CW-9061007-WW ,480 - 2400 RPM ,,Black ,, AM4 | AM5 | LGA1150 | LGA1151 | LGA1155 | LGA1156 | LGA1200 | LGA1700 | LGA1851 | ,Yes - 240 mm ,No 
MSI MAG CORELIQUID 240R V2,MSI ,MAG CORELIQUID 240R V2 , MAG CORELIQUID 240R V2 WHITE | 306-7ZW1B50-813 | ,500 - 2000 RPM ,14.3 - 34.3 dB ,White ,, AM2 | AM2+ | AM3 | AM3+ | AM4 | AM5 | FM1 | FM2 | FM2+ | LGA1150 | LGA1151 | LGA1155 | LGA1156 | LGA1200 | LGA1366 | LGA1700 | LGA1851 | LGA2011 | LGA2011-3 | LGA2066 | ,Yes - 240 mm ,No 
MSI MAG CORELIQUID C360,MSI ,, MAG CORELIQUID C360 | 306-7ZW2R31-813 | CLC360 | ,500 - 2000 RPM ,14.3 - 34.3 dB ,Black ,, AM2 | AM2+ | AM3 | AM3+ | AM4 | AM5 | FM1 | FM2 | FM2+ | LGA1150 | LGA1151 | LGA1155 | LGA1156 | LGA1200 | LGA1366 | LGA1700 | LGA1851 | LGA2011 | LGA2011-3 | LGA2066 | ,Yes - 360 mm ,No 
be quiet! Shadow Rock 3,be quiet! ,Shadow Rock 3 ,BK005 ,,11.5 - 24.4 dB ,White / Black ,163 mm , AM2 | AM2+ | AM3 | AM3+ | AM4 | AM5 | FM1 | FM2 | FM2+ | LGA1150 | LGA1151 | LGA1155 | LGA1156 | LGA1200 | LGA1700 | LGA1851 | LGA2011 | LGA2011-3 | LGA2066 | ,No ,No 
Cooler Master MasterLiquid Atmos II LCD,Cooler Master ,,MLX-D36M-A25SZ-LW ,690 - 2500 RPM ,38.5 dB ,White ,38 mm , AM4 | AM5 | LGA1150 | LGA1151 | LGA1155 | LGA1156 | LGA1200 | LGA1700 | LGA1851 | ,Yes - 360 mm ,No 
Deepcool LT360 ARGB,Deepcool ,LT360 ARGB ,R-LT360-WHAMNC-G-1 ,600 - 2400 RPM ,38.71 dB ,White ,68 mm , AM4 | AM5 | LGA1150 | LGA1151 | LGA1155 | LGA1156 | LGA1200 | LGA1700 | LGA1851 | ,Yes - 360 mm ,No 
Asus ROG STRIX LC II 280 ARGB,Asus ,, ROG STRIX LC II 280 ARGB | 90RC00C1-M0AAY0 | 90RC00C1-M0UAY0 | 90RC00C1-M0UAY1 | ,700 - 2100 RPM ,35.7 dB ,Black ,, AM4 | AM5 | sTR4 | sTRX4 | LGA1150 | LGA1151 | LGA1155 | LGA1156 | LGA1200 | LGA1366 | LGA1700 | LGA1851 | LGA2011 | LGA2011-3 | LGA2066 | ,Yes - 280 mm ,No 
TRYX PANORAMA,TRYX ,, L-P360N-DS3M-G0W | PANORAMA 360 WHITE | ,500 - 2250 RPM ,30.97 dB ,White ,116 mm , AM4 | AM5 | LGA1150 | LGA1151 | LGA1155 | LGA1156 | LGA1200 | LGA1700 | LGA1851 | ,Yes - 360 mm ,No 
Lian Li GALAHAD AIO 240 RGB,Lian Li ,GALAHAD AIO 240 RGB ,GALAHAD AIO 240 RGB WHITE ,800 - 1900 RPM ,,White / Silver ,62 mm , AM4 | AM5 | LGA775 | LGA1150 | LGA1151 | LGA1155 | LGA1156 | LGA1200 | LGA1366 | LGA1700 | LGA1851 | LGA2011 | LGA2011-3 | LGA2066 | ,Yes - 240 mm ,No 
be quiet! Dark Rock Pro 3,be quiet! ,Dark Rock Pro 3 , BK019 | DARK ROCK PRO 3 | ,1400 - 1700 RPM ,13.2 - 26.1 dB ,,163 mm , AM2 | AM2+ | AM3 | AM3+ | AM4 | FM1 | FM2 | FM2+ | LGA775 | LGA1150 | LGA1151 | LGA1155 | LGA1156 | LGA1200 | LGA1366 | LGA2011 | LGA2011-3 | LGA2066 | ,No ,No 
ASRock Challenger Pure,ASRock ,, 90-ACLA36-BDKGA6 | Challenger Pure 360 | ,,27 dB ,Black ,54 mm , AM4 | AM5 | LGA1700 | LGA1851 | ,Yes - 360 mm ,No 
Cooler Master MasterLiquid 360 Ion,Cooler Master ,MasterLiquid 360 Ion ,MLY-D36M-A24PZ-R1 ,,30 dB ,Black ,66 mm , AM4 | AM5 | LGA1150 | LGA1151 | LGA1155 | LGA1156 | LGA1200 | LGA1700 | LGA1851 | ,Yes - 360 mm ,No 
Lian Li Galahad II Trinity,Lian Li ,, GA2T24W | G89.GA2T24W.00 | ,2450 RPM ,35.4 dB ,White ,69 mm , AM4 | AM5 | LGA1150 | LGA1151 | LGA1155 | LGA1156 | LGA1200 | LGA1700 | LGA1851 | ,Yes - 240 mm ,No 
Thermaltake MAGFloe 420 Ultra ARGB Sync,Thermaltake ,MAGFloe 420 Ultra ARGB Sync ,CL-W452-PL14SW-A ,500 - 2000 RPM ,34.5 dB ,White ,, AM2 | AM2+ | AM3 | AM3+ | AM4 | AM5 | FM1 | FM2 | FM2+ | LGA1150 | LGA1151 | LGA1155 | LGA1156 | LGA1200 | LGA1700 | LGA1851 | LGA2011 | LGA2011-3 | LGA2066 | ,Yes - 420 mm ,No 
NZXT Kraken X73 RGB,NZXT ,Kraken X73 RGB ,RL-KRX73-R1 ,500 - 1500 RPM ,22 - 33 dB ,Black ,, AM4 | AM5 | sTR4 | sTRX4 | LGA1150 | LGA1151 | LGA1155 | LGA1156 | LGA1200 | LGA1366 | LGA1700 | LGA1851 | LGA2011 | LGA2011-3 | LGA2066 | ,Yes - 360 mm ,No 
ENDORFY Fortis 5,ENDORFY ,Fortis 5 ,EY3A008 ,250 - 1400 RPM ,,Black / Silver ,159 mm , AM2 | AM2+ | AM3 | AM3+ | AM4 | AM5 | FM1 | FM2 | FM2+ | LGA1150 | LGA1151 | LGA1155 | LGA1156 | LGA1200 | LGA1700 | LGA1851 | LGA2011 | LGA2011-3 | LGA2066 | ,No ,No 
Thermalright Hyper Vision ARGB,Thermalright ,,Hyper Vision 360 ARGB WHITE ,2150 RPM ,27 dB ,White ,68 mm , AM4 | AM5 | LGA1150 | LGA1151 | LGA1155 | LGA1156 | LGA1200 | LGA1700 | LGA1851 | LGA2011 | LGA2011-3 | LGA2066 | ,Yes - 360 mm ,No 
Dynatron K129,Dynatron ,,K129 ,,0 dB ,Orange ,27 mm , LGA1150 | LGA1151 | LGA1155 | LGA1156 | LGA1200 | ,No ,Yes 
Evercool HPH-9525CU,Evercool ,,HPH-9525CU ,1800 RPM ,20 dB ,,,LGA775 ,No ,No 
Thermaltake ASTRIA 400 ARGB,Thermaltake ,ASTRIA 400 ARGB ,CL-P120-CA12SW-A ,500 - 1800 RPM ,26.8 dB ,Black ,160 mm , AM4 | AM5 | LGA1150 | LGA1151 | LGA1155 | LGA1156 | LGA1200 | LGA1700 | LGA1851 | LGA2011 | LGA2011-3 | LGA2066 | ,No ,No 
Jonsbo CR-1000 EVO ARGB White,Jonsbo ,,CR-1000 EVO ARGB White ,600 - 1500 RPM ,22 - 32 dB ,White ,154 mm , AM4 | AM5 | LGA1150 | LGA1151 | LGA1155 | LGA1156 | LGA1200 | LGA1700 | LGA1851 | ,No ,No 
Cooler Master A71C,Cooler Master ,A71C , RR-A71C-18PA-R1 | 603005420-GP | ,650 - 1800 RPM ,24.9 dB ,Black ,60 mm ,AM4 ,No ,No 
ENDORFY Navis F360,ENDORFY ,Navis F360 ,EY3B003 ,250 - 1800 RPM ,,Black ,, AM4 | AM5 | LGA1150 | LGA1151 | LGA1155 | LGA1156 | LGA1200 | LGA1700 | LGA1851 | LGA2011 | LGA2011-3 | LGA2066 | ,Yes - 360 mm ,No 
Asus ROG STRIX LC III ARGB,Asus ,,ROG Strix LC III 240 ARGB ,800 - 2200 RPM ,36 dB ,Black ,, AM4 | AM5 | LGA1150 | LGA1151 | LGA1155 | LGA1156 | LGA1200 | LGA1700 | LGA1851 | ,Yes - 240 mm ,No 
Asus ROG STRIX LC III,Asus ,,ROG Strix LC III 360 ,800 - 2200 RPM ,36 dB ,Black ,, AM4 | AM5 | LGA1150 | LGA1151 | LGA1155 | LGA1156 | LGA1200 | LGA1700 | LGA1851 | ,Yes - 360 mm ,No 
Thermaltake Contac Silent 12,Thermaltake ,Contac Silent 12 ,CL-P039-AL12BL-A ,400 - 1500 RPM ,22.1 - 28.8 dB ,,153 mm , AM2 | AM2+ | AM3 | AM3+ | AM4 | FM1 | FM2 | FM2+ | LGA775 | LGA1150 | LGA1151 | LGA1155 | LGA1156 | LGA1200 | LGA1366 | ,No ,No 
ID-COOLING SL240,ID-COOLING ,SL240 ,SL240 WHITE ,500 - 2000 RPM ,29.9 dB ,White ,58 mm , AM4 | AM5 | LGA1150 | LGA1151 | LGA1155 | LGA1156 | LGA1200 | LGA1700 | LGA1851 | LGA2011 | LGA2011-3 | LGA2066 | ,Yes - 240 mm ,No 
Cooler Master MasterAir MA824 Stealth,Cooler Master ,,MAM-D8PN-318PK-R1 ,,0 - 24.6 dB ,Black ,166 mm , AM4 | AM5 | LGA1150 | LGA1151 | LGA1155 | LGA1156 | LGA1200 | LGA1700 | LGA1851 | ,No ,No 
be quiet! Pure Rock,be quiet! ,Pure Rock ,BK009 ,1500 RPM ,19.1 - 26.8 dB ,,155 mm , AM2 | AM2+ | AM3 | AM3+ | AM4 | FM1 | FM2 | FM2+ | LGA775 | LGA1150 | LGA1151 | LGA1155 | LGA1156 | LGA1200 | LGA1366 | LGA2011 | LGA2011-3 | LGA2066 | ,No ,No 
NZXT Kraken X72,NZXT ,Kraken X72 ,RL-KRX72-01 ,500 - 2000 RPM ,21 - 36 dB ,Black ,, AM2 | AM2+ | AM3 | AM3+ | AM4 | AM5 | sTR4 | sTRX4 | FM1 | FM2 | FM2+ | LGA1150 | LGA1151 | LGA1155 | LGA1156 | LGA1200 | LGA1366 | LGA1700 | LGA1851 | LGA2011 | LGA2011-3 | LGA2066 | ,Yes - 360 mm ,No 
Valkyrie Vind 125 SL,Valkyrie ,,VK-AIRSL125W ,800 - 2150 RPM ,29 dB ,White ,158 mm , AM4 | AM5 | LGA1150 | LGA1151 | LGA1155 | LGA1156 | LGA1200 | LGA1700 | LGA1851 | ,No ,No 
Corsair iCUE H100i RGB ELITE,Corsair ,iCUE H100i RGB ELITE ,CW-9060078-WW ,400 - 1850 RPM ,5 - 28.9 dB ,White ,, AM4 | AM5 | sTR4 | sTRX4 | LGA1150 | LGA1151 | LGA1155 | LGA1156 | LGA1200 | LGA1366 | LGA1700 | LGA1851 | LGA2011 | LGA2011-3 | LGA2066 | ,Yes - 240 mm ,No 
Thermaltake TH280 V2 Ultra ARGB Sync,Thermaltake ,TH280 V2 Ultra ARGB Sync ,CL-W406-PL14SW-A ,500 - 2000 RPM ,34.7 dB ,White ,, AM2 | AM2+ | AM3 | AM3+ | AM4 | AM5 | FM1 | FM2 | FM2+ | LGA1150 | LGA1151 | LGA1155 | LGA1156 | LGA1200 | LGA1700 | LGA1851 | LGA2011 | LGA2011-3 | LGA2066 | ,Yes - 280 mm ,No 
iBuypower AW4,iBuypower ,,FAN-IBP-006-W-R ,700 - 2000 RPM ,38 dB ,White ,, AM4 | AM5 | LGA1150 | LGA1151 | LGA1155 | LGA1156 | LGA1200 | LGA1700 | LGA1851 | ,Yes - 360 mm ,No 
iBuypower AW4,iBuypower ,,FAN-IBP-005-W-R ,700 - 2000 RPM ,38 dB ,White ,, AM4 | AM5 | LGA1150 | LGA1151 | LGA1155 | LGA1156 | LGA1200 | LGA1700 | LGA1851 | ,Yes - 240 mm ,No 
Thermalright Frozen Notte ARGB V2,Thermalright ,,Frozen Notte 240 BLACK ARGB V2 ,2000 RPM ,27.7 dB ,Black ,54 mm , AM2 | AM2+ | AM3 | AM3+ | AM4 | AM5 | FM1 | FM2 | FM2+ | LGA1150 | LGA1151 | LGA1155 | LGA1156 | LGA1200 | LGA1700 | LGA1851 | LGA2011 | LGA2011-3 | LGA2066 | ,Yes - 240 mm ,No 
Thermaltake TH280 V2 Ultra ARGB Sync,Thermaltake ,TH280 V2 Ultra ARGB Sync ,CL-W385-PL14SW-A ,500 - 2000 RPM ,34.7 dB ,Black ,, AM2 | AM2+ | AM3 | AM3+ | AM4 | AM5 | FM1 | FM2 | FM2+ | LGA1150 | LGA1151 | LGA1155 | LGA1156 | LGA1200 | LGA1700 | LGA1851 | LGA2011 | LGA2011-3 | LGA2066 | ,Yes - 280 mm ,No 
Ocypus Delta A62 ARGB,Ocypus ,,Delta A62 BK ARGB ,500 - 2000 RPM ,29 dB ,Black ,156 mm , AM4 | AM5 | LGA1150 | LGA1151 | LGA1155 | LGA1156 | LGA1200 | LGA1700 | LGA1851 | ,No ,No 
Asus ROG STRIX LC II,Asus ,, ROG STRIX LC II 360 | 90RC00F0-M0AAY0 | ,800 - 2500 RPM ,37.6 dB ,Black ,, AM4 | AM5 | LGA1150 | LGA1151 | LGA1155 | LGA1156 | LGA1200 | LGA1700 | LGA1851 | LGA2011-3 Narrow | ,Yes - 360 mm ,No 
ID-COOLING SE-903-XT,ID-COOLING ,,SE-903-XT ,500 - 2200 RPM ,14 - 25.8 dB ,,123 mm , AM4 | AM5 | LGA1150 | LGA1151 | LGA1155 | LGA1156 | LGA1200 | LGA1700 | LGA1851 | ,No ,No 
Deepcool AK400,Deepcool ,, R-AK400-WPNPMN-G | AK400 PINK LIMITED-AMAZON | ,500 - 1850 RPM ,29 dB ,Pink / White ,155 mm , AM4 | AM5 | LGA1150 | LGA1151 | LGA1155 | LGA1156 | LGA1200 | LGA1700 | LGA1851 | ,No ,No 
Fractal Design Celsius S36,Fractal Design ,Celsius S36 , FD-WCU-CELSIUS-S36-BK | WCU-CELSIUS-S36-BK | ,500 - 2000 RPM ,32.2 dB ,,, AM2 | AM2+ | AM3 | AM3+ | AM4 | AM5 | sTR4 | sTRX4 | FM1 | FM2 | FM2+ | LGA1150 | LGA1151 | LGA1155 | LGA1156 | LGA1200 | LGA1366 | LGA1700 | LGA1851 | LGA2011 | LGA2011-3 | LGA2066 | ,Yes - 360 mm ,No 
Corsair iCUE H170i ELITE LCD,Corsair ,iCUE H170i ELITE LCD ,CW-9060063-WW ,400 - 1600 RPM ,10 - 31.8 dB ,Black ,, AM2 | AM2+ | AM3 | AM3+ | AM4 | AM5 | sTR4 | sTRX4 | FM1 | FM2 | FM2+ | LGA1150 | LGA1151 | LGA1155 | LGA1156 | LGA1200 | LGA1366 | LGA1700 | LGA1851 | LGA2011 | LGA2011-3 | LGA2066 | ,Yes - 420 mm ,No 
upHere UE2T6,upHere ,, UE2T6 | UE2T6 US | ,600 - 1650 RPM ,25 dB ,White ,155 mm , AM2 | AM2+ | AM3 | AM3+ | AM4 | AM5 | FM1 | FM2 | FM2+ | LGA1150 | LGA1151 | LGA1155 | LGA1156 | LGA1200 | LGA1366 | LGA1700 | LGA1851 | ,No ,No 
Thermaltake TH360 V2 Ultra ARGB Sync,Thermaltake ,TH360 V2 Ultra ARGB Sync ,CL-W405-PL12SW-A ,500 - 1800 RPM ,25.8 dB ,White ,, AM2 | AM2+ | AM3 | AM3+ | AM4 | AM5 | FM1 | FM2 | FM2+ | LGA1150 | LGA1151 | LGA1155 | LGA1156 | LGA1200 | LGA1700 | LGA1851 | LGA2011 | LGA2011-3 | LGA2066 | ,Yes - 360 mm ,No 
Deepcool LE520,Deepcool ,LE520 ,R-LE520-WHAMMN-G-1 ,500 - 2250 RPM ,32.9 dB ,White ,52 mm , AM4 | AM5 | LGA1150 | LGA1151 | LGA1155 | LGA1156 | LGA1200 | LGA1700 | LGA1851 | ,Yes - 240 mm ,No 
GAMDIAS CHIONE P5,GAMDIAS ,,CHIONE P5-360 ,400 - 2200 RPM ,11 - 34.91 dB ,Black ,, AM2 | AM2+ | AM3 | AM3+ | AM4 | AM5 | FM1 | FM2 | FM2+ | LGA1150 | LGA1151 | LGA1155 | LGA1156 | LGA1200 | LGA1700 | LGA1851 | LGA2011 | LGA2011-3 | LGA2066 | ,Yes - 360 mm ,No 
Thermaltake TOUGHLIQUID Ultra RGB,Thermaltake ,,CL-W370-PL14SW-A ,500 - 2000 RPM ,30.7 dB ,Black ,, AM2 | AM2+ | AM3 | AM3+ | AM4 | AM5 | FM1 | FM2 | FM2+ | LGA1150 | LGA1151 | LGA1155 | LGA1156 | LGA1200 | LGA1700 | LGA1851 | LGA2011 | LGA2011-3 | LGA2066 | ,Yes - 420 mm ,No 
Thermaltake CLP0556,Thermaltake ,,CLP0556 ,1900 - 2300 RPM ,22 dB ,,61 mm , LGA1150 | LGA1151 | LGA1155 | LGA1156 | LGA1200 | ,No ,No 
MSI MAG CORELIQUID C240,MSI ,, MAG CORELIQUID C240 | 306-7ZW2R11-813 | CLC240 | ,500 - 2000 RPM ,14.3 - 34.3 dB ,Black ,, AM2 | AM2+ | AM3 | AM3+ | AM4 | AM5 | FM1 | FM2 | FM2+ | LGA1150 | LGA1151 | LGA1155 | LGA1156 | LGA1200 | LGA1366 | LGA1700 | LGA1851 | LGA2011 | LGA2011-3 | LGA2066 | ,Yes - 240 mm ,No 
Enermax LIQMAXFLO 360,Enermax ,LIQMAXFLO 360 ,ELC-LMF360T-ARGB ,500 - 1800 RPM ,23.46 dB ,Black ,, AM4 | AM5 | LGA1150 | LGA1151 | LGA1155 | LGA1156 | LGA1200 | LGA1366 | LGA1700 | LGA1851 | LGA2011 | LGA2011-3 | LGA2066 | ,Yes - 360 mm ,No 
Thermaltake MAGFloe 360 Ultra ARGB Sync,Thermaltake ,MAGFloe 360 Ultra ARGB Sync ,CL-W433-PL12SW-A ,500 - 2000 RPM ,30.6 dB ,White ,, AM2 | AM2+ | AM3 | AM3+ | AM4 | AM5 | FM1 | FM2 | FM2+ | LGA1150 | LGA1151 | LGA1155 | LGA1156 | LGA1200 | LGA1700 | LGA1851 | LGA2011 | LGA2011-3 | LGA2066 | ,Yes - 360 mm ,No 
ENDORFY Fortis 5 Dual Fan,ENDORFY ,Fortis 5 Dual Fan ,EY3A009 ,250 - 1400 RPM ,,Black / Silver ,159 mm , AM2 | AM2+ | AM3 | AM3+ | AM4 | AM5 | FM1 | FM2 | FM2+ | LGA1150 | LGA1151 | LGA1155 | LGA1156 | LGA1200 | LGA1700 | LGA1851 | LGA2011 | LGA2011-3 | LGA2066 | ,No ,No 
Cooler Master MasterLiquid 240,Cooler Master ,MasterLiquid 240 ,MLX-D24M-A20PW-R1 ,650 - 2000 RPM ,6 - 30 dB ,,, AM2 | AM2+ | AM3 | AM3+ | AM4 | AM5 | FM1 | FM2 | FM2+ | LGA775 | LGA1150 | LGA1151 | LGA1155 | LGA1156 | LGA1200 | LGA1366 | LGA2011 | LGA2011-3 | LGA2066 | ,Yes - 240 mm ,No 
Deepcool CASTLE 360EX A-RGB,Deepcool ,CASTLE 360EX A-RGB ,DP-GS-H12W-CSL360EX-AR ,500 - 1800 RPM ,30 dB ,Black ,, AM4 | AM5 | sTR4 | sTRX4 | LGA1150 | LGA1151 | LGA1155 | LGA1156 | LGA1200 | LGA1700 | LGA1851 | LGA2011 | LGA2011-3 | LGA2066 | ,Yes - 360 mm ,No 
LC-Power LC-CC-120-RGB,LC-Power ,,LC-CC-120-RGB ,800 - 1800 RPM ,,Black ,152 mm , AM2 | AM2+ | AM3 | AM3+ | AM4 | AM5 | FM1 | FM2 | FM2+ | LGA775 | LGA1150 | LGA1151 | LGA1155 | LGA1156 | LGA1200 | LGA1366 | LGA1700 | LGA1851 | LGA2011 | LGA2011-3 | LGA2066 | ,No ,No 
ENDORFY Fera 5 Black ARGB,ENDORFY ,Fera 5 Black ARGB ,EY3A012 ,250 - 1800 RPM ,,Black ,155 mm , AM2 | AM2+ | AM3 | AM3+ | AM4 | AM5 | FM1 | FM2 | FM2+ | LGA1150 | LGA1151 | LGA1155 | LGA1156 | LGA1200 | LGA1700 | LGA1851 | LGA2011 | LGA2011-3 | LGA2066 | ,No ,No 
EK AIO 280 D-RGB,EK ,AIO 280 D-RGB , EK-AIO 280 D-RGB | EK-AIO-280 | 3831109829844 | ,500 - 2000 RPM ,36.4 dB ,Black / Translucent White ,, AM4 | AM5 | LGA1150 | LGA1151 | LGA1155 | LGA1156 | LGA1200 | LGA1700 | LGA1851 | LGA2011 | LGA2011-3 | LGA2066 | ,Yes - 280 mm ,No 
Cooler Master Masterliquid 240 Atmos,Cooler Master ,Masterliquid 240 Atmos ,MLX-D24M-A25PZ-RW ,690 - 2500 RPM ,27.2 dB ,White ,, AM4 | AM5 | LGA1150 | LGA1151 | LGA1155 | LGA1156 | LGA1200 | LGA1700 | LGA1851 | ,Yes - 240 mm ,No 
Asus ROG RYUO 240 RGB,Asus ,ROG RYUO 240 RGB , ROG RYUO 240 | 90RC0040-M0UAY0 | ,800 - 2500 RPM ,37 dB ,Black ,, AM4 | AM5 | sTR4 | sTRX4 | LGA1150 | LGA1151 | LGA1155 | LGA1156 | LGA1200 | LGA1366 | LGA2011 | LGA2011-3 | LGA2066 | ,Yes - 240 mm ,No 
ENDORFY Fera 5 ARGB,ENDORFY ,Fera 5 ARGB ,EY3A007 ,250 - 1800 RPM ,,Black / Silver ,155 mm , AM2 | AM2+ | AM3 | AM3+ | AM4 | AM5 | FM1 | FM2 | FM2+ | LGA775 | LGA1150 | LGA1151 | LGA1155 | LGA1156 | LGA1200 | LGA1366 | LGA1700 | LGA1851 | LGA2011 | LGA2011-3 | LGA2066 | ,No ,No 
be quiet! Silent Loop 2 360,be quiet! ,Silent Loop 2 360 ,BW012 ,2200 RPM ,17.7 - 39.8 dB ,Black ,, AM2 | AM2+ | AM3 | AM3+ | AM4 | AM5 | FM1 | FM2 | FM2+ | LGA1150 | LGA1151 | LGA1155 | LGA1156 | LGA1200 | LGA1700 | LGA1851 | LGA2011 | LGA2011-3 | LGA2066 | ,Yes - 360 mm ,No 
Jonsbo HX6200D,Jonsbo ,,HX6200D White ,700 - 1800 RPM ,18.6 - 29.7 dB ,White ,63 mm , AM4 | AM5 | LGA1150 | LGA1151 | LGA1155 | LGA1156 | LGA1200 | LGA1700 | LGA1851 | ,No ,No 
ID-COOLING FROZN A410 GDL,ID-COOLING ,,FROZN A410 GDL ,500 - 2000 RPM ,29.9 dB ,Black / Gold ,152 mm , AM4 | AM5 | LGA1150 | LGA1151 | LGA1155 | LGA1156 | LGA1200 | LGA1700 | LGA1851 | ,No ,No 
Thermaltake TOUGHLIQUID Ultra,Thermaltake ,, CL-W323-PL12GM-B | CL-W323-PL12GM-A | ,500 - 2500 RPM ,28.1 dB ,Black ,, AM2 | AM2+ | AM3 | AM3+ | AM4 | AM5 | FM1 | FM2 | FM2+ | LGA1150 | LGA1151 | LGA1155 | LGA1156 | LGA1200 | LGA1366 | LGA1700 | LGA1851 | LGA2011 | LGA2011-3 | LGA2066 | ,Yes - 360 mm ,No 
ID-COOLING IS-55 ARGB,ID-COOLING ,,IS-55 ARGB ,500 - 2000 RPM ,31.2 dB ,Black ,55 mm , AM4 | AM5 | LGA1150 | LGA1151 | LGA1155 | LGA1156 | LGA1200 | LGA1700 | LGA1851 | ,No ,No 
GAMDIAS BOREAS P1-720,GAMDIAS ,,BOREAS P1-720 ,800 - 2000 RPM ,10 - 31 dB ,Black ,158 mm , AM2 | AM2+ | AM3 | AM3+ | AM4 | AM5 | FM1 | FM2 | FM2+ | LGA1150 | LGA1151 | LGA1155 | LGA1156 | LGA1200 | LGA1700 | LGA1851 | LGA2011 | LGA2011-3 | LGA2066 | ,No ,No 
Lian Li Galahad II Trinity SL-INF,Lian Li ,, GA2T24INB | G89.GA2T24INB.00 | ,2100 RPM ,29 dB ,Black ,69 mm , AM4 | AM5 | LGA1150 | LGA1151 | LGA1155 | LGA1156 | LGA1200 | LGA1700 | LGA1851 | ,Yes - 240 mm ,No 
Cooler Master MasterLiquid ML240R RGB,Cooler Master ,MasterLiquid ML240R RGB ,MLX-D24M-A20PC-R1 ,650 - 2000 RPM ,6 - 30 dB ,,, AM2 | AM2+ | AM3 | AM3+ | AM4 | AM5 | FM1 | FM2 | FM2+ | LGA775 | LGA1150 | LGA1151 | LGA1155 | LGA1156 | LGA1200 | LGA1366 | LGA1700 | LGA1851 | LGA2011 | LGA2011-3 | LGA2066 | ,Yes - 240 mm ,No 
Corsair H115i,Corsair ,H115i , CW-9060027-WW | H115i | ,2000 RPM ,40 dB ,,, AM2 | AM2+ | AM3 | AM3+ | AM4 | AM5 | sTR4 | sTRX4 | FM1 | FM2 | FM2+ | LGA1150 | LGA1151 | LGA1155 | LGA1156 | LGA1200 | LGA1366 | LGA2011 | LGA2011-3 | LGA2066 | ,Yes - 280 mm ,No 
Thermaltake Water 3.0 360 ARGB Sync Edition,Thermaltake ,Water 3.0 360 ARGB Sync Edition ,CL-W234-PL12SW-A ,500 - 1500 RPM ,25.8 dB ,Black ,, AM2 | AM2+ | AM3 | AM3+ | AM4 | AM5 | sTR4 | sTRX4 | FM1 | FM2 | FM2+ | LGA1150 | LGA1151 | LGA1155 | LGA1156 | LGA1200 | LGA2011 | LGA2011-3 | LGA2066 | ,Yes - 360 mm ,No 
Thermalright Frost Tower 120,Thermalright ,Frost Tower 120 ,FT120 ,1850 RPM ,29.6 dB ,,154 mm , AM4 | AM5 | LGA1150 | LGA1151 | LGA1155 | LGA1156 | LGA1200 | LGA1700 | LGA1851 | LGA2011 | LGA2011-3 | LGA2066 | ,No ,No 
PC Cooler DS360,PC Cooler ,DS360 , DS360 WH | CPS DS360 WH | ,500 - 2200 RPM ,32 dB ,White ,66 mm , AM4 | AM5 | LGA1150 | LGA1151 | LGA1155 | LGA1156 | LGA1200 | LGA1700 | LGA1851 | LGA2011 | LGA2011-3 | LGA2066 | ,Yes - 360 mm ,No 
Cooler Master MasterLiquid ML240L V2 RGB,Cooler Master ,MasterLiquid ML240L V2 RGB ,MLW-D24M-A18PC-RW ,650 - 1800 RPM ,8 - 27 dB ,White / Black ,, AM2 | AM2+ | AM3 | AM3+ | AM4 | AM5 | FM1 | FM2 | FM2+ | LGA1150 | LGA1151 | LGA1155 | LGA1156 | LGA1200 | LGA1700 | LGA1851 | LGA2011 | LGA2011-3 | LGA2066 | ,Yes - 240 mm ,No 
Deepcool AK500 DIGITAL,Deepcool ,,R-AK500-BKADMN-G ,500 - 1850 RPM ,28 dB ,Black ,160 mm , AM4 | AM5 | LGA1150 | LGA1151 | LGA1155 | LGA1156 | LGA1200 | LGA1700 | LGA1851 | LGA2011 | LGA2011-3 | LGA2066 | ,No ,No 
Alpenföhn BEN NEVIS,Alpenföhn ,BEN NEVIS ,84000000119 ,400 - 1600 RPM ,8 - 20.2 dB ,,140 mm , AM2 | AM2+ | AM3 | AM3+ | AM4 | FM1 | FM2 | FM2+ | LGA1150 | LGA1151 | LGA1155 | LGA1156 | LGA1200 | LGA2011 | LGA2011-3 | LGA2066 | ,No ,No 
be quiet! Dark Rock Pro TR4,be quiet! ,Dark Rock Pro TR4 ,BK023 ,1200 - 1500 RPM ,12.8 - 24.3 dB ,Black ,163 mm , sTR4 | sTRX4 | ,No ,No 
ARCTIC Freezer 4U-M,ARCTIC ,,ACFRE00133A ,400 - 2300 RPM ,40 dB ,Black / Silver ,141 mm , sTR4 | sTRX4 | ,No ,No 
Deepcool Castle 240 RGB V2,Deepcool ,Castle 240 RGB V2 ,DP-GS-H12AR-CSL240V2 ,500 - 1800 RPM ,30 dB ,Black ,, AM2 | AM2+ | AM3 | AM3+ | AM4 | AM5 | sTR4 | sTRX4 | FM1 | FM2 | FM2+ | LGA1150 | LGA1151 | LGA1155 | LGA1156 | LGA1200 | LGA1366 | LGA1700 | LGA1851 | LGA2011 | LGA2011-3 | LGA2066 | ,Yes - 240 mm ,No 
Phanteks GLACIER ONE 420D30,Phanteks ,GLACIER ONE 420D30 ,PH-GO420D30_DBK01 ,250 - 1800 RPM ,29.5 dB ,Black ,51 mm , AM4 | AM5 | sTR4 | sTRX4 | LGA1150 | LGA1151 | LGA1155 | LGA1156 | LGA1200 | LGA1700 | LGA1851 | LGA2011 | LGA2011-3 | LGA2066 | ,Yes - 420 mm ,No 
Cooler Master MasterLiquid Atmos II LCD,Cooler Master ,,MLX-D24M-A25SZ-L1 ,690 - 2500 RPM ,36 dB ,Black ,38 mm , AM4 | AM5 | LGA1150 | LGA1151 | LGA1155 | LGA1156 | LGA1200 | LGA1700 | LGA1851 | ,Yes - 240 mm ,No 
Deepcool LT520 WH,Deepcool ,LT520 WH , R-LT520-WHAMNF-G-1 | LT520 WH | ,500 - 2250 RPM ,32.9 dB ,White ,68 mm , AM4 | AM5 | LGA1150 | LGA1151 | LGA1155 | LGA1156 | LGA1200 | LGA1700 | LGA1851 | LGA2011 | LGA2011-3 | LGA2066 | ,Yes - 240 mm ,No 
Lian Li HydroShift LCD 360R RGB,Lian Li ,HydroShift LCD 360R RGB , HSLCD36RW | GHSLCD36RW | ,300 - 2400 RPM ,30 dB ,White ,59 mm , AM4 | AM5 | LGA1700 | LGA1851 | ,Yes - 360 mm ,No 
ID-COOLING DX240 MAX,ID-COOLING ,,DX240 MAX ,,32.5 dB ,Black ,58 mm , AM4 | AM5 | LGA1150 | LGA1151 | LGA1155 | LGA1156 | LGA1200 | LGA1700 | LGA1851 | ,Yes - 240 mm ,No 
Deepcool LT360 ARGB,Deepcool ,LT360 ARGB ,R-LT360-BKAMNC-G-1 ,600 - 2400 RPM ,38.71 dB ,Black ,68 mm , AM4 | AM5 | LGA1150 | LGA1151 | LGA1155 | LGA1156 | LGA1200 | LGA1700 | LGA1851 | ,Yes - 360 mm ,No 
Asus ROG STRIX LC II ARGB,Asus ,, ROG STRIX LC II 360 ARGB WHITE EDITION | ROG STRIX LC II 360 ARGB WE | 90RC00F2-M0UAY4 | 90RC00F2-M0UAY0 | 90RC00F2-M0UAY2 | ,800 - 2500 RPM ,37.6 dB ,White / Black ,, AM4 | AM5 | LGA1150 | LGA1151 | LGA1155 | LGA1156 | LGA1200 | LGA1700 | LGA1851 | LGA2011-3 Narrow | ,Yes - 360 mm ,No 
Thermalright Elite Vision 360 ARGB,Thermalright ,Elite Vision 360 ARGB , Elite Vision 360 BLACK ARGB | EV360 ARGB BLACK D6-Y | ,2150 RPM ,27 dB ,Black ,63 mm , AM4 | AM5 | LGA1150 | LGA1151 | LGA1155 | LGA1156 | LGA1200 | LGA1700 | LGA1851 | LGA2011 | LGA2011-3 | LGA2066 | ,Yes - 360 mm ,No 
Thermalright Frozen Warframe PRO ARGB,Thermalright ,, Frozen Warframe PRO 360 WHITE ARGB | 814256017879 | ,2000 RPM ,29.8 dB ,White / Blue ,60 mm , AM4 | AM5 | LGA1150 | LGA1151 | LGA1155 | LGA1156 | LGA1200 | LGA1700 | LGA1851 | LGA2011 | LGA2011-3 | LGA2066 | ,Yes - 360 mm ,No 
ID-COOLING DASHFLOW 240 BASIC,ID-COOLING ,DASHFLOW 240 BASIC ,DASHFLOW 240 BASIC WHITE ,700 - 1800 RPM ,15.2 - 35.2 dB ,White ,, AM4 | AM5 | LGA1150 | LGA1151 | LGA1155 | LGA1156 | LGA1200 | LGA1700 | LGA1851 | LGA2011 | LGA2011-3 | LGA2066 | ,Yes - 240 mm ,No 
Deepcool AG400 DIGITAL PLUS,Deepcool ,AG400 DIGITAL PLUS ,R-AG400-BKADMP-G-1 ,500 - 2100 RPM ,31.6 dB ,Black ,153 mm , AM4 | AM5 | LGA1150 | LGA1151 | LGA1155 | LGA1156 | LGA1200 | LGA1700 | LGA1851 | ,No ,No 
Cooler Master Hyper 212 LED,Cooler Master ,Hyper 212 LED ,RR-212L-16PR-R1 ,600 - 1600 RPM ,9 - 31 dB ,,160 mm , AM2 | AM2+ | AM3 | AM3+ | AM4 | FM1 | FM2 | FM2+ | LGA775 | LGA1150 | LGA1151 | LGA1155 | LGA1156 | LGA1200 | LGA1366 | LGA2011 | LGA2011-3 | LGA2066 | ,No ,No 
Silverstone AR12-TUF,Silverstone ,AR12-TUF , SST-AR12-TUF | AR12-TUF | ,300 - 2200 RPM ,6.2 - 34.4 dB ,Black / Orange ,154 mm , AM2 | AM2+ | AM3 | AM3+ | AM4 | AM5 | FM1 | FM2 | FM2+ | LGA775 | LGA1150 | LGA1151 | LGA1155 | LGA1156 | LGA1200 | LGA1366 | LGA1700 | LGA1851 | LGA2011 | LGA2011-3 | LGA2066 | ,No ,No 
Silverstone NovaPeak 360 ARGB,Silverstone ,NovaPeak 360 ARGB ,SST-NP360-ARGB ,500 - 2200 RPM ,12.1 - 33.1 dB ,Black ,63 mm , AM4 | AM5 | LGA1150 | LGA1151 | LGA1155 | LGA1156 | LGA1200 | LGA1700 | LGA1851 | LGA2011 | LGA2011-3 | LGA2066 | ,Yes - 360 mm ,No 
Corsair iCUE H115i ELITE CAPELLIX XT,Corsair ,iCUE H115i ELITE CAPELLIX XT ,CW-9060069-WW ,500 - 1700 RPM ,5 - 33.8 dB ,Black ,, AM4 | AM5 | sTR4 | sTRX4 | LGA1150 | LGA1151 | LGA1155 | LGA1156 | LGA1200 | LGA1700 | LGA1851 | LGA2011 | LGA2011-3 | LGA2066 | ,Yes - 280 mm ,No 
MSI MAG CORELIQUID I240,MSI ,MAG CORELIQUID I240 , MAG CORELIQUID I240 WHITE | CLI240 WT | 306-7ZW7A21-C24 | ,,,White ,62 mm , AM4 | AM5 | LGA1150 | LGA1151 | LGA1155 | LGA1156 | LGA1200 | LGA1700 | LGA1851 | ,Yes - 240 mm ,No 
MSI MPG CORELIQUID K240,MSI ,MPG CORELIQUID K240 , MPG CoreLiquid K240 | 9S6-6A0311-011 | CLK240 | ,,0 - 39.9 dB ,Black ,, AM2 | AM2+ | AM3 | AM3+ | AM4 | AM5 | FM1 | FM2 | FM2+ | LGA1150 | LGA1151 | LGA1155 | LGA1156 | LGA1200 | LGA1366 | LGA1700 | LGA1851 | LGA2011 | LGA2011-3 | LGA2066 | ,Yes - 240 mm ,No 
Thermaltake Water 3.0 120 ARGB Sync,Thermaltake ,Water 3.0 120 ARGB Sync ,CL-W232-PL12SW-A ,500 - 1500 RPM ,25.8 dB ,Black ,, AM2 | AM2+ | AM3 | AM3+ | AM4 | AM5 | FM1 | FM2 | FM2+ | LGA1150 | LGA1151 | LGA1155 | LGA1156 | LGA1200 | LGA1366 | LGA2011 | LGA2011-3 | LGA2066 | ,Yes - 120 mm ,No 
Phanteks GLACIER ONE 360D30,Phanteks ,GLACIER ONE 360D30 ,PH-GO360D30_DBK01 ,250 - 2000 RPM ,30.2 dB ,Black ,51 mm , AM4 | AM5 | sTR4 | sTRX4 | LGA1150 | LGA1151 | LGA1155 | LGA1156 | LGA1200 | LGA1700 | LGA1851 | LGA2011 | LGA2011-3 | LGA2066 | ,Yes - 360 mm ,No 
Intel BXXTS100H,Intel ,,BXXTS100H ,800 - 1800 RPM ,20 - 35 dB ,,130 mm , LGA1150 | LGA1151 | LGA1155 | LGA1156 | LGA1200 | ,No ,No 
ARCTIC Liquid Freezer II 120,ARCTIC ,Liquid Freezer II 120 ,ACFRE00067A ,200 - 1800 RPM ,,Black ,, AM4 | AM5 | LGA1150 | LGA1151 | LGA1155 | LGA1156 | LGA1200 | LGA1700 | LGA1851 | LGA2011 | LGA2011-3 | LGA2066 | ,Yes - 120 mm ,No 
EK AIO 360 D-RGB,EK ,AIO 360 D-RGB , EK-AIO 360 D-RGB | 3831109815847 | ,450 - 2600 RPM ,36.4 dB ,Black ,, AM4 | AM5 | LGA1150 | LGA1151 | LGA1155 | LGA1156 | LGA1200 | LGA1700 | LGA1851 | LGA2011 | LGA2011-3 | LGA2066 | ,Yes - 360 mm ,No 
be quiet! Pure Loop 360,be quiet! ,Pure Loop 360 ,BW008 ,,19.8 - 40.5 dB ,Black ,, AM2 | AM2+ | AM3 | AM3+ | AM4 | AM5 | FM1 | FM2 | FM2+ | LGA1150 | LGA1151 | LGA1155 | LGA1156 | LGA1200 | LGA1700 | LGA1851 | LGA2011 | LGA2011-3 | LGA2066 | ,Yes - 360 mm ,No 
Thermalright Assassin King 120,Thermalright ,Assassin King 120 ,AK120 WHITE ,1500 RPM ,25.6 dB ,White / Silver ,154 mm , AM4 | LGA1150 | LGA1151 | LGA1155 | LGA1156 | LGA1200 | LGA1700 | LGA1851 | LGA2011 | LGA2011-3 | LGA2066 | ,No ,No 
Antec VORTEX 240,Antec ,VORTEX 240 , 0-761345-74046-3 | VORTEX 240 ARGB | ,600 - 2000 RPM ,31.24 dB ,Black ,, AM2 | AM2+ | AM3 | AM3+ | AM4 | AM5 | FM1 | FM2 | FM2+ | LGA1150 | LGA1151 | LGA1155 | LGA1156 | LGA1200 | LGA1700 | LGA1851 | LGA2011 | LGA2011-3 | LGA2066 | ,Yes - 240 mm ,No 
ID-COOLING SE-207-XT SLIM,ID-COOLING ,,SE-207-XT SLIM ,700 - 1800 RPM ,15.2 - 35.2 dB ,,135 mm , AM4 | AM5 | LGA1150 | LGA1151 | LGA1155 | LGA1156 | LGA1200 | LGA1700 | LGA1851 | LGA2011 | LGA2011-3 | LGA2066 | ,No ,No 
Enermax LIQMAXFLO 420,Enermax ,LIQMAXFLO 420 ,ELC-LMF420T-ARGB ,500 - 1700 RPM ,25.47 dB ,Black ,, AM4 | AM5 | LGA1150 | LGA1151 | LGA1155 | LGA1156 | LGA1200 | LGA1366 | LGA1700 | LGA1851 | LGA2011 | LGA2011-3 | LGA2066 | ,Yes - 420 mm ,No 
Thermalright Frozen Warframe ARGB,Thermalright ,,Frozen Warframe 420 BLACK ARGB ,1750 RPM ,29.8 dB ,Black ,, AM4 | AM5 | LGA1150 | LGA1151 | LGA1155 | LGA1156 | LGA1200 | LGA1700 | LGA1851 | LGA2011 | LGA2011-3 | LGA2066 | ,Yes - 420 mm ,No 
Silverstone VIDA 240 SLIM,Silverstone ,VIDA 240 SLIM ,SST-VD240-SLIM ,300 - 1800 RPM ,15.9 - 33.9 dB ,Black ,, AM4 | AM5 | LGA1150 | LGA1151 | LGA1155 | LGA1156 | LGA1200 | LGA1700 | LGA1851 | LGA2011 | LGA2011-3 | LGA2066 | ,Yes - 240 mm ,No 
Thermaltake TOUGHAIR 110,Thermaltake ,TOUGHAIR 110 ,CL-P073-AL12BL-A ,500 - 2000 RPM ,23.6 dB ,Black / Silver ,114 mm , AM2 | AM2+ | AM3 | AM3+ | AM4 | AM5 | FM1 | FM2 | FM2+ | LGA1150 | LGA1151 | LGA1155 | LGA1156 | LGA1200 | LGA1700 | LGA1851 | ,No ,No 
Deepcool AK400 G2,Deepcool ,,R-AK400G2-BKNNMN-GJD ,2200 RPM ,31.45 dB ,Black / Brown ,156 mm , AM4 | AM5 | LGA1150 | LGA1151 | LGA1155 | LGA1156 | LGA1200 | LGA1700 | LGA1851 | ,No ,No 
ARCTIC Liquid Freezer II 360 A-RGB,ARCTIC ,Liquid Freezer II 360 A-RGB ,ACFRE00101A ,200 - 1800 RPM ,22.5 dB ,Black / Gray ,, AM4 | AM5 | LGA1150 | LGA1151 | LGA1155 | LGA1156 | LGA1200 | LGA1700 | LGA1851 | LGA2011 | LGA2011-3 | LGA2066 | ,Yes - 360 mm ,No 
Cooler Master Masterliquid 360 Atmos,Cooler Master ,Masterliquid 360 Atmos ,MLX-D36M-A25PZ-RW ,690 - 2500 RPM ,27.2 dB ,White ,, AM4 | AM5 | LGA1150 | LGA1151 | LGA1155 | LGA1156 | LGA1200 | LGA1700 | LGA1851 | ,Yes - 360 mm ,No 
Deepcool LE720,Deepcool ,LE720 ,R-LE720-WHAMMN-G-1 ,500 - 2250 RPM ,32.9 dB ,White ,52 mm , AM4 | AM5 | LGA1150 | LGA1151 | LGA1155 | LGA1156 | LGA1200 | LGA1700 | LGA1851 | ,Yes - 360 mm ,No 
Scythe Fuma 2 Rev.B,Scythe ,Fuma 2 Rev.B ,SCFM-2100 ,300 - 1500 RPM ,2.58 - 23.8 dB ,Black / Silver ,154 mm , AM2 | AM2+ | AM3 | AM3+ | AM4 | AM5 | FM1 | FM2 | FM2+ | LGA1150 | LGA1151 | LGA1155 | LGA1156 | LGA1200 | LGA1700 | LGA1851 | LGA2011 | LGA2011-3 | LGA2066 | ,No ,No 
ID-COOLING SE-225-XT,ID-COOLING ,SE-225-XT ,SE-225-XT Black ,700 - 1800 RPM ,15.2 - 35.2 dB ,Black ,154 mm , AM4 | AM5 | LGA1150 | LGA1151 | LGA1155 | LGA1156 | LGA1200 | LGA1700 | LGA1851 | LGA2011 | LGA2011-3 | LGA2066 | ,No ,No 
Thermaltake TH420 V2 ARGB Sync,Thermaltake ,TH420 V2 ARGB Sync ,CL-W376-PL14SW-A ,500 - 1800 RPM ,34.7 dB ,Black ,, AM2 | AM2+ | AM3 | AM3+ | AM4 | AM5 | FM1 | FM2 | FM2+ | LGA1150 | LGA1151 | LGA1155 | LGA1156 | LGA1200 | LGA1700 | LGA1851 | LGA2011 | LGA2011-3 | LGA2066 | ,Yes - 420 mm ,No 
ID-COOLING SL240,ID-COOLING ,,SL240 ,500 - 2000 RPM ,29.9 dB ,Black ,58 mm , AM4 | AM5 | LGA1150 | LGA1151 | LGA1155 | LGA1156 | LGA1200 | LGA1700 | LGA1851 | LGA2011 | LGA2011-3 | LGA2066 | ,Yes - 240 mm ,No 
GAMDIAS CHIONE M4-240,GAMDIAS ,CHIONE M4-240 ,GD-CHIONE M4-240 ,800 - 2000 RPM ,11 - 29 dB ,Black ,, AM2 | AM2+ | AM3 | AM3+ | AM4 | AM5 | FM1 | FM2 | FM2+ | LGA1150 | LGA1151 | LGA1155 | LGA1156 | LGA1200 | LGA1366 | LGA1700 | LGA1851 | LGA2011 | LGA2011-3 | LGA2066 | ,Yes - 240 mm ,No 
Silverstone Krypton KR01,Silverstone ,Krypton KR01 ,SST-KR01 ,800 - 3000 RPM ,33 dB ,Black / Silver ,54 mm , AM2 | AM2+ | AM3 | AM3+ | AM4 | AM5 | FM1 | FM2 | FM2+ | ,No ,No 
MSI Core Frozr XL,MSI ,, Core Frozr XL | E32-0802070-A87 | ,500 - 1800 RPM ,17.2 - 33.6 dB ,Black / Red ,170 mm , AM2 | AM2+ | AM3 | AM3+ | AM4 | FM1 | FM2 | FM2+ | LGA775 | LGA1150 | LGA1151 | LGA1155 | LGA1156 | LGA1200 | LGA1366 | LGA2011 | LGA2011-3 | LGA2066 | ,No ,No 
Valkyrie SYN,Valkyrie ,,VK-E360-W ,800 - 2150 RPM ,29 dB ,White / Blue ,, AM4 | AM5 | LGA1150 | LGA1151 | LGA1155 | LGA1156 | LGA1200 | LGA1700 | LGA1851 | LGA2011 | LGA2011-3 | LGA2066 | ,Yes - 360 mm ,No 
Xilence A200,Xilence ,A200 , XC033 | A200 | ,2200 RPM ,32 dB ,Black / Silver ,69 mm ,AM4 ,No ,No 
Corsair iCUE H115i RGB ELITE,Corsair ,iCUE H115i RGB ELITE ,CW-9060059-WW ,400 - 1600 RPM ,19 - 35.8 dB ,Black ,, AM4 | AM5 | sTR4 | sTRX4 | LGA1150 | LGA1151 | LGA1155 | LGA1156 | LGA1200 | LGA1366 | LGA1700 | LGA1851 | LGA2011 | LGA2011-3 | LGA2066 | ,Yes - 280 mm ,No 
ID-COOLING SPACE LCD,ID-COOLING ,,SL360 XE WHITE ,500 - 1800 RPM ,35.2 dB ,White ,, AM4 | AM5 | LGA1150 | LGA1151 | LGA1155 | LGA1156 | LGA1200 | LGA1700 | LGA1851 | LGA2011 | LGA2011-3 | LGA2066 | ,Yes - 360 mm ,No 
Mars Gaming MCPU-X5,Mars Gaming ,,MCPUX5W ,800 - 2000 RPM ,9 - 28 dB ,White ,154 mm , AM4 | AM5 | LGA1150 | LGA1151 | LGA1155 | LGA1156 | LGA1200 | LGA1366 | LGA1700 | LGA1851 | ,No ,No 
Deepcool GAMMAXX L240 V2,Deepcool ,GAMMAXX L240 V2 ,DP-H12RF-GL240V2 ,500 - 1800 RPM ,30 dB ,Black / White ,, AM2 | AM2+ | AM3 | AM3+ | AM4 | AM5 | FM1 | FM2 | FM2+ | LGA1150 | LGA1151 | LGA1155 | LGA1156 | LGA1200 | LGA1366 | LGA1700 | LGA1851 | LGA2011 | LGA2011-3 | LGA2066 | ,Yes - 240 mm ,No 
Vetroo V360,Vetroo ,V360 ,VT-AIO-V360-WT ,800 - 1800 RPM ,30.8 dB ,White / Gray ,, AM2 | AM2+ | AM3 | AM3+ | AM4 | AM5 | FM1 | FM2 | FM2+ | LGA1150 | LGA1151 | LGA1155 | LGA1156 | LGA1200 | LGA1700 | LGA1851 | LGA2011 | LGA2011-3 | LGA2066 | ,Yes - 360 mm ,No 
ID-COOLING SE-214-XT BASIC,ID-COOLING ,,SE-214-XT BASIC ,700 - 1800 RPM ,35.2 dB ,Gray / Silver ,150 mm , AM4 | AM5 | LGA1150 | LGA1151 | LGA1155 | LGA1156 | LGA1200 | LGA1700 | LGA1851 | ,No ,No 
Alphacool Core Ocean T38,Alphacool ,,13052 ,,0 - 34.3 dB ,Black ,, AM4 | AM5 | LGA1150 | LGA1151 | LGA1155 | LGA1156 | LGA1200 | LGA1700 | LGA1851 | LGA2011 | LGA2011-3 | LGA2066 | ,Yes - 360 mm ,No 
ARCTIC Freezer 50 TR (w/ARGB Controller),ARCTIC ,Freezer 50 TR (w/ARGB Controller) ,ACFRE00070A ,200 - 1800 RPM ,23.5 dB ,Black ,165 mm , sTR4 | sTRX4 | LGA1700 | LGA1851 | ,No ,No 
Geometric Future Eskimo Pro 42,Geometric Future ,Eskimo Pro 42 ,GEO-EP-42W ,2400 RPM ,34.2 dB ,White ,54 mm , AM4 | AM5 | LGA1150 | LGA1151 | LGA1155 | LGA1156 | LGA1200 | LGA1700 | LGA1851 | LGA2011 | LGA2011-3 | LGA2066 | ,Yes - 420 mm ,No 
Noctua NH-D15 SE-AM4,Noctua ,,NH-D15 SE-AM4 ,1200 - 1500 RPM ,19.2 - 24.6 dB ,,165 mm , AM2 | AM2+ | AM3 | AM3+ | AM4 | AM5 | FM1 | FM2 | FM2+ | LGA775 | LGA1150 | LGA1151 | LGA1155 | LGA1156 | LGA1200 | LGA1366 | LGA1700 | LGA1851 | LGA2011 | LGA2011-3 | LGA2066 | ,No ,No 
NZXT Kraken 280 RGB,NZXT ,Kraken 280 RGB ,RL-KR280-W1 ,500 - 1500 RPM ,34.48 dB ,White ,56 mm , AM4 | AM5 | sTR4 | sTRX4 | LGA1150 | LGA1151 | LGA1155 | LGA1156 | LGA1200 | LGA1700 | LGA1851 | ,Yes - 280 mm ,No 
Cooler Master Hyper TX3 EVO,Cooler Master ,Hyper TX3 EVO ,RR-TX3E-28PK-R1 ,800 - 2800 RPM ,17 - 35 dB ,,136 mm , AM2 | AM2+ | AM3 | AM3+ | AM4 | FM1 | FM2 | FM2+ | LGA775 | LGA1150 | LGA1151 | LGA1155 | LGA1156 | LGA1200 | LGA1366 | ,No ,No 
NZXT Kraken X62 Rev 2,NZXT ,Kraken X62 Rev 2 ,RL-KRX62-02 ,500 - 1800 RPM ,21 - 38 dB ,,, AM2 | AM2+ | AM3 | AM3+ | AM4 | AM5 | sTR4 | sTRX4 | FM1 | FM2 | FM2+ | LGA1150 | LGA1151 | LGA1155 | LGA1156 | LGA1200 | LGA1366 | LGA1700 | LGA1851 | LGA2011 | LGA2011-3 | LGA2066 | ,Yes - 280 mm ,No 
be quiet! Silent Loop 2 240,be quiet! ,Silent Loop 2 240 ,BW010 ,2200 RPM ,16.8 - 38.3 dB ,Black ,, AM2 | AM2+ | AM3 | AM3+ | AM4 | AM5 | FM1 | FM2 | FM2+ | LGA1150 | LGA1151 | LGA1155 | LGA1156 | LGA1200 | LGA1700 | LGA1851 | LGA2011 | LGA2011-3 | LGA2066 | ,Yes - 240 mm ,No 
Deepcool AG500 BK ARGB,Deepcool ,, AG500 BK ARGB | R-AG500-BKANMN-G-1 | ,300 - 1850 RPM ,29.4 dB ,Black ,155 mm , AM4 | AM5 | LGA1150 | LGA1151 | LGA1155 | LGA1156 | LGA1200 | LGA1700 | LGA1851 | ,No ,No 
EVGA CLC 360,EVGA ,CLC 360 ,400-HY-CL36-V1 ,500 - 2400 RPM ,16 - 39.9 dB ,Black ,, AM2 | AM2+ | AM3 | AM3+ | AM4 | sTR4 | sTRX4 | FM1 | FM2 | FM2+ | LGA1150 | LGA1151 | LGA1155 | LGA1156 | LGA1200 | LGA1366 | LGA1700 | LGA1851 | LGA2011 | LGA2011-3 | LGA2066 | ,Yes - 360 mm ,No 
Asus TUF GAMING LC 240 ARGB,Asus ,, TUF GAMING LC 240 ARGB | 90RC00G1-M0AAY0 | 90RC00G1-M0UAY0 | CPCA-TUF-240-LCARGB1 | 90RC00G1-M0UAY1 | ,800 - 2000 RPM ,29 dB ,Black ,, AM4 | AM5 | LGA1150 | LGA1151 | LGA1155 | LGA1156 | LGA1200 | LGA1366 | LGA1700 | LGA1851 | ,Yes - 240 mm ,No 
Asus ROG Ryujin III,Asus ,, ROG RYUJIN III 360 ARGB WHT | 90RC00L2-M0AAY0 | 90RC00L2-M0UAY0 | ,600 - 2200 RPM ,36.45 dB ,White ,, AM4 | AM5 | LGA1150 | LGA1151 | LGA1155 | LGA1156 | LGA1200 | LGA1700 | LGA1851 | ,Yes - 360 mm ,No 
TRYX PANORAMA ARGB (2024),TRYX ,, L-P240A-AS2M-G0K | PANORAMA ARGB 240 Black | ,500 - 1850 RPM ,27.86 dB ,Black ,116 mm , AM4 | AM5 | LGA1150 | LGA1151 | LGA1155 | LGA1156 | LGA1200 | LGA1700 | LGA1851 | ,Yes - 240 mm ,No 
ENDORFY Fera 5 Black,ENDORFY ,Fera 5 Black ,EY3A011 ,250 - 1800 RPM ,,Black ,155 mm , AM2 | AM2+ | AM3 | AM3+ | AM4 | AM5 | FM1 | FM2 | FM2+ | LGA1150 | LGA1151 | LGA1155 | LGA1156 | LGA1200 | LGA1700 | LGA1851 | LGA2011 | LGA2011-3 | LGA2066 | ,No ,No 
Fractal Design Celsius S24,Fractal Design ,Celsius S24 , FD-WCU-CELSIUS-S24-BK | WCU-CELSIUS-S24-BK | ,500 - 2000 RPM ,32.2 dB ,,, AM2 | AM2+ | AM3 | AM3+ | AM4 | AM5 | sTR4 | sTRX4 | FM1 | FM2 | FM2+ | LGA1150 | LGA1151 | LGA1155 | LGA1156 | LGA1200 | LGA1366 | LGA1700 | LGA1851 | LGA2011 | LGA2011-3 | LGA2066 | ,Yes - 240 mm ,No 
Thermalright SI-100 WHITE ARGB,Thermalright ,,SI-100 WHITE ARGB ,2000 RPM ,27.7 dB ,White ,100 mm , AM4 | AM5 | LGA1150 | LGA1151 | LGA1155 | LGA1156 | LGA1200 | LGA1700 | LGA1851 | LGA2011 | LGA2011-3 | LGA2066 | ,No ,No 
ID-COOLING PINKFLOW 360,ID-COOLING ,,PINKFLOW 360 ,900 - 2000 RPM ,16.3 - 33.5 dB ,Pink ,, AM4 | AM5 | LGA1150 | LGA1151 | LGA1155 | LGA1156 | LGA1200 | LGA1700 | LGA1851 | LGA2011 | LGA2011-3 | LGA2066 | ,Yes - 360 mm ,No 
upHere UE2KC6,upHere ,, UE2KC6 | UE2KC6 US | ,600 - 1650 RPM ,25 dB ,Black ,155 mm , AM2 | AM2+ | AM3 | AM3+ | AM4 | AM5 | FM1 | FM2 | FM2+ | LGA1150 | LGA1151 | LGA1155 | LGA1156 | LGA1200 | LGA1366 | LGA1700 | LGA1851 | ,No ,No 
Thermalright Frozen Warframe ARGB,Thermalright ,,Frozen Warframe 240 WHITE ARGB ,2000 RPM ,22.1 dB ,White ,, AM4 | AM5 | LGA1150 | LGA1151 | LGA1155 | LGA1156 | LGA1200 | LGA1700 | LGA1851 | LGA2011 | LGA2011-3 | LGA2066 | ,Yes - 240 mm ,No 
Silverstone AR12 RGB,Silverstone ,AR12 RGB ,SST-AR12-RGB ,700 - 2200 RPM ,9 - 29 dB ,Silver / Black ,154 mm , AM2 | AM2+ | AM3 | AM3+ | AM4 | AM5 | FM1 | FM2 | FM2+ | LGA1150 | LGA1151 | LGA1155 | LGA1156 | LGA1200 | LGA2011 | LGA2011-3 | LGA2066 | ,No ,No 
Cooler Master Hyper 212 Black Edition,Cooler Master ,Hyper 212 Black Edition ,RR-212S-20PK-R2 ,800 - 2000 RPM ,6.5 - 26 dB ,,159 mm , AM2 | AM2+ | AM3 | AM3+ | AM4 | AM5 | FM1 | FM2 | FM2+ | LGA1150 | LGA1151 | LGA1155 | LGA1156 | LGA1200 | LGA1366 | LGA1700 | LGA1851 | LGA2011 | LGA2011-3 | LGA2066 | ,No ,No 
CRYORIG H7 Quad Lumi,CRYORIG ,, H7 Quad Lumi | CR-H7QLA | ,330 - 1600 RPM ,10 - 25 dB ,,145 mm , AM2 | AM2+ | AM3 | AM3+ | AM4 | FM1 | FM2 | FM2+ | LGA1150 | LGA1151 | LGA1155 | LGA1156 | LGA1200 | LGA1700 | LGA1851 | LGA2011 | LGA2011-3 | LGA2066 | ,No ,No 
Akasa Vegas Chroma AM,Akasa ,Vegas Chroma AM ,AK-CC1106HP01 ,500 - 1800 RPM ,32.5 dB ,Black ,63 mm , AM2 | AM2+ | AM3 | AM3+ | AM4 | FM1 | FM2 | FM2+ | ,No ,No 
Cooler Master MasterLiquid ML360L ARGB V2,Cooler Master ,MasterLiquid ML360L ARGB V2 ,MLW-D36M-A18PW-RW ,650 - 1800 RPM ,8 - 27 dB ,White ,, AM2 | AM2+ | AM3 | AM3+ | AM4 | AM5 | FM1 | FM2 | FM2+ | LGA1150 | LGA1151 | LGA1155 | LGA1156 | LGA1200 | LGA1700 | LGA1851 | LGA2011 | LGA2011-3 | LGA2066 | ,Yes - 360 mm ,No 
Asus ROG STRIX LC 240 RGB,Asus ,, ROG STRIX LC 240 RGB | 90RC0061-M0AAY0 | 90RC0061-M0UAY0 | ,800 - 2500 RPM ,37.6 dB ,Black ,, AM4 | AM5 | sTR4 | sTRX4 | LGA1150 | LGA1151 | LGA1155 | LGA1156 | LGA1200 | LGA1366 | LGA2011 | LGA2011-3 | LGA2066 | ,Yes - 240 mm ,No 
Aerocool Cylon 4,Aerocool ,Cylon 4 ,ACTC-CL30410.01 ,800 - 1800 RPM ,14 - 26 dB ,Black ,155 mm , AM2 | AM2+ | AM3 | AM3+ | AM4 | FM1 | FM2 | FM2+ | LGA775 | LGA1150 | LGA1151 | LGA1155 | LGA1156 | LGA1200 | LGA2011 | LGA2011-3 | LGA2066 | ,No ,No 
Corsair iCUE LINK H170i RGB,Corsair ,iCUE LINK H170i RGB ,CW-9061004-WW ,400 - 2000 RPM ,,Black ,, AM4 | AM5 | LGA1150 | LGA1151 | LGA1155 | LGA1156 | LGA1200 | LGA1700 | LGA1851 | ,Yes - 420 mm ,No 
Scythe Ninja 5,Scythe ,,SCNJ-5000 ,300 - 800 RPM ,4 - 14.5 dB ,Black ,155 mm , AM4 | AM5 | LGA775 | LGA1150 | LGA1151 | LGA1155 | LGA1156 | LGA1200 | LGA1366 | LGA1700 | LGA1851 | LGA2011 | LGA2011-3 | LGA2066 | ,No ,No 
Deepcool THETA 20 PWM,Deepcool ,,THETA 20 PWM ,900 - 2400 RPM ,17.8 - 32.5 dB ,Black / Silver ,60 mm , LGA1150 | LGA1151 | LGA1155 | LGA1156 | LGA1200 | ,No ,No 
ARCTIC Liquid Freezer II 240 A-RGB,ARCTIC ,Liquid Freezer II 240 A-RGB ,ACFRE00093A ,200 - 1800 RPM ,22.5 dB ,Black / Gray ,, AM4 | AM5 | LGA1150 | LGA1151 | LGA1155 | LGA1156 | LGA1200 | LGA1700 | LGA1851 | LGA2011 | LGA2011-3 | LGA2066 | ,Yes - 240 mm ,No 
GAMDIAS CHIONE E4,GAMDIAS ,, E4-420 WH | CHIONE E4-420 WH | ,450 - 1800 RPM ,11 - 35.2 dB ,White ,, AM2 | AM2+ | AM3 | AM3+ | AM4 | AM5 | FM1 | FM2 | FM2+ | LGA1150 | LGA1151 | LGA1155 | LGA1156 | LGA1200 | LGA1700 | LGA1851 | LGA2011 | LGA2011-3 | LGA2066 | ,Yes - 420 mm ,No 
ASRock Pro ARGB,ASRock ,, 90-APRA36-WAAGA6 | Pro White 360 ARGB | ,,31 dB ,White ,54 mm , AM4 | AM5 | LGA1700 | LGA1851 | ,Yes - 360 mm ,No 
Xilence A404T,Xilence ,A404T , XC040 | A404T | ,600 - 2200 RPM ,14 - 21.8 dB ,Red / Black ,55 mm , AM4 | AM5 | ,No ,No 
Jonsbo CR-1400 EVO Color Black,Jonsbo ,, CR-1400 EVO Color Black | CR-1400 EVO COLOR | ,800 - 2200 RPM ,22.3 - 33.8 dB ,Black ,130 mm , AM4 | AM5 | LGA1150 | LGA1151 | LGA1155 | LGA1156 | LGA1200 | LGA1700 | LGA1851 | ,No ,No 
Cougar Poseidon Elite ARGB 360,Cougar ,Poseidon Elite ARGB 360 , 3MPSD360.0001 | CGR-PSDELRGB-B-360 | Poseidon Elite ARGB 360 | ,500 - 2200 RPM ,33.5 dB ,Black ,51 mm , AM2 | AM2+ | AM3 | AM3+ | AM4 | AM5 | FM1 | FM2 | FM2+ | LGA1150 | LGA1151 | LGA1155 | LGA1156 | LGA1200 | LGA1366 | LGA1700 | LGA1851 | ,Yes - 360 mm ,No 
ARCTIC Alpine 12 LP,ARCTIC ,Alpine 12 LP , ACALP00029A | ACFAN00029A | ,100 - 2000 RPM ,,Black / White ,54 mm , LGA1150 | LGA1151 | LGA1155 | LGA1156 | LGA1200 | ,No ,No 
Gigabyte AORUS WATERFORCE X,Gigabyte ,, AORUS WATERFORCE X 360 | GP-AORUS WATERFORCE X 360 | GP-AWATERFORCEX360 | ,800 - 2500 RPM ,7.9 - 37.6 dB ,Black ,, AM4 | AM5 | sTR4 | sTRX4 | LGA1150 | LGA1151 | LGA1155 | LGA1156 | LGA1200 | LGA1366 | LGA1700 | LGA1851 | LGA2011 | LGA2011-3 | LGA2066 | ,Yes - 360 mm ,No 
Intel BXRTS2011LC,Intel ,,BXRTS2011LC ,2200 RPM ,,,, LGA1150 | LGA1151 | LGA1155 | LGA1156 | LGA1200 | LGA1366 | LGA2011 | LGA2011-3 | LGA2066 | ,Yes - 120 mm ,No 
EK AIO Basic 360,EK ,AIO Basic 360 , EK-AIO Basic 360 | AIO-BASIC-360 | 3831109832509 | ,550 - 2200 RPM ,33.5 dB ,Black ,53 mm , AM4 | AM5 | LGA1150 | LGA1151 | LGA1155 | LGA1156 | LGA1200 | LGA1700 | LGA1851 | LGA2011 | LGA2011-3 | LGA2066 | ,Yes - 360 mm ,No 
Corsair iCUE H100i ELITE LCD,Corsair ,iCUE H100i ELITE LCD ,CW-9060061-WW ,450 - 2000 RPM ,10 - 30.4 dB ,Black ,, AM2 | AM2+ | AM3 | AM3+ | AM4 | AM5 | sTR4 | sTRX4 | FM1 | FM2 | FM2+ | LGA1150 | LGA1151 | LGA1155 | LGA1156 | LGA1200 | LGA1366 | LGA1700 | LGA1851 | LGA2011 | LGA2011-3 | LGA2066 | ,Yes - 240 mm ,No 
ARCTIC Freezer A35 A-RGB,ARCTIC ,Freezer A35 A-RGB ,ACFRE00115A ,200 - 1700 RPM ,,Black ,158 mm , AM4 | AM5 | ,No ,No 
Jonsbo CR-1400 V2 ARGB,Jonsbo ,CR-1400 V2 ARGB ,CR-1400 V2 ARGB White ,800 - 2200 RPM ,22.3 - 33.8 dB ,White ,133 mm , AM4 | AM5 | LGA1150 | LGA1151 | LGA1155 | LGA1156 | LGA1200 | LGA1700 | LGA1851 | ,No ,No 
ARCTIC Freezer 8i CO,ARCTIC ,Freezer 8i CO ,ACFRE00191A ,200 - 2300 RPM ,,Black / Silver ,136 mm , LGA1700 | LGA1851 | ,No ,No 
Dynatron R25,Dynatron ,,R25 ,1000 - 7000 RPM ,21.5 - 59.14 dB ,,28 mm ,LGA2011-3 Narrow ,No ,No 
be quiet! Dark Rock 3,be quiet! ,Dark Rock 3 ,BK018 ,400 - 1400 RPM ,8.4 - 21.1 dB ,,160 mm , AM2 | AM2+ | AM3 | AM3+ | AM4 | FM1 | FM2 | FM2+ | LGA775 | LGA1150 | LGA1151 | LGA1155 | LGA1156 | LGA1200 | LGA1366 | LGA2011 | LGA2011-3 | LGA2066 | ,No ,No 
upHere UE2TC6,upHere ,, UE2TC6 | UE2TC6 US | ,600 - 1650 RPM ,25 dB ,White ,155 mm , AM2 | AM2+ | AM3 | AM3+ | AM4 | AM5 | FM1 | FM2 | FM2+ | LGA1150 | LGA1151 | LGA1155 | LGA1156 | LGA1200 | LGA1366 | LGA1700 | LGA1851 | ,No ,No 
ARCTIC Freezer i35 A-RGB,ARCTIC ,Freezer i35 A-RGB ,ACFRE00104A ,200 - 1700 RPM ,,Black ,158 mm , LGA1150 | LGA1151 | LGA1155 | LGA1156 | LGA1200 | LGA1700 | LGA1851 | ,No ,No 
Cooler Master MasterLiquid PL240 FLUX,Cooler Master ,MasterLiquid PL240 FLUX ,MLY-D24M-A23PZ-R1 ,,32 dB ,Black ,, AM2 | AM2+ | AM3 | AM3+ | AM4 | AM5 | sTR4 | sTRX4 | FM1 | FM2 | FM2+ | LGA1150 | LGA1151 | LGA1155 | LGA1156 | LGA1200 | LGA1700 | LGA1851 | LGA2011 | LGA2011-3 | LGA2066 | ,Yes - 240 mm ,No 
Gelid Solutions Tranquillo Rev. 5,Gelid Solutions ,Tranquillo Rev. 5 ,CC-TRANQ-05-A ,900 - 2000 RPM ,26.5 dB ,Black ,154 mm , AM2 | AM2+ | AM3 | AM3+ | AM4 | AM5 | FM1 | FM2 | FM2+ | LGA775 | LGA1150 | LGA1151 | LGA1155 | LGA1156 | LGA1200 | LGA1366 | LGA1700 | LGA1851 | LGA2011 | LGA2011-3 | LGA2066 | ,No ,No 
Thermaltake TH120 V2 ARGB Sync,Thermaltake ,TH120 V2 ARGB Sync ,CL-W363-PL12SW-A ,500 - 2000 RPM ,25.8 dB ,White ,, AM2 | AM2+ | AM3 | AM3+ | AM4 | AM5 | FM1 | FM2 | FM2+ | LGA1150 | LGA1151 | LGA1155 | LGA1156 | LGA1200 | LGA1700 | LGA1851 | LGA2011 | LGA2011-3 | LGA2066 | ,Yes - 120 mm ,No 
ASRock Challenger Digital,ASRock ,, 90-ACLA24-BAAGA6 | Challenger 240 Digital | ,,31 dB ,Black ,54 mm , AM4 | AM5 | LGA1700 | LGA1851 | ,Yes - 240 mm ,No 
Corsair H55,Corsair ,, H55 | CW-9060010-WW | ,1700 RPM ,30.32 dB ,,, AM2 | AM2+ | AM3 | AM3+ | AM4 | FM1 | FM2 | FM2+ | LGA1150 | LGA1151 | LGA1155 | LGA1156 | LGA1200 | LGA1366 | LGA2011 | LGA2011-3 | LGA2066 | ,Yes - 120 mm ,No 
Gigabyte AORUS LIQUID COOLER,Gigabyte ,, AORUS LIQUID COOLER 360 | GP-AORUS LIQUID COOLER 360 | GP-ALQCO360 | ,2500 RPM ,18 - 39.5 dB ,Black ,, AM4 | AM5 | sTR4 | sTRX4 | LGA1150 | LGA1151 | LGA1155 | LGA1156 | LGA1200 | LGA1366 | LGA2011 | LGA2011-3 | LGA2066 | ,Yes - 360 mm ,No 
Alpenföhn Glacier Water 360 High Speed,Alpenföhn ,Glacier Water 360 High Speed ,84000000182 ,500 - 2200 RPM ,36.8 dB ,Black ,, AM2 | AM2+ | AM3 | AM3+ | AM4 | AM5 | sTR4 | sTRX4 | FM1 | FM2 | FM2+ | LGA1150 | LGA1151 | LGA1155 | LGA1156 | LGA1200 | LGA1366 | LGA2011 | LGA2011-3 | LGA2066 | ,Yes - 360 mm ,No 
Deepcool LQ360,Deepcool ,LQ360 ,R-LQ360-WHDSMC-G-1 ,600 - 2150 RPM ,32 dB ,White ,64 mm , AM4 | AM5 | LGA1150 | LGA1151 | LGA1155 | LGA1156 | LGA1200 | LGA1700 | LGA1851 | ,Yes - 360 mm ,No 
TRYX STAGE,TRYX ,,L-S360A-DM3M-G0K ,500 - 1850 RPM ,28.87 dB ,Black ,, AM4 | AM5 | LGA1150 | LGA1151 | LGA1155 | LGA1156 | LGA1200 | LGA1700 | LGA1851 | ,Yes - 360 mm ,No 
GAMDIAS CHIONE E4,GAMDIAS ,, E4-420 | CHIONE E4-420 | ,450 - 1800 RPM ,11 - 35.2 dB ,Black ,, AM2 | AM2+ | AM3 | AM3+ | AM4 | AM5 | FM1 | FM2 | FM2+ | LGA1150 | LGA1151 | LGA1155 | LGA1156 | LGA1200 | LGA1700 | LGA1851 | LGA2011 | LGA2011-3 | LGA2066 | ,Yes - 420 mm ,No 
ID-COOLING IS-40X,ID-COOLING ,,IS-40X ,600 - 2500 RPM ,14 - 33 dB ,Black / White ,45 mm , AM2 | AM2+ | AM3 | AM3+ | AM4 | FM1 | FM2 | FM2+ | LGA1150 | LGA1151 | LGA1155 | LGA1156 | LGA1200 | ,No ,No 
Silverstone IceMyst 360,Silverstone ,IceMyst 360 ,SST-IM360-ARGB ,500 - 2200 RPM ,12.1 - 33.1 dB ,Silver / Black ,70 mm , AM4 | AM5 | LGA1150 | LGA1151 | LGA1155 | LGA1156 | LGA1200 | LGA1700 | LGA1851 | LGA2011 | LGA2011-3 | LGA2066 | ,Yes - 360 mm ,No 
ID-COOLING IS-67-XT,ID-COOLING ,IS-67-XT ,IS-67-XT WHITE ,500 - 2200 RPM ,35.2 dB ,White ,67 mm , AM4 | AM5 | LGA1150 | LGA1151 | LGA1155 | LGA1156 | LGA1200 | LGA1700 | LGA1851 | ,No ,No 
GAMDIAS AURA GL360 DIGITAL,GAMDIAS ,,AURA GL360 DIGITAL ,800 - 1800 RPM ,33 dB ,Black ,, AM2 | AM2+ | AM3 | AM3+ | AM4 | AM5 | FM1 | FM2 | FM2+ | LGA1150 | LGA1151 | LGA1155 | LGA1156 | LGA1200 | LGA1700 | LGA1851 | LGA2011 | LGA2011-3 | LGA2066 | ,Yes - 360 mm ,No 
Montech METAL DT24 PREMIUM,Montech ,,METAL DT24 PREMIUM ,800 - 1950 RPM ,26 dB ,Black / Silver ,158 mm , AM4 | AM5 | LGA1150 | LGA1151 | LGA1155 | LGA1156 | LGA1200 | LGA1700 | LGA1851 | ,No ,No 
Montech HyperFlow ARGB 240,Montech ,HyperFlow ARGB 240 ,HyperFlow ARGB 240 White ,2200 RPM ,29.1 dB ,White ,, AM2 | AM2+ | AM3 | AM3+ | AM4 | AM5 | FM1 | FM2 | FM2+ | LGA1150 | LGA1151 | LGA1155 | LGA1156 | LGA1200 | LGA1700 | LGA1851 | LGA2011 | LGA2011-3 | LGA2066 | ,Yes - 240 mm ,No 
EVGA CLC 280,EVGA ,CLC 280 ,400-HY-CL28-V1 ,600 - 2200 RPM ,16 - 39.5 dB ,,, AM2 | AM2+ | AM3 | AM3+ | AM4 | AM5 | sTR4 | sTRX4 | FM1 | FM2 | FM2+ | LGA1150 | LGA1151 | LGA1155 | LGA1156 | LGA1200 | LGA1366 | LGA1700 | LGA1851 | LGA2011 | LGA2011-3 | LGA2066 | ,Yes - 280 mm ,No 
Noctua NH-D14 SE2011,Noctua ,,NH-D14 SE2011 ,900 - 1300 RPM ,12.6 - 19.8 dB ,,160 mm , AM2 | AM2+ | AM3 | AM3+ | AM4 | AM5 | FM1 | FM2 | FM2+ | LGA1150 | LGA1151 | LGA1155 | LGA1156 | LGA1200 | LGA1700 | LGA1851 | LGA2011 | LGA2011-3 | LGA2066 | ,No ,No 
Deepcool GAMMAXX C40,Deepcool ,, GAMMAXX C40 | DP-MCH4-GMX-C40P | ,500 - 2000 RPM ,23.9 dB ,Black / Silver ,137 mm , AM2 | AM2+ | AM3 | AM3+ | AM4 | AM5 | FM1 | FM2 | FM2+ | LGA1150 | LGA1151 | LGA1155 | LGA1156 | LGA1200 | LGA1366 | LGA2011 | LGA2011-3 | LGA2066 | ,No ,No 
Lian Li GALAHAD AIO 360 RGB,Lian Li ,GALAHAD AIO 360 RGB ,GALAHAD AIO 360 RGB BLACK ,800 - 1900 RPM ,,Black / Silver ,62 mm , AM4 | AM5 | LGA775 | LGA1150 | LGA1151 | LGA1155 | LGA1156 | LGA1200 | LGA1366 | LGA1700 | LGA1851 | LGA2011 | LGA2011-3 | LGA2066 | ,Yes - 360 mm ,No 
be quiet! Pure Loop 240,be quiet! ,Pure Loop 240 ,BW006 ,,19 - 39.5 dB ,Black ,, AM2 | AM2+ | AM3 | AM3+ | AM4 | AM5 | FM1 | FM2 | FM2+ | LGA1150 | LGA1151 | LGA1155 | LGA1156 | LGA1200 | LGA1700 | LGA1851 | LGA2011 | LGA2011-3 | LGA2066 | ,Yes - 240 mm ,No 
NZXT Kraken Z53 RGB,NZXT ,Kraken Z53 RGB ,RL-KRZ53-RW ,500 - 1500 RPM ,22 - 33 dB ,White / Black ,, AM4 | AM5 | sTR4 | sTRX4 | LGA1150 | LGA1151 | LGA1155 | LGA1156 | LGA1200 | LGA1366 | LGA1700 | LGA1851 | LGA2011 | LGA2011-3 | LGA2066 | ,Yes - 240 mm ,No 
Deepcool LE500,Deepcool ,LE500 ,R-LE500-BKLNMC-G-1 ,500 - 2250 RPM ,,Black ,, AM4 | AM5 | LGA1150 | LGA1151 | LGA1155 | LGA1156 | LGA1200 | LGA1700 | LGA1851 | ,Yes - 240 mm ,No 
Cooler Master MasterAir MA612 Stealth ARGB,Cooler Master ,MasterAir MA612 Stealth ARGB ,MAP-T6PS-218PA-R1 ,650 - 1800 RPM ,8 - 27 dB ,,158 mm , AM2 | AM2+ | AM3 | AM3+ | AM4 | AM5 | FM1 | FM2 | FM2+ | LGA1150 | LGA1151 | LGA1155 | LGA1156 | LGA1200 | LGA1366 | LGA1700 | LGA1851 | LGA2011 | LGA2011-3 | LGA2066 | ,No ,No 
NZXT Kraken 280 RGB,NZXT ,Kraken 280 RGB ,RL-KR280-B1 ,500 - 1500 RPM ,34.48 dB ,Black ,56 mm , AM4 | AM5 | sTR4 | sTRX4 | LGA1150 | LGA1151 | LGA1155 | LGA1156 | LGA1200 | LGA1700 | LGA1851 | ,Yes - 280 mm ,No 
Fractal Design Celsius+ S36 Prisma PWM ARGB,Fractal Design ,Celsius+ S36 Prisma PWM ARGB ,FD-W-2-S3602 ,500 - 2000 RPM ,32.7 dB ,Black ,, AM2 | AM2+ | AM3 | AM3+ | AM4 | AM5 | sTR4 | sTRX4 | FM1 | FM2 | FM2+ | LGA1150 | LGA1151 | LGA1155 | LGA1156 | LGA1200 | LGA1366 | LGA1700 | LGA1851 | LGA2011 | LGA2011-3 | LGA2066 | ,Yes - 360 mm ,No 
Zalman CNPS9X Performa ARGB,Zalman ,,CNPS9X Performa ARGB Black ,700 - 1800 RPM ,28 dB ,Black ,157 mm , AM4 | AM5 | LGA1150 | LGA1151 | LGA1155 | LGA1156 | LGA1200 | LGA1700 | LGA1851 | ,No ,No 
ID-COOLING IS-37-XT BLACK,ID-COOLING ,,IS-37-XT BLACK ,800 - 3600 RPM ,17 - 35.8 dB ,Black ,37 mm , AM4 | AM5 | LGA1150 | LGA1151 | LGA1155 | LGA1156 | LGA1200 | LGA1700 | LGA1851 | ,No ,No 
ENDORFY Navis F240 ARGB,ENDORFY ,Navis F240 ARGB ,EY3B004 ,250 - 1800 RPM ,,Black ,, AM4 | AM5 | LGA1150 | LGA1151 | LGA1155 | LGA1156 | LGA1200 | LGA1700 | LGA1851 | LGA2011 | LGA2011-3 | LGA2066 | ,Yes - 240 mm ,No 
ADATA XPG LEVANTE II 360,ADATA ,XPG LEVANTE II 360 , LEVANTEII360-BKCWW | 75261587 | ,800 - 2000 RPM ,19.78 - 29.33 dB ,Black ,50 mm , AM4 | AM5 | LGA1150 | LGA1151 | LGA1155 | LGA1156 | LGA1200 | LGA1700 | LGA1851 | ,Yes - 360 mm ,No 
Thermalright Silver Soul 135,Thermalright ,Silver Soul 135 , Silver Soul 135 BLACK-D2 | Silver Soul 135 Black | SS135 BLACK | ,1850 RPM ,29.6 dB ,Black ,135 mm , AM4 | AM5 | LGA1150 | LGA1151 | LGA1155 | LGA1156 | LGA1200 | LGA1700 | LGA1851 | LGA2011 | LGA2011-3 | LGA2066 | ,No ,No 
Titan DC-155A915Z/RPW,Titan ,,DC-155A915Z/RPW ,1000 - 2600 RPM ,24.8 - 33.4 dB ,,30 mm , LGA1150 | LGA1151 | LGA1155 | LGA1156 | LGA1200 | ,No ,No 
Cooler Master Hyper H410R RGB,Cooler Master ,Hyper H410R RGB ,RR-H410-20PC-R1 ,600 - 2000 RPM ,6 - 29 dB ,,136 mm , AM2 | AM2+ | AM3 | AM3+ | AM4 | AM5 | FM1 | FM2 | FM2+ | LGA1150 | LGA1151 | LGA1155 | LGA1156 | LGA1200 | LGA1366 | LGA2011 | LGA2011-3 | LGA2066 | ,No ,No 
TRYX PANORAMA ARGB (2024),TRYX ,, L-P280A-AS2M-G0W | PANORAMA ARGB 280 White | ,500 - 1450 RPM ,27.07 dB ,White ,116 mm , AM4 | AM5 | LGA1150 | LGA1151 | LGA1155 | LGA1156 | LGA1200 | LGA1700 | LGA1851 | ,Yes - 280 mm ,No 
GameMax Gamma 500 ARGB,GameMax ,Gamma 500 ARGB ,GAMMA 500-ARGB ,1000 - 1800 RPM ,26.3 dB ,Black / Silver ,153 mm , AM2 | AM2+ | AM3 | AM3+ | AM4 | FM1 | FM2 | FM2+ | LGA775 | LGA1150 | LGA1151 | LGA1155 | LGA1156 | LGA1200 | ,No ,No 
Gigabyte AORUS ATC800,Gigabyte ,AORUS ATC800 , GP-ATC800 | ATC800 | ,600 - 2000 RPM ,18 - 31 dB ,Black ,163 mm , AM2 | AM2+ | AM3 | AM3+ | AM4 | AM5 | FM1 | FM2 | FM2+ | LGA1150 | LGA1151 | LGA1155 | LGA1156 | LGA1200 | LGA1366 | LGA1700 | LGA1851 | LGA2011 | LGA2011-3 | LGA2066 | ,No ,No 
ID-COOLING FROSTFLOW X 240 LITE,ID-COOLING ,,FROSTFLOW X 240 LITE ,700 - 1800 RPM ,15.2 - 35.2 dB ,Black ,, AM4 | AM5 | LGA1150 | LGA1151 | LGA1155 | LGA1156 | LGA1200 | LGA1700 | LGA1851 | LGA2011 | LGA2011-3 | LGA2066 | ,Yes - 240 mm ,No 
Cooler Master Hyper T20,Cooler Master ,Hyper T20 ,RR-T20-20FK-R1 ,2000 RPM ,30 dB ,Black / Silver ,117 mm , AM2 | AM2+ | AM3 | AM3+ | AM4 | FM1 | FM2 | FM2+ | LGA775 | LGA1150 | LGA1151 | LGA1155 | LGA1156 | LGA1200 | ,No ,No 
TRYX PANORAMA SE ARGB,TRYX ,, L-P240L-AM2M-G0W | P240A SE WH | ,500 - 1850 RPM ,27.86 dB ,White ,125 mm , AM4 | AM5 | LGA1150 | LGA1151 | LGA1155 | LGA1156 | LGA1200 | LGA1700 | LGA1851 | ,Yes - 240 mm ,No 
ENDORFY Navis F280,ENDORFY ,Navis F280 ,EY3B002 ,250 - 1800 RPM ,,Black ,, AM4 | AM5 | LGA1150 | LGA1151 | LGA1155 | LGA1156 | LGA1200 | LGA1700 | LGA1851 | LGA2011 | LGA2011-3 | LGA2066 | ,Yes - 280 mm ,No 
Thermalright Frozen Notte ARGB V2,Thermalright ,,Frozen Notte 240 WHITE ARGB V2 ,2000 RPM ,27.7 dB ,White ,54 mm , AM2 | AM2+ | AM3 | AM3+ | AM4 | AM5 | FM1 | FM2 | FM2+ | LGA1150 | LGA1151 | LGA1155 | LGA1156 | LGA1200 | LGA1700 | LGA1851 | LGA2011 | LGA2011-3 | LGA2066 | ,Yes - 240 mm ,No 
Cooler Master i71C RGB,Cooler Master ,i71C RGB ,RR-I71C-20PC-R1 ,650 - 1800 RPM ,,Black ,60 mm , LGA1150 | LGA1151 | LGA1155 | LGA1156 | LGA1200 | ,No ,No 
Phanteks GLACIER ONE 360D30,Phanteks ,GLACIER ONE 360D30 ,PH-GO360D30_DWT01 ,250 - 2000 RPM ,30.2 dB ,White ,51 mm , AM4 | AM5 | sTR4 | sTRX4 | LGA1150 | LGA1151 | LGA1155 | LGA1156 | LGA1200 | LGA1700 | LGA1851 | LGA2011 | LGA2011-3 | LGA2066 | ,Yes - 360 mm ,No 
Deepcool UD511 RGB,Deepcool ,UD511 RGB ,R-UD551-BKAMAB-G-1 ,500 - 1800 RPM ,26.8 dB ,Black ,71 mm ,AM4 ,No ,No 
Fractal Design Lumen S36 RGB,Fractal Design ,Lumen S36 RGB ,FD-W-L1-S3602 ,500 - 2000 RPM ,10 - 33.2 dB ,Black ,, AM2 | AM2+ | AM3 | AM3+ | AM4 | AM5 | FM1 | FM2 | FM2+ | LGA1150 | LGA1151 | LGA1155 | LGA1156 | LGA1200 | LGA1366 | LGA1700 | LGA1851 | LGA2011 | LGA2011-3 | LGA2066 | ,Yes - 360 mm ,No 
Thermaltake TH420 V2 ARGB Sync,Thermaltake ,TH420 V2 ARGB Sync ,CL-W378-PL14SW-A ,500 - 1800 RPM ,34.7 dB ,White ,, AM2 | AM2+ | AM3 | AM3+ | AM4 | AM5 | FM1 | FM2 | FM2+ | LGA1150 | LGA1151 | LGA1155 | LGA1156 | LGA1200 | LGA1700 | LGA1851 | LGA2011 | LGA2011-3 | LGA2066 | ,Yes - 420 mm ,No 
Silverstone Hydrogon D120 ARGB V2,Silverstone ,Hydrogon D120 ARGB V2 ,SST-HYD120-ARGB-V2 ,,0 - 30.5 dB ,Black / Silver ,153 mm , AM4 | AM5 | LGA1150 | LGA1151 | LGA1155 | LGA1156 | LGA1200 | LGA1700 | LGA1851 | LGA2011 | LGA2011-3 | LGA2066 | ,No ,No 
Fractal Design Celsius S36 Blackout,Fractal Design ,Celsius S36 Blackout ,FD-WCU-CELSIUS-S36-BKO ,500 - 2000 RPM ,32.2 dB ,Black ,, AM2 | AM2+ | AM3 | AM3+ | AM4 | AM5 | sTR4 | sTRX4 | FM1 | FM2 | FM2+ | LGA1150 | LGA1151 | LGA1155 | LGA1156 | LGA1200 | LGA1366 | LGA1700 | LGA1851 | LGA2011 | LGA2011-3 | LGA2066 | ,Yes - 360 mm ,No 
ID-COOLING IS-50X V3,ID-COOLING ,,IS-50X V3 ,500 - 2000 RPM ,31.2 dB ,Black / Gray ,56 mm , AM4 | AM5 | LGA1150 | LGA1151 | LGA1155 | LGA1156 | LGA1200 | LGA1700 | LGA1851 | ,No ,No 
StarTech FAN775E,StarTech ,,FAN775E ,2600 RPM ,22.2 dB ,,68 mm ,LGA775 ,No ,No 
ID-COOLING FROZN A610 BLACK,ID-COOLING ,,FROZN A610 BLACK ,500 - 2000 RPM ,29.85 dB ,Black ,155 mm , AM4 | AM5 | LGA1150 | LGA1151 | LGA1155 | LGA1156 | LGA1200 | LGA1700 | LGA1851 | LGA2011 | LGA2011-3 | LGA2066 | ,No ,No 
Xilence I402,Xilence ,I402 , XC026 | I402 | ,600 - 2200 RPM ,14 - 23.8 dB ,Red / Black ,137 mm , LGA1150 | LGA1151 | LGA1155 | LGA1156 | LGA1200 | LGA1700 | LGA1851 | ,No ,No 
Corsair A500,Corsair ,A500 ,CT-9010003-WW ,2400 RPM ,36 dB ,Black / Silver ,169 mm , AM2 | AM2+ | AM3 | AM3+ | AM4 | AM5 | FM1 | FM2 | FM2+ | LGA1150 | LGA1151 | LGA1155 | LGA1156 | LGA1200 | LGA2011 | LGA2011-3 | LGA2066 | ,No ,No 
Asus ROG STRIX LC 240 RGB White Edition,Asus ,ROG STRIX LC 240 RGB White Edition , ROG STRIX LC 240 RGB White | 90RC0062-M0AAY0 | ROG Strix LC 240 RGB White Edition | ,800 - 2500 RPM ,37.6 dB ,White ,, AM4 | AM5 | sTR4 | sTRX4 | LGA1150 | LGA1151 | LGA1155 | LGA1156 | LGA1200 | LGA1366 | LGA2011 | LGA2011-3 | LGA2066 | ,Yes - 240 mm ,No 
Thermaltake ASTRIA 600 ARGB,Thermaltake ,ASTRIA 600 ARGB ,CL-P139-CA12SW-A ,500 - 1800 RPM ,26.8 dB ,White ,160 mm , AM4 | AM5 | LGA1150 | LGA1151 | LGA1155 | LGA1156 | LGA1200 | LGA1700 | LGA1851 | LGA2011 | LGA2011-3 | LGA2066 | ,No ,No 
EK AIO 120 D-RGB,EK ,AIO 120 D-RGB , EK-AIO 120 D-RGB | 3831109815823 | ,450 - 2600 RPM ,36.4 dB ,Black ,, AM4 | AM5 | LGA1150 | LGA1151 | LGA1155 | LGA1156 | LGA1200 | LGA1700 | LGA1851 | LGA2011 | LGA2011-3 | LGA2066 | ,Yes - 120 mm ,No 
NZXT Kraken X63 RGB,NZXT ,Kraken X63 RGB ,RL-KRX63-RW ,500 - 1500 RPM ,22 - 33 dB ,White / Black ,, AM4 | AM5 | sTR4 | sTRX4 | LGA1150 | LGA1151 | LGA1155 | LGA1156 | LGA1200 | LGA1366 | LGA1700 | LGA1851 | LGA2011 | LGA2011-3 | LGA2066 | ,Yes - 280 mm ,No 
Ocypus Sigma L360 PRO,Ocypus ,Sigma L360 PRO , Sigma L36 PRO BK | Sigma-L36-BK3ANWL00P-GL | ,500 - 2400 RPM ,36 dB ,Black ,97 mm , AM4 | AM5 | LGA1150 | LGA1151 | LGA1155 | LGA1156 | LGA1200 | LGA1700 | LGA1851 | ,Yes - 360 mm ,No 
Thermaltake TH240 V2 Ultra ARGB Sync,Thermaltake ,TH240 V2 Ultra ARGB Sync ,CL-W383-PL12SW-A ,500 - 1800 RPM ,25.8 dB ,Black ,, AM2 | AM2+ | AM3 | AM3+ | AM4 | AM5 | FM1 | FM2 | FM2+ | LGA1150 | LGA1151 | LGA1155 | LGA1156 | LGA1200 | LGA1700 | LGA1851 | LGA2011 | LGA2011-3 | LGA2066 | ,Yes - 240 mm ,No 
BitFenix Cube ARGB,BitFenix ,,BFW-AIO-360-WW27A-RP ,2000 RPM ,34 dB ,White ,, AM4 | AM5 | LGA1150 | LGA1151 | LGA1155 | LGA1156 | LGA1200 | LGA1700 | LGA1851 | ,Yes - 360 mm ,No 
ID-COOLING SE-214-XT,ID-COOLING ,,SE-214-XT ,500 - 1500 RPM ,16 - 26.6 dB ,,150 mm , AM4 | AM5 | LGA1150 | LGA1151 | LGA1155 | LGA1156 | LGA1200 | LGA1700 | LGA1851 | ,No ,No 
EVGA CLCx 360,EVGA ,CLCx 360 ,400-HY-CX36-V1 ,,35 dB ,Black ,, AM4 | AM5 | sTR4 | sTRX4 | LGA1150 | LGA1151 | LGA1155 | LGA1156 | LGA1200 | LGA1700 | LGA1851 | ,Yes - 360 mm ,No 
Deepcool AK500,Deepcool ,, R-AK500-WHNNMT-G | AK500 WH | ,500 - 1850 RPM ,25.9 - 31.5 dB ,White ,158 mm , AM4 | AM5 | LGA1150 | LGA1151 | LGA1155 | LGA1156 | LGA1200 | LGA1700 | LGA1851 | LGA2011 | LGA2011-3 | LGA2066 | ,No ,No 
Thermalright Frozen Warframe ARGB,Thermalright ,,Frozen Warframe 420 WHITE ARGB ,1750 RPM ,29.8 dB ,White ,, AM4 | AM5 | LGA1150 | LGA1151 | LGA1155 | LGA1156 | LGA1200 | LGA1700 | LGA1851 | LGA2011 | LGA2011-3 | LGA2066 | ,Yes - 420 mm ,No 
Thermaltake TH420 V2 Ultra ARGB Sync,Thermaltake ,TH420 V2 Ultra ARGB Sync ,CL-W386-PL14SW-A ,500 - 2000 RPM ,34.7 dB ,Black ,, AM2 | AM2+ | AM3 | AM3+ | AM4 | AM5 | FM1 | FM2 | FM2+ | LGA1150 | LGA1151 | LGA1155 | LGA1156 | LGA1200 | LGA1700 | LGA1851 | LGA2011 | LGA2011-3 | LGA2066 | ,Yes - 420 mm ,No 
Iceberg Thermal IceSLEET G6 Stealth,Iceberg Thermal ,IceSLEET G6 Stealth ,ICESLEETG6-00A ,600 - 1400 RPM ,26 dB ,Black / Blue ,160 mm , AM2 | AM2+ | AM3 | AM3+ | AM4 | AM5 | FM1 | FM2 | FM2+ | LGA1150 | LGA1151 | LGA1155 | LGA1156 | LGA1200 | LGA1700 | LGA1851 | LGA2011 | LGA2011-3 | LGA2066 | ,No ,No 
ASRock Pro ARGB,ASRock ,, 90-APRA24-WAAGA6 | Pro White 240 ARGB | ,,31 dB ,White ,54 mm , AM4 | AM5 | LGA1700 | LGA1851 | ,Yes - 240 mm ,No 
ID-COOLING SPACE LCD,ID-COOLING ,,SL360 XE ,500 - 1800 RPM ,35.2 dB ,Black ,, AM4 | AM5 | LGA1150 | LGA1151 | LGA1155 | LGA1156 | LGA1200 | LGA1700 | LGA1851 | LGA2011 | LGA2011-3 | LGA2066 | ,Yes - 360 mm ,No 
Jonsbo CB40,Jonsbo ,,CB40 Black ,800 - 1800 RPM ,21.8 - 35.4 dB ,Black ,154 mm , AM4 | AM5 | LGA1150 | LGA1151 | LGA1155 | LGA1156 | LGA1200 | LGA1700 | LGA1851 | ,No ,No 
Deepcool LS520 SE WH,Deepcool ,, LS520 SE WH | R-LS520-WHAMMM-G-1 | ,500 - 2250 RPM ,28.2 - 32.9 dB ,White ,, AM4 | AM5 | LGA1150 | LGA1151 | LGA1155 | LGA1156 | LGA1200 | LGA1700 | LGA1851 | ,Yes - 240 mm ,No 
Jonsbo CR-1000 EVO Color Black,Jonsbo ,, CR-1000 EVO Color Black | CR-1000-EVO-COLOR | ,600 - 1500 RPM ,22 - 32 dB ,Black ,154 mm , AM4 | AM5 | LGA1150 | LGA1151 | LGA1155 | LGA1156 | LGA1200 | LGA1700 | LGA1851 | ,No ,No 
Fractal Design Celsius+ S28 Dynamic X2 PWM,Fractal Design ,Celsius+ S28 Dynamic X2 PWM ,FD-W-2-S2801 ,500 - 1700 RPM ,32.7 dB ,Black ,, AM2 | AM2+ | AM3 | AM3+ | AM4 | AM5 | sTR4 | sTRX4 | FM1 | FM2 | FM2+ | LGA1150 | LGA1151 | LGA1155 | LGA1156 | LGA1200 | LGA1366 | LGA1700 | LGA1851 | LGA2011 | LGA2011-3 | LGA2066 | ,Yes - 280 mm ,No 
Alpenföhn Brocken 4,Alpenföhn ,,84000000205 ,400 - 1600 RPM ,22.8 dB ,Black ,155 mm , AM4 | AM5 | LGA1150 | LGA1151 | LGA1155 | LGA1156 | LGA1200 | LGA1700 | LGA1851 | LGA2011 | LGA2011-3 | LGA2066 | ,No ,No 
Cougar Poseidon Elite ARGB 240,Cougar ,Poseidon Elite ARGB 240 , 3MPSD240.0001 | Poseidon Elite ARGB 240 | CGR-PSDELRGB-B-240 | ,500 - 2200 RPM ,33.5 dB ,Black ,51 mm , AM2 | AM2+ | AM3 | AM3+ | AM4 | AM5 | FM1 | FM2 | FM2+ | LGA1150 | LGA1151 | LGA1155 | LGA1156 | LGA1200 | LGA1366 | LGA1700 | LGA1851 | ,Yes - 240 mm ,No 
Cooler Master Hyper 212X,Cooler Master ,Hyper 212X ,RR-212X-20PM-R1 ,600 - 2000 RPM ,9 - 36 dB ,,158 mm , AM2 | AM2+ | AM3 | AM3+ | AM4 | FM1 | FM2 | FM2+ | LGA775 | LGA1150 | LGA1151 | LGA1155 | LGA1156 | LGA1200 | LGA1366 | LGA2011 | LGA2011-3 | LGA2066 | ,No ,No 
Thermaltake Water 3.0 240 ARGB Sync,Thermaltake ,Water 3.0 240 ARGB Sync ,CL-W233-PL12SW-A ,500 - 1500 RPM ,25.8 dB ,Black ,, AM2 | AM2+ | AM3 | AM3+ | AM4 | AM5 | FM1 | FM2 | FM2+ | LGA1150 | LGA1151 | LGA1155 | LGA1156 | LGA1200 | LGA1366 | LGA2011 | LGA2011-3 | LGA2066 | ,Yes - 240 mm ,No 
Cooler Master Hyper 622 Halo,Cooler Master ,Hyper 622 Halo ,RR-D6BB-20PA-R1 ,650 - 2050 RPM ,27 dB ,Black ,157 mm , AM4 | AM5 | LGA1150 | LGA1151 | LGA1155 | LGA1156 | LGA1200 | LGA1700 | LGA1851 | ,No ,No 
Thermaltake TH420 ARGB Sync,Thermaltake ,TH420 ARGB Sync , CL-W367-PL14SW-A | CL-W367-PL14SW-B | ,500 - 1800 RPM ,34.7 dB ,Black ,, AM2 | AM2+ | AM3 | AM3+ | AM4 | AM5 | FM1 | FM2 | FM2+ | LGA1150 | LGA1151 | LGA1155 | LGA1156 | LGA1200 | LGA1700 | LGA1851 | LGA2011 | LGA2011-3 | LGA2066 | ,Yes - 420 mm ,No 
Enermax LIQMAX III 240 ARGB,Enermax ,LIQMAX III 240 ARGB ,ELC-LMT240-W-ARGB ,500 - 1600 RPM ,14 - 27 dB ,White / Black ,, AM2 | AM2+ | AM3 | AM3+ | AM4 | AM5 | FM1 | FM2 | FM2+ | LGA775 | LGA1150 | LGA1151 | LGA1155 | LGA1156 | LGA1200 | LGA1366 | LGA1700 | LGA1851 | LGA2011 | LGA2011-3 | LGA2066 | ,Yes - 240 mm ,No 
Cooler Master MasterAir MA410M,Cooler Master ,MasterAir MA410M ,MAM-T4PN-218PC-R1 ,650 - 1800 RPM ,6 - 31 dB ,Black ,166 mm , AM2 | AM2+ | AM3 | AM3+ | AM4 | FM1 | FM2 | FM2+ | LGA1150 | LGA1151 | LGA1155 | LGA1156 | LGA1200 | LGA1366 | LGA2011 | LGA2011-3 | LGA2066 | ,No ,No 
Jonsbo CR-1400 DV2,Jonsbo ,CR-1400 DV2 ,CR-1400 DV2 Black ,800 - 2300 RPM ,22.3 - 33.8 dB ,Black ,136 mm , AM4 | AM5 | LGA1150 | LGA1151 | LGA1155 | LGA1156 | LGA1200 | LGA1700 | LGA1851 | LGA2011 | LGA2011-3 | LGA2066 | ,No ,No 
GameMax Ice Force,GameMax ,,GMX-ICE-FORCE-WH ,800 - 1600 RPM ,,White ,153 mm , AM4 | AM5 | LGA1150 | LGA1151 | LGA1155 | LGA1156 | LGA1200 | LGA1366 | LGA1700 | LGA1851 | ,No ,No 
Fractal Design Lumen S24 V2,Fractal Design ,Lumen S24 V2 ,FD-W-L1-S2411 ,500 - 2000 RPM ,10 - 33.2 dB ,Black ,, AM2 | AM2+ | AM3 | AM3+ | AM4 | AM5 | FM1 | FM2 | FM2+ | LGA1150 | LGA1151 | LGA1155 | LGA1156 | LGA1200 | LGA1366 | LGA1700 | LGA1851 | LGA2011 | LGA2011-3 | LGA2066 | ,Yes - 240 mm ,No 
ID-COOLING SE-902-SD V3,ID-COOLING ,,SE-902-SD V3 ,2000 RPM ,23.1 dB ,Black / Silver ,123 mm , AM4 | AM5 | LGA1150 | LGA1151 | LGA1155 | LGA1156 | LGA1200 | LGA1700 | LGA1851 | ,No ,No 
Deepcool AK620 G2,Deepcool ,,R-AK620G2-WHNNMN-GJD ,2000 RPM ,28.87 dB ,White / Brown ,159 mm , AM4 | AM5 | LGA1150 | LGA1151 | LGA1155 | LGA1156 | LGA1200 | LGA1700 | LGA1851 | ,No ,No 
NZXT Kraken X61,NZXT ,Kraken X61 ,RL-KRX61-01 ,800 - 2000 RPM ,20 - 37 dB ,,, AM2 | AM2+ | AM3 | AM3+ | AM4 | AM5 | sTR4 | sTRX4 | FM1 | FM2 | FM2+ | LGA1150 | LGA1151 | LGA1155 | LGA1156 | LGA1200 | LGA1366 | LGA1700 | LGA1851 | LGA2011 | LGA2011-3 | LGA2066 | ,Yes - 280 mm ,No 
CRYORIG C7,CRYORIG ,, C7 | CR-C7A | ,600 - 2500 RPM ,30 dB ,,47 mm , AM2 | AM2+ | AM3 | AM3+ | AM4 | FM1 | FM2 | FM2+ | LGA1150 | LGA1151 | LGA1155 | LGA1156 | LGA1200 | LGA1700 | LGA1851 | ,No ,No 
Lian Li Galahad AIO360 (2022),Lian Li ,Galahad AIO360 (2022) , GA-360A WHITE | GALAHAD 360 RGB WHITE V2 | ,800 - 1900 RPM ,32 dB ,White / Silver ,62 mm , AM4 | AM5 | LGA775 | LGA1150 | LGA1151 | LGA1155 | LGA1156 | LGA1200 | LGA1366 | LGA1700 | LGA1851 | LGA2011 | LGA2011-3 | LGA2066 | ,Yes - 360 mm ,No 
ID-COOLING IS-30A BLACK,ID-COOLING ,,IS-30A BLACK ,800 - 3600 RPM ,17 - 35.8 dB ,Black ,30 mm , AM4 | AM5 | ,No ,No 
FSP Group MP7,FSP Group ,, MP7 Black | POO0000014 | ,800 - 1800 RPM ,32 dB ,Black ,153 mm , AM4 | AM5 | LGA1150 | LGA1151 | LGA1155 | LGA1156 | LGA1200 | LGA1700 | LGA1851 | ,No ,No 
Cougar Poseidon Elite ARGB 360,Cougar ,Poseidon Elite ARGB 360 , 3MPSD360.0002 | CGR-PSDELRGB-W-360 | Poseidon Elite ARGB 360 (White) | ,500 - 2200 RPM ,33.5 dB ,White ,51 mm , AM2 | AM2+ | AM3 | AM3+ | AM4 | AM5 | FM1 | FM2 | FM2+ | LGA1150 | LGA1151 | LGA1155 | LGA1156 | LGA1200 | LGA1366 | LGA1700 | LGA1851 | ,Yes - 360 mm ,No 
DARKROCK D360,DARKROCK ,,D360 ,800 - 1800 RPM ,27.2 dB ,Black ,48 mm , AM4 | AM5 | LGA1150 | LGA1151 | LGA1155 | LGA1156 | LGA1200 | LGA1700 | LGA1851 | ,Yes - 360 mm ,No 
Jonsbo CR-3000 ARGB,Jonsbo ,,CR-3000 ARGB White ,600 - 1500 RPM ,22 - 32 dB ,White ,160 mm , AM4 | AM5 | LGA1150 | LGA1151 | LGA1155 | LGA1156 | LGA1200 | LGA1700 | LGA1851 | LGA2011 | LGA2011-3 | LGA2066 | ,No ,No 
Phanteks GLACIER ONE 420D30,Phanteks ,GLACIER ONE 420D30 ,PH-GO420D30_DWT01 ,250 - 1800 RPM ,29.5 dB ,White ,51 mm , AM4 | AM5 | sTR4 | sTRX4 | LGA1150 | LGA1151 | LGA1155 | LGA1156 | LGA1200 | LGA1700 | LGA1851 | LGA2011 | LGA2011-3 | LGA2066 | ,Yes - 420 mm ,No 
Asus ROG STRIX LC II ARGB,Asus ,, ROG STRIX LC II 240 ARGB | 90RC00E1-M0AAY0 | 90RC00E1-M0UAY4 | 90RC00E1-M0UAY1 | CPCA-ROGS-240-LCAII1 | 90RC00E1-M0UAY0 | ,800 - 2500 RPM ,37.6 dB ,Black ,, AM4 | AM5 | LGA1150 | LGA1151 | LGA1155 | LGA1156 | LGA1200 | LGA1700 | LGA1851 | LGA2011-3 Narrow | ,Yes - 240 mm ,No 
MSI CORE FROZR S,MSI ,CORE FROZR S , COREFROZRS | E32-0802210-A87 | ,500 - 1800 RPM ,17.2 - 33.6 dB ,Black / Red ,152 mm , AM2 | AM2+ | AM3 | AM3+ | AM4 | FM1 | FM2 | FM2+ | LGA775 | LGA1150 | LGA1151 | LGA1155 | LGA1156 | LGA1200 | LGA1366 | LGA2011 | LGA2011-3 | LGA2066 | ,No ,No 
Thermalright Frozen Vision 240,Thermalright ,Frozen Vision 240 ,FROZEN VISION 240 BLACK ,2150 - 21500 RPM ,27 dB ,Black ,58 mm , AM4 | AM5 | LGA1150 | LGA1151 | LGA1155 | LGA1156 | LGA1200 | LGA1700 | LGA1851 | LGA2011 | LGA2011-3 | LGA2066 | ,Yes - 240 mm ,No 
GAMDIAS BOREAS M2-51D,GAMDIAS ,,BOREAS M2-51D ,800 - 1800 RPM ,10 - 32 dB ,Black ,159 mm , AM4 | AM5 | LGA1150 | LGA1151 | LGA1155 | LGA1156 | LGA1200 | LGA1700 | LGA1851 | LGA2011 | LGA2011-3 | LGA2066 | ,No ,No 
GAMDIAS AURA GL360 DIGITAL,GAMDIAS ,AURA GL360 DIGITAL ,AURA GL360 DIGITAL WH ,800 - 1800 RPM ,33 dB ,White ,, AM2 | AM2+ | AM3 | AM3+ | AM4 | AM5 | FM1 | FM2 | FM2+ | LGA1150 | LGA1151 | LGA1155 | LGA1156 | LGA1200 | LGA1700 | LGA1851 | LGA2011 | LGA2011-3 | LGA2066 | ,Yes - 360 mm ,No 
Xilence LQ360,Xilence ,LQ360 , XC978 | LQ360 | ,700 - 1600 RPM ,18 - 35.2 dB ,Red / Black ,47 mm , AM4 | AM5 | LGA1150 | LGA1151 | LGA1155 | LGA1156 | LGA1200 | LGA1700 | LGA1851 | LGA2011 | LGA2011-3 | LGA2066 | ,Yes - 360 mm ,No 
Fractal Design Lumen S28 V2,Fractal Design ,Lumen S28 V2 ,FD-W-L1-S2811 ,500 - 1700 RPM ,10 - 35.5 dB ,Black ,, AM2 | AM2+ | AM3 | AM3+ | AM4 | AM5 | FM1 | FM2 | FM2+ | LGA1150 | LGA1151 | LGA1155 | LGA1156 | LGA1200 | LGA1366 | LGA1700 | LGA1851 | LGA2011 | LGA2011-3 | LGA2066 | ,Yes - 280 mm ,No 
Deepcool AK500 G2,Deepcool ,,R-AK500G2-BKNNMN-GJD ,2200 RPM ,31.45 dB ,Black / Brown ,159 mm , AM4 | AM5 | LGA1150 | LGA1151 | LGA1155 | LGA1156 | LGA1200 | LGA1700 | LGA1851 | ,No ,No 
SilenX EFZ-92HA2,SilenX ,,EFZ-92HA2 ,2400 RPM ,8 - 24 dB ,,56 mm , AM2 | AM2+ | AM3 | AM3+ | FM1 | FM2 | FM2+ | LGA775 | LGA1150 | LGA1151 | LGA1155 | LGA1156 | LGA1200 | ,No ,No 
Noctua NH-L12,Noctua ,,NH-L12 ,1200 - 1600 RPM ,13.1 - 22.4 dB ,,93 mm , AM2 | AM2+ | AM3 | AM3+ | AM4 | AM5 | FM1 | FM2 | FM2+ | LGA775 | LGA1150 | LGA1151 | LGA1155 | LGA1156 | LGA1200 | LGA1366 | LGA1700 | LGA1851 | LGA2011 | LGA2011-3 | LGA2066 | ,No ,No 
Thermaltake Floe Riing RGB 360 TT Premium Edition,Thermaltake ,Floe Riing RGB 360 TT Premium Edition ,CL-W158-PL12SW-A ,500 - 1400 RPM ,19.8 - 24.7 dB ,,, AM2 | AM2+ | AM3 | AM3+ | AM4 | sTR4 | sTRX4 | FM1 | FM2 | FM2+ | LGA1150 | LGA1151 | LGA1155 | LGA1156 | LGA1200 | LGA1366 | LGA2011 | LGA2011-3 | LGA2066 | ,Yes - 360 mm ,No 
Jonsbo TG-360,Jonsbo ,TG-360 ,TG-360 White ,900 - 1800 RPM ,,White ,85 mm , AM4 | AM5 | LGA1150 | LGA1151 | LGA1155 | LGA1156 | LGA1200 | LGA1700 | LGA1851 | ,Yes - 360 mm ,No 
ARCTIC Freezer 13,ARCTIC ,Freezer 13 ,ACFZ13 ,600 - 2000 RPM ,,,130 mm , AM2 | AM2+ | AM3 | AM3+ | AM4 | AM5 | FM1 | FM2 | FM2+ | LGA775 | LGA1150 | LGA1151 | LGA1155 | LGA1156 | LGA1200 | LGA1366 | ,No ,No 
ARCTIC Liquid Freezer 240,ARCTIC ,Liquid Freezer 240 ,ACFRE00013A ,500 - 1350 RPM ,,,, AM2 | AM2+ | AM3 | AM3+ | AM4 | AM5 | sTR4 | sTRX4 | FM1 | FM2 | FM2+ | LGA1150 | LGA1151 | LGA1155 | LGA1156 | LGA1200 | LGA2011 | LGA2011-3 | LGA2066 | ,Yes - 240 mm ,No 
ARCTIC Alpine Passive,ARCTIC ,Alpine Passive ,ACALP00022A ,,0 dB ,Black ,70 mm , AM4 | AM5 | ,No ,Yes 
Phanteks Glacier One 240MP,Phanteks ,Glacier One 240MP ,PH-GO240MP_DBK01 ,500 - 2200 RPM ,18 - 34.2 dB ,Black / White ,, AM4 | AM5 | sTR4 | sTRX4 | LGA1150 | LGA1151 | LGA1155 | LGA1156 | LGA1200 | LGA1366 | LGA1700 | LGA1851 | LGA2011 | LGA2011-3 | LGA2066 | ,Yes - 240 mm ,No 
Corsair iCUE H60i RGB PRO XT,Corsair ,iCUE H60i RGB PRO XT ,CW-9060049-WW ,2400 RPM ,10 - 37 dB ,Black ,, AM2 | AM2+ | AM3 | AM3+ | AM4 | AM5 | FM1 | FM2 | FM2+ | LGA1150 | LGA1151 | LGA1155 | LGA1156 | LGA1200 | LGA1366 | LGA1700 | LGA1851 | LGA2011 | LGA2011-3 | LGA2066 | ,Yes - 120 mm ,No 
NZXT Kraken Z53 RGB,NZXT ,Kraken Z53 RGB ,RL-KRZ53-R1 ,500 - 1500 RPM ,22 - 33 dB ,Black ,, AM4 | AM5 | sTR4 | sTRX4 | LGA1150 | LGA1151 | LGA1155 | LGA1156 | LGA1200 | LGA1366 | LGA1700 | LGA1851 | LGA2011 | LGA2011-3 | LGA2066 | ,Yes - 240 mm ,No 
PC Cooler RZ400 V2,PC Cooler ,, RZ400V2-BKNWNX-GL | RZ400 V2 BK | ,500 - 2200 RPM ,32 dB ,Black ,155 mm , AM4 | AM5 | LGA1150 | LGA1151 | LGA1155 | LGA1156 | LGA1200 | LGA1700 | LGA1851 | ,No ,No 
Ocypus Iota L24,Ocypus ,Iota L24 ,Iota L24 WH ,500 - 2000 RPM ,29 dB ,White ,, AM4 | AM5 | LGA1150 | LGA1151 | LGA1155 | LGA1156 | LGA1200 | LGA1700 | LGA1851 | ,Yes - 240 mm ,No 
GAMDIAS CHIONE E4,GAMDIAS ,, E4-360 WH | CHIONE E4-360 WH | ,800 - 1800 RPM ,11 - 33.8 dB ,White ,, AM2 | AM2+ | AM3 | AM3+ | AM4 | AM5 | FM1 | FM2 | FM2+ | LGA1150 | LGA1151 | LGA1155 | LGA1156 | LGA1200 | LGA1700 | LGA1851 | LGA2011 | LGA2011-3 | LGA2066 | ,Yes - 360 mm ,No 
be quiet! Shadow Rock Slim 2,be quiet! ,Shadow Rock Slim 2 ,BK032 ,1400 RPM ,11.5 - 23.7 dB ,Black ,161 mm , AM2 | AM2+ | AM3 | AM3+ | AM4 | AM5 | FM1 | FM2 | FM2+ | LGA1150 | LGA1151 | LGA1155 | LGA1156 | LGA1200 | LGA1700 | LGA1851 | LGA2011 | LGA2011-3 | LGA2066 | ,No ,No 
Silverstone NovaPeak 360,Silverstone ,NovaPeak 360 ,SST-NP360B ,600 - 2200 RPM ,35.1 dB ,Black ,54 mm , AM4 | AM5 | LGA1150 | LGA1151 | LGA1155 | LGA1156 | LGA1200 | LGA1700 | LGA1851 | LGA2011 | LGA2011-3 | LGA2066 | ,Yes - 360 mm ,No 
Thermalright Frozen Warframe,Thermalright ,,Frozen Warframe 360 BLACK ,2000 RPM ,22.1 dB ,Black ,, AM4 | AM5 | LGA1150 | LGA1151 | LGA1155 | LGA1156 | LGA1200 | LGA1700 | LGA1851 | LGA2011 | LGA2011-3 | LGA2066 | ,Yes - 360 mm ,No 
Thermaltake TH420 V2 Ultra EX ARGB Sync,Thermaltake ,TH420 V2 Ultra EX ARGB Sync ,CL-W417-PL14SW-A ,500 - 2000 RPM ,30.7 dB ,Black ,, AM2 | AM2+ | AM3 | AM3+ | AM4 | AM5 | FM1 | FM2 | FM2+ | LGA1150 | LGA1151 | LGA1155 | LGA1156 | LGA1200 | LGA1700 | LGA1851 | LGA2011 | LGA2011-3 | LGA2066 | ,Yes - 420 mm ,No 
Deepcool AG400 LED,Deepcool ,AG400 LED ,R-AG400-BKLNMC-G-1 ,500 - 2000 RPM ,31.6 dB ,Black / Silver ,150 mm , AM4 | AM5 | LGA1150 | LGA1151 | LGA1155 | LGA1156 | LGA1200 | LGA1700 | LGA1851 | ,No ,No 
ID-COOLING FROZN A400 ARGB,ID-COOLING ,,FROZN A400 ARGB ,600 - 2200 RPM ,25.8 dB ,Black ,123 mm , AM4 | AM5 | LGA1150 | LGA1151 | LGA1155 | LGA1156 | LGA1200 | LGA1700 | LGA1851 | ,No ,No 
Cooler Master Hyper 212 EVO V2,Cooler Master ,Hyper 212 EVO V2 ,RR-2V2E-18PK-R2 ,650 - 1800 RPM ,8 - 27 dB ,,154 mm , AM2 | AM2+ | AM3 | AM3+ | AM4 | FM1 | FM2 | FM2+ | LGA1150 | LGA1151 | LGA1155 | LGA1156 | LGA1200 | LGA1700 | LGA1851 | LGA2011 | LGA2011-3 | LGA2066 | ,No ,No 
Corsair H55,Corsair ,H55 ,CW-9060052-WW ,1500 RPM ,18 - 26.5 dB ,Black ,, AM4 | AM5 | LGA1150 | LGA1151 | LGA1155 | LGA1156 | LGA1200 | LGA1366 | LGA1700 | LGA1851 | LGA2011 | LGA2011-3 | LGA2066 | ,Yes - 120 mm ,No 
ARCTIC Liquid Freezer II 360 Rev. 2,ARCTIC ,Liquid Freezer II 360 Rev. 2 ,ACFRE00068B ,200 - 1800 RPM ,,Black ,, AM2 | AM2+ | AM3 | AM3+ | AM4 | AM5 | FM1 | FM2 | FM2+ | LGA1150 | LGA1151 | LGA1155 | LGA1156 | LGA1200 | LGA1700 | LGA1851 | LGA2011 | LGA2011-3 | LGA2066 | ,Yes - 360 mm ,No 
Cooler Master MasterLiquid ML120R RGB,Cooler Master ,MasterLiquid ML120R RGB ,MLX-D12M-A20PC-R1 ,650 - 2000 RPM ,6 - 30 dB ,,, AM2 | AM2+ | AM3 | AM3+ | AM4 | AM5 | FM1 | FM2 | FM2+ | LGA775 | LGA1150 | LGA1151 | LGA1155 | LGA1156 | LGA1200 | LGA1366 | LGA1700 | LGA1851 | LGA2011 | LGA2011-3 | LGA2066 | ,Yes - 120 mm ,No 
Deepcool Castle 360 RGB V2,Deepcool ,Castle 360 RGB V2 ,DP-GS-H12AR-CSL360V2 ,500 - 1800 RPM ,30 dB ,Black ,, AM2 | AM2+ | AM3 | AM3+ | AM4 | AM5 | sTR4 | sTRX4 | FM1 | FM2 | FM2+ | LGA1150 | LGA1151 | LGA1155 | LGA1156 | LGA1200 | LGA1366 | LGA1700 | LGA1851 | LGA2011 | LGA2011-3 | LGA2066 | ,Yes - 360 mm ,No 
MSI MAG CORELIQUID R,MSI ,, MAG CORE LIQUID 240R | 306-7ZW1B31-813 | ,500 - 2000 RPM ,14.3 - 34.3 dB ,Black ,, AM2 | AM2+ | AM3 | AM3+ | AM4 | FM1 | FM2 | FM2+ | LGA1150 | LGA1151 | LGA1155 | LGA1156 | LGA1200 | LGA1366 | LGA1700 | LGA1851 | LGA2011 | LGA2011-3 | LGA2066 | ,Yes - 240 mm ,No 
Deepcool GAMMAXX AG620 ARGB,Deepcool ,,R-AG620-BKANMN-G-1 ,300 - 1850 RPM ,29.4 dB ,Black / Silver ,157 mm , AM4 | AM5 | LGA1150 | LGA1151 | LGA1155 | LGA1156 | LGA1200 | LGA1700 | LGA1851 | LGA2011 | LGA2011-3 | LGA2066 | ,No ,No 
Jonsbo CR-1000 EVO Standard,Jonsbo ,,CR-1000 EVO Standard ,600 - 1500 RPM ,22 - 32 dB ,Black ,154 mm , AM4 | AM5 | LGA1150 | LGA1151 | LGA1155 | LGA1156 | LGA1200 | LGA1700 | LGA1851 | ,No ,No 
Ocypus Iota L24,Ocypus ,Iota L24 ,Iota L24 BK ,500 - 2000 RPM ,29 dB ,Black ,, AM4 | AM5 | LGA1150 | LGA1151 | LGA1155 | LGA1156 | LGA1200 | LGA1700 | LGA1851 | ,Yes - 240 mm ,No 
upHere UP1KC4,upHere ,, UP1KC4 | up1KC4 UK UG | ,600 - 1650 RPM ,25 dB ,Black ,155 mm , AM2 | AM2+ | AM3 | AM3+ | AM4 | AM5 | FM1 | FM2 | FM2+ | LGA1150 | LGA1151 | LGA1155 | LGA1156 | LGA1200 | LGA1366 | LGA1700 | LGA1851 | ,No ,No 
ID-COOLING FROZN A620 ARGB,ID-COOLING ,,FROZN A620 ARGB ,500 - 2000 RPM ,29.9 dB ,Black ,154 mm , AM4 | AM5 | LGA1150 | LGA1151 | LGA1155 | LGA1156 | LGA1200 | LGA1700 | LGA1851 | ,No ,No 
Jonsbo CR-1400 V2 ARGB,Jonsbo ,CR-1400 V2 ARGB ,CR-1400 V2 ARGB Black ,800 - 2200 RPM ,22.3 - 33.8 dB ,Black ,133 mm , AM4 | AM5 | LGA1150 | LGA1151 | LGA1155 | LGA1156 | LGA1200 | LGA1700 | LGA1851 | ,No ,No 
Deepcool R-AN600-BKNNMN-G,Deepcool ,,R-AN600-BKNNMN-G ,500 - 1850 RPM ,20 - 24.4 dB ,Black / Silver ,67 mm , AM4 | AM5 | LGA1150 | LGA1151 | LGA1155 | LGA1156 | LGA1200 | LGA1700 | LGA1851 | ,No ,No 
be quiet! Pure Loop 280,be quiet! ,Pure Loop 280 ,BW007 ,,22.5 - 38.1 dB ,Black ,, AM2 | AM2+ | AM3 | AM3+ | AM4 | AM5 | FM1 | FM2 | FM2+ | LGA1150 | LGA1151 | LGA1155 | LGA1156 | LGA1200 | LGA1700 | LGA1851 | LGA2011 | LGA2011-3 | LGA2066 | ,Yes - 280 mm ,No 
Thermalright Core Matrix,Thermalright ,,Core Matrix 360 BLACK ,2150 RPM ,27 dB ,Black ,, AM4 | AM5 | LGA1150 | LGA1151 | LGA1155 | LGA1156 | LGA1200 | LGA1700 | LGA1851 | LGA2011 | LGA2011-3 | LGA2066 | ,Yes - 360 mm ,No 
GAMDIAS CHIONE P5,GAMDIAS ,,CHIONE P5-360 WH ,400 - 2200 RPM ,11 - 34.91 dB ,White ,, AM2 | AM2+ | AM3 | AM3+ | AM4 | AM5 | FM1 | FM2 | FM2+ | LGA1150 | LGA1151 | LGA1155 | LGA1156 | LGA1200 | LGA1700 | LGA1851 | LGA2011 | LGA2011-3 | LGA2066 | ,Yes - 360 mm ,No 
Thermaltake TH420 ARGB Sync,Thermaltake ,TH420 ARGB Sync , CL-W369-PL14SW-A | CL-W369-PL14SW-B | ,500 - 1800 RPM ,34.7 dB ,White ,, AM2 | AM2+ | AM3 | AM3+ | AM4 | AM5 | FM1 | FM2 | FM2+ | LGA1150 | LGA1151 | LGA1155 | LGA1156 | LGA1200 | LGA1700 | LGA1851 | LGA2011 | LGA2011-3 | LGA2066 | ,Yes - 420 mm ,No 
be quiet! Silent Loop 2 280,be quiet! ,Silent Loop 2 280 ,BW011 ,1600 RPM ,16.5 - 36.1 dB ,Black ,, AM2 | AM2+ | AM3 | AM3+ | AM4 | AM5 | FM1 | FM2 | FM2+ | LGA1150 | LGA1151 | LGA1155 | LGA1156 | LGA1200 | LGA1700 | LGA1851 | LGA2011 | LGA2011-3 | LGA2066 | ,Yes - 280 mm ,No 
ARCTIC Freezer 13 CO,ARCTIC ,Freezer 13 CO , UCACO-FZ13100-BL | UCACO-FZ130-BL | ,600 - 2000 RPM ,24.4 dB ,,130 mm , AM2 | AM2+ | AM3 | AM3+ | AM4 | AM5 | FM1 | FM2 | FM2+ | LGA775 | LGA1150 | LGA1151 | LGA1155 | LGA1156 | LGA1200 | LGA1366 | ,No ,No 
Corsair H80i,Corsair ,, H80i | CWCH80i | CW-9060008-WW | ,2700 RPM ,37.68 dB ,,, AM2 | AM2+ | AM3 | AM3+ | FM1 | FM2 | FM2+ | LGA1150 | LGA1151 | LGA1155 | LGA1156 | LGA1200 | LGA1366 | LGA2011 | LGA2011-3 | LGA2066 | ,Yes - 120 mm ,No 
MSI CORE FROZR L,MSI ,, CORE FROZR L | E32-0801920-A87 | ,500 - 1800 RPM ,17.2 - 33.6 dB ,,155 mm , AM2 | AM2+ | AM3 | AM3+ | AM4 | FM1 | FM2 | FM2+ | LGA775 | LGA1150 | LGA1151 | LGA1155 | LGA1156 | LGA1200 | LGA1366 | LGA2011 | LGA2011-3 | LGA2066 | ,No ,No 
ID-COOLING FROSTFLOW X,ID-COOLING ,,FROSTFLOW X 360 ,700 - 1800 RPM ,18 - 35.2 dB ,,, AM2 | AM2+ | AM3 | AM3+ | AM4 | AM5 | sTR4 | sTRX4 | FM1 | FM2 | FM2+ | LGA1150 | LGA1151 | LGA1155 | LGA1156 | LGA1200 | LGA1366 | LGA1700 | LGA1851 | LGA2011 | LGA2011-3 | LGA2066 | ,Yes - 360 mm ,No 
darkFlash Darkair,darkFlash ,Darkair ,DARKAIR ,800 - 1600 RPM ,,Black ,155 mm , AM2 | AM2+ | AM3 | AM3+ | AM4 | FM1 | FM2 | FM2+ | LGA775 | LGA1150 | LGA1151 | LGA1155 | LGA1156 | LGA1200 | LGA1366 | ,No ,No 
MSI MPG CORELIQUID K360,MSI ,, MPG CORELIQUID K360 | 9S6-6A0321-016 | CLK360 | ,,39.9 dB ,Black ,, AM2 | AM2+ | AM3 | AM3+ | AM4 | AM5 | sTR4 | sTRX4 | FM1 | FM2 | FM2+ | LGA1150 | LGA1151 | LGA1155 | LGA1156 | LGA1200 | LGA1366 | LGA1700 | LGA1851 | LGA2011 | LGA2011-3 | LGA2066 | ,Yes - 360 mm ,No 
Lian Li Galahad AIO240 (2022),Lian Li ,Galahad AIO240 (2022) , GA-240B BLACK | GALAHAD AIO 240 v2 RGB BLACK | G89.GA240B.01 | ,800 - 1900 RPM ,32 dB ,Black / Silver ,62 mm , AM4 | AM5 | LGA775 | LGA1150 | LGA1151 | LGA1155 | LGA1156 | LGA1200 | LGA1366 | LGA1700 | LGA1851 | LGA2011 | LGA2011-3 | LGA2066 | ,Yes - 240 mm ,No 
Lian Li Galahad AIO360 (2022),Lian Li ,Galahad AIO360 (2022) , GA-360B BLACK | GALAHAD 360 RGB BLACK V2 | ,800 - 1900 RPM ,32 dB ,Black / Silver ,62 mm , AM4 | AM5 | LGA775 | LGA1150 | LGA1151 | LGA1155 | LGA1156 | LGA1200 | LGA1366 | LGA1700 | LGA1851 | LGA2011 | LGA2011-3 | LGA2066 | ,Yes - 360 mm ,No 
ID-COOLING FX360,ID-COOLING ,FX360 ,FX-360 WHITE ,700 - 1800 RPM ,35.2 dB ,White ,, AM4 | AM5 | LGA1150 | LGA1151 | LGA1155 | LGA1156 | LGA1200 | LGA1700 | LGA1851 | LGA2011 | LGA2011-3 | LGA2066 | ,Yes - 360 mm ,No 
KOLINK Umbra Void,KOLINK ,, PGW-CC-KOL-003 | KL-UA120-WC | ,2200 RPM ,30 dB ,Black ,48 mm , AM2 | AM2+ | AM3 | AM3+ | AM4 | AM5 | FM1 | FM2 | FM2+ | LGA1150 | LGA1151 | LGA1155 | LGA1156 | LGA1200 | LGA1366 | LGA1700 | LGA1851 | LGA2011 | LGA2011-3 | LGA2066 | ,Yes - 120 mm ,No 
be quiet! Pure Loop 2,be quiet! ,,BW017 ,,15.4 - 34.9 dB ,Black ,42 mm , AM4 | AM5 | LGA1150 | LGA1151 | LGA1155 | LGA1156 | LGA1200 | LGA1700 | LGA1851 | ,Yes - 240 mm ,No 
MSI MPG CORELIQUID D240,MSI ,, MPG CORELIQUID D240 | 936-6A1611-003 | ,,,Black ,84 mm , AM4 | AM5 | sTR4 | sTRX4 | LGA1150 | LGA1151 | LGA1155 | LGA1156 | LGA1200 | LGA1700 | LGA1851 | ,Yes - 240 mm ,No 
Deepcool GAMMAXX 300,Deepcool ,, GAMMAXX 300 | DP-MCH3-GMX300 | ,900 - 1600 RPM ,17.8 - 21 dB ,,144 mm , AM2 | AM2+ | AM3 | AM3+ | AM4 | AM5 | FM1 | FM2 | FM2+ | LGA775 | LGA1150 | LGA1151 | LGA1155 | LGA1156 | LGA1200 | LGA1366 | ,No ,No 
Antec Symphony ARGB,Antec ,, 0-761345-74043-2 | Symphony 240 ARGB | ,800 - 1600 RPM ,20 - 35 dB ,Black ,, AM2 | AM2+ | AM3 | AM3+ | AM4 | AM5 | FM1 | FM2 | FM2+ | LGA1150 | LGA1151 | LGA1155 | LGA1156 | LGA1200 | LGA1366 | LGA1700 | LGA1851 | LGA2011 | LGA2011-3 | LGA2066 | ,Yes - 240 mm ,No 
Gelid Solutions Slim Silence AM1,Gelid Solutions ,Slim Silence AM1 ,CC-Ssilence-AM1 ,1200 - 2600 RPM ,15 - 27.2 dB ,,26 mm ,AM1 ,No ,No 
ID-COOLING ZOOMFLOW X,ID-COOLING ,,ZOOMFLOW 240X SNOW ,700 - 1500 RPM ,18 - 26.4 dB ,White ,, AM2 | AM2+ | AM3 | AM3+ | AM4 | AM5 | sTR4 | sTRX4 | FM1 | FM2 | FM2+ | LGA1150 | LGA1151 | LGA1155 | LGA1156 | LGA1200 | LGA1366 | LGA1700 | LGA1851 | LGA2011 | LGA2011-3 | LGA2066 | ,Yes - 240 mm ,No 
ARCTIC Freezer A35 RGB,ARCTIC ,Freezer A35 RGB ,ACFRE00114A ,200 - 1700 RPM ,,Black ,158 mm , AM4 | AM5 | ,No ,No 
ID-COOLING SL PRO SE,ID-COOLING ,,SL360 PRO SE ,300 - 2000 RPM ,27.2 dB ,Black ,58 mm , AM4 | AM5 | LGA1150 | LGA1151 | LGA1155 | LGA1156 | LGA1200 | LGA1700 | LGA1851 | ,Yes - 360 mm ,No 
Lian Li HydroShift LCD 360R RGB,Lian Li ,HydroShift LCD 360R RGB , HSLCD36RB | GHSLCD36RB | G89.GHSLCD36RB.00 | ,300 - 2400 RPM ,30 dB ,Black ,59 mm , AM4 | AM5 | LGA1700 | LGA1851 | ,Yes - 360 mm ,No 
Cooler Master MasterLiquid LC240E RGB,Cooler Master ,MasterLiquid LC240E RGB ,MLA-D24M-A18PC-R1 ,650 - 1800 RPM ,31.5 dB ,Black ,, AM2 | AM2+ | AM3 | AM3+ | AM4 | FM1 | FM2 | FM2+ | LGA1150 | LGA1151 | LGA1155 | LGA1156 | LGA1200 | LGA1366 | LGA2011 | LGA2011-3 | LGA2066 | ,Yes - 240 mm ,No 
Gigabyte AORUS WATERFORCE X,Gigabyte ,, AORUS WATERFORCE X 240 | GP-AORUS WATERFORCE X 240 | GP-AWATERFORCEX240 | ,800 - 2500 RPM ,7.9 - 37.6 dB ,Black ,, AM4 | AM5 | sTR4 | sTRX4 | LGA1150 | LGA1151 | LGA1155 | LGA1156 | LGA1200 | LGA1366 | LGA1700 | LGA1851 | LGA2011 | LGA2011-3 | LGA2066 | ,Yes - 240 mm ,No 
Xilence LQ240,Xilence ,LQ240 , XC975 | LQ240 | ,700 - 1600 RPM ,18 - 32.5 dB ,Red / Black ,47 mm , AM4 | AM5 | LGA1150 | LGA1151 | LGA1155 | LGA1156 | LGA1200 | LGA1366 | LGA1700 | LGA1851 | LGA2011 | LGA2011-3 | LGA2066 | ,Yes - 240 mm ,No 
EVGA ACX,EVGA ,ACX ,100-FS-C201-KR ,2800 RPM ,42.5 dB ,,162 mm , AM2 | AM2+ | AM3 | AM3+ | FM1 | FM2 | FM2+ | LGA775 | LGA1150 | LGA1151 | LGA1155 | LGA1156 | LGA1200 | LGA1366 | LGA2011 | LGA2011-3 | LGA2066 | ,No ,No 
Silverstone HE02-V2,Silverstone ,HE02-V2 ,SST-HE02-V2 ,,0 dB ,Silver ,160 mm , AM2 | AM2+ | AM3 | AM3+ | AM4 | sTR4 | sTRX4 | FM1 | FM2 | FM2+ | LGA775 | LGA1150 | LGA1151 | LGA1155 | LGA1156 | LGA1200 | LGA1366 | LGA2011 | LGA2011-3 | LGA2066 | ,No ,Yes 
Thermalright Frost Spirit 140 V3 BLACK,Thermalright ,Frost Spirit 140 V3 BLACK ,FS140 V3 BLACK ,1500 RPM ,25.6 dB ,Black ,158 mm , AM4 | AM5 | LGA1150 | LGA1151 | LGA1155 | LGA1156 | LGA1200 | LGA1700 | LGA1851 | LGA2011 | LGA2011-3 | LGA2066 | ,No ,No 
EVGA CLCx 280,EVGA ,CLCx 280 ,400-HY-CX28-V1 ,,35 dB ,Black ,, AM4 | AM5 | sTR4 | sTRX4 | LGA1150 | LGA1151 | LGA1155 | LGA1156 | LGA1200 | LGA1700 | LGA1851 | ,Yes - 280 mm ,No 
Thermaltake TOUGHAIR 710,Thermaltake ,,CL-P117-CA14BL-A ,300 - 1400 RPM ,18.5 - 23.9 dB ,Black ,165 mm , AM4 | AM5 | LGA1150 | LGA1151 | LGA1155 | LGA1156 | LGA1200 | LGA1700 | LGA1851 | LGA2011 | LGA2011-3 | LGA2066 | ,No ,No 
Deepcool AN600,Deepcool ,,AN 600 ,500 - 1850 RPM ,20.4 - 24.2 dB ,Black / Silver ,67 mm , AM4 | AM5 | LGA1150 | LGA1151 | LGA1155 | LGA1156 | LGA1200 | LGA1700 | LGA1851 | ,No ,No 
Thermaltake TOUGHAIR 510,Thermaltake ,,CL-P075-AL12BL-A ,500 - 2000 RPM ,23.6 dB ,Black / Gray ,160 mm , AM2 | AM2+ | AM3 | AM3+ | AM4 | FM1 | FM2 | FM2+ | LGA1150 | LGA1151 | LGA1155 | LGA1156 | LGA1200 | LGA1700 | LGA1851 | ,No ,No 
Alphacool Eisbaer Pro Aurora,Alphacool ,,11771 ,,31.5 dB ,Black ,, AM4 | AM5 | sTR4 | sTRX4 | LGA1150 | LGA1151 | LGA1155 | LGA1156 | LGA1200 | LGA1700 | LGA1851 | LGA2011 | LGA2011-3 | LGA2011-3 Narrow | LGA2066 | ,Yes - 360 mm ,No 
Mars Gaming ML-ONE,Mars Gaming ,,MLONE120P ,600 - 1800 RPM ,9 - 26 dB ,Pink ,, AM2 | AM2+ | AM3 | AM3+ | AM4 | AM5 | FM1 | FM2 | FM2+ | LGA1150 | LGA1151 | LGA1155 | LGA1156 | LGA1200 | LGA1700 | LGA1851 | LGA2011 | LGA2011-3 | LGA2066 | ,Yes - 120 mm ,No 
Mars Gaming ML-ONE,Mars Gaming ,,MLONE240 ,600 - 1800 RPM ,9 - 26 dB ,Black ,42 mm , AM2 | AM2+ | AM3 | AM3+ | AM4 | AM5 | sTR4 | sTRX4 | FM1 | FM2 | FM2+ | LGA1150 | LGA1151 | LGA1155 | LGA1156 | LGA1200 | LGA1700 | LGA1851 | LGA2011 | LGA2011-3 | LGA2066 | ,Yes - 240 mm ,No 
Zalman CNPS9X Performa ARGB,Zalman ,, CNPS9X Performa ARGB White | CNPS9X Performa ARGB WH | ,700 - 1800 RPM ,28 dB ,White ,157 mm , AM4 | AM5 | LGA1150 | LGA1151 | LGA1155 | LGA1156 | LGA1200 | LGA1700 | LGA1851 | ,No ,No 
Corsair H50,Corsair ,H50 ,CWCH50-1 ,1700 RPM ,30.32 dB ,,, AM2 | AM2+ | AM3 | AM3+ | AM4 | FM1 | FM2 | FM2+ | LGA775 | LGA1150 | LGA1151 | LGA1155 | LGA1156 | LGA1200 | LGA1366 | ,Yes - 120 mm ,No 
Corsair H110i GTX,Corsair ,H110i GTX , CW-9060020 | CW-9060020-WW | ,2000 RPM ,40 dB ,,, AM2 | AM2+ | AM3 | AM3+ | AM4 | FM1 | FM2 | FM2+ | LGA1150 | LGA1151 | LGA1155 | LGA1156 | LGA1200 | LGA1366 | LGA2011 | LGA2011-3 | LGA2066 | ,Yes - 280 mm ,No 
Intel BXTS13X,Intel ,,BXTS13X ,800 - 2200 RPM ,21 - 35 dB ,,, AM2 | AM2+ | AM3 | AM3+ | FM1 | FM2 | FM2+ | LGA1150 | LGA1151 | LGA1155 | LGA1156 | LGA1200 | LGA1366 | LGA2011 | LGA2011-3 | LGA2066 | ,Yes - 120 mm ,No 
ARCTIC Freezer 33 eSports ONE (Black/Red),ARCTIC ,Freezer 33 eSports ONE (Black/Red) ,ACFRE00042A ,200 - 1800 RPM ,24.4 dB ,Black / Red ,150 mm , AM4 | AM5 | LGA1150 | LGA1151 | LGA1155 | LGA1156 | LGA1200 | LGA2011 | LGA2011-3 | LGA2066 | ,No ,No 
Corsair H75 2018,Corsair ,H75 2018 ,CW-9060035-WW ,1900 RPM ,31 dB ,Black ,, AM2 | AM2+ | AM3 | AM3+ | AM4 | AM5 | FM1 | FM2 | FM2+ | LGA1150 | LGA1151 | LGA1155 | LGA1156 | LGA1200 | LGA2011 | LGA2011-3 | LGA2066 | ,Yes - 120 mm ,No 
Thermalright Frozen Vision 360,Thermalright ,Frozen Vision 360 ,Frozen Vision 360 BLACK ,2150 RPM ,27 dB ,Black ,, AM4 | AM5 | LGA1150 | LGA1151 | LGA1155 | LGA1156 | LGA1200 | LGA1700 | LGA1851 | LGA2011 | LGA2011-3 | LGA2066 | ,Yes - 360 mm ,No 
Alphacool Eisbaer 360,Alphacool ,Eisbaer 360 , 11286 | 1012138 | ,550 - 1700 RPM ,29 dB ,Black ,, AM2 | AM2+ | AM3 | AM3+ | AM4 | AM5 | sTR4 | sTRX4 | FM1 | FM2 | FM2+ | LGA1150 | LGA1151 | LGA1155 | LGA1156 | LGA1200 | LGA1366 | LGA2011 | LGA2011-3 | LGA2066 | ,Yes - 360 mm ,No 
Thermalright SI-100,Thermalright ,, SI-100 | TR-SI-100 | ,2000 RPM ,27.7 dB ,Gray ,100 mm , AM4 | AM5 | LGA1150 | LGA1151 | LGA1155 | LGA1156 | LGA1200 | LGA1700 | LGA1851 | LGA2011 | LGA2011-3 | LGA2066 | ,No ,No 
Asus ROG STRIX LC III ARGB,Asus ,,ROG Strix LC III 240 ARGB WHT ,800 - 2200 RPM ,36 dB ,White ,, AM4 | AM5 | LGA1150 | LGA1151 | LGA1155 | LGA1156 | LGA1200 | LGA1700 | LGA1851 | ,Yes - 240 mm ,No 
Cooler Master MasterLiquid 120,Cooler Master ,MasterLiquid 120 ,MLX-D12M-A20PW-R1 ,650 - 2000 RPM ,6 - 30 dB ,,, AM2 | AM2+ | AM3 | AM3+ | AM4 | AM5 | FM1 | FM2 | FM2+ | LGA775 | LGA1150 | LGA1151 | LGA1155 | LGA1156 | LGA1200 | LGA1366 | LGA2011 | LGA2011-3 | LGA2066 | ,Yes - 120 mm ,No 
ID-COOLING FROZN A410 ARGB,ID-COOLING ,,FROZN A410 ARGB ,500 - 2000 RPM ,29.9 dB ,Black ,152 mm , AM4 | AM5 | LGA1150 | LGA1151 | LGA1155 | LGA1156 | LGA1200 | LGA1700 | LGA1851 | ,No ,No 
Dynatron T318,Dynatron ,,T318 ,,0 dB ,,27 mm ,LGA2011-3 Narrow ,No ,Yes 
Cooler Master Hyper 212 Plus,Cooler Master ,Hyper 212 Plus ,RR-B10-212P-G1 ,600 - 2000 RPM ,13 - 32 dB ,,159 mm , AM2 | AM2+ | AM3 | AM3+ | FM1 | FM2 | FM2+ | LGA775 | LGA1150 | LGA1151 | LGA1155 | LGA1156 | LGA1200 | LGA1366 | ,No ,No 
ARCTIC Freezer 34 eSports DUO,ARCTIC ,Freezer 34 eSports DUO ,ACFRE00063A ,200 - 2100 RPM ,24.4 dB ,Green / Black ,157 mm , AM4 | AM5 | LGA1150 | LGA1151 | LGA1155 | LGA1156 | LGA1200 | LGA1700 | LGA1851 | LGA2011 | LGA2011-3 | LGA2066 | ,No ,No 
ID-COOLING PINKFLOW 240 DIAMOND PURPLE,ID-COOLING ,,PINKFLOW 240 DIAMOND PURPLE ,900 - 2000 RPM ,16.3 - 33.5 dB ,Pink / Purple ,, AM4 | AM5 | LGA1150 | LGA1151 | LGA1155 | LGA1156 | LGA1200 | LGA2011 | LGA2011-3 | LGA2066 | ,Yes - 240 mm ,No 
ID-COOLING SE-214-XT PRO,ID-COOLING ,,SE-214-XT PRO ,600 - 1500 RPM ,28.9 dB ,Black / Silver ,151 mm , AM4 | AM5 | LGA1150 | LGA1151 | LGA1155 | LGA1156 | LGA1200 | LGA1700 | LGA1851 | LGA2011 | LGA2011-3 | LGA2066 | ,No ,No 
Lian Li ALC 360,Lian Li ,ALC 360 , ACL360B BLACK | ALC360B BLACK | ,300 - 2450 RPM ,30 dB ,,, AM4 | AM5 | LGA1150 | LGA1151 | LGA1155 | LGA1156 | LGA1200 | LGA1700 | LGA1851 | ,Yes - 360 mm ,No 
Xigmatek Windpower Pro,Xigmatek ,Windpower Pro ,EN44276 ,800 - 1800 RPM ,25.3 dB ,Black ,157 mm , AM2 | AM2+ | AM3 | AM3+ | AM4 | AM5 | FM1 | FM2 | FM2+ | LGA1150 | LGA1151 | LGA1155 | LGA1156 | LGA1200 | LGA1700 | LGA1851 | LGA2011 | LGA2011-3 | LGA2066 | ,No ,No 
Thermaltake TH240 V2 Ultra ARGB Sync,Thermaltake ,TH240 V2 Ultra ARGB Sync ,CL-W404-PL12SW-A ,500 - 1800 RPM ,25.8 dB ,White ,, AM2 | AM2+ | AM3 | AM3+ | AM4 | AM5 | FM1 | FM2 | FM2+ | LGA1150 | LGA1151 | LGA1155 | LGA1156 | LGA1200 | LGA1700 | LGA1851 | LGA2011 | LGA2011-3 | LGA2066 | ,Yes - 240 mm ,No 
Silverstone Krypton KR02,Silverstone ,Krypton KR02 ,SST-KR02 ,800 - 2800 RPM ,13.6 - 34.8 dB ,Black / Silver ,125 mm , AM2 | AM2+ | AM3 | AM3+ | AM4 | AM5 | FM1 | FM2 | FM2+ | LGA1150 | LGA1151 | LGA1155 | LGA1156 | LGA1200 | LGA1366 | LGA2011 | LGA2011-3 | LGA2066 | ,No ,No 
Silverstone NT07-115X,Silverstone ,NT07-115X , SST-NT07-115X-USA | SST-NT07-115X | NT07-115X | ,1500 - 3600 RPM ,21.9 - 34.7 dB ,Silver / Black ,23 mm , LGA1150 | LGA1151 | LGA1155 | LGA1156 | LGA1200 | ,No ,No 
StarTech FAN1156PWM,StarTech ,,FAN1156PWM ,1000 - 3000 RPM ,33 dB ,,55 mm , LGA1150 | LGA1151 | LGA1155 | LGA1156 | LGA1200 | ,No ,No 
Xilence A402,Xilence ,A402 , XC025 | A402 | ,600 - 2200 RPM ,14 - 23.8 dB ,Red / Black ,137 mm , AM4 | AM5 | ,No ,No 
Deepcool LQ240,Deepcool ,LQ240 ,R-LQ240-BKLSMW-G-1 ,500 - 2400 RPM ,38.71 dB ,Black ,64 mm , AM4 | AM5 | LGA1150 | LGA1151 | LGA1155 | LGA1156 | LGA1200 | LGA1700 | LGA1851 | ,Yes - 240 mm ,No 
Thermalright Aqua Elite ARGB,Thermalright ,,Aqua Elite 240 WHITE ARGB ,1550 RPM ,25.6 dB ,White ,, AM2 | AM2+ | AM3 | AM3+ | AM4 | AM5 | FM1 | FM2 | FM2+ | LGA1150 | LGA1151 | LGA1155 | LGA1156 | LGA1200 | LGA1700 | LGA1851 | LGA2011 | LGA2011-3 | LGA2066 | ,Yes - 240 mm ,No 
ARCTIC Alpine 12,ARCTIC ,Alpine 12 ,ACALP00027A ,100 - 2000 RPM ,,Black / White ,77 mm , LGA1150 | LGA1151 | LGA1155 | LGA1156 | LGA1200 | ,No ,No 
Asus ROG STRIX LC 360 RGB,Asus ,, ROG STRIX LC 360 RGB | 90RC0071-M0UAY0 | ,800 - 2500 RPM ,37.6 dB ,Black ,, AM4 | AM5 | sTR4 | sTRX4 | LGA1150 | LGA1151 | LGA1155 | LGA1156 | LGA1200 | LGA1366 | LGA2011 | LGA2011-3 | LGA2066 | ,Yes - 360 mm ,No 
Cooler Master Hyper TX3,Cooler Master ,Hyper TX3 ,RR-910-HTX3-G1 ,800 - 2800 RPM ,17 - 35 dB ,,139 mm , AM2 | AM2+ | AM3 | AM3+ | AM4 | FM1 | FM2 | FM2+ | LGA775 | LGA1150 | LGA1151 | LGA1155 | LGA1156 | LGA1200 | ,No ,No 
Noctua NH-U12P SE2,Noctua ,,NH-U12P SE2 ,900 - 1300 RPM ,12.6 - 19.8 dB ,,158 mm , AM2 | AM2+ | AM3 | AM3+ | AM4 | AM5 | FM1 | FM2 | FM2+ | LGA775 | LGA1150 | LGA1151 | LGA1155 | LGA1156 | LGA1200 | LGA1366 | LGA1700 | LGA1851 | ,No ,No 
Cooler Master Seidon 120V,Cooler Master ,Seidon 120V ,RL-S12V-24PK-R1 ,2400 RPM ,19 - 40 dB ,,44 mm , AM2 | AM2+ | AM3 | AM3+ | AM4 | FM1 | FM2 | FM2+ | LGA775 | LGA1150 | LGA1151 | LGA1155 | LGA1156 | LGA1200 | LGA1366 | LGA2011 | LGA2011-3 | LGA2011-3 Narrow | LGA2066 | ,Yes - 120 mm ,No 
Thermaltake Floe DX RGB 360 TT Premium Edition,Thermaltake ,Floe DX RGB 360 TT Premium Edition ,CL-W256-PL12SW-A ,500 - 1500 RPM ,19 - 23.9 dB ,Black / Gray ,, AM2 | AM2+ | AM3 | AM3+ | AM4 | AM5 | FM1 | FM2 | FM2+ | LGA1150 | LGA1151 | LGA1155 | LGA1156 | LGA1200 | LGA1366 | LGA2011 | LGA2011-3 | LGA2066 | ,Yes - 360 mm ,No 
Deepcool AK500,Deepcool ,, R-AK500-BKNNMT-G | AK500 | ,500 - 1850 RPM ,,Black / Silver ,158 mm , AM4 | AM5 | LGA1150 | LGA1151 | LGA1155 | LGA1156 | LGA1200 | LGA1700 | LGA1851 | LGA2011 | LGA2011-3 | LGA2066 | ,No ,No 
Deepcool LS520 WH,Deepcool ,LS520 WH , R-LS520-WHAMNT-G-1 | LS520 WH | ,500 - 2250 RPM ,32.9 dB ,White ,, AM4 | AM5 | sTR4 | sTRX4 | LGA1150 | LGA1151 | LGA1155 | LGA1156 | LGA1200 | LGA1700 | LGA1851 | LGA2011 | LGA2011-3 | LGA2066 | ,Yes - 240 mm ,No 
Thermaltake TOUGHAIR 310,Thermaltake ,TOUGHAIR 310 ,CL-P074-AL12BL-A ,500 - 2000 RPM ,23.6 dB ,Black / Gray ,160 mm , AM2 | AM2+ | AM3 | AM3+ | AM4 | AM5 | FM1 | FM2 | FM2+ | LGA1150 | LGA1151 | LGA1155 | LGA1156 | LGA1200 | LGA1700 | LGA1851 | ,No ,No 
Zalman CNPS9X Performa,Zalman ,,CNPS9X Performa Black ,700 - 1800 RPM ,28 dB ,Black ,157 mm , AM4 | AM5 | LGA1150 | LGA1151 | LGA1155 | LGA1156 | LGA1200 | LGA1700 | LGA1851 | ,No ,No 
DARKROCK D240,DARKROCK ,,D240 ,800 - 1800 RPM ,27.2 dB ,Black ,48 mm , AM4 | AM5 | LGA1150 | LGA1151 | LGA1155 | LGA1156 | LGA1200 | LGA1700 | LGA1851 | ,Yes - 240 mm ,No 
Alphacool Core Ocean T38,Alphacool ,,13051 ,,0 - 34.3 dB ,Black ,, AM4 | AM5 | LGA1150 | LGA1151 | LGA1155 | LGA1156 | LGA1200 | LGA1700 | LGA1851 | LGA2011 | LGA2011-3 | LGA2066 | ,Yes - 240 mm ,No 
ARCTIC Alpine AM4 CO,ARCTIC ,Alpine AM4 CO ,ACALP00032A ,100 - 2700 RPM ,,Black ,69 mm , AM2 | AM2+ | AM3 | AM3+ | AM4 | AM5 | FM1 | FM2 | FM2+ | ,No ,No 
GameMax Sigma 550 Infinity,GameMax ,,Sigma 550 Infinity WH ,800 - 1800 RPM ,32.5 dB ,White ,153 mm , AM4 | AM5 | LGA1150 | LGA1151 | LGA1155 | LGA1156 | LGA1200 | LGA1366 | LGA1700 | LGA1851 | ,No ,No 
FSP Group NP5,FSP Group ,, NP5 BLACK | NP5-B | POO0000012 | ,800 - 1600 RPM ,28 dB ,Black ,151 mm , AM4 | AM5 | LGA1150 | LGA1151 | LGA1155 | LGA1156 | LGA1200 | LGA1700 | LGA1851 | ,No ,No 
Jonsbo CA40,Jonsbo ,,CA40 Black ,800 - 1800 RPM ,17 - 32.6 dB ,Black / Silver ,157 mm , AM4 | AM5 | LGA1150 | LGA1151 | LGA1155 | LGA1156 | LGA1200 | LGA1700 | LGA1851 | ,No ,No 
Thermaltake Floe Riing RGB 240 TT Premium Edition,Thermaltake ,Floe Riing RGB 240 TT Premium Edition ,CL-W157-PL12SW-A ,500 - 1400 RPM ,19.8 - 24.7 dB ,,, AM2 | AM2+ | AM3 | AM3+ | AM4 | sTR4 | sTRX4 | FM1 | FM2 | FM2+ | LGA1150 | LGA1151 | LGA1155 | LGA1156 | LGA1200 | LGA1366 | LGA2011 | LGA2011-3 | LGA2066 | ,Yes - 240 mm ,No 
Xilence I404T,Xilence ,I404T , XC041 | I404T | ,600 - 2200 RPM ,14 - 21.8 dB ,Red / Black ,55 mm , LGA1150 | LGA1151 | LGA1155 | LGA1156 | LGA1200 | LGA1700 | LGA1851 | ,No ,No 
Deepcool GAMMAXX GTE V2,Deepcool ,GAMMAXX GTE V2 ,DP-MCH4-GMX-GTE-V2WH ,500 - 1650 RPM ,27.8 dB ,White ,158 mm , AM2 | AM2+ | AM3 | AM3+ | AM4 | AM5 | FM1 | FM2 | FM2+ | LGA1150 | LGA1151 | LGA1155 | LGA1156 | LGA1200 | LGA1366 | LGA1700 | LGA1851 | ,No ,No 
Thermaltake TOUGHAIR 510,Thermaltake ,,CL-P075-AL12RG-A ,500 - 1200 RPM ,23.6 dB ,Green ,160 mm , AM2 | AM2+ | AM3 | AM3+ | AM4 | FM1 | FM2 | FM2+ | LGA1150 | LGA1151 | LGA1155 | LGA1156 | LGA1200 | LGA1700 | LGA1851 | ,No ,No 
Cooler Master MasterLiquid ML360 Mirror,Cooler Master ,MasterLiquid ML360 Mirror ,MLX-D36M-A18PK-R1 ,650 - 1800 RPM ,8 - 27 dB ,Black ,, AM2 | AM2+ | AM3 | AM3+ | AM4 | AM5 | FM1 | FM2 | FM2+ | LGA1150 | LGA1151 | LGA1155 | LGA1156 | LGA1200 | LGA2011 | LGA2011-3 | LGA2066 | ,Yes - 360 mm ,No 
ARCTIC Freezer Xtreme Rev.2,ARCTIC ,Freezer Xtreme Rev.2 ,UCACO-P0900-CSB01 ,800 - 1500 RPM ,24.4 dB ,,131 mm , AM2 | AM2+ | AM3 | AM3+ | AM4 | AM5 | FM1 | FM2 | FM2+ | LGA775 | LGA1150 | LGA1151 | LGA1155 | LGA1156 | LGA1200 | LGA1366 | ,No ,No 
SilentiumPC Fortis 3 HE1425,SilentiumPC ,Fortis 3 HE1425 ,SPC130 ,500 - 1400 RPM ,8 - 22 dB ,,158 mm , AM2 | AM2+ | AM3 | AM3+ | AM4 | FM1 | FM2 | FM2+ | LGA775 | LGA1150 | LGA1151 | LGA1155 | LGA1156 | LGA1200 | LGA1366 | LGA2011 | LGA2011-3 | LGA2066 | ,No ,No 
ARCTIC Freezer 34,ARCTIC ,Freezer 34 ,ACFRE00052A ,200 - 1800 RPM ,,Black / Silver ,157 mm , AM4 | AM5 | LGA1150 | LGA1151 | LGA1155 | LGA1156 | LGA1200 | LGA1700 | LGA1851 | LGA2011 | LGA2011-3 | LGA2066 | ,No ,No 
Thermalright AXP-100 Full Copper,Thermalright ,,AXP-100 Full Copper ,900 - 2500 RPM ,,Orange ,58 mm , AM4 | LGA775 | LGA1150 | LGA1151 | LGA1155 | LGA1156 | LGA1200 | LGA1366 | LGA1700 | LGA1851 | LGA2011 | LGA2011-3 | LGA2066 | ,No ,No 
Jonsbo CR-3000 ARGB,Jonsbo ,,CR-3000 ARGB Black ,600 - 1500 RPM ,22 - 32 dB ,Black / Silver ,160 mm , AM4 | AM5 | LGA1150 | LGA1151 | LGA1155 | LGA1156 | LGA1200 | LGA1700 | LGA1851 | LGA2011 | LGA2011-3 | LGA2066 | ,No ,No 
Cooler Master Hyper 212 LED Turbo ARGB,Cooler Master ,Hyper 212 LED Turbo ARGB ,RR-212TK-18PA-R1 ,650 - 1800 RPM ,27 dB ,Black ,159 mm , AM2 | AM2+ | AM3 | AM3+ | AM4 | AM5 | FM1 | FM2 | FM2+ | LGA1366 | LGA1700 | LGA1851 | LGA2011 | LGA2011-3 | LGA2066 | ,No ,No 
Thermalright Frozen Vision 360,Thermalright ,Frozen Vision 360 ,Frozen Vision 360 WHITE ,2150 RPM ,27 dB ,White ,, AM4 | AM5 | LGA1150 | LGA1151 | LGA1155 | LGA1156 | LGA1200 | LGA1700 | LGA1851 | LGA2011 | LGA2011-3 | LGA2066 | ,Yes - 360 mm ,No 
ID-COOLING FROZN A610 ARGB WHITE,ID-COOLING ,,FROZN A610 ARGB WHITE ,500 - 2000 RPM ,29.9 dB ,White ,155 mm , AM4 | AM5 | LGA1150 | LGA1151 | LGA1155 | LGA1156 | LGA1200 | LGA1700 | LGA1851 | LGA2011 | LGA2011-3 | LGA2066 | ,No ,No 
Ocypus Iota L36,Ocypus ,Iota L36 ,Iota L36 BK ,500 - 2000 RPM ,29 dB ,Black ,, AM4 | AM5 | LGA1150 | LGA1151 | LGA1155 | LGA1156 | LGA1200 | LGA1700 | LGA1851 | ,Yes - 360 mm ,No 
GAMDIAS AURA GL360 V2,GAMDIAS ,AURA GL360 V2 , AURA GL360 V2 WH | GD-AURA GL360 V2 WH | ,800 - 1800 RPM ,33.8 dB ,White ,, AM2 | AM2+ | AM3 | AM3+ | AM4 | AM5 | FM1 | FM2 | FM2+ | LGA1150 | LGA1151 | LGA1155 | LGA1156 | LGA1200 | LGA1700 | LGA1851 | LGA2011 | LGA2011-3 | LGA2066 | ,Yes - 360 mm ,No 
ALPHAGEAR AirChill PRISM 65D PRO,ALPHAGEAR ,,AG-PRISM65D-PRO-BK ,600 - 1600 RPM ,26.7 dB ,Black ,165 mm , AM4 | AM5 | LGA1150 | LGA1151 | LGA1155 | LGA1156 | LGA1200 | LGA1700 | LGA1851 | ,No ,No 
Alphacool Core Ocean T38,Alphacool ,,13053 ,,0 - 36 dB ,Black ,, AM4 | AM5 | LGA1150 | LGA1151 | LGA1155 | LGA1156 | LGA1200 | LGA1700 | LGA1851 | LGA2011 | LGA2011-3 | LGA2066 | ,Yes - 280 mm ,No 
ID-COOLING FROZN A410 DW,ID-COOLING ,,FROZN A410 DW ,500 - 2000 RPM ,29.85 dB ,White ,152 mm , AM4 | AM5 | LGA1150 | LGA1151 | LGA1155 | LGA1156 | LGA1200 | LGA1700 | LGA1851 | ,No ,No 
Thermaltake UX200 ARGB,Thermaltake ,UX200 ARGB ,CL-P065-AL12SW-A ,300 - 1500 RPM ,26.33 dB ,Black ,154 mm , AM2 | AM2+ | AM3 | AM3+ | AM4 | FM1 | FM2 | FM2+ | LGA775 | LGA1150 | LGA1151 | LGA1155 | LGA1156 | LGA1200 | ,No ,No 
Mars Gaming MCPU-X5 ARGB,Mars Gaming ,,MCPUX5ARGB ,800 - 2000 RPM ,9 - 28 dB ,Black ,154 mm , AM4 | AM5 | LGA1150 | LGA1151 | LGA1155 | LGA1156 | LGA1200 | LGA1366 | LGA1700 | LGA1851 | ,No ,No 
Asus ROG RYUO 120 RGB,Asus ,ROG RYUO 120 RGB , ROG RYUO 120 | 90RC0010-M0UAY0 | ,800 - 2500 RPM ,37 dB ,Black ,, AM2 | AM2+ | AM3 | AM3+ | AM4 | AM5 | sTR4 | sTRX4 | FM1 | FM2 | FM2+ | LGA1150 | LGA1151 | LGA1155 | LGA1156 | LGA1200 | LGA1366 | ,Yes - 120 mm ,No 
Enermax ETS-T50 AXE ARGB,Enermax ,ETS-T50 AXE ARGB ,ETS-T50A-W-ARGB ,500 - 1600 RPM ,14 - 24 dB ,White ,160 mm , AM2 | AM2+ | AM3 | AM3+ | AM4 | AM5 | FM1 | FM2 | FM2+ | LGA1150 | LGA1151 | LGA1155 | LGA1156 | LGA1200 | LGA1366 | LGA1700 | LGA1851 | LGA2011 | LGA2011-3 | LGA2066 | ,No ,No 
Xilence M504D,Xilence ,M504D , XC044 | M504D | ,600 - 2200 RPM ,14 - 21.8 dB ,Red / Black ,105 mm , LGA1150 | LGA1151 | LGA1155 | LGA1156 | LGA1200 | LGA1700 | LGA1851 | LGA2011 | LGA2011-3 | LGA2066 | ,No ,No 
Mars Gaming MCPU-X5,Mars Gaming ,,MCPUX5 ,800 - 2000 RPM ,9 - 28 dB ,Black ,154 mm , AM4 | AM5 | LGA1150 | LGA1151 | LGA1155 | LGA1156 | LGA1200 | LGA1366 | LGA1700 | LGA1851 | ,No ,No 
NZXT Kraken X41,NZXT ,Kraken X41 ,RL-KRX41-01 ,800 - 2000 RPM ,20 - 37 dB ,,, AM2 | AM2+ | AM3 | AM3+ | AM4 | AM5 | FM1 | FM2 | FM2+ | LGA1150 | LGA1151 | LGA1155 | LGA1156 | LGA1200 | LGA1366 | LGA1700 | LGA1851 | LGA2011 | LGA2011-3 | LGA2066 | ,Yes - 140 mm ,No 
Corsair H100i GTX,Corsair ,H100i GTX , CW-9060021-WW | H100i GTX | ,2435 RPM ,37.7 dB ,,, AM2 | AM2+ | AM3 | AM3+ | AM4 | FM1 | FM2 | FM2+ | LGA1150 | LGA1151 | LGA1155 | LGA1156 | LGA1200 | LGA2011 | LGA2011-3 | LGA2066 | ,Yes - 240 mm ,No 
ARCTIC Freezer 34 eSports,ARCTIC ,Freezer 34 eSports ,ACFRE00057A ,200 - 2100 RPM ,,White / Black ,157 mm , AM4 | AM5 | LGA1150 | LGA1151 | LGA1155 | LGA1156 | LGA1200 | LGA1700 | LGA1851 | LGA2011 | LGA2011-3 | LGA2066 | ,No ,No 
ID-COOLING FROSTFLOW X,ID-COOLING ,,FROSTFLOW X 120 ,700 - 1800 RPM ,18 - 35.2 dB ,,, AM2 | AM2+ | AM3 | AM3+ | AM4 | AM5 | sTR4 | sTRX4 | FM1 | FM2 | FM2+ | LGA1150 | LGA1151 | LGA1155 | LGA1156 | LGA1200 | LGA1366 | LGA1700 | LGA1851 | LGA2011 | LGA2011-3 | LGA2066 | ,Yes - 120 mm ,No 
Deepcool GAMMAXX 400 XT,Deepcool ,,DP-MCH4-GMX400-XT ,500 - 1500 RPM ,27 dB ,Black ,157 mm , AM4 | AM5 | LGA1150 | LGA1151 | LGA1155 | LGA1156 | LGA1200 | LGA1700 | LGA1851 | ,No ,No 
Xilence I350PWM,Xilence ,I350PWM , XC232 | I350PWM | ,800 - 2500 RPM ,17.6 - 26.4 dB ,Red / Black ,70 mm , LGA1700 | LGA1851 | ,No ,No 
ALPHAGEAR AirChill PRISM 60D PRO,ALPHAGEAR ,,AG-PRISM60D-PRO-BK ,800 - 1800 RPM ,33.1 dB ,Black ,158 mm , AM4 | AM5 | LGA1150 | LGA1151 | LGA1155 | LGA1156 | LGA1200 | LGA1700 | LGA1851 | ,No ,No 
Thermaltake TOUGHLIQUID Ultra,Thermaltake ,,CL-W374-PL14BL-A ,500 - 2000 RPM ,33.2 dB ,Black ,, AM2 | AM2+ | AM3 | AM3+ | AM4 | AM5 | FM1 | FM2 | FM2+ | LGA1150 | LGA1151 | LGA1155 | LGA1156 | LGA1200 | LGA1700 | LGA1851 | LGA2011 | LGA2011-3 | LGA2066 | ,Yes - 280 mm ,No 
Geometric Future Eskimo Pro 36,Geometric Future ,Eskimo Pro 36 ,GEO-EP-36B ,2000 RPM ,34.2 dB ,Black ,54 mm , AM4 | AM5 | LGA1150 | LGA1151 | LGA1155 | LGA1156 | LGA1200 | LGA1700 | LGA1851 | LGA2011 | LGA2011-3 | LGA2066 | ,Yes - 360 mm ,No 
Corsair H110,Corsair ,, H110 | CWCH110 | CW-9060014-WW | ,1500 RPM ,35 dB ,,, AM2 | AM2+ | AM3 | AM3+ | FM1 | FM2 | FM2+ | LGA1150 | LGA1151 | LGA1155 | LGA1156 | LGA1200 | LGA1366 | LGA2011 | LGA2011-3 | LGA2066 | ,Yes - 280 mm ,No 
Ocypus Iota A62,Ocypus ,,Iota A62 WH ,500 - 2000 RPM ,29 dB ,White ,158 mm , AM4 | AM5 | LGA1150 | LGA1151 | LGA1155 | LGA1156 | LGA1200 | LGA1700 | LGA1851 | ,No ,No 
Antec A40PRO,Antec ,, A40PRO | 0-761345-10923-9 | ,800 - 2200 RPM ,16 - 23 dB ,,136 mm , AM2 | AM2+ | AM3 | AM3+ | AM4 | FM1 | FM2 | FM2+ | LGA775 | LGA1150 | LGA1151 | LGA1155 | LGA1156 | LGA1200 | ,No ,No 
be quiet! Shadow Rock TF 2,be quiet! ,Shadow Rock TF 2 ,BK003 ,1400 RPM ,11.9 - 24.4 dB ,Silver / Black ,112 mm , AM2 | AM2+ | AM3 | AM3+ | AM4 | FM1 | FM2 | FM2+ | LGA775 | LGA1150 | LGA1151 | LGA1155 | LGA1156 | LGA1200 | LGA1366 | LGA2011 | LGA2011-3 | LGA2066 | ,No ,No 
Cooler Master I70,Cooler Master ,I70 ,RR-I7A7-18FK-N1 ,1800 RPM ,28 dB ,Black / Silver ,70 mm , LGA1700 | LGA1851 | ,No ,No 
Noctua NH-L9a,Noctua ,,NH-L9a ,2500 RPM ,,,37 mm , AM2 | AM2+ | AM3 | AM3+ | AM4 | AM5 | FM1 | FM2 | FM2+ | ,No ,No 
be quiet! Dark Rock TF,be quiet! ,Dark Rock TF ,BK020 ,1400 RPM ,11.9 - 26.7 dB ,,131 mm , AM2 | AM2+ | AM3 | AM3+ | AM4 | FM1 | FM2 | FM2+ | LGA775 | LGA1150 | LGA1151 | LGA1155 | LGA1156 | LGA1200 | LGA1366 | LGA2011 | LGA2011-3 | LGA2066 | ,No ,No 
ID-COOLING SE-234-ARGB,ID-COOLING ,,SE-234-ARGB ,900 - 2000 RPM ,16.2 - 31.5 dB ,Black ,154 mm , AM4 | AM5 | LGA1150 | LGA1151 | LGA1155 | LGA1156 | LGA1200 | LGA1700 | LGA1851 | LGA2011 | LGA2011-3 | LGA2066 | ,No ,No 
ID-COOLING SE-226-XT,ID-COOLING ,,SE-226-XT BLACK ,500 - 1500 RPM ,13.8 - 30.5 dB ,Black ,154 mm , AM4 | AM5 | LGA1150 | LGA1151 | LGA1155 | LGA1156 | LGA1200 | LGA1700 | LGA1851 | LGA2011 | LGA2011-3 | LGA2066 | ,No ,No 
Deepcool GAMMAXX 400 EX,Deepcool ,,DP-MCH4-GMX400EX ,500 - 1500 RPM ,27.6 dB ,Black ,158 mm , AM4 | AM5 | LGA1150 | LGA1151 | LGA1155 | LGA1156 | LGA1200 | LGA1700 | LGA1851 | ,No ,No 
Deepcool GAMMAXX L240 A-RGB,Deepcool ,GAMMAXX L240 A-RGB ,DP-H12CF-GL240-ARGB ,500 - 1800 RPM ,30 dB ,Black ,, AM4 | AM5 | LGA1150 | LGA1151 | LGA1155 | LGA1156 | LGA1200 | LGA1700 | LGA1851 | LGA2011 | LGA2011-3 | LGA2066 | ,Yes - 240 mm ,No 
Cooler Master MasterAir MA610P ARGB,Cooler Master ,MasterAir MA610P ARGB ,MAP-T6PN-218PA-R1 ,650 - 1800 RPM ,8 - 27 dB ,,170 mm , AM2 | AM2+ | AM3 | AM3+ | AM4 | FM1 | FM2 | FM2+ | LGA1150 | LGA1151 | LGA1155 | LGA1156 | LGA1200 | LGA1366 | LGA1700 | LGA1851 | LGA2011 | LGA2011-3 | LGA2066 | ,No ,No 
EVGA CLCx 240,EVGA ,CLCx 240 ,400-HY-CX24-V1 ,,35 dB ,Black ,, AM4 | AM5 | sTR4 | sTRX4 | LGA1150 | LGA1151 | LGA1155 | LGA1156 | LGA1200 | LGA1700 | LGA1851 | ,Yes - 240 mm ,No 
Thermalright Assassin X 120 V2,Thermalright ,Assassin X 120 V2 ,AX120 V2 ,1500 RPM ,25.6 dB ,Black / Silver ,154 mm , AM4 | AM5 | LGA1150 | LGA1151 | LGA1155 | LGA1156 | LGA1200 | LGA1700 | LGA1851 | ,No ,No 
Thermalright Frozen Magic Scenic V2,Thermalright ,,Frozen Magic 360 SCENIC V2-D1-G2 ,2150 RPM ,28.1 dB ,White ,, AM2 | AM2+ | AM3 | AM3+ | AM4 | AM5 | FM1 | FM2 | FM2+ | LGA1150 | LGA1151 | LGA1155 | LGA1156 | LGA1200 | LGA1700 | LGA1851 | LGA2011 | LGA2011-3 | LGA2066 | ,Yes - 360 mm ,No 
Cooler Master MasterLiquid 360L Core SF6 Chun-Li,Cooler Master ,MasterLiquid 360L Core SF6 Chun-Li ,MLW-D36M-A17PZ-CL ,650 - 1750 RPM ,27.2 dB ,White / Yellow ,, AM2 | AM2+ | AM3 | AM3+ | AM4 | AM5 | FM1 | FM2 | FM2+ | LGA1150 | LGA1151 | LGA1155 | LGA1156 | LGA1200 | LGA1700 | LGA1851 | ,Yes - 360 mm ,No 
Cooler Master MasterAir MA620M,Cooler Master ,MasterAir MA620M ,MAM-D6PN-120PA-R1 ,650 - 2000 RPM ,8 - 30 dB ,Black ,165 mm , AM2 | AM2+ | AM3 | AM3+ | AM4 | FM1 | FM2 | FM2+ | LGA1150 | LGA1151 | LGA1155 | LGA1156 | LGA1200 | LGA2011 | LGA2011-3 | LGA2066 | ,No ,No 
Alphacool Eisbaer LT240,Alphacool ,Eisbaer LT240 ,11445 ,550 - 1700 RPM ,29 dB ,Black ,, AM2 | AM2+ | AM3 | AM3+ | AM4 | AM5 | FM1 | FM2 | FM2+ | LGA775 | LGA1150 | LGA1151 | LGA1155 | LGA1156 | LGA1200 | LGA1366 | LGA1700 | LGA1851 | LGA2011 | LGA2011-3 | LGA2066 | ,Yes - 240 mm ,No 
Azza CUBE 240,Azza ,CUBE 240 ,LCAZ-240P-ARGB CUBE ,500 - 2000 RPM ,34 dB ,Black ,70 mm , AM2 | AM2+ | AM3 | AM3+ | AM4 | AM5 | FM1 | FM2 | FM2+ | LGA1150 | LGA1151 | LGA1155 | LGA1156 | LGA1200 | LGA1366 | LGA1700 | LGA1851 | ,Yes - 240 mm ,No 
ARCTIC Freezer i35 CO,ARCTIC ,Freezer i35 CO ,ACFRE00095A ,200 - 1800 RPM ,,Black / Silver ,158 mm , LGA1150 | LGA1151 | LGA1155 | LGA1156 | LGA1200 | LGA1700 | LGA1851 | ,No ,No 
Deepcool ASSASSIN III,Deepcool ,, ASSASSIN III | DP-GS-MCH7-ASN-3 | ,400 - 1400 RPM ,34.2 dB ,Black / Silver ,165 mm , AM2 | AM2+ | AM3 | AM3+ | AM4 | AM5 | FM1 | FM2 | FM2+ | LGA1150 | LGA1151 | LGA1155 | LGA1156 | LGA1200 | LGA1366 | LGA1700 | LGA1851 | LGA2011 | LGA2011-3 | LGA2066 | ,No ,No 
ASRock Steel Legend LCD,ASRock ,, 90-ASLA36-WAAGA5 | Steel Legend 360 LCD | ,,38.3 dB ,White ,108 mm , AM4 | AM5 | LGA1700 | LGA1851 | ,Yes - 360 mm ,No 
Cooler Master Hyper H411R,Cooler Master ,Hyper H411R ,RR-H411-20PW-R1 ,600 - 2000 RPM ,29.4 dB ,Black / Silver ,136 mm , AM2 | AM2+ | AM3 | AM3+ | AM4 | AM5 | FM1 | FM2 | FM2+ | LGA775 | LGA1150 | LGA1151 | LGA1155 | LGA1156 | LGA1200 | LGA1366 | LGA2011 | LGA2011-3 | LGA2066 | ,No ,No 
Cougar Forza 50 Essential,Cougar ,, Forza 50 Essential | 3MFZE50.0001 | CGR-FZAE50 | ,600 - 2000 RPM ,34.5 dB ,Black / Silver ,155 mm , AM2 | AM2+ | AM3 | AM3+ | AM4 | AM5 | FM1 | FM2 | FM2+ | LGA1150 | LGA1151 | LGA1155 | LGA1156 | LGA1200 | LGA1366 | LGA1700 | LGA1851 | LGA2011 | LGA2011-3 | LGA2066 | ,No ,No 
Cooler Master Seidon 120M,Cooler Master ,Seidon 120M ,RL-S12M-24PK-R1 ,600 - 2400 RPM ,19 - 40 dB ,,, AM2 | AM2+ | AM3 | AM3+ | FM1 | FM2 | FM2+ | LGA775 | LGA1150 | LGA1151 | LGA1155 | LGA1156 | LGA1200 | LGA1366 | LGA2011 | LGA2011-3 | LGA2066 | ,Yes - 120 mm ,No 
Titan TTC-NC95TZ(RB),Titan ,,TTC-NC95TZ(RB) ,150 - 1500 RPM ,28.6 dB ,,160 mm , AM2 | AM2+ | AM3 | AM3+ | FM1 | FM2 | FM2+ | LGA775 | LGA1150 | LGA1151 | LGA1155 | LGA1156 | LGA1200 | LGA1366 | LGA2011 | LGA2011-3 | LGA2066 | ,No ,No 
Deepcool GAMMAXX GT,Deepcool ,, GAMMAXX GT | DP-MCH4-GMX-RGB-GT | ,500 - 1500 RPM ,17.8 - 29.5 dB ,,156 mm , AM2 | AM2+ | AM3 | AM3+ | AM4 | AM5 | FM1 | FM2 | FM2+ | LGA1150 | LGA1151 | LGA1155 | LGA1156 | LGA1200 | LGA1366 | LGA2011 | LGA2011-3 | LGA2066 | ,No ,No 
Gigabyte AORUS LIQUID COOLER,Gigabyte ,, AORUS LIQUID COOLER 240 | GP-AORUS LIQUID COOLER 240 | GP-ALQCO240 | ,2500 RPM ,18 - 39.5 dB ,Black ,, AM4 | AM5 | sTR4 | sTRX4 | LGA1150 | LGA1151 | LGA1155 | LGA1156 | LGA1200 | LGA1366 | LGA2011 | LGA2011-3 | LGA2066 | ,Yes - 240 mm ,No 
Deepcool Gammaxx L360 V2,Deepcool ,Gammaxx L360 V2 ,DP-H12RF-GL360V2C ,500 - 1800 RPM ,30 dB ,Black / White ,, AM2 | AM2+ | AM3 | AM3+ | AM4 | AM5 | FM1 | FM2 | FM2+ | LGA1150 | LGA1151 | LGA1155 | LGA1156 | LGA1200 | LGA1366 | LGA1700 | LGA1851 | LGA2011 | LGA2011-3 | LGA2066 | ,Yes - 360 mm ,No 
Scythe Shuriken 2,Scythe ,Shuriken 2 ,SCSK-2000 ,300 - 2500 RPM ,1.8 - 23.2 dB ,Black / Silver ,58 mm , AM2 | AM2+ | AM3 | AM3+ | AM4 | AM5 | FM1 | FM2 | FM2+ | LGA775 | LGA1150 | LGA1151 | LGA1155 | LGA1156 | LGA1200 | LGA1366 | LGA1700 | LGA1851 | ,No ,No 
Thermalright Assassin King 120,Thermalright ,Assassin King 120 , AK 120 | 43201619 | ,1500 RPM ,25.6 dB ,Black / Silver ,154 mm , AM4 | AM5 | LGA1150 | LGA1151 | LGA1155 | LGA1156 | LGA1200 | LGA1700 | LGA1851 | LGA2011 | LGA2011-3 | LGA2066 | ,No ,No 
Cooler Master MasterLiquid ML240L ARGB V2,Cooler Master ,MasterLiquid ML240L ARGB V2 ,MLW-D24M-A18PW-RW ,650 - 1800 RPM ,8 - 27 dB ,White ,, AM2 | AM2+ | AM3 | AM3+ | AM4 | AM5 | FM1 | FM2 | FM2+ | LGA1150 | LGA1151 | LGA1155 | LGA1156 | LGA1200 | LGA1700 | LGA1851 | LGA2011 | LGA2011-3 | LGA2066 | ,Yes - 240 mm ,No 
Deepcool CASTLE 360EX A-RGB,Deepcool ,CASTLE 360EX A-RGB ,DP-GS-H12W-CSL360EX-AR-WH ,500 - 1800 RPM ,30 dB ,White / Black ,, AM4 | AM5 | sTR4 | sTRX4 | LGA1150 | LGA1151 | LGA1155 | LGA1156 | LGA1200 | LGA1700 | LGA1851 | LGA2011 | LGA2011-3 | LGA2066 | ,Yes - 360 mm ,No 
Deepcool GAMMAXX L360 A-RGB,Deepcool ,GAMMAXX L360 A-RGB ,DP-H12CF-GL360-ARGB ,500 - 1800 RPM ,30 dB ,Black ,, AM4 | AM5 | LGA1150 | LGA1151 | LGA1155 | LGA1156 | LGA1200 | LGA1700 | LGA1851 | LGA2011 | LGA2011-3 | LGA2066 | ,Yes - 360 mm ,No 
Asus ROG RYUJIN II 360 ARGB EVA Edition,Asus ,ROG RYUJIN II 360 ARGB EVA Edition , ROG RYUJIN II 360 ARGB EVA EDITION | 90RC00B3-M0AAY0 | 90RC00B3-M0UAY0 | ROG RYUJIN II 360 ARGB EVA | ,,,Silver / Black ,, AM4 | AM5 | sTR4 | sTRX4 | LGA1150 | LGA1151 | LGA1155 | LGA1156 | LGA1200 | LGA1700 | LGA1851 | LGA2011 | LGA2011-3 | LGA2066 | ,Yes - 360 mm ,No 
ID-COOLING DASHFLOW BASIC,ID-COOLING ,,DASHFLOW 360 BASIC BLACK ,700 - 1800 RPM ,15.2 - 35.2 dB ,Black ,, AM4 | AM5 | LGA1150 | LGA1151 | LGA1155 | LGA1156 | LGA1200 | LGA1700 | LGA1851 | LGA2011 | LGA2011-3 | LGA2066 | ,Yes - 360 mm ,No 
Thermaltake TOUGHLIQUID 240 EX Pro ARGB Sync,Thermaltake ,TOUGHLIQUID 240 EX Pro ARGB Sync ,CL-W418-PL00BL-A ,500 - 2000 RPM ,22.6 dB ,Black ,, AM2 | AM2+ | AM3 | AM3+ | AM4 | AM5 | FM1 | FM2 | FM2+ | LGA1150 | LGA1151 | LGA1155 | LGA1156 | LGA1200 | LGA1700 | LGA1851 | LGA2011 | LGA2011-3 | LGA2066 | ,Yes - 240 mm ,No 
AQIRYS Hydra ARGB,AQIRYS ,,AQRYS_HYDRA360B ,800 - 2000 RPM ,25 - 34 dB ,Black ,, AM4 | AM5 | LGA1150 | LGA1151 | LGA1155 | LGA1156 | LGA1200 | LGA1700 | LGA1851 | LGA2011 | LGA2011-3 | LGA2066 | ,Yes - 360 mm ,No 
Ocypus Sigma L360 PRO,Ocypus ,Sigma L360 PRO , Sigma L36 PRO WH | Sigma-L36-WH3ANWL00P-GL | ,500 - 2400 RPM ,36 dB ,White ,97 mm , AM4 | AM5 | LGA1150 | LGA1151 | LGA1155 | LGA1156 | LGA1200 | LGA1700 | LGA1851 | ,Yes - 360 mm ,No 
Deepcool AK500 DIGITAL WH,Deepcool ,AK500 DIGITAL WH , R-AK500-WHADMN-G | AK500 DIGITAL WH | ,500 - 1850 RPM ,28 dB ,White ,160 mm , AM4 | AM5 | LGA1150 | LGA1151 | LGA1155 | LGA1156 | LGA1200 | LGA1700 | LGA1851 | LGA2011 | LGA2011-3 | LGA2066 | ,No ,No 
be quiet! Shadow Rock 2,be quiet! ,Shadow Rock 2 ,BK013 ,1600 RPM ,15.3 - 25.4 dB ,,160 mm , AM2 | AM2+ | AM3 | AM3+ | AM4 | FM1 | FM2 | FM2+ | LGA775 | LGA1150 | LGA1151 | LGA1155 | LGA1156 | LGA1200 | LGA1366 | LGA2011 | LGA2011-3 | LGA2066 | ,No ,No 
Fractal Design Celsius S24 Blackout,Fractal Design ,Celsius S24 Blackout ,FD-WCU-CELSIUS-S24-BKO ,500 - 2000 RPM ,32.2 dB ,Black ,, AM2 | AM2+ | AM3 | AM3+ | AM4 | AM5 | sTR4 | sTRX4 | FM1 | FM2 | FM2+ | LGA1150 | LGA1151 | LGA1155 | LGA1156 | LGA1200 | LGA1366 | LGA1700 | LGA1851 | LGA2011 | LGA2011-3 | LGA2066 | ,Yes - 240 mm ,No 
Thermaltake TOUGHLIQUID 360 EX Pro ARGB Sync,Thermaltake ,TOUGHLIQUID 360 EX Pro ARGB Sync ,CL-W419-PL00BL-A ,500 - 2000 RPM ,31.6 dB ,Black ,, AM2 | AM2+ | AM3 | AM3+ | AM4 | AM5 | FM1 | FM2 | FM2+ | LGA1150 | LGA1151 | LGA1155 | LGA1156 | LGA1200 | LGA1700 | LGA1851 | LGA2011 | LGA2011-3 | LGA2066 | ,Yes - 280 mm ,No 
Alphacool Eisbaer Pro Aurora,Alphacool ,,11772 ,,31.5 dB ,Black ,, AM4 | AM5 | sTR4 | sTRX4 | LGA1150 | LGA1151 | LGA1155 | LGA1156 | LGA1200 | LGA1700 | LGA1851 | LGA2011 | LGA2011-3 | LGA2011-3 Narrow | LGA2066 | ,Yes - 240 mm ,No 
Fractal Design Lumen S36 V2,Fractal Design ,Lumen S36 V2 ,FD-W-L1-S3611 ,500 - 2000 RPM ,10 - 33.2 dB ,Black ,, AM2 | AM2+ | AM3 | AM3+ | AM4 | AM5 | FM1 | FM2 | FM2+ | LGA1150 | LGA1151 | LGA1155 | LGA1156 | LGA1200 | LGA1366 | LGA1700 | LGA1851 | LGA2011 | LGA2011-3 | LGA2066 | ,Yes - 360 mm ,No 
Evercool LGAL1156A-B715,Evercool ,,LGAL1156A-B715 ,1000 - 5500 RPM ,56 dB ,,28 mm , LGA1150 | LGA1151 | LGA1155 | LGA1156 | LGA1200 | ,No ,No 
Cooler Master Hyper T2,Cooler Master ,Hyper T2 ,RR-HT2-28PK-R1 ,2800 RPM ,17 - 35 dB ,,140 mm , AM2 | AM2+ | AM3 | AM3+ | AM4 | FM1 | FM2 | FM2+ | LGA775 | LGA1150 | LGA1151 | LGA1155 | LGA1156 | LGA1200 | ,No ,No 
Intel BXTS13A,Intel ,,BXTS13A ,,,,75 mm , LGA2011 | LGA2011-3 | LGA2066 | ,No ,No 
CRYORIG H5 Ultimate,CRYORIG ,, H5 Ultimate | CR-H5B | ,700 - 1300 RPM ,19 - 23 dB ,,160 mm , AM2 | AM2+ | AM3 | AM3+ | AM4 | FM1 | FM2 | FM2+ | LGA775 | LGA1150 | LGA1151 | LGA1155 | LGA1156 | LGA1200 | LGA1366 | LGA1700 | LGA1851 | LGA2011 | LGA2011-3 | LGA2066 | ,No ,No 
Deepcool LUCIFER K2,Deepcool ,,LUCIFER K2 ,600 - 1800 RPM ,18.2 - 32.4 dB ,,163 mm , AM2 | AM2+ | AM3 | AM3+ | AM4 | FM1 | FM2 | FM2+ | LGA775 | LGA1150 | LGA1151 | LGA1155 | LGA1156 | LGA1200 | LGA1366 | LGA2011 | LGA2011-3 | LGA2066 | ,No ,No 
Deepcool CAPTAIN 240EX WHITE,Deepcool ,, CAPTAIN 240EX WHITE | CAPTAIN 240 EX WHITE | ,500 - 1800 RPM ,17.6 - 31.3 dB ,,, AM2 | AM2+ | AM3 | AM3+ | AM4 | FM1 | FM2 | FM2+ | LGA1150 | LGA1151 | LGA1155 | LGA1156 | LGA1200 | LGA1366 | LGA1700 | LGA1851 | LGA2011 | LGA2011-3 | LGA2066 | ,Yes - 240 mm ,No 
ID-COOLING FROSTFLOW+ 240,ID-COOLING ,,FROSTFLOW+ 240 ,700 - 1800 RPM ,18 - 35.2 dB ,Black / White ,, AM2 | AM2+ | AM3 | AM3+ | AM4 | AM5 | FM1 | FM2 | FM2+ | LGA775 | LGA1150 | LGA1151 | LGA1155 | LGA1156 | LGA1200 | LGA1366 | LGA2011 | LGA2011-3 | LGA2066 | ,Yes - 240 mm ,No 
Enermax LIQTECH TR4 II 360,Enermax ,LIQTECH TR4 II 360 ,ELC-LTTRTO360-TBP ,500 - 2300 RPM ,14 - 28 dB ,Black ,, sTR4 | sTRX4 | LGA1700 | LGA1851 | ,Yes - 360 mm ,No 
Deepcool GAMMAXX L120,Deepcool ,,GAMMAXX L120 ,500 - 1800 RPM ,17.8 dB ,Black ,, AM2 | AM2+ | AM3 | AM3+ | AM4 | FM1 | FM2 | FM2+ | LGA1150 | LGA1151 | LGA1155 | LGA1156 | LGA1200 | LGA1366 | LGA1700 | LGA1851 | LGA2011 | LGA2011-3 | LGA2066 | ,Yes - 120 mm ,No 
be quiet! Shadow Rock 3,be quiet! ,Shadow Rock 3 ,BK004 ,1600 RPM ,11.5 - 24.4 dB ,Black ,163 mm , AM2 | AM2+ | AM3 | AM3+ | AM4 | AM5 | FM1 | FM2 | FM2+ | LGA1150 | LGA1151 | LGA1155 | LGA1156 | LGA1200 | LGA1700 | LGA1851 | LGA2011 | LGA2011-3 | LGA2066 | ,No ,No 
Fractal Design Celsius+ S24 Prisma PWM ARGB,Fractal Design ,Celsius+ S24 Prisma PWM ARGB ,FD-W-2-S2402 ,500 - 2000 RPM ,32.7 dB ,Black ,, AM2 | AM2+ | AM3 | AM3+ | AM4 | AM5 | sTR4 | sTRX4 | FM1 | FM2 | FM2+ | LGA1150 | LGA1151 | LGA1155 | LGA1156 | LGA1200 | LGA1366 | LGA1700 | LGA1851 | LGA2011 | LGA2011-3 | LGA2066 | ,Yes - 240 mm ,No 
Enermax Liqmax III 360 ARGB,Enermax ,Liqmax III 360 ARGB ,ELC-LMT360-ARGB ,500 - 1600 RPM ,14 - 27 dB ,Black ,, AM2 | AM2+ | AM3 | AM3+ | AM4 | AM5 | FM1 | FM2 | FM2+ | LGA1150 | LGA1151 | LGA1155 | LGA1156 | LGA1200 | LGA1700 | LGA1851 | LGA2011 | LGA2011-3 | LGA2066 | ,Yes - 360 mm ,No 
Scythe Mugen 5 Black Edition,Scythe ,Mugen 5 Black Edition ,SCMG-5100BE ,300 - 1500 RPM ,4 - 29.75 dB ,Black ,154 mm , AM2 | AM2+ | AM3 | AM3+ | AM4 | AM5 | FM1 | FM2 | FM2+ | LGA1150 | LGA1151 | LGA1155 | LGA1156 | LGA1200 | LGA1700 | LGA1851 | LGA2011 | LGA2011-3 | LGA2066 | ,No ,No 
Scythe Big Shuriken 3 Rev.B,Scythe ,Big Shuriken 3 Rev.B ,SCBSK-3100 ,300 - 1800 RPM ,2.58 - 27.8 dB ,Black / Silver ,67 mm , AM2 | AM2+ | AM3 | AM3+ | AM4 | AM5 | FM1 | FM2 | FM2+ | LGA1150 | LGA1151 | LGA1155 | LGA1156 | LGA1200 | LGA1700 | LGA1851 | LGA2011 | LGA2011-3 | LGA2066 | ,No ,No 
ID-COOLING DASHFLOW 240 BASIC,ID-COOLING ,DASHFLOW 240 BASIC ,DASHFLOW 240 BASIC BLACK ,700 - 1800 RPM ,15.2 - 35.2 dB ,Black ,, AM4 | AM5 | LGA1150 | LGA1151 | LGA1155 | LGA1156 | LGA1200 | LGA1700 | LGA1851 | LGA2011 | LGA2011-3 | LGA2066 | ,Yes - 240 mm ,No 
ID-COOLING IS-40X V3,ID-COOLING ,,IS-40X V3 ,800 - 2800 RPM ,35.2 dB ,Black ,45 mm , AM4 | AM5 | LGA1150 | LGA1151 | LGA1155 | LGA1156 | LGA1200 | LGA1700 | LGA1851 | ,No ,No 
GameMax Twin 600,GameMax ,,GMX-TWIN600-BK ,800 - 2500 RPM ,,Black ,155 mm , AM4 | AM5 | LGA1150 | LGA1151 | LGA1155 | LGA1156 | LGA1200 | LGA1700 | LGA1851 | ,No ,No 
Zalman Alpha2 DS A36,Zalman ,Alpha2 DS A36 ,Alpha2 DS A36 BLACK ,600 - 2000 RPM ,29.7 dB ,Black ,65 mm , AM4 | AM5 | LGA1150 | LGA1151 | LGA1155 | LGA1156 | LGA1200 | LGA1700 | LGA1851 | ,Yes - 360 mm ,No 
Ocypus Gamma A40 ARGB,Ocypus ,,Gamma-A40-WH1AAWN00X-GL ,600 - 2400 RPM ,29.5 dB ,White ,133 mm , AM4 | AM5 | LGA1150 | LGA1151 | LGA1155 | LGA1156 | LGA1200 | LGA1700 | LGA1851 | ,No ,No 
ARCTIC Freezer A35 CO,ARCTIC ,Freezer A35 CO ,ACFRE00113A ,200 - 1800 RPM ,,Black / Silver ,158 mm , AM4 | AM5 | ,No ,No 
Thermaltake ASTRIA 200 ARGB,Thermaltake ,ASTRIA 200 ARGB ,CL-P137-AL12SW-A ,500 - 1800 RPM ,26.8 dB ,White ,160 mm , AM4 | AM5 | LGA1150 | LGA1151 | LGA1155 | LGA1156 | LGA1200 | LGA1700 | LGA1851 | LGA2011 | LGA2011-3 | LGA2066 | ,No ,No 
Alpenföhn Brocken 4 Max,Alpenföhn ,,84000000211 ,400 - 1800 RPM ,22.8 - 24.7 dB ,Black ,158 mm , AM4 | AM5 | LGA1150 | LGA1151 | LGA1155 | LGA1156 | LGA1200 | LGA1700 | LGA1851 | LGA2011 | LGA2011-3 | LGA2066 | ,No ,No 
Alpenföhn Glacier Water High Speed 240,Alpenföhn ,Glacier Water High Speed 240 ,84000000193 ,500 - 2200 RPM ,36.8 dB ,White ,, AM2 | AM2+ | AM3 | AM3+ | AM4 | AM5 | sTR4 | sTRX4 | FM1 | FM2 | FM2+ | LGA1150 | LGA1151 | LGA1155 | LGA1156 | LGA1200 | LGA1366 | LGA2011 | LGA2011-3 | LGA2066 | ,Yes - 240 mm ,No 
Thermalright Aqua Elite ARGB V2,Thermalright ,,Aqua Elite 240 BLACK ARGB V2 ,2000 RPM ,28.2 dB ,,, AM2 | AM2+ | AM3 | AM3+ | AM4 | AM5 | FM1 | FM2 | FM2+ | LGA1150 | LGA1151 | LGA1155 | LGA1156 | LGA1200 | LGA1700 | LGA1851 | LGA2011 | LGA2011-3 | LGA2066 | ,Yes - 240 mm ,No 
Gigabyte AORUS WATERFORCE 240,Gigabyte ,AORUS WATERFORCE 240 , GP-AORUS WATERFORCE 240 | AORUS WATERFORCE 240 | ,950 - 2150 RPM ,16.9 - 31 dB ,Black ,, AM4 | AM5 | sTR4 | sTRX4 | LGA1150 | LGA1151 | LGA1155 | LGA1156 | LGA1200 | LGA1366 | LGA1700 | LGA1851 | LGA2011 | LGA2011-3 | LGA2066 | ,Yes - 240 mm ,No 
ENDORFY Fortis 5 ARGB,ENDORFY ,Fortis 5 ARGB ,EY3A010 ,250 - 1400 RPM ,,Black / Silver ,159 mm , AM2 | AM2+ | AM3 | AM3+ | AM4 | AM5 | FM1 | FM2 | FM2+ | LGA1150 | LGA1151 | LGA1155 | LGA1156 | LGA1200 | LGA1700 | LGA1851 | LGA2011 | LGA2011-3 | LGA2066 | ,No ,No 
Xilence M403PRO,Xilence ,M403PRO , XC029 | M403PRO | ,500 - 1800 RPM ,14.2 - 25.6 dB ,Red / Black ,142 mm , AM2 | AM2+ | AM3 | AM3+ | AM4 | FM1 | FM2 | FM2+ | LGA1150 | LGA1151 | LGA1155 | LGA1156 | LGA1200 | LGA1700 | LGA1851 | ,No ,No 
Cooler Master Hyper T4,Cooler Master ,Hyper T4 ,RR-T4-18PK-R1 ,1800 RPM ,15.1 - 31.6 dB ,,152 mm , AM2 | AM2+ | AM3 | AM3+ | AM4 | FM1 | FM2 | FM2+ | LGA775 | LGA1150 | LGA1151 | LGA1155 | LGA1156 | LGA1200 | LGA1366 | LGA2011 | LGA2011-3 | LGA2066 | ,No ,No 
Cooler Master MasterAir MA410P,Cooler Master ,MasterAir MA410P ,MAP-T4PN-220PC-R1 ,650 - 2000 RPM ,6 - 30 dB ,,158 mm , AM2 | AM2+ | AM3 | AM3+ | AM4 | FM1 | FM2 | FM2+ | LGA1150 | LGA1151 | LGA1155 | LGA1156 | LGA1200 | LGA1366 | LGA2011 | LGA2011-3 | LGA2066 | ,No ,No 
Deepcool CASTLE 360EX,Deepcool ,,CASTLE 360EX ,500 - 1800 RPM ,32.1 dB ,Black ,, AM2 | AM2+ | AM3 | AM3+ | AM4 | sTR4 | sTRX4 | FM1 | FM2 | FM2+ | LGA1150 | LGA1151 | LGA1155 | LGA1156 | LGA1200 | LGA1366 | LGA1700 | LGA1851 | LGA2011 | LGA2011-3 | LGA2066 | ,Yes - 360 mm ,No 
Deepcool GAMMAXX GTE,Deepcool ,, GAMMAXX GTE | DP-MCH4-GMX-GTE | ,500 - 1500 RPM ,27 dB ,Black / Silver ,157 mm , AM2 | AM2+ | AM3 | AM3+ | AM4 | FM1 | FM2 | FM2+ | LGA1150 | LGA1151 | LGA1155 | LGA1156 | LGA1200 | LGA1366 | LGA2011 | LGA2011-3 | LGA2066 | ,No ,No 
Cooler Master MasterAir MA624 Stealth,Cooler Master ,MasterAir MA624 Stealth ,MAM-D6PS-314PK-R1 ,650 - 1400 RPM ,10 - 27 dB ,Black ,160 mm , AM2 | AM2+ | AM3 | AM3+ | AM4 | FM1 | FM2 | FM2+ | LGA1150 | LGA1151 | LGA1155 | LGA1156 | LGA1200 | LGA1700 | LGA1851 | LGA2011 | LGA2011-3 | LGA2066 | ,No ,No 
ADATA XPG LEVANTE 360,ADATA ,XPG LEVANTE 360 ,LEVANTE360-BKCWW ,600 - 2000 RPM ,34 dB ,Black ,, AM4 | LGA1150 | LGA1151 | LGA1155 | LGA1156 | LGA1200 | LGA1366 | LGA1700 | LGA1851 | LGA2011 | LGA2011-3 | LGA2066 | ,Yes - 360 mm ,No 
Thermaltake Water 3.0 Riing RGB 280,Thermaltake ,Water 3.0 Riing RGB 280 ,CL-W138-PL14SW-A ,300 - 1500 RPM ,18.5 - 26.4 dB ,Black / Red ,, AM2 | AM2+ | AM3 | AM3+ | AM4 | sTR4 | sTRX4 | FM1 | FM2 | FM2+ | LGA1150 | LGA1151 | LGA1155 | LGA1156 | LGA1200 | LGA1366 | LGA2011 | LGA2011-3 | LGA2066 | ,Yes - 280 mm ,No 
Jonsbo CR-1400,Jonsbo ,,CR-1400 ARGB Black ,900 - 2300 RPM ,20 - 30.5 dB ,Black ,126 mm , AM4 | AM5 | LGA1150 | LGA1151 | LGA1155 | LGA1156 | LGA1200 | LGA1700 | LGA1851 | ,No ,No 
PC Cooler RZ500,PC Cooler ,, RZ500-BKNWNX-GL | RZ500 BK | ,500 - 2200 RPM ,32 dB ,Black ,155 mm , AM4 | AM5 | LGA1150 | LGA1151 | LGA1155 | LGA1156 | LGA1200 | LGA1700 | LGA1851 | ,No ,No 
ENDORFY Fortis 5 Black,ENDORFY ,Fortis 5 Black ,EY3A013 ,,,Black ,159 mm , AM2 | AM2+ | AM3 | AM3+ | AM4 | AM5 | FM1 | FM2 | FM2+ | LGA1150 | LGA1151 | LGA1155 | LGA1156 | LGA1200 | LGA1700 | LGA1851 | LGA2011 | LGA2011-3 | LGA2066 | ,No ,No 
Antec FrigusAir 400 RGB,Antec ,,0-761345-74007-4 ,800 - 1600 RPM ,20 - 36 dB ,Black / Silver ,158 mm , AM2 | AM2+ | AM3 | AM3+ | AM4 | FM1 | FM2 | FM2+ | LGA1150 | LGA1151 | LGA1155 | LGA1156 | LGA1200 | LGA1366 | LGA1700 | LGA1851 | LGA2011 | LGA2011-3 | LGA2066 | ,No ,No 
ASRock Challenger Digital,ASRock ,, 90-ACLA24-WAAGA6 | Challenger White 240 Digital | ,,31 dB ,White ,54 mm , AM4 | AM5 | LGA1700 | LGA1851 | ,Yes - 240 mm ,No 
Silverstone VIDA 120 SLIM,Silverstone ,VIDA 120 SLIM ,SST-VD120-SLIM ,300 - 1800 RPM ,15.9 - 33.9 dB ,Black ,, AM4 | AM5 | LGA1150 | LGA1151 | LGA1155 | LGA1156 | LGA1200 | LGA1700 | LGA1851 | LGA2011 | LGA2011-3 | LGA2066 | ,Yes - 120 mm ,No 
ENDORFY Navis F280 ARGB,ENDORFY ,Navis F280 ARGB ,EY3B005 ,250 - 1800 RPM ,,Black ,, AM4 | AM5 | LGA1150 | LGA1151 | LGA1155 | LGA1156 | LGA1200 | LGA1700 | LGA1851 | LGA2011 | LGA2011-3 | LGA2066 | ,Yes - 280 mm ,No 
GAMDIAS CHIONE P5,GAMDIAS ,,CHIONE P5-240 WH ,400 - 2200 RPM ,11 - 34.91 dB ,White ,, AM2 | AM2+ | AM3 | AM3+ | AM4 | AM5 | FM1 | FM2 | FM2+ | LGA1150 | LGA1151 | LGA1155 | LGA1156 | LGA1200 | LGA1700 | LGA1851 | LGA2011 | LGA2011-3 | LGA2066 | ,Yes - 240 mm ,No 
Iceberg Thermal IceSLEET G4 Midnight Limited Edition,Iceberg Thermal ,IceSLEET G4 Midnight Limited Edition ,ICESLEETG4MD-BBB-00A ,600 - 1400 RPM ,22.5 dB ,Black ,156 mm , AM2 | AM2+ | AM3 | AM3+ | AM4 | AM5 | FM1 | FM2 | FM2+ | LGA775 | LGA1150 | LGA1151 | LGA1155 | LGA1156 | LGA1200 | LGA1366 | LGA1700 | LGA1851 | ,No ,No 
Mars Gaming MCPU-XT,Mars Gaming ,MCPU-XT ,MCPUXT ,800 - 1600 RPM ,9 - 26 dB ,Black ,145 mm , AM2 | AM2+ | AM3 | AM3+ | AM4 | AM5 | FM1 | FM2 | FM2+ | LGA1150 | LGA1151 | LGA1155 | LGA1156 | LGA1200 | LGA1366 | LGA1700 | LGA1851 | LGA2011 | LGA2011-3 | LGA2066 | ,No ,No 
Cooler Master MasterLiquid Atmos II,Cooler Master ,,MLX-D24M-A25SZ-R1 ,690 - 2500 RPM ,36 dB ,Black ,38 mm , AM4 | AM5 | LGA1150 | LGA1151 | LGA1155 | LGA1156 | LGA1200 | LGA1700 | LGA1851 | ,Yes - 240 mm ,No 
Thermaltake TOUGHLIQUID Ultra,Thermaltake ,,CL-W366-PL14BL-A ,500 - 2000 RPM ,33.2 dB ,Black ,, AM2 | AM2+ | AM3 | AM3+ | AM4 | AM5 | FM1 | FM2 | FM2+ | LGA1150 | LGA1151 | LGA1155 | LGA1156 | LGA1200 | LGA1700 | LGA1851 | LGA2011 | LGA2011-3 | LGA2066 | ,Yes - 420 mm ,No 
Thermaltake TOUGHLIQUID 420 EX Pro ARGB Sync,Thermaltake ,TOUGHLIQUID 420 EX Pro ARGB Sync ,CL-W401-PL14BL-A ,500 - 2000 RPM ,31.6 dB ,Black ,, AM2 | AM2+ | AM3 | AM3+ | AM4 | AM5 | FM1 | FM2 | FM2+ | LGA1150 | LGA1151 | LGA1155 | LGA1156 | LGA1200 | LGA1700 | LGA1851 | LGA2011 | LGA2011-3 | LGA2066 | ,Yes - 420 mm ,No 
Thermaltake ASTRIA 400 ARGB,Thermaltake ,ASTRIA 400 ARGB ,CL-P138-CA12SW-A ,500 - 1800 RPM ,26.8 dB ,White ,160 mm , AM4 | AM5 | LGA1150 | LGA1151 | LGA1155 | LGA1156 | LGA1200 | LGA1700 | LGA1851 | LGA2011 | LGA2011-3 | LGA2066 | ,No ,No 
Corsair H105,Corsair ,H105 ,CW-9060016-WW ,800 - 2700 RPM ,37.7 dB ,,, AM2 | AM2+ | AM3 | AM3+ | AM4 | sTR4 | sTRX4 | FM1 | FM2 | FM2+ | LGA1150 | LGA1151 | LGA1155 | LGA1156 | LGA1200 | LGA1366 | LGA2011 | LGA2011-3 | LGA2066 | ,Yes - 240 mm ,No 
Silverstone NT09-115X,Silverstone ,, NT09-115X | RL-NT09-115X | SST-NT09-115X | ,550 - 2500 RPM ,18.5 - 32 dB ,,45 mm , LGA1150 | LGA1151 | LGA1155 | LGA1156 | LGA1200 | ,No ,No 
MSI MAG CORELIQUID R,MSI ,, MAG CORE LIQUID 360R | 306-7ZW1C31-813 | ,500 - 2000 RPM ,14.3 - 34.3 dB ,Black ,, AM2 | AM2+ | AM3 | AM3+ | AM4 | FM1 | FM2 | FM2+ | LGA1150 | LGA1151 | LGA1155 | LGA1156 | LGA1200 | LGA1366 | LGA2011 | LGA2011-3 | LGA2066 | ,Yes - 360 mm ,No 
Deepcool AK400 G2,Deepcool ,,R-AK400G2-WHNNMN-GJD ,2200 RPM ,31.45 dB ,White / Brown ,156 mm , AM4 | AM5 | LGA1150 | LGA1151 | LGA1155 | LGA1156 | LGA1200 | LGA1700 | LGA1851 | ,No ,No 
Cooler Master GeminII S,Cooler Master ,GeminII S ,RR-CCH-PBU1-GP ,1000 - 2000 RPM ,17 - 21 dB ,,88 mm , AM2 | AM2+ | AM3 | AM3+ | FM1 | FM2 | FM2+ | LGA775 | LGA1150 | LGA1151 | LGA1155 | LGA1156 | LGA1200 | LGA1366 | ,No ,No 
Cooler Master MasterLiquid Pro 280,Cooler Master ,MasterLiquid Pro 280 ,MLY-D28M-A22MB-R1 ,650 - 2200 RPM ,6 - 30 dB ,,, AM2 | AM2+ | AM3 | AM3+ | AM4 | FM1 | FM2 | FM2+ | LGA775 | LGA1150 | LGA1151 | LGA1155 | LGA1156 | LGA1200 | LGA1366 | LGA2011 | LGA2011-3 | LGA2066 | ,Yes - 280 mm ,No 
Cooler Master Hyper 212 LED Turbo (Red),Cooler Master ,Hyper 212 LED Turbo (Red) ,RR-212TR-16PR-R1 ,300 - 1600 RPM ,9 - 31 dB ,,163 mm , AM2 | AM2+ | AM3 | AM3+ | AM4 | FM1 | FM2 | FM2+ | LGA775 | LGA1150 | LGA1151 | LGA1155 | LGA1156 | LGA1200 | LGA2011 | LGA2011-3 | LGA2066 | ,No ,No 
Aerocool P7-L240,Aerocool ,,P7-L240 ,600 - 1800 RPM ,10.5 - 31.8 dB ,Black ,, AM2 | AM2+ | AM3 | AM3+ | AM4 | FM1 | FM2 | FM2+ | LGA775 | LGA1150 | LGA1151 | LGA1155 | LGA1156 | LGA1200 | LGA1366 | LGA2011 | LGA2011-3 | LGA2066 | ,Yes - 240 mm ,No 
Deepcool GAMMAXX 400 Blue,Deepcool ,GAMMAXX 400 Blue , DEEPCOOL GAMMAXX 400 Blue | DP-MCH4-GMX400 | GAMMAXX 400 | ,900 - 1500 RPM ,17.8 - 30 dB ,Blue / Silver ,154 mm , AM2 | AM2+ | AM3 | AM3+ | AM4 | AM5 | FM1 | FM2 | FM2+ | LGA775 | LGA1150 | LGA1151 | LGA1155 | LGA1156 | LGA1200 | LGA1366 | LGA1700 | LGA1851 | LGA2011 | LGA2011-3 | LGA2066 | ,No ,No 
SilentiumPC Fera 3 HE1224,SilentiumPC ,Fera 3 HE1224 ,SPC144 ,500 - 1600 RPM ,,Black / Silver ,155 mm , AM2 | AM2+ | AM3 | AM3+ | AM4 | FM1 | FM2 | FM2+ | LGA775 | LGA1150 | LGA1151 | LGA1155 | LGA1156 | LGA1200 | LGA1366 | ,No ,No 
ID-COOLING ZOOMFLOW X,ID-COOLING ,,ZOOMFLOW 240X ARGB ,700 - 1500 RPM ,18 - 26.4 dB ,Black ,, AM2 | AM2+ | AM3 | AM3+ | AM4 | AM5 | sTR4 | sTRX4 | FM1 | FM2 | FM2+ | LGA1150 | LGA1151 | LGA1155 | LGA1156 | LGA1200 | LGA1366 | LGA1700 | LGA1851 | LGA2011 | LGA2011-3 | LGA2066 | ,Yes - 240 mm ,No 
Montech AIR COOLER 210,Montech ,,AIR COOLER 210 ,600 - 1500 RPM ,27 dB ,Black ,153 mm , AM2 | AM2+ | AM3 | AM3+ | AM4 | FM1 | FM2 | FM2+ | LGA1150 | LGA1151 | LGA1155 | LGA1156 | LGA1200 | LGA1366 | LGA2011 | LGA2011-3 | LGA2066 | ,No ,No 
aigo Shadow Max,aigo ,,Shadow Max ,800 - 2500 RPM ,29.6 dB ,Black ,141 mm , AM4 | LGA1150 | LGA1151 | LGA1155 | LGA1156 | LGA1200 | ,No ,No 
Asus TUF Gaming LC 120 ARGB,Asus ,TUF Gaming LC 120 ARGB , 90RC00H1-M0AAY0 | 90RC00H1-M0UAY0 | 90RC00H1-M0UAY1 | ,800 - 2000 RPM ,,Black ,, AM4 | AM5 | LGA1150 | LGA1151 | LGA1155 | LGA1156 | LGA1200 | LGA1700 | LGA1851 | ,Yes - 120 mm ,No 
Cooler Master MasterAir MA612 Stealth,Cooler Master ,MasterAir MA612 Stealth ,MAP-T6PS-218PK-R1 ,650 - 1800 RPM ,8 - 27 dB ,,158 mm , AM2 | AM2+ | AM3 | AM3+ | AM4 | AM5 | FM1 | FM2 | FM2+ | LGA1150 | LGA1151 | LGA1155 | LGA1156 | LGA1200 | LGA1366 | LGA1700 | LGA1851 | LGA2011 | LGA2011-3 | LGA2066 | ,No ,No 
Phanteks Glacier One 360 T30 Gen2,Phanteks ,Glacier One 360 T30 Gen2 ,PH-GO360T30_DAG02 ,1200 - 3000 RPM ,11.1 - 39.7 dB ,Black / Gray ,, AM4 | AM5 | LGA1150 | LGA1151 | LGA1155 | LGA1156 | LGA1200 | LGA1700 | LGA1851 | ,Yes - 360 mm ,No 
Deepcool AK500S DIGITAL,Deepcool ,, R-AK500S-WHADMN-G | AK500S Digital WH-amazon | AK500S Digital WH | ,500 - 1850 RPM ,28 dB ,White ,160 mm , AM4 | AM5 | LGA1150 | LGA1151 | LGA1155 | LGA1156 | LGA1200 | LGA1700 | LGA1851 | ,No ,No 
Zalman CNPS4X,Zalman ,, CNPS4X | CNPS4X BLACK | ,800 - 2000 RPM ,29 dB ,Black ,135 mm , AM2 | AM2+ | AM3 | AM3+ | AM4 | AM5 | FM1 | FM2 | FM2+ | LGA1150 | LGA1151 | LGA1155 | LGA1156 | LGA1200 | LGA1700 | LGA1851 | ,No ,No 
Asus ROG STRIX LC 360 RGB GUNDAM,Asus ,ROG STRIX LC 360 RGB GUNDAM , 90RC0073-M0AAY0 | ROG STRIX LC 360 RGB GUNDAM EDITION | 90RC0073-M0UAY0 | ,800 - 2500 RPM ,37.6 dB ,White ,, AM4 | AM5 | sTR4 | sTRX4 | LGA1150 | LGA1151 | LGA1155 | LGA1156 | LGA1200 | LGA1366 | LGA1700 | LGA1851 | LGA2011 | LGA2011-3 | LGA2066 | ,Yes - 360 mm ,No 
PC Cooler RZ820,PC Cooler ,, RZ820-BKNWNX-GL | RZ820 BK | ,500 - 2200 RPM ,32 dB ,Black ,165 mm , AM4 | AM5 | LGA1150 | LGA1151 | LGA1155 | LGA1156 | LGA1200 | LGA1700 | LGA1851 | LGA2011 | LGA2011-3 | LGA2066 | ,No ,No 
Jonsbo CR-1000 V2 Color,Jonsbo ,, CR-1000 V2 Color Black | CR-1000V2PROARGB | CR-1000 V2 COLOR | ,600 - 1500 RPM ,22 - 32 dB ,Black / Silver ,157 mm , AM4 | AM5 | LGA1150 | LGA1151 | LGA1155 | LGA1156 | LGA1200 | LGA1700 | LGA1851 | ,No ,No 
Ocypus Sigma L240 PRO,Ocypus ,Sigma L240 PRO , Sigma L24 PRO WH | Sigma-L24-WH2ANWL00P-GL | ,500 - 2400 RPM ,36 dB ,White ,97 mm , AM4 | AM5 | LGA1150 | LGA1151 | LGA1155 | LGA1156 | LGA1200 | LGA1700 | LGA1851 | ,Yes - 240 mm ,No 
Alpenföhn Glacier Water High Speed 360,Alpenföhn ,Glacier Water High Speed 360 ,84000000195 ,500 - 2200 RPM ,36.8 dB ,White ,, AM2 | AM2+ | AM3 | AM3+ | AM4 | AM5 | sTR4 | sTRX4 | FM1 | FM2 | FM2+ | LGA1150 | LGA1151 | LGA1155 | LGA1156 | LGA1200 | LGA1366 | LGA2011 | LGA2011-3 | LGA2066 | ,Yes - 360 mm ,No 
Dynatron R8,Dynatron ,,R8 ,,,,64 mm , LGA2011 | LGA2011-3 | LGA2066 | ,No ,Yes 
Fractal Design Celsius+ S28 Prisma PWM ARGB,Fractal Design ,Celsius+ S28 Prisma PWM ARGB ,FD-W-2-S2802 ,500 - 1700 RPM ,34.1 dB ,Black ,, AM2 | AM2+ | AM3 | AM3+ | AM4 | AM5 | sTR4 | sTRX4 | FM1 | FM2 | FM2+ | LGA1150 | LGA1151 | LGA1155 | LGA1156 | LGA1200 | LGA1366 | LGA1700 | LGA1851 | LGA2011 | LGA2011-3 | LGA2066 | ,Yes - 280 mm ,No 
Thermalright Royal Pretor 130,Thermalright ,Royal Pretor 130 ,Royal Pretor 130 WHITE ,1750 RPM ,28.3 dB ,White ,158 mm , AM4 | AM5 | LGA1150 | LGA1151 | LGA1155 | LGA1156 | LGA1200 | LGA1700 | LGA1851 | LGA2011 | LGA2011-3 | LGA2066 | ,No ,No 
Silverstone NovaPeak 240,Silverstone ,NovaPeak 240 ,SST-NP240B ,600 - 2200 RPM ,35.1 dB ,Black ,54 mm , AM4 | AM5 | LGA1150 | LGA1151 | LGA1155 | LGA1156 | LGA1200 | LGA1700 | LGA1851 | LGA2011 | LGA2011-3 | LGA2066 | ,Yes - 240 mm ,No 
Dynatron R13,Dynatron ,,R13 ,1100 - 6000 RPM ,19.1 - 53.8 dB ,,28 mm ,LGA2011-3 Narrow ,No ,No 
Asus ROG Strix LC 360,Asus ,, ROG Strix LC 360 | 90RC0071-M0AAY0 | 90RC0070-M0UAY0 | ,800 - 2500 RPM ,37.6 dB ,Black ,, AM4 | AM5 | sTR4 | sTRX4 | LGA1150 | LGA1151 | LGA1155 | LGA1156 | LGA1200 | LGA1366 | LGA2011 | LGA2011-3 | LGA2066 | ,Yes - 360 mm ,No 
ADATA XPG LEVANTE II 360,ADATA ,XPG LEVANTE II 360 , LEVANTEII360-WHCWW | 75261588 | ,800 - 2000 RPM ,19.78 - 29.33 dB ,White ,50 mm , AM4 | AM5 | LGA1150 | LGA1151 | LGA1155 | LGA1156 | LGA1200 | LGA1700 | LGA1851 | ,Yes - 360 mm ,No 
ARCTIC Liquid Freezer II 420 RGB,ARCTIC ,Liquid Freezer II 420 RGB ,ACFRE00111A ,200 - 1900 RPM ,22.5 dB ,Black ,, AM4 | AM5 | LGA1150 | LGA1151 | LGA1155 | LGA1156 | LGA1200 | LGA1700 | LGA1851 | LGA2011 | LGA2011-3 | LGA2066 | ,Yes - 420 mm ,No 
Thermaltake TH240 ARGB Sync,Thermaltake ,TH240 ARGB Sync , CL-W301-PL12SW-A | CL-W301-PL12SW-B | ,1500 RPM ,28.2 dB ,White ,, AM2 | AM2+ | AM3 | AM3+ | AM4 | AM5 | FM1 | FM2 | FM2+ | LGA1150 | LGA1151 | LGA1155 | LGA1156 | LGA1200 | LGA1700 | LGA1851 | LGA2011 | LGA2011-3 | LGA2066 | ,Yes - 240 mm ,No 
Corsair H60,Corsair ,H60 ,CWCH60 ,,30.2 dB ,,, AM2 | AM2+ | AM3 | AM3+ | AM4 | FM1 | FM2 | FM2+ | LGA775 | LGA1150 | LGA1151 | LGA1155 | LGA1156 | LGA1200 | LGA1366 | LGA2011 | LGA2011-3 | LGA2066 | ,Yes - 120 mm ,No 
Dynatron R16,Dynatron ,,R16 ,1000 - 6000 RPM ,21.5 - 55.8 dB ,,28 mm , LGA2011 | LGA2011-3 | LGA2066 | ,No ,No 
Cooler Master Hyper 212X Dual Fan,Cooler Master ,Hyper 212X Dual Fan ,RR-212X-20PM-A1 ,2000 RPM ,9 - 36 dB ,,158 mm , AM2 | AM2+ | AM3 | AM3+ | AM4 | FM1 | FM2 | FM2+ | LGA775 | LGA1150 | LGA1151 | LGA1155 | LGA1156 | LGA1200 | LGA1366 | LGA2011 | LGA2011-3 | LGA2066 | ,No ,No 
NZXT Kraken X52 Rev 2,NZXT ,Kraken X52 Rev 2 ,RL-KRX52-02 ,500 - 2000 RPM ,21 - 36 dB ,,, AM2 | AM2+ | AM3 | AM3+ | AM4 | AM5 | sTR4 | sTRX4 | FM1 | FM2 | FM2+ | LGA1150 | LGA1151 | LGA1155 | LGA1156 | LGA1200 | LGA1366 | LGA1700 | LGA1851 | LGA2011 | LGA2011-3 | LGA2066 | ,Yes - 240 mm ,No 
Deepcool GAMMAXX GTE V2,Deepcool ,GAMMAXX GTE V2 ,DP-MCH4-GMX-GTE-V2BK ,500 - 1650 RPM ,27.8 dB ,Black ,158 mm , AM2 | AM2+ | AM3 | AM3+ | AM4 | AM5 | FM1 | FM2 | FM2+ | LGA1150 | LGA1151 | LGA1155 | LGA1156 | LGA1200 | LGA1366 | LGA1700 | LGA1851 | ,No ,No 
ID-COOLING SE-224-XT,ID-COOLING ,SE-224-XT ,SE-224-XT BLACK ,700 - 1800 RPM ,15.2 - 32.5 dB ,Black ,154 mm , AM4 | AM5 | LGA1150 | LGA1151 | LGA1155 | LGA1156 | LGA1200 | LGA1700 | LGA1851 | LGA2011 | LGA2011-3 | LGA2066 | ,No ,No 
SilentiumPC Fera 5,SilentiumPC ,Fera 5 ,SPC303 ,300 - 1800 RPM ,,Black / Silver ,155 mm , AM2 | AM2+ | AM3 | AM3+ | AM4 | FM1 | FM2 | FM2+ | LGA775 | LGA1150 | LGA1151 | LGA1155 | LGA1156 | LGA1200 | LGA1366 | LGA1700 | LGA1851 | LGA2011 | LGA2011-3 | LGA2066 | ,No ,No 
Iceberg Thermal IceFLOE OASIS 360,Iceberg Thermal ,IceFLOE OASIS 360 ,IFOA36-BAN ,200 - 2200 RPM ,28.9 dB ,Black ,60 mm , AM2 | AM2+ | AM3 | AM3+ | AM4 | AM5 | FM1 | FM2 | FM2+ | LGA1150 | LGA1151 | LGA1155 | LGA1156 | LGA1200 | LGA1700 | LGA1851 | LGA2011 | LGA2011-3 | LGA2066 | ,Yes - 360 mm ,No 
Amazon Basics,Amazon ,,RR-H410-20PC-AS ,600 - 2000 RPM ,6 - 29 dB ,,136 mm , AM4 | AM5 | LGA1150 | LGA1151 | LGA1155 | LGA1156 | LGA1200 | LGA1700 | LGA1851 | ,No ,No 
TRYX PANORAMA,TRYX ,, L-P240N-DS2M-G0K | PANORAMA 240 Black | ,500 - 2250 RPM ,30.97 dB ,Black ,116 mm , AM4 | AM5 | LGA1150 | LGA1151 | LGA1155 | LGA1156 | LGA1200 | LGA1700 | LGA1851 | ,Yes - 240 mm ,No 
PC Cooler DE360,PC Cooler ,DE360 , D5-Q360WWHNXX-GL | DE360WH | ,600 - 1850 RPM ,16 - 33.8 dB ,White ,55 mm , AM2 | AM2+ | AM3 | AM3+ | AM4 | AM5 | FM1 | FM2 | FM2+ | LGA1150 | LGA1151 | LGA1155 | LGA1156 | LGA1200 | LGA1700 | LGA1851 | LGA2011 | LGA2011-3 | LGA2066 | ,Yes - 360 mm ,No 
GameMax Ice Force,GameMax ,,GMX-ICE-FORCE-BK ,800 - 1600 RPM ,,Black ,153 mm , AM4 | AM5 | LGA1150 | LGA1151 | LGA1155 | LGA1156 | LGA1200 | LGA1366 | LGA1700 | LGA1851 | ,No ,No 
Ocypus Gamma A40,Ocypus ,,Gamma-A40-BK1NNWN00X-GL ,600 - 2400 RPM ,29.5 dB ,Black ,133 mm , AM4 | AM5 | LGA1150 | LGA1151 | LGA1155 | LGA1156 | LGA1200 | LGA1700 | LGA1851 | ,No ,No 
Silverstone PF360-ARGB V2,Silverstone ,PF360-ARGB V2 ,SST-PF360-ARGB-V2 ,600 - 2200 RPM ,7.4 - 35.6 dB ,Black ,50 mm , AM2 | AM2+ | AM3 | AM3+ | AM4 | AM5 | FM1 | FM2 | FM2+ | LGA1150 | LGA1151 | LGA1155 | LGA1156 | LGA1200 | LGA1700 | LGA1851 | LGA2011 | LGA2011-3 | LGA2066 | ,Yes - 360 mm ,No 
upHere E240KC,upHere ,,E240KC ,600 - 1800 RPM ,27 dB ,Black ,62 mm , AM4 | AM5 | LGA1150 | LGA1151 | LGA1155 | LGA1156 | LGA1200 | LGA1700 | LGA1851 | ,Yes - 240 mm ,No 
GAMDIAS CHIONE E4,GAMDIAS ,, E4-240 | CHIONE E4-240 | ,800 - 1800 RPM ,11 - 33.8 dB ,Black ,, AM2 | AM2+ | AM3 | AM3+ | AM4 | AM5 | FM1 | FM2 | FM2+ | LGA1150 | LGA1151 | LGA1155 | LGA1156 | LGA1200 | LGA1700 | LGA1851 | LGA2011 | LGA2011-3 | LGA2066 | ,Yes - 240 mm ,No 
Akasa K25,Akasa ,K25 ,AK-CC7118HP01 ,600 - 3000 RPM ,28.71 dB ,,30 mm , LGA775 | LGA1150 | LGA1151 | LGA1155 | LGA1156 | LGA1200 | ,No ,No 
Enermax LIQMAXFLO 240,Enermax ,LIQMAXFLO 240 ,ELC-LMF240T-ARGB ,500 - 1800 RPM ,23.46 dB ,Black ,, AM4 | AM5 | LGA1150 | LGA1151 | LGA1155 | LGA1156 | LGA1200 | LGA1366 | LGA1700 | LGA1851 | LGA2011 | LGA2011-3 | LGA2066 | ,Yes - 240 mm ,No 
RAIJINTEK Orcus 140 RGW,RAIJINTEK ,Orcus 140 RGW ,0R10B00090 ,400 - 1800 RPM ,28 dB ,Black ,, AM2 | AM2+ | AM3 | AM3+ | AM4 | FM1 | FM2 | FM2+ | LGA775 | LGA1150 | LGA1151 | LGA1155 | LGA1156 | LGA1200 | LGA1366 | LGA2011 | LGA2011-3 | LGA2066 | ,Yes - 140 mm ,No 
ARCTIC Freezer A35,ARCTIC ,Freezer A35 ,ACFRE00112A ,200 - 1800 RPM ,,Black / White ,158 mm , AM4 | AM5 | ,No ,No 
Phanteks PH-TC12ST4_DBK01,Phanteks ,,PH-TC12ST4_DBK01 ,400 - 2000 RPM ,35.7 dB ,,154 mm , AM4 | AM5 | LGA1150 | LGA1151 | LGA1155 | LGA1156 | LGA1200 | LGA1700 | LGA1851 | LGA2011 | LGA2011-3 | LGA2066 | ,No ,No 
Zalman Alpha2 DS A36,Zalman ,Alpha2 DS A36 ,Alpha2 DS A36 WHITE ,600 - 2000 RPM ,29.7 dB ,White ,65 mm , AM4 | AM5 | LGA1150 | LGA1151 | LGA1155 | LGA1156 | LGA1200 | LGA1700 | LGA1851 | ,Yes - 360 mm ,No 
MSI MPG CORELIQUID K240 V2,MSI ,, MPG CORELIQUID K240 V2 | 9S6-6A0311-038 | ,,39.9 dB ,Black ,, AM2 | AM2+ | AM3 | AM3+ | AM4 | AM5 | FM1 | FM2 | FM2+ | LGA1150 | LGA1151 | LGA1155 | LGA1156 | LGA1200 | LGA1366 | LGA1700 | LGA1851 | LGA2011 | LGA2011-3 | LGA2066 | ,Yes - 240 mm ,No 
TEAMGROUP SIREN GD360E,TEAMGROUP ,SIREN GD360E ,TB130602 ,600 - 2200 RPM ,14.3 - 35.6 dB ,White ,49 mm , AM2 | AM2+ | AM3 | AM3+ | AM4 | AM5 | FM1 | FM2 | FM2+ | LGA1150 | LGA1151 | LGA1155 | LGA1156 | LGA1200 | LGA1366 | LGA1700 | LGA1851 | LGA2011 | LGA2011-3 | LGA2066 | ,Yes - 360 mm ,No 
Zalman CNPS10X Performa,Zalman ,,CNPS10X PERFORMA WHITE ,700 - 1500 RPM ,27 dB ,White ,155 mm , AM4 | AM5 | LGA1150 | LGA1151 | LGA1155 | LGA1156 | LGA1200 | LGA1700 | LGA1851 | ,No ,No 
Noctua NH-C14,Noctua ,,NH-C14 ,750 - 1200 RPM ,10.1 - 19.6 dB ,,130 mm , AM2 | AM2+ | AM3 | AM3+ | AM4 | AM5 | FM1 | FM2 | FM2+ | LGA775 | LGA1150 | LGA1151 | LGA1155 | LGA1156 | LGA1200 | LGA1366 | LGA1700 | LGA1851 | ,No ,No 
Prolimatech PRO-SAM17,Prolimatech ,, PRO-SAM17 | Samuel 17 | ,,,,45 mm , AM2 | AM2+ | AM3 | AM3+ | FM1 | FM2 | FM2+ | LGA775 | LGA1150 | LGA1151 | LGA1155 | LGA1156 | LGA1200 | LGA1366 | ,No ,Yes 
Reeven Steropes RC-1206b,Reeven ,Steropes RC-1206b ,RC-1206b ,500 - 2000 RPM ,9.32 - 33.67 dB ,,60 mm , AM1 | AM2 | AM2+ | AM3 | AM3+ | FM1 | FM2 | FM2+ | LGA775 | LGA1150 | LGA1151 | LGA1155 | LGA1156 | LGA1200 | LGA1366 | ,No ,No 
EVGA CLC 120,EVGA ,CLC 120 ,400-HY-CL12-V1 ,500 - 2400 RPM ,16 - 39.9 dB ,,, AM2 | AM2+ | AM3 | AM3+ | AM4 | FM1 | FM2 | FM2+ | LGA1150 | LGA1151 | LGA1155 | LGA1156 | LGA1200 | LGA1366 | LGA1700 | LGA1851 | LGA2011 | LGA2011-3 | LGA2066 | ,Yes - 120 mm ,No 
RAIJINTEK PALLAS 120,RAIJINTEK ,PALLAS 120 ,0R10B00095 ,200 - 1400 RPM ,28.43 dB ,Black ,81 mm , AM2 | AM2+ | AM3 | AM3+ | FM1 | FM2 | FM2+ | LGA775 | LGA1150 | LGA1151 | LGA1155 | LGA1156 | LGA1200 | LGA1366 | LGA2011 | LGA2011-3 | LGA2066 | ,No ,No 
ARCTIC Liquid Freezer II 420 RGB,ARCTIC ,Liquid Freezer II 420 RGB ,ACFRE00110A ,200 - 1900 RPM ,22.5 dB ,Black ,, AM4 | AM5 | LGA1150 | LGA1151 | LGA1155 | LGA1156 | LGA1200 | LGA1700 | LGA1851 | LGA2011 | LGA2011-3 | LGA2066 | ,Yes - 420 mm ,No 
Gigabyte AORUS WATERFORCE 360,Gigabyte ,AORUS WATERFORCE 360 , GP-AORUS WATERFORCE 360 | AORUS WATERFORCE 360 | ,950 - 2150 RPM ,16.9 - 31 dB ,Black ,, AM4 | AM5 | sTR4 | sTRX4 | LGA1150 | LGA1151 | LGA1155 | LGA1156 | LGA1200 | LGA1366 | LGA1700 | LGA1851 | LGA2011 | LGA2011-3 | LGA2066 | ,Yes - 360 mm ,No 
ID-COOLING ZOOMFLOW 360 XT ,ID-COOLING ,, ZOOMFLOW 360 XT | ZOOMFLOW 360 XT AZ | ,500 - 1500 RPM ,13.8 - 30.5 dB ,Black ,, AM4 | AM5 | LGA1150 | LGA1151 | LGA1155 | LGA1156 | LGA1200 | LGA1700 | LGA1851 | LGA2011 | LGA2011-3 | LGA2066 | ,Yes - 360 mm ,No 
Deepcool AG500 WH ARGB,Deepcool ,, AG500 WH ARGB | R-AG500-WHANMN-G | ,300 - 1850 RPM ,29.4 dB ,White ,155 mm , AM4 | AM5 | LGA1150 | LGA1151 | LGA1155 | LGA1156 | LGA1200 | LGA1700 | LGA1851 | ,No ,No 
Gelid Solutions Liquid 240,Gelid Solutions ,Liquid 240 ,CC-AIO-240-A ,750 - 1800 RPM ,29.6 dB ,Black ,56 mm , AM2 | AM2+ | AM3 | AM3+ | AM4 | AM5 | FM1 | FM2 | FM2+ | LGA1150 | LGA1151 | LGA1155 | LGA1156 | LGA1200 | LGA1366 | LGA1700 | LGA1851 | LGA2011 | LGA2011-3 | LGA2066 | ,Yes - 240 mm ,No 
PC Cooler DE360,PC Cooler ,DE360 , D5-Q360WBKNXX-GL | DE360BK | ,600 - 1850 RPM ,16 - 33.8 dB ,Black ,55 mm , AM2 | AM2+ | AM3 | AM3+ | AM4 | AM5 | FM1 | FM2 | FM2+ | LGA1150 | LGA1151 | LGA1155 | LGA1156 | LGA1200 | LGA1700 | LGA1851 | LGA2011 | LGA2011-3 | LGA2066 | ,Yes - 360 mm ,No 
Ocypus Delta L36 ARGB,Ocypus ,Delta L36 ARGB ,Delta L36 BK ARGB ,500 - 2000 RPM ,29 dB ,Black ,, AM4 | AM5 | LGA1150 | LGA1151 | LGA1155 | LGA1156 | LGA1200 | LGA1700 | LGA1851 | ,Yes - 360 mm ,No 
Jonsbo CA90,Jonsbo ,,CA90 Black ,800 - 1800 RPM ,17 - 32.6 dB ,Black ,159 mm , AM4 | AM5 | LGA1150 | LGA1151 | LGA1155 | LGA1156 | LGA1200 | LGA1700 | LGA1851 | ,No ,No 
Thermaltake TH360 V2 Ultra EX ARGB Sync,Thermaltake ,TH360 V2 Ultra EX ARGB Sync ,CL-W415-PL12SW-A ,,,Black ,, AM2 | AM2+ | AM3 | AM3+ | AM4 | AM5 | FM1 | FM2 | FM2+ | LGA1150 | LGA1151 | LGA1155 | LGA1156 | LGA1200 | LGA1700 | LGA1851 | LGA2011 | LGA2011-3 | LGA2066 | ,Yes - 360 mm ,No 
Inter-Tech ALSEYE Star Warriors W700 Pro,Inter-Tech ,, STAR WARRIORS SERIES 700Pro-W | W700 Pro W | ,900 - 3000 RPM ,45 dB ,White ,160 mm , AM4 | AM5 | LGA1150 | LGA1151 | LGA1155 | LGA1156 | LGA1200 | LGA1366 | LGA1700 | LGA1851 | LGA2011 | LGA2011-3 | LGA2066 | ,No ,No 
Alpenföhn Dolomit Premium,Alpenföhn ,Dolomit Premium ,84000000183 ,500 - 1600 RPM ,23.5 dB ,Black ,154 mm , AM4 | AM5 | LGA1150 | LGA1151 | LGA1155 | LGA1156 | LGA1200 | LGA1700 | LGA1851 | LGA2011 | LGA2011-3 | LGA2066 | ,No ,No 
Thermaltake UX 210 ARGB,Thermaltake ,,CL-P079-CA12SW-A ,600 - 2000 RPM ,34.3 dB ,Black / Silver ,153 mm , AM2 | AM2+ | AM3 | AM3+ | AM4 | AM5 | FM1 | FM2 | FM2+ | LGA1150 | LGA1151 | LGA1155 | LGA1156 | LGA1200 | LGA1366 | LGA1700 | LGA1851 | LGA2011 | LGA2011-3 | LGA2066 | ,No ,No 
Thermaltake TOUGHLIQUID 360 EX Pro ARGB Sync,Thermaltake ,TOUGHLIQUID 360 EX Pro ARGB Sync ,CL-W400-PL12BL-A ,500 - 2000 RPM ,22.6 dB ,Black ,, AM2 | AM2+ | AM3 | AM3+ | AM4 | AM5 | FM1 | FM2 | FM2+ | LGA1150 | LGA1151 | LGA1155 | LGA1156 | LGA1200 | LGA1700 | LGA1851 | LGA2011 | LGA2011-3 | LGA2066 | ,Yes - 360 mm ,No 
MSI MEG CORELIQUID S280,MSI ,MEG CORELIQUID S280 , MEG CoreLiquid S280 | 9S6-6A0431-001 | CLS280 | ,,24.9 dB ,Black ,, AM2 | AM2+ | AM3 | AM3+ | AM4 | AM5 | FM1 | FM2 | FM2+ | LGA1150 | LGA1151 | LGA1155 | LGA1156 | LGA1200 | LGA1700 | LGA1851 | LGA2011 | LGA2011-3 | LGA2066 | ,Yes - 280 mm ,No 
PC Cooler RZ620,PC Cooler ,, RZ620-WHNWNX-GL | RZ620 WH | ,500 - 2200 RPM ,28 - 32 dB ,White ,158 mm , AM4 | AM5 | LGA1150 | LGA1151 | LGA1155 | LGA1156 | LGA1200 | LGA1700 | LGA1851 | ,No ,No 
Mars Gaming MCPU-X5 ARGB,Mars Gaming ,,MCPUX5ARGBW ,800 - 2000 RPM ,9 - 28 dB ,White ,154 mm , AM4 | AM5 | LGA1150 | LGA1151 | LGA1155 | LGA1156 | LGA1200 | LGA1366 | LGA1700 | LGA1851 | ,No ,No 
GAMDIAS AURA GL240 DIGITAL,GAMDIAS ,AURA GL240 DIGITAL ,AURA GL240 DIGITAL WH ,800 - 1800 RPM ,33 dB ,White ,, AM2 | AM2+ | AM3 | AM3+ | AM4 | AM5 | FM1 | FM2 | FM2+ | LGA1150 | LGA1151 | LGA1155 | LGA1156 | LGA1200 | LGA1700 | LGA1851 | LGA2011 | LGA2011-3 | LGA2066 | ,Yes - 240 mm ,No 
Corsair H100,Corsair ,H100 ,CWCH100 ,1300 - 2500 RPM ,22 - 39 dB ,,, AM2 | AM2+ | AM3 | AM3+ | FM1 | FM2 | FM2+ | LGA775 | LGA1150 | LGA1151 | LGA1155 | LGA1156 | LGA1200 | LGA1366 | LGA2011 | LGA2011-3 | LGA2066 | ,Yes - 240 mm ,No 
Corsair H75,Corsair ,H75 ,CW-9060015-WW ,2000 RPM ,31.4 dB ,,, AM2 | AM2+ | AM3 | AM3+ | AM4 | FM1 | FM2 | FM2+ | LGA1150 | LGA1151 | LGA1155 | LGA1156 | LGA1200 | LGA1366 | LGA2011 | LGA2011-3 | LGA2066 | ,Yes - 120 mm ,No 
Thermaltake Water 3.0 Ultimate,Thermaltake ,Water 3.0 Ultimate ,CL-W007-PL12BL-A ,1000 - 2000 RPM ,20 dB ,,, AM2 | AM2+ | AM3 | AM3+ | AM4 | sTR4 | sTRX4 | FM1 | FM2 | FM2+ | LGA1150 | LGA1151 | LGA1155 | LGA1156 | LGA1200 | LGA1366 | LGA2011 | LGA2011-3 | LGA2066 | ,Yes - 360 mm ,No 
Cooler Master MasterLiquid ML120L RGB,Cooler Master ,MasterLiquid ML120L RGB ,MLW-D12M-A20PC-R1 ,650 - 2000 RPM ,6 - 30 dB ,,, AM2 | AM2+ | AM3 | AM3+ | AM4 | FM1 | FM2 | FM2+ | LGA775 | LGA1150 | LGA1151 | LGA1155 | LGA1156 | LGA1200 | LGA1366 | LGA2011 | LGA2011-3 | LGA2066 | ,Yes - 120 mm ,No 
ID-COOLING AURAFLOW X,ID-COOLING ,,AURAFLOW X 360 ,700 - 1800 RPM ,18 - 35.2 dB ,Black ,, AM2 | AM2+ | AM3 | AM3+ | AM4 | AM5 | sTR4 | sTRX4 | FM1 | FM2 | FM2+ | LGA1150 | LGA1151 | LGA1155 | LGA1156 | LGA1200 | LGA1366 | LGA1700 | LGA1851 | LGA2011 | LGA2011-3 | LGA2066 | ,Yes - 360 mm ,No 
ID-COOLING SE-914-XT,ID-COOLING ,,SE-914-XT Basic ,600 - 2200 RPM ,,Black / Gray ,126 mm , AM4 | AM5 | LGA1150 | LGA1151 | LGA1155 | LGA1156 | LGA1200 | LGA1700 | LGA1851 | LGA2011 | LGA2011-3 | LGA2066 | ,No ,No 
Deepcool AS500 Plus,Deepcool ,AS500 Plus , R-AS500-BKNLMP-G | AS500 PLUS | ,500 - 1200 RPM ,31.5 dB ,Black ,164 mm , AM2 | AM2+ | AM3 | AM3+ | AM4 | AM5 | FM1 | FM2 | FM2+ | LGA1150 | LGA1151 | LGA1155 | LGA1156 | LGA1200 | LGA1700 | LGA1851 | LGA2011 | LGA2011-3 | LGA2066 | ,No ,No 
Thermalright Silver Soul 110,Thermalright ,Silver Soul 110 ,SS110 WHITE ,2500 RPM ,23 dB ,White ,110 mm , AM4 | AM5 | LGA1150 | LGA1151 | LGA1155 | LGA1156 | LGA1200 | LGA1700 | LGA1851 | LGA2011 | LGA2011-3 | LGA2066 | ,No ,No 
Deepcool CASTLE 240EX A-RGB,Deepcool ,CASTLE 240EX A-RGB , DP-GS-H12W-CSL240EX-AR-WH | CASTLE 240EX A-RGB W | ,500 - 1800 RPM ,30 dB ,White / Black ,, AM4 | AM5 | sTR4 | sTRX4 | LGA1150 | LGA1151 | LGA1155 | LGA1156 | LGA1200 | LGA1700 | LGA1851 | LGA2011 | LGA2011-3 | LGA2066 | ,Yes - 240 mm ,No 
ID-COOLING ZOOMFLOW 360 XT SNOW,ID-COOLING ,,ZOOMFLOW 360 XT SNOW ,500 - 1500 RPM ,13.8 - 30.5 dB ,White ,, AM4 | AM5 | LGA1150 | LGA1151 | LGA1155 | LGA1156 | LGA1200 | LGA1700 | LGA1851 | LGA2011 | LGA2011-3 | LGA2066 | ,Yes - 360 mm ,No 
ID-COOLING PINKFLOW 240 V2,ID-COOLING ,,PINKFLOW 240 V2 ,900 - 2000 RPM ,16.3 - 33.5 dB ,Pink ,, AM4 | AM5 | LGA1150 | LGA1151 | LGA1155 | LGA1156 | LGA1200 | LGA1700 | LGA1851 | LGA2011 | LGA2011-3 | LGA2066 | ,Yes - 240 mm ,No 
Thermalright Assassin X 90 SE,Thermalright ,Assassin X 90 SE ,AX90 SE ,2400 RPM ,27.3 dB ,Black / Silver ,118 mm , AM4 | AM5 | LGA1150 | LGA1151 | LGA1155 | LGA1156 | LGA1200 | LGA1700 | LGA1851 | ,No ,No 
Valkyrie SYN,Valkyrie ,,VK-E360-LOKI ,800 - 2150 RPM ,29 dB ,Black / Red ,, AM4 | AM5 | LGA1150 | LGA1151 | LGA1155 | LGA1156 | LGA1200 | LGA1700 | LGA1851 | LGA2011 | LGA2011-3 | LGA2066 | ,Yes - 360 mm ,No 
Deepcool AG620 Digital,Deepcool ,,R-AG620-BKNDMN-G-1 ,300 - 1950 RPM ,29.4 dB ,Black / Silver ,161 mm , AM4 | AM5 | LGA1150 | LGA1151 | LGA1155 | LGA1156 | LGA1200 | LGA1700 | LGA1851 | ,No ,No 
AQIRYS Hydra ARGB,AQIRYS ,,AQRYS_HYDRA240B ,800 - 2000 RPM ,25 - 34 dB ,Black ,, AM4 | AM5 | LGA1150 | LGA1151 | LGA1155 | LGA1156 | LGA1200 | LGA1700 | LGA1851 | LGA2011 | LGA2011-3 | LGA2066 | ,Yes - 240 mm ,No 
GAMDIAS BOREAS E2-410,GAMDIAS ,,BOREAS E2-410 ,800 - 1800 RPM ,10 - 32 dB ,Black ,155 mm , AM4 | AM5 | LGA1150 | LGA1151 | LGA1155 | LGA1156 | LGA1200 | LGA1700 | LGA1851 | LGA2011 | LGA2011-3 | LGA2066 | ,No ,No 
Enermax LIQMAXFLO SR 360,Enermax ,LIQMAXFLO SR 360 ,ELC-LMF360-SF ,500 - 1800 RPM ,23.46 dB ,Black ,, AM4 | AM5 | LGA1150 | LGA1151 | LGA1155 | LGA1156 | LGA1200 | LGA1366 | LGA1700 | LGA1851 | LGA2011 | LGA2011-3 | LGA2066 | ,Yes - 360 mm ,No 
TRYX STAGE,TRYX ,,L-S360A-DM3M-G0W ,500 - 1850 RPM ,28.87 dB ,White ,, AM4 | AM5 | LGA1150 | LGA1151 | LGA1155 | LGA1156 | LGA1200 | LGA1700 | LGA1851 | ,Yes - 360 mm ,No 
Cooler Master MasterAIR G200P,Cooler Master ,MasterAIR G200P ,MAP-G2PN-126PC-R1 ,800 - 2000 RPM ,6 - 28 dB ,Black / Silver ,39 mm , AM2 | AM2+ | AM3 | AM3+ | AM4 | FM1 | FM2 | FM2+ | LGA1150 | LGA1151 | LGA1155 | LGA1156 | LGA1200 | ,No ,No 
Thermaltake TH120 ARGB Sync,Thermaltake ,TH120 ARGB Sync , CL-W285-PL12SW-A | CL-W285-PL12SW-B | ,1500 RPM ,28.2 dB ,Black ,, AM2 | AM2+ | AM3 | AM3+ | AM4 | AM5 | FM1 | FM2 | FM2+ | LGA775 | LGA1150 | LGA1151 | LGA1155 | LGA1156 | LGA1200 | ,Yes - 120 mm ,No 
Mars Gaming ML-ONE,Mars Gaming ,,MLONE120W ,600 - 1800 RPM ,9 - 26 dB ,White ,, AM2 | AM2+ | AM3 | AM3+ | AM4 | AM5 | FM1 | FM2 | FM2+ | LGA1150 | LGA1151 | LGA1155 | LGA1156 | LGA1200 | LGA1700 | LGA1851 | LGA2011 | LGA2011-3 | LGA2066 | ,Yes - 120 mm ,No 
Mars Gaming ML-ULTRA360,Mars Gaming ,,MLULTRA360W ,600 - 1800 RPM ,9 - 26 dB ,White ,55 mm , AM2 | AM2+ | AM3 | AM3+ | AM4 | AM5 | sTR4 | sTRX4 | FM1 | FM2 | FM2+ | LGA1150 | LGA1151 | LGA1155 | LGA1156 | LGA1200 | LGA1700 | LGA1851 | LGA2011 | LGA2011-3 | LGA2066 | ,Yes - 360 mm ,No 
Alphacool Eisbaer LT360,Alphacool ,Eisbaer LT360 ,11446 ,550 - 1700 RPM ,29 dB ,Black ,, AM2 | AM2+ | AM3 | AM3+ | AM4 | AM5 | FM1 | FM2 | FM2+ | LGA775 | LGA1150 | LGA1151 | LGA1155 | LGA1156 | LGA1200 | LGA1366 | LGA1700 | LGA1851 | LGA2011 | LGA2011-3 | LGA2066 | ,Yes - 360 mm ,No 
Thermalright Core Matrix,Thermalright ,,Core Matrix 360 WHITE ,2150 RPM ,27 dB ,White ,, AM4 | AM5 | LGA1150 | LGA1151 | LGA1155 | LGA1156 | LGA1200 | LGA1700 | LGA1851 | LGA2011 | LGA2011-3 | LGA2066 | ,Yes - 360 mm ,No 
Dynatron A49,Dynatron ,,A49 ,800 - 1800 RPM ,10.8 - 21.3 dB ,Silver ,130 mm , AM4 | AM5 | ,No ,No 
Silverstone IceMyst 280,Silverstone ,IceMyst 280 ,SST-IM280-ARGB ,400 - 1750 RPM ,13.3 - 30.8 dB ,Silver / Black ,70 mm , AM4 | AM5 | LGA1150 | LGA1151 | LGA1155 | LGA1156 | LGA1200 | LGA1700 | LGA1851 | LGA2011 | LGA2011-3 | LGA2066 | ,Yes - 280 mm ,No 
Silverstone IceGem 360,Silverstone ,IceGem 360 ,SST-IG360-ARGB ,600 - 2200 RPM ,7.3 - 36.6 dB ,Black ,, AM2 | AM2+ | AM3 | AM3+ | AM4 | AM5 | FM1 | FM2 | FM2+ | LGA1150 | LGA1151 | LGA1155 | LGA1156 | LGA1200 | LGA2011 | LGA2011-3 | LGA2066 | ,Yes - 360 mm ,No 
Mars Gaming ML-ULTRA360,Mars Gaming ,,MLULTRA360 ,600 - 1800 RPM ,9 - 26 dB ,Black ,55 mm , AM2 | AM2+ | AM3 | AM3+ | AM4 | AM5 | sTR4 | sTRX4 | FM1 | FM2 | FM2+ | LGA1150 | LGA1151 | LGA1155 | LGA1156 | LGA1200 | LGA1700 | LGA1851 | LGA2011 | LGA2011-3 | LGA2066 | ,Yes - 360 mm ,No 
GAMDIAS CHIONE M4-360,GAMDIAS ,CHIONE M4-360 ,GD-CHIONE M4-360 ,800 - 2000 RPM ,11 - 29 dB ,Black ,, AM2 | AM2+ | AM3 | AM3+ | AM4 | AM5 | FM1 | FM2 | FM2+ | LGA1150 | LGA1151 | LGA1155 | LGA1156 | LGA1200 | LGA1366 | LGA1700 | LGA1851 | LGA2011 | LGA2011-3 | LGA2066 | ,Yes - 360 mm ,No 
Cooler Master V8,Cooler Master ,V8 ,RR-UV8-XBU1-GP ,800 - 1800 RPM ,17 - 21 dB ,,161 mm , AM2 | AM2+ | AM3 | AM3+ | FM1 | FM2 | FM2+ | LGA775 | LGA1150 | LGA1151 | LGA1155 | LGA1156 | LGA1200 | LGA1366 | ,No ,No 
Corsair H80,Corsair ,H80 ,CWCH80 ,1300 - 2500 RPM ,22 - 39 dB ,,, AM2 | AM2+ | AM3 | AM3+ | FM1 | FM2 | FM2+ | LGA775 | LGA1150 | LGA1151 | LGA1155 | LGA1156 | LGA1200 | LGA1366 | LGA2011 | LGA2011-3 | LGA2066 | ,Yes - 120 mm ,No 
Thermalright TRUE Spirit 120M(BW) Rev.A,Thermalright ,TRUE Spirit 120M(BW) Rev.A , TS-120M BW REV.A | True Spirit 120M BW Rev.A | ,600 - 1300 RPM ,25.4 dB ,,145 mm , AM2 | AM2+ | AM3 | AM3+ | AM4 | AM5 | FM1 | FM2 | FM2+ | LGA775 | LGA1150 | LGA1151 | LGA1155 | LGA1156 | LGA1200 | LGA1366 | LGA1700 | LGA1851 | LGA2011 | LGA2011-3 | LGA2066 | ,No ,No 
CRYORIG M9i,CRYORIG ,, M9i | CR-M9I | ,600 - 2200 RPM ,26.4 dB ,,125 mm , LGA1150 | LGA1151 | LGA1155 | LGA1156 | LGA1200 | LGA1700 | LGA1851 | ,No ,No 
Alphacool Eisbaer 420,Alphacool ,Eisbaer 420 ,11390 ,1100 RPM ,29.4 dB ,Black / Blue ,, AM2 | AM2+ | AM3 | AM3+ | AM4 | AM5 | sTR4 | sTRX4 | FM1 | FM2 | FM2+ | LGA1150 | LGA1151 | LGA1155 | LGA1156 | LGA1200 | LGA1366 | LGA2011 | LGA2011-3 | LGA2066 | ,Yes - 420 mm ,No 
Deepcool GAMMAXX 400 V2,Deepcool ,GAMMAXX 400 V2 , DP-MCH4-GMX400V2-RD | GAMMAXX400V2-RED | ,500 - 1650 RPM ,,Black / Red ,155 mm , AM2 | AM2+ | AM3 | AM3+ | AM4 | AM5 | FM1 | FM2 | FM2+ | LGA1150 | LGA1151 | LGA1155 | LGA1156 | LGA1200 | LGA1366 | LGA1700 | LGA1851 | ,No ,No 
Cooler Master MasterLiquid ML240 Mirror,Cooler Master ,MasterLiquid ML240 Mirror ,MLX-D24M-A18PK-R1 ,650 - 1800 RPM ,8 - 27 dB ,Black ,, AM2 | AM2+ | AM3 | AM3+ | AM4 | AM5 | FM1 | FM2 | FM2+ | LGA1150 | LGA1151 | LGA1155 | LGA1156 | LGA1200 | LGA2011 | LGA2011-3 | LGA2066 | ,Yes - 240 mm ,No 
Tempest Subzero RGB,Tempest ,Subzero RGB ,TP-COOL-SUBZ ,800 - 1650 RPM ,,Black / Silver ,157 mm , AM2 | AM2+ | AM3 | AM3+ | AM4 | FM1 | FM2 | FM2+ | LGA1150 | LGA1151 | LGA1155 | LGA1156 | LGA1200 | LGA1366 | LGA2011 | LGA2011-3 | LGA2066 | ,No ,No 
MSI MAG CORELIQUID R,MSI ,, MAG CORELIQUID 280R | 306-7ZW1D11-813 | CL280R | ,500 - 1800 RPM ,14.8 - 33.28 dB ,Black ,, AM2 | AM2+ | AM3 | AM3+ | AM4 | FM1 | FM2 | FM2+ | LGA1150 | LGA1151 | LGA1155 | LGA1156 | LGA1200 | LGA1700 | LGA1851 | LGA2011 | LGA2011-3 | LGA2066 | ,Yes - 280 mm ,No 
Asus ROG STRIX LC II ARGB,Asus ,, ROG STRIX LC II 120 ARGB | 90RC00D1-M0UAY0 | 90RC00D1-M0UAY1 | ,800 - 2500 RPM ,37.6 dB ,Black ,, AM4 | AM5 | LGA1150 | LGA1151 | LGA1155 | LGA1156 | LGA1200 | LGA1700 | LGA1851 | LGA2011-3 Narrow | ,Yes - 120 mm ,No 
Thermalright Silver Soul 135,Thermalright ,Silver Soul 135 ,SS135 ,1850 RPM ,29.6 dB ,Silver ,135 mm , AM4 | AM5 | LGA1150 | LGA1151 | LGA1155 | LGA1156 | LGA1200 | LGA1700 | LGA1851 | LGA2011 | LGA2011-3 | LGA2066 | ,No ,No 
ID-COOLING ZOOMFLOW 240 XT SNOW,ID-COOLING ,,ZOOMFLOW 240 XT SNOW ,500 - 1500 RPM ,13.8 - 30.5 dB ,White ,, AM4 | AM5 | LGA1150 | LGA1151 | LGA1155 | LGA1156 | LGA1200 | LGA2011 | LGA2011-3 | LGA2066 | ,Yes - 240 mm ,No 
ID-COOLING FROSTFLOW X 240 LITE SNOW,ID-COOLING ,,FROSTFLOW X 240 LITE SNOW ,700 - 1800 RPM ,15.2 - 35.2 dB ,White ,, AM4 | AM5 | LGA1150 | LGA1151 | LGA1155 | LGA1156 | LGA1200 | LGA1700 | LGA1851 | LGA2011 | LGA2011-3 | LGA2066 | ,Yes - 240 mm ,No 
Cooler Master i70C,Cooler Master ,i70C , RR-I70C-20PK-R1 | i70C | ,650 - 1800 RPM ,28 dB ,Black / Silver ,60 mm , LGA1150 | LGA1151 | LGA1155 | LGA1156 | LGA1200 | ,No ,No 
SilentiumPC Fortis 5,SilentiumPC ,Fortis 5 ,SPC306 ,300 - 1400 RPM ,,Black / Silver ,159 mm , AM2 | AM2+ | AM3 | AM3+ | AM4 | AM5 | FM1 | FM2 | FM2+ | LGA1150 | LGA1151 | LGA1155 | LGA1156 | LGA1200 | LGA1700 | LGA1851 | LGA2011 | LGA2011-3 | LGA2066 | ,No ,No 
Gelid Solutions Liquid 360,Gelid Solutions ,Liquid 360 ,CC-AIO-360-A ,750 - 1800 RPM ,29.6 dB ,Black ,56 mm , AM2 | AM2+ | AM3 | AM3+ | AM4 | AM5 | FM1 | FM2 | FM2+ | LGA1150 | LGA1151 | LGA1155 | LGA1156 | LGA1200 | LGA1366 | LGA1700 | LGA1851 | LGA2011 | LGA2011-3 | LGA2066 | ,Yes - 360 mm ,No 
ID-COOLING FROZN A610,ID-COOLING ,,FROZN A610 ARGB ,500 - 2000 RPM ,29.9 dB ,Black ,155 mm , AM4 | AM5 | LGA1150 | LGA1151 | LGA1155 | LGA1156 | LGA1200 | LGA1700 | LGA1851 | LGA2011 | LGA2011-3 | LGA2066 | ,No ,No 
ID-COOLING FX240ARGB,ID-COOLING ,FX240ARGB ,FX240 ARGB ,500 - 1800 RPM ,35.2 dB ,Black ,, AM4 | AM5 | LGA1150 | LGA1151 | LGA1155 | LGA1156 | LGA1200 | LGA1700 | LGA1851 | LGA2011 | LGA2011-3 | LGA2066 | ,Yes - 240 mm ,No 
ID-COOLING FX360 ARGB,ID-COOLING ,,FX360 ARGB ,500 - 1800 RPM ,35.2 dB ,Black ,, AM4 | AM5 | LGA1150 | LGA1151 | LGA1155 | LGA1156 | LGA1200 | LGA1700 | LGA1851 | LGA2011 | LGA2011-3 | LGA2066 | ,Yes - 360 mm ,No 
ID-COOLING SE-224-XTS ARGB,ID-COOLING ,,SE-224-XTS ARGB WHITE ,600 - 1500 RPM ,28.9 dB ,White ,151 mm , AM4 | AM5 | LGA1150 | LGA1151 | LGA1155 | LGA1156 | LGA1200 | LGA1700 | LGA1851 | ,No ,No 
YEYIAN Storm 1200,YEYIAN ,,AC1200 ,1000 - 1800 RPM ,26.3 dB ,Black / Silver ,148 mm , AM2 | AM2+ | AM3 | AM3+ | AM4 | FM1 | FM2 | FM2+ | LGA1150 | LGA1151 | LGA1155 | LGA1156 | LGA1200 | ,No ,No 
Thermalright Frozen Warframe,Thermalright ,,Frozen Warframe 240 BLACK ,2000 RPM ,22.1 dB ,Black ,, AM4 | AM5 | LGA1150 | LGA1151 | LGA1155 | LGA1156 | LGA1200 | LGA1700 | LGA1851 | LGA2011 | LGA2011-3 | LGA2066 | ,Yes - 240 mm ,No 
Ocypus Sigma L240 PRO,Ocypus ,Sigma L240 PRO , Sigma L24 PRO BK | Sigma-L24-BK2ANWL00P-GL | ,500 - 2400 RPM ,36 dB ,Black ,97 mm , AM4 | AM5 | LGA1150 | LGA1151 | LGA1155 | LGA1156 | LGA1200 | LGA1700 | LGA1851 | ,Yes - 240 mm ,No 
GameMax Ice Chill 240,GameMax ,Ice Chill 240 ,GMX-ICECHILL240 ,800 - 1900 RPM ,28.8 dB ,Black ,, AM2 | AM2+ | AM3 | AM3+ | AM4 | FM1 | FM2 | FM2+ | LGA1150 | LGA1151 | LGA1155 | LGA1156 | LGA1200 | LGA2011 | LGA2011-3 | LGA2066 | ,Yes - 240 mm ,No 
Dynatron R15,Dynatron ,,R15 ,,,,27 mm , LGA2011 | LGA2011-3 | LGA2066 | ,No ,Yes 
Silverstone AR08,Silverstone ,, AR08 | SST-AR08 | ,1500 - 2800 RPM ,14.1 - 27.7 dB ,Blue / Silver ,134 mm , AM2 | AM2+ | AM3 | AM3+ | AM4 | FM1 | FM2 | FM2+ | LGA775 | LGA1150 | LGA1151 | LGA1155 | LGA1156 | LGA1200 | LGA1366 | LGA2011 | LGA2011-3 | LGA2066 | ,No ,No 
Silverstone IceGem 280,Silverstone ,IceGem 280 ,SST-IG280-ARGB ,600 - 1600 RPM ,9.8 - 23.4 dB ,Black ,, AM2 | AM2+ | AM3 | AM3+ | AM4 | AM5 | sTR4 | sTRX4 | FM1 | FM2 | FM2+ | LGA1150 | LGA1151 | LGA1155 | LGA1156 | LGA1200 | LGA2011 | LGA2011-3 | LGA2066 | ,Yes - 280 mm ,No 
EK AIO Elite 280 D-RGB,EK ,AIO Elite 280 D-RGB , EK-AIO Elite 280 D-RGB | 3831109829837 | ,550 - 2200 RPM ,36.4 dB ,Black ,, AM4 | AM5 | LGA1150 | LGA1151 | LGA1155 | LGA1156 | LGA1200 | LGA1700 | LGA1851 | LGA2011 | LGA2011-3 | LGA2066 | ,Yes - 280 mm ,No 
Cougar FORZA 85 ESSENTIAL,Cougar ,, FORZA 85 ESSENTIAL | 3MFZE85.0001 | CGR-FZAE85 | ,600 - 2000 RPM ,34.5 dB ,Black ,160 mm , AM2 | AM2+ | AM3 | AM3+ | AM4 | AM5 | FM1 | FM2 | FM2+ | LGA1150 | LGA1151 | LGA1155 | LGA1156 | LGA1200 | LGA1700 | LGA1851 | LGA2011 | LGA2011-3 | LGA2066 | ,No ,No 
TRYX PANORAMA,TRYX ,, L-P280N-DS2M-G0K | PANORAMA 280 Black | ,500 - 1650 RPM ,32 dB ,Black ,116 mm , AM4 | AM5 | LGA1150 | LGA1151 | LGA1155 | LGA1156 | LGA1200 | LGA1700 | LGA1851 | ,Yes - 280 mm ,No 
Mars Gaming ML-ONE,Mars Gaming ,,MLONE360 ,600 - 1800 RPM ,9 - 26 dB ,Black ,42 mm , AM2 | AM2+ | AM3 | AM3+ | AM4 | AM5 | sTR4 | sTRX4 | FM1 | FM2 | FM2+ | LGA1150 | LGA1151 | LGA1155 | LGA1156 | LGA1200 | LGA1700 | LGA1851 | LGA2011 | LGA2011-3 | LGA2066 | ,Yes - 360 mm ,No 
Cooler Master V8 GTS,Cooler Master ,V8 GTS ,RR-V8VC-16PR-R1 ,1600 RPM ,36 dB ,,167 mm , AM2 | AM2+ | AM3 | AM3+ | FM1 | FM2 | FM2+ | LGA775 | LGA1150 | LGA1151 | LGA1155 | LGA1156 | LGA1200 | LGA1366 | LGA2011 | LGA2011-3 | LGA2066 | ,No ,No 
NoFan CR-80EH,NoFan ,,CR-80EH ,,0 dB ,,113 mm , AM2 | AM2+ | AM3 | AM3+ | AM4 | FM1 | FM2 | FM2+ | LGA1150 | LGA1151 | LGA1155 | LGA1156 | LGA1200 | ,No ,Yes 
ID-COOLING FROSTFLOW+ 280,ID-COOLING ,,FROSTFLOW+ 280 ,800 - 1600 RPM ,16.8 - 32.6 dB ,Black / White ,, AM2 | AM2+ | AM3 | AM3+ | AM4 | AM5 | FM1 | FM2 | FM2+ | LGA775 | LGA1150 | LGA1151 | LGA1155 | LGA1156 | LGA1200 | LGA1366 | LGA2011 | LGA2011-3 | LGA2066 | ,Yes - 280 mm ,No 
Scythe Mugen 5 PCGH Edition,Scythe ,Mugen 5 PCGH Edition ,SCMG-5PCGH ,300 - 800 RPM ,4 - 14.5 dB ,Silver / Black ,155 mm , AM2 | AM2+ | AM3 | AM3+ | AM4 | AM5 | FM1 | FM2 | FM2+ | LGA775 | LGA1150 | LGA1151 | LGA1155 | LGA1156 | LGA1200 | LGA1366 | LGA1700 | LGA1851 | LGA2011 | LGA2011-3 | LGA2066 | ,No ,No 
ARCTIC Freezer 34 eSports,ARCTIC ,Freezer 34 eSports ,ACFRE00058A ,200 - 2100 RPM ,,Yellow / Black ,157 mm , AM4 | AM5 | LGA1150 | LGA1151 | LGA1155 | LGA1156 | LGA1200 | LGA1700 | LGA1851 | LGA2011 | LGA2011-3 | LGA2066 | ,No ,No 
Deepcool GAMMAXX 400R,Deepcool ,GAMMAXX 400R ,DEEPCOOL GAMMAXX400R ,900 - 1500 RPM ,17.8 - 30 dB ,Red / Silver ,154 mm , AM2 | AM2+ | AM3 | AM3+ | AM4 | FM1 | FM2 | FM2+ | LGA775 | LGA1150 | LGA1151 | LGA1155 | LGA1156 | LGA1200 | LGA1366 | LGA1700 | LGA1851 | LGA2011 | LGA2011-3 | LGA2066 | ,No ,No 
Deepcool CASTLE 360EX WHITE,Deepcool ,CASTLE 360EX WHITE , DP-GS-H12W-CSL360EXWH | DP-GS-H12-CSL360EX-WH | ,500 - 1800 RPM ,32.1 dB ,White / Black ,, AM2 | AM2+ | AM3 | AM3+ | AM4 | AM5 | sTR4 | sTRX4 | FM1 | FM2 | FM2+ | LGA1150 | LGA1151 | LGA1155 | LGA1156 | LGA1200 | LGA1366 | LGA1700 | LGA1851 | LGA2011 | LGA2011-3 | LGA2066 | ,Yes - 360 mm ,No 
Enermax Liqmax III 240 ARGB,Enermax ,Liqmax III 240 ARGB ,ELC-LMT240-ARGB ,500 - 1600 RPM ,14 - 27 dB ,Black ,, AM2 | AM2+ | AM3 | AM3+ | AM4 | AM5 | FM1 | FM2 | FM2+ | LGA1150 | LGA1151 | LGA1155 | LGA1156 | LGA1200 | LGA1700 | LGA1851 | LGA2011 | LGA2011-3 | LGA2066 | ,Yes - 240 mm ,No 
be quiet! Pure Loop 120,be quiet! ,Pure Loop 120 ,BW005 ,,18.9 - 36.1 dB ,Black ,, AM2 | AM2+ | AM3 | AM3+ | AM4 | AM5 | FM1 | FM2 | FM2+ | LGA1150 | LGA1151 | LGA1155 | LGA1156 | LGA1200 | LGA1700 | LGA1851 | LGA2011 | LGA2011-3 | LGA2066 | ,Yes - 120 mm ,No 
Deepcool AS500 PLUS WH,Deepcool ,AS500 PLUS WH , R-AS500-WHNLMP-G | AS500 PLUS WH | ,500 - 1200 RPM ,31.5 dB ,White / Silver ,164 mm , AM2 | AM2+ | AM3 | AM3+ | AM4 | AM5 | FM1 | FM2 | FM2+ | LGA1150 | LGA1151 | LGA1155 | LGA1156 | LGA1200 | LGA1700 | LGA1851 | LGA2011 | LGA2011-3 | LGA2066 | ,No ,No 
Enermax ETS-F40-FS,Enermax ,,ETS-F40-BK-ARGB ,300 - 1200 RPM ,10 - 23 dB ,Black ,158 mm , AM2 | AM2+ | AM3 | AM3+ | AM4 | AM5 | FM1 | FM2 | FM2+ | LGA1150 | LGA1151 | LGA1155 | LGA1156 | LGA1200 | LGA1366 | LGA1700 | LGA1851 | LGA2011 | LGA2011-3 | LGA2066 | ,No ,No 
Inter-Tech ALSEYE H120,Inter-Tech ,ALSEYE H120 ,88885488 ,800 - 2000 RPM ,13.5 - 35.2 dB ,Black ,, AM2 | AM2+ | AM3 | AM3+ | AM4 | FM1 | FM2 | FM2+ | LGA775 | LGA1150 | LGA1151 | LGA1155 | LGA1156 | LGA1200 | LGA1366 | LGA2011 | LGA2011-3 | LGA2066 | ,Yes - 120 mm ,No 
Jonsbo CR-1400 EVO ARGB White,Jonsbo ,,CR-1400 EVO ARGB White ,800 - 2200 RPM ,22.3 - 33.8 dB ,White ,130 mm , AM4 | AM5 | LGA1150 | LGA1151 | LGA1155 | LGA1156 | LGA1200 | LGA1700 | LGA1851 | ,No ,No 
Thermalright Frozen Magic ARGB,Thermalright ,,Frozen Magic 240 WHITE ARGB ,1500 RPM ,25.6 dB ,White ,, AM2 | AM2+ | AM3 | AM3+ | AM4 | AM5 | FM1 | FM2 | FM2+ | LGA1150 | LGA1151 | LGA1155 | LGA1156 | LGA1200 | LGA1700 | LGA1851 | LGA2011 | LGA2011-3 | LGA2066 | ,Yes - 240 mm ,No 
Thermalright Frozen Horizon ARGB,Thermalright ,,Frozen Horizon 360 BLACK ARGB ,2150 RPM ,28.1 dB ,Black ,, AM2 | AM2+ | AM3 | AM3+ | AM4 | AM5 | FM1 | FM2 | FM2+ | LGA1150 | LGA1151 | LGA1155 | LGA1156 | LGA1200 | LGA1700 | LGA1851 | LGA2011 | LGA2011-3 | LGA2066 | ,Yes - 360 mm ,No 
Thermalright Frozen Vision 240,Thermalright ,Frozen Vision 240 ,FROZEN VISION 240 WHITE ,2150 - 21500 RPM ,27 dB ,White ,58 mm , AM4 | AM5 | LGA1150 | LGA1151 | LGA1155 | LGA1156 | LGA1200 | LGA1700 | LGA1851 | LGA2011 | LGA2011-3 | LGA2066 | ,Yes - 240 mm ,No 
ID-COOLING SPACE LCD,ID-COOLING ,,SL240 XE ,500 - 1800 RPM ,35.2 dB ,Black ,, AM4 | AM5 | LGA1150 | LGA1151 | LGA1155 | LGA1156 | LGA1200 | LGA1700 | LGA1851 | LGA2011 | LGA2011-3 | LGA2066 | ,Yes - 240 mm ,No 
ID-COOLING SPACE LCD,ID-COOLING ,,SL240 XE WHITE ,500 - 1800 RPM ,35.2 dB ,White ,, AM4 | AM5 | LGA1150 | LGA1151 | LGA1155 | LGA1156 | LGA1200 | LGA1700 | LGA1851 | LGA2011 | LGA2011-3 | LGA2066 | ,Yes - 240 mm ,No 
FSP Group MP7 ARGB,FSP Group ,,MP7 ARGB ,800 - 1800 RPM ,32 dB ,Black / Silver ,153 mm , AM4 | AM5 | LGA1150 | LGA1151 | LGA1155 | LGA1156 | LGA1200 | LGA1700 | LGA1851 | ,No ,No 
Deepcool LQ240,Deepcool ,LQ240 ,R-LQ240-WHDSMC-G-1 ,600 - 2150 RPM ,32 dB ,White ,64 mm , AM4 | AM5 | LGA1150 | LGA1151 | LGA1155 | LGA1156 | LGA1200 | LGA1700 | LGA1851 | ,Yes - 240 mm ,No 
GAMDIAS AURA GL240 V2,GAMDIAS ,AURA GL240 V2 , Aura GL240 V2 WH | GD-Aura GL240 V2 WH | ,800 - 1800 RPM ,33.8 dB ,,, AM2 | AM2+ | AM3 | AM3+ | AM4 | AM5 | FM1 | FM2 | FM2+ | LGA1150 | LGA1151 | LGA1155 | LGA1156 | LGA1200 | LGA1700 | LGA1851 | LGA2011 | LGA2011-3 | LGA2066 | ,Yes - 240 mm ,No 
ALPHAGEAR AirChill PRISM 60DXD PRO,ALPHAGEAR ,,AG-PRISM60DXD-PRO-BK ,800 - 1800 RPM ,33.1 dB ,Black ,158 mm , AM4 | AM5 | LGA1150 | LGA1151 | LGA1155 | LGA1156 | LGA1200 | LGA1700 | LGA1851 | ,No ,No 
Alphacool Eisbaer Aurora 280,Alphacool ,Eisbaer Aurora 280 , 11729 | 1016663 | ,600 - 1500 RPM ,,Black ,, AM2 | AM2+ | AM3 | AM3+ | AM4 | AM5 | sTR4 | sTRX4 | FM1 | FM2 | FM2+ | LGA775 | LGA1150 | LGA1151 | LGA1155 | LGA1156 | LGA1200 | LGA1700 | LGA1851 | LGA2011 | LGA2011-3 | LGA2066 | ,Yes - 280 mm ,No 
Alphacool Eisbaer Pro Aurora,Alphacool ,,11773 ,,31.5 dB ,Black ,, AM4 | AM5 | sTR4 | sTRX4 | LGA1150 | LGA1151 | LGA1155 | LGA1156 | LGA1200 | LGA1700 | LGA1851 | LGA2011 | LGA2011-3 | LGA2011-3 Narrow | LGA2066 | ,Yes - 280 mm ,No 
Thermaltake TOUGHLIQUID Ultra,Thermaltake ,, CL-W322-PL12GM -A | CL-W322-PL12GM-B | ,500 - 2500 RPM ,28.1 dB ,Black ,, AM2 | AM2+ | AM3 | AM3+ | AM4 | AM5 | FM1 | FM2 | FM2+ | LGA1150 | LGA1151 | LGA1155 | LGA1156 | LGA1200 | LGA1366 | LGA1700 | LGA1851 | LGA2011 | LGA2011-3 | LGA2066 | ,Yes - 240 mm ,No 
Jonsbo CB80,Jonsbo ,,CB80 Black ,800 - 1800 RPM ,21.8 - 35.4 dB ,Black ,153 mm , AM4 | AM5 | LGA1150 | LGA1151 | LGA1155 | LGA1156 | LGA1200 | LGA1700 | LGA1851 | ,No ,No 
Alphacool Eisbaer Aurora 240,Alphacool ,Eisbaer Aurora 240 , 11728 | 1016662 | ,800 - 2000 RPM ,,Black ,, AM2 | AM2+ | AM3 | AM3+ | AM4 | AM5 | sTR4 | sTRX4 | FM1 | FM2 | FM2+ | LGA775 | LGA1150 | LGA1151 | LGA1155 | LGA1156 | LGA1200 | LGA1700 | LGA1851 | LGA2011 | LGA2011-3 | LGA2066 | ,Yes - 240 mm ,No 
be quiet! Pure Loop 2,be quiet! ,,BW016 ,,13 - 32.1 dB ,Black ,42 mm , AM4 | AM5 | LGA1150 | LGA1151 | LGA1155 | LGA1156 | LGA1200 | LGA1700 | LGA1851 | ,Yes - 120 mm ,No 
Vetroo V240,Vetroo ,V240 , VT-AIO-V240-PK | V240-Pink | ,800 - 1800 RPM ,30.8 dB ,Pink ,, AM2 | AM2+ | AM3 | AM3+ | AM4 | AM5 | FM1 | FM2 | FM2+ | LGA1150 | LGA1151 | LGA1155 | LGA1156 | LGA1200 | LGA1700 | LGA1851 | LGA2011 | LGA2011-3 | LGA2066 | ,Yes - 240 mm ,No 
Mars Gaming ML-ONE,Mars Gaming ,,MLONE240W ,600 - 1800 RPM ,9 - 26 dB ,White ,42 mm , AM2 | AM2+ | AM3 | AM3+ | AM4 | AM5 | sTR4 | sTRX4 | FM1 | FM2 | FM2+ | LGA1150 | LGA1151 | LGA1155 | LGA1156 | LGA1200 | LGA1700 | LGA1851 | LGA2011 | LGA2011-3 | LGA2066 | ,Yes - 240 mm ,No 
GAMDIAS AURA GL240 DIGITAL,GAMDIAS ,,AURA GL240 DIGITAL ,800 - 1800 RPM ,33 dB ,Black ,, AM2 | AM2+ | AM3 | AM3+ | AM4 | AM5 | FM1 | FM2 | FM2+ | LGA1150 | LGA1151 | LGA1155 | LGA1156 | LGA1200 | LGA1700 | LGA1851 | LGA2011 | LGA2011-3 | LGA2066 | ,Yes - 240 mm ,No 
Deepcool GAMMAXX 200T,Deepcool ,, GAMMAXX 200T | DP-MCH2-GMX200T | ,900 - 1600 RPM ,17.8 - 26.1 dB ,,131 mm , AM2 | AM2+ | AM3 | AM3+ | AM4 | AM5 | FM1 | FM2 | FM2+ | LGA775 | LGA1150 | LGA1151 | LGA1155 | LGA1156 | LGA1200 | LGA1700 | LGA1851 | ,No ,No 
Jonsbo CR-1000,Jonsbo ,,CR-1000 White ,700 - 1800 RPM ,20.55 - 37.2 dB ,White ,158 mm , AM4 | AM5 | LGA1150 | LGA1151 | LGA1155 | LGA1156 | LGA1200 | LGA1700 | LGA1851 | ,No ,No 
Silverstone PF240-ARGB V2,Silverstone ,PF240-ARGB V2 ,SST-PF240-ARGB-V2 ,600 - 2200 RPM ,7.4 - 35.6 dB ,Black ,50 mm , AM2 | AM2+ | AM3 | AM3+ | AM4 | AM5 | FM1 | FM2 | FM2+ | LGA1150 | LGA1151 | LGA1155 | LGA1156 | LGA1200 | LGA1700 | LGA1851 | LGA2011 | LGA2011-3 | LGA2066 | ,Yes - 240 mm ,No 
StarTech FAN7751U,StarTech ,,FAN7751U ,4500 RPM ,39 dB ,,14 mm ,LGA775 ,No ,No 
Evercool EC-NK804A-925EP,Evercool ,,EC-NK804A-925EP ,2750 RPM ,28.2 dB ,,56 mm , AM2 | AM2+ | AM3 | AM3+ | FM1 | FM2 | FM2+ | ,No ,No 
Corsair H90,Corsair ,, H90 | CWCH90 | CW-9060013-WW | ,1500 RPM ,35 dB ,,, AM2 | AM2+ | AM3 | AM3+ | AM4 | FM1 | FM2 | FM2+ | LGA1150 | LGA1151 | LGA1155 | LGA1156 | LGA1200 | LGA1366 | LGA2011 | LGA2011-3 | LGA2066 | ,Yes - 140 mm ,No 
CRYORIG C1,CRYORIG ,C1 ,CR-C1A ,700 - 1300 RPM ,24 dB ,,74 mm , AM2 | AM2+ | AM3 | AM3+ | AM4 | FM1 | FM2 | FM2+ | LGA775 | LGA1150 | LGA1151 | LGA1155 | LGA1156 | LGA1200 | LGA1366 | LGA2011 | LGA2011-3 | LGA2066 | ,No ,No 
Thermalright Le Grand Macho,Thermalright ,,Le Grand Macho ,,,,159 mm , AM2 | AM2+ | AM3 | AM3+ | AM4 | FM1 | FM2 | FM2+ | LGA775 | LGA1150 | LGA1151 | LGA1155 | LGA1156 | LGA1200 | LGA1366 | LGA1700 | LGA1851 | LGA2011 | LGA2011-3 | LGA2066 | ,No ,Yes 
Cooler Master MasterAir G100M RGB,Cooler Master ,MasterAir G100M RGB ,MAM-G1CN-924PC-R1 ,600 - 2400 RPM ,30 dB ,Black / Multicolor ,75 mm , AM2 | AM2+ | AM3 | AM3+ | AM4 | FM1 | FM2 | FM2+ | LGA775 | LGA1150 | LGA1151 | LGA1155 | LGA1156 | LGA1200 | LGA1366 | LGA2011 | LGA2011-3 | LGA2066 | ,No ,No 
Cooler Master MasterLiquid ML360P Silver Edition ARGB,Cooler Master ,MasterLiquid ML360P Silver Edition ARGB ,MLY-D36M-A18PA-R1 ,650 - 1800 RPM ,8 - 30 dB ,Silver / Black ,, AM2 | AM2+ | AM3 | AM3+ | AM4 | sTR4 | sTRX4 | FM1 | FM2 | FM2+ | LGA775 | LGA1150 | LGA1151 | LGA1155 | LGA1156 | LGA1200 | LGA2011 | LGA2011-3 | LGA2066 | ,Yes - 360 mm ,No 
Cooler Master MasterLiquid ML240P Mirage,Cooler Master ,MasterLiquid ML240P Mirage ,MLY-D24M-A20PA-R1 ,2000 RPM ,27 dB ,Black ,, AM2 | AM2+ | AM3 | AM3+ | AM4 | sTR4 | sTRX4 | FM1 | FM2 | FM2+ | LGA775 | LGA1150 | LGA1151 | LGA1155 | LGA1156 | LGA1200 | LGA1366 | LGA2011 | LGA2011-3 | LGA2066 | ,Yes - 240 mm ,No 
SilentiumPC Grandis 2 XE1436,SilentiumPC ,Grandis 2 XE1436 ,SPC154 ,500 - 1600 RPM ,21 dB ,Black / Silver ,159 mm , AM2 | AM2+ | AM3 | AM3+ | AM4 | FM1 | FM2 | FM2+ | LGA775 | LGA1150 | LGA1151 | LGA1155 | LGA1156 | LGA1200 | LGA1366 | LGA2011 | LGA2011-3 | LGA2066 | ,No ,No 
ID-COOLING SE-224-XT Basic,ID-COOLING ,,SE-224-XT Basic ,700 - 1800 RPM ,15.2 - 32.5 dB ,Black / Gray ,154 mm , AM4 | AM5 | LGA1150 | LGA1151 | LGA1155 | LGA1156 | LGA1200 | LGA1700 | LGA1851 | LGA2011 | LGA2011-3 | LGA2066 | ,No ,No 
Thermaltake Floe DX RGB 240 TT Premium Edition,Thermaltake ,Floe DX RGB 240 TT Premium Edition ,CL-W255-PL12SW-A ,500 - 1500 RPM ,19 - 23.9 dB ,Black / Gray ,, AM2 | AM2+ | AM3 | AM3+ | AM4 | AM5 | FM1 | FM2 | FM2+ | LGA1150 | LGA1151 | LGA1155 | LGA1156 | LGA1200 | LGA1366 | LGA2011 | LGA2011-3 | LGA2066 | ,Yes - 240 mm ,No 
darkFlash Shadow PWM,darkFlash ,Shadow PWM ,8541607924 ,800 - 2500 RPM ,29.6 dB ,Black ,72 mm , LGA1150 | LGA1151 | LGA1155 | LGA1156 | LGA1200 | ,No ,No 
Phanteks Glacier One 240MPH,Phanteks ,Glacier One 240MPH ,PH-GO240MPH_DWT01 ,500 - 2200 RPM ,18 - 34.2 dB ,White / Black ,, AM4 | AM5 | sTR4 | sTRX4 | LGA1150 | LGA1151 | LGA1155 | LGA1156 | LGA1200 | LGA1366 | LGA1700 | LGA1851 | LGA2011 | LGA2011-3 | LGA2066 | ,Yes - 240 mm ,No 
Thermalright Assassin King 120,Thermalright ,Assassin King 120 , AK120 BLACK | 43200000 | ,1500 RPM ,25.6 dB ,Black / Silver ,154 mm , AM4 | LGA1150 | LGA1151 | LGA1155 | LGA1156 | LGA1200 | LGA1700 | LGA1851 | LGA2011 | LGA2011-3 | LGA2066 | ,No ,No 
Asus TUF Gaming LC RGB,Asus ,, TUF Gaming LC 240 RGB | 90RC0091-M0UAY0 | 90RC0091-M0AAY0 | ,800 - 2000 RPM ,29 dB ,Black ,, AM4 | AM5 | LGA1150 | LGA1151 | LGA1155 | LGA1156 | LGA1200 | LGA1366 | LGA2011 | LGA2011-3 | LGA2066 | ,Yes - 240 mm ,No 
Azza Blizzard SP 240,Azza ,Blizzard SP 240 ,LCAZ-240R-ARGB SP ,700 - 2200 RPM ,36 dB ,Black ,, AM2 | AM2+ | AM3 | AM3+ | AM4 | sTR4 | sTRX4 | FM1 | FM2 | FM2+ | LGA1150 | LGA1151 | LGA1155 | LGA1156 | LGA1200 | LGA1366 | LGA1700 | LGA1851 | LGA2011 | LGA2011-3 | LGA2066 | ,Yes - 240 mm ,No 
Thermalright Assassin X,Thermalright ,,AX 120 ,1500 RPM ,25.6 dB ,Black / Silver ,154 mm , AM4 | LGA1150 | LGA1151 | LGA1155 | LGA1156 | LGA1200 | LGA1700 | LGA1851 | ,No ,No 
Deepcool LE300,Deepcool ,LE300 ,R-LE300-BKLNMC-G-1 ,500 - 2250 RPM ,,Black ,, AM4 | AM5 | LGA1150 | LGA1151 | LGA1155 | LGA1156 | LGA1200 | LGA1700 | LGA1851 | ,Yes - 120 mm ,No 
ID-COOLING ZOOMFLOW 240 XT,ID-COOLING ,,ZOOMFLOW 240 XT ,500 - 1500 RPM ,13.8 - 30.5 dB ,Black ,, AM4 | AM5 | LGA1150 | LGA1151 | LGA1155 | LGA1156 | LGA1200 | LGA2011 | LGA2011-3 | LGA2066 | ,Yes - 240 mm ,No 
Cooler Master Hyper 212 LED White Edition,Cooler Master ,Hyper 212 LED White Edition ,RR-212L-16PW-R1 ,600 - 1600 RPM ,9 - 31 dB ,,158 mm , AM2 | AM2+ | AM3 | AM3+ | AM4 | AM5 | FM1 | FM2 | FM2+ | LGA1150 | LGA1151 | LGA1155 | LGA1156 | LGA1200 | LGA1366 | LGA2011 | LGA2011-3 | LGA2066 | ,No ,No 
ARCTIC Freezer i35,ARCTIC ,Freezer i35 ,ACFRE00094A ,200 - 1800 RPM ,,Black / White ,158 mm , LGA1150 | LGA1151 | LGA1155 | LGA1156 | LGA1200 | LGA1700 | LGA1851 | ,No ,No 
Deepcool LE300 Marrs,Deepcool ,LE300 Marrs ,R-LE300-BKLNMG-G-1 ,500 - 2250 RPM ,32.9 dB ,Black ,52 mm , AM4 | AM5 | LGA1150 | LGA1151 | LGA1155 | LGA1156 | LGA1200 | LGA1700 | LGA1851 | ,Yes - 120 mm ,No 
Jonsbo HP400S,Jonsbo ,,HP400S ,900 - 2800 RPM ,20.2 - 34 dB ,Blue / Silver ,40 mm , AM4 | LGA1150 | LGA1151 | LGA1155 | LGA1156 | LGA1200 | LGA1700 | LGA1851 | ,No ,No 
MSI MAG CORELIQUID 360R V2,MSI ,MAG CORELIQUID 360R V2 , MAG CORELIQUID 360R V2 WHITE | 306-7ZW1B53-813 | ,500 - 2000 RPM ,14.3 - 34.3 dB ,White ,, AM2 | AM2+ | AM3 | AM3+ | AM4 | AM5 | sTR4 | sTRX4 | FM1 | FM2 | FM2+ | LGA1150 | LGA1151 | LGA1155 | LGA1156 | LGA1200 | LGA1366 | LGA1700 | LGA1851 | ,Yes - 360 mm ,No 
ID-COOLING SE-214-XT-D,ID-COOLING ,,SE-214-XT-D ,700 - 1800 RPM ,32.5 dB ,Gray / Black ,150 mm , AM4 | AM5 | LGA1150 | LGA1151 | LGA1155 | LGA1156 | LGA1200 | LGA1700 | LGA1851 | ,No ,No 
Zalman ALPHA2 A36,Zalman ,ALPHA2 A36 ,ALPHA2 A36 Black ,600 - 2000 RPM ,29.7 dB ,Black ,57 mm , AM4 | AM5 | LGA1150 | LGA1151 | LGA1155 | LGA1156 | LGA1200 | LGA1700 | LGA1851 | ,Yes - 360 mm ,No 
Xilence M704PRO.ARGB,Xilence ,M704PRO.ARGB , XC056 | M704PRO.ARGB | ,800 - 1800 RPM ,18 - 32.2 dB ,,159 mm , AM4 | AM5 | LGA1150 | LGA1151 | LGA1155 | LGA1156 | LGA1200 | LGA1700 | LGA1851 | LGA2011 | LGA2011-3 | LGA2066 | ,No ,No 
Silverstone PF360-ARGB V2,Silverstone ,PF360-ARGB V2 ,SST-PF360W-ARGB-V2 ,600 - 2200 RPM ,7.4 - 35.6 dB ,White ,50 mm , AM2 | AM2+ | AM3 | AM3+ | AM4 | AM5 | FM1 | FM2 | FM2+ | LGA1150 | LGA1151 | LGA1155 | LGA1156 | LGA1200 | LGA1700 | LGA1851 | LGA2011 | LGA2011-3 | LGA2066 | ,Yes - 360 mm ,No 
Inter-Tech ALSEYE Star Warriors W700 Pro,Inter-Tech ,,STAR WARRIORS SERIES 700Pro-R ,900 - 3000 RPM ,45 dB ,Red ,160 mm , AM4 | AM5 | LGA1150 | LGA1151 | LGA1155 | LGA1156 | LGA1200 | LGA1366 | LGA1700 | LGA1851 | LGA2011 | LGA2011-3 | LGA2066 | ,No ,No 
Geometric Future Eskimo Pro 36,Geometric Future ,Eskimo Pro 36 ,GEO-EP-36W ,2000 RPM ,34.2 dB ,White ,54 mm , AM4 | AM5 | LGA1150 | LGA1151 | LGA1155 | LGA1156 | LGA1200 | LGA1700 | LGA1851 | LGA2011 | LGA2011-3 | LGA2066 | ,Yes - 360 mm ,No 
Thermaltake Riing Silent 12 Red,Thermaltake ,Riing Silent 12 Red ,CL-P022-AL12RE-A ,300 - 1400 RPM ,13 - 18 dB ,,159 mm , AM2 | AM2+ | AM3 | AM3+ | FM1 | FM2 | FM2+ | LGA775 | LGA1150 | LGA1151 | LGA1155 | LGA1156 | LGA1200 | LGA1366 | LGA2011 | LGA2011-3 | LGA2066 | ,No ,No 
In Win SR24,In Win ,SR24 ,IW-LC-SR24 ,500 - 2500 RPM ,23 dB ,Black ,, AM2 | AM2+ | AM3 | AM3+ | AM4 | sTR4 | sTRX4 | FM1 | FM2 | FM2+ | LGA1150 | LGA1151 | LGA1155 | LGA1156 | LGA1200 | LGA1366 | LGA2011 | LGA2011-3 | LGA2066 | ,Yes - 240 mm ,No 
Gigabyte AORUS WATERFORCE X,Gigabyte ,, AORUS WATERFORCE X 280 | GP-AORUS WATERFORCE X 280 | GP-AWATERFORCEX280 | ,2300 RPM ,8.06 - 44.4 dB ,Black ,, AM4 | AM5 | sTR4 | sTRX4 | LGA1150 | LGA1151 | LGA1155 | LGA1156 | LGA1200 | LGA1366 | LGA1700 | LGA1851 | LGA2011 | LGA2011-3 | LGA2066 | ,Yes - 280 mm ,No 
ARCTIC Liquid Freezer II 280 RGB,ARCTIC ,Liquid Freezer II 280 RGB ,ACFRE00107A ,200 - 1900 RPM ,22.5 dB ,Black ,, AM4 | AM5 | LGA1150 | LGA1151 | LGA1155 | LGA1156 | LGA1200 | LGA1700 | LGA1851 | LGA2011 | LGA2011-3 | LGA2066 | ,Yes - 280 mm ,No 
TRYX PANORAMA,TRYX ,, L-P240N-DS2M-G0W | PANORAMA 240 WHITE | ,500 - 2250 RPM ,30.97 dB ,White ,116 mm , AM4 | AM5 | LGA1150 | LGA1151 | LGA1155 | LGA1156 | LGA1200 | LGA1700 | LGA1851 | ,Yes - 240 mm ,No 
PC Cooler RZ620,PC Cooler ,,RZ620-BKNWNX-GL ,500 - 2200 RPM ,28 - 32 dB ,Black / Silver ,158 mm , AM4 | AM5 | LGA1150 | LGA1151 | LGA1155 | LGA1156 | LGA1200 | LGA1700 | LGA1851 | ,No ,No 
EVGA ACX mITX,EVGA ,ACX mITX ,100-FS-C901-KR ,800 - 2800 RPM ,33.4 dB ,,140 mm , LGA1150 | LGA1151 | LGA1155 | LGA1156 | LGA1200 | ,No ,No 
Thermaltake CLP0556-B,Thermaltake ,,CLP0556-B ,1900 - 2300 RPM ,22 dB ,,95 mm , LGA1150 | LGA1151 | LGA1155 | LGA1156 | LGA1200 | ,No ,No 
Akasa K32,Akasa ,K32 ,AK-CC7117EP01 ,600 - 3000 RPM ,17.2 - 30.54 dB ,,63 mm , LGA775 | LGA1150 | LGA1151 | LGA1155 | LGA1156 | LGA1200 | ,No ,No 
Thermalright Frost Spirit 140,Thermalright ,, Frost Spirit 140 | FS 140 | ,1500 RPM ,25.6 dB ,Gray ,158 mm , AM4 | AM5 | LGA1150 | LGA1151 | LGA1155 | LGA1156 | LGA1200 | LGA1700 | LGA1851 | LGA2011 | LGA2011-3 | LGA2066 | ,No ,No 
Cougar FORZA 135,Cougar ,, FORZA 135 | CGR-FZA135 | 3MFZ135.0001 | ,500 - 1500 RPM ,38.5 dB ,Black / Silver ,160 mm , AM2 | AM2+ | AM3 | AM3+ | AM4 | AM5 | FM1 | FM2 | FM2+ | LGA1150 | LGA1151 | LGA1155 | LGA1156 | LGA1200 | LGA1366 | LGA1700 | LGA1851 | LGA2011 | LGA2011-3 | LGA2066 | ,No ,No 
Deepcool AK620 ZERO DARK ZORIA,Deepcool ,AK620 ZERO DARK ZORIA ,R-AK620-BKNPMN-E ,500 - 1850 RPM ,28 dB ,Orange / Black ,160 mm , AM4 | AM5 | LGA1150 | LGA1151 | LGA1155 | LGA1156 | LGA1200 | LGA1700 | LGA1851 | LGA2011 | LGA2011-3 | LGA2066 | ,No ,No 
Thermaltake TH240 V2 Ultra EX ARGB Sync,Thermaltake ,TH240 V2 Ultra EX ARGB Sync ,CL-W414-PL12SW-A ,,,Black ,, AM2 | AM2+ | AM3 | AM3+ | AM4 | AM5 | FM1 | FM2 | FM2+ | LGA1150 | LGA1151 | LGA1155 | LGA1156 | LGA1200 | LGA1700 | LGA1851 | LGA2011 | LGA2011-3 | LGA2066 | ,Yes - 240 mm ,No 
Zalman FX100,Zalman ,,FX100 ,,0 dB ,,157 mm , AM2 | AM2+ | AM3 | AM3+ | FM1 | FM2 | FM2+ | LGA775 | LGA1150 | LGA1151 | LGA1155 | LGA1156 | LGA1200 | LGA1366 | LGA2011 | LGA2011-3 | LGA2066 | ,No ,Yes 
Thermaltake Frio Silent 14,Thermaltake ,Frio Silent 14 ,CL-P002-AL14BL-B ,700 - 1200 RPM ,12 - 19.3 dB ,,160 mm , AM2 | AM2+ | AM3 | AM3+ | FM1 | FM2 | FM2+ | LGA775 | LGA1150 | LGA1151 | LGA1155 | LGA1156 | LGA1200 | LGA1366 | LGA2011 | LGA2011-3 | LGA2066 | ,No ,No 
ID-COOLING DK-03,ID-COOLING ,,DK-03 ,1600 RPM ,26.4 dB ,,63 mm , AM2 | AM2+ | AM3 | AM3+ | FM1 | FM2 | FM2+ | LGA775 | LGA1150 | LGA1151 | LGA1155 | LGA1156 | LGA1200 | ,No ,No 
MSI MAG CORELIQUID C280,MSI ,, MAG CORELIQUID C280 | 306-7ZW2R21-813 | CLC280 | ,500 - 1800 RPM ,14.8 - 33.28 dB ,Black ,, AM2 | AM2+ | AM3 | AM3+ | AM4 | AM5 | FM1 | FM2 | FM2+ | LGA1150 | LGA1151 | LGA1155 | LGA1156 | LGA1200 | LGA1366 | LGA1700 | LGA1851 | LGA2011 | LGA2011-3 | LGA2066 | ,Yes - 280 mm ,No 
Enermax LIQMAX III 360 ARGB,Enermax ,LIQMAX III 360 ARGB ,ELC-LMT360-W-ARGB ,500 - 1600 RPM ,14 - 27 dB ,White / Black ,, AM2 | AM2+ | AM3 | AM3+ | AM4 | AM5 | FM1 | FM2 | FM2+ | LGA775 | LGA1150 | LGA1151 | LGA1155 | LGA1156 | LGA1200 | LGA1366 | LGA1700 | LGA1851 | LGA2011 | LGA2011-3 | LGA2066 | ,Yes - 360 mm ,No 
TEAMGROUP SIREN GD360E,TEAMGROUP ,SIREN GD360E ,TB130502 ,600 - 2200 RPM ,14.3 - 35.6 dB ,Black ,49 mm , AM2 | AM2+ | AM3 | AM3+ | AM4 | AM5 | FM1 | FM2 | FM2+ | LGA1150 | LGA1151 | LGA1155 | LGA1156 | LGA1200 | LGA1366 | LGA1700 | LGA1851 | LGA2011 | LGA2011-3 | LGA2066 | ,Yes - 360 mm ,No 
Thermalright Frozen Magic ARGB,Thermalright ,,Frozen Magic 360 WHITE ARGB ,1500 RPM ,25.6 dB ,White ,, AM2 | AM2+ | AM3 | AM3+ | AM4 | AM5 | FM1 | FM2 | FM2+ | LGA1150 | LGA1151 | LGA1155 | LGA1156 | LGA1200 | LGA1700 | LGA1851 | LGA2011 | LGA2011-3 | LGA2066 | ,Yes - 360 mm ,No 
ARCTIC Alpine 64 Pro Rev 2,ARCTIC ,Alpine 64 Pro Rev 2 , ACALP64 Pro | UCACO-A64D2-GBA01 | ,500 - 2000 RPM ,,,84 mm , AM2 | AM2+ | AM3 | AM3+ | AM4 | AM5 | FM1 | FM2 | FM2+ | ,No ,No 
Corsair A70,Corsair ,A70 ,CAFA70 ,1600 - 2000 RPM ,26 - 31.5 dB ,,160 mm , AM2 | AM2+ | AM3 | AM3+ | FM1 | FM2 | FM2+ | LGA775 | LGA1150 | LGA1151 | LGA1155 | LGA1156 | LGA1200 | LGA1366 | ,No ,No 
Zalman CNPS5X Performa,Zalman ,,CNPS5X Performa ,1400 - 2800 RPM ,20 - 32 dB ,,134 mm , AM2 | AM2+ | AM3 | AM3+ | FM1 | FM2 | FM2+ | LGA775 | LGA1150 | LGA1151 | LGA1155 | LGA1156 | LGA1200 | ,No ,No 
Phanteks PH-TC14PE_BK,Phanteks ,,PH-TC14PE_BK ,900 - 1200 RPM ,13.4 - 19 dB ,,171 mm , AM2 | AM2+ | AM3 | AM3+ | FM1 | FM2 | FM2+ | LGA775 | LGA1150 | LGA1151 | LGA1155 | LGA1156 | LGA1200 | LGA1366 | LGA2011 | LGA2011-3 | LGA2066 | ,No ,No 
Cooler Master Nepton 140XL,Cooler Master ,Nepton 140XL ,RL-N14X-20PK-R1 ,2000 RPM ,21 - 39 dB ,,, AM2 | AM2+ | AM3 | AM3+ | AM4 | FM1 | FM2 | FM2+ | LGA775 | LGA1150 | LGA1151 | LGA1155 | LGA1156 | LGA1200 | LGA1366 | LGA2011 | LGA2011-3 | LGA2066 | ,Yes - 140 mm ,No 
Deepcool ICE BLADE 200M,Deepcool ,,ICE BLADE 200M ,2200 RPM ,17.8 - 30.1 dB ,,135 mm , AM2 | AM2+ | AM3 | AM3+ | AM4 | FM1 | FM2 | FM2+ | LGA775 | LGA1150 | LGA1151 | LGA1155 | LGA1156 | LGA1200 | LGA1366 | LGA2011 | LGA2011-3 | LGA2066 | ,No ,No 
Corsair H110i GT,Corsair ,H110i GT ,CW-9060019-WW ,2100 RPM ,43 dB ,,, AM2 | AM2+ | AM3 | AM3+ | AM4 | FM1 | FM2 | FM2+ | LGA1150 | LGA1151 | LGA1155 | LGA1156 | LGA1200 | LGA1366 | LGA2011 | LGA2011-3 | LGA2066 | ,Yes - 280 mm ,No 
ARCTIC Alpine 11 GT Rev 2,ARCTIC ,Alpine 11 GT Rev 2 , UCACO-AP112-GBB01 | ACALP11-GT-R2 | ,2000 RPM ,22.5 dB ,,67 mm , LGA775 | LGA1150 | LGA1151 | LGA1155 | LGA1156 | LGA1200 | ,No ,No 
ARCTIC Alpine M1 - Passive,ARCTIC ,Alpine M1 - Passive ,ACALP00005A ,,0 dB ,,70 mm ,AM1 ,No ,Yes 
Cooler Master MasterAir Maker 8,Cooler Master ,MasterAir Maker 8 ,MAZ-T8PN-418PR-R1 ,600 - 1800 RPM ,8 - 24 dB ,,172 mm , AM2 | AM2+ | AM3 | AM3+ | AM4 | FM1 | FM2 | FM2+ | LGA775 | LGA1150 | LGA1151 | LGA1155 | LGA1156 | LGA1200 | LGA1366 | LGA2011 | LGA2011-3 | LGA2066 | ,No ,No 
NZXT Kraken X42,NZXT ,Kraken X42 ,RL-KRX42-01 ,500 - 1800 RPM ,21 - 38 dB ,,, AM2 | AM2+ | AM3 | AM3+ | AM4 | AM5 | FM1 | FM2 | FM2+ | LGA1150 | LGA1151 | LGA1155 | LGA1156 | LGA1200 | LGA1366 | LGA1700 | LGA1851 | LGA2011 | LGA2011-3 | LGA2066 | ,Yes - 140 mm ,No 
Alpenföhn Brocken ECO,Alpenföhn ,Brocken ECO ,84000000106 ,500 - 1500 RPM ,4.6 - 27.3 dB ,,150 mm , AM2 | AM2+ | AM3 | AM3+ | FM1 | FM2 | FM2+ | LGA1150 | LGA1151 | LGA1155 | LGA1156 | LGA1200 | LGA1366 | LGA2011 | LGA2011-3 | LGA2066 | ,No ,No 
Cooler Master Hyper 212 LED Turbo (Black),Cooler Master ,Hyper 212 LED Turbo (Black) ,RR-212TK-16PR-R1 ,600 - 1600 RPM ,9 - 31 dB ,,163 mm , AM2 | AM2+ | AM3 | AM3+ | AM4 | FM1 | FM2 | FM2+ | LGA775 | LGA1150 | LGA1151 | LGA1155 | LGA1156 | LGA1200 | LGA2011 | LGA2011-3 | LGA2066 | ,No ,No 
Deepcool GAMMAXX 300 R,Deepcool ,, GAMMAXX 300 R | DP-MCH3-GMX300RD | ,900 - 1600 RPM ,17.8 - 21 dB ,,136 mm , AM2 | AM2+ | AM3 | AM3+ | AM4 | AM5 | FM1 | FM2 | FM2+ | LGA775 | LGA1150 | LGA1151 | LGA1155 | LGA1156 | LGA1200 | LGA1366 | ,No ,No 
Deepcool Gamerstorm Captain 240 PRO,Deepcool ,Gamerstorm Captain 240 PRO ,Captain 240 PRO ,500 - 1800 RPM ,30 dB ,Black ,, AM2 | AM2+ | AM3 | AM3+ | AM4 | sTR4 | sTRX4 | FM1 | FM2 | FM2+ | LGA1150 | LGA1151 | LGA1155 | LGA1156 | LGA1200 | LGA1366 | LGA2011 | LGA2011-3 | LGA2066 | ,Yes - 240 mm ,No 
ARCTIC Alpine AM4,ARCTIC ,Alpine AM4 ,ACALP00025A ,100 - 2000 RPM ,,Black / White ,69 mm , AM2 | AM2+ | AM3 | AM3+ | AM4 | AM5 | FM1 | FM2 | FM2+ | ,No ,No 
ID-COOLING IS-30,ID-COOLING ,,IS-30 ,800 - 3600 RPM ,17 - 35.8 dB ,,30 mm , AM2 | AM2+ | AM3 | AM3+ | AM4 | FM1 | FM2 | FM2+ | LGA1150 | LGA1151 | LGA1155 | LGA1156 | LGA1200 | ,No ,No 
Deepcool GAMERSTORM CAPTAIN 240X,Deepcool ,GAMERSTORM CAPTAIN 240X ,CAPTAIN 240X ,500 - 1800 RPM ,32.1 dB ,Black ,, AM2 | AM2+ | AM3 | AM3+ | AM4 | sTR4 | sTRX4 | FM1 | FM2 | FM2+ | LGA1150 | LGA1151 | LGA1155 | LGA1156 | LGA1200 | LGA1366 | LGA2011 | LGA2011-3 | LGA2066 | ,Yes - 240 mm ,No 
Cooler Master Hyper 212 LED Turbo White Edition,Cooler Master ,Hyper 212 LED Turbo White Edition ,RR-212TW-16PW-R1 ,600 - 1600 RPM ,9 - 31 dB ,White ,160 mm , AM2 | AM2+ | AM3 | AM3+ | AM4 | AM5 | FM1 | FM2 | FM2+ | LGA1150 | LGA1151 | LGA1155 | LGA1156 | LGA1200 | LGA1366 | LGA2011 | LGA2011-3 | LGA2066 | ,No ,No 
ID-COOLING ZOOMFLOW X,ID-COOLING ,,ZOOMFLOW 360X ARGB ,700 - 1500 RPM ,18 - 26.4 dB ,Black ,, AM2 | AM2+ | AM3 | AM3+ | AM4 | AM5 | FM1 | FM2 | FM2+ | LGA1150 | LGA1151 | LGA1155 | LGA1156 | LGA1200 | LGA1366 | LGA1700 | LGA1851 | LGA2011 | LGA2011-3 | LGA2066 | ,Yes - 360 mm ,No 
Deepcool CASTLE 120R,Deepcool ,CASTLE 120R ,DP-GS-H12-CSL120R ,500 - 1800 RPM ,32 dB ,Black ,, AM2 | AM2+ | AM3 | AM3+ | AM4 | FM1 | FM2 | FM2+ | LGA1150 | LGA1151 | LGA1155 | LGA1156 | LGA1200 | LGA1366 | LGA1700 | LGA1851 | LGA2011 | LGA2011-3 | LGA2066 | ,Yes - 120 mm ,No 
Vetroo U6 Pro,Vetroo ,U6 Pro ,VT-CPU-U6PRO-BK ,700 - 1500 RPM ,18.1 - 30.5 dB ,Black ,152 mm , AM4 | AM5 | LGA1150 | LGA1151 | LGA1155 | LGA1156 | LGA1200 | LGA1700 | LGA1851 | ,No ,No 
GAMDIAS BOREAS E1,GAMDIAS ,,BOREAS E1-410 WH ,800 - 2000 RPM ,10 - 31 dB ,Black / Silver ,154 mm , AM2 | AM2+ | AM3 | AM3+ | AM4 | FM1 | FM2 | FM2+ | LGA775 | LGA1150 | LGA1151 | LGA1155 | LGA1156 | LGA1200 | LGA1366 | LGA1700 | LGA1851 | LGA2011 | LGA2011-3 | LGA2066 | ,No ,No 
GAMDIAS CHIONE E2,GAMDIAS ,,CHIONE E2-120R ,800 - 1800 RPM ,,Black ,, AM2 | AM2+ | AM3 | AM3+ | AM4 | FM1 | FM2 | FM2+ | LGA775 | LGA1150 | LGA1151 | LGA1155 | LGA1156 | LGA1200 | LGA1366 | LGA2011 | LGA2011-3 | LGA2066 | ,Yes - 120 mm ,No 
ID-COOLING SE-226-XT,ID-COOLING ,,SE-226-XT ARGB ,500 - 1500 RPM ,13.8 - 30.5 dB ,Black ,154 mm , AM4 | AM5 | LGA1150 | LGA1151 | LGA1155 | LGA1156 | LGA1200 | LGA1700 | LGA1851 | LGA2011 | LGA2011-3 | LGA2066 | ,No ,No 
ID-COOLING IS-55 ARGB,ID-COOLING ,,IS-55 ARGB WHITE ,500 - 2000 RPM ,31.2 dB ,White ,55 mm , AM4 | AM5 | LGA1150 | LGA1151 | LGA1155 | LGA1156 | LGA1200 | LGA1700 | LGA1851 | ,No ,No 
ID-COOLING AURAFLOW X 240 EVO SNOW,ID-COOLING ,,AURAFLOW X 240 EVO SNOW ,700 - 1800 RPM ,18 - 35.2 dB ,White ,, AM4 | AM5 | LGA1150 | LGA1151 | LGA1155 | LGA1156 | LGA1200 | LGA1700 | LGA1851 | LGA2011 | LGA2011-3 | LGA2066 | ,Yes - 240 mm ,No 
Cougar FORZA 85,Cougar ,, FORZA 85 | 3MFZA85.0001 | CGR-FZA85 | ,600 - 2000 RPM ,34.5 dB ,Black ,160 mm , AM2 | AM2+ | AM3 | AM3+ | AM4 | AM5 | FM1 | FM2 | FM2+ | LGA1150 | LGA1151 | LGA1155 | LGA1156 | LGA1200 | LGA1700 | LGA1851 | LGA2011 | LGA2011-3 | LGA2066 | ,No ,No 
Thermalright Frozen Magic Scenic V2,Thermalright ,,Frozen Magic 280 Scenic V2 ,2000 RPM ,31.4 dB ,White ,, AM2 | AM2+ | AM3 | AM3+ | AM4 | AM5 | FM1 | FM2 | FM2+ | LGA1150 | LGA1151 | LGA1155 | LGA1156 | LGA1200 | LGA1700 | LGA1851 | LGA2011 | LGA2011-3 | LGA2066 | ,Yes - 280 mm ,No 
ID-COOLING IS-40X V3,ID-COOLING ,,IS-40X V3 WHITE ,800 - 2800 RPM ,35.2 dB ,White ,45 mm , AM4 | AM5 | LGA1150 | LGA1151 | LGA1155 | LGA1156 | LGA1200 | LGA1700 | LGA1851 | ,No ,No 
ID-COOLING SE-206-XT,ID-COOLING ,,SE-206-XT ,700 - 1800 RPM ,35.2 dB ,Black / Silver ,156 mm , AM4 | AM5 | LGA1150 | LGA1151 | LGA1155 | LGA1156 | LGA1200 | LGA1700 | LGA1851 | ,No ,No 
LevelPlay CL360 ARGB,LevelPlay ,CL360 ARGB ,LRW-M13NN-18APN-GN1 ,,0 - 26 dB ,Black ,56 mm , AM4 | AM5 | LGA1700 | LGA1851 | ,Yes - 360 mm ,No 
Deepcool AK500 G2,Deepcool ,,R-AK500G2-WHNNMN-GJD ,2200 RPM ,31.45 dB ,White / Brown ,159 mm , AM4 | AM5 | LGA1150 | LGA1151 | LGA1155 | LGA1156 | LGA1200 | LGA1700 | LGA1851 | ,No ,No 
ARCTIC Freezer 50,ARCTIC ,Freezer 50 ,ACFRE00065A ,200 - 1800 RPM ,,Black ,166 mm , AM4 | AM5 | LGA1150 | LGA1151 | LGA1155 | LGA1156 | LGA1200 | LGA1700 | LGA1851 | LGA2011 | LGA2011-3 | LGA2066 | ,No ,No 
In Win Nebula NR36,In Win ,Nebula NR36 ,IW-LC-NR36 ,400 - 1800 RPM ,25 dB ,Black / White ,, AM2 | AM2+ | AM3 | AM3+ | AM4 | sTR4 | sTRX4 | FM1 | FM2 | FM2+ | LGA1150 | LGA1151 | LGA1155 | LGA1156 | LGA1200 | LGA1700 | LGA1851 | LGA2011 | LGA2011-3 | LGA2066 | ,Yes - 360 mm ,No 
Silverstone NT07-AM2,Silverstone ,,NT07-AM2 ,1500 - 2500 RPM ,15 - 25 dB ,,37 mm , AM2 | AM2+ | AM3 | AM3+ | FM1 | FM2 | FM2+ | ,No ,No 
Zalman CNPS17X,Zalman ,,CNPS17X ,800 - 1500 RPM ,29 dB ,Black / Silver ,160 mm , AM2 | AM2+ | AM3 | AM3+ | AM4 | FM1 | FM2 | FM2+ | LGA1150 | LGA1151 | LGA1155 | LGA1156 | LGA1200 | LGA2011 | LGA2011-3 | LGA2066 | ,No ,No 
YEYIAN VATN ARGB 240,YEYIAN ,VATN ARGB 240 ,YTS-240DL-01 ,800 - 2000 RPM ,25 - 32 dB ,Black ,53 mm , AM2 | AM2+ | AM3 | AM3+ | AM4 | AM5 | FM1 | FM2 | FM2+ | LGA1150 | LGA1151 | LGA1155 | LGA1156 | LGA1200 | LGA1700 | LGA1851 | LGA2011 | LGA2011-3 | LGA2066 | ,Yes - 240 mm ,No 
Xilence M403PRO.W.ARGB,Xilence ,M403PRO.W.ARGB , XC229 | M403PRO.W.ARGB | ,500 - 1800 RPM ,14.2 - 25.6 dB ,White ,142 mm , AM4 | AM5 | LGA1150 | LGA1151 | LGA1155 | LGA1156 | LGA1200 | LGA1700 | LGA1851 | ,No ,No 
SilenX EFZ-100HA2,SilenX ,,EFZ-100HA2 ,2400 RPM ,8 - 24 dB ,,56 mm , AM2 | AM2+ | AM3 | AM3+ | FM1 | FM2 | FM2+ | LGA775 | LGA1150 | LGA1151 | LGA1155 | LGA1156 | LGA1200 | ,No ,No 
Dynatron R27,Dynatron ,,R27 ,1000 - 3800 RPM ,16 - 43.4 dB ,,110 mm , LGA2011 | LGA2011-3 | LGA2066 | ,No ,No 
YEYIAN VATN ARGB 360,YEYIAN ,VATN ARGB 360 ,YTT-360AL-01 ,800 - 2000 RPM ,25 - 32 dB ,Black ,53 mm , AM2 | AM2+ | AM3 | AM3+ | AM4 | AM5 | FM1 | FM2 | FM2+ | LGA1150 | LGA1151 | LGA1155 | LGA1156 | LGA1200 | LGA1700 | LGA1851 | LGA2011 | LGA2011-3 | LGA2066 | ,Yes - 360 mm ,No 
TUNIQ Tower 120 Extreme,TUNIQ ,Tower 120 Extreme ,CR-T120-EX-BK-RV1 ,1000 - 2000 RPM ,16 - 20 dB ,,151 mm , AM2 | AM2+ | AM3 | AM3+ | FM1 | FM2 | FM2+ | LGA775 | LGA1150 | LGA1151 | LGA1155 | LGA1156 | LGA1200 | LGA1366 | ,No ,No 
Phanteks PH-TC12DX,Phanteks ,,PH-TC12DX ,600 - 1800 RPM ,21.9 - 27.6 dB ,,157 mm , AM2 | AM2+ | AM3 | AM3+ | FM1 | FM2 | FM2+ | LGA775 | LGA1150 | LGA1151 | LGA1155 | LGA1156 | LGA1200 | LGA1366 | LGA2011 | LGA2011-3 | LGA2066 | ,No ,No 
Dynatron R24,Dynatron ,,R24 ,1500 - 7000 RPM ,16 - 47.5 dB ,,67 mm ,LGA2011-3 Narrow ,No ,No 
be quiet! Dark Rock Pro 2,be quiet! ,Dark Rock Pro 2 ,BK017 ,1500 - 1700 RPM ,13.5 - 26.4 dB ,,166 mm , AM2 | AM2+ | AM3 | AM3+ | FM1 | FM2 | FM2+ | LGA775 | LGA1150 | LGA1151 | LGA1155 | LGA1156 | LGA1200 | LGA1366 | LGA2011 | LGA2011-3 | LGA2066 | ,No ,No 
Thermalright AXP-100,Thermalright ,, AXP-100 | APX_100 | ,900 - 2500 RPM ,22 - 30 dB ,,58 mm , AM2 | AM2+ | AM3 | AM3+ | AM4 | FM1 | FM2 | FM2+ | LGA775 | LGA1150 | LGA1151 | LGA1155 | LGA1156 | LGA1200 | LGA1366 | LGA1700 | LGA1851 | LGA2011 | LGA2011-3 | LGA2066 | ,No ,No 
be quiet! Shadow Rock Slim,be quiet! ,Shadow Rock Slim ,BK010 ,400 - 1400 RPM ,11.5 - 23.7 dB ,,161 mm , AM2 | AM2+ | AM3 | AM3+ | AM4 | FM1 | FM2 | FM2+ | LGA775 | LGA1150 | LGA1151 | LGA1155 | LGA1156 | LGA1200 | LGA1366 | LGA2011 | LGA2011-3 | LGA2066 | ,No ,No 
Thermalright Le Grand Macho RT,Thermalright ,,Le Grand Macho RT ,300 - 1300 RPM ,14 - 20 dB ,,159 mm , AM2 | AM2+ | AM3 | AM3+ | AM4 | FM1 | FM2 | FM2+ | LGA775 | LGA1150 | LGA1151 | LGA1155 | LGA1156 | LGA1200 | LGA1366 | LGA1700 | LGA1851 | LGA2011 | LGA2011-3 | LGA2066 | ,No ,No 
Cooler Master MasterLiquid Pro 140,Cooler Master ,MasterLiquid Pro 140 ,MLY-D14M-A22MB-R1 ,650 - 2000 RPM ,6 - 30 dB ,,, AM2 | AM2+ | AM3 | AM3+ | AM4 | FM1 | FM2 | FM2+ | LGA775 | LGA1150 | LGA1151 | LGA1155 | LGA1156 | LGA1200 | LGA1366 | LGA2011 | LGA2011-3 | LGA2066 | ,Yes - 140 mm ,No 
ID-COOLING FROSTFLOW+ 120,ID-COOLING ,,FROSTFLOW+ 120 ,700 - 1800 RPM ,18 - 35.2 dB ,Black / White ,, AM2 | AM2+ | AM3 | AM3+ | AM4 | AM5 | FM1 | FM2 | FM2+ | LGA775 | LGA1150 | LGA1151 | LGA1155 | LGA1156 | LGA1200 | LGA1366 | LGA2011 | LGA2011-3 | LGA2066 | ,Yes - 120 mm ,No 
SilentiumPC Spartan 3 LT HE1012,SilentiumPC ,Spartan 3 LT HE1012 ,SPC145 ,800 - 2000 RPM ,,Black / Silver ,135 mm , AM2 | AM2+ | AM3 | AM3+ | AM4 | FM1 | FM2 | FM2+ | LGA775 | LGA1150 | LGA1151 | LGA1155 | LGA1156 | LGA1200 | ,No ,No 
Jonsbo HP-400,Jonsbo ,,HP-400 ,800 - 3000 RPM ,14 - 33 dB ,Blue / White ,36 mm , AM2 | AM2+ | AM3 | AM3+ | AM4 | FM1 | FM2 | FM2+ | LGA775 | LGA1150 | LGA1151 | LGA1155 | LGA1156 | LGA1200 | ,No ,No 
Enermax ETS-T50 AXE ARGB,Enermax ,ETS-T50 AXE ARGB ,ETS-T50A-BK-ARGB ,500 - 1600 RPM ,14 - 24 dB ,Black ,160 mm , AM2 | AM2+ | AM3 | AM3+ | AM4 | AM5 | FM1 | FM2 | FM2+ | LGA1150 | LGA1151 | LGA1155 | LGA1156 | LGA1200 | LGA1366 | LGA1700 | LGA1851 | LGA2011 | LGA2011-3 | LGA2066 | ,No ,No 
Fractal Design Celsius+ S24 Dynamic X2 PWM,Fractal Design ,Celsius+ S24 Dynamic X2 PWM ,FD-W-2-S2401 ,500 - 2000 RPM ,32.2 dB ,Black ,, AM2 | AM2+ | AM3 | AM3+ | AM4 | AM5 | sTR4 | sTRX4 | FM1 | FM2 | FM2+ | LGA1150 | LGA1151 | LGA1155 | LGA1156 | LGA1200 | LGA1366 | LGA1700 | LGA1851 | LGA2011 | LGA2011-3 | LGA2066 | ,Yes - 240 mm ,No 
ID-COOLING SE-224-XT RGB,ID-COOLING ,,SE-224-XT RGB ,900 - 2000 RPM ,16.2 - 31.5 dB ,Black / White ,154 mm , AM4 | AM5 | LGA1150 | LGA1151 | LGA1155 | LGA1156 | LGA1200 | LGA1700 | LGA1851 | LGA2011 | LGA2011-3 | LGA2066 | ,No ,No 
Thermalright AXP-90R,Thermalright ,,AXP-90R Co ,2700 RPM ,22.4 dB ,Orange / Red ,32 mm ,AM4 ,No ,No 
Alpenföhn Glacier Water 240 High Speed,Alpenföhn ,Glacier Water 240 High Speed ,84000000181 ,500 - 2200 RPM ,36.8 dB ,Black ,, AM2 | AM2+ | AM3 | AM3+ | AM4 | AM5 | sTR4 | sTRX4 | FM1 | FM2 | FM2+ | LGA1150 | LGA1151 | LGA1155 | LGA1156 | LGA1200 | LGA1366 | LGA2011 | LGA2011-3 | LGA2066 | ,Yes - 240 mm ,No 
GAMDIAS CHIONE M2,GAMDIAS ,,CHIONE M2-240R ,800 - 1800 RPM ,,Black ,, AM2 | AM2+ | AM3 | AM3+ | AM4 | FM1 | FM2 | FM2+ | LGA775 | LGA1150 | LGA1151 | LGA1155 | LGA1156 | LGA1200 | LGA1366 | LGA2011 | LGA2011-3 | LGA2066 | ,Yes - 240 mm ,No 
Azza Blizzard SP 360,Azza ,Blizzard SP 360 ,LCAZ-360R-ARGB SP ,700 - 2200 RPM ,36 dB ,Black ,, AM2 | AM2+ | AM3 | AM3+ | AM4 | sTR4 | sTRX4 | FM1 | FM2 | FM2+ | LGA1150 | LGA1151 | LGA1155 | LGA1156 | LGA1200 | LGA1366 | LGA1700 | LGA1851 | LGA2011 | LGA2011-3 | LGA2066 | ,Yes - 360 mm ,No 
Phanteks Glacier One 240 T30,Phanteks ,Glacier One 240 T30 , PH-GO240T30_DAG | PH-GO240T30_DAG01 | ,1200 - 3000 RPM ,11.1 - 39.7 dB ,Gray ,, AM4 | AM5 | sTR4 | sTRX4 | LGA1150 | LGA1151 | LGA1155 | LGA1156 | LGA1200 | LGA2011 | LGA2011-3 | LGA2066 | ,Yes - 240 mm ,No 
Thermaltake TH360 ARGB Sync,Thermaltake ,TH360 ARGB Sync , CL-W300-PL12SW-A | CL-W300-PL12SW-B | ,1500 RPM ,28.2 dB ,Black ,, AM2 | AM2+ | AM3 | AM3+ | AM4 | AM5 | FM1 | FM2 | FM2+ | LGA1150 | LGA1151 | LGA1155 | LGA1156 | LGA1200 | LGA1700 | LGA1851 | LGA2011 | LGA2011-3 | LGA2066 | ,Yes - 360 mm ,No 
ID-COOLING DK-03 RAINBOW,ID-COOLING ,,DK-03 RAINBOW ,500 - 1800 RPM ,14.2 - 25.6 dB ,,63 mm , LGA1150 | LGA1151 | LGA1155 | LGA1156 | LGA1200 | LGA1700 | LGA1851 | ,No ,No 
ID-COOLING IS-20i,ID-COOLING ,,IS-20i ,800 - 2700 RPM ,14 - 23 dB ,,23 mm , LGA1150 | LGA1151 | LGA1155 | LGA1156 | LGA1200 | ,No ,No 
Xilence M705D,Xilence ,, M705D | XC061 | ,700 - 1600 RPM ,18 - 32.5 dB ,Black ,150 mm , AM4 | AM5 | LGA1150 | LGA1151 | LGA1155 | LGA1156 | LGA1200 | LGA1700 | LGA1851 | LGA2011 | LGA2011-3 | LGA2066 | ,No ,No 
Jonsbo CR-1000 EVO Color White,Jonsbo ,,CR-1000 EVO Color White ,600 - 1500 RPM ,22 - 32 dB ,White ,154 mm , AM4 | AM5 | LGA1150 | LGA1151 | LGA1155 | LGA1156 | LGA1200 | LGA1700 | LGA1851 | ,No ,No 
Enermax LIQMAXFLO SR 240,Enermax ,LIQMAXFLO SR 240 ,ELC-LMF240-SF ,500 - 1800 RPM ,23.46 dB ,Black ,, AM4 | AM5 | LGA1150 | LGA1151 | LGA1155 | LGA1156 | LGA1200 | LGA1366 | LGA1700 | LGA1851 | LGA2011 | LGA2011-3 | LGA2066 | ,Yes - 240 mm ,No 
ID-COOLING SE-214-XT-RN,ID-COOLING ,,SE-214-XT-RN ,600 - 2200 RPM ,35 dB ,Black / Red ,150 mm , AM4 | AM5 | LGA1150 | LGA1151 | LGA1155 | LGA1156 | LGA1200 | LGA1700 | LGA1851 | ,No ,No 
Deepcool AG620 Digital ARGB,Deepcool ,,R-AG620-BKADMN-G-2 ,300 - 1950 RPM ,29.4 dB ,Black ,161 mm , AM4 | AM5 | LGA1150 | LGA1151 | LGA1155 | LGA1156 | LGA1200 | LGA1700 | LGA1851 | ,No ,No 
Xilence M704,Xilence ,M704 , XC051 | M704 | ,700 - 1600 RPM ,18 - 32.5 dB ,Red / Black ,148 mm , AM4 | AM5 | LGA1150 | LGA1151 | LGA1155 | LGA1156 | LGA1200 | LGA1700 | LGA1851 | LGA2011 | LGA2011-3 | LGA2066 | ,No ,No 
GAMDIAS BOREAS M2-51D,GAMDIAS ,,BOREAS M2-51D WH ,800 - 1800 RPM ,10 - 32 dB ,White ,159 mm , AM4 | AM5 | LGA1150 | LGA1151 | LGA1155 | LGA1156 | LGA1200 | LGA1700 | LGA1851 | LGA2011 | LGA2011-3 | LGA2066 | ,No ,No 
Vetroo V360,Vetroo ,V360 ,VT-AIO-V360-PK ,800 - 1800 RPM ,30.8 dB ,Pink ,, AM2 | AM2+ | AM3 | AM3+ | AM4 | AM5 | FM1 | FM2 | FM2+ | LGA1150 | LGA1151 | LGA1155 | LGA1156 | LGA1200 | LGA1700 | LGA1851 | LGA2011 | LGA2011-3 | LGA2066 | ,Yes - 360 mm ,No 
Phanteks PH-TC12ST5_DBK01,Phanteks ,,PH-TC12ST5_DBK01 ,400 - 2000 RPM ,35.7 dB ,,154 mm , AM4 | AM5 | LGA1150 | LGA1151 | LGA1155 | LGA1156 | LGA1200 | LGA1700 | LGA1851 | LGA2011 | LGA2011-3 | LGA2066 | ,No ,No 
Ocypus Delta A40 ARGB,Ocypus ,,Delta A40 WH ARGB ,500 - 2000 RPM ,29 dB ,White ,157 mm , AM4 | AM5 | LGA1150 | LGA1151 | LGA1155 | LGA1156 | LGA1200 | LGA1700 | LGA1851 | ,No ,No 
Jonsbo CR-1400 DV2,Jonsbo ,CR-1400 DV2 ,CR-1400 DV2 White ,800 - 2300 RPM ,22.3 - 33.8 dB ,White ,136 mm , AM4 | AM5 | LGA1150 | LGA1151 | LGA1155 | LGA1156 | LGA1200 | LGA1700 | LGA1851 | LGA2011 | LGA2011-3 | LGA2066 | ,No ,No 
upHere UP1K4,upHere ,, UP1K4 | up1K4 UK UG | ,600 - 1650 RPM ,25 dB ,Black ,155 mm , AM2 | AM2+ | AM3 | AM3+ | AM4 | AM5 | FM1 | FM2 | FM2+ | LGA1150 | LGA1151 | LGA1155 | LGA1156 | LGA1200 | LGA1366 | LGA1700 | LGA1851 | ,No ,No 
Silverstone AR06,Silverstone ,, AR06 | SST-AR06 | 90115 | ,2500 RPM ,20 - 28.3 dB ,,58 mm , AM2 | AM2+ | AM3 | AM3+ | FM1 | FM2 | FM2+ | LGA1150 | LGA1151 | LGA1155 | LGA1156 | LGA1200 | ,No ,No 
Jonsbo HX6250,Jonsbo ,,HX6250 ,400 - 1800 RPM ,28 - 38 dB ,Black ,162 mm , AM4 | AM5 | LGA1150 | LGA1151 | LGA1155 | LGA1156 | LGA1200 | LGA1700 | LGA1851 | LGA2011 | LGA2011-3 | LGA2066 | ,No ,No 
upHere E360TC,upHere ,,E360TC ,600 - 1800 RPM ,27 dB ,White ,62 mm , AM4 | AM5 | LGA1150 | LGA1151 | LGA1155 | LGA1156 | LGA1200 | LGA1700 | LGA1851 | ,Yes - 360 mm ,No 
Antec C40,Antec ,, C40 | 0-761345-10929-1 | ,800 - 2200 RPM ,16 - 23 dB ,,137 mm , AM2 | AM2+ | AM3 | AM3+ | FM1 | FM2 | FM2+ | LGA775 | LGA1150 | LGA1151 | LGA1155 | LGA1156 | LGA1200 | LGA1366 | ,No ,No 
Silverstone IceMyst 420,Silverstone ,IceMyst 420 ,SST-IM420-ARGB ,400 - 1750 RPM ,13.3 - 30.8 dB ,Silver / Black ,70 mm , AM4 | AM5 | LGA1150 | LGA1151 | LGA1155 | LGA1156 | LGA1200 | LGA1700 | LGA1851 | LGA2011 | LGA2011-3 | LGA2066 | ,Yes - 420 mm ,No 
Jonsbo HX6280,Jonsbo ,,HX6280 Black ,800 - 2200 RPM ,18.2 - 32.1 dB ,Black ,160 mm , AM4 | AM5 | LGA1150 | LGA1151 | LGA1155 | LGA1156 | LGA1200 | LGA1700 | LGA1851 | ,No ,No 
Alpenföhn Silvretta,Alpenföhn ,Silvretta ,84000000096 ,800 - 2800 RPM ,,,45 mm , AM2 | AM2+ | AM3 | AM3+ | FM1 | FM2 | FM2+ | LGA775 | LGA1150 | LGA1151 | LGA1155 | LGA1156 | LGA1200 | ,No ,No 
ARCTIC Freezer 11 LP,ARCTIC ,Freezer 11 LP , ACFZ11-LP | UCACO-P2000000-BL | ,900 - 2000 RPM ,,,53 mm , LGA775 | LGA1150 | LGA1151 | LGA1155 | LGA1156 | LGA1200 | ,No ,No 
Silverstone AR08-V2,Silverstone ,AR08-V2 ,SST-AR08-V2 ,1500 - 2800 RPM ,14.1 - 27.7 dB ,Blue / White ,134 mm , AM2 | AM2+ | AM3 | AM3+ | AM4 | AM5 | FM1 | FM2 | FM2+ | LGA775 | LGA1150 | LGA1151 | LGA1155 | LGA1156 | LGA1200 | LGA1366 | LGA2011 | LGA2011-3 | LGA2066 | ,No ,No 
Fractal Design Celsius+ S36 Dynamic X2 PWM,Fractal Design ,Celsius+ S36 Dynamic X2 PWM ,FD-W-2-S3601 ,500 - 2000 RPM ,32.2 dB ,Black ,, AM2 | AM2+ | AM3 | AM3+ | AM4 | AM5 | sTR4 | sTRX4 | FM1 | FM2 | FM2+ | LGA1150 | LGA1151 | LGA1155 | LGA1156 | LGA1200 | LGA1366 | LGA1700 | LGA1851 | LGA2011 | LGA2011-3 | LGA2066 | ,Yes - 360 mm ,No 
Silverstone HE02,Silverstone ,,HE02 ,,,,160 mm , AM2 | AM2+ | AM3 | AM3+ | FM1 | FM2 | FM2+ | LGA775 | LGA1150 | LGA1151 | LGA1155 | LGA1156 | LGA1200 | LGA1366 | LGA2011 | LGA2011-3 | LGA2066 | ,No ,Yes 
NZXT Kraken X60,NZXT ,, Kraken X60 | RL-KRX60-01 | ,800 - 2000 RPM ,21 - 37 dB ,,, AM2 | AM2+ | AM3 | AM3+ | AM4 | AM5 | FM1 | FM2 | FM2+ | LGA1150 | LGA1151 | LGA1155 | LGA1156 | LGA1200 | LGA1366 | LGA1700 | LGA1851 | LGA2011 | LGA2011-3 | LGA2066 | ,Yes - 280 mm ,No 
Cooler Master Nepton 280L,Cooler Master ,Nepton 280L ,RL-N28L-20PK-R1 ,2000 RPM ,21 - 39 dB ,,, AM2 | AM2+ | AM3 | AM3+ | AM4 | FM1 | FM2 | FM2+ | LGA775 | LGA1150 | LGA1151 | LGA1155 | LGA1156 | LGA1200 | LGA1366 | LGA2011 | LGA2011-3 | LGA2066 | ,Yes - 280 mm ,No 
Thermalright Macho Rev.B,Thermalright ,, Macho Rev.B | 814256001052 | HR-02 Macho Rev.B | ,300 - 1300 RPM ,15 - 21 dB ,,162 mm , AM2 | AM2+ | AM3 | AM3+ | AM4 | FM1 | FM2 | FM2+ | LGA775 | LGA1150 | LGA1151 | LGA1155 | LGA1156 | LGA1200 | LGA1366 | LGA1700 | LGA1851 | LGA2011 | LGA2011-3 | LGA2066 | ,No ,No 
Raidmax Cobra 240,Raidmax ,Cobra 240 ,RX-CB240 ,500 - 1800 RPM ,21.2 dB ,,, AM2 | AM2+ | AM3 | AM3+ | FM1 | FM2 | FM2+ | LGA1150 | LGA1151 | LGA1155 | LGA1156 | LGA1200 | LGA2011 | LGA2011-3 | LGA2066 | ,Yes - 240 mm ,No 
be quiet! Silent Loop 120,be quiet! ,Silent Loop 120 ,BW001 ,2000 RPM ,16.1 - 36.9 dB ,,, AM2 | AM2+ | AM3 | AM3+ | AM4 | sTR4 | sTRX4 | FM1 | FM2 | FM2+ | LGA775 | LGA1150 | LGA1151 | LGA1155 | LGA1156 | LGA1200 | LGA2011 | LGA2011-3 | LGA2066 | ,Yes - 120 mm ,No 
ARCTIC Freezer 33,ARCTIC ,Freezer 33 ,ACFRE00028A ,,,,150 mm , AM4 | AM5 | LGA1150 | LGA1151 | LGA1155 | LGA1156 | LGA1200 | LGA2011 | LGA2011-3 | LGA2066 | ,No ,No 
be quiet! Silent Loop 360,be quiet! ,Silent Loop 360 ,BW004 ,2000 RPM ,16.1 - 36.9 dB ,,, AM2 | AM2+ | AM3 | AM3+ | AM4 | sTR4 | sTRX4 | FM1 | FM2 | FM2+ | LGA775 | LGA1150 | LGA1151 | LGA1155 | LGA1156 | LGA1200 | LGA1366 | LGA2011 | LGA2011-3 | LGA2066 | ,Yes - 360 mm ,No 
ARCTIC Freezer 12,ARCTIC ,Freezer 12 ,ACFRE00027A ,,22.5 dB ,,130 mm , AM4 | AM5 | LGA1150 | LGA1151 | LGA1155 | LGA1156 | LGA1200 | LGA2011 | LGA2011-3 | LGA2066 | ,No ,No 
ARCTIC Alpine 11 - Passive,ARCTIC ,Alpine 11 - Passive ,ACALP00011A ,,0 dB ,,69 mm , LGA1150 | LGA1151 | LGA1155 | LGA1156 | LGA1200 | ,No ,Yes 
Cooler Master MasterAir MA610P,Cooler Master ,MasterAir MA610P ,MAP-T6PN-218PC-R1 ,1800 RPM ,35 dB ,Black ,166 mm , AM2 | AM2+ | AM3 | AM3+ | AM4 | FM1 | FM2 | FM2+ | LGA775 | LGA1150 | LGA1151 | LGA1155 | LGA1156 | LGA1200 | LGA1366 | LGA2011 | LGA2011-3 | LGA2066 | ,No ,No 
ARCTIC Freezer 33 eSports ONE (Black/Yellow),ARCTIC ,Freezer 33 eSports ONE (Black/Yellow) ,ACFRE00044A ,200 - 1800 RPM ,24.4 dB ,Black / Yellow ,150 mm , AM4 | AM5 | LGA1150 | LGA1151 | LGA1155 | LGA1156 | LGA1200 | LGA2011 | LGA2011-3 | LGA2066 | ,No ,No 
Enermax ETS-N31-02,Enermax ,,ETS-N31-02 ,800 - 2000 RPM ,24.5 dB ,Black / Silver ,125 mm , AM2 | AM2+ | AM3 | AM3+ | AM4 | FM1 | FM2 | FM2+ | LGA775 | LGA1150 | LGA1151 | LGA1155 | LGA1156 | LGA1200 | LGA1366 | ,No ,No 
ARCTIC Freezer 34 CO,ARCTIC ,Freezer 34 CO ,ACFRE00051A ,200 - 1800 RPM ,,Black / Silver ,157 mm , AM4 | AM5 | LGA1150 | LGA1151 | LGA1155 | LGA1156 | LGA1200 | LGA1700 | LGA1851 | LGA2011 | LGA2011-3 | LGA2066 | ,No ,No 
Deepcool GAMMAXX L240,Deepcool ,,GAMMAXX L240 ,500 - 1800 RPM ,17.8 dB ,Black ,, AM2 | AM2+ | AM3 | AM3+ | AM4 | FM1 | FM2 | FM2+ | LGA1150 | LGA1151 | LGA1155 | LGA1156 | LGA1200 | LGA1366 | LGA1700 | LGA1851 | LGA2011 | LGA2011-3 | LGA2066 | ,Yes - 240 mm ,No 
Enermax Liqmax III 120 HF,Enermax ,Liqmax III 120 HF ,ELC-LMT120-HF ,500 - 2000 RPM ,14 - 32 dB ,Black ,, AM2 | AM2+ | AM3 | AM3+ | AM4 | AM5 | FM1 | FM2 | FM2+ | LGA1366 | LGA1700 | LGA1851 | LGA2011 | LGA2011-3 | LGA2066 | ,Yes - 120 mm ,No 
Gigabyte AORUS LIQUID COOLER,Gigabyte ,, AORUS LIQUID COOLER 280 | GP-AORUS LIQUID COOLER 280 | GP-ALQCO280 | ,2300 RPM ,22.3 - 44.5 dB ,Black ,, AM4 | AM5 | sTR4 | sTRX4 | LGA1150 | LGA1151 | LGA1155 | LGA1156 | LGA1200 | LGA1366 | LGA2011 | LGA2011-3 | LGA2066 | ,Yes - 280 mm ,No 
Asus ROG STRIX LC 120 RGB,Asus ,, ROG STRIX LC 120 RGB | 90RC0051-M0UAY0 | ,800 - 2500 RPM ,37.6 dB ,Black ,, AM4 | AM5 | sTR4 | sTRX4 | LGA1150 | LGA1151 | LGA1155 | LGA1156 | LGA1200 | LGA1366 | LGA2011 | LGA2011-3 | LGA2066 | ,Yes - 120 mm ,No 
PC Cooler GI-D66A,PC Cooler ,,GI-D66A ,1000 - 2000 RPM ,8 - 29.1 dB ,Black ,160 mm , AM2 | AM2+ | AM3 | AM3+ | AM4 | FM1 | FM2 | FM2+ | LGA775 | LGA1150 | LGA1151 | LGA1155 | LGA1156 | LGA1200 | LGA1366 | LGA2011 | LGA2011-3 | LGA2066 | ,No ,No 
ADATA XPG LEVANTE 240,ADATA ,XPG LEVANTE 240 , LEVANTE240-BKCWW | 15260000 | ,600 - 2000 RPM ,34 dB ,Black ,, AM4 | LGA1150 | LGA1151 | LGA1155 | LGA1156 | LGA1200 | LGA1366 | LGA2011 | LGA2011-3 | LGA2066 | ,Yes - 240 mm ,No 
Deepcool AS500,Deepcool ,AS500 ,R-AS500-BKNLMN-G ,500 - 1200 RPM ,29.2 dB ,Black / Silver ,164 mm , AM2 | AM2+ | AM3 | AM3+ | AM4 | AM5 | FM1 | FM2 | FM2+ | LGA1150 | LGA1151 | LGA1155 | LGA1156 | LGA1200 | LGA1700 | LGA1851 | LGA2011 | LGA2011-3 | LGA2066 | ,No ,No 
Deepcool CASTLE 360EX RGB,Deepcool ,CASTLE 360EX RGB , DP-GS-H12-CSL360EX-RGB | DP-GS-H12-CSL360EX | ,500 - 1800 RPM ,35 dB ,Black ,, AM2 | AM2+ | AM3 | AM3+ | AM4 | sTR4 | sTRX4 | FM1 | FM2 | FM2+ | LGA1150 | LGA1151 | LGA1155 | LGA1156 | LGA1200 | LGA1366 | LGA1700 | LGA1851 | LGA2011 | LGA2011-3 | LGA2066 | ,Yes - 360 mm ,No 
ARCTIC Liquid Freezer II 360 RGB,ARCTIC ,Liquid Freezer II 360 RGB ,ACFRE00097A ,200 - 1800 RPM ,22.5 dB ,Black / Gray ,, AM4 | AM5 | LGA1150 | LGA1151 | LGA1155 | LGA1156 | LGA1200 | LGA1700 | LGA1851 | LGA2011 | LGA2011-3 | LGA2066 | ,Yes - 360 mm ,No 
Iceberg Thermal IceFLOE T65,Iceberg Thermal ,IceFLOE T65 ,ICEFLOE65-00A ,1000 - 3000 RPM ,31.5 dB ,Silver / Teal ,38 mm , AM2 | AM2+ | AM3 | AM3+ | AM4 | AM5 | FM1 | FM2 | FM2+ | LGA775 | LGA1150 | LGA1151 | LGA1155 | LGA1156 | LGA1200 | LGA1366 | ,No ,No 
ID-COOLING SE-207-XT ADVANCED,ID-COOLING ,,SE-207-XT ADVANCED ,700 - 1800 RPM ,15.2 - 35.2 dB ,,154 mm , AM4 | AM5 | LGA1150 | LGA1151 | LGA1155 | LGA1156 | LGA1200 | LGA1700 | LGA1851 | LGA2011 | LGA2011-3 | LGA2066 | ,No ,No 
ID-COOLING AURAFLOW X 240 EVO,ID-COOLING ,,AURAFLOW X 240 EVO ,700 - 1800 RPM ,18 - 35.2 dB ,Black ,, AM4 | AM5 | LGA1150 | LGA1151 | LGA1155 | LGA1156 | LGA1200 | LGA1700 | LGA1851 | LGA2011 | LGA2011-3 | LGA2066 | ,Yes - 240 mm ,No 
MSI MAG CORELIQUID C240 EVA e-PROJECT,MSI ,,MAG CORELIQUID C240 EVA e-PROJECT ,500 - 2000 RPM ,14.3 - 34.3 dB ,Black ,, AM2 | AM2+ | AM3 | AM3+ | AM4 | AM5 | FM1 | FM2 | FM2+ | LGA1150 | LGA1151 | LGA1155 | LGA1156 | LGA1200 | LGA1366 | LGA1700 | LGA1851 | LGA2011 | LGA2011-3 | LGA2066 | ,Yes - 240 mm ,No 
EK EK-Nucleus AIO CR360 Vision D-RGB,EK ,, EK-Nucleus AIO CR360 Vision D-RGB | 3831109851708 | ,500 - 2200 RPM ,33.5 dB ,Black ,, AM4 | AM5 | LGA1150 | LGA1151 | LGA1155 | LGA1156 | LGA1200 | LGA1700 | LGA1851 | LGA2011 | LGA2011-3 | LGA2066 | ,Yes - 360 mm ,No 
Jonsbo CR-1000 GT,Jonsbo ,CR-1000 GT ,CR 1000 GT ,700 - 1800 RPM ,20.55 - 37.2 dB ,Black ,158 mm , AM4 | AM5 | LGA1150 | LGA1151 | LGA1155 | LGA1156 | LGA1200 | LGA1700 | LGA1851 | ,No ,No 
Deepcool GAMMAXX 400 XT,Deepcool ,,DP-MCH4-GMX400-XT-WH ,500 - 1500 RPM ,27 dB ,White ,157 mm , AM4 | AM5 | LGA1150 | LGA1151 | LGA1155 | LGA1156 | LGA1200 | LGA1700 | LGA1851 | ,No ,No 
Sapphire NITRO+ S240-A,Sapphire ,NITRO+ S240-A ,4N005-01-20G ,405 - 2400 RPM ,17.9 - 36.2 dB ,Black / Silver ,, AM4 | LGA1150 | LGA1151 | LGA1155 | LGA1156 | LGA1200 | LGA1700 | LGA1851 | LGA2011 | LGA2011-3 | LGA2066 | ,Yes - 240 mm ,No 
Thermalright Frozen Magic EX,Thermalright ,,Frozen Magic EX 360 ,1850 RPM ,29.6 dB ,Black ,, AM2 | AM2+ | AM3 | AM3+ | AM4 | AM5 | FM1 | FM2 | FM2+ | LGA1150 | LGA1151 | LGA1155 | LGA1156 | LGA1200 | LGA1700 | LGA1851 | LGA2011 | LGA2011-3 | LGA2066 | ,Yes - 360 mm ,No 
Thermalright Core Matrix,Thermalright ,,Core Matrix 240 BLACK ,2150 RPM ,27 dB ,Black ,, AM4 | AM5 | LGA1150 | LGA1151 | LGA1155 | LGA1156 | LGA1200 | LGA1700 | LGA1851 | LGA2011 | LGA2011-3 | LGA2066 | ,Yes - 240 mm ,No 
ID-COOLING DASHFLOW XT,ID-COOLING ,,DASHFLOW 360 XT ,900 - 2000 RPM ,32.5 dB ,Black ,, AM4 | AM5 | LGA1150 | LGA1151 | LGA1155 | LGA1156 | LGA1200 | LGA1700 | LGA1851 | LGA2011 | LGA2011-3 | LGA2066 | ,Yes - 360 mm ,No 
ID-COOLING FX360,ID-COOLING ,,FX360 ,700 - 1800 RPM ,35.2 dB ,Black ,, AM4 | AM5 | LGA1150 | LGA1151 | LGA1155 | LGA1156 | LGA1200 | LGA1700 | LGA1851 | LGA2011 | LGA2011-3 | LGA2066 | ,Yes - 360 mm ,No 
ID-COOLING SE-802-SD V3,ID-COOLING ,,SE-802-SD V3 ,2200 RPM ,23.3 dB ,Black / Silver ,116 mm , AM4 | AM5 | LGA1150 | LGA1151 | LGA1155 | LGA1156 | LGA1200 | LGA1700 | LGA1851 | ,No ,No 
BitFenix Cube ARGB,BitFenix ,,BFW-AIO-240-WW27A-RP ,2000 RPM ,34 dB ,White ,, AM4 | AM5 | LGA1150 | LGA1151 | LGA1155 | LGA1156 | LGA1200 | LGA1700 | LGA1851 | ,Yes - 240 mm ,No 
ID-COOLING BLITZ X4,ID-COOLING ,,BLITZ X4 ,500 - 1500 RPM ,26.6 dB ,Black / Silver ,152 mm , AM4 | AM5 | LGA1150 | LGA1151 | LGA1155 | LGA1156 | LGA1200 | LGA1700 | LGA1851 | ,No ,No 
Cougar Poseidon Elite ARGB 240,Cougar ,Poseidon Elite ARGB 240 , 3MPSD240.0002 | Poseidon Elite ARGB 240 (White) | CGR-PSDELRGB-W-240 | ,500 - 2200 RPM ,33.5 dB ,White ,51 mm , AM2 | AM2+ | AM3 | AM3+ | AM4 | AM5 | FM1 | FM2 | FM2+ | LGA1150 | LGA1151 | LGA1155 | LGA1156 | LGA1200 | LGA1366 | LGA1700 | LGA1851 | ,Yes - 240 mm ,No 
Thermalright Assassin Spirit 120,Thermalright ,,Assassin Spirit 120 ,1500 RPM ,25.6 dB ,Gray / Silver ,154 mm , AM4 | AM5 | LGA1150 | LGA1151 | LGA1155 | LGA1156 | LGA1200 | LGA1700 | LGA1851 | LGA2011 | LGA2011-3 | LGA2066 | ,No ,No 
ABKONCORE CT408,ABKONCORE ,, CT408 | CT408B | ,800 - 1650 RPM ,33 dB ,Black ,157 mm , AM2 | AM2+ | AM3 | AM3+ | AM4 | FM1 | FM2 | FM2+ | LGA775 | LGA1150 | LGA1151 | LGA1155 | LGA1156 | LGA1200 | LGA1366 | LGA2011 | LGA2011-3 | LGA2066 | ,No ,No 
LevelPlay Combat Liquid 360 SE,LevelPlay ,Combat Liquid 360 SE ,KRW-S13NN-20APN-GW1​ ,800 - 2000 RPM ,6 - 35 dB ,White ,48 mm , AM4 | AM5 | LGA1700 | LGA1851 | ,Yes - 360 mm ,No 
Thermaltake TOUGHLIQUID Ultra RGB,Thermaltake ,,CL-W371-PL14SW-A ,500 - 2000 RPM ,30.7 dB ,Black ,, AM2 | AM2+ | AM3 | AM3+ | AM4 | AM5 | FM1 | FM2 | FM2+ | LGA1150 | LGA1151 | LGA1155 | LGA1156 | LGA1200 | LGA1700 | LGA1851 | LGA2011 | LGA2011-3 | LGA2066 | ,Yes - 280 mm ,No 
SilenX EFZ-92HA3,SilenX ,,EFZ-92HA3 ,2000 RPM ,8 - 24 dB ,,123 mm , AM2 | AM2+ | AM3 | AM3+ | FM1 | FM2 | FM2+ | LGA775 | LGA1150 | LGA1151 | LGA1155 | LGA1156 | LGA1200 | LGA1366 | ,No ,No 
Silverstone NT06-PRO-V2,Silverstone ,NT06-PRO-V2 ,SST-NT06-PRO-V2 ,1000 - 2200 RPM ,,Silver / Black ,82 mm , AM2 | AM2+ | AM3 | AM3+ | AM4 | FM1 | FM2 | FM2+ | LGA775 | LGA1150 | LGA1151 | LGA1155 | LGA1156 | LGA1200 | LGA1366 | LGA2011 | LGA2011-3 | LGA2066 | ,No ,No 
Deepcool AK500 G2 DIGITAL NYX,Deepcool ,AK500 G2 DIGITAL NYX ,R-AK500G2-BKNNMN-GJD-1 ,2200 RPM ,31.45 dB ,Black ,159 mm , AM4 | AM5 | LGA1150 | LGA1151 | LGA1155 | LGA1156 | LGA1200 | LGA1700 | LGA1851 | ,No ,No 
Cooler Master Hyper 412S,Cooler Master ,Hyper 412S ,RR-H412-13FK-R1 ,900 - 1300 RPM ,16.1 - 22.5 dB ,,160 mm , AM2 | AM2+ | AM3 | AM3+ | AM4 | FM1 | FM2 | FM2+ | LGA775 | LGA1150 | LGA1151 | LGA1155 | LGA1156 | LGA1200 | LGA1366 | LGA2011 | LGA2011-3 | LGA2066 | ,No ,No 
GameMax Iceberg 240,GameMax ,Iceberg 240 ,ICEBERG240 ,600 - 1800 RPM ,25 - 32 dB ,Black ,, AM2 | AM2+ | AM3 | AM3+ | AM4 | FM1 | FM2 | FM2+ | LGA1150 | LGA1151 | LGA1155 | LGA1156 | LGA1200 | LGA1366 | LGA2011 | LGA2011-3 | LGA2066 | ,Yes - 240 mm ,No 
Asus ROG Strix LC 120,Asus ,, ROG Strix LC 120 | 90RC0050-M0AAY0 | 90RC0050-M0UAY0 | ,800 - 2500 RPM ,37.6 dB ,Black ,, AM4 | AM5 | sTR4 | sTRX4 | LGA1150 | LGA1151 | LGA1155 | LGA1156 | LGA1200 | LGA1366 | LGA2011 | LGA2011-3 | LGA2066 | ,Yes - 120 mm ,No 
Alphacool Eisbaer Aurora 360,Alphacool ,Eisbaer Aurora 360 , 11730 | 1016664 | ,800 - 2000 RPM ,,Black ,, AM2 | AM2+ | AM3 | AM3+ | AM4 | AM5 | sTR4 | sTRX4 | FM1 | FM2 | FM2+ | LGA775 | LGA1150 | LGA1151 | LGA1155 | LGA1156 | LGA1200 | LGA1700 | LGA1851 | LGA2011 | LGA2011-3 | LGA2066 | ,Yes - 360 mm ,No 
GAMDIAS CHIONE M3,GAMDIAS ,,CHIONE M3-240W ,800 - 2000 RPM ,,White ,, AM2 | AM2+ | AM3 | AM3+ | AM4 | sTR4 | sTRX4 | FM1 | FM2 | FM2+ | LGA775 | LGA1150 | LGA1151 | LGA1155 | LGA1156 | LGA1200 | LGA1366 | LGA2011 | LGA2011-3 | LGA2066 | ,Yes - 240 mm ,No 
Cooler Master MASTERLIQUID PL360 FLUX,Cooler Master ,MASTERLIQUID PL360 FLUX ,MLY-D36M-A23PZ-RW ,,32 dB ,White ,, AM2 | AM2+ | AM3 | AM3+ | AM4 | AM5 | sTR4 | sTRX4 | FM1 | FM2 | FM2+ | LGA1150 | LGA1151 | LGA1155 | LGA1156 | LGA1200 | LGA1700 | LGA1851 | LGA2011 | LGA2011-3 | LGA2066 | ,Yes - 360 mm ,No 
Valkyrie VIND SL125,Valkyrie ,VIND SL125 ,VK-SL125-VALKYRIE ,800 - 2150 RPM ,29 dB ,White / Blue ,158 mm , AM4 | AM5 | LGA1150 | LGA1151 | LGA1155 | LGA1156 | LGA1200 | LGA1700 | LGA1851 | LGA2011 | LGA2011-3 | LGA2066 | ,No ,No 
MSI MAG CORELIQUID E360 MONSTER HUNTER EDITION,MSI ,,MAG CORELIQUID E360 MONSTER HUNTER EDITION ,,,Black ,, AM4 | AM5 | sTR4 | sTRX4 | LGA1150 | LGA1151 | LGA1155 | LGA1156 | LGA1200 | LGA1700 | LGA1851 | ,Yes - 360 mm ,No 
Corsair A50,Corsair ,A50 ,CAFA50 ,1600 - 2000 RPM ,26 - 31.5 dB ,,81 mm , AM2 | AM2+ | AM3 | AM3+ | FM1 | FM2 | FM2+ | LGA775 | LGA1150 | LGA1151 | LGA1155 | LGA1156 | LGA1200 | LGA1366 | ,No ,No 
Zalman CNPS9700 LED,Zalman ,,CNPS9700 LED ,1250 - 2800 RPM ,19.5 - 35 dB ,,142 mm , AM2 | AM2+ | AM3 | AM3+ | FM1 | FM2 | FM2+ | LGA775 | LGA1150 | LGA1151 | LGA1155 | LGA1156 | LGA1200 | ,No ,No 
Xigmatek LOKI SD963,Xigmatek ,,LOKI SD963 ,1200 - 2800 RPM ,20 - 28 dB ,,134 mm , AM2 | AM2+ | AM3 | AM3+ | FM1 | FM2 | FM2+ | LGA775 | LGA1150 | LGA1151 | LGA1155 | LGA1156 | LGA1200 | LGA1366 | ,No ,No 
Cooler Master GeminII M4,Cooler Master ,GeminII M4 ,RR-GMM4-16PK-R2 ,500 - 1600 RPM ,8 - 30 dB ,,59 mm , AM2 | AM2+ | AM3 | AM3+ | FM1 | FM2 | FM2+ | LGA775 | LGA1150 | LGA1151 | LGA1155 | LGA1156 | LGA1200 | LGA1366 | LGA2011 | LGA2011-3 | LGA2066 | ,No ,No 
NZXT Kraken X40,NZXT ,, Kraken X40 | RL-KRX40-01 | ,800 - 2000 RPM ,21 - 37 dB ,,, AM2 | AM2+ | AM3 | AM3+ | AM4 | AM5 | FM1 | FM2 | FM2+ | LGA1150 | LGA1151 | LGA1155 | LGA1156 | LGA1200 | LGA1366 | LGA1700 | LGA1851 | LGA2011 | LGA2011-3 | LGA2066 | ,Yes - 140 mm ,No 
Cooler Master DK9-7G52A-0L-GP,Cooler Master ,,DK9-7G52A-0L-GP ,4500 RPM ,35 dB ,,35 mm , AM2 | AM2+ | AM3 | AM3+ | FM1 | FM2 | FM2+ | ,No ,No 
Cooler Master Hyper TX3 Evo,Cooler Master ,Hyper TX3 Evo ,RR-TX3E-22PK-R1 ,800 - 2200 RPM ,,,136 mm , AM2 | AM2+ | AM3 | AM3+ | AM4 | FM1 | FM2 | FM2+ | LGA775 | LGA1150 | LGA1151 | LGA1155 | LGA1156 | LGA1200 | LGA1366 | ,No ,No 
Titan TTC-NC85TZ(RB),Titan ,,TTC-NC85TZ(RB) ,210 - 2100 RPM ,28.8 dB ,,150 mm , AM2 | AM2+ | AM3 | AM3+ | FM1 | FM2 | FM2+ | LGA775 | LGA1150 | LGA1151 | LGA1155 | LGA1156 | LGA1200 | LGA1366 | LGA2011 | LGA2011-3 | LGA2066 | ,No ,No 
CRYORIG R1 Ultimate,CRYORIG ,R1 Ultimate ,CR-R1A ,700 - 1300 RPM ,23 dB ,,169 mm , AM2 | AM2+ | AM3 | AM3+ | AM4 | FM1 | FM2 | FM2+ | LGA775 | LGA1150 | LGA1151 | LGA1155 | LGA1156 | LGA1200 | LGA1366 | LGA1700 | LGA1851 | LGA2011 | LGA2011-3 | LGA2066 | ,No ,No 
RAIJINTEK TRITON,RAIJINTEK ,TRITON ,0R100018 ,1000 - 2600 RPM ,21.6 - 36.6 dB ,,, AM2 | AM2+ | AM3 | AM3+ | FM1 | FM2 | FM2+ | LGA775 | LGA1150 | LGA1151 | LGA1155 | LGA1156 | LGA1200 | LGA1366 | LGA2011 | LGA2011-3 | LGA2066 | ,Yes - 240 mm ,No 
Thermaltake Water 3.0 Extreme S,Thermaltake ,Water 3.0 Extreme S ,CLW0224-B ,1000 - 2000 RPM ,20 dB ,,, AM2 | AM2+ | AM3 | AM3+ | AM4 | FM1 | FM2 | FM2+ | LGA1150 | LGA1151 | LGA1155 | LGA1156 | LGA1200 | LGA1366 | LGA2011 | LGA2011-3 | LGA2066 | ,Yes - 240 mm ,No 
Deepcool CAPTAIN 360,Deepcool ,,CAPTAIN 360 ,600 - 2200 RPM ,17.6 - 39.29 dB ,,, AM2 | AM2+ | AM3 | AM3+ | FM1 | FM2 | FM2+ | LGA1150 | LGA1151 | LGA1155 | LGA1156 | LGA1200 | LGA1366 | LGA2011 | LGA2011-3 | LGA2066 | ,Yes - 360 mm ,No 
Phanteks PH-TC12LS_BK,Phanteks ,, PH-TC12LS_BK | PH-TC12LS | ,500 - 1800 RPM ,25 dB ,,74 mm , AM2 | AM2+ | AM3 | AM3+ | AM4 | FM1 | FM2 | FM2+ | LGA775 | LGA1150 | LGA1151 | LGA1155 | LGA1156 | LGA1200 | LGA1366 | LGA2011 | LGA2011-3 | LGA2066 | ,No ,No 
Cooler Master Hyper 103,Cooler Master ,Hyper 103 ,RR-H103-22PB-R1 ,800 - 2200 RPM ,17 - 30 dB ,,139 mm , AM2 | AM2+ | AM3 | AM3+ | FM1 | FM2 | FM2+ | LGA775 | LGA1150 | LGA1151 | LGA1155 | LGA1156 | LGA1200 | LGA1366 | LGA2011 | LGA2011-3 | LGA2066 | ,No ,No 
ARCTIC Alpine M1,ARCTIC ,Alpine M1 ,ACALP00006A ,750 RPM ,20.5 dB ,,41 mm ,AM1 ,No ,No 
Thermaltake Water 3.0 Riing RGB 360,Thermaltake ,Water 3.0 Riing RGB 360 ,CL-W108-PL12SW-A ,800 - 1500 RPM ,26.4 dB ,,, AM2 | AM2+ | AM3 | AM3+ | AM4 | sTR4 | sTRX4 | FM1 | FM2 | FM2+ | LGA1150 | LGA1151 | LGA1155 | LGA1156 | LGA1200 | LGA1366 | LGA2011 | LGA2011-3 | LGA2066 | ,Yes - 360 mm ,No 
Deepcool CAPTAIN 120 EX,Deepcool ,,CAPTAIN 120 EX ,500 - 1800 RPM ,17.6 - 31.3 dB ,,, AM2 | AM2+ | AM3 | AM3+ | AM4 | FM1 | FM2 | FM2+ | LGA1150 | LGA1151 | LGA1155 | LGA1156 | LGA1200 | LGA1366 | LGA2011 | LGA2011-3 | LGA2066 | ,Yes - 120 mm ,No 
Antec C400,Antec ,, C400 | 0-761345-10920-8 | ,800 - 1900 RPM ,20.3 - 34.5 dB ,,155 mm , AM2 | AM2+ | AM3 | AM3+ | FM1 | FM2 | FM2+ | LGA775 | LGA1150 | LGA1151 | LGA1155 | LGA1156 | LGA1200 | LGA1366 | ,No ,No 
Enermax LiqTech TR4 360,Enermax ,LiqTech TR4 360 ,ELC-LTTR360-TBP ,500 - 2300 RPM ,14 - 28 dB ,,, sTR4 | sTRX4 | ,Yes - 360 mm ,No 
EVGA CLC 120 CL11,EVGA ,CLC 120 CL11 ,400-HY-CL11-V1 ,1800 RPM ,32.1 dB ,,, LGA1150 | LGA1151 | LGA1155 | LGA1156 | LGA1200 | LGA1366 | LGA1700 | LGA1851 | LGA2011 | LGA2011-3 | LGA2066 | ,Yes - 120 mm ,No 
Cooler Master Hyper H410R,Cooler Master ,Hyper H410R ,RR-H410-20PK-R1 ,600 - 2000 RPM ,29.4 dB ,Black / Red ,136 mm , AM2 | AM2+ | AM3 | AM3+ | AM4 | AM5 | FM1 | FM2 | FM2+ | LGA775 | LGA1366 | LGA2011 | LGA2011-3 | LGA2066 | ,No ,No 
ARCTIC Alpine AM4 LP,ARCTIC ,Alpine AM4 LP ,ACALP00023A ,100 - 2000 RPM ,,Black / White ,42 mm , AM2 | AM2+ | AM3 | AM3+ | AM4 | AM5 | FM1 | FM2 | FM2+ | ,No ,No 
Deepcool CASTLE 240EX,Deepcool ,, CASTLE 240EX | DP-GS-H12-CSL240EX | ,500 - 1800 RPM ,32.1 dB ,Black ,, AM2 | AM2+ | AM3 | AM3+ | AM4 | sTR4 | sTRX4 | FM1 | FM2 | FM2+ | LGA1150 | LGA1151 | LGA1155 | LGA1156 | LGA1200 | LGA1366 | LGA1700 | LGA1851 | LGA2011 | LGA2011-3 | LGA2066 | ,Yes - 240 mm ,No 
GameMax Iceberg 120,GameMax ,Iceberg 120 ,ICEBERG120 ,600 - 1800 RPM ,25 - 32 dB ,Black ,, AM2 | AM2+ | AM3 | AM3+ | AM4 | FM1 | FM2 | FM2+ | LGA1150 | LGA1151 | LGA1155 | LGA1156 | LGA1200 | LGA1366 | LGA2011 | LGA2011-3 | LGA2066 | ,Yes - 120 mm ,No 
Asus ROG Strix LC 240,Asus ,, ROG Strix LC 240 | 90RC0060-M0AAY0 | 90RC0060-M0UAY0 | ,800 - 2500 RPM ,37.6 dB ,Black ,, AM4 | AM5 | sTR4 | sTRX4 | LGA1150 | LGA1151 | LGA1155 | LGA1156 | LGA1200 | LGA1366 | LGA2011 | LGA2011-3 | LGA2066 | ,Yes - 240 mm ,No 
Enermax Aquafusion 240,Enermax ,Aquafusion 240 ,ELC-AQF240-SQA ,500 - 2000 RPM ,17 - 32.6 dB ,Black ,, AM2 | AM2+ | AM3 | AM3+ | AM4 | AM5 | FM1 | FM2 | FM2+ | LGA1150 | LGA1151 | LGA1155 | LGA1156 | LGA1200 | LGA1366 | LGA1700 | LGA1851 | LGA2011 | LGA2011-3 | LGA2066 | ,Yes - 240 mm ,No 
Deepcool GAMERSTORM CAPTAIN 240X WHITE,Deepcool ,GAMERSTORM CAPTAIN 240X WHITE ,CAPTAIN 240X WHITE ,500 - 1800 RPM ,32.1 dB ,White / Black ,, AM2 | AM2+ | AM3 | AM3+ | AM4 | sTR4 | sTRX4 | FM1 | FM2 | FM2+ | LGA1150 | LGA1151 | LGA1155 | LGA1156 | LGA1200 | LGA1366 | LGA2011 | LGA2011-3 | LGA2066 | ,Yes - 240 mm ,No 
Deepcool GAMERSTORM CAPTAIN 360X WHITE,Deepcool ,GAMERSTORM CAPTAIN 360X WHITE ,CAPTAIN 360X WHITE ,500 - 1800 RPM ,32.1 dB ,White / Black ,, AM2 | AM2+ | AM3 | AM3+ | AM4 | sTR4 | sTRX4 | FM1 | FM2 | FM2+ | LGA1150 | LGA1151 | LGA1155 | LGA1156 | LGA1200 | LGA1366 | LGA2011 | LGA2011-3 | LGA2066 | ,Yes - 360 mm ,No 
Cooler Master MA410P TUF Gaming Edition,Cooler Master ,MA410P TUF Gaming Edition ,MAP-T4PN-AFNPC-R1 ,650 - 2000 RPM ,,Yellow / Black ,158 mm , AM2 | AM2+ | AM3 | AM3+ | AM4 | FM1 | FM2 | FM2+ | LGA1150 | LGA1151 | LGA1155 | LGA1156 | LGA1200 | LGA1366 | LGA2011 | LGA2011-3 | LGA2066 | ,No ,No 
Scythe Katana 5,Scythe ,Katana 5 ,SCKTN-5000 ,300 - 2300 RPM ,7.3 - 28.83 dB ,Black / Silver ,135 mm , AM2 | AM2+ | AM3 | AM3+ | AM4 | AM5 | FM1 | FM2 | FM2+ | LGA775 | LGA1150 | LGA1151 | LGA1155 | LGA1156 | LGA1200 | LGA1366 | ,No ,No 
Scythe Mugen 5,Scythe ,Mugen 5 ,SCMG-5102AR ,300 - 1500 RPM ,4 - 29.75 dB ,,158 mm , AM2 | AM2+ | AM3 | AM3+ | AM4 | AM5 | FM1 | FM2 | FM2+ | LGA775 | LGA1150 | LGA1151 | LGA1155 | LGA1156 | LGA1200 | LGA1366 | LGA1700 | LGA1851 | LGA2011 | LGA2011-3 | LGA2066 | ,No ,No 
Deepcool CASTLE 240EX WHITE,Deepcool ,CASTLE 240EX WHITE , DP-GS-H12W-CSL240EXWH | DP-GS-H12W-CSL240EXW | CASTLE 240EX WHITE | ,500 - 1800 RPM ,32.1 dB ,White / Black ,, AM2 | AM2+ | AM3 | AM3+ | AM4 | sTR4 | sTRX4 | FM1 | FM2 | FM2+ | LGA1150 | LGA1151 | LGA1155 | LGA1156 | LGA1200 | LGA1366 | LGA1700 | LGA1851 | LGA2011 | LGA2011-3 | LGA2066 | ,Yes - 240 mm ,No 
Phanteks Glacier One 280MP,Phanteks ,Glacier One 280MP ,PH-GO280MP_DBK01 ,500 - 2000 RPM ,18 - 39.1 dB ,Black / White ,, AM4 | AM5 | sTR4 | sTRX4 | LGA1150 | LGA1151 | LGA1155 | LGA1156 | LGA1200 | LGA1366 | LGA1700 | LGA1851 | LGA2011 | LGA2011-3 | LGA2066 | ,Yes - 280 mm ,No 
Phanteks Glacier One 360MP,Phanteks ,Glacier One 360MP ,PH-GO360MP_DBK01 ,500 - 2200 RPM ,18 - 34.2 dB ,Black / White ,, AM4 | AM5 | sTR4 | sTRX4 | LGA1150 | LGA1151 | LGA1155 | LGA1156 | LGA1200 | LGA1366 | LGA1700 | LGA1851 | LGA2011 | LGA2011-3 | LGA2066 | ,Yes - 360 mm ,No 
GameMax Ice Chill 120,GameMax ,Ice Chill 120 ,GMX-ICECHILL120 ,800 - 1900 RPM ,28.8 dB ,Black ,, AM2 | AM2+ | AM3 | AM3+ | AM4 | FM1 | FM2 | FM2+ | LGA1150 | LGA1151 | LGA1155 | LGA1156 | LGA1200 | LGA2011 | LGA2011-3 | LGA2066 | ,Yes - 120 mm ,No 
ARCTIC Liquid Freezer II 240 RGB,ARCTIC ,Liquid Freezer II 240 RGB ,ACFRE00098A ,200 - 1800 RPM ,22.5 dB ,Black / Gray ,, AM4 | AM5 | LGA1150 | LGA1151 | LGA1155 | LGA1156 | LGA1200 | LGA1700 | LGA1851 | LGA2011 | LGA2011-3 | LGA2066 | ,Yes - 240 mm ,No 
Thermalright Frost Spirit 140 V3 ARGB,Thermalright ,Frost Spirit 140 V3 ARGB , FS140 V3 WHITE ARGB | FS140 WHITE V3 ARGB D6 | ,1500 RPM ,25.6 dB ,White ,158 mm , AM4 | AM5 | LGA1150 | LGA1151 | LGA1155 | LGA1156 | LGA1200 | LGA1700 | LGA1851 | LGA2011 | LGA2011-3 | LGA2066 | ,No ,No 
GAMDIAS CHIONE P2,GAMDIAS ,,CHIONE P2-360R ,800 - 1800 RPM ,,Black ,, AM2 | AM2+ | AM3 | AM3+ | AM4 | sTR4 | sTRX4 | FM1 | FM2 | FM2+ | LGA775 | LGA1150 | LGA1151 | LGA1155 | LGA1156 | LGA1200 | LGA1366 | LGA2011 | LGA2011-3 | LGA2066 | ,Yes - 360 mm ,No 
Thermalright AXP90-X53,Thermalright ,,AXP90-X53 FULL BLACK ,2700 RPM ,22.4 dB ,Black ,53 mm , AM4 | AM5 | LGA1150 | LGA1151 | LGA1155 | LGA1156 | LGA1200 | LGA1700 | LGA1851 | ,No ,No 
Asus TUF Gaming LC 120 RGB,Asus ,TUF Gaming LC 120 RGB , 90RC0081-M0AAY0 | 90RC0081-M0UAY0 | ,800 - 2000 RPM ,,Black ,, AM4 | AM5 | LGA1150 | LGA1151 | LGA1155 | LGA1156 | LGA1200 | LGA2011 | LGA2011-3 | LGA2066 | ,Yes - 120 mm ,No 
Thermaltake Engine 17,Thermaltake ,Engine 17 ,CL-P051-AL06SL-A ,1500 - 2500 RPM ,11 - 23 dB ,Silver ,17 mm , LGA775 | LGA1150 | LGA1151 | LGA1155 | LGA1156 | LGA1200 | ,No ,No 
Cooler Master Hyper T200,Cooler Master ,Hyper T200 ,RR-T200-22PK-R1 ,800 - 2200 RPM ,31 dB ,,137 mm , AM2 | AM2+ | AM3 | AM3+ | AM4 | AM5 | FM1 | FM2 | FM2+ | LGA775 | LGA1150 | LGA1151 | LGA1155 | LGA1156 | LGA1200 | LGA1366 | ,No ,No 
Enermax AQUAFUSION ADV 240,Enermax ,AQUAFUSION ADV 240 ,ELC-AQFA240-SQA ,500 - 2000 RPM ,15 - 32.6 dB ,Black ,54 mm , AM2 | AM2+ | AM3 | AM3+ | AM4 | AM5 | FM1 | FM2 | FM2+ | LGA1150 | LGA1151 | LGA1155 | LGA1156 | LGA1200 | LGA1366 | LGA1700 | LGA1851 | LGA2011 | LGA2011-3 | LGA2066 | ,Yes - 240 mm ,No 
Deepcool AG500 ARGB,Deepcool ,, AG500 ARGB | R-AG500-BKANMN-G | ,300 - 1850 RPM ,29.4 dB ,Black / Silver ,155 mm , AM4 | AM5 | LGA1150 | LGA1151 | LGA1155 | LGA1156 | LGA1200 | LGA1700 | LGA1851 | ,No ,No 
ID-COOLING SE-207-XT SLIM SNOW,ID-COOLING ,,SE-207-XT SLIM SNOW ,700 - 1800 RPM ,15.2 - 35.2 dB ,White ,135 mm , AM4 | AM5 | LGA1150 | LGA1151 | LGA1155 | LGA1156 | LGA1200 | LGA1700 | LGA1851 | LGA2011 | LGA2011-3 | LGA2066 | ,No ,No 
Jonsbo HX6200D,Jonsbo ,,HX6200D Black ,700 - 1800 RPM ,18.6 - 29.7 dB ,Black ,63 mm , AM4 | AM5 | LGA1150 | LGA1151 | LGA1155 | LGA1156 | LGA1200 | LGA1700 | LGA1851 | ,No ,No 
Scythe Mugen 5 Black Edition Rev.C,Scythe ,,SCMG-5200BE ,300 - 1500 RPM ,4 - 28.6 dB ,Black ,154 mm , AM2 | AM2+ | AM3 | AM3+ | AM4 | AM5 | FM1 | FM2 | FM2+ | LGA1150 | LGA1151 | LGA1155 | LGA1156 | LGA1200 | LGA1700 | LGA1851 | LGA2011 | LGA2011-3 | LGA2066 | ,No ,No 
Sapphire NITRO+ S360-A,Sapphire ,NITRO+ S360-A ,4N005-02-20G ,405 - 2400 RPM ,17.9 - 36.2 dB ,Black / Silver ,, AM4 | LGA1150 | LGA1151 | LGA1155 | LGA1156 | LGA1200 | LGA1700 | LGA1851 | LGA2011 | LGA2011-3 | LGA2066 | ,Yes - 360 mm ,No 
Thermaltake TOUGHAIR 710,Thermaltake ,,CL-P110-CA14GM-A ,300 - 1400 RPM ,18.5 - 23.9 dB ,Gray ,165 mm , AM4 | AM5 | LGA1150 | LGA1151 | LGA1155 | LGA1156 | LGA1200 | LGA1700 | LGA1851 | LGA2011 | LGA2011-3 | LGA2066 | ,No ,No 
ID-COOLING FROSTFLOW X LITE,ID-COOLING ,,FROSTFLOW X 120 LITE ,700 - 1800 RPM ,35.2 dB ,Black ,, AM4 | AM5 | LGA1150 | LGA1151 | LGA1155 | LGA1156 | LGA1200 | LGA1700 | LGA1851 | LGA2011 | LGA2011-3 | LGA2066 | ,Yes - 120 mm ,No 
ID-COOLING SE-214-XT-WL,ID-COOLING ,,SE-214-XT-WL ,700 - 1800 RPM ,35.2 dB ,White ,150 mm , AM4 | AM5 | LGA1150 | LGA1151 | LGA1155 | LGA1156 | LGA1200 | LGA1700 | LGA1851 | ,No ,No 
ID-COOLING SE-902X-B,ID-COOLING ,,SE-902X-B ,600 - 2200 RPM ,23.8 dB ,Black / Blue ,127 mm , AM4 | AM5 | LGA1150 | LGA1151 | LGA1155 | LGA1156 | LGA1200 | LGA1700 | LGA1851 | ,No ,No 
Xilence M403PRO.ARGB,Xilence ,M403PRO.ARGB , XC129 | M403PRO.ARGB | ,500 - 1800 RPM ,14.2 - 25.6 dB ,Black / Silver ,142 mm , AM4 | AM5 | LGA1150 | LGA1151 | LGA1155 | LGA1156 | LGA1200 | LGA1700 | LGA1851 | ,No ,No 
Zalman Alpha2 DS A24,Zalman ,Alpha2 DS A24 ,Alpha2 DS A24 BLACK ,600 - 2000 RPM ,29.7 dB ,Black ,65 mm , AM4 | AM5 | LGA1150 | LGA1151 | LGA1155 | LGA1156 | LGA1200 | LGA1700 | LGA1851 | ,Yes - 240 mm ,No 
Ocypus Gamma A40 ARGB Digital,Ocypus ,,Gamma-A40-BK1NAWD00X-GL ,600 - 2400 RPM ,29.5 dB ,Black ,133 mm , AM4 | AM5 | LGA1150 | LGA1151 | LGA1155 | LGA1156 | LGA1200 | LGA1700 | LGA1851 | ,No ,No 
Cooler Master MasterLiquid Atmos II LCD,Cooler Master ,,MLX-D24M-A25SZ-LW ,690 - 2500 RPM ,36 dB ,White ,38 mm , AM4 | AM5 | LGA1150 | LGA1151 | LGA1155 | LGA1156 | LGA1200 | LGA1700 | LGA1851 | ,Yes - 240 mm ,No 
Jonsbo CB40,Jonsbo ,,CB40 White ,800 - 1800 RPM ,21.8 - 35.4 dB ,White ,154 mm , AM4 | AM5 | LGA1150 | LGA1151 | LGA1155 | LGA1156 | LGA1200 | LGA1700 | LGA1851 | ,No ,No 
Alpenföhn Dolomit Advanced,Alpenföhn ,Dolomit Advanced ,84000000184 ,500 - 1600 RPM ,23.5 dB ,Black ,154 mm , AM4 | AM5 | LGA1150 | LGA1151 | LGA1155 | LGA1156 | LGA1200 | LGA1700 | LGA1851 | LGA2011 | LGA2011-3 | LGA2066 | ,No ,No 
Cooler Master MasterLiquid ML360 Sub-Zero,Cooler Master ,MasterLiquid ML360 Sub-Zero ,MLZ-D36M-A19PK-12 ,650 - 1900 RPM ,8 - 26 dB ,Black ,, LGA1150 | LGA1151 | LGA1155 | LGA1156 | LGA1200 | ,Yes - 360 mm ,No 
Mars Gaming MCPU-XTW,Mars Gaming ,MCPU-XTW ,MCPUXTW ,800 - 1600 RPM ,9 - 26 dB ,White ,145 mm , AM2 | AM2+ | AM3 | AM3+ | AM4 | AM5 | FM1 | FM2 | FM2+ | LGA1150 | LGA1151 | LGA1155 | LGA1156 | LGA1200 | LGA1366 | LGA1700 | LGA1851 | LGA2011 | LGA2011-3 | LGA2066 | ,No ,No 
Jonsbo CR-2000GT RGB,Jonsbo ,CR-2000GT RGB ,CR-2000GT ,700 - 1500 RPM ,18.1 - 29.5 dB ,Black ,159 mm , AM4 | AM5 | LGA1150 | LGA1151 | LGA1155 | LGA1156 | LGA1200 | LGA1700 | LGA1851 | ,No ,No 
Sunbeam CR-CCTF,Sunbeam ,,CR-CCTF ,1000 - 2000 RPM ,16 - 20 dB ,,155 mm , AM2 | AM2+ | AM3 | AM3+ | FM1 | FM2 | FM2+ | LGA775 | ,No ,No 
Phanteks GLACIER ONE 240D30,Phanteks ,GLACIER ONE 240D30 ,PH-GO240D30_DWT01 ,250 - 2000 RPM ,30.2 dB ,White ,51 mm , AM4 | AM5 | LGA1150 | LGA1151 | LGA1155 | LGA1156 | LGA1200 | LGA1700 | LGA1851 | LGA2011 | LGA2011-3 | LGA2066 | ,Yes - 240 mm ,No 
Xilence LQ360.ARGB,Xilence ,LQ360.ARGB , XC997 | LQ360.ARGB | ,900 - 1850 RPM ,18 - 28 dB ,Black ,54 mm , AM4 | AM5 | LGA1150 | LGA1151 | LGA1155 | LGA1156 | LGA1200 | LGA1700 | LGA1851 | ,Yes - 360 mm ,No 
GameMax Twin 600,GameMax ,,GMX-TWIN600-WT ,800 - 2500 RPM ,,White ,155 mm , AM4 | AM5 | LGA1150 | LGA1151 | LGA1155 | LGA1156 | LGA1200 | LGA1700 | LGA1851 | ,No ,No 
Cooler Master DK9-7E52A-0L-GP,Cooler Master ,,DK9-7E52A-0L-GP ,3200 RPM ,25.17 dB ,,41 mm , AM2 | AM2+ | AM3 | AM3+ | FM1 | FM2 | FM2+ | ,No ,No 
Corsair H70,Corsair ,H70 ,CWCH70 ,1600 - 2000 RPM ,26 - 31.5 dB ,,, AM2 | AM2+ | AM3 | AM3+ | FM1 | FM2 | FM2+ | LGA775 | LGA1150 | LGA1151 | LGA1155 | LGA1156 | LGA1200 | LGA1366 | ,Yes - 120 mm ,No 
ARCTIC Freezer 13 Pro,ARCTIC ,Freezer 13 Pro ,ACFZ13-PRO ,300 - 1350 RPM ,,,159 mm , AM2 | AM2+ | AM3 | AM3+ | AM4 | AM5 | FM1 | FM2 | FM2+ | LGA775 | LGA1150 | LGA1151 | LGA1155 | LGA1156 | LGA1200 | LGA1366 | ,No ,No 
Scythe BIG Shuriken 2 Rev. B,Scythe ,BIG Shuriken 2 Rev. B ,SCBSK-2100 ,500 - 2000 RPM ,9.32 - 33.67 dB ,,58 mm , AM2 | AM2+ | AM3 | AM3+ | FM1 | FM2 | FM2+ | LGA775 | LGA1150 | LGA1151 | LGA1155 | LGA1156 | LGA1200 | LGA1366 | LGA2011 | LGA2011-3 | LGA2066 | ,No ,No 
Cooler Master Seidon 240M,Cooler Master ,Seidon 240M ,RL-S24M-24PK-R1 ,600 - 2400 RPM ,19 - 40 dB ,,, AM2 | AM2+ | AM3 | AM3+ | FM1 | FM2 | FM2+ | LGA775 | LGA1150 | LGA1151 | LGA1155 | LGA1156 | LGA1200 | LGA1366 | LGA2011 | LGA2011-3 | LGA2066 | ,Yes - 240 mm ,No 
Thermaltake Water 3.0 Performer,Thermaltake ,Water 3.0 Performer ,CLW0222 ,1000 - 2000 RPM ,20 dB ,,, AM2 | AM2+ | AM3 | AM3+ | AM4 | FM1 | FM2 | FM2+ | LGA1150 | LGA1151 | LGA1155 | LGA1156 | LGA1200 | LGA1366 | LGA2011 | LGA2011-3 | LGA2066 | ,Yes - 120 mm ,No 
be quiet! Dark Rock Advanced C1,be quiet! ,Dark Rock Advanced C1 ,BK014 ,1500 RPM ,6.6 - 18.8 dB ,,166 mm , AM2 | AM2+ | AM3 | AM3+ | FM1 | FM2 | FM2+ | LGA775 | LGA1150 | LGA1151 | LGA1155 | LGA1156 | LGA1200 | LGA1366 | LGA2011 | LGA2011-3 | LGA2066 | ,No ,No 
Cooler Master Hyper D92,Cooler Master ,Hyper D92 ,RR-HD92-28PK-R1 ,800 - 2800 RPM ,18 - 33 dB ,,147 mm , AM2 | AM2+ | AM3 | AM3+ | AM4 | FM1 | FM2 | FM2+ | LGA775 | LGA1150 | LGA1151 | LGA1155 | LGA1156 | LGA1200 | LGA1366 | LGA2011 | LGA2011-3 | LGA2066 | ,No ,No 
Cooler Master Hyper 612 Ver.2,Cooler Master ,Hyper 612 Ver.2 ,RR-H6V2-13PK-R1 ,800 - 1300 RPM ,11 - 20 dB ,,160 mm , AM2 | AM2+ | AM3 | AM3+ | AM4 | FM1 | FM2 | FM2+ | LGA775 | LGA1150 | LGA1151 | LGA1155 | LGA1156 | LGA1200 | LGA1366 | LGA2011 | LGA2011-3 | LGA2066 | ,No ,No 
Cooler Master Seidon 120V VER.2,Cooler Master ,Seidon 120V VER.2 ,RL-S12V-24PK-R2 ,800 - 2400 RPM ,6.5 - 27 dB ,,, AM2 | AM2+ | AM3 | AM3+ | AM4 | FM1 | FM2 | FM2+ | LGA775 | LGA1150 | LGA1151 | LGA1155 | LGA1156 | LGA1200 | LGA1366 | ,Yes - 120 mm ,No 
ID-COOLING IS-60,ID-COOLING ,,IS-60 ,600 - 1600 RPM ,13.8 - 30.2 dB ,,55 mm , AM2 | AM2+ | AM3 | AM3+ | AM4 | FM1 | FM2 | FM2+ | LGA775 | LGA1150 | LGA1151 | LGA1155 | LGA1156 | LGA1200 | ,No ,No 
be quiet! Silent Loop 240,be quiet! ,Silent Loop 240 ,BW002 ,2000 RPM ,16.1 - 36.9 dB ,,, AM2 | AM2+ | AM3 | AM3+ | AM4 | sTR4 | sTRX4 | FM1 | FM2 | FM2+ | LGA775 | LGA1150 | LGA1151 | LGA1155 | LGA1156 | LGA1200 | LGA2011 | LGA2011-3 | LGA2066 | ,Yes - 240 mm ,No 
Deepcool CAPTAIN 240EX RGB,Deepcool ,, CAPTAIN 240EX RGB | DP-GS-H12L-CT240RGB | ,500 - 1800 RPM ,17.6 - 31.3 dB ,,, AM2 | AM2+ | AM3 | AM3+ | AM4 | FM1 | FM2 | FM2+ | LGA1150 | LGA1151 | LGA1155 | LGA1156 | LGA1200 | LGA1366 | LGA2011 | LGA2011-3 | LGA2066 | ,Yes - 240 mm ,No 
Deepcool GAMMAXX 400 White,Deepcool ,GAMMAXX 400 White , GAMMAXX400 WH | GAMMAXX 400 White | ,900 - 1500 RPM ,17.8 - 30 dB ,White ,155 mm , AM2 | AM2+ | AM3 | AM3+ | AM4 | FM1 | FM2 | FM2+ | LGA1150 | LGA1151 | LGA1155 | LGA1156 | LGA1200 | LGA1366 | LGA1700 | LGA1851 | LGA2011 | LGA2011-3 | LGA2066 | ,No ,No 
ID-COOLING FROSTFLOW+ 240 SNOW,ID-COOLING ,,FROSTFLOW+ 240 SNOW ,700 - 1500 RPM ,18 - 26.4 dB ,White ,, AM2 | AM2+ | AM3 | AM3+ | AM4 | AM5 | FM1 | FM2 | FM2+ | LGA775 | LGA1150 | LGA1151 | LGA1155 | LGA1156 | LGA1200 | LGA1366 | LGA2011 | LGA2011-3 | LGA2066 | ,Yes - 240 mm ,No 
Cooler Master MasterAir MA620P,Cooler Master ,MasterAir MA620P ,MAP-D6PN-218PC-R1 ,600 - 1800 RPM ,31 dB ,Black / Silver ,165 mm , AM2 | AM2+ | AM3 | AM3+ | AM4 | FM1 | FM2 | FM2+ | LGA775 | LGA1150 | LGA1151 | LGA1155 | LGA1156 | LGA1200 | LGA2011 | LGA2011-3 | LGA2066 | ,No ,No 
Deepcool Castle 240 RGB,Deepcool ,Castle 240 RGB ,DP-GS-H12L-CSL240RGB ,500 - 1800 RPM ,17.8 - 30 dB ,Black ,, AM2 | AM2+ | AM3 | AM3+ | AM4 | sTR4 | sTRX4 | FM1 | FM2 | FM2+ | LGA1150 | LGA1151 | LGA1155 | LGA1156 | LGA1200 | LGA1366 | LGA1700 | LGA1851 | LGA2011 | LGA2011-3 | LGA2066 | ,Yes - 240 mm ,No 
ARCTIC Alpine 12 Passive,ARCTIC ,Alpine 12 Passive ,ACALP00024A ,,0 dB ,Black ,69 mm , LGA1150 | LGA1151 | LGA1155 | LGA1156 | LGA1200 | ,No ,Yes 
Antec Mercury 360 RGB,Antec ,Mercury 360 RGB ,Mercury 360RGB ,900 - 1800 RPM ,36 dB ,Black / White ,, AM2 | AM2+ | AM3 | AM3+ | AM4 | sTR4 | sTRX4 | FM1 | FM2 | FM2+ | LGA775 | LGA1150 | LGA1151 | LGA1155 | LGA1156 | LGA1200 | LGA1366 | LGA2011 | LGA2011-3 | LGA2066 | ,Yes - 360 mm ,No 
Alpenföhn Brocken 3,Alpenföhn ,Brocken 3 ,84000000140 ,400 - 1050 RPM ,22 dB ,Black ,165 mm , AM2 | AM2+ | AM3 | AM3+ | AM4 | FM1 | FM2 | FM2+ | LGA775 | LGA1150 | LGA1151 | LGA1155 | LGA1156 | LGA1200 | LGA1366 | LGA2011 | LGA2011-3 | LGA2066 | ,No ,No 
ARCTIC Freezer 34 eSports,ARCTIC ,Freezer 34 eSports ,ACFRE00056A ,200 - 2100 RPM ,28 dB ,Red / Black ,157 mm , AM4 | AM5 | LGA1150 | LGA1151 | LGA1155 | LGA1156 | LGA1200 | LGA1700 | LGA1851 | LGA2011 | LGA2011-3 | LGA2066 | ,No ,No 
Rosewill ROCC-16002,Rosewill ,,ROCC-16002 ,800 - 2000 RPM ,23.6 dB ,Blue / Black ,141 mm , AM2 | AM2+ | AM3 | AM3+ | AM4 | FM1 | FM2 | FM2+ | LGA1150 | LGA1151 | LGA1155 | LGA1156 | LGA1200 | LGA1366 | ,No ,No 
Cooler Master ML120L TUF Gaming Alliance Edition RGB,Cooler Master ,ML120L TUF Gaming Alliance Edition RGB ,MLW-D12M-A20PW-RT ,650 - 2000 RPM ,15 dB ,,, AM2 | AM2+ | AM3 | AM3+ | AM4 | FM1 | FM2 | FM2+ | LGA775 | LGA1150 | LGA1151 | LGA1155 | LGA1156 | LGA1200 | LGA1366 | LGA2011 | LGA2011-3 | LGA2066 | ,Yes - 120 mm ,No 
Scythe Mugen 5 TUF Gaming Alliance,Scythe ,Mugen 5 TUF Gaming Alliance ,SCMG-5100TUF ,300 - 1200 RPM ,4 - 24.9 dB ,Brown / Black ,158 mm , AM2 | AM2+ | AM3 | AM3+ | AM4 | AM5 | FM1 | FM2 | FM2+ | LGA775 | LGA1150 | LGA1151 | LGA1155 | LGA1156 | LGA1200 | LGA1366 | LGA1700 | LGA1851 | LGA2011 | LGA2011-3 | LGA2066 | ,No ,No 
Deepcool GAMMAXX GT TGA,Deepcool ,GAMMAXX GT TGA , GT-TGA | DP-MCH4-GMX-GT-TUF | GAMMAXX GT TGA | ,500 - 1500 RPM ,17.8 - 27 dB ,Black / Silver ,156 mm , AM2 | AM2+ | AM3 | AM3+ | AM4 | FM1 | FM2 | FM2+ | LGA1150 | LGA1151 | LGA1155 | LGA1156 | LGA1200 | LGA1366 | LGA2011 | LGA2011-3 | LGA2066 | ,No ,No 
Jonsbo TW3-240,Jonsbo ,,TW3-240 ,800 - 1500 RPM ,25 dB ,Black ,, AM2 | AM2+ | AM3 | AM3+ | AM4 | FM1 | FM2 | FM2+ | LGA1150 | LGA1151 | LGA1155 | LGA1156 | LGA1200 | LGA1366 | LGA2011 | LGA2011-3 | LGA2066 | ,Yes - 240 mm ,No 
Zalman CNPS10X Optima II,Zalman ,,CNPS10X Optima II ,800 - 1500 RPM ,27 dB ,White ,160 mm , AM2 | AM2+ | AM3 | AM3+ | AM4 | FM1 | FM2 | FM2+ | LGA1150 | LGA1151 | LGA1155 | LGA1156 | LGA1200 | LGA1366 | LGA2011 | LGA2011-3 | LGA2066 | ,No ,No 
ID-COOLING AURAFLOW X,ID-COOLING ,,AURAFLOW X 240 ,700 - 1800 RPM ,18 - 35.2 dB ,Black ,, AM2 | AM2+ | AM3 | AM3+ | AM4 | AM5 | sTR4 | sTRX4 | FM1 | FM2 | FM2+ | LGA1150 | LGA1151 | LGA1155 | LGA1156 | LGA1200 | LGA1366 | LGA1700 | LGA1851 | LGA2011 | LGA2011-3 | LGA2066 | ,Yes - 240 mm ,No 
ARCTIC Freezer A13 X,ARCTIC ,Freezer A13 X ,ACFRE00083A ,300 - 2000 RPM ,,Black / White ,137 mm , AM4 | AM5 | ,No ,No 
Deepcool GAMMAXX 400S,Deepcool ,GAMMAXX 400S ,DP-MCH4-GMX400S ,1300 RPM ,14.6 dB ,Black / Silver ,155 mm , AM2 | AM2+ | AM3 | AM3+ | AM4 | AM5 | FM1 | FM2 | FM2+ | LGA1150 | LGA1151 | LGA1155 | LGA1156 | LGA1200 | LGA1366 | LGA1700 | LGA1851 | ,No ,No 
ID-COOLING IS-47K,ID-COOLING ,,IS-47K ,600 - 2500 RPM ,14 - 33 dB ,Silver / Black ,47 mm , AM4 | AM5 | LGA1150 | LGA1151 | LGA1155 | LGA1156 | LGA1200 | ,No ,No 
ID-COOLING SE-914-XT ARGB,ID-COOLING ,SE-914-XT ARGB ,SE-914-XTARGB ,600 - 2200 RPM ,14 - 25.8 dB ,Black / Gray ,131 mm , AM4 | AM5 | LGA1150 | LGA1151 | LGA1155 | LGA1156 | LGA1200 | LGA1700 | LGA1851 | LGA2011 | LGA2011-3 | LGA2066 | ,No ,No 
Fractal Design Lumen S24 RGB,Fractal Design ,Lumen S24 RGB ,FD-W-L1-S2402 ,500 - 2000 RPM ,10 - 33.2 dB ,Black ,, AM2 | AM2+ | AM3 | AM3+ | AM4 | AM5 | FM1 | FM2 | FM2+ | LGA1150 | LGA1151 | LGA1155 | LGA1156 | LGA1200 | LGA1366 | LGA1700 | LGA1851 | LGA2011 | LGA2011-3 | LGA2066 | ,Yes - 240 mm ,No 
ARCTIC Liquid Freezer II 360 RGB,ARCTIC ,Liquid Freezer II 360 RGB ,ACFRE00100A ,200 - 1800 RPM ,22.5 dB ,Black ,, AM4 | AM5 | LGA1150 | LGA1151 | LGA1155 | LGA1156 | LGA1200 | LGA1700 | LGA1851 | LGA2011 | LGA2011-3 | LGA2066 | ,Yes - 360 mm ,No 
MSI MAG CORELIQUID P280,MSI ,,MAG CORELIQUID P280 ,500 - 1800 RPM ,14.8 - 33.28 dB ,Black ,, AM2 | AM2+ | AM3 | AM3+ | AM4 | AM5 | FM1 | FM2 | FM2+ | LGA1150 | LGA1151 | LGA1155 | LGA1156 | LGA1200 | LGA1366 | LGA1700 | LGA1851 | LGA2011 | LGA2011-3 | LGA2066 | ,Yes - 280 mm ,No 
Scythe Mugen 5 Rev.C,Scythe ,Mugen 5 Rev.C ,SCMG-5200 ,300 - 1500 RPM ,4 - 28.6 dB ,Black / Silver ,154 mm , AM2 | AM2+ | AM3 | AM3+ | AM4 | AM5 | FM1 | FM2 | FM2+ | LGA1150 | LGA1151 | LGA1155 | LGA1156 | LGA1200 | LGA1700 | LGA1851 | LGA2011 | LGA2011-3 | LGA2066 | ,No ,No 
ID-COOLING SE-226-XT,ID-COOLING ,,SE-226-XT ARGB SNOW ,500 - 1500 RPM ,13.8 - 30.5 dB ,White ,154 mm , AM4 | AM5 | LGA1150 | LGA1151 | LGA1155 | LGA1156 | LGA1200 | LGA1700 | LGA1851 | LGA2011 | LGA2011-3 | LGA2066 | ,No ,No 
ID-COOLING AURAFLOW X,ID-COOLING ,,AURAFLOW X 360 SNOW ,700 - 1800 RPM ,18 - 35.2 dB ,White ,47 mm , AM4 | AM5 | LGA1150 | LGA1151 | LGA1155 | LGA1156 | LGA1200 | LGA2011 | LGA2011-3 | LGA2066 | ,Yes - 360 mm ,No 
Phanteks Glacier One 360MPH,Phanteks ,Glacier One 360MPH ,PH-GO360MPH_DBK01 ,500 - 2200 RPM ,18 - 34.2 dB ,Black ,, AM4 | AM5 | sTR4 | sTRX4 | LGA1150 | LGA1151 | LGA1155 | LGA1156 | LGA1200 | LGA1700 | LGA1851 | LGA2011 | LGA2011-3 | LGA2066 | ,Yes - 360 mm ,No 
Thermaltake TOUGHLIQUID ARGB,Thermaltake ,,CL-W319-PL12RG-A ,500 - 2000 RPM ,22.3 dB ,Green ,, AM2 | AM2+ | AM3 | AM3+ | AM4 | FM1 | FM2 | FM2+ | LGA1150 | LGA1151 | LGA1155 | LGA1156 | LGA1200 | LGA1700 | LGA1851 | LGA2011 | LGA2011-3 | LGA2066 | ,Yes - 240 mm ,No 
ID-COOLING SE-904-XT SLIM,ID-COOLING ,,SE-904-XT SLIM ,600 - 2200 RPM ,14 - 25.8 dB ,,110 mm , LGA1150 | LGA1151 | LGA1155 | LGA1156 | LGA1200 | LGA1700 | LGA1851 | LGA2011 | LGA2011-3 | LGA2066 | ,No ,No 
ID-COOLING FROSTFLOW 240 XT SNOW,ID-COOLING ,,FROSTFLOW 240 XT SNOW ,700 - 1800 RPM ,15.2 - 35.2 dB ,White ,, LGA1150 | LGA1151 | LGA1155 | LGA1156 | LGA1200 | LGA1700 | LGA1851 | LGA2011 | LGA2011-3 | LGA2066 | ,Yes - 240 mm ,No 
Enermax AQUAFUSION ADV 360,Enermax ,AQUAFUSION ADV 360 ,ELC-AQFA360-SQA ,500 - 2000 RPM ,15 - 32.6 dB ,Black ,54 mm , AM2 | AM2+ | AM3 | AM3+ | AM4 | AM5 | FM1 | FM2 | FM2+ | LGA1150 | LGA1151 | LGA1155 | LGA1156 | LGA1200 | LGA1366 | LGA1700 | LGA1851 | LGA2011 | LGA2011-3 | LGA2066 | ,Yes - 360 mm ,No 
Mars Gaming ML-ONE,Mars Gaming ,,MLONE120 ,600 - 1800 RPM ,9 - 26 dB ,Black ,, AM2 | AM2+ | AM3 | AM3+ | AM4 | AM5 | FM1 | FM2 | FM2+ | LGA1150 | LGA1151 | LGA1155 | LGA1156 | LGA1200 | LGA1700 | LGA1851 | LGA2011 | LGA2011-3 | LGA2066 | ,Yes - 120 mm ,No 
SilentiumPC Fortis 5 Dual Fan,SilentiumPC ,Fortis 5 Dual Fan ,SPC307 ,300 - 1400 RPM ,,Black / Silver ,159 mm , AM2 | AM2+ | AM3 | AM3+ | AM4 | AM5 | FM1 | FM2 | FM2+ | LGA1150 | LGA1151 | LGA1155 | LGA1156 | LGA1200 | LGA1700 | LGA1851 | LGA2011 | LGA2011-3 | LGA2066 | ,No ,No 
Thermalright Frozen Magic 240,Thermalright ,,Frozen Magic 240 ,1500 RPM ,25.6 dB ,Black ,, AM2 | AM2+ | AM3 | AM3+ | AM4 | AM5 | FM1 | FM2 | FM2+ | LGA1150 | LGA1151 | LGA1155 | LGA1156 | LGA1200 | LGA1700 | LGA1851 | LGA2011 | LGA2011-3 | LGA2066 | ,Yes - 240 mm ,No 
Jonsbo PISA A5,Jonsbo ,,PISA A5 White ,800 - 1850 RPM ,36.8 dB ,White ,153 mm , AM4 | AM5 | LGA1150 | LGA1151 | LGA1155 | LGA1156 | LGA1200 | LGA1700 | LGA1851 | ,No ,No 
Cooler Master MasterLiquid PL360 FLUX 30TH Anniversary Edition,Cooler Master ,MasterLiquid PL360 FLUX 30TH Anniversary Edition , MLY-D36M-A23PZ-30​ | MLY-D36M-A23PZ-30 | ,,30 dB ,Black ,, AM2 | AM2+ | AM3 | AM3+ | AM4 | AM5 | sTR4 | sTRX4 | FM1 | FM2 | FM2+ | LGA1150 | LGA1151 | LGA1155 | LGA1156 | LGA1200 | LGA1700 | LGA1851 | LGA2011 | LGA2011-3 | LGA2066 | ,Yes - 360 mm ,No 
Cooler Master MasterLiquid ML360 Sub-Zero EVO,Cooler Master ,MasterLiquid ML360 Sub-Zero EVO ,MLZ-D36M-A24PZ-17 ,,30 dB ,Black ,, LGA1700 | LGA1851 | ,Yes - 360 mm ,No 
Thermalright Frozen Horizon ARGB,Thermalright ,,Frozen Horizon 360 WHITE ARGB ,2150 RPM ,28.1 dB ,White ,, AM2 | AM2+ | AM3 | AM3+ | AM4 | AM5 | FM1 | FM2 | FM2+ | LGA1150 | LGA1151 | LGA1155 | LGA1156 | LGA1200 | LGA1700 | LGA1851 | LGA2011 | LGA2011-3 | LGA2066 | ,Yes - 360 mm ,No 
Dynatron Q12,Dynatron ,,Q12 ,,16 - 35.98 dB ,,73 mm , LGA1700 | LGA1851 | ,No ,No 
Azza CUBE 360,Azza ,CUBE 360 ,LCAZ-360P-ARGB CUBE ,500 - 2000 RPM ,34 dB ,Black ,70 mm , AM2 | AM2+ | AM3 | AM3+ | AM4 | AM5 | FM1 | FM2 | FM2+ | LGA1150 | LGA1151 | LGA1155 | LGA1156 | LGA1200 | LGA1366 | LGA1700 | LGA1851 | ,Yes - 360 mm ,No 
Yeston zeaginal Sakura,Yeston ,,Sakura 360-ARGB ,900 - 1800 RPM ,30 dB ,White ,, AM2 | AM2+ | AM3 | AM3+ | AM4 | AM5 | FM1 | FM2 | FM2+ | LGA1150 | LGA1151 | LGA1155 | LGA1156 | LGA1200 | LGA1700 | LGA1851 | ,Yes - 360 mm ,No 
ID-COOLING IS-30A,ID-COOLING ,,IS-30A ,800 - 3600 RPM ,17 - 35.8 dB ,Black / Silver ,30 mm , AM4 | AM5 | ,No ,No 
ID-COOLING SE-214-XT RING,ID-COOLING ,,SE-214-XT RING ,900 - 2000 RPM ,33.5 dB ,White / Black ,150 mm , AM4 | AM5 | LGA1150 | LGA1151 | LGA1155 | LGA1156 | LGA1200 | LGA1700 | LGA1851 | ,No ,No 
ID-COOLING SE-214-XT-RX,ID-COOLING ,,SE-214-XT-RX ,700 - 1800 RPM ,35.2 dB ,Red / Black ,150 mm , AM4 | AM5 | LGA1150 | LGA1151 | LGA1155 | LGA1156 | LGA1200 | LGA1700 | LGA1851 | ,No ,No 
SilentiumPC Spartan 4,SilentiumPC ,, SPC270 | 90 | ,800 - 2000 RPM ,,Black / Silver ,134 mm , AM2 | AM2+ | AM3 | AM3+ | AM4 | FM1 | FM2 | FM2+ | LGA1150 | LGA1151 | LGA1155 | LGA1156 | LGA1200 | ,No ,No 
Cooler Master MasterLiquid 120 Core II,Cooler Master ,MasterLiquid 120 Core II ,MLW-D12M-A18PA-R1 ,600 - 1750 RPM ,30 dB ,Black ,52 mm , AM4 | AM5 | LGA1150 | LGA1151 | LGA1155 | LGA1156 | LGA1200 | LGA1700 | LGA1851 | LGA2011 | LGA2011-3 | LGA2066 | ,Yes - 120 mm ,No 
Cooler Master MasterLiquid Atmos II,Cooler Master ,,MLX-D24M-A25SZ-RW ,690 - 2500 RPM ,36 dB ,White ,38 mm , AM4 | AM5 | LGA1150 | LGA1151 | LGA1155 | LGA1156 | LGA1200 | LGA1700 | LGA1851 | ,Yes - 240 mm ,No 
Mars Gaming MCPU-XU6,Mars Gaming ,,MCPUXU6 ,800 - 2000 RPM ,9 - 23 dB ,Black ,155 mm , AM2 | AM2+ | AM3 | AM3+ | AM4 | AM5 | FM1 | FM2 | FM2+ | LGA1150 | LGA1151 | LGA1155 | LGA1156 | LGA1200 | LGA1366 | LGA1700 | LGA1851 | LGA2011 | LGA2011-3 | LGA2066 | ,No ,No 
GAMDIAS CHIONE E4,GAMDIAS ,, E4-240 WH | CHIONE E4-240 WH | ,800 - 1800 RPM ,11 - 33.8 dB ,White ,, AM2 | AM2+ | AM3 | AM3+ | AM4 | AM5 | FM1 | FM2 | FM2+ | LGA1150 | LGA1151 | LGA1155 | LGA1156 | LGA1200 | LGA1700 | LGA1851 | LGA2011 | LGA2011-3 | LGA2066 | ,Yes - 240 mm ,No 
Alphacool Eisbaer 240,Alphacool ,Eisbaer 240 , 11285 | 1012137 | ,550 - 1700 RPM ,29 dB ,Black ,, AM2 | AM2+ | AM3 | AM3+ | AM4 | AM5 | sTR4 | sTRX4 | FM1 | FM2 | FM2+ | LGA775 | LGA1150 | LGA1151 | LGA1155 | LGA1156 | LGA1200 | LGA1366 | LGA2011 | LGA2011-3 | LGA2066 | ,Yes - 240 mm ,No 
In Win SR36 PRO,In Win ,SR36 PRO , IW-LC-SR36PRO | SR36 PRO | ,500 - 2500 RPM ,23 dB ,Black ,100 mm , AM2 | AM2+ | AM3 | AM3+ | AM4 | sTR4 | sTRX4 | FM1 | FM2 | FM2+ | LGA1150 | LGA1151 | LGA1155 | LGA1156 | LGA1200 | LGA1366 | LGA2011 | LGA2011-3 | LGA2066 | ,Yes - 360 mm ,No 
GAMDIAS CHIONE P5,GAMDIAS ,,CHIONE P5-240 ,400 - 2200 RPM ,11 - 34.91 dB ,Black ,, AM2 | AM2+ | AM3 | AM3+ | AM4 | AM5 | FM1 | FM2 | FM2+ | LGA1150 | LGA1151 | LGA1155 | LGA1156 | LGA1200 | LGA1700 | LGA1851 | LGA2011 | LGA2011-3 | LGA2066 | ,Yes - 240 mm ,No 
Jonsbo HX6280,Jonsbo ,,HX6280 White ,800 - 2200 RPM ,18.2 - 32.1 dB ,White ,160 mm , AM4 | AM5 | LGA1150 | LGA1151 | LGA1155 | LGA1156 | LGA1200 | LGA1700 | LGA1851 | ,No ,No 
Dynatron R9,Dynatron ,,R9 ,1000 - 4500 RPM ,13.14 - 45.9 dB ,,62 mm , LGA2011 | LGA2011-3 | LGA2066 | ,No ,No 
ARCTIC Freezer 50 (w/Controller),ARCTIC ,Freezer 50 (w/Controller) ,ACFRE00080A ,200 - 1800 RPM ,,Black ,166 mm , AM4 | AM5 | LGA1150 | LGA1151 | LGA1155 | LGA1156 | LGA1200 | LGA1700 | LGA1851 | LGA2011 | LGA2011-3 | LGA2066 | ,No ,No 
Noua Alaska,Noua ,,AC0619-ALA22 ,800 - 3000 RPM ,30.5 dB ,Black ,141 mm , AM2 | AM2+ | AM3 | AM3+ | AM4 | AM5 | FM1 | FM2 | FM2+ | LGA1150 | LGA1151 | LGA1155 | LGA1156 | LGA1200 | LGA1366 | LGA1700 | LGA1851 | LGA2011 | LGA2011-3 | LGA2066 | ,No ,No 
Silverstone IceMyst 240,Silverstone ,IceMyst 240 ,SST-IM240-ARGB ,500 - 2200 RPM ,12.1 - 33.1 dB ,Silver / Black ,70 mm , AM4 | AM5 | LGA1150 | LGA1151 | LGA1155 | LGA1156 | LGA1200 | LGA1700 | LGA1851 | LGA2011 | LGA2011-3 | LGA2066 | ,Yes - 240 mm ,No 
Cooler Master MasterLiquid Atmos II,Cooler Master ,,MLX-D36M-A25SZ-R1 ,690 - 2500 RPM ,38.5 - 36 dB ,Black ,38 mm , AM4 | AM5 | LGA1150 | LGA1151 | LGA1155 | LGA1156 | LGA1200 | LGA1700 | LGA1851 | ,Yes - 360 mm ,No 
Dynatron K5,Dynatron ,,K5 ,1000 - 2500 RPM ,14.7 - 29.8 dB ,,41 mm , LGA1150 | LGA1151 | LGA1155 | LGA1156 | LGA1200 | ,No ,No 
Cooler Master MasterLiquid ML360 RGB TR4 Edition,Cooler Master ,MasterLiquid ML360 RGB TR4 Edition ,MLX-D36M-A20PC-T1 ,650 - 2000 RPM ,6 - 30 dB ,Black ,, sTR4 | sTRX4 | ,Yes - 360 mm ,No 
ARCTIC Freezer 50 TR,ARCTIC ,Freezer 50 TR ,ACFRE00055A ,200 - 1800 RPM ,23.5 dB ,Black ,165 mm , sTR4 | sTRX4 | LGA1700 | LGA1851 | ,No ,No 
Deepcool CASTLE 280EX,Deepcool ,CASTLE 280EX ,DP-GS-H14AR-CSL280EX ,400 - 1600 RPM ,39.8 dB ,Black ,, AM2 | AM2+ | AM3 | AM3+ | AM4 | sTR4 | sTRX4 | FM1 | FM2 | FM2+ | LGA1150 | LGA1151 | LGA1155 | LGA1156 | LGA1200 | LGA1366 | LGA1700 | LGA1851 | LGA2011 | LGA2011-3 | LGA2066 | ,Yes - 280 mm ,No 
Thermaltake TH360 ARGB Sync,Thermaltake ,TH360 ARGB Sync , CL-W302-PL12SW-A | CL-W302-PL12SW-B | ,1500 RPM ,28.2 dB ,White ,, AM2 | AM2+ | AM3 | AM3+ | AM4 | AM5 | FM1 | FM2 | FM2+ | LGA1150 | LGA1151 | LGA1155 | LGA1156 | LGA1200 | LGA1700 | LGA1851 | LGA2011 | LGA2011-3 | LGA2066 | ,Yes - 360 mm ,No 
ID-COOLING SE-207-XT ARGB,ID-COOLING ,,SE-207-XT ARGB ,500 - 1500 RPM ,30.5 dB ,Black ,156 mm , AM4 | AM5 | LGA1150 | LGA1151 | LGA1155 | LGA1156 | LGA1200 | LGA1700 | LGA1851 | LGA2011 | LGA2011-3 | LGA2066 | ,No ,No 
Mars Gaming MCPU-XU9,Mars Gaming ,,MCPUXU9 ,800 - 2000 RPM ,9 - 23 dB ,Black ,155 mm , AM2 | AM2+ | AM3 | AM3+ | AM4 | AM5 | FM1 | FM2 | FM2+ | LGA1150 | LGA1151 | LGA1155 | LGA1156 | LGA1200 | LGA1366 | LGA1700 | LGA1851 | LGA2011 | LGA2011-3 | LGA2066 | ,No ,No 
Zalman CNPS10X Performa,Zalman ,, CNPS10X Performa | C10X-Performa-BK-2 | ,900 - 2000 RPM ,17 - 24 dB ,Silver / Black ,155 mm , AM2 | AM2+ | AM3 | AM3+ | FM1 | FM2 | FM2+ | LGA775 | LGA1150 | LGA1151 | LGA1155 | LGA1156 | LGA1200 | LGA1366 | ,No ,No 
Thermaltake CL-P0326,Thermaltake ,,CL-P0326 ,4200 RPM ,44 dB ,,70 mm ,LGA775 ,No ,No 
Prolimatech Megahalems Rev.B,Prolimatech ,,Megahalems Rev.B ,,,,159 mm , LGA775 | LGA1150 | LGA1151 | LGA1155 | LGA1156 | LGA1200 | LGA1366 | ,No ,Yes 
Evercool HPM-12025,Evercool ,,HPM-12025 ,800 - 2500 RPM ,15 - 35 dB ,,79 mm , AM2 | AM2+ | AM3 | AM3+ | FM1 | FM2 | FM2+ | LGA775 | LGA1150 | LGA1151 | LGA1155 | LGA1156 | LGA1200 | LGA1366 | ,No ,No 
ARCTIC Alpine 11 Plus,ARCTIC ,Alpine 11 Plus ,UCACO-AP11301-BUA01 ,600 - 2000 RPM ,14 dB ,,70 mm , LGA775 | LGA1150 | LGA1151 | LGA1155 | LGA1156 | LGA1200 | ,No ,No 
ARCTIC Alpine 64 GT,ARCTIC ,Alpine 64 GT , ACALP64-GT | UCACO-P1600-GBA01 | ,500 - 2000 RPM ,,,65 mm , AM2 | AM2+ | AM3 | AM3+ | AM4 | AM5 | FM1 | FM2 | FM2+ | ,No ,No 
ARCTIC Alpine 64 PLUS,ARCTIC ,Alpine 64 PLUS ,UCACO-AP60301-BUA01 ,600 - 2000 RPM ,,,75 mm , AM2 | AM2+ | AM3 | AM3+ | AM4 | AM5 | FM1 | FM2 | FM2+ | ,No ,No 
Cooler Master Seidon 120XL,Cooler Master ,Seidon 120XL ,RL-S12X-24PK-R1 ,600 - 2400 RPM ,19 - 40 dB ,,, AM2 | AM2+ | AM3 | AM3+ | FM1 | FM2 | FM2+ | LGA775 | LGA1150 | LGA1151 | LGA1155 | LGA1156 | LGA1200 | LGA1366 | LGA2011 | LGA2011-3 | LGA2066 | ,Yes - 120 mm ,No 
Cooler Master Nepton 240M,Cooler Master ,Nepton 240M ,RL-N24M-24PK-R1 ,2400 RPM ,6.5 - 27 dB ,,, AM2 | AM2+ | AM3 | AM3+ | AM4 | FM1 | FM2 | FM2+ | LGA775 | LGA1150 | LGA1151 | LGA1155 | LGA1156 | LGA1200 | LGA1366 | LGA2011 | LGA2011-3 | LGA2066 | ,Yes - 240 mm ,No 
CRYORIG H5 Universal,CRYORIG ,, H5 Universal | CR-H5A | ,700 - 1300 RPM ,20 - 24 dB ,,160 mm , AM2 | AM2+ | AM3 | AM3+ | AM4 | FM1 | FM2 | FM2+ | LGA775 | LGA1150 | LGA1151 | LGA1155 | LGA1156 | LGA1200 | LGA1366 | LGA1700 | LGA1851 | LGA2011 | LGA2011-3 | LGA2066 | ,No ,No 
NoFan CR-95C,NoFan ,, CR-95C | CR-95C Copper | ,,0 dB ,,148 mm , AM2 | AM2+ | AM3 | AM3+ | FM1 | FM2 | FM2+ | LGA775 | LGA1150 | LGA1151 | LGA1155 | LGA1156 | LGA1200 | ,No ,Yes 
LEPA EXllusion 240,LEPA ,EXllusion 240 ,LPWEL240-HF ,500 - 1800 RPM ,14 - 30 dB ,,, AM2 | AM2+ | AM3 | AM3+ | FM1 | FM2 | FM2+ | LGA775 | LGA1150 | LGA1151 | LGA1155 | LGA1156 | LGA1200 | LGA1366 | LGA2011 | LGA2011-3 | LGA2066 | ,Yes - 240 mm ,No 
Deepcool ASSASSIN II,Deepcool ,,ASSASSIN II ,300 - 1400 RPM ,17.8 - 27.3 dB ,,167 mm , AM2 | AM2+ | AM3 | AM3+ | AM4 | FM1 | FM2 | FM2+ | LGA775 | LGA1150 | LGA1151 | LGA1155 | LGA1156 | LGA1200 | LGA1366 | LGA2011 | LGA2011-3 | LGA2066 | ,No ,No 
Thermaltake Water 3.0 Riing RGB 240,Thermaltake ,Water 3.0 Riing RGB 240 ,CL-W107-PL12SW-A ,800 - 1500 RPM ,26.4 dB ,,, AM2 | AM2+ | AM3 | AM3+ | AM4 | sTR4 | sTRX4 | FM1 | FM2 | FM2+ | LGA1150 | LGA1151 | LGA1155 | LGA1156 | LGA1200 | LGA1366 | LGA2011 | LGA2011-3 | LGA2066 | ,Yes - 240 mm ,No 
Deepcool CAPTAIN360EX,Deepcool ,, CAPTAIN360EX | CAPTAIN 360 EX | ,500 - 1800 RPM ,17.6 - 31.3 dB ,,57 mm , AM2 | AM2+ | AM3 | AM3+ | AM4 | FM1 | FM2 | FM2+ | LGA1150 | LGA1151 | LGA1155 | LGA1156 | LGA1200 | LGA1366 | LGA2011 | LGA2011-3 | LGA2066 | ,Yes - 360 mm ,No 
ARCTIC Freezer 33 TR (Black/White),ARCTIC ,Freezer 33 TR (Black/White) , ACFRE00039A | FREEZER 33 TR WHITE ACFRE00039A | ,200 - 1800 RPM ,24.4 dB ,,155 mm , AM4 | AM5 | sTR4 | sTRX4 | LGA2011 | LGA2011-3 | LGA2066 | ,No ,No 
Scythe FUMA Rev.B,Scythe ,FUMA Rev.B ,SCFM-1100 ,300 - 1400 RPM ,13 - 28 dB ,,149 mm , AM2 | AM2+ | AM3 | AM3+ | AM4 | FM1 | FM2 | FM2+ | LGA775 | LGA1150 | LGA1151 | LGA1155 | LGA1156 | LGA1200 | LGA1366 | LGA1700 | LGA1851 | LGA2011 | LGA2011-3 | LGA2066 | ,No ,No 
ID-COOLING FROSTFLOW+ 120 SNOW,ID-COOLING ,,FROSTFLOW+ 120 SNOW ,700 - 1500 RPM ,18 - 26.4 dB ,White ,, AM2 | AM2+ | AM3 | AM3+ | AM4 | AM5 | FM1 | FM2 | FM2+ | LGA775 | LGA1150 | LGA1151 | LGA1155 | LGA1156 | LGA1200 | LGA1366 | LGA2011 | LGA2011-3 | LGA2066 | ,Yes - 120 mm ,No 
RAIJINTEK LETO R,RAIJINTEK ,LETO R ,0R100062 ,800 - 1800 RPM ,29 dB ,Black / Red ,157 mm , AM2 | AM2+ | AM3 | AM3+ | AM4 | FM1 | FM2 | FM2+ | LGA775 | LGA1150 | LGA1151 | LGA1155 | LGA1156 | LGA1200 | LGA1366 | LGA2011 | LGA2011-3 | LGA2066 | ,No ,No 
Alphacool EISBAER LT120,Alphacool ,EISBAER LT120 ,11444 ,550 - 1700 RPM ,29 dB ,Black ,, AM2 | AM2+ | AM3 | AM3+ | AM4 | AM5 | FM1 | FM2 | FM2+ | LGA775 | LGA1150 | LGA1151 | LGA1155 | LGA1156 | LGA1200 | LGA1366 | LGA1700 | LGA1851 | LGA2011 | LGA2011-3 | LGA2066 | ,Yes - 120 mm ,No 
ARCTIC Freezer 34 eSports DUO,ARCTIC ,Freezer 34 eSports DUO ,ACFRE00062A ,200 - 2100 RPM ,24.4 dB ,Yellow / Black ,157 mm , AM4 | AM5 | LGA1150 | LGA1151 | LGA1155 | LGA1156 | LGA1200 | LGA1700 | LGA1851 | LGA2011 | LGA2011-3 | LGA2066 | ,No ,No 
Scythe Big Shuriken 3,Scythe ,Big Shuriken 3 ,SCBSK-3000 ,300 - 1800 RPM ,2.7 - 30.4 dB ,Black / Silver ,69 mm , AM2 | AM2+ | AM3 | AM3+ | AM4 | AM5 | FM1 | FM2 | FM2+ | LGA775 | LGA1150 | LGA1151 | LGA1155 | LGA1156 | LGA1200 | LGA1366 | LGA1700 | LGA1851 | LGA2011 | LGA2011-3 | LGA2066 | ,No ,No 
GameMax Gamma 500 RGB,GameMax ,Gamma 500 RGB ,GAMMA 500-RGB ,1000 - 1800 RPM ,26.3 dB ,Black / Silver ,147 mm , AM2 | AM2+ | AM3 | AM3+ | AM4 | FM1 | FM2 | FM2+ | LGA775 | LGA1150 | LGA1151 | LGA1155 | LGA1156 | LGA1200 | ,No ,No 
Enermax Liqfusion 360,Enermax ,Liqfusion 360 ,ELC-LF360-RGB ,500 - 2000 RPM ,14 - 28 dB ,Black ,, AM2 | AM2+ | AM3 | AM3+ | AM4 | FM1 | FM2 | FM2+ | LGA775 | LGA1150 | LGA1151 | LGA1155 | LGA1156 | LGA1200 | LGA1366 | LGA2011 | LGA2011-3 | LGA2066 | ,Yes - 360 mm ,No 
ID-COOLING AURAFLOW X,ID-COOLING ,,AURAFLOW X 120 ,700 - 1800 RPM ,18 - 35.2 dB ,Black ,, AM2 | AM2+ | AM3 | AM3+ | AM4 | AM5 | sTR4 | sTRX4 | FM1 | FM2 | FM2+ | LGA1150 | LGA1151 | LGA1155 | LGA1156 | LGA1200 | LGA1366 | LGA1700 | LGA1851 | LGA2011 | LGA2011-3 | LGA2066 | ,Yes - 120 mm ,No 
ID-COOLING SE-224-XT,ID-COOLING ,SE-224-XT ,SE-224-XT WHITE ,700 - 1800 RPM ,15.2 - 32.5 dB ,White ,154 mm , AM4 | AM5 | LGA1150 | LGA1151 | LGA1155 | LGA1156 | LGA1200 | LGA1700 | LGA1851 | LGA2011 | LGA2011-3 | LGA2066 | ,No ,No 
SilentiumPC Fera 3 RGB HE1224,SilentiumPC ,Fera 3 RGB HE1224 ,SPC204 ,500 - 1600 RPM ,,Black / Silver ,146 mm , AM2 | AM2+ | AM3 | AM3+ | AM4 | FM1 | FM2 | FM2+ | LGA775 | LGA1150 | LGA1151 | LGA1155 | LGA1156 | LGA1200 | LGA1366 | LGA2011 | LGA2011-3 | LGA2066 | ,No ,No 
ARCTIC Liquid Freezer II 280 RGB,ARCTIC ,Liquid Freezer II 280 RGB ,ACFRE00108A ,200 - 1900 RPM ,22.5 dB ,Black ,, AM4 | AM5 | LGA1150 | LGA1151 | LGA1155 | LGA1156 | LGA1200 | LGA1700 | LGA1851 | LGA2011 | LGA2011-3 | LGA2066 | ,Yes - 280 mm ,No 
Akasa Soho H4,Akasa ,Soho H4 ,AK-CC4018EP01 ,500 - 2000 RPM ,14.2 - 31.8 dB ,Black ,157 mm , AM4 | LGA1150 | LGA1151 | LGA1155 | LGA1156 | LGA1200 | LGA2011 | LGA2011-3 | LGA2066 | ,No ,No 
MSI MAG CORELIQUID R,MSI ,,MAG CORELIQUID 120R ,500 - 2000 RPM ,14.3 - 34.3 dB ,Black ,, AM2 | AM2+ | AM3 | AM3+ | AM4 | FM1 | FM2 | FM2+ | LGA1150 | LGA1151 | LGA1155 | LGA1156 | LGA1200 | LGA1366 | LGA2011 | LGA2011-3 | LGA2066 | ,Yes - 120 mm ,No 
Asus TUF GAMING LC 240 RGB ZAKU II EDITION,Asus ,, TUF GAMING LC 240 RGB ZAKU II EDITION | 90RC0093-M0AAY0 | ,800 - 2000 RPM ,29 dB ,Red / Black ,, AM4 | AM5 | LGA1150 | LGA1151 | LGA1155 | LGA1156 | LGA1200 | LGA1366 | LGA2011 | LGA2011-3 | LGA2066 | ,Yes - 240 mm ,No 
Phanteks Glacier One 280MPH,Phanteks ,Glacier One 280MPH ,PH-GO280MPH_DBK01 ,500 - 2200 RPM ,18 - 39.1 dB ,Black ,, AM4 | AM5 | sTR4 | sTRX4 | LGA1150 | LGA1151 | LGA1155 | LGA1156 | LGA1200 | LGA1700 | LGA1851 | LGA2011 | LGA2011-3 | LGA2066 | ,Yes - 280 mm ,No 
Phanteks Glacier One 240MPH,Phanteks ,Glacier One 240MPH ,PH-GO240MPH_DBK01 ,500 - 2200 RPM ,18 - 34.2 dB ,Black ,, AM4 | AM5 | sTR4 | sTRX4 | LGA1150 | LGA1151 | LGA1155 | LGA1156 | LGA1200 | LGA1700 | LGA1851 | LGA2011 | LGA2011-3 | LGA2066 | ,Yes - 240 mm ,No 
Lian Li Galahad AIO240 (2022),Lian Li ,Galahad AIO240 (2022) , GA-240A WHITE | GALAHAD AIO 240 RGB v2 | ,800 - 1900 RPM ,32 dB ,White / Silver ,62 mm , AM4 | AM5 | LGA775 | LGA1150 | LGA1151 | LGA1155 | LGA1156 | LGA1200 | LGA1366 | LGA1700 | LGA1851 | LGA2011 | LGA2011-3 | LGA2066 | ,Yes - 240 mm ,No 
Vetroo U6 Pro,Vetroo ,U6 Pro ,VT-CPU-U6-WT ,700 - 1500 RPM ,18.1 - 30.5 dB ,White ,152 mm , AM4 | AM5 | LGA1150 | LGA1151 | LGA1155 | LGA1156 | LGA1200 | LGA1700 | LGA1851 | ,No ,No 
ID-COOLING ICEFLOW ARGB,ID-COOLING ,,ICEFLOW 240 ARGB ,900 - 2000 RPM ,16 - 31.5 dB ,Black ,, AM4 | AM5 | LGA1150 | LGA1151 | LGA1155 | LGA1156 | LGA1200 | LGA1700 | LGA1851 | LGA2011 | LGA2011-3 | LGA2066 | ,Yes - 240 mm ,No 
Deepcool LS320,Deepcool ,, LS320 | R-LS320-BKAMMT-G-1 | ,500 - 2250 RPM ,32.9 dB ,Black ,, AM4 | AM5 | LGA1150 | LGA1151 | LGA1155 | LGA1156 | LGA1200 | LGA1700 | LGA1851 | LGA2011 | LGA2011-3 | LGA2066 | ,Yes - 120 mm ,No 
Deepcool GAMMAXX L360 A-RGB,Deepcool ,GAMMAXX L360 A-RGB ,DP-H12CF-GL360-ARGB-WH ,500 - 1800 RPM ,30 dB ,White ,, AM4 | AM5 | LGA1150 | LGA1151 | LGA1155 | LGA1156 | LGA1200 | LGA1700 | LGA1851 | LGA2011 | LGA2011-3 | LGA2066 | ,Yes - 360 mm ,No 
ID-COOLING SE-914-XT ARGB V2,ID-COOLING ,,SE-914-XT ARGB V2 ,600 - 2200 RPM ,14 - 25.8 dB ,,131 mm , LGA1150 | LGA1151 | LGA1155 | LGA1156 | LGA1200 | LGA1700 | LGA1851 | LGA2011 | LGA2011-3 | LGA2066 | ,No ,No 
ID-COOLING PINKFLOW 240 Diamond,ID-COOLING ,, PINKFLOW 240 Diamond | PINKFLOW 240 DIAMOND EDITION | ,900 - 2000 RPM ,16.3 - 33.5 dB ,Pink ,, AM4 | AM5 | LGA1150 | LGA1151 | LGA1155 | LGA1156 | LGA1200 | LGA2011 | LGA2011-3 | LGA2066 | ,Yes - 240 mm ,No 
ID-COOLING FROSTFLOW 240 XT,ID-COOLING ,,FROSTFLOW 240 XT ,700 - 1800 RPM ,15.2 - 35.2 dB ,Black ,, LGA1150 | LGA1151 | LGA1155 | LGA1156 | LGA1200 | LGA1700 | LGA1851 | LGA2011 | LGA2011-3 | LGA2066 | ,Yes - 240 mm ,No 
Cooler Master Hyper 212 RGB,Cooler Master ,Hyper 212 RGB ,RR-212A-18PC-A1 ,650 - 1800 RPM ,8 - 27 dB ,,158 mm , AM2 | AM2+ | AM3 | AM3+ | AM4 | FM1 | FM2 | FM2+ | LGA775 | LGA1150 | LGA1151 | LGA1155 | LGA1156 | LGA1200 | LGA1366 | LGA2011 | LGA2011-3 | LGA2066 | ,No ,No 
Deepcool AG500,Deepcool ,, AG500 | R-AG500-BKNNMN-G | ,300 - 1850 RPM ,29.4 dB ,Black / Silver ,155 mm , AM4 | AM5 | LGA1150 | LGA1151 | LGA1155 | LGA1156 | LGA1200 | LGA1700 | LGA1851 | ,No ,No 
Thermalright Frozen Magic 360,Thermalright ,,Frozen Magic 360 ,1500 RPM ,25.6 dB ,Black ,, AM2 | AM2+ | AM3 | AM3+ | AM4 | AM5 | FM1 | FM2 | FM2+ | LGA1150 | LGA1151 | LGA1155 | LGA1156 | LGA1200 | LGA1700 | LGA1851 | LGA2011 | LGA2011-3 | LGA2066 | ,Yes - 360 mm ,No 
Silverstone Hydrogon D120 ARGB,Silverstone ,Hydrogon D120 ARGB ,SST-HYD120W-ARGB ,,0 - 30.5 dB ,White / Silver ,153 mm , AM4 | AM5 | LGA1150 | LGA1151 | LGA1155 | LGA1156 | LGA1200 | LGA1700 | LGA1851 | LGA2011 | LGA2011-3 | LGA2066 | ,No ,No 
Cooler Master MASTERLIQUID PL240 FLUX,Cooler Master ,MASTERLIQUID PL240 FLUX ,MLY-D24M-A23PZ-RW ,,32 dB ,White ,, AM2 | AM2+ | AM3 | AM3+ | AM4 | AM5 | sTR4 | sTRX4 | FM1 | FM2 | FM2+ | LGA1150 | LGA1151 | LGA1155 | LGA1156 | LGA1200 | LGA1700 | LGA1851 | LGA2011 | LGA2011-3 | LGA2066 | ,Yes - 240 mm ,No 
Inter-Tech ALSEYE H240,Inter-Tech ,ALSEYE H240 ,88885487 ,800 - 2000 RPM ,13.5 - 35.2 dB ,Black ,, AM2 | AM2+ | AM3 | AM3+ | AM4 | FM1 | FM2 | FM2+ | LGA775 | LGA1150 | LGA1151 | LGA1155 | LGA1156 | LGA1200 | LGA1366 | LGA2011 | LGA2011-3 | LGA2066 | ,Yes - 240 mm ,No 
Cougar Forza 50,Cougar ,, Forza 50 | CGR-FZA50 | 3MFZA50.0001 | ,600 - 2000 RPM ,34.5 dB ,Black ,155 mm , AM2 | AM2+ | AM3 | AM3+ | AM4 | AM5 | FM1 | FM2 | FM2+ | LGA1150 | LGA1151 | LGA1155 | LGA1156 | LGA1200 | LGA1366 | LGA1700 | LGA1851 | LGA2011 | LGA2011-3 | LGA2066 | ,No ,No 
Thermalright Frozen Magic ARGB,Thermalright ,,Frozen Magic 360 ARGB ,1500 RPM ,25.6 dB ,Black ,, AM2 | AM2+ | AM3 | AM3+ | AM4 | AM5 | FM1 | FM2 | FM2+ | LGA1150 | LGA1151 | LGA1155 | LGA1156 | LGA1200 | LGA1700 | LGA1851 | LGA2011 | LGA2011-3 | LGA2066 | ,Yes - 360 mm ,No 
ID-COOLING DK-07i RAINBOW,ID-COOLING ,,DK-07i RAINBOW ,500 - 1800 RPM ,14.2 - 25.6 dB ,Black ,60 mm , LGA1700 | LGA1851 | ,No ,No 
Enermax LIQMAXFLO SR 120,Enermax ,LIQMAXFLO SR 120 ,ELC-LMF120-SF ,500 - 1800 RPM ,23.46 dB ,Black ,, AM4 | AM5 | LGA1150 | LGA1151 | LGA1155 | LGA1156 | LGA1200 | LGA1366 | LGA1700 | LGA1851 | LGA2011 | LGA2011-3 | LGA2066 | ,Yes - 120 mm ,No 
Valkyrie DRAGONFANG,Valkyrie ,,VK-GL360-BLACK ,800 - 2150 RPM ,29 dB ,Black ,, AM4 | AM5 | LGA1150 | LGA1151 | LGA1155 | LGA1156 | LGA1200 | LGA1700 | LGA1851 | LGA2011 | LGA2011-3 | LGA2066 | ,Yes - 360 mm ,No 
Valkyrie DRAGONFANG,Valkyrie ,,VK-GL240-BLACK ,800 - 2150 RPM ,29 dB ,Black ,, AM4 | AM5 | LGA1150 | LGA1151 | LGA1155 | LGA1156 | LGA1200 | LGA1700 | LGA1851 | LGA2011 | LGA2011-3 | LGA2066 | ,Yes - 240 mm ,No 
Geometric Future Eskimo Junior 36,Geometric Future ,Eskimo Junior 36 ,GEO-EJ-36W ,2000 RPM ,29 dB ,White ,53 mm , AM2 | AM2+ | AM3 | AM3+ | AM4 | AM5 | sTR4 | sTRX4 | FM1 | FM2 | FM2+ | LGA1150 | LGA1151 | LGA1155 | LGA1156 | LGA1200 | LGA1700 | LGA1851 | LGA2011 | LGA2011-3 | LGA2066 | ,Yes - 360 mm ,No 
ID-COOLING IS-30i,ID-COOLING ,,IS-30i ,800 - 3600 RPM ,17 - 35.8 dB ,Black / Silver ,30 mm , LGA1150 | LGA1151 | LGA1155 | LGA1156 | LGA1200 | LGA1700 | LGA1851 | ,No ,No 
YEYIAN VATN 120 ARGB,YEYIAN ,VATN 120 ARGB ,YTS-120SL-01 ,800 - 2000 RPM ,25 - 32 dB ,Black ,53 mm , AM2 | AM2+ | AM3 | AM3+ | AM4 | AM5 | FM1 | FM2 | FM2+ | LGA1150 | LGA1151 | LGA1155 | LGA1156 | LGA1200 | LGA1700 | LGA1851 | LGA2011 | LGA2011-3 | LGA2066 | ,Yes - 120 mm ,No 
Thermalright Frozen Guardian,Thermalright ,,Frozen Guardian 360 WHITE ,2150 RPM ,27 dB ,White ,, AM4 | AM5 | LGA1150 | LGA1151 | LGA1155 | LGA1156 | LGA1200 | LGA1700 | LGA1851 | ,Yes - 360 mm ,No 
Ocypus Delta A62 ARGB,Ocypus ,,Delta A62 WH ARGB ,500 - 2000 RPM ,29 dB ,White ,156 mm , AM4 | AM5 | LGA1150 | LGA1151 | LGA1155 | LGA1156 | LGA1200 | LGA1700 | LGA1851 | ,No ,No 
Ocypus Delta L36 ARGB,Ocypus ,Delta L36 ARGB ,Delta L36 WH ARGB ,500 - 2000 RPM ,29 dB ,White ,, AM4 | AM5 | LGA1150 | LGA1151 | LGA1155 | LGA1156 | LGA1200 | LGA1700 | LGA1851 | ,Yes - 360 mm ,No 
SilentiumPC Spartan 4 MAX EVO ARGB,SilentiumPC ,,SPC273 ,300 - 1600 RPM ,,,143 mm , AM2 | AM2+ | AM3 | AM3+ | AM4 | FM1 | FM2 | FM2+ | LGA1150 | LGA1151 | LGA1155 | LGA1156 | LGA1200 | ,No ,No 
iTek Hydro Cube,iTek ,,ITLCHCA240 ,2000 RPM ,31.6 dB ,Black ,72 mm , AM4 | AM5 | LGA775 | LGA1150 | LGA1151 | LGA1155 | LGA1156 | LGA1200 | LGA1700 | LGA1851 | ,Yes - 240 mm ,No 
Mars Gaming MCPU-XU6,Mars Gaming ,,MCPUXU6W ,800 - 2000 RPM ,9 - 23 dB ,White ,155 mm , AM2 | AM2+ | AM3 | AM3+ | AM4 | AM5 | FM1 | FM2 | FM2+ | LGA1150 | LGA1151 | LGA1155 | LGA1156 | LGA1200 | LGA1366 | LGA1700 | LGA1851 | LGA2011 | LGA2011-3 | LGA2066 | ,No ,No 
upHere UP1T4,upHere ,, UP1T4 | up1T4 UK UG | ,600 - 1650 RPM ,25 dB ,White ,155 mm , AM2 | AM2+ | AM3 | AM3+ | AM4 | AM5 | FM1 | FM2 | FM2+ | LGA1150 | LGA1151 | LGA1155 | LGA1156 | LGA1200 | LGA1366 | LGA1700 | LGA1851 | ,No ,No 
upHere UP1TC4,upHere ,, UP1TC4 | up1TC4 UK UG | ,600 - 1650 RPM ,25 dB ,White ,155 mm , AM2 | AM2+ | AM3 | AM3+ | AM4 | AM5 | FM1 | FM2 | FM2+ | LGA1150 | LGA1151 | LGA1155 | LGA1156 | LGA1200 | LGA1366 | LGA1700 | LGA1851 | ,No ,No 
SilentiumPC Spartan 3 PRO HE1024,SilentiumPC ,Spartan 3 PRO HE1024 ,SPC146 ,800 - 2000 RPM ,,Black / Silver ,135 mm , AM2 | AM2+ | AM3 | AM3+ | AM4 | FM1 | FM2 | FM2+ | LGA775 | LGA1150 | LGA1151 | LGA1155 | LGA1156 | LGA1200 | ,No ,No 
Fractal Design Kelvin T12,Fractal Design ,Kelvin T12 ,FD-WCU-KELVIN-T12-BK ,800 - 1700 RPM ,26.9 dB ,,, AM2 | AM2+ | AM3 | AM3+ | AM4 | AM5 | FM1 | FM2 | FM2+ | LGA775 | LGA1150 | LGA1151 | LGA1155 | LGA1156 | LGA1200 | LGA1366 | LGA2011 | LGA2011-3 | LGA2066 | ,Yes - 120 mm ,No 
Silverstone Hydrogon D120 ARGB,Silverstone ,Hydrogon D120 ARGB ,SST-HYD120-ARGB ,,0 - 30.5 dB ,Black / Silver ,153 mm , AM2 | AM2+ | AM3 | AM3+ | AM4 | AM5 | FM1 | FM2 | FM2+ | LGA775 | LGA1150 | LGA1151 | LGA1155 | LGA1156 | LGA1200 | LGA1366 | LGA1700 | LGA1851 | LGA2011 | LGA2011-3 | LGA2066 | ,No ,No 
Xilence M906,Xilence ,,XC081 ,500 - 1500 RPM ,18 - 30.8 dB ,Black ,154 mm , AM4 | AM5 | LGA1150 | LGA1151 | LGA1155 | LGA1156 | LGA1200 | LGA1700 | LGA1851 | LGA2011 | LGA2011-3 | LGA2066 | ,No ,No 
ASRock Steel Legend LCD,ASRock ,, 90-ASLA36-BAAGA5 | Steel Legend Dark 360 LCD | ,,38.3 dB ,Black ,108 mm , AM4 | AM5 | LGA1700 | LGA1851 | ,Yes - 360 mm ,No 
Dynatron K17,Dynatron ,,K17 ,1000 - 2500 RPM ,17 - 31.92 dB ,,110 mm , LGA1150 | LGA1151 | LGA1155 | LGA1156 | LGA1200 | ,No ,No 
RAIJINTEK AIDOS BLACK,RAIJINTEK ,AIDOS BLACK ,0R100009 ,1000 - 2200 RPM ,28.87 dB ,,136 mm , AM2 | AM2+ | AM3 | AM3+ | FM1 | FM2 | FM2+ | LGA775 | LGA1150 | LGA1151 | LGA1155 | LGA1156 | LGA1200 | LGA1366 | LGA2011 | LGA2011-3 | LGA2066 | ,No ,No 
Gelid Solutions SnowStorm,Gelid Solutions ,SnowStorm ,CC-SnowStorm-01 ,900 - 2200 RPM ,10 - 24.1 dB ,,138 mm , AM2 | AM2+ | AM3 | AM3+ | FM1 | FM2 | FM2+ | LGA775 | LGA1150 | LGA1151 | LGA1155 | LGA1156 | LGA1200 | ,No ,No 
Silverstone PF240-ARGB V2,Silverstone ,PF240-ARGB V2 ,SST-PF240W-ARGB-V2 ,600 - 2200 RPM ,7.4 - 35.6 dB ,White ,50 mm , AM2 | AM2+ | AM3 | AM3+ | AM4 | AM5 | FM1 | FM2 | FM2+ | LGA1150 | LGA1151 | LGA1155 | LGA1156 | LGA1200 | LGA1700 | LGA1851 | LGA2011 | LGA2011-3 | LGA2066 | ,Yes - 240 mm ,No 
LevelPlay CL240 ARGB,LevelPlay ,CL240 ARGB ,LRW-M12NN-18APN-GW1 ,,0 - 26 dB ,White ,56 mm , AM4 | AM5 | LGA1700 | LGA1851 | ,Yes - 240 mm ,No 
Antec KUHLER Box,Antec ,KUHLER Box ,KUHLER box ,,,,148 mm , AM2 | AM2+ | AM3 | AM3+ | FM1 | FM2 | FM2+ | LGA775 | LGA1150 | LGA1151 | LGA1155 | LGA1156 | LGA1200 | LGA1366 | ,No ,No 
Noctua NH-U9DX 1366,Noctua ,,NH-U9DX 1366 ,1000 - 1600 RPM ,7.9 - 17.6 dB ,,122 mm , AM4 | AM5 | LGA1366 | ,No ,No 
Phanteks PH-TC14PE_BL,Phanteks ,,PH-TC14PE_BL ,700 - 1200 RPM ,13.4 - 19 dB ,,171 mm , AM2 | AM2+ | AM3 | AM3+ | FM1 | FM2 | FM2+ | LGA775 | LGA1150 | LGA1151 | LGA1155 | LGA1156 | LGA1200 | LGA1366 | LGA2011 | LGA2011-3 | LGA2066 | ,No ,No 
Thermaltake Water 2.0 Pro,Thermaltake ,Water 2.0 Pro ,CLW0216 ,1200 - 2000 RPM ,10 - 27.36 dB ,,, AM2 | AM2+ | AM3 | AM3+ | FM1 | FM2 | FM2+ | LGA775 | LGA1150 | LGA1151 | LGA1155 | LGA1156 | LGA1200 | LGA1366 | LGA2011 | LGA2011-3 | LGA2066 | ,Yes - 120 mm ,No 
Titan TTC-NK54TZ,Titan ,,TTC-NK54TZ ,3500 RPM ,30.6 dB ,,39 mm ,LGA775 ,No ,No 
Xigmatek ld964,Xigmatek ,,ld964 ,1000 - 2800 RPM ,22 dB ,,15 mm , AM2 | AM2+ | AM3 | AM3+ | FM1 | FM2 | FM2+ | LGA1150 | LGA1151 | LGA1155 | LGA1156 | LGA1200 | ,No ,No 
Dynatron R4,Dynatron ,,R4 ,,,,27 mm , LGA2011 | LGA2011-3 | LGA2066 | ,No ,Yes 
Thermaltake CLP0587,Thermaltake ,,CLP0587 ,1200 - 1800 RPM ,39 dB ,,160 mm , AM2 | AM2+ | AM3 | AM3+ | FM1 | FM2 | FM2+ | LGA775 | LGA1150 | LGA1151 | LGA1155 | LGA1156 | LGA1200 | LGA1366 | LGA2011 | LGA2011-3 | LGA2066 | ,No ,No 
Thermalright Silver Arrow Extreme,Thermalright ,Silver Arrow Extreme ,Silver Arrow SB-E Extreme ,600 - 2500 RPM ,21 - 45 dB ,,165 mm , AM2 | AM2+ | AM3 | AM3+ | AM4 | FM1 | FM2 | FM2+ | LGA775 | LGA1150 | LGA1151 | LGA1155 | LGA1156 | LGA1200 | LGA1366 | LGA1700 | LGA1851 | LGA2011 | LGA2011-3 | LGA2066 | ,No ,No 
Cooler Master Eisberg 240L Prestige,Cooler Master ,Eisberg 240L Prestige ,RL-EB24-16FK-R1 ,1600 RPM ,20.5 dB ,,, AM2 | AM2+ | AM3 | AM3+ | FM1 | FM2 | FM2+ | LGA775 | LGA1150 | LGA1151 | LGA1155 | LGA1156 | LGA1200 | LGA1366 | LGA2011 | LGA2011-3 | LGA2066 | ,Yes - 240 mm ,No 
Enermax ETS-T40-BK,Enermax ,,ETS-T40-BK ,800 - 1800 RPM ,16 - 26 dB ,,160 mm , AM2 | AM2+ | AM3 | AM3+ | FM1 | FM2 | FM2+ | LGA775 | LGA1150 | LGA1151 | LGA1155 | LGA1156 | LGA1200 | LGA1366 | LGA2011 | LGA2011-3 | LGA2066 | ,No ,No 
Scythe Mugen 4,Scythe ,Mugen 4 ,SCMG-4000 ,400 - 1400 RPM ,5.3 - 28 dB ,,156 mm , AM2 | AM2+ | AM3 | AM3+ | AM4 | FM1 | FM2 | FM2+ | LGA775 | LGA1150 | LGA1151 | LGA1155 | LGA1156 | LGA1200 | LGA1366 | LGA2011 | LGA2011-3 | LGA2066 | ,No ,No 
Cooler Master Hyper 412 Slim,Cooler Master ,Hyper 412 Slim ,RR-H412-16PK-R1 ,500 - 1600 RPM ,8 - 30 dB ,,160 mm , AM2 | AM2+ | AM3 | AM3+ | AM4 | FM1 | FM2 | FM2+ | LGA775 | LGA1150 | LGA1151 | LGA1155 | LGA1156 | LGA1200 | LGA1366 | LGA2011 | LGA2011-3 | LGA2066 | ,No ,No 
Thermalright TRUE Spirit 140 POWER,Thermalright ,TRUE Spirit 140 POWER ,TRUE SPIRIT 140 POWER ,900 - 1300 RPM ,17 - 21 dB ,,170 mm , AM2 | AM2+ | AM3 | AM3+ | AM4 | AM5 | FM1 | FM2 | FM2+ | LGA775 | LGA1150 | LGA1151 | LGA1155 | LGA1156 | LGA1200 | LGA1366 | LGA1700 | LGA1851 | LGA2011 | LGA2011-3 | LGA2066 | ,No ,No 
RAIJINTEK THEMIS Evo,RAIJINTEK ,THEMIS Evo ,0P105245 ,1000 - 1500 RPM ,24.53 dB ,,165 mm , AM2 | AM2+ | AM3 | AM3+ | FM1 | FM2 | FM2+ | LGA775 | LGA1150 | LGA1151 | LGA1155 | LGA1156 | LGA1200 | LGA1366 | LGA2011 | LGA2011-3 | LGA2066 | ,No ,No 
Deepcool GAMMAXX 200,Deepcool ,,GAMMAXX 200 ,900 - 2200 RPM ,17.8 - 34.6 dB ,,143 mm , AM2 | AM2+ | AM3 | AM3+ | FM1 | FM2 | FM2+ | LGA775 | LGA1150 | LGA1151 | LGA1155 | LGA1156 | LGA1200 | ,No ,No 
Deepcool GAMMAXX S40,Deepcool ,,GAMMAXX S40 ,900 - 1600 RPM ,17.8 - 26.1 dB ,,143 mm , AM2 | AM2+ | AM3 | AM3+ | AM4 | AM5 | FM1 | FM2 | FM2+ | LGA775 | LGA1150 | LGA1151 | LGA1155 | LGA1156 | LGA1200 | LGA1366 | LGA2011 | LGA2011-3 | LGA2066 | ,No ,No 
Evercool HPS-810CP,Evercool ,HPS-810CP ,EC-HPS-810CP ,1500 - 4000 RPM ,16.2 - 37.5 dB ,,28 mm , AM2 | AM2+ | AM3 | AM3+ | FM1 | FM2 | FM2+ | LGA775 | LGA1150 | LGA1151 | LGA1155 | LGA1156 | LGA1200 | ,No ,No 
Akasa Venom Voodoo,Akasa ,Venom Voodoo ,AK-CC4008HP01 ,600 - 1900 RPM ,6.9 - 28.9 dB ,,164 mm , AM2 | AM2+ | AM3 | AM3+ | FM1 | FM2 | FM2+ | LGA775 | LGA1150 | LGA1151 | LGA1155 | LGA1156 | LGA1200 | LGA1366 | LGA2011 | LGA2011-3 | LGA2066 | ,No ,No 
Cooler Master GeminII S524 Ver 2,Cooler Master ,GeminII S524 Ver 2 ,RR-G5V2-20PK-R1 ,2000 RPM ,22 dB ,,105 mm , AM2 | AM2+ | AM3 | AM3+ | FM1 | FM2 | FM2+ | LGA775 | LGA1150 | LGA1151 | LGA1155 | LGA1156 | LGA1200 | LGA1366 | LGA2011 | LGA2011-3 | LGA2066 | ,No ,No 
Thermaltake Water 3.0 Performer C + LNC,Thermaltake ,Water 3.0 Performer C + LNC ,CLW0222-B ,1200 - 2000 RPM ,27.36 dB ,,, AM2 | AM2+ | AM3 | AM3+ | AM4 | FM1 | FM2 | FM2+ | LGA1150 | LGA1151 | LGA1155 | LGA1156 | LGA1200 | LGA1366 | LGA2011 | LGA2011-3 | LGA2066 | ,Yes - 120 mm ,No 
Enermax ETS-T40F-W,Enermax ,,ETS-T40F-W ,2200 RPM ,27 dB ,,162 mm , AM2 | AM2+ | AM3 | AM3+ | AM4 | FM1 | FM2 | FM2+ | LGA775 | LGA1150 | LGA1151 | LGA1155 | LGA1156 | LGA1200 | LGA1366 | LGA2011 | LGA2011-3 | LGA2066 | ,No ,No 
Cooler Master MasterLiquid Pro 240,Cooler Master ,MasterLiquid Pro 240 ,MLY-D24M-A20MB-R1 ,500 - 2000 RPM ,6 - 30 dB ,,, AM2 | AM2+ | AM3 | AM3+ | AM4 | FM1 | FM2 | FM2+ | LGA775 | LGA1150 | LGA1151 | LGA1155 | LGA1156 | LGA1200 | LGA1366 | LGA2011 | LGA2011-3 | LGA2066 | ,Yes - 240 mm ,No 
ID-COOLING FROSTFLOW 240L-W,ID-COOLING ,,FROSTFLOW 240L-W ,800 - 2000 RPM ,20 - 38.2 dB ,,, AM2 | AM2+ | AM3 | AM3+ | AM4 | AM5 | FM1 | FM2 | FM2+ | LGA775 | LGA1150 | LGA1151 | LGA1155 | LGA1156 | LGA1200 | LGA1366 | LGA2011 | LGA2011-3 | LGA2066 | ,Yes - 240 mm ,No 
Reeven Vanxie,Reeven ,Vanxie ,RC-0801b ,800 - 3300 RPM ,8.2 - 32.5 dB ,,34 mm , AM1 | AM2 | AM2+ | AM3 | AM3+ | FM1 | FM2 | FM2+ | LGA775 | LGA1150 | LGA1151 | LGA1155 | LGA1156 | LGA1200 | LGA1366 | ,No ,No 
Reeven Brontes RC-1001b,Reeven ,Brontes RC-1001b ,RC-1001b ,650 - 2200 RPM ,10.5 - 31.67 dB ,,59 mm , AM1 | AM2 | AM2+ | AM3 | AM3+ | FM1 | FM2 | FM2+ | LGA775 | LGA1150 | LGA1151 | LGA1155 | LGA1156 | LGA1200 | LGA1366 | ,No ,No 
be quiet! Silent Loop 280,be quiet! ,Silent Loop 280 ,BW003 ,1600 RPM ,16.1 - 37.3 dB ,,, AM2 | AM2+ | AM3 | AM3+ | AM4 | sTR4 | sTRX4 | FM1 | FM2 | FM2+ | LGA775 | LGA1150 | LGA1151 | LGA1155 | LGA1156 | LGA1200 | LGA2011 | LGA2011-3 | LGA2066 | ,Yes - 280 mm ,No 
RAIJINTEK TISIS CORE EDITION,RAIJINTEK ,TISIS CORE EDITION ,0R100017 ,,0 dB ,,167 mm , AM2 | AM2+ | AM3 | AM3+ | FM1 | FM2 | FM2+ | LGA775 | LGA1150 | LGA1151 | LGA1155 | LGA1156 | LGA1200 | LGA1366 | LGA1700 | LGA1851 | LGA2011 | LGA2011-3 | LGA2066 | ,No ,Yes 
Thermaltake Engine 27,Thermaltake ,Engine 27 ,CL-P032-CA06SL-A ,1500 - 2500 RPM ,13 - 25 dB ,,27 mm , LGA1150 | LGA1151 | LGA1155 | LGA1156 | LGA1200 | ,No ,No 
Scythe Mugen 5,Scythe ,Mugen 5 ,SCMG-5000 ,300 - 1200 RPM ,4 - 24.9 dB ,,155 mm , AM2 | AM2+ | AM3 | AM3+ | AM4 | FM1 | FM2 | FM2+ | LGA775 | LGA1150 | LGA1151 | LGA1155 | LGA1156 | LGA1200 | LGA1366 | LGA1700 | LGA1851 | ,No ,No 
Alpenföhn Brocken 2,Alpenföhn ,Brocken 2 ,8400000094 ,1100 RPM ,19 dB ,,165 mm , AM2 | AM2+ | AM3 | AM3+ | FM1 | FM2 | FM2+ | LGA775 | LGA1150 | LGA1151 | LGA1155 | LGA1156 | LGA1200 | LGA1366 | LGA2011 | LGA2011-3 | LGA2066 | ,No ,No 
Alpenföhn Brocken 2 PCGH,Alpenföhn ,Brocken 2 PCGH ,84000000136 ,700 RPM ,18.5 dB ,,165 mm , AM2 | AM2+ | AM3 | AM3+ | FM1 | FM2 | FM2+ | LGA775 | LGA1150 | LGA1151 | LGA1155 | LGA1156 | LGA1200 | LGA1366 | LGA2011 | LGA2011-3 | LGA2066 | ,No ,No 
Alpenföhn Matterhorn Pure,Alpenföhn ,Matterhorn Pure ,84000000079 ,500 - 1500 RPM ,8 - 24.8 dB ,,158 mm , AM2 | AM2+ | AM3 | AM3+ | AM4 | FM1 | FM2 | FM2+ | LGA1150 | LGA1151 | LGA1155 | LGA1156 | LGA1200 | LGA1366 | LGA2011 | LGA2011-3 | LGA2066 | ,No ,No 
NZXT Kraken X42 Rev 2,NZXT ,Kraken X42 Rev 2 ,RL-KRX42-02 ,500 - 1800 RPM ,21 - 38 dB ,,, AM2 | AM2+ | AM3 | AM3+ | AM4 | AM5 | FM1 | FM2 | FM2+ | LGA1150 | LGA1151 | LGA1155 | LGA1156 | LGA1200 | LGA1366 | LGA1700 | LGA1851 | LGA2011 | LGA2011-3 | LGA2066 | ,Yes - 140 mm ,No 
Thermaltake Floe Riing RGB 280 TT Premium Edition,Thermaltake ,Floe Riing RGB 280 TT Premium Edition ,CL-W167-PL14SW-A ,500 - 1400 RPM ,19.8 - 27.2 dB ,,, AM2 | AM2+ | AM3 | AM3+ | AM4 | sTR4 | sTRX4 | FM1 | FM2 | FM2+ | LGA1150 | LGA1151 | LGA1155 | LGA1156 | LGA1200 | LGA1366 | LGA2011 | LGA2011-3 | LGA2066 | ,Yes - 280 mm ,No 
ARCTIC Freezer 33 PENTA,ARCTIC ,Freezer 33 PENTA ,ACFRE00037A ,120 - 1350 RPM ,22.5 dB ,,150 mm , AM4 | AM5 | LGA1150 | LGA1151 | LGA1155 | LGA1156 | LGA1200 | LGA2011 | LGA2011-3 | LGA2066 | ,No ,No 
Enermax ETS-N30R-HE,Enermax ,,ETS-N30R-HE ,600 - 2800 RPM ,12 - 28 dB ,,138 mm , AM2 | AM2+ | AM3 | AM3+ | AM4 | FM1 | FM2 | FM2+ | LGA775 | LGA1150 | LGA1151 | LGA1155 | LGA1156 | LGA1200 | LGA1366 | LGA2011 | LGA2011-3 | LGA2066 | ,No ,No 
Enermax Liqfusion 240,Enermax ,Liqfusion 240 ,ELC-LF240-RGB ,500 - 2000 RPM ,14 - 28 dB ,Black ,, AM2 | AM2+ | AM3 | AM3+ | AM4 | FM1 | FM2 | FM2+ | LGA775 | LGA1150 | LGA1151 | LGA1155 | LGA1156 | LGA1200 | LGA1366 | LGA2011 | LGA2011-3 | LGA2066 | ,Yes - 240 mm ,No 
Scythe Kotetsu Mark II,Scythe ,Kotetsu Mark II ,SCKTT-2000 ,300 - 1200 RPM ,4 - 24.9 dB ,,154 mm , AM2 | AM2+ | AM3 | AM3+ | AM4 | AM5 | FM1 | FM2 | FM2+ | LGA775 | LGA1150 | LGA1151 | LGA1155 | LGA1156 | LGA1200 | LGA1366 | LGA1700 | LGA1851 | LGA2011 | LGA2011-3 | LGA2066 | ,No ,No 
Deepcool Castle 280 RGB,Deepcool ,Castle 280 RGB ,DP-GS-H12L-CSL280RGB ,500 - 1800 RPM ,19.8 - 35.4 dB ,Black ,, AM2 | AM2+ | AM3 | AM3+ | AM4 | sTR4 | sTRX4 | FM1 | FM2 | FM2+ | LGA1150 | LGA1151 | LGA1155 | LGA1156 | LGA1200 | LGA1366 | LGA1700 | LGA1851 | LGA2011 | LGA2011-3 | LGA2066 | ,Yes - 280 mm ,No 
Alphacool Eisbaer 280,Alphacool ,Eisbaer 280 , 11287 | 1012139 | ,1100 RPM ,29.4 dB ,Black / Blue ,, AM2 | AM2+ | AM3 | AM3+ | AM4 | AM5 | FM1 | FM2 | FM2+ | LGA775 | LGA1150 | LGA1151 | LGA1155 | LGA1156 | LGA1200 | LGA1366 | LGA2011 | LGA2011-3 | LGA2066 | ,Yes - 280 mm ,No 
Thermalright SilverArrow TR4,Thermalright ,,SilverArrow TR4 ,600 - 2500 RPM ,21 - 45 dB ,Silver / Red ,163 mm , sTR4 | sTRX4 | ,No ,No 
ARCTIC Freezer 34 eSports,ARCTIC ,Freezer 34 eSports ,ACFRE00059A ,200 - 2100 RPM ,,Green / Black ,157 mm , AM4 | AM5 | LGA1150 | LGA1151 | LGA1155 | LGA1156 | LGA1200 | LGA1700 | LGA1851 | LGA2011 | LGA2011-3 | LGA2066 | ,No ,No 
Silverstone AR11,Silverstone ,AR11 ,SST-AR11 ,1200 - 3000 RPM ,19.3 - 44.5 dB ,Black / Silver ,47 mm , LGA1150 | LGA1151 | LGA1155 | LGA1156 | LGA1200 | ,No ,No 
SilentiumPC Navis RGB 240,SilentiumPC ,Navis RGB 240 ,SPC219 ,800 - 2300 RPM ,,Black ,, AM2 | AM2+ | AM3 | AM3+ | AM4 | FM1 | FM2 | FM2+ | LGA775 | LGA1150 | LGA1151 | LGA1155 | LGA1156 | LGA1200 | LGA1366 | LGA2011 | LGA2011-3 | LGA2066 | ,Yes - 240 mm ,No 
Cougar Helor 240,Cougar ,Helor 240 , RL-HLR240-V1 | 35CCL24.0001 | ,600 - 1800 RPM ,37.1 dB ,Black ,, AM2 | AM2+ | AM3 | AM3+ | AM4 | FM1 | FM2 | FM2+ | LGA775 | LGA1150 | LGA1151 | LGA1155 | LGA1156 | LGA1200 | LGA1366 | LGA2011 | LGA2011-3 | LGA2066 | ,Yes - 240 mm ,No 
CRYORIG C7G,CRYORIG ,C7G ,CR-C7G ,600 - 2500 RPM ,30 dB ,Black / Silver ,47 mm , AM2 | AM2+ | AM3 | AM3+ | AM4 | FM1 | FM2 | FM2+ | LGA1150 | LGA1151 | LGA1155 | LGA1156 | LGA1200 | LGA1700 | LGA1851 | ,No ,No 
GameMax Iceberg 240 ARGB,GameMax ,Iceberg 240 ARGB ,GMX ICEBERG240ARGB ,1100 RPM ,25 dB ,Black ,, AM2 | AM2+ | AM3 | AM3+ | AM4 | FM1 | FM2 | FM2+ | LGA1150 | LGA1151 | LGA1155 | LGA1156 | LGA1200 | LGA1366 | LGA2011 | LGA2011-3 | LGA2066 | ,Yes - 240 mm ,No 
Enermax Liqtech II 240,Enermax ,Liqtech II 240 ,ELC-LTTO240-TBP ,500 - 2300 RPM ,14 - 28 dB ,Black ,, AM2 | AM2+ | AM3 | AM3+ | AM4 | FM1 | FM2 | FM2+ | LGA1150 | LGA1151 | LGA1155 | LGA1156 | LGA1200 | LGA1366 | LGA1700 | LGA1851 | LGA2011 | LGA2011-3 | LGA2066 | ,Yes - 240 mm ,No 
upHere CCF150ARGB,upHere ,CCF150ARGB ,CCF150ARGB-USA ,600 - 1800 RPM ,16.1 - 27.7 dB ,Black ,154 mm , AM2 | AM2+ | AM3 | AM3+ | AM4 | FM1 | FM2 | FM2+ | LGA775 | LGA1150 | LGA1151 | LGA1155 | LGA1156 | LGA1200 | LGA1366 | ,No ,No 
Alpenföhn Brocken 3,Alpenföhn ,Brocken 3 ,84000000154 ,400 - 1050 RPM ,22 dB ,Black ,165 mm , AM2 | AM2+ | AM3 | AM3+ | AM4 | AM5 | FM1 | FM2 | FM2+ | LGA775 | LGA1150 | LGA1151 | LGA1155 | LGA1156 | LGA1200 | LGA1366 | LGA2011 | LGA2011-3 | LGA2066 | ,No ,No 
Scythe Mugen 5 Black RGB Edition,Scythe ,Mugen 5 Black RGB Edition ,SCMG-5100BK ,300 - 1200 RPM ,4 - 24.9 dB ,Black / Silver ,154 mm , AM2 | AM2+ | AM3 | AM3+ | AM4 | AM5 | FM1 | FM2 | FM2+ | LGA775 | LGA1150 | LGA1151 | LGA1155 | LGA1156 | LGA1200 | LGA1366 | LGA1700 | LGA1851 | LGA2011 | LGA2011-3 | LGA2066 | ,No ,No 
SilentiumPC Fera 3 EVO ARGB,SilentiumPC ,Fera 3 EVO ARGB ,SPC281 ,250 - 1600 RPM ,,White / Silver ,78 mm , AM2 | AM2+ | AM3 | AM3+ | AM4 | FM1 | FM2 | FM2+ | LGA775 | LGA1150 | LGA1151 | LGA1155 | LGA1156 | LGA1200 | LGA1366 | LGA2011 | LGA2011-3 | LGA2066 | ,No ,No 
Enermax AQUAFUSION,Enermax ,AQUAFUSION ,ELC-AQF120-SQA-W ,500 - 2000 RPM ,17 - 32.6 dB ,White ,, AM2 | AM2+ | AM3 | AM3+ | AM4 | AM5 | FM1 | FM2 | FM2+ | LGA1150 | LGA1151 | LGA1155 | LGA1156 | LGA1200 | LGA1366 | LGA1700 | LGA1851 | LGA2011 | LGA2011-3 | LGA2066 | ,Yes - 120 mm ,No 
Enermax AQUAFUSION 360,Enermax ,AQUAFUSION 360 ,ELC-AQF360-SQA ,500 - 2000 RPM ,17 - 32.6 dB ,Black ,, AM2 | AM2+ | AM3 | AM3+ | AM4 | AM5 | FM1 | FM2 | FM2+ | LGA775 | LGA1150 | LGA1151 | LGA1155 | LGA1156 | LGA1200 | LGA1366 | LGA1700 | LGA1851 | LGA2011 | LGA2011-3 | LGA2066 | ,Yes - 360 mm ,No 
Deepcool CASTLE 240EX RGB,Deepcool ,CASTLE 240EX RGB ,DP-GS-H12-CSL240EX-RGB ,500 - 1800 RPM ,35 dB ,Black ,, AM2 | AM2+ | AM3 | AM3+ | AM4 | sTR4 | sTRX4 | FM1 | FM2 | FM2+ | LGA1150 | LGA1151 | LGA1155 | LGA1156 | LGA1200 | LGA1366 | LGA1700 | LGA1851 | LGA2011 | LGA2011-3 | LGA2066 | ,Yes - 240 mm ,No 
Alpenföhn Glacier Water 280,Alpenföhn ,Glacier Water 280 ,84000000189 ,500 - 2000 RPM ,36.4 dB ,Black ,, AM2 | AM2+ | AM3 | AM3+ | AM4 | AM5 | sTR4 | sTRX4 | FM1 | FM2 | FM2+ | LGA1150 | LGA1151 | LGA1155 | LGA1156 | LGA1200 | LGA1366 | LGA2011 | LGA2011-3 | LGA2066 | ,Yes - 280 mm ,No 
Thermalright Assassin King 120 Plus,Thermalright ,Assassin King 120 Plus , AK 120 PLUS | 43201619 | ,1500 RPM ,25.6 dB ,Black / Silver ,154 mm , AM4 | LGA1150 | LGA1151 | LGA1155 | LGA1156 | LGA1200 | LGA1700 | LGA1851 | LGA2011 | LGA2011-3 | LGA2066 | ,No ,No 
Cougar AQUA,Cougar ,, AQUA 240 | 3MAQU240.0001 | ,600 - 1800 RPM ,35 dB ,Black ,, AM2 | AM2+ | AM3 | AM3+ | AM4 | FM1 | FM2 | FM2+ | LGA1150 | LGA1151 | LGA1155 | LGA1156 | LGA1200 | LGA1366 | LGA2011 | LGA2011-3 | LGA2066 | ,Yes - 240 mm ,No 
Fractal Design Lumen S36,Fractal Design ,Lumen S36 ,FD-W-L1-S3601 ,500 - 2000 RPM ,10 - 33.2 dB ,Black ,, AM2 | AM2+ | AM3 | AM3+ | AM4 | AM5 | FM1 | FM2 | FM2+ | LGA1150 | LGA1151 | LGA1155 | LGA1156 | LGA1200 | LGA1366 | LGA1700 | LGA1851 | LGA2011 | LGA2011-3 | LGA2066 | ,Yes - 360 mm ,No 
Thermalright Frost Spirit 140 V3 WHITE,Thermalright ,Frost Spirit 140 V3 WHITE , FS140 V3 WHITE | FS140 White V3 | ,1500 RPM ,25.6 dB ,White ,158 mm , AM4 | AM5 | LGA1150 | LGA1151 | LGA1155 | LGA1156 | LGA1200 | LGA1700 | LGA1851 | LGA2011 | LGA2011-3 | LGA2066 | ,No ,No 
GAMDIAS BOREAS E1,GAMDIAS ,,BOREAS E1-410 LITE ,800 - 2000 RPM ,10 - 31 dB ,Black / Silver ,154 mm , AM2 | AM2+ | AM3 | AM3+ | AM4 | FM1 | FM2 | FM2+ | LGA775 | LGA1150 | LGA1151 | LGA1155 | LGA1156 | LGA1200 | LGA1366 | LGA1700 | LGA1851 | LGA2011 | LGA2011-3 | LGA2066 | ,No ,No 
GAMDIAS BOREAS M1,GAMDIAS ,,BOREAS M1-610 ,800 - 2600 RPM ,10 - 32 dB ,Black / Silver ,163 mm , AM2 | AM2+ | AM3 | AM3+ | AM4 | FM1 | FM2 | FM2+ | LGA775 | LGA1150 | LGA1151 | LGA1155 | LGA1156 | LGA1200 | LGA1366 | LGA2011 | LGA2011-3 | LGA2066 | ,No ,No 
Thermalright Frost Commander 140,Thermalright ,Frost Commander 140 , FC140 White | FC140 White-d3 | FC140 WHITE-d6 | ,1800 RPM ,30.2 dB ,White ,158 mm , AM4 | AM5 | LGA1150 | LGA1151 | LGA1155 | LGA1156 | LGA1200 | LGA1700 | LGA1851 | LGA2011 | LGA2011-3 | LGA2066 | ,No ,No 
Vetroo darkstorm M2,Vetroo ,darkstorm M2 ,VT-CPU-RGB-m2 ,1600 RPM ,26 dB ,Black ,75 mm , AM2 | AM2+ | AM3 | AM3+ | AM4 | FM1 | FM2 | FM2+ | LGA775 | LGA1150 | LGA1151 | LGA1155 | LGA1156 | LGA1200 | ,No ,No 
ID-COOLING IS-50X V2,ID-COOLING ,,IS-50X V2 ,500 - 2000 RPM ,13.8 - 31.2 dB ,Black / Gray ,57 mm , AM4 | AM5 | LGA1150 | LGA1151 | LGA1155 | LGA1156 | LGA1200 | LGA1700 | LGA1851 | ,No ,No 
Thermaltake Water 3.0 Riing Red 140,Thermaltake ,Water 3.0 Riing Red 140 ,CL-W150-PL14RE-A ,400 - 1500 RPM ,18.5 - 26.4 dB ,Black / Red ,, AM2 | AM2+ | AM3 | AM3+ | AM4 | FM1 | FM2 | FM2+ | LGA1150 | LGA1151 | LGA1155 | LGA1156 | LGA1200 | LGA1366 | LGA2011 | LGA2011-3 | LGA2066 | ,Yes - 140 mm ,No 
Deepcool GAMMAXX L240 A-RGB,Deepcool ,GAMMAXX L240 A-RGB ,DP-H12CF-GL240-ARGB-WH ,500 - 1800 RPM ,30 dB ,White ,, AM4 | AM5 | LGA1150 | LGA1151 | LGA1155 | LGA1156 | LGA1200 | LGA1700 | LGA1851 | LGA2011 | LGA2011-3 | LGA2066 | ,Yes - 240 mm ,No 
ID-COOLING SE-902-SD V2,ID-COOLING ,,SE-902-SD V2 ,2000 RPM ,23.1 dB ,,123 mm , LGA1150 | LGA1151 | LGA1155 | LGA1156 | LGA1200 | LGA1700 | LGA1851 | ,No ,No 
ID-COOLING ICEFLOW 240 ARGB SNOW,ID-COOLING ,,ICEFLOW 240 ARGB SNOW ,900 - 2000 RPM ,16 - 31.5 dB ,White ,, AM4 | AM5 | LGA1150 | LGA1151 | LGA1155 | LGA1156 | LGA1200 | LGA2011 | LGA2011-3 | LGA2066 | ,Yes - 240 mm ,No 
MSI MAG CORELIQUID B,MSI ,,MAG CORELIQUID B240 ,500 - 2000 RPM ,14.3 - 34.3 dB ,Black ,, AM2 | AM2+ | AM3 | AM3+ | AM4 | FM1 | FM2 | FM2+ | LGA1150 | LGA1151 | LGA1155 | LGA1156 | LGA1200 | LGA1366 | LGA1700 | LGA1851 | LGA2011 | LGA2011-3 | LGA2066 | ,Yes - 240 mm ,No 
MSI MAG CORELIQUID B,MSI ,,MAG CORELIQUID B120 ,500 - 2000 RPM ,14.3 - 34.3 dB ,Black ,, AM2 | AM2+ | AM3 | AM3+ | AM4 | FM1 | FM2 | FM2+ | LGA1150 | LGA1151 | LGA1155 | LGA1156 | LGA1200 | LGA1366 | LGA1700 | LGA1851 | LGA2011 | LGA2011-3 | LGA2066 | ,Yes - 120 mm ,No 
Montech METAL DT24 BASE,Montech ,,METAL DT24 BASE ,800 - 1950 RPM ,26 dB ,Black / Silver ,153 mm , AM4 | AM5 | LGA1150 | LGA1151 | LGA1155 | LGA1156 | LGA1200 | LGA1700 | LGA1851 | ,No ,No 
EK EK-Nucleus AIO CR240 Vision D-RGB,EK ,, EK-Nucleus AIO CR240 Vision D-RGB | 3831109851692 | ,500 - 2200 RPM ,33.5 dB ,Black ,, AM4 | AM5 | LGA1150 | LGA1151 | LGA1155 | LGA1156 | LGA1200 | LGA1700 | LGA1851 | LGA2011 | LGA2011-3 | LGA2066 | ,Yes - 240 mm ,No 
Alphacool Eisbaer Pro HPE Aurora,Alphacool ,,13704 ,,31.5 dB ,Black ,, AM4 | AM5 | sTR4 | sTRX4 | LGA1150 | LGA1151 | LGA1155 | LGA1156 | LGA1200 | LGA1700 | LGA1851 | LGA2011 | LGA2011-3 | LGA2011-3 Narrow | LGA2066 | ,Yes - 360 mm ,No 
Noua Siberus TR240,Noua ,Siberus TR240 ,LC0320-TR240 ,800 - 1800 RPM ,25 - 32 dB ,Black ,, AM2 | AM2+ | AM3 | AM3+ | AM4 | FM1 | FM2 | FM2+ | LGA1150 | LGA1151 | LGA1155 | LGA1156 | LGA1200 | LGA2011 | LGA2011-3 | LGA2066 | ,Yes - 240 mm ,No 
Noua Siberus Pro 120,Noua ,Siberus Pro 120 ,LC0422-TP120 ,800 - 1800 RPM ,32 dB ,Black ,, AM2 | AM2+ | AM3 | AM3+ | AM4 | FM1 | FM2 | FM2+ | LGA1150 | LGA1151 | LGA1155 | LGA1156 | LGA1200 | LGA1700 | LGA1851 | LGA2011 | LGA2011-3 | LGA2066 | ,Yes - 120 mm ,No 
Inter-Tech ALSEYE X120,Inter-Tech ,ALSEYE X120 ,88885493 ,1600 RPM ,35.6 dB ,Gray / Black ,90 mm , AM2 | AM2+ | AM3 | AM3+ | AM4 | FM1 | FM2 | FM2+ | LGA775 | LGA1150 | LGA1151 | LGA1155 | LGA1156 | LGA1200 | LGA1366 | LGA1700 | LGA1851 | LGA2011 | LGA2011-3 | LGA2066 | ,Yes - 120 mm ,No 
GAMDIAS CHIONE P3-360U,GAMDIAS ,,CHIONE P3-360U ,800 - 2000 RPM ,10 - 31 dB ,Black ,, AM2 | AM2+ | AM3 | AM3+ | AM4 | AM5 | sTR4 | sTRX4 | FM1 | FM2 | FM2+ | LGA1150 | LGA1151 | LGA1155 | LGA1156 | LGA1200 | LGA1366 | LGA1700 | LGA1851 | LGA2011 | LGA2011-3 | LGA2066 | ,Yes - 360 mm ,No 
Phanteks GLACIER ONE 240D30,Phanteks ,GLACIER ONE 240D30 ,PH-GO240D30_DBK01 ,250 - 2000 RPM ,30.2 dB ,Black ,51 mm , AM4 | AM5 | LGA1150 | LGA1151 | LGA1155 | LGA1156 | LGA1200 | LGA1700 | LGA1851 | LGA2011 | LGA2011-3 | LGA2066 | ,Yes - 240 mm ,No 
Iceberg Thermal IceFLOE OASIS 240,Iceberg Thermal ,IceFLOE OASIS 240 ,IFOA24-BAN ,200 - 2200 RPM ,28.9 dB ,Black ,60 mm , AM2 | AM2+ | AM3 | AM3+ | AM4 | AM5 | FM1 | FM2 | FM2+ | LGA1150 | LGA1151 | LGA1155 | LGA1156 | LGA1200 | LGA1700 | LGA1851 | LGA2011 | LGA2011-3 | LGA2066 | ,Yes - 240 mm ,No 
Thermaltake Floe DX RGB TT Premium Edition B,Thermaltake ,,CL-W255-PL12SW-B ,500 - 1500 RPM ,19 - 23.9 dB ,Black ,, AM2 | AM2+ | AM3 | AM3+ | AM4 | AM5 | FM1 | FM2 | FM2+ | LGA1150 | LGA1151 | LGA1155 | LGA1156 | LGA1200 | LGA1700 | LGA1851 | LGA2011 | LGA2011-3 | LGA2066 | ,Yes - 240 mm ,No 
ID-COOLING FX240,ID-COOLING ,FX240 ,FX240 WHITE ,700 - 1800 RPM ,35.2 dB ,White ,, AM4 | AM5 | LGA1150 | LGA1151 | LGA1155 | LGA1156 | LGA1200 | LGA1700 | LGA1851 | LGA2011 | LGA2011-3 | LGA2066 | ,Yes - 240 mm ,No 
ID-COOLING FX120 ARGB,ID-COOLING ,,FX120 ARGB ,500 - 1800 RPM ,35.2 dB ,Black ,, AM4 | AM5 | LGA1150 | LGA1151 | LGA1155 | LGA1156 | LGA1200 | LGA1700 | LGA1851 | LGA2011 | LGA2011-3 | LGA2066 | ,Yes - 120 mm ,No 
ID-COOLING FX360 ARGB,ID-COOLING ,FX360 ARGB ,FX360 ARGB WHITE ,500 - 1800 RPM ,35.2 dB ,White ,, AM4 | AM5 | LGA1150 | LGA1151 | LGA1155 | LGA1156 | LGA1200 | LGA1700 | LGA1851 | LGA2011 | LGA2011-3 | LGA2066 | ,Yes - 360 mm ,No 
ID-COOLING IS-47-XT,ID-COOLING ,,IS-47-XT WHITE ,800 - 2800 RPM ,35.2 dB ,White ,47 mm , AM4 | AM5 | LGA1150 | LGA1151 | LGA1155 | LGA1156 | LGA1200 | LGA1700 | LGA1851 | ,No ,No 
Thermaltake TH280 V2 Ultra EX ARGB Sync,Thermaltake ,TH280 V2 Ultra EX ARGB Sync ,CL-W416-PL14SW-A ,500 - 2000 RPM ,30.7 dB ,Black ,, AM2 | AM2+ | AM3 | AM3+ | AM4 | AM5 | FM1 | FM2 | FM2+ | LGA1150 | LGA1151 | LGA1155 | LGA1156 | LGA1200 | LGA1700 | LGA1851 | LGA2011 | LGA2011-3 | LGA2066 | ,Yes - 280 mm ,No 
Xilence LQ240PRO,Xilence ,LQ240PRO , XC982 | LQ240PRO | ,500 - 1500 RPM ,22 - 24 dB ,Black ,54 mm , AM4 | AM5 | LGA1150 | LGA1151 | LGA1155 | LGA1156 | LGA1200 | LGA1700 | LGA1851 | LGA2011 | LGA2011-3 | LGA2066 | ,Yes - 240 mm ,No 
Akasa SOHO 240 Dawn,Akasa ,SOHO 240 Dawn ,AK-LC4004HP01 ,500 - 2000 RPM ,14.5 - 31.8 dB ,White ,, AM4 | AM5 | LGA1150 | LGA1151 | LGA1155 | LGA1156 | LGA1200 | LGA1700 | LGA1851 | LGA2011 | LGA2011-3 | LGA2066 | ,Yes - 240 mm ,No 
Ocypus Iota A40,Ocypus ,,Iota A40 WH ,500 - 2000 RPM ,29 dB ,White ,157 mm , AM4 | AM5 | LGA1150 | LGA1151 | LGA1155 | LGA1156 | LGA1200 | LGA1700 | LGA1851 | ,No ,No 
PC Cooler RZ400 V2,PC Cooler ,, RZ400V2-WHNWNX-GL | RZ400 V2 WH | ,500 - 2200 RPM ,32 dB ,White ,155 mm , AM4 | AM5 | LGA1150 | LGA1151 | LGA1155 | LGA1156 | LGA1200 | LGA1700 | LGA1851 | ,No ,No 
Thermalright Frost Vortex SE,Thermalright ,, Frost Vortex 140 SE | FV140 SE | ,1650 RPM ,29 dB ,Black / Silver ,158 mm , AM4 | AM5 | LGA1150 | LGA1151 | LGA1155 | LGA1156 | LGA1200 | LGA1700 | LGA1851 | LGA2011 | LGA2011-3 | LGA2066 | ,No ,No 
Zalman Alpha2 DS A24,Zalman ,Alpha2 DS A24 ,Alpha2 DS A24 WHITE ,600 - 2000 RPM ,29.7 dB ,White ,65 mm , AM4 | AM5 | LGA1150 | LGA1151 | LGA1155 | LGA1156 | LGA1200 | LGA1700 | LGA1851 | ,Yes - 240 mm ,No 
LevelPlay CL360 ARGB,LevelPlay ,CL360 ARGB ,LRW-M13NN-18APN-GW1 ,,0 - 26 dB ,White ,56 mm , AM4 | AM5 | LGA1700 | LGA1851 | ,Yes - 360 mm ,No 
Cooler Master MasterLiquid Atmos II,Cooler Master ,,MLX-D36M-A25SZ-RW ,690 - 2500 RPM ,38.5 dB ,White ,38 mm , AM4 | AM5 | LGA1150 | LGA1151 | LGA1155 | LGA1156 | LGA1200 | LGA1700 | LGA1851 | ,Yes - 360 mm ,No 
ARCTIC Freezer i35 RGB,ARCTIC ,Freezer i35 RGB ,ACFRE00096A ,200 - 1700 RPM ,,Black ,158 mm , LGA1150 | LGA1151 | LGA1155 | LGA1156 | LGA1200 | LGA1700 | LGA1851 | ,No ,No 
Silverstone PF120-ARGB,Silverstone ,PF120-ARGB ,SST-PF120-ARGB ,600 - 2200 RPM ,7.4 - 35.6 dB ,Black ,, AM2 | AM2+ | AM3 | AM3+ | AM4 | AM5 | FM1 | FM2 | FM2+ | LGA775 | LGA1150 | LGA1151 | LGA1155 | LGA1156 | LGA1200 | LGA1366 | LGA2011 | LGA2011-3 | LGA2066 | ,Yes - 120 mm ,No 
Thermaltake Floe DX RGB 280 TT Premium Edition,Thermaltake ,Floe DX RGB 280 TT Premium Edition , CL-W257-PL14SW-A | CL-W257-PL14SW-B | ,500 - 1400 RPM ,19.8 - 26.2 dB ,Black / Gray ,, AM2 | AM2+ | AM3 | AM3+ | AM4 | AM5 | FM1 | FM2 | FM2+ | LGA1150 | LGA1151 | LGA1155 | LGA1156 | LGA1200 | LGA1366 | LGA2011 | LGA2011-3 | LGA2066 | ,Yes - 280 mm ,No 
Zalman ALPHA2 A36,Zalman ,ALPHA2 A36 ,ALPHA2 A36 White ,600 - 2000 RPM ,29.7 dB ,White ,57 mm , AM4 | AM5 | LGA1150 | LGA1151 | LGA1155 | LGA1156 | LGA1200 | LGA1700 | LGA1851 | ,Yes - 360 mm ,No 
Silverstone NT07-115X,Silverstone ,,NT07-115X ,1200 - 3400 RPM ,18 - 26 dB ,,23 mm , LGA1150 | LGA1151 | LGA1155 | LGA1156 | LGA1200 | ,No ,No 
Thermaltake Riing Silent 12 RGB Sync Edition,Thermaltake ,Riing Silent 12 RGB Sync Edition ,CL-P052-AL12SW-A ,300 - 1500 RPM ,13 - 22 dB ,Black ,159 mm , AM2 | AM2+ | AM3 | AM3+ | AM4 | FM1 | FM2 | FM2+ | LGA775 | LGA1150 | LGA1151 | LGA1155 | LGA1156 | LGA1200 | LGA1366 | LGA2011 | LGA2011-3 | LGA2066 | ,No ,No 
Valkyrie DRAGONFANG,Valkyrie ,,VK-GL240-WHITE ,800 - 2150 RPM ,29 dB ,White ,, AM4 | AM5 | LGA1150 | LGA1151 | LGA1155 | LGA1156 | LGA1200 | LGA1700 | LGA1851 | LGA2011 | LGA2011-3 | LGA2066 | ,Yes - 240 mm ,No 
Zalman ALPHA2 A24,Zalman ,ALPHA2 A24 ,ALPHA2 A24 White ,600 - 2000 RPM ,29.7 dB ,White ,57 mm , AM4 | AM5 | LGA1150 | LGA1151 | LGA1155 | LGA1156 | LGA1200 | LGA1700 | LGA1851 | ,Yes - 240 mm ,No 
Cooler Master RR-V6SV-22PR-R1,Cooler Master ,,RR-V6SV-22PR-R1 ,800 - 2200 RPM ,15 - 38 dB ,,165 mm , AM2 | AM2+ | AM3 | AM3+ | FM1 | FM2 | FM2+ | LGA775 | LGA1150 | LGA1151 | LGA1155 | LGA1156 | LGA1200 | LGA1366 | ,No ,No 
Cooler Master Vortex Plus,Cooler Master ,Vortex Plus ,RR-VTPS-28PK-R1 ,800 - 2800 RPM ,17 - 35 dB ,,84 mm , AM2 | AM2+ | AM3 | AM3+ | FM1 | FM2 | FM2+ | LGA775 | LGA1150 | LGA1151 | LGA1155 | LGA1156 | LGA1200 | LGA1366 | ,No ,No 
Zalman CNPS9900MAX-R,Zalman ,,CNPS9900MAX-R ,900 - 1700 RPM ,18 - 30 dB ,,152 mm , AM2 | AM2+ | AM3 | AM3+ | FM1 | FM2 | FM2+ | LGA775 | LGA1150 | LGA1151 | LGA1155 | LGA1156 | LGA1200 | LGA1366 | LGA2011 | LGA2011-3 | LGA2066 | ,No ,No 
Zalman CNPS10X Extreme,Zalman ,,CNPS10X Extreme ,1000 - 2150 RPM ,20 - 39 dB ,,160 mm , AM2 | AM2+ | AM3 | AM3+ | FM1 | FM2 | FM2+ | LGA775 | LGA1150 | LGA1151 | LGA1155 | LGA1156 | LGA1200 | LGA1366 | ,No ,No 
Zalman CNPS9500 AT,Zalman ,,CNPS9500 AT ,1300 - 2650 RPM ,18 - 27.5 dB ,,125 mm , LGA775 | LGA1150 | LGA1151 | LGA1155 | LGA1156 | LGA1200 | ,No ,No 
EVGA M020-00-000234,EVGA ,,M020-00-000234 ,750 - 2500 RPM ,13.2 - 41.5 dB ,,152 mm , AM2 | AM2+ | AM3 | AM3+ | FM1 | FM2 | FM2+ | LGA775 | LGA1150 | LGA1151 | LGA1155 | LGA1156 | LGA1200 | LGA1366 | ,No ,No 
Antec KUHLER H2O 620,Antec ,KUHLER H2O 620 ,Kuhler H2O 620 ,1450 - 2000 RPM ,,,, AM2 | AM2+ | AM3 | AM3+ | FM1 | FM2 | FM2+ | LGA775 | LGA1150 | LGA1151 | LGA1155 | LGA1156 | LGA1200 | LGA1366 | ,Yes - 120 mm ,No 
ARCTIC Alpine 11 Pro Rev. 2,ARCTIC ,Alpine 11 Pro Rev. 2 , ACALP11-PRO-R2 | UCACO-AP110-GBB01 | ,500 - 2000 RPM ,,,77 mm , LGA775 | LGA1150 | LGA1151 | LGA1155 | LGA1156 | LGA1200 | ,No ,No 
Zalman ZM-CNPS14X,Zalman ,,ZM-CNPS14X ,950 - 1350 RPM ,17 - 21 dB ,,160 mm , AM2 | AM2+ | AM3 | AM3+ | FM1 | FM2 | FM2+ | LGA775 | LGA1150 | LGA1151 | LGA1155 | LGA1156 | LGA1200 | LGA1366 | LGA2011 | LGA2011-3 | LGA2066 | ,No ,No 
Silverstone SST-HE01,Silverstone ,,SST-HE01 ,500 - 2000 RPM ,18 - 41 dB ,,161 mm , AM2 | AM2+ | AM3 | AM3+ | FM1 | FM2 | FM2+ | LGA775 | LGA1150 | LGA1151 | LGA1155 | LGA1156 | LGA1200 | LGA1366 | LGA2011 | LGA2011-3 | LGA2066 | ,No ,No 
Zalman CNPS8900 Quiet,Zalman ,,CNPS8900 Quiet ,1000 - 1500 RPM ,19 - 25 dB ,,60 mm , AM2 | AM2+ | AM3 | AM3+ | FM1 | FM2 | FM2+ | LGA775 | LGA1150 | LGA1151 | LGA1155 | LGA1156 | LGA1200 | LGA1366 | ,No ,No 
Corsair H50,Corsair ,, H50 | CW-9060006-WW | ,1700 RPM ,30.32 dB ,,, LGA1150 | LGA1151 | LGA1155 | LGA1156 | LGA1200 | LGA1366 | ,Yes - 120 mm ,No 
Zalman CNPS7000V(AL)-1-PWM,Zalman ,,CNPS7000V(AL)-1-PWM ,800 - 2600 RPM ,20 - 32 dB ,,63 mm , AM2 | AM2+ | AM3 | AM3+ | FM1 | FM2 | FM2+ | LGA775 | LGA1150 | LGA1151 | LGA1155 | LGA1156 | LGA1200 | ,No ,No 
Phanteks PH-TC12DX_BK,Phanteks ,,PH-TC12DX_BK ,600 - 1800 RPM ,21.9 - 27.6 dB ,,157 mm , AM2 | AM2+ | AM3 | AM3+ | FM1 | FM2 | FM2+ | LGA775 | LGA1150 | LGA1151 | LGA1155 | LGA1156 | LGA1200 | LGA1366 | LGA2011 | LGA2011-3 | LGA2066 | ,No ,No 
Thermalright TS-120M(BW),Thermalright ,,TS-120M(BW) ,600 - 1300 RPM ,24.5 dB ,,145 mm , AM2 | AM2+ | AM3 | AM3+ | AM4 | FM1 | FM2 | FM2+ | LGA775 | LGA1150 | LGA1151 | LGA1155 | LGA1156 | LGA1200 | LGA1366 | LGA2011 | LGA2011-3 | LGA2066 | ,No ,No 
Zalman CNPS7000V(AL)-1-PWMB,Zalman ,,CNPS7000V(AL)-1-PWMB ,800 - 2600 RPM ,20 - 32 dB ,,53 mm , AM2 | AM2+ | AM3 | AM3+ | FM1 | FM2 | FM2+ | LGA775 | LGA1150 | LGA1151 | LGA1155 | LGA1156 | LGA1200 | ,No ,No 
Antec KUHLER H2O 1250,Antec ,,KUHLER H2O 1250 ,600 - 2400 RPM ,16 - 38 dB ,,, AM2 | AM2+ | AM3 | AM3+ | FM1 | FM2 | FM2+ | LGA1150 | LGA1151 | LGA1155 | LGA1156 | LGA1200 | LGA1366 | LGA2011 | LGA2011-3 | LGA2066 | ,Yes - 240 mm ,No 
Zalman CNPS7000-AlCu,Zalman ,,CNPS7000-AlCu ,1350 - 2400 RPM ,17 - 24 dB ,,63 mm , AM2 | AM2+ | AM3 | AM3+ | FM1 | FM2 | FM2+ | LGA775 | LGA1150 | LGA1151 | LGA1155 | LGA1156 | LGA1200 | ,No ,No 
CRYORIG R1 Universal,CRYORIG ,R1 Universal ,CR-R1B ,700 - 1300 RPM ,20 - 25 dB ,,169 mm , AM2 | AM2+ | AM3 | AM3+ | AM4 | FM1 | FM2 | FM2+ | LGA775 | LGA1150 | LGA1151 | LGA1155 | LGA1156 | LGA1200 | LGA1366 | LGA1700 | LGA1851 | LGA2011 | LGA2011-3 | LGA2066 | ,No ,No 
Thermalright Venomous X RT Rev.SB-E,Thermalright ,Venomous X RT Rev.SB-E ,VENOMOUS X-RT REV.SB-E ,700 - 1500 RPM ,17 - 28.5 dB ,,160 mm , AM2 | AM2+ | AM3 | AM3+ | AM4 | FM1 | FM2 | FM2+ | LGA775 | LGA1150 | LGA1151 | LGA1155 | LGA1156 | LGA1200 | LGA1366 | LGA2011 | LGA2011-3 | LGA2066 | ,No ,No 
NZXT Kraken X31,NZXT ,Kraken X31 ,RL-KRX31-01 ,800 - 2000 RPM ,18 - 34 dB ,,, AM2 | AM2+ | AM3 | AM3+ | AM4 | AM5 | FM1 | FM2 | FM2+ | LGA1150 | LGA1151 | LGA1155 | LGA1156 | LGA1200 | LGA1366 | LGA1700 | LGA1851 | LGA2011 | LGA2011-3 | LGA2066 | ,Yes - 120 mm ,No 
Deepcool NEPTWIN V2.0,Deepcool ,, NEPTWIN V2.0 | NEPTWIN V2 | ,1300 RPM ,26.6 dB ,,159 mm , AM2 | AM2+ | AM3 | AM3+ | AM4 | FM1 | FM2 | FM2+ | LGA775 | LGA1150 | LGA1151 | LGA1155 | LGA1156 | LGA1200 | LGA1366 | LGA1700 | LGA1851 | LGA2011 | LGA2011-3 | LGA2066 | ,No ,No 
Cooler Master Nepton 120XL,Cooler Master ,Nepton 120XL ,RL-N12X-24PK-R1 ,2400 RPM ,6.5 - 27 dB ,,, AM2 | AM2+ | AM3 | AM3+ | AM4 | FM1 | FM2 | FM2+ | LGA775 | LGA1150 | LGA1151 | LGA1155 | LGA1156 | LGA1200 | LGA1366 | LGA2011 | LGA2011-3 | LGA2066 | ,Yes - 120 mm ,No 
Masscool 5T568S1H3,Masscool ,,5T568S1H3 ,4200 RPM ,31.8 dB ,,40 mm , AM2 | AM2+ | AM3 | AM3+ | FM1 | FM2 | FM2+ | ,No ,No 
Evercool TRANSFORMER S,Evercool ,TRANSFORMER S ,HPN-9525 ,2200 RPM ,20 dB ,,135 mm , AM2 | AM2+ | AM3 | AM3+ | FM1 | FM2 | FM2+ | LGA775 | LGA1150 | LGA1151 | LGA1155 | LGA1156 | LGA1200 | LGA1366 | LGA2011 | LGA2011-3 | LGA2066 | ,No ,No 
Akasa Nero LX,Akasa ,Nero LX ,AK-CC4011EP01 ,600 - 1900 RPM ,11.5 - 31.5 dB ,,59 mm , AM2 | AM2+ | AM3 | AM3+ | FM1 | FM2 | FM2+ | LGA1150 | LGA1151 | LGA1155 | LGA1156 | LGA1200 | LGA1366 | ,No ,No 
ARCTIC Freezer i30,ARCTIC ,Freezer i30 ,UCACO-FI30001-GB ,400 - 1350 RPM ,22.5 dB ,,161 mm , LGA1150 | LGA1151 | LGA1155 | LGA1156 | LGA1200 | LGA2011 | LGA2011-3 | LGA2066 | ,No ,No 
CRYORIG M9a,CRYORIG ,, M9a | CR-M9A | ,600 - 2200 RPM ,26.4 dB ,,125 mm , AM2 | AM2+ | AM3 | AM3+ | AM4 | FM1 | FM2 | FM2+ | ,No ,No 
Enermax ETS-T40F-TB,Enermax ,,ETS-T40F-TB ,900 - 1800 RPM ,11 - 21 dB ,,162 mm , AM2 | AM2+ | AM3 | AM3+ | AM4 | FM1 | FM2 | FM2+ | LGA775 | LGA1150 | LGA1151 | LGA1155 | LGA1156 | LGA1200 | LGA1366 | LGA1700 | LGA1851 | LGA2011 | LGA2011-3 | LGA2066 | ,No ,No 
ARCTIC Liquid Freezer 120,ARCTIC ,Liquid Freezer 120 ,ACFRE00016A ,500 - 1350 RPM ,,,, AM2 | AM2+ | AM3 | AM3+ | AM4 | AM5 | FM1 | FM2 | FM2+ | LGA1150 | LGA1151 | LGA1155 | LGA1156 | LGA1200 | LGA2011 | LGA2011-3 | LGA2066 | ,Yes - 120 mm ,No 
Antec Kühler H600 Pro,Antec ,Kühler H600 Pro ,0-761345-10901-7 ,600 - 2400 RPM ,16 - 35 dB ,,, AM2 | AM2+ | AM3 | AM3+ | FM1 | FM2 | FM2+ | LGA775 | LGA1150 | LGA1151 | LGA1155 | LGA1156 | LGA1200 | LGA1366 | LGA2011 | LGA2011-3 | LGA2066 | ,Yes - 120 mm ,No 
Scythe SCKDT-1000,Scythe ,,SCKDT-1000 ,800 - 3300 RPM ,8.2 - 32.5 dB ,,34 mm , AM2 | AM2+ | AM3 | AM3+ | FM1 | FM2 | FM2+ | LGA775 | LGA1150 | LGA1151 | LGA1155 | LGA1156 | LGA1200 | ,No ,No 
Deepcool ICE BLADE PRO V2.0,Deepcool ,,ICE BLADE PRO V2.0 ,900 - 1500 RPM ,17.8 - 30 dB ,,161 mm , AM2 | AM2+ | AM3 | AM3+ | AM4 | FM1 | FM2 | FM2+ | LGA775 | LGA1150 | LGA1151 | LGA1155 | LGA1156 | LGA1200 | LGA1366 | LGA2011 | LGA2011-3 | LGA2066 | ,No ,No 
Thermalright TRUE Spirit 140 Direct,Thermalright ,, TRUE Spirit 140 Direct | TS-140D | ,300 - 1300 RPM ,15 - 21 dB ,,161 mm , AM2 | AM2+ | AM3 | AM3+ | AM4 | AM5 | FM1 | FM2 | FM2+ | LGA775 | LGA1150 | LGA1151 | LGA1155 | LGA1156 | LGA1200 | LGA1366 | LGA1700 | LGA1851 | LGA2011 | LGA2011-3 | LGA2066 | ,No ,No 
ARCTIC Freezer 33 TR (Black/Red),ARCTIC ,Freezer 33 TR (Black/Red) , ACFRE00038A | FREEZER 33 TR ACFRE00038A | ,200 - 1800 RPM ,24.4 dB ,,155 mm , AM4 | AM5 | sTR4 | sTRX4 | LGA2011 | LGA2011-3 | LGA2066 | ,No ,No 
ARCTIC Freezer 12 CO,ARCTIC ,Freezer 12 CO ,ACFRE00030A ,,22.5 dB ,,130 mm , AM4 | AM5 | LGA1150 | LGA1151 | LGA1155 | LGA1156 | LGA1200 | LGA2011 | LGA2011-3 | LGA2066 | ,No ,No 
ARCTIC Freezer 33 Plus,ARCTIC ,Freezer 33 Plus ,ACFRE00032A ,,22.5 dB ,,150 mm , AM4 | AM5 | LGA1150 | LGA1151 | LGA1155 | LGA1156 | LGA1200 | LGA2011 | LGA2011-3 | LGA2066 | ,No ,No 
ARCTIC Freezer 33 eSports ONE (Black/White),ARCTIC ,Freezer 33 eSports ONE (Black/White) ,ACFRE00043A ,200 - 1800 RPM ,24.4 dB ,Black / White ,150 mm , AM4 | AM5 | LGA1150 | LGA1151 | LGA1155 | LGA1156 | LGA1200 | LGA2011 | LGA2011-3 | LGA2066 | ,No ,No 
ID-COOLING AURAFLOW 120,ID-COOLING ,,AURAFLOW 120 ,700 - 1800 RPM ,18 - 35.2 dB ,Black ,, AM2 | AM2+ | AM3 | AM3+ | AM4 | AM5 | FM1 | FM2 | FM2+ | LGA775 | LGA1150 | LGA1151 | LGA1155 | LGA1156 | LGA1200 | LGA1366 | LGA2011 | LGA2011-3 | LGA2066 | ,Yes - 120 mm ,No 
ID-COOLING AURAFLOW 240 SNOW,ID-COOLING ,,AURAFLOW 240 SNOW ,700 - 1800 RPM ,18 - 35.2 dB ,White ,, AM2 | AM2+ | AM3 | AM3+ | AM4 | AM5 | FM1 | FM2 | FM2+ | LGA775 | LGA1150 | LGA1151 | LGA1155 | LGA1156 | LGA1200 | LGA1366 | LGA2011 | LGA2011-3 | LGA2066 | ,Yes - 240 mm ,No 
Gigabyte AORUS ATC700,Gigabyte ,AORUS ATC700 ,GP-ATC700 ,500 - 1700 RPM ,12 - 31 dB ,Black / Orange ,169 mm , AM2 | AM2+ | AM3 | AM3+ | AM4 | FM1 | FM2 | FM2+ | LGA775 | LGA1150 | LGA1151 | LGA1155 | LGA1156 | LGA1200 | LGA2011 | LGA2011-3 | LGA2066 | ,No ,No 
Cooler Master MasterAir MA410M TUF Gaming Edition,Cooler Master ,MasterAir MA410M TUF Gaming Edition ,MAM-T4PN-AFNPC-R1 ,600 - 1800 RPM ,6 - 31 dB ,Black / Yellow ,166 mm , AM2 | AM2+ | AM3 | AM3+ | AM4 | FM1 | FM2 | FM2+ | LGA1150 | LGA1151 | LGA1155 | LGA1156 | LGA1200 | LGA1366 | LGA2011 | LGA2011-3 | LGA2066 | ,No ,No 
CRYORIG C7 Cu,CRYORIG ,C7 Cu , CR-C7B | CR-C7CU | ,600 - 2500 RPM ,30 dB ,White / Orange ,47 mm , AM2 | AM2+ | AM3 | AM3+ | AM4 | FM1 | FM2 | FM2+ | LGA1150 | LGA1151 | LGA1155 | LGA1156 | LGA1200 | LGA1700 | LGA1851 | ,No ,No 
SilentiumPC Fera 3 HE1224 v2,SilentiumPC ,,Fera 3 HE1224 v2 ,500 - 1600 RPM ,,,155 mm , AM2 | AM2+ | AM3 | AM3+ | AM4 | FM1 | FM2 | FM2+ | LGA775 | LGA1150 | LGA1151 | LGA1155 | LGA1156 | LGA1200 | LGA1366 | LGA2011 | LGA2011-3 | LGA2066 | ,No ,No 
Deepcool Fryzen,Deepcool ,, Fryzen | DP-GS-MCH6N-FZN-A | ,500 - 1800 RPM ,17.8 - 41.5 dB ,Silver / Black ,165 mm , AM2 | AM2+ | AM3 | AM3+ | AM4 | sTR4 | sTRX4 | FM1 | FM2 | FM2+ | ,No ,No 
FSP Group Windale 4,FSP Group ,Windale 4 ,AC401 ,600 - 1600 RPM ,32 dB ,Black / Silver ,158 mm , AM2 | AM2+ | AM3 | AM3+ | AM4 | FM1 | FM2 | FM2+ | LGA775 | LGA1150 | LGA1151 | LGA1155 | LGA1156 | LGA1200 | LGA1366 | LGA2011 | LGA2011-3 | LGA2066 | ,No ,No 
SilentiumPC Navis RGB 120,SilentiumPC ,Navis RGB 120 ,SPC218 ,800 - 2300 RPM ,,Black ,, AM2 | AM2+ | AM3 | AM3+ | AM4 | FM1 | FM2 | FM2+ | LGA775 | LGA1150 | LGA1151 | LGA1155 | LGA1156 | LGA1200 | LGA1366 | LGA2011 | LGA2011-3 | LGA2066 | ,Yes - 120 mm ,No 
ID-COOLING ZOOMFLOW 240,ID-COOLING ,,ZOOMFLOW 240 ,900 - 2000 RPM ,16.3 - 33.5 dB ,Black ,, AM2 | AM2+ | AM3 | AM3+ | AM4 | AM5 | sTR4 | sTRX4 | FM1 | FM2 | FM2+ | LGA1150 | LGA1151 | LGA1155 | LGA1156 | LGA1200 | LGA1700 | LGA1851 | LGA2011 | LGA2011-3 | LGA2066 | ,Yes - 240 mm ,No 
Scythe KOTETSU Mark II TUF,Scythe ,KOTETSU Mark II TUF ,SCKTT-2000TUF ,300 - 1200 RPM ,4 - 24.9 dB ,Black / Yellow ,154 mm , AM2 | AM2+ | AM3 | AM3+ | AM4 | AM5 | FM1 | FM2 | FM2+ | LGA775 | LGA1150 | LGA1151 | LGA1155 | LGA1156 | LGA1200 | LGA1366 | LGA1700 | LGA1851 | LGA2011 | LGA2011-3 | LGA2066 | ,No ,No 
CRYORIG H7 ULTRA,CRYORIG ,H7 ULTRA , CR-H7UA | CR-H7ULTRA | ,300 - 1600 RPM ,25 dB ,Black / Silver ,148 mm , AM2 | AM2+ | AM3 | AM3+ | AM4 | FM1 | FM2 | FM2+ | LGA1150 | LGA1151 | LGA1155 | LGA1156 | LGA1200 | LGA2011 | LGA2011-3 | LGA2066 | ,No ,No 
Rosewill PB120,Rosewill ,,PB120 ,600 - 1800 RPM ,34.1 dB ,Black ,, AM2 | AM2+ | AM3 | AM3+ | AM4 | FM1 | FM2 | FM2+ | LGA775 | LGA1150 | LGA1151 | LGA1155 | LGA1156 | LGA1200 | LGA1366 | LGA2011 | LGA2011-3 | LGA2066 | ,Yes - 120 mm ,No 
Deepcool GAMERSTORM CAPTAIN 240PRO V2,Deepcool ,GAMERSTORM CAPTAIN 240PRO V2 , CAPTAIN 240PRO V2 | DP-GS-H12AR-CT240PV2 | ,500 - 1800 RPM ,30 dB ,Black ,, AM2 | AM2+ | AM3 | AM3+ | AM4 | sTR4 | sTRX4 | FM1 | FM2 | FM2+ | LGA1150 | LGA1151 | LGA1155 | LGA1156 | LGA1200 | LGA1366 | LGA2011 | LGA2011-3 | LGA2066 | ,Yes - 240 mm ,No 
Silverstone PF240-ARGB,Silverstone ,PF240-ARGB ,SST-PF240-ARGB ,600 - 2200 RPM ,7.4 - 35.6 dB ,Black ,, AM2 | AM2+ | AM3 | AM3+ | AM4 | AM5 | FM1 | FM2 | FM2+ | LGA775 | LGA1150 | LGA1151 | LGA1155 | LGA1156 | LGA1200 | LGA1366 | LGA2011 | LGA2011-3 | LGA2066 | ,Yes - 240 mm ,No 
Deepcool Neptwin RGB,Deepcool ,,Neptwin RGB ,500 - 1500 RPM ,27 dB ,Black / Silver ,158 mm , AM2 | AM2+ | AM3 | AM3+ | AM4 | FM1 | FM2 | FM2+ | LGA775 | LGA1150 | LGA1151 | LGA1155 | LGA1156 | LGA1200 | LGA1366 | LGA1700 | LGA1851 | LGA2011 | LGA2011-3 | LGA2066 | ,No ,No 
Gelid Solutions Sirocco,Gelid Solutions ,Sirocco ,CC-Sirocco-01-A ,750 - 2000 RPM ,40.4 dB ,Black / Silver ,160 mm , AM2 | AM2+ | AM3 | AM3+ | AM4 | FM1 | FM2 | FM2+ | LGA775 | LGA1150 | LGA1151 | LGA1155 | LGA1156 | LGA1200 | LGA1366 | LGA2011 | LGA2011-3 | LGA2066 | ,No ,No 
Rosewill ROCC-17001,Rosewill ,,ROCC-17001 ,1500 - 2500 RPM ,13 - 25 dB ,Silver ,21 mm , LGA1150 | LGA1151 | LGA1155 | LGA1156 | LGA1200 | ,No ,No 
Antec Neptune 240 ARGB,Antec ,, Neptune 240 ARGB | 0-761345-74027-2 | ,900 - 1600 RPM ,20 - 36 dB ,Black ,, AM2 | AM2+ | AM3 | AM3+ | AM4 | sTR4 | sTRX4 | FM1 | FM2 | FM2+ | LGA1150 | LGA1151 | LGA1155 | LGA1156 | LGA1200 | LGA1366 | LGA2011 | LGA2011-3 | LGA2066 | ,Yes - 240 mm ,No 
Deepcool GAMMAXX GT V2,Deepcool ,GAMMAXX GT V2 ,DP-MCH4-GMX-GTV2 ,500 - 1650 RPM ,27.8 dB ,Black / Silver ,158 mm , AM2 | AM2+ | AM3 | AM3+ | AM4 | AM5 | FM1 | FM2 | FM2+ | LGA1150 | LGA1151 | LGA1155 | LGA1156 | LGA1200 | LGA1366 | LGA2011 | LGA2011-3 | LGA2066 | ,No ,No 
ID-COOLING DK,ID-COOLING ,,DK-03i RGB PWM ,500 - 1800 RPM ,14.2 - 25.6 dB ,Black / Silver ,60 mm , LGA1150 | LGA1151 | LGA1155 | LGA1156 | LGA1200 | ,No ,No 
be quiet! Silent Loop 2 120,be quiet! ,Silent Loop 2 120 ,BW009 ,2200 RPM ,16.6 - 36.4 dB ,Black ,, AM2 | AM2+ | AM3 | AM3+ | AM4 | AM5 | FM1 | FM2 | FM2+ | LGA1150 | LGA1151 | LGA1155 | LGA1156 | LGA1200 | LGA1700 | LGA1851 | LGA2011 | LGA2011-3 | LGA2066 | ,Yes - 120 mm ,No 
Thermalright AXP-90R,Thermalright ,,AXP-90R ,2700 RPM ,22.4 dB ,Silver / Gray ,32 mm ,AM4 ,No ,No 
ID-COOLING SE-224-XT ARGB V2,ID-COOLING ,,SE-224-XT ARGB V2 ,900 - 2000 RPM ,16.2 - 31.5 dB ,,154 mm , AM2 | AM2+ | AM3 | AM3+ | AM4 | AM5 | FM1 | FM2 | FM2+ | LGA1150 | LGA1151 | LGA1155 | LGA1156 | LGA1200 | LGA1700 | LGA1851 | LGA2011 | LGA2011-3 | LGA2066 | ,No ,No 
Thermalright Assassin King 120 Mini,Thermalright ,Assassin King 120 Mini ,AK 120 MINI ,1500 RPM ,25.2 dB ,Black / Silver ,135 mm , AM4 | LGA1150 | LGA1151 | LGA1155 | LGA1156 | LGA1200 | LGA1700 | LGA1851 | LGA2011 | LGA2011-3 | LGA2066 | ,No ,No 
Cougar AQUA,Cougar ,,AQUA 120 ,600 - 1800 RPM ,35 dB ,Black ,, AM2 | AM2+ | AM3 | AM3+ | AM4 | FM1 | FM2 | FM2+ | LGA1150 | LGA1151 | LGA1155 | LGA1156 | LGA1200 | LGA1366 | LGA2011 | LGA2011-3 | LGA2066 | ,Yes - 120 mm ,No 
Cougar AQUA,Cougar ,,AQUA 360 ,600 - 1800 RPM ,35 dB ,Black ,, AM2 | AM2+ | AM3 | AM3+ | AM4 | sTR4 | sTRX4 | FM1 | FM2 | FM2+ | LGA1150 | LGA1151 | LGA1155 | LGA1156 | LGA1200 | LGA1366 | LGA2011 | LGA2011-3 | LGA2066 | ,Yes - 360 mm ,No 
Iceberg Thermal IceSLEET X7 Dual,Iceberg Thermal ,IceSLEET X7 Dual ,ICESLEETX7-D0A ,500 - 1850 RPM ,0 - 38 dB ,Teal / Silver ,166 mm , AM2 | AM2+ | AM3 | AM3+ | AM4 | AM5 | FM1 | FM2 | FM2+ | LGA775 | LGA1150 | LGA1151 | LGA1155 | LGA1156 | LGA1200 | LGA1366 | LGA1700 | LGA1851 | LGA2011 | LGA2011-3 | LGA2066 | ,No ,No 
MSI MAG CORELIQUID RH,MSI ,,MAG CORELIQUID 360RH ,500 - 2000 RPM ,14.3 - 34.3 dB ,Black ,, AM2 | AM2+ | AM3 | AM3+ | AM4 | sTR4 | sTRX4 | FM1 | FM2 | FM2+ | LGA1150 | LGA1151 | LGA1155 | LGA1156 | LGA1200 | LGA1366 | LGA2011 | LGA2011-3 | LGA2066 | ,Yes - 360 mm ,No 
Thermalright Silver Soul 135,Thermalright ,Silver Soul 135 , SS 135 White-1700-d3 | SS135 WHITE | Silver Soul 135 White | ,1850 RPM ,29.6 dB ,White ,135 mm , AM4 | AM5 | LGA1150 | LGA1151 | LGA1155 | LGA1156 | LGA1200 | LGA1700 | LGA1851 | LGA2011 | LGA2011-3 | LGA2066 | ,No ,No 
Thermaltake Water 3.0 Riing Red 280,Thermaltake ,Water 3.0 Riing Red 280 ,CL-W138-PL14RE-A ,300 - 1500 RPM ,18.5 - 26.4 dB ,Black / Red ,, AM2 | AM2+ | AM3 | AM3+ | AM4 | sTR4 | sTRX4 | FM1 | FM2 | FM2+ | LGA1150 | LGA1151 | LGA1155 | LGA1156 | LGA1200 | LGA1366 | LGA2011 | LGA2011-3 | LGA2066 | ,Yes - 280 mm ,No 
ID-COOLING DK-01T,ID-COOLING ,,DK-01T ,2200 RPM ,23.8 dB ,,52 mm , LGA1150 | LGA1151 | LGA1155 | LGA1156 | LGA1200 | LGA1700 | LGA1851 | ,No ,No 
ID-COOLING IS-27i,ID-COOLING ,,IS-27i ,800 - 2700 RPM ,14 - 25 dB ,,27 mm , LGA1150 | LGA1151 | LGA1155 | LGA1156 | LGA1200 | LGA1700 | LGA1851 | ,No ,No 
ID-COOLING FROSTFLOW X 120 SNOW,ID-COOLING ,,FROSTFLOW X 120 SNOW ,700 - 1800 RPM ,18 - 35.2 dB ,White ,, AM4 | AM5 | LGA1150 | LGA1151 | LGA1155 | LGA1156 | LGA1200 | LGA1366 | LGA2011 | LGA2011-3 | LGA2066 | ,Yes - 120 mm ,No 
Cooler Master Hyper H410R White Edition,Cooler Master ,Hyper H410R White Edition ,RR-H41W-20PW-R1 ,600 - 2000 RPM ,6 - 29 dB ,,136 mm , AM2 | AM2+ | AM3 | AM3+ | AM4 | AM5 | FM1 | FM2 | FM2+ | LGA1150 | LGA1151 | LGA1155 | LGA1156 | LGA1200 | LGA1366 | LGA2011 | LGA2011-3 | LGA2066 | ,No ,No 
SilentiumPC Fortis 5 ARGB,SilentiumPC ,Fortis 5 ARGB ,SPC308 ,300 - 1400 RPM ,,Black / Silver ,159 mm , AM2 | AM2+ | AM3 | AM3+ | AM4 | AM5 | FM1 | FM2 | FM2+ | LGA1150 | LGA1151 | LGA1155 | LGA1156 | LGA1200 | LGA1700 | LGA1851 | LGA2011 | LGA2011-3 | LGA2066 | ,No ,No 
Enermax ETS-F40-FS,Enermax ,,ETS-F40-W-ARGB ,300 - 1200 RPM ,10 - 23 dB ,White ,158 mm , AM2 | AM2+ | AM3 | AM3+ | AM4 | AM5 | FM1 | FM2 | FM2+ | LGA1150 | LGA1151 | LGA1155 | LGA1156 | LGA1200 | LGA1366 | LGA1700 | LGA1851 | LGA2011 | LGA2011-3 | LGA2066 | ,No ,No 
Jonsbo HX4170D,Jonsbo ,,HX4170D White ,600 - 3300 RPM ,28.4 dB ,White ,45 mm , AM4 | LGA1150 | LGA1151 | LGA1155 | LGA1156 | LGA1200 | LGA1700 | LGA1851 | ,No ,No 
Deepcool UL551 RGB,Deepcool ,,R-UL551-BKAMAB-G-1 ,500 - 1800 RPM ,26.8 dB ,Black ,71 mm , LGA1150 | LGA1151 | LGA1155 | LGA1156 | LGA1200 | ,No ,No 
Inter-Tech ALSEYE H360,Inter-Tech ,ALSEYE H360 ,88885486 ,800 - 2000 RPM ,13.5 - 35.2 dB ,Black ,, AM2 | AM2+ | AM3 | AM3+ | AM4 | FM1 | FM2 | FM2+ | LGA775 | LGA1150 | LGA1151 | LGA1155 | LGA1156 | LGA1200 | LGA1366 | LGA2011 | LGA2011-3 | LGA2066 | ,Yes - 360 mm ,No 
Inter-Tech ALSEYE X360,Inter-Tech ,ALSEYE X360 ,88885515 ,1600 RPM ,35.6 dB ,Gray / Black ,90 mm , AM2 | AM2+ | AM3 | AM3+ | AM4 | FM1 | FM2 | FM2+ | LGA775 | LGA1150 | LGA1151 | LGA1155 | LGA1156 | LGA1200 | LGA1366 | LGA1700 | LGA1851 | LGA2011 | LGA2011-3 | LGA2066 | ,Yes - 360 mm ,No 
Gelid Solutions Glacier,Gelid Solutions ,,CC-Glacier-02-A ,500 - 1600 RPM ,35 dB ,Black ,152 mm , AM2 | AM2+ | AM3 | AM3+ | AM4 | AM5 | FM1 | FM2 | FM2+ | LGA775 | LGA1150 | LGA1151 | LGA1155 | LGA1156 | LGA1200 | LGA1366 | LGA1700 | LGA1851 | LGA2011 | LGA2011-3 | LGA2066 | ,No ,No 
Thermalright Frozen Magic Scenic V2,Thermalright ,,Frozen Magic 240 SCENIC V2 D6 ,2150 RPM ,28.1 dB ,White ,, AM2 | AM2+ | AM3 | AM3+ | AM4 | AM5 | FM1 | FM2 | FM2+ | LGA1150 | LGA1151 | LGA1155 | LGA1156 | LGA1200 | LGA1700 | LGA1851 | LGA2011 | LGA2011-3 | LGA2066 | ,Yes - 240 mm ,No 
Thermalright Frozen Magic ARGB,Thermalright ,,Frozen Magic 240 ARGB ,1500 RPM ,25.6 dB ,Black ,, AM2 | AM2+ | AM3 | AM3+ | AM4 | AM5 | FM1 | FM2 | FM2+ | LGA1150 | LGA1151 | LGA1155 | LGA1156 | LGA1200 | LGA1700 | LGA1851 | LGA2011 | LGA2011-3 | LGA2066 | ,Yes - 240 mm ,No 
Thermalright Frozen Magic EX,Thermalright ,,Frozen Magic EX 120 ,1850 RPM ,29.6 dB ,Black ,, AM2 | AM2+ | AM3 | AM3+ | AM4 | AM5 | FM1 | FM2 | FM2+ | LGA1150 | LGA1151 | LGA1155 | LGA1156 | LGA1200 | LGA1700 | LGA1851 | LGA2011 | LGA2011-3 | LGA2066 | ,Yes - 120 mm ,No 
Valkyrie SYN,Valkyrie ,,VK-E240-LOKI ,800 - 2150 RPM ,29 dB ,Black / Red ,, AM4 | AM5 | LGA1150 | LGA1151 | LGA1155 | LGA1156 | LGA1200 | LGA1700 | LGA1851 | LGA2011 | LGA2011-3 | LGA2066 | ,Yes - 240 mm ,No 
Vetroo Shadow,Vetroo ,,Shadow ,800 - 2500 RPM ,29.6 dB ,Black ,72 mm , LGA1150 | LGA1151 | LGA1155 | LGA1156 | LGA1200 | ,No ,No 
RAIJINTEK LETO PRO RGB,RAIJINTEK ,, 0R100072 | 0R10A00072 | ,800 - 1800 RPM ,25 dB ,Black / Silver ,155 mm , AM2 | AM2+ | AM3 | AM3+ | AM4 | AM5 | FM1 | FM2 | FM2+ | LGA775 | LGA1150 | LGA1151 | LGA1155 | LGA1156 | LGA1200 | LGA1366 | LGA1700 | LGA1851 | LGA2011 | LGA2011-3 | LGA2066 | ,No ,No 
ID-COOLING ZOOMFLOW XT V2,ID-COOLING ,,ZOOMFLOW 360 XT V2 ,500 - 1800 RPM ,13.8 - 35.2 dB ,Black ,, AM4 | AM5 | LGA1150 | LGA1151 | LGA1155 | LGA1156 | LGA1200 | LGA1700 | LGA1851 | LGA2011 | LGA2011-3 | LGA2066 | ,Yes - 360 mm ,No 
Scythe Ninja 5 Rev. B,Scythe ,,SCNJ-5100 ,300 - 800 RPM ,4 - 14.5 dB ,Black ,155 mm , AM4 | AM5 | LGA1700 | LGA1851 | LGA2011 | LGA2011-3 | LGA2066 | ,No ,No 
Deepcool AG620 Digital,Deepcool ,,R-AG620-WHNDMN-G-2 ,300 - 1950 RPM ,29.4 dB ,White ,161 mm , AM4 | AM5 | LGA1150 | LGA1151 | LGA1155 | LGA1156 | LGA1200 | LGA1700 | LGA1851 | ,No ,No 
Cooler Master MasterLiquid 360L Core SF6 Luke,Cooler Master ,MasterLiquid 360L Core SF6 Luke ,MLW-D36M-A17PZ-LK ,650 - 1750 RPM ,27.2 dB ,White / Orange ,, AM2 | AM2+ | AM3 | AM3+ | AM4 | AM5 | FM1 | FM2 | FM2+ | LGA1150 | LGA1151 | LGA1155 | LGA1156 | LGA1200 | LGA1700 | LGA1851 | ,Yes - 360 mm ,No 
Xilence LQ240 ARGB,Xilence ,LQ240 ARGB , XC977 | LQ240 ARGB LED | ,500 - 1500 RPM ,18 - 30.2 dB ,Black ,47 mm , AM4 | AM5 | LGA1150 | LGA1151 | LGA1155 | LGA1156 | LGA1200 | LGA1700 | LGA1851 | LGA2011 | LGA2011-3 | LGA2066 | ,Yes - 240 mm ,No 
Xilence LQ360PRO.ARGB,Xilence ,LQ360PRO.ARGB , XC987 | LQ360PRO.ARGB | ,500 - 1800 RPM ,18 - 32 dB ,Black ,54 mm , AM4 | AM5 | LGA1150 | LGA1151 | LGA1155 | LGA1156 | LGA1200 | LGA1700 | LGA1851 | LGA2011 | LGA2011-3 | LGA2066 | ,Yes - 360 mm ,No 
GAMDIAS BOREAS E2-410,GAMDIAS ,,BOREAS E2-410 WH ,800 - 1800 RPM ,10 - 32 dB ,White ,155 mm , AM4 | AM5 | LGA1150 | LGA1151 | LGA1155 | LGA1156 | LGA1200 | LGA1700 | LGA1851 | LGA2011 | LGA2011-3 | LGA2066 | ,No ,No 
Akasa SOHO 360 Dusk,Akasa ,SOHO 360 Dusk ,AK-LC4005HP01 ,500 - 2000 RPM ,14.5 - 31.8 dB ,Black ,, AM4 | AM5 | LGA1150 | LGA1151 | LGA1155 | LGA1156 | LGA1200 | LGA1700 | LGA1851 | LGA2011 | LGA2011-3 | LGA2066 | ,Yes - 360 mm ,No 
PC Cooler RZ500,PC Cooler ,, RZ500-WHNWNX-GL | RZ500 WH | ,500 - 2200 RPM ,32 dB ,Black ,155 mm , AM4 | AM5 | LGA1150 | LGA1151 | LGA1155 | LGA1156 | LGA1200 | LGA1700 | LGA1851 | ,No ,No 
upHere UP2K6,upHere ,,UP2K6 ,600 - 1650 RPM ,25 dB ,Black ,158 mm , AM2 | AM2+ | AM3 | AM3+ | AM4 | AM5 | FM1 | FM2 | FM2+ | LGA1150 | LGA1151 | LGA1155 | LGA1156 | LGA1200 | LGA1366 | LGA1700 | LGA1851 | ,No ,No 
upHere UP2K8,upHere ,,UP2K8 ,600 - 1650 RPM ,25 dB ,Black ,158 mm , AM2 | AM2+ | AM3 | AM3+ | AM4 | AM5 | FM1 | FM2 | FM2+ | LGA1150 | LGA1151 | LGA1155 | LGA1156 | LGA1200 | LGA1366 | LGA1700 | LGA1851 | ,No ,No 
Ocypus Gamma A40 ARGB Digital,Ocypus ,,Gamma-A40-WH1NAWD00X-GL ,600 - 2400 RPM ,29.5 dB ,White ,133 mm , AM4 | AM5 | LGA1150 | LGA1151 | LGA1155 | LGA1156 | LGA1200 | LGA1700 | LGA1851 | ,No ,No 
Inter-Tech ALSEYE Star Warriors W700 Pro,Inter-Tech ,,STAR WARRIORS SERIES 700Pro-Y ,900 - 3000 RPM ,45 dB ,Yellow ,160 mm , AM4 | AM5 | LGA1150 | LGA1151 | LGA1155 | LGA1156 | LGA1200 | LGA1366 | LGA1700 | LGA1851 | LGA2011 | LGA2011-3 | LGA2066 | ,No ,No 
LevelPlay Combat Liquid 360 SE,LevelPlay ,Combat Liquid 360 SE ,KRW-S13NN-20APN-GN1​ ,800 - 2000 RPM ,6 - 35 dB ,Black ,48 mm , AM4 | AM5 | LGA1700 | LGA1851 | ,Yes - 360 mm ,No 
Mars Gaming MCPU-XU9,Mars Gaming ,,MCPUXU9W ,800 - 2000 RPM ,9 - 23 dB ,White ,155 mm , AM2 | AM2+ | AM3 | AM3+ | AM4 | AM5 | FM1 | FM2 | FM2+ | LGA1150 | LGA1151 | LGA1155 | LGA1156 | LGA1200 | LGA1366 | LGA1700 | LGA1851 | LGA2011 | LGA2011-3 | LGA2066 | ,No ,No 
Silverstone Argon AR09-115XP,Silverstone ,Argon AR09-115XP , SST-AR09-115XP | AR09-115XP | ,1200 - 5000 RPM ,18.02 - 42.5 dB ,,66 mm , LGA1150 | LGA1151 | LGA1155 | LGA1156 | LGA1200 | ,No ,No 
Dynatron K199,Dynatron ,,K199 ,1000 - 5000 RPM ,20.71 - 51.7 dB ,,, LGA1150 | LGA1151 | LGA1155 | LGA1156 | LGA1200 | ,No ,No 
Titan TTC-NA43TZ/CU35,Titan ,,TTC-NA43TZ/CU35 ,900 - 2600 RPM ,14 - 33 dB ,,65 mm , LGA2011 | LGA2011-3 | LGA2066 | ,No ,No 
Zalman CNPS20X,Zalman ,,CNPS20X ,800 - 1500 RPM ,29 dB ,Black / Silver ,165 mm , AM2 | AM2+ | AM3 | AM3+ | AM4 | FM1 | FM2 | FM2+ | LGA1150 | LGA1151 | LGA1155 | LGA1156 | LGA1200 | LGA2011 | LGA2011-3 | LGA2066 | ,No ,No 
Valkyrie DRAGONFANG,Valkyrie ,,VK-GL360-WHITE ,800 - 2150 RPM ,29 dB ,White ,, AM4 | AM5 | LGA1150 | LGA1151 | LGA1155 | LGA1156 | LGA1200 | LGA1700 | LGA1851 | LGA2011 | LGA2011-3 | LGA2066 | ,Yes - 360 mm ,No 
Gelid Solutions Slim Silence I-Plus,Gelid Solutions ,Slim Silence I-Plus ,CC-SSilence-iplus ,1200 - 2600 RPM ,15 - 27.8 dB ,,28 mm , LGA775 | LGA1150 | LGA1151 | LGA1155 | LGA1156 | LGA1200 | ,No ,No 
Zalman CNPS11X Performa,Zalman ,,CNPS11X Performa ,1000 - 1600 RPM ,17 - 26 dB ,,154 mm , AM2 | AM2+ | AM3 | AM3+ | FM1 | FM2 | FM2+ | LGA775 | LGA1150 | LGA1151 | LGA1155 | LGA1156 | LGA1200 | LGA1366 | LGA2011 | LGA2011-3 | LGA2066 | ,No ,No 
Zalman CNPS80F,Zalman ,,CNPS80F ,2500 RPM ,23.8 dB ,,48 mm , AM2 | AM2+ | AM3 | AM3+ | FM1 | FM2 | FM2+ | LGA775 | LGA1150 | LGA1151 | LGA1155 | LGA1156 | LGA1200 | ,No ,No 
Dynatron R14,Dynatron ,,R14 ,1500 - 7000 RPM ,16 - 47.5 dB ,,67 mm , LGA2011 | LGA2011-3 | LGA2066 | ,No ,No 
ARCTIC Freezer i32,ARCTIC ,Freezer i32 , ACFRE00004A | Freezer i32 | ,,,,150 mm , LGA1150 | LGA1151 | LGA1155 | LGA1156 | LGA1200 | LGA2011 | LGA2011-3 | LGA2066 | ,No ,No 
Akasa Vegas Chroma LG,Akasa ,Vegas Chroma LG ,AK-CC7139HP01 ,500 - 1800 RPM ,32.5 dB ,Black ,59 mm , LGA1150 | LGA1151 | LGA1155 | LGA1156 | LGA1200 | ,No ,No 
In Win BR36,In Win ,BR36 ,IW-LC-BR36 ,400 - 1800 RPM ,35.5 dB ,Black / White ,, AM2 | AM2+ | AM3 | AM3+ | AM4 | AM5 | sTR4 | sTRX4 | FM1 | FM2 | FM2+ | LGA1150 | LGA1151 | LGA1155 | LGA1156 | LGA1200 | LGA1700 | LGA1851 | LGA2011 | LGA2011-3 | LGA2066 | ,Yes - 360 mm ,No 
Enermax AQUAFUSION ADV,Enermax ,,ELC-AQFA240-SQA-W ,500 - 2000 RPM ,17 - 32.6 dB ,White ,, AM2 | AM2+ | AM3 | AM3+ | AM4 | AM5 | FM1 | FM2 | FM2+ | LGA775 | LGA1150 | LGA1151 | LGA1155 | LGA1156 | LGA1200 | LGA1366 | LGA1700 | LGA1851 | LGA2011 | LGA2011-3 | LGA2066 | ,Yes - 240 mm ,No 
Silverstone NovaPeak 240 ARGB,Silverstone ,NovaPeak 240 ARGB ,SST-NP240-ARGB ,500 - 2200 RPM ,12.1 - 33.1 dB ,Black ,63 mm , AM4 | AM5 | LGA1150 | LGA1151 | LGA1155 | LGA1156 | LGA1200 | LGA1700 | LGA1851 | LGA2011 | LGA2011-3 | LGA2066 | ,Yes - 240 mm ,No 
Cooler Master DP6-9EDSA-0L-GP,Cooler Master ,,DP6-9EDSA-0L-GP ,2600 RPM ,24.5 dB ,,47 mm , LGA1150 | LGA1151 | LGA1155 | LGA1156 | LGA1200 | ,No ,No 
Cooler Master V10 Hybrid TEC,Cooler Master ,V10 Hybrid TEC ,RR-B2P-UV10-GP ,800 - 2400 RPM ,17 dB ,,120 mm , AM2 | AM2+ | AM3 | AM3+ | FM1 | FM2 | FM2+ | LGA775 | LGA1150 | LGA1151 | LGA1155 | LGA1156 | LGA1200 | LGA1366 | ,No ,No 
Thermaltake Frio,Thermaltake ,Frio ,CLP0564 ,1200 - 2500 RPM ,20 - 43 dB ,,165 mm , AM2 | AM2+ | AM3 | AM3+ | FM1 | FM2 | FM2+ | LGA775 | LGA1150 | LGA1151 | LGA1155 | LGA1156 | LGA1200 | LGA1366 | ,No ,No 
Zalman 9500A,Zalman ,,9500A ,1350 - 2600 RPM ,18 - 27 dB ,,125 mm , AM2 | AM2+ | AM3 | AM3+ | FM1 | FM2 | FM2+ | LGA775 | LGA1150 | LGA1151 | LGA1155 | LGA1156 | LGA1200 | ,No ,No 
Noctua NH-C12P SE14,Noctua ,,NH-C12P SE14 ,750 - 1200 RPM ,10.1 - 19.6 dB ,,114 mm , AM2 | AM2+ | AM3 | AM3+ | AM4 | AM5 | FM1 | FM2 | FM2+ | LGA775 | LGA1150 | LGA1151 | LGA1155 | LGA1156 | LGA1200 | LGA1366 | LGA1700 | LGA1851 | ,No ,No 
Xigmatek Thors Hammer,Xigmatek ,Thors Hammer , Thors Hammer 126384W | CAC-SXHH7-U02 | ,,0 dB ,,160 mm , AM2 | AM2+ | AM3 | AM3+ | FM1 | FM2 | FM2+ | LGA775 | LGA1150 | LGA1151 | LGA1155 | LGA1156 | LGA1200 | LGA1366 | ,No ,Yes 
Rosewill RCX-Z775-LP,Rosewill ,,RCX-Z775-LP ,600 - 2600 RPM ,16 - 24.5 dB ,,30 mm , LGA775 | LGA1150 | LGA1151 | LGA1155 | LGA1156 | LGA1200 | ,No ,No 
Rosewill RCX-Z90-CP,Rosewill ,,RCX-Z90-CP ,600 - 3000 RPM ,13.5 - 26.5 dB ,,32 mm , LGA775 | LGA1150 | LGA1151 | LGA1155 | LGA1156 | LGA1200 | ,No ,No 
Scythe SCNJ-3000,Scythe ,,SCNJ-3000 ,470 - 1900 RPM ,9.8 - 27.3 dB ,,160 mm , LGA775 | LGA1150 | LGA1151 | LGA1155 | LGA1156 | LGA1200 | LGA1366 | ,No ,No 
Scythe Shuriken Rev. B 3,Scythe ,Shuriken Rev. B 3 ,SCSK-1100 ,650 - 2200 RPM ,10.5 - 31.67 dB ,,64 mm , AM2 | AM2+ | AM3 | AM3+ | AM4 | FM1 | FM2 | FM2+ | LGA775 | LGA1150 | LGA1151 | LGA1155 | LGA1156 | LGA1200 | LGA1366 | ,No ,No 
Xigmatek EP-CD901,Xigmatek ,,EP-CD901 ,1200 - 2500 RPM ,28 dB ,,25 mm , AM2 | AM2+ | AM3 | AM3+ | FM1 | FM2 | FM2+ | LGA775 | ,No ,No 
Xigmatek GAIA SD1283,Xigmatek ,,GAIA SD1283 ,800 - 1500 RPM ,16 - 24 dB ,,159 mm , AM2 | AM2+ | AM3 | AM3+ | FM1 | FM2 | FM2+ | LGA775 | LGA1150 | LGA1151 | LGA1155 | LGA1156 | LGA1200 | LGA1366 | LGA2011 | LGA2011-3 | LGA2066 | ,No ,No 
ZEROtherm ZT-570D,ZEROtherm ,,ZT-570D ,900 - 2300 RPM ,30 dB ,,77 mm , LGA1150 | LGA1151 | LGA1155 | LGA1156 | LGA1200 | ,No ,No 
Cooler Master DI5-9HDSC-A1-GP,Cooler Master ,,DI5-9HDSC-A1-GP ,2200 RPM ,23.8 dB ,,64 mm ,LGA775 ,No ,No 
Thermaltake CL-P0187,Thermaltake ,,CL-P0187 ,4800 RPM ,36 dB ,,25 mm ,LGA775 ,No ,No 
Xigmatek Prime SD1484,Xigmatek ,,Prime SD1484 ,800 - 1200 RPM ,18 dB ,,159 mm , AM2 | AM2+ | AM3 | AM3+ | FM1 | FM2 | FM2+ | LGA775 | LGA1150 | LGA1151 | LGA1155 | LGA1156 | LGA1200 | LGA1366 | ,No ,No 
Gelid Solutions Slim Silence AM2,Gelid Solutions ,,Slim Silence AM2 ,1200 - 2500 RPM ,15 - 27.2 dB ,,28 mm , AM2 | AM2+ | AM3 | AM3+ | FM1 | FM2 | FM2+ | ,No ,No 
Thermalright Venomous X - RT,Thermalright ,,Venomous X - RT ,1300 RPM ,24.1 dB ,,160 mm , AM2 | AM2+ | AM3 | AM3+ | AM4 | FM1 | FM2 | FM2+ | LGA1150 | LGA1151 | LGA1155 | LGA1156 | LGA1200 | LGA1366 | ,No ,No 
Cooler Master Hyper 612 PWM,Cooler Master ,Hyper 612 PWM ,RR-H612-20PK-R1 ,600 - 2000 RPM ,9 - 36 dB ,,163 mm , AM2 | AM2+ | AM3 | AM3+ | FM1 | FM2 | FM2+ | LGA775 | LGA1150 | LGA1151 | LGA1155 | LGA1156 | LGA1200 | LGA1366 | ,No ,No 
Cooler Master GeminII S524,Cooler Master ,GeminII S524 ,RR-G524-18PK-R1 ,800 - 1800 RPM ,15.1 - 31.6 dB ,,105 mm , AM2 | AM2+ | AM3 | AM3+ | FM1 | FM2 | FM2+ | LGA775 | LGA1150 | LGA1151 | LGA1155 | LGA1156 | LGA1200 | LGA1366 | ,No ,No 
Zalman CNPS9500A-LED,Zalman ,,CNPS9500A-LED ,1350 - 2600 RPM ,18 - 27.5 dB ,,125 mm , AM2 | AM2+ | AM3 | AM3+ | FM1 | FM2 | FM2+ | LGA775 | LGA1150 | LGA1151 | LGA1155 | LGA1156 | LGA1200 | ,No ,No 
Zalman CNPS7700ALCULED,Zalman ,,CNPS7700ALCULED ,1000 - 2000 RPM ,22.7 - 37.1 dB ,,67 mm , LGA775 | LGA1150 | LGA1151 | LGA1155 | LGA1156 | LGA1200 | ,No ,No 
NZXT HAVIK 140,NZXT ,HAVIK 140 ,HAVIK-140 ,1200 RPM ,25 dB ,,166 mm , AM2 | AM2+ | AM3 | AM3+ | FM1 | FM2 | FM2+ | LGA775 | LGA1150 | LGA1151 | LGA1155 | LGA1156 | LGA1200 | LGA1366 | LGA2011 | LGA2011-3 | LGA2066 | ,No ,No 
Logisys IC211HTPC,Logisys ,,IC211HTPC ,2600 RPM ,28 dB ,,38 mm , LGA1150 | LGA1151 | LGA1155 | LGA1156 | LGA1200 | ,No ,No 
Cooler Master Hyper 612,Cooler Master ,Hyper 612 ,RR-H612-20PK-R3 ,600 - 2000 RPM ,9 - 36 dB ,,163 mm , AM2 | AM2+ | AM3 | AM3+ | FM1 | FM2 | FM2+ | LGA775 | LGA1150 | LGA1151 | LGA1155 | LGA1156 | LGA1200 | LGA1366 | LGA2011 | LGA2011-3 | LGA2066 | ,No ,No 
Cooler Master TPC 812,Cooler Master ,TPC 812 ,RR-T812-24PK-R1 ,600 - 2400 RPM ,19 - 40 dB ,,163 mm , AM2 | AM2+ | AM3 | AM3+ | FM1 | FM2 | FM2+ | LGA775 | LGA1150 | LGA1151 | LGA1155 | LGA1156 | LGA1200 | LGA1366 | LGA2011 | LGA2011-3 | LGA2066 | ,No ,No 
Thermaltake Water 2.0 Performer,Thermaltake ,Water 2.0 Performer ,CLW0215 ,1200 - 2000 RPM ,10 - 27.36 dB ,,, AM2 | AM2+ | AM3 | AM3+ | FM1 | FM2 | FM2+ | LGA775 | LGA1150 | LGA1151 | LGA1155 | LGA1156 | LGA1200 | LGA1366 | LGA2011 | LGA2011-3 | LGA2066 | ,Yes - 120 mm ,No 
Phanteks PH-TC14CS,Phanteks ,,PH-TC14CS ,700 - 1200 RPM ,13.4 - 19 dB ,,112 mm , AM2 | AM2+ | AM3 | AM3+ | FM1 | FM2 | FM2+ | LGA775 | LGA1150 | LGA1151 | LGA1155 | LGA1156 | LGA1200 | LGA1366 | LGA2011 | LGA2011-3 | LGA2066 | ,No ,No 
Zalman CNPS10X OPTIMA,Zalman ,,CNPS10X OPTIMA ,1000 - 1700 RPM ,17 - 28 dB ,,152 mm , AM2 | AM2+ | AM3 | AM3+ | FM1 | FM2 | FM2+ | LGA775 | LGA1150 | LGA1151 | LGA1155 | LGA1156 | LGA1200 | LGA1366 | ,No ,No 
SilenX EFZ-80HA3,SilenX ,,EFZ-80HA3 ,2200 RPM ,8 - 24 dB ,,113 mm , AM2 | AM2+ | AM3 | AM3+ | FM1 | FM2 | FM2+ | LGA775 | LGA1150 | LGA1151 | LGA1155 | LGA1156 | LGA1200 | ,No ,No 
Xigmatek Dark Knight SD1283,Xigmatek ,Dark Knight SD1283 ,Dark Knight SD1283 Night Hawk Edition ,1000 - 2200 RPM ,30.1 dB ,,159 mm , AM2 | AM2+ | AM3 | AM3+ | FM1 | FM2 | FM2+ | LGA775 | LGA1150 | LGA1151 | LGA1155 | LGA1156 | LGA1200 | LGA1366 | LGA2011 | LGA2011-3 | LGA2066 | ,No ,No 
ARCTIC Alpine 7 Pro,ARCTIC ,Alpine 7 Pro ,A7P-75000023 ,500 - 2000 RPM ,,,86 mm , LGA1150 | LGA1151 | LGA1155 | LGA1156 | LGA1200 | ,No ,No 
Zalman LQ-315,Zalman ,,LQ-315 ,900 - 2000 RPM ,,,, AM2 | AM2+ | AM3 | AM3+ | FM1 | FM2 | FM2+ | LGA1150 | LGA1151 | LGA1155 | LGA1156 | LGA1200 | LGA1366 | LGA2011 | LGA2011-3 | LGA2066 | ,Yes - 120 mm ,No 
Prolimatech Megahalems (No Fans),Prolimatech ,Megahalems (No Fans) ,PRO-MGH-BK ,,,,159 mm , AM2 | AM2+ | AM3 | AM3+ | FM1 | FM2 | FM2+ | LGA775 | LGA1150 | LGA1151 | LGA1155 | LGA1156 | LGA1200 | LGA1366 | LGA2011 | LGA2011-3 | LGA2066 | ,No ,Yes 
ARCTIC Freezer i30 CO,ARCTIC ,Freezer i30 CO ,UCACO-FI30201-GB ,400 - 1350 RPM ,,,161 mm , LGA1150 | LGA1151 | LGA1155 | LGA1156 | LGA1200 | LGA2011 | LGA2011-3 | LGA2066 | ,No ,No 
Evercool HPQ-12025,Evercool ,,HPQ-12025 ,800 - 2200 RPM ,38.1 dB ,,160 mm , AM2 | AM2+ | AM3 | AM3+ | FM1 | FM2 | FM2+ | LGA775 | LGA1150 | LGA1151 | LGA1155 | LGA1156 | LGA1200 | LGA1366 | LGA2011 | LGA2011-3 | LGA2066 | ,No ,No 
Prolimatech PRO-GNSS-BK,Prolimatech ,,PRO-GNSS-BK ,,0 dB ,,160 mm , AM2 | AM2+ | AM3 | AM3+ | FM1 | FM2 | FM2+ | LGA775 | LGA1150 | LGA1151 | LGA1155 | LGA1156 | LGA1200 | LGA1366 | LGA2011 | LGA2011-3 | LGA2066 | ,No ,Yes 
Thermaltake Water 3.0 Pro,Thermaltake ,Water 3.0 Pro ,CLW0223 ,1000 - 2000 RPM ,20 dB ,,, AM2 | AM2+ | AM3 | AM3+ | AM4 | FM1 | FM2 | FM2+ | LGA1150 | LGA1151 | LGA1155 | LGA1156 | LGA1200 | LGA1366 | LGA2011 | LGA2011-3 | LGA2066 | ,Yes - 120 mm ,No 
Thermaltake Water 3.0 Extreme,Thermaltake ,Water 3.0 Extreme ,CLW0224 ,1000 - 2000 RPM ,20 dB ,,, AM2 | AM2+ | AM3 | AM3+ | AM4 | sTR4 | sTRX4 | FM1 | FM2 | FM2+ | LGA1150 | LGA1151 | LGA1155 | LGA1156 | LGA1200 | LGA1366 | LGA2011 | LGA2011-3 | LGA2066 | ,Yes - 240 mm ,No 
be quiet! Shadow Rock Pro SR1,be quiet! ,Shadow Rock Pro SR1 ,BK011 ,1500 RPM ,7.8 - 21.4 dB ,,158 mm , AM2 | AM2+ | AM3 | AM3+ | FM1 | FM2 | FM2+ | LGA775 | LGA1150 | LGA1151 | LGA1155 | LGA1156 | LGA1200 | LGA1366 | ,No ,No 
Titan TTC-NK85TZ/CS2,Titan ,,TTC-NK85TZ/CS2 ,800 - 2200 RPM ,15 - 35 dB ,,160 mm , AM2 | AM2+ | AM3 | AM3+ | FM1 | FM2 | FM2+ | LGA775 | LGA1150 | LGA1151 | LGA1155 | LGA1156 | LGA1200 | LGA1366 | LGA2011 | LGA2011-3 | LGA2066 | ,No ,No 
Antec KUHLER H2O 650,Antec ,,KUHLER H2O 650 ,600 - 2400 RPM ,,,, AM2 | AM2+ | AM3 | AM3+ | FM1 | FM2 | FM2+ | LGA1150 | LGA1151 | LGA1155 | LGA1156 | LGA1200 | LGA1366 | LGA2011 | LGA2011-3 | LGA2066 | ,Yes - 120 mm ,No 
Thermalright Macho Rev.A.,Thermalright ,,Macho Rev.A. ,900 - 1300 RPM ,17 - 21 dB ,,162 mm , AM2 | AM2+ | AM3 | AM3+ | AM4 | AM5 | FM1 | FM2 | FM2+ | LGA775 | LGA1150 | LGA1151 | LGA1155 | LGA1156 | LGA1200 | LGA1366 | LGA1700 | LGA1851 | LGA2011 | LGA2011-3 | LGA2066 | ,No ,No 
Intel BXRTS2011AC,Intel ,,BXRTS2011AC ,1000 - 3000 RPM ,,,, LGA2011 | LGA2011-3 | LGA2066 | ,No ,No 
ARCTIC Freezer i11,ARCTIC ,Freezer i11 ,UCACO-FI11001-CSA01 ,500 - 2000 RPM ,22.5 dB ,,130 mm , LGA1150 | LGA1151 | LGA1155 | LGA1156 | LGA1200 | LGA2011 | LGA2011-3 | LGA2066 | ,No ,No 
Enermax ELC-LM120S-HP,Enermax ,,ELC-LM120S-HP ,2500 RPM ,30 dB ,,, AM2 | AM2+ | AM3 | AM3+ | FM1 | FM2 | FM2+ | LGA775 | LGA1150 | LGA1151 | LGA1155 | LGA1156 | LGA1200 | LGA1366 | LGA2011 | LGA2011-3 | LGA2066 | ,Yes - 120 mm ,No 
Zalman FX70,Zalman ,,FX70 ,,0 dB ,,158 mm , AM2 | AM2+ | AM3 | AM3+ | AM4 | FM1 | FM2 | FM2+ | LGA775 | LGA1150 | LGA1151 | LGA1155 | LGA1156 | LGA1200 | LGA1366 | LGA2011 | LGA2011-3 | LGA2066 | ,No ,Yes 
RAIJINTEK TISIS,RAIJINTEK ,TISIS ,0R100001 ,600 - 1000 RPM ,23 dB ,,167 mm , AM2 | AM2+ | AM3 | AM3+ | FM1 | FM2 | FM2+ | LGA775 | LGA1150 | LGA1151 | LGA1155 | LGA1156 | LGA1200 | LGA1366 | LGA1700 | LGA1851 | LGA2011 | LGA2011-3 | LGA2066 | ,No ,No 
RAIJINTEK ZELOS,RAIJINTEK ,ZELOS ,0R100003 ,800 - 1400 RPM ,20 dB ,,44 mm , AM2 | AM2+ | AM3 | AM3+ | FM1 | FM2 | FM2+ | LGA1150 | LGA1151 | LGA1155 | LGA1156 | LGA1200 | ,No ,No 
RAIJINTEK AIDOS,RAIJINTEK ,AIDOS ,OP105246 ,1000 - 2200 RPM ,28.87 dB ,,136 mm , AM2 | AM2+ | AM3 | AM3+ | FM1 | FM2 | FM2+ | LGA775 | LGA1150 | LGA1151 | LGA1155 | LGA1156 | LGA1200 | LGA1366 | LGA2011 | LGA2011-3 | LGA2066 | ,No ,No 
Deepcool GABRIEL,Deepcool ,,GABRIEL ,900 - 1800 RPM ,18.2 - 32.4 dB ,,60 mm , AM2 | AM2+ | AM3 | AM3+ | FM1 | FM2 | FM2+ | LGA1150 | LGA1151 | LGA1155 | LGA1156 | LGA1200 | ,No ,No 
Silverstone AR05,Silverstone ,,AR05 ,2500 RPM ,20 - 28.3 dB ,,37 mm , AM2 | AM2+ | AM3 | AM3+ | FM1 | FM2 | FM2+ | LGA1150 | LGA1151 | LGA1155 | LGA1156 | LGA1200 | ,No ,No 
RAIJINTEK TRITON GREEN,RAIJINTEK ,TRITON GREEN ,0R100019 ,1000 - 2600 RPM ,21.6 - 36.6 dB ,,, AM2 | AM2+ | AM3 | AM3+ | FM1 | FM2 | FM2+ | LGA775 | LGA1150 | LGA1151 | LGA1155 | LGA1156 | LGA1200 | LGA1366 | LGA2011 | LGA2011-3 | LGA2066 | ,Yes - 240 mm ,No 
RAIJINTEK TRITON BLUE,RAIJINTEK ,TRITON BLUE ,0R100021 ,1000 - 2600 RPM ,21.6 - 36.6 dB ,,, AM2 | AM2+ | AM3 | AM3+ | FM1 | FM2 | FM2+ | LGA775 | LGA1150 | LGA1151 | LGA1155 | LGA1156 | LGA1200 | LGA1366 | LGA2011 | LGA2011-3 | LGA2066 | ,Yes - 240 mm ,No 
Scythe Kotetsu,Scythe ,Kotetsu ,SCKTT-1000 ,400 - 1400 RPM ,5.3 - 28 dB ,,160 mm , AM2 | AM2+ | AM3 | AM3+ | AM4 | FM1 | FM2 | FM2+ | LGA775 | LGA1150 | LGA1151 | LGA1155 | LGA1156 | LGA1200 | LGA1366 | LGA2011 | LGA2011-3 | LGA2066 | ,No ,No 
Cooler Master Blizzard T2,Cooler Master ,Blizzard T2 ,RR-T2-22FP-R1 ,2200 RPM ,30 dB ,,140 mm , AM2 | AM2+ | AM3 | AM3+ | AM4 | FM1 | FM2 | FM2+ | LGA775 | LGA1150 | LGA1151 | LGA1155 | LGA1156 | LGA1200 | ,No ,No 
Thermalright Silver Arrow ITX,Thermalright ,,Silver Arrow ITX ,300 - 1300 RPM ,17 - 24.9 dB ,,165 mm , AM2 | AM2+ | AM3 | AM3+ | AM4 | FM1 | FM2 | FM2+ | LGA775 | LGA1150 | LGA1151 | LGA1155 | LGA1156 | LGA1200 | LGA1366 | LGA1700 | LGA1851 | LGA2011 | LGA2011-3 | LGA2066 | ,No ,No 
ID-COOLING IS-VC45,ID-COOLING ,,IS-VC45 ,600 - 2500 RPM ,14 - 33 dB ,,45 mm , LGA1150 | LGA1151 | LGA1155 | LGA1156 | LGA1200 | LGA2011 | LGA2011-3 | LGA2066 | ,No ,No 
CRYORIG A40,CRYORIG ,, A40 | CR-A4A | ,600 - 2200 RPM ,13 - 37 dB ,,, AM2 | AM2+ | AM3 | AM3+ | AM4 | sTR4 | sTRX4 | FM1 | FM2 | FM2+ | LGA1150 | LGA1151 | LGA1155 | LGA1156 | LGA1200 | LGA1366 | LGA2011 | LGA2011-3 | LGA2066 | ,Yes - 240 mm ,No 
Scythe FUMA,Scythe ,FUMA ,SCFM-1000 ,300 - 1400 RPM ,13 - 28 dB ,,149 mm , AM2 | AM2+ | AM3 | AM3+ | AM4 | FM1 | FM2 | FM2+ | LGA775 | LGA1150 | LGA1151 | LGA1155 | LGA1156 | LGA1200 | LGA1366 | LGA2011 | LGA2011-3 | LGA2066 | ,No ,No 
ID-COOLING SE-204,ID-COOLING ,,SE-204 ,800 - 1800 RPM ,16.2 - 29.2 dB ,,157 mm , AM2 | AM2+ | AM3 | AM3+ | FM1 | FM2 | FM2+ | LGA775 | LGA1150 | LGA1151 | LGA1155 | LGA1156 | LGA1200 | LGA2011 | LGA2011-3 | LGA2066 | ,No ,No 
ID-COOLING SE-214,ID-COOLING ,,SE-214 ,1800 RPM ,16.2 - 29.2 dB ,,160 mm , AM2 | AM2+ | AM3 | AM3+ | FM1 | FM2 | FM2+ | LGA775 | LGA1150 | LGA1151 | LGA1155 | LGA1156 | LGA1200 | ,No ,No 
ID-COOLING SE-214X,ID-COOLING ,,SE-214X ,1800 RPM ,16.2 - 29.2 dB ,,159 mm , AM2 | AM2+ | AM3 | AM3+ | FM1 | FM2 | FM2+ | LGA1150 | LGA1151 | LGA1155 | LGA1156 | LGA1200 | LGA2011 | LGA2011-3 | LGA2066 | ,No ,No 
ID-COOLING SE-902,ID-COOLING ,,SE-902 ,600 - 2200 RPM ,14 - 23.8 dB ,,, AM2 | AM2+ | AM3 | AM3+ | FM1 | FM2 | FM2+ | LGA775 | LGA1150 | LGA1151 | LGA1155 | LGA1156 | LGA1200 | ,No ,No 
Cooler Master MasterLiquid Pro 120,Cooler Master ,MasterLiquid Pro 120 ,MLY-D12X-A20MB-R1 ,500 - 2000 RPM ,6 - 30 dB ,,, AM2 | AM2+ | AM3 | AM3+ | AM4 | FM1 | FM2 | FM2+ | LGA775 | LGA1150 | LGA1151 | LGA1155 | LGA1156 | LGA1200 | LGA1366 | LGA2011 | LGA2011-3 | LGA2066 | ,Yes - 120 mm ,No 
Cooler Master V8 Ver.2,Cooler Master ,V8 Ver.2 ,RR-V8VC-16PR-R2 ,1600 RPM ,36 dB ,,167 mm , AM2 | AM2+ | AM3 | AM3+ | FM1 | FM2 | FM2+ | LGA775 | LGA1150 | LGA1151 | LGA1155 | LGA1156 | LGA1200 | LGA1366 | LGA2011 | LGA2011-3 | LGA2066 | ,No ,No 
Thermalright Macho Direct,Thermalright ,, Macho Direct | 100700732 | ,300 - 1300 RPM ,15 - 21 dB ,,159 mm , AM2 | AM2+ | AM3 | AM3+ | AM4 | FM1 | FM2 | FM2+ | LGA775 | LGA1150 | LGA1151 | LGA1155 | LGA1156 | LGA1200 | LGA1366 | LGA1700 | LGA1851 | LGA2011 | LGA2011-3 | LGA2066 | ,No ,No 
Deepcool Maelstrom 120T,Deepcool ,,Maelstrom 120T ,600 - 1800 RPM ,17.8 - 34.1 dB ,,33 mm , AM2 | AM2+ | AM3 | AM3+ | AM4 | FM1 | FM2 | FM2+ | LGA1150 | LGA1151 | LGA1155 | LGA1156 | LGA1200 | LGA1366 | LGA2011 | LGA2011-3 | LGA2066 | ,Yes - 120 mm ,No 
Deepcool CAPTAIN 120EX WHITE,Deepcool ,,CAPTAIN 120EX WHITE ,500 - 1800 RPM ,17.6 - 31.3 dB ,,, AM2 | AM2+ | AM3 | AM3+ | AM4 | FM1 | FM2 | FM2+ | LGA1150 | LGA1151 | LGA1155 | LGA1156 | LGA1200 | LGA1366 | LGA2011 | LGA2011-3 | LGA2066 | ,Yes - 120 mm ,No 
Phononic HEX 2.0,Phononic ,HEX 2.0 ,HEX2.0 ,1000 - 2650 RPM ,17 - 33 dB ,,125 mm , AM2 | AM2+ | AM3 | AM3+ | FM1 | FM2 | FM2+ | LGA1150 | LGA1151 | LGA1155 | LGA1156 | LGA1200 | LGA2011 | LGA2011-3 | LGA2066 | ,No ,No 
Deepcool LUCIFER V2,Deepcool ,, LUCIFER V2 | DPGS-MCH6N-LCV2AM4 | DPGS-MCH6N-LCV2 | ,300 - 1400 RPM ,12.6 - 31.1 dB ,,168 mm , AM2 | AM2+ | AM3 | AM3+ | AM4 | AM5 | FM1 | FM2 | FM2+ | LGA775 | LGA1150 | LGA1151 | LGA1155 | LGA1156 | LGA1200 | LGA1366 | LGA2011 | LGA2011-3 | LGA2066 | ,No ,No 
Deepcool Maelstrom 240T RF,Deepcool ,,Maelstrom 240T RF ,600 - 1800 RPM ,17.8 - 34.1 dB ,,, AM2 | AM2+ | AM3 | AM3+ | AM4 | FM1 | FM2 | FM2+ | LGA1150 | LGA1151 | LGA1155 | LGA1156 | LGA1200 | LGA1366 | LGA2011 | LGA2011-3 | LGA2066 | ,Yes - 240 mm ,No 
RAIJINTEK EREBOSS CORE EDITION,RAIJINTEK ,EREBOSS CORE EDITION ,0R100015 ,,0 dB ,,160 mm , AM2 | AM2+ | AM3 | AM3+ | FM1 | FM2 | FM2+ | LGA775 | LGA1150 | LGA1151 | LGA1155 | LGA1156 | LGA1200 | LGA1366 | LGA2011 | LGA2011-3 | LGA2066 | ,No ,Yes 
Enermax ETS-T50 AXE (Black),Enermax ,ETS-T50 AXE (Black) ,ETS-T50A-BVT ,800 - 1800 RPM ,18.9 - 25 dB ,,160 mm , AM2 | AM2+ | AM3 | AM3+ | AM4 | FM1 | FM2 | FM2+ | LGA775 | LGA1150 | LGA1151 | LGA1155 | LGA1156 | LGA1200 | LGA1366 | LGA1700 | LGA1851 | LGA2011 | LGA2011-3 | LGA2066 | ,No ,No 
Cooler Master MasterAir Pro 3,Cooler Master ,MasterAir Pro 3 ,MAY-T3PN-930PK-R1 ,650 - 3000 RPM ,6 - 30 dB ,,140 mm , AM2 | AM2+ | AM3 | AM3+ | AM4 | FM1 | FM2 | FM2+ | LGA775 | LGA1150 | LGA1151 | LGA1155 | LGA1156 | LGA1200 | LGA1366 | LGA2011 | LGA2011-3 | LGA2066 | ,No ,No 
Alpenföhn Sella,Alpenföhn ,Sella ,84000000053 ,850 - 2200 RPM ,14 - 29.8 dB ,,129 mm , AM2 | AM2+ | AM3 | AM3+ | FM1 | FM2 | FM2+ | LGA775 | LGA1150 | LGA1151 | LGA1155 | LGA1156 | LGA1200 | ,No ,No 
Alpenföhn Matterhorn Rev. C – White Edition,Alpenföhn ,Matterhorn Rev. C – White Edition ,84000000127 ,500 - 1500 RPM ,18.2 dB ,,158 mm , AM2 | AM2+ | AM3 | AM3+ | FM1 | FM2 | FM2+ | LGA775 | LGA1150 | LGA1151 | LGA1155 | LGA1156 | LGA1200 | LGA1366 | LGA2011 | LGA2011-3 | LGA2066 | ,No ,No 
Cooler Master Seidon 240P,Cooler Master ,Seidon 240P ,RL-S24V-20PB-R2 ,800 - 2400 RPM ,12 - 35 dB ,,, AM2 | AM2+ | AM3 | AM3+ | AM4 | FM1 | FM2 | FM2+ | LGA775 | LGA1150 | LGA1151 | LGA1155 | LGA1156 | LGA1200 | LGA1366 | LGA2011 | LGA2011-3 | LGA2066 | ,Yes - 240 mm ,No 
RIOTORO BIFROST 120TI,RIOTORO ,BIFROST 120TI ,TR-120ti ,,,,, AM2 | AM2+ | AM3 | AM3+ | AM4 | FM1 | FM2 | FM2+ | LGA1150 | LGA1151 | LGA1155 | LGA1156 | LGA1200 | LGA1366 | LGA2011 | LGA2011-3 | LGA2066 | ,Yes - 120 mm ,No 
ID-COOLING IS-40V3,ID-COOLING ,,IS-40V3 ,600 - 2500 RPM ,14 - 33 dB ,,45 mm , AM2 | AM2+ | AM3 | AM3+ | AM4 | AM5 | FM1 | FM2 | FM2+ | LGA1150 | LGA1151 | LGA1155 | LGA1156 | LGA1200 | ,No ,No 
ARCTIC Freezer 33 eSports Edition (Black/Yellow),ARCTIC ,Freezer 33 eSports Edition (Black/Yellow) ,ACFRE00034A ,200 - 1800 RPM ,24.4 dB ,,150 mm , AM4 | AM5 | LGA1150 | LGA1151 | LGA1155 | LGA1156 | LGA1200 | LGA2011 | LGA2011-3 | LGA2066 | ,No ,No 
Zalman CNPS8X Optima,Zalman ,,CNPS8X Optima ,1200 - 2100 RPM ,18.2 - 30 dB ,,149 mm , AM2 | AM2+ | AM3 | AM3+ | FM1 | FM2 | FM2+ | LGA775 | LGA1150 | LGA1151 | LGA1155 | LGA1156 | LGA1200 | ,No ,No 
ID-COOLING Auraflow 240 RGB,ID-COOLING ,Auraflow 240 RGB ,240KRGB ,700 - 1800 RPM ,18 - 35.2 dB ,,36 mm , AM2 | AM2+ | AM3 | AM3+ | AM4 | AM5 | FM1 | FM2 | FM2+ | LGA775 | LGA1150 | LGA1151 | LGA1155 | LGA1156 | LGA1200 | LGA1366 | LGA2011 | LGA2011-3 | LGA2066 | ,Yes - 240 mm ,No 
Deepcool CAPTAIN 360EX WHITE RGB,Deepcool ,, CAPTAIN 360EX WHITE RGB | CAPTAIN 360EX RGB WHITE | CAPTAIN 360EX RGB WH | ,500 - 1800 RPM ,17.6 - 31.3 dB ,,, AM2 | AM2+ | AM3 | AM3+ | AM4 | FM1 | FM2 | FM2+ | LGA1150 | LGA1151 | LGA1155 | LGA1156 | LGA1200 | LGA1366 | LGA2011 | LGA2011-3 | LGA2066 | ,Yes - 360 mm ,No 
RAIJINTEK JUNO-X,RAIJINTEK ,JUNO-X ,0R100057 ,1200 - 2500 RPM ,26 dB ,Red / Black ,58 mm , AM2 | AM2+ | AM3 | AM3+ | AM4 | FM1 | FM2 | FM2+ | LGA775 | LGA1150 | LGA1151 | LGA1155 | LGA1156 | LGA1200 | ,No ,No 
RAIJINTEK JUNO-X RGB,RAIJINTEK ,JUNO-X RGB ,0R100071 ,1000 - 2000 RPM ,28 dB ,,58 mm , AM2 | AM2+ | AM3 | AM3+ | AM4 | FM1 | FM2 | FM2+ | LGA775 | LGA1150 | LGA1151 | LGA1155 | LGA1156 | LGA1200 | ,No ,No 
Cooler Master MA621P TR4,Cooler Master ,MA621P TR4 ,MAP-D6PN-218PC-R2 ,600 - 1800 RPM ,31 dB ,Black / Silver ,165 mm , sTR4 | sTRX4 | ,No ,No 
Deepcool MAELSTROM 240 RGB,Deepcool ,MAELSTROM 240 RGB ,DP-GS-H12RL-MS240RGB ,500 - 1800 RPM ,17.8 - 30 dB ,Black ,, AM2 | AM2+ | AM3 | AM3+ | AM4 | FM1 | FM2 | FM2+ | LGA1150 | LGA1151 | LGA1155 | LGA1156 | LGA1200 | LGA1366 | LGA2011 | LGA2011-3 | LGA2066 | ,Yes - 240 mm ,No 
Antec Mercury 120 RGB,Antec ,Mercury 120 RGB , Mercury 120RGB | 0-761345-74012-8 | ,900 - 1800 RPM ,36 dB ,Black / White ,, AM2 | AM2+ | AM3 | AM3+ | AM4 | sTR4 | sTRX4 | FM1 | FM2 | FM2+ | LGA775 | LGA1150 | LGA1151 | LGA1155 | LGA1156 | LGA1200 | LGA1366 | LGA2011 | LGA2011-3 | LGA2066 | ,Yes - 120 mm ,No 
CRYORIG M9 Plus,CRYORIG ,, M9 Plus | CR-M9PLUS | CR-M9PA | ,600 - 2200 RPM ,26.4 dB ,Black / Silver ,125 mm , AM2 | AM2+ | AM3 | AM3+ | AM4 | FM1 | FM2 | FM2+ | LGA1150 | LGA1151 | LGA1155 | LGA1156 | LGA1200 | LGA1700 | LGA1851 | ,No ,No 
GAMDIAS CHIONE E1A-120R,GAMDIAS ,, CHIONE E1A-120R | CHOINE E1A 120R | ,1200 - 1500 RPM ,,Black ,, AM2 | AM2+ | AM3 | AM3+ | AM4 | FM1 | FM2 | FM2+ | LGA775 | LGA1150 | LGA1151 | LGA1155 | LGA1156 | LGA1200 | LGA1366 | LGA2011 | LGA2011-3 | LGA2066 | ,Yes - 120 mm ,No 
Jonsbo CR-201 HIVES (Black),Jonsbo ,CR-201 HIVES (Black) ,CR-201.HIVES.BK ,800 - 1500 RPM ,18.5 - 30.8 dB ,Black ,160 mm , AM2 | AM2+ | AM3 | AM3+ | AM4 | FM1 | FM2 | FM2+ | LGA775 | LGA1150 | LGA1151 | LGA1155 | LGA1156 | LGA1200 | ,No ,No 
CRYORIG C7 RGB,CRYORIG ,C7 RGB ,CR-C7RGB ,600 - 2500 RPM ,30 dB ,White ,47 mm , AM2 | AM2+ | AM3 | AM3+ | AM4 | FM1 | FM2 | FM2+ | LGA1150 | LGA1151 | LGA1155 | LGA1156 | LGA1200 | LGA1700 | LGA1851 | ,No ,No 
RAIJINTEK PALLAS 120 RGB,RAIJINTEK ,PALLAS 120 RGB ,0R10B00121 ,200 - 1400 RPM ,28.43 dB ,Black ,68 mm , AM2 | AM2+ | AM3 | AM3+ | AM4 | FM1 | FM2 | FM2+ | LGA775 | LGA1150 | LGA1151 | LGA1155 | LGA1156 | LGA1200 | LGA1366 | LGA2011 | LGA2011-3 | LGA2066 | ,No ,No 
RAIJINTEK JUNO PRO RBW,RAIJINTEK ,JUNO PRO RBW ,0R10B00120 ,400 - 1800 RPM ,28 dB ,Black ,66 mm , AM2 | AM2+ | AM3 | AM3+ | AM4 | FM1 | FM2 | FM2+ | LGA775 | LGA1150 | LGA1151 | LGA1155 | LGA1156 | LGA1200 | LGA1366 | ,No ,No 
Deepcool Captain 240 Pro,Deepcool ,Captain 240 Pro ,DP-GS-H12AR-CT240P ,500 - 1800 RPM ,30 dB ,Black ,, AM2 | AM2+ | AM3 | AM3+ | AM4 | sTR4 | sTRX4 | FM1 | FM2 | FM2+ | LGA1150 | LGA1151 | LGA1155 | LGA1156 | LGA1200 | LGA1366 | LGA2011 | LGA2011-3 | LGA2066 | ,Yes - 240 mm ,No 
Thermalright MACHO Rev.C,Thermalright ,,MACHO Rev.C ,600 - 1500 RPM ,19 - 23 dB ,Silver / Black ,158 mm , AM4 | LGA775 | LGA1150 | LGA1151 | LGA1155 | LGA1156 | LGA1200 | LGA1366 | LGA1700 | LGA1851 | LGA2011 | LGA2011-3 | LGA2066 | ,No ,No 
Enermax LIQTECH II 360,Enermax ,LIQTECH II 360 ,ELC-LTTO360-TBP-W ,500 - 2300 RPM ,14 - 28 dB ,White ,, AM2 | AM2+ | AM3 | AM3+ | AM4 | FM1 | FM2 | FM2+ | LGA1150 | LGA1151 | LGA1155 | LGA1156 | LGA1200 | LGA1366 | LGA1700 | LGA1851 | LGA2011 | LGA2011-3 | LGA2066 | ,Yes - 360 mm ,No 
Enermax Aquafusion 120,Enermax ,Aquafusion 120 ,ELC-AQF120-SQA ,500 - 2000 RPM ,17 - 32.6 dB ,Black ,, AM2 | AM2+ | AM3 | AM3+ | AM4 | AM5 | FM1 | FM2 | FM2+ | LGA1150 | LGA1151 | LGA1155 | LGA1156 | LGA1200 | LGA1366 | LGA1700 | LGA1851 | LGA2011 | LGA2011-3 | LGA2066 | ,Yes - 120 mm ,No 
Cooler Master I71C RGB,Cooler Master ,I71C RGB ,RR-I71C-20PC-B1 ,1800 RPM ,28 dB ,Silver / Black ,60 mm , LGA1150 | LGA1151 | LGA1155 | LGA1156 | LGA1200 | ,No ,No 
Silverstone PF360-ARGB,Silverstone ,PF360-ARGB ,SST-PF360-ARGB ,600 - 2200 RPM ,7.4 - 35.6 dB ,Black ,, AM2 | AM2+ | AM3 | AM3+ | AM4 | AM5 | FM1 | FM2 | FM2+ | LGA775 | LGA1150 | LGA1151 | LGA1155 | LGA1156 | LGA1200 | LGA1366 | LGA2011 | LGA2011-3 | LGA2066 | ,Yes - 360 mm ,No 
ID-COOLING AURAFLOW X,ID-COOLING ,,AURAFLOW X 240 SNOW ,700 - 1800 RPM ,18 - 35.2 dB ,Black ,, AM2 | AM2+ | AM3 | AM3+ | AM4 | AM5 | sTR4 | sTRX4 | FM1 | FM2 | FM2+ | LGA1150 | LGA1151 | LGA1155 | LGA1156 | LGA1200 | LGA1366 | LGA1700 | LGA1851 | LGA2011 | LGA2011-3 | LGA2066 | ,Yes - 240 mm ,No 
Thermaltake Floe Riing RGB 360 TR4 Edition,Thermaltake ,Floe Riing RGB 360 TR4 Edition ,CL-W235-PL12SW-A ,1000 - 2000 RPM ,21.8 - 33 dB ,Black ,, sTR4 | sTRX4 | ,Yes - 360 mm ,No 
Gelid Solutions Phantom Black,Gelid Solutions ,Phantom Black ,CC-Phantom-Black-01-A ,750 - 1600 RPM ,12 - 26.7 dB ,Black / Silver ,160 mm , AM2 | AM2+ | AM3 | AM3+ | AM4 | FM1 | FM2 | FM2+ | LGA775 | LGA1150 | LGA1151 | LGA1155 | LGA1156 | LGA1200 | LGA1366 | LGA2011 | LGA2011-3 | LGA2066 | ,No ,No 
upHere ACC92CF,upHere ,ACC92CF ,ACC92CF-USA ,600 - 1700 RPM ,16.1 - 27.7 dB ,Black ,65 mm , LGA775 | LGA1150 | LGA1151 | LGA1155 | LGA1156 | LGA1200 | LGA1366 | LGA2011 | LGA2011-3 | LGA2066 | ,No ,No 
upHere ACC92RD,upHere ,ACC92RD ,ACC92RD-USA ,600 - 1700 RPM ,16.1 - 27.7 dB ,Black ,65 mm , LGA775 | LGA1150 | LGA1151 | LGA1155 | LGA1156 | LGA1200 | LGA1366 | LGA2011 | LGA2011-3 | LGA2066 | ,No ,No 
upHere ACC92RGB,upHere ,ACC92RGB ,ACC92RGB-USA ,600 - 1700 RPM ,16.1 - 27.7 dB ,Black ,65 mm , LGA775 | LGA1150 | LGA1151 | LGA1155 | LGA1156 | LGA1200 | LGA1366 | LGA2011 | LGA2011-3 | LGA2066 | ,No ,No 
upHere CC120RGB,upHere ,CC120RGB ,cc120RGB-usa ,600 - 1700 RPM ,16.1 - 27.7 dB ,Black / White ,, AM2 | AM2+ | AM3 | AM3+ | AM4 | FM1 | FM2 | FM2+ | LGA1150 | LGA1151 | LGA1155 | LGA1156 | LGA1200 | LGA1366 | LGA2011 | LGA2011-3 | LGA2066 | ,Yes - 120 mm ,No 
ARCTIC Freezer i13 X,ARCTIC ,Freezer i13 X ,ACFRE00078A ,300 - 2000 RPM ,,Black / White ,137 mm , LGA1150 | LGA1151 | LGA1155 | LGA1156 | LGA1200 | LGA1700 | LGA1851 | LGA2011 | LGA2011-3 | LGA2066 | ,No ,No 
ARCTIC Freezer i13 X CO,ARCTIC ,Freezer i13 X CO ,ACFRE00079A ,300 - 2000 RPM ,,Black / White ,137 mm , LGA1150 | LGA1151 | LGA1155 | LGA1156 | LGA1200 | LGA1700 | LGA1851 | LGA2011 | LGA2011-3 | LGA2066 | ,No ,No 
Zalman CNPS16X,Zalman ,CNPS16X ,CNPS16X WHITE ,800 - 1500 RPM ,27 dB ,White ,165 mm , AM2 | AM2+ | AM3 | AM3+ | AM4 | FM1 | FM2 | FM2+ | LGA1150 | LGA1151 | LGA1155 | LGA1156 | LGA1200 | LGA2011 | LGA2011-3 | LGA2066 | ,No ,No 
Zalman CNPS16X,Zalman ,CNPS16X ,CNPS16X BLACK ,800 - 1500 RPM ,27 dB ,Black ,165 mm , AM2 | AM2+ | AM3 | AM3+ | AM4 | FM1 | FM2 | FM2+ | LGA1150 | LGA1151 | LGA1155 | LGA1156 | LGA1200 | LGA2011 | LGA2011-3 | LGA2066 | ,No ,No 
RAIJINTEK Orcus 360 RGW,RAIJINTEK ,Orcus 360 RGW ,0R10B00103 ,400 - 1800 RPM ,28 dB ,Black ,, AM2 | AM2+ | AM3 | AM3+ | AM4 | FM1 | FM2 | FM2+ | LGA775 | LGA1150 | LGA1151 | LGA1155 | LGA1156 | LGA1200 | LGA1366 | LGA2011 | LGA2011-3 | LGA2066 | ,Yes - 360 mm ,No 
Alpenföhn Glacier Water 360,Alpenföhn ,Glacier Water 360 ,84000000179 ,500 - 1600 RPM ,23.5 dB ,Black ,, AM2 | AM2+ | AM3 | AM3+ | AM4 | AM5 | sTR4 | sTRX4 | FM1 | FM2 | FM2+ | LGA1150 | LGA1151 | LGA1155 | LGA1156 | LGA1200 | LGA1366 | LGA2011 | LGA2011-3 | LGA2066 | ,Yes - 360 mm ,No 
Silverstone IceGem 240P,Silverstone ,IceGem 240P ,SST-IG240P-ARGB ,600 - 2200 RPM ,7.3 - 36.6 dB ,Black ,, AM2 | AM2+ | AM3 | AM3+ | AM4 | AM5 | sTR4 | sTRX4 | FM1 | FM2 | FM2+ | LGA1150 | LGA1151 | LGA1155 | LGA1156 | LGA1200 | LGA1366 | LGA2011 | LGA2011-3 | LGA2066 | ,Yes - 240 mm ,No 
ARESGAME RIVER 5,ARESGAME ,,RIVER 5 ,600 - 1800 RPM ,26.2 dB ,Black ,160 mm , AM2 | AM2+ | AM3 | AM3+ | AM4 | FM1 | FM2 | FM2+ | LGA775 | LGA1150 | LGA1151 | LGA1155 | LGA1156 | LGA1200 | LGA1366 | LGA2011 | LGA2011-3 | LGA2066 | ,No ,No 
Fractal Design Lumen S24,Fractal Design ,Lumen S24 ,FD-W-L1-S2401 ,500 - 2000 RPM ,10 - 33.2 dB ,Black ,, AM2 | AM2+ | AM3 | AM3+ | AM4 | AM5 | FM1 | FM2 | FM2+ | LGA1150 | LGA1151 | LGA1155 | LGA1156 | LGA1200 | LGA1366 | LGA1700 | LGA1851 | LGA2011 | LGA2011-3 | LGA2066 | ,Yes - 240 mm ,No 
Fractal Design Lumen S28 RGB,Fractal Design ,Lumen S28 RGB ,FD-W-L1-S2802 ,500 - 1700 RPM ,10 - 35.5 dB ,Black ,, AM2 | AM2+ | AM3 | AM3+ | AM4 | AM5 | FM1 | FM2 | FM2+ | LGA1150 | LGA1151 | LGA1155 | LGA1156 | LGA1200 | LGA1366 | LGA1700 | LGA1851 | LGA2011 | LGA2011-3 | LGA2066 | ,Yes - 280 mm ,No 
Iceberg Thermal IceSLEET X6,Iceberg Thermal ,IceSLEET X6 ,ICESLEETX6-00A ,500 - 1850 RPM ,0 - 36 dB ,Teal / Silver ,159 mm , AM2 | AM2+ | AM3 | AM3+ | AM4 | AM5 | FM1 | FM2 | FM2+ | LGA775 | LGA1150 | LGA1151 | LGA1155 | LGA1156 | LGA1200 | LGA1366 | LGA1700 | LGA1851 | LGA2011 | LGA2011-3 | LGA2066 | ,No ,No 
Iceberg Thermal IceSLEET G4 OC,Iceberg Thermal ,IceSLEET G4 OC ,ICESLEETG4OC-BBT-00A ,600 - 1400 RPM ,22.5 dB ,Black / Teal ,156 mm , AM2 | AM2+ | AM3 | AM3+ | AM4 | AM5 | FM1 | FM2 | FM2+ | LGA775 | LGA1150 | LGA1151 | LGA1155 | LGA1156 | LGA1200 | LGA1366 | LGA1700 | LGA1851 | ,No ,No 
GAMDIAS CHIONE E1,GAMDIAS ,,CHIONE E1-120 ,1500 RPM ,,Black ,, AM2 | AM2+ | AM3 | AM3+ | AM4 | FM1 | FM2 | FM2+ | LGA775 | LGA1150 | LGA1151 | LGA1155 | LGA1156 | LGA1200 | LGA1366 | LGA2011 | LGA2011-3 | LGA2066 | ,Yes - 120 mm ,No 
GAMDIAS CHIONE M2,GAMDIAS ,,CHIONE M2-240 LITE 2 ,1200 - 2400 RPM ,,Black ,, AM2 | AM2+ | AM3 | AM3+ | AM4 | FM1 | FM2 | FM2+ | LGA775 | LGA1150 | LGA1151 | LGA1155 | LGA1156 | LGA1200 | LGA1366 | LGA2011 | LGA2011-3 | LGA2066 | ,Yes - 240 mm ,No 
ARCTIC Liquid Freezer II 240 RGB,ARCTIC ,Liquid Freezer II 240 RGB ,ACFRE00099A ,200 - 1800 RPM ,22.5 dB ,Black ,, AM4 | AM5 | LGA1150 | LGA1151 | LGA1155 | LGA1156 | LGA1200 | LGA1700 | LGA1851 | LGA2011 | LGA2011-3 | LGA2066 | ,Yes - 240 mm ,No 
MSI MAG CORELIQUID RH,MSI ,,MAG CORELIQUID 240RH ,500 - 2000 RPM ,14.3 - 34.3 dB ,Black ,, AM2 | AM2+ | AM3 | AM3+ | AM4 | FM1 | FM2 | FM2+ | LGA1150 | LGA1151 | LGA1155 | LGA1156 | LGA1200 | LGA1366 | LGA2011 | LGA2011-3 | LGA2066 | ,Yes - 240 mm ,No 
Thermalright AXP-90i FULL Copper,Thermalright ,AXP-90i FULL Copper , AXP-90i Full Copper | LM-AXP-90i Co | ,2700 RPM ,22.4 dB ,Orange / Brown ,47 mm , LGA1150 | LGA1151 | LGA1155 | LGA1156 | LGA1200 | ,No ,No 
Thermaltake TOUGHLIQUID ARGB,Thermaltake ,,CL-W319-PL12TQ-A ,500 - 2000 RPM ,22.3 dB ,Teal ,, AM2 | AM2+ | AM3 | AM3+ | AM4 | FM1 | FM2 | FM2+ | LGA1150 | LGA1151 | LGA1155 | LGA1156 | LGA1200 | LGA1700 | LGA1851 | LGA2011 | LGA2011-3 | LGA2066 | ,Yes - 240 mm ,No 
Thermaltake TOUGHLIQUID ARGB,Thermaltake ,, CL-W321-PL12BL-A | CL-W321-PL12BL-B | ,500 - 2000 RPM ,22.3 dB ,Black ,, AM2 | AM2+ | AM3 | AM3+ | AM4 | FM1 | FM2 | FM2+ | LGA1150 | LGA1151 | LGA1155 | LGA1156 | LGA1200 | LGA1700 | LGA1851 | LGA2011 | LGA2011-3 | LGA2066 | ,Yes - 360 mm ,No 
ID-COOLING DK-19 PWM,ID-COOLING ,,DK-19 PWM ,600 - 2200 RPM ,14.2 - 25.8 dB ,,55 mm , LGA1700 | LGA1851 | ,No ,No 
ID-COOLING DK-17 PWM,ID-COOLING ,,DK-17 PWM ,600 - 2200 RPM ,14.2 - 25.8 dB ,,42 mm , LGA1700 | LGA1851 | ,No ,No 
ID-COOLING DK-15 PWM,ID-COOLING ,,DK-15 PWM ,600 - 2000 RPM ,14.2 - 26.5 dB ,,57 mm , LGA1150 | LGA1151 | LGA1155 | LGA1156 | LGA1200 | ,No ,No 
ID-COOLING DK-03i PWM RED,ID-COOLING ,,DK-03i PWM RED ,500 - 1800 RPM ,16 - 20.2 dB ,,68 mm , LGA1150 | LGA1151 | LGA1155 | LGA1156 | LGA1200 | ,No ,No 
ID-COOLING DK-01S,ID-COOLING ,,DK-01S ,2200 RPM ,23.8 dB ,,43 mm , LGA1150 | LGA1151 | LGA1155 | LGA1156 | LGA1200 | LGA1700 | LGA1851 | ,No ,No 
ID-COOLING SE-903-SD,ID-COOLING ,,SE-903-SD ,2000 RPM ,23.1 dB ,,123 mm , AM2 | AM2+ | AM3 | AM3+ | AM4 | AM5 | FM1 | FM2 | FM2+ | LGA1150 | LGA1151 | LGA1155 | LGA1156 | LGA1200 | LGA1700 | LGA1851 | ,No ,No 
ID-COOLING SE-903-R V2,ID-COOLING ,,SE-903-R V2 ,2200 RPM ,23.1 dB ,,123 mm , LGA1150 | LGA1151 | LGA1155 | LGA1156 | LGA1200 | ,No ,No 
ID-COOLING SE-224-XT ARGB V3,ID-COOLING ,,SE-224-XT ARGB V3 ,500 - 1500 RPM ,13.8 - 30.5 dB ,,153 mm , AM4 | AM5 | LGA1150 | LGA1151 | LGA1155 | LGA1156 | LGA1200 | LGA1700 | LGA1851 | LGA2011 | LGA2011-3 | LGA2066 | ,No ,No 
Cooler Master i70,Cooler Master ,i70 , RR-I70-20FK-R1 | i70 | ,1800 RPM ,28 dB ,Black / Silver ,60 mm , LGA1150 | LGA1151 | LGA1155 | LGA1156 | LGA1200 | ,No ,No 
Cooler Master X Dream P115,Cooler Master ,X Dream P115 ,RR-X115-40PK-R1 ,900 - 4000 RPM ,19 - 36 dB ,,47 mm , LGA1150 | LGA1151 | LGA1155 | LGA1156 | LGA1200 | ,No ,No 
Jonsbo HX7280,Jonsbo ,, HX7280 | Jonsbo HX7280 | ,700 - 1800 RPM ,28 - 38 dB ,Black ,160 mm , AM4 | AM5 | LGA1150 | LGA1151 | LGA1155 | LGA1156 | LGA1200 | LGA1700 | LGA1851 | LGA2011 | LGA2011-3 | LGA2066 | ,No ,No 
Thermalright Frozen Magic 120,Thermalright ,,Frozen Magic 120 ,1500 RPM ,25.6 dB ,Black ,, AM2 | AM2+ | AM3 | AM3+ | AM4 | AM5 | FM1 | FM2 | FM2+ | LGA1150 | LGA1151 | LGA1155 | LGA1156 | LGA1200 | LGA1700 | LGA1851 | LGA2011 | LGA2011-3 | LGA2066 | ,Yes - 120 mm ,No 
Jonsbo HX4170D,Jonsbo ,,HX4170D Black ,600 - 3300 RPM ,28.4 dB ,Black ,45 mm , AM4 | LGA1150 | LGA1151 | LGA1155 | LGA1156 | LGA1200 | LGA1700 | LGA1851 | ,No ,No 
Jonsbo HX6240,Jonsbo ,,HX6240 White ,700 - 1800 RPM ,28 - 37.6 dB ,White ,162 mm , AM4 | AM5 | LGA1150 | LGA1151 | LGA1155 | LGA1156 | LGA1200 | LGA1700 | LGA1851 | LGA2011 | LGA2011-3 | LGA2066 | ,No ,No 
Jonsbo PISA A5,Jonsbo ,,PISA A5 Grey ,800 - 1850 RPM ,36.8 dB ,Gray ,153 mm , AM4 | AM5 | LGA1150 | LGA1151 | LGA1155 | LGA1156 | LGA1200 | LGA1700 | LGA1851 | ,No ,No 
Jonsbo CR-1100,Jonsbo ,, CR-1100 gray | CR-1100 grey | ,600 - 1500 RPM ,18 - 31 dB ,Gray / Black ,165 mm , AM4 | AM5 | LGA775 | LGA1150 | LGA1151 | LGA1155 | LGA1156 | LGA1200 | LGA1366 | LGA1700 | LGA1851 | ,No ,No 
Jonsbo CR-1400,Jonsbo ,,CR-1400 Color White ,900 - 2300 RPM ,20 - 30.5 dB ,White ,126 mm , AM4 | AM5 | LGA1150 | LGA1151 | LGA1155 | LGA1156 | LGA1200 | LGA1700 | LGA1851 | ,No ,No 
TEAMGROUP SIREN GD240E,TEAMGROUP ,SIREN GD240E ,TB120602 ,600 - 2200 RPM ,14.3 - 35.6 dB ,White ,49 mm , AM2 | AM2+ | AM3 | AM3+ | AM4 | AM5 | FM1 | FM2 | FM2+ | LGA1150 | LGA1151 | LGA1155 | LGA1156 | LGA1200 | LGA1366 | LGA1700 | LGA1851 | LGA2011 | LGA2011-3 | LGA2066 | ,Yes - 240 mm ,No 
Deepcool UL551 RGB,Deepcool ,,R-UL551-BKAMAB-G-17 ,500 - 1800 RPM ,26.8 dB ,Black ,71 mm , LGA1700 | LGA1851 | ,No ,No 
Noua Polaris LM240,Noua ,Polaris LM240 ,LC0320-LM240 ,2200 RPM ,38 dB ,Black / White ,, AM2 | AM2+ | AM3 | AM3+ | AM4 | FM1 | FM2 | FM2+ | LGA1150 | LGA1151 | LGA1155 | LGA1156 | LGA1200 | LGA2011 | LGA2011-3 | LGA2066 | ,Yes - 240 mm ,No 
Noua Jotun,Noua ,,AC0721-JOT18 ,1800 RPM ,23 dB ,Black / Silver ,133 mm , AM2 | AM2+ | AM3 | AM3+ | AM4 | FM1 | FM2 | FM2+ | LGA775 | LGA1150 | LGA1151 | LGA1155 | LGA1156 | LGA1200 | LGA1366 | ,No ,No 
Gelid Solutions Glacier,Gelid Solutions ,,CC-Glacier-01-A ,500 - 1600 RPM ,35 dB ,White ,152 mm , AM2 | AM2+ | AM3 | AM3+ | AM4 | AM5 | FM1 | FM2 | FM2+ | LGA775 | LGA1150 | LGA1151 | LGA1155 | LGA1156 | LGA1200 | LGA1366 | LGA1700 | LGA1851 | LGA2011 | LGA2011-3 | LGA2066 | ,No ,No 
Cooler Master MasterAir MA824 Stealth 30th Anniversary Edition,Cooler Master ,,MAM-D8PN-318PK-30 ,,0 - 24.6 dB ,Black ,166 mm , AM4 | AM5 | LGA1150 | LGA1151 | LGA1155 | LGA1156 | LGA1200 | LGA1700 | LGA1851 | ,No ,No 
GAMDIAS CHIONE P3-240U,GAMDIAS ,,CHIONE P3-240U ,800 - 2000 RPM ,10 - 31 dB ,Black ,, AM2 | AM2+ | AM3 | AM3+ | AM4 | AM5 | sTR4 | sTRX4 | FM1 | FM2 | FM2+ | LGA1150 | LGA1151 | LGA1155 | LGA1156 | LGA1200 | LGA1366 | LGA1700 | LGA1851 | LGA2011 | LGA2011-3 | LGA2066 | ,Yes - 240 mm ,No 
Thermaltake TOUGHLIQUID ARGB,Thermaltake ,,CL-W336-PL12GM-A ,500 - 2500 RPM ,28.1 dB ,Black ,, sTR4 | sTRX4 | ,Yes - 360 mm ,No 
Thermalright Frozen Magic EX,Thermalright ,,Frozen Magic EX 240 ,1850 RPM ,29.6 dB ,Black ,, AM2 | AM2+ | AM3 | AM3+ | AM4 | AM5 | FM1 | FM2 | FM2+ | LGA1150 | LGA1151 | LGA1155 | LGA1156 | LGA1200 | LGA1700 | LGA1851 | LGA2011 | LGA2011-3 | LGA2066 | ,Yes - 240 mm ,No 
Valkyrie SYN,Valkyrie ,,VK-E240-W ,800 - 2150 RPM ,29 dB ,White / Blue ,, AM4 | AM5 | LGA1150 | LGA1151 | LGA1155 | LGA1156 | LGA1200 | LGA1700 | LGA1851 | LGA2011 | LGA2011-3 | LGA2066 | ,Yes - 240 mm ,No 
Geometric Future Eskimo Junior 36,Geometric Future ,Eskimo Junior 36 ,GEO-EJ-36B ,2000 RPM ,29 dB ,Black ,53 mm , AM2 | AM2+ | AM3 | AM3+ | AM4 | AM5 | sTR4 | sTRX4 | FM1 | FM2 | FM2+ | LGA1150 | LGA1151 | LGA1155 | LGA1156 | LGA1200 | LGA1700 | LGA1851 | LGA2011 | LGA2011-3 | LGA2066 | ,Yes - 360 mm ,No 
Enermax LIQMAX III RGB,Enermax ,,ELC-LMT120-RGB ,500 - 1600 RPM ,14 - 27 dB ,Black ,, AM2 | AM2+ | AM3 | AM3+ | AM4 | AM5 | FM1 | FM2 | FM2+ | LGA1150 | LGA1151 | LGA1155 | LGA1156 | LGA1200 | LGA1366 | LGA1700 | LGA1851 | LGA2011 | LGA2011-3 | LGA2066 | ,Yes - 120 mm ,No 
Enermax LIQMAX III RGB,Enermax ,,ELC-LMT240-RGB ,500 - 1600 RPM ,14 - 27 dB ,Black ,, AM2 | AM2+ | AM3 | AM3+ | AM4 | AM5 | FM1 | FM2 | FM2+ | LGA1150 | LGA1151 | LGA1155 | LGA1156 | LGA1200 | LGA1366 | LGA1700 | LGA1851 | LGA2011 | LGA2011-3 | LGA2066 | ,Yes - 240 mm ,No 
Yeston zeaginal Sakura,Yeston ,,Sakura 240-ARGB ,900 - 1800 RPM ,30 dB ,White ,, AM2 | AM2+ | AM3 | AM3+ | AM4 | AM5 | FM1 | FM2 | FM2+ | LGA1150 | LGA1151 | LGA1155 | LGA1156 | LGA1200 | LGA1700 | LGA1851 | ,Yes - 240 mm ,No 
ID-COOLING  IS-28i BLACK,ID-COOLING ,,IS-28i BLACK ,800 - 3600 RPM ,35.8 dB ,Black ,28 mm , LGA1150 | LGA1151 | LGA1155 | LGA1156 | LGA1200 | LGA1700 | LGA1851 | ,No ,No 
ID-COOLING IS-65-XT,ID-COOLING ,,IS-65-XT BLACK ,500 - 2200 RPM ,32.3 dB ,Black ,65 mm , AM4 | AM5 | LGA1150 | LGA1151 | LGA1155 | LGA1156 | LGA1200 | LGA1700 | LGA1851 | ,No ,No 
ID-COOLING SE-213X-B,ID-COOLING ,,SE-213X-B ,500 - 1800 RPM ,28 dB ,Black / Blue ,143 mm , AM2 | AM2+ | AM3 | AM3+ | AM4 | AM5 | FM1 | FM2 | FM2+ | LGA1150 | LGA1151 | LGA1155 | LGA1156 | LGA1200 | LGA1700 | LGA1851 | ,No ,No 
ID-COOLING SE-903-XT-ARGB,ID-COOLING ,,SE-903-XT-ARGB WHITE ,500 - 2200 RPM ,25.8 dB ,White ,123 mm , AM4 | AM5 | LGA1150 | LGA1151 | LGA1155 | LGA1156 | LGA1200 | LGA1700 | LGA1851 | ,No ,No 
Xilence LQ240 ARGB,Xilence ,LQ240 ARGB , XC974 | LQ240 White ARGB | LQ240.W.ARGB | ,500 - 1500 RPM ,18 - 30.2 dB ,White ,47 mm , AM4 | AM5 | LGA1150 | LGA1151 | LGA1155 | LGA1156 | LGA1200 | LGA1700 | LGA1851 | LGA2011 | LGA2011-3 | LGA2066 | ,Yes - 240 mm ,No 
Akasa SOHO 240 Dusk,Akasa ,SOHO 240 Dusk ,AK-LC4003HP01 ,500 - 2000 RPM ,14.5 - 31.8 dB ,Black ,, AM4 | AM5 | LGA1150 | LGA1151 | LGA1155 | LGA1156 | LGA1200 | LGA1700 | LGA1851 | LGA2011 | LGA2011-3 | LGA2066 | ,Yes - 240 mm ,No 
Geometric Future Prawn,Geometric Future ,,GF-Prawn ,2000 RPM ,29.8 dB ,Black / Silver ,154 mm , AM2 | AM2+ | AM3 | AM3+ | AM4 | AM5 | FM1 | FM2 | FM2+ | LGA1150 | LGA1151 | LGA1155 | LGA1156 | LGA1200 | LGA1700 | LGA1851 | ,No ,No 
SilentiumPC Spartan 4 MAX,SilentiumPC ,,SPC272 ,300 - 1600 RPM ,,Black / Silver ,143 mm , AM2 | AM2+ | AM3 | AM3+ | AM4 | FM1 | FM2 | FM2+ | LGA1150 | LGA1151 | LGA1155 | LGA1156 | LGA1200 | ,No ,No 
Vetroo R360,Vetroo ,R360 ,VT-AIO-R360-BK ,,,Black ,55 mm , AM4 | AM5 | LGA1150 | LGA1151 | LGA1155 | LGA1156 | LGA1200 | LGA1700 | LGA1851 | ,Yes - 360 mm ,No 
GAMDIAS AURA GL360,GAMDIAS ,,AURA GL360 ,800 - 2000 RPM ,11 - 29 dB ,Black ,, AM2 | AM2+ | AM3 | AM3+ | AM4 | AM5 | FM1 | FM2 | FM2+ | LGA1150 | LGA1151 | LGA1155 | LGA1156 | LGA1200 | LGA1700 | LGA1851 | LGA2011 | LGA2011-3 | LGA2066 | ,Yes - 360 mm ,No 
Jonsbo CR-3000E ARGB,Jonsbo ,,CR-3000E ARGB Black ,600 - 1600 RPM ,22 - 34 dB ,Black ,155 mm , AM4 | AM5 | LGA1150 | LGA1151 | LGA1155 | LGA1156 | LGA1200 | LGA1700 | LGA1851 | ,No ,No 
upHere UP2TC6,upHere ,,UP2TC6 ,600 - 1650 RPM ,25 dB ,White ,158 mm , AM2 | AM2+ | AM3 | AM3+ | AM4 | AM5 | FM1 | FM2 | FM2+ | LGA1150 | LGA1151 | LGA1155 | LGA1156 | LGA1200 | LGA1366 | LGA1700 | LGA1851 | ,No ,No 
upHere E360KC,upHere ,,E360KC ,600 - 1800 RPM ,27 dB ,Black ,62 mm , AM4 | AM5 | LGA1150 | LGA1151 | LGA1155 | LGA1156 | LGA1200 | LGA1700 | LGA1851 | ,Yes - 360 mm ,No 
Cooler Master MasterLiquid 360 Ion,Cooler Master ,MasterLiquid 360 Ion ,MLY-D36M-A24PZ-RW ,,30 dB ,White ,66 mm , AM4 | AM5 | LGA1150 | LGA1151 | LGA1155 | LGA1156 | LGA1200 | LGA1700 | LGA1851 | ,Yes - 360 mm ,No 
Thermaltake A4021,Thermaltake ,,A4021 ,2200 RPM ,18 dB ,,78 mm ,LGA775 ,No ,No 
Gelid Solutions Slimhero,Gelid Solutions ,, Slimhero | CC-Shero-01-A | ,750 - 1600 RPM ,12 - 25.4 dB ,,59 mm , AM2 | AM2+ | AM3 | AM3+ | FM1 | FM2 | FM2+ | LGA775 | LGA1150 | LGA1151 | LGA1155 | LGA1156 | LGA1200 | LGA1366 | ,No ,No 
Silverstone Argon AR09-115XS,Silverstone ,Argon AR09-115XS , SST-AR09-115XS | AR09-115XS | ,1200 - 5000 RPM ,18.02 - 42.5 dB ,,66 mm , LGA1150 | LGA1151 | LGA1155 | LGA1156 | LGA1200 | ,No ,No 
Gelid Solutions Rev. 2 Tranquillo,Gelid Solutions ,Rev. 2 Tranquillo ,CC-TranQ-02-A ,750 - 1500 RPM ,12 - 25.5 dB ,,153 mm , AM2 | AM2+ | AM3 | AM3+ | FM1 | FM2 | FM2+ | LGA775 | LGA1150 | LGA1151 | LGA1155 | LGA1156 | LGA1200 | LGA1366 | ,No ,No 
Iceberg Thermal IceSLEET X9 Dual TR,Iceberg Thermal ,IceSLEET X9 Dual TR ,ICESLEETX9-D0A ,500 - 1850 RPM ,0 - 38 dB ,Teal / Silver ,166 mm , sTR4 | sTRX4 | ,No ,No 
Cooler Master DI5-8E5PA-0L-GP,Cooler Master ,,DI5-8E5PA-0L-GP ,2800 RPM ,22 dB ,,45 mm ,LGA775 ,No ,No 
Cooler Master Hyper N520,Cooler Master ,Hyper N520 ,RR-920-N520-GP ,,19 dB ,,141 mm , AM2 | AM2+ | AM3 | AM3+ | FM1 | FM2 | FM2+ | LGA775 | LGA1150 | LGA1151 | LGA1155 | LGA1156 | LGA1200 | LGA1366 | ,No ,No 
Cooler Master RR-LEE-L911-GP,Cooler Master ,,RR-LEE-L911-GP ,2200 RPM ,17 dB ,,57 mm ,LGA775 ,No ,No 
Cooler Master V6 GT,Cooler Master ,V6 GT ,RR-V6GT-22PK-R1 ,800 - 2200 RPM ,15 - 38 dB ,,165 mm , AM2 | AM2+ | AM3 | AM3+ | FM1 | FM2 | FM2+ | LGA775 | LGA1150 | LGA1151 | LGA1155 | LGA1156 | LGA1200 | LGA1366 | ,No ,No 
Dynatron T195,Dynatron ,,T195 ,1000 - 5000 RPM ,20.5 - 49.8 dB ,,29 mm ,LGA775 ,No ,No 
Thermaltake CLP0534,Thermaltake ,,CLP0534 ,1200 - 2400 RPM ,20 - 26.9 dB ,,36 mm , LGA775 | LGA1150 | LGA1151 | LGA1155 | LGA1156 | LGA1200 | ,No ,No 
Thermaltake CLP0552,Thermaltake ,,CLP0552 ,800 - 1700 RPM ,22 dB ,,140 mm , LGA1150 | LGA1151 | LGA1155 | LGA1156 | LGA1200 | ,No ,No 
Zalman CNPS 7500 Cu LED,Zalman ,,CNPS 7500 Cu LED ,1150 - 2300 RPM ,17 - 32 dB ,,67 mm , AM2 | AM2+ | AM3 | AM3+ | FM1 | FM2 | FM2+ | ,No ,No 
Zalman CNPS 9700 NT,Zalman ,,CNPS 9700 NT ,1250 - 2800 RPM ,19.5 - 35 dB ,,142 mm , AM2 | AM2+ | AM3 | AM3+ | FM1 | FM2 | FM2+ | LGA775 | ,No ,No 
Zalman CNPS9900ALED,Zalman ,,CNPS9900ALED ,800 - 2000 RPM ,18 - 38 dB ,,152 mm , AM2 | AM2+ | AM3 | AM3+ | FM1 | FM2 | FM2+ | LGA775 | LGA1150 | LGA1151 | LGA1155 | LGA1156 | LGA1200 | LGA1366 | ,No ,No 
Silverstone NT01-E,Silverstone ,,NT01-E ,,0 dB ,,109 mm , AM2 | AM2+ | AM3 | AM3+ | FM1 | FM2 | FM2+ | LGA775 | ,No ,No 
Masscool 5U1082F1M4,Masscool ,,5U1082F1M4 ,2000 - 3600 RPM ,23 - 45.9 dB ,,70 mm , AM2 | AM2+ | AM3 | AM3+ | FM1 | FM2 | FM2+ | ,No ,No 
Rosewill RCX-Z80-AL,Rosewill ,,RCX-Z80-AL ,2500 RPM ,22.41 dB ,,70 mm , AM2 | AM2+ | AM3 | AM3+ | FM1 | FM2 | FM2+ | ,No ,No 
Rosewill RCX-Z90-AL,Rosewill ,,RCX-Z90-AL ,600 - 3000 RPM ,15 - 30 dB ,,62 mm ,LGA775 ,No ,No 
Scythe SCRT-1000,Scythe ,,SCRT-1000 ,470 - 1900 RPM ,9.8 - 27.3 dB ,,130 mm , AM2 | AM2+ | AM3 | AM3+ | FM1 | FM2 | FM2+ | LGA775 | LGA1150 | LGA1151 | LGA1155 | LGA1156 | LGA1200 | LGA1366 | ,No ,No 
Silverstone NT06-E,Silverstone ,,NT06-E ,,0 dB ,,149 mm , AM2 | AM2+ | AM3 | AM3+ | FM1 | FM2 | FM2+ | LGA775 | LGA1150 | LGA1151 | LGA1155 | LGA1156 | LGA1200 | LGA1366 | ,No ,No 
Silverstone NT07-1156,Silverstone ,,NT07-1156 ,1200 - 3000 RPM ,15 - 38 dB ,,37 mm , LGA1150 | LGA1151 | LGA1155 | LGA1156 | LGA1200 | ,No ,No 
StarTech FANK8AM2,StarTech ,,FANK8AM2 ,2600 RPM ,28 dB ,,55 mm , AM2 | AM2+ | AM3 | AM3+ | FM1 | FM2 | FM2+ | ,No ,No 
Xigmatek Aegir SD128264,Xigmatek ,Aegir SD128264 ,AEGIR SD128264 ,1000 - 2200 RPM ,20 dB ,,159 mm , AM2 | AM2+ | AM3 | AM3+ | FM1 | FM2 | FM2+ | LGA775 | LGA1150 | LGA1151 | LGA1155 | LGA1156 | LGA1200 | LGA1366 | ,No ,No 
Xigmatek HDT-D1284,Xigmatek ,,HDT-D1284 ,800 - 1500 RPM ,27.2 dB ,,134 mm , AM2 | AM2+ | AM3 | AM3+ | FM1 | FM2 | FM2+ | LGA775 | ,No ,No 
Xigmatek HDT-S963,Xigmatek ,,HDT-S963 ,1200 - 2800 RPM ,23 - 35 dB ,,134 mm , AM2 | AM2+ | AM3 | AM3+ | FM1 | FM2 | FM2+ | LGA775 | ,No ,No 
Zalman CNPS11X Extreme,Zalman ,,CNPS11X Extreme ,1000 - 1950 RPM ,17 - 33 dB ,,154 mm , AM2 | AM2+ | AM3 | AM3+ | FM1 | FM2 | FM2+ | LGA775 | LGA1150 | LGA1151 | LGA1155 | LGA1156 | LGA1200 | LGA1366 | ,No ,No 
Evercool NI01-9525EP,Evercool ,,NI01-9525EP ,2600 RPM ,33 dB ,,40 mm , LGA1150 | LGA1151 | LGA1155 | LGA1156 | LGA1200 | ,No ,No 
Thermaltake CLP0550,Thermaltake ,,CLP0550 ,740 - 3700 RPM ,21 - 40 dB ,,62 mm , LGA1150 | LGA1151 | LGA1155 | LGA1156 | LGA1200 | ,No ,No 
Thermaltake CL-P0101,Thermaltake ,,CL-P0101 ,600 - 3700 RPM ,15 - 46.5 dB ,,40 mm ,LGA775 ,No ,No 
Cooler Master CHD-00008-01-GP,Cooler Master ,,CHD-00008-01-GP ,2200 RPM ,22 dB ,,,LGA775 ,No ,No 
Evercool HPI-12025,Evercool ,,HPI-12025 ,1200 - 1800 RPM ,23 - 30 dB ,,140 mm , AM2 | AM2+ | AM3 | AM3+ | FM1 | FM2 | FM2+ | LGA775 | ,No ,No 
Zalman CNPS7X LED,Zalman ,,CNPS7X LED ,1250 - 1950 RPM ,17 - 25 dB ,,135 mm , AM2 | AM2+ | AM3 | AM3+ | FM1 | FM2 | FM2+ | LGA775 | LGA1150 | LGA1151 | LGA1155 | LGA1156 | LGA1200 | LGA1366 | ,No ,No 
Antec KUHLER H2O 920,Antec ,,KUHLER H2O 920 ,700 - 2400 RPM ,27.4 dB ,,, AM2 | AM2+ | AM3 | AM3+ | FM1 | FM2 | FM2+ | LGA775 | LGA1150 | LGA1151 | LGA1155 | LGA1156 | LGA1200 | LGA1366 | ,Yes - 120 mm ,No 
Sunbeam Twister 120,Sunbeam ,Twister 120 ,CW-TWI-120-SV ,,16 dB ,,151 mm , AM2 | AM2+ | AM3 | AM3+ | FM1 | FM2 | FM2+ | LGA775 | LGA1150 | LGA1151 | LGA1155 | LGA1156 | LGA1200 | LGA1366 | ,No ,No 
Corsair H40,Corsair ,,H40 ,2000 RPM ,,,, AM2 | AM2+ | AM3 | AM3+ | FM1 | FM2 | FM2+ | LGA775 | LGA1150 | LGA1151 | LGA1155 | LGA1156 | LGA1200 | LGA1366 | ,Yes - 120 mm ,No 
ARCTIC Alpine 11 GT Rev. 2,ARCTIC ,Alpine 11 GT Rev. 2 ,ACALP11-GT-R2 ,500 - 2000 RPM ,,,64 mm , LGA775 | LGA1150 | LGA1151 | LGA1155 | LGA1156 | LGA1200 | ,No ,No 
Gelid Solutions Siberian,Gelid Solutions ,Siberian ,CC-Siberian-01 ,900 - 2200 RPM ,10 - 22.5 dB ,,66 mm , AM2 | AM2+ | AM3 | AM3+ | FM1 | FM2 | FM2+ | LGA775 | LGA1150 | LGA1151 | LGA1155 | LGA1156 | LGA1200 | ,No ,No 
ZEROtherm BTF90,ZEROtherm ,,BTF90 ,750 - 2500 RPM ,18 - 27 dB ,,128 mm , AM2 | AM2+ | AM3 | AM3+ | FM1 | FM2 | FM2+ | LGA775 | ,No ,No 
ZEROtherm ZT-1000D 1156,ZEROtherm ,,ZT-1000D 1156 ,3000 RPM ,,,67 mm , LGA1150 | LGA1151 | LGA1155 | LGA1156 | LGA1200 | ,No ,No 
Scythe SCNJ-3100,Scythe ,,SCNJ-3100 ,470 - 1900 RPM ,7.05 - 37 dB ,,160 mm , AM2 | AM2+ | AM3 | AM3+ | FM1 | FM2 | FM2+ | LGA775 | LGA1150 | LGA1151 | LGA1155 | LGA1156 | LGA1200 | LGA1366 | LGA2011 | LGA2011-3 | LGA2066 | ,No ,No 
SilenX EFZ-120HA4,SilenX ,,EFZ-120HA4 ,800 - 2000 RPM ,8 - 28 dB ,,153 mm , AM2 | AM2+ | AM3 | AM3+ | FM1 | FM2 | FM2+ | LGA775 | LGA1150 | LGA1151 | LGA1155 | LGA1156 | LGA1200 | ,No ,No 
Nexus FLC-3000 R2,Nexus ,,FLC-3000 R2 ,900 - 2500 RPM ,15 - 24 dB ,,119 mm , AM2 | AM2+ | AM3 | AM3+ | FM1 | FM2 | FM2+ | LGA775 | LGA1150 | LGA1151 | LGA1155 | LGA1156 | LGA1200 | LGA1366 | ,No ,No 
Phanteks PH-TC14PE_OR,Phanteks ,,PH-TC14PE_OR ,700 - 1200 RPM ,13.4 - 19 dB ,,171 mm , AM2 | AM2+ | AM3 | AM3+ | FM1 | FM2 | FM2+ | LGA1150 | LGA1151 | LGA1155 | LGA1156 | LGA1200 | LGA1366 | LGA2011 | LGA2011-3 | LGA2066 | ,No ,No 
Phanteks PH-TC14PE,Phanteks ,,PH-TC14PE ,700 - 1200 RPM ,13.4 - 19 dB ,,171 mm , AM2 | AM2+ | AM3 | AM3+ | AM4 | FM1 | FM2 | FM2+ | LGA775 | LGA1150 | LGA1151 | LGA1155 | LGA1156 | LGA1200 | LGA1366 | LGA2011 | LGA2011-3 | LGA2066 | ,No ,No 
Cooler Master Gemin II S524,Cooler Master ,Gemin II S524 ,RR-G524-18PK-R2 ,800 - 1800 RPM ,15.1 - 31.6 dB ,,105 mm , AM2 | AM2+ | AM3 | AM3+ | FM1 | FM2 | FM2+ | LGA775 | LGA1150 | LGA1151 | LGA1155 | LGA1156 | LGA1200 | LGA1366 | ,No ,No 
Thermaltake Water 2.0 Extreme,Thermaltake ,Water 2.0 Extreme ,CLW0217 ,1200 - 2000 RPM ,27.36 dB ,,, AM2 | AM2+ | AM3 | AM3+ | FM1 | FM2 | FM2+ | LGA775 | LGA1150 | LGA1151 | LGA1155 | LGA1156 | LGA1200 | LGA1366 | LGA2011 | LGA2011-3 | LGA2066 | ,Yes - 240 mm ,No 
NZXT HAVIK 120,NZXT ,HAVIK 120 ,RC-HV120-01 ,1200 - 1500 RPM ,18 - 22 dB ,,160 mm , AM2 | AM2+ | AM3 | AM3+ | FM1 | FM2 | FM2+ | LGA775 | LGA1150 | LGA1151 | LGA1155 | LGA1156 | LGA1200 | LGA1366 | LGA2011 | LGA2011-3 | LGA2066 | ,No ,No 
Xigmatek Dark Knight II SD1283,Xigmatek ,Dark Knight II SD1283 ,Dark Knight II SD1283 Night Hawk Edition ,1000 - 2200 RPM ,30.1 dB ,,159 mm , AM2 | AM2+ | AM3 | AM3+ | FM1 | FM2 | FM2+ | LGA775 | LGA1150 | LGA1151 | LGA1155 | LGA1156 | LGA1200 | LGA1366 | LGA2011 | LGA2011-3 | LGA2066 | ,No ,No 
Gelid Solutions Slim Silence A-Plus,Gelid Solutions ,Slim Silence A-Plus ,CC-Ssilence-APLUS ,1200 - 2600 RPM ,15 - 27.2 dB ,,28 mm , AM2 | AM2+ | AM3 | AM3+ | FM1 | FM2 | FM2+ | ,No ,No 
Phanteks PH-TC14CS_RD,Phanteks ,,PH-TC14CS_RD ,1300 RPM ,13.4 - 19 dB ,,112 mm , AM2 | AM2+ | AM3 | AM3+ | FM1 | FM2 | FM2+ | LGA775 | LGA1150 | LGA1151 | LGA1155 | LGA1156 | LGA1200 | LGA1366 | LGA2011 | LGA2011-3 | LGA2066 | ,No ,No 
ARCTIC Alpine 11,ARCTIC ,Alpine 11 ,UCACO-AP111-GBB01 ,900 - 2000 RPM ,14 dB ,,82 mm , LGA775 | LGA1150 | LGA1151 | LGA1155 | LGA1156 | LGA1200 | ,No ,No 
Zalman CNPS8000B,Zalman ,,CNPS8000B ,1400 - 2800 RPM ,20 - 32 dB ,,66 mm , AM2 | AM2+ | AM3 | AM3+ | FM1 | FM2 | FM2+ | LGA775 | LGA1150 | LGA1151 | LGA1155 | LGA1156 | LGA1200 | LGA1366 | ,No ,No 
Masscool 8W2002F1M4,Masscool ,,8W2002F1M4 ,800 - 2800 RPM ,20 - 34 dB ,,63 mm , LGA1150 | LGA1151 | LGA1155 | LGA1156 | LGA1200 | ,No ,No 
Prolimatech PRO-MGH-B,Prolimatech ,,PRO-MGH-B ,,,,159 mm , LGA775 | LGA1150 | LGA1151 | LGA1155 | LGA1156 | LGA1200 | LGA1366 | ,No ,Yes 
Masscool 8W5020F1M,Masscool ,,8W5020F1M ,800 - 2800 RPM ,20 - 34 dB ,,38 mm , LGA1150 | LGA1151 | LGA1155 | LGA1156 | LGA1200 | ,No ,No 
Evercool TTC-NK85TZ/V2(RB),Evercool ,,TTC-NK85TZ/V2(RB) ,800 - 2150 RPM ,17.2 - 39 dB ,,156 mm , AM2 | AM2+ | AM3 | AM3+ | FM1 | FM2 | FM2+ | LGA775 | LGA1150 | LGA1151 | LGA1155 | LGA1156 | LGA1200 | LGA1366 | ,No ,No 
ARCTIC Freezer i30 Extreme,ARCTIC ,Freezer i30 Extreme ,ACFZI30 ,400 - 1350 RPM ,,,161 mm , LGA1150 | LGA1151 | LGA1155 | LGA1156 | LGA1200 | LGA2011 | LGA2011-3 | LGA2066 | ,No ,No 
Scythe SCKTN-4000,Scythe ,,SCKTN-4000 ,300 - 2500 RPM ,7.2 - 31.07 dB ,,143 mm , AM2 | AM2+ | AM3 | AM3+ | AM4 | AM5 | FM1 | FM2 | FM2+ | LGA775 | LGA1150 | LGA1151 | LGA1155 | LGA1156 | LGA1200 | LGA1366 | LGA2011 | LGA2011-3 | LGA2066 | ,No ,No 
Prolimatech PRO-ARMGD,Prolimatech ,,PRO-ARMGD ,,,,160 mm , AM2 | AM2+ | AM3 | AM3+ | FM1 | FM2 | FM2+ | LGA1150 | LGA1151 | LGA1155 | LGA1156 | LGA1200 | LGA1366 | LGA2011 | LGA2011-3 | LGA2066 | ,No ,Yes 
Enermax ELC120-TA,Enermax ,,ELC120-TA ,800 - 2200 RPM ,18.5 - 32.8 dB ,,, AM2 | AM2+ | AM3 | AM3+ | FM1 | FM2 | FM2+ | LGA775 | LGA1150 | LGA1151 | LGA1155 | LGA1156 | LGA1200 | LGA1366 | LGA2011 | LGA2011-3 | LGA2066 | ,Yes - 120 mm ,No 
Phanteks PH-TC12DX_RD,Phanteks ,,PH-TC12DX_RD ,600 - 1800 RPM ,21.9 - 27.6 dB ,,157 mm , AM2 | AM2+ | AM3 | AM3+ | FM1 | FM2 | FM2+ | LGA775 | LGA1150 | LGA1151 | LGA1155 | LGA1156 | LGA1200 | LGA1366 | LGA2011 | LGA2011-3 | LGA2066 | ,No ,No 
NZXT Respire T40,NZXT ,Respire T40 , RC-RST40-01 | Respire T40 | ,1300 - 1800 RPM ,26.5 - 34 dB ,,160 mm , AM2 | AM2+ | AM3 | AM3+ | FM1 | FM2 | FM2+ | LGA775 | LGA1150 | LGA1151 | LGA1155 | LGA1156 | LGA1200 | LGA1366 | LGA2011 | LGA2011-3 | LGA2066 | ,No ,No 
Zalman LQ-320,Zalman ,,LQ-320 ,900 - 2000 RPM ,,,, AM2 | AM2+ | AM3 | AM3+ | FM1 | FM2 | FM2+ | LGA1150 | LGA1151 | LGA1155 | LGA1156 | LGA1200 | LGA1366 | LGA2011 | LGA2011-3 | LGA2066 | ,Yes - 120 mm ,No 
Zalman LQ-310,Zalman ,,LQ-310 ,900 - 2000 RPM ,,,, AM2 | AM2+ | AM3 | AM3+ | FM1 | FM2 | FM2+ | LGA1150 | LGA1151 | LGA1155 | LGA1156 | LGA1200 | LGA1366 | LGA2011 | LGA2011-3 | LGA2066 | ,Yes - 120 mm ,No 
Titan TTC-NC55TZ/RB,Titan ,,TTC-NC55TZ/RB ,1800 - 2200 RPM ,28.8 - 38 dB ,,162 mm , AM2 | AM2+ | AM3 | AM3+ | FM1 | FM2 | FM2+ | LGA775 | LGA1150 | LGA1151 | LGA1155 | LGA1156 | LGA1200 | LGA1366 | LGA2011 | LGA2011-3 | LGA2066 | ,No ,No 
Phanteks PH-TC12DX_BL,Phanteks ,,PH-TC12DX_BL ,600 - 1800 RPM ,21.9 - 27.6 dB ,,157 mm , AM2 | AM2+ | AM3 | AM3+ | FM1 | FM2 | FM2+ | LGA775 | LGA1150 | LGA1151 | LGA1155 | LGA1156 | LGA1200 | LGA1366 | LGA2011 | LGA2011-3 | LGA2066 | ,No ,No 
Evercool HPO-12025,Evercool ,,HPO-12025 ,1400 - 2200 RPM ,16 - 38 dB ,,165 mm , AM2 | AM2+ | AM3 | AM3+ | FM1 | FM2 | FM2+ | LGA775 | LGA1150 | LGA1151 | LGA1155 | LGA1156 | LGA1200 | LGA1366 | LGA2011 | LGA2011-3 | LGA2066 | ,No ,No 
Cooler Master RR-T812-24PK-R2,Cooler Master ,,RR-T812-24PK-R2 ,600 - 2400 RPM ,19 - 40 dB ,,163 mm , AM2 | AM2+ | AM3 | AM3+ | FM1 | FM2 | FM2+ | LGA775 | LGA1150 | LGA1151 | LGA1155 | LGA1156 | LGA1200 | LGA1366 | LGA2011 | LGA2011-3 | LGA2066 | ,No ,No 
Silverstone AR01,Silverstone ,,AR01 ,1000 - 2200 RPM ,16.39 - 33.5 dB ,,159 mm , AM2 | AM2+ | AM3 | AM3+ | FM1 | FM2 | FM2+ | LGA775 | LGA1150 | LGA1151 | LGA1155 | LGA1156 | LGA1200 | LGA1366 | LGA2011 | LGA2011-3 | LGA2066 | ,No ,No 
Thermaltake NiC C5,Thermaltake ,NiC C5 ,CLP0608 ,1000 - 2000 RPM ,20 - 39.9 dB ,,160 mm , AM2 | AM2+ | AM3 | AM3+ | FM1 | FM2 | FM2+ | LGA775 | LGA1150 | LGA1151 | LGA1155 | LGA1156 | LGA1200 | LGA1366 | LGA2011 | LGA2011-3 | LGA2066 | ,No ,No 
be quiet! Shadow Rock Topflow SR1,be quiet! ,Shadow Rock Topflow SR1 ,BK012 ,1500 RPM ,9.6 - 24.4 dB ,,126 mm , AM2 | AM2+ | AM3 | AM3+ | FM1 | FM2 | FM2+ | LGA775 | LGA1150 | LGA1151 | LGA1155 | LGA1156 | LGA1200 | LGA1366 | LGA2011 | LGA2011-3 | LGA2066 | ,No ,No 
be quiet! Dark Rock 2,be quiet! ,Dark Rock 2 ,BK015 ,1300 RPM ,8.7 - 21.2 dB ,,166 mm , AM2 | AM2+ | AM3 | AM3+ | FM1 | FM2 | FM2+ | LGA775 | LGA1150 | LGA1151 | LGA1155 | LGA1156 | LGA1200 | LGA1366 | LGA2011 | LGA2011-3 | LGA2066 | ,No ,No 
Thermaltake CLW0214,Thermaltake ,,CLW0214 ,1200 - 2500 RPM ,20 - 43 dB ,,, AM2 | AM2+ | AM3 | AM3+ | FM1 | FM2 | FM2+ | LGA775 | LGA1150 | LGA1151 | LGA1155 | LGA1156 | LGA1200 | LGA1366 | LGA2011 | LGA2011-3 | LGA2066 | ,Yes - 120 mm ,No 
Dynatron R12,Dynatron ,,R12 ,,0 dB ,,26 mm , LGA2011 | LGA2011-3 | LGA2066 | ,No ,Yes 
Dynatron R17,Dynatron ,,R17 ,1000 - 2500 RPM ,17 - 31.92 dB ,,110 mm , LGA2011 | LGA2011-3 | LGA2066 | ,No ,No 
Xigmatek Praeton LD963,Xigmatek ,Praeton LD963 ,CAC-D9HH3-U01 ,1200 - 2800 RPM ,22 dB ,,44 mm , AM2 | AM2+ | AM3 | AM3+ | FM1 | FM2 | FM2+ | LGA775 | LGA1150 | LGA1151 | LGA1155 | LGA1156 | LGA1200 | LGA1366 | ,No ,No 
Cooler Master Glacer 240L,Cooler Master ,Glacer 240L ,RL-G24L-24PK-R1 ,2400 RPM ,19 - 40.33 dB ,,, AM2 | AM2+ | AM3 | AM3+ | FM1 | FM2 | FM2+ | LGA775 | LGA1150 | LGA1151 | LGA1155 | LGA1156 | LGA1200 | LGA1366 | LGA2011 | LGA2011-3 | LGA2066 | ,Yes - 240 mm ,No 
Dynatron T450,Dynatron ,,T450 ,800 - 2500 RPM ,16 - 27.3 dB ,,31 mm , LGA1150 | LGA1151 | LGA1155 | LGA1156 | LGA1200 | ,No ,No 
Thermalright HR-02 Rev.A(BW),Thermalright ,HR-02 Rev.A(BW) ,HR-O2 Rev.A(BW) ,900 - 1300 RPM ,17 - 21 dB ,,162 mm , AM2 | AM2+ | AM3 | AM3+ | AM4 | FM1 | FM2 | FM2+ | LGA775 | LGA1150 | LGA1151 | LGA1155 | LGA1156 | LGA1200 | LGA1366 | LGA2011 | LGA2011-3 | LGA2066 | ,No ,No 
Thermalright Macho-120,Thermalright ,,Macho-120 ,900 - 1300 RPM ,17 - 21 dB ,,150 mm , AM2 | AM2+ | AM3 | AM3+ | AM4 | FM1 | FM2 | FM2+ | LGA775 | LGA1150 | LGA1151 | LGA1155 | LGA1156 | LGA1200 | LGA1366 | LGA1700 | LGA1851 | LGA2011 | LGA2011-3 | LGA2066 | ,No ,No 
Enermax Liqtech 120X,Enermax ,Liqtech 120X ,ELC-LT120X-HP ,600 - 2500 RPM ,15 - 30 dB ,,, AM2 | AM2+ | AM3 | AM3+ | FM1 | FM2 | FM2+ | LGA775 | LGA1150 | LGA1151 | LGA1155 | LGA1156 | LGA1200 | LGA1366 | LGA2011 | LGA2011-3 | LGA2066 | ,Yes - 120 mm ,No 
Enermax Liqtech 240,Enermax ,Liqtech 240 ,ELC-LT240-HP ,2500 RPM ,30 dB ,,, AM2 | AM2+ | AM3 | AM3+ | FM1 | FM2 | FM2+ | LGA775 | LGA1150 | LGA1151 | LGA1155 | LGA1156 | LGA1200 | LGA1366 | LGA2011 | LGA2011-3 | LGA2066 | ,Yes - 240 mm ,No 
Thermaltake NiC L32,Thermaltake ,NiC L32 ,CL-P002-AL14RE-A ,500 - 1800 RPM ,18 - 38.4 dB ,,160 mm , AM2 | AM2+ | AM3 | AM3+ | FM1 | FM2 | FM2+ | LGA775 | LGA1150 | LGA1151 | LGA1155 | LGA1156 | LGA1200 | LGA1366 | LGA2011 | LGA2011-3 | LGA2066 | ,No ,No 
Thermalright HR-22,Thermalright ,,HR-22 ,,,,159 mm , AM2 | AM2+ | AM3 | AM3+ | AM4 | FM1 | FM2 | FM2+ | LGA1150 | LGA1151 | LGA1155 | LGA1156 | LGA1200 | LGA1366 | LGA2011 | LGA2011-3 | LGA2066 | ,No ,Yes 
Thermalright SILVER ARROW IB-E,Thermalright ,,SILVER ARROW IB-E ,900 - 1300 RPM ,21 - 25 dB ,,163 mm , AM2 | AM2+ | AM3 | AM3+ | AM4 | FM1 | FM2 | FM2+ | LGA775 | LGA1150 | LGA1151 | LGA1155 | LGA1156 | LGA1200 | LGA1366 | LGA1700 | LGA1851 | LGA2011 | LGA2011-3 | LGA2066 | ,No ,No 
RAIJINTEK THEMIS,RAIJINTEK ,THEMIS ,0P105255 ,1000 - 1500 RPM ,24.53 dB ,,158 mm , AM2 | AM2+ | AM3 | AM3+ | FM1 | FM2 | FM2+ | LGA775 | LGA1150 | LGA1151 | LGA1155 | LGA1156 | LGA1200 | LGA1366 | LGA2011 | LGA2011-3 | LGA2066 | ,No ,No 
RAIJINTEK PALLAS Red,RAIJINTEK ,PALLAS Red ,0R100004 ,650 - 1400 RPM ,28 dB ,,68 mm , AM2 | AM2+ | AM3 | AM3+ | FM1 | FM2 | FM2+ | LGA775 | LGA1150 | LGA1151 | LGA1155 | LGA1156 | LGA1200 | LGA1366 | LGA2011 | LGA2011-3 | LGA2066 | ,No ,No 
RAIJINTEK RHEA,RAIJINTEK ,RHEA ,0R100005 ,800 - 2200 RPM ,27.9 dB ,,118 mm , LGA1150 | LGA1151 | LGA1155 | LGA1156 | LGA1200 | ,No ,No 
Zalman Reserator 3 MAX Dual,Zalman ,,Reserator 3 MAX Dual ,1000 - 2300 RPM ,23.2 - 46.6 dB ,,, AM2 | AM2+ | AM3 | AM3+ | FM1 | FM2 | FM2+ | LGA775 | LGA1150 | LGA1151 | LGA1155 | LGA1156 | LGA1200 | LGA1366 | LGA2011 | LGA2011-3 | LGA2066 | ,Yes - 240 mm ,No 
LEPA LPALV12-BK,LEPA ,,LPALV12-BK ,2200 RPM ,23 dB ,,160 mm , AM2 | AM2+ | AM3 | AM3+ | FM1 | FM2 | FM2+ | LGA775 | LGA1150 | LGA1151 | LGA1155 | LGA1156 | LGA1200 | LGA1366 | LGA2011 | LGA2011-3 | LGA2066 | ,No ,No 
Zero Infinity Shiva,Zero Infinity ,Shiva ,SHI-001PB ,2200 RPM ,,,132 mm , AM2 | AM2+ | AM3 | AM3+ | FM1 | FM2 | FM2+ | LGA775 | LGA1150 | LGA1151 | LGA1155 | LGA1156 | LGA1200 | LGA1366 | ,No ,No 
Swiftech H220-X,Swiftech ,,H220-X ,800 - 1800 RPM ,16 - 33 dB ,,, AM2 | AM2+ | AM3 | AM3+ | FM1 | FM2 | FM2+ | LGA775 | LGA1150 | LGA1151 | LGA1155 | LGA1156 | LGA1200 | LGA1366 | LGA2011 | LGA2011-3 | LGA2066 | ,Yes - 240 mm ,No 
Deepcool LUCIFER,Deepcool ,,LUCIFER ,700 - 1400 RPM ,17.8 - 31.1 dB ,,167 mm , AM2 | AM2+ | AM3 | AM3+ | AM4 | FM1 | FM2 | FM2+ | LGA775 | LGA1150 | LGA1151 | LGA1155 | LGA1156 | LGA1200 | LGA1366 | LGA2011 | LGA2011-3 | LGA2066 | ,No ,No 
RAIJINTEK TRITON RED,RAIJINTEK ,TRITON RED ,0R100020 ,1000 - 2600 RPM ,21.6 - 36.6 dB ,,, AM2 | AM2+ | AM3 | AM3+ | FM1 | FM2 | FM2+ | LGA775 | LGA1150 | LGA1151 | LGA1155 | LGA1156 | LGA1200 | LGA1366 | LGA2011 | LGA2011-3 | LGA2066 | ,Yes - 240 mm ,No 
Thermaltake MeOrb II,Thermaltake ,MeOrb II ,CL-P004-AL08BL-A ,1500 - 2500 RPM ,18.5 - 28 dB ,,35 mm , AM2 | AM2+ | AM3 | AM3+ | FM1 | FM2 | FM2+ | LGA775 | LGA1150 | LGA1151 | LGA1155 | LGA1156 | LGA1200 | ,No ,No 
Thermaltake CL-P008-AL09WT-A,Thermaltake ,,CL-P008-AL09WT-A ,1800 RPM ,21 dB ,,31 mm , LGA1150 | LGA1151 | LGA1155 | LGA1156 | LGA1200 | ,No ,No 
Swiftech H240-X,Swiftech ,,H240-X ,700 - 1800 RPM ,8.3 - 28.8 dB ,,, AM2 | AM2+ | AM3 | AM3+ | FM1 | FM2 | FM2+ | LGA775 | LGA1150 | LGA1151 | LGA1155 | LGA1156 | LGA1200 | LGA1366 | LGA2011 | LGA2011-3 | LGA2066 | ,Yes - 280 mm ,No 
Akasa Venom Medusa,Akasa ,Venom Medusa ,AK-CC4010HP01 ,500 - 1600 RPM ,6.9 - 28.9 dB ,,163 mm , AM2 | AM2+ | AM3 | AM3+ | FM1 | FM2 | FM2+ | LGA775 | LGA1150 | LGA1151 | LGA1155 | LGA1156 | LGA1200 | LGA1366 | LGA2011 | LGA2011-3 | LGA2066 | ,No ,No 
Gelid Solutions GX7,Gelid Solutions ,GX7 ,CC-GX7-02-A ,750 - 1800 RPM ,12 - 28 dB ,,159 mm , AM2 | AM2+ | AM3 | AM3+ | FM1 | FM2 | FM2+ | LGA775 | LGA1150 | LGA1151 | LGA1155 | LGA1156 | LGA1200 | LGA1366 | ,No ,No 
Prolimatech Basic 45,Prolimatech ,Basic 45 ,PRO-BSC-45 ,1000 - 2000 RPM ,,,125 mm , AM2 | AM2+ | AM3 | AM3+ | FM1 | FM2 | FM2+ | LGA1150 | LGA1151 | LGA1155 | LGA1156 | LGA1200 | ,No ,No 
Prolimatech Basic 48,Prolimatech ,Basic 48 ,PRO-BSC-48 ,1000 - 2000 RPM ,,,125 mm , AM2 | AM2+ | AM3 | AM3+ | FM1 | FM2 | FM2+ | LGA1150 | LGA1151 | LGA1155 | LGA1156 | LGA1200 | ,No ,No 
Prolimatech Basic 65,Prolimatech ,Basic 65 ,PRO-BSC-65 ,600 - 1600 RPM ,,,148 mm , AM2 | AM2+ | AM3 | AM3+ | FM1 | FM2 | FM2+ | LGA1150 | LGA1151 | LGA1155 | LGA1156 | LGA1200 | ,No ,No 
Fractal Design Kelvin S36,Fractal Design ,Kelvin S36 ,FD-WCU-KELVIN-S36-BK ,800 - 1700 RPM ,26.9 dB ,,, AM2 | AM2+ | AM3 | AM3+ | AM4 | AM5 | FM1 | FM2 | FM2+ | LGA775 | LGA1150 | LGA1151 | LGA1155 | LGA1156 | LGA1200 | LGA1366 | LGA2011 | LGA2011-3 | LGA2066 | ,Yes - 360 mm ,No 
LEPA AquaChanger 120,LEPA ,AquaChanger 120 ,LPWAC120-HF ,500 - 2300 RPM ,14 - 35 dB ,,, AM2 | AM2+ | AM3 | AM3+ | FM1 | FM2 | FM2+ | LGA775 | LGA1150 | LGA1151 | LGA1155 | LGA1156 | LGA1200 | LGA1366 | LGA2011 | LGA2011-3 | LGA2066 | ,Yes - 120 mm ,No 
Phanteks PH-TC14S_BK,Phanteks ,,PH-TC14S_BK ,500 - 1600 RPM ,25.3 dB ,,160 mm , AM2 | AM2+ | AM3 | AM3+ | FM1 | FM2 | FM2+ | LGA775 | LGA1150 | LGA1151 | LGA1155 | LGA1156 | LGA1200 | LGA1366 | LGA2011 | LGA2011-3 | LGA2066 | ,No ,No 
Xigmatek Loki II,Xigmatek ,Loki II ,CAC-S9HH3-U07 ,1200 - 2800 RPM ,20 - 28 dB ,,134 mm , AM2 | AM2+ | AM3 | AM3+ | FM1 | FM2 | FM2+ | LGA775 | LGA1150 | LGA1151 | LGA1155 | LGA1156 | LGA1200 | LGA1366 | ,No ,No 
Thermaltake Frio Silent 12,Thermaltake ,Frio Silent 12 ,CL-P001-AL12BL-B ,1400 RPM ,12 - 19.2 dB ,,140 mm , AM2 | AM2+ | AM3 | AM3+ | FM1 | FM2 | FM2+ | LGA775 | LGA1150 | LGA1151 | LGA1155 | LGA1156 | LGA1200 | LGA1366 | LGA2011 | LGA2011-3 | LGA2066 | ,No ,No 
Xigmatek Dark Knight SD1483 Night Hawk,Xigmatek ,Dark Knight SD1483 Night Hawk ,EN6602 ,800 - 1200 RPM ,18 dB ,,159 mm , AM2 | AM2+ | AM3 | AM3+ | FM1 | FM2 | FM2+ | LGA775 | LGA1150 | LGA1151 | LGA1155 | LGA1156 | LGA1200 | LGA2011 | LGA2011-3 | LGA2066 | ,No ,No 
Enermax Liqmax II 120,Enermax ,Liqmax II 120 ,ELC-LMR120S-BS ,500 - 2000 RPM ,16 - 35 dB ,,, AM2 | AM2+ | AM3 | AM3+ | AM4 | FM1 | FM2 | FM2+ | LGA775 | LGA1150 | LGA1151 | LGA1155 | LGA1156 | LGA1200 | LGA1366 | LGA2011 | LGA2011-3 | LGA2066 | ,Yes - 120 mm ,No 
RAIJINTEK TISIS,RAIJINTEK ,TISIS ,0R100013 ,600 - 1000 RPM ,23 dB ,,167 mm , AM2 | AM2+ | AM3 | AM3+ | FM1 | FM2 | FM2+ | LGA775 | LGA1150 | LGA1151 | LGA1155 | LGA1156 | LGA1200 | LGA1366 | LGA1700 | LGA1851 | LGA2011 | LGA2011-3 | LGA2066 | ,No ,No 
SilentiumPC Spartan LT HE922,SilentiumPC ,Spartan LT HE922 ,SPC091 ,800 - 2000 RPM ,9.9 - 21.9 dB ,,135 mm , AM2 | AM2+ | AM3 | AM3+ | FM1 | FM2 | FM2+ | LGA775 | LGA1150 | LGA1151 | LGA1155 | LGA1156 | LGA1200 | ,No ,No 
Scythe SCNJ-4000,Scythe ,,SCNJ-4000 ,300 - 1500 RPM ,4 - 29.5 dB ,,155 mm , AM2 | AM2+ | AM3 | AM3+ | AM4 | FM1 | FM2 | FM2+ | LGA775 | LGA1150 | LGA1151 | LGA1155 | LGA1156 | LGA1200 | LGA1366 | LGA2011 | LGA2011-3 | LGA2066 | ,No ,No 
Deepcool Maelstrom 120K,Deepcool ,Maelstrom 120K ,MAELSTROM 120K ,600 - 1800 RPM ,18.2 - 32.4 dB ,,, AM2 | AM2+ | AM3 | AM3+ | AM4 | FM1 | FM2 | FM2+ | LGA1150 | LGA1151 | LGA1155 | LGA1156 | LGA1200 | LGA1366 | LGA2011 | LGA2011-3 | LGA2066 | ,Yes - 120 mm ,No 
CRYORIG A80,CRYORIG ,, A80 | CR-A8A | ,600 - 1850 RPM ,13 - 38 dB ,,, AM2 | AM2+ | AM3 | AM3+ | AM4 | sTR4 | sTRX4 | FM1 | FM2 | FM2+ | LGA1150 | LGA1151 | LGA1155 | LGA1156 | LGA1200 | LGA1366 | LGA2011 | LGA2011-3 | LGA2066 | ,Yes - 280 mm ,No 
Enermax ETS-T40F-RF,Enermax ,,ETS-T40F-RF ,500 - 1200 RPM ,10 - 19 dB ,,162 mm , AM2 | AM2+ | AM3 | AM3+ | AM4 | FM1 | FM2 | FM2+ | LGA775 | LGA1150 | LGA1151 | LGA1155 | LGA1156 | LGA1200 | LGA1366 | LGA2011 | LGA2011-3 | LGA2066 | ,No ,No 
Silverstone NT01-PRO,Silverstone ,NT01-PRO , SST-NT01-PRO | NT01-PRO | ,,0 dB ,,120 mm , AM2 | AM2+ | AM3 | AM3+ | FM1 | FM2 | FM2+ | LGA775 | LGA1150 | LGA1151 | LGA1155 | LGA1156 | LGA1200 | LGA1366 | LGA2011 | LGA2011-3 | LGA2066 | ,No ,Yes 
Thermalright AXP-100R,Thermalright ,,AXP-100R ,900 - 2500 RPM ,22 - 30 dB ,,58 mm , AM2 | AM2+ | AM3 | AM3+ | AM4 | FM1 | FM2 | FM2+ | LGA775 | LGA1150 | LGA1151 | LGA1155 | LGA1156 | LGA1200 | LGA1366 | LGA1700 | LGA1851 | ,No ,No 
ID-COOLING SE-802,ID-COOLING ,,SE-802 ,2200 RPM ,23.3 dB ,,116 mm , AM2 | AM2+ | AM3 | AM3+ | FM1 | FM2 | FM2+ | LGA775 | LGA1150 | LGA1151 | LGA1155 | LGA1156 | LGA1200 | ,No ,No 
Thermalright Macho X2 Limited Edition,Thermalright ,,Macho X2 Limited Edition ,800 RPM ,15 dB ,,162 mm , AM2 | AM2+ | AM3 | AM3+ | AM4 | FM1 | FM2 | FM2+ | LGA775 | LGA1150 | LGA1151 | LGA1155 | LGA1156 | LGA1200 | LGA1366 | LGA1700 | LGA1851 | LGA2011 | LGA2011-3 | LGA2066 | ,No ,No 
Deepcool CAPTAIN 120 WHITE,Deepcool ,CAPTAIN 120 WHITE ,CAPTAIN120WHITE ,600 - 2200 RPM ,17.6 - 39.29 dB ,,, AM2 | AM2+ | AM3 | AM3+ | FM1 | FM2 | FM2+ | LGA1150 | LGA1151 | LGA1155 | LGA1156 | LGA1200 | LGA1366 | LGA2011 | LGA2011-3 | LGA2066 | ,Yes - 120 mm ,No 
ID-COOLING FROSTFLOW 240L-R,ID-COOLING ,,FROSTFLOW 240L-R ,800 - 2000 RPM ,20 - 38.2 dB ,,, AM2 | AM2+ | AM3 | AM3+ | FM1 | FM2 | FM2+ | LGA775 | LGA1150 | LGA1151 | LGA1155 | LGA1156 | LGA1200 | LGA1366 | LGA2011 | LGA2011-3 | LGA2066 | ,Yes - 240 mm ,No 
Thermalright Archon IB-E X2,Thermalright ,, Archon IB-E X2 | IB-E X2 | ,900 - 1300 RPM ,17 - 21 dB ,,165 mm , AM2 | AM2+ | AM3 | AM3+ | AM4 | AM5 | FM1 | FM2 | FM2+ | LGA775 | LGA1150 | LGA1151 | LGA1155 | LGA1156 | LGA1200 | LGA1366 | LGA1700 | LGA1851 | LGA2011 | LGA2011-3 | LGA2066 | ,No ,No 
Deepcool CAPTAIN 240 EX,Deepcool ,,CAPTAIN 240 EX ,500 - 1800 RPM ,17.6 - 31.3 dB ,,, AM2 | AM2+ | AM3 | AM3+ | AM4 | FM1 | FM2 | FM2+ | LGA1150 | LGA1151 | LGA1155 | LGA1156 | LGA1200 | LGA1366 | LGA2011 | LGA2011-3 | LGA2066 | ,Yes - 240 mm ,No 
Deepcool ICE BLADE 100,Deepcool ,,ICE BLADE 100 ,2200 RPM ,31.6 dB ,,135 mm , AM2 | AM2+ | AM3 | AM3+ | AM4 | AM5 | FM1 | FM2 | FM2+ | LGA775 | LGA1150 | LGA1151 | LGA1155 | LGA1156 | LGA1200 | ,No ,No 
Deepcool Maelstrom 120T RF,Deepcool ,,Maelstrom 120T RF ,600 - 1800 RPM ,17.8 - 34.1 dB ,,, AM2 | AM2+ | AM3 | AM3+ | AM4 | FM1 | FM2 | FM2+ | LGA1150 | LGA1151 | LGA1155 | LGA1156 | LGA1200 | LGA1366 | LGA2011 | LGA2011-3 | LGA2066 | ,Yes - 120 mm ,No 
Enermax ETS-T50 AXE (White),Enermax ,ETS-T50 AXE (White) ,ETS-T50A-WVS ,800 - 1800 RPM ,18.9 - 25 dB ,,160 mm , AM2 | AM2+ | AM3 | AM3+ | AM4 | FM1 | FM2 | FM2+ | LGA775 | LGA1150 | LGA1151 | LGA1155 | LGA1156 | LGA1200 | LGA1366 | LGA1700 | LGA1851 | LGA2011 | LGA2011-3 | LGA2066 | ,No ,No 
ID-COOLING ICEKIMO 120W,ID-COOLING ,,ICEKIMO 120W ,2500 RPM ,18 - 26.4 dB ,,, AM2 | AM2+ | AM3 | AM3+ | FM1 | FM2 | FM2+ | LGA775 | LGA1150 | LGA1151 | LGA1155 | LGA1156 | LGA1200 | LGA1366 | LGA2011 | LGA2011-3 | LGA2066 | ,Yes - 120 mm ,No 
Cooler Master MasterAir Pro 4,Cooler Master ,MasterAir Pro 4 ,MAY-T4PN-220PK-R1 ,650 - 2000 RPM ,6 - 30 dB ,,159 mm , AM2 | AM2+ | AM3 | AM3+ | AM4 | FM1 | FM2 | FM2+ | LGA775 | LGA1150 | LGA1151 | LGA1155 | LGA1156 | LGA1200 | LGA1366 | LGA2011 | LGA2011-3 | LGA2066 | ,No ,No 
RIOTORO BIFROST 240,RIOTORO ,,BIFROST 240 ,,,,, AM2 | AM2+ | AM3 | AM3+ | AM4 | FM1 | FM2 | FM2+ | LGA1150 | LGA1151 | LGA1155 | LGA1156 | LGA1200 | LGA1366 | LGA2011 | LGA2011-3 | LGA2066 | ,Yes - 240 mm ,No 
Gelid Solutions Rev. 4 Tranquillo,Gelid Solutions ,Rev. 4 Tranquillo ,CC-TranQ-04-A ,750 - 1600 RPM ,12 - 26.7 dB ,,154 mm , AM2 | AM2+ | AM3 | AM3+ | AM4 | FM1 | FM2 | FM2+ | LGA775 | LGA1150 | LGA1151 | LGA1155 | LGA1156 | LGA1200 | LGA1366 | LGA2011 | LGA2011-3 | LGA2066 | ,No ,No 
OcUK 240mm Extreme,OcUK ,240mm Extreme ,BU-096-TL ,,,,, LGA1150 | LGA1151 | LGA1155 | LGA1156 | LGA1200 | ,Yes - 240 mm ,No 
Enermax LiqTech TR4 240,Enermax ,LiqTech TR4 240 ,ELC-LTTR240-TBP ,500 - 2300 RPM ,14 - 28 dB ,,, sTR4 | sTRX4 | ,Yes - 240 mm ,No 
ARCTIC Freezer 33 eSports Edition (Black/White),ARCTIC ,Freezer 33 eSports Edition (Black/White) ,ACFRE00033A ,200 - 1800 RPM ,24.4 dB ,,150 mm , AM4 | AM5 | LGA1150 | LGA1151 | LGA1155 | LGA1156 | LGA1200 | LGA2011 | LGA2011-3 | LGA2066 | ,No ,No 
Scythe Kabuto 3,Scythe ,Kabuto 3 ,SCKBT-3000 ,300 - 1400 RPM ,4 - 28 dB ,,126 mm , AM2 | AM2+ | AM3 | AM3+ | AM4 | AM5 | FM1 | FM2 | FM2+ | LGA775 | LGA1150 | LGA1151 | LGA1155 | LGA1156 | LGA1200 | LGA1366 | ,No ,No 
Rosewill ROCC-16003,Rosewill ,,ROCC-16003 ,800 - 2200 RPM ,25 dB ,Black / Silver ,149 mm , AM2 | AM2+ | AM3 | AM3+ | AM4 | FM1 | FM2 | FM2+ | LGA775 | LGA1150 | LGA1151 | LGA1155 | LGA1156 | LGA1200 | LGA1366 | ,No ,No 
ARCTIC Freezer 33 eSports ONE (Black/Green),ARCTIC ,Freezer 33 eSports ONE (Black/Green) ,ACFRE00045A ,200 - 1800 RPM ,24.4 dB ,,150 mm , AM4 | AM5 | LGA1150 | LGA1151 | LGA1155 | LGA1156 | LGA1200 | LGA2011 | LGA2011-3 | LGA2066 | ,No ,No 
RAIJINTEK JUNO-X,RAIJINTEK ,JUNO-X ,0R100058 ,1200 - 2500 RPM ,26 dB ,Green / Black ,58 mm , AM2 | AM2+ | AM3 | AM3+ | AM4 | FM1 | FM2 | FM2+ | LGA775 | LGA1150 | LGA1151 | LGA1155 | LGA1156 | LGA1200 | ,No ,No 
RAIJINTEK JUNO-X,RAIJINTEK ,JUNO-X ,0R100059 ,1200 - 2500 RPM ,26 dB ,Blue / Black ,58 mm , AM2 | AM2+ | AM3 | AM3+ | AM4 | FM1 | FM2 | FM2+ | LGA775 | LGA1150 | LGA1151 | LGA1155 | LGA1156 | LGA1200 | ,No ,No 
RAIJINTEK LETO W,RAIJINTEK ,LETO W ,0R100061 ,800 - 1800 RPM ,29 dB ,Black / Blue ,157 mm , AM2 | AM2+ | AM3 | AM3+ | AM4 | FM1 | FM2 | FM2+ | LGA775 | LGA1150 | LGA1151 | LGA1155 | LGA1156 | LGA1200 | LGA1366 | LGA2011 | LGA2011-3 | LGA2066 | ,No ,No 
RAIJINTEK LETO B,RAIJINTEK ,LETO B ,0R100063 ,800 - 1800 RPM ,29 dB ,Black / Blue ,157 mm , AM2 | AM2+ | AM3 | AM3+ | AM4 | FM1 | FM2 | FM2+ | LGA775 | LGA1150 | LGA1151 | LGA1155 | LGA1156 | LGA1200 | LGA1366 | LGA2011 | LGA2011-3 | LGA2066 | ,No ,No 
ID-COOLING AURAFLOW 120 SNOW,ID-COOLING ,,AURAFLOW 120 SNOW ,700 - 1800 RPM ,18 - 35.2 dB ,White ,, AM2 | AM2+ | AM3 | AM3+ | AM4 | AM5 | FM1 | FM2 | FM2+ | LGA775 | LGA1150 | LGA1151 | LGA1155 | LGA1156 | LGA1200 | LGA1366 | LGA2011 | LGA2011-3 | LGA2066 | ,Yes - 120 mm ,No 
Scythe SCBYK-1000,Scythe ,,SCBYK-1000 ,300 - 2300 RPM ,7.2 - 28.26 dB ,Silver / Black ,130 mm , AM2 | AM2+ | AM3 | AM3+ | AM4 | FM1 | FM2 | FM2+ | LGA775 | LGA1150 | LGA1151 | LGA1155 | LGA1156 | LGA1200 | LGA1366 | ,No ,No 
Cooler Master MasterAir MA620P TUF Gaming Edition,Cooler Master ,MasterAir MA620P TUF Gaming Edition ,MAP-D6PN-AFNPC-R1 ,600 - 1800 RPM ,6 - 31 dB ,Black / Yellow ,166 mm , AM2 | AM2+ | AM3 | AM3+ | AM4 | FM1 | FM2 | FM2+ | LGA1150 | LGA1151 | LGA1155 | LGA1156 | LGA1200 | LGA1366 | LGA2011 | LGA2011-3 | LGA2066 | ,No ,No 
Antec Mercury 240 RGB,Antec ,Mercury 240 RGB , Mercury 240RGB | 0-761345-74013-5 | ,900 - 1800 RPM ,36 dB ,Black / White ,, AM2 | AM2+ | AM3 | AM3+ | AM4 | sTR4 | sTRX4 | FM1 | FM2 | FM2+ | LGA775 | LGA1150 | LGA1151 | LGA1155 | LGA1156 | LGA1200 | LGA1366 | LGA2011 | LGA2011-3 | LGA2066 | ,Yes - 240 mm ,No 
Antec Mercury 120,Antec ,,Mercury 120 ,900 - 1800 RPM ,30 dB ,Black / White ,, AM2 | AM2+ | AM3 | AM3+ | AM4 | sTR4 | sTRX4 | FM1 | FM2 | FM2+ | LGA775 | LGA1150 | LGA1151 | LGA1155 | LGA1156 | LGA1200 | LGA1366 | LGA2011 | LGA2011-3 | LGA2066 | ,Yes - 120 mm ,No 
LEPA NEOllusion-RGB M/B Sync,LEPA ,NEOllusion-RGB M/B Sync ,LPANL12-MS ,400 - 1800 RPM ,14 - 33 dB ,Black ,162 mm , AM2 | AM2+ | AM3 | AM3+ | AM4 | FM1 | FM2 | FM2+ | LGA775 | LGA1150 | LGA1151 | LGA1155 | LGA1156 | LGA1200 | LGA1366 | LGA2011 | LGA2011-3 | LGA2066 | ,No ,No 
CRYORIG H7 Plus,CRYORIG ,, H7 Plus | CR-H7PLUS | ,300 - 1600 RPM ,25 dB ,Black / Silver ,145 mm , AM2 | AM2+ | AM3 | AM3+ | AM4 | FM1 | FM2 | FM2+ | LGA1150 | LGA1151 | LGA1155 | LGA1156 | LGA1200 | ,No ,No 
Deepcool NEPTWIN WHITE,Deepcool ,,NEPTWIN WHITE ,900 - 1500 RPM ,17.8 - 30 dB ,White ,159 mm , AM2 | AM2+ | AM3 | AM3+ | AM4 | FM1 | FM2 | FM2+ | LGA775 | LGA1150 | LGA1151 | LGA1155 | LGA1156 | LGA1200 | LGA1366 | LGA1700 | LGA1851 | LGA2011 | LGA2011-3 | LGA2066 | ,No ,No 
Rosewill PB240,Rosewill ,,PB240 ,600 - 1800 RPM ,34.1 dB ,Black ,, AM2 | AM2+ | AM3 | AM3+ | AM4 | FM1 | FM2 | FM2+ | LGA775 | LGA1150 | LGA1151 | LGA1155 | LGA1156 | LGA1200 | LGA1366 | LGA2011 | LGA2011-3 | LGA2066 | ,Yes - 240 mm ,No 
ID-COOLING Chromaflow240,ID-COOLING ,,Chromaflow240 ,900 - 2000 RPM ,16.3 - 33.5 dB ,Black ,, AM2 | AM2+ | AM3 | AM3+ | AM4 | AM5 | sTR4 | sTRX4 | FM1 | FM2 | FM2+ | LGA775 | LGA1150 | LGA1151 | LGA1155 | LGA1156 | LGA1200 | LGA2011 | LGA2011-3 | LGA2066 | ,Yes - 240 mm ,No 
Cooler Master MasterLiquid ML240R RGB Phantom Gaming Edition,Cooler Master ,MasterLiquid ML240R RGB Phantom Gaming Edition ,MLX-D24M-A20PC-RP ,650 - 2000 RPM ,6 - 30 dB ,Black ,, AM2 | AM2+ | AM3 | AM3+ | AM4 | AM5 | FM1 | FM2 | FM2+ | LGA775 | LGA1150 | LGA1151 | LGA1155 | LGA1156 | LGA1200 | LGA1366 | LGA2011 | LGA2011-3 | LGA2066 | ,Yes - 240 mm ,No 
RAIJINTEK MYA RBW,RAIJINTEK ,MYA RBW ,0R10B00094 ,200 - 1400 RPM ,28.43 dB ,Black ,163 mm , AM2 | AM2+ | AM3 | AM3+ | AM4 | FM1 | FM2 | FM2+ | LGA775 | LGA1150 | LGA1151 | LGA1155 | LGA1156 | LGA1200 | LGA1366 | LGA2011 | LGA2011-3 | LGA2066 | ,No ,No 
Enermax Liqtech II 360,Enermax ,Liqtech II 360 ,ELC-LTTO360-TBP ,500 - 2300 RPM ,14 - 28 dB ,Black ,, AM2 | AM2+ | AM3 | AM3+ | AM4 | FM1 | FM2 | FM2+ | LGA1150 | LGA1151 | LGA1155 | LGA1156 | LGA1200 | LGA1366 | LGA1700 | LGA1851 | LGA2011 | LGA2011-3 | LGA2066 | ,Yes - 360 mm ,No 
Scythe Choten TUF Gaming Alliance,Scythe ,Choten TUF Gaming Alliance ,SCCT-1000TUF ,300 - 1200 RPM ,4 - 24.9 dB ,Black / Yellow ,122 mm , AM2 | AM2+ | AM3 | AM3+ | AM4 | AM5 | FM1 | FM2 | FM2+ | LGA775 | LGA1150 | LGA1151 | LGA1155 | LGA1156 | LGA1200 | LGA1366 | LGA1700 | LGA1851 | LGA2011 | LGA2011-3 | LGA2066 | ,No ,No 
Thermalright AXP-100RH,Thermalright ,,AXP-100RH ,900 - 2500 RPM ,,Black / Red ,65 mm , AM2 | AM2+ | AM3 | AM3+ | AM4 | FM1 | FM2 | FM2+ | LGA775 | LGA1150 | LGA1151 | LGA1155 | LGA1156 | LGA1200 | LGA1366 | LGA1700 | LGA1851 | LGA2011 | LGA2011-3 | LGA2066 | ,No ,No 
Thermalright AXP-200 Muscle,Thermalright ,,AXP-200 Muscle ,700 - 1300 RPM ,,Black / White ,73 mm , AM2 | AM2+ | AM3 | AM3+ | AM4 | FM1 | FM2 | FM2+ | LGA775 | LGA1150 | LGA1151 | LGA1155 | LGA1156 | LGA1200 | LGA1366 | LGA1700 | LGA1851 | ,No ,No 
GAMDIAS CHIONE P1A-360R,GAMDIAS ,,CHIONE P1A-360R ,800 - 1500 RPM ,16 - 22 dB ,Black ,, AM2 | AM2+ | AM3 | AM3+ | AM4 | FM1 | FM2 | FM2+ | LGA775 | LGA1366 | LGA2011 | LGA2011-3 | LGA2066 | ,Yes - 360 mm ,No 
Thermalright SilverArrow T8,Thermalright ,,SilverArrow T8 ,600 - 1800 RPM ,19 - 25 dB ,Silver / Red ,158 mm , AM4 | LGA775 | LGA1150 | LGA1151 | LGA1155 | LGA1156 | LGA1200 | LGA1366 | LGA2011 | LGA2011-3 | LGA2066 | ,No ,No 
Thermalright ARO-M14G,Thermalright ,, ARO-M14G | 100700734 | ,300 - 1300 RPM ,15 - 21 dB ,,162 mm ,AM4 ,No ,No 
GameMax Iceberg 120 ARGB,GameMax ,Iceberg 120 ARGB ,GMX ICEBERG120ARGB ,1100 RPM ,25 dB ,Black ,, AM2 | AM2+ | AM3 | AM3+ | AM4 | FM1 | FM2 | FM2+ | LGA1150 | LGA1151 | LGA1155 | LGA1156 | LGA1200 | LGA1366 | LGA2011 | LGA2011-3 | LGA2066 | ,Yes - 120 mm ,No 
Cooler Master MasterLiquid ML240 RGB (TR4 Edition),Cooler Master ,MasterLiquid ML240 RGB (TR4 Edition) ,MLX-D24M-A20PC-T1 ,650 - 2000 RPM ,6 - 30 dB ,Black ,, sTR4 | sTRX4 | ,Yes - 240 mm ,No 
Rosewill PB240-RGB,Rosewill ,,PB240-RGB ,1500 RPM ,26.8 dB ,Black ,, AM2 | AM2+ | AM3 | AM3+ | AM4 | FM1 | FM2 | FM2+ | LGA775 | LGA1150 | LGA1151 | LGA1155 | LGA1156 | LGA1200 | LGA1366 | LGA2011 | LGA2011-3 | LGA2066 | ,Yes - 240 mm ,No 
Rosewill PB120-RGB,Rosewill ,,PB120-RGB ,800 - 1800 RPM ,27.8 dB ,Black ,, AM2 | AM2+ | AM3 | AM3+ | AM4 | FM1 | FM2 | FM2+ | LGA775 | LGA1150 | LGA1151 | LGA1155 | LGA1156 | LGA1200 | LGA1366 | LGA2011 | LGA2011-3 | LGA2066 | ,Yes - 120 mm ,No 
Silverstone HE01-V2,Silverstone ,HE01-V2 ,SST-HE01-V2 ,500 - 2000 RPM ,18 - 41 dB ,Silver / Black ,164 mm , AM2 | AM2+ | AM3 | AM3+ | AM4 | FM1 | FM2 | FM2+ | LGA775 | LGA1150 | LGA1151 | LGA1155 | LGA1156 | LGA1200 | LGA1366 | LGA2011 | LGA2011-3 | LGA2066 | ,No ,No 
Phanteks PH-TC12LS_RGB,Phanteks ,,PH-TC12LS_RGB ,,25 dB ,Black / White ,74 mm , AM2 | AM2+ | AM3 | AM3+ | AM4 | FM1 | FM2 | FM2+ | LGA775 | LGA1150 | LGA1151 | LGA1155 | LGA1156 | LGA1200 | LGA1366 | LGA2011 | LGA2011-3 | LGA2066 | ,No ,No 
ID-COOLING IS-50X,ID-COOLING ,,IS-50X ,600 - 1600 RPM ,13.8 - 30.2 dB ,Black ,57 mm , AM2 | AM2+ | AM3 | AM3+ | AM4 | FM1 | FM2 | FM2+ | LGA1150 | LGA1151 | LGA1155 | LGA1156 | LGA1200 | ,No ,No 
Akasa Nero 3,Akasa ,Nero 3 ,AK-CC4013EP01 ,500 - 1500 RPM ,24.6 dB ,Black / Silver ,160 mm , AM2 | AM2+ | AM3 | AM3+ | AM4 | FM1 | FM2 | FM2+ | LGA775 | LGA1150 | LGA1151 | LGA1155 | LGA1156 | LGA1200 | LGA1366 | LGA2011 | LGA2011-3 | LGA2066 | ,No ,No 
Gelid Solutions Phantom,Gelid Solutions ,Phantom ,CC-Phantom-01-A ,750 - 1600 RPM ,12 - 26.7 dB ,Black / Silver ,160 mm , AM2 | AM2+ | AM3 | AM3+ | AM4 | FM1 | FM2 | FM2+ | LGA775 | LGA1150 | LGA1151 | LGA1155 | LGA1156 | LGA1200 | LGA1366 | LGA2011 | LGA2011-3 | LGA2066 | ,No ,No 
upHere AC12,upHere ,,AC12RD ,600 - 1750 RPM ,16.1 - 27.7 dB ,Black ,154 mm , AM2 | AM2+ | AM3 | AM3+ | AM4 | FM1 | FM2 | FM2+ | LGA775 | LGA1150 | LGA1151 | LGA1155 | LGA1156 | LGA1200 | LGA1366 | ,No ,No 
upHere AC12RGB,upHere ,AC12RGB ,ac12rgb ,600 - 1700 RPM ,16.1 - 27.7 dB ,Black ,154 mm , AM2 | AM2+ | AM3 | AM3+ | AM4 | FM1 | FM2 | FM2+ | LGA775 | LGA1150 | LGA1151 | LGA1155 | LGA1156 | LGA1200 | LGA1366 | ,No ,No 
upHere C92,upHere ,C92 ,LYSB01IVQY6GS-CMPTRACCS ,800 - 1800 RPM ,15.1 - 31.6 dB ,Black / Red ,126 mm , AM2 | AM2+ | AM3 | AM3+ | AM4 | FM1 | FM2 | FM2+ | LGA775 | LGA1150 | LGA1151 | LGA1155 | LGA1156 | LGA1200 | LGA1366 | ,No ,No 
upHere C92,upHere ,C92 ,LYSB01IVQYDB6-CMPTRACCS ,800 - 1800 RPM ,15.1 - 31.6 dB ,Black / Red ,126 mm , AM2 | AM2+ | AM3 | AM3+ | AM4 | FM1 | FM2 | FM2+ | LGA775 | LGA1150 | LGA1151 | LGA1155 | LGA1156 | LGA1200 | LGA1366 | ,No ,No 
upHere CC2402-usa,upHere ,,CC2402-usa ,600 - 1700 RPM ,16.1 - 27.7 dB ,Black ,, AM2 | AM2+ | AM3 | AM3+ | AM4 | FM1 | FM2 | FM2+ | LGA1150 | LGA1151 | LGA1155 | LGA1156 | LGA1200 | LGA1366 | LGA2011 | LGA2011-3 | LGA2066 | ,Yes - 240 mm ,No 
RAIJINTEK THEMIS BLACK,RAIJINTEK ,THEMIS BLACK ,0R100010 ,1000 - 1500 RPM ,24.53 dB ,Black / Silver ,158 mm , AM2 | AM2+ | AM3 | AM3+ | AM4 | FM1 | FM2 | FM2+ | LGA775 | LGA1150 | LGA1151 | LGA1155 | LGA1156 | LGA1200 | LGA1366 | LGA2011 | LGA2011-3 | LGA2066 | ,No ,No 
Dynatron K987,Dynatron ,,K987 ,1200 - 2800 RPM ,16.08 - 34.48 dB ,Black / Silver ,73 mm , LGA775 | LGA1150 | LGA1151 | LGA1155 | LGA1156 | LGA1200 | LGA1366 | ,No ,No 
SilentiumPC Fortis 3 RGB HE1425,SilentiumPC ,Fortis 3 RGB HE1425 ,SPC245 ,500 - 1400 RPM ,,Black / Silver ,158 mm , AM2 | AM2+ | AM3 | AM3+ | AM4 | FM1 | FM2 | FM2+ | LGA775 | LGA1150 | LGA1151 | LGA1155 | LGA1156 | LGA1200 | LGA1366 | LGA2011 | LGA2011-3 | LGA2066 | ,No ,No 
Alpenföhn Brocken 3,Alpenföhn ,Brocken 3 ,84000000155 ,400 - 1050 RPM ,22 dB ,White ,165 mm , AM2 | AM2+ | AM3 | AM3+ | AM4 | FM1 | FM2 | FM2+ | LGA775 | LGA1150 | LGA1151 | LGA1155 | LGA1156 | LGA1200 | LGA1366 | LGA2011 | LGA2011-3 | LGA2066 | ,No ,No 
ID-COOLING SE-207,ID-COOLING ,,SE-207 ,700 - 1800 RPM ,18 - 35.2 dB ,Black / White ,159 mm , AM2 | AM2+ | AM3 | AM3+ | AM4 | AM5 | FM1 | FM2 | FM2+ | LGA1150 | LGA1151 | LGA1155 | LGA1156 | LGA1200 | LGA1700 | LGA1851 | LGA2011 | LGA2011-3 | LGA2066 | ,No ,No 
Reeven Justice II,Reeven ,Justice II ,RC-1207 ,300 - 1200 RPM ,5.83 - 25.1 dB ,Black / Silver ,155 mm , AM2 | AM2+ | AM3 | AM3+ | AM4 | FM1 | FM2 | FM2+ | LGA1150 | LGA1151 | LGA1155 | LGA1156 | LGA1200 | LGA1366 | LGA2011 | LGA2011-3 | LGA2066 | ,No ,No 
Deepcool CAPTAIN 240 RGB V2,Deepcool ,CAPTAIN 240 RGB V2 ,DP-GS-H12L-CT240RV2 ,500 - 1800 RPM ,30 dB ,Black ,, AM2 | AM2+ | AM3 | AM3+ | AM4 | sTR4 | sTRX4 | FM1 | FM2 | FM2+ | LGA1150 | LGA1151 | LGA1155 | LGA1156 | LGA1200 | LGA1366 | LGA2011 | LGA2011-3 | LGA2066 | ,Yes - 240 mm ,No 
ARCTIC Freezer A13 X CO,ARCTIC ,Freezer A13 X CO ,ACFRE00084A ,300 - 2000 RPM ,,Black / White ,137 mm , AM4 | AM5 | ,No ,No 
RAIJINTEK Orcus 360,RAIJINTEK ,Orcus 360 ,0R100081 ,800 - 1800 RPM ,23 dB ,Black ,, AM2 | AM2+ | AM3 | AM3+ | AM4 | FM1 | FM2 | FM2+ | LGA775 | LGA1150 | LGA1151 | LGA1155 | LGA1156 | LGA1200 | LGA2011 | LGA2011-3 | LGA2066 | ,Yes - 360 mm ,No 
RAIJINTEK Orcus 120,RAIJINTEK ,Orcus 120 ,0R100080 ,800 - 1800 RPM ,23 dB ,Black ,, AM2 | AM2+ | AM3 | AM3+ | AM4 | FM1 | FM2 | FM2+ | LGA775 | LGA1150 | LGA1151 | LGA1155 | LGA1156 | LGA1200 | LGA1366 | LGA2011 | LGA2011-3 | LGA2066 | ,Yes - 120 mm ,No 
RAIJINTEK Orcus 240,RAIJINTEK ,Orcus 240 ,0R100069 ,800 - 1800 RPM ,23 dB ,Black ,, AM2 | AM2+ | AM3 | AM3+ | AM4 | FM1 | FM2 | FM2+ | LGA775 | LGA1150 | LGA1151 | LGA1155 | LGA1156 | LGA1200 | LGA1366 | LGA2011 | LGA2011-3 | LGA2066 | ,Yes - 240 mm ,No 
RAIJINTEK EOS 240 RBW,RAIJINTEK ,EOS 240 RBW ,0R10B00174 ,800 - 1800 RPM ,28 dB ,Black ,, AM2 | AM2+ | AM3 | AM3+ | AM4 | FM1 | FM2 | FM2+ | LGA775 | LGA1150 | LGA1151 | LGA1155 | LGA1156 | LGA1200 | LGA1366 | LGA2011 | LGA2011-3 | LGA2066 | ,Yes - 240 mm ,No 
In Win SR36,In Win ,SR36 ,IW-LC-SR36 ,500 - 2500 RPM ,23 dB ,Black ,, AM2 | AM2+ | AM3 | AM3+ | AM4 | sTR4 | sTRX4 | FM1 | FM2 | FM2+ | LGA1150 | LGA1151 | LGA1155 | LGA1156 | LGA1200 | LGA1366 | LGA2011 | LGA2011-3 | LGA2066 | ,Yes - 360 mm ,No 
ID-COOLING ZOOMFLOW X,ID-COOLING ,,ZOOMFLOW 360X SNOW ,700 - 1500 RPM ,18 - 26.4 dB ,White ,, AM2 | AM2+ | AM3 | AM3+ | AM4 | AM5 | FM1 | FM2 | FM2+ | LGA1150 | LGA1151 | LGA1155 | LGA1156 | LGA1200 | LGA1366 | LGA1700 | LGA1851 | LGA2011 | LGA2011-3 | LGA2066 | ,Yes - 360 mm ,No 
Thermalright Frost Spirit 140 RGB,Thermalright ,, Frost Spirit 140 RGB | FS 140 RGB | ,1500 RPM ,25.6 dB ,Gray ,158 mm , AM4 | AM5 | LGA1150 | LGA1151 | LGA1155 | LGA1156 | LGA1200 | LGA1700 | LGA1851 | LGA2011 | LGA2011-3 | LGA2066 | ,No ,No 
Fractal Design Lumen S28,Fractal Design ,Lumen S28 ,FD-W-L1-S2801 ,500 - 1700 RPM ,10 - 35.5 dB ,Black ,, AM2 | AM2+ | AM3 | AM3+ | AM4 | AM5 | FM1 | FM2 | FM2+ | LGA1150 | LGA1151 | LGA1155 | LGA1156 | LGA1200 | LGA1366 | LGA1700 | LGA1851 | LGA2011 | LGA2011-3 | LGA2066 | ,Yes - 280 mm ,No 
Iceberg Thermal IceSLEET X5,Iceberg Thermal ,IceSLEET X5 ,ICESLEETX5-00A ,500 - 1850 RPM ,0 - 36 dB ,Teal / Silver ,159 mm , AM2 | AM2+ | AM3 | AM3+ | AM4 | AM5 | FM1 | FM2 | FM2+ | LGA775 | LGA1150 | LGA1151 | LGA1155 | LGA1156 | LGA1200 | LGA1366 | LGA1700 | LGA1851 | LGA2011 | LGA2011-3 | LGA2066 | ,No ,No 
GAMDIAS CHIONE E1,GAMDIAS ,,CHIONE E1A-120 ,1500 RPM ,,Black ,, AM2 | AM2+ | AM3 | AM3+ | AM4 | FM1 | FM2 | FM2+ | LGA775 | LGA1150 | LGA1151 | LGA1155 | LGA1156 | LGA1200 | LGA1366 | LGA2011 | LGA2011-3 | LGA2066 | ,Yes - 120 mm ,No 
GAMDIAS CHIONE E2,GAMDIAS ,,CHIONE E2-120 LITE ,1800 RPM ,,Black ,, AM2 | AM2+ | AM3 | AM3+ | AM4 | FM1 | FM2 | FM2+ | LGA775 | LGA1150 | LGA1151 | LGA1155 | LGA1156 | LGA1200 | LGA1366 | LGA2011 | LGA2011-3 | LGA2066 | ,Yes - 120 mm ,No 
Thermalright TA140 EX,Thermalright ,,TA140 EX ,1800 RPM ,30.2 dB ,Gray ,158 mm , AM4 | LGA1150 | LGA1151 | LGA1155 | LGA1156 | LGA1200 | LGA1700 | LGA1851 | LGA2011 | LGA2011-3 | LGA2066 | ,No ,No 
Scythe Mugen 5 S,Scythe ,Mugen 5 S ,SCMG-5100W ,350 - 1800 RPM ,4 - 22.9 dB ,Black / Silver ,154 mm , AM2 | AM2+ | AM3 | AM3+ | AM4 | AM5 | FM1 | FM2 | FM2+ | LGA1150 | LGA1151 | LGA1155 | LGA1156 | LGA1200 | LGA1700 | LGA1851 | LGA2011 | LGA2011-3 | LGA2066 | ,No ,No 
ID-COOLING SE-226-XT,ID-COOLING ,,SE-226-XT WHITE ,500 - 1500 RPM ,13.8 - 30.5 dB ,White ,154 mm , AM4 | AM5 | LGA1150 | LGA1151 | LGA1155 | LGA1156 | LGA1200 | LGA1700 | LGA1851 | LGA2011 | LGA2011-3 | LGA2066 | ,No ,No 
Thermalright Ultra120EX REV.4,Thermalright ,Ultra120EX REV.4 ,U120EX REV.4 BLACK ,2150 RPM ,28.1 dB ,Black ,157 mm , AM4 | LGA1150 | LGA1151 | LGA1155 | LGA1156 | LGA1200 | LGA1700 | LGA1851 | LGA2011 | LGA2011-3 | LGA2066 | ,No ,No 
Thermalright Ultra120EX REV.4,Thermalright ,Ultra120EX REV.4 ,U120EX REV.4 WHITE ,2150 RPM ,28.1 dB ,White ,157 mm , AM4 | LGA1150 | LGA1151 | LGA1155 | LGA1156 | LGA1200 | LGA1700 | LGA1851 | LGA2011 | LGA2011-3 | LGA2066 | ,No ,No 
Thermaltake TOUGHAIR 510,Thermaltake ,,CL-P075-AL12TQ-A ,500 - 1200 RPM ,23.6 dB ,Teal ,160 mm , AM2 | AM2+ | AM3 | AM3+ | AM4 | FM1 | FM2 | FM2+ | LGA1150 | LGA1151 | LGA1155 | LGA1156 | LGA1200 | LGA1700 | LGA1851 | ,No ,No 
Thermalright Assassin X Plus,Thermalright ,,AX120 PLUS ,1500 RPM ,25.6 dB ,Black / Silver ,154 mm , AM4 | LGA1150 | LGA1151 | LGA1155 | LGA1156 | LGA1200 | LGA1700 | LGA1851 | ,No ,No 
Thermaltake TOUGHLIQUID ARGB,Thermaltake ,, CL-W319-PL12BL-A | CL-W319-PL12BL-B | ,500 - 2000 RPM ,22.3 dB ,Black ,, AM2 | AM2+ | AM3 | AM3+ | AM4 | FM1 | FM2 | FM2+ | LGA1150 | LGA1151 | LGA1155 | LGA1156 | LGA1200 | LGA1700 | LGA1851 | LGA2011 | LGA2011-3 | LGA2066 | ,Yes - 240 mm ,No 
ID-COOLING DK-15,ID-COOLING ,,DK-15 ,2200 RPM ,28.5 dB ,,57 mm , LGA1150 | LGA1151 | LGA1155 | LGA1156 | LGA1200 | ,No ,No 
ID-COOLING DK-09i,ID-COOLING ,,DK-09i ,2200 RPM ,26.8 dB ,,56 mm , LGA1150 | LGA1151 | LGA1155 | LGA1156 | LGA1200 | ,No ,No 
ID-COOLING DK-03i PWM BLUE,ID-COOLING ,,DK-03i PWM BLUE ,500 - 1800 RPM ,16 - 20.2 dB ,,68 mm , LGA1150 | LGA1151 | LGA1155 | LGA1156 | LGA1200 | ,No ,No 
ID-COOLING DK-03A RGB PWM,ID-COOLING ,,DK-03A RGB PWM ,500 - 1800 RPM ,14.2 - 25.6 dB ,,63 mm , AM2 | AM2+ | AM3 | AM3+ | AM4 | AM5 | FM1 | FM2 | FM2+ | ,No ,No 
ID-COOLING IS-47S,ID-COOLING ,,IS-47S ,800 - 3600 RPM ,17 - 35.8 dB ,,47 mm , LGA1150 | LGA1151 | LGA1155 | LGA1156 | LGA1200 | LGA1700 | LGA1851 | ,No ,No 
ID-COOLING SE-914-XT BASIC V2,ID-COOLING ,,SE-914-XT BASIC V2 ,600 - 2200 RPM ,,,126 mm , LGA1150 | LGA1151 | LGA1155 | LGA1156 | LGA1200 | LGA1700 | LGA1851 | LGA2011 | LGA2011-3 | LGA2066 | ,No ,No 
ID-COOLING SE-207-XT BLACK,ID-COOLING ,,SE-207-XT BLACK ,700 - 1800 RPM ,15.2 - 35.2 dB ,,157 mm , LGA1150 | LGA1151 | LGA1155 | LGA1156 | LGA1200 | LGA1700 | LGA1851 | LGA2011 | LGA2011-3 | LGA2066 | ,No ,No 
ID-COOLING SE-224-XT ARGB DUET,ID-COOLING ,,SE-224-XT ARGB DUET ,500 - 1500 RPM ,13.8 - 30.5 dB ,,155 mm , AM4 | AM5 | LGA1150 | LGA1151 | LGA1155 | LGA1156 | LGA1200 | LGA1700 | LGA1851 | LGA2011 | LGA2011-3 | LGA2066 | ,No ,No 
ID-COOLING SE-223 BASIC,ID-COOLING ,,SE-223 BASIC ,500 - 1600 RPM ,16 - 20.2 dB ,,135 mm , LGA1150 | LGA1151 | LGA1155 | LGA1156 | LGA1200 | LGA1700 | LGA1851 | LGA2011 | LGA2011-3 | LGA2066 | ,No ,No 
ID-COOLING SE-213 RAINBOW,ID-COOLING ,,SE-213 RAINBOW ,500 - 1600 RPM ,16 - 20.2 dB ,,140 mm , LGA1150 | LGA1151 | LGA1155 | LGA1156 | LGA1200 | LGA1700 | LGA1851 | ,No ,No 
ID-COOLING SE-224-XT-R,ID-COOLING ,,SE-224-XT-R ,700 - 1800 RPM ,15.2 - 32.5 dB ,,154 mm , AM4 | AM5 | LGA1150 | LGA1151 | LGA1155 | LGA1156 | LGA1200 | LGA1700 | LGA1851 | LGA2011 | LGA2011-3 | LGA2066 | ,No ,No 
ID-COOLING SE-225-XT BLACK V2,ID-COOLING ,,SE-225-XT BLACK V2 ,700 - 1800 RPM ,15.2 - 35.2 dB ,,150 mm , LGA1150 | LGA1151 | LGA1155 | LGA1156 | LGA1200 | LGA1700 | LGA1851 | LGA2011 | LGA2011-3 | LGA2066 | ,No ,No 
ID-COOLING SE-234-ARGB V2,ID-COOLING ,,SE-234-ARGB V2 ,500 - 1500 RPM ,13.8 - 30.5 dB ,,154 mm , AM4 | AM5 | LGA1150 | LGA1151 | LGA1155 | LGA1156 | LGA1200 | LGA1700 | LGA1851 | LGA2011 | LGA2011-3 | LGA2066 | ,No ,No 
ID-COOLING SE-802-SD,ID-COOLING ,,SE-802-SD ,2200 RPM ,23.3 dB ,,116 mm , LGA1150 | LGA1151 | LGA1155 | LGA1156 | LGA1200 | LGA1700 | LGA1851 | ,No ,No 
ID-COOLING SE-902-SD,ID-COOLING ,,SE-902-SD ,2000 RPM ,23.1 dB ,,123 mm , LGA1150 | LGA1151 | LGA1155 | LGA1156 | LGA1200 | LGA1700 | LGA1851 | ,No ,No 
ID-COOLING ZOOMFLOW 360,ID-COOLING ,,ZOOMFLOW 360 ,900 - 2000 RPM ,16.3 - 33.5 dB ,Black ,, LGA1150 | LGA1151 | LGA1155 | LGA1156 | LGA1200 | LGA1366 | LGA2011 | LGA2011-3 | LGA2066 | ,Yes - 360 mm ,No 
Cooler Master Hyper 212X EU Version,Cooler Master ,Hyper 212X EU Version ,RR-212X-17PK-R1 ,600 - 1700 RPM ,13 - 28.6 dB ,,158 mm , AM2 | AM2+ | AM3 | AM3+ | AM4 | FM1 | FM2 | FM2+ | LGA1150 | LGA1151 | LGA1155 | LGA1156 | LGA1200 | LGA2011 | LGA2011-3 | LGA2066 | ,No ,No 
Deepcool LS320 WH,Deepcool ,, LS320 WH | R-LS320-WHAMMT-G-1 | ,500 - 2250 RPM ,32.9 dB ,White ,, AM4 | AM5 | LGA1150 | LGA1151 | LGA1155 | LGA1156 | LGA1200 | LGA1700 | LGA1851 | LGA2011 | LGA2011-3 | LGA2066 | ,Yes - 120 mm ,No 
Enermax AQUAFUSION ADV 120,Enermax ,AQUAFUSION ADV 120 ,ELC-AQFA120-SQA ,500 - 2000 RPM ,15 - 32.6 dB ,Black ,54 mm , AM2 | AM2+ | AM3 | AM3+ | AM4 | AM5 | FM1 | FM2 | FM2+ | LGA1150 | LGA1151 | LGA1155 | LGA1156 | LGA1200 | LGA1366 | LGA1700 | LGA1851 | LGA2011 | LGA2011-3 | LGA2066 | ,Yes - 120 mm ,No 
Thermalright TA120 EX,Thermalright ,TA120 EX ,LM-TR-TA120 EX ,1850 RPM ,29.6 dB ,Silver / Gray ,154 mm , AM4 | AM5 | LGA1150 | LGA1151 | LGA1155 | LGA1156 | LGA1200 | LGA1700 | LGA1851 | LGA2011 | LGA2011-3 | LGA2066 | ,No ,No 
Enermax AQUAFUSION ADV,Enermax ,,ELC-AQFA120-SQA-W ,500 - 2000 RPM ,17 - 32.6 dB ,White ,, AM2 | AM2+ | AM3 | AM3+ | AM4 | AM5 | FM1 | FM2 | FM2+ | LGA775 | LGA1150 | LGA1151 | LGA1155 | LGA1156 | LGA1200 | LGA1366 | LGA1700 | LGA1851 | LGA2011 | LGA2011-3 | LGA2066 | ,Yes - 120 mm ,No 
Alpenföhn Dolomit,Alpenföhn ,Dolomit ,84000000185 ,500 - 2200 RPM ,23.8 dB ,Black ,125 mm , AM4 | AM5 | LGA1150 | LGA1151 | LGA1155 | LGA1156 | LGA1200 | LGA1700 | LGA1851 | LGA2011 | LGA2011-3 | LGA2066 | ,No ,No 
Jonsbo HX6240,Jonsbo ,,HX6240 Black ,700 - 1800 RPM ,28 - 37.6 dB ,Black ,162 mm , AM4 | AM5 | LGA1150 | LGA1151 | LGA1155 | LGA1156 | LGA1200 | LGA1700 | LGA1851 | LGA2011 | LGA2011-3 | LGA2066 | ,No ,No 
Jonsbo PISA A4,Jonsbo ,,PISA A4 Grey ,800 - 1850 RPM ,36.8 dB ,Gray ,153 mm , AM4 | AM5 | LGA1150 | LGA1151 | LGA1155 | LGA1156 | LGA1200 | LGA1700 | LGA1851 | ,No ,No 
Jonsbo PISA A4,Jonsbo ,,PISA A4 White ,800 - 1850 RPM ,36.8 dB ,White ,153 mm , AM4 | AM5 | LGA1150 | LGA1151 | LGA1155 | LGA1156 | LGA1200 | LGA1700 | LGA1851 | ,No ,No 
Noua Siberus Pro 240,Noua ,Siberus Pro 240 ,LC0422-TP240 ,800 - 1800 RPM ,32 dB ,Black ,, AM2 | AM2+ | AM3 | AM3+ | AM4 | FM1 | FM2 | FM2+ | LGA1150 | LGA1151 | LGA1155 | LGA1156 | LGA1200 | LGA1700 | LGA1851 | LGA2011 | LGA2011-3 | LGA2066 | ,Yes - 240 mm ,No 
Noua Numb Pro,Noua ,,AC0619-NUM12 ,800 - 1600 RPM ,29 dB ,Black ,159 mm , AM2 | AM2+ | AM3 | AM3+ | AM4 | FM1 | FM2 | FM2+ | LGA775 | LGA1150 | LGA1151 | LGA1155 | LGA1156 | LGA1200 | LGA1366 | ,No ,No 
Inter-Tech ALSEYE MAX 120,Inter-Tech ,ALSEYE MAX 120 ,88885505 ,600 - 1800 RPM ,16.5 - 32.5 dB ,Black ,, AM2 | AM2+ | AM3 | AM3+ | AM4 | FM1 | FM2 | FM2+ | LGA775 | LGA1150 | LGA1151 | LGA1155 | LGA1156 | LGA1200 | LGA1366 | LGA2011 | LGA2011-3 | LGA2066 | ,Yes - 120 mm ,No 
Deepcool LE320,Deepcool ,LE320 ,R-LE320-WHAMMN-G-1 ,500 - 2250 RPM ,32.9 dB ,White ,52 mm , AM4 | AM5 | LGA1150 | LGA1151 | LGA1155 | LGA1156 | LGA1200 | LGA1700 | LGA1851 | ,Yes - 120 mm ,No 
Jonsbo CR-3000 Standard,Jonsbo ,,CR-3000 Standard ,600 - 1500 RPM ,22 - 32 dB ,Black / Silver ,160 mm , AM4 | AM5 | LGA1150 | LGA1151 | LGA1155 | LGA1156 | LGA1200 | LGA1700 | LGA1851 | LGA2011 | LGA2011-3 | LGA2066 | ,No ,No 
Jonsbo CR-1400 EVO Standard,Jonsbo ,,CR-1400 EVO Standard ,800 - 2200 RPM ,22.3 - 33.8 dB ,Black ,130 mm , AM4 | AM5 | LGA1150 | LGA1151 | LGA1155 | LGA1156 | LGA1200 | LGA1700 | LGA1851 | ,No ,No 
Jonsbo HX5230,Jonsbo ,,HX5230 ,700 - 1800 RPM ,25.2 - 37.6 dB ,Black ,158 mm , AM4 | AM5 | LGA1150 | LGA1151 | LGA1155 | LGA1156 | LGA1200 | LGA1700 | LGA1851 | ,No ,No 
Thermalright Frozen Fusion,Thermalright ,,Frozen Fusion 360 BLACK ,2150 RPM ,28.1 dB ,Black ,, AM4 | AM5 | LGA1150 | LGA1151 | LGA1155 | LGA1156 | LGA1200 | LGA1700 | LGA1851 | ,Yes - 360 mm ,No 
GameMax Iceberg 120 Rainbow,GameMax ,Iceberg 120 Rainbow ,Iceberg120-Rainbow ,600 - 1800 RPM ,25 - 32 dB ,Black ,, AM2 | AM2+ | AM3 | AM3+ | AM4 | FM1 | FM2 | FM2+ | LGA1150 | LGA1151 | LGA1155 | LGA1156 | LGA1200 | LGA1366 | LGA2011 | LGA2011-3 | LGA2066 | ,Yes - 120 mm ,No 
GameMax Iceberg 240 Rainbow,GameMax ,Iceberg 240 Rainbow ,Iceberg240-Rainbow ,600 - 1800 RPM ,25 - 32 dB ,Black ,, AM2 | AM2+ | AM3 | AM3+ | AM4 | FM1 | FM2 | FM2+ | LGA1150 | LGA1151 | LGA1155 | LGA1156 | LGA1200 | LGA1366 | LGA2011 | LGA2011-3 | LGA2066 | ,Yes - 240 mm ,No 
Thermalright Core Matrix,Thermalright ,,Core Matrix 240 WHITE ,2150 RPM ,27 dB ,White ,, AM4 | AM5 | LGA1150 | LGA1151 | LGA1155 | LGA1156 | LGA1200 | LGA1700 | LGA1851 | LGA2011 | LGA2011-3 | LGA2066 | ,Yes - 240 mm ,No 
Thermalright TA120 EX Black,Thermalright ,,TA120 EX Black ,1850 RPM ,29.6 dB ,Black ,154 mm , AM4 | AM5 | LGA1150 | LGA1151 | LGA1155 | LGA1156 | LGA1200 | LGA1700 | LGA1851 | LGA2011 | LGA2011-3 | LGA2066 | ,No ,No 
Geometric Future Eskimo Junior 24,Geometric Future ,Eskimo Junior 24 ,GEO-EJ-24B ,2000 RPM ,29 dB ,Black ,53 mm , AM2 | AM2+ | AM3 | AM3+ | AM4 | AM5 | FM1 | FM2 | FM2+ | LGA1150 | LGA1151 | LGA1155 | LGA1156 | LGA1200 | LGA1700 | LGA1851 | LGA2011 | LGA2011-3 | LGA2066 | ,Yes - 240 mm ,No 
Cooler Master MasterLiquid Mirror,Cooler Master ,,MLX-D36M-A18PK-T1 ,650 - 1800 RPM ,8 - 27 dB ,,, sTR4 | sTRX4 | ,Yes - 360 mm ,No 
RAIJINTEK LETO RGB,RAIJINTEK ,, 0R100075 | 0R10A00075 | ,800 - 1800 RPM ,25 dB ,Black / Silver ,155 mm , AM2 | AM2+ | AM3 | AM3+ | AM4 | AM5 | FM1 | FM2 | FM2+ | LGA775 | LGA1150 | LGA1151 | LGA1155 | LGA1156 | LGA1200 | LGA1366 | LGA1700 | LGA1851 | LGA2011 | LGA2011-3 | LGA2066 | ,No ,No 
Enermax LIQMAX III ARGB,Enermax ,,ELC-LMT120-ARGB ,500 - 1600 RPM ,14 - 27 dB ,Black ,48 mm , AM2 | AM2+ | AM3 | AM3+ | AM4 | AM5 | FM1 | FM2 | FM2+ | LGA1150 | LGA1151 | LGA1155 | LGA1156 | LGA1200 | LGA1366 | LGA1700 | LGA1851 | LGA2011 | LGA2011-3 | LGA2066 | ,Yes - 120 mm ,No 
ID-COOLING DASHFLOW XT LITE,ID-COOLING ,,DASHFLOW 360 XT LITE ,500 - 2000 RPM ,29.85 dB ,Black ,, AM4 | AM5 | LGA1150 | LGA1151 | LGA1155 | LGA1156 | LGA1200 | LGA1700 | LGA1851 | LGA2011 | LGA2011-3 | LGA2066 | ,Yes - 360 mm ,No 
ID-COOLING IS-30i BLACK,ID-COOLING ,,IS-30i BLACK ,800 - 3600 RPM ,17 - 35.8 dB ,Black ,30 mm , LGA1150 | LGA1151 | LGA1155 | LGA1156 | LGA1200 | LGA1700 | LGA1851 | ,No ,No 
ID-COOLING FX240 ARGB,ID-COOLING ,FX240 ARGB ,FX240 ARGB WHITE ,500 - 1800 RPM ,35.2 dB ,White ,, AM4 | AM5 | LGA1150 | LGA1151 | LGA1155 | LGA1156 | LGA1200 | LGA1700 | LGA1851 | LGA2011 | LGA2011-3 | LGA2066 | ,Yes - 240 mm ,No 
ID-COOLING ZOOMFLOW XT ELITE,ID-COOLING ,,ZOOMFLOW 240 XT SNOW ELITE ,900 - 2000 RPM ,16.2 - 31.5 dB ,White ,, AM4 | AM5 | LGA1150 | LGA1151 | LGA1155 | LGA1156 | LGA1200 | LGA1700 | LGA1851 | LGA2011 | LGA2011-3 | LGA2066 | ,Yes - 240 mm ,No 
ID-COOLING SE-206-XT,ID-COOLING ,,SE-206-XT WHITE ,700 - 1800 RPM ,35.2 dB ,White ,156 mm , AM4 | AM5 | LGA1150 | LGA1151 | LGA1155 | LGA1156 | LGA1200 | LGA1700 | LGA1851 | ,No ,No 
ID-COOLING SE-207-TR-AM,ID-COOLING ,,SE-207-TR-AM ,700 - 1800 RPM ,15.2 - 35.2 dB ,Black ,157 mm , AM4 | AM5 | sTR4 | sTRX4 | ,No ,No 
ID-COOLING SE-223i,ID-COOLING ,,SE-223i BLACK ,500 - 1800 RPM ,28 dB ,Black ,135 mm , LGA1150 | LGA1151 | LGA1155 | LGA1156 | LGA1200 | LGA1700 | LGA1851 | ,No ,No 
ID-COOLING SE-224-XTS MINI,ID-COOLING ,,SE-224-XTS MINI BLACK ,700 - 1600 RPM ,31.5 dB ,Black ,134 mm , AM4 | AM5 | LGA1150 | LGA1151 | LGA1155 | LGA1156 | LGA1200 | LGA1700 | LGA1851 | ,No ,No 
ID-COOLING SE-225-XT,ID-COOLING ,,SE-225-XT BASIC ,700 - 1800 RPM ,15.2 - 35.2 dB ,Black / Silver ,154 mm , LGA1150 | LGA1151 | LGA1155 | LGA1156 | LGA1200 | LGA1700 | LGA1851 | LGA2011 | LGA2011-3 | LGA2066 | ,No ,No 
ID-COOLING SE-912i-PWM,ID-COOLING ,,SE-912i-PWM ,500 - 1800 RPM ,22.8 dB ,Black / Silver ,137 mm , LGA1150 | LGA1151 | LGA1155 | LGA1156 | LGA1200 | LGA1700 | LGA1851 | ,No ,No 
Thermalright Frozen Guardian,Thermalright ,,Frozen Guardian 360 BLACK ,2150 RPM ,27 dB ,Black ,, AM4 | AM5 | LGA1150 | LGA1151 | LGA1155 | LGA1156 | LGA1200 | LGA1700 | LGA1851 | ,Yes - 360 mm ,No 
Zalman ALPHA2 A24,Zalman ,ALPHA2 A24 ,ALPHA2 A24 Black ,600 - 2000 RPM ,29.7 dB ,Black ,57 mm , AM4 | AM5 | LGA1150 | LGA1151 | LGA1155 | LGA1156 | LGA1200 | LGA1700 | LGA1851 | ,Yes - 240 mm ,No 
Xilence LQ120,Xilence ,LQ120 , XC971 | LQ120 | ,700 - 1600 RPM ,18 - 32.5 dB ,Red / Black ,47 mm , AM4 | AM5 | LGA1150 | LGA1151 | LGA1155 | LGA1156 | LGA1200 | LGA1700 | LGA1851 | LGA2011 | LGA2011-3 | LGA2066 | ,Yes - 120 mm ,No 
Xilence LQ360 ​​ARGB,Xilence ,LQ360 ​​ARGB , XC980 | LQ360 ​​ARGB LED | ,500 - 1500 RPM ,18 - 30.2 dB ,Black ,47 mm , AM4 | AM5 | LGA1150 | LGA1151 | LGA1155 | LGA1156 | LGA1200 | LGA1700 | LGA1851 | LGA2011 | LGA2011-3 | LGA2066 | ,Yes - 360 mm ,No 
Xilence LQ360G.W.ARGB,Xilence ,LQ360G.W.ARGB , XC998 | LQ360G.W.ARGB | ,500 - 1500 RPM ,18 - 30.2 dB ,White ,, LGA1150 | LGA1151 | LGA1155 | LGA1156 | LGA1200 | LGA1366 | LGA1700 | LGA1851 | LGA2011 | LGA2011-3 | LGA2066 | ,Yes - 360 mm ,No 
GAMDIAS BOREAS M2-510,GAMDIAS ,,BOREAS M2-510 ,800 - 1800 RPM ,10 - 32 dB ,Black ,155 mm , AM4 | AM5 | LGA1150 | LGA1151 | LGA1155 | LGA1156 | LGA1200 | LGA1700 | LGA1851 | LGA2011 | LGA2011-3 | LGA2066 | ,No ,No 
GAMDIAS BOREAS M2-510,GAMDIAS ,,BOREAS M2-510 WH ,800 - 1800 RPM ,10 - 32 dB ,White ,155 mm , AM4 | AM5 | LGA1150 | LGA1151 | LGA1155 | LGA1156 | LGA1200 | LGA1700 | LGA1851 | LGA2011 | LGA2011-3 | LGA2066 | ,No ,No 
GAMDIAS BOREAS E2-41D,GAMDIAS ,,BOREAS E2-41D ,800 - 1800 RPM ,10 - 32 dB ,Black ,159 mm , AM4 | AM5 | LGA1150 | LGA1151 | LGA1155 | LGA1156 | LGA1200 | LGA1700 | LGA1851 | LGA2011 | LGA2011-3 | LGA2066 | ,No ,No 
GAMDIAS BOREAS E2-41D,GAMDIAS ,,BOREAS E2-41D WH ,800 - 1800 RPM ,10 - 32 dB ,White ,159 mm , AM4 | AM5 | LGA1150 | LGA1151 | LGA1155 | LGA1156 | LGA1200 | LGA1700 | LGA1851 | LGA2011 | LGA2011-3 | LGA2066 | ,No ,No 
TRYX PANORAMA,TRYX ,, L-P280N-DS2M-G0W | PANORAMA 280 WHITE | ,500 - 1650 RPM ,32 dB ,White ,116 mm , AM4 | AM5 | LGA1150 | LGA1151 | LGA1155 | LGA1156 | LGA1200 | LGA1700 | LGA1851 | ,Yes - 280 mm ,No 
ID-COOLING DX240 MAX,ID-COOLING ,DX240 MAX ,DX240 MAX WHITE ,,32.5 dB ,White ,58 mm , AM4 | AM5 | LGA1150 | LGA1151 | LGA1155 | LGA1156 | LGA1200 | LGA1700 | LGA1851 | ,Yes - 240 mm ,No 
ID-COOLING DX360 MAX,ID-COOLING ,DX360 MAX ,DX360 MAX WHITE ,,32.5 dB ,White ,58 mm , AM4 | AM5 | LGA1150 | LGA1151 | LGA1155 | LGA1156 | LGA1200 | LGA1700 | LGA1851 | ,Yes - 360 mm ,No 
Ocypus Delta L24 ARGB,Ocypus ,Delta L24 ARGB ,Delta L24 BK ARGB ,500 - 2000 RPM ,29 dB ,Black ,, AM4 | AM5 | LGA1150 | LGA1151 | LGA1155 | LGA1156 | LGA1200 | LGA1700 | LGA1851 | ,Yes - 240 mm ,No 
Ocypus Delta L24 ARGB,Ocypus ,Delta L24 ARGB ,Delta L24 WH ARGB ,500 - 2000 RPM ,29 dB ,White ,, AM4 | AM5 | LGA1150 | LGA1151 | LGA1155 | LGA1156 | LGA1200 | LGA1700 | LGA1851 | ,Yes - 240 mm ,No 
GAMDIAS CHIONE M4-420,GAMDIAS ,CHIONE M4-420 ,GD-CHIONE M4-420 ,800 - 1600 RPM ,11 - 29 dB ,Black ,, AM2 | AM2+ | AM3 | AM3+ | AM4 | AM5 | FM1 | FM2 | FM2+ | LGA1150 | LGA1151 | LGA1155 | LGA1156 | LGA1200 | LGA1366 | LGA1700 | LGA1851 | LGA2011 | LGA2011-3 | LGA2066 | ,Yes - 420 mm ,No 
SilentiumPC Spartan 4 EVO ARGB,SilentiumPC ,,SPC271 ,800 - 2000 RPM ,,White / Silver ,134 mm , AM2 | AM2+ | AM3 | AM3+ | AM4 | FM1 | FM2 | FM2+ | LGA1150 | LGA1151 | LGA1155 | LGA1156 | LGA1200 | ,No ,No 
Thermalright Frost Vortex SE,Thermalright ,, Frost Vortex 140 SE BLACK | FV140 SE BLACK | ,1650 RPM ,29 dB ,Black ,158 mm , AM4 | AM5 | LGA1150 | LGA1151 | LGA1155 | LGA1156 | LGA1200 | LGA1700 | LGA1851 | LGA2011 | LGA2011-3 | LGA2066 | ,No ,No 
Vetroo R360,Vetroo ,R360 ,VT-AIO-R360-WT ,,,White ,55 mm , AM4 | AM5 | LGA1150 | LGA1151 | LGA1155 | LGA1156 | LGA1200 | LGA1700 | LGA1851 | ,Yes - 360 mm ,No 
FSP Group NP5 ARGB,FSP Group ,,NP5 ARGB ,800 - 1600 RPM ,28 dB ,Black / Silver ,151 mm , AM4 | AM5 | LGA1150 | LGA1151 | LGA1155 | LGA1156 | LGA1200 | LGA1700 | LGA1851 | ,No ,No 
Jonsbo CR-3000E ARGB,Jonsbo ,,CR-3000E ARGB White ,600 - 1600 RPM ,22 - 34 dB ,White ,155 mm , AM4 | AM5 | LGA1150 | LGA1151 | LGA1155 | LGA1156 | LGA1200 | LGA1700 | LGA1851 | ,No ,No 
upHere UP1TC4C,upHere ,,UP1TC4C ,600 - 1650 RPM ,25 dB ,White ,155 mm , AM2 | AM2+ | AM3 | AM3+ | AM4 | AM5 | FM1 | FM2 | FM2+ | LGA1150 | LGA1151 | LGA1155 | LGA1156 | LGA1200 | LGA1366 | LGA1700 | LGA1851 | ,No ,No 
upHere UP1K6,upHere ,,UP1K6 ,600 - 1650 RPM ,25 dB ,Black ,155 mm , AM2 | AM2+ | AM3 | AM3+ | AM4 | AM5 | FM1 | FM2 | FM2+ | LGA1150 | LGA1151 | LGA1155 | LGA1156 | LGA1200 | LGA1366 | LGA1700 | LGA1851 | ,No ,No 
upHere UP1KC6C,upHere ,,UP1KC6C ,600 - 1650 RPM ,25 dB ,Black ,155 mm , AM2 | AM2+ | AM3 | AM3+ | AM4 | AM5 | FM1 | FM2 | FM2+ | LGA1150 | LGA1151 | LGA1155 | LGA1156 | LGA1200 | LGA1366 | LGA1700 | LGA1851 | ,No ,No 
upHere UP2KC6,upHere ,,UP2KC6 ,600 - 1650 RPM ,25 dB ,Black ,158 mm , AM2 | AM2+ | AM3 | AM3+ | AM4 | AM5 | FM1 | FM2 | FM2+ | LGA1150 | LGA1151 | LGA1155 | LGA1156 | LGA1200 | LGA1366 | LGA1700 | LGA1851 | ,No ,No 
upHere UP2KC8,upHere ,,UP2KC8 ,600 - 1650 RPM ,25 dB ,Black ,158 mm , AM2 | AM2+ | AM3 | AM3+ | AM4 | AM5 | FM1 | FM2 | FM2+ | LGA1150 | LGA1151 | LGA1155 | LGA1156 | LGA1200 | LGA1366 | LGA1700 | LGA1851 | ,No ,No 
upHere UP2T8,upHere ,,UP2T8 ,600 - 1650 RPM ,25 dB ,White ,158 mm , AM2 | AM2+ | AM3 | AM3+ | AM4 | AM5 | FM1 | FM2 | FM2+ | LGA1150 | LGA1151 | LGA1155 | LGA1156 | LGA1200 | LGA1366 | LGA1700 | LGA1851 | ,No ,No 
upHere UP2TC8,upHere ,,UP2TC8 ,600 - 1650 RPM ,25 dB ,White ,158 mm , AM2 | AM2+ | AM3 | AM3+ | AM4 | AM5 | FM1 | FM2 | FM2+ | LGA1150 | LGA1151 | LGA1155 | LGA1156 | LGA1200 | LGA1366 | LGA1700 | LGA1851 | ,No ,No 
LevelPlay Combat Liquid 360 HUD,LevelPlay ,Combat Liquid 360 HUD ,KRW-H13NN-20APN-GN1​ ,800 - 2000 RPM ,6 - 36 dB ,Black ,64 mm , AM4 | AM5 | LGA1700 | LGA1851 | ,Yes - 360 mm ,No 
LevelPlay Combat Liquid 360 HUD,LevelPlay ,Combat Liquid 360 HUD ,KRW-H13NN-20APN-GW1​ ,800 - 2000 RPM ,6 - 36 dB ,White ,64 mm , AM4 | AM5 | LGA1700 | LGA1851 | ,Yes - 360 mm ,No 
Antec Kühler H2O K120 RGB,Antec ,Kühler H2O K120 RGB ,0-761345-74017-3 ,900 - 2000 RPM ,20 - 36 dB ,Black ,31 mm , AM2 | AM2+ | AM3 | AM3+ | AM4 | FM1 | FM2 | FM2+ | LGA1150 | LGA1151 | LGA1155 | LGA1156 | LGA1200 | LGA1366 | LGA2011 | LGA2011-3 | LGA2066 | ,Yes - 120 mm ,No 
Jonsbo CB80,Jonsbo ,,CB80 White ,800 - 1800 RPM ,21.8 - 35.4 dB ,White ,153 mm , AM4 | AM5 | LGA1150 | LGA1151 | LGA1155 | LGA1156 | LGA1200 | LGA1700 | LGA1851 | ,No ,No 
Gelid Solutions Black Edition,Gelid Solutions ,Black Edition ,CC-BEdition-01-A ,750 - 1600 RPM ,25.4 - 25.5 dB ,,160 mm , AM2 | AM2+ | AM3 | AM3+ | FM1 | FM2 | FM2+ | LGA775 | LGA1150 | LGA1151 | LGA1155 | LGA1156 | LGA1200 | LGA1366 | LGA2011 | LGA2011-3 | LGA2066 | ,No ,No 
Scythe Ashura,Scythe ,Ashura ,SCASR-1000 ,500 - 1300 RPM ,13 - 30.7 dB ,,161 mm , AM2 | AM2+ | AM3 | AM3+ | AM4 | FM1 | FM2 | FM2+ | LGA775 | LGA1150 | LGA1151 | LGA1155 | LGA1156 | LGA1200 | LGA1366 | LGA2011 | LGA2011-3 | LGA2066 | ,No ,No 
Silverstone Argon AR10-115XP,Silverstone ,Argon AR10-115XP , SST-AR10-115XP | AR10-115XP | ,500 - 4000 RPM ,18.07 - 39.03 dB ,,79 mm , LGA1150 | LGA1151 | LGA1155 | LGA1156 | LGA1200 | ,No ,No 
Akasa X4,Akasa ,X4 ,AK-968 ,600 - 2500 RPM ,17 - 29.5 dB ,Black / Silver ,135 mm , AM2 | AM2+ | AM3 | AM3+ | AM4 | FM1 | FM2 | FM2+ | LGA775 | LGA1150 | LGA1151 | LGA1155 | LGA1156 | LGA1200 | LGA1366 | ,No ,No 
Antec KUHLER Flow,Antec ,,KUHLER Flow ,,,,88 mm , AM2 | AM2+ | AM3 | AM3+ | FM1 | FM2 | FM2+ | LGA775 | LGA1150 | LGA1151 | LGA1155 | LGA1156 | LGA1200 | LGA1366 | ,No ,No 
Antec KUHLER Shelf,Antec ,,KUHLER Shelf ,,,,138 mm , AM2 | AM2+ | AM3 | AM3+ | FM1 | FM2 | FM2+ | LGA775 | LGA1150 | LGA1151 | LGA1155 | LGA1156 | LGA1200 | LGA1366 | ,No ,No 
Cooler Master RR-H101-22FK-RA,Cooler Master ,,RR-H101-22FK-RA ,2200 RPM ,22 dB ,,117 mm , AM2 | AM2+ | AM3 | AM3+ | FM1 | FM2 | FM2+ | ,No ,No 
Cooler Master RR-H101-22FK-RI,Cooler Master ,,RR-H101-22FK-RI ,2200 RPM ,22 dB ,,117 mm , LGA775 | LGA1150 | LGA1151 | LGA1155 | LGA1156 | LGA1200 | ,No ,No 
Cooler Master S2N-PLMHS-07-GP,Cooler Master ,,S2N-PLMHS-07-GP ,,0 dB ,,63 mm ,LGA1366 ,No ,Yes 
Dynatron T860,Dynatron ,,T860 ,2000 - 6000 RPM ,20.23 - 44.88 dB ,,74 mm ,LGA1366 ,No ,No 
Evercool CI01-9525EP,Evercool ,,CI01-9525EP ,900 - 2600 RPM ,12 - 31 dB ,,65 mm ,LGA1366 ,No ,No 
Thermaltake A4012-02,Thermaltake ,,A4012-02 ,2500 RPM ,21 dB ,,38 mm ,,No ,No 
Thermaltake A4022,Thermaltake ,,A4022 ,1300 RPM ,,,84 mm , AM2 | AM2+ | AM3 | AM3+ | FM1 | FM2 | FM2+ | ,No ,No 
Thermaltake CL-P0257,Thermaltake ,,CL-P0257 ,1700 RPM ,17 dB ,,66 mm ,LGA775 ,No ,No 
Thermaltake CL-P0401,Thermaltake ,,CL-P0401 ,1300 - 2000 RPM ,16 - 24 dB ,,143 mm , AM2 | AM2+ | AM3 | AM3+ | FM1 | FM2 | FM2+ | LGA775 | LGA1366 | ,No ,No 
Thermaltake CL-P0466,Thermaltake ,,CL-P0466 ,1000 - 1600 RPM ,19 - 28 dB ,,152 mm , AM2 | AM2+ | AM3 | AM3+ | FM1 | FM2 | FM2+ | LGA775 | LGA1150 | LGA1151 | LGA1155 | LGA1156 | LGA1200 | LGA1366 | ,No ,No 
Thermaltake CL-P0497,Thermaltake ,,CL-P0497 ,2500 RPM ,27 dB ,,63 mm ,LGA775 ,No ,No 
Thermaltake CLP0527,Thermaltake ,,CLP0527 ,800 - 1700 RPM ,16 dB ,,47 mm , AM2 | AM2+ | AM3 | AM3+ | FM1 | FM2 | FM2+ | LGA775 | ,No ,No 
Thermaltake CLP0554,Thermaltake ,,CLP0554 ,1000 - 1600 RPM ,19 - 28 dB ,,160 mm , AM2 | AM2+ | AM3 | AM3+ | FM1 | FM2 | FM2+ | LGA775 | LGA1150 | LGA1151 | LGA1155 | LGA1156 | LGA1200 | LGA1366 | ,No ,No 
Thermaltake CLP0579,Thermaltake ,,CLP0579 ,800 - 2000 RPM ,15 - 33.2 dB ,,159 mm , AM2 | AM2+ | AM3 | AM3+ | FM1 | FM2 | FM2+ | LGA775 | LGA1150 | LGA1151 | LGA1155 | LGA1156 | LGA1200 | LGA1366 | LGA2011 | LGA2011-3 | LGA2066 | ,No ,No 
Zalman CNPS 7500 AlCu LED,Zalman ,,CNPS 7500 AlCu LED ,1150 - 2300 RPM ,17 - 32 dB ,,67 mm , AM2 | AM2+ | AM3 | AM3+ | FM1 | FM2 | FM2+ | LGA775 | LGA1150 | LGA1151 | LGA1155 | LGA1156 | LGA1200 | ,No ,No 
Zalman CNPS 8700 NT,Zalman ,,CNPS 8700 NT ,1150 - 2100 RPM ,17.5 - 30 dB ,,67 mm , AM2 | AM2+ | AM3 | AM3+ | FM1 | FM2 | FM2+ | LGA775 | ,No ,No 
Zalman CNPS9900MAX-B,Zalman ,,CNPS9900MAX-B ,900 - 1700 RPM ,18 - 30 dB ,,152 mm , AM2 | AM2+ | AM3 | AM3+ | FM1 | FM2 | FM2+ | LGA775 | LGA1150 | LGA1151 | LGA1155 | LGA1156 | LGA1200 | LGA1366 | LGA2011 | LGA2011-3 | LGA2066 | ,No ,No 
Thermaltake CL-P0508,Thermaltake ,,CL-P0508 ,1300 - 2000 RPM ,16 - 24 dB ,,143 mm , AM2 | AM2+ | AM3 | AM3+ | FM1 | FM2 | FM2+ | LGA775 | LGA1150 | LGA1151 | LGA1155 | LGA1156 | LGA1200 | LGA1366 | ,No ,No 
Thermaltake CLP0574,Thermaltake ,,CLP0574 ,800 - 1300 RPM ,16 dB ,,162 mm , AM2 | AM2+ | AM3 | AM3+ | FM1 | FM2 | FM2+ | LGA775 | LGA1150 | LGA1151 | LGA1155 | LGA1156 | LGA1200 | LGA1366 | ,No ,No 
Xion XON-HP9310P,Xion ,,XON-HP9310P ,1000 - 3000 RPM ,16 - 25.3 dB ,,, AM2 | AM2+ | AM3 | AM3+ | FM1 | FM2 | FM2+ | LGA775 | LGA1150 | LGA1151 | LGA1155 | LGA1156 | LGA1200 | LGA1366 | ,No ,No 
Scythe SCBSK-1000,Scythe ,,SCBSK-1000 ,650 - 2200 RPM ,,,57 mm , AM2 | AM2+ | AM3 | AM3+ | FM1 | FM2 | FM2+ | LGA775 | LGA1366 | ,No ,No 
Zalman CNPS10X QUIET,Zalman ,,CNPS10X QUIET ,700 - 1400 RPM ,26 dB ,,160 mm , AM2 | AM2+ | AM3 | AM3+ | FM1 | FM2 | FM2+ | LGA775 | LGA1150 | LGA1151 | LGA1155 | LGA1156 | LGA1200 | LGA1366 | ,No ,No 
Zalman CNPS7000C-AlCu,Zalman ,,CNPS7000C-AlCu ,1350 - 2400 RPM ,17 - 24 dB ,,63 mm , AM2 | AM2+ | AM3 | AM3+ | FM1 | FM2 | FM2+ | LGA775 | LGA1150 | LGA1151 | LGA1155 | LGA1156 | LGA1200 | ,No ,No 
Zalman CNPS7000C-Cu,Zalman ,,CNPS7000C-Cu ,1700 - 2400 RPM ,13.5 - 24 dB ,,63 mm , AM2 | AM2+ | AM3 | AM3+ | FM1 | FM2 | FM2+ | LGA775 | LGA1150 | LGA1151 | LGA1155 | LGA1156 | LGA1200 | ,No ,No 
Zalman CNPS9900NT,Zalman ,,CNPS9900NT ,1000 - 2000 RPM ,19.5 - 38 dB ,,152 mm , AM2 | AM2+ | AM3 | AM3+ | FM1 | FM2 | FM2+ | LGA775 | LGA1150 | LGA1151 | LGA1155 | LGA1156 | LGA1200 | LGA1366 | ,No ,No 
Evercool HPFI-10025,Evercool ,,HPFI-10025 ,1800 RPM ,23 dB ,,143 mm , AM2 | AM2+ | AM3 | AM3+ | FM1 | FM2 | FM2+ | LGA775 | ,No ,No 
Evercool HPJ-12025,Evercool ,,HPJ-12025 ,1000 RPM ,21 dB ,,160 mm , AM2 | AM2+ | AM3 | AM3+ | FM1 | FM2 | FM2+ | LGA775 | LGA1366 | ,No ,No 
Evercool HPK-10025EA,Evercool ,,HPK-10025EA ,1800 RPM ,23 dB ,,67 mm , LGA775 | LGA1366 | ,No ,No 
Masscool 5W1081F1M3,Masscool ,,5W1081F1M3 ,2400 RPM ,31 dB ,,70 mm , AM2 | AM2+ | AM3 | AM3+ | FM1 | FM2 | FM2+ | ,No ,No 
Masscool 8W501B1M3G,Masscool ,,8W501B1M3G ,2400 RPM ,26.2 dB ,,38 mm ,LGA775 ,No ,No 
Masscool 8W553B1M3,Masscool ,,8W553B1M3 ,2400 RPM ,26.2 dB ,,38 mm ,LGA775 ,No ,No 
Masscool 8WA743,Masscool ,,8WA743 ,800 - 2800 RPM ,20 - 34 dB ,,104 mm , LGA775 | LGA1150 | LGA1151 | LGA1155 | LGA1156 | LGA1200 | LGA1366 | ,No ,No 
Masscool 8WT15-38,Masscool ,,8WT15-38 ,2400 RPM ,30 dB ,,38 mm ,LGA775 ,No ,No 
Rosewill RCX-Z1,Rosewill ,,RCX-Z1 ,1700 - 3100 RPM ,18 - 33.4 dB ,,70 mm , AM2 | AM2+ | AM3 | AM3+ | FM1 | FM2 | FM2+ | ,No ,No 
Rosewill RCX-Z2,Rosewill ,,RCX-Z2 ,500 - 3400 RPM ,17 - 34.2 dB ,,71 mm ,LGA775 ,No ,No 
Rosewill RCX-Z300,Rosewill ,,RCX-Z300 ,,,,, LGA775 | LGA1150 | LGA1151 | LGA1155 | LGA1156 | LGA1200 | ,No ,No 
Rosewill RCX-ZAIO-92,Rosewill ,,RCX-ZAIO-92 ,600 - 2500 RPM ,14.5 - 25 dB ,,138 mm , AM2 | AM2+ | AM3 | AM3+ | FM1 | FM2 | FM2+ | LGA775 | LGA1150 | LGA1151 | LGA1155 | LGA1156 | LGA1200 | LGA1366 | ,No ,No 
Scythe SCMG-2100,Scythe ,,SCMG-2100 ,,26.5 dB ,,158 mm , AM2 | AM2+ | AM3 | AM3+ | FM1 | FM2 | FM2+ | LGA775 | LGA1150 | LGA1151 | LGA1155 | LGA1156 | LGA1200 | LGA1366 | ,No ,No 
Scythe SCSMZ-2000,Scythe ,,SCSMZ-2000 ,300 - 2500 RPM ,7.2 - 31.07 dB ,,94 mm , AM2 | AM2+ | AM3 | AM3+ | FM1 | FM2 | FM2+ | LGA775 | LGA1150 | LGA1151 | LGA1155 | LGA1156 | LGA1200 | LGA1366 | ,No ,No 
Scythe SCYS-1000,Scythe ,,SCYS-1000 ,470 - 1900 RPM ,7.05 - 27.3 dB ,,159 mm , AM2 | AM2+ | AM3 | AM3+ | FM1 | FM2 | FM2+ | LGA775 | LGA1150 | LGA1151 | LGA1155 | LGA1156 | LGA1200 | LGA1366 | ,No ,No 
Silverstone NT07-775,Silverstone ,,NT07-775 ,1200 - 1800 RPM ,15 - 23 dB ,,37 mm ,LGA775 ,No ,No 
Zalman CNPS8000A,Zalman ,,CNPS8000A ,1400 - 2600 RPM ,20 - 30 dB ,,66 mm , AM2 | AM2+ | AM3 | AM3+ | FM1 | FM2 | FM2+ | LGA775 | LGA1150 | LGA1151 | LGA1155 | LGA1156 | LGA1200 | LGA1366 | ,No ,No 
Zalman CNPS5X SZ,Zalman ,,CNPS5X SZ ,1400 - 2800 RPM ,20 - 32 dB ,,134 mm , AM2 | AM2+ | AM3 | AM3+ | FM1 | FM2 | FM2+ | LGA775 | LGA1150 | LGA1151 | LGA1155 | LGA1156 | LGA1200 | ,No ,No 
Xigmatek Balder SD1283,Xigmatek ,Balder SD1283 ,BALDER SD1283 ,1000 - 2200 RPM ,28 dB ,,160 mm , AM2 | AM2+ | AM3 | AM3+ | FM1 | FM2 | FM2+ | LGA775 | LGA1150 | LGA1151 | LGA1155 | LGA1156 | LGA1200 | LGA1366 | ,No ,No 
Xigmatek D982,Xigmatek ,,D982 ,1500 - 2500 RPM ,22 dB ,,65 mm , LGA775 | LGA1150 | LGA1151 | LGA1155 | LGA1156 | LGA1200 | LGA1366 | ,No ,No 
Xigmatek Dark Knight S1283V,Xigmatek ,Dark Knight S1283V ,Dark Knight-S1283V ,1000 - 2200 RPM ,30.1 dB ,,159 mm , AM2 | AM2+ | AM3 | AM3+ | FM1 | FM2 | FM2+ | LGA775 | LGA1366 | ,No ,No 
Xigmatek EP-CD903,Xigmatek ,,EP-CD903 ,1200 - 2500 RPM ,28 dB ,,57 mm , AM2 | AM2+ | AM3 | AM3+ | FM1 | FM2 | FM2+ | LGA1150 | LGA1151 | LGA1155 | LGA1156 | LGA1200 | ,No ,No 
Xigmatek HDT-S1283,Xigmatek ,,HDT-S1283 ,800 - 1500 RPM ,20 - 32 dB ,,159 mm , AM2 | AM2+ | AM3 | AM3+ | FM1 | FM2 | FM2+ | LGA775 | ,No ,No 
Xigmatek HDT-SD964,Xigmatek ,,HDT-SD964 ,1200 - 2800 RPM ,22 - 30 dB ,,133 mm , AM2 | AM2+ | AM3 | AM3+ | FM1 | FM2 | FM2+ | LGA775 | ,No ,No 
Xigmatek Cobra - D984,Xigmatek ,Cobra - D984 ,cobra - d984 ,1000 - 2800 RPM ,20 - 28 dB ,,102 mm , AM2 | AM2+ | AM3 | AM3+ | FM1 | FM2 | FM2+ | LGA775 | ,No ,No 
ZEROtherm CF800-MK III,ZEROtherm ,,CF800-MK III ,900 - 2600 RPM ,30 dB ,,75 mm , LGA1150 | LGA1151 | LGA1155 | LGA1156 | LGA1200 | ,No ,No 
ZEROtherm CORE92,ZEROtherm ,,CORE92 ,900 - 2500 RPM ,19.5 dB ,,93 mm , LGA775 | LGA1150 | LGA1151 | LGA1155 | LGA1156 | LGA1200 | LGA1366 | ,No ,No 
ZEROtherm Nirvana NV120 PWM,ZEROtherm ,,Nirvana NV120 PWM ,900 - 1800 RPM ,30 dB ,,150 mm , AM2 | AM2+ | AM3 | AM3+ | FM1 | FM2 | FM2+ | LGA775 | LGA1366 | ,No ,No 
ZEROtherm ZT-10D,ZEROtherm ,,ZT-10D ,,0 dB ,,160 mm , AM2 | AM2+ | AM3 | AM3+ | FM1 | FM2 | FM2+ | LGA775 | LGA1150 | LGA1151 | LGA1155 | LGA1156 | LGA1200 | LGA1366 | ,No ,Yes 
ZEROtherm ZT-10D Smart,ZEROtherm ,,ZT-10D Smart ,,,,160 mm , AM2 | AM2+ | AM3 | AM3+ | FM1 | FM2 | FM2+ | LGA775 | LGA1150 | LGA1151 | LGA1155 | LGA1156 | LGA1200 | LGA1366 | ,No ,No 
ZEROtherm ZT-560D,ZEROtherm ,,ZT-560D ,900 - 2300 RPM ,30 dB ,,77 mm , LGA1150 | LGA1151 | LGA1155 | LGA1156 | LGA1200 | ,No ,No 
Xigmatek HDT-S1284F,Xigmatek ,,HDT-S1284F ,800 - 1500 RPM ,16 - 24 dB ,,160 mm , AM2 | AM2+ | AM3 | AM3+ | FM1 | FM2 | FM2+ | LGA775 | LGA1150 | LGA1151 | LGA1155 | LGA1156 | LGA1200 | ,No ,No 
Antec Performance Max,Antec ,,Performance Max ,,,,132 mm , AM2 | AM2+ | AM3 | AM3+ | FM1 | FM2 | FM2+ | LGA775 | ,No ,No 
Scythe SCMN-2000,Scythe ,,SCMN-2000 ,500 - 1700 RPM ,9.6 - 36.4 dB ,,160 mm , AM2 | AM2+ | AM3 | AM3+ | FM1 | FM2 | FM2+ | LGA775 | LGA1150 | LGA1151 | LGA1155 | LGA1156 | LGA1200 | LGA1366 | ,No ,No 
Thermaltake CLP0532,Thermaltake ,,CLP0532 ,2500 RPM ,34 dB ,,81 mm ,LGA1366 ,No ,No 
Thermaltake CLP0555,Thermaltake ,,CLP0555 ,300 - 2500 RPM ,12 - 16 dB ,,77 mm , LGA1150 | LGA1151 | LGA1155 | LGA1156 | LGA1200 | ,No ,No 
Thermaltake Frio OCK,Thermaltake ,Frio OCK ,CLP0575 ,1200 - 2100 RPM ,21 - 48 dB ,,159 mm , AM2 | AM2+ | AM3 | AM3+ | FM1 | FM2 | FM2+ | LGA775 | LGA1150 | LGA1151 | LGA1155 | LGA1156 | LGA1200 | LGA1366 | LGA2011 | LGA2011-3 | LGA2066 | ,No ,No 
Scythe SCKZT-1000,Scythe ,,SCKZT-1000 ,800 - 3300 RPM ,8.2 - 32.5 dB ,,40 mm , AM2 | AM2+ | AM3 | AM3+ | FM1 | FM2 | FM2+ | LGA775 | LGA1150 | LGA1151 | LGA1155 | LGA1156 | LGA1200 | LGA1366 | ,No ,No 
ARCTIC Freezer 13 Limited Edition,ARCTIC ,Freezer 13 Limited Edition , ACFZ13-LTD | UCACO-FZ130002-BL | ,600 - 2000 RPM ,,,130 mm , AM2 | AM2+ | AM3 | AM3+ | AM4 | AM5 | FM1 | FM2 | FM2+ | LGA775 | LGA1150 | LGA1151 | LGA1155 | LGA1156 | LGA1200 | LGA1366 | ,No ,No 
Enzotech Extreme-X Rev.A,Enzotech ,,Extreme-X Rev.A ,1000 - 2500 RPM ,15.8 - 43.3 dB ,,118 mm , AM2 | AM2+ | AM3 | AM3+ | FM1 | FM2 | FM2+ | ,No ,No 
Gelid Solutions Rev. 1 Tranquillo,Gelid Solutions ,Rev. 1 Tranquillo ,CC-TranQ-01-A ,750 - 1500 RPM ,12 - 25.5 dB ,,153 mm , AM2 | AM2+ | AM3 | AM3+ | FM1 | FM2 | FM2+ | LGA775 | LGA1150 | LGA1151 | LGA1155 | LGA1156 | LGA1200 | LGA1366 | ,No ,No 
Gelid Solutions Slim Silence 775,Gelid Solutions ,,Slim Silence 775 ,1100 - 2300 RPM ,15 - 24.5 dB ,,28 mm ,LGA775 ,No ,No 
Logisys AC2200BT,Logisys ,,AC2200BT ,2200 RPM ,30.1 dB ,,74 mm , AM2 | AM2+ | AM3 | AM3+ | FM1 | FM2 | FM2+ | ,No ,No 
Logisys AC4400BT,Logisys ,,AC4400BT ,2200 RPM ,30.1 dB ,,74 mm , AM2 | AM2+ | AM3 | AM3+ | FM1 | FM2 | FM2+ | ,No ,No 
Logisys IC106,Logisys ,,IC106 ,2200 RPM ,25 dB ,,59 mm ,LGA775 ,No ,No 
Logisys IC207,Logisys ,,IC207 ,2500 RPM ,25 dB ,,72 mm , LGA1150 | LGA1151 | LGA1155 | LGA1156 | LGA1200 | ,No ,No 
Logisys IC4100AST,Logisys ,,IC4100AST ,2200 RPM ,30.1 dB ,,82 mm ,LGA775 ,No ,No 
Logisys MC3001IE,Logisys ,,MC3001IE ,900 - 2200 RPM ,17.8 - 34.6 dB ,,129 mm , AM2 | AM2+ | AM3 | AM3+ | FM1 | FM2 | FM2+ | LGA775 | LGA1150 | LGA1151 | LGA1155 | LGA1156 | LGA1200 | LGA1366 | ,No ,No 
TUNIQ T-120-LFB,TUNIQ ,,T-120-LFB ,1000 - 2000 RPM ,,,153 mm , AM2 | AM2+ | AM3 | AM3+ | FM1 | FM2 | FM2+ | LGA775 | ,No ,No 
TUNIQ Tower 120,TUNIQ ,,Tower 120 ,1000 - 2000 RPM ,,,153 mm , AM2 | AM2+ | AM3 | AM3+ | FM1 | FM2 | FM2+ | LGA775 | ,No ,No 
Thermalright U120eXtrem1366RT R-C,Thermalright ,,U120eXtrem1366RT R-C ,1600 RPM ,28 dB ,,161 mm ,LGA1366 ,No ,No 
Scythe SCMG-3000,Scythe ,,SCMG-3000 ,300 - 1600 RPM ,26.5 dB ,,158 mm , AM2 | AM2+ | AM3 | AM3+ | FM1 | FM2 | FM2+ | LGA775 | LGA1150 | LGA1151 | LGA1155 | LGA1156 | LGA1200 | LGA1366 | ,No ,No 
Sunbeam CR-CCTF92-4,Sunbeam ,,CR-CCTF92-4 ,1200 - 2200 RPM ,27 dB ,,75 mm , AM2 | AM2+ | AM3 | AM3+ | FM1 | FM2 | FM2+ | LGA775 | LGA1366 | ,No ,No 
Thermalright Silver Arrow,Thermalright ,, Silver Arrow | SILVER ARROW SB-E | ,500 - 1300 RPM ,17 - 21 dB ,,165 mm , AM2 | AM2+ | AM3 | AM3+ | AM4 | FM1 | FM2 | FM2+ | LGA775 | LGA1150 | LGA1151 | LGA1155 | LGA1156 | LGA1200 | LGA1366 | LGA1700 | LGA1851 | ,No ,No 
Corsair H70 Core,Corsair ,,H70 Core ,,,,, AM2 | AM2+ | AM3 | AM3+ | FM1 | FM2 | FM2+ | LGA1150 | LGA1151 | LGA1155 | LGA1156 | LGA1200 | LGA1366 | LGA2011 | LGA2011-3 | LGA2066 | ,Yes - 120 mm ,No 
Enermax ETS-T40-TB,Enermax ,,ETS-T40-TB ,800 - 1800 RPM ,10 - 21 dB ,,160 mm , AM2 | AM2+ | AM3 | AM3+ | FM1 | FM2 | FM2+ | LGA775 | LGA1150 | LGA1151 | LGA1155 | LGA1156 | LGA1200 | LGA1366 | LGA2011 | LGA2011-3 | LGA2066 | ,No ,No 
Enermax ETD-T60-TB,Enermax ,,ETD-T60-TB ,800 - 1800 RPM ,10 - 21 dB ,,115 mm , AM2 | AM2+ | AM3 | AM3+ | FM1 | FM2 | FM2+ | LGA775 | LGA1150 | LGA1151 | LGA1155 | LGA1156 | LGA1200 | LGA1366 | ,No ,No 
Enermax ETD-T60-VD,Enermax ,,ETD-T60-VD ,800 - 1800 RPM ,16 - 21 dB ,,115 mm , AM2 | AM2+ | AM3 | AM3+ | FM1 | FM2 | FM2+ | LGA775 | LGA1150 | LGA1151 | LGA1155 | LGA1156 | LGA1200 | LGA1366 | ,No ,No 
Enermax ETS-T40-TA,Enermax ,,ETS-T40-TA ,800 - 1800 RPM ,16 - 21 dB ,,160 mm , AM2 | AM2+ | AM3 | AM3+ | FM1 | FM2 | FM2+ | LGA775 | LGA1150 | LGA1151 | LGA1155 | LGA1156 | LGA1200 | LGA1366 | ,No ,No 
Evercool HPKC-10025EA,Evercool ,,HPKC-10025EA ,1800 RPM ,23 dB ,,67 mm , AM2 | AM2+ | AM3 | AM3+ | FM1 | FM2 | FM2+ | LGA1366 | ,No ,No 
Gelid Solutions CC-GX7-01-A,Gelid Solutions ,,CC-GX7-01-A ,600 - 1800 RPM ,10 - 26.8 dB ,,159 mm , AM2 | AM2+ | AM3 | AM3+ | FM1 | FM2 | FM2+ | LGA775 | LGA1150 | LGA1151 | LGA1155 | LGA1156 | LGA1200 | LGA1366 | ,No ,No 
Zalman CNPS12X,Zalman ,,CNPS12X ,850 - 1200 RPM ,22 - 24 dB ,,154 mm , AM2 | AM2+ | AM3 | AM3+ | FM1 | FM2 | FM2+ | LGA775 | LGA1150 | LGA1151 | LGA1155 | LGA1156 | LGA1200 | LGA1366 | LGA2011 | LGA2011-3 | LGA2066 | ,No ,No 
ZEROtherm ZT-1000D 775,ZEROtherm ,,ZT-1000D 775 ,2500 RPM ,,,67 mm ,LGA775 ,No ,No 
SilenX EFZ-100HA1,SilenX ,,EFZ-100HA1 ,1000 - 2000 RPM ,8 - 24 dB ,,67 mm , AM2 | AM2+ | AM3 | AM3+ | FM1 | FM2 | FM2+ | LGA775 | LGA1150 | LGA1151 | LGA1155 | LGA1156 | LGA1200 | LGA1366 | ,No ,No 
Enermax ETS-T40-VD,Enermax ,,ETS-T40-VD ,800 - 1800 RPM ,16 - 21 dB ,,160 mm , AM2 | AM2+ | AM3 | AM3+ | FM1 | FM2 | FM2+ | LGA775 | LGA1150 | LGA1151 | LGA1155 | LGA1156 | LGA1200 | LGA1366 | ,No ,No 
Prolimatech PRO-GNSS,Prolimatech ,, PRO-GNSS | GENESIS | ,800 - 1600 RPM ,,,160 mm , AM2 | AM2+ | AM3 | AM3+ | FM1 | FM2 | FM2+ | LGA1150 | LGA1151 | LGA1155 | LGA1156 | LGA1200 | LGA1366 | ,No ,No 
Titan TTC-NK35TZ/RPW/V2,Titan ,,TTC-NK35TZ/RPW/V2 ,900 - 2800 RPM ,12 - 31 dB ,,144 mm , AM2 | AM2+ | AM3 | AM3+ | FM1 | FM2 | FM2+ | LGA775 | LGA1366 | ,No ,No 
Prolimatech PRO-PNTH,Prolimatech ,,PRO-PNTH ,,,,161 mm , AM2 | AM2+ | AM3 | AM3+ | FM1 | FM2 | FM2+ | LGA1150 | LGA1151 | LGA1155 | LGA1156 | LGA1200 | ,No ,No 
Thermaltake CLP0533,Thermaltake ,,CLP0533 ,1000 - 6000 RPM ,21 - 48 dB ,,98 mm ,LGA1366 ,No ,No 
Prolimatech PRO-MGH-C,Prolimatech ,, PRO-MGH-C | Megahalems Rev. C | ,,26 dB ,,159 mm , AM2 | AM2+ | AM3 | AM3+ | FM1 | FM2 | FM2+ | LGA775 | LGA1150 | LGA1151 | LGA1155 | LGA1156 | LGA1200 | LGA1366 | LGA2011 | LGA2011-3 | LGA2066 | ,No ,No 
Scythe SCBSK-2000,Scythe ,,SCBSK-2000 ,,9.32 - 33.67 dB ,,58 mm , AM2 | AM2+ | AM3 | AM3+ | FM1 | FM2 | FM2+ | LGA775 | LGA1150 | LGA1151 | LGA1155 | LGA1156 | LGA1200 | LGA1366 | ,No ,No 
Logisys IC231PWM,Logisys ,,IC231PWM ,900 - 2400 RPM ,17.8 - 32.5 dB ,,60 mm , LGA1150 | LGA1151 | LGA1155 | LGA1156 | LGA1200 | ,No ,No 
Nexus LOW-7000 R2,Nexus ,,LOW-7000 R2 ,500 - 2000 RPM ,15 - 24 dB ,,70 mm , AM2 | AM2+ | AM3 | AM3+ | FM1 | FM2 | FM2+ | LGA775 | LGA1150 | LGA1151 | LGA1155 | LGA1156 | LGA1200 | LGA1366 | ,No ,No 
Logisys MC4004IEXT,Logisys ,,MC4004IEXT ,900 - 2200 RPM ,17.8 - 28.1 dB ,,127 mm , AM2 | AM2+ | AM3 | AM3+ | FM1 | FM2 | FM2+ | LGA775 | LGA1150 | LGA1151 | LGA1155 | LGA1156 | LGA1200 | LGA1366 | ,No ,No 
Logisys MC106,Logisys ,,MC106 ,1500 RPM ,19 dB ,,66 mm , AM2 | AM2+ | AM3 | AM3+ | FM1 | FM2 | FM2+ | LGA775 | LGA1150 | LGA1151 | LGA1155 | LGA1156 | LGA1200 | ,No ,No 
Logisys MC6001IM,Logisys ,,MC6001IM ,700 - 1200 RPM ,18.2 - 26.7 dB ,,170 mm , AM2 | AM2+ | AM3 | AM3+ | FM1 | FM2 | FM2+ | LGA775 | LGA1150 | LGA1151 | LGA1155 | LGA1156 | LGA1200 | LGA1366 | ,No ,No 
Logisys MC4005IB,Logisys ,,MC4005IB ,900 - 1500 RPM ,21.4 - 32.1 dB ,,157 mm , AM2 | AM2+ | AM3 | AM3+ | FM1 | FM2 | FM2+ | LGA775 | LGA1150 | LGA1151 | LGA1155 | LGA1156 | LGA1200 | LGA1366 | ,No ,No 
Logisys MC4001IM,Logisys ,,MC4001IM ,500 - 1500 RPM ,17.8 - 27.6 dB ,,160 mm , AM2 | AM2+ | AM3 | AM3+ | FM1 | FM2 | FM2+ | LGA775 | LGA1150 | LGA1151 | LGA1155 | LGA1156 | LGA1200 | LGA1366 | ,No ,No 
Logisys MC4002IW,Logisys ,,MC4002IW ,500 - 1500 RPM ,17.8 - 27.6 dB ,,160 mm , AM2 | AM2+ | AM3 | AM3+ | FM1 | FM2 | FM2+ | LGA775 | LGA1150 | LGA1151 | LGA1155 | LGA1156 | LGA1200 | LGA1366 | ,No ,No 
Logisys MC6002GS,Logisys ,,MC6002GS ,500 - 1500 RPM ,17.6 - 27.6 dB ,,158 mm , AM2 | AM2+ | AM3 | AM3+ | FM1 | FM2 | FM2+ | LGA775 | LGA1150 | LGA1151 | LGA1155 | LGA1156 | LGA1200 | LGA1366 | ,No ,No 
Logisys IC221PWM,Logisys ,,IC221PWM ,900 - 2400 RPM ,17.8 - 26.4 dB ,,60 mm , LGA1150 | LGA1151 | LGA1155 | LGA1156 | LGA1200 | ,No ,No 
Logisys MC2001IE,Logisys ,,MC2001IE ,2200 RPM ,23.4 dB ,,130 mm , AM2 | AM2+ | AM3 | AM3+ | FM1 | FM2 | FM2+ | LGA775 | LGA1150 | LGA1151 | LGA1155 | LGA1156 | LGA1200 | ,No ,No 
Logisys IC4300X4,Logisys ,,IC4300X4 ,400 - 2800 RPM ,17.8 - 40.7 dB ,,74 mm ,LGA1366 ,No ,No 
SilenX EFZ-120HA3,SilenX ,,EFZ-120HA3 ,800 - 2000 RPM ,,,145 mm , AM2 | AM2+ | AM3 | AM3+ | FM1 | FM2 | FM2+ | LGA775 | LGA1150 | LGA1151 | LGA1155 | LGA1156 | LGA1200 | LGA1366 | ,No ,No 
Phanteks PH-TC14PE_RD,Phanteks ,,PH-TC14PE_RD ,700 - 1200 RPM ,13.4 - 19 dB ,,171 mm , AM2 | AM2+ | AM3 | AM3+ | FM1 | FM2 | FM2+ | LGA775 | LGA1150 | LGA1151 | LGA1155 | LGA1156 | LGA1200 | LGA1366 | LGA2011 | LGA2011-3 | LGA2066 | ,No ,No 
Zalman CNPS20LQ,Zalman ,,CNPS20LQ ,900 - 2000 RPM ,17 - 36 dB ,,, AM2 | AM2+ | AM3 | AM3+ | FM1 | FM2 | FM2+ | LGA1150 | LGA1151 | LGA1155 | LGA1156 | LGA1200 | LGA1366 | LGA2011 | LGA2011-3 | LGA2066 | ,Yes - 120 mm ,No 
Cooler Master X6 Elite,Cooler Master ,X6 Elite ,RR-X6NN-18PK-R1 ,600 - 1800 RPM ,9 - 34.6 dB ,,163 mm , AM2 | AM2+ | AM3 | AM3+ | FM1 | FM2 | FM2+ | LGA775 | LGA1150 | LGA1151 | LGA1155 | LGA1156 | LGA1200 | LGA1366 | LGA2011 | LGA2011-3 | LGA2066 | ,No ,No 
Thermaltake Contac 16,Thermaltake ,Contac 16 ,CLP0598 ,2400 RPM ,30 dB ,,140 mm , AM2 | AM2+ | AM3 | AM3+ | FM1 | FM2 | FM2+ | LGA775 | LGA1150 | LGA1151 | LGA1155 | LGA1156 | LGA1200 | ,No ,No 
Masscool 7WA868,Masscool ,,7WA868 ,800 - 2800 RPM ,19 - 27 dB ,,153 mm , AM2 | AM2+ | AM3 | AM3+ | FM1 | FM2 | FM2+ | LGA775 | LGA1150 | LGA1151 | LGA1155 | LGA1156 | LGA1200 | LGA1366 | LGA2011 | LGA2011-3 | LGA2066 | ,No ,No 
Thermaltake CLP0600,Thermaltake ,,CLP0600 ,1000 - 2400 RPM ,19.3 - 30 dB ,,140 mm , AM2 | AM2+ | AM3 | AM3+ | FM1 | FM2 | FM2+ | LGA775 | LGA1150 | LGA1151 | LGA1155 | LGA1156 | LGA1200 | LGA1366 | ,No ,No 
Thermaltake A1964,Thermaltake ,,A1964 ,5500 RPM ,,,53 mm ,,No ,No 
SilenX EFZ-120HA5,SilenX ,,EFZ-120HA5 ,1600 RPM ,8 - 24 dB ,,153 mm , AM2 | AM2+ | AM3 | AM3+ | FM1 | FM2 | FM2+ | LGA775 | LGA1150 | LGA1151 | LGA1155 | LGA1156 | LGA1200 | LGA1366 | LGA2011 | LGA2011-3 | LGA2066 | ,No ,No 
Scythe SCKC-2100,Scythe ,,SCKC-2100 ,500 - 1300 RPM ,9.6 - 24.7 dB ,,137 mm , AM2 | AM2+ | AM3 | AM3+ | FM1 | FM2 | FM2+ | LGA775 | LGA1150 | LGA1151 | LGA1155 | LGA1156 | LGA1200 | LGA1366 | LGA2011 | LGA2011-3 | LGA2066 | ,No ,No 
Zalman CNPS8900 Extreme,Zalman ,,CNPS8900 Extreme ,1250 - 2800 RPM ,19.5 - 35 dB ,,60 mm , AM2 | AM2+ | AM3 | AM3+ | FM1 | FM2 | FM2+ | LGA775 | LGA1150 | LGA1151 | LGA1155 | LGA1156 | LGA1200 | LGA1366 | ,No ,No 
Evercool NI2011E-9525EP,Evercool ,,NI2011E-9525EP ,1000 - 3000 RPM ,28 dB ,,65 mm , LGA2011 | LGA2011-3 | LGA2066 | ,No ,No 
Evercool TTC-NK35TZ/RPW/V3,Evercool ,,TTC-NK35TZ/RPW/V3 ,900 - 2800 RPM ,12 - 31 dB ,,144 mm , AM2 | AM2+ | AM3 | AM3+ | FM1 | FM2 | FM2+ | LGA775 | LGA1150 | LGA1151 | LGA1155 | LGA1156 | LGA1200 | ,No ,No 
Scythe SCKC-2000,Scythe ,,SCKC-2000 ,500 - 1300 RPM ,9.6 - 24.7 dB ,,137 mm , AM2 | AM2+ | AM3 | AM3+ | FM1 | FM2 | FM2+ | LGA775 | LGA1150 | LGA1151 | LGA1155 | LGA1156 | LGA1200 | LGA1366 | ,No ,No 
ARCTIC Freezer A30,ARCTIC ,Freezer A30 , ACFZA30 | UCACO-FA30001-GB | ,400 - 1350 RPM ,,,161 mm , AM2 | AM2+ | AM3 | AM3+ | FM1 | FM2 | FM2+ | ,No ,No 
Scythe SCMG-3100,Scythe ,,SCMG-3100 ,300 - 1600 RPM ,9.6 - 32.15 dB ,,158 mm , AM2 | AM2+ | AM3 | AM3+ | FM1 | FM2 | FM2+ | LGA775 | LGA1150 | LGA1151 | LGA1155 | LGA1156 | LGA1200 | LGA1366 | LGA2011 | LGA2011-3 | LGA2066 | ,No ,No 
Titan EC-TTC-NC05TZ,Titan ,,EC-TTC-NC05TZ ,800 - 1500 RPM ,15.3 - 29 dB ,,152 mm , AM2 | AM2+ | AM3 | AM3+ | FM1 | FM2 | FM2+ | LGA775 | LGA1150 | LGA1151 | LGA1155 | LGA1156 | LGA1200 | LGA1366 | ,No ,No 
Vantec VAF-1225,Vantec ,,VAF-1225 ,1000 - 2200 RPM ,20 - 32 dB ,,159 mm , AM2 | AM2+ | AM3 | AM3+ | FM1 | FM2 | FM2+ | LGA775 | ,No ,No 
Dynatron R22,Dynatron ,,R22 ,,,,64 mm , LGA2011 | LGA2011-3 | LGA2066 | ,No ,Yes 
Scythe SCSMZ-2100,Scythe ,,SCSMZ-2100 ,300 - 2500 RPM ,7.2 - 31.07 dB ,,94 mm , AM2 | AM2+ | AM3 | AM3+ | FM1 | FM2 | FM2+ | LGA775 | LGA1150 | LGA1151 | LGA1155 | LGA1156 | LGA1200 | LGA1366 | LGA2011 | LGA2011-3 | LGA2066 | ,No ,No 
Dynatron R19,Dynatron ,,R19 ,,,,27 mm , LGA2011 | LGA2011-3 | LGA2066 | ,No ,Yes 
Phanteks PH-TC14CS_BL,Phanteks ,,PH-TC14CS_BL ,700 RPM ,13.4 - 19 dB ,,112 mm , AM2 | AM2+ | AM3 | AM3+ | FM1 | FM2 | FM2+ | LGA775 | LGA1150 | LGA1151 | LGA1155 | LGA1156 | LGA1200 | LGA1366 | LGA2011 | LGA2011-3 | LGA2066 | ,No ,No 
Thermaltake CLP0596,Thermaltake ,,CLP0596 ,800 - 2000 RPM ,21 - 44 dB ,,159 mm , AM2 | AM2+ | AM3 | AM3+ | FM1 | FM2 | FM2+ | LGA775 | LGA1150 | LGA1151 | LGA1155 | LGA1156 | LGA1200 | LGA1366 | LGA2011 | LGA2011-3 | LGA2066 | ,No ,No 
Phanteks PH-TC14CS_BK,Phanteks ,,PH-TC14CS_BK ,700 RPM ,13.4 - 19 dB ,,112 mm , AM2 | AM2+ | AM3 | AM3+ | FM1 | FM2 | FM2+ | LGA775 | LGA1150 | LGA1151 | LGA1155 | LGA1156 | LGA1200 | LGA1366 | LGA2011 | LGA2011-3 | LGA2066 | ,No ,No 
Enermax ELC120-TB,Enermax ,,ELC120-TB ,800 - 2200 RPM ,17.3 - 31.2 dB ,,, AM2 | AM2+ | AM3 | AM3+ | FM1 | FM2 | FM2+ | LGA775 | LGA1150 | LGA1151 | LGA1155 | LGA1156 | LGA1200 | LGA1366 | LGA2011 | LGA2011-3 | LGA2066 | ,Yes - 120 mm ,No 
Phanteks PH-TC90LS,Phanteks ,,PH-TC90LS ,1000 - 2500 RPM ,19 - 26 dB ,,45 mm , LGA1150 | LGA1151 | LGA1155 | LGA1156 | LGA1200 | LGA2011 | LGA2011-3 | LGA2066 | ,No ,No 
NZXT Respire T20,NZXT ,Respire T20 , RC-RST20-01 | Respire T20 | ,1300 - 1800 RPM ,26.5 - 34 dB ,,160 mm , AM2 | AM2+ | AM3 | AM3+ | FM1 | FM2 | FM2+ | LGA775 | LGA1150 | LGA1151 | LGA1155 | LGA1156 | LGA1200 | LGA1366 | LGA2011 | LGA2011-3 | LGA2066 | ,No ,No 
Zalman CNPS9900 D/F,Zalman ,,CNPS9900 D/F ,900 - 1400 RPM ,19 - 27 dB ,,154 mm , AM2 | AM2+ | AM3 | AM3+ | FM1 | FM2 | FM2+ | LGA775 | LGA1150 | LGA1151 | LGA1155 | LGA1156 | LGA1200 | LGA1366 | LGA2011 | LGA2011-3 | LGA2066 | ,No ,No 
Gelid Solutions Silent Spirit,Gelid Solutions ,Silent Spirit ,CC-Spirit-02-A ,900 - 2400 RPM ,10 - 25.8 dB ,,125 mm , AM2 | AM2+ | AM3 | AM3+ | FM1 | FM2 | FM2+ | LGA775 | LGA1150 | LGA1151 | LGA1155 | LGA1156 | LGA1200 | ,No ,No 
Swiftech H220,Swiftech ,,H220 ,1200 - 3000 RPM ,16 - 33 dB ,,, AM2 | AM2+ | AM3 | AM3+ | FM1 | FM2 | FM2+ | LGA775 | LGA1150 | LGA1151 | LGA1155 | LGA1156 | LGA1200 | LGA1366 | LGA2011 | LGA2011-3 | LGA2066 | ,Yes - 240 mm ,No 
Cooler Master Eisberg 120L Prestige,Cooler Master ,Eisberg 120L Prestige ,RL-EB12-16FK-R1 ,1600 RPM ,20.5 dB ,,, AM2 | AM2+ | AM3 | AM3+ | FM1 | FM2 | FM2+ | LGA775 | LGA1150 | LGA1151 | LGA1155 | LGA1156 | LGA1200 | LGA1366 | LGA2011 | LGA2011-3 | LGA2066 | ,Yes - 120 mm ,No 
Cooler Master RR-T612-20PK-R1,Cooler Master ,,RR-T612-20PK-R1 ,2000 RPM ,9 - 36 dB ,,162 mm , AM2 | AM2+ | AM3 | AM3+ | FM1 | FM2 | FM2+ | LGA775 | LGA1150 | LGA1151 | LGA1155 | LGA1156 | LGA1200 | LGA1366 | LGA2011 | LGA2011-3 | LGA2066 | ,No ,No 
Silverstone AR02,Silverstone ,,AR02 ,1200 - 2800 RPM ,16 - 24 dB ,,134 mm , AM2 | AM2+ | AM3 | AM3+ | FM1 | FM2 | FM2+ | LGA775 | LGA1150 | LGA1151 | LGA1155 | LGA1156 | LGA1200 | LGA1366 | LGA2011 | LGA2011-3 | LGA2066 | ,No ,No 
Silverstone AR03,Silverstone ,,AR03 ,1000 - 2200 RPM ,16.39 - 33.5 dB ,,159 mm , AM2 | AM2+ | AM3 | AM3+ | FM1 | FM2 | FM2+ | LGA775 | LGA1150 | LGA1151 | LGA1155 | LGA1156 | LGA1200 | LGA1366 | LGA2011 | LGA2011-3 | LGA2066 | ,No ,No 
Rosewill ROCC-13001,Rosewill ,,ROCC-13001 ,2000 RPM ,19.39 - 31.05 dB ,,160 mm , AM2 | AM2+ | AM3 | AM3+ | FM1 | FM2 | FM2+ | LGA775 | LGA1150 | LGA1151 | LGA1155 | LGA1156 | LGA1200 | LGA1366 | LGA2011 | LGA2011-3 | LGA2066 | ,No ,No 
Silverstone TD02,Silverstone ,,TD02 ,1500 - 2500 RPM ,16 - 33.5 dB ,,, AM2 | AM2+ | AM3 | AM3+ | FM1 | FM2 | FM2+ | LGA775 | LGA1150 | LGA1151 | LGA1155 | LGA1156 | LGA1200 | LGA1366 | LGA2011 | LGA2011-3 | LGA2066 | ,Yes - 240 mm ,No 
Silverstone TD03,Silverstone ,,TD03 ,1500 - 2500 RPM ,16 - 33.5 dB ,,, AM2 | AM2+ | AM3 | AM3+ | FM1 | FM2 | FM2+ | LGA775 | LGA1150 | LGA1151 | LGA1155 | LGA1156 | LGA1200 | LGA1366 | LGA2011 | LGA2011-3 | LGA2066 | ,Yes - 120 mm ,No 
Zalman CNPS2X,Zalman ,,CNPS2X ,1500 - 2600 RPM ,17.39 - 22.7 dB ,,27 mm , AM2 | AM2+ | AM3 | AM3+ | FM1 | FM2 | FM2+ | LGA775 | LGA1150 | LGA1151 | LGA1155 | LGA1156 | LGA1200 | ,No ,No 
Thermaltake CLP0607,Thermaltake ,,CLP0607 ,1000 - 2000 RPM ,20 - 39.9 dB ,,160 mm , AM2 | AM2+ | AM3 | AM3+ | FM1 | FM2 | FM2+ | LGA775 | LGA1150 | LGA1151 | LGA1155 | LGA1156 | LGA1200 | LGA1366 | LGA2011 | LGA2011-3 | LGA2066 | ,No ,No 
Zalman CNPS90F,Zalman ,,CNPS90F ,2300 RPM ,29 dB ,,60 mm , AM2 | AM2+ | AM3 | AM3+ | FM1 | FM2 | FM2+ | LGA775 | LGA1150 | LGA1151 | LGA1155 | LGA1156 | LGA1200 | ,No ,No 
Thermaltake CLP0606,Thermaltake ,,CLP0606 ,800 - 1600 RPM ,18 - 30.2 dB ,,155 mm , AM2 | AM2+ | AM3 | AM3+ | FM1 | FM2 | FM2+ | LGA775 | LGA1150 | LGA1151 | LGA1155 | LGA1156 | LGA1200 | LGA1366 | LGA2011 | LGA2011-3 | LGA2066 | ,No ,No 
ARCTIC Alpine 7 GT,ARCTIC ,Alpine 7 GT ,UC-AR7GT-AC-01 ,2000 RPM ,25 dB ,,64 mm , LGA1150 | LGA1151 | LGA1155 | LGA1156 | LGA1200 | ,No ,No 
Enermax ETS-T40-W,Enermax ,,ETS-T40-W ,2200 RPM ,31.2 dB ,,160 mm , AM2 | AM2+ | AM3 | AM3+ | FM1 | FM2 | FM2+ | LGA775 | LGA1150 | LGA1151 | LGA1155 | LGA1156 | LGA1200 | LGA1366 | LGA2011 | LGA2011-3 | LGA2066 | ,No ,No 
Thermaltake CLP0605,Thermaltake ,,CLP0605 ,800 - 1600 RPM ,18 - 30.2 dB ,,152 mm , AM2 | AM2+ | AM3 | AM3+ | FM1 | FM2 | FM2+ | LGA775 | LGA1150 | LGA1151 | LGA1155 | LGA1156 | LGA1200 | LGA1366 | LGA2011 | LGA2011-3 | LGA2066 | ,No ,No 
Swiftech H320,Swiftech ,,H320 ,800 - 1800 RPM ,16 - 33 dB ,,, AM2 | AM2+ | AM3 | AM3+ | FM1 | FM2 | FM2+ | LGA775 | LGA1150 | LGA1151 | LGA1155 | LGA1156 | LGA1200 | LGA1366 | LGA2011 | LGA2011-3 | LGA2066 | ,Yes - 360 mm ,No 
Thermalright TS-120M,Thermalright ,,TS-120M ,700 - 1500 RPM ,17 - 28.5 dB ,,145 mm , AM2 | AM2+ | AM3 | AM3+ | AM4 | FM1 | FM2 | FM2+ | LGA775 | LGA1150 | LGA1151 | LGA1155 | LGA1156 | LGA1200 | LGA1366 | LGA2011 | LGA2011-3 | LGA2066 | ,No ,No 
Thermalright TS-140,Thermalright ,,TS-140 ,900 - 1300 RPM ,17 - 21 dB ,,170 mm , AM2 | AM2+ | AM3 | AM3+ | AM4 | FM1 | FM2 | FM2+ | LGA775 | LGA1150 | LGA1151 | LGA1155 | LGA1156 | LGA1200 | LGA1366 | LGA2011 | LGA2011-3 | LGA2066 | ,No ,No 
Scythe SCKC-3000,Scythe ,,SCKC-3000 ,500 - 1300 RPM ,13 - 30.7 dB ,,140 mm , AM2 | AM2+ | AM3 | AM3+ | FM1 | FM2 | FM2+ | LGA775 | LGA1150 | LGA1151 | LGA1155 | LGA1156 | LGA1200 | LGA1366 | LGA2011 | LGA2011-3 | LGA2066 | ,No ,No 
Zalman Reserator 3 MAX,Zalman ,,Reserator 3 MAX ,1000 - 2200 RPM ,18.89 - 36.7 dB ,,, AM2 | AM2+ | AM3 | AM3+ | FM1 | FM2 | FM2+ | LGA775 | LGA1150 | LGA1151 | LGA1155 | LGA1156 | LGA1200 | LGA1366 | LGA2011 | LGA2011-3 | LGA2066 | ,Yes - 120 mm ,No 
Silverstone NT06-PRO,Silverstone ,,NT06-PRO ,1000 - 2200 RPM ,,,82 mm , AM2 | AM2+ | AM3 | AM3+ | FM1 | FM2 | FM2+ | LGA775 | LGA1150 | LGA1151 | LGA1155 | LGA1156 | LGA1200 | LGA1366 | LGA2011 | LGA2011-3 | LGA2066 | ,No ,No 
Gelid Solutions Siberian Pro,Gelid Solutions ,Siberian Pro ,CC-SiberianP-01 ,900 - 2200 RPM ,10 - 23.5 dB ,,89 mm , AM2 | AM2+ | AM3 | AM3+ | FM1 | FM2 | FM2+ | LGA775 | LGA1150 | LGA1151 | LGA1155 | LGA1156 | LGA1200 | ,No ,No 
Masscool 8W2002B1M4,Masscool ,,8W2002B1M4 ,800 - 2800 RPM ,20 - 34 dB ,,63 mm , LGA1150 | LGA1151 | LGA1155 | LGA1156 | LGA1200 | ,No ,No 
Antec KUHLER H2O 950,Antec ,,KUHLER H2O 950 ,,,,, AM2 | AM2+ | AM3 | AM3+ | FM1 | FM2 | FM2+ | LGA775 | LGA1150 | LGA1151 | LGA1155 | LGA1156 | LGA1200 | LGA1366 | LGA2011 | LGA2011-3 | LGA2066 | ,Yes - 120 mm ,No 
ARCTIC Freezer A11,ARCTIC ,Freezer A11 ,UCACO-FA11001-CSA01 ,500 - 2000 RPM ,22.5 dB ,,130 mm , AM2 | AM2+ | AM3 | AM3+ | FM1 | FM2 | FM2+ | ,No ,No 
Enermax ELC-LM120S-TAA,Enermax ,,ELC-LM120S-TAA ,2500 RPM ,30 dB ,,, AM2 | AM2+ | AM3 | AM3+ | FM1 | FM2 | FM2+ | LGA775 | LGA1150 | LGA1151 | LGA1155 | LGA1156 | LGA1200 | LGA1366 | LGA2011 | LGA2011-3 | LGA2066 | ,Yes - 120 mm ,No 
Enermax ETS-N30-HE,Enermax ,,ETS-N30-HE ,800 - 2800 RPM ,16 - 28 dB ,,134 mm , AM2 | AM2+ | AM3 | AM3+ | FM1 | FM2 | FM2+ | LGA775 | LGA1150 | LGA1151 | LGA1155 | LGA1156 | LGA1200 | LGA1366 | ,No ,No 
Enermax ETS-N30-TAA,Enermax ,,ETS-N30-TAA ,800 - 2800 RPM ,16 - 27 dB ,,134 mm , AM2 | AM2+ | AM3 | AM3+ | FM1 | FM2 | FM2+ | LGA775 | LGA1150 | LGA1151 | LGA1155 | LGA1156 | LGA1200 | LGA1366 | ,No ,No 
Akasa Nero 3,Akasa ,Nero 3 ,AK-CC4007EP01 ,500 - 1500 RPM ,24.6 dB ,,160 mm , AM2 | AM2+ | AM3 | AM3+ | FM1 | FM2 | FM2+ | LGA1150 | LGA1151 | LGA1155 | LGA1156 | LGA1200 | LGA1366 | LGA2011 | LGA2011-3 | LGA2066 | ,No ,No 
Thermalright Silver Arrow IB-E Extreme,Thermalright ,,Silver Arrow IB-E Extreme ,600 - 2500 RPM ,21 - 45 dB ,,163 mm , AM2 | AM2+ | AM3 | AM3+ | AM4 | FM1 | FM2 | FM2+ | LGA775 | LGA1150 | LGA1151 | LGA1155 | LGA1156 | LGA1200 | LGA1366 | LGA1700 | LGA1851 | LGA2011 | LGA2011-3 | LGA2066 | ,No ,No 
Thermaltake NiC L31,Thermaltake ,NiC L31 ,CL-P001-AL12RE-A ,500 - 1800 RPM ,18 - 34.79 dB ,,140 mm , AM2 | AM2+ | AM3 | AM3+ | FM1 | FM2 | FM2+ | LGA775 | LGA1150 | LGA1151 | LGA1155 | LGA1156 | LGA1200 | LGA1366 | LGA2011 | LGA2011-3 | LGA2066 | ,No ,No 
Thermaltake CLP0604,Thermaltake ,,CLP0604 ,1200 - 2100 RPM ,21 - 48 dB ,,159 mm , AM2 | AM2+ | AM3 | AM3+ | FM1 | FM2 | FM2+ | LGA775 | LGA1150 | LGA1151 | LGA1155 | LGA1156 | LGA1200 | LGA2011 | LGA2011-3 | LGA2066 | ,No ,No 
Xigmatek Janus LD1266,Xigmatek ,,Janus LD1266 ,1200 RPM ,19.2 - 22.4 dB ,,60 mm , AM2 | AM2+ | AM3 | AM3+ | FM1 | FM2 | FM2+ | LGA775 | LGA1150 | LGA1151 | LGA1155 | LGA1156 | LGA1200 | LGA1366 | LGA2011 | LGA2011-3 | LGA2066 | ,No ,No 
Thermalright MACHO 120 REV.A,Thermalright ,,MACHO 120 REV.A ,600 - 1300 RPM ,25.4 dB ,,150 mm , AM2 | AM2+ | AM3 | AM3+ | AM4 | FM1 | FM2 | FM2+ | LGA775 | LGA1150 | LGA1151 | LGA1155 | LGA1156 | LGA1200 | LGA1366 | LGA1700 | LGA1851 | LGA2011 | LGA2011-3 | LGA2066 | ,No ,No 
Thermalright TRUE Spirit 90M Rev.A,Thermalright ,TRUE Spirit 90M Rev.A ,TS-90M REV.A ,800 - 2000 RPM ,27 dB ,,125 mm , AM2 | AM2+ | AM3 | AM3+ | AM4 | AM5 | FM1 | FM2 | FM2+ | LGA775 | LGA1150 | LGA1151 | LGA1155 | LGA1156 | LGA1200 | LGA1366 | LGA1700 | LGA1851 | LGA2011 | LGA2011-3 | LGA2066 | ,No ,No 
RAIJINTEK EreBoss,RAIJINTEK ,EreBoss ,0P105250 ,600 - 1400 RPM ,28 dB ,,160 mm , AM2 | AM2+ | AM3 | AM3+ | FM1 | FM2 | FM2+ | LGA775 | LGA1150 | LGA1151 | LGA1155 | LGA1156 | LGA1200 | LGA1366 | LGA2011 | LGA2011-3 | LGA2066 | ,No ,No 
RAIJINTEK EREBOSS BLACK,RAIJINTEK ,EREBOSS BLACK ,0R100011 ,650 - 1400 RPM ,28 dB ,,160 mm , AM2 | AM2+ | AM3 | AM3+ | FM1 | FM2 | FM2+ | LGA775 | LGA1150 | LGA1151 | LGA1155 | LGA1156 | LGA1200 | LGA1366 | LGA2011 | LGA2011-3 | LGA2066 | ,No ,No 
Scythe Ashura Shadow,Scythe ,Ashura Shadow ,SCASR-1000SE ,500 - 1300 RPM ,13 - 30.7 dB ,,161 mm , AM2 | AM2+ | AM3 | AM3+ | FM1 | FM2 | FM2+ | LGA775 | LGA1150 | LGA1151 | LGA1155 | LGA1156 | LGA1200 | LGA1366 | LGA2011 | LGA2011-3 | LGA2066 | ,No ,No 
Deepcool FROSTWIN V2.0,Deepcool ,,FROSTWIN V2.0 ,1600 RPM ,17.8 - 21 dB ,,150 mm , AM2 | AM2+ | AM3 | AM3+ | AM4 | FM1 | FM2 | FM2+ | LGA775 | LGA1150 | LGA1151 | LGA1155 | LGA1156 | LGA1200 | LGA1366 | LGA2011 | LGA2011-3 | LGA2066 | ,No ,No 
Deepcool CAPTAIN 120,Deepcool ,,CAPTAIN 120 ,600 - 2200 RPM ,17.6 - 39.29 dB ,,, AM2 | AM2+ | AM3 | AM3+ | FM1 | FM2 | FM2+ | LGA1150 | LGA1151 | LGA1155 | LGA1156 | LGA1200 | LGA1366 | LGA2011 | LGA2011-3 | LGA2066 | ,Yes - 120 mm ,No 
Deepcool CAPTAIN 240,Deepcool ,,CAPTAIN 240 ,600 - 2200 RPM ,17.6 - 39.29 dB ,,, AM2 | AM2+ | AM3 | AM3+ | FM1 | FM2 | FM2+ | LGA1150 | LGA1151 | LGA1155 | LGA1156 | LGA1200 | LGA1366 | LGA2011 | LGA2011-3 | LGA2066 | ,Yes - 240 mm ,No 
Thermaltake Gravity A1,Thermaltake ,Gravity A1 ,CL-P009-AL09WT-A ,1800 RPM ,22.3 dB ,,56 mm , AM2 | AM2+ | AM3 | AM3+ | FM1 | FM2 | FM2+ | ,No ,No 
Rosewill AIOLOS,Rosewill ,AIOLOS ,ROCC-12001 ,1500 RPM ,24.6 dB ,,160 mm , AM2 | AM2+ | AM3 | AM3+ | FM1 | FM2 | FM2+ | LGA775 | LGA1150 | LGA1151 | LGA1155 | LGA1156 | LGA1200 | LGA1366 | LGA2011 | LGA2011-3 | LGA2066 | ,No ,No 
Prolimatech Basic 68,Prolimatech ,Basic 68 ,PRO-BSC-68 ,600 - 1600 RPM ,,,158 mm , AM2 | AM2+ | AM3 | AM3+ | FM1 | FM2 | FM2+ | LGA1150 | LGA1151 | LGA1155 | LGA1156 | LGA1200 | LGA2011 | LGA2011-3 | LGA2066 | ,No ,No 
Prolimatech Basic 81,Prolimatech ,Basic 81 ,PRO-BSC-81 ,600 - 1600 RPM ,,,158 mm , LGA1150 | LGA1151 | LGA1155 | LGA1156 | LGA1200 | LGA2011 | LGA2011-3 | LGA2066 | ,No ,No 
Fractal Design Kelvin S24,Fractal Design ,Kelvin S24 ,FD-WCU-KELVIN-S24-BK ,800 - 1700 RPM ,26.9 dB ,,, AM2 | AM2+ | AM3 | AM3+ | AM4 | AM5 | FM1 | FM2 | FM2+ | LGA775 | LGA1150 | LGA1151 | LGA1155 | LGA1156 | LGA1200 | LGA1366 | LGA2011 | LGA2011-3 | LGA2066 | ,Yes - 240 mm ,No 
Dynatron T459,Dynatron ,,T459 ,,,,28 mm , LGA1150 | LGA1151 | LGA1155 | LGA1156 | LGA1200 | ,No ,No 
LEPA AquaChanger 240,LEPA ,AquaChanger 240 ,LPWAC240-HF ,500 - 2300 RPM ,14 - 35 dB ,,, AM2 | AM2+ | AM3 | AM3+ | FM1 | FM2 | FM2+ | LGA775 | LGA1150 | LGA1151 | LGA1155 | LGA1156 | LGA1200 | LGA1366 | LGA2011 | LGA2011-3 | LGA2066 | ,Yes - 240 mm ,No 
Zalman CNPS9300 AT,Zalman ,CNPS9300 AT ,CNPS 9300AT ,1500 - 2400 RPM ,20 - 30 dB ,,133 mm , AM2 | AM2+ | AM3 | AM3+ | FM1 | FM2 | FM2+ | LGA775 | ,No ,No 
Xigmatek Gaia II,Xigmatek ,Gaia II ,CAC-SXHH3-U0A ,800 - 1500 RPM ,16 - 24 dB ,,159 mm , AM2 | AM2+ | AM3 | AM3+ | FM1 | FM2 | FM2+ | LGA775 | LGA1150 | LGA1151 | LGA1155 | LGA1156 | LGA1200 | LGA1366 | LGA2011 | LGA2011-3 | LGA2066 | ,No ,No 
Cooler Master Glacer 240L Ver. 2,Cooler Master ,Glacer 240L Ver. 2 ,RL-G24L-24PK-R2 ,2400 RPM ,19 - 40.33 dB ,,, AM2 | AM2+ | AM3 | AM3+ | FM1 | FM2 | FM2+ | LGA775 | LGA1150 | LGA1151 | LGA1155 | LGA1156 | LGA1200 | LGA1366 | LGA2011 | LGA2011-3 | LGA2066 | ,Yes - 240 mm ,No 
Cooler Master Blizzard T2 mini,Cooler Master ,Blizzard T2 mini ,RR-T2MN-22FP-R1 ,2200 RPM ,22 dB ,,117 mm , AM2 | AM2+ | AM3 | AM3+ | AM4 | FM1 | FM2 | FM2+ | LGA775 | LGA1150 | LGA1151 | LGA1155 | LGA1156 | LGA1200 | ,No ,No 
X2 ECLIPSE IV,X2 ,ECLIPSE IV ,X2-9862N1-PWM ,800 - 2000 RPM ,10 - 24 dB ,,153 mm , AM2 | AM2+ | AM3 | AM3+ | FM1 | FM2 | FM2+ | LGA775 | LGA1150 | LGA1151 | LGA1155 | LGA1156 | LGA1200 | LGA1366 | LGA2011 | LGA2011-3 | LGA2066 | ,No ,No 
Silverstone TD02-E,Silverstone ,,TD02-E ,1500 - 2500 RPM ,18 - 35 dB ,,, AM2 | AM2+ | AM3 | AM3+ | FM1 | FM2 | FM2+ | LGA775 | LGA1150 | LGA1151 | LGA1155 | LGA1156 | LGA1200 | LGA1366 | LGA2011 | LGA2011-3 | LGA2066 | ,Yes - 240 mm ,No 
Silverstone TD03-E,Silverstone ,,TD03-E ,1500 - 2500 RPM ,18 - 35 dB ,,, AM2 | AM2+ | AM3 | AM3+ | FM1 | FM2 | FM2+ | LGA775 | LGA1150 | LGA1151 | LGA1155 | LGA1156 | LGA1200 | LGA1366 | LGA2011 | LGA2011-3 | LGA2066 | ,Yes - 120 mm ,No 
Scythe Mugen MAX,Scythe ,Mugen MAX ,SCMGD-1000 ,500 - 1300 RPM ,13 - 30.7 dB ,,161 mm , AM2 | AM2+ | AM3 | AM3+ | AM4 | FM1 | FM2 | FM2+ | LGA775 | LGA1150 | LGA1151 | LGA1155 | LGA1156 | LGA1200 | LGA1366 | LGA2011 | LGA2011-3 | LGA2066 | ,No ,No 
Cooler Master TPC 812XS,Cooler Master ,TPC 812XS ,RR-T812-16PK-R1 ,500 - 1600 RPM ,8 - 30 dB ,,163 mm , AM2 | AM2+ | AM3 | AM3+ | FM1 | FM2 | FM2+ | LGA775 | LGA1150 | LGA1151 | LGA1155 | LGA1156 | LGA1200 | LGA1366 | LGA2011 | LGA2011-3 | LGA2066 | ,No ,No 
Thermaltake BigTyp Revo.,Thermaltake ,BigTyp Revo. ,CLP0602 ,800 - 1800 RPM ,20 dB ,,105 mm , AM2 | AM2+ | AM3 | AM3+ | FM1 | FM2 | FM2+ | ,No ,No 
Xigmatek Apache II,Xigmatek ,Apache II ,Apache EP-CD903 ,1200 - 2500 RPM ,28 dB ,,57 mm , AM2 | AM2+ | AM3 | AM3+ | FM1 | FM2 | FM2+ | LGA1150 | LGA1151 | LGA1155 | LGA1156 | LGA1200 | ,No ,No 
Thermalright Macho Zero,Thermalright ,,Macho Zero ,,0 dB ,,162 mm , AM2 | AM2+ | AM3 | AM3+ | AM4 | FM1 | FM2 | FM2+ | LGA775 | LGA1150 | LGA1151 | LGA1155 | LGA1156 | LGA1200 | LGA1366 | LGA1700 | LGA1851 | LGA2011 | LGA2011-3 | LGA2066 | ,No ,No 
Silverstone AR04,Silverstone ,,AR04 ,1500 - 3400 RPM ,18 - 26 dB ,,23 mm , LGA1150 | LGA1151 | LGA1155 | LGA1156 | LGA1200 | ,No ,No 
Thermalright Macho Rev.A(BW),Thermalright ,,Macho Rev.A(BW) ,300 - 1300 RPM ,15 - 21 dB ,,162 mm , AM2 | AM2+ | AM3 | AM3+ | AM4 | FM1 | FM2 | FM2+ | LGA775 | LGA1150 | LGA1151 | LGA1155 | LGA1156 | LGA1200 | LGA1700 | LGA1851 | LGA2011 | LGA2011-3 | LGA2066 | ,No ,No 
Xigmatek Dark Knight SD1483 Frostbourne,Xigmatek ,Dark Knight SD1483 Frostbourne ,EN6619 ,800 - 1200 RPM ,18 dB ,,159 mm , AM2 | AM2+ | AM3 | AM3+ | FM1 | FM2 | FM2+ | LGA775 | LGA1150 | LGA1151 | LGA1155 | LGA1156 | LGA1200 | LGA2011 | LGA2011-3 | LGA2066 | ,No ,No 
SilentiumPC Grandis XE1236,SilentiumPC ,,Grandis XE1236 ,500 - 1500 RPM ,21 dB ,,158 mm , AM2 | AM2+ | AM3 | AM3+ | FM1 | FM2 | FM2+ | LGA775 | LGA1150 | LGA1151 | LGA1155 | LGA1156 | LGA1200 | LGA1366 | LGA2011 | LGA2011-3 | LGA2066 | ,No ,No 
Swiftech H140-X,Swiftech ,,H140-X ,700 - 1800 RPM ,8.3 - 28.8 dB ,,, AM2 | AM2+ | AM3 | AM3+ | FM1 | FM2 | FM2+ | LGA775 | LGA1150 | LGA1151 | LGA1155 | LGA1156 | LGA1200 | LGA1366 | LGA2011 | LGA2011-3 | LGA2066 | ,Yes - 140 mm ,No 
Enermax Liqmax II 240,Enermax ,Liqmax II 240 ,ELC-LMR240-BS ,500 - 2000 RPM ,16 - 35 dB ,,, AM2 | AM2+ | AM3 | AM3+ | AM4 | FM1 | FM2 | FM2+ | LGA775 | LGA1150 | LGA1151 | LGA1155 | LGA1156 | LGA1200 | LGA1366 | LGA2011 | LGA2011-3 | LGA2066 | ,Yes - 240 mm ,No 
Silverstone TD02-LITE,Silverstone ,,TD02-LITE ,1500 - 2500 RPM ,18 - 35 dB ,,, AM2 | AM2+ | AM3 | AM3+ | FM1 | FM2 | FM2+ | LGA775 | LGA1150 | LGA1151 | LGA1155 | LGA1156 | LGA1200 | LGA1366 | LGA2011 | LGA2011-3 | LGA2066 | ,Yes - 240 mm ,No 
Silverstone TD03-LITE,Silverstone ,,TD03-LITE ,1500 - 2500 RPM ,18 - 35 dB ,,, AM2 | AM2+ | AM3 | AM3+ | FM1 | FM2 | FM2+ | LGA775 | LGA1150 | LGA1151 | LGA1155 | LGA1156 | LGA1200 | LGA1366 | LGA2011 | LGA2011-3 | LGA2066 | ,Yes - 120 mm ,No 
RAIJINTEK PALLAS Black,RAIJINTEK ,PALLAS Black ,0R100012 ,650 - 1400 RPM ,28 dB ,,68 mm , AM2 | AM2+ | AM3 | AM3+ | FM1 | FM2 | FM2+ | LGA775 | LGA1150 | LGA1151 | LGA1155 | LGA1156 | LGA1200 | LGA1366 | LGA2011 | LGA2011-3 | LGA2066 | ,No ,No 
Thermalright TRUE Spirit 140 (BW),Thermalright ,, TRUE Spirit 140 (BW) | TS 140 BW Rev. A | ,300 - 1300 RPM ,15 - 21 dB ,,166 mm , AM2 | AM2+ | AM3 | AM3+ | AM4 | AM5 | FM1 | FM2 | FM2+ | LGA775 | LGA1150 | LGA1151 | LGA1155 | LGA1156 | LGA1200 | LGA1366 | LGA1700 | LGA1851 | LGA2011 | LGA2011-3 | LGA2066 | ,No ,No 
CRYORIG A40 ULTIMATE,CRYORIG ,, A40 ULTIMATE | CR-A4B | CR-A40U | ,600 - 2200 RPM ,13 - 37 dB ,,, AM2 | AM2+ | AM3 | AM3+ | AM4 | sTR4 | sTRX4 | FM1 | FM2 | FM2+ | LGA1150 | LGA1151 | LGA1155 | LGA1156 | LGA1200 | LGA1366 | LGA2011 | LGA2011-3 | LGA2066 | ,Yes - 240 mm ,No 
Enermax ETS-T40F-BK,Enermax ,,ETS-T40F-BK ,800 - 1800 RPM ,16 - 26 dB ,,162 mm , AM2 | AM2+ | AM3 | AM3+ | AM4 | FM1 | FM2 | FM2+ | LGA775 | LGA1150 | LGA1151 | LGA1155 | LGA1156 | LGA1200 | LGA1366 | LGA2011 | LGA2011-3 | LGA2066 | ,No ,No 
Gelid Solutions Polar,Gelid Solutions ,Polar ,CC-Polar-01 ,1400 - 2000 RPM ,16 - 28.9 dB ,,27 mm , LGA1150 | LGA1151 | LGA1155 | LGA1156 | LGA1200 | ,No ,No 
Cooler Master X6,Cooler Master ,X6 ,RR-X6NN-19PR-R1 ,600 - 1900 RPM ,8 - 27 dB ,,164 mm , AM2 | AM2+ | AM3 | AM3+ | FM1 | FM2 | FM2+ | LGA775 | LGA1150 | LGA1151 | LGA1155 | LGA1156 | LGA1200 | LGA1366 | LGA2011 | LGA2011-3 | LGA2066 | ,No ,No 
Silverstone TD03-SLIM,Silverstone ,TD03-SLIM , SST-TD03-SLIM | TD03-SLIM | ,800 - 2200 RPM ,16.5 - 27.4 dB ,,, AM2 | AM2+ | AM3 | AM3+ | FM1 | FM2 | FM2+ | LGA775 | LGA1150 | LGA1151 | LGA1155 | LGA1156 | LGA1200 | LGA1366 | LGA2011 | LGA2011-3 | LGA2066 | ,Yes - 120 mm ,No 
Thermalright AXP-100 Muscle,Thermalright ,,AXP-100 Muscle ,900 - 2500 RPM ,22 - 30 dB ,,58 mm , AM2 | AM2+ | AM3 | AM3+ | AM4 | FM1 | FM2 | FM2+ | LGA775 | LGA1150 | LGA1151 | LGA1155 | LGA1156 | LGA1200 | LGA1366 | LGA1700 | LGA1851 | ,No ,No 
ARCTIC Freezer A32,ARCTIC ,Freezer A32 , ACFRE00005A | Freezer A32 | ,,,,150 mm , AM2 | AM2+ | AM3 | AM3+ | FM1 | FM2 | FM2+ | ,No ,No 
ARCTIC Freezer i32 CO,ARCTIC ,Freezer i32 CO , ACFRE00015A | Freezer i32 CO | ,,,,150 mm , LGA1150 | LGA1151 | LGA1155 | LGA1156 | LGA1200 | LGA2011 | LGA2011-3 | LGA2066 | ,No ,No 
ID-COOLING IS-40,ID-COOLING ,,IS-40 ,300 - 2500 RPM ,14 - 33 dB ,,45 mm , AM2 | AM2+ | AM3 | AM3+ | FM1 | FM2 | FM2+ | LGA775 | LGA1150 | LGA1151 | LGA1155 | LGA1156 | LGA1200 | ,No ,No 
ID-COOLING IS-40PRO,ID-COOLING ,,IS-40PRO ,300 - 2500 RPM ,14 - 33 dB ,,44 mm , LGA1150 | LGA1151 | LGA1155 | LGA1156 | LGA1200 | ,No ,No 
ID-COOLING IS-50,ID-COOLING ,,IS-50 ,600 - 1600 RPM ,13.8 - 30.2 dB ,,57 mm , AM2 | AM2+ | AM3 | AM3+ | FM1 | FM2 | FM2+ | LGA775 | LGA1150 | LGA1151 | LGA1155 | LGA1156 | LGA1200 | ,No ,No 
Gelid Solutions Antarctica,Gelid Solutions ,Antarctica , CC-Antarctica-01-A | CC-ANTARC-01 | ,450 - 4500 RPM ,27.8 dB ,,160 mm , AM2 | AM2+ | AM3 | AM3+ | FM1 | FM2 | FM2+ | LGA775 | LGA1150 | LGA1151 | LGA1155 | LGA1156 | LGA1200 | LGA1366 | LGA2011 | LGA2011-3 | LGA2066 | ,No ,No 
Deepcool CAPTAIN 240 WHITE,Deepcool ,,CAPTAIN 240 WHITE ,600 - 2200 RPM ,17.6 - 39.29 dB ,,, AM2 | AM2+ | AM3 | AM3+ | FM1 | FM2 | FM2+ | LGA1150 | LGA1151 | LGA1155 | LGA1156 | LGA1200 | LGA1366 | LGA2011 | LGA2011-3 | LGA2066 | ,Yes - 240 mm ,No 
ARCTIC Freezer i11 CO,ARCTIC ,Freezer i11 CO ,UCACO-FI11101-CSA01 ,500 - 2000 RPM ,,,130 mm , LGA1150 | LGA1151 | LGA1155 | LGA1156 | LGA1200 | LGA2011 | LGA2011-3 | LGA2066 | ,No ,No 
ID-COOLING DK-01,ID-COOLING ,,DK-01 ,800 - 2500 RPM ,12 - 28.8 dB ,,52 mm , AM2 | AM2+ | AM3 | AM3+ | FM1 | FM2 | FM2+ | LGA775 | LGA1150 | LGA1151 | LGA1155 | LGA1156 | LGA1200 | ,No ,No 
ID-COOLING FI-REEX,ID-COOLING ,,FI-REEX ,800 - 1800 RPM ,16.2 - 29.2 dB ,,160 mm , AM2 | AM2+ | AM3 | AM3+ | FM1 | FM2 | FM2+ | LGA775 | LGA1150 | LGA1151 | LGA1155 | LGA1156 | LGA1200 | LGA2011 | LGA2011-3 | LGA2066 | ,No ,No 
ID-COOLING FI-VC,ID-COOLING ,,FI-VC ,1600 RPM ,21 dB ,,160 mm , AM2 | AM2+ | AM3 | AM3+ | FM1 | FM2 | FM2+ | LGA775 | LGA1150 | LGA1151 | LGA1155 | LGA1156 | LGA1200 | LGA2011 | LGA2011-3 | LGA2066 | ,No ,No 
ID-COOLING FI-VC Twin,ID-COOLING ,,FI-VC Twin ,800 - 1800 RPM ,16.2 - 32.6 dB ,,160 mm , AM2 | AM2+ | AM3 | AM3+ | FM1 | FM2 | FM2+ | LGA775 | LGA1150 | LGA1151 | LGA1155 | LGA1156 | LGA1200 | LGA2011 | LGA2011-3 | LGA2066 | ,No ,No 
ID-COOLING IS-25,ID-COOLING ,,IS-25 ,800 - 2700 RPM ,14 - 23 dB ,,27 mm , AM2 | AM2+ | AM3 | AM3+ | FM1 | FM2 | FM2+ | LGA775 | LGA1150 | LGA1151 | LGA1155 | LGA1156 | LGA1200 | ,No ,No 
ID-COOLING IS-25i,ID-COOLING ,,IS-25i ,800 - 2700 RPM ,14 - 23 dB ,,27 mm , LGA1150 | LGA1151 | LGA1155 | LGA1156 | LGA1200 | ,No ,No 
ID-COOLING SE-203,ID-COOLING ,,SE-203 ,800 - 1800 RPM ,16.2 - 29.2 dB ,,161 mm , AM2 | AM2+ | AM3 | AM3+ | FM1 | FM2 | FM2+ | LGA775 | LGA1150 | LGA1151 | LGA1155 | LGA1156 | LGA1200 | LGA2011 | LGA2011-3 | LGA2066 | ,No ,No 
ID-COOLING SE-203K,ID-COOLING ,,SE-203K ,1800 RPM ,16.2 - 29.2 dB ,,161 mm , AM2 | AM2+ | AM3 | AM3+ | FM1 | FM2 | FM2+ | LGA775 | LGA1150 | LGA1151 | LGA1155 | LGA1156 | LGA1200 | LGA1366 | LGA2011 | LGA2011-3 | LGA2066 | ,No ,No 
ID-COOLING SE-204K,ID-COOLING ,,SE-204K ,800 - 1800 RPM ,16.2 - 29.2 dB ,,157 mm , AM2 | AM2+ | AM3 | AM3+ | FM1 | FM2 | FM2+ | LGA775 | LGA1150 | LGA1151 | LGA1155 | LGA1156 | LGA1200 | LGA2011 | LGA2011-3 | LGA2066 | ,No ,No 
ID-COOLING SE-205,ID-COOLING ,,SE-205 ,1600 - 1800 RPM ,16.2 - 29.2 dB ,,163 mm , AM2 | AM2+ | AM3 | AM3+ | FM1 | FM2 | FM2+ | LGA775 | LGA1150 | LGA1151 | LGA1155 | LGA1156 | LGA1200 | LGA1366 | LGA2011 | LGA2011-3 | LGA2066 | ,No ,No 
ID-COOLING SE-213,ID-COOLING ,,SE-213 ,800 - 1600 RPM ,16 - 20.2 dB ,,140 mm , AM2 | AM2+ | AM3 | AM3+ | FM1 | FM2 | FM2+ | LGA775 | LGA1150 | LGA1151 | LGA1155 | LGA1156 | LGA1200 | ,No ,No 
ID-COOLING SE-213i,ID-COOLING ,,SE-213i ,800 - 1600 RPM ,16 - 20.2 dB ,,140 mm , LGA1150 | LGA1151 | LGA1155 | LGA1156 | LGA1200 | ,No ,No 
ID-COOLING SE-214i,ID-COOLING ,,SE-214i ,800 - 1800 RPM ,16.2 - 29.2 dB ,,160 mm , LGA1150 | LGA1151 | LGA1155 | LGA1156 | LGA1200 | ,No ,No 
Silverstone SST-AR07,Silverstone ,, SST-AR07 | AR07 | ,800 - 1500 RPM ,16.5 - 30.8 dB ,,163 mm , AM2 | AM2+ | AM3 | AM3+ | FM1 | FM2 | FM2+ | LGA775 | LGA1150 | LGA1151 | LGA1155 | LGA1156 | LGA1200 | LGA1366 | LGA2011 | LGA2011-3 | LGA2066 | ,No ,No 
Noctua NH-U9DO A3,Noctua ,,NH-U9DO A3 ,1000 - 1600 RPM ,7.9 - 17.6 dB ,,125 mm ,,No ,No 
Reeven Okeanos,Reeven ,Okeanos ,RC-1402 ,300 - 1800 RPM ,4 - 23.6 dB ,,163 mm , AM2 | AM2+ | AM3 | AM3+ | FM1 | FM2 | FM2+ | LGA1150 | LGA1151 | LGA1155 | LGA1156 | LGA1200 | LGA1366 | LGA2011 | LGA2011-3 | LGA2066 | ,No ,No 
Reeven Justice,Reeven ,Justice ,RC-1204 ,300 - 1500 RPM ,4 - 29.8 dB ,,162 mm , AM2 | AM2+ | AM3 | AM3+ | FM1 | FM2 | FM2+ | LGA1150 | LGA1151 | LGA1155 | LGA1156 | LGA1200 | LGA1366 | LGA2011 | LGA2011-3 | LGA2066 | ,No ,No 
Reeven Ouranos,Reeven ,Ouranos ,RC-1401 ,300 - 1700 RPM ,5.8 - 36.4 dB ,,161 mm , AM2 | AM2+ | AM3 | AM3+ | AM4 | FM1 | FM2 | FM2+ | LGA1150 | LGA1151 | LGA1155 | LGA1156 | LGA1200 | LGA1366 | LGA2011 | LGA2011-3 | LGA2066 | ,No ,No 
Reeven Chrono Guard,Reeven ,Chrono Guard ,RC-0902 ,300 - 2500 RPM ,7.2 - 31.1 dB ,,138 mm , AM2 | AM2+ | AM3 | AM3+ | FM1 | FM2 | FM2+ | LGA775 | LGA1150 | LGA1151 | LGA1155 | LGA1156 | LGA1200 | LGA1366 | ,No ,No 
Reeven Arcziel,Reeven ,Arcziel ,RC-0903 ,300 - 2500 RPM ,7.2 - 31.1 dB ,,115 mm , AM2 | AM2+ | AM3 | AM3+ | FM1 | FM2 | FM2+ | LGA775 | LGA1366 | ,No ,No 
Reeven Brontes,Reeven ,Brontes ,RC-1001 ,650 - 2200 RPM ,10.5 - 31.67 dB ,,59 mm , AM2 | AM2+ | AM3 | AM3+ | FM1 | FM2 | FM2+ | LGA775 | LGA1150 | LGA1151 | LGA1155 | LGA1156 | LGA1200 | LGA1366 | ,No ,No 
Reeven Hans RC-1205n,Reeven ,Hans RC-1205n ,RC-1205n ,300 - 1500 RPM ,4 - 29.8 dB ,,155 mm , AM2 | AM2+ | AM3 | AM3+ | FM1 | FM2 | FM2+ | LGA1150 | LGA1151 | LGA1155 | LGA1156 | LGA1200 | LGA1366 | LGA2011 | LGA2011-3 | LGA2066 | ,No ,No 
Reeven Hans,Reeven ,Hans ,RC-1205 ,300 - 1500 RPM ,4 - 29.8 dB ,,155 mm , AM2 | AM2+ | AM3 | AM3+ | FM1 | FM2 | FM2+ | LGA1150 | LGA1151 | LGA1155 | LGA1156 | LGA1200 | LGA1366 | LGA2011 | LGA2011-3 | LGA2066 | ,No ,No 
Reeven Steropes,Reeven ,Steropes ,RC-1206 ,500 - 2000 RPM ,9.32 - 33.67 dB ,,60 mm , AM2 | AM2+ | AM3 | AM3+ | FM1 | FM2 | FM2+ | LGA775 | LGA1150 | LGA1151 | LGA1155 | LGA1156 | LGA1200 | LGA1366 | ,No ,No 
Silverstone NT08-115X,Silverstone ,, NT08-115X | SST-NT08-115X | ,1200 - 3500 RPM ,21.56 - 62.88 dB ,,48 mm , LGA1150 | LGA1151 | LGA1155 | LGA1156 | LGA1200 | ,No ,No 
Thermaltake Riing Silent 12 Pro Blue,Thermaltake ,Riing Silent 12 Pro Blue ,CL-P021-CA12BU-A ,300 - 1400 RPM ,12 - 19 dB ,,160 mm , AM2 | AM2+ | AM3 | AM3+ | FM1 | FM2 | FM2+ | LGA775 | LGA1150 | LGA1151 | LGA1155 | LGA1156 | LGA1200 | LGA1366 | LGA2011 | LGA2011-3 | LGA2066 | ,No ,No 
Thermaltake Riing Silent 12 Pro Red,Thermaltake ,Riing Silent 12 Pro Red ,CL-P021-CA12RE-A ,300 - 1400 RPM ,12 - 19 dB ,,160 mm , AM2 | AM2+ | AM3 | AM3+ | FM1 | FM2 | FM2+ | LGA775 | LGA1150 | LGA1151 | LGA1155 | LGA1156 | LGA1200 | LGA1366 | LGA2011 | LGA2011-3 | LGA2066 | ,No ,No 
Thermaltake Riing Silent 12 Blue,Thermaltake ,Riing Silent 12 Blue ,CL-P022-AL12BU-A ,300 - 1400 RPM ,13 - 18 dB ,,159 mm , AM2 | AM2+ | AM3 | AM3+ | FM1 | FM2 | FM2+ | LGA775 | LGA1150 | LGA1151 | LGA1155 | LGA1156 | LGA1200 | LGA1366 | LGA2011 | LGA2011-3 | LGA2066 | ,No ,No 
ARCTIC Alpine 20 PLUS CO,ARCTIC ,Alpine 20 PLUS CO ,UCACO-AP11401-BUA01 ,600 - 2200 RPM ,,,76 mm , LGA2011 | LGA2011-3 | LGA2066 | ,No ,No 
Deepcool Maelstrom 240,Deepcool ,,Maelstrom 240 ,600 - 2200 RPM ,17.6 - 39.3 dB ,,, AM2 | AM2+ | AM3 | AM3+ | AM4 | FM1 | FM2 | FM2+ | LGA1150 | LGA1151 | LGA1155 | LGA1156 | LGA1200 | LGA2011 | LGA2011-3 | LGA2066 | ,Yes - 240 mm ,No 
Deepcool Maelstrom 240T,Deepcool ,,Maelstrom 240T ,600 - 1800 RPM ,17.8 - 34.1 dB ,,, AM2 | AM2+ | AM3 | AM3+ | AM4 | FM1 | FM2 | FM2+ | LGA1150 | LGA1151 | LGA1155 | LGA1156 | LGA1200 | LGA1366 | LGA2011 | LGA2011-3 | LGA2066 | ,Yes - 240 mm ,No 
Deepcool NEPTWIN,Deepcool ,,NEPTWIN ,900 - 1500 RPM ,17.8 - 30 dB ,,159 mm , AM2 | AM2+ | AM3 | AM3+ | AM4 | FM1 | FM2 | FM2+ | LGA775 | LGA1150 | LGA1151 | LGA1155 | LGA1156 | LGA1200 | LGA1366 | LGA1700 | LGA1851 | LGA2011 | LGA2011-3 | LGA2066 | ,No ,No 
Alpenföhn ATLAS,Alpenföhn ,ATLAS ,84000000124 ,400 - 1800 RPM ,8 - 24.3 dB ,,125 mm , AM2 | AM2+ | AM3 | AM3+ | FM1 | FM2 | FM2+ | LGA775 | LGA1150 | LGA1151 | LGA1155 | LGA1156 | LGA1200 | LGA1366 | LGA2011 | LGA2011-3 | LGA2066 | ,No ,No 
Alpenföhn Olymp,Alpenföhn ,Olymp ,84000000135 ,300 - 1400 RPM ,8 - 26.8 dB ,,165 mm , AM2 | AM2+ | AM3 | AM3+ | AM4 | FM1 | FM2 | FM2+ | LGA775 | LGA1150 | LGA1151 | LGA1155 | LGA1156 | LGA1200 | LGA1366 | LGA2011 | LGA2011-3 | LGA2066 | ,No ,No 
Alpenföhn Matterhorn Rev. C – Black Edition,Alpenföhn ,Matterhorn Rev. C – Black Edition ,84000000126 ,500 - 1500 RPM ,18.2 dB ,,158 mm , AM2 | AM2+ | AM3 | AM3+ | FM1 | FM2 | FM2+ | LGA775 | LGA1150 | LGA1151 | LGA1155 | LGA1156 | LGA1200 | LGA2011 | LGA2011-3 | LGA2066 | ,No ,No 
Alpenföhn Panorama rev.B,Alpenföhn ,Panorama rev.B ,84000000040 ,900 - 2000 RPM ,14 - 22.1 dB ,,51 mm , AM2 | AM2+ | AM3 | AM3+ | FM1 | FM2 | FM2+ | LGA775 | LGA1150 | LGA1151 | LGA1155 | LGA1156 | LGA1200 | ,No ,No 
Silverstone Tundra TD02-SLIM,Silverstone ,Tundra TD02-SLIM ,TD02-SLIM ,800 - 2200 RPM ,16.5 - 27.4 dB ,,, AM2 | AM2+ | AM3 | AM3+ | AM4 | FM1 | FM2 | FM2+ | LGA775 | LGA1150 | LGA1151 | LGA1155 | LGA1156 | LGA1200 | LGA1366 | LGA2011 | LGA2011-3 | LGA2066 | ,Yes - 240 mm ,No 
Cooler Master Seidon 240V,Cooler Master ,Seidon 240V ,RL-S24V-24PK-R1 ,800 - 2400 RPM ,12 - 35 dB ,,, AM2 | AM2+ | AM3 | AM3+ | AM4 | FM1 | FM2 | FM2+ | LGA775 | LGA1150 | LGA1151 | LGA1155 | LGA1156 | LGA1200 | LGA1366 | LGA2011 | LGA2011-3 | LGA2066 | ,Yes - 240 mm ,No 
Thermaltake Contac 39,Thermaltake ,Contac 39 ,CLP0597 ,800 - 2000 RPM ,15 - 33.2 dB ,,160 mm , AM2 | AM2+ | AM3 | AM3+ | FM1 | FM2 | FM2+ | LGA775 | LGA1150 | LGA1151 | LGA1155 | LGA1156 | LGA1200 | LGA1366 | LGA2011 | LGA2011-3 | LGA2066 | ,No ,No 
Silverstone Argon AR10-115XS,Silverstone ,Argon AR10-115XS , SST-AR10-115XS | AR10-115XS | ,500 - 4000 RPM ,18.07 - 39.03 dB ,,79 mm , LGA1150 | LGA1151 | LGA1155 | LGA1156 | LGA1200 | ,No ,No 
Deepcool CAPTAIN 120EX RGB,Deepcool ,,CAPTAIN 120EX RGB ,500 - 1800 RPM ,17.6 - 31.3 dB ,,, AM2 | AM2+ | AM3 | AM3+ | AM4 | FM1 | FM2 | FM2+ | LGA1150 | LGA1151 | LGA1155 | LGA1156 | LGA1200 | LGA1366 | LGA2011 | LGA2011-3 | LGA2066 | ,Yes - 120 mm ,No 
Gelid Solutions Rev. 3 Tranquillo,Gelid Solutions ,Rev. 3 Tranquillo ,CC-TranQ-03-A ,750 - 1500 RPM ,12 - 26.5 dB ,,154 mm , AM2 | AM2+ | AM3 | AM3+ | FM1 | FM2 | FM2+ | LGA775 | LGA1150 | LGA1151 | LGA1155 | LGA1156 | LGA1200 | LGA1366 | ,No ,No 
Cooltek LP53,Cooltek ,,LP53 ,1000 - 2100 RPM ,16 - 27.1 dB ,,53 mm , LGA1150 | LGA1151 | LGA1155 | LGA1156 | LGA1200 | ,No ,No 
FSP Group Windale 6,FSP Group ,Windale 6 ,AC602 ,600 - 1600 RPM ,32 dB ,,165 mm , AM2 | AM2+ | AM3 | AM3+ | AM4 | FM1 | FM2 | FM2+ | LGA775 | LGA1150 | LGA1151 | LGA1155 | LGA1156 | LGA1200 | ,No ,No 
FSP Group Windale 6,FSP Group ,Windale 6 ,AC601 ,600 - 1600 RPM ,32 dB ,,165 mm , AM2 | AM2+ | AM3 | AM3+ | AM4 | FM1 | FM2 | FM2+ | LGA775 | LGA1150 | LGA1151 | LGA1155 | LGA1156 | LGA1200 | ,No ,No 
ARCTIC Freezer 33 eSports Edition (Black/Red),ARCTIC ,Freezer 33 eSports Edition (Black/Red) ,ACFRE00029A ,200 - 1800 RPM ,24.4 dB ,,150 mm , AM4 | AM5 | LGA1150 | LGA1151 | LGA1155 | LGA1156 | LGA1200 | LGA2011 | LGA2011-3 | LGA2066 | ,No ,No 
ARCTIC Freezer 33 eSports Edition (Black/Green),ARCTIC ,Freezer 33 eSports Edition (Black/Green) ,ACFRE00035A ,200 - 1800 RPM ,24.4 dB ,,150 mm , AM4 | AM5 | LGA1150 | LGA1151 | LGA1155 | LGA1156 | LGA1200 | LGA2011 | LGA2011-3 | LGA2066 | ,No ,No 
ARCTIC Freezer 33 CO,ARCTIC ,Freezer 33 CO ,ACFRE00031A ,,22.5 dB ,,150 mm , AM4 | AM5 | LGA1150 | LGA1151 | LGA1155 | LGA1156 | LGA1200 | LGA2011 | LGA2011-3 | LGA2066 | ,No ,No 
Thermalright AXP-100H MUSCLE,Thermalright ,,AXP-100H MUSCLE ,900 - 2500 RPM ,22 - 30 dB ,,65 mm , LGA775 | LGA1150 | LGA1151 | LGA1155 | LGA1156 | LGA1200 | LGA1700 | LGA1851 | ,No ,No 
Enermax ETS-N30R-TAA,Enermax ,,ETS-N30R-TAA ,800 - 2800 RPM ,16 - 27 dB ,,138 mm , AM2 | AM2+ | AM3 | AM3+ | AM4 | FM1 | FM2 | FM2+ | LGA775 | LGA1150 | LGA1151 | LGA1155 | LGA1156 | LGA1200 | LGA1366 | LGA2011 | LGA2011-3 | LGA2066 | ,No ,No 
Deepcool CAPTAIN 240EX RGB WH,Deepcool ,, CAPTAIN 240EX RGB WH | DP-GS-H12L-CT240RGB-WH | captain 240EX WH RGB | ,500 - 1800 RPM ,17.6 - 31.3 dB ,White / Black ,, AM2 | AM2+ | AM3 | AM3+ | AM4 | FM1 | FM2 | FM2+ | LGA1150 | LGA1151 | LGA1155 | LGA1156 | LGA1200 | LGA1366 | LGA2011 | LGA2011-3 | LGA2066 | ,Yes - 240 mm ,No 
Enermax LIQTECH TR4 280,Enermax ,LIQTECH TR4 280 ,ELC-LTTR280-TBP ,500 - 1500 RPM ,14 - 25 dB ,Black ,39 mm , sTR4 | sTRX4 | ,Yes - 280 mm ,No 
Scythe SCIOR-1000,Scythe ,,SCIOR-1000 ,300 - 1800 RPM ,4.5 - 26.7 dB ,Black / Silver ,117 mm , AM2 | AM2+ | AM3 | AM3+ | AM4 | FM1 | FM2 | FM2+ | LGA775 | LGA1150 | LGA1151 | LGA1155 | LGA1156 | LGA1200 | LGA1366 | ,No ,No 
Antec Mercury 240,Antec ,,Mercury 240 ,900 - 1800 RPM ,30 dB ,Black / White ,, AM2 | AM2+ | AM3 | AM3+ | AM4 | sTR4 | sTRX4 | FM1 | FM2 | FM2+ | LGA775 | LGA1150 | LGA1151 | LGA1155 | LGA1156 | LGA1200 | LGA1366 | LGA2011 | LGA2011-3 | LGA2066 | ,Yes - 240 mm ,No 
Antec Mercury 360,Antec ,,Mercury 360 ,900 - 1800 RPM ,30 dB ,Black / White ,, AM2 | AM2+ | AM3 | AM3+ | AM4 | sTR4 | sTRX4 | FM1 | FM2 | FM2+ | LGA775 | LGA1150 | LGA1151 | LGA1155 | LGA1156 | LGA1200 | LGA1366 | LGA2011 | LGA2011-3 | LGA2066 | ,Yes - 360 mm ,No 
Enermax Liqtech TR4 II 240,Enermax ,Liqtech TR4 II 240 ,ELC-LTTRTO240-TBP ,500 - 2300 RPM ,14 - 28 dB ,Black ,, sTR4 | sTRX4 | LGA1700 | LGA1851 | ,Yes - 240 mm ,No 
Enermax Liqtech TR4 II 280,Enermax ,Liqtech TR4 II 280 ,ELC-LTTRTO280-TBP ,500 - 1500 RPM ,14 - 25 dB ,Black ,, sTR4 | sTRX4 | LGA1700 | LGA1851 | ,Yes - 280 mm ,No 
Deepcool Castle 360 RGB,Deepcool ,Castle 360 RGB ,Castle360-RGB ,500 - 1800 RPM ,30 dB ,Black ,, AM2 | AM2+ | AM3 | AM3+ | AM4 | sTR4 | sTRX4 | FM1 | FM2 | FM2+ | LGA1150 | LGA1151 | LGA1155 | LGA1156 | LGA1200 | LGA1366 | LGA1700 | LGA1851 | LGA2011 | LGA2011-3 | LGA2066 | ,Yes - 360 mm ,No 
Cooler Master Hyper 212 RGB Phantom Gaming Edition,Cooler Master ,Hyper 212 RGB Phantom Gaming Edition ,RR-212S-PGPC-R1 ,650 - 2000 RPM ,8 - 30 dB ,Black ,159 mm , AM2 | AM2+ | AM3 | AM3+ | AM4 | FM1 | FM2 | FM2+ | LGA1150 | LGA1151 | LGA1155 | LGA1156 | LGA1200 | LGA1366 | LGA2011 | LGA2011-3 | LGA2066 | ,No ,No 
RAIJINTEK DELOS RBW,RAIJINTEK ,DELOS RBW ,0R10B00096 ,650 - 2000 RPM ,22.95 dB ,Black ,136 mm , AM2 | AM2+ | AM3 | AM3+ | AM4 | FM1 | FM2 | FM2+ | LGA775 | LGA1150 | LGA1151 | LGA1155 | LGA1156 | LGA1200 | LGA1366 | LGA2011 | LGA2011-3 | LGA2066 | ,No ,No 
Akasa Venom,Akasa ,Venom ,AK-CCX-4002HPV2 ,600 - 1900 RPM ,6.9 - 28.9 dB ,Yellow / Black ,160 mm , AM2 | AM2+ | AM3 | AM3+ | FM1 | FM2 | FM2+ | LGA775 | LGA1150 | LGA1151 | LGA1155 | LGA1156 | LGA1200 | LGA1366 | ,No ,No 
SilentiumPC Navis RGB 280,SilentiumPC ,Navis RGB 280 ,SPC220 ,800 - 1800 RPM ,,Black ,, AM2 | AM2+ | AM3 | AM3+ | AM4 | FM1 | FM2 | FM2+ | LGA775 | LGA1150 | LGA1151 | LGA1155 | LGA1156 | LGA1200 | LGA1366 | LGA2011 | LGA2011-3 | LGA2066 | ,Yes - 280 mm ,No 
Jonsbo CR-201 HIVES (White),Jonsbo ,CR-201 HIVES (White) ,CR-201.WH.RGB ,800 - 1600 RPM ,18 - 26.1 dB ,White ,160 mm , AM2 | AM2+ | AM3 | AM3+ | AM4 | FM1 | FM2 | FM2+ | LGA775 | LGA1150 | LGA1151 | LGA1155 | LGA1156 | LGA1200 | ,No ,No 
Thermalright ARO-M14O,Thermalright ,,ARO-M14O ,300 - 1300 RPM ,15 - 21 dB ,Orange / Silver ,162 mm ,AM4 ,No ,No 
GAMDIAS CHIONE M1A 240R,GAMDIAS ,, CHIONE M1A 240R | CHOINE M1A 240R | ,1200 - 1500 RPM ,,Black ,, AM2 | AM2+ | AM3 | AM3+ | AM4 | FM1 | FM2 | FM2+ | LGA775 | LGA1150 | LGA1151 | LGA1155 | LGA1156 | LGA1200 | LGA1366 | LGA2011 | LGA2011-3 | LGA2066 | ,Yes - 240 mm ,No 
Thermalright Macho 120 SBM,Thermalright ,Macho 120 SBM ,MACHO 120 SBM ,300 - 1300 RPM ,21 - 33 dB ,Black / White ,150 mm , AM2 | AM2+ | AM3 | AM3+ | AM4 | FM1 | FM2 | FM2+ | LGA775 | LGA1150 | LGA1151 | LGA1155 | LGA1156 | LGA1200 | LGA1366 | LGA1700 | LGA1851 | LGA2011 | LGA2011-3 | LGA2066 | ,No ,No 
Enermax Liqtech II 280,Enermax ,Liqtech II 280 ,ELC-LTTO280-TBP ,500 - 1500 RPM ,14 - 25 dB ,Black ,, AM2 | AM2+ | AM3 | AM3+ | AM4 | FM1 | FM2 | FM2+ | LGA1150 | LGA1151 | LGA1155 | LGA1156 | LGA1200 | LGA1366 | LGA1700 | LGA1851 | LGA2011 | LGA2011-3 | LGA2066 | ,Yes - 280 mm ,No 
Silverstone Tundra TD02-SLIM-V2,Silverstone ,Tundra TD02-SLIM-V2 ,SST-TD02-SLIM-V2 ,800 - 2200 RPM ,16.5 - 27.4 dB ,Black / White ,, AM2 | AM2+ | AM3 | AM3+ | AM4 | FM1 | FM2 | FM2+ | LGA775 | LGA1150 | LGA1151 | LGA1155 | LGA1156 | LGA1200 | LGA2011 | LGA2011-3 | LGA2066 | ,Yes - 240 mm ,No 
Silverstone Tundra SST-TD02-LITE-V2,Silverstone ,Tundra SST-TD02-LITE-V2 ,SST-TD02-LITE-V2 ,1500 - 2500 RPM ,18 - 35 dB ,Black / White ,, AM2 | AM2+ | AM3 | AM3+ | AM4 | FM1 | FM2 | FM2+ | LGA775 | LGA1150 | LGA1151 | LGA1155 | LGA1156 | LGA1200 | LGA1366 | LGA2011 | LGA2011-3 | LGA2066 | ,Yes - 240 mm ,No 
Silverstone AR01-V2.1,Silverstone ,AR01-V2.1 ,SST-AR01-V2.1 ,600 - 2200 RPM ,15 - 38 dB ,Black / White ,159 mm , AM2 | AM2+ | AM3 | AM3+ | AM4 | AM5 | FM1 | FM2 | FM2+ | LGA775 | LGA1150 | LGA1151 | LGA1155 | LGA1156 | LGA1200 | LGA1366 | LGA2011 | LGA2011-3 | LGA2066 | ,No ,No 
Cooler Master GeminII M5 LED,Cooler Master ,,GeminII M5 LED ,500 - 1600 RPM ,31 dB ,Black / Silver ,62 mm , AM2 | AM2+ | AM3 | AM3+ | FM1 | FM2 | FM2+ | LGA775 | LGA1150 | LGA1151 | LGA1155 | LGA1156 | LGA1200 | LGA1366 | ,No ,No 
upHere CCF150CF,upHere ,CCF150CF ,CCF150CF-USA ,600 - 1800 RPM ,16.1 - 27.7 dB ,Black ,154 mm , AM2 | AM2+ | AM3 | AM3+ | AM4 | FM1 | FM2 | FM2+ | LGA775 | LGA1150 | LGA1151 | LGA1155 | LGA1156 | LGA1200 | LGA1366 | ,No ,No 
upHere CCF150RD,upHere ,CCF150RD ,CCF150RD-USA ,600 - 1800 RPM ,16.1 - 27.7 dB ,Black ,154 mm , AM2 | AM2+ | AM3 | AM3+ | AM4 | FM1 | FM2 | FM2+ | LGA775 | LGA1150 | LGA1151 | LGA1155 | LGA1156 | LGA1200 | LGA1366 | ,No ,No 
upHere CCF150BE,upHere ,CCF150BE ,CCF150BE-USA ,600 - 1800 RPM ,16.1 - 27.7 dB ,Black ,154 mm , AM2 | AM2+ | AM3 | AM3+ | AM4 | FM1 | FM2 | FM2+ | LGA775 | LGA1150 | LGA1151 | LGA1155 | LGA1156 | LGA1200 | LGA1366 | ,No ,No 
upHere AC12BE,upHere ,AC12BE ,ac12be ,600 - 1750 RPM ,16.1 - 27.7 dB ,Black ,154 mm , AM2 | AM2+ | AM3 | AM3+ | AM4 | FM1 | FM2 | FM2+ | LGA775 | LGA1150 | LGA1151 | LGA1155 | LGA1156 | LGA1200 | LGA1366 | ,No ,No 
upHere CC1201 Red,upHere ,CC1201 Red ,newCC1201-usa ,600 - 1700 RPM ,16.1 - 27.7 dB ,Black / White ,, AM2 | AM2+ | AM3 | AM3+ | AM4 | FM1 | FM2 | FM2+ | LGA1150 | LGA1151 | LGA1155 | LGA1156 | LGA1200 | LGA1366 | LGA2011 | LGA2011-3 | LGA2066 | ,Yes - 120 mm ,No 
upHere CC2401-usa,upHere ,,CC2401-usa ,600 - 1700 RPM ,16.1 - 27.7 dB ,Black ,, AM2 | AM2+ | AM3 | AM3+ | AM4 | FM1 | FM2 | FM2+ | LGA1150 | LGA1151 | LGA1155 | LGA1156 | LGA1200 | LGA1366 | LGA2011 | LGA2011-3 | LGA2066 | ,Yes - 240 mm ,No 
SilentiumPC Navis RGB 360,SilentiumPC ,Navis RGB 360 ,SPC238 ,500 - 1600 RPM ,,Black / White ,, AM2 | AM2+ | AM3 | AM3+ | AM4 | FM1 | FM2 | FM2+ | LGA775 | LGA1150 | LGA1151 | LGA1155 | LGA1156 | LGA1200 | LGA1366 | LGA2011 | LGA2011-3 | LGA2066 | ,Yes - 360 mm ,No 
RAIJINTEK Orcus 120 RGW,RAIJINTEK ,Orcus 120 RGW ,0R10B00102 ,400 - 1800 RPM ,28 dB ,Black ,, AM2 | AM2+ | AM3 | AM3+ | AM4 | FM1 | FM2 | FM2+ | LGA775 | LGA1150 | LGA1151 | LGA1155 | LGA1156 | LGA1200 | LGA1366 | LGA2011 | LGA2011-3 | LGA2066 | ,Yes - 120 mm ,No 
RAIJINTEK Orcus 240 RGW,RAIJINTEK ,Orcus 240 RGW ,0R10B00105 ,400 - 1800 RPM ,28 dB ,Black ,, AM2 | AM2+ | AM3 | AM3+ | AM4 | FM1 | FM2 | FM2+ | LGA775 | LGA1150 | LGA1151 | LGA1155 | LGA1156 | LGA1200 | LGA1366 | LGA2011 | LGA2011-3 | LGA2066 | ,Yes - 240 mm ,No 
RAIJINTEK Orcus 280 RGW,RAIJINTEK ,Orcus 280 RGW ,0R10B00091 ,400 - 1800 RPM ,28 dB ,Black ,, AM2 | AM2+ | AM3 | AM3+ | AM4 | FM1 | FM2 | FM2+ | LGA775 | LGA1150 | LGA1151 | LGA1155 | LGA1156 | LGA1200 | LGA1366 | LGA2011 | LGA2011-3 | LGA2066 | ,Yes - 280 mm ,No 
RAIJINTEK EOS 360 RBW,RAIJINTEK ,EOS 360 RBW ,0R10B00181 ,800 - 1800 RPM ,28 dB ,Black ,, AM2 | AM2+ | AM3 | AM3+ | AM4 | FM1 | FM2 | FM2+ | LGA775 | LGA1150 | LGA1151 | LGA1155 | LGA1156 | LGA1200 | LGA1366 | LGA2011 | LGA2011-3 | LGA2066 | ,Yes - 360 mm ,No 
Apacer ZADAK Spark 240,Apacer ,ZADAK Spark 240 ,ZA-SPA240AA-R1 ,500 - 1800 RPM ,18 - 25 dB ,Black ,, AM4 | LGA1150 | LGA1151 | LGA1155 | LGA1156 | LGA1200 | LGA1366 | LGA2011 | LGA2011-3 | LGA2066 | ,Yes - 240 mm ,No 
Apacer ZADAK Spark Lite 240,Apacer ,ZADAK Spark Lite 240 ,ZA-SPL240AB-R1 ,800 - 2200 RPM ,,Black ,, AM4 | LGA1150 | LGA1151 | LGA1155 | LGA1156 | LGA1200 | LGA1366 | LGA2011 | LGA2011-3 | LGA2066 | ,Yes - 240 mm ,No 
CRYORIG R5,CRYORIG ,R5 ,CR-R5 ,700 - 1300 RPM ,19 - 23 dB ,Black ,168 mm , AM2 | AM2+ | AM3 | AM3+ | AM4 | FM1 | FM2 | FM2+ | LGA1150 | LGA1151 | LGA1155 | LGA1156 | LGA1200 | LGA1700 | LGA1851 | LGA2011 | LGA2011-3 | LGA2066 | ,No ,No 
Thermalright Silver Arrow 130,Thermalright ,Silver Arrow 130 ,SILVER ARROW 130 ,600 - 1500 RPM ,19 - 23 dB ,Silver ,130 mm , AM4 | LGA775 | LGA1150 | LGA1151 | LGA1155 | LGA1156 | LGA1200 | LGA1366 | LGA1700 | LGA1851 | LGA2011 | LGA2011-3 | LGA2066 | ,No ,No 
ID-COOLING IS-60 EVO ARGB,ID-COOLING ,,IS-60 EVO ARGB ,500 - 2000 RPM ,13.8 - 31.2 dB ,Black / Silver ,64 mm , AM4 | LGA1150 | LGA1151 | LGA1155 | LGA1156 | LGA1200 | ,No ,No 
Enermax AQUAFUSION,Enermax ,AQUAFUSION ,ELC-AQF240-SQA-W ,500 - 2000 RPM ,17 - 32.6 dB ,White ,, AM2 | AM2+ | AM3 | AM3+ | AM4 | AM5 | FM1 | FM2 | FM2+ | LGA1150 | LGA1151 | LGA1155 | LGA1156 | LGA1200 | LGA1366 | LGA1700 | LGA1851 | LGA2011 | LGA2011-3 | LGA2066 | ,Yes - 240 mm ,No 
Cougar AQUA,Cougar ,,AQUA 280 ,600 - 1600 RPM ,34 dB ,Black ,, AM2 | AM2+ | AM3 | AM3+ | AM4 | sTR4 | sTRX4 | FM1 | FM2 | FM2+ | LGA1150 | LGA1151 | LGA1155 | LGA1156 | LGA1200 | LGA1366 | LGA2011 | LGA2011-3 | LGA2066 | ,Yes - 280 mm ,No 
Iceberg Thermal IceSLEET G3,Iceberg Thermal ,IceSLEET G3 ,ICESLEETG3-DGG-00A ,600 - 1200 RPM ,20.5 dB ,Black / Gray ,156 mm , AM2 | AM2+ | AM3 | AM3+ | AM4 | AM5 | FM1 | FM2 | FM2+ | LGA775 | LGA1150 | LGA1151 | LGA1155 | LGA1156 | LGA1200 | LGA1366 | LGA1700 | LGA1851 | ,No ,No 
Iceberg Thermal IceSLEET G4 Silent,Iceberg Thermal ,IceSLEET G4 Silent ,ICESLEETG4-BDD-00A ,600 - 1200 RPM ,20.5 dB ,Black / Gray ,156 mm , AM2 | AM2+ | AM3 | AM3+ | AM4 | AM5 | FM1 | FM2 | FM2+ | LGA1150 | LGA1151 | LGA1155 | LGA1156 | LGA1200 | LGA1366 | LGA1700 | LGA1851 | ,No ,No 
Iceberg Thermal IceSLEET G4 OC,Iceberg Thermal ,IceSLEET G4 OC ,ICESLEETG4OC-TGG-00A ,600 - 1400 RPM ,22.5 dB ,Teal / Silver ,156 mm , AM2 | AM2+ | AM3 | AM3+ | AM4 | AM5 | FM1 | FM2 | FM2+ | LGA775 | LGA1150 | LGA1151 | LGA1155 | LGA1156 | LGA1200 | LGA1366 | LGA1700 | LGA1851 | ,No ,No 
GAMDIAS CHIONE E2,GAMDIAS ,,CHIONE E2-120 LITE 2 ,1200 - 2400 RPM ,,Black ,, AM2 | AM2+ | AM3 | AM3+ | AM4 | FM1 | FM2 | FM2+ | LGA775 | LGA1150 | LGA1151 | LGA1155 | LGA1156 | LGA1200 | LGA1366 | LGA2011 | LGA2011-3 | LGA2066 | ,Yes - 120 mm ,No 
GAMDIAS CHIONE M1,GAMDIAS ,,CHIONE M1A-280R ,600 - 1200 RPM ,,Black ,, AM2 | AM2+ | AM3 | AM3+ | AM4 | FM1 | FM2 | FM2+ | LGA775 | LGA1150 | LGA1151 | LGA1155 | LGA1156 | LGA1200 | LGA1366 | LGA2011 | LGA2011-3 | LGA2066 | ,Yes - 280 mm ,No 
GAMDIAS CHIONE M2,GAMDIAS ,,CHIONE M2-240 LITE ,1800 RPM ,,Black ,, AM2 | AM2+ | AM3 | AM3+ | AM4 | FM1 | FM2 | FM2+ | LGA775 | LGA1150 | LGA1151 | LGA1155 | LGA1156 | LGA1200 | LGA1366 | LGA2011 | LGA2011-3 | LGA2066 | ,Yes - 240 mm ,No 
Thermalright AXP-90i,Thermalright ,,AXP-90i ,2700 RPM ,22.4 dB ,Gray ,47 mm , LGA1150 | LGA1151 | LGA1155 | LGA1156 | LGA1200 | ,No ,No 
Thermalright Macho Rev.C Plus,Thermalright ,,Macho Rev.C Plus ,300 - 1300 RPM ,15 - 21 dB ,Silver / Black ,158 mm , AM4 | LGA775 | LGA1150 | LGA1151 | LGA1155 | LGA1156 | LGA1200 | LGA1366 | LGA1700 | LGA1851 | LGA2011 | LGA2011-3 | LGA2066 | ,No ,No 
Thermaltake TOUGHLIQUID ARGB,Thermaltake ,, CL-W320-PL14BL-A | CL-W320-PL12BL-B | ,500 - 2000 RPM ,33.2 dB ,Black ,, AM2 | AM2+ | AM3 | AM3+ | AM4 | FM1 | FM2 | FM2+ | LGA1150 | LGA1151 | LGA1155 | LGA1156 | LGA1200 | LGA1700 | LGA1851 | LGA2011 | LGA2011-3 | LGA2066 | ,Yes - 280 mm ,No 
ID-COOLING ICEFLOW ARGB,ID-COOLING ,,ICEFLOW 240 ARGB WHITE ,900 - 2000 RPM ,16 - 31.5 dB ,White ,, AM4 | AM5 | LGA1150 | LGA1151 | LGA1155 | LGA1156 | LGA1200 | LGA1700 | LGA1851 | LGA2011 | LGA2011-3 | LGA2066 | ,Yes - 240 mm ,No 
ID-COOLING DK-03 RGB PWM,ID-COOLING ,,DK-03 RGB PWM ,800 - 1600 RPM ,16 - 20.2 dB ,,63 mm , LGA1150 | LGA1151 | LGA1155 | LGA1156 | LGA1200 | ,No ,No 
ID-COOLING IS-40X V2,ID-COOLING ,,IS-40X V2 ,800 - 2800 RPM ,14 - 35.2 dB ,,45 mm , LGA1150 | LGA1151 | LGA1155 | LGA1156 | LGA1200 | LGA1700 | LGA1851 | ,No ,No 
ID-COOLING IS-50 MAX RGB,ID-COOLING ,,IS-50 MAX RGB ,900 - 2000 RPM ,16 - 31.5 dB ,,77 mm , LGA1150 | LGA1151 | LGA1155 | LGA1156 | LGA1200 | ,No ,No 
ID-COOLING SE-913-R,ID-COOLING ,,SE-913-R ,600 - 2200 RPM ,23.8 dB ,,122 mm , LGA775 | LGA1150 | LGA1151 | LGA1155 | LGA1156 | LGA1200 | ,No ,No 
ID-COOLING SE-913-B,ID-COOLING ,,SE-913-B ,600 - 2200 RPM ,23.8 dB ,,122 mm , LGA775 | LGA1150 | LGA1151 | LGA1155 | LGA1156 | LGA1200 | ,No ,No 
ID-COOLING SE-904TWIN,ID-COOLING ,,SE-904TWIN ,600 - 2200 RPM ,14 - 23.8 dB ,,124 mm , LGA1150 | LGA1151 | LGA1155 | LGA1156 | LGA1200 | LGA1366 | LGA2011 | LGA2011-3 | LGA2066 | ,No ,No 
ID-COOLING SE-207-TRX BLACK,ID-COOLING ,,SE-207-TRX BLACK ,700 - 1800 RPM ,15.2 - 35.2 dB ,,157 mm ,,No ,No 
ID-COOLING SE-224-XT BLACK V2,ID-COOLING ,,SE-224-XT BLACK V2 ,700 - 1800 RPM ,15.2 - 35.2 dB ,,153 mm , AM4 | AM5 | LGA1150 | LGA1151 | LGA1155 | LGA1156 | LGA1200 | LGA1700 | LGA1851 | LGA2011 | LGA2011-3 | LGA2066 | ,No ,No 
ID-COOLING SE-214V3,ID-COOLING ,,SE-214V3 ,600 - 2200 RPM ,14 - 35 dB ,,153 mm , LGA1150 | LGA1151 | LGA1155 | LGA1156 | LGA1200 | LGA1700 | LGA1851 | ,No ,No 
ID-COOLING SE-213V3-R,ID-COOLING ,,SE-213V3-R ,500 - 1600 RPM ,16 - 20.2 dB ,,140 mm , LGA1150 | LGA1151 | LGA1155 | LGA1156 | LGA1200 | ,No ,No 
ID-COOLING SE-213V3-B,ID-COOLING ,,SE-213V3-B ,500 - 1600 RPM ,16 - 20.2 dB ,,140 mm , LGA1150 | LGA1151 | LGA1155 | LGA1156 | LGA1200 | ,No ,No 
ID-COOLING SE-213V2-B Lite,ID-COOLING ,,SE-213V2-B Lite ,1600 RPM ,26.4 dB ,,140 mm , LGA775 | LGA1150 | LGA1151 | LGA1155 | LGA1156 | LGA1200 | ,No ,No 
ID-COOLING SE-213V2,ID-COOLING ,,SE-213V2 ,800 - 1600 RPM ,16 - 20.2 dB ,,140 mm , LGA775 | LGA1150 | LGA1151 | LGA1155 | LGA1156 | LGA1200 | ,No ,No 
ID-COOLING SE-224-XT-B,ID-COOLING ,,SE-224-XT-B ,700 - 1800 RPM ,15.2 - 32.5 dB ,,154 mm , AM4 | AM5 | LGA1150 | LGA1151 | LGA1155 | LGA1156 | LGA1200 | LGA1700 | LGA1851 | LGA2011 | LGA2011-3 | LGA2066 | ,No ,No 
ID-COOLING SE-903-B V2,ID-COOLING ,,SE-903-B V2 ,2000 RPM ,23.1 dB ,,123 mm , LGA1150 | LGA1151 | LGA1155 | LGA1156 | LGA1200 | ,No ,No 
ID-COOLING HUNTER VC-3D,ID-COOLING ,,HUNTER VC-3D ,800 - 1600 RPM ,16.8 - 32.6 dB ,,165 mm , LGA775 | LGA1150 | LGA1151 | LGA1155 | LGA1156 | LGA1200 | LGA1366 | LGA2011 | LGA2011-3 | LGA2066 | ,No ,No 
ID-COOLING HUNTER VC-TWIN,ID-COOLING ,,HUNTER VC-TWIN ,800 - 1800 RPM ,16.2 - 29.2 dB ,,160 mm , LGA775 | LGA1150 | LGA1151 | LGA1155 | LGA1156 | LGA1200 | LGA1366 | LGA2011 | LGA2011-3 | LGA2066 | ,No ,No 
ID-COOLING DASHFLOW 360,ID-COOLING ,,DASHFLOW 360 ,900 - 2000 RPM ,16 - 31.5 dB ,Black ,, LGA1150 | LGA1151 | LGA1155 | LGA1156 | LGA1200 | LGA1366 | LGA2011 | LGA2011-3 | LGA2066 | ,Yes - 360 mm ,No 
ID-COOLING DASHFLOW 240,ID-COOLING ,,DASHFLOW 240 ,900 - 2000 RPM ,16 - 31.5 dB ,Black ,, LGA1150 | LGA1151 | LGA1155 | LGA1156 | LGA1200 | LGA1366 | LGA2011 | LGA2011-3 | LGA2066 | ,Yes - 240 mm ,No 
ID-COOLING AURAFLOW X 240 TGA,ID-COOLING ,,AURAFLOW X 240 TGA ,900 - 2000 RPM ,16 - 31.5 dB ,Black ,, AM4 | AM5 | LGA1150 | LGA1151 | LGA1155 | LGA1156 | LGA1200 | LGA1366 | LGA2011 | LGA2011-3 | LGA2066 | ,Yes - 240 mm ,No 
In Win Nebula NR24,In Win ,Nebula NR24 ,IW-LC-NR24 ,400 - 1800 RPM ,25 dB ,Black / White ,, AM2 | AM2+ | AM3 | AM3+ | AM4 | sTR4 | sTRX4 | FM1 | FM2 | FM2+ | LGA1150 | LGA1151 | LGA1155 | LGA1156 | LGA1200 | LGA1700 | LGA1851 | LGA2011 | LGA2011-3 | LGA2066 | ,Yes - 240 mm ,No 
In Win BR24,In Win ,BR24 ,IW-LC-BR24 ,400 - 1800 RPM ,35.5 dB ,Black / White ,, AM2 | AM2+ | AM3 | AM3+ | AM4 | sTR4 | sTRX4 | FM1 | FM2 | FM2+ | LGA1150 | LGA1151 | LGA1155 | LGA1156 | LGA1200 | LGA2011 | LGA2011-3 | LGA2066 | ,Yes - 240 mm ,No 
Cooler Master GeminII M5 LED,Cooler Master ,GeminII M5 LED ,RR-T520-16PK ,500 - 1600 RPM ,31 dB ,,62 mm , AM2 | AM2+ | AM3 | AM3+ | FM1 | FM2 | FM2+ | LGA775 | LGA1150 | LGA1151 | LGA1155 | LGA1156 | LGA1200 | LGA1366 | LGA2011 | LGA2011-3 | LGA2066 | ,No ,No 
Cooler Master GeminII M4,Cooler Master ,GeminII M4 ,RR-GMM4-16PK-R1 ,500 - 1600 RPM ,8 - 30 dB ,,59 mm , AM2 | AM2+ | AM3 | AM3+ | FM1 | FM2 | FM2+ | LGA775 | LGA1150 | LGA1151 | LGA1155 | LGA1156 | LGA1200 | LGA1366 | ,No ,No 
Cooler Master Vortex 211P,Cooler Master ,Vortex 211P ,RR-V211-22FK-R1 ,2200 RPM ,,,58 mm , LGA775 | LGA1150 | LGA1151 | LGA1155 | LGA1156 | LGA1200 | ,No ,No 
Cooler Master Vortex 211Q,Cooler Master ,Vortex 211Q ,RR-V211-15FK-R1 ,1500 RPM ,,,58 mm , LGA775 | LGA1150 | LGA1151 | LGA1155 | LGA1156 | LGA1200 | ,No ,No 
Cooler Master X Dream L115,Cooler Master ,X Dream L115 ,RR-X115-22FK-R1 ,2200 RPM ,,,49 mm , LGA1150 | LGA1151 | LGA1155 | LGA1156 | LGA1200 | ,No ,No 
Jonsbo HX6210,Jonsbo ,,HX6210 Black ,800 - 2300 RPM ,20 - 31.6 dB ,Black ,125 mm , AM4 | AM5 | LGA1150 | LGA1151 | LGA1155 | LGA1156 | LGA1200 | LGA1700 | LGA1851 | LGA2011 | LGA2011-3 | LGA2066 | ,No ,No 
Jonsbo HX6210,Jonsbo ,,HX6210 White ,800 - 2300 RPM ,20 - 31.6 dB ,White ,125 mm , AM4 | AM5 | LGA1150 | LGA1151 | LGA1155 | LGA1156 | LGA1200 | LGA1700 | LGA1851 | LGA2011 | LGA2011-3 | LGA2066 | ,No ,No 
TEAMGROUP SIREN GD240E,TEAMGROUP ,SIREN GD240E ,TB120502 ,600 - 2200 RPM ,14.3 - 35.6 dB ,Black ,49 mm , AM2 | AM2+ | AM3 | AM3+ | AM4 | AM5 | FM1 | FM2 | FM2+ | LGA1150 | LGA1151 | LGA1155 | LGA1156 | LGA1200 | LGA1366 | LGA1700 | LGA1851 | LGA2011 | LGA2011-3 | LGA2066 | ,Yes - 240 mm ,No 
Noua Siberus TR360,Noua ,Siberus TR360 ,LC0320-TR360 ,800 - 1800 RPM ,25 - 32 dB ,Black ,, AM2 | AM2+ | AM3 | AM3+ | AM4 | FM1 | FM2 | FM2+ | LGA1150 | LGA1151 | LGA1155 | LGA1156 | LGA1200 | LGA2011 | LGA2011-3 | LGA2066 | ,Yes - 360 mm ,No 
Noua Siberus TR120,Noua ,Siberus TR120 ,LC0320-TR120 ,800 - 1800 RPM ,18 - 30 dB ,Black ,, AM2 | AM2+ | AM3 | AM3+ | AM4 | FM1 | FM2 | FM2+ | LGA1150 | LGA1151 | LGA1155 | LGA1156 | LGA1200 | LGA2011 | LGA2011-3 | LGA2066 | ,Yes - 120 mm ,No 
Noua Siberus TR241,Noua ,Siberus TR241 ,LC0320-TR241 ,800 - 1800 RPM ,25 - 32 dB ,White ,, AM2 | AM2+ | AM3 | AM3+ | AM4 | FM1 | FM2 | FM2+ | LGA1150 | LGA1151 | LGA1155 | LGA1156 | LGA1200 | LGA2011 | LGA2011-3 | LGA2066 | ,Yes - 240 mm ,No 
Noua Sub-Zero AT240,Noua ,Sub-Zero AT240 ,LC0320-AT240 ,800 - 2000 RPM ,31 dB ,Black ,, AM2 | AM2+ | AM3 | AM3+ | AM4 | FM1 | FM2 | FM2+ | LGA1150 | LGA1151 | LGA1155 | LGA1156 | LGA1200 | LGA1366 | LGA2011 | LGA2011-3 | LGA2066 | ,Yes - 240 mm ,No 
Noua Arcade,Noua ,,AC0619-ARC21 ,700 - 1800 RPM ,37.1 dB ,Black ,155 mm , AM2 | AM2+ | AM3 | AM3+ | AM4 | FM1 | FM2 | FM2+ | LGA775 | LGA1150 | LGA1151 | LGA1155 | LGA1156 | LGA1200 | LGA1366 | ,No ,No 
Noua Blizzard,Noua ,,AC0619-BLI21 ,2200 RPM ,23.4 dB ,Silver / Black ,136 mm , AM2 | AM2+ | AM3 | AM3+ | AM4 | AM5 | FM1 | FM2 | FM2+ | LGA775 | LGA1150 | LGA1151 | LGA1155 | LGA1156 | LGA1200 | LGA1366 | LGA1700 | LGA1851 | LGA2011 | LGA2011-3 | LGA2066 | ,No ,No 
Noua Disturbia,Noua ,,AC0619-DIS19 ,800 - 1600 RPM ,37.8 dB ,Black / Silver ,155 mm , AM2 | AM2+ | AM3 | AM3+ | AM4 | FM1 | FM2 | FM2+ | LGA775 | LGA1150 | LGA1151 | LGA1155 | LGA1156 | LGA1200 | LGA1366 | ,No ,No 
Noua Ena,Noua ,,AC0322-ENA23 ,800 - 1800 RPM ,28 dB ,Black / Silver ,158 mm , AM2 | AM2+ | AM3 | AM3+ | AM4 | FM1 | FM2 | FM2+ | LGA1150 | LGA1151 | LGA1155 | LGA1156 | LGA1200 | LGA1366 | LGA1700 | LGA1851 | LGA2011 | LGA2011-3 | LGA2066 | ,No ,No 
Noua Numb,Noua ,,AC0619-NUM14 ,800 - 1600 RPM ,29 dB ,Black ,155 mm , AM2 | AM2+ | AM3 | AM3+ | AM4 | FM1 | FM2 | FM2+ | LGA775 | LGA1150 | LGA1151 | LGA1155 | LGA1156 | LGA1200 | LGA1366 | ,No ,No 
Noua Numb,Noua ,,AC0619-NUM13 ,800 - 1600 RPM ,29 dB ,White ,155 mm , AM2 | AM2+ | AM3 | AM3+ | AM4 | FM1 | FM2 | FM2+ | LGA775 | LGA1150 | LGA1151 | LGA1155 | LGA1156 | LGA1200 | LGA1366 | ,No ,No 
Noua Vex,Noua ,,AC0322-VEX22 ,1500 RPM ,,Black / Silver ,86 mm , AM2 | AM2+ | AM3 | AM3+ | AM4 | FM1 | FM2 | FM2+ | LGA775 | LGA1150 | LGA1151 | LGA1155 | LGA1156 | LGA1200 | LGA1366 | LGA1700 | LGA1851 | ,No ,No 
Inter-Tech ALSEYE X240,Inter-Tech ,ALSEYE X240 ,88885494 ,1600 RPM ,35.6 dB ,Gray / Black ,90 mm , AM2 | AM2+ | AM3 | AM3+ | AM4 | FM1 | FM2 | FM2+ | LGA775 | LGA1150 | LGA1151 | LGA1155 | LGA1156 | LGA1200 | LGA1366 | LGA1700 | LGA1851 | LGA2011 | LGA2011-3 | LGA2066 | ,Yes - 240 mm ,No 
Deepcool LE320,Deepcool ,LE320 ,R-LE320-BKAMMN-G-1 ,500 - 2250 RPM ,32.9 dB ,Black ,52 mm , AM4 | AM5 | LGA1150 | LGA1151 | LGA1155 | LGA1156 | LGA1200 | LGA1700 | LGA1851 | ,Yes - 120 mm ,No 
Thermalright Frozen Fusion ARGB,Thermalright ,,Frozen Fusion BLACK 360 ARGB ,2150 RPM ,28.1 dB ,Black ,, AM4 | AM5 | LGA1150 | LGA1151 | LGA1155 | LGA1156 | LGA1200 | LGA1700 | LGA1851 | ,Yes - 360 mm ,No 
ID-COOLING DK-07A RAINBOW,ID-COOLING ,,DK-07A RAINBOW ,500 - 1800 RPM ,14.2 - 25.6 dB ,Black ,60 mm , AM4 | AM5 | ,No ,No 
Valkyrie VIND SL125,Valkyrie ,VIND SL125 ,VK-SL125-LOKI ,800 - 2150 RPM ,29 dB ,Black / Red ,158 mm , AM4 | AM5 | LGA1150 | LGA1151 | LGA1155 | LGA1156 | LGA1200 | LGA1700 | LGA1851 | LGA2011 | LGA2011-3 | LGA2066 | ,No ,No 
Geometric Future Eskimo Junior 24,Geometric Future ,Eskimo Junior 24 ,GEO-EJ-24W ,2000 RPM ,29 dB ,White ,53 mm , AM2 | AM2+ | AM3 | AM3+ | AM4 | AM5 | FM1 | FM2 | FM2+ | LGA1150 | LGA1151 | LGA1155 | LGA1156 | LGA1200 | LGA1700 | LGA1851 | LGA2011 | LGA2011-3 | LGA2066 | ,Yes - 240 mm ,No 
Enermax AQUAFUSION ADV,Enermax ,,ELC-AQFA360-SQA-W ,500 - 2000 RPM ,15 - 32.6 dB ,White ,54 mm , AM2 | AM2+ | AM3 | AM3+ | AM5 | FM1 | FM2 | FM2+ | LGA1150 | LGA1151 | LGA1155 | LGA1156 | LGA1200 | LGA1366 | LGA1700 | LGA1851 | LGA2011 | LGA2011-3 | LGA2066 | ,Yes - 360 mm ,No 
Deepcool CASTLE R,Deepcool ,,DP-GS-H12-CSL240R ,500 - 1800 RPM ,32 dB ,Black ,, AM2 | AM2+ | AM3 | AM3+ | AM4 | FM1 | FM2 | FM2+ | LGA1150 | LGA1151 | LGA1155 | LGA1156 | LGA1200 | LGA1366 | LGA2011 | LGA2011-3 | LGA2066 | ,Yes - 240 mm ,No 
In Win SR24 PRO,In Win ,SR24 PRO , IW-LC-SR24PRO | SR24 PRO | ,500 - 2500 RPM ,23 dB ,Black ,100 mm , AM2 | AM2+ | AM3 | AM3+ | AM4 | sTR4 | sTRX4 | FM1 | FM2 | FM2+ | LGA1150 | LGA1151 | LGA1155 | LGA1156 | LGA1200 | LGA1366 | LGA2011 | LGA2011-3 | LGA2066 | ,Yes - 240 mm ,No 
SilentiumPC Navis Pro 120,SilentiumPC ,Navis Pro 120 ,SPC157 ,800 - 2300 RPM ,,Black ,, AM2 | AM2+ | AM3 | AM3+ | AM4 | FM1 | FM2 | FM2+ | LGA775 | LGA1150 | LGA1151 | LGA1155 | LGA1156 | LGA1200 | LGA1366 | LGA2011 | LGA2011-3 | LGA2066 | ,Yes - 120 mm ,No 
ID-COOLING DASHFLOW XT LITE,ID-COOLING ,,DASHFLOW 360 XT LITE WHITE ,500 - 2000 RPM ,29.85 dB ,White ,, AM4 | AM5 | LGA1150 | LGA1151 | LGA1155 | LGA1156 | LGA1200 | LGA1700 | LGA1851 | LGA2011 | LGA2011-3 | LGA2066 | ,Yes - 360 mm ,No 
ID-COOLING FX120,ID-COOLING ,,FX120 ,500 - 1800 RPM ,35.2 dB ,Black ,, AM4 | AM5 | LGA1150 | LGA1151 | LGA1155 | LGA1156 | LGA1200 | LGA1700 | LGA1851 | LGA2011 | LGA2011-3 | LGA2066 | ,Yes - 120 mm ,No 
ID-COOLING FX240,ID-COOLING ,,FX240 ,700 - 1800 RPM ,35.2 dB ,Black ,, AM4 | AM5 | LGA1150 | LGA1151 | LGA1155 | LGA1156 | LGA1200 | LGA1700 | LGA1851 | LGA2011 | LGA2011-3 | LGA2066 | ,Yes - 240 mm ,No 
ID-COOLING IS-50 MAX RGB V3,ID-COOLING ,,IS-50 MAX RGB V3 ,900 - 2000 RPM ,31.2 dB ,Black / Silver ,77 mm , AM4 | AM5 | LGA1150 | LGA1151 | LGA1155 | LGA1156 | LGA1200 | LGA1700 | LGA1851 | ,No ,No 
ID-COOLING ZOOMFLOW XT ELITE,ID-COOLING ,,ZOOMFLOW 240 XT ELITE ,900 - 2000 RPM ,16.2 - 31.5 dB ,Black ,, AM4 | AM5 | LGA1150 | LGA1151 | LGA1155 | LGA1156 | LGA1200 | LGA1700 | LGA1851 | LGA2011 | LGA2011-3 | LGA2066 | ,Yes - 240 mm ,No 
ID-COOLING ZOOMFLOW XT V2,ID-COOLING ,,ZOOMFLOW 240 XT V2 ,500 - 1800 RPM ,13.8 - 35.2 dB ,Black ,, AM4 | AM5 | LGA1150 | LGA1151 | LGA1155 | LGA1156 | LGA1200 | LGA1700 | LGA1851 | LGA2011 | LGA2011-3 | LGA2066 | ,Yes - 240 mm ,No 
ID-COOLING SE-206-XT ARGB,ID-COOLING ,,SE-206-XT ARGB ,700 - 1800 RPM ,35.2 dB ,Black ,156 mm , AM4 | AM5 | LGA1150 | LGA1151 | LGA1155 | LGA1156 | LGA1200 | LGA1700 | LGA1851 | ,No ,No 
ID-COOLING SE-206-XT,ID-COOLING ,,SE-206-XT BLACK ,700 - 1800 RPM ,35.2 dB ,Black ,156 mm , AM4 | AM5 | LGA1150 | LGA1151 | LGA1155 | LGA1156 | LGA1200 | LGA1700 | LGA1851 | ,No ,No 
ID-COOLING SE-213X-R,ID-COOLING ,,SE-213X-R ,500 - 1800 RPM ,28 dB ,Black / Red ,143 mm , AM2 | AM2+ | AM3 | AM3+ | AM4 | AM5 | FM1 | FM2 | FM2+ | LGA1150 | LGA1151 | LGA1155 | LGA1156 | LGA1200 | LGA1700 | LGA1851 | ,No ,No 
ID-COOLING SE-214-XT HAFF,ID-COOLING ,,SE-214-XT HAFF ,800 - 1500 RPM ,30.5 dB ,Black ,150 mm , AM4 | AM5 | LGA1150 | LGA1151 | LGA1155 | LGA1156 | LGA1200 | LGA1700 | LGA1851 | ,No ,No 
ID-COOLING SE-903-XT,ID-COOLING ,,SE-903-XT WHITE ,500 - 2200 RPM ,25.8 dB ,White ,123 mm , AM4 | AM5 | LGA1150 | LGA1151 | LGA1155 | LGA1156 | LGA1200 | LGA1700 | LGA1851 | ,No ,No 
Deepcool AG620 Digital ARGB,Deepcool ,,R-AG620-WHADMN-G-2 ,300 - 1950 RPM ,29.4 dB ,White ,161 mm , AM4 | AM5 | LGA1150 | LGA1151 | LGA1155 | LGA1156 | LGA1200 | LGA1700 | LGA1851 | ,No ,No 
Vetroo R240,Vetroo ,R240 ,VT-AIO-R240-BK ,,,Black ,55 mm , AM4 | AM5 | LGA1150 | LGA1151 | LGA1155 | LGA1156 | LGA1200 | LGA1700 | LGA1851 | ,Yes - 240 mm ,No 
Vetroo R240,Vetroo ,R240 ,VT-AIO-R240-WT ,,,White ,55 mm , AM4 | AM5 | LGA1150 | LGA1151 | LGA1155 | LGA1156 | LGA1200 | LGA1700 | LGA1851 | ,Yes - 240 mm ,No 
iTek Hydro Cube,iTek ,,ITLCHCA240W ,2000 RPM ,31.6 dB ,White ,72 mm , AM4 | AM5 | LGA775 | LGA1150 | LGA1151 | LGA1155 | LGA1156 | LGA1200 | LGA1700 | LGA1851 | ,Yes - 240 mm ,No 
upHere UP1KC4C,upHere ,,UP1KC4C ,600 - 1650 RPM ,25 dB ,Black ,155 mm , AM2 | AM2+ | AM3 | AM3+ | AM4 | AM5 | FM1 | FM2 | FM2+ | LGA1150 | LGA1151 | LGA1155 | LGA1156 | LGA1200 | LGA1366 | LGA1700 | LGA1851 | ,No ,No 
upHere UP1KC6,upHere ,,UP1KC6 ,600 - 1650 RPM ,25 dB ,Black ,155 mm , AM2 | AM2+ | AM3 | AM3+ | AM4 | AM5 | FM1 | FM2 | FM2+ | LGA1150 | LGA1151 | LGA1155 | LGA1156 | LGA1200 | LGA1366 | LGA1700 | LGA1851 | ,No ,No 
upHere UP1T6,upHere ,,UP1T6 ,600 - 1650 RPM ,25 dB ,White ,155 mm , AM2 | AM2+ | AM3 | AM3+ | AM4 | AM5 | FM1 | FM2 | FM2+ | LGA1150 | LGA1151 | LGA1155 | LGA1156 | LGA1200 | LGA1366 | LGA1700 | LGA1851 | ,No ,No 
upHere UP1TC6,upHere ,,UP1TC6 ,600 - 1650 RPM ,25 dB ,White ,155 mm , AM2 | AM2+ | AM3 | AM3+ | AM4 | AM5 | FM1 | FM2 | FM2+ | LGA1150 | LGA1151 | LGA1155 | LGA1156 | LGA1200 | LGA1366 | LGA1700 | LGA1851 | ,No ,No 
upHere UP1TC6C,upHere ,,UP1TC6C ,600 - 1650 RPM ,25 dB ,White ,155 mm , AM2 | AM2+ | AM3 | AM3+ | AM4 | AM5 | FM1 | FM2 | FM2+ | LGA1150 | LGA1151 | LGA1155 | LGA1156 | LGA1200 | LGA1366 | LGA1700 | LGA1851 | ,No ,No 
upHere UP2KC6C,upHere ,,UP2KC6C ,600 - 1650 RPM ,25 dB ,Black ,158 mm , AM2 | AM2+ | AM3 | AM3+ | AM4 | AM5 | FM1 | FM2 | FM2+ | LGA1150 | LGA1151 | LGA1155 | LGA1156 | LGA1200 | LGA1366 | LGA1700 | LGA1851 | ,No ,No 
upHere UP2T6,upHere ,,UP2T6 ,600 - 1650 RPM ,25 dB ,White ,158 mm , AM2 | AM2+ | AM3 | AM3+ | AM4 | AM5 | FM1 | FM2 | FM2+ | LGA1150 | LGA1151 | LGA1155 | LGA1156 | LGA1200 | LGA1366 | LGA1700 | LGA1851 | ,No ,No 
upHere UP2TC6C,upHere ,,UP2TC6C ,600 - 1650 RPM ,25 dB ,White ,158 mm , AM2 | AM2+ | AM3 | AM3+ | AM4 | AM5 | FM1 | FM2 | FM2+ | LGA1150 | LGA1151 | LGA1155 | LGA1156 | LGA1200 | LGA1366 | LGA1700 | LGA1851 | ,No ,No 
upHere UP2KC8C,upHere ,,UP2KC8C ,600 - 1650 RPM ,25 dB ,Black ,158 mm , AM2 | AM2+ | AM3 | AM3+ | AM4 | AM5 | FM1 | FM2 | FM2+ | LGA1150 | LGA1151 | LGA1155 | LGA1156 | LGA1200 | LGA1366 | LGA1700 | LGA1851 | ,No ,No 
upHere UP2TC8C,upHere ,,UP2TC8C ,600 - 1650 RPM ,25 dB ,White ,158 mm , AM2 | AM2+ | AM3 | AM3+ | AM4 | AM5 | FM1 | FM2 | FM2+ | LGA1150 | LGA1151 | LGA1155 | LGA1156 | LGA1200 | LGA1366 | LGA1700 | LGA1851 | ,No ,No 
upHere E240TC,upHere ,,E240TC ,600 - 1800 RPM ,27 dB ,White ,62 mm , AM4 | AM5 | LGA1150 | LGA1151 | LGA1155 | LGA1156 | LGA1200 | LGA1700 | LGA1851 | ,Yes - 240 mm ,No 
Inter-Tech ALSEYE Star Warriors W700,Inter-Tech ,,STAR WARRIORS W700-BLACK ,900 - 3000 RPM ,45 dB ,Black ,160 mm , AM4 | AM5 | LGA1150 | LGA1151 | LGA1155 | LGA1156 | LGA1200 | LGA1366 | LGA1700 | LGA1851 | LGA2011 | LGA2011-3 | LGA2066 | ,No ,No 
Inter-Tech ALSEYE Star Warriors W700,Inter-Tech ,,STAR WARRIORS W700-WHITE ,900 - 3000 RPM ,45 dB ,White ,160 mm , AM4 | AM5 | LGA1150 | LGA1151 | LGA1155 | LGA1156 | LGA1200 | LGA1366 | LGA1700 | LGA1851 | LGA2011 | LGA2011-3 | LGA2066 | ,No ,No 
LevelPlay Combat Liquid 240 SE,LevelPlay ,Combat Liquid 240 SE ,KRW-S12NN-20APN-GN1​ ,800 - 2000 RPM ,6 - 35 dB ,Black ,48 mm , AM4 | AM5 | LGA1700 | LGA1851 | ,Yes - 240 mm ,No 
LevelPlay Combat Liquid 240 SE,LevelPlay ,Combat Liquid 240 SE ,KRW-S12NN-20APN-GW1​ ,800 - 2000 RPM ,6 - 35 dB ,White ,48 mm , AM4 | AM5 | LGA1700 | LGA1851 | ,Yes - 240 mm ,No 
