Name,Manufacturer,Part #,Series,Microarchitecture,Core Family,Socket,Core Count,Thread Count,Performance Core Clock,Performance Core Boost Clock,L2 Cache,L3 Cache,TDP,Integrated Graphics,Maximum Supported Memory,ECC Support,Includes Cooler,Packaging,Lithography,Includes CPU Cooler,Simultaneous Multithreading,Efficiency Core Clock,Efficiency Core Boost Clock,Model
AMD Ryzen 7 9800X3D,AMD , 100-1000001084WOF | AMD Ryzen 7 9800X3D | 100-100001084WOF | ,AMD Ryzen 7 ,Zen 5 ,Granite Ridge ,AM5 ,8 ,16 ,4.7 GHz ,5.2 GHz ,8 MB ,96 MB ,120 W ,Radeon ,192 GB ,Yes ,No ,Boxed ,4 nm ,No ,Yes ,,,
AMD Ryzen 7 7800X3D,AMD ,100-100000910WOF ,AMD Ryzen 7 ,Zen 4 ,Raphael ,AM5 ,8.0,16.0,4.2 GHz ,5 GHz ,8 MB ,96 MB ,120 W ,Radeon ,128 GB ,Yes ,No ,Boxed ,5 nm ,No ,Yes ,,,
AMD Ryzen 5 9600X,AMD ,100-100001405WOF ,AMD Ryzen 5 ,Zen 5 ,Granite Ridge ,AM5 ,6.0,12.0,3.9 GHz ,5.4 GHz ,6 MB ,32 MB ,65 W ,Radeon ,192 GB ,Yes ,No ,Boxed ,4 nm ,No ,Yes ,,,
AMD Ryzen 5 5500,AMD ,100-100000457BOX ,AMD Ryzen 5 ,Zen 3 ,Cezanne ,AM4 ,6.0,12.0,3.6 GHz ,4.2 GHz ,3 MB ,16 MB ,65 W ,None ,128 GB ,No ,Yes ,Boxed ,7 nm ,Yes ,Yes ,,,
AMD Ryzen 9 9950X3D,AMD ,100-100000719WOF ,AMD Ryzen 9 ,Zen 5 ,Granite Ridge ,AM5 ,16.0,32.0,4.3 GHz ,5.7 GHz ,16 MB ,128 MB ,170 W ,Radeon ,192 GB ,Yes ,No ,Boxed ,4 nm ,No ,Yes ,,,
AMD Ryzen 5 7600X,AMD ,100-100000593WOF ,AMD Ryzen 5 ,Zen 4 ,Raphael ,AM5 ,6.0,12.0,4.7 GHz ,5.3 GHz ,6 MB ,32 MB ,105 W ,Radeon ,128 GB ,Yes ,No ,Boxed ,5 nm ,No ,Yes ,,,
AMD Ryzen 7 7700X,AMD ,100-100000591WOF ,AMD Ryzen 7 ,Zen 4 ,Raphael ,AM5 ,8.0,16.0,4.5 GHz ,5.4 GHz ,8 MB ,32 MB ,105 W ,Radeon ,128 GB ,Yes ,No ,Boxed ,5 nm ,No ,Yes ,,,
AMD Ryzen 5 5600,AMD ,100-100000927BOX ,AMD Ryzen 5 ,Zen 3 ,Vermeer ,AM4 ,6.0,12.0,3.5 GHz ,4.4 GHz ,3 MB ,32 MB ,65 W ,None ,128 GB ,No ,Yes ,Boxed ,7 nm ,Yes ,Yes ,,,
AMD Ryzen 5 5600X,AMD ,100-100000065BOX ,AMD Ryzen 5 ,Zen 3 ,Vermeer ,AM4 ,6.0,12.0,3.7 GHz ,4.6 GHz ,3 MB ,32 MB ,65 W ,None ,128 GB ,No ,Yes ,Boxed ,7 nm ,Yes ,Yes ,,,
AMD Ryzen 7 9850X3D,AMD ,100-100001973WOF ,AMD Ryzen 7 ,Zen 5 ,Granite Ridge ,AM5 ,8.0,16.0,4.7 GHz ,5.6 GHz ,8 MB ,96 MB ,120 W ,Radeon ,192 GB ,Yes ,No ,Boxed ,4 nm ,No ,Yes ,,,
AMD Ryzen 7 9700X,AMD ,100-100001404WOF ,AMD Ryzen 7 ,Zen 5 ,Granite Ridge ,AM5 ,8.0,16.0,3.8 GHz ,5.5 GHz ,8 MB ,32 MB ,65 W ,Radeon ,192 GB ,Yes ,No ,Boxed ,4 nm ,No ,Yes ,,,
AMD Ryzen 7 5800X,AMD ,100-100000063WOF ,AMD Ryzen 7 ,Zen 3 ,Vermeer ,AM4 ,8.0,16.0,3.8 GHz ,4.7 GHz ,4 MB ,32 MB ,105 W ,None ,128 GB ,No ,No ,Boxed ,7 nm ,No ,Yes ,,,
AMD Ryzen 7 5700X,AMD ,100-100000926WOF ,AMD Ryzen 7 ,Zen 3 ,Vermeer ,AM4 ,8.0,16.0,3.4 GHz ,4.6 GHz ,4 MB ,32 MB ,65 W ,None ,128 GB ,No ,No ,Boxed ,7 nm ,No ,Yes ,,,
Intel Core i7-14700K,Intel ,BX8071514700K ,Intel Core i7 ,Raptor Lake Refresh ,Raptor Lake Refresh ,LGA1700 ,20.0,28.0,3.4 GHz ,5.6 GHz ,28 MB ,33 MB ,125 W ,Intel UHD Graphics 770 ,192 GB ,Yes ,No ,Boxed ,7 nm ,No ,Yes: Hyper-Threading ,2.5 GHz ,4.3 GHz ,
Intel Core i5-12400F,Intel ,BX8071512400F ,Intel Core i5 ,Alder Lake ,Alder Lake ,LGA1700 ,6.0,12.0,2.5 GHz ,4.4 GHz ,7.5 MB ,18 MB ,65 W ,None ,128 GB ,No ,Yes ,Boxed ,10 nm ,Yes ,Yes: Hyper-Threading ,,,
AMD Ryzen 7 5800XT,AMD ,100-100001582BOX ,AMD Ryzen 7 ,Zen 3 ,Vermeer ,AM4 ,8.0,16.0,3.8 GHz ,4.8 GHz ,4 MB ,32 MB ,105 W ,None ,128 GB ,No ,Yes ,Boxed ,7 nm ,Yes ,Yes ,,,
AMD Ryzen 9 9900X,AMD ,100-100000662WOF ,AMD Ryzen 9 ,Zen 5 ,Granite Ridge ,AM5 ,12.0,24.0,4.4 GHz ,5.6 GHz ,12 MB ,64 MB ,120 W ,Radeon ,192 GB ,Yes ,No ,Boxed ,4 nm ,No ,Yes ,,,
AMD Ryzen 5 3600,AMD , Ryzen 5 3600 | 100-100000031BOX | ,AMD Ryzen 5 ,Zen 2 ,Matisse ,AM4 ,6.0,12.0,3.6 GHz ,4.2 GHz ,3 MB ,32 MB ,65 W ,None ,128 GB ,No ,Yes ,Boxed ,7 nm ,Yes ,Yes ,,,
Intel Core i9-14900K,Intel ,BX8071514900K ,Intel Core i9 ,Raptor Lake Refresh ,Raptor Lake Refresh ,LGA1700 ,24.0,32.0,3.2 GHz ,6 GHz ,32 MB ,36 MB ,125 W ,Intel UHD Graphics 770 ,192 GB ,Yes ,No ,Boxed ,7 nm ,No ,Yes: Hyper-Threading ,2.4 GHz ,4.4 GHz ,
AMD Ryzen 5 7500F,AMD ,100-000000597 ,AMD Ryzen 5 ,Zen 4 ,Raphael ,AM5 ,6.0,12.0,3.7 GHz ,5 GHz ,6 MB ,32 MB ,65 W ,None ,128 GB ,Yes ,No ,OEM/Tray ,5 nm ,No ,Yes ,,,
Intel Core Ultra 7 265K,Intel ,BX80768265K ,Intel Core Ultra 7 ,Arrow Lake ,Arrow Lake ,LGA1851 ,20.0,20.0,3.9 GHz ,5.5 GHz ,36 MB ,30 MB ,125 W ,Intel Xe ,256 GB ,Yes ,No ,Boxed ,3 nm ,No ,No ,3.3 GHz ,4.6 GHz ,
AMD Threadripper 3990X,AMD ,100-100000163WOF ,AMD Threadripper ,Zen 2 ,Castle Peak ,sTRX4 ,64.0,128.0,2.9 GHz ,4.3 GHz ,32 MB ,256 MB ,280 W ,None ,1024 GB ,Yes ,No ,Boxed ,7 nm ,No ,Yes ,,,
Intel Core Ultra 9 285K,Intel ,BX80768285K ,Intel Core Ultra 9 ,Arrow Lake ,Arrow Lake ,LGA1851 ,24.0,24.0,3.7 GHz ,5.7 GHz ,40 MB ,36 MB ,125 W ,Intel Xe ,256 GB ,Yes ,No ,Boxed ,3 nm ,No ,No ,3.2 GHz ,4.6 GHz ,
AMD Ryzen 7 5800X3D,AMD ,100-100000651WOF ,AMD Ryzen 7 ,Zen 3 ,Vermeer-X ,AM4 ,8.0,16.0,3.4 GHz ,4.5 GHz ,4 MB ,96 MB ,105 W ,None ,128 GB ,No ,No ,Boxed ,7 nm ,No ,Yes ,,,
AMD Ryzen 5 7600,AMD ,100-100001015BOX ,AMD Ryzen 5 ,Zen 4 ,Raphael ,AM5 ,6.0,12.0,3.8 GHz ,5.1 GHz ,6 MB ,32 MB ,65 W ,Radeon ,128 GB ,Yes ,Yes ,Boxed ,5 nm ,Yes ,Yes ,,,
AMD Ryzen 9 7900X,AMD ,100-100000589WOF ,AMD Ryzen 9 ,Zen 4 ,Raphael ,AM5 ,12.0,24.0,4.7 GHz ,5.6 GHz ,12 MB ,64 MB ,170 W ,Radeon ,128 GB ,Yes ,No ,Boxed ,5 nm ,No ,Yes ,,,
Intel Core i5-12600KF,Intel ,BX8071512600KF ,Intel Core i5 ,Alder Lake ,Alder Lake ,LGA1700 ,10.0,16.0,3.7 GHz ,4.9 GHz ,9.5 MB ,20 MB ,125 W ,None ,128 GB ,No ,No ,Boxed ,10 nm ,No ,Yes: Hyper-Threading ,2.8 GHz ,3.6 GHz ,
AMD Ryzen 9 9950X,AMD ,100-100001277WOF ,AMD Ryzen 9 ,Zen 5 ,Granite Ridge ,AM5 ,16.0,32.0,4.3 GHz ,5.7 GHz ,16 MB ,64 MB ,170 W ,Radeon ,192 GB ,Yes ,No ,Boxed ,4 nm ,No ,Yes ,,,
AMD Ryzen 5 8500G,AMD ,100-100000931BOX ,AMD Ryzen 5 ,Zen 4 ,Phoenix 2 ,AM5 ,6.0,12.0,4.1 GHz ,5 GHz ,6 MB ,16 MB ,65 W ,Radeon 740M ,,No ,Yes ,Boxed ,4 nm ,Yes ,Yes ,3.3 GHz ,3.7 GHz ,
Intel Core i5-14400F,Intel ,BX8071514400F ,Intel Core i5 ,Raptor Lake Refresh ,Raptor Lake Refresh ,LGA1700 ,10.0,16.0,2.5 GHz ,4.7 GHz ,9.5 MB ,20 MB ,65 W ,None ,192 GB ,Yes ,Yes ,Boxed ,7 nm ,Yes ,Yes: Hyper-Threading ,1.8 GHz ,3.5 GHz ,
AMD Ryzen 5 7500X3D,AMD ,100-100001904WOF ,AMD Ryzen 5 ,Zen 4 ,Raphael ,AM5 ,6.0,12.0,4 GHz ,4.5 GHz ,6 MB ,96 MB ,65 W ,Radeon ,128 GB ,Yes ,No ,Boxed ,5 nm ,No ,Yes ,,,
AMD Ryzen 9 5950X,AMD ,100-100000059WOF ,AMD Ryzen 9 ,Zen 3 ,Vermeer ,AM4 ,16.0,32.0,3.4 GHz ,4.9 GHz ,8 MB ,64 MB ,105 W ,None ,128 GB ,No ,No ,Boxed ,7 nm ,No ,Yes ,,,
AMD Ryzen 5 5600G,AMD ,100-100000252BOX ,AMD Ryzen 5 ,Zen 3 ,Cezanne ,AM4 ,6.0,12.0,3.9 GHz ,4.4 GHz ,3 MB ,16 MB ,65 W ,Radeon Vega 7 ,128 GB ,No ,Yes ,Boxed ,7 nm ,Yes ,Yes ,,,
AMD Ryzen 3 3200G,AMD , Ryzen 3 3200G | YD3200C5FHBOX | ,AMD Ryzen 3 ,Zen+ ,Picasso ,AM4 ,4.0,4.0,3.6 GHz ,4 GHz ,2 MB ,4 MB ,65 W ,Radeon Vega 8 ,64 GB ,No ,Yes ,Boxed ,12 nm ,Yes ,No ,,,
AMD Ryzen 7 5700G,AMD ,100-100000263BOX ,AMD Ryzen 7 ,Zen 3 ,Cezanne ,AM4 ,8.0,16.0,3.8 GHz ,4.6 GHz ,4 MB ,16 MB ,65 W ,Radeon Vega 8 ,128 GB ,No ,Yes ,Boxed ,7 nm ,Yes ,Yes ,,,
Intel Core i7-12700KF,Intel ,BX8071512700KF ,Intel Core i7 ,Alder Lake ,Alder Lake ,LGA1700 ,12.0,20.0,3.6 GHz ,5 GHz ,12 MB ,25 MB ,125 W ,None ,128 GB ,No ,No ,Boxed ,10 nm ,No ,Yes: Hyper-Threading ,2.7 GHz ,3.8 GHz ,
AMD Ryzen 5 7600X3D,AMD ,100-100001721WOF ,AMD Ryzen 5 ,Zen 4 ,Raphael ,AM5 ,6.0,12.0,4.1 GHz ,4.7 GHz ,6 MB ,96 MB ,65 W ,Radeon ,128 GB ,Yes ,No ,Boxed ,5 nm ,No ,Yes ,,,
Intel Core i5-12600K,Intel ,BX8071512600K ,Intel Core i5 ,Alder Lake ,Alder Lake ,LGA1700 ,10.0,16.0,3.7 GHz ,4.9 GHz ,9.5 MB ,20 MB ,125 W ,Intel UHD Graphics 770 ,128 GB ,No ,No ,Boxed ,10 nm ,No ,Yes: Hyper-Threading ,2.8 GHz ,3.6 GHz ,
AMD Ryzen 5 5600XT,AMD ,100-100001585BOX ,AMD Ryzen 5 ,Zen 3 ,Vermeer ,AM4 ,6.0,12.0,3.7 GHz ,4.7 GHz ,3 MB ,32 MB ,65 W ,None ,128 GB ,Yes ,Yes ,Boxed ,7 nm ,Yes ,Yes ,,,
AMD Ryzen 7 3700X,AMD , Ryzen 7 3700X | 100-100000071BOX | ,AMD Ryzen 7 ,Zen 2 ,Matisse ,AM4 ,8.0,16.0,3.6 GHz ,4.4 GHz ,4 MB ,32 MB ,65 W ,None ,128 GB ,No ,Yes ,Boxed ,7 nm ,Yes ,Yes ,,,
AMD Ryzen 9 5900X,AMD ,100-100000061WOF ,AMD Ryzen 9 ,Zen 3 ,Vermeer ,AM4 ,12.0,24.0,3.7 GHz ,4.8 GHz ,6 MB ,64 MB ,105 W ,None ,128 GB ,No ,No ,Boxed ,7 nm ,No ,Yes ,,,
Intel Core i5-14600KF,Intel ,BX8071514600KF ,Intel Core i5 ,Raptor Lake Refresh ,Raptor Lake Refresh ,LGA1700 ,14.0,20.0,3.5 GHz ,5.3 GHz ,20 MB ,24 MB ,125 W ,None ,192 GB ,Yes ,No ,Boxed ,7 nm ,No ,Yes: Hyper-Threading ,2.6 GHz ,4 GHz ,
Intel Core Ultra 7 265KF,Intel ,BX80768265KF ,Intel Core Ultra 7 ,Arrow Lake ,Arrow Lake ,LGA1851 ,20.0,20.0,3.9 GHz ,5.5 GHz ,36 MB ,30 MB ,125 W ,None ,256 GB ,No ,No ,Boxed ,3 nm ,No ,No ,3.3 GHz ,4.6 GHz ,
AMD Ryzen 7 5700X3D,AMD ,100-100001503WOF ,AMD Ryzen 7 ,Zen 3 ,Vermeer-X ,AM4 ,8.0,16.0,3 GHz ,4.1 GHz ,4 MB ,96 MB ,105 W ,None ,128 GB ,No ,No ,Boxed ,7 nm ,No ,Yes ,,,
Intel Core i3-12100F,Intel ,BX8071512100F ,Intel Core i3 ,Alder Lake ,Alder Lake ,LGA1700 ,4.0,8.0,3.3 GHz ,4.3 GHz ,5 MB ,12 MB ,58 W ,None ,128 GB ,No ,Yes ,Boxed ,10 nm ,Yes ,Yes: Hyper-Threading ,,,
AMD Ryzen 9 9900X3D,AMD , 100-1000001368WOF | AMD-Ryzen-9-9900X3D | 100-100001368WOF | ,AMD Ryzen 9 ,Zen 5 ,Granite Ridge ,AM5 ,12.0,24.0,4.4 GHz ,5.5 GHz ,12 MB ,128 MB ,120 W ,Radeon ,192 GB ,Yes ,No ,Boxed ,4 nm ,No ,Yes ,,,
AMD Ryzen 7 5700,AMD , 100-000000743BOX | 100-100000743BOX | Ryzen 7 5700 | ,AMD Ryzen 7 ,Zen 3 ,Cezanne ,AM4 ,8.0,16.0,3.7 GHz ,4.6 GHz ,4 MB ,16 MB ,65 W ,None ,128 GB ,No ,Yes ,Boxed ,7 nm ,Yes ,Yes ,,,
Intel Core i7-12700K,Intel ,BX8071512700K ,Intel Core i7 ,Alder Lake ,Alder Lake ,LGA1700 ,12.0,20.0,3.6 GHz ,5 GHz ,12 MB ,25 MB ,125 W ,Intel UHD Graphics 770 ,128 GB ,No ,No ,Boxed ,10 nm ,No ,Yes: Hyper-Threading ,2.7 GHz ,3.8 GHz ,
Intel Core i5-14600K,Intel ,BX8071514600K ,Intel Core i5 ,Raptor Lake Refresh ,Raptor Lake Refresh ,LGA1700 ,14.0,20.0,3.5 GHz ,5.3 GHz ,20 MB ,24 MB ,125 W ,Intel UHD Graphics 770 ,192 GB ,Yes ,No ,Boxed ,7 nm ,No ,Yes: Hyper-Threading ,2.6 GHz ,4 GHz ,
Intel Core i9-12900K,Intel ,BX8071512900K ,Intel Core i9 ,Alder Lake ,Alder Lake ,LGA1700 ,16.0,24.0,3.2 GHz ,5.2 GHz ,14 MB ,30 MB ,125 W ,Intel UHD Graphics 770 ,128 GB ,No ,No ,Boxed ,10 nm ,No ,Yes: Hyper-Threading ,2.4 GHz ,3.9 GHz ,
AMD Ryzen 5 5600GT,AMD ,100-100001488BOX ,AMD Ryzen 5 ,Zen 3 ,Cezanne ,AM4 ,6.0,12.0,3.6 GHz ,4.6 GHz ,3 MB ,16 MB ,65 W ,Radeon Vega 7 ,128 GB ,No ,Yes ,Boxed ,7 nm ,Yes ,Yes ,,,
Intel Core Ultra 5 225F,Intel ,BX80768225F ,Intel Core Ultra 5 ,Arrow Lake ,Arrow Lake ,LGA1851 ,10.0,10.0,3.3 GHz ,4.9 GHz ,22 MB ,20 MB ,65 W ,None ,256 GB ,No ,Yes ,Boxed ,3 nm ,Yes ,No ,2.7 GHz ,4.4 GHz ,
AMD Ryzen 5 8400F,AMD ,100-100001591BOX ,AMD Ryzen 5 ,Zen 4 ,Phoenix 1 ,AM5 ,6.0,12.0,4.2 GHz ,4.7 GHz ,6 MB ,16 MB ,65 W ,None ,256 GB ,No ,Yes ,Boxed ,4 nm ,Yes ,Yes ,,,
Intel Core Ultra 5 245K,Intel ,BX80768245K ,Intel Core Ultra 5 ,Arrow Lake ,Arrow Lake ,LGA1851 ,14.0,14.0,4.2 GHz ,5.2 GHz ,26 MB ,24 MB ,125 W ,Intel Xe ,256 GB ,Yes ,No ,Boxed ,3 nm ,No ,No ,3.6 GHz ,4.6 GHz ,
Intel Core i7-14700KF,Intel ,BX8071514700KF ,Intel Core i7 ,Raptor Lake Refresh ,Raptor Lake Refresh ,LGA1700 ,20.0,28.0,3.4 GHz ,5.6 GHz ,28 MB ,33 MB ,125 W ,None ,192 GB ,Yes ,No ,Boxed ,7 nm ,No ,Yes: Hyper-Threading ,2.5 GHz ,4.3 GHz ,
AMD Ryzen 7 8700F,AMD ,100-100001590BOX ,AMD Ryzen 7 ,Zen 4 ,Phoenix 1 ,AM5 ,8.0,16.0,4.1 GHz ,5 GHz ,8 MB ,16 MB ,65 W ,None ,256 GB ,No ,Yes ,Boxed ,4 nm ,Yes ,Yes ,,,
AMD Ryzen 7 7800X3D,AMD ,100-000000910 ,AMD Ryzen 7 ,Zen 4 ,Raphael ,AM5 ,8.0,16.0,4.2 GHz ,5 GHz ,8 MB ,96 MB ,120 W ,Radeon ,128 GB ,Yes ,No ,OEM/Tray ,5 nm ,No ,Yes ,,,
AMD Ryzen 9 5900XT,AMD ,100-100001581WOF ,AMD Ryzen 9 ,Zen 3 ,Vermeer ,AM4 ,16.0,32.0,3.3 GHz ,4.8 GHz ,8 MB ,64 MB ,105 W ,None ,128 GB ,No ,No ,Boxed ,7 nm ,No ,Yes ,,,
Intel Core i7-14700F,Intel ,BX8071514700F ,Intel Core i7 ,Raptor Lake Refresh ,Raptor Lake Refresh ,LGA1700 ,20.0,28.0,2.1 GHz ,5.4 GHz ,28 MB ,33 MB ,65 W ,None ,192 GB ,Yes ,Yes ,Boxed ,7 nm ,Yes ,Yes: Hyper-Threading ,1.5 GHz ,4.2 GHz ,
AMD Ryzen 7 7700,AMD ,100-100000592BOX ,AMD Ryzen 7 ,Zen 4 ,Raphael ,AM5 ,8.0,16.0,3.6 GHz ,5.3 GHz ,8 MB ,32 MB ,65 W ,Radeon ,128 GB ,Yes ,Yes ,Boxed ,5 nm ,Yes ,Yes ,,,
AMD Ryzen 9 7950X3D,AMD ,100-100000908WOF ,AMD Ryzen 9 ,Zen 4 ,Raphael ,AM5 ,16.0,32.0,4.2 GHz ,5.7 GHz ,16 MB ,128 MB ,120 W ,Radeon ,128 GB ,Yes ,No ,Boxed ,5 nm ,No ,Yes ,,,
Intel Core i5-10400F,Intel ,BX8070110400F ,Intel Core i5 ,Comet Lake ,Comet Lake ,LGA1200 ,6.0,12.0,2.9 GHz ,4.3 GHz ,1.5 MB ,12 MB ,65 W ,None ,128 GB ,No ,Yes ,Boxed ,14 nm ,Yes ,Yes: Hyper-Threading ,,,
AMD Ryzen 5 4500,AMD ,100-100000644BOX ,AMD Ryzen 5 ,Zen 2 ,Renoir-X ,AM4 ,6.0,12.0,3.6 GHz ,4.1 GHz ,3 MB ,8 MB ,65 W ,None ,128 GB ,No ,Yes ,Boxed ,7 nm ,Yes ,Yes ,,,
AMD Ryzen 7 8700G,AMD ,100-100001236BOX ,AMD Ryzen 7 ,Zen 4 ,Phoenix 1 ,AM5 ,8.0,16.0,4.2 GHz ,5.1 GHz ,8 MB ,16 MB ,65 W ,Radeon 780M ,,No ,Yes ,Boxed ,4 nm ,Yes ,Yes ,,,
AMD Ryzen 3 4100,AMD ,100-100000510BOX ,AMD Ryzen 3 ,Zen 2 ,Renoir-X ,AM4 ,4.0,8.0,3.8 GHz ,4 GHz ,2 MB ,4 MB ,65 W ,None ,128 GB ,No ,Yes ,Boxed ,7 nm ,Yes ,Yes ,,,
Intel Core Ultra 5 245KF,Intel ,BX80768245KF ,Intel Core Ultra 5 ,Arrow Lake ,Arrow Lake ,LGA1851 ,14.0,14.0,4.2 GHz ,5.2 GHz ,26 MB ,24 MB ,125 W ,None ,256 GB ,No ,No ,Boxed ,3 nm ,No ,No ,3.6 GHz ,4.6 GHz ,
AMD Ryzen 5 2600,AMD ,YD2600BBAFBOX ,AMD Ryzen 5 ,Zen+ ,Pinnacle Ridge ,AM4 ,6.0,12.0,3.4 GHz ,3.9 GHz ,3 MB ,15.99 MB ,65 W ,None ,64 GB ,No ,Yes ,Boxed ,12 nm ,Yes ,Yes ,,,
Intel Core i9-14900KF,Intel ,BX8071514900KF ,Intel Core i9 ,Raptor Lake Refresh ,Raptor Lake Refresh ,LGA1700 ,24.0,32.0,3.2 GHz ,6 GHz ,32 MB ,36 MB ,125 W ,None ,192 GB ,Yes ,No ,Boxed ,7 nm ,No ,Yes: Hyper-Threading ,2.4 GHz ,4.4 GHz ,
Intel Core i7-9700K,Intel ,BX80684I79700K ,Intel Core i7 ,Coffee Lake Refresh ,Coffee Lake Refresh ,LGA1151 ,8.0,8.0,3.6 GHz ,4.9 GHz ,2 MB ,12 MB ,95 W ,Intel UHD Graphics 630 ,128 GB ,No ,No ,Boxed ,14 nm ,No ,No ,,,
Intel Core i5-13400F,Intel ,BX8071513400F ,Intel Core i5 ,Raptor Lake ,Raptor Lake ,LGA1700 ,10.0,16.0,2.5 GHz ,4.6 GHz ,9.5 MB ,20 MB ,65 W ,None ,192 GB ,No ,Yes ,Boxed ,10 nm ,Yes ,Yes: Hyper-Threading ,1.8 GHz ,3.3 GHz ,
Intel Core i9-14900KS,Intel ,BX8071514900KS ,Intel Core i9 ,Raptor Lake Refresh ,Raptor Lake Refresh ,LGA1700 ,24.0,32.0,3.2 GHz ,6.2 GHz ,32 MB ,36 MB ,150 W ,Intel UHD Graphics 770 ,192 GB ,Yes ,No ,Boxed ,7 nm ,No ,Yes: Hyper-Threading ,2.4 GHz ,4.5 GHz ,
Intel Core i3-14100F,Intel ,BX8071514100F ,Intel Core i3 ,Raptor Lake Refresh ,Raptor Lake Refresh ,LGA1700 ,4.0,8.0,3.5 GHz ,4.7 GHz ,5 MB ,12 MB ,58 W ,None ,192 GB ,Yes ,Yes ,Boxed ,7 nm ,Yes ,Yes: Hyper-Threading ,,,
AMD Ryzen 5 7500F,AMD ,100-100000597BOX ,AMD Ryzen 5 ,Zen 4 ,Raphael ,AM5 ,6.0,12.0,3.7 GHz ,5 GHz ,6 MB ,32 MB ,65 W ,None ,128 GB ,Yes ,Yes ,Boxed ,5 nm ,Yes ,Yes ,,,
Intel Core i7-8700K,Intel ,BX80684I78700K ,Intel Core i7 ,Coffee Lake ,Coffee Lake ,LGA1151 ,6.0,12.0,3.7 GHz ,4.7 GHz ,1.5 MB ,12 MB ,95 W ,Intel UHD Graphics 630 ,128 GB ,No ,No ,Boxed ,14 nm ,No ,Yes: Hyper-Threading ,,,
AMD Ryzen 5 8600G,AMD ,100-100001237BOX ,AMD Ryzen 5 ,Zen 4 ,Phoenix 1 ,AM5 ,6.0,12.0,4.3 GHz ,5 GHz ,6 MB ,16 MB ,65 W ,Radeon 760M ,,No ,Yes ,Boxed ,4 nm ,Yes ,Yes ,,,
Intel Core 2 Duo E8400,Intel ,EU80570PJ0806M ,Intel Core 2 Duo ,Wolfdale ,Wolfdale ,LGA775 ,2.0,2.0,3 GHz ,,6 MB ,0 MB ,65 W ,None ,,No ,No ,OEM/Tray ,45 nm ,No ,No ,,,
AMD Ryzen 9 7900X3D,AMD ,100-100000909WOF ,AMD Ryzen 9 ,Zen 4 ,Raphael ,AM5 ,12.0,24.0,4.4 GHz ,5.6 GHz ,12 MB ,128 MB ,120 W ,Radeon ,128 GB ,Yes ,No ,Boxed ,5 nm ,No ,Yes ,,,
Intel Core i7-7700K,Intel ,BX80677I77700K ,Intel Core i7 ,Kaby Lake ,Kaby Lake-S ,LGA1151 ,4.0,8.0,4.2 GHz ,4.5 GHz ,1 MB ,8 MB ,91 W ,Intel HD Graphics 630 ,64 GB ,No ,No ,Boxed ,14 nm ,No ,Yes: Hyper-Threading ,,,
AMD Ryzen 9 7950X,AMD ,100-100000514WOF ,AMD Ryzen 9 ,Zen 4 ,Raphael ,AM5 ,16.0,32.0,4.5 GHz ,5.7 GHz ,16 MB ,64 MB ,170 W ,Radeon ,128 GB ,Yes ,No ,Boxed ,5 nm ,No ,Yes ,,,
Intel Core i9-9900K,Intel ,BX80684I99900K ,Intel Core i9 ,Coffee Lake Refresh ,Coffee Lake Refresh ,LGA1151 ,8.0,16.0,3.6 GHz ,5 GHz ,2 MB ,16 MB ,95 W ,Intel UHD Graphics 630 ,128 GB ,No ,No ,Boxed ,14 nm ,No ,Yes: Hyper-Threading ,,,
AMD Ryzen 5 3600X,AMD , Ryzen 5 3600X | 100-100000022BOX | ,AMD Ryzen 5 ,Zen 2 ,Matisse ,AM4 ,6.0,12.0,3.8 GHz ,4.4 GHz ,3 MB ,32 MB ,95 W ,None ,128 GB ,No ,Yes ,Boxed ,7 nm ,Yes ,Yes ,,,
Intel Core i5-13600K,Intel , BX8071513600K | i5-13600K | ,Intel Core i5 ,Raptor Lake ,Raptor Lake ,LGA1700 ,14.0,20.0,3.5 GHz ,5.1 GHz ,20 MB ,24 MB ,125 W ,Intel UHD Graphics 770 ,192 GB ,Yes ,No ,Boxed ,10 nm ,No ,Yes: Hyper-Threading ,2.6 GHz ,3.9 GHz ,
Intel Core i7-13700K,Intel , BX8071513700K | i7-13700K | ,Intel Core i7 ,Raptor Lake ,Raptor Lake ,LGA1700 ,16.0,24.0,3.4 GHz ,5.4 GHz ,24 MB ,30 MB ,125 W ,Intel UHD Graphics 770 ,192 GB ,Yes ,No ,Boxed ,10 nm ,No ,Yes: Hyper-Threading ,2.5 GHz ,4.2 GHz ,
AMD Ryzen 7 2700X,AMD ,YD270XBGAFBOX ,AMD Ryzen 7 ,Zen+ ,Pinnacle Ridge ,AM4 ,8.0,16.0,3.7 GHz ,4.3 GHz ,4 MB ,16 MB ,105 W ,None ,64 GB ,No ,Yes ,Boxed ,12 nm ,Yes ,Yes ,,,
AMD Ryzen 9 3900X,AMD , Ryzen 9 3900X | 100-100000023BOX | ,AMD Ryzen 9 ,Zen 2 ,Matisse ,AM4 ,12.0,24.0,3.8 GHz ,4.6 GHz ,6 MB ,64 MB ,105 W ,None ,128 GB ,No ,Yes ,Boxed ,7 nm ,Yes ,Yes ,,,
Intel Core i9-13900K,Intel , BX8071513900K | i9-13900K | ,Intel Core i9 ,Raptor Lake ,Raptor Lake ,LGA1700 ,24.0,32.0,3 GHz ,5.8 GHz ,32 MB ,36 MB ,125 W ,Intel UHD Graphics 770 ,192 GB ,Yes ,No ,Boxed ,10 nm ,No ,Yes: Hyper-Threading ,2.2 GHz ,4.3 GHz ,
AMD Ryzen 5 3400G,AMD , Ryzen 5 3400G | YD3400C5FHBOX | ,AMD Ryzen 5 ,Zen+ ,Picasso ,AM4 ,4.0,8.0,3.7 GHz ,4.2 GHz ,2 MB ,4 MB ,65 W ,Radeon Vega 11 ,64 GB ,No ,Yes ,Boxed ,12 nm ,Yes ,Yes ,,,
Intel Core i7-10700K,Intel ,BX8070110700K ,Intel Core i7 ,Comet Lake ,Comet Lake ,LGA1200 ,8.0,16.0,3.8 GHz ,5.1 GHz ,2 MB ,16 MB ,125 W ,Intel UHD Graphics 630 ,128 GB ,No ,No ,Boxed ,14 nm ,No ,Yes: Hyper-Threading ,,,
Intel Core i5-9400F,Intel ,BX80684I59400F ,Intel Core i5 ,Coffee Lake Refresh ,Coffee Lake Refresh ,LGA1151 ,6.0,6.0,2.9 GHz ,4.1 GHz ,1.5 MB ,9 MB ,65 W ,None ,128 GB ,No ,Yes ,Boxed ,14 nm ,Yes ,No ,,,
AMD Threadripper 3970X,AMD ,100-100000011WOF ,AMD Threadripper ,Zen 2 ,Castle Peak ,sTRX4 ,32.0,64.0,3.7 GHz ,4.5 GHz ,16 MB ,128 MB ,280 W ,None ,512 GB ,Yes ,No ,Boxed ,7 nm ,No ,Yes ,,,
Intel Core i7-6700K,Intel ,BX80662I76700K ,Intel Core i7 ,Skylake ,Skylake-S ,LGA1151 ,4.0,8.0,4 GHz ,4.2 GHz ,1 MB ,8 MB ,91 W ,Intel HD Graphics 530 ,64 GB ,No ,No ,Boxed ,14 nm ,No ,Yes: Hyper-Threading ,,,
AMD Ryzen 7 7700,AMD ,100-000000592 ,AMD Ryzen 7 ,Zen 4 ,Raphael ,AM5 ,8.0,16.0,3.6 GHz ,5.3 GHz ,8 MB ,32 MB ,65 W ,Radeon ,128 GB ,Yes ,No ,OEM/Tray ,5 nm ,No ,Yes ,,,
Intel Core i9-12900KF,Intel ,BX8071512900KF ,Intel Core i9 ,Alder Lake ,Alder Lake ,LGA1700 ,16.0,24.0,3.2 GHz ,5.2 GHz ,14 MB ,30 MB ,125 W ,None ,128 GB ,No ,No ,Boxed ,10 nm ,No ,Yes: Hyper-Threading ,2.4 GHz ,3.9 GHz ,
AMD Ryzen 9 7900,AMD ,100-100000590BOX ,AMD Ryzen 9 ,Zen 4 ,Raphael ,AM5 ,12.0,24.0,3.7 GHz ,5.4 GHz ,12 MB ,64 MB ,65 W ,Radeon ,128 GB ,Yes ,Yes ,Boxed ,5 nm ,Yes ,Yes ,,,
AMD Ryzen 5 2600X,AMD ,YD260XBCAFBOX ,AMD Ryzen 5 ,Zen+ ,Pinnacle Ridge ,AM4 ,6.0,12.0,3.6 GHz ,4.2 GHz ,3 MB ,15.99 MB ,95 W ,None ,64 GB ,No ,Yes ,Boxed ,12 nm ,Yes ,Yes ,,,
Intel Core i5-12400,Intel ,BX8071512400 ,Intel Core i5 ,Alder Lake ,Alder Lake ,LGA1700 ,6.0,12.0,2.5 GHz ,4.4 GHz ,7.5 MB ,18 MB ,65 W ,Intel UHD Graphics 730 ,128 GB ,No ,Yes ,Boxed ,10 nm ,Yes ,Yes: Hyper-Threading ,,,
Intel Core i5-11400F,Intel ,BX8070811400F ,Intel Core i5 ,Rocket Lake ,Rocket Lake-S ,LGA1200 ,6.0,12.0,2.6 GHz ,4.4 GHz ,3 MB ,12 MB ,65 W ,None ,128 GB ,No ,Yes ,Boxed ,14 nm ,Yes ,Yes: Hyper-Threading ,,,
AMD Ryzen 5 5500GT,AMD ,100-100001489BOX ,AMD Ryzen 5 ,Zen 3 ,Cezanne ,AM4 ,6.0,12.0,3.6 GHz ,4.4 GHz ,3 MB ,16 MB ,65 W ,Radeon Vega 7 ,128 GB ,No ,Yes ,Boxed ,7 nm ,Yes ,Yes ,,,
AMD Ryzen 5 9600,AMD ,100-100000718BOX ,AMD Ryzen 5 ,Zen 5 ,Granite Ridge ,AM5 ,6.0,12.0,3.8 GHz ,5.2 GHz ,6 MB ,32 MB ,65 W ,Radeon ,192 GB ,Yes ,Yes ,Boxed ,4 nm ,Yes ,Yes ,,,
Intel Celeron G3930,Intel ,BX80677G3930 ,Intel Celeron ,Kaby Lake ,Kaby Lake-S ,LGA1151 ,2.0,2.0,2.9 GHz ,,0.5 MB ,2 MB ,51 W ,Intel HD Graphics 610 ,64 GB ,Yes ,Yes ,Boxed ,14 nm ,Yes ,No ,,,
Intel Core i5-9600K,Intel ,BX80684I59600K ,Intel Core i5 ,Coffee Lake Refresh ,Coffee Lake Refresh ,LGA1151 ,6.0,6.0,3.7 GHz ,4.6 GHz ,1.5 MB ,9 MB ,95 W ,Intel UHD Graphics 630 ,128 GB ,No ,No ,Boxed ,14 nm ,No ,No ,,,
Intel Core Ultra 5 225,Intel ,BX80768225 ,Intel Core Ultra 5 ,Arrow Lake ,Arrow Lake ,LGA1851 ,10.0,10.0,3.3 GHz ,4.9 GHz ,22 MB ,20 MB ,65 W ,Intel Xe ,256 GB ,No ,Yes ,Boxed ,3 nm ,Yes ,No ,2.7 GHz ,4.4 GHz ,
Intel Core i5-14400,Intel ,BX8071514400 ,Intel Core i5 ,Raptor Lake Refresh ,Raptor Lake Refresh ,LGA1700 ,10.0,16.0,2.5 GHz ,4.7 GHz ,9.5 MB ,20 MB ,65 W ,Intel UHD Graphics 730 ,192 GB ,Yes ,Yes ,Boxed ,7 nm ,Yes ,Yes: Hyper-Threading ,1.8 GHz ,3.5 GHz ,
AMD Ryzen 5 1600 (14nm),AMD ,YD1600BBAEBOX ,AMD Ryzen 5 ,Zen ,Summit Ridge ,AM4 ,6.0,12.0,3.2 GHz ,3.6 GHz ,3 MB ,16 MB ,65 W ,None ,,No ,Yes ,Boxed ,14 nm ,Yes ,Yes ,,,
AMD Ryzen 7 3800X,AMD , Ryzen 7 3800X | 100-100000025BOX | ,AMD Ryzen 7 ,Zen 2 ,Matisse ,AM4 ,8.0,16.0,3.9 GHz ,4.5 GHz ,4 MB ,32 MB ,105 W ,None ,128 GB ,No ,Yes ,Boxed ,7 nm ,Yes ,Yes ,,,
AMD Ryzen 3 3100,AMD ,100-100000284BOX ,AMD Ryzen 3 ,Zen 2 ,Matisse ,AM4 ,4.0,8.0,3.6 GHz ,3.9 GHz ,2 MB ,16 MB ,65 W ,None ,128 GB ,No ,Yes ,Boxed ,7 nm ,Yes ,Yes ,,,
Intel Core i7-11700K,Intel ,BX8070811700K ,Intel Core i7 ,Rocket Lake ,Rocket Lake-S ,LGA1200 ,8.0,16.0,3.6 GHz ,5 GHz ,4 MB ,16 MB ,125 W ,Intel UHD Graphics 750 ,128 GB ,No ,No ,Boxed ,14 nm ,No ,Yes: Hyper-Threading ,,,
Intel Core i7-4790K,Intel ,BX80646I74790K ,Intel Core i7 ,Haswell Refresh ,Haswell Refresh ,LGA1150 ,4.0,8.0,4 GHz ,4.4 GHz ,1 MB ,8 MB ,88 W ,Intel HD Graphics 4600 ,,No ,Yes ,Boxed ,22 nm ,Yes ,Yes: Hyper-Threading ,,,
AMD Ryzen 9 3950X,AMD ,100-100000051WOF ,AMD Ryzen 9 ,Zen 2 ,Matisse ,AM4 ,16.0,32.0,3.5 GHz ,4.7 GHz ,8 MB ,64 MB ,105 W ,None ,128 GB ,No ,No ,Boxed ,7 nm ,No ,Yes ,,,
Intel Core i7-8700,Intel ,BX80684I78700 ,Intel Core i7 ,Coffee Lake ,Coffee Lake ,LGA1151 ,6.0,12.0,3.2 GHz ,4.6 GHz ,1.5 MB ,12 MB ,65 W ,Intel UHD Graphics 630 ,128 GB ,No ,Yes ,Boxed ,14 nm ,Yes ,Yes: Hyper-Threading ,,,
Intel Core Ultra 7 265F,Intel ,BX80768265F ,Intel Core Ultra 7 ,Arrow Lake ,Arrow Lake ,LGA1851 ,20.0,20.0,2.4 GHz ,5.3 GHz ,36 MB ,30 MB ,65 W ,None ,256 GB ,No ,Yes ,Boxed ,3 nm ,Yes ,No ,1.8 GHz ,4.6 GHz ,
Intel Core i5-6500,Intel ,BX80662I56500 ,Intel Core i5 ,Skylake ,Skylake-S ,LGA1151 ,4.0,4.0,3.2 GHz ,3.6 GHz ,1 MB ,6 MB ,65 W ,Intel HD Graphics 530 ,64 GB ,No ,Yes ,Boxed ,14 nm ,Yes ,No ,,,
Intel Core i7-12700F,Intel ,BX8071512700F ,Intel Core i7 ,Alder Lake ,Alder Lake ,LGA1700 ,12.0,20.0,2.1 GHz ,4.9 GHz ,12 MB ,25 MB ,65 W ,None ,128 GB ,No ,Yes ,Boxed ,10 nm ,Yes ,Yes: Hyper-Threading ,1.6 GHz ,3.6 GHz ,
Intel Core i7-6700,Intel ,BX80662I76700 ,Intel Core i7 ,Skylake ,Skylake-S ,LGA1151 ,4.0,8.0,3.4 GHz ,4 GHz ,1 MB ,8 MB ,65 W ,Intel HD Graphics 530 ,64 GB ,No ,Yes ,Boxed ,14 nm ,Yes ,Yes: Hyper-Threading ,,,
Intel Core i5-10400,Intel ,BX8070110400 ,Intel Core i5 ,Comet Lake ,Comet Lake ,LGA1200 ,6.0,12.0,2.9 GHz ,4.3 GHz ,1.5 MB ,12 MB ,65 W ,Intel UHD Graphics 630 ,128 GB ,No ,Yes ,Boxed ,14 nm ,Yes ,Yes: Hyper-Threading ,,,
Intel Core i7-13700KF,Intel , BX8071513700KF | i7-13700KF | ,Intel Core i7 ,Raptor Lake ,Raptor Lake ,LGA1700 ,16.0,24.0,3.4 GHz ,5.4 GHz ,24 MB ,30 MB ,125 W ,None ,192 GB ,No ,No ,Boxed ,10 nm ,No ,Yes: Hyper-Threading ,2.5 GHz ,4.2 GHz ,
AMD Threadripper 3960X,AMD ,100-100000010WOF ,AMD Threadripper ,Zen 2 ,Castle Peak ,sTRX4 ,24.0,48.0,3.8 GHz ,4.5 GHz ,12 MB ,128 MB ,280 W ,None ,512 GB ,Yes ,No ,Boxed ,7 nm ,No ,Yes ,,,
Intel Core i7-7700,Intel ,BX80677I77700 ,Intel Core i7 ,Kaby Lake ,Kaby Lake-S ,LGA1151 ,4.0,8.0,3.6 GHz ,4.2 GHz ,1 MB ,8 MB ,65 W ,Intel HD Graphics 630 ,64 GB ,No ,Yes ,Boxed ,14 nm ,Yes ,Yes: Hyper-Threading ,,,
Intel Core i5-13600KF,Intel , BX8071513600KF | i5-13600KF | ,Intel Core i5 ,Raptor Lake ,Raptor Lake ,LGA1700 ,14.0,20.0,3.5 GHz ,5.1 GHz ,20 MB ,24 MB ,125 W ,None ,192 GB ,No ,No ,Boxed ,10 nm ,No ,Yes: Hyper-Threading ,2.6 GHz ,3.9 GHz ,
Intel Core i7-10700F,Intel ,BX8070110700F ,Intel Core i7 ,Comet Lake ,Comet Lake ,LGA1200 ,8.0,16.0,2.9 GHz ,4.8 GHz ,2 MB ,16 MB ,65 W ,None ,128 GB ,No ,Yes ,Boxed ,14 nm ,Yes ,Yes: Hyper-Threading ,,,
Intel Xeon E5-2699 V4,Intel ,CM8066002022506 ,Intel Xeon E5 ,Broadwell ,Broadwell-EP ,LGA2011-3 ,22.0,44.0,2.2 GHz ,3.6 GHz ,5.5 MB ,55 MB ,145 W ,None ,1536 GB ,Yes ,No ,OEM/Tray ,14 nm ,No ,Yes: Hyper-Threading ,,,
Intel Core i3-12100,Intel ,BX8071512100 ,Intel Core i3 ,Alder Lake ,Alder Lake ,LGA1700 ,4.0,8.0,3.3 GHz ,4.3 GHz ,5 MB ,12 MB ,60 W ,Intel UHD Graphics 730 ,128 GB ,No ,Yes ,Boxed ,10 nm ,Yes ,Yes: Hyper-Threading ,,,
Intel Core i5-4690,Intel ,BX80646I54690 ,Intel Core i5 ,Haswell Refresh ,Haswell Refresh ,LGA1150 ,4.0,4.0,3.5 GHz ,3.9 GHz ,1 MB ,6 MB ,84 W ,Intel HD Graphics 4600 ,,No ,Yes ,Boxed ,22 nm ,Yes ,No ,,,
Intel Xeon E5-2680 V4,Intel ,BX80660E52680V4 ,Intel Xeon E5 ,Broadwell ,Broadwell-EP ,LGA2011-3 ,14.0,28.0,2.4 GHz ,3.3 GHz ,3.5 MB ,35 MB ,120 W ,None ,1536 GB ,Yes ,No ,Boxed ,14 nm ,No ,Yes: Hyper-Threading ,,,
Intel Core i9-10900K,Intel ,BX8070110900K ,Intel Core i9 ,Comet Lake ,Comet Lake ,LGA1200 ,10.0,20.0,3.7 GHz ,5.3 GHz ,2.5 MB ,20 MB ,125 W ,Intel UHD Graphics 630 ,128 GB ,No ,No ,Boxed ,14 nm ,No ,Yes: Hyper-Threading ,,,
Intel Core i3-14100,Intel ,BX8071514100 ,Intel Core i3 ,Raptor Lake Refresh ,Raptor Lake Refresh ,LGA1700 ,4.0,8.0,3.5 GHz ,4.7 GHz ,5 MB ,12 MB ,60 W ,Intel UHD Graphics 730 ,192 GB ,Yes ,Yes ,Boxed ,7 nm ,Yes ,Yes: Hyper-Threading ,,,
AMD Ryzen 5 4600G,AMD ,100-100000147BOX ,AMD Ryzen 5 ,Zen 2 ,Renoir ,AM4 ,6.0,12.0,3.7 GHz ,4.2 GHz ,3 MB ,8 MB ,65 W ,Radeon Vega 7 ,128 GB ,No ,Yes ,Boxed ,7 nm ,Yes ,Yes ,,,
Intel Core i9-11900K,Intel ,BX8070811900K ,Intel Core i9 ,Rocket Lake ,Rocket Lake-S ,LGA1200 ,8.0,16.0,3.5 GHz ,5.3 GHz ,4 MB ,16 MB ,125 W ,Intel UHD Graphics 750 ,128 GB ,No ,No ,Boxed ,14 nm ,No ,Yes: Hyper-Threading ,,,
Intel Core i5-8400,Intel ,BX80684I58400 ,Intel Core i5 ,Coffee Lake ,Coffee Lake ,LGA1151 ,6.0,6.0,2.8 GHz ,4 GHz ,1.5 MB ,9 MB ,65 W ,Intel UHD Graphics 630 ,128 GB ,No ,Yes ,Boxed ,14 nm ,Yes ,No ,,,
Intel Core i3-4150,Intel ,BX80646I34150 ,Intel Core i3 ,Haswell Refresh ,Haswell Refresh ,LGA1150 ,2.0,4.0,3.5 GHz ,,0.5 MB ,3 MB ,54 W ,Intel HD Graphics 4400 ,,Yes ,Yes ,Boxed ,22 nm ,Yes ,Yes: Hyper-Threading ,,,
AMD Athlon X2 340,AMD ,AD340XOKHJBOX ,AMD Athlon X2 ,Piledriver ,Trinity ,FM2 ,2.0,2.0,3.2 GHz ,,1 MB ,0 MB ,65 W ,None ,,No ,Yes ,Boxed ,32 nm ,Yes ,No ,,,
Intel Core i7-10700,Intel ,BX8070110700 ,Intel Core i7 ,Comet Lake ,Comet Lake ,LGA1200 ,8.0,16.0,2.9 GHz ,4.8 GHz ,2 MB ,16 MB ,65 W ,Intel UHD Graphics 630 ,128 GB ,No ,Yes ,Boxed ,14 nm ,Yes ,Yes: Hyper-Threading ,,,
Intel Core i7-13700F,Intel ,BX8071513700F ,Intel Core i7 ,Raptor Lake ,Raptor Lake ,LGA1700 ,16.0,24.0,2.1 GHz ,5.2 GHz ,24 MB ,30 MB ,65 W ,None ,192 GB ,Yes ,Yes ,Boxed ,10 nm ,Yes ,Yes: Hyper-Threading ,1.5 GHz ,4.1 GHz ,
AMD Ryzen 7 1700X,AMD ,YD170XBCAEWOF ,AMD Ryzen 7 ,Zen ,Summit Ridge ,AM4 ,8.0,16.0,3.4 GHz ,3.8 GHz ,4 MB ,16 MB ,95 W ,None ,,No ,No ,Boxed ,14 nm ,No ,Yes ,,,
AMD Ryzen 5 1400,AMD ,YD1400BBAEBOX ,AMD Ryzen 5 ,Zen ,Summit Ridge ,AM4 ,4.0,8.0,3.2 GHz ,3.4 GHz ,2 MB ,8 MB ,65 W ,None ,,No ,Yes ,Boxed ,14 nm ,Yes ,Yes ,,,
Intel Core i7-4770,Intel ,BX80646I74770 ,Intel Core i7 ,Haswell ,Haswell ,LGA1150 ,4.0,8.0,3.4 GHz ,3.9 GHz ,1 MB ,8 MB ,84 W ,Intel HD Graphics 4600 ,,No ,Yes ,Boxed ,22 nm ,Yes ,Yes: Hyper-Threading ,,,
Intel Core Ultra 9 285,Intel ,BX80768285 ,Intel Core Ultra 9 ,Arrow Lake ,Arrow Lake ,LGA1851 ,24.0,24.0,2.5 GHz ,5.6 GHz ,40 MB ,36 MB ,65 W ,Intel Xe ,256 GB ,Yes ,Yes ,Boxed ,3 nm ,Yes ,No ,1.9 GHz ,4.6 GHz ,
Intel Core i5-7500,Intel ,BX80677I57500 ,Intel Core i5 ,Kaby Lake ,Kaby Lake-S ,LGA1151 ,4.0,4.0,3.4 GHz ,3.8 GHz ,1 MB ,6 MB ,65 W ,Intel HD Graphics 630 ,64 GB ,No ,Yes ,Boxed ,14 nm ,Yes ,No ,,,
Intel Core Ultra 7 265,Intel ,BX80768265 ,Intel Core Ultra 7 ,Arrow Lake ,Arrow Lake ,LGA1851 ,20.0,20.0,2.4 GHz ,5.3 GHz ,36 MB ,30 MB ,65 W ,Intel Xe ,256 GB ,Yes ,Yes ,Boxed ,3 nm ,Yes ,No ,1.8 GHz ,4.6 GHz ,
Intel Core i5-8600K,Intel ,BX80684I58600K ,Intel Core i5 ,Coffee Lake ,Coffee Lake ,LGA1151 ,6.0,6.0,3.6 GHz ,4.3 GHz ,1.5 MB ,9 MB ,95 W ,Intel UHD Graphics 630 ,128 GB ,No ,No ,Boxed ,14 nm ,No ,No ,,,
Intel Core i7-9700,Intel ,BX80684I79700 ,Intel Core i7 ,Coffee Lake Refresh ,Coffee Lake Refresh ,LGA1151 ,8.0,8.0,3 GHz ,4.7 GHz ,2 MB ,12 MB ,65 W ,Intel HD Graphics 630 ,128 GB ,No ,Yes ,Boxed ,14 nm ,Yes ,No ,,,
Intel Core i5-13500,Intel ,BX8071513500 ,Intel Core i5 ,Raptor Lake ,Raptor Lake ,LGA1700 ,14.0,20.0,2.5 GHz ,4.8 GHz ,11.5 MB ,24 MB ,65 W ,Intel UHD Graphics 770 ,192 GB ,No ,Yes ,Boxed ,10 nm ,Yes ,Yes: Hyper-Threading ,1.8 GHz ,3.5 GHz ,
AMD Athlon 3000G (14nm),AMD ,YD3000C6FHBOX ,AMD Athlon ,Zen ,Raven Ridge ,AM4 ,2.0,4.0,3.5 GHz ,,1 MB ,4 MB ,35 W ,Radeon Vega 3 ,128 GB ,No ,Yes ,Boxed ,14 nm ,Yes ,Yes ,,,
Intel Core i7-11700F,Intel ,BX8070811700F ,Intel Core i7 ,Rocket Lake ,Rocket Lake-S ,LGA1200 ,8.0,16.0,2.5 GHz ,4.9 GHz ,4 MB ,16 MB ,65 W ,None ,128 GB ,No ,Yes ,Boxed ,14 nm ,Yes ,Yes: Hyper-Threading ,,,
Intel Core i5-12500,Intel ,BX8071512500 ,Intel Core i5 ,Alder Lake ,Alder Lake ,LGA1700 ,6.0,12.0,3 GHz ,4.6 GHz ,7.5 MB ,18 MB ,65 W ,Intel UHD Graphics 770 ,128 GB ,No ,Yes ,Boxed ,10 nm ,Yes ,Yes: Hyper-Threading ,,,
Intel Core i7-14700,Intel ,BX8071514700 ,Intel Core i7 ,Raptor Lake Refresh ,Raptor Lake Refresh ,LGA1700 ,20.0,28.0,2.1 GHz ,5.4 GHz ,28 MB ,33 MB ,65 W ,Intel UHD Graphics 770 ,192 GB ,Yes ,Yes ,Boxed ,7 nm ,Yes ,Yes: Hyper-Threading ,1.5 GHz ,4.2 GHz ,
AMD EPYC 4585PX,AMD ,100-100001561WOF ,AMD EPYC ,Zen 5 ,Grado ,AM5 ,16.0,32.0,4.3 GHz ,5.7 GHz ,16 MB ,128 MB ,170 W ,Radeon ,,Yes ,No ,Boxed ,4 nm ,No ,Yes ,,,
Intel Core i7-3770,Intel ,BX80637I73770 ,Intel Core i7 ,Ivy Bridge ,Ivy Bridge ,LGA1155 ,4.0,8.0,3.4 GHz ,,1 MB ,8 MB ,77 W ,Intel HD Graphics 4000 ,,No ,Yes ,Boxed ,22 nm ,Yes ,Yes: Hyper-Threading ,,,
Intel Core i9-13900KF,Intel , BX8071513900KF | i7-13900KF | ,Intel Core i9 ,Raptor Lake ,Raptor Lake ,LGA1700 ,24.0,32.0,3 GHz ,5.8 GHz ,32 MB ,36 MB ,125 W ,None ,192 GB ,No ,No ,Boxed ,10 nm ,No ,Yes: Hyper-Threading ,2.2 GHz ,4.3 GHz ,
Intel Core i7-12700,Intel ,BX8071512700 ,Intel Core i7 ,Alder Lake ,Alder Lake ,LGA1700 ,12.0,20.0,2.1 GHz ,4.9 GHz ,12 MB ,25 MB ,65 W ,Intel UHD Graphics 770 ,128 GB ,No ,Yes ,Boxed ,10 nm ,Yes ,Yes: Hyper-Threading ,1.6 GHz ,3.6 GHz ,
AMD Ryzen 5 3500X,AMD ,100-000000158 ,AMD Ryzen 5 ,Zen 2 ,Matisse ,AM4 ,6.0,6.0,3.6 GHz ,4.1 GHz ,3 MB ,32 MB ,65 W ,None ,128 GB ,No ,Yes ,Boxed ,7 nm ,Yes ,No ,,,
Intel Core i3-10100F,Intel ,BX8070110100F ,Intel Core i3 ,Comet Lake ,Comet Lake ,LGA1200 ,4.0,8.0,3.6 GHz ,4.3 GHz ,1 MB ,6 MB ,65 W ,None ,128 GB ,No ,Yes ,Boxed ,14 nm ,Yes ,Yes: Hyper-Threading ,,,
Intel Core i7-4790,Intel ,CM8064601560113 ,Intel Core i7 ,Haswell Refresh ,Haswell Refresh ,LGA1150 ,4.0,8.0,3.6 GHz ,4 GHz ,1 MB ,8 MB ,84 W ,Intel HD Graphics 4600 ,,No ,No ,OEM/Tray ,22 nm ,No ,Yes: Hyper-Threading ,,,
AMD Ryzen 5 1600 (12nm),AMD ,YD1600BBAFBOX ,AMD Ryzen 5 ,Zen+ ,Pinnacle Ridge ,AM4 ,6.0,12.0,3.2 GHz ,3.6 GHz ,3 MB ,16 MB ,65 W ,None ,,No ,Yes ,Boxed ,12 nm ,Yes ,Yes ,,,
AMD Ryzen 5 7500X3D,AMD ,100-000001904 ,AMD Ryzen 5 ,Zen 4 ,Raphael ,AM5 ,6.0,12.0,4 GHz ,4.5 GHz ,6 MB ,96 MB ,65 W ,Radeon ,128 GB ,Yes ,No ,OEM/Tray ,5 nm ,No ,Yes ,,,
AMD Ryzen 7 2700,AMD ,YD2700BBAFBOX ,AMD Ryzen 7 ,Zen+ ,Pinnacle Ridge ,AM4 ,8.0,16.0,3.2 GHz ,4.1 GHz ,4 MB ,16 MB ,65 W ,None ,64 GB ,No ,Yes ,Boxed ,12 nm ,Yes ,Yes ,,,
Intel Core i5-11600K,Intel ,BX8070811600K ,Intel Core i5 ,Rocket Lake ,Rocket Lake-S ,LGA1200 ,6.0,12.0,3.9 GHz ,4.9 GHz ,3 MB ,12 MB ,125 W ,Intel UHD Graphics 750 ,128 GB ,No ,No ,Boxed ,14 nm ,No ,Yes: Hyper-Threading ,,,
Intel Core i5-11400,Intel ,BX8070811400 ,Intel Core i5 ,Rocket Lake ,Rocket Lake-S ,LGA1200 ,6.0,12.0,2.6 GHz ,4.4 GHz ,3 MB ,12 MB ,65 W ,Intel UHD Graphics 730 ,128 GB ,No ,Yes ,Boxed ,14 nm ,Yes ,Yes: Hyper-Threading ,,,
Intel Core i5-6600K,Intel ,BX80662I56600K ,Intel Core i5 ,Skylake ,Skylake-S ,LGA1151 ,4.0,4.0,3.5 GHz ,3.9 GHz ,1 MB ,6 MB ,91 W ,Intel HD Graphics 530 ,,No ,No ,Boxed ,14 nm ,No ,No ,,,
Intel Core i9-10850K,Intel ,BX8070110850K ,Intel Core i9 ,Comet Lake ,Comet Lake ,LGA1200 ,10.0,20.0,3.6 GHz ,5.2 GHz ,2.5 MB ,20 MB ,125 W ,Intel UHD Graphics 630 ,128 GB ,No ,No ,Boxed ,14 nm ,No ,Yes: Hyper-Threading ,,,
Intel Core i7-6800K,Intel ,BX80671I76800K ,Intel Core i7 ,Broadwell ,Broadwell-E ,LGA2011-3 ,6.0,12.0,3.4 GHz ,3.6 GHz ,1.5 MB ,15 MB ,140 W ,None ,,No ,No ,Boxed ,14 nm ,No ,Yes: Hyper-Threading ,,,
AMD Ryzen 7 1700,AMD ,YD1700BBAEBOX ,AMD Ryzen 7 ,Zen ,Summit Ridge ,AM4 ,8.0,16.0,3 GHz ,3.7 GHz ,4 MB ,16 MB ,65 W ,None ,,No ,Yes ,Boxed ,14 nm ,Yes ,Yes ,,,
Intel Core i3-13100F,Intel ,BX8071513100F ,Intel Core i3 ,Raptor Lake ,Raptor Lake ,LGA1700 ,4.0,8.0,3.4 GHz ,4.5 GHz ,5 MB ,12 MB ,58 W ,None ,192 GB ,No ,Yes ,Boxed ,10 nm ,Yes ,Yes: Hyper-Threading ,,,
Intel Core i5-10600K,Intel ,BX8070110600K ,Intel Core i5 ,Comet Lake ,Comet Lake ,LGA1200 ,6.0,12.0,4.1 GHz ,4.8 GHz ,1.5 MB ,12 MB ,125 W ,Intel UHD Graphics 630 ,128 GB ,No ,No ,Boxed ,14 nm ,No ,Yes: Hyper-Threading ,,,
Intel Core i5-11600KF,Intel ,BX8070811600KF ,Intel Core i5 ,Rocket Lake ,Rocket Lake-S ,LGA1200 ,6.0,12.0,3.9 GHz ,4.9 GHz ,3 MB ,12 MB ,125 W ,None ,128 GB ,No ,No ,Boxed ,14 nm ,No ,Yes: Hyper-Threading ,,,
Intel Core i7-3770K,Intel ,BX80637I73770K ,Intel Core i7 ,Ivy Bridge ,Ivy Bridge ,LGA1155 ,4.0,8.0,3.5 GHz ,,1 MB ,8 MB ,77 W ,Intel HD Graphics 4000 ,,No ,Yes ,Boxed ,22 nm ,Yes ,Yes: Hyper-Threading ,,,
AMD Ryzen 5 3600,AMD ,100-100000031SBX ,AMD Ryzen 5 ,Zen 2 ,Matisse ,AM4 ,6.0,12.0,3.6 GHz ,4.2 GHz ,3 MB ,32 MB ,65 W ,None ,128 GB ,No ,Yes ,Boxed ,7 nm ,Yes ,Yes ,,,
Intel Core i5-13400,Intel ,BX8071513400 ,Intel Core i5 ,Raptor Lake ,Raptor Lake ,LGA1700 ,10.0,16.0,2.5 GHz ,4.6 GHz ,9.5 MB ,20 MB ,65 W ,Intel UHD Graphics 730 ,192 GB ,No ,Yes ,Boxed ,10 nm ,Yes ,Yes: Hyper-Threading ,1.8 GHz ,3.3 GHz ,
Intel Core i9-9900KF,Intel ,BX80684I99900KF ,Intel Core i9 ,Coffee Lake Refresh ,Coffee Lake Refresh ,LGA1151 ,8.0,16.0,3.6 GHz ,5 GHz ,2 MB ,16 MB ,95 W ,None ,128 GB ,No ,No ,Boxed ,14 nm ,No ,Yes: Hyper-Threading ,,,
AMD Ryzen 3 2200G,AMD ,YD2200C5FBBOX ,AMD Ryzen 3 ,Zen ,Raven Ridge ,AM4 ,4.0,4.0,3.5 GHz ,3.7 GHz ,2 MB ,4 MB ,65 W ,Radeon Vega 8 ,,No ,Yes ,Boxed ,14 nm ,Yes ,No ,,,
AMD Ryzen 5 2400G,AMD ,YD2400C5FBBOX ,AMD Ryzen 5 ,Zen ,Raven Ridge ,AM4 ,4.0,8.0,3.6 GHz ,3.9 GHz ,2 MB ,4 MB ,65 W ,Radeon Vega 11 ,,No ,Yes ,Boxed ,14 nm ,Yes ,Yes ,,,
Intel Core i7-6950X,Intel ,CM8067102055800 ,Intel Core i7 Extreme ,Broadwell ,Broadwell-E ,LGA2011-3 ,10.0,20.0,3 GHz ,3.5 GHz ,2.5 MB ,25 MB ,140 W ,None ,,No ,No ,OEM/Tray ,14 nm ,No ,Yes: Hyper-Threading ,,,
Intel Core i3-8100,Intel ,BX80684I38100 ,Intel Core i3 ,Coffee Lake ,Coffee Lake ,LGA1151 ,4.0,4.0,3.6 GHz ,,1 MB ,6 MB ,65 W ,Intel UHD Graphics 630 ,64 GB ,Yes ,Yes ,Boxed ,14 nm ,Yes ,No ,,,
AMD Ryzen 9 3900XT,AMD ,100-100000277WOF ,AMD Ryzen 9 ,Zen 2 ,Matisse ,AM4 ,12.0,24.0,3.8 GHz ,4.7 GHz ,6 MB ,64 MB ,105 W ,None ,128 GB ,No ,No ,Boxed ,7 nm ,No ,Yes ,,,
Intel Core i7-9700F,Intel ,BX80684I79700F ,Intel Core i7 ,Coffee Lake Refresh ,Coffee Lake Refresh ,LGA1151 ,8.0,8.0,3 GHz ,4.7 GHz ,2 MB ,12 MB ,65 W ,None ,128 GB ,No ,Yes ,Boxed ,14 nm ,Yes ,No ,,,
Intel Core i9-13900KS,Intel ,BX8071513900KS ,Intel Core i9 ,Raptor Lake ,Raptor Lake ,LGA1700 ,24.0,32.0,3 GHz ,6 GHz ,32 MB ,36 MB ,150 W ,Intel UHD Graphics 770 ,192 GB ,Yes ,No ,Boxed ,10 nm ,No ,Yes: Hyper-Threading ,2.4 GHz ,4.3 GHz ,
AMD Ryzen 5 5600X3D,AMD , 100-100001176WO | 100-100001176WOF | ,AMD Ryzen 5 ,Zen 3 ,Vermeer-X ,AM4 ,6.0,12.0,3.3 GHz ,4.4 GHz ,3 MB ,96 MB ,105 W ,None ,128 GB ,No ,No ,Boxed ,7 nm ,No ,Yes ,,,
Intel Core i3-9100F,Intel ,BX80684i39100F ,Intel Core i3 ,Coffee Lake Refresh ,Coffee Lake Refresh ,LGA1151 ,4.0,4.0,3.6 GHz ,4.2 GHz ,1 MB ,6 MB ,65 W ,None ,64 GB ,Yes ,Yes ,Boxed ,14 nm ,Yes ,No ,,,
Intel Core i5-8500,Intel ,BX80684I58500 ,Intel Core i5 ,Coffee Lake ,Coffee Lake ,LGA1151 ,6.0,6.0,3 GHz ,4.1 GHz ,1.5 MB ,9 MB ,65 W ,Intel UHD Graphics 630 ,128 GB ,No ,Yes ,Boxed ,14 nm ,Yes ,No ,,,
Intel Core Ultra 5 235,Intel ,BX80768235 ,Intel Core Ultra 5 ,Arrow Lake ,Arrow Lake ,LGA1851 ,14.0,14.0,3.4 GHz ,5 GHz ,26 MB ,24 MB ,65 W ,Intel Xe ,256 GB ,Yes ,Yes ,Boxed ,3 nm ,Yes ,No ,2.9 GHz ,4.4 GHz ,
Intel Core i5-9400,Intel ,BX80684I59400 ,Intel Core i5 ,Coffee Lake Refresh ,Coffee Lake Refresh ,LGA1151 ,6.0,6.0,2.9 GHz ,4.1 GHz ,1.5 MB ,9 MB ,65 W ,Intel UHD Graphics 630 ,128 GB ,No ,Yes ,Boxed ,14 nm ,Yes ,No ,,,
Intel Core i9-12900KS,Intel ,BX8071512900KS ,Intel Core i9 ,Alder Lake ,Alder Lake ,LGA1700 ,16.0,24.0,3.4 GHz ,5.5 GHz ,14 MB ,30 MB ,150 W ,Intel UHD Graphics 770 ,128 GB ,No ,No ,Boxed ,10 nm ,No ,Yes: Hyper-Threading ,2.5 GHz ,4 GHz ,
AMD Ryzen 7 3700X,AMD ,100-000000071 ,AMD Ryzen 7 ,Zen 2 ,Matisse ,AM4 ,8.0,16.0,3.6 GHz ,4.4 GHz ,4 MB ,32 MB ,65 W ,None ,128 GB ,No ,No ,OEM/Tray ,7 nm ,No ,Yes ,,,
Intel Core i7-4770K,Intel ,BX80646I74770K ,Intel Core i7 ,Haswell ,Haswell ,LGA1150 ,4.0,8.0,3.5 GHz ,3.9 GHz ,1 MB ,8 MB ,84 W ,Intel HD Graphics 4600 ,,No ,Yes ,Boxed ,22 nm ,Yes ,Yes: Hyper-Threading ,,,
AMD Ryzen 5 3500,AMD ,100-000000050 ,AMD Ryzen 5 ,Zen 2 ,Matisse ,AM4 ,6.0,6.0,3.6 GHz ,4.1 GHz ,3 MB ,32 MB ,65 W ,None ,128 GB ,No ,Yes ,Boxed ,7 nm ,Yes ,No ,,,
AMD FX-6300,AMD ,FD6300WMHKBOX ,AMD FX ,Piledriver ,Vishera ,AM3+ ,6.0,6.0,3.5 GHz ,,6 MB ,8 MB ,95 W ,None ,,No ,Yes ,Boxed ,32 nm ,Yes ,No ,,,
Intel Core i5-7400,Intel ,BX80677I57400 ,Intel Core i5 ,Kaby Lake ,Kaby Lake-S ,LGA1151 ,4.0,4.0,3 GHz ,3.5 GHz ,1 MB ,6 MB ,65 W ,Intel HD Graphics 630 ,64 GB ,No ,Yes ,Boxed ,14 nm ,Yes ,No ,,,
Intel Core i5-14500,Intel ,BX8071514500 ,Intel Core i5 ,Raptor Lake Refresh ,Raptor Lake Refresh ,LGA1700 ,14.0,20.0,2.6 GHz ,5 GHz ,11.5 MB ,24 MB ,65 W ,Intel UHD Graphics 770 ,192 GB ,Yes ,Yes ,Boxed ,7 nm ,Yes ,Yes: Hyper-Threading ,1.9 GHz ,3.7 GHz ,
Intel Core i3-6100,Intel ,BX80662I36100 ,Intel Core i3 ,Skylake ,Skylake-S ,LGA1151 ,2.0,4.0,3.7 GHz ,,0.5 MB ,3 MB ,51 W ,Intel HD Graphics 530 ,64 GB ,Yes ,Yes ,Boxed ,14 nm ,Yes ,Yes: Hyper-Threading ,,,
Intel Core i5-3470,Intel ,BX80637i53470 ,Intel Core i5 ,Ivy Bridge ,Ivy Bridge ,LGA1155 ,4.0,4.0,3.2 GHz ,,1 MB ,6 MB ,77 W ,Intel HD Graphics 2500 ,,No ,Yes ,Boxed ,22 nm ,Yes ,No ,,,
Intel Core i5-4590,Intel ,BX80646I54590 ,Intel Core i5 ,Haswell Refresh ,Haswell Refresh ,LGA1150 ,4.0,4.0,3.3 GHz ,3.7 GHz ,1 MB ,6 MB ,84 W ,Intel HD Graphics 4600 ,,No ,Yes ,Boxed ,22 nm ,Yes ,No ,,,
Intel Core i3-10100,Intel ,BX8070110100 ,Intel Core i3 ,Comet Lake ,Comet Lake ,LGA1200 ,4.0,8.0,3.6 GHz ,4.3 GHz ,1 MB ,6 MB ,65 W ,Intel UHD Graphics 630 ,128 GB ,No ,Yes ,Boxed ,14 nm ,Yes ,Yes: Hyper-Threading ,,,
Intel Core i5-7600K,Intel ,BX80677I57600K ,Intel Core i5 ,Kaby Lake ,Kaby Lake-S ,LGA1151 ,4.0,4.0,3.8 GHz ,4.2 GHz ,1 MB ,6 MB ,91 W ,Intel HD Graphics 630 ,64 GB ,No ,No ,Boxed ,14 nm ,No ,No ,,,
Intel Core i5-10500,Intel ,BX8070110500 ,Intel Core i5 ,Comet Lake ,Comet Lake ,LGA1200 ,6.0,12.0,3.1 GHz ,4.5 GHz ,1.5 MB ,12 MB ,65 W ,Intel UHD Graphics 630 ,128 GB ,No ,Yes ,Boxed ,14 nm ,Yes ,Yes: Hyper-Threading ,,,
Intel Core i7-11700,Intel ,BX8070811700 ,Intel Core i7 ,Rocket Lake ,Rocket Lake-S ,LGA1200 ,8.0,16.0,2.5 GHz ,4.9 GHz ,4 MB ,16 MB ,65 W ,Intel UHD Graphics 750 ,128 GB ,No ,Yes ,Boxed ,14 nm ,Yes ,Yes: Hyper-Threading ,,,
AMD Ryzen 5 7400F,AMD ,100-000001845 ,AMD Ryzen 5 ,Zen 4 ,Raphael ,AM5 ,6.0,12.0,3.7 GHz ,4.7 GHz ,6 MB ,32 MB ,65 W ,None ,128 GB ,Yes ,No ,OEM/Tray ,5 nm ,No ,Yes ,,,
Intel Core i9-10900KF,Intel ,BX8070110900KF ,Intel Core i9 ,Comet Lake ,Comet Lake ,LGA1200 ,10.0,20.0,3.7 GHz ,5.3 GHz ,2.5 MB ,20 MB ,125 W ,None ,128 GB ,No ,No ,Boxed ,14 nm ,No ,Yes: Hyper-Threading ,,,
Intel Core i3-10105F,Intel ,BX8070110105F ,Intel Core i3 ,Comet Lake ,Comet Lake ,LGA1200 ,4.0,8.0,3.7 GHz ,4.4 GHz ,1 MB ,6 MB ,65 W ,None ,128 GB ,No ,Yes ,Boxed ,14 nm ,Yes ,Yes: Hyper-Threading ,,,
Intel Core i7-10700KF,Intel ,BX8070110700KF ,Intel Core i7 ,Comet Lake ,Comet Lake ,LGA1200 ,8.0,16.0,3.8 GHz ,5.1 GHz ,2 MB ,16 MB ,125 W ,None ,128 GB ,No ,No ,Boxed ,14 nm ,No ,Yes: Hyper-Threading ,,,
Intel Core i7-11700KF,Intel ,BX8070811700KF ,Intel Core i7 ,Rocket Lake ,Rocket Lake-S ,LGA1200 ,8.0,16.0,3.6 GHz ,5 GHz ,4 MB ,16 MB ,125 W ,None ,128 GB ,No ,No ,Boxed ,14 nm ,No ,Yes: Hyper-Threading ,,,
AMD Ryzen 5 5500X3D,AMD ,100-000001504 ,AMD Ryzen 5 ,Zen 3 ,Vermeer-X ,AM4 ,6.0,12.0,3 GHz ,4 GHz ,3 MB ,96 MB ,105 W ,None ,128 GB ,Yes ,No ,OEM/Tray ,7 nm ,No ,Yes ,,,
Intel Xeon E5-2690 V2,Intel ,BX80635E52690V2 ,Intel Xeon E5 ,Ivy Bridge ,Ivy Bridge-EP ,LGA2011 ,10.0,20.0,3 GHz ,3.6 GHz ,2.5 MB ,25 MB ,130 W ,None ,,Yes ,No ,Boxed ,22 nm ,No ,Yes: Hyper-Threading ,,,
Intel Core i5-4460,Intel ,BX80646I54460 ,Intel Core i5 ,Haswell Refresh ,Haswell Refresh ,LGA1150 ,4.0,4.0,3.2 GHz ,3.4 GHz ,1 MB ,6 MB ,84 W ,Intel HD Graphics 4600 ,,No ,Yes ,Boxed ,22 nm ,Yes ,No ,,,
Intel Core i9-9900KS,Intel ,BX80684I99900KS ,Intel Core i9 ,Coffee Lake Refresh ,Coffee Lake Refresh ,LGA1151 ,8.0,16.0,4 GHz ,5 GHz ,2 MB ,16 MB ,127 W ,Intel UHD Graphics 630 ,128 GB ,No ,No ,Boxed ,14 nm ,No ,Yes: Hyper-Threading ,,,
AMD FX-8350,AMD ,FD8350FRHKBOX ,AMD FX ,Piledriver ,Vishera ,AM3+ ,8.0,8.0,4 GHz ,,8 MB ,8 MB ,125 W ,None ,,No ,Yes ,Boxed ,32 nm ,Yes ,No ,,,
Intel Core i9-14900F,Intel ,BX8071514900F ,Intel Core i9 ,Raptor Lake Refresh ,Raptor Lake Refresh ,LGA1700 ,24.0,32.0,2 GHz ,5.8 GHz ,32 MB ,36 MB ,65 W ,None ,192 GB ,Yes ,Yes ,Boxed ,7 nm ,Yes ,Yes: Hyper-Threading ,1.5 GHz ,4.3 GHz ,
Intel Core i5-4570,Intel ,BX80646I54570 ,Intel Core i5 ,Haswell ,Haswell ,LGA1150 ,4.0,4.0,3.2 GHz ,,1 MB ,6 MB ,84 W ,Intel HD Graphics 4600 ,,No ,Yes ,Boxed ,22 nm ,Yes ,No ,,,
Intel Core i3-4130,Intel ,BX80646I34130 ,Intel Core i3 ,Haswell ,Haswell ,LGA1150 ,2.0,4.0,3.4 GHz ,,0.5 MB ,3 MB ,54 W ,Intel HD Graphics 4400 ,,Yes ,Yes ,Boxed ,22 nm ,Yes ,Yes: Hyper-Threading ,,,
AMD Ryzen 5 3600XT,AMD ,100-100000281BOX ,AMD Ryzen 5 ,Zen 2 ,Matisse ,AM4 ,6.0,12.0,3.8 GHz ,4.5 GHz ,3 MB ,32 MB ,95 W ,None ,128 GB ,No ,Yes ,Boxed ,7 nm ,Yes ,Yes ,,,
Intel Core i9-9980XE,Intel ,CD8067304126600 ,Intel Core i9 ,Skylake ,Skylake-X ,LGA2066 ,18.0,36.0,3 GHz ,4.4 GHz ,18 MB ,24.75 MB ,165 W ,None ,128 GB ,No ,No ,OEM/Tray ,14 nm ,No ,Yes: Hyper-Threading ,,,
AMD Ryzen 5 1600X,AMD ,YD160XBCAEWOF ,AMD Ryzen 5 ,Zen ,Summit Ridge ,AM4 ,6.0,12.0,3.6 GHz ,4 GHz ,3 MB ,16 MB ,95 W ,None ,,No ,No ,Boxed ,14 nm ,No ,Yes ,,,
Intel Core i3-7100T,Intel ,CM8067703015913 ,Intel Core i3 ,Kaby Lake ,Kaby Lake-S ,LGA1151 ,2.0,4.0,3.4 GHz ,,0.5 MB ,3 MB ,35 W ,Intel HD Graphics 630 ,64 GB ,Yes ,No ,OEM/Tray ,14 nm ,No ,Yes: Hyper-Threading ,,,
Intel Celeron G5905,Intel ,CM8070104292115 ,Intel Celeron ,Comet Lake ,Comet Lake ,LGA1200 ,2.0,2.0,3.5 GHz ,,0.5 MB ,4 MB ,58 W ,Intel UHD Graphics 610 ,128 GB ,No ,No ,OEM/Tray ,14 nm ,No ,No ,,,
AMD Ryzen 7 3800XT,AMD ,100-100000279WOF ,AMD Ryzen 7 ,Zen 2 ,Matisse ,AM4 ,8.0,16.0,3.9 GHz ,4.7 GHz ,4 MB ,32 MB ,105 W ,None ,128 GB ,No ,No ,Boxed ,7 nm ,No ,Yes ,,,
Intel Core i5-6400,Intel ,BX80662I56400 ,Intel Core i5 ,Skylake ,Skylake-S ,LGA1151 ,4.0,4.0,2.7 GHz ,3.3 GHz ,1 MB ,6 MB ,65 W ,Intel HD Graphics 530 ,64 GB ,No ,Yes ,Boxed ,14 nm ,Yes ,No ,,,
AMD Ryzen 5 3600,AMD ,100-000000031 ,AMD Ryzen 5 ,Zen 2 ,Matisse ,AM4 ,6.0,12.0,3.6 GHz ,4.2 GHz ,3 MB ,32 MB ,65 W ,None ,128 GB ,No ,No ,OEM/Tray ,7 nm ,No ,Yes ,,,
AMD EPYC 4565P,AMD ,100-100001559WOF ,AMD EPYC ,Zen 5 ,Grado ,AM5 ,16.0,32.0,4.3 GHz ,5.7 GHz ,16 MB ,64 MB ,170 W ,Radeon ,,Yes ,No ,Boxed ,4 nm ,No ,Yes ,,,
AMD Athlon II X2 240,AMD ,ADX240OCK23GQ ,AMD Athlon II X2 ,K10 ,Regor ,AM3 ,2.0,2.0,2.8 GHz ,,2 MB ,0 MB ,65 W ,None ,,No ,No ,OEM/Tray ,45 nm ,No ,No ,,,
Intel Core i3-13100,Intel ,BX8071513100 ,Intel Core i3 ,Raptor Lake ,Raptor Lake ,LGA1700 ,4.0,8.0,3.4 GHz ,4.5 GHz ,5 MB ,12 MB ,60 W ,Intel UHD Graphics 730 ,192 GB ,No ,Yes ,Boxed ,10 nm ,Yes ,Yes: Hyper-Threading ,,,
Intel Core i9-11900KF,Intel ,BX8070811900KF ,Intel Core i9 ,Rocket Lake ,Rocket Lake-S ,LGA1200 ,8.0,16.0,3.5 GHz ,5.3 GHz ,4 MB ,16 MB ,125 W ,None ,128 GB ,No ,No ,Boxed ,14 nm ,No ,Yes: Hyper-Threading ,,,
AMD Threadripper 2920X,AMD ,YD292XA8AFWOF ,AMD Threadripper ,Zen+ ,Colfax ,sTR4 ,12.0,24.0,3.5 GHz ,4.3 GHz ,6 MB ,32 MB ,180 W ,None ,1024 GB ,Yes ,No ,Boxed ,12 nm ,No ,Yes ,,,
AMD Ryzen 5 1500X,AMD ,YD150XBBAEBOX ,AMD Ryzen 5 ,Zen ,Summit Ridge ,AM4 ,4.0,8.0,3.5 GHz ,3.7 GHz ,2 MB ,16 MB ,65 W ,None ,,No ,Yes ,Boxed ,14 nm ,Yes ,Yes ,,,
Intel Pentium Gold G5420,Intel ,BX80684G5420 ,Intel Pentium Gold ,Coffee Lake ,Coffee Lake ,LGA1151 ,2.0,4.0,3.8 GHz ,,0.5 MB ,4 MB ,54 W ,Intel UHD Graphics 610 ,64 GB ,Yes ,Yes ,Boxed ,14 nm ,Yes ,Yes: Hyper-Threading ,,,
Intel Core i7-4790K,Intel ,CM8064601710501 ,Intel Core i7 ,Haswell Refresh ,Haswell Refresh ,LGA1150 ,4.0,8.0,4 GHz ,4.4 GHz ,1 MB ,8 MB ,88 W ,Intel HD Graphics 4600 ,,No ,Yes ,OEM/Tray ,22 nm ,Yes ,Yes: Hyper-Threading ,,,
Intel Core i7-8700K,Intel ,CM8068403358220 ,Intel Core i7 ,Coffee Lake ,Coffee Lake ,LGA1151 ,6.0,12.0,3.7 GHz ,4.7 GHz ,1.5 MB ,12 MB ,95 W ,Intel UHD Graphics 630 ,128 GB ,No ,No ,OEM/Tray ,14 nm ,No ,Yes: Hyper-Threading ,,,
Intel Core i5-9500,Intel ,BX80684I59500 ,Intel Core i5 ,Coffee Lake Refresh ,Coffee Lake Refresh ,LGA1151 ,6.0,6.0,3 GHz ,4.4 GHz ,1.5 MB ,9 MB ,65 W ,Intel UHD Graphics 630 ,128 GB ,No ,Yes ,Boxed ,14 nm ,Yes ,No ,,,
Intel Core i5-4690K,Intel ,BX80646I54690K ,Intel Core i5 ,Haswell Refresh ,Haswell Refresh ,LGA1150 ,4.0,4.0,3.5 GHz ,3.9 GHz ,1 MB ,6 MB ,88 W ,Intel HD Graphics 4600 ,,No ,Yes ,Boxed ,22 nm ,Yes ,No ,,,
Intel Core i5-10600KF,Intel ,BX8070110600KF ,Intel Core i5 ,Comet Lake ,Comet Lake ,LGA1200 ,6.0,12.0,4.1 GHz ,4.8 GHz ,1.5 MB ,12 MB ,125 W ,None ,128 GB ,No ,No ,Boxed ,14 nm ,No ,Yes: Hyper-Threading ,,,
Intel Core i7-13700,Intel ,BX8071513700 ,Intel Core i7 ,Raptor Lake ,Raptor Lake ,LGA1700 ,16.0,24.0,2.1 GHz ,5.2 GHz ,24 MB ,30 MB ,65 W ,Intel UHD Graphics 770 ,192 GB ,Yes ,Yes ,Boxed ,10 nm ,Yes ,Yes: Hyper-Threading ,1.5 GHz ,4.1 GHz ,
AMD Ryzen 3 1200 (14nm),AMD ,YD1200BBAEBOX ,AMD Ryzen 3 ,Zen ,Summit Ridge ,AM4 ,4.0,4.0,3.1 GHz ,3.4 GHz ,2 MB ,8 MB ,65 W ,None ,,No ,Yes ,Boxed ,14 nm ,Yes ,No ,,,
Intel Core i9-10980XE,Intel ,BX8069510980XE ,Intel Core i9 ,Cascade Lake ,Cascade Lake-X ,LGA2066 ,18.0,36.0,3 GHz ,4.8 GHz ,18 MB ,24.75 MB ,165 W ,None ,256 GB ,No ,No ,Boxed ,14 nm ,No ,Yes: Hyper-Threading ,,,
AMD Ryzen 3 3300X,AMD ,100-100000159BOX ,AMD Ryzen 3 ,Zen 2 ,Matisse ,AM4 ,4.0,8.0,3.8 GHz ,4.3 GHz ,2 MB ,16 MB ,65 W ,None ,128 GB ,No ,Yes ,Boxed ,7 nm ,Yes ,Yes ,,,
AMD Ryzen 7 1800X,AMD ,YD180XBCAEWOF ,AMD Ryzen 7 ,Zen ,Summit Ridge ,AM4 ,8.0,16.0,3.6 GHz ,4 GHz ,4 MB ,16 MB ,95 W ,None ,,No ,No ,Boxed ,14 nm ,No ,Yes ,,,
Intel Celeron 420,Intel ,HH80557RG025512 ,Intel Celeron ,Core ,Conroe ,LGA775 ,1.0,1.0,1.6 GHz ,,0.5 MB ,0 MB ,35 W ,None ,,No ,No ,OEM/Tray ,65 nm ,No ,No ,,,
Intel Celeron G5900,Intel ,BX80701G5900 ,Intel Celeron ,Comet Lake ,Comet Lake ,LGA1200 ,2.0,2.0,3.4 GHz ,,0.5 MB ,4 MB ,58 W ,Intel UHD Graphics 610 ,128 GB ,No ,Yes ,Boxed ,14 nm ,Yes ,No ,,,
AMD EPYC 4545P,AMD ,100-100001764WOF ,AMD EPYC ,Zen 5 ,Grado ,AM5 ,16.0,32.0,3 GHz ,5.4 GHz ,16 MB ,64 MB ,65 W ,Radeon ,,Yes ,No ,Boxed ,4 nm ,No ,Yes ,,,
Intel Core i9-13900,Intel ,BX8071513900 ,Intel Core i9 ,Raptor Lake ,Raptor Lake ,LGA1700 ,24.0,32.0,2 GHz ,5.6 GHz ,32 MB ,36 MB ,65 W ,Intel UHD Graphics 770 ,192 GB ,Yes ,Yes ,Boxed ,10 nm ,Yes ,Yes: Hyper-Threading ,2.2 GHz ,4.2 GHz ,
Intel Core i7-9700KF,Intel ,BX80684I79700KF ,Intel Core i7 ,Coffee Lake Refresh ,Coffee Lake Refresh ,LGA1151 ,8.0,8.0,3.6 GHz ,4.9 GHz ,2 MB ,12 MB ,95 W ,None ,128 GB ,No ,No ,Boxed ,14 nm ,No ,No ,,,
Intel Core i7-2600,Intel ,BX80623I72600 ,Intel Core i7 ,Sandy Bridge ,Sandy Bridge ,LGA1155 ,4.0,8.0,3.4 GHz ,,1 MB ,8 MB ,95 W ,Intel HD Graphics 2000 ,,No ,Yes ,Boxed ,32 nm ,Yes ,Yes: Hyper-Threading ,,,
Intel Core i5-2400,Intel ,BX80623I52400 ,Intel Core i5 ,Sandy Bridge ,Sandy Bridge ,LGA1155 ,4.0,4.0,3.1 GHz ,,0.5 MB ,6 MB ,95 W ,Intel HD Graphics 2000 ,,No ,Yes ,Boxed ,32 nm ,Yes ,No ,,,
Intel Xeon E-2124,Intel ,BX80684E2124 ,Intel Xeon E ,Coffee Lake ,Coffee Lake ,LGA1151 ,4.0,4.0,3.3 GHz ,4.3 GHz ,1 MB ,8 MB ,71 W ,None ,64 GB ,Yes ,No ,Boxed ,14 nm ,No ,No ,,,
Intel Core i9-14900,Intel ,BX8071514900 ,Intel Core i9 ,Raptor Lake Refresh ,Raptor Lake Refresh ,LGA1700 ,24.0,32.0,2 GHz ,5.8 GHz ,32 MB ,36 MB ,65 W ,Intel UHD Graphics 770 ,192 GB ,Yes ,Yes ,Boxed ,7 nm ,Yes ,Yes: Hyper-Threading ,1.5 GHz ,4.3 GHz ,
Intel Core i5-9600KF,Intel ,BX80684I59600KF ,Intel Core i5 ,Coffee Lake Refresh ,Coffee Lake Refresh ,LGA1151 ,6.0,6.0,3.7 GHz ,4.6 GHz ,1.5 MB ,12 MB ,95 W ,None ,128 GB ,No ,No ,Boxed ,14 nm ,No ,No ,,,
AMD FX-6350,AMD ,FD6350FRHKHBX ,AMD FX ,Piledriver ,Vishera ,AM3+ ,6.0,6.0,3.9 GHz ,,6 MB ,8 MB ,125 W ,None ,,No ,Yes ,Boxed ,32 nm ,Yes ,No ,,,
Intel Core i3-7100,Intel ,BX80677I37100 ,Intel Core i3 ,Kaby Lake ,Kaby Lake-S ,LGA1151 ,2.0,4.0,3.9 GHz ,,0.5 MB ,3 MB ,51 W ,Intel HD Graphics 630 ,64 GB ,Yes ,Yes ,Boxed ,14 nm ,Yes ,Yes: Hyper-Threading ,,,
Intel Pentium G4400,Intel ,BX80662G4400 ,Intel Pentium ,Skylake ,Skylake-S ,LGA1151 ,2.0,2.0,3.3 GHz ,,0.5 MB ,3 MB ,54 W ,Intel HD Graphics 510 ,64 GB ,Yes ,Yes ,Boxed ,14 nm ,Yes ,No ,,,
Intel Celeron G3930,Intel ,CM8067703015717 ,Intel Celeron ,Kaby Lake ,Kaby Lake-S ,LGA1151 ,2.0,2.0,2.9 GHz ,,0.5 MB ,2 MB ,51 W ,Intel HD Graphics 610 ,64 GB ,Yes ,No ,OEM/Tray ,14 nm ,No ,No ,,,
Intel Xeon E5-1650 V4,Intel ,CM8066002044306 ,Intel Xeon E5 ,Broadwell ,Broadwell-EP ,LGA2011-3 ,6.0,12.0,3.6 GHz ,4 GHz ,1.5 MB ,15 MB ,140 W ,None ,1536 GB ,Yes ,No ,OEM/Tray ,14 nm ,No ,Yes: Hyper-Threading ,,,
Intel Core i5-4670K,Intel ,BX80646I54670K ,Intel Core i5 ,Haswell ,Haswell ,LGA1150 ,4.0,4.0,3.4 GHz ,,1 MB ,6 MB ,84 W ,Intel HD Graphics 4600 ,,No ,Yes ,Boxed ,22 nm ,Yes ,No ,,,
Intel Core i7-2600K,Intel ,BX80623I72600K ,Intel Core i7 ,Sandy Bridge ,Sandy Bridge ,LGA1155 ,4.0,8.0,3.4 GHz ,,1 MB ,8 MB ,95 W ,Intel HD Graphics 3000 ,,No ,Yes ,Boxed ,32 nm ,Yes ,Yes: Hyper-Threading ,,,
Intel Core i7-8700,Intel ,CM8068403358316 ,Intel Core i7 ,Coffee Lake ,Coffee Lake ,LGA1151 ,6.0,12.0,3.2 GHz ,4.6 GHz ,1.5 MB ,12 MB ,65 W ,Intel UHD Graphics 630 ,128 GB ,No ,No ,OEM/Tray ,14 nm ,No ,Yes: Hyper-Threading ,,,
AMD Threadripper 1950X,AMD ,YD195XA8AEWOF ,AMD Threadripper ,Zen ,Whitehaven ,sTR4 ,16.0,32.0,3.4 GHz ,4 GHz ,8 MB ,32 MB ,180 W ,None ,1024 GB ,Yes ,No ,Boxed ,14 nm ,No ,Yes ,,,
AMD Ryzen 5 9500F,AMD ,100-000001406 ,AMD Ryzen 5 ,Zen 5 ,Granite Ridge ,AM5 ,6.0,12.0,3.8 GHz ,5 GHz ,6 MB ,32 MB ,65 W ,None ,192 GB ,Yes ,No ,OEM/Tray ,4 nm ,No ,Yes ,,,
Intel Core i7-6850K,Intel ,BX80671I76850K ,Intel Core i7 ,Broadwell ,Broadwell-E ,LGA2011-3 ,6.0,12.0,3.6 GHz ,3.8 GHz ,1.5 MB ,15 MB ,140 W ,None ,,No ,No ,Boxed ,14 nm ,No ,Yes: Hyper-Threading ,,,
Intel Core i5-3570K,Intel , BX80637I53570K | BX806237I53570K | ,Intel Core i5 ,Ivy Bridge ,Ivy Bridge ,LGA1155 ,4.0,4.0,3.4 GHz ,,1 MB ,6 MB ,77 W ,Intel HD Graphics 4000 ,,No ,Yes ,Boxed ,22 nm ,Yes ,No ,,,
AMD Threadripper 1920X,AMD ,YD192XA8AEWOF ,AMD Threadripper ,Zen ,Whitehaven ,sTR4 ,12.0,24.0,3.5 GHz ,4 GHz ,6 MB ,32 MB ,180 W ,None ,1024 GB ,Yes ,No ,Boxed ,14 nm ,No ,Yes ,,,
Intel Core i9-9820X,Intel ,BX80673I99820X ,Intel Core i9 ,Skylake ,Skylake-X ,LGA2066 ,10.0,20.0,3.3 GHz ,4.1 GHz ,10 MB ,16.5 MB ,165 W ,None ,128 GB ,No ,No ,Boxed ,14 nm ,No ,Yes: Hyper-Threading ,,,
AMD Ryzen 5 7600X3D,AMD ,100-000001721 ,AMD Ryzen 5 ,Zen 4 ,Raphael ,AM5 ,6.0,12.0,4.1 GHz ,4.7 GHz ,6 MB ,96 MB ,65 W ,Radeon ,128 GB ,Yes ,No ,OEM/Tray ,5 nm ,No ,Yes ,,,
Intel Core i9-10900X,Intel ,BX8069510900X ,Intel Core i9 ,Cascade Lake ,Cascade Lake-X ,LGA2066 ,10.0,20.0,3.7 GHz ,4.7 GHz ,10 MB ,19.25 MB ,165 W ,None ,256 GB ,No ,No ,Boxed ,14 nm ,No ,Yes: Hyper-Threading ,,,
Intel Core i5-6600,Intel ,BX80662I56600 ,Intel Core i5 ,Skylake ,Skylake-S ,LGA1151 ,4.0,4.0,3.3 GHz ,3.9 GHz ,1 MB ,6 MB ,65 W ,Intel HD Graphics 530 ,64 GB ,No ,Yes ,Boxed ,14 nm ,Yes ,No ,,,
Intel Pentium Gold G6400,Intel ,BX80701G6400 ,Intel Pentium Gold ,Comet Lake ,Comet Lake ,LGA1200 ,2.0,4.0,4 GHz ,,0.5 MB ,4 MB ,58 W ,Intel UHD Graphics 610 ,128 GB ,No ,Yes ,Boxed ,14 nm ,Yes ,Yes: Hyper-Threading ,,,
Intel Core i3-9100,Intel ,BX80684I39100 ,Intel Core i3 ,Coffee Lake Refresh ,Coffee Lake Refresh ,LGA1151 ,4.0,4.0,3.6 GHz ,4.2 GHz ,1 MB ,6 MB ,65 W ,Intel UHD Graphics 630 ,64 GB ,Yes ,Yes ,Boxed ,14 nm ,Yes ,No ,,,
Intel Xeon E5-2667 V3,Intel ,CM8064401724301 ,Intel Xeon E5 ,Haswell ,Haswell-EP ,LGA2011-3 ,8.0,16.0,3.2 GHz ,3.6 GHz ,2 MB ,20 MB ,135 W ,None ,,Yes ,No ,OEM/Tray ,22 nm ,No ,Yes: Hyper-Threading ,,,
Intel Core i7-4790,Intel ,BX80646I74790 ,Intel Core i7 ,Haswell Refresh ,Haswell Refresh ,LGA1150 ,4.0,8.0,3.6 GHz ,4 GHz ,1 MB ,8 MB ,84 W ,Intel HD Graphics 4600 ,,No ,Yes ,Boxed ,22 nm ,Yes ,Yes: Hyper-Threading ,,,
AMD Ryzen 7 9700F,AMD ,100-000001902 ,AMD Ryzen 7 ,Zen 5 ,Granite Ridge ,AM5 ,8.0,16.0,3.8 GHz ,5.5 GHz ,8 MB ,32 MB ,65 W ,None ,192 GB ,Yes ,No ,OEM/Tray ,4 nm ,No ,Yes ,,,
AMD Athlon 200GE,AMD ,YD200GC6FBBOX ,AMD Athlon ,Zen ,Raven Ridge ,AM4 ,2.0,4.0,3.2 GHz ,,1 MB ,4 MB ,35 W ,Radeon Vega 3 ,,No ,Yes ,Boxed ,14 nm ,Yes ,Yes ,,,
Intel Core i9-12900,Intel ,BX8071512900 ,Intel Core i9 ,Alder Lake ,Alder Lake ,LGA1700 ,16.0,24.0,2.4 GHz ,5.1 GHz ,14 MB ,30 MB ,65 W ,Intel UHD Graphics 770 ,128 GB ,No ,Yes ,Boxed ,10 nm ,Yes ,Yes: Hyper-Threading ,1.8 GHz ,3.8 GHz ,
AMD FX-9590,AMD ,FD9590FHHKWOF ,AMD FX ,Piledriver ,Vishera ,AM3+ ,8.0,8.0,4.7 GHz ,5 GHz ,8 MB ,8 MB ,220 W ,None ,,No ,No ,OEM/Tray ,32 nm ,No ,No ,,,
Intel Core i9-9980XE,Intel ,BX80673I99980X ,Intel Core i9 ,Skylake ,Skylake-X ,LGA2066 ,18.0,36.0,3 GHz ,4.4 GHz ,18 MB ,24.75 MB ,165 W ,None ,128 GB ,No ,No ,Boxed ,14 nm ,No ,Yes: Hyper-Threading ,,,
Intel Core i5-12600,Intel ,BX8071512600 ,Intel Core i5 ,Alder Lake ,Alder Lake ,LGA1700 ,6.0,12.0,3.3 GHz ,4.8 GHz ,7.5 MB ,18 MB ,65 W ,Intel UHD Graphics 770 ,128 GB ,No ,Yes ,Boxed ,10 nm ,Yes ,Yes: Hyper-Threading ,,,
Intel Core i5-2500K,Intel ,BX80623I52500K ,Intel Core i5 ,Sandy Bridge ,Sandy Bridge ,LGA1155 ,4.0,4.0,3.3 GHz ,,0.5 MB ,6 MB ,95 W ,Intel HD Graphics 3000 ,,No ,Yes ,Boxed ,32 nm ,Yes ,No ,,,
AMD Ryzen 5 5600T,AMD ,100-000001584BOX ,AMD Ryzen 5 ,Zen 3 ,Vermeer ,AM4 ,6.0,12.0,3.5 GHz ,4.5 GHz ,3 MB ,32 MB ,65 W ,None ,128 GB ,Yes ,Yes ,Boxed ,7 nm ,Yes ,Yes ,,,
AMD EPYC 4465P,AMD ,100-100001558WOF ,AMD EPYC ,Zen 5 ,Grado ,AM5 ,12.0,24.0,3.4 GHz ,5.4 GHz ,12 MB ,64 MB ,65 W ,Radeon ,,Yes ,No ,Boxed ,4 nm ,No ,Yes ,,,
AMD Ryzen 9 PRO 9945,AMD ,100-000001407 ,AMD Ryzen 9 PRO ,Zen 5 ,Granite Ridge ,AM5 ,12.0,24.0,3.4 GHz ,5.4 GHz ,12 MB ,64 MB ,65 W ,Radeon ,192 GB ,Yes ,No ,OEM/Tray ,4 nm ,No ,Yes ,,,
Intel Pentium Gold G6600,Intel ,BX80701G6600 ,Intel Pentium Gold ,Comet Lake ,Comet Lake ,LGA1200 ,2.0,4.0,4.2 GHz ,,0.5 MB ,4 MB ,58 W ,Intel UHD Graphics 630 ,128 GB ,No ,Yes ,Boxed ,14 nm ,Yes ,Yes: Hyper-Threading ,,,
Intel Xeon E5-2698 V3,Intel ,CM8064401609800 ,Intel Xeon E5 ,Haswell ,Haswell-EP ,LGA2011-3 ,16.0,32.0,2.3 GHz ,3.6 GHz ,4 MB ,40 MB ,135 W ,None ,,Yes ,No ,OEM/Tray ,22 nm ,No ,Yes: Hyper-Threading ,,,
Intel Core i5-8400,Intel ,CM8068403358811 ,Intel Core i5 ,Coffee Lake ,Coffee Lake ,LGA1151 ,6.0,6.0,2.8 GHz ,4 GHz ,1.5 MB ,9 MB ,65 W ,Intel UHD Graphics 630 ,128 GB ,No ,No ,OEM/Tray ,14 nm ,No ,No ,,,
Intel Core i3-10105,Intel ,BX8070110105 ,Intel Core i3 ,Comet Lake ,Comet Lake ,LGA1200 ,4.0,8.0,3.7 GHz ,4.4 GHz ,1 MB ,6 MB ,65 W ,Intel UHD Graphics 630 ,128 GB ,No ,Yes ,Boxed ,14 nm ,Yes ,Yes: Hyper-Threading ,,,
AMD Threadripper 1900X,AMD ,YD190XA8AEWOF ,AMD Threadripper ,Zen ,Whitehaven ,sTR4 ,8.0,16.0,3.8 GHz ,4 GHz ,4 MB ,16 MB ,180 W ,None ,1024 GB ,Yes ,No ,Boxed ,14 nm ,No ,Yes ,,,
Intel Core i7-5820K,Intel ,BX80648I75820K ,Intel Core i7 ,Haswell ,Haswell-E ,LGA2011-3 ,6.0,12.0,3.3 GHz ,3.6 GHz ,1.5 MB ,15 MB ,140 W ,None ,64 GB ,No ,No ,Boxed ,22 nm ,No ,Yes: Hyper-Threading ,,,
Intel Core i5-9400F,Intel ,CM8068403358819 ,Intel Core i5 ,Coffee Lake Refresh ,Coffee Lake Refresh ,LGA1151 ,6.0,6.0,2.9 GHz ,4.1 GHz ,1.5 MB ,9 MB ,65 W ,None ,128 GB ,No ,No ,OEM/Tray ,14 nm ,No ,No ,,,
Intel Core i3-8100T,Intel ,CM8068403377415 ,Intel Core i3 ,Coffee Lake ,Coffee Lake ,LGA1151 ,4.0,4.0,3.1 GHz ,,1 MB ,6 MB ,35 W ,Intel UHD Graphics 630 ,64 GB ,Yes ,No ,OEM/Tray ,14 nm ,No ,No ,,,
Intel Core i5-11500,Intel ,BX8070811500 ,Intel Core i5 ,Rocket Lake ,Rocket Lake-S ,LGA1200 ,6.0,12.0,2.7 GHz ,4.6 GHz ,3 MB ,12 MB ,65 W ,Intel UHD Graphics 750 ,128 GB ,No ,Yes ,Boxed ,14 nm ,Yes ,Yes: Hyper-Threading ,,,
Intel Core i9-9900K,Intel ,CM8068403873914 ,Intel Core i9 ,Coffee Lake Refresh ,Coffee Lake Refresh ,LGA1151 ,8.0,16.0,3.6 GHz ,5 GHz ,2 MB ,16 MB ,95 W ,Intel UHD Graphics 630 ,128 GB ,No ,No ,OEM/Tray ,14 nm ,No ,Yes: Hyper-Threading ,,,
Intel Core i5-3570,Intel ,BX80637i53570 ,Intel Core i5 ,Ivy Bridge ,Ivy Bridge ,LGA1155 ,4.0,4.0,3.4 GHz ,,1 MB ,6 MB ,77 W ,Intel HD Graphics 2500 ,,No ,Yes ,Boxed ,22 nm ,Yes ,No ,,,
Intel Core i5-8500T,Intel ,CM8068403362509 ,Intel Core i5 ,Coffee Lake ,Coffee Lake ,LGA1151 ,6.0,6.0,2.1 GHz ,3.5 GHz ,1.5 MB ,9 MB ,35 W ,Intel UHD Graphics 630 ,128 GB ,No ,No ,OEM/Tray ,14 nm ,No ,No ,,,
AMD Threadripper 2950X,AMD ,YD295XA8AFWOF ,AMD Threadripper ,Zen+ ,Colfax ,sTR4 ,16.0,32.0,3.5 GHz ,4.4 GHz ,8 MB ,32 MB ,180 W ,None ,1024 GB ,Yes ,No ,Boxed ,12 nm ,No ,Yes ,,,
Intel Xeon E5-4620,Intel ,BX80621E54620 ,Intel Xeon E5 ,Sandy Bridge ,Sandy Bridge-EP ,LGA2011 ,8.0,16.0,2.2 GHz ,2.6 GHz ,2 MB ,16 MB ,95 W ,None ,,Yes ,No ,Boxed ,32 nm ,No ,Yes: Hyper-Threading ,,,
AMD Ryzen 5 3400G,AMD ,YD3400C5M4MFH ,AMD Ryzen 5 ,Zen+ ,Picasso ,AM4 ,4.0,8.0,3.7 GHz ,4.2 GHz ,2 MB ,4 MB ,65 W ,Radeon Vega 11 ,64 GB ,No ,No ,OEM/Tray ,12 nm ,No ,Yes ,,,
Intel Core i3-10320,Intel ,BX8070110320 ,Intel Core i3 ,Comet Lake ,Comet Lake ,LGA1200 ,4.0,8.0,3.8 GHz ,4.6 GHz ,1 MB ,8 MB ,65 W ,Intel UHD Graphics 630 ,128 GB ,No ,Yes ,Boxed ,14 nm ,Yes ,Yes: Hyper-Threading ,,,
Intel Celeron G6900,Intel ,BX80715G6900 ,Intel Celeron ,Alder Lake ,Alder Lake ,LGA1700 ,2.0,2.0,3.4 GHz ,,2.5 MB ,4 MB ,46 W ,Intel UHD Graphics 710 ,128 GB ,No ,Yes ,Boxed ,10 nm ,Yes ,No ,,,
Intel Core i5-4570T,Intel ,BX80646I54570T ,Intel Core i5 ,Haswell ,Haswell ,LGA1150 ,2.0,4.0,2.9 GHz ,,0.5 MB ,4 MB ,35 W ,Intel HD Graphics 4600 ,,No ,Yes ,Boxed ,22 nm ,Yes ,Yes: Hyper-Threading ,,,
AMD Ryzen 5 2600,AMD ,YD2600BBM6IAF ,AMD Ryzen 5 ,Zen+ ,Pinnacle Ridge ,AM4 ,6.0,12.0,3.4 GHz ,3.9 GHz ,3 MB ,15.99 MB ,65 W ,None ,64 GB ,No ,No ,OEM/Tray ,12 nm ,No ,Yes ,,,
AMD FX-8300,AMD ,FD8300WMHKBOX ,AMD FX ,Piledriver ,Vishera ,AM3+ ,8.0,8.0,3.3 GHz ,,8 MB ,8 MB ,95 W ,None ,,No ,Yes ,Boxed ,32 nm ,Yes ,No ,,,
Intel Core i7-4930K,Intel ,BX80633I74930K ,Intel Core i7 ,Ivy Bridge ,Ivy Bridge-E ,LGA2011 ,6.0,12.0,3.4 GHz ,3.9 GHz ,1.5 MB ,12 MB ,130 W ,None ,,No ,No ,Boxed ,22 nm ,No ,Yes: Hyper-Threading ,,,
AMD Ryzen 5 3600,AMD ,100-100000031MPK ,AMD Ryzen 5 ,Zen 2 ,Matisse ,AM4 ,6.0,12.0,3.6 GHz ,4.2 GHz ,3 MB ,32 MB ,65 W ,None ,128 GB ,No ,No ,OEM/Tray ,7 nm ,No ,Yes ,,,
AMD Ryzen 3 3200G,AMD ,YD3200C5M4MFH ,AMD Ryzen 3 ,Zen+ ,Picasso ,AM4 ,4.0,4.0,3.6 GHz ,4 GHz ,2 MB ,4 MB ,65 W ,Radeon Vega 8 ,64 GB ,No ,No ,OEM/Tray ,12 nm ,No ,No ,,,
Intel Xeon E5-2620,Intel ,CM8063501288301 ,Intel Xeon E5 ,Sandy Bridge ,Sandy Bridge-EP ,LGA2011 ,6.0,12.0,2 GHz ,,1.5 MB ,15 MB ,95 W ,None ,,Yes ,No ,OEM/Tray ,32 nm ,No ,Yes: Hyper-Threading ,,,
Intel Xeon E5-2687W,Intel ,BX80621E52687W ,Intel Xeon E5 ,Sandy Bridge ,Sandy Bridge-EP ,LGA2011 ,8.0,16.0,3.1 GHz ,3.8 GHz ,2 MB ,20 MB ,150 W ,None ,,Yes ,No ,Boxed ,32 nm ,No ,Yes: Hyper-Threading ,,,
AMD Ryzen 9 3900X,AMD ,100-000000023 ,AMD Ryzen 9 ,Zen 2 ,Matisse ,AM4 ,12.0,24.0,3.8 GHz ,4.6 GHz ,6 MB ,64 MB ,105 W ,None ,128 GB ,No ,No ,OEM/Tray ,7 nm ,No ,Yes ,,,
AMD Phenom II X4 820,AMD ,HDX820WFK4FGI ,AMD Phenom II X4 ,K10 ,Deneb ,AM3 ,4.0,4.0,2.8 GHz ,,2 MB ,4 MB ,95 W ,None ,,No ,No ,OEM/Tray ,45 nm ,No ,No ,,,
Intel Core i5-13500T,Intel ,CM8071505092901 ,Intel Core i5 ,Raptor Lake ,Raptor Lake ,LGA1700 ,14.0,20.0,1.6 GHz ,4.6 GHz ,11.5 MB ,24 MB ,35 W ,Intel UHD Graphics 770 ,192 GB ,No ,No ,OEM/Tray ,10 nm ,No ,Yes: Hyper-Threading ,1.2 GHz ,3.2 GHz ,
AMD Athlon 3000G (14nm),AMD ,YD3000C6M2OFH ,AMD Athlon ,Zen ,Raven Ridge ,AM4 ,2.0,4.0,3.5 GHz ,,1 MB ,4 MB ,35 W ,Radeon Vega 3 ,128 GB ,No ,No ,OEM/Tray ,14 nm ,No ,Yes ,,,
Intel Xeon E5-2697 V2,Intel ,BX80635E52697V2 ,Intel Xeon E5 ,Ivy Bridge ,Ivy Bridge-EP ,LGA2011 ,12.0,24.0,2.7 GHz ,3.5 GHz ,3 MB ,30 MB ,130 W ,None ,,Yes ,No ,Boxed ,22 nm ,No ,Yes: Hyper-Threading ,,,
Intel Core i7-7800X,Intel ,BX80673I77800X ,Intel Core i7 ,Skylake ,Skylake-X ,LGA2066 ,6.0,12.0,3.5 GHz ,4 GHz ,6 MB ,8.25 MB ,140 W ,None ,128 GB ,No ,No ,Boxed ,14 nm ,No ,Yes: Hyper-Threading ,,,
Intel Core i5-8600,Intel ,BX80684I58600 ,Intel Core i5 ,Coffee Lake ,Coffee Lake ,LGA1151 ,6.0,6.0,3.1 GHz ,4.3 GHz ,1.5 MB ,9 MB ,65 W ,Intel UHD Graphics 630 ,128 GB ,No ,Yes ,Boxed ,14 nm ,Yes ,No ,,,
AMD Ryzen 9 PRO 7945,AMD ,100-000000598 ,AMD Ryzen 9 PRO ,Zen 4 ,Raphael ,AM5 ,12.0,24.0,3.7 GHz ,5.4 GHz ,12 MB ,64 MB ,65 W ,Radeon ,128 GB ,Yes ,No ,OEM/Tray ,5 nm ,No ,Yes ,,,
Intel Core i7-5960X,Intel ,BX80648I75960X ,Intel Core i7 Extreme ,Haswell ,Haswell-E ,LGA2011-3 ,8.0,16.0,3 GHz ,3.5 GHz ,2 MB ,20 MB ,140 W ,None ,64 GB ,No ,No ,Boxed ,22 nm ,No ,Yes: Hyper-Threading ,,,
AMD Threadripper 2970WX,AMD ,YD297XAZAFWOF ,AMD Threadripper ,Zen+ ,Colfax ,sTR4 ,24.0,48.0,3 GHz ,4.2 GHz ,12 MB ,64 MB ,250 W ,None ,1024 GB ,Yes ,No ,Boxed ,12 nm ,No ,Yes ,,,
Intel Pentium E2220,Intel ,BX80557E2220 ,Intel Pentium ,Core ,Allendale ,LGA775 ,2.0,2.0,2.4 GHz ,,1 MB ,0 MB ,65 W ,None ,,No ,Yes ,Boxed ,65 nm ,Yes ,No ,,,
Intel Core i7-7820X,Intel ,BX80673I77820X ,Intel Core i7 ,Skylake ,Skylake-X ,LGA2066 ,8.0,16.0,3.6 GHz ,4.5 GHz ,8 MB ,11 MB ,140 W ,None ,128 GB ,No ,No ,Boxed ,14 nm ,No ,Yes: Hyper-Threading ,,,
AMD Ryzen 3 1200 (12nm),AMD ,YD1200BBAFBOX ,AMD Ryzen 3 ,Zen+ ,Pinnacle Ridge ,AM4 ,4.0,4.0,3.1 GHz ,3.4 GHz ,2 MB ,8 MB ,65 W ,None ,,No ,Yes ,Boxed ,12 nm ,Yes ,No ,,,
Intel Core i9-10900,Intel ,BX8070110900 ,Intel Core i9 ,Comet Lake ,Comet Lake ,LGA1200 ,10.0,20.0,2.8 GHz ,5.2 GHz ,2.5 MB ,20 MB ,65 W ,Intel UHD Graphics 630 ,128 GB ,No ,Yes ,Boxed ,14 nm ,Yes ,Yes: Hyper-Threading ,,,
Intel Core 2 Quad Q9300,Intel ,EU80580PJ0606M ,Intel Core 2 Quad ,Yorkfield ,Yorkfield ,LGA775 ,4.0,4.0,2.5 GHz ,,6 MB ,0 MB ,95 W ,None ,,No ,No ,OEM/Tray ,45 nm ,No ,No ,,,
Intel Core i5-7600,Intel ,BX80677I57600 ,Intel Core i5 ,Kaby Lake ,Kaby Lake-S ,LGA1151 ,4.0,4.0,3.5 GHz ,4.1 GHz ,1 MB ,6 MB ,65 W ,Intel HD Graphics 630 ,64 GB ,No ,Yes ,Boxed ,14 nm ,Yes ,No ,,,
Intel Core i7-8086K,Intel ,BX80684I78086K ,Intel Core i7 ,Coffee Lake ,Coffee Lake ,LGA1151 ,6.0,12.0,4 GHz ,5 GHz ,1.5 MB ,12 MB ,95 W ,Intel UHD Graphics 630 ,128 GB ,No ,No ,Boxed ,14 nm ,No ,Yes: Hyper-Threading ,,,
Intel Core i5-14500T,Intel ,CM8071505092904 ,Intel Core i5 ,Raptor Lake Refresh ,Raptor Lake Refresh ,LGA1700 ,14.0,20.0,1.7 GHz ,4.8 GHz ,20 MB ,24 MB ,35 W ,Intel UHD Graphics 770 ,192 GB ,Yes ,No ,OEM/Tray ,7 nm ,No ,Yes: Hyper-Threading ,1.2 GHz ,3.4 GHz ,
Intel Core i9-13900T,Intel ,CM8071504820403 ,Intel Core i9 ,Raptor Lake ,Raptor Lake ,LGA1700 ,24.0,32.0,1.1 GHz ,5.3 GHz ,32 MB ,36 MB ,35 W ,Intel UHD Graphics 770 ,192 GB ,Yes ,No ,OEM/Tray ,10 nm ,No ,Yes: Hyper-Threading ,0.8 GHz ,3.9 GHz ,
AMD EPYC 4564P,AMD ,100-100001476WOF ,AMD EPYC ,Zen 4 ,Raphael ,AM5 ,16.0,32.0,4.5 GHz ,5.7 GHz ,16 MB ,64 MB ,170 W ,Radeon ,,Yes ,No ,Boxed ,5 nm ,No ,Yes ,,,
Intel Pentium Gold G7400,Intel ,BX80715G7400 ,Intel Pentium Gold ,Alder Lake ,Alder Lake ,LGA1700 ,2.0,4.0,3.7 GHz ,,2.5 MB ,6 MB ,46 W ,Intel UHD Graphics 710 ,128 GB ,No ,Yes ,Boxed ,10 nm ,Yes ,Yes: Hyper-Threading ,,,
AMD FX-6350,AMD ,FD6350FRHKBOX ,AMD FX ,Piledriver ,Vishera ,AM3+ ,6.0,6.0,3.9 GHz ,,6 MB ,8 MB ,125 W ,None ,,No ,Yes ,Boxed ,32 nm ,Yes ,No ,,,
Intel Core i9-9900,Intel ,BX80684I99900 ,Intel Core i9 ,Coffee Lake Refresh ,Coffee Lake Refresh ,LGA1151 ,8.0,16.0,3.1 GHz ,5 GHz ,2 MB ,16 MB ,65 W ,Intel UHD Graphics 630 ,128 GB ,No ,Yes ,Boxed ,14 nm ,Yes ,Yes: Hyper-Threading ,,,
Intel Core i7-6700,Intel ,CM8066201920103 ,Intel Core i7 ,Skylake ,Skylake-S ,LGA1151 ,4.0,8.0,3.4 GHz ,4 GHz ,1 MB ,8 MB ,65 W ,Intel HD Graphics 530 ,64 GB ,No ,No ,OEM/Tray ,14 nm ,No ,Yes: Hyper-Threading ,,,
Intel Pentium G4560,Intel ,BX80677G4560 ,Intel Pentium ,Kaby Lake ,Kaby Lake-S ,LGA1151 ,2.0,4.0,3.5 GHz ,,0.5 MB ,3 MB ,54 W ,Intel HD Graphics 610 ,64 GB ,Yes ,Yes ,Boxed ,14 nm ,Yes ,Yes: Hyper-Threading ,,,
Intel Core i9-7920X,Intel ,BX80673I97920X ,Intel Core i9 ,Skylake ,Skylake-X ,LGA2066 ,12.0,24.0,2.9 GHz ,4.4 GHz ,12 MB ,16.5 MB ,140 W ,None ,128 GB ,No ,No ,Boxed ,14 nm ,No ,Yes: Hyper-Threading ,,,
Intel Core i7-7700,Intel ,CM8067702868314 ,Intel Core i7 ,Kaby Lake ,Kaby Lake-S ,LGA1151 ,4.0,8.0,3.6 GHz ,4.2 GHz ,1 MB ,8 MB ,65 W ,Intel HD Graphics 630 ,64 GB ,No ,No ,OEM/Tray ,14 nm ,No ,Yes: Hyper-Threading ,,,
AMD Ryzen 5 5600XT,AMD ,100-000001585 ,AMD Ryzen 5 ,Zen 3 ,Vermeer ,AM4 ,6.0,12.0,3.7 GHz ,4.7 GHz ,3 MB ,32 MB ,65 W ,None ,128 GB ,Yes ,No ,OEM/Tray ,7 nm ,No ,Yes ,,,
Intel Core i3-3220,Intel ,BX80637I33220 ,Intel Core i3 ,Ivy Bridge ,Ivy Bridge ,LGA1155 ,2.0,4.0,3.3 GHz ,,0.5 MB ,3 MB ,55 W ,Intel HD Graphics 2500 ,,Yes ,Yes ,Boxed ,22 nm ,Yes ,Yes: Hyper-Threading ,,,
Intel Core i7-9700K,Intel ,CM8068403874212 ,Intel Core i7 ,Coffee Lake Refresh ,Coffee Lake Refresh ,LGA1151 ,8.0,8.0,3.6 GHz ,4.9 GHz ,2 MB ,12 MB ,95 W ,Intel UHD Graphics 630 ,128 GB ,No ,No ,OEM/Tray ,14 nm ,No ,No ,,,
AMD Ryzen 5 7400,AMD ,100-000001900 ,AMD Ryzen 5 ,Zen 4 ,Raphael ,AM5 ,6.0,12.0,3.3 GHz ,4.3 GHz ,6 MB ,16 MB ,65 W ,Radeon ,128 GB ,Yes ,No ,OEM/Tray ,5 nm ,No ,Yes ,,,
Intel Xeon E5-2683 V4,Intel ,CM8066002023604 ,Intel Xeon E5 ,Broadwell ,Broadwell-EP ,LGA2011-3 ,16.0,32.0,2.1 GHz ,3 GHz ,4 MB ,40 MB ,120 W ,None ,1536 GB ,Yes ,No ,OEM/Tray ,14 nm ,No ,Yes: Hyper-Threading ,,,
Intel Xeon E5-2690 V4,Intel ,BX80660E52690V4 ,Intel Xeon E5 ,Broadwell ,Broadwell-EP ,LGA2011-3 ,14.0,28.0,2.6 GHz ,3.5 GHz ,3.5 MB ,35 MB ,135 W ,None ,1536 GB ,Yes ,No ,Boxed ,14 nm ,No ,Yes: Hyper-Threading ,,,
Intel Core i7-7700K,Intel ,CM8067702868535 ,Intel Core i7 ,Kaby Lake ,Kaby Lake-S ,LGA1151 ,4.0,8.0,4.2 GHz ,4.5 GHz ,1 MB ,8 MB ,91 W ,Intel HD Graphics 630 ,64 GB ,No ,No ,OEM/Tray ,14 nm ,No ,Yes: Hyper-Threading ,,,
AMD FX-4350,AMD ,FD4350FRHKBOX ,AMD FX ,Piledriver ,Vishera ,AM3+ ,4.0,4.0,4.2 GHz ,,4 MB ,8 MB ,125 W ,None ,,No ,Yes ,Boxed ,32 nm ,Yes ,No ,,,
Intel Core i9-12900F,Intel ,BX8071512900F ,Intel Core i9 ,Alder Lake ,Alder Lake ,LGA1700 ,16.0,24.0,2.4 GHz ,5.1 GHz ,14 MB ,30 MB ,65 W ,None ,128 GB ,No ,Yes ,Boxed ,10 nm ,Yes ,Yes: Hyper-Threading ,1.8 GHz ,3.8 GHz ,
Intel Core i7-920,Intel ,BX80601920 ,Intel Core i7 ,Nehalem ,Bloomfield ,LGA1366 ,4.0,8.0,2.66 GHz ,,1 MB ,8 MB ,130 W ,None ,,No ,Yes ,Boxed ,45 nm ,Yes ,Yes: Hyper-Threading ,,,
Intel Xeon E5-2683 V4,Intel ,BX80660E52683V4 ,Intel Xeon E5 ,Broadwell ,Broadwell-EP ,LGA2011-3 ,16.0,32.0,2.1 GHz ,3 GHz ,4 MB ,40 MB ,120 W ,None ,1536 GB ,Yes ,No ,Boxed ,14 nm ,No ,Yes: Hyper-Threading ,,,
Intel Core i5-8400T,Intel ,CM8068403358913 ,Intel Core i5 ,Coffee Lake ,Coffee Lake ,LGA1151 ,6.0,6.0,1.7 GHz ,3.3 GHz ,1.5 MB ,9 MB ,35 W ,Intel UHD Graphics 630 ,128 GB ,No ,No ,OEM/Tray ,14 nm ,No ,No ,,,
AMD EPYC 4345P,AMD ,100-100001556WOF ,AMD EPYC ,Zen 5 ,Grado ,AM5 ,8.0,16.0,3.8 GHz ,5.5 GHz ,8 MB ,32 MB ,65 W ,Radeon ,,Yes ,No ,Boxed ,4 nm ,No ,Yes ,,,
Intel Core i3-12100T,Intel ,CM8071504651106 ,Intel Core i3 ,Alder Lake ,Alder Lake ,LGA1700 ,4.0,8.0,2.2 GHz ,4.1 GHz ,5 MB ,12 MB ,35 W ,Intel UHD Graphics 730 ,128 GB ,No ,No ,OEM/Tray ,10 nm ,No ,Yes: Hyper-Threading ,,,
Intel Core i3-550,Intel ,BX80616I3550 ,Intel Core i3 ,Westmere ,Clarkdale ,LGA1156 ,2.0,4.0,3.2 GHz ,,0.5 MB ,4 MB ,73 W ,Intel HD Graphics ,,No ,Yes ,Boxed ,32 nm ,Yes ,Yes: Hyper-Threading ,,,
Intel Core i7-4770K,Intel ,CM8064601464206 ,Intel Core i7 ,Haswell ,Haswell ,LGA1150 ,4.0,8.0,3.5 GHz ,3.9 GHz ,1 MB ,8 MB ,84 W ,Intel HD Graphics 4600 ,,No ,No ,OEM/Tray ,22 nm ,No ,Yes: Hyper-Threading ,,,
AMD FX-8320,AMD ,FD8320FRHKBOX ,AMD FX ,Piledriver ,Vishera ,AM3+ ,8.0,8.0,3.5 GHz ,,8 MB ,8 MB ,125 W ,None ,,Yes ,Yes ,Boxed ,32 nm ,Yes ,No ,,,
AMD Ryzen 3 1300X,AMD ,YD130XBBAEBOX ,AMD Ryzen 3 ,Zen ,Summit Ridge ,AM4 ,4.0,4.0,3.5 GHz ,3.7 GHz ,2 MB ,8 MB ,65 W ,None ,,No ,Yes ,Boxed ,14 nm ,Yes ,No ,,,
Intel Core i7-7800X,Intel ,CD8067303287002 ,Intel Core i7 ,Skylake ,Skylake-X ,LGA2066 ,6.0,12.0,3.5 GHz ,4 GHz ,6 MB ,8.25 MB ,140 W ,None ,128 GB ,No ,No ,OEM/Tray ,14 nm ,No ,Yes: Hyper-Threading ,,,
Intel Core i9-7980XE,Intel ,CD8067303734902 ,Intel Core i9 ,Skylake ,Skylake-X ,LGA2066 ,18.0,36.0,2.6 GHz ,4.4 GHz ,18 MB ,24 MB ,165 W ,None ,128 GB ,No ,No ,OEM/Tray ,14 nm ,No ,Yes: Hyper-Threading ,,,
Intel Core i9-7900X,Intel ,BX80673I97900X ,Intel Core i9 ,Skylake ,Skylake-X ,LGA2066 ,10.0,20.0,3.3 GHz ,4.5 GHz ,10 MB ,13.75 MB ,140 W ,None ,128 GB ,No ,No ,Boxed ,14 nm ,No ,Yes: Hyper-Threading ,,,
Intel Core i5-10600,Intel ,BX8070110600 ,Intel Core i5 ,Comet Lake ,Comet Lake ,LGA1200 ,6.0,12.0,3.3 GHz ,4.8 GHz ,1.5 MB ,12 MB ,65 W ,Intel UHD Graphics 630 ,128 GB ,No ,Yes ,Boxed ,14 nm ,Yes ,Yes: Hyper-Threading ,,,
AMD Athlon II 160u,AMD ,AD160UEAK13GQ ,AMD Athlon II ,K10 ,Sargas ,AM3 ,1.0,1.0,1.8 GHz ,,1 MB ,0 MB ,20 W ,None ,,No ,No ,OEM/Tray ,45 nm ,No ,No ,,,
AMD A8-9600,AMD ,AD9600AGABBOX ,AMD A8 ,Excavator ,Bristol Ridge ,AM4 ,4.0,4.0,3.1 GHz ,3.4 GHz ,2 MB ,0 MB ,65 W ,Radeon R7 (on-die) ,,No ,Yes ,Boxed ,28 nm ,Yes ,No ,,,
Intel Core i9-10920X,Intel ,BX8069510920X ,Intel Core i9 ,Cascade Lake ,Cascade Lake-X ,LGA2066 ,12.0,24.0,3.5 GHz ,4.8 GHz ,12 MB ,19.25 MB ,165 W ,None ,256 GB ,No ,No ,Boxed ,14 nm ,No ,Yes: Hyper-Threading ,,,
AMD FX-8320E,AMD ,FD832EWMHKBOX ,AMD FX ,Piledriver ,Vishera ,AM3+ ,8.0,8.0,3.2 GHz ,4 GHz ,8 MB ,8 MB ,95 W ,None ,,Yes ,Yes ,Boxed ,32 nm ,Yes ,No ,,,
AMD FX-8370,AMD ,FD8370FRHKBOX ,AMD FX ,Piledriver ,Vishera ,AM3+ ,8.0,8.0,4 GHz ,4.3 GHz ,8 MB ,8 MB ,125 W ,None ,,No ,Yes ,Boxed ,32 nm ,Yes ,No ,,,
AMD Threadripper 2990WX,AMD ,YD299XAZAFWOF ,AMD Threadripper ,Zen+ ,Colfax ,sTR4 ,32.0,64.0,3 GHz ,4.2 GHz ,16 MB ,64 MB ,250 W ,None ,1024 GB ,Yes ,No ,Boxed ,12 nm ,No ,Yes ,,,
Intel Core i3-2100,Intel ,BX80623I32100 ,Intel Core i3 ,Sandy Bridge ,Sandy Bridge ,LGA1155 ,2.0,4.0,3.1 GHz ,,0.5 MB ,3 MB ,65 W ,Intel HD Graphics 2000 ,,No ,Yes ,Boxed ,32 nm ,Yes ,Yes: Hyper-Threading ,,,
Intel Core i7-2700K,Intel ,BX80623i72700K ,Intel Core i7 ,Sandy Bridge ,Sandy Bridge ,LGA1155 ,4.0,8.0,3.5 GHz ,,1 MB ,8 MB ,95 W ,Intel HD Graphics 3000 ,,No ,Yes ,Boxed ,32 nm ,Yes ,Yes: Hyper-Threading ,,,
Intel Core i5-4440,Intel ,BX80646I54440 ,Intel Core i5 ,Haswell ,Haswell ,LGA1150 ,4.0,4.0,3.1 GHz ,3.3 GHz ,1 MB ,6 MB ,84 W ,Intel HD Graphics 4600 ,,No ,Yes ,Boxed ,22 nm ,Yes ,No ,,,
Intel Celeron G3900,Intel ,CM8066201928610 ,Intel Celeron ,Skylake ,Skylake-S ,LGA1151 ,2.0,2.0,2.8 GHz ,,0.5 MB ,2 MB ,51 W ,Intel HD Graphics 510 ,64 GB ,Yes ,No ,OEM/Tray ,14 nm ,No ,No ,,,
Intel Xeon E5-2650 V4,Intel ,BX80660E52650V4 ,Intel Xeon E5 ,Broadwell ,Broadwell-EP ,LGA2011-3 ,12.0,24.0,2.2 GHz ,2.9 GHz ,3 MB ,30 MB ,105 W ,None ,1536 GB ,Yes ,No ,Boxed ,14 nm ,No ,Yes: Hyper-Threading ,,,
Intel Xeon E-2276G,Intel ,CM8068404227703 ,Intel Xeon E ,Coffee Lake Refresh ,Coffee Lake Refresh ,LGA1151 ,6.0,12.0,3.8 GHz ,4.9 GHz ,1.5 MB ,12 MB ,80 W ,Intel HD Graphics P630 ,128 GB ,Yes ,No ,OEM/Tray ,14 nm ,No ,Yes: Hyper-Threading ,,,
AMD Phenom II X4 940 Black,AMD ,HDZ940XCGIBOX ,AMD Phenom II X4 ,K10 ,Deneb ,AM2+ ,4.0,4.0,3 GHz ,,2 MB ,6 MB ,125 W ,None ,,No ,Yes ,Boxed ,45 nm ,Yes ,No ,,,
AMD Ryzen 7 3800X,AMD ,100-000000025 ,AMD Ryzen 7 ,Zen 2 ,Matisse ,AM4 ,8.0,16.0,3.9 GHz ,4.5 GHz ,4 MB ,32 MB ,105 W ,None ,128 GB ,No ,No ,OEM/Tray ,7 nm ,No ,Yes ,,,
AMD Ryzen 9 3950X,AMD ,100-000000051 ,AMD Ryzen 9 ,Zen 2 ,Matisse ,AM4 ,16.0,32.0,3.5 GHz ,4.7 GHz ,8 MB ,64 MB ,105 W ,None ,128 GB ,No ,No ,OEM/Tray ,7 nm ,No ,Yes ,,,
Intel Core i5-9600KF,Intel ,CM8068403874410 ,Intel Core i5 ,Coffee Lake Refresh ,Coffee Lake Refresh ,LGA1151 ,6.0,6.0,3.7 GHz ,4.6 GHz ,1.5 MB ,12 MB ,95 W ,None ,128 GB ,No ,No ,OEM/Tray ,14 nm ,No ,No ,,,
AMD Ryzen 5 2600X,AMD ,YD260XBCM6IAF ,AMD Ryzen 5 ,Zen+ ,Pinnacle Ridge ,AM4 ,6.0,12.0,3.6 GHz ,4.2 GHz ,3 MB ,15.99 MB ,95 W ,None ,64 GB ,No ,No ,OEM/Tray ,12 nm ,No ,Yes ,,,
Intel Core i9-11900,Intel ,BX8070811900 ,Intel Core i9 ,Rocket Lake ,Rocket Lake-S ,LGA1200 ,8.0,16.0,2.5 GHz ,5.2 GHz ,4 MB ,16 MB ,65 W ,Intel UHD Graphics 750 ,128 GB ,No ,Yes ,Boxed ,14 nm ,Yes ,Yes: Hyper-Threading ,,,
Intel Core i5-2500,Intel ,BX80623I52500 ,Intel Core i5 ,Sandy Bridge ,Sandy Bridge ,LGA1155 ,4.0,4.0,3.3 GHz ,,0.5 MB ,6 MB ,95 W ,Intel HD Graphics 2000 ,,No ,Yes ,Boxed ,32 nm ,Yes ,No ,,,
Intel Core i3-4170,Intel ,BX80646I34170 ,Intel Core i3 ,Haswell Refresh ,Haswell Refresh ,LGA1150 ,2.0,4.0,3.7 GHz ,,0.5 MB ,3 MB ,54 W ,Intel HD Graphics 4400 ,,Yes ,Yes ,Boxed ,22 nm ,Yes ,Yes: Hyper-Threading ,,,
Intel Core i7-4960X Extreme Edition,Intel ,BX80633I74960X ,Intel Core i7 Extreme ,Ivy Bridge ,Ivy Bridge-E ,LGA2011 ,6.0,12.0,3.6 GHz ,4 GHz ,1.5 MB ,15 MB ,130 W ,None ,,No ,No ,Boxed ,22 nm ,No ,Yes: Hyper-Threading ,,,
Intel Core i7-6700K,Intel ,CM8066201919901 ,Intel Core i7 ,Skylake ,Skylake-S ,LGA1151 ,4.0,8.0,4 GHz ,4.2 GHz ,1 MB ,8 MB ,91 W ,Intel HD Graphics 530 ,64 GB ,No ,No ,OEM/Tray ,14 nm ,No ,Yes: Hyper-Threading ,,,
Intel Core i9-10900F,Intel ,BX8070110900F ,Intel Core i9 ,Comet Lake ,Comet Lake ,LGA1200 ,10.0,20.0,2.8 GHz ,5.2 GHz ,2.5 MB ,20 MB ,65 W ,None ,128 GB ,No ,Yes ,Boxed ,14 nm ,Yes ,Yes: Hyper-Threading ,,,
AMD 5350,AMD ,AD5350JAHMBOX ,AMD Athlon ,Jaguar ,Kabini ,AM1 ,4.0,4.0,2.05 GHz ,,2 MB ,0 MB ,25 W ,Radeon HD 8400 ,,No ,Yes ,Boxed ,28 nm ,Yes ,No ,,,
Intel Core i5-6500,Intel ,CM8066201920404 ,Intel Core i5 ,Skylake ,Skylake-S ,LGA1151 ,4.0,4.0,3.2 GHz ,3.6 GHz ,1 MB ,6 MB ,65 W ,Intel HD Graphics 530 ,64 GB ,No ,No ,OEM/Tray ,14 nm ,No ,No ,,,
Intel Core i5-7400T,Intel ,CM8067702867915 ,Intel Core i5 ,Kaby Lake ,Kaby Lake-S ,LGA1151 ,4.0,4.0,2.4 GHz ,3 GHz ,1 MB ,6 MB ,35 W ,Intel HD Graphics 630 ,64 GB ,No ,No ,OEM/Tray ,14 nm ,No ,No ,,,
Intel Core 2 Extreme QX9770,Intel ,BX80569QX9770 ,Intel Core 2 Extreme ,Yorkfield ,Yorkfield ,LGA775 ,4.0,4.0,3.2 GHz ,,12 MB ,0 MB ,136 W ,None ,,No ,Yes ,Boxed ,45 nm ,Yes ,No ,,,
Intel Xeon E5-2680,Intel ,BX80621E52680 ,Intel Xeon E5 ,Sandy Bridge ,Sandy Bridge-EP ,LGA2011 ,8.0,16.0,2.7 GHz ,3.5 GHz ,2 MB ,20 MB ,130 W ,None ,,Yes ,No ,Boxed ,32 nm ,No ,Yes: Hyper-Threading ,,,
Intel Core i7-5930K,Intel ,BX80648I75930K ,Intel Core i7 ,Haswell ,Haswell-E ,LGA2011-3 ,6.0,12.0,3.5 GHz ,3.7 GHz ,1.5 MB ,15 MB ,140 W ,None ,64 GB ,No ,No ,Boxed ,22 nm ,No ,Yes: Hyper-Threading ,,,
AMD Ryzen 5 3600X,AMD ,100-000000022 ,AMD Ryzen 5 ,Zen 2 ,Matisse ,AM4 ,6.0,12.0,3.8 GHz ,4.4 GHz ,3 MB ,32 MB ,95 W ,None ,128 GB ,No ,No ,OEM/Tray ,7 nm ,No ,Yes ,,,
Intel Core i5-4670,Intel ,BX80646I54670 ,Intel Core i5 ,Haswell ,Haswell ,LGA1150 ,4.0,4.0,3.4 GHz ,,1 MB ,6 MB ,84 W ,Intel HD Graphics 4600 ,,No ,Yes ,Boxed ,22 nm ,Yes ,No ,,,
Intel Core i7-9700,Intel ,CM8068403874521 ,Intel Core i7 ,Coffee Lake Refresh ,Coffee Lake Refresh ,LGA1151 ,8.0,8.0,3 GHz ,4.7 GHz ,2 MB ,12 MB ,65 W ,Intel HD Graphics 630 ,128 GB ,No ,No ,OEM/Tray ,14 nm ,No ,No ,,,
AMD Phenom II X6 1090T Black,AMD ,HDT90ZFBGRBOX ,AMD Phenom II X6 ,K10 ,Thuban ,AM3 ,6.0,6.0,3.2 GHz ,,3 MB ,6 MB ,125 W ,None ,,No ,Yes ,Boxed ,45 nm ,Yes ,No ,,,
Intel Core i9-9960X,Intel ,CD8067304126500 ,Intel Core i9 ,Skylake ,Skylake-X ,LGA2066 ,16.0,32.0,3.1 GHz ,4.4 GHz ,16 MB ,22 MB ,165 W ,None ,128 GB ,No ,No ,OEM/Tray ,14 nm ,No ,Yes: Hyper-Threading ,,,
Intel Xeon E5-2630 V4,Intel ,BX80660E52630V4 ,Intel Xeon E5 ,Broadwell ,Broadwell-EP ,LGA2011-3 ,10.0,20.0,2.2 GHz ,3.1 GHz ,2.5 MB ,25 MB ,85 W ,None ,1536 GB ,Yes ,No ,Boxed ,14 nm ,No ,Yes: Hyper-Threading ,,,
Intel Core i7-3930K,Intel ,BX80619i73930K ,Intel Core i7 ,Sandy Bridge ,Sandy Bridge-E ,LGA2011 ,6.0,12.0,3.2 GHz ,,1.5 MB ,12 MB ,130 W ,None ,,No ,No ,Boxed ,32 nm ,No ,Yes: Hyper-Threading ,,,
Intel Core i3-530,Intel ,BX80616I3530 ,Intel Core i3 ,Westmere ,Clarkdale ,LGA1156 ,2.0,4.0,2.93 GHz ,,0.5 MB ,4 MB ,73 W ,Intel HD Graphics ,,No ,Yes ,Boxed ,32 nm ,Yes ,Yes: Hyper-Threading ,,,
Intel Core i7-6950X,Intel ,BX80671I76950X ,Intel Core i7 Extreme ,Broadwell ,Broadwell-E ,LGA2011-3 ,10.0,20.0,3 GHz ,3.5 GHz ,2.5 MB ,25 MB ,140 W ,None ,,No ,No ,Boxed ,14 nm ,No ,Yes: Hyper-Threading ,,,
Intel Core i9-11900F,Intel ,BX8070811900F ,Intel Core i9 ,Rocket Lake ,Rocket Lake-S ,LGA1200 ,8.0,16.0,2.5 GHz ,5.2 GHz ,4 MB ,16 MB ,65 W ,None ,128 GB ,No ,Yes ,Boxed ,14 nm ,Yes ,Yes: Hyper-Threading ,,,
Intel Xeon E5-2699 V3,Intel ,CM8064401739300 ,Intel Xeon E5 ,Haswell ,Haswell-EP ,LGA2011-3 ,18.0,36.0,2.3 GHz ,3.6 GHz ,4.5 MB ,45 MB ,145 W ,None ,,Yes ,No ,OEM/Tray ,22 nm ,No ,Yes: Hyper-Threading ,,,
AMD Ryzen 9 3900,AMD ,100-000000070 ,AMD Ryzen 9 ,Zen 2 ,Matisse ,AM4 ,12.0,24.0,3.1 GHz ,,6 MB ,64 MB ,65 W ,None ,128 GB ,No ,No ,OEM/Tray ,7 nm ,No ,Yes ,,,
Intel Celeron 440,Intel ,BX80557440 ,Intel Celeron ,Core ,Conroe ,LGA775 ,1.0,1.0,2 GHz ,,0.5 MB ,0 MB ,35 W ,None ,,No ,Yes ,Boxed ,65 nm ,Yes ,No ,,,
Intel Xeon E3-1230 V2,Intel ,BX80637E31230V2 ,Intel Xeon E3 ,Ivy Bridge ,Ivy Bridge ,LGA1155 ,4.0,8.0,3.3 GHz ,,1 MB ,8 MB ,69 W ,None ,,Yes ,Yes ,Boxed ,22 nm ,Yes ,Yes: Hyper-Threading ,,,
AMD Ryzen 5 5600T,AMD ,100-000001584 ,AMD Ryzen 5 ,Zen 3 ,Vermeer ,AM4 ,6.0,12.0,3.5 GHz ,4.5 GHz ,3 MB ,32 MB ,65 W ,None ,128 GB ,Yes ,No ,OEM/Tray ,7 nm ,No ,Yes ,,,
Intel Core Ultra 5 245,Intel ,AT8076806775 ,Intel Core Ultra 5 ,Arrow Lake ,Arrow Lake ,LGA1851 ,14.0,14.0,3.5 GHz ,5.1 GHz ,26 MB ,24 MB ,65 W ,Intel Xe ,192 GB ,Yes ,No ,OEM/Tray ,3 nm ,No ,No ,3 GHz ,4.5 GHz ,
Intel 300,Intel ,BX80715300 ,Intel Processor ,Raptor Lake Refresh ,Raptor Lake Refresh ,LGA1700 ,2.0,4.0,3.9 GHz ,,2.5 MB ,6 MB ,46 W ,Intel UHD Graphics 710 ,192 GB ,Yes ,Yes ,Boxed ,7 nm ,Yes ,Yes: Hyper-Threading ,,,
Intel Core i9-13900F,Intel ,BX8071513900F ,Intel Core i9 ,Raptor Lake ,Raptor Lake ,LGA1700 ,24.0,32.0,2 GHz ,5.6 GHz ,32 MB ,36 MB ,65 W ,None ,192 GB ,Yes ,Yes ,Boxed ,10 nm ,Yes ,Yes: Hyper-Threading ,2.2 GHz ,4.2 GHz ,
AMD A10-7850K,AMD ,AD785KXBJABOX ,AMD A10 ,Steamroller ,Kaveri ,FM2+ ,4.0,4.0,3.7 GHz ,4 GHz ,4 MB ,0 MB ,95 W ,Radeon R7 (on-die) ,,No ,Yes ,Boxed ,28 nm ,Yes ,No ,,,
Intel Core i9-9940X,Intel ,BX80673I99940X ,Intel Core i9 ,Skylake ,Skylake-X ,LGA2066 ,14.0,28.0,3.3 GHz ,4.4 GHz ,14 MB ,19.25 MB ,165 W ,None ,128 GB ,No ,No ,Boxed ,14 nm ,No ,Yes: Hyper-Threading ,,,
Intel Core i7-13700T,Intel ,CM8071504820903 ,Intel Core i7 ,Raptor Lake ,Raptor Lake ,LGA1700 ,16.0,24.0,1.4 GHz ,4.9 GHz ,24 MB ,30 MB ,35 W ,None ,192 GB ,Yes ,No ,OEM/Tray ,10 nm ,No ,Yes: Hyper-Threading ,1 GHz ,3.6 GHz ,
AMD FX-6100,AMD ,FD6100WMGUSBX ,AMD FX ,Bulldozer ,Zambezi ,AM3+ ,6.0,6.0,3.3 GHz ,,6 MB ,6 MB ,95 W ,None ,,No ,Yes ,OEM/Tray ,32 nm ,Yes ,No ,,,
Intel Core i7-5820K,Intel ,CM8064801548435 ,Intel Core i7 ,Haswell ,Haswell-E ,LGA2011-3 ,6.0,12.0,3.3 GHz ,3.6 GHz ,1.5 MB ,15 MB ,140 W ,None ,64 GB ,No ,No ,OEM/Tray ,22 nm ,No ,Yes: Hyper-Threading ,,,
Intel Core i7-7700T,Intel ,CM8067702868416 ,Intel Core i7 ,Kaby Lake ,Kaby Lake-S ,LGA1151 ,4.0,8.0,2.9 GHz ,3.8 GHz ,1 MB ,8 MB ,35 W ,Intel HD Graphics 630 ,64 GB ,No ,No ,OEM/Tray ,14 nm ,No ,Yes: Hyper-Threading ,,,
Intel Core i3-4160,Intel ,BX80646I34160 ,Intel Core i3 ,Haswell Refresh ,Haswell Refresh ,LGA1150 ,2.0,4.0,3.6 GHz ,,0.5 MB ,3 MB ,54 W ,Intel HD Graphics 4400 ,,Yes ,Yes ,Boxed ,22 nm ,Yes ,Yes: Hyper-Threading ,,,
Intel Xeon E5-2697 V4,Intel ,BX80660E52697V4 ,Intel Xeon E5 ,Broadwell ,Broadwell-EP ,LGA2011-3 ,18.0,36.0,2.3 GHz ,3.6 GHz ,4.5 MB ,45 MB ,145 W ,None ,1536 GB ,Yes ,No ,Boxed ,14 nm ,No ,Yes: Hyper-Threading ,,,
Intel Core 2 Duo E7500,Intel ,BX80571E7500 ,Intel Core 2 Duo ,Wolfdale ,Wolfdale ,LGA775 ,2.0,2.0,2.93 GHz ,,3 MB ,0 MB ,65 W ,None ,,No ,Yes ,Boxed ,45 nm ,Yes ,No ,,,
Intel Pentium E5700,Intel ,BX80571E5700 ,Intel Pentium ,Wolfdale ,Wolfdale ,LGA775 ,2.0,2.0,3 GHz ,,2 MB ,0 MB ,65 W ,None ,,No ,Yes ,Boxed ,45 nm ,Yes ,No ,,,
Intel Core i3-2120,Intel ,BX80623I32120 ,Intel Core i3 ,Sandy Bridge ,Sandy Bridge ,LGA1155 ,2.0,4.0,3.3 GHz ,,0.5 MB ,3 MB ,65 W ,Intel HD Graphics 2000 ,,No ,Yes ,Boxed ,32 nm ,Yes ,Yes: Hyper-Threading ,,,
Intel Xeon E5-2640 V4,Intel ,BX80660E52640V4 ,Intel Xeon E5 ,Broadwell ,Broadwell-EP ,LGA2011-3 ,10.0,20.0,2.4 GHz ,3.4 GHz ,2.5 MB ,25 MB ,90 W ,None ,1536 GB ,Yes ,No ,Boxed ,14 nm ,No ,Yes: Hyper-Threading ,,,
Intel Core i5-3330,Intel ,BX80637i53330 ,Intel Core i5 ,Ivy Bridge ,Ivy Bridge ,LGA1155 ,4.0,4.0,3 GHz ,,1 MB ,6 MB ,77 W ,Intel HD Graphics 2500 ,,No ,Yes ,Boxed ,22 nm ,Yes ,No ,,,
Intel Core i7-4790S,Intel ,BX80646I74790S ,Intel Core i7 ,Haswell Refresh ,Haswell Refresh ,LGA1150 ,4.0,8.0,3.2 GHz ,4 GHz ,1 MB ,8 MB ,65 W ,Intel HD Graphics 4000 ,,No ,Yes ,Boxed ,22 nm ,Yes ,Yes: Hyper-Threading ,,,
Intel Core i5-7600,Intel ,CM8067702868011 ,Intel Core i5 ,Kaby Lake ,Kaby Lake-S ,LGA1151 ,4.0,4.0,3.5 GHz ,4.1 GHz ,1 MB ,6 MB ,65 W ,Intel HD Graphics 630 ,64 GB ,No ,No ,OEM/Tray ,14 nm ,No ,No ,,,
Intel Core i7-990X Extreme Edition,Intel ,BX80613I7990X ,Intel Core i7 Extreme ,Westmere ,Gulftown ,LGA1366 ,6.0,12.0,3.467 GHz ,,1.5 MB ,12 MB ,130 W ,None ,,No ,Yes ,Boxed ,32 nm ,Yes ,Yes: Hyper-Threading ,,,
Intel Xeon E5-2698 V4,Intel ,CM8066002024000 ,Intel Xeon E5 ,Broadwell ,Broadwell-EP ,LGA2011-3 ,20.0,40.0,2.2 GHz ,3.6 GHz ,5 MB ,50 MB ,135 W ,None ,1536 GB ,Yes ,No ,OEM/Tray ,14 nm ,No ,Yes: Hyper-Threading ,,,
Intel Core i7-3970X Extreme Edition,Intel ,BX80619I73970X ,Intel Core i7 Extreme ,Sandy Bridge ,Sandy Bridge-E ,LGA2011 ,6.0,12.0,3.5 GHz ,,1.5 MB ,15 MB ,150 W ,None ,,No ,No ,Boxed ,32 nm ,No ,Yes: Hyper-Threading ,,,
Intel Core i7-8700T,Intel ,CM8068403358413 ,Intel Core i7 ,Coffee Lake ,Coffee Lake ,LGA1151 ,6.0,12.0,2.4 GHz ,4 GHz ,1.5 MB ,12 MB ,35 W ,Intel UHD Graphics 630 ,128 GB ,No ,No ,OEM/Tray ,14 nm ,No ,Yes: Hyper-Threading ,,,
Intel Pentium G2120,Intel ,BX80637G2120 ,Intel Pentium ,Ivy Bridge ,Ivy Bridge ,LGA1155 ,2.0,2.0,3.1 GHz ,,0.5 MB ,3 MB ,55 W ,Intel HD Graphics ,,Yes ,Yes ,Boxed ,22 nm ,Yes ,No ,,,
AMD Ryzen 5 2400G,AMD ,YD2400C5M4MFB ,AMD Ryzen 5 ,Zen ,Raven Ridge ,AM4 ,4.0,8.0,3.6 GHz ,3.9 GHz ,2 MB ,4 MB ,65 W ,Radeon Vega 11 ,,No ,No ,OEM/Tray ,14 nm ,No ,Yes ,,,
AMD Ryzen 5 PRO 7645,AMD ,100-000000600 ,AMD Ryzen 5 PRO ,Zen 4 ,Raphael ,AM5 ,6.0,12.0,3.8 GHz ,5.1 GHz ,6 MB ,32 MB ,65 W ,Radeon ,128 GB ,Yes ,No ,OEM/Tray ,5 nm ,No ,Yes ,,,
Intel Core i7-4770K,Intel ,BXF80646I74770K ,Intel Core i7 ,Haswell ,Haswell ,LGA1150 ,4.0,8.0,3.5 GHz ,3.9 GHz ,1 MB ,8 MB ,84 W ,Intel HD Graphics 4600 ,,No ,No ,Boxed ,22 nm ,No ,Yes: Hyper-Threading ,,,
Intel Core 2 Quad Q9550,Intel ,EU80569PJ073N ,Intel Core 2 Quad ,Yorkfield ,Yorkfield ,LGA775 ,4.0,4.0,2.83 GHz ,,12 MB ,0 MB ,95 W ,None ,,No ,No ,OEM/Tray ,45 nm ,No ,No ,,,
Intel Xeon E5-1630 V4,Intel ,CM8066002395300 ,Intel Xeon E5 ,Broadwell ,Broadwell-EP ,LGA2011-3 ,4.0,8.0,3.7 GHz ,4 GHz ,1 MB ,10 MB ,140 W ,None ,1536 GB ,Yes ,No ,OEM/Tray ,14 nm ,No ,Yes: Hyper-Threading ,,,
Intel Core i5-9600K,Intel ,CM8068403874404 ,Intel Core i5 ,Coffee Lake Refresh ,Coffee Lake Refresh ,LGA1151 ,6.0,6.0,3.7 GHz ,4.6 GHz ,1.5 MB ,9 MB ,95 W ,Intel UHD Graphics 630 ,128 GB ,No ,No ,OEM/Tray ,14 nm ,No ,No ,,,
Intel Core i3-13100T,Intel ,CM8071505092101 ,Intel Core i3 ,Raptor Lake ,Raptor Lake ,LGA1700 ,4.0,8.0,2.5 GHz ,4.2 GHz ,5 MB ,12 MB ,35 W ,Intel UHD Graphics 730 ,192 GB ,No ,No ,OEM/Tray ,10 nm ,No ,Yes: Hyper-Threading ,,,
AMD A10-6700,AMD ,AD6700OKHLBOX ,AMD A10 ,Piledriver ,Richland ,FM2 ,4.0,4.0,3.7 GHz ,,2 MB ,0 MB ,65 W ,Radeon HD 8670D ,,No ,Yes ,Boxed ,32 nm ,Yes ,No ,,,
Intel Celeron G3900,Intel ,BX80662G3900 ,Intel Celeron ,Skylake ,Skylake-S ,LGA1151 ,2.0,2.0,2.8 GHz ,,0.5 MB ,2 MB ,51 W ,Intel HD Graphics 510 ,64 GB ,Yes ,Yes ,Boxed ,14 nm ,Yes ,No ,,,
Intel Core i9-9900K (Standard Folding Box),Intel ,BX806849900K ,Intel Core i9 ,Coffee Lake Refresh ,Coffee Lake Refresh ,LGA1151 ,8.0,16.0,3.6 GHz ,5 GHz ,2 MB ,16 MB ,95 W ,Intel UHD Graphics 630 ,128 GB ,No ,No ,Boxed ,14 nm ,No ,Yes: Hyper-Threading ,,,Core i9-9900K (Standard Folding Box) 
Intel Core i3-2120T,Intel ,BX80623I32120T ,Intel Core i3 ,Sandy Bridge ,Sandy Bridge ,LGA1155 ,2.0,4.0,2.6 GHz ,,0.5 MB ,3 MB ,35 W ,Intel HD Graphics 2000 ,,No ,Yes ,Boxed ,32 nm ,Yes ,Yes: Hyper-Threading ,,,
Intel Xeon E5-2687W V4,Intel ,BX80660E52687V4 ,Intel Xeon E5 ,Broadwell ,Broadwell-EP ,LGA2011-3 ,12.0,24.0,3 GHz ,3.5 GHz ,3 MB ,30 MB ,160 W ,None ,1536 GB ,Yes ,No ,Boxed ,14 nm ,No ,Yes: Hyper-Threading ,,,
Intel Core i5-7500T,Intel ,BX80677I57500T ,Intel Core i5 ,Kaby Lake ,Kaby Lake-S ,LGA1151 ,4.0,4.0,2.7 GHz ,3.3 GHz ,1 MB ,6 MB ,35 W ,Intel HD Graphics 630 ,64 GB ,No ,Yes ,Boxed ,14 nm ,Yes ,No ,,,
Intel Core i7-3770S,Intel , BX80637I73770S | BX806237I73770S | ,Intel Core i7 ,Ivy Bridge ,Ivy Bridge ,LGA1155 ,4.0,8.0,3.1 GHz ,,1 MB ,8 MB ,65 W ,Intel HD Graphics 4000 ,,No ,Yes ,Boxed ,22 nm ,Yes ,Yes: Hyper-Threading ,,,
Intel Xeon E3-1270 V3,Intel ,BX80646E31270V3 ,Intel Xeon E3 ,Haswell ,Haswell ,LGA1150 ,4.0,8.0,3.5 GHz ,3.9 GHz ,1 MB ,8 MB ,80 W ,None ,,Yes ,Yes ,Boxed ,22 nm ,Yes ,Yes: Hyper-Threading ,,,
Intel Core i5-9500T,Intel ,CM8068403362510 ,Intel Core i5 ,Coffee Lake Refresh ,Coffee Lake Refresh ,LGA1151 ,6.0,6.0,2.2 GHz ,3.7 GHz ,1.5 MB ,9 MB ,35 W ,Intel UHD Graphics 630 ,128 GB ,No ,No ,OEM/Tray ,14 nm ,No ,No ,,,
Intel Core i7-870,Intel ,BX80605I7870 ,Intel Core i7 ,Nehalem ,Lynnfield ,LGA1156 ,4.0,8.0,2.93 GHz ,,1 MB ,8 MB ,95 W ,None ,,No ,Yes ,Boxed ,45 nm ,Yes ,Yes: Hyper-Threading ,,,
Intel Core i7-5775C,Intel ,BX80658I75775C ,Intel Core i7 ,Broadwell ,Broadwell ,LGA1150 ,4.0,8.0,3.3 GHz ,3.7 GHz ,1 MB ,6 MB ,65 W ,Iris Pro Graphics 6200 ,,No ,Yes ,Boxed ,14 nm ,Yes ,Yes: Hyper-Threading ,,,
Intel Core i7-4770S,Intel ,BX80646I74770S ,Intel Core i7 ,Haswell ,Haswell ,LGA1150 ,4.0,8.0,3.1 GHz ,,1 MB ,8 MB ,65 W ,Intel HD Graphics 4600 ,,No ,Yes ,Boxed ,22 nm ,Yes ,Yes: Hyper-Threading ,,,
Intel Celeron E3400,Intel ,AT80571RG0641ML ,Intel Celeron ,Wolfdale ,Wolfdale ,LGA775 ,2.0,2.0,2.6 GHz ,,1 MB ,0 MB ,65 W ,None ,,No ,No ,OEM/Tray ,45 nm ,No ,No ,,,
Intel Core i7-9800X,Intel ,BX80673I79800X ,Intel Core i7 ,Skylake ,Skylake-X ,LGA2066 ,8.0,16.0,3.8 GHz ,4.5 GHz ,8 MB ,16.5 MB ,165 W ,None ,128 GB ,No ,No ,Boxed ,14 nm ,No ,Yes: Hyper-Threading ,,,
Intel Core i7-6700T,Intel ,CM8066201920202 ,Intel Core i7 ,Skylake ,Skylake-S ,LGA1151 ,4.0,8.0,2.8 GHz ,3.6 GHz ,1 MB ,8 MB ,35 W ,Intel HD Graphics 530 ,64 GB ,No ,No ,OEM/Tray ,14 nm ,No ,Yes: Hyper-Threading ,,,
AMD FX-8350,AMD ,FD8350FRHKHBX ,AMD FX ,Piledriver ,Vishera ,AM3+ ,8.0,8.0,4 GHz ,,8 MB ,8 MB ,125 W ,None ,,No ,Yes ,Boxed ,32 nm ,Yes ,No ,,,
Intel Xeon E3-1231 V3,Intel ,BX80646E31231V3 ,Intel Xeon E3 ,Haswell Refresh ,Haswell Refresh ,LGA1150 ,4.0,8.0,3.4 GHz ,3.8 GHz ,1 MB ,8 MB ,80 W ,None ,,Yes ,Yes ,Boxed ,22 nm ,Yes ,Yes: Hyper-Threading ,,,
AMD Ryzen 5 5600F,AMD ,100-000001903 ,AMD Ryzen 5 ,Zen 3 ,Vermeer ,AM4 ,6.0,12.0,3 GHz ,4 GHz ,3 MB ,32 MB ,65 W ,None ,128 GB ,Yes ,No ,OEM/Tray ,7 nm ,No ,Yes ,,,
Intel Core i7-9700F,Intel ,CM8068403874523 ,Intel Core i7 ,Coffee Lake Refresh ,Coffee Lake Refresh ,LGA1151 ,8.0,8.0,3 GHz ,4.7 GHz ,2 MB ,12 MB ,65 W ,None ,128 GB ,No ,No ,OEM/Tray ,14 nm ,No ,No ,,,
Intel Pentium Gold G5400,Intel ,BX80684G5400 ,Intel Pentium Gold ,Coffee Lake ,Coffee Lake ,LGA1151 ,2.0,4.0,3.7 GHz ,,0.5 MB ,4 MB ,58 W ,Intel UHD Graphics 610 ,64 GB ,Yes ,Yes ,Boxed ,14 nm ,Yes ,Yes: Hyper-Threading ,,,
AMD A10-7700K,AMD ,AD770KXBJABOX ,AMD A10 ,Steamroller ,Kaveri ,FM2+ ,4.0,4.0,3.4 GHz ,3.8 GHz ,4 MB ,0 MB ,95 W ,Radeon R7 (on-die) ,,No ,Yes ,Boxed ,28 nm ,Yes ,No ,,,
Intel Xeon E5-2697 V3,Intel ,BX80644E52697V3 ,Intel Xeon E5 ,Haswell ,Haswell-EP ,LGA2011-3 ,14.0,28.0,2.6 GHz ,3.6 GHz ,3.5 MB ,35 MB ,145 W ,None ,,Yes ,No ,Boxed ,22 nm ,No ,Yes: Hyper-Threading ,,,
Intel Core i7-6900K,Intel ,BX80671I76900K ,Intel Core i7 ,Broadwell ,Broadwell-E ,LGA2011-3 ,8.0,16.0,3.2 GHz ,3.7 GHz ,2 MB ,20 MB ,140 W ,None ,128 GB ,No ,No ,Boxed ,14 nm ,No ,Yes: Hyper-Threading ,,,
AMD A8-7600,AMD ,AD7600YBJABOX ,AMD A8 ,Steamroller ,Kaveri ,FM2+ ,4.0,4.0,3.1 GHz ,3.8 GHz ,4 MB ,0 MB ,65 W ,Radeon R7 (on-die) ,,No ,Yes ,Boxed ,28 nm ,Yes ,No ,,,
Intel Core i3-8350K,Intel ,BX80684I38350K ,Intel Core i3 ,Coffee Lake ,Coffee Lake ,LGA1151 ,4.0,4.0,4 GHz ,,1 MB ,8 MB ,91 W ,Intel UHD Graphics 630 ,64 GB ,No ,No ,Boxed ,14 nm ,No ,No ,,,
Intel Core i9-9900X,Intel ,CD8067304126200 ,Intel Core i9 ,Skylake ,Skylake-X ,LGA2066 ,10.0,20.0,3.5 GHz ,4.4 GHz ,10 MB ,19.25 MB ,165 W ,None ,128 GB ,No ,No ,Boxed ,14 nm ,No ,Yes: Hyper-Threading ,,,
Intel Pentium G2020,Intel ,BX80637G2020 ,Intel Pentium ,Ivy Bridge ,Ivy Bridge ,LGA1155 ,2.0,2.0,2.9 GHz ,,0.5 MB ,3 MB ,55 W ,Intel HD Graphics ,,No ,Yes ,Boxed ,22 nm ,Yes ,No ,,,
Intel Core i9-10940X,Intel ,BX8069510940X ,Intel Core i9 ,Cascade Lake ,Cascade Lake-X ,LGA2066 ,14.0,28.0,3.3 GHz ,4.8 GHz ,14 MB ,19.25 MB ,165 W ,None ,256 GB ,No ,No ,Boxed ,14 nm ,No ,Yes: Hyper-Threading ,,,
AMD Phenom II X6 1100T Black,AMD ,HDE00ZFBGRBOX ,AMD Phenom II X6 ,K10 ,Thuban ,AM3 ,6.0,6.0,3.3 GHz ,,3 MB ,6 MB ,125 W ,None ,,No ,Yes ,Boxed ,45 nm ,Yes ,No ,,,
AMD FX-4300,AMD ,FD4300WMHKBOX ,AMD FX ,Piledriver ,Vishera ,AM3+ ,4.0,4.0,3.8 GHz ,,4 MB ,4 MB ,95 W ,None ,,No ,Yes ,Boxed ,32 nm ,Yes ,No ,,,
Intel Core i5-13600,Intel ,BX8071513600 ,Intel Core i5 ,Raptor Lake ,Raptor Lake ,LGA1700 ,14.0,20.0,2.7 GHz ,5 GHz ,11.5 MB ,24 MB ,65 W ,Intel UHD Graphics 770 ,192 GB ,No ,Yes ,Boxed ,10 nm ,Yes ,Yes: Hyper-Threading ,2 GHz ,3.7 GHz ,
Intel Xeon E3-1285 V6,Intel ,CM8067702870937 ,Intel Xeon E3 ,Kaby Lake ,Kaby Lake-S ,LGA1151 ,4.0,8.0,4.1 GHz ,4.5 GHz ,1 MB ,8 MB ,79 W ,Intel HD Graphics 630 ,64 GB ,Yes ,No ,OEM/Tray ,14 nm ,No ,Yes: Hyper-Threading ,,,
AMD Ryzen 7 1700X,AMD ,YD170XBCAEMPK ,AMD Ryzen 7 ,Zen ,Summit Ridge ,AM4 ,8.0,16.0,3.4 GHz ,3.8 GHz ,4 MB ,16 MB ,95 W ,None ,,No ,Yes ,Boxed ,14 nm ,Yes ,Yes ,,,
Intel Core i5-9600,Intel ,BX80684I59600 ,Intel Core i5 ,Coffee Lake Refresh ,Coffee Lake Refresh ,LGA1151 ,6.0,6.0,3.1 GHz ,4.6 GHz ,1.5 MB ,9 MB ,65 W ,Intel UHD Graphics 630 ,128 GB ,No ,Yes ,Boxed ,14 nm ,Yes ,No ,,,
AMD Athlon II X4 640,AMD ,ADX640WFGMBOX ,AMD Athlon II X4 ,K10 ,Propus ,AM3 ,4.0,4.0,3 GHz ,,2 MB ,0 MB ,95 W ,None ,,No ,Yes ,Boxed ,45 nm ,Yes ,No ,,,
Intel Core i7-4820K,Intel ,BX80633I74820K ,Intel Core i7 ,Ivy Bridge ,Ivy Bridge-E ,LGA2011 ,4.0,8.0,3.7 GHz ,3.9 GHz ,1 MB ,10 MB ,130 W ,None ,,No ,No ,Boxed ,22 nm ,No ,Yes: Hyper-Threading ,,,
Intel Core i5-7500,Intel ,CM8067702868012 ,Intel Core i5 ,Kaby Lake ,Kaby Lake-S ,LGA1151 ,4.0,4.0,3.4 GHz ,3.8 GHz ,1 MB ,6 MB ,65 W ,Intel HD Graphics 630 ,64 GB ,No ,No ,OEM/Tray ,14 nm ,No ,No ,,,
AMD EPYC 4244P,AMD ,100-100001480WOF ,AMD EPYC ,Zen 4 ,Raphael ,AM5 ,6.0,12.0,3.8 GHz ,5.1 GHz ,6 MB ,32 MB ,65 W ,Radeon ,,Yes ,No ,Boxed ,5 nm ,No ,Yes ,,,
Intel Xeon E5-2670 V3,Intel ,BX80644E52670V3 ,Intel Xeon E5 ,Haswell ,Haswell-EP ,LGA2011-3 ,12.0,24.0,2.3 GHz ,3.1 GHz ,3 MB ,30 MB ,120 W ,None ,,Yes ,No ,Boxed ,22 nm ,No ,Yes: Hyper-Threading ,,,
Intel Core i7-980X Extreme Edition,Intel ,BX80613I7980X ,Intel Core i7 Extreme ,Westmere ,Gulftown ,LGA1366 ,6.0,12.0,3.33 GHz ,,1.5 MB ,12 MB ,130 W ,None ,,No ,Yes ,Boxed ,32 nm ,Yes ,Yes: Hyper-Threading ,,,
Intel Core i5-655K,Intel ,BX80616I5655K ,Intel Core i5 ,Westmere ,Clarkdale ,LGA1156 ,2.0,4.0,3.2 GHz ,,0.5 MB ,4 MB ,73 W ,Intel HD Graphics ,,No ,Yes ,Boxed ,32 nm ,Yes ,Yes: Hyper-Threading ,,,
Intel Xeon E5-1620 V3,Intel ,BX80644E51620V3 ,Intel Xeon E5 ,Haswell ,Haswell-EP ,LGA2011-3 ,4.0,8.0,3.5 GHz ,3.6 GHz ,1 MB ,10 MB ,140 W ,None ,,Yes ,No ,Boxed ,22 nm ,No ,Yes: Hyper-Threading ,,,
Intel Core i5-8600K,Intel ,CM8068403358508 ,Intel Core i5 ,Coffee Lake ,Coffee Lake ,LGA1151 ,6.0,6.0,3.6 GHz ,4.3 GHz ,1.5 MB ,9 MB ,95 W ,Intel UHD Graphics 630 ,128 GB ,No ,No ,OEM/Tray ,14 nm ,No ,No ,,,
Intel Core 2 Extreme QX9775,Intel ,BX80574QX9775 ,Intel Core 2 Extreme ,Yorkfield ,Yorkfield ,LGA771 ,4.0,4.0,3.2 GHz ,,12 MB ,0 MB ,150 W ,None ,,No ,Yes ,Boxed ,45 nm ,Yes ,No ,,,
Intel Celeron G4930,Intel ,BX80684G4930 ,Intel Celeron ,Coffee Lake ,Coffee Lake ,LGA1151 ,2.0,2.0,3.2 GHz ,,0.5 MB ,2 MB ,54 W ,Intel UHD Graphics 610 ,64 GB ,Yes ,Yes ,Boxed ,14 nm ,Yes ,No ,,,
Intel Celeron G4900,Intel ,CM8068403378112 ,Intel Celeron ,Coffee Lake ,Coffee Lake ,LGA1151 ,2.0,2.0,3.1 GHz ,,0.5 MB ,2 MB ,65 W ,Intel UHD Graphics 610 ,64 GB ,Yes ,No ,OEM/Tray ,14 nm ,No ,No ,,,
Intel Core i5-3450,Intel , BX80637I53450 | BX806237I53450 | ,Intel Core i5 ,Ivy Bridge ,Ivy Bridge ,LGA1155 ,4.0,4.0,3.1 GHz ,,1 MB ,6 MB ,77 W ,Intel HD Graphics 2500 ,,No ,Yes ,Boxed ,22 nm ,Yes ,No ,,,
Intel Xeon E5-2630 V3,Intel ,CM8064401831000 ,Intel Xeon E5 ,Haswell ,Haswell-EP ,LGA2011-3 ,8.0,16.0,2.4 GHz ,3.2 GHz ,2 MB ,20 MB ,85 W ,None ,,Yes ,No ,OEM/Tray ,22 nm ,No ,Yes: Hyper-Threading ,,,
Intel Core i7-3820,Intel ,BX80619I73820 ,Intel Core i7 ,Sandy Bridge ,Sandy Bridge-E ,LGA2011 ,4.0,8.0,3.6 GHz ,,1 MB ,10 MB ,130 W ,None ,,No ,No ,Boxed ,32 nm ,No ,Yes: Hyper-Threading ,,,
Intel Core i3-10100T,Intel ,CM8070104291412 ,Intel Core i3 ,Comet Lake ,Comet Lake ,LGA1200 ,4.0,8.0,3 GHz ,3.8 GHz ,1 MB ,6 MB ,35 W ,Intel UHD Graphics 630 ,128 GB ,No ,No ,OEM/Tray ,14 nm ,No ,Yes: Hyper-Threading ,,,
Intel Core 2 Quad Q6600,Intel ,HH80562PH0568M ,Intel Core 2 Quad ,Core ,Kentsfield ,LGA775 ,4.0,4.0,2.4 GHz ,,8 MB ,0 MB ,100 W ,None ,,No ,No ,OEM/Tray ,65 nm ,No ,No ,,,
AMD A8-6600K,AMD ,AD660KWOHLBOX ,AMD A8 ,Piledriver ,Richland ,FM2 ,4.0,4.0,3.9 GHz ,,2 MB ,0 MB ,100 W ,Radeon HD 8570D ,,No ,Yes ,Boxed ,32 nm ,Yes ,No ,,,
AMD Ryzen 7 PRO 7745,AMD ,100-000000599 ,AMD Ryzen 7 PRO ,Zen 4 ,Raphael ,AM5 ,8.0,16.0,3.8 GHz ,5.3 GHz ,8 MB ,32 MB ,65 W ,Radeon ,128 GB ,Yes ,No ,OEM/Tray ,5 nm ,No ,Yes ,,,
AMD EPYC 4464P,AMD ,100-100001478WOF ,AMD EPYC ,Zen 4 ,Raphael ,AM5 ,12.0,24.0,3.7 GHz ,5.4 GHz ,12 MB ,32 MB ,65 W ,Radeon ,,Yes ,No ,Boxed ,5 nm ,No ,Yes ,,,
Intel Core i5-11600,Intel ,BX8070811600 ,Intel Core i5 ,Rocket Lake ,Rocket Lake-S ,LGA1200 ,6.0,12.0,2.8 GHz ,4.8 GHz ,3 MB ,12 MB ,65 W ,Intel UHD Graphics 750 ,128 GB ,No ,Yes ,Boxed ,14 nm ,Yes ,Yes: Hyper-Threading ,,,
Intel Core i3-3240,Intel ,BX80637i33240 ,Intel Core i3 ,Ivy Bridge ,Ivy Bridge ,LGA1155 ,2.0,4.0,3.4 GHz ,,0.5 MB ,3 MB ,55 W ,Intel HD Graphics 2500 ,,No ,Yes ,Boxed ,22 nm ,Yes ,Yes: Hyper-Threading ,,,
Intel Celeron G5925,Intel ,BX80701G5925 ,Intel Celeron ,Comet Lake ,Comet Lake ,LGA1200 ,2.0,2.0,3.6 GHz ,,0.5 MB ,4 MB ,58 W ,Intel UHD Graphics 610 ,128 GB ,No ,Yes ,Boxed ,14 nm ,Yes ,No ,,,
Intel Xeon E5-2660 V3,Intel ,CM8064401446117 ,Intel Xeon E5 ,Haswell ,Haswell-EP ,LGA2011-3 ,10.0,20.0,2.6 GHz ,3.3 GHz ,2.5 MB ,25 MB ,105 W ,None ,,Yes ,No ,OEM/Tray ,22 nm ,No ,Yes: Hyper-Threading ,,,
Intel Celeron G1610,Intel ,BX80637G1610 ,Intel Celeron ,Ivy Bridge ,Ivy Bridge ,LGA1155 ,2.0,2.0,2.6 GHz ,,0.5 MB ,2 MB ,55 W ,Intel HD Graphics ,,No ,Yes ,Boxed ,22 nm ,Yes ,No ,,,
Intel Core i7-7740X,Intel ,BX80677I77740X ,Intel Core i7 ,Kaby Lake ,Kaby Lake-X ,LGA2066 ,4.0,8.0,4.3 GHz ,4.5 GHz ,1 MB ,8 MB ,112 W ,None ,64 GB ,No ,No ,Boxed ,14 nm ,No ,Yes: Hyper-Threading ,,,
Intel Core i9-7980XE,Intel ,BX80673I97980X ,Intel Core i9 ,Skylake ,Skylake-X ,LGA2066 ,18.0,36.0,2.6 GHz ,4.4 GHz ,18 MB ,24 MB ,165 W ,None ,128 GB ,No ,No ,Boxed ,14 nm ,No ,Yes: Hyper-Threading ,,,
Intel Core i5-4430,Intel ,BX80646I54430 ,Intel Core i5 ,Haswell ,Haswell ,LGA1150 ,4.0,4.0,3 GHz ,,1 MB ,6 MB ,84 W ,Intel HD Graphics 4600 ,,No ,Yes ,Boxed ,22 nm ,Yes ,No ,,,
Intel Core i7-7740X,Intel ,CM8067702868631 ,Intel Core i7 ,Kaby Lake ,Kaby Lake-X ,LGA2066 ,4.0,8.0,4.3 GHz ,4.5 GHz ,1 MB ,8 MB ,112 W ,None ,64 GB ,No ,No ,OEM/Tray ,14 nm ,No ,Yes: Hyper-Threading ,,,
AMD A4-6300B,AMD ,AD630BOKA23HL ,AMD A4 ,Piledriver ,Richland ,FM2 ,2.0,2.0,3.7 GHz ,3.9 GHz ,1 MB ,0 MB ,65 W ,Radeon HD 8370D ,,No ,No ,OEM/Tray ,32 nm ,No ,No ,,,
AMD A4-3300,AMD , AD3300OJHXBOX | AD3300OJGXBOX | ,AMD A4 ,Lynx ,Llano ,FM1 ,2.0,2.0,2.5 GHz ,,1 MB ,0 MB ,65 W ,Radeon HD 6410D ,,No ,Yes ,Boxed ,32 nm ,Yes ,No ,,,
Intel Core i5-6400,Intel ,CM8066201920506 ,Intel Core i5 ,Skylake ,Skylake-S ,LGA1151 ,4.0,4.0,2.7 GHz ,3.3 GHz ,1 MB ,6 MB ,65 W ,Intel HD Graphics 530 ,64 GB ,No ,No ,OEM/Tray ,14 nm ,No ,No ,,,
Intel Xeon E3-1245 V6,Intel ,BX80677E31245V6 ,Intel Xeon E3 ,Kaby Lake ,Kaby Lake-S ,LGA1151 ,4.0,8.0,3.7 GHz ,4.1 GHz ,1 MB ,8 MB ,73 W ,Intel HD Graphics P630 ,64 GB ,Yes ,Yes ,Boxed ,14 nm ,Yes ,Yes: Hyper-Threading ,,,
Intel Xeon E5-2660,Intel ,CM8062107184801 ,Intel Xeon E5 ,Sandy Bridge ,Sandy Bridge-EP ,LGA2011 ,8.0,16.0,2.2 GHz ,3 GHz ,2 MB ,20 MB ,95 W ,None ,,Yes ,No ,OEM/Tray ,32 nm ,No ,Yes: Hyper-Threading ,,,
Intel Pentium Gold G6405,Intel ,BX80701G6405 ,Intel Pentium Gold ,Comet Lake ,Comet Lake ,LGA1200 ,2.0,4.0,4.1 GHz ,,0.5 MB ,4 MB ,58 W ,Intel UHD Graphics 610 ,128 GB ,No ,Yes ,Boxed ,14 nm ,Yes ,Yes: Hyper-Threading ,,,
Intel Xeon E5-1620 V4,Intel ,CM8066002044103 ,Intel Xeon E5 ,Broadwell ,Broadwell-EP ,LGA2011-3 ,4.0,8.0,3.5 GHz ,3.8 GHz ,1 MB ,10 MB ,140 W ,None ,1536 GB ,Yes ,No ,OEM/Tray ,14 nm ,No ,Yes: Hyper-Threading ,,,
Intel Core i3-10300,Intel ,BX8070110300 ,Intel Core i3 ,Comet Lake ,Comet Lake ,LGA1200 ,4.0,8.0,3.7 GHz ,4.4 GHz ,1 MB ,8 MB ,65 W ,Intel UHD Graphics 630 ,128 GB ,No ,Yes ,Boxed ,14 nm ,Yes ,Yes: Hyper-Threading ,,,
Intel Xeon E5-2630,Intel ,BX80621E52630 ,Intel Xeon E5 ,Sandy Bridge ,Sandy Bridge-EP ,LGA2011 ,6.0,12.0,2.3 GHz ,,1.5 MB ,15 MB ,95 W ,None ,,Yes ,No ,Boxed ,32 nm ,No ,Yes: Hyper-Threading ,,,
Intel Core i5-4590S,Intel ,BX80646I54590S ,Intel Core i5 ,Haswell Refresh ,Haswell Refresh ,LGA1150 ,4.0,4.0,3 GHz ,3.7 GHz ,1 MB ,6 MB ,65 W ,Intel HD Graphics 4000 ,,No ,Yes ,Boxed ,22 nm ,Yes ,No ,,,
Intel Core i5-7400,Intel ,CM8067702867050 ,Intel Core i5 ,Kaby Lake ,Kaby Lake-S ,LGA1151 ,4.0,4.0,3 GHz ,3.5 GHz ,1 MB ,6 MB ,65 W ,Intel HD Graphics 630 ,64 GB ,No ,No ,OEM/Tray ,14 nm ,No ,No ,,,
Intel Core i7-9700T,Intel ,CM8068403874912 ,Intel Core i7 ,Coffee Lake Refresh ,Coffee Lake Refresh ,LGA1151 ,8.0,8.0,2 GHz ,4.3 GHz ,2 MB ,12 MB ,35 W ,Intel HD Graphics 630 ,128 GB ,No ,No ,OEM/Tray ,14 nm ,No ,No ,,,
Intel Core 2 Quad Q9300,Intel ,BX80580Q9300 ,Intel Core 2 Quad ,Yorkfield ,Yorkfield ,LGA775 ,4.0,4.0,2.5 GHz ,,6 MB ,0 MB ,95 W ,None ,,No ,Yes ,Boxed ,45 nm ,Yes ,No ,,,
Intel Pentium G3258,Intel ,BX80646G3258 ,Intel Pentium ,Haswell Refresh ,Haswell Refresh ,LGA1150 ,2.0,2.0,3.2 GHz ,,0.5 MB ,3 MB ,53 W ,Intel HD Graphics ,,Yes ,Yes ,Boxed ,22 nm ,Yes ,No ,,,
Intel Core i7-860,Intel ,BX80605I7860 ,Intel Core i7 ,Nehalem ,Lynnfield ,LGA1156 ,4.0,8.0,2.8 GHz ,,1 MB ,8 MB ,95 W ,None ,,No ,Yes ,Boxed ,45 nm ,Yes ,Yes: Hyper-Threading ,,,
Intel Core 2 Quad Q9650,Intel ,BX80569Q9650 ,Intel Core 2 Quad ,Yorkfield ,Yorkfield ,LGA775 ,4.0,4.0,3 GHz ,,12 MB ,0 MB ,95 W ,None ,,No ,Yes ,Boxed ,45 nm ,Yes ,No ,,,
Intel Xeon E5-2680 V3,Intel ,CM8064401439612 ,Intel Xeon E5 ,Haswell ,Haswell-EP ,LGA2011-3 ,12.0,24.0,2.5 GHz ,3.3 GHz ,3 MB ,30 MB ,120 W ,None ,,Yes ,No ,OEM/Tray ,22 nm ,No ,Yes: Hyper-Threading ,,,
Intel Core i5-6500T,Intel ,BXC80662I56500T ,Intel Core i5 ,Skylake ,Skylake-S ,LGA1151 ,4.0,4.0,2.5 GHz ,3.1 GHz ,1 MB ,6 MB ,35 W ,Intel HD Graphics 530 ,64 GB ,No ,Yes ,Boxed ,14 nm ,Yes ,No ,,,
AMD A10-7890K,AMD ,AD789KXDJCHBX ,AMD A10 ,Steamroller ,Godavari ,FM2+ ,4.0,4.0,4.1 GHz ,4.3 GHz ,4 MB ,0 MB ,95 W ,Radeon R7 (on-die) ,,No ,Yes ,Boxed ,28 nm ,Yes ,No ,,,
Intel Xeon E5-2660 V4,Intel ,BX80660E52660V4 ,Intel Xeon E5 ,Broadwell ,Broadwell-EP ,LGA2011-3 ,14.0,28.0,2 GHz ,3.2 GHz ,3.5 MB ,35 MB ,105 W ,None ,,Yes ,No ,Boxed ,14 nm ,No ,Yes: Hyper-Threading ,,,
Intel Core 2 Duo E8600,Intel ,AT80570PJ0936M ,Intel Core 2 Duo ,Wolfdale ,Wolfdale ,LGA775 ,2.0,2.0,3.33 GHz ,,6 MB ,0 MB ,65 W ,None ,,No ,No ,OEM/Tray ,45 nm ,No ,No ,,,
Intel Core i5-760,Intel ,BX80605I5760 ,Intel Core i5 ,Nehalem ,Lynnfield ,LGA1156 ,4.0,4.0,2.8 GHz ,,1 MB ,8 MB ,95 W ,None ,,No ,Yes ,Boxed ,45 nm ,Yes ,No ,,,
AMD 2650,AMD ,SD2650JAHMBOX ,AMD Sempron ,Jaguar ,Kabini ,AM1 ,2.0,2.0,1.45 GHz ,,1 MB ,0 MB ,25 W ,Radeon HD 8240 ,,No ,Yes ,Boxed ,28 nm ,Yes ,No ,,,
AMD 3850,AMD ,SD3850JAHMBOX ,AMD Sempron ,Jaguar ,Kabini ,AM1 ,4.0,4.0,1.3 GHz ,,2 MB ,0 MB ,25 W ,Radeon HD 8280 ,,No ,Yes ,Boxed ,28 nm ,Yes ,No ,,,
Intel Xeon E5-1650 V2,Intel ,CM8063501292204 ,Intel Xeon E5 ,Ivy Bridge ,Ivy Bridge-EP ,LGA2011 ,6.0,12.0,3.5 GHz ,3.9 GHz ,1.5 MB ,12 MB ,130 W ,None ,,Yes ,No ,OEM/Tray ,22 nm ,No ,Yes: Hyper-Threading ,,,
AMD Athlon X4 860K,AMD ,AD860KXBJABOX ,AMD Athlon X4 ,Steamroller ,Kaveri ,FM2+ ,4.0,4.0,3.7 GHz ,4 GHz ,4 MB ,0 MB ,95 W ,None ,,No ,Yes ,Boxed ,28 nm ,Yes ,No ,,,
Intel Core i7-10700K Avengers Collector's Edition,Intel ,BX8070110700KA ,Intel Core i7 ,Comet Lake ,Comet Lake ,LGA1200 ,8.0,16.0,3.8 GHz ,5.1 GHz ,2 MB ,16 MB ,125 W ,Intel UHD Graphics 630 ,128 GB ,No ,No ,Boxed ,14 nm ,No ,Yes: Hyper-Threading ,,,Core i7-10700K Avengers Collector's Edition 
Intel Core i9-7940X,Intel ,BX80673I97940X ,Intel Core i9 ,Skylake ,Skylake-X ,LGA2066 ,14.0,28.0,3.1 GHz ,4.4 GHz ,14 MB ,19.25 MB ,165 W ,None ,128 GB ,No ,No ,Boxed ,14 nm ,No ,Yes: Hyper-Threading ,,,
Intel Xeon E5-2667 V2,Intel ,CM8063501287304 ,Intel Xeon E5 ,Ivy Bridge ,Ivy Bridge-EP ,LGA2011 ,8.0,16.0,3.3 GHz ,4 GHz ,2 MB ,25 MB ,130 W ,None ,,Yes ,No ,OEM/Tray ,22 nm ,No ,Yes: Hyper-Threading ,,,
Intel Xeon E-2176G,Intel ,BX80684E2176G ,Intel Xeon E ,Coffee Lake ,Coffee Lake ,LGA1151 ,6.0,12.0,3.7 GHz ,4.7 GHz ,1.5 MB ,12 MB ,80 W ,Intel HD Graphics P630 ,64 GB ,Yes ,No ,Boxed ,14 nm ,No ,Yes: Hyper-Threading ,,,
Intel Xeon E-2286G,Intel ,CM8068404173706 ,Intel Xeon E ,Coffee Lake Refresh ,Coffee Lake Refresh ,LGA1151 ,6.0,12.0,4 GHz ,4.9 GHz ,1.5 MB ,12 MB ,95 W ,Intel HD Graphics P630 ,128 GB ,Yes ,No ,OEM/Tray ,14 nm ,No ,Yes: Hyper-Threading ,,,
Intel Celeron G3920,Intel ,CM8066201938000 ,Intel Celeron ,Skylake ,Skylake-S ,LGA1151 ,2.0,2.0,2.6 GHz ,,0.5 MB ,2 MB ,35 W ,Intel HD Graphics 510 ,64 GB ,Yes ,No ,OEM/Tray ,14 nm ,No ,No ,,,
Intel Core i7-950,Intel ,BX80601950 ,Intel Core i7 ,Nehalem ,Bloomfield ,LGA1366 ,4.0,8.0,3.06 GHz ,,1 MB ,8 MB ,130 W ,None ,,No ,Yes ,Boxed ,45 nm ,Yes ,Yes: Hyper-Threading ,,,
Intel Core i3-7100,Intel ,CM8067703014612 ,Intel Core i3 ,Kaby Lake ,Kaby Lake-S ,LGA1151 ,2.0,4.0,3.9 GHz ,,0.5 MB ,3 MB ,51 W ,Intel HD Graphics 630 ,64 GB ,Yes ,No ,OEM/Tray ,14 nm ,No ,Yes: Hyper-Threading ,,,
Intel Core i3-4340,Intel ,BX80646I34340 ,Intel Core i3 ,Haswell ,Haswell ,LGA1150 ,2.0,4.0,3.6 GHz ,,0.5 MB ,4 MB ,54 W ,Intel HD Graphics 4600 ,,Yes ,Yes ,Boxed ,22 nm ,Yes ,Yes: Hyper-Threading ,,,
Intel Xeon E3-1220 V3,Intel ,BX80646E31220V3 ,Intel Xeon E3 ,Haswell ,Haswell ,LGA1150 ,4.0,4.0,3.1 GHz ,3.5 GHz ,1 MB ,8 MB ,80 W ,None ,,Yes ,Yes ,Boxed ,22 nm ,Yes ,No ,,,
Intel Core i7-960,Intel ,BX80601960 ,Intel Core i7 ,Nehalem ,Bloomfield ,LGA1366 ,4.0,8.0,3.2 GHz ,,1 MB ,8 MB ,130 W ,None ,,No ,Yes ,Boxed ,45 nm ,Yes ,Yes: Hyper-Threading ,,,
Intel Core i5-2400S,Intel ,BX80623I52400S ,Intel Core i5 ,Sandy Bridge ,Sandy Bridge ,LGA1155 ,4.0,4.0,2.5 GHz ,,0.5 MB ,6 MB ,65 W ,Intel HD Graphics 2000 ,,No ,Yes ,Boxed ,32 nm ,Yes ,No ,,,
AMD FX-9590,AMD ,FD9590FHHKWOX ,AMD FX ,Piledriver ,Vishera ,AM3+ ,8.0,8.0,4.7 GHz ,5 GHz ,8 MB ,8 MB ,220 W ,None ,,No ,Yes ,Boxed ,32 nm ,Yes ,No ,,,
Intel Xeon E5-2680 V2,Intel ,BX80635E52680V2 ,Intel Xeon E5 ,Ivy Bridge ,Ivy Bridge-EP ,LGA2011 ,10.0,20.0,2.8 GHz ,3.6 GHz ,2.5 MB ,25 MB ,115 W ,None ,,Yes ,No ,Boxed ,22 nm ,No ,Yes: Hyper-Threading ,,,
AMD A10-7800,AMD ,AD7800YBJABOX ,AMD A10 ,Steamroller ,Kaveri ,FM2+ ,4.0,4.0,3.5 GHz ,3.9 GHz ,4 MB ,0 MB ,65 W ,Radeon R7 (on-die) ,,No ,Yes ,Boxed ,28 nm ,Yes ,No ,,,
Intel Core i5-9400,Intel ,CM8068403875504 ,Intel Core i5 ,Coffee Lake Refresh ,Coffee Lake Refresh ,LGA1151 ,6.0,6.0,2.9 GHz ,4.1 GHz ,1.5 MB ,9 MB ,65 W ,Intel UHD Graphics 630 ,128 GB ,No ,No ,OEM/Tray ,14 nm ,No ,No ,,,
Intel Xeon E-2288G,Intel ,CM8068404224102 ,Intel Xeon E ,Coffee Lake Refresh ,Coffee Lake Refresh ,LGA1151 ,8.0,16.0,3.7 GHz ,5 GHz ,2 MB ,16 MB ,95 W ,Intel HD Graphics P630 ,128 GB ,Yes ,No ,OEM/Tray ,14 nm ,No ,Yes: Hyper-Threading ,,,
AMD FX-9370,AMD ,FD9370FHHKWOF ,AMD FX ,Piledriver ,Vishera ,AM3+ ,8.0,8.0,4.4 GHz ,4.7 GHz ,8 MB ,8 MB ,220 W ,None ,,No ,No ,OEM/Tray ,32 nm ,No ,No ,,,
Intel Core i3-6100T,Intel ,CM8066201927102 ,Intel Core i3 ,Skylake ,Skylake-S ,LGA1151 ,2.0,4.0,3.2 GHz ,,0.5 MB ,3 MB ,35 W ,Intel HD Graphics 530 ,64 GB ,Yes ,No ,OEM/Tray ,14 nm ,No ,Yes: Hyper-Threading ,,,
Intel Core i3-540,Intel ,BX80616I3540 ,Intel Core i3 ,Westmere ,Clarkdale ,LGA1156 ,2.0,4.0,3.06 GHz ,,0.5 MB ,4 MB ,73 W ,Intel HD Graphics ,,No ,Yes ,Boxed ,32 nm ,Yes ,Yes: Hyper-Threading ,,,
Intel Celeron G530,Intel ,BX80623G530 ,Intel Celeron ,Sandy Bridge ,Sandy Bridge ,LGA1155 ,2.0,2.0,2.4 GHz ,,0.5 MB ,0 MB ,65 W ,Intel HD Graphics ,,No ,Yes ,Boxed ,32 nm ,Yes ,No ,,,
Intel Core i5-3550,Intel , BX80637I53550 | BX806237I53550 | ,Intel Core i5 ,Ivy Bridge ,Ivy Bridge ,LGA1155 ,4.0,4.0,3.3 GHz ,,1 MB ,6 MB ,77 W ,Intel HD Graphics 2500 ,,No ,Yes ,Boxed ,22 nm ,Yes ,No ,,,
AMD A6-7400K,AMD ,AD740KYBJABOX ,AMD A6 ,Steamroller ,Kaveri ,FM2+ ,2.0,2.0,3.5 GHz ,3.9 GHz ,1 MB ,0 MB ,65 W ,Radeon R5 (on die) ,,No ,Yes ,Boxed ,28 nm ,Yes ,No ,,,
AMD Phenom II X4 955 Black,AMD ,HDZ955FBGMBOX ,AMD Phenom II X4 ,K10 ,Deneb ,AM3 ,4.0,4.0,3.2 GHz ,,2 MB ,6 MB ,125 W ,None ,,No ,Yes ,Boxed ,45 nm ,Yes ,No ,,,
Intel Celeron G440,Intel ,BX80623G440 ,Intel Celeron ,Sandy Bridge ,Sandy Bridge ,LGA1155 ,1.0,1.0,1.6 GHz ,,0.25 MB ,1 MB ,35 W ,Intel HD Graphics ,,No ,Yes ,Boxed ,32 nm ,Yes ,No ,,,
AMD A10-5800K,AMD ,AD580KWOHJBOX ,AMD A10 ,Piledriver ,Trinity ,FM2 ,4.0,4.0,3.8 GHz ,,4 MB ,0 MB ,100 W ,Radeon HD 7660D ,,No ,Yes ,Boxed ,32 nm ,Yes ,No ,,,
AMD Opteron 6378,AMD ,OS6378WKTGGHK ,AMD Opteron ,Piledriver ,Abu Dhabi ,G34 ,16.0,16.0,2.4 GHz ,3.3 GHz ,16 MB ,16 MB ,115 W ,None ,,No ,No ,OEM/Tray ,32 nm ,No ,No ,,,
Intel Core i7-5930K,Intel ,CM8064801548338 ,Intel Core i7 ,Haswell ,Haswell-E ,LGA2011-3 ,6.0,12.0,3.5 GHz ,3.7 GHz ,1.5 MB ,15 MB ,140 W ,None ,64 GB ,No ,No ,OEM/Tray ,22 nm ,No ,Yes: Hyper-Threading ,,,
Intel Core i5-9500F,Intel ,BX80684I59500F ,Intel Core i5 ,Coffee Lake Refresh ,Coffee Lake Refresh ,LGA1151 ,6.0,6.0,3 GHz ,4.4 GHz ,1.5 MB ,9 MB ,65 W ,None ,128 GB ,No ,Yes ,Boxed ,14 nm ,Yes ,No ,,,
Intel Core i5-750,Intel ,BX80605I5750 ,Intel Core i5 ,Nehalem ,Lynnfield ,LGA1156 ,4.0,4.0,2.66 GHz ,,1 MB ,8 MB ,95 W ,None ,,No ,Yes ,Boxed ,45 nm ,Yes ,No ,,,
Intel Core i7-4790K,Intel ,BXF80646I74790K ,Intel Core i7 ,Haswell Refresh ,Haswell Refresh ,LGA1150 ,4.0,8.0,4 GHz ,4.4 GHz ,1 MB ,8 MB ,88 W ,Intel HD Graphics 4600 ,,No ,No ,Boxed ,22 nm ,No ,Yes: Hyper-Threading ,,,
Intel Xeon E5-2670,Intel ,CM8062101082713 ,Intel Xeon E5 ,Sandy Bridge ,Sandy Bridge-EP ,LGA2011 ,8.0,16.0,2.6 GHz ,3.3 GHz ,2 MB ,20 MB ,115 W ,None ,,Yes ,No ,OEM/Tray ,32 nm ,No ,Yes: Hyper-Threading ,,,
Intel Core i5-6600,Intel ,CM8066201920401 ,Intel Core i5 ,Skylake ,Skylake-S ,LGA1151 ,4.0,4.0,3.3 GHz ,3.9 GHz ,1 MB ,6 MB ,65 W ,Intel HD Graphics 530 ,64 GB ,No ,No ,OEM/Tray ,14 nm ,No ,No ,,,
Intel Core i5-7640X,Intel ,BX80677I57640X ,Intel Core i5 ,Kaby Lake ,Kaby Lake-X ,LGA2066 ,4.0,4.0,4 GHz ,4.2 GHz ,1 MB ,6 MB ,112 W ,None ,64 GB ,No ,No ,Boxed ,14 nm ,No ,No ,,,
AMD Sempron 140,AMD ,SDX140HBGQBOX ,AMD Sempron ,K10 ,Sargas ,AM3 ,1.0,1.0,2.7 GHz ,,1 MB ,0 MB ,45 W ,None ,,No ,Yes ,Boxed ,45 nm ,Yes ,No ,,,
Intel Xeon E3-1240 V3,Intel ,BX80646E31240V3 ,Intel Xeon E3 ,Haswell ,Haswell ,LGA1150 ,4.0,8.0,3.4 GHz ,3.8 GHz ,1 MB ,8 MB ,80 W ,None ,,Yes ,Yes ,Boxed ,22 nm ,Yes ,Yes: Hyper-Threading ,,,
Intel Core i5-9500,Intel ,CM8068403362610 ,Intel Core i5 ,Coffee Lake Refresh ,Coffee Lake Refresh ,LGA1151 ,6.0,6.0,3 GHz ,4.4 GHz ,1.5 MB ,9 MB ,65 W ,Intel UHD Graphics 630 ,128 GB ,No ,No ,OEM/Tray ,14 nm ,No ,No ,,,
Intel Pentium E6500,Intel ,BX80571E6500 ,Intel Pentium ,Wolfdale ,Wolfdale ,LGA775 ,2.0,2.0,2.93 GHz ,,2 MB ,0 MB ,65 W ,None ,,No ,Yes ,Boxed ,45 nm ,Yes ,No ,,,
Intel Core i7-870,Intel ,BV80605001905AI ,Intel Core i7 ,Nehalem ,Lynnfield ,LGA1156 ,4.0,8.0,2.93 GHz ,,1 MB ,8 MB ,95 W ,None ,,No ,No ,OEM/Tray ,45 nm ,No ,Yes: Hyper-Threading ,,,
Intel Core i7-3960X Extreme Edition,Intel ,BX80619i73960X ,Intel Core i7 Extreme ,Sandy Bridge ,Sandy Bridge-E ,LGA2011 ,6.0,12.0,3.3 GHz ,,1.5 MB ,15 MB ,130 W ,None ,,No ,No ,Boxed ,32 nm ,No ,Yes: Hyper-Threading ,,,
Intel Core i5-8500,Intel ,BX80684I58500 ,Intel Core i5 ,Coffee Lake ,Coffee Lake ,LGA1151 ,6.0,6.0,3 GHz ,4.1 GHz ,1.5 MB ,9 MB ,65 W ,Intel UHD Graphics 630 ,128 GB ,No ,Yes ,Boxed ,14 nm ,Yes ,No ,,,
Intel Core 2 Quad Q9550,Intel ,BX80569Q9550 ,Intel Core 2 Quad ,Yorkfield ,Yorkfield ,LGA775 ,4.0,4.0,2.83 GHz ,,12 MB ,0 MB ,95 W ,None ,,No ,Yes ,Boxed ,45 nm ,Yes ,No ,,,
AMD Athlon II X2 270,AMD ,ADX270OCGMBOX ,AMD Athlon II X2 ,K10 ,Regor ,AM3 ,2.0,2.0,3.4 GHz ,,2 MB ,0 MB ,65 W ,None ,,No ,Yes ,Boxed ,45 nm ,Yes ,No ,,,
Intel Core i3-6300T,Intel ,BX80662I36300T ,Intel Core i3 ,Skylake ,Skylake-S ,LGA1151 ,2.0,4.0,3.3 GHz ,,0.5 MB ,4 MB ,35 W ,Intel HD Graphics 530 ,64 GB ,Yes ,Yes ,Boxed ,14 nm ,Yes ,Yes: Hyper-Threading ,,,
Intel Xeon E5-2695 V4,Intel ,BX80660E52695V4 ,Intel Xeon E5 ,Broadwell ,Broadwell-EP ,LGA2011-3 ,18.0,36.0,2.1 GHz ,3.3 GHz ,4.5 MB ,45 MB ,120 W ,None ,1536 GB ,Yes ,No ,Boxed ,14 nm ,No ,Yes: Hyper-Threading ,,,
AMD FX-8150,AMD ,FD8150FRGUBOX ,AMD FX ,Bulldozer ,Zambezi ,AM3+ ,8.0,8.0,3.6 GHz ,,8 MB ,8 MB ,125 W ,None ,,No ,Yes ,Boxed ,32 nm ,Yes ,No ,,,
Intel Core i3-7350K,Intel ,BX80677I37350K ,Intel Core i3 ,Kaby Lake ,Kaby Lake-S ,LGA1151 ,2.0,4.0,4.2 GHz ,,0.5 MB ,4 MB ,60 W ,Intel HD Graphics 630 ,64 GB ,Yes ,No ,Boxed ,14 nm ,No ,Yes: Hyper-Threading ,,,
Intel Xeon E5-2640 V3,Intel ,CM8064401830901 ,Intel Xeon E5 ,Haswell ,Haswell-EP ,LGA2011-3 ,8.0,16.0,2.6 GHz ,3.4 GHz ,2 MB ,20 MB ,90 W ,None ,,Yes ,No ,OEM/Tray ,22 nm ,No ,Yes: Hyper-Threading ,,,
Intel Xeon E5-2450V2,Intel ,BX80634E52450V2 ,Intel Xeon E5 ,Ivy Bridge ,Ivy Bridge-EN ,LGA1356 ,8.0,16.0,2.5 GHz ,3.3 GHz ,2 MB ,20 MB ,95 W ,None ,384 GB ,Yes ,No ,Boxed ,22 nm ,No ,Yes: Hyper-Threading ,,,
AMD EPYC 4364P,AMD ,100-100001477WOF ,AMD EPYC ,Zen 4 ,Raphael ,AM5 ,8.0,16.0,4.5 GHz ,5.4 GHz ,8 MB ,32 MB ,105 W ,Radeon ,,Yes ,No ,Boxed ,5 nm ,No ,Yes ,,,
AMD A10-9700,AMD ,AD9700AGABBOX ,AMD A10 ,Excavator ,Bristol Ridge ,AM4 ,4.0,4.0,3.5 GHz ,3.8 GHz ,2 MB ,0 MB ,65 W ,Radeon R7 (on-die) ,,No ,Yes ,Boxed ,28 nm ,Yes ,No ,,,
Intel Xeon E5-2630 V2,Intel ,BX80635E52630V2 ,Intel Xeon E5 ,Ivy Bridge ,Ivy Bridge-EP ,LGA2011 ,6.0,12.0,2.6 GHz ,3.1 GHz ,1.5 MB ,15 MB ,80 W ,None ,,Yes ,No ,Boxed ,22 nm ,No ,Yes: Hyper-Threading ,,,
Intel Core 2 Duo E8400,Intel ,BX80570E8400 ,Intel Core 2 Duo ,Wolfdale ,Wolfdale ,LGA775 ,2.0,2.0,3 GHz ,,6 MB ,0 MB ,65 W ,None ,,No ,Yes ,Boxed ,45 nm ,Yes ,No ,,,
Intel Core i5-4690K,Intel ,BXF80646I54690K ,Intel Core i5 ,Haswell Refresh ,Haswell Refresh ,LGA1150 ,4.0,4.0,3.5 GHz ,3.9 GHz ,1 MB ,6 MB ,88 W ,Intel HD Graphics 4600 ,,No ,No ,Boxed ,22 nm ,No ,No ,,,
Intel Xeon E3-1270 V2,Intel ,CM8063701098301 ,Intel Xeon E3 ,Ivy Bridge ,Ivy Bridge ,LGA1155 ,4.0,8.0,3.5 GHz ,,1 MB ,8 MB ,69 W ,None ,,Yes ,No ,OEM/Tray ,22 nm ,No ,Yes: Hyper-Threading ,,,
Intel Core i5-6402P,Intel ,BX80662I56402P ,Intel Core i5 ,Skylake ,Skylake-S ,LGA1151 ,4.0,4.0,2.8 GHz ,3.4 GHz ,1 MB ,6 MB ,65 W ,Intel HD Graphics 510 ,64 GB ,No ,Yes ,Boxed ,14 nm ,Yes ,No ,,,
AMD Ryzen 3 2200G,AMD ,YD2200C4M4MFB ,AMD Ryzen 3 ,Zen ,Raven Ridge ,AM4 ,4.0,4.0,3.5 GHz ,3.7 GHz ,2 MB ,4 MB ,65 W ,Radeon Vega 8 ,,No ,No ,OEM/Tray ,14 nm ,No ,No ,,,
Intel Pentium G640,Intel ,BX80623G640 ,Intel Pentium ,Sandy Bridge ,Sandy Bridge ,LGA1155 ,2.0,2.0,2.8 GHz ,,0.5 MB ,3 MB ,65 W ,Intel HD Graphics ,,No ,Yes ,Boxed ,32 nm ,Yes ,No ,,,
Intel Core i3-3250,Intel ,BX80637I33250 ,Intel Core i3 ,Ivy Bridge ,Ivy Bridge ,LGA1155 ,2.0,4.0,3.5 GHz ,,0.5 MB ,3 MB ,55 W ,Intel HD Graphics 2500 ,,Yes ,Yes ,Boxed ,22 nm ,Yes ,Yes: Hyper-Threading ,,,
Intel Xeon E5-1650 V3,Intel ,CM8064401548111 ,Intel Xeon E5 ,Haswell ,Haswell-EP ,LGA2011-3 ,6.0,12.0,3.5 GHz ,3.8 GHz ,1.5 MB ,15 MB ,140 W ,None ,,Yes ,No ,OEM/Tray ,22 nm ,No ,Yes: Hyper-Threading ,,,
Intel Xeon E5-2650 V3,Intel ,BX80644E52650V3 ,Intel Xeon E5 ,Haswell ,Haswell-EP ,LGA2011-3 ,10.0,20.0,2.3 GHz ,3 GHz ,2.5 MB ,25 MB ,105 W ,None ,,Yes ,No ,Boxed ,22 nm ,No ,Yes: Hyper-Threading ,,,
Intel Core i5-7600K,Intel ,CM8067702868219 ,Intel Core i5 ,Kaby Lake ,Kaby Lake-S ,LGA1151 ,4.0,4.0,3.8 GHz ,4.2 GHz ,1 MB ,6 MB ,91 W ,Intel HD Graphics 630 ,64 GB ,No ,No ,OEM/Tray ,14 nm ,No ,No ,,,
Intel Core i3-8300,Intel ,BX80684I38300 ,Intel Core i3 ,Coffee Lake ,Coffee Lake ,LGA1151 ,4.0,4.0,3.7 GHz ,,1 MB ,8 MB ,62 W ,Intel UHD Graphics 630 ,64 GB ,Yes ,Yes ,Boxed ,14 nm ,Yes ,No ,,,
Intel Celeron G4900,Intel ,BX80684G4900 ,Intel Celeron ,Coffee Lake ,Coffee Lake ,LGA1151 ,2.0,2.0,3.1 GHz ,,0.5 MB ,2 MB ,65 W ,Intel UHD Graphics 610 ,64 GB ,Yes ,Yes ,Boxed ,14 nm ,Yes ,No ,,,
Intel Core i9-10850K,Intel ,CM8070104608302 ,Intel Core i9 ,Comet Lake ,Comet Lake ,LGA1200 ,10.0,20.0,3.6 GHz ,5.2 GHz ,2.5 MB ,20 MB ,125 W ,Intel UHD Graphics 630 ,128 GB ,No ,No ,OEM/Tray ,14 nm ,No ,Yes: Hyper-Threading ,,,
Intel Xeon E3-1230 V3,Intel ,BX80646E31230V3 ,Intel Xeon E3 ,Haswell ,Haswell ,LGA1150 ,4.0,8.0,3.3 GHz ,3.7 GHz ,1 MB ,8 MB ,80 W ,None ,,Yes ,Yes ,Boxed ,22 nm ,Yes ,Yes: Hyper-Threading ,,,
Intel Core i3-9100T,Intel ,CM8068403377425 ,Intel Core i3 ,Coffee Lake Refresh ,Coffee Lake Refresh ,LGA1151 ,4.0,4.0,3.1 GHz ,3.7 GHz ,1 MB ,6 MB ,35 W ,Intel UHD Graphics 630 ,64 GB ,Yes ,No ,OEM/Tray ,14 nm ,No ,No ,,,
Intel Celeron 420,Intel ,BX80557420 ,Intel Celeron ,Core ,Conroe ,LGA775 ,1.0,1.0,1.6 GHz ,,0.5 MB ,0 MB ,35 W ,None ,,No ,Yes ,Boxed ,65 nm ,Yes ,No ,,,
AMD Phenom II X6 1055T,AMD ,HDT55TFBGRBOX ,AMD Phenom II X6 ,K10 ,Thuban ,AM3 ,6.0,6.0,2.8 GHz ,,3 MB ,6 MB ,125 W ,None ,,No ,Yes ,Boxed ,45 nm ,Yes ,No ,,,
Intel Core i5-650,Intel ,BX80616I5650 ,Intel Core i5 ,Westmere ,Clarkdale ,LGA1156 ,2.0,4.0,3.2 GHz ,,0.5 MB ,4 MB ,73 W ,Intel HD Graphics ,,No ,Yes ,Boxed ,32 nm ,Yes ,Yes: Hyper-Threading ,,,
Intel Core i3-2130,Intel ,BX80623I32130 ,Intel Core i3 ,Sandy Bridge ,Sandy Bridge ,LGA1155 ,2.0,4.0,3.4 GHz ,,0.5 MB ,3 MB ,65 W ,Intel HD Graphics 2000 ,,No ,Yes ,Boxed ,32 nm ,Yes ,Yes: Hyper-Threading ,,,
AMD FX-8120,AMD ,FD8120FRGUBOX ,AMD FX ,Bulldozer ,Zambezi ,AM3+ ,8.0,8.0,3.1 GHz ,,8 MB ,8 MB ,125 W ,None ,,No ,Yes ,Boxed ,32 nm ,Yes ,No ,,,
Intel Core i5-3470S,Intel ,BX80637I53470S ,Intel Core i5 ,Ivy Bridge ,Ivy Bridge ,LGA1155 ,4.0,4.0,2.9 GHz ,,1 MB ,6 MB ,65 W ,Intel HD Graphics 2500 ,,No ,Yes ,Boxed ,22 nm ,Yes ,No ,,,
AMD A8-6500,AMD ,AD6500OKHLBOX ,AMD A8 ,Piledriver ,Richland ,FM2 ,4.0,4.0,3.5 GHz ,,2 MB ,0 MB ,65 W ,Radeon HD 8570D ,,No ,Yes ,Boxed ,32 nm ,Yes ,No ,,,
Intel Xeon E5-2650 V2,Intel ,BX80635E52650V2 ,Intel Xeon E5 ,Ivy Bridge ,Ivy Bridge-EP ,LGA2011 ,8.0,16.0,2.6 GHz ,3.4 GHz ,2 MB ,20 MB ,95 W ,None ,,Yes ,No ,Boxed ,22 nm ,No ,Yes: Hyper-Threading ,,,
Intel Xeon E5-2670 V2,Intel ,BX80635E52670V2 ,Intel Xeon E5 ,Ivy Bridge ,Ivy Bridge-EP ,LGA2011 ,10.0,20.0,2.5 GHz ,3.3 GHz ,2.5 MB ,25 MB ,115 W ,None ,,Yes ,No ,Boxed ,22 nm ,No ,Yes: Hyper-Threading ,,,
AMD Athlon X4 880K,AMD ,AD880KXBJCSBX ,AMD Athlon X4 ,Steamroller ,Godavari ,FM2+ ,4.0,4.0,4 GHz ,4.2 GHz ,4 MB ,0 MB ,95 W ,None ,,No ,Yes ,Boxed ,28 nm ,Yes ,No ,,,
Intel Xeon E5-2620 V4,Intel ,BX80660E52620V4 ,Intel Xeon E5 ,Broadwell ,Broadwell-EP ,LGA2011-3 ,8.0,16.0,2.1 GHz ,3 GHz ,2 MB ,20 MB ,85 W ,None ,1536 GB ,Yes ,No ,Boxed ,14 nm ,No ,Yes: Hyper-Threading ,,,
Intel Core i5-4460S,Intel ,BXC80646I54460S ,Intel Core i5 ,Haswell Refresh ,Haswell Refresh ,LGA1150 ,4.0,4.0,2.9 GHz ,3.4 GHz ,1 MB ,6 MB ,65 W ,Intel HD Graphics 4000 ,,No ,Yes ,Boxed ,22 nm ,Yes ,No ,,,
AMD Threadripper 2990WX,AMD ,YD299XAZUIHAF ,AMD Threadripper ,Zen+ ,Colfax ,sTR4 ,32.0,64.0,3 GHz ,4.2 GHz ,16 MB ,64 MB ,250 W ,None ,1024 GB ,Yes ,No ,OEM/Tray ,12 nm ,No ,Yes ,,,
Intel Xeon E-2246G,Intel ,CM8068404227903 ,Intel Xeon E ,Coffee Lake Refresh ,Coffee Lake Refresh ,LGA1151 ,6.0,12.0,3.6 GHz ,4.8 GHz ,1.5 MB ,12 MB ,80 W ,Intel HD Graphics P630 ,128 GB ,Yes ,No ,OEM/Tray ,14 nm ,No ,Yes: Hyper-Threading ,,,
Intel Xeon E5-2650,Intel ,BX80621E52650 ,Intel Xeon E5 ,Sandy Bridge ,Sandy Bridge-EP ,LGA2011 ,8.0,16.0,2 GHz ,2.8 GHz ,2 MB ,20 MB ,95 W ,None ,,Yes ,No ,Boxed ,32 nm ,No ,Yes: Hyper-Threading ,,,
Intel Xeon E5-2603 V3,Intel ,CM8064401844200 ,Intel Xeon E5 ,Haswell ,Haswell-EP ,LGA2011-3 ,6.0,6.0,1.6 GHz ,,1.5 MB ,15 MB ,85 W ,None ,,Yes ,No ,OEM/Tray ,22 nm ,No ,No ,,,
Intel Core i3-9300,Intel ,BX80684I39300 ,Intel Core i3 ,Coffee Lake Refresh ,Coffee Lake Refresh ,LGA1151 ,4.0,4.0,3.7 GHz ,4.3 GHz ,1 MB ,8 MB ,62 W ,Intel UHD Graphics 630 ,64 GB ,Yes ,Yes ,Boxed ,14 nm ,Yes ,No ,,,
Intel Core i7-980,Intel ,BX80613I7980 ,Intel Core i7 ,Westmere ,Gulftown ,LGA1366 ,6.0,12.0,3.333 GHz ,,1.5 MB ,12 MB ,130 W ,None ,,No ,Yes ,Boxed ,32 nm ,Yes ,Yes: Hyper-Threading ,,,
Intel Xeon E5-1660 V2,Intel ,BX80635E51660V2 ,Intel Xeon E5 ,Ivy Bridge ,Ivy Bridge-EP ,LGA2011 ,6.0,12.0,3.7 GHz ,4 GHz ,1.5 MB ,15 MB ,130 W ,None ,,Yes ,Yes ,Boxed ,22 nm ,Yes ,Yes: Hyper-Threading ,,,
Intel Core i7-930,Intel ,BX80601930 ,Intel Core i7 ,Nehalem ,Bloomfield ,LGA1366 ,4.0,8.0,2.8 GHz ,,1 MB ,8 MB ,130 W ,None ,,No ,Yes ,Boxed ,45 nm ,Yes ,Yes: Hyper-Threading ,,,
Intel Xeon E5-2690 V3,Intel ,BX80644E52690V3 ,Intel Xeon E5 ,Haswell ,Haswell-EP ,LGA2011-3 ,12.0,24.0,2.6 GHz ,3.5 GHz ,3 MB ,30 MB ,135 W ,None ,,Yes ,No ,Boxed ,22 nm ,No ,Yes: Hyper-Threading ,,,
AMD Athlon 220GE,AMD ,YD220GC6FBBOX ,AMD Athlon ,Zen ,Raven Ridge ,AM4 ,2.0,4.0,3.4 GHz ,,1 MB ,4 MB ,35 W ,Radeon Vega 3 ,64 GB ,No ,Yes ,Boxed ,14 nm ,Yes ,Yes ,,,
AMD Ryzen 7 PRO 7745,AMD ,100-100000599MPK ,AMD Ryzen 7 PRO ,Zen 4 ,Raphael ,AM5 ,8.0,16.0,3.8 GHz ,5.3 GHz ,8 MB ,32 MB ,65 W ,Radeon ,128 GB ,Yes ,Yes ,Boxed ,5 nm ,Yes ,Yes ,,,
Intel Core i5-2300,Intel ,BX80623I52300 ,Intel Core i5 ,Sandy Bridge ,Sandy Bridge ,LGA1155 ,4.0,4.0,2.8 GHz ,,0.5 MB ,6 MB ,95 W ,Intel HD Graphics 2000 ,,No ,Yes ,Boxed ,32 nm ,Yes ,No ,,,
Intel Core i7-2600S,Intel ,BX80623I72600S ,Intel Core i7 ,Sandy Bridge ,Sandy Bridge ,LGA1155 ,4.0,8.0,2.8 GHz ,,1 MB ,8 MB ,65 W ,Intel HD Graphics 2000 ,,No ,Yes ,Boxed ,32 nm ,Yes ,Yes: Hyper-Threading ,,,
AMD A4-5300,AMD ,AD5300OKHJBOX ,AMD A4 ,Piledriver ,Trinity ,FM2 ,2.0,2.0,3.4 GHz ,,1 MB ,0 MB ,65 W ,Radeon HD 7480D ,,No ,Yes ,Boxed ,32 nm ,Yes ,No ,,,
Intel Xeon E3-1240 V2,Intel ,BX80637E31240V2 ,Intel Xeon E3 ,Ivy Bridge ,Ivy Bridge ,LGA1155 ,4.0,8.0,3.4 GHz ,,1 MB ,8 MB ,69 W ,None ,,Yes ,Yes ,Boxed ,22 nm ,Yes ,Yes: Hyper-Threading ,,,
Intel Pentium G2030,Intel ,BX80637G2030 ,Intel Pentium ,Ivy Bridge ,Ivy Bridge ,LGA1155 ,2.0,2.0,3 GHz ,,0.5 MB ,3 MB ,55 W ,Intel HD Graphics ,,No ,Yes ,Boxed ,22 nm ,Yes ,No ,,,
Intel Pentium G3440,Intel ,BX80646G3440 ,Intel Pentium ,Haswell Refresh ,Haswell Refresh ,LGA1150 ,2.0,2.0,3.3 GHz ,,0.5 MB ,3 MB ,53 W ,Intel HD Graphics ,,No ,Yes ,Boxed ,22 nm ,Yes ,No ,,,
Intel Xeon E3-1271 V3,Intel ,BX80646E31271V3 ,Intel Xeon E3 ,Haswell Refresh ,Haswell Refresh ,LGA1150 ,4.0,8.0,3.6 GHz ,4 GHz ,1 MB ,8 MB ,80 W ,None ,,Yes ,Yes ,Boxed ,22 nm ,Yes ,Yes: Hyper-Threading ,,,
Intel Xeon E3-1265L V3,Intel ,CM8064601467406 ,Intel Xeon E3 ,Haswell ,Haswell ,LGA1150 ,4.0,8.0,2.5 GHz ,3.7 GHz ,1 MB ,8 MB ,45 W ,Intel HD Graphics ,,Yes ,No ,OEM/Tray ,22 nm ,No ,Yes: Hyper-Threading ,,,
Intel Xeon E3-1240L V5,Intel ,CM8066201935808 ,Intel Xeon E3 ,Skylake ,Skylake-H ,LGA1151 ,4.0,8.0,2.1 GHz ,3.2 GHz ,1 MB ,8 MB ,25 W ,None ,64 GB ,Yes ,No ,OEM/Tray ,14 nm ,No ,Yes: Hyper-Threading ,,,
AMD Ryzen 3 1200 (12nm),AMD ,YD1200BBM4KAF ,AMD Ryzen 3 ,Zen+ ,Pinnacle Ridge ,AM4 ,4.0,4.0,3.1 GHz ,3.4 GHz ,2 MB ,8 MB ,65 W ,None ,,No ,No ,OEM/Tray ,12 nm ,No ,No ,,,
Intel Core i7-4790T,Intel ,CM8064601561513 ,Intel Core i7 ,Haswell Refresh ,Haswell Refresh ,LGA1150 ,4.0,8.0,2.7 GHz ,3.9 GHz ,1 MB ,8 MB ,45 W ,None ,,No ,No ,OEM/Tray ,22 nm ,No ,Yes: Hyper-Threading ,,,
Intel Core i7-6900K,Intel ,CM8067102056010 ,Intel Core i7 ,Broadwell ,Broadwell-E ,LGA2011-3 ,8.0,16.0,3.2 GHz ,3.7 GHz ,2 MB ,20 MB ,140 W ,None ,128 GB ,No ,No ,OEM/Tray ,14 nm ,No ,Yes: Hyper-Threading ,,,
Intel Core i3-6098P,Intel ,BX80662I36098P ,Intel Core i3 ,Skylake ,Skylake-S ,LGA1151 ,2.0,4.0,3.6 GHz ,,0.5 MB ,3 MB ,54 W ,Intel HD Graphics 510 ,64 GB ,Yes ,Yes ,Boxed ,14 nm ,Yes ,Yes: Hyper-Threading ,,,
Intel Core i9-7900X,Intel ,CD8067303286804 ,Intel Core i9 ,Skylake ,Skylake-X ,LGA2066 ,10.0,20.0,3.3 GHz ,4.5 GHz ,10 MB ,13.75 MB ,140 W ,None ,128 GB ,No ,No ,OEM/Tray ,14 nm ,No ,Yes: Hyper-Threading ,,,
Intel Xeon E3-1245 V2,Intel ,BX80637E31245V2 ,Intel Xeon E3 ,Ivy Bridge ,Ivy Bridge ,LGA1155 ,4.0,8.0,3.4 GHz ,,1 MB ,8 MB ,77 W ,Intel HD Graphics P4000 ,,Yes ,Yes ,Boxed ,22 nm ,Yes ,Yes: Hyper-Threading ,,,
Intel Xeon E5-1680 V3,Intel ,CM8064401547809 ,Intel Xeon E5 ,Haswell ,Haswell-EP ,LGA2011-3 ,8.0,16.0,3.2 GHz ,3.8 GHz ,2 MB ,20 MB ,140 W ,None ,,Yes ,No ,OEM/Tray ,22 nm ,No ,Yes: Hyper-Threading ,,,
Intel Core i3-6100,Intel ,CM8066201927202 ,Intel Core i3 ,Skylake ,Skylake-S ,LGA1151 ,2.0,4.0,3.7 GHz ,,0.5 MB ,3 MB ,51 W ,Intel HD Graphics 530 ,64 GB ,Yes ,No ,OEM/Tray ,14 nm ,No ,Yes: Hyper-Threading ,,,
Intel Core i7-7820X,Intel ,CD8067303611000 ,Intel Core i7 ,Skylake ,Skylake-X ,LGA2066 ,8.0,16.0,3.6 GHz ,4.5 GHz ,8 MB ,11 MB ,140 W ,None ,128 GB ,No ,No ,OEM/Tray ,14 nm ,No ,Yes: Hyper-Threading ,,,
Intel Core i9-9900T,Intel ,CM8068403874122 ,Intel Core i9 ,Coffee Lake Refresh ,Coffee Lake Refresh ,LGA1151 ,8.0,16.0,2.1 GHz ,4.4 GHz ,2 MB ,16 MB ,35 W ,Intel UHD Graphics 630 ,128 GB ,No ,No ,OEM/Tray ,14 nm ,No ,Yes: Hyper-Threading ,,,
Intel Core i9-9960X,Intel ,BX80673I99960X ,Intel Core i9 ,Skylake ,Skylake-X ,LGA2066 ,16.0,32.0,3.1 GHz ,4.4 GHz ,16 MB ,22 MB ,165 W ,None ,128 GB ,No ,No ,Boxed ,14 nm ,No ,Yes: Hyper-Threading ,,,
Intel Celeron E3400,Intel ,BX80571E3400 ,Intel Celeron ,Wolfdale ,Wolfdale ,LGA775 ,2.0,2.0,2.6 GHz ,,1 MB ,0 MB ,65 W ,None ,,No ,Yes ,Boxed ,45 nm ,Yes ,No ,,,
Intel Core 2 Quad Q6600,Intel ,BX80562Q6600 ,Intel Core 2 Quad ,Core ,Kentsfield ,LGA775 ,4.0,4.0,2.4 GHz ,,8 MB ,0 MB ,100 W ,None ,,No ,Yes ,Boxed ,65 nm ,Yes ,No ,,,
Intel Pentium G640T,Intel ,BX80623G640T ,Intel Pentium ,Sandy Bridge ,Sandy Bridge ,LGA1155 ,2.0,2.0,2.4 GHz ,,0.5 MB ,3 MB ,35 W ,Intel HD Graphics ,,No ,Yes ,Boxed ,32 nm ,Yes ,No ,,,
Intel Xeon E5-2650L,Intel ,CM8062107185309 ,Intel Xeon E5 ,Sandy Bridge ,Sandy Bridge-EP ,LGA2011 ,8.0,16.0,1.8 GHz ,2.3 GHz ,2 MB ,20 MB ,70 W ,None ,,Yes ,No ,OEM/Tray ,32 nm ,No ,Yes: Hyper-Threading ,,,
Intel Core i5-5675C,Intel ,BX80658I55675C ,Intel Core i5 ,Broadwell ,Broadwell ,LGA1150 ,4.0,4.0,3.1 GHz ,3.6 GHz ,1 MB ,4 MB ,65 W ,Iris Pro Graphics 6200 ,,No ,Yes ,Boxed ,14 nm ,Yes ,No ,,,
AMD Ryzen 7 1800X,AMD ,YD180XBCAEMPK ,AMD Ryzen 7 ,Zen ,Summit Ridge ,AM4 ,8.0,16.0,3.6 GHz ,4 GHz ,4 MB ,16 MB ,95 W ,None ,,No ,Yes ,Boxed ,14 nm ,Yes ,Yes ,,,
Intel Core i5-3570S,Intel ,CM8063701093901 ,Intel Core i5 ,Ivy Bridge ,Ivy Bridge ,LGA1155 ,4.0,4.0,3.1 GHz ,3.8 GHz ,1 MB ,6 MB ,65 W ,Intel HD Graphics 2500 ,,No ,No ,OEM/Tray ,22 nm ,No ,No ,,,
Intel Core i5-10600K,Intel ,BX8070110600KA ,Intel Core i5 ,Comet Lake ,Comet Lake ,LGA1200 ,6.0,12.0,4.1 GHz ,4.8 GHz ,1.5 MB ,12 MB ,125 W ,Intel UHD Graphics 630 ,128 GB ,No ,No ,Boxed ,14 nm ,No ,Yes: Hyper-Threading ,,,
AMD Ryzen 7 PRO 9745,AMD ,100-000001408 ,AMD Ryzen 7 PRO ,Zen 5 ,Granite Ridge ,AM5 ,8.0,16.0,3.8 GHz ,5.4 GHz ,8 MB ,32 MB ,65 W ,Radeon ,192 GB ,Yes ,No ,OEM/Tray ,4 nm ,No ,Yes ,,,
Intel Core i5-3450S,Intel , BX80637I53450S | BX806237I53450S | ,Intel Core i5 ,Ivy Bridge ,Ivy Bridge ,LGA1155 ,4.0,4.0,2.8 GHz ,,1 MB ,6 MB ,65 W ,Intel HD Graphics 2500 ,,No ,Yes ,Boxed ,22 nm ,Yes ,No ,,,
Intel Xeon E-2236,Intel ,CM8068404174603 ,Intel Xeon E ,Coffee Lake Refresh ,Coffee Lake Refresh ,LGA1151 ,6.0,12.0,3.4 GHz ,4.8 GHz ,1.5 MB ,12 MB ,80 W ,None ,128 GB ,Yes ,No ,OEM/Tray ,14 nm ,No ,Yes: Hyper-Threading ,,,
Intel Xeon E3-1275 V6,Intel ,BX80677E31275V6 ,Intel Xeon E3 ,Kaby Lake ,Kaby Lake-S ,LGA1151 ,4.0,8.0,3.8 GHz ,4.2 GHz ,1 MB ,8 MB ,73 W ,Intel HD Graphics P630 ,64 GB ,Yes ,Yes ,Boxed ,14 nm ,Yes ,Yes: Hyper-Threading ,,,
AMD Ryzen 5 PRO 7445,AMD ,100-000001899 ,AMD Ryzen 5 PRO ,Zen 4 ,Raphael ,AM5 ,6.0,12.0,3.3 GHz ,4.3 GHz ,6 MB ,16 MB ,65 W ,Radeon ,128 GB ,Yes ,No ,Boxed ,5 nm ,No ,Yes ,,,
AMD FX-4100,AMD ,FD4100WMGUSBX ,AMD FX ,Bulldozer ,Zambezi ,AM3+ ,4.0,4.0,3.6 GHz ,,4 MB ,8 MB ,95 W ,None ,,No ,Yes ,OEM/Tray ,32 nm ,Yes ,No ,,,
Intel Core i5-3350P,Intel ,BX80637i53350P ,Intel Core i5 ,Ivy Bridge ,Ivy Bridge ,LGA1155 ,4.0,4.0,3.1 GHz ,,1 MB ,6 MB ,69 W ,None ,,No ,Yes ,Boxed ,22 nm ,Yes ,No ,,,
Intel Xeon E3-1275 V2,Intel ,BX80637E31275V2 ,Intel Xeon E3 ,Ivy Bridge ,Ivy Bridge ,LGA1155 ,4.0,8.0,3.5 GHz ,,1 MB ,32 MB ,77 W ,Intel HD Graphics P4000 ,,Yes ,Yes ,Boxed ,22 nm ,Yes ,Yes: Hyper-Threading ,,,
Intel Core i7-4771,Intel ,BX80646I74771 ,Intel Core i7 ,Haswell ,Haswell ,LGA1150 ,4.0,8.0,3.5 GHz ,3.9 GHz ,1 MB ,8 MB ,84 W ,Intel HD Graphics 4600 ,,No ,Yes ,Boxed ,22 nm ,Yes ,Yes: Hyper-Threading ,,,
Intel Core i5-3340,Intel ,BX80637I53340 ,Intel Core i5 ,Ivy Bridge ,Ivy Bridge ,LGA1155 ,4.0,4.0,3.1 GHz ,3.3 GHz ,1 MB ,6 MB ,77 W ,Intel HD Graphics 2500 ,,No ,Yes ,Boxed ,22 nm ,Yes ,No ,,,
Intel Xeon E5-2670,Intel ,BX80621E52670 ,Intel Xeon E5 ,Sandy Bridge ,Sandy Bridge-EP ,LGA2011 ,8.0,16.0,2.6 GHz ,3.3 GHz ,2 MB ,20 MB ,115 W ,None ,,Yes ,No ,Boxed ,32 nm ,No ,Yes: Hyper-Threading ,,,
Intel Celeron G1840,Intel ,BX80646G1840 ,Intel Celeron ,Haswell Refresh ,Haswell Refresh ,LGA1150 ,2.0,2.0,2.8 GHz ,,0.5 MB ,2 MB ,53 W ,Intel HD Graphics ,,Yes ,Yes ,Boxed ,22 nm ,Yes ,No ,,,
Intel Core i5-4690S,Intel ,BX80646I54690S ,Intel Core i5 ,Haswell Refresh ,Haswell Refresh ,LGA1150 ,4.0,4.0,3.2 GHz ,3.9 GHz ,1 MB ,6 MB ,65 W ,Intel HD Graphics 4600 ,,No ,Yes ,Boxed ,22 nm ,Yes ,No ,,,
Intel Core i3-4160,Intel ,CM8064601483644 ,Intel Core i3 ,Haswell Refresh ,Haswell Refresh ,LGA1150 ,2.0,4.0,3.6 GHz ,,0.5 MB ,3 MB ,54 W ,Intel HD Graphics 4400 ,,Yes ,No ,OEM/Tray ,22 nm ,No ,Yes: Hyper-Threading ,,,
Intel Xeon E5-1650,Intel ,CM8062101102002 ,Intel Xeon E5 ,Sandy Bridge ,Sandy Bridge-EP ,LGA2011 ,6.0,12.0,3.2 GHz ,3.8 GHz ,1.5 MB ,12 MB ,130 W ,None ,,Yes ,No ,OEM/Tray ,32 nm ,No ,Yes: Hyper-Threading ,,,
Intel Xeon E5-2650L V2,Intel ,CM8063501287602 ,Intel Xeon E5 ,Ivy Bridge ,Ivy Bridge-EP ,LGA2011 ,10.0,20.0,1.7 GHz ,2.1 GHz ,2.5 MB ,25 MB ,70 W ,None ,,Yes ,No ,OEM/Tray ,22 nm ,No ,Yes: Hyper-Threading ,,,
Intel Core i9-7960X,Intel ,BX80673I97960X ,Intel Core i9 ,Skylake ,Skylake-X ,LGA2066 ,16.0,32.0,2.8 GHz ,4.4 GHz ,16 MB ,22 MB ,165 W ,None ,128 GB ,No ,No ,Boxed ,14 nm ,No ,Yes: Hyper-Threading ,,,
Intel Core i5-8500,Intel ,CM8068403362607 ,Intel Core i5 ,Coffee Lake ,Coffee Lake ,LGA1151 ,6.0,6.0,3 GHz ,4.1 GHz ,1.5 MB ,9 MB ,65 W ,Intel UHD Graphics 630 ,128 GB ,No ,No ,OEM/Tray ,14 nm ,No ,No ,,,
Intel Core i5-4590T,Intel ,CM8064601561826 ,Intel Core i5 ,Haswell Refresh ,Haswell Refresh ,LGA1150 ,4.0,8.0,2 GHz ,,1 MB ,6 MB ,35 W ,Intel HD Graphics 4000 ,,No ,No ,OEM/Tray ,22 nm ,No ,Yes: Hyper-Threading ,,,
Intel Core i9-10850KA Avengers Limited Edition,Intel ,BX8070110850KA ,Intel Core i9 ,Comet Lake ,Comet Lake ,LGA1200 ,10.0,20.0,3.6 GHz ,5.2 GHz ,2.5 MB ,20 MB ,125 W ,Intel UHD Graphics 630 ,128 GB ,No ,No ,Boxed ,14 nm ,No ,Yes: Hyper-Threading ,,,Core i9-10850KA Avengers Limited Edition 
AMD Ryzen 5 PRO 9645,AMD ,100-000001409 ,AMD Ryzen 5 PRO ,Zen 5 ,Granite Ridge ,AM5 ,6.0,12.0,3.9 GHz ,5.4 GHz ,6 MB ,32 MB ,65 W ,Radeon ,192 GB ,Yes ,No ,OEM/Tray ,4 nm ,No ,Yes ,,,
AMD EPYC 4245P,AMD ,100-100001555WOF ,AMD EPYC ,Zen 5 ,Grado ,AM5 ,6.0,12.0,3.9 GHz ,5.4 GHz ,6 MB ,32 MB ,65 W ,Radeon ,,Yes ,No ,Boxed ,4 nm ,No ,Yes ,,,
Intel Pentium Gold G6500,Intel ,BX80701G6500 ,Intel Pentium Gold ,Comet Lake ,Comet Lake ,LGA1200 ,2.0,4.0,4.1 GHz ,,0.5 MB ,4 MB ,58 W ,Intel UHD Graphics 630 ,128 GB ,No ,Yes ,Boxed ,14 nm ,Yes ,Yes: Hyper-Threading ,,,
AMD Athlon X4 950,AMD ,AD950XAGABBOX ,AMD Athlon X4 ,Excavator ,Bristol Ridge ,AM4 ,4.0,4.0,3.5 GHz ,3.8 GHz ,2 MB ,0 MB ,65 W ,None ,,No ,Yes ,Boxed ,28 nm ,Yes ,No ,,,
Intel Core 2 Quad Q8400,Intel ,BX80580Q8400 ,Intel Core 2 Quad ,Yorkfield ,Yorkfield ,LGA775 ,4.0,4.0,2.66 GHz ,,4 MB ,0 MB ,95 W ,None ,,No ,Yes ,Boxed ,45 nm ,Yes ,No ,,,
Intel Core i3-4160T,Intel ,CM8064601483535 ,Intel Core i3 ,Haswell Refresh ,Haswell Refresh ,LGA1150 ,2.0,4.0,3.1 GHz ,,0.5 MB ,3 MB ,35 W ,Intel HD Graphics 4400 ,,Yes ,No ,OEM/Tray ,22 nm ,No ,Yes: Hyper-Threading ,,,
Intel Core i7-6800K,Intel ,CM8067102056201 ,Intel Core i7 ,Broadwell ,Broadwell-E ,LGA2011-3 ,6.0,12.0,3.4 GHz ,3.6 GHz ,1.5 MB ,15 MB ,140 W ,None ,,No ,No ,OEM/Tray ,14 nm ,No ,Yes: Hyper-Threading ,,,
Intel Core i5-2310,Intel ,BX80623I52310 ,Intel Core i5 ,Sandy Bridge ,Sandy Bridge ,LGA1155 ,4.0,4.0,2.9 GHz ,,1 MB ,6 MB ,95 W ,Intel HD Graphics 2000 ,,No ,Yes ,Boxed ,32 nm ,Yes ,No ,,,
Intel Core i5-2320,Intel ,BX80623I52320 ,Intel Core i5 ,Sandy Bridge ,Sandy Bridge ,LGA1155 ,4.0,4.0,3 GHz ,,1 MB ,6 MB ,95 W ,Intel HD Graphics 2000 ,,No ,Yes ,Boxed ,32 nm ,Yes ,No ,,,
AMD A8-3870K,AMD ,AD3870WNGXBOX ,AMD A8 ,Lynx ,Llano ,FM1 ,4.0,4.0,3 GHz ,,4 MB ,0 MB ,100 W ,Radeon HD 6550D ,,No ,Yes ,Boxed ,32 nm ,Yes ,No ,,,
AMD A6-5400K,AMD ,AD540KOKHJBOX ,AMD A6 ,Piledriver ,Trinity ,FM2 ,2.0,2.0,3.6 GHz ,,1 MB ,0 MB ,65 W ,Radeon HD 7540D ,,No ,Yes ,Boxed ,32 nm ,Yes ,No ,,,
Intel Core i5-4570S,Intel ,BX80646I54570S ,Intel Core i5 ,Haswell ,Haswell ,LGA1150 ,4.0,4.0,2.9 GHz ,,1 MB ,6 MB ,65 W ,Intel HD Graphics 4600 ,,No ,Yes ,Boxed ,22 nm ,Yes ,No ,,,
Intel Xeon E5-4650,Intel ,BX80621E54650 ,Intel Xeon E5 ,Sandy Bridge ,Sandy Bridge-EP ,LGA2011 ,8.0,16.0,2.7 GHz ,3.3 GHz ,2 MB ,20 MB ,130 W ,None ,,Yes ,No ,Boxed ,32 nm ,No ,Yes: Hyper-Threading ,,,
Intel Xeon E5-2695 V2,Intel ,BX80635E52695V2 ,Intel Xeon E5 ,Ivy Bridge ,Ivy Bridge-EP ,LGA2011 ,12.0,24.0,2.4 GHz ,3.2 GHz ,3 MB ,30 MB ,115 W ,None ,,Yes ,No ,Boxed ,22 nm ,No ,Yes: Hyper-Threading ,,,
Intel Xeon E3-1246 V3,Intel ,BX80646E31246V3 ,Intel Xeon E3 ,Haswell Refresh ,Haswell Refresh ,LGA1150 ,4.0,8.0,3.5 GHz ,3.9 GHz ,1 MB ,8 MB ,84 W ,Intel HD Graphics P4600 ,,Yes ,Yes ,Boxed ,22 nm ,Yes ,Yes: Hyper-Threading ,,,
AMD A10-7870K,AMD ,AD787KXDJCBOX ,AMD A10 ,Steamroller ,Godavari ,FM2+ ,4.0,4.0,3.9 GHz ,4.1 GHz ,4 MB ,0 MB ,95 W ,Radeon R7 (on-die) ,,No ,Yes ,Boxed ,28 nm ,Yes ,No ,,,
Intel Pentium G4600,Intel ,BX80677G4600 ,Intel Pentium ,Kaby Lake ,Kaby Lake-S ,LGA1151 ,2.0,4.0,3.6 GHz ,,0.5 MB ,3 MB ,51 W ,Intel HD Graphics 630 ,64 GB ,Yes ,Yes ,Boxed ,14 nm ,Yes ,Yes: Hyper-Threading ,,,
AMD A12-9800,AMD ,AD9800AUABBOX ,AMD A12 ,Excavator ,Bristol Ridge ,AM4 ,4.0,4.0,3.8 GHz ,4.2 GHz ,2 MB ,0 MB ,65 W ,Radeon R7 (on-die) ,,No ,Yes ,Boxed ,28 nm ,Yes ,No ,,,
Intel Core i3-8100,Intel ,CM8068403377308 ,Intel Core i3 ,Coffee Lake ,Coffee Lake ,LGA1151 ,4.0,4.0,3.6 GHz ,,1 MB ,6 MB ,65 W ,Intel UHD Graphics 630 ,64 GB ,Yes ,No ,OEM/Tray ,14 nm ,No ,No ,,,
Intel Core 2 Duo E6400,Intel ,BX80557E6400 ,Intel Core 2 Duo ,Core ,Conroe ,LGA775 ,2.0,2.0,2.13 GHz ,,2 MB ,0 MB ,65 W ,None ,,No ,Yes ,Boxed ,65 nm ,Yes ,No ,,,
Intel Core i5-8600,Intel ,CM8068403358607 ,Intel Core i5 ,Coffee Lake ,Coffee Lake ,LGA1151 ,6.0,6.0,3.1 GHz ,4.3 GHz ,1.5 MB ,9 MB ,65 W ,Intel UHD Graphics 630 ,128 GB ,No ,No ,OEM/Tray ,14 nm ,No ,No ,,,
Intel Pentium Gold G5400T,Intel ,CM8068403360212 ,Intel Pentium Gold ,Coffee Lake ,Coffee Lake ,LGA1151 ,2.0,4.0,3.1 GHz ,,0.5 MB ,4 MB ,35 W ,Intel UHD Graphics 610 ,64 GB ,Yes ,No ,OEM/Tray ,14 nm ,No ,Yes: Hyper-Threading ,,,
Intel Core i7-965 Extreme Edition,Intel ,BX80601965 ,Intel Core i7 Extreme ,Nehalem ,Bloomfield ,LGA1366 ,4.0,8.0,3.2 GHz ,,1 MB ,8 MB ,130 W ,None ,,No ,Yes ,Boxed ,45 nm ,Yes ,Yes: Hyper-Threading ,,,
AMD A8-5500,AMD ,AD5500OKHJBOX ,AMD A8 ,Piledriver ,Trinity ,FM2 ,4.0,4.0,3.2 GHz ,,4 MB ,0 MB ,65 W ,Radeon HD 7560D ,,No ,Yes ,Boxed ,32 nm ,Yes ,No ,,,
AMD A10-6800K,AMD ,AD680KWOHLBOX ,AMD A10 ,Piledriver ,Richland ,FM2 ,4.0,4.0,4.1 GHz ,,2 MB ,0 MB ,100 W ,Radeon HD 8670D ,,No ,Yes ,Boxed ,32 nm ,Yes ,No ,,,
Intel Core i3-4130T,Intel ,BX80646I34130T ,Intel Core i3 ,Haswell ,Haswell ,LGA1150 ,2.0,4.0,2.9 GHz ,,0.5 MB ,3 MB ,35 W ,Intel HD Graphics 4400 ,,Yes ,Yes ,Boxed ,22 nm ,Yes ,Yes: Hyper-Threading ,,,
Intel Pentium G3240,Intel ,BX80646G3240 ,Intel Pentium ,Haswell Refresh ,Haswell Refresh ,LGA1150 ,2.0,2.0,3.1 GHz ,,0.5 MB ,3 MB ,53 W ,Intel HD Graphics ,,No ,Yes ,Boxed ,22 nm ,Yes ,No ,,,
Intel Core i5-6500T,Intel ,CM8066201920600 ,Intel Core i5 ,Skylake ,Skylake-S ,LGA1151 ,4.0,4.0,2.5 GHz ,3.1 GHz ,1 MB ,6 MB ,35 W ,Intel HD Graphics 530 ,64 GB ,No ,No ,OEM/Tray ,14 nm ,No ,No ,,,
Intel Core i7-6850K,Intel ,CM8067102056100 ,Intel Core i7 ,Broadwell ,Broadwell-E ,LGA2011-3 ,6.0,12.0,3.6 GHz ,3.8 GHz ,1.5 MB ,15 MB ,140 W ,None ,,No ,No ,OEM/Tray ,14 nm ,No ,Yes: Hyper-Threading ,,,
Intel Core i3-7320,Intel ,BX80677I37320 ,Intel Core i3 ,Kaby Lake ,Kaby Lake-S ,LGA1151 ,2.0,4.0,4.1 GHz ,,0.5 MB ,4 MB ,51 W ,Intel HD Graphics 630 ,64 GB ,Yes ,Yes ,Boxed ,14 nm ,Yes ,Yes: Hyper-Threading ,,,
Intel Celeron G3950,Intel ,BX80677G3950 ,Intel Celeron ,Kaby Lake ,Kaby Lake-S ,LGA1151 ,2.0,2.0,3 GHz ,,0.5 MB ,2 MB ,51 W ,Intel HD Graphics 610 ,64 GB ,Yes ,Yes ,Boxed ,14 nm ,Yes ,No ,,,
Intel Core i7-7700T,Intel ,BX80677I77700T ,Intel Core i7 ,Kaby Lake ,Kaby Lake-S ,LGA1151 ,4.0,8.0,2.9 GHz ,3.8 GHz ,1 MB ,8 MB ,35 W ,Intel HD Graphics 630 ,64 GB ,No ,Yes ,Boxed ,14 nm ,Yes ,Yes: Hyper-Threading ,,,
AMD A8-7680,AMD ,AD7680ACABBOX ,AMD A8 ,Puma+ ,Carrizo ,FM2+ ,4.0,4.0,3.5 GHz ,3.8 GHz ,2 MB ,0 MB ,65 W ,Radeon R7 (on-die) ,,No ,Yes ,Boxed ,28 nm ,Yes ,No ,,,
Intel Core i7-875K,Intel ,BX80605I7875K ,Intel Core i7 ,Nehalem ,Lynnfield ,LGA1156 ,4.0,8.0,2.93 GHz ,,1 MB ,8 MB ,95 W ,None ,,No ,Yes ,Boxed ,45 nm ,Yes ,Yes: Hyper-Threading ,,,
Intel Xeon E5-2630L V3,Intel ,CM8064401832100 ,Intel Xeon E5 ,Haswell ,Haswell-EP ,LGA2011-3 ,8.0,16.0,1.8 GHz ,2.9 GHz ,2 MB ,20 MB ,55 W ,None ,,Yes ,No ,OEM/Tray ,22 nm ,No ,Yes: Hyper-Threading ,,,
Intel Xeon E5-2643 V4,Intel ,CM8066002041500 ,Intel Xeon E5 ,Broadwell ,Broadwell-EP ,LGA2011-3 ,6.0,12.0,3.4 GHz ,3.7 GHz ,1.383 MB ,20 MB ,135 W ,None ,1536 GB ,Yes ,No ,OEM/Tray ,14 nm ,No ,Yes: Hyper-Threading ,,,
AMD Athlon II X4 620,AMD ,ADX620WFGIBOX ,AMD Athlon II X4 ,K10 ,Propus ,AM3 ,4.0,4.0,2.6 GHz ,,2 MB ,0 MB ,95 W ,None ,,No ,Yes ,Boxed ,45 nm ,Yes ,No ,,,
Intel Pentium E2140,Intel ,BX80557E2140 ,Intel Pentium ,Core ,Conroe ,LGA775 ,2.0,2.0,1.6 GHz ,,1 MB ,0 MB ,65 W ,None ,,No ,Yes ,Boxed ,65 nm ,Yes ,No ,,,
Intel Xeon E3-1241 V3,Intel ,BX80646E31241V3 ,Intel Xeon E3 ,Haswell Refresh ,Haswell Refresh ,LGA1150 ,4.0,8.0,3.5 GHz ,3.9 GHz ,1 MB ,8 MB ,80 W ,None ,,Yes ,Yes ,Boxed ,22 nm ,Yes ,Yes: Hyper-Threading ,,,
Intel Xeon E5-2697 V3,Intel ,CM8064401807100 ,Intel Xeon E5 ,Haswell ,Haswell-EP ,LGA2011-3 ,14.0,28.0,2.6 GHz ,3.6 GHz ,3.5 MB ,35 MB ,145 W ,None ,,Yes ,No ,OEM/Tray ,22 nm ,No ,Yes: Hyper-Threading ,,,
Intel Xeon E5-2687W V3,Intel ,BX80644E52687V3 ,Intel Xeon E5 ,Haswell ,Haswell-EP ,LGA2011-3 ,10.0,20.0,3.1 GHz ,3.5 GHz ,2.5 MB ,25 MB ,160 W ,None ,,Yes ,No ,Boxed ,22 nm ,No ,Yes: Hyper-Threading ,,,
Intel Core i5-6400T,Intel ,CM8066201920000 ,Intel Core i5 ,Skylake ,Skylake-S ,LGA1151 ,4.0,4.0,2.2 GHz ,2.8 GHz ,1 MB ,6 MB ,35 W ,Intel HD Graphics 530 ,64 GB ,No ,No ,OEM/Tray ,14 nm ,No ,No ,,,
Intel Core i9-9900X,Intel ,BX80673I99900X ,Intel Core i9 ,Skylake ,Skylake-X ,LGA2066 ,10.0,20.0,3.5 GHz ,4.4 GHz ,10 MB ,19.25 MB ,165 W ,None ,128 GB ,No ,No ,Boxed ,14 nm ,No ,Yes: Hyper-Threading ,,,
Intel Core i7-9800X,Intel ,CD8067304126100 ,Intel Core i7 ,Skylake ,Skylake-X ,LGA2066 ,8.0,16.0,3.8 GHz ,4.5 GHz ,8 MB ,16.5 MB ,165 W ,None ,128 GB ,No ,No ,OEM/Tray ,14 nm ,No ,Yes: Hyper-Threading ,,,
Intel Core i3-9350KF,Intel ,BX80684I39350KF ,Intel Core i3 ,Coffee Lake Refresh ,Coffee Lake Refresh ,LGA1151 ,4.0,4.0,4 GHz ,4.6 GHz ,1 MB ,8 MB ,91 W ,None ,64 GB ,Yes ,No ,Boxed ,14 nm ,No ,No ,,,
Intel Core i9-10900K,Intel ,BX8070110900KA ,Intel Core i9 ,Comet Lake ,Comet Lake ,LGA1200 ,10.0,20.0,3.7 GHz ,5.3 GHz ,2.5 MB ,20 MB ,125 W ,Intel UHD Graphics 630 ,128 GB ,No ,No ,Boxed ,14 nm ,No ,Yes: Hyper-Threading ,,,
AMD Opteron 6344,AMD ,OS6344WKTCGHK ,AMD Opteron ,Piledriver ,Abu Dhabi ,G34 ,12.0,12.0,2.6 GHz ,3.2 GHz ,12 MB ,16 MB ,115 W ,None ,,No ,No ,OEM/Tray ,32 nm ,No ,No ,,,
AMD A10-9700E,AMD ,AD9700AHABBOX ,AMD A10 ,Excavator ,Bristol Ridge ,AM4 ,4.0,4.0,3 GHz ,3.5 GHz ,2 MB ,0 MB ,35 W ,Radeon R7 (on-die) ,,No ,Yes ,Boxed ,28 nm ,Yes ,No ,,,
AMD A12-9800E,AMD ,AD9800AHABBOX ,AMD A12 ,Excavator ,Bristol Ridge ,AM4 ,4.0,4.0,3.1 GHz ,3.8 GHz ,2 MB ,0 MB ,35 W ,Radeon R7 (on-die) ,,No ,Yes ,Boxed ,28 nm ,Yes ,No ,,,
AMD Phenom II X4 965 Black,AMD ,HDZ965FBGMBOX ,AMD Phenom II X4 ,K10 ,Deneb ,AM3 ,4.0,4.0,3.4 GHz ,,2 MB ,6 MB ,125 W ,None ,,No ,Yes ,Boxed ,45 nm ,Yes ,No ,,,
Intel Pentium E2160,Intel ,BX80557E2160 ,Intel Pentium ,Core ,Conroe ,LGA775 ,2.0,2.0,1.8 GHz ,,1 MB ,0 MB ,65 W ,None ,,No ,Yes ,Boxed ,65 nm ,Yes ,No ,,,
Intel Pentium E5400,Intel ,BX80571E5400 ,Intel Pentium ,Wolfdale ,Wolfdale ,LGA775 ,2.0,2.0,2.7 GHz ,,2 MB ,0 MB ,65 W ,None ,,No ,Yes ,Boxed ,45 nm ,Yes ,No ,,,
Intel Core 2 Duo E8400,Intel ,AT80570PJ0806M ,Intel Core 2 Duo ,Wolfdale ,Wolfdale ,LGA775 ,2.0,2.0,3 GHz ,,6 MB ,0 MB ,65 W ,None ,,No ,No ,OEM/Tray ,45 nm ,No ,No ,,,
Intel Core i7-975 Extreme Edition,Intel ,BX80601975 ,Intel Core i7 Extreme ,Nehalem ,Bloomfield ,LGA1366 ,4.0,8.0,3.33 GHz ,,1 MB ,8 MB ,130 W ,None ,,No ,Yes ,Boxed ,45 nm ,Yes ,Yes: Hyper-Threading ,,,
AMD Athlon II X3 460,AMD ,ADX460WFGMBOX ,AMD Athlon II X3 ,K10 ,Rana ,AM3 ,3.0,3.0,3.4 GHz ,,1.5 MB ,0 MB ,95 W ,None ,,No ,Yes ,Boxed ,45 nm ,Yes ,No ,,,
AMD Athlon X4 750K,AMD ,AD750KWOHJBOX ,AMD Athlon X4 ,Piledriver ,Trinity ,FM2 ,4.0,4.0,3.4 GHz ,,4 MB ,0 MB ,100 W ,None ,,No ,Yes ,Boxed ,32 nm ,Yes ,No ,,,
AMD A6-6400K,AMD ,AD640KOKHLBOX ,AMD A6 ,Piledriver ,Richland ,FM2 ,2.0,2.0,3.9 GHz ,,1 MB ,0 MB ,65 W ,Radeon HD 8470D ,,No ,Yes ,Boxed ,32 nm ,Yes ,No ,,,
Intel Core i3-3245,Intel ,BX80637I33245 ,Intel Core i3 ,Ivy Bridge ,Ivy Bridge ,LGA1155 ,2.0,4.0,3.4 GHz ,,0.5 MB ,3 MB ,55 W ,Intel HD Graphics 4000 ,,No ,No ,Boxed ,22 nm ,No ,Yes: Hyper-Threading ,,,
Intel Pentium G3450,Intel ,BX80646G3450 ,Intel Pentium ,Haswell Refresh ,Haswell Refresh ,LGA1150 ,2.0,2.0,3.4 GHz ,,0.5 MB ,3 MB ,53 W ,Intel HD Graphics ,,No ,Yes ,Boxed ,22 nm ,Yes ,No ,,,
AMD FX-8320,AMD ,FD8320FRW8KHK ,AMD FX ,Piledriver ,Vishera ,AM3+ ,8.0,8.0,3.5 GHz ,,8 MB ,8 MB ,125 W ,None ,,Yes ,No ,OEM/Tray ,32 nm ,No ,No ,,,
Intel Core i3-4370,Intel ,BX80646I34370 ,Intel Core i3 ,Haswell Refresh ,Haswell Refresh ,LGA1150 ,2.0,4.0,3.8 GHz ,,0.5 MB ,4 MB ,54 W ,Intel HD Graphics 4600 ,,Yes ,Yes ,Boxed ,22 nm ,Yes ,Yes: Hyper-Threading ,,,
Intel Core i7-5960X,Intel ,CM8064801547964 ,Intel Core i7 Extreme ,Haswell ,Haswell-E ,LGA2011-3 ,8.0,16.0,3 GHz ,3.5 GHz ,2 MB ,20 MB ,140 W ,None ,64 GB ,No ,No ,OEM/Tray ,22 nm ,No ,Yes: Hyper-Threading ,,,
Intel Core i7-4770T,Intel ,CM8064601465902 ,Intel Core i7 ,Haswell ,Haswell ,LGA1150 ,4.0,8.0,2.5 GHz ,,1 MB ,8 MB ,45 W ,Intel HD Graphics 4600 ,,No ,No ,OEM/Tray ,22 nm ,No ,Yes: Hyper-Threading ,,,
Intel Core i5-6600T,Intel ,CM8066201920601 ,Intel Core i5 ,Skylake ,Skylake-S ,LGA1151 ,4.0,4.0,2.7 GHz ,3.5 GHz ,1 MB ,6 MB ,35 W ,Intel HD Graphics 530 ,64 GB ,No ,No ,OEM/Tray ,14 nm ,No ,No ,,,
AMD Threadripper 2950X,AMD ,YD295XA8UGAAF ,AMD Threadripper ,Zen+ ,Colfax ,sTR4 ,16.0,32.0,3.5 GHz ,4.4 GHz ,8 MB ,32 MB ,180 W ,None ,1024 GB ,Yes ,No ,OEM/Tray ,12 nm ,No ,Yes ,,,
AMD Threadripper 2970WX,AMD ,YD297XAZUHCAF ,AMD Threadripper ,Zen+ ,Colfax ,sTR4 ,24.0,48.0,3 GHz ,4.2 GHz ,12 MB ,64 MB ,250 W ,None ,1024 GB ,Yes ,No ,OEM/Tray ,12 nm ,No ,Yes ,,,
AMD Athlon 200GE,AMD ,YD200GC6M2OFB ,AMD Athlon ,Zen ,Raven Ridge ,AM4 ,2.0,4.0,3.2 GHz ,,1 MB ,4 MB ,35 W ,Radeon Vega 3 ,,No ,No ,OEM/Tray ,14 nm ,No ,Yes ,,,
Intel Core i5-9600,Intel ,CM8068403358610 ,Intel Core i5 ,Coffee Lake Refresh ,Coffee Lake Refresh ,LGA1151 ,6.0,6.0,3.1 GHz ,4.6 GHz ,1.5 MB ,9 MB ,65 W ,Intel UHD Graphics 630 ,128 GB ,No ,No ,OEM/Tray ,14 nm ,No ,No ,,,
AMD EPYC 4584PX,AMD ,100-100001481WOF ,AMD EPYC ,Zen 4 ,Raphael ,AM5 ,16.0,32.0,4.2 GHz ,5.7 GHz ,16 MB ,128 MB ,120 W ,Radeon ,,Yes ,No ,Boxed ,5 nm ,No ,Yes ,,,
Intel Pentium E5300,Intel ,BX80571E5300 ,Intel Pentium ,Wolfdale ,Wolfdale ,LGA775 ,2.0,2.0,2.6 GHz ,,2 MB ,0 MB ,65 W ,None ,,No ,Yes ,Boxed ,45 nm ,Yes ,No ,,,
Intel Xeon E5-1620 V2,Intel ,CM8063501292405 ,Intel Xeon E5 ,Ivy Bridge ,Ivy Bridge-EP ,LGA2011 ,4.0,8.0,3.7 GHz ,3.9 GHz ,1 MB ,10 MB ,130 W ,None ,,Yes ,No ,OEM/Tray ,22 nm ,No ,Yes: Hyper-Threading ,,,
AMD A6-9500E,AMD ,AD9500AHABBOX ,AMD A6 ,Excavator ,Bristol Ridge ,AM4 ,2.0,2.0,3 GHz ,3.4 GHz ,1 MB ,0 MB ,35 W ,Radeon R5 (on die) ,,No ,Yes ,Boxed ,28 nm ,Yes ,No ,,,
Intel Core 2 Duo E4300,Intel ,HH80557PG0332M ,Intel Core 2 Duo ,Core ,Conroe ,LGA775 ,2.0,2.0,1.8 GHz ,,2 MB ,0 MB ,65 W ,None ,,No ,No ,OEM/Tray ,65 nm ,No ,No ,,,
Intel Core i7-880,Intel ,BV80605002505AG ,Intel Core i7 ,Nehalem ,Lynnfield ,LGA1156 ,4.0,8.0,3.06 GHz ,,1 MB ,8 MB ,95 W ,None ,,No ,No ,OEM/Tray ,45 nm ,No ,Yes: Hyper-Threading ,,,
Intel Core i7-970,Intel ,BX80613I7970 ,Intel Core i7 ,Westmere ,Gulftown ,LGA1366 ,6.0,12.0,3.2 GHz ,,1.5 MB ,12 MB ,130 W ,None ,,No ,Yes ,Boxed ,32 nm ,Yes ,Yes: Hyper-Threading ,,,
Intel Core i3-560,Intel ,BX80616I3560 ,Intel Core i3 ,Westmere ,Clarkdale ,LGA1156 ,2.0,4.0,3.333 GHz ,,0.5 MB ,4 MB ,73 W ,Intel HD Graphics ,,No ,Yes ,Boxed ,32 nm ,Yes ,Yes: Hyper-Threading ,,,
AMD FX-4130,AMD ,FD4130FRGUBOX ,AMD FX ,Bulldozer ,Zambezi ,AM3+ ,4.0,4.0,3.8 GHz ,,4 MB ,4 MB ,125 W ,None ,,No ,Yes ,Boxed ,32 nm ,Yes ,No ,,,
AMD A4-6300,AMD ,AD6300OKHLBOX ,AMD A4 ,Piledriver ,Richland ,FM2 ,2.0,2.0,3.7 GHz ,3.9 GHz ,1 MB ,0 MB ,65 W ,Radeon HD 8370D ,,No ,Yes ,Boxed ,32 nm ,Yes ,No ,,,
Intel Celeron G1820,Intel ,BX80646G1820 ,Intel Celeron ,Haswell ,Haswell ,LGA1150 ,2.0,2.0,2.7 GHz ,,0.5 MB ,2 MB ,53 W ,Intel HD Graphics ,,No ,Yes ,Boxed ,22 nm ,Yes ,No ,,,
Intel Xeon E5-2687W V2,Intel ,BX80635E52687V2 ,Intel Xeon E5 ,Ivy Bridge ,Ivy Bridge-EP ,LGA2011 ,8.0,16.0,3.4 GHz ,4 GHz ,2 MB ,25 MB ,150 W ,None ,,Yes ,No ,Boxed ,22 nm ,No ,Yes: Hyper-Threading ,,,
Intel Xeon E3-1240 V5,Intel ,BX80662E31240V5 ,Intel Xeon E3 ,Skylake ,Skylake-H ,LGA1151 ,4.0,8.0,3.5 GHz ,3.9 GHz ,1 MB ,8 MB ,80 W ,None ,64 GB ,Yes ,Yes ,Boxed ,14 nm ,Yes ,Yes: Hyper-Threading ,,,
Intel Xeon E3-1280 V6,Intel ,CM8067702870647 ,Intel Xeon E3 ,Kaby Lake ,Kaby Lake-S ,LGA1151 ,4.0,8.0,3.9 GHz ,4.2 GHz ,1 MB ,8 MB ,72 W ,None ,64 GB ,Yes ,No ,OEM/Tray ,14 nm ,No ,Yes: Hyper-Threading ,,,
Intel Pentium Gold G5500,Intel ,BX80684G5500 ,Intel Pentium Gold ,Coffee Lake ,Coffee Lake ,LGA1151 ,2.0,4.0,3.8 GHz ,,0.5 MB ,4 MB ,54 W ,Intel UHD Graphics 630 ,64 GB ,Yes ,Yes ,Boxed ,14 nm ,Yes ,Yes: Hyper-Threading ,,,
Intel Pentium Gold G5600,Intel ,BX80684G5600 ,Intel Pentium Gold ,Coffee Lake ,Coffee Lake ,LGA1151 ,2.0,4.0,3.9 GHz ,,0.5 MB ,4 MB ,54 W ,Intel UHD Graphics 630 ,64 GB ,Yes ,Yes ,Boxed ,14 nm ,Yes ,Yes: Hyper-Threading ,,,
Intel Core i9-9900,Intel ,CM8068403874032 ,Intel Core i9 ,Coffee Lake Refresh ,Coffee Lake Refresh ,LGA1151 ,8.0,16.0,3.1 GHz ,5 GHz ,2 MB ,16 MB ,65 W ,Intel UHD Graphics 630 ,128 GB ,No ,No ,OEM/Tray ,14 nm ,No ,Yes: Hyper-Threading ,,,
Intel Core i5-9400,Intel ,CM8068403875505 ,Intel Core i5 ,Coffee Lake Refresh ,Coffee Lake Refresh ,LGA1151 ,6.0,6.0,2.9 GHz ,4.1 GHz ,1.5 MB ,9 MB ,65 W ,Intel UHD Graphics 630 ,128 GB ,No ,No ,OEM/Tray ,14 nm ,No ,No ,,,
Intel Core i5-9400T,Intel ,CM8068403358915 ,Intel Core i5 ,Coffee Lake Refresh ,Coffee Lake Refresh ,LGA1151 ,6.0,6.0,1.8 GHz ,3.4 GHz ,1.5 MB ,9 MB ,35 W ,Intel UHD Graphics 630 ,128 GB ,No ,No ,OEM/Tray ,14 nm ,No ,No ,,,
Intel Xeon E-2124G,Intel ,CM8068403654114 ,Intel Xeon E ,Coffee Lake ,Coffee Lake ,LGA1151 ,4.0,4.0,3.4 GHz ,4.5 GHz ,1 MB ,8 MB ,71 W ,Intel HD Graphics P630 ,64 GB ,Yes ,No ,OEM/Tray ,14 nm ,No ,No ,,,
Intel Xeon E5-1660 V3,Intel ,CM8064401909200 ,Intel Xeon E5 ,Haswell ,Haswell-EP ,LGA2011-3 ,8.0,16.0,3 GHz ,3.5 GHz ,2 MB ,20 MB ,140 W ,None ,,Yes ,No ,OEM/Tray ,22 nm ,No ,Yes: Hyper-Threading ,,,
Intel Xeon E5-2609 V4,Intel ,BX80660E52609V4 ,Intel Xeon E5 ,Broadwell ,Broadwell-EP ,LGA2011-3 ,8.0,8.0,1.7 GHz ,,2 MB ,20 MB ,85 W ,None ,1536 GB ,Yes ,No ,Boxed ,14 nm ,No ,No ,,,
Intel Core i9-9940X,Intel ,CD8067304175600 ,Intel Core i9 ,Skylake ,Skylake-X ,LGA2066 ,14.0,28.0,3.3 GHz ,4.4 GHz ,14 MB ,19.25 MB ,165 W ,None ,128 GB ,No ,No ,OEM/Tray ,14 nm ,No ,Yes: Hyper-Threading ,,,
AMD Phenom II X4 945,AMD ,HDX945FBGIBOX ,AMD Phenom II X4 ,K10 ,Deneb ,AM3 ,4.0,4.0,3 GHz ,,2 MB ,6 MB ,125 W ,None ,,No ,Yes ,Boxed ,45 nm ,Yes ,No ,,,
AMD Phenom II X4 955,AMD ,HDX955WFK4DGM ,AMD Phenom II X4 ,K10 ,Deneb ,AM3 ,4.0,4.0,3.2 GHz ,,2 MB ,6 MB ,125 W ,None ,,No ,No ,OEM/Tray ,45 nm ,No ,No ,,,
Intel Core i3-2125,Intel ,BX80623I32125 ,Intel Core i3 ,Sandy Bridge ,Sandy Bridge ,LGA1155 ,2.0,4.0,3.3 GHz ,,0.5 MB ,3 MB ,65 W ,Intel HD Graphics 3000 ,,No ,Yes ,Boxed ,32 nm ,Yes ,Yes: Hyper-Threading ,,,
AMD A6-3670K,AMD ,AD3670WNGXBOX ,AMD A6 ,Lynx ,Llano ,FM1 ,4.0,4.0,2.7 GHz ,,4 MB ,0 MB ,100 W ,Radeon HD 6530D ,,No ,Yes ,Boxed ,32 nm ,Yes ,No ,,,
Intel Core i3-4330,Intel ,BX80646I34330 ,Intel Core i3 ,Haswell ,Haswell ,LGA1150 ,2.0,4.0,3.5 GHz ,,0.5 MB ,4 MB ,54 W ,Intel HD Graphics 4600 ,,Yes ,Yes ,Boxed ,22 nm ,Yes ,Yes: Hyper-Threading ,,,
Intel Pentium G3220,Intel ,BX80646G3220 ,Intel Pentium ,Haswell ,Haswell ,LGA1150 ,2.0,2.0,3 GHz ,,0.5 MB ,3 MB ,54 W ,Intel HD Graphics ,,No ,Yes ,Boxed ,22 nm ,Yes ,No ,,,
Intel Xeon E5-2640 V2,Intel ,BX80635E52640V2 ,Intel Xeon E5 ,Ivy Bridge ,Ivy Bridge-EP ,LGA2011 ,8.0,16.0,2 GHz ,2.5 GHz ,2 MB ,20 MB ,95 W ,None ,,Yes ,No ,Boxed ,22 nm ,No ,Yes: Hyper-Threading ,,,
AMD 5150,AMD ,AD5150JAHMBOX ,AMD Athlon ,Jaguar ,Kabini ,AM1 ,4.0,4.0,1.6 GHz ,,2 MB ,0 MB ,25 W ,Radeon HD 8400 ,,No ,Yes ,Boxed ,28 nm ,Yes ,No ,,,
Intel Core i3-4360,Intel ,BX80646I34360 ,Intel Core i3 ,Haswell Refresh ,Haswell Refresh ,LGA1150 ,2.0,4.0,3.7 GHz ,,0.5 MB ,4 MB ,54 W ,Intel HD Graphics 4600 ,,Yes ,Yes ,Boxed ,22 nm ,Yes ,Yes: Hyper-Threading ,,,
Intel Xeon E3-1276 V3,Intel ,BX80646E31276V3 ,Intel Xeon E3 ,Haswell Refresh ,Haswell Refresh ,LGA1150 ,4.0,8.0,3.6 GHz ,4 GHz ,1 MB ,8 MB ,84 W ,Intel HD Graphics P4600 ,,Yes ,Yes ,Boxed ,22 nm ,Yes ,Yes: Hyper-Threading ,,,
Intel Xeon E5-1630 V3,Intel ,CM8064401614501 ,Intel Xeon E5 ,Haswell ,Haswell-EP ,LGA2011-3 ,4.0,8.0,3.7 GHz ,3.8 GHz ,1 MB ,10 MB ,140 W ,None ,,Yes ,No ,OEM/Tray ,22 nm ,No ,Yes: Hyper-Threading ,,,
Intel Xeon E5-2643 V3,Intel ,CM8064401724501 ,Intel Xeon E5 ,Haswell ,Haswell-EP ,LGA2011-3 ,6.0,12.0,3.4 GHz ,3.7 GHz ,1.5 MB ,20 MB ,135 W ,None ,,Yes ,No ,OEM/Tray ,22 nm ,No ,Yes: Hyper-Threading ,,,
Intel Xeon E3-1230 V2,Intel ,CM8063701098101 ,Intel Xeon E3 ,Ivy Bridge ,Ivy Bridge ,LGA1155 ,4.0,8.0,3.3 GHz ,,1 MB ,8 MB ,69 W ,None ,,Yes ,No ,OEM/Tray ,22 nm ,No ,Yes: Hyper-Threading ,,,
Intel Pentium G4500,Intel ,BX80662G4500 ,Intel Pentium ,Skylake ,Skylake-S ,LGA1151 ,2.0,2.0,3.5 GHz ,,0.5 MB ,3 MB ,51 W ,Intel HD Graphics 530 ,64 GB ,Yes ,Yes ,Boxed ,14 nm ,Yes ,No ,,,
Intel Xeon E3-1270 V5,Intel ,CM8066201921712 ,Intel Xeon E3 ,Skylake ,Skylake-H ,LGA1151 ,4.0,8.0,3.6 GHz ,4 GHz ,1 MB ,8 MB ,80 W ,None ,64 GB ,Yes ,No ,OEM/Tray ,14 nm ,No ,Yes: Hyper-Threading ,,,
AMD Opteron 6320,AMD ,OS6320WKT8GHKWOF ,AMD Opteron ,Piledriver ,Abu Dhabi ,G34 ,8.0,8.0,2.8 GHz ,3.3 GHz ,8 MB ,16 MB ,115 W ,None ,,No ,No ,Boxed ,32 nm ,No ,No ,,,
Intel Xeon E3-1270 V6,Intel ,CM8067702870648 ,Intel Xeon E3 ,Kaby Lake ,Kaby Lake-S ,LGA1151 ,4.0,8.0,3.8 GHz ,4.2 GHz ,1 MB ,8 MB ,72 W ,None ,64 GB ,Yes ,No ,OEM/Tray ,14 nm ,No ,Yes: Hyper-Threading ,,,
Intel Xeon E5-2650L V4,Intel ,CM8066002033006 ,Intel Xeon E5 ,Broadwell ,Broadwell-EP ,LGA2011-3 ,14.0,28.0,1.7 GHz ,2.5 GHz ,3.5 MB ,35 MB ,65 W ,None ,1536 GB ,Yes ,No ,OEM/Tray ,14 nm ,No ,Yes: Hyper-Threading ,,,
Intel Core i3-9350K,Intel ,BX80684I39350K ,Intel Core i3 ,Coffee Lake Refresh ,Coffee Lake Refresh ,LGA1151 ,4.0,4.0,4 GHz ,4.6 GHz ,1 MB ,8 MB ,91 W ,Intel HD Graphics 630 ,64 GB ,Yes ,No ,Boxed ,14 nm ,No ,No ,,,
Intel Core i5-9600K,Intel ,CM8068403874405 ,Intel Core i5 ,Coffee Lake Refresh ,Coffee Lake Refresh ,LGA1151 ,6.0,6.0,3.7 GHz ,4.6 GHz ,1.5 MB ,9 MB ,95 W ,Intel UHD Graphics 630 ,128 GB ,No ,No ,OEM/Tray ,14 nm ,No ,No ,,,
Intel Xeon E3-1230 V5,Intel ,BX80662E31230V5 ,Intel Xeon E3 ,Skylake ,Skylake-H ,LGA1151 ,4.0,8.0,3.4 GHz ,3.8 GHz ,1 MB ,8 MB ,80 W ,None ,64 GB ,Yes ,Yes ,Boxed ,14 nm ,Yes ,Yes: Hyper-Threading ,,,
Intel Xeon E5-2620 V3,Intel ,CM8064401831400 ,Intel Xeon E5 ,Haswell ,Haswell-EP ,LGA2011-3 ,6.0,12.0,2.4 GHz ,3.2 GHz ,1.5 MB ,15 MB ,85 W ,None ,,Yes ,No ,OEM/Tray ,22 nm ,No ,Yes: Hyper-Threading ,,,
Intel Xeon E3-1220 V6,Intel ,BX80677E31220V6 ,Intel Xeon E3 ,Kaby Lake ,Kaby Lake-S ,LGA1151 ,4.0,4.0,3 GHz ,3.5 GHz ,1 MB ,8 MB ,72 W ,None ,64 GB ,Yes ,Yes ,Boxed ,14 nm ,Yes ,No ,,,
Intel Xeon E3-1230 V6,Intel ,CM8067702870650 ,Intel Xeon E3 ,Kaby Lake ,Kaby Lake-S ,LGA1151 ,4.0,8.0,3.5 GHz ,3.9 GHz ,1 MB ,8 MB ,72 W ,None ,64 GB ,Yes ,No ,OEM/Tray ,14 nm ,No ,Yes: Hyper-Threading ,,,
AMD Phenom II X2 550,AMD ,HDX550WFGMBOX ,AMD Phenom II X2 ,K10 ,Callisto ,AM3 ,2.0,2.0,3.1 GHz ,,1 MB ,6 MB ,80 W ,None ,,No ,Yes ,Boxed ,45 nm ,Yes ,No ,,,
Intel Core 2 Duo E8500,Intel ,EU80570PJ0876M ,Intel Core 2 Duo ,Wolfdale ,Wolfdale ,LGA775 ,2.0,2.0,3.16 GHz ,,6 MB ,0 MB ,65 W ,None ,,No ,No ,OEM/Tray ,45 nm ,No ,No ,,,
Intel Core i5-661,Intel ,BX80616I5661 ,Intel Core i5 ,Westmere ,Clarkdale ,LGA1156 ,2.0,4.0,3.33 GHz ,,0.5 MB ,4 MB ,87 W ,Intel HD Graphics ,,No ,Yes ,Boxed ,32 nm ,Yes ,Yes: Hyper-Threading ,,,
Intel Core 2 Quad Q9650,Intel ,AT80569PJ080N ,Intel Core 2 Quad ,Yorkfield ,Yorkfield ,LGA775 ,4.0,4.0,3 GHz ,,12 MB ,0 MB ,95 W ,None ,,No ,No ,OEM/Tray ,45 nm ,No ,No ,,,
Intel Core 2 Extreme QX6700,Intel ,BX80562QX6700 ,Intel Core 2 Extreme ,Core ,Kentsfield ,LGA775 ,4.0,4.0,2.66 GHz ,,8 MB ,0 MB ,100 W ,None ,,No ,Yes ,Boxed ,65 nm ,Yes ,No ,,,
AMD Athlon II X2 250,AMD ,ADX250OCGMBOX ,AMD Athlon II X2 ,K10 ,Regor ,AM3 ,2.0,2.0,3 GHz ,,2 MB ,0 MB ,65 W ,None ,,No ,Yes ,Boxed ,45 nm ,Yes ,No ,,,
Intel Pentium E6800,Intel ,BX80571E6800 ,Intel Pentium ,Wolfdale ,Wolfdale ,LGA775 ,2.0,2.0,3.333 GHz ,,2 MB ,0 MB ,65 W ,None ,,No ,Yes ,Boxed ,45 nm ,Yes ,No ,,,
Intel Core i5-2405S,Intel ,BX80623I52405S ,Intel Core i5 ,Sandy Bridge ,Sandy Bridge ,LGA1155 ,4.0,4.0,2.5 GHz ,,1 MB ,6 MB ,65 W ,Intel HD Graphics 3000 ,,No ,Yes ,Boxed ,32 nm ,Yes ,No ,,,
Intel Core i3-3225,Intel ,BX80637I33225 ,Intel Core i3 ,Ivy Bridge ,Ivy Bridge ,LGA1155 ,2.0,4.0,3.3 GHz ,,0.5 MB ,3 MB ,55 W ,Intel HD Graphics 4000 ,,No ,Yes ,Boxed ,22 nm ,Yes ,Yes: Hyper-Threading ,,,
AMD A10-5700,AMD ,AD5700OKHJBOX ,AMD A10 ,Piledriver ,Trinity ,FM2 ,4.0,4.0,3.4 GHz ,,4 MB ,0 MB ,65 W ,Radeon HD 7660D ,,No ,Yes ,Boxed ,32 nm ,Yes ,No ,,,
Intel Xeon E3-1225 V3,Intel ,BX80646E31225V3 ,Intel Xeon E3 ,Haswell ,Haswell ,LGA1150 ,4.0,4.0,3.2 GHz ,3.6 GHz ,1 MB ,8 MB ,84 W ,Intel HD Graphics P4600 ,,Yes ,Yes ,Boxed ,22 nm ,Yes ,No ,,,
Intel Xeon E3-1245 V3,Intel ,BX80646E31245V3 ,Intel Xeon E3 ,Haswell ,Haswell ,LGA1150 ,4.0,8.0,3.4 GHz ,3.8 GHz ,1 MB ,8 MB ,84 W ,Intel HD Graphics P4600 ,,Yes ,Yes ,Boxed ,22 nm ,Yes ,Yes: Hyper-Threading ,,,
Intel Core i5-4690K,Intel ,CM8064601710803 ,Intel Core i5 ,Haswell Refresh ,Haswell Refresh ,LGA1150 ,4.0,4.0,3.5 GHz ,3.9 GHz ,1 MB ,6 MB ,88 W ,Intel HD Graphics 4600 ,,No ,No ,OEM/Tray ,22 nm ,No ,No ,,,
Intel Xeon E5-1620,Intel ,CM8062101038606 ,Intel Xeon E5 ,Sandy Bridge ,Sandy Bridge-EP ,LGA2011 ,4.0,8.0,3.6 GHz ,3.8 GHz ,1 MB ,10 MB ,130 W ,None ,,Yes ,No ,OEM/Tray ,32 nm ,No ,Yes: Hyper-Threading ,,,
AMD FX-8370E,AMD ,FD837EWMHKBOX ,AMD FX ,Piledriver ,Vishera ,AM3+ ,8.0,8.0,3.3 GHz ,4.3 GHz ,8 MB ,8 MB ,95 W ,None ,,No ,Yes ,Boxed ,32 nm ,Yes ,No ,,,
Intel Core i3-6300,Intel ,BX80662I36300 ,Intel Core i3 ,Skylake ,Skylake-S ,LGA1151 ,2.0,4.0,3.8 GHz ,,0.5 MB ,4 MB ,51 W ,Intel HD Graphics 530 ,64 GB ,Yes ,Yes ,Boxed ,14 nm ,Yes ,Yes: Hyper-Threading ,,,
AMD Athlon 5370,AMD ,AD5370JAHMBOX ,AMD Athlon ,Jaguar ,Kabini ,AM1 ,4.0,4.0,2.2 GHz ,,2 MB ,0 MB ,25 W ,Radeon R3 (on die) ,,No ,Yes ,Boxed ,28 nm ,Yes ,No ,,,
Intel Celeron G3930T,Intel ,CM8067703016211 ,Intel Celeron ,Kaby Lake ,Kaby Lake-S ,LGA1151 ,2.0,2.0,2.7 GHz ,,0.5 MB ,2 MB ,35 W ,Intel HD Graphics 610 ,64 GB ,Yes ,No ,OEM/Tray ,14 nm ,No ,No ,,,
AMD Ryzen 7 1800X,AMD ,YD180XBCM88AE ,AMD Ryzen 7 ,Zen ,Summit Ridge ,AM4 ,8.0,16.0,3.6 GHz ,4 GHz ,4 MB ,16 MB ,95 W ,None ,,No ,No ,OEM/Tray ,14 nm ,No ,Yes ,,,
AMD Threadripper 2920X,AMD ,YD292XA8UC9AF ,AMD Threadripper ,Zen+ ,Colfax ,sTR4 ,12.0,24.0,3.5 GHz ,4.3 GHz ,6 MB ,32 MB ,180 W ,None ,1024 GB ,Yes ,No ,OEM/Tray ,12 nm ,No ,Yes ,,,
Intel Core i9-9920X,Intel ,BX80673I99920X ,Intel Core i9 ,Skylake ,Skylake-X ,LGA2066 ,12.0,24.0,3.5 GHz ,4.4 GHz ,12 MB ,19.25 MB ,165 W ,None ,128 GB ,No ,No ,Boxed ,14 nm ,No ,Yes: Hyper-Threading ,,,
Intel Xeon E-2146G,Intel ,BX80684E2146G ,Intel Xeon E ,Coffee Lake ,Coffee Lake ,LGA1151 ,6.0,12.0,3.5 GHz ,4.5 GHz ,1.5 MB ,12 MB ,80 W ,Intel HD Graphics P630 ,64 GB ,Yes ,No ,Boxed ,14 nm ,No ,Yes: Hyper-Threading ,,,
Intel Xeon E-2136,Intel ,BX80684E2136 ,Intel Xeon E ,Coffee Lake ,Coffee Lake ,LGA1151 ,6.0,12.0,3.3 GHz ,4.5 GHz ,1.5 MB ,12 MB ,80 W ,None ,64 GB ,Yes ,Yes ,Boxed ,14 nm ,Yes ,Yes: Hyper-Threading ,,,
Intel Celeron G5920,Intel ,BX80701G5920 ,Intel Celeron ,Comet Lake ,Comet Lake ,LGA1200 ,2.0,2.0,3.5 GHz ,,0.5 MB ,4 MB ,58 W ,Intel UHD Graphics 610 ,128 GB ,No ,Yes ,Boxed ,14 nm ,Yes ,No ,,,
Intel Core i3-10325,Intel ,BX8070110325 ,Intel Core i3 ,Comet Lake ,Comet Lake ,LGA1200 ,4.0,8.0,3.9 GHz ,4.7 GHz ,1 MB ,8 MB ,65 W ,Intel UHD Graphics 630 ,128 GB ,No ,Yes ,Boxed ,14 nm ,Yes ,Yes: Hyper-Threading ,,,
Intel Pentium Gold G6605,Intel ,BX80701G6605 ,Intel Pentium Gold ,Comet Lake ,Comet Lake ,LGA1200 ,2.0,4.0,4.3 GHz ,,0.5 MB ,4 MB ,58 W ,Intel UHD Graphics 630 ,128 GB ,No ,Yes ,Boxed ,14 nm ,Yes ,Yes: Hyper-Threading ,,,
AMD EPYC 4344P,AMD ,100-100001479WOF ,AMD EPYC ,Zen 4 ,Raphael ,AM5 ,8.0,16.0,3.8 GHz ,5.3 GHz ,8 MB ,32 MB ,65 W ,Radeon ,,Yes ,No ,Boxed ,5 nm ,No ,Yes ,,,
Intel Celeron E3300,Intel ,BX80571E3300 ,Intel Celeron ,Wolfdale ,Wolfdale ,LGA775 ,2.0,2.0,2.5 GHz ,,1 MB ,0 MB ,65 W ,None ,,No ,Yes ,Boxed ,45 nm ,Yes ,No ,,,
Intel Core 2 Duo E6400,Intel ,HH80557PH0462M ,Intel Core 2 Duo ,Core ,Conroe ,LGA775 ,2.0,2.0,2.13 GHz ,,2 MB ,0 MB ,65 W ,None ,,No ,No ,OEM/Tray ,65 nm ,No ,No ,,,
Intel Xeon E5-2620 V3,Intel ,BX80644E52620V3 ,Intel Xeon E5 ,Haswell ,Haswell-EP ,LGA2011-3 ,6.0,12.0,2.4 GHz ,3.2 GHz ,1.5 MB ,15 MB ,85 W ,None ,,Yes ,No ,Boxed ,22 nm ,No ,Yes: Hyper-Threading ,,,
Intel Xeon E5-2623 V3,Intel ,CM8064401832000 ,Intel Xeon E5 ,Haswell ,Haswell-EP ,LGA2011-3 ,4.0,8.0,3 GHz ,3.5 GHz ,1 MB ,10 MB ,105 W ,None ,,Yes ,No ,OEM/Tray ,22 nm ,No ,Yes: Hyper-Threading ,,,
AMD FX-8370,AMD ,FD8370FRHKHBX ,AMD FX ,Piledriver ,Vishera ,AM3+ ,8.0,8.0,4 GHz ,4.3 GHz ,8 MB ,8 MB ,125 W ,None ,,No ,Yes ,Boxed ,32 nm ,Yes ,No ,,,
Intel Xeon E-2174G,Intel ,CM8068403654221 ,Intel Xeon E ,Coffee Lake ,Coffee Lake ,LGA1151 ,4.0,8.0,3.8 GHz ,4.7 GHz ,1 MB ,8 MB ,71 W ,Intel HD Graphics P630 ,64 GB ,Yes ,No ,OEM/Tray ,14 nm ,No ,Yes: Hyper-Threading ,,,
Intel Celeron E1200,Intel ,BX80557E1200 ,Intel Celeron ,Core ,Conroe ,LGA775 ,2.0,2.0,1.6 GHz ,,0.5 MB ,0 MB ,65 W ,None ,,No ,Yes ,Boxed ,65 nm ,Yes ,No ,,,
Intel Core 2 Duo E6750,Intel ,HH80557PJ0674MG ,Intel Core 2 Duo ,Core ,Conroe ,LGA775 ,2.0,2.0,2.66 GHz ,,4 MB ,0 MB ,65 W ,None ,,No ,No ,OEM/Tray ,65 nm ,No ,No ,,,
Intel Core 2 Duo E8500,Intel ,BX80570E8500 ,Intel Core 2 Duo ,Wolfdale ,Wolfdale ,LGA775 ,2.0,2.0,3.16 GHz ,,6 MB ,0 MB ,65 W ,None ,,No ,Yes ,Boxed ,45 nm ,Yes ,No ,,,
Intel Core i3-2100T,Intel ,BX80623I32100T ,Intel Core i3 ,Sandy Bridge ,Sandy Bridge ,LGA1155 ,2.0,4.0,2.5 GHz ,,0.5 MB ,3 MB ,35 W ,Intel HD Graphics 2000 ,,No ,Yes ,Boxed ,32 nm ,Yes ,Yes: Hyper-Threading ,,,
AMD A6-3500,AMD ,AD3500OJGXBOX ,AMD A6 ,Lynx ,Llano ,FM1 ,3.0,3.0,2.1 GHz ,,3 MB ,0 MB ,65 W ,Radeon HD 6530D ,,No ,Yes ,Boxed ,32 nm ,Yes ,No ,,,
Intel Core i5-2550K,Intel ,BX80623i52550K ,Intel Core i5 ,Sandy Bridge ,Sandy Bridge ,LGA1155 ,4.0,4.0,3.4 GHz ,,1 MB ,6 MB ,95 W ,None ,,No ,Yes ,Boxed ,32 nm ,Yes ,No ,,,
Intel Core i3-3220T,Intel ,BX80637i33220T ,Intel Core i3 ,Ivy Bridge ,Ivy Bridge ,LGA1155 ,2.0,4.0,2.8 GHz ,,0.5 MB ,3 MB ,35 W ,Intel HD Graphics 2500 ,,No ,Yes ,Boxed ,22 nm ,Yes ,Yes: Hyper-Threading ,,,
AMD A8-5600K,AMD ,AD560KWOHJBOX ,AMD A8 ,Piledriver ,Trinity ,FM2 ,4.0,4.0,3.6 GHz ,,4 MB ,0 MB ,100 W ,Radeon HD 7560D ,,No ,Yes ,Boxed ,32 nm ,Yes ,No ,,,
Intel Xeon E3-1225,Intel ,BX80623E31225 ,Intel Xeon E3 ,Sandy Bridge ,Sandy Bridge ,LGA1155 ,4.0,4.0,3.1 GHz ,,1 MB ,6 MB ,95 W ,Intel HD Graphics ,,Yes ,Yes ,Boxed ,32 nm ,Yes ,No ,,,
AMD Athlon X2 370K,AMD ,AD370KOKHLBOX ,AMD Athlon X2 ,Piledriver ,Richland ,FM2 ,2.0,2.0,4.2 GHz ,,1 MB ,0 MB ,65 W ,None ,,No ,Yes ,Boxed ,32 nm ,Yes ,No ,,,
Intel Pentium G3420,Intel ,BX80646G3420 ,Intel Pentium ,Haswell ,Haswell ,LGA1150 ,2.0,2.0,3.2 GHz ,,0.5 MB ,3 MB ,54 W ,Intel HD Graphics ,,No ,Yes ,Boxed ,22 nm ,Yes ,No ,,,
AMD FX-9590,AMD ,FD9590FHW8KHK ,AMD FX ,Piledriver ,Vishera ,AM3+ ,8.0,8.0,4.7 GHz ,5 GHz ,8 MB ,8 MB ,220 W ,None ,,No ,No ,OEM/Tray ,32 nm ,No ,No ,,,
Intel Xeon E5-2660 V2,Intel ,BX80635E52660V2 ,Intel Xeon E5 ,Ivy Bridge ,Ivy Bridge-EP ,LGA2011 ,10.0,20.0,2.2 GHz ,3 GHz ,2.5 MB ,25 MB ,95 W ,None ,,Yes ,No ,Boxed ,22 nm ,No ,Yes: Hyper-Threading ,,,
Intel Pentium G3460,Intel ,BX80646G3460 ,Intel Pentium ,Haswell Refresh ,Haswell Refresh ,LGA1150 ,2.0,2.0,3.5 GHz ,,0.5 MB ,3 MB ,53 W ,Intel HD Graphics ,,No ,Yes ,Boxed ,22 nm ,Yes ,No ,,,
Intel Core i3-6320,Intel ,BX80662I36320 ,Intel Core i3 ,Skylake ,Skylake-S ,LGA1151 ,2.0,4.0,3.9 GHz ,,0.5 MB ,4 MB ,51 W ,Intel HD Graphics 530 ,64 GB ,Yes ,Yes ,Boxed ,14 nm ,Yes ,Yes: Hyper-Threading ,,,
Intel Xeon E3-1245 V5,Intel ,BX80662E31245V5 ,Intel Xeon E3 ,Skylake ,Skylake-H ,LGA1151 ,4.0,8.0,3.5 GHz ,3.9 GHz ,1 MB ,8 MB ,80 W ,Intel HD Graphics P530 ,64 GB ,Yes ,Yes ,Boxed ,14 nm ,Yes ,Yes: Hyper-Threading ,,,
Intel Core i7-6900K,Intel ,BXC80671I76900K ,Intel Core i7 ,Broadwell ,Broadwell-E ,LGA2011-3 ,8.0,16.0,3.2 GHz ,3.7 GHz ,2 MB ,20 MB ,140 W ,None ,128 GB ,No ,No ,Boxed ,14 nm ,No ,Yes: Hyper-Threading ,,,
Intel Pentium G4560,Intel ,CM8067702867064 ,Intel Pentium ,Kaby Lake ,Kaby Lake-S ,LGA1151 ,2.0,4.0,3.5 GHz ,,0.5 MB ,3 MB ,54 W ,Intel HD Graphics 610 ,64 GB ,Yes ,No ,OEM/Tray ,14 nm ,No ,Yes: Hyper-Threading ,,,
Intel Core i5-7640X,Intel ,CM8067702868730 ,Intel Core i5 ,Kaby Lake ,Kaby Lake-X ,LGA2066 ,4.0,4.0,4 GHz ,4.2 GHz ,1 MB ,6 MB ,112 W ,None ,64 GB ,No ,No ,OEM/Tray ,14 nm ,No ,No ,,,
AMD A6-9500,AMD ,AD9500AGABBOX ,AMD A6 ,Excavator ,Bristol Ridge ,AM4 ,2.0,2.0,3.5 GHz ,3.8 GHz ,1 MB ,0 MB ,65 W ,Radeon R5 (on die) ,,No ,Yes ,Boxed ,28 nm ,Yes ,No ,,,
Intel Core i3-8300T,Intel ,CM8068403377212 ,Intel Core i3 ,Coffee Lake ,Coffee Lake ,LGA1151 ,4.0,4.0,3.2 GHz ,,1 MB ,8 MB ,35 W ,Intel UHD Graphics 630 ,64 GB ,Yes ,No ,OEM/Tray ,14 nm ,No ,No ,,,
Intel Core i5-3330S,Intel ,CM8063701159804 ,Intel Core i5 ,Ivy Bridge ,Ivy Bridge ,LGA1155 ,4.0,4.0,2.7 GHz ,3.2 GHz ,1 MB ,6 MB ,65 W ,Intel HD Graphics 2500 ,,No ,No ,OEM/Tray ,22 nm ,No ,No ,,,
Intel Core i5-3570,Intel ,CM8063701093103 ,Intel Core i5 ,Ivy Bridge ,Ivy Bridge ,LGA1155 ,4.0,4.0,3.4 GHz ,,1 MB ,6 MB ,77 W ,Intel HD Graphics 2500 ,,No ,No ,OEM/Tray ,22 nm ,No ,No ,,,
Intel Core i5-9600T,Intel ,CM8068403358709 ,Intel Core i5 ,Coffee Lake Refresh ,Coffee Lake Refresh ,LGA1151 ,6.0,6.0,2.3 GHz ,3.9 GHz ,1.5 MB ,9 MB ,35 W ,Intel UHD Graphics 630 ,128 GB ,No ,No ,OEM/Tray ,14 nm ,No ,No ,,,
AMD Ryzen 7 2700,AMD ,YD2700BBM88AF ,AMD Ryzen 7 ,Zen+ ,Pinnacle Ridge ,AM4 ,8.0,16.0,3.2 GHz ,4.1 GHz ,4 MB ,16 MB ,65 W ,None ,64 GB ,No ,No ,OEM/Tray ,12 nm ,No ,Yes ,,,
Intel Core i5-4670T,Intel ,CM8064601466003 ,Intel Core i5 ,Haswell ,Haswell ,LGA1150 ,4.0,4.0,2.3 GHz ,,1 MB ,6 MB ,45 W ,Intel HD Graphics 4600 ,,No ,No ,OEM/Tray ,22 nm ,No ,No ,,,
Intel Pentium E2220,Intel ,HH80557PG0561M ,Intel Pentium ,Core ,Allendale ,LGA775 ,2.0,2.0,2.4 GHz ,,1 MB ,0 MB ,65 W ,None ,,No ,No ,OEM/Tray ,65 nm ,No ,No ,,,
Intel Core 2 Duo E6420,Intel ,HH80557PH0464M ,Intel Core 2 Duo ,Core ,Conroe ,LGA775 ,2.0,2.0,2.13 GHz ,,4 MB ,0 MB ,65 W ,None ,,No ,No ,OEM/Tray ,65 nm ,No ,No ,,,
Intel Core 2 Duo E7600,Intel ,AT80571PH0833ML ,Intel Core 2 Duo ,Wolfdale ,Wolfdale ,LGA775 ,2.0,2.0,3.06 GHz ,,3 MB ,0 MB ,65 W ,None ,,No ,No ,OEM/Tray ,45 nm ,No ,No ,,,
AMD Athlon II X4 645,AMD ,ADX645WFGMBOX ,AMD Athlon II X4 ,K10 ,Propus ,AM3 ,4.0,4.0,3.1 GHz ,,2 MB ,0 MB ,95 W ,None ,,No ,Yes ,Boxed ,45 nm ,Yes ,No ,,,
AMD Phenom II X6 1075T,AMD ,HDT75TFBGRBOX ,AMD Phenom II X6 ,K10 ,Thuban ,AM3 ,6.0,6.0,3 GHz ,,3 MB ,6 MB ,95 W ,None ,,No ,Yes ,Boxed ,45 nm ,Yes ,No ,,,
AMD Phenom II X2 565 Black,AMD ,HDZ565WFGMBOX ,AMD Phenom II X2 ,K10 ,Callisto ,AM3 ,2.0,2.0,3.4 GHz ,,1 MB ,6 MB ,80 W ,None ,,No ,Yes ,Boxed ,45 nm ,Yes ,No ,,,
AMD Sempron 145,AMD ,SDX145HBGMBOX ,AMD Sempron ,K10 ,Sargas ,AM3 ,1.0,1.0,2.8 GHz ,,1 MB ,0 MB ,45 W ,None ,,No ,Yes ,Boxed ,45 nm ,Yes ,No ,,,
Intel Pentium E5800,Intel ,BX80571E5800 ,Intel Pentium ,Wolfdale ,Wolfdale ,LGA775 ,2.0,2.0,3.2 GHz ,,2 MB ,0 MB ,65 W ,None ,,No ,Yes ,Boxed ,45 nm ,Yes ,No ,,,
AMD A8-3850,AMD ,AD3850WNGXBOX ,AMD A8 ,Lynx ,Llano ,FM1 ,4.0,4.0,2.9 GHz ,,4 MB ,0 MB ,100 W ,Radeon HD 6550D ,,No ,Yes ,Boxed ,32 nm ,Yes ,No ,,,
Intel Pentium G630,Intel ,BX80623G630 ,Intel Pentium ,Sandy Bridge ,Sandy Bridge ,LGA1155 ,2.0,2.0,2.7 GHz ,,0.5 MB ,3 MB ,65 W ,Intel HD Graphics ,,No ,Yes ,Boxed ,32 nm ,Yes ,No ,,,
Intel Xeon E3-1220 V2,Intel ,BX80637E31220V2 ,Intel Xeon E3 ,Ivy Bridge ,Ivy Bridge ,LGA1155 ,4.0,4.0,3.1 GHz ,,1 MB ,8 MB ,69 W ,None ,,Yes ,Yes ,Boxed ,22 nm ,Yes ,No ,,,
Intel Xeon E3-1225 V2,Intel ,BX80637E31225V2 ,Intel Xeon E3 ,Ivy Bridge ,Ivy Bridge ,LGA1155 ,4.0,4.0,3.2 GHz ,,1 MB ,8 MB ,77 W ,Intel HD Graphics P4000 ,,Yes ,Yes ,Boxed ,22 nm ,Yes ,No ,,,
Intel Xeon E3-1275 V3,Intel ,BX80646E31275V3 ,Intel Xeon E3 ,Haswell ,Haswell ,LGA1150 ,4.0,8.0,3.5 GHz ,3.9 GHz ,1 MB ,8 MB ,84 W ,Intel HD Graphics P4600 ,,Yes ,Yes ,Boxed ,22 nm ,Yes ,Yes: Hyper-Threading ,,,
AMD FX-9370,AMD ,FD9370FHHKWOX ,AMD FX ,Piledriver ,Vishera ,AM3+ ,8.0,8.0,4.4 GHz ,4.7 GHz ,8 MB ,8 MB ,220 W ,None ,,No ,Yes ,Boxed ,32 nm ,Yes ,No ,,,
Intel Xeon E5-2603,Intel ,BX80621E52603 ,Intel Xeon E5 ,Sandy Bridge ,Sandy Bridge-EP ,LGA2011 ,4.0,4.0,1.8 GHz ,,1 MB ,10 MB ,80 W ,None ,,Yes ,No ,Boxed ,32 nm ,No ,No ,,,
Intel Xeon E5-2620 V2,Intel ,BX80635E52620V2 ,Intel Xeon E5 ,Ivy Bridge ,Ivy Bridge-EP ,LGA2011 ,6.0,12.0,2.1 GHz ,2.6 GHz ,1.5 MB ,15 MB ,80 W ,None ,,Yes ,No ,Boxed ,22 nm ,No ,Yes: Hyper-Threading ,,,
Intel Core i5-4440S,Intel ,BX80646I54440S ,Intel Core i5 ,Haswell ,Haswell ,LGA1150 ,4.0,4.0,2.8 GHz ,3.3 GHz ,1 MB ,6 MB ,65 W ,Intel HD Graphics 4600 ,,No ,Yes ,Boxed ,22 nm ,Yes ,No ,,,
Intel Pentium G3250,Intel ,BX80646G3250 ,Intel Pentium ,Haswell Refresh ,Haswell Refresh ,LGA1150 ,2.0,2.0,3.2 GHz ,,0.5 MB ,3 MB ,53 W ,Intel HD Graphics ,,No ,Yes ,Boxed ,22 nm ,Yes ,No ,,,
Intel Core i7-3770T,Intel ,CM8063701212200 ,Intel Core i7 ,Ivy Bridge ,Ivy Bridge ,LGA1155 ,4.0,8.0,2.5 GHz ,3.7 GHz ,1 MB ,8 MB ,45 W ,Intel HD Graphics 4000 ,,No ,No ,OEM/Tray ,22 nm ,No ,Yes: Hyper-Threading ,,,
AMD A8-7650K,AMD ,AD765KXBJABOX ,AMD A8 ,Steamroller ,Kaveri ,FM2+ ,4.0,4.0,3.3 GHz ,3.7 GHz ,4 MB ,0 MB ,95 W ,Radeon R7 (on-die) ,,No ,Yes ,Boxed ,28 nm ,Yes ,No ,,,
Intel Core i3-6100T,Intel ,BX80662I36100T ,Intel Core i3 ,Skylake ,Skylake-S ,LGA1151 ,2.0,4.0,3.2 GHz ,,0.5 MB ,3 MB ,35 W ,Intel HD Graphics 530 ,64 GB ,Yes ,Yes ,Boxed ,14 nm ,Yes ,Yes: Hyper-Threading ,,,
Intel Xeon E3-1235L V5,Intel ,CM8066201935807 ,Intel Xeon E3 ,Skylake ,Skylake-H ,LGA1151 ,4.0,4.0,2 GHz ,3 GHz ,1 MB ,8 MB ,25 W ,Intel HD Graphics P530 ,64 GB ,Yes ,No ,OEM/Tray ,14 nm ,No ,No ,,,
AMD Opteron 6378,AMD ,OS6378WKTGGHKWOF ,AMD Opteron ,Piledriver ,Abu Dhabi ,G34 ,16.0,16.0,2.4 GHz ,3.3 GHz ,16 MB ,16 MB ,115 W ,None ,,No ,No ,Boxed ,32 nm ,No ,No ,,,
AMD A10-7860k,AMD ,AD786KYBJCSBX ,AMD A10 ,Steamroller ,Godavari ,FM2+ ,4.0,4.0,3.6 GHz ,4 GHz ,4 MB ,0 MB ,65 W ,Radeon R7 (on-die) ,,No ,Yes ,Boxed ,28 nm ,Yes ,No ,,,
Intel Core i3-7300,Intel ,BX80677I37300 ,Intel Core i3 ,Kaby Lake ,Kaby Lake-S ,LGA1151 ,2.0,4.0,4 GHz ,,0.5 MB ,4 MB ,51 W ,Intel HD Graphics 630 ,64 GB ,Yes ,Yes ,Boxed ,14 nm ,Yes ,Yes: Hyper-Threading ,,,
Intel Core i5-7400T,Intel ,BX80677I57400T ,Intel Core i5 ,Kaby Lake ,Kaby Lake-S ,LGA1151 ,4.0,4.0,2.4 GHz ,3 GHz ,1 MB ,6 MB ,35 W ,Intel HD Graphics 630 ,64 GB ,No ,Yes ,Boxed ,14 nm ,Yes ,No ,,,
Intel Xeon E3-1230 V6,Intel ,BX80677E31230V6 ,Intel Xeon E3 ,Kaby Lake ,Kaby Lake-S ,LGA1151 ,4.0,8.0,3.5 GHz ,3.9 GHz ,1 MB ,8 MB ,72 W ,None ,64 GB ,Yes ,Yes ,Boxed ,14 nm ,Yes ,Yes: Hyper-Threading ,,,
Intel Celeron G4900T,Intel ,CM8068403379312 ,Intel Celeron ,Coffee Lake ,Coffee Lake ,LGA1151 ,2.0,2.0,1.8 GHz ,,0.5 MB ,2 MB ,35 W ,Intel UHD Graphics 610 ,64 GB ,Yes ,No ,OEM/Tray ,14 nm ,No ,No ,,,
Intel Core i3-9300,Intel ,CM8068403377117 ,Intel Core i3 ,Coffee Lake Refresh ,Coffee Lake Refresh ,LGA1151 ,4.0,4.0,3.7 GHz ,4.3 GHz ,1 MB ,8 MB ,62 W ,Intel UHD Graphics 630 ,64 GB ,Yes ,No ,OEM/Tray ,14 nm ,No ,No ,,,
Intel Xeon E-2104G,Intel ,CM8068403653917 ,Intel Xeon E ,Coffee Lake ,Coffee Lake ,LGA1151 ,4.0,4.0,3.2 GHz ,,1 MB ,8 MB ,65 W ,Intel HD Graphics P630 ,64 GB ,Yes ,No ,OEM/Tray ,14 nm ,No ,No ,,,
Intel Core i3-3240T,Intel ,CM8063701194400 ,Intel Core i3 ,Ivy Bridge ,Ivy Bridge ,LGA1155 ,2.0,4.0,2.9 GHz ,,0.5 MB ,3 MB ,35 W ,Intel HD Graphics 2500 ,,No ,No ,OEM/Tray ,22 nm ,No ,Yes: Hyper-Threading ,,,
Intel Core 2 Duo E6850,Intel ,HH80557PJ0804MG ,Intel Core 2 Duo ,Core ,Conroe ,LGA775 ,2.0,2.0,3 GHz ,,4 MB ,0 MB ,65 W ,None ,,No ,No ,OEM/Tray ,65 nm ,No ,No ,,,
Intel Core i5-750,Intel ,BV80605001911AP ,Intel Core i5 ,Nehalem ,Lynnfield ,LGA1156 ,4.0,4.0,2.66 GHz ,,1 MB ,8 MB ,95 W ,None ,,No ,No ,OEM/Tray ,45 nm ,No ,No ,,,
AMD Athlon X4 760K,AMD ,AD760KWOHLBOX ,AMD Athlon X4 ,Piledriver ,Richland ,FM2 ,4.0,4.0,3.8 GHz ,4.1 GHz ,4 MB ,0 MB ,100 W ,None ,,No ,Yes ,Boxed ,32 nm ,Yes ,No ,,,
Intel Xeon E3-1226 V3,Intel ,BX80646E31226V3 ,Intel Xeon E3 ,Haswell Refresh ,Haswell Refresh ,LGA1150 ,4.0,4.0,3.3 GHz ,3.7 GHz ,1 MB ,8 MB ,84 W ,Intel HD Graphics P4600 ,,Yes ,Yes ,Boxed ,22 nm ,Yes ,No ,,,
Intel Xeon E3-1260L V5,Intel ,CM8066201921903 ,Intel Xeon E3 ,Skylake ,Skylake-H ,LGA1151 ,4.0,8.0,2.9 GHz ,3.9 GHz ,1 MB ,8 MB ,45 W ,None ,64 GB ,Yes ,No ,OEM/Tray ,14 nm ,No ,Yes: Hyper-Threading ,,,
Intel Core i5-7600T,Intel ,CM8067702868117 ,Intel Core i5 ,Kaby Lake ,Kaby Lake-S ,LGA1151 ,4.0,4.0,2.8 GHz ,3.7 GHz ,1 MB ,6 MB ,35 W ,Intel HD Graphics 630 ,64 GB ,No ,No ,OEM/Tray ,14 nm ,No ,No ,,,
Intel Xeon E3-1245 V6,Intel ,CM8067702870932 ,Intel Xeon E3 ,Kaby Lake ,Kaby Lake-S ,LGA1151 ,4.0,8.0,3.7 GHz ,4.1 GHz ,1 MB ,8 MB ,73 W ,Intel HD Graphics P630 ,64 GB ,Yes ,No ,OEM/Tray ,14 nm ,No ,Yes: Hyper-Threading ,,,
AMD Athlon II X2 220,AMD ,ADX220OCK22GM ,AMD Athlon II X2 ,K10 ,Regor ,AM3 ,2.0,2.0,2.8 GHz ,,1 MB ,0 MB ,65 W ,None ,,No ,No ,OEM/Tray ,45 nm ,No ,No ,,,
Intel Celeron 430,Intel ,HH80557RG033512 ,Intel Celeron ,Core ,Conroe ,LGA775 ,1.0,1.0,1.8 GHz ,,0.5 MB ,0 MB ,35 W ,None ,,No ,No ,OEM/Tray ,65 nm ,No ,No ,,,
AMD Phenom II X2 555 Black,AMD ,HDZ555WFGMBOX ,AMD Phenom II X2 ,K10 ,Callisto ,AM3 ,2.0,2.0,3.2 GHz ,,1 MB ,6 MB ,80 W ,None ,,No ,Yes ,Boxed ,45 nm ,Yes ,No ,,,
AMD Phenom II X4 920,AMD ,HDX920XCGIBOX ,AMD Phenom II X4 ,K10 ,Deneb ,AM2+ ,4.0,4.0,2.8 GHz ,,2 MB ,6 MB ,125 W ,None ,,No ,Yes ,Boxed ,45 nm ,Yes ,No ,,,
AMD Athlon II X2 240e,AMD ,AD240EHDGQBOX ,AMD Athlon II X2 ,K10 ,Regor ,AM3 ,2.0,2.0,2.8 GHz ,,2 MB ,0 MB ,45 W ,None ,,No ,Yes ,Boxed ,45 nm ,Yes ,No ,,,
Intel Pentium E2140,Intel ,HH80557PG0251M ,Intel Pentium ,Core ,Conroe ,LGA775 ,2.0,2.0,1.6 GHz ,,1 MB ,0 MB ,65 W ,None ,,No ,No ,OEM/Tray ,65 nm ,No ,No ,,,
Intel Pentium E2200,Intel ,BX80557E2200 ,Intel Pentium ,Core ,Conroe ,LGA775 ,2.0,2.0,2.2 GHz ,,1 MB ,0 MB ,65 W ,None ,,No ,Yes ,Boxed ,65 nm ,Yes ,No ,,,
Intel Core 2 Duo E4300,Intel ,BX80557E4300 ,Intel Core 2 Duo ,Core ,Conroe ,LGA775 ,2.0,2.0,1.8 GHz ,,2 MB ,0 MB ,65 W ,None ,,No ,Yes ,Boxed ,65 nm ,Yes ,No ,,,
Intel Core 2 Duo E4600,Intel ,BX80557E4600 ,Intel Core 2 Duo ,Core ,Conroe ,LGA775 ,2.0,2.0,2.4 GHz ,,2 MB ,0 MB ,65 W ,None ,,No ,Yes ,Boxed ,65 nm ,Yes ,No ,,,
Intel Pentium E5300,Intel ,AT80571PG0642M ,Intel Pentium ,Wolfdale ,Wolfdale ,LGA775 ,2.0,2.0,2.6 GHz ,,2 MB ,0 MB ,65 W ,None ,,No ,No ,OEM/Tray ,45 nm ,No ,No ,,,
Intel Core 2 Duo E6550,Intel ,HH80557PJ0534MG ,Intel Core 2 Duo ,Core ,Conroe ,LGA775 ,2.0,2.0,2.33 GHz ,,4 MB ,0 MB ,65 W ,None ,,No ,No ,OEM/Tray ,65 nm ,No ,No ,,,
Intel Core 2 Duo E6700,Intel ,HH80557PH0674M ,Intel Core 2 Duo ,Core ,Conroe ,LGA775 ,2.0,2.0,2.66 GHz ,,4 MB ,0 MB ,65 W ,None ,,No ,No ,OEM/Tray ,65 nm ,No ,No ,,,
Intel Core i5-660,Intel ,BX80616I5660 ,Intel Core i5 ,Westmere ,Clarkdale ,LGA1156 ,2.0,4.0,3.33 GHz ,,0.5 MB ,4 MB ,73 W ,Intel HD Graphics ,,No ,Yes ,Boxed ,32 nm ,Yes ,Yes: Hyper-Threading ,,,
Intel Core i5-670,Intel ,BX80616I5670 ,Intel Core i5 ,Westmere ,Clarkdale ,LGA1156 ,2.0,4.0,3.46 GHz ,,0.5 MB ,4 MB ,73 W ,Intel HD Graphics ,,No ,Yes ,Boxed ,32 nm ,Yes ,Yes: Hyper-Threading ,,,
Intel Core 2 Quad Q6700,Intel ,BX80562Q6700 ,Intel Core 2 Quad ,Core ,Kentsfield ,LGA775 ,4.0,4.0,2.66 GHz ,,8 MB ,0 MB ,100 W ,None ,,No ,Yes ,Boxed ,65 nm ,Yes ,No ,,,
Intel Core 2 Quad Q8300,Intel ,AT80580PJ0604ML ,Intel Core 2 Quad ,Yorkfield ,Yorkfield ,LGA775 ,4.0,4.0,2.5 GHz ,,4 MB ,0 MB ,95 W ,None ,,No ,No ,OEM/Tray ,45 nm ,No ,No ,,,
Intel Core 2 Quad Q8400S,Intel ,BX80580Q8400S ,Intel Core 2 Quad ,Yorkfield ,Yorkfield ,LGA775 ,4.0,4.0,2.66 GHz ,,4 MB ,0 MB ,65 W ,None ,,No ,Yes ,Boxed ,45 nm ,Yes ,No ,,,
Intel Core 2 Extreme QX9650,Intel ,BX80569QX9650 ,Intel Core 2 Extreme ,Yorkfield ,Yorkfield ,LGA775 ,4.0,4.0,3 GHz ,,12 MB ,0 MB ,130 W ,None ,,No ,Yes ,Boxed ,45 nm ,Yes ,No ,,,
Intel Core 2 Extreme X6800,Intel ,BX80557X6800 ,Intel Core 2 Extreme ,Core ,Conroe ,LGA775 ,2.0,2.0,2.93 GHz ,,4 MB ,0 MB ,75 W ,None ,,No ,Yes ,Boxed ,65 nm ,Yes ,No ,,,
AMD Phenom II X4 970 Black,AMD ,HDZ970FBGMBOX ,AMD Phenom II X4 ,K10 ,Deneb ,AM3 ,4.0,4.0,3.5 GHz ,,2 MB ,6 MB ,125 W ,None ,,No ,Yes ,Boxed ,45 nm ,Yes ,No ,,,
AMD Phenom II X4 975,AMD ,HDZ975FBGMBOX ,AMD Phenom II X4 ,K10 ,Deneb ,AM3 ,4.0,4.0,3.6 GHz ,,2 MB ,6 MB ,125 W ,None ,,No ,Yes ,Boxed ,45 nm ,Yes ,No ,,,
AMD Phenom II X4 840,AMD ,HDX840WFK42GM ,AMD Phenom II X4 ,K10 ,Deneb ,AM3 ,4.0,4.0,3.2 GHz ,,2 MB ,0 MB ,95 W ,None ,,No ,No ,OEM/Tray ,45 nm ,No ,No ,,,
Intel Core i3-2105,Intel ,BX80623I32105 ,Intel Core i3 ,Sandy Bridge ,Sandy Bridge ,LGA1155 ,2.0,4.0,3.1 GHz ,,0.5 MB ,3 MB ,65 W ,Intel HD Graphics 3000 ,,No ,Yes ,Boxed ,32 nm ,Yes ,Yes: Hyper-Threading ,,,
AMD FX-6200,AMD ,FD6200FRGUBOX ,AMD FX ,Bulldozer ,Zambezi ,AM3+ ,6.0,6.0,3.8 GHz ,,6 MB ,8 MB ,125 W ,None ,,No ,Yes ,Boxed ,32 nm ,Yes ,No ,,,
Intel Xeon E3-1230,Intel ,BX80623E31230 ,Intel Xeon E3 ,Sandy Bridge ,Sandy Bridge ,LGA1155 ,4.0,8.0,3.2 GHz ,,1 MB ,8 MB ,80 W ,None ,,Yes ,Yes ,Boxed ,32 nm ,Yes ,Yes: Hyper-Threading ,,,
Intel Xeon E5-2640,Intel ,BX80621E52640 ,Intel Xeon E5 ,Sandy Bridge ,Sandy Bridge-EP ,LGA2011 ,6.0,12.0,2.5 GHz ,3 GHz ,1.5 MB ,15 MB ,95 W ,None ,,Yes ,No ,Boxed ,32 nm ,No ,Yes: Hyper-Threading ,,,
AMD 5150,AMD ,AD5150JAH44HM ,AMD Athlon ,Jaguar ,Kabini ,AM1 ,4.0,4.0,1.6 GHz ,,2 MB ,0 MB ,25 W ,Radeon HD 8400 ,,No ,No ,OEM/Tray ,28 nm ,No ,No ,,,
Intel Core i3-4350,Intel ,BX80646I34350 ,Intel Core i3 ,Haswell Refresh ,Haswell Refresh ,LGA1150 ,2.0,4.0,3.6 GHz ,,0.5 MB ,4 MB ,54 W ,Intel HD Graphics 4600 ,,Yes ,Yes ,Boxed ,22 nm ,Yes ,Yes: Hyper-Threading ,,,
AMD Sempron 150,AMD ,SDX150HBK13GM ,AMD Sempron ,K10 ,Sargas ,AM3 ,1.0,1.0,2.9 GHz ,,1 MB ,0 MB ,45 W ,None ,,No ,No ,OEM/Tray ,45 nm ,No ,No ,,,
AMD FX-8350,AMD ,FD8350FRW8KHK ,AMD FX ,Piledriver ,Vishera ,AM3+ ,8.0,8.0,4 GHz ,,8 MB ,8 MB ,125 W ,None ,,No ,No ,OEM/Tray ,32 nm ,No ,No ,,,
Intel Xeon E5-2690,Intel ,CM8062101122501 ,Intel Xeon E5 ,Sandy Bridge ,Sandy Bridge-EP ,LGA2011 ,8.0,16.0,2.9 GHz ,3.8 GHz ,2 MB ,20 MB ,135 W ,None ,,Yes ,No ,OEM/Tray ,32 nm ,No ,Yes: Hyper-Threading ,,,
Intel Xeon E5-2630L V2,Intel ,CM8063501376200 ,Intel Xeon E5 ,Ivy Bridge ,Ivy Bridge-EP ,LGA2011 ,6.0,12.0,2.4 GHz ,,1.5 MB ,15 MB ,60 W ,None ,,Yes ,No ,OEM/Tray ,22 nm ,No ,Yes: Hyper-Threading ,,,
AMD FX-8370,AMD ,FD8370FRW8KHK ,AMD FX ,Piledriver ,Vishera ,AM3+ ,8.0,8.0,4 GHz ,4.3 GHz ,8 MB ,8 MB ,125 W ,None ,,No ,No ,OEM/Tray ,32 nm ,No ,No ,,,
Intel Xeon E5-1650 V3,Intel ,BX80644E51650V3 ,Intel Xeon E5 ,Haswell ,Haswell-EP ,LGA2011-3 ,6.0,12.0,3.5 GHz ,3.8 GHz ,1.5 MB ,15 MB ,140 W ,None ,,Yes ,No ,Boxed ,22 nm ,No ,Yes: Hyper-Threading ,,,
Intel Xeon E5-2650L V3,Intel ,CM8064401575702 ,Intel Xeon E5 ,Haswell ,Haswell-EP ,LGA2011-3 ,12.0,24.0,1.8 GHz ,2.5 GHz ,3 MB ,30 MB ,65 W ,None ,,Yes ,No ,OEM/Tray ,22 nm ,No ,Yes: Hyper-Threading ,,,
Intel Xeon E5-2680 V3,Intel ,BX80644E52680V3 ,Intel Xeon E5 ,Haswell ,Haswell-EP ,LGA2011-3 ,12.0,24.0,2.5 GHz ,3.3 GHz ,3 MB ,30 MB ,120 W ,None ,,Yes ,No ,OEM/Tray ,22 nm ,No ,Yes: Hyper-Threading ,,,
Intel Xeon E5-2630 V2,Intel ,CM8063501288100 ,Intel Xeon E5 ,Ivy Bridge ,Ivy Bridge-EP ,LGA2011 ,6.0,12.0,2.6 GHz ,3.1 GHz ,1.5 MB ,15 MB ,80 W ,None ,,Yes ,No ,OEM/Tray ,22 nm ,No ,Yes: Hyper-Threading ,,,
Intel Core i5-4690,Intel ,CM8064601560516 ,Intel Core i5 ,Haswell Refresh ,Haswell Refresh ,LGA1150 ,4.0,4.0,3.5 GHz ,3.9 GHz ,1 MB ,6 MB ,84 W ,Intel HD Graphics 4600 ,,No ,No ,OEM/Tray ,22 nm ,No ,No ,,,
Intel Pentium G3470,Intel ,BX80646G3470 ,Intel Pentium ,Haswell Refresh ,Haswell Refresh ,LGA1150 ,2.0,2.0,3.6 GHz ,,0.5 MB ,3 MB ,53 W ,Intel HD Graphics ,,No ,Yes ,Boxed ,22 nm ,Yes ,No ,,,
Intel Pentium G4520,Intel ,BX80662G4520 ,Intel Pentium ,Skylake ,Skylake-S ,LGA1151 ,2.0,2.0,3.6 GHz ,,0.5 MB ,3 MB ,51 W ,Intel HD Graphics 530 ,64 GB ,Yes ,Yes ,Boxed ,14 nm ,Yes ,No ,,,
Intel Xeon E3-1220 V5,Intel ,CM8066201921804 ,Intel Xeon E3 ,Skylake ,Skylake-H ,LGA1151 ,4.0,4.0,3 GHz ,3.5 GHz ,1 MB ,8 MB ,80 W ,None ,64 GB ,Yes ,No ,OEM/Tray ,14 nm ,No ,No ,,,
Intel Pentium G3260,Intel ,BX80646G3260 ,Intel Pentium ,Haswell Refresh ,Haswell Refresh ,LGA1150 ,2.0,2.0,3.3 GHz ,,0.5 MB ,3 MB ,53 W ,Intel HD Graphics ,,No ,Yes ,Boxed ,22 nm ,Yes ,No ,,,
Intel Xeon E5-1650 V4,Intel ,BX80660E51650V4 ,Intel Xeon E5 ,Broadwell ,Broadwell-EP ,LGA2011-3 ,6.0,12.0,3.6 GHz ,4 GHz ,1.5 MB ,15 MB ,140 W ,None ,1536 GB ,Yes ,No ,Boxed ,14 nm ,No ,Yes: Hyper-Threading ,,,
Intel Pentium G4620,Intel ,BX80677G4620 ,Intel Pentium ,Kaby Lake ,Kaby Lake-S ,LGA1151 ,2.0,4.0,3.7 GHz ,,0.5 MB ,3 MB ,51 W ,Intel HD Graphics 630 ,64 GB ,Yes ,Yes ,Boxed ,14 nm ,Yes ,Yes: Hyper-Threading ,,,
Intel Core i3-7300T,Intel ,BX80677I37300T ,Intel Core i3 ,Kaby Lake ,Kaby Lake-S ,LGA1151 ,2.0,4.0,3.5 GHz ,,0.5 MB ,4 MB ,35 W ,Intel HD Graphics 630 ,64 GB ,Yes ,Yes ,Boxed ,14 nm ,Yes ,Yes: Hyper-Threading ,,,
Intel Core i3-7300T,Intel ,BXC80677I37300T ,Intel Core i3 ,Kaby Lake ,Kaby Lake-S ,LGA1151 ,2.0,4.0,3.5 GHz ,,0.5 MB ,4 MB ,35 W ,Intel HD Graphics 630 ,64 GB ,Yes ,Yes ,Boxed ,14 nm ,Yes ,Yes: Hyper-Threading ,,,
Intel Xeon E5-2470V2,Intel ,BX80634E52470V2 ,Intel Xeon E5 ,Ivy Bridge ,Ivy Bridge-EN ,LGA1356 ,10.0,20.0,2.4 GHz ,3.2 GHz ,2.5 MB ,25 MB ,95 W ,None ,384 GB ,Yes ,No ,Boxed ,22 nm ,No ,Yes: Hyper-Threading ,,,
Intel Core i3-8300,Intel ,CM8068403377111 ,Intel Core i3 ,Coffee Lake ,Coffee Lake ,LGA1151 ,4.0,4.0,3.7 GHz ,,1 MB ,8 MB ,62 W ,Intel UHD Graphics 630 ,64 GB ,Yes ,No ,OEM/Tray ,14 nm ,No ,No ,,,
Intel Xeon E-2244G,Intel ,CM8068404175105 ,Intel Xeon E ,Coffee Lake Refresh ,Coffee Lake Refresh ,LGA1151 ,4.0,8.0,3.8 GHz ,4.8 GHz ,1 MB ,8 MB ,71 W ,Intel HD Graphics P630 ,128 GB ,Yes ,No ,OEM/Tray ,14 nm ,No ,Yes: Hyper-Threading ,,,
Intel Celeron G5905T,Intel ,CM8070104292213 ,Intel Celeron ,Comet Lake ,Comet Lake ,LGA1200 ,2.0,2.0,3.3 GHz ,,0.5 MB ,4 MB ,35 W ,Intel UHD Graphics 610 ,128 GB ,No ,No ,OEM/Tray ,14 nm ,No ,No ,,,
Intel Core i3-10305,Intel ,BX8070110305 ,Intel Core i3 ,Comet Lake ,Comet Lake ,LGA1200 ,4.0,8.0,3.8 GHz ,4.5 GHz ,1 MB ,8 MB ,65 W ,Intel UHD Graphics 630 ,128 GB ,No ,Yes ,Boxed ,14 nm ,Yes ,Yes: Hyper-Threading ,,,
Intel Core 2 Duo E6550,Intel ,BX80557E6550 ,Intel Core 2 Duo ,Core ,Conroe ,LGA775 ,2.0,2.0,2.33 GHz ,,4 MB ,0 MB ,65 W ,None ,,No ,Yes ,Boxed ,65 nm ,Yes ,No ,,,
Intel Xeon E5-2640 V3,Intel ,BX80644E52640V3 ,Intel Xeon E5 ,Haswell ,Haswell-EP ,LGA2011-3 ,8.0,16.0,2.6 GHz ,3.4 GHz ,2 MB ,20 MB ,90 W ,None ,,Yes ,No ,Boxed ,22 nm ,No ,Yes: Hyper-Threading ,,,
Intel Celeron G4920,Intel ,BX80684G4920 ,Intel Celeron ,Coffee Lake ,Coffee Lake ,LGA1151 ,2.0,2.0,3.2 GHz ,,0.5 MB ,2 MB ,65 W ,Intel UHD Graphics 610 ,64 GB ,Yes ,Yes ,Boxed ,14 nm ,Yes ,No ,,,
Intel Celeron 420,Intel ,BX80557420R ,Intel Celeron ,Core ,Conroe ,LGA775 ,1.0,1.0,1.6 GHz ,,0.5 MB ,0 MB ,35 W ,None ,,No ,Yes ,Boxed ,65 nm ,Yes ,No ,,,
AMD Athlon II X4 630,AMD ,ADX630WFGIBOX ,AMD Athlon II X4 ,K10 ,Propus ,AM3 ,4.0,4.0,2.8 GHz ,,2 MB ,0 MB ,95 W ,None ,,No ,Yes ,Boxed ,45 nm ,Yes ,No ,,,
Intel Core 2 Duo E6320,Intel ,BX80557E6320 ,Intel Core 2 Duo ,Core ,Conroe ,LGA775 ,2.0,2.0,1.86 GHz ,,4 MB ,0 MB ,65 W ,None ,,No ,Yes ,Boxed ,65 nm ,Yes ,No ,,,
Intel Core 2 Duo E6320,Intel ,HH80557PH0364M ,Intel Core 2 Duo ,Core ,Conroe ,LGA775 ,2.0,2.0,1.86 GHz ,,4 MB ,0 MB ,65 W ,None ,,No ,No ,OEM/Tray ,65 nm ,No ,No ,,,
Intel Core 2 Duo E7300,Intel ,BX80571E7300 ,Intel Core 2 Duo ,Wolfdale ,Wolfdale ,LGA775 ,2.0,2.0,2.66 GHz ,,3 MB ,0 MB ,65 W ,None ,,No ,Yes ,Boxed ,45 nm ,Yes ,No ,,,
Intel Core i7-940,Intel ,BX80601940 ,Intel Core i7 ,Nehalem ,Bloomfield ,LGA1366 ,4.0,8.0,2.93 GHz ,,1 MB ,8 MB ,130 W ,None ,,No ,Yes ,Boxed ,45 nm ,Yes ,Yes: Hyper-Threading ,,,
Intel Core 2 Quad Q9400,Intel ,BX80580Q9400 ,Intel Core 2 Quad ,Yorkfield ,Yorkfield ,LGA775 ,4.0,4.0,2.66 GHz ,,6 MB ,0 MB ,95 W ,None ,,No ,Yes ,Boxed ,45 nm ,Yes ,No ,,,
Intel Core 2 Quad Q9550S,Intel ,BX80569Q9550S ,Intel Core 2 Quad ,Yorkfield ,Yorkfield ,LGA775 ,4.0,4.0,2.83 GHz ,,12 MB ,0 MB ,65 W ,None ,,No ,Yes ,Boxed ,45 nm ,Yes ,No ,,,
Intel Core 2 Extreme QX6850,Intel ,BX80562QX6850 ,Intel Core 2 Extreme ,Core ,Kentsfield ,LGA775 ,4.0,4.0,3 GHz ,,8 MB ,0 MB ,130 W ,None ,,No ,Yes ,Boxed ,65 nm ,Yes ,No ,,,
AMD Phenom II X4 980 Black,AMD ,HDZ980FBGMBOX ,AMD Phenom II X4 ,K10 ,Deneb ,AM3 ,4.0,4.0,3.7 GHz ,,2 MB ,6.047 MB ,125 W ,None ,,No ,Yes ,Boxed ,45 nm ,Yes ,No ,,,
AMD A6-3650,AMD ,AD3650WNGXBOX ,AMD A6 ,Lynx ,Llano ,FM1 ,4.0,4.0,2.6 GHz ,,4 MB ,0 MB ,100 W ,Radeon HD 6530D ,,No ,Yes ,Boxed ,32 nm ,Yes ,No ,,,
Intel Pentium G620,Intel ,BX80623G620 ,Intel Pentium ,Sandy Bridge ,Sandy Bridge ,LGA1155 ,2.0,2.0,2.6 GHz ,,0.5 MB ,3 MB ,65 W ,Intel HD Graphics ,,No ,Yes ,Boxed ,32 nm ,Yes ,No ,,,
Intel Pentium G850,Intel ,BX80623G850 ,Intel Pentium ,Sandy Bridge ,Sandy Bridge ,LGA1155 ,2.0,2.0,2.9 GHz ,,0.5 MB ,3 MB ,65 W ,Intel HD Graphics ,,No ,Yes ,Boxed ,32 nm ,Yes ,No ,,,
AMD Athlon II X4 640,AMD ,ADX640WFK42GM ,AMD Athlon II X4 ,K10 ,Propus ,AM3 ,4.0,4.0,3 GHz ,,2 MB ,0 MB ,95 W ,None ,,No ,No ,OEM/Tray ,45 nm ,No ,No ,,,
AMD Phenom II X6 1045T,AMD ,HDT45TWFGRBOX ,AMD Phenom II X6 ,K10 ,Thuban ,AM3 ,6.0,6.0,2.7 GHz ,,3 MB ,6 MB ,95 W ,None ,,No ,Yes ,Boxed ,45 nm ,Yes ,No ,,,
AMD FX-4170,AMD ,FD4170FRGUBOX ,AMD FX ,Bulldozer ,Zambezi ,AM3+ ,4.0,4.0,4.2 GHz ,,4 MB ,8 MB ,125 W ,None ,,No ,Yes ,Boxed ,32 nm ,Yes ,No ,,,
Intel Celeron G1620,Intel ,BX80637G1620 ,Intel Celeron ,Ivy Bridge ,Ivy Bridge ,LGA1155 ,2.0,2.0,2.7 GHz ,,0.5 MB ,2 MB ,55 W ,Intel HD Graphics ,,No ,Yes ,Boxed ,22 nm ,Yes ,No ,,,
Intel Core i3-3210,Intel ,BX80637I33210 ,Intel Core i3 ,Ivy Bridge ,Ivy Bridge ,LGA1155 ,2.0,4.0,3.2 GHz ,,0.5 MB ,3 MB ,55 W ,Intel HD Graphics 2500 ,,No ,Yes ,Boxed ,22 nm ,Yes ,Yes: Hyper-Threading ,,,
AMD A4-4000,AMD ,AD4000OKHLBOX ,AMD A4 ,Piledriver ,Richland ,FM2 ,2.0,2.0,3 GHz ,,1 MB ,0 MB ,65 W ,Radeon HD 7480D ,,No ,Yes ,Boxed ,32 nm ,Yes ,No ,,,
AMD A10-6790K,AMD ,AD679KWOHLBOX ,AMD A10 ,Piledriver ,Richland ,FM2 ,4.0,4.0,4 GHz ,4.3 GHz ,4 MB ,0 MB ,100 W ,Radeon HD 8670D ,,No ,Yes ,Boxed ,32 nm ,Yes ,No ,,,
Intel Xeon E5-2665,Intel ,BX80621E52665 ,Intel Xeon E5 ,Sandy Bridge ,Sandy Bridge-EP ,LGA2011 ,8.0,16.0,2.4 GHz ,3.1 GHz ,2 MB ,20 MB ,115 W ,None ,,Yes ,No ,Boxed ,32 nm ,No ,Yes: Hyper-Threading ,,,
AMD A10-6700,AMD ,AD6700OKA44HL ,AMD A10 ,Piledriver ,Richland ,FM2 ,4.0,4.0,3.7 GHz ,,2 MB ,0 MB ,65 W ,Radeon HD 8670D ,,No ,No ,OEM/Tray ,32 nm ,No ,No ,,,
AMD FX-4200,AMD ,FD4200FRW4KGU ,AMD FX ,Bulldozer ,Zambezi ,AM3+ ,4.0,4.0,3.3 GHz ,,4 MB ,8 MB ,125 W ,None ,,No ,No ,OEM/Tray ,32 nm ,No ,No ,,,
AMD FX-6300,AMD ,FD6300WMW6KHK ,AMD FX ,Piledriver ,Vishera ,AM3+ ,6.0,6.0,3.5 GHz ,,6 MB ,8 MB ,95 W ,None ,,No ,No ,OEM/Tray ,32 nm ,No ,No ,,,
Intel Xeon E5-1660 V2,Intel ,CM8063501291808 ,Intel Xeon E5 ,Ivy Bridge ,Ivy Bridge-EP ,LGA2011 ,6.0,12.0,3.7 GHz ,4 GHz ,1.5 MB ,15 MB ,130 W ,None ,,Yes ,No ,OEM/Tray ,22 nm ,No ,Yes: Hyper-Threading ,,,
Intel Xeon E5-1620 V3,Intel ,CM8064401973600 ,Intel Xeon E5 ,Haswell ,Haswell-EP ,LGA2011-3 ,4.0,8.0,3.5 GHz ,3.6 GHz ,1 MB ,10 MB ,140 W ,None ,,Yes ,No ,OEM/Tray ,22 nm ,No ,Yes: Hyper-Threading ,,,
Intel Xeon E5-2637 V3,Intel ,CM8064401724101 ,Intel Xeon E5 ,Haswell ,Haswell-EP ,LGA2011-3 ,4.0,8.0,3.5 GHz ,3.7 GHz ,1 MB ,15 MB ,135 W ,None ,,Yes ,No ,OEM/Tray ,22 nm ,No ,Yes: Hyper-Threading ,,,
Intel Xeon E5-2695 V3,Intel ,CM8064401438110 ,Intel Xeon E5 ,Haswell ,Haswell-EP ,LGA2011-3 ,14.0,28.0,2.3 GHz ,3.3 GHz ,3.5 MB ,35 MB ,120 W ,None ,,Yes ,No ,OEM/Tray ,22 nm ,No ,Yes: Hyper-Threading ,,,
Intel Xeon E5-2670 V3,Intel ,CM8064401544801 ,Intel Xeon E5 ,Haswell ,Haswell-EP ,LGA2011-3 ,12.0,24.0,2.3 GHz ,3.1 GHz ,3 MB ,30 MB ,120 W ,None ,,Yes ,No ,OEM/Tray ,22 nm ,No ,Yes: Hyper-Threading ,,,
Intel Xeon E5-2660 V3,Intel ,BX80644E52660V3 ,Intel Xeon E5 ,Haswell ,Haswell-EP ,LGA2011-3 ,10.0,20.0,2.6 GHz ,3.3 GHz ,2.5 MB ,25 MB ,105 W ,None ,,Yes ,No ,Boxed ,22 nm ,No ,Yes: Hyper-Threading ,,,
Intel Xeon E3-1275 V2,Intel ,CM8063701098702 ,Intel Xeon E3 ,Ivy Bridge ,Ivy Bridge ,LGA1155 ,4.0,8.0,3.5 GHz ,,1 MB ,32 MB ,77 W ,Intel HD Graphics P4000 ,,Yes ,No ,OEM/Tray ,22 nm ,No ,Yes: Hyper-Threading ,,,
Intel Core i5-5675C,Intel ,CM8065802483201 ,Intel Core i5 ,Broadwell ,Broadwell ,LGA1150 ,4.0,4.0,3.1 GHz ,3.6 GHz ,1 MB ,4 MB ,65 W ,Iris Pro Graphics 6200 ,,No ,No ,OEM/Tray ,14 nm ,No ,No ,,,
Intel Core i3-6300,Intel ,CM8066201926905 ,Intel Core i3 ,Skylake ,Skylake-S ,LGA1151 ,2.0,4.0,3.8 GHz ,,0.5 MB ,4 MB ,51 W ,Intel HD Graphics 530 ,64 GB ,Yes ,No ,OEM/Tray ,14 nm ,No ,Yes: Hyper-Threading ,,,
Intel Pentium G4400,Intel ,CM8066201927306 ,Intel Pentium ,Skylake ,Skylake-S ,LGA1151 ,2.0,2.0,3.3 GHz ,,0.5 MB ,3 MB ,54 W ,Intel HD Graphics 510 ,64 GB ,Yes ,No ,OEM/Tray ,14 nm ,No ,No ,,,
Intel Xeon E3-1275 V5,Intel ,BX80662E31275V5 ,Intel Xeon E3 ,Skylake ,Skylake-H ,LGA1151 ,4.0,8.0,3.6 GHz ,4 GHz ,1 MB ,8 MB ,80 W ,Intel HD Graphics P530 ,64 GB ,Yes ,Yes ,Boxed ,14 nm ,Yes ,Yes: Hyper-Threading ,,,
AMD Opteron 6344,AMD ,OS6344WKTCGHKWOF ,AMD Opteron ,Piledriver ,Abu Dhabi ,G34 ,12.0,12.0,2.6 GHz ,3.2 GHz ,12 MB ,16 MB ,115 W ,None ,,No ,No ,Boxed ,32 nm ,No ,No ,,,
Intel Xeon E5-2683 V3,Intel ,CM8064401609728 ,Intel Xeon E5 ,Haswell ,Haswell-EP ,LGA2011-3 ,14.0,28.0,2 GHz ,3 GHz ,3.5 MB ,35 MB ,120 W ,None ,,Yes ,No ,Boxed ,22 nm ,No ,Yes: Hyper-Threading ,,,
Intel Core i5-7400T,Intel ,BXC80677I57400T ,Intel Core i5 ,Kaby Lake ,Kaby Lake-S ,LGA1151 ,4.0,4.0,2.4 GHz ,3 GHz ,1 MB ,6 MB ,35 W ,Intel HD Graphics 630 ,64 GB ,No ,Yes ,Boxed ,14 nm ,Yes ,No ,,,
Intel Core i5-7600T,Intel ,BX80677I57600T ,Intel Core i5 ,Kaby Lake ,Kaby Lake-S ,LGA1151 ,4.0,4.0,2.8 GHz ,3.7 GHz ,1 MB ,6 MB ,35 W ,Intel HD Graphics 630 ,64 GB ,No ,Yes ,Boxed ,14 nm ,Yes ,No ,,,
Intel Core i7-7700T,Intel ,BXC80677I77700T ,Intel Core i7 ,Kaby Lake ,Kaby Lake-S ,LGA1151 ,4.0,8.0,2.9 GHz ,3.8 GHz ,1 MB ,8 MB ,35 W ,Intel HD Graphics 630 ,64 GB ,No ,Yes ,Boxed ,14 nm ,Yes ,Yes: Hyper-Threading ,,,
Intel Core i7-7820X,Intel ,BXC80673I77820X ,Intel Core i7 ,Skylake ,Skylake-X ,LGA2066 ,8.0,16.0,3.6 GHz ,4.5 GHz ,8 MB ,11 MB ,140 W ,None ,128 GB ,No ,No ,Boxed ,14 nm ,No ,Yes: Hyper-Threading ,,,
Intel Xeon E5-2430V2,Intel ,BX80634E52430V2 ,Intel Xeon E5 ,Ivy Bridge ,Ivy Bridge-EN ,LGA1356 ,6.0,12.0,2.5 GHz ,3 GHz ,1.5 MB ,15 MB ,80 W ,None ,384 GB ,Yes ,No ,Boxed ,22 nm ,No ,Yes: Hyper-Threading ,,,
Intel Xeon E3-1240 V6,Intel ,CM8067702870649 ,Intel Xeon E3 ,Kaby Lake ,Kaby Lake-S ,LGA1151 ,4.0,8.0,3.7 GHz ,4.1 GHz ,1 MB ,8 MB ,72 W ,None ,64 GB ,Yes ,No ,OEM/Tray ,14 nm ,No ,Yes: Hyper-Threading ,,,
Intel Core i3-8350K,Intel ,CM8068403376809 ,Intel Core i3 ,Coffee Lake ,Coffee Lake ,LGA1151 ,4.0,4.0,4 GHz ,,1 MB ,8 MB ,91 W ,Intel UHD Graphics 630 ,64 GB ,No ,No ,OEM/Tray ,14 nm ,No ,No ,,,
Intel Core i5-8600T,Intel ,CM8068403358708 ,Intel Core i5 ,Coffee Lake ,Coffee Lake ,LGA1151 ,6.0,6.0,2.3 GHz ,3.7 GHz ,1.5 MB ,9 MB ,35 W ,Intel UHD Graphics 630 ,128 GB ,No ,No ,OEM/Tray ,14 nm ,No ,No ,,,
Intel Xeon E-2144G,Intel ,CM8068403654220 ,Intel Xeon E ,Coffee Lake ,Coffee Lake ,LGA1151 ,4.0,8.0,3.6 GHz ,4.5 GHz ,1 MB ,8 MB ,71 W ,Intel HD Graphics P630 ,64 GB ,Yes ,No ,OEM/Tray ,14 nm ,No ,Yes: Hyper-Threading ,,,
Intel Xeon E-2126G,Intel ,CM8068403380219 ,Intel Xeon E ,Coffee Lake ,Coffee Lake ,LGA1151 ,6.0,6.0,3.3 GHz ,4.5 GHz ,1.5 MB ,12 MB ,80 W ,Intel HD Graphics P630 ,64 GB ,Yes ,No ,OEM/Tray ,14 nm ,No ,No ,,,
Intel Xeon E-2274G,Intel ,CM8068404174407 ,Intel Xeon E ,Coffee Lake Refresh ,Coffee Lake Refresh ,LGA1151 ,4.0,8.0,4 GHz ,4.9 GHz ,1 MB ,8 MB ,83 W ,Intel HD Graphics P630 ,128 GB ,Yes ,No ,OEM/Tray ,14 nm ,No ,Yes: Hyper-Threading ,,,
Intel Pentium G3420,Intel ,CM8064601482522 ,Intel Pentium ,Haswell ,Haswell ,LGA1150 ,2.0,2.0,3.2 GHz ,,0.5 MB ,3 MB ,54 W ,Intel HD Graphics ,,No ,No ,OEM/Tray ,22 nm ,No ,No ,,,
Intel Core i5-9400,Intel ,CM8068403358816 ,Intel Core i5 ,Coffee Lake Refresh ,Coffee Lake Refresh ,LGA1151 ,6.0,6.0,2.9 GHz ,4.1 GHz ,1.5 MB ,9 MB ,65 W ,Intel UHD Graphics 630 ,128 GB ,No ,No ,OEM/Tray ,14 nm ,No ,No ,,,
Intel Core i5-7500T,Intel ,CM8067702868115 ,Intel Core i5 ,Kaby Lake ,Kaby Lake-S ,LGA1151 ,4.0,4.0,2.7 GHz ,3.3 GHz ,1 MB ,6 MB ,35 W ,Intel HD Graphics 630 ,64 GB ,No ,No ,OEM/Tray ,14 nm ,No ,No ,,,
Intel Pentium Gold G5400,Intel ,CM8068403360112 ,Intel Pentium Gold ,Coffee Lake ,Coffee Lake ,LGA1151 ,2.0,4.0,3.7 GHz ,,0.5 MB ,4 MB ,58 W ,Intel UHD Graphics 610 ,64 GB ,Yes ,No ,OEM/Tray ,14 nm ,No ,Yes: Hyper-Threading ,,,
Intel Xeon E5-2620,Intel ,SR0KW ,Intel Xeon E5 ,Sandy Bridge ,Sandy Bridge-EP ,LGA2011 ,6.0,12.0,2 GHz ,,1.5 MB ,15 MB ,95 W ,None ,,Yes ,No ,OEM/Tray ,32 nm ,No ,Yes: Hyper-Threading ,,,
AMD Athlon II X2 245,AMD ,ADX245OCGQBOX ,AMD Athlon II X2 ,K10 ,Regor ,AM3 ,2.0,2.0,2.9 GHz ,,2 MB ,0 MB ,65 W ,None ,,No ,Yes ,Boxed ,45 nm ,Yes ,No ,,,
AMD Athlon II X3 400e,AMD ,AD400EHDGIBOX ,AMD Athlon II X3 ,K10 ,Rana ,AM3 ,3.0,3.0,2.2 GHz ,,1.5 MB ,0 MB ,45 W ,None ,,No ,Yes ,Boxed ,45 nm ,Yes ,No ,,,
AMD Athlon II X3 415e,AMD ,AD415EHDGMBOX ,AMD Athlon II X3 ,K10 ,Rana ,AM3 ,3.0,3.0,2.5 GHz ,,1.5 MB ,0 MB ,45 W ,None ,,No ,Yes ,Boxed ,45 nm ,Yes ,No ,,,
AMD Phenom II X3 740 Black,AMD ,HDZ740WFGIBOX ,AMD Phenom II X3 ,K10 ,Heka ,AM3 ,3.0,3.0,3 GHz ,,1.5 MB ,6 MB ,95 W ,None ,,No ,Yes ,Boxed ,45 nm ,Yes ,No ,,,
Intel Pentium E2140,Intel ,BX80557E2140R ,Intel Pentium ,Core ,Conroe ,LGA775 ,2.0,2.0,1.6 GHz ,,1 MB ,0 MB ,65 W ,None ,,No ,Yes ,Boxed ,65 nm ,Yes ,No ,,,
Intel Pentium E2180,Intel ,BX80557E2180 ,Intel Pentium ,Core ,Conroe ,LGA775 ,2.0,2.0,2 GHz ,,1 MB ,0 MB ,65 W ,None ,,No ,Yes ,Boxed ,65 nm ,Yes ,No ,,,
Intel Core 2 Duo E4500,Intel ,BX80557E4500 ,Intel Core 2 Duo ,Core ,Conroe ,LGA775 ,2.0,2.0,2.2 GHz ,,2 MB ,0 MB ,65 W ,None ,,No ,Yes ,Boxed ,65 nm ,Yes ,No ,,,
Intel Core 2 Duo E4600,Intel ,HH80557PG0562M ,Intel Core 2 Duo ,Core ,Conroe ,LGA775 ,2.0,2.0,2.4 GHz ,,2 MB ,0 MB ,65 W ,None ,,No ,No ,OEM/Tray ,65 nm ,No ,No ,,,
Intel Pentium E5200,Intel ,EU80571PG0602M ,Intel Pentium ,Wolfdale ,Wolfdale ,LGA775 ,2.0,2.0,2.5 GHz ,,2 MB ,0 MB ,65 W ,None ,,No ,No ,OEM/Tray ,45 nm ,No ,No ,,,
Intel Pentium E6300,Intel ,AT80571PH0722ML ,Intel Pentium ,Wolfdale ,Wolfdale ,LGA775 ,2.0,2.0,2.8 GHz ,,2 MB ,0 MB ,65 W ,None ,,No ,No ,OEM/Tray ,45 nm ,No ,No ,,,
Intel Pentium E6600,Intel ,BX80571E6600 ,Intel Pentium ,Wolfdale ,Wolfdale ,LGA775 ,2.0,2.0,3.06 GHz ,,2 MB ,0 MB ,65 W ,None ,,No ,Yes ,Boxed ,45 nm ,Yes ,No ,,,
Intel Core 2 Duo E6850,Intel ,BX80557E6850 ,Intel Core 2 Duo ,Core ,Conroe ,LGA775 ,2.0,2.0,3 GHz ,,4 MB ,0 MB ,65 W ,None ,,No ,Yes ,Boxed ,65 nm ,Yes ,No ,,,
Intel Core 2 Duo E8600,Intel ,BX80570E8600 ,Intel Core 2 Duo ,Wolfdale ,Wolfdale ,LGA775 ,2.0,2.0,3.33 GHz ,,6 MB ,0 MB ,65 W ,None ,,No ,Yes ,Boxed ,45 nm ,Yes ,No ,,,
Intel Core i7-930,Intel ,AT80601000897AA ,Intel Core i7 ,Nehalem ,Bloomfield ,LGA1366 ,4.0,8.0,2.8 GHz ,,1 MB ,8 MB ,130 W ,None ,,No ,No ,OEM/Tray ,45 nm ,No ,Yes: Hyper-Threading ,,,
Intel Core 2 Quad Q8200,Intel ,BX80580Q8200 ,Intel Core 2 Quad ,Yorkfield ,Yorkfield ,LGA775 ,4.0,4.0,2.33 GHz ,,4 MB ,0 MB ,95 W ,None ,,No ,Yes ,Boxed ,45 nm ,Yes ,No ,,,
Intel Core 2 Quad Q8300,Intel ,AT80580PJ0604MN ,Intel Core 2 Quad ,Yorkfield ,Yorkfield ,LGA775 ,4.0,4.0,2.5 GHz ,,4 MB ,0 MB ,95 W ,None ,,No ,No ,OEM/Tray ,45 nm ,No ,No ,,,
Intel Core 2 Quad Q9450,Intel ,BX80569Q9450 ,Intel Core 2 Quad ,Yorkfield ,Yorkfield ,LGA775 ,4.0,4.0,2.66 GHz ,,12 MB ,0 MB ,95 W ,None ,,No ,Yes ,Boxed ,45 nm ,Yes ,No ,,,
AMD Phenom II X4 830,AMD ,HDX830WFK4DGM ,AMD Phenom II X4 ,K10 ,Deneb ,AM3 ,4.0,4.0,2.8 GHz ,,2 MB ,6 MB ,95 W ,None ,,No ,No ,OEM/Tray ,45 nm ,No ,No ,,,
AMD Athlon II X2 245,AMD ,ADX245OCK23GM ,AMD Athlon II X2 ,K10 ,Regor ,AM3 ,2.0,2.0,2.9 GHz ,,2 MB ,0 MB ,65 W ,None ,,No ,No ,OEM/Tray ,45 nm ,No ,No ,,,
AMD Phenom II X4 960T Black,AMD ,HD96ZTWFGRBOX ,AMD Phenom II X4 ,K10 ,Zosma ,AM3 ,4.0,4.0,3 GHz ,,2 MB ,6 MB ,95 W ,None ,,No ,Yes ,Boxed ,45 nm ,Yes ,No ,,,
Intel Pentium G860,Intel ,BX80623G860 ,Intel Pentium ,Sandy Bridge ,Sandy Bridge ,LGA1155 ,2.0,2.0,3 GHz ,,0.5 MB ,3 MB ,65 W ,Intel HD Graphics ,,No ,Yes ,Boxed ,32 nm ,Yes ,No ,,,
AMD Phenom II X6 1100T Black,AMD ,HDE00ZFBK6DGR ,AMD Phenom II X6 ,K10 ,Thuban ,AM3 ,6.0,6.0,3.3 GHz ,,3 MB ,6 MB ,125 W ,None ,,No ,No ,OEM/Tray ,45 nm ,No ,No ,,,
Intel Core i5-2450P,Intel ,BX80623i52450P ,Intel Core i5 ,Sandy Bridge ,Sandy Bridge ,LGA1155 ,4.0,4.0,3.2 GHz ,,1 MB ,6 MB ,95 W ,None ,,No ,Yes ,Boxed ,32 nm ,Yes ,No ,,,
AMD A4-3400,AMD ,AD3400OJHXBOX ,AMD A4 ,Lynx ,Llano ,FM1 ,2.0,2.0,2.7 GHz ,,1 MB ,0 MB ,65 W ,Radeon HD 6410D ,,No ,Yes ,Boxed ,32 nm ,Yes ,No ,,,
Intel Pentium G645,Intel ,BX80623G645 ,Intel Pentium ,Sandy Bridge ,Sandy Bridge ,LGA1155 ,2.0,2.0,2.9 GHz ,,0.5 MB ,3 MB ,65 W ,Intel HD Graphics 2500 ,,No ,Yes ,Boxed ,32 nm ,Yes ,No ,,,
Intel Xeon E3-1220,Intel ,BX80623E31220 ,Intel Xeon E3 ,Sandy Bridge ,Sandy Bridge ,LGA1155 ,4.0,4.0,3.1 GHz ,,1 MB ,8 MB ,80 W ,None ,,Yes ,Yes ,Boxed ,32 nm ,Yes ,No ,,,
Intel Xeon E3-1265L V2,Intel ,BX80637E31265L2 ,Intel Xeon E3 ,Ivy Bridge ,Ivy Bridge ,LGA1155 ,4.0,8.0,2.5 GHz ,,1 MB ,8 MB ,45 W ,Intel HD Graphics 2500 ,,Yes ,Yes ,Boxed ,22 nm ,Yes ,Yes: Hyper-Threading ,,,
Intel Xeon E3-1270,Intel ,BX80637E31270V2 ,Intel Xeon E3 ,Sandy Bridge ,Sandy Bridge ,LGA1155 ,4.0,8.0,3.4 GHz ,,1 MB ,8 MB ,80 W ,None ,,Yes ,Yes ,Boxed ,32 nm ,Yes ,Yes: Hyper-Threading ,,,
AMD Athlon X4 740,AMD ,AD740XOKHJBOX ,AMD Athlon X4 ,Piledriver ,Richland ,FM2 ,4.0,4.0,3.2 GHz ,,4 MB ,0 MB ,65 W ,None ,,No ,Yes ,Boxed ,32 nm ,Yes ,No ,,,
Intel Celeron G1630,Intel ,BX80637G1630 ,Intel Celeron ,Ivy Bridge ,Ivy Bridge ,LGA1155 ,2.0,2.0,2.8 GHz ,,0.5 MB ,2 MB ,55 W ,Intel HD Graphics ,,No ,Yes ,Boxed ,22 nm ,Yes ,No ,,,
Intel Core i5-3340S,Intel ,BX80637I53340S ,Intel Core i5 ,Ivy Bridge ,Ivy Bridge ,LGA1155 ,4.0,4.0,2.8 GHz ,3.3 GHz ,1 MB ,6 MB ,65 W ,Intel HD Graphics 2500 ,,No ,Yes ,Boxed ,22 nm ,Yes ,No ,,,
AMD FX-9370,AMD ,FD9370FHW8KHK ,AMD FX ,Piledriver ,Vishera ,AM3+ ,8.0,8.0,4.4 GHz ,4.7 GHz ,8 MB ,8 MB ,220 W ,None ,,No ,No ,OEM/Tray ,32 nm ,No ,No ,,,
Intel Xeon E5-2609,Intel ,BX80621E52609 ,Intel Xeon E5 ,Sandy Bridge ,Sandy Bridge-EP ,LGA2011 ,4.0,4.0,2.4 GHz ,,1 MB ,10 MB ,80 W ,None ,,Yes ,No ,Boxed ,32 nm ,No ,No ,,,
Intel Xeon E5-2620,Intel ,BX80621E52620 ,Intel Xeon E5 ,Sandy Bridge ,Sandy Bridge-EP ,LGA2011 ,6.0,12.0,2 GHz ,,1.5 MB ,15 MB ,95 W ,None ,,Yes ,No ,Boxed ,32 nm ,No ,Yes: Hyper-Threading ,,,
Intel Xeon E5-2660,Intel ,BX80621E52660 ,Intel Xeon E5 ,Sandy Bridge ,Sandy Bridge-EP ,LGA2011 ,8.0,16.0,2.2 GHz ,3 GHz ,2 MB ,20 MB ,95 W ,None ,,Yes ,No ,Boxed ,32 nm ,No ,Yes: Hyper-Threading ,,,
Intel Xeon E5-2690,Intel ,BX80621E52690 ,Intel Xeon E5 ,Sandy Bridge ,Sandy Bridge-EP ,LGA2011 ,8.0,16.0,2.9 GHz ,3.8 GHz ,2 MB ,20 MB ,135 W ,None ,,Yes ,No ,Boxed ,32 nm ,No ,Yes: Hyper-Threading ,,,
AMD A6-6420K,AMD ,AD642KOKHLBOX ,AMD A6 ,Piledriver ,Richland ,FM2 ,2.0,2.0,4 GHz ,4.2 GHz ,1 MB ,0 MB ,65 W ,Radeon HD 8000 Series ,,No ,Yes ,Boxed ,32 nm ,Yes ,No ,,,
AMD A10-5800K,AMD ,AD580KWOA44HJ ,AMD A10 ,Piledriver ,Trinity ,FM2 ,4.0,4.0,3.8 GHz ,,4 MB ,0 MB ,100 W ,Radeon HD 7660D ,,No ,No ,OEM/Tray ,32 nm ,No ,No ,,,
AMD FX-4320,AMD ,FD4320WMW4MHK ,AMD FX ,Piledriver ,Vishera ,AM3+ ,4.0,4.0,4 GHz ,4.2 GHz ,4 MB ,4 MB ,95 W ,None ,,No ,No ,OEM/Tray ,32 nm ,No ,No ,,,
AMD FX-8120,AMD ,FD8120FRW8KGU ,AMD FX ,Bulldozer ,Zambezi ,AM3+ ,8.0,8.0,3.1 GHz ,,8 MB ,8 MB ,125 W ,None ,,No ,No ,OEM/Tray ,32 nm ,No ,No ,,,
Intel Xeon E5-2643 V2,Intel ,CM8063501287403 ,Intel Xeon E5 ,Ivy Bridge ,Ivy Bridge-EP ,LGA2011 ,6.0,12.0,3.5 GHz ,3.8 GHz ,1.5 MB ,25 MB ,130 W ,None ,,Yes ,No ,OEM/Tray ,22 nm ,No ,Yes: Hyper-Threading ,,,
AMD Sempron X2 250,AMD ,SD250XOKA23HL ,AMD Sempron X2 ,Piledriver ,Richland ,FM2 ,2.0,2.0,3.2 GHz ,3.6 GHz ,1 MB ,0 MB ,65 W ,None ,,No ,No ,OEM/Tray ,32 nm ,No ,No ,,,
Intel Xeon E5-2603 V3,Intel ,BX80644E52603V3 ,Intel Xeon E5 ,Haswell ,Haswell-EP ,LGA2011-3 ,6.0,6.0,1.6 GHz ,,1.5 MB ,15 MB ,85 W ,None ,,Yes ,No ,Boxed ,22 nm ,No ,No ,,,
Intel Xeon E5-2687W V3,Intel ,CM8064401613502 ,Intel Xeon E5 ,Haswell ,Haswell-EP ,LGA2011-3 ,10.0,20.0,3.1 GHz ,3.5 GHz ,2.5 MB ,25 MB ,160 W ,None ,,Yes ,No ,OEM/Tray ,22 nm ,No ,Yes: Hyper-Threading ,,,
AMD A4-7300,AMD ,AD7300OKHLBOX ,AMD A4 ,Piledriver ,Richland ,FM2 ,2.0,2.0,3.8 GHz ,4 GHz ,1 MB ,0 MB ,65 W ,Radeon HD 8470D ,,No ,Yes ,Boxed ,32 nm ,Yes ,No ,,,
Intel Core i5-6600T,Intel ,BXC80662I56600T ,Intel Core i5 ,Skylake ,Skylake-S ,LGA1151 ,4.0,4.0,2.7 GHz ,3.5 GHz ,1 MB ,6 MB ,35 W ,Intel HD Graphics 530 ,64 GB ,No ,Yes ,Boxed ,14 nm ,Yes ,No ,,,
Intel Core i7-6700T,Intel ,BXC80662I76700T ,Intel Core i7 ,Skylake ,Skylake-S ,LGA1151 ,4.0,8.0,2.8 GHz ,3.6 GHz ,1 MB ,8 MB ,35 W ,Intel HD Graphics 530 ,64 GB ,No ,Yes ,Boxed ,14 nm ,Yes ,Yes: Hyper-Threading ,,,
AMD Opteron 6328,AMD ,OS6328WKT8GHK ,AMD Opteron ,Piledriver ,Abu Dhabi ,G34 ,8.0,8.0,3.2 GHz ,3.8 GHz ,8 MB ,16 MB ,115 W ,None ,,No ,No ,OEM/Tray ,32 nm ,No ,No ,,,
Intel Xeon E5-2603 V4,Intel ,BX80660E52603V4 ,Intel Xeon E5 ,Broadwell ,Broadwell-EP ,LGA2011-3 ,6.0,6.0,1.7 GHz ,,1.5 MB ,15 MB ,85 W ,None ,1536 GB ,Yes ,No ,Boxed ,14 nm ,No ,No ,,,
Intel Xeon E5-1620 V4,Intel ,BX80660E51620V4 ,Intel Xeon E5 ,Broadwell ,Broadwell-EP ,LGA2011-3 ,4.0,8.0,3.5 GHz ,3.8 GHz ,1 MB ,10 MB ,140 W ,None ,1536 GB ,Yes ,No ,Boxed ,14 nm ,No ,Yes: Hyper-Threading ,,,
AMD Athlon X4 870K,AMD ,AD870KXBJCSBX ,AMD Athlon X4 ,Steamroller ,Godavari ,FM2+ ,4.0,4.0,3.9 GHz ,4.1 GHz ,4 MB ,0 MB ,95 W ,None ,,No ,Yes ,Boxed ,28 nm ,Yes ,No ,,,
Intel Core i3-7300,Intel ,CM8067703014426 ,Intel Core i3 ,Kaby Lake ,Kaby Lake-S ,LGA1151 ,2.0,4.0,4 GHz ,,0.5 MB ,4 MB ,51 W ,Intel HD Graphics 630 ,64 GB ,Yes ,No ,OEM/Tray ,14 nm ,No ,Yes: Hyper-Threading ,,,
Intel Core i3-7350K,Intel ,CM8067703014431 ,Intel Core i3 ,Kaby Lake ,Kaby Lake-S ,LGA1151 ,2.0,4.0,4.2 GHz ,,0.5 MB ,4 MB ,60 W ,Intel HD Graphics 630 ,64 GB ,Yes ,No ,OEM/Tray ,14 nm ,No ,Yes: Hyper-Threading ,,,
Intel Celeron G3950,Intel ,CM8067703015716 ,Intel Celeron ,Kaby Lake ,Kaby Lake-S ,LGA1151 ,2.0,2.0,3 GHz ,,0.5 MB ,2 MB ,51 W ,Intel HD Graphics 610 ,64 GB ,Yes ,No ,OEM/Tray ,14 nm ,No ,No ,,,
Intel Core i3-7100T,Intel ,BX80677I37100T ,Intel Core i3 ,Kaby Lake ,Kaby Lake-S ,LGA1151 ,2.0,4.0,3.4 GHz ,,0.5 MB ,3 MB ,35 W ,Intel HD Graphics 630 ,64 GB ,Yes ,Yes ,Boxed ,14 nm ,Yes ,Yes: Hyper-Threading ,,,
Intel Core i5-7500T,Intel ,BXC80677I57500T ,Intel Core i5 ,Kaby Lake ,Kaby Lake-S ,LGA1151 ,4.0,4.0,2.7 GHz ,3.3 GHz ,1 MB ,6 MB ,35 W ,Intel HD Graphics 630 ,64 GB ,No ,Yes ,Boxed ,14 nm ,Yes ,No ,,,
Intel Core i7-7800X,Intel ,BXC80673I77800X ,Intel Core i7 ,Skylake ,Skylake-X ,LGA2066 ,6.0,12.0,3.5 GHz ,4 GHz ,6 MB ,8.25 MB ,140 W ,None ,128 GB ,No ,No ,Boxed ,14 nm ,No ,Yes: Hyper-Threading ,,,
Intel Xeon E3-1225 V6,Intel ,BX80677E31225V6 ,Intel Xeon E3 ,Kaby Lake ,Kaby Lake-S ,LGA1151 ,4.0,4.0,3.3 GHz ,3.7 GHz ,1 MB ,8 MB ,73 W ,Intel HD Graphics P630 ,64 GB ,Yes ,Yes ,Boxed ,14 nm ,Yes ,No ,,,
Intel Core i9-7920X,Intel ,CD8067303753300 ,Intel Core i9 ,Skylake ,Skylake-X ,LGA2066 ,12.0,24.0,2.9 GHz ,4.4 GHz ,12 MB ,16.5 MB ,140 W ,None ,128 GB ,No ,No ,OEM/Tray ,14 nm ,No ,Yes: Hyper-Threading ,,,
Intel Core i9-7960X,Intel ,CD8067303734802 ,Intel Core i9 ,Skylake ,Skylake-X ,LGA2066 ,16.0,32.0,2.8 GHz ,4.4 GHz ,16 MB ,22 MB ,165 W ,None ,128 GB ,No ,No ,OEM/Tray ,14 nm ,No ,Yes: Hyper-Threading ,,,
AMD Athlon X4 970,AMD ,AD970XAUABBOX ,AMD Athlon X4 ,Excavator ,Bristol Ridge ,AM4 ,4.0,4.0,3.8 GHz ,4 GHz ,2 MB ,0 MB ,65 W ,None ,,No ,Yes ,Boxed ,28 nm ,Yes ,No ,,,
Intel Pentium Gold G5500T,Intel ,CM8068403377713 ,Intel Pentium Gold ,Coffee Lake ,Coffee Lake ,LGA1151 ,2.0,4.0,3.2 GHz ,,0.5 MB ,4 MB ,35 W ,Intel UHD Graphics 630 ,64 GB ,Yes ,No ,OEM/Tray ,14 nm ,No ,Yes: Hyper-Threading ,,,
Intel Core i9-9920X,Intel ,CD8067304126300 ,Intel Core i9 ,Skylake ,Skylake-X ,LGA2066 ,12.0,24.0,3.5 GHz ,4.4 GHz ,12 MB ,19.25 MB ,165 W ,None ,128 GB ,No ,No ,OEM/Tray ,14 nm ,No ,Yes: Hyper-Threading ,,,
Intel Xeon E5-2660,Intel ,SR0GZ ,Intel Xeon E5 ,Sandy Bridge ,Sandy Bridge-EP ,LGA2011 ,8.0,16.0,2.2 GHz ,3 GHz ,2 MB ,20 MB ,95 W ,None ,,Yes ,No ,OEM/Tray ,32 nm ,No ,Yes: Hyper-Threading ,,,
AMD Athlon 240GE,AMD ,YD240GC6FBBOX ,AMD Athlon ,Zen ,Raven Ridge ,AM4 ,2.0,4.0,3.5 GHz ,,1 MB ,4 MB ,35 W ,Radeon Vega 3 ,64 GB ,No ,Yes ,Boxed ,14 nm ,Yes ,Yes ,,,
Intel Core i5-9500F,Intel ,CM8068403362616 ,Intel Core i5 ,Coffee Lake Refresh ,Coffee Lake Refresh ,LGA1151 ,6.0,6.0,3 GHz ,4.4 GHz ,1.5 MB ,9 MB ,65 W ,None ,128 GB ,No ,No ,OEM/Tray ,14 nm ,No ,No ,,,
AMD A6-7480,AMD ,AD7480ACABBOX ,AMD A6 ,Puma+ ,Carrizo ,FM2+ ,2.0,2.0,3.5 GHz ,3.8 GHz ,1 MB ,0 MB ,65 W ,Radeon R5 (on die) ,,No ,Yes ,Boxed ,28 nm ,Yes ,No ,,,
Intel Xeon E-2136,Intel ,CM8068403654318 ,Intel Xeon E ,Coffee Lake ,Coffee Lake ,LGA1151 ,6.0,12.0,3.3 GHz ,4.5 GHz ,1.5 MB ,12 MB ,80 W ,None ,64 GB ,Yes ,No ,OEM/Tray ,14 nm ,No ,Yes: Hyper-Threading ,,,
Intel Xeon E-2134,Intel ,BX80684E2134 ,Intel Xeon E ,Coffee Lake ,Coffee Lake ,LGA1151 ,4.0,8.0,3.5 GHz ,4.5 GHz ,1 MB ,8 MB ,71 W ,None ,64 GB ,Yes ,No ,Boxed ,14 nm ,No ,Yes: Hyper-Threading ,,,
Intel Xeon E-2236,Intel ,BX80684E2236 ,Intel Xeon E ,Coffee Lake Refresh ,Coffee Lake Refresh ,LGA1151 ,6.0,12.0,3.4 GHz ,4.8 GHz ,1.5 MB ,12 MB ,80 W ,None ,128 GB ,Yes ,No ,Boxed ,14 nm ,No ,Yes: Hyper-Threading ,,,
Intel Xeon E-2146G,Intel ,CM8068403380116 ,Intel Xeon E ,Coffee Lake ,Coffee Lake ,LGA1151 ,6.0,12.0,3.5 GHz ,4.5 GHz ,1.5 MB ,12 MB ,80 W ,Intel HD Graphics P630 ,64 GB ,Yes ,No ,OEM/Tray ,14 nm ,No ,Yes: Hyper-Threading ,,,
Intel Xeon E-2124,Intel ,CM8068403654414 ,Intel Xeon E ,Coffee Lake ,Coffee Lake ,LGA1151 ,4.0,4.0,3.3 GHz ,4.3 GHz ,1 MB ,8 MB ,71 W ,None ,64 GB ,Yes ,No ,OEM/Tray ,14 nm ,No ,No ,,,
Intel Xeon E-2124G,Intel ,BX80684E2124G ,Intel Xeon E ,Coffee Lake ,Coffee Lake ,LGA1151 ,4.0,4.0,3.4 GHz ,4.5 GHz ,1 MB ,8 MB ,71 W ,Intel HD Graphics P630 ,64 GB ,Yes ,No ,Boxed ,14 nm ,No ,No ,,,
Intel Celeron G5925,Intel ,CM8070104292013 ,Intel Celeron ,Comet Lake ,Comet Lake ,LGA1200 ,2.0,2.0,3.6 GHz ,,0.5 MB ,4 MB ,58 W ,Intel UHD Graphics 610 ,128 GB ,No ,No ,OEM/Tray ,14 nm ,No ,No ,,,
AMD EPYC 4484PX,AMD ,100-100001482WOF ,AMD EPYC ,Zen 4 ,Raphael ,AM5 ,12.0,24.0,4.4 GHz ,5.6 GHz ,12 MB ,128 MB ,120 W ,Radeon ,,Yes ,No ,Boxed ,5 nm ,No ,Yes ,,,
Intel Pentium G4620,Intel ,CM8067703015524 ,Intel Pentium ,Kaby Lake ,Kaby Lake-S ,LGA1151 ,2.0,4.0,3.7 GHz ,,0.5 MB ,3 MB ,51 W ,Intel HD Graphics 630 ,64 GB ,Yes ,No ,OEM/Tray ,14 nm ,No ,Yes: Hyper-Threading ,,,
Intel Pentium E6500,Intel ,AT80571PH0772ML ,Intel Pentium ,Wolfdale ,Wolfdale ,LGA775 ,2.0,2.0,2.93 GHz ,,2 MB ,0 MB ,65 W ,None ,,No ,No ,OEM/Tray ,45 nm ,No ,No ,,,
Intel Pentium G4600,Intel ,CM8067703015525 ,Intel Pentium ,Kaby Lake ,Kaby Lake-S ,LGA1151 ,2.0,4.0,3.6 GHz ,,0.5 MB ,3 MB ,51 W ,Intel HD Graphics 630 ,64 GB ,Yes ,No ,OEM/Tray ,14 nm ,No ,Yes: Hyper-Threading ,,,
AMD Athlon II X2 215,AMD ,ADX215OCK22GQ ,AMD Athlon II X2 ,K10 ,Regor ,AM3 ,2.0,2.0,2.7 GHz ,,1 MB ,0 MB ,65 W ,None ,,No ,No ,OEM/Tray ,45 nm ,No ,No ,,,
AMD Athlon II X3 445,AMD ,ADX445WFGMBOX ,AMD Athlon II X3 ,K10 ,Rana ,AM3 ,3.0,3.0,3.1 GHz ,,1.5 MB ,0 MB ,95 W ,None ,,No ,Yes ,Boxed ,45 nm ,Yes ,No ,,,
AMD Phenom II X2 545,AMD ,HDX545WFGIBOX ,AMD Phenom II X2 ,K10 ,Callisto ,AM3 ,2.0,2.0,3 GHz ,,1 MB ,6 MB ,80 W ,None ,,No ,Yes ,Boxed ,45 nm ,Yes ,No ,,,
AMD Phenom II X3 710,AMD ,HDX710WFGIBOX ,AMD Phenom II X3 ,K10 ,Heka ,AM3 ,3.0,3.0,2.6 GHz ,,1.5 MB ,6 MB ,95 W ,None ,,No ,Yes ,Boxed ,45 nm ,Yes ,No ,,,
AMD Phenom II X4 810,AMD ,HDX810WFGIBOX ,AMD Phenom II X4 ,K10 ,Deneb ,AM3 ,4.0,4.0,2.6 GHz ,,2 MB ,4 MB ,95 W ,None ,,No ,Yes ,Boxed ,45 nm ,Yes ,No ,,,
AMD Phenom II X4 925,AMD ,HDX925WFGMBOX ,AMD Phenom II X4 ,K10 ,Deneb ,AM3 ,4.0,4.0,2.8 GHz ,,2 MB ,6 MB ,95 W ,None ,,No ,Yes ,Boxed ,45 nm ,Yes ,No ,,,
AMD Phenom II X4 945,AMD ,HDX945WFGMBOX ,AMD Phenom II X4 ,K10 ,Deneb ,AM3 ,4.0,4.0,3 GHz ,,2 MB ,6 MB ,125 W ,None ,,No ,Yes ,Boxed ,45 nm ,Yes ,No ,,,
AMD Athlon II X2 235e,AMD ,AD235EHDGQBOX ,AMD Athlon II X2 ,K10 ,Regor ,AM3 ,2.0,2.0,2.7 GHz ,,2 MB ,0 MB ,45 W ,None ,,No ,Yes ,Boxed ,45 nm ,Yes ,No ,,,
AMD Athlon II X2 245e,AMD ,AD245EHDGMBOX ,AMD Athlon II X2 ,K10 ,Regor ,AM3 ,2.0,2.0,2.9 GHz ,,2 MB ,0 MB ,45 W ,None ,,No ,Yes ,Boxed ,45 nm ,Yes ,No ,,,
AMD Athlon II X2 250u,AMD ,AD250USCK23GQ ,AMD Athlon II X2 ,K10 ,Regor ,AM3 ,2.0,2.0,1.6 GHz ,,2 MB ,0 MB ,25 W ,None ,,No ,No ,OEM/Tray ,45 nm ,No ,No ,,,
AMD Phenom II X4 955 Black,AMD ,HDZ955FBGIBOX ,AMD Phenom II X4 ,K10 ,Deneb ,AM3 ,4.0,4.0,3.2 GHz ,,2 MB ,6 MB ,125 W ,None ,,No ,Yes ,Boxed ,45 nm ,Yes ,No ,,,
Intel Celeron E1400,Intel ,BX80557E1400 ,Intel Celeron ,Core ,Conroe ,LGA775 ,2.0,2.0,2 GHz ,,0.5 MB ,0 MB ,65 W ,None ,,No ,Yes ,Boxed ,65 nm ,Yes ,No ,,,
Intel Pentium E5300,Intel ,AT80571PG0642ML ,Intel Pentium ,Wolfdale ,Wolfdale ,LGA775 ,2.0,2.0,2.6 GHz ,,2 MB ,0 MB ,65 W ,None ,,No ,No ,OEM/Tray ,45 nm ,No ,No ,,,
Intel Core 2 Duo E6400,Intel ,BX805576400 ,Intel Core 2 Duo ,Core ,Conroe ,LGA775 ,2.0,2.0,2.13 GHz ,,2 MB ,0 MB ,65 W ,None ,,No ,Yes ,Boxed ,65 nm ,Yes ,No ,,,
Intel Pentium E6600,Intel ,AT80571PH0832ML ,Intel Pentium ,Wolfdale ,Wolfdale ,LGA775 ,2.0,2.0,3.06 GHz ,,2 MB ,0 MB ,65 W ,None ,,No ,No ,OEM/Tray ,45 nm ,No ,No ,,,
Intel Core 2 Duo E6700,Intel ,BX80557E6700 ,Intel Core 2 Duo ,Core ,Conroe ,LGA775 ,2.0,2.0,2.66 GHz ,,4 MB ,0 MB ,65 W ,None ,,No ,Yes ,Boxed ,65 nm ,Yes ,No ,,,
Intel Core 2 Duo E7200,Intel ,BX80571E7200 ,Intel Core 2 Duo ,Wolfdale ,Wolfdale ,LGA775 ,2.0,2.0,2.53 GHz ,,3 MB ,0 MB ,65 W ,None ,,No ,Yes ,Boxed ,45 nm ,Yes ,No ,,,
Intel Core 2 Duo E8300,Intel ,EU80570PJ0736M ,Intel Core 2 Duo ,Wolfdale ,Wolfdale ,LGA775 ,2.0,2.0,2.83 GHz ,,6 MB ,0 MB ,65 W ,None ,,No ,No ,OEM/Tray ,45 nm ,No ,No ,,,
Intel Core i7-860,Intel ,BV80605001908AK ,Intel Core i7 ,Nehalem ,Lynnfield ,LGA1156 ,4.0,8.0,2.8 GHz ,,1 MB ,8 MB ,95 W ,None ,,No ,No ,OEM/Tray ,45 nm ,No ,Yes: Hyper-Threading ,,,
Intel Core i7-920,Intel ,AT80601000741AA ,Intel Core i7 ,Nehalem ,Bloomfield ,LGA1366 ,4.0,8.0,2.66 GHz ,,1 MB ,8 MB ,130 W ,None ,,No ,No ,OEM/Tray ,45 nm ,No ,Yes: Hyper-Threading ,,,
Intel Core 2 Quad Q9505,Intel ,BX80580Q9505 ,Intel Core 2 Quad ,Yorkfield ,Yorkfield ,LGA775 ,4.0,4.0,2.83 GHz ,,6 MB ,0 MB ,95 W ,None ,,No ,Yes ,Boxed ,45 nm ,Yes ,No ,,,
AMD Athlon II X3 450,AMD ,ADX450WFGMBOX ,AMD Athlon II X3 ,K10 ,Rana ,AM3 ,3.0,3.0,3.2 GHz ,,1.5 MB ,0 MB ,95 W ,None ,,No ,Yes ,Boxed ,45 nm ,Yes ,No ,,,
Intel Pentium E5500,Intel ,BX80571E5500 ,Intel Pentium ,Wolfdale ,Wolfdale ,LGA775 ,2.0,2.0,2.8 GHz ,,2 MB ,0 MB ,65 W ,None ,,No ,Yes ,Boxed ,45 nm ,Yes ,No ,,,
AMD Phenom II X4 965,AMD ,HDX965FBK4DGM ,AMD Phenom II X4 ,K10 ,Deneb ,AM3 ,4.0,4.0,3.4 GHz ,,2 MB ,6 MB ,125 W ,None ,,No ,No ,OEM/Tray ,45 nm ,No ,No ,,,
AMD Phenom II X6 1035T,AMD ,HDT35TWFK6DGR ,AMD Phenom II X6 ,K10 ,Thuban ,AM3 ,6.0,6.0,2.6 GHz ,,3 MB ,6 MB ,95 W ,None ,,No ,No ,OEM/Tray ,45 nm ,No ,No ,,,
Intel Pentium G620T,Intel ,BX80623G620T ,Intel Pentium ,Sandy Bridge ,Sandy Bridge ,LGA1155 ,2.0,2.0,2.2 GHz ,,0.5 MB ,3 MB ,35 W ,Intel HD Graphics ,,No ,Yes ,Boxed ,32 nm ,Yes ,No ,,,
AMD A4-3400,AMD ,AD3400OJGXBOX ,AMD A4 ,Lynx ,Llano ,FM1 ,2.0,2.0,2.7 GHz ,,1 MB ,0 MB ,65 W ,Radeon HD 6410D ,,No ,Yes ,Boxed ,32 nm ,Yes ,No ,,,
AMD FX-8150,AMD ,FD8150FRW8KGU ,AMD FX ,Bulldozer ,Zambezi ,AM3+ ,8.0,8.0,3.6 GHz ,,8 MB ,8 MB ,125 W ,None ,,No ,No ,OEM/Tray ,32 nm ,No ,No ,,,
Intel Pentium G630T,Intel ,BX80623G630T ,Intel Pentium ,Sandy Bridge ,Sandy Bridge ,LGA1155 ,2.0,2.0,2.3 GHz ,,0.5 MB ,3 MB ,35 W ,Intel HD Graphics ,,No ,Yes ,Boxed ,32 nm ,Yes ,No ,,,
Intel Pentium G550,Intel ,BX80623G550 ,Intel Pentium ,Sandy Bridge ,Sandy Bridge ,LGA1155 ,2.0,2.0,2.6 GHz ,,0.5 MB ,2 MB ,65 W ,Intel HD Graphics ,,No ,Yes ,Boxed ,32 nm ,Yes ,No ,,,
AMD Athlon II X4 641,AMD ,AD641XWNGXBOX ,AMD Athlon II X4 ,Lynx ,Llano ,FM1 ,4.0,4.0,2.8 GHz ,,4 MB ,0 MB ,100 W ,None ,,No ,Yes ,Boxed ,32 nm ,Yes ,No ,,,
Intel Xeon E3-1240,Intel ,BX80623E31240 ,Intel Xeon E3 ,Sandy Bridge ,Sandy Bridge ,LGA1155 ,4.0,8.0,3.3 GHz ,,1 MB ,8 MB ,80 W ,None ,,Yes ,Yes ,Boxed ,32 nm ,Yes ,Yes: Hyper-Threading ,,,
Intel Xeon E3-1270,Intel ,BX80623E31270 ,Intel Xeon E3 ,Sandy Bridge ,Sandy Bridge ,LGA1155 ,4.0,8.0,3.4 GHz ,,1 MB ,8 MB ,80 W ,None ,,Yes ,Yes ,Boxed ,32 nm ,Yes ,Yes: Hyper-Threading ,,,
Intel Xeon E5-1660,Intel ,BX80621E51660 ,Intel Xeon E5 ,Sandy Bridge ,Sandy Bridge-EP ,LGA2011 ,6.0,12.0,3.3 GHz ,3.9 GHz ,1.5 MB ,15 MB ,130 W ,None ,,Yes ,No ,Boxed ,32 nm ,No ,Yes: Hyper-Threading ,,,
Intel Xeon E5-2609 V2,Intel ,BX80635E52609V2 ,Intel Xeon E5 ,Ivy Bridge ,Ivy Bridge-EP ,LGA2011 ,4.0,4.0,2.5 GHz ,,1 MB ,10 MB ,80 W ,None ,,Yes ,No ,Boxed ,22 nm ,No ,No ,,,
AMD Sempron 145,AMD ,SDX145HBK13GM ,AMD Sempron ,K10 ,Sargas ,AM3 ,1.0,1.0,2.8 GHz ,,1 MB ,0 MB ,45 W ,None ,,No ,No ,OEM/Tray ,45 nm ,No ,No ,,,
AMD A10-7800,AMD ,AD7800YBI44JA ,AMD A10 ,Steamroller ,Kaveri ,FM2+ ,4.0,4.0,3.5 GHz ,3.9 GHz ,4 MB ,0 MB ,65 W ,Radeon R7 (on-die) ,,No ,No ,OEM/Tray ,28 nm ,No ,No ,,,
AMD A10-6800K,AMD ,AD680KWOA44HL ,AMD A10 ,Piledriver ,Richland ,FM2 ,4.0,4.0,4.1 GHz ,,2 MB ,0 MB ,100 W ,Radeon HD 8670D ,,No ,No ,OEM/Tray ,32 nm ,No ,No ,,,
AMD A4-6320,AMD ,AD6320OKHLBOX ,AMD A4 ,Piledriver ,Richland ,FM2 ,2.0,2.0,3.8 GHz ,4 GHz ,1 MB ,0 MB ,65 W ,Radeon HD 8370D ,,No ,Yes ,Boxed ,32 nm ,Yes ,No ,,,
AMD A4-3300,AMD ,AD3300OJZ22GX ,AMD A4 ,Lynx ,Llano ,FM1 ,2.0,2.0,2.5 GHz ,,1 MB ,0 MB ,65 W ,Radeon HD 6410D ,,No ,No ,OEM/Tray ,32 nm ,No ,No ,,,
AMD FX-4300,AMD ,FD4300WMW4MHK ,AMD FX ,Piledriver ,Vishera ,AM3+ ,4.0,4.0,3.8 GHz ,,4 MB ,4 MB ,95 W ,None ,,No ,No ,OEM/Tray ,32 nm ,No ,No ,,,
AMD FX-4350,AMD ,FD4350FRW4KHK ,AMD FX ,Piledriver ,Vishera ,AM3+ ,4.0,4.0,4.2 GHz ,,4 MB ,8 MB ,125 W ,None ,,No ,No ,OEM/Tray ,32 nm ,No ,No ,,,
AMD FX-6200,AMD ,FD6200FRW6KGU ,AMD FX ,Bulldozer ,Zambezi ,AM3+ ,6.0,6.0,3.8 GHz ,,6 MB ,8 MB ,125 W ,None ,,No ,No ,OEM/Tray ,32 nm ,No ,No ,,,
Intel Core i3-4360T,Intel ,CM8064601481958 ,Intel Core i3 ,Haswell Refresh ,Haswell Refresh ,LGA1150 ,2.0,4.0,3.2 GHz ,,0.5 MB ,4 MB ,35 W ,Intel HD Graphics 4600 ,,Yes ,No ,OEM/Tray ,22 nm ,No ,Yes: Hyper-Threading ,,,
Intel Xeon E5-2630,Intel ,CM8062101038801 ,Intel Xeon E5 ,Sandy Bridge ,Sandy Bridge-EP ,LGA2011 ,6.0,12.0,2.3 GHz ,,1.5 MB ,15 MB ,95 W ,None ,,Yes ,No ,OEM/Tray ,32 nm ,No ,Yes: Hyper-Threading ,,,
Intel Xeon E5-2637 V2,Intel ,CM8063501520800 ,Intel Xeon E5 ,Ivy Bridge ,Ivy Bridge-EP ,LGA2011 ,4.0,8.0,3.5 GHz ,3.8 GHz ,1 MB ,15 MB ,130 W ,None ,,Yes ,No ,OEM/Tray ,22 nm ,No ,Yes: Hyper-Threading ,,,
AMD Athlon X4 860K,AMD ,AD860KXBI44JA ,AMD Athlon X4 ,Steamroller ,Kaveri ,FM2+ ,4.0,4.0,3.7 GHz ,4 GHz ,4 MB ,0 MB ,95 W ,None ,,No ,No ,OEM/Tray ,28 nm ,No ,No ,,,
AMD Pro A8-7600B,AMD ,AD760BYBI44JA ,AMD A8 ,Steamroller ,Kaveri ,FM2+ ,4.0,4.0,3.1 GHz ,3.8 GHz ,4 MB ,0 MB ,65 W ,Radeon R7 (on-die) ,,No ,No ,OEM/Tray ,28 nm ,No ,No ,,,
AMD Pro A6-7400B,AMD ,AD740BYBI23JA ,AMD A6 ,Steamroller ,Kaveri ,FM2+ ,2.0,2.0,3.5 GHz ,3.9 GHz ,1 MB ,0 MB ,65 W ,Radeon R5 (on die) ,,No ,No ,OEM/Tray ,28 nm ,No ,No ,,,
AMD Pro A10-7800B,AMD ,AD780BYBI44JA ,AMD A10 ,Steamroller ,Kaveri ,FM2+ ,4.0,4.0,3.5 GHz ,3.9 GHz ,4 MB ,0 MB ,65 W ,Radeon R7 (on-die) ,,No ,No ,OEM/Tray ,28 nm ,No ,No ,,,
AMD Pro A10-7850B,AMD ,AD785BXBI44JA ,AMD A10 ,Steamroller ,Kaveri ,FM2+ ,4.0,4.0,3.7 GHz ,4 GHz ,4 MB ,0 MB ,95 W ,Radeon R7 (on-die) ,,No ,No ,OEM/Tray ,28 nm ,No ,No ,,,
Intel Pentium G3450,Intel ,CM8064601483714 ,Intel Pentium ,Haswell Refresh ,Haswell Refresh ,LGA1150 ,2.0,2.0,3.4 GHz ,,0.5 MB ,3 MB ,53 W ,Intel HD Graphics ,,No ,No ,OEM/Tray ,22 nm ,No ,No ,,,
Intel Xeon E5-2609 V3,Intel ,BX80644E52609V3 ,Intel Xeon E5 ,Haswell ,Haswell-EP ,LGA2011-3 ,6.0,6.0,1.9 GHz ,,1.5 MB ,15 MB ,85 W ,None ,,Yes ,No ,Boxed ,22 nm ,No ,No ,,,
AMD A8-7670K,AMD ,AD767KXBJCBOX ,AMD A8 ,Steamroller ,Godavari ,FM2+ ,4.0,4.0,3.6 GHz ,3.9 GHz ,4 MB ,0 MB ,95 W ,Radeon R7 (on-die) ,,No ,Yes ,Boxed ,28 nm ,Yes ,No ,,,
Intel Core i5-6400T,Intel ,BXC80662I56400T ,Intel Core i5 ,Skylake ,Skylake-S ,LGA1151 ,4.0,4.0,2.2 GHz ,2.8 GHz ,1 MB ,6 MB ,35 W ,Intel HD Graphics 530 ,64 GB ,No ,Yes ,Boxed ,14 nm ,Yes ,No ,,,
Intel Xeon E3-1230 V5,Intel ,CM8066201921713 ,Intel Xeon E3 ,Skylake ,Skylake-H ,LGA1151 ,4.0,8.0,3.4 GHz ,3.8 GHz ,1 MB ,8 MB ,80 W ,None ,64 GB ,Yes ,No ,OEM/Tray ,14 nm ,No ,Yes: Hyper-Threading ,,,
Intel Xeon E3-1225 V5,Intel ,BX80662E31225V5 ,Intel Xeon E3 ,Skylake ,Skylake-H ,LGA1151 ,4.0,4.0,3.3 GHz ,3.7 GHz ,1 MB ,8 MB ,80 W ,Intel HD Graphics P530 ,64 GB ,Yes ,Yes ,Boxed ,14 nm ,Yes ,No ,,,
Intel Xeon E3-1270 V5,Intel ,BX80662E31270V5 ,Intel Xeon E3 ,Skylake ,Skylake-H ,LGA1151 ,4.0,8.0,3.6 GHz ,4 GHz ,1 MB ,8 MB ,80 W ,None ,64 GB ,Yes ,Yes ,Boxed ,14 nm ,Yes ,Yes: Hyper-Threading ,,,
Intel Xeon E3-1275 V5,Intel ,CM8066201934909 ,Intel Xeon E3 ,Skylake ,Skylake-H ,LGA1151 ,4.0,8.0,3.6 GHz ,4 GHz ,1 MB ,8 MB ,80 W ,Intel HD Graphics P530 ,64 GB ,Yes ,No ,OEM/Tray ,14 nm ,No ,Yes: Hyper-Threading ,,,
AMD Opteron 6320,AMD ,OS6320WKT8GHK ,AMD Opteron ,Piledriver ,Abu Dhabi ,G34 ,8.0,8.0,2.8 GHz ,3.3 GHz ,8 MB ,16 MB ,115 W ,None ,,No ,No ,OEM/Tray ,32 nm ,No ,No ,,,
AMD Athlon X4 845,AMD ,AD845XACKASBX ,AMD Athlon X4 ,Puma+ ,Carrizo ,FM2+ ,4.0,4.0,3.5 GHz ,3.8 GHz ,1 MB ,0 MB ,65 W ,None ,,No ,Yes ,Boxed ,28 nm ,Yes ,No ,,,
Intel Xeon E5-2658 V3,Intel ,CM8064401545904 ,Intel Xeon E5 ,Haswell ,Haswell-EP ,LGA2011-3 ,12.0,24.0,2.2 GHz ,2.9 GHz ,3 MB ,30 MB ,105 W ,None ,768 GB ,Yes ,No ,OEM/Tray ,22 nm ,No ,Yes: Hyper-Threading ,,,
Intel Core i7-6800K,Intel ,BXC80671I76800K ,Intel Core i7 ,Broadwell ,Broadwell-E ,LGA2011-3 ,6.0,12.0,3.4 GHz ,3.6 GHz ,1.5 MB ,15 MB ,140 W ,None ,,No ,No ,Boxed ,14 nm ,No ,Yes: Hyper-Threading ,,,
Intel Core i3-7320,Intel ,CM8067703014425 ,Intel Core i3 ,Kaby Lake ,Kaby Lake-S ,LGA1151 ,2.0,4.0,4.1 GHz ,,0.5 MB ,4 MB ,51 W ,Intel HD Graphics 630 ,64 GB ,Yes ,No ,OEM/Tray ,14 nm ,No ,Yes: Hyper-Threading ,,,
Intel Pentium G4560T,Intel ,CM8067703016117 ,Intel Pentium ,Kaby Lake ,Kaby Lake-S ,LGA1151 ,2.0,4.0,2.9 GHz ,,0.5 MB ,3 MB ,35 W ,Intel HD Graphics 610 ,64 GB ,Yes ,No ,OEM/Tray ,14 nm ,No ,Yes: Hyper-Threading ,,,
Intel Pentium G4600T,Intel ,CM8067703016014 ,Intel Pentium ,Kaby Lake ,Kaby Lake-S ,LGA1151 ,2.0,4.0,3 GHz ,,0.5 MB ,3 MB ,35 W ,Intel HD Graphics 630 ,64 GB ,Yes ,No ,OEM/Tray ,14 nm ,No ,Yes: Hyper-Threading ,,,
Intel Core i3-7100T,Intel ,BXC80677I37100T ,Intel Core i3 ,Kaby Lake ,Kaby Lake-S ,LGA1151 ,2.0,4.0,3.4 GHz ,,0.5 MB ,3 MB ,35 W ,Intel HD Graphics 630 ,64 GB ,Yes ,Yes ,Boxed ,14 nm ,Yes ,Yes: Hyper-Threading ,,,
Intel Core i9-7900X,Intel ,BXC80673I97900X ,Intel Core i9 ,Skylake ,Skylake-X ,LGA2066 ,10.0,20.0,3.3 GHz ,4.5 GHz ,10 MB ,13.75 MB ,140 W ,None ,128 GB ,No ,No ,Boxed ,14 nm ,No ,Yes: Hyper-Threading ,,,
Intel Core i7-7740X,Intel ,BXC80677I77740X ,Intel Core i7 ,Kaby Lake ,Kaby Lake-X ,LGA2066 ,4.0,8.0,4.3 GHz ,4.5 GHz ,1 MB ,8 MB ,112 W ,None ,64 GB ,No ,No ,Boxed ,14 nm ,No ,Yes: Hyper-Threading ,,,
AMD A8-7650K,AMD ,AD765KXBJASBX ,AMD A8 ,Steamroller ,Kaveri ,FM2+ ,4.0,4.0,3.3 GHz ,3.7 GHz ,4 MB ,0 MB ,95 W ,Radeon R7 (on-die) ,,No ,Yes ,Boxed ,28 nm ,Yes ,No ,,,
Intel Xeon E5-2420V2,Intel ,BX80634E52420V2 ,Intel Xeon E5 ,Ivy Bridge ,Ivy Bridge-EN ,LGA1356 ,6.0,12.0,2.2 GHz ,2.7 GHz ,1.5 MB ,15 MB ,80 W ,None ,384 GB ,Yes ,No ,Boxed ,22 nm ,No ,Yes: Hyper-Threading ,,,
Intel Xeon E5-2440V2,Intel ,BX80634E52440V2 ,Intel Xeon E5 ,Ivy Bridge ,Ivy Bridge-EN ,LGA1356 ,8.0,16.0,1.9 GHz ,2.4 GHz ,2 MB ,20 MB ,95 W ,None ,384 GB ,Yes ,No ,Boxed ,22 nm ,No ,Yes: Hyper-Threading ,,,
Intel Xeon E3-1240 V6,Intel ,BX80677E31240V6 ,Intel Xeon E3 ,Kaby Lake ,Kaby Lake-S ,LGA1151 ,4.0,8.0,3.7 GHz ,4.1 GHz ,1 MB ,8 MB ,72 W ,None ,64 GB ,Yes ,Yes ,Boxed ,14 nm ,Yes ,Yes: Hyper-Threading ,,,
Intel Xeon E3-1220 V6,Intel ,CM8067702870812 ,Intel Xeon E3 ,Kaby Lake ,Kaby Lake-S ,LGA1151 ,4.0,4.0,3 GHz ,3.5 GHz ,1 MB ,8 MB ,72 W ,None ,64 GB ,Yes ,No ,OEM/Tray ,14 nm ,No ,No ,,,
AMD Athlon X4 970,AMD ,AD970XAUM44AB ,AMD Athlon X4 ,Excavator ,Bristol Ridge ,AM4 ,4.0,4.0,3.8 GHz ,4 GHz ,2 MB ,0 MB ,65 W ,None ,,No ,No ,OEM/Tray ,28 nm ,No ,No ,,,
AMD A6-9550,AMD ,AD9550AGABBOX ,AMD A6 ,Excavator ,Bristol Ridge ,AM4 ,2.0,2.0,3.8 GHz ,4 GHz ,1 MB ,0 MB ,65 W ,Radeon R5 (on die) ,,No ,Yes ,Boxed ,28 nm ,Yes ,No ,,,
Intel Celeron G4920,Intel ,CM8068403378011 ,Intel Celeron ,Coffee Lake ,Coffee Lake ,LGA1151 ,2.0,2.0,3.2 GHz ,,0.5 MB ,2 MB ,65 W ,Intel UHD Graphics 610 ,64 GB ,Yes ,No ,OEM/Tray ,14 nm ,No ,No ,,,
Intel Pentium Gold G5600,Intel ,CM8068403377513 ,Intel Pentium Gold ,Coffee Lake ,Coffee Lake ,LGA1151 ,2.0,4.0,3.9 GHz ,,0.5 MB ,4 MB ,54 W ,Intel UHD Graphics 630 ,64 GB ,Yes ,No ,OEM/Tray ,14 nm ,No ,Yes: Hyper-Threading ,,,
Intel Core i9-9820X,Intel ,CD8067304126901 ,Intel Core i9 ,Skylake ,Skylake-X ,LGA2066 ,10.0,20.0,3.3 GHz ,4.1 GHz ,10 MB ,16.5 MB ,165 W ,None ,128 GB ,No ,No ,OEM/Tray ,14 nm ,No ,Yes: Hyper-Threading ,,,
AMD Athlon 220GE,AMD ,YD220GC6M2OFB ,AMD Athlon ,Zen ,Raven Ridge ,AM4 ,2.0,4.0,3.4 GHz ,,1 MB ,4 MB ,35 W ,Radeon Vega 3 ,64 GB ,No ,No ,OEM/Tray ,14 nm ,No ,Yes ,,,
AMD Athlon 240GE,AMD ,YD240GC6M2OFB ,AMD Athlon ,Zen ,Raven Ridge ,AM4 ,2.0,4.0,3.5 GHz ,,1 MB ,4 MB ,35 W ,Radeon Vega 3 ,64 GB ,No ,No ,OEM/Tray ,14 nm ,No ,Yes ,,,
Intel Core i5-9500F,Intel ,CM8068403875414 ,Intel Core i5 ,Coffee Lake Refresh ,Coffee Lake Refresh ,LGA1151 ,6.0,6.0,3 GHz ,4.4 GHz ,1.5 MB ,9 MB ,65 W ,None ,128 GB ,No ,No ,OEM/Tray ,14 nm ,No ,No ,,,
Intel Core i3-9320,Intel ,CM8068403376914 ,Intel Core i3 ,Coffee Lake Refresh ,Coffee Lake Refresh ,LGA1151 ,4.0,4.0,3.7 GHz ,4.4 GHz ,1 MB ,8 MB ,62 W ,None ,64 GB ,Yes ,No ,OEM/Tray ,14 nm ,No ,No ,,,
Intel Core i3-9350K,Intel ,CM8068403376821 ,Intel Core i3 ,Coffee Lake Refresh ,Coffee Lake Refresh ,LGA1151 ,4.0,4.0,4 GHz ,4.6 GHz ,1 MB ,8 MB ,91 W ,Intel HD Graphics 630 ,64 GB ,Yes ,No ,OEM/Tray ,14 nm ,No ,No ,,,
Intel Xeon E-2134,Intel ,CM8068403654319 ,Intel Xeon E ,Coffee Lake ,Coffee Lake ,LGA1151 ,4.0,8.0,3.5 GHz ,4.5 GHz ,1 MB ,8 MB ,71 W ,None ,64 GB ,Yes ,No ,OEM/Tray ,14 nm ,No ,Yes: Hyper-Threading ,,,
Intel Xeon E-2274G,Intel ,BX80684E2274G ,Intel Xeon E ,Coffee Lake Refresh ,Coffee Lake Refresh ,LGA1151 ,4.0,8.0,4 GHz ,4.9 GHz ,1 MB ,8 MB ,83 W ,Intel HD Graphics P630 ,128 GB ,Yes ,No ,Boxed ,14 nm ,No ,Yes: Hyper-Threading ,,,
Intel Xeon E-2278G,Intel ,CM8068404225303 ,Intel Xeon E ,Coffee Lake Refresh ,Coffee Lake Refresh ,LGA1151 ,8.0,16.0,3.4 GHz ,5 GHz ,2 MB ,16 MB ,80 W ,Intel HD Graphics P630 ,128 GB ,Yes ,No ,OEM/Tray ,14 nm ,No ,Yes: Hyper-Threading ,,,
Intel Pentium G3240,Intel ,CM8064601562018 ,Intel Pentium ,Haswell Refresh ,Haswell Refresh ,LGA1150 ,2.0,2.0,3.1 GHz ,,0.5 MB ,3 MB ,53 W ,Intel HD Graphics ,,No ,No ,OEM/Tray ,22 nm ,No ,No ,,,
Intel Core i9-7940X,Intel ,CD8067303734701 ,Intel Core i9 ,Skylake ,Skylake-X ,LGA2066 ,14.0,28.0,3.1 GHz ,4.4 GHz ,14 MB ,19.25 MB ,165 W ,None ,128 GB ,No ,No ,OEM/Tray ,14 nm ,No ,Yes: Hyper-Threading ,,,
AMD Athlon II X2 240,AMD ,ADX240OCGQBOX ,AMD Athlon II X2 ,K10 ,Regor ,AM3 ,2.0,2.0,2.8 GHz ,,2 MB ,0 MB ,65 W ,None ,,No ,Yes ,Boxed ,45 nm ,Yes ,No ,,,
AMD Athlon II X2 250,AMD ,ADX250OCGQBOX ,AMD Athlon II X2 ,K10 ,Regor ,AM3 ,2.0,2.0,3 GHz ,,2 MB ,0 MB ,65 W ,None ,,No ,Yes ,Boxed ,45 nm ,Yes ,No ,,,
AMD Athlon II X2 255,AMD ,ADX255OCGQBOX ,AMD Athlon II X2 ,K10 ,Regor ,AM3 ,2.0,2.0,3.1 GHz ,,2 MB ,0 MB ,65 W ,None ,,No ,Yes ,Boxed ,45 nm ,Yes ,No ,,,
Intel Celeron 430,Intel ,BX80557430 ,Intel Celeron ,Core ,Conroe ,LGA775 ,1.0,1.0,1.8 GHz ,,0.5 MB ,0 MB ,35 W ,None ,,No ,Yes ,Boxed ,65 nm ,Yes ,No ,,,
AMD Athlon II X3 440,AMD ,ADX440WFGMBOX ,AMD Athlon II X3 ,K10 ,Rana ,AM3 ,3.0,3.0,3 GHz ,,1.5 MB ,0 MB ,95 W ,None ,,No ,Yes ,Boxed ,45 nm ,Yes ,No ,,,
Intel Celeron 440,Intel ,HH80557RG041512 ,Intel Celeron ,Core ,Conroe ,LGA775 ,1.0,1.0,2 GHz ,,0.5 MB ,0 MB ,35 W ,None ,,No ,No ,OEM/Tray ,65 nm ,No ,No ,,,
AMD Phenom II X2 550 Black,AMD ,HDZ550WFGIBOX ,AMD Phenom II X2 ,K10 ,Callisto ,AM3 ,2.0,2.0,3.1 GHz ,,1 MB ,6 MB ,80 W ,None ,,No ,Yes ,Boxed ,45 nm ,Yes ,No ,,,
AMD Phenom II X3 720,AMD ,HDX720WFGIBOX ,AMD Phenom II X3 ,K10 ,Heka ,AM3 ,3.0,3.0,2.8 GHz ,,1.5 MB ,6 MB ,95 W ,None ,,No ,Yes ,Boxed ,45 nm ,Yes ,No ,,,
AMD Phenom II X4 925,AMD ,HDX925WFGIBOX ,AMD Phenom II X4 ,K10 ,Deneb ,AM3 ,4.0,4.0,2.8 GHz ,,2 MB ,6 MB ,95 W ,None ,,No ,Yes ,Boxed ,45 nm ,Yes ,No ,,,
AMD Phenom II X4 945,AMD ,HDX945WFGIBOX ,AMD Phenom II X4 ,K10 ,Deneb ,AM3 ,4.0,4.0,3 GHz ,,2 MB ,6 MB ,125 W ,None ,,No ,Yes ,Boxed ,45 nm ,Yes ,No ,,,
AMD Athlon II X4 600e,AMD ,AD600EHDGIBOX ,AMD Athlon II X4 ,K10 ,Propus ,AM3 ,4.0,4.0,2.2 GHz ,,2 MB ,0 MB ,45 W ,None ,,No ,Yes ,Boxed ,45 nm ,Yes ,No ,,,
AMD Athlon II X4 610e,AMD ,AD610EDGMBOX ,AMD Athlon II X4 ,K10 ,Propus ,AM3 ,4.0,4.0,2.4 GHz ,,2 MB ,0 MB ,45 W ,None ,,No ,Yes ,Boxed ,45 nm ,Yes ,No ,,,
AMD Phenom II X4 905e,AMD ,HD905EOCGIBOX ,AMD Phenom II X4 ,K10 ,Deneb ,AM3 ,4.0,4.0,2.5 GHz ,,2 MB ,6 MB ,65 W ,None ,,No ,Yes ,Boxed ,45 nm ,Yes ,No ,,,
AMD Phenom II X4 965 Black (140W),AMD ,HDZ965FBGIBOX ,AMD Phenom II X4 ,K10 ,Deneb ,AM3 ,4.0,4.0,3.4 GHz ,,2 MB ,6 MB ,140 W ,None ,,No ,Yes ,Boxed ,45 nm ,Yes ,No ,,,
Intel Celeron E1500,Intel ,BX80557E1500 ,Intel Celeron ,Core ,Conroe ,LGA775 ,2.0,2.0,2.2 GHz ,,0.5 MB ,0 MB ,65 W ,None ,,No ,Yes ,Boxed ,65 nm ,Yes ,No ,,,
Intel Celeron E1600,Intel ,BX80557E1600 ,Intel Celeron ,Core ,Conroe ,LGA775 ,2.0,2.0,2.4 GHz ,,0.5 MB ,0 MB ,65 W ,None ,,No ,Yes ,Boxed ,65 nm ,Yes ,No ,,,
Intel Celeron E1600,Intel ,HH80557PG056D ,Intel Celeron ,Core ,Conroe ,LGA775 ,2.0,2.0,2.4 GHz ,,0.5 MB ,0 MB ,65 W ,None ,,No ,No ,OEM/Tray ,65 nm ,No ,No ,,,
Intel Pentium E2160,Intel ,HH80557PG0331M ,Intel Pentium ,Core ,Conroe ,LGA775 ,2.0,2.0,1.8 GHz ,,1 MB ,0 MB ,65 W ,None ,,No ,No ,OEM/Tray ,65 nm ,No ,No ,,,
Intel Pentium E2180,Intel ,HH80557PG0411M ,Intel Pentium ,Core ,Conroe ,LGA775 ,2.0,2.0,2 GHz ,,1 MB ,0 MB ,65 W ,None ,,No ,No ,OEM/Tray ,65 nm ,No ,No ,,,
Intel Pentium E2200,Intel ,HH80557PG0491M ,Intel Pentium ,Core ,Conroe ,LGA775 ,2.0,2.0,2.2 GHz ,,1 MB ,0 MB ,65 W ,None ,,No ,No ,OEM/Tray ,65 nm ,No ,No ,,,
Intel Core 2 Duo E4400,Intel ,BX80557E4400 ,Intel Core 2 Duo ,Core ,Conroe ,LGA775 ,2.0,2.0,2 GHz ,,2 MB ,0 MB ,65 W ,None ,,No ,Yes ,Boxed ,65 nm ,Yes ,No ,,,
Intel Core 2 Duo E4400,Intel ,HH80557PG0412M ,Intel Core 2 Duo ,Core ,Conroe ,LGA775 ,2.0,2.0,2 GHz ,,2 MB ,0 MB ,65 W ,None ,,No ,No ,OEM/Tray ,65 nm ,No ,No ,,,
Intel Pentium E6300,Intel ,BX80571E6300 ,Intel Pentium ,Wolfdale ,Wolfdale ,LGA775 ,2.0,2.0,2.8 GHz ,,2 MB ,0 MB ,65 W ,None ,,No ,Yes ,Boxed ,45 nm ,Yes ,No ,,,
Intel Core 2 Duo E6700,Intel ,BX805576700 ,Intel Core 2 Duo ,Core ,Conroe ,LGA775 ,2.0,2.0,2.66 GHz ,,4 MB ,0 MB ,65 W ,None ,,No ,Yes ,Boxed ,65 nm ,Yes ,No ,,,
Intel Core 2 Duo E7300,Intel ,EU80571PH0673M ,Intel Core 2 Duo ,Wolfdale ,Wolfdale ,LGA775 ,2.0,2.0,2.66 GHz ,,3 MB ,0 MB ,65 W ,None ,,No ,No ,OEM/Tray ,45 nm ,No ,No ,,,
Intel Core 2 Duo E7400,Intel ,AT80571PH0723M ,Intel Core 2 Duo ,Wolfdale ,Wolfdale ,LGA775 ,2.0,2.0,2.8 GHz ,,3 MB ,0 MB ,65 W ,None ,,No ,No ,OEM/Tray ,45 nm ,No ,No ,,,
Intel Core 2 Duo E7400,Intel ,AT80571PH0723ML ,Intel Core 2 Duo ,Wolfdale ,Wolfdale ,LGA775 ,2.0,2.0,2.8 GHz ,,3 MB ,0 MB ,65 W ,None ,,No ,No ,OEM/Tray ,45 nm ,No ,No ,,,
Intel Core 2 Duo E7400,Intel ,BX80571E7400 ,Intel Core 2 Duo ,Wolfdale ,Wolfdale ,LGA775 ,2.0,2.0,2.8 GHz ,,3 MB ,0 MB ,65 W ,None ,,No ,Yes ,Boxed ,45 nm ,Yes ,No ,,,
Intel Core 2 Duo E8200,Intel ,BX80570E8200 ,Intel Core 2 Duo ,Wolfdale ,Wolfdale ,LGA775 ,2.0,2.0,2.66 GHz ,,6 MB ,0 MB ,65 W ,None ,,No ,Yes ,Boxed ,45 nm ,Yes ,No ,,,
Intel Core i5-680,Intel ,BX80616I5680 ,Intel Core i5 ,Westmere ,Clarkdale ,LGA1156 ,2.0,4.0,3.6 GHz ,,0.5 MB ,4 MB ,73 W ,Intel HD Graphics ,,No ,Yes ,Boxed ,32 nm ,Yes ,Yes: Hyper-Threading ,,,
Intel Core i7-860S,Intel ,BV80605003210AD ,Intel Core i7 ,Nehalem ,Lynnfield ,LGA1156 ,4.0,8.0,2.53 GHz ,,1 MB ,8 MB ,82 W ,None ,,No ,No ,OEM/Tray ,45 nm ,No ,Yes: Hyper-Threading ,,,
Intel Core i7-860S,Intel ,BX80605I7860S ,Intel Core i7 ,Nehalem ,Lynnfield ,LGA1156 ,4.0,8.0,2.53 GHz ,,1 MB ,8 MB ,82 W ,None ,,No ,Yes ,Boxed ,45 nm ,Yes ,Yes: Hyper-Threading ,,,
Intel Core i7-965 Extreme Edition,Intel ,AT80601000918AA ,Intel Core i7 Extreme ,Nehalem ,Bloomfield ,LGA1366 ,4.0,8.0,3.2 GHz ,,1 MB ,8 MB ,130 W ,None ,,No ,No ,OEM/Tray ,45 nm ,No ,Yes: Hyper-Threading ,,,
Intel Core 2 Quad Q6700,Intel ,HH80562PH0678MK ,Intel Core 2 Quad ,Core ,Kentsfield ,LGA775 ,4.0,4.0,2.66 GHz ,,8 MB ,0 MB ,100 W ,None ,,No ,No ,OEM/Tray ,65 nm ,No ,No ,,,
Intel Core 2 Quad Q8300,Intel ,BX80580Q8300 ,Intel Core 2 Quad ,Yorkfield ,Yorkfield ,LGA775 ,4.0,4.0,2.5 GHz ,,4 MB ,0 MB ,95 W ,None ,,No ,Yes ,Boxed ,45 nm ,Yes ,No ,,,
Intel Core 2 Quad Q9400S,Intel ,BX80580Q9400S ,Intel Core 2 Quad ,Yorkfield ,Yorkfield ,LGA775 ,4.0,4.0,2.66 GHz ,,6 MB ,0 MB ,65 W ,None ,,No ,Yes ,Boxed ,45 nm ,Yes ,No ,,,
Intel Core 2 Quad Q9450,Intel ,EU80569PJ067N ,Intel Core 2 Quad ,Yorkfield ,Yorkfield ,LGA775 ,4.0,4.0,2.66 GHz ,,12 MB ,0 MB ,95 W ,None ,,No ,No ,OEM/Tray ,45 nm ,No ,No ,,,
Intel Core 2 Quad Q9550,Intel ,AT80569PJ073N ,Intel Core 2 Quad ,Yorkfield ,Yorkfield ,LGA775 ,4.0,4.0,2.83 GHz ,,12 MB ,0 MB ,95 W ,None ,,No ,No ,OEM/Tray ,45 nm ,No ,No ,,,
Intel Core 2 Extreme QX9650,Intel ,EU80569XJ080NL ,Intel Core 2 Extreme ,Yorkfield ,Yorkfield ,LGA775 ,4.0,4.0,3 GHz ,,12 MB ,0 MB ,130 W ,None ,,No ,No ,OEM/Tray ,45 nm ,No ,No ,,,
Intel Core 2 Extreme QX9770,Intel ,EU80569XL088NL ,Intel Core 2 Extreme ,Yorkfield ,Yorkfield ,LGA775 ,4.0,4.0,3.2 GHz ,,12 MB ,0 MB ,136 W ,None ,,No ,No ,OEM/Tray ,45 nm ,No ,No ,,,
Intel Core 2 Extreme QX9775,Intel ,EU80574XL088N ,Intel Core 2 Extreme ,Yorkfield ,Yorkfield ,LGA771 ,4.0,4.0,3.2 GHz ,,12 MB ,0 MB ,150 W ,None ,,No ,No ,OEM/Tray ,45 nm ,No ,No ,,,
Intel Core 2 Extreme X6800,Intel ,HH80557PH0774M ,Intel Core 2 Extreme ,Core ,Conroe ,LGA775 ,2.0,2.0,2.93 GHz ,,4 MB ,0 MB ,75 W ,None ,,No ,No ,OEM/Tray ,65 nm ,No ,No ,,,
AMD Phenom II X4 940 Black,AMD ,HDZ940XCJ4DGI ,AMD Phenom II X4 ,K10 ,Deneb ,AM2+ ,4.0,4.0,3 GHz ,,2 MB ,6 MB ,125 W ,None ,,No ,No ,OEM/Tray ,45 nm ,No ,No ,,,
AMD Athlon II X3 455,AMD ,ADX455WFGMBOX ,AMD Athlon II X3 ,K10 ,Rana ,AM3 ,3.0,3.0,3.3 GHz ,,1.5 MB ,0 MB ,95 W ,None ,,No ,Yes ,Boxed ,45 nm ,Yes ,No ,,,
AMD Phenom II X2 545,AMD ,HDX545WFK2DGI ,AMD Phenom II X2 ,K10 ,Callisto ,AM3 ,2.0,2.0,3 GHz ,,1 MB ,6 MB ,80 W ,None ,,No ,No ,OEM/Tray ,45 nm ,No ,No ,,,
Intel Pentium E6700,Intel ,BX80571E6700 ,Intel Pentium ,Wolfdale ,Wolfdale ,LGA775 ,2.0,2.0,3.2 GHz ,,2 MB ,0 MB ,65 W ,None ,,No ,Yes ,Boxed ,45 nm ,Yes ,No ,,,
AMD Phenom II X4 960T Black,AMD ,HD96ZTWFK4DGR ,AMD Phenom II X4 ,K10 ,Zosma ,AM3 ,4.0,4.0,3 GHz ,,2 MB ,6 MB ,95 W ,None ,,No ,No ,OEM/Tray ,45 nm ,No ,No ,,,
AMD Athlon II X4 630,AMD ,ADX630WFGMBOX ,AMD Athlon II X4 ,K10 ,Propus ,AM3 ,4.0,4.0,2.8 GHz ,,2 MB ,0 MB ,95 W ,None ,,No ,Yes ,Boxed ,45 nm ,Yes ,No ,,,
AMD Phenom II X4 925,AMD ,HDX925WFK4DGM ,AMD Phenom II X4 ,K10 ,Deneb ,AM3 ,4.0,4.0,2.8 GHz ,,2 MB ,6 MB ,95 W ,None ,,No ,No ,OEM/Tray ,45 nm ,No ,No ,,,
AMD Phenom II X3 720 Black,AMD ,HDZ720WFK3DGI ,AMD Phenom II X3 ,K10 ,Heka ,AM3 ,3.0,3.0,2.8 GHz ,,1.5 MB ,6 MB ,95 W ,None ,,No ,No ,OEM/Tray ,45 nm ,No ,No ,,,
AMD Sempron 130,AMD ,SDX130HBK12GQ ,AMD Sempron ,K10 ,Sargas ,AM3 ,1.0,1.0,2.6 GHz ,,0.5 MB ,0 MB ,45 W ,None ,,No ,No ,OEM/Tray ,45 nm ,No ,No ,,,
AMD Athlon II X4 631,AMD ,AD631XWNGXBOX ,AMD Athlon II X4 ,Lynx ,Llano ,FM1 ,4.0,4.0,2.6 GHz ,,2 MB ,0 MB ,100 W ,None ,,No ,Yes ,Boxed ,32 nm ,Yes ,No ,,,
AMD FX-6100,AMD ,FD6100WMW6KGU ,AMD FX ,Bulldozer ,Zambezi ,AM3+ ,6.0,6.0,3.3 GHz ,,6 MB ,6 MB ,95 W ,None ,,No ,No ,OEM/Tray ,32 nm ,No ,No ,,,
AMD FX-8120,AMD ,FD8120WMW8KGU ,AMD FX ,Bulldozer ,Zambezi ,AM3+ ,8.0,8.0,3.1 GHz ,,8 MB ,8 MB ,125 W ,None ,,No ,No ,OEM/Tray ,32 nm ,No ,No ,,,
AMD A8-3850,AMD ,AD3850WNZ43GX ,AMD A8 ,Lynx ,Llano ,FM1 ,4.0,4.0,2.9 GHz ,,4 MB ,0 MB ,100 W ,Radeon HD 6550D ,,No ,No ,OEM/Tray ,32 nm ,No ,No ,,,
AMD Athlon II X4 645,AMD ,ADX645WFK42GM ,AMD Athlon II X4 ,K10 ,Propus ,AM3 ,4.0,4.0,3.1 GHz ,,2 MB ,0 MB ,95 W ,None ,,No ,No ,OEM/Tray ,45 nm ,No ,No ,,,
AMD Phenom II X4 970,AMD ,HDZ970FBK4DGM ,AMD Phenom II X4 ,K10 ,Deneb ,AM3 ,4.0,4.0,3.5 GHz ,,2 MB ,6.047 MB ,125 W ,None ,,No ,No ,OEM/Tray ,45 nm ,No ,No ,,,
AMD A6-3650,AMD ,AD3650WNZ43GX ,AMD A6 ,Lynx ,Llano ,FM1 ,4.0,4.0,2.6 GHz ,,4 MB ,0 MB ,100 W ,Radeon HD 6530D ,,No ,No ,OEM/Tray ,32 nm ,No ,No ,,,
Intel Core i5-2380P,Intel ,BX80623i52380P ,Intel Core i5 ,Sandy Bridge ,Sandy Bridge ,LGA1155 ,4.0,4.0,3.1 GHz ,,1 MB ,6 MB ,95 W ,None ,,No ,Yes ,Boxed ,32 nm ,Yes ,No ,,,
AMD Athlon II X2 250,AMD ,ADX250OCK23GM ,AMD Athlon II X2 ,K10 ,Regor ,AM3 ,2.0,2.0,3 GHz ,,2 MB ,0 MB ,65 W ,None ,,No ,No ,OEM/Tray ,45 nm ,No ,No ,,,
AMD FX-8150,AMD ,FD8150FRGUWOX ,AMD FX ,Bulldozer ,Zambezi ,AM3+ ,8.0,8.0,3.6 GHz ,,8 MB ,8 MB ,125 W ,None ,,No ,No ,Boxed ,32 nm ,No ,No ,,,
Intel Pentium G870,Intel ,BX80623G870 ,Intel Pentium ,Sandy Bridge ,Sandy Bridge ,LGA1155 ,2.0,2.0,3.1 GHz ,,0.5 MB ,3 MB ,65 W ,Intel HD Graphics ,,No ,Yes ,Boxed ,32 nm ,Yes ,No ,,,
Intel Celeron G465,Intel ,BX80623G465 ,Intel Celeron ,Sandy Bridge ,Sandy Bridge ,LGA1155 ,2.0,2.0,1.9 GHz ,,0.5 MB ,1.5 MB ,35 W ,Intel HD Graphics ,,No ,Yes ,Boxed ,32 nm ,Yes ,No ,,,
AMD Athlon II X4 651K,AMD ,AD651KWNGXBOX ,AMD Athlon II X4 ,Lynx ,Llano ,FM1 ,4.0,4.0,3 GHz ,,4 MB ,0 MB ,100 W ,None ,,No ,Yes ,Boxed ,32 nm ,Yes ,No ,,,
AMD FX-8300,AMD ,FD8300WMW8KHK ,AMD FX ,Piledriver ,Vishera ,AM3+ ,8.0,8.0,3.3 GHz ,,8 MB ,8 MB ,95 W ,None ,,No ,No ,OEM/Tray ,32 nm ,No ,No ,,,
Intel Xeon E3-1275,Intel ,BX80623E31275 ,Intel Xeon E3 ,Sandy Bridge ,Sandy Bridge ,LGA1155 ,4.0,8.0,3.4 GHz ,,1 MB ,8 MB ,95 W ,Intel HD Graphics ,,Yes ,Yes ,Boxed ,32 nm ,Yes ,Yes: Hyper-Threading ,,,
Intel Xeon E3-1280,Intel ,BX80623E31280 ,Intel Xeon E3 ,Sandy Bridge ,Sandy Bridge ,LGA1155 ,4.0,8.0,3.5 GHz ,,1 MB ,8 MB ,95 W ,None ,,Yes ,Yes ,Boxed ,32 nm ,Yes ,Yes: Hyper-Threading ,,,
Intel Xeon E3-1280,Intel ,BX80637E31280V2 ,Intel Xeon E3 ,Sandy Bridge ,Sandy Bridge ,LGA1155 ,4.0,8.0,3.5 GHz ,,1 MB ,8 MB ,95 W ,None ,,Yes ,Yes ,Boxed ,32 nm ,Yes ,Yes: Hyper-Threading ,,,
Intel Pentium G2130,Intel ,BX80637G2130 ,Intel Pentium ,Ivy Bridge ,Ivy Bridge ,LGA1155 ,2.0,2.0,3.2 GHz ,,0.5 MB ,3 MB ,55 W ,Intel HD Graphics ,,No ,Yes ,Boxed ,22 nm ,Yes ,No ,,,
Intel Pentium G2010,Intel ,BX80637G2010 ,Intel Pentium ,Ivy Bridge ,Ivy Bridge ,LGA1155 ,2.0,2.0,2.8 GHz ,,0.5 MB ,3 MB ,55 W ,Intel HD Graphics ,,No ,Yes ,Boxed ,22 nm ,Yes ,No ,,,
Intel Pentium G3430,Intel ,BX80646G3430 ,Intel Pentium ,Haswell ,Haswell ,LGA1150 ,2.0,2.0,3.3 GHz ,,0.5 MB ,3 MB ,54 W ,Intel HD Graphics ,,No ,Yes ,Boxed ,22 nm ,Yes ,No ,,,
Intel Pentium G2140,Intel ,BX80637G2140 ,Intel Pentium ,Ivy Bridge ,Ivy Bridge ,LGA1155 ,2.0,2.0,3.3 GHz ,,0.5 MB ,3 MB ,55 W ,Intel HD Graphics ,,No ,Yes ,Boxed ,22 nm ,Yes ,No ,,,
Intel Celeron G1830,Intel ,BX80646G1830 ,Intel Celeron ,Haswell ,Haswell ,LGA1150 ,2.0,2.0,2.8 GHz ,,5.75 MB ,2 MB ,53 W ,Intel HD Graphics ,,No ,Yes ,Boxed ,22 nm ,Yes ,No ,,,
Intel Xeon E5-2603 V2,Intel ,BX80635E52603V2 ,Intel Xeon E5 ,Ivy Bridge ,Ivy Bridge-EP ,LGA2011 ,4.0,4.0,1.8 GHz ,,1 MB ,10 MB ,80 W ,None ,,Yes ,No ,Boxed ,22 nm ,No ,No ,,,
AMD A4-4020,AMD ,AD4020OKHLBOX ,AMD A4 ,Piledriver ,Richland ,FM2 ,2.0,2.0,3.2 GHz ,3.4 GHz ,1 MB ,0 MB ,65 W ,Radeon HD 7480D ,,No ,No ,Boxed ,32 nm ,No ,No ,,,
AMD 5350,AMD ,AD5350JAH44HM ,AMD Athlon ,Jaguar ,Kabini ,AM1 ,4.0,4.0,2.05 GHz ,,2 MB ,0 MB ,25 W ,Radeon HD 8400 ,,No ,No ,OEM/Tray ,28 nm ,No ,No ,,,
Intel Celeron G1850,Intel ,BX80646G1850 ,Intel Celeron ,Haswell Refresh ,Haswell Refresh ,LGA1150 ,2.0,2.0,2.9 GHz ,,0.5 MB ,2 MB ,53 W ,Intel HD Graphics ,,No ,Yes ,Boxed ,22 nm ,Yes ,No ,,,
AMD A10-6700T,AMD ,AD670TYHA44HL ,AMD A10 ,Piledriver ,Richland ,FM2 ,4.0,4.0,2.5 GHz ,3.5 GHz ,4 MB ,0 MB ,45 W ,Radeon HD 8650D ,,No ,No ,OEM/Tray ,32 nm ,No ,No ,,,
AMD A10-6800B,AMD ,AD680BWOA44HL ,AMD A10 ,Piledriver ,Richland ,FM2 ,4.0,4.0,4.1 GHz ,4.4 GHz ,4 MB ,0 MB ,100 W ,Radeon HD 8670D ,,No ,No ,OEM/Tray ,32 nm ,No ,No ,,,
AMD A10-7850K,AMD ,AD785KXBI44JA ,AMD A10 ,Steamroller ,Kaveri ,FM2+ ,4.0,4.0,3.7 GHz ,4 GHz ,4 MB ,0 MB ,95 W ,Radeon R7 (on-die) ,,No ,No ,OEM/Tray ,28 nm ,No ,No ,,,
AMD A10-7700K,AMD ,AD770KXBI44JA ,AMD A10 ,Steamroller ,Kaveri ,FM2+ ,4.0,4.0,3.4 GHz ,3.8 GHz ,4 MB ,0 MB ,95 W ,Radeon R7 (on-die) ,,No ,Yes ,OEM/Tray ,28 nm ,Yes ,No ,,,
AMD A4-3300,AMD ,AD3300OJZ22HX ,AMD A4 ,Lynx ,Llano ,FM1 ,2.0,2.0,2.5 GHz ,,1 MB ,0 MB ,65 W ,Radeon HD 6410D ,,No ,No ,OEM/Tray ,32 nm ,No ,No ,,,
AMD A4-3400,AMD ,AD3400OJZ22HX ,AMD A4 ,Lynx ,Llano ,FM1 ,2.0,2.0,2.7 GHz ,,1 MB ,0 MB ,65 W ,Radeon HD 6410D ,,No ,No ,OEM/Tray ,32 nm ,No ,No ,,,
AMD A4-6300,AMD ,AD6300OKA23HL ,AMD A4 ,Piledriver ,Richland ,FM2 ,2.0,2.0,3.7 GHz ,3.9 GHz ,1 MB ,0 MB ,65 W ,Radeon HD 8370D ,,No ,No ,OEM/Tray ,32 nm ,No ,No ,,,
AMD A4-4000,AMD ,AD4000OKA23HL ,AMD A4 ,Piledriver ,Richland ,FM2 ,2.0,2.0,3 GHz ,,1 MB ,0 MB ,65 W ,Radeon HD 7480D ,,No ,No ,OEM/Tray ,32 nm ,No ,No ,,,
AMD A4-3450,AMD ,AD3450OJZ22HX ,AMD A4 ,Lynx ,Llano ,FM1 ,2.0,2.0,2.9 GHz ,,1 MB ,0 MB ,65 W ,None ,,No ,No ,OEM/Tray ,32 nm ,No ,No ,,,
AMD A6-7400K,AMD ,AD740KYBI23JA ,AMD A6 ,Steamroller ,Kaveri ,FM2+ ,2.0,2.0,3.5 GHz ,3.9 GHz ,1 MB ,0 MB ,65 W ,Radeon R5 (on die) ,,No ,No ,OEM/Tray ,28 nm ,No ,No ,,,
Intel Celeron G470,Intel ,BX80623G470 ,Intel Celeron ,Sandy Bridge ,Sandy Bridge ,LGA1155 ,1.0,2.0,2 GHz ,,0.25 MB ,1.5 MB ,35 W ,Intel HD Graphics ,,No ,Yes ,Boxed ,32 nm ,Yes ,Yes: Hyper-Threading ,,,
AMD FX-4100,AMD ,FD4100WMW4KGU ,AMD FX ,Bulldozer ,Zambezi ,AM3+ ,4.0,4.0,3.6 GHz ,,4 MB ,8 MB ,95 W ,None ,,No ,No ,OEM/Tray ,32 nm ,No ,No ,,,
AMD FX-4150,AMD ,FD4150WMW4KGU ,AMD FX ,Bulldozer ,Zambezi ,AM3+ ,4.0,4.0,4 GHz ,4.1 GHz ,4 MB ,4 MB ,125 W ,None ,,No ,No ,OEM/Tray ,32 nm ,No ,No ,,,
AMD FX-4170,AMD ,FD4170FRW4KGU ,AMD FX ,Bulldozer ,Zambezi ,AM3+ ,4.0,4.0,4.2 GHz ,,4 MB ,8 MB ,125 W ,None ,,No ,No ,OEM/Tray ,32 nm ,No ,No ,,,
AMD FX-6350,AMD ,FD6350FRW6KHK ,AMD FX ,Piledriver ,Vishera ,AM3+ ,6.0,6.0,3.9 GHz ,,6 MB ,8 MB ,125 W ,None ,,No ,No ,OEM/Tray ,32 nm ,No ,No ,,,
AMD Athlon II X2 221,AMD ,AD221XOJGXBOX ,AMD Athlon II X2 ,Lynx ,Llano ,FM1 ,2.0,2.0,2.8 GHz ,,1 MB ,0 MB ,65 W ,None ,,No ,Yes ,Boxed ,32 nm ,Yes ,No ,,,
AMD Athlon II X2 221,AMD ,AD221XOJZ22GX ,AMD Athlon II X2 ,Lynx ,Llano ,FM1 ,2.0,2.0,2.8 GHz ,,1 MB ,0 MB ,65 W ,None ,,No ,No ,OEM/Tray ,32 nm ,No ,No ,,,
AMD Athlon II X4 638,AMD ,AD638XOJZ43GX ,AMD Athlon II X4 ,Lynx ,Llano ,FM1 ,4.0,4.0,2.7 GHz ,,4 MB ,0 MB ,65 W ,None ,,No ,No ,OEM/Tray ,32 nm ,No ,No ,,,
AMD E2-3200,AMD ,ED3200OJZ22GX ,AMD E2-Series ,Lynx ,Llano ,FM1 ,2.0,2.0,2.4 GHz ,,1 MB ,0 MB ,65 W ,Radeon HD 6370D ,,No ,No ,OEM/Tray ,32 nm ,No ,No ,,,
Intel Xeon E5-2687W,Intel ,CM8062107184308 ,Intel Xeon E5 ,Sandy Bridge ,Sandy Bridge-EP ,LGA2011 ,8.0,16.0,3.1 GHz ,3.8 GHz ,2 MB ,20 MB ,150 W ,None ,,Yes ,No ,OEM/Tray ,32 nm ,No ,Yes: Hyper-Threading ,,,
AMD A8-7600,AMD ,AD7600YBI44JA ,AMD A8 ,Steamroller ,Kaveri ,FM2+ ,4.0,4.0,3.1 GHz ,3.8 GHz ,4 MB ,0 MB ,65 W ,Radeon R7 (on-die) ,,No ,No ,OEM/Tray ,28 nm ,No ,No ,,,
AMD FX-8320E,AMD ,FD832EWMW8KHK ,AMD FX ,Piledriver ,Vishera ,AM3+ ,8.0,8.0,3.2 GHz ,4 GHz ,8 MB ,8 MB ,95 W ,None ,,Yes ,No ,OEM/Tray ,32 nm ,No ,No ,,,
AMD FX-8370E,AMD ,FD837EWMW8KHK ,AMD FX ,Piledriver ,Vishera ,AM3+ ,8.0,8.0,3.3 GHz ,4.3 GHz ,8 MB ,8 MB ,95 W ,None ,,No ,No ,OEM/Tray ,32 nm ,No ,No ,,,
AMD Athlon X4 530,AMD ,AD530XJAH44HM ,AMD Athlon X4 ,Jaguar ,Kabini ,AM1 ,4.0,4.0,2 GHz ,,2 MB ,0 MB ,25 W ,None ,,No ,No ,OEM/Tray ,28 nm ,No ,No ,,,
AMD Pro A4-7300B,AMD ,AD730BOKA23HL ,AMD A4 ,Piledriver ,Richland ,FM2 ,2.0,2.0,3.8 GHz ,4 GHz ,1 MB ,0 MB ,65 W ,Radeon HD 8470D ,,No ,No ,OEM/Tray ,32 nm ,No ,No ,,,
AMD Athlon X2 350,AMD ,AD350XOKA23HL ,AMD Athlon X2 ,Piledriver ,Richland ,FM2 ,2.0,2.0,3.5 GHz ,3.9 GHz ,1 MB ,0 MB ,65 W ,None ,,No ,No ,OEM/Tray ,32 nm ,No ,No ,,,
AMD Athlon X4 840,AMD ,AD840XYBI44JA ,AMD Athlon X4 ,Steamroller ,Kaveri ,FM2+ ,4.0,4.0,3.1 GHz ,3.8 GHz ,4 MB ,0 MB ,65 W ,None ,,No ,No ,OEM/Tray ,28 nm ,No ,No ,,,
AMD Athlon X2 450,AMD ,AD450XYBI23JA ,AMD Athlon X2 ,Steamroller ,Kaveri ,FM2+ ,2.0,2.0,3.5 GHz ,3.9 GHz ,1 MB ,0 MB ,65 W ,None ,,No ,No ,OEM/Tray ,28 nm ,No ,No ,,,
AMD Phenom II X4 B99,AMD ,HDXB99WFK4DGM ,AMD Phenom II X4 ,K10 ,Deneb ,AM3 ,4.0,4.0,3.3 GHz ,,2 MB ,6 MB ,95 W ,None ,,No ,No ,OEM/Tray ,45 nm ,No ,No ,,,
Intel Pentium G3250,Intel ,CM8064601482514 ,Intel Pentium ,Haswell Refresh ,Haswell Refresh ,LGA1150 ,2.0,2.0,3.2 GHz ,,0.5 MB ,3 MB ,53 W ,Intel HD Graphics ,,No ,No ,OEM/Tray ,22 nm ,No ,No ,,,
Intel Pentium G3250,Intel ,CM8064601562019 ,Intel Pentium ,Haswell Refresh ,Haswell Refresh ,LGA1150 ,2.0,2.0,3.2 GHz ,,0.5 MB ,3 MB ,53 W ,Intel HD Graphics ,,No ,No ,OEM/Tray ,22 nm ,No ,No ,,,
Intel Pentium G3250T,Intel ,CM8064601483718 ,Intel Pentium ,Haswell Refresh ,Haswell Refresh ,LGA1150 ,2.0,2.0,2.8 GHz ,,0.5 MB ,3 MB ,35 W ,Intel HD Graphics ,,No ,No ,OEM/Tray ,22 nm ,No ,No ,,,
Intel Xeon E5-2609 V3,Intel ,CM8064401850800 ,Intel Xeon E5 ,Haswell ,Haswell-EP ,LGA2011-3 ,6.0,6.0,1.9 GHz ,,1.5 MB ,15 MB ,85 W ,None ,,Yes ,No ,OEM/Tray ,22 nm ,No ,No ,,,
Intel Xeon E5-2650 V3,Intel ,CM8064401723701 ,Intel Xeon E5 ,Haswell ,Haswell-EP ,LGA2011-3 ,10.0,20.0,2.3 GHz ,3 GHz ,2.5 MB ,25 MB ,105 W ,None ,,Yes ,No ,OEM/Tray ,22 nm ,No ,Yes: Hyper-Threading ,,,
Intel Xeon E5-2695 V3,Intel ,BX80644E52695V3 ,Intel Xeon E5 ,Haswell ,Haswell-EP ,LGA2011-3 ,14.0,28.0,2.3 GHz ,3.3 GHz ,3.5 MB ,35 MB ,120 W ,None ,,Yes ,No ,Boxed ,22 nm ,No ,Yes: Hyper-Threading ,,,
Intel Xeon E5-2685 V3,Intel ,CM8064401684201 ,Intel Xeon E5 ,Haswell ,Haswell-EP ,LGA2011-3 ,12.0,24.0,2.6 GHz ,3.3 GHz ,3 MB ,30 MB ,120 W ,None ,,Yes ,No ,OEM/Tray ,22 nm ,No ,Yes: Hyper-Threading ,,,
AMD Phenom II X6 1065T,AMD ,HDT65TWFRBOX ,AMD Phenom II X6 ,K10 ,Thuban ,AM3 ,6.0,6.0,2.7 GHz ,,3 MB ,6 MB ,95 W ,None ,,No ,Yes ,Boxed ,45 nm ,Yes ,No ,,,
Intel Core i3-3240,Intel ,CM8063701137900 ,Intel Core i3 ,Ivy Bridge ,Ivy Bridge ,LGA1155 ,2.0,4.0,3.4 GHz ,,0.5 MB ,3 MB ,55 W ,Intel HD Graphics 2500 ,,No ,No ,OEM/Tray ,22 nm ,No ,Yes: Hyper-Threading ,,,
Intel Xeon E5-2603 V2,Intel ,CM8063501375902 ,Intel Xeon E5 ,Ivy Bridge ,Ivy Bridge-EP ,LGA2011 ,4.0,4.0,1.8 GHz ,,1 MB ,10 MB ,80 W ,None ,,Yes ,No ,OEM/Tray ,22 nm ,No ,No ,,,
Intel Xeon E3-1245 V3,Intel ,CM8064601466509 ,Intel Xeon E3 ,Haswell ,Haswell ,LGA1150 ,4.0,8.0,3.4 GHz ,3.8 GHz ,1 MB ,8 MB ,84 W ,Intel HD Graphics P4600 ,,Yes ,No ,OEM/Tray ,22 nm ,No ,Yes: Hyper-Threading ,,,
AMD FX-8310,AMD ,FD8310WMHKSBX ,AMD FX ,Piledriver ,Vishera ,AM3+ ,8.0,8.0,3.4 GHz ,4.3 GHz ,8 MB ,8 MB ,95 W ,None ,,No ,Yes ,Boxed ,32 nm ,Yes ,No ,,,
Intel Core i5-4570S,Intel ,CM8064601465605 ,Intel Core i5 ,Haswell ,Haswell ,LGA1150 ,4.0,4.0,2.9 GHz ,,1 MB ,6 MB ,65 W ,Intel HD Graphics 4600 ,,No ,No ,OEM/Tray ,22 nm ,No ,No ,,,
Intel Core i5-4670S,Intel ,CM8064601465703 ,Intel Core i5 ,Haswell ,Haswell ,LGA1150 ,4.0,4.0,3.1 GHz ,3.8 GHz ,1 MB ,6 MB ,65 W ,Intel HD Graphics 4600 ,,No ,No ,OEM/Tray ,22 nm ,No ,No ,,,
AMD A10-7870K,AMD ,AD787KXDI44JC ,AMD A10 ,Steamroller ,Godavari ,FM2+ ,4.0,4.0,3.9 GHz ,4.1 GHz ,4 MB ,0 MB ,95 W ,Radeon R7 (on-die) ,,No ,No ,OEM/Tray ,28 nm ,No ,No ,,,
Intel Core i3-6320,Intel ,CM8066201926904 ,Intel Core i3 ,Skylake ,Skylake-S ,LGA1151 ,2.0,4.0,3.9 GHz ,,0.5 MB ,4 MB ,51 W ,Intel HD Graphics 530 ,64 GB ,Yes ,No ,OEM/Tray ,14 nm ,No ,Yes: Hyper-Threading ,,,
Intel Core i3-6300T,Intel ,CM8066201927004 ,Intel Core i3 ,Skylake ,Skylake-S ,LGA1151 ,2.0,4.0,3.3 GHz ,,0.5 MB ,4 MB ,35 W ,Intel HD Graphics 530 ,64 GB ,Yes ,No ,OEM/Tray ,14 nm ,No ,Yes: Hyper-Threading ,,,
Intel Pentium G4500,Intel ,CM8066201927319 ,Intel Pentium ,Skylake ,Skylake-S ,LGA1151 ,2.0,2.0,3.5 GHz ,,0.5 MB ,3 MB ,51 W ,Intel HD Graphics 530 ,64 GB ,Yes ,No ,OEM/Tray ,14 nm ,No ,No ,,,
Intel Pentium G4520,Intel ,CM8066201927407 ,Intel Pentium ,Skylake ,Skylake-S ,LGA1151 ,2.0,2.0,3.6 GHz ,,0.5 MB ,3 MB ,51 W ,Intel HD Graphics 530 ,64 GB ,Yes ,No ,OEM/Tray ,14 nm ,No ,No ,,,
Intel Pentium G4400T,Intel ,CM8066201927506 ,Intel Pentium ,Skylake ,Skylake-S ,LGA1151 ,2.0,2.0,2.9 GHz ,,0.5 MB ,3 MB ,35 W ,Intel HD Graphics 510 ,64 GB ,Yes ,No ,OEM/Tray ,14 nm ,No ,No ,,,
Intel Xeon E3-1220 V5,Intel ,BX80662E31220V5 ,Intel Xeon E3 ,Skylake ,Skylake-H ,LGA1151 ,4.0,4.0,3 GHz ,3.5 GHz ,1 MB ,8 MB ,80 W ,None ,64 GB ,Yes ,Yes ,Boxed ,14 nm ,Yes ,No ,,,
Intel Xeon E3-1280 V5,Intel ,CM8066201921607 ,Intel Xeon E3 ,Skylake ,Skylake-H ,LGA1151 ,4.0,8.0,3.7 GHz ,4 GHz ,1 MB ,8 MB ,80 W ,None ,64 GB ,Yes ,No ,OEM/Tray ,14 nm ,No ,Yes: Hyper-Threading ,,,
Intel Xeon E3-1240 V5,Intel ,CM8066201921715 ,Intel Xeon E3 ,Skylake ,Skylake-H ,LGA1151 ,4.0,8.0,3.5 GHz ,3.9 GHz ,1 MB ,8 MB ,80 W ,None ,64 GB ,Yes ,No ,OEM/Tray ,14 nm ,No ,Yes: Hyper-Threading ,,,
AMD Opteron 6328,AMD ,OS6328WKT8GHKWOF ,AMD Opteron ,Piledriver ,Abu Dhabi ,G34 ,8.0,8.0,3.2 GHz ,3.8 GHz ,8 MB ,16 MB ,115 W ,None ,,No ,No ,Boxed ,32 nm ,No ,No ,,,
Intel Pentium G3260,Intel ,CM8064601482506 ,Intel Pentium ,Haswell Refresh ,Haswell Refresh ,LGA1150 ,2.0,2.0,3.3 GHz ,,0.5 MB ,3 MB ,53 W ,Intel HD Graphics ,,No ,No ,OEM/Tray ,22 nm ,No ,No ,,,
AMD A6-7470K,AMD ,AD747KYBJCBOX ,AMD A6 ,Steamroller ,Godavari ,FM2+ ,2.0,2.0,3.7 GHz ,4 GHz ,1 MB ,0 MB ,65 W ,Radeon R5 (on die) ,,No ,Yes ,Boxed ,28 nm ,Yes ,No ,,,
AMD Athlon 5370,AMD ,AD5370JAH44HM ,AMD Athlon ,Jaguar ,Kabini ,AM1 ,4.0,4.0,2.2 GHz ,,2 MB ,0 MB ,25 W ,Radeon R3 (on die) ,,No ,No ,OEM/Tray ,28 nm ,No ,No ,,,
Intel Core i7-6950X,Intel ,BXC80671I76950X ,Intel Core i7 Extreme ,Broadwell ,Broadwell-E ,LGA2011-3 ,10.0,20.0,3 GHz ,3.5 GHz ,2.5 MB ,25 MB ,140 W ,None ,,No ,No ,Boxed ,14 nm ,No ,Yes: Hyper-Threading ,,,
Intel Core i3-7101TE,Intel ,CM8067702867061 ,Intel Core i3 ,Kaby Lake ,Kaby Lake-S ,LGA1151 ,2.0,4.0,3.4 GHz ,,0.5 MB ,3 MB ,35 W ,Intel HD Graphics 610 ,64 GB ,Yes ,No ,OEM/Tray ,14 nm ,No ,Yes: Hyper-Threading ,,,
Intel Core i3-7300T,Intel ,CM8067703015810 ,Intel Core i3 ,Kaby Lake ,Kaby Lake-S ,LGA1151 ,2.0,4.0,3.5 GHz ,,0.5 MB ,4 MB ,35 W ,Intel HD Graphics 630 ,64 GB ,Yes ,No ,OEM/Tray ,14 nm ,No ,Yes: Hyper-Threading ,,,
Intel Core i5-7600T,Intel ,BXC80677I57600T ,Intel Core i5 ,Kaby Lake ,Kaby Lake-S ,LGA1151 ,4.0,4.0,2.8 GHz ,3.7 GHz ,1 MB ,6 MB ,35 W ,Intel HD Graphics 630 ,64 GB ,No ,Yes ,Boxed ,14 nm ,Yes ,No ,,,
AMD A8-7670K,AMD ,AD767KXBJCSBX ,AMD A8 ,Steamroller ,Godavari ,FM2+ ,4.0,4.0,3.6 GHz ,3.9 GHz ,4 MB ,0 MB ,95 W ,Radeon R7 (on-die) ,,No ,Yes ,Boxed ,28 nm ,Yes ,No ,,,
Intel Xeon E3-1225 V6,Intel ,CM8067702871024 ,Intel Xeon E3 ,Kaby Lake ,Kaby Lake-S ,LGA1151 ,4.0,4.0,3.3 GHz ,3.7 GHz ,1 MB ,8 MB ,73 W ,Intel HD Graphics P630 ,64 GB ,Yes ,No ,OEM/Tray ,14 nm ,No ,No ,,,
Intel Xeon E3-1270 V6,Intel ,BX80677E31270V6 ,Intel Xeon E3 ,Kaby Lake ,Kaby Lake-S ,LGA1151 ,4.0,8.0,3.8 GHz ,4.2 GHz ,1 MB ,8 MB ,72 W ,None ,64 GB ,Yes ,Yes ,Boxed ,14 nm ,Yes ,Yes: Hyper-Threading ,,,
AMD A6-9550,AMD ,AD9550AGM23AB ,AMD A6 ,Excavator ,Bristol Ridge ,AM4 ,2.0,2.0,3.8 GHz ,4 GHz ,1 MB ,0 MB ,65 W ,Radeon R5 (on die) ,,No ,No ,OEM/Tray ,28 nm ,No ,No ,,,
Intel Core i5-3550S,Intel ,CM8063701095203 ,Intel Core i5 ,Ivy Bridge ,Ivy Bridge ,LGA1155 ,4.0,4.0,3 GHz ,3.7 GHz ,1 MB ,6 MB ,65 W ,Intel HD Graphics 2500 ,,No ,No ,OEM/Tray ,22 nm ,No ,No ,,,
Intel Core i7-870S,Intel ,BV80605004494AB ,Intel Core i7 ,Nehalem ,Lynnfield ,LGA1156 ,4.0,8.0,2.667 GHz ,,1 MB ,8 MB ,82 W ,None ,16 GB ,No ,No ,OEM/Tray ,45 nm ,No ,Yes: Hyper-Threading ,,,
Intel Core i7-870S,Intel ,BX80605I7870S ,Intel Core i7 ,Nehalem ,Lynnfield ,LGA1156 ,4.0,8.0,2.667 GHz ,,1 MB ,8 MB ,82 W ,None ,16 GB ,No ,Yes ,Boxed ,45 nm ,Yes ,Yes: Hyper-Threading ,,,
Intel Pentium Gold G5500,Intel ,CM8068403377611 ,Intel Pentium Gold ,Coffee Lake ,Coffee Lake ,LGA1151 ,2.0,4.0,3.8 GHz ,,0.5 MB ,4 MB ,54 W ,Intel UHD Graphics 630 ,64 GB ,Yes ,No ,OEM/Tray ,14 nm ,No ,Yes: Hyper-Threading ,,,
Intel Core i3-4360,Intel ,CM8064601482461 ,Intel Core i3 ,Haswell Refresh ,Haswell Refresh ,LGA1150 ,2.0,4.0,3.7 GHz ,,0.5 MB ,4 MB ,54 W ,Intel HD Graphics 4600 ,,Yes ,No ,OEM/Tray ,22 nm ,No ,Yes: Hyper-Threading ,,,
Intel Xeon E5-2665,Intel ,CM8062101143101 ,Intel Xeon E5 ,Sandy Bridge ,Sandy Bridge-EP ,LGA2011 ,8.0,16.0,2.4 GHz ,3.1 GHz ,2 MB ,20 MB ,115 W ,None ,,Yes ,No ,OEM/Tray ,32 nm ,No ,Yes: Hyper-Threading ,,,
Intel Xeon E5-2660,Intel ,SR0KK ,Intel Xeon E5 ,Sandy Bridge ,Sandy Bridge-EP ,LGA2011 ,8.0,16.0,2.2 GHz ,3 GHz ,2 MB ,20 MB ,95 W ,None ,,Yes ,No ,OEM/Tray ,32 nm ,No ,Yes: Hyper-Threading ,,,
Intel Core i3-9320,Intel ,BX80684I39320 ,Intel Core i3 ,Coffee Lake Refresh ,Coffee Lake Refresh ,LGA1151 ,4.0,4.0,3.7 GHz ,4.4 GHz ,1 MB ,8 MB ,62 W ,None ,64 GB ,Yes ,Yes ,Boxed ,14 nm ,Yes ,No ,,,
Intel Xeon E-2174G,Intel ,BX80684E2174G ,Intel Xeon E ,Coffee Lake ,Coffee Lake ,LGA1151 ,4.0,8.0,3.8 GHz ,4.7 GHz ,1 MB ,8 MB ,71 W ,Intel HD Graphics P630 ,64 GB ,Yes ,No ,Boxed ,14 nm ,No ,Yes: Hyper-Threading ,,,
Intel Pentium Gold G6600,Intel ,CM8070104291510 ,Intel Pentium Gold ,Comet Lake ,Comet Lake ,LGA1200 ,2.0,4.0,4.2 GHz ,,0.5 MB ,4 MB ,58 W ,Intel UHD Graphics 630 ,128 GB ,No ,No ,OEM/Tray ,14 nm ,No ,Yes: Hyper-Threading ,,,
AMD Athlon II X2 260,AMD ,ADX260OCGMBOX ,AMD Athlon II X2 ,K10 ,Regor ,AM3 ,2.0,2.0,3.2 GHz ,,2 MB ,0 MB ,65 W ,None ,,No ,Yes ,Boxed ,45 nm ,Yes ,No ,,,
AMD Athlon II X3 425,AMD ,ADX425WFGIBOX ,AMD Athlon II X3 ,K10 ,Rana ,AM3 ,3.0,3.0,2.7 GHz ,,1.5 MB ,0 MB ,95 W ,None ,,No ,Yes ,Boxed ,45 nm ,Yes ,No ,,,
Intel Celeron 430,Intel ,BX50887430 ,Intel Celeron ,Core ,Conroe ,LGA775 ,1.0,1.0,1.8 GHz ,,0.5 MB ,0 MB ,35 W ,None ,,No ,Yes ,Boxed ,65 nm ,Yes ,No ,,,
AMD Athlon II X3 435,AMD ,ADX435WFGIBOX ,AMD Athlon II X3 ,K10 ,Rana ,AM3 ,3.0,3.0,2.9 GHz ,,1.5 MB ,0 MB ,95 W ,None ,,No ,Yes ,Boxed ,45 nm ,Yes ,No ,,,
AMD Athlon II X3 435,AMD ,ADX435WFGMBOX ,AMD Athlon II X3 ,K10 ,Rana ,AM3 ,3.0,3.0,2.9 GHz ,,1.5 MB ,0 MB ,95 W ,None ,,No ,Yes ,Boxed ,45 nm ,Yes ,No ,,,
AMD Athlon II X3 440,AMD ,ADX440WFGIBOX ,AMD Athlon II X3 ,K10 ,Rana ,AM3 ,3.0,3.0,3 GHz ,,1.5 MB ,0 MB ,95 W ,None ,,No ,Yes ,Boxed ,45 nm ,Yes ,No ,,,
Intel Celeron 450,Intel ,HH80557RG049512 ,Intel Celeron ,Core ,Conroe ,LGA775 ,1.0,1.0,2.2 GHz ,,0.5 MB ,0 MB ,35 W ,None ,,No ,No ,OEM/Tray ,65 nm ,No ,No ,,,
AMD Athlon II X4 635,AMD ,ADX635WFGIBOX ,AMD Athlon II X4 ,K10 ,Propus ,AM3 ,4.0,4.0,2.9 GHz ,,2 MB ,0 MB ,95 W ,None ,,No ,Yes ,Boxed ,45 nm ,Yes ,No ,,,
AMD Athlon II X4 635,AMD ,ADX635WFGMBOX ,AMD Athlon II X4 ,K10 ,Propus ,AM3 ,4.0,4.0,2.9 GHz ,,2 MB ,0 MB ,95 W ,None ,,No ,Yes ,Boxed ,45 nm ,Yes ,No ,,,
AMD Phenom II X4 805,AMD ,HDX805WFGIBOX ,AMD Phenom II X4 ,K10 ,Deneb ,AM3 ,4.0,4.0,2.5 GHz ,,2 MB ,4 MB ,95 W ,None ,,No ,Yes ,Boxed ,45 nm ,Yes ,No ,,,
AMD Phenom II X4 910,AMD ,HDX910WFGIBOX ,AMD Phenom II X4 ,K10 ,Deneb ,AM3 ,4.0,4.0,2.6 GHz ,,2 MB ,6 MB ,95 W ,None ,,No ,Yes ,Boxed ,45 nm ,Yes ,No ,,,
AMD Phenom II X6 1055T,AMD ,HDT55TWFGRBOX ,AMD Phenom II X6 ,K10 ,Thuban ,AM3 ,6.0,6.0,2.8 GHz ,,3 MB ,6 MB ,125 W ,None ,,No ,Yes ,Boxed ,45 nm ,Yes ,No ,,,
AMD Athlon II X2 260u,AMD ,AD260USCK23GQ ,AMD Athlon II X2 ,K10 ,Regor ,AM3 ,2.0,2.0,1.8 GHz ,,2 MB ,0 MB ,25 W ,None ,,No ,No ,OEM/Tray ,45 nm ,No ,No ,,,
AMD Athlon II X3 405e,AMD ,AD405EHDGIBOX ,AMD Athlon II X3 ,K10 ,Rana ,AM3 ,3.0,3.0,2.3 GHz ,,1.5 MB ,0 MB ,45 W ,None ,,No ,Yes ,Boxed ,45 nm ,Yes ,No ,,,
AMD Athlon II X3 405e,AMD ,AD405EHDGMBOX ,AMD Athlon II X3 ,K10 ,Rana ,AM3 ,3.0,3.0,2.3 GHz ,,1.5 MB ,0 MB ,45 W ,None ,,No ,Yes ,Boxed ,45 nm ,Yes ,No ,,,
AMD Athlon II X4 605e,AMD ,AD605EHDGIBOX ,AMD Athlon II X4 ,K10 ,Propus ,AM3 ,4.0,4.0,2.3 GHz ,,2 MB ,0 MB ,45 W ,None ,,No ,Yes ,Boxed ,45 nm ,Yes ,No ,,,
AMD Phenom II X3 705e,AMD ,HD705EOCGIBOX ,AMD Phenom II X3 ,K10 ,Heka ,AM3 ,3.0,3.0,2.5 GHz ,,1.5 MB ,6 MB ,65 W ,None ,,No ,Yes ,Boxed ,45 nm ,Yes ,No ,,,
AMD Phenom II X3 720 Black,AMD ,HDZ720WFGIBOX ,AMD Phenom II X3 ,K10 ,Heka ,AM3 ,3.0,3.0,2.8 GHz ,,1.5 MB ,6 MB ,95 W ,None ,,No ,Yes ,Boxed ,45 nm ,Yes ,No ,,,
AMD Phenom II X4 910e,AMD ,HD910EOCGMBOX ,AMD Phenom II X4 ,K10 ,Deneb ,AM3 ,4.0,4.0,2.6 GHz ,,2 MB ,6 MB ,65 W ,None ,,No ,Yes ,Boxed ,45 nm ,Yes ,No ,,,
Intel Celeron E1200,Intel ,HH80557PG025D ,Intel Celeron ,Core ,Conroe ,LGA775 ,2.0,2.0,1.6 GHz ,,0.5 MB ,0 MB ,65 W ,None ,,No ,No ,OEM/Tray ,65 nm ,No ,No ,,,
Intel Celeron E1400,Intel ,HH80557PG041D ,Intel Celeron ,Core ,Conroe ,LGA775 ,2.0,2.0,2 GHz ,,0.5 MB ,0 MB ,65 W ,None ,,No ,No ,OEM/Tray ,65 nm ,No ,No ,,,
Intel Celeron E1500,Intel ,HH80557PG049D ,Intel Celeron ,Core ,Conroe ,LGA775 ,2.0,2.0,2.2 GHz ,,0.5 MB ,0 MB ,65 W ,None ,,No ,No ,OEM/Tray ,65 nm ,No ,No ,,,
Intel Pentium E2160,Intel ,BX80557E2160R ,Intel Pentium ,Core ,Conroe ,LGA775 ,2.0,2.0,1.8 GHz ,,1 MB ,0 MB ,65 W ,None ,,No ,Yes ,Boxed ,65 nm ,Yes ,No ,,,
Intel Pentium E2180,Intel ,80557E2180 ,Intel Pentium ,Core ,Conroe ,LGA775 ,2.0,2.0,2 GHz ,,1 MB ,0 MB ,65 W ,None ,,No ,No ,OEM/Tray ,65 nm ,No ,No ,,,
Intel Celeron E3200,Intel ,AT80571RG0561ML ,Intel Celeron ,Wolfdale ,Wolfdale ,LGA775 ,2.0,2.0,2.4 GHz ,,1 MB ,0 MB ,65 W ,None ,,No ,No ,OEM/Tray ,45 nm ,No ,No ,,,
Intel Celeron E3200,Intel ,BX80571E3200 ,Intel Celeron ,Wolfdale ,Wolfdale ,LGA775 ,2.0,2.0,2.4 GHz ,,1 MB ,0 MB ,65 W ,None ,,No ,Yes ,Boxed ,45 nm ,Yes ,No ,,,
Intel Celeron E3300,Intel ,AT80571RG0601ML ,Intel Celeron ,Wolfdale ,Wolfdale ,LGA775 ,2.0,2.0,2.5 GHz ,,1 MB ,0 MB ,65 W ,None ,,No ,No ,OEM/Tray ,45 nm ,No ,No ,,,
Intel Core 2 Duo E4500,Intel ,HH80557PG0492M ,Intel Core 2 Duo ,Core ,Conroe ,LGA775 ,2.0,2.0,2.2 GHz ,,2 MB ,0 MB ,65 W ,None ,,No ,No ,OEM/Tray ,65 nm ,No ,No ,,,
Intel Pentium E5400,Intel ,AT80571PG0682M ,Intel Pentium ,Wolfdale ,Wolfdale ,LGA775 ,2.0,2.0,2.7 GHz ,,2 MB ,0 MB ,65 W ,None ,,No ,No ,OEM/Tray ,45 nm ,No ,No ,,,
Intel Pentium E5400,Intel ,AT80571PG0682ML ,Intel Pentium ,Wolfdale ,Wolfdale ,LGA775 ,2.0,2.0,2.7 GHz ,,2 MB ,0 MB ,65 W ,None ,,No ,No ,OEM/Tray ,45 nm ,No ,No ,,,
Intel Pentium E5500,Intel ,AT80571PG0722ML ,Intel Pentium ,Wolfdale ,Wolfdale ,LGA775 ,2.0,2.0,2.8 GHz ,,2 MB ,0 MB ,65 W ,None ,,No ,No ,OEM/Tray ,45 nm ,No ,No ,,,
Intel Core 2 Duo E6420,Intel ,BX80557E6420 ,Intel Core 2 Duo ,Core ,Conroe ,LGA775 ,2.0,2.0,2.13 GHz ,,4 MB ,0 MB ,65 W ,None ,,No ,Yes ,Boxed ,65 nm ,Yes ,No ,,,
Intel Core 2 Duo E6540,Intel ,HH80557PJ0534M ,Intel Core 2 Duo ,Core ,Conroe ,LGA775 ,2.0,2.0,2.33 GHz ,,4 MB ,0 MB ,65 W ,None ,,No ,No ,OEM/Tray ,65 nm ,No ,No ,,,
Intel Core 2 Duo E6550,Intel ,BX80557E6550R ,Intel Core 2 Duo ,Core ,Conroe ,LGA775 ,2.0,2.0,2.33 GHz ,,4 MB ,0 MB ,65 W ,None ,,No ,Yes ,Boxed ,65 nm ,Yes ,No ,,,
Intel Core 2 Duo E6750,Intel ,BX80557E6750 ,Intel Core 2 Duo ,Core ,Conroe ,LGA775 ,2.0,2.0,2.66 GHz ,,4 MB ,0 MB ,65 W ,None ,,No ,Yes ,Boxed ,65 nm ,Yes ,No ,,,
Intel Core 2 Duo E7200,Intel ,EU80571PH0613M ,Intel Core 2 Duo ,Wolfdale ,Wolfdale ,LGA775 ,2.0,2.0,2.53 GHz ,,3 MB ,0 MB ,65 W ,None ,,No ,No ,OEM/Tray ,45 nm ,No ,No ,,,
Intel Core 2 Duo E7500,Intel ,AT80571PH0773M ,Intel Core 2 Duo ,Wolfdale ,Wolfdale ,LGA775 ,2.0,2.0,2.93 GHz ,,3 MB ,0 MB ,65 W ,None ,,No ,No ,OEM/Tray ,45 nm ,No ,No ,,,
Intel Core 2 Duo E7500,Intel ,AT80571PH0773ML ,Intel Core 2 Duo ,Wolfdale ,Wolfdale ,LGA775 ,2.0,2.0,2.93 GHz ,,3 MB ,0 MB ,65 W ,None ,,No ,No ,OEM/Tray ,45 nm ,No ,No ,,,
Intel Core 2 Duo E7600,Intel ,BX80571E7600 ,Intel Core 2 Duo ,Wolfdale ,Wolfdale ,LGA775 ,2.0,2.0,3.06 GHz ,,3 MB ,0 MB ,65 W ,None ,,No ,Yes ,Boxed ,45 nm ,Yes ,No ,,,
Intel Core 2 Duo E8190,Intel ,EU80570PJ0676MN ,Intel Core 2 Duo ,Wolfdale ,Wolfdale ,LGA775 ,2.0,2.0,2.66 GHz ,,6 MB ,0 MB ,65 W ,None ,,No ,No ,OEM/Tray ,45 nm ,No ,No ,,,
Intel Core 2 Duo E8200,Intel ,BX80570E8200A ,Intel Core 2 Duo ,Wolfdale ,Wolfdale ,LGA775 ,2.0,2.0,2.66 GHz ,,6 MB ,0 MB ,65 W ,None ,,No ,Yes ,Boxed ,45 nm ,Yes ,No ,,,
Intel Core 2 Duo E8200,Intel ,EU80570PJ0676M ,Intel Core 2 Duo ,Wolfdale ,Wolfdale ,LGA775 ,2.0,2.0,2.66 GHz ,,6 MB ,0 MB ,65 W ,None ,,No ,No ,OEM/Tray ,45 nm ,No ,No ,,,
Intel Core 2 Duo E8400,Intel ,BX80570E8400A ,Intel Core 2 Duo ,Wolfdale ,Wolfdale ,LGA775 ,2.0,2.0,3 GHz ,,6 MB ,0 MB ,65 W ,None ,,No ,Yes ,Boxed ,45 nm ,Yes ,No ,,,
Intel Core 2 Duo E8500,Intel ,AT80570PJ0876M ,Intel Core 2 Duo ,Wolfdale ,Wolfdale ,LGA775 ,2.0,2.0,3.16 GHz ,,6 MB ,0 MB ,65 W ,None ,,No ,No ,OEM/Tray ,45 nm ,No ,No ,,,
Intel Core 2 Duo E8500,Intel ,BX80570E8500A ,Intel Core 2 Duo ,Wolfdale ,Wolfdale ,LGA775 ,2.0,2.0,3.16 GHz ,,6 MB ,0 MB ,65 W ,None ,,No ,Yes ,Boxed ,45 nm ,Yes ,No ,,,
Intel Pentium G6950,Intel ,BX80616G6950 ,Intel Pentium ,Westmere ,Clarkdale ,LGA1156 ,2.0,2.0,2.8 GHz ,,0.5 MB ,3 MB ,73 W ,Intel HD Graphics ,,No ,Yes ,Boxed ,32 nm ,Yes ,No ,,,
Intel Core i5-750S,Intel ,BV80605003213AH ,Intel Core i5 ,Nehalem ,Lynnfield ,LGA1156 ,4.0,4.0,2.4 GHz ,,1 MB ,8 MB ,82 W ,None ,,No ,No ,OEM/Tray ,45 nm ,No ,No ,,,
Intel Core i5-750S,Intel ,BX80605I5750S ,Intel Core i5 ,Nehalem ,Lynnfield ,LGA1156 ,4.0,4.0,2.4 GHz ,,1 MB ,8 MB ,82 W ,None ,,No ,Yes ,Boxed ,45 nm ,Yes ,No ,,,
Intel Core i7-940,Intel ,AT80601000921AA ,Intel Core i7 ,Nehalem ,Bloomfield ,LGA1366 ,4.0,8.0,2.93 GHz ,,1 MB ,8 MB ,130 W ,None ,,No ,No ,OEM/Tray ,45 nm ,No ,Yes: Hyper-Threading ,,,
Intel Core 2 Quad Q8200,Intel ,AT80580PJ0534MN ,Intel Core 2 Quad ,Yorkfield ,Yorkfield ,LGA775 ,4.0,4.0,2.33 GHz ,,4 MB ,0 MB ,95 W ,None ,,No ,No ,OEM/Tray ,45 nm ,No ,No ,,,
Intel Core 2 Quad Q8200,Intel ,EU80580PJ0534MN ,Intel Core 2 Quad ,Yorkfield ,Yorkfield ,LGA775 ,4.0,4.0,2.33 GHz ,,4 MB ,0 MB ,95 W ,None ,,No ,No ,OEM/Tray ,45 nm ,No ,No ,,,
Intel Core 2 Quad Q8200S,Intel ,AT80580AJ0534MN ,Intel Core 2 Quad ,Yorkfield ,Yorkfield ,LGA775 ,4.0,4.0,2.33 GHz ,,4 MB ,0 MB ,65 W ,None ,,No ,No ,OEM/Tray ,45 nm ,No ,No ,,,
Intel Core 2 Quad Q8200S,Intel ,BX80580Q8200S ,Intel Core 2 Quad ,Yorkfield ,Yorkfield ,LGA775 ,4.0,4.0,2.33 GHz ,,4 MB ,0 MB ,65 W ,None ,,No ,Yes ,Boxed ,45 nm ,Yes ,No ,,,
Intel Core 2 Quad Q8400,Intel ,AT80580PJ0674ML ,Intel Core 2 Quad ,Yorkfield ,Yorkfield ,LGA775 ,4.0,4.0,2.66 GHz ,,4 MB ,0 MB ,95 W ,None ,,No ,No ,OEM/Tray ,45 nm ,No ,No ,,,
Intel Core 2 Quad Q8400S,Intel ,AT80580AJ0674ML ,Intel Core 2 Quad ,Yorkfield ,Yorkfield ,LGA775 ,4.0,4.0,2.66 GHz ,,4 MB ,0 MB ,65 W ,None ,,No ,No ,OEM/Tray ,45 nm ,No ,No ,,,
Intel Core 2 Quad Q9400,Intel ,AT80580PJ0676M ,Intel Core 2 Quad ,Yorkfield ,Yorkfield ,LGA775 ,4.0,4.0,2.66 GHz ,,6 MB ,0 MB ,95 W ,None ,,No ,No ,OEM/Tray ,45 nm ,No ,No ,,,
Intel Core 2 Quad Q9400S,Intel ,AT80580AJ0676M ,Intel Core 2 Quad ,Yorkfield ,Yorkfield ,LGA775 ,4.0,4.0,2.66 GHz ,,6 MB ,0 MB ,65 W ,None ,,No ,No ,OEM/Tray ,45 nm ,No ,No ,,,
Intel Core 2 Quad Q9505,Intel ,AT80580PJ0736MG ,Intel Core 2 Quad ,Yorkfield ,Yorkfield ,LGA775 ,4.0,4.0,2.83 GHz ,,6 MB ,0 MB ,95 W ,None ,,No ,No ,OEM/Tray ,45 nm ,No ,No ,,,
Intel Core 2 Quad Q9505S,Intel ,AT80580AJ0736MG ,Intel Core 2 Quad ,Yorkfield ,Yorkfield ,LGA775 ,4.0,4.0,2.83 GHz ,,6 MB ,0 MB ,65 W ,None ,,No ,No ,OEM/Tray ,45 nm ,No ,No ,,,
Intel Core 2 Quad Q9550S,Intel ,AT80569AJ073N ,Intel Core 2 Quad ,Yorkfield ,Yorkfield ,LGA775 ,4.0,4.0,2.83 GHz ,,12 MB ,0 MB ,65 W ,None ,,No ,No ,OEM/Tray ,45 nm ,No ,No ,,,
Intel Core 2 Extreme QX6700,Intel ,HH80562PH0678M ,Intel Core 2 Extreme ,Core ,Kentsfield ,LGA775 ,4.0,4.0,2.66 GHz ,,8 MB ,0 MB ,100 W ,None ,,No ,No ,OEM/Tray ,65 nm ,No ,No ,,,
Intel Core 2 Extreme QX6800,Intel ,BX80562QX6800 ,Intel Core 2 Extreme ,Core ,Kentsfield ,LGA775 ,4.0,4.0,2.93 GHz ,,8 MB ,0 MB ,100 W ,None ,,No ,Yes ,Boxed ,65 nm ,Yes ,No ,,,
Intel Core 2 Extreme QX6800,Intel ,BX8056QX6800 ,Intel Core 2 Extreme ,Core ,Kentsfield ,LGA775 ,4.0,4.0,2.93 GHz ,,8 MB ,0 MB ,100 W ,None ,,No ,Yes ,Boxed ,65 nm ,Yes ,No ,,,
Intel Core 2 Extreme QX6800,Intel ,HH80562PH0778M ,Intel Core 2 Extreme ,Core ,Kentsfield ,LGA775 ,4.0,4.0,2.93 GHz ,,8 MB ,0 MB ,100 W ,None ,,No ,No ,OEM/Tray ,65 nm ,No ,No ,,,
Intel Core 2 Extreme QX6800,Intel ,HH80562XH0778M ,Intel Core 2 Extreme ,Core ,Kentsfield ,LGA775 ,4.0,4.0,2.93 GHz ,,8 MB ,0 MB ,100 W ,None ,,No ,No ,OEM/Tray ,65 nm ,No ,No ,,,
Intel Core 2 Extreme QX6850,Intel ,HH80562XJ0808M ,Intel Core 2 Extreme ,Core ,Kentsfield ,LGA775 ,4.0,4.0,3 GHz ,,8 MB ,0 MB ,130 W ,None ,,No ,No ,OEM/Tray ,65 nm ,No ,No ,,,
Intel Core 2 Extreme QX9775,Intel ,BX80574QX9775A ,Intel Core 2 Extreme ,Yorkfield ,Yorkfield ,LGA771 ,4.0,4.0,3.2 GHz ,,12 MB ,0 MB ,150 W ,None ,,No ,Yes ,Boxed ,45 nm ,Yes ,No ,,,
Intel Core 2 Extreme QX9775,Intel ,BX80574QX9775P ,Intel Core 2 Extreme ,Yorkfield ,Yorkfield ,LGA771 ,4.0,4.0,3.2 GHz ,,12 MB ,0 MB ,150 W ,None ,,No ,Yes ,Boxed ,45 nm ,Yes ,No ,,,
AMD Athlon II X4 630,AMD ,ADX630WFK42GI ,AMD Athlon II X4 ,K10 ,Propus ,AM3 ,4.0,4.0,2.8 GHz ,,2 MB ,0 MB ,95 W ,None ,,No ,No ,OEM/Tray ,45 nm ,No ,No ,,,
AMD Athlon II X4 620,AMD ,ADX620WFK42GI ,AMD Athlon II X4 ,K10 ,Propus ,AM3 ,4.0,4.0,2.6 GHz ,,2 MB ,0 MB ,95 W ,None ,,No ,No ,OEM/Tray ,45 nm ,No ,No ,,,
AMD Athlon II X2 255,AMD ,ADX255OCGMBOX ,AMD Athlon II X2 ,K10 ,Regor ,AM3 ,2.0,2.0,3.1 GHz ,,2 MB ,0 MB ,65 W ,None ,,No ,Yes ,Boxed ,45 nm ,Yes ,No ,,,
AMD Athlon II X2 265,AMD ,ADX265OCGMBOX ,AMD Athlon II X2 ,K10 ,Regor ,AM3 ,2.0,2.0,3.2 GHz ,,2 MB ,0 MB ,65 W ,None ,,No ,Yes ,Boxed ,45 nm ,Yes ,No ,,,
AMD Athlon II X4 610e,AMD ,AD610EHDGMBOX ,AMD Athlon II X4 ,K10 ,Propus ,AM3 ,4.0,4.0,2.4 GHz ,,2 MB ,0 MB ,45 W ,None ,,No ,Yes ,Boxed ,45 nm ,Yes ,No ,,,
AMD Phenom II X3 715 Black,AMD ,HDZ715WCJ3DGI ,AMD Phenom II X3 ,K10 ,Heka ,AM3 ,3.0,3.0,2.8 GHz ,,1.5 MB ,6 MB ,95 W ,None ,,No ,No ,OEM/Tray ,45 nm ,No ,No ,,,
AMD Athlon II X3 425,AMD ,ADX425WFK32GI ,AMD Athlon II X3 ,K10 ,Rana ,AM3 ,3.0,3.0,2.7 GHz ,,1.5 MB ,0 MB ,95 W ,None ,,No ,No ,OEM/Tray ,45 nm ,No ,No ,,,
AMD Phenom II X2 560 Black,AMD ,HDZ560WFGMBOX ,AMD Phenom II X2 ,K10 ,Callisto ,AM3 ,2.0,2.0,3.3 GHz ,,1 MB ,6 MB ,80 W ,None ,,No ,Yes ,Boxed ,45 nm ,Yes ,No ,,,
Intel Celeron E3500,Intel ,BX80571E3500 ,Intel Celeron ,Wolfdale ,Wolfdale ,LGA775 ,2.0,2.0,2.7 GHz ,,1 MB ,0 MB ,65 W ,None ,,No ,Yes ,Boxed ,45 nm ,Yes ,No ,,,
AMD Phenom II X4 840,AMD ,HDX840WFGMBOX ,AMD Phenom II X4 ,K10 ,Deneb ,AM3 ,4.0,4.0,3.2 GHz ,,2 MB ,0 MB ,95 W ,None ,,No ,Yes ,Boxed ,45 nm ,Yes ,No ,,,
AMD Phenom II X4 955,AMD ,HDX955FBK4DGI ,AMD Phenom II X4 ,K10 ,Deneb ,AM3 ,4.0,4.0,3.2 GHz ,,2 MB ,6 MB ,125 W ,None ,,No ,No ,OEM/Tray ,45 nm ,No ,No ,,,
AMD Phenom II X4 955,AMD ,HDX955FBK4DGM ,AMD Phenom II X4 ,K10 ,Deneb ,AM3 ,4.0,4.0,3.2 GHz ,,2 MB ,6 MB ,125 W ,None ,,No ,No ,OEM/Tray ,45 nm ,No ,No ,,,
AMD Athlon II X2 245,AMD ,ADX245OCGMBOX ,AMD Athlon II X2 ,K10 ,Regor ,AM3 ,2.0,2.0,2.9 GHz ,,2 MB ,0 MB ,65 W ,None ,,No ,Yes ,Boxed ,45 nm ,Yes ,No ,,,
AMD Athlon II X4 630,AMD ,ADX630WFK42GM ,AMD Athlon II X4 ,K10 ,Propus ,AM3 ,4.0,4.0,2.8 GHz ,,2 MB ,0 MB ,95 W ,None ,,No ,No ,OEM/Tray ,45 nm ,No ,No ,,,
AMD Athlon II X4 635,AMD ,ADX635WFK42GM ,AMD Athlon II X4 ,K10 ,Propus ,AM3 ,4.0,4.0,2.9 GHz ,,2 MB ,0 MB ,95 W ,None ,,No ,No ,OEM/Tray ,45 nm ,No ,No ,,,
AMD Athlon II X3 440,AMD ,ADX440WFK32GM ,AMD Athlon II X3 ,K10 ,Rana ,AM3 ,3.0,3.0,3 GHz ,,1.5 MB ,0 MB ,95 W ,None ,,No ,No ,OEM/Tray ,45 nm ,No ,No ,,,
Intel Pentium G840,Intel ,BX80623G840 ,Intel Pentium ,Sandy Bridge ,Sandy Bridge ,LGA1155 ,2.0,2.0,2.8 GHz ,,0.5 MB ,3 MB ,65 W ,Intel HD Graphics ,,No ,Yes ,Boxed ,32 nm ,Yes ,No ,,,
AMD Sempron 130,AMD ,SDX130HBK12GM ,AMD Sempron ,K10 ,Sargas ,AM3 ,1.0,1.0,2.6 GHz ,,0.5 MB ,0 MB ,45 W ,None ,,No ,No ,OEM/Tray ,45 nm ,No ,No ,,,
Intel Celeron G540,Intel ,BX80623G540 ,Intel Celeron ,Sandy Bridge ,Sandy Bridge ,LGA1155 ,2.0,2.0,2.5 GHz ,,0.5 MB ,2 MB ,65 W ,Intel HD Graphics ,,No ,Yes ,Boxed ,32 nm ,Yes ,No ,,,
AMD FX-8100,AMD ,FD8100WMW8KGU ,AMD FX ,Bulldozer ,Zambezi ,AM3+ ,8.0,8.0,2.8 GHz ,,8 MB ,8 MB ,95 W ,None ,,No ,No ,OEM/Tray ,32 nm ,No ,No ,,,
AMD Phenom II X4 975,AMD ,HDZ975FBK4DGM ,AMD Phenom II X4 ,K10 ,Deneb ,AM3 ,4.0,4.0,3.6 GHz ,,2 MB ,6 MB ,125 W ,None ,,No ,No ,OEM/Tray ,45 nm ,No ,No ,,,
AMD Phenom II X4 980 Black,AMD ,HDZ980FBK4DGM ,AMD Phenom II X4 ,K10 ,Deneb ,AM3 ,4.0,4.0,3.7 GHz ,,2 MB ,6.047 MB ,125 W ,None ,,No ,No ,OEM/Tray ,45 nm ,No ,No ,,,
AMD Athlon II X2 260,AMD ,ADX260OCK23GM ,AMD Athlon II X2 ,K10 ,Regor ,AM3 ,2.0,2.0,3.2 GHz ,,2 MB ,0 MB ,65 W ,None ,,No ,No ,OEM/Tray ,45 nm ,No ,No ,,,
Intel Celeron G555,Intel ,BX80623G555 ,Intel Celeron ,Sandy Bridge ,Sandy Bridge ,LGA1155 ,2.0,2.0,2.7 GHz ,,0.5 MB ,2 MB ,65 W ,Intel HD Graphics ,,No ,Yes ,Boxed ,32 nm ,Yes ,No ,,,
Intel Xeon E3-1235,Intel ,BX80623E31235 ,Intel Xeon E3 ,Sandy Bridge ,Sandy Bridge ,LGA1155 ,4.0,8.0,3.2 GHz ,,1 MB ,8 MB ,95 W ,Intel HD Graphics ,,Yes ,Yes ,Boxed ,32 nm ,Yes ,Yes: Hyper-Threading ,,,
Intel Xeon E3-1245,Intel ,BX80623E31245 ,Intel Xeon E3 ,Sandy Bridge ,Sandy Bridge ,LGA1155 ,4.0,8.0,3.3 GHz ,,1 MB ,8 MB ,95 W ,Intel HD Graphics ,,Yes ,Yes ,Boxed ,32 nm ,Yes ,Yes: Hyper-Threading ,,,
AMD A6-6420K,AMD ,AD642KOKA23HL ,AMD A6 ,Piledriver ,Richland ,FM2 ,2.0,2.0,4 GHz ,4.2 GHz ,1 MB ,0 MB ,65 W ,Radeon HD 8000 Series ,,No ,No ,OEM/Tray ,32 nm ,No ,No ,,,
AMD FX-4130,AMD ,FD4130FRW4MGU ,AMD FX ,Bulldozer ,Zambezi ,AM3+ ,4.0,4.0,3.8 GHz ,,4 MB ,4 MB ,125 W ,None ,,No ,No ,OEM/Tray ,32 nm ,No ,No ,,,
Intel Pentium G3258,Intel ,CM8064601482573 ,Intel Pentium ,Haswell Refresh ,Haswell Refresh ,LGA1150 ,2.0,2.0,3.2 GHz ,,0.5 MB ,3 MB ,53 W ,Intel HD Graphics ,,Yes ,No ,OEM/Tray ,22 nm ,No ,No ,,,
AMD Sempron X2 198,AMD ,SD198XOJZ22GX ,AMD Sempron ,Lynx ,Llano ,FM1 ,2.0,2.0,2.5 GHz ,,1 MB ,0 MB ,65 W ,None ,,No ,No ,OEM/Tray ,32 nm ,No ,No ,,,
AMD Sempron X2 198,AMD ,SD198XOJGXBOX ,AMD Sempron ,Lynx ,Llano ,FM1 ,2.0,2.0,2.5 GHz ,,1 MB ,0 MB ,65 W ,None ,,No ,Yes ,Boxed ,32 nm ,Yes ,No ,,,
AMD Sempron X2 190,AMD ,SDX190HDK22GM ,AMD Sempron X2 ,K10 ,Regor ,AM3 ,2.0,2.0,2.5 GHz ,,1 MB ,0 MB ,45 W ,None ,,No ,No ,OEM/Tray ,45 nm ,No ,No ,,,
AMD A10-5700,AMD ,AD5700OKA44HJ ,AMD A10 ,Piledriver ,Trinity ,FM2 ,4.0,4.0,3.4 GHz ,,4 MB ,0 MB ,65 W ,Radeon HD 7660D ,,No ,No ,OEM/Tray ,32 nm ,No ,No ,,,
AMD A10-6790B,AMD ,AD679BWOA44HL ,AMD A10 ,Piledriver ,Richland ,FM2 ,4.0,4.0,4 GHz ,,4 MB ,0 MB ,100 W ,Radeon HD 8670D ,,No ,No ,OEM/Tray ,32 nm ,No ,No ,,,
AMD A10-6790K,AMD ,AD679KWOA44HL ,AMD A10 ,Piledriver ,Richland ,FM2 ,4.0,4.0,4 GHz ,4.3 GHz ,4 MB ,0 MB ,100 W ,Radeon HD 8670D ,,No ,No ,OEM/Tray ,32 nm ,No ,No ,,,
AMD A4-6320,AMD ,AD6320OKA23HL ,AMD A4 ,Piledriver ,Richland ,FM2 ,2.0,2.0,3.8 GHz ,4 GHz ,1 MB ,0 MB ,65 W ,Radeon HD 8370D ,,No ,No ,OEM/Tray ,32 nm ,No ,No ,,,
AMD A4-3400,AMD ,AD3400OJZ22GX ,AMD A4 ,Lynx ,Llano ,FM1 ,2.0,2.0,2.7 GHz ,,1 MB ,0 MB ,65 W ,Radeon HD 6410D ,,No ,No ,OEM/Tray ,32 nm ,No ,No ,,,
AMD A4-5300,AMD ,AD5300OKA23HJ ,AMD A4 ,Piledriver ,Trinity ,FM2 ,2.0,2.0,3.4 GHz ,,1 MB ,0 MB ,65 W ,Radeon HD 7480D ,,No ,No ,OEM/Tray ,32 nm ,No ,No ,,,
AMD A4-4020,AMD ,AD4020OKA23HL ,AMD A4 ,Piledriver ,Richland ,FM2 ,2.0,2.0,3.2 GHz ,3.4 GHz ,1 MB ,0 MB ,65 W ,Radeon HD 7480D ,,No ,No ,OEM/Tray ,32 nm ,No ,No ,,,
AMD A4-3420,AMD ,AD3420OJZ22HX ,AMD A4 ,Lynx ,Llano ,FM1 ,2.0,2.0,2.8 GHz ,,1 MB ,0 MB ,65 W ,Radeon HD 6410D ,,No ,No ,OEM/Tray ,32 nm ,No ,No ,,,
Intel Celeron G470,Intel ,CM8062301264401 ,Intel Celeron ,Sandy Bridge ,Sandy Bridge ,LGA1155 ,1.0,2.0,2 GHz ,,0.25 MB ,1.5 MB ,35 W ,Intel HD Graphics ,,No ,No ,OEM/Tray ,32 nm ,No ,Yes: Hyper-Threading ,,,
AMD FX-6120,AMD ,FD6120WMW6KGU ,AMD FX ,Bulldozer ,Zambezi ,AM3+ ,6.0,6.0,3.5 GHz ,4.1 GHz ,6 MB ,8 MB ,95 W ,None ,,No ,No ,OEM/Tray ,32 nm ,No ,No ,,,
AMD FX-6130,AMD ,FD6130FRW6KGU ,AMD FX ,Bulldozer ,Zambezi ,AM3+ ,6.0,6.0,3.6 GHz ,3.9 GHz ,6 MB ,8 MB ,125 W ,None ,,No ,No ,OEM/Tray ,32 nm ,No ,No ,,,
AMD FX-8140,AMD ,FD8140WMW8KGU ,AMD FX ,Bulldozer ,Zambezi ,AM3+ ,8.0,8.0,3.2 GHz ,4.1 GHz ,8 MB ,8 MB ,95 W ,None ,,No ,No ,OEM/Tray ,32 nm ,No ,No ,,,
AMD Athlon II X4 651,AMD ,AD651XWNGXBOX ,AMD Athlon II X4 ,Lynx ,Llano ,FM1 ,4.0,4.0,3 GHz ,,4 MB ,0 MB ,100 W ,None ,,No ,Yes ,Boxed ,32 nm ,Yes ,No ,,,
AMD Athlon II X4 651,AMD ,AD651XWNZ43GX ,AMD Athlon II X4 ,Lynx ,Llano ,FM1 ,4.0,4.0,3 GHz ,,4 MB ,0 MB ,100 W ,None ,,No ,No ,OEM/Tray ,32 nm ,No ,No ,,,
AMD Athlon II X4 638,AMD ,AD638XOJGXBOX ,AMD Athlon II X4 ,Lynx ,Llano ,FM1 ,4.0,4.0,2.7 GHz ,,4 MB ,0 MB ,65 W ,None ,,No ,Yes ,Boxed ,32 nm ,Yes ,No ,,,
AMD E2-3200,AMD ,ED3200OJGXBOX ,AMD E2-Series ,Lynx ,Llano ,FM1 ,2.0,2.0,2.4 GHz ,,1 MB ,0 MB ,65 W ,Radeon HD 6370D ,,No ,Yes ,Boxed ,32 nm ,Yes ,No ,,,
AMD Athlon X2 370K,AMD ,AD370KOKA23HL ,AMD Athlon X2 ,Piledriver ,Richland ,FM2 ,2.0,2.0,4.2 GHz ,,1 MB ,0 MB ,65 W ,None ,,No ,No ,OEM/Tray ,32 nm ,No ,No ,,,
Intel Core i3-4370,Intel ,CM8064601482462 ,Intel Core i3 ,Haswell Refresh ,Haswell Refresh ,LGA1150 ,2.0,4.0,3.8 GHz ,,0.5 MB ,4 MB ,54 W ,Intel HD Graphics 4600 ,,Yes ,No ,OEM/Tray ,22 nm ,No ,Yes: Hyper-Threading ,,,
Intel Xeon E3-1230 V3,Intel ,CM8064601467202 ,Intel Xeon E3 ,Haswell ,Haswell ,LGA1150 ,4.0,8.0,3.3 GHz ,3.7 GHz ,1 MB ,8 MB ,80 W ,None ,,Yes ,No ,OEM/Tray ,22 nm ,No ,Yes: Hyper-Threading ,,,
AMD Athlon X4 550,AMD ,AD550XJAH44HM ,AMD Athlon X4 ,Jaguar ,Kabini ,AM1 ,4.0,4.0,2.2 GHz ,,2 MB ,0 MB ,25 W ,None ,,No ,No ,OEM/Tray ,28 nm ,No ,No ,,,
AMD Phenom II X2 B59,AMD ,HDXB59WFK2DGM ,AMD Phenom II X2 ,K10 ,Callisto ,AM3 ,2.0,2.0,3.4 GHz ,,1 MB ,6 MB ,80 W ,None ,,No ,No ,OEM/Tray ,45 nm ,No ,No ,,,
Intel Pentium G3460,Intel ,CM8064601482508 ,Intel Pentium ,Haswell Refresh ,Haswell Refresh ,LGA1150 ,2.0,2.0,3.5 GHz ,,0.5 MB ,3 MB ,53 W ,Intel HD Graphics ,,No ,No ,OEM/Tray ,22 nm ,No ,No ,,,
Intel Xeon E5-2622 V3,Intel ,CM8064401576904 ,Intel Xeon E5 ,Haswell ,Haswell-EP ,LGA2011-3 ,8.0,16.0,2.4 GHz ,,2 MB ,20 MB ,85 W ,None ,,Yes ,No ,OEM/Tray ,22 nm ,No ,Yes: Hyper-Threading ,,,
Intel Xeon E5-2630 V3,Intel ,BX80644E52630V3 ,Intel Xeon E5 ,Haswell ,Haswell-EP ,LGA2011-3 ,8.0,16.0,2.4 GHz ,3.2 GHz ,2 MB ,20 MB ,85 W ,None ,,Yes ,No ,Boxed ,22 nm ,No ,Yes: Hyper-Threading ,,,
Intel Xeon E5-2609,Intel ,CM8062107186604 ,Intel Xeon E5 ,Sandy Bridge ,Sandy Bridge-EP ,LGA2011 ,4.0,4.0,2.4 GHz ,,1 MB ,10 MB ,80 W ,None ,,Yes ,No ,OEM/Tray ,32 nm ,No ,No ,,,
AMD Phenom II X6 1065T,AMD ,HDT65TWFK6DGR ,AMD Phenom II X6 ,K10 ,Thuban ,AM3 ,6.0,6.0,2.7 GHz ,,3 MB ,6 MB ,95 W ,None ,,No ,No ,OEM/Tray ,45 nm ,No ,No ,,,
Intel Xeon E3-1270 V3,Intel ,CM8064601467101 ,Intel Xeon E3 ,Haswell ,Haswell ,LGA1150 ,4.0,8.0,3.5 GHz ,3.9 GHz ,1 MB ,8 MB ,80 W ,None ,,Yes ,No ,OEM/Tray ,22 nm ,No ,Yes: Hyper-Threading ,,,
AMD FX-8310,AMD ,FD8310WMW8KHK ,AMD FX ,Piledriver ,Vishera ,AM3+ ,8.0,8.0,3.4 GHz ,4.3 GHz ,8 MB ,8 MB ,95 W ,None ,,No ,No ,OEM/Tray ,32 nm ,No ,No ,,,
Intel Core i5-4570S,Intel ,BXC80646I54570S ,Intel Core i5 ,Haswell ,Haswell ,LGA1150 ,4.0,4.0,2.9 GHz ,,1 MB ,6 MB ,65 W ,Intel HD Graphics 4600 ,,No ,Yes ,Boxed ,22 nm ,Yes ,No ,,,
Intel Pentium G3470,Intel ,CM8064601482520 ,Intel Pentium ,Haswell Refresh ,Haswell Refresh ,LGA1150 ,2.0,2.0,3.6 GHz ,,0.5 MB ,3 MB ,53 W ,Intel HD Graphics ,,No ,No ,OEM/Tray ,22 nm ,No ,No ,,,
Intel Core i7-5775C,Intel ,CM8065802483301 ,Intel Core i7 ,Broadwell ,Broadwell ,LGA1150 ,4.0,8.0,3.3 GHz ,3.7 GHz ,1 MB ,6 MB ,65 W ,Iris Pro Graphics 6200 ,,No ,No ,OEM/Tray ,14 nm ,No ,Yes: Hyper-Threading ,,,
AMD A8-7670K,AMD ,AD767KXBI44JC ,AMD A8 ,Steamroller ,Godavari ,FM2+ ,4.0,4.0,3.6 GHz ,3.9 GHz ,4 MB ,0 MB ,95 W ,Radeon R7 (on-die) ,,No ,No ,OEM/Tray ,28 nm ,No ,No ,,,
Intel Pentium G4500T,Intel ,CM8066201927512 ,Intel Pentium ,Skylake ,Skylake-S ,LGA1151 ,2.0,2.0,3 GHz ,,0.5 MB ,3 MB ,35 W ,Intel HD Graphics 530 ,64 GB ,Yes ,No ,OEM/Tray ,14 nm ,No ,No ,,,
Intel Xeon E3-1225 V5,Intel ,CM8066201922605 ,Intel Xeon E3 ,Skylake ,Skylake-H ,LGA1151 ,4.0,4.0,3.3 GHz ,3.7 GHz ,1 MB ,8 MB ,80 W ,Intel HD Graphics P530 ,64 GB ,Yes ,No ,OEM/Tray ,14 nm ,No ,No ,,,
Intel Xeon E3-1245 V5,Intel ,CM8066201934913 ,Intel Xeon E3 ,Skylake ,Skylake-H ,LGA1151 ,4.0,8.0,3.5 GHz ,3.9 GHz ,1 MB ,8 MB ,80 W ,Intel HD Graphics P530 ,64 GB ,Yes ,No ,OEM/Tray ,14 nm ,No ,Yes: Hyper-Threading ,,,
AMD Athlon X4 845,AMD ,AD845XACI43KA ,AMD Athlon X4 ,Puma+ ,Carrizo ,FM2+ ,4.0,4.0,3.5 GHz ,3.8 GHz ,1 MB ,0 MB ,65 W ,None ,,No ,No ,OEM/Tray ,28 nm ,No ,No ,,,
AMD A6-7470K,AMD ,AD747KYBI23JC ,AMD A6 ,Steamroller ,Godavari ,FM2+ ,2.0,2.0,3.7 GHz ,4 GHz ,1 MB ,0 MB ,65 W ,Radeon R5 (on die) ,,No ,No ,OEM/Tray ,28 nm ,No ,No ,,,
AMD A10-7860k,AMD ,AD786KYBI44JC ,AMD A10 ,Steamroller ,Godavari ,FM2+ ,4.0,4.0,3.6 GHz ,4 GHz ,4 MB ,0 MB ,65 W ,Radeon R7 (on-die) ,,No ,No ,OEM/Tray ,28 nm ,No ,No ,,,
AMD A10-7890K,AMD ,AD789KXDI44JC ,AMD A10 ,Steamroller ,Godavari ,FM2+ ,4.0,4.0,4.1 GHz ,4.3 GHz ,4 MB ,0 MB ,95 W ,Radeon R7 (on-die) ,,No ,No ,OEM/Tray ,28 nm ,No ,No ,,,
AMD Athlon X4 880K,AMD ,AD880KXBI44JC ,AMD Athlon X4 ,Steamroller ,Godavari ,FM2+ ,4.0,4.0,4 GHz ,4.2 GHz ,4 MB ,0 MB ,95 W ,None ,,No ,No ,OEM/Tray ,28 nm ,No ,No ,,,
Intel Core i7-6850K,Intel ,BXC80671I76850K ,Intel Core i7 ,Broadwell ,Broadwell-E ,LGA2011-3 ,6.0,12.0,3.6 GHz ,3.8 GHz ,1.5 MB ,15 MB ,140 W ,None ,,No ,No ,Boxed ,14 nm ,No ,Yes: Hyper-Threading ,,,
AMD Athlon X4 860K,AMD ,AD860KXBJASBX ,AMD Athlon X4 ,Steamroller ,Kaveri ,FM2+ ,4.0,4.0,3.7 GHz ,4 GHz ,4 MB ,0 MB ,95 W ,None ,,No ,Yes ,Boxed ,28 nm ,Yes ,No ,,,
Intel Core i5-7640X,Intel ,BXC80677I57640X ,Intel Core i5 ,Kaby Lake ,Kaby Lake-X ,LGA2066 ,4.0,4.0,4 GHz ,4.2 GHz ,1 MB ,6 MB ,112 W ,None ,64 GB ,No ,No ,Boxed ,14 nm ,No ,No ,,,
Intel Xeon E3-1275 V6,Intel ,CM8067702870931 ,Intel Xeon E3 ,Kaby Lake ,Kaby Lake-S ,LGA1151 ,4.0,8.0,3.8 GHz ,4.2 GHz ,1 MB ,8 MB ,73 W ,Intel HD Graphics P630 ,64 GB ,Yes ,No ,OEM/Tray ,14 nm ,No ,Yes: Hyper-Threading ,,,
AMD Athlon X4 940,AMD ,AD940XAGM44AB ,AMD Athlon X4 ,Excavator ,Bristol Ridge ,AM4 ,4.0,4.0,3.2 GHz ,3.6 GHz ,2 MB ,0 MB ,65 W ,None ,,No ,No ,OEM/Tray ,28 nm ,No ,No ,,,
AMD Athlon X4 940,AMD ,AD940XAGABBOX ,AMD Athlon X4 ,Excavator ,Bristol Ridge ,AM4 ,4.0,4.0,3.2 GHz ,3.6 GHz ,2 MB ,0 MB ,65 W ,None ,,No ,Yes ,Boxed ,28 nm ,Yes ,No ,,,
Intel Xeon E-2176G,Intel ,CM8068403380018 ,Intel Xeon E ,Coffee Lake ,Coffee Lake ,LGA1151 ,6.0,12.0,3.7 GHz ,4.7 GHz ,1.5 MB ,12 MB ,80 W ,Intel HD Graphics P630 ,64 GB ,Yes ,No ,OEM/Tray ,14 nm ,No ,Yes: Hyper-Threading ,,,
