Name,Manufacturer,Part #,Screen Size,Resolution,Refresh Rate,Response Time (G2G),Panel Type,Aspect Ratio,Color,Brightness,Pixel Pitch,Widescreen,Curved Screen,Frame Sync,Built-in Speakers,VESA Mounting,Viewing Angle,Inputs
MSI MAG 275QF,MSI ,MAG 275QF ,"27"" ",2560 x 1440 ,180 Hz ,0.5 ms ,IPS ,16:9 ,Black ,300 cd/m² ,0.233 mm ,Yes ,No ,FreeSync ,No ,100 x 100 ,178° H x 178° V , 1 x DisplayPort 1.4 | 2 x HDMI 2.0b | 
Eizo ColorEdge ‎CG2700X,Eizo , CG2700X | CG2700X-BK | ,"27"" ",3840 x 2160 ,60 Hz ,13 ms ,IPS ,16:9 ,Black ,500 cd/m² ,0.156 mm ,Yes ,No ,None ,No ,,178° H x 178° V , 1 x DisplayPort | 1 x HDMI | 1 x USB Type-C | 
Asus ROG Swift OLED PG32UCDM,Asus , PG32UCDM | 90LM09T0-B013B0 | 90LM09T0-B01370 | ,"31.5"" ",3840 x 2160 ,240 Hz ,0.03 ms ,QD-OLED ,16:9 ,Black ,1000 cd/m² ,0.182 mm ,Yes ,No , FreeSync Premium Pro | G-Sync Compatible | ,No ,100 x 100 ,178° H x 178° V , 1 x DisplayPort 1.4 | 2 x HDMI 2.1 | 1 x USB Type-C | 
MSI MAG 244F,MSI , MAG 244F | 9S6-3BC41H-001 | ,"23.8"" ",1920 x 1080 ,200 Hz ,0.5 ms ,IPS ,16:9 ,Black ,300 cd/m² ,0.274 mm ,Yes ,No ,FreeSync Premium ,No ,100 x 100 ,178° H x 178° V , 1 x DisplayPort 1.2a | 1 x HDMI 2.0b | 
Samsung Odyssey Neo G95NC,Samsung , LS57CG952NNXZA | LS57CG954NUXEN | LS57CG952NUXEN | ,"57"" ",7680 x 2160 ,240 Hz ,1 ms ,VA ,32:9 ,,1000 cd/m² ,0.181 mm ,Yes ,Yes ,FreeSync Premium Pro ,No ,100 x 100 ,178° H x 178° V , 1 x DisplayPort 2.1 | 3 x HDMI 2.1 | 
KOORUI 24E3,KOORUI ,24E3 ,"24"" ",1920 x 1080 ,165 Hz ,1 ms ,IPS ,16:9 ,Black ,250 cd/m² ,0.277 mm ,Yes ,No ,FreeSync ,No ,75 x 75 ,178° H x 178° V , 1 x DisplayPort 1.2 | 1 x HDMI 1.4 | 
Asus ROG Swift OLED PG27AQWP-W,Asus , PG27AQWP-W | 90LM0CF2-B019B2 | ,"27"" ",2560 x 1440 ,540 Hz ,0.02 ms ,WOLED ,16:9 ,Black ,1500 cd/m² ,0.233 mm ,Yes ,No , FreeSync Premium Pro | G-Sync Compatible | ,No ,100 x 100 ,178° H x 178° V , 1 x DisplayPort 2.1 | 2 x HDMI 2.1 | 
MSI PRO MP225V,MSI ,PRO MP225V ,"21.45"" ",1920 x 1080 ,100 Hz ,4 ms ,VA ,16:9 ,Black ,300 cd/m² ,0.247 mm ,Yes ,No ,FreeSync ,No ,100 x 100 ,178° H x 178° V , 1 x HDMI 1.4 | 1 x VGA | 
Asus TUF Gaming VG27AQ,Asus , VG27AQ | 90LM0500-B01370 | 90LM0500-B03370 | ,"27"" ",2560 x 1440 ,165 Hz ,1 ms ,IPS ,16:9 ,Black ,350 cd/m² ,0.233 mm ,Yes ,No , FreeSync | G-Sync Compatible | ,Yes ,,178° H x 178° V , 1 x DisplayPort | 2 x HDMI | 
AOC Agon PRO AG276QZD2,AOC ,AG276QZD2 ,"26.7"" ",2560 x 1440 ,240 Hz ,0.03 ms ,QD-OLED ,16:9 ,Black ,1000 cd/m² ,0.231 mm ,Yes ,No ,FreeSync ,Yes ,,178° H x 178° V , 1 x DisplayPort 1.4 | 2 x HDMI 2.0 | 
Acer Acer Nitro XV272U W2bmiiprx,Acer ,UM.HX2AA.201 ,"27"" ",2560 x 1440 ,240 Hz ,1 ms ,IPS ,16:9 ,Black ,,0.233 mm ,Yes ,No ,FreeSync Premium ,Yes ,100 x 100 ,178° H x 178° V , 1 x DisplayPort 1.4 | 2 x HDMI 2.1 | 
Asus ROG Swift OLED PG27AQDP,Asus , 90LM0A20-B01AB0 | PG27AQDP | 90LM0A20-B01A70 | ROG-SWIFT-OLED-PG27AQDP | ,"26.5"" ",2560 x 1440 ,480 Hz ,0.03 ms ,OLED ,16:9 ,Black / Red ,1300 cd/m² ,0.229 mm ,Yes ,No , FreeSync Premium | G-Sync Compatible | ,No ,100 x 100 ,178° H x 178° V , 1 x DisplayPort 1.4 | 2 x HDMI 2.1 | 
Dell UP3218K,Dell , UP3218K | DELL-UP3218K | 210-ALEZ | 095P9 | ,"31.5"" ",7680 x 4320 ,60 Hz ,6 ms ,IPS ,16:9 ,,400 cd/m² ,0.091 mm ,Yes ,No ,None ,No ,,178° H x 178° V ,2 x DisplayPort 
Asus TUF Gaming VG27AQ3A,Asus , VG27AQ3A | TUF Gaming VG27AQ3A | 90LM0940-B019B0 | 90lm0940-b01970 | ,"27"" ",2560 x 1440 ,180 Hz ,1 ms ,IPS ,16:9 ,Black ,250 cd/m² ,0.233 mm ,Yes ,No , FreeSync Premium | G-Sync Compatible | ,Yes ,100 x 100 ,178° H x 178° V , 1 x DisplayPort 1.4 | 2 x HDMI 2.0 | 
Samsung Odyssey OLED G80SD,Samsung , LS32DG802SNXZA | LS32DG802SEXXY | LS32DG802SUXXU | LS32DG802SUXEN | LS32DG800SUXEN | ,"32"" ",3840 x 2160 ,240 Hz ,0.03 ms ,OLED ,16:9 ,Silver / Black ,250 cd/m² ,0.184 mm ,Yes ,No ,FreeSync Premium Pro ,Yes ,100 x 100 ,178° H x 178° V , 1 x DisplayPort | 2 x HDMI 2.1 | 
MSI G242L E14,MSI ,G242L E14 ,"23.8"" ",1920 x 1080 ,144 Hz ,,IPS ,16:9 ,Black ,300 cd/m² ,0.274 mm ,Yes ,No ,FreeSync ,No ,100 x 100 ,178° H x 178° V , 1 x DisplayPort 1.2a | 1 x HDMI 1.4 | 
Samsung Odyssey G55C,Samsung , LS32CG552ENXZA | LS27CG554EUXEN | ,"32"" ",2560 x 1440 ,165 Hz ,1 ms ,VA ,16:9 ,Black ,300 cd/m² ,0.277 mm ,Yes ,Yes ,FreeSync ,No ,75 x 75 ,178° H x 178° V ,
Samsung Odyssey OLED G93SC,Samsung , LS49CG932SNXZA | LS49CG934SUXXU | LS49CG934SEXXY | LS49CG934SUXEN | ,"49"" ",5120 x 1440 ,240 Hz ,0.03 ms ,QD-OLED ,32:9 ,Silver / Black ,250 cd/m² ,0.234 mm ,Yes ,Yes ,FreeSync Premium Pro ,Yes ,100 x 100 ,178° H x 178° V , 1 x DisplayPort 1.4 | 1 x HDMI 2.1 | 1 x Micro-HDMI 2.1 | 
Asus ProArt Display PA32DC,Asus , 90LM06N0-B01IB0 | PA32DC | 90LM06N0-B01I70 | ,"31.5"" ",3840 x 2160 ,60 Hz ,0.1 ms ,OLED ,16:9 ,Black ,500 cd/m² ,0.182 mm ,Yes ,No ,None ,Yes ,100 x 100 ,178° H x 178° V , 1 x DisplayPort 1.4 | 3 x HDMI 2.0 | 
Asus ROG Strix XG27AQDMG,Asus , XG27AQDMG | 90LM0AH0-B01AB0 | 90LM0AH0-B01A70 | ,"26.5"" ",2560 x 1440 ,240 Hz ,0.03 ms ,WOLED ,16:9 ,Black / Red ,450 cd/m² ,0.229 mm ,Yes ,No , FreeSync Premium | G-Sync Compatible | ,No ,100 x 100 ,178° H x 178° V , 1 x DisplayPort 1.4 | 2 x HDMI 2.0 | 
Asus ROG Swift OLED PG27UCDM,Asus , 90LM0B30-B019B1 | PG27UCDM | 90LM0B30-B01971 | ,"26.5"" ",3840 x 2160 ,240 Hz ,0.03 ms ,QD-OLED ,16:9 ,Black ,1000 cd/m² ,0.153 mm ,Yes ,No , FreeSync Premium Pro | G-Sync Compatible | ,No ,100 x 100 ,178° H x 178° V , 1 x DisplayPort 2.1 | 2 x HDMI 2.1 | 1 x USB Type-C | 
LG UltraGear G6 27G610A-B,LG , 27G610A-B | 27G610A-B.AEUQ | ,"27"" ",2560 x 1440 ,200 Hz ,1 ms ,IPS ,16:9 ,Black ,400 cd/m² ,0.233 mm ,Yes ,No ,FreeSync Premium ,No ,100 x 100 ,178° H x 178° V , 1 x DisplayPort 1.4 | 2 x HDMI | 
LG UltraGear 24G411A-B,LG , 24G411A-B | 24G411A-B.AEU | ,"24"" ",1920 x 1080 ,144 Hz ,5 ms ,IPS ,16:9 ,Black ,250 cd/m² ,0.277 mm ,Yes ,No , FreeSync | G-Sync Compatible | ,No ,100 x 100 ,178° H x 178° V , 1 x DisplayPort 1.4 | 1 x HDMI 2.1 | 
ViewSonic ELITE XG321UG,ViewSonic , XG321UG | ELITE XG321UG | ,"32"" ",3840 x 2160 ,144 Hz ,3 ms ,IPS ,16:9 ,Black ,1400 cd/m² ,0.184 mm ,Yes ,No ,G-Sync Ultimate ,Yes ,100 x 100 ,178° H x 178° V , 1 x DisplayPort | 3 x HDMI 2.0 | 
LG UltraGear OLED 45GX950A-B,LG , 45GX950A-B | 45GX950A-B.AEU | ,"44.5"" ",5120 x 2160 ,165 Hz ,0.03 ms ,OLED ,64:27 ,Black ,1300 cd/m² ,0.203 mm ,Yes ,Yes , FreeSync Premium Pro | G-Sync Compatible | ,Yes ,100 x 100 ,178° H x 178° V , 1 x DisplayPort 2.1 | 1 x HDMI | 
MSI PRO MP225,MSI ,PRO MP225 ,"21.5"" ",1920 x 1080 ,100 Hz ,4 ms ,IPS ,16:9 ,Black ,250 cd/m² ,0.248 mm ,Yes ,No ,FreeSync ,No ,100 x 100 ,178° H x 178° V , 1 x HDMI 1.4 | 1 x VGA | 
Dell P2213,Dell ,469-3136 ,"22"" ",1680 x 1050 ,60 Hz ,5 ms ,,16:10 ,,250 cd/m² ,0.282 mm ,Yes ,No ,None ,No ,100 x 100 ,170° H x 160° V , 1 x DisplayPort | 1 x DVI | 1 x VGA | 
Acer Predator X27U Z1bmiiprx,Acer , UM.GXXAA.103 | X27U Z1bmiiprx | ,"26.5"" ",2560 x 1440 ,280 Hz ,0.03 ms ,QD-OLED ,16:9 ,Black ,1000 cd/m² ,0.229 mm ,Yes ,No ,FreeSync Premium Pro ,Yes ,75 x 75 ,178° H x 178° V , 1 x DisplayPort 1.4 | 2 x HDMI 2.1 | 
BenQ XL2586X+,BenQ , XL2586X+ | 9H.LN8LB.QBE | ,"24.1"" ",1920 x 1080 ,600 Hz ,,TN ,16:9 ,Black ,320 cd/m² ,0.278 mm ,Yes ,No ,FreeSync ,No ,100 x 100 ,170° H x 160° V , 1 x DisplayPort 1.4 | 3 x HDMI 2.1 | 
Dell Alienware AW3225QF,Dell , AW3225QF | Aw3225qfsap | DGCGT | 210-BLLV | GAME-AW3225QF | MPJG7 | ,"31.6"" ",3840 x 2160 ,240 Hz ,0.03 ms ,QD-OLED ,16:9 ,Black / White ,1000 cd/m² ,0.182 mm ,Yes ,Yes ,G-Sync Compatible ,No ,100 x 100 ,178° H x 178° V , 1 x DisplayPort 1.4 | 2 x HDMI 2.1 | 
Asus ROG Strix OLED XG27ACDNG,Asus , XG27ACDNG | Strix OLED XG27ACDNG | ROG Strix OLED XG27ACDNG | 90LM0AN0-B01970 | 90LM0AN0-B019B0 | ,"26.5"" ",2560 x 1440 ,360 Hz ,0.03 ms ,QD-OLED ,16:9 ,Black ,1000 cd/m² ,0.229 mm ,Yes ,No , FreeSync Premium Pro | G-Sync Compatible | ,No ,100 x 100 ,178° H x 178° V , 1 x DisplayPort 1.4 | 2 x HDMI 2.1 | 
Asus ProArt Display PA32UCXR,Asus , 90LM03H0-B01KB0 | 90LM03H0-B01K70 | PA32UCXR | ,"32"" ",3840 x 2160 ,60 Hz ,5 ms ,IPS ,16:9 ,Black ,1000 cd/m² ,0.184 mm ,Yes ,No ,FreeSync ,Yes ,100 x 100 ,178° H x 178° V , 1 x DisplayPort 1.4 | 2 x HDMI 2.0 | 1 x USB Type-C 3.2 Gen 2 | 
Samsung Odyssey OLED G60SD,Samsung , LS27DG602SNXZA | LS27DG600SUXEN | ,"27"" ",2560 x 1440 ,360 Hz ,0.03 ms ,QD-OLED ,16:9 ,Silver / Black ,250 cd/m² ,0.233 mm ,Yes ,No ,FreeSync Premium Pro ,No ,100 x 100 ,178° H x 178° V , 1 x DisplayPort 1.4 | 2 x HDMI 2.1 | 
MSI MAG 275F,MSI ,MAG 275F ,"27"" ",1920 x 1080 ,180 Hz ,0.5 ms ,IPS ,16:9 ,Black ,250 cd/m² ,0.311 mm ,Yes ,No ,FreeSync ,No ,100 x 100 ,178° H x 178° V , 1 x DisplayPort 1.4 | 2 x HDMI 2.0b | 
Asus TUF Gaming VG249QL3A,Asus , TUF Gaming VG249QL3A | 90LM09G0-B011B0 | VG249QL3A | 90lm09g0-b01170 | ,"23.8"" ",1920 x 1080 ,180 Hz ,1 ms ,IPS ,16:9 ,Black ,350 cd/m² ,0.274 mm ,Yes ,No , FreeSync Premium | G-Sync Compatible | ,Yes ,100 x 100 ,178° H x 178° V , 1 x DisplayPort 1.2 | 2 x HDMI 2.0 | 
Asus ProArt Display PA32UCG-K,Asus , 90LM03H0-B083B0 | PROART-DISPLAY-PA32UCG-K | PA32UCG-K | ,"32"" ",3840 x 2160 ,120 Hz ,5 ms ,IPS ,16:9 ,,1000 cd/m² ,0.184 mm ,Yes ,No ,FreeSync Premium Pro ,Yes ,100 x 100 ,178° H x 178° V , 1 x HDMI 2.1 | 2 x HDMI 2.0 | 1 x USB Type-C | 
AOC Q27G3XMN,AOC , Q27G3XMN | Q27G3XMN/BK | AOC Q27G3XMN/BK | ,"27"" ",2560 x 1440 ,180 Hz ,1 ms ,VA Mini LED ,16:9 ,Black / Red ,1000 cd/m² ,0.233 mm ,Yes ,No ,FreeSync ,No ,100 x 100 ,178° H x 178° V , 1 x DisplayPort 1.4 | 1 x HDMI 2.0 | 
Dell Alienware AW3425DW,Dell , AW3425DW | KG7KH | aw3425dwsap | ag-monaw3425dw | 210-BRRK | 63HN0 | 210-BRPM | ,"34.2"" ",3440 x 1440 ,240 Hz ,0.03 ms ,QD-OLED ,21:9 ,Black ,1000 cd/m² ,0.233 mm ,Yes ,Yes , FreeSync Premium Pro | G-Sync Compatible | ,No ,100 x 100 ,178° H x 178° V , 1 x DisplayPort 1.4 | 2 x HDMI 2.1 | 
LG UltraGear OLED 27GX790A-B,LG , 27GX790A-B | LG 27GX790A-B | 27GX790A-B.AUS | 27GX790A-B.AEU | 27GX790A | ,"27"" ",2560 x 1440 ,480 Hz ,0.03 ms ,OLED ,16:9 ,Black ,275 cd/m² ,0.233 mm ,Yes ,No , FreeSync Premium Pro | G-Sync Compatible | ,No ,100 x 100 ,178° H x 178° V , 1 x DisplayPort 2.1 | 2 x HDMI 2.1 | 
LG UltraGear OLED 27GS93QE-B,LG , 27GS93QE-B | 27GS93QE-B.AUS | ,"26.5"" ",2560 x 1440 ,240 Hz ,0.03 ms ,OLED ,16:9 ,Black ,275 cd/m² ,0.229 mm ,Yes ,No ,FreeSync Premium Pro ,No ,100 x 100 ,178° H x 178° V , 1 x DisplayPort | 2 x HDMI | 
Dell Alienware AW2725DF,Dell , AW2725DF | VP7PF | Aw2725dfsap | 210-BLHH | GAME-AW2725DF | ,"26.7"" ",2560 x 1440 ,360 Hz ,0.03 ms ,QD-OLED ,16:9 ,Black ,1000 cd/m² ,0.231 mm ,Yes ,No ,FreeSync Premium Pro ,No ,100 x 100 ,178° H x 178° V , 2 x DisplayPort 1.4 | 1 x HDMI 2.1 | 
Asus ROG Strix OLED XG32UCWMG,Asus , ROG Strix OLED XG32UCWMG | XG32UCWMG | 90LM0BW0-B013B2 | 90LM0BW0-B01371 | ,"31.5"" ",3840 x 2160 ,240 Hz ,0.03 ms ,WOLED ,16:9 ,Black ,1300 cd/m² ,0.182 mm ,Yes ,No , FreeSync Premium Pro | G-Sync Compatible | ,No ,100 x 100 ,178° H x 178° V , 1 x DisplayPort 1.4 | 2 x HDMI 2.1 | 1 x USB Type-C | 
ASRock Challenger CL27FFA,ASRock ,CL27FFA ,"27"" ",1920 x 1080 ,120 Hz ,,IPS ,16:9 ,Black ,300 cd/m² ,0.311 mm ,Yes ,No ,None ,No ,100 x 100 ,178° H x 178° V , 1 x HDMI 1.4 | 1 x VGA | 
ASRock PG27QFT1B,ASRock , PG27QFT1B | 90LXA0A0-A0E0A0J | ,"27"" ",2560 x 1440 ,180 Hz ,,IPS ,16:9 ,Black ,400 cd/m² ,0.233 mm ,Yes ,No ,FreeSync ,Yes ,100 x 100 ,178° H x 178° V , 1 x DisplayPort 1.4 | 2 x HDMI 2.0 | 
MSI MAG 27CQ6F,MSI , 27CQ6F | MAG 27CQ6F | 9S6-3CD91M-002 | ,"27"" ",2560 x 1440 ,180 Hz ,0.5 ms ,VA ,16:9 ,Black ,300 cd/m² ,0.233 mm ,Yes ,Yes ,FreeSync ,No ,100 x 100 ,178° H x 178° V , 1 x DisplayPort 1.4 | 2 x HDMI 2.0b | 
Asus ROG Swift OLED PG32UCDP,Asus , 90LM0A50-B013B0 | ROG Swift OLED PG32UCDP | PG32UCDP | 90LM0A50-B01370 | ,"31.5"" ",3840 x 2160 ,240 Hz ,0.03 ms ,WOLED ,16:9 ,Black ,1300 cd/m² ,0.182 mm ,Yes ,No , FreeSync Premium Pro | G-Sync Compatible | ,No ,100 x 100 ,178° H x 178° V , 1 x DisplayPort 1.4 | 2 x HDMI 2.1 | 
Samsung Odyssey G4,Samsung ,LS27BG402ENXGO ,"27"" ",1920 x 1080 ,240 Hz ,1 ms ,IPS ,16:9 ,Black ,400 cd/m² ,0.311 mm ,Yes ,No , FreeSync Premium | G-Sync Compatible | ,No ,100 x 100 ,178° H x 178° V , 1 x DisplayPort 1.2 | 2 x HDMI 2.0 | 
BenQ GW2490,BenQ , GW2490 | 9H.LLSLB.QBE | 9H.LLSLJ.LBE | ,"23.8"" ",1920 x 1080 ,100 Hz ,5 ms ,IPS ,16:9 ,Black ,250 cd/m² ,0.274 mm ,Yes ,No ,None ,Yes ,100 x 100 ,178° H x 178° V , 1 x DisplayPort 1.2 | 1 x HDMI 1.4 | 
Samsung C24F390,Samsung ,C24F390 ,"24"" ",1920 x 1080 ,60 Hz ,4 ms ,VA ,16:9 ,,250 cd/m² ,0.277 mm ,Yes ,Yes ,FreeSync ,No ,,178° H x 178° V , 1 x HDMI | 1 x VGA | 
Asus TUF Gaming VG27AQM5A,Asus , VG27AQM5A | 90LM0BG0-B019B1 | ,"27"" ",2560 x 1440 ,300 Hz ,1 ms ,IPS ,16:9 ,Black ,300 cd/m² ,0.233 mm ,Yes ,No , FreeSync Premium | G-Sync Compatible | ,Yes ,100 x 100 ,178° H x 178° V , 1 x DisplayPort 1.4 | 2 x HDMI 2.1 | 
LG UltraGear 34GS95QE-B,LG , 34GS95QE-B | 34GS95QE-B.AEU | ,"34"" ",3440 x 1440 ,240 Hz ,0.03 ms ,OLED ,21:9 ,Black ,275 cd/m² ,0.232 mm ,Yes ,Yes , FreeSync Premium Pro | G-Sync Compatible | ,No ,100 x 100 ,178° H x 178° V ,
Acer Nitro XV1 XV271U M3bmiiprx,Acer , UM.HX1AA.301 | Xv271u M3bmiiprx | Nitro Xv271u M3bmiiprx | UM.HX1SA.301 | ,"27"" ",2560 x 1440 ,180 Hz ,1 ms ,IPS ,16:9 ,Black / Red ,250 cd/m² ,0.233 mm ,Yes ,No ,FreeSync Premium ,Yes ,100 x 100 ,178° H x 178° V , 1 x DisplayPort | 2 x HDMI | 
LG 65EP5G-B,LG ,65EP5G-B ,"65"" ",3840 x 2160 ,120 Hz ,0.1 ms ,OLED ,16:9 ,Black ,770 cd/m² ,0.375 mm ,Yes ,No ,None ,No ,,178° H x 178° V ,2 x HDMI 
Asus ProArt Display PA32UCG-K,Asus , PA32UCG-K | 90LM03H0-B05370 | ,"32"" ",3840 x 2160 ,120 Hz ,5 ms ,IPS ,16:9 ,Black ,1600 cd/m² ,0.184 mm ,Yes ,No ,FreeSync Premium Pro ,No ,,178° H x 178° V , 1 x DisplayPort | 3 x HDMI | 
AOC CU34G2XP/BK,AOC , CU34G2XP/BK | CU34G2XP | ,"34"" ",3440 x 1440 ,180 Hz ,1 ms ,VA ,21:9 ,Black / Red ,400 cd/m² ,0.232 mm ,Yes ,Yes ,FreeSync ,No ,100 x 100 ,178° H x 178° V , 2 x DisplayPort 1.4 | 2 x HDMI 2.0 | 
MSI MAG 274QF X24,MSI , MAG 274QF X24 | 274QF X24 | ,"27"" ",2560 x 1440 ,240 Hz ,0.5 ms ,IPS ,16:9 ,Black ,250 cd/m² ,0.233 mm ,Yes ,No ,FreeSync Premium ,No ,100 x 100 ,178° H x 178° V , 1 x DisplayPort 1.4a | 2 x HDMI 2.0b | 
MSI MPG 322URX QD-OLED,MSI , MPG 322URX QD-OLED | 9S6-3DD29A-018 | 9S6-3DD29A-016 | MPG 322URXDE QD-OLED | 9S6-3DD29A-021 | ,"32"" ",3840 x 2160 ,240 Hz ,0.03 ms ,QD-OLED ,16:9 ,Black ,1000 cd/m² ,0.184 mm ,Yes ,No ,FreeSync ,No ,100 x 100 ,178° H x 178° V , 1 x DisplayPort 2.1 | 2 x HDMI 2.1 | 
Acer Predator X39,Acer , UM.TXXAA.001 | X39 bmiiphuzx | UM.TXXEE.001 | ,"39"" ",3440 x 1440 ,240 Hz ,0.01 ms ,OLED ,21:9 ,Black ,1300 cd/m² ,0.266 mm ,Yes ,Yes ,FreeSync Premium ,Yes ,100 x 100 ,178° H x 178° V , 1 x DisplayPort 1.4 | 2 x HDMI 2.1 | 1 x USB Type-C | 
Asus ROG Strix XG27ACS,Asus , XG27ACS | ROG Strix XG27ACS | 90LM09Q0-B01170 | ,"27"" ",2560 x 1440 ,180 Hz ,1 ms ,IPS ,16:9 ,Black ,400 cd/m² ,0.233 mm ,Yes ,No , FreeSync | G-Sync Compatible | ,No ,100 x 100 ,178° H x 178° V , 1 x DisplayPort 1.4 | 1 x HDMI 2.0 | 1 x USB Type-C | 
Asus TUF Gaming VG259QM5A,Asus , VG259QM5A | 90LM0B90-B01OB2 | ,"24.5"" ",1920 x 1080 ,240 Hz ,0.03 ms ,IPS ,16:9 ,Black ,300 cd/m² ,0.282 mm ,Yes ,No , FreeSync Premium | G-Sync Compatible | ,Yes ,100 x 100 ,178° H x 178° V , 1 x DisplayPort 1.4 | 2 x HDMI 2.0 | 
MSI MAG 255XFV,MSI ,MAG 255XFV ,"24.5"" ",1920 x 1080 ,250 Hz ,0.5 ms ,VA ,16:9 ,Black ,250 cd/m² ,0.282 mm ,Yes ,No ,FreeSync ,No ,100 x 100 ,178° H x 178° V , 1 x DisplayPort 1.4 | 2 x HDMI 2.0b | 
Samsung Odyssey OLED G60SF,Samsung , LS27FG602SNXZA | LS27FG602SEXXS | LS27FG602SUXEN | ,"27"" ",2560 x 1440 ,500 Hz ,0.03 ms ,QD-OLED ,16:9 ,Silver ,300 cd/m² ,0.233 mm ,Yes ,No , FreeSync Premium Pro | G-Sync Compatible | ,No ,100 x 100 ,178° H x 178° V , 1 x DisplayPort 1.4 | 2 x HDMI 2.1 | 
Samsung Odyssey G50D,Samsung , LS32DG500EUXEN | LS32DG502ENXZA | LS32DG500ENXZA | ,"32"" ",2560 x 1440 ,180 Hz ,1 ms ,IPS ,16:9 ,Black ,350 cd/m² ,0.277 mm ,Yes ,No ,FreeSync ,No ,,178° H x 178° V , 1 x DisplayPort 1.2 | 1 x HDMI 2.0 | 
AOC Q27G42ZE,AOC ,Q27G42ZE ,"27"" ",2560 x 1440 ,260 Hz ,,IPS ,16:9 ,Black ,300 cd/m² ,0.233 mm ,Yes ,No , FreeSync | G-Sync Compatible | ,No ,100 x 100 ,178° H x 178° V , 1 x DisplayPort 1.4 | 1 x HDMI 2.0 | 
AOC Agon AG493UCX,AOC ,AG493UCX ,"49"" ",5120 x 1440 ,120 Hz ,,VA ,32:9 ,Black ,400 cd/m² ,0.234 mm ,Yes ,Yes ,FreeSync Premium Pro ,Yes ,,178° H x 178° V , 2 x DisplayPort | 2 x HDMI | 
Samsung Odyssey OLED G95SC,Samsung , LS49CG954SNXZA | LS49CG950SUXEN | LS49CG954SUXXU | LS49CG950SUXDU | ,"49"" ",5120 x 1440 ,240 Hz ,,QD-OLED ,32:9 ,White / Black ,250 cd/m² ,0.234 mm ,Yes ,Yes ,FreeSync Premium Pro ,Yes ,,178° H x 178° V , 1 x DisplayPort 1.4 | 1 x HDMI 2.1 | 
LG UltraGear 27GR83Q-B,LG ,27GR83Q-B ,"27"" ",2560 x 1440 ,240 Hz ,1 ms ,IPS ,16:9 ,Black ,400 cd/m² ,0.233 mm ,Yes ,No , FreeSync Premium | G-Sync Compatible | ,No ,,178° H x 178° V , 1 x DisplayPort | 1 x HDMI | 
Asus TUF Gaming VG279Q3A,Asus , 90LM0990-B011B0 | 90lm0990-b01170 | TUF Gaming VG279Q3A | VG279Q3A | ,"27"" ",1920 x 1080 ,180 Hz ,1 ms ,IPS ,16:9 ,Black ,250 cd/m² ,0.311 mm ,Yes ,No , FreeSync Premium | G-Sync Compatible | ,Yes ,100 x 100 ,178° H x 178° V , 1 x DisplayPort 1.2 | 2 x HDMI 2.0 | 
MSI PRO MP251 E2,MSI , PRO MP251 E2 | 9S6-3PD2CM-009 | ,"24.5"" ",1920 x 1080 ,120 Hz ,4 ms ,IPS ,16:9 ,Black ,300 cd/m² ,0.282 mm ,Yes ,No ,FreeSync ,Yes ,100 x 100 ,178° H x 178° V , 1 x DisplayPort 1.4a | 1 x HDMI 2.0 | 1 x VGA | 
Asus ROG Swift OLED PG32UCDMR,Asus , PG32UCDMR | 90LM0C00-B01971 | ,"31.5"" ",3840 x 2160 ,240 Hz ,0.03 ms ,QD-OLED ,16:9 ,Black / Red ,1000 cd/m² ,0.182 mm ,Yes ,No , FreeSync Premium Pro | G-Sync Compatible | ,No ,100 x 100 ,178° H x 178° V , 1 x DisplayPort 2.1 | 2 x HDMI 2.1 | 1 x USB Type-C | 
MSI MAG 272QP QD-OLED X50,MSI ,MAG 272QP QD-OLED X50 ,"26.5"" ",2560 x 1440 ,500 Hz ,0.03 ms ,QD-OLED ,16:9 ,Black ,500 cd/m² ,0.229 mm ,Yes ,No ,FreeSync Premium Pro ,No ,100 x 100 ,178° H x 178° V , 1 x DisplayPort 1.4a | 2 x HDMI 2.1 | 1 x USB Type-C | 
Dell Alienware AW2725DM,Dell , AW2725DM | 6R0H2 | ,"27"" ",2560 x 1440 ,180 Hz ,1 ms ,IPS ,16:9 ,Black ,400 cd/m² ,0.233 mm ,Yes ,No , FreeSync | G-Sync Compatible | ,No ,100 x 100 ,178° H x 178° V , 1 x DisplayPort 1.4 | 2 x HDMI 2.1 | 
MSI PRO MP275Q,MSI , PRO MP275Q | 9S6-3PC3CM-029 | ,"27"" ",2560 x 1440 ,100 Hz ,4 ms ,IPS ,16:9 ,Black ,300 cd/m² ,0.233 mm ,Yes ,No ,FreeSync ,Yes ,100 x 100 ,178° H x 178° V , 1 x DisplayPort 1.2a | 2 x HDMI 2.0b | 
MSI MPG 341CQPX QD-OLED,MSI , MPG 341CQPX QD-OLED | 9S6-3DD04T-013 | ,"34"" ",3440 x 1440 ,240 Hz ,0.03 ms ,QD-OLED ,21:9 ,Black ,1000 cd/m² ,0.232 mm ,Yes ,Yes ,FreeSync ,No ,100 x 100 ,178° H x 178° V , 1 x DisplayPort 1.4a | 2 x HDMI 2.1 | 1 x USB Type-C | 
MSI MAG 271QP QD-OLED X24,MSI , MAG 271QP QD-OLED X24 | 9S6-3CD89T-025 | ,"26.5"" ",2560 x 1440 ,240 Hz ,0.03 ms ,QD-OLED ,16:9 ,Black ,1000 cd/m² ,0.229 mm ,Yes ,No ,FreeSync ,No ,100 x 100 ,178° H x 178° V , 1 x DisplayPort 1.4a | 2 x HDMI 2.1 | 
LG UltraGear 32GS95UV-W,LG , 32GS95UV-W | 32GS95UV-W.aus | ,"31.5"" ",3840 x 2160 ,240 Hz ,0.03 ms ,OLED ,16:9 ,White ,275 cd/m² ,0.182 mm ,Yes ,No , FreeSync Premium Pro | G-Sync Compatible | ,Yes ,100 x 100 ,178° H x 178° V , 1 x DisplayPort 1.4 | 2 x HDMI 2.1 | 
ASRock PG27FFT1A,ASRock , PG27FFT1A | 90LXA0C0-A0E1A0V | ,"27"" ",1920 x 1080 ,180 Hz ,,IPS ,16:9 ,Black ,450 cd/m² ,0.311 mm ,Yes ,No ,FreeSync ,Yes ,,178° H x 178° V , 1 x DisplayPort 1.2 | 2 x HDMI 2.0 | 
Samsung Odyssey G5,Samsung ,LC34G55TWWPXEN ,"34"" ",3440 x 1440 ,165 Hz ,,VA ,21:9 ,Black ,250 cd/m² ,0.232 mm ,Yes ,Yes ,FreeSync Premium ,No ,75 x 75 ,178° H x 178° V , 1 x DisplayPort 1.4 | 1 x HDMI 2.0 | 
Gigabyte GS27QA,Gigabyte , GS27QA | GS27QA EU | GS27Q A US | GS27QA EK | ,"27"" ",2560 x 1440 ,180 Hz ,,IPS ,16:9 ,Black ,300 cd/m² ,0.233 mm ,Yes ,No ,FreeSync ,No ,100 x 100 ,178° H x 178° V , 1 x DisplayPort 1.4 | 2 x HDMI 2.0 | 
Acer V227Q A,Acer ,UM.WV7AA.A06 ,"21.5"" ",1920 x 1080 ,75 Hz ,4 ms ,VA ,16:9 ,Black ,250 cd/m² ,0.248 mm ,Yes ,No ,None ,No ,,178° H x 178° V , 1 x HDMI | 1 x VGA | 
Planar PLL2250MW,Planar ,997-9044-00 ,"21.5"" ",1920 x 1080 ,60 Hz ,12.5 ms ,IPS ,16:9 ,Black ,250 cd/m² ,0.248 mm ,Yes ,No ,None ,Yes ,,178° H x 178° V , 1 x HDMI | 1 x VGA | 
AOC 24G4XE,AOC ,24G4XE ,"24"" ",1920 x 1080 ,180 Hz ,,IPS ,16:9 ,Black ,300 cd/m² ,0.277 mm ,Yes ,No , FreeSync | G-Sync Compatible | ,Yes ,100 x 100 ,178° H x 178° V , 1 x DisplayPort 1.4 | 2 x HDMI 2.0 | 
Asus ROG Strix OLED XG27AQDPG,Asus , XG27AQDPG | 90LM0C50-B01971 | 90LM0C50-B019B1 | ,"26.5"" ",2560 x 1440 ,500 Hz ,0.03 ms ,QD-OLED ,16:9 ,Black ,1000 cd/m² ,0.229 mm ,Yes ,No , FreeSync Premium Pro | G-Sync Compatible | ,No ,100 x 100 ,178° H x 178° V , 1 x DisplayPort 1.4 | 2 x HDMI 2.1 | 
KTC H24F8,KTC ,H24F8 ,"23.8"" ",1920 x 1080 ,180 Hz ,,IPS ,16:9 ,Black ,400 cd/m² ,0.274 mm ,Yes ,No ,FreeSync ,No ,,178° H x 178° V , 1 x DisplayPort 1.4 | 2 x HDMI 2.0 | 
Dell E2314H,Dell ,E2314H ,"23"" ",1920 x 1080 ,60 Hz ,5 ms ,TN ,16:9 ,,250 cd/m² ,0.265 mm ,Yes ,No ,None ,No ,100 x 100 ,170° H x 160° V , 1 x DVI | 1 x VGA | 
MSI Optix MAG342CQR,MSI , Optix MAG342CQR | 9S6-3DB65H-026 | ,"34"" ",3440 x 1440 ,144 Hz ,,VA ,21:9 ,Black ,300 cd/m² ,0.232 mm ,Yes ,Yes ,FreeSync ,No ,,178° H x 178° V , 1 x DisplayPort | 2 x HDMI | 
ASRock Phantom Gaming PG27QRT1B,ASRock , PG27QRT1B | 90LXA0F0-A0E1A0V | ,"27"" ",2560 x 1440 ,180 Hz ,,VA ,16:9 ,Black ,300 cd/m² ,0.233 mm ,Yes ,Yes ,FreeSync ,Yes ,100 x 100 ,178° H x 178° V , 1 x DisplayPort 1.4 | 2 x HDMI 2.0 | 
KTC H27E6,KTC ,H27E6 ,"27"" ",2560 x 1440 ,320 Hz ,1 ms ,IPS ,16:9 ,White ,450 cd/m² ,0.233 mm ,Yes ,No ,FreeSync ,No ,,178° H x 178° V , 2 x DisplayPort 1.4 | 2 x HDMI 2.1 | 
Sony INZONE M10S,Sony , SDM27Q10S | INZONE M10S | ,"27"" ",2560 x 1440 ,480 Hz ,0.03 ms ,OLED ,16:9 ,Black ,1300 cd/m² ,0.233 mm ,Yes ,No , FreeSync | G-Sync Compatible | ,No ,100 x 100 ,178° H x 178° V , 1 x DisplayPort 2.1 | 2 x HDMI 2.1 | 
Asus ROG Strix OLED XG27AQWMG,Asus , XG27AQWMG | ROG Strix OLED XG27AQWMG | 90LM0BZ0-B01171 | ,"26.5"" ",2560 x 1440 ,280 Hz ,0.03 ms ,WOLED ,16:9 ,Black ,1500 cd/m² ,0.229 mm ,Yes ,No , FreeSync Premium Pro | G-Sync Compatible | ,No ,100 x 100 ,178° H x 178° V , 1 x DisplayPort 1.4 | 2 x HDMI 2.1 | 
Asus XG27ACMEG-G Hatsune Miku Edition,Asus , XG27ACMEG-G | 90LM0C7U-B013B1 | 90LM0C7U-B01371 | ,"27"" ",2560 x 1440 ,260 Hz ,1 ms ,IPS ,16:9 ,Black ,400 cd/m² ,0.233 mm ,Yes ,No ,FreeSync ,No ,100 x 100 ,178° H x 178° V , 1 x DisplayPort 1.4 | 1 x HDMI 2.1 | 
Samsung Odyssey OLED G8 G81SF,Samsung , LS27FG810SNXZA | S27FG810SN | LS27FG810SUXEN | LS27FG812SUXEN | LS27FG814SUXEN | ,"27"" ",3840 x 2160 ,240 Hz ,0.03 ms ,QD-OLED ,16:9 ,Silver ,250 cd/m² ,0.156 mm ,Yes ,No ,FreeSync Premium Pro ,No ,100 x 100 ,178° H x 178° V , 1 x DisplayPort 1.4 | 2 x HDMI 2.1 | 1 x USB Type-C 3.2 Gen 1 | 
MSI MPG 491CQPX QD-OLED,MSI , MPG 491CQPX QD-OLED | 9S6-3FA84T-017 | 9S6-3FA84T-016 | MPG 491CQPXDE QD-OLED | 9S6-3FA84T-029 | ,"49"" ",5120 x 1440 ,240 Hz ,0.03 ms ,QD-OLED ,32:9 ,Black ,1000 cd/m² ,0.234 mm ,Yes ,Yes ,FreeSync ,No ,100 x 100 ,178° H x 178° V , 1 x DisplayPort 1.4a | 1 x HDMI 2.1 | 1 x USB Type-C | 
Samsung Odyssey Ark 2nd Gen.,Samsung , LS55CG970NNXGO | Odyssey Ark G97NC | S55CG970NN | LS55CG970NUXXU | LS55CG970NEXXY | ,"55"" ",3840 x 2160 ,165 Hz ,1 ms ,VA Mini LED ,16:9 ,Black ,600 cd/m² ,0.317 mm ,Yes ,Yes ,FreeSync Premium Pro ,Yes ,200 x 200 ,178° H x 178° V , 1 x DisplayPort 1.4 | 2 x HDMI 2.1 | 1 x HDMI 2.0 | 
Gigabyte G27Q2,Gigabyte ,G27Q2 ,"27"" ",2560 x 1440 ,210 Hz ,0.5 ms ,IPS ,16:9 ,Black ,350 cd/m² ,0.233 mm ,Yes ,No , FreeSync Premium | G-Sync Compatible | ,No ,100 x 100 ,178° H x 178° V , 1 x DisplayPort 1.4 | 2 x HDMI 2.0 | 
Asus ROG Strix OLED XG27UCDMG,Asus , 90LM0B20-B01971 | XG27UCDMG | ROG Strix OLED XG27UCDMG | ,"26.5"" ",3840 x 2160 ,240 Hz ,0.03 ms ,QD-OLED ,16:9 ,Blue ,1000 cd/m² ,0.153 mm ,Yes ,No , FreeSync Premium Pro | G-Sync Compatible | ,No ,100 x 100 ,178° H x 178° V , 1 x DisplayPort 1.4 | 2 x HDMI 2.1 | 1 x USB Type-C | 
MSI MPG 321URXW QD-OLED,MSI , MPG 321URXW QD-OLED | MPG 321URXWDE QD-OLED | 9S6-3DD29A-023 | ,"31.5"" ",3840 x 2160 ,240 Hz ,0.03 ms ,QD-OLED ,16:9 ,White ,1000 cd/m² ,0.182 mm ,Yes ,No ,FreeSync ,No ,100 x 100 ,178° H x 178° V , 1 x DisplayPort 1.4a | 2 x HDMI 2.1 | 1 x USB Type-C | 
Acer Nitro EDA270U P,Acer , UM.HE0AA.P09 | EDA270U P | Nitro EDA270U Pbmiipx | ,"27"" ",2560 x 1440 ,170 Hz ,,VA ,16:9 ,Black ,250 cd/m² ,0.233 mm ,Yes ,Yes ,FreeSync Premium ,Yes ,75 x 75 ,178° H x 178° V , 1 x DisplayPort 1.2 | 2 x HDMI 2.0 | 
MSI MPG 271QRX QD-OLED,MSI , MPG 271QRX QD-OLED | 271QRX | 9S6-3CD79A-007 | 9S6-3CD79A-001 | ,"27"" ",2560 x 1440 ,360 Hz ,0.03 ms ,QD-OLED ,16:9 ,Black ,1000 cd/m² ,0.233 mm ,Yes ,No ,FreeSync ,No ,100 x 100 ,178° H x 178° V , 1 x DisplayPort 1.4a | 2 x HDMI 2.1 | 1 x USB Type-C | 
MSI MPG 321CURX QD-OLED,MSI , MPG 321CURX QD-OLED | 9S6-3DD64T-005 | 9S6-3DD64T-012 | MPG 321CURXDE QD-OLED | ,"31.5"" ",3840 x 2160 ,240 Hz ,0.03 ms ,QD-OLED ,16:9 ,Black ,1000 cd/m² ,0.182 mm ,Yes ,Yes ,FreeSync ,No ,100 x 100 ,178° H x 178° V , 1 x DisplayPort 1.4a | 2 x HDMI 2.1 | 1 x USB Type-C | 
MSI MAG 274QRFW,MSI , MAG 274QRFW | 9S6-3CC29H-245 | ,"27"" ",2560 x 1440 ,180 Hz ,1 ms ,IPS ,16:9 ,White ,400 cd/m² ,0.233 mm ,Yes ,No ,FreeSync ,No ,75 x 75 ,178° H x 178° V , 1 x DisplayPort 1.4a | 2 x HDMI 2.0b | 
MSI PRO MP223 E2,MSI ,PRO MP223 E2 ,"21.45"" ",1920 x 1080 ,100 Hz ,4 ms ,VA ,16:9 ,Black ,250 cd/m² ,0.247 mm ,Yes ,No ,FreeSync ,No ,75 x 75 ,178° H x 178° V , 1 x DisplayPort 1.2a | 1 x HDMI 1.4 | 
MSI MAG 273QP QD-OLED X24,MSI ,MAG 273QP QD-OLED X24 ,"26.5"" ",2560 x 1440 ,240 Hz ,0.03 ms ,QD-OLED ,16:9 ,Black ,1000 cd/m² ,0.229 mm ,Yes ,No ,FreeSync ,No ,100 x 100 ,178° H x 178° V , 1 x DisplayPort 1.4a | 2 x HDMI 2.1 | 
Asus TUF Gaming VG279QM,Asus , VG279QM | 90LM05H0-B01370 | 90LM05H0-B03370 | ,"27"" ",1920 x 1080 ,280 Hz ,1 ms ,IPS ,16:9 ,Black ,400 cd/m² ,0.311 mm ,Yes ,No , FreeSync | G-Sync Compatible | ,No ,100 x 100 ,178° H x 178° V , 1 x DisplayPort | 2 x HDMI | 
LG UltraGear 32GS60QC-B,LG , 32GS60QC-B | 32GS60QC-B.AEUQ | ,"31.5"" ",2560 x 1440 ,180 Hz ,1 ms ,VA ,16:9 ,Black ,300 cd/m² ,0.272 mm ,Yes ,Yes ,FreeSync ,No ,100 x 100 ,178° H x 178° V , 1 x DisplayPort 1.4 | 2 x HDMI 2.0 | 
Asus TUF Gaming VG34VQL3A,Asus , VG34VQL3A | 90LM06F0-B02E70 | 90LM06F0-B02EB0 | ,"34"" ",3440 x 1440 ,180 Hz ,1 ms ,VA ,21:9 ,Black ,400 cd/m² ,0.232 mm ,Yes ,Yes ,FreeSync Premium Pro ,Yes ,100 x 100 ,178° H x 178° V , 2 x DisplayPort 1.4 | 2 x HDMI 2.0 | 
RCA Evolution Premium,RCA ,M27PG135F ,"27"" ",2560 x 1440 ,240 Hz ,1 ms ,IPS ,16:9 ,Black / Red ,350 cd/m² ,0.233 mm ,Yes ,No , FreeSync | G-Sync Compatible | ,Yes ,100 x 100 ,178° H x 178° V , 1 x DisplayPort 1.4 | 2 x HDMI 2.0 | 1 x USB Type-C | 
Dell S2725QS,Dell , S2725QS | 210-BRND | s2725qssap | T4CNF | ,"27"" ",3840 x 2160 ,120 Hz ,4 ms ,IPS ,16:9 ,Silver / Black ,350 cd/m² ,0.156 mm ,Yes ,No ,FreeSync Premium ,Yes ,100 x 100 ,178° H x 178° V , 1 x DisplayPort 1.4 | 2 x HDMI 2.1 | 
MSI MAG 272URDF E16,MSI ,MAG 272URDF E16 ,"27"" ",3840 x 2160 ,160 Hz ,0.5 ms ,IPS ,16:9 ,Black ,400 cd/m² ,0.156 mm ,Yes ,No ,FreeSync ,No ,100 x 100 ,178° H x 178° V , 1 x DisplayPort 1.4a | 2 x HDMI 2.1 | 
MSI Pro,MSI ,PRO MP271A E2 ,"27"" ",1920 x 1080 ,120 Hz ,4 ms ,IPS ,16:9 ,Black ,300 cd/m² ,0.311 mm ,Yes ,No ,FreeSync ,Yes ,100 x 100 ,178° H x 178° V , 1 x DisplayPort 1.2a | 1 x HDMI 1.4 | 1 x VGA | 
LG 27GP850-B,LG , 27GP850-B | 27GP850-B.AEU | ,"27"" ",2560 x 1440 ,165 Hz ,1 ms ,IPS ,16:9 ,Black / Red ,400 cd/m² ,0.233 mm ,Yes ,No , FreeSync Premium | G-Sync Compatible | ,No ,,178° H x 178° V , 1 x DisplayPort | 2 x HDMI | 
LG UltraGear 32GS95UE-B,LG , 32GS95UE-B | 32GS95UE-B.AEU | ,"31.5"" ",3840 x 2160 ,240 Hz ,0.03 ms ,OLED ,16:9 ,Black ,275 cd/m² ,0.182 mm ,Yes ,No , FreeSync Premium Pro | G-Sync Compatible | ,Yes ,100 x 100 ,178° H x 178° V , 1 x DisplayPort | 1 x HDMI | 
MSI MAG 274CXF,MSI ,MAG 274CXF ,"27"" ",1920 x 1080 ,280 Hz ,0.5 ms ,VA ,16:9 ,Black ,300 cd/m² ,0.311 mm ,Yes ,Yes ,FreeSync Premium ,No ,100 x 100 ,178° H x 178° V , 1 x DisplayPort 1.2a | 2 x HDMI 2.0b | 
Alienware AW2725Q,Alienware , AW2725Q | 2MHGG | 210-BRFR | aw2725qsap | ,"26.7"" ",3840 x 2160 ,240 Hz ,0.03 ms ,QD-OLED ,16:9 ,Black ,250 cd/m² ,0.154 mm ,Yes ,No , FreeSync Premium Pro | G-Sync Compatible | ,No ,100 x 100 ,178° H x 178° V , 1 x DisplayPort 1.4 | 2 x HDMI 2.1 | 
MSI PRO MP251W E2,MSI ,PRO MP251W E2 ,"24.5"" ",1920 x 1080 ,120 Hz ,4 ms ,IPS ,16:9 ,White ,300 cd/m² ,0.282 mm ,Yes ,No ,FreeSync ,Yes ,100 x 100 ,178° H x 178° V , 1 x DisplayPort 1.4a | 1 x HDMI 2.0 | 1 x VGA | 
Samsung Odyssey OLED G61SD,Samsung , LS27DG610SNXZA | S27DG610SN | LS27DG610SEXXY | LS27DG612SUXXU | LS27DG612SUXEN | LS27DG610SUXEN | ,"27"" ",2560 x 1440 ,240 Hz ,0.03 ms ,QD-OLED ,16:9 ,Silver / Black ,250 cd/m² ,0.233 mm ,Yes ,No ,FreeSync Premium Pro ,No ,100 x 100 ,178° H x 178° V , 1 x DisplayPort 1.4 | 2 x HDMI 2.1 | 
LG 27GL83A-B,LG ,27GL83A-B ,"27"" ",2560 x 1440 ,144 Hz ,1 ms ,IPS ,16:9 ,Black / Red ,350 cd/m² ,0.233 mm ,Yes ,No , FreeSync | G-Sync Compatible | ,No ,100 x 100 ,178° H x 178° V , 1 x DisplayPort | 1 x HDMI | 
Asus ROG Swift PG32UQX,Asus , ROG Swift PG32UQX | 90LM05R0-B013B0 | PG32UQX | 90LM05R0-B01370 | ,"32"" ",3840 x 2160 ,144 Hz ,4 ms ,IPS ,16:9 ,Black ,1400 cd/m² ,0.184 mm ,Yes ,No ,G-Sync Ultimate ,No ,,178° H x 178° V , 1 x DisplayPort | 3 x HDMI | 
Pixio PX248 Prime,Pixio ,PX248P ,"24"" ",1920 x 1080 ,144 Hz ,,IPS ,16:9 ,Black ,400 cd/m² ,0.277 mm ,Yes ,No ,FreeSync Premium ,Yes ,,178° H x 178° V , 1 x DisplayPort | 2 x HDMI | 
Samsung Odyssey OLED G81SF,Samsung , LS32FG810SNXZA | LS32FG810SUXEN | LS32FG812SUXEN | LS32FG814SUXEN | ,"32"" ",3840 x 2160 ,240 Hz ,0.03 ms ,QD-OLED ,16:9 ,Silver ,260 cd/m² ,0.184 mm ,Yes ,No ,FreeSync Premium Pro ,No ,100 x 100 ,178° H x 178° V , 1 x DisplayPort 1.4 | 2 x HDMI 2.1 | 
MSI G255F,MSI , G255F | 9S6-3BC01M-002 | 9S6-3BC01M-004 | ,"24.5"" ",1920 x 1080 ,180 Hz ,1 ms ,IPS ,16:9 ,Black ,300 cd/m² ,0.282 mm ,Yes ,No ,FreeSync ,No ,,178° H x 178° V , 1 x DisplayPort 1.2a | 2 x HDMI 2.0b | 
INNOCN 25G2S,INNOCN ,25G2S ,"24.5"" ",2560 x 1440 ,240 Hz ,,IPS ,16:9 ,Black ,,0.212 mm ,Yes ,No ,G-Sync Compatible ,Yes ,100 x 100 ,178° H x 178° V , 2 x DisplayPort 1.4 | 2 x HDMI 2.1 | 
LG 27GS95QE-B,LG , 27GS95QE-B | 27GS95QE-B.AEU | ,"27"" ",2560 x 1440 ,240 Hz ,0.03 ms ,OLED ,16:9 ,Black ,275 cd/m² ,0.233 mm ,Yes ,No , FreeSync Premium Pro | G-Sync Compatible | ,No ,100 x 100 ,178° H x 178° V , 1 x DisplayPort | 2 x HDMI | 
MSI MAG 276CXF,MSI ,MAG 276CXF ,"27"" ",1920 x 1080 ,280 Hz ,0.5 ms ,VA ,16:9 ,Black ,300 cd/m² ,0.311 mm ,Yes ,Yes ,FreeSync ,No ,100 x 100 ,178° H x 178° V , 1 x DisplayPort 1.4a | 2 x HDMI 2.0b | 
Asus ROG Swift OLED PG27AQDM,Asus , 90LM08Q0-B01AB0 | PG27AQDM | 90LM08Q0-B01A70 | ,"26.5"" ",2560 x 1440 ,240 Hz ,0.03 ms ,OLED ,16:9 ,Black / Red ,1000 cd/m² ,0.229 mm ,Yes ,No , FreeSync Premium | G-Sync Compatible | ,No ,100 x 100 ,178° H x 178° V , 1 x DisplayPort 1.4 | 2 x HDMI 2.0 | 
MSI MPG 341CQR QD-OLED X36,MSI , MPG 341CQR QD-OLED X36 | 9S6-3DE29A-001 | ,"34"" ",3440 x 1440 ,360 Hz ,0.03 ms ,QD-OLED ,21:9 ,Black ,1300 cd/m² ,0.232 mm ,Yes ,Yes ,FreeSync Premium Pro ,No ,100 x 100 ,178° H x 178° V , 1 x DisplayPort 2.1a | 2 x HDMI 2.1 | 1 x USB Type-C | 
Acer XV270U Z1bmiiprx,Acer , UM.HX0AA.101 | XV270U Z1bmiiprx | ,"27"" ",2560 x 1440 ,270 Hz ,0.5 ms ,IPS ,16:9 ,Black ,250 cd/m² ,0.233 mm ,Yes ,No ,FreeSync Premium ,Yes ,100 x 100 ,178° H x 178° V , 1 x DisplayPort 1.4 | 2 x HDMI 2.0 | 
LG UltraGear OLED,LG ,27GX790B-B ,"27"" ",2560 x 1440 ,540 Hz ,0.02 ms ,WOLED Tandem ,16:9 ,Black ,335 cd/m² ,0.233 mm ,Yes ,No , FreeSync Premium Pro | G-Sync Compatible | ,No ,100 x 100 ,178° H x 178° V , 1 x DisplayPort 2.1 | 2 x HDMI 2.1 | 
Asus ROG Strix XG27UCS,Asus , 90LM09S0-B011B0 | XG27UCS | 90LM09S0-B01170 | ,"27"" ",3840 x 2160 ,160 Hz ,1 ms ,IPS ,16:9 ,Black ,450 cd/m² ,0.156 mm ,Yes ,No , FreeSync Premium | G-Sync Compatible | ,No ,100 x 100 ,178° H x 178° V , 1 x DisplayPort 1.4 | 1 x HDMI 2.1 | 1 x USB Type-C | 
Samsung Odyssey G50D,Samsung , LS27DG500ENXZA | LS27DG502EUXXU | LS27DG500EUXEN | ,"27"" ",2560 x 1440 ,180 Hz ,1 ms ,IPS ,16:9 ,Black ,350 cd/m² ,0.233 mm ,Yes ,No ,FreeSync ,No ,100 x 100 ,178° H x 178° V , 1 x DisplayPort 1.2 | 1 x HDMI 2.0 | 
Xiaomi G Pro 27i,Xiaomi ,P27QBA-RGPGL ,"27"" ",2560 x 1440 ,180 Hz ,,IPS Mini LED ,16:9 ,Black / Silver ,1000 cd/m² ,0.233 mm ,Yes ,No ,FreeSync ,No ,75 x 75 ,178° H x 178° V , 2 x DisplayPort 1.4 | 2 x HDMI 2.0 | 
Asus TUF Gaming VG27AQ5A,Asus , VG27AQ5A | 90LM0BN0-B013B1 | ,"27"" ",2560 x 1440 ,210 Hz ,1 ms ,IPS ,16:9 ,Black ,300 cd/m² ,0.233 mm ,Yes ,No ,FreeSync Premium ,Yes ,100 x 100 ,178° H x 178° V , 1 x DisplayPort 1.4 | 2 x HDMI 2.0 | 
AOC Q27G40XMN,AOC , Q27G40XMN | MNAO Q27G40XMN | ,"27"" ",2560 x 1440 ,180 Hz ,1 ms ,VA QD-Mini LED ,16:9 ,Black ,450 cd/m² ,0.233 mm ,Yes ,No ,FreeSync ,No ,100 x 100 ,178° H x 178° V , 1 x DisplayPort 1.4 | 1 x HDMI 2.0 | 
Asus ROG Swift OLED PG34WCDM,Asus , PG34WCDM | ROG Swift OLED PG34WCDM | 90LM09L0-B01A70 | 90LM09L0-B01AB0 | ,"33.94"" ",3440 x 1440 ,240 Hz ,0.03 ms ,OLED ,21:9 ,Black ,1300 cd/m² ,0.231 mm ,Yes ,Yes , FreeSync Premium Pro | G-Sync Compatible | ,No ,100 x 100 ,178° H x 178° V , 1 x DisplayPort 1.4 | 2 x HDMI 2.1 | 1 x USB Type-C | 
Dell Alienware AW3423DWF,Dell , AW3423DWF | W5HHN | 210-BFRQ | GAME-AW3423DWF | ,"34.18"" ",3440 x 1440 ,165 Hz ,0.1 ms ,QD-OLED ,21:9 ,Black ,1000 cd/m² ,0.233 mm ,Yes ,Yes ,FreeSync Premium Pro ,No ,100 x 100 ,178° H x 178° V , 2 x DisplayPort 1.4 | 1 x HDMI | 
AOC C27G2Z,AOC ,C27G2Z ,"27"" ",1920 x 1080 ,240 Hz ,,VA ,16:9 ,Silver / Black ,250 cd/m² ,0.311 mm ,Yes ,Yes ,FreeSync ,No ,,178° H x 178° V , 1 x DisplayPort 1.2 | 2 x HDMI 2.0 | 
Philips Evnia 8000 27M2N8500,Philips , 27M2N8500/27 | 27M2N8500/00 | 27M2N8500 | ,"26.5"" ",2560 x 1440 ,360 Hz ,0.03 ms ,QD-OLED ,16:9 ,White / Silver ,1000 cd/m² ,0.229 mm ,Yes ,No ,FreeSync ,Yes ,100 x 100 ,178° H x 178° V , 1 x DisplayPort 1.4 | 2 x HDMI 2.1 | 
Samsung Odyssey OLED G85SD,Samsung , LS34DG856SNXZA | S34DG856SN | LS34DG850SUXDU | LS34DG850SUXEN | ,"34"" ",3440 x 1440 ,175 Hz ,0.03 ms ,OLED ,21:9 ,Silver ,250 cd/m² ,0.232 mm ,Yes ,Yes ,FreeSync Premium Pro ,Yes ,100 x 100 ,178° H x 178° V , 1 x DisplayPort 1.4 | 2 x HDMI 2.1 | 
MSI MPG 272URX QD-OLED,MSI ,MPG 272URX QD-OLED ,"27"" ",3840 x 2160 ,240 Hz ,0.03 ms ,QD-OLED ,16:9 ,Black ,1000 cd/m² ,0.156 mm ,Yes ,No ,FreeSync ,No ,100 x 100 ,178° H x 178° V , 1 x DisplayPort 2.1 | 2 x HDMI 2.1 | 1 x USB Type-C | 
AOC Q27G4XF,AOC ,Q27G4XF ,"27"" ",2560 x 1440 ,180 Hz ,1 ms ,IPS ,16:9 ,Black ,300 cd/m² ,0.233 mm ,Yes ,No , FreeSync | G-Sync Compatible | ,No ,100 x 100 ,178° H x 178° V , 1 x DisplayPort 1.4 | 1 x HDMI 2.0 | 
Asus TUF Gaming VG32WQ3B,Asus , VG32WQ3B | 90lm0ap1-b011b1 | TUF Gaming VG32WQ3B | 90LM0AP1-B01171 | ,"31.5"" ",2560 x 1440 ,180 Hz ,1 ms ,VA ,16:9 ,Black ,300 cd/m² ,0.272 mm ,Yes ,Yes ,FreeSync ,Yes ,100 x 100 ,178° H x 178° V , 1 x DisplayPort 1.4 | 2 x HDMI 2.0 | 
Gigabyte MO27Q28G,Gigabyte ,MO27Q28G ,"27"" ",2560 x 1440 ,280 Hz ,0.03 ms ,WOLED ,16:9 ,Black ,1500 cd/m² ,0.233 mm ,Yes ,No ,G-Sync Compatible ,Yes ,100 x 100 ,178° H x 178° V , 1 x DisplayPort 1.4 | 2 x HDMI 2.1 | 
Asus VG248QG,Asus , VG248QG | 90LMGG901Q022E1C- | ,"24"" ",1920 x 1080 ,165 Hz ,0.5 ms ,TN ,16:9 ,Black ,350 cd/m² ,0.277 mm ,Yes ,No , FreeSync | G-Sync Compatible | ,Yes ,,170° H x 160° V , 1 x DisplayPort | 1 x DVI-D Dual Link | 1 x HDMI | 
AOC C32G2ZE/BK,AOC , C32G2ZE/BK | C32G2ZE | ,"31.5"" ",1920 x 1080 ,240 Hz ,,VA ,16:9 ,Black / Red ,300 cd/m² ,0.363 mm ,Yes ,Yes ,FreeSync Premium ,No ,,178° H x 178° V , 1 x DisplayPort | 2 x HDMI | 
Samsung Odyssey G3,Samsung ,LS24AG302NNXZA ,"24"" ",1920 x 1080 ,144 Hz ,,VA ,16:9 ,Black ,250 cd/m² ,0.277 mm ,Yes ,No ,FreeSync ,No ,,178° H x 178° V , 1 x DisplayPort 1.2 | 1 x HDMI 1.4 | 
MSI MAG 271QPX QD-OLED,MSI ,MAG 271QPX QD-OLED ,"26.5"" ",2560 x 1440 ,360 Hz ,0.03 ms ,QD-OLED ,16:9 ,Black ,1000 cd/m² ,0.229 mm ,Yes ,No ,FreeSync ,No ,100 x 100 ,178° H x 178° V , 1 x DisplayPort 1.4a | 1 x HDMI 2.1 | 1 x USB Type-C | 
MSI MAG 276CF E20,MSI ,MAG 276CF E20 ,"27"" ",1920 x 1080 ,200 Hz ,0.5 ms ,VA ,16:9 ,Black ,250 cd/m² ,0.311 mm ,Yes ,Yes ,FreeSync Premium ,No ,100 x 100 ,178° H x 178° V , 1 x DisplayPort 1.2a | 2 x HDMI 2.0b | 
KOORUI G2421V,KOORUI ,G2421V ,"23.8"" ",2560 x 1440 ,180 Hz ,,IPS ,16:9 ,Black ,350 cd/m² ,0.206 mm ,Yes ,No ,None ,No ,75 x 75 ,178° H x 178° V , 1 x DisplayPort 1.4 | 2 x HDMI 2.0 | 
BenQ ZOWIE XL2566X+,BenQ , XL2566X+ | 9H.LMRLB.QBE | ,"24.1"" ",1920 x 1080 ,400 Hz ,,TN ,16:9 ,Black ,320 cd/m² ,0.278 mm ,Yes ,No ,None ,No ,,170° H x 160° V , 1 x DisplayPort 1.4 | 3 x HDMI 2.0 | 
LG UltraGear OLED 34GX90SA-W,LG , 34GX90SA-W | 34GX90SA-W.AEU | ,"34"" ",3440 x 1440 ,240 Hz ,0.03 ms ,WOLED ,21:9 ,White ,1300 cd/m² ,0.232 mm ,Yes ,Yes , FreeSync Premium | G-Sync Compatible | ,No ,100 x 100 ,178° H x 178° V , 1 x DisplayPort 1.4 | 2 x HDMI 2.1 | 
Samsung Odyssey G53F,Samsung ,LS27FG532ENXZA ,"27"" ",2560 x 1440 ,200 Hz ,,IPS ,16:9 ,Black ,300 cd/m² ,0.233 mm ,Yes ,No ,FreeSync Premium ,No ,75 x 75 ,178° H x 178° V , 1 x DisplayPort 1.4 | 2 x HDMI 2.0 | 
KTC H24T7,KTC ,H24T7 ,"24"" ",2560 x 1440 ,185 Hz ,1 ms ,,16:9 ,Black ,400 cd/m² ,0.208 mm ,Yes ,No ,FreeSync ,No ,100 x 100 ,178° H x 178° V , 1 x DisplayPort 1.4 | 2 x HDMI 2.0 | 
ASRock Phantom Gaming PG27FFX2A,ASRock ,PG27FFX2A ,"27"" ",1920 x 1080 ,520 Hz ,1 ms ,IPS ,16:9 ,Black ,400 cd/m² ,0.311 mm ,Yes ,No ,FreeSync Premium ,Yes ,100 x 100 ,178° H x 178° V , 1 x DisplayPort 1.4 | 2 x HDMI 2.1 | 
AOC 24G2,AOC ,24G2 ,"23.8"" ",1920 x 1080 ,144 Hz ,,IPS ,16:9 ,Black / Red ,250 cd/m² ,0.274 mm ,Yes ,No ,FreeSync ,No ,,178° H x 178° V , 1 x DisplayPort | 2 x HDMI | 1 x VGA | 
Samsung Odyssey G7,Samsung , LC27G75TQSUXEN | LC27G75TQSNXZA | LC27G75TQSRXEN | ,"27"" ",2560 x 1440 ,240 Hz ,1 ms ,VA ,16:9 ,Black ,350 cd/m² ,0.233 mm ,Yes ,Yes , FreeSync Premium Pro | G-Sync Compatible | ,No ,,178° H x 178° V , 2 x DisplayPort | 1 x HDMI | 
ASRock PG27QFT2A,ASRock , PG27QFT2A | 90LXA0B0-A0E0A0J | ,"27"" ",2560 x 1440 ,180 Hz ,,IPS ,16:9 ,Black ,400 cd/m² ,0.233 mm ,Yes ,No ,FreeSync ,Yes ,100 x 100 ,178° H x 178° V , 1 x DisplayPort 1.4 | 2 x HDMI 2.0 | 
Samsung Odyssey OLED G93SD,Samsung , LS49DG934SNXGO | LS49DG934SUXEN | ,"49"" ",5120 x 1440 ,240 Hz ,0.03 ms ,QD-OLED ,32:9 ,Silver ,250 cd/m² ,0.234 mm ,Yes ,Yes , FreeSync Premium Pro | G-Sync Compatible | ,No ,100 x 100 ,178° H x 178° V , 1 x DisplayPort 1.4 | 1 x HDMI 2.1 | 1 x Micro-HDMI 2.1 | 
Sceptre E248W-19203R,Sceptre ,E248W-19203R ,"23.8"" ",1920 x 1080 ,75 Hz ,14 ms ,TN ,16:9 ,Black ,250 cd/m² ,0.274 mm ,Yes ,No ,None ,Yes ,,170° H x 160° V , 2 x HDMI | 1 x VGA | 
Corsair XENEON EDGE,Corsair ,CC-9011306-WW ,"14.5"" ",2560 x 720 ,60 Hz ,,AHVA ,32:9 ,Black ,,0.138 mm ,Yes ,No ,None ,No ,,178° H x 178° V , 1 x HDMI | 1 x USB Type-C | 
Dell Alienware AW2523HF,Dell , AW2523HF | 210-BFED | Aw2523hfsap | 36GWG | GAME-AW2523HF | 210-BFIM | ,"24.5"" ",1920 x 1080 ,360 Hz ,1 ms ,IPS ,16:9 ,Black ,400 cd/m² ,0.282 mm ,Yes ,No ,FreeSync Premium ,No ,,178° H x 178° V , 1 x DisplayPort 1.4 | 2 x HDMI | 
Asus VG248QE,Asus , VG248QE | 90LMGG001Q022B1C | 90LMGG301Q022E1C- | ,"24"" ",1920 x 1080 ,144 Hz ,1 ms ,TN ,16:9 ,,350 cd/m² ,0.277 mm ,Yes ,No ,None ,Yes ,,170° H x 160° V , 1 x DisplayPort | 1 x DVI-D Dual Link | 1 x HDMI | 
Asus ROG Strix 5K XG27JCG,Asus , XG27JCG | 90LM0CE0-B013B2 | ,"27"" ",5120 x 2880 ,180 Hz ,0.3 ms ,IPS ,16:9 ,Black ,600 cd/m² ,0.117 mm ,Yes ,No , FreeSync Premium Pro | G-Sync Compatible | ,No ,100 x 100 ,178° H x 178° V ,
MSI MAG 271QPX QD-OLED E2,MSI ,MAG 271QPX QD-OLED E2 ,"26.5"" ",2560 x 1440 ,240 Hz ,0.03 ms ,QD-OLED ,16:9 ,Black ,1000 cd/m² ,0.229 mm ,Yes ,No ,FreeSync ,No ,100 x 100 ,178° H x 178° V , 1 x DisplayPort 1.4a | 2 x HDMI 2.1 | 1 x USB Type-C | 
MSI MAG 321UPX QD-OLED,MSI , MAG 321UPX QD-OLED | 9S6-3DD39T-001 | 9S6-3DD39T-002 | 9S6-3DD39T-006 | ,"31.5"" ",3840 x 2160 ,240 Hz ,0.03 ms ,QD-OLED ,16:9 ,,1000 cd/m² ,0.182 mm ,Yes ,No ,FreeSync ,No ,100 x 100 ,178° H x 178° V , 1 x DisplayPort 1.4a | 2 x HDMI | 1 x USB Type-C | 
Acer VG271U M3bmiipx,Acer , VG271U M3 | VG271U M3bmiipx | UM.HV1AA.301 | UM.HV1EE.304 | ,"27"" ",2560 x 1440 ,180 Hz ,1 ms ,IPS ,16:9 ,Blue / Black ,250 cd/m² ,0.233 mm ,Yes ,No ,FreeSync Premium ,Yes ,100 x 100 ,178° H x 178° V , 1 x DisplayPort 1.2 | 2 x HDMI 2.0 | 
Sceptre E255B-1658A,Sceptre ,E255B-1658A ,"24.5"" ",1920 x 1080 ,165 Hz ,1 ms ,TN ,16:9 ,Black ,300 cd/m² ,0.282 mm ,Yes ,No ,FreeSync ,Yes ,,, 1 x DisplayPort | 2 x HDMI | 
Dell Alienware AW2725D,Dell , AW2725D | CPVH4 | ,"26.7"" ",2560 x 1440 ,280 Hz ,0.03 ms ,QD-OLED ,16:9 ,Black ,1000 cd/m² ,0.231 mm ,Yes ,No , FreeSync Premium Pro | G-Sync Compatible | ,No ,100 x 100 ,178° H x 178° V , 1 x DisplayPort 1.4 | 2 x HDMI 2.1 | 
LG 24MR400-B,LG , 24MR400-B | 24MR400-B.AEUQ | ,"23.8"" ",1920 x 1080 ,100 Hz ,5 ms ,IPS ,16:9 ,Black ,250 cd/m² ,0.274 mm ,Yes ,No ,FreeSync ,No ,,178° H x 178° V , 1 x HDMI | 1 x VGA | 
Asus TUF Gaming VG27AQL5A,Asus , VG27AQL5A | 90LM0BM0-B013B2 | ,"27"" ",2560 x 1440 ,210 Hz ,1 ms ,IPS ,16:9 ,Black ,400 cd/m² ,0.233 mm ,Yes ,No ,FreeSync Premium ,Yes ,100 x 100 ,178° H x 178° V , 1 x DisplayPort 1.4 | 2 x HDMI 2.0 | 
MSI MAG 341CQP QD-OLED,MSI , MAG 341CQP QD-OLED | 341CQP | 9S6-3DD04T-001 | 9S6-3DD04T-004 | MAG 341CQPDE QD-OLED | ,"34"" ",3440 x 1440 ,175 Hz ,0.03 ms ,QD-OLED ,21:9 ,Black / Silver ,1000 cd/m² ,0.232 mm ,Yes ,Yes ,FreeSync ,No ,100 x 100 ,178° H x 178° V , 1 x DisplayPort 1.4a | 2 x HDMI 2.1 | 1 x USB Type-C | 
LG UltraGear 32GS95UV-B,LG , 32GS95UV-B | 32GS95UV-B.aus | 32GS95UV-B.AEU | ,"31.5"" ",3840 x 2160 ,240 Hz ,0.03 ms ,OLED ,16:9 ,Black ,275 cd/m² ,0.182 mm ,Yes ,No , FreeSync Premium Pro | G-Sync Compatible | ,Yes ,100 x 100 ,178° H x 178° V , 1 x DisplayPort 1.4 | 2 x HDMI 2.1 | 
Asus TUF Gaming VG27AQML1A,Asus , TUF Gaming VG27AQML1A | 90LM05Z0-B073B0 | VG27AQML1A | 90lm05z0-b07370 | ,"27"" ",2560 x 1440 ,260 Hz ,1 ms ,IPS ,16:9 ,Black ,400 cd/m² ,0.233 mm ,Yes ,No , FreeSync Premium | G-Sync Compatible | ,Yes ,100 x 100 ,178° H x 178° V , 1 x DisplayPort 1.4 | 2 x HDMI 2.0 | 
KOORUI 27E1QA,KOORUI ,27E1QA ,"27"" ",2560 x 1440 ,144 Hz ,,VA ,16:9 ,Black ,300 cd/m² ,0.233 mm ,Yes ,No ,FreeSync ,No ,75 x 75 ,178° H x 178° V , 1 x DisplayPort 1.2 | 1 x HDMI 2.0 | 1 x HDMI 1.4 | 
LG UltraGear OLED 27GX700A-B,LG ,27GX700A-B ,"26.5"" ",2560 x 1440 ,280 Hz ,0.03 ms ,WOLED Tandem ,16:9 ,Black ,335 cd/m² ,0.229 mm ,Yes ,No , FreeSync Premium Pro | G-Sync Compatible | ,No ,100 x 100 ,178° H x 178° V , 1 x DisplayPort 1.4 | 2 x HDMI 2.1 | 
Gigabyte M27Q3,Gigabyte ,M27Q3 ,"27"" ",2560 x 1440 ,320 Hz ,1 ms ,IPS ,16:9 ,Black ,400 cd/m² ,0.233 mm ,Yes ,No ,G-Sync Compatible ,No ,100 x 100 ,178° H x 178° V , 1 x DisplayPort 1.4 | 2 x HDMI 2.1 | 1 x USB Type-C | 
Samsung Odyssey G30D,Samsung ,LS24DG300EUXEN ,"24"" ",1920 x 1080 ,180 Hz ,,VA ,16:9 ,Black ,250 cd/m² ,0.277 mm ,Yes ,No ,FreeSync ,No ,100 x 100 ,178° H x 178° V , 1 x DisplayPort | 1 x HDMI | 
Pixio PX278 Wave,Pixio ,PX278WAVEW ,"27"" ",2560 x 1440 ,180 Hz ,1 ms ,IPS ,16:9 ,White ,350 cd/m² ,0.233 mm ,Yes ,No ,FreeSync ,Yes ,75 x 75 ,178° H x 178° V , 1 x DisplayPort 1.4 | 2 x HDMI 2.0 | 
Asus MG278Q,Asus , MG278Q | 90LM01S0-B01170 | ,"27"" ",2560 x 1440 ,144 Hz ,1 ms ,TN ,16:9 ,,350 cd/m² ,0.233 mm ,Yes ,No , FreeSync | G-Sync Compatible | ,Yes ,100 x 100 ,170° H x 160° V , 1 x DisplayPort | 2 x DVI | 2 x HDMI | 
Asus TUF Gaming VG34VQL1B,Asus , VG34VQL1B | 90LM06F0-B01170 | ,"34"" ",3440 x 1440 ,165 Hz ,,,21:9 ,Black ,550 cd/m² ,0.232 mm ,Yes ,Yes ,FreeSync Premium ,Yes ,,178° H x 178° V , 2 x DisplayPort | 2 x HDMI | 
Asus TUF Gaming VG27VQM,Asus , 90LM0510-B02EB0 | TUF-GAMING-VG27VQM | VG27VQM | ,"27"" ",1920 x 1080 ,240 Hz ,,VA ,16:9 ,,350 cd/m² ,0.311 mm ,Yes ,Yes ,FreeSync Premium ,Yes ,100 x 100 ,178° H x 178° V , 1 x DisplayPort 1.2 | 2 x HDMI 2.0 | 
Dell S3422DW,Dell , 210-AXNS | S3422DW | 4F8C5 | ,"34"" ",3440 x 1440 ,100 Hz ,4 ms ,VA ,21:9 ,,300 cd/m² ,0.232 mm ,Yes ,Yes ,FreeSync ,Yes ,100 x 100 ,178° H x 178° V ,2 x HDMI 
Cooler Master GA2501,Cooler Master , GA2501 | CMI-GA2501-AR | CMI-GA2501-EU | CMI-GA2501-UK | CMI-GA2501-AU | CMI-GA2501-BR | CMI-GA2501-IN | CMI-GA2501 | CMI-GA2501-RW | CMI-GA2501-TW | CMI-GA2501-US | ,"24.5"" ",1920 x 1080 ,100 Hz ,4 ms ,IPS ,16:9 ,Black ,250 cd/m² ,0.282 mm ,Yes ,No ,FreeSync ,No ,100 x 100 ,178° H x 178° V , 1 x HDMI 1.4 | 1 x VGA | 
MSI MAG 274CQF,MSI ,MAG 274CQF ,"27"" ",2560 x 1440 ,180 Hz ,0.5 ms ,VA ,16:9 ,Black ,300 cd/m² ,0.233 mm ,Yes ,Yes ,FreeSync ,No ,100 x 100 ,178° H x 178° V , 1 x DisplayPort 1.4 | 2 x HDMI 2.0b | 
Asus ROG Strix OLED XG32UCDS,Asus , XG32UCDS | 90LM0B50-B013B1 | ,"31.5"" ",3840 x 2160 ,165 Hz ,0.03 ms ,QD-OLED ,16:9 ,Black ,1000 cd/m² ,0.182 mm ,Yes ,No , FreeSync Premium Pro | G-Sync Compatible | ,No ,100 x 100 ,178° H x 178° V , 1 x DisplayPort 1.4 | 2 x HDMI 2.1 | 1 x USB Type-C | 
Samsung Odyssey G5,Samsung ,LC27G54TQBUXEN ,"27"" ",2560 x 1440 ,144 Hz ,,VA ,16:9 ,Black ,300 cd/m² ,0.233 mm ,Yes ,Yes ,FreeSync Premium ,No ,75 x 75 ,178° H x 178° V , 1 x DisplayPort 1.2 | 1 x HDMI 2.0 | 
MSI MPG 321URX QD-OLED,MSI , MPG 321URX QD-OLED | 9S6-3DD29A-007 | 9S6-3DD29A-001 | ,"31.5"" ",3840 x 2160 ,240 Hz ,0.03 ms ,QD-OLED ,16:9 ,Black ,1000 cd/m² ,0.182 mm ,Yes ,No ,FreeSync ,No ,100 x 100 ,178° H x 178° V , 1 x DisplayPort 1.4a | 2 x HDMI 2.1 | 1 x USB Type-C | 
Asus ROG Strix XG27ACG,Asus ,90LM0A70-B013B0 ,"27"" ",2560 x 1440 ,180 Hz ,1 ms ,IPS ,16:9 ,Black ,400 cd/m² ,0.233 mm ,Yes ,No , FreeSync | G-Sync Compatible | ,No ,100 x 100 ,178° H x 178° V , 1 x DisplayPort 1.4 | 1 x HDMI 2.0 | 1 x USB Type-C | 
LG UltraGear OLED 32GX870A-B,LG , 32GX870A-B | 32GX870A-B.AEU | ,"31.5"" ",3840 x 2160 ,240 Hz ,0.03 ms ,WOLED ,16:9 ,Black ,275 cd/m² ,0.182 mm ,Yes ,No , FreeSync Premium Pro | G-Sync Compatible | ,Yes ,100 x 100 ,178° H x 178° V , 1 x DisplayPort 2.1 | 2 x HDMI 2.1 | 
Samsung Odyssey G40B,Samsung ,LS25BG402ENXGO ,"25"" ",1920 x 1080 ,240 Hz ,1 ms ,IPS ,16:9 ,Black ,400 cd/m² ,0.288 mm ,Yes ,No , FreeSync Premium | G-Sync Compatible | ,No ,,178° H x 178° V , 1 x DisplayPort 1.2 | 2 x HDMI 2.0 | 
MSI MPG 271QR QD-OLED X50,MSI ,MPG 271QR QD-OLED X50 ,"26.5"" ",2560 x 1440 ,500 Hz ,0.03 ms ,QD-OLED ,16:9 ,Black ,1000 cd/m² ,0.229 mm ,Yes ,No ,FreeSync ,No ,100 x 100 ,178° H x 178° V , 1 x DisplayPort 2.1a | 2 x HDMI 2.1 | 1 x USB Type-C | 
MSI MAG 274QPF X30MV,MSI ,MAG 274QPF X30MV ,"27"" ",2560 x 1440 ,300 Hz ,0.5 ms ,VA Mini LED ,16:9 ,Black ,1000 cd/m² ,0.233 mm ,Yes ,No ,FreeSync ,No ,100 x 100 ,178° H x 178° V , 1 x DisplayPort 1.4a | 2 x HDMI 2.1 | 
Gigabyte MO27Q2,Gigabyte , MO27Q2 | MO27Q2-AU | MO27Q2 EK | ,"27"" ",2560 x 1440 ,240 Hz ,0.03 ms ,QD-OLED ,16:9 ,Black ,1000 cd/m² ,0.233 mm ,Yes ,No ,FreeSync Premium Pro ,Yes ,,178° H x 178° V , 1 x DisplayPort 1.4 | 2 x HDMI 2.1 | 1 x USB Type-C | 
LG UltraGear GS95QE,LG , 45GS95QE-B | 45GS95QE-B.AEU | ,"45"" ",3440 x 1440 ,240 Hz ,0.03 ms ,OLED ,21:9 ,Black ,275 cd/m² ,0.306 mm ,Yes ,Yes , FreeSync Premium Pro | G-Sync Compatible | ,No ,100 x 100 ,178° H x 178° V , 1 x DisplayPort | 1 x HDMI | 
Dell Alienware AW2524HF,Dell , AW2524HF | aw2524hfsap | XM0CN | 210-BJWS | GAME-AW2524HF | ,"24.5"" ",1920 x 1080 ,500 Hz ,0.5 ms ,IPS ,16:9 ,Black ,400 cd/m² ,0.282 mm ,Yes ,No ,FreeSync Premium ,No ,100 x 100 ,178° H x 178° V , 2 x DisplayPort 1.4 | 2 x HDMI 2.1 | 
Planar PLL2210MW,Planar ,997-6404-00 ,"22"" ",1920 x 1080 ,,5 ms ,,16:9 ,,250 cd/m² ,0.254 mm ,Yes ,No ,None ,Yes ,100 x 100 ,170° H x 160° V , 1 x DVI | 1 x VGA | 
LG 27GS75Q-B,LG , 27GS75Q-B | 27GS75Q-B.AEU | ,"27"" ",2560 x 1440 ,180 Hz ,1 ms ,IPS ,16:9 ,Black ,300 cd/m² ,0.233 mm ,Yes ,No , FreeSync | G-Sync Compatible | ,No ,100 x 100 ,178° H x 178° V , 1 x DisplayPort | 2 x HDMI | 
Asus TUF GAMING VG259QM,Asus , VG259QM | 90LM0530-B02370 | ,"24.5"" ",1920 x 1080 ,280 Hz ,1 ms ,IPS ,16:9 ,Black ,400 cd/m² ,0.282 mm ,Yes ,No , FreeSync | G-Sync Compatible | ,Yes ,,178° H x 178° V , 1 x DisplayPort | 2 x HDMI | 
MSI MAG401QR,MSI , MAG401QR | 9S6-3EA54H-002 | ,"40"" ",3440 x 1440 ,155 Hz ,,IPS ,21:9 ,Black ,400 cd/m² ,0.272 mm ,Yes ,No ,FreeSync ,No ,,178° H x 178° V , 1 x DisplayPort 1.4a | 2 x HDMI 2.0b | 1 x USB Type-C | 
Acer Nitro ‎KG271 M3biip,Acer ,UM.HX1AA.302 ,"27"" ",1920 x 1080 ,180 Hz ,0.5 ms ,IPS ,16:9 ,Black ,250 cd/m² ,0.311 mm ,Yes ,No ,FreeSync Premium ,No ,100 x 100 ,178° H x 178° V , 1 x DisplayPort | 2 x HDMI | 
Lenovo Legion R27qe,Lenovo , 67c5gac1us | 67c5gac1uk | 67c5gac1eu | 67c5gac1au | ,"27"" ",2560 x 1440 ,180 Hz ,,IPS ,16:9 ,Black ,450 cd/m² ,0.233 mm ,Yes ,No ,FreeSync ,No ,,178° H x 178° V , 1 x DisplayPort 1.4 | 2 x HDMI 2.1 | 
Samsung Odyssey Neo G8,Samsung , LS32BG852NNXGO | LS32BG850NUXXU | ,"32"" ",3840 x 2160 ,240 Hz ,1 ms ,VA ,16:9 ,Black / Silver ,1000 cd/m² ,0.184 mm ,Yes ,Yes , FreeSync Premium Pro | G-Sync Compatible | ,No ,,178° H x 178° V , 1 x DisplayPort 1.4 | 2 x HDMI 2.1 | 
MSI MAG 242C,MSI ,MAG 242C ,"23.6"" ",1920 x 1080 ,180 Hz ,,VA ,16:9 ,Black ,300 cd/m² ,0.272 mm ,Yes ,Yes ,FreeSync ,No ,100 x 100 ,178° H x 178° V , 1 x DisplayPort 1.2a | 1 x HDMI 2.0b | 
Sceptre C305B-200UN,Sceptre ,C305B-200UN ,"30"" ",2560 x 1080 ,200 Hz ,5 ms ,VA ,21:9 ,Black ,270 cd/m² ,0.274 mm ,Yes ,Yes ,FreeSync ,No ,,178° H x 178° V , 1 x DisplayPort | 3 x HDMI | 
MSI G272QPF E2,MSI , G272QPF E2 | 9S6-3CD39T-016 | ,"27"" ",2560 x 1440 ,180 Hz ,1 ms ,IPS ,16:9 ,Black ,300 cd/m² ,0.233 mm ,Yes ,No ,FreeSync ,No ,100 x 100 ,178° H x 178° V , 1 x DisplayPort 1.4 | 2 x HDMI 2.0b | 
Dell S2719DGF,Dell , S2719DGF | 210-AQVP | DELL-S2719DGF | ,"27"" ",2560 x 1440 ,155 Hz ,1 ms ,TN ,16:9 ,Silver ,350 cd/m² ,0.233 mm ,Yes ,No ,FreeSync ,No ,,170° H x 160° V , 1 x DisplayPort | 2 x HDMI | 
LG UltraGear 32GR93U-B,LG , 32GR93U-B | 32GR93U-B.AEK | 32GR93U-B.AUS | 32GR93U-B.AEU | ,"32"" ",3840 x 2160 ,144 Hz ,1 ms ,IPS ,16:9 ,Black ,400 cd/m² ,0.184 mm ,Yes ,No , FreeSync Premium | G-Sync Compatible | ,No ,,178° H x 178° V , 1 x DisplayPort 1.4 | 2 x HDMI | 
Gigabyte M27UP,Gigabyte , M27UP | M27UP EK | ,"27"" ",3840 x 2160 ,160 Hz ,1 ms ,IPS ,16:9 ,Black ,350 cd/m² ,0.156 mm ,Yes ,No , FreeSync Premium | G-Sync Compatible | ,Yes ,100 x 100 ,178° H x 178° V , 1 x DisplayPort 1.4 | 2 x HDMI 2.1 | 1 x USB Type-C | 
ASRock Phantom Gaming OLED PGO27QFS,ASRock , PGO27QFS | 90LXA0P0-A0E1A0C | ,"27"" ",2560 x 1440 ,240 Hz ,0.03 ms ,WOLED ,16:9 ,Black ,1300 cd/m² ,0.233 mm ,Yes ,No ,FreeSync Premium Pro ,Yes ,75 x 75 ,178° H x 178° V , 2 x DisplayPort 1.4 | 2 x HDMI 2.1 | 1 x USB Type-C 3.2 Gen 1 | 
Asus ProArt Display PA278QV,Asus , PA278QV | 90LM05L1-B01370 | 90LM05L1-B03370 | ,"27"" ",2560 x 1440 ,75 Hz ,5 ms ,IPS ,16:9 ,Black ,350 cd/m² ,0.233 mm ,Yes ,No ,FreeSync ,Yes ,,178° H x 178° V , 1 x DisplayPort | 1 x Mini-DisplayPort | 1 x DVI-D Dual Link | 1 x HDMI | 
Gigabyte M27Q,Gigabyte , M27Q | M27Q-SA | M27Q-EK | 20VM0-M27QBA-1EKR | ,"27"" ",2560 x 1440 ,170 Hz ,,IPS ,16:9 ,Black ,350 cd/m² ,0.233 mm ,Yes ,No ,FreeSync Premium ,No ,,178° H x 178° V , 1 x DisplayPort | 2 x HDMI | 
AOC 27G4XE,AOC ,27G4XE ,"27"" ",1980 x 1080 ,180 Hz ,0.5 ms ,IPS ,11:6 ,Black ,,0.304 mm ,Yes ,No , FreeSync | G-Sync Compatible | ,Yes ,100 x 100 ,178° H x 178° V , 1 x DisplayPort 1.4 | 2 x HDMI 2.0 | 
Dell SE2222H,Dell , SE2222H | G3K7D | ,"21.5"" ",1920 x 1080 ,60 Hz ,8 ms ,VA ,16:9 ,Black ,250 cd/m² ,0.248 mm ,Yes ,No ,None ,No ,100 x 100 ,178° H x 178° V , 1 x HDMI | 1 x VGA | 
Philips Evnia 24M2N3201A/00,Philips ,24M2N3201A/00 ,"23.8"" ",1920 x 1080 ,180 Hz ,1 ms ,IPS ,16:9 ,White ,300 cd/m² ,0.274 mm ,Yes ,No ,FreeSync ,Yes ,100 x 100 ,178° H x 178° V , 1 x DisplayPort 1.4 | 2 x HDMI 2.0 | 
MSI MAG 27C6F,MSI ,MAG 27C6F ,"27"" ",1920 x 1080 ,180 Hz ,0.5 ms ,VA ,16:9 ,Black ,300 cd/m² ,0.311 mm ,Yes ,Yes ,FreeSync ,No ,100 x 100 ,178° H x 178° V , 1 x DisplayPort 1.4 | 2 x HDMI 2.0b | 
Asus TUF GAMING VG249Q,Asus , VG249Q | 90LM05E0-B01170 | 90LM05E0-B03170 | ,"23.8"" ",1920 x 1080 ,144 Hz ,,IPS ,16:9 ,Black ,250 cd/m² ,0.274 mm ,Yes ,No ,FreeSync ,Yes ,,178° H x 178° V , 1 x DisplayPort | 1 x HDMI | 1 x VGA | 
Samsung S3 S30GD,Samsung , LS27D300GANXZA | S3 S30GD | ,"27"" ",1920 x 1080 ,100 Hz ,5 ms ,IPS ,16:9 ,Black ,250 cd/m² ,0.311 mm ,Yes ,No ,None ,No ,100 x 100 ,178° H x 178° V , 1 x HDMI 1.4 | 1 x VGA | 
Asus TUF Gaming VG27UQ1A,Asus ,VG27UQ1A ,"27"" ",3840 x 2160 ,160 Hz ,1 ms ,IPS ,16:9 ,Black ,300 cd/m² ,0.156 mm ,Yes ,No , FreeSync Premium | G-Sync Compatible | ,Yes ,100 x 100 ,178° H x 178° V , 1 x DisplayPort 1.4 | 2 x HDMI 2.1 | 
KTC H27S17,KTC ,H27S17 ,"27"" ",2560 x 1440 ,165 Hz ,3 ms ,VA ,16:9 ,Black ,350 cd/m² ,0.233 mm ,Yes ,Yes , FreeSync Premium | G-Sync Compatible | ,No ,100 x 100 ,178° H x 178° V , 2 x DisplayPort 1.2 | 1 x HDMI 2.0 | 
Philips Evnia 27M2N6501L,Philips , 27M2N6501L | 27M2N6501L/00 | ,"26.5"" ",2560 x 1440 ,240 Hz ,0.03 ms ,QD-OLED ,16:9 ,White ,400 cd/m² ,0.229 mm ,Yes ,No ,G-Sync Compatible ,No ,100 x 100 ,178° H x 178° V , 1 x DisplayPort 1.4 | 2 x HDMI 2.1 | 
Asus TUF Gaming VG249Q3R,Asus ,VG249Q3R ,"23.8"" ",1920 x 1080 ,180 Hz ,1 ms ,IPS ,16:9 ,Black ,250 cd/m² ,0.274 mm ,Yes ,No ,FreeSync ,Yes ,75 x 75 ,178° H x 178° V , 1 x DisplayPort 1.2 | 2 x HDMI 2.0 | 
Gigabyte AORUS CO49DQ,Gigabyte , AORUS CO49DQ | CO49DQ | AORUS CO49DQ-EK | ,"49"" ",5120 x 1440 ,144 Hz ,0.03 ms ,OLED ,32:9 ,Black ,250 cd/m² ,0.234 mm ,Yes ,Yes ,FreeSync Premium Pro ,Yes ,100 x 100 ,178° H x 178° V , 1 x DisplayPort 1.4 | 2 x HDMI 2.1 | 1 x USB Type-C | 
Acer KG241Y Sbiip,Acer , UM.QX1AA.S01 | KG241Y Sbiip | ,"23.8"" ",1920 x 1080 ,165 Hz ,,VA ,16:9 ,Black ,250 cd/m² ,0.274 mm ,Yes ,No ,FreeSync Premium ,No ,100 x 100 ,178° H x 178° V , 1 x DisplayPort 1.2 | 1 x HDMI 2.0 | 
Samsung Odyssey G8,Samsung , LS34BG850SNXZA | LS34BG850SUXXU | LS34BG850SEXXY | LS34BG850SUXEN | ,"34"" ",3440 x 1440 ,175 Hz ,0.03 ms ,QD-OLED ,21:9 ,Silver / Black ,250 cd/m² ,0.232 mm ,Yes ,Yes ,FreeSync Premium Pro ,Yes ,100 x 100 ,178° H x 178° V , 1 x Mini-DisplayPort | 1 x Micro-HDMI 2.1 | 1 x USB Type-C | 
ViewSonic OMNI VX2728J-2K,ViewSonic ,VX2728J-2K ,"27"" ",2560 x 1440 ,180 Hz ,,IPS ,16:9 ,Black ,250 cd/m² ,0.233 mm ,Yes ,No ,FreeSync Premium ,Yes ,100 x 100 ,178° H x 178° V , 1 x DisplayPort | 2 x HDMI 2.0 | 
Gigabyte GS27QCA,Gigabyte , GS27QCA | GS27QCA EU | ,"27"" ",2560 x 1440 ,180 Hz ,,VA ,16:9 ,Black ,250 cd/m² ,0.233 mm ,Yes ,Yes ,FreeSync ,No ,100 x 100 ,178° H x 178° V , 1 x DisplayPort 1.4 | 2 x HDMI 2.0 | 
Dell UltraSharp U2725QE,Dell , U2725QE | DELL-U2725QE | ,"27"" ",3840 x 2160 ,120 Hz ,5 ms ,IPS ,16:9 ,Silver ,600 cd/m² ,0.156 mm ,Yes ,No ,None ,No ,100 x 100 ,178° H x 178° V , 1 x DisplayPort 1.4 | 1 x HDMI 2.1 | 
Sceptre E248W-1920,Sceptre ,E248W-1920 ,"24"" ",1920 x 1080 ,60 Hz ,5 ms ,,16:9 ,,250 cd/m² ,0.277 mm ,Yes ,No ,None ,Yes ,,170° H x 160° V , 1 x DVI | 1 x HDMI | 1 x VGA | 
LG UltraGear 24GN60R-B,LG , 24GN60R-B | 24GN60R-B.BEU | ,"23.8"" ",1920 x 1080 ,144 Hz ,1 ms ,IPS ,16:9 ,Black ,300 cd/m² ,0.274 mm ,Yes ,No ,FreeSync Premium ,Yes ,100 x 100 ,178° H x 178° V , 1 x DisplayPort | 1 x HDMI | 
MSI MAG 244C,MSI ,MAG 244C ,"23.6"" ",1920 x 1080 ,180 Hz ,,VA ,16:9 ,Black ,250 cd/m² ,0.272 mm ,Yes ,Yes ,FreeSync ,No ,100 x 100 ,178° H x 178° V , 1 x DisplayPort 1.2a | 1 x HDMI 2.0b | 
Acer Predator X32 X,Acer , UM.JXXAA.X01 | X32 XBMIIPPHUZX | ,"31.5"" ",3840 x 2160 ,240 Hz ,0.03 ms ,OLED ,16:9 ,Black ,1000 cd/m² ,0.182 mm ,Yes ,Yes ,FreeSync Premium ,Yes ,100 x 100 ,178° H x 178° V , 1 x DisplayPort | 1 x HDMI 2.1 | 
BenQ ZOWIE XL2411P,BenQ , XL2411P | 9H.LGPLB.QBE | ,"24"" ",1920 x 1080 ,144 Hz ,1 ms ,TN ,16:9 ,Black ,350 cd/m² ,0.277 mm ,Yes ,No ,None ,No ,,170° H x 160° V , 1 x DisplayPort | 1 x DVI-D Dual Link | 
Philips Evnia 34M2C6500,Philips , 34M2C6500/27 | 34M2C6500/00 | 34M2C6500 | ,"34"" ",3440 x 1440 ,175 Hz ,0.03 ms ,QD-OLED ,21:9 ,Black ,1000 cd/m² ,0.232 mm ,Yes ,Yes ,FreeSync ,No ,100 x 100 ,178° H x 178° V , 1 x DisplayPort 1.4 | 2 x HDMI 2.0 | 
Gigabyte AORUS FO32U2P,Gigabyte , FO32U2P | AORUS FO32U2P | AORUS FO32U2P EK | ,"31.5"" ",3840 x 2160 ,240 Hz ,0.03 ms ,QD-OLED ,16:9 ,Black ,1000 cd/m² ,0.182 mm ,Yes ,No ,FreeSync Premium Pro ,Yes ,100 x 100 ,178° H x 178° V , 1 x DisplayPort 2.1 | 1 x Mini-DisplayPort 2.1 | 2 x HDMI 2.1 | 1 x USB Type-C | 
ViewSonic VA2247-MH,ViewSonic ,VA2247-MH ,"22"" ",1920 x 1080 ,75 Hz ,5 ms ,VA ,16:9 ,,250 cd/m² ,0.254 mm ,Yes ,No ,None ,Yes ,100 x 100 ,178° H x 178° V , 1 x HDMI 1.4 | 1 x VGA | 
Asus TUF Gaming VG27AQ1A,Asus , VG27AQ1A | 90LM05Z0-B02370 | 90LM05Z0-B04370 | ,"27"" ",2560 x 1440 ,170 Hz ,,IPS ,16:9 ,Black ,250 cd/m² ,0.233 mm ,Yes ,No , FreeSync | G-Sync Compatible | ,Yes ,,178° H x 178° V , 1 x DisplayPort | 2 x HDMI | 
Asus ROG Strix XG27ACMG,Asus , XG27ACMG | 90LM0A60-B01370 | 90LM0A60-B013B0 | ,"27"" ",2560 x 1440 ,270 Hz ,1 ms ,IPS ,16:9 ,Black ,400 cd/m² ,0.233 mm ,Yes ,No , FreeSync Premium | G-Sync Compatible | ,No ,100 x 100 ,178° H x 178° V , 1 x DisplayPort 1.4 | 1 x HDMI 2.1 | 
AOC 24G15N,AOC ,24G15N ,"23.8"" ",1920 x 1080 ,180 Hz ,,VA ,16:9 ,,,0.274 mm ,Yes ,No ,FreeSync ,No ,,178° H x 178° V , 1 x DisplayPort | 1 x HDMI 2.0 | 
Asus ROG Strix OLED XG32UCWG,Asus , ROG Strix OLED XG32UCWG | XG32UCWG | 90LM0BX0-B01371 | ,"31.5"" ",3840 x 2160 ,165 Hz ,0.03 ms ,WOLED ,16:9 ,Black ,1300 cd/m² ,0.182 mm ,Yes ,No , FreeSync Premium Pro | G-Sync Compatible | ,No ,,178° H x 178° V , 1 x DisplayPort 1.4 | 2 x HDMI 2.1 | 1 x USB Type-C | 
Gigabyte MO32U,Gigabyte , MO32U | MO32U EK | ,"31.5"" ",3840 x 2160 ,165 Hz ,0.03 ms ,QD-OLED ,16:9 ,Black ,1000 cd/m² ,0.182 mm ,Yes ,No ,FreeSync Premium Pro ,Yes ,100 x 100 ,178° H x 178° V , 1 x DisplayPort 1.4 | 2 x HDMI 2.1 | 1 x USB Type-C | 
BenQ EX3501R,BenQ , EX3501R | 9H.LGJLA.TSE | ,"35"" ",3440 x 1440 ,100 Hz ,4 ms ,VA ,21:9 ,Silver ,300 cd/m² ,0.238 mm ,Yes ,Yes ,FreeSync ,No ,,178° H x 178° V , 1 x DisplayPort | 2 x HDMI | 
AOC 24G4,AOC ,24G4 ,"23.8"" ",1920 x 1080 ,180 Hz ,1 ms ,IPS ,16:9 ,Black ,300 cd/m² ,0.274 mm ,Yes ,No ,FreeSync ,No ,100 x 100 ,178° H x 178° V , 1 x DisplayPort 1.4 | 1 x HDMI 2.0 | 
Asus ROG Swift OLED PG39WCDM,Asus , 90LM09R0-B011B0 | PG39WCDM | 90LM09R0-B01170 | ,"39"" ",3440 x 1440 ,240 Hz ,0.03 ms ,WOLED ,21:9 ,Black / Red ,1300 cd/m² ,0.266 mm ,Yes ,Yes , FreeSync Premium Pro | G-Sync Compatible | ,No ,100 x 100 ,178° H x 178° V , 1 x DisplayPort 1.4 | 2 x HDMI 2.1 | 1 x USB Type-C | 
HP OMEN 27QS,HP , Omen 27qs | 780J4AA#ABA | ,"27"" ",2560 x 1440 ,240 Hz ,1 ms ,IPS ,16:9 ,Black ,400 cd/m² ,0.233 mm ,Yes ,No , FreeSync Premium | G-Sync Compatible | ,Yes ,100 x 100 ,178° H x 178° V , 1 x DisplayPort 1.4 | 2 x HDMI 2.0 | 
Acer VG272U W2,Acer ,UM.HV2AA.201 ,"27"" ",2560 x 1440 ,240 Hz ,1 ms ,IPS ,16:9 ,Black / Blue ,400 cd/m² ,0.233 mm ,Yes ,No ,FreeSync Premium ,Yes ,100 x 100 ,178° H x 178° V , 1 x DisplayPort 1.4 | 1 x HDMI 2.1 | 
MSI MAG 275QPF X30,MSI ,MAG 275QPF X30 ,"27"" ",2560 x 1440 ,300 Hz ,0.5 ms ,IPS ,16:9 ,Black ,400 cd/m² ,0.233 mm ,Yes ,No ,FreeSync Premium ,No ,100 x 100 ,178° H x 178° V , 1 x DisplayPort 1.4a | 1 x HDMI 2.1 | 
LG 45GR95QE-B,LG , 45GR95QE-B | 45GR95QE-B.AUS | 45GR95QE-B.AEU | ,"44.5"" ",3440 x 1440 ,240 Hz ,0.03 ms ,OLED ,21:9 ,Black ,200 cd/m² ,0.303 mm ,Yes ,Yes , FreeSync Premium | G-Sync Compatible | ,No ,100 x 100 ,178° H x 178° V , 1 x DisplayPort | 2 x HDMI | 
MSI MAG 256F,MSI ,MAG 256F ,"24.5"" ",1920 x 1080 ,180 Hz ,1 ms ,IPS ,16:9 ,Black ,250 cd/m² ,0.282 mm ,Yes ,No ,FreeSync ,No ,75 x 75 ,178° H x 178° V , 1 x DisplayPort 1.2a | 2 x HDMI 2.0 | 
Samsung LU32J590UQNXZA,Samsung , LU32J590UQNXZA | LU32J590UQUXEN | U32J590UQN | ,"32"" ",3840 x 2160 ,60 Hz ,4 ms ,VA ,16:9 ,Black ,270 cd/m² ,0.184 mm ,Yes ,No ,FreeSync ,No ,,178° H x 178° V , 1 x DisplayPort | 2 x HDMI | 
MSI MAG 345CQR,MSI , MAG 345CQR | 9S6-3DD14H-002 | ,"34"" ",3440 x 1440 ,180 Hz ,,VA ,21:9 ,Black ,300 cd/m² ,0.232 mm ,Yes ,Yes ,FreeSync Premium ,No ,100 x 100 ,178° H x 178° V , 1 x DisplayPort 1.4a | 2 x HDMI 2.0b | 
Gigabyte G27Q,Gigabyte ,G27Q ,"27"" ",2560 x 1440 ,144 Hz ,,IPS ,16:9 ,Black ,350 cd/m² ,0.233 mm ,Yes ,No ,FreeSync Premium ,Yes ,,178° H x 178° V , 1 x DisplayPort | 2 x HDMI | 
KTC H32S25E,KTC ,H32S25E ,"32"" ",2560 x 1440 ,240 Hz ,,VA ,16:9 ,Black ,350 cd/m² ,0.277 mm ,Yes ,Yes ,FreeSync ,No ,100 x 100 ,178° H x 178° V , 1 x DisplayPort 1.4 | 2 x HDMI 2.0 | 
Dell UltraSharp U4025QW,Dell , U4025QW | 210-BMDP | K1VW5 | U4025qwsap | ,"39.7"" ",5120 x 2160 ,120 Hz ,5 ms ,IPS ,64:27 ,Silver / Black ,600 cd/m² ,0.181 mm ,Yes ,Yes ,None ,Yes ,100 x 100 ,178° H x 178° V , 1 x DisplayPort 1.4 | 1 x HDMI 2.1 | 1 x USB Type-C 3.2 Gen 2 | 
AOC AGON Pro AG326UD,AOC ,AG326UD ,"31.5"" ",3840 x 2160 ,165 Hz ,0.03 ms ,QD-OLED ,16:9 ,Black ,1000 cd/m² ,0.182 mm ,Yes ,No ,FreeSync ,Yes ,100 x 100 ,178° H x 178° V , 1 x DisplayPort 1.4 | 2 x HDMI 2.1 | 
Pixio PX277 OLED MAX,Pixio ,PX277OLEDMAX ,"27"" ",2560 x 1440 ,240 Hz ,0.03 ms ,OLED ,16:9 ,Black ,1000 cd/m² ,0.233 mm ,Yes ,Yes ,FreeSync ,Yes ,100 x 100 ,178° H x 178° V , 1 x DisplayPort 1.4 | 2 x HDMI 2.0 | 1 x USB Type-C | 
LG UltraGear 27GR75Q-B,LG , 27GR75Q-B | 27GR75Q-B.AEU | ,"27"" ",2560 x 1440 ,165 Hz ,1 ms ,IPS ,16:9 ,Black ,300 cd/m² ,0.233 mm ,Yes ,No , FreeSync Premium | G-Sync Compatible | ,No ,100 x 100 ,178° H x 178° V , 1 x DisplayPort 1.4 | 2 x HDMI | 
Samsung Odyssey G7,Samsung ,LS28BG702ENXGO ,"28"" ",3840 x 2160 ,144 Hz ,1 ms ,IPS ,16:9 ,Black ,300 cd/m² ,0.161 mm ,Yes ,No , FreeSync Premium Pro | G-Sync Compatible | ,Yes ,100 x 100 ,178° H x 178° V , 1 x DisplayPort 1.4 | 2 x HDMI 2.1 | 
MSI Optix G32C4W,MSI ,Optix G32C4W ,"31.5"" ",1920 x 1080 ,165 Hz ,,VA ,16:9 ,Black ,250 cd/m² ,0.363 mm ,Yes ,Yes ,FreeSync Premium ,No ,100 x 100 ,178° H x 178° V , 1 x DisplayPort 1.2 | 2 x HDMI 1.4 | 
Asus ROG Strix XG27WCMS,Asus , 90LM09Y1-B013B0 | XG27WCMS | ,"27"" ",2560 x 1440 ,280 Hz ,1 ms ,VA ,16:9 ,,400 cd/m² ,0.233 mm ,Yes ,Yes ,FreeSync Premium ,No ,100 x 100 ,178° H x 178° V , 1 x DisplayPort 1.4 | 1 x HDMI 2.1 | 1 x USB Type-C | 
ViewSonic VA1903H,ViewSonic ,VA1903H ,"18.5"" ",1366 x 768 ,60 Hz ,5 ms ,TN ,16:9 ,Black ,200 cd/m² ,0.3 mm ,Yes ,No ,None ,No ,,90° H x 65° V , 1 x HDMI | 1 x VGA | 
Dell G2724D,Dell , G2724D | D09JJ | ,"27"" ",2560 x 1440 ,165 Hz ,1 ms ,IPS ,16:9 ,Black ,400 cd/m² ,0.233 mm ,Yes ,No , FreeSync Premium | G-Sync Compatible | ,No ,100 x 100 ,178° H x 178° V , 2 x DisplayPort 1.4 | 1 x HDMI | 
MSI MAG 274UPDF E16M,MSI ,MAG 274UPDF E16M ,"27"" ",3840 x 2160 ,160 Hz ,0.5 ms ,IPS Mini LED ,16:9 ,Black ,1000 cd/m² ,0.156 mm ,Yes ,No ,FreeSync ,No ,100 x 100 ,178° H x 178° V , 1 x DisplayPort 1.4a | 2 x HDMI 2.1 | 
Asus ProArt Display PA278CGV,Asus , 90LM05L1-B043B0 | PA278CGV | 90LM05L1-B04370 | ,"27"" ",2560 x 1440 ,144 Hz ,5 ms ,IPS ,16:9 ,Silver / Black ,400 cd/m² ,0.233 mm ,Yes ,No ,FreeSync Premium ,Yes ,100 x 100 ,178° H x 178° V , 1 x DisplayPort 1.4 | 2 x HDMI 2.0 | 1 x USB Type-C | 
Asus ROG Swift Pro PG248QP,Asus , PG248QP | ROG Swift Pro PG248QP | 90LM08T0-B013B0 | 90LM08T0-B01370 | ,"24.1"" ",1920 x 1080 ,540 Hz ,0.2 ms ,TN ,16:9 ,Black ,400 cd/m² ,0.278 mm ,Yes ,No ,G-Sync ,No ,100 x 100 ,170° H x 160° V , 1 x DisplayPort 1.4 | 2 x HDMI 2.0 | 
KTC H27E22P,KTC ,H27E22P ,"27"" ",1920 x 1080 ,280 Hz ,,VA ,16:9 ,Black ,350 cd/m² ,0.311 mm ,Yes ,No ,FreeSync ,No ,100 x 100 ,178° H x 178° V , 1 x DisplayPort 1.4 | 2 x HDMI 2.0 | 
Dell Alienware AW2725QF,Dell , AW2725QF | aw2725qfsap | 2932X | 210-BNJJ | 210-BNHT | GAME-AW2725QF | ,"27"" ",3840 x 2160 ,180 Hz ,0.5 ms ,IPS ,16:9 ,Black ,600 cd/m² ,0.156 mm ,Yes ,No , FreeSync | G-Sync Compatible | ,No ,100 x 100 ,178° H x 178° V , 1 x DisplayPort 1.4 | 2 x HDMI 2.1 | 
AOC CU34G4,AOC ,CU34G4 ,"34"" ",3440 x 1440 ,180 Hz ,1 ms ,VA ,21:9 ,Black ,300 cd/m² ,0.232 mm ,Yes ,Yes ,FreeSync Premium ,No ,100 x 100 ,178° H x 178° V , 1 x DisplayPort 1.4 | 2 x HDMI 2.0 | 
ASRock Challenger CL25FFA,ASRock ,CL25FFA ,"24.5"" ",1920 x 1080 ,120 Hz ,,IPS ,16:9 ,Black ,300 cd/m² ,0.282 mm ,Yes ,No ,None ,No ,100 x 100 ,178° H x 178° V , 1 x HDMI 1.4 | 1 x VGA | 
LG 27G850A-B,LG , 27G850A-B | 27G850A-B.AEU | ,"27"" ",3840 x 2160 ,240 Hz ,1 ms ,IPS ,16:9 ,Black ,450 cd/m² ,0.156 mm ,Yes ,No , FreeSync Premium Pro | G-Sync Compatible | ,Yes ,,178° H x 178° V , 1 x DisplayPort 2.1 | 2 x HDMI 2.1 | 
KOORUI 34E6UC,KOORUI ,34E6UC ,"34"" ",3440 x 1440 ,165 Hz ,,VA ,21:9 ,Black ,400 cd/m² ,0.232 mm ,Yes ,Yes , FreeSync | G-Sync Compatible | ,No ,75 x 75 ,178° H x 178° V , 1 x DisplayPort 1.4 | 2 x HDMI 2.0 | 
MSI Pro MP243XW,MSI ,Pro MP243XW ,"23.8"" ",1920 x 1080 ,100 Hz ,4 ms ,IPS ,16:9 ,White ,300 cd/m² ,0.274 mm ,Yes ,No ,FreeSync ,Yes ,75 x 75 ,178° H x 178° V , 1 x DisplayPort 1.2a | 1 x HDMI 1.4 | 
Pixio PX246 Wave,Pixio ,810166730693 ,"24"" ",1920 x 1080 ,120 Hz ,4 ms ,IPS ,16:9 ,Pink ,300 cd/m² ,0.277 mm ,Yes ,No ,FreeSync ,Yes ,100 x 100 ,178° H x 178° V , 1 x HDMI 2.0 | 1 x VGA | 
Xiaomi Mi,Xiaomi ,XM700001 ,"34"" ",3440 x 1440 ,144 Hz ,4 ms ,VA ,21:9 ,Black ,300 cd/m² ,0.232 mm ,Yes ,Yes ,FreeSync Premium ,No ,,178° H x 178° V , 2 x DisplayPort | 2 x HDMI | 
Asus VA27EHF,Asus , 90LM0550-B031B0 | 90lm0550-b04170 | VA27EHF | ,"27"" ",1920 x 1080 ,100 Hz ,,IPS ,16:9 ,Black ,250 cd/m² ,0.311 mm ,Yes ,No ,FreeSync ,No ,100 x 100 ,178° H x 178° V ,1 x HDMI 1.4 
KTC M27P6,KTC ,M27P6 ,"27"" ",3840 x 2160 ,160 Hz ,,IPS Mini LED ,16:9 ,White ,1400 cd/m² ,0.156 mm ,Yes ,No , FreeSync | G-Sync Compatible | ,No ,100 x 100 ,178° H x 178° V , 1 x DisplayPort 1.4 | 2 x HDMI 2.1 | 1 x USB Type-C | 
Asus ROG Strix Pulsar XG27AQNGV,Asus , XG27AQNGV | 90LM0BF0-B013B2 | Strix Pulsar XG27AQNGV | ROG Strix Pulsar XG27AQNGV | 90LM0BF0-B01371 | ,"27"" ",2560 x 1440 ,360 Hz ,1 ms ,IPS ,16:9 ,Black ,500 cd/m² ,0.233 mm ,Yes ,No ,G-Sync ,No ,100 x 100 ,178° H x 178° V , 1 x DisplayPort 1.4 | 2 x HDMI 2.1 | 
LG UltraGear 39GS95QE-B,LG , 39GS95QE-B | 39GS95QE-B.AEU | ,"39"" ",3440 x 1440 ,240 Hz ,0.03 ms ,OLED ,21:9 ,Black ,275 cd/m² ,0.266 mm ,Yes ,Yes , FreeSync Premium Pro | G-Sync Compatible | ,No ,100 x 100 ,178° H x 178° V , 1 x DisplayPort | 1 x HDMI | 
MSI MAG 274QF,MSI , MAG 274QF | 274QF | ,"27"" ",2560 x 1440 ,180 Hz ,0.5 ms ,IPS ,16:9 ,Black ,250 cd/m² ,0.233 mm ,Yes ,No ,FreeSync ,No ,100 x 100 ,178° H x 178° V , 1 x DisplayPort 1.4a | 2 x HDMI 2.0b | 
KTC H32T13,KTC ,H32T13 ,"32"" ",2560 x 1440 ,120 Hz ,3 ms ,IPS ,16:9 ,Black ,350 cd/m² ,0.277 mm ,Yes ,No , FreeSync | G-Sync Compatible | ,No ,100 x 100 ,178° H x 178° V , 1 x DisplayPort 1.4 | 2 x HDMI 2.0 | 
Acer Nitro XV270U F4bmiiprx,Acer ,UM.HX0AA.402 ,"27"" ",2560 x 1440 ,400 Hz ,0.5 ms ,,16:9 ,Black ,400 cd/m² ,0.233 mm ,Yes ,No ,FreeSync Premium ,Yes ,100 x 100 ,178° H x 178° V , 1 x DisplayPort 1.4 | 2 x HDMI 2.1 | 
LG UltraWide 34U650A-B,LG , 34U650A-B | 34U650A-B.AEU | ,"34"" ",3440 x 1440 ,100 Hz ,5 ms ,IPS ,21:9 ,Black ,300 cd/m² ,0.232 mm ,Yes ,Yes ,FreeSync ,Yes ,,178° H x 178° V , 1 x DisplayPort 1.4 | 2 x HDMI | 
LG Ultragear 32GS85Q,LG , 32GS85Q | 32GS85Q-B.AEK | 32GS85Q-B.AHK | 32GS85Q-B.AAU | 32GS85Q-B | 32GS85Q-B.AEU | ,"31.5"" ",2560 x 1440 ,180 Hz ,1 ms ,IPS ,16:9 ,Black ,350 cd/m² ,0.272 mm ,Yes ,No , FreeSync | G-Sync Compatible | ,No ,100 x 100 ,178° H x 178° V , 1 x DisplayPort 1.4 | 2 x HDMI | 
Samsung Odyssey G65B,Samsung ,LS32BG652ENXGO ,"32"" ",2560 x 1440 ,240 Hz ,1 ms ,VA ,16:9 ,Black ,350 cd/m² ,0.277 mm ,Yes ,Yes ,FreeSync Premium Pro ,Yes ,100 x 100 ,178° H x 178° V , 1 x DisplayPort 1.4 | 22 x HDMI 2.1 | 
MSI MAG 321CUP QD-OLED,MSI , MAG 321CUP QD-OLED | 9S6-3DD54T-007 | 9S6-3DD54T-006 | 9S6-3DD54T-001 | ,"31.5"" ",3840 x 2160 ,165 Hz ,0.03 ms ,QD-OLED ,16:9 ,Black ,450 cd/m² ,0.182 mm ,Yes ,Yes ,G-Sync Compatible ,No ,100 x 100 ,178° H x 178° V , 1 x DisplayPort 1.4a | 1 x HDMI 2.1 | 1 x USB Type-C | 
Pixio PX248 Wave,Pixio ,PX248WAVEW ,"23.8"" ",1920 x 1080 ,200 Hz ,1 ms ,IPS ,16:9 ,White ,300 cd/m² ,0.274 mm ,Yes ,No ,FreeSync ,Yes ,75 x 75 ,178° H x 178° V , 1 x DisplayPort 1.4 | 1 x HDMI 2.0 | 
Samsung Odyssey G9,Samsung , LC49G95TSSNXZA | LC49G95TSSUXEN | LC49G95TSSRXEN | ,"49"" ",5120 x 1440 ,240 Hz ,1 ms ,VA ,32:9 ,Black / White ,1000 cd/m² ,0.234 mm ,Yes ,Yes , FreeSync Premium Pro | G-Sync Compatible | ,No ,,178° H x 178° V , 2 x DisplayPort | 1 x HDMI | 
Dell AW2723DF,Dell , AW2723DF | Aw2723dfsap | 210-BFEK | CTR1D | GAME-AW2723DF | 210-BFII | ,"27"" ",2560 x 1440 ,240 Hz ,1 ms ,IPS ,16:9 ,Silver / Black ,600 cd/m² ,0.233 mm ,Yes ,No , FreeSync Premium Pro | G-Sync Compatible | ,No ,100 x 100 ,178° H x 178° V , 1 x DisplayPort 1.4 | 2 x HDMI 2.0 | 
Samsung T350,Samsung ,LF24T350FHNXZA ,"24"" ",1920 x 1080 ,75 Hz ,5 ms ,IPS ,16:9 ,Blue ,250 cd/m² ,0.277 mm ,Yes ,No ,FreeSync ,No ,,178° H x 178° V , 1 x HDMI 1.4 | 1 x VGA | 
Dell S2725QC,Dell , S2725QC | W2FG2 | 210-BRNC | s2725qcsap | ,"27"" ",3840 x 2160 ,120 Hz ,4 ms ,IPS ,16:9 ,,350 cd/m² ,0.156 mm ,Yes ,No ,FreeSync Premium ,Yes ,100 x 100 ,178° H x 178° V , 2 x HDMI 2.1 | 1 x USB Type-C 3.2 Gen 1 | 
BenQ GW2283,BenQ , GW2283 | 9H.LHLLA.TBE | ,"21.5"" ",1920 x 1080 ,60 Hz ,5 ms ,IPS ,16:9 ,Black ,250 cd/m² ,0.248 mm ,Yes ,No ,None ,Yes ,,178° H x 178° V , 2 x HDMI | 1 x VGA | 
Gigabyte GS27FC,Gigabyte , GS27FC | 20VM0-GS27FCBM-1EUR | ,"27"" ",1920 x 1080 ,180 Hz ,,VA ,16:9 ,Black ,250 cd/m² ,0.311 mm ,Yes ,Yes ,FreeSync Premium ,No ,100 x 100 ,178° H x 178° V , 1 x DisplayPort 1.4 | 2 x HDMI 2.0 | 
Dell Alienware AW2724HF,Dell , Aw2724hfsap | 2XKG2 | ,"27"" ",1920 x 1080 ,360 Hz ,0.5 ms ,IPS ,16:9 ,Black ,400 cd/m² ,0.311 mm ,Yes ,No ,FreeSync Premium ,No ,100 x 100 ,178° H x 178° V , 2 x DisplayPort 1.4 | 1 x HDMI | 
LG UltraGear OLED 39GS95QE-W,LG ,39GS95QE-W ,"39"" ",3440 x 1440 ,240 Hz ,0.03 ms ,OLED ,21:9 ,White ,275 cd/m² ,0.266 mm ,Yes ,Yes , FreeSync Premium Pro | G-Sync Compatible | ,No ,100 x 100 ,178° H x 178° V , 1 x DisplayPort 1.4 | 2 x HDMI 2.1 | 
Asus VA249QG,Asus ,VA249QG ,"23.8"" ",1920 x 1080 ,120 Hz ,,IPS ,16:9 ,Black ,300 cd/m² ,0.274 mm ,Yes ,No ,FreeSync ,Yes ,100 x 100 ,178° H x 178° V , 1 x DisplayPort 1.2 | 1 x HDMI 1.4 | 1 x VGA | 
LG UltraGear GX8 32GX850A-B,LG , 32GX850A-B | 32GX850A-B.AEU | ,"31.5"" ",3840 x 2160 ,165 Hz ,0.03 ms ,WOLED ,16:9 ,Black ,275 cd/m² ,0.182 mm ,Yes ,No , FreeSync Premium Pro | G-Sync Compatible | ,No ,100 x 100 ,178° H x 178° V , 1 x DisplayPort 1.4 | 2 x HDMI 2.1 | 
Dell Alienware AW3423DW,Dell , AW3423DW | 4R75F | 210-BDSZ | GAME-AW3423DW | ,"34.18"" ",3440 x 1440 ,175 Hz ,0.1 ms ,QD-OLED ,21:9 ,Black / White ,1000 cd/m² ,0.233 mm ,Yes ,Yes ,G-Sync Ultimate ,No ,,178° H x 178° V , 1 x DisplayPort 1.4 | 2 x HDMI 2.0 | 
Dell Alienware AW3225DM,Dell ,AW3225DM ,"31.5"" ",2560 x 1440 ,180 Hz ,1 ms ,VA ,16:9 ,Black ,,0.272 mm ,Yes ,Yes ,FreeSync ,No ,,178° H x 178° V , 1 x DisplayPort 1.4 | 2 x HDMI 2.1 | 
Corsair XENEON FLEX 45WQHD240,Corsair , CM-9030001-NA | 45WQHD240 | CM-9030001-PE | ,"45"" ",3440 x 1440 ,240 Hz ,0.03 ms ,OLED ,21:9 ,,1000 cd/m² ,0.306 mm ,Yes ,Yes , FreeSync Premium | G-Sync Compatible | ,No ,,178° H x 178° V , 1 x DisplayPort 1.4 | 2 x HDMI 2.1 | 1 x USB Type-C | 
Samsung Odyssey G5,Samsung ,LC32G57TQWNXDC ,"32"" ",2560 x 1440 ,144 Hz ,,VA ,16:9 ,Black ,250 cd/m² ,0.277 mm ,Yes ,Yes ,FreeSync ,No ,,178° H x 178° V , 1 x DisplayPort 1.2 | 1 x HDMI 2.0 | 
MSI MPG 491CQP QD-OLED,MSI , MPG 491CQP QD-OLED | 9S6-3FA84T-001 | 9S6-3FA84T-008 | MPG 491CQPDE QD-OLED | ,"49"" ",5120 x 1440 ,144 Hz ,0.03 ms ,QD-OLED ,32:9 ,Black ,250 cd/m² ,0.234 mm ,Yes ,Yes ,FreeSync ,No ,100 x 100 ,178° H x 178° V , 1 x DisplayPort 1.4a | 2 x HDMI 2.1 | 1 x USB Type-C | 
LG UltraFine evo,LG ,32U990A-S ,"32"" ",6144 x 3456 ,60 Hz ,5 ms ,Nano IPS ,16:9 ,Silver ,450 cd/m² ,0.115 mm ,Yes ,No ,None ,Yes ,100 x 100 ,178° H x 178° V , 1 x DisplayPort 2.1 | 1 x HDMI 2.1 | 1 x USB Type-C | 
Gigabyte G24F 2,Gigabyte , G24F 2 | G24F 2 US | 9DG24F2-00-1ABEU | ,"23.8"" ",1920 x 1080 ,180 Hz ,,IPS ,16:9 ,Black ,300 cd/m² ,0.274 mm ,Yes ,No ,FreeSync Premium ,No ,100 x 100 ,178° H x 178° V , 1 x DisplayPort 1.2 | 2 x HDMI 2.0 | 
MSI PRO MP341CQW,MSI , PRO MP341CQW | 9S6-3PB2CT-009 | ,"34"" ",3440 x 1440 ,100 Hz ,4 ms ,VA ,21:9 ,White / Black ,,0.232 mm ,Yes ,Yes ,FreeSync ,Yes ,100 x 100 ,178° H x 178° V , 1 x DisplayPort 1.2a | 2 x HDMI 2.0b | 
Gigabyte M27Q2 QD,Gigabyte ,M27Q2 QD ,"27"" ",2560 x 1440 ,210 Hz ,1 ms ,IPS ,16:9 ,Black ,350 cd/m² ,0.233 mm ,Yes ,No ,G-Sync Compatible ,No ,100 x 100 ,178° H x 178° V , 1 x DisplayPort 1.4 | 2 x HDMI 2.0 | 1 x USB Type-C | 
Acer SB220Q bi,Acer ,SB220Q bi ,"21.5"" ",1920 x 1080 ,75 Hz ,4 ms ,IPS ,16:9 ,Black ,250 cd/m² ,0.248 mm ,Yes ,No ,FreeSync ,No ,,178° H x 178° V , 1 x HDMI | 1 x VGA | 
Dell Alienware AW2521HF,Dell ,AW2521HF ,"24.5"" ",1920 x 1080 ,240 Hz ,1 ms ,IPS ,16:9 ,Black ,400 cd/m² ,0.282 mm ,Yes ,No , FreeSync Premium Pro | G-Sync Compatible | ,No ,,178° H x 178° V , 1 x DisplayPort | 2 x HDMI | 
Asus ROG Strix XG27UCG,Asus ,XG27UCG ,"27"" ",3840 x 2160 ,160 Hz ,1 ms ,IPS ,16:9 ,Black ,400 cd/m² ,0.156 mm ,Yes ,No ,FreeSync Premium ,No ,100 x 100 ,178° H x 178° V , 1 x DisplayPort 1.4 | 1 x HDMI 2.1 | 1 x USB Type-C | 
Asus ROG Swift 360Hz PG27AQN,Asus , 90LM0820-B01370 | PG27AQN | ROG Swift 360Hz PG27AQN | 90LM0820-B013B0 | ,"27"" ",2560 x 1440 ,360 Hz ,1 ms ,IPS ,16:9 ,Black / Copper ,600 cd/m² ,0.233 mm ,Yes ,No ,G-Sync ,No ,100 x 100 ,178° H x 178° V , 1 x DisplayPort 1.4 | 3 x HDMI 2.0 | 
BenQ ZOWIE XL2540K,BenQ , XL2540K | 9H.LJMLB.QBE | ,"24.5"" ",1920 x 1080 ,240 Hz ,,TN ,16:9 ,Black / Red ,320 cd/m² ,0.282 mm ,Yes ,No ,None ,No ,100 x 100 ,170° H x 160° V , 1 x DisplayPort 1.2 | 3 x HDMI 2.0 | 
BenQ ZOWIE XL2586X,BenQ , XL2586X | ZOWIE XL2586X | 9H.LM4LB.QBE | ,"24.1"" ",1920 x 1080 ,540 Hz ,,TN ,16:9 ,Black ,320 cd/m² ,0.278 mm ,Yes ,No ,FreeSync ,No ,100 x 100 ,, 1 x DisplayPort 1.4 | 3 x HDMI 2.1 | 
AOC Agon PRO AG346UCD,AOC ,AG346UCD ,"34"" ",3440 x 1440 ,175 Hz ,0.03 ms ,QD-OLED ,21:9 ,Black ,1000 cd/m² ,0.232 mm ,Yes ,Yes , FreeSync | G-Sync Compatible | ,Yes ,100 x 100 ,178° H x 178° V , 1 x DisplayPort 1.4 | 2 x HDMI 2.0 | 
Samsung Odyssey Neo G70NC,Samsung , LS43CG702NNXZA | S43CG702NN | ,"43"" ",3840 x 2160 ,144 Hz ,,VA Mini LED ,16:9 ,Black / White ,400 cd/m² ,0.248 mm ,Yes ,No ,FreeSync Premium Pro ,Yes ,200 x 100 ,178° H x 178° V , 1 x DisplayPort 1.4 | 2 x HDMI 2.1 | 
Acer Predator X27U bmiipruzx,Acer , UM.HXXAA.001 | Predator X27U bmiipruzx | UM.HXXEE.001 | ,"27"" ",2560 x 1440 ,240 Hz ,0.03 ms ,OLED ,16:9 ,Black ,1000 cd/m² ,0.233 mm ,Yes ,No ,FreeSync Premium Pro ,Yes ,100 x 100 ,178° H x 178° V , 1 x DisplayPort 1.4 | 1 x HDMI 2.0 | 
AOC C24G1,AOC ,C24G1 ,"24"" ",1920 x 1080 ,144 Hz ,1 ms ,VA ,16:9 ,Black ,250 cd/m² ,0.277 mm ,Yes ,Yes ,FreeSync ,No ,,178° H x 178° V , 1 x DisplayPort | 2 x HDMI | 1 x VGA | 
Acer V226HQL H,Acer ,UM.WV6AA.H01 ,"21.5"" ",1920 x 1080 ,100 Hz ,4 ms ,VA ,16:9 ,Black ,250 cd/m² ,0.248 mm ,Yes ,No ,None ,No ,,178° H x 178° V , 1 x HDMI 1.4 | 1 x VGA | 
ViewEra V158HB,ViewEra ,V158HB ,"15"" ",1024 x 768 ,60 Hz ,8 ms ,TN ,4:3 ,Black ,350 cd/m² ,0.298 mm ,No ,No ,None ,Yes ,,170° H x 160° V ,1 x VGA 
ViewSonic VX3276-4K-MHD,ViewSonic ,VX3276-4K-MHD ,"31.5"" ",3840 x 2160 ,60 Hz ,3 ms ,VA ,16:9 ,Silver ,300 cd/m² ,0.182 mm ,Yes ,No ,None ,Yes ,,178° H x 178° V , 1 x DisplayPort | 1 x Mini-DisplayPort | 2 x HDMI | 
HP OMEN 24,HP , 780D9AA#ABA | 780D9AA | OMEN 24 | ,"23.8"" ",1920 x 1080 ,165 Hz ,1 ms ,IPS ,16:9 ,Black ,300 cd/m² ,0.274 mm ,Yes ,No ,FreeSync Premium ,No ,100 x 100 ,178° H x 178° V , 1 x DisplayPort 1.4 | 2 x HDMI 2.0 | 
Philips Evnia 5000 32M2C5501,Philips , 32M2C5501/00 | 32M2C5501/75 | ,"31.5"" ",2560 x 1440 ,180 Hz ,1 ms ,VA ,16:9 ,White ,300 cd/m² ,0.272 mm ,Yes ,Yes ,FreeSync ,No ,100 x 100 ,178° H x 178° V , 1 x DisplayPort 1.4 | 2 x HDMI 2.0 | 
Pixio PXC248 Wave,Pixio ,PXC248WAVEW ,"24"" ",1920 x 1080 ,200 Hz ,1 ms ,VA ,16:9 ,White ,,0.277 mm ,Yes ,Yes ,FreeSync ,Yes ,100 x 100 ,178° H x 178° V , 1 x DisplayPort 1.4 | 1 x HDMI 2.0 | 
Lenovo Legion R24e,Lenovo ,67CCGAC4US ,"23.8"" ",1920 x 1080 ,180 Hz ,,IPS ,16:9 ,,300 cd/m² ,0.274 mm ,Yes ,No ,FreeSync ,No ,,178° H x 178° V , 1 x DisplayPort 1.4 | 1 x HDMI 2.1 | 
Dell Alienware AW3425DWM,Dell ,AW3425DWM ,"34"" ",3440 x 1440 ,180 Hz ,1 ms ,VA ,21:9 ,Black ,400 cd/m² ,0.232 mm ,Yes ,Yes ,FreeSync Premium ,No ,100 x 100 ,178° H x 178° V , 1 x DisplayPort 1.4 | 1 x HDMI 2.1 | 
AOC CQ27G4X,AOC ,CQ27G4X ,"27"" ",2560 x 1440 ,180 Hz ,1 ms ,VA ,16:9 ,Black ,300 cd/m² ,0.233 mm ,Yes ,Yes ,FreeSync ,No ,,178° H x 178° V , 1 x DisplayPort 1.4 | 2 x HDMI 2.0 | 
Lenovo Legion Y25-25,Lenovo ,66AAGAC6US ,"24.5"" ",1920 x 1080 ,240 Hz ,,IPS ,16:9 ,Black / Blue ,400 cd/m² ,0.282 mm ,Yes ,No ,FreeSync Premium ,No ,,178° H x 178° V , 1 x DisplayPort | 1 x HDMI | 
Dell S2721DGF,Dell , S2721DGF | DCY89 | 210-AXEH | ,"27"" ",2560 x 1440 ,165 Hz ,1 ms ,IPS ,16:9 ,Silver / Blue ,400 cd/m² ,0.233 mm ,Yes ,No , FreeSync Premium Pro | G-Sync Compatible | ,No ,,178° H x 178° V , 1 x DisplayPort | 2 x HDMI | 
Asus ROG Swift PG65UQ,Asus , PG65UQ | 90LM0460-B01370 | ,"64.5"" ",3840 x 2160 ,144 Hz ,4 ms ,VA ,16:9 ,Black ,1000 cd/m² ,0.372 mm ,Yes ,No ,G-Sync Ultimate ,Yes ,,178° H x 178° V , 1 x DisplayPort | 4 x HDMI | 
KOORUI GP01,KOORUI ,GP01 ,"23.8"" ",2560 x 1440 ,165 Hz ,1 ms ,IPS ,16:9 ,Black ,350 cd/m² ,0.206 mm ,Yes ,No , FreeSync Premium | G-Sync Compatible | ,No ,100 x 100 ,178° H x 178° V , 1 x DisplayPort 1.4 | 2 x HDMI 2.0 | 
MSI G32C4X,MSI ,G32C4X ,"31.5"" ",1920 x 1080 ,250 Hz ,,VA ,16:9 ,Black ,300 cd/m² ,0.363 mm ,Yes ,Yes ,FreeSync ,No ,100 x 100 ,178° H x 178° V , 1 x DisplayPort 1.2a | 2 x HDMI 2.0 | 
Gigabyte ‎M28U,Gigabyte , M28U-SA | M28U-EK | M28U-EU | M28U | ,"28"" ",3840 x 2160 ,144 Hz ,1 ms ,IPS ,16:9 ,Black ,300 cd/m² ,0.161 mm ,Yes ,No ,FreeSync Premium Pro ,No ,,178° H x 178° V , 1 x DisplayPort | 2 x HDMI | 
MSI MPG 274URDFW E16M,MSI ,MPG 274URDFW E16M ,"27"" ",3840 x 2160 ,160 Hz ,0.5 ms ,IPS Mini LED ,16:9 ,Black / White ,1000 cd/m² ,0.156 mm ,Yes ,No ,FreeSync ,No ,100 x 100 ,178° H x 178° V , 1 x DisplayPort 1.4a | 2 x HDMI 2.1 | 
ASRock Phantom Gaming PG27FFX1B,ASRock ,PG27FFX1B ,"27"" ",1920 x 1080 ,520 Hz ,1 ms ,IPS ,16:9 ,Black ,400 cd/m² ,0.311 mm ,Yes ,No ,FreeSync Premium ,Yes ,100 x 100 ,178° H x 178° V , 1 x DisplayPort 1.4 | 2 x HDMI 2.1 | 
Asus TUF Gaming VG279QM1A,Asus , 90LM05X0-B013B0 | TUF Gaming VG279QM1A | 90lm05x0-b01370 | VG279QM1A | ,"27"" ",1920 x 1080 ,280 Hz ,1 ms ,IPS ,16:9 ,Black ,300 cd/m² ,0.311 mm ,Yes ,No , FreeSync Premium | G-Sync Compatible | ,Yes ,100 x 100 ,178° H x 178° V , 1 x DisplayPort 1.4 | 2 x HDMI 2.0 | 
Philips 241V8LB,Philips , 241V8LB | 241V8LB/27 | ,"23.8"" ",1920 x 1080 ,100 Hz ,4 ms ,VA ,16:9 ,Black ,250 cd/m² ,0.274 mm ,Yes ,No ,FreeSync ,No ,100 x 100 ,178° H x 178° V , 1 x HDMI 1.4 | 1 x VGA | 
Acer Nitro VG252Q P,Acer ,UM.KV2SG.P01 ,"24.5"" ",1920 x 1080 ,144 Hz ,,IPS ,16:9 ,Black / Red ,400 cd/m² ,0.282 mm ,Yes ,No , FreeSync | G-Sync Compatible | ,Yes ,,178° H x 178° V , 1 x DisplayPort | 2 x HDMI | 
Asus ROG Strix XG259QNS,Asus , XG259QNS | ROG Strix XG259QNS | 90LM09M0-B01370 | ,"24.5"" ",1920 x 1080 ,380 Hz ,0.3 ms ,IPS ,16:9 ,Black ,400 cd/m² ,0.282 mm ,Yes ,No ,FreeSync Premium ,No ,100 x 100 ,178° H x 178° V , 1 x DisplayPort 1.4 | 2 x HDMI 2.0 | 
Asus ProArt Display PA248QV,Asus , PA248QV | 90LM05K1-B01370 | ,"24.1"" ",1920 x 1200 ,75 Hz ,5 ms ,IPS ,16:10 ,Black ,300 cd/m² ,0.27 mm ,Yes ,No ,FreeSync ,Yes ,100 x 100 ,178° H x 178° V , 1 x DisplayPort | 1 x HDMI | 1 x VGA | 
LG 27GR95QE-B,LG , 27GR95QE-B | 27GR95QE-B.AUS | 27GR95QE-B.AEU | 27GR95QE-B.AEK | ,"26.5"" ",2560 x 1440 ,240 Hz ,0.03 ms ,OLED ,16:9 ,Black ,200 cd/m² ,0.229 mm ,Yes ,No , FreeSync Premium | G-Sync Compatible | ,No ,,178° H x 178° V , 1 x DisplayPort | 2 x HDMI | 
Asus ROG Strix XG32WCS,Asus , XG32WCS | 90LM0AC0-B019B0 | ,"31.5"" ",2560 x 1440 ,180 Hz ,1 ms ,VA ,16:9 ,Black ,350 cd/m² ,0.272 mm ,Yes ,Yes ,FreeSync ,No ,100 x 100 ,178° H x 178° V , 1 x DisplayPort 1.4 | 1 x HDMI 2.0 | 1 x USB Type-C | 
AOC G2490VX,AOC ,G2490VX ,"23.8"" ",1920 x 1080 ,144 Hz ,1 ms ,VA ,16:9 ,Black / Red ,350 cd/m² ,0.274 mm ,Yes ,No , FreeSync Premium | G-Sync Compatible | ,No ,,178° H x 178° V , 1 x DisplayPort | 2 x HDMI | 
Asus ROG Strix XG27AQV,Asus , XG27AQV | 90LM08G0-B01AB0 | ROG Strix XG27AQV | 90LM08G0-B01A70 | ,"27"" ",2560 x 1440 ,170 Hz ,1 ms ,IPS ,16:9 ,Black ,400 cd/m² ,0.233 mm ,Yes ,Yes , FreeSync Premium | G-Sync Compatible | ,No ,100 x 100 ,178° H x 178° V , 1 x DisplayPort 1.2 | 2 x HDMI 2.0 | 
BenQ Zowie XL2566K,BenQ , XL2566K | 9H.LKRLB.QBE | ,"24.5"" ",1920 x 1080 ,360 Hz ,,TN ,16:9 ,Black / Red ,320 cd/m² ,0.282 mm ,Yes ,No , FreeSync Premium | G-Sync Compatible | ,No ,100 x 100 ,170° H x 160° V , 1 x DisplayPort 1.4 | 2 x HDMI 2.0 | 
Asus ROG Strix XG259CS,Asus , XG259CS | ROG Strix XG259CS | 90lm0am0-b01370 | 90LM0AM0-B013B0 | ,"24.5"" ",1920 x 1080 ,180 Hz ,1 ms ,IPS ,16:9 ,Black ,400 cd/m² ,0.282 mm ,Yes ,No ,FreeSync ,No ,100 x 100 ,178° H x 178° V , 1 x DisplayPort 1.4 | 1 x HDMI 2.0 | 1 x USB Type-C | 
KTC Q24T09,KTC ,Q24T09 ,"24"" ",2560 x 1440 ,180 Hz ,,IPS ,16:9 ,Black ,350 cd/m² ,0.208 mm ,Yes ,No , FreeSync Premium | G-Sync Compatible | ,No ,100 x 100 ,178° H x 178° V , 2 x DisplayPort 1.4 | 2 x HDMI 2.0 | 
MSI MAG 321UP QD-OLED,MSI , MAG 321UP QD-OLED | 9S6-3DD39T-025 | MAG 321UPDE QD-OLED | 9S6-3DD39T-012 | ,"31.5"" ",3840 x 2160 ,165 Hz ,0.03 ms ,QD-OLED ,16:9 ,Black ,1000 cd/m² ,0.182 mm ,Yes ,No ,FreeSync ,No ,100 x 100 ,178° H x 178° V , 1 x DisplayPort | 2 x HDMI 2.1 | 1 x USB Type-C | 
AOC U27G4R,AOC ,U27G4R ,"27"" ",3840 x 2160 ,160 Hz ,1 ms ,IPS ,16:9 ,Black ,400 cd/m² ,0.156 mm ,Yes ,No , FreeSync | G-Sync Compatible | ,No ,100 x 100 ,178° H x 178° V , 1 x DisplayPort 1.4 | 2 x HDMI 2.1 | 
Dell Alienware AW2724DM,Dell , AW2724DM | 210-BHBL | GAME-AW2724DM | 210-BHTL | ,"27"" ",2560 x 1440 ,165 Hz ,1 ms ,IPS ,16:9 ,Black ,600 cd/m² ,0.233 mm ,Yes ,No , FreeSync Premium Pro | G-Sync Compatible | ,No ,100 x 100 ,178° H x 178° V , 2 x DisplayPort 1.4 | 1 x HDMI 2.1 | 
Asus ProArt PA279CRV,Asus , PA279CRV | 90LM08E0-B01K70 | 90LM08E0-B01KB0 | ,"27"" ",3840 x 2160 ,60 Hz ,5 ms ,IPS ,16:9 ,Silver ,400 cd/m² ,0.156 mm ,Yes ,No ,FreeSync ,Yes ,,178° H x 178° V , 1 x DisplayPort 1.4 | 2 x HDMI 2.0 | 
KTC H24T09P,KTC ,H24T09P ,"23.8"" ",1920 x 1080 ,165 Hz ,1 ms ,IPS ,16:9 ,Black ,300 cd/m² ,0.274 mm ,Yes ,No , FreeSync | G-Sync Compatible | ,No ,100 x 100 ,178° H x 178° V , 2 x DisplayPort 1.4 | 2 x HDMI 2.0 | 
MSI Modern MD342CQPW,MSI ,Modern MD342CQPW ,"34"" ",3440 x 1440 ,120 Hz ,4 ms ,VA ,21:9 ,White ,300 cd/m² ,0.232 mm ,Yes ,Yes ,FreeSync ,Yes ,75 x 75 ,178° H x 178° V , 1 x DisplayPort 1.4a | 2 x HDMI 2.0b | 
Dell E2020H,Dell , DELL-E2020H | 210-AURO | ,"19.5"" ",1600 x 900 ,60 Hz ,5 ms ,TN ,16:9 ,Black ,250 cd/m² ,0.27 mm ,Yes ,No ,None ,No ,,170° H x 160° V , 1 x DisplayPort | 1 x VGA | 
KTC H25X7,KTC ,H25X7 ,"24.5"" ",1920 x 1080 ,400 Hz ,,IPS ,16:9 ,Silver ,400 cd/m² ,0.282 mm ,Yes ,No ,FreeSync ,No ,,178° H x 178° V , 2 x DisplayPort 1.4 | 2 x HDMI 2.0 | 
MSI MAG 32CQ6F,MSI , MAG 32CQ6F | 9S6-3DC91M-004 | 9S6-3DC91M-001 | ,"31.5"" ",2560 x 1440 ,180 Hz ,0.5 ms ,VA ,16:9 ,Black ,400 cd/m² ,0.272 mm ,Yes ,Yes ,FreeSync ,No ,100 x 100 ,178° H x 178° V , 1 x DisplayPort 1.4 | 2 x HDMI 2.0b | 
Gigabyte M32U,Gigabyte , M32U | M32U-EK | M32U-SA | 20VM0-M32UBT-1EKR | M32U-AE | ,"31.5"" ",3840 x 2160 ,144 Hz ,,IPS ,16:9 ,Black ,350 cd/m² ,0.182 mm ,Yes ,No ,FreeSync Premium Pro ,Yes ,,178° H x 178° V , 1 x DisplayPort | 2 x HDMI | 
MSI Pro,MSI ,Pro MP273AW ,"27"" ",1920 x 1080 ,100 Hz ,4 ms ,IPS ,16:9 ,White ,,0.311 mm ,Yes ,No ,FreeSync ,Yes ,75 x 75 ,178° H x 178° V , 1 x DisplayPort 1.2a | 1 x HDMI 1.4 | 1 x VGA | 
KTC G42P5,KTC ,G42P5 ,"42"" ",3840 x 2160 ,138 Hz ,0.1 ms ,OLED ,16:9 ,Black ,600 cd/m² ,0.242 mm ,Yes ,No , FreeSync Premium | G-Sync Compatible | ,Yes ,100 x 100 ,178° H x 178° V , 1 x DisplayPort 1.4 | 2 x HDMI 2.1 | 1 x USB Type-C | 
Asus TUF Gaming VG249Q1A,Asus , VG249Q1A | 90LM06J1-B01170 | TUF Gaming VG249Q1A | 90LM06J1-B011B0 | 90LM06J1-B02170 | ,"23.8"" ",1920 x 1080 ,165 Hz ,,IPS ,16:9 ,,250 cd/m² ,0.274 mm ,Yes ,No ,FreeSync Premium ,Yes ,100 x 100 ,178° H x 178° V , 1 x DisplayPort 1.2 | 2 x HDMI 1.4 | 
KOORUI 27E3QK,KOORUI ,27E3QK ,"27"" ",2560 x 1440 ,240 Hz ,1 ms ,IPS ,16:9 ,Black ,,0.233 mm ,Yes ,No ,FreeSync Premium ,No ,,178° H x 178° V , 1 x DisplayPort 1.4 | 2 x HDMI 2.0 | 
Asus TUF Gaming VG249QM1A,Asus , 90LM06J0-B023B0 | VG249QM1A | 90lm06j0-b02370 | ,"23.8"" ",1920 x 1080 ,270 Hz ,1 ms ,IPS ,16:9 ,Black ,350 cd/m² ,0.274 mm ,Yes ,No , FreeSync Premium | G-Sync Compatible | ,Yes ,100 x 100 ,178° H x 178° V , 1 x DisplayPort 1.2 | 2 x HDMI 2.0 | 
AOC C32G2,AOC ,C32G2 ,"32"" ",1920 x 1080 ,165 Hz ,,,16:9 ,Black / Red ,250 cd/m² ,0.369 mm ,Yes ,Yes ,FreeSync ,No ,,178° H x 178° V ,
LG 27GL850-B,LG , 27GL850-B | 27GL850-B.AEU | ,"27"" ",2560 x 1440 ,144 Hz ,1 ms ,IPS ,16:9 ,Black ,350 cd/m² ,0.233 mm ,Yes ,No , FreeSync | G-Sync Compatible | ,No ,,178° H x 178° V , 1 x DisplayPort | 2 x HDMI | 
Sceptre C275W-1920RN,Sceptre ,C275W-1920RN ,"27"" ",1920 x 1080 ,75 Hz ,8 ms ,VA ,16:9 ,Black / Silver ,250 cd/m² ,0.311 mm ,Yes ,Yes ,None ,Yes ,,178° H x 178° V , 1 x HDMI | 1 x VGA | 
Samsung Odyssey OLED G95SD,Samsung , LS49DG954SUXEN | LS49DG950SUXEN | ,"49"" ",5120 x 1440 ,240 Hz ,0.03 ms ,QD-OLED ,32:9 ,Black / Silver ,250 cd/m² ,0.234 mm ,Yes ,Yes ,FreeSync Premium Pro ,Yes ,,178° H x 178° V , 1 x DisplayPort 1.4 | 1 x HDMI 2.1 | 1 x Micro-HDMI 2.1 | 
Samsung Odyssey OLED G91SD,Samsung , LS49DG910SNXZA | LS49FG912EEXXY | LS49DG910SUXEN | LS49DG912SUXEN | ,"49"" ",5120 x 1440 ,144 Hz ,0.03 ms ,QD-OLED ,32:9 ,Silver ,250 cd/m² ,0.234 mm ,Yes ,Yes , FreeSync Premium Pro | G-Sync Compatible | ,No ,,178° H x 178° V , 1 x DisplayPort 1.4 | 1 x HDMI 2.1 | 1 x Micro-HDMI 2.1 | 
Asus ROG Strix XG49VQ,Asus , XG49VQ | 90LM04H0-B01170 | ,"49"" ",3840 x 1080 ,144 Hz ,4 ms ,VA ,32:9 ,Black ,400 cd/m² ,0.312 mm ,Yes ,Yes ,FreeSync ,Yes ,,178° H x 178° V , 1 x DisplayPort | 2 x HDMI | 
KTC H27T22S,KTC ,H27T22S ,"27"" ",2560 x 1440 ,180 Hz ,1 ms ,IPS ,16:9 ,Black ,350 cd/m² ,0.233 mm ,Yes ,No ,FreeSync ,No ,100 x 100 ,178° H x 178° V , 2 x DisplayPort 1.4 | 2 x HDMI 2.0 | 
Pixio PX279 Wave,Pixio ,PX279WAVEW ,"27"" ",1920 x 1080 ,240 Hz ,1 ms ,IPS ,16:9 ,White ,350 cd/m² ,0.311 mm ,Yes ,No ,FreeSync ,Yes ,75 x 75 ,178° H x 178° V , 1 x DisplayPort 1.4 | 2 x HDMI 2.0 | 
KTC M27T6,KTC ,M27T6 ,"27"" ",2560 x 1440 ,180 Hz ,,VA Mini LED ,16:9 ,White / Black ,1400 cd/m² ,0.233 mm ,Yes ,No ,FreeSync ,No ,,178° H x 178° V , 1 x DisplayPort 1.4 | 2 x HDMI 2.0 | 
Samsung Odyssey G9 G95C,Samsung ,LS49CG954ENXZA ,"49"" ",5120 x 1440 ,240 Hz ,1 ms ,VA ,32:9 ,Black ,1000 cd/m² ,0.234 mm ,Yes ,Yes ,FreeSync Premium Pro ,No ,100 x 100 ,178° H x 178° V , 1 x DisplayPort 1.4 | 2 x HDMI 2.1 | 
ViewSonic VX2718-P-MHD,ViewSonic ,VX2718-P-MHD ,"27"" ",1920 x 1080 ,165 Hz ,5 ms ,VA ,16:9 ,,250 cd/m² ,0.311 mm ,Yes ,No ,None ,Yes ,100 x 100 ,178° H x 178° V , 1 x DisplayPort | 2 x HDMI 1.4 | 
Samsung Odyssey G5 C34G55T,Samsung ,LC34G55TWWNXZA ,"34"" ",3440 x 1440 ,165 Hz ,,VA ,21:9 ,Black ,250 cd/m² ,0.232 mm ,Yes ,Yes ,FreeSync Premium ,No ,,178° H x 178° V , 1 x DisplayPort | 1 x HDMI | 
MSI PRO MP275 E2,MSI ,PRO MP275 E2 ,"27"" ",1920 x 1080 ,120 Hz ,4 ms ,IPS ,16:9 ,Black ,300 cd/m² ,0.311 mm ,Yes ,No ,FreeSync ,Yes ,100 x 100 ,178° H x 178° V , 1 x DisplayPort 1.2a | 1 x HDMI 2.0 | 1 x VGA | 
Lenovo Legion Pro 34WD-10,Lenovo , 67C9UAC1US | 67c9uac1au | 67C9UAC1UK | 67C9UAC1EU | ,"34"" ",3440 x 1440 ,240 Hz ,0.3 ms ,OLED ,21:9 ,White / Black ,450 cd/m² ,0.232 mm ,Yes ,No ,FreeSync Premium Pro ,Yes ,100 x 100 ,178° H x 178° V , 1 x DisplayPort 1.4 | 2 x HDMI 2.1 | 1 x USB Type-C | 
KTC H32S17,KTC ,H32S17 ,"31.5"" ",2560 x 1440 ,165 Hz ,3 ms ,VA ,16:9 ,Black ,300 cd/m² ,0.272 mm ,Yes ,Yes , FreeSync Premium | G-Sync Compatible | ,No ,100 x 100 ,178° H x 178° V , 2 x DisplayPort 1.2 | 1 x HDMI 2.0 | 
ASRock Phantom Gaming PG27QRT2A,ASRock , PG27QRT2A | 90LXA0E0-A0E1A0V | ,"27"" ",2560 x 1440 ,180 Hz ,,VA ,16:9 ,Black ,300 cd/m² ,0.233 mm ,Yes ,Yes ,FreeSync ,Yes ,100 x 100 ,178° H x 178° V , 1 x DisplayPort 1.4 | 2 x HDMI 2.0 | 
ViewSonic XG2431,ViewSonic ,XG2431 ,"23.8"" ",1920 x 1080 ,240 Hz ,,IPS ,16:9 ,Black ,350 cd/m² ,0.274 mm ,Yes ,No ,FreeSync Premium ,Yes ,,178° H x 178° V , 1 x DisplayPort 1.4 | 2 x HDMI 2.0 | 
LG 22MP410-B,LG , 22MP410-B | 22MP410-B.AEU | ,"21.5"" ",1920 x 1080 ,75 Hz ,20 ms ,VA ,16:9 ,,250 cd/m² ,0.248 mm ,Yes ,No ,FreeSync ,No ,75 x 75 ,178° H x 178° V , 1 x HDMI | 1 x VGA | 
Samsung Odyssey G70F,Samsung ,LS27FG706ENXZA ,"27"" ",3840 x 2160 ,180 Hz ,1 ms ,IPS ,16:9 ,Black ,350 cd/m² ,0.156 mm ,Yes ,No , FreeSync Premium | G-Sync Compatible | ,No ,100 x 100 ,178° H x 178° V , 1 x DisplayPort 1.4 | 2 x HDMI 2.1 | 
MSI G274QPF-QD,MSI ,G274QPF-QD ,"27"" ",2560 x 1440 ,170 Hz ,1 ms ,IPS ,16:9 ,Black ,400 cd/m² ,0.233 mm ,Yes ,No ,FreeSync Premium ,No ,75 x 75 ,178° H x 178° V , 1 x DisplayPort 1.4 | 2 x HDMI 2.0b | 
Asus ROG Strix XG27ACMS,Asus , XG27ACMS | 90LM0BE0-B01171 | 90LM0BE0-B011B3 | ,"27"" ",2560 x 1440 ,320 Hz ,1 ms ,,16:9 ,Black ,500 cd/m² ,0.233 mm ,Yes ,No , FreeSync Premium | G-Sync Compatible | ,No ,100 x 100 ,178° H x 178° V , 1 x DisplayPort 1.4 | 1 x HDMI 2.1 | 
Asus ROG Strix XG27AQMR,Asus , ROG Strix XG27AQMR | 90LM08K0-B01170 | Strix XG27AQMR | 90LM08K0-B011B0 | XG27AQMR | ,"27"" ",2560 x 1440 ,300 Hz ,1 ms ,IPS ,16:9 ,,600 cd/m² ,0.233 mm ,Yes ,No , FreeSync Premium Pro | G-Sync Compatible | ,No ,100 x 100 ,178° H x 178° V , 1 x DisplayPort 1.4 | 2 x HDMI 2.0 | 
Asus VG32VQ1B,Asus , VG32VQ1B | 90LM0661-B01170 | ,"31.5"" ",2560 x 1440 ,165 Hz ,,VA ,16:9 ,Black ,250 cd/m² ,0.272 mm ,Yes ,Yes , FreeSync | FreeSync Premium | ,Yes ,,178° H x 178° V , 1 x DisplayPort 1.2 | 2 x HDMI 2.0 | 
LG UltraGear ‎27GN650-B,LG , 27GN650-B | 27GN650-B.AEU | ,"27"" ",1920 x 1080 ,144 Hz ,1 ms ,IPS ,16:9 ,Black / Red ,350 cd/m² ,0.311 mm ,Yes ,No , FreeSync Premium | G-Sync Compatible | ,No ,,178° H x 178° V , 1 x DisplayPort | 2 x HDMI | 
Asus ProArt PQ22UC,Asus , PQ22UC | 90LM0470-B013B0 | 90LM047E-B01370 | ,"21.6"" ",3840 x 2160 ,60 Hz ,1 ms ,OLED ,16:9 ,,330 cd/m² ,0.125 mm ,Yes ,No ,None ,No ,,178° H x 178° V ,2 x VirtualLink 
Dell S3222DGM,Dell , S3222DGM | HCR0M | 210-AZZR | ,"31.5"" ",2560 x 1440 ,165 Hz ,2 ms ,VA ,16:9 ,Black ,350 cd/m² ,0.272 mm ,Yes ,Yes ,FreeSync ,No ,,178° H x 178° V , 1 x DisplayPort | 2 x HDMI | 
Acer Predator X27U X1bmiiphx,Acer , UM.GXXAA.101 | X27U X1bmiiphx | ,"26.5"" ",2560 x 1440 ,240 Hz ,0.03 ms ,QD-OLED ,16:9 ,Black ,1000 cd/m² ,0.229 mm ,Yes ,No ,FreeSync Premium Pro ,Yes ,,178° H x 178° V , 1 x DisplayPort 1.4 | 2 x HDMI 2.1 | 
Gigabyte AORUS FO32U2,Gigabyte , FO32U2 | AORUS FO32U2 | AORUS FO32U2 EK | ,"31.5"" ",3840 x 2160 ,240 Hz ,0.03 ms ,QD-OLED ,16:9 ,Black ,1000 cd/m² ,0.182 mm ,Yes ,No ,FreeSync Premium Pro ,Yes ,100 x 100 ,178° H x 178° V , 1 x DisplayPort 1.4 | 2 x HDMI 2.1 | 1 x USB Type-C | 
MSI Optix G24C4,MSI ,Optix G24C4 ,"23.6"" ",1920 x 1080 ,144 Hz ,1 ms ,VA ,16:9 ,Black ,250 cd/m² ,0.272 mm ,Yes ,Yes ,FreeSync ,No ,,178° H x 178° V , 1 x DisplayPort | 2 x HDMI | 
AOC U27B3A,AOC ,U27B3A ,"27"" ",3840 x 2160 ,60 Hz ,4 ms ,IPS ,16:9 ,Black ,350 cd/m² ,0.156 mm ,Yes ,No ,FreeSync ,Yes ,100 x 100 ,178° H x 178° V , 1 x DisplayPort 1.4 | 2 x HDMI 2.0 | 
Gigabyte AORUS FO27Q3,Gigabyte , FO27Q3 | AORUS FO27Q3 | AORUS FO27Q3 EK | ,"27"" ",2560 x 1440 ,360 Hz ,0.03 ms ,QD-OLED ,16:9 ,Black ,1000 cd/m² ,0.233 mm ,Yes ,No ,FreeSync Premium Pro ,Yes ,100 x 100 ,178° H x 178° V , 1 x DisplayPort 1.4 | 2 x HDMI 2.1 | 1 x USB Type-C | 
Asus ROG Strix XG32UCG,Asus , ROG Strix XG32UCG | Strix XG32UCG | XG32UCG | ,"31.5"" ",3840 x 2160 ,160 Hz ,1 ms ,IPS ,16:9 ,Black ,400 cd/m² ,0.182 mm ,Yes ,No , FreeSync Premium | G-Sync Compatible | ,No ,100 x 100 ,178° H x 178° V , 1 x DisplayPort 1.4 | 1 x HDMI 2.1 | 1 x USB Type-C | 
HP OMEN 34c,HP , OMEN 34c | 780k8aa#abu | 780K8AA#ABA | ,"34"" ",3440 x 1440 ,165 Hz ,1 ms ,VA ,21:9 ,Black ,400 cd/m² ,0.232 mm ,Yes ,Yes ,FreeSync Premium ,Yes ,100 x 100 ,178° H x 178° V , 1 x DisplayPort 1.4 | 2 x HDMI 2.0 | 
Acer Nitro XV272U Vbmiiprx,Acer , XV272U Vbmiiprx | UM.HX2AA.V02 | ,"27"" ",2560 x 1440 ,170 Hz ,,IPS ,16:9 ,Black / Red ,400 cd/m² ,0.233 mm ,Yes ,No ,FreeSync Premium ,Yes ,,178° H x 178° V , 1 x DisplayPort | 2 x HDMI | 
MSI Pro,MSI , Pro MP273A | 9S6-3PB4CH-068 | ,"27"" ",1920 x 1080 ,100 Hz ,4 ms ,IPS ,16:9 ,Black ,,0.311 mm ,Yes ,No ,FreeSync ,Yes ,75 x 75 ,178° H x 178° V , 1 x DisplayPort 1.2a | 1 x HDMI 1.4 | 1 x VGA | 
BenQ ZOWIE XL2546X+,BenQ ,XL2546X+ ,"24.1"" ",1920 x 1080 ,280 Hz ,,TN ,16:9 ,Black ,320 cd/m² ,0.278 mm ,Yes ,No ,FreeSync ,No ,100 x 100 ,170° H x 160° V , 1 x DisplayPort 1.2 | 3 x HDMI 2.0 | 
Gigabyte GS27FA,Gigabyte , GS27FA | GS27FA EU | ,"27"" ",1920 x 1080 ,190 Hz ,,IPS ,16:9 ,Black ,300 cd/m² ,0.311 mm ,Yes ,No ,None ,No ,100 x 100 ,178° H x 178° V , 1 x DisplayPort 1.4 | 2 x HDMI 2.0 | 
Samsung ARK,Samsung , LS55BG970NNXGO | LS55BG970NUXXU | LS55BG970NEXXY | LS55BG970NUXEN | LS55BG970NMXUE | ,"55"" ",3840 x 2160 ,165 Hz ,1 ms ,VA ,16:9 ,Black ,1000 cd/m² ,0.317 mm ,Yes ,Yes ,FreeSync Premium Pro ,Yes ,200 x 200 ,178° H x 178° V ,1 x HDMI 2.1 
AOC AG276QZD,AOC ,AG276QZD ,"26.5"" ",2560 x 1440 ,240 Hz ,0.03 ms ,OLED ,16:9 ,Black ,800 cd/m² ,0.229 mm ,Yes ,No , FreeSync | G-Sync Compatible | ,Yes ,100 x 100 ,178° H x 178° V , 2 x DisplayPort 1.4 | 2 x HDMI 2.0 | 
AOC AGON Pro AG276UZD,AOC ,AG276UZD ,"26.5"" ",3840 x 2160 ,240 Hz ,0.03 ms ,QD-OLED ,16:9 ,Black ,,0.153 mm ,Yes ,No ,FreeSync ,Yes ,100 x 100 ,178° H x 178° V , 1 x DisplayPort 2.1 | 2 x HDMI 2.1 | 1 x USB Type-C | 
Gigabyte GS27Q X,Gigabyte , GS27Q X | GS27Q X EU | ,"27"" ",2560 x 1440 ,250 Hz ,,IPS ,16:9 ,Black ,300 cd/m² ,0.233 mm ,Yes ,No ,FreeSync Premium ,No ,100 x 100 ,178° H x 178° V , 1 x DisplayPort 1.4 | 2 x HDMI 2.0 | 
Asus ROG Strix XG27WCS,Asus , XG27WCS | ROG Strix XG27WCS | 90LM09P1-B01370 | ,"27"" ",2560 x 1440 ,180 Hz ,1 ms ,VA ,16:9 ,Black ,400 cd/m² ,0.233 mm ,Yes ,No ,FreeSync ,No ,100 x 100 ,178° H x 178° V , 1 x DisplayPort 1.4 | 1 x HDMI 2.0 | 1 x USB Type-C | 
ViewSonic VX2758A-2K-PRO-2,ViewSonic ,VX2758A-2K-PRO-2 ,"27"" ",2560 x 1440 ,185 Hz ,,IPS ,16:9 ,Black ,300 cd/m² ,0.233 mm ,Yes ,No ,FreeSync ,No ,100 x 100 ,178° H x 178° V , 1 x DisplayPort 1.4 | 2 x HDMI 2.0 | 
LG 32GN600-B,LG , 32GN600-B | 32GN600-B.AEU | ,"31.5"" ",2560 x 1440 ,165 Hz ,5 ms ,VA ,16:9 ,Black / Red ,350 cd/m² ,0.272 mm ,Yes ,No , FreeSync Premium | G-Sync Compatible | ,No ,,178° H x 178° V , 1 x DisplayPort | 2 x HDMI | 
Samsung Odyssey G51C,Samsung , LS27CG510EUXXU | LS27CG510EUXEN | ,"27"" ",2560 x 1440 ,165 Hz ,,VA ,16:9 ,Black ,300 cd/m² ,0.233 mm ,Yes ,No ,FreeSync Premium ,No ,100 x 100 ,178° H x 178° V , 1 x DisplayPort 1.4 | 2 x HDMI 2.0 | 
LG UltraGear 34GP63A-B,LG ,34GP63A-B ,"34"" ",3440 x 1440 ,160 Hz ,5 ms ,VA ,21:9 ,Black ,300 cd/m² ,0.232 mm ,Yes ,Yes ,FreeSync Premium ,Yes ,100 x 100 ,178° H x 178° V , 1 x DisplayPort | 2 x HDMI | 
MSI MAG 321CUP,MSI , MAG 321CUP | 9S6-3DC54A-012 | ,"31.5"" ",3840 x 2160 ,160 Hz ,,VA ,16:9 ,Black ,350 cd/m² ,0.182 mm ,Yes ,Yes ,FreeSync Premium ,No ,100 x 100 ,178° H x 178° V , 1 x DisplayPort 1.4a | 2 x HDMI 2.1 | 1 x USB Type-C | 
Asus VA24EHE,Asus , VA24EHE | 90LM0560-B011B0 | 90LM0560-B01170 | 90LM0569-B01170 | ,"23.8"" ",1920 x 1080 ,75 Hz ,,IPS ,16:9 ,Black ,250 cd/m² ,0.274 mm ,Yes ,No ,FreeSync ,No ,,178° H x 178° V , 1 x DVI-D Dual Link | 1 x HDMI | 1 x VGA | 
Samsung Odyssey G65B,Samsung , LS27BG652ENXGO | S27BG652EN | ,"27"" ",2560 x 1440 ,240 Hz ,1 ms ,VA ,16:9 ,Black ,350 cd/m² ,0.233 mm ,Yes ,Yes ,FreeSync Premium Pro ,Yes ,,178° H x 178° V ,
Asus VP228H,Asus ,VP228H ,"21.5"" ",1920 x 1080 ,60 Hz ,1 ms ,TN ,16:9 ,,250 cd/m² ,0.248 mm ,Yes ,No ,None ,Yes ,,170° H x 160° V , 1 x DVI | 1 x HDMI | 1 x VGA | 
Dell C1422H,Dell , C1422H | 210-BBIJ | 8TJ3R | DELL-C1422H | 210-AZZZ | ,"14"" ",1920 x 1080 ,60 Hz ,,IPS ,16:9 ,,300 cd/m² ,0.161 mm ,Yes ,No ,None ,No ,,178° H x 178° V ,2 x USB Type-C 
LG UltraFine 27US550-W,LG , 27US550-W | 27US550-W.AEU | ,"27"" ",3840 x 2160 ,60 Hz ,5 ms ,IPS ,16:9 ,Silver ,300 cd/m² ,0.156 mm ,Yes ,No ,None ,No ,100 x 100 ,178° H x 178° V , 1 x DisplayPort 1.4 | 2 x HDMI | 
Asus VZ249QG1R,Asus , 90LM05W1-B02EB0 | VZ249QG1R | ,"23.8"" ",1920 x 1080 ,75 Hz ,,IPS ,16:9 ,,250 cd/m² ,0.274 mm ,Yes ,No ,FreeSync ,Yes ,75 x 75 ,178° H x 178° V , 1 x DisplayPort 1.2 | 1 x HDMI 1.4 | 
MSI G244F E2,MSI , G244F E2 | 9S6-3BB4CH-021 | ,"23.8"" ",1920 x 1080 ,180 Hz ,1 ms ,IPS ,16:9 ,Black ,300 cd/m² ,0.274 mm ,Yes ,No ,FreeSync ,No ,75 x 75 ,178° H x 178° V , 1 x DisplayPort 1.2a | 2 x HDMI 2.0b | 
LG 27EP950,LG , 27EP950 | 27EP950-B | ,"27"" ",3840 x 2160 ,60 Hz ,1 ms ,OLED ,16:9 ,,250 cd/m² ,0.156 mm ,Yes ,No ,None ,No ,100 x 100 ,178° H x 178° V , 2 x DisplayPort | 1 x HDMI | 1 x USB Type-C | 
MSI Optix G241,MSI , Optix G241 | 9S6-3BA41T-006 | 9S6-3BA41T-002 | G241 | ,"23.8"" ",1920 x 1080 ,144 Hz ,1 ms ,IPS ,16:9 ,Black ,250 cd/m² ,0.274 mm ,Yes ,No ,FreeSync ,No ,,178° H x 178° V , 1 x DisplayPort | 2 x HDMI | 
Asus TUF Gaming VG32AQA1A,Asus , 90LM07L0-B033B0 | VG32AQA1A | TUF Gaming VG32AQA1A | 90LM07L0-B02370 | ,"31.5"" ",2560 x 1440 ,170 Hz ,,VA ,16:9 ,Black ,300 cd/m² ,0.272 mm ,Yes ,No ,FreeSync Premium ,Yes ,100 x 100 ,178° H x 178° V , 1 x DisplayPort 1.2 | 2 x HDMI 2.0 | 
MSI Pro MP241X,MSI , Pro MP241X | 9S6-3BA9CH-031 | ,"23.8"" ",1920 x 1080 ,75 Hz ,4 ms ,VA ,16:9 ,,250 cd/m² ,0.274 mm ,Yes ,No ,None ,No ,75 x 75 ,178° H x 178° V , 1 x HDMI 1.4 | 1 x VGA | 
Pixio PX278 Wave,Pixio ,PX278WAVEK ,"27"" ",2560 x 1440 ,180 Hz ,1 ms ,IPS ,16:9 ,Pink ,350 cd/m² ,0.233 mm ,Yes ,No ,FreeSync ,Yes ,75 x 75 ,178° H x 178° V , 1 x DisplayPort 1.4 | 2 x HDMI 2.0 | 
MSI G274QPF,MSI ,G274QPF ,"27"" ",2560 x 1440 ,170 Hz ,1 ms ,IPS ,16:9 ,Black ,,0.233 mm ,Yes ,No , FreeSync | G-Sync Compatible | ,No ,75 x 75 ,178° H x 178° V , 1 x DisplayPort 1.4a | 2 x HDMI 2.0b | 1 x USB Type-C | 
Pixio PX279 Wave,Pixio ,PX279WAVEK ,"27"" ",1920 x 1080 ,240 Hz ,1 ms ,IPS ,16:9 ,Pink ,350 cd/m² ,0.311 mm ,Yes ,No ,FreeSync ,Yes ,75 x 75 ,178° H x 178° V , 1 x DisplayPort 1.4 | 2 x HDMI 2.0 | 
Samsung Odyssey Neo G7 G75NB,Samsung ,LS32BG750NPXEN ,"32"" ",3840 x 2160 ,165 Hz ,1 ms ,Mini LED ,16:9 ,Black ,2000 cd/m² ,0.184 mm ,Yes ,Yes , FreeSync Premium Pro | G-Sync Compatible | ,No ,100 x 100 ,178° H x 178° V , 1 x DisplayPort 1.4 | 2 x HDMI 2.1 | 
Asus ProArt Display PA27JCV,Asus , PA27JCV | ProArt Display PA27JCV | 90LM0AL0-B01KB0 | 90LM0AL0-B01K70 | ,"27"" ",5120 x 2880 ,60 Hz ,5 ms ,IPS ,16:9 ,Black ,500 cd/m² ,0.117 mm ,Yes ,No ,FreeSync ,No ,100 x 100 ,178° H x 178° V , 1 x DisplayPort 1.4 | 1 x HDMI 2.1 | 1 x USB Type-C | 
MSI Optix G274QRFW,MSI , G274QRFW | OPTIX G274QRFW | ,"27"" ",2560 x 1440 ,170 Hz ,1 ms ,IPS ,16:9 ,White ,300 cd/m² ,0.233 mm ,Yes ,No , FreeSync Premium | G-Sync Compatible | ,No ,75 x 75 ,178° H x 178° V , 1 x DisplayPort 1.4 | 2 x HDMI 2.0b | 
Acer Nitro ED270U S3,Acer , ED270U S3 | UM.HE0SA.302 | UM.HE0SG.301 | ,"27"" ",2560 x 1440 ,180 Hz ,,VA ,16:9 ,,250 cd/m² ,0.233 mm ,Yes ,Yes ,FreeSync ,Yes ,75 x 75 ,178° H x 178° V , 1 x DisplayPort 1.4 | 2 x HDMI 2.0 | 
Asus ProArt Display PA27DCE-K,Asus , 90LM0810-B02IB0 | PA27DCE-K | 90LM0810-B01I70 | ,"26.9"" ",3840 x 2160 ,60 Hz ,0.1 ms ,OLED ,16:9 ,Black ,350 cd/m² ,0.155 mm ,Yes ,No ,None ,Yes ,100 x 100 ,178° H x 178° V , 1 x DisplayPort 1.4 | 3 x HDMI 2.0 | 1 x USB Type-C 3.2 Gen 1 | 
HP OMEN 32 Transcend,HP , Omen 32 Transcend | 9R181AA#ABA | ,"31.5"" ",3840 x 2160 ,240 Hz ,0.03 ms ,QD-OLED ,16:9 ,Black ,250 cd/m² ,0.182 mm ,Yes ,No , FreeSync Premium Pro | G-Sync Compatible | ,Yes ,100 x 100 ,178° H x 178° V , 1 x DisplayPort 2.1 | 2 x HDMI 2.1 | 1 x USB Type-C 3.2 Gen 2 | 
MSI G244F,MSI ,G244F ,"23.8"" ",1920 x 1080 ,170 Hz ,1 ms ,IPS ,16:9 ,Black ,250 cd/m² ,0.274 mm ,Yes ,No ,FreeSync Premium ,No ,75 x 75 ,178° H x 178° V , 1 x DisplayPort 1.2a | 2 x HDMI 2.0b | 
Samsung ViewFinity S50GC,Samsung ,LS34C502GANXZA ,"34"" ",3440 x 1440 ,100 Hz ,5 ms ,VA ,21:9 ,Black ,300 cd/m² ,0.232 mm ,Yes ,No ,FreeSync ,No ,100 x 100 ,178° H x 178° V , 1 x DisplayPort 1.2 | 2 x HDMI 2.0 | 
ASRock Phantom Gaming PG25FFT,ASRock , PG25FFT | 90LXA0K0-A0E1A0N | ,"24.5"" ",1920 x 1080 ,180 Hz ,,IPS ,16:9 ,Black ,300 cd/m² ,0.282 mm ,Yes ,No ,FreeSync ,Yes ,100 x 100 ,178° H x 178° V , 1 x DisplayPort 1.4 | 2 x HDMI 2.0 | 
Asus ROG Swift PG279QM,Asus , PG279QM | 90LM0235-B01370 | 90LM0235-B013B0 | ROG-SWIFT-PG279QM | ,"27"" ",2560 x 1440 ,240 Hz ,1 ms ,IPS ,16:9 ,Black / Orange ,400 cd/m² ,0.233 mm ,Yes ,No ,G-Sync ,Yes ,,178° H x 178° V , 1 x DisplayPort | 3 x HDMI | 
Sceptre C248W-1920RN,Sceptre ,C248W-1920RN ,"23.6"" ",1920 x 1080 ,75 Hz ,5 ms ,VA ,16:9 ,Black / Silver ,250 cd/m² ,0.272 mm ,Yes ,Yes ,None ,Yes ,,178° H x 178° V , 1 x HDMI | 1 x VGA | 
LG 24GN650-B,LG , 24GN650-B | 24GN650-B.AEU | ,"24"" ",1920 x 1080 ,144 Hz ,1 ms ,IPS ,16:9 ,Black / Red ,300 cd/m² ,0.277 mm ,Yes ,No ,FreeSync Premium ,No ,,178° H x 178° V , 1 x DisplayPort | 2 x HDMI | 
Acer R240HY bidx,Acer , R240HY bidx | UM.QR0AA.001 | ,"23.8"" ",1920 x 1080 ,60 Hz ,4 ms ,IPS ,16:9 ,,250 cd/m² ,0.274 mm ,Yes ,No ,None ,No ,,, 1 x DVI | 1 x HDMI | 1 x VGA | 
Dell UltraSharp U2724D,Dell , U2724D | P3FG2 | 210-BKSF | U2724dsap | 210-BKVB | 6WJY0 | DELL-U2724D | ,"27"" ",2560 x 1440 ,120 Hz ,,IPS ,16:9 ,Silver / Black ,350 cd/m² ,0.233 mm ,Yes ,No ,None ,No ,100 x 100 ,178° H x 178° V , 1 x DisplayPort 1.4 | 1 x HDMI 2.1 | 
Gigabyte M27Q-P,Gigabyte , M27Q-P | 9DM27QP-00-1ABEK | M27Q P-SA | ,"27"" ",2560 x 1440 ,170 Hz ,1 ms ,IPS ,16:9 ,Black ,400 cd/m² ,0.233 mm ,Yes ,No ,FreeSync Premium ,Yes ,,178° H x 178° V , 1 x DisplayPort 1.4 | 2 x HDMI 2.0 | 1 x USB Type-C | 
Dell S2716DG,Dell , S2716DG | 210-AGUI | ,"27"" ",2560 x 1440 ,144 Hz ,1 ms ,TN ,16:9 ,,350 cd/m² ,0.233 mm ,Yes ,No ,G-Sync ,No ,,170° H x 160° V , 1 x DisplayPort | 1 x HDMI | 
Samsung Odyssey G9 C49G97T,Samsung ,LC49G97TSSNXDC ,"48.8"" ",5120 x 1440 ,240 Hz ,1 ms ,VA ,32:9 ,Black ,1000 cd/m² ,0.233 mm ,Yes ,Yes , FreeSync Premium Pro | G-Sync Compatible | ,No ,,178° H x 178° V , 2 x DisplayPort | 1 x HDMI | 
AOC Q24G2A/BK,AOC , Q24G2A/BK | Q24G2A | ,"23.8"" ",2560 x 1440 ,165 Hz ,,IPS ,16:9 ,Red / Black ,,0.206 mm ,Yes ,No , FreeSync | G-Sync Compatible | ,Yes ,100 x 100 ,178° H x 178° V , 1 x DisplayPort 1.2 | 1 x HDMI 2.0 | 
Acer Predator X34 Xbmiiphuzx,Acer , UM.CXXEE.X01 | X34 Xbmiiphuzx | ,"34"" ",3440 x 1440 ,240 Hz ,,QD-OLED ,21:9 ,Black ,1300 cd/m² ,0.232 mm ,Yes ,Yes ,FreeSync Premium Pro ,Yes ,100 x 100 ,178° H x 178° V , 1 x DisplayPort 1.4 | 2 x HDMI | 
Asus TUF Gaming VG27WQ1B,Asus , VG27WQ1B | 90LM0671-B011B0 | 90LM0671-B01170 | ,"27"" ",2560 x 1440 ,165 Hz ,,VA ,16:9 ,Black ,250 cd/m² ,0.233 mm ,Yes ,Yes ,FreeSync Premium ,Yes ,,178° H x 178° V , 1 x DisplayPort | 2 x HDMI | 
Corsair XENEON 27QHD240,Corsair , CM-9030002-NA | CM-9030002-JP | CM-9030002-AU | XENEON 27QHD240 | 27QHD240 | CM-9030002-PE | ,"27"" ",2560 x 1440 ,240 Hz ,0.03 ms ,OLED ,16:9 ,Black ,450 cd/m² ,0.233 mm ,Yes ,No , FreeSync Premium | G-Sync Compatible | ,No ,100 x 100 ,178° H x 178° V , 1 x DisplayPort 1.4 | 2 x HDMI 2.1 | 
Acer Nitro ED0 ED270R MBMIIPHX,Acer , UM.HE0AA.M02 | ED270R MBMIIPHX | ,"27"" ",1920 x 1080 ,165 Hz ,,VA ,16:9 ,Black / Red ,250 cd/m² ,0.311 mm ,Yes ,Yes ,FreeSync Premium ,Yes ,75 x 75 ,178° H x 178° V , 1 x DisplayPort | 2 x HDMI | 
Asus ROG Swift OLED PG49WCD,Asus , 90LM09C0-B019B0 | PG49WCD | 90LM09C0-B01970 | ,"49"" ",5120 x 1440 ,144 Hz ,0.03 ms ,QD-OLED ,32:9 ,,1000 cd/m² ,0.234 mm ,Yes ,Yes , FreeSync Premium Pro | G-Sync Compatible | ,No ,100 x 100 ,178° H x 178° V , 1 x DisplayPort 1.4 | 1 x HDMI 2.1 | 1 x USB Type-C | 
Samsung Odyssey G32A,Samsung ,LS27AG320NNXZA ,"27"" ",1920 x 1080 ,165 Hz ,,VA ,16:9 ,Black ,250 cd/m² ,0.311 mm ,Yes ,No ,FreeSync Premium ,No ,,178° H x 178° V , 1 x DisplayPort 1.2 | 1 x HDMI 1.4 | 
AOC 24G4X,AOC ,24G4X ,"23.8"" ",1920 x 1080 ,180 Hz ,1 ms ,IPS ,16:9 ,Black ,300 cd/m² ,0.274 mm ,Yes ,No , FreeSync | G-Sync Compatible | ,Yes ,100 x 100 ,178° H x 178° V , 1 x DisplayPort 1.4 | 2 x HDMI 2.0 | 
TCL 27G64,TCL ,27G64 ,"27"" ",2560 x 1440 ,180 Hz ,1 ms ,VA QD-Mini LED ,16:9 ,Black ,600 cd/m² ,0.233 mm ,Yes ,No ,FreeSync ,No ,,178° H x 178° V , 1 x DisplayPort 1.4 | 2 x HDMI 2.1 | 
Samsung Odyssey G60F,Samsung ,LS27FG60DENXZA ,"27"" ",2560 x 1440 ,350 Hz ,1 ms ,IPS ,16:9 ,Black ,350 cd/m² ,0.233 mm ,Yes ,No , FreeSync Premium | G-Sync Compatible | ,No ,100 x 100 ,178° H x 178° V , 1 x DisplayPort 1.4 | 1 x HDMI 2.1 | 
LG 24U631A-B,LG , 24U631A-B | 24U631A-B.AEUQ | ,"23.8"" ",2560 x 1440 ,100 Hz ,5 ms ,IPS ,16:9 ,Black ,250 cd/m² ,0.206 mm ,Yes ,No ,None ,No ,100 x 100 ,178° H x 178° V , 1 x HDMI | 1 x USB Type-C | 
Asus TUF Gaming VG27AQL3A,Asus , 90LM09A0-B013B0 | 90LM09A0-B01370 | VG27AQL3A | ,"27"" ",2560 x 1440 ,180 Hz ,1 ms ,IPS ,16:9 ,Black ,400 cd/m² ,0.233 mm ,Yes ,No , FreeSync Premium | G-Sync Compatible | ,Yes ,100 x 100 ,178° H x 178° V , 1 x DisplayPort 1.4 | 2 x HDMI 2.0 | 
MSI MAG 27CQ6PF,MSI , MAG 27CQ6PF | 9S6-3CD94M-012 | ,"27"" ",2560 x 1440 ,180 Hz ,0.5 ms ,VA ,16:9 ,Black ,300 cd/m² ,0.233 mm ,Yes ,Yes ,FreeSync ,No ,100 x 100 ,178° H x 178° V , 1 x DisplayPort 1.4 | 2 x HDMI 2.0b | 
Dell S2725DS,Dell , S2725DS | 8TNNF | ,"27"" ",2560 x 1440 ,100 Hz ,4 ms ,IPS ,16:9 ,Silver ,350 cd/m² ,0.233 mm ,Yes ,No ,None ,Yes ,100 x 100 ,178° H x 178° V , 1 x DisplayPort 1.2 | 2 x HDMI 2.1 | 
Lenovo Legion R27q-30,Lenovo , 67B4GAC1US | 67B4GAC1UK | 67B4GAC1EU | 67B4GAC1AU | 67B4G4C1EU | ,"27"" ",2560 x 1440 ,180 Hz ,,IPS ,16:9 ,Black ,400 cd/m² ,0.233 mm ,Yes ,No ,FreeSync Premium ,Yes ,,178° H x 178° V , 1 x DisplayPort 1.4 | 2 x HDMI 2.1 | 
BenQ Zowie XL2546K,BenQ , XL2546K | 9H.LJNLB.QBE | ,"24.5"" ",1920 x 1080 ,240 Hz ,,TN ,16:9 ,Black / Red ,320 cd/m² ,0.282 mm ,Yes ,No ,None ,No ,,170° H x 160° V , 1 x DisplayPort | 3 x HDMI | 
KOORUI S2721XO,KOORUI ,S2721XO ,"27"" ",2560 x 1440 ,240 Hz ,0.03 ms ,QD-OLED ,16:9 ,Black ,250 cd/m² ,0.233 mm ,Yes ,No , FreeSync Premium | G-Sync Compatible | ,No ,100 x 100 ,178° H x 178° V , 1 x DisplayPort 1.4 | 2 x HDMI 2.1 | 
Sceptre E275B-QPD168,Sceptre ,E275B-QPD168 ,"27"" ",2560 x 1440 ,165 Hz ,1 ms ,IPS ,16:9 ,Black / Red ,450 cd/m² ,0.233 mm ,Yes ,No ,FreeSync Premium ,Yes ,75 x 75 ,178° H x 178° V , 2 x DisplayPort 1.2 | 2 x HDMI 2.0 | 
Titan Army P2510S PLUS,Titan Army ,P2510S PLUS ,"24.5"" ",2560 x 1440 ,240 Hz ,1 ms ,IPS ,16:9 ,Black ,500 cd/m² ,0.212 mm ,Yes ,No ,FreeSync ,No ,100 x 100 ,178° H x 178° V , 2 x DisplayPort | 2 x HDMI 2.0 | 
Philips Evnia 5000,Philips , 27M2C5200W/00 | 27M2C5200W | ,"27"" ",1920 x 1080 ,280 Hz ,1 ms ,VA ,16:9 ,Black ,300 cd/m² ,0.311 mm ,Yes ,Yes ,FreeSync ,No ,100 x 100 ,178° H x 178° V , 2 x DisplayPort 1.4 | 2 x HDMI 2.0 | 
HP OMEN 27q,HP , 780H5AA | 780H4AA | 780H4E9 | 780H4AS | ,"27"" ",2560 x 1440 ,165 Hz ,1 ms ,IPS ,16:9 ,Black ,400 cd/m² ,0.233 mm ,Yes ,No ,FreeSync Premium ,No ,100 x 100 ,178° H x 178° V , 1 x DisplayPort 1.4 | 2 x HDMI 2.0 | 
AOC 27G2Z,AOC ,27G2Z ,"27"" ",1920 x 1080 ,240 Hz ,,IPS ,16:9 ,Black / Red ,400 cd/m² ,0.311 mm ,Yes ,No ,FreeSync Premium ,No ,100 x 100 ,178° H x 178° V , 1 x DisplayPort 1.4 | 2 x HDMI 2.0 | 
KTC M27T20,KTC ,M27T20 ,"27"" ",2560 x 1440 ,165 Hz ,3 ms ,Mini LED ,16:9 ,Black ,1000 cd/m² ,0.233 mm ,Yes ,No , FreeSync Premium | G-Sync Compatible | ,Yes ,100 x 100 ,178° H x 178° V ,
MSI MAG 274URFW,MSI , MAG 274URFW | 274URFW | ,"27"" ",3840 x 2160 ,160 Hz ,0.5 ms ,IPS ,16:9 ,White ,400 cd/m² ,0.156 mm ,Yes ,No ,FreeSync Premium ,No ,75 x 75 ,178° H x 178° V , 1 x DisplayPort 1.4a | 2 x HDMI 2.1 | 1 x USB Type-C | 
ASRock Phantom Gaming OLED PGO27QFV,ASRock , PGO27QFV | 90LXA0Q0-A0E1A0V | ,"27"" ",2560 x 1440 ,360 Hz ,0.03 ms ,QD-OLED ,16:9 ,Black ,1000 cd/m² ,0.233 mm ,Yes ,No ,FreeSync Premium Pro ,No ,100 x 100 ,178° H x 178° V , 1 x DisplayPort 1.4 | 2 x HDMI 2.1 | 1 x USB Type-C 3.2 Gen 1 | 
LG 27GP750-B,LG , 27GP750-B | 27GP750-B.AEU | ,"27"" ",1920 x 1080 ,240 Hz ,1 ms ,IPS ,16:9 ,,400 cd/m² ,0.311 mm ,Yes ,No , FreeSync Premium | G-Sync Compatible | ,No ,100 x 100 ,178° H x 178° V , 1 x DisplayPort | 2 x HDMI | 
AOC Q27G2E/BK,AOC ,Q27G2E/BK ,"27"" ",2560 x 1440 ,155 Hz ,4 ms ,VA ,16:9 ,Black / Red ,250 cd/m² ,0.233 mm ,Yes ,No ,FreeSync Premium ,No ,100 x 100 ,178° H x 178° V , 1 x DisplayPort 1.2 | 1 x HDMI 2.0 | 
BenQ MOBIUZ EX2710Q,BenQ , EX2710Q | 9H.LK4LA.TBE | ,"27"" ",2560 x 1440 ,165 Hz ,2 ms ,IPS ,16:9 ,Gray / Black ,400 cd/m² ,0.233 mm ,Yes ,No ,FreeSync Premium ,Yes ,,178° H x 178° V , 1 x DisplayPort 1.4 | 2 x HDMI 2.0 | 
Samsung Odyssey G55T,Samsung ,LC27G55TQWNXZA ,"27"" ",2560 x 1440 ,144 Hz ,,VA ,16:9 ,Black ,250 cd/m² ,0.233 mm ,Yes ,Yes ,FreeSync Premium ,No ,,178° H x 178° V , 1 x DisplayPort | 1 x HDMI | 
ViewSonic VP3256-4K,ViewSonic ,VP3256-4K ,"32"" ",3840 x 2160 ,,5 ms ,IPS ,16:9 ,,350 cd/m² ,0.184 mm ,Yes ,No ,None ,Yes ,100 x 100 ,178° H x 178° V , 1 x DisplayPort | 2 x HDMI 2.0 | 1 x USB Type-C | 
AOC 27G2,AOC ,27G2 ,"27"" ",1920 x 1080 ,144 Hz ,,IPS ,16:9 ,Black / Red ,250 cd/m² ,0.311 mm ,Yes ,No , FreeSync | G-Sync Compatible | ,Yes ,,178° H x 178° V , 1 x DisplayPort | 2 x HDMI | 
Samsung Odyssey Neo G9,Samsung ,LS49AG954NPXEN ,"49"" ",5120 x 1440 ,240 Hz ,1 ms ,VA ,32:9 ,Black ,420 cd/m² ,0.234 mm ,Yes ,Yes , FreeSync Premium Pro | G-Sync Compatible | ,No ,100 x 100 ,178° H x 178° V , 1 x DisplayPort | 2 x HDMI | 
Acer Nitro XV271U M3Bmiiprfx,Acer , UM.HX1EE.308 | UM.HX1EE.303 | UM.HX1EE.302 | ,"27"" ",2560 x 1440 ,180 Hz ,1 ms ,IPS ,16:9 ,Black / Red ,250 cd/m² ,0.233 mm ,Yes ,No ,FreeSync ,Yes ,100 x 100 ,178° H x 178° V , 1 x DisplayPort | 2 x HDMI | 
Samsung Odyssey G70B,Samsung , LS32BG702ENXGO | S32BG702EN | ,"32"" ",3840 x 2160 ,144 Hz ,1 ms ,IPS ,16:9 ,Black ,350 cd/m² ,0.184 mm ,Yes ,No , FreeSync Premium Pro | G-Sync Compatible | ,Yes ,100 x 100 ,178° H x 178° V ,2 x HDMI 2.1 
Asus VA24EHF,Asus , 90LM0560-B031B0 | VA24EHF | 90lm0560-b04170 | ,"23.8"" ",1920 x 1080 ,100 Hz ,,IPS ,16:9 ,Black ,250 cd/m² ,0.274 mm ,Yes ,No ,FreeSync ,No ,,178° H x 178° V ,1 x HDMI 1.4 
MSI Optix G32C4,MSI , Optix G32C4 | 9S6-3DA61T-002 | ,"31.5"" ",1920 x 1080 ,165 Hz ,1 ms ,VA ,16:9 ,Black ,250 cd/m² ,0.363 mm ,Yes ,Yes ,FreeSync ,No ,,178° H x 178° V , 1 x DisplayPort | 2 x HDMI | 
Gigabyte G34WQC,Gigabyte , G34WQC | 20VM0-GG34WQCBI-1EKR | ,"34"" ",3440 x 1440 ,144 Hz ,,VA ,21:9 ,Black ,350 cd/m² ,0.232 mm ,Yes ,Yes ,FreeSync Premium ,Yes ,,178° H x 178° V , 2 x DisplayPort | 2 x HDMI | 
Asus TUF Gaming VG28UQL1A,Asus , VG28UQL1A | TUF Gaming VG28UQL1A | 90LM0780-B011B0 | 90LM0780-B01170 | ,"28"" ",3840 x 2160 ,144 Hz ,1 ms ,IPS ,16:9 ,Black ,450 cd/m² ,0.161 mm ,Yes ,No , FreeSync Premium | G-Sync Compatible | ,Yes ,,178° H x 178° V , 1 x DisplayPort 1.4 | 2 x HDMI 2.0 | 2 x HDMI 2.1 | 
Asus ProArt Display PA279CV,Asus , PA279CV | 90LM06M1-B011B0 | 90LM06M1-B01170 | ,"27"" ",3840 x 2160 ,60 Hz ,5 ms ,IPS ,16:9 ,Silver / Black ,350 cd/m² ,0.156 mm ,Yes ,No ,FreeSync ,Yes ,,178° H x 178° V , 1 x DisplayPort | 2 x HDMI | 
Sceptre C325B-185RD,Sceptre ,C325B-185RD ,"31.5"" ",1920 x 1080 ,185 Hz ,3 ms ,VA ,16:9 ,Black ,250 cd/m² ,0.363 mm ,Yes ,Yes ,FreeSync ,Yes ,,178° H x 178° V , 1 x DisplayPort | 3 x HDMI | 
Titan Army P2510S,Titan Army ,P2510S ,"24.5"" ",2560 x 1440 ,240 Hz ,1 ms ,IPS ,16:9 ,Black ,300 cd/m² ,0.212 mm ,Yes ,No ,FreeSync ,No ,100 x 100 ,178° H x 178° V , 2 x DisplayPort 1.4 | 2 x HDMI 2.0 | 
MSI MAG 346CQ,MSI ,MAG 346CQ ,"34"" ",3440 x 1440 ,180 Hz ,,VA ,21:9 ,Black ,,0.232 mm ,Yes ,Yes ,FreeSync ,No ,100 x 100 ,178° H x 178° V , 1 x DisplayPort 1.4a | 2 x HDMI 2.0b | 
Dell U2723QE,Dell , 210-BDPF | U2723QE | 3DNCY | DELL-U2723QE | ,"27"" ",3840 x 2160 ,60 Hz ,5 ms ,IPS ,16:9 ,,400 cd/m² ,0.156 mm ,Yes ,No ,None ,No ,100 x 100 ,178° H x 178° V , 1 x DisplayPort 1.4 | 1 x HDMI | 1 x USB Type-C | 
LG 27GL650F-B,LG , 27GL650F-B | 27GL650F-B.AEU | ,"27"" ",1920 x 1080 ,144 Hz ,1 ms ,IPS ,16:9 ,Black ,400 cd/m² ,0.311 mm ,Yes ,No , FreeSync | G-Sync Compatible | ,No ,,178° H x 178° V , 1 x DisplayPort | 2 x HDMI | 
Sceptre E275B-QPN168,Sceptre ,E275B-QPN168 ,"27"" ",2560 x 1440 ,144 Hz ,1 ms ,IPS ,16:9 ,Black / Red ,450 cd/m² ,0.233 mm ,Yes ,No ,FreeSync Premium ,Yes ,75 x 75 ,178° H x 178° V , 1 x DisplayPort 1.2 | 2 x HDMI 1.4 | 1 x HDMI 2.0 | 
AOC Q27G2S,AOC ,Q27G2S ,"27"" ",2560 x 1440 ,165 Hz ,,IPS ,16:9 ,Black / Red ,350 cd/m² ,0.233 mm ,Yes ,No , FreeSync | G-Sync Compatible | ,No ,,178° H x 178° V , 1 x DisplayPort | 2 x HDMI | 
Samsung CF398,Samsung ,LC27F398FWNXZA ,"27"" ",1920 x 1080 ,60 Hz ,4 ms ,VA ,16:9 ,,250 cd/m² ,0.311 mm ,Yes ,Yes ,FreeSync ,No ,,178° H x 178° V , 1 x DisplayPort | 1 x HDMI | 
Asus VG279QR,Asus , VG279QR | 90LM04G0-B03370 | ,"27"" ",1920 x 1080 ,165 Hz ,,IPS ,16:9 ,Black ,300 cd/m² ,0.311 mm ,Yes ,No , FreeSync | FreeSync Premium | G-Sync | G-Sync Compatible | ,Yes ,,178° H x 178° V , 1 x DisplayPort 1.2 | 2 x HDMI 1.4 | 
Acer Nitro VG240Y bmiix,Acer , VG240Y bmiix | UM.QV0AA.002 | ,"23.8"" ",1920 x 1080 ,75 Hz ,1 ms ,IPS ,16:9 ,Black / Red ,300 cd/m² ,0.274 mm ,Yes ,No ,FreeSync ,Yes ,,178° H x 178° V , 1 x HDMI | 1 x VGA | 
Philips Evnia 49M2C8900,Philips , 49M2C8900 | 49M2C8900/01 | 49M2C8900/00 | 49M2C8900/93 | ,"48.9"" ",5120 x 1440 ,240 Hz ,0.03 ms ,QD-OLED ,32:9 ,Silver ,450 cd/m² ,0.234 mm ,Yes ,Yes ,FreeSync Premium Pro ,Yes ,100 x 100 ,178° H x 178° V , 1 x DisplayPort 1.4 | 2 x HDMI 2.1 | 1 x USB Type-C | 
Samsung Odyssey G7 G75F,Samsung ,LS40FG756EUXXU ,"40"" ",5120 x 2160 ,180 Hz ,1 ms ,VA ,64:27 ,Black ,350 cd/m² ,0.183 mm ,Yes ,Yes ,FreeSync Premium Pro ,No ,,178° H x 178° V , 1 x DisplayPort 1.4 | 2 x HDMI 2.1 | 
MSI G272QPF,MSI ,G272QPF ,"27"" ",2560 x 1440 ,170 Hz ,1 ms ,IPS ,16:9 ,Black ,300 cd/m² ,0.233 mm ,Yes ,No ,FreeSync ,No ,100 x 100 ,178° H x 178° V , 1 x DisplayPort 1.2a | 2 x HDMI 2.0b | 
BenQ GW2480,BenQ , GW2480 | 9H.LGDLA.TBE | 9H.LGDLA.TBU | ,"23.8"" ",1920 x 1080 ,60 Hz ,5 ms ,IPS ,16:9 ,Black ,250 cd/m² ,0.274 mm ,Yes ,No ,None ,Yes ,,178° H x 178° V , 1 x DisplayPort | 1 x HDMI | 1 x VGA | 
Asus TUF Gaming VG27VQ,Asus , VG27VQ | 90LM0510-B01E70 | 90LM0510-B04E70 | ,"27"" ",1920 x 1080 ,165 Hz ,,VA ,16:9 ,Black ,400 cd/m² ,0.311 mm ,Yes ,Yes ,FreeSync ,Yes ,,178° H x 178° V , 1 x DisplayPort | 1 x DVI | 1 x HDMI | 
Dell P2815Q,Dell ,P2815Q ,"28"" ",3840 x 2160 ,30 Hz ,5 ms ,TN ,16:9 ,,300 cd/m² ,0.161 mm ,Yes ,No ,None ,Yes ,100 x 100 ,170° H x 160° V , 1 x DisplayPort | 1 x Mini-DisplayPort | 1 x HDMI | 
Gigabyte ‎M34WQ,Gigabyte , M34WQ-SA | M34WQ | 20VM0-M34WQBT-1EKR | M34WQ-EK | ,"34"" ",3440 x 1440 ,144 Hz ,,IPS ,21:9 ,Black ,400 cd/m² ,0.232 mm ,Yes ,No ,FreeSync Premium ,Yes ,,178° H x 178° V , 1 x DisplayPort | 2 x HDMI | 1 x USB Type-C | 
KOORUI S2721PM,KOORUI ,S2721PM ,"27"" ",2560 x 1440 ,200 Hz ,1 ms ,VA QD-Mini LED ,16:9 ,Black ,550 cd/m² ,0.233 mm ,Yes ,No ,FreeSync Premium ,No ,100 x 100 ,178° H x 178° V , 1 x DisplayPort 1.4 | 2 x HDMI 2.0 | 
Asus ROG Strix XG249CM,Asus , 90LM07K0-B01AB0 | XG249CM | ROG-Strix-XG249CM | 90LM07K0-B01A70 | ,"23.8"" ",1920 x 1080 ,270 Hz ,1 ms ,IPS ,16:9 ,,350 cd/m² ,0.274 mm ,Yes ,No , FreeSync Premium | G-Sync Compatible | ,No ,100 x 100 ,178° H x 178° V , 1 x DisplayPort 1.2 | 1 x HDMI 2.0 | 1 x USB Type-C | 
Asus VG27VH1B,Asus , VG27VH1B | 90LM0691-B01170 | ,"27"" ",1920 x 1080 ,165 Hz ,,VA ,16:9 ,Black ,250 cd/m² ,0.311 mm ,Yes ,Yes , FreeSync | FreeSync Premium | ,Yes ,,178° H x 178° V , 1 x HDMI 1.4 | 1 x VGA | 
AOC 24G2SP,AOC ,24G2SP ,"23.8"" ",1920 x 1080 ,165 Hz ,,IPS ,16:9 ,Black / Red ,300 cd/m² ,0.274 mm ,Yes ,No ,FreeSync Premium Pro ,No ,,178° H x 178° V , 1 x DisplayPort 1.2 | 2 x HDMI 1.4 | 1 x VGA | 
Samsung LC27RG50FQNXZA,Samsung ,LC27RG50FQNXZA ,"27"" ",1920 x 1080 ,240 Hz ,4 ms ,VA ,16:9 ,Black / Silver ,300 cd/m² ,0.311 mm ,Yes ,Yes ,G-Sync Compatible ,No ,,178° H x 178° V , 1 x DisplayPort | 2 x HDMI | 
Asus ROG Strix XG32UQ,Asus , 90LM08B0-B011B0 | 90LM08B0-B01170 | Strix XG32UQ | ROG Strix XG32UQ | XG32UQ | ,"32"" ",3840 x 2160 ,160 Hz ,1 ms ,IPS ,16:9 ,Black ,600 cd/m² ,0.184 mm ,Yes ,No , FreeSync Premium Pro | G-Sync Compatible | ,No ,100 x 100 ,178° H x 178° V , 1 x DisplayPort 1.4 | 2 x HDMI 2.1 | 
Asus ProArt Display PA329CV,Asus , 90LM06P1-B011B0 | PA329CV | PROART-DISPLAY-PA329CV | 90LM06P1-B01170 | ,"32"" ",3840 x 2160 ,60 Hz ,5 ms ,IPS ,16:9 ,,350 cd/m² ,0.184 mm ,Yes ,No ,FreeSync ,Yes ,100 x 100 ,178° H x 178° V , 1 x DisplayPort 1.2 | 2 x HDMI 2.0 | 1 x USB Type-C | 
AOC 27G4X,AOC ,27G4X ,"27"" ",1920 x 1080 ,180 Hz ,1 ms ,IPS ,16:9 ,Black ,300 cd/m² ,0.311 mm ,Yes ,No , FreeSync | G-Sync Compatible | ,Yes ,100 x 100 ,178° H x 178° V , 1 x DisplayPort 1.4 | 2 x HDMI 2.0 | 
AOC 24B2XH,AOC , 24B2XH | 24B2XH/EU | ,"23.8"" ",1920 x 1080 ,75 Hz ,8 ms ,IPS ,16:9 ,Black ,250 cd/m² ,0.274 mm ,Yes ,No ,None ,No ,,178° H x 178° V , 1 x HDMI | 1 x VGA | 
Dell S2721HGF,Dell , S2721HGF | KP49D | 210-AXGW | ,"27"" ",1920 x 1080 ,144 Hz ,,VA ,16:9 ,Black ,350 cd/m² ,0.311 mm ,Yes ,Yes , FreeSync Premium | G-Sync Compatible | ,No ,,178° H x 178° V , 1 x DisplayPort | 2 x HDMI | 
MSI MAG 275CQRF QD E2,MSI ,MAG 275CQRF QD E2 ,"27"" ",2560 x 1440 ,180 Hz ,0.5 ms ,VA ,16:9 ,Black ,300 cd/m² ,0.233 mm ,Yes ,Yes ,FreeSync ,No ,75 x 75 ,178° H x 178° V , 1 x DisplayPort 1.4 | 2 x HDMI 2.0b | 1 x USB Type-C | 
MSI G2422C,MSI ,G2422C ,"24"" ",1920 x 1080 ,180 Hz ,,VA ,16:9 ,Black ,250 cd/m² ,0.277 mm ,Yes ,Yes ,FreeSync ,No ,75 x 75 ,178° H x 178° V ,
Dell S2425HS,Dell , S2425HS | FHN4J | s2425hssap | 210-BMGZ | ,"23.8"" ",1920 x 1080 ,100 Hz ,,IPS ,16:9 ,Black / Silver ,250 cd/m² ,0.274 mm ,Yes ,No ,None ,Yes ,100 x 100 ,178° H x 178° V ,2 x HDMI 1.4 
Samsung CRG50,Samsung ,LC24RG50FZNXZA ,"24"" ",1920 x 1080 ,144 Hz ,4 ms ,VA ,16:9 ,Black ,250 cd/m² ,0.277 mm ,Yes ,Yes ,FreeSync ,No ,,178° H x 178° V , 1 x DisplayPort 1.2 | 1 x HDMI 1.4 | 
Dell P2422H,Dell , P2422H | DRFYT | 210-BBCC | DELL-P2422H | ,"23.8"" ",1920 x 1080 ,60 Hz ,5 ms ,IPS ,16:9 ,,250 cd/m² ,0.274 mm ,Yes ,No ,None ,No ,100 x 100 ,178° H x 178° V , 1 x DisplayPort | 1 x HDMI | 1 x VGA | 
LG 24MP59G-P,LG , 24MP59G-P | 24MP59G-P.AEU | 24MP59G | ,"23.8"" ",1920 x 1080 ,75 Hz ,5 ms ,IPS ,16:9 ,,250 cd/m² ,0.274 mm ,Yes ,No ,FreeSync ,No ,,178° H x 178° V , 1 x DisplayPort | 1 x HDMI | 1 x VGA | 
Sceptre C345B-QUT168,Sceptre ,C345B-QUT168 ,"34"" ",3440 x 1440 ,165 Hz ,,VA ,21:9 ,Black ,400 cd/m² ,0.232 mm ,Yes ,Yes ,FreeSync Premium ,Yes ,75 x 75 ,178° H x 178° V , 2 x DisplayPort 1.4 | 2 x HDMI 2.0 | 
LG 45GR65DC-B,LG ,45GR65DC-B ,"45"" ",5120 x 1440 ,200 Hz ,1 ms ,VA ,32:9 ,Black ,400 cd/m² ,0.215 mm ,Yes ,Yes ,FreeSync Premium Pro ,No ,100 x 100 ,178° H x 178° V , 1 x DisplayPort 1.4 | 1 x HDMI 2.1 | 
Asus TUF Gaming VG27AQA1A,Asus , TUF Gaming VG27AQA1A | 90LM05Z0-B063B0 | VG27AQA1A | 90LM05Z0-B05370 | ,"27"" ",2560 x 1440 ,170 Hz ,,VA ,16:9 ,Black ,300 cd/m² ,0.233 mm ,Yes ,No ,FreeSync Premium ,Yes ,100 x 100 ,178° H x 178° V , 1 x DisplayPort 1.2 | 2 x HDMI 2.0 | 
Gigabyte AORUS FO27Q2,Gigabyte , AORUS FO27Q2 | AORUS FO27Q2 EK | AORUS FO27Q2 SA | 20VM0-FO27Q2BA-1EKR | ,"27"" ",2560 x 1440 ,240 Hz ,0.03 ms ,QD-OLED ,16:9 ,Black ,1000 cd/m² ,0.233 mm ,Yes ,No ,FreeSync Premium Pro ,Yes ,100 x 100 ,178° H x 178° V , 1 x DisplayPort 1.4 | 2 x HDMI 2.1 | 
LG 27GN800-B,LG , 27GN800-B | 27GN800-B.AEU | ,"27"" ",2560 x 1440 ,144 Hz ,1 ms ,IPS ,16:9 ,Black / Red ,350 cd/m² ,0.233 mm ,Yes ,No , FreeSync Premium | G-Sync Compatible | ,No ,,178° H x 178° V , 1 x DisplayPort | 2 x HDMI | 
Dell E1916HV,Dell ,E1916HV ,"18.51"" ",1366 x 768 ,60 Hz ,5 ms ,TN ,16:9 ,,200 cd/m² ,0.3 mm ,Yes ,No ,None ,No ,,90° H x 65° V ,1 x VGA 
Dell S3422DWG,Dell , 210-AZEP | FJ1YG | S3422DWG | ,"34"" ",3440 x 1440 ,144 Hz ,2 ms ,VA ,21:9 ,,400 cd/m² ,0.232 mm ,Yes ,Yes ,FreeSync ,No ,100 x 100 ,178° H x 178° V , 1 x DisplayPort | 2 x HDMI 2.0 | 
HP 24mh,HP , 1D0J9AA | 1D0J9AA#ABA | ,"23.8"" ",1920 x 1080 ,60 Hz ,5 ms ,IPS ,16:9 ,Silver / Black ,250 cd/m² ,0.274 mm ,Yes ,No ,None ,Yes ,,178° H x 178° V , 1 x DisplayPort 1.2 | 1 x HDMI 1.4 | 
Samsung Odyssey G55T,Samsung ,LC32G55TQWNXZA ,"32"" ",2560 x 1440 ,144 Hz ,,,16:9 ,Black ,250 cd/m² ,0.277 mm ,Yes ,Yes ,FreeSync Premium ,No ,,178° H x 178° V , 1 x DisplayPort | 1 x HDMI | 
Asus TUF GAMING VG277Q1A,Asus , 90LM0741-B011B0 | TUF-GAMING-VG277Q1A | VG277Q1A | 90LM0741-B01170 | ,"27"" ",1920 x 1080 ,165 Hz ,,VA ,16:9 ,,350 cd/m² ,0.311 mm ,Yes ,No ,FreeSync Premium ,Yes ,100 x 100 ,178° H x 178° V , 1 x DisplayPort 1.2 | 2 x HDMI 1.4 | 
LG 24MK430H-B,LG , 24MK430H-B | 24MK430H-B.AEU | ,"23.8"" ",1920 x 1080 ,75 Hz ,5 ms ,IPS ,16:9 ,Black ,250 cd/m² ,0.274 mm ,Yes ,No ,FreeSync ,No ,,178° H x 178° V , 1 x HDMI | 1 x VGA | 
LG 27GP950-B,LG , 27GP950-B | 27GP950-B.AEU | ,"27"" ",3840 x 2160 ,160 Hz ,1 ms ,IPS ,16:9 ,Black / Red ,400 cd/m² ,0.156 mm ,Yes ,No , FreeSync Premium Pro | G-Sync Compatible | ,No ,,178° H x 178° V , 1 x DisplayPort | 2 x HDMI | 
AOC Q27G4X,AOC ,Q27G4X ,"27"" ",2560 x 1440 ,180 Hz ,1 ms ,IPS ,16:9 ,Black ,450 cd/m² ,0.233 mm ,Yes ,No ,FreeSync ,No ,,178° H x 178° V , 1 x DisplayPort 1.4 | 2 x HDMI 2.0 | 
LG UltraGear 27GR93U-B,LG , 27GR93U-B | 27GR93U-B.AEU | ,"27"" ",3840 x 2160 ,144 Hz ,1 ms ,IPS ,16:9 ,Black ,400 cd/m² ,0.156 mm ,Yes ,No , FreeSync Premium | G-Sync Compatible | ,No ,100 x 100 ,178° H x 178° V , 1 x DisplayPort 1.4 | 2 x HDMI 2.1 | 
ViewSonic XG272-2K-OLED,ViewSonic ,XG272-2K-OLED ,"27"" ",2560 x 1440 ,240 Hz ,0.02 ms ,OLED ,16:9 ,Black ,450 cd/m² ,0.233 mm ,Yes ,No , FreeSync Premium | G-Sync Compatible | ,Yes ,100 x 100 ,178° H x 178° V , 2 x DisplayPort | 2 x HDMI 2.1 | 
Dell S2421HGF,Dell ,S2421HGF ,"24"" ",1920 x 1080 ,144 Hz ,1 ms ,TN ,16:9 ,Black ,350 cd/m² ,0.277 mm ,Yes ,No , FreeSync Premium | G-Sync Compatible | ,No ,,170° H x 160° V , 1 x DisplayPort | 2 x HDMI | 
MSI G2412F,MSI , G2412F | 9S6-3BB91T-001 | ,"24"" ",1920 x 1080 ,180 Hz ,1 ms ,IPS ,16:9 ,Black ,,0.277 mm ,Yes ,No ,FreeSync ,No ,75 x 75 ,178° H x 178° V , 1 x DisplayPort 1.2a | 2 x HDMI 2.0b | 
LG OLED evo,LG ,OLED42C24LA ,"42"" ",3840 x 2160 ,120 Hz ,,OLED ,16:9 ,Black ,,0.242 mm ,Yes ,No , FreeSync Premium | G-Sync Compatible | ,Yes ,300 x 200 ,178° H x 178° V ,
iiyama G-MASTER GB2770QSU-B5,iiyama ,GB2770QSU-B5 ,"27"" ",2560 x 1440 ,165 Hz ,,IPS ,16:9 ,Black ,400 cd/m² ,0.233 mm ,Yes ,No ,FreeSync Premium Pro ,Yes ,100 x 100 ,178° H x 178° V , 1 x DisplayPort 1.4 | 1 x HDMI 2.0 | 
Gigabyte MO34WQC2,Gigabyte , MO34WQC2 | MO34WQC2 EK | ,"34"" ",3440 x 1440 ,240 Hz ,0.03 ms ,QD-OLED ,21:9 ,Black ,1000 cd/m² ,0.232 mm ,Yes ,Yes ,FreeSync Premium Pro ,Yes ,100 x 100 ,178° H x 178° V , 1 x DisplayPort 1.4 | 2 x HDMI 2.1 | 1 x USB Type-C | 
AOC Q27G4XN,AOC ,Q27G4XN ,"27"" ",2560 x 1440 ,180 Hz ,1 ms ,VA ,16:9 ,Black ,300 cd/m² ,0.233 mm ,Yes ,No ,FreeSync ,No ,100 x 100 ,178° H x 178° V , 1 x DisplayPort 1.2 | 1 x HDMI 2.0 | 
Asus ROG Strix XG259CMS,Asus , 90LM0A40-B013B0 | XG259CMS | 90LM0A40-B01370 | ,"24.5"" ",1920 x 1080 ,310 Hz ,1 ms ,IPS ,16:9 ,Black ,400 cd/m² ,0.282 mm ,Yes ,No , FreeSync Premium | G-Sync Compatible | ,No ,100 x 100 ,178° H x 178° V , 1 x DisplayPort 1.4 | 1 x HDMI 2.0 | 1 x USB Type-C | 
Lenovo G24e-20,Lenovo , 66D7GCR1US | 66D7GAR1AU | 66D7GAR1EU | 66D7GAR1UK | ,"23.8"" ",1920 x 1080 ,120 Hz ,,VA ,16:9 ,Black ,300 cd/m² ,0.274 mm ,Yes ,No ,FreeSync Premium ,No ,,178° H x 178° V , 1 x DisplayPort 1.2 | 1 x HDMI 2.0 | 
Lenovo Legion 27Q-11,Lenovo ,67D3GAC1AU ,"27"" ",2560 x 1440 ,300 Hz ,,IPS ,16:9 ,Black ,300 cd/m² ,0.233 mm ,Yes ,No , FreeSync Premium | G-Sync Compatible | ,No ,,178° H x 178° V , 1 x DisplayPort 1.4 | 2 x HDMI 2.1 | 
BenQ MOBIUZ EX2710S,BenQ , EX2710S | 9H.LKFLA.TBE | ,"27"" ",1920 x 1080 ,165 Hz ,2 ms ,IPS ,16:9 ,Black / Red ,400 cd/m² ,0.311 mm ,Yes ,No ,FreeSync Premium ,Yes ,100 x 100 ,178° H x 178° V , 1 x DisplayPort 1.2 | 2 x HDMI 2.0 | 
Dell P2419H,Dell , P2419H | DELL-P2419H | 210-APWU | P2419HE | ,"23.8"" ",1920 x 1080 ,60 Hz ,5 ms ,IPS ,16:9 ,Black / Silver ,250 cd/m² ,0.274 mm ,Yes ,No ,None ,No ,,178° H x 178° V , 1 x DisplayPort | 1 x HDMI | 1 x VGA | 
Pixio PX248 Wave,Pixio ,PX248WAVEMT ,"23.8"" ",1920 x 1080 ,200 Hz ,1 ms ,IPS ,16:9 ,Green ,300 cd/m² ,0.274 mm ,Yes ,No ,FreeSync ,Yes ,75 x 75 ,178° H x 178° V , 1 x DisplayPort 1.4 | 1 x HDMI 2.0 | 
Acer Predator X34,Acer , UM.CX1AA.002 | X34 | X34 bmiphz | UM.CX1EE.006 | UM.CX1SA.002-D10 | ,"34"" ",3440 x 1440 ,100 Hz ,4 ms ,IPS ,21:9 ,,300 cd/m² ,0.232 mm ,Yes ,Yes ,G-Sync ,Yes ,,172° H x 178° V , 1 x DisplayPort | 1 x HDMI | 
Dell U2720Q,Dell , U2720Q | DELL-U2720Q | 210-AVES | ,"27"" ",3840 x 2160 ,60 Hz ,5 ms ,IPS ,16:9 ,Black ,350 cd/m² ,0.156 mm ,Yes ,No ,None ,No ,,178° H x 178° V , 1 x DisplayPort | 1 x HDMI | 
Razer Raptor 27,Razer , RZ39-03500100-R3G1 | RZ39-03500100-R3W1 | ,"27"" ",2560 x 1440 ,165 Hz ,4 ms ,IPS ,16:9 ,Black ,350 cd/m² ,0.233 mm ,Yes ,No , FreeSync Premium | G-Sync Compatible | ,No ,,178° H x 178° V , 1 x DisplayPort | 1 x HDMI | 
ASRock Phantom Gaming OLED PGO32UFS,ASRock ,PGO32UFS ,"31.5"" ",3840 x 2160 ,240 Hz ,0.03 ms ,WOLED ,16:9 ,Black ,1300 cd/m² ,0.182 mm ,Yes ,No ,FreeSync Premium Pro ,Yes ,100 x 100 ,178° H x 178° V , 2 x DisplayPort 1.4 | 2 x HDMI 2.1 | 1 x USB Type-C 3.2 Gen 1 | 
Asus ProArt Display PA32QCV,Asus , PA32QCV | 90LM0BD0-B01KB1 | ,"31.5"" ",6016 x 3384 ,60 Hz ,5 ms ,IPS ,16:9 ,Silver / Black ,600 cd/m² ,0.116 mm ,Yes ,No ,FreeSync ,Yes ,100 x 100 ,178° H x 178° V , 1 x DisplayPort 1.4 | 1 x HDMI 2.1 | 
ViewSonic VX2418C,ViewSonic ,VX2418C ,"24"" ",1920 x 1080 ,165 Hz ,5 ms ,VA ,16:9 ,,250 cd/m² ,0.277 mm ,Yes ,Yes ,FreeSync Premium ,Yes ,100 x 100 ,178° H x 178° V , 1 x DisplayPort | 1 x HDMI | 
ASRock Phantom Gaming PG27FRS1A,ASRock , PG27FRS1A | 90LXA0G0-A0E1A0V | ,"27"" ",1920 x 1080 ,180 Hz ,,VA ,16:9 ,Black ,300 cd/m² ,0.311 mm ,Yes ,Yes ,FreeSync Premium ,Yes ,100 x 100 ,178° H x 178° V , 1 x DisplayPort 1.4 | 1 x HDMI 2.0 | 
Asus VZ22EHE,Asus , 90LM0910-B014B0 | 90lm0910-b01470 | VZ22EHE | ,"21.45"" ",1920 x 1080 ,75 Hz ,,IPS ,16:9 ,Black ,250 cd/m² ,0.247 mm ,Yes ,No ,FreeSync ,No ,,178° H x 178° V , 1 x HDMI 1.4 | 1 x VGA | 
MSI Optix MAG274QRF-QD,MSI , Optix MAG274QRF-QD | 9S6-3CA8DA-039 | 9S6-3CA8DA-027 | ,"27"" ",2560 x 1440 ,165 Hz ,1 ms ,IPS ,16:9 ,Black ,300 cd/m² ,0.233 mm ,Yes ,No ,G-Sync Compatible ,No ,,178° H x 178° V , 1 x DisplayPort | 2 x HDMI | 1 x VirtualLink | 
Acer EI322QUR Pbmiippx,Acer , UM.JE2AA.P05 | EI322QUR Pbmiippx | EI322QUR P | ,"31.5"" ",2560 x 1440 ,165 Hz ,,VA ,16:9 ,Black ,400 cd/m² ,0.272 mm ,Yes ,Yes ,FreeSync Premium Pro ,Yes ,75 x 75 ,178° H x 178° V , 2 x DisplayPort | 1 x HDMI | 
Dell G3223Q,Dell , 210-BDBK | G3223Q | 8NCJT | ,"32"" ",3840 x 2160 ,144 Hz ,1 ms ,IPS ,16:9 ,,400 cd/m² ,0.184 mm ,Yes ,No , FreeSync Premium Pro | G-Sync Compatible | ,No ,100 x 100 ,178° H x 178° V , 1 x DisplayPort 1.4 | 2 x HDMI 2.1 | 
MSI G274F,MSI ,G274F ,"27"" ",1920 x 1080 ,180 Hz ,1 ms ,IPS ,16:9 ,Black ,250 cd/m² ,0.311 mm ,Yes ,No ,G-Sync Compatible ,No ,75 x 75 ,178° H x 178° V , 1 x DisplayPort 1.2a | 1 x HDMI 2.0 | 
Asus VG245H,Asus , VG245H | 90LM02V0-B01370 | ,"24"" ",1920 x 1080 ,75 Hz ,1 ms ,TN ,16:9 ,,250 cd/m² ,0.277 mm ,Yes ,No ,FreeSync ,Yes ,,170° H x 160° V , 2 x HDMI | 1 x VGA | 
MSI Optix MAG27CQ,MSI ,Optix MAG27CQ ,"27"" ",2560 x 1440 ,144 Hz ,1 ms ,VA ,16:9 ,Gray / Red ,250 cd/m² ,0.233 mm ,Yes ,Yes ,FreeSync ,No ,,178° H x 178° V , 1 x DisplayPort | 1 x DVI | 1 x HDMI | 
AOC 24G2U/BK,AOC ,24G2U/BK ,"24"" ",1920 x 1080 ,144 Hz ,,IPS ,16:9 ,Black / Red ,250 cd/m² ,0.277 mm ,Yes ,No ,FreeSync ,Yes ,,178° H x 178° V , 1 x DisplayPort | 2 x HDMI | 
Samsung Odyssey G7 LC32G75TQSNXZA,Samsung ,LC32G75TQSNXZA ,"31.5"" ",2560 x 1440 ,240 Hz ,1 ms ,VA ,16:9 ,Black ,600 cd/m² ,0.272 mm ,Yes ,Yes , FreeSync Premium Pro | G-Sync Compatible | ,No ,,178° H x 178° V , 2 x DisplayPort | 1 x HDMI | 
AOC C24G1A,AOC ,C24G1A ,"23.6"" ",1920 x 1080 ,165 Hz ,,VA ,16:9 ,Black ,,0.272 mm ,Yes ,Yes ,FreeSync Premium ,No ,100 x 100 ,178° H x 178° V , 1 x DisplayPort 1.2 | 2 x HDMI 2.0 | 
LG UltraGear,LG ,27GN75B-B ,"27"" ",1920 x 1080 ,240 Hz ,1 ms ,IPS ,16:9 ,Black ,400 cd/m² ,0.311 mm ,Yes ,No , FreeSync | G-Sync Compatible | ,No ,100 x 100 ,178° H x 178° V , 1 x DisplayPort | 1 x HDMI | 
Samsung Essential S33GC,Samsung ,LS27C330GAEXXS ,"27"" ",1920 x 1080 ,100 Hz ,4 ms ,IPS ,16:9 ,Black ,250 cd/m² ,0.311 mm ,Yes ,No ,FreeSync ,No ,75 x 75 ,178° H x 178° V , 1 x DisplayPort 1.2 | 1 x HDMI 1.4 | 
Acer XV275U F3biipprx,Acer , UM.HX5AA.302 | XV275U F3biipprx | ,"27"" ",2560 x 1440 ,320 Hz ,0.5 ms ,IPS Mini LED ,16:9 ,Black ,1000 cd/m² ,0.233 mm ,Yes ,No ,FreeSync Premium ,No ,,178° H x 178° V , 2 x DisplayPort 1.4 | 2 x HDMI 2.1 | 
LG 34GN850-B,LG , 34GN850-B | 34GN850-B.AEU | ,"34"" ",3440 x 1440 ,160 Hz ,1 ms ,IPS ,21:9 ,Black / Red ,400 cd/m² ,0.232 mm ,Yes ,Yes , FreeSync | G-Sync Compatible | ,No ,,178° H x 178° V , 1 x DisplayPort | 2 x HDMI | 
LG UltraGear 34GP950G-B,LG , 34GP950G-B | 34GP950G-B.AEU | ,"34"" ",3440 x 1440 ,180 Hz ,1 ms ,IPS ,21:9 ,Black / Red ,450 cd/m² ,0.232 mm ,Yes ,Yes ,G-Sync Ultimate ,No ,,178° H x 178° V , 1 x DisplayPort | 1 x HDMI | 
HP 738pu,HP ,8K167AA#ABA ,"37.5"" ",3840 x 1600 ,60 Hz ,5 ms ,IPS ,12:5 ,Silver ,400 cd/m² ,0.229 mm ,Yes ,Yes ,None ,Yes ,100 x 100 ,178° H x 178° V , 1 x DisplayPort 1.4 | 1 x HDMI 2.0 | 1 x USB Type-C | 
Gigabyte G32QC,Gigabyte , G32QC | G32QC-EK | 20VM0-GG32QCBA-1EKR | ,"31.5"" ",2560 x 1440 ,165 Hz ,,,16:9 ,Black ,350 cd/m² ,0.272 mm ,Yes ,Yes ,FreeSync Premium Pro ,No ,,178° H x 178° V , 1 x DisplayPort | 2 x HDMI | 
LG 34WQ60C-B,LG , 34WQ60C-B | 34WQ60C-B.AEU | ,"34"" ",3440 x 1440 ,60 Hz ,5 ms ,IPS ,21:9 ,Black ,300 cd/m² ,0.232 mm ,Yes ,Yes ,None ,No ,100 x 100 ,178° H x 178° V , 1 x DisplayPort | 1 x HDMI | 
Gigabyte GS27Q,Gigabyte , GS27Q | 20VM0-GS27QBI-1EUR | ,"27"" ",2560 x 1440 ,170 Hz ,,IPS ,16:9 ,Black ,300 cd/m² ,0.233 mm ,Yes ,No ,FreeSync Premium ,No ,,178° H x 178° V , 1 x DisplayPort 1.4 | 2 x HDMI 2.0 | 
BenQ ZOWIE XL2411K,BenQ , XL2411K | 9H.LJPLB.QBE | ,"24"" ",1920 x 1080 ,144 Hz ,,TN ,16:9 ,Black / Red ,320 cd/m² ,0.277 mm ,Yes ,No ,None ,No ,100 x 100 ,170° H x 160° V , 1 x DisplayPort 1.2 | 2 x HDMI 1.4 | 1 x HDMI 2.0 | 
LG UltraGear 45GS96QB-B,LG ,45GS96QB-B ,"44.5"" ",3440 x 1440 ,240 Hz ,0.03 ms ,OLED ,21:9 ,Black ,275 cd/m² ,0.303 mm ,Yes ,Yes , FreeSync Premium Pro | G-Sync Compatible | ,Yes ,100 x 100 ,178° H x 178° V , 1 x DisplayPort | 1 x HDMI | 
LG 22MP55HQ-P,LG ,22MP55HQ-P ,"22"" ",1920 x 1080 ,60 Hz ,5 ms ,IPS ,16:9 ,,250 cd/m² ,0.254 mm ,Yes ,No ,None ,No ,75 x 75 ,178° H x 178° V , 1 x HDMI | 1 x VGA | 
MSI Optix MAG241C,MSI ,Optix MAG241C ,"23.6"" ",1920 x 1080 ,144 Hz ,1 ms ,VA ,16:9 ,Black ,300 cd/m² ,0.272 mm ,Yes ,Yes ,FreeSync ,No ,,178° H x 178° V , 1 x DisplayPort | 2 x HDMI | 
Cooler Master Tempest GP27Q,Cooler Master , CMI-GP27-FQS-US | CMI-GP27-FQS-EK | ,"27"" ",2560 x 1440 ,165 Hz ,,IPS QD-Mini LED ,16:9 ,Black ,1200 cd/m² ,0.233 mm ,Yes ,No , FreeSync | G-Sync Compatible | ,Yes ,100 x 100 ,178° H x 178° V , 1 x DisplayPort | 2 x HDMI 2.0 | 
Dell UltraSharp U3425WE,Dell , U3425WE | V124N | U3425wesap | 210-BMDS | ,"34.14"" ",3440 x 1440 ,120 Hz ,5 ms ,IPS ,21:9 ,Silver / Black ,300 cd/m² ,0.233 mm ,Yes ,Yes ,None ,Yes ,100 x 100 ,178° H x 178° V , 1 x DisplayPort 1.4 | 1 x HDMI 2.1 | 1 x USB Type-C 3.2 Gen 2 | 
AOC CU34G4Z,AOC ,CU34G4Z ,"34"" ",3440 x 1440 ,240 Hz ,,,21:9 ,Black ,450 cd/m² ,0.232 mm ,Yes ,Yes ,FreeSync ,No ,100 x 100 ,178° H x 178° V , 1 x DisplayPort 1.4 | 2 x HDMI 2.1 | 
ViewSonic VX3218-PC-MHD,ViewSonic ,VX3218-PC-MHD ,"32"" ",1920 x 1080 ,165 Hz ,6 ms ,VA ,16:9 ,,300 cd/m² ,0.369 mm ,Yes ,Yes ,None ,Yes ,100 x 100 ,178° H x 178° V , 1 x DisplayPort | 2 x HDMI 1.4 | 
Asus ProArt Display PA278CV,Asus , PA278CV | 90LM06Q0-B013B0 | 90LM06Q0-B01370 | 90LM06Q1-B02370 | 90LM06Q1-B023B0 | ,"27"" ",2560 x 1440 ,75 Hz ,5 ms ,IPS ,16:9 ,Silver / Black ,350 cd/m² ,0.233 mm ,Yes ,No ,FreeSync ,Yes ,,178° H x 178° V , 2 x DisplayPort | 1 x HDMI | 
Samsung S27AG50,Samsung ,LS27AG500PNXZA ,"27"" ",2560 x 1440 ,165 Hz ,1 ms ,IPS ,16:9 ,Black ,350 cd/m² ,0.233 mm ,Yes ,No , FreeSync Premium | G-Sync Compatible | ,No ,,178° H x 178° V , 1 x DisplayPort 1.2 | 1 x HDMI 2.0 | 
Asus TUF Gaming VG27AQL1A,Asus , VG27AQL1A | 90LM05Z0-B01370 | 90LM05Z0-B06370 | ,"27"" ",2560 x 1440 ,170 Hz ,,IPS ,16:9 ,Black ,400 cd/m² ,0.233 mm ,Yes ,No , FreeSync | G-Sync Compatible | ,Yes ,,178° H x 178° V , 2 x DisplayPort | 2 x HDMI | 
LG 27GP83B-B,LG , 27GP83B-B | 27GP83B-B.AUS | ,"27"" ",2560 x 1440 ,165 Hz ,1 ms ,IPS ,16:9 ,Black / Red ,400 cd/m² ,0.233 mm ,Yes ,No , FreeSync Premium | G-Sync Compatible | ,No ,,178° H x 178° V , 1 x DisplayPort | 2 x HDMI | 
Pixio PX278 Wave,Pixio ,PX278WAVE Mint ,"27"" ",2560 x 1440 ,180 Hz ,1 ms ,IPS ,16:9 ,Green ,350 cd/m² ,0.233 mm ,Yes ,No ,FreeSync ,Yes ,75 x 75 ,178° H x 178° V , 1 x DisplayPort 1.4 | 2 x HDMI 2.0 | 
MSI MAG27C6X,MSI , MAG27C6X | 9S6-3CE01M-002 | ,"27"" ",1920 x 1080 ,250 Hz ,4 ms ,VA ,16:9 ,Black ,250 cd/m² ,0.311 mm ,Yes ,No ,FreeSync ,No ,100 x 100 ,178° H x 178° V , 1 x DisplayPort 1.2a | 2 x HDMI 2.0b | 
MSI PRO MP243X,MSI , PRO MP243X | MP243X | 9S6-3PB5CH-047 | ,"23.8"" ",1920 x 1080 ,100 Hz ,4 ms ,IPS ,16:9 ,Black ,,0.274 mm ,Yes ,No ,FreeSync ,Yes ,75 x 75 ,178° H x 178° V , 1 x DisplayPort 1.2a | 1 x HDMI 1.4 | 
Samsung U28R550,Samsung , LU28R550UQNXZA | LU28R550UQUXEN | ,"28"" ",3840 x 2160 ,60 Hz ,4 ms ,IPS ,16:9 ,Black / Silver ,300 cd/m² ,0.161 mm ,Yes ,No ,FreeSync ,No ,,178° H x 178° V , 1 x DisplayPort | 2 x HDMI | 
Dell Alienware AW2518H,Dell ,AW2518H ,"24.5"" ",1920 x 1080 ,240 Hz ,1 ms ,TN ,16:9 ,,400 cd/m² ,0.282 mm ,Yes ,No ,G-Sync ,No ,,170° H x 160° V , 1 x DisplayPort | 1 x HDMI | 
MSI Optix G27C4,MSI , Optix G27C4 | G27C4 | 9S6-3CA91T-002 | ,"27"" ",1920 x 1080 ,165 Hz ,,VA ,16:9 ,Black ,250 cd/m² ,0.311 mm ,Yes ,Yes ,FreeSync ,No ,,178° H x 178° V , 1 x DisplayPort | 2 x HDMI | 
MSI MAG 274QRF QD E2,MSI , MAG 274QRF QD E2 | 9S6-3CC29H-224 | 9S6-3CC29H-222 | ,"27"" ",2560 x 1440 ,180 Hz ,1 ms ,IPS ,16:9 ,Black ,400 cd/m² ,0.233 mm ,Yes ,No ,FreeSync ,No ,75 x 75 ,178° H x 178° V , 1 x DisplayPort 1.4a | 2 x HDMI 2.0b | 1 x USB Type-C | 
Asus ROG Swift PG259QNR,Asus , 90LM05Q3-B01370 | PG259QNR | ,"24.5"" ",1920 x 1080 ,360 Hz ,1 ms ,IPS ,16:9 ,Black ,400 cd/m² ,0.282 mm ,Yes ,No ,G-Sync ,No ,100 x 100 ,178° H x 178° V , 1 x DisplayPort 1.4 | 1 x HDMI 2.0 | 
Asus ROG Swift OLED PG48UQ,Asus , PG48UQ | 90LM0840-B01970 | 90LM0840-B019B0 | ROG Swift OLED PG48UQ | ,"47.53"" ",3840 x 2160 ,138 Hz ,0.1 ms ,OLED ,16:9 ,Black ,450 cd/m² ,0.274 mm ,Yes ,No ,G-Sync Compatible ,Yes ,300 x 300 ,178° H x 178° V , 1 x DisplayPort 1.4 | 2 x HDMI 2.0 | 2 x HDMI 2.1 | 
KOORUI S01,KOORUI ,S01 ,"21.45"" ",1920 x 1080 ,100 Hz ,4 ms ,VA ,16:9 ,Black ,250 cd/m² ,0.247 mm ,Yes ,No , FreeSync | G-Sync Compatible | ,Yes ,75 x 75 ,178° H x 178° V , 1 x HDMI 1.4 | 1 x VGA | 
Acer Predator XB271HUA,Acer , UM.HX1EE.A01 | XB271HUA | ,"27"" ",2560 x 1440 ,165 Hz ,1 ms ,TN ,16:9 ,,350 cd/m² ,0.233 mm ,Yes ,No ,G-Sync ,Yes ,,170° H x 160° V , 1 x DisplayPort | 1 x HDMI | 
Sceptre E205W-16003R,Sceptre ,E205W-16003R ,"19.5"" ",1600 x 900 ,75 Hz ,5 ms ,,16:9 ,Black ,250 cd/m² ,0.27 mm ,Yes ,No ,None ,Yes ,,170° H x 160° V , 2 x HDMI | 1 x VGA | 
Acer ‎Predator X32 X3bmiiphuzx,Acer , UM.JXXAA.301 | X32 X3bmiiphuzx | Predator X32 X3bmiiphuzx | UM.JXXEE.301 | ,"31.5"" ",3840 x 2160 ,240 Hz ,0.03 ms ,OLED ,16:9 ,Black ,1000 cd/m² ,0.182 mm ,Yes ,No ,FreeSync Premium ,Yes ,100 x 100 ,178° H x 178° V , 1 x DisplayPort 1.4 | 2 x HDMI 2.1 | 
Acer XV272U Pbmiiprzx,Acer , XV272U Pbmiiprzx | UM.HX2EE.P01 | ,"27"" ",2560 x 1440 ,144 Hz ,1 ms ,IPS ,16:9 ,Black ,400 cd/m² ,0.233 mm ,Yes ,No , FreeSync | G-Sync Compatible | ,Yes ,,178° H x 178° V , 1 x DisplayPort | 2 x HDMI | 
ViewSonic VX2718-2KPC-MHD,ViewSonic ,VX2718-2KPC-MHD ,"27"" ",2560 x 1440 ,165 Hz ,5 ms ,VA ,16:9 ,,250 cd/m² ,0.233 mm ,Yes ,Yes ,None ,Yes ,75 x 75 ,178° H x 178° V , 1 x DisplayPort | 2 x HDMI 2.0 | 
LG 27GN950-B,LG , 27GN950-B | 27GN950-B.AEU | ,"27"" ",3840 x 2160 ,144 Hz ,1 ms ,IPS ,16:9 ,Black / Red ,400 cd/m² ,0.156 mm ,Yes ,No , FreeSync Premium Pro | G-Sync Compatible | ,No ,,178° H x 178° V , 1 x DisplayPort | 2 x HDMI | 
MSI G274QPX,MSI ,G274QPX ,"27"" ",2560 x 1440 ,240 Hz ,1 ms ,IPS ,16:9 ,Black ,400 cd/m² ,0.233 mm ,Yes ,No ,FreeSync ,No ,75 x 75 ,178° H x 178° V , 1 x DisplayPort | 1 x HDMI | 1 x USB Type-C | 
Samsung Odyssey G51C,Samsung , LS32CG510EUXXU | LS32CG510EUXEN | ,"32"" ",2560 x 1440 ,165 Hz ,,VA ,16:9 ,Black ,300 cd/m² ,0.277 mm ,Yes ,No ,FreeSync Premium ,No ,100 x 100 ,178° H x 178° V , 1 x DisplayPort 1.4 | 2 x HDMI 2.0 | 
LG 24MP400-B,LG , 24MP400-B | 24MP400-B.AEU | ,"24"" ",1920 x 1080 ,75 Hz ,5 ms ,IPS ,16:9 ,,250 cd/m² ,0.277 mm ,Yes ,No ,FreeSync ,No ,75 x 75 ,178° H x 178° V , 1 x HDMI | 1 x VGA | 
AOC Q27G2U/BK,AOC ,Q27G2U/BK ,"27"" ",2560 x 1440 ,144 Hz ,,VA ,16:9 ,Black / Red ,250 cd/m² ,0.233 mm ,Yes ,No ,FreeSync ,Yes ,,178° H x 178° V , 1 x DisplayPort | 2 x HDMI | 
Acer Nitro QG241Y Pbmiipx,Acer ,UM.QQ1AA.P01 ,"23.8"" ",1920 x 1080 ,165 Hz ,,VA ,16:9 ,Black ,250 cd/m² ,0.274 mm ,Yes ,No ,FreeSync Premium ,Yes ,100 x 100 ,178° H x 178° V ,1 x DisplayPort 
Dell S2722DGM,Dell , 210-AZZP | 4CV4Y | S2722DGM | ,"27"" ",2560 x 1440 ,165 Hz ,2 ms ,VA ,16:9 ,,350 cd/m² ,0.233 mm ,Yes ,Yes ,FreeSync ,No ,100 x 100 ,178° H x 178° V , 1 x DisplayPort | 2 x HDMI | 
Dell Alienware AW2720HF,Dell ,AW2720HF ,"27"" ",1920 x 1080 ,240 Hz ,1 ms ,IPS ,16:9 ,White / Black ,350 cd/m² ,0.311 mm ,Yes ,No , FreeSync | G-Sync Compatible | ,No ,,178° H x 178° V , 1 x DisplayPort | 2 x HDMI | 
Dell Alienware AW2721D,Dell , AW2721D | 210-AXSW | NHR9Y | 210-AXNU | GAME-AW2721D | ,"27"" ",2560 x 1440 ,240 Hz ,1 ms ,IPS ,16:9 ,Black ,450 cd/m² ,0.233 mm ,Yes ,No ,G-Sync Ultimate ,No ,,178° H x 178° V , 1 x DisplayPort | 2 x HDMI | 
Samsung Odyssey G55A,Samsung ,LS27AG550ENXZA ,"27"" ",2560 x 1440 ,165 Hz ,,VA ,16:9 ,Black ,300 cd/m² ,0.233 mm ,Yes ,Yes ,FreeSync Premium ,No ,,178° H x 178° V , 1 x DisplayPort 1.4 | 1 x HDMI 2.0 | 
Acer Nitro KG251Q Z,Acer , UM.KX1AA.Z01 | KG251Q Z | Nitro KG251Q Zbiip | ,"24.5"" ",1920 x 1080 ,250 Hz ,,VA ,16:9 ,Black ,250 cd/m² ,0.282 mm ,Yes ,No ,FreeSync Premium ,No ,100 x 100 ,178° H x 178° V , 1 x DisplayPort 1.4 | 2 x HDMI 2.0 | 
Samsung Odyssey G9 G91F DQHD,Samsung , LS49FG910ENXZA | S49FG910EN | ,"49"" ",5120 x 1440 ,144 Hz ,1 ms ,VA ,32:9 ,Black ,350 cd/m² ,0.234 mm ,Yes ,Yes ,FreeSync Premium Pro ,No ,100 x 100 ,178° H x 178° V , 1 x DisplayPort 1.4 | 2 x HDMI 2.1 | 
LG UltraGear 27G810A-B,LG ,27G810A-B ,"27"" ",3840 x 2160 ,180 Hz ,1 ms ,IPS ,16:9 ,Black ,400 cd/m² ,0.156 mm ,Yes ,No , FreeSync Premium | G-Sync Compatible | ,No ,100 x 100 ,178° H x 178° V , 1 x DisplayPort 1.4 | 2 x HDMI 2.1 | 
LG UltraGear,LG , 49GR85DC-B | 49GR85DC-B.AEU | ,"49"" ",5120 x 1440 ,240 Hz ,1 ms ,VA ,32:9 ,Black ,450 cd/m² ,0.234 mm ,Yes ,Yes ,FreeSync Premium Pro ,No ,100 x 100 ,178° H x 178° V , 1 x DisplayPort | 1 x HDMI | 
ASRock Phantom Gaming PG34QRT2B,ASRock ,PG34QRT2B ,"34"" ",3440 x 1440 ,180 Hz ,,VA ,21:9 ,Black ,500 cd/m² ,0.232 mm ,Yes ,Yes ,FreeSync Premium ,Yes ,100 x 100 ,178° H x 178° V , 2 x DisplayPort 1.4 | 2 x HDMI 2.0 | 
LG 27U631A-B,LG , 27U631A-B | 27U631A-B.AEUQ | ,"27"" ",2560 x 1440 ,100 Hz ,5 ms ,IPS ,16:9 ,Black ,250 cd/m² ,0.233 mm ,Yes ,No ,None ,No ,100 x 100 ,178° H x 178° V , 1 x HDMI | 1 x USB Type-C | 
MSI G273CQ,MSI ,G273CQ ,"27"" ",2560 x 1440 ,170 Hz ,,VA ,16:9 ,Black ,300 cd/m² ,0.233 mm ,Yes ,Yes ,FreeSync ,No ,75 x 75 ,178° H x 178° V , 1 x DisplayPort 1.4a | 2 x HDMI 2.0b | 
Philips Evnia 5000 34M2C5501A,Philips , 34M2C5501A/01 | 34M2C5501A/00 | ,"34"" ",3440 x 1440 ,180 Hz ,1 ms ,VA ,21:9 ,White ,300 cd/m² ,0.232 mm ,Yes ,Yes ,FreeSync ,Yes ,100 x 100 ,178° H x 178° V , 1 x DisplayPort 1.4 | 2 x HDMI 2.0 | 
Asus PG279Q ROG Swift,Asus , PG279Q | 90LM0230-B01370 | ,"27"" ",2560 x 1440 ,165 Hz ,4 ms ,IPS ,16:9 ,,350 cd/m² ,0.233 mm ,Yes ,No ,G-Sync ,Yes ,100 x 100 ,178° H x 178° V , 1 x DisplayPort | 1 x HDMI | 
Asus TUF GAMING VG247Q1A,Asus , 90LM0751-B011B0 | VG247Q1A | TUF-GAMING-VG247Q1A | 90LM0751-B01170 | ,"23.8"" ",1920 x 1080 ,165 Hz ,,VA ,16:9 ,,350 cd/m² ,0.274 mm ,Yes ,No ,FreeSync Premium ,Yes ,100 x 100 ,178° H x 178° V , 1 x DisplayPort 1.2 | 2 x HDMI 1.4 | 
Asus TUF GAMING VG24VQR,Asus , VG24VQR | 90LM0577-B01170 | ,"23.6"" ",1920 x 1080 ,165 Hz ,,VA ,16:9 ,Black / Red ,,0.272 mm ,Yes ,Yes , FreeSync Premium | G-Sync Compatible | ,Yes ,,178° H x 178° V , 1 x DisplayPort | 2 x HDMI | 
Apple LED Cinema,Apple ,MC007LL/A ,"27"" ",2560 x 1440 ,,12 ms ,IPS ,16:9 ,,375 cd/m² ,0.233 mm ,Yes ,No ,None ,Yes ,100 x 100 ,178° H x 178° V ,1 x Mini-DisplayPort 
Gigabyte G27QC,Gigabyte , G27QC | G27QC-SA | 20VM0-GG27QCBT-1EKR | G27QC-EK | ,"27"" ",2560 x 1440 ,165 Hz ,,VA ,16:9 ,Black ,250 cd/m² ,0.233 mm ,Yes ,Yes , FreeSync Premium | G-Sync Compatible | ,Yes ,,178° H x 178° V , 1 x DisplayPort | 2 x HDMI | 
Samsung Odyssey G32A,Samsung ,LS32AG320NNXZA ,"32"" ",1920 x 1080 ,165 Hz ,,VA ,16:9 ,Black ,250 cd/m² ,0.369 mm ,Yes ,No ,FreeSync Premium ,No ,,178° H x 178° V , 1 x DisplayPort 1.2 | 1 x HDMI 1.4 | 
LG UltraGear,LG ,32GK65B-B ,"31.5"" ",2560 x 1440 ,144 Hz ,5 ms ,VA ,16:9 ,Black ,,0.272 mm ,Yes ,No ,FreeSync ,No ,100 x 100 ,178° H x 178° V ,
LG 34GP83A-B,LG ,34GP83A-B ,"34"" ",3440 x 1440 ,144 Hz ,1 ms ,IPS ,21:9 ,Black / Red ,400 cd/m² ,0.232 mm ,Yes ,Yes , FreeSync Premium | G-Sync Compatible | ,No ,,178° H x 178° V , 1 x DisplayPort | 2 x HDMI | 
LG 38WR85QC-W,LG , 38WR85QC-W | 38WR85QC-W.AUS | 38WR85QC-W.AEU | ,"37.5"" ",3840 x 1600 ,144 Hz ,1 ms ,Nano IPS ,12:5 ,White ,450 cd/m² ,0.229 mm ,Yes ,Yes ,FreeSync Premium Pro ,Yes ,100 x 100 ,178° H x 178° V , 1 x DisplayPort | 1 x HDMI | 1 x USB Type-C | 
Asus ROG Strix XG256Q,Asus , 90LM07W0-B01AB0 | XG256Q | ROG Strix XG256Q | ,"24.5"" ",1920 x 1080 ,180 Hz ,1 ms ,IPS ,16:9 ,Black ,400 cd/m² ,0.282 mm ,Yes ,No , FreeSync Premium | G-Sync Compatible | ,No ,100 x 100 ,178° H x 178° V , 1 x DisplayPort 1.2 | 2 x HDMI 2.0 | 
MSI Pro,MSI ,PRO MP251 ,"24.5"" ",1920 x 1080 ,100 Hz ,4 ms ,IPS ,16:9 ,Black ,300 cd/m² ,0.282 mm ,Yes ,No ,FreeSync ,Yes ,100 x 100 ,178° H x 178° V , 1 x HDMI 1.4 | 1 x VGA | 
Samsung M50B,Samsung ,LS27BM501ENXZA ,"27"" ",1920 x 1080 ,60 Hz ,4 ms ,VA ,16:9 ,White ,250 cd/m² ,0.311 mm ,Yes ,No ,None ,Yes ,,178° H x 178° V ,2 x HDMI 1.4 
Asus ROG Strix XG259CM,Asus , 90LM07J0-B013B0 | ROG-STRIX-XG259CM | XG259CM | 90LM07J0-B01370 | ,"24.5"" ",1920 x 1080 ,240 Hz ,1 ms ,IPS ,16:9 ,,400 cd/m² ,0.282 mm ,Yes ,No , FreeSync | G-Sync Compatible | ,No ,100 x 100 ,178° H x 178° V , 1 x DisplayPort 1.2 | 1 x HDMI 2.0 | 1 x USB Type-C | 
BenQ MOBIUZ EX240N,BenQ ,EX240N ,"23.8"" ",1920 x 1080 ,165 Hz ,4 ms ,VA ,16:9 ,Black / Red ,250 cd/m² ,0.274 mm ,Yes ,No , FreeSync Premium | G-Sync Compatible | ,Yes ,100 x 100 ,178° H x 178° V , 1 x DisplayPort 1.2 | 1 x HDMI 2.0 | 
Lenovo ThinkVision S24e-10,Lenovo ,61CAKCR1US ,"23.8"" ",1920 x 1080 ,60 Hz ,,VA ,16:9 ,Black ,250 cd/m² ,0.274 mm ,Yes ,No ,None ,No ,,178° H x 178° V , 1 x HDMI | 1 x VGA | 
ViewEra V151BN2,ViewEra ,V151BN2 ,"15"" ",1024 x 768 ,60 Hz ,8 ms ,TN ,4:3 ,Black ,350 cd/m² ,0.298 mm ,No ,No ,None ,Yes ,,170° H x 160° V ,1 x VGA 
Asus VG278QR,Asus , VG278QR | 90LM03P3-B01370 | ,"27"" ",1920 x 1080 ,165 Hz ,0.5 ms ,TN ,16:9 ,Black ,400 cd/m² ,0.311 mm ,Yes ,No , FreeSync | G-Sync Compatible | ,Yes ,,178° H x 178° V , 1 x DisplayPort | 1 x DVI-D Dual Link | 1 x HDMI | 
MSI Optix G271,MSI , Optix G271 | 9S6-3CB51T-002 | 9S6-3CB51T-008 | ,"27"" ",1920 x 1080 ,144 Hz ,,IPS ,16:9 ,Black ,250 cd/m² ,0.311 mm ,Yes ,No ,FreeSync ,No ,,178° H x 178° V , 1 x DisplayPort | 2 x HDMI | 
Acer Nitro VG242YP,Acer , UM.QV2EE.P01 | UM.QV2AA.P01 | VG242YP | ,"23.8"" ",1920 x 1080 ,165 Hz ,1 ms ,IPS ,16:9 ,Black / Red ,250 cd/m² ,0.274 mm ,Yes ,No , FreeSync | G-Sync Compatible | ,Yes ,,178° H x 178° V , 1 x DisplayPort | 2 x HDMI | 
Samsung LF27T350FHNXZA,Samsung ,LF27T350FHNXZA ,"27"" ",1920 x 1080 ,75 Hz ,5 ms ,IPS ,16:9 ,Black ,250 cd/m² ,0.311 mm ,Yes ,No ,FreeSync ,No ,,178° H x 178° V , 1 x HDMI | 1 x VGA | 
Gigabyte ‎G24F,Gigabyte , G24F-SA | G24F-EK | G24F | 20VM0-G24FBA-1EKR | ,"23.8"" ",1920 x 1080 ,170 Hz ,2 ms ,IPS ,16:9 ,Black ,300 cd/m² ,0.274 mm ,Yes ,No ,FreeSync Premium ,No ,,178° H x 178° V , 1 x DisplayPort | 2 x HDMI | 
Dell SE2422H,Dell , SE2422H | 210-AZGT | DELL-SE2422H | ,"24"" ",1920 x 1080 ,75 Hz ,5 ms ,VA ,16:9 ,Black ,250 cd/m² ,0.277 mm ,Yes ,No ,FreeSync ,No ,,178° H x 178° V , 1 x HDMI | 1 x VGA | 
Gigabyte M27Q-X,Gigabyte , M27Q-X | M27Q X-SA | 9DM27QX-00-1ABEK | M27Q X-EU | ,"27"" ",2560 x 1440 ,240 Hz ,1 ms ,IPS ,16:9 ,Black ,350 cd/m² ,0.233 mm ,Yes ,No ,FreeSync Premium ,Yes ,,178° H x 178° V , 1 x DisplayPort 1.4 | 2 x HDMI 2.0 | 
Acer Nitro XZ2 XZ342CU S3,Acer , UM.CX2SG.301 | XZ342CUS3 | ,"34"" ",3440 x 1440 ,180 Hz ,1 ms ,VA ,21:9 ,Black ,400 cd/m² ,0.232 mm ,Yes ,Yes ,FreeSync Premium ,Yes ,75 x 75 ,178° H x 178° V , 2 x DisplayPort 1.4 | 2 x HDMI 2.0 | 
HP OMEN 32Q,HP , OMEN 32Q | 780K0AA#ABA | 780K0AA | ,"31.5"" ",2560 x 1440 ,165 Hz ,1 ms ,IPS ,16:9 ,Black ,400 cd/m² ,0.272 mm ,Yes ,No ,FreeSync Premium ,No ,100 x 100 ,178° H x 178° V , 1 x DisplayPort 1.4 | 2 x HDMI 2.0 | 
INNOCN 49C1R,INNOCN ,49C1R ,"49"" ",5120 x 1440 ,120 Hz ,,VA ,32:9 ,Black ,400 cd/m² ,0.234 mm ,Yes ,Yes ,FreeSync ,Yes ,75 x 75 ,178° H x 178° V , 1 x DisplayPort 1.4 | 1 x HDMI 2.1 | 1 x USB Type-C | 
AOC AGON AG246FK,AOC ,AG246FK ,"24.1"" ",1920 x 1080 ,540 Hz ,0.5 ms ,TN ,16:9 ,Black ,400 cd/m² ,0.278 mm ,Yes ,No ,FreeSync ,No ,100 x 100 ,178° H x 178° V , 1 x DisplayPort 1.4 | 2 x HDMI 2.0 | 
BenQ BL2780T,BenQ , BL2780T | 9H.LGYLA.FBE | 9H.LGYLA.FPE | 9H.LGYLB.QBE | ,"27"" ",1920 x 1080 ,60 Hz ,5 ms ,IPS ,16:9 ,Black ,250 cd/m² ,0.311 mm ,Yes ,No ,None ,Yes ,,178° H x 178° V , 1 x DisplayPort | 1 x HDMI | 1 x VGA | 
MSI PRO MP242A E2,MSI ,PRO MP242A E2 ,"23.8"" ",1920 x 1080 ,120 Hz ,4 ms ,IPS ,16:9 ,Black ,300 cd/m² ,0.274 mm ,Yes ,No ,FreeSync ,Yes ,100 x 100 ,178° H x 178° V , 1 x DisplayPort 1.2a | 1 x HDMI 1.4 | 1 x VGA | 
Acer VG271U Pbmiipx,Acer , VG271U Pbmiipx | UM.HV1AA.P01 | ,"27"" ",2560 x 1440 ,144 Hz ,1 ms ,IPS ,16:9 ,Black / Blue ,350 cd/m² ,0.233 mm ,Yes ,No ,FreeSync ,Yes ,,178° H x 178° V , 1 x DisplayPort | 2 x HDMI | 
Dell G2725D,Dell , G2725D | 210-BNRN | g2725dsap | DJY7H | ,"27"" ",2560 x 1440 ,180 Hz ,1 ms ,IPS ,16:9 ,Black ,400 cd/m² ,0.233 mm ,Yes ,No ,FreeSync ,No ,100 x 100 ,178° H x 178° V , 1 x DisplayPort 1.4 | 2 x HDMI 2.1 | 
BenQ GL2780,BenQ , GL2780 | 9H.LJ6LB.QBE | ,"27"" ",1920 x 1080 ,75 Hz ,1 ms ,TN ,16:9 ,Black ,300 cd/m² ,0.311 mm ,Yes ,No ,None ,Yes ,,170° H x 160° V , 1 x DVI-D Dual Link | 1 x HDMI | 1 x VGA | 
Asus TUF Gaming VG246H1A,Asus , VG246H1A | TUF Gaming VG246H1A | 90LM08F0-B01170 | ,"23.8"" ",1920 x 1080 ,100 Hz ,,IPS ,16:9 ,Black ,300 cd/m² ,0.274 mm ,Yes ,No ,FreeSync ,No ,100 x 100 ,178° H x 178° V ,2 x HDMI 1.4 
Asus MG248QR,Asus , MG248QR | 90LM02D3-B01370 | ,"24"" ",1920 x 1080 ,144 Hz ,1 ms ,TN ,16:9 ,Black / Red ,350 cd/m² ,0.277 mm ,Yes ,No ,FreeSync ,Yes ,,170° H x 160° V , 1 x DisplayPort | 1 x DVI-D Dual Link | 1 x HDMI | 
MSI Optix G24C,MSI ,Optix G24C ,"23.6"" ",1920 x 1080 ,144 Hz ,1 ms ,VA ,16:9 ,,250 cd/m² ,0.272 mm ,Yes ,Yes ,FreeSync ,No ,,178° H x 178° V , 1 x DisplayPort | 1 x DVI | 1 x HDMI | 
Asus VP249QGR,Asus , VP249QGR | 90LM03L0-B03170 | 90LM03L0-B04170 | ,"23.8"" ",1920 x 1080 ,144 Hz ,4 ms ,IPS ,16:9 ,Black ,250 cd/m² ,0.274 mm ,Yes ,No ,FreeSync ,Yes ,,178° H x 178° V , 1 x DisplayPort | 1 x HDMI | 1 x VGA | 
Asus TUF Gaming VG30VQL1A,Asus , VG30VQL1A | 90LM07Q0-B01E70 | 90LM07Q0-B01EB0 | ,"29.5"" ",2560 x 1080 ,200 Hz ,,VA ,21:9 ,Black ,300 cd/m² ,0.27 mm ,Yes ,Yes ,FreeSync Premium ,Yes ,,178° H x 178° V , 1 x DisplayPort | 2 x HDMI | 
Corsair XENEON 34WQHD240-C,Corsair ,CM-9030005-NA ,"34"" ",3440 x 1440 ,240 Hz ,0.03 ms ,QD-OLED ,21:9 ,Silver ,,0.232 mm ,Yes ,Yes , FreeSync Premium | G-Sync Compatible | ,No ,100 x 100 ,178° H x 178° V , 1 x DisplayPort 1.4 | 2 x HDMI 2.1 | 1 x USB Type-C | 
KOORUI S2741LM,KOORUI ,S2741LM ,"27"" ",3840 x 2160 ,160 Hz ,,IPS QD-Mini LED ,16:9 ,Black ,550 cd/m² ,0.156 mm ,Yes ,No ,FreeSync Premium ,No ,100 x 100 ,178° H x 178° V , 1 x DisplayPort 1.4 | 2 x HDMI 2.1 | 
ViewSonic VX3218C-2K,ViewSonic ,VX3218C-2K ,"32"" ",2560 x 1440 ,165 Hz ,,VA ,16:9 ,Black ,,0.277 mm ,Yes ,Yes ,FreeSync Premium ,Yes ,,178° H x 178° V , 1 x DisplayPort 1.4 | 2 x HDMI 1.4 | 
Dell Alienware AW3420DW,Dell , AW3420DW | 210-ATTP | ,"34.1"" ",3440 x 1440 ,120 Hz ,2 ms ,IPS ,21:9 ,Black ,350 cd/m² ,0.232 mm ,Yes ,Yes ,G-Sync ,No ,,178° H x 178° V , 1 x DisplayPort | 1 x HDMI | 
Asus ROG Swift OLED PG42UQ,Asus , 90LM0850-B011B0 | ROG Swift PG42UQ | 90LM0850-B01170 | PG42UQ | ,"41.5"" ",3840 x 2160 ,138 Hz ,0.1 ms ,OLED ,16:9 ,Black ,450 cd/m² ,0.239 mm ,Yes ,No ,G-Sync Compatible ,Yes ,300 x 300 ,178° H x 178° V , 1 x DisplayPort 1.4 | 1 x HDMI 2.0 | 1 x HDMI 2.1 | 
AOC CU34G2X/BK,AOC , CU34G2X/BK | CU34G2X | ,"34"" ",3440 x 1440 ,144 Hz ,,VA ,21:9 ,Black / Red ,300 cd/m² ,0.232 mm ,Yes ,Yes ,FreeSync ,No ,100 x 100 ,178° H x 178° V , 1 x DisplayPort | 2 x HDMI | 
KOORUI GN10,KOORUI ,GN10 ,"27"" ",2560 x 1440 ,240 Hz ,1 ms ,VA Mini LED ,16:9 ,Silver ,350 cd/m² ,0.233 mm ,Yes ,No ,FreeSync ,No ,75 x 75 ,178° H x 178° V , 1 x DisplayPort 1.4 | 2 x HDMI 2.0 | 
ASRock PG27F15RS1A,ASRock , PG27F15RS1A | 90LXA070-A0E1A0V | ,"27"" ",1920 x 1080 ,240 Hz ,,VA ,16:9 ,Black ,300 cd/m² ,0.311 mm ,Yes ,Yes ,FreeSync ,Yes ,100 x 100 ,178° H x 178° V , 1 x DisplayPort 1.2 | 2 x HDMI 2.0 | 
Asus ROG Strix XG349C,Asus , 90LM06V0-B01AB0 | XG349C | ROG-STRIX-XG349C | 90LM06V0-B01A70 | ,"34.14"" ",3440 x 1440 ,180 Hz ,1 ms ,IPS ,21:9 ,,400 cd/m² ,0.233 mm ,Yes ,Yes ,G-Sync Compatible ,Yes ,100 x 100 ,178° H x 178° V , 1 x DisplayPort 1.4 | 1 x HDMI 2.0 | 1 x USB Type-C | 
Acer EK220Q Abi,Acer , EK220Q Abi | UM.WE0AA.A01 | ,"21.5"" ",1920 x 1080 ,75 Hz ,5 ms ,VA ,16:9 ,Black ,250 cd/m² ,0.248 mm ,Yes ,No ,None ,No ,,178° H x 178° V , 1 x HDMI | 1 x VGA | 
Sceptre E205W-1600,Sceptre ,E205W-1600 ,"20"" ",1600 x 900 ,60 Hz ,5 ms ,TN ,16:9 ,,180 cd/m² ,0.277 mm ,Yes ,No ,None ,Yes ,,170° H x 160° V , 1 x DVI | 1 x HDMI | 1 x VGA | 
Dell S2417DG,Dell , S2417DG | YNY1D | ,"23.8"" ",2560 x 1440 ,165 Hz ,1 ms ,TN ,16:9 ,,350 cd/m² ,0.206 mm ,Yes ,No ,G-Sync ,No ,,170° H x 160° V , 1 x DisplayPort | 1 x HDMI | 
HP OMEN X Emperium 65,HP ,4WY70AA#ABA ,"65"" ",3840 x 2160 ,144 Hz ,4 ms ,VA ,16:9 ,Black ,750 cd/m² ,0.375 mm ,Yes ,No ,G-Sync Ultimate ,Yes ,,178° H x 178° V ,3 x HDMI 
Asus TUF GAMING VG259Q,Asus , VG259Q | 90LM0530-B01370 | ,"24.5"" ",1920 x 1080 ,144 Hz ,,IPS ,16:9 ,Black ,400 cd/m² ,0.282 mm ,Yes ,No , FreeSync | G-Sync Compatible | ,Yes ,,178° H x 178° V , 1 x DisplayPort | 2 x HDMI | 
HP Omen 27i,HP ,8AC94AA#ABA ,"27"" ",2560 x 1440 ,165 Hz ,,IPS ,16:9 ,Black ,350 cd/m² ,0.233 mm ,Yes ,No , FreeSync | G-Sync Compatible | ,No ,,178° H x 178° V , 1 x DisplayPort | 1 x HDMI | 
Acer XB273U GXbmiipruzx,Acer ,UM.HX3AA.X05 ,"27"" ",2560 x 1440 ,240 Hz ,1 ms ,IPS ,16:9 ,Black / Red ,400 cd/m² ,0.233 mm ,Yes ,No ,G-Sync Compatible ,Yes ,,178° H x 178° V , 1 x DisplayPort | 2 x HDMI | 
MSI MAG 325CQRF-QD,MSI ,MAG325CQRF QD ,"31.5"" ",2560 x 1440 ,170 Hz ,1 ms ,VA ,16:9 ,Black ,300 cd/m² ,0.272 mm ,Yes ,Yes ,FreeSync Premium ,No ,100 x 100 ,178° H x 178° V , 1 x DisplayPort 1.2a | 2 x HDMI 2.0b | 1 x USB Type-C | 
LG 27UL500-W,LG , 27UL500-W | 27UL500-W.AEU | ,"27"" ",3840 x 2160 ,60 Hz ,5 ms ,IPS ,16:9 ,Silver ,300 cd/m² ,0.156 mm ,Yes ,No ,FreeSync ,No ,,178° H x 178° V , 1 x DisplayPort | 2 x HDMI | 
Gigabyte M27QA,Gigabyte , M27QA | M27Q ADVANCED (SA) | M27Q A (US) | M27QA EK | ,"27"" ",2560 x 1440 ,180 Hz ,,,16:9 ,Black ,350 cd/m² ,0.233 mm ,Yes ,No ,FreeSync ,No ,100 x 100 ,178° H x 178° V , 1 x DisplayPort 1.4 | 2 x HDMI 2.0 | 1 x USB Type-C | 
Pixio PX248 Wave,Pixio ,PX248WAVE ,"23.8"" ",1920 x 1080 ,200 Hz ,1 ms ,IPS ,16:9 ,Black ,300 cd/m² ,0.274 mm ,Yes ,No ,FreeSync ,Yes ,75 x 75 ,178° H x 178° V , 1 x DisplayPort 1.4 | 1 x HDMI 2.0 | 
Asus ROG Strix XG27AQ-W,Asus , 90LM06U0-B033B0 | XG27AQ-W | ROG-STRIX-XG27AQ-W | ,"27"" ",2560 x 1440 ,170 Hz ,1 ms ,IPS ,16:9 ,,400 cd/m² ,0.233 mm ,Yes ,No ,G-Sync Compatible ,Yes ,100 x 100 ,178° H x 178° V , 1 x DisplayPort 1.2 | 2 x HDMI 2.0 | 
MSI Optix G32CQ4 E2,MSI , G32CQ4 E2 | 9S6-3DB51T-021 | Optix G32CQ4 E2 | OPTIC G32CQ4 E2 | 9S6-3DB51T-035 | 9S6-3DB51T-022 | ,"31.5"" ",2560 x 1440 ,170 Hz ,,VA ,16:9 ,Black ,250 cd/m² ,0.272 mm ,Yes ,Yes ,FreeSync Premium ,No ,100 x 100 ,178° H x 178° V , 1 x DisplayPort 1.4a | 2 x HDMI 2.0b | 
Asus TUF Gaming VG249Q1R,Asus , 90LM05V1-B01EB0 | VG249Q1R | 90lm05v1-b01e70 | TUF Gaming VG249Q1R | ,"23.8"" ",1920 x 1080 ,165 Hz ,,IPS ,16:9 ,Black / Red ,250 cd/m² ,0.274 mm ,Yes ,No ,FreeSync Premium ,Yes ,75 x 75 ,178° H x 178° V , 1 x DisplayPort 1.2 | 2 x HDMI 1.4 | 
Philips 241E1SCA/00,Philips ,241E1SCA/00 ,"23.6"" ",1920 x 1080 ,75 Hz ,4 ms ,VA ,16:9 ,Black ,250 cd/m² ,0.272 mm ,Yes ,Yes ,None ,Yes ,,178° H x 178° V , 1 x HDMI | 1 x VGA | 
HP X27q,HP , 2V7U5AA#ABU | 2V7U3AA#ABA | X27q | ,"27"" ",2560 x 1440 ,165 Hz ,1 ms ,IPS ,16:9 ,Black ,400 cd/m² ,0.233 mm ,Yes ,No ,FreeSync Premium ,No ,,178° H x 178° V , 1 x DisplayPort 1.4 | 1 x HDMI 2.0 | 
Samsung CF390,Samsung ,LC24F390FHNXZA ,"24"" ",1920 x 1080 ,,,VA ,16:9 ,Black ,250 cd/m² ,0.277 mm ,Yes ,Yes ,FreeSync ,No ,,178° H x 178° V , 1 x HDMI | 1 x VGA | 
MSI MEG 342C QD OLED,MSI , MEG 342C QD OLED | 9S6-3DC44T-004 | 9S6-3DC44T-002 | 9S6-3DC44T-001 | 9S6-3DC44T-003 | ,"34.18"" ",3440 x 1440 ,175 Hz ,0.1 ms ,QD-OLED ,21:9 ,Black / Gold ,1000 cd/m² ,0.233 mm ,Yes ,Yes ,FreeSync Premium Pro ,No ,100 x 100 ,178° H x 178° V , 1 x DisplayPort 1.4a | 2 x HDMI 2.1 | 
HP L1506x,HP ,LL543A8#ABA ,"15"" ",1024 x 768 ,75 Hz ,8 ms ,,4:3 ,,400 cd/m² ,0.298 mm ,No ,No ,None ,No ,100 x 100 ,160° H x 140° V ,1 x VGA 
iiyama G-MASTER RED EAGLE,iiyama ,GB2760QSU-B1 ,"27"" ",2560 x 1440 ,144 Hz ,1 ms ,TN ,16:9 ,Black ,350 cd/m² ,0.233 mm ,Yes ,No ,FreeSync ,Yes ,,170° H x 160° V , 1 x DisplayPort | 1 x DVI-D Dual Link | 1 x HDMI | 
Acer EK241Y,Acer ,UM.QE1AA.004 ,"23.8"" ",1920 x 1080 ,75 Hz ,4 ms ,IPS ,16:9 ,Black ,250 cd/m² ,0.274 mm ,Yes ,No ,None ,No ,,178° H x 178° V , 1 x HDMI | 1 x VGA | 
HUAWEI MateView GT Sound Edition,HUAWEI , ZQE-CAA | 53060216 | 53060214 | ,"34"" ",3440 x 1440 ,165 Hz ,4 ms ,VA ,21:9 ,Black ,350 cd/m² ,0.232 mm ,Yes ,Yes ,FreeSync Premium ,No ,,178° H x 178° V , 1 x DisplayPort | 2 x HDMI | 
LC-Power M27-QHD-144-C-V2,LC-Power ,LC-M27-QHD-144-C-V2 ,"27"" ",2560 x 1440 ,144 Hz ,4 ms ,VA ,16:9 ,Black / Red ,250 cd/m² ,0.233 mm ,Yes ,No ,FreeSync ,No ,75 x 75 ,178° H x 178° V ,
AOC AGON AG256FS,AOC ,AG256FS ,"24.5"" ",1920 x 1080 ,390 Hz ,1 ms ,IPS ,16:9 ,,400 cd/m² ,0.282 mm ,Yes ,No ,FreeSync ,No ,100 x 100 ,178° H x 178° V , 1 x DisplayPort 1.4 | 2 x HDMI 2.0 | 
Asus TUF Gaming,Asus , VG27AQM1A | TUF Gaming VG27AQM1A | 90LM05Z0-B08370 | ,"27"" ",2560 x 1440 ,260 Hz ,1 ms ,IPS ,16:9 ,Black ,399 cd/m² ,0.233 mm ,Yes ,No , FreeSync Premium | G-Sync Compatible | ,Yes ,100 x 100 ,178° H x 178° V , 1 x DisplayPort 2.0 | 2 x HDMI 1.4 | 
ViewSonic XG2736-2K,ViewSonic ,XG2736-2K ,"27"" ",2560 x 1440 ,240 Hz ,2 ms ,IPS ,16:9 ,Black ,300 cd/m² ,0.233 mm ,Yes ,No , FreeSync Premium | G-Sync Compatible | ,Yes ,75 x 75 ,178° H x 178° V , 1 x DisplayPort | 2 x HDMI 2.1 | 1 x USB Type-C | 
Samsung M90SF,Samsung , LS32FM902SNXZA | LS32FM900SUXEN | LS32FM900SUXDU | ,"32"" ",3840 x 2160 ,165 Hz ,0.03 ms ,QD-OLED ,16:9 ,Black ,250 cd/m² ,0.184 mm ,Yes ,No , FreeSync Premium Pro | G-Sync Compatible | ,Yes ,100 x 100 ,178° H x 178° V , 1 x DisplayPort 1.4 | 1 x HDMI 2.1 | 
Acer Nitro XV273K Pbmiipphzx,Acer , XV273K Pbmiipphzx | XV273K | UM.HX3AA.P02 | ,"27"" ",3840 x 2160 ,144 Hz ,1 ms ,IPS ,16:9 ,Black ,400 cd/m² ,0.156 mm ,Yes ,No , FreeSync | G-Sync Compatible | ,Yes ,,178° H x 178° V , 1 x DisplayPort | 1 x HDMI | 
Samsung SJ55W,Samsung ,LS34J550WQNXZA ,"34.1"" ",3440 x 1440 ,75 Hz ,4 ms ,VA ,21:9 ,Black ,250 cd/m² ,0.232 mm ,Yes ,No ,FreeSync ,No ,,178° H x 178° V , 1 x DisplayPort | 2 x HDMI | 
ViewSonic VX4381-4K,ViewSonic ,VX4381-4K ,"43"" ",3840 x 2160 ,,3 ms ,VA ,16:9 ,,450 cd/m² ,0.248 mm ,Yes ,No ,None ,Yes ,200 x 100 ,178° H x 178° V , 1 x DisplayPort | 1 x Mini-DisplayPort | 2 x HDMI 2.0 | 
Samsung Odyssey Neo G75NB,Samsung ,LS32BG752NNXGO ,"32"" ",3840 x 2160 ,165 Hz ,1 ms ,VA Mini LED ,16:9 ,Black ,1000 cd/m² ,0.184 mm ,Yes ,Yes ,FreeSync Premium Pro ,No ,100 x 100 ,178° H x 178° V , 1 x DisplayPort 1.4 | 2 x HDMI 2.1 | 
Sceptre C345W-2560UN,Sceptre ,C345W-2560UN ,"34"" ",2560 x 1080 ,100 Hz ,6 ms ,VA ,21:9 ,Black ,320 cd/m² ,0.311 mm ,Yes ,Yes ,FreeSync ,Yes ,,178° H x 178° V , 1 x DisplayPort | 2 x HDMI | 
Samsung S22A450BW-1,Samsung ,S22A450BW-1 ,"22"" ",1680 x 1050 ,,5 ms ,,16:10 ,,250 cd/m² ,0.282 mm ,Yes ,No ,None ,No ,100 x 100 ,170° H x 160° V , 1 x DVI | 1 x VGA | 
Samsung CF396,Samsung ,LC24F396FHNXZA ,"24"" ",1920 x 1080 ,60 Hz ,4 ms ,VA ,16:9 ,Black ,250 cd/m² ,0.277 mm ,Yes ,Yes ,FreeSync ,No ,,178° H x 178° V , 1 x HDMI | 1 x VGA | 
LG 27GN750-B,LG , 27GN750-B | 27GN750-B.AEU | ,"27"" ",1920 x 1080 ,240 Hz ,1 ms ,IPS ,16:9 ,Black ,400 cd/m² ,0.311 mm ,Yes ,No , FreeSync | G-Sync Compatible | ,No ,,178° H x 178° V , 1 x DisplayPort | 2 x HDMI | 
LG 27GQ40W-B,LG ,27GQ40W-B ,"27"" ",1920 x 1080 ,165 Hz ,5 ms ,VA ,16:9 ,,250 cd/m² ,0.311 mm ,Yes ,No ,FreeSync Premium ,No ,100 x 100 ,178° H x 178° V , 1 x DisplayPort | 1 x HDMI | 
Acer GN246HL,Acer , UM.FG6AA.B01 | GN246HL Bbid | ,"24"" ",1920 x 1080 ,144 Hz ,1 ms ,TN ,16:9 ,,350 cd/m² ,0.277 mm ,Yes ,No ,None ,No ,100 x 100 ,170° H x 160° V , 1 x DVI | 1 x HDMI | 1 x VGA | 
Acer K222HQL,Acer ,K222HQL ,"21.5"" ",1920 x 1080 ,60 Hz ,5 ms ,TN ,16:9 ,,200 cd/m² ,0.248 mm ,Yes ,No ,None ,No ,,90° H x 65° V , 1 x DVI | 1 x VGA | 
Asus VG278Q,Asus , VG278Q | 90LM03P0-B01370 | ,"27"" ",1920 x 1080 ,144 Hz ,1 ms ,TN ,16:9 ,,400 cd/m² ,0.311 mm ,Yes ,No , FreeSync | G-Sync Compatible | ,Yes ,,170° H x 160° V , 1 x DisplayPort | 1 x DVI-D Dual Link | 1 x HDMI | 
Acer Predator XB272 bmiprz,Acer ,XB272 bmiprz ,"27"" ",1920 x 1080 ,240 Hz ,1 ms ,TN ,16:9 ,,400 cd/m² ,0.311 mm ,Yes ,No ,G-Sync ,No ,,170° H x 160° V , 1 x DisplayPort | 1 x HDMI | 
iiyama G-MASTER BLACK HAWK,iiyama ,G2530HSU-B1 ,"24.5"" ",1920 x 1080 ,75 Hz ,1 ms ,TN ,16:9 ,Black ,250 cd/m² ,0.282 mm ,Yes ,No ,FreeSync ,Yes ,,170° H x 160° V , 1 x DisplayPort | 1 x HDMI | 1 x VGA | 
Acer XFA240 bmjdpr,Acer , XFA240 bmjdpr | UM.FX0AA.004 | ,"24"" ",1920 x 1080 ,144 Hz ,1 ms ,TN ,16:9 ,Black ,350 cd/m² ,0.277 mm ,Yes ,No , FreeSync | G-Sync Compatible | ,Yes ,,170° H x 160° V , 1 x DisplayPort | 1 x DVI-D Dual Link | 1 x HDMI | 
AOC CQ32G1,AOC ,CQ32G1 ,"31.5"" ",2560 x 1440 ,144 Hz ,1 ms ,VA ,16:9 ,Black ,300 cd/m² ,0.272 mm ,Yes ,Yes ,FreeSync ,No ,,178° H x 178° V , 1 x DisplayPort | 1 x HDMI | 
ViewSonic VX2758-2KP-MHD,ViewSonic ,VX2758-2KP-MHD ,"27"" ",2560 x 1440 ,144 Hz ,3 ms ,IPS ,16:9 ,Black ,350 cd/m² ,0.233 mm ,Yes ,No ,FreeSync ,No ,,178° H x 178° V , 1 x DisplayPort | 2 x HDMI | 
MSI Optix MAG251RX,MSI ,Optix MAG251RX ,"24.5"" ",1920 x 1080 ,240 Hz ,1 ms ,IPS ,16:9 ,Black ,400 cd/m² ,0.282 mm ,Yes ,No , FreeSync | G-Sync Compatible | ,No ,,178° H x 178° V , 1 x DisplayPort | 2 x HDMI | 
Dell S2522HG,Dell , S2522HG | S2522hgsap | 210-AZZO | 1J0VT | ,"24.5"" ",1920 x 1080 ,240 Hz ,1 ms ,IPS ,16:9 ,Black ,400 cd/m² ,0.282 mm ,Yes ,No , FreeSync Premium | G-Sync Compatible | ,No ,,178° H x 178° V , 1 x DisplayPort | 2 x HDMI | 
Acer XV272U KFbmiipruzx,Acer , UM.HX2AA.F01 | XV272U KFbmiipruzx | ,"27"" ",2560 x 1440 ,300 Hz ,,IPS ,16:9 ,Black ,600 cd/m² ,0.233 mm ,Yes ,No ,FreeSync Premium ,No ,100 x 100 ,178° H x 178° V , 1 x DisplayPort 1.4 | 1 x HDMI 2.1 | 
Dell G2524H,Dell , G2524H | 210-BHYC | G2524hsap | 29J9X | ,"24.5"" ",1920 x 1080 ,280 Hz ,0.5 ms ,IPS ,16:9 ,Black ,400 cd/m² ,0.282 mm ,Yes ,No , FreeSync Premium | G-Sync Compatible | ,No ,100 x 100 ,178° H x 178° V , 2 x DisplayPort 1.4 | 1 x HDMI 1.4 | 
AOC 27G2S,AOC ,27G2S ,"27"" ",1920 x 1080 ,165 Hz ,,VA ,16:9 ,Black / Red ,350 cd/m² ,0.311 mm ,Yes ,No , FreeSync | G-Sync Compatible | ,No ,,178° H x 178° V , 1 x DisplayPort 1.2 | 2 x HDMI 1.4 | 1 x VGA | 
HP Evnia 27M2N3501PA/00,HP ,27M2N3501PA/00 ,"27"" ",2560 x 1440 ,260 Hz ,1 ms ,IPS ,16:9 ,White ,300 cd/m² ,0.233 mm ,Yes ,No ,FreeSync ,Yes ,,178° H x 178° V ,
Asus TUF Gaming VG328QA1A,Asus , 90LM08R0-B01EB0 | 90LM08R0-B01E70 | VG328QA1A | TUF Gaming VG328QA1A | ,"31.5"" ",1920 x 1080 ,170 Hz ,,VA ,16:9 ,Black ,300 cd/m² ,0.363 mm ,Yes ,No ,FreeSync Premium ,Yes ,100 x 100 ,178° H x 178° V ,
LG 32GN650-B,LG , 32GN650-B | 32GN650-B.AEU | ,"31.5"" ",2560 x 1440 ,165 Hz ,5 ms ,VA ,16:9 ,Black / Red ,350 cd/m² ,0.272 mm ,Yes ,No ,FreeSync Premium ,No ,,178° H x 178° V , 1 x DisplayPort | 2 x HDMI | 
Samsung Odyssey G65B,Samsung ,LS32BG650EUXXU ,"32"" ",2560 x 1440 ,240 Hz ,1 ms ,VA ,16:9 ,Black ,350 cd/m² ,0.277 mm ,Yes ,Yes ,FreeSync Premium Pro ,Yes ,100 x 100 ,178° H x 178° V , 1 x DisplayPort 1.4 | 2 x HDMI 2.1 | 
AOC C27G1,AOC ,C27G1 ,"27"" ",1920 x 1080 ,144 Hz ,1 ms ,VA ,16:9 ,Black ,250 cd/m² ,0.311 mm ,Yes ,Yes ,FreeSync ,No ,,178° H x 178° V , 1 x DisplayPort | 2 x HDMI | 1 x VGA | 
BenQ GW2790QT,BenQ ,GW2790QT ,"27"" ",2560 x 1440 ,75 Hz ,5 ms ,,16:9 ,Black ,350 cd/m² ,0.233 mm ,Yes ,No ,None ,Yes ,100 x 100 ,178° H x 178° V , 1 x DisplayPort 1.2 | 1 x HDMI 1.4 | 1 x USB Type-C | 
Asus TUF GAMING VG24VQE,Asus , 90LM0575-B011B0 | TUF-GAMING-VG24VQE | VG24VQE | 90LM0575-B01170 | ,"23.6"" ",1920 x 1080 ,165 Hz ,,VA ,16:9 ,,250 cd/m² ,0.272 mm ,Yes ,Yes ,FreeSync Premium ,No ,100 x 100 ,178° H x 178° V , 1 x DisplayPort 1.2 | 2 x HDMI 1.4 | 
Acer Nitro VG270U,Acer , UM.HV0EE.007 | UM.HV0SN.002 | ,"27"" ",2560 x 1440 ,75 Hz ,1 ms ,IPS ,16:9 ,Black ,350 cd/m² ,0.233 mm ,Yes ,No ,FreeSync ,Yes ,,178° H x 178° V , 1 x DisplayPort | 1 x HDMI | 
HP 22fw,HP , 3KS60AA | 3KS61AA | ,"21.5"" ",1920 x 1080 ,60 Hz ,5 ms ,IPS ,16:9 ,Silver ,300 cd/m² ,0.248 mm ,Yes ,No ,FreeSync ,No ,,178° H x 178° V , 1 x HDMI | 1 x VGA | 
VIOTEK GFV22CB,VIOTEK ,GFV22CB ,"22"" ",1920 x 1080 ,144 Hz ,5 ms ,VA ,16:9 ,Black ,220 cd/m² ,0.254 mm ,Yes ,No , FreeSync | G-Sync Compatible | ,No ,,178° H x 178° V , 1 x DisplayPort | 2 x HDMI | 
Acer Nitro XZ6,Acer ,UM.RX6AA.X01 ,"29.5"" ",2560 x 1080 ,200 Hz ,,VA ,21:9 ,,400 cd/m² ,0.27 mm ,Yes ,Yes ,FreeSync Premium ,No ,75 x 75 ,178° H x 178° V , 1 x DisplayPort 1.2 | 2 x HDMI 1.4 | 1 x HDMI 2.0 | 
INNOCN 32M2V,INNOCN ,32M2V ,"32"" ",3840 x 2160 ,144 Hz ,1 ms ,IPS Mini LED ,16:9 ,Silver ,,0.184 mm ,Yes ,No ,FreeSync ,Yes ,,178° H x 178° V , 1 x DisplayPort 1.4 | 2 x HDMI 2.1 | 1 x USB Type-C | 
ViewSonic VX3276-2K-MHD,ViewSonic , VX3276-2K-MHD | VX3276-2K | ,"32"" ",2560 x 1440 ,60 Hz ,8 ms ,IPS ,16:9 ,Silver ,250 cd/m² ,0.277 mm ,Yes ,No ,None ,Yes ,,178° H x 178° V , 1 x DisplayPort | 1 x Mini-DisplayPort | 2 x HDMI | 
Asus TUF Gaming VG32AQL1A,Asus , VG32AQL1A | 90LM07L0-B013B0 | 90LM07L0-B01370 | 90LM07L0-B03370 | ,"31.5"" ",2560 x 1440 ,170 Hz ,1 ms ,IPS ,16:9 ,Black ,400 cd/m² ,0.272 mm ,Yes ,No , FreeSync Premium | G-Sync Compatible | ,Yes ,100 x 100 ,178° H x 178° V , 1 x DisplayPort 1.2 | 2 x HDMI 2.0 | 
Asus TUF Gaming VG34VQEL1A,Asus , VG34VQEL1A | 90lm06f0-b01e70 | 90LM06F0-B01EB0 | ,"34"" ",3440 x 1440 ,100 Hz ,,VA ,21:9 ,Black ,300 cd/m² ,0.232 mm ,Yes ,Yes ,FreeSync ,Yes ,100 x 100 ,178° H x 178° V , 1 x DisplayPort 1.2 | 2 x HDMI 2.0 | 
Acer Nitro XV275K P3,Acer , XV275K P3biipruzx | UM.HXXAA.301 | XV275K P3 | ,"27"" ",3840 x 2160 ,160 Hz ,1 ms ,IPS Mini LED ,16:9 ,,1000 cd/m² ,0.156 mm ,Yes ,No ,FreeSync Premium Pro ,No ,75 x 75 ,178° H x 178° V , 1 x DisplayPort 1.4 | 1 x HDMI 2.1 | 
LG 48GQ900-B,LG , 48GQ900-B | 48GQ900-B.AEU | ,"47.5"" ",3840 x 2160 ,120 Hz ,0.1 ms ,OLED ,16:9 ,,135 cd/m² ,0.274 mm ,Yes ,No , FreeSync Premium | G-Sync Compatible | ,Yes ,300 x 200 ,178° H x 178° V , 1 x DisplayPort | 3 x HDMI | 
LG 28MQ780-B,LG , 28MQ780-B | 28MQ780-B.AEU | ,"27.6"" ",2560 x 2880 ,60 Hz ,5 ms ,IPS ,8:9 ,Black ,300 cd/m² ,0.182 mm ,No ,No ,None ,No ,,178° H x 178° V , 1 x DisplayPort 1.4 | 2 x HDMI | 
Acer Vero V7 V227Q E3,Acer , UM.WV7AA.303 | V227Q E3 | ,"21.5"" ",1920 x 1080 ,100 Hz ,4 ms ,IPS ,16:9 ,Black ,250 cd/m² ,0.248 mm ,Yes ,No ,FreeSync ,Yes ,100 x 100 ,178° H x 178° V , 1 x DisplayPort 1.2 | 1 x HDMI 1.4 | 
ViewSonic OMNI VX2428J,ViewSonic ,VX2428J ,"23.8"" ",1920 x 1080 ,180 Hz ,,IPS ,16:9 ,Black ,250 cd/m² ,0.274 mm ,Yes ,No ,FreeSync Premium ,Yes ,100 x 100 ,178° H x 178° V , 1 x DisplayPort 1.4 | 2 x HDMI 1.4 | 
LG 24GN600-B,LG , 24GN600-B | 24GN600-B.AEU | ,"24"" ",1920 x 1080 ,144 Hz ,1 ms ,IPS ,16:9 ,Black / Red ,300 cd/m² ,0.277 mm ,Yes ,No ,FreeSync Premium ,No ,,178° H x 178° V , 1 x DisplayPort | 2 x HDMI | 
Sceptre E275W-1920,Sceptre ,E275W-1920 ,"27"" ",1920 x 1080 ,60 Hz ,5 ms ,,16:9 ,,250 cd/m² ,0.311 mm ,Yes ,No ,None ,Yes ,,170° H x 160° V , 1 x DVI | 1 x HDMI | 1 x VGA | 
iiyama G-MASTER BLACK HAWK,iiyama ,G2730HSU-B1 ,"27"" ",1920 x 1080 ,75 Hz ,1 ms ,TN ,16:9 ,Black ,300 cd/m² ,0.311 mm ,Yes ,No ,FreeSync ,Yes ,,170° H x 160° V , 1 x DisplayPort | 1 x DVI-D Dual Link | 1 x HDMI | 
MSI Optix MAG321CQR,MSI ,Optix MAG321CQR ,"31.5"" ",2560 x 1440 ,144 Hz ,1 ms ,VA ,16:9 ,Black ,300 cd/m² ,0.272 mm ,Yes ,Yes ,FreeSync ,No ,,178° H x 178° V , 1 x DisplayPort | 2 x HDMI | 
Dell S3220DGF,Dell ,S3220DGF ,"31.5"" ",2560 x 1440 ,165 Hz ,5 ms ,VA ,16:9 ,Black ,400 cd/m² ,0.272 mm ,Yes ,Yes ,FreeSync Premium Pro ,No ,,178° H x 178° V , 1 x DisplayPort | 2 x HDMI | 
AOC C27G2,AOC ,C27G2 ,"27"" ",1920 x 1080 ,165 Hz ,,VA ,16:9 ,Black / Red ,250 cd/m² ,0.311 mm ,Yes ,Yes ,FreeSync Premium ,No ,,178° H x 178° V , 1 x DisplayPort | 2 x HDMI | 1 x VGA | 
Acer Predator XB273 GZ,Acer ,UM.HX3AA.Z02 ,"27"" ",1920 x 1080 ,280 Hz ,1 ms ,,16:9 ,Black ,400 cd/m² ,0.311 mm ,Yes ,No , FreeSync | G-Sync Compatible | ,Yes ,100 x 100 ,178° H x 178° V , 1 x DisplayPort | 1 x HDMI | 
HP 27mx,HP , 4KK74AA#ABA | 4KK74AA#ABU | 4KK74AA#UUZ | ,"27"" ",1920 x 1080 ,144 Hz ,1 ms ,TN ,16:9 ,,400 cd/m² ,0.311 mm ,Yes ,No ,FreeSync ,No ,,170° H x 160° V , 1 x DisplayPort 1.2 | 1 x HDMI 2.0 | 
LG 37G800A-B,LG ,37G800A-B ,"36.5"" ",3840 x 2160 ,165 Hz ,1 ms ,VA ,16:9 ,Black ,400 cd/m² ,0.21 mm ,Yes ,Yes ,FreeSync Premium Pro ,Yes ,100 x 100 ,178° H x 178° V , 1 x DisplayPort 1.4 | 2 x HDMI 2.1 | 1 x USB Type-C | 
Asus Eye Care VY27UQ,Asus , VY27UQ | 90LM09U3-B011B0 | 90LM09U3-B01170 | ,"27"" ",3840 x 2160 ,60 Hz ,5 ms ,IPS ,16:9 ,Black ,350 cd/m² ,0.156 mm ,Yes ,No ,FreeSync ,Yes ,100 x 100 ,178° H x 178° V , 1 x DisplayPort 1.4 | 2 x HDMI 2.0 | 
TCL 32R84,TCL ,32R84 ,"31.5"" ",3840 x 2160 ,165 Hz ,1 ms ,VA QD-Mini LED ,16:9 ,Black ,1500 cd/m² ,0.182 mm ,Yes ,No ,FreeSync Premium ,Yes ,,178° H x 178° V , 1 x DisplayPort 1.4 | 2 x HDMI 2.1 | 
BenQ MOBIUZ EX271UZ,BenQ ,EX271UZ ,"26.5"" ",3840 x 2160 ,240 Hz ,0.03 ms ,QD-OLED ,16:9 ,Black ,1000 cd/m² ,0.153 mm ,Yes ,No ,FreeSync Premium Pro ,No ,100 x 100 ,178° H x 178° V , 1 x DisplayPort 1.4 | 2 x HDMI 2.1 | 1 x USB Type-C | 
BenQ XL2411,BenQ ,XL2411 ,"24"" ",1920 x 1080 ,144 Hz ,1 ms ,TN ,16:9 ,,350 cd/m² ,0.277 mm ,Yes ,No ,None ,No ,,, 1 x DVI-D Dual Link | 1 x HDMI | 1 x VGA | 
MSI Modern MD272UPHW,MSI ,Modern MD272UPHW ,"27"" ",3840 x 2160 ,60 Hz ,4 ms ,IPS ,16:9 ,White ,400 cd/m² ,0.156 mm ,Yes ,No ,FreeSync ,Yes ,75 x 75 ,178° H x 178° V , 1 x DisplayPort 1.4a | 2 x HDMI 2.0b | 1 x USB Type-C | 
Acer XZ396QU Pwmiipphx,Acer , UM.TX6AA.P01 | XZ396QU Pwmiipphx | ,"38.5"" ",2560 x 1440 ,165 Hz ,,VA ,16:9 ,White ,400 cd/m² ,0.333 mm ,Yes ,Yes ,FreeSync Premium ,No ,100 x 100 ,178° H x 178° V , 2 x DisplayPort 1.4 | 1 x HDMI 2.0 | 
Asus VS228H-P,Asus ,VS228H-P ,"21.5"" ",1920 x 1080 ,,5 ms ,,16:9 ,,250 cd/m² ,0.248 mm ,Yes ,No ,None ,No ,100 x 100 ,170° H x 160° V , 1 x DVI | 1 x HDMI | 1 x VGA | 
Asus TUF Gaming VG328H1B,Asus , 90LM0681-B011B0 | TUF Gaming VG328H1B | ,"31.5"" ",1920 x 1080 ,165 Hz ,,VA ,16:9 ,Black ,250 cd/m² ,0.363 mm ,Yes ,Yes ,FreeSync ,Yes ,,178° H x 178° V , 1 x HDMI | 1 x VGA | 
MSI Optix MAG301CR,MSI ,Optix MAG301CR ,"30"" ",2560 x 1080 ,200 Hz ,,VA ,21:9 ,Black ,300 cd/m² ,0.274 mm ,Yes ,Yes ,FreeSync ,No ,,178° H x 178° V , 1 x DisplayPort | 2 x HDMI | 
Dell P1917S,Dell ,P1917S ,"19"" ",1280 x 1024 ,60 Hz ,6 ms ,IPS ,5:4 ,Black / Silver ,250 cd/m² ,0.294 mm ,No ,No ,None ,No ,,178° H x 178° V , 1 x DisplayPort | 1 x HDMI | 1 x VGA | 
Sceptre E225W-1920,Sceptre ,E225W-1920 ,"22"" ",1920 x 1080 ,60 Hz ,5 ms ,TN ,16:9 ,,250 cd/m² ,0.254 mm ,Yes ,No ,None ,Yes ,,170° H x 160° V , 1 x DVI | 1 x HDMI | 1 x VGA | 
ViewSonic XG2401,ViewSonic ,XG2401 ,"23.6"" ",1920 x 1080 ,144 Hz ,1 ms ,TN ,16:9 ,,350 cd/m² ,0.272 mm ,Yes ,No ,FreeSync ,Yes ,,170° H x 160° V , 1 x DisplayPort | 2 x HDMI | 
HP OMEN 25,HP ,Z7Y57A9#ABA ,"24.5"" ",1920 x 1080 ,144 Hz ,1 ms ,TN ,16:9 ,,400 cd/m² ,0.282 mm ,Yes ,No ,FreeSync ,No ,,170° H x 160° V , 1 x DisplayPort | 2 x HDMI | 
LG 24GL600F-B,LG ,24GL600F-B ,"23.6"" ",1920 x 1080 ,144 Hz ,1 ms ,TN ,16:9 ,Black ,300 cd/m² ,0.272 mm ,Yes ,No ,FreeSync ,No ,,170° H x 160° V , 1 x DisplayPort | 2 x HDMI | 
Sceptre C275B-144RN,Sceptre ,C275B-144RN ,"27"" ",1920 x 1080 ,144 Hz ,3 ms ,VA ,16:9 ,Black ,250 cd/m² ,0.311 mm ,Yes ,Yes ,FreeSync ,Yes ,,178° H x 178° V , 1 x DisplayPort | 2 x HDMI | 
Asus TUF Gaming VG289Q,Asus , VG289Q | 90LM05B0-B011B0 | 90LM05B0-B01170 | ,"28"" ",3840 x 2160 ,60 Hz ,5 ms ,IPS ,16:9 ,Black ,350 cd/m² ,0.161 mm ,Yes ,No ,FreeSync ,Yes ,,178° H x 178° V , 1 x DisplayPort | 2 x HDMI | 
HUAWEI MateView GT,HUAWEI ,53060444 ,"27"" ",2560 x 1440 ,165 Hz ,,VA ,16:9 ,Black ,350 cd/m² ,0.233 mm ,Yes ,Yes ,None ,No ,100 x 100 ,178° H x 178° V , 1 x DisplayPort | 1 x HDMI 2.0 | 
LG 32GQ850-B,LG , 32GQ850-B | 32GQ850-B.AEU | ,"32"" ",2560 x 1440 ,240 Hz ,1 ms ,IPS ,16:9 ,,450 cd/m² ,0.277 mm ,Yes ,No , FreeSync Premium Pro | G-Sync Compatible | ,No ,,, 1 x DisplayPort 1.4 | 2 x HDMI | 
LG 32UN650-W,LG , 32UN650-W | 32UN650-W.AEU | ,"31.5"" ",3840 x 2160 ,60 Hz ,5 ms ,IPS ,16:9 ,Black / Silver ,350 cd/m² ,0.182 mm ,Yes ,No ,FreeSync ,No ,,178° H x 178° V , 1 x DisplayPort | 2 x HDMI | 
BenQ PD2705U,BenQ , PD2705U | 9H.LKDLA.TBE | ,"27"" ",3840 x 2160 ,60 Hz ,5 ms ,IPS ,16:9 ,Black ,350 cd/m² ,0.156 mm ,Yes ,No ,None ,Yes ,100 x 100 ,178° H x 178° V , 1 x DisplayPort 1.4 | 1 x HDMI 2.0 | 1 x USB Type-C | 
Lenovo G27-20,Lenovo ,66C2GCC1US ,"27"" ",1920 x 1080 ,144 Hz ,,IPS ,16:9 ,Black / Blue ,400 cd/m² ,0.311 mm ,Yes ,No , FreeSync Premium | G-Sync Compatible | ,No ,,178° H x 178° V , 1 x DisplayPort 1.2 | 1 x HDMI 1.4 | 
MSI G32CQ5P,MSI ,G32CQ5P ,"31.5"" ",2560 x 1440 ,170 Hz ,,VA ,16:9 ,Black ,250 cd/m² ,0.272 mm ,Yes ,Yes ,FreeSync ,No ,75 x 75 ,178° H x 178° V , 1 x DisplayPort 1.2a | 2 x HDMI 2.0b | 
Lenovo LEGION Y34wz-30,Lenovo , 67B0UAC1US | Y34wz-30 | 67B0UAC1EU | 67B0UAC1UK | 67B0UAC1AU | ,"34"" ",3440 x 1440 ,180 Hz ,11 ms ,VA Mini LED ,21:9 ,Black ,1200 cd/m² ,0.232 mm ,Yes ,Yes ,FreeSync Premium Pro ,Yes ,100 x 100 ,178° H x 178° V , 1 x DisplayPort 1.4 | 2 x HDMI 2.1 | 
Acer XB271HU bmiprz,Acer , XB271HU bmiprz | UM.HX1AA.001 | UM.HX1SA.001-D10 | XB271HU(UM.HX1SA.001-D10) | XB271HU | ,"27"" ",2560 x 1440 ,165 Hz ,4 ms ,IPS ,16:9 ,,350 cd/m² ,0.233 mm ,Yes ,No ,G-Sync ,Yes ,,178° H x 178° V , 1 x DisplayPort | 1 x HDMI | 
LG 32GP83B-B,LG , 32GP83B-B | 32GP83B-B.AUS | ,"32"" ",2560 x 1440 ,165 Hz ,1 ms ,IPS ,16:9 ,Black / Red ,350 cd/m² ,0.277 mm ,Yes ,No , FreeSync | G-Sync Compatible | ,Yes ,,178° H x 178° V , 1 x DisplayPort | 2 x HDMI | 
Acer XZ270 Xbmiipx,Acer , UM.HX0AA.X01 | XZ270 Xbmiipx | ,"27"" ",1920 x 1080 ,240 Hz ,,VA ,16:9 ,Black ,250 cd/m² ,0.311 mm ,Yes ,Yes ,FreeSync ,Yes ,,178° H x 178° V , 1 x DisplayPort | 1 x HDMI | 
Samsung T350,Samsung ,LF22T350FHNXZA ,"22"" ",1920 x 1080 ,75 Hz ,5 ms ,IPS ,16:9 ,Blue / Gray ,250 cd/m² ,0.254 mm ,Yes ,No ,FreeSync ,No ,,178° H x 178° V , 1 x HDMI 1.4 | 1 x VGA | 
HP Omen 32c,HP ,780K6AA#ABA ,"31.5"" ",2560 x 1440 ,165 Hz ,1 ms ,VA ,16:9 ,Black ,400 cd/m² ,0.272 mm ,Yes ,Yes ,FreeSync Premium ,No ,100 x 100 ,178° H x 178° V , 1 x DisplayPort 1.4 | 2 x HDMI 2.0 | 
Pixio PX248 Wave,Pixio ,PX248WAVEBE ,"24"" ",1920 x 1080 ,200 Hz ,1 ms ,IPS ,16:9 ,Beige ,300 cd/m² ,0.277 mm ,Yes ,No ,FreeSync ,Yes ,100 x 100 ,178° H x 178° V , 1 x DisplayPort 1.4 | 1 x HDMI 2.0 | 
Acer XF240H,Acer , UM.FX0AA.001 | XF240H bmjdpr | XF240H | ,"24"" ",1920 x 1080 ,144 Hz ,1 ms ,TN ,16:9 ,,350 cd/m² ,0.277 mm ,Yes ,No , FreeSync | G-Sync Compatible | ,Yes ,,170° H x 160° V , 1 x DisplayPort | 1 x DVI | 1 x HDMI | 
Gigabyte AORUS FI27Q-P,Gigabyte , AORUS FI27Q-P | FI27Q-P-SA | FI27Q-P | ,"27"" ",2560 x 1440 ,165 Hz ,,IPS ,16:9 ,Black ,350 cd/m² ,0.233 mm ,Yes ,No , FreeSync | G-Sync Compatible | ,No ,,178° H x 178° V , 1 x DisplayPort | 2 x HDMI | 
Acer KG271U Abmiipx,Acer , KG271U Abmiipx | UM.HX1AA.A07 | ,"27"" ",2560 x 1440 ,144 Hz ,1 ms ,TN ,16:9 ,Black ,350 cd/m² ,0.233 mm ,Yes ,No ,FreeSync ,Yes ,,170° H x 160° V , 1 x DisplayPort | 2 x HDMI | 
Samsung Odyssey G9 Neo S49AG952N,Samsung ,LS49AG952NNXZA ,"49"" ",5120 x 1440 ,240 Hz ,1 ms ,VA ,32:9 ,White / Black ,420 cd/m² ,0.234 mm ,Yes ,Yes , FreeSync Premium Pro | G-Sync Compatible | ,No ,,178° H x 178° V , 1 x DisplayPort | 2 x HDMI | 
Samsung Odyssey G32A,Samsung ,LS24AG320NNXZA ,"24"" ",1920 x 1080 ,165 Hz ,,VA ,16:9 ,Black ,250 cd/m² ,0.277 mm ,Yes ,No ,FreeSync Premium ,No ,,178° H x 178° V , 1 x DisplayPort 1.2 | 1 x HDMI 1.4 | 
Acer ED320QR Sbiipx,Acer , UM.JE0AA.S01 | ED320QR Sbiipx | ,"31.5"" ",1920 x 1080 ,165 Hz ,,VA ,16:9 ,Black ,300 cd/m² ,0.363 mm ,Yes ,Yes ,FreeSync ,No ,100 x 100 ,178° H x 178° V , 1 x DisplayPort | 1 x HDMI | 
Acer Nitro XF240Y M3biiph,Acer ,UM.QX0AA.302 ,"23.8"" ",1920 x 1080 ,180 Hz ,,IPS ,16:9 ,Black ,250 cd/m² ,0.274 mm ,Yes ,No ,FreeSync Premium ,No ,75 x 75 ,178° H x 178° V , 1 x DisplayPort 1.4 | 2 x HDMI 2.0 | 
Asus ROG Swift PG32UQR,Asus ,PG32UQR ,"32"" ",3840 x 2160 ,144 Hz ,,IPS ,16:9 ,Black ,600 cd/m² ,0.184 mm ,Yes ,No , FreeSync | G-Sync Compatible | ,Yes ,100 x 100 ,178° H x 178° V , 1 x DisplayPort 1.4 | 2 x HDMI 2.1 | 
BenQ RD280U,BenQ ,RD280U ,"28.2"" ",3840 x 2560 ,60 Hz ,5 ms ,IPS ,3:2 ,Black ,400 cd/m² ,0.155 mm ,Yes ,No ,None ,Yes ,100 x 100 ,178° H x 178° V , 1 x DisplayPort 1.4 | 1 x HDMI 2.0 | 1 x USB Type-C | 
MSI PRO MP253W,MSI ,PRO MP253W ,"24.5"" ",1920 x 1080 ,100 Hz ,4 ms ,IPS ,16:9 ,White ,300 cd/m² ,0.282 mm ,Yes ,No ,FreeSync ,Yes ,75 x 75 ,178° H x 178° V , 1 x DisplayPort 1.2a | 1 x HDMI 1.4 | 1 x VGA | 
Lenovo Legion Y27q-20,Lenovo , 65EEGAC1US | 65EEGAC1EU | ,"27"" ",2560 x 1440 ,165 Hz ,,IPS ,16:9 ,Black ,350 cd/m² ,0.233 mm ,Yes ,No , FreeSync | G-Sync Compatible | ,Yes ,,178° H x 178° V , 1 x DisplayPort | 1 x HDMI | 
HP OMEN 27k,HP , 780G8AA#ABA | OMEN 27k | ,"27"" ",3840 x 2160 ,144 Hz ,1 ms ,IPS ,16:9 ,Black ,400 cd/m² ,0.156 mm ,Yes ,No , FreeSync Premium | G-Sync Compatible | ,Yes ,100 x 100 ,178° H x 178° V , 1 x DisplayPort 1.4 | 1 x HDMI 2.1 | 1 x USB Type-C 3.2 Gen 2 | 
AOC Q27V3,AOC ,Q27V3 ,"27"" ",2560 x 1440 ,75 Hz ,5 ms ,IPS ,16:9 ,Black ,250 cd/m² ,0.233 mm ,Yes ,No ,None ,No ,,178° H x 178° V ,1 x HDMI 
AOC 24G2SPAE/BK,AOC ,24G2SPAE/BK ,"23.8"" ",1920 x 1080 ,165 Hz ,,IPS ,16:9 ,Black ,,0.274 mm ,Yes ,No ,FreeSync Premium ,Yes ,,178° H x 178° V , 1 x DisplayPort 1.2 | 2 x HDMI 1.4 | 
MSI PRO MP273QP E2,MSI ,PRO MP273QP E2 ,"27"" ",2560 x 1440 ,100 Hz ,4 ms ,IPS ,16:9 ,Black ,400 cd/m² ,0.233 mm ,Yes ,No ,FreeSync ,Yes ,75 x 75 ,178° H x 178° V , 1 x DisplayPort 1.2a | 2 x HDMI 2.0b | 
LG 32GK650F-B,LG , 32GK650F-B | 32GK650F-B.AEU | ,"32"" ",2560 x 1440 ,144 Hz ,5 ms ,VA ,16:9 ,Black ,,0.277 mm ,Yes ,No ,FreeSync ,No ,,178° H x 178° V , 1 x DisplayPort | 2 x HDMI | 
BenQ EL2870U,BenQ , EL2870U | 9H.LGTLB.QSE | ,"28"" ",3840 x 2160 ,60 Hz ,1 ms ,TN ,16:9 ,,300 cd/m² ,0.161 mm ,Yes ,No ,FreeSync ,Yes ,,170° H x 160° V , 1 x DisplayPort | 1 x HDMI | 
Dell S2721QS,Dell ,S2721QS ,"27"" ",3840 x 2160 ,60 Hz ,4 ms ,IPS ,16:9 ,Silver / Black ,350 cd/m² ,0.156 mm ,Yes ,No ,FreeSync ,Yes ,,178° H x 178° V , 1 x DisplayPort | 1 x HDMI | 
Asus VG279Q1A,Asus ,VG279Q1A ,"27"" ",1920 x 1080 ,165 Hz ,,IPS ,16:9 ,Black ,250 cd/m² ,0.311 mm ,Yes ,No , FreeSync | FreeSync Premium | ,Yes ,,178° H x 178° V , 1 x DisplayPort 1.2 | 2 x HDMI 1.4 | 
Dell U2412M,Dell , M2GCR | U2412M | 469-1137 | 817-BBEF | 210-AGYH | ,"24"" ",1920 x 1200 ,60 Hz ,8 ms ,IPS ,16:10 ,,300 cd/m² ,0.269 mm ,Yes ,No ,None ,No ,100 x 100 ,178° H x 178° V , 1 x DisplayPort | 1 x DVI-D Dual Link | 1 x VGA | 
Samsung C27F591,Samsung ,C27F591 ,"27"" ",1920 x 1080 ,60 Hz ,4 ms ,VA ,16:9 ,,250 cd/m² ,0.311 mm ,Yes ,No ,FreeSync ,Yes ,,178° H x 178° V , 1 x DisplayPort | 1 x HDMI | 1 x VGA | 
Samsung S24F350FH,Samsung ,S24F350FH ,"23.5"" ",1920 x 1080 ,60 Hz ,4 ms ,PLS ,16:9 ,,250 cd/m² ,0.271 mm ,Yes ,No ,None ,No ,,178° H x 178° V , 1 x HDMI | 1 x VGA | 
AOC CQ27G2,AOC ,CQ27G2 ,"27"" ",2560 x 1440 ,144 Hz ,,VA ,16:9 ,Black / Red ,250 cd/m² ,0.233 mm ,Yes ,Yes ,FreeSync Premium ,No ,,178° H x 178° V , 1 x DisplayPort | 2 x HDMI | 
Eizo FlexScan EV2730Q,Eizo ,EV2730QFX-BK ,"26.5"" ",1920 x 1920 ,60 Hz ,5 ms ,IPS ,1:1 ,Black ,,0.248 mm ,No ,No ,None ,No ,,178° H x 178° V , 1 x DisplayPort | 1 x DVI-D Dual Link | 
Acer XZ322QU Sbmiipphx,Acer , UM.JX2AA.S01 | XZ322QU Sbmiipphx | ,"31.5"" ",2560 x 1440 ,165 Hz ,,VA ,16:9 ,Black ,400 cd/m² ,0.272 mm ,Yes ,Yes ,FreeSync ,No ,100 x 100 ,178° H x 178° V , 2 x DisplayPort 1.2 | 1 x HDMI 2.0 | 
KTC H27T22,KTC ,H27T22 ,"27"" ",2560 x 1440 ,165 Hz ,1 ms ,IPS ,16:9 ,Black ,350 cd/m² ,0.233 mm ,Yes ,No , FreeSync Premium | G-Sync Compatible | ,No ,,178° H x 178° V , 1 x DisplayPort 1.2 | 2 x HDMI 2.0 | 
BenQ Mobiuz EX3410R,BenQ ,EX3410R ,"34"" ",3440 x 1440 ,144 Hz ,1 ms ,VA ,21:9 ,Black / Red ,400 cd/m² ,0.232 mm ,Yes ,Yes , FreeSync Premium Pro | G-Sync Compatible | ,No ,100 x 100 ,178° H x 178° V , 1 x DisplayPort 1.4 | 2 x HDMI 2.0 | 
Dell Alienware AW3821DW,Dell , AW3821DW | DXFH9 | 210-AXQM | ,"37.52"" ",3840 x 1600 ,144 Hz ,1 ms ,IPS ,12:5 ,Black ,600 cd/m² ,0.229 mm ,Yes ,Yes ,G-Sync Ultimate ,No ,100 x 100 ,178° H x 178° V , 1 x DisplayPort 1.4 | 2 x HDMI | 
MSI Pro MP2412,MSI ,9S6-3BA9CH-041 ,"23.8"" ",1920 x 1080 ,100 Hz ,4 ms ,VA ,16:9 ,Black ,300 cd/m² ,0.274 mm ,Yes ,No ,FreeSync ,No ,75 x 75 ,178° H x 178° V , 1 x DisplayPort 1.2a | 1 x HDMI 1.4 | 
Acer VG240YU Mbiipx,Acer , UM.QV0AA.M01 | VG240YU Mbiipx | VG240YU M | ,"23.8"" ",2560 x 1440 ,180 Hz ,0.5 ms ,IPS ,16:9 ,Black ,300 cd/m² ,0.206 mm ,Yes ,No ,FreeSync ,No ,,178° H x 178° V , 1 x DisplayPort 1.4 | 2 x HDMI 2.0 | 
Gigabyte S55U,Gigabyte , S55U-SA | S55U | S55U-EK | 20VM0-GS55UBH-1EKR | ,"54.6"" ",3840 x 2160 ,120 Hz ,2 ms ,VA ,16:9 ,Black ,1500 cd/m² ,0.315 mm ,Yes ,No ,FreeSync Premium ,Yes ,400 x 300 ,178° H x 178° V , 2 x HDMI 2.1 | 2 x HDMI 2.0 | 
MSI MAG 274UPF E2,MSI ,MAG 274UPF E2 ,"27"" ",3840 x 2160 ,160 Hz ,0.5 ms ,IPS ,16:9 ,Black ,400 cd/m² ,0.156 mm ,Yes ,No ,FreeSync ,No ,,178° H x 178° V , 1 x DisplayPort 1.4a | 2 x HDMI 2.1 | 1 x USB Type-C | 
LG 32U631A-B,LG , 32U631A-B | 32U631A-B.AEUQ | ,"31.5"" ",2560 x 1440 ,100 Hz ,5 ms ,IPS ,16:9 ,Black ,250 cd/m² ,0.272 mm ,Yes ,No ,None ,No ,100 x 100 ,178° H x 178° V , 1 x HDMI | 1 x USB Type-C | 
Gigabyte GS32Q,Gigabyte , GS32Q | 20VM0-GS32QBI-1EUR | ,"31.5"" ",2560 x 1440 ,170 Hz ,,IPS ,16:9 ,Black ,300 cd/m² ,0.272 mm ,Yes ,No ,FreeSync Premium ,No ,100 x 100 ,178° H x 178° V , 1 x DisplayPort 1.4 | 2 x HDMI 2.0 | 
MSI PRO MP245G,MSI ,PRO MP245G ,"23.8"" ",1920 x 1080 ,100 Hz ,4 ms ,IPS ,16:9 ,Black ,300 cd/m² ,0.274 mm ,Yes ,No ,FreeSync ,Yes ,100 x 100 ,178° H x 178° V , 1 x DisplayPort 1.2 | 1 x HDMI 1.4 | 1 x VGA | 
BenQ MOBIUZ EX321UX,BenQ , EX321UX | 9H.LM7LB.QBE | ,"31.5"" ",3840 x 2160 ,144 Hz ,1 ms ,IPS Mini LED ,16:9 ,White / Gold ,1000 cd/m² ,0.182 mm ,Yes ,No , FreeSync Premium Pro | G-Sync Compatible | ,No ,100 x 100 ,178° H x 178° V , 1 x DisplayPort 2.1 | 2 x HDMI 2.1 | 
Acer SB272U Ebiip,Acer , SB272U EBIIP | UM.HS2AA.E04 | ,"27"" ",2560 x 1440 ,100 Hz ,,IPS ,16:9 ,Black ,250 cd/m² ,0.233 mm ,Yes ,No ,FreeSync ,No ,75 x 75 ,178° H x 178° V , 1 x DisplayPort 1.2 | 2 x HDMI 2.0 | 
Asus ProArt Display PA329CRV,Asus , 90LM02C0-B01KB0 | 90lm02c0-b01k70 | ProArt Display PA329CRV | PA329CRV | ,"31.5"" ",3840 x 2160 ,60 Hz ,5 ms ,IPS ,16:9 ,Silver ,400 cd/m² ,0.182 mm ,Yes ,No ,FreeSync ,Yes ,100 x 100 ,178° H x 178° V , 2 x DisplayPort 1.4 | 2 x HDMI 2.0 | 1 x USB Type-C | 
Samsung M70B,Samsung ,LS43BM702UNXZA ,"43"" ",3840 x 2160 ,60 Hz ,4 ms ,VA ,16:9 ,Black ,300 cd/m² ,0.248 mm ,Yes ,No ,None ,Yes ,,178° H x 178° V , 2 x HDMI 2.0 | 1 x USB Type-C | 
LG 29WQ600-W,LG , 29WQ600-W | 29WQ600-W.AEU | ,"29"" ",2560 x 1080 ,100 Hz ,5 ms ,IPS ,21:9 ,,250 cd/m² ,0.265 mm ,Yes ,No ,FreeSync ,Yes ,,178° H x 178° V , 1 x DisplayPort 1.4 | 1 x HDMI | 1 x USB Type-C | 
Philips 271V8LB,Philips , 271V8LB | 271V8LB/27 | ,"27"" ",1920 x 1080 ,100 Hz ,4 ms ,VA ,16:9 ,Black ,250 cd/m² ,0.311 mm ,Yes ,No ,FreeSync ,No ,100 x 100 ,178° H x 178° V , 1 x HDMI 1.4 | 1 x VGA | 
LG 24GQ50F-B,LG , 24GQ50F-B | 24GQ50F-B.AEUQ | ,"23.8"" ",1920 x 1080 ,165 Hz ,5 ms ,VA ,16:9 ,,250 cd/m² ,0.274 mm ,Yes ,No ,FreeSync Premium ,No ,75 x 75 ,178° H x 178° V , 1 x DisplayPort | 2 x HDMI | 
Gigabyte GS27F,Gigabyte , GS27F | 20VM0-GS27FBI-1EUR | ,"27"" ",1920 x 1080 ,170 Hz ,,IPS ,16:9 ,Black ,300 cd/m² ,0.311 mm ,Yes ,No ,FreeSync Premium ,No ,100 x 100 ,178° H x 178° V , 1 x DisplayPort 1.4 | 2 x HDMI 2.0 | 
MSI Optix G27CQ4,MSI , OPTIX G27CQ4 | G27CQ4 | 9S6-3CB01T-016 | 9S6-3CB01T-002 | ,"27"" ",2560 x 1440 ,165 Hz ,,VA ,16:9 ,Black ,250 cd/m² ,0.233 mm ,Yes ,Yes ,FreeSync ,No ,,178° H x 178° V , 1 x DisplayPort | 2 x HDMI | 
Pixio PX279 Wave,Pixio ,PX279WAVE ,"27"" ",1920 x 1080 ,240 Hz ,1 ms ,IPS ,16:9 ,Black ,350 cd/m² ,0.311 mm ,Yes ,No ,FreeSync ,Yes ,75 x 75 ,178° H x 178° V , 1 x DisplayPort 1.4 | 2 x HDMI 2.0 | 
LG M2901SCBN,LG ,M2901SCBN ,"29"" ",1366 x 480 ,,8 ms ,IPS ,683:240 ,,420 cd/m² ,0.509 mm ,Yes ,No ,None ,No ,400 x 200 ,178° H x 178° V , 1 x HDMI | 2 x VGA | 
Sceptre C248B-144RN,Sceptre ,C248B-144RN ,"24"" ",1920 x 1080 ,144 Hz ,3 ms ,VA ,16:9 ,Black ,250 cd/m² ,0.277 mm ,Yes ,Yes ,FreeSync ,Yes ,,178° H x 178° V , 1 x DisplayPort | 2 x HDMI | 
Samsung Odyssey G50A,Samsung ,LS32AG500PNXZA ,"32"" ",2560 x 1440 ,165 Hz ,1 ms ,IPS ,16:9 ,Black ,350 cd/m² ,0.277 mm ,Yes ,No , FreeSync | G-Sync Compatible | ,No ,,178° H x 178° V , 1 x DisplayPort | 1 x HDMI 2.0 | 
Acer KA242Y Abi,Acer , UM.QX2AA.A09 | KA242Y Abi | ,"23.8"" ",1920 x 1080 ,75 Hz ,,VA ,16:9 ,Black ,250 cd/m² ,0.274 mm ,Yes ,No ,None ,No ,,178° H x 178° V , 1 x HDMI | 1 x VGA | 
AOC G2 CQ32G2S,AOC ,CQ32G2S ,"31.5"" ",2560 x 1440 ,165 Hz ,,VA ,16:9 ,Black / Red ,300 cd/m² ,0.272 mm ,Yes ,Yes ,FreeSync Premium ,No ,100 x 100 ,178° H x 178° V , 1 x DisplayPort 1.4 | 2 x HDMI 2.0 | 
Philips 221V8LN/27,Philips , 221V8LN/27 | 221V8LN | ,"22"" ",1920 x 1080 ,75 Hz ,4 ms ,VA ,16:9 ,Black ,250 cd/m² ,0.254 mm ,Yes ,No ,FreeSync ,No ,100 x 100 ,178° H x 178° V , 1 x HDMI 1.4 | 1 x VGA | 
Samsung Odyssey G5,Samsung ,LC27G55TQBNXZA ,"27"" ",2560 x 1440 ,144 Hz ,,VA ,16:9 ,Black ,300 cd/m² ,0.233 mm ,Yes ,Yes ,FreeSync Premium ,No ,75 x 75 ,178° H x 178° V , 1 x DisplayPort 1.2 | 1 x HDMI 2.0 | 
AOC 24G2E,AOC ,24G2E ,"23.8"" ",1920 x 1080 ,144 Hz ,4 ms ,IPS ,16:9 ,Black ,,0.274 mm ,Yes ,No ,FreeSync Premium ,No ,100 x 100 ,178° H x 178° V , 1 x DisplayPort 1.2 | 2 x HDMI 1.4 | 
Acer EB321HQ Awi,Acer , UM.JE1AA.A06 | EB321HQ Awi | ,"31.5"" ",1920 x 1080 ,60 Hz ,4 ms ,IPS ,16:9 ,White ,300 cd/m² ,0.363 mm ,Yes ,No ,None ,No ,100 x 100 ,178° H x 178° V , 1 x HDMI | 1 x VGA | 
Asus ProArt Display PA328CGV,Asus , 90LM06R1-B011B0 | PROART-DISPLAY-PA328CGV | ,"32"" ",2560 x 1440 ,165 Hz ,5 ms ,IPS ,16:9 ,,450 cd/m² ,0.277 mm ,Yes ,No ,FreeSync Premium Pro ,Yes ,100 x 100 ,178° H x 178° V , 1 x DisplayPort 1.4 | 2 x HDMI 2.0 | 1 x USB Type-C | 
Gigabyte G34WQCP,Gigabyte , G34WQCP | G34WQCP EK | ,"34"" ",3440 x 1440 ,180 Hz ,,VA ,21:9 ,Black ,350 cd/m² ,0.232 mm ,Yes ,Yes ,FreeSync Premium ,Yes ,100 x 100 ,178° H x 178° V , 2 x DisplayPort 1.4 | 2 x HDMI 2.0 | 
iiyama G-Master GCB3486WQSCP-B1 Gold Phoenix,iiyama ,GCB3486WQSCP-B1 ,"34"" ",3440 x 1440 ,240 Hz ,,VA ,21:9 ,Black ,500 cd/m² ,0.232 mm ,Yes ,Yes ,FreeSync Premium ,Yes ,100 x 100 ,178° H x 178° V , 1 x DisplayPort 1.4 | 2 x HDMI 2.1 | 
Asus TUF Gaming VG32UQA1A,Asus , 90LM08L0-B019B0 | VG32UQA1A | 90LM08L0-B01970 | TUF Gaming VG32UQA1A | ,"31.5"" ",3840 x 2160 ,160 Hz ,,VA ,16:9 ,Black ,400 cd/m² ,0.182 mm ,Yes ,No ,FreeSync Premium ,Yes ,100 x 100 ,178° H x 178° V , 1 x DisplayPort 1.4 | 2 x HDMI 2.1 | 
BenQ MOBIUZ EX3210U,BenQ , EX3210U | 9H.LKHLB.QBE | ,"32"" ",3840 x 2160 ,144 Hz ,2 ms ,IPS ,16:9 ,White / Red ,600 cd/m² ,0.184 mm ,Yes ,No ,FreeSync Premium Pro ,Yes ,,178° H x 178° V , 1 x DisplayPort | 2 x HDMI | 
Dell Alienware AW2521H,Dell ,AW2521H ,"24.5"" ",1920 x 1080 ,360 Hz ,1 ms ,IPS ,16:9 ,Black ,400 cd/m² ,0.282 mm ,Yes ,No ,G-Sync ,No ,,178° H x 178° V , 1 x DisplayPort | 2 x HDMI | 
LG 32GN63T-B,LG ,32GN63T-B ,"32"" ",2560 x 1440 ,165 Hz ,5 ms ,VA ,16:9 ,,350 cd/m² ,0.277 mm ,Yes ,No , FreeSync Premium | G-Sync Compatible | ,No ,100 x 100 ,178° H x 178° V , 1 x DisplayPort | 1 x HDMI | 
Acer XZ342CU S,Acer , UM.CX2AA.S01 | XZ342CU S | ,"34"" ",3440 x 1440 ,165 Hz ,,VA ,21:9 ,Black / Red ,400 cd/m² ,0.232 mm ,Yes ,Yes ,FreeSync Premium ,No ,75 x 75 ,178° H x 178° V , 1 x DisplayPort 1.4 | 1 x HDMI 2.0 | 
Asus ProArt Display PA348CGV,Asus , 90LM07Z0-B013B0 | PA348CGV | 90LM07Z0-B01370 | ,"34"" ",3440 x 1440 ,120 Hz ,2 ms ,IPS ,21:9 ,Black ,400 cd/m² ,0.232 mm ,Yes ,No ,FreeSync Premium Pro ,Yes ,100 x 100 ,178° H x 178° V , 1 x DisplayPort 1.4 | 2 x HDMI 2.0 | 1 x USB Type-C | 
Philips Evnia,Philips , 42M2N8900 | 42M2N8900/27 | 42M2N8900/00 | ,"41.54"" ",3840 x 2160 ,138 Hz ,1 ms ,OLED ,16:9 ,White ,450 cd/m² ,0.239 mm ,Yes ,No ,FreeSync Premium ,Yes ,100 x 100 ,178° H x 178° V , 1 x DisplayPort 1.4 | 2 x HDMI 2.1 | 
MSI MAG325CQRXF,MSI ,MAG325CQRXF ,"31.5"" ",2560 x 1440 ,240 Hz ,1 ms ,VA ,16:9 ,Black ,400 cd/m² ,0.272 mm ,Yes ,Yes ,FreeSync ,No ,100 x 100 ,178° H x 178° V , 1 x DisplayPort 1.4a | 2 x HDMI 2.0 | 1 x USB Type-C | 
LG UltraGear 27GN60R-B,LG ,27GN60R-B ,"27"" ",1920 x 1080 ,144 Hz ,1 ms ,IPS ,16:9 ,,300 cd/m² ,0.311 mm ,Yes ,No ,FreeSync Premium ,No ,,178° H x 178° V , 1 x DisplayPort 1.4 | 1 x HDMI | 
AOC Agon PRO PD49,AOC ,PD49 ,"49"" ",5120 x 1440 ,240 Hz ,0.03 ms ,QD-OLED ,32:9 ,Black / Silver ,1000 cd/m² ,0.234 mm ,Yes ,Yes , FreeSync Premium Pro | G-Sync Compatible | ,Yes ,,178° H x 178° V , 1 x DisplayPort 1.4 | 2 x HDMI 2.1 | 1 x USB Type-C | 
Asus VA27EHE,Asus , VA27EHE | 90LM0550-B01170 | 90LM0557-B01170 | ,"27"" ",1920 x 1080 ,75 Hz ,,IPS ,16:9 ,Black ,250 cd/m² ,0.311 mm ,Yes ,No ,FreeSync ,No ,,178° H x 178° V , 1 x HDMI | 1 x VGA | 
Philips 40B1U6903CH,Philips , 40B1U6903CH | 40B1U6903CH/93 | 40B1U6903CH/01 | 40B1U6903CH/00 | 40B1U6903CH/27 | ,"39.7"" ",5120 x 2160 ,75 Hz ,4 ms ,IPS ,64:27 ,Black ,300 cd/m² ,0.181 mm ,Yes ,Yes ,FreeSync ,Yes ,100 x 100 ,178° H x 178° V , 1 x DisplayPort 1.4 | 2 x HDMI 2.0 | 
Asus TUF Gaming VG24VQ,Asus , 90LM0570-B011B0 | TUF GAMING VG24VQ | VG24VQ | 90LM0570-B01170 | ,"23.6"" ",1920 x 1080 ,144 Hz ,,VA ,16:9 ,Black ,350 cd/m² ,0.272 mm ,Yes ,Yes ,FreeSync ,Yes ,,178° H x 178° V , 1 x DisplayPort | 2 x HDMI | 
Gigabyte AORUS FV43U,Gigabyte , AORUS FV43U | FV43U | AORUS FV43U-EK | ,"43"" ",3840 x 2160 ,144 Hz ,,VA ,16:9 ,Black ,1000 cd/m² ,0.248 mm ,Yes ,No ,FreeSync Premium Pro ,Yes ,,178° H x 178° V , 1 x DisplayPort | 2 x HDMI | 
Samsung Odyssey G3 F27G35TF,Samsung ,LF27G35TFWNXZA ,"27"" ",1920 x 1080 ,144 Hz ,,VA ,16:9 ,Black ,250 cd/m² ,0.311 mm ,Yes ,No ,FreeSync Premium ,No ,,178° H x 178° V , 1 x DisplayPort 1.2 | 1 x HDMI 2.0 | 1 x VGA | 
Dell E2423H,Dell , DELL-E2423H | E2423H | 8DJ9G | ,"23.8"" ",1920 x 1080 ,60 Hz ,5 ms ,VA ,16:9 ,Black ,250 cd/m² ,0.274 mm ,Yes ,No ,None ,No ,100 x 100 ,178° H x 178° V , 1 x DisplayPort 1.2 | 1 x VGA | 
ASRock PG32QF2B,ASRock , PG32QF2B | 90LXA020-A0E2A0V | ,"31.5"" ",2560 x 1440 ,165 Hz ,,VA ,16:9 ,Black ,550 cd/m² ,0.272 mm ,Yes ,No ,FreeSync Premium ,Yes ,100 x 100 ,178° H x 178° V , 1 x DisplayPort 1.4 | 2 x HDMI 2.0 | 
Samsung S30B,Samsung ,LS32B300NWNXGO ,"32"" ",1920 x 1080 ,75 Hz ,8 ms ,VA ,16:9 ,,250 cd/m² ,0.369 mm ,Yes ,No , FreeSync | G-Sync | ,No ,,178° H x 178° V , 1 x DisplayPort 1.2 | 1 x HDMI 1.4 | 
Pixio PX27U Wave,Pixio ,PX27UWAVEW ,"27"" ",3840 x 2160 ,160 Hz ,1 ms ,IPS ,16:9 ,White ,400 cd/m² ,0.156 mm ,Yes ,No ,FreeSync ,Yes ,100 x 100 ,178° H x 178° V , 1 x DisplayPort 1.4 | 2 x HDMI 2.1 | 
MSI Optix G273QPF,MSI ,Optix G273QPF ,"27"" ",2560 x 1440 ,165 Hz ,1 ms ,IPS ,16:9 ,Black ,300 cd/m² ,0.233 mm ,Yes ,No ,G-Sync Compatible ,No ,,178° H x 178° V , 1 x DisplayPort 1.2 | 2 x HDMI 2.0b | 
Dell U3223QE,Dell , 210-BDPH | U3223QE | 53VX7 | ,"31.5"" ",3840 x 2160 ,60 Hz ,5 ms ,IPS ,16:9 ,,400 cd/m² ,0.182 mm ,Yes ,No ,None ,No ,100 x 100 ,178° H x 178° V , 1 x DisplayPort 1.4 | 1 x HDMI | 1 x USB Type-C | 
Pixio PX278 Wave,Pixio ,PX278WAVE Purple ,"27"" ",2560 x 1440 ,180 Hz ,1 ms ,IPS ,16:9 ,Purple ,350 cd/m² ,0.233 mm ,Yes ,No ,FreeSync ,Yes ,75 x 75 ,178° H x 178° V , 1 x DisplayPort 1.4 | 2 x HDMI 2.0 | 
AOC G2460PF,AOC ,G2460PF ,"24"" ",1920 x 1080 ,144 Hz ,1 ms ,TN ,16:9 ,,350 cd/m² ,0.277 mm ,Yes ,No ,FreeSync ,Yes ,,170° H x 160° V , 1 x DisplayPort | 1 x HDMI | 1 x VGA | 
Dell Alienware AW2518HF,Dell , AW2518HF | GAME-AW2518HF | ,"24.5"" ",1920 x 1080 ,240 Hz ,1 ms ,TN ,16:9 ,,400 cd/m² ,0.282 mm ,Yes ,No ,FreeSync ,No ,,170° H x 160° V , 1 x DisplayPort | 1 x HDMI | 
V7 L215DS-DUALKIT-N,V7 ,L215DS-DUALKIT-N ,"21.5"" ",1920 x 1080 ,60 Hz ,5 ms ,TN ,16:9 ,Black ,250 cd/m² ,0.248 mm ,Yes ,No ,None ,No ,,170° H x 160° V , 1 x DVI | 1 x VGA | 
Gigabyte G27F,Gigabyte , G27F | 20VM0-GG27FBI-1EKR | G27F-EK | ,"27"" ",1920 x 1080 ,144 Hz ,,IPS ,16:9 ,Black ,300 cd/m² ,0.311 mm ,Yes ,No ,FreeSync Premium ,Yes ,,178° H x 178° V , 1 x DisplayPort | 2 x HDMI | 
Samsung S33GC,Samsung ,LS24C332GANXZA ,"24"" ",1920 x 1080 ,100 Hz ,,IPS ,16:9 ,Black ,250 cd/m² ,0.277 mm ,Yes ,No ,FreeSync ,No ,75 x 75 ,178° H x 178° V , 1 x DisplayPort 1.2 | 1 x HDMI 1.4 | 
TCL 32G64,TCL ,32G64 ,"31.5"" ",2560 x 1440 ,180 Hz ,1 ms ,VA QD-Mini LED ,16:9 ,Black ,600 cd/m² ,0.272 mm ,Yes ,No ,FreeSync ,No ,,178° H x 178° V , 1 x DisplayPort 1.4 | 2 x HDMI 2.1 | 
Asus ROG Swift PG32UQXR,Asus , 90LM0833-B013B0 | ROG Swift PG32UQXR | PG32UQXR | 90lm0833-b01370 | ,"32"" ",3840 x 2160 ,160 Hz ,1 ms ,IPS ,16:9 ,Black / Copper ,1000 cd/m² ,0.184 mm ,Yes ,No ,FreeSync Premium Pro ,No ,100 x 100 ,178° H x 178° V , 2 x DisplayPort 2.1 | 2 x HDMI 2.1 | 
LG 32GP850-B,LG , 32GP850-B | 32GP850-B.AEU | ,"32"" ",2560 x 1440 ,165 Hz ,1 ms ,IPS ,16:9 ,Black / Red ,350 cd/m² ,0.277 mm ,Yes ,No , FreeSync | G-Sync Compatible | ,No ,,178° H x 178° V , 1 x DisplayPort | 2 x HDMI | 
Asus VP229Q,Asus , VP229Q | 90LM06B3-B02370 | ,"21.5"" ",1920 x 1080 ,75 Hz ,5 ms ,IPS ,16:9 ,Black ,250 cd/m² ,0.248 mm ,Yes ,No ,FreeSync ,Yes ,,178° H x 178° V , 1 x DisplayPort | 1 x HDMI | 1 x VGA | 
MSI MAG 275CQRXF,MSI , MAG275CQRXF | 9S6-3CD54T-001 | ,"27"" ",2560 x 1440 ,240 Hz ,1 ms ,VA ,16:9 ,Black ,300 cd/m² ,0.233 mm ,Yes ,Yes ,FreeSync ,No ,100 x 100 ,178° H x 178° V ,
MSI Modern MD342CQP,MSI ,Modern MD342CQP ,"34"" ",3440 x 1440 ,120 Hz ,4 ms ,VA ,21:9 ,Black ,300 cd/m² ,0.232 mm ,Yes ,Yes ,FreeSync ,Yes ,75 x 75 ,178° H x 178° V , 1 x DisplayPort 1.4a | 2 x HDMI 2.0b | 
AOC C27G2ZE/BK,AOC ,C27G2ZE/BK ,"27"" ",1920 x 1080 ,240 Hz ,,VA ,16:9 ,Black / Red ,300 cd/m² ,0.311 mm ,Yes ,Yes ,FreeSync Premium ,No ,,178° H x 178° V , 1 x DisplayPort | 2 x HDMI | 
Asus ROG Strix XG309CM,Asus , 90LM07N0-B011B0 | XG309CM | ROG-STRIX-XG309CM | 90LM07N0-B01170 | ,"29.5"" ",2560 x 1080 ,220 Hz ,1 ms ,IPS ,21:9 ,,300 cd/m² ,0.27 mm ,Yes ,No , FreeSync Premium | G-Sync Compatible | ,Yes ,100 x 100 ,178° H x 178° V , 1 x DisplayPort 1.2 | 1 x HDMI 2.0 | 1 x USB Type-C | 
Pixio PX248 Wave,Pixio ,PX248WAVEPP ,"23.8"" ",1920 x 1080 ,200 Hz ,1 ms ,IPS ,16:9 ,Purple ,300 cd/m² ,0.274 mm ,Yes ,No ,FreeSync ,Yes ,75 x 75 ,178° H x 178° V , 1 x DisplayPort 1.4 | 1 x HDMI 2.0 | 
Dell P2219H,Dell , P2219H | DELL-P2219H | 210-APWR | ,"21.5"" ",1920 x 1080 ,60 Hz ,5 ms ,IPS ,16:9 ,Black ,250 cd/m² ,0.248 mm ,Yes ,No ,None ,No ,,178° H x 178° V , 1 x DisplayPort | 1 x HDMI | 1 x VGA | 
BenQ MOBIUZ EX2510,BenQ , EX2510 | 9H.LJJLA.TBE | ,"24.5"" ",1920 x 1080 ,144 Hz ,2 ms ,IPS ,16:9 ,Black / Silver ,400 cd/m² ,0.282 mm ,Yes ,No ,FreeSync Premium ,Yes ,,178° H x 178° V , 1 x DisplayPort | 2 x HDMI | 
Samsung CR500,Samsung ,LC32R500FHNXZA ,"32"" ",1920 x 1080 ,75 Hz ,4 ms ,VA ,16:9 ,Blue / Gray ,250 cd/m² ,0.369 mm ,Yes ,Yes ,FreeSync ,No ,,178° H x 178° V , 1 x HDMI 1.4 | 1 x VGA | 
Dell 2007FP,Dell ,469-3407 ,"20"" ",1600 x 1200 ,60 Hz ,16 ms ,,4:3 ,,300 cd/m² ,0.254 mm ,No ,No ,None ,No ,100 x 100 ,178° H x 178° V , 1 x DVI | 1 x S-Video | 1 x VGA | 
BenQ GL2460HM,BenQ , GL2460HM | 9H.LA7LB.RBE | ,"24"" ",1920 x 1080 ,60 Hz ,2 ms ,TN ,16:9 ,,250 cd/m² ,0.277 mm ,Yes ,No ,None ,Yes ,100 x 100 ,170° H x 160° V , 1 x DVI-D Dual Link | 1 x HDMI | 1 x VGA | 
Westinghouse WM32DX9019,Westinghouse ,WM32DX9019 ,"31.5"" ",2560 x 1440 ,144 Hz ,,VA ,16:9 ,Black ,250 cd/m² ,0.272 mm ,Yes ,No ,FreeSync ,No ,,178° H x 178° V , 1 x DisplayPort | 2 x HDMI | 1 x VGA | 
Gigabyte G27QC A,Gigabyte , G27QC A | G27QC A-EK | 20VM0-GG27QCABT-1EKR | ,"27"" ",2560 x 1440 ,165 Hz ,,VA ,16:9 ,Black ,250 cd/m² ,0.233 mm ,Yes ,Yes ,FreeSync Premium ,Yes ,,178° H x 178° V , 1 x DisplayPort | 2 x HDMI | 
Dell S2721DGFA,Dell ,S2721DGFA ,"27"" ",2560 x 1440 ,165 Hz ,1 ms ,IPS ,16:9 ,Black / Blue ,400 cd/m² ,0.233 mm ,Yes ,No , FreeSync Premium Pro | G-Sync Compatible | ,No ,,178° H x 178° V , 1 x DisplayPort | 2 x HDMI | 
Lenovo Legion Y25g-30,Lenovo , 66CCGAC1US | 66CCGAC1UK | 66CC-GAC1-WW | 66CCGAC1EU | ,"24.5"" ",1920 x 1080 ,360 Hz ,,IPS ,16:9 ,,400 cd/m² ,0.282 mm ,Yes ,No ,G-Sync ,Yes ,100 x 100 ,178° H x 178° V , 1 x DisplayPort 1.4 | 2 x HDMI 2.0 | 
Acer Predator CG48 bmiiiipuzx,Acer , CG48 bmiiiipuzx | UM.SCXEE.001 | UM.SCXAA.001 | ,"48"" ",3840 x 2160 ,138 Hz ,0.01 ms ,OLED ,16:9 ,Black / Silver ,900 cd/m² ,0.277 mm ,Yes ,No ,FreeSync Premium ,Yes ,200 x 100 ,178° H x 178° V , 1 x DisplayPort 1.4 | 1 x HDMI 2.0 | 1 x HDMI 2.1 | 1 x USB Type-C | 
Sceptre NEBULA C275B-QWN168W,Sceptre ,C275B-QWN168W ,"27"" ",2560 x 1440 ,165 Hz ,,VA ,16:9 ,White ,1000 cd/m² ,0.233 mm ,Yes ,Yes ,FreeSync ,Yes ,100 x 100 ,178° H x 178° V , 1 x DisplayPort 1.4 | 3 x HDMI 2.0 | 1 x USB Type-C | 
Acer AOpen 24HC1QR,Acer ,UM.UW1AA.P01 ,"23.6"" ",1920 x 1080 ,144 Hz ,,VA ,16:9 ,Black ,250 cd/m² ,0.272 mm ,Yes ,Yes ,FreeSync ,No ,,178° H x 178° V , 1 x DisplayPort | 1 x DVI | 1 x HDMI | 
iiyama G-MASTER GB2470HSU-B5,iiyama ,GB2470HSU-B5 ,"23.8"" ",1920 x 1080 ,165 Hz ,,IPS ,16:9 ,Black ,250 cd/m² ,0.274 mm ,Yes ,No ,FreeSync Premium ,Yes ,100 x 100 ,178° H x 178° V , 1 x DisplayPort 1.2 | 1 x HDMI | 
LG 34GL750-B,LG , 34GL750-B | 34GL750-B.AEU | ,"34"" ",2560 x 1080 ,144 Hz ,5 ms ,IPS ,21:9 ,Black ,300 cd/m² ,0.311 mm ,Yes ,Yes , FreeSync | G-Sync Compatible | ,No ,,178° H x 178° V , 1 x DisplayPort | 2 x HDMI | 
Asus TUF Gaming VG27BQ,Asus , VG27BQ | 90LM04Z0-B013B0 | 90LM04Z0-B01370 | ,"27"" ",2560 x 1440 ,165 Hz ,0.4 ms ,TN ,16:9 ,Black ,350 cd/m² ,0.233 mm ,Yes ,No ,G-Sync ,No ,,170° H x 160° V , 1 x DisplayPort | 2 x HDMI | 
Acer EI272UR Pbmiiipx,Acer ,UM.HE2AA.P01 ,"27"" ",2560 x 1440 ,144 Hz ,4 ms ,VA ,16:9 ,Black ,400 cd/m² ,0.233 mm ,Yes ,Yes ,FreeSync Premium Pro ,Yes ,,178° H x 178° V , 1 x DisplayPort | 3 x HDMI | 
LG 27MP400-B,LG , 27MP400-B | 27MP400-B.AEU | ,"27"" ",1920 x 1080 ,75 Hz ,5 ms ,IPS ,16:9 ,,200 cd/m² ,0.311 mm ,Yes ,No ,FreeSync ,No ,75 x 75 ,178° H x 178° V , 1 x HDMI | 1 x VGA | 
Asus TUF GAMING VG279QL1A,Asus , VG279QL1A | 90LM05X0-B02170 | ,"27"" ",1920 x 1080 ,165 Hz ,,IPS ,16:9 ,Black ,400 cd/m² ,0.311 mm ,Yes ,No , FreeSync | FreeSync Premium | ,Yes ,,178° H x 178° V , 1 x DisplayPort 1.2 | 2 x HDMI 1.4 | 
ViewSonic VA2447-MH,ViewSonic ,VA2447-MH ,"24"" ",1920 x 1080 ,75 Hz ,5 ms ,VA ,16:9 ,,250 cd/m² ,0.277 mm ,Yes ,No ,None ,Yes ,,, 1 x HDMI 1.4 | 1 x VGA | 
Pixio PX246 Wave,Pixio ,810166730679 ,"24"" ",1920 x 1080 ,120 Hz ,4 ms ,IPS ,16:9 ,White ,300 cd/m² ,0.277 mm ,Yes ,No ,FreeSync ,Yes ,100 x 100 ,178° H x 178° V , 1 x HDMI 2.0 | 1 x VGA | 
Asus ProArt Display PA247CV,Asus , PA247CV | 90LM03Y1-B013B0 | 90LM03Y1-B01370 | 90LM03Y1-B02370 | ,"23.8"" ",1920 x 1080 ,75 Hz ,5 ms ,IPS ,16:9 ,Silver / Black ,300 cd/m² ,0.274 mm ,Yes ,No ,FreeSync ,Yes ,,178° H x 178° V , 2 x DisplayPort | 1 x HDMI | 
ViewSonic VP2756-4K,ViewSonic ,VP2756-4K ,"27"" ",3840 x 2160 ,,5 ms ,IPS ,16:9 ,,350 cd/m² ,0.156 mm ,Yes ,No ,None ,Yes ,100 x 100 ,178° H x 178° V , 1 x DisplayPort | 1 x HDMI 2.0 | 1 x USB Type-C | 
ViewSonic VX3418-2KPC,ViewSonic ,VX3418-2KPC ,"34"" ",3440 x 1440 ,180 Hz ,,VA ,21:9 ,,300 cd/m² ,0.232 mm ,Yes ,Yes ,FreeSync Premium ,Yes ,100 x 100 ,178° H x 178° V , 2 x DisplayPort | 2 x HDMI 2.0 | 
Dell E1715SE,Dell ,E1715SE ,"17"" ",1280 x 1024 ,75 Hz ,5 ms ,TN ,5:4 ,Black ,250 cd/m² ,0.263 mm ,No ,No ,None ,No ,100 x 100 ,170° H x 160° V , 1 x DisplayPort | 1 x VGA | 
MSI PRO MP252 E2,MSI ,PRO MP252 E2 ,"24.5"" ",1920 x 1080 ,120 Hz ,4 ms ,IPS ,16:9 ,Black ,300 cd/m² ,0.282 mm ,Yes ,No ,FreeSync ,Yes ,100 x 100 ,178° H x 178° V , 1 x DisplayPort 1.2a | 1 x HDMI 1.4 | 
HP LE1911,HP ,EM887A8#ABA ,"19"" ",1280 x 1024 ,,5 ms ,,5:4 ,,250 cd/m² ,0.294 mm ,No ,No ,None ,No ,100 x 100 ,160° H x 160° V ,1 x VGA 
Samsung ViewFinity S9,Samsung , LS27C900PANXZA | S27C900PAN | ,"27"" ",5120 x 2880 ,60 Hz ,5 ms ,IPS ,16:9 ,Silver ,600 cd/m² ,0.117 mm ,Yes ,No ,None ,Yes ,100 x 100 ,178° H x 178° V ,1 x Mini-DisplayPort 
Samsung C27FG73,Samsung ,LC27FG73FQNXZA ,"27"" ",1920 x 1080 ,144 Hz ,1 ms ,VA ,16:9 ,Black ,350 cd/m² ,0.311 mm ,Yes ,Yes ,FreeSync ,No ,,178° H x 178° V , 1 x DisplayPort | 2 x HDMI | 
MSI Optix G272,MSI , Optix G272 | 9S6-3CB51T-038 | ,"27"" ",1920 x 1080 ,144 Hz ,,IPS ,16:9 ,Black ,250 cd/m² ,0.311 mm ,Yes ,No ,FreeSync ,No ,,178° H x 178° V , 1 x DisplayPort 1.2a | 2 x HDMI 1.4 | 
Asus VY279HE-W,Asus , 90LM06D2-B011B0 | VY279HE-W | 90LM06D2-B01170 | ,"27"" ",1920 x 1080 ,75 Hz ,,IPS ,16:9 ,White ,250 cd/m² ,0.311 mm ,Yes ,No ,FreeSync ,No ,100 x 100 ,178° H x 178° V , 1 x HDMI 1.4 | 1 x VGA | 
MSI MAG 323UPF,MSI , MAG 323UPF | 9S6-3DC79T-009 | ,"32"" ",3840 x 2160 ,160 Hz ,1 ms ,IPS ,16:9 ,Black ,600 cd/m² ,0.184 mm ,Yes ,No ,FreeSync Premium Pro ,No ,100 x 100 ,178° H x 178° V , 1 x DisplayPort 1.4a | 2 x HDMI 2.1 | 
BenQ GW2270,BenQ , 9H.LE5LB.QPA | GW2270 | ,"21.5"" ",1920 x 1080 ,60 Hz ,5 ms ,VA ,16:9 ,,250 cd/m² ,0.248 mm ,Yes ,No ,None ,No ,,178° H x 178° V , 1 x DVI | 1 x VGA | 
Samsung C34F791,Samsung , LC34F791WQNXZA | C34F791 | ,"34"" ",3440 x 1440 ,100 Hz ,4 ms ,VA ,21:9 ,White ,300 cd/m² ,0.232 mm ,Yes ,Yes ,FreeSync ,Yes ,,178° H x 178° V , 1 x DisplayPort | 2 x HDMI | 
Dell P2319H,Dell , P2319H | DELL-P2319H | 210-APWT | ,"23"" ",1920 x 1080 ,60 Hz ,5 ms ,IPS ,16:9 ,Black ,250 cd/m² ,0.265 mm ,Yes ,No ,None ,No ,,178° H x 178° V , 1 x DisplayPort | 1 x HDMI | 1 x VGA | 
Asus ROG Strix XG248Q,Asus , XG248Q | ROG Strix XG248Q | 90LM03Z0-B01A70 | ,"23.8"" ",1920 x 1080 ,240 Hz ,1 ms ,TN ,16:9 ,Black / Red ,400 cd/m² ,0.274 mm ,Yes ,No , FreeSync | G-Sync Compatible | ,No ,,170° H x 160° V , 1 x DisplayPort | 2 x HDMI | 
Asus VG279Q,Asus , VG279Q | 90LM04G0-B01370 | ,"27"" ",1920 x 1080 ,144 Hz ,,IPS ,16:9 ,Black / Red ,400 cd/m² ,0.311 mm ,Yes ,No ,FreeSync ,Yes ,,178° H x 178° V , 1 x DisplayPort | 1 x DVI-D Dual Link | 1 x HDMI | 
MSI Optix MAG271CQR,MSI , OPTIX MAG271CQR | 9S6-3FA75T-002 | ,"27"" ",2560 x 1440 ,144 Hz ,1 ms ,VA ,16:9 ,Black ,400 cd/m² ,0.233 mm ,Yes ,Yes ,FreeSync ,No ,,178° H x 178° V , 1 x DisplayPort | 2 x HDMI | 
MSI Optix MAG272CQR,MSI , Optix MAG272CQR | MAG272CQR | 9S6-3CA66T-005 | 9S6-3CA66T-009 | ,"27"" ",2560 x 1440 ,165 Hz ,1 ms ,VA ,16:9 ,Black ,300 cd/m² ,0.233 mm ,Yes ,Yes ,FreeSync ,No ,,178° H x 178° V , 1 x DisplayPort | 2 x HDMI | 
MSI Optix MAG161V,MSI , Optix MAG161V | MAG161V | 9S6-3AA10H-001 | ,"15.6"" ",1920 x 1080 ,60 Hz ,,IPS ,16:9 ,Black ,180 cd/m² ,0.18 mm ,Yes ,No ,None ,No ,,178° H x 178° V ,1 x Mini-HDMI 
Sceptre C355W-3440UN,Sceptre ,C355W-3440UN ,"35"" ",3440 x 1440 ,100 Hz ,4 ms ,VA ,21:9 ,Black ,320 cd/m² ,0.238 mm ,Yes ,Yes ,FreeSync ,No ,,178° H x 178° V , 1 x DisplayPort | 3 x HDMI | 
Acer KA272 bi,Acer ,UM.HX2AA.003 ,"27"" ",1920 x 1080 ,75 Hz ,,IPS ,16:9 ,Black ,250 cd/m² ,0.311 mm ,Yes ,No ,FreeSync ,No ,,178° H x 178° V , 1 x HDMI | 1 x VGA | 
Corsair XENEON 32QHD165,Corsair , CM-9020001-NA | CM-9020001-PE | CM-9020001-AU | ,"32"" ",2560 x 1440 ,165 Hz ,3 ms ,IPS ,16:9 ,Black ,440 cd/m² ,0.277 mm ,Yes ,No , FreeSync Premium | G-Sync Compatible | ,No ,,178° H x 178° V , 1 x DisplayPort | 2 x HDMI | 
Gigabyte ‎G32QC A,Gigabyte ,G32QC A-SA ,"31.5"" ",2560 x 1440 ,165 Hz ,,VA ,16:9 ,Black ,350 cd/m² ,0.272 mm ,Yes ,Yes ,FreeSync Premium Pro ,No ,,178° H x 178° V , 1 x DisplayPort | 2 x HDMI | 
Acer XR343CK PBMIIPPHUZX,Acer , UM.CX3AA.P01 | XR343CK PBMIIPPHUZX | UM.CX3EE.P01 | ,"34"" ",3440 x 1440 ,180 Hz ,,IPS ,21:9 ,Black ,550 cd/m² ,0.232 mm ,Yes ,Yes ,FreeSync ,Yes ,100 x 100 ,178° H x 178° V , 2 x DisplayPort 1.4 | 1 x HDMI 2.0 | 1 x USB Type-C | 
Asus VY249HE,Asus , 90LM06A0-B01HB0 | VY249HE | 90LM06A0-B01H70 | ,"23.8"" ",1920 x 1080 ,75 Hz ,,IPS ,16:9 ,,250 cd/m² ,0.274 mm ,Yes ,No ,FreeSync ,No ,100 x 100 ,178° H x 178° V , 1 x HDMI 1.4 | 1 x VGA | 
Lenovo G24-20,Lenovo , 66CFGCC1US | 66CFGAC1EU | 66CFGAC1UK | 66CFGAC1AU | ,"23.8"" ",1920 x 1080 ,165 Hz ,,IPS ,16:9 ,Black ,350 cd/m² ,0.274 mm ,Yes ,No ,FreeSync Premium ,No ,,178° H x 178° V , 1 x DisplayPort 1.4 | 2 x HDMI 2.0 | 
Asus TUF Gaming VG279Q1R,Asus , VG279Q1R | TUF Gaming VG279Q1R | 90LM05S1-B01EB0 | 90LM05S1-B01E70 | ,"27"" ",1920 x 1080 ,144 Hz ,,IPS ,16:9 ,Black / Red ,250 cd/m² ,0.311 mm ,Yes ,No ,FreeSync Premium ,Yes ,75 x 75 ,178° H x 178° V , 1 x DisplayPort 1.2 | 2 x HDMI 1.4 | 
HP M24fw,HP ,2D9K1AA#ABA ,"24"" ",1920 x 1080 ,75 Hz ,5 ms ,IPS ,16:9 ,Silver ,300 cd/m² ,0.277 mm ,Yes ,No ,FreeSync ,No ,,178° H x 178° V , 1 x HDMI 1.4 | 1 x VGA | 
Pixio PX248 Wave,Pixio ,PX248WAVEK ,"23.8"" ",1920 x 1080 ,200 Hz ,1 ms ,IPS ,16:9 ,Blue ,300 cd/m² ,0.274 mm ,Yes ,No ,FreeSync ,Yes ,75 x 75 ,178° H x 178° V , 1 x DisplayPort 1.4 | 1 x HDMI 2.0 | 
AOC G2790PX,AOC ,g2790px ,"27"" ",1920 x 1080 ,144 Hz ,1 ms ,TN ,16:9 ,Black / Red ,400 cd/m² ,0.311 mm ,Yes ,No ,FreeSync Premium ,Yes ,100 x 100 ,170° H x 160° V , 1 x DisplayPort 1.2 | 2 x HDMI 1.4 | 
Sceptre C248B-FWT168,Sceptre ,C248B-FWT168 ,"23.6"" ",1920 x 1080 ,165 Hz ,,VA ,16:9 ,Black ,280 cd/m² ,0.272 mm ,Yes ,Yes ,FreeSync Premium ,Yes ,100 x 100 ,178° H x 178° V , 1 x DisplayPort 1.2 | 1 x HDMI 2.0 | 2 x HDMI 1.4 | 
Acer XV270U X1bmiiprx,Acer , UM.HX0EE.106 | XV270U X1bmiiprx | ,"27"" ",2560 x 1440 ,200 Hz ,0.5 ms ,IPS ,16:9 ,Black ,250 cd/m² ,0.233 mm ,Yes ,No ,FreeSync ,Yes ,,178° H x 178° V , 1 x DisplayPort | 2 x HDMI 1.4 | 
TCL 27R94,TCL ,27R94 ,"27"" ",3840 x 2160 ,165 Hz ,1 ms ,VA QD-Mini LED ,16:9 ,Black ,1600 cd/m² ,0.156 mm ,Yes ,No ,FreeSync Premium ,Yes ,,178° H x 178° V , 1 x DisplayPort 1.4 | 2 x HDMI 2.1 | 
ViewSonic XG341C-2K,ViewSonic ,XG341C-2K ,"34"" ",3440 x 1440 ,200 Hz ,,VA Mini LED ,21:9 ,Black ,720 cd/m² ,0.232 mm ,Yes ,Yes ,FreeSync Premium Pro ,No ,100 x 100 ,178° H x 178° V , 1 x DisplayPort | 2 x HDMI 2.1 | 1 x USB Type-C | 
Acer DM431K bmiiipx,Acer ,UM.MD1AA.001 ,"43"" ",3840 x 2160 ,60 Hz ,5 ms ,IPS ,16:9 ,,250 cd/m² ,0.248 mm ,Yes ,No ,None ,Yes ,,178° H x 178° V , 1 x DisplayPort | 3 x HDMI | 
LG 27UL550-W,LG , 27UL550-W | 27UL550-W.AEU | ,"27"" ",3840 x 2160 ,60 Hz ,5 ms ,IPS ,16:9 ,Silver ,300 cd/m² ,0.156 mm ,Yes ,No ,FreeSync ,No ,,178° H x 178° V , 1 x DisplayPort | 2 x HDMI | 
Philips Evnia 34M2C8600,Philips , 34M2C8600 | 34M2C8600/00 | 34M2C8600/27 | ,"34"" ",3440 x 1440 ,175 Hz ,0.03 ms ,QD-OLED ,21:9 ,Silver ,1000 cd/m² ,0.232 mm ,Yes ,Yes ,FreeSync ,Yes ,100 x 100 ,178° H x 178° V , 1 x DisplayPort 1.4 | 2 x HDMI 2.0 | 
Samsung Odyssey Neo G8 S32BG850NP,Samsung , LS32BG850NPXEN | LS32BG850NUXEN | ,"32"" ",3840 x 2160 ,240 Hz ,,VA ,16:9 ,Black ,350 cd/m² ,0.184 mm ,Yes ,Yes ,FreeSync Premium Pro ,No ,100 x 100 ,178° H x 178° V , 1 x DisplayPort 1.4 | 2 x HDMI 2.1 | 
Cooler Master Tempest GZ2711,Cooler Master , CMI-GZ2711-US | CMI-GZ2711-UK | CMI-GZ2711-AU | CMI-GZ2711-EU | CMI-GZ2711-AP | CMI-GZ2711-EK | ,"27"" ",2560 x 1440 ,240 Hz ,0.03 ms ,OLED ,16:9 ,Black ,450 cd/m² ,0.233 mm ,Yes ,No ,FreeSync Premium ,Yes ,75 x 75 ,178° H x 178° V , 2 x DisplayPort 1.4 | 2 x HDMI 2.1 | 1 x USB Type-C | 
Asus TUF GAMING VG27WQ,Asus , 90LM05F0-B01EB0 | TUF GAMING VG27WQ | VG27WQ | 90LM05F0-B01E70 | ,"27"" ",2560 x 1440 ,165 Hz ,,VA ,16:9 ,Black ,400 cd/m² ,0.233 mm ,Yes ,Yes ,FreeSync ,Yes ,,178° H x 178° V , 1 x DisplayPort | 1 x HDMI | 
Samsung Odyssey G65B,Samsung ,LS27BG650EUXXU ,"27"" ",2560 x 1440 ,240 Hz ,1 ms ,VA ,16:9 ,Black ,350 cd/m² ,0.233 mm ,Yes ,Yes ,FreeSync Premium Pro ,Yes ,100 x 100 ,178° H x 178° V , 1 x DisplayPort 1.4 | 2 x HDMI 2.1 | 
HP VH240a,HP ,VH240a ,"23.8"" ",1920 x 1080 ,60 Hz ,5 ms ,IPS ,16:9 ,,,0.274 mm ,Yes ,No ,None ,Yes ,,178° H x 178° V , 1 x HDMI | 1 x VGA | 
MSI G255PF E2,MSI ,G255PF E2 ,"24.5"" ",1920 x 1080 ,180 Hz ,1 ms ,IPS ,16:9 ,Black ,300 cd/m² ,0.282 mm ,Yes ,No ,FreeSync ,Yes ,100 x 100 ,178° H x 178° V , 1 x DisplayPort 1.2a | 2 x HDMI 2.0b | 
ViewEra V157TP,ViewEra ,V157TP ,"15"" ",1024 x 768 ,,12 ms ,,4:3 ,,250 cd/m² ,0.298 mm ,No ,No ,None ,No ,,140° H x 130° V ,1 x VGA 
Asus ROG Swift PG259QN,Asus , PG259QN | 90LM05Q0-B01370 | ,"24.5"" ",1920 x 1080 ,360 Hz ,1 ms ,IPS ,16:9 ,Black / Orange ,400 cd/m² ,0.282 mm ,Yes ,No ,G-Sync ,No ,,178° H x 178° V , 1 x DisplayPort | 1 x HDMI | 
BenQ ZOWIE XL2546X,BenQ , XL2546X | ZOWIE XL2546X | 9H.LLRLB.QBE | ,"24.5"" ",1920 x 1080 ,240 Hz ,,TN ,16:9 ,Black ,320 cd/m² ,0.282 mm ,Yes ,No ,FreeSync ,No ,100 x 100 ,, 1 x DisplayPort 1.2 | 3 x HDMI 2.0 | 
Asus TUF Gaming VG258QM,Asus , VG258QM | 90LM0450-B023B0 | 90LM0450-B02370 | ,"24.5"" ",1920 x 1080 ,280 Hz ,0.5 ms ,TN ,16:9 ,Black / Red ,400 cd/m² ,0.282 mm ,Yes ,No , FreeSync | G-Sync Compatible | ,Yes ,,170° H x 160° V , 1 x DisplayPort | 2 x HDMI | 
MSI Optix MAG301RF,MSI , OptixMAG301RF | 9S6-3CC58A-001 | ,"29.5"" ",2560 x 1080 ,200 Hz ,1 ms ,IPS ,21:9 ,Black ,300 cd/m² ,0.27 mm ,Yes ,No , FreeSync | G-Sync Compatible | ,No ,100 x 100 ,178° H x 178° V , 1 x DisplayPort 1.2a | 2 x HDMI 2.0b | 
Samsung CRG5,Samsung ,LC24RG50FQNXZA ,"24"" ",1920 x 1080 ,144 Hz ,4 ms ,VA ,16:9 ,Black ,250 cd/m² ,0.277 mm ,Yes ,Yes ,None ,No ,,178° H x 178° V , 1 x DisplayPort 1.2 | 2 x HDMI 1.4 | 
LG 27GQ50F-B,LG , 27GQ50F-B | 27GQ50F-B.AEUQ | ,"27"" ",1920 x 1080 ,165 Hz ,5 ms ,VA ,16:9 ,,250 cd/m² ,0.311 mm ,Yes ,No ,FreeSync Premium ,No ,100 x 100 ,178° H x 178° V , 1 x DisplayPort | 2 x HDMI | 
Gigabyte ‎M32UC,Gigabyte , M32UC-SA | M32UC | M32UC-EK | 20VM0-M32UCBA-1EKR | ,"31.5"" ",3840 x 2160 ,160 Hz ,2 ms ,VA ,16:9 ,Black ,350 cd/m² ,0.182 mm ,Yes ,Yes ,FreeSync Premium Pro ,Yes ,100 x 100 ,178° H x 178° V , 1 x DisplayPort 1.4 | 2 x HDMI 2.1 | 
ViewSonic ColorPro VP2786-4K,ViewSonic ,VP2786-4K ,"27"" ",3840 x 2160 ,60 Hz ,5 ms ,IPS ,16:9 ,Black ,350 cd/m² ,0.156 mm ,Yes ,No ,None ,Yes ,100 x 100 ,178° H x 178° V , 1 x DisplayPort | 2 x HDMI 2.0 | 1 x USB Type-C | 
NEC EA191M-BK,NEC ,EA191M-BK ,"19"" ",1280 x 1024 ,,25 ms ,,5:4 ,,250 cd/m² ,0.294 mm ,No ,No ,None ,Yes ,,176° H x 176° V , 1 x DVI | 1 x VGA | 
Asus PB278Q,Asus ,PB278Q ,"27"" ",2560 x 1440 ,60 Hz ,5 ms ,IPS ,16:9 ,,300 cd/m² ,0.233 mm ,Yes ,No ,None ,Yes ,100 x 100 ,178° H x 178° V , 1 x DisplayPort | 1 x DVI | 1 x HDMI | 1 x VGA | 
Samsung S24D300H,Samsung ,S24D300H ,"24"" ",1920 x 1080 ,60 Hz ,2 ms ,TN ,16:9 ,,250 cd/m² ,0.277 mm ,Yes ,No ,None ,No ,,170° H x 160° V , 1 x HDMI | 1 x VGA | 
Samsung U28E590D,Samsung ,U28E590D ,"28"" ",3840 x 2160 ,60 Hz ,1 ms ,TN ,16:9 ,,370 cd/m² ,0.161 mm ,Yes ,No ,None ,No ,,170° H x 160° V , 1 x DisplayPort | 2 x HDMI | 
Dell S2422HG,Dell , S2422HG | 210-AYZJ | RHRX5 | ,"23.6"" ",1920 x 1080 ,165 Hz ,4 ms ,VA ,16:9 ,Black ,350 cd/m² ,0.272 mm ,Yes ,Yes ,FreeSync Premium ,No ,,178° H x 178° V , 1 x DisplayPort | 2 x HDMI | 
HP X24ih,HP , 2W924AA#ABA | X24ih | ,"23.8"" ",1920 x 1080 ,144 Hz ,1 ms ,IPS ,16:9 ,Black ,350 cd/m² ,0.274 mm ,Yes ,No ,FreeSync Premium ,No ,,178° H x 178° V , 1 x DisplayPort 1.2 | 1 x HDMI 2.0 | 
NZXT Canvas 27Q,NZXT ,MNST-27QSB-B-BB ,"27"" ",2560 x 1440 ,165 Hz ,,IPS ,16:9 ,Black / Black ,300 cd/m² ,0.233 mm ,Yes ,No , FreeSync Premium | G-Sync Compatible | ,No ,,178° H x 178° V , 1 x DisplayPort 1.2 | 2 x HDMI 2.0 | 
Corsair XENEON ​32UHD144-A,Corsair , CM-9020006-NA | XENEON ​32UHD144-A | ​32UHD144-A | CM-9020006-AU | CM-9020006-JP | CM-9020006-PE | ,"32"" ",3840 x 2160 ,144 Hz ,12 ms ,IPS ,16:9 ,Black ,600 cd/m² ,0.184 mm ,Yes ,No , FreeSync Premium | G-Sync Compatible | ,No ,100 x 100 ,178° H x 178° V , 1 x DisplayPort 1.4 | 2 x HDMI 2.1 | 1 x USB Type-C | 
Asus TUF Gaming VG248Q1B,Asus , 90LM0870-B011B0 | TUF Gaming VG248Q1B | 90lm0870-b01170 | VG248Q1B | ,"24"" ",1920 x 1080 ,165 Hz ,1 ms ,TN ,16:9 ,Black ,350 cd/m² ,0.277 mm ,Yes ,No ,FreeSync Premium ,No ,100 x 100 ,170° H x 160° V , 1 x DisplayPort 1.2 | 2 x HDMI 1.4 | 
MSI PRO MP252,MSI ,PRO MP252 ,"24.5"" ",1920 x 1080 ,100 Hz ,4 ms ,IPS ,16:9 ,Black ,300 cd/m² ,0.282 mm ,Yes ,No ,FreeSync ,Yes ,100 x 100 ,178° H x 178° V , 1 x DisplayPort 1.4a | 1 x HDMI 2.0b | 
INNOCN 25M2S,INNOCN ,25M2S ,"24.5"" ",2560 x 1440 ,240 Hz ,1 ms ,IPS Mini LED ,16:9 ,Black ,450 cd/m² ,0.212 mm ,Yes ,No ,G-Sync Compatible ,Yes ,,178° H x 178° V , 1 x DisplayPort 1.4 | 2 x HDMI 2.1 | 
Sceptre U278W-4000R,Sceptre ,U278W-4000R ,"26.93"" ",3840 x 2160 ,70 Hz ,5 ms ,IPS ,16:9 ,Black ,250 cd/m² ,0.155 mm ,Yes ,No ,None ,Yes ,100 x 100 ,178° H x 178° V , 1 x DisplayPort | 1 x DVI | 1 x HDMI 2.0 | 1 x HDMI 1.4 | 
Gigabyte M27UA,Gigabyte , M27UA | M27UA EK | ,"27"" ",3840 x 2160 ,160 Hz ,5 ms ,IPS ,16:9 ,Black ,400 cd/m² ,0.156 mm ,Yes ,No ,FreeSync Premium ,Yes ,100 x 100 ,178° H x 178° V , 1 x DisplayPort 1.4 | 2 x HDMI 2.1 | 1 x USB Type-C | 
Dell UltraSharp U4323QE,Dell , U4323QE | U4323qesap | TXRJW | 210-BFPO | DELL-U4323QE | ,"42.51"" ",3840 x 2160 ,60 Hz ,5 ms ,IPS ,16:9 ,Silver ,350 cd/m² ,0.245 mm ,Yes ,No ,None ,Yes ,100 x 100 ,178° H x 178° V , 2 x DisplayPort 1.4 | 2 x HDMI 2.1 | 1 x USB Type-C 3.2 Gen 2 | 
LG 32GN550-B,LG ,32GN550-B ,"32"" ",1920 x 1080 ,165 Hz ,5 ms ,VA ,16:9 ,,300 cd/m² ,0.369 mm ,Yes ,No , FreeSync Premium | G-Sync Compatible | ,No ,100 x 100 ,178° H x 178° V , 1 x DisplayPort | 2 x HDMI | 
ViewSonic VX2267-MHD,ViewSonic ,VX2267-MHD ,"22"" ",1920 x 1080 ,75 Hz ,4 ms ,VA ,16:9 ,,250 cd/m² ,0.254 mm ,Yes ,No ,FreeSync ,Yes ,100 x 100 ,178° H x 178° V , 1 x DisplayPort | 1 x HDMI 1.4 | 1 x VGA | 
Asus ZenScreen MB229CF,Asus , MB229CF | 90LM08S5-B01A70 | ,"21.5"" ",1920 x 1080 ,100 Hz ,5 ms ,IPS ,16:9 ,Black ,250 cd/m² ,0.248 mm ,Yes ,No ,FreeSync ,Yes ,100 x 100 ,178° H x 178° V , 1 x HDMI 1.4 | 1 x USB Type-C | 
MSI Optix G273,MSI , Optix G273 | 9S6-3CA71A-055 | ,"27"" ",1920 x 1080 ,165 Hz ,,IPS ,16:9 ,Black ,300 cd/m² ,0.311 mm ,Yes ,No , FreeSync | G-Sync Compatible | ,No ,,178° H x 178° V , 1 x DisplayPort 1.2a | 2 x HDMI 1.4 | 
BenQ MOBIUZ EX240,BenQ , EX240 | MOBIUZ EX240 | 9H.LL8LB.QBE | ,"23.8"" ",1920 x 1080 ,165 Hz ,2 ms ,IPS ,16:9 ,Black / Red ,350 cd/m² ,0.274 mm ,Yes ,No ,FreeSync Premium ,Yes ,100 x 100 ,178° H x 178° V , 1 x DisplayPort 1.2 | 2 x HDMI 2.0 | 
Samsung Odyssey G3 LF24G35TFBNXZA,Samsung ,LF24G35TFBNXZA ,"24"" ",1920 x 1080 ,144 Hz ,,VA ,16:9 ,Black ,250 cd/m² ,0.277 mm ,Yes ,No ,FreeSync Premium ,No ,,178° H x 178° V , 1 x DisplayPort | 1 x HDMI 2.0 | 1 x VGA | 
Samsung S24R350,Samsung ,LS24R350FHNXZA ,"23.8"" ",1920 x 1080 ,75 Hz ,5 ms ,IPS ,16:9 ,Black / Silver ,250 cd/m² ,0.274 mm ,Yes ,No ,FreeSync ,No ,,178° H x 178° V , 1 x HDMI | 1 x VGA | 
Samsung Odyssey G65B,Samsung ,LS32BG652EEXXY ,"32"" ",2560 x 1440 ,240 Hz ,1 ms ,VA ,16:9 ,Black ,350 cd/m² ,0.277 mm ,Yes ,Yes ,FreeSync Premium Pro ,Yes ,100 x 100 ,178° H x 178° V , 1 x DisplayPort 1.4 | 2 x HDMI 2.1 | 
AOC CQ27G3Z,AOC ,CQ27G3Z ,"27"" ",2560 x 1440 ,240 Hz ,4 ms ,VA ,16:9 ,Black ,300 cd/m² ,0.233 mm ,Yes ,Yes ,FreeSync ,No ,100 x 100 ,178° H x 178° V ,
Asus ROG SWIFT PG278Q,Asus , 90LM00U0-B01370 | PG278Q | ,"27"" ",2560 x 1440 ,144 Hz ,1 ms ,TN ,16:9 ,,350 cd/m² ,0.233 mm ,Yes ,No ,G-Sync ,No ,100 x 100 ,170° H x 160° V ,1 x DisplayPort 
HP E231i,HP ,F9Z10A8#ABA ,"23"" ",1920 x 1080 ,60 Hz ,8 ms ,IPS ,16:9 ,,250 cd/m² ,0.265 mm ,Yes ,No ,None ,Yes ,,178° H x 178° V , 1 x DisplayPort | 1 x DVI | 1 x VGA | 
Samsung LC32F391FWNXZA,Samsung ,LC32F391FWNXZA ,"32"" ",1920 x 1080 ,60 Hz ,4 ms ,VA ,16:9 ,,250 cd/m² ,0.369 mm ,Yes ,Yes ,FreeSync ,No ,,178° H x 178° V , 1 x DisplayPort | 1 x HDMI | 
HP Omen 27,HP , Z4D33AA#ABA | Omen 27 | ,"27"" ",2560 x 1440 ,165 Hz ,1 ms ,TN ,16:9 ,,350 cd/m² ,0.233 mm ,Yes ,No ,G-Sync ,No ,,170° H x 160° V , 1 x DisplayPort | 1 x HDMI | 
Asus TUF GAMING VG32VQ,Asus , VG32VQ | 90LM04I0-B01170 | ,"31.5"" ",2560 x 1440 ,144 Hz ,1 ms ,VA ,16:9 ,Black ,400 cd/m² ,0.272 mm ,Yes ,Yes ,FreeSync ,Yes ,,178° H x 178° V , 1 x DisplayPort | 2 x HDMI | 
Dell Alienware AW5520QF,Dell , AW5520QF | 210-AUGQ | ,"55"" ",3840 x 2160 ,120 Hz ,0.5 ms ,OLED ,16:9 ,Black ,400 cd/m² ,0.317 mm ,Yes ,No , FreeSync | G-Sync Compatible | ,Yes ,,120° H x 120° V , 1 x DisplayPort | 3 x HDMI | 
Acer VG240Y Sbmiipx,Acer ,UM.QV0AA.S01 ,"23.8"" ",1920 x 1080 ,165 Hz ,2 ms ,IPS ,16:9 ,Black / Red ,250 cd/m² ,0.274 mm ,Yes ,No ,FreeSync ,Yes ,,178° H x 178° V , 1 x DisplayPort | 2 x HDMI | 
Gigabyte G27FC,Gigabyte , G27FC | G27FC-EK | 20VM0-GG27FCBT-1EKR | ,"27"" ",1920 x 1080 ,165 Hz ,,VA ,16:9 ,Black ,250 cd/m² ,0.311 mm ,Yes ,Yes ,FreeSync Premium ,Yes ,,178° H x 178° V , 1 x DisplayPort | 2 x HDMI | 
MSI Optix G27C5,MSI ,Optix G27C5 ,"27"" ",1920 x 1080 ,165 Hz ,,VA ,16:9 ,Black ,250 cd/m² ,0.311 mm ,Yes ,Yes ,FreeSync ,No ,,178° H x 178° V , 1 x DisplayPort | 2 x HDMI | 
Pixio PX277P,Pixio ,PX277P ,"27"" ",2560 x 1440 ,165 Hz ,,IPS ,16:9 ,Black ,350 cd/m² ,0.233 mm ,Yes ,No ,FreeSync Premium ,No ,,178° H x 178° V , 1 x DisplayPort 1.2 | 2 x HDMI 2.0 | 
Samsung Odyssey G30A,Samsung ,LS27AG302NNXZA ,"27"" ",1920 x 1080 ,144 Hz ,,VA ,16:9 ,Black ,250 cd/m² ,0.311 mm ,Yes ,No ,FreeSync Premium ,No ,,178° H x 178° V , 1 x DisplayPort 1.2 | 1 x HDMI 1.4 | 
Acer KB272 bi,Acer , UM.HX2AA.009 | KB272 bi | ,"27"" ",1920 x 1080 ,75 Hz ,,IPS ,16:9 ,Black ,250 cd/m² ,0.311 mm ,Yes ,No ,None ,No ,100 x 100 ,178° H x 178° V , 1 x HDMI 1.4 | 1 x VGA | 
Acer XV241Y Xbmiiprx,Acer , UM.QX1AA.X01 | XV241Y Xbmiiprx | ,"23.8"" ",1920 x 1080 ,240 Hz ,,IPS ,16:9 ,Black ,400 cd/m² ,0.274 mm ,Yes ,No ,FreeSync Premium ,Yes ,100 x 100 ,178° H x 178° V , 1 x DisplayPort 1.2 | 1 x HDMI 2.0 | 
Dell S3222HG,Dell , 210-BBTT | S3222HG | D7DNY | ,"32"" ",1920 x 1080 ,165 Hz ,,VA ,16:9 ,,350 cd/m² ,0.369 mm ,Yes ,Yes ,FreeSync ,No ,100 x 100 ,178° H x 178° V , 1 x DisplayPort 1.2 | 2 x HDMI | 
ViewSonic ELITE XG271QG,ViewSonic ,XG271QG ,"27"" ",2560 x 1440 ,240 Hz ,,IPS ,16:9 ,,400 cd/m² ,0.233 mm ,Yes ,No ,G-Sync ,Yes ,,178° H x 178° V , 1 x DisplayPort | 2 x HDMI 2.0 | 
AOC AGON AG274QS,AOC , AG274QS | AGON AG274QS | ,"27"" ",2560 x 1440 ,300 Hz ,,IPS ,16:9 ,Black / Red ,,0.233 mm ,Yes ,No ,FreeSync Premium Pro ,Yes ,100 x 100 ,, 1 x DisplayPort 1.4 | 2 x HDMI 2.0 | 
HP M27fw,HP ,2H1A4AA#ABA ,"27"" ",1920 x 1080 ,75 Hz ,5 ms ,IPS ,16:9 ,Silver ,300 cd/m² ,0.311 mm ,Yes ,No ,FreeSync ,No ,,178° H x 178° V , 2 x HDMI 1.4 | 1 x VGA | 
Gigabyte G34WQCP rev. 2.0,Gigabyte ,G34WQCP rev. 2.0 ,"34"" ",3440 x 1440 ,180 Hz ,1 ms ,VA ,21:9 ,Black ,400 cd/m² ,0.232 mm ,Yes ,Yes ,FreeSync Premium ,Yes ,100 x 100 ,178° H x 178° V , 2 x DisplayPort 1.4 | 2 x HDMI 2.0 | 
KTC A32Q8,KTC ,A32Q8 ,"32"" ",3840 x 2160 ,60 Hz ,,VA ,16:9 ,Silver ,300 cd/m² ,0.184 mm ,Yes ,No ,None ,Yes ,,178° H x 178° V , 2 x DisplayPort 1.4 | 1 x HDMI 2.1 | 
ViewSonic VX3276-MHD,ViewSonic , VX3276-MHD | VX3276-MHD-2 | ,"32"" ",1920 x 1080 ,,8 ms ,IPS ,16:9 ,,250 cd/m² ,0.369 mm ,Yes ,No ,None ,Yes ,100 x 100 ,178° H x 178° V , 1 x DisplayPort | 1 x HDMI 1.4 | 1 x VGA | 
ASRock PG27FFT1B,ASRock , PG27FFT1B | 90LXA0D0-A0E1A0V | ,"27"" ",1920 x 1080 ,180 Hz ,,IPS ,16:9 ,Black ,450 cd/m² ,0.311 mm ,Yes ,No ,FreeSync ,Yes ,,178° H x 178° V , 1 x DisplayPort 1.2 | 2 x HDMI 2.0 | 
LG 35WN65C-B,LG , 35WN65C-B | 35WN65C-B.AEU | ,"35"" ",3440 x 1440 ,100 Hz ,5 ms ,VA ,21:9 ,Black ,300 cd/m² ,0.238 mm ,Yes ,Yes ,FreeSync ,Yes ,,178° H x 178° V , 1 x DisplayPort | 2 x HDMI | 
KTC H27P22S,KTC ,H27P22S ,"27"" ",3840 x 2160 ,160 Hz ,,IPS ,16:9 ,Black ,,0.156 mm ,Yes ,No ,FreeSync ,No ,100 x 100 ,178° H x 178° V , 2 x DisplayPort 1.4 | 2 x HDMI 2.1 | 
Gigabyte M32UP,Gigabyte , M32UP | M32UP EK | ,"31.5"" ",3840 x 2160 ,160 Hz ,,IPS ,16:9 ,Black ,350 cd/m² ,0.182 mm ,Yes ,No ,FreeSync ,Yes ,100 x 100 ,178° H x 178° V , 1 x DisplayPort 1.4 | 2 x HDMI 2.1 | 
Dell S2419HGF,Dell , S2419HGF | 210-AQVJ | ,"24"" ",1920 x 1080 ,144 Hz ,1 ms ,TN ,16:9 ,Silver ,350 cd/m² ,0.277 mm ,Yes ,No , FreeSync | G-Sync Compatible | ,No ,,170° H x 160° V , 1 x DisplayPort | 2 x HDMI | 
Dell S2722QC,Dell , 210-BBQT | R0WT3 | S2722QC | ,"27"" ",3840 x 2160 ,60 Hz ,4 ms ,IPS ,16:9 ,,350 cd/m² ,0.156 mm ,Yes ,No ,FreeSync ,Yes ,100 x 100 ,178° H x 178° V , 2 x HDMI | 1 x USB Type-C | 
ViewSonic VA2715-2K-MHD,ViewSonic ,VA2715-2K-MHD ,"27"" ",2560 x 1440 ,100 Hz ,,VA ,16:9 ,,250 cd/m² ,0.233 mm ,Yes ,No ,None ,Yes ,100 x 100 ,178° H x 178° V , 1 x DisplayPort 1.4 | 2 x HDMI 1.4 | 
Pixio PX27U Wave,Pixio ,PX27UWAVEK ,"27"" ",3840 x 2160 ,160 Hz ,1 ms ,IPS ,16:9 ,Pink ,400 cd/m² ,0.156 mm ,Yes ,No ,FreeSync ,Yes ,100 x 100 ,178° H x 178° V , 2 x DisplayPort 1.4 | 2 x HDMI 2.1 | 
MSI Optix G241VC,MSI , Optix G241VC | 9S6-3EA01H-007 | G241VC | ,"23.6"" ",1920 x 1080 ,75 Hz ,1 ms ,VA ,16:9 ,Black ,250 cd/m² ,0.272 mm ,Yes ,Yes ,None ,No ,,170° H x 160° V , 1 x HDMI | 1 x VGA | 
Gigabyte G34WQC A,Gigabyte ,G34WQC A-SA ,"34"" ",3440 x 1440 ,144 Hz ,,VA ,21:9 ,Black ,350 cd/m² ,0.232 mm ,Yes ,Yes ,FreeSync Premium ,Yes ,100 x 100 ,178° H x 178° V , 2 x DisplayPort 1.4 | 2 x HDMI 2.0 | 
ViewSonic OMNI VX2428,ViewSonic ,VX2428 ,"23.8"" ",1920 x 1080 ,165 Hz ,,IPS ,16:9 ,Black ,250 cd/m² ,0.274 mm ,Yes ,No ,FreeSync Premium ,Yes ,100 x 100 ,178° H x 178° V , 1 x DisplayPort 1.4 | 2 x HDMI 1.4 | 
Lenovo E2224,Lenovo ,60DAHAR1US ,"21.5"" ",1920 x 1080 ,60 Hz ,8 ms ,VA ,16:9 ,,250 cd/m² ,0.248 mm ,Yes ,No ,None ,No ,,178° H x 178° V , 1 x DVI | 1 x VGA | 
LG 25UM58-P,LG ,25UM58-P ,"25"" ",2560 x 1080 ,75 Hz ,5 ms ,IPS ,21:9 ,,250 cd/m² ,0.229 mm ,Yes ,No ,None ,No ,,178° H x 178° V ,2 x HDMI 
Asus ROG Swift PG258Q,Asus , PG258Q | 90LM0360-B01370 | ,"24.5"" ",1920 x 1080 ,240 Hz ,1 ms ,TN ,16:9 ,,400 cd/m² ,0.282 mm ,Yes ,No ,G-Sync ,No ,,170° H x 160° V , 1 x DisplayPort | 1 x HDMI | 
Acer Predator XB273K Pbmiphzx,Acer , XB273K Pbmiphzx | UM.HX3AA.P01 | ,"27"" ",3840 x 2160 ,144 Hz ,4 ms ,IPS ,16:9 ,Black ,400 cd/m² ,0.156 mm ,Yes ,No ,G-Sync ,Yes ,,178° H x 178° V , 1 x DisplayPort | 1 x HDMI | 
Asus ROG SWIFT PG35VQ,Asus , ROG SWIFT PG35VQ | 90LM03T0-B013B0 | PG35VQ | 90LM03T0-B02370 | ,"35"" ",3440 x 1440 ,200 Hz ,2 ms ,VA ,21:9 ,Black ,1000 cd/m² ,0.238 mm ,Yes ,Yes ,G-Sync Ultimate ,No ,,178° H x 178° V , 1 x DisplayPort | 1 x HDMI | 
Acer KG241Q Pbiip,Acer , KG241Q Pbiip | UM.UX1AA.P01 | ,"23.6"" ",1920 x 1080 ,144 Hz ,1 ms ,TN ,16:9 ,Black / Red ,300 cd/m² ,0.272 mm ,Yes ,No ,FreeSync ,No ,,170° H x 160° V , 1 x DisplayPort | 2 x HDMI | 
Acer SA241Y bi,Acer , UM.QS1AA.002 | SA241Y bi | ,"23.8"" ",1920 x 1080 ,75 Hz ,,IPS ,16:9 ,Black ,250 cd/m² ,0.274 mm ,Yes ,No ,FreeSync ,No ,,178° H x 178° V , 1 x HDMI | 1 x VGA | 
AOC 27B2H,AOC , 27B2H | 27B2H/EU | ,"27"" ",1920 x 1080 ,75 Hz ,7 ms ,IPS ,16:9 ,Black ,,0.311 mm ,Yes ,No ,None ,No ,100 x 100 ,178° H x 178° V , 1 x HDMI 1.4 | 1 x VGA | 
Dell Alienware AW2524H,Dell , Aw2524hsap | 2NNG1 | ,"24.5"" ",1920 x 1080 ,500 Hz ,0.5 ms ,IPS ,16:9 ,Black ,400 cd/m² ,0.282 mm ,Yes ,No ,G-Sync ,No ,100 x 100 ,178° H x 178° V , 1 x DisplayPort 1.4 | 2 x HDMI | 
Acer XF273 S,Acer , UM.HX3EE.S08 | XF273 Sbmiiprx | ,"27"" ",1920 x 1080 ,165 Hz ,,IPS ,16:9 ,Black ,250 cd/m² ,0.311 mm ,Yes ,No ,FreeSync Premium ,Yes ,100 x 100 ,178° H x 178° V , 1 x DisplayPort | 1 x HDMI | 
HP EliteDisplay E243,HP ,1FH47U9#ABA ,"23.8"" ",1920 x 1080 ,60 Hz ,5 ms ,IPS ,16:9 ,Silver / Black ,250 cd/m² ,0.274 mm ,Yes ,No ,None ,No ,100 x 100 ,178° H x 178° V , 1 x DisplayPort 1.2 | 1 x HDMI 1.4 | 1 x VGA | 
Lenovo ThinkVision P27q-30,Lenovo ,63A2GAR1US ,"27"" ",2560 x 1440 ,60 Hz ,4 ms ,,16:9 ,Black ,350 cd/m² ,0.233 mm ,Yes ,No ,None ,No ,,178° H x 178° V , 1 x DisplayPort 1.4 | 1 x HDMI 2.0 | 
Philips 27M2C5501/01,Philips ,27M2C5501/01 ,"27"" ",2560 x 1440 ,180 Hz ,1 ms ,VA ,16:9 ,White ,300 cd/m² ,0.233 mm ,Yes ,Yes ,FreeSync ,No ,100 x 100 ,178° H x 178° V , 1 x DisplayPort 1.4 | 2 x HDMI 2.0 | 
INNOCN 40C1U,INNOCN ,40C1U ,"40"" ",5120 x 2160 ,100 Hz ,,IPS ,64:27 ,Black ,,0.183 mm ,Yes ,No ,None ,Yes ,75 x 75 ,178° H x 178° V , 1 x DisplayPort 1.4 | 2 x HDMI 2.0 | 1 x USB Type-C | 
Cooler Master Tempest GP2711,Cooler Master , CMI-GP2711 | CMI-GP2711-AP | CMI-GP2711-US | CMI-GP2711-EK | ,"27"" ",2560 x 1440 ,165 Hz ,4 ms ,QD-VA ,16:9 ,Black ,600 cd/m² ,0.233 mm ,Yes ,No ,FreeSync Premium Pro ,Yes ,100 x 100 ,178° H x 178° V , 1 x DisplayPort 1.4 | 2 x HDMI 2.0 | 
Asus ROG Swift PG32UQ,Asus , 90LM0770-B011B0 | PG32UQ | ROG-SWIFT-PG32UQ | ,"32"" ",3840 x 2160 ,144 Hz ,,IPS ,16:9 ,,450 cd/m² ,0.184 mm ,Yes ,No , FreeSync Premium Pro | G-Sync Compatible | ,Yes ,100 x 100 ,178° H x 178° V , 1 x DisplayPort 1.4 | 2 x HDMI 2.1 | 
AOC U27B3AF,AOC ,U27B3AF ,"27"" ",3840 x 2160 ,60 Hz ,4 ms ,IPS ,16:9 ,Black ,350 cd/m² ,0.156 mm ,Yes ,No ,FreeSync ,Yes ,100 x 100 ,178° H x 178° V , 1 x DisplayPort 1.4 | 2 x HDMI 2.0 | 
Cooler Master TEMPEST GP27U,Cooler Master , CMI-GP27-FUS-US | CMI-GP27-FUS-CN | CMI-GP27-FUS-ST | CMI-GP27-FUS-BR | CMI-GP27-FUS-TW | CMI-GP27-FUS-AP | CMI-GP27-FUS-EK | ,"27"" ",3840 x 2160 ,160 Hz ,,IPS QD-Mini LED ,16:9 ,,1200 cd/m² ,0.156 mm ,Yes ,No , FreeSync | G-Sync Compatible | ,Yes ,100 x 100 ,178° H x 178° V , 1 x DisplayPort | 2 x HDMI 2.1 | 1 x USB Type-C | 
AOC AG274QG,AOC ,AG274QG ,"27"" ",2560 x 1440 ,240 Hz ,1 ms ,IPS ,16:9 ,Black / Red ,450 cd/m² ,0.233 mm ,Yes ,No ,G-Sync Ultimate ,Yes ,100 x 100 ,178° H x 178° V ,
Pixio PX278 Wave,Pixio ,PX278WAVE ,"27"" ",2560 x 1440 ,180 Hz ,1 ms ,IPS ,16:9 ,Black ,350 cd/m² ,0.233 mm ,Yes ,No ,FreeSync ,Yes ,75 x 75 ,178° H x 178° V , 1 x DisplayPort 1.4 | 2 x HDMI 2.0 | 
BenQ MOBIUZ EX2510S,BenQ , EX2510S | 9H.LKELA.TBE | ,"24.5"" ",1920 x 1080 ,165 Hz ,2 ms ,IPS ,16:9 ,Black ,400 cd/m² ,0.282 mm ,Yes ,No ,FreeSync Premium ,Yes ,,178° H x 178° V , 1 x DisplayPort 1.2 | 2 x HDMI | 
Acer XV270 Pbmiiprx,Acer , UM.HX0AA.P04 | XV270 Pbmiiprx | ,"27"" ",1920 x 1080 ,144 Hz ,,IPS ,16:9 ,Black ,250 cd/m² ,0.311 mm ,Yes ,No ,FreeSync ,Yes ,100 x 100 ,178° H x 178° V , 1 x DisplayPort | 1 x HDMI | 
BenQ SW321C,BenQ ,SW321C ,"31.5"" ",3840 x 2160 ,60 Hz ,5 ms ,IPS ,16:9 ,,250 cd/m² ,0.182 mm ,Yes ,No ,None ,No ,100 x 100 ,178° H x 178° V , 1 x DisplayPort 1.4 | 2 x HDMI 2.0 | 1 x USB Type-C | 
iiyama GB2570HSU-B1,iiyama ,GB2570HSU-B1 ,"24.5"" ",1920 x 1080 ,165 Hz ,,IPS ,16:9 ,Black ,400 cd/m² ,0.282 mm ,Yes ,No ,FreeSync ,Yes ,100 x 100 ,178° H x 178° V , 1 x DisplayPort 1.4 | 1 x HDMI 2.0 | 
Acer ED242QR Abidpx,Acer , ED242QR Abidpx | UM.UE2AA.A01 | ,"23.6"" ",1920 x 1080 ,144 Hz ,4 ms ,VA ,16:9 ,Black ,250 cd/m² ,0.272 mm ,Yes ,Yes ,FreeSync ,No ,,178° H x 178° V , 1 x DisplayPort | 1 x DVI | 1 x HDMI | 
Dell S2721H,Dell , S2721H | 5PRYW | 210-AXJW | ,"27"" ",1920 x 1080 ,75 Hz ,4 ms ,IPS ,16:9 ,Silver ,300 cd/m² ,0.311 mm ,Yes ,No ,FreeSync ,Yes ,,178° H x 178° V ,2 x HDMI 
LG 34WP65C-B,LG , 34WP65C-B | 34WP65C-B.AEU | ,"34"" ",3440 x 1440 ,160 Hz ,5 ms ,VA ,21:9 ,,300 cd/m² ,0.232 mm ,Yes ,Yes ,FreeSync Premium ,Yes ,100 x 100 ,178° H x 178° V , 1 x DisplayPort | 2 x HDMI | 
Acer H236HLbid,Acer , UM.VH6AA.003 | H236HLbid | ,"23"" ",1920 x 1080 ,60 Hz ,5 ms ,IPS ,16:9 ,,250 cd/m² ,0.265 mm ,Yes ,No ,None ,No ,,178° H x 178° V , 1 x DVI | 1 x HDMI | 1 x VGA | 
ViewSonic VA2055SM,ViewSonic ,VA2055SM ,"19.5"" ",1920 x 1080 ,60 Hz ,25 ms ,VA ,16:9 ,,250 cd/m² ,0.225 mm ,Yes ,No ,None ,No ,,178° H x 178° V , 1 x DVI | 1 x VGA | 
Samsung LC27F396FHNXZA,Samsung ,LC27F396FHNXZA ,"27"" ",1920 x 1080 ,60 Hz ,4 ms ,VA ,16:9 ,Black ,250 cd/m² ,0.311 mm ,Yes ,Yes ,FreeSync ,No ,,178° H x 178° V ,1 x HDMI 
Kogan KAMN27CQ1LA,Kogan ,KAMN27CQ1LA ,"27"" ",2560 x 1440 ,144 Hz ,5 ms ,VA ,16:9 ,Black ,,0.233 mm ,Yes ,Yes ,FreeSync ,No ,,178° H x 178° V , 1 x DisplayPort | 2 x HDMI | 
HP EliteDisplay E233,HP ,1FH46A8 ,"23"" ",1920 x 1080 ,60 Hz ,,IPS ,16:9 ,Silver ,250 cd/m² ,0.265 mm ,Yes ,No ,None ,No ,,178° H x 178° V , 1 x DisplayPort | 1 x HDMI | 1 x VGA | 
Razer RAPTOR 27,Razer ,RZ39-02760100-R3U1 ,"27"" ",2560 x 1440 ,144 Hz ,,IPS ,16:9 ,Black ,400 cd/m² ,0.233 mm ,Yes ,No , FreeSync | G-Sync Compatible | ,No ,,178° H x 178° V , 1 x DisplayPort | 1 x HDMI | 
ViewSonic ELITE XG270,ViewSonic ,XG270 ,"27"" ",1920 x 1080 ,240 Hz ,1 ms ,IPS ,16:9 ,Black ,400 cd/m² ,0.311 mm ,Yes ,No , FreeSync | G-Sync Compatible | ,Yes ,,178° H x 178° V , 1 x DisplayPort | 2 x HDMI | 
LG 22MK430H-B,LG , 22MK430H-B | 22MK430H-B.AEU | 22MK430H-B.AUS | ,"21.5"" ",1920 x 1080 ,75 Hz ,5 ms ,IPS ,16:9 ,Black ,250 cd/m² ,0.248 mm ,Yes ,No ,FreeSync ,No ,,178° H x 178° V , 1 x HDMI | 1 x VGA | 
Asus VA24DQ,Asus ,VA24DQ ,"23.8"" ",1920 x 1080 ,75 Hz ,,IPS ,16:9 ,Black ,250 cd/m² ,0.274 mm ,Yes ,No ,FreeSync ,No ,,178° H x 178° V , 1 x DisplayPort | 1 x HDMI | 1 x VGA | 
Acer XB240H,Acer ,UM.FX0EE.B01 ,"24"" ",1920 x 1080 ,144 Hz ,,TN ,16:9 ,Black ,350 cd/m² ,0.277 mm ,Yes ,No ,None ,Yes ,,170° H x 160° V , 1 x DisplayPort | 1 x DVI-D Dual Link | 1 x HDMI | 1 x VGA | 
VIOTEK GNV27DB,VIOTEK ,GNV27DB ,"27"" ",2560 x 1440 ,144 Hz ,6 ms ,VA ,16:9 ,Black ,250 cd/m² ,0.233 mm ,Yes ,Yes ,FreeSync ,No ,,178° H x 178° V , 1 x DisplayPort | 3 x HDMI | 
MSI Optix MAG301CR2,MSI , Optix MAG301CR2 | 9S6-3CB45H-010 | ,"29.5"" ",2560 x 1080 ,200 Hz ,,VA ,21:9 ,Black ,300 cd/m² ,0.27 mm ,Yes ,Yes ,FreeSync Premium ,No ,,178° H x 178° V , 1 x DisplayPort 1.2 | 2 x HDMI 2.0 | 
HP 25x,HP ,3WL50AA#ABA ,"24.5"" ",1920 x 1080 ,144 Hz ,1 ms ,TN ,16:9 ,Black / Green ,400 cd/m² ,0.282 mm ,Yes ,No ,FreeSync ,No ,,170° H x 160° V , 1 x DisplayPort | 1 x HDMI | 
Asus ROG Strix XG259QN,Asus , 90LM07J0-B023B0 | ROG Strix XG259QN | XG259QN | 90lm07j0-b02370 | ,"24.5"" ",1920 x 1080 ,380 Hz ,0.3 ms ,IPS ,16:9 ,Black ,400 cd/m² ,0.282 mm ,Yes ,No ,FreeSync Premium ,No ,100 x 100 ,178° H x 178° V , 1 x DisplayPort 1.4 | 2 x HDMI 2.0 | 
BenQ PD2705Q,BenQ , PD2705Q | 9H.LJELA.TBE | ,"27"" ",2560 x 1440 ,60 Hz ,5 ms ,IPS ,16:9 ,Black ,250 cd/m² ,0.233 mm ,Yes ,No ,None ,Yes ,,, 1 x DisplayPort 1.4 | 1 x HDMI 2.0 | 1 x USB Type-C | 
Philips 241V8L,Philips , 241V8L | 241V8L/27 | ,"23.8"" ",1920 x 1080 ,75 Hz ,4 ms ,VA ,16:9 ,Black ,250 cd/m² ,0.274 mm ,Yes ,No ,FreeSync ,No ,100 x 100 ,178° H x 178° V , 1 x HDMI | 1 x VGA | 
iiyama G2445HSU-B1,iiyama ,G2445HSU-B1 ,"24"" ",1920 x 1080 ,100 Hz ,,IPS ,16:9 ,Black ,250 cd/m² ,0.277 mm ,Yes ,No ,FreeSync ,Yes ,100 x 100 ,178° H x 178° V , 1 x DisplayPort 1.2 | 1 x HDMI 1.4 | 
Titan Army C32C1S,Titan Army ,C32C1S ,"31.5"" ",2560 x 1440 ,240 Hz ,,VA ,16:9 ,Black ,350 cd/m² ,0.272 mm ,Yes ,Yes ,FreeSync ,No ,75 x 75 ,178° H x 178° V , 2 x DisplayPort 1.4 | 2 x HDMI 2.1 | 
LG UltraGear 27GR95UM-B,LG , 27GR95UM-B | 27GR95UM-B.AEU | ,"27"" ",3840 x 2160 ,160 Hz ,1 ms ,IPS Mini LED ,16:9 ,Black ,450 cd/m² ,0.156 mm ,Yes ,No , FreeSync Premium Pro | G-Sync | ,Yes ,100 x 100 ,178° H x 178° V , 1 x DisplayPort | 2 x HDMI | 
Lenovo Legion R45w-30,Lenovo , 67B1GAC3US | 67B1GAC3AU | 67B1GAC3EU | 67B1GAC3UK | 67B1GAC3WW | ,"44.5"" ",5120 x 1440 ,170 Hz ,,VA ,32:9 ,Black ,450 cd/m² ,0.213 mm ,Yes ,Yes ,FreeSync Premium Pro ,Yes ,,178° H x 178° V , 1 x DisplayPort 1.4 | 2 x HDMI 2.1 | 1 x USB Type-C | 
MSI MPG 274URF QD,MSI ,MPG 274URF QD ,"27"" ",3840 x 2160 ,160 Hz ,0.5 ms ,IPS ,16:9 ,Black ,400 cd/m² ,0.156 mm ,Yes ,No ,FreeSync Premium ,No ,75 x 75 ,178° H x 178° V , 1 x DisplayPort 1.4a | 2 x HDMI 2.1 | 1 x USB Type-C | 
LG 27UP600-W,LG ,27UP600-W ,"27"" ",3840 x 2160 ,60 Hz ,5 ms ,IPS ,16:9 ,,400 cd/m² ,0.156 mm ,Yes ,No ,FreeSync ,No ,100 x 100 ,178° H x 178° V , 1 x DisplayPort | 2 x HDMI | 
LG 40WP95C-W,LG , 40WP95C-W | 40WP95C-W.AEU | ,"39.7"" ",5120 x 2160 ,72 Hz ,5 ms ,IPS ,64:27 ,,300 cd/m² ,0.181 mm ,Yes ,Yes ,FreeSync ,Yes ,100 x 100 ,178° H x 178° V , 1 x DisplayPort | 2 x HDMI | 1 x USB Type-C | 
LG 29BQ650-W,LG ,29BQ650-W ,"29"" ",2560 x 1080 ,100 Hz ,5 ms ,IPS ,21:9 ,Silver ,350 cd/m² ,0.265 mm ,Yes ,No ,FreeSync ,Yes ,100 x 100 ,178° H x 178° V ,1 x USB Type-C 
ViewSonic VX3267U-4K,ViewSonic ,VX3267U-4K ,"31.5"" ",3840 x 2160 ,60 Hz ,4 ms ,,16:9 ,Black ,350 cd/m² ,0.182 mm ,Yes ,No ,None ,Yes ,100 x 100 ,178° H x 178° V , 1 x DisplayPort | 1 x HDMI 2.0 | 1 x USB Type-C | 
LG 27GN850-B,LG ,27GN850-B ,"27"" ",2560 x 1440 ,144 Hz ,1 ms ,IPS ,16:9 ,Black / Red ,350 cd/m² ,0.233 mm ,Yes ,No ,FreeSync ,No ,,178° H x 178° V , 1 x DisplayPort | 2 x HDMI | 
Dell U2718Q,Dell , U2718Q | DELL-U2718Q | ,"27"" ",3840 x 2160 ,60 Hz ,5 ms ,IPS ,16:9 ,,350 cd/m² ,0.156 mm ,Yes ,No ,None ,No ,,178° H x 178° V , 1 x DisplayPort | 1 x Mini-DisplayPort | 1 x HDMI | 
LG 24MP60G-B,LG , 24MP60G-B | 24MP60G-B.AEU | ,"24"" ",1920 x 1080 ,75 Hz ,5 ms ,IPS ,16:9 ,,250 cd/m² ,0.277 mm ,Yes ,No ,FreeSync ,No ,75 x 75 ,178° H x 178° V , 1 x DisplayPort | 1 x HDMI | 1 x VGA | 
LG 26WQ500-B,LG ,26WQ500-B ,"25.7"" ",2560 x 1080 ,75 Hz ,5 ms ,IPS ,21:9 ,,250 cd/m² ,0.235 mm ,Yes ,No ,FreeSync ,No ,100 x 100 ,178° H x 178° V ,2 x HDMI 
LG 28MQ750-C,LG ,28MQ750-C ,"28"" ",2560 x 2880 ,60 Hz ,5 ms ,Nano IPS ,8:9 ,Black ,300 cd/m² ,0.185 mm ,No ,No ,None ,Yes ,100 x 100 ,178° H x 178° V , 1 x DisplayPort | 1 x HDMI | 1 x USB Type-C | 
MSI Modern MD2412P,MSI ,ModernMD2412P ,"24"" ",1920 x 1080 ,100 Hz ,4 ms ,IPS ,16:9 ,Black ,300 cd/m² ,0.277 mm ,Yes ,No ,FreeSync ,Yes ,75 x 75 ,178° H x 178° V , 1 x HDMI 1.4 | 1 x USB Type-C | 
MSI Optix MPG321UR-QD,MSI , Optix MPG321UR-QD | MPG321UR-QD | 9S6-3DC07T-009 | 9S6-3DC07T-001 | ,"32"" ",3840 x 2160 ,144 Hz ,,IPS ,16:9 ,Black ,600 cd/m² ,0.184 mm ,Yes ,No , FreeSync | G-Sync Compatible | ,No ,,178° H x 178° V , 1 x DisplayPort | 2 x HDMI | 
Dell SE2722H,Dell , SE2722H | KH7DX | 210-AYYH | Se2722hsap | ,"27"" ",1920 x 1080 ,75 Hz ,4 ms ,VA ,16:9 ,Black ,250 cd/m² ,0.311 mm ,Yes ,No ,FreeSync ,No ,,178° H x 178° V , 1 x HDMI | 1 x VGA | 
Pixio PX278 Wave,Pixio ,PX278WAVEB ,"27"" ",2560 x 1440 ,180 Hz ,1 ms ,IPS ,16:9 ,Blue ,350 cd/m² ,0.233 mm ,Yes ,No ,FreeSync ,Yes ,75 x 75 ,178° H x 178° V , 1 x DisplayPort 1.4 | 2 x HDMI 2.0 | 
Cooler Master GA271,Cooler Master , CMI-GA271 | CMI-GA271-EK | CMI-GA271-US | ,"27"" ",2560 x 1440 ,100 Hz ,,VA ,16:9 ,Black ,250 cd/m² ,0.233 mm ,Yes ,No , FreeSync | G-Sync Compatible | ,No ,100 x 100 ,178° H x 178° V , 1 x DisplayPort | 2 x HDMI | 
Sony INZONE M9,Sony , SDMU27M90 | SDMU27M90AEP | SDMU27M901AEP | ,"27"" ",3840 x 2160 ,144 Hz ,,IPS ,16:9 ,White / Black ,600 cd/m² ,0.156 mm ,Yes ,No , FreeSync | G-Sync Compatible | ,Yes ,100 x 100 ,178° H x 178° V , 1 x DisplayPort | 1 x HDMI 2.1 | 
BenQ MOBIUZ EX480UZ,BenQ ,EX480UZ ,"48"" ",3840 x 2160 ,120 Hz ,0.1 ms ,OLED ,16:9 ,Silver / Red ,450 cd/m² ,0.277 mm ,Yes ,No ,FreeSync Premium ,Yes ,200 x 100 ,178° H x 178° V , 1 x DisplayPort 1.4 | 2 x HDMI 2.1 | 1 x USB Type-C | 
Dell SE2417HG,Dell , SE2417HG | 210-AJYH | ,"23.6"" ",1920 x 1080 ,60 Hz ,1 ms ,TN ,16:9 ,,300 cd/m² ,0.272 mm ,Yes ,No ,None ,No ,,160° H x 170° V , 2 x HDMI | 1 x VGA | 
Asus ROG SWIFT PG278QR,Asus , PG278QR | 90LM00U3-B01370 | ,"27"" ",2560 x 1440 ,165 Hz ,1 ms ,TN ,16:9 ,,350 cd/m² ,0.233 mm ,Yes ,No ,G-Sync ,No ,,170° H x 160° V , 1 x DisplayPort | 1 x HDMI | 
AOC U34G3XM/EU,AOC ,U34G3XM/EU ,"34"" ",3440 x 1440 ,144 Hz ,,VA ,21:9 ,Black / Red ,,0.232 mm ,Yes ,No ,FreeSync Premium ,No ,100 x 100 ,178° H x 178° V , 1 x DisplayPort 1.4 | 2 x HDMI 2.0 | 
MSI G2712F,MSI , G2712F | 9S6-3CD61T-001 | 9S6-3CD61T-008 | ,"27"" ",1920 x 1080 ,180 Hz ,1 ms ,IPS ,16:9 ,Black ,300 cd/m² ,0.311 mm ,Yes ,No ,FreeSync ,No ,100 x 100 ,178° H x 178° V , 1 x DisplayPort 1.2a | 2 x HDMI 2.0b | 
Asus ROG SWIFT PG348Q,Asus , ROG SWIFT PG348Q | PG348Q | 90LM02A0-B01370 | ,"34"" ",3440 x 1440 ,100 Hz ,5 ms ,IPS ,21:9 ,,300 cd/m² ,0.232 mm ,Yes ,Yes ,G-Sync ,Yes ,,178° H x 178° V , 1 x DisplayPort | 1 x HDMI | 
Asus ROG SWIFT PG248Q,Asus , ROG SWIFT PG248Q | PG248Q | 90LM02J0-B01370 | ,"24"" ",1920 x 1080 ,180 Hz ,1 ms ,TN ,16:9 ,,350 cd/m² ,0.277 mm ,Yes ,No ,G-Sync ,No ,,170° H x 160° V , 1 x DisplayPort | 1 x HDMI | 
Dell S2421HS,Dell ,S2421HS ,"23.8"" ",1920 x 1080 ,75 Hz ,4 ms ,IPS ,16:9 ,Silver ,250 cd/m² ,0.274 mm ,Yes ,No ,FreeSync ,No ,,178° H x 178° V , 1 x DisplayPort | 1 x HDMI | 
AOC AGON PRO AG275QXL,AOC ,AG275QXL ,"27"" ",2560 x 1440 ,170 Hz ,1 ms ,IPS ,16:9 ,Gold / Black ,400 cd/m² ,0.233 mm ,Yes ,No ,FreeSync Premium ,Yes ,,178° H x 178° V , 2 x DisplayPort | 2 x HDMI | 
ASRock CL25FF,ASRock , CL25FF | 90LXA080-A0E0A0N | ,"24.5"" ",1920 x 1080 ,100 Hz ,4 ms ,IPS ,16:9 ,Black ,300 cd/m² ,0.282 mm ,Yes ,No ,FreeSync ,No ,100 x 100 ,178° H x 178° V , 1 x HDMI 1.4 | 1 x VGA | 
Acer PREDATOR X32 FP,Acer ,UM.JX0EE.P01 ,"32"" ",3840 x 2160 ,165 Hz ,1 ms ,IPS Mini LED ,16:9 ,Black ,1200 cd/m² ,0.184 mm ,Yes ,No ,FreeSync Premium Pro ,Yes ,100 x 100 ,178° H x 178° V , 1 x DisplayPort 1.4 | 1 x HDMI 2.1 | 1 x USB Type-C | 
Acer Nitro VG272U V,Acer , UM.HV2EE.S01 | VG272U V | UM.HV2EE.V05 | VG272U Vbmiipx | ,"27"" ",2560 x 1440 ,170 Hz ,,IPS ,16:9 ,,400 cd/m² ,0.233 mm ,Yes ,No , FreeSync | G-Sync Compatible | ,Yes ,100 x 100 ,178° H x 178° V , 1 x DisplayPort 1.4 | 2 x HDMI 2.0 | 
Asus VS247H-P,Asus ,VS247H-P ,"23.6"" ",1920 x 1080 ,,2 ms ,,16:9 ,,300 cd/m² ,0.272 mm ,Yes ,No ,None ,No ,100 x 100 ,170° H x 160° V , 1 x DVI | 1 x HDMI | 1 x VGA | 
Dell U2417H,Dell ,U2417H ,"24"" ",1920 x 1080 ,60 Hz ,6 ms ,IPS ,16:9 ,,250 cd/m² ,0.277 mm ,Yes ,No ,None ,No ,,178° H x 178° V , 1 x DisplayPort | 1 x Mini-DisplayPort | 1 x HDMI | 
Samsung CHG90,Samsung ,LC49HG90DMNXZA ,"49"" ",3840 x 1080 ,144 Hz ,1 ms ,VA ,32:9 ,,,0.312 mm ,Yes ,Yes ,FreeSync ,No ,,178° H x 178° V , 1 x DisplayPort | 1 x Mini-DisplayPort | 2 x HDMI | 
BenQ XL2546,BenQ , XL2546 | 9H.LG9LB.QBE | ,"24.5"" ",1920 x 1080 ,240 Hz ,1 ms ,TN ,16:9 ,,320 cd/m² ,0.282 mm ,Yes ,No ,None ,No ,,170° H x 160° V , 1 x DisplayPort | 1 x DVI | 2 x HDMI | 
Dell AW3418DW,Dell , AW3418DW | 210-AMSV | WCK7G | ,"34.1"" ",3440 x 1440 ,120 Hz ,4 ms ,IPS ,21:9 ,,300 cd/m² ,0.232 mm ,Yes ,Yes ,G-Sync ,No ,,178° H x 178° V , 1 x DisplayPort | 1 x HDMI | 
AOC AG251FZ,AOC ,AG251FZ ,"24.5"" ",1920 x 1080 ,240 Hz ,1 ms ,TN ,16:9 ,,400 cd/m² ,0.282 mm ,Yes ,No ,FreeSync ,Yes ,,170° H x 160° V , 1 x DVI-D Dual Link | 2 x HDMI | 1 x VGA | 
Asus VP28UQG,Asus , VP28UQG | 90LM03M0-B01170 | ,"28"" ",3840 x 2160 ,60 Hz ,1 ms ,TN ,16:9 ,Black ,300 cd/m² ,0.161 mm ,Yes ,No ,None ,No ,100 x 100 ,170° H x 160° V , 1 x DisplayPort | 2 x HDMI | 
Samsung C49RG9,Samsung , LC49RG90SSNXZA | C49RG90S | C49RG90SSN | ,"49"" ",5120 x 1440 ,120 Hz ,4 ms ,VA ,32:9 ,Silver ,1000 cd/m² ,0.234 mm ,Yes ,Yes ,FreeSync ,No ,,178° H x 178° V , 2 x DisplayPort | 1 x HDMI | 
HP 27fh,HP ,27fh ,"27"" ",1920 x 1080 ,,5 ms ,IPS ,16:9 ,Silver / Black ,300 cd/m² ,0.311 mm ,Yes ,No ,FreeSync ,No ,,178° H x 178° V , 2 x HDMI | 1 x VGA | 
Samsung UR59C,Samsung , LU32R590CWNXZA | U32R590CWN | ,"32"" ",3840 x 2160 ,60 Hz ,4 ms ,VA ,16:9 ,Black ,250 cd/m² ,0.184 mm ,Yes ,Yes ,None ,No ,,178° H x 178° V , 1 x DisplayPort | 1 x HDMI | 
Lenovo Y27gq-25,Lenovo ,65F1GAC1EU ,"27"" ",2560 x 1440 ,240 Hz ,0.5 ms ,TN ,16:9 ,Black ,,0.233 mm ,Yes ,No ,G-Sync ,Yes ,,170° H x 160° V , 1 x DisplayPort | 1 x HDMI | 
MSI Optix MAG272CRX,MSI ,Optix MAG272CRX ,"27"" ",1920 x 1080 ,240 Hz ,1 ms ,VA ,16:9 ,Black ,300 cd/m² ,0.311 mm ,Yes ,Yes ,FreeSync ,No ,,178° H x 178° V , 1 x DisplayPort | 2 x HDMI | 
LG UltraGear 38GN950-B,LG , 38GN950-B | 38GN950-B.AEU | ,"38"" ",3840 x 1600 ,160 Hz ,1 ms ,IPS ,12:5 ,Black / Red ,450 cd/m² ,0.232 mm ,Yes ,Yes , FreeSync | G-Sync Compatible | ,No ,,178° H x 178° V , 1 x DisplayPort | 2 x HDMI | 
MSI MAG ARTYMIS 324CP,MSI , MAG ARTYMIS 324CP | 9S6-3DB34T-007 | ,"31.5"" ",1920 x 1080 ,165 Hz ,,VA ,16:9 ,Black ,300 cd/m² ,0.363 mm ,Yes ,Yes ,FreeSync Premium ,No ,,178° H x 178° V , 1 x DisplayPort 1.2a | 2 x HDMI 2.0b | 
Acer KB242Y Abi,Acer , UM.QK2AA.A02 | KB242Y Abi | ,"23.8"" ",1920 x 1080 ,75 Hz ,,VA ,16:9 ,Black ,250 cd/m² ,0.274 mm ,Yes ,No ,None ,No ,100 x 100 ,178° H x 178° V , 1 x HDMI 1.4 | 1 x VGA | 
Samsung Odyssey G7,Samsung ,LS28AG700NUXXU ,"28"" ",3840 x 2160 ,144 Hz ,1 ms ,IPS ,16:9 ,Black ,300 cd/m² ,0.161 mm ,Yes ,No , FreeSync Premium Pro | G-Sync Compatible | ,No ,100 x 100 ,178° H x 178° V , 1 x DisplayPort 1.4 | 2 x HDMI 2.1 | 
MSI OPTIX G2712,MSI ,OPTIX G2712 ,"27"" ",1920 x 1080 ,170 Hz ,,IPS ,16:9 ,Black ,250 cd/m² ,0.311 mm ,Yes ,No ,FreeSync ,No ,100 x 100 ,178° H x 178° V , 1 x DisplayPort 1.2a | 2 x HDMI 1.4 | 
Acer Predator XB323U GP,Acer , UM.JX3EE.P04 | UM.JX3EE.P01 | ,"32"" ",2560 x 1440 ,170 Hz ,1 ms ,IPS ,16:9 ,Black ,600 cd/m² ,0.277 mm ,Yes ,No ,G-Sync Compatible ,Yes ,100 x 100 ,178° H x 178° V , 1 x DisplayPort | 1 x HDMI | 
MSI PRO MP253,MSI ,PRO MP253 ,"24.5"" ",1920 x 1080 ,100 Hz ,4 ms ,IPS ,16:9 ,Black ,300 cd/m² ,0.282 mm ,Yes ,No ,FreeSync ,Yes ,75 x 75 ,178° H x 178° V , 1 x DisplayPort 1.2a | 1 x HDMI 1.4 | 1 x VGA | 
LG 34WQ650-W,LG ,34WQ650-W ,"34"" ",2560 x 1080 ,100 Hz ,5 ms ,IPS ,21:9 ,,400 cd/m² ,0.311 mm ,Yes ,No ,FreeSync ,Yes ,100 x 100 ,178° H x 178° V , 1 x DisplayPort | 2 x HDMI | 1 x USB Type-C | 
Acer UM.BV6AA.002,Acer ,UM.BV6AA.002 ,"17"" ",1280 x 1024 ,75 Hz ,5 ms ,TN ,5:4 ,,250 cd/m² ,0.263 mm ,No ,No ,None ,No ,,,1 x VGA 
BenQ PD3226G,BenQ ,PD3226G ,"31.5"" ",3840 x 2160 ,144 Hz ,1 ms ,Nano IPS ,16:9 ,White / Silver ,400 cd/m² ,0.182 mm ,Yes ,No ,FreeSync Premium ,Yes ,100 x 100 ,178° H x 178° V , 1 x DisplayPort 1.4 | 1 x HDMI 2.1 | 1 x USB Type-C 4.0 Gen 3x2 | 
Dell U4919DW,Dell , U4919DW | DELL-U4919DW | 210-ARGK | ,"49"" ",5120 x 1440 ,60 Hz ,5 ms ,IPS ,32:9 ,Silver ,350 cd/m² ,0.234 mm ,Yes ,Yes ,None ,No ,,178° H x 178° V , 1 x DisplayPort | 2 x HDMI | 
LG 34BP65C-B,LG ,34BP65C-B ,"34"" ",3440 x 1440 ,160 Hz ,5 ms ,VA ,21:9 ,Black ,300 cd/m² ,0.232 mm ,Yes ,Yes ,FreeSync Premium ,Yes ,100 x 100 ,178° H x 178° V , 1 x DisplayPort 1.4 | 2 x HDMI 2.0 | 
Acer EB321HQ Abi,Acer ,UM.JE1AA.A01 ,"31.5"" ",1920 x 1080 ,60 Hz ,4 ms ,IPS ,16:9 ,White ,300 cd/m² ,0.363 mm ,Yes ,No ,None ,No ,,178° H x 178° V , 1 x HDMI | 1 x VGA | 
ASRock PG27Q15R2A,ASRock , PG27Q15R2A | 90LXA030-A0E2A0V | ,"27"" ",2560 x 1440 ,165 Hz ,,VA ,16:9 ,Black ,550 cd/m² ,0.233 mm ,Yes ,Yes ,FreeSync Premium ,Yes ,100 x 100 ,178° H x 178° V , 1 x DisplayPort 1.4 | 2 x HDMI 2.0 | 
MSI Modern MD272UPSW,MSI ,Modern MD272UPSW ,"27"" ",3840 x 2160 ,60 Hz ,4 ms ,IPS ,16:9 ,White ,300 cd/m² ,0.156 mm ,Yes ,No ,FreeSync ,Yes ,75 x 75 ,178° H x 178° V , 1 x DisplayPort 1.4a | 1 x HDMI 2.0b | 1 x USB Type-C | 
Acer ED270R Sbiipx,Acer , UM.HE0AA.S02 | ED270R Sbiipx | ,"27"" ",1920 x 1080 ,165 Hz ,,VA ,16:9 ,Black ,250 cd/m² ,0.311 mm ,Yes ,Yes ,FreeSync ,No ,75 x 75 ,178° H x 178° V , 1 x DisplayPort 1.2 | 1 x HDMI 1.4 | 
LG 27GN600-B,LG , 27GN600-B | 27GN600-B.AEU | ,"27"" ",1920 x 1080 ,144 Hz ,1 ms ,IPS ,16:9 ,,350 cd/m² ,0.311 mm ,Yes ,No , FreeSync Premium | G-Sync Compatible | ,No ,100 x 100 ,178° H x 178° V , 1 x DisplayPort | 2 x HDMI | 
LG 27UP650-W,LG , 27UP650-W | 27UP650-W.AEU | ,"27"" ",3840 x 2160 ,60 Hz ,5 ms ,IPS ,16:9 ,,400 cd/m² ,0.156 mm ,Yes ,No ,FreeSync ,No ,,178° H x 178° V , 1 x DisplayPort | 2 x HDMI | 
Asus ROG SWIFT PG349Q,Asus , PG349Q | 90LM04L0-B01170 | ,"34"" ",3440 x 1440 ,120 Hz ,,IPS ,21:9 ,Black ,300 cd/m² ,0.232 mm ,Yes ,Yes ,G-Sync ,Yes ,,178° H x 178° V , 1 x DisplayPort | 1 x HDMI | 
Asus ROG STRIX XG32VQR,Asus , XG32VQR | 90LM03S0-B02170 | ,"32"" ",2560 x 1440 ,144 Hz ,4 ms ,VA ,16:9 ,Black ,450 cd/m² ,0.277 mm ,Yes ,Yes ,FreeSync ,No ,,178° H x 178° V , 1 x DisplayPort | 2 x HDMI | 
Acer XZ322Q PBMIIPHX,Acer , XZ322Q PBMIIPHX | UM.JX2AA.P01 | ,"31.5"" ",1920 x 1080 ,165 Hz ,,VA ,16:9 ,Black / Red ,400 cd/m² ,0.363 mm ,Yes ,Yes ,FreeSync ,Yes ,,178° H x 178° V , 1 x DisplayPort | 1 x HDMI | 
Asus VG289Q1A,Asus , VG289Q1A | 90LM05B0-B02170 | 90LM05B0-B04170 | ,"28"" ",3840 x 2160 ,60 Hz ,5 ms ,IPS ,16:9 ,Black ,350 cd/m² ,0.161 mm ,Yes ,No ,FreeSync ,Yes ,,178° H x 178° V , 1 x DisplayPort 1.2 | 2 x HDMI 2.0 | 
Asus MG279Q,Asus , MG279Q | 90LM0100-B01170 | ,"27"" ",2560 x 1440 ,144 Hz ,4 ms ,IPS ,16:9 ,,350 cd/m² ,0.233 mm ,Yes ,No ,FreeSync ,Yes ,100 x 100 ,178° H x 178° V , 1 x DisplayPort | 1 x Mini-DisplayPort | 2 x HDMI | 
Sceptre E205W-16003S,Sceptre ,E205W-16003S ,"19.5"" ",1600 x 900 ,75 Hz ,3.5 ms ,TN ,16:9 ,Black ,250 cd/m² ,0.27 mm ,Yes ,No ,None ,No ,,170° H x 160° V , 2 x HDMI | 1 x VGA | 
Philips 499P9H,Philips , 499P9H | 499P9H/00 | ,"48.8"" ",5120 x 1440 ,70 Hz ,5 ms ,VA ,32:9 ,Black ,450 cd/m² ,0.233 mm ,Yes ,Yes ,FreeSync ,Yes ,,178° H x 178° V , 1 x DisplayPort | 2 x HDMI | 
Acer QG271 bipx,Acer , UM.HQ1AA.002 | QG271 bipx | ,"27"" ",1920 x 1080 ,75 Hz ,,VA ,16:9 ,Black ,300 cd/m² ,0.311 mm ,Yes ,No ,FreeSync ,No ,100 x 100 ,178° H x 178° V , 1 x HDMI | 1 x VGA | 
Samsung S39C,Samsung , LS27C392EANXGO | S27C392EAN | ,"27"" ",1920 x 1080 ,75 Hz ,4 ms ,VA ,16:9 ,Black ,250 cd/m² ,0.311 mm ,Yes ,Yes ,FreeSync ,Yes ,,178° H x 178° V ,
Samsung ViewFinity S65VC,Samsung , LS34C650VANXGO | S34C650VAN | ,"34"" ",3440 x 1440 ,100 Hz ,5 ms ,VA ,21:9 ,Black ,350 cd/m² ,0.232 mm ,Yes ,Yes ,FreeSync ,Yes ,100 x 100 ,178° H x 178° V ,1 x USB Type-C 
MSI G27C4 E3,MSI , G27C4 E3 | 9S6-3CA91T-210 | ,"27"" ",1920 x 1080 ,180 Hz ,,VA ,16:9 ,Black ,250 cd/m² ,0.311 mm ,Yes ,Yes ,FreeSync ,No ,100 x 100 ,178° H x 178° V , 1 x DisplayPort 1.2a | 2 x HDMI 2.0b | 
LG 34WR50QC-B,LG , 34WR50QC-B | 34WR50QC-B.AEU | ,"34"" ",3440 x 1440 ,100 Hz ,5 ms ,VA ,21:9 ,Black ,300 cd/m² ,0.232 mm ,Yes ,Yes ,FreeSync ,No ,,178° H x 178° V , 1 x DisplayPort 1.4 | 2 x HDMI 2.0 | 
BenQ GL2760H,BenQ , GL2760H | 9H.LC8LA.TBE | 9H.LC8LA.RBE | ,"27"" ",1920 x 1080 ,60 Hz ,2 ms ,TN ,16:9 ,,300 cd/m² ,0.311 mm ,Yes ,No ,None ,No ,100 x 100 ,170° H x 160° V , 1 x DVI | 1 x HDMI | 1 x VGA | 
Acer XG270HU,Acer , UM.HG0AA.001 | UM.HG0EE.001 | XG270HU omidpx | XG270HU | ,"27"" ",2560 x 1440 ,144 Hz ,1 ms ,TN ,16:9 ,,350 cd/m² ,0.233 mm ,Yes ,No , FreeSync | G-Sync Compatible | ,Yes ,,170° H x 160° V , 1 x DisplayPort | 2 x DVI | 1 x HDMI | 
Dell E2016H,Dell ,E2016H ,"19.5"" ",1600 x 900 ,60 Hz ,5 ms ,TN ,16:9 ,,250 cd/m² ,0.27 mm ,Yes ,No ,None ,No ,,170° H x 160° V , 1 x DisplayPort | 1 x VGA | 
AOC G2260VWQ6,AOC ,G2260VWQ6 ,"21.5"" ",1920 x 1080 ,75 Hz ,1 ms ,TN ,16:9 ,,250 cd/m² ,0.248 mm ,Yes ,No ,FreeSync ,No ,,170° H x 160° V , 1 x DisplayPort | 1 x HDMI | 1 x VGA | 
Asus VS248HR,Asus , VS248HR | 90LME3001Q02231C- | 90LME3301Q02231C- | ,"24"" ",1920 x 1080 ,60 Hz ,1 ms ,TN ,16:9 ,,250 cd/m² ,0.277 mm ,Yes ,No ,None ,No ,,170° H x 160° V , 1 x DVI | 1 x HDMI | 1 x VGA | 
BenQ PD2700Q,BenQ , PD2700Q | 9H.LF7LA.TBE | 9H.LF7LA.TPE | ,"27"" ",2560 x 1440 ,60 Hz ,4 ms ,IPS ,16:9 ,,350 cd/m² ,0.233 mm ,Yes ,No ,None ,Yes ,,178° H x 178° V , 1 x DisplayPort | 1 x Mini-DisplayPort | 1 x HDMI | 
MSI Optix MAG341CQ,MSI ,Optix MAG341CQ ,"34"" ",3440 x 1440 ,100 Hz ,8 ms ,VA ,21:9 ,Black / Red ,250 cd/m² ,0.232 mm ,Yes ,Yes ,FreeSync ,No ,,178° H x 178° V , 1 x DisplayPort | 1 x DVI | 1 x HDMI | 
Acer ED323QUR Abidpx,Acer , ED323QUR Abidpx | UM.JE3AA.A01 | ,"31.5"" ",2560 x 1440 ,144 Hz ,4 ms ,VA ,16:9 ,White ,250 cd/m² ,0.272 mm ,Yes ,Yes ,FreeSync ,No ,,178° H x 178° V , 1 x DisplayPort | 1 x DVI-D Dual Link | 1 x HDMI | 
Acer VG270U Pbmiipx,Acer , VG270U Pbmiipx | UM.HV0AA.P01 | VG270U Pbmiipx (UM.HV0AA.P01) | ,"27"" ",2560 x 1440 ,144 Hz ,1 ms ,IPS ,16:9 ,Black / Blue ,350 cd/m² ,0.233 mm ,Yes ,No ,FreeSync ,Yes ,,178° H x 178° V , 1 x DisplayPort | 2 x HDMI | 
Acer KG251QF,Acer ,UM.KX1EE.F01 ,"24.5"" ",1920 x 1080 ,144 Hz ,1 ms ,TN ,16:9 ,Black ,400 cd/m² ,0.282 mm ,Yes ,No ,FreeSync ,Yes ,,170° H x 160° V , 1 x DisplayPort | 1 x DVI | 1 x HDMI | 
HP 24f,HP ,2XN60AA#ABA ,"23.8"" ",1920 x 1080 ,60 Hz ,5 ms ,IPS ,16:9 ,Silver ,300 cd/m² ,0.274 mm ,Yes ,No ,FreeSync ,No ,,178° H x 178° V , 1 x HDMI | 1 x VGA | 
AOC AGON AG251FZ2,AOC ,AG251FZ2 ,"25"" ",1920 x 1080 ,240 Hz ,1 ms ,TN ,16:9 ,Black / Red ,400 cd/m² ,0.288 mm ,Yes ,No ,FreeSync ,Yes ,,170° H x 160° V , 1 x DisplayPort | 1 x DVI-D Dual Link | 2 x HDMI | 1 x VGA | 
Samsung C24RG50,Samsung ,C24RG50 ,"23.5"" ",1920 x 1080 ,144 Hz ,4 ms ,VA ,16:9 ,Black ,250 cd/m² ,0.271 mm ,Yes ,No ,FreeSync ,No ,,178° H x 178° V , 1 x DisplayPort | 2 x HDMI | 
Philips 276E8VJSB,Philips , 276E8VJSB | 276E8VJSB/00 | ,"27"" ",3840 x 2160 ,60 Hz ,5 ms ,IPS ,16:9 ,Black ,350 cd/m² ,0.156 mm ,Yes ,No ,None ,No ,,178° H x 178° V , 1 x DisplayPort | 2 x HDMI | 
Gigabyte AORUS FI27Q,Gigabyte ,AORUS FI27Q-SA ,"27"" ",2560 x 1440 ,165 Hz ,,IPS ,16:9 ,Black ,350 cd/m² ,0.233 mm ,Yes ,No , FreeSync | G-Sync Compatible | ,No ,,178° H x 178° V , 1 x DisplayPort | 2 x HDMI | 
Acer XB273U GSbmiiprzx,Acer ,UM.HX0AA.S01 ,"27"" ",2560 x 1440 ,165 Hz ,,IPS ,16:9 ,Black ,400 cd/m² ,0.233 mm ,Yes ,No , FreeSync | G-Sync Compatible | ,Yes ,,178° H x 178° V , 1 x DisplayPort | 2 x HDMI | 
iiyama G-Master GB3466WQSU-B1,iiyama ,GB3466WQSU-B1 ,"34"" ",3440 x 1440 ,144 Hz ,,VA ,21:9 ,Black ,400 cd/m² ,0.232 mm ,Yes ,Yes ,FreeSync Premium Pro ,Yes ,,178° H x 178° V , 2 x DisplayPort | 2 x HDMI | 
Acer KG241Q Sbiip,Acer ,UM.UX1AA.S02 ,"23.6"" ",1920 x 1080 ,165 Hz ,1 ms ,TN ,16:9 ,Black ,300 cd/m² ,0.272 mm ,Yes ,No ,FreeSync ,No ,,170° H x 160° V ,1 x DisplayPort 
Asus ROG Strix XG27AQM,Asus , XG27AQM | 90LM06U5-B01370 | 90LM06U5-B013B0 | ,"27"" ",2560 x 1440 ,270 Hz ,0.5 ms ,IPS ,16:9 ,Black ,400 cd/m² ,0.233 mm ,Yes ,No , FreeSync | G-Sync Compatible | ,No ,,178° H x 178° V , 2 x DisplayPort | 2 x HDMI | 
Acer XV252Q Zbmiiprx,Acer , XV252Q Zbmiiprx | UM.KX2AA.Z01 | ,"24.5"" ",1920 x 1080 ,280 Hz ,,IPS ,16:9 ,Black ,400 cd/m² ,0.282 mm ,Yes ,No ,FreeSync Premium ,Yes ,,178° H x 178° V , 1 x DisplayPort | 1 x HDMI | 
Samsung M7,Samsung , LS32AM702UNXZA | S32AM702UN | ,"32"" ",3840 x 2160 ,60 Hz ,8 ms ,VA ,16:9 ,Black ,250 cd/m² ,0.184 mm ,Yes ,No ,None ,Yes ,,178° H x 178° V , 1 x HDMI 2.0 | 1 x USB Type-C | 
Gigabyte AORUS FI32Q-X,Gigabyte , FI32Q-X | FI32Q-X-SA | ,"32"" ",2560 x 1440 ,270 Hz ,1 ms ,IPS ,16:9 ,Black ,400 cd/m² ,0.277 mm ,Yes ,No ,FreeSync Premium Pro ,No ,100 x 100 ,178° H x 178° V , 1 x DisplayPort 1.4 | 2 x HDMI 2.1 | 
Samsung Odyssey G9,Samsung ,LC49G94TSSPXEN ,"49"" ",5120 x 1440 ,240 Hz ,1 ms ,VA ,32:9 ,Black ,,0.234 mm ,Yes ,Yes , FreeSync Premium Pro | G-Sync Compatible | ,No ,,178° H x 178° V , 2 x DisplayPort 1.4 | 1 x HDMI 1.4 | 
AOC 24G2SPE,AOC ,24G2SPE ,"23.8"" ",1920 x 1080 ,165 Hz ,,IPS ,16:9 ,,300 cd/m² ,0.274 mm ,Yes ,No ,FreeSync ,No ,100 x 100 ,178° H x 178° V , 1 x DisplayPort 1.2 | 2 x HDMI 1.4 | 
Dell P2222H,Dell , P2222H | FHFF5 | ,"21.5"" ",1920 x 1080 ,60 Hz ,5 ms ,IPS ,16:9 ,Silver / Black ,250 cd/m² ,0.248 mm ,Yes ,No ,None ,No ,100 x 100 ,178° H x 178° V , 1 x DisplayPort | 1 x HDMI | 1 x VGA | 
Gigabyte GS34WQC,Gigabyte ,GS34WQC ,"34"" ",3440 x 1440 ,135 Hz ,,VA ,21:9 ,Black ,300 cd/m² ,0.232 mm ,Yes ,Yes ,FreeSync Premium ,No ,100 x 100 ,178° H x 178° V , 1 x DisplayPort 1.4 | 2 x HDMI 2.0 | 
MSI Optix G2412,MSI ,Optix G2412 ,"23.8"" ",1920 x 1080 ,170 Hz ,,IPS ,16:9 ,Black ,250 cd/m² ,0.274 mm ,Yes ,No ,FreeSync ,No ,100 x 100 ,178° H x 178° V , 1 x DisplayPort 1.2a | 2 x HDMI 1.4 | 
HP HyperX Armada,HP , 64V61AA#ABA | 64V61AA#ABB | 64V61AA#ABU | 64V61AA#ABY | 64V61AA#UUZ | 64V62AA#UUF | 64V62AA#ABG | ,"24.5"" ",1920 x 1080 ,240 Hz ,1 ms ,IPS ,16:9 ,Black ,400 cd/m² ,0.282 mm ,Yes ,No ,G-Sync ,No ,100 x 100 ,178° H x 178° V , 1 x DisplayPort 1.4 | 2 x HDMI 2.0 | 
LG UltraFine,LG ,27UQ850-W ,"27"" ",3840 x 2160 ,60 Hz ,5 ms ,IPS ,16:9 ,Silver / Black ,400 cd/m² ,0.156 mm ,Yes ,No ,FreeSync ,Yes ,100 x 100 ,178° H x 178° V , 1 x DisplayPort | 2 x HDMI | 1 x USB Type-C | 
AOC CQ32G3SE,AOC ,CQ32G3SE ,"31.5"" ",2560 x 1440 ,165 Hz ,4 ms ,VA ,16:9 ,Black / Red ,250 cd/m² ,0.272 mm ,Yes ,Yes ,FreeSync Premium ,No ,100 x 100 ,178° H x 178° V , 1 x DisplayPort 1.4 | 2 x HDMI 2.0 | 
Acer Predator X34 X5bmiiphuzx,Acer , UM.CXXAA.501 | X34 X5bmiiphuzx | UM.CXXEE.501 | ,"34"" ",3440 x 1440 ,240 Hz ,0.03 ms ,QD-OLED ,21:9 ,Black ,,0.232 mm ,Yes ,Yes ,FreeSync Premium ,Yes ,100 x 100 ,178° H x 178° V , 1 x DisplayPort | 2 x HDMI 2.1 | 
LG 34WQ500-B,LG , 34WQ500-B | 34WQ500-B.AEU | ,"34"" ",2560 x 1080 ,100 Hz ,5 ms ,IPS ,21:9 ,Black ,400 cd/m² ,0.311 mm ,Yes ,No ,FreeSync ,No ,100 x 100 ,178° H x 178° V , 1 x DisplayPort | 1 x HDMI | 1 x USB Type-C | 
Asus ProArt Display PA34VCNV,Asus , PA34VCNV | 90LM04A0-B023B0 | 90LM04A0-B02370 | ,"34.1"" ",3440 x 1440 ,60 Hz ,5 ms ,IPS ,21:9 ,Silver ,300 cd/m² ,0.232 mm ,Yes ,Yes ,FreeSync ,Yes ,100 x 100 ,178° H x 178° V , 2 x DisplayPort 1.4 | 2 x HDMI 2.0 | 1 x USB Type-C 3.2 Gen 1 | 
Dell S2722DC,Dell , S2722DC | NH4M3 | ,"27"" ",2560 x 1440 ,75 Hz ,4 ms ,IPS ,16:9 ,Silver / Black ,350 cd/m² ,0.233 mm ,Yes ,No ,FreeSync ,Yes ,100 x 100 ,178° H x 178° V , 2 x HDMI 1.4 | 1 x USB Type-C | 
LG 49WQ95C-W,LG , 49WQ95C-W | 49WQ95C-W.AEU | ,"49"" ",5120 x 1440 ,144 Hz ,5 ms ,Nano IPS ,32:9 ,Silver / White ,400 cd/m² ,0.234 mm ,Yes ,Yes , FreeSync Premium Pro | G-Sync Compatible | ,Yes ,100 x 100 ,178° H x 178° V , 1 x DisplayPort | 1 x HDMI | 1 x USB Type-C | 
ViewSonic VX2718-PC-MHD,ViewSonic ,VX2718-PC-MHD ,"27"" ",1920 x 1080 ,165 Hz ,5 ms ,VA ,16:9 ,,250 cd/m² ,0.311 mm ,Yes ,Yes ,FreeSync ,Yes ,75 x 75 ,178° H x 178° V , 1 x DisplayPort | 2 x HDMI 1.4 | 
Titan Army P27GR,Titan Army ,P27GR ,"27"" ",2560 x 1440 ,180 Hz ,1 ms ,IPS ,16:9 ,Black ,300 cd/m² ,0.233 mm ,Yes ,No ,FreeSync ,No ,100 x 100 ,178° H x 178° V , 2 x DisplayPort 1.4 | 2 x HDMI 2.0 | 
Acer Predator Z35P,Acer , UM.CZ1AA.P01 | Z35P bmiphz | ,"35"" ",3440 x 1440 ,100 Hz ,4 ms ,VA ,21:9 ,,300 cd/m² ,0.238 mm ,Yes ,Yes ,G-Sync ,Yes ,,178° H x 178° V , 1 x DisplayPort | 1 x HDMI | 
Asus ROG Strix XG27AQ,Asus , XG27AQ | 90LM06U0-B013B0 | 90LM06U0-B01370 | ,"27"" ",2560 x 1440 ,170 Hz ,1 ms ,IPS ,16:9 ,Black ,400 cd/m² ,0.233 mm ,Yes ,No , FreeSync | G-Sync Compatible | ,Yes ,,178° H x 178° V , 1 x DisplayPort | 2 x HDMI | 
Asus ROG Strix XG32VC,Asus , XG32VC | ROG Strix XG32VC | ,"31.5"" ",2560 x 1440 ,170 Hz ,,VA ,16:9 ,Black ,400 cd/m² ,0.272 mm ,Yes ,Yes ,FreeSync Premium Pro ,No ,,178° H x 178° V , 1 x HDMI 1.2 | 1 x HDMI 2.0 | 
BenQ EX270M,BenQ ,EX270M ,"27"" ",1920 x 1080 ,240 Hz ,,IPS ,16:9 ,,400 cd/m² ,0.311 mm ,Yes ,No ,FreeSync Premium ,Yes ,100 x 100 ,178° H x 178° V , 1 x DisplayPort 1.4 | 2 x HDMI 2.0 | 
MSI Optix G32CQ4,MSI , Optix G32CQ4 | G32CQ4 | 9S6-3DB51T-016 | 9S6-3DB51T-001 | ,"31.5"" ",2560 x 1440 ,165 Hz ,4 ms ,VA ,16:9 ,Black ,250 cd/m² ,0.272 mm ,Yes ,Yes ,FreeSync ,No ,,178° H x 178° V , 1 x DisplayPort | 2 x HDMI | 
BenQ ZOWIE XL2746K,BenQ , XL2746K | 9H.LKJLB.QBE | ,"27"" ",1920 x 1080 ,240 Hz ,,TN ,16:9 ,Black / Red ,320 cd/m² ,0.311 mm ,Yes ,No ,None ,No ,,170° H x 160° V , 1 x DisplayPort | 3 x HDMI | 
Gigabyte GS27QC,Gigabyte ,GS27QC ,"27"" ",2560 x 1440 ,170 Hz ,,VA ,16:9 ,Black ,250 cd/m² ,0.233 mm ,Yes ,Yes ,FreeSync Premium ,No ,100 x 100 ,178° H x 178° V , 1 x DisplayPort 1.4 | 2 x HDMI 2.0 | 
Asus VX248H,Asus , VX248H | 90LM00M0-B01370 | ,"24"" ",1920 x 1080 ,60 Hz ,1 ms ,TN ,16:9 ,,250 cd/m² ,0.277 mm ,Yes ,No ,None ,No ,,170° H x 160° V , 1 x DVI | 2 x HDMI | 1 x VGA | 
Asus VS247HR,Asus , VS247HR | 90LME2301T02231C- | 90LME2501T02231C | ,"23.6"" ",1920 x 1080 ,60 Hz ,2 ms ,TN ,16:9 ,,250 cd/m² ,0.272 mm ,Yes ,No ,None ,No ,,170° H x 160° V , 1 x DVI | 1 x HDMI | 1 x VGA | 
LG 24MK600M-B,LG , 24MK600M-B | 24MK600M | ,"24"" ",1920 x 1080 ,75 Hz ,5 ms ,IPS ,16:9 ,Black ,250 cd/m² ,0.277 mm ,Yes ,No ,FreeSync ,No ,,178° H x 178° V , 2 x HDMI | 1 x VGA | 
Acer QG241Y bii,Acer , UM.QQ1AA.001 | QG241Y bii | ,"23.8"" ",1920 x 1080 ,75 Hz ,,VA ,16:9 ,Black ,250 cd/m² ,0.274 mm ,Yes ,No ,FreeSync ,No ,,178° H x 178° V , 2 x HDMI | 1 x VGA | 
Dell UltraSharp U2520D,Dell , U2520D | DELL-U2520D | 210-AVBF | ,"25"" ",2560 x 1440 ,60 Hz ,5 ms ,IPS ,16:9 ,Black ,350 cd/m² ,0.216 mm ,Yes ,No ,None ,No ,,178° H x 178° V , 1 x DisplayPort | 1 x HDMI | 
LG 27QN600-B,LG , 27QN600-B | 27QN600 | 27QN600-B.AEU | ,"27"" ",2560 x 1440 ,75 Hz ,5 ms ,IPS ,16:9 ,Black ,350 cd/m² ,0.233 mm ,Yes ,No ,FreeSync ,No ,,178° H x 178° V , 1 x DisplayPort | 2 x HDMI | 
LG 27UP850-W,LG , 27UP850-W | 27UP850-W.AEU | ,"27"" ",3840 x 2160 ,60 Hz ,5 ms ,IPS ,16:9 ,Silver / White ,400 cd/m² ,0.156 mm ,Yes ,No ,FreeSync ,Yes ,,178° H x 178° V , 1 x DisplayPort | 2 x HDMI | 
ViewSonic VA2447-MHU,ViewSonic ,VA2447-MHU ,"24"" ",1920 x 1080 ,75 Hz ,5 ms ,VA ,16:9 ,,250 cd/m² ,0.277 mm ,Yes ,No ,None ,Yes ,,178° H x 178° V , 1 x HDMI 1.4 | 1 x VGA | 1 x USB Type-C | 
Samsung Odyssey G5,Samsung ,LC34G55TWWRXEN ,"34"" ",3440 x 1440 ,165 Hz ,,VA ,21:9 ,Black ,250 cd/m² ,0.232 mm ,Yes ,Yes ,FreeSync Premium ,No ,,178° H x 178° V , 1 x DisplayPort 1.4 | 1 x HDMI 2.0 | 
Dell S2721NX,Dell ,S2721NX ,"27"" ",1920 x 1080 ,75 Hz ,4 ms ,IPS ,16:9 ,,300 cd/m² ,0.311 mm ,Yes ,No ,FreeSync ,No ,100 x 100 ,178° H x 178° V ,2 x HDMI 1.4 
Philips 27E1N1300AE/00,Philips ,27E1N1300AE/00 ,"27"" ",1920 x 1080 ,100 Hz ,,IPS ,16:9 ,Black ,250 cd/m² ,0.311 mm ,Yes ,No ,FreeSync ,Yes ,100 x 100 ,178° H x 178° V , 1 x HDMI 1.4 | 1 x USB Type-C | 
Samsung S19B150N,Samsung ,S19B150N ,"18.5"" ",1366 x 768 ,60 Hz ,5 ms ,TN ,16:9 ,,200 cd/m² ,0.3 mm ,Yes ,No ,None ,No ,,90° H x 65° V ,1 x VGA 
Samsung S22D300HY,Samsung , S22D300HY | LS22D300HY/XU | ,"21.5"" ",1920 x 1080 ,60 Hz ,5 ms ,TN ,16:9 ,,200 cd/m² ,0.248 mm ,Yes ,No ,None ,No ,,90° H x 65° V , 1 x HDMI | 1 x VGA | 
Asus VN248Q-P,Asus , VN248Q-P | 90LM00D0-B031B0 | ,"23.8"" ",1920 x 1080 ,60 Hz ,5 ms ,IPS ,16:9 ,,250 cd/m² ,0.274 mm ,Yes ,No ,None ,Yes ,,178° H x 178° V , 1 x DisplayPort | 1 x HDMI | 1 x VGA | 
Acer XF270HU,Acer , XF270HU | UM.HX0EE.001 | UM.HX0AA.A02 | ,"27"" ",2560 x 1440 ,144 Hz ,4 ms ,IPS ,16:9 ,,350 cd/m² ,0.233 mm ,Yes ,No ,FreeSync ,Yes ,,178° H x 178° V , 1 x DisplayPort | 1 x DVI-D Dual Link | 1 x HDMI | 
Asus VP247H-P,Asus ,VP247H-P ,"23.6"" ",1920 x 1080 ,60 Hz ,1 ms ,TN ,16:9 ,,250 cd/m² ,0.272 mm ,Yes ,No ,None ,Yes ,,170° H x 160° V , 1 x DVI | 1 x HDMI | 1 x VGA | 
BenQ XL2540,BenQ , XL2540 | 9H.LFNLB.QBE | ,"24.5"" ",1920 x 1080 ,240 Hz ,1 ms ,TN ,16:9 ,,400 cd/m² ,0.282 mm ,Yes ,No , FreeSync | G-Sync Compatible | ,No ,,, 2 x DisplayPort | 1 x DVI-D Dual Link | 2 x HDMI | 
AOC E2270SWHN,AOC ,E2270SWHN ,"21.5"" ",1920 x 1080 ,60 Hz ,5 ms ,TN ,16:9 ,,200 cd/m² ,0.248 mm ,Yes ,No ,None ,No ,,, 1 x HDMI | 1 x VGA | 
Asus ROG STRIX XG27VQ,Asus , STRIX XG27VQ | ROG STRIX XG27VQ | ,"27"" ",1920 x 1080 ,144 Hz ,4 ms ,VA ,16:9 ,,300 cd/m² ,0.311 mm ,Yes ,Yes ,FreeSync ,No ,,178° H x 178° V , 1 x DisplayPort | 1 x DVI-D Dual Link | 1 x HDMI | 
Acer Predator X34,Acer , X34 Pbmiphzx | UM.CX0AA.P01 | X34 Pbmiphzx (UM.CX0AA.P01) | ,"34"" ",3440 x 1440 ,120 Hz ,4 ms ,IPS ,21:9 ,Black ,300 cd/m² ,0.232 mm ,Yes ,Yes ,G-Sync ,Yes ,,178° H x 178° V , 1 x DisplayPort | 1 x HDMI | 
ViewSonic VP2768-4K,ViewSonic ,VP2768-4K ,"27"" ",3840 x 2160 ,,7 ms ,IPS ,16:9 ,Black ,350 cd/m² ,0.156 mm ,Yes ,No ,None ,No ,,178° H x 178° V , 1 x DisplayPort | 1 x Mini-DisplayPort | 2 x HDMI | 
AOC G2590FX,AOC ,G2590FX ,"24.5"" ",1920 x 1080 ,144 Hz ,1 ms ,TN ,16:9 ,Black ,400 cd/m² ,0.282 mm ,Yes ,No , FreeSync | G-Sync Compatible | ,No ,,170° H x 160° V , 1 x DisplayPort | 1 x HDMI | 1 x VGA | 
AOC C32G1,AOC ,C32G1 ,"31.5"" ",1920 x 1080 ,144 Hz ,1 ms ,VA ,16:9 ,Black ,250 cd/m² ,0.363 mm ,Yes ,Yes ,FreeSync ,No ,,178° H x 178° V , 1 x DisplayPort | 2 x HDMI | 1 x VGA | 
Samsung C27JG50,Samsung ,C27JG50 ,"27"" ",2560 x 1440 ,144 Hz ,4 ms ,VA ,16:9 ,Black ,300 cd/m² ,0.233 mm ,Yes ,Yes ,None ,No ,,178° H x 178° V , 1 x DisplayPort | 2 x HDMI | 
Gigabyte AORUS CV27Q,Gigabyte ,AORUS CV27Q-SA ,"27"" ",2560 x 1440 ,165 Hz ,,VA ,16:9 ,Black ,400 cd/m² ,0.233 mm ,Yes ,Yes , FreeSync | FreeSync Premium Pro | ,No ,,178° H x 178° V , 1 x DisplayPort | 2 x HDMI | 
BenQ EX2780Q,BenQ , EX2780Q | 9H.LJ8LA.TBE | ,"27"" ",2560 x 1440 ,144 Hz ,5 ms ,IPS ,16:9 ,Black / Brown ,350 cd/m² ,0.233 mm ,Yes ,No ,FreeSync ,Yes ,100 x 100 ,178° H x 178° V , 1 x DisplayPort | 2 x HDMI | 1 x VirtualLink | 
Philips 243V7QJAB,Philips ,243V7QJAB ,"23.8"" ",1920 x 1080 ,60 Hz ,4 ms ,IPS ,16:9 ,Black ,250 cd/m² ,0.274 mm ,Yes ,No ,None ,Yes ,,178° H x 178° V , 1 x DisplayPort | 1 x HDMI | 1 x VGA | 
Asus ROG Swift PG43UQ,Asus , PG43UQ | 90LM05J0-B01170 | ,"43"" ",3840 x 2160 ,144 Hz ,,VA ,16:9 ,Black ,1000 cd/m² ,0.248 mm ,Yes ,No , FreeSync | G-Sync Compatible | ,Yes ,,178° H x 178° V , 2 x DisplayPort | 2 x HDMI | 
MSI Optix MAG272C,MSI , Optix MAG272C | 9S6-3CA51T-001 | 9S6-3CA51T-012 | ,"27"" ",1920 x 1080 ,165 Hz ,1 ms ,VA ,16:9 ,Black ,300 cd/m² ,0.311 mm ,Yes ,Yes ,FreeSync ,No ,,178° H x 178° V , 1 x DisplayPort | 2 x HDMI | 
Asus BE24EQK,Asus , BE24EQK | 90LM05M1-B01370 | 90LM05M1-B08370 | ,"23.8"" ",1920 x 1080 ,60 Hz ,5 ms ,IPS ,16:9 ,Black ,300 cd/m² ,0.274 mm ,Yes ,No ,None ,Yes ,,178° H x 178° V , 1 x DisplayPort | 1 x HDMI | 1 x VGA | 
Philips 275E1S/00,Philips ,275E1S/00 ,"27"" ",2560 x 1440 ,75 Hz ,4 ms ,IPS ,16:9 ,Black ,250 cd/m² ,0.233 mm ,Yes ,No ,FreeSync ,No ,,178° H x 178° V , 1 x DisplayPort | 1 x HDMI | 1 x VGA | 
Acer XF243Y Pbmiiprx,Acer ,UM.QX3AA.P01 ,"23.8"" ",1920 x 1080 ,165 Hz ,2 ms ,IPS ,16:9 ,Black ,250 cd/m² ,0.274 mm ,Yes ,No ,FreeSync Premium ,Yes ,,178° H x 178° V , 1 x DisplayPort | 2 x HDMI | 
Acer Predator X34,Acer , UM.CX0EE.S01 | GS bmiipphuzx | UM.CX0EE.S02 | UM.CX0EE.S06 | UM.CX0EE.S03 | ,"34"" ",3440 x 1440 ,180 Hz ,,IPS ,21:9 ,Black ,550 cd/m² ,0.232 mm ,Yes ,Yes , FreeSync | G-Sync Compatible | ,Yes ,,178° H x 178° V , 2 x DisplayPort | 1 x HDMI 2.0 | 
Gigabyte M32Q,Gigabyte , M32Q | M32Q-SA | M32Q-EK | 20VM0-M32QBT-1EKR | ,"31.5"" ",2560 x 1440 ,170 Hz ,1 ms ,IPS ,16:9 ,Black ,350 cd/m² ,0.272 mm ,Yes ,No ,FreeSync Premium ,Yes ,,178° H x 178° V , 1 x DisplayPort | 2 x HDMI | 
Asus VG259QR,Asus , VG259QR | 90LM0530-B03370 | ,"24.5"" ",1920 x 1080 ,165 Hz ,,IPS ,16:9 ,Black ,300 cd/m² ,0.282 mm ,Yes ,No ,FreeSync ,Yes ,,178° H x 178° V , 1 x DisplayPort 1.2 | 2 x HDMI 1.4 | 
Acer XZ342CU PBMIIPHX,Acer , UM.CX2AA.P05 | XZ342CU PBMIIPHX | ,"34"" ",3440 x 1440 ,144 Hz ,,VA ,21:9 ,Black ,400 cd/m² ,0.232 mm ,Yes ,Yes ,FreeSync ,No ,100 x 100 ,178° H x 178° V , 1 x DisplayPort 1.4 | 1 x HDMI 2.0 | 
Acer XV272U KVbmiiprzx,Acer , UM.HX2AA.V04 | XV272U KVbmiiprzx | ,"27"" ",2560 x 1440 ,144 Hz ,,IPS ,16:9 ,Black ,400 cd/m² ,0.233 mm ,Yes ,No ,FreeSync Premium ,Yes ,100 x 100 ,178° H x 178° V , 1 x DisplayPort | 1 x HDMI | 
Corsair XENEON 32QHD240,Corsair , CM-9020002-NA | CM-9020002-JP | CM-9020002-AU | XENEON 32QHD240 | CM-9020002-PE | 32QHD240 | ,"32"" ",2560 x 1440 ,240 Hz ,5 ms ,IPS ,16:9 ,Black ,400 cd/m² ,0.277 mm ,Yes ,No , FreeSync Premium | G-Sync Compatible | ,No ,100 x 100 ,178° H x 178° V , 1 x DisplayPort 1.4 | 2 x HDMI 2.0 | 
MSI Pro MP243W,MSI ,Pro MP243W ,"23.8"" ",1920 x 1080 ,75 Hz ,5 ms ,IPS ,16:9 ,,250 cd/m² ,0.274 mm ,Yes ,No ,None ,Yes ,75 x 75 ,178° H x 178° V , 1 x DisplayPort 1.2a | 1 x HDMI 1.4 | 
Dell S3221QS,Dell , S3221QS | 210-AXKM | 3N5H1 | ,"32"" ",3840 x 2160 ,60 Hz ,4 ms ,VA ,16:9 ,Silver ,300 cd/m² ,0.184 mm ,Yes ,Yes ,FreeSync ,Yes ,,178° H x 178° V , 1 x DisplayPort 1.2 | 2 x HDMI | 
AOC 27G15,AOC ,27G15 ,"27"" ",1920 x 1080 ,180 Hz ,,VA ,16:9 ,Black ,300 cd/m² ,0.311 mm ,Yes ,No ,FreeSync ,No ,,178° H x 178° V , 1 x DisplayPort 1.4 | 1 x HDMI 2.0 | 
Lenovo G27q-30,Lenovo , 66E8GCC2US | G27q-30 | ,"27"" ",2560 x 1440 ,165 Hz ,,VA ,16:9 ,Black ,350 cd/m² ,0.233 mm ,Yes ,No ,FreeSync Premium ,Yes ,100 x 100 ,178° H x 178° V , 1 x DisplayPort 1.4 | 2 x HDMI 2.0 | 
Acer ED270R S3,Acer ,UM.HE0AA.301 ,"27"" ",1920 x 1080 ,180 Hz ,,VA ,16:9 ,Black ,,0.311 mm ,Yes ,Yes ,FreeSync ,No ,75 x 75 ,, 1 x DisplayPort | 2 x HDMI | 
MSI G27CQ4 E2,MSI , G27CQ4 E2 | 9S6-3CB01T-027 | ,"27"" ",2560 x 1440 ,170 Hz ,,VA ,16:9 ,Black ,250 cd/m² ,0.233 mm ,Yes ,Yes ,FreeSync ,No ,100 x 100 ,178° H x 178° V , 1 x DisplayPort 1.2a | 2 x HDMI 2.0b | 
MSI PRO MP2412C,MSI ,PRO MP2412C ,"23.6"" ",1920 x 1080 ,100 Hz ,4 ms ,VA ,16:9 ,Black ,250 cd/m² ,0.272 mm ,Yes ,Yes ,FreeSync ,Yes ,100 x 100 ,178° H x 178° V , 1 x DisplayPort 1.2a | 1 x HDMI 1.4 | 
INNOCN 27A1S,INNOCN ,27A1S ,"27"" ",2560 x 1440 ,250 Hz ,0.03 ms ,OLED ,16:9 ,Black ,,0.233 mm ,Yes ,No , FreeSync | G-Sync Compatible | ,Yes ,100 x 100 ,178° H x 178° V , 2 x DisplayPort | 1 x HDMI | 
Asus Eye Care VA27AQSB,Asus , VA27AQSB | 90LM06G0-B01170 | ,"27"" ",2560 x 1440 ,75 Hz ,,IPS ,16:9 ,Black ,350 cd/m² ,0.233 mm ,Yes ,No ,FreeSync ,Yes ,100 x 100 ,178° H x 178° V , 1 x DisplayPort 1.2 | 1 x HDMI 1.4 | 
Acer UM.HXXEE.305,Acer ,UM.HXXEE.305 ,"27"" ",3840 x 2160 ,160 Hz ,1 ms ,IPS Mini LED ,16:9 ,Black ,1000 cd/m² ,0.156 mm ,Yes ,No ,FreeSync Premium ,No ,75 x 75 ,178° H x 178° V , 1 x DisplayPort 1.4 | 1 x HDMI 2.1 | 1 x USB Type-C | 
Asus ROG Swift PG32UQ,Asus , PG32UQ | 90LM0770-B01170 | ,"32"" ",3840 x 2160 ,144 Hz ,,IPS ,16:9 ,Black ,600 cd/m² ,0.184 mm ,Yes ,No , FreeSync Premium Pro | G-Sync Compatible | ,Yes ,,178° H x 178° V , 1 x DisplayPort | 2 x HDMI | 
Dell P3421W,Dell , 210-BCEG | 299PJ | P3421W | DELL-P3421W | ,"34"" ",3440 x 1440 ,60 Hz ,5 ms ,IPS ,21:9 ,,300 cd/m² ,0.232 mm ,Yes ,Yes ,None ,No ,,178° H x 178° V , 1 x DisplayPort 1.2 | 1 x HDMI | 1 x USB Type-C | 
LG 32GK650G-B,LG ,32GK650G-B ,"32"" ",2560 x 1440 ,165 Hz ,5 ms ,VA ,16:9 ,Black / Red ,350 cd/m² ,0.277 mm ,Yes ,No ,G-Sync ,No ,,178° H x 178° V , 1 x DisplayPort | 1 x HDMI | 
Samsung Odyssey Neo G70NC,Samsung ,LS43CG700NUXEN ,"43"" ",3840 x 2160 ,144 Hz ,,VA Mini LED ,16:9 ,Black ,400 cd/m² ,0.248 mm ,Yes ,No ,FreeSync Premium Pro ,Yes ,200 x 100 ,178° H x 178° V , 1 x DisplayPort 1.4 | 2 x HDMI 2.1 | 
Asus TUF Gaming VG32VQR,Asus , 90LM04I0-B021B0 | VG32VQR | TUF-GAMING-VG32VQR | 90LM04I0-B03170 | ,"31.5"" ",2560 x 1440 ,165 Hz ,,VA ,16:9 ,,400 cd/m² ,0.272 mm ,Yes ,Yes ,FreeSync Premium ,Yes ,100 x 100 ,178° H x 178° V , 1 x DisplayPort 1.2 | 2 x HDMI 2.0 | 
MSI Optix MPG321QRF-QD,MSI , Optix MPG321QRF-QD | 9S6-3DB88T-001 | Optix MPG321QRF | 9S6-3DB88T-010 | ,"32"" ",2560 x 1440 ,175 Hz ,1 ms ,IPS ,16:9 ,Black ,600 cd/m² ,0.277 mm ,Yes ,No , FreeSync | G-Sync Compatible | ,No ,,178° H x 178° V , 1 x DisplayPort 1.4a | 2 x HDMI 2.0b | 
Asus ROG Strix XG43UQ,Asus , 90LM0590-B011B0 | XG43UQ | ROG-STRIX-XG43UQ | 90LM0590-B02170 | ,"43"" ",3840 x 2160 ,144 Hz ,,VA ,16:9 ,,750 cd/m² ,0.248 mm ,Yes ,No ,FreeSync Premium Pro ,Yes ,100 x 100 ,178° H x 178° V , 1 x DisplayPort 1.4 | 2 x HDMI 2.1 | 2 x HDMI 2.0 | 
Asus VA27DCP,Asus , 90LM06H5-B023B0 | VA27DCP | 90LM06H5-B01370 | ,"27"" ",1920 x 1080 ,75 Hz ,5 ms ,IPS ,16:9 ,,250 cd/m² ,0.311 mm ,Yes ,No ,FreeSync ,Yes ,100 x 100 ,178° H x 178° V , 1 x HDMI 1.4 | 1 x USB Type-C | 
iiyama XUB2292HSU-B6,iiyama ,XUB2292HSU-B6 ,"21.5"" ",1920 x 1080 ,100 Hz ,,IPS ,16:9 ,Black ,250 cd/m² ,0.248 mm ,Yes ,No ,FreeSync ,Yes ,100 x 100 ,178° H x 178° V , 1 x DisplayPort | 1 x HDMI | 
Asus ROG Swift PG329Q,Asus , PG329Q | 90LM06L0-B01170 | ,"32"" ",2560 x 1440 ,,1 ms ,IPS ,16:9 ,Black ,600 cd/m² ,0.277 mm ,Yes ,No , FreeSync | G-Sync Compatible | ,No ,,178° H x 178° V , 1 x DisplayPort | 2 x HDMI | 
Asus ProArt Display PA248CRV,Asus , 90LM05K0-B01KB0 | ProArt Display PA248CRV | 90lm05k0-b01k70 | PA248CRV | ,"24.1"" ",1920 x 1200 ,75 Hz ,5 ms ,IPS ,16:10 ,Silver ,350 cd/m² ,0.27 mm ,Yes ,No ,FreeSync ,Yes ,100 x 100 ,178° H x 178° V , 2 x DisplayPort 1.4 | 2 x HDMI 1.4 | 1 x USB Type-C | 
LG 32BN50U-B,LG ,32BN50U-B ,"31.5"" ",3840 x 2160 ,60 Hz ,4 ms ,VA ,16:9 ,Black ,350 cd/m² ,0.182 mm ,Yes ,No ,FreeSync ,Yes ,100 x 100 ,178° H x 178° V , 1 x DisplayPort 1.4 | 2 x HDMI 2.0 | 
MSI PRO MP275PG,MSI ,PRO MP275PG ,"27"" ",1920 x 1080 ,100 Hz ,4 ms ,IPS ,16:9 ,Black ,300 cd/m² ,0.311 mm ,Yes ,No ,FreeSync ,Yes ,100 x 100 ,178° H x 178° V , 1 x DisplayPort 1.2a | 1 x HDMI 1.4 | 1 x VGA | 
AOC AGON Pro AG456UCZD,AOC ,AG456UCZD ,"44.5"" ",3440 x 1440 ,240 Hz ,0.03 ms ,OLED ,21:9 ,Silver / Black ,1000 cd/m² ,0.303 mm ,Yes ,Yes , FreeSync Premium | G-Sync Compatible | ,Yes ,100 x 100 ,178° H x 178° V , 1 x DisplayPort 1.4 | 2 x HDMI 2.0 | 1 x USB Type-C 3.2 Gen 1 | 
Pixio PX278 Wave,Pixio ,PX278WAVEBE ,"27"" ",2560 x 1440 ,180 Hz ,1 ms ,IPS ,16:9 ,Beige ,350 cd/m² ,0.233 mm ,Yes ,No ,FreeSync ,Yes ,100 x 100 ,178° H x 178° V , 1 x DisplayPort 1.4 | 2 x HDMI 2.0 | 
Philips 241B8QJEB,Philips ,241B8QJEB ,"23.8"" ",1920 x 1080 ,60 Hz ,5 ms ,IPS ,16:9 ,Black ,250 cd/m² ,0.274 mm ,Yes ,No ,FreeSync ,Yes ,,178° H x 178° V , 1 x DisplayPort | 1 x DVI-D Dual Link | 1 x HDMI | 1 x VGA | 
Dell UltraSharp U2722DE,Dell , U2722DE | 1V70H | 210-AYZG | U2722desap | DELL-U2722DE | 210-AYUJ | ,"27"" ",2560 x 1440 ,60 Hz ,,IPS ,16:9 ,Silver ,350 cd/m² ,0.233 mm ,Yes ,No ,None ,No ,100 x 100 ,178° H x 178° V , 1 x DisplayPort | 1 x HDMI | 1 x USB Type-C | 
Gigabyte GS32QC SA,Gigabyte , GS32QC SA | GS32QC | ,"31.5"" ",2560 x 1440 ,170 Hz ,,,16:9 ,Black ,300 cd/m² ,0.272 mm ,Yes ,Yes ,FreeSync Premium ,No ,100 x 100 ,178° H x 178° V , 1 x DisplayPort 1.4 | 2 x HDMI 2.0 | 
LG UltraGear,LG ,24GL65B-B ,"24"" ",1920 x 1080 ,144 Hz ,1 ms ,TN ,16:9 ,Black ,300 cd/m² ,0.277 mm ,Yes ,No ,FreeSync ,No ,,170° H x 160° V , 1 x DisplayPort | 2 x HDMI | 
Sceptre E248W-FPT,Sceptre ,E248W-FPT ,"23.8"" ",1920 x 1080 ,75 Hz ,5 ms ,IPS ,16:9 ,Black ,320 cd/m² ,0.274 mm ,Yes ,No ,None ,Yes ,,178° H x 178° V , 2 x HDMI | 1 x VGA | 
Gigabyte AORUS FI32U,Gigabyte , FI32U | FI32U-EK | AORUS FI32U | 20VM0-AFI32UBA-1EKR | ,"31.5"" ",3840 x 2160 ,144 Hz ,1 ms ,IPS ,16:9 ,Black ,350 cd/m² ,0.182 mm ,Yes ,No ,FreeSync Premium Pro ,No ,,178° H x 178° V , 1 x DisplayPort | 2 x HDMI | 
Gigabyte M32QC-SA,Gigabyte , M32QC-SA | M32QC | M32QC-EK | ,"31.5"" ",2560 x 1440 ,170 Hz ,,VA ,16:9 ,Black ,350 cd/m² ,0.272 mm ,Yes ,Yes ,FreeSync Premium Pro ,No ,,178° H x 178° V , 1 x DisplayPort | 2 x HDMI | 
BenQ PhotoVue SW272U,BenQ ,SW272U ,"27"" ",3840 x 2160 ,60 Hz ,5 ms ,IPS ,16:9 ,Black ,400 cd/m² ,0.156 mm ,Yes ,No ,None ,No ,100 x 100 ,178° H x 178° V , 1 x DisplayPort 1.4 | 2 x HDMI 2.0 | 
Samsung B2030,Samsung ,B2030 ,"20"" ",1600 x 900 ,,5 ms ,,16:9 ,,250 cd/m² ,0.277 mm ,Yes ,No ,None ,No ,75 x 75 ,170° H x 160° V , 1 x DVI | 1 x VGA | 
Dell P2214H,Dell ,P2214H ,"21.5"" ",1920 x 1080 ,60 Hz ,8 ms ,IPS ,16:9 ,,250 cd/m² ,0.248 mm ,Yes ,No ,None ,No ,100 x 100 ,178° H x 178° V , 1 x DisplayPort | 1 x DVI | 1 x VGA | 
Philips 242G5DJEB,Philips ,242G5DJEB ,"24"" ",1920 x 1080 ,144 Hz ,1 ms ,TN ,16:9 ,,350 cd/m² ,0.277 mm ,Yes ,No ,None ,Yes ,100 x 100 ,170° H x 160° V , 1 x DisplayPort | 1 x DVI | 1 x HDMI | 1 x VGA | 
Acer K242HL Bbid,Acer ,UM.FW3AA.B01 ,"24"" ",1920 x 1080 ,60 Hz ,5 ms ,TN ,16:9 ,,250 cd/m² ,0.277 mm ,Yes ,No ,None ,No ,,170° H x 160° V , 1 x DVI | 1 x HDMI | 1 x VGA | 
HP 27es,HP ,T3M86AA ,"27"" ",1920 x 1080 ,60 Hz ,7 ms ,IPS ,16:9 ,,250 cd/m² ,0.311 mm ,Yes ,No ,None ,No ,,178° H x 178° V , 2 x HDMI | 1 x VGA | 
Dell S2716DGR,Dell ,S2716DGR ,"27"" ",2560 x 1440 ,144 Hz ,1 ms ,TN ,16:9 ,,350 cd/m² ,0.233 mm ,Yes ,No ,G-Sync ,No ,,170° H x 160° V , 1 x DisplayPort | 1 x HDMI | 
AOC AG241QX,AOC ,AG241QX ,"23.8"" ",2560 x 1440 ,144 Hz ,1 ms ,TN ,16:9 ,,350 cd/m² ,0.206 mm ,Yes ,No , FreeSync Premium | G-Sync Compatible | ,Yes ,,170° H x 160° V , 1 x DisplayPort | 1 x DVI | 2 x HDMI | 1 x VGA | 
Samsung LC24FG73,Samsung , C24FG73FQN | LC24FG73FQNXZA | LC24FG73FQUXEN | ,"23.5"" ",1920 x 1080 ,144 Hz ,1 ms ,VA ,16:9 ,,250 cd/m² ,0.271 mm ,Yes ,Yes ,FreeSync ,No ,,178° H x 178° V , 1 x DisplayPort | 2 x HDMI | 
Dell E1715S,Dell ,E1715S ,"17"" ",1280 x 1024 ,60 Hz ,5 ms ,TN ,5:4 ,Black ,250 cd/m² ,0.263 mm ,No ,No ,None ,No ,,170° H x 160° V , 1 x DisplayPort | 1 x VGA | 
Acer Nitro VG270K,Acer ,UM.HV0EE.010 ,"27"" ",3840 x 2160 ,60 Hz ,4 ms ,IPS ,16:9 ,Black / Blue ,300 cd/m² ,0.156 mm ,Yes ,No ,FreeSync ,Yes ,,178° H x 178° V , 1 x DisplayPort | 1 x HDMI | 
Dell D2719HGF,Dell ,D2719HGF ,"27"" ",1920 x 1080 ,144 Hz ,2 ms ,TN ,16:9 ,Black ,400 cd/m² ,0.311 mm ,Yes ,No ,FreeSync ,Yes ,,170° H x 160° V , 1 x DisplayPort | 1 x HDMI | 
Gigabyte AORUS AD27QD,Gigabyte , AORUS AD27QD-SA | AORUS-AD27QD | 20VM0-AAD27QDSA-1EKR | AD27QD | ,"27"" ",2560 x 1440 ,144 Hz ,1 ms ,IPS ,16:9 ,Black ,350 cd/m² ,0.233 mm ,Yes ,No , FreeSync Premium | G-Sync Compatible | ,No ,,178° H x 178° V , 1 x DisplayPort | 2 x HDMI | 
Dell P2719HC,Dell , P2719HC | DELL-P2719HC | 210-AQGC | ,"27"" ",1920 x 1080 ,60 Hz ,5 ms ,IPS ,16:9 ,Silver / Black ,300 cd/m² ,0.311 mm ,Yes ,No ,None ,No ,,178° H x 178° V , 1 x DisplayPort | 1 x HDMI | 
Dell U2419H ,Dell , U2419H | DELL-U2419H | 210-AQYU | ,"24"" ",1920 x 1080 ,60 Hz ,5 ms ,IPS ,16:9 ,Silver / Black ,250 cd/m² ,0.277 mm ,Yes ,No ,None ,No ,,178° H x 178° V , 1 x DisplayPort | 1 x HDMI | 
MSI Optix MAG271C,MSI , Optix MAG271C | 9S6-3FA61T-001 | ,"27"" ",1920 x 1080 ,144 Hz ,1 ms ,VA ,16:9 ,Black ,300 cd/m² ,0.311 mm ,Yes ,Yes ,FreeSync ,No ,,178° H x 178° V , 1 x DisplayPort | 2 x HDMI | 
LG 22BK430H-B,LG ,22BK430H-B ,"21.5"" ",1920 x 1080 ,60 Hz ,5 ms ,IPS ,16:9 ,Black ,250 cd/m² ,0.248 mm ,Yes ,No ,FreeSync ,No ,,178° H x 178° V , 1 x HDMI | 1 x VGA | 
Acer VG240Y Pbiip,Acer , UM.QV0AA.P01 | VG240Y Pbiip | ,"23.8"" ",1920 x 1080 ,144 Hz ,,IPS ,16:9 ,Black / Red ,250 cd/m² ,0.274 mm ,Yes ,No ,FreeSync ,No ,,178° H x 178° V , 1 x DisplayPort | 2 x HDMI | 
AOC 27G2U/BK,AOC ,27G2U/BK ,"27"" ",1920 x 1080 ,144 Hz ,,IPS ,16:9 ,Black / Red ,250 cd/m² ,0.311 mm ,Yes ,No , FreeSync Premium | G-Sync Compatible | ,Yes ,,178° H x 178° V , 1 x DisplayPort | 2 x HDMI | 
Asus TUF Gaming VG35VQ,Asus , VG35VQ | 90LM0520-B01170 | ,"35"" ",3440 x 1440 ,100 Hz ,,VA ,21:9 ,Black ,300 cd/m² ,0.238 mm ,Yes ,Yes ,FreeSync ,No ,,178° H x 178° V , 1 x DisplayPort | 2 x HDMI | 
Acer Nitro VG272 Xbmiipx,Acer ,VG272 Xbmiipx ,"27"" ",1920 x 1080 ,240 Hz ,0.1 ms ,IPS ,16:9 ,Black / Red ,,0.311 mm ,Yes ,No , FreeSync | G-Sync Compatible | ,Yes ,,178° H x 178° V , 1 x DisplayPort | 2 x HDMI | 
Lenovo L24q-30,Lenovo , L24q-30 | 65FBGCC1US | ,"23.8"" ",2560 x 1440 ,75 Hz ,,IPS ,16:9 ,Black ,300 cd/m² ,0.206 mm ,Yes ,No ,FreeSync ,No ,,178° H x 178° V , 1 x DisplayPort | 1 x HDMI | 
Kogan KAMN49F14UHLC,Kogan ,KAMN49F14UHLC ,"49"" ",3840 x 1080 ,144 Hz ,8 ms ,VA ,32:9 ,Black ,320 cd/m² ,0.312 mm ,Yes ,Yes ,FreeSync ,No ,,178° H x 178° V , 1 x DisplayPort | 3 x HDMI | 
HP x27i,HP ,8AG16AA#ABA ,"27"" ",2560 x 1440 ,144 Hz ,,IPS ,16:9 ,Black / Green ,350 cd/m² ,0.233 mm ,Yes ,No ,FreeSync ,No ,,178° H x 178° V , 1 x DisplayPort | 1 x HDMI | 
MSI Optix AG32CV,MSI , Optix AG32CV | AG32CV | 9S6-3KA01H-002 | ,"31.5"" ",1920 x 1080 ,165 Hz ,,VA ,16:9 ,Black / Red ,250 cd/m² ,0.363 mm ,Yes ,Yes ,FreeSync ,No ,,178° H x 178° V , 1 x DisplayPort | 1 x DVI | 1 x HDMI | 
LG UltraGear 27GN95B-B,LG ,27GN95B-B ,"27"" ",3840 x 2160 ,144 Hz ,1 ms ,IPS ,16:9 ,Black / Red ,750 cd/m² ,0.156 mm ,Yes ,No , FreeSync Premium Pro | G-Sync Compatible | ,Yes ,,178° H x 178° V , 2 x DisplayPort | 2 x HDMI | 
Acer KG271 bmiix,Acer ,UM.HX1AA.009 ,"27"" ",1920 x 1080 ,75 Hz ,1 ms ,TN ,16:9 ,Black ,300 cd/m² ,0.311 mm ,Yes ,No ,None ,No ,,170° H x 160° V , 2 x HDMI | 1 x VGA | 
Sceptre E275B-QPT168,Sceptre ,E275B-QPT168 ,"27"" ",2560 x 1440 ,165 Hz ,,IPS ,16:9 ,Black ,320 cd/m² ,0.233 mm ,Yes ,No ,FreeSync Premium ,Yes ,,178° H x 178° V , 2 x DisplayPort | 2 x HDMI | 
MSI Optix AG321CQR,MSI , Optix AG321CQR | 9S6-3DB45H-012 | ,"31.5"" ",2560 x 1440 ,165 Hz ,,VA ,16:9 ,Black ,250 cd/m² ,0.272 mm ,Yes ,Yes ,FreeSync Premium ,No ,,178° H x 178° V , 1 x DisplayPort 1.2a | 1 x HDMI 2.0b | 
Samsung Odyssey G52A,Samsung ,LS27AG520PNXZA ,"27"" ",2560 x 1440 ,165 Hz ,1 ms ,IPS ,16:9 ,Black ,400 cd/m² ,0.233 mm ,Yes ,No , FreeSync Premium | G-Sync Compatible | ,No ,,178° H x 178° V , 1 x DisplayPort 1.2 | 1 x HDMI 2.0 | 
Samsung T55,Samsung ,LC27T550FDNXZA ,"27"" ",1920 x 1080 ,75 Hz ,4 ms ,,16:9 ,Blue / Gray ,250 cd/m² ,0.311 mm ,Yes ,Yes ,FreeSync ,Yes ,,178° H x 178° V , 1 x DisplayPort 1.2 | 1 x HDMI 1.4 | 1 x VGA | 
Acer XZ320Q Xbmiiphx,Acer , UM.JX0AA.X01 | XZ320Q Xbmiiphx | ,"31.5"" ",1920 x 1080 ,240 Hz ,,VA ,16:9 ,Black ,300 cd/m² ,0.363 mm ,Yes ,Yes ,FreeSync ,Yes ,,178° H x 178° V , 1 x DisplayPort | 1 x HDMI | 
Acer EK240Y Cbi,Acer , UM.QE0AA.C01 | EK240Y Cbi | ,"23.8"" ",1920 x 1080 ,75 Hz ,,VA ,16:9 ,Black ,250 cd/m² ,0.274 mm ,Yes ,No ,None ,No ,75 x 75 ,178° H x 178° V , 1 x HDMI 1.4 | 1 x VGA | 
Dell G2422HS,Dell , 210-BDPW | G2422HS | PMTTJ | ,"23.8"" ",1920 x 1080 ,165 Hz ,1 ms ,IPS ,16:9 ,,350 cd/m² ,0.274 mm ,Yes ,No ,G-Sync ,No ,100 x 100 ,178° H x 178° V , 1 x DisplayPort 1.2 | 2 x HDMI | 
MSI Optix G241V E2,MSI , Optix G241V E2 | 9S6-3BA71T-018 | 9S6-3BA71T-017 | ,"23.8"" ",1920 x 1080 ,75 Hz ,,IPS ,16:9 ,,250 cd/m² ,0.274 mm ,Yes ,No ,FreeSync ,No ,100 x 100 ,178° H x 178° V , 1 x DisplayPort 1.2a | 1 x HDMI 1.4 | 
Philips 243V7QJABF/00,Philips ,243V7QJABF/00 ,"23.8"" ",1920 x 1080 ,75 Hz ,4 ms ,IPS ,16:9 ,Black ,250 cd/m² ,0.274 mm ,Yes ,No ,None ,Yes ,100 x 100 ,, 1 x DisplayPort 1.2 | 1 x HDMI | 1 x VGA | 
HP V24i,HP ,9RV17AS#ABB ,"23.8"" ",1920 x 1080 ,60 Hz ,5 ms ,IPS ,16:9 ,Black ,250 cd/m² ,0.274 mm ,Yes ,No ,None ,No ,100 x 100 ,178° H x 178° V , 1 x HDMI 1.4 | 1 x VGA | 
LG 38BN95C-W,LG ,38BN95C-W ,"38"" ",3840 x 1600 ,144 Hz ,1 ms ,Nano IPS ,12:5 ,Silver / White ,4500 cd/m² ,0.232 mm ,Yes ,Yes ,FreeSync ,Yes ,100 x 100 ,178° H x 178° V ,
Acer XZ323QU X3,Acer , UM.JX3AA.301 | XZ323QU X3 | ,"31.5"" ",2560 x 1440 ,240 Hz ,1 ms ,VA ,16:9 ,,400 cd/m² ,0.272 mm ,Yes ,Yes ,FreeSync Premium ,Yes ,100 x 100 ,178° H x 178° V , 1 x DisplayPort 1.4 | 1 x HDMI 2.0 | 
iiyama G-MASTER GB2770HSU-B5,iiyama ,GB2770HSU-B5 ,"27"" ",1920 x 1080 ,165 Hz ,,IPS ,16:9 ,Black ,250 cd/m² ,0.311 mm ,Yes ,No ,FreeSync Premium ,Yes ,100 x 100 ,178° H x 178° V ,
Cooler Master GP57ZS,Cooler Master ,CMI-GP57ZS ,"57"" ",7680 x 2160 ,120 Hz ,1 ms ,VA Mini LED ,32:9 ,Black ,1000 cd/m² ,0.181 mm ,Yes ,Yes ,FreeSync ,Yes ,100 x 100 ,178° H x 178° V , 1 x DisplayPort 1.4 | 2 x HDMI 2.1 | 
Titan Army P32A2S2,Titan Army ,P32A2S2 ,"32"" ",2560 x 1440 ,240 Hz ,1 ms ,IPS ,16:9 ,Black ,350 cd/m² ,0.277 mm ,Yes ,No ,FreeSync ,No ,100 x 100 ,178° H x 178° V , 2 x DisplayPort 1.4 | 2 x HDMI 2.1 | 
LG 32UP83A-W,LG ,32UP83A-W ,"32"" ",3840 x 2160 ,60 Hz ,5 ms ,IPS ,16:9 ,,350 cd/m² ,0.184 mm ,Yes ,No ,FreeSync ,Yes ,100 x 100 ,178° H x 178° V , 1 x DisplayPort | 2 x HDMI | 1 x USB Type-C | 
Samsung Odyssey Neo G70NC,Samsung ,LS43CG700NEXXY ,"43"" ",3840 x 2160 ,144 Hz ,,VA Mini LED ,16:9 ,Black ,400 cd/m² ,0.248 mm ,Yes ,No ,FreeSync Premium Pro ,Yes ,200 x 100 ,178° H x 178° V , 1 x DisplayPort 1.4 | 2 x HDMI 2.1 | 
LG 32GP750-B,LG ,32GP750-B ,"31.5"" ",2560 x 1440 ,165 Hz ,1 ms ,IPS ,16:9 ,,400 cd/m² ,0.272 mm ,Yes ,No , FreeSync Premium | G-Sync Compatible | ,No ,,178° H x 178° V , 1 x DisplayPort | 2 x HDMI | 
INNOCN 27M2V,INNOCN ,27M2V ,"27"" ",3840 x 2160 ,160 Hz ,,IPS Mini LED ,16:9 ,Silver ,,0.156 mm ,Yes ,No ,FreeSync ,Yes ,,178° H x 178° V , 1 x DisplayPort 1.4 | 2 x HDMI 2.1 | 1 x USB Type-C | 
AOC Q32V4,AOC ,Q32V4 ,"31.5"" ",2560 x 1440 ,75 Hz ,4 ms ,IPS ,16:9 ,Black ,250 cd/m² ,0.272 mm ,Yes ,No ,FreeSync ,Yes ,100 x 100 ,178° H x 178° V , 1 x DisplayPort 1.2 | 1 x HDMI 1.4 | 
ViewSonic VX2728J,ViewSonic ,VX2728J ,"27"" ",1920 x 1080 ,180 Hz ,2.5 ms ,IPS ,16:9 ,Black ,250 cd/m² ,0.311 mm ,Yes ,No ,FreeSync Premium ,Yes ,,178° H x 178° V , 1 x DisplayPort | 2 x HDMI 1.4 | 
Asus VA27DQ,Asus , VA27DQ | 90LM06H5-B013B0 | 90LM06H3-B01370 | ,"27"" ",1920 x 1080 ,75 Hz ,5 ms ,IPS ,16:9 ,Black ,250 cd/m² ,0.311 mm ,Yes ,No ,FreeSync ,Yes ,,178° H x 178° V , 1 x DisplayPort | 1 x HDMI | 
Dell U3415W,Dell , U3415W | 210-ADYO | PXF79 | ,"34"" ",3440 x 1440 ,60 Hz ,5 ms ,IPS ,21:9 ,,300 cd/m² ,0.232 mm ,Yes ,Yes ,None ,Yes ,,172° H x 178° V , 1 x DisplayPort | 1 x Mini-DisplayPort | 1 x HDMI | 
Asus VG258QR,Asus , 90LM0453-B013B0 | VG258QR | 90LM0453-B01370 | ,"24.5"" ",1920 x 1080 ,165 Hz ,0.5 ms ,TN ,16:9 ,Black ,400 cd/m² ,0.282 mm ,Yes ,No , FreeSync | G-Sync Compatible | ,Yes ,,170° H x 160° V , 1 x DisplayPort | 1 x DVI-D Dual Link | 1 x HDMI | 
Sceptre E325W-2560AD,Sceptre ,E325W-2560AD ,"32"" ",2560 x 1440 ,85 Hz ,6 ms ,VA ,16:9 ,Black ,300 cd/m² ,0.277 mm ,Yes ,No ,FreeSync ,Yes ,,178° H x 178° V , 1 x DisplayPort | 2 x HDMI | 
iiyama GB2470HSU-B1,iiyama ,GB2470HSU-B1 ,"23.8"" ",1920 x 1080 ,165 Hz ,,IPS ,16:9 ,Black ,250 cd/m² ,0.274 mm ,Yes ,No ,FreeSync ,Yes ,100 x 100 ,178° H x 178° V , 1 x DisplayPort 1.2 | 1 x HDMI 1.4 | 
BenQ PD3225U,BenQ ,PD3225U ,"31.5"" ",3840 x 2160 ,60 Hz ,5 ms ,IPS ,16:9 ,Black ,400 cd/m² ,0.182 mm ,Yes ,No ,None ,Yes ,100 x 100 ,178° H x 178° V , 1 x DisplayPort 1.4 | 2 x HDMI 2.0 | 
Sony INZONE M9 II,Sony , SDM27U9M2 | sdm27u9m2b | ,"27"" ",3840 x 2160 ,160 Hz ,1 ms ,IPS ,16:9 ,Black ,400 cd/m² ,0.156 mm ,Yes ,No , FreeSync | G-Sync Compatible | ,Yes ,100 x 100 ,178° H x 178° V , 1 x DisplayPort 2.1 | 2 x HDMI 2.1 | 
Acer XF250Q Cbmiiprx,Acer , XF250Q Cbmiiprx | UM.KX0AA.C01 | ,"24.5"" ",1920 x 1080 ,240 Hz ,1 ms ,TN ,16:9 ,Black / Red ,400 cd/m² ,0.282 mm ,Yes ,No , FreeSync | G-Sync Compatible | ,Yes ,,170° H x 160° V , 1 x DisplayPort | 2 x HDMI | 
HP Z24n G2,HP ,1JS09A4#ABA ,"24"" ",1920 x 1200 ,60 Hz ,5 ms ,IPS ,16:10 ,Black ,300 cd/m² ,0.269 mm ,Yes ,No ,None ,No ,,1920° H x 1200° V , 2 x DisplayPort | 1 x DVI-D Dual Link | 1 x HDMI | 
MSI Optix MAG274QRX,MSI ,Optix MAG274QRX ,"27"" ",2560 x 1440 ,240 Hz ,1 ms ,IPS ,16:9 ,Black ,400 cd/m² ,0.233 mm ,Yes ,No , FreeSync | G-Sync Compatible | ,No ,,178° H x 178° V , 1 x DisplayPort 1.4a | 2 x HDMI 2.0 | 
Dell P2422HE,Dell , P2422HE | 210-BBCH | KNC9G | DELL-P2422HE | ,"23.8"" ",1920 x 1080 ,60 Hz ,5 ms ,IPS ,16:9 ,,250 cd/m² ,0.274 mm ,Yes ,No ,None ,No ,100 x 100 ,178° H x 178° V , 1 x DisplayPort 1.2 | 1 x HDMI | 1 x USB Type-C | 
Dell P2723DE,Dell , 210-BDLJ | P2723DE | 3NMGK | DELL-P2723DE | ,"27"" ",2560 x 1440 ,60 Hz ,,IPS ,16:9 ,,350 cd/m² ,0.233 mm ,Yes ,No ,None ,No ,100 x 100 ,178° H x 178° V , 1 x DisplayPort 1.4 | 1 x HDMI 1.4 | 1 x USB Type-C | 
MSI Optix 271CQP,MSI ,OPTIX G271CQP ,"27"" ",2560 x 1440 ,165 Hz ,,VA ,16:9 ,,250 cd/m² ,0.233 mm ,Yes ,Yes ,FreeSync Premium ,No ,75 x 75 ,178° H x 178° V , 1 x DisplayPort 1.2a | 2 x HDMI 2.0b | 
Acer V206HQL A,Acer ,UM.IV6AA.A08 ,"19.5"" ",1600 x 900 ,60 Hz ,,TN ,16:9 ,Black ,200 cd/m² ,0.27 mm ,Yes ,No ,None ,No ,,170° H x 160° V , 1 x HDMI | 1 x VGA | 
Samsung M80C,Samsung , LS32CM801UNXZA | S32CM801UN | ,"32"" ",3840 x 2160 ,60 Hz ,4 ms ,VA ,16:9 ,White ,400 cd/m² ,0.184 mm ,Yes ,No ,None ,No ,100 x 100 ,178° H x 178° V , 1 x HDMI 2.0 | 1 x USB Type-C | 
Planar PL1500M,Planar ,997-5905-00 ,"15"" ",1024 x 768 ,,8 ms ,,4:3 ,,250 cd/m² ,0.298 mm ,No ,No ,None ,Yes ,75 x 75 ,160° H x 160° V ,1 x VGA 
Dell U2312HM,Dell , 469-1253 | U2312HM | ,"23"" ",1920 x 1080 ,,8 ms ,IPS ,16:9 ,,300 cd/m² ,0.265 mm ,Yes ,No ,None ,No ,100 x 100 ,178° H x 178° V , 1 x DisplayPort | 1 x DVI | 1 x VGA | 
Samsung S23A700D,Samsung ,S23A700D ,"23"" ",1920 x 1080 ,120 Hz ,2 ms ,,16:9 ,,250 cd/m² ,0.265 mm ,Yes ,No ,None ,No ,,170° H x 160° V , 1 x DVI | 1 x HDMI | 
Asus VG278HE,Asus ,VG278HE ,"27"" ",1920 x 1080 ,144 Hz ,2 ms ,,16:9 ,,300 cd/m² ,0.311 mm ,Yes ,No ,None ,Yes ,100 x 100 ,170° H x 160° V , 1 x DVI-D Dual Link | 1 x HDMI | 1 x VGA | 
Dell U2413,Dell , 469-4030 | U2413 | ,"24"" ",1920 x 1200 ,60 Hz ,6 ms ,IPS ,16:10 ,,350 cd/m² ,0.269 mm ,Yes ,No ,None ,Yes ,100 x 100 ,178° H x 178° V , 1 x DisplayPort | 1 x DVI | 1 x HDMI | 
BenQ XL2411Z,BenQ , XL2411Z | 9H.L9SLB.RBE | ,"24"" ",1920 x 1080 ,144 Hz ,1 ms ,TN ,16:9 ,,350 cd/m² ,0.277 mm ,Yes ,No ,None ,No ,100 x 100 ,170° H x 160° V , 1 x DVI | 1 x HDMI | 1 x VGA | 
Dell U2515H,Dell ,U2515H ,"25"" ",2560 x 1440 ,60 Hz ,6 ms ,IPS ,16:9 ,,350 cd/m² ,0.216 mm ,Yes ,No ,None ,No ,100 x 100 ,178° H x 178° V , 1 x DisplayPort | 1 x Mini-DisplayPort | 2 x HDMI | 
HP 22cwa,HP ,22cwa ,"21.5"" ",1920 x 1080 ,60 Hz ,7 ms ,IPS ,16:9 ,,250 cd/m² ,0.248 mm ,Yes ,No ,None ,No ,,178° H x 178° V , 1 x HDMI | 1 x VGA | 
Acer GN276HL bid,Acer ,GN276HL bid ,"27"" ",1920 x 1080 ,144 Hz ,1 ms ,TN ,16:9 ,,300 cd/m² ,0.311 mm ,Yes ,No ,None ,No ,,170° H x 160° V , 1 x DVI | 1 x HDMI | 1 x VGA | 
Dell P2217H,Dell ,P2217H ,"21.5"" ",1920 x 1080 ,60 Hz ,6 ms ,IPS ,16:9 ,,250 cd/m² ,0.248 mm ,Yes ,No ,None ,No ,,178° H x 178° V , 1 x DisplayPort | 1 x HDMI | 1 x VGA | 
HP 23ES,HP ,T3M74AA ,"23"" ",1920 x 1080 ,60 Hz ,7 ms ,IPS ,16:9 ,,250 cd/m² ,0.265 mm ,Yes ,No ,None ,No ,,178° H x 178° V , 1 x HDMI | 1 x VGA | 
AOC AG271QG,AOC ,AG271QG ,"27"" ",2560 x 1440 ,165 Hz ,4 ms ,IPS ,16:9 ,,350 cd/m² ,0.233 mm ,Yes ,No ,G-Sync ,Yes ,,178° H x 178° V , 1 x DisplayPort | 1 x HDMI | 
Asus VT168H,Asus , VT168H | 90LM02G1-B02170 | ,"15.6"" ",1366 x 768 ,60 Hz ,10 ms ,,16:9 ,,200 cd/m² ,0.253 mm ,Yes ,No ,None ,No ,,90° H x 65° V , 1 x HDMI | 1 x VGA | 
Asus ROG Strix XG258Q,Asus , XG258Q | 90LM03U0-B01370 | ,"24.5"" ",1920 x 1080 ,240 Hz ,1 ms ,TN ,16:9 ,Black / Red ,400 cd/m² ,0.282 mm ,Yes ,No , FreeSync | G-Sync Compatible | ,No ,,170° H x 160° V , 1 x DisplayPort | 2 x HDMI | 
Asus ROG Strix XG32VQ,Asus , XG32VQ | 90LM03S0-B01170 | ,"31.5"" ",2560 x 1440 ,144 Hz ,4 ms ,VA ,16:9 ,Black ,300 cd/m² ,0.272 mm ,Yes ,Yes ,FreeSync ,No ,,178° H x 178° V , 1 x DisplayPort | 1 x Mini-DisplayPort | 1 x HDMI | 
ViewSonic XG2402 OMNI,ViewSonic ,XG2402 ,"24"" ",1920 x 1080 ,144 Hz ,1 ms ,TN ,16:9 ,,350 cd/m² ,0.277 mm ,Yes ,No ,FreeSync ,Yes ,,170° H x 160° V , 1 x DisplayPort | 2 x HDMI | 
iiyama G-MASTER BLACK HAWK,iiyama ,GE2288HS-B1 ,"21.5"" ",1920 x 1080 ,75 Hz ,1 ms ,TN ,16:9 ,Black ,250 cd/m² ,0.248 mm ,Yes ,No ,FreeSync ,Yes ,,170° H x 160° V , 1 x DVI-D Dual Link | 1 x HDMI | 
MSI Optix G27C2,MSI ,Optix G27C2 ,"27"" ",1920 x 1080 ,144 Hz ,1 ms ,VA ,16:9 ,Black / Red ,,0.311 mm ,Yes ,Yes ,FreeSync ,No ,,178° H x 178° V , 1 x DisplayPort | 1 x DVI | 1 x HDMI | 
HP Pavilion 32,HP ,V1M69AA#ABA ,"32"" ",2560 x 1440 ,60 Hz ,7 ms ,VA ,16:9 ,Black ,300 cd/m² ,0.277 mm ,Yes ,No ,None ,No ,,178° H x 178° V , 1 x DisplayPort | 2 x HDMI | 
BenQ EX3203R,BenQ , EX3203R | 9H.LGWLA.TSE | ,"31.5"" ",2560 x 1440 ,144 Hz ,4 ms ,VA ,16:9 ,Silver ,400 cd/m² ,0.272 mm ,Yes ,Yes ,FreeSync Premium Pro ,No ,,178° H x 178° V , 1 x DisplayPort | 2 x HDMI | 
Acer Predator X34P,Acer , UM.CX0EE.P01 | UM.CX0SA.P02-D10 | UM.CX0SA.P02 | ,"34"" ",3440 x 1440 ,120 Hz ,4 ms ,IPS ,21:9 ,Black ,300 cd/m² ,0.232 mm ,Yes ,Yes ,G-Sync ,Yes ,,178° H x 178° V , 1 x DisplayPort | 1 x HDMI | 
Dell S3219D,Dell ,S3219D ,"32"" ",2560 x 1440 ,60 Hz ,5 ms ,VA ,16:9 ,Silver ,300 cd/m² ,0.277 mm ,Yes ,No ,FreeSync ,Yes ,,178° H x 178° V , 1 x DisplayPort | 2 x HDMI | 
AOC 22V2H,AOC ,22V2H ,"21.5"" ",1920 x 1080 ,75 Hz ,5 ms ,IPS ,16:9 ,Black ,250 cd/m² ,0.248 mm ,Yes ,No ,FreeSync ,No ,,178° H x 178° V , 1 x HDMI | 1 x VGA | 
Asus VP278QGL,Asus ,VP278QGL ,"27"" ",1920 x 1080 ,75 Hz ,1 ms ,TN ,16:9 ,Black ,300 cd/m² ,0.311 mm ,Yes ,No ,FreeSync ,Yes ,,170° H x 160° V , 1 x DisplayPort | 2 x HDMI | 1 x VGA | 
Asus VP228QG,Asus , VP228QG | 90LM01K0-B06170 | ,"21.5"" ",1920 x 1080 ,75 Hz ,1 ms ,TN ,16:9 ,Black ,250 cd/m² ,0.248 mm ,Yes ,No ,FreeSync ,Yes ,,170° H x 160° V , 1 x DisplayPort | 1 x HDMI | 1 x VGA | 
Samsung CR500,Samsung ,LC27R500FHUXEN ,"27"" ",1920 x 1080 ,60 Hz ,4 ms ,VA ,16:9 ,Black ,300 cd/m² ,0.311 mm ,Yes ,Yes ,FreeSync ,No ,,178° H x 178° V , 1 x HDMI | 1 x VGA | 
Acer ED273 Abidpx,Acer ,UM.HE3AA.A01 ,"27"" ",1920 x 1080 ,144 Hz ,4 ms ,VA ,16:9 ,Black ,250 cd/m² ,0.311 mm ,Yes ,Yes , FreeSync | G-Sync Compatible | ,No ,,178° H x 178° V , 1 x DisplayPort | 1 x DVI-D Dual Link | 1 x HDMI | 
HP EliteDisplay E233,HP ,1FH46U9#ABA ,"23"" ",1920 x 1080 ,60 Hz ,5 ms ,IPS ,16:9 ,Silver ,250 cd/m² ,0.265 mm ,Yes ,No ,None ,No ,,178° H x 178° V , 1 x DisplayPort | 1 x HDMI | 1 x VGA | 
HP Omen 25,HP ,Z7Y57AA#ABA ,"24.5"" ",1920 x 1080 ,144 Hz ,,TN ,16:9 ,Black ,400 cd/m² ,0.282 mm ,Yes ,No ,FreeSync ,No ,,170° H x 160° V , 2 x DisplayPort | 2 x HDMI | 
LG 27GL63T-B,LG ,27GL63T-B ,"27"" ",1920 x 1080 ,144 Hz ,5 ms ,IPS ,16:9 ,Black ,400 cd/m² ,0.311 mm ,Yes ,No , FreeSync | G-Sync Compatible | ,No ,,178° H x 178° V , 1 x DisplayPort | 1 x HDMI | 
AOC CQ27G2U/BK,AOC ,CQ27G2U/BK ,"27"" ",2560 x 1440 ,144 Hz ,,VA ,16:9 ,Black / Red ,250 cd/m² ,0.233 mm ,Yes ,Yes ,FreeSync ,Yes ,,178° H x 178° V , 1 x DisplayPort | 2 x HDMI | 
ViewSonic VX2458-C-MHD,ViewSonic ,VX2458-C-MHD ,"23.6"" ",1920 x 1080 ,144 Hz ,,VA ,16:9 ,,280 cd/m² ,0.272 mm ,Yes ,Yes ,FreeSync ,Yes ,,178° H x 178° V , 1 x DisplayPort | 1 x DVI-D Dual Link | 1 x HDMI | 
ViewSonic XG2405 OMNI,ViewSonic , XG2405 | XG2405-2 | ,"23.8"" ",1920 x 1080 ,144 Hz ,1 ms ,IPS ,16:9 ,Black ,250 cd/m² ,0.274 mm ,Yes ,No ,FreeSync ,Yes ,,178° H x 178° V , 1 x DisplayPort | 2 x HDMI | 
Asus VP228HE,Asus , VP228HE | 90LM01K0-B05170 | ,"21.5"" ",1920 x 1080 ,60 Hz ,1 ms ,TN ,16:9 ,Black ,200 cd/m² ,0.248 mm ,Yes ,No ,None ,Yes ,,90° H x 65° V , 1 x HDMI | 1 x VGA | 
Lenovo L27q-30,Lenovo ,65FCGCC1US ,"27"" ",2560 x 1440 ,75 Hz ,6 ms ,IPS ,16:9 ,Black ,350 cd/m² ,0.233 mm ,Yes ,No ,FreeSync ,No ,,178° H x 178° V , 1 x DisplayPort | 1 x HDMI | 
Acer K243Y,Acer ,UM.QX3EE.001 ,"23.8"" ",1920 x 1080 ,75 Hz ,,IPS ,16:9 ,Black ,250 cd/m² ,0.274 mm ,Yes ,No ,FreeSync ,Yes ,,178° H x 178° V , 1 x HDMI | 1 x VGA | 
Dell S2721D,Dell ,S2721D ,"27"" ",2560 x 1440 ,75 Hz ,4 ms ,IPS ,16:9 ,Silver ,350 cd/m² ,0.233 mm ,Yes ,No ,FreeSync ,No ,,178° H x 178° V , 1 x DisplayPort | 2 x HDMI | 
Acer Nitro VG240Y Dbmipcx,Acer ,UM.QV0AA.D01 ,"23.8"" ",1920 x 1080 ,75 Hz ,,IPS ,16:9 ,Black / Red ,250 cd/m² ,0.274 mm ,Yes ,No ,FreeSync ,Yes ,,178° H x 178° V , 1 x DisplayPort | 1 x VGA | 
Acer XV282K KVBMIIPRUZX,Acer , UM.PX2AA.V01 | UM.PX2AA.301 | ,"28"" ",3840 x 2160 ,144 Hz ,1 ms ,IPS ,16:9 ,Black ,400 cd/m² ,0.161 mm ,Yes ,No ,FreeSync Premium ,Yes ,,178° H x 178° V , 1 x DisplayPort | 1 x HDMI | 
HP X32,HP , 2V7V2AA#ABA | X32 | ,"31.5"" ",2560 x 1440 ,165 Hz ,1 ms ,IPS ,16:9 ,Black ,400 cd/m² ,0.272 mm ,Yes ,No ,FreeSync Premium ,No ,,178° H x 178° V , 1 x DisplayPort 1.4 | 1 x HDMI 2.0 | 
HP X34,HP , 2V7W4AA#ABA | X34 | ,"34"" ",3440 x 1440 ,165 Hz ,1 ms ,IPS ,21:9 ,Black ,400 cd/m² ,0.232 mm ,Yes ,No ,FreeSync Premium ,No ,,178° H x 178° V , 1 x DisplayPort 1.4 | 1 x HDMI 2.0 | 
Samsung Odyssey G7 T1 Faker Edition,Samsung ,LC32G77TQSNXZA ,"32"" ",2560 x 1440 ,240 Hz ,1 ms ,VA ,16:9 ,Black ,350 cd/m² ,0.277 mm ,Yes ,Yes , FreeSync Premium Pro | G-Sync Compatible | ,No ,,178° H x 178° V , 2 x DisplayPort 1.4 | 1 x HDMI 2.0 | 
Samsung Odyssey G55A,Samsung ,LS32AG552ENXZA ,"32"" ",2560 x 1440 ,165 Hz ,,VA ,16:9 ,Black ,300 cd/m² ,0.277 mm ,Yes ,Yes ,FreeSync Premium ,No ,,178° H x 178° V , 1 x DisplayPort 1.4 | 1 x HDMI 2.0 | 
LG 24GN50W-B,LG ,24GN50W-B ,"24"" ",1920 x 1080 ,144 Hz ,1 ms ,TN ,16:9 ,,300 cd/m² ,0.277 mm ,Yes ,No ,FreeSync ,No ,,170° H x 160° V , 1 x DisplayPort | 2 x HDMI | 
MSI Optix MEG381CQR Plus,MSI , Optix MEG381CQR Plus | 9S6-3EA45T-001 | MEG381CQR Plus | ,"37.5"" ",3840 x 1600 ,175 Hz ,,IPS ,12:5 ,Black ,400 cd/m² ,0.229 mm ,Yes ,Yes ,G-Sync Ultimate ,No ,100 x 100 ,178° H x 178° V , 1 x DisplayPort 1.4 | 2 x HDMI 2.0 | 
MSI Optix G24C6,MSI , Optix G24C6 | 9S6-3BA01T-029 | 9S6-3BA01T-024 | ,"23.6"" ",1920 x 1080 ,144 Hz ,,VA ,16:9 ,,250 cd/m² ,0.272 mm ,Yes ,Yes ,FreeSync ,No ,100 x 100 ,178° H x 178° V , 1 x DisplayPort 1.2 | 1 x HDMI 1.4 | 
Asus TUF Gaming VG24VQ1B,Asus , 90LM0730-B011B0 | TUF-GAMING-VG24VQ1B | VG24VQ1B | 90LM0730-B01170 | 90LM0730-B02170 | ,"23.8"" ",1920 x 1080 ,165 Hz ,,VA ,16:9 ,,350 cd/m² ,0.274 mm ,Yes ,Yes ,FreeSync Premium ,Yes ,100 x 100 ,178° H x 178° V , 1 x DisplayPort 1.2 | 1 x HDMI 1.4 | 
Sceptre NEBULA,Sceptre ,C408B-QWN168W ,"38.5"" ",2560 x 1440 ,165 Hz ,,VA ,16:9 ,White ,350 cd/m² ,0.333 mm ,Yes ,Yes ,FreeSync Premium ,Yes ,75 x 75 ,178° H x 178° V , 2 x DisplayPort 1.4 | 2 x HDMI 2.0 | 
Gigabyte M27Q (rev. 2.0),Gigabyte ,M27Q-rev-20 ,"27"" ",2560 x 1440 ,170 Hz ,,IPS ,16:9 ,Black ,350 cd/m² ,0.233 mm ,Yes ,No ,FreeSync Premium ,No ,100 x 100 ,178° H x 178° V , 1 x DisplayPort 1.2 | 2 x HDMI 2.0 | 1 x USB Type-C | 
KTC M32P10,KTC ,M32P10 ,"31.5"" ",3840 x 2160 ,144 Hz ,,IPS ,16:9 ,Black ,,0.182 mm ,Yes ,No , FreeSync | G-Sync Compatible | ,No ,,178° H x 178° V , 1 x DisplayPort 1.4 | 2 x HDMI 2.1 | 1 x USB Type-C | 
LG UltraGear 32GQ950P-B,LG , 32GQ950P-B | 32GQ950P-B.AEU | ,"31.5"" ",3840 x 2160 ,160 Hz ,1 ms ,IPS ,16:9 ,Black ,450 cd/m² ,0.182 mm ,Yes ,No , FreeSync Premium Pro | G-Sync Compatible | ,No ,100 x 100 ,178° H x 178° V , 1 x DisplayPort 1.4 | 2 x HDMI 2.1 | 
KTC G27P6,KTC ,G27P6 ,"26.5"" ",2560 x 1440 ,240 Hz ,0.03 ms ,OLED ,16:9 ,Black ,600 cd/m² ,0.229 mm ,Yes ,No , FreeSync Premium | G-Sync Compatible | ,Yes ,100 x 100 ,178° H x 178° V , 1 x DisplayPort | 2 x HDMI 2.0 | 
Acer XF270 M3biiph,Acer ,UM.HX0AA.304 ,"27"" ",1920 x 1080 ,180 Hz ,,,16:9 ,Black ,250 cd/m² ,0.311 mm ,Yes ,No ,FreeSync Premium ,No ,75 x 75 ,178° H x 178° V , 1 x DisplayPort 1.4 | 2 x HDMI 2.0 | 
BenQ EX270QM,BenQ ,EX270QM ,"27"" ",2560 x 1440 ,240 Hz ,1 ms ,IPS ,16:9 ,Black ,400 cd/m² ,0.233 mm ,Yes ,No ,FreeSync Premium Pro ,Yes ,100 x 100 ,178° H x 178° V , 1 x DisplayPort 1.4 | 2 x HDMI 2.1 | 
Lenovo G27q-20,Lenovo ,66C3GCC1US ,"27"" ",2560 x 1440 ,165 Hz ,,IPS ,16:9 ,Black / Blue ,400 cd/m² ,0.233 mm ,Yes ,No , FreeSync Premium | G-Sync Compatible | ,No ,,178° H x 178° V , 1 x DisplayPort 1.2 | 1 x HDMI 2.0 | 
Samsung T45F,Samsung , LF22T454FQNXGO | F22T454FQN | ,"22"" ",1920 x 1080 ,75 Hz ,5 ms ,IPS ,16:9 ,Black ,250 cd/m² ,0.254 mm ,Yes ,No ,FreeSync ,No ,100 x 100 ,178° H x 178° V , 1 x DisplayPort 1.2 | 2 x HDMI 1.4 | 
Samsung ViewFinity S70A,Samsung , S27A704NWN | LS27A704NWNXZA | ,"27"" ",3840 x 2160 ,60 Hz ,5 ms ,IPS ,16:9 ,Black ,,0.156 mm ,Yes ,No ,None ,No ,100 x 100 ,178° H x 178° V ,
HP HyperX Armada,HP , 64V69AA#ABA | 64V69AA#UUZ | 64V69AA#ABY | 64V70AA#ABG | 64V69AA#ABB | 64V70AA#ABJ | 64V69AA#ABU | 64V70AA#UUF | ,"27"" ",2560 x 1440 ,165 Hz ,1 ms ,IPS ,16:9 ,Black ,400 cd/m² ,0.233 mm ,Yes ,No ,G-Sync ,No ,100 x 100 ,178° H x 178° V , 1 x DisplayPort 1.4 | 2 x HDMI 2.0 | 
Dell P2317H,Dell ,P2317H ,"23"" ",1920 x 1080 ,60 Hz ,6 ms ,IPS ,16:9 ,Black ,250 cd/m² ,0.265 mm ,Yes ,No ,None ,No ,100 x 100 ,178° H x 178° V , 1 x DisplayPort 1.2 | 1 x HDMI 1.4 | 1 x VGA | 
MSI MPG 272QR QD-OLED X50,MSI ,MPG 272QR QD-OLED X50 ,"26.5"" ",2560 x 1440 ,500 Hz ,0.03 ms ,QD-OLED ,16:9 ,Black ,1000 cd/m² ,0.229 mm ,Yes ,No ,FreeSync ,No ,100 x 100 ,178° H x 178° V , 1 x DisplayPort 2.1a | 2 x HDMI 2.1 | 1 x USB Type-C | 
Acer Nitro KG1 KG251Q P3biip,Acer , UM.KX1AA.302 | KG251Q P3biip | ,"24.5"" ",1920 x 1080 ,180 Hz ,,VA ,16:9 ,Black ,250 cd/m² ,0.282 mm ,Yes ,No ,FreeSync ,No ,100 x 100 ,178° H x 178° V , 1 x DisplayPort | 1 x HDMI 2.0 | 
Asus VP349CGL,Asus , 90LM07A3-B011B0 | VP349CGL | 90LM07A3-B01170 | ,"34"" ",3440 x 1440 ,100 Hz ,,IPS ,21:9 ,,300 cd/m² ,0.232 mm ,Yes ,No ,FreeSync ,Yes ,100 x 100 ,178° H x 178° V , 1 x DisplayPort 1.2 | 1 x HDMI 2.0 | 1 x USB Type-C | 
AOC AGON Pro AG276QSG2,AOC ,AG276QSG2 ,"27"" ",2560 x 1440 ,360 Hz ,1 ms ,IPS ,16:9 ,Black ,450 cd/m² ,0.233 mm ,Yes ,No ,G-Sync ,Yes ,,178° H x 178° V , 1 x DisplayPort 1.4 | 3 x HDMI 2.0 | 
Acer Predator XB323QK V3bmiiphx,Acer , UM.JX3AA.304 | XB323QK V3BMIIPHX | Predator XB323QK V3bmiiphx | UM.JX3EE.301 | ,"31.5"" ",3840 x 2160 ,160 Hz ,1 ms ,IPS ,16:9 ,Black ,400 cd/m² ,0.182 mm ,Yes ,No ,FreeSync Premium ,Yes ,100 x 100 ,178° H x 178° V , 2 x DisplayPort 1.2 | 1 x HDMI 2.1 | 
Asus ROG Swift PG38UQ,Asus , PG38UQ | 90LM08M0-B011B0 | 90LM08M0-B01170 | ,"38"" ",3840 x 2160 ,144 Hz ,1 ms ,IPS ,16:9 ,Black ,600 cd/m² ,0.219 mm ,Yes ,No , FreeSync Premium Pro | G-Sync Compatible | ,Yes ,100 x 100 ,178° H x 178° V , 1 x DisplayPort 1.4 | 2 x HDMI 2.1 | 
LG UltraGear,LG ,32GQ750-B ,"31.5"" ",3840 x 2160 ,144 Hz ,1 ms ,VA ,16:9 ,Black ,400 cd/m² ,0.182 mm ,Yes ,No ,FreeSync Premium ,Yes ,100 x 100 ,178° H x 178° V , 1 x DisplayPort | 2 x HDMI 2.1 | 
Asus ProArt Display PA24ACRV,Asus , PA24ACRV | 90LM08Y0-B01M70 | ,"23.8"" ",2560 x 1440 ,75 Hz ,5 ms ,IPS ,16:9 ,Silver ,400 cd/m² ,0.206 mm ,Yes ,No ,FreeSync ,Yes ,100 x 100 ,178° H x 178° V , 2 x DisplayPort 1.4 | 1 x HDMI 2.0 | 1 x USB Type-C | 
Samsung Odyssey 3D G90XF,Samsung , LS27FG900XNXZA | S27FG900XN | ,"27"" ",3840 x 2160 ,165 Hz ,1 ms ,IPS ,16:9 ,Silver ,350 cd/m² ,0.156 mm ,Yes ,No , FreeSync Premium | G-Sync Compatible | ,Yes ,100 x 100 ,178° H x 178° V , 1 x DisplayPort 1.4 | 2 x HDMI 2.1 | 
Dell P2415Q,Dell ,P2415Q ,"23.8"" ",3840 x 2160 ,60 Hz ,,IPS ,16:9 ,,300 cd/m² ,0.137 mm ,Yes ,No ,None ,No ,100 x 100 ,178° H x 178° V , 3 x DisplayPort | 1 x Mini-DisplayPort | 1 x HDMI | 
Samsung C32JG56,Samsung , LC32JG56QQNXZA | C32JG56 | ,"32"" ",2560 x 1440 ,144 Hz ,4 ms ,VA ,16:9 ,Black ,250 cd/m² ,0.277 mm ,Yes ,Yes ,FreeSync ,No ,,178° H x 178° V , 1 x DisplayPort | 2 x HDMI | 
Asus ProArt Display PA32UCR-K,Asus , 90LM03H3-B013B0 | PA32UCR-K | 90LM03H3-B02370 | ,"32"" ",3840 x 2160 ,60 Hz ,5 ms ,IPS Mini LED ,16:9 ,Black ,1000 cd/m² ,0.184 mm ,Yes ,No ,None ,Yes ,100 x 100 ,178° H x 178° V , 1 x DisplayPort 1.2 | 3 x HDMI 2.0 | 1 x USB Type-C | 
Asus ROG Strix XG32AQ,Asus , 90LM08A0-B011B0 | ROG Strix XG32AQ | 90lm08a0-b01170 | XG32AQ | ,"32"" ",2560 x 1440 ,175 Hz ,1 ms ,IPS ,16:9 ,Black ,600 cd/m² ,0.277 mm ,Yes ,No , FreeSync Premium Pro | G-Sync Compatible | ,No ,100 x 100 ,178° H x 178° V , 1 x DisplayPort 1.2 | 2 x HDMI 2.0 | 
Dell E2313H,Dell ,469-3940 ,"23"" ",1920 x 1080 ,60 Hz ,5 ms ,TN ,16:9 ,,250 cd/m² ,0.265 mm ,Yes ,No ,None ,No ,100 x 100 ,170° H x 160° V , 1 x DVI | 1 x VGA | 
LG 34UB88-P,LG ,34UB88-P ,"34"" ",3440 x 1440 ,75 Hz ,5 ms ,IPS ,21:9 ,Black ,300 cd/m² ,0.232 mm ,Yes ,No ,FreeSync ,Yes ,,178° H x 178° V , 1 x DisplayPort | 2 x HDMI | 
Asus ROG Strix XG27UQR,Asus , 90LM05A0-B023B0 | ROG-STRIX-XG27UQR | XG27UQR | 90LM05A0-B02370 | ,"27"" ",3840 x 2160 ,144 Hz ,,IPS ,16:9 ,,350 cd/m² ,0.156 mm ,Yes ,No ,G-Sync Compatible ,No ,100 x 100 ,178° H x 178° V , 2 x DisplayPort 1.4 | 2 x HDMI 2.0 | 
AOC CQ27G3S,AOC , CQ27G3S | CQ27G3S/BK | ,"27"" ",2560 x 1440 ,165 Hz ,,VA ,16:9 ,Silver / Black ,,0.233 mm ,Yes ,Yes ,FreeSync Premium ,No ,100 x 100 ,178° H x 178° V , 1 x DisplayPort 1.2 | 2 x HDMI 2.0 | 
LG 34WP60C-B,LG ,34WP60C-B ,"34"" ",3440 x 1440 ,160 Hz ,5 ms ,VA ,21:9 ,,300 cd/m² ,0.232 mm ,Yes ,Yes ,FreeSync Premium ,No ,100 x 100 ,178° H x 178° V , 1 x DisplayPort | 2 x HDMI | 
Lenovo ThinkVision E29w-20,Lenovo ,62CEGAR3US ,"29"" ",2560 x 1080 ,90 Hz ,4 ms ,IPS ,21:9 ,Black ,300 cd/m² ,0.265 mm ,Yes ,No ,FreeSync ,Yes ,100 x 100 ,178° H x 178° V , 1 x DisplayPort 1.2 | 1 x HDMI 1.4 | 
LG 27UK850-W,LG ,27UK850-W ,"27"" ",3840 x 2160 ,60 Hz ,5 ms ,IPS ,16:9 ,White ,350 cd/m² ,0.156 mm ,Yes ,No ,FreeSync ,Yes ,,178° H x 178° V , 1 x DisplayPort | 2 x HDMI | 
LG 27MP60G-B,LG , 27MP60G-B | 27MP60G-B.AEU | ,"27"" ",1920 x 1080 ,75 Hz ,5 ms ,IPS ,16:9 ,,250 cd/m² ,0.311 mm ,Yes ,No ,FreeSync ,No ,100 x 100 ,178° H x 178° V , 1 x DisplayPort | 1 x HDMI | 1 x VGA | 
Philips 272S1M/00,Philips , 272S1M/00 | 272S1M/27 | 272S1M | ,"27"" ",1920 x 1080 ,75 Hz ,4 ms ,IPS ,16:9 ,Black ,300 cd/m² ,0.311 mm ,Yes ,No ,FreeSync ,Yes ,,178° H x 178° V , 1 x DisplayPort 1.2 | 1 x DVI | 1 x HDMI 1.4 | 1 x VGA | 
BenQ XL2740,BenQ , XL2740 | 9H.LGMLB.QBE | ,"27"" ",1920 x 1080 ,240 Hz ,1 ms ,TN ,16:9 ,Black ,320 cd/m² ,0.311 mm ,Yes ,No ,G-Sync Compatible ,No ,,170° H x 160° V , 1 x DisplayPort | 1 x DVI | 2 x HDMI | 
Sceptre C248W-1920R,Sceptre ,C248W-1920R ,"23.6"" ",1920 x 1080 ,75 Hz ,5 ms ,VA ,16:9 ,Black ,250 cd/m² ,0.272 mm ,Yes ,Yes ,None ,Yes ,,178° H x 178° V , 1 x DisplayPort | 1 x HDMI | 1 x VGA | 
Samsung LS24F354FHNXZA,Samsung ,LS24F354FHNXZA ,"23.5"" ",1920 x 1080 ,60 Hz ,4 ms ,PLS ,16:9 ,Black ,250 cd/m² ,0.271 mm ,Yes ,No ,FreeSync ,No ,,178° H x 178° V , 1 x HDMI | 1 x VGA | 
Acer XV240Y Pbmiiprx,Acer , UM.QX0AA.P01 | XV240Y Pbmiiprx | ,"23.8"" ",1920 x 1080 ,165 Hz ,,IPS ,16:9 ,Black / Red ,250 cd/m² ,0.274 mm ,Yes ,No ,FreeSync ,Yes ,,178° H x 178° V , 1 x DisplayPort | 2 x HDMI | 
LG 38WN95C-W,LG , 38WN95C-W | 38WN95C-W.AEU | 38WN95C-W.AUS | ,"38"" ",3840 x 1600 ,144 Hz ,1 ms ,IPS ,12:5 ,Silver ,450 cd/m² ,0.232 mm ,Yes ,Yes , FreeSync Premium Pro | G-Sync Compatible | ,No ,,178° H x 178° V , 1 x DisplayPort | 2 x HDMI | 
AOC AGON Pro AG344UXM,AOC , AG344UXM | AGON Pro AG344UXM | ,"34"" ",3440 x 1440 ,170 Hz ,1 ms ,IPS Mini LED ,21:9 ,Black / Red ,,0.232 mm ,Yes ,No , FreeSync Premium | G-Sync Compatible | ,Yes ,100 x 100 ,, 1 x DisplayPort 1.4 | 2 x HDMI 2.1 | 1 x USB Type-C 3.2 Gen 2 | 
Samsung ViewFinity S70A,Samsung , LS32A704NWNXZA | S32A704NWN | ,"31.5"" ",3840 x 2160 ,60 Hz ,5 ms ,VA ,16:9 ,Black ,300 cd/m² ,0.182 mm ,Yes ,No ,None ,No ,100 x 100 ,178° H x 178° V , 1 x DisplayPort 1.2 | 1 x HDMI 2.0 | 
Philips 346E2CUAE,Philips , 346E2CUAE | 346E2CUAE/27 | ,"34"" ",3440 x 1440 ,100 Hz ,,VA ,21:9 ,Black ,300 cd/m² ,0.232 mm ,Yes ,Yes ,FreeSync Premium ,Yes ,,178° H x 178° V , 1 x DisplayPort 1.2 | 1 x HDMI 2.0 | 
Cooler Master GM2711S,Cooler Master , GM2711S | CMI-GM2711S-AP | CMI-GM2711S-EK | CMI-GM2711S-US | CMI-GM2711S | ,"27"" ",2560 x 1440 ,180 Hz ,2 ms ,IPS ,16:9 ,Black ,350 cd/m² ,0.233 mm ,Yes ,No ,FreeSync ,Yes ,100 x 100 ,178° H x 178° V , 1 x DisplayPort 1.4 | 2 x HDMI 2.0 | 
Asus VE248H,Asus ,VE248H ,"24"" ",1920 x 1080 ,,2 ms ,,16:9 ,,250 cd/m² ,0.277 mm ,Yes ,No ,None ,Yes ,100 x 100 ,170° H x 160° V , 1 x DVI | 1 x HDMI | 1 x VGA | 
HP LP2475w,HP ,KD911A8#ABA ,"24"" ",1920 x 1200 ,,6 ms ,IPS ,16:10 ,,400 cd/m² ,0.269 mm ,Yes ,No ,None ,No ,100 x 100 ,178° H x 178° V , 1 x Component | 1 x DisplayPort | 2 x DVI | 1 x HDMI | 1 x S-Video | 
Dell P2012H,Dell , 469-1624 | P2012H | ,"20"" ",1600 x 900 ,60 Hz ,5 ms ,TN ,16:9 ,,250 cd/m² ,0.277 mm ,Yes ,No ,None ,No ,100 x 100 ,170° H x 160° V , 1 x DVI | 1 x VGA | 
Asus VX24AH,Asus , VX24AH | 90LM0110-B01370 | ,"24"" ",2560 x 1440 ,60 Hz ,5 ms ,IPS ,16:9 ,,300 cd/m² ,0.208 mm ,Yes ,No ,None ,Yes ,,178° H x 178° V , 2 x HDMI | 1 x VGA | 
Dell 1909W,Dell ,1909W ,"19"" ",1440 x 900 ,60 Hz ,5 ms ,TN ,16:10 ,,300 cd/m² ,0.284 mm ,Yes ,No ,None ,No ,,160° H x 160° V , 1 x DVI | 1 x VGA | 
LG 27UD58-B,LG ,27UD58-B ,"27"" ",3840 x 2160 ,60 Hz ,5 ms ,IPS ,16:9 ,,250 cd/m² ,0.156 mm ,Yes ,No ,FreeSync ,No ,,178° H x 178° V , 1 x DisplayPort | 2 x HDMI | 
LG 24UD58-B,LG , 24UD58-B | 24UD58-B.AEU | ,"23.8"" ",3840 x 2160 ,60 Hz ,5 ms ,IPS ,16:9 ,,250 cd/m² ,0.137 mm ,Yes ,No ,FreeSync ,No ,100 x 100 ,178° H x 178° V , 1 x DisplayPort | 2 x HDMI | 
AOC E2460SH,AOC ,E2460SH ,"24"" ",1920 x 1080 ,60 Hz ,1 ms ,TN ,16:9 ,,250 cd/m² ,0.277 mm ,Yes ,No ,None ,Yes ,,170° H x 160° V , 1 x DVI | 1 x HDMI | 1 x VGA | 
AOC AG352UCG,AOC ,AG352UCG ,"35"" ",3440 x 1440 ,100 Hz ,4 ms ,VA ,21:9 ,,300 cd/m² ,0.238 mm ,Yes ,Yes ,G-Sync ,Yes ,,178° H x 178° V , 1 x DisplayPort | 1 x HDMI | 
MSI Optix MAG24C,MSI ,Optix MAG24C ,"23.6"" ",1920 x 1080 ,144 Hz ,1 ms ,VA ,16:9 ,Black ,250 cd/m² ,0.272 mm ,Yes ,Yes ,FreeSync ,No ,,178° H x 178° V , 1 x DisplayPort | 1 x DVI | 1 x HDMI | 
Dell P2417H,Dell , P2417H | K8W3D | 210-AIIM | 210-AJEX | ,"23.8"" ",1920 x 1080 ,60 Hz ,6 ms ,IPS ,16:9 ,Black ,250 cd/m² ,0.274 mm ,Yes ,No ,None ,No ,,178° H x 178° V , 1 x DisplayPort | 1 x HDMI | 1 x VGA | 
Asus ROG SWIFT PG27UQ,Asus , PG27UQ | ROG SWIFT PG27UQ | 90LM03A0-B01370 | ,"27"" ",3840 x 2160 ,144 Hz ,4 ms ,IPS ,16:9 ,Black ,1000 cd/m² ,0.156 mm ,Yes ,No ,G-Sync Ultimate ,No ,,178° H x 178° V , 1 x DisplayPort | 1 x HDMI | 
Acer XF270H Bbmiiprzx,Acer ,XF270H BBMIIPRZX ,"27"" ",1920 x 1080 ,144 Hz ,1 ms ,TN ,16:9 ,,400 cd/m² ,0.311 mm ,Yes ,No ,FreeSync ,Yes ,,170° H x 160° V , 1 x DisplayPort | 1 x HDMI | 
Dell P2418D,Dell , P2418D | DELL-P2418D | ,"24"" ",2560 x 1440 ,60 Hz ,5 ms ,IPS ,16:9 ,Silver ,300 cd/m² ,0.208 mm ,Yes ,No ,None ,No ,,178° H x 178° V , 1 x DisplayPort | 1 x HDMI | 
MSI Optix MAG27C,MSI ,Optix MAG27C ,"27"" ",1920 x 1080 ,144 Hz ,1 ms ,VA ,16:9 ,Black / Red ,250 cd/m² ,0.311 mm ,Yes ,Yes ,FreeSync ,No ,,178° H x 178° V , 1 x DisplayPort | 1 x DVI | 1 x HDMI | 
Sceptre C248B-144R,Sceptre ,C248B-144R ,"24"" ",1920 x 1080 ,144 Hz ,3 ms ,VA ,16:9 ,Black / Silver ,250 cd/m² ,0.277 mm ,Yes ,Yes ,FreeSync ,No ,,178° H x 178° V , 1 x DisplayPort | 1 x DVI | 1 x HDMI | 
AOC 24B1H,AOC ,24B1H ,"23.6"" ",1920 x 1080 ,60 Hz ,5 ms ,VA ,16:9 ,Black ,250 cd/m² ,0.272 mm ,Yes ,No ,None ,No ,,178° H x 178° V , 1 x HDMI | 1 x VGA | 
Dell SE2219H,Dell , SE2219H | 210-AQOL | DELL-SE2219H | ,"22"" ",1920 x 1080 ,60 Hz ,5 ms ,IPS ,16:9 ,Silver / Black ,250 cd/m² ,0.254 mm ,Yes ,No ,None ,No ,,178° H x 178° V , 1 x HDMI | 1 x VGA | 
LG 38GL950G-B,LG , 38GL950G-B | 38GL950G-B.AEU | ,"37.5"" ",3840 x 1600 ,175 Hz ,,IPS ,12:5 ,,400 cd/m² ,0.229 mm ,Yes ,Yes ,G-Sync ,No ,,178° H x 178° V , 1 x DisplayPort | 1 x HDMI | 
MSI Optix MPG341CQR,MSI , Optix MPG341CQR | MPG341CQR | 9S6-3DA05T-002 | ,"34"" ",3440 x 1440 ,144 Hz ,1 ms ,VA ,21:9 ,Black ,400 cd/m² ,0.232 mm ,Yes ,Yes ,FreeSync ,No ,,178° H x 178° V , 1 x DisplayPort | 2 x HDMI | 
Prism M27EQ,Prism , PRISM M27EQ REAL165 | M27EQ REAL165Hz | ,"27"" ",2560 x 1440 ,165 Hz ,1 ms ,TN ,16:9 ,Black ,300 cd/m² ,0.233 mm ,Yes ,No ,FreeSync ,No ,,170° H x 160° V , 1 x DisplayPort | 1 x DVI-D Dual Link | 2 x HDMI | 
BenQ GL2480,BenQ , GL2480 | 9H.LHXLB.QBE | ,"24"" ",1920 x 1080 ,75 Hz ,1 ms ,TN ,16:9 ,Black ,250 cd/m² ,0.277 mm ,Yes ,No ,None ,No ,,170° H x 160° V , 1 x DVI | 1 x HDMI | 1 x VGA | 
Dell SE2719H,Dell ,SE2719H ,"27"" ",1920 x 1080 ,60 Hz ,5 ms ,IPS ,16:9 ,Black ,300 cd/m² ,0.311 mm ,Yes ,No ,None ,No ,,178° H x 178° V , 1 x HDMI | 1 x VGA | 
HP 27xq,HP , 27xq | 3WL54AA | ,"27"" ",2560 x 1440 ,144 Hz ,1 ms ,TN ,16:9 ,Black ,350 cd/m² ,0.233 mm ,Yes ,No ,FreeSync ,No ,,170° H x 160° V , 1 x DisplayPort | 1 x HDMI | 
Lenovo ThinkVision T24i-19,Lenovo ,61D6MAR2US ,"23.8"" ",1920 x 1080 ,60 Hz ,6 ms ,IPS ,16:9 ,,250 cd/m² ,0.274 mm ,Yes ,No ,None ,Yes ,,178° H x 178° V , 1 x DisplayPort | 1 x HDMI | 1 x VGA | 
Philips 273V7QJAB,Philips , 273V7QJAB | 273V7QJAB/27 | ,"27"" ",1920 x 1080 ,60 Hz ,4 ms ,IPS ,16:9 ,Black ,250 cd/m² ,0.311 mm ,Yes ,No ,None ,Yes ,,178° H x 178° V , 1 x DisplayPort | 1 x HDMI | 1 x VGA | 
Samsung C27JG56,Samsung , LC27JG56QQNXZA | C27JG56 | ,"27"" ",2560 x 1440 ,144 Hz ,4 ms ,VA ,16:9 ,Black ,300 cd/m² ,0.233 mm ,Yes ,Yes ,FreeSync ,No ,75 x 75 ,178° H x 178° V , 1 x DisplayPort | 2 x HDMI | 
Sceptre E248W-19203S,Sceptre ,E248W-19203S ,"23.8"" ",1920 x 1080 ,75 Hz ,3.5 ms ,VA ,16:9 ,,300 cd/m² ,0.274 mm ,Yes ,No ,None ,Yes ,,178° H x 178° V , 2 x HDMI | 1 x VGA | 
Pixio PXC243,Pixio ,PXC243 ,"23.6"" ",1920 x 1080 ,144 Hz ,3 ms ,VA ,16:9 ,Black ,250 cd/m² ,0.272 mm ,Yes ,Yes ,FreeSync ,No ,,178° H x 178° V , 1 x DisplayPort | 1 x DVI | 1 x HDMI | 
Acer Nitro XZ272U Pbmiiphx,Acer ,UM.HX2AA.P06 ,"27"" ",2560 x 1440 ,165 Hz ,4 ms ,VA ,16:9 ,Black / Red ,400 cd/m² ,0.233 mm ,Yes ,Yes ,FreeSync ,Yes ,,178° H x 178° V , 1 x DisplayPort | 1 x HDMI | 
Acer Nitro XF252Q,Acer ,UM.KX2EE.X01 ,"24.5"" ",1920 x 1080 ,240 Hz ,1 ms ,TN ,16:9 ,,400 cd/m² ,0.282 mm ,Yes ,No ,FreeSync ,Yes ,,170° H x 160° V , 1 x DisplayPort | 2 x HDMI | 
Lenovo ThinkVision P27q-20,Lenovo ,61EAGAR6US ,"27"" ",2560 x 1440 ,60 Hz ,4 ms ,IPS ,16:9 ,Black / Red ,350 cd/m² ,0.233 mm ,Yes ,No ,None ,No ,,178° H x 178° V , 1 x DisplayPort | 1 x HDMI | 
Asus VP247QG,Asus ,VP247QG ,"23.6"" ",1920 x 1080 ,75 Hz ,1 ms ,TN ,16:9 ,Black ,250 cd/m² ,0.272 mm ,Yes ,No ,FreeSync ,Yes ,,170° H x 160° V , 1 x DisplayPort | 1 x HDMI | 1 x VGA | 
Philips 242E1GSJ,Philips , 242E1GSJ | 242E1GSJ/27 | ,"23.8"" ",1920 x 1080 ,144 Hz ,4 ms ,VA ,16:9 ,,350 cd/m² ,0.274 mm ,Yes ,No ,FreeSync Premium ,No ,,178° H x 178° V , 1 x DisplayPort | 1 x HDMI | 
MSI Optix G242,MSI , Optix G242 | 9S6-3BA41T-029 | ,"23.8"" ",1920 x 1080 ,144 Hz ,1 ms ,IPS ,16:9 ,Black ,250 cd/m² ,0.274 mm ,Yes ,No ,FreeSync ,No ,,178° H x 178° V , 1 x DisplayPort | 2 x HDMI | 
Dell U2421HE,Dell ,U2421HE ,"24"" ",1920 x 1080 ,60 Hz ,5 ms ,IPS ,16:9 ,Silver / Black ,250 cd/m² ,0.277 mm ,Yes ,No ,None ,No ,,178° H x 178° V , 1 x DisplayPort | 1 x HDMI | 
Gigabyte ‎AORUS FI25F,Gigabyte , AORUS FI25F-SA | AORUS FI25F | FI25F | FI25F-EK | ,"24.5"" ",1920 x 1080 ,240 Hz ,,IPS ,16:9 ,,400 cd/m² ,0.282 mm ,Yes ,No , FreeSync Premium | G-Sync Compatible | ,No ,,178° H x 178° V , 1 x DisplayPort | 2 x HDMI | 
AOC AG254FG,AOC ,AG254FG ,"24.5"" ",1920 x 1080 ,360 Hz ,1 ms ,IPS ,16:9 ,Black / Red ,400 cd/m² ,0.282 mm ,Yes ,No ,G-Sync ,Yes ,,178° H x 178° V , 1 x DisplayPort 1.4 | 2 x HDMI 2.0 | 
Samsung M70UA,Samsung ,LS43AM702UNXZA ,"43"" ",3840 x 2160 ,60 Hz ,8 ms ,VA ,16:9 ,Black ,300 cd/m² ,0.248 mm ,Yes ,No ,None ,Yes ,,178° H x 178° V , 2 x HDMI 2.0 | 1 x USB Type-C | 
Acer VG271 Sbmiipx,Acer , UM.HV1AA.S03 | VG271 Sbmiipx | ,"27"" ",1920 x 1080 ,165 Hz ,,IPS ,16:9 ,Black ,400 cd/m² ,0.311 mm ,Yes ,No ,None ,No ,100 x 100 ,178° H x 178° V , 1 x DisplayPort 1.2 | 1 x HDMI 2.0 | 
Acer XF270H Bbmiiprx,Acer , UM.HX0AA.B03 | XF270H Bbmiiprx | ,"27"" ",1920 x 1080 ,144 Hz ,,TN ,16:9 ,Black ,400 cd/m² ,0.311 mm ,Yes ,No , FreeSync | G-Sync | ,Yes ,100 x 100 ,170° H x 160° V , 1 x DisplayPort | 2 x HDMI | 
Acer KA222Q Abi,Acer , UM.WX2AA.A01 | KA222Q Abi | ,"21.5"" ",1920 x 1080 ,75 Hz ,,VA ,16:9 ,Black ,250 cd/m² ,0.248 mm ,Yes ,No ,None ,No ,100 x 100 ,178° H x 178° V , 1 x HDMI 1.4 | 1 x VGA | 
Dell G2722HS,Dell , 210-BDQB | G2722HS | 4RDMV | ,"27"" ",1920 x 1080 ,165 Hz ,1 ms ,IPS ,16:9 ,,350 cd/m² ,0.311 mm ,Yes ,No ,G-Sync ,No ,100 x 100 ,178° H x 178° V , 1 x DisplayPort 1.2 | 2 x HDMI | 
MSI Optix G27C7,MSI ,Optix G27C7 ,"27"" ",1920 x 1080 ,165 Hz ,,VA ,16:9 ,,250 cd/m² ,0.311 mm ,Yes ,Yes ,FreeSync Premium ,No ,100 x 100 ,178° H x 178° V , 1 x DisplayPort 1.4 | 2 x HDMI 2.0 | 
MSI Creator PS321QR,MSI , Creator PS321QR | 9S6-3DA88T-001 | ,"32"" ",2560 x 1440 ,165 Hz ,1 ms ,IPS ,16:9 ,,400 cd/m² ,0.277 mm ,Yes ,No ,None ,No ,100 x 100 ,178° H x 178° V , 1 x DisplayPort 1.2 | 2 x HDMI 2.0b | 1 x USB Type-C | 
MSI PRO MP221,MSI ,PRO MP221 ,"21.5"" ",1920 x 1080 ,60 Hz ,,TN ,16:9 ,,250 cd/m² ,0.248 mm ,Yes ,No ,None ,No ,100 x 100 ,170° H x 160° V , 1 x HDMI 1.4 | 1 x VGA | 
MSI PRO MP273W,MSI ,PRO MP273W ,"27"" ",1920 x 1080 ,75 Hz ,5 ms ,IPS ,16:9 ,,250 cd/m² ,0.311 mm ,Yes ,No ,None ,Yes ,75 x 75 ,178° H x 178° V , 1 x DisplayPort 1.2a | 1 x HDMI 1.4 | 
Asus VZ24EHE,Asus , 90LM07C3-B014B0 | ASUS-VZ24EHE | ,"23.8"" ",1920 x 1080 ,75 Hz ,,IPS ,16:9 ,,250 cd/m² ,0.274 mm ,Yes ,No ,FreeSync ,No ,75 x 75 ,178° H x 178° V , 1 x HDMI 1.4 | 1 x VGA | 
Philips 272E1GSJ,Philips , 272E1GSJ | 272E1GSJ/27 | ,"27"" ",1920 x 1080 ,144 Hz ,4 ms ,VA ,16:9 ,Black ,350 cd/m² ,0.311 mm ,Yes ,No ,FreeSync Premium ,No ,,178° H x 178° V , 1 x DisplayPort | 1 x HDMI | 
Acer AOPEN ‎34HC5CUR Pbmiiphx,Acer ,UM.CW5AA.P02 ,"34"" ",3440 x 1440 ,144 Hz ,,VA ,21:9 ,Black / Red ,250 cd/m² ,0.232 mm ,Yes ,Yes ,FreeSync ,Yes ,100 x 100 ,178° H x 178° V , 1 x DisplayPort | 2 x HDMI | 
Acer Predator X25 bmiiprzx,Acer , X25 bmiiprzx | UM.KX0AA.003 | ,"24.5"" ",1920 x 1080 ,360 Hz ,,IPS ,16:9 ,Black ,400 cd/m² ,0.282 mm ,Yes ,No ,G-Sync ,No ,100 x 100 ,178° H x 178° V , 1 x DisplayPort | 1 x HDMI | 
Samsung Odyssey Neo G9,Samsung ,LS49AG950NEXXS ,"49"" ",5120 x 1440 ,240 Hz ,1 ms ,VA ,32:9 ,Black ,2000 cd/m² ,0.234 mm ,Yes ,Yes , FreeSync Premium Pro | G-Sync Compatible | ,No ,100 x 100 ,178° H x 178° V , 1 x DisplayPort 1.4 | 2 x HDMI 2.1 | 
Asus ROG Strix XG27AQM-G EVA Edition,Asus , XG27AQM-G | 90LM06U5-B023B0 | ROG Strix XG27AQM-G EVA Edition | Strix XG27AQM-G EVA | ROG Strix XG27AQM-G EVA | Strix XG27AQM-G EVA Edition | ,"27"" ",2560 x 1440 ,270 Hz ,0.5 ms ,IPS ,16:9 ,,400 cd/m² ,0.233 mm ,Yes ,No , FreeSync | G-Sync Compatible | ,No ,100 x 100 ,178° H x 178° V , 2 x DisplayPort 1.4 | 2 x HDMI 2.0 | 
Acer Vero B7 B247Y E,Acer ,UM.QB7AA.E01 ,"23.8"" ",1920 x 1080 ,100 Hz ,4 ms ,,16:9 ,Black ,250 cd/m² ,0.274 mm ,Yes ,No ,FreeSync ,Yes ,100 x 100 ,178° H x 178° V , 1 x DisplayPort 1.2 | 1 x HDMI 1.4 | 1 x VGA | 
Acer Vero B7 B247Y H,Acer ,UM.QB7AA.H01 ,"23.8"" ",1920 x 1080 ,100 Hz ,4 ms ,VA ,16:9 ,Black ,250 cd/m² ,0.274 mm ,Yes ,No ,FreeSync ,Yes ,100 x 100 ,178° H x 178° V , 1 x DisplayPort 1.2 | 1 x HDMI 1.4 | 1 x VGA | 
HP M27fwa,HP ,356D5AA#ABA ,"27"" ",1920 x 1080 ,75 Hz ,5 ms ,IPS ,16:9 ,Silver ,300 cd/m² ,0.311 mm ,Yes ,No ,FreeSync ,Yes ,,178° H x 178° V , 2 x HDMI 1.4 | 1 x VGA | 
Lenovo ThinkVision S22e-20,Lenovo ,62C6KAR1US ,"21.5"" ",1920 x 1080 ,75 Hz ,4 ms ,VA ,16:9 ,Black ,250 cd/m² ,0.248 mm ,Yes ,No ,None ,No ,,178° H x 178° V , 1 x HDMI | 1 x VGA | 
MSI Optix G27C4 E2,MSI ,Optix G27C4 E2 ,"27"" ",1920 x 1080 ,170 Hz ,,VA ,16:9 ,Black ,,0.311 mm ,Yes ,Yes ,FreeSync ,No ,100 x 100 ,178° H x 178° V , 1 x DisplayPort 1.2a | 2 x HDMI 1.4 | 
Samsung M70B,Samsung , LS32BM702UNXGO | S32BM702UN | ,"32"" ",3840 x 2160 ,60 Hz ,4 ms ,VA ,16:9 ,Black ,300 cd/m² ,0.184 mm ,Yes ,No ,None ,Yes ,100 x 100 ,178° H x 178° V , 2 x HDMI 2.0 | 1 x USB Type-C | 
Samsung S39C,Samsung , LS32C392EANXGO | S32C392EAN | ,"32"" ",1920 x 1080 ,75 Hz ,4 ms ,,16:9 ,Black ,250 cd/m² ,0.369 mm ,Yes ,Yes ,FreeSync ,No ,,178° H x 178° V , 1 x DisplayPort 1.2 | 2 x HDMI 1.4 | 
Samsung M80C,Samsung , LS32CM80PUNXZA | S32CM80PUN | ,"32"" ",3840 x 2160 ,60 Hz ,4 ms ,VA ,16:9 ,Pink ,400 cd/m² ,0.184 mm ,Yes ,No ,None ,No ,,178° H x 178° V , 1 x HDMI 2.0 | 1 x USB Type-C | 
ViewSonic OMNI VX2728-2K,ViewSonic ,VX2728-2K ,"27"" ",2560 x 1440 ,165 Hz ,,IPS ,16:9 ,Black ,250 cd/m² ,0.233 mm ,Yes ,No ,FreeSync Premium ,Yes ,100 x 100 ,178° H x 178° V , 1 x DisplayPort | 2 x HDMI 2.0 | 
Philips Evnia 279M1RV,Philips , 279M1RV | 279M1RV/27 | ,"27"" ",3840 x 2160 ,120 Hz ,1 ms ,Nano IPS ,16:9 ,Black ,450 cd/m² ,0.156 mm ,Yes ,No , FreeSync Premium Pro | G-Sync Compatible | ,Yes ,100 x 100 ,178° H x 178° V , 1 x DisplayPort 1.4 | 3 x HDMI 2.1 | 1 x USB Type-C | 
AOC CQ27G2S/BK,AOC ,CQ27G2S/BK ,"27"" ",2560 x 1440 ,165 Hz ,4 ms ,VA ,16:9 ,Black / Red ,250 cd/m² ,0.233 mm ,Yes ,Yes ,FreeSync ,No ,100 x 100 ,178° H x 178° V , 1 x DisplayPort 1.4 | 2 x HDMI 2.0 | 
Titan Army P27A2R,Titan Army ,P27A2R ,"27"" ",2560 x 1440 ,180 Hz ,1 ms ,IPS ,16:9 ,Black ,,0.233 mm ,Yes ,No , FreeSync | G-Sync Compatible | ,No ,75 x 75 ,178° H x 178° V , 2 x DisplayPort 1.4 | 2 x HDMI 2.1 | 
Pixio PX246 Wave,Pixio ,810166730716 ,"24"" ",1920 x 1080 ,120 Hz ,4 ms ,IPS ,16:9 ,Blue ,300 cd/m² ,0.277 mm ,Yes ,No ,FreeSync ,Yes ,100 x 100 ,178° H x 178° V , 1 x HDMI 2.0 | 1 x VGA | 
MSI PRO MP243XP,MSI ,PRO MP243XP ,"23.8"" ",1920 x 1080 ,100 Hz ,,IPS ,16:9 ,Black ,,0.274 mm ,Yes ,No ,FreeSync ,Yes ,75 x 75 ,178° H x 178° V , 1 x DisplayPort 1.2a | 1 x HDMI 1.4 | 
iiyama ProLite XUB2493HS-B5,iiyama ,XUB2493HS B5 ,"23.8"" ",1920 x 1080 ,75 Hz ,4 ms ,IPS ,16:9 ,Black ,250 cd/m² ,0.274 mm ,Yes ,No ,FreeSync ,Yes ,100 x 100 ,178° H x 178° V , 1 x DisplayPort | 1 x HDMI | 
Samsung S32BG700EU,Samsung ,LS32BG700EUXEN ,"32"" ",3840 x 2160 ,144 Hz ,1 ms ,IPS ,16:9 ,Black ,350 cd/m² ,0.184 mm ,Yes ,No , FreeSync Premium Pro | G-Sync Compatible | ,Yes ,100 x 100 ,178° H x 178° V , 1 x DisplayPort 1.4 | 2 x HDMI 2.1 | 
Acer XV340CK Pbmiipphzx,Acer , UM.CX0AA.P05 | XV340CK Pbmiipphzx | ,"34"" ",3440 x 1440 ,144 Hz ,,IPS ,21:9 ,Black ,250 cd/m² ,0.232 mm ,Yes ,No ,FreeSync ,Yes ,100 x 100 ,178° H x 178° V , 2 x DisplayPort | 2 x HDMI | 
MSI MAG 275CQRF-QD,MSI , MAG275CQRF QD | 9S6-3CD24T-001 | ,"27"" ",2560 x 1440 ,170 Hz ,1 ms ,VA ,16:9 ,Black ,300 cd/m² ,0.233 mm ,Yes ,Yes ,FreeSync ,No ,,178° H x 178° V , 1 x DisplayPort 1.2a | 2 x HDMI 2.0b | 1 x USB Type-C | 
BenQ PD2705UA,BenQ ,PD2705UA ,"27"" ",3840 x 2160 ,60 Hz ,5 ms ,IPS ,16:9 ,Black ,350 cd/m² ,0.156 mm ,Yes ,No ,None ,Yes ,100 x 100 ,178° H x 178° V , 1 x DisplayPort 1.4 | 1 x HDMI 2.0 | 1 x USB Type-C | 
LG 34WP75C-B,LG ,34WP75C-B ,"34"" ",3440 x 1440 ,160 Hz ,5 ms ,VA ,21:9 ,Black ,300 cd/m² ,0.232 mm ,Yes ,Yes ,FreeSync Premium ,Yes ,100 x 100 ,178° H x 178° V , 1 x DisplayPort | 1 x HDMI | 1 x USB Type-C | 
Asus VA24DCP,Asus , 90LM0545-B013B0 | VA24DCP | 90LM0545-B02370 | ,"23.8"" ",1920 x 1080 ,75 Hz ,5 ms ,IPS ,16:9 ,,250 cd/m² ,0.274 mm ,Yes ,No ,FreeSync ,Yes ,100 x 100 ,178° H x 178° V , 1 x HDMI 1.4 | 1 x USB Type-C | 
Samsung ViewFinity S65UA,Samsung ,LS34A654UBNXGO ,"34"" ",3440 x 1440 ,100 Hz ,5 ms ,VA ,21:9 ,Black ,350 cd/m² ,0.232 mm ,Yes ,Yes ,FreeSync ,No ,,178° H x 178° V ,1 x USB Type-C 
Dell E2422H,Dell , 210-BBUR | 61NF1 | E2422H | ,"24"" ",1920 x 1080 ,60 Hz ,5 ms ,IPS ,16:9 ,,250 cd/m² ,0.277 mm ,Yes ,No ,None ,No ,100 x 100 ,178° H x 178° V , 1 x DisplayPort 1.2 | 1 x VGA | 
Acer Predator X45 bmiiphuzx,Acer , UM.MXXAA.001 | Predator X45 bmiiphuzx | UM.MXXEE.001 | ,"44.5"" ",3440 x 1440 ,240 Hz ,0.03 ms ,OLED ,21:9 ,Black / Silver ,1000 cd/m² ,0.303 mm ,Yes ,Yes ,FreeSync Premium ,Yes ,200 x 100 ,178° H x 178° V , 1 x DisplayPort 1.4 | 1 x HDMI 2.0 | 1 x USB Type-C | 
MSI PRO MP242PMG,MSI ,PRO MP242PMG ,"23.8"" ",1920 x 1080 ,120 Hz ,4 ms ,IPS ,16:9 ,Black ,300 cd/m² ,0.274 mm ,Yes ,No ,FreeSync ,Yes ,100 x 100 ,178° H x 178° V , 1 x DisplayPort 1.2a | 1 x HDMI 1.4 | 1 x VGA | 
LG 24MK400H-B,LG , 24MK400H-B | 24MK400H-B.AUS | ,"24"" ",1920 x 1080 ,75 Hz ,1 ms ,TN ,16:9 ,Black ,150 cd/m² ,0.277 mm ,Yes ,No ,FreeSync ,No ,,170° H x 160° V , 1 x HDMI | 1 x VGA | 
ViewEra V178HB,ViewEra ,V178HB ,"17"" ",1280 x 1024 ,60 Hz ,5 ms ,TN ,5:4 ,Black ,250 cd/m² ,0.263 mm ,No ,No ,None ,Yes ,,170° H x 160° V , 1 x BNC | 1 x HDMI | 1 x VGA | 
ViewSonic VA2256-MHD,ViewSonic ,VA2256-MHD ,"21.5"" ",1920 x 1080 ,60 Hz ,7 ms ,IPS ,16:9 ,Black ,250 cd/m² ,0.248 mm ,Yes ,No ,None ,Yes ,,178° H x 178° V , 1 x DisplayPort | 1 x HDMI | 1 x VGA | 
Gigabyte AORUS FO48U,Gigabyte , FO48U | AORUS FO48U | 9DAFO48U-00-1ABEK | AORUS FO48U-EK | FO48U-EK | ,"47.53"" ",3840 x 2160 ,,1 ms ,OLED ,16:9 ,Black ,900 cd/m² ,0.274 mm ,Yes ,No ,FreeSync Premium ,No ,,178° H x 178° V , 1 x DisplayPort | 2 x HDMI | 
MSI Optix MAG281URF,MSI , Optix MAG281URF | MAG OPTIX MAG281URF | MAG281URF | ,"27.9"" ",3840 x 2160 ,144 Hz ,1 ms ,IPS ,16:9 ,Black ,400 cd/m² ,0.161 mm ,Yes ,No ,G-Sync Compatible ,No ,100 x 100 ,178° H x 178° V , 1 x DisplayPort | 2 x HDMI | 
Acer SB220Q bi,Acer , UM.WS0AA.003 | SB220Q bi | ,"21.5"" ",1920 x 1080 ,75 Hz ,4 ms ,IPS ,16:9 ,Black ,250 cd/m² ,0.248 mm ,Yes ,No ,FreeSync ,No ,,178° H x 178° V , 1 x HDMI | 1 x VGA | 
Lenovo Y32p-30,Lenovo ,66F9UAC6US ,"31.5"" ",3840 x 2160 ,144 Hz ,,IPS ,16:9 ,Black ,400 cd/m² ,0.182 mm ,Yes ,No ,None ,Yes ,,178° H x 178° V , 1 x DisplayPort 1.4 | 2 x HDMI 2.1 | 1 x USB Type-C 3.2 Gen 1 | 
AOC AG274QZM,AOC ,AG274QZM ,"27"" ",2560 x 1440 ,240 Hz ,1 ms ,IPS ,16:9 ,Black ,1000 cd/m² ,0.233 mm ,Yes ,No , FreeSync | G-Sync Compatible | ,Yes ,100 x 100 ,178° H x 178° V , 1 x DisplayPort 1.4 | 2 x HDMI 2.1 | 
Philips Evnia 5000,Philips , 32M1N5800A | 32M1N5800A/27 | 32M1N5800A/00 | ,"31.5"" ",3840 x 2160 ,144 Hz ,1 ms ,IPS ,16:9 ,Silver ,500 cd/m² ,0.182 mm ,Yes ,No , FreeSync Premium | G-Sync Compatible | ,Yes ,100 x 100 ,178° H x 178° V , 2 x DisplayPort 1.4 | 2 x HDMI 2.1 | 
Philips 325B1L,Philips , 325B1L | 325B1L/27 | ,"31.5"" ",2560 x 1440 ,75 Hz ,4 ms ,IPS ,16:9 ,Black ,250 cd/m² ,0.272 mm ,Yes ,No ,FreeSync ,Yes ,100 x 100 ,178° H x 178° V , 1 x DisplayPort 1.2 | 2 x HDMI 1.4 | 
MSI PRO MP245V,MSI ,PRO MP245V ,"23.8"" ",1920 x 1080 ,100 Hz ,4 ms ,VA ,16:9 ,Black ,300 cd/m² ,0.274 mm ,Yes ,No ,FreeSync ,No ,100 x 100 ,178° H x 178° V , 1 x HDMI 1.4 | 1 x VGA | 
Pixio PX279 Wave,Pixio ,PX279WAVEB ,"27"" ",1920 x 1080 ,240 Hz ,1 ms ,IPS ,16:9 ,Blue ,350 cd/m² ,0.311 mm ,Yes ,No ,FreeSync ,Yes ,75 x 75 ,178° H x 178° V , 1 x DisplayPort 1.4 | 2 x HDMI 2.0 | 
Dell P190S,Dell ,464-7115 ,"19"" ",1280 x 1024 ,60 Hz ,5 ms ,,5:4 ,,250 cd/m² ,0.294 mm ,No ,No ,None ,No ,,170° H x 160° V , 1 x DVI | 1 x VGA | 
Asus VC239H,Asus , VC239H | 90LM01E0-B02170 | ,"23"" ",1920 x 1080 ,60 Hz ,5 ms ,IPS ,16:9 ,,250 cd/m² ,0.265 mm ,Yes ,No ,None ,Yes ,,178° H x 178° V , 1 x DVI | 1 x HDMI | 1 x VGA | 
LG 24ML600M-B,LG ,24ML600M-B ,"24"" ",1920 x 1080 ,60 Hz ,5 ms ,IPS ,16:9 ,,250 cd/m² ,0.277 mm ,Yes ,No ,FreeSync ,No ,75 x 75 ,178° H x 178° V , 2 x HDMI | 1 x VGA | 
ViewSonic VX2418-P-MHD,ViewSonic ,VX2418-P-MHD ,"24"" ",1920 x 1080 ,165 Hz ,4 ms ,VA ,16:9 ,Black ,250 cd/m² ,0.277 mm ,Yes ,No ,FreeSync ,Yes ,100 x 100 ,178° H x 178° V , 1 x DisplayPort | 2 x HDMI 1.4 | 
Asus ProArt Display PA328QV,Asus , 90LM00X0-B023B0 | PROART-DISPLAY-PA328QV | PA328QV | 90LM00X0-B02370 | ,"31.5"" ",2560 x 1440 ,75 Hz ,5 ms ,IPS ,16:9 ,,350 cd/m² ,0.272 mm ,Yes ,No ,FreeSync ,Yes ,100 x 100 ,178° H x 178° V , 1 x DisplayPort 1.2 | 2 x HDMI 2.0 | 
Samsung Odyssey Neo G8,Samsung ,LS32BG850NPXXU ,"32"" ",3840 x 2160 ,240 Hz ,1 ms ,VA ,16:9 ,Black ,350 cd/m² ,0.184 mm ,Yes ,Yes ,FreeSync Premium Pro ,No ,100 x 100 ,178° H x 178° V , 1 x DisplayPort 1.4 | 2 x HDMI 2.1 | 
AOC U27G3X,AOC , U27G3X | U27G3X/BK | ,"27"" ",3840 x 2160 ,160 Hz ,,IPS ,16:9 ,Black / Red ,450 cd/m² ,0.156 mm ,Yes ,No , FreeSync | G-Sync Compatible | ,No ,100 x 100 ,178° H x 178° V , 2 x DisplayPort 1.4 | 2 x HDMI 2.1 | 
Asus VS248H-P,Asus ,VS248H-P ,"24"" ",1920 x 1080 ,,2 ms ,,16:9 ,,250 cd/m² ,0.277 mm ,Yes ,No ,None ,No ,100 x 100 ,170° H x 160° V , 1 x HDMI | 1 x VGA | 
Asus VE247H,Asus ,VE247H ,"23.6"" ",1920 x 1080 ,,2 ms ,,16:9 ,,300 cd/m² ,0.272 mm ,Yes ,No ,None ,Yes ,100 x 100 ,170° H x 160° V , 1 x DVI | 1 x HDMI | 1 x VGA | 
Asus VG236HE,Asus ,VG236HE ,"23"" ",1920 x 1080 ,120 Hz ,2 ms ,,16:9 ,,400 cd/m² ,0.265 mm ,Yes ,No ,None ,No ,100 x 100 ,170° H x 160° V , 1 x Component | 1 x DVI | 1 x HDMI | 
Acer S271HLbid,Acer ,ET.HS1HP.001 ,"27"" ",1920 x 1080 ,60 Hz ,5 ms ,TN ,16:9 ,,250 cd/m² ,0.311 mm ,Yes ,No ,None ,No ,,170° H x 160° V , 1 x DVI | 1 x HDMI | 1 x VGA | 
Samsung S19B420BW,Samsung ,S19B420BW ,"19"" ",1400 x 900 ,60 Hz ,5 ms ,,16:10 ,,260 cd/m² ,0.29 mm ,Yes ,No ,None ,No ,100 x 100 ,170° H x 160° V , 1 x DVI | 1 x VGA | 
HP ZR2440w,HP ,XW477A8#ABA ,"24"" ",1920 x 1200 ,60 Hz ,6 ms ,IPS ,16:10 ,,350 cd/m² ,0.269 mm ,Yes ,No ,None ,No ,,178° H x 178° V , 1 x DisplayPort | 1 x DVI | 1 x HDMI | 
Dell S2340M,Dell ,S2340M ,"23"" ",1920 x 1080 ,60 Hz ,7 ms ,IPS ,16:9 ,,250 cd/m² ,0.265 mm ,Yes ,No ,None ,No ,,178° H x 178° V , 1 x DVI | 1 x VGA | 
Dell P2314H,Dell ,P2314H ,"23"" ",1920 x 1080 ,60 Hz ,8 ms ,IPS ,16:9 ,,250 cd/m² ,0.265 mm ,Yes ,No ,None ,No ,100 x 100 ,178° H x 178° V , 1 x DisplayPort | 1 x DVI | 1 x VGA | 
Crossover 27Q LED-P,Crossover ,27Q LED-P ,"27"" ",2560 x 1440 ,60 Hz ,,IPS ,16:9 ,,380 cd/m² ,0.233 mm ,Yes ,No ,None ,No ,,178° H x 178° V ,1 x DVI-D Dual Link 
BenQ GL2450HT,BenQ ,GL2450HT ,"24"" ",1920 x 1080 ,60 Hz ,5 ms ,TN ,16:9 ,,250 cd/m² ,0.277 mm ,Yes ,No ,None ,Yes ,,170° H x 160° V , 1 x DVI-D Dual Link | 1 x HDMI | 1 x VGA | 
Samsung S27D590P,Samsung ,S27D590P ,"27"" ",1920 x 1080 ,60 Hz ,5 ms ,TN ,16:9 ,,300 cd/m² ,0.311 mm ,Yes ,No ,None ,No ,,178° H x 178° V , 2 x HDMI | 1 x VGA | 
Asus PB287Q,Asus , PB287Q | 90LM00R0-B02170 | ,"28"" ",3840 x 2160 ,60 Hz ,1 ms ,TN ,16:9 ,,300 cd/m² ,0.161 mm ,Yes ,No ,None ,Yes ,100 x 100 ,170° H x 160° V , 1 x DisplayPort | 2 x HDMI | 
Acer XB270HU bprz,Acer , XB270HU bprz | UM.HB0AA.001 | UM.HB0EE.009 | ,"27"" ",2560 x 1440 ,144 Hz ,4 ms ,IPS ,16:9 ,,350 cd/m² ,0.233 mm ,Yes ,No ,G-Sync ,No ,,178° H x 178° V ,1 x DisplayPort 
AOC Q2778VQE,AOC ,Q2778VQE ,"27"" ",2560 x 1440 ,60 Hz ,1 ms ,TN ,16:9 ,,350 cd/m² ,0.233 mm ,Yes ,No ,None ,No ,,170° H x 160° V , 1 x DisplayPort | 1 x DVI | 1 x HDMI | 1 x VGA | 
Samsung LU28E590DS/ZA,Samsung ,LU28E590DS/ZA ,"28"" ",3840 x 2160 ,60 Hz ,1 ms ,TN ,16:9 ,,370 cd/m² ,0.161 mm ,Yes ,No ,FreeSync ,No ,,170° H x 160° V , 1 x DisplayPort | 2 x HDMI | 
Asus VN247H,Asus ,VN247H ,"23.6"" ",1920 x 1080 ,60 Hz ,1 ms ,TN ,16:9 ,,250 cd/m² ,0.272 mm ,Yes ,No ,None ,Yes ,,170° H x 160° V , 1 x DVI | 2 x HDMI | 1 x VGA | 
Samsung S22E450B,Samsung ,S22E450B ,"21.5"" ",1920 x 1080 ,60 Hz ,5 ms ,TN ,16:9 ,,250 cd/m² ,0.248 mm ,Yes ,No ,None ,No ,,170° H x 160° V , 1 x DVI | 1 x VGA | 
Samsung S24E450D,Samsung ,S24E450D ,"24"" ",1920 x 1080 ,60 Hz ,5 ms ,TN ,16:9 ,,250 cd/m² ,0.277 mm ,Yes ,No ,None ,No ,,170° H x 160° V , 1 x DisplayPort | 1 x DVI | 1 x VGA | 
Acer XB241H bmipr,Acer , UM.FX1AA.001 | XB241H bmipr | XB241H | ,"24"" ",1920 x 1080 ,180 Hz ,1 ms ,TN ,16:9 ,,350 cd/m² ,0.277 mm ,Yes ,No ,G-Sync ,Yes ,,170° H x 160° V , 1 x DisplayPort | 1 x HDMI | 
LG 34UC79G-B,LG ,34UC79G-B ,"34"" ",2560 x 1080 ,144 Hz ,5 ms ,IPS ,21:9 ,,250 cd/m² ,0.311 mm ,Yes ,Yes ,FreeSync ,No ,100 x 100 ,178° H x 178° V , 1 x DisplayPort | 2 x HDMI | 
Samsung LC24FG70FQNXZA,Samsung ,LC24FG70FQNXZA ,"24"" ",1920 x 1080 ,144 Hz ,1 ms ,VA ,16:9 ,,350 cd/m² ,0.277 mm ,Yes ,Yes ,FreeSync ,No ,,178° H x 178° V , 1 x DisplayPort | 2 x HDMI | 
Asus VZ239H,Asus ,VZ239H ,"23"" ",1920 x 1080 ,60 Hz ,5 ms ,IPS ,16:9 ,,250 cd/m² ,0.265 mm ,Yes ,No ,None ,No ,,178° H x 178° V , 1 x HDMI | 1 x VGA | 
Acer Predator XB1,Acer , UM.HX1AA.A01 | XB271HU abmiprz | ,"27"" ",2560 x 1440 ,165 Hz ,4 ms ,TN ,16:9 ,,350 cd/m² ,0.233 mm ,Yes ,No ,G-Sync ,Yes ,,, 1 x DisplayPort | 1 x HDMI | 
Lenovo L24q,Lenovo ,65D2GCC3US ,"23.8"" ",2560 x 1440 ,60 Hz ,4 ms ,IPS ,16:9 ,,350 cd/m² ,0.206 mm ,Yes ,No ,None ,No ,,178° H x 178° V , 1 x DisplayPort | 1 x HDMI | 
BenQ PD3200U,BenQ , PD3200U | 9H.LF9LA.TBE | ,"32"" ",3840 x 2160 ,60 Hz ,4 ms ,IPS ,16:9 ,,350 cd/m² ,0.184 mm ,Yes ,No ,None ,Yes ,,178° H x 178° V , 1 x DisplayPort | 1 x Mini-DisplayPort | 2 x HDMI | 
Asus ROG Swift PG27VQ,Asus , PG27VQ | 90LM03N3-B01370 | ,"27"" ",2560 x 1440 ,165 Hz ,1 ms ,TN ,16:9 ,,400 cd/m² ,0.233 mm ,Yes ,Yes ,G-Sync ,No ,,170° H x 160° V , 1 x DisplayPort | 1 x HDMI | 
LG 27UK650-W,LG , 27UK650-W | 27UK650-W.AEU | ,"27"" ",3840 x 2160 ,60 Hz ,5 ms ,IPS ,16:9 ,White ,350 cd/m² ,0.156 mm ,Yes ,No ,FreeSync ,No ,,178° H x 178° V , 1 x DisplayPort | 2 x HDMI | 
Dell UltraSharp 2209WA,Dell ,2209WA ,"22"" ",1680 x 1050 ,60 Hz ,,IPS ,16:10 ,,300 cd/m² ,0.282 mm ,Yes ,No ,None ,No ,,178° H x 178° V , 1 x DVI | 1 x VGA | 
Acer KG271 Cbmidpx,Acer , KG271 Cbmidpx | UM.HX1AA.C02 | ,"27"" ",1920 x 1080 ,144 Hz ,1 ms ,TN ,16:9 ,Black / Red ,400 cd/m² ,0.311 mm ,Yes ,No ,FreeSync ,Yes ,,170° H x 160° V , 1 x DVI-D Dual Link | 1 x HDMI | 
ViewSonic VX2458-mhd,ViewSonic ,VX2458-mhd ,"23.6"" ",1920 x 1080 ,144 Hz ,5 ms ,TN ,16:9 ,Black / Red ,300 cd/m² ,0.272 mm ,Yes ,No ,FreeSync ,Yes ,,170° H x 160° V , 1 x DisplayPort | 2 x HDMI | 
Acer XF251Q bmiirx,Acer , XF251Q bmiirx | UM.KX1AA.003 | ,"24.5"" ",1920 x 1080 ,75 Hz ,1 ms ,TN ,16:9 ,,250 cd/m² ,0.282 mm ,Yes ,No ,FreeSync ,Yes ,,170° H x 160° V , 1 x HDMI | 1 x VGA | 
Dell U2719D,Dell ,U2719D ,"27"" ",2560 x 1440 ,60 Hz ,5 ms ,IPS ,16:9 ,Silver ,350 cd/m² ,0.233 mm ,Yes ,No ,None ,No ,,178° H x 178° V , 1 x DisplayPort | 1 x HDMI | 
AOC G2778VQ,AOC ,G2778VQ ,"27"" ",1920 x 1080 ,75 Hz ,1 ms ,TN ,16:9 ,Black / Red ,300 cd/m² ,0.311 mm ,Yes ,No ,FreeSync ,Yes ,,170° H x 160° V , 1 x DisplayPort | 1 x HDMI | 1 x VGA | 
Acer B246HL,Acer ,UM.FV6AA.011 ,"24"" ",1920 x 1080 ,60 Hz ,5 ms ,TN ,16:9 ,Black ,250 cd/m² ,0.277 mm ,Yes ,No ,None ,Yes ,,170° H x 160° V , 1 x DVI | 1 x VGA | 
Gigabyte AORUS KD25F,Gigabyte , AORUS KD25F | KD25F-EK | ,"24.5"" ",1920 x 1080 ,240 Hz ,,TN ,16:9 ,Black ,400 cd/m² ,0.282 mm ,Yes ,No ,FreeSync ,No ,,170° H x 160° V , 1 x DisplayPort | 2 x HDMI | 
AOC CQ27G1,AOC ,CQ27G1 ,"27"" ",2560 x 1440 ,144 Hz ,,VA ,16:9 ,Black ,250 cd/m² ,0.233 mm ,Yes ,Yes ,FreeSync ,No ,,178° H x 178° V , 1 x DisplayPort | 1 x HDMI | 
Acer SA230 BI,Acer ,SA230 BI ,"23"" ",1920 x 1080 ,60 Hz ,4 ms ,IPS ,16:9 ,Black ,250 cd/m² ,0.265 mm ,Yes ,No ,None ,No ,,178° H x 178° V , 1 x HDMI | 1 x VGA | 
Lenovo Y25F-10,Lenovo , 65D9GAC4US | Y25F-10 | ,"24.5"" ",1920 x 1080 ,144 Hz ,,TN ,16:9 ,Black / Red ,400 cd/m² ,0.282 mm ,Yes ,No ,FreeSync ,No ,,170° H x 160° V , 1 x DisplayPort | 1 x HDMI | 
HP OMEN X 27,HP , 6FN07AA | 6FN07AA#ABA | 6FN07AA#ABB | ,"27"" ",2560 x 1440 ,240 Hz ,,TN ,16:9 ,Black / Red ,300 cd/m² ,0.233 mm ,Yes ,No ,FreeSync Premium Pro ,No ,,170° H x 160° V , 1 x DisplayPort | 1 x HDMI | 
MSI Optix MAG272CR,MSI ,Optix MAG272CR ,"27"" ",1920 x 1080 ,165 Hz ,1 ms ,VA ,16:9 ,Black ,300 cd/m² ,0.311 mm ,Yes ,Yes ,FreeSync ,No ,,178° H x 178° V , 1 x DisplayPort | 2 x HDMI | 
ViewEra V191HV2,ViewEra ,V191HV2 ,"19"" ",1280 x 1024 ,60 Hz ,5 ms ,TN ,5:4 ,Black ,250 cd/m² ,0.294 mm ,No ,No ,None ,Yes ,,170° H x 160° V , 1 x S-Video | 1 x VGA | 
Acer XB273 Gxbmiipprzx,Acer , UM.HX3AA.X03 | XB273 Gxbmiipprzx | ,"27"" ",1920 x 1080 ,240 Hz ,,IPS ,16:9 ,Black / Red ,400 cd/m² ,0.311 mm ,Yes ,No , FreeSync | G-Sync Compatible | ,Yes ,,178° H x 178° V , 1 x DisplayPort | 2 x HDMI | 
iiyama G-Master GB3266QSU-B1,iiyama ,GB3266QSU-B1 ,"31.5"" ",2560 x 1440 ,144 Hz ,,VA ,16:9 ,Black ,400 cd/m² ,0.272 mm ,Yes ,Yes ,FreeSync Premium ,Yes ,,178° H x 178° V , 2 x DisplayPort | 2 x HDMI | 
electriQ eiQ-34SUWD144FSHQ,electriQ ,eiQ-34SUWD144FSHQ ,"34"" ",3440 x 1440 ,144 Hz ,1 ms ,VA ,21:9 ,Black ,400 cd/m² ,0.232 mm ,Yes ,Yes ,FreeSync ,No ,,178° H x 178° V , 1 x DisplayPort | 2 x HDMI | 
LG 32UN880-B,LG , 32UN880-B | 32UN880-B.AEU | ,"31.5"" ",3840 x 2160 ,60 Hz ,5 ms ,IPS ,16:9 ,Black ,350 cd/m² ,0.182 mm ,Yes ,No , FreeSync | G-Sync Compatible | ,Yes ,,178° H x 178° V , 1 x DisplayPort | 2 x HDMI | 
MSI Optix MAG274QRF,MSI ,Optix MAG274QRF ,"27"" ",2560 x 1440 ,165 Hz ,1 ms ,IPS ,16:9 ,Black ,300 cd/m² ,0.233 mm ,Yes ,No , FreeSync | G-Sync Compatible | ,No ,,178° H x 178° V , 1 x DisplayPort | 2 x HDMI | 
AOC 24G2E5,AOC ,24G2E5 ,"23.8"" ",1920 x 1080 ,75 Hz ,,IPS ,16:9 ,Black / Red ,300 cd/m² ,0.274 mm ,Yes ,No ,None ,No ,,178° H x 178° V , 1 x DisplayPort | 2 x HDMI | 1 x VGA | 
LG 32UN500-W,LG , 32UN500-W | 32UN500-W.AEU | ,"31.5"" ",3840 x 2160 ,60 Hz ,4 ms ,VA ,16:9 ,Silver / White ,350 cd/m² ,0.182 mm ,Yes ,No ,FreeSync ,Yes ,,178° H x 178° V , 1 x DisplayPort | 2 x HDMI | 
LG 27UK500-B,LG ,27UK500-B ,"27"" ",3840 x 2160 ,60 Hz ,5 ms ,IPS ,16:9 ,Black ,300 cd/m² ,0.156 mm ,Yes ,No ,FreeSync ,No ,,178° H x 178° V , 1 x DisplayPort | 2 x HDMI | 
LG 27UN850-W,LG ,27UN850-W ,"27"" ",3840 x 2160 ,60 Hz ,5 ms ,IPS ,16:9 ,Silver / White ,350 cd/m² ,0.156 mm ,Yes ,No ,FreeSync ,Yes ,,178° H x 178° V , 1 x DisplayPort | 2 x HDMI | 
Dell S2421HN,Dell ,S2421HN ,"23.8"" ",1920 x 1080 ,75 Hz ,4 ms ,IPS ,16:9 ,Black / Silver ,250 cd/m² ,0.274 mm ,Yes ,No ,FreeSync ,No ,,178° H x 178° V ,2 x HDMI 
MSI Optix MAG322CQR,MSI ,Optix MAG322CQR ,"31.5"" ",2560 x 1440 ,165 Hz ,,VA ,16:9 ,Black ,300 cd/m² ,0.272 mm ,Yes ,Yes ,FreeSync Premium ,No ,,178° H x 178° V , 1 x DisplayPort 1.2a | 2 x HDMI 2.0b | 
HP X24c,HP , 9EK40AA#ABA | X24c | ,"23.6"" ",1920 x 1080 ,144 Hz ,4 ms ,VA ,16:9 ,Black ,300 cd/m² ,0.272 mm ,Yes ,Yes ,FreeSync ,No ,,178° H x 178° V , 1 x DisplayPort 1.2 | 1 x HDMI 2.0 | 
Samsung Odyssey G7 LS28AG700NNXZA,Samsung ,LS28AG700NNXZA ,"28"" ",3840 x 2160 ,144 Hz ,1 ms ,IPS ,16:9 ,Black / Blue ,400 cd/m² ,0.161 mm ,Yes ,No , FreeSync Premium Pro | G-Sync Compatible | ,No ,,178° H x 178° V , 1 x DisplayPort 1.4 | 2 x HDMI 2.1 | 
Samsung SF350,Samsung ,LS22F350FHNXZA ,"22"" ",1920 x 1080 ,,,TN ,16:9 ,Black ,200 cd/m² ,0.254 mm ,Yes ,No ,None ,No ,,170° H x 160° V , 1 x HDMI | 1 x VGA | 
Acer XF273 Zbmiiprx,Acer , UM.HX3AA.Z01 | XF273 Zbmiiprx | ,"27"" ",1920 x 1080 ,240 Hz ,,IPS ,16:9 ,Black ,350 cd/m² ,0.311 mm ,Yes ,No ,FreeSync Premium ,Yes ,100 x 100 ,178° H x 178° V , 1 x DisplayPort | 1 x HDMI | 
Acer ED323QU Pbmiippx,Acer , UM.JE3AA.P01 | ED323QU Pbmiippx | ,"31.5"" ",2560 x 1440 ,165 Hz ,,VA ,16:9 ,Black ,400 cd/m² ,0.272 mm ,Yes ,Yes ,None ,No ,100 x 100 ,178° H x 178° V , 2 x DisplayPort 1.2 | 1 x HDMI 2.0 | 
Acer XV252Q FBMIIPRX,Acer , UM.KX1AA.F04 | XV252Q FBMIIPRX | ,"24.5"" ",1920 x 1080 ,390 Hz ,,IPS ,16:9 ,Black ,400 cd/m² ,0.282 mm ,Yes ,No ,FreeSync Premium ,Yes ,100 x 100 ,178° H x 178° V , 1 x DisplayPort | 1 x HDMI | 
Acer Nitro XV1,Acer ,UM.MX1AA.P01 ,"43.8"" ",3840 x 1080 ,120 Hz ,,IPS ,32:9 ,White ,400 cd/m² ,0.279 mm ,Yes ,No ,FreeSync Premium ,No ,75 x 75 ,178° H x 178° V , 1 x DisplayPort 1.2 | 1 x HDMI 2.0 | 1 x HDMI 1.4 | 
Dell P2722HE,Dell , P2722HE | 210-BBCM | C2G4V | DELL-P2722HE | ,"27"" ",1920 x 1080 ,60 Hz ,5 ms ,IPS ,16:9 ,,300 cd/m² ,0.311 mm ,Yes ,No ,None ,No ,100 x 100 ,178° H x 178° V , 1 x DisplayPort 1.2 | 1 x HDMI | 1 x USB Type-C | 
Dell G3223D,Dell , 210-BEJF | G3223D | 59DK3 | ,"31.5"" ",2560 x 1440 ,165 Hz ,1 ms ,IPS ,16:9 ,,400 cd/m² ,0.272 mm ,Yes ,No , FreeSync Premium Pro | G-Sync | ,No ,100 x 100 ,178° H x 178° V , 1 x DisplayPort 1.4 | 2 x HDMI | 1 x USB Type-C | 
iiyama GB2770QSU-B1,iiyama ,GB2770QSU-B1 ,"27"" ",2560 x 1440 ,150 Hz ,,IPS ,16:9 ,Black ,400 cd/m² ,0.233 mm ,Yes ,No ,FreeSync ,Yes ,100 x 100 ,178° H x 178° V , 1 x DisplayPort 1.4 | 1 x HDMI 2.0 | 
Acer KA240Hbid,Acer ,UM.FX0EE.005 ,"24"" ",1920 x 1080 ,60 Hz ,,TN ,16:9 ,Black ,250 cd/m² ,0.277 mm ,Yes ,No ,None ,No ,100 x 100 ,170° H x 160° V , 1 x DVI | 1 x HDMI | 1 x VGA | 
Philips Evnia,Philips , 34M2C7600MV | 34M2C7600MV/27 | 34M2C7600MV/00 | ,"34"" ",3440 x 1440 ,165 Hz ,2.5 ms ,VA ,21:9 ,White ,1400 cd/m² ,0.232 mm ,Yes ,Yes ,FreeSync Premium Pro ,Yes ,100 x 100 ,178° H x 178° V , 1 x DisplayPort 1.4 | 2 x HDMI 2.1 | 
Lenovo Y27qf-30,Lenovo ,67A7GAC3MY ,"27"" ",2560 x 1440 ,250 Hz ,,IPS ,16:9 ,Black ,400 cd/m² ,0.233 mm ,Yes ,No ,FreeSync Premium ,Yes ,,178° H x 178° V , 1 x DisplayPort 1.4 | 2 x HDMI 2.0 | 
MSI MAG 274UPF,MSI , MAG 274UPF | 9S6-3CC29H-097 | 9S6-3CC29H-045 | ,"27"" ",3840 x 2160 ,144 Hz ,1 ms ,IPS ,16:9 ,Black ,400 cd/m² ,0.156 mm ,Yes ,No ,FreeSync Premium ,No ,,178° H x 178° V , 1 x DisplayPort 1.4a | 2 x HDMI 2.1 | 1 x USB Type-C | 
Asus VA27DQF,Asus , 90LM06H1-B033B0 | VA27DQF | 90LM06H1-B03370 | ,"27"" ",1920 x 1080 ,100 Hz ,,IPS ,16:9 ,Black ,250 cd/m² ,0.311 mm ,Yes ,No ,FreeSync ,Yes ,100 x 100 ,178° H x 178° V , 1 x DisplayPort 1.2 | 1 x HDMI 1.4 | 
BenQ EX2710,BenQ , EX2710 | 9H.LJKLA.TBE | ,"27"" ",1920 x 1080 ,144 Hz ,,IPS ,16:9 ,Black / Silver ,400 cd/m² ,0.311 mm ,Yes ,Yes ,FreeSync Premium ,No ,,178° H x 178° V ,
MSI MPG Artymis 273CQRX-QD,MSI ,MPG273CQRXQD ,"27"" ",2560 x 1440 ,240 Hz ,,VA ,16:9 ,Black ,530 cd/m² ,0.233 mm ,Yes ,Yes ,FreeSync Premium Pro ,No ,100 x 100 ,178° H x 178° V , 1 x DisplayPort 1.4a | 2 x HDMI 2.0b | 1 x USB Type-C | 
Samsung S33A,Samsung , S22A338NHN | LS22A338NHNXZA | ,"22"" ",1920 x 1080 ,60 Hz ,5 ms ,VA ,16:9 ,Black ,250 cd/m² ,0.254 mm ,Yes ,No ,None ,No ,75 x 75 ,178° H x 178° V ,1 x HDMI 1.4 
Sceptre E325B-QPN168,Sceptre ,E325B-QPN168 ,"31.5"" ",2560 x 1440 ,144 Hz ,,IPS ,16:9 ,Black / Red ,400 cd/m² ,0.272 mm ,Yes ,No ,FreeSync ,Yes ,75 x 75 ,178° H x 178° V , 1 x DisplayPort 1.2 | 1 x HDMI 2.0 | 2 x HDMI 1.4 | 
Philips Evnia 27M1N3200VL,Philips , 27M1N3200VL | 27M1N3200VL/27 | ,"31.5"" ",1920 x 1080 ,165 Hz ,4 ms ,VA ,16:9 ,Black ,250 cd/m² ,0.363 mm ,Yes ,No ,FreeSync Premium ,No ,100 x 100 ,178° H x 178° V , 1 x DisplayPort 1.2 | 2 x HDMI 2.0 | 
MSI G321CU,MSI ,G321CU ,"31.5"" ",3840 x 2160 ,144 Hz ,,VA ,16:9 ,Black ,300 cd/m² ,0.182 mm ,Yes ,Yes ,FreeSync Premium ,No ,100 x 100 ,178° H x 178° V , 1 x DisplayPort 1.4a | 2 x HDMI 2.1 | 1 x USB Type-C | 
LG 34BP85CN-B,LG ,34BP85CN-B ,"34"" ",3440 x 1440 ,75 Hz ,5 ms ,IPS ,21:9 ,Black ,300 cd/m² ,0.232 mm ,Yes ,Yes ,FreeSync ,No ,100 x 100 ,178° H x 178° V , 1 x DisplayPort 1.4 | 2 x HDMI 2.0 | 1 x USB Type-C | 
ViewSonic VP3881A,ViewSonic ,VP3881A ,"38"" ",3840 x 1600 ,,5 ms ,IPS ,12:5 ,,300 cd/m² ,0.232 mm ,Yes ,Yes ,None ,Yes ,100 x 100 ,178° H x 178° V , 1 x DisplayPort | 2 x HDMI 2.0 | 1 x USB Type-C | 
Lenovo ThinkVision P32p-20,Lenovo ,62A2GAR2US ,"31.5"" ",3840 x 2160 ,60 Hz ,4 ms ,IPS ,16:9 ,Black ,350 cd/m² ,0.182 mm ,Yes ,No ,None ,No ,,178° H x 178° V , 1 x DisplayPort | 1 x HDMI | 1 x USB Type-C | 
Philips 328E1CA,Philips , 328E1CA | 328E1CA/00 | ,"31.5"" ",3840 x 2160 ,60 Hz ,4 ms ,VA ,16:9 ,Black ,250 cd/m² ,0.182 mm ,Yes ,Yes ,FreeSync ,Yes ,,178° H x 178° V , 1 x DisplayPort | 2 x HDMI | 
Samsung ViewFinity S65UA,Samsung , LS34A650UBNXGO | S34A650UBN | ,"34"" ",3440 x 1440 ,100 Hz ,8 ms ,VA ,21:9 ,Black ,350 cd/m² ,0.232 mm ,Yes ,Yes ,FreeSync ,No ,,178° H x 178° V , 1 x HDMI 2.0 | 1 x USB Type-C | 
Lenovo Q24h-10,Lenovo , Q24h-10 | 66A8GCC6US | 66A8GAC6UK | ,"23.8"" ",2560 x 1440 ,75 Hz ,4 ms ,IPS ,16:9 ,Silver / Black ,300 cd/m² ,0.206 mm ,Yes ,No ,FreeSync ,Yes ,,178° H x 178° V , 1 x DisplayPort | 1 x HDMI | 
Dell P2423D,Dell , 210-BDKE | P2423D | WM44D | ,"23.8"" ",2560 x 1440 ,60 Hz ,,IPS ,16:9 ,,300 cd/m² ,0.206 mm ,Yes ,No ,None ,No ,100 x 100 ,178° H x 178° V , 1 x DisplayPort 1.2 | 1 x HDMI | 
Gigabyte ‎G27FC A,Gigabyte , G27FC A-SA | G27FC A | ,"27"" ",1920 x 1080 ,170 Hz ,,VA ,16:9 ,Black ,250 cd/m² ,0.311 mm ,Yes ,Yes ,FreeSync Premium ,Yes ,,178° H x 178° V , 1 x DisplayPort | 2 x HDMI | 
LG 32GQ950-B,LG , 32GQ950-B | 32GQ950-B.AEU | ,"31.5"" ",3840 x 2160 ,144 Hz ,1 ms ,IPS ,16:9 ,,450 cd/m² ,0.182 mm ,Yes ,No , FreeSync Premium Pro | G-Sync Compatible | ,No ,100 x 100 ,178° H x 178° V , 1 x DisplayPort | 2 x HDMI | 
Asus ROG Strix XG49WCR,Asus , 90LM08I0-B011B0 | XG49WCR | 90LM08I0-B01170 | rog-strix-xg49wcr | ,"49"" ",5120 x 1440 ,165 Hz ,,VA ,32:9 ,Black ,550 cd/m² ,0.234 mm ,Yes ,Yes ,FreeSync ,Yes ,100 x 100 ,178° H x 178° V , 1 x DisplayPort 1.4 | 1 x HDMI 2.0 | 1 x USB Type-C 3.2 Gen 2 | 
Asus ProArt Display,Asus , PA32UCX-PK | 90LM03HC-B023B0 | ProArt Display PA32UCX-PK | 90LM03HC-B01370 | ,"32"" ",3840 x 2160 ,60 Hz ,5 ms ,IPS Mini LED ,16:9 ,Black ,600 cd/m² ,0.184 mm ,Yes ,No ,FreeSync ,Yes ,100 x 100 ,178° H x 178° V , 1 x DisplayPort 1.2 | 3 x HDMI 2.0 | 
LG UltraFine,LG , 27UQ850V-W | 27UQ850V-W.AEU | ,"27"" ",3840 x 2160 ,60 Hz ,5 ms ,IPS ,16:9 ,Silver / Black ,400 cd/m² ,0.156 mm ,Yes ,No ,FreeSync ,Yes ,100 x 100 ,178° H x 178° V , 1 x DisplayPort 1.4 | 2 x HDMI | 1 x USB Type-C | 
Pixio PX27U Wave,Pixio ,PX27UWAVE ,"27"" ",3840 x 2160 ,160 Hz ,1 ms ,IPS ,16:9 ,Black ,400 cd/m² ,0.156 mm ,Yes ,No ,FreeSync ,Yes ,100 x 100 ,178° H x 178° V , 2 x DisplayPort 1.4 | 2 x HDMI 2.1 | 
iiyama XUB2493HS-B6,iiyama ,XUB2493HS-B6 ,"23.8"" ",1920 x 1080 ,100 Hz ,,IPS ,16:9 ,Black ,250 cd/m² ,0.274 mm ,Yes ,No ,FreeSync ,Yes ,,178° H x 178° V , 1 x DisplayPort 1.2 | 1 x HDMI 1.4 | 
ViewSonic VX3211-4K-MHD,ViewSonic , VX3211-4K-MHD | VX3211-4K | ,"31.5"" ",3840 x 2160 ,60 Hz ,,VA ,16:9 ,Black ,300 cd/m² ,0.182 mm ,Yes ,No ,FreeSync ,Yes ,,178° H x 178° V , 1 x DisplayPort | 2 x HDMI | 
LG 34WN80C-B,LG , 34WN80C-B | 34WN80C-B.AEU | ,"34"" ",3440 x 1440 ,60 Hz ,5 ms ,IPS ,21:9 ,Black ,300 cd/m² ,0.232 mm ,Yes ,Yes ,None ,No ,,178° H x 178° V , 1 x DisplayPort | 2 x HDMI | 
LG 32ML600M-B,LG , 32ML600M-B | 32ML600M-B.AEU | ,"32"" ",1920 x 1080 ,75 Hz ,5 ms ,IPS ,16:9 ,Black ,300 cd/m² ,0.369 mm ,Yes ,No ,None ,No ,,178° H x 178° V , 2 x HDMI | 1 x VGA | 
Dell P3223QE,Dell , 210-BDQC | P3223QE | RG1HP | ,"31.5"" ",3840 x 2160 ,60 Hz ,,IPS ,16:9 ,,350 cd/m² ,0.182 mm ,Yes ,No ,None ,No ,100 x 100 ,178° H x 178° V , 1 x DisplayPort 1.4 | 1 x HDMI | 1 x USB Type-C | 
LG 27UP850N-W,LG ,27UP850N-W ,"27"" ",3840 x 2160 ,60 Hz ,5 ms ,IPS ,16:9 ,,400 cd/m² ,0.156 mm ,Yes ,No ,FreeSync ,Yes ,100 x 100 ,178° H x 178° V , 1 x DisplayPort | 2 x HDMI | 1 x USB Type-C | 
Asus ROG Swift PG27UQR,Asus , PG27UQR | ROG Swift PG27UQR | 90lm03a0-b02370 | 90LM03A0-B023B0 | ,"27"" ",3840 x 2160 ,160 Hz ,1 ms ,IPS ,16:9 ,Black / Copper ,600 cd/m² ,0.156 mm ,Yes ,No , FreeSync Premium Pro | G-Sync Compatible | ,No ,100 x 100 ,178° H x 178° V , 1 x DisplayPort 1.4 | 2 x HDMI 2.1 | 
YEYIAN Sigurd 2503,YEYIAN ,YMC-70804 ,"23.8"" ",1920 x 1080 ,200 Hz ,,,16:9 ,Black ,300 cd/m² ,0.274 mm ,Yes ,Yes , FreeSync | G-Sync Compatible | ,Yes ,75 x 75 ,178° H x 178° V , 1 x DisplayPort | 1 x HDMI | 
YEYIAN Avance,YEYIAN ,YMF-FP227-M1 ,"27"" ",2560 x 1440 ,180 Hz ,1 ms ,IPS ,16:9 ,Black ,350 cd/m² ,0.233 mm ,Yes ,No ,FreeSync Premium ,No ,100 x 100 ,178° H x 178° V , 2 x DisplayPort 1.4 | 2 x HDMI 2.1 | 
Samsung Odyssey Neo G75NB,Samsung ,LS32BG750NPXXU ,"32"" ",3840 x 2160 ,165 Hz ,1 ms ,VA Mini LED ,16:9 ,Black ,1000 cd/m² ,0.184 mm ,Yes ,Yes ,FreeSync Premium Pro ,No ,100 x 100 ,178° H x 178° V , 1 x DisplayPort 1.4 | 2 x HDMI 2.1 | 
Dell E190S,Dell , 469-0051 | E190S | ,"19"" ",1280 x 1024 ,60 Hz ,5 ms ,TN ,5:4 ,,250 cd/m² ,0.294 mm ,No ,No ,None ,No ,100 x 100 ,160° H x 160° V ,1 x VGA 
Asus VS197D-P,Asus ,VS197D-P ,"18.5"" ",1366 x 768 ,,5 ms ,,16:9 ,,250 cd/m² ,0.3 mm ,Yes ,No ,None ,No ,100 x 100 ,170° H x 160° V ,1 x VGA 
Acer V196HQLAb,Acer ,UM.XV6AA.A01 ,"18.5"" ",1366 x 768 ,60 Hz ,5 ms ,TN ,16:9 ,,200 cd/m² ,0.3 mm ,Yes ,No ,None ,No ,,90° H x 65° V ,1 x VGA 
AOC G2460PG,AOC ,G2460PG ,"24"" ",1920 x 1080 ,144 Hz ,1 ms ,TN ,16:9 ,,350 cd/m² ,0.277 mm ,Yes ,No ,G-Sync ,No ,100 x 100 ,,1 x DisplayPort 
LG 27UL600-W,LG , 27UL600-W | 27UL600-W.AEU | ,"27"" ",3840 x 2160 ,60 Hz ,5 ms ,IPS ,16:9 ,Silver ,350 cd/m² ,0.156 mm ,Yes ,No ,FreeSync ,No ,,178° H x 178° V , 1 x DisplayPort | 2 x HDMI | 
Dell S2721DS,Dell , S2721DS | 210-AXKP | G9CT0 | DELL-S2721DS | 210-AXKW | ,"27"" ",2560 x 1440 ,75 Hz ,4 ms ,IPS ,16:9 ,Silver ,350 cd/m² ,0.233 mm ,Yes ,No ,FreeSync ,Yes ,,178° H x 178° V , 1 x DisplayPort | 2 x HDMI | 
Acer KA272 Abi,Acer , UM.HX2AA.A03 | KA272 Abi | ,"27"" ",1920 x 1080 ,,,VA ,16:9 ,Black ,250 cd/m² ,0.311 mm ,Yes ,No ,FreeSync ,No ,100 x 100 ,178° H x 178° V , 1 x HDMI | 1 x VGA | 
LG 32MP60G-B,LG , 32MP60G-B | 32MP60G-B.AEU | ,"32"" ",1920 x 1080 ,75 Hz ,5 ms ,IPS ,16:9 ,,250 cd/m² ,0.369 mm ,Yes ,No ,FreeSync ,No ,100 x 100 ,178° H x 178° V , 1 x DisplayPort | 1 x HDMI | 1 x VGA | 
Asus VY279HE,Asus , 90LM06D0-B011B0 | VY279HE | ,"27"" ",1920 x 1080 ,75 Hz ,,IPS ,16:9 ,,250 cd/m² ,0.311 mm ,Yes ,No ,FreeSync ,No ,100 x 100 ,178° H x 178° V , 1 x HDMI 1.4 | 1 x VGA | 
Samsung T45F,Samsung , LF24T450FZNXGO | F24T450FZN | ,"24"" ",1920 x 1080 ,75 Hz ,5 ms ,IPS ,16:9 ,Black ,250 cd/m² ,0.277 mm ,Yes ,No ,FreeSync ,Yes ,,178° H x 178° V , 1 x DisplayPort 1.2 | 2 x HDMI 1.4 | 
Dell E1910H,Dell ,464-1708 ,"18.5"" ",1360 x 768 ,,5 ms ,TN ,16:9 ,,250 cd/m² ,0.301 mm ,Yes ,No ,None ,No ,,160° H x 160° V ,1 x VGA 
Asus VH222H-P,Asus ,VH222H-P ,"21.5"" ",1920 x 1080 ,,5 ms ,,16:9 ,,300 cd/m² ,0.248 mm ,Yes ,No ,None ,Yes ,100 x 100 ,170° H x 160° V , 1 x DVI | 1 x HDMI | 1 x VGA | 
Gateway FHD2303Lbid,Gateway ,ET.VW3HP.001 ,"23"" ",1920 x 1080 ,,5 ms ,TN ,16:9 ,,250 cd/m² ,0.265 mm ,Yes ,No ,None ,No ,,170° H x 160° V , 1 x DVI | 1 x HDMI | 1 x VGA | 
Dell ST2321L,Dell ,ST2321L ,"23"" ",1920 x 1080 ,,5 ms ,,16:9 ,,250 cd/m² ,0.265 mm ,Yes ,No ,None ,No ,,170° H x 160° V , 1 x DVI | 1 x HDMI | 1 x VGA | 
LG W2363D-PU,LG ,W2363D-PU ,"23"" ",1920 x 1080 ,120 Hz ,3 ms ,TN ,16:9 ,,400 cd/m² ,0.265 mm ,Yes ,No ,None ,Yes ,100 x 100 ,170° H x 170° V , 1 x DVI | 2 x HDMI | 
HP W2072a (A3M50AA#ABA),HP ,A3M50AA#ABA ,"20"" ",1600 x 900 ,60 Hz ,5 ms ,,16:9 ,,200 cd/m² ,0.277 mm ,Yes ,No ,None ,Yes ,75 x 75 ,90° H x 50° V , 1 x DVI | 1 x VGA | 
Asus VS278Q-P,Asus ,VS278Q-P ,"27"" ",1920 x 1080 ,,1 ms ,,16:9 ,,300 cd/m² ,0.311 mm ,Yes ,No ,None ,Yes ,100 x 100 ,170° H x 160° V , 1 x DisplayPort | 2 x HDMI | 1 x VGA | 
Asus VX238H,Asus ,VX238H ,"23"" ",1920 x 1080 ,,1 ms ,,16:9 ,,250 cd/m² ,0.265 mm ,Yes ,No ,None ,Yes ,,170° H x 160° V , 2 x HDMI | 1 x VGA | 
BenQ RL2455HM,BenQ ,RL2455HM ,"24"" ",1920 x 1080 ,60 Hz ,1 ms ,TN ,16:9 ,,250 cd/m² ,0.277 mm ,Yes ,No ,None ,Yes ,100 x 100 ,170° H x 160° V , 1 x DVI | 2 x HDMI | 1 x VGA | 
AOC i2267Fw,AOC ,i2267Fw ,"22"" ",1920 x 1080 ,60 Hz ,5 ms ,IPS ,16:9 ,,250 cd/m² ,0.254 mm ,Yes ,No ,None ,No ,,178° H x 178° V , 1 x DVI | 1 x VGA | 
Acer HN274HBBmiiid,Acer ,ET.HH4HP.B01 ,"27"" ",1920 x 1080 ,120 Hz ,2 ms ,TN ,16:9 ,,300 cd/m² ,0.311 mm ,Yes ,No ,None ,Yes ,,170° H x 160° V , 1 x DVI | 3 x HDMI | 1 x VGA | 
JVC DT-E17L4GU,JVC ,DT-E17L4GU ,"17"" ",1920 x 1080 ,,,,16:9 ,,300 cd/m² ,0.196 mm ,Yes ,No ,None ,Yes ,,160° H x 140° V , 1 x Component | 1 x HDMI | 1 x VGA | 
Dell P2414H,Dell ,P2414H ,"23.8"" ",1920 x 1080 ,60 Hz ,8 ms ,IPS ,16:9 ,,250 cd/m² ,0.274 mm ,Yes ,No ,None ,No ,100 x 100 ,178° H x 178° V , 1 x DisplayPort | 1 x DVI | 1 x VGA | 
ViewSonic VX2452mh,ViewSonic ,VX2452MH ,"23.6"" ",1920 x 1080 ,60 Hz ,2 ms ,TN ,16:9 ,,300 cd/m² ,0.272 mm ,Yes ,No ,None ,Yes ,100 x 100 ,170° H x 160° V , 1 x DVI | 1 x HDMI | 1 x VGA | 
Philips 246V5LHAB/27,Philips ,246V5LHAB/27 ,"24"" ",1920 x 1080 ,60 Hz ,5 ms ,TN ,16:9 ,,250 cd/m² ,0.277 mm ,Yes ,No ,None ,Yes ,100 x 100 ,170° H x 160° V ,5 x HDMI 
Samsung U28D590D,Samsung , U28D590D | LU28D590DS/EN | LU28D590DS/ZA | ,"28"" ",3840 x 2160 ,60 Hz ,1 ms ,TN ,16:9 ,,300 cd/m² ,0.161 mm ,Yes ,No ,None ,No ,,170° H x 160° V , 1 x DisplayPort | 2 x HDMI | 
BenQ GW2760HS,BenQ ,GW2760HS ,"27"" ",1920 x 1080 ,60 Hz ,4 ms ,VA ,16:9 ,,300 cd/m² ,0.311 mm ,Yes ,No ,None ,Yes ,100 x 100 ,178° H x 178° V , 1 x DVI | 1 x HDMI | 1 x VGA | 
BenQ RL2460HT,BenQ ,RL2460HT ,"24"" ",1920 x 1080 ,60 Hz ,1 ms ,TN ,16:9 ,,250 cd/m² ,0.277 mm ,Yes ,No ,None ,Yes ,100 x 100 ,170° H x 160° V , 1 x DVI | 2 x HDMI | 1 x VGA | 
Lenovo ThinkVision E2223s,Lenovo ,60AFHAR1US ,"21.5"" ",1920 x 1080 ,75 Hz ,5 ms ,TN ,16:9 ,,200 cd/m² ,0.248 mm ,Yes ,No ,None ,No ,100 x 100 ,, 1 x DVI | 1 x VGA | 
ViewSonic VX2880ml,ViewSonic ,VX2880ml ,"28"" ",3840 x 2160 ,30 Hz ,5 ms ,TN ,16:9 ,,300 cd/m² ,0.161 mm ,Yes ,No ,None ,Yes ,100 x 100 ,170° H x 160° V , 1 x DisplayPort | 1 x Mini-DisplayPort | 1 x HDMI | 
Philips 243V5LSB,Philips ,243V5LSB ,"23.6"" ",1920 x 1080 ,60 Hz ,5 ms ,TN ,16:9 ,,250 cd/m² ,0.272 mm ,Yes ,No ,None ,No ,,170° H x 160° V , 1 x DVI | 1 x VGA | 
BenQ RL2755HM,BenQ ,RL2755HM ,"27"" ",1920 x 1080 ,60 Hz ,1 ms ,TN ,16:9 ,,300 cd/m² ,0.311 mm ,Yes ,No ,None ,Yes ,100 x 100 ,170° H x 160° V , 1 x DVI | 2 x HDMI | 1 x VGA | 
LG 20M37D-B,LG ,20M37D-B ,"19.5"" ",1600 x 900 ,60 Hz ,5 ms ,TN ,16:9 ,,200 cd/m² ,0.27 mm ,Yes ,No ,None ,No ,100 x 100 ,180° H x 130° V , 1 x DVI | 1 x VGA | 
ViewSonic VG2439SMH,ViewSonic , VG2439SMH | VG2439SMH-2 | ,"23.6"" ",1920 x 1080 ,60 Hz ,7 ms ,IPS ,16:9 ,,250 cd/m² ,0.272 mm ,Yes ,No ,None ,Yes ,,178° H x 178° V , 1 x DisplayPort | 1 x HDMI | 1 x VGA | 
Acer Z35 bmiphz,Acer , Z35 bmiphz | UM.CZ0AA.001 | UM.CZ0EE.001 | ,"35"" ",2560 x 1080 ,200 Hz ,4 ms ,VA ,21:9 ,,300 cd/m² ,0.32 mm ,Yes ,Yes ,G-Sync ,Yes ,,178° H x 178° V , 1 x DisplayPort | 1 x HDMI | 
Lenovo E2054,Lenovo ,60DFAAR1US ,"19.5"" ",1440 x 900 ,60 Hz ,14 ms ,IPS ,16:10 ,,250 cd/m² ,0.292 mm ,Yes ,No ,None ,No ,,178° H x 178° V ,1 x VGA 
LG Neo Blade III,LG , 24MP88HV-S | 24MP88HV-S.AEU | ,"24"" ",1920 x 1080 ,60 Hz ,5 ms ,IPS ,16:9 ,,250 cd/m² ,0.277 mm ,Yes ,No ,None ,Yes ,,178° H x 178° V , 2 x HDMI | 1 x VGA | 
Sony LMD-2110W,Sony ,LMD-2110W ,"21.5"" ",1920 x 1080 ,,,,16:9 ,,,0.248 mm ,Yes ,No ,None ,Yes ,,, 1 x HDMI | 1 x VGA | 
Asus MG248Q,Asus ,MG248Q ,"24"" ",1920 x 1080 ,144 Hz ,1 ms ,TN ,16:9 ,,350 cd/m² ,0.277 mm ,Yes ,No ,FreeSync ,Yes ,,170° H x 160° V , 1 x DisplayPort | 1 x DVI | 1 x HDMI | 
LG 29UM68-P,LG ,29UM68-P ,"29"" ",2560 x 1080 ,60 Hz ,5 ms ,IPS ,21:9 ,,250 cd/m² ,0.265 mm ,Yes ,No ,FreeSync ,No ,,178° H x 178° V , 1 x DisplayPort | 2 x HDMI | 
Acer Predator XB241YU,Acer , XB241YU bmiprz | UM.QX1AA.001 | XB241YU | ,"23.8"" ",2560 x 1440 ,165 Hz ,1 ms ,TN ,16:9 ,,350 cd/m² ,0.206 mm ,Yes ,No ,G-Sync ,Yes ,,170° H x 160° V , 1 x DisplayPort | 1 x HDMI | 
Samsung C32HG70,Samsung , LC32HG70QQNXZA | C32HG70 | LC32HG70QQUXEN | ,"31.5"" ",2560 x 1440 ,144 Hz ,1 ms ,VA ,16:9 ,,,0.272 mm ,Yes ,Yes ,FreeSync ,No ,,178° H x 178° V , 1 x DisplayPort | 2 x HDMI | 
AOC AGON AG322QCX,AOC ,AG322QCX ,"31.5"" ",2560 x 1440 ,144 Hz ,4 ms ,VA ,16:9 ,,300 cd/m² ,0.272 mm ,Yes ,Yes ,FreeSync ,No ,,178° H x 178° V , 2 x DisplayPort | 2 x HDMI | 
Dell SE2717H,Dell , SE2717H | SE2717H KYKMD | ,"27"" ",1920 x 1080 ,75 Hz ,6 ms ,IPS ,16:9 ,,300 cd/m² ,0.311 mm ,Yes ,No ,FreeSync ,No ,,178° H x 178° V , 1 x HDMI | 1 x VGA | 
Dell U3818DW,Dell , U3818DW | DELL-U3818DW | 210-AMQB | ,"38"" ",3840 x 1600 ,60 Hz ,5 ms ,IPS ,12:5 ,,350 cd/m² ,0.232 mm ,Yes ,Yes ,None ,Yes ,,178° H x 178° V , 1 x DisplayPort | 2 x HDMI | 
Acer Predator XB2,Acer , XB252Q BMIPRZ | UM.KX2AA.001 | XB252Q | ,"24.5"" ",1920 x 1080 ,240 Hz ,1 ms ,TN ,16:9 ,,400 cd/m² ,0.282 mm ,Yes ,No ,None ,Yes ,,170° H x 160° V , 1 x DisplayPort | 1 x HDMI | 
ViewSonic XG2560,ViewSonic ,XG2560 ,"24.5"" ",1920 x 1080 ,240 Hz ,1 ms ,TN ,16:9 ,Black / Green ,400 cd/m² ,0.282 mm ,Yes ,No ,G-Sync ,No ,,170° H x 160° V , 1 x DisplayPort | 1 x HDMI | 
HP 27,HP ,Z4N74AA#ABB ,"27"" ",1920 x 1080 ,60 Hz ,5 ms ,VA ,16:9 ,Silver ,300 cd/m² ,0.311 mm ,Yes ,Yes ,FreeSync ,No ,,178° H x 178° V , 1 x DisplayPort | 1 x HDMI | 
Dell Alienware AW3418HW,Dell ,AW3418HW ,"34.14"" ",2560 x 1080 ,120 Hz ,4 ms ,IPS ,21:9 ,,300 cd/m² ,0.312 mm ,Yes ,Yes ,G-Sync ,No ,,178° H x 178° V , 1 x DisplayPort | 1 x HDMI | 
Samsung LC43J890DKNXZA,Samsung ,LC43J890DKNXZA ,"43"" ",3840 x 1200 ,120 Hz ,5 ms ,VA ,16:5 ,Black ,300 cd/m² ,0.271 mm ,Yes ,Yes ,None ,No ,,178° H x 178° V , 1 x DisplayPort | 1 x HDMI | 
Dell S2419H,Dell ,S2419H ,"24"" ",1920 x 1080 ,60 Hz ,5 ms ,IPS ,16:9 ,Silver ,250 cd/m² ,0.277 mm ,Yes ,No ,None ,Yes ,,178° H x 178° V ,2 x HDMI 
Acer KG241 Pbmidpx,Acer , UM.FX1AA.P01 | KG241 Pbmidpx | ,"24"" ",1920 x 1080 ,144 Hz ,1 ms ,TN ,16:9 ,Black / Red ,350 cd/m² ,0.277 mm ,Yes ,No ,FreeSync ,Yes ,,170° H x 160° V , 1 x DisplayPort | 1 x DVI-D Dual Link | 1 x HDMI | 
Asus ROG SWIFT PG279QZ,Asus ,PG279QZ ,"27"" ",2560 x 1440 ,165 Hz ,4 ms ,IPS ,16:9 ,Black ,350 cd/m² ,0.233 mm ,Yes ,No ,G-Sync ,Yes ,,178° H x 178° V , 1 x DisplayPort | 1 x HDMI | 
VIOTEK GN34CB,VIOTEK ,GN34CB ,"34"" ",3440 x 1440 ,100 Hz ,4 ms ,VA ,21:9 ,Black ,,0.232 mm ,Yes ,Yes ,FreeSync ,Yes ,,178° H x 178° V , 1 x DisplayPort | 1 x DVI | 1 x HDMI | 
AOC 24B1XH,AOC ,24B1XH ,"23.8"" ",1920 x 1080 ,60 Hz ,7 ms ,IPS ,16:9 ,Black ,250 cd/m² ,0.274 mm ,Yes ,No ,None ,No ,,178° H x 178° V , 1 x HDMI | 1 x VGA | 
Acer K242HQL bid,Acer ,UM.UX2AA.001 ,"23.6"" ",1920 x 1080 ,60 Hz ,5 ms ,VA ,16:9 ,Black ,250 cd/m² ,0.272 mm ,Yes ,No ,None ,No ,,178° H x 178° V , 1 x DVI | 1 x HDMI | 1 x VGA | 
HP V270,HP ,2KZ35A6#ABA ,"27"" ",1920 x 1080 ,60 Hz ,5 ms ,IPS ,16:9 ,,300 cd/m² ,0.311 mm ,Yes ,No ,None ,No ,,178° H x 178° V , 1 x DVI-D Dual Link | 1 x HDMI | 1 x VGA | 
HP Pavilion 27q,HP ,1HR73AA#ABA ,"27"" ",2560 x 1440 ,60 Hz ,5 ms ,PLS ,16:9 ,Silver ,350 cd/m² ,0.233 mm ,Yes ,No ,None ,No ,,178° H x 178° V , 1 x DisplayPort | 2 x HDMI | 
Pixio PX7P,Pixio ,PX7P ,"27"" ",2560 x 1440 ,165 Hz ,4 ms ,IPS ,16:9 ,Black ,400 cd/m² ,0.233 mm ,Yes ,No ,FreeSync ,No ,,178° H x 178° V , 2 x DisplayPort | 1 x HDMI | 
Sony FWD48W650D,Sony ,FWD48W650D ,"47.6"" ",1920 x 1080 ,60 Hz ,,VA ,16:9 ,Black ,,0.549 mm ,Yes ,No ,None ,Yes ,,178° H x 178° V , 1 x Component | 2 x HDMI | 
ViewEra V151HV2,ViewEra ,V151HV2 ,"15"" ",1024 x 768 ,60 Hz ,8 ms ,TN ,4:3 ,Black ,350 cd/m² ,0.298 mm ,No ,No ,None ,Yes ,,170° H x 160° V ,1 x VGA 
ViewSonic VG2755-2K,ViewSonic ,VG2755-2K ,"27"" ",2560 x 1440 ,60 Hz ,5 ms ,IPS ,16:9 ,Black ,250 cd/m² ,0.233 mm ,Yes ,No ,None ,Yes ,,178° H x 178° V , 1 x DisplayPort | 1 x HDMI | 
ViewSonic VG2455-2K,ViewSonic ,VG2455-2K ,"23.8"" ",2560 x 1440 ,60 Hz ,15 ms ,IPS ,16:9 ,Black ,300 cd/m² ,0.206 mm ,Yes ,No ,None ,Yes ,,178° H x 178° V , 1 x DisplayPort | 1 x HDMI | 
BenQ PD3220U,BenQ , PD3220U | 9H.LH7LA.TBE | 9H.LH7LA.TPE | ,"31.5"" ",3840 x 2160 ,60 Hz ,5 ms ,IPS ,16:9 ,Black ,300 cd/m² ,0.182 mm ,Yes ,No ,None ,Yes ,,178° H x 178° V , 1 x DisplayPort | 2 x HDMI | 
Deco Gear VIEW101,Deco Gear ,VIEW101 ,"35"" ",2560 x 1080 ,144 Hz ,4 ms ,VA ,21:9 ,Black / Red ,366 cd/m² ,0.32 mm ,Yes ,Yes ,FreeSync ,No ,,178° H x 178° V , 1 x DisplayPort | 1 x DVI | 1 x HDMI | 
AOC 27G2E5,AOC ,27G2E5 ,"27"" ",1920 x 1080 ,75 Hz ,,IPS ,16:9 ,Black / Red ,300 cd/m² ,0.311 mm ,Yes ,No ,FreeSync ,No ,,178° H x 178° V , 1 x DisplayPort | 2 x HDMI | 1 x VGA | 
Dell E2220H,Dell , DELL-E2220H | 210-AUXD | E2220H | ,"21.5"" ",1920 x 1080 ,60 Hz ,5 ms ,TN ,16:9 ,Black ,250 cd/m² ,0.248 mm ,Yes ,No ,None ,No ,,170° H x 160° V , 1 x DisplayPort | 1 x VGA | 
Samsung 890 LC34H890WGNXGO,Samsung ,C34H890WGN ,"34"" ",3440 x 1440 ,100 Hz ,4 ms ,VA ,21:9 ,Black ,300 cd/m² ,0.232 mm ,Yes ,Yes ,FreeSync ,No ,,178° H x 178° V , 1 x DisplayPort | 1 x HDMI | 
Acer XB253Q Gpbmiiprzx,Acer , XB253Q Gpbmiiprzx | UM.KX3AA.P03 | ,"24.5"" ",1920 x 1080 ,144 Hz ,,IPS ,16:9 ,Black ,400 cd/m² ,0.282 mm ,Yes ,No , FreeSync | G-Sync Compatible | ,Yes ,,178° H x 178° V , 1 x DisplayPort | 2 x HDMI | 
VIOTEK GNV29CB,VIOTEK ,GNV29CB ,"29"" ",2560 x 1080 ,120 Hz ,5 ms ,VA ,21:9 ,Black ,280 cd/m² ,0.265 mm ,Yes ,Yes , FreeSync | G-Sync Compatible | ,No ,,178° H x 178° V , 1 x DisplayPort | 2 x HDMI | 
BenQ ZOWIE XL2746S,BenQ , XL2746S | 9H.LJFLB.QBE | ,"27"" ",1920 x 1080 ,240 Hz ,,TN ,16:9 ,Black / Red ,320 cd/m² ,0.311 mm ,Yes ,No , FreeSync | G-Sync Compatible | ,No ,,170° H x 160° V , 1 x DisplayPort | 1 x DVI-D Dual Link | 2 x HDMI | 
Acer SA240Y Abi,Acer ,UM.QS0AA.A02 ,"23.8"" ",1920 x 1080 ,75 Hz ,4 ms ,IPS ,16:9 ,Black ,250 cd/m² ,0.274 mm ,Yes ,No ,FreeSync ,No ,,178° H x 178° V , 1 x HDMI | 1 x VGA | 
LG 24BK550Y-B,LG , 24BK550Y-B | 24BK550Y-B.AEU | ,"23.8"" ",1920 x 1080 ,75 Hz ,5 ms ,IPS ,16:9 ,Black ,250 cd/m² ,0.274 mm ,Yes ,No ,None ,Yes ,,178° H x 178° V , 1 x DisplayPort | 1 x DVI-D Dual Link | 1 x HDMI | 1 x VGA | 
ViewSonic VX2768-2KP-MHD OMNI,ViewSonic ,VX2768-2KP-MHD ,"27"" ",2560 x 1440 ,144 Hz ,3 ms ,IPS ,16:9 ,Black ,350 cd/m² ,0.233 mm ,Yes ,No ,FreeSync Premium ,Yes ,,178° H x 178° V , 1 x DisplayPort | 2 x HDMI | 
LG 32UL500-W,LG ,32UL500-W ,"32"" ",3840 x 2160 ,60 Hz ,4 ms ,VA ,16:9 ,Silver / White ,300 cd/m² ,0.184 mm ,Yes ,No ,FreeSync ,Yes ,,178° H x 178° V , 1 x DisplayPort | 2 x HDMI | 
Dell S2722DGM,Dell ,S2722DGM ,"27"" ",2560 x 1440 ,165 Hz ,2 ms ,VA ,16:9 ,Black ,350 cd/m² ,0.233 mm ,Yes ,Yes ,FreeSync Premium ,No ,,178° H x 178° V , 1 x DisplayPort | 2 x HDMI | 
Monoprice Dark Matter,Monoprice ,42892 ,"27"" ",2560 x 1440 ,180 Hz ,,IPS ,16:9 ,Black ,400 cd/m² ,0.233 mm ,Yes ,No ,FreeSync ,No ,,178° H x 178° V , 1 x DisplayPort 1.4a | 3 x HDMI 2.0 | 
AOC Q27G2S/D,AOC ,Q27G2S/D ,"27"" ",2560 x 1440 ,170 Hz ,4 ms ,IPS ,16:9 ,Black / Red ,400 cd/m² ,0.233 mm ,Yes ,No , FreeSync | G-Sync Compatible | ,No ,,178° H x 178° V , 1 x DisplayPort 1.4 | 2 x HDMI 2.0 | 
MSI Oculux NXG253R,MSI , Oculux NXG253R | 9S6-3BB07T-001 | NXG253R | ,"24.5"" ",1920 x 1080 ,360 Hz ,1 ms ,IPS ,16:9 ,Black ,400 cd/m² ,0.282 mm ,Yes ,No ,G-Sync ,No ,,178° H x 178° V , 1 x DisplayPort 1.4 | 2 x HDMI 2.0b | 
Samsung CF390,Samsung ,LC27F390FHNXGO ,"27"" ",1920 x 1080 ,60 Hz ,,VA ,16:9 ,Black ,250 cd/m² ,0.311 mm ,Yes ,Yes ,None ,No ,,178° H x 178° V , 1 x HDMI 1.4 | 1 x VGA | 
Samsung Odyssey G3,Samsung ,LF24G35TFWNXZA ,"24"" ",1920 x 1080 ,144 Hz ,,VA ,16:9 ,Black ,250 cd/m² ,0.277 mm ,Yes ,No ,FreeSync Premium ,No ,,178° H x 178° V , 1 x DisplayPort 1.2 | 1 x HDMI 2.0 | 1 x VGA | 
Samsung UE570,Samsung ,LU28E570DS/ZA ,"28"" ",3840 x 2160 ,,,TN ,16:9 ,Black / Silver ,370 cd/m² ,0.161 mm ,Yes ,No ,FreeSync ,No ,,170° H x 160° V , 1 x DisplayPort | 2 x HDMI | 
Acer EI342CKR Pbmiippx,Acer , UM.CE2AA.P01 | EI342CKR Pbmiippx | ,"34"" ",3440 x 1440 ,144 Hz ,,VA ,21:9 ,Black ,400 cd/m² ,0.232 mm ,Yes ,Yes ,FreeSync Premium Pro ,Yes ,75 x 75 ,178° H x 178° V , 2 x DisplayPort | 1 x HDMI | 
Acer KG241 Sbmiipx,Acer , UM.FX1AA.S01 | KG241 Sbmiipx | ,"24"" ",1920 x 1080 ,120 Hz ,,TN ,16:9 ,Black ,350 cd/m² ,0.277 mm ,Yes ,No ,None ,No ,100 x 100 ,170° H x 160° V , 1 x DisplayPort 1.2 | 1 x HDMI 2.0 | 
Acer ED271U Xbmiipx,Acer , UM.HE1AA.X01 | ED271U Xbmiipx | ,"27"" ",2560 x 1440 ,240 Hz ,,VA ,16:9 ,Black ,400 cd/m² ,0.233 mm ,Yes ,Yes ,None ,Yes ,100 x 100 ,178° H x 178° V , 1 x DisplayPort | 1 x HDMI | 
Acer KG272 Bmiix,Acer , UM.HX2AA.005 | KG272 Bmiix | ,"27"" ",1920 x 1080 ,75 Hz ,,IPS ,16:9 ,Black ,250 cd/m² ,0.311 mm ,Yes ,No ,FreeSync Premium ,Yes ,100 x 100 ,178° H x 178° V , 1 x HDMI | 1 x VGA | 
Dell S2721HN,Dell , 210-AXJY | S2721HN | J0C8D | ,"27"" ",1920 x 1080 ,75 Hz ,4 ms ,IPS ,16:9 ,,300 cd/m² ,0.311 mm ,Yes ,No ,FreeSync ,No ,100 x 100 ,178° H x 178° V ,2 x HDMI 
MSI Optix G27C6,MSI , OPTIX G27C6 | 9S6-3CA91T-036 | ,"27"" ",1920 x 1080 ,165 Hz ,,VA ,16:9 ,,250 cd/m² ,0.311 mm ,Yes ,Yes ,FreeSync Premium ,No ,100 x 100 ,178° H x 178° V , 1 x DisplayPort 1.2 | 2 x HDMI 1.4 | 
MSI Pro MP243,MSI ,Pro MP243 ,"23.8"" ",1920 x 1080 ,75 Hz ,5 ms ,IPS ,16:9 ,,250 cd/m² ,0.274 mm ,Yes ,No ,None ,Yes ,75 x 75 ,178° H x 178° V , 1 x DisplayPort 1.2a | 1 x HDMI 1.4 | 1 x VGA | 
MSI PRO MP273,MSI ,PRO MP273 ,"27"" ",1920 x 1080 ,75 Hz ,5 ms ,IPS ,16:9 ,,250 cd/m² ,0.311 mm ,Yes ,No ,None ,Yes ,75 x 75 ,178° H x 178° V , 1 x DisplayPort 1.2a | 1 x HDMI 1.4 | 
ViewSonic VP2768a-4K,ViewSonic ,VP2768a-4K ,"27"" ",3840 x 2160 ,,6 ms ,IPS ,16:9 ,,350 cd/m² ,0.156 mm ,Yes ,No ,None ,No ,100 x 100 ,178° H x 178° V , 1 x DisplayPort | 1 x HDMI 2.0 | 1 x USB Type-C | 
Asus TUF Gaming VG27AQGL1A ZAKU II EDITION,Asus , 90LM05Z0-B033B0 | VG27AQGL1A | TUF-GAMING-VG27AQGL1A-ZAKU-II-EDITION | ,"27"" ",2560 x 1440 ,170 Hz ,,IPS ,16:9 ,,350 cd/m² ,0.233 mm ,Yes ,No ,G-Sync Compatible ,Yes ,100 x 100 ,178° H x 178° V , 1 x DisplayPort 1.2 | 2 x HDMI 2.0 | 
Asus VP249QGR,Asus , 90LM03L0-B021B0 | VP249QGR | ,"23.8"" ",1920 x 1080 ,144 Hz ,,IPS ,16:9 ,,250 cd/m² ,0.274 mm ,Yes ,No ,FreeSync Premium ,Yes ,100 x 100 ,178° H x 178° V , 1 x DisplayPort 1.2 | 1 x HDMI 1.4 | 1 x VGA | 
Gigabyte M27F A,Gigabyte , M27F A | M27F A-SA | 9DM27FA-00-1ABEK | ,"27"" ",1920 x 1080 ,165 Hz ,1 ms ,IPS ,16:9 ,Black ,400 cd/m² ,0.311 mm ,Yes ,No ,FreeSync Premium ,Yes ,100 x 100 ,178° H x 178° V , 1 x DisplayPort 1.2 | 2 x HDMI 2.0 | 
MSI Optix G2412,MSI , G2412 | Optix G2412 | 9S6-3BA41T-066 | ,"23.8"" ",1920 x 1080 ,170 Hz ,,,16:9 ,Black ,250 cd/m² ,0.274 mm ,Yes ,No ,FreeSync Premium ,No ,100 x 100 ,, 1 x DisplayPort 1.2a | 2 x HDMI 1.4 | 
Acer ED270U Pbmiipx,Acer ,UM.HE0AA.P04 ,"27"" ",2560 x 1440 ,165 Hz ,,VA ,16:9 ,Black ,250 cd/m² ,0.233 mm ,Yes ,Yes ,FreeSync ,Yes ,,178° H x 178° V , 1 x DisplayPort 1.2 | 2 x HDMI 2.0 | 
Acer R241Y Bbix,Acer ,UM.QR1AA.B01 ,"23.8"" ",1920 x 1080 ,,,IPS ,16:9 ,Black ,250 cd/m² ,0.274 mm ,Yes ,No ,None ,No ,,178° H x 178° V , 1 x HDMI | 1 x VGA | 
Acer V246HQL,Acer ,UM.UV6AA.002 ,"23.6"" ",1920 x 1080 ,60 Hz ,5 ms ,VA ,16:9 ,Black ,250 cd/m² ,0.272 mm ,Yes ,No ,None ,No ,100 x 100 ,178° H x 178° V , 1 x DVI | 1 x HDMI | 1 x VGA | 
HP OMEN X 25f,HP ,4WH47AA#ABU ,"24.5"" ",1920 x 1080 ,240 Hz ,,TN ,16:9 ,Black ,400 cd/m² ,0.282 mm ,Yes ,No , FreeSync | G-Sync Compatible | ,No ,100 x 100 ,170° H x 160° V , 1 x DisplayPort 1.2 | 2 x HDMI 2.0 | 
Samsung Odyssey Neo G70NC,Samsung ,LS43CG700NMXUE ,"43"" ",3840 x 2160 ,144 Hz ,,VA Mini LED ,16:9 ,Black ,400 cd/m² ,0.248 mm ,Yes ,No ,FreeSync Premium Pro ,Yes ,200 x 100 ,178° H x 178° V , 1 x DisplayPort 1.4 | 2 x HDMI 2.1 | 
Gigabyte M27U SA,Gigabyte ,M27U SA ,"27"" ",3840 x 2160 ,160 Hz ,,IPS ,16:9 ,Black ,400 cd/m² ,0.156 mm ,Yes ,No ,FreeSync Premium Pro ,Yes ,100 x 100 ,178° H x 178° V , 1 x DisplayPort 1.4 | 2 x HDMI | 
AOC AGON Pro AG274FZ,AOC , AG274Fz | AGON IV AG274FZ | ,"27"" ",1920 x 1080 ,260 Hz ,1 ms ,IPS ,16:9 ,Black / Red ,400 cd/m² ,0.311 mm ,Yes ,No , FreeSync | G-Sync Compatible | ,Yes ,100 x 100 ,178° H x 178° V , 1 x DisplayPort 1.4 | 2 x HDMI 2.0 | 
Samsung ViewFinity S50GC,Samsung ,LS34C502GAUXEN ,"34"" ",3440 x 1440 ,100 Hz ,5 ms ,VA ,21:9 ,Black ,300 cd/m² ,0.232 mm ,Yes ,No ,FreeSync ,No ,100 x 100 ,178° H x 178° V , 1 x DisplayPort 1.2 | 2 x HDMI 2.0 | 
BenQ EX2710R,BenQ ,EX2710R ,"27"" ",2560 x 1440 ,165 Hz ,,VA ,16:9 ,Black ,400 cd/m² ,0.233 mm ,Yes ,Yes ,FreeSync Premium Pro ,Yes ,100 x 100 ,178° H x 178° V , 1 x DisplayPort 1.4 | 2 x HDMI 2.0 | 
BenQ GW2485TC,BenQ , GW2485TC | 9H.LKLLB.QBE | ,"23.8"" ",1920 x 1080 ,75 Hz ,5 ms ,IPS ,16:9 ,Black ,250 cd/m² ,0.274 mm ,Yes ,No ,None ,Yes ,100 x 100 ,178° H x 178° V , 1 x DisplayPort 1.2 | 1 x HDMI 1.4 | 1 x USB Type-C | 
Lenovo ThinkVision T27p-30,Lenovo ,63A9GAR1US ,"27"" ",3840 x 2160 ,60 Hz ,4 ms ,IPS ,16:9 ,Black ,180 cd/m² ,0.156 mm ,Yes ,No ,None ,No ,,178° H x 178° V , 1 x DisplayPort 1.4 | 1 x HDMI 2.0 | 1 x USB Type-C 3.2 Gen 2 | 
Lenovo L22e-30,Lenovo ,66CBKCC1US ,"21.5"" ",1920 x 1080 ,75 Hz ,4 ms ,VA ,16:9 ,Black ,250 cd/m² ,0.248 mm ,Yes ,No ,FreeSync ,No ,,178° H x 178° V , 1 x HDMI 1.4 | 1 x VGA | 
Lenovo D22e-20,Lenovo ,66D2KCC6US ,"21.5"" ",1920 x 1080 ,75 Hz ,4 ms ,VA ,16:9 ,Black ,250 cd/m² ,0.248 mm ,Yes ,No ,FreeSync ,No ,100 x 100 ,178° H x 178° V , 1 x HDMI | 1 x VGA | 
MSI MPG Artymis 343CQR,MSI ,MPG343CQR ,"34"" ",3440 x 1440 ,165 Hz ,,,21:9 ,Black ,550 cd/m² ,0.232 mm ,Yes ,Yes ,FreeSync Premium ,No ,100 x 100 ,178° H x 178° V , 1 x DisplayPort 1.4 | 2 x HDMI 2.0 | 
Samsung LS32AM500NNXZA,Samsung , LS32AM500NNXZA | S32AM500NN | ,"32"" ",1920 x 1080 ,60 Hz ,8 ms ,VA ,16:9 ,Black ,250 cd/m² ,0.369 mm ,Yes ,No ,None ,Yes ,100 x 100 ,178° H x 178° V ,2 x HDMI 2.0 
Samsung Viewfinity S80TB,Samsung , S27B800TGN | LS27B800TGNXGO | ,"27"" ",3840 x 2160 ,60 Hz ,5 ms ,IPS ,16:9 ,Black ,350 cd/m² ,0.156 mm ,Yes ,No ,None ,Yes ,100 x 100 ,178° H x 178° V ,1 x HDMI 2.0 
ViewSonic OMNI VX2428,ViewSonic ,VX2428 180Hz ,"23.8"" ",1920 x 1080 ,180 Hz ,,IPS ,16:9 ,Black ,250 cd/m² ,0.274 mm ,Yes ,No ,FreeSync Premium ,Yes ,100 x 100 ,178° H x 178° V , 1 x DisplayPort 1.4 | 2 x HDMI 1.4 | 
ViewSonic OMNI VX2728-2K 180Hz,ViewSonic ,VX2728-2K 180Hz ,"27"" ",2560 x 1440 ,180 Hz ,,IPS ,16:9 ,Black ,250 cd/m² ,0.233 mm ,Yes ,No ,FreeSync Premium ,Yes ,100 x 100 ,178° H x 178° V , 1 x DisplayPort | 2 x HDMI 2.0 | 
Philips Evnia 24M1N3200VL,Philips , 24M1N3200VL | 24M1N3200VL/27 | ,"23.8"" ",1920 x 1080 ,165 Hz ,4 ms ,VA ,16:9 ,Black ,350 cd/m² ,0.274 mm ,Yes ,No ,FreeSync Premium ,No ,,178° H x 178° V , 1 x DisplayPort 1.2 | 2 x HDMI 2.0 | 
MSI Modern MD272XPW,MSI , Modern MD272XPW | 9S6-3PB19H-094 | ,"27"" ",1920 x 1080 ,100 Hz ,4 ms ,IPS ,16:9 ,White ,300 cd/m² ,0.311 mm ,Yes ,No ,FreeSync ,Yes ,75 x 75 ,178° H x 178° V , 1 x DisplayPort 1.2 | 1 x HDMI 1.4 | 1 x USB Type-C | 
AOC 24G2SAE/BK,AOC ,24G2SAE/BK ,"23.8"" ",1920 x 1080 ,165 Hz ,,VA ,16:9 ,Black / Red ,,0.274 mm ,Yes ,No ,FreeSync Premium ,Yes ,100 x 100 ,178° H x 178° V , 1 x DisplayPort 1.2 | 2 x HDMI 1.4 | 1 x VGA | 
Acer Nitro XV272K LV,Acer ,UM.HX2EE.V22 ,"27"" ",3840 x 2160 ,155 Hz ,,IPS ,16:9 ,Black ,600 cd/m² ,0.156 mm ,Yes ,No ,FreeSync Premium ,Yes ,100 x 100 ,178° H x 178° V , 1 x DisplayPort 1.4 | 1 x HDMI 2.1 | 1 x USB Type-C | 
LG UltraFine,LG , 32UQ850V-W | 32UQ850V-W.AEU | ,"31.5"" ",3840 x 2160 ,60 Hz ,5 ms ,IPS ,16:9 ,Silver / Black ,400 cd/m² ,0.182 mm ,Yes ,No ,FreeSync ,Yes ,100 x 100 ,178° H x 178° V , 1 x DisplayPort 1.4 | 2 x HDMI | 1 x USB Type-C | 
Lenovo ThinkVision P25i-30,Lenovo , 63F4MAR1US | 63F4MAR1AU | 63F4MAT1IT | 63F4MAR1EU | 63F4MAR1WW | 63F4MAT1EU | 63F4MAT1DK | 63F4MAT1CH | 63F4MAR1UK | 63F4MAR1DK | 63F4MAR1IT | 63F4MAT1UK | 63F4MAR1CH | ,"24.5"" ",1920 x 1080 ,100 Hz ,,IPS ,16:9 ,Black / Red ,250 cd/m² ,0.282 mm ,Yes ,No ,None ,No ,100 x 100 ,178° H x 178° V , 1 x DisplayPort 1.4 | 1 x HDMI 2.1 | 1 x VGA | 
BenQ SW242Q,BenQ ,SW242Q ,"24.1"" ",2560 x 1600 ,60 Hz ,5 ms ,IPS ,16:10 ,Black ,400 cd/m² ,0.203 mm ,Yes ,No ,None ,No ,100 x 100 ,178° H x 178° V , 1 x DisplayPort 1.4 | 2 x HDMI 2.0 | 1 x USB Type-C | 
MSI MAG 274QRF QD E2,MSI ,MAG 274QRF QD E2 MONSTER HUNTER EDITION ,"27"" ",2560 x 1440 ,180 Hz ,,IPS ,16:9 ,Red / Black ,400 cd/m² ,0.233 mm ,Yes ,No ,FreeSync ,No ,75 x 75 ,178° H x 178° V , 1 x DisplayPort 1.4a | 2 x HDMI 2.0b | 1 x USB Type-C | 
INNOCN 27G1R Plus,INNOCN ,27G1R Plus ,"27"" ",2560 x 1440 ,180 Hz ,,IPS ,16:9 ,Black ,300 cd/m² ,0.233 mm ,Yes ,No , FreeSync | G-Sync Compatible | ,No ,75 x 75 ,178° H x 178° V , 2 x DisplayPort 1.4 | 2 x HDMI | 
Samsung Odyssey G65B,Samsung ,LS32BG650ENXGO ,"32"" ",2560 x 1440 ,240 Hz ,1 ms ,VA ,16:9 ,Black ,350 cd/m² ,0.277 mm ,Yes ,Yes ,FreeSync Premium Pro ,Yes ,100 x 100 ,178° H x 178° V , 1 x DisplayPort 1.4 | 2 x HDMI 2.1 | 
Titan Army P2510H,Titan Army ,P2510H ,"24.5"" ",1920 x 1080 ,240 Hz ,1 ms ,VA ,16:9 ,Black ,300 cd/m² ,0.282 mm ,Yes ,No ,FreeSync ,No ,100 x 100 ,178° H x 178° V , 2 x DisplayPort 1.4 | 2 x HDMI 2.0 | 
MSI MAG 274PFW,MSI ,MAG 274PFW ,"27"" ",1920 x 1080 ,180 Hz ,1 ms ,IPS ,16:9 ,White ,300 cd/m² ,0.311 mm ,Yes ,No ,FreeSync ,No ,75 x 75 ,178° H x 178° V , 1 x DisplayPort 1.2a | 2 x HDMI 2.0 | 
HP M27f,HP ,M27f ,"27"" ",1920 x 1080 ,75 Hz ,5 ms ,IPS ,16:9 ,Silver ,300 cd/m² ,0.311 mm ,Yes ,No ,FreeSync ,No ,,178° H x 178° V , 2 x HDMI 1.4 | 1 x VGA | 
MSI MAG ARTYMIS 242C,MSI , MAG ARTYMIS 242C | 9S6-3BA81T-007 | ,"23.6"" ",1920 x 1080 ,165 Hz ,,VA ,16:9 ,Black ,250 cd/m² ,0.272 mm ,Yes ,Yes ,FreeSync Premium ,No ,100 x 100 ,178° H x 178° V , 1 x DisplayPort 1.4 | 2 x HDMI | 
Acer Predator X49 Xbmipphuzx,Acer , UM.SXXEE.X01 | X49 Xbmipphuzx | ,"49"" ",5120 x 1440 ,240 Hz ,,QD-OLED ,32:9 ,Black ,1000 cd/m² ,0.234 mm ,Yes ,Yes ,FreeSync Premium ,Yes ,100 x 100 ,178° H x 178° V , 2 x DisplayPort 1.4 | 1 x HDMI 2.1 | 
iiyama ProLite XCB3497WQSNPH-B1,iiyama ,XCB3497WQSNPH-B1 ,"34"" ",3440 x 1440 ,120 Hz ,,VA ,21:9 ,Black ,350 cd/m² ,0.232 mm ,Yes ,Yes ,FreeSync Premium ,Yes ,100 x 100 ,178° H x 178° V , 1 x DisplayPort 1.4 | 1 x HDMI 2.0 | 1 x HDMI 1.4 | 1 x USB Type-C | 
Asus VA329HE,Asus , 90LM07F1-B01BB0 | VA329HE | ,"31.5"" ",1920 x 1080 ,75 Hz ,5 ms ,IPS ,16:9 ,Black ,300 cd/m² ,0.363 mm ,Yes ,No ,FreeSync ,No ,100 x 100 ,178° H x 178° V , 2 x HDMI 1.4 | 1 x VGA | 
ASRock Phantom Gaming PG34QRT3A,ASRock , PG34QRT3A | 90LXA0J0-A0E1A0V | ,"34"" ",3440 x 1440 ,180 Hz ,,VA ,21:9 ,Black ,500 cd/m² ,0.232 mm ,Yes ,Yes ,FreeSync Premium ,Yes ,100 x 100 ,178° H x 178° V , 1 x DisplayPort 1.4 | 2 x HDMI 2.0 | 
Lenovo Y44w-10,Lenovo , 65EARAC1US | Y44w-10 | ,"43.4"" ",3840 x 1200 ,120 Hz ,4 ms ,VA ,16:5 ,Black ,450 cd/m² ,0.274 mm ,Yes ,Yes ,FreeSync Premium Pro ,Yes ,,178° H x 178° V , 1 x DisplayPort | 2 x HDMI | 
HP DreamColor Z27x G2,HP ,2NJ08A8#ABA ,"27"" ",2560 x 1440 ,60 Hz ,,IPS ,16:9 ,Black ,250 cd/m² ,0.233 mm ,Yes ,No ,None ,No ,,178° H x 178° V , 2 x DisplayPort | 2 x HDMI | 
Philips 345B1C/00,Philips ,345B1C/00 ,"34"" ",3440 x 1440 ,100 Hz ,5 ms ,VA ,21:9 ,Black ,300 cd/m² ,0.232 mm ,Yes ,Yes ,FreeSync ,No ,,178° H x 178° V , 1 x DisplayPort | 1 x HDMI | 
Dell P2723D,Dell , 210-BDKG | P2723D | 74KV5 | ,"27"" ",2560 x 1440 ,60 Hz ,,IPS ,16:9 ,,350 cd/m² ,0.233 mm ,Yes ,No ,None ,No ,100 x 100 ,178° H x 178° V , 1 x DisplayPort 1.2 | 1 x HDMI | 
Planar PL1910MW,Planar ,997-5260-00 ,"19"" ",1440 x 900 ,,5 ms ,,16:10 ,,300 cd/m² ,0.284 mm ,Yes ,No ,None ,Yes ,100 x 100 ,170° H x 160° V , 1 x DVI | 1 x VGA | 
Acer XB321HK BMIPHZ,Acer ,XB321HK bmiphz ,"32"" ",3840 x 2160 ,60 Hz ,4 ms ,IPS ,16:9 ,,350 cd/m² ,0.184 mm ,Yes ,No ,G-Sync ,Yes ,,178° H x 178° V , 1 x DisplayPort | 1 x HDMI | 
ViewSonic VX2276-SMHD,ViewSonic ,VX2276-SMHD ,"21.5"" ",1920 x 1080 ,60 Hz ,7 ms ,IPS ,16:9 ,Silver ,250 cd/m² ,0.248 mm ,Yes ,No ,None ,Yes ,,178° H x 178° V , 1 x DisplayPort | 1 x HDMI | 1 x VGA | 
LG 32GN500-B,LG ,32GN500-B ,"31.5"" ",1920 x 1080 ,165 Hz ,5 ms ,VA ,16:9 ,Black / Red ,300 cd/m² ,0.363 mm ,Yes ,No , FreeSync Premium | G-Sync Compatible | ,No ,,178° H x 178° V , 1 x DisplayPort | 2 x HDMI | 
LG 29WP60G-B,LG , 29WP60G-B | 29WP60G-B.AEU | ,"29"" ",2560 x 1080 ,75 Hz ,5 ms ,IPS ,21:9 ,Black ,250 cd/m² ,0.265 mm ,Yes ,No ,FreeSync ,No ,,178° H x 178° V , 1 x DisplayPort | 1 x HDMI | 
Samsung Odyssey G7,Samsung , LS28BG700EPXXU | LS28BG700EPXEN | ,"28"" ",3840 x 2160 ,144 Hz ,1 ms ,IPS ,16:9 ,Black ,300 cd/m² ,0.161 mm ,Yes ,No , FreeSync Premium Pro | G-Sync Compatible | ,Yes ,100 x 100 ,178° H x 178° V , 1 x DisplayPort 1.4 | 2 x HDMI 2.1 | 
HP LE1711,HP ,EM886AA#ABA ,"17"" ",1280 x 1024 ,,5 ms ,TN ,5:4 ,,250 cd/m² ,0.263 mm ,No ,No ,None ,No ,,160° H x 160° V ,1 x VGA 
Planar PXL3280W,Planar ,997-8425-01 ,"31.5"" ",2560 x 1440 ,60 Hz ,8 ms ,IPS ,16:9 ,Black ,300 cd/m² ,0.272 mm ,Yes ,No ,None ,No ,,178° H x 178° V , 1 x DisplayPort | 1 x DVI-D Dual Link | 1 x HDMI | 
BenQ EW2780U,BenQ , EW2780U | 9H.LJ7LA.TBE | ,"27"" ",3840 x 2160 ,60 Hz ,5 ms ,IPS ,16:9 ,Brown / Black ,350 cd/m² ,0.156 mm ,Yes ,No ,None ,Yes ,,178° H x 178° V , 1 x DisplayPort | 2 x HDMI | 
MSI Optix G273QF,MSI , Optix G273QF | 9S6-3CA81A-040 | 9S6-3CA81A-046 | ,"27"" ",2560 x 1440 ,165 Hz ,1 ms ,IPS ,16:9 ,Black ,300 cd/m² ,0.233 mm ,Yes ,No ,G-Sync Compatible ,No ,,178° H x 178° V , 1 x DisplayPort 1.2 | 2 x HDMI 2.0b | 
Samsung S60UA,Samsung ,LS27A600UUNXGO ,"27"" ",2560 x 1440 ,75 Hz ,,IPS ,16:9 ,Black ,300 cd/m² ,0.233 mm ,Yes ,No ,FreeSync ,No ,,178° H x 178° V , 1 x DisplayPort 1.2 | 1 x HDMI 1.4 | 1 x USB Type-C | 
Dell U4021QW,Dell , 210-BECU | U4021QW | 7MH50 | ,"40"" ",5120 x 2160 ,60 Hz ,5 ms ,IPS ,64:27 ,,300 cd/m² ,0.183 mm ,Yes ,Yes ,None ,Yes ,,178° H x 178° V , 1 x DisplayPort 1.4 | 2 x HDMI | 1 x USB Type-C | 
Acer Nitro XV252QF,Acer ,UM.KX2EE.F01 ,"24.5"" ",1920 x 1080 ,390 Hz ,,IPS ,16:9 ,Black ,400 cd/m² ,0.282 mm ,Yes ,No ,FreeSync Premium ,Yes ,100 x 100 ,178° H x 178° V , 1 x DisplayPort | 1 x HDMI | 
AOC CU34G3S,AOC ,CU34G3S ,"34"" ",3440 x 1440 ,165 Hz ,4 ms ,VA ,21:9 ,Black / Red ,300 cd/m² ,0.232 mm ,Yes ,Yes ,FreeSync Premium ,Yes ,100 x 100 ,178° H x 178° V , 2 x DisplayPort 1.4 | 2 x HDMI 2.0 | 
Lenovo ThinkVision P24q-30,Lenovo ,63B4GAR6US ,"23.8"" ",2560 x 1440 ,60 Hz ,4 ms ,IPS ,16:9 ,Black / Red ,300 cd/m² ,0.206 mm ,Yes ,No ,None ,No ,,178° H x 178° V , 1 x DisplayPort 1.4 | 1 x HDMI 2.0 | 
MSI G271CQP E2,MSI ,G271CQP E2 ,"27"" ",2560 x 1440 ,170 Hz ,,VA ,16:9 ,Black / Red ,250 cd/m² ,0.233 mm ,Yes ,Yes ,FreeSync ,No ,75 x 75 ,178° H x 178° V , 1 x DisplayPort 1.4 | 2 x HDMI 2.0b | 
Philips 278B1,Philips , 278B1 | 278B1/27 | ,"27"" ",3840 x 2160 ,60 Hz ,4 ms ,IPS ,16:9 ,,350 cd/m² ,0.156 mm ,Yes ,No ,None ,Yes ,100 x 100 ,178° H x 178° V , 1 x DisplayPort 1.2 | 2 x HDMI 2.0 | 
Philips 49B2U6900CH,Philips , 49B2U6900CH | 49B2U6900CH/27 | 49B2U6900CH/00 | ,"48.8"" ",5120 x 1440 ,75 Hz ,4 ms ,VA ,32:9 ,Silver ,450 cd/m² ,0.233 mm ,Yes ,Yes ,FreeSync ,Yes ,100 x 100 ,178° H x 178° V , 1 x DisplayPort 1.4 | 2 x HDMI 2.0 | 1 x USB Type-C | 
Samsung P2770HD,Samsung ,P2770HD ,"27"" ",1920 x 1080 ,,5 ms ,TN ,16:9 ,,300 cd/m² ,0.311 mm ,Yes ,No ,None ,Yes ,,170° H x 160° V , 1 x DVI | 1 x HDMI | 1 x VGA | 
Dell U2410,Dell , 464-7346 | C592M | U2410 | ,"24"" ",1920 x 1200 ,,6 ms ,IPS ,16:10 ,,400 cd/m² ,0.269 mm ,Yes ,No ,None ,No ,,178° H x 178° V , 1 x Component | 1 x DisplayPort | 1 x DVI | 1 x HDMI | 1 x S-Video | 1 x VGA | 
Acer X223WDbd,Acer ,ET.EX3WP.D01 ,"22"" ",1680 x 1050 ,,5 ms ,,16:10 ,,250 cd/m² ,0.282 mm ,Yes ,No ,None ,No ,100 x 100 ,170° H x 160° V , 1 x DVI | 1 x VGA | 
Asus VW246H,Asus ,VW246H ,"24"" ",1920 x 1080 ,,2 ms ,,16:9 ,,300 cd/m² ,0.277 mm ,Yes ,No ,None ,Yes ,100 x 100 ,170° H x 160° V , 1 x DVI | 1 x HDMI | 1 x VGA | 
Lenovo ThinkVision L197,Lenovo ,4434HE1 ,"19"" ",1440 x 900 ,,5 ms ,,16:10 ,,250 cd/m² ,0.284 mm ,Yes ,No ,None ,No ,,170° H x 160° V , 1 x DVI | 1 x VGA | 
Dell P170S,Dell ,468-9272 ,"17"" ",1280 x 1024 ,60 Hz ,5 ms ,,5:4 ,,250 cd/m² ,0.263 mm ,No ,No ,None ,No ,,170° H x 160° V , 1 x DVI | 1 x VGA | 
Dell P2412H,Dell , 469-1381 | P2412H | ,"24"" ",1920 x 1080 ,60 Hz ,5 ms ,TN ,16:9 ,,250 cd/m² ,0.277 mm ,Yes ,No ,None ,No ,100 x 100 ,170° H x 160° V , 1 x DVI | 1 x VGA | 
AOC e1621Sw,AOC ,e1621Sw ,"16"" ",1366 x 768 ,60 Hz ,8 ms ,,16:9 ,,250 cd/m² ,0.259 mm ,Yes ,No ,None ,No ,100 x 100 ,90° H x 65° V ,1 x VGA 
AOC 2436Vwa,AOC ,2436Vwa ,"24"" ",1920 x 1080 ,60 Hz ,5 ms ,,16:9 ,,300 cd/m² ,0.277 mm ,Yes ,No ,None ,Yes ,100 x 100 ,170° H x 160° V , 1 x DVI | 1 x VGA | 
BenQ XL2420T,BenQ ,XL2420T ,"24"" ",1920 x 1080 ,120 Hz ,5 ms ,TN ,16:9 ,,350 cd/m² ,0.277 mm ,Yes ,No ,None ,No ,100 x 100 ,170° H x 160° V , 1 x DisplayPort | 1 x DVI | 2 x HDMI | 1 x VGA | 
Samsung S20B300B,Samsung ,S20B300B ,"20"" ",1600 x 900 ,60 Hz ,5 ms ,TN ,16:9 ,,250 cd/m² ,0.277 mm ,Yes ,No ,None ,No ,,170° H x 160° V , 1 x DVI | 1 x VGA | 
Samsung E1720NR,Samsung ,E1720NR ,"17"" ",1280 x 1024 ,,5 ms ,,5:4 ,,250 cd/m² ,0.263 mm ,No ,No ,None ,No ,75 x 75 ,170° H x 160° V ,1 x VGA 
HP w185e,HP ,XL883AA#ABA ,"18.5"" ",1366 x 768 ,60 Hz ,5 ms ,,16:9 ,,,0.3 mm ,Yes ,No ,None ,No ,100 x 100 ,, 1 x DVI | 1 x VGA | 
Asus VS239H-P,Asus ,VS239H-P ,"23"" ",1920 x 1080 ,,5 ms ,IPS ,16:9 ,,250 cd/m² ,0.265 mm ,Yes ,No ,None ,No ,100 x 100 ,178° H x 178° V , 1 x DVI | 1 x HDMI | 1 x VGA | 
Asus VE278H,Asus ,VE278H ,"27"" ",1920 x 1080 ,,2 ms ,,16:9 ,,300 cd/m² ,0.311 mm ,Yes ,No ,None ,Yes ,100 x 100 ,170° H x 160° V , 2 x HDMI | 1 x VGA | 
Asus MX279H,Asus , MX279H | 90LMGD051R010O1C- | ,"27"" ",1920 x 1080 ,,5 ms ,IPS ,16:9 ,,250 cd/m² ,0.311 mm ,Yes ,No ,None ,Yes ,,178° H x 178° V , 2 x HDMI | 1 x VGA | 
Dell U2713H,Dell ,U2713H ,"27"" ",2560 x 1440 ,60 Hz ,6 ms ,IPS ,16:9 ,,350 cd/m² ,0.233 mm ,Yes ,No ,None ,No ,100 x 100 ,178° H x 178° V , 1 x DisplayPort | 1 x Mini-DisplayPort | 1 x DVI | 1 x HDMI | 
BenQ XL2720T,BenQ ,XL2720T ,"27"" ",1920 x 1080 ,120 Hz ,1 ms ,TN ,16:9 ,,300 cd/m² ,0.311 mm ,Yes ,No ,None ,No ,100 x 100 ,170° H x 160° V , 1 x DisplayPort | 1 x DVI | 1 x HDMI | 1 x VGA | 
HP P221,HP ,C9E49A8#ABA ,"21.5"" ",1920 x 1080 ,60 Hz ,5 ms ,TN ,16:9 ,,250 cd/m² ,0.248 mm ,Yes ,No ,None ,Yes ,100 x 100 ,170° H x 160° V , 1 x DVI | 1 x VGA | 
Samsung S19C150F,Samsung ,S19C150F ,"18.5"" ",1366 x 768 ,,5 ms ,TN ,16:9 ,,200 cd/m² ,0.3 mm ,Yes ,No ,None ,No ,,90° H x 65° V ,1 x VGA 
Samsung S20C300BL,Samsung ,S20C300BL ,"19.5"" ",1600 x 900 ,,5 ms ,TN ,16:9 ,,250 cd/m² ,0.27 mm ,Yes ,No ,None ,No ,,170° H x 160° V , 1 x DVI | 1 x VGA | 
Samsung S22C450D,Samsung ,S22C450D ,"21.5"" ",1920 x 1080 ,,5 ms ,,16:9 ,,250 cd/m² ,0.248 mm ,Yes ,No ,None ,No ,100 x 100 ,170° H x 160° V , 1 x DVI | 1 x VGA | 
Samsung S24C350HL,Samsung ,S24C350HL ,"23.6"" ",1920 x 1080 ,,5 ms ,TN ,16:9 ,,250 cd/m² ,0.272 mm ,Yes ,No ,None ,No ,,170° H x 160° V , 1 x HDMI | 1 x VGA | 
LG 22EN43T-B,LG ,22EN43T-B ,"21.5"" ",1920 x 1080 ,,5 ms ,TN ,16:9 ,,250 cd/m² ,0.248 mm ,Yes ,No ,None ,No ,75 x 75 ,170° H x 160° V , 1 x DVI | 1 x VGA | 
HP Z24i,HP ,D7P53A4#ABA ,"24"" ",1920 x 1200 ,60 Hz ,8 ms ,IPS ,16:10 ,,300 cd/m² ,0.269 mm ,Yes ,No ,None ,Yes ,100 x 100 ,178° H x 178° V , 1 x DisplayPort | 1 x DVI-D Dual Link | 1 x VGA | 
Dell E2214H,Dell ,E2214H ,"21.5"" ",1920 x 1080 ,60 Hz ,5 ms ,TN ,16:9 ,,250 cd/m² ,0.248 mm ,Yes ,No ,None ,No ,100 x 100 ,170° H x 160° V , 1 x DVI | 1 x VGA | 
Eizo FG2421-BK,Eizo , FG2421-BK | FG2421 | ,"23.5"" ",1920 x 1080 ,240 Hz ,1 ms ,,16:9 ,,400 cd/m² ,0.271 mm ,Yes ,No ,None ,No ,,176° H x 176° V , 1 x DisplayPort | 1 x DVI | 1 x HDMI | 
3M C2234SW,3M ,98-0003-3598-8 ,"22"" ",1680 x 1050 ,,5 ms ,,16:10 ,,250 cd/m² ,0.282 mm ,Yes ,No ,None ,No ,100 x 100 ,170° H x 160° V , 1 x DVI | 1 x VGA | 
Planar 997-7318-00,Planar ,997-7318-00 ,"15"" ",1024 x 768 ,75 Hz ,8 ms ,,4:3 ,,250 cd/m² ,0.298 mm ,No ,No ,None ,Yes ,75 x 75 ,,1 x VGA 
BenQ XL2720Z,BenQ ,XL2720Z ,"27"" ",1920 x 1080 ,144 Hz ,1 ms ,TN ,16:9 ,,300 cd/m² ,0.311 mm ,Yes ,No ,None ,No ,100 x 100 ,170° H x 160° V , 1 x DisplayPort | 1 x DVI | 2 x HDMI | 1 x VGA | 
HP EliteDisplay E221i,HP ,F9Z09A8#ABA ,"21.5"" ",1920 x 1080 ,60 Hz ,8 ms ,IPS ,16:9 ,,250 cd/m² ,0.248 mm ,Yes ,No ,None ,No ,,178° H x 178° V , 1 x DisplayPort | 1 x DVI | 1 x VGA | 
Dell U2415,Dell , U2415 | PVJVW | ,"24.1"" ",1920 x 1200 ,60 Hz ,6 ms ,IPS ,16:10 ,,300 cd/m² ,0.27 mm ,Yes ,No ,None ,No ,100 x 100 ,178° H x 178° V , 1 x DisplayPort | 1 x Mini-DisplayPort | 2 x HDMI | 
BenQ XL2730Z,BenQ , XL2730Z | 9H.LDCLB.QBE | ,"27"" ",2560 x 1440 ,144 Hz ,1 ms ,TN ,16:9 ,,350 cd/m² ,0.233 mm ,Yes ,No ,FreeSync ,No ,100 x 100 ,170° H x 160° V , 1 x DisplayPort | 1 x DVI | 2 x HDMI | 1 x VGA | 
Asus PB258Q,Asus ,PB258Q ,"25"" ",2560 x 1440 ,60 Hz ,5 ms ,IPS ,16:9 ,,350 cd/m² ,0.216 mm ,Yes ,No ,None ,Yes ,,178° H x 178° V , 1 x DisplayPort | 1 x DVI | 1 x HDMI | 1 x VGA | 
HP 22UH,HP ,22UH ,"21.5"" ",1920 x 1080 ,60 Hz ,5 ms ,TN ,16:9 ,,250 cd/m² ,0.248 mm ,Yes ,No ,None ,No ,,170° H x 160° V , 1 x DVI | 1 x HDMI | 1 x VGA | 
ViewSonic VG2860MHL-4K,ViewSonic ,VG2860MHL-4K ,"28"" ",3840 x 2160 ,60 Hz ,2 ms ,TN ,16:9 ,,300 cd/m² ,0.161 mm ,Yes ,No ,None ,Yes ,,170° H x 160° V , 2 x DisplayPort | 1 x DVI | 1 x HDMI | 
LG 31MU97C-B,LG ,31MU97C-B ,"31"" ",4096 x 2160 ,60 Hz ,5 ms ,IPS ,256:135 ,,320 cd/m² ,0.17 mm ,Yes ,No ,None ,No ,,178° H x 178° V , 1 x DisplayPort | 1 x Mini-DisplayPort | 1 x HDMI | 
Samsung S24E310HL,Samsung ,S24E310HL ,"23.6"" ",1920 x 1080 ,60 Hz ,8 ms ,TN ,16:9 ,,250 cd/m² ,0.272 mm ,Yes ,No ,None ,No ,,178° H x 178° V , 1 x HDMI | 1 x VGA | 
Asus VC279H,Asus ,VC279H ,"27"" ",1920 x 1080 ,60 Hz ,5 ms ,IPS ,16:9 ,,250 cd/m² ,0.311 mm ,Yes ,No ,None ,Yes ,,178° H x 178° V , 1 x DVI | 1 x HDMI | 1 x VGA | 
Dell SE2416H,Dell ,SE2416H ,"23.8"" ",1920 x 1080 ,60 Hz ,6 ms ,IPS ,16:9 ,,250 cd/m² ,0.274 mm ,Yes ,No ,None ,No ,,178° H x 178° V , 1 x HDMI | 1 x VGA | 
Dell UP2716D,Dell , UP2716D | 210-AGTR | 210-AGTU | ,"27"" ",2560 x 1440 ,60 Hz ,6 ms ,IPS ,16:9 ,,300 cd/m² ,0.233 mm ,Yes ,No ,None ,No ,,178° H x 178° V , 1 x DisplayPort | 1 x Mini-DisplayPort | 2 x HDMI | 
Asus MG28UQ,Asus , MG28UQ | 90LM027C-B01170 | ,"28"" ",3840 x 2160 ,60 Hz ,1 ms ,TN ,16:9 ,,330 cd/m² ,0.161 mm ,Yes ,No ,FreeSync ,Yes ,,170° H x 160° V , 1 x DisplayPort | 2 x HDMI | 
LG 22MP58VQ-P,LG ,22MP58VQ ,"21.5"" ",1920 x 1080 ,60 Hz ,5 ms ,IPS ,16:9 ,,250 cd/m² ,0.248 mm ,Yes ,No ,None ,No ,,178° H x 178° V , 1 x DVI | 1 x HDMI | 1 x VGA | 
LG 34UM88-P,LG ,34UM88-P ,"34"" ",3440 x 1440 ,60 Hz ,5 ms ,IPS ,21:9 ,,300 cd/m² ,0.232 mm ,Yes ,No ,None ,Yes ,,178° H x 178° V , 1 x DisplayPort | 2 x HDMI | 
Asus VG278HV,Asus ,VG278HV ,"27"" ",1920 x 1080 ,144 Hz ,1 ms ,TN ,16:9 ,,300 cd/m² ,0.311 mm ,Yes ,No ,None ,Yes ,,170° H x 160° V , 1 x DVI | 1 x HDMI | 1 x VGA | 
LG 23MP68VQ-P,LG ,23MP68VQ-P ,"23"" ",1920 x 1080 ,60 Hz ,,IPS ,16:9 ,,250 cd/m² ,0.265 mm ,Yes ,No ,FreeSync ,Yes ,,178° H x 178° V , 2 x HDMI | 1 x VGA | 
AOC G2460VQ6,AOC ,G2460VQ6 ,"24"" ",1920 x 1080 ,75 Hz ,1 ms ,TN ,16:9 ,,250 cd/m² ,0.277 mm ,Yes ,No ,FreeSync ,Yes ,,170° H x 160° V , 1 x DisplayPort | 1 x HDMI | 1 x VGA | 
Asus PB277Q,Asus , PB277Q | 90LM02I1-B01170 | ,"27"" ",2560 x 1440 ,75 Hz ,1 ms ,TN ,16:9 ,,350 cd/m² ,0.233 mm ,Yes ,No ,None ,Yes ,,170° H x 160° V , 1 x DisplayPort | 1 x DVI-D Dual Link | 1 x HDMI | 1 x VGA | 
ViewSonic XG2530,ViewSonic ,XG2530 ,"25"" ",1920 x 1080 ,240 Hz ,1 ms ,TN ,16:9 ,,400 cd/m² ,0.288 mm ,Yes ,No ,FreeSync ,Yes ,,170° H x 160° V , 1 x DisplayPort | 1 x DVI-D Dual Link | 2 x HDMI | 
LG 24GM79G-B,LG , 24GM79G-B | 24GM79G-B.AEU | ,"24"" ",1920 x 1080 ,144 Hz ,1 ms ,TN ,16:9 ,,350 cd/m² ,0.277 mm ,Yes ,No ,FreeSync ,No ,,170° H x 160° V , 1 x DisplayPort | 2 x HDMI | 
LG 34UM69G-B,LG , 34UM69G-B | 34UM69G-B.AEU | ,"34"" ",2560 x 1080 ,75 Hz ,1 ms ,IPS ,21:9 ,,250 cd/m² ,0.311 mm ,Yes ,No ,FreeSync ,Yes ,,178° H x 178° V , 1 x DisplayPort | 1 x HDMI | 
Acer KG241Q bmiix,Acer , UM.UX1AA.001 | KG241Q bmiix | ,"23.6"" ",1920 x 1080 ,75 Hz ,1 ms ,TN ,16:9 ,,300 cd/m² ,0.272 mm ,Yes ,No ,FreeSync ,No ,,170° H x 160° V , 1 x HDMI | 1 x VGA | 
LG 34UC89G-B,LG , 34UC89G-B | 34UC89G-B.AEU | ,"34"" ",2560 x 1080 ,166 Hz ,5 ms ,IPS ,21:9 ,,300 cd/m² ,0.311 mm ,Yes ,Yes ,G-Sync ,No ,,178° H x 178° V , 1 x DisplayPort | 1 x HDMI | 
Asus ROG Strix XG35VQ,Asus , XG35VQ | 90LM03Q0-B01170 | ,"35"" ",3440 x 1440 ,100 Hz ,4 ms ,VA ,21:9 ,,300 cd/m² ,0.238 mm ,Yes ,Yes ,FreeSync ,No ,,178° H x 178° V , 1 x DisplayPort | 2 x HDMI | 
iiyama Prolite E2483HS-B1,iiyama ,E2483HS-B1 ,"24"" ",1920 x 1080 ,60 Hz ,1 ms ,TN ,16:9 ,,250 cd/m² ,0.277 mm ,Yes ,No ,None ,Yes ,,170° H x 160° V , 1 x DVI | 1 x HDMI | 1 x VGA | 
iiyama G-MASTER RED EAGLE,iiyama ,GB2488HSU-B3 ,"24"" ",1920 x 1080 ,144 Hz ,1 ms ,TN ,16:9 ,Black ,350 cd/m² ,0.277 mm ,Yes ,No ,FreeSync ,Yes ,,170° H x 160° V , 1 x DisplayPort | 1 x DVI-D Dual Link | 1 x HDMI | 
Acer KG271B,Acer ,UM.HX1EE.B01 ,"27"" ",1920 x 1080 ,240 Hz ,1 ms ,TN ,16:9 ,Black ,400 cd/m² ,0.311 mm ,Yes ,No ,FreeSync ,Yes ,,170° H x 160° V , 1 x DisplayPort | 1 x HDMI | 
LG 24MP60VQ-P,LG ,24MP60VQ-P ,"23.8"" ",1920 x 1080 ,75 Hz ,5 ms ,IPS ,16:9 ,,250 cd/m² ,0.274 mm ,Yes ,No ,None ,No ,,178° H x 178° V , 1 x DVI | 1 x HDMI | 1 x VGA | 
HP W2207H,HP ,W2207H ,"22"" ",1680 x 1050 ,60 Hz ,,TN ,16:10 ,Black ,,0.282 mm ,Yes ,No ,None ,No ,,170° H x 160° V , 1 x HDMI | 1 x VGA | 
MSI Optix AG32CQ,MSI ,Optix AG32CQ ,"31.5"" ",2560 x 1440 ,144 Hz ,1 ms ,VA ,16:9 ,Black ,250 cd/m² ,0.272 mm ,Yes ,Yes ,FreeSync ,No ,,178° H x 178° V , 1 x DisplayPort | 1 x DVI | 1 x HDMI | 
Samsung U28H750,Samsung ,LU28H750UQUXEN ,"27.9"" ",3840 x 2160 ,60 Hz ,1 ms ,TN ,16:9 ,Black ,250 cd/m² ,0.161 mm ,Yes ,No ,FreeSync ,No ,,170° H x 160° V , 1 x DisplayPort | 2 x HDMI | 
AOC 24V2Q,AOC ,24V2Q ,"23.8"" ",1920 x 1080 ,75 Hz ,5 ms ,IPS ,16:9 ,Black ,250 cd/m² ,0.274 mm ,Yes ,No ,FreeSync ,No ,,178° H x 178° V , 1 x DisplayPort | 1 x HDMI | 
AOC G2590PX,AOC ,G2590PX ,"24.5"" ",1920 x 1080 ,144 Hz ,1 ms ,TN ,16:9 ,Black / Red ,400 cd/m² ,0.282 mm ,Yes ,No , FreeSync Premium | G-Sync Compatible | ,Yes ,,170° H x 160° V , 1 x DisplayPort | 2 x HDMI | 1 x VGA | 
AOC Q3279VWFD8,AOC ,Q3279VWFD8 ,"31.5"" ",2560 x 1440 ,75 Hz ,4 ms ,IPS ,16:9 ,Black ,250 cd/m² ,0.272 mm ,Yes ,No ,FreeSync ,No ,,178° H x 178° V , 1 x DisplayPort | 1 x DVI | 1 x HDMI | 1 x VGA | 
Sceptre U275W-4000R,Sceptre ,U275W-4000R ,"27"" ",3840 x 2160 ,60 Hz ,5 ms ,IPS ,16:9 ,Silver ,250 cd/m² ,0.156 mm ,Yes ,No ,None ,Yes ,,178° H x 178° V , 1 x DisplayPort | 1 x DVI | 2 x HDMI | 
Asus VZ249HE,Asus , VZ249HE | 90LM02Q0-B01670 | ,"23.8"" ",1920 x 1080 ,60 Hz ,5 ms ,IPS ,16:9 ,Black ,250 cd/m² ,0.274 mm ,Yes ,No ,None ,No ,,178° H x 178° V , 1 x HDMI | 1 x VGA | 
Asus VZ279HE,Asus , VZ279HE | 90LM02X0-B01470 | 90LM02X3-B01470 | ,"27"" ",1920 x 1080 ,60 Hz ,5 ms ,IPS ,16:9 ,Black ,250 cd/m² ,0.311 mm ,Yes ,No ,None ,No ,,178° H x 178° V , 2 x HDMI | 1 x VGA | 
AOC AGON AG273QCG,AOC ,AG273QCG ,"27"" ",2560 x 1440 ,165 Hz ,1 ms ,TN ,16:9 ,Red / Black ,400 cd/m² ,0.233 mm ,Yes ,Yes ,G-Sync ,Yes ,,170° H x 160° V , 1 x DisplayPort | 1 x HDMI | 
BenQ PD2700U,BenQ , PD2700U | 9H.LHALB.QBE | 9H.LHVLB.QPE | ,"27"" ",3840 x 2160 ,60 Hz ,5 ms ,IPS ,16:9 ,Black ,350 cd/m² ,0.156 mm ,Yes ,No ,None ,Yes ,,178° H x 178° V , 1 x DisplayPort | 1 x Mini-DisplayPort | 1 x HDMI | 
AOC 24B1XHS,AOC ,24B1XHS ,"23.8"" ",1920 x 1080 ,60 Hz ,7 ms ,IPS ,16:9 ,Black ,250 cd/m² ,0.274 mm ,Yes ,No ,None ,No ,,178° H x 178° V , 1 x HDMI | 1 x VGA | 
Acer VG271 Pbmiipx,Acer , VG271 Pbmiipx | UM.HV1AA.P02 | ,"27"" ",1920 x 1080 ,144 Hz ,1 ms ,IPS ,16:9 ,Black / Red ,400 cd/m² ,0.311 mm ,Yes ,No ,FreeSync ,Yes ,,178° H x 178° V , 1 x DisplayPort | 2 x HDMI | 
MSI Optix MAG271R,MSI ,Optix MAG271R ,"27"" ",1920 x 1080 ,165 Hz ,1 ms ,VA ,16:9 ,Black ,300 cd/m² ,0.311 mm ,Yes ,No ,FreeSync ,No ,,178° H x 178° V , 1 x DisplayPort | 2 x HDMI | 
Acer PREDATOR X35 bmiphzx,Acer , X35 bmiphzx | UM.CX0AA.004 | ,"35"" ",3440 x 1440 ,200 Hz ,2 ms ,VA ,21:9 ,Black ,1000 cd/m² ,0.238 mm ,Yes ,Yes ,G-Sync Ultimate ,Yes ,,178° H x 178° V , 1 x DisplayPort | 1 x HDMI | 
Gigabyte AORUS CV27F,Gigabyte , AORUS CV27F-SA | CV27F | AORUS CV27F | AORUS CV27F-EK | ,"27"" ",1920 x 1080 ,165 Hz ,1 ms ,VA ,16:9 ,Black ,400 cd/m² ,0.311 mm ,Yes ,Yes ,FreeSync Premium Pro ,No ,,178° H x 178° V , 1 x DisplayPort | 2 x HDMI | 
AOC U2790VQ,AOC ,U2790VQ ,"27"" ",3840 x 2160 ,60 Hz ,5 ms ,IPS ,16:9 ,Black ,350 cd/m² ,0.156 mm ,Yes ,No ,None ,Yes ,,178° H x 178° V , 1 x DisplayPort | 2 x HDMI | 1 x VGA | 
HP EliteDisplay E240C,HP ,M1P00A8#ABA ,"23.8"" ",1920 x 1080 ,,7 ms ,IPS ,16:9 ,Silver ,250 cd/m² ,0.274 mm ,Yes ,No ,None ,No ,,178° H x 178° V , 1 x DisplayPort | 1 x HDMI | 1 x VGA | 
HP P204,HP ,5RD65A8#ABA ,"19.5"" ",1600 x 900 ,60 Hz ,,TN ,16:9 ,Black ,250 cd/m² ,0.27 mm ,Yes ,No ,None ,No ,,170° H x 160° V , 1 x DisplayPort | 1 x HDMI | 1 x VGA | 
Lenovo L27m-28,Lenovo ,65E6KCC1US ,"27"" ",1920 x 1080 ,,4 ms ,IPS ,16:9 ,Black ,250 cd/m² ,0.311 mm ,Yes ,No ,None ,No ,,178° H x 178° V , 1 x HDMI | 1 x VGA | 
Philips 246E9QJAB/00,Philips ,246E9QJAB/00 ,"23.8"" ",1920 x 1080 ,75 Hz ,4 ms ,IPS ,16:9 ,Silver ,250 cd/m² ,0.274 mm ,Yes ,No ,FreeSync ,Yes ,,178° H x 178° V , 1 x DisplayPort | 1 x HDMI | 1 x VGA | 
LG 27UL650-W,LG , 27UL650-W | 27UL650-W.AEU | ,"27"" ",3840 x 2160 ,60 Hz ,5 ms ,IPS ,16:9 ,Silver ,350 cd/m² ,0.156 mm ,Yes ,No ,FreeSync ,No ,,178° H x 178° V , 1 x DisplayPort | 2 x HDMI | 
Acer Predator X27 Pbmiphzx,Acer , UM.HX0AA.P01 | X27 Pbmiphzx | ,"27"" ",3840 x 2160 ,144 Hz ,4 ms ,IPS ,16:9 ,Black / Silver ,1000 cd/m² ,0.156 mm ,Yes ,No ,G-Sync ,Yes ,,178° H x 178° V , 1 x DisplayPort | 1 x HDMI | 
Asus ROG Strix XG279Q,Asus , XG279Q | 90LM05D0-B01370 | ,"27"" ",2560 x 1440 ,170 Hz ,1 ms ,IPS ,16:9 ,Black / Red ,400 cd/m² ,0.233 mm ,Yes ,No , FreeSync | G-Sync Compatible | ,Yes ,,178° H x 178° V , 2 x DisplayPort | 2 x HDMI | 
Asus ROG Strix XG27UQ,Asus , XG27UQ | 90LM05A0-B01370 | ,"27"" ",3840 x 2160 ,144 Hz ,,IPS ,16:9 ,Black / Red ,400 cd/m² ,0.156 mm ,Yes ,No ,FreeSync ,No ,,178° H x 178° V , 2 x DisplayPort | 2 x HDMI | 
Acer XB273K Sbmiprzx,Acer ,UM.HX3AA.S01 ,"27"" ",3840 x 2160 ,144 Hz ,4 ms ,IPS ,16:9 ,Black ,400 cd/m² ,0.156 mm ,Yes ,No ,G-Sync ,Yes ,,178° H x 178° V , 1 x DisplayPort | 1 x HDMI | 
Acer SB270 Bbix,Acer , UM.HS0AA.B01 | SB270 Bbix | ,"27"" ",1920 x 1080 ,75 Hz ,,IPS ,16:9 ,Black ,250 cd/m² ,0.311 mm ,Yes ,No ,FreeSync ,No ,,178° H x 178° V , 1 x HDMI | 1 x VGA | 
Dell E2720H,Dell ,DELL-E2720H ,"27"" ",1920 x 1080 ,60 Hz ,5 ms ,IPS ,16:9 ,Black ,300 cd/m² ,0.311 mm ,Yes ,No ,None ,No ,,178° H x 178° V , 1 x DisplayPort | 1 x VGA | 
AOPEN 32HC1QUR Pbidpx,AOPEN , 32HC1QUR Pbidpx | UM.JW1AA.P01 | ,"31.5"" ",2560 x 1440 ,144 Hz ,,VA ,16:9 ,Black ,250 cd/m² ,0.272 mm ,Yes ,Yes ,FreeSync ,No ,,178° H x 178° V , 1 x DisplayPort | 1 x DVI | 1 x HDMI | 
Acer VG270 bmiix,Acer , VG270 bmiix | UM.HV0AA.008 | ,"27"" ",1920 x 1080 ,75 Hz ,,IPS ,16:9 ,Black / Red ,250 cd/m² ,0.311 mm ,Yes ,No ,FreeSync ,Yes ,,178° H x 178° V , 2 x HDMI | 1 x VGA | 
Philips 223V5LHSB2,Philips ,223V5LHSB2 ,"21.5"" ",1920 x 1080 ,60 Hz ,5 ms ,TN ,16:9 ,Black ,200 cd/m² ,0.248 mm ,Yes ,No ,None ,No ,,90° H x 65° V , 1 x HDMI | 1 x VGA | 
ViewSonic VA2456-mhd,ViewSonic ,VA2456-mhd ,"23.8"" ",1920 x 1080 ,60 Hz ,5 ms ,IPS ,16:9 ,Black ,250 cd/m² ,0.274 mm ,Yes ,No ,None ,No ,,178° H x 178° V , 1 x DisplayPort | 1 x HDMI | 1 x VGA | 
Dell S2421H,Dell ,S2421H ,"23.8"" ",1920 x 1080 ,75 Hz ,4 ms ,IPS ,16:9 ,Silver / Black ,250 cd/m² ,0.274 mm ,Yes ,No ,FreeSync ,Yes ,,178° H x 178° V ,2 x HDMI 
Acer VG220Q bmiix,Acer ,UM.WV0AA.001 ,"21.5"" ",1920 x 1080 ,75 Hz ,,IPS ,16:9 ,Black / Red ,250 cd/m² ,0.248 mm ,Yes ,No ,FreeSync ,Yes ,,178° H x 178° V , 2 x HDMI | 1 x VGA | 
Acer KA272U biipx,Acer ,UM.HX2AA.004 ,"27"" ",2560 x 1440 ,75 Hz ,,IPS ,16:9 ,Black ,250 cd/m² ,0.233 mm ,Yes ,No ,FreeSync ,No ,,178° H x 178° V ,1 x DisplayPort 
LG 27QN880-B,LG , 27QN880-B | 27QN880-B.AEU | ,"27"" ",2560 x 1440 ,75 Hz ,5 ms ,IPS ,16:9 ,Black ,350 cd/m² ,0.233 mm ,Yes ,No ,FreeSync ,Yes ,,178° H x 178° V , 1 x DisplayPort | 2 x HDMI | 
AOPEN UM.UW1AA.P01,AOPEN , UM.UW1AA.P01 | 24HC1QR Pbidpx | ,"23.6"" ",1920 x 1080 ,144 Hz ,,VA ,16:9 ,Black ,,0.272 mm ,Yes ,Yes ,FreeSync ,No ,,178° H x 178° V , 1 x DisplayPort | 1 x DVI | 1 x HDMI | 
Lenovo Legion Y27gq-20,Lenovo ,65ECGAC1US ,"27"" ",2560 x 1440 ,165 Hz ,1 ms ,TN ,16:9 ,Black ,350 cd/m² ,0.233 mm ,Yes ,No ,G-Sync ,No ,,170° H x 160° V , 1 x DisplayPort | 1 x HDMI | 
Gigabyte ‎AORUS FI32Q,Gigabyte ,AORUS FI32Q-SA ,"31.5"" ",2560 x 1440 ,170 Hz ,1 ms ,IPS ,16:9 ,Black ,350 cd/m² ,0.272 mm ,Yes ,No ,FreeSync Premium Pro ,No ,,178° H x 178° V , 1 x DisplayPort | 2 x HDMI | 
Pixio PX277PRO,Pixio ,PX277PRO ,"27"" ",2560 x 1440 ,165 Hz ,1 ms ,IPS ,16:9 ,Black ,450 cd/m² ,0.233 mm ,Yes ,No , FreeSync Premium | G-Sync Compatible | ,Yes ,,178° H x 178° V , 1 x DisplayPort 1.2 | 1 x HDMI 2.0 | 
NZXT Canvas 32Q,NZXT ,MNST-32QSB-B-WW ,"32"" ",2560 x 1440 ,165 Hz ,,VA ,16:9 ,White / White ,300 cd/m² ,0.277 mm ,Yes ,Yes , FreeSync Premium | G-Sync Compatible | ,No ,,178° H x 178° V , 1 x DisplayPort 1.2 | 2 x HDMI 2.0 | 
Samsung CF391,Samsung ,LC27F391FHNXZA ,"27"" ",1920 x 1080 ,,4 ms ,VA ,16:9 ,White ,250 cd/m² ,0.311 mm ,Yes ,Yes ,None ,No ,,, 1 x HDMI | 1 x VGA | 
Samsung JG50,Samsung ,LC27JG50QQNXZA ,"27"" ",2560 x 1440 ,144 Hz ,,VA ,16:9 ,Silver ,300 cd/m² ,0.233 mm ,Yes ,Yes ,None ,No ,,178° H x 178° V , 1 x DisplayPort | 1 x HDMI 1.4 | 1 x HDMI 2.0 | 
Samsung CJ791,Samsung ,LC34J791WTNXZA ,"34"" ",3440 x 1440 ,100 Hz ,4 ms ,VA ,21:9 ,Gray ,300 cd/m² ,0.232 mm ,Yes ,Yes ,None ,Yes ,,178° H x 178° V , 1 x DisplayPort 1.2 | 1 x HDMI 2.0 | 2 x USB Type-C | 
Samsung S70A,Samsung ,LS27A700NWNXZA ,"27"" ",3840 x 2160 ,60 Hz ,,IPS ,16:9 ,Black ,300 cd/m² ,0.156 mm ,Yes ,No ,None ,No ,,178° H x 178° V , 1 x DisplayPort 1.2 | 1 x HDMI 2.0 | 
Samsung M5,Samsung ,LS27AM500NNXZA ,"27"" ",1920 x 1080 ,60 Hz ,8 ms ,VA ,16:9 ,Black ,250 cd/m² ,0.311 mm ,Yes ,No ,None ,Yes ,,178° H x 178° V ,2 x HDMI 2.0 
Acer ED273 Bbmiix,Acer , UM.HE3AA.B01 | ED273 Bbmiix | ,"27"" ",1920 x 1080 ,,,VA ,16:9 ,Black ,250 cd/m² ,0.311 mm ,Yes ,Yes ,None ,Yes ,75 x 75 ,178° H x 178° V , 1 x HDMI | 1 x VGA | 
Acer VG272 Sbmiipx,Acer , UM.HV2AA.S01 | VG272 Sbmiipx | ,"27"" ",1920 x 1080 ,144 Hz ,,IPS ,16:9 ,Black ,400 cd/m² ,0.311 mm ,Yes ,No ,G-Sync ,No ,100 x 100 ,178° H x 178° V , 1 x DisplayPort 1.2 | 1 x HDMI 2.0 | 
Acer XZ273U Xbmiiphx,Acer , UM.HX3AA.X06 | XZ273U Xbmiiphx | ,"27"" ",2560 x 1440 ,240 Hz ,,VA ,16:9 ,Black ,400 cd/m² ,0.233 mm ,Yes ,Yes ,FreeSync Premium ,Yes ,100 x 100 ,178° H x 178° V , 1 x DisplayPort | 1 x HDMI | 
Acer XV320QU LVbmiiphx,Acer , UM.JX0AA.V01 | XV320QU LVbmiiphx | ,"31.5"" ",2560 x 1440 ,144 Hz ,,IPS ,16:9 ,Black ,250 cd/m² ,0.272 mm ,Yes ,No ,FreeSync ,No ,100 x 100 ,178° H x 178° V , 1 x DisplayPort 1.2 | 1 x HDMI 2.0 | 
Acer XZ325QU PBMIIPHX,Acer , UM.JX5AA.P01 | XZ325QU PBMIIPHX | ,"31.5"" ",2560 x 1440 ,165 Hz ,,VA ,16:9 ,Black ,400 cd/m² ,0.272 mm ,Yes ,Yes ,FreeSync Premium ,No ,100 x 100 ,178° H x 178° V , 1 x DisplayPort 1.4 | 1 x HDMI 1.4 | 
Acer XV252Q LVbmiiprx,Acer , UM.KX2AA.V01 | XV252Q LVbmiiprx | ,"24.5"" ",1920 x 1080 ,165 Hz ,,IPS ,16:9 ,Black ,400 cd/m² ,0.282 mm ,Yes ,No ,FreeSync Premium ,No ,100 x 100 ,178° H x 178° V , 1 x DisplayPort 1.2 | 1 x HDMI 2.0 | 
Acer QG241Y bi,Acer , UM.QQ1AA.004 | QG241Y bi | ,"23.8"" ",1920 x 1080 ,75 Hz ,,VA ,16:9 ,Black ,250 cd/m² ,0.274 mm ,Yes ,No ,FreeSync ,No ,100 x 100 ,178° H x 178° V , 1 x HDMI 1.4 | 1 x VGA | 
Acer Nitro QG1,Acer ,UM.QQ1AA.S01 ,"23.8"" ",1920 x 1080 ,65 Hz ,,VA ,16:9 ,Black ,250 cd/m² ,0.274 mm ,Yes ,No ,FreeSync ,No ,100 x 100 ,178° H x 178° V , 1 x DisplayPort 1.2 | 1 x HDMI 1.4 | 1 x HDMI 2.0 | 
Acer K242HYL Bbix,Acer , UM.QX2AA.B03 | K242HYL Bbix | ,"23.8"" ",1920 x 1080 ,60 Hz ,4 ms ,VA ,16:9 ,Black ,250 cd/m² ,0.274 mm ,Yes ,No ,None ,No ,,178° H x 178° V , 1 x HDMI | 1 x VGA | 
Acer EG220Q Pbipx,Acer , UM.WE0AA.P01 | EG220Q Pbipx | ,"21.5"" ",1920 x 1080 ,144 Hz ,,TN ,16:9 ,Black ,250 cd/m² ,0.248 mm ,Yes ,No ,None ,No ,100 x 100 ,90° H x 65° V , 1 x DisplayPort | 1 x HDMI | 
Dell P2723QE,Dell , 210-BDLK | P2723QE | R64H8 | DELL-P2723QE | ,"27"" ",3840 x 2160 ,60 Hz ,,IPS ,16:9 ,,350 cd/m² ,0.156 mm ,Yes ,No ,None ,No ,100 x 100 ,178° H x 178° V , 1 x DisplayPort 1.4 | 1 x HDMI | 1 x USB Type-C | 
LG 24ML44B-B,LG ,24ML44B-B ,"23.8"" ",1920 x 1080 ,75 Hz ,5 ms ,IPS ,16:9 ,,250 cd/m² ,0.274 mm ,Yes ,No ,FreeSync ,No ,75 x 75 ,178° H x 178° V , 2 x HDMI | 1 x VGA | 
LG 27GP700-B,LG ,27GP700-B ,"27"" ",1920 x 1080 ,240 Hz ,1 ms ,IPS ,16:9 ,,400 cd/m² ,0.311 mm ,Yes ,No , FreeSync Premium | G-Sync Compatible | ,No ,100 x 100 ,178° H x 178° V , 1 x DisplayPort | 2 x HDMI | 
LG 32EP950-B,LG , 32EP950-B | 32EP950-B.AEU | ,"31.5"" ",3840 x 2160 ,60 Hz ,1 ms ,OLED ,16:9 ,,250 cd/m² ,0.182 mm ,Yes ,No ,None ,No ,100 x 100 ,178° H x 178° V , 2 x DisplayPort | 1 x HDMI | 1 x USB Type-C | 
Corsair XENEON 32UHD144,Corsair , CM-9020003-NA | CM-9020003-JP | CM-9020003-AU | XENEON 32UHD144 | 32UHD144 | CM-9020003-PE | ,"32"" ",3840 x 2160 ,144 Hz ,12 ms ,IPS ,16:9 ,Black ,400 cd/m² ,0.184 mm ,Yes ,No , FreeSync Premium | G-Sync Compatible | ,No ,100 x 100 ,178° H x 178° V , 1 x DisplayPort 1.4 | 2 x HDMI 2.0 | 
MSI Optix MAG272CQP,MSI ,Optix MAG272CQP ,"27"" ",2560 x 1440 ,165 Hz ,,VA ,16:9 ,,300 cd/m² ,0.233 mm ,Yes ,Yes ,FreeSync Premium ,No ,100 x 100 ,178° H x 178° V , 1 x DisplayPort 1.2 | 2 x HDMI 2.0 | 
MSI Optix MAG342CQ,MSI ,Optix MAG342CQ ,"34"" ",3440 x 1440 ,144 Hz ,,VA ,21:9 ,,250 cd/m² ,0.232 mm ,Yes ,Yes ,FreeSync ,No ,75 x 75 ,178° H x 178° V , 1 x DisplayPort 1.2a | 2 x HDMI 2.0 | 
MSI Optix G251F,MSI ,Optix G251F ,"24.5"" ",1920 x 1080 ,165 Hz ,1 ms ,IPS ,16:9 ,,400 cd/m² ,0.282 mm ,Yes ,No ,G-Sync Compatible ,No ,100 x 100 ,178° H x 178° V , 1 x DisplayPort 1.2a | 1 x HDMI 2.0b | 
ViewSonic VG2756-4K,ViewSonic ,VG2756-4K ,"27"" ",3840 x 2160 ,,14 ms ,IPS ,16:9 ,,350 cd/m² ,0.156 mm ,Yes ,No ,None ,Yes ,100 x 100 ,, 1 x DisplayPort | 1 x HDMI 2.0 | 1 x USB Type-C | 
ViewSonic VX3268-2KPC-MHD,ViewSonic ,VX3268-2KPC-MHD ,"32"" ",2560 x 1440 ,144 Hz ,3 ms ,VA ,16:9 ,,250 cd/m² ,0.277 mm ,Yes ,Yes ,FreeSync Premium ,Yes ,100 x 100 ,178° H x 178° V , 1 x DisplayPort | 2 x HDMI 2.0 | 
Asus ROG Strix XG279Q-G GUNDAM EDITION,Asus , 90LM05D2-B013B0 | ROG-Strix-XG279Q-G-GUNDAM-EDITION | XG279Q-G GUNDAM EDITION | ,"27"" ",2560 x 1440 ,170 Hz ,1 ms ,IPS ,16:9 ,,400 cd/m² ,0.233 mm ,Yes ,No ,G-Sync Compatible ,Yes ,100 x 100 ,178° H x 178° V , 1 x DisplayPort 1.2 | 2 x HDMI 2.0 | 
Asus VP348QGL,Asus , 90LM04QI-B011B0 | VP348QGL | ,"34"" ",3440 x 1440 ,75 Hz ,4 ms ,VA ,21:9 ,,350 cd/m² ,0.232 mm ,Yes ,No ,FreeSync ,Yes ,100 x 100 ,178° H x 178° V , 1 x DisplayPort 1.2 | 2 x HDMI 2.0 | 
ASRock PG27FF1A,ASRock , PG27FF1A | 90LXA050-A0E1A0V | ,"27"" ",1920 x 1080 ,165 Hz ,,IPS ,16:9 ,Black ,250 cd/m² ,0.311 mm ,Yes ,No ,FreeSync Premium ,Yes ,100 x 100 ,178° H x 178° V , 1 x DisplayPort 1.2 | 2 x HDMI 2.0 | 
Dell P2421DC,Dell ,P2421DC ,"23.8"" ",2560 x 1440 ,60 Hz ,5 ms ,IPS ,16:9 ,Black / Gray ,300 cd/m² ,0.206 mm ,Yes ,No ,None ,No ,100 x 100 ,178° H x 178° V , 1 x DisplayPort 1.2 | 1 x HDMI 1.4 | 1 x USB Type-C 3.2 Gen 1 | 
Lenovo 65FDGAC2UK,Lenovo ,65FDGAC2UK ,"23.6"" ",1920 x 1080 ,144 Hz ,,TN ,16:9 ,Black ,300 cd/m² ,0.272 mm ,Yes ,No , FreeSync | G-Sync Compatible | ,No ,100 x 100 ,170° H x 160° V , 1 x DisplayPort 1.2 | 1 x HDMI 1.4 | 
Acer KG272 S,Acer ,UM.HX2AA.S03 ,"27"" ",1920 x 1080 ,165 Hz ,,IPS ,16:9 ,Black / Red ,250 cd/m² ,0.311 mm ,Yes ,No ,FreeSync Premium ,Yes ,100 x 100 ,178° H x 178° V , 1 x DisplayPort | 1 x HDMI | 
Acer ED270U P,Acer ,UMHE0AAP02 ,"31.5"" ",2560 x 1440 ,165 Hz ,,VA ,16:9 ,Black ,250 cd/m² ,0.272 mm ,Yes ,Yes ,FreeSync ,Yes ,75 x 75 ,178° H x 178° V , 1 x DisplayPort | 1 x HDMI | 
Philips 27E1N8900,Philips , 27E1N8900 | 27E1N8900/27 | ,"27"" ",3840 x 2160 ,60 Hz ,,OLED ,16:9 ,Black ,540 cd/m² ,0.156 mm ,Yes ,No ,None ,No ,100 x 100 ,178° H x 178° V , 1 x DisplayPort 1.4 | 2 x HDMI 2.0 | 
Asus TUF Gaming VG27VH1BR,Asus , VG27VH1BR | 90LM0699-B011B0 | TUF Gaming VG27VH1BR | ,"27"" ",1920 x 1080 ,165 Hz ,,VA ,16:9 ,Black ,250 cd/m² ,0.311 mm ,Yes ,Yes ,FreeSync Premium ,Yes ,100 x 100 ,178° H x 178° V , 1 x HDMI 2.0 | 1 x VGA | 
Acer Predator XB283K KV,Acer ,UM.PX3AA.V01 ,"28"" ",3840 x 2160 ,144 Hz ,,IPS ,16:9 ,Black ,400 cd/m² ,0.161 mm ,Yes ,No ,FreeSync ,No ,100 x 100 ,178° H x 178° V , 1 x DisplayPort 1.4 | 1 x HDMI 2.1 | 
Acer UM.HQ1AA.E01,Acer ,UM.HQ1AA.E01 ,"27"" ",1920 x 1080 ,100 Hz ,,IPS ,16:9 ,Black ,250 cd/m² ,0.311 mm ,Yes ,No ,FreeSync ,No ,100 x 100 ,178° H x 178° V , 1 x HDMI 1.4 | 1 x VGA | 
BenQ PD2506Q,BenQ ,PD2506Q ,"25"" ",2560 x 1440 ,60 Hz ,5 ms ,IPS ,16:9 ,Black ,400 cd/m² ,0.216 mm ,Yes ,No ,None ,Yes ,100 x 100 ,178° H x 178° V , 1 x DisplayPort 1.4 | 1 x HDMI 2.0 | 1 x USB Type-C | 
HP 24fwa,HP ,4TB29AA#ABA ,"23.8"" ",1920 x 1080 ,75 Hz ,5 ms ,IPS ,16:9 ,Silver ,300 cd/m² ,0.274 mm ,Yes ,No ,FreeSync ,Yes ,,178° H x 178° V ,1 x HDMI 
HP P27h G5,HP ,64W41AA#ABA ,"27"" ",1920 x 1080 ,75 Hz ,5 ms ,IPS ,16:9 ,Black ,250 cd/m² ,0.311 mm ,Yes ,No ,None ,Yes ,100 x 100 ,178° H x 178° V , 1 x DisplayPort 1.2 | 1 x HDMI 1.4 | 1 x VGA | 
HP E24i G4,HP ,9VJ40AA#ABA ,"24"" ",1920 x 1200 ,60 Hz ,5 ms ,IPS ,16:10 ,Silver ,,0.269 mm ,Yes ,No ,None ,No ,100 x 100 ,178° H x 178° V , 1 x DisplayPort 1.2 | 1 x HDMI 1.4 | 1 x VGA | 
Lenovo ThinkVision T23i-30,Lenovo ,63B2MAR6US ,"23"" ",1920 x 1080 ,60 Hz ,4 ms ,IPS ,16:9 ,Black / Red ,250 cd/m² ,0.265 mm ,Yes ,No ,None ,No ,,178° H x 178° V , 1 x DisplayPort 1.2 | 1 x HDMI 1.4 | 1 x VGA | 
Lenovo ThinkVision E24-29,Lenovo ,63D0MAR3US ,"23.8"" ",1920 x 1080 ,60 Hz ,4 ms ,VA ,16:9 ,Black ,250 cd/m² ,0.274 mm ,Yes ,No ,None ,Yes ,,178° H x 178° V , 1 x DisplayPort 1.2 | 1 x HDMI 1.4 | 1 x VGA | 
MSI Optix G2722,MSI ,Optix G2722 ,"27"" ",1920 x 1080 ,170 Hz ,,IPS ,16:9 ,Black ,250 cd/m² ,0.311 mm ,Yes ,No ,FreeSync ,No ,100 x 100 ,178° H x 178° V , 1 x DisplayPort 1.2a | 2 x HDMI 1.4 | 
MSI OPTIX MAG240CR,MSI ,OPTIXMAG240CR ,"23.6"" ",1920 x 1080 ,144 Hz ,,VA ,16:9 ,,250 cd/m² ,0.272 mm ,Yes ,Yes ,None ,No ,75 x 75 ,178° H x 178° V , 1 x DisplayPort 1.2 | 1 x HDMI 2.0 | 1 x HDMI 1.4 | 
Philips 276B1,Philips , 276B1 | 276B1/27 | ,"27"" ",2560 x 1440 ,75 Hz ,4 ms ,IPS ,16:9 ,Black ,350 cd/m² ,0.233 mm ,Yes ,No ,None ,Yes ,100 x 100 ,178° H x 178° V , 1 x DisplayPort 1.4 | 2 x HDMI 1.4 | 1 x USB Type-C 3.2 Gen 2 | 
Samsung LS34C650UANXGO,Samsung , LS34C650UANXGO | S34C650UAN | ,"34"" ",3440 x 1440 ,100 Hz ,5 ms ,VA ,21:9 ,Black ,350 cd/m² ,0.232 mm ,Yes ,Yes ,FreeSync ,Yes ,100 x 100 ,178° H x 178° V ,1 x USB Type-C 
Lenovo T24i-20,Lenovo , T24i-20 | 61F7MAR1US | ,"23.89"" ",1920 x 1080 ,60 Hz ,4 ms ,IPS ,16:9 ,Black ,250 cd/m² ,0.275 mm ,Yes ,No ,None ,No ,,178° H x 178° V , 1 x DisplayPort | 1 x HDMI | 1 x VGA | 
YEYIAN Odraz,YEYIAN ,YMG-4K27-01 ,"27"" ",3840 x 2160 ,60 Hz ,5 ms ,IPS ,16:9 ,Black ,300 cd/m² ,0.156 mm ,Yes ,No ,FreeSync ,Yes ,100 x 100 ,178° H x 178° V , 1 x DisplayPort | 2 x HDMI | 
Acer Nitro XV275U P3,Acer ,UM.HXXAA.302 ,"27"" ",2560 x 1440 ,170 Hz ,2 ms ,VA Mini LED ,16:9 ,Black ,1000 cd/m² ,0.233 mm ,Yes ,No ,FreeSync Premium ,No ,75 x 75 ,178° H x 178° V , 1 x DisplayPort 1.2 | 1 x HDMI 2.0 | 
Eizo FlexScan EV2740X,Eizo ,EV2740X-BK ,"27"" ",3840 x 2160 ,60 Hz ,5 ms ,IPS ,16:9 ,Black ,350 cd/m² ,0.156 mm ,Yes ,No ,None ,Yes ,100 x 100 ,178° H x 178° V , 1 x DisplayPort 1.3 | 2 x HDMI 1.4 | 1 x USB Type-C | 
Acer AOPEN 25XV2Q Fbmiiprx,Acer ,UM.KX2AA.F03 ,"24.5"" ",1920 x 1080 ,390 Hz ,0.5 ms ,IPS ,16:9 ,Black ,400 cd/m² ,0.282 mm ,Yes ,No ,FreeSync Premium ,Yes ,100 x 100 ,178° H x 178° V , 1 x DisplayPort | 1 x HDMI | 
MSI G244PF E2,MSI ,G244PF E2 ,"23.8"" ",1920 x 1080 ,180 Hz ,1 ms ,IPS ,16:9 ,Black ,300 cd/m² ,0.274 mm ,Yes ,No ,FreeSync ,No ,75 x 75 ,178° H x 178° V , 1 x DisplayPort 1.2a | 2 x HDMI 2.0b | 
MSI G27C3F,MSI ,G27C3F ,"27"" ",1920 x 1080 ,180 Hz ,1 ms ,VA ,16:9 ,Black ,300 cd/m² ,0.311 mm ,Yes ,Yes ,FreeSync ,No ,75 x 75 ,178° H x 178° V , 1 x DisplayPort 1.2a | 2 x HDMI 2.0b | 
Titan Army P2510G,Titan Army ,P2510G ,"24.5"" ",1920 x 1080 ,180 Hz ,1 ms ,IPS ,16:9 ,Black ,350 cd/m² ,0.282 mm ,Yes ,No ,FreeSync ,No ,100 x 100 ,178° H x 178° V , 1 x DisplayPort 1.4 | 1 x HDMI 2.0 | 
Eizo EV2457,Eizo ,EV2457-BK ,"24.1"" ",1920 x 1200 ,60 Hz ,5 ms ,IPS ,16:10 ,Black ,350 cd/m² ,0.27 mm ,Yes ,No ,None ,Yes ,100 x 100 ,178° H x 178° V , 1 x DisplayPort | 1 x DVI | 1 x HDMI | 
AOC PD34,AOC ,PD34 ,"34"" ",3440 x 1440 ,240 Hz ,0.03 ms ,QD-OLED ,21:9 ,Black ,1000 cd/m² ,0.232 mm ,Yes ,Yes ,FreeSync ,Yes ,100 x 100 ,178° H x 178° V , 1 x DisplayPort 1.4 | 2 x HDMI 2.1 | 1 x USB Type-C | 
Pixio PXC248 Wave,Pixio ,PXC248WAVEK ,"24"" ",1920 x 1080 ,200 Hz ,1 ms ,VA ,16:9 ,Pink ,,0.277 mm ,Yes ,Yes ,FreeSync ,Yes ,100 x 100 ,178° H x 178° V , 1 x DisplayPort 1.4 | 1 x HDMI 2.0 | 
AOC AGON AG275QXW,AOC ,AG275QXW ,"27"" ",2560 x 1440 ,180 Hz ,1 ms ,IPS ,16:9 ,White ,350 cd/m² ,0.233 mm ,Yes ,No ,FreeSync ,No ,100 x 100 ,178° H x 178° V , 1 x DisplayPort 1.4 | 2 x HDMI 2.0 | 
MSI PRO MP245PG,MSI ,PRO MP245PG ,"23.8"" ",1920 x 1080 ,100 Hz ,4 ms ,IPS ,16:9 ,Black ,300 cd/m² ,0.274 mm ,Yes ,No ,FreeSync ,Yes ,100 x 100 ,178° H x 178° V , 1 x DisplayPort 1.2 | 1 x HDMI 1.4 | 1 x VGA | 
Acer XV340CK Pbmiipphzx,Acer ,XV340CK Pbmiipphzx ,"34"" ",3440 x 1440 ,144 Hz ,,IPS ,21:9 ,Black ,250 cd/m² ,0.232 mm ,Yes ,No ,FreeSync ,Yes ,,178° H x 178° V , 2 x DisplayPort | 2 x HDMI | 
BenQ PD3205U,BenQ , PD3205U | 9H.LKGLA.TBE | ,"31.5"" ",3840 x 2160 ,60 Hz ,5 ms ,IPS ,16:9 ,Black ,350 cd/m² ,0.182 mm ,Yes ,No ,None ,Yes ,100 x 100 ,178° H x 178° V , 1 x DisplayPort 1.4 | 1 x HDMI 2.0 | 
MSI Modern MD271UL,MSI , Modern MD271UL | MD271UL | 9S6-3PB8CH-005 | ,"27"" ",3840 x 2160 ,60 Hz ,4 ms ,IPS ,16:9 ,Silver / Black ,,0.156 mm ,Yes ,No ,None ,No ,,178° H x 178° V , 1 x DisplayPort 1.2a | 2 x HDMI 2.0b | 1 x USB Type-C | 
Acer XV322QU KVbmiiphzx,Acer , UM.JX2AA.V01 | XV322QU KVbmiiphzx | ,"31.5"" ",2560 x 1440 ,144 Hz ,,IPS ,16:9 ,Black ,400 cd/m² ,0.272 mm ,Yes ,No ,FreeSync Premium ,No ,100 x 100 ,178° H x 178° V , 1 x DisplayPort 1.2 | 1 x HDMI 2.0 | 
Dell E2016HV,Dell ,E2016HV ,"19.5"" ",1600 x 900 ,60 Hz ,5 ms ,TN ,16:9 ,,200 cd/m² ,0.27 mm ,Yes ,No ,None ,No ,,90° H x 65° V ,1 x VGA 
BenQ EW3280U,BenQ , EW3280U | 9H.LJ2LA.TBE | ,"32"" ",3840 x 2160 ,60 Hz ,5 ms ,IPS ,16:9 ,Black / Copper ,400 cd/m² ,0.184 mm ,Yes ,No ,FreeSync ,Yes ,,178° H x 178° V , 1 x DisplayPort | 2 x HDMI | 
Dell UltraSharp U3423WE,Dell , U3423WE | 210-BFOU | U3423wesap | 4XYV3 | ,"34"" ",3440 x 1440 ,60 Hz ,5 ms ,IPS ,21:9 ,Silver / Black ,300 cd/m² ,0.232 mm ,Yes ,Yes ,None ,Yes ,100 x 100 ,178° H x 178° V , 1 x DisplayPort 1.4 | 2 x HDMI 2.1 | 1 x USB Type-C | 
BenQ MOBIUZ EX2710U,BenQ , EX2710U | MOBIUZ EX2710U | 9H.LKTLA.TBE | 9H.LKTLA.TBA | ,"27"" ",3840 x 2160 ,144 Hz ,1 ms ,IPS ,16:9 ,White / Black ,600 cd/m² ,0.156 mm ,Yes ,No , FreeSync Premium Pro | G-Sync Compatible | ,Yes ,100 x 100 ,178° H x 178° V , 1 x DisplayPort 1.4 | 2 x HDMI 2.1 | 
AOC AG493UCX2,AOC ,AG493UCX2 ,"48.8"" ",5120 x 1440 ,165 Hz ,4 ms ,VA ,32:9 ,Black ,400 cd/m² ,0.233 mm ,Yes ,Yes , FreeSync Premium Pro | G-Sync Compatible | ,Yes ,,178° H x 178° V , 1 x DisplayPort | 3 x HDMI | 
Acer EI491CUR Sbmiipphx,Acer , UM.SE1AA.S02 | EI491CUR Sbmiipphx | ,"49"" ",5120 x 1440 ,120 Hz ,,VA ,32:9 ,Black ,400 cd/m² ,0.234 mm ,Yes ,Yes ,FreeSync Premium ,No ,75 x 75 ,178° H x 178° V , 2 x DisplayPort 1.4 | 1 x HDMI 2.0 | 
Dell U2421E,Dell , U2421E | 210-AXMG | 2XMMJ | DELL-U2421E | ,"24.1"" ",1920 x 1200 ,60 Hz ,8 ms ,IPS ,16:10 ,,350 cd/m² ,0.27 mm ,Yes ,No ,None ,Yes ,100 x 100 ,178° H x 178° V , 1 x DisplayPort 1.4 | 1 x HDMI | 1 x USB Type-C | 
MSI Pro MP242C,MSI , Pro MP242C | 9S6-3PB0CM-009 | ,"23.6"" ",1920 x 1080 ,75 Hz ,5 ms ,VA ,16:9 ,,250 cd/m² ,0.272 mm ,Yes ,Yes ,None ,Yes ,100 x 100 ,178° H x 178° V , 1 x HDMI 1.4 | 1 x VGA | 
Samsung S60UA,Samsung , LS24A608UCNXGO | S24A608UCN | ,"24"" ",2560 x 1440 ,75 Hz ,,IPS ,16:9 ,Black ,300 cd/m² ,0.208 mm ,Yes ,No ,FreeSync ,No ,75 x 75 ,178° H x 178° V , 1 x DisplayPort 1.2 | 1 x HDMI 1.4 | 1 x USB Type-C | 
MSI MAG 27C6PF,MSI ,MAG 27C6PF ,"27"" ",1920 x 1080 ,180 Hz ,0.5 ms ,VA ,16:9 ,Black ,250 cd/m² ,0.311 mm ,Yes ,Yes ,FreeSync ,No ,100 x 100 ,178° H x 178° V , 1 x DisplayPort 1.2a | 2 x HDMI 2.0b | 
Acer V173DJb,Acer ,ET.BV3RP.D03 ,"17"" ",1280 x 1024 ,,5 ms ,,5:4 ,,250 cd/m² ,0.263 mm ,No ,No ,None ,No ,100 x 100 ,160° H x 160° V ,1 x VGA 
Dell U3014,Dell ,U3014 ,"30"" ",2560 x 1600 ,60 Hz ,6 ms ,IPS ,16:10 ,,350 cd/m² ,0.252 mm ,Yes ,No ,None ,No ,100 x 100 ,178° H x 178° V , 1 x DisplayPort | 1 x Mini-DisplayPort | 1 x DVI | 1 x HDMI | 
ViewSonic XG240R,ViewSonic ,XG240R ,"24"" ",1920 x 1080 ,144 Hz ,1 ms ,TN ,16:9 ,Black ,350 cd/m² ,0.277 mm ,Yes ,No ,FreeSync ,Yes ,,170° H x 160° V , 1 x DisplayPort | 2 x HDMI | 
Dell UltraSharp U3419W,Dell , U3419W | DELL-U3419W | ,"34.14"" ",3440 x 1440 ,60 Hz ,5 ms ,IPS ,21:9 ,Silver / Black ,300 cd/m² ,0.233 mm ,Yes ,Yes ,None ,Yes ,,178° H x 178° V , 1 x DisplayPort | 2 x HDMI | 
Monoprice Zero-G V2,Monoprice ,38035 ,"35"" ",3440 x 1440 ,120 Hz ,4 ms ,VA ,21:9 ,Black ,300 cd/m² ,0.238 mm ,Yes ,No ,FreeSync ,No ,,178° H x 178° V , 1 x DisplayPort 1.2 | 1 x HDMI 2.0 | 2 x HDMI 1.4 | 
MSI Optix MPG341QR,MSI , Optix MPG341QR | 9S6-3DB79T-001 | ,"34"" ",3440 x 1440 ,144 Hz ,,IPS ,21:9 ,Black ,550 cd/m² ,0.232 mm ,Yes ,No , FreeSync | G-Sync Compatible | ,No ,,178° H x 178° V , 1 x DisplayPort 1.4 | 2 x HDMI 2.0 | 
Samsung FT45,Samsung ,LF22T452FQNXGO ,"22"" ",1920 x 1080 ,75 Hz ,5 ms ,IPS ,16:9 ,Black ,250 cd/m² ,0.254 mm ,Yes ,No ,FreeSync ,No ,,178° H x 178° V , 1 x DisplayPort 1.2 | 2 x HDMI 1.4 | 
Samsung M70B,Samsung ,LS32BM703UNXZA ,"32"" ",3840 x 2160 ,60 Hz ,4 ms ,,16:9 ,White ,300 cd/m² ,0.184 mm ,Yes ,No ,None ,Yes ,,178° H x 178° V , 2 x HDMI 2.0 | 1 x USB Type-C | 
Dell U3421WE,Dell , 210-AXQL | 526MM | U3421WE | DELL-U3421WE | ,"34"" ",3440 x 1440 ,60 Hz ,5 ms ,IPS ,21:9 ,,300 cd/m² ,0.232 mm ,Yes ,Yes ,None ,Yes ,100 x 100 ,, 2 x DisplayPort 1.4 | 2 x HDMI | 1 x USB Type-C | 
ViewSonic VA3456-MHDJ,ViewSonic ,VA3456-MHDJ ,"34"" ",3440 x 1440 ,75 Hz ,4 ms ,IPS ,21:9 ,,400 cd/m² ,0.232 mm ,Yes ,No ,None ,Yes ,,178° H x 178° V , 1 x DisplayPort | 2 x HDMI | 
Acer Predator XB323K RV,Acer ,UM.JX3EE.V09 ,"32"" ",3840 x 2160 ,160 Hz ,1 ms ,IPS ,16:9 ,Black ,440 cd/m² ,0.184 mm ,Yes ,No ,FreeSync Premium ,Yes ,100 x 100 ,178° H x 178° V , 1 x DisplayPort 1.4 | 1 x HDMI 2.1 | 1 x USB Type-C | 
Dell P1913,Dell ,469-3133 ,"19"" ",1400 x 900 ,60 Hz ,5 ms ,,16:10 ,,250 cd/m² ,0.29 mm ,Yes ,No ,None ,No ,100 x 100 ,170° H x 160° V , 1 x DisplayPort | 1 x DVI | 1 x VGA | 
ViewSonic ELITE XG270QC,ViewSonic ,XG270QC ,"27"" ",2560 x 1440 ,165 Hz ,3 ms ,VA ,16:9 ,Black ,550 cd/m² ,0.233 mm ,Yes ,Yes ,FreeSync Premium Pro ,No ,,178° H x 178° V , 1 x DisplayPort | 1 x HDMI | 
LG 32UN550-W,LG , 32UN550-W | 32UN550-W.AEU | ,"31.5"" ",3840 x 2160 ,60 Hz ,4 ms ,VA ,16:9 ,Silver / White ,350 cd/m² ,0.182 mm ,Yes ,No ,FreeSync ,Yes ,,178° H x 178° V , 1 x DisplayPort | 2 x HDMI | 
LG 27UN880-B,LG , 27UN880-B | 27UN880-B.AEU | ,"27"" ",3840 x 2160 ,60 Hz ,5 ms ,IPS ,16:9 ,Black ,350 cd/m² ,0.156 mm ,Yes ,No ,FreeSync ,Yes ,,178° H x 178° V , 1 x DisplayPort | 2 x HDMI | 
Acer XV272U Kvbmiiprzx,Acer , XV272U Kvbmiiprzx | UM.HX2EE.V09 | Nitro XV272UKV | ,"27"" ",2560 x 1440 ,170 Hz ,,IPS ,16:9 ,Black ,400 cd/m² ,0.233 mm ,Yes ,No ,FreeSync Premium ,Yes ,,178° H x 178° V ,1 x DisplayPort 
Samsung S34A650U,Samsung ,LS34A650UXNXGO ,"34"" ",3440 x 1440 ,100 Hz ,5 ms ,VA ,21:9 ,Black ,300 cd/m² ,0.232 mm ,Yes ,Yes ,FreeSync ,No ,,178° H x 178° V , 1 x DisplayPort 1.2 | 1 x HDMI 2.0 | 
LG 34WP65G-B,LG , 34WP65G-B | 34WP65G-B.AEU | ,"34"" ",2560 x 1080 ,75 Hz ,5 ms ,IPS ,21:9 ,,400 cd/m² ,0.311 mm ,Yes ,No ,FreeSync ,No ,100 x 100 ,178° H x 178° V , 1 x DisplayPort | 1 x HDMI | 1 x USB Type-C | 
MSI Optix G274,MSI ,Optix G274 ,"27"" ",1920 x 1080 ,170 Hz ,,IPS ,16:9 ,,250 cd/m² ,0.311 mm ,Yes ,No ,G-Sync Compatible ,No ,75 x 75 ,178° H x 178° V , 1 x DisplayPort 1.2a | 2 x HDMI 2.0 | 
ViewSonic ELITE XG251G,ViewSonic ,XG251G ,"25"" ",1920 x 1080 ,360 Hz ,,IPS ,16:9 ,,400 cd/m² ,0.288 mm ,Yes ,No ,G-Sync ,Yes ,100 x 100 ,178° H x 178° V , 1 x DisplayPort | 2 x HDMI 2.0 | 
Asus VA279HAE,Asus , 90LM04JI-B023B0 | VA279HAE | 90LM04JI-B01370 | 90LM04JI-B02370 | ,"27"" ",1920 x 1080 ,60 Hz ,6 ms ,VA ,16:9 ,,300 cd/m² ,0.311 mm ,Yes ,No ,None ,No ,100 x 100 ,178° H x 178° V , 1 x HDMI 1.4 | 1 x VGA | 
Asus VA24DQSB,Asus , 90LM0547-B013B0 | VA24DQSB | 90LM054J-B01370 | 90LM054L-B02370 | ,"23.8"" ",1920 x 1080 ,75 Hz ,5 ms ,IPS ,16:9 ,,250 cd/m² ,0.274 mm ,Yes ,No ,FreeSync ,Yes ,100 x 100 ,178° H x 178° V , 1 x DisplayPort 1.2 | 1 x HDMI 1.4 | 1 x VGA | 
MSI G321Q,MSI , G321Q | 9S6-3DB91A-013 | ,"31.5"" ",2560 x 1440 ,170 Hz ,,IPS ,16:9 ,Black ,300 cd/m² ,0.272 mm ,Yes ,No , FreeSync Premium | G-Sync Compatible | ,No ,100 x 100 ,178° H x 178° V , 1 x DisplayPort 1.4 | 2 x HDMI 2.0b | 
Dell P2423DE,Dell , DELL-P2423DE | P2423DE | ,"24"" ",2560 x 1440 ,60 Hz ,5 ms ,IPS ,16:9 ,Silver / Black ,300 cd/m² ,0.208 mm ,Yes ,No ,None ,No ,100 x 100 ,178° H x 178° V , 1 x DisplayPort 1.4 | 1 x HDMI | 
Dell P2721Q,Dell ,P2721Q ,"27"" ",3840 x 2160 ,60 Hz ,5 ms ,IPS ,16:9 ,Silver / Black ,350 cd/m² ,0.156 mm ,Yes ,No ,None ,No ,100 x 100 ,178° H x 178° V , 1 x DisplayPort 1.2 | 1 x HDMI 2.0 | 1 x USB Type-C 3.2 Gen 1 | 
LG 27BL55U-B,LG ,27BL55U-B ,"27"" ",3840 x 2160 ,60 Hz ,5 ms ,IPS ,16:9 ,Black ,300 cd/m² ,0.156 mm ,Yes ,No ,FreeSync ,No ,100 x 100 ,178° H x 178° V , 1 x DisplayPort | 2 x HDMI | 
Samsung S33A,Samsung , S24A338NHN | LS24A338NHNXZA | ,"24"" ",1920 x 1080 ,60 Hz ,5 ms ,VA ,16:9 ,Black ,250 cd/m² ,0.277 mm ,Yes ,No ,None ,No ,75 x 75 ,178° H x 178° V , 1 x HDMI 1.4 | 1 x VGA | 
Philips 34E1C5600HE,Philips , 34E1C5600HE | 34E1C5600HE/27 | ,"34"" ",3440 x 1440 ,100 Hz ,4 ms ,VA ,21:9 ,Black ,300 cd/m² ,0.232 mm ,Yes ,Yes ,FreeSync ,Yes ,100 x 100 ,178° H x 178° V , 1 x DisplayPort 1.2 | 1 x HDMI 2.0 | 1 x USB Type-C | 
AOC U32G3X/BK,AOC ,U32G3X/BK ,"31.5"" ",3840 x 2160 ,144 Hz ,1 ms ,IPS ,16:9 ,Black ,400 cd/m² ,0.182 mm ,Yes ,No ,FreeSync Premium ,No ,100 x 100 ,178° H x 178° V , 2 x DisplayPort 1.4 | 2 x HDMI 2.1 | 
Philips 271V8LAB,Philips , 271V8LAB | 271V8LAB/00 | ,"27"" ",1920 x 1080 ,100 Hz ,4 ms ,VA ,16:9 ,Black ,250 cd/m² ,0.311 mm ,Yes ,No ,FreeSync ,Yes ,100 x 100 ,178° H x 178° V , 1 x HDMI 1.4 | 1 x VGA | 
ViewSonic VA3209-2K-MHD,ViewSonic ,VA3209-2K-MHD ,"31.5"" ",2560 x 1440 ,75 Hz ,4 ms ,IPS ,16:9 ,Black ,250 cd/m² ,0.272 mm ,Yes ,No ,FreeSync ,Yes ,100 x 100 ,178° H x 178° V , 1 x DisplayPort | 2 x HDMI 1.4 | 
Dell E2011H,Dell ,E2011H ,"20"" ",1600 x 900 ,,5 ms ,,16:9 ,,250 cd/m² ,0.277 mm ,Yes ,No ,None ,No ,,170° H x 160° V , 1 x DVI | 1 x VGA | 
Acer GD235HZbid,Acer ,ET.UG5HP.001 ,"23.6"" ",1920 x 1080 ,120 Hz ,2 ms ,,16:9 ,,300 cd/m² ,0.272 mm ,Yes ,No ,None ,No ,100 x 100 ,170° H x 160° V , 1 x DVI | 1 x HDMI | 1 x VGA | 
Asus VE248Q,Asus ,VE248Q ,"24"" ",1920 x 1080 ,,2 ms ,,16:9 ,,250 cd/m² ,0.277 mm ,Yes ,No ,None ,Yes ,100 x 100 ,170° H x 160° V , 1 x DisplayPort | 1 x HDMI | 1 x VGA | 
Asus VH232H,Asus ,VH232H ,"23"" ",1920 x 1080 ,,5 ms ,,16:9 ,,300 cd/m² ,0.265 mm ,Yes ,No ,None ,Yes ,100 x 100 ,160° H x 160° V , 1 x DVI | 1 x HDMI | 1 x VGA | 
BenQ G2420HDBL,BenQ ,G2420HDBL ,"24"" ",1920 x 1080 ,,5 ms ,TN ,16:9 ,,250 cd/m² ,0.277 mm ,Yes ,No ,None ,No ,100 x 100 ,170° H x 160° V , 1 x DVI | 1 x VGA | 
HP LA2306x,HP ,XN375AA#ABA ,"23"" ",1920 x 1080 ,,5 ms ,,16:9 ,,250 cd/m² ,0.265 mm ,Yes ,No ,None ,No ,100 x 100 ,170° H x 160° V , 1 x DisplayPort | 1 x DVI | 1 x VGA | 
HP 2311x,HP ,XP598AA#ABA ,"23"" ",1920 x 1080 ,,5 ms ,,16:9 ,,250 cd/m² ,0.265 mm ,Yes ,No ,None ,No ,,, 1 x DVI | 1 x HDMI | 1 x VGA | 
HP 2011x,HP ,XP597AA#ABA ,"20"" ",1600 x 900 ,,5 ms ,TN ,16:9 ,,250 cd/m² ,0.277 mm ,Yes ,No ,None ,No ,,, 1 x DVI | 1 x VGA | 
Asus VS238H-P,Asus ,VS238H-P ,"23"" ",1920 x 1080 ,,2 ms ,,16:9 ,,250 cd/m² ,0.265 mm ,Yes ,No ,None ,No ,100 x 100 ,170° H x 160° V , 1 x DVI | 1 x HDMI | 1 x VGA | 
Asus VS198D-P,Asus ,VS198D-P ,"19"" ",1440 x 900 ,,5 ms ,,16:10 ,,250 cd/m² ,0.284 mm ,Yes ,No ,None ,No ,75 x 75 ,170° H x 160° V ,1 x VGA 
LG W1942TQ-BF,LG ,W1942TQ-BF ,"19"" ",1440 x 900 ,,5 ms ,,16:10 ,,300 cd/m² ,0.284 mm ,Yes ,No ,None ,No ,75 x 75 ,170° H x 170° V , 1 x DVI | 1 x VGA | 
Acer S230HLAbii,Acer ,ET.VS0HP.A01 ,"23"" ",1920 x 1080 ,,5 ms ,TN ,16:9 ,,250 cd/m² ,0.265 mm ,Yes ,No ,None ,No ,,170° H x 160° V , 2 x HDMI | 1 x VGA | 
LG L2000CP-BF,LG ,L2000CP-BF ,"20"" ",1600 x 1200 ,,8 ms ,,4:3 ,,300 cd/m² ,0.254 mm ,No ,No ,None ,No ,100 x 100 ,178° H x 178° V , 1 x DVI | 1 x VGA | 
ViewEra V151HV-B,ViewEra ,V151HV-B ,"15"" ",1024 x 768 ,,12 ms ,,4:3 ,,250 cd/m² ,0.298 mm ,No ,No ,None ,Yes ,,130° H x 120° V , 1 x S-Video | 1 x VGA | 
ViewSonic V3D245,ViewSonic ,V3D245 ,"23.6"" ",1920 x 1080 ,120 Hz ,2 ms ,,16:9 ,,300 cd/m² ,0.272 mm ,Yes ,No ,None ,Yes ,,170° H x 160° V , 1 x DVI | 1 x HDMI | 1 x VGA | 
Compaq LA2306x,Compaq ,XN375AA#ABA ,"23"" ",1920 x 1080 ,,5 ms ,,16:9 ,,250 cd/m² ,0.265 mm ,Yes ,No ,None ,No ,,170° H x 160° V , 1 x DisplayPort | 1 x DVI | 1 x VGA | 
Asus VG278H,Asus ,VG278H ,"27"" ",1920 x 1080 ,120 Hz ,2 ms ,,16:9 ,,300 cd/m² ,0.311 mm ,Yes ,No ,None ,Yes ,100 x 100 ,170° H x 160° V , 1 x DVI | 1 x HDMI | 1 x VGA | 
Dell U2711,Dell ,U2711 ,"27"" ",2560 x 1440 ,60 Hz ,6 ms ,IPS ,16:9 ,,350 cd/m² ,0.233 mm ,Yes ,No ,None ,No ,100 x 100 ,178° H x 178° V , 1 x Component | 1 x DisplayPort | 2 x DVI | 1 x HDMI | 1 x S-Video | 1 x VGA | 
Dell U2212HM,Dell , 469-1252 | U2212HM | ,"21.5"" ",1920 x 1080 ,60 Hz ,8 ms ,IPS ,16:9 ,,250 cd/m² ,0.248 mm ,Yes ,No ,None ,No ,100 x 100 ,178° H x 178° V , 1 x DisplayPort | 1 x DVI | 1 x VGA | 
Acer G226HQLBbd,Acer ,UM.WG6AA.B01 ,"21.5"" ",1920 x 1080 ,60 Hz ,5 ms ,TN ,16:9 ,,200 cd/m² ,0.248 mm ,Yes ,No ,None ,No ,,, 1 x DVI | 1 x VGA | 
AOC i2367Fh,AOC ,I2367FH ,"23"" ",1920 x 1080 ,60 Hz ,5 ms ,IPS ,16:9 ,,250 cd/m² ,0.265 mm ,Yes ,No ,None ,Yes ,,178° H x 178° V , 2 x HDMI | 1 x VGA | 
Samsung S22C300H,Samsung ,S22C300H ,"21.5"" ",1920 x 1080 ,,5 ms ,TN ,16:9 ,,250 cd/m² ,0.248 mm ,Yes ,No ,None ,No ,,170° H x 160° V , 1 x HDMI | 1 x VGA | 
Samsung S23C570H,Samsung ,S23C570H ,"23"" ",1920 x 1080 ,,5 ms ,,16:9 ,,250 cd/m² ,0.265 mm ,Yes ,No ,None ,No ,,178° H x 178° V , 1 x HDMI | 1 x VGA | 
LG 32WL30MS-B,LG ,32WL30MS-B ,"32"" ",1920 x 1080 ,60 Hz ,25 ms ,IPS ,16:9 ,,400 cd/m² ,0.369 mm ,Yes ,No ,None ,No ,200 x 200 ,178° H x 178° V , 1 x Component | 1 x DVI | 1 x HDMI | 1 x VGA | 
CTL 192LX,CTL ,MT192LX ,"19"" ",1280 x 1024 ,75 Hz ,5 ms ,,5:4 ,,300 cd/m² ,0.294 mm ,No ,No ,None ,Yes ,100 x 100 ,80° H x 80° V , 1 x DVI | 1 x VGA | 
ViewSonic VA2246M-LED,ViewSonic ,VA2246M-LED ,"22"" ",1920 x 1080 ,60 Hz ,5 ms ,TN ,16:9 ,,250 cd/m² ,0.254 mm ,Yes ,No ,None ,Yes ,100 x 100 ,170° H x 160° V , 1 x DVI | 1 x VGA | 
AOC E970SWN,AOC ,E970SWN ,"18.5"" ",1366 x 768 ,60 Hz ,5 ms ,TN ,16:9 ,,200 cd/m² ,0.3 mm ,Yes ,No ,None ,No ,100 x 100 ,,1 x VGA 
Dell U2414H,Dell , U2414H | 462-3771 | ,"23.8"" ",1920 x 1080 ,60 Hz ,8 ms ,IPS ,16:9 ,,250 cd/m² ,0.274 mm ,Yes ,No ,None ,No ,100 x 100 ,178° H x 178° V , 2 x DisplayPort | 2 x HDMI | 
BenQ EW2440L,BenQ ,EW2440L ,"24"" ",1920 x 1080 ,60 Hz ,4 ms ,VA ,16:9 ,,250 cd/m² ,0.277 mm ,Yes ,No ,None ,Yes ,,178° H x 178° V , 2 x HDMI | 1 x VGA | 
Samsung S24D300HL,Samsung ,S24D300HL ,"23.6"" ",1920 x 1080 ,60 Hz ,5 ms ,TN ,16:9 ,,200 cd/m² ,0.272 mm ,Yes ,No ,None ,No ,,90° H x 65° V , 1 x HDMI | 1 x VGA | 
Samsung S24D590PL,Samsung ,S24D590PL ,"23.6"" ",1920 x 1080 ,60 Hz ,5 ms ,TN ,16:9 ,,250 cd/m² ,0.272 mm ,Yes ,No ,None ,No ,,178° H x 178° V , 2 x HDMI | 1 x VGA | 
Acer V226HQL Abmid,Acer ,UM.WV6AA.A05 ,"21.5"" ",1920 x 1080 ,60 Hz ,5 ms ,TN ,16:9 ,,250 cd/m² ,0.248 mm ,Yes ,No ,None ,Yes ,,170° H x 160° V , 1 x DVI | 1 x HDMI | 1 x VGA | 
AOC I2421VWH,AOC ,I2421VWH ,"24"" ",1920 x 1080 ,60 Hz ,5 ms ,IPS ,16:9 ,,250 cd/m² ,0.277 mm ,Yes ,No ,None ,No ,100 x 100 ,178° H x 178° V , 1 x DVI | 1 x HDMI | 1 x VGA | 
BenQ GW2765HT,BenQ , GW2765HT | 9H.LCELA.TBE | ,"27"" ",2560 x 1440 ,60 Hz ,4 ms ,IPS ,16:9 ,,350 cd/m² ,0.233 mm ,Yes ,No ,None ,Yes ,100 x 100 ,178° H x 178° V , 1 x DisplayPort | 1 x DVI | 1 x HDMI | 1 x VGA | 
Asus PA238QR,Asus ,PA238QR ,"23"" ",1920 x 1080 ,60 Hz ,6 ms ,IPS ,16:9 ,,250 cd/m² ,0.265 mm ,Yes ,No ,None ,Yes ,100 x 100 ,178° H x 178° V , 1 x DisplayPort | 1 x DVI | 1 x HDMI | 1 x VGA | 
BenQ XL2430T,BenQ ,XL2430T ,"24"" ",1920 x 1080 ,144 Hz ,1 ms ,TN ,16:9 ,,350 cd/m² ,0.277 mm ,Yes ,No ,None ,No ,100 x 100 ,170° H x 160° V , 1 x DisplayPort | 1 x DVI | 2 x HDMI | 1 x VGA | 
BenQ GW2265HM,BenQ ,GW2265HM ,"21.5"" ",1920 x 1080 ,60 Hz ,6 ms ,VA ,16:9 ,,250 cd/m² ,0.248 mm ,Yes ,No ,None ,Yes ,100 x 100 ,178° H x 178° V , 1 x DVI | 1 x HDMI | 1 x VGA | 
BenQ GL2250HM,BenQ ,GL2250HM ,"21.5"" ",1920 x 1080 ,60 Hz ,2 ms ,TN ,16:9 ,,250 cd/m² ,0.248 mm ,Yes ,No ,None ,Yes ,,170° H x 160° V , 1 x DVI | 1 x HDMI | 1 x VGA | 
Dell U2715H,Dell , U2715H | TD5f1 | ,"27"" ",2560 x 1440 ,60 Hz ,8 ms ,IPS ,16:9 ,,350 cd/m² ,0.233 mm ,Yes ,No ,None ,No ,100 x 100 ,178° H x 178° V , 1 x DisplayPort | 1 x Mini-DisplayPort | 2 x HDMI | 
AOC G2770PQU,AOC ,G2770PQU ,"27"" ",1920 x 1080 ,144 Hz ,1 ms ,TN ,16:9 ,,300 cd/m² ,0.311 mm ,Yes ,No ,None ,Yes ,100 x 100 ,170° H x 160° V , 1 x DisplayPort | 1 x DVI | 1 x HDMI | 1 x VGA | 
Samsung T24E310ND,Samsung ,T24E310ND ,"23.6"" ",1366 x 768 ,60 Hz ,8 ms ,IPS ,16:9 ,,250 cd/m² ,0.383 mm ,Yes ,No ,None ,Yes ,,178° H x 178° V ,2 x HDMI 
Eizo CG318-BK,Eizo , CG318-BK | CG318-4K-BK | CG318-4K | ,"31.1"" ",4096 x 2160 ,,9 ms ,IPS ,256:135 ,,350 cd/m² ,0.171 mm ,Yes ,No ,None ,No ,,178° H x 178° V , 1 x DisplayPort | 1 x HDMI | 
BenQ BL2420PT,BenQ , BL2420PT | 9H.LCWLA.TBE | 9H.LCWLA.TPE | ,"23.8"" ",2560 x 1440 ,60 Hz ,5 ms ,IPS ,16:9 ,,300 cd/m² ,0.206 mm ,Yes ,No ,None ,Yes ,,178° H x 178° V , 1 x DisplayPort | 1 x DVI | 1 x HDMI | 1 x VGA | 
AOC U2879VF,AOC ,U2879VF ,"28"" ",3840 x 2160 ,60 Hz ,1 ms ,TN ,16:9 ,,300 cd/m² ,0.161 mm ,Yes ,No ,FreeSync ,No ,,170° H x 160° V , 1 x DisplayPort | 1 x DVI | 1 x HDMI | 1 x VGA | 
ViewSonic VX2257-MHD,ViewSonic ,VX2257-MHD ,"21.5"" ",1920 x 1080 ,75 Hz ,2 ms ,TN ,16:9 ,,250 cd/m² ,0.248 mm ,Yes ,No ,FreeSync ,Yes ,,170° H x 160° V , 1 x DisplayPort | 1 x HDMI | 1 x VGA | 
LG 25UM58,LG ,25UM58 ,"25"" ",2560 x 1080 ,75 Hz ,5 ms ,IPS ,21:9 ,,250 cd/m² ,0.229 mm ,Yes ,No ,None ,No ,,178° H x 178° V , 1 x DVI | 1 x HDMI | 1 x VGA | 
Samsung SMT-4032,Samsung ,SMT-4032 ,"40"" ",1920 x 1080 ,60 Hz ,8 ms ,,16:9 ,,350 cd/m² ,0.461 mm ,Yes ,No ,None ,Yes ,,178° H x 178° V , 1 x Component | 1 x DVI | 1 x HDMI | 1 x VGA | 
Wasabi Mango UHD550 REAL 4K HDMI 2.0,Wasabi Mango ,UHD550 REAL 4K HDMI 2.0 ,"55"" ",3840 x 2160 ,60 Hz ,5 ms ,IPS ,16:9 ,,400 cd/m² ,0.317 mm ,Yes ,No ,None ,Yes ,,178° H x 178° V , 1 x DisplayPort | 4 x HDMI | 
Pixio PX277,Pixio ,PX277 ,"27"" ",2560 x 1440 ,144 Hz ,4 ms ,IPS ,16:9 ,,350 cd/m² ,0.233 mm ,Yes ,No ,None ,Yes ,,178° H x 178° V , 1 x DisplayPort | 1 x DVI | 2 x HDMI | 
AOC Q2577PWQ,AOC ,Q2577PWQ ,"25"" ",2560 x 1440 ,60 Hz ,5 ms ,IPS ,16:9 ,,350 cd/m² ,0.216 mm ,Yes ,No ,None ,Yes ,,178° H x 178° V , 1 x DisplayPort | 1 x DVI | 1 x HDMI | 1 x VGA | 
Asus MG24UQ,Asus ,MG24UQ ,"23.6"" ",3840 x 2160 ,60 Hz ,4 ms ,IPS ,16:9 ,,300 cd/m² ,0.136 mm ,Yes ,No ,FreeSync ,Yes ,100 x 100 ,178° H x 178° V , 1 x DisplayPort | 2 x HDMI | 
ViewSonic XG2703-GS,ViewSonic ,XG2703-GS ,"27"" ",2560 x 1440 ,165 Hz ,,IPS ,16:9 ,,300 cd/m² ,0.233 mm ,Yes ,No ,G-Sync ,Yes ,,178° H x 178° V , 1 x DisplayPort | 1 x HDMI | 
LG 22MP68VQ-P,LG ,22MP68VQ-P ,"21.5"" ",1920 x 1080 ,60 Hz ,5 ms ,IPS ,16:9 ,,250 cd/m² ,0.248 mm ,Yes ,No ,FreeSync ,No ,,178° H x 178° V , 1 x DVI | 1 x HDMI | 1 x VGA | 
VIOTEK NB32C,VIOTEK ,NB32C ,"32"" ",1920 x 1080 ,60 Hz ,,,16:9 ,,,0.369 mm ,Yes ,Yes ,None ,No ,,, 1 x DVI-D Dual Link | 1 x HDMI | 1 x VGA | 
LG 24MP59HT-P,LG ,24MP59HT-P ,"23.8"" ",1920 x 1080 ,75 Hz ,5 ms ,IPS ,16:9 ,,250 cd/m² ,0.274 mm ,Yes ,No ,FreeSync ,No ,,178° H x 178° V , 2 x HDMI | 1 x VGA | 
Acer K272HL,Acer ,K272HL ,"27"" ",1920 x 1080 ,60 Hz ,4 ms ,IPS ,16:9 ,,300 cd/m² ,0.311 mm ,Yes ,No ,None ,No ,,178° H x 178° V , 1 x DVI | 1 x HDMI | 1 x VGA | 
BenQ XL2430,BenQ , XL2430 | 9H.LF1LB.QBE | ,"24"" ",1920 x 1080 ,144 Hz ,1 ms ,TN ,16:9 ,,350 cd/m² ,0.277 mm ,Yes ,No ,None ,No ,,170° H x 160° V , 1 x DisplayPort | 1 x DVI | 2 x HDMI | 1 x VGA | 
LG 29UM60-P,LG ,29UM60-P ,"29"" ",2560 x 1080 ,75 Hz ,5 ms ,IPS ,21:9 ,,250 cd/m² ,0.265 mm ,Yes ,No ,FreeSync ,No ,,178° H x 178° V , 1 x DisplayPort | 1 x HDMI | 
LG 32GK850G-B,LG , 32GK850G-B | 32GK850G-B.AEU | ,"31.5"" ",2560 x 1440 ,165 Hz ,5 ms ,VA ,16:9 ,,350 cd/m² ,0.272 mm ,Yes ,No ,G-Sync ,No ,,178° H x 178° V , 1 x DisplayPort | 1 x HDMI | 
BenQ GL2580H,BenQ , GL2580H | 9H.LGFLB.QBU | 9H.LGFLB.QBE | ,"24.5"" ",1920 x 1080 ,60 Hz ,2 ms ,TN ,16:9 ,,250 cd/m² ,0.282 mm ,Yes ,No ,None ,No ,,170° H x 160° V , 1 x DVI-A | 1 x HDMI | 1 x VGA | 
Samsung LS27F350FHNXZA,Samsung ,LS27F350FHNXZA ,"27"" ",1920 x 1080 ,60 Hz ,4 ms ,PLS ,16:9 ,Black ,250 cd/m² ,0.311 mm ,Yes ,No ,FreeSync ,No ,,178° H x 178° V , 1 x HDMI | 1 x VGA | 
iiyama Prolite X2283HSU-B1DP,iiyama ,X2283HSU-B1DP ,"21.5"" ",1920 x 1080 ,60 Hz ,5 ms ,VA ,16:9 ,,250 cd/m² ,0.248 mm ,Yes ,No ,None ,Yes ,,178° H x 178° V , 1 x DisplayPort | 1 x DVI | 1 x VGA | 
Acer ED7,Acer , ED347CKR bmidphzx | UM.CE7AA.001 | ED347CKR bmidphzx (UM.CE7AA.001) | ,"34"" ",3440 x 1440 ,100 Hz ,4 ms ,VA ,21:9 ,Black ,300 cd/m² ,0.232 mm ,Yes ,Yes ,FreeSync ,Yes ,,178° H x 178° V , 1 x DisplayPort | 1 x DVI-D Dual Link | 1 x HDMI | 
LG 29WK600-W,LG , 29WK600-W | 29WK600-W.AEU | ,"29"" ",2560 x 1080 ,75 Hz ,5 ms ,IPS ,21:9 ,,300 cd/m² ,0.265 mm ,Yes ,No ,FreeSync ,Yes ,,178° H x 178° V , 1 x DisplayPort | 2 x HDMI | 
LG 23MP48HQ-P,LG ,23MP48HQ-P ,"23"" ",1920 x 1080 ,60 Hz ,5 ms ,IPS ,16:9 ,Black ,250 cd/m² ,0.265 mm ,Yes ,No ,None ,No ,,178° H x 178° V , 1 x HDMI | 1 x VGA | 
Lenovo 65D9GAC4EU,Lenovo ,65D9GAC4EU ,"24.5"" ",1920 x 1080 ,144 Hz ,1 ms ,TN ,16:9 ,,400 cd/m² ,0.282 mm ,Yes ,No ,FreeSync ,No ,,170° H x 160° V , 1 x DisplayPort | 1 x HDMI | 
Samsung C34H890WJN,Samsung , C34H890WJN | LC34H890WJNXGO | ,"34"" ",3440 x 1440 ,100 Hz ,4 ms ,VA ,21:9 ,,300 cd/m² ,0.232 mm ,Yes ,Yes ,FreeSync ,No ,,178° H x 178° V , 1 x DisplayPort | 1 x HDMI | 
Asus VG255H,Asus , VG255H | 90LM0440-B01370 | ,"24.5"" ",1920 x 1080 ,75 Hz ,1 ms ,TN ,16:9 ,Black ,250 cd/m² ,0.282 mm ,Yes ,No ,FreeSync ,Yes ,,170° H x 160° V , 2 x HDMI | 1 x VGA | 
AOC AG352UCG6,AOC , AG352UCG6 | AG352UCG6/75 | ,"35"" ",3440 x 1440 ,120 Hz ,4 ms ,VA ,21:9 ,Black ,300 cd/m² ,0.238 mm ,Yes ,Yes ,G-Sync ,Yes ,,178° H x 178° V , 1 x DisplayPort | 1 x HDMI | 
Samsung LC27JG50QQNZA,Samsung , LC27JG50QQNZA | LC27JG50QQUXEN | LC27JG50QQE | ,"27"" ",2560 x 1440 ,144 Hz ,4 ms ,VA ,16:9 ,Black ,300 cd/m² ,0.233 mm ,Yes ,Yes ,None ,No ,,178° H x 178° V , 1 x DisplayPort | 2 x HDMI | 
LG 34GK950F-B,LG ,34GK950F-B ,"34"" ",3440 x 1440 ,144 Hz ,1 ms ,IPS ,21:9 ,Black / Red ,320 cd/m² ,0.232 mm ,Yes ,Yes ,FreeSync Premium ,No ,,178° H x 178° V , 1 x DisplayPort | 2 x HDMI | 
Acer XZ271U bmijpphzx,Acer , UM.HX1AA.013 | XZ271U bmijpphzx | ,"27"" ",2560 x 1440 ,144 Hz ,1 ms ,VA ,16:9 ,Black / Silver ,250 cd/m² ,0.233 mm ,Yes ,Yes ,FreeSync ,Yes ,,178° H x 178° V , 1 x DisplayPort | 1 x Mini-DisplayPort | 2 x HDMI | 
Lenovo Y27g,Lenovo , 65BEGCC1US | Y27g | Y27G 65BEGCC1US | ,"27"" ",1920 x 1080 ,144 Hz ,7 ms ,VA ,16:9 ,Black / Silver ,300 cd/m² ,0.311 mm ,Yes ,Yes ,G-Sync ,No ,,178° H x 178° V , 1 x DisplayPort | 1 x HDMI | 
BenQ EW3270U,BenQ ,EW3270U ,"31.5"" ",3840 x 2160 ,60 Hz ,4 ms ,VA ,16:9 ,Black ,300 cd/m² ,0.182 mm ,Yes ,No ,FreeSync ,Yes ,,178° H x 178° V , 1 x DisplayPort | 1 x HDMI | 
Dell P2219HC,Dell ,P2219HC ,"22"" ",1920 x 1080 ,60 Hz ,5 ms ,IPS ,16:9 ,Silver / Black ,250 cd/m² ,0.254 mm ,Yes ,No ,None ,No ,,178° H x 178° V , 1 x DisplayPort | 1 x HDMI | 
Asus VA249HE,Asus , VA249HE | 90LM02W1-B02370 | ,"23.8"" ",1920 x 1080 ,60 Hz ,5 ms ,VA ,16:9 ,Black ,250 cd/m² ,0.274 mm ,Yes ,No ,None ,No ,,178° H x 178° V , 1 x HDMI | 1 x VGA | 
VIOTEK GN24CW,VIOTEK ,GN24CW ,"24"" ",1920 x 1080 ,144 Hz ,3 ms ,VA ,16:9 ,White ,250 cd/m² ,0.277 mm ,Yes ,Yes ,FreeSync ,Yes ,,178° H x 178° V , 1 x DisplayPort | 2 x HDMI | 
MSI Optix MPG27C,MSI ,Optix MPG27C ,"27"" ",1920 x 1080 ,144 Hz ,1 ms ,VA ,16:9 ,,250 cd/m² ,0.311 mm ,Yes ,Yes ,FreeSync ,No ,,178° H x 178° V , 1 x DisplayPort | 2 x HDMI | 
HP Z27n G2,HP , 1JS10A4#ABA | 1JS10A4 | ,"27"" ",2560 x 1440 ,75 Hz ,6 ms ,IPS ,16:9 ,Black ,300 cd/m² ,0.233 mm ,Yes ,No ,None ,No ,,178° H x 178° V , 1 x DisplayPort | 1 x HDMI | 1 x VGA | 
Pixio PX275h,Pixio ,PX275h ,"27"" ",2560 x 1440 ,95 Hz ,4 ms ,IPS ,16:9 ,Black ,350 cd/m² ,0.233 mm ,Yes ,No ,FreeSync ,No ,,178° H x 178° V , 1 x DisplayPort | 2 x HDMI | 
Asus ROG Strix XG438Q,Asus , XG438Q | 90LM04U0-B01170 | ,"43"" ",3840 x 2160 ,120 Hz ,4 ms ,VA ,16:9 ,Black ,450 cd/m² ,0.248 mm ,Yes ,No ,FreeSync ,Yes ,,178° H x 178° V , 1 x DisplayPort | 3 x HDMI | 
AOC 22E1H,AOC , 22E1H | 22E1H/75 | ,"21.5"" ",1920 x 1080 ,60 Hz ,2 ms ,TN ,16:9 ,Black ,250 cd/m² ,0.248 mm ,Yes ,No ,None ,No ,,170° H x 160° V , 1 x HDMI | 1 x VGA | 
Asus VP249HE,Asus , VP249HE | 90LM03L0-B02170 | ,"23.8"" ",1920 x 1080 ,60 Hz ,5 ms ,IPS ,16:9 ,Black ,250 cd/m² ,0.274 mm ,Yes ,No ,None ,No ,,178° H x 178° V , 1 x HDMI | 1 x VGA | 
Asus VZ229HE,Asus , VZ229HE | 90LM02P0-B016B0 | 90LM02P0-B01670 | ,"21.5"" ",1920 x 1080 ,60 Hz ,5 ms ,IPS ,16:9 ,Black ,250 cd/m² ,0.248 mm ,Yes ,No ,None ,No ,,178° H x 178° V , 1 x HDMI | 1 x VGA | 
LG 34BL650-B,LG ,34BL650-B ,"34"" ",2560 x 1080 ,75 Hz ,5 ms ,IPS ,21:9 ,Black ,300 cd/m² ,0.311 mm ,Yes ,No ,FreeSync ,No ,,178° H x 178° V , 1 x DisplayPort | 1 x HDMI | 
NEC EA245WMI-BK,NEC ,EA245WMI-BK ,"24"" ",1920 x 1200 ,60 Hz ,5 ms ,IPS ,16:10 ,Black ,300 cd/m² ,0.269 mm ,Yes ,No ,None ,Yes ,,178° H x 178° V , 1 x DisplayPort | 1 x DVI-D Dual Link | 1 x HDMI | 1 x VGA | 
Philips 328E9QJAB,Philips ,328E9QJAB ,"31.5"" ",1920 x 1080 ,75 Hz ,4 ms ,VA ,16:9 ,Silver ,250 cd/m² ,0.363 mm ,Yes ,Yes ,FreeSync ,Yes ,,178° H x 178° V , 1 x DisplayPort | 1 x HDMI | 1 x VGA | 
Sharp LL-B270,Sharp ,LLB270 ,"27"" ",1920 x 1080 ,60 Hz ,8 ms ,VA ,16:9 ,Silver ,250 cd/m² ,0.311 mm ,Yes ,No ,None ,No ,,178° H x 178° V , 1 x HDMI | 1 x VGA | 
Sharp LL-B240,Sharp ,LL-B240 ,"23.8"" ",1920 x 1080 ,60 Hz ,,VA ,16:9 ,Silver ,250 cd/m² ,0.274 mm ,Yes ,No ,None ,No ,,178° H x 178° V , 1 x HDMI | 1 x VGA | 
LG 27UK600-W,LG ,27UK600-W ,"27"" ",3840 x 2160 ,60 Hz ,5 ms ,IPS ,16:9 ,Silver ,350 cd/m² ,0.156 mm ,Yes ,No ,FreeSync ,No ,,178° H x 178° V , 1 x DisplayPort | 2 x HDMI | 
Cooler Master GM27-CF,Cooler Master ,CMI-GM27-CF ,"27"" ",1920 x 1080 ,165 Hz ,3 ms ,,16:9 ,Black ,300 cd/m² ,0.311 mm ,Yes ,Yes ,FreeSync ,Yes ,,178° H x 178° V , 1 x DisplayPort | 2 x HDMI | 
Cooler Master GM34-CW,Cooler Master , CMI-GM34-CW | CMI-GM34-CW-KR | CMI-GM34-CW-ST | CMI-GM34-CW-TW | CMI-GM34-CW-JP | CMI-GM34-CW-UK | CMI-GM34-CW-AU | CMI-GM34-CW-BR | CMI-GM34-CW-US | CMI-GM34-CW-EU | ,"34"" ",3440 x 1440 ,144 Hz ,,VA ,21:9 ,Black ,400 cd/m² ,0.232 mm ,Yes ,Yes ,FreeSync Premium Pro ,Yes ,,178° H x 178° V , 2 x DisplayPort | 2 x HDMI | 
Philips 346B1C,Philips ,346B1C ,"34"" ",3440 x 1440 ,100 Hz ,5 ms ,VA ,21:9 ,Black ,300 cd/m² ,0.232 mm ,Yes ,Yes ,FreeSync ,Yes ,,178° H x 178° V , 1 x DisplayPort | 1 x HDMI | 
MSI Prestige PS341WU,MSI , Prestige PS341WU | 9S6-3DA19A-001 | PS341WU | ,"34"" ",5120 x 2160 ,60 Hz ,8 ms ,IPS ,64:27 ,White ,450 cd/m² ,0.155 mm ,Yes ,No ,None ,No ,,178° H x 178° V , 1 x DisplayPort | 2 x HDMI | 
Asus ROG Strix XG43VQ,Asus , 90LM0580-B011B0 | ROG Strix XG43VQ | XG43VQ | 90LM0580-B01170 | ,"43.4"" ",3840 x 1200 ,120 Hz ,,VA ,16:5 ,Black ,450 cd/m² ,0.274 mm ,Yes ,Yes ,FreeSync Premium Pro ,Yes ,,178° H x 178° V , 1 x DisplayPort | 2 x HDMI | 
Asus BE24WQLB,Asus ,BE24WQLB ,"24.1"" ",1920 x 1200 ,60 Hz ,5 ms ,IPS ,16:10 ,Black ,300 cd/m² ,0.27 mm ,Yes ,No ,None ,Yes ,,178° H x 178° V , 1 x DisplayPort | 1 x HDMI | 1 x VGA | 
AOC AGON AG273QX,AOC ,AG273QX ,"27"" ",2560 x 1440 ,165 Hz ,,VA ,16:9 ,Silver ,400 cd/m² ,0.233 mm ,Yes ,No ,FreeSync Premium Pro ,Yes ,,178° H x 178° V , 1 x DisplayPort | 1 x HDMI | 
AOC 27B1H,AOC ,27B1H ,"27"" ",1920 x 1080 ,60 Hz ,,IPS ,16:9 ,Black ,250 cd/m² ,0.311 mm ,Yes ,No ,None ,No ,,178° H x 178° V , 1 x HDMI | 1 x VGA | 
Dell DHSE2417HGX,Dell , DHSE2417HGX | SE2417HGX | ,"23.6"" ",1920 x 1080 ,75 Hz ,1 ms ,TN ,16:9 ,Silver / Black ,300 cd/m² ,0.272 mm ,Yes ,No ,FreeSync ,No ,,170° H x 160° V , 2 x HDMI | 1 x VGA | 
Lenovo Q24i-10,Lenovo ,65F3KCC3US ,"23.8"" ",1920 x 1080 ,60 Hz ,4 ms ,IPS ,16:9 ,Silver / Black ,250 cd/m² ,0.274 mm ,Yes ,No ,None ,Yes ,,178° H x 178° V , 1 x HDMI | 1 x VGA | 
HP P24h G4,HP ,9UJ13A8#ABA ,"23.8"" ",1920 x 1080 ,60 Hz ,14 ms ,IPS ,16:9 ,Black ,250 cd/m² ,0.274 mm ,Yes ,No ,None ,Yes ,,178° H x 178° V , 1 x DisplayPort | 1 x HDMI | 1 x VGA | 
Dell E1920H,Dell ,DELL-E1920H ,"18.5"" ",1366 x 768 ,60 Hz ,5 ms ,TN ,16:9 ,Black ,200 cd/m² ,0.3 mm ,Yes ,No ,None ,No ,,90° H x 65° V , 1 x DisplayPort | 1 x VGA | 
Deco Gear DGVIEW201OB,Deco Gear ,DGVIEW201OB ,"35"" ",3440 x 1440 ,100 Hz ,4 ms ,VA ,21:9 ,Black / Red ,250 cd/m² ,0.238 mm ,Yes ,Yes ,FreeSync ,No ,,178° H x 178° V , 1 x DisplayPort | 3 x HDMI | 
Acer XZ242Q Sbmiiphx,Acer , UM.UX2AA.S02 | XZ242Q Sbmiiphx | ,"23.6"" ",1920 x 1080 ,165 Hz ,,VA ,16:9 ,Black / Red ,400 cd/m² ,0.272 mm ,Yes ,Yes ,FreeSync ,Yes ,,178° H x 178° V ,1 x DisplayPort 
VIOTEK GNV34DBE,VIOTEK ,GNV34DBE ,"34"" ",3440 x 1440 ,144 Hz ,4 ms ,VA ,21:9 ,Black ,350 cd/m² ,0.232 mm ,Yes ,Yes , FreeSync Premium | G-Sync Compatible | ,No ,,178° H x 178° V , 2 x DisplayPort | 2 x HDMI | 
Fox Spirit PGM340,Fox Spirit ,PGM340 ,"34"" ",3440 x 1440 ,100 Hz ,,VA ,21:9 ,Black ,300 cd/m² ,0.232 mm ,Yes ,Yes ,FreeSync ,No ,,178° H x 178° V , 1 x DisplayPort | 3 x HDMI | 
LG 32QK500-C,LG ,32QK500-C ,"32"" ",2560 x 1440 ,75 Hz ,5 ms ,IPS ,16:9 ,Silver / Black ,300 cd/m² ,0.277 mm ,Yes ,No ,FreeSync ,No ,,178° H x 178° V , 1 x DisplayPort | 1 x Mini-DisplayPort | 2 x HDMI | 
ViewSonic VX2768-2KPC-MHD OMNI,ViewSonic ,VX2768-2KPC-MHD ,"27"" ",2560 x 1440 ,144 Hz ,,VA ,16:9 ,Black ,250 cd/m² ,0.233 mm ,Yes ,Yes ,FreeSync Premium ,Yes ,,178° H x 178° V , 1 x DisplayPort | 2 x HDMI | 
Acer KG281K bmiipx,Acer ,UM.PX1AA.003 ,"28"" ",3840 x 2160 ,60 Hz ,1 ms ,TN ,16:9 ,Black / Red ,330 cd/m² ,0.161 mm ,Yes ,No ,FreeSync ,No ,,170° H x 160° V , 1 x DisplayPort | 2 x HDMI | 
Acer XB253Q Gxbmiiprzx,Acer , XB253Q Gxbmiiprzx | UM.KX3AA.X03 | ,"24.5"" ",1920 x 1080 ,240 Hz ,,IPS ,16:9 ,Black / Red ,400 cd/m² ,0.282 mm ,Yes ,No ,G-Sync Compatible ,Yes ,,178° H x 178° V , 1 x DisplayPort | 2 x HDMI | 
NEC EA223WM,NEC ,60003293 ,"22"" ",1680 x 1050 ,60 Hz ,5 ms ,TN ,16:10 ,White ,250 cd/m² ,0.282 mm ,Yes ,No ,None ,Yes ,,170° H x 160° V , 1 x DisplayPort | 1 x DVI-D Single Link | 1 x VGA | 
Dell AW3821DW,Dell , V91D6 | AW3821DW | 210-AXNI | 210-AXVG | DXFH9 | ,"37.5"" ",3840 x 1600 ,144 Hz ,1 ms ,IPS ,12:5 ,Black / Silver ,450 cd/m² ,0.229 mm ,Yes ,Yes ,G-Sync Ultimate ,No ,,178° H x 178° V , 1 x DisplayPort | 2 x HDMI | 
ViewSonic XG2705-2K OMNI,ViewSonic ,XG2705-2K ,"27"" ",2560 x 1440 ,144 Hz ,,IPS ,16:9 ,Black ,350 cd/m² ,0.233 mm ,Yes ,No ,FreeSync Premium ,No ,,178° H x 178° V , 1 x DisplayPort | 2 x HDMI | 
Dell SE2719HR,Dell ,SE2719HR ,"27"" ",1920 x 1080 ,75 Hz ,4 ms ,IPS ,16:9 ,Black ,300 cd/m² ,0.311 mm ,Yes ,No ,FreeSync ,No ,,178° H x 178° V , 1 x HDMI | 1 x VGA | 
LG 24M38H-B,LG ,24M38H-B ,"23.6"" ",1920 x 1080 ,60 Hz ,5 ms ,TN ,16:9 ,Black ,200 cd/m² ,0.272 mm ,Yes ,No ,None ,No ,,170° H x 160° V , 1 x HDMI | 1 x VGA | 
Monoprice Dark Matter,Monoprice ,40778 ,"27"" ",1920 x 1080 ,240 Hz ,1 ms ,IPS ,16:9 ,Black ,500 cd/m² ,0.311 mm ,Yes ,No ,FreeSync Premium ,No ,,178° H x 178° V , 1 x DisplayPort | 2 x HDMI | 
Gigabyte AORUS FI27Q-X,Gigabyte , FI27Q-X | AORUS FI27Q-X | ,"27"" ",2560 x 1440 ,240 Hz ,1 ms ,IPS ,16:9 ,Black ,400 cd/m² ,0.233 mm ,Yes ,No ,FreeSync Premium ,No ,,178° H x 178° V , 1 x DisplayPort | 2 x HDMI | 
Acer VG280K bmiipx,Acer ,UM.PV0AA.001 ,"28"" ",3840 x 2160 ,60 Hz ,4 ms ,IPS ,16:9 ,Black ,300 cd/m² ,0.161 mm ,Yes ,No ,FreeSync ,Yes ,,178° H x 178° V ,1 x DisplayPort 
LG 32QN600-B,LG ,32QN600-B ,"32"" ",2560 x 1440 ,75 Hz ,5 ms ,IPS ,16:9 ,Black ,350 cd/m² ,0.277 mm ,Yes ,No ,FreeSync ,No ,,178° H x 178° V , 1 x DisplayPort | 2 x HDMI | 
HUAWEI MateView Wireless,HUAWEI ,53060276 ,"28.2"" ",3840 x 2560 ,60 Hz ,,IPS ,3:2 ,Silver ,500 cd/m² ,0.155 mm ,Yes ,No ,None ,Yes ,,, 1 x Mini-DisplayPort | 1 x HDMI | 
Gigabyte M27F,Gigabyte ,M27F-SA ,"27"" ",1920 x 1080 ,144 Hz ,,,16:9 ,Black ,300 cd/m² ,0.311 mm ,Yes ,No ,FreeSync Premium ,No ,,178° H x 178° V , 1 x DisplayPort | 2 x HDMI | 
Pixio PX257P,Pixio ,PX257P ,"24.5"" ",1920 x 1080 ,144 Hz ,1 ms ,IPS ,16:9 ,Black ,350 cd/m² ,0.282 mm ,Yes ,No , FreeSync Premium | G-Sync Compatible | ,No ,,178° H x 178° V , 1 x DisplayPort 1.2 | 2 x HDMI 1.4 | 
MSI Optix MAG321QR,MSI ,Optix MAG321QR ,"31.5"" ",2560 x 1440 ,165 Hz ,,IPS ,16:9 ,Black ,400 cd/m² ,0.272 mm ,Yes ,No , FreeSync | G-Sync Compatible | ,No ,,178° H x 178° V , 1 x DisplayPort 1.2a | 2 x HDMI 2.0b | 
MSI Optix MAG274R2,MSI ,Optix MAG274R2 ,"27"" ",1920 x 1080 ,165 Hz ,,IPS ,16:9 ,Black / Red ,300 cd/m² ,0.311 mm ,Yes ,No ,G-Sync Compatible ,No ,,178° H x 178° V , 1 x DisplayPort 1.2a | 1 x HDMI 2.0b | 
Asus VP229HE,Asus , VP229HE | 90LM06B3-B01370 | ,"21.5"" ",1920 x 1080 ,75 Hz ,5 ms ,IPS ,16:9 ,Black ,250 cd/m² ,0.248 mm ,Yes ,No ,FreeSync ,No ,,178° H x 178° V , 1 x HDMI 1.4 | 1 x VGA | 
MSI Optix MAG2732,MSI ,Optix MAG2732 ,"27"" ",1920 x 1080 ,165 Hz ,,IPS ,16:9 ,Black ,250 cd/m² ,0.311 mm ,Yes ,No , FreeSync | G-Sync Compatible | ,No ,,178° H x 178° V , 1 x DisplayPort 1.2a | 2 x HDMI 2.0 | 
NZXT Canvas 27Q,NZXT ,MNST-27QSB-B-BW ,"27"" ",2560 x 1440 ,165 Hz ,,IPS ,16:9 ,Black / White ,300 cd/m² ,0.233 mm ,Yes ,No , FreeSync Premium | G-Sync Compatible | ,No ,,178° H x 178° V , 1 x DisplayPort 1.2 | 2 x HDMI 2.0 | 
NZXT Canvas 32Q,NZXT ,MNST-32QSB-B-BB ,"32"" ",2560 x 1440 ,165 Hz ,,VA ,16:9 ,Black / Black ,300 cd/m² ,0.277 mm ,Yes ,Yes , FreeSync Premium | G-Sync Compatible | ,No ,,178° H x 178° V , 1 x DisplayPort 1.2 | 2 x HDMI 2.0 | 
Samsung CF390,Samsung ,LC22F390FHNXZA ,"21.5"" ",1920 x 1080 ,,,VA ,16:9 ,Black ,250 cd/m² ,0.248 mm ,Yes ,Yes ,FreeSync ,No ,,178° H x 178° V ,1 x HDMI 
Samsung Odyssey G35T,Samsung ,LC32G35TFQNXZA ,"32"" ",1920 x 1080 ,165 Hz ,5 ms ,VA ,16:9 ,Black ,300 cd/m² ,0.369 mm ,Yes ,Yes ,FreeSync Premium ,No ,,178° H x 178° V , 1 x DisplayPort 1.2 | 1 x HDMI 1.4 | 1 x HDMI 2.0 | 
Samsung CJ890,Samsung ,LC49J890DKNXZA ,"49"" ",3840 x 1080 ,144 Hz ,,VA ,32:9 ,Black ,300 cd/m² ,0.312 mm ,Yes ,Yes ,FreeSync ,No ,,178° H x 178° V , 1 x DisplayPort | 1 x HDMI | 2 x USB Type-C | 
Samsung SD332,Samsung ,LS24D332HSX/ZA ,"24"" ",1920 x 1080 ,75 Hz ,,TN ,16:9 ,Black ,250 cd/m² ,0.277 mm ,Yes ,No ,None ,No ,,170° H x 160° V , 1 x HDMI | 1 x VGA | 
Samsung M5,Samsung ,LS27AM501NNXZA ,"27"" ",1920 x 1080 ,60 Hz ,8 ms ,VA ,16:9 ,White ,250 cd/m² ,0.311 mm ,Yes ,No ,None ,Yes ,,178° H x 178° V ,2 x HDMI 2.0 
Acer SA270 Bbix,Acer , UM.HS0AA.B06 | SA270 Bbix | ,"27"" ",1920 x 1080 ,75 Hz ,,IPS ,16:9 ,Black ,250 cd/m² ,0.311 mm ,Yes ,No ,FreeSync ,No ,,178° H x 178° V , 1 x HDMI | 1 x VGA | 
Acer VG270 Bmipx,Acer , UM.HV0AA.004 | VG270 Bmipx | ,"27"" ",1920 x 1080 ,75 Hz ,,IPS ,16:9 ,Black ,250 cd/m² ,0.311 mm ,Yes ,No ,FreeSync ,Yes ,100 x 100 ,178° H x 178° V , 1 x DisplayPort | 1 x HDMI | 1 x VGA | 
Acer VG271U Sbmiipx,Acer , UM.HV1AA.S01 | VG271U Sbmiipx | ,"27"" ",2560 x 1440 ,170 Hz ,,IPS ,16:9 ,Black ,400 cd/m² ,0.233 mm ,Yes ,No ,FreeSync ,Yes ,100 x 100 ,178° H x 178° V , 1 x DisplayPort | 1 x HDMI | 
Acer VG272 LVbmiipx,Acer , UM.HV2AA.V01 | VG272 LVbmiipx | ,"27"" ",1920 x 1080 ,144 Hz ,,IPS ,16:9 ,Black ,400 cd/m² ,0.311 mm ,Yes ,No ,G-Sync ,Yes ,100 x 100 ,178° H x 178° V , 1 x DisplayPort 1.2 | 1 x HDMI 2.0 | 
Acer XV271 Zbmiiprx,Acer , UM.HX1AA.Z03 | XV271 Zbmiiprx | ,"27"" ",1920 x 1080 ,240 Hz ,,IPS ,16:9 ,Black ,400 cd/m² ,0.311 mm ,Yes ,No ,FreeSync Premium ,No ,100 x 100 ,178° H x 178° V , 1 x DisplayPort | 1 x HDMI | 
Acer ED320Q Xbmiipx,Acer , UM.JE0AA.X02 | ED320Q Xbmiipx | ,"31.5"" ",1920 x 1080 ,,,VA ,16:9 ,Black ,300 cd/m² ,0.363 mm ,Yes ,Yes ,FreeSync ,No ,100 x 100 ,178° H x 178° V , 1 x DisplayPort 1.2 | 1 x HDMI 2.0 | 
Acer EK240Q bi,Acer , UM.UE0AA.002 | EK240Q bi | ,"23.6"" ",1920 x 1080 ,75 Hz ,,VA ,16:9 ,Black ,250 cd/m² ,0.272 mm ,Yes ,No ,None ,No ,100 x 100 ,178° H x 178° V , 1 x HDMI 1.4 | 1 x VGA | 
Acer EI2,Acer ,UM.UE2AA.P01 ,"23.6"" ",1920 x 1080 ,144 Hz ,,VA ,16:9 ,Black ,250 cd/m² ,0.272 mm ,Yes ,Yes ,FreeSync Premium ,No ,75 x 75 ,178° H x 178° V , 1 x DisplayPort 1.2 | 1 x HDMI 1.4 | 1 x HDMI 2.0 | 
Dell P2722H CVAA,Dell , 210-BDQD | P2722H CVAA | NHW0F | ,"27"" ",1920 x 1080 ,60 Hz ,5 ms ,IPS ,16:9 ,,300 cd/m² ,0.311 mm ,Yes ,No ,None ,No ,100 x 100 ,178° H x 178° V , 1 x DisplayPort 1.2 | 1 x HDMI | 1 x VGA | 
Dell S3423DWC,Dell , 210-BEJC | C0GMX | ,"34"" ",3440 x 1440 ,100 Hz ,4 ms ,VA ,21:9 ,,300 cd/m² ,0.232 mm ,Yes ,Yes ,FreeSync ,No ,100 x 100 ,178° H x 178° V , 2 x HDMI | 1 x USB Type-C | 
LG 24GQ40W-B,LG ,24GQ40W-B ,"23.8"" ",1920 x 1080 ,165 Hz ,5 ms ,VA ,16:9 ,,250 cd/m² ,0.274 mm ,Yes ,No ,FreeSync Premium ,No ,75 x 75 ,178° H x 178° V , 1 x DisplayPort | 1 x HDMI | 
LG 24MP450-B,LG , 24MP450-B | 24MP450-B.AEU | ,"23.8"" ",1920 x 1080 ,75 Hz ,5 ms ,IPS ,16:9 ,,250 cd/m² ,0.274 mm ,Yes ,No ,FreeSync ,No ,75 x 75 ,178° H x 178° V , 1 x DisplayPort | 1 x HDMI | 1 x VGA | 
LG 34WL75C-B,LG ,34WL75C-B ,"34"" ",3440 x 1440 ,60 Hz ,5 ms ,IPS ,21:9 ,,300 cd/m² ,0.232 mm ,Yes ,Yes ,None ,No ,100 x 100 ,178° H x 178° V , 1 x DisplayPort | 2 x HDMI | 
LG 34WP85C-B,LG , 34WP85C-B | 34WP85C-B.AEU | ,"34"" ",3440 x 1440 ,60 Hz ,5 ms ,IPS ,21:9 ,,300 cd/m² ,0.232 mm ,Yes ,Yes ,FreeSync ,Yes ,100 x 100 ,178° H x 178° V , 1 x DisplayPort | 2 x HDMI | 1 x USB Type-C | 
Acer Nitro RG241YP,Acer , UM.QR1EE.P02 | RG241YP | ,"23.8"" ",1920 x 1080 ,144 Hz ,,IPS ,16:9 ,Black ,250 cd/m² ,0.274 mm ,Yes ,No ,FreeSync Premium ,No ,75 x 75 ,178° H x 178° V , 1 x DisplayPort | 1 x HDMI | 
MSI Optix MAG273,MSI ,OPTIX MAG273 ,"27"" ",1920 x 1080 ,144 Hz ,,IPS ,16:9 ,,250 cd/m² ,0.311 mm ,Yes ,No ,None ,No ,100 x 100 ,178° H x 178° V , 1 x DisplayPort 1.2a | 2 x HDMI 2.0 | 
MSI Optix MAG274R,MSI , OPTIXMAG274R | 9S6-3CA7BA-020 | ,"27"" ",1920 x 1080 ,144 Hz ,,IPS ,16:9 ,,300 cd/m² ,0.311 mm ,Yes ,No ,FreeSync Premium ,No ,100 x 100 ,178° H x 178° V , 1 x DisplayPort 1.2a | 2 x HDMI 2.0a | 1 x USB Type-C | 
MSI PRO MP241,MSI ,PRO MP241 ,"23.8"" ",1920 x 1080 ,60 Hz ,,IPS ,16:9 ,,220 cd/m² ,0.274 mm ,Yes ,No ,None ,No ,75 x 75 ,178° H x 178° V , 1 x HDMI 1.4 | 1 x VGA | 
MSI PRO MP242,MSI ,PRO MP242 ,"23.8"" ",1920 x 1080 ,75 Hz ,,IPS ,16:9 ,,250 cd/m² ,0.274 mm ,Yes ,No ,None ,Yes ,100 x 100 ,178° H x 178° V , 1 x HDMI 1.4 | 1 x VGA | 
Asus VA279HAL,Asus , 90LM04J9-B013B0 | VA279HAL | ,"27"" ",1920 x 1080 ,75 Hz ,6 ms ,VA ,16:9 ,,300 cd/m² ,0.311 mm ,Yes ,No ,None ,Yes ,100 x 100 ,178° H x 178° V , 1 x HDMI 1.4 | 1 x VGA | 
Asus VA24EQSB,Asus , 90LM056F-B011B0 | VA24EQSB | 90LM056F-B01170 | ,"23.8"" ",1920 x 1080 ,75 Hz ,5 ms ,IPS ,16:9 ,,300 cd/m² ,0.274 mm ,Yes ,No ,FreeSync ,Yes ,100 x 100 ,178° H x 178° V , 1 x DisplayPort 1.2 | 1 x HDMI 1.4 | 1 x VGA | 
Asus VY249HE-W,Asus , 90LM06A4-B01AB0 | VY249HE-W | 90LM06A4-B01A70 | 90LM06A4-B02A70 | ,"23.8"" ",1920 x 1080 ,75 Hz ,,IPS ,16:9 ,,250 cd/m² ,0.274 mm ,Yes ,No ,FreeSync ,No ,100 x 100 ,178° H x 178° V , 1 x HDMI 1.4 | 1 x VGA | 
Acer V277,Acer ,UM.HV7AA.009 ,"27"" ",1920 x 1080 ,75 Hz ,,IPS ,16:9 ,Black ,250 cd/m² ,0.311 mm ,Yes ,No ,None ,No ,100 x 100 ,178° H x 178° V , 1 x HDMI | 1 x VGA | 
Sony INZONE M3,Sony , SDMF27M30 | SDMF27M30AEP | ,"27"" ",1920 x 1080 ,240 Hz ,,IPS ,16:9 ,Black / Silver ,400 cd/m² ,0.311 mm ,Yes ,No , FreeSync | G-Sync Compatible | ,Yes ,100 x 100 ,178° H x 178° V , 1 x DisplayPort 1.4 | 2 x HDMI 2.1 | 1 x USB Type-C 3.2 Gen 2 | 
MSI G253PF,MSI , G253PF | 9S6-3BB69T-003 | ,"24.5"" ",1920 x 1080 ,380 Hz ,1 ms ,IPS ,16:9 ,Black ,400 cd/m² ,0.282 mm ,Yes ,No ,G-Sync Compatible ,No ,75 x 75 ,178° H x 178° V , 1 x DisplayPort 1.4a | 2 x HDMI 2.0b | 
Acer K273 BI,Acer , K273 BI | UM.HX3AA.003 | ,"27"" ",1920 x 1080 ,75 Hz ,,IPS ,16:9 ,,250 cd/m² ,0.311 mm ,Yes ,No ,FreeSync ,No ,,178° H x 178° V , 1 x HDMI | 1 x VGA | 
LG 40WP95CP-W,LG , 40WP95CP-W | 40WP95CP-W.AEU | ,"39.7"" ",5120 x 2160 ,72 Hz ,5 ms ,IPS ,64:27 ,Silver ,300 cd/m² ,0.181 mm ,Yes ,Yes ,FreeSync ,No ,,178° H x 178° V , 1 x DisplayPort 1.4 | 2 x HDMI | 
LG 34WP65CP-B,LG , 34WP65CP-B | 34WP65CP-B.AEU | ,"34"" ",3440 x 1440 ,160 Hz ,5 ms ,VA ,21:9 ,Black ,300 cd/m² ,0.232 mm ,Yes ,Yes ,FreeSync Premium ,Yes ,100 x 100 ,178° H x 178° V , 1 x DisplayPort 1.4 | 2 x HDMI | 
LG 27GR95QR-B,LG ,27GR95QR-B ,"26.5"" ",2560 x 1440 ,240 Hz ,0.03 ms ,OLED ,16:9 ,Black ,200 cd/m² ,0.229 mm ,Yes ,No ,FreeSync Premium ,No ,100 x 100 ,178° H x 178° V , 1 x DisplayPort 1.4 | 1 x HDMI 2.1 | 
Acer Predator X34 GS,Acer ,UM.CX0AA.S01 ,"34"" ",3440 x 1440 ,144 Hz ,1 ms ,IPS ,21:9 ,Black ,550 cd/m² ,0.232 mm ,Yes ,Yes ,G-Sync Compatible ,Yes ,100 x 100 ,178° H x 178° V , 2 x DisplayPort | 1 x HDMI 2.0 | 
AOC AGON Pro AG274UXP,AOC , AG274UXP | AGON Pro AG274UXP | ,"27"" ",3840 x 2160 ,144 Hz ,1 ms ,Nano IPS ,16:9 ,Black / Red ,,0.156 mm ,Yes ,No , FreeSync | G-Sync Compatible | ,Yes ,100 x 100 ,, 1 x DisplayPort 1.4 | 2 x HDMI 2.1 | 1 x USB Type-C 3.2 Gen 2 | 
Asus VA247HE,Asus , 90LM0793-B011B | 90lm0793-b01170 | VA247HE | 90LM0793-B011B0 | 90LM0795-B01170 | ,"23.8"" ",1920 x 1080 ,75 Hz ,5 ms ,VA ,16:9 ,Black ,250 cd/m² ,0.274 mm ,Yes ,No ,FreeSync ,No ,100 x 100 ,178° H x 178° V , 1 x DVI | 1 x HDMI 1.4 | 1 x VGA | 
Asus ProArt Display PA27UCX-K,Asus , PA27UCX-K | 90LM04NC-B01370 | 90LM04NC-B023B0 | PROART-DISPLAY-PA27UCX-K | 90LM04NC-B02370 | ,"27"" ",3840 x 2160 ,60 Hz ,4 ms ,IPS Mini LED ,16:9 ,Black ,1000 cd/m² ,0.156 mm ,Yes ,No ,FreeSync ,Yes ,100 x 100 ,178° H x 178° V , 1 x DisplayPort 1.2 | 2 x HDMI 2.0 | 1 x USB Type-C | 
BenQ GW2780T,BenQ , GW2780T | 9H.LJRLA.TPE | ,"27"" ",1920 x 1080 ,60 Hz ,5 ms ,IPS ,16:9 ,Black ,250 cd/m² ,0.311 mm ,Yes ,No ,None ,Yes ,100 x 100 ,178° H x 178° V , 1 x DisplayPort 1.2 | 1 x HDMI 1.4 | 1 x VGA | 
HP Z27k G3,HP ,1B9T0AA#ABA ,"27"" ",3840 x 2160 ,60 Hz ,5 ms ,IPS ,16:9 ,Silver / Black ,350 cd/m² ,0.156 mm ,Yes ,No ,None ,No ,100 x 100 ,178° H x 178° V ,
HP M24f,HP ,2D9K0AA#ABA ,"24"" ",1920 x 1080 ,75 Hz ,5 ms ,IPS ,16:9 ,Silver ,300 cd/m² ,0.277 mm ,Yes ,No ,FreeSync ,No ,,,
HP Z34c G3,HP ,30A19AA#ABA ,"34"" ",3440 x 1440 ,,6 ms ,IPS ,21:9 ,Silver / Black ,350 cd/m² ,0.232 mm ,Yes ,Yes ,None ,Yes ,100 x 100 ,178° H x 178° V , 1 x DisplayPort | 1 x HDMI | 1 x USB Type-C | 
HP E27k G5,HP ,6N4C4AA#ABA ,"27"" ",3840 x 2160 ,60 Hz ,5 ms ,IPS ,16:9 ,Silver ,350 cd/m² ,0.156 mm ,Yes ,No ,None ,Yes ,,178° H x 178° V , 1 x DisplayPort 1.4 | 1 x HDMI 2.0 | 1 x USB Type-C 3.2 Gen 1 | 
HP V27i,HP ,9SV92AA#ABA ,"27"" ",1920 x 1080 ,,5 ms ,IPS ,16:9 ,Black ,300 cd/m² ,0.311 mm ,Yes ,No ,None ,No ,100 x 100 ,178° H x 178° V , 1 x HDMI 1.4 | 1 x VGA | 
Lenovo ThinkCentre TIO Flex 24i,Lenovo ,12BMMAR1US ,"23.8"" ",1920 x 1080 ,60 Hz ,4 ms ,IPS ,16:9 ,Black / Red ,250 cd/m² ,0.274 mm ,Yes ,No ,None ,No ,,178° H x 178° V , 1 x DisplayPort 1.2 | 1 x HDMI 1.4 | 1 x VGA | 
Lenovo ThinkVision E27q-20,Lenovo ,62D0GAR1US ,"27"" ",2560 x 1440 ,75 Hz ,4 ms ,IPS ,16:9 ,Black ,350 cd/m² ,0.233 mm ,Yes ,No ,None ,Yes ,100 x 100 ,178° H x 178° V , 1 x DisplayPort | 1 x HDMI | 
MSI G2422P,MSI ,G2422P ,"24"" ",1920 x 1080 ,170 Hz ,4 ms ,IPS ,16:9 ,Black ,250 cd/m² ,0.277 mm ,Yes ,No ,FreeSync Premium ,No ,100 x 100 ,178° H x 178° V , 1 x DisplayPort 1.2a | 2 x HDMI 1.4 | 
Philips 271E1S,Philips , 271E1S | 271E1S/27 | ,"27"" ",1920 x 1080 ,75 Hz ,4 ms ,IPS ,16:9 ,Black ,300 cd/m² ,0.311 mm ,Yes ,No ,FreeSync ,No ,100 x 100 ,178° H x 178° V , 1 x HDMI | 1 x VGA | 
Samsung FT45,Samsung , F24T452FQN | LF24T454FQNXGO | ,"23.8"" ",1920 x 1080 ,75 Hz ,5 ms ,IPS ,16:9 ,Black ,250 cd/m² ,0.274 mm ,Yes ,No ,FreeSync ,No ,100 x 100 ,178° H x 178° V , 1 x DisplayPort 1.2 | 2 x HDMI 1.4 | 
Samsung T45F,Samsung , F27T450FQN | LF27T450FQNXGO | ,"27"" ",1920 x 1080 ,75 Hz ,5 ms ,IPS ,16:9 ,Black ,250 cd/m² ,0.311 mm ,Yes ,No ,None ,No ,100 x 100 ,178° H x 178° V , 1 x DisplayPort 1.2 | 1 x HDMI 1.4 | 
Samsung S40UA,Samsung ,LS24A400UJNXZA ,"24"" ",1920 x 1080 ,75 Hz ,5 ms ,IPS ,16:9 ,Black ,250 cd/m² ,0.277 mm ,Yes ,No ,FreeSync ,No ,100 x 100 ,178° H x 178° V , 1 x DisplayPort 1.2 | 1 x HDMI 1.4 | 1 x USB Type-C | 
Samsung M80C,Samsung , LS27CM80PUNXZA | S27CM80PUN | ,"27"" ",3840 x 2160 ,60 Hz ,4 ms ,VA ,16:9 ,Pink ,400 cd/m² ,0.156 mm ,Yes ,No ,None ,Yes ,,178° H x 178° V , 1 x HDMI | 1 x USB Type-C | 
Samsung M50C,Samsung , LS32CM501ENXZA | S32CM501EN | ,"32"" ",1920 x 1080 ,60 Hz ,4 ms ,VA ,16:9 ,White ,250 cd/m² ,0.369 mm ,Yes ,No ,None ,No ,,178° H x 178° V ,2 x HDMI 1.4 
Samsung ViewFinity S60A,Samsung , S27A600NAN | LS27A600NANXGO | ,"27"" ",2560 x 1440 ,75 Hz ,5 ms ,IPS ,16:9 ,Black ,300 cd/m² ,0.233 mm ,Yes ,No ,FreeSync ,No ,100 x 100 ,178° H x 178° V , 1 x DisplayPort 1.2 | 1 x HDMI 1.4 | 
ViewSonic VA2409M,ViewSonic ,VA2409M ,"24"" ",1920 x 1080 ,75 Hz ,3 ms ,IPS ,16:9 ,Black ,250 cd/m² ,0.277 mm ,Yes ,No ,FreeSync ,Yes ,100 x 100 ,178° H x 178° V , 1 x HDMI 1.4 | 1 x VGA | 
ViewSonic VX2416,ViewSonic ,VX2416 ,"23.8"" ",1920 x 1080 ,100 Hz ,,IPS ,16:9 ,Black ,250 cd/m² ,0.274 mm ,Yes ,No ,FreeSync ,Yes ,100 x 100 ,178° H x 178° V , 1 x DisplayPort 1.2 | 1 x HDMI 1.4 | 
ViewSonic VX2716,ViewSonic ,VX2716 ,"27"" ",1920 x 1080 ,100 Hz ,4 ms ,IPS ,16:9 ,Black ,300 cd/m² ,0.311 mm ,Yes ,No ,FreeSync ,Yes ,,178° H x 178° V , 1 x DisplayPort 1.4 | 1 x HDMI 1.4 | 
ViewSonic XG340C-2K,ViewSonic ,XG340C-2K ,"34"" ",3440 x 1440 ,180 Hz ,1 ms ,VA ,21:9 ,Black ,550 cd/m² ,0.232 mm ,Yes ,Yes ,FreeSync Premium Pro ,No ,,178° H x 178° V , 1 x HDMI 2.1 | 1 x USB Type-C | 
Samsung F22T452FQN,Samsung ,F22T452FQN ,"21.5"" ",1920 x 1080 ,75 Hz ,5 ms ,IPS ,16:9 ,Black ,250 cd/m² ,0.248 mm ,Yes ,No ,FreeSync ,No ,100 x 100 ,178° H x 178° V , 1 x DisplayPort 1.2 | 2 x HDMI 1.4 | 
Acer Predator XB283K KV,Acer ,UM.PX3EE.V01 ,"28"" ",3840 x 2160 ,144 Hz ,1 ms ,IPS ,16:9 ,Black ,400 cd/m² ,0.161 mm ,Yes ,No ,FreeSync ,Yes ,100 x 100 ,178° H x 178° V , 1 x DisplayPort 1.4 | 1 x HDMI 2.1 | 1 x USB Type-C | 
Eizo FlexScan EV2740X,Eizo ,EV2740X-WT ,"27"" ",3840 x 2160 ,60 Hz ,5 ms ,IPS ,16:9 ,White ,350 cd/m² ,0.156 mm ,Yes ,No ,None ,Yes ,100 x 100 ,178° H x 178° V , 1 x DisplayPort 1.3 | 2 x HDMI 1.4 | 1 x USB Type-C | 
HP 724pf,HP ,8X530AA#ABA ,"23.8"" ",1920 x 1080 ,100 Hz ,5 ms ,IPS ,16:9 ,Silver ,300 cd/m² ,0.274 mm ,Yes ,No ,None ,No ,100 x 100 ,178° H x 178° V , 1 x DisplayPort 1.2 | 1 x HDMI 1.4 | 
Corsair XENEON 315QHD165,Corsair ,CM-9020007-NA ,"31.5"" ",2560 x 1440 ,165 Hz ,8 ms ,IPS ,16:9 ,Black ,300 cd/m² ,0.272 mm ,Yes ,No , FreeSync Premium | G-Sync Compatible | ,No ,100 x 100 ,178° H x 178° V , 1 x DisplayPort 1.4 | 2 x HDMI 2.0 | 
iiyama G2740QSU-B1,iiyama ,G2740QSU-B1 ,"27"" ",2560 x 1440 ,75 Hz ,,IPS ,16:9 ,Black ,250 cd/m² ,0.233 mm ,Yes ,No ,FreeSync ,Yes ,100 x 100 ,178° H x 178° V , 1 x DisplayPort 1.2 | 1 x HDMI 1.4 | 
Pixio PX32U WAVE,Pixio ,PX32UWAVEK ,"32"" ",3840 x 2160 ,144 Hz ,1 ms ,IPS ,16:9 ,Pink ,350 cd/m² ,0.184 mm ,Yes ,No ,FreeSync ,Yes ,75 x 75 ,178° H x 178° V , 2 x DisplayPort 1.4 | 2 x HDMI 2.1 | 
Acer Nitro XV273K V3,Acer , UM.HX3AA.305 | XV273K V3bmiiprx | XV273K V3 | Nitro XV273K V3 | ,"27"" ",3840 x 2160 ,160 Hz ,0.5 ms ,IPS ,16:9 ,Black / Silver ,400 cd/m² ,0.156 mm ,Yes ,No ,FreeSync Premium ,Yes ,100 x 100 ,178° H x 178° V , 1 x DisplayPort 1.4 | 2 x HDMI 2.1 | 
Acer Predator XB323QK NV,Acer , UM.JX3AA.V01 | Predator XB323QK NV | XB323QK NVbmiiphuzx | XB323QK NV | Predator XB323QK NVbmiiphuzx | ,"31.5"" ",3840 x 2160 ,144 Hz ,1 ms ,IPS ,16:9 ,Black ,400 cd/m² ,0.182 mm ,Yes ,No , FreeSync | G-Sync Compatible | ,Yes ,100 x 100 ,178° H x 178° V , 1 x DisplayPort 1.4 | 2 x HDMI 2.1 | 1 x USB Type-C | 
Pixio PX246 Wave,Pixio ,810166730556 ,"24"" ",1920 x 1080 ,120 Hz ,4 ms ,IPS ,16:9 ,Black ,300 cd/m² ,0.277 mm ,Yes ,No ,FreeSync ,Yes ,100 x 100 ,178° H x 178° V , 1 x HDMI 2.0 | 1 x VGA | 
HP V201a,HP ,F8C55AT#ABU ,"19.45"" ",1600 x 900 ,60 Hz ,5 ms ,TN ,16:9 ,Black ,200 cd/m² ,0.269 mm ,Yes ,No ,None ,No ,,90° H x 50° V ,1 x VGA 
AOC U28G2AE/BK,AOC ,U28G2AE/BK ,"28"" ",3840 x 2160 ,60 Hz ,,IPS ,16:9 ,Black ,300 cd/m² ,0.161 mm ,Yes ,No ,FreeSync ,Yes ,100 x 100 ,178° H x 178° V , 1 x DisplayPort 1.2 | 2 x HDMI 2.0 | 
Cooler Master GM34-CWQ2,Cooler Master ,CMI-GM34-CWQ2 ,"34"" ",3440 x 1440 ,180 Hz ,2 ms ,VA ,21:9 ,Black ,320 cd/m² ,0.232 mm ,Yes ,No , FreeSync Premium | G-Sync Compatible | ,Yes ,100 x 100 ,178° H x 178° V , 1 x DisplayPort 1.4 | 2 x HDMI 2.0 | 1 x USB Type-C | 
LG 32BN67U-B,LG ,32BN67U-B ,"31.5"" ",3840 x 2160 ,60 Hz ,5 ms ,IPS ,16:9 ,Black ,350 cd/m² ,0.182 mm ,Yes ,No ,FreeSync ,Yes ,100 x 100 ,178° H x 178° V ,
Asus VP228DE,Asus , VP228DE | 90LM01K0-B04170 | ,"22.8"" ",1920 x 1080 ,60 Hz ,5 ms ,TN ,16:9 ,Black ,200 cd/m² ,0.263 mm ,Yes ,No ,None ,No ,,90° H x 65° V ,1 x VGA 
Philips 439P1,Philips , 439P1 | 439P1/93 | 439P1/27 | 439P1/00 | 439P1/01 | ,"42.51"" ",3840 x 2160 ,60 Hz ,4 ms ,VA ,16:9 ,Black ,400 cd/m² ,0.245 mm ,Yes ,No ,FreeSync ,Yes ,200 x 200 ,178° H x 178° V , 1 x DisplayPort 1.4 | 2 x HDMI 2.0 | 1 x HDMI 1.4 | 
Philips 329P1H,Philips , 329P1H | 329P1H/27 | ,"31.5"" ",3840 x 2160 ,60 Hz ,4 ms ,IPS ,16:9 ,Black ,350 cd/m² ,0.182 mm ,Yes ,No ,FreeSync ,Yes ,100 x 100 ,178° H x 178° V , 1 x DisplayPort 1.4 | 2 x HDMI | 1 x USB Type-C | 
LG 35BN75CN-B,LG , 35BN75CN-B | 35BN75CN-B.AUB | ,"35"" ",3440 x 1440 ,100 Hz ,5 ms ,VA ,21:9 ,Black ,300 cd/m² ,0.238 mm ,Yes ,Yes ,FreeSync ,Yes ,100 x 100 ,178° H x 178° V ,1 x USB Type-C 
LG 32MN50W-B,LG ,32MN50W-B ,"32"" ",1920 x 1080 ,60 Hz ,5 ms ,IPS ,16:9 ,,250 cd/m² ,0.369 mm ,Yes ,No ,FreeSync ,No ,100 x 100 ,178° H x 178° V , 1 x HDMI | 1 x VGA | 
Dell P1914S,Dell ,461-5855 ,"19"" ",1280 x 1024 ,60 Hz ,8 ms ,IPS ,5:4 ,,250 cd/m² ,0.294 mm ,No ,No ,None ,No ,100 x 100 ,178° H x 178° V , 1 x DisplayPort | 1 x DVI | 1 x HDMI | 1 x VGA | 
Dell C3422WE,Dell , C3422WE | 210-AYQL | NRY3M | DELL-C3422WE | 210-AYLW | ,"34.14"" ",3440 x 1440 ,60 Hz ,5 ms ,IPS ,21:9 ,,300 cd/m² ,0.233 mm ,Yes ,Yes ,None ,Yes ,100 x 100 ,178° H x 178° V , 1 x DisplayPort 1.2 | 1 x HDMI | 1 x USB Type-C | 
Dell U3821DW,Dell , 210-AYLE | U3821DW | FPKXK | DELL-U3821DW | ,"37.5"" ",3840 x 1600 ,60 Hz ,5 ms ,IPS ,12:5 ,,300 cd/m² ,0.229 mm ,Yes ,No ,None ,Yes ,100 x 100 ,178° H x 178° V , 1 x DisplayPort 1.4 | 2 x HDMI | 1 x USB Type-C | 
LG 29WL500-B,LG , 29WL500-B | 29WL500-B.AEU | 29WL500 | ,"29"" ",2560 x 1080 ,75 Hz ,5 ms ,IPS ,21:9 ,,250 cd/m² ,0.265 mm ,Yes ,No ,FreeSync ,No ,100 x 100 ,178° H x 178° V ,2 x HDMI 
MSI PRO MP271,MSI , Pro MP271 | 9S6-3PA2CT-005 | 9S6-3PA2CT-001 | ,"27"" ",1920 x 1080 ,75 Hz ,,IPS ,16:9 ,,250 cd/m² ,0.311 mm ,Yes ,No ,None ,Yes ,100 x 100 ,178° H x 178° V , 1 x HDMI 1.4 | 1 x VGA | 
BenQ MOBIUZ EX3415R,BenQ ,EX3415R ,"34"" ",3440 x 1440 ,144 Hz ,2 ms ,IPS ,21:9 ,Silver / Red ,400 cd/m² ,0.232 mm ,Yes ,Yes ,FreeSync Premium ,No ,100 x 100 ,178° H x 178° V , 1 x DisplayPort 1.4 | 2 x HDMI 2.0 | 
Compaq LA1751g,Compaq ,EM889AA#ABA ,"17"" ",1280 x 1024 ,,5 ms ,,5:4 ,,250 cd/m² ,0.263 mm ,No ,No ,None ,No ,,160° H x 160° V , 1 x DVI | 1 x VGA | 
Dell E1916H,Dell ,E1916H ,"18.5"" ",1366 x 768 ,60 Hz ,5 ms ,TN ,16:9 ,,200 cd/m² ,0.3 mm ,Yes ,No ,None ,No ,,90° H x 65° V , 1 x DisplayPort | 1 x VGA | 
Acer XZ321QU bmijpphzx,Acer ,XZ321QU bmijpphzx ,"31.5"" ",2560 x 1440 ,144 Hz ,1 ms ,VA ,16:9 ,,300 cd/m² ,0.272 mm ,Yes ,Yes ,FreeSync ,Yes ,,178° H x 178° V , 1 x DisplayPort | 1 x Mini-DisplayPort | 2 x HDMI | 
Dell U2518D,Dell ,U2518D ,"25"" ",2560 x 1440 ,60 Hz ,5 ms ,IPS ,16:9 ,,350 cd/m² ,0.216 mm ,Yes ,No ,None ,No ,,178° H x 178° V , 1 x DisplayPort | 1 x Mini-DisplayPort | 1 x HDMI | 
Dell SE2419H,Dell ,SE2419H ,"23.81"" ",1920 x 1080 ,60 Hz ,5 ms ,IPS ,16:9 ,Silver / Black ,250 cd/m² ,0.275 mm ,Yes ,No ,None ,No ,,178° H x 178° V , 1 x HDMI | 1 x VGA | 
LG 27UL850-W,LG , 27UL850-W | 27UL850-W.AEU | 27UL850 | ,"27"" ",3840 x 2160 ,60 Hz ,5 ms ,IPS ,16:9 ,White ,350 cd/m² ,0.156 mm ,Yes ,No ,FreeSync ,Yes ,,178° H x 178° V , 1 x DisplayPort | 2 x HDMI | 
ViewSonic ELITE XG270QG,ViewSonic ,XG270QG ,"27"" ",2560 x 1440 ,165 Hz ,1 ms ,IPS ,16:9 ,Black ,350 cd/m² ,0.233 mm ,Yes ,No ,G-Sync ,No ,,178° H x 178° V ,1 x DisplayPort 
LG 27MK400H-B,LG ,27MK400H-B ,"27"" ",1920 x 1080 ,60 Hz ,2 ms ,TN ,16:9 ,Black ,300 cd/m² ,0.311 mm ,Yes ,No ,FreeSync ,No ,,170° H x 160° V , 1 x HDMI | 1 x VGA | 
Planar PXN2490MW,Planar ,998-0661-00 ,"23.8"" ",2560 x 1440 ,60 Hz ,6 ms ,IPS ,16:9 ,Black ,300 cd/m² ,0.206 mm ,Yes ,No ,None ,Yes ,,178° H x 178° V , 1 x DisplayPort | 1 x DVI-D Dual Link | 1 x HDMI | 
LG 27MK430H-B,LG , 27MK430H-B | 27MK430H-B.AEU | 27MK430H-B.AUS | ,"27"" ",1920 x 1080 ,75 Hz ,,IPS ,16:9 ,,250 cd/m² ,0.311 mm ,Yes ,No ,FreeSync ,No ,100 x 100 ,178° H x 178° V , 1 x HDMI | 1 x VGA | 
LG 27MP450-B,LG , 27MP450-B | 27MP450-B.AEU | ,"27"" ",1920 x 1080 ,75 Hz ,5 ms ,IPS ,16:9 ,,250 cd/m² ,0.311 mm ,Yes ,No ,FreeSync ,No ,75 x 75 ,178° H x 178° V , 1 x DisplayPort | 1 x HDMI | 1 x VGA | 
LG 32UP550-W,LG , 32UP550-W | 32UP550-W.AEU | ,"32"" ",3840 x 2160 ,60 Hz ,4 ms ,VA ,16:9 ,,350 cd/m² ,0.184 mm ,Yes ,No ,FreeSync ,Yes ,100 x 100 ,178° H x 178° V , 1 x DisplayPort | 2 x HDMI | 1 x USB Type-C | 
Gigabyte M28U Arm Edition,Gigabyte , M28U AE | M28U AE-SA | 20VM0-M28UAEBA-1EKR | M28U AE EK | ,"28"" ",3840 x 2160 ,144 Hz ,1 ms ,IPS ,16:9 ,Black ,300 cd/m² ,0.161 mm ,Yes ,No ,FreeSync Premium Pro ,Yes ,100 x 100 ,178° H x 178° V , 1 x DisplayPort 1.4 | 2 x HDMI 2.1 | 
Lenovo 66C9UAC1EU,Lenovo ,66C9UAC1EU ,"31.5"" ",3840 x 2160 ,60 Hz ,,IPS ,16:9 ,Black ,,0.182 mm ,Yes ,No ,FreeSync ,Yes ,,178° H x 178° V , 1 x DisplayPort 1.2 | 1 x HDMI 2.0 | 1 x USB Type-C 3.2 Gen 1 | 
Asus VA24DQF,Asus , 90LM0541-B033B0 | VA24DQF | 90LM0541-B03370 | ,"23.8"" ",1920 x 1080 ,100 Hz ,,IPS ,16:9 ,Black ,250 cd/m² ,0.274 mm ,Yes ,No ,FreeSync ,Yes ,100 x 100 ,178° H x 178° V , 1 x DisplayPort 1.2 | 1 x HDMI 1.4 | 
HP E24t G5,HP ,6N6E6AA#ABA ,"23.8"" ",1920 x 1080 ,75 Hz ,5 ms ,IPS ,16:9 ,Silver ,300 cd/m² ,0.274 mm ,Yes ,No ,None ,No ,100 x 100 ,178° H x 178° V , 1 x DisplayPort 1.2 | 1 x HDMI 1.4 | 
Lenovo ThinkCentre TIO Flex 22i,Lenovo ,12BLMAR6US ,"21.5"" ",1920 x 1080 ,60 Hz ,4 ms ,IPS ,16:9 ,Black / Red ,250 cd/m² ,0.248 mm ,Yes ,No ,None ,No ,,178° H x 178° V , 1 x DisplayPort 1.2 | 1 x HDMI 1.4 | 1 x VGA | 
LG 27BL650C-B,LG , 27BL650C-B | 27BL650C-B.AEU | ,"27"" ",1920 x 1080 ,75 Hz ,5 ms ,IPS ,16:9 ,Black ,250 cd/m² ,0.311 mm ,Yes ,No ,None ,Yes ,100 x 100 ,178° H x 178° V , 1 x DisplayPort 1.2 | 1 x HDMI 1.4 | 1 x USB Type-C | 
Philips 272B1G,Philips , 272B1G | 272B1G/27 | ,"27"" ",1920 x 1080 ,75 Hz ,4 ms ,IPS ,16:9 ,Black ,250 cd/m² ,0.311 mm ,Yes ,No ,None ,No ,100 x 100 ,178° H x 178° V ,
Samsung E1920NR,Samsung ,E1920NR ,"19"" ",1280 x 1024 ,,5 ms ,,5:4 ,,250 cd/m² ,0.294 mm ,No ,No ,None ,No ,75 x 75 ,170° H x 160° V ,1 x VGA 
Samsung S24A350H,Samsung ,S24A350H ,"24"" ",1920 x 1080 ,,2 ms ,,16:9 ,,250 cd/m² ,0.277 mm ,Yes ,No ,None ,No ,,170° H x 160° V , 1 x HDMI | 1 x VGA | 
Samsung PX2370,Samsung ,PX2370 ,"23"" ",1920 x 1080 ,,2 ms ,TN ,16:9 ,,250 cd/m² ,0.265 mm ,Yes ,No ,None ,No ,,170° H x 160° V , 1 x DVI | 1 x HDMI | 
Acer V193WEJb,Acer ,ET.CV3WP.E05 ,"19"" ",1440 x 900 ,,5 ms ,,16:10 ,,250 cd/m² ,0.284 mm ,Yes ,No ,None ,No ,100 x 100 ,160° H x 160° V ,1 x VGA 
Asus VH236H,Asus ,VH236H ,"23"" ",1920 x 1080 ,,2 ms ,,16:9 ,,300 cd/m² ,0.265 mm ,Yes ,No ,None ,Yes ,,160° H x 160° V , 1 x DVI | 1 x HDMI | 1 x VGA | 
Asus VH242H,Asus ,VH242H ,"23.6"" ",1920 x 1080 ,,5 ms ,TN ,16:9 ,,300 cd/m² ,0.272 mm ,Yes ,No ,None ,Yes ,100 x 100 ,170° H x 160° V , 1 x DVI | 1 x HDMI | 1 x VGA | 
Asus VH238H,Asus ,VH238H ,"23"" ",1920 x 1080 ,,2 ms ,,16:9 ,,250 cd/m² ,0.265 mm ,Yes ,No ,None ,Yes ,100 x 100 ,170° H x 160° V , 1 x DVI | 1 x HDMI | 1 x VGA | 
Asus VW226T-TAA,Asus ,VW226T-TAA ,"22"" ",1680 x 1050 ,,5 ms ,,16:10 ,,250 cd/m² ,0.282 mm ,Yes ,No ,None ,Yes ,100 x 100 ,170° H x 160° V , 1 x DVI | 1 x VGA | 
Asus VE278Q,Asus ,VE278Q ,"27"" ",1920 x 1080 ,,2 ms ,,16:9 ,,300 cd/m² ,0.311 mm ,Yes ,No ,None ,Yes ,100 x 100 ,170° H x 160° V , 1 x DisplayPort | 1 x DVI | 1 x HDMI | 1 x VGA | 
NEC LCD2190UXp-BK,NEC ,LCD2190UXp-BK ,"21.3"" ",1600 x 1200 ,,16 ms ,,4:3 ,,300 cd/m² ,0.271 mm ,No ,No ,None ,No ,100 x 100 ,178° H x 178° V , 1 x DVI | 1 x VGA | 
HP ZR30w,HP ,VM617A8#ABA ,"30"" ",2560 x 1600 ,,7 ms ,IPS ,16:10 ,,370 cd/m² ,0.252 mm ,Yes ,No ,None ,Yes ,,178° H x 178° V , 1 x DisplayPort | 1 x DVI | 
HP 2511x,HP ,XP599AA#ABA ,"25"" ",1920 x 1080 ,,5 ms ,TN ,16:9 ,,250 cd/m² ,0.288 mm ,Yes ,No ,None ,No ,,170° H x 160° V , 1 x DVI | 1 x HDMI | 1 x VGA | 
HP LA1951G,HP ,EM890A8#ABA ,"19"" ",1280 x 1024 ,,5 ms ,,5:4 ,,250 cd/m² ,0.294 mm ,No ,No ,None ,No ,,160° H x 160° V , 1 x DVI | 1 x VGA | 
Lenovo L2440p,Lenovo ,4420HB2 ,"24"" ",1920 x 1200 ,,5 ms ,,16:10 ,,300 cd/m² ,0.269 mm ,Yes ,No ,None ,No ,100 x 100 ,170° H x 160° V , 1 x DVI | 1 x VGA | 
Gateway FHX2402Lbid,Gateway ,FHX2402Lbid ,"24"" ",1920 x 1080 ,,5 ms ,TN ,16:9 ,,250 cd/m² ,0.277 mm ,Yes ,No ,None ,No ,,170° H x 160° V , 1 x DVI | 1 x HDMI | 1 x VGA | 
Sceptre E246W-1080P,Sceptre ,E246W-1080P ,"23.6"" ",1920 x 1080 ,,2 ms ,,16:9 ,,250 cd/m² ,0.272 mm ,Yes ,No ,None ,Yes ,,170° H x 160° V , 1 x DVI | 1 x HDMI | 1 x VGA | 
Planar PL1920M,Planar ,997-5956-00 ,"19"" ",1280 x 1024 ,,5 ms ,,5:4 ,,300 cd/m² ,0.294 mm ,No ,No ,None ,Yes ,100 x 100 ,170° H x 160° V , 1 x Component | 1 x S-Video | 1 x VGA | 
HP S2031,HP ,WJ676AA#ABA ,"20"" ",1600 x 900 ,,5 ms ,,16:9 ,,250 cd/m² ,0.277 mm ,Yes ,No ,None ,No ,100 x 100 ,, 1 x DVI | 1 x VGA | 
LG W1943SS-PF,LG ,W1943SS-PF ,"18.5"" ",1366 x 768 ,,5 ms ,,16:9 ,,250 cd/m² ,0.3 mm ,Yes ,No ,None ,No ,75 x 75 ,170° H x 160° V ,1 x VGA 
Asus PA238Q,Asus ,PA238Q ,"23"" ",1920 x 1080 ,,6 ms ,IPS ,16:9 ,,250 cd/m² ,0.265 mm ,Yes ,No ,None ,No ,100 x 100 ,178° H x 178° V , 1 x DisplayPort | 1 x DVI | 1 x HDMI | 1 x VGA | 
Acer S220HQLAbd,Acer ,ET.WS0HP.A01 ,"21.5"" ",1920 x 1080 ,60 Hz ,5 ms ,TN ,16:9 ,,250 cd/m² ,0.248 mm ,Yes ,No ,None ,No ,,170° H x 160° V , 1 x DVI | 1 x VGA | 
DoubleSight DS-1900SA,DoubleSight ,DS-1900SA ,"19"" ",1280 x 1024 ,,5 ms ,,5:4 ,,300 cd/m² ,0.294 mm ,No ,No ,None ,Yes ,,150° H x 135° V , 1 x DVI | 1 x VGA | 
Dell ST2220L,Dell , 320-1629 | ST2220L | ,"21.5"" ",1920 x 1080 ,,5 ms ,,16:9 ,,250 cd/m² ,0.248 mm ,Yes ,No ,None ,No ,,170° H x 160° V , 1 x DVI | 1 x HDMI | 1 x VGA | 
Dell ST2421L,Dell ,ST2421L ,"24"" ",1920 x 1080 ,,5 ms ,TN ,16:9 ,,250 cd/m² ,0.277 mm ,Yes ,No ,None ,No ,100 x 100 ,170° H x 160° V , 1 x DVI | 1 x HDMI | 1 x VGA | 
Dell IN2030M,Dell , 320-2457 | IN2030M | ,"20"" ",1600 x 900 ,60 Hz ,5 ms ,TN ,16:9 ,,250 cd/m² ,0.277 mm ,Yes ,No ,None ,No ,,170° H x 160° V , 1 x DVI | 1 x VGA | 
AOC i2353Ph,AOC ,i2353Ph ,"23"" ",1920 x 1080 ,60 Hz ,5 ms ,,16:9 ,,250 cd/m² ,0.265 mm ,Yes ,No ,None ,Yes ,,178° H x 178° V , 2 x HDMI | 1 x VGA | 
Asus PA248Q,Asus , PA248Q | 90LMG0150Q00081C- | ,"24.1"" ",1920 x 1200 ,,6 ms ,IPS ,16:10 ,,300 cd/m² ,0.27 mm ,Yes ,No ,None ,No ,100 x 100 ,178° H x 178° V , 1 x DisplayPort | 1 x DVI | 1 x HDMI | 1 x VGA | 
BenQ GW2750HM,BenQ ,GW2750HM ,"27"" ",1920 x 1080 ,,4 ms ,,16:9 ,,300 cd/m² ,0.311 mm ,Yes ,No ,None ,Yes ,100 x 100 ,178° H x 178° V , 1 x DVI | 1 x HDMI | 1 x VGA | 
Samsung S22B300B,Samsung ,S22B300B ,"21.5"" ",1920 x 1080 ,60 Hz ,5 ms ,TN ,16:9 ,,250 cd/m² ,0.248 mm ,Yes ,No ,None ,No ,,170° H x 160° V , 1 x DVI | 1 x VGA | 
Samsung S24B300EL,Samsung ,S24B300EL ,"23.6"" ",1920 x 1080 ,,5 ms ,TN ,16:9 ,,200 cd/m² ,0.272 mm ,Yes ,No ,None ,No ,,90° H x 65° V , 1 x HDMI | 1 x VGA | 
BenQ GW2250,BenQ ,GW2250 ,"21.5"" ",1920 x 1080 ,,4 ms ,,16:9 ,,250 cd/m² ,0.248 mm ,Yes ,No ,None ,No ,100 x 100 ,178° H x 178° V , 1 x DVI | 1 x VGA | 
Acer G246HLAbd,Acer ,UM.FG6AA.A01 ,"24"" ",1920 x 1080 ,60 Hz ,5 ms ,TN ,16:9 ,,250 cd/m² ,0.277 mm ,Yes ,No ,None ,No ,,, 1 x DVI | 1 x VGA | 
Acer V203HLBJObd,Acer ,UM.DV3AA.B01 ,"20"" ",1600 x 900 ,60 Hz ,5 ms ,TN ,16:9 ,,250 cd/m² ,0.277 mm ,Yes ,No ,None ,No ,,, 1 x DVI | 1 x VGA | 
NEC EX231WP-BK,NEC ,EX231wp-bk ,"23"" ",1920 x 1080 ,,25 ms ,,16:9 ,,250 cd/m² ,0.265 mm ,Yes ,No ,None ,No ,100 x 100 ,178° H x 178° V , 1 x DisplayPort | 1 x DVI | 
LG E1942S-BN,LG ,E1942S-BN ,"18.5"" ",1360 x 768 ,,5 ms ,,16:9 ,,250 cd/m² ,0.301 mm ,Yes ,No ,None ,No ,75 x 75 ,170° H x 160° V ,1 x VGA 
Dell E1913S,Dell ,469-3132 ,"19"" ",1280 x 1024 ,60 Hz ,5 ms ,,5:4 ,,250 cd/m² ,0.294 mm ,No ,No ,None ,No ,100 x 100 ,170° H x 160° V ,1 x VGA 
Dell E2213,Dell ,469-3135 ,"22"" ",1680 x 1050 ,60 Hz ,5 ms ,TN ,16:10 ,,250 cd/m² ,0.282 mm ,Yes ,No ,None ,No ,100 x 100 ,170° H x 160° V , 1 x DVI | 1 x VGA | 
ViewSonic VA2212M-LED,ViewSonic ,VA2212M-LED ,"22"" ",1920 x 1080 ,,5 ms ,,16:9 ,,250 cd/m² ,0.254 mm ,Yes ,No ,None ,Yes ,100 x 100 ,170° H x 160° V , 1 x DVI | 1 x VGA | 
AOC e2450Swd,AOC ,e2450Swd ,"23.6"" ",1920 x 1080 ,60 Hz ,5 ms ,,16:9 ,,300 cd/m² ,0.272 mm ,Yes ,No ,None ,No ,75 x 75 ,170° H x 160° V , 1 x DVI | 1 x VGA | 
HP LV1911,HP ,A5V72AA#ABA ,"18.5"" ",1366 x 768 ,60 Hz ,5 ms ,,16:9 ,,200 cd/m² ,0.3 mm ,Yes ,No ,None ,No ,100 x 100 ,90° H x 50° V ,1 x VGA 
AOC e2752Vh,AOC ,e2752Vh ,"27"" ",1920 x 1080 ,60 Hz ,2 ms ,,16:9 ,,300 cd/m² ,0.311 mm ,Yes ,No ,None ,Yes ,100 x 100 ,170° H x 160° V , 1 x DVI | 1 x HDMI | 1 x VGA | 
Lenovo LT1952p,Lenovo ,2448MB6 ,"19"" ",1440 x 900 ,,5 ms ,,16:10 ,,250 cd/m² ,0.284 mm ,Yes ,No ,None ,No ,100 x 100 ,170° H x 160° V , 1 x DisplayPort | 1 x DVI | 1 x VGA | 
V7 LED236W3R-HDMI,V7 ,LED236W3R-HDMI ,"24"" ",1920 x 1080 ,,5 ms ,,16:9 ,,250 cd/m² ,0.277 mm ,Yes ,No ,None ,No ,,170° H x 160° V , 1 x HDMI | 1 x VGA | 
Dell S2240L,Dell ,S2240L ,"21.5"" ",1920 x 1080 ,60 Hz ,7 ms ,IPS ,16:9 ,,250 cd/m² ,0.248 mm ,Yes ,No ,None ,No ,,178° H x 178° V , 1 x HDMI | 1 x VGA | 
Acer G206HLBbd,Acer ,UM.DG6AA.B01 ,"20"" ",1600 x 900 ,60 Hz ,5 ms ,TN ,16:9 ,,200 cd/m² ,0.277 mm ,Yes ,No ,None ,No ,,, 1 x DVI | 1 x VGA | 
Dell S2340L,Dell ,S2340L ,"23"" ",1920 x 1080 ,60 Hz ,7 ms ,IPS ,16:9 ,,250 cd/m² ,0.265 mm ,Yes ,No ,None ,No ,,178° H x 178° V , 1 x HDMI | 1 x VGA | 
Zalman MZ240ED,Zalman ,MZ240ED ,"24"" ",1920 x 1080 ,,5 ms ,,16:9 ,,250 cd/m² ,0.277 mm ,Yes ,No ,None ,Yes ,,170° H x 160° V , 1 x DVI | 1 x VGA | 
ViewSonic VX2770Smh-LED,ViewSonic ,VX2770Smh-LED ,"27"" ",1920 x 1080 ,,7 ms ,IPS ,16:9 ,,250 cd/m² ,0.311 mm ,Yes ,No ,None ,Yes ,,178° H x 178° V , 1 x DVI | 1 x HDMI | 1 x VGA | 
Dell U2713HM,Dell ,U2713HM ,"27"" ",2560 x 1440 ,60 Hz ,8 ms ,IPS ,16:9 ,,350 cd/m² ,0.233 mm ,Yes ,No ,None ,No ,100 x 100 ,178° H x 178° V , 1 x DisplayPort | 1 x DVI | 1 x HDMI | 1 x VGA | 
Asus VE198TL,Asus ,VE198TL ,"19"" ",1440 x 900 ,,5 ms ,,16:10 ,,250 cd/m² ,0.284 mm ,Yes ,No ,None ,Yes ,100 x 100 ,170° H x 160° V , 1 x DVI | 1 x VGA | 
DoubleSight DS-1700-R,DoubleSight ,DS-1700-R ,"17"" ",2560 x 1024 ,75 Hz ,8 ms ,,5:2 ,,300 cd/m² ,0.157 mm ,Yes ,No ,None ,No ,,, 2 x DVI | 1 x VGA | 
Asus VS207D-P,Asus ,VS207D-P ,"19.5"" ",1600 x 900 ,,5 ms ,TN ,16:9 ,,250 cd/m² ,0.27 mm ,Yes ,No ,None ,No ,75 x 75 ,170° H x 160° V ,1 x VGA 
Acer V246HLbd,Acer ,UM.FV6AA.003 ,"24"" ",1920 x 1080 ,60 Hz ,5 ms ,TN ,16:9 ,,250 cd/m² ,0.277 mm ,Yes ,No ,None ,No ,,, 1 x DVI | 1 x VGA | 
Acer V226HQLAbmdp,Acer ,UM.WV6AA.A03 ,"21.5"" ",1920 x 1080 ,60 Hz ,8 ms ,TN ,16:9 ,,250 cd/m² ,0.248 mm ,Yes ,No ,None ,Yes ,,178° H x 178° V , 1 x DisplayPort | 1 x DVI | 1 x VGA | 
HP Envy 27,HP ,NV27 ,"27"" ",1920 x 1080 ,60 Hz ,7 ms ,IPS ,16:9 ,,250 cd/m² ,0.311 mm ,Yes ,No ,None ,Yes ,,, 1 x DisplayPort | 1 x HDMI | 1 x VGA | 
LG 19EN33S-B,LG ,19EN33S-B ,"18.5"" ",1366 x 768 ,,,TN ,16:9 ,,200 cd/m² ,0.3 mm ,Yes ,No ,None ,No ,75 x 75 ,90° H x 65° V ,1 x VGA 
LG 24EA53V-P,LG ,24EA53V-P ,"23.8"" ",1920 x 1080 ,60 Hz ,5 ms ,IPS ,16:9 ,,250 cd/m² ,0.274 mm ,Yes ,No ,None ,No ,100 x 100 ,178° H x 178° V , 1 x DVI | 1 x HDMI | 1 x VGA | 
Lenovo LI2721S,Lenovo ,18200587 ,"27"" ",1920 x 1080 ,60 Hz ,14 ms ,IPS ,16:9 ,,250 cd/m² ,0.311 mm ,Yes ,No ,None ,No ,100 x 100 ,178° H x 178° V , 1 x DVI | 1 x HDMI | 1 x VGA | 
NEC EA234WMI-BK,NEC ,EA234WMI-BK ,"23"" ",1920 x 1080 ,75 Hz ,6 ms ,,16:9 ,,250 cd/m² ,0.265 mm ,Yes ,No ,None ,Yes ,100 x 100 ,,1 x VGA 
Philips 190V4LSB,Philips ,190V4LSB ,"19"" ",1440 x 900 ,60 Hz ,5 ms ,,16:10 ,,250 cd/m² ,0.284 mm ,Yes ,No ,None ,No ,100 x 100 ,170° H x 160° V , 1 x DVI | 1 x VGA | 
Acer B276HULymiidprz,Acer ,UM.HB6AA.002 ,"27"" ",2560 x 1440 ,60 Hz ,6 ms ,IPS ,16:9 ,,350 cd/m² ,0.233 mm ,Yes ,No ,None ,Yes ,,178° H x 178° V , 1 x DisplayPort | 1 x DVI | 2 x HDMI | 
HP 23xi,HP ,23xi ,"23"" ",1920 x 1080 ,60 Hz ,7 ms ,IPS ,16:9 ,,250 cd/m² ,0.265 mm ,Yes ,No ,None ,Yes ,,178° H x 178° V , 1 x DVI | 1 x HDMI | 1 x VGA | 
Acer S200HQLbd,Acer ,UM.IS0AA.002 ,"19.5"" ",1600 x 900 ,60 Hz ,5 ms ,,16:9 ,,250 cd/m² ,0.27 mm ,Yes ,No ,None ,No ,,170° H x 160° V , 1 x DVI | 1 x VGA | 
Asus VN279Q,Asus ,VN279Q ,"27"" ",1920 x 1080 ,,5 ms ,TN ,16:9 ,,300 cd/m² ,0.311 mm ,Yes ,No ,None ,Yes ,100 x 100 ,178° H x 178° V , 1 x DisplayPort | 1 x HDMI | 1 x VGA | 
Dell E1914H,Dell ,E1914H ,"18.5"" ",1366 x 768 ,,5 ms ,TN ,16:9 ,,200 cd/m² ,0.3 mm ,Yes ,No ,None ,No ,100 x 100 ,90° H x 65° V ,1 x VGA 
LG 22EA53VQ,LG ,22EA53VQ ,"21.5"" ",1920 x 1080 ,60 Hz ,5 ms ,IPS ,16:9 ,,,0.248 mm ,Yes ,No ,None ,No ,,178° H x 178° V , 1 x DVI-D Single Link | 1 x HDMI | 1 x VGA | 
Samsung S24B240K,Samsung ,S24B240K ,"23.6"" ",1920 x 1080 ,60 Hz ,5 ms ,TN ,16:9 ,,250 cd/m² ,0.272 mm ,Yes ,No ,None ,No ,,170° H x 160° V , 1 x DVI | 1 x VGA | 
Asus MX299Q,Asus , MX299Q | 90LM0080-B01170 | ,"29"" ",2560 x 1080 ,,5 ms ,IPS ,21:9 ,,300 cd/m² ,0.265 mm ,Yes ,No ,None ,Yes ,,178° H x 178° V , 1 x DisplayPort | 1 x DVI | 1 x HDMI | 
Asus VN279QL,Asus ,VN279QL ,"27"" ",1920 x 1080 ,,5 ms ,TN ,16:9 ,,300 cd/m² ,0.311 mm ,Yes ,No ,None ,Yes ,100 x 100 ,178° H x 178° V , 1 x DisplayPort | 1 x HDMI | 1 x VGA | 
BenQ GL2023A,BenQ ,GL2023A ,"19.5"" ",1600 x 900 ,60 Hz ,5 ms ,TN ,16:9 ,,200 cd/m² ,0.27 mm ,Yes ,No ,None ,No ,100 x 100 ,90° H x 50° V ,1 x VGA 
Lenovo 60ABAAR1US,Lenovo ,60ABAAR1US ,"19.5"" ",1600 x 900 ,,,TN ,16:9 ,,200 cd/m² ,0.27 mm ,Yes ,No ,None ,No ,100 x 100 ,,1 x VGA 
3M M2467PW,3M ,98-0003-3786-9 ,"24"" ",1920 x 1080 ,,16 ms ,,16:9 ,,250 cd/m² ,0.277 mm ,Yes ,No ,None ,Yes ,100 x 200 ,178° H x 178° V , 1 x DisplayPort | 1 x HDMI | 1 x VGA | 
HP ProDisplay Smartbuy P231,HP ,E4S07A8#ABA ,"23"" ",1920 x 1080 ,60 Hz ,5 ms ,TN ,16:9 ,,250 cd/m² ,0.265 mm ,Yes ,No ,None ,No ,100 x 100 ,170° H x 160° V , 1 x DVI | 1 x VGA | 
LG 19M35D-B,LG ,19M35D-B ,"18.5"" ",1366 x 768 ,60 Hz ,5 ms ,TN ,16:9 ,,200 cd/m² ,0.3 mm ,Yes ,No ,None ,No ,75 x 75 ,90° H x 65° V , 1 x DVI | 1 x VGA | 
AOC G2460PQU,AOC ,G2460PQU ,"24"" ",1920 x 1080 ,144 Hz ,1 ms ,TN ,16:9 ,,350 cd/m² ,0.277 mm ,Yes ,No ,None ,Yes ,100 x 100 ,170° H x 160° V , 1 x DisplayPort | 1 x DVI | 1 x HDMI | 1 x VGA | 
LG 23MP55HQ-P,LG ,23MP55HQ-P ,"23"" ",1920 x 1080 ,60 Hz ,5 ms ,IPS ,16:9 ,,250 cd/m² ,0.265 mm ,Yes ,No ,None ,No ,100 x 100 ,178° H x 178° V , 1 x HDMI | 1 x VGA | 
LG 24MB35PY-B,LG ,24MB35PY-B ,"23.8"" ",1920 x 1080 ,60 Hz ,5 ms ,IPS ,16:9 ,,250 cd/m² ,0.274 mm ,Yes ,No ,None ,Yes ,100 x 100 ,178° H x 178° V , 1 x DisplayPort | 1 x DVI | 1 x VGA | 
Samsung S22D300NY,Samsung ,S22D300NY ,"21.5"" ",1920 x 1080 ,60 Hz ,5 ms ,TN ,16:9 ,,200 cd/m² ,0.248 mm ,Yes ,No ,None ,No ,,90° H x 65° V ,1 x VGA 
Samsung S24D390HL,Samsung ,S24D390HL ,"23.6"" ",1920 x 1080 ,60 Hz ,5 ms ,PLS ,16:9 ,,250 cd/m² ,0.272 mm ,Yes ,No ,None ,No ,,178° H x 178° V , 1 x HDMI | 1 x VGA | 
Lenovo 60B8AAR6US,Lenovo ,60B8AAR6US ,"18.5"" ",1366 x 768 ,60 Hz ,5 ms ,TN ,16:9 ,,250 cd/m² ,0.3 mm ,Yes ,No ,None ,No ,100 x 100 ,170° H x 170° V ,1 x VGA 
LG 24GM77,LG , 24GM77 | 24GM77-B | 24GM77-B.AEU | ,"24"" ",1920 x 1080 ,144 Hz ,1 ms ,TN ,16:9 ,,350 cd/m² ,0.277 mm ,Yes ,No ,None ,No ,100 x 100 ,170° H x 160° V , 1 x DisplayPort | 1 x DVI | 2 x HDMI | 1 x VGA | 
Dell P2715Q,Dell ,P2715Q ,"27"" ",3840 x 2160 ,60 Hz ,6 ms ,IPS ,16:9 ,,350 cd/m² ,0.156 mm ,Yes ,No ,None ,No ,,178° H x 178° V , 1 x DisplayPort | 1 x Mini-DisplayPort | 1 x HDMI | 
LG 29UB55-B,LG ,29UB55-B ,"29"" ",2560 x 1080 ,60 Hz ,,IPS ,21:9 ,,250 cd/m² ,0.265 mm ,Yes ,No ,None ,Yes ,100 x 100 ,178° H x 178° V , 1 x DisplayPort | 1 x DVI | 2 x HDMI | 
AOC E2476VWM6,AOC ,E2476VWM6 ,"23.6"" ",1920 x 1080 ,60 Hz ,1 ms ,TN ,16:9 ,,250 cd/m² ,0.272 mm ,Yes ,No ,None ,No ,100 x 100 ,170° H x 160° V , 1 x DVI | 1 x HDMI | 1 x VGA | 
Asus PB279Q,Asus , PB279Q | 90LM00W0-B011B0 | ,"27"" ",3840 x 2160 ,60 Hz ,5 ms ,IPS ,16:9 ,,300 cd/m² ,0.156 mm ,Yes ,No ,None ,Yes ,,178° H x 178° V , 1 x DisplayPort | 1 x Mini-DisplayPort | 1 x HDMI | 
Philips 223V5LSB,Philips ,223V5LSB ,"21.5"" ",1920 x 1080 ,60 Hz ,5 ms ,TN ,16:9 ,,250 cd/m² ,0.248 mm ,Yes ,No ,None ,No ,,170° H x 160° V , 1 x DVI | 1 x VGA | 
HP 24UH,HP ,24UH ,"24"" ",1920 x 1080 ,60 Hz ,5 ms ,TN ,16:9 ,,250 cd/m² ,0.277 mm ,Yes ,No ,None ,No ,,170° H x 160° V , 1 x DVI | 1 x HDMI | 1 x VGA | 
LG 24M47VQ,LG ,24M47VQ ,"24"" ",1920 x 1080 ,60 Hz ,2 ms ,TN ,16:9 ,,250 cd/m² ,0.277 mm ,Yes ,No ,None ,No ,,170° H x 160° V , 1 x HDMI | 1 x VGA | 
LG 24MC57HQ-P,LG ,24MC57HQ-P ,"23.8"" ",1920 x 1080 ,60 Hz ,5 ms ,IPS ,16:9 ,,250 cd/m² ,0.274 mm ,Yes ,No ,None ,No ,100 x 100 ,178° H x 178° V , 1 x HDMI | 1 x VGA | 
Philips 272S4LPJCB/27,Philips ,272S4LPJCB/27 ,"27"" ",2560 x 1440 ,60 Hz ,5 ms ,TN ,16:9 ,,350 cd/m² ,0.233 mm ,Yes ,No ,None ,Yes ,100 x 100 ,170° H x 160° V , 1 x DisplayPort | 1 x DVI | 1 x VGA | 
Asus PB328Q,Asus , PB328Q | 90LM01A0-B01370 | ,"32"" ",2560 x 1440 ,75 Hz ,4 ms ,VA ,16:9 ,,300 cd/m² ,0.277 mm ,Yes ,No ,None ,Yes ,,178° H x 178° V , 1 x DisplayPort | 1 x DVI | 1 x HDMI | 1 x VGA | 
Philips 247E6BDAD,Philips ,247E6BDAD ,"23.6"" ",1920 x 1080 ,60 Hz ,2 ms ,TN ,16:9 ,,250 cd/m² ,0.272 mm ,Yes ,No ,None ,Yes ,,170° H x 160° V , 1 x DVI | 1 x HDMI | 1 x VGA | 
ViewSonic VA2209,ViewSonic ,VA2209 ,"21.5"" ",1920 x 1080 ,60 Hz ,5 ms ,TN ,16:9 ,,,0.248 mm ,Yes ,No ,None ,No ,,170° H x 160° V , 1 x DVI | 1 x VGA | 
Crossover 2795 QHD,Crossover ,2795 QHD AHIPS LED ,"27"" ",2560 x 1440 ,60 Hz ,6 ms ,IPS ,16:9 ,,350 cd/m² ,0.233 mm ,Yes ,No ,None ,No ,,178° H x 178° V ,1 x DVI-D Dual Link 
Asus VN289QR,Asus ,VN289QR ,"28"" ",1920 x 1080 ,60 Hz ,5 ms ,IPS ,16:9 ,,300 cd/m² ,0.323 mm ,Yes ,No ,None ,Yes ,,178° H x 178° V , 1 x DisplayPort | 1 x DVI | 1 x HDMI | 1 x VGA | 
Asus VE228H-R,Asus ,VE228H-R ,"21.5"" ",1920 x 1080 ,60 Hz ,5 ms ,TN ,16:9 ,,250 cd/m² ,0.248 mm ,Yes ,No ,None ,Yes ,,170° H x 160° V , 1 x DVI | 1 x HDMI | 1 x VGA | 
ViewSonic VA2452Sm,ViewSonic ,VA2452Sm ,"23.6"" ",1920 x 1080 ,60 Hz ,7 ms ,VA ,16:9 ,,250 cd/m² ,0.272 mm ,Yes ,No ,None ,Yes ,,178° H x 178° V , 1 x DisplayPort | 1 x DVI | 1 x VGA | 
Nixeus NX-VUE24A,Nixeus ,NX-VUE24A ,"24"" ",1920 x 1080 ,144 Hz ,1 ms ,TN ,16:9 ,,300 cd/m² ,0.277 mm ,Yes ,No ,FreeSync ,Yes ,,170° H x 160° V , 1 x DisplayPort | 1 x DVI | 1 x HDMI | 1 x VGA | 
Acer K272HUL,Acer ,UM.HX2AA.C01 ,"27"" ",2560 x 1440 ,75 Hz ,6 ms ,TN ,16:9 ,,350 cd/m² ,0.233 mm ,Yes ,No ,None ,Yes ,,170° H x 160° V , 1 x DisplayPort | 1 x DVI | 1 x HDMI | 
Dell S2316M,Dell ,S2316M ,"23"" ",1920 x 1080 ,60 Hz ,6 ms ,IPS ,16:9 ,,250 cd/m² ,0.265 mm ,Yes ,No ,None ,No ,,178° H x 178° V , 1 x DVI | 1 x VGA | 
LG 23MP67VQ,LG ,23MP67VQ ,"23"" ",1920 x 1080 ,60 Hz ,5 ms ,IPS ,16:9 ,,250 cd/m² ,0.265 mm ,Yes ,No ,None ,No ,,178° H x 178° V , 1 x DVI | 1 x HDMI | 1 x VGA | 
Dell SE2716H,Dell ,SE2716H ,"27"" ",1920 x 1080 ,60 Hz ,6 ms ,VA ,16:9 ,,300 cd/m² ,0.311 mm ,Yes ,No ,None ,Yes ,,178° H x 178° V , 2 x HDMI | 1 x VGA | 
HP V193b,HP ,L4S23A6#ABA ,"18.5"" ",1366 x 768 ,60 Hz ,5 ms ,TN ,16:9 ,,200 cd/m² ,0.3 mm ,Yes ,No ,None ,No ,,90° H x 65° V ,1 x VGA 
Samsung S19E200BR,Samsung ,S19E200BR ,"19"" ",1280 x 1024 ,60 Hz ,5 ms ,TN ,5:4 ,,250 cd/m² ,0.294 mm ,No ,No ,None ,No ,,170° H x 160° V , 1 x DVI | 1 x VGA | 
ViewSonic VA2409,ViewSonic ,VA2409 ,"23.6"" ",1920 x 1080 ,60 Hz ,5 ms ,TN ,16:9 ,,250 cd/m² ,0.272 mm ,Yes ,No ,None ,No ,,170° H x 160° V , 1 x DVI | 1 x VGA | 
BenQ GW2470H,BenQ ,GW2470H ,"23.8"" ",1920 x 1080 ,60 Hz ,4 ms ,VA ,16:9 ,,250 cd/m² ,0.274 mm ,Yes ,No ,None ,No ,,178° H x 178° V , 2 x HDMI | 1 x VGA | 
HP Z23n,HP ,M2J79A8#ABA ,"23"" ",1920 x 1080 ,60 Hz ,7 ms ,IPS ,16:9 ,,250 cd/m² ,0.265 mm ,Yes ,No ,None ,Yes ,,178° H x 178° V , 1 x DisplayPort | 1 x HDMI | 1 x VGA | 
Lenovo T2054p,Lenovo ,60D9MAR2US ,"19.5"" ",1440 x 900 ,60 Hz ,7 ms ,IPS ,16:10 ,,250 cd/m² ,0.292 mm ,Yes ,No ,None ,No ,,178° H x 178° V , 1 x DisplayPort | 1 x HDMI | 1 x VGA | 
LG 27MP58VQ-P,LG ,27MP58VQ-P ,"27"" ",1920 x 1080 ,60 Hz ,5 ms ,IPS ,16:9 ,,250 cd/m² ,0.311 mm ,Yes ,No ,None ,No ,,178° H x 178° V , 1 x DVI-D Single Link | 1 x HDMI | 1 x VGA | 
LG 34UC88,LG , 34UC88 | 34UC88-B | ,"34"" ",3440 x 1440 ,60 Hz ,5 ms ,IPS ,21:9 ,,300 cd/m² ,0.232 mm ,Yes ,No ,None ,Yes ,,178° H x 178° V , 1 x DisplayPort | 1 x HDMI | 
ViewSonic VX2757-mhd,ViewSonic ,VX2757-mhd ,"27"" ",1920 x 1080 ,,2 ms ,TN ,16:9 ,,300 cd/m² ,0.311 mm ,Yes ,No ,FreeSync ,Yes ,,170° H x 160° V , 1 x DisplayPort | 1 x HDMI | 1 x VGA | 
Dell U2717D,Dell ,U2717D ,"27"" ",2560 x 1440 ,60 Hz ,6 ms ,IPS ,16:9 ,,350 cd/m² ,0.233 mm ,Yes ,No ,None ,No ,,178° H x 178° V , 1 x DisplayPort | 1 x Mini-DisplayPort | 1 x HDMI | 
BenQ BL2411PT,BenQ ,BL2411PT ,"24"" ",1920 x 1200 ,60 Hz ,5 ms ,IPS ,16:10 ,,300 cd/m² ,0.269 mm ,Yes ,No ,None ,Yes ,,178° H x 178° V , 1 x DisplayPort | 1 x DVI | 1 x VGA | 
Samsung C22F390,Samsung ,C22F390 ,"22"" ",1920 x 1080 ,60 Hz ,4 ms ,VA ,16:9 ,,250 cd/m² ,0.254 mm ,Yes ,Yes ,FreeSync ,No ,,178° H x 178° V , 1 x HDMI | 1 x VGA | 
LG 32MA68HY-P,LG ,32MA68HY-P ,"32"" ",1920 x 1080 ,60 Hz ,5 ms ,IPS ,16:9 ,,,0.369 mm ,Yes ,No ,None ,No ,,178° H x 178° V , 1 x DisplayPort | 1 x HDMI | 1 x VGA | 
AOC AG241QG,AOC ,AG241QG ,"23.8"" ",2560 x 1440 ,165 Hz ,1 ms ,TN ,16:9 ,,350 cd/m² ,0.206 mm ,Yes ,No ,G-Sync ,Yes ,,170° H x 160° V , 1 x DisplayPort | 1 x HDMI | 
HP OMEN,HP , W9S97AA#ABA | HP-Omen-32-Monitor | ,"32"" ",2560 x 1440 ,75 Hz ,5 ms ,VA ,16:9 ,,300 cd/m² ,0.277 mm ,Yes ,No ,FreeSync ,No ,,178° H x 178° V , 1 x DisplayPort | 2 x HDMI | 
AOC AG271QX,AOC ,AG271QX ,"27"" ",2560 x 1440 ,144 Hz ,1 ms ,TN ,16:9 ,,350 cd/m² ,0.233 mm ,Yes ,No ,FreeSync ,Yes ,,170° H x 160° V , 1 x DisplayPort | 1 x DVI | 1 x HDMI | 1 x VGA | 
LG 27UD68-P,LG ,27UD68-P ,"27"" ",3840 x 2160 ,60 Hz ,5 ms ,IPS ,16:9 ,,350 cd/m² ,0.156 mm ,Yes ,No ,FreeSync ,No ,,178° H x 178° V , 1 x DisplayPort | 2 x HDMI | 
LG 24MP58VQ-P,LG ,24MP58VQ-P ,"23.8"" ",1920 x 1080 ,60 Hz ,5 ms ,IPS ,16:9 ,,250 cd/m² ,0.274 mm ,Yes ,No ,None ,No ,,178° H x 178° V , 1 x DVI-D Dual Link | 1 x HDMI | 1 x VGA | 
Dell U2917W,Dell ,U2917W ,"29"" ",2560 x 1080 ,60 Hz ,5 ms ,IPS ,21:9 ,,300 cd/m² ,0.265 mm ,Yes ,No ,None ,No ,,178° H x 178° V , 1 x DisplayPort | 1 x Mini-DisplayPort | 2 x HDMI | 
Asus MX34VQ,Asus , MX34VQ | 90LM02M0-B01170 | ,"34"" ",3440 x 1440 ,100 Hz ,4 ms ,VA ,21:9 ,,300 cd/m² ,0.232 mm ,Yes ,Yes ,FreeSync ,Yes ,,178° H x 178° V , 1 x DisplayPort | 3 x HDMI | 
LG 38UC99-W,LG ,38UC99-W ,"37.5"" ",3840 x 1600 ,75 Hz ,5 ms ,IPS ,12:5 ,,300 cd/m² ,0.229 mm ,Yes ,Yes ,FreeSync ,Yes ,,178° H x 178° V , 1 x DisplayPort | 2 x HDMI | 
Acer G247HYU,Acer , UM.QG7AA.001 | G247HYU smidp | ,"23.8"" ",2560 x 1440 ,60 Hz ,4 ms ,IPS ,16:9 ,,300 cd/m² ,0.206 mm ,Yes ,No ,None ,Yes ,,178° H x 178° V , 1 x DisplayPort | 1 x DVI | 1 x HDMI | 
Acer KG221Q,Acer , UM.WX1AA.001 | KG221Q bmix | KG221Q | ,"21.5"" ",1920 x 1080 ,75 Hz ,1 ms ,TN ,16:9 ,,250 cd/m² ,0.248 mm ,Yes ,No ,FreeSync ,Yes ,,170° H x 160° V , 1 x HDMI | 1 x VGA | 
AOC C4008VU8,AOC ,C4008VU8 ,"40"" ",3840 x 2160 ,60 Hz ,5 ms ,VA ,16:9 ,,300 cd/m² ,0.231 mm ,Yes ,Yes ,None ,Yes ,,178° H x 178° V , 2 x DisplayPort | 2 x HDMI | 1 x VGA | 
Dell U3417W,Dell , U3417W | FR3PK | ,"34"" ",3440 x 1440 ,60 Hz ,5 ms ,IPS ,21:9 ,,300 cd/m² ,0.232 mm ,Yes ,Yes ,None ,Yes ,,178° H x 178° V , 1 x DisplayPort | 1 x Mini-DisplayPort | 1 x HDMI | 
HP T3M84AA#ABA,HP ,T3M84AA#ABA ,"25"" ",1920 x 1080 ,60 Hz ,6 ms ,IPS ,16:9 ,,250 cd/m² ,0.288 mm ,Yes ,No ,None ,No ,,178° H x 178° V , 2 x HDMI | 1 x VGA | 
LG 34UM59-B,LG ,34UM59-B ,"34"" ",2560 x 1080 ,75 Hz ,5 ms ,IPS ,21:9 ,,250 cd/m² ,0.311 mm ,Yes ,No ,FreeSync ,No ,,178° H x 178° V ,2 x HDMI 
AOC U3277PWQU,AOC ,U3277PWQU ,"32"" ",3840 x 2160 ,60 Hz ,4 ms ,,16:9 ,,350 cd/m² ,0.184 mm ,Yes ,No ,None ,Yes ,,178° H x 178° V , 1 x DisplayPort | 1 x DVI | 1 x HDMI | 1 x VGA | 
LG 32UD59-B,LG ,32UD59-B ,"32"" ",3840 x 2160 ,60 Hz ,5 ms ,VA ,16:9 ,,300 cd/m² ,0.184 mm ,Yes ,No ,FreeSync ,Yes ,,178° H x 178° V , 1 x DisplayPort | 2 x HDMI | 
Acer ED242QR,Acer ,ED242QR ,"23.6"" ",1920 x 1080 ,75 Hz ,4 ms ,VA ,16:9 ,,250 cd/m² ,0.272 mm ,Yes ,No ,None ,No ,,178° H x 178° V , 1 x HDMI | 1 x VGA | 
Acer ED242QR wi,Acer ,ED242QR wi ,"23.6"" ",1920 x 1080 ,75 Hz ,4 ms ,VA ,16:9 ,,250 cd/m² ,0.272 mm ,Yes ,Yes ,FreeSync ,No ,,178° H x 178° V , 1 x HDMI | 1 x VGA | 
LG 43UD79-B,LG , 43UD79-B | 43UD79-B.AEU | ,"42.51"" ",3840 x 2160 ,60 Hz ,5 ms ,IPS ,16:9 ,,350 cd/m² ,0.245 mm ,Yes ,No ,None ,Yes ,,178° H x 178° V , 1 x DisplayPort | 4 x HDMI | 
Acer Predator Z301C,Acer , UM.CZ1EE.001 | Predator Z301C | Z301C bmiphzx | UM.CZ1AA.001 | ,"30"" ",2560 x 1080 ,200 Hz ,4 ms ,VA ,21:9 ,Black / Red ,300 cd/m² ,0.274 mm ,Yes ,Yes ,G-Sync ,Yes ,,178° H x 178° V , 1 x DisplayPort | 1 x HDMI | 
LG 34CB99-W,LG ,34CB99-W ,"34"" ",3440 x 1440 ,60 Hz ,5 ms ,IPS ,21:9 ,White ,30 cd/m² ,0.232 mm ,Yes ,Yes ,FreeSync ,Yes ,,178° H x 178° V , 1 x DisplayPort | 2 x HDMI | 
LG 34CB88-P,LG ,34CB88-P ,"34"" ",3440 x 1440 ,75 Hz ,5 ms ,IPS ,21:9 ,Black ,300 cd/m² ,0.232 mm ,Yes ,No ,FreeSync ,Yes ,,178° H x 178° V , 1 x DisplayPort | 2 x HDMI | 
iiyama Prolite B2480HS-B2,iiyama , B2480HS-B1 | B2480HS-B2 | ,"23.6"" ",1920 x 1080 ,60 Hz ,1 ms ,TN ,16:9 ,,250 cd/m² ,0.272 mm ,Yes ,No ,None ,Yes ,,170° H x 160° V , 1 x DVI | 1 x HDMI | 1 x VGA | 
iiyama Prolite E2283HS-B1,iiyama ,E2283HS-B1 ,"22"" ",1920 x 1080 ,60 Hz ,1 ms ,TN ,16:9 ,,250 cd/m² ,0.254 mm ,Yes ,No ,None ,Yes ,,170° H x 160° V , 1 x DVI | 1 x HDMI | 1 x VGA | 
AOC E2470SWH,AOC ,e2470Swh ,"23.6"" ",1920 x 1080 ,60 Hz ,1 ms ,TN ,16:9 ,,250 cd/m² ,0.272 mm ,Yes ,No ,None ,Yes ,,170° H x 160° V , 1 x DVI | 1 x HDMI | 1 x VGA | 
AOC E2752VQ,AOC ,E2752VQ ,"27"" ",1920 x 1080 ,60 Hz ,2 ms ,TN ,16:9 ,,300 cd/m² ,0.311 mm ,Yes ,No ,None ,Yes ,,170° H x 160° V , 1 x DisplayPort | 1 x DVI | 1 x HDMI | 1 x VGA | 
iiyama Prolite X2380HS-B1,iiyama ,X2380HS-B1 ,"23"" ",1920 x 1080 ,60 Hz ,5 ms ,IPS ,16:9 ,,250 cd/m² ,0.265 mm ,Yes ,No ,None ,Yes ,,178° H x 178° V , 1 x DVI | 1 x HDMI | 1 x VGA | 
iiyama Prolite X2783HSU-B1,iiyama ,X2783HSU-B1 ,"27"" ",1920 x 1080 ,60 Hz ,4 ms ,VA ,16:9 ,,300 cd/m² ,0.311 mm ,Yes ,No ,None ,Yes ,,178° H x 178° V , 1 x DVI | 1 x HDMI | 1 x VGA | 
iiyama Prolite XB2783HSU-B1DP,iiyama ,XB2783HSU-B1DP ,"27"" ",1920 x 1080 ,60 Hz ,4 ms ,VA ,16:9 ,,300 cd/m² ,0.311 mm ,Yes ,No ,None ,Yes ,,178° H x 178° V , 1 x DisplayPort | 1 x DVI | 1 x VGA | 
Philips 349X7FJEW/27,Philips , 349X7FJEW/27 | 349X7FJEW | ,"34"" ",3440 x 1440 ,60 Hz ,4 ms ,VA ,21:9 ,White ,300 cd/m² ,0.232 mm ,Yes ,Yes ,FreeSync ,Yes ,,178° H x 178° V , 1 x DisplayPort | 2 x HDMI | 
Pixio PX276,Pixio ,PX276 ,"27"" ",2560 x 1440 ,144 Hz ,1 ms ,TN ,16:9 ,Black ,300 cd/m² ,0.233 mm ,Yes ,No ,FreeSync ,No ,,170° H x 160° V , 1 x DisplayPort | 1 x DVI-D Dual Link | 2 x HDMI | 
LG 29UM69G-B,LG , 29UM69G-B | 29UM69G-B.AEU | ,"29"" ",2560 x 1080 ,75 Hz ,5 ms ,IPS ,21:9 ,Black / Red ,250 cd/m² ,0.265 mm ,Yes ,No ,FreeSync ,Yes ,,178° H x 178° V , 1 x DisplayPort | 1 x HDMI | 
iiyama G-MASTER SILVER CROW,iiyama ,GB2730QSU-B1 ,"27"" ",2560 x 1440 ,75 Hz ,1 ms ,TN ,16:9 ,Black ,350 cd/m² ,0.233 mm ,Yes ,No ,FreeSync ,Yes ,,170° H x 160° V , 1 x DisplayPort | 1 x DVI-D Dual Link | 1 x HDMI | 
Dell E2216H,Dell ,E2216H ,"21.5"" ",1920 x 1080 ,60 Hz ,5 ms ,TN ,16:9 ,,250 cd/m² ,0.248 mm ,Yes ,No ,None ,No ,,170° H x 160° V , 1 x DisplayPort | 1 x VGA | 
BenQ SW271,BenQ , SW271 | 9H.LGLLB.QBE | ,"27"" ",3840 x 2160 ,60 Hz ,5 ms ,IPS ,16:9 ,Black ,350 cd/m² ,0.156 mm ,Yes ,No ,None ,No ,,178° H x 178° V , 1 x DisplayPort | 2 x HDMI | 
LG 27GK750F-B,LG , 27GK750F-B | 27GK750F-B.AEU | ,"27"" ",1920 x 1080 ,240 Hz ,1 ms ,TN ,16:9 ,Black ,400 cd/m² ,0.311 mm ,Yes ,No , FreeSync | G-Sync Compatible | ,No ,,170° H x 160° V , 1 x DisplayPort | 2 x HDMI | 
Acer Predator Z1,Acer , Z321QU bmiphzx | UM.JZ1AA.001 | ,"31.5"" ",2560 x 1440 ,165 Hz ,4 ms ,VA ,16:9 ,Black / Red ,300 cd/m² ,0.272 mm ,Yes ,Yes ,G-Sync ,Yes ,,178° H x 178° V , 1 x DisplayPort | 1 x HDMI | 
Samsung LS19F350HNWXXL,Samsung ,LS19F350HNWXXL ,"18.5"" ",1366 x 768 ,60 Hz ,14 ms ,IPS ,16:9 ,Black ,250 cd/m² ,0.3 mm ,Yes ,No ,FreeSync ,No ,,178° H x 178° V ,1 x VGA 
Samsung LS34J550WQUXEN,Samsung , LS34J550WQUXEN | LS34J550WQRXEN | ,"34.1"" ",3440 x 1440 ,60 Hz ,4 ms ,VA ,21:9 ,Black ,250 cd/m² ,0.232 mm ,Yes ,No ,FreeSync ,No ,,178° H x 178° V , 1 x DisplayPort | 2 x HDMI | 
Dell D3218HN,Dell ,D3218HN ,"31.5"" ",1920 x 1080 ,60 Hz ,8 ms ,IPS ,16:9 ,Silver ,299 cd/m² ,0.363 mm ,Yes ,No ,None ,No ,,178° H x 178° V , 1 x HDMI | 1 x VGA | 
Dell U3219Q,Dell , U3219Q | NK5R6 | 210-AQZZ | DELL-U3219Q | 210-AQUO | ,"31.5"" ",3840 x 2160 ,60 Hz ,5 ms ,IPS ,16:9 ,Silver ,400 cd/m² ,0.182 mm ,Yes ,No ,None ,No ,,178° H x 178° V , 1 x DisplayPort | 1 x HDMI | 
MSI Optix MAG240VC,MSI ,Optix MAG240VC ,"23.6"" ",1920 x 1080 ,144 Hz ,1 ms ,VA ,16:9 ,Black / Red ,250 cd/m² ,0.272 mm ,Yes ,Yes ,FreeSync ,No ,,178° H x 178° V , 1 x DisplayPort | 1 x DVI | 1 x HDMI | 
ViewSonic VX2758-C-MH,ViewSonic ,VX2758-C-MH ,"27"" ",1920 x 1080 ,144 Hz ,5 ms ,VA ,16:9 ,Black ,280 cd/m² ,0.311 mm ,Yes ,Yes ,FreeSync ,Yes ,,178° H x 178° V , 2 x HDMI | 1 x VGA | 
VIOTEK GN24CB,VIOTEK ,GN24CB ,"24"" ",1920 x 1080 ,144 Hz ,3 ms ,VA ,16:9 ,Black ,,0.277 mm ,Yes ,Yes ,FreeSync ,Yes ,,178° H x 178° V , 1 x DisplayPort | 2 x HDMI | 
Dell ST2410,Dell ,ST2410 ,"24"" ",1920 x 1080 ,60 Hz ,5 ms ,TN ,16:9 ,Black ,250 cd/m² ,0.277 mm ,Yes ,No ,None ,No ,,160° H x 160° V , 1 x DVI | 1 x HDMI | 1 x VGA | 
VIOTEK GFT27DB,VIOTEK ,GFT27DB ,"27"" ",2560 x 1440 ,144 Hz ,1 ms ,TN ,16:9 ,Black ,220 cd/m² ,0.233 mm ,Yes ,No ,FreeSync ,Yes ,,170° H x 160° V , 1 x DisplayPort | 3 x HDMI | 
Dell E2318H,Dell ,E2318H ,"23"" ",1920 x 1080 ,60 Hz ,5 ms ,IPS ,16:9 ,Black ,250 cd/m² ,0.265 mm ,Yes ,No ,None ,No ,,178° H x 178° V , 1 x DisplayPort | 1 x VGA | 
Dell U2419HX,Dell ,U2419HX ,"23.8"" ",1920 x 1080 ,60 Hz ,5 ms ,IPS ,16:9 ,Silver / Black ,250 cd/m² ,0.274 mm ,Yes ,No ,None ,No ,,178° H x 178° V , 1 x DisplayPort | 1 x HDMI | 
MSI Optix MAG241CR,MSI , Optix MAG241CR | 9S6-3EA25T-029 | ,"23.6"" ",1920 x 1080 ,144 Hz ,1 ms ,VA ,16:9 ,Black ,300 cd/m² ,0.272 mm ,Yes ,Yes ,FreeSync ,No ,,178° H x 178° V , 1 x DisplayPort | 2 x HDMI | 
Dell U2719DC,Dell , U2719DC | DELL-U2719DC | ,"27"" ",2560 x 1440 ,60 Hz ,5 ms ,IPS ,16:9 ,Silver ,350 cd/m² ,0.233 mm ,Yes ,No ,None ,No ,,178° H x 178° V , 1 x DisplayPort | 1 x HDMI | 
VIOTEK GN35DR,VIOTEK ,GN35DR ,"35"" ",2560 x 1080 ,144 Hz ,4 ms ,VA ,21:9 ,Black / Red ,250 cd/m² ,0.32 mm ,Yes ,Yes ,FreeSync ,No ,,178° H x 178° V , 1 x DVI | 1 x HDMI | 
Acer V277U,Acer , V277U | UM.HV7AA.003 | V277U bmiipx | ,"27"" ",2560 x 1440 ,75 Hz ,4 ms ,IPS ,16:9 ,Black ,350 cd/m² ,0.233 mm ,Yes ,No ,FreeSync ,Yes ,,178° H x 178° V , 1 x DisplayPort | 2 x HDMI | 
Titan Army C34SW,Titan Army ,C34SW ,"34"" ",3440 x 1440 ,100 Hz ,,VA ,21:9 ,Silver ,250 cd/m² ,0.232 mm ,Yes ,Yes ,FreeSync ,No ,,178° H x 178° V , 1 x DisplayPort | 1 x DVI | 1 x HDMI | 
HP 27q,HP ,1HR73AA#ABB ,"27"" ",2560 x 1440 ,60 Hz ,5 ms ,PLS ,16:9 ,Silver ,350 cd/m² ,0.233 mm ,Yes ,No ,FreeSync ,No ,,178° H x 178° V , 1 x DisplayPort | 2 x HDMI | 1 x VGA | 
MSI Optix MAG321CURV,MSI , OPTIX MAG321CURV | 9S6-3DA25A-001 | MAG321CURV | ,"31.5"" ",3840 x 2160 ,60 Hz ,4 ms ,VA ,16:9 ,Black ,300 cd/m² ,0.182 mm ,Yes ,Yes ,None ,No ,,178° H x 178° V , 1 x DisplayPort | 2 x HDMI | 
HP Z27,HP ,2TB68A8 ,"27"" ",3840 x 2160 ,60 Hz ,8 ms ,IPS ,16:9 ,Black ,350 cd/m² ,0.156 mm ,Yes ,No ,None ,No ,,178° H x 178° V , 1 x DisplayPort | 1 x Mini-DisplayPort | 1 x HDMI | 
MSI Optix MAG322CQRV,MSI , Optix MAG322CQRV | 9S6-3DA45A-001 | ,"31.5"" ",2560 x 1440 ,144 Hz ,1 ms ,VA ,16:9 ,Black ,300 cd/m² ,0.272 mm ,Yes ,Yes ,FreeSync ,No ,,178° H x 178° V , 1 x DisplayPort | 2 x HDMI | 
Acer BM270 bmiipphuzx,Acer , UM.HB0AA.003 | BM270 bmiipphuzx | ,"27"" ",3840 x 2160 ,60 Hz ,4 ms ,IPS ,16:9 ,Black ,1000 cd/m² ,0.156 mm ,Yes ,No ,None ,Yes ,,178° H x 178° V , 1 x DisplayPort | 1 x Mini-DisplayPort | 2 x HDMI | 
Acer V206HQL Cbmp,Acer ,UM.IV6AA.C01 ,"19.5"" ",1920 x 1080 ,60 Hz ,5 ms ,VA ,16:9 ,Black ,250 cd/m² ,0.225 mm ,Yes ,No ,None ,Yes ,,178° H x 178° V ,1 x VGA 
Acer B247Y bmiprx,Acer ,UM.QB7AA.003 ,"23.8"" ",1920 x 1080 ,75 Hz ,4 ms ,IPS ,16:9 ,Black ,250 cd/m² ,0.274 mm ,Yes ,No ,FreeSync ,Yes ,,178° H x 178° V , 1 x DisplayPort | 1 x HDMI | 1 x VGA | 
Acer KA200HQ Bbi,Acer ,UM.IX0AA.B01 ,"19.5"" ",1600 x 900 ,60 Hz ,5 ms ,TN ,16:9 ,Black ,200 cd/m² ,0.27 mm ,Yes ,No ,None ,No ,,90° H x 65° V , 1 x HDMI | 1 x VGA | 
Acer V277 bmipx,Acer ,UM.HV7AA.001 ,"27"" ",1920 x 1080 ,75 Hz ,4 ms ,IPS ,16:9 ,Black ,250 cd/m² ,0.311 mm ,Yes ,No ,FreeSync ,Yes ,,178° H x 178° V , 1 x DisplayPort | 1 x HDMI | 1 x VGA | 
Asus ProArt PA34VC,Asus , PA34VC | 90LM04A0-B01370 | ,"34"" ",3440 x 1440 ,100 Hz ,5 ms ,IPS ,21:9 ,Black ,300 cd/m² ,0.232 mm ,Yes ,Yes ,FreeSync ,Yes ,,178° H x 178° V , 1 x DisplayPort | 2 x HDMI | 
Acer KG271U bmiippx,Acer ,UM.HX1AA.011 ,"27"" ",2560 x 1440 ,75 Hz ,1 ms ,TN ,16:9 ,Black ,350 cd/m² ,0.233 mm ,Yes ,No ,FreeSync ,Yes ,,170° H x 160° V , 2 x DisplayPort | 2 x HDMI | 
BenQ ZOWIE XL2546 DIVINA,BenQ ,9H.LG9LB.QKA ,"24.5"" ",1920 x 1080 ,240 Hz ,1 ms ,TN ,16:9 ,White / Pink ,320 cd/m² ,0.282 mm ,Yes ,No ,None ,No ,,170° H x 160° V , 1 x DisplayPort | 1 x DVI-D Dual Link | 2 x HDMI | 
BenQ ZOWIE XL2731,BenQ , XL2731 | 9H.LHRLB.QBE | ,"27"" ",1920 x 1080 ,144 Hz ,1 ms ,TN ,16:9 ,,320 cd/m² ,0.311 mm ,Yes ,No ,FreeSync ,No ,,170° H x 160° V , 1 x DisplayPort | 1 x DVI-D Dual Link | 2 x HDMI | 
Asus VA229HR,Asus , VA229HR | 90LM0351-B014B0 | ,"21.5"" ",1920 x 1080 ,75 Hz ,5 ms ,IPS ,16:9 ,Black ,250 cd/m² ,0.248 mm ,Yes ,No ,None ,Yes ,100 x 100 ,178° H x 178° V , 1 x HDMI | 1 x VGA | 
HP N246v,HP ,1RM28A6#ABA ,"23.8"" ",1920 x 1080 ,60 Hz ,5 ms ,IPS ,16:9 ,Black ,250 cd/m² ,0.274 mm ,Yes ,No ,None ,No ,,178° H x 178° V , 1 x HDMI | 1 x VGA | 
HP EliteDisplay S240n,HP ,W9A88A8#ABA ,"23.8"" ",1920 x 1080 ,,7 ms ,IPS ,16:9 ,Black ,250 cd/m² ,0.274 mm ,Yes ,No ,None ,No ,,178° H x 178° V , 1 x DisplayPort | 1 x HDMI | 1 x VirtualLink | 
HP EliteDisplay E202,HP ,M1F41A8#ABA ,"20"" ",1600 x 900 ,60 Hz ,,IPS ,16:9 ,Black ,250 cd/m² ,0.277 mm ,Yes ,No ,None ,No ,,178° H x 178° V , 1 x DisplayPort | 1 x HDMI | 1 x VGA | 
Philips 278E9QJAB,Philips ,278E9QJAB ,"27"" ",1920 x 1080 ,75 Hz ,4 ms ,VA ,16:9 ,Silver ,250 cd/m² ,0.311 mm ,Yes ,Yes ,FreeSync ,No ,,178° H x 178° V , 1 x DisplayPort | 1 x HDMI | 1 x VGA | 
V7 L236E-3N,V7 ,L236E-3N ,"23.6"" ",1920 x 1080 ,60 Hz ,5 ms ,VA ,16:9 ,Black ,250 cd/m² ,0.272 mm ,Yes ,No ,None ,No ,,178° H x 178° V , 1 x DVI-D Dual Link | 1 x VGA | 
ViewEra V172SV2,ViewEra ,V172SV2 ,"17"" ",1280 x 1024 ,60 Hz ,5 ms ,TN ,5:4 ,Black ,250 cd/m² ,0.263 mm ,No ,No ,None ,Yes ,,170° H x 160° V , 1 x S-Video | 1 x VGA | 
BenQ Zowie RL2455S,BenQ ,RL2455S ,"24"" ",1920 x 1080 ,75 Hz ,1 ms ,TN ,16:9 ,Black ,250 cd/m² ,0.277 mm ,Yes ,No ,None ,Yes ,,170° H x 160° V , 1 x DVI-D Dual Link | 2 x HDMI | 1 x VGA | 
Pixio PX5 Hayabusa,Pixio ,PX5 ,"24.5"" ",1920 x 1080 ,240 Hz ,1 ms ,TN ,16:9 ,Black ,400 cd/m² ,0.282 mm ,Yes ,No ,FreeSync ,No ,,170° H x 160° V ,
Westinghouse WC34DX9019,Westinghouse ,WC34DX9019 ,"34"" ",3440 x 1440 ,100 Hz ,,VA ,21:9 ,Black ,350 cd/m² ,0.232 mm ,Yes ,Yes ,FreeSync ,No ,,178° H x 178° V , 1 x DisplayPort | 2 x HDMI | 
VIOTEK GFV24C,VIOTEK , 109013NH | GFV24C | VTK-GFV24C | ,"24"" ",1920 x 1080 ,144 Hz ,,VA ,16:9 ,Black ,220 cd/m² ,0.277 mm ,Yes ,No ,FreeSync ,No ,,178° H x 178° V , 1 x DisplayPort | 2 x HDMI | 
Dell S2319HN,Dell ,S2319HN ,"23"" ",1920 x 1080 ,60 Hz ,5 ms ,IPS ,16:9 ,Silver / Black ,250 cd/m² ,0.265 mm ,Yes ,No ,None ,No ,,178° H x 178° V , 1 x HDMI | 1 x VGA | 
Nixeus NX-EDG34S,Nixeus ,NX-EDG34S ,"34"" ",3440 x 1440 ,144 Hz ,4 ms ,VA ,21:9 ,Black ,400 cd/m² ,0.232 mm ,Yes ,Yes ,FreeSync Premium ,No ,,178° H x 178° V , 2 x DisplayPort | 2 x HDMI | 
Acer EI491CR Pbmiiipx,Acer ,UM.SE1AA.P01 ,"49"" ",3840 x 1080 ,144 Hz ,4 ms ,VA ,32:9 ,Black ,400 cd/m² ,0.312 mm ,Yes ,Yes ,FreeSync Premium Pro ,Yes ,,178° H x 178° V , 1 x DisplayPort | 3 x HDMI | 
Asus VP28UQGL,Asus ,90LM03M0-B021B0 ,"28"" ",3840 x 2160 ,60 Hz ,1 ms ,TN ,16:9 ,Black ,300 cd/m² ,0.161 mm ,Yes ,No ,FreeSync ,No ,,170° H x 160° V , 1 x DisplayPort | 2 x HDMI | 
Acer Nitro XV273 Xbmiiprzx,Acer , XV273 Xbmiiprzx | UM.HX3AA.X01 | ,"27"" ",1920 x 1080 ,240 Hz ,,IPS ,16:9 ,Black / Silver ,400 cd/m² ,0.311 mm ,Yes ,No , FreeSync | G-Sync Compatible | ,Yes ,,178° H x 178° V , 1 x DisplayPort | 2 x HDMI | 
Acer Predator XN253Q Xbmiprzx,Acer , XN253Q Xbmiprzx | UM.KX3EE.X01 | ,"24.5"" ",1920 x 1080 ,240 Hz ,1 ms ,TN ,16:9 ,Black / Silver ,400 cd/m² ,0.282 mm ,Yes ,No ,G-Sync ,Yes ,,170° H x 160° V , 1 x DisplayPort | 1 x HDMI | 
Philips 43BDL3010Q,Philips ,43BDL3010Q ,"42.5"" ",1920 x 1080 ,60 Hz ,6.5 ms ,VA ,16:9 ,,350 cd/m² ,0.49 mm ,Yes ,No ,None ,Yes ,,178° H x 178° V , 1 x DVI-I Dual Link | 2 x HDMI | 
ViewSonic VX2758-P-MHD,ViewSonic ,VX2758-P-MHD ,"27"" ",1920 x 1080 ,144 Hz ,1 ms ,TN ,16:9 ,Black ,300 cd/m² ,0.311 mm ,Yes ,No ,FreeSync ,Yes ,,170° H x 160° V , 1 x DisplayPort | 2 x HDMI | 
ViewSonic VX2485-MHU,ViewSonic ,VX2485-MHU ,"24"" ",1920 x 1080 ,75 Hz ,5 ms ,IPS ,16:9 ,Black ,250 cd/m² ,0.277 mm ,Yes ,No ,FreeSync ,Yes ,,178° H x 178° V , 1 x HDMI | 1 x VGA | 
HP P27h G4,HP ,9UJ14A8#ABA ,"27"" ",1920 x 1080 ,60 Hz ,5 ms ,IPS ,16:9 ,Black ,250 cd/m² ,0.311 mm ,Yes ,No ,FreeSync ,Yes ,,178° H x 178° V , 1 x DisplayPort | 1 x HDMI | 1 x VGA | 
HP EliteDisplay E243p,HP ,5FT13A8#ABA ,"23.8"" ",1920 x 1080 ,60 Hz ,,IPS ,16:9 ,Silver ,260 cd/m² ,0.274 mm ,Yes ,No ,None ,No ,,178° H x 178° V , 1 x DisplayPort | 1 x HDMI | 1 x VGA | 
HP SmartBuy P174,HP ,5RD64A8#ABA ,"17"" ",1280 x 1024 ,60 Hz ,5 ms ,,5:4 ,Black ,250 cd/m² ,0.263 mm ,No ,No ,None ,No ,,170° H x 160° V ,1 x VGA 
BenQ ZOWIE XL2536,BenQ ,XL2536 ,"24.5"" ",1920 x 1080 ,144 Hz ,1 ms ,TN ,16:9 ,Black ,320 cd/m² ,0.282 mm ,Yes ,No ,None ,No ,,170° H x 160° V , 1 x DisplayPort | 1 x DVI-D Dual Link | 2 x HDMI | 
Lenovo D24-10,Lenovo ,61D4KCR1US ,"23.6"" ",1920 x 1080 ,60 Hz ,,TN ,16:9 ,Black ,250 cd/m² ,0.272 mm ,Yes ,No ,None ,No ,,170° H x 160° V , 1 x HDMI | 1 x VGA | 
LG 32UK550-B,LG , 32UK550-B | 32UK550-B.AEU | ,"31.5"" ",3840 x 2160 ,60 Hz ,4 ms ,VA ,16:9 ,,300 cd/m² ,0.182 mm ,Yes ,No ,FreeSync ,Yes ,,178° H x 178° V , 1 x DisplayPort | 2 x HDMI | 
LG 34BK95U-W,LG ,34BK95U-W ,"34"" ",5120 x 2160 ,75 Hz ,,IPS ,64:27 ,White ,400 cd/m² ,0.155 mm ,Yes ,No ,None ,Yes ,,178° H x 178° V , 1 x DisplayPort | 2 x HDMI | 
Acer NITRO QG221Q bii,Acer , UM.WQ1AA.001 | QG221Q bii | ,"21.5"" ",1920 x 1080 ,75 Hz ,,VA ,16:9 ,Black ,250 cd/m² ,0.248 mm ,Yes ,No ,FreeSync ,No ,,178° H x 178° V , 2 x HDMI | 1 x VGA | 
Acer CB282K smiiprx,Acer , CB282K smiiprx | UM.PB2AA.001 | ,"28"" ",3840 x 2160 ,60 Hz ,,IPS ,16:9 ,Silver / Black ,300 cd/m² ,0.161 mm ,Yes ,No ,FreeSync ,Yes ,,178° H x 178° V , 1 x DisplayPort | 2 x HDMI | 
iiyama XUB3493WQSU-B1,iiyama ,XUB3493WQSU-B1 ,"34"" ",3440 x 1440 ,75 Hz ,4 ms ,IPS ,21:9 ,Black ,400 cd/m² ,0.232 mm ,Yes ,No ,FreeSync ,Yes ,,178° H x 178° V , 1 x DisplayPort | 2 x HDMI | 
Dell U2721DE,Dell ,U2721DE ,"27"" ",2560 x 1440 ,60 Hz ,5 ms ,IPS ,16:9 ,Black ,350 cd/m² ,0.233 mm ,Yes ,No ,None ,No ,,178° H x 178° V , 1 x DisplayPort | 1 x HDMI | 
Lenovo ThinkVision T27q-20,Lenovo ,61EDGAR2US ,"27"" ",2560 x 1440 ,60 Hz ,4 ms ,IPS ,16:9 ,Black / Red ,350 cd/m² ,0.233 mm ,Yes ,No ,None ,No ,,178° H x 178° V , 1 x DisplayPort | 1 x HDMI | 
iiyama GB3461WQSU-B1,iiyama ,GB3461WQSU-B1 ,"34"" ",3440 x 1440 ,144 Hz ,,IPS ,21:9 ,Black ,350 cd/m² ,0.232 mm ,Yes ,No ,FreeSync Premium ,Yes ,,178° H x 178° V , 2 x DisplayPort | 2 x HDMI | 
iiyama G-MASTER GB2760HSU-B1,iiyama ,GB2760HSU-B1 ,"27"" ",1920 x 1080 ,144 Hz ,1 ms ,TN ,16:9 ,Black ,350 cd/m² ,0.311 mm ,Yes ,No ,FreeSync ,No ,,170° H x 160° V , 1 x DisplayPort | 1 x DVI | 1 x HDMI | 
Asus VL279​HE,Asus ,VL279​HE ,"27"" ",1920 x 1080 ,75 Hz ,5 ms ,IPS ,16:9 ,Black ,250 cd/m² ,0.311 mm ,Yes ,No ,FreeSync ,No ,,178° H x 178° V , 1 x HDMI | 1 x VGA | 
Acer SB230 Bbix,Acer ,SB230 Bbix ,"23"" ",1920 x 1080 ,75 Hz ,,IPS ,16:9 ,Black ,250 cd/m² ,0.265 mm ,Yes ,No ,FreeSync ,No ,,178° H x 178° V , 1 x HDMI | 1 x VGA | 
Philips 226E9QDSB,Philips , 226E9QDSB | 226E9QDSB/27 | ,"21.5"" ",1920 x 1080 ,75 Hz ,4 ms ,IPS ,16:9 ,Silver ,250 cd/m² ,0.248 mm ,Yes ,No ,FreeSync ,No ,,178° H x 178° V , 1 x DVI-D Single Link | 1 x HDMI | 1 x VGA | 
Acer XZ342CK Pbmiiphx,Acer ,XZ342CK Pbmiiphx ,"34"" ",3440 x 1440 ,144 Hz ,,VA ,21:9 ,Black / Red ,400 cd/m² ,0.232 mm ,Yes ,Yes ,FreeSync Premium ,Yes ,,178° H x 178° V , 1 x DisplayPort | 2 x HDMI | 
VIOTEK GFV27DAB,VIOTEK ,GFV27DAB ,"27"" ",2560 x 1440 ,144 Hz ,,VA ,16:9 ,Black / Red ,400 cd/m² ,0.233 mm ,Yes ,No , FreeSync | G-Sync Compatible | ,No ,,178° H x 178° V , 1 x DisplayPort | 2 x HDMI | 
iiyama Prolite XUB2792UHSU-B1,iiyama ,XUB2792UHSU-B1 ,"27"" ",3840 x 2160 ,60 Hz ,4 ms ,IPS ,16:9 ,Black ,300 cd/m² ,0.156 mm ,Yes ,No ,FreeSync ,Yes ,,178° H x 178° V , 1 x DisplayPort | 1 x DVI-D Dual Link | 1 x HDMI | 
MSI Optix AG32C,MSI ,Optix AG32C ,"31.5"" ",1920 x 1080 ,165 Hz ,1 ms ,VA ,16:9 ,Black / Red ,250 cd/m² ,0.363 mm ,Yes ,Yes ,FreeSync ,No ,,178° H x 178° V , 1 x DisplayPort | 1 x DVI-D Dual Link | 1 x HDMI | 
LG 32GN50T-B,LG ,32GN50T-B ,"32"" ",1920 x 1080 ,165 Hz ,5 ms ,VA ,16:9 ,Black ,300 cd/m² ,0.369 mm ,Yes ,No , FreeSync Premium | G-Sync Compatible | ,No ,,178° H x 178° V , 1 x DisplayPort | 2 x HDMI | 
Lenovo 61E8GAR1US,Lenovo ,61E8GAR1US ,"27"" ",2560 x 1440 ,60 Hz ,,IPS ,16:9 ,Black ,350 cd/m² ,0.233 mm ,Yes ,No ,None ,No ,,178° H x 178° V , 1 x DisplayPort | 1 x HDMI | 
Lenovo 65F8GCC1US,Lenovo ,65F8GCC1US ,"31.5"" ",2560 x 1440 ,75 Hz ,4 ms ,IPS ,16:9 ,Black ,250 cd/m² ,0.272 mm ,Yes ,No ,FreeSync ,No ,,178° H x 178° V , 1 x DisplayPort | 1 x HDMI | 
Lenovo P24q-10,Lenovo ,61A5GAR3US ,"23.8"" ",2560 x 1440 ,60 Hz ,4 ms ,IPS ,16:9 ,Black ,300 cd/m² ,0.206 mm ,Yes ,No ,None ,No ,,178° H x 178° V , 1 x DisplayPort | 1 x Mini-DisplayPort | 2 x HDMI | 
Acer XV272U Xbmiipruzx,Acer ,UM.HX2AA.X03 ,"27"" ",2560 x 1440 ,240 Hz ,1 ms ,IPS ,16:9 ,Black ,400 cd/m² ,0.233 mm ,Yes ,No ,FreeSync Premium ,Yes ,,178° H x 178° V , 1 x DisplayPort | 2 x HDMI | 
Samsung LS22E310HS/ZA,Samsung ,LS22E310HS/ZA ,"21.5"" ",1920 x 1080 ,60 Hz ,,TN ,16:9 ,Black ,250 cd/m² ,0.248 mm ,Yes ,No ,None ,No ,,170° H x 160° V , 1 x HDMI | 1 x VGA | 
Acer Nitro QG271 bii,Acer ,UM.HQ1AA.001 ,"27"" ",1920 x 1080 ,75 Hz ,,VA ,16:9 ,Black ,300 cd/m² ,0.311 mm ,Yes ,No ,FreeSync ,No ,,178° H x 178° V , 2 x HDMI | 1 x VGA | 
Acer CB272 bmiprx,Acer ,UM.HB2AA.001 ,"27"" ",1920 x 1080 ,75 Hz ,,IPS ,16:9 ,Black ,250 cd/m² ,0.311 mm ,Yes ,No ,FreeSync ,Yes ,,178° H x 178° V , 1 x DisplayPort | 1 x HDMI | 1 x VGA | 
Acer KG241Q bmiix,Acer ,KG241Q bmiix ,"23.6"" ",1920 x 1080 ,75 Hz ,,TN ,16:9 ,Black ,300 cd/m² ,0.272 mm ,Yes ,No ,FreeSync ,Yes ,,170° H x 160° V , 1 x HDMI | 1 x VGA | 
Lenovo Thinkvision T24d-10,Lenovo ,T24d-10 ,"24"" ",1920 x 1200 ,60 Hz ,4 ms ,IPS ,16:10 ,Black ,300 cd/m² ,0.269 mm ,Yes ,No ,None ,No ,,178° H x 178° V , 1 x DisplayPort | 1 x HDMI | 1 x VGA | 
Lenovo G27q-20,Lenovo , G27q-20 | A20270QG0 | 66C3-GAC1-WW | ,"27"" ",2560 x 1440 ,165 Hz ,,IPS ,16:9 ,Black / Blue ,400 cd/m² ,0.233 mm ,Yes ,No , FreeSync Premium | G-Sync Compatible | ,No ,,178° H x 178° V , 1 x DisplayPort | 1 x HDMI | 
LG 32QN650-B,LG ,32QN650-B ,"32"" ",2560 x 1440 ,75 Hz ,5 ms ,IPS ,16:9 ,Black ,350 cd/m² ,0.277 mm ,Yes ,No ,FreeSync ,No ,,178° H x 178° V , 1 x DisplayPort | 2 x HDMI | 
MSI Optix G241V,MSI , Optix G241V | 9S6-3BA71T-003 | ,"23.8"" ",1920 x 1080 ,75 Hz ,4 ms ,IPS ,16:9 ,Black ,250 cd/m² ,0.274 mm ,Yes ,No ,FreeSync ,No ,,178° H x 178° V , 1 x DisplayPort | 1 x HDMI | 
AOC AGON G2590VXQ,AOC ,G2590VXQ ,"24.5"" ",1920 x 1080 ,75 Hz ,1 ms ,TN ,16:9 ,Black / Red ,250 cd/m² ,0.282 mm ,Yes ,No ,FreeSync ,Yes ,,170° H x 160° V , 1 x DisplayPort | 2 x HDMI | 1 x VGA | 
Philips 559M1RYV,Philips , 559M1RYV/27 | 559M1RYV | 559M1RYV/00 | ,"55"" ",3840 x 2160 ,144 Hz ,4 ms ,VA ,16:9 ,Black ,1200 cd/m² ,0.317 mm ,Yes ,No , FreeSync Premium Pro | G-Sync Compatible | ,Yes ,,178° H x 178° V , 1 x DisplayPort | 3 x HDMI | 
HUAWEI MateView,HUAWEI ,53060274 ,"28.2"" ",3840 x 2560 ,60 Hz ,,IPS ,3:2 ,Silver ,500 cd/m² ,0.155 mm ,Yes ,No ,None ,Yes ,,, 1 x Mini-DisplayPort | 1 x HDMI | 
Dell P2018H,Dell ,P2018H ,"20"" ",1600 x 900 ,60 Hz ,,TN ,16:9 ,Black / Gray ,250 cd/m² ,0.277 mm ,Yes ,No ,None ,No ,,170° H x 160° V , 1 x DisplayPort | 1 x HDMI | 1 x VGA | 
ViewSonic XG320U,ViewSonic ,XG320U ,"32"" ",3840 x 2160 ,150 Hz ,,IPS ,16:9 ,Black ,600 cd/m² ,0.184 mm ,Yes ,No ,FreeSync Premium Pro ,No ,,178° H x 178° V , 1 x DisplayPort | 2 x HDMI | 
ViewSonic VA2732-MHD,ViewSonic ,VA2732-MHD ,"27"" ",1920 x 1080 ,75 Hz ,4 ms ,IPS ,16:9 ,Black ,250 cd/m² ,0.311 mm ,Yes ,No ,FreeSync ,Yes ,,178° H x 178° V , 1 x DisplayPort 1.2 | 1 x HDMI 1.4 | 1 x VGA | 
Samsung Odyssey G55T,Samsung ,LC27G55TQWEXXY ,"27"" ",2560 x 1440 ,144 Hz ,,VA ,16:9 ,Black ,250 cd/m² ,0.233 mm ,Yes ,Yes ,FreeSync Premium ,No ,,178° H x 178° V , 1 x DisplayPort 1.2 | 1 x HDMI 2.0 | 
MSI Modern MD271CPW,MSI , Modern MD271CPW | 9S6-3PA6HH-010 | ,"27"" ",1920 x 1080 ,75 Hz ,4 ms ,VA ,16:9 ,White ,250 cd/m² ,0.311 mm ,Yes ,Yes ,None ,Yes ,,178° H x 178° V ,1 x HDMI 1.4 
MSI MPG ARTYMIS 273CQR,MSI ,MPG273CQR ,"27"" ",2560 x 1440 ,165 Hz ,,VA ,16:9 ,Black ,550 cd/m² ,0.233 mm ,Yes ,Yes ,FreeSync Premium ,No ,,178° H x 178° V , 1 x DisplayPort 1.2a | 2 x HDMI 2.0b | 
Pixio PX278,Pixio ,PX278 ,"27"" ",2560 x 1440 ,144 Hz ,1 ms ,TN ,16:9 ,Black ,400 cd/m² ,0.233 mm ,Yes ,No , FreeSync Premium | G-Sync Compatible | ,No ,,170° H x 160° V , 1 x DisplayPort 1.2 | 1 x HDMI 1.4 | 1 x HDMI 2.0 | 
ViewSonic ELITE XG270Q,ViewSonic ,XG270Q ,"27"" ",2560 x 1440 ,165 Hz ,1 ms ,IPS ,16:9 ,Black ,400 cd/m² ,0.233 mm ,Yes ,No ,G-Sync Compatible ,No ,,178° H x 178° V , 1 x DisplayPort | 2 x HDMI 2.0 | 
Asus VA24DQLB,Asus ,VA24DQLB ,"23.8"" ",1920 x 1080 ,75 Hz ,5 ms ,IPS ,16:9 ,Black ,250 cd/m² ,0.274 mm ,Yes ,No ,FreeSync ,Yes ,,178° H x 178° V , 1 x DisplayPort 1.2 | 1 x HDMI 1.4 | 1 x VGA | 
Asus VP32UQ,Asus , VP32UQ | 90LM06S0-B01E70 | ,"31.5"" ",3840 x 2160 ,60 Hz ,4 ms ,IPS ,16:9 ,Black ,350 cd/m² ,0.182 mm ,Yes ,No ,FreeSync ,Yes ,,178° H x 178° V , 1 x DisplayPort 1.2 | 1 x HDMI 2.0 | 1 x VGA | 
MSI Optix G321CQP,MSI ,OPTIX G321CQP ,"31.5"" ",2560 x 1440 ,165 Hz ,,VA ,16:9 ,Black ,250 cd/m² ,0.272 mm ,Yes ,Yes ,FreeSync Premium ,No ,,178° H x 178° V , 1 x DisplayPort 1.2a | 2 x HDMI 2.0b | 
LG 49WL95C-W,LG ,49WL95C-W ,"49"" ",5120 x 1440 ,60 Hz ,5 ms ,IPS ,32:9 ,Silver ,350 cd/m² ,0.234 mm ,Yes ,Yes ,None ,Yes ,,178° H x 178° V , 1 x DisplayPort | 2 x HDMI | 
NZXT Canvas 27Q,NZXT ,MNST-27QSB-B-WW ,"27"" ",2560 x 1440 ,165 Hz ,,IPS ,16:9 ,White / White ,300 cd/m² ,0.233 mm ,Yes ,No , FreeSync Premium | G-Sync Compatible | ,No ,,178° H x 178° V , 1 x DisplayPort 1.2 | 2 x HDMI 2.0 | 
Acer CB272U smiiprx,Acer , UM.HB2AA.005 | CB272U smiiprx | ,"27"" ",2560 x 1440 ,75 Hz ,,IPS ,16:9 ,,350 cd/m² ,0.233 mm ,Yes ,No ,FreeSync ,Yes ,,178° H x 178° V , 1 x DisplayPort | 1 x HDMI | 
Samsung Odyssey G7 T1 Faker Edition,Samsung ,LC27G77TQSNXZA ,"27"" ",2560 x 1440 ,240 Hz ,1 ms ,VA ,16:9 ,Black ,350 cd/m² ,0.233 mm ,Yes ,Yes , FreeSync Premium Pro | G-Sync Compatible | ,No ,,178° H x 178° V , 2 x DisplayPort 1.4 | 1 x HDMI | 
Samsung FT400,Samsung ,LF24T400FHNXGO ,"24"" ",1920 x 1080 ,60 Hz ,4 ms ,IPS ,16:9 ,Black ,250 cd/m² ,0.277 mm ,Yes ,No ,FreeSync ,No ,,178° H x 178° V , 1 x HDMI 1.4 | 1 x VGA | 
Samsung SR35,Samsung ,LS24R350FZNXZA ,"24"" ",1920 x 1080 ,75 Hz ,,IPS ,16:9 ,,250 cd/m² ,0.277 mm ,Yes ,No ,FreeSync ,No ,,178° H x 178° V , 1 x HDMI 1.4 | 1 x VGA | 
Samsung S80UA,Samsung ,LS27A800UJNXGO ,"27"" ",3840 x 2160 ,60 Hz ,,IPS ,16:9 ,Black ,300 cd/m² ,0.156 mm ,Yes ,No ,None ,No ,,178° H x 178° V , 1 x DisplayPort 1.2 | 1 x HDMI 2.0 | 1 x USB Type-C | 
Samsung S80A,Samsung , LS27A804NMNXGO | S27A804NMN | ,"27"" ",3840 x 2160 ,60 Hz ,,IPS ,16:9 ,Black ,300 cd/m² ,0.156 mm ,Yes ,No ,None ,No ,,178° H x 178° V , 1 x DisplayPort 1.2 | 1 x HDMI 2.0 | 
Samsung S70A,Samsung ,LS32A700NWNXZA ,"32"" ",3840 x 2160 ,60 Hz ,,VA ,16:9 ,Black ,300 cd/m² ,0.184 mm ,Yes ,No ,None ,No ,,178° H x 178° V , 1 x DisplayPort 1.2 | 1 x HDMI 2.0 | 
Samsung SE790,Samsung ,LS34E790CNS/ZA ,"34"" ",3440 x 1440 ,,,VA ,21:9 ,,300 cd/m² ,0.232 mm ,Yes ,Yes ,None ,No ,,178° H x 178° V , 1 x DisplayPort | 2 x HDMI | 
Acer EI342CKR Sbmiipphx,Acer , UM.CE2AA.S01 | EI342CKR Sbmiipphx | ,"34"" ",3440 x 1440 ,144 Hz ,,VA ,21:9 ,Black ,400 cd/m² ,0.232 mm ,Yes ,Yes ,FreeSync Premium Pro ,Yes ,75 x 75 ,178° H x 178° V , 2 x DisplayPort | 1 x HDMI | 
Acer ED270 Xbmiipx,Acer , UM.HE0AA.X01 | ED270 Xbmiipx | ,"27"" ",1920 x 1080 ,165 Hz ,,VA ,16:9 ,Black ,250 cd/m² ,0.311 mm ,Yes ,Yes ,FreeSync ,Yes ,75 x 75 ,178° H x 178° V , 1 x DisplayPort | 1 x HDMI | 
Acer ED273U Abmiipx,Acer , UM.HE3AA.A02 | ED273U Abmiipx | ,"27"" ",2560 x 1440 ,75 Hz ,,VA ,16:9 ,Black ,250 cd/m² ,0.233 mm ,Yes ,Yes ,FreeSync ,Yes ,75 x 75 ,178° H x 178° V , 1 x DisplayPort | 1 x HDMI | 
Acer QG271 bi,Acer , UM.HQ1AA.004 | QG271 bi | ,"27"" ",1920 x 1080 ,75 Hz ,,VA ,16:9 ,Black ,300 cd/m² ,0.311 mm ,Yes ,No ,FreeSync ,No ,100 x 100 ,178° H x 178° V , 1 x HDMI 1.4 | 1 x VGA | 
Acer XV272 Mbmiiprx,Acer , UM.HX2AA.M02 | XV272 Mbmiiprx | ,"27"" ",1920 x 1080 ,165 Hz ,,IPS ,16:9 ,Black ,400 cd/m² ,0.311 mm ,Yes ,No ,FreeSync Premium ,No ,100 x 100 ,178° H x 178° V , 1 x DisplayPort 1.2 | 1 x HDMI 2.0 | 
Acer XZ273U Pbmiiphx,Acer , UM.HX3AA.P07 | XZ273U Pbmiiphx | ,"27"" ",2560 x 1440 ,170 Hz ,,VA ,16:9 ,Black ,400 cd/m² ,0.233 mm ,Yes ,Yes ,FreeSync Premium ,Yes ,100 x 100 ,178° H x 178° V , 1 x DisplayPort | 1 x HDMI | 
Acer RG321QU Pbiipx,Acer , UM.JR1AA.P01 | RG321QU Pbiipx | ,"31.5"" ",2560 x 1440 ,165 Hz ,,IPS ,16:9 ,Black ,250 cd/m² ,0.272 mm ,Yes ,No ,FreeSync Premium ,No ,100 x 100 ,178° H x 178° V , 1 x DisplayPort 1.4 | 1 x HDMI 2.0 | 
Acer XV322QK Kvbmiiphuzx,Acer , UM.JX2AA.V02 | XV322QK Kvbmiiphuzx | ,"31.5"" ",3840 x 2160 ,144 Hz ,1 ms ,IPS ,16:9 ,Black ,400 cd/m² ,0.182 mm ,Yes ,No ,FreeSync Premium ,No ,100 x 100 ,178° H x 178° V , 1 x DisplayPort 1.4 | 1 x HDMI 2.1 | 
Acer SB241Y Abi,Acer , UM.QS1AA.A01 | SB241Y Abi | ,"23.8"" ",1920 x 1080 ,75 Hz ,,VA ,16:9 ,Black ,250 cd/m² ,0.274 mm ,Yes ,No ,None ,No ,,178° H x 178° V , 1 x HDMI 1.4 | 1 x VGA | 
Acer KA220HQ bid,Acer , UM.WX0AA.004 | KA220HQ bid | ,"21.5"" ",1920 x 1080 ,,,TN ,16:9 ,Black ,200 cd/m² ,0.248 mm ,Yes ,No ,None ,No ,100 x 100 ,, 1 x HDMI | 1 x VGA | 
Dell P2418HT,Dell , 210-ALCS | P2418HT | F5KWP | 210-AKBD | ,"24"" ",1920 x 1080 ,60 Hz ,6 ms ,IPS ,16:9 ,,250 cd/m² ,0.277 mm ,Yes ,No ,None ,No ,,178° H x 178° V , 1 x DisplayPort | 1 x HDMI | 1 x VGA | 
Dell C2422HE,Dell , 210-AYPJ | C2422HE | X1DXK | ,"23.8"" ",1920 x 1080 ,60 Hz ,5 ms ,IPS ,16:9 ,,250 cd/m² ,0.274 mm ,Yes ,No ,None ,Yes ,,178° H x 178° V , 1 x DisplayPort | 1 x HDMI | 1 x USB Type-C | 
Dell E2222HS,Dell , 210-BBBK | E2222HS | P26RD | ,"21.45"" ",1920 x 1080 ,60 Hz ,5 ms ,VA ,16:9 ,,250 cd/m² ,0.247 mm ,Yes ,No ,None ,No ,100 x 100 ,178° H x 178° V , 1 x DisplayPort | 1 x HDMI | 1 x VGA | 
Dell E2222H,Dell , 210-BBBO | E2222H | C2VGC | ,"21.5"" ",1920 x 1080 ,60 Hz ,5 ms ,VA ,16:9 ,,250 cd/m² ,0.248 mm ,Yes ,No ,None ,No ,100 x 100 ,178° H x 178° V , 1 x DisplayPort | 1 x VGA | 
Dell SE2723DS,Dell , 210-BENW | SE2723DS | KXTCK | ,"27"" ",2560 x 1440 ,75 Hz ,,IPS ,16:9 ,,350 cd/m² ,0.233 mm ,Yes ,No ,FreeSync ,No ,100 x 100 ,178° H x 178° V , 1 x DisplayPort 1.2 | 2 x HDMI 1.4 | 
LG 22MN430M-B,LG , 22MN430M-B | 22MN430M-B.AUS | ,"21.5"" ",1920 x 1080 ,75 Hz ,5 ms ,IPS ,16:9 ,,250 cd/m² ,0.248 mm ,Yes ,No ,FreeSync ,No ,75 x 75 ,178° H x 178° V , 2 x HDMI | 1 x VGA | 
LG 24GL650-B,LG , 24GL650-B | 24GL650-B.AEU | ,"24"" ",1920 x 1080 ,144 Hz ,1 ms ,TN ,16:9 ,,300 cd/m² ,0.277 mm ,Yes ,No ,FreeSync ,No ,100 x 100 ,170° H x 160° V , 1 x DisplayPort | 2 x HDMI | 
LG 24LQ510S-PU,LG ,24LQ510S-PU ,"23.6"" ",1366 x 768 ,83 Hz ,14 ms ,,16:9 ,,,0.383 mm ,Yes ,No ,None ,Yes ,,178° H x 178° V ,2 x HDMI 
LG 35WN75C-B,LG , 35WN75C-B | 35WN75C-B.AEU | ,"35"" ",3440 x 1440 ,100 Hz ,5 ms ,VA ,21:9 ,,300 cd/m² ,0.238 mm ,Yes ,Yes ,FreeSync ,Yes ,100 x 100 ,178° H x 178° V , 1 x DisplayPort | 2 x HDMI | 1 x USB Type-C | 
LG 27MK600M-B,LG , 27MK600M-B | 27MK600M-B.AUS | ,"27"" ",1920 x 1080 ,,,,16:9 ,,250 cd/m² ,0.311 mm ,Yes ,No ,FreeSync ,No ,100 x 100 ,178° H x 178° V , 2 x HDMI | 1 x VGA | 
LG 27ML600M-B,LG ,27ML600M-B ,"27"" ",1920 x 1080 ,60 Hz ,5 ms ,IPS ,16:9 ,,250 cd/m² ,0.311 mm ,Yes ,No ,FreeSync ,No ,100 x 100 ,178° H x 178° V , 2 x HDMI | 1 x VGA | 
LG 27MN60T-W,LG ,27MN60T-W ,"27"" ",1920 x 1080 ,75 Hz ,5 ms ,IPS ,16:9 ,,250 cd/m² ,0.311 mm ,Yes ,No ,FreeSync ,No ,100 x 100 ,178° H x 178° V , 2 x HDMI | 1 x VGA | 
LG 27MP40W-B,LG ,27MP40W-B ,"27"" ",1920 x 1080 ,75 Hz ,5 ms ,IPS ,16:9 ,,250 cd/m² ,0.311 mm ,Yes ,No ,FreeSync ,No ,75 x 75 ,178° H x 178° V , 1 x HDMI | 1 x VGA | 
LG 27UP80B-W,LG ,27UP80B-W ,"27"" ",3840 x 2160 ,60 Hz ,5 ms ,IPS ,16:9 ,,400 cd/m² ,0.156 mm ,Yes ,No ,FreeSync ,Yes ,100 x 100 ,178° H x 178° V , 1 x DisplayPort | 2 x HDMI | 1 x USB Type-C | 
LG 29WN600-W,LG , 29WN600-W | 29WN600-W.AEU | ,"29"" ",2560 x 1080 ,75 Hz ,5 ms ,IPS ,21:9 ,,250 cd/m² ,0.265 mm ,Yes ,No ,FreeSync ,Yes ,100 x 100 ,178° H x 178° V , 1 x DisplayPort | 2 x HDMI | 
MSI Optix MAG273R,MSI ,OPTIXMAG273R ,"27"" ",1920 x 1080 ,144 Hz ,,IPS ,16:9 ,,250 cd/m² ,0.311 mm ,Yes ,No ,None ,No ,100 x 100 ,178° H x 178° V , 1 x DisplayPort 1.2a | 12 x HDMI 2.0 | 
MSI Optix AG321CR,MSI , Optix AG321CR | 9S6-3DB45H-006 | ,"31.5"" ",1920 x 1080 ,165 Hz ,,VA ,16:9 ,,250 cd/m² ,0.363 mm ,Yes ,Yes ,FreeSync Premium ,No ,75 x 75 ,178° H x 178° V , 1 x DisplayPort 1.2 | 1 x HDMI 2.0 | 1 x HDMI 1.4 | 
MSI Optix G251PF,MSI ,Optix G251PF ,"24.5"" ",1920 x 1080 ,165 Hz ,1 ms ,IPS ,16:9 ,,400 cd/m² ,0.282 mm ,Yes ,No ,G-Sync Compatible ,No ,100 x 100 ,178° H x 178° V , 1 x DisplayPort 1.2a | 1 x HDMI 2.0b | 
MSI Modern MD272QP,MSI , Modern MD272QP | 9S6-3PB19H-010 | ,"27"" ",2560 x 1440 ,75 Hz ,,IPS ,16:9 ,,250 cd/m² ,0.233 mm ,Yes ,No ,None ,Yes ,75 x 75 ,178° H x 178° V , 1 x DisplayPort 1.4 | 1 x HDMI 1.2 | 1 x USB Type-C | 
ViewSonic VG2448A,ViewSonic , VG2448A | VG2448A-2 | ,"24"" ",1920 x 1080 ,,5 ms ,IPS ,16:9 ,,250 cd/m² ,0.277 mm ,Yes ,No ,None ,Yes ,100 x 100 ,178° H x 178° V , 1 x DisplayPort | 1 x HDMI 1.4 | 1 x VGA | 
ViewSonic VP3268A-4K,ViewSonic ,VP3268A-4K ,"32"" ",3840 x 2160 ,,5 ms ,IPS ,16:9 ,,350 cd/m² ,0.184 mm ,Yes ,No ,None ,Yes ,100 x 100 ,178° H x 178° V , 1 x DisplayPort | 2 x HDMI 2.0 | 1 x USB Type-C | 
ViewSonic VX2468-PC-MHD,ViewSonic ,VX2468-PC-MHD ,"24"" ",1920 x 1080 ,165 Hz ,2 ms ,VA ,16:9 ,,250 cd/m² ,0.277 mm ,Yes ,Yes ,FreeSync Premium ,Yes ,100 x 100 ,178° H x 178° V , 1 x DisplayPort | 2 x HDMI 2.0 | 
ViewSonic VX2768-PC-MHD,ViewSonic ,VX2768-PC-MHD ,"27"" ",1920 x 1080 ,165 Hz ,3 ms ,VA ,16:9 ,,250 cd/m² ,0.311 mm ,Yes ,Yes ,FreeSync Premium ,Yes ,100 x 100 ,178° H x 178° V , 1 x DisplayPort | 2 x HDMI 1.4 | 
ViewSonic XG250,ViewSonic ,XG250 ,"25"" ",1920 x 1080 ,240 Hz ,,IPS ,16:9 ,,400 cd/m² ,0.288 mm ,Yes ,No ,G-Sync Compatible ,Yes ,100 x 100 ,178° H x 178° V , 1 x DisplayPort | 2 x HDMI 2.0 | 
ViewSonic VX2467-MHD,ViewSonic ,VX2467-MHD ,"24"" ",1920 x 1080 ,75 Hz ,4 ms ,VA ,16:9 ,,250 cd/m² ,0.277 mm ,Yes ,No ,FreeSync ,Yes ,100 x 100 ,178° H x 178° V , 1 x DisplayPort | 1 x HDMI 1.4 | 1 x VGA | 
Asus ROG Swift PG329Q-W,Asus , 90LM06L2-B011B0 | ROG-Swift-PG329Q-W | PG329Q-W | ,"32"" ",2560 x 1440 ,175 Hz ,1 ms ,IPS ,16:9 ,,450 cd/m² ,0.277 mm ,Yes ,No ,G-Sync Compatible ,No ,100 x 100 ,178° H x 178° V , 1 x DisplayPort 1.2 | 2 x HDMI 2.0 | 
Asus ROG Strix XG279Q,Asus , 90LM05D0-B013B0 | ROG-STRIX-XG279Q | XG279Q | ,"27"" ",2560 x 1440 ,170 Hz ,1 ms ,IPS ,16:9 ,,400 cd/m² ,0.233 mm ,Yes ,No ,G-Sync Compatible ,Yes ,100 x 100 ,178° H x 178° V , 1 x DisplayPort 1.2 | 2 x HDMI 2.0 | 
iiyama GB2770HSU-B1,iiyama ,GB2770HSU-B1 ,"27"" ",1920 x 1080 ,165 Hz ,,IPS ,16:9 ,Black ,250 cd/m² ,0.311 mm ,Yes ,No ,FreeSync ,Yes ,100 x 100 ,178° H x 178° V , 1 x DisplayPort | 1 x HDMI | 
Monoprice 30673,Monoprice ,30673 ,"23.8"" ",2560 x 1440 ,144 Hz ,,VA ,16:9 ,Black ,250 cd/m² ,0.206 mm ,Yes ,No ,FreeSync ,No ,,170° H x 160° V , 1 x DisplayPort 1.2a | 1 x DVI-D Dual Link | 2 x HDMI 2.0 | 
ASRock PG34WQ15R2B,ASRock , PG34WQ15R2B | 90LXA060-A0E2A0V | ,"34"" ",3440 x 1440 ,165 Hz ,,VA ,21:9 ,Black ,500 cd/m² ,0.232 mm ,Yes ,Yes ,FreeSync Premium ,Yes ,100 x 100 ,178° H x 178° V , 1 x DisplayPort 1.4 | 2 x HDMI 2.0 | 
HP M24FW,HP ,M24FW ,"23.8"" ",1920 x 1080 ,75 Hz ,5 ms ,IPS ,16:9 ,White / Silver ,300 cd/m² ,0.274 mm ,Yes ,No ,FreeSync ,No ,,178° H x 178° V , 1 x HDMI 1.4 | 1 x VGA | 
Acer CM2241W,Acer ,UM.FC1AA.001 ,"24"" ",1920 x 1200 ,60 Hz ,,IPS ,16:10 ,Black / Brown ,350 cd/m² ,0.269 mm ,Yes ,No ,FreeSync ,Yes ,100 x 100 ,178° H x 178° V , 1 x DisplayPort | 1 x HDMI | 
Acer 27HC5UR BMIIPX,Acer ,UM.HW0AA.003 ,"27"" ",2560 x 1440 ,75 Hz ,,VA ,16:9 ,Black ,250 cd/m² ,0.233 mm ,Yes ,Yes ,None ,No ,75 x 75 ,178° H x 178° V , 1 x DisplayPort | 2 x HDMI | 
Acer EG241Y Pbmiipx,Acer ,UM.QE1AA.P01 ,"23.8"" ",1920 x 1080 ,165 Hz ,,VA ,16:9 ,Black ,250 cd/m² ,0.274 mm ,Yes ,No ,FreeSync ,Yes ,,178° H x 178° V , 1 x DisplayPort | 2 x HDMI | 
Acer B227Q Abmiprx,Acer ,UM.WB7AA.A03 ,"21.5"" ",1920 x 1080 ,75 Hz ,,VA ,16:9 ,Black ,250 cd/m² ,0.248 mm ,Yes ,No ,None ,Yes ,100 x 100 ,178° H x 178° V , 1 x DisplayPort | 1 x HDMI | 1 x VGA | 
Acer UT222Q,Acer ,UM.WW2AA.001 ,"21.5"" ",1920 x 1080 ,60 Hz ,,IPS ,16:9 ,Black ,250 cd/m² ,0.248 mm ,Yes ,No ,FreeSync ,Yes ,100 x 100 ,178° H x 178° V , 1 x DisplayPort | 1 x HDMI | 1 x VGA | 
Acer XB273 Pbmiprzx,Acer , XB273 Pbmiprzx | UM.HX3AA.P04 | ,"27"" ",1920 x 1080 ,144 Hz ,,IPS ,16:9 ,Black ,400 cd/m² ,0.311 mm ,Yes ,No ,G-Sync ,Yes ,100 x 100 ,178° H x 178° V , 1 x DisplayPort | 1 x HDMI | 
AOC AG323QCX2,AOC ,AG323QCX2 ,"31.5"" ",2560 x 1440 ,144 Hz ,4 ms ,VA ,16:9 ,Black ,400 cd/m² ,0.272 mm ,Yes ,Yes ,FreeSync ,Yes ,100 x 100 ,178° H x 178° V , 2 x DisplayPort 1.4 | 2 x HDMI 2.0 | 
Lenovo G24qe-20,Lenovo , 66E0GCR1US | 66E0GAR1EU | ,"23.8"" ",2560 x 1440 ,110 Hz ,,IPS ,16:9 ,Black ,300 cd/m² ,0.206 mm ,Yes ,No ,FreeSync ,No ,100 x 100 ,178° H x 178° V , 1 x DisplayPort 1.2 | 1 x HDMI 2.0 | 
Samsung C49G93TSSR,Samsung ,LC49G93TSSRXEN ,"49"" ",5120 x 1440 ,240 Hz ,1 ms ,VA ,32:9 ,Black ,420 cd/m² ,0.234 mm ,Yes ,Yes , FreeSync Premium Pro | G-Sync Compatible | ,No ,100 x 100 ,178° H x 178° V , 1 x DisplayPort | 1 x HDMI | 
Acer Predator X34 S,Acer ,UM.CX0AA.S03 ,"34"" ",3440 x 1440 ,144 Hz ,1 ms ,IPS ,21:9 ,Black ,550 cd/m² ,0.232 mm ,Yes ,Yes ,G-Sync ,Yes ,100 x 100 ,178° H x 178° V , 1 x DisplayPort 1.4 | 1 x HDMI 2.0 | 
INNOCN 27C1U-D,INNOCN ,27C1U-D ,"27"" ",3840 x 2160 ,60 Hz ,,IPS ,16:9 ,Black ,400 cd/m² ,0.156 mm ,Yes ,No ,None ,No ,,178° H x 178° V , 1 x DisplayPort 1.4 | 1 x HDMI 2.0 | 1 x USB Type-C | 
Samsung Space SR750,Samsung ,LS27R750QEUXEN ,"27"" ",2560 x 1440 ,144 Hz ,4 ms ,VA ,16:9 ,Black ,250 cd/m² ,0.233 mm ,Yes ,No ,None ,No ,,178° H x 178° V , 1 x Mini-DisplayPort | 1 x HDMI 2.0 | 
ASRock CL27FF,ASRock , CL27FF | 90LXA090-A0E0A0N | ,"27"" ",1920 x 1080 ,100 Hz ,4 ms ,IPS ,16:9 ,Black ,300 cd/m² ,0.311 mm ,Yes ,No ,FreeSync ,No ,100 x 100 ,178° H x 178° V , 1 x HDMI 1.4 | 1 x VGA | 
MSI G2412V,MSI ,G2412V ,"23.8"" ",1920 x 1080 ,100 Hz ,,IPS ,16:9 ,Black ,300 cd/m² ,0.274 mm ,Yes ,No ,FreeSync ,No ,100 x 100 ,178° H x 178° V , 1 x DisplayPort 1.2a | 1 x HDMI 1.4 | 
Acer UM.HE1AA.H02,Acer ,UM.HE1AA.H02 ,"27"" ",1920 x 1080 ,100 Hz ,,VA ,16:9 ,Black ,250 cd/m² ,0.311 mm ,Yes ,No ,None ,Yes ,,178° H x 178° V ,
Acer Nitro ED240Q Sbiipx,Acer ,UM.UE0AA.S02 ,"23.6"" ",1920 x 1080 ,165 Hz ,,VA ,16:9 ,Black ,250 cd/m² ,0.272 mm ,Yes ,No ,FreeSync Premium ,No ,,178° H x 178° V , 1 x DisplayPort 1.4 | 1 x HDMI 2.0 | 
AOC 27G2E,AOC ,27G2E ,"27"" ",1920 x 1080 ,144 Hz ,,IPS ,16:9 ,Black / Red ,,0.311 mm ,Yes ,No , FreeSync | G-Sync Compatible | ,No ,100 x 100 ,178° H x 178° V ,
AOC C32G2E,AOC ,C32G2E ,"31.5"" ",1920 x 1080 ,165 Hz ,,VA ,16:9 ,Black / Red ,250 cd/m² ,0.363 mm ,Yes ,Yes ,FreeSync Premium ,No ,,178° H x 178° V , 1 x DisplayPort 1.2 | 2 x HDMI 2.0 | 1 x VGA | 
AOC CU32V3,AOC ,CU32V3 ,"31.5"" ",3840 x 2160 ,60 Hz ,4 ms ,VA ,16:9 ,Black ,,0.182 mm ,Yes ,Yes ,None ,No ,,, 1 x DisplayPort 1.2 | 2 x HDMI 2.0 | 
BenQ GW2480L,BenQ , GW2480L | 9H.LKYLJ.TPE | ,"23.8"" ",1920 x 1080 ,60 Hz ,5 ms ,IPS ,16:9 ,Black ,250 cd/m² ,0.274 mm ,Yes ,No ,None ,Yes ,100 x 100 ,178° H x 178° V , 1 x DisplayPort 1.2 | 1 x HDMI 1.4 | 1 x VGA | 
BenQ SW271C,BenQ ,SW271C ,"27"" ",3840 x 2160 ,60 Hz ,5 ms ,Mini LED ,16:9 ,Black ,300 cd/m² ,0.156 mm ,Yes ,No ,None ,No ,100 x 100 ,178° H x 178° V , 1 x DisplayPort 1.4 | 2 x HDMI 2.0 | 1 x USB Type-C | 
Dell E2223HN,Dell , DELL-E2223HN | E2223HN | NMH1R | ,"21.45"" ",1920 x 1080 ,60 Hz ,5 ms ,VA ,16:9 ,,250 cd/m² ,0.247 mm ,Yes ,No ,None ,No ,100 x 100 ,178° H x 178° V , 1 x HDMI | 1 x VGA | 
Dell E2423HN,Dell , DELL-E2423HN | E2423HN | X59KP | ,"23.8"" ",1920 x 1080 ,60 Hz ,5 ms ,VA ,16:9 ,Black ,250 cd/m² ,0.274 mm ,Yes ,No ,None ,No ,100 x 100 ,178° H x 178° V , 1 x HDMI | 1 x VGA | 
Dell P3222QE,Dell ,P3222QE ,"31.5"" ",3840 x 2160 ,60 Hz ,5 ms ,IPS ,16:9 ,Silver / Black ,350 cd/m² ,0.182 mm ,Yes ,No ,None ,No ,100 x 100 ,178° H x 178° V , 1 x DisplayPort 1.4 | 1 x HDMI 2.0 | 1 x USB Type-C 3.2 Gen 1 | 
Dell S2719NX,Dell ,S2719NX ,"27"" ",1920 x 1080 ,60 Hz ,5 ms ,,16:9 ,,250 cd/m² ,0.311 mm ,Yes ,No ,None ,No ,,178° H x 178° V ,2 x HDMI 1.4 
HP Z24n G3,HP ,1C4Z5AA#ABA ,"24"" ",1920 x 1200 ,60 Hz ,5 ms ,IPS ,16:10 ,Silver / Black ,350 cd/m² ,0.269 mm ,Yes ,No ,None ,No ,100 x 100 ,, 1 x DisplayPort 1.2 | 1 x HDMI 1.4 | 
HP P34hc G4,HP ,21Y56AA#ABA ,"34"" ",3440 x 1440 ,100 Hz ,5 ms ,VA ,21:9 ,Black ,250 cd/m² ,0.232 mm ,Yes ,Yes ,None ,Yes ,100 x 100 ,178° H x 178° V , 1 x HDMI 2.0 | 1 x USB Type-C | 
HP P24h G5,HP ,64W34AA#ABA ,"23.8"" ",1920 x 1080 ,75 Hz ,5 ms ,IPS ,16:9 ,Black ,250 cd/m² ,0.274 mm ,Yes ,No ,None ,Yes ,100 x 100 ,178° H x 178° V , 1 x DisplayPort 1.2 | 1 x HDMI 1.4 | 1 x VGA | 
HP E27q G4,HP ,9VG82A9#ABA ,"27"" ",2560 x 1440 ,60 Hz ,5 ms ,IPS ,16:9 ,Silver ,250 cd/m² ,0.233 mm ,Yes ,No ,None ,No ,100 x 100 ,178° H x 178° V , 1 x DisplayPort 1.2 | 1 x HDMI 1.4 | 1 x VGA | 
HP E27q G4,HP ,9VG82AA#ABA ,"27"" ",2560 x 1440 ,60 Hz ,5 ms ,IPS ,16:9 ,Silver ,250 cd/m² ,0.233 mm ,Yes ,No ,None ,No ,100 x 100 ,178° H x 178° V , 1 x DisplayPort 1.2 | 1 x HDMI 1.4 | 1 x VGA | 
Lenovo ThinkVision E28u-20,Lenovo ,62F9GAR4US ,"28"" ",3840 x 2160 ,60 Hz ,4 ms ,IPS ,16:9 ,Black ,300 cd/m² ,0.161 mm ,Yes ,No ,None ,Yes ,100 x 100 ,178° H x 178° V , 1 x DisplayPort 1.4 | 2 x HDMI 2.0 | 
LG 24BK550Y-I,LG , 24BK550YI | 24BK550Y-I.AEU | ,"23.8"" ",1920 x 1080 ,75 Hz ,5 ms ,IPS ,16:9 ,Black ,250 cd/m² ,0.274 mm ,Yes ,No ,None ,Yes ,100 x 100 ,178° H x 178° V , 1 x DisplayPort 1.2 | 1 x DVI-D Single Link | 1 x HDMI 1.4 | 1 x VGA | 
LG 24BP750C-B,LG , 24BP750C-B | 24BP750C-B.AEU | ,"23.8"" ",1920 x 1080 ,75 Hz ,5 ms ,IPS ,16:9 ,Black ,250 cd/m² ,0.274 mm ,Yes ,No ,None ,Yes ,,178° H x 178° V , 1 x DisplayPort 1.2 | 1 x HDMI | 1 x USB Type-C | 
LG 43BN70U-B,LG , 43BN70UB | 43BN70U-B.AEU | ,"42.5"" ",3840 x 2160 ,60 Hz ,8 ms ,IPS ,16:9 ,Black ,350 cd/m² ,0.245 mm ,Yes ,No ,None ,Yes ,200 x 200 ,178° H x 178° V , 1 x DisplayPort 1.2 | 2 x HDMI 1.4 | 2 x HDMI 2.0 | 1 x USB Type-C | 
MSI G321CQP E2,MSI ,G321CQP E2 ,"31.5"" ",2560 x 1440 ,170 Hz ,,VA ,16:9 ,Black ,250 cd/m² ,0.272 mm ,Yes ,Yes ,FreeSync ,No ,75 x 75 ,178° H x 178° V , 1 x DisplayPort 1.2a | 2 x HDMI 2.0b | 
MSI Optix G27C5 E2,MSI ,Optix G27C5 E2 ,"27"" ",1920 x 1080 ,170 Hz ,,VA ,16:9 ,Black ,250 cd/m² ,0.311 mm ,Yes ,Yes ,FreeSync ,No ,100 x 100 ,178° H x 178° V , 1 x DisplayPort 1.2a | 2 x HDMI 1.4 | 
MSI OPTIX G27C4W,MSI ,OPTIXG27C4W ,"27"" ",1920 x 1080 ,165 Hz ,,VA ,16:9 ,Black ,250 cd/m² ,0.311 mm ,Yes ,Yes ,FreeSync ,No ,100 x 100 ,178° H x 178° V , 1 x DisplayPort 1.2a | 2 x HDMI 1.4 | 
MSI OPTIX MAG270VC2,MSI ,OPTIXMAG270VC2 ,"27"" ",1920 x 1080 ,165 Hz ,,VA ,16:9 ,Black ,250 cd/m² ,0.311 mm ,Yes ,Yes ,FreeSync ,No ,75 x 75 ,178° H x 178° V , 1 x DisplayPort 1.2 | 1 x HDMI 1.4 | 
MSI Pro MP271C,MSI , ProMP271C | 9S6-3PA8CT-009 | ,"27"" ",1920 x 1080 ,75 Hz ,5 ms ,VA ,16:9 ,Black ,,0.311 mm ,Yes ,Yes ,FreeSync ,Yes ,100 x 100 ,178° H x 178° V , 1 x HDMI 1.4 | 1 x VGA | 
Philips 242B1H,Philips , 242B1H | 242B1H/27 | ,"23.8"" ",1920 x 1080 ,75 Hz ,4 ms ,IPS ,16:9 ,Black ,250 cd/m² ,0.274 mm ,Yes ,No ,FreeSync ,Yes ,100 x 100 ,178° H x 178° V , 1 x DisplayPort 1.2 | 1 x DVI-D Single Link | 1 x HDMI 1.4 | 1 x VGA | 
Samsung T37F,Samsung ,F24T374FWN ,"23.8"" ",1920 x 1080 ,75 Hz ,5 ms ,IPS ,16:9 ,Black ,250 cd/m² ,0.274 mm ,Yes ,No ,FreeSync ,No ,,178° H x 178° V , 1 x DisplayPort 1.2 | 1 x HDMI 1.4 | 
Samsung S80PB,Samsung , LS27B804PXNXGO | S27B804PXN | ,"27"" ",3840 x 2160 ,60 Hz ,5 ms ,IPS ,16:9 ,Black ,400 cd/m² ,0.156 mm ,Yes ,No ,None ,No ,100 x 100 ,178° H x 178° V , 1 x DisplayPort 1.4 | 1 x HDMI 2.0 | 
Samsung LS27CG512ENXZA,Samsung , LS27CG512ENXZA | S27CG512EN | ,"27"" ",2560 x 1440 ,165 Hz ,,VA ,16:9 ,Black ,300 cd/m² ,0.233 mm ,Yes ,No ,FreeSync Premium ,No ,100 x 100 ,178° H x 178° V , 1 x DisplayPort 1.4 | 2 x HDMI 1.4 | 
Samsung M80C,Samsung , LS32CM80GUNXZA | S32CM80GUN | ,"32"" ",3840 x 2160 ,60 Hz ,4 ms ,VA ,16:9 ,Green ,400 cd/m² ,0.184 mm ,Yes ,No ,None ,No ,100 x 100 ,178° H x 178° V , 1 x HDMI 2.0 | 1 x USB Type-C | 
Samsung S65UA,Samsung ,LS34A654UXNXGO ,"34"" ",3440 x 1440 ,100 Hz ,5 ms ,VA ,21:9 ,Black ,,0.232 mm ,Yes ,Yes ,FreeSync ,No ,100 x 100 ,178° H x 178° V ,
Razer Raptor,Razer ,RZ39-03500100-R3U1 ,"27"" ",2560 x 1440 ,165 Hz ,4 ms ,IPS ,16:9 ,Black ,350 cd/m² ,0.233 mm ,Yes ,No , FreeSync Premium | G-Sync Compatible | ,No ,,178° H x 17887° V , 1 x DisplayPort 1.4 | 1 x HDMI 2.0b | 1 x USB Type-C | 
Acer Nitro XV272U RV,Acer ,UM.HX2AA.V06 ,"27"" ",2560 x 1440 ,170 Hz ,1 ms ,IPS ,16:9 ,Black ,400 cd/m² ,0.233 mm ,Yes ,No ,FreeSync Premium ,Yes ,100 x 100 ,178° H x 178° V , 1 x DisplayPort 1.2 | 1 x HDMI 2.0 | 
Asus VG245HE,Asus , 90LM02V3-B01370 | VG245HE | ,"24"" ",1920 x 1080 ,75 Hz ,1 ms ,TN ,16:9 ,Black ,250 cd/m² ,0.277 mm ,Yes ,No ,FreeSync ,Yes ,,170° H x 160° V , 2 x HDMI | 1 x VGA | 
Samsung F24T650FYN,Samsung ,F24T650FYN ,"23.8"" ",1920 x 1080 ,75 Hz ,5 ms ,IPS ,16:9 ,Black ,250 cd/m² ,0.274 mm ,Yes ,No ,FreeSync ,Yes ,100 x 100 ,178° H x 178° V , 1 x DisplayPort 1.2 | 1 x DVI-D Dual Link | 1 x HDMI 1.4 | 
Planar PXN2480MW-WH,Planar , 998-0411-00 | PXN2480MW-WH | ,"23.8"" ",1920 x 1080 ,76 Hz ,7 ms ,IPS ,16:9 ,White ,250 cd/m² ,0.274 mm ,Yes ,No ,None ,No ,100 x 100 ,178° H x 178° V , 1 x DisplayPort | 1 x HDMI | 1 x VGA | 
YEYIAN Sigurd 3001,YEYIAN ,YMC-70102 ,"27"" ",1920 x 1080 ,165 Hz ,1 ms ,VA ,16:9 ,Black / Red ,250 cd/m² ,0.311 mm ,Yes ,Yes ,None ,No ,,178° H x 178° V , 1 x DisplayPort 1.2 | 1 x HDMI 1.4 | 
YEYIAN Sigurd 3501,YEYIAN ,YMG-2K32-01 ,"31.5"" ",2560 x 1440 ,165 Hz ,1 ms ,VA ,16:9 ,Black / Red ,250 cd/m² ,0.272 mm ,Yes ,Yes ,FreeSync ,Yes ,,178° H x 178° V , 1 x DisplayPort 1.2 | 2 x HDMI | 
HP Series 7 Pro 732pk,HP ,8Y2K9AA#ABA ,"31.5"" ",3840 x 2160 ,60 Hz ,5 ms ,IPS ,16:9 ,Silver / Black ,400 cd/m² ,0.182 mm ,Yes ,No ,None ,No ,100 x 100 ,178° H x 178° V , 1 x DisplayPort 1.4 | 1 x HDMI 2.0 | 1 x USB Type-C 4.0 Gen 3x2 | 
AOC 24G2SP/BK,AOC ,24G2SP/BK ,"23.8"" ",1920 x 1080 ,165 Hz ,,IPS ,16:9 ,Black / Red ,,0.274 mm ,Yes ,No , FreeSync Premium | G-Sync Compatible | ,No ,100 x 100 ,178° H x 178° V , 1 x DisplayPort 1.2 | 1 x HDMI 1.4 | 1 x VGA | 
MSI G274PF,MSI ,G274PF ,"27"" ",1920 x 1080 ,180 Hz ,1 ms ,IPS ,16:9 ,Black ,250 cd/m² ,0.311 mm ,Yes ,No ,G-Sync Compatible ,No ,75 x 75 ,178° H x 178° V , 1 x DisplayPort 1.2a | 2 x HDMI 2.0 | 
Pixio PX248 PRO,Pixio ,PX248PRO ,"24"" ",1920 x 1080 ,165 Hz ,1 ms ,IPS ,16:9 ,Black ,300 cd/m² ,0.277 mm ,Yes ,No ,FreeSync ,Yes ,100 x 100 ,178° H x 178° V , 1 x DisplayPort 1.2 | 2 x HDMI 2.0 | 
Samsung Odyssey G32A,Samsung ,LS24AG320NUXXU ,"24"" ",1920 x 1080 ,165 Hz ,,VA ,16:9 ,Black ,250 cd/m² ,0.277 mm ,Yes ,No ,FreeSync Premium ,No ,100 x 100 ,178° H x 178° V , 1 x DisplayPort 1.2 | 1 x HDMI 1.4 | 
Pixio PX32U WAVE,Pixio ,PX32UWAVEW ,"32"" ",3840 x 2160 ,144 Hz ,1 ms ,IPS ,16:9 ,White ,350 cd/m² ,0.184 mm ,Yes ,No ,FreeSync ,Yes ,75 x 75 ,178° H x 178° V , 2 x DisplayPort 1.4 | 2 x HDMI 2.1 | 
Lenovo L24e-20,Lenovo ,L24e-20 ,"23.8"" ",1920 x 1080 ,60 Hz ,4 ms ,VA ,16:9 ,Black ,250 cd/m² ,0.274 mm ,Yes ,No ,FreeSync ,No ,,178° H x 178° V , 1 x HDMI 1.4 | 1 x VGA | 
Acer SB272 EBI,Acer , UM.HS2AA.E02 | SB272 EBI | ,"27"" ",1920 x 1080 ,100 Hz ,,IPS ,16:9 ,Black ,250 cd/m² ,0.311 mm ,Yes ,No ,FreeSync ,No ,75 x 75 ,178° H x 178° V , 1 x HDMI | 1 x VGA | 
Pixio PXC248 Wave,Pixio ,PXC248WAVE ,"24"" ",1920 x 1080 ,200 Hz ,1 ms ,VA ,16:9 ,Black ,,0.277 mm ,Yes ,Yes ,FreeSync ,Yes ,100 x 100 ,178° H x 178° V , 1 x DisplayPort 1.4 | 1 x HDMI 2.0 | 
HP V214a,HP ,1FR84AT#ABU ,"20.7"" ",1920 x 1080 ,60 Hz ,,TN ,16:9 ,Black ,200 cd/m² ,0.239 mm ,Yes ,No ,None ,Yes ,,90° H x 65° V , 1 x HDMI | 1 x VGA | 
Philips 240B9/00,Philips , 240B9/00 | 240B9 | 240B9/27 | ,"24.1"" ",1920 x 1200 ,75 Hz ,4 ms ,IPS ,16:10 ,Black ,300 cd/m² ,0.27 mm ,Yes ,No ,None ,Yes ,,178° H x 178° V , 1 x DisplayPort 1.2 | 1 x DVI | 1 x HDMI 1.4 | 1 x VGA | 
MSI G245CV,MSI ,G245CV ,"23.6"" ",1920 x 1080 ,100 Hz ,,VA ,16:9 ,Black ,250 cd/m² ,0.272 mm ,Yes ,Yes ,FreeSync ,No ,,178° H x 178° V , 1 x DisplayPort 1.2a | 1 x HDMI 1.4 | 
Acer ED323QU Z1bmiipx,Acer , ED323QU Z1bmiipx | UM.JE3AA.101 | ,"31.5"" ",2560 x 1440 ,280 Hz ,,VA ,16:9 ,Black ,250 cd/m² ,0.272 mm ,Yes ,Yes ,FreeSync Premium ,Yes ,100 x 100 ,178° H x 178° V , 1 x DisplayPort 1.4 | 2 x HDMI 2.1 | 
LG 34BQ60QC-B,LG ,34BQ60QC-B ,"34"" ",3440 x 1440 ,60 Hz ,5 ms ,IPS ,21:9 ,Black ,300 cd/m² ,0.232 mm ,Yes ,Yes ,None ,No ,100 x 100 ,178° H x 178° V , 1 x DisplayPort 1.4 | 2 x HDMI 2.0 | 
KTC M27P20 Pro,KTC ,M27P20 Pro ,"27"" ",3840 x 2160 ,144 Hz ,,IPS ,16:9 ,Black ,1000 cd/m² ,0.156 mm ,Yes ,No , FreeSync | G-Sync Compatible | ,Yes ,,178° H x 178° V , 1 x DisplayPort 1.4 | 1 x HDMI 2.1 | 
Samsung LU32J590UQUXEN,Samsung ,LU32J590UQUXEN ,"32"" ",3840 x 2160 ,60 Hz ,4 ms ,VA ,16:9 ,Black ,270 cd/m² ,0.184 mm ,Yes ,No ,FreeSync ,No ,,178° H x 178° V , 1 x DisplayPort | 2 x HDMI | 
Dell UP3017,Dell , UP3017 | UP3017 210-AJLU | ,"30"" ",2560 x 1600 ,60 Hz ,6 ms ,IPS ,16:10 ,,350 cd/m² ,0.252 mm ,Yes ,No ,None ,No ,,178° H x 178° V , 1 x DisplayPort | 1 x Mini-DisplayPort | 2 x HDMI | 
LG 27UK670-B,LG , 27UK670-B | 27UK670-B.AEU | ,"27"" ",3840 x 2160 ,75 Hz ,5 ms ,IPS ,16:9 ,Black ,300 cd/m² ,0.156 mm ,Yes ,No ,FreeSync ,No ,,178° H x 178° V , 1 x DisplayPort | 2 x HDMI | 
ViewSonic VX3267U-2K,ViewSonic ,VX3267U-2K ,"31.5"" ",2560 x 1440 ,75 Hz ,4 ms ,IPS ,16:9 ,Black ,250 cd/m² ,0.272 mm ,Yes ,No ,None ,Yes ,100 x 100 ,178° H x 178° V , 1 x DisplayPort | 1 x HDMI 1.4 | 1 x USB Type-C | 
AOC AGON AG405UXC,AOC ,AG405UXC ,"40"" ",3440 x 1440 ,144 Hz ,4 ms ,IPS ,21:9 ,Black ,400 cd/m² ,0.272 mm ,Yes ,No ,FreeSync ,No ,100 x 100 ,178° H x 178° V , 1 x DisplayPort 1.4 | 2 x HDMI 2.0 | 1 x USB Type-C 3.2 Gen 2 | 
Planar PXN2400,Planar ,998-2121-00 ,"23.8"" ",1920 x 1080 ,60 Hz ,5 ms ,IPS ,16:9 ,Black ,250 cd/m² ,0.274 mm ,Yes ,No ,None ,Yes ,100 x 100 ,178° H x 178° V , 1 x DisplayPort | 1 x HDMI | 1 x VGA | 
Samsung F24T454GYN,Samsung ,F24T454GYN ,"24"" ",1920 x 1200 ,75 Hz ,,IPS ,16:10 ,Black ,250 cd/m² ,0.269 mm ,Yes ,No ,None ,Yes ,100 x 100 ,178° H x 178° V , 1 x DisplayPort 1.2 | 1 x HDMI 1.4 | 
HP LE1751g,HP ,EM889A8#ABA ,"17"" ",1280 x 1024 ,,5 ms ,,5:4 ,,250 cd/m² ,0.263 mm ,No ,No ,None ,No ,,160° H x 160° V , 1 x DVI | 1 x VGA | 
Nixeus NX-EDG27,Nixeus ,NX-EDG27 ,"27"" ",2560 x 1440 ,144 Hz ,4 ms ,IPS ,16:9 ,,300 cd/m² ,0.233 mm ,Yes ,No ,FreeSync ,Yes ,,178° H x 178° V , 1 x DisplayPort | 1 x DVI-D Dual Link | 2 x HDMI | 
Acer B227Q bmipr,Acer ,UM.WB7AA.002 ,"21.5"" ",1920 x 1080 ,75 Hz ,4 ms ,IPS ,16:9 ,Black ,250 cd/m² ,0.248 mm ,Yes ,No ,FreeSync ,Yes ,,178° H x 178° V , 1 x DisplayPort | 1 x HDMI | 1 x VGA | 
ViewEra V198HB,ViewEra ,V198HB ,"19"" ",1280 x 1024 ,60 Hz ,5 ms ,TN ,5:4 ,Black ,250 cd/m² ,0.294 mm ,No ,No ,None ,Yes ,,170° H x 160° V , 1 x BNC | 1 x HDMI | 1 x VGA | 
Nixeus NX-EDG27 v2,Nixeus ,NX-EDG27 v2 ,"27"" ",2560 x 1440 ,144 Hz ,4 ms ,IPS ,16:9 ,Black ,300 cd/m² ,0.233 mm ,Yes ,No ,FreeSync Premium ,Yes ,,178° H x 178° V , 2 x DisplayPort | 2 x HDMI | 
MSI Optix MAG342CQRV,MSI , Optix MAG342CQRV | 9S6-3DB65H-007 | 9S6-3DB65H-022 | ,"34"" ",3440 x 1440 ,100 Hz ,,VA ,21:9 ,Black ,250 cd/m² ,0.232 mm ,Yes ,Yes ,FreeSync ,No ,,178° H x 178° V , 1 x DisplayPort | 2 x HDMI | 
LG 34WP500-B,LG , 34WP500-B | 34WP500-B.AEU | 34WP500-B.AUS | ,"34"" ",2560 x 1080 ,75 Hz ,5 ms ,IPS ,21:9 ,,250 cd/m² ,0.311 mm ,Yes ,No ,FreeSync ,No ,100 x 100 ,178° H x 178° V ,2 x HDMI 
HP E27u G4,HP ,189T3AA#ABA ,"27"" ",2560 x 1440 ,,5 ms ,AHVA ,16:9 ,,250 cd/m² ,0.233 mm ,Yes ,No ,None ,No ,,178° H x 178° V ,1 x HDMI 1.4 
HP P22h G5,HP ,64W30AA#ABA ,"21.5"" ",1920 x 1080 ,75 Hz ,5 ms ,IPS ,16:9 ,Black ,250 cd/m² ,0.248 mm ,Yes ,No ,None ,Yes ,100 x 100 ,178° H x 178° V , 1 x DisplayPort 1.2 | 1 x HDMI 1.4 | 
ViewSonic VA2719-2K-SMHD,ViewSonic , VA2719-2K-SMHD | VA2719-2K | ,"27"" ",2560 x 1440 ,60 Hz ,14 ms ,IPS ,16:9 ,,300 cd/m² ,0.233 mm ,Yes ,No ,None ,Yes ,,178° H x 178° V , 1 x DisplayPort | 2 x HDMI | 
Samsung C49J890DKE,Samsung , C49J890DKE | LC49J890DKEXXY | ,"48.9"" ",3840 x 1080 ,144 Hz ,5 ms ,VA ,32:9 ,Black ,300 cd/m² ,0.311 mm ,Yes ,No ,None ,Yes ,,178° H x 178° V , 1 x DisplayPort | 1 x HDMI | 
LG 27BK67U-B,LG ,27BK67U-B ,"27"" ",3840 x 2160 ,60 Hz ,5 ms ,IPS ,16:9 ,Black ,240 cd/m² ,0.156 mm ,Yes ,No ,FreeSync ,No ,,178° H x 178° V ,2 x HDMI 
LG 24BK400H-B,LG ,24BK400H-B ,"24"" ",1920 x 1080 ,75 Hz ,1 ms ,TN ,16:9 ,,200 cd/m² ,0.277 mm ,Yes ,No ,FreeSync ,No ,,90° H x 65° V , 1 x HDMI | 1 x VGA | 
Eizo EV2451-BK,Eizo ,EV2451-BK ,"23.8"" ",1920 x 1080 ,60 Hz ,5 ms ,IPS ,16:9 ,Black ,250 cd/m² ,0.274 mm ,Yes ,No ,None ,Yes ,,178° H x 178° V , 1 x DisplayPort | 1 x DVI-D Dual Link | 1 x HDMI | 1 x VGA | 
Samsung FT45,Samsung ,LF24T452FQNXGO ,"24"" ",1920 x 1080 ,75 Hz ,5 ms ,IPS ,16:9 ,Black ,250 cd/m² ,0.277 mm ,Yes ,No ,FreeSync ,No ,,178° H x 178° V , 1 x DisplayPort 1.2 | 1 x HDMI 1.4 | 
Samsung S60UA,Samsung , LS24A600UCNXGO | S24A600UCN | ,"24"" ",2560 x 1440 ,75 Hz ,,IPS ,16:9 ,Black ,300 cd/m² ,0.208 mm ,Yes ,No ,FreeSync ,No ,,178° H x 178° V , 1 x DisplayPort 1.2 | 1 x HDMI 1.4 | 1 x USB Type-C | 
Dell UP2720Q,Dell , 210-AVBP | UP2720Q | FYF16 | ,"27"" ",3840 x 2160 ,60 Hz ,6 ms ,IPS ,16:9 ,,250 cd/m² ,0.156 mm ,Yes ,No ,None ,No ,100 x 100 ,178° H x 178° V , 1 x DisplayPort 1.4 | 2 x HDMI 2.0 | 1 x USB Type-C | 
Dell E2422HS,Dell , 210-BBUT | MDNX3 | E2422HS | ,"24"" ",1920 x 1080 ,60 Hz ,5 ms ,IPS ,16:9 ,,250 cd/m² ,0.277 mm ,Yes ,No ,None ,Yes ,100 x 100 ,178° H x 178° V , 1 x DisplayPort 1.2 | 1 x HDMI 1.4 | 1 x VGA | 
LG 34WP50S-W,LG ,34WP50S-W ,"34"" ",2560 x 1080 ,75 Hz ,5 ms ,IPS ,21:9 ,,250 cd/m² ,0.311 mm ,Yes ,No ,FreeSync ,No ,100 x 100 ,178° H x 178° V ,2 x HDMI 
ViewSonic VA2747-MH,ViewSonic ,VA2747-MH ,"27"" ",1920 x 1080 ,,5 ms ,VA ,16:9 ,,250 cd/m² ,0.311 mm ,Yes ,No ,None ,Yes ,,178° H x 178° V , 1 x HDMI 1.4 | 1 x VGA | 
iiyama ProLite XUB2595WSU-B1,iiyama ,XUB2595WSU-B1 ,"25"" ",1920 x 1200 ,75 Hz ,4 ms ,IPS ,16:10 ,Black ,,0.28 mm ,Yes ,No ,FreeSync ,No ,100 x 100 ,, 1 x DisplayPort | 1 x HDMI | 1 x VGA | 
AOC AGON Pro AG274QXM,AOC , AG274QXM | AGON Pro AG274QXM | ,"27"" ",2560 x 1440 ,170 Hz ,1 ms ,IPS ,16:9 ,Black / Red ,,0.233 mm ,Yes ,No , FreeSync Premium Pro | G-Sync Compatible | ,Yes ,100 x 100 ,, 1 x DisplayPort 1.4 | 2 x HDMI 2.0 | 1 x USB Type-C 3.2 Gen 2 | 
Acer PREDATOR X32 FP,Acer ,UM.JX0EE.P02 ,"32"" ",3840 x 2160 ,165 Hz ,1 ms ,IPS Mini LED ,16:9 ,Black ,1200 cd/m² ,0.184 mm ,Yes ,No ,FreeSync Premium Pro ,Yes ,100 x 100 ,178° H x 178° V , 1 x DisplayPort 1.4 | 1 x HDMI 2.1 | 1 x USB Type-C | 
Asus VA34VCPSN,Asus , 90LM08JJ-B011B0 | VA34VCPSN | ,"34"" ",3440 x 1440 ,100 Hz ,4 ms ,VA ,21:9 ,Black ,300 cd/m² ,0.232 mm ,Yes ,Yes ,FreeSync ,Yes ,100 x 100 ,178° H x 178° V , 1 x DisplayPort 1.4 | 1 x HDMI 2.0 | 1 x USB Type-C | 
Asus VA24ECPSN,Asus , 90LM056J-B011B0 | VA24ECPSN | 90LM056J-B01170 | 90LM056J-B021B0 | ,"23.8"" ",1920 x 1080 ,75 Hz ,5 ms ,IPS ,16:9 ,Black ,300 cd/m² ,0.274 mm ,Yes ,No ,FreeSync ,Yes ,100 x 100 ,178° H x 178° V , 1 x DisplayPort 1.2 | 1 x HDMI 1.4 | 1 x USB Type-C | 
LG 24BL450Y-B,LG ,24BL450Y-B ,"23.8"" ",1920 x 1080 ,75 Hz ,5 ms ,IPS ,16:9 ,Black ,250 cd/m² ,0.274 mm ,Yes ,No ,None ,Yes ,100 x 100 ,178° H x 178° V , 1 x DisplayPort 1.2 | 1 x HDMI 1.4 | 
Philips 275B1,Philips , 275B1 | 275B1/27 | ,"27"" ",2560 x 1440 ,75 Hz ,4 ms ,,16:9 ,Black ,350 cd/m² ,0.233 mm ,Yes ,No ,FreeSync ,Yes ,100 x 100 ,178° H x 178° V , 1 x DisplayPort 1.2 | 1 x DVI-D Single Link | 1 x HDMI 1.4 | 
ViewSonic VG2757V-2K,ViewSonic ,VG2757V-2K ,"27"" ",2560 x 1440 ,100 Hz ,5 ms ,IPS ,16:9 ,Black ,350 cd/m² ,0.233 mm ,Yes ,No ,None ,Yes ,100 x 100 ,178° H x 178° V , 1 x DisplayPort | 1 x HDMI 2.0 | 1 x USB Type-C 3.2 Gen 2 | 
HP 724pn,HP ,8X534AA#ABA ,"24"" ",1920 x 1200 ,100 Hz ,5 ms ,IPS ,16:10 ,Silver ,350 cd/m² ,0.269 mm ,Yes ,No ,None ,No ,100 x 100 ,178° H x 178° V , 1 x DisplayPort 1.2 | 1 x HDMI 1.4 | 
Pixio PX27U Wave,Pixio ,PX27UWAVEB ,"27"" ",3840 x 2160 ,160 Hz ,1 ms ,IPS ,16:9 ,Blue ,400 cd/m² ,0.156 mm ,Yes ,No ,FreeSync ,Yes ,100 x 100 ,178° H x 178° V , 2 x DisplayPort 1.4 | 2 x HDMI | 
HP Series 7 Pro 727pk,HP , 8J9G2AA#ABA | 727pk | 8J9G2AA | 8J9G2AAABA | ,"27"" ",3840 x 2160 ,60 Hz ,5 ms ,IPS ,16:9 ,Silver ,400 cd/m² ,0.156 mm ,Yes ,No ,None ,No ,100 x 100 ,178° H x 178° V , 1 x DisplayPort 1.4 | 1 x HDMI 2.0 | 1 x USB Type-C 4.0 Gen 3x2 | 
AOC 2236vw,AOC ,2236vw ,"22"" ",1920 x 1080 ,60 Hz ,5 ms ,,16:9 ,,,0.254 mm ,Yes ,No ,None ,No ,100 x 100 ,,1 x DVI 
AOC 931SWL,AOC ,931SWL ,"18.5"" ",1366 x 768 ,,5 ms ,,16:9 ,,200 cd/m² ,0.3 mm ,Yes ,No ,None ,No ,100 x 100 ,170° H x 160° V ,1 x VGA 
AOC E2243FWK,AOC ,E2243FWK ,"21.5"" ",1920 x 1080 ,,5 ms ,,16:9 ,,250 cd/m² ,0.248 mm ,Yes ,No ,None ,No ,,170° H x 160° V , 1 x DVI | 1 x VGA | 
ViewSonic VG932m,ViewSonic ,VG932M ,"19"" ",1280 x 1024 ,,5 ms ,,5:4 ,,250 cd/m² ,0.294 mm ,No ,No ,None ,Yes ,100 x 100 ,170° H x 160° V , 1 x DVI | 1 x VGA | 
ViewSonic VA2431WM,ViewSonic ,VA2431WM ,"23.6"" ",1920 x 1080 ,,5 ms ,,16:9 ,,300 cd/m² ,0.272 mm ,Yes ,No ,None ,Yes ,100 x 100 ,170° H x 160° V , 1 x DVI | 1 x VGA | 
ViewSonic VP2365wb,ViewSonic ,VP2365WB ,"23"" ",1920 x 1080 ,,14 ms ,IPS ,16:9 ,,300 cd/m² ,0.265 mm ,Yes ,No ,None ,No ,,178° H x 178° V , 1 x DVI | 1 x VGA | 
ViewSonic VX2450wm-LED,ViewSonic ,VX2450wm-LED ,"23.6"" ",1920 x 1080 ,,5 ms ,,16:9 ,,300 cd/m² ,0.272 mm ,Yes ,No ,None ,Yes ,100 x 100 ,170° H x 160° V , 1 x DVI | 1 x VGA | 
Samsung B1940EW,Samsung ,B1940EW ,"19"" ",1440 x 900 ,,5 ms ,,16:10 ,,250 cd/m² ,0.284 mm ,Yes ,No ,None ,No ,75 x 75 ,170° H x 160° V , 1 x DVI | 1 x VGA | 
Samsung 2443BWT-1,Samsung ,2443BWT-1 ,"24"" ",1920 x 1200 ,,5 ms ,,16:10 ,,300 cd/m² ,0.269 mm ,Yes ,No ,None ,No ,,170° H x 160° V , 1 x DVI | 1 x VGA | 
Samsung B2240EW,Samsung ,B2240EW ,"22"" ",1680 x 1050 ,,5 ms ,,16:10 ,,250 cd/m² ,0.282 mm ,Yes ,No ,None ,No ,75 x 75 ,170° H x 160° V , 1 x DVI | 1 x VGA | 
Samsung S23A950D,Samsung ,S23A950D ,"23"" ",1920 x 1080 ,120 Hz ,2 ms ,,16:9 ,,250 cd/m² ,0.265 mm ,Yes ,No ,None ,No ,,170° H x 160° V , 1 x DisplayPort | 1 x HDMI | 
Samsung S22A300B,Samsung ,S22A300B ,"21.5"" ",1920 x 1080 ,,5 ms ,,16:9 ,,250 cd/m² ,0.248 mm ,Yes ,No ,None ,No ,100 x 100 ,170° H x 160° V , 1 x DVI | 1 x VGA | 
Samsung B1940MR,Samsung ,B1940MR ,"19"" ",1280 x 1024 ,,5 ms ,,5:4 ,,250 cd/m² ,0.294 mm ,No ,No ,None ,Yes ,75 x 75 ,170° H x 160° V , 1 x DVI | 1 x VGA | 
Samsung T27A750,Samsung ,T27A750 ,"27"" ",1920 x 1080 ,120 Hz ,5 ms ,,16:9 ,,300 cd/m² ,0.311 mm ,Yes ,No ,None ,Yes ,,170° H x 160° V , 1 x Component | 2 x HDMI | 1 x S-Video | 
Samsung T24A350,Samsung ,T24A350 ,"24"" ",1920 x 1080 ,,5 ms ,,16:9 ,,250 cd/m² ,0.277 mm ,Yes ,No ,None ,Yes ,,170° H x 160° V , 1 x Component | 2 x HDMI | 1 x S-Video | 1 x VGA | 
Samsung T23A350,Samsung ,T23A350 ,"23"" ",1920 x 1080 ,,5 ms ,,16:9 ,,250 cd/m² ,0.265 mm ,Yes ,No ,None ,Yes ,,170° H x 160° V , 1 x Component | 2 x HDMI | 1 x S-Video | 1 x VGA | 
Dell E170S,Dell ,468-7413 ,"17"" ",1280 x 1024 ,,5 ms ,,5:4 ,,250 cd/m² ,0.263 mm ,No ,No ,None ,No ,100 x 100 ,160° H x 160° V ,1 x VGA 
Dell P2411H,Dell ,468-8307 ,"24"" ",1920 x 1080 ,,5 ms ,TN ,16:9 ,,250 cd/m² ,0.277 mm ,Yes ,No ,None ,No ,100 x 100 ,170° H x 160° V , 1 x DVI | 1 x VGA | 
Dell E2211H,Dell ,469-0053 ,"21.5"" ",1920 x 1080 ,,5 ms ,TN ,16:9 ,,250 cd/m² ,0.248 mm ,Yes ,No ,None ,No ,,170° H x 160° V , 1 x DVI | 1 x VGA | 
Toshiba PA3769U-1LCH,Toshiba ,PA3769U-1LCH ,"23.6"" ",1920 x 1080 ,,5 ms ,,16:9 ,,300 cd/m² ,0.272 mm ,Yes ,No ,None ,Yes ,100 x 100 ,170° H x 160° V , 1 x DVI | 1 x HDMI | 1 x VGA | 
Acer S211HLbd,Acer ,ET.WS1HP.001 ,"21.5"" ",1920 x 1080 ,,5 ms ,,16:9 ,,250 cd/m² ,0.248 mm ,Yes ,No ,None ,No ,100 x 100 ,170° H x 160° V , 1 x DVI | 1 x VGA | 
Acer G235HAbd,Acer ,ET.VG5HP.A01 ,"23"" ",1920 x 1080 ,,5 ms ,,16:9 ,,300 cd/m² ,0.265 mm ,Yes ,No ,None ,No ,100 x 100 ,160° H x 160° V , 1 x DVI | 1 x VGA | 
Acer S232HLAbid,Acer ,ET.VS2HP.A01 ,"23"" ",1920 x 1080 ,,5 ms ,TN ,16:9 ,,250 cd/m² ,0.265 mm ,Yes ,No ,None ,No ,,170° H x 160° V , 1 x DVI | 1 x HDMI | 1 x VGA | 
Acer HN274Hbmiiid,Acer ,ET.HH4HP.001 ,"27"" ",1920 x 1080 ,120 Hz ,2 ms ,TN ,16:9 ,,300 cd/m² ,0.311 mm ,Yes ,No ,None ,Yes ,,170° H x 160° V , 1 x DVI | 3 x HDMI | 1 x VGA | 
Asus VE208T,Asus ,VE208T ,"20"" ",1600 x 900 ,,5 ms ,,16:9 ,,250 cd/m² ,0.277 mm ,Yes ,No ,None ,Yes ,100 x 100 ,170° H x 160° V , 1 x DVI | 1 x VGA | 
Asus VE258Q,Asus ,VE258Q ,"25"" ",1920 x 1080 ,,2 ms ,,16:9 ,,250 cd/m² ,0.288 mm ,Yes ,No ,None ,Yes ,100 x 100 ,170° H x 160° V , 1 x DisplayPort | 1 x DVI | 1 x HDMI | 1 x VGA | 
Asus VB175T,Asus ,VB175T ,"17"" ",1280 x 1024 ,,5 ms ,,5:4 ,,250 cd/m² ,0.263 mm ,No ,No ,None ,Yes ,100 x 100 ,160° H x 160° V , 1 x DVI | 1 x VGA | 
Asus VG236H,Asus ,VG236H ,"23"" ",1920 x 1080 ,120 Hz ,2 ms ,,16:9 ,,400 cd/m² ,0.265 mm ,Yes ,No ,None ,No ,100 x 100 ,170° H x 160° V , 1 x Component | 1 x DVI | 1 x HDMI | 
Asus VK278Q,Asus , VK278Q | 90LMB6101T11181C- | ,"27"" ",1920 x 1080 ,,2 ms ,,16:9 ,,300 cd/m² ,0.311 mm ,Yes ,No ,None ,Yes ,100 x 100 ,170° H x 160° V , 1 x DisplayPort | 1 x DVI | 1 x HDMI | 1 x VGA | 
BenQ BL2201PU,BenQ ,BL2201PU ,"22"" ",1680 x 1050 ,,5 ms ,TN ,16:10 ,,250 cd/m² ,0.282 mm ,Yes ,No ,None ,Yes ,100 x 100 ,170° H x 160° V , 1 x DisplayPort | 1 x DVI | 1 x VGA | 
LG M2280D-PU,LG ,M2280D-PU ,"22"" ",1920 x 1080 ,,5 ms ,TN ,16:9 ,,250 cd/m² ,0.254 mm ,Yes ,No ,None ,No ,,170° H x 170° V , 1 x Component | 1 x DVI | 2 x HDMI | 1 x S-Video | 
LG M2380D-PU,LG ,M2380D-PU ,"23"" ",1920 x 1080 ,,5 ms ,TN ,16:9 ,,250 cd/m² ,0.265 mm ,Yes ,No ,None ,Yes ,,170° H x 170° V , 1 x Component | 2 x HDMI | 1 x S-Video | 1 x VGA | 
NEC EA221WM-BK,NEC ,EA221WM-BK ,"22"" ",1680 x 1050 ,,5 ms ,,16:10 ,,250 cd/m² ,0.282 mm ,Yes ,No ,None ,Yes ,,170° H x 170° V , 1 x DVI | 1 x VGA | 
Hannspree HZ281HPB,Hannspree ,HZ281HPB ,"27.5"" ",1920 x 1200 ,,3 ms ,,16:10 ,,400 cd/m² ,0.309 mm ,Yes ,No ,None ,Yes ,100 x 100 ,170° H x 160° V , 1 x DVI | 1 x HDMI | 1 x VGA | 
Hannspree HZ201DPB,Hannspree ,HZ201DPB ,"20"" ",1600 x 900 ,,5 ms ,,16:9 ,,250 cd/m² ,0.277 mm ,Yes ,No ,None ,Yes ,,160° H x 160° V , 1 x DVI | 1 x VGA | 
HP LA1905wg,HP ,NM360A8#ABA ,"19"" ",1440 x 900 ,,5 ms ,,16:10 ,,250 cd/m² ,0.284 mm ,Yes ,No ,None ,No ,,160° H x 160° V , 1 x DisplayPort | 1 x DVI | 1 x VGA | 
Compaq LE1911i,Compaq ,EM888AA#ABA ,"19"" ",1280 x 1024 ,,5 ms ,,5:4 ,,250 cd/m² ,0.294 mm ,No ,No ,None ,No ,,160° H x 160° V ,1 x VGA 
HP ZR22w,HP ,VM626A8#ABA ,"21.5"" ",1920 x 1080 ,,8 ms ,IPS ,16:9 ,,210 cd/m² ,0.248 mm ,Yes ,No ,None ,No ,,178° H x 178° V , 1 x DisplayPort | 1 x DVI | 1 x VGA | 
NEC LCD2490W2-BK-SV,NEC ,LCD2490W2-BK-SV ,"24"" ",1920 x 1200 ,,8 ms ,IPS ,16:10 ,,320 cd/m² ,0.269 mm ,Yes ,No ,None ,No ,100 x 100 ,178° H x 178° V , 1 x DVI | 1 x VGA | 
NEC PA271W-BK,NEC ,PA271W-BK ,"27"" ",2560 x 1440 ,,16 ms ,,16:9 ,,300 cd/m² ,0.233 mm ,Yes ,No ,None ,No ,100 x 100 ,178° H x 178° V , 1 x DisplayPort | 2 x DVI | 
Lenovo L1900p,Lenovo ,4431HE1 ,"19"" ",1280 x 1024 ,,5 ms ,,5:4 ,,250 cd/m² ,0.294 mm ,No ,No ,None ,No ,,170° H x 170° V , 1 x DVI | 1 x VGA | 
Samsung B2430HD,Samsung ,B2430HD ,"24"" ",1920 x 1080 ,,5 ms ,,16:9 ,,300 cd/m² ,0.277 mm ,Yes ,No ,None ,Yes ,,170° H x 160° V , 1 x Component | 2 x HDMI | 1 x VGA | 
Acer B223WGJbmdr,Acer ,ET.EB3WP.G01 ,"22"" ",1680 x 1050 ,,5 ms ,,16:10 ,,250 cd/m² ,0.282 mm ,Yes ,No ,None ,Yes ,100 x 100 ,170° H x 160° V , 1 x DVI | 1 x VGA | 
Samsung B2230,Samsung ,B2230 ,"21.5"" ",1920 x 1080 ,,5 ms ,,16:9 ,,300 cd/m² ,0.248 mm ,Yes ,No ,None ,No ,75 x 75 ,170° H x 160° V , 1 x DVI | 1 x VGA | 
Asus VE248HL-TAA,Asus ,VE248HL-TAA ,"24"" ",1920 x 1080 ,,2 ms ,,16:9 ,,250 cd/m² ,0.277 mm ,Yes ,No ,None ,Yes ,100 x 100 ,170° H x 160° V , 1 x DVI | 1 x HDMI | 1 x VGA | 
HP LA2306x,HP ,XN375A8#ABA ,"23"" ",1920 x 1080 ,,5 ms ,,16:9 ,,250 cd/m² ,0.265 mm ,Yes ,No ,None ,No ,100 x 100 ,170° H x 160° V , 1 x DisplayPort | 1 x DVI | 1 x VGA | 
Dell P2211H,Dell ,469-0835 ,"21.5"" ",1920 x 1080 ,,5 ms ,TN ,16:9 ,,250 cd/m² ,0.248 mm ,Yes ,No ,None ,No ,100 x 100 ,170° H x 160° V , 1 x DVI | 1 x VGA | 
Hannspree HK241DPB,Hannspree ,HK241DPB ,"23.6"" ",1920 x 1080 ,,5 ms ,,16:9 ,,300 cd/m² ,0.272 mm ,Yes ,No ,None ,Yes ,,170° H x 160° V , 1 x DVI | 1 x VGA | 
LG N1742LP-BF,LG ,N1742LP-BF ,"17"" ",1280 x 1024 ,,5 ms ,,5:4 ,,250 cd/m² ,0.263 mm ,No ,No ,None ,Yes ,75 x 75 ,170° H x 160° V ,1 x VGA 
LG N1941W-KIT,LG ,N1941W-KIT ,"19"" ",1366 x 768 ,,5 ms ,,16:9 ,,300 cd/m² ,0.308 mm ,Yes ,No ,None ,Yes ,,170° H x 170° V ,1 x VGA 
Sceptre X195W-Naga,Sceptre ,X195W-Naga ,"18.5"" ",1366 x 768 ,,5 ms ,,16:9 ,,300 cd/m² ,0.3 mm ,Yes ,No ,None ,No ,100 x 100 ,170° H x 160° V , 1 x DVI | 1 x VGA | 
LG W2753VC-PF,LG ,W2753VC-PF ,"27"" ",1920 x 1080 ,,2 ms ,TN ,16:9 ,,300 cd/m² ,0.311 mm ,Yes ,No ,None ,No ,,170° H x 160° V , 1 x DVI | 1 x HDMI | 1 x VGA | 
LG E2210T-BN,LG ,E2210T-BN ,"22"" ",1680 x 1050 ,,5 ms ,,16:10 ,,250 cd/m² ,0.282 mm ,Yes ,No ,None ,No ,75 x 75 ,170° H x 160° V , 1 x DVI | 1 x VGA | 
ViewEra V151BN-B,ViewEra ,V151BN-B ,"15"" ",1024 x 768 ,,12 ms ,,4:3 ,,250 cd/m² ,0.298 mm ,No ,No ,None ,Yes ,,130° H x 120° V , 1 x BNC | 1 x VGA | 
ViewSonic CD3225,ViewSonic ,CD3225 ,"32"" ",1920 x 1080 ,,8 ms ,,16:9 ,,450 cd/m² ,0.369 mm ,Yes ,No ,None ,No ,200 x 200 ,178° H x 178° V , 1 x DVI | 1 x HDMI | 1 x VGA | 
Philips BDL3215E/00,Philips ,BDL3215E/00 ,"32"" ",1366 x 768 ,,8 ms ,,16:9 ,,450 cd/m² ,0.519 mm ,Yes ,No ,None ,Yes ,,178° H x 178° V , 1 x Component | 1 x DVI | 1 x HDMI | 1 x S-Video | 2 x VGA | 
Dell U2212HM,Dell ,320-2736 ,"21.5"" ",1920 x 1080 ,,8 ms ,IPS ,16:9 ,,250 cd/m² ,0.248 mm ,Yes ,No ,None ,No ,,178° H x 178° V , 1 x DisplayPort | 1 x DVI | 1 x VGA | 
Dell E1912H,Dell ,469-0698 ,"18.5"" ",1360 x 768 ,60 Hz ,5 ms ,TN ,16:9 ,,250 cd/m² ,0.301 mm ,Yes ,No ,None ,No ,100 x 100 ,160° H x 160° V ,1 x VGA 
DoubleSight DS- 2200WA,DoubleSight ,DS-2200WA ,"21.5"" ",1920 x 1080 ,,5 ms ,TN ,16:9 ,,250 cd/m² ,0.248 mm ,Yes ,No ,None ,Yes ,75 x 75 ,170° H x 160° V , 1 x DVI | 1 x VGA | 
Samsung 943BT-2,Samsung ,943BT-2 ,"19"" ",1280 x 1024 ,,5 ms ,,5:4 ,,300 cd/m² ,0.294 mm ,No ,No ,None ,Yes ,,170° H x 160° V , 1 x DVI | 1 x VGA | 
ViewSonic VA1938WA-LED,ViewSonic ,VA1938WA-LED ,"19"" ",1366 x 768 ,,5 ms ,,16:9 ,,250 cd/m² ,0.308 mm ,Yes ,No ,None ,No ,100 x 100 ,170° H x 160° V ,1 x VGA 
Compaq LA2205wg,Compaq ,NM274AA#ABA ,"22"" ",1680 x 1050 ,,5 ms ,,16:10 ,,250 cd/m² ,0.282 mm ,Yes ,No ,None ,No ,,160° H x 160° V , 1 x DisplayPort | 1 x DVI | 1 x VGA | 
DoubleSight DS-245V,DoubleSight ,DS-245V ,"24"" ",1920 x 1200 ,,5 ms ,IPS ,16:10 ,,400 cd/m² ,0.269 mm ,Yes ,No ,None ,Yes ,,178° H x 178° V , 1 x DVI | 1 x VGA | 
Samsung BX2231,Samsung ,BX2231 ,"21.5"" ",1920 x 1080 ,,2 ms ,,16:9 ,,250 cd/m² ,0.248 mm ,Yes ,No ,None ,No ,,170° H x 160° V , 2 x HDMI | 1 x VGA | 
Samsung S19A200NW,Samsung ,S19A200NW ,"19"" ",1440 x 900 ,,5 ms ,TN ,16:10 ,,250 cd/m² ,0.284 mm ,Yes ,No ,None ,No ,100 x 100 ,170° H x 160° V ,1 x VGA 
ViewSonic VA2703,ViewSonic ,VA2703 ,"27"" ",1920 x 1080 ,,3 ms ,,16:9 ,,300 cd/m² ,0.311 mm ,Yes ,No ,None ,No ,,170° H x 160° V , 1 x DVI | 1 x VGA | 
Dell U2412M,Dell , U2412M | 210-AGYH | 860-10161 | ,"24"" ",1920 x 1200 ,60 Hz ,8 ms ,IPS ,16:10 ,,300 cd/m² ,0.269 mm ,Yes ,No ,None ,No ,100 x 100 ,178° H x 178° V , 1 x DisplayPort | 1 x DVI | 1 x VGA | 
Acer V243HQAJbmd,Acer ,ET.UV3HP.A01 ,"23.6"" ",1920 x 1080 ,60 Hz ,5 ms ,TN ,16:9 ,,300 cd/m² ,0.272 mm ,Yes ,No ,None ,Yes ,,170° H x 160° V , 1 x DVI | 1 x VGA | 
Acer V203HLBJbd,Acer ,ET.DV3HP.B01 ,"20"" ",1600 x 900 ,60 Hz ,5 ms ,TN ,16:9 ,,250 cd/m² ,0.277 mm ,Yes ,No ,None ,No ,,170° H x 160° V , 1 x DVI | 1 x VGA | 
Samsung S24A450BW,Samsung ,S24A450BW ,"24"" ",1920 x 1200 ,,5 ms ,TN ,16:10 ,,250 cd/m² ,0.269 mm ,Yes ,No ,None ,No ,100 x 100 ,170° H x 160° V , 1 x DVI | 1 x VGA | 
Samsung S23B300B,Samsung ,S23B300B ,"23"" ",1920 x 1080 ,60 Hz ,5 ms ,TN ,16:9 ,,250 cd/m² ,0.265 mm ,Yes ,No ,None ,No ,,170° H x 160° V , 1 x DVI | 1 x VGA | 
Samsung S24B350HL,Samsung ,S24B350HL ,"23.6"" ",1920 x 1080 ,,2 ms ,TN ,16:9 ,,250 cd/m² ,0.272 mm ,Yes ,No ,None ,No ,,170° H x 160° V , 1 x HDMI | 1 x VGA | 
Samsung EX2020X,Samsung ,EX2020X ,"20"" ",1600 x 900 ,,5 ms ,,16:9 ,,250 cd/m² ,0.277 mm ,Yes ,No ,None ,No ,75 x 75 ,170° H x 160° V , 1 x DVI | 1 x VGA | 
Samsung S22B150N,Samsung ,S22B150N ,"21.5"" ",1920 x 1080 ,,5 ms ,TN ,16:9 ,,200 cd/m² ,0.248 mm ,Yes ,No ,None ,No ,,90° H x 65° V ,1 x VGA 
Samsung S19A450BR,Samsung ,S19A450BR ,"19"" ",1280 x 1024 ,,5 ms ,TN ,5:4 ,,250 cd/m² ,0.294 mm ,No ,No ,None ,No ,100 x 100 ,170° H x 160° V , 1 x DVI | 1 x VGA | 
Samsung C24A650X,Samsung ,C24A650X ,"24"" ",1920 x 1080 ,,8 ms ,,16:9 ,,250 cd/m² ,0.277 mm ,Yes ,No ,None ,No ,100 x 200 ,178° H x 178° V , 1 x HDMI | 1 x VGA | 
Samsung T24B350ND,Samsung ,T24B350ND ,"24"" ",1920 x 1080 ,,5 ms ,TN ,16:9 ,,250 cd/m² ,0.277 mm ,Yes ,No ,None ,Yes ,,170° H x 160° V , 1 x Component | 2 x HDMI | 1 x S-Video | 1 x VGA | 
BenQ GW2450,BenQ ,GW2450 ,"24"" ",1920 x 1080 ,,4 ms ,,16:9 ,,250 cd/m² ,0.277 mm ,Yes ,No ,None ,No ,100 x 100 ,178° H x 178° V , 1 x DVI | 1 x VGA | 
Dell IN1930,Dell ,IN1930 ,"18.5"" ",1366 x 768 ,60 Hz ,5 ms ,,16:9 ,,250 cd/m² ,0.3 mm ,Yes ,No ,None ,No ,,170° H x 160° V ,1 x VGA 
Dell P1911,Dell ,P1911 ,"19"" ",1440 x 900 ,,5 ms ,,16:10 ,,250 cd/m² ,0.284 mm ,Yes ,No ,None ,No ,100 x 100 ,160° H x 160° V , 1 x DVI | 1 x VGA | 
AOC e2250Swdn,AOC ,e2250Swdn ,"22"" ",1920 x 1080 ,60 Hz ,5 ms ,,16:9 ,,200 cd/m² ,0.254 mm ,Yes ,No ,None ,No ,75 x 75 ,, 1 x DVI | 1 x VGA | 
Acer G276HLDbd,Acer ,UM.HG6AA.D03 ,"27"" ",1920 x 1080 ,60 Hz ,6 ms ,,16:9 ,,300 cd/m² ,0.311 mm ,Yes ,No ,None ,No ,,, 1 x DVI | 1 x VGA | 
Acer G236HLBbd,Acer ,UM.VG6AA.B01 ,"23"" ",1920 x 1080 ,60 Hz ,5 ms ,TN ,16:9 ,,200 cd/m² ,0.265 mm ,Yes ,No ,None ,No ,,, 1 x DVI | 1 x VGA | 
Hannspree HF235DPB,Hannspree ,HF235DPB ,"23"" ",1920 x 1080 ,,5 ms ,,16:9 ,,250 cd/m² ,0.265 mm ,Yes ,No ,None ,Yes ,100 x 100 ,170° H x 160° V , 1 x DVI | 1 x VGA | 
Hannspree HF205DPB,Hannspree ,HF205DPB ,"20"" ",1600 x 900 ,,5 ms ,,16:9 ,,250 cd/m² ,0.277 mm ,Yes ,No ,None ,Yes ,100 x 100 ,160° H x 160° V , 1 x DVI | 1 x VGA | 
ViewSonic VA2342-LED,ViewSonic ,VA2342-LED ,"23"" ",1920 x 1080 ,,5 ms ,,16:9 ,,250 cd/m² ,0.265 mm ,Yes ,No ,None ,No ,100 x 100 ,170° H x 160° V , 1 x DVI | 1 x VGA | 
HP ZR2240w,HP ,XW475A8#ABA ,"21.5"" ",1920 x 1080 ,60 Hz ,8 ms ,IPS ,16:9 ,,250 cd/m² ,0.248 mm ,Yes ,No ,None ,No ,100 x 100 ,178° H x 178° V , 1 x DisplayPort | 1 x DVI | 1 x HDMI | 1 x VGA | 
HP ZR2740w,HP ,XW476A8#ABA ,"27"" ",2560 x 1440 ,60 Hz ,14 ms ,IPS ,16:9 ,,380 cd/m² ,0.233 mm ,Yes ,No ,None ,No ,100 x 100 ,178° H x 178° V , 1 x DisplayPort | 1 x DVI | 
HP LA2206xc,HP ,LW490A8#ABA ,"21.5"" ",1920 x 1080 ,60 Hz ,5 ms ,,16:9 ,,250 cd/m² ,0.248 mm ,Yes ,No ,None ,Yes ,100 x 100 ,170° H x 160° V , 1 x DisplayPort | 1 x DVI | 1 x VGA | 
Dell P1913s,Dell ,469-3134 ,"19"" ",1280 x 1024 ,60 Hz ,5 ms ,,5:4 ,,250 cd/m² ,0.294 mm ,No ,No ,None ,No ,100 x 100 ,170° H x 160° V , 1 x DisplayPort | 1 x DVI | 1 x VGA | 
LG N1910LZ-BF,LG ,N1910LZ-BF ,"19"" ",1280 x 1024 ,,5 ms ,TN ,5:4 ,,250 cd/m² ,0.294 mm ,No ,No ,None ,No ,75 x 75 ,170° H x 160° V , 1 x DVI | 1 x VGA | 
LG E2342V-BN,LG ,E2342V-BN ,"23"" ",1920 x 1080 ,,5 ms ,TN ,16:9 ,,250 cd/m² ,0.265 mm ,Yes ,No ,None ,No ,75 x 75 ,170° H x 160° V , 1 x DVI | 1 x HDMI | 1 x VGA | 
LG EW224T,LG ,EW224T ,"22"" ",1920 x 1080 ,,5 ms ,,16:9 ,,250 cd/m² ,0.254 mm ,Yes ,No ,None ,No ,100 x 100 ,170° H x 160° V , 1 x DVI | 1 x VGA | 
ViewSonic VA1931wm-LED,ViewSonic ,VA1931wm-LED ,"19"" ",1366 x 768 ,60 Hz ,5 ms ,,16:9 ,,250 cd/m² ,0.308 mm ,Yes ,No ,None ,Yes ,100 x 100 ,170° H x 160° V , 1 x DVI | 1 x VGA | 
Asus VW226TL-TAA,Asus ,VW226TL-TAA ,"22"" ",1680 x 1050 ,,5 ms ,,16:10 ,,250 cd/m² ,0.282 mm ,Yes ,No ,None ,Yes ,100 x 100 ,170° H x 160° V ,1 x DVI 
Hannspree HL248DPB,Hannspree ,HL248DPB ,"23.6"" ",1920 x 1080 ,,5 ms ,,16:9 ,,250 cd/m² ,0.272 mm ,Yes ,No ,None ,Yes ,,170° H x 160° V , 1 x DVI | 1 x VGA | 
HP L191s,HP ,QJ623A2#ABA ,"19"" ",1280 x 1024 ,60 Hz ,5 ms ,,5:4 ,,250 cd/m² ,0.294 mm ,No ,No ,None ,No ,100 x 100 ,170° H x 160° V , 1 x DVI | 1 x VGA | 
NEC LCD1990SXi,NEC ,LCD1990SXi ,"19"" ",1280 x 1024 ,,18 ms ,,5:4 ,,270 cd/m² ,0.294 mm ,No ,No ,None ,No ,,178° H x 178° V , 1 x DVI | 1 x VGA | 
ViewSonic VA2223wmLED,ViewSonic ,VA2223wmLED ,"22"" ",1920 x 1080 ,75 Hz ,5 ms ,,16:9 ,,250 cd/m² ,0.254 mm ,Yes ,No ,None ,Yes ,100 x 100 ,, 1 x DVI | 1 x VGA | 
NEC LCD1990SXi-BK,NEC ,LCD1990SXi-BK ,"19"" ",1280 x 1024 ,,18 ms ,IPS ,5:4 ,,220 cd/m² ,0.294 mm ,No ,No ,None ,No ,,178° H x 178° V , 1 x DVI | 1 x VGA | 
AOC e2251Swdn,AOC ,e2251Swdn ,"22"" ",1920 x 1080 ,60 Hz ,5 ms ,,16:9 ,,200 cd/m² ,0.254 mm ,Yes ,No ,None ,No ,,90° H x 60° V , 1 x DVI | 1 x VGA | 
Toshiba P1710A,Toshiba ,P1710A ,"17"" ",1280 x 1024 ,75 Hz ,5 ms ,,5:4 ,,380 cd/m² ,0.263 mm ,No ,No ,None ,Yes ,100 x 100 ,170° H x 170° V , 1 x DVI | 1 x VGA | 
LG E2442V-BN,LG ,E2442V-BN ,"24"" ",1920 x 1080 ,,5 ms ,TN ,16:9 ,,250 cd/m² ,0.277 mm ,Yes ,No ,None ,No ,100 x 100 ,170° H x 160° V , 1 x DVI | 1 x HDMI | 1 x VGA | 
HP W2371d,HP ,B3A19AA#ABA ,"23"" ",1920 x 1080 ,60 Hz ,5 ms ,TN ,16:9 ,,250 cd/m² ,0.265 mm ,Yes ,No ,None ,No ,75 x 75 ,, 1 x DVI | 1 x VGA | 
Lenovo LS2421p,Lenovo ,4015LS1 ,"23.6"" ",1920 x 1080 ,,5 ms ,,16:9 ,,300 cd/m² ,0.272 mm ,Yes ,No ,None ,No ,100 x 100 ,170° H x 160° V , 1 x HDMI | 1 x VGA | 
Lenovo LT2452p,Lenovo ,4420MB2 ,"24"" ",1920 x 1200 ,,7 ms ,IPS ,16:10 ,,300 cd/m² ,0.269 mm ,Yes ,No ,None ,No ,100 x 100 ,178° H x 178° V , 1 x DisplayPort | 1 x DVI | 1 x VGA | 
Acer G245Hbmid,Acer ,ET.FG5HP.001 ,"24"" ",1920 x 1080 ,,5 ms ,,16:9 ,,300 cd/m² ,0.277 mm ,Yes ,No ,None ,Yes ,100 x 100 ,170° H x 160° V , 1 x DVI | 1 x HDMI | 1 x VGA | 
Hannspree HL161ABB,Hannspree ,HL161ABB ,"15.6"" ",1366 x 768 ,,16 ms ,,16:9 ,,200 cd/m² ,0.253 mm ,Yes ,No ,None ,No ,,160° H x 160° V ,1 x VGA 
ViewSonic VX2739WM,ViewSonic ,VX2739WM ,"27"" ",1920 x 1080 ,,1 ms ,TN ,16:9 ,,300 cd/m² ,0.311 mm ,Yes ,No ,None ,Yes ,,170° H x 160° V , 1 x DVI | 1 x HDMI | 1 x VGA | 
AOC E943FWSK,AOC ,E943FWSK ,"18.5"" ",1366 x 768 ,60 Hz ,5 ms ,,16:9 ,,250 cd/m² ,0.3 mm ,Yes ,No ,None ,No ,100 x 100 ,170° H x 160° V , 1 x DVI | 1 x VGA | 
Planar 997-6473-00,Planar ,997-6473-00 ,"21.5"" ",1600 x 900 ,60 Hz ,5 ms ,,16:9 ,,250 cd/m² ,0.297 mm ,Yes ,No ,None ,Yes ,100 x 100 ,, 1 x DVI | 1 x VGA | 
Acer G245HQLbd,Acer ,UM.UG5AA.001 ,"23.6"" ",1920 x 1080 ,60 Hz ,5 ms ,TN ,16:9 ,,300 cd/m² ,0.272 mm ,Yes ,No ,None ,No ,,170° H x 160° V , 1 x DVI | 1 x VGA | 
Dell S2440L,Dell ,S2440L ,"24"" ",1920 x 1080 ,60 Hz ,6 ms ,,16:9 ,,250 cd/m² ,0.277 mm ,Yes ,No ,None ,No ,,178° H x 178° V , 1 x HDMI | 1 x VGA | 
HP C0H31A8#ABA,HP ,C0H31A8#ABA ,"23"" ",1920 x 1080 ,60 Hz ,5 ms ,,16:9 ,,250 cd/m² ,0.265 mm ,Yes ,No ,None ,Yes ,100 x 100 ,,1 x VGA 
Zalman MZ230ED,Zalman ,MZ230ED ,"23"" ",1920 x 1080 ,,5 ms ,,16:9 ,,250 cd/m² ,0.265 mm ,Yes ,No ,None ,Yes ,,170° H x 160° V , 1 x DVI | 1 x VGA | 
Acer P246HL Abd,Acer ,UM.FP6AA.A01 ,"24"" ",1920 x 1080 ,60 Hz ,5 ms ,TN ,16:9 ,,200 cd/m² ,0.277 mm ,Yes ,No ,None ,No ,,, 1 x DVI | 1 x VGA | 
AOC E2460SWD,AOC ,E2460SWD ,"24"" ",1920 x 1080 ,60 Hz ,5 ms ,,16:9 ,,250 cd/m² ,0.277 mm ,Yes ,No ,None ,No ,100 x 100 ,, 1 x DVI | 1 x VGA | 
LG EB2742V-BN,LG ,EB2742V-BN ,"27"" ",1920 x 1080 ,75 Hz ,5 ms ,,16:9 ,,250 cd/m² ,0.311 mm ,Yes ,No ,None ,No ,100 x 100 ,,1 x VGA 
Asus VN247H-P,Asus ,VN247H-P ,"23.6"" ",1920 x 1080 ,,1 ms ,,16:9 ,,250 cd/m² ,0.272 mm ,Yes ,No ,None ,Yes ,100 x 100 ,170° H x 160° V , 2 x HDMI | 1 x VGA | 
Acer B193LAJObmdh,Acer ,UM.CB3AA.A02 ,"19"" ",1280 x 1024 ,75 Hz ,5 ms ,TN ,5:4 ,,250 cd/m² ,0.294 mm ,No ,No ,None ,Yes ,,170° H x 160° V , 1 x DVI | 1 x VGA | 
Acer V223WL,Acer ,UM.EV3AA.A02 ,"22"" ",1680 x 1050 ,60 Hz ,5 ms ,,16:10 ,,250 cd/m² ,0.282 mm ,Yes ,No ,None ,No ,,170° H x 160° V , 1 x DVI | 1 x VGA | 
Acer H226HQLbid,Acer , UM.WH6AA.002 | H226HQL bid | ,"21.5"" ",1920 x 1080 ,60 Hz ,5 ms ,IPS ,16:9 ,,250 cd/m² ,0.248 mm ,Yes ,No ,None ,No ,,178° H x 178° V , 1 x DVI | 1 x HDMI | 1 x VGA | 
Asus VS197T-P,Asus ,VS197T-P ,"18.5"" ",1366 x 768 ,,5 ms ,,16:9 ,,250 cd/m² ,0.3 mm ,Yes ,No ,None ,Yes ,75 x 75 ,170° H x 160° V , 1 x DVI | 1 x VGA | 
Dell E2013H,Dell ,469-3937 ,"20"" ",1600 x 900 ,60 Hz ,5 ms ,,16:9 ,,250 cd/m² ,0.277 mm ,Yes ,No ,None ,No ,100 x 100 ,, 1 x DVI | 1 x VGA | 
NEC EA244WMi-BK,NEC ,EA244WMi-BK ,"24"" ",1920 x 1200 ,,6 ms ,IPS ,16:10 ,,350 cd/m² ,0.269 mm ,Yes ,No ,None ,Yes ,100 x 100 ,178° H x 178° V , 1 x DisplayPort | 1 x DVI | 1 x HDMI | 1 x VGA | 
LG IPS237L-BN,LG ,IPS237L-BN ,"23"" ",1920 x 1080 ,,5 ms ,IPS ,16:9 ,,250 cd/m² ,0.265 mm ,Yes ,No ,None ,No ,,178° H x 178° V , 2 x HDMI | 1 x VGA | 
ViewSonic VG2437mc-LED,ViewSonic ,VG2437mc-LED ,"24"" ",1920 x 1080 ,,5 ms ,,16:9 ,,300 cd/m² ,0.277 mm ,Yes ,No ,None ,Yes ,100 x 100 ,170° H x 160° V , 1 x DisplayPort | 1 x DVI | 1 x VGA | 
BenQ GW2255,BenQ ,GW2255 ,"21.5"" ",1920 x 1080 ,60 Hz ,6 ms ,,16:9 ,,250 cd/m² ,0.248 mm ,Yes ,No ,None ,No ,100 x 100 ,178° H x 178° V , 1 x DVI | 1 x VGA | 
Asus VS207T-P,Asus ,VS207T-P ,"19.5"" ",1600 x 900 ,,5 ms ,TN ,16:9 ,,250 cd/m² ,0.27 mm ,Yes ,No ,None ,Yes ,75 x 75 ,170° H x 160° V , 1 x DVI | 1 x VGA | 
Asus VX238H-W,Asus ,VX238H-W ,"23"" ",1920 x 1080 ,,1 ms ,TN ,16:9 ,,250 cd/m² ,0.265 mm ,Yes ,No ,None ,Yes ,,170° H x 160° V , 1 x DVI | 2 x HDMI | 1 x VGA | 
Acer B193WLBJObmdh,Acer ,UM.CB3AA.B02 ,"19"" ",1440 x 900 ,60 Hz ,5 ms ,TN ,16:10 ,,250 cd/m² ,0.284 mm ,Yes ,No ,None ,Yes ,,, 1 x DVI | 1 x VGA | 
Acer B246HLymdr,Acer , UM.FB6AA.001 | UM.FB6AA.007 | ,"24"" ",1920 x 1080 ,60 Hz ,5 ms ,TN ,16:9 ,,250 cd/m² ,0.277 mm ,Yes ,No ,None ,Yes ,,170° H x 160° V , 1 x DVI | 1 x VGA | 
Acer S241HL bmid,Acer ,UM.FS1AA.001 ,"24"" ",1920 x 1080 ,60 Hz ,5 ms ,TN ,16:9 ,,250 cd/m² ,0.277 mm ,Yes ,No ,None ,Yes ,,170° H x 160° V , 1 x DVI | 1 x HDMI | 1 x VGA | 
AOC E960SN,AOC ,E960SN ,"19"" ",1366 x 768 ,,,TN ,16:9 ,,250 cd/m² ,0.308 mm ,Yes ,No ,None ,No ,,,1 x VGA 
AOC E960SRDA,AOC ,E960SRDA ,"19"" ",1280 x 1024 ,60 Hz ,5 ms ,TN ,5:4 ,,250 cd/m² ,0.294 mm ,No ,No ,None ,Yes ,,, 1 x DVI | 1 x VGA | 
AOC e2050Swd,AOC ,e2050Swd ,"19.5"" ",1600 x 900 ,60 Hz ,5 ms ,TN ,16:9 ,,200 cd/m² ,0.27 mm ,Yes ,No ,None ,No ,75 x 75 ,90° H x 50° V , 1 x DVI | 1 x VGA | 
AOC q2963Pm,AOC ,q2963Pm ,"29"" ",2560 x 1080 ,60 Hz ,5 ms ,IPS ,21:9 ,,300 cd/m² ,0.265 mm ,Yes ,No ,None ,Yes ,100 x 100 ,178° H x 178° V , 1 x DisplayPort | 1 x DVI | 1 x HDMI | 1 x VGA | 
Asus VX279Q,Asus ,VX279Q ,"27"" ",1920 x 1080 ,60 Hz ,5 ms ,IPS ,16:9 ,,250 cd/m² ,0.311 mm ,Yes ,No ,None ,Yes ,,178° H x 178° V , 1 x DisplayPort | 1 x HDMI | 1 x VGA | 
HP ZR2330w,HP ,C6Y18A8#ABA ,"23"" ",1920 x 1080 ,60 Hz ,14 ms ,IPS ,16:9 ,,250 cd/m² ,0.265 mm ,Yes ,No ,None ,No ,100 x 100 ,178° H x 178° V , 1 x DisplayPort | 1 x DVI | 1 x VGA | 
HP C9V75A8#ABA,HP ,C9V75A8#ABA ,"23"" ",1920 x 1080 ,60 Hz ,5 ms ,TN ,16:9 ,,250 cd/m² ,0.265 mm ,Yes ,No ,None ,Yes ,100 x 100 ,,1 x VGA 
Samsung NS240,Samsung ,NS240 ,"24"" ",1920 x 1200 ,,5 ms ,,16:10 ,,250 cd/m² ,0.269 mm ,Yes ,No ,None ,No ,,170° H x 160° V , 1 x DVI | 1 x VGA | 
Samsung S22C150N,Samsung ,S22C150NS/ZA ,"21.5"" ",1920 x 1080 ,,5 ms ,TN ,16:9 ,,200 cd/m² ,0.248 mm ,Yes ,No ,None ,No ,,90° H x 65° V ,1 x VGA 
Samsung S22C200B,Samsung ,S22C200B ,"21.5"" ",1920 x 1080 ,,5 ms ,TN ,16:9 ,,250 cd/m² ,0.248 mm ,Yes ,No ,None ,No ,100 x 100 ,170° H x 160° V , 1 x DVI | 1 x VGA | 
Samsung S23C200B,Samsung ,S23C200B ,"23"" ",1920 x 1080 ,,5 ms ,,16:9 ,,250 cd/m² ,0.265 mm ,Yes ,No ,None ,No ,100 x 100 ,170° H x 160° V , 1 x DVI | 1 x VGA | 
Samsung S23C350H,Samsung ,S23C350H ,"23"" ",1920 x 1080 ,,5 ms ,TN ,16:9 ,,250 cd/m² ,0.265 mm ,Yes ,No ,None ,No ,,170° H x 160° V , 1 x HDMI | 1 x VGA | 
Samsung S24C200BL,Samsung ,S24C200BL ,"23.6"" ",1920 x 1080 ,,5 ms ,,16:9 ,,250 cd/m² ,0.272 mm ,Yes ,No ,None ,No ,100 x 100 ,170° H x 160° V , 1 x DVI | 1 x VGA | 
Samsung S24C450D,Samsung ,S24C450D ,"24"" ",1920 x 1080 ,,5 ms ,,16:9 ,,250 cd/m² ,0.277 mm ,Yes ,No ,None ,No ,100 x 100 ,170° H x 160° V , 1 x DVI | 1 x VGA | 
Samsung S27A850T,Samsung ,S27A850T ,"27"" ",2560 x 1440 ,,5 ms ,IPS ,16:9 ,,300 cd/m² ,0.233 mm ,Yes ,No ,None ,No ,,178° H x 178° V , 1 x DisplayPort | 2 x DVI | 1 x VGA | 
Samsung S27C500H,Samsung ,S27C500H ,"27"" ",1920 x 1080 ,,5 ms ,,16:9 ,,300 cd/m² ,0.311 mm ,Yes ,No ,None ,No ,,178° H x 178° V , 1 x HDMI | 1 x VGA | 
Samsung T24C550ND,Samsung ,T24C550ND ,"23.6"" ",1920 x 1080 ,,2 ms ,,16:9 ,,250 cd/m² ,0.272 mm ,Yes ,No ,None ,Yes ,,170° H x 160° V , 1 x Component | 2 x HDMI | 1 x S-Video | 1 x VGA | 
LG 23EA53V-P,LG ,23EA53V-P ,"23"" ",1920 x 1080 ,,5 ms ,IPS ,16:9 ,,250 cd/m² ,0.265 mm ,Yes ,No ,None ,No ,75 x 75 ,178° H x 178° V , 1 x DVI | 1 x HDMI | 1 x VGA | 
LG 24EB23PY-B,LG ,24EB23PY-B ,"24"" ",1920 x 1200 ,60 Hz ,5 ms ,IPS ,16:10 ,,300 cd/m² ,0.269 mm ,Yes ,No ,None ,Yes ,100 x 100 ,178° H x 178° V , 1 x DisplayPort | 1 x DVI | 1 x VGA | 
LG 24EN43V-B,LG ,24EN43V-B ,"24"" ",1920 x 1080 ,60 Hz ,5 ms ,TN ,16:9 ,,250 cd/m² ,0.277 mm ,Yes ,No ,None ,No ,100 x 100 ,170° H x 160° V , 1 x DVI | 1 x HDMI | 1 x VGA | 
LG 27EA63V-P,LG ,27EA63V-P ,"27"" ",1920 x 1080 ,60 Hz ,5 ms ,IPS ,16:9 ,,250 cd/m² ,0.311 mm ,Yes ,No ,None ,No ,100 x 100 ,178° H x 178° V , 1 x DVI | 1 x HDMI | 1 x VGA | 
LG 27EA83R-D,LG ,27EA83R-D ,"27"" ",2560 x 1440 ,60 Hz ,5 ms ,IPS ,16:9 ,,350 cd/m² ,0.233 mm ,Yes ,No ,None ,No ,100 x 100 ,178° H x 178° V , 1 x DisplayPort | 1 x DVI | 1 x HDMI | 
LG 29EB93-P,LG ,29EB93-P ,"29"" ",2560 x 1080 ,60 Hz ,5 ms ,IPS ,21:9 ,,300 cd/m² ,0.265 mm ,Yes ,No ,None ,Yes ,100 x 100 ,178° H x 178° V , 1 x DisplayPort | 1 x DVI | 2 x HDMI | 
LG E1910P-BN,LG ,E1910P-BN ,"19"" ",1280 x 1024 ,60 Hz ,5 ms ,TN ,5:4 ,,250 cd/m² ,0.294 mm ,No ,No ,None ,No ,,170° H x 160° V , 1 x DVI | 1 x VGA | 
Eizo FS2333-BK,Eizo ,FS2333-BK ,"23"" ",1920 x 1080 ,60 Hz ,,IPS ,16:9 ,,250 cd/m² ,0.265 mm ,Yes ,No ,None ,No ,100 x 100 ,178° H x 178° V , 1 x DVI | 1 x VGA | 
Lenovo LI2221s,Lenovo ,18200525 ,"21.5"" ",1920 x 1080 ,60 Hz ,14 ms ,IPS ,16:9 ,,250 cd/m² ,0.248 mm ,Yes ,No ,None ,No ,100 x 100 ,178° H x 178° V , 1 x DVI | 1 x VGA | 
Philips 19S4LSB/27,Philips ,19S4LSB/27 ,"19"" ",1280 x 1024 ,60 Hz ,5 ms ,,5:4 ,,250 cd/m² ,0.294 mm ,No ,No ,None ,No ,100 x 100 ,170° H x 160° V , 1 x DVI | 1 x VGA | 
Philips 220B4LPCB,Philips ,220B4LPCB ,"22"" ",1680 x 1050 ,60 Hz ,5 ms ,,16:10 ,,250 cd/m² ,0.282 mm ,Yes ,No ,None ,Yes ,100 x 100 ,170° H x 160° V , 1 x DVI | 1 x VGA | 
Philips 220S4LSB,Philips ,220S4LSB ,"22"" ",1680 x 1050 ,60 Hz ,5 ms ,,16:10 ,,250 cd/m² ,0.282 mm ,Yes ,No ,None ,No ,100 x 100 ,170° H x 160° V , 1 x DVI | 1 x VGA | 
Philips 221S3UCB,Philips ,221S3UCB ,"21.5"" ",1920 x 1080 ,60 Hz ,5 ms ,,16:9 ,,150 cd/m² ,0.248 mm ,Yes ,No ,None ,No ,100 x 100 ,160° H x 150° V ,
Philips 271P4QPJEB,Philips ,271P4QPJEB ,"27"" ",1920 x 1080 ,60 Hz ,6 ms ,,16:9 ,,300 cd/m² ,0.311 mm ,Yes ,No ,None ,Yes ,100 x 100 ,178° H x 178° V , 1 x DisplayPort | 1 x DVI | 1 x HDMI | 1 x VGA | 
Gateway HX1953Lbd,Gateway ,UM.IW3AA.002 ,"19.5"" ",1600 x 900 ,60 Hz ,5 ms ,TN ,16:9 ,,200 cd/m² ,0.27 mm ,Yes ,No ,None ,No ,,110° H x 85° V , 1 x DVI | 1 x VGA | 
Gateway FHX2303LAbd,Gateway ,UM.VW3AA.A01 ,"23"" ",1920 x 1080 ,60 Hz ,5 ms ,TN ,16:9 ,,200 cd/m² ,0.265 mm ,Yes ,No ,None ,No ,,110° H x 70° V , 1 x DVI | 1 x VGA | 
Lenovo 60A0MAR1US,Lenovo ,60A0MAR1US ,"19.5"" ",1600 x 900 ,75 Hz ,5 ms ,,16:9 ,,250 cd/m² ,0.27 mm ,Yes ,No ,None ,Yes ,100 x 100 ,,1 x VGA 
HP 27xi,HP ,27xi ,"27"" ",1920 x 1080 ,60 Hz ,7 ms ,IPS ,16:9 ,,250 cd/m² ,0.311 mm ,Yes ,No ,None ,No ,,178° H x 178° V , 1 x DVI | 1 x HDMI | 1 x VGA | 
Dell E2414H,Dell ,E2414H ,"24"" ",1920 x 1080 ,,5 ms ,TN ,16:9 ,,250 cd/m² ,0.277 mm ,Yes ,No ,None ,No ,100 x 100 ,170° H x 160° V , 1 x DVI | 1 x VGA | 
BenQ XL2420TE,BenQ ,XL2420TE ,"24"" ",1920 x 1080 ,144 Hz ,1 ms ,TN ,16:9 ,,350 cd/m² ,0.277 mm ,Yes ,No ,None ,No ,100 x 100 ,170° H x 160° V , 1 x DisplayPort | 1 x DVI | 2 x HDMI | 1 x VGA | 
HP E271i,HP ,D7Z72A8#ABA ,"27"" ",1920 x 1080 ,60 Hz ,7 ms ,IPS ,16:9 ,,250 cd/m² ,0.311 mm ,Yes ,No ,None ,No ,100 x 100 ,178° H x 178° V , 1 x DisplayPort | 1 x DVI | 1 x VGA | 
AOC e2752She,AOC ,e2752She ,"27"" ",1920 x 1080 ,60 Hz ,2 ms ,TN ,16:9 ,,300 cd/m² ,0.311 mm ,Yes ,No ,None ,No ,100 x 100 ,170° H x 160° V , 2 x HDMI | 1 x VGA | 
BenQ XL2411T,BenQ ,XL2411T ,"24"" ",1920 x 1080 ,144 Hz ,5 ms ,TN ,16:9 ,,350 cd/m² ,0.277 mm ,Yes ,No ,None ,No ,,160° H x 170° V , 1 x DVI-I Dual Link | 1 x HDMI | 1 x VGA | 
Asus PB298Q,Asus ,PB298Q ,"29"" ",2560 x 1080 ,60 Hz ,5 ms ,IPS ,21:9 ,,300 cd/m² ,0.265 mm ,Yes ,No ,None ,Yes ,100 x 100 ,178° H x 178° V , 1 x DisplayPort | 1 x DVI | 1 x HDMI | 
Dell P2014H,Dell ,P2014H ,"19.5"" ",1600 x 900 ,60 Hz ,8 ms ,IPS ,16:9 ,,250 cd/m² ,0.27 mm ,Yes ,No ,None ,No ,100 x 100 ,178° H x 178° V , 1 x DisplayPort | 1 x DVI | 1 x VGA | 
Dell P2714H,Dell ,P2714H ,"27"" ",1920 x 1080 ,60 Hz ,8 ms ,IPS ,16:9 ,,300 cd/m² ,0.311 mm ,Yes ,No ,None ,No ,100 x 100 ,178° H x 178° V , 1 x DisplayPort | 1 x DVI | 1 x VGA | 
Hannspree HL163ABB,Hannspree ,HL163ABB ,"15.6"" ",1366 x 768 ,60 Hz ,,TN ,16:9 ,,200 cd/m² ,0.253 mm ,Yes ,No ,None ,No ,,90° H x 65° V ,1 x VGA 
Hannspree HL205ABB,Hannspree ,HL205ABB ,"19.5"" ",1600 x 900 ,60 Hz ,5 ms ,TN ,16:9 ,,250 cd/m² ,0.27 mm ,Yes ,No ,None ,No ,,170° H x 160° V ,1 x VGA 
ViewSonic VX2252MH,ViewSonic ,VX2252MH ,"21.5"" ",1920 x 1080 ,60 Hz ,2 ms ,TN ,16:9 ,,250 cd/m² ,0.248 mm ,Yes ,No ,None ,Yes ,100 x 100 ,178° H x 178° V , 1 x DVI | 1 x HDMI | 1 x VGA | 
NEC AS193i-BK,NEC ,AS193i-BK ,"19"" ",1280 x 1024 ,60 Hz ,14 ms ,IPS ,5:4 ,,250 cd/m² ,0.294 mm ,No ,No ,None ,No ,100 x 100 ,178° H x 178° V , 1 x DVI | 1 x VGA | 
AOC I2269VW,AOC ,I2269VW ,"21.5"" ",1920 x 1080 ,60 Hz ,5 ms ,IPS ,16:9 ,,250 cd/m² ,0.248 mm ,Yes ,No ,None ,No ,100 x 100 ,, 1 x DVI | 1 x VGA | 
Acer G276HLGbd,Acer ,UM.HG6AA.G01 ,"27"" ",1920 x 1080 ,60 Hz ,6 ms ,,16:9 ,,300 cd/m² ,0.311 mm ,Yes ,No ,None ,No ,,178° H x 178° V , 1 x DVI | 1 x VGA | 
BenQ BL2710PT,BenQ ,BL2710PT ,"27"" ",2560 x 1440 ,60 Hz ,12 ms ,VA ,16:9 ,,350 cd/m² ,0.233 mm ,Yes ,No ,None ,Yes ,100 x 100 ,178° H x 178° V , 1 x DisplayPort | 1 x DVI | 1 x HDMI | 1 x VGA | 
Lenovo LT2423,Lenovo ,60A8KAR2US ,"24"" ",1920 x 1080 ,60 Hz ,5 ms ,TN ,16:9 ,,250 cd/m² ,0.277 mm ,Yes ,No ,None ,Yes ,100 x 100 ,170° H x 160° V , 1 x HDMI | 1 x VGA | 
NEC PA242W-BK,NEC ,PA242W-BK ,"24"" ",1920 x 1200 ,60 Hz ,8 ms ,IPS ,16:10 ,,340 cd/m² ,0.269 mm ,Yes ,No ,None ,No ,100 x 100 ,178° H x 178° V , 1 x DisplayPort | 1 x DVI | 1 x HDMI | 1 x VGA | 
LG 19CNV42K-B,LG ,19CNV42K-B ,"19"" ",1440 x 900 ,60 Hz ,5 ms ,,16:10 ,,250 cd/m² ,0.284 mm ,Yes ,No ,None ,Yes ,,170° H x 160° V , 1 x DVI | 1 x VGA | 
QNIX QX2710 DisplayPort Matte,QNIX ,QX2710_Dport_matte ,"27"" ",2560 x 1440 ,60 Hz ,8 ms ,PLS ,16:9 ,,300 cd/m² ,0.233 mm ,Yes ,No ,None ,Yes ,,178° H x 160° V , 1 x DisplayPort | 1 x DVI | 1 x HDMI | 1 x VGA | 
QNIX QX2710 Matte,QNIX ,QX2710_matte ,"27"" ",2560 x 1440 ,60 Hz ,6 ms ,PLS ,16:9 ,,300 cd/m² ,0.233 mm ,Yes ,No ,None ,Yes ,,178° H x 160° V ,1 x DVI-D Dual Link 
Acer H233Hbmid,Acer ,H233Hbmid ,"23"" ",1920 x 1080 ,60 Hz ,5 ms ,,16:9 ,,300 cd/m² ,0.265 mm ,Yes ,No ,None ,Yes ,100 x 100 ,, 1 x DVI | 1 x HDMI | 1 x VGA | 
Crossover 27Q LED,Crossover ,27Q LED ,"27"" ",2560 x 1440 ,60 Hz ,6 ms ,IPS ,16:9 ,,380 cd/m² ,0.233 mm ,Yes ,No ,None ,No ,,178° H x 178° V ,1 x DVI-D Dual Link 
Crossover 27QW HDMI IPS LED,Crossover ,27QW HDMI IPS LED ,"27"" ",2560 x 1440 ,60 Hz ,6 ms ,IPS ,16:9 ,,420 cd/m² ,0.233 mm ,Yes ,No ,None ,Yes ,,178° H x 178° V , 1 x DVI-D Dual Link | 1 x HDMI | 
Yamakasi DS270 IPS SE Perfect,Yamakasi ,DS270 IPS SE Perfect ,"27"" ",2560 x 1440 ,60 Hz ,6 ms ,IPS ,16:9 ,,450 cd/m² ,0.233 mm ,Yes ,No ,None ,Yes ,,178° H x 178° V ,1 x DVI-D Dual Link 
BenQ GL2450HM,BenQ ,GL2450HM ,"24"" ",1920 x 1080 ,60 Hz ,2 ms ,TN ,16:9 ,,250 cd/m² ,0.277 mm ,Yes ,No ,None ,Yes ,100 x 100 ,170° H x 160° V , 1 x DVI | 1 x HDMI | 1 x VGA | 
Acer H276HLbmid,Acer ,UM.HH6AA.001 ,"27"" ",1920 x 1080 ,60 Hz ,5 ms ,IPS ,16:9 ,,250 cd/m² ,0.311 mm ,Yes ,No ,None ,Yes ,,178° H x 178° V , 1 x DVI | 1 x HDMI | 1 x VGA | 
Dell UP3214Q,Dell ,UP3214Q ,"31.5"" ",3840 x 2160 ,60 Hz ,8 ms ,IPS ,16:9 ,,300 cd/m² ,0.182 mm ,Yes ,No ,None ,No ,100 x 100 ,178° H x 178° V , 1 x DisplayPort | 1 x HDMI | 
Dell E2014T,Dell ,E2014T ,"19.5"" ",1600 x 900 ,60 Hz ,2 ms ,TN ,16:9 ,,225 cd/m² ,0.27 mm ,Yes ,No ,None ,No ,,170° H x 160° V , 1 x DisplayPort | 1 x HDMI | 1 x VGA | 
Planar PCT2485,Planar ,997-7052-00 ,"24"" ",1920 x 1080 ,60 Hz ,14 ms ,,16:9 ,,250 cd/m² ,0.277 mm ,Yes ,No ,None ,Yes ,100 x 100 ,178° H x 178° V , 1 x DisplayPort | 1 x HDMI | 1 x VGA | 
Asus VN248H-P,Asus ,VN248H-P ,"23.8"" ",1920 x 1080 ,,5 ms ,IPS ,16:9 ,,,0.274 mm ,Yes ,No ,None ,Yes ,,178° H x 178° V , 2 x HDMI | 1 x VGA | 
Samsung NC191-T,Samsung ,NC191-T ,"19"" ",1280 x 1024 ,,5 ms ,,5:4 ,,250 cd/m² ,0.294 mm ,No ,No ,None ,Yes ,,170° H x 160° V ,1 x DVI 
BenQ XL2420Z,BenQ ,XL2420Z ,"24"" ",1920 x 1080 ,144 Hz ,1 ms ,TN ,16:9 ,,350 cd/m² ,0.277 mm ,Yes ,No ,None ,No ,100 x 100 ,170° H x 160° V , 1 x DisplayPort | 1 x DVI | 2 x HDMI | 1 x VGA | 
Dell UP2414Q,Dell ,UP2414Q ,"23.8"" ",3840 x 2160 ,60 Hz ,6 ms ,IPS ,16:9 ,,300 cd/m² ,0.137 mm ,Yes ,No ,None ,No ,,178° H x 178° V , 1 x DisplayPort | 1 x Mini-DisplayPort | 1 x HDMI | 
HP Smartbuy Z30i,HP ,D7P94A8#ABA ,"30"" ",2560 x 1600 ,60 Hz ,8 ms ,IPS ,16:10 ,,350 cd/m² ,0.252 mm ,Yes ,No ,None ,No ,100 x 100 ,178° H x 178° V , 1 x DisplayPort | 1 x DVI | 1 x HDMI | 1 x VGA | 
HP Smartbuy V241,HP ,E5Z68A8#ABA ,"23.6"" ",1920 x 1080 ,60 Hz ,5 ms ,TN ,16:9 ,,250 cd/m² ,0.272 mm ,Yes ,No ,None ,No ,100 x 100 ,170° H x 160° V , 1 x DVI | 1 x VGA | 
HP 2159m,HP ,2159m ,"21.5"" ",1920 x 1080 ,60 Hz ,5 ms ,,16:9 ,,,0.248 mm ,Yes ,No ,None ,Yes ,,160° H x 160° V , 1 x DVI | 1 x HDMI | 1 x VGA | 
AOC E2060SWDA,AOC ,E2060SWDA ,"19.5"" ",1600 x 900 ,60 Hz ,5 ms ,,16:9 ,,220 cd/m² ,0.27 mm ,Yes ,No ,None ,Yes ,100 x 100 ,170° H x 160° V , 1 x DVI | 1 x VGA | 
Lenovo 60AAHAR1US,Lenovo ,60AAHAR1US ,"19"" ",1280 x 1024 ,,7 ms ,,5:4 ,,250 cd/m² ,0.294 mm ,No ,No ,None ,No ,100 x 100 ,,1 x VGA 
Acer K272HULbmiidp,Acer ,UM.HX2AA.001 ,"27"" ",2560 x 1440 ,60 Hz ,6 ms ,IPS ,16:9 ,,350 cd/m² ,0.233 mm ,Yes ,No ,None ,Yes ,,178° H x 178° V , 1 x DisplayPort | 1 x DVI | 2 x HDMI | 
Asus VN289H,Asus ,VN289H ,"28"" ",1920 x 1080 ,60 Hz ,5 ms ,VA ,16:9 ,,300 cd/m² ,0.323 mm ,Yes ,No ,None ,Yes ,100 x 100 ,178° H x 178° V , 2 x HDMI | 1 x VGA | 
LG 22MB35PU-B,LG ,22MB35PU-B ,"22"" ",1920 x 1080 ,60 Hz ,5 ms ,TN ,16:9 ,,250 cd/m² ,0.254 mm ,Yes ,No ,None ,Yes ,100 x 100 ,170° H x 160° V , 1 x DVI | 1 x VGA | 
AOC E2260SWDA-TAA,AOC ,E2260SWDA-TAA ,"22"" ",1920 x 1080 ,60 Hz ,5 ms ,TN ,16:9 ,,250 cd/m² ,0.254 mm ,Yes ,No ,None ,Yes ,100 x 100 ,, 1 x DVI | 1 x VGA | 
HP F4M97A8#ABA,HP ,F4M97A8#ABA ,"17"" ",1280 x 1024 ,60 Hz ,5 ms ,TN ,5:4 ,,250 cd/m² ,0.263 mm ,No ,No ,None ,No ,100 x 100 ,,1 x VGA 
LG 22M45D,LG ,22M45D ,"21.5"" ",1920 x 1080 ,60 Hz ,5 ms ,TN ,16:9 ,,250 cd/m² ,0.248 mm ,Yes ,No ,None ,No ,,170° H x 160° V , 1 x DVI | 1 x VGA | 
LG 22MB35D-B,LG ,22MB35D-B ,"22"" ",1920 x 1080 ,60 Hz ,5 ms ,TN ,16:9 ,,250 cd/m² ,0.254 mm ,Yes ,No ,None ,No ,,170° H x 160° V , 1 x DVI | 1 x VGA | 
LG 24M45H,LG ,24M45H ,"24"" ",1920 x 1080 ,60 Hz ,5 ms ,TN ,16:9 ,,250 cd/m² ,0.277 mm ,Yes ,No ,None ,No ,,170° H x 160° V , 1 x HDMI | 1 x VGA | 
LG 23MB35PM-B,LG ,23MB35PM-B ,"23"" ",1920 x 1080 ,60 Hz ,5 ms ,IPS ,16:9 ,,250 cd/m² ,0.265 mm ,Yes ,No ,None ,Yes ,75 x 75 ,178° H x 178° V , 1 x DVI | 1 x VGA | 
Samsung S27D360H,Samsung ,S27D360H ,"27"" ",1920 x 1080 ,60 Hz ,5 ms ,TN ,16:9 ,,300 cd/m² ,0.311 mm ,Yes ,No ,None ,No ,,178° H x 178° V , 1 x HDMI | 1 x VGA | 
Samsung P2370HD,Samsung ,P2370HD ,"23"" ",1920 x 1080 ,60 Hz ,5 ms ,,16:9 ,,300 cd/m² ,0.265 mm ,Yes ,No ,None ,Yes ,,170° H x 160° V , 1 x Component | 1 x DVI | 1 x HDMI | 1 x S-Video | 1 x VGA | 
Acer K202HQL,Acer ,UM.IW3AA.008 ,"19.5"" ",1600 x 900 ,60 Hz ,5 ms ,TN ,16:9 ,,200 cd/m² ,0.27 mm ,Yes ,No ,None ,No ,,90° H x 65° V , 1 x DVI | 1 x VGA | 
AOC I2757FH,AOC ,I2757FH ,"27"" ",1920 x 1080 ,60 Hz ,5 ms ,IPS ,16:9 ,,250 cd/m² ,0.311 mm ,Yes ,No ,None ,Yes ,,178° H x 178° V , 2 x HDMI | 1 x VGA | 
Samsung T27B550,Samsung ,T27B550 ,"27"" ",1920 x 1080 ,60 Hz ,5 ms ,,16:9 ,,300 cd/m² ,0.311 mm ,Yes ,No ,None ,Yes ,,170° H x 160° V , 1 x Component | 2 x HDMI | 1 x VGA | 
Acer XB270H Abprz,Acer , UM.HB0AA.A01 | XB270H Abprz | ,"27"" ",1920 x 1080 ,144 Hz ,1 ms ,TN ,16:9 ,,300 cd/m² ,0.311 mm ,Yes ,No ,G-Sync ,No ,,170° H x 160° V , 1 x DisplayPort | 1 x DVI-A | 1 x HDMI | 
Acer UM.WV6AA.B01,Acer ,UM.WV6AA.B01 ,"21.5"" ",1920 x 1080 ,60 Hz ,5 ms ,TN ,16:9 ,,200 cd/m² ,0.248 mm ,Yes ,No ,None ,No ,,, 1 x DVI | 1 x VGA | 
NEC EA244UHD-BK,NEC ,EA244UHD-BK ,"24"" ",3840 x 2160 ,60 Hz ,6 ms ,IPS ,16:9 ,,350 cd/m² ,0.138 mm ,Yes ,No ,None ,Yes ,100 x 100 ,178° H x 178° V , 2 x DisplayPort | 2 x DVI | 1 x HDMI | 
Philips 241B4LPYCB,Philips ,241B4LPYCB ,"24"" ",1920 x 1080 ,60 Hz ,5 ms ,TN ,16:9 ,,250 cd/m² ,0.277 mm ,Yes ,No ,None ,Yes ,100 x 100 ,170° H x 160° V , 1 x DisplayPort | 1 x DVI | 1 x VGA | 
Eizo FS2434-BK,Eizo ,FS2434-BK ,"23.8"" ",1920 x 1080 ,60 Hz ,5 ms ,IPS ,16:9 ,,250 cd/m² ,0.274 mm ,Yes ,No ,None ,Yes ,100 x 100 ,178° H x 178° V , 1 x DVI | 2 x HDMI | 
BenQ XL2420G,BenQ ,XL2420G ,"24"" ",1920 x 1080 ,144 Hz ,1 ms ,TN ,16:9 ,,350 cd/m² ,0.277 mm ,Yes ,No ,G-Sync ,No ,100 x 100 ,170° H x 160° V , 1 x DisplayPort | 1 x DVI | 2 x HDMI | 
LG 34UM95-P,LG ,34UM95-P ,"34"" ",3440 x 1440 ,60 Hz ,5 ms ,IPS ,21:9 ,,320 cd/m² ,0.232 mm ,Yes ,No ,None ,No ,100 x 100 ,178° H x 178° V , 1 x DisplayPort | 2 x HDMI | 
Dell E2715H,Dell ,E2715H ,"27"" ",1920 x 1080 ,60 Hz ,8 ms ,IPS ,16:9 ,,300 cd/m² ,0.311 mm ,Yes ,No ,None ,No ,100 x 100 ,178° H x 178° V , 1 x DisplayPort | 1 x DVI | 1 x VGA | 
Asus VB199T-P,Asus ,VB199T-P ,"19"" ",1280 x 1024 ,60 Hz ,5 ms ,IPS ,5:4 ,,250 cd/m² ,0.294 mm ,No ,No ,None ,Yes ,100 x 100 ,178° H x 178° V , 1 x DVI | 1 x VGA | 
LG 25UM65-P,LG ,25UM65-P ,"25"" ",2560 x 1080 ,60 Hz ,14 ms ,IPS ,21:9 ,,250 cd/m² ,0.229 mm ,Yes ,No ,None ,Yes ,,178° H x 178° V , 1 x DisplayPort | 1 x DVI | 2 x HDMI | 
Dell S2415H,Dell ,S2415H ,"23.8"" ",1920 x 1080 ,60 Hz ,6 ms ,IPS ,16:9 ,,250 cd/m² ,0.274 mm ,Yes ,No ,None ,Yes ,100 x 100 ,178° H x 178° V , 1 x HDMI | 1 x VGA | 
Dell S2715H,Dell ,S2715H ,"27"" ",1920 x 1080 ,60 Hz ,6 ms ,IPS ,16:9 ,,250 cd/m² ,0.311 mm ,Yes ,No ,None ,Yes ,100 x 100 ,178° H x 178° V , 1 x HDMI | 1 x VGA | 
ViewSonic VX2239WM,ViewSonic ,VX2239WM ,"22"" ",1920 x 1080 ,60 Hz ,2 ms ,TN ,16:9 ,,300 cd/m² ,0.254 mm ,Yes ,No ,None ,Yes ,100 x 100 ,170° H x 160° V , 1 x DVI | 1 x HDMI | 1 x VGA | 
BenQ BL3201PH,BenQ ,BL3201PH ,"32"" ",3840 x 2160 ,60 Hz ,4 ms ,IPS ,16:9 ,,350 cd/m² ,0.184 mm ,Yes ,No ,None ,Yes ,,178° H x 178° V , 1 x DisplayPort | 1 x Mini-DisplayPort | 1 x DVI | 2 x HDMI | 
Acer G257HL BMIDX,Acer , UM.KG7AA.001 | UM.KG7SA.002.D10 | UM.RB6SA.001 | ,"25"" ",1920 x 1080 ,60 Hz ,4 ms ,IPS ,16:9 ,,250 cd/m² ,0.288 mm ,Yes ,No ,None ,No ,,178° H x 178° V , 1 x DVI | 1 x HDMI | 1 x VGA | 
ViewSonic VA2465SMH,ViewSonic ,VA2465SMH ,"23.6"" ",1920 x 1080 ,60 Hz ,7 ms ,VA ,16:9 ,,250 cd/m² ,0.272 mm ,Yes ,No ,None ,Yes ,100 x 100 ,178° H x 178° V , 1 x HDMI | 1 x VGA | 
LG 34UC87M-B,LG ,34UC87M-B ,"34"" ",3440 x 1440 ,60 Hz ,5 ms ,IPS ,21:9 ,,300 cd/m² ,0.232 mm ,Yes ,No ,None ,Yes ,100 x 100 ,178° H x 178° V , 1 x DisplayPort | 2 x HDMI | 
Acer UM.FV6AA.006,Acer ,UM.FV6AA.006 ,"24"" ",1920 x 1200 ,60 Hz ,6 ms ,,16:10 ,,300 cd/m² ,0.269 mm ,Yes ,No ,None ,No ,,, 1 x DisplayPort | 1 x DVI | 1 x VGA | 
LG 22MP57HQ,LG ,22MP57HQ ,"22"" ",1920 x 1080 ,60 Hz ,5 ms ,IPS ,16:9 ,,250 cd/m² ,0.254 mm ,Yes ,No ,None ,No ,,178° H x 178° V , 1 x HDMI | 1 x VGA | 
Asus PB278QR,Asus , PB278QR | 90LMGA001T02251C- | ,"27"" ",2560 x 1440 ,60 Hz ,5 ms ,IPS ,16:9 ,,300 cd/m² ,0.233 mm ,Yes ,No ,None ,Yes ,,178° H x 178° V , 1 x DisplayPort | 1 x DVI | 1 x HDMI | 1 x VGA | 
HP S231d,HP ,F3J72AA#ABA ,"23"" ",1920 x 1080 ,60 Hz ,7 ms ,,16:9 ,Black ,250 cd/m² ,0.265 mm ,Yes ,No ,None ,Yes ,100 x 100 ,178° H x 178° V , 1 x DisplayPort | 1 x VGA | 
Samsung S34E790C,Samsung ,S34E790C ,"34"" ",3440 x 1440 ,60 Hz ,4 ms ,VA ,21:9 ,,300 cd/m² ,0.232 mm ,Yes ,Yes ,None ,Yes ,,178° H x 178° V , 1 x DisplayPort | 2 x HDMI | 
LG 27MP67HQ,LG ,27MP67HQ ,"27"" ",1920 x 1080 ,60 Hz ,5 ms ,IPS ,16:9 ,,250 cd/m² ,0.311 mm ,Yes ,No ,None ,No ,,178° H x 178° V , 1 x HDMI | 1 x VGA | 
LG 19M37D-B,LG ,19M37D-B ,"18.5"" ",1366 x 768 ,60 Hz ,5 ms ,TN ,16:9 ,,200 cd/m² ,0.3 mm ,Yes ,No ,None ,No ,100 x 100 ,180° H x 130° V , 1 x DVI | 1 x VGA | 
LG 24MC37D-B,LG ,24MC37D-B ,"23.5"" ",1920 x 1080 ,60 Hz ,5 ms ,TN ,16:9 ,,200 cd/m² ,0.271 mm ,Yes ,No ,None ,No ,100 x 100 ,170° H x 160° V , 1 x DVI | 1 x VGA | 
LG 23MP47HQ,LG ,23MP47HQ ,"23"" ",1920 x 1080 ,60 Hz ,5 ms ,IPS ,16:9 ,,250 cd/m² ,0.265 mm ,Yes ,No ,None ,No ,,178° H x 178° V , 1 x HDMI | 1 x VGA | 
LG 25UM57-P,LG ,25UM57-P ,"25"" ",2560 x 1080 ,60 Hz ,5 ms ,IPS ,21:9 ,,250 cd/m² ,0.229 mm ,Yes ,No ,None ,No ,,178° H x 178° V ,2 x HDMI 
HP Z27q,HP ,J3G14A8#ABA ,"27"" ",5120 x 2880 ,60 Hz ,14 ms ,IPS ,16:9 ,,300 cd/m² ,0.117 mm ,Yes ,No ,None ,No ,,178° H x 178° V ,2 x DisplayPort 
Dell U2311H,Dell ,U2311H ,"23"" ",1920 x 1080 ,60 Hz ,8 ms ,IPS ,16:9 ,,300 cd/m² ,0.265 mm ,Yes ,No ,None ,No ,,178° H x 178° V , 1 x DisplayPort | 1 x DVI | 1 x VGA | 
Acer S200HQL GBD,Acer ,UM.IS0AA.G01 ,"19.5"" ",1920 x 1080 ,60 Hz ,8 ms ,VA ,16:9 ,,250 cd/m² ,0.225 mm ,Yes ,No ,None ,No ,,, 1 x DVI | 1 x VGA | 
HP 23xw,HP ,23xw ,"23"" ",1920 x 1080 ,60 Hz ,7 ms ,IPS ,16:9 ,,250 cd/m² ,0.265 mm ,Yes ,No ,None ,No ,,178° H x 178° V , 2 x HDMI | 1 x VGA | 
HP 25xw,HP ,25xw ,"25"" ",1920 x 1080 ,60 Hz ,7 ms ,IPS ,16:9 ,,250 cd/m² ,0.288 mm ,Yes ,No ,None ,No ,,178° H x 178° V , 2 x HDMI | 1 x VGA | 
NEC EA274WMI-BK-SV,NEC ,EA274WMI-BK-SV ,"27"" ",2560 x 1440 ,60 Hz ,6 ms ,IPS ,16:9 ,,350 cd/m² ,0.233 mm ,Yes ,No ,None ,Yes ,,178° H x 178° V , 1 x DisplayPort | 1 x DVI | 1 x HDMI | 1 x VGA | 
Samsung S24E510C,Samsung ,S24E510C ,"23.6"" ",1920 x 1080 ,60 Hz ,4 ms ,VA ,16:9 ,,250 cd/m² ,0.272 mm ,Yes ,Yes ,None ,No ,,178° H x 178° V , 1 x HDMI | 1 x VGA | 
Samsung S27E390H,Samsung ,S27E390H ,"27"" ",1920 x 1080 ,60 Hz ,4 ms ,PLS ,16:9 ,,300 cd/m² ,0.311 mm ,Yes ,No ,None ,No ,,178° H x 178° V , 1 x HDMI | 1 x VGA | 
Samsung S29E790C,Samsung ,S29E790C ,"29"" ",2560 x 1080 ,60 Hz ,4 ms ,VA ,21:9 ,,350 cd/m² ,0.265 mm ,Yes ,Yes ,None ,Yes ,,178° H x 178° V , 1 x DisplayPort | 2 x HDMI | 
ViewSonic VX2475Smhl-4K,ViewSonic ,VX2475Smhl-4K ,"24"" ",3840 x 2160 ,60 Hz ,3 ms ,PLS ,16:9 ,,250 cd/m² ,0.138 mm ,Yes ,No ,None ,Yes ,,178° H x 178° V , 1 x DisplayPort | 1 x HDMI | 
AOC U3477PQU,AOC ,U3477PQU ,"34"" ",3440 x 1440 ,60 Hz ,5 ms ,IPS ,21:9 ,,320 cd/m² ,0.232 mm ,Yes ,No ,None ,Yes ,,178° H x 178° V , 1 x DisplayPort | 1 x DVI | 1 x HDMI | 1 x VGA | 
Planar PXL2271MW,Planar ,997-7847-00 ,"22"" ",1920 x 1080 ,60 Hz ,2 ms ,IPS ,16:9 ,,250 cd/m² ,0.254 mm ,Yes ,No ,None ,Yes ,,178° H x 178° V , 1 x DisplayPort | 1 x HDMI | 1 x VGA | 
ViewSonic VG2433SMH,ViewSonic ,VG2433SMH ,"23.6"" ",1920 x 1080 ,60 Hz ,14 ms ,IPS ,16:9 ,,250 cd/m² ,0.272 mm ,Yes ,No ,None ,Yes ,,178° H x 178° V , 1 x DVI | 1 x HDMI | 1 x VGA | 
LG 34UC87C,LG ,34UC87C ,"34"" ",3440 x 1440 ,60 Hz ,5 ms ,IPS ,21:9 ,,300 cd/m² ,0.232 mm ,Yes ,Yes ,None ,Yes ,,178° H x 178° V , 1 x DisplayPort | 2 x HDMI | 
HP 27xw,HP ,J7Y63AA#ABA ,"27"" ",1920 x 1080 ,60 Hz ,8 ms ,IPS ,16:9 ,,250 cd/m² ,0.311 mm ,Yes ,No ,None ,No ,,178° H x 178° V , 2 x HDMI | 1 x VGA | 
Lenovo 60C8MAR1US,Lenovo ,60C8MAR1US ,"23.8"" ",1920 x 1080 ,60 Hz ,7 ms ,IPS ,16:9 ,,250 cd/m² ,0.274 mm ,Yes ,No ,None ,No ,,178° H x 178° V , 1 x DisplayPort | 1 x HDMI | 1 x VGA | 
LG 25UM56-P,LG ,25UM56-P ,"25"" ",2560 x 1080 ,60 Hz ,5 ms ,IPS ,21:9 ,,250 cd/m² ,0.229 mm ,Yes ,No ,None ,No ,,178° H x 178° V ,2 x HDMI 
ViewSonic VP2780-4K,ViewSonic ,VP2780-4K ,"27"" ",3840 x 2160 ,60 Hz ,5 ms ,IPS ,16:9 ,,350 cd/m² ,0.156 mm ,Yes ,No ,None ,No ,,178° H x 178° V , 1 x DisplayPort | 1 x HDMI | 
Acer Predator XR341CK,Acer , UM.CX1AA.001 | UM.CX1EE.001 | XR341CK bmijpphz | ,"34"" ",3440 x 1440 ,75 Hz ,4 ms ,IPS ,21:9 ,,300 cd/m² ,0.232 mm ,Yes ,Yes ,FreeSync ,Yes ,,178° H x 178° V , 1 x DisplayPort | 1 x Mini-DisplayPort | 2 x HDMI | 
LG 29UM57-P,LG ,29UM57-P ,"29"" ",2560 x 1080 ,60 Hz ,5 ms ,IPS ,21:9 ,,250 cd/m² ,0.265 mm ,Yes ,No ,None ,No ,,178° H x 178° V ,2 x HDMI 
HP Z27n,HP , K7C09A4#ABA | K7C09A8#ABA | ,"27"" ",2560 x 1440 ,60 Hz ,14 ms ,IPS ,16:9 ,,350 cd/m² ,0.233 mm ,Yes ,No ,None ,Yes ,,178° H x 178° V , 1 x DisplayPort | 1 x Mini-DisplayPort | 1 x DVI | 1 x HDMI | 
Samsung S24E650PL,Samsung ,S24E650PL ,"23.6"" ",1920 x 1080 ,60 Hz ,4 ms ,PLS ,16:9 ,,250 cd/m² ,0.272 mm ,Yes ,No ,None ,Yes ,,178° H x 178° V , 1 x HDMI | 1 x VGA | 
Samsung S27E650D,Samsung ,S27E650D ,"27"" ",1920 x 1080 ,60 Hz ,4 ms ,PLS ,16:9 ,,300 cd/m² ,0.311 mm ,Yes ,No ,None ,Yes ,,178° H x 178° V , 1 x DisplayPort | 1 x DVI | 1 x VGA | 
Dell E2316H,Dell ,E2316H ,"23"" ",1920 x 1080 ,60 Hz ,5 ms ,TN ,16:9 ,,250 cd/m² ,0.265 mm ,Yes ,No ,None ,No ,,170° H x 160° V , 1 x DisplayPort | 1 x VGA | 
Lenovo 60CCMAR2US,Lenovo ,60CCMAR2US ,"22"" ",1680 x 1050 ,60 Hz ,5 ms ,TN ,16:10 ,,250 cd/m² ,0.282 mm ,Yes ,No ,None ,No ,,170° H x 160° V , 1 x DisplayPort | 1 x HDMI | 1 x VGA | 
Samsung LS23E20KBSV/GO,Samsung ,LS23E20KBSV/GO ,"23"" ",1920 x 1080 ,60 Hz ,5 ms ,TN ,16:9 ,,250 cd/m² ,0.265 mm ,Yes ,No ,None ,No ,,170° H x 160° V , 1 x DVI | 1 x VGA | 
AOC G2770PF,AOC ,G2770PF ,"27"" ",1920 x 1080 ,144 Hz ,1 ms ,TN ,16:9 ,,300 cd/m² ,0.311 mm ,Yes ,No ,FreeSync ,No ,,178° H x 170° V , 1 x DisplayPort | 1 x DVI | 1 x HDMI | 1 x VGA | 
Dell P2416D,Dell ,P2416D ,"23.8"" ",2560 x 1440 ,60 Hz ,6 ms ,IPS ,16:9 ,,300 cd/m² ,0.206 mm ,Yes ,No ,None ,No ,,178° H x 178° V , 1 x DisplayPort | 1 x HDMI | 1 x VGA | 
HP ENVY 34c,HP , K1U85AA#ABA | NV34C | ,"34"" ",3440 x 1440 ,60 Hz ,8 ms ,VA ,21:9 ,,350 cd/m² ,0.232 mm ,Yes ,Yes ,None ,Yes ,,178° H x 178° V , 1 x DisplayPort | 2 x HDMI | 
iiyama XU2590HS-B1,iiyama ,XU2590HS-B1 ,"25"" ",1920 x 1080 ,60 Hz ,5 ms ,IPS ,16:9 ,,250 cd/m² ,0.288 mm ,Yes ,No ,None ,No ,,178° H x 178° V , 1 x DVI | 1 x HDMI | 1 x VGA | 
LG 29UC97C,LG ,29UC97C ,"29"" ",2560 x 1080 ,60 Hz ,5 ms ,IPS ,21:9 ,,300 cd/m² ,0.265 mm ,Yes ,Yes ,None ,Yes ,,178° H x 178° V , 1 x DisplayPort | 2 x HDMI | 
Philips BDM4065UC,Philips ,BDM4065UC ,"40"" ",3840 x 2160 ,60 Hz ,3 ms ,VA ,16:9 ,,300 cd/m² ,0.231 mm ,Yes ,No ,None ,Yes ,,176° H x 176° V , 1 x DisplayPort | 1 x Mini-DisplayPort | 2 x HDMI | 1 x VGA | 
Asus C624AQ,Asus ,C624AQ ,"23.8"" ",1920 x 1080 ,60 Hz ,5 ms ,IPS ,16:9 ,,250 cd/m² ,0.274 mm ,Yes ,No ,None ,Yes ,,178° H x 178° V , 1 x DisplayPort | 1 x DVI | 1 x VGA | 
Asus MX25AQ,Asus ,MX25AQ ,"25"" ",2560 x 1440 ,60 Hz ,5 ms ,IPS ,16:9 ,,300 cd/m² ,0.216 mm ,Yes ,No ,None ,Yes ,,178° H x 178° V , 1 x DisplayPort | 2 x HDMI | 
Dell E2416H,Dell ,E2416H ,"24"" ",1920 x 1080 ,60 Hz ,5 ms ,TN ,16:9 ,,250 cd/m² ,0.277 mm ,Yes ,No ,None ,No ,,160° H x 170° V , 1 x DisplayPort | 1 x VGA | 
Dell UP3216Q,Dell ,UP3216Q ,"31.5"" ",3840 x 2160 ,60 Hz ,6 ms ,IPS ,16:9 ,,300 cd/m² ,0.182 mm ,Yes ,No ,None ,No ,,178° H x 178° V , 1 x DisplayPort | 1 x Mini-DisplayPort | 1 x HDMI | 
NEC P212,NEC ,P212 ,"21.3"" ",1600 x 1200 ,60 Hz ,8 ms ,IPS ,4:3 ,,440 cd/m² ,0.271 mm ,No ,No ,None ,Yes ,,178° H x 178° V , 1 x DisplayPort | 1 x DVI | 1 x HDMI | 1 x VGA | 
Samsung LS27E45KDSG/GO,Samsung ,LS27E45KDSG/GO ,"27"" ",1920 x 1080 ,60 Hz ,5 ms ,TN ,16:9 ,,250 cd/m² ,0.311 mm ,Yes ,No ,None ,No ,,170° H x 160° V , 1 x DisplayPort | 1 x DVI | 1 x VGA | 
Samsung S22E200B,Samsung ,S22E200B ,"21.5"" ",1920 x 1080 ,60 Hz ,5 ms ,TN ,16:9 ,,250 cd/m² ,0.248 mm ,Yes ,No ,None ,No ,,170° H x 160° V , 1 x DVI | 1 x VGA | 
Samsung S22E450BW,Samsung ,S22E450BW ,"22"" ",1680 x 1050 ,60 Hz ,5 ms ,TN ,16:10 ,,250 cd/m² ,0.282 mm ,Yes ,No ,None ,No ,,170° H x 160° V , 1 x DVI | 1 x VGA | 
Samsung S24E650C,Samsung ,S24E650C ,"23.5"" ",1920 x 1080 ,60 Hz ,4 ms ,VA ,16:9 ,,300 cd/m² ,0.271 mm ,Yes ,Yes ,None ,No ,,178° H x 178° V ,1 x DisplayPort 
Dell UP2516D,Dell ,UP2516D ,"25"" ",2560 x 1440 ,60 Hz ,6 ms ,IPS ,16:9 ,,300 cd/m² ,0.216 mm ,Yes ,No ,None ,No ,,178° H x 178° V , 1 x DisplayPort | 1 x Mini-DisplayPort | 2 x HDMI | 
Philips 272G5DYEB/27,Philips ,272G5DYEB/27 ,"27"" ",1920 x 1080 ,144 Hz ,1 ms ,TN ,16:9 ,,300 cd/m² ,0.311 mm ,Yes ,No ,G-Sync ,No ,,170° H x 160° V ,2 x DisplayPort 
ViewSonic VX2457-MHD,ViewSonic ,VX2457-MHD ,"23.6"" ",1920 x 1080 ,75 Hz ,2 ms ,TN ,16:9 ,,300 cd/m² ,0.272 mm ,Yes ,No ,FreeSync ,Yes ,,170° H x 160° V , 1 x DisplayPort | 1 x HDMI | 1 x VGA | 
LG 34UC98,LG ,34UC98 ,"34"" ",3440 x 1440 ,60 Hz ,5 ms ,IPS ,21:9 ,,300 cd/m² ,0.232 mm ,Yes ,Yes ,None ,Yes ,,178° H x 178° V , 1 x DisplayPort | 2 x HDMI | 
AOC I2369VM,AOC ,I2369VM ,"23"" ",1920 x 1080 ,60 Hz ,6 ms ,IPS ,16:9 ,,250 cd/m² ,0.265 mm ,Yes ,No ,None ,Yes ,,178° H x 178° V , 1 x DisplayPort | 2 x HDMI | 1 x VGA | 
AOC M2870VHE,AOC ,M2870VHE ,"28"" ",1920 x 1080 ,60 Hz ,5 ms ,VA ,16:9 ,,300 cd/m² ,0.323 mm ,Yes ,No ,None ,No ,,178° H x 178° V , 1 x HDMI | 1 x VGA | 
Acer B346CK bmijphzx,Acer , B346CK bmijphzx | UM.CB6AA.004 | ,"34"" ",3440 x 1440 ,60 Hz ,6 ms ,IPS ,21:9 ,,320 cd/m² ,0.232 mm ,Yes ,No ,None ,Yes ,,178° H x 178° V , 1 x DisplayPort | 1 x HDMI | 
CTL IP2380S,CTL ,MTIP2380S ,"24"" ",1920 x 1080 ,60 Hz ,6 ms ,,16:9 ,,250 cd/m² ,0.277 mm ,Yes ,No ,None ,Yes ,,, 1 x DisplayPort | 1 x HDMI | 1 x VGA | 
LG 34UM57-P,LG ,34UM57-P ,"34"" ",2560 x 1080 ,60 Hz ,,IPS ,21:9 ,,250 cd/m² ,0.311 mm ,Yes ,No ,None ,No ,,178° H x 178° V , 1 x DisplayPort | 2 x HDMI | 
LG 34UM68,LG ,34UM68 ,"34"" ",2560 x 1080 ,75 Hz ,5 ms ,IPS ,21:9 ,,300 cd/m² ,0.311 mm ,Yes ,No ,FreeSync ,Yes ,,178° H x 178° V , 1 x DisplayPort | 1 x HDMI | 
Samsung LS27D85KTSR/GO,Samsung , LS27D85KTSR/GO | S27D850T | ,"27"" ",2560 x 1440 ,60 Hz ,5 ms ,PLS ,16:9 ,,350 cd/m² ,0.233 mm ,Yes ,No ,None ,Yes ,,178° H x 178° V , 1 x DisplayPort | 1 x DVI | 1 x HDMI | 
ViewSonic XG2701,ViewSonic ,XG2701 ,"27"" ",1920 x 1080 ,144 Hz ,1 ms ,TN ,16:9 ,,300 cd/m² ,0.311 mm ,Yes ,No ,FreeSync ,Yes ,,170° H x 160° V , 1 x DisplayPort | 1 x Mini-DisplayPort | 2 x HDMI | 
Philips BDM4350UC/00,Philips ,BDM4350UC/00 ,"42.51"" ",3840 x 2160 ,60 Hz ,5 ms ,IPS ,16:9 ,,300 cd/m² ,0.245 mm ,Yes ,No ,None ,Yes ,,178° H x 178° V , 2 x DisplayPort | 2 x HDMI | 1 x VGA | 
Dell P4317Q,Dell ,P4317Q ,"42.51"" ",3840 x 2160 ,60 Hz ,8 ms ,IPS ,16:9 ,,350 cd/m² ,0.245 mm ,Yes ,No ,None ,Yes ,,178° H x 178° V , 1 x DisplayPort | 1 x Mini-DisplayPort | 2 x HDMI | 1 x VGA | 
Asus PA329Q,Asus , PA329Q | 90LM02CC-B01370 | ,"32"" ",3840 x 2160 ,60 Hz ,5 ms ,IPS ,16:9 ,,350 cd/m² ,0.184 mm ,Yes ,No ,None ,Yes ,,178° H x 178° V , 1 x DisplayPort | 1 x Mini-DisplayPort | 4 x HDMI | 
Samsung U24E850R,Samsung ,U24E850R ,"23.5"" ",3840 x 2160 ,60 Hz ,4 ms ,PLS ,16:9 ,,300 cd/m² ,0.135 mm ,Yes ,No ,FreeSync ,No ,,178° H x 178° V , 1 x DisplayPort | 1 x Mini-DisplayPort | 1 x HDMI | 
Asus VP239H-P,Asus ,VP239H-P ,"23"" ",1920 x 1080 ,60 Hz ,5 ms ,IPS ,16:9 ,,250 cd/m² ,0.265 mm ,Yes ,No ,None ,Yes ,,178° H x 178° V , 1 x DVI | 1 x HDMI | 1 x VGA | 
LG 29UC88-B,LG ,29UC88-B ,"29"" ",2560 x 1080 ,75 Hz ,5 ms ,IPS ,21:9 ,,300 cd/m² ,0.265 mm ,Yes ,Yes ,FreeSync ,No ,75 x 75 ,178° H x 178° V , 1 x DisplayPort | 2 x HDMI | 
Samsung U28E850R,Samsung , U28E850R | LU28E85KRS/XY | LU28E85KRS/EN | LU28E85KRS/ZA | ,"28"" ",3840 x 2160 ,60 Hz ,1 ms ,TN ,16:9 ,,370 cd/m² ,0.161 mm ,Yes ,No ,FreeSync ,No ,,170° H x 160° V , 1 x DisplayPort | 1 x Mini-DisplayPort | 2 x HDMI | 
Acer Z271,Acer ,UM.HX1AA.006 ,"27"" ",1920 x 1080 ,144 Hz ,4 ms ,VA ,16:9 ,,300 cd/m² ,0.311 mm ,Yes ,Yes ,G-Sync ,Yes ,,178° H x 178° V , 1 x DisplayPort | 1 x HDMI | 
Asus VP279Q-P,Asus ,VP279Q-P ,"27"" ",1920 x 1080 ,60 Hz ,5 ms ,IPS ,16:9 ,,250 cd/m² ,0.311 mm ,Yes ,No ,None ,Yes ,,178° H x 178° V , 1 x DisplayPort | 1 x HDMI | 1 x VGA | 
Acer K272HUL Ebmidpx,Acer ,K272HUL Ebmidpx ,"27"" ",2560 x 1440 ,60 Hz ,1 ms ,TN ,16:9 ,,350 cd/m² ,0.233 mm ,Yes ,No ,None ,Yes ,,170° H x 160° V , 1 x DisplayPort | 1 x DVI-D Dual Link | 1 x HDMI | 
ViewSonic VX2778-smhd,ViewSonic ,VX2778-smhd ,"27"" ",2560 x 1440 ,60 Hz ,5 ms ,PLS ,16:9 ,,350 cd/m² ,0.233 mm ,Yes ,No ,None ,Yes ,,178° H x 178° V , 1 x DisplayPort | 1 x Mini-DisplayPort | 1 x HDMI | 
HP 22es,HP ,22es ,"21.5"" ",1920 x 1080 ,60 Hz ,7 ms ,IPS ,16:9 ,,250 cd/m² ,0.248 mm ,Yes ,No ,None ,No ,,178° H x 178° V , 1 x HDMI | 1 x VGA | 
Dell S2817Q,Dell ,S2817Q ,"28"" ",3840 x 2160 ,60 Hz ,2 ms ,TN ,16:9 ,,300 cd/m² ,0.161 mm ,Yes ,No ,None ,Yes ,,160° H x 170° V , 1 x DisplayPort | 1 x Mini-DisplayPort | 2 x HDMI | 
Philips BDM3270QP2,Philips , bdm3270qp2 | BDM3270QP2/27 | ,"32"" ",2560 x 1440 ,60 Hz ,4 ms ,VA ,16:9 ,,250 cd/m² ,0.277 mm ,Yes ,No ,None ,Yes ,,178° H x 178° V , 1 x DisplayPort | 1 x DVI-D Dual Link | 1 x HDMI | 1 x VGA | 
Asus MX27UC,Asus , MX27UC | 90LM02B3-B01670 | ,"27"" ",3840 x 2160 ,60 Hz ,5 ms ,IPS ,16:9 ,,300 cd/m² ,0.156 mm ,Yes ,No ,None ,Yes ,,178° H x 178° V , 1 x DisplayPort | 1 x HDMI | 
Asus VA325H,Asus ,VA325H ,"31.5"" ",1920 x 1080 ,60 Hz ,5 ms ,IPS ,16:9 ,,250 cd/m² ,0.363 mm ,Yes ,No ,None ,Yes ,,178° H x 178° V , 1 x HDMI | 1 x VGA | 
Acer XZ271,Acer , XZ271 | UM.HX1SA.003 | UM.HX1SA.003-D10 | UM.HX1EE.019 | ,"27"" ",1920 x 1080 ,144 Hz ,4 ms ,VA ,16:9 ,,300 cd/m² ,0.311 mm ,Yes ,Yes ,FreeSync ,No ,,178° H x 178° V , 1 x DisplayPort | 1 x HDMI | 
HP w2408h,HP ,w2408h ,"24"" ",1920 x 1200 ,60 Hz ,5 ms ,,16:10 ,,,0.269 mm ,Yes ,No ,None ,No ,,, 1 x HDMI | 1 x VGA | 
AOC E2050SW,AOC ,E2050SW ,"19.5"" ",1600 x 900 ,60 Hz ,5 ms ,TN ,16:9 ,,250 cd/m² ,0.27 mm ,Yes ,No ,None ,No ,,170° H x 160° V , 1 x DVI-D Single Link | 1 x VGA | 
Dell S2418NX,Dell ,81W0W ,"24"" ",1920 x 1080 ,60 Hz ,6 ms ,IPS ,16:9 ,,250 cd/m² ,0.277 mm ,Yes ,No ,FreeSync ,No ,,178° H x 178° V , 1 x HDMI | 1 x VGA | 
LG 24M47H-P,LG ,24M47H-P ,"23.6"" ",1920 x 1080 ,60 Hz ,5 ms ,TN ,16:9 ,,250 cd/m² ,0.272 mm ,Yes ,No ,None ,No ,,170° H x 160° V , 1 x HDMI | 1 x VGA | 
Samsung UH850,Samsung ,LU32H850UMNXZA ,"31.5"" ",3840 x 2160 ,60 Hz ,4 ms ,VA ,16:9 ,,250 cd/m² ,0.182 mm ,Yes ,No ,FreeSync ,No ,,178° H x 178° V , 1 x DisplayPort | 1 x Mini-DisplayPort | 2 x HDMI | 
Samsung C27HG70,Samsung , LC27HG70QQNXZA | LC27HG70QQEXXY | ,"26.9"" ",2560 x 1440 ,144 Hz ,1 ms ,VA ,16:9 ,,350 cd/m² ,0.233 mm ,Yes ,Yes ,FreeSync Premium Pro ,No ,,178° H x 178° V , 1 x DisplayPort | 2 x HDMI | 
ViewSonic VP2785-4K,ViewSonic ,VP2785-4K ,"27"" ",3840 x 2160 ,60 Hz ,7 ms ,IPS ,16:9 ,,350 cd/m² ,0.156 mm ,Yes ,No ,None ,No ,,178° H x 178° V , 1 x DisplayPort | 1 x Mini-DisplayPort | 2 x HDMI | 
Philips 288P6LJEB,Philips ,288P6LJEB ,"28"" ",3840 x 2160 ,60 Hz ,5 ms ,TN ,16:9 ,,300 cd/m² ,0.161 mm ,Yes ,No ,None ,Yes ,,170° H x 160° V , 1 x DisplayPort | 1 x DVI | 1 x HDMI | 1 x VGA | 
AOC Q2781PQ,AOC ,Q2781PQ ,"27"" ",2560 x 1440 ,60 Hz ,4 ms ,IPS ,16:9 ,,350 cd/m² ,0.233 mm ,Yes ,No ,None ,No ,,178° H x 178° V , 1 x DisplayPort | 2 x HDMI | 1 x VGA | 
VIOTEK GN32LD,VIOTEK ,GN32LD ,"31.5"" ",2560 x 1440 ,144 Hz ,3 ms ,VA ,16:9 ,,280 cd/m² ,0.272 mm ,Yes ,Yes ,FreeSync ,Yes ,,178° H x 178° V , 1 x DisplayPort | 1 x DVI | 1 x HDMI | 
Pixio PX277-N,Pixio ,PX277-N ,"27"" ",2560 x 1440 ,144 Hz ,6 ms ,IPS ,16:9 ,,250 cd/m² ,0.233 mm ,Yes ,No ,FreeSync ,Yes ,,178° H x 178° V , 1 x DisplayPort | 2 x HDMI | 
BenQ PD3200Q,BenQ ,PD3200Q ,"32"" ",2560 x 1440 ,60 Hz ,4 ms ,VA ,16:9 ,,300 cd/m² ,0.277 mm ,Yes ,No ,None ,Yes ,,178° H x 178° V , 1 x DisplayPort | 1 x Mini-DisplayPort | 1 x DVI | 1 x HDMI | 
Samsung CH711,Samsung ,LC32H711QENXZA ,"32"" ",2560 x 1440 ,60 Hz ,4 ms ,VA ,16:9 ,,300 cd/m² ,0.277 mm ,Yes ,Yes ,FreeSync ,No ,,178° H x 178° V , 1 x Mini-DisplayPort | 1 x HDMI | 
iiyama ProLite XUB2792QSU-B1,iiyama ,XUB2792QSU-B1 ,"27"" ",2560 x 1440 ,70 Hz ,5 ms ,IPS ,16:9 ,Black ,350 cd/m² ,0.233 mm ,Yes ,No ,FreeSync ,Yes ,,178° H x 178° V , 1 x DisplayPort | 1 x DVI-D Dual Link | 1 x HDMI | 
iiyama ProLite XUB2792QSU-W1,iiyama ,XUB2792QSU-W1 ,"27"" ",2560 x 1440 ,70 Hz ,5 ms ,IPS ,16:9 ,White ,350 cd/m² ,0.233 mm ,Yes ,No ,FreeSync ,Yes ,,178° H x 178° V , 1 x DisplayPort | 1 x DVI-D Dual Link | 1 x HDMI | 
LG 27UD68P-B,LG ,27UD68P-B ,"27"" ",3840 x 2160 ,60 Hz ,5 ms ,IPS ,16:9 ,,300 cd/m² ,0.156 mm ,Yes ,No ,FreeSync ,No ,,178° H x 178° V , 1 x DisplayPort | 2 x HDMI | 
Acer XB281HK bmiprz,Acer ,XB281HK bmiprz ,"28"" ",3840 x 2160 ,60 Hz ,1 ms ,TN ,16:9 ,Black / Red ,300 cd/m² ,0.161 mm ,Yes ,No ,G-Sync ,Yes ,,170° H x 160° V , 1 x DisplayPort | 1 x HDMI | 
Lenovo L27q,Lenovo ,65D4GCC1US ,"27"" ",2560 x 1440 ,60 Hz ,4 ms ,IPS ,16:9 ,Silver ,350 cd/m² ,0.233 mm ,Yes ,No ,None ,No ,,178° H x 178° V , 1 x DisplayPort | 1 x HDMI | 
LG 27MU88-W,LG ,27MU88-W ,"27"" ",3840 x 2160 ,60 Hz ,5 ms ,IPS ,16:9 ,White ,300 cd/m² ,0.156 mm ,Yes ,No ,FreeSync ,No ,,178° H x 178° V , 1 x DisplayPort | 2 x HDMI | 
LG 32MU99-W,LG ,32MU99-W ,"31.5"" ",3840 x 2160 ,60 Hz ,5 ms ,IPS ,16:9 ,White ,350 cd/m² ,0.182 mm ,Yes ,No ,FreeSync ,Yes ,,178° H x 178° V , 1 x DisplayPort | 2 x HDMI | 
BenQ XL2735,BenQ ,XL2735 ,"27"" ",2560 x 1440 ,144 Hz ,1 ms ,TN ,16:9 ,Black ,250 cd/m² ,0.233 mm ,Yes ,No ,None ,No ,,170° H x 160° V , 1 x DisplayPort | 1 x DVI-A | 2 x HDMI | 
AOC E2250SWDAK,AOC ,E2250SWDAK ,"21.5"" ",1920 x 1080 ,60 Hz ,5 ms ,TN ,16:9 ,,250 cd/m² ,0.248 mm ,Yes ,No ,None ,Yes ,,170° H x 160° V , 1 x DVI | 1 x VGA | 
iiyama G-Master GE2788HS-B2,iiyama , GE2788HS-B2 | GE2788HS-B1 | ,"27"" ",1920 x 1080 ,60 Hz ,1 ms ,TN ,16:9 ,,300 cd/m² ,0.311 mm ,Yes ,No ,FreeSync ,Yes ,,170° H x 160° V , 1 x DVI | 1 x HDMI | 1 x VGA | 
BenQ GW2270H,BenQ , GW2270H | 9H.LE6LA.TBE | ,"21.5"" ",1920 x 1080 ,60 Hz ,5 ms ,VA ,16:9 ,,250 cd/m² ,0.248 mm ,Yes ,No ,None ,No ,,178° H x 178° V , 2 x HDMI | 1 x VGA | 
iiyama Prolite X2888HS-B2,iiyama ,X2888HS-B2 ,"28"" ",1920 x 1080 ,75 Hz ,5 ms ,VA ,16:9 ,,300 cd/m² ,0.323 mm ,Yes ,No ,None ,Yes ,,178° H x 178° V , 1 x DisplayPort | 1 x DVI | 1 x HDMI | 1 x VGA | 
Acer ET430K wmiiqppx,Acer ,UM.ME0AA.001 ,"43"" ",3840 x 2160 ,60 Hz ,5 ms ,IPS ,16:9 ,White / Brown ,350 cd/m² ,0.248 mm ,Yes ,No ,None ,No ,,178° H x 178° V , 1 x DisplayPort | 1 x HDMI | 
Samsung T220,Samsung ,T220 ,"22"" ",1680 x 1050 ,60 Hz ,2 ms ,TN ,16:10 ,,300 cd/m² ,0.282 mm ,Yes ,No ,None ,No ,,170° H x 160° V , 1 x DVI | 1 x VGA | 
iiyama G-MASTER GOLD PHOENIX,iiyama ,G3266HS-B1 ,"31.5"" ",1920 x 1080 ,144 Hz ,3 ms ,VA ,16:9 ,Black ,300 cd/m² ,0.363 mm ,Yes ,No ,FreeSync ,Yes ,,170° H x 160° V , 1 x DisplayPort | 1 x DVI-D Dual Link | 1 x HDMI | 1 x VGA | 
iiyama G-MASTER RED EAGLE,iiyama ,GB2788HS-B2 ,"27"" ",1920 x 1080 ,144 Hz ,1 ms ,TN ,16:9 ,Black ,300 cd/m² ,0.311 mm ,Yes ,No ,FreeSync ,Yes ,,170° H x 160° V , 1 x DisplayPort | 1 x DVI-D Dual Link | 1 x HDMI | 
LG 32UK950-W,LG ,32UK950-W ,"32"" ",3840 x 2160 ,60 Hz ,5 ms ,IPS ,16:9 ,White ,450 cd/m² ,0.184 mm ,Yes ,No ,FreeSync ,Yes ,,178° H x 178° V , 1 x DisplayPort | 2 x HDMI | 
HP T3U85AA,HP ,T3U85AA ,"20.7"" ",1920 x 1080 ,60 Hz ,5 ms ,TN ,16:9 ,Black ,200 cd/m² ,0.239 mm ,Yes ,No ,None ,No ,,170° H x 160° V , 1 x DVI-D Dual Link | 1 x VGA | 
Acer R271 bid,Acer , R271 bid | R271 bid (UM.HR1AA.001) | UM.HR1AA.001 | ,"27"" ",1920 x 1080 ,60 Hz ,4 ms ,IPS ,16:9 ,,250 cd/m² ,0.311 mm ,Yes ,No ,None ,No ,,178° H x 178° V , 1 x DVI | 1 x HDMI | 1 x VGA | 
ViewSonic XG2702,ViewSonic ,XG2702 ,"27"" ",1920 x 1080 ,144 Hz ,1 ms ,TN ,16:9 ,Black ,400 cd/m² ,0.311 mm ,Yes ,No ,FreeSync ,Yes ,,170° H x 160° V , 1 x DisplayPort | 2 x HDMI | 
ViewSonic VX3258-2KC-MHD,ViewSonic ,VX3258-2KC-MHD ,"31.5"" ",2560 x 1440 ,144 Hz ,5 ms ,VA ,16:9 ,,250 cd/m² ,0.272 mm ,Yes ,Yes ,FreeSync ,Yes ,,178° H x 178° V , 2 x DisplayPort | 2 x HDMI | 
Pixio PXC32,Pixio ,PXC32 ,"31.5"" ",2560 x 1440 ,144 Hz ,4 ms ,PVA ,16:9 ,Black ,280 cd/m² ,0.272 mm ,Yes ,Yes ,FreeSync ,No ,,178° H x 178° V , 1 x DisplayPort | 1 x DVI-I Dual Link | 1 x HDMI | 
Pixio PX329,Pixio ,PX329 ,"31.5"" ",2560 x 1440 ,165 Hz ,5 ms ,VA ,16:9 ,Black ,300 cd/m² ,0.272 mm ,Yes ,No ,FreeSync ,No ,,178° H x 178° V , 2 x DisplayPort | 2 x HDMI | 
Samsung S24H850,Samsung ,S24H850 ,"23.8"" ",2560 x 1440 ,60 Hz ,5 ms ,PLS ,16:9 ,Black ,300 cd/m² ,0.206 mm ,Yes ,No ,FreeSync ,No ,,178° H x 178° V , 1 x DisplayPort | 1 x HDMI | 
HP Envy 27,HP , Envy 27 | W5A12AA#ABA | W5A12AA | ,"27"" ",3840 x 2160 ,60 Hz ,14 ms ,IPS ,16:9 ,Black ,350 cd/m² ,0.156 mm ,Yes ,No ,FreeSync ,No ,,178° H x 178° V , 1 x DisplayPort | 2 x HDMI | 
ViewSonic VX2376-smhd,ViewSonic ,VX2376-smhd ,"23"" ",1920 x 1080 ,60 Hz ,7 ms ,IPS ,16:9 ,Black ,250 cd/m² ,0.265 mm ,Yes ,No ,None ,Yes ,,178° H x 178° V , 1 x DisplayPort | 1 x HDMI | 1 x VGA | 
AOC 27V2Q,AOC ,27V2Q ,"27"" ",1920 x 1080 ,75 Hz ,5 ms ,IPS ,16:9 ,Black ,250 cd/m² ,0.311 mm ,Yes ,No ,FreeSync ,No ,,178° H x 178° V , 1 x DisplayPort | 1 x HDMI | 
LG 32UL950-W,LG , 32UL950-W | 32UL950-W.AEU | ,"32"" ",3840 x 2160 ,60 Hz ,5 ms ,IPS ,16:9 ,Silver ,360 cd/m² ,0.184 mm ,Yes ,No ,FreeSync ,Yes ,,178° H x 178° V , 1 x DisplayPort | 1 x HDMI | 
LG 34GK950G,LG ,34GK950G ,"34"" ",3440 x 1440 ,120 Hz ,5 ms ,IPS ,21:9 ,Black / Red ,400 cd/m² ,0.232 mm ,Yes ,Yes ,G-Sync ,No ,,178° H x 178° V , 1 x DisplayPort | 1 x HDMI | 
LG 34GK950G-B,LG ,34GK950G-B ,"34"" ",3440 x 1440 ,120 Hz ,1 ms ,IPS ,21:9 ,Black ,320 cd/m² ,0.232 mm ,Yes ,Yes ,G-Sync ,No ,,178° H x 178° V , 1 x DisplayPort | 1 x HDMI | 
Asus VA326H,Asus , VA326H | 90LM02Z1-B01170 | ,"31.5"" ",1920 x 1080 ,144 Hz ,4 ms ,VA ,16:9 ,Black / Gold ,300 cd/m² ,0.363 mm ,Yes ,Yes ,None ,Yes ,,178° H x 178° V , 1 x DVI-D Dual Link | 1 x HDMI | 1 x VGA | 
Lenovo Y27F,Lenovo , 65BFGCC1US | LEN-65BFGCC1US | ,"27"" ",1920 x 1080 ,144 Hz ,7 ms ,VA ,16:9 ,Black / Silver ,300 cd/m² ,0.311 mm ,Yes ,Yes ,FreeSync ,No ,,178° H x 178° V , 1 x DisplayPort | 1 x HDMI | 
Acer Nitro VG240YU bmiipx,Acer , Nitro VG240YU | UM.QV0EE.007 | VG240YU | Nitro VG240YUbmiipx | ,"23.8"" ",2560 x 1440 ,75 Hz ,1 ms ,IPS ,16:9 ,Black / Red ,300 cd/m² ,0.206 mm ,Yes ,No ,FreeSync ,Yes ,,178° H x 178° V , 1 x DisplayPort | 1 x HDMI | 
Samsung LC27JG52QQNXZA,Samsung ,LC27JG52QQNXZA ,"27"" ",2560 x 1440 ,144 Hz ,4 ms ,VA ,16:9 ,Black ,300 cd/m² ,0.233 mm ,Yes ,Yes ,None ,No ,,178° H x 178° V , 1 x DisplayPort | 2 x HDMI | 
LG 24MK400H,LG ,24MK400H ,"23.5"" ",1920 x 1080 ,75 Hz ,1 ms ,TN ,16:9 ,Black ,250 cd/m² ,0.271 mm ,Yes ,No ,FreeSync ,No ,,170° H x 160° V , 1 x HDMI | 1 x VGA | 
Acer XF240YU bmiidprzx,Acer ,XF240YU bmiidprzx ,"23.8"" ",2560 x 1440 ,144 Hz ,1 ms ,TN ,16:9 ,Black ,350 cd/m² ,0.206 mm ,Yes ,No ,FreeSync ,Yes ,,170° H x 160° V , 1 x DisplayPort | 1 x DVI | 1 x HDMI | 
HP W1707,HP , W1707 | KB744AA | ,"17"" ",1440 x 900 ,60 Hz ,8 ms ,TN ,16:10 ,Silver / Black ,,0.254 mm ,Yes ,No ,None ,Yes ,,, 1 x DVI | 1 x VGA | 
Dell P2418HZM,Dell ,P2418HZM ,"23.8"" ",1920 x 1080 ,60 Hz ,6 ms ,IPS ,16:9 ,Silver / Black ,250 cd/m² ,0.274 mm ,Yes ,No ,None ,Yes ,,178° H x 178° V , 1 x DisplayPort | 1 x HDMI | 1 x VGA | 
Dell U2419HC,Dell ,U2419HC ,"23.8"" ",1920 x 1080 ,60 Hz ,5 ms ,IPS ,16:9 ,Silver / Black ,250 cd/m² ,0.274 mm ,Yes ,No ,None ,No ,,178° H x 178° V , 1 x DisplayPort | 1 x HDMI | 
Asus VP248QG,Asus , VP248QG | 90LM0480-B02170 | ,"24"" ",1920 x 1080 ,75 Hz ,1 ms ,TN ,16:9 ,Silver / Black ,250 cd/m² ,0.277 mm ,Yes ,No ,FreeSync ,No ,,170° H x 160° V , 1 x DisplayPort | 1 x HDMI | 1 x VGA | 
Asus ROG Swift PG258Q Call of Duty: Black Ops 4 Special Edition,Asus ,PG258Q-COD ,"24.5"" ",1920 x 1080 ,240 Hz ,1 ms ,TN ,16:9 ,Black / Red ,400 cd/m² ,0.282 mm ,Yes ,No ,G-Sync ,No ,,170° H x 160° V , 1 x DisplayPort | 1 x HDMI | 
Samsung CH711,Samsung , LC27H711QENXZA | CH711 (LC27H711QENXZA) | ,"26.9"" ",2560 x 1440 ,60 Hz ,4 ms ,VA ,16:9 ,White ,300 cd/m² ,0.233 mm ,Yes ,Yes ,FreeSync ,No ,,178° H x 178° V , 1 x Mini-DisplayPort | 1 x HDMI | 
VIOTEK GN27C2,VIOTEK ,GN27C2 ,"27"" ",1920 x 1080 ,144 Hz ,6 ms ,VA ,16:9 ,Red / Black ,220 cd/m² ,0.311 mm ,Yes ,Yes ,FreeSync ,Yes ,,178° H x 178° V , 1 x DisplayPort | 2 x HDMI | 
LG 32GK850F-B,LG , 32GK850F-B | 32GK850F-B.AEU | ,"32"" ",2560 x 1440 ,144 Hz ,1 ms ,VA ,16:9 ,Black ,400 cd/m² ,0.277 mm ,Yes ,No ,FreeSync ,No ,,178° H x 178° V , 1 x DisplayPort | 2 x HDMI | 
LG 24MK600M-W,LG ,24MK600M-W ,"23.8"" ",1920 x 1080 ,75 Hz ,5 ms ,IPS ,16:9 ,Silver / Black ,250 cd/m² ,0.274 mm ,Yes ,No ,FreeSync ,No ,,178° H x 178° V , 2 x HDMI | 1 x VGA | 
Eizo FS2735,Eizo ,FS2735 ,"27"" ",2560 x 1440 ,144 Hz ,4 ms ,IPS ,16:9 ,Black ,350 cd/m² ,0.233 mm ,Yes ,No ,FreeSync ,Yes ,,178° H x 178° V , 1 x DisplayPort | 1 x DVI | 2 x HDMI | 
AOC AG273QCX,AOC ,AG273QCX ,"27"" ",2560 x 1440 ,144 Hz ,1 ms ,VA ,16:9 ,Black ,400 cd/m² ,0.233 mm ,Yes ,Yes ,FreeSync ,Yes ,,178° H x 178° V , 2 x DisplayPort | 2 x HDMI | 1 x VGA | 
AOC AG272FCX6,AOC ,AG272FCX6 ,"27"" ",1920 x 1080 ,144 Hz ,1 ms ,VA ,16:9 ,Silver / Black ,250 cd/m² ,0.311 mm ,Yes ,No , FreeSync Premium | G-Sync Compatible | ,Yes ,,178° H x 178° V , 1 x DisplayPort | 2 x HDMI | 1 x VGA | 
VIOTEK GN27DB,VIOTEK ,GN27DB ,"27"" ",2560 x 1440 ,144 Hz ,5 ms ,VA ,16:9 ,Black ,,0.233 mm ,Yes ,Yes ,FreeSync ,Yes ,,178° H x 178° V , 1 x DisplayPort | 2 x HDMI | 
MSI Oculux NXG252R,MSI ,NXG252R ,"24.5"" ",1920 x 1080 ,240 Hz ,1 ms ,TN ,16:9 ,Black ,,0.282 mm ,Yes ,No ,G-Sync ,No ,,170° H x 160° V , 1 x DisplayPort | 1 x HDMI | 
MSI Optix MAG270VC,MSI ,Optix MAG270VC ,"27"" ",1920 x 1080 ,144 Hz ,1 ms ,VA ,16:9 ,Black / Red ,250 cd/m² ,0.311 mm ,Yes ,Yes ,FreeSync ,No ,,178° H x 178° V , 1 x DisplayPort | 1 x DVI-D Dual Link | 1 x HDMI | 
Acer VW237Q,Acer , UM.EV7AA.001 | VW237Q bi | ,"22.5"" ",1920 x 1200 ,60 Hz ,4 ms ,IPS ,16:10 ,Black ,250 cd/m² ,0.252 mm ,Yes ,No ,FreeSync ,No ,,178° H x 178° V , 1 x HDMI | 1 x VGA | 
Acer B276HUL Cymiippprzx,Acer ,UM.HB6AA.C04 ,"27"" ",2560 x 1440 ,60 Hz ,5 ms ,IPS ,16:9 ,Black ,350 cd/m² ,0.233 mm ,Yes ,No ,None ,Yes ,,178° H x 178° V , 1 x DisplayPort | 1 x HDMI | 
Acer EB275U bmiiiprx,Acer , UM.HE5AA.001 | EB275U bmiiiprx | ,"27"" ",2560 x 1440 ,75 Hz ,5 ms ,IPS ,16:9 ,Black ,250 cd/m² ,0.233 mm ,Yes ,No ,None ,Yes ,,178° H x 178° V , 1 x DisplayPort | 3 x HDMI | 
Acer KA270H Dbi,Acer ,UM.HX0AA.D01 ,"27"" ",1920 x 1080 ,75 Hz ,4 ms ,TN ,16:9 ,Black ,300 cd/m² ,0.311 mm ,Yes ,No ,None ,No ,,170° H x 160° V , 1 x HDMI | 1 x VGA | 
Acer V246HYL Cbi,Acer ,UM.QV6AA.C04 ,"23.8"" ",1920 x 1080 ,60 Hz ,5 ms ,IPS ,16:9 ,Black ,250 cd/m² ,0.274 mm ,Yes ,No ,None ,No ,,178° H x 178° V , 1 x HDMI | 1 x VGA | 
Asus Designo MX279HS,Asus ,MX279HS ,"27"" ",1920 x 1080 ,76 Hz ,5 ms ,IPS ,16:9 ,Silver ,250 cd/m² ,0.311 mm ,Yes ,No ,None ,Yes ,,178° H x 178° V , 2 x HDMI | 1 x VGA | 
Acer B246HYL ymipr,Acer ,UM.QB6AA.002 ,"23.8"" ",1920 x 1080 ,60 Hz ,5 ms ,IPS ,16:9 ,Black ,250 cd/m² ,0.274 mm ,Yes ,No ,None ,Yes ,,178° H x 178° V , 1 x DisplayPort | 1 x HDMI | 1 x VGA | 
Acer VG271 Pbmiipx,Acer ,UM.HV1AA.P02 ,"27"" ",1920 x 1080 ,144 Hz ,1 ms ,IPS ,16:9 ,Black ,400 cd/m² ,0.311 mm ,Yes ,No ,FreeSync ,Yes ,,178° H x 178° V , 1 x DisplayPort | 2 x HDMI | 
Acer BW257 bmiprx,Acer ,UM.KB7AA.002 ,"25"" ",1920 x 1200 ,75 Hz ,4 ms ,IPS ,16:10 ,Black ,300 cd/m² ,0.28 mm ,Yes ,No ,None ,Yes ,,178° H x 178° V , 1 x DisplayPort | 1 x HDMI | 1 x VGA | 
AOC 20E1H,AOC ,20E1H ,"19.5"" ",1600 x 900 ,60 Hz ,5 ms ,TN ,16:9 ,,250 cd/m² ,0.27 mm ,Yes ,No ,None ,No ,,170° H x 160° V , 1 x HDMI | 1 x VGA | 
Asus PB278QV,Asus , PB278QV | 90LMGA301T02251C- | ,"27"" ",2560 x 1440 ,75 Hz ,5 ms ,IPS ,16:9 ,Black ,300 cd/m² ,0.233 mm ,Yes ,No ,FreeSync ,Yes ,,178° H x 178° V , 1 x DisplayPort | 1 x DVI-D Dual Link | 1 x HDMI | 1 x VGA | 
Dell E1910H,Dell ,E1910H ,"18.5"" ",1360 x 768 ,60 Hz ,5 ms ,TN ,16:9 ,,250 cd/m² ,0.301 mm ,Yes ,No ,None ,No ,,160° H x 160° V ,1 x VGA 
HP Z23n G2,HP ,1JS06A4#ABA ,"23"" ",1920 x 1080 ,60 Hz ,5 ms ,IPS ,16:9 ,Black ,250 cd/m² ,0.265 mm ,Yes ,No ,None ,No ,,178° H x 178° V , 1 x DisplayPort | 1 x HDMI | 1 x VGA | 
HP Z24nf G2,HP , 1JS07A8 | 1JS07A8#ABA | ,"23.8"" ",1920 x 1080 ,60 Hz ,5.4 ms ,IPS ,16:9 ,Black ,250 cd/m² ,0.274 mm ,Yes ,No ,None ,No ,,178° H x 178° V , 1 x DisplayPort | 1 x HDMI | 1 x VGA | 
HP VH27,HP ,2KZ36A6#ABA ,"27"" ",1920 x 1080 ,,,IPS ,16:9 ,Black ,250 cd/m² ,0.311 mm ,Yes ,No ,None ,No ,,178° H x 178° V , 1 x DisplayPort | 1 x HDMI | 1 x VGA | 
HP N223,HP , N223 | 3ML60A6#ABA | ,"21.5"" ",1920 x 1080 ,60 Hz ,5 ms ,TN ,16:9 ,Black ,250 cd/m² ,0.248 mm ,Yes ,No ,None ,No ,,90° H x 65° V , 1 x HDMI | 1 x VGA | 
HP V194,HP ,V5E94A6#ABA ,"18.5"" ",1366 x 768 ,60 Hz ,5 ms ,TN ,16:9 ,,200 cd/m² ,0.3 mm ,Yes ,No ,None ,No ,,90° H x 65° V ,1 x VGA 
HP Z24i G2,HP ,1JS08A8#ABA ,"24"" ",1920 x 1200 ,60 Hz ,14 ms ,IPS ,16:10 ,Black ,300 cd/m² ,0.269 mm ,Yes ,No ,None ,No ,,178° H x 178° V , 1 x DisplayPort | 1 x HDMI | 1 x VGA | 
HP ProDisplay P223,HP ,P223 (X7R61AA#ABA) ,"21.5"" ",1920 x 1080 ,60 Hz ,5 ms ,VA ,16:9 ,Black ,250 cd/m² ,0.248 mm ,Yes ,No ,None ,No ,,178° H x 178° V , 1 x DisplayPort | 1 x VGA | 
HP ProDisplay P223A,HP ,X7R62AA#ABA ,"21.5"" ",1920 x 1080 ,60 Hz ,5 ms ,VA ,16:9 ,Black ,250 cd/m² ,0.248 mm ,Yes ,No ,None ,Yes ,,178° H x 178° V , 1 x DisplayPort | 1 x VGA | 
HP VH22 ,HP , V9E67AA | V9E67AA#ABA | ,"21.5"" ",1920 x 1080 ,60 Hz ,5 ms ,TN ,16:9 ,,250 cd/m² ,0.248 mm ,Yes ,No ,None ,No ,,170° H x 160° V , 1 x DisplayPort | 1 x DVI-D Dual Link | 1 x VGA | 
HP P274,HP ,5QG36A8#ABA ,"27"" ",1920 x 1080 ,60 Hz ,,IPS ,16:9 ,Black ,250 cd/m² ,0.311 mm ,Yes ,No ,None ,No ,,178° H x 178° V , 1 x DisplayPort | 1 x HDMI | 1 x VGA | 
Lenovo T24i 10,Lenovo ,61A6MAR3US ,"23.8"" ",1920 x 1080 ,60 Hz ,6 ms ,IPS ,16:9 ,Black ,250 cd/m² ,0.274 mm ,Yes ,No ,None ,No ,,178° H x 178° V , 1 x DisplayPort | 1 x HDMI | 1 x VGA | 
Lenovo L22e-20,Lenovo ,65DEKCC1US ,"21.5"" ",1920 x 1080 ,60 Hz ,4 ms ,VA ,16:9 ,Black ,250 cd/m² ,0.248 mm ,Yes ,No ,None ,No ,,178° H x 178° V , 1 x HDMI | 1 x VGA | 
Lenovo D24f-10,Lenovo ,65EBGCC1US ,"23.6"" ",1920 x 1080 ,144 Hz ,1 ms ,TN ,16:9 ,Black ,250 cd/m² ,0.272 mm ,Yes ,No ,None ,No ,,170° H x 160° V , 1 x DisplayPort | 1 x HDMI | 
LG 27BK400H-B,LG ,27BK400H-B ,"27"" ",1920 x 1080 ,75 Hz ,2 ms ,TN ,16:9 ,Black ,300 cd/m² ,0.311 mm ,Yes ,No ,FreeSync ,No ,,170° H x 160° V , 1 x HDMI | 1 x VGA | 
LG 34BK650-W,LG , 34BK650 | 34BK650-W | ,"34"" ",2560 x 1080 ,60 Hz ,5 ms ,IPS ,21:9 ,Silver / Black ,300 cd/m² ,0.311 mm ,Yes ,No ,FreeSync ,Yes ,,178° H x 178° V , 1 x DisplayPort | 2 x HDMI | 
LG 38BK95C-W,LG ,38BK95C-W ,"37.5"" ",3840 x 1600 ,60 Hz ,5 ms ,IPS ,12:5 ,Silver / Black ,300 cd/m² ,0.229 mm ,Yes ,No ,FreeSync ,Yes ,,178° H x 178° V , 1 x DisplayPort | 2 x HDMI | 
LG 34WK95U-W,LG ,34WK95U-W ,"34"" ",5120 x 2160 ,60 Hz ,5 ms ,IPS ,64:27 ,Silver ,450 cd/m² ,0.155 mm ,Yes ,No ,None ,No ,,178° H x 178° V , 1 x DisplayPort | 2 x HDMI | 
LG 27BK430H-B,LG ,27BK430H-B ,"27"" ",1920 x 1080 ,75 Hz ,5 ms ,IPS ,16:9 ,Black ,250 cd/m² ,0.311 mm ,Yes ,No ,FreeSync ,No ,,178° H x 178° V , 1 x HDMI | 1 x VGA | 
NEC EA271F-BK,NEC ,EA271F-BK ,"27"" ",1920 x 1080 ,60 Hz ,6 ms ,IPS ,16:9 ,Black ,250 cd/m² ,0.311 mm ,Yes ,No ,None ,Yes ,,178° H x 178° V , 1 x DisplayPort | 1 x DVI-D Dual Link | 1 x HDMI | 1 x VGA | 
NEC EA271U-BK-SV,NEC ,EA271U-BK-SV ,"27"" ",3840 x 2160 ,60 Hz ,5 ms ,IPS ,16:9 ,Black ,350 cd/m² ,0.156 mm ,Yes ,No ,None ,Yes ,,178° H x 178° V , 2 x DisplayPort | 1 x HDMI | 
Philips 276E9QDSB,Philips , 276E9QDSB | 276E9QDSB/27 | ,"27"" ",1920 x 1080 ,75 Hz ,4 ms ,IPS ,16:9 ,Silver ,250 cd/m² ,0.311 mm ,Yes ,No ,FreeSync ,No ,,178° H x 178° V , 1 x DVI-D Dual Link | 1 x HDMI | 1 x VGA | 
Philips 328B6QJEB,Philips ,328B6QJEB ,"31.5"" ",2560 x 1440 ,60 Hz ,5 ms ,IPS ,16:9 ,Silver ,250 cd/m² ,0.272 mm ,Yes ,No ,None ,Yes ,,178° H x 178° V , 1 x DisplayPort | 1 x DVI-D Dual Link | 1 x HDMI | 1 x VGA | 
Philips 243S5LDAB,Philips ,243S5LDAB ,"23.6"" ",1920 x 1080 ,60 Hz ,1 ms ,TN ,16:9 ,Black ,250 cd/m² ,0.272 mm ,Yes ,No ,None ,No ,,170° H x 160° V , 1 x DVI-D Dual Link | 1 x HDMI | 1 x VGA | 
Philips 271B8QJEB,Philips ,271B8QJEB ,"27"" ",1920 x 1080 ,60 Hz ,5 ms ,IPS ,16:9 ,Black ,250 cd/m² ,0.311 mm ,Yes ,No ,FreeSync ,No ,,178° H x 178° V , 1 x DisplayPort | 1 x DVI-D Dual Link | 1 x HDMI | 1 x VGA | 
HP Z32,HP ,1AA81A8#ABA ,"31.5"" ",3840 x 2160 ,60 Hz ,,IPS ,16:9 ,Black ,350 cd/m² ,0.182 mm ,Yes ,No ,None ,No ,,178° H x 178° V , 1 x DisplayPort | 1 x Mini-DisplayPort | 1 x HDMI | 
BenQ SW270C,BenQ ,SW270C ,"27"" ",2560 x 1440 ,60 Hz ,5 ms ,IPS ,16:9 ,Black ,300 cd/m² ,0.233 mm ,Yes ,No ,None ,No ,,178° H x 178° V , 1 x DisplayPort | 2 x HDMI | 
Samsung CR500,Samsung ,LC27R500FHNXZA ,"26.9"" ",1920 x 1080 ,60 Hz ,4 ms ,VA ,16:9 ,Black ,250 cd/m² ,0.31 mm ,Yes ,Yes ,FreeSync ,No ,,178° H x 178° V ,1 x HDMI 
AXM 2778,AXM ,2778 ,"27"" ",1920 x 1080 ,240 Hz ,1 ms ,TN ,16:9 ,Black / Silver ,300 cd/m² ,0.311 mm ,Yes ,No ,FreeSync ,No ,,170° H x 160° V , 2 x DisplayPort | 2 x HDMI | 
HP 24yh,HP ,3UA73AA#ABA ,"23.8"" ",1920 x 1080 ,60 Hz ,5 ms ,,16:9 ,Black ,250 cd/m² ,0.274 mm ,Yes ,No ,None ,No ,,178° H x 178° V , 1 x DVI | 1 x HDMI | 1 x VGA | 
Philips 226E9QDSB/27,Philips ,226E9QDSB/27 ,"21.5"" ",1920 x 1080 ,75 Hz ,4 ms ,IPS ,16:9 ,Silver ,250 cd/m² ,0.248 mm ,Yes ,No ,FreeSync ,No ,,178° H x 178° V , 1 x DVI-D Dual Link | 1 x HDMI | 1 x VGA | 
Asus VX279C,Asus , VX279C | 90LM00G0-B02A70 | ,"27"" ",1920 x 1080 ,75 Hz ,5 ms ,IPS ,16:9 ,Black ,250 cd/m² ,0.311 mm ,Yes ,No ,None ,Yes ,,178° H x 178° V , 1 x DisplayPort | 1 x HDMI | 
MSI Optix MPG341CQRV,MSI ,Optix MPG341CQRV ,"34"" ",3440 x 1440 ,120 Hz ,1 ms ,VA ,21:9 ,Black ,400 cd/m² ,0.232 mm ,Yes ,Yes ,FreeSync ,No ,,178° H x 178° V , 1 x DisplayPort | 2 x HDMI | 
Acer VG270U bmiipx,Acer ,UM.HV0AA.005 ,"27"" ",2560 x 1440 ,75 Hz ,,IPS ,16:9 ,Black ,350 cd/m² ,0.233 mm ,Yes ,No ,FreeSync ,Yes ,,178° H x 178° V , 1 x DisplayPort | 2 x HDMI | 
Acer ED322QR Pbmiipx,Acer ,UM.JE2AA.P01 ,"31.5"" ",1920 x 1080 ,144 Hz ,4 ms ,VA ,16:9 ,Black ,250 cd/m² ,0.363 mm ,Yes ,Yes ,FreeSync ,Yes ,,178° H x 178° V , 1 x DisplayPort | 2 x HDMI | 
Acer Predator CG437K Pbmiiippuzx,Acer ,UM.MC7AA.P01 ,"43"" ",3840 x 2160 ,120 Hz ,,VA ,16:9 ,Black ,1000 cd/m² ,0.248 mm ,Yes ,No , FreeSync | G-Sync Compatible | ,Yes ,,178° H x 178° V , 2 x DisplayPort | 3 x HDMI | 
Acer VG270 Pbiip,Acer , UM.HV0AA.P02 | VG270Y Pbiip | ,"27"" ",1920 x 1080 ,144 Hz ,,IPS ,16:9 ,Black / Red ,400 cd/m² ,0.311 mm ,Yes ,No ,FreeSync ,No ,,178° H x 178° V , 1 x DisplayPort | 2 x HDMI | 
MSI Optix MAG272QR,MSI ,Optix MAG272QR ,"27"" ",2560 x 1440 ,165 Hz ,1 ms ,VA ,16:9 ,Black ,300 cd/m² ,0.233 mm ,Yes ,No ,FreeSync ,No ,,178° H x 178° V , 1 x DisplayPort | 2 x HDMI | 
Asus VG258Q,Asus ,VG258Q ,"24.5"" ",1920 x 1080 ,144 Hz ,1 ms ,TN ,16:9 ,Black ,400 cd/m² ,0.282 mm ,Yes ,No , FreeSync | G-Sync Compatible | ,Yes ,,170° H x 160° V , 1 x DisplayPort | 1 x DVI-D Dual Link | 1 x HDMI | 
Samsung LS27F354FHNXZA,Samsung ,LS27F354FHNXZA ,"27"" ",1920 x 1080 ,60 Hz ,4 ms ,PLS ,16:9 ,Black ,250 cd/m² ,0.311 mm ,Yes ,No ,FreeSync ,No ,,178° H x 178° V , 1 x HDMI | 1 x VGA | 
ViewSonic VX2776-4K-MHD,ViewSonic ,VX2776-4K-MHD ,"27"" ",3840 x 2160 ,,4 ms ,IPS ,16:9 ,Silver ,350 cd/m² ,0.156 mm ,Yes ,No ,None ,Yes ,,178° H x 178° V , 1 x DisplayPort | 2 x HDMI | 
Acer B277K bmiipprzx,Acer ,B277K bmiipprzx (UM.HB7AA.005) ,"27"" ",3840 x 2160 ,60 Hz ,4 ms ,IPS ,16:9 ,Black ,300 cd/m² ,0.156 mm ,Yes ,No ,FreeSync ,Yes ,,178° H x 178° V , 1 x DisplayPort | 1 x Mini-DisplayPort | 2 x HDMI | 
Acer K242HL Dbid,Acer ,UM.FX2AA.D01 ,"24"" ",1920 x 1080 ,60 Hz ,1 ms ,TN ,16:9 ,Black ,250 cd/m² ,0.277 mm ,Yes ,No ,None ,No ,,170° H x 160° V , 1 x DVI-D Dual Link | 1 x HDMI | 1 x VGA | 
HP Z23n G2,HP ,1JS06A8#ABA ,"23"" ",1920 x 1080 ,60 Hz ,14 ms ,IPS ,16:9 ,Black ,250 cd/m² ,0.265 mm ,Yes ,No ,None ,No ,,178° H x 178° V , 1 x DisplayPort | 1 x HDMI | 1 x VGA | 
Dell SE2419HR,Dell ,SE2419HR ,"23.8"" ",1920 x 1080 ,75 Hz ,4 ms ,IPS ,16:9 ,Black ,250 cd/m² ,0.274 mm ,Yes ,No ,FreeSync ,No ,,178° H x 178° V , 1 x HDMI | 1 x VGA | 
Philips 221B8LJEB/27,Philips , 221B8LJEB/27 | 221B8LJEB | ,"21.5"" ",1920 x 1080 ,60 Hz ,1 ms ,TN ,16:9 ,Black ,250 cd/m² ,0.248 mm ,Yes ,No ,FreeSync ,Yes ,,170° H x 160° V , 1 x DisplayPort | 1 x DVI-D Dual Link | 1 x HDMI | 1 x VGA | 
Asus VW222U,Asus ,VW222U ,"22"" ",1680 x 1050 ,75 Hz ,2 ms ,TN ,16:10 ,Black ,300 cd/m² ,0.282 mm ,Yes ,No ,None ,Yes ,,170° H x 160° V , 1 x DVI | 1 x VGA | 
Philips 558M1RY/27,Philips ,558M1RY/27 ,"55"" ",3840 x 2160 ,120 Hz ,4 ms ,VA ,16:9 ,Black ,1200 cd/m² ,0.317 mm ,Yes ,No ,FreeSync Premium Pro ,No ,,178° H x 178° V , 1 x DisplayPort | 3 x HDMI | 
Philips 246E9QDSB/27,Philips ,246E9QDSB/27 ,"23.8"" ",1920 x 1080 ,75 Hz ,4 ms ,IPS ,16:9 ,Black / Silver ,250 cd/m² ,0.274 mm ,Yes ,No ,FreeSync ,No ,,178° H x 178° V , 1 x DVI-D Dual Link | 1 x HDMI | 1 x VGA | 
LG 34WK500-P,LG , 34WK500-P | 34WK500-P.AEU | ,"34"" ",2560 x 1080 ,75 Hz ,5 ms ,IPS ,21:9 ,Black ,250 cd/m² ,0.311 mm ,Yes ,No ,FreeSync ,No ,,178° H x 178° V ,2 x HDMI 
Pixio PX247,Pixio ,PX247 ,"23.8"" ",1920 x 1080 ,144 Hz ,,IPS ,16:9 ,Black ,350 cd/m² ,0.274 mm ,Yes ,No ,FreeSync ,Yes ,,178° H x 178° V , 1 x DisplayPort | 1 x HDMI | 
Dell E2420H,Dell , DELL-E2420H | E2420H | ,"23.8"" ",1920 x 1080 ,60 Hz ,5 ms ,IPS ,16:9 ,Black ,250 cd/m² ,0.274 mm ,Yes ,No ,None ,No ,,178° H x 178° V , 1 x DisplayPort | 1 x VGA | 
Dell E2720HS,Dell , DELL-E2720HS | E2720HS | ,"27"" ",1920 x 1080 ,60 Hz ,5 ms ,IPS ,16:9 ,Black ,300 cd/m² ,0.311 mm ,Yes ,No ,None ,Yes ,,178° H x 178° V , 1 x HDMI | 1 x VGA | 
Lenovo P24H-20,Lenovo ,P24H-20 ,"23.8"" ",2560 x 1440 ,75 Hz ,8 ms ,IPS ,16:9 ,Black ,300 cd/m² ,0.206 mm ,Yes ,No ,None ,Yes ,,178° H x 178° V , 1 x DisplayPort | 1 x HDMI | 
Lenovo ThinkVision T27h-20,Lenovo ,61ECGAR2US ,"27"" ",2560 x 1440 ,60 Hz ,,IPS ,16:9 ,Black / Red ,350 cd/m² ,0.233 mm ,Yes ,No ,None ,No ,,178° H x 178° V , 1 x DisplayPort | 1 x HDMI | 
NEC MultiSync PA271Q-BK,NEC ,PA271QBK ,"27"" ",2560 x 1440 ,60 Hz ,8 ms ,IPS ,16:9 ,Black ,350 cd/m² ,0.233 mm ,Yes ,No ,None ,No ,,178° H x 178° V , 1 x DisplayPort | 1 x Mini-DisplayPort | 2 x HDMI | 
Samsung T55,Samsung ,LC32T550FDNXZA ,"31.5"" ",1920 x 1080 ,75 Hz ,4 ms ,VA ,16:9 ,Black ,250 cd/m² ,0.363 mm ,Yes ,Yes ,FreeSync ,Yes ,,178° H x 178° V , 1 x DisplayPort | 1 x HDMI | 1 x VGA | 
LG 43UN700-B,LG , 43UN700-B | 43UN700-B.AEU | ,"42.51"" ",3840 x 2160 ,60 Hz ,8 ms ,IPS ,16:9 ,Black ,400 cd/m² ,0.245 mm ,Yes ,No ,None ,Yes ,,178° H x 178° V , 1 x DisplayPort | 4 x HDMI | 
LG 29WL50S-B,LG , 29WL50S-B | 29WL50S-B.AEK | ,"29"" ",2560 x 1080 ,75 Hz ,5 ms ,IPS ,21:9 ,Black ,250 cd/m² ,0.265 mm ,Yes ,No ,FreeSync ,No ,,178° H x 178° V ,2 x HDMI 
VIOTEK GNV34CB,VIOTEK ,GNV34CB ,"34"" ",2560 x 1080 ,100 Hz ,8 ms ,VA ,21:9 ,Black ,300 cd/m² ,0.311 mm ,Yes ,Yes ,FreeSync ,No ,,178° H x 178° V , 1 x DisplayPort | 1 x DVI-D Dual Link | 1 x HDMI | 
VIOTEK SUW49DA,VIOTEK ,SUW49DA ,"49"" ",5120 x 1440 ,120 Hz ,8 ms ,VA ,32:9 ,Black ,400 cd/m² ,0.234 mm ,Yes ,Yes ,FreeSync ,Yes ,,178° H x 178° V , 2 x DisplayPort | 2 x HDMI | 
iiyama G-MASTER GB2560HSU-B1,iiyama ,GB2560HSU-B1 ,"24.5"" ",1920 x 1080 ,144 Hz ,1 ms ,TN ,16:9 ,Black ,400 cd/m² ,0.282 mm ,Yes ,No ,FreeSync ,No ,,170° H x 160° V , 1 x DisplayPort | 1 x HDMI | 
Acer Nitro XV270U,Acer ,UM.HX0EE.018 ,"27"" ",2560 x 1440 ,75 Hz ,,IPS ,16:9 ,Black ,350 cd/m² ,0.233 mm ,Yes ,No ,FreeSync ,Yes ,,178° H x 178° V , 1 x DisplayPort | 2 x HDMI | 
AXM 2798,AXM ,2798 ,"27"" ",2560 x 1440 ,144 Hz ,1 ms ,TN ,16:9 ,Black / Red ,300 cd/m² ,0.233 mm ,Yes ,No ,FreeSync ,Yes ,,170° H x 160° V , 2 x DisplayPort | 2 x HDMI | 
AOC AGON PD27,AOC ,PD27 ,"27"" ",2560 x 1440 ,240 Hz ,,VA ,16:9 ,Black ,550 cd/m² ,0.233 mm ,Yes ,Yes ,FreeSync Premium Pro ,Yes ,,178° H x 178° V , 2 x DisplayPort | 2 x HDMI | 
VIOTEK GNV34DB,VIOTEK ,GNV34DB ,"34"" ",3440 x 1440 ,100 Hz ,5 ms ,VA ,21:9 ,Black ,300 cd/m² ,0.232 mm ,Yes ,Yes , FreeSync | G-Sync Compatible | ,No ,,178° H x 178° V , 1 x DisplayPort | 3 x HDMI | 
Philips 243S7EHMB,Philips ,243S7EHMB ,"23.8"" ",1920 x 1080 ,60 Hz ,5 ms ,IPS ,16:9 ,Black ,250 cd/m² ,0.274 mm ,Yes ,No ,None ,No ,,178° H x 178° V , 1 x HDMI | 1 x VGA | 
Samsung S22R350FHN,Samsung , LS22R350FHNXZA | S22R350FHN | ,"21.5"" ",1920 x 1080 ,75 Hz ,5 ms ,IPS ,16:9 ,Black ,250 cd/m² ,0.248 mm ,Yes ,No ,FreeSync ,No ,,178° H x 178° V , 1 x HDMI | 1 x VGA | 
Philips 242E1GAJ/75,Philips , 242E1GAJ/75 | 242E1GAJ | ,"23.8"" ",1920 x 1080 ,144 Hz ,4 ms ,VA ,16:9 ,Black ,350 cd/m² ,0.274 mm ,Yes ,No ,FreeSync ,No ,,178° H x 178° V , 1 x DisplayPort | 1 x HDMI | 
ViewSonic VX2458-P-MHD,ViewSonic ,VX2458-P-MHD ,"23.6"" ",1920 x 1080 ,144 Hz ,1 ms ,TN ,16:9 ,Black ,300 cd/m² ,0.272 mm ,Yes ,No ,FreeSync Premium ,Yes ,,170° H x 160° V , 1 x DisplayPort | 3 x HDMI | 
Philips 279P1,Philips , 279P1 | 279P1/00 | 279P1/27 | 279P1/75 | ,"27"" ",3840 x 2160 ,60 Hz ,4 ms ,IPS ,16:9 ,Black ,,0.156 mm ,Yes ,No ,None ,Yes ,,178° H x 178° V , 1 x DisplayPort | 2 x HDMI | 
Acer Nitro RX1 RX241Y Pbmiiphx,Acer , RX241Y Pbmiiphx | UM.QR1AA.P03 | ,"23.6"" ",1920 x 1080 ,165 Hz ,,IPS ,16:9 ,Black ,400 cd/m² ,0.272 mm ,Yes ,No ,FreeSync Premium ,Yes ,,178° H x 178° V , 1 x DisplayPort | 2 x HDMI | 
Dell S199WFP,Dell ,S199WFP ,"19"" ",1440 x 900 ,60 Hz ,,TN ,16:10 ,Silver / Black ,300 cd/m² ,0.284 mm ,Yes ,No ,None ,Yes ,,160° H x 160° V , 1 x DVI | 1 x VGA | 
Monoprice Zero-G,Monoprice ,40773 ,"27"" ",2560 x 1440 ,144 Hz ,7.8 ms ,VA ,16:9 ,Black ,400 cd/m² ,0.233 mm ,Yes ,Yes ,FreeSync ,No ,,178° H x 178° V , 1 x DisplayPort | 3 x HDMI | 
Monoprice 40776,Monoprice ,40776 ,"34"" ",3440 x 1440 ,144 Hz ,4 ms ,VA ,21:9 ,Black ,400 cd/m² ,0.232 mm ,Yes ,Yes ,FreeSync ,No ,,178° H x 178° V , 2 x DisplayPort | 2 x HDMI | 
LG 24BK750Y-B,LG , 24BK750Y-B | 24BK750Y-B.AEU | ,"23.8"" ",1920 x 1080 ,60 Hz ,5 ms ,IPS ,16:9 ,Black ,250 cd/m² ,0.274 mm ,Yes ,No ,None ,Yes ,,178° H x 178° V , 1 x DisplayPort | 1 x DVI-D Dual Link | 1 x HDMI | 
Acer HA220Q Bbix,Acer ,UM.WW0AA.B02 ,"21.5"" ",1920 x 1080 ,75 Hz ,,IPS ,16:9 ,Black ,250 cd/m² ,0.248 mm ,Yes ,No ,FreeSync ,No ,,178° H x 178° V ,1 x VGA 
X= XG24CURV,X= ,XG24CURV ,"23.8"" ",1920 x 1080 ,75 Hz ,8 ms ,VA ,16:9 ,Black ,,0.274 mm ,Yes ,Yes ,FreeSync ,Yes ,,178° H x 178° V , 1 x HDMI | 1 x VGA | 
Philips 288E2E,Philips , 288E2E | 288E2E/27 | ,"28"" ",3840 x 2160 ,60 Hz ,4 ms ,IPS ,16:9 ,Black ,300 cd/m² ,0.161 mm ,Yes ,No ,FreeSync ,No ,,178° H x 178° V , 1 x DisplayPort | 2 x HDMI | 
MSI MPG ARTYMIS 343CQR,MSI , MPG ARTYMIS 343CQR | 9S6-3DB25T-006 | 9S6-3DB25T-001 | ,"34"" ",3440 x 1440 ,165 Hz ,,VA ,21:9 ,Black ,550 cd/m² ,0.232 mm ,Yes ,Yes ,FreeSync ,No ,,178° H x 178° V , 1 x DisplayPort | 2 x HDMI | 
VIOTEK GNV34DBE2,VIOTEK ,GNV34DBE2 ,"34"" ",3440 x 1440 ,144 Hz ,6 ms ,VA ,21:9 ,Black ,350 cd/m² ,0.232 mm ,Yes ,Yes , FreeSync | G-Sync Compatible | ,No ,,178° H x 178° V , 2 x DisplayPort | 2 x HDMI | 
LG 43UN700T-B,LG ,43UN700T-B ,"43"" ",3840 x 2160 ,60 Hz ,8 ms ,IPS ,16:9 ,Black ,400 cd/m² ,0.248 mm ,Yes ,No ,None ,Yes ,,178° H x 178° V , 1 x DisplayPort | 4 x HDMI | 
VIOTEK RFI25CBA,VIOTEK ,RFI25CBA ,"25"" ",1920 x 1080 ,144 Hz ,5 ms ,IPS ,16:9 ,Black / Red ,300 cd/m² ,0.288 mm ,Yes ,No , FreeSync | G-Sync Compatible | ,No ,,178° H x 178° V , 1 x DisplayPort | 2 x HDMI | 
Eizo FlexScan EV2730Q,Eizo ,EV2730Q-GY ,"26.5"" ",1920 x 1920 ,60 Hz ,5 ms ,IPS ,1:1 ,Black ,,0.248 mm ,No ,No ,None ,No ,,178° H x 178° V , 1 x DisplayPort | 1 x DVI-D Dual Link | 
Lenovo 65FAGCC2US,Lenovo ,65FAGCC2US ,"28"" ",3840 x 2160 ,60 Hz ,4 ms ,IPS ,16:9 ,Black ,300 cd/m² ,0.161 mm ,Yes ,No ,None ,No ,,178° H x 178° V , 1 x DisplayPort | 1 x HDMI | 
Cooler Master GM32-FQ,Cooler Master , GM32-FQ | CMI-GM32-FQ | ,"32"" ",2560 x 1440 ,165 Hz ,,IPS ,16:9 ,Black ,400 cd/m² ,0.277 mm ,Yes ,No , FreeSync Premium | G-Sync Compatible | ,Yes ,,178° H x 178° V , 1 x DisplayPort | 2 x HDMI | 
Cooler Master GM27-FQS ARGB,Cooler Master , GM27-FQS ARGB | CMI-GM27-FQSA | ,"27"" ",2560 x 1440 ,165 Hz ,,IPS ,16:9 ,Black ,300 cd/m² ,0.233 mm ,Yes ,No ,FreeSync ,No ,,178° H x 178° V , 1 x DisplayPort | 2 x HDMI | 
Monoprice Zero-G,Monoprice ,42890 ,"27"" ",2560 x 1440 ,144 Hz ,6 ms ,VA ,16:9 ,Black ,400 cd/m² ,0.233 mm ,Yes ,No ,FreeSync ,No ,,178° H x 178° V , 1 x DisplayPort 1.2a | 1 x HDMI 2.0 | 2 x HDMI 1.4 | 
Monoprice Dark Matter,Monoprice ,43316 ,"27"" ",1920 x 1080 ,240 Hz ,,VA ,16:9 ,Black ,300 cd/m² ,0.311 mm ,Yes ,Yes ,FreeSync ,No ,,178° H x 178° V , 1 x DisplayPort 1.2 | 1 x HDMI 2.0 | 2 x HDMI 1.4 | 
Pixio PX243,Pixio ,PX243 ,"23.8"" ",1920 x 1080 ,165 Hz ,,VA ,16:9 ,Black ,350 cd/m² ,0.274 mm ,Yes ,No , FreeSync Premium | G-Sync Compatible | ,Yes ,,178° H x 178° V , 2 x DisplayPort 1.4 | 2 x HDMI 2.0 | 
Pixio PX279P,Pixio ,PX279P ,"27"" ",1920 x 1080 ,240 Hz ,1 ms ,IPS ,16:9 ,Black ,400 cd/m² ,0.311 mm ,Yes ,No , FreeSync Premium | G-Sync Compatible | ,No ,,178° H x 178° V , 2 x DisplayPort 1.2 | 1 x HDMI 2.0 | 
HP X24i,HP , 2W922AA#ABA | X24i | ,"23.8"" ",1920 x 1080 ,144 Hz ,1 ms ,IPS ,16:9 ,Black ,350 cd/m² ,0.274 mm ,Yes ,No ,FreeSync ,No ,,178° H x 178° V , 1 x DisplayPort 1.2 | 1 x HDMI 2.0 | 
HP OMEN 25i,HP ,22J05AA#ABA ,"24.5"" ",1920 x 1080 ,165 Hz ,,IPS ,16:9 ,Black ,400 cd/m² ,0.282 mm ,Yes ,No , FreeSync Premium Pro | G-Sync Compatible | ,No ,,178° H x 178° V , 1 x DisplayPort 1.4 | 1 x HDMI 2.0 | 
Philips 329M1RV,Philips , 329M1RV | 329M1RV/27 | ,"31.5"" ",3840 x 2160 ,144 Hz ,1 ms ,IPS ,16:9 ,Black ,500 cd/m² ,0.182 mm ,Yes ,No ,FreeSync Premium ,Yes ,,178° H x 178° V , 1 x DisplayPort 1.4 | 3 x HDMI 2.1 | 
X= XG22VA,X= ,XG22VA ,"21.45"" ",1920 x 1080 ,75 Hz ,12 ms ,VA ,16:9 ,Black ,200 cd/m² ,0.247 mm ,Yes ,No ,FreeSync ,Yes ,,178° H x 178° V , 1 x HDMI 1.4 | 1 x VGA | 
Asus VL249HE,Asus ,VL249HE ,"24"" ",1920 x 1080 ,75 Hz ,5 ms ,IPS ,16:9 ,Black ,250 cd/m² ,0.277 mm ,Yes ,No ,FreeSync ,No ,,178° H x 178° V , 1 x HDMI 1.4 | 1 x VGA | 
LG 38WN75C-B,LG ,38WN75C-B ,"38"" ",3840 x 1600 ,60 Hz ,5 ms ,IPS ,12:5 ,,300 cd/m² ,0.232 mm ,Yes ,Yes ,None ,No ,,178° H x 178° V , 1 x DisplayPort | 2 x HDMI | 
MSI Optix MAG245R2,MSI , Optix MAG245R2 | 9S6-3BA4AT-056 | ,"23.8"" ",1920 x 1080 ,170 Hz ,,,16:9 ,Black ,250 cd/m² ,0.274 mm ,Yes ,No ,FreeSync Premium ,No ,,178° H x 178° V , 1 x DisplayPort 1.2a | 2 x HDMI 1.4 | 
MSI Optix MAG275R,MSI ,Optix MAG275R ,"27"" ",1920 x 1080 ,144 Hz ,,IPS ,16:9 ,Black ,250 cd/m² ,0.311 mm ,Yes ,No ,FreeSync Premium ,No ,,178° H x 178° V , 1 x DisplayPort 1.2a | 2 x HDMI 1.4 | 
MSI Optix MAG275R2,MSI ,Optix MAG275R2 ,"27"" ",1920 x 1080 ,170 Hz ,,IPS ,16:9 ,Black ,250 cd/m² ,0.311 mm ,Yes ,No ,FreeSync Premium ,No ,,178° H x 178° V , 1 x DisplayPort 1.2a | 2 x HDMI 1.4 | 
MSI Optix G274RW,MSI ,Optix G274RW ,"27"" ",1920 x 1080 ,170 Hz ,,IPS ,16:9 ,Black ,250 cd/m² ,0.311 mm ,Yes ,No , FreeSync | G-Sync Compatible | ,No ,,178° H x 178° V , 1 x DisplayPort 1.2a | 2 x HDMI 2.0 | 
NZXT Canvas 32Q,NZXT ,MNST-32QSB-B-BW ,"32"" ",2560 x 1440 ,165 Hz ,,VA ,16:9 ,Black / White ,300 cd/m² ,0.277 mm ,Yes ,Yes , FreeSync Premium | G-Sync Compatible | ,No ,,178° H x 178° V , 1 x DisplayPort 1.2 | 2 x HDMI 2.0 | 
Acer ‎ED273UR Pbidpx,Acer ,UM.HE3EE.P01 ,"27"" ",2560 x 1440 ,144 Hz ,4 ms ,VA ,16:9 ,Black / Red ,270 cd/m² ,0.233 mm ,Yes ,No ,FreeSync ,No ,,178° H x 178° V , 1 x DisplayPort | 1 x DVI-D Dual Link | 1 x HDMI | 
Acer CB242Y bmiprx,Acer , UM.QB2AA.009 | CB242Y bmiprx | ,"23.8"" ",1920 x 1080 ,75 Hz ,,IPS ,16:9 ,Black ,250 cd/m² ,0.274 mm ,Yes ,No ,FreeSync ,Yes ,,178° H x 178° V , 1 x DisplayPort | 1 x HDMI | 1 x VGA | 
Samsung M50B,Samsung ,LS32BM501ENXZA ,"32"" ",1920 x 1080 ,60 Hz ,4 ms ,VA ,16:9 ,White ,250 cd/m² ,0.369 mm ,Yes ,No ,None ,Yes ,,178° H x 178° V ,2 x HDMI 1.4 
Samsung M50B,Samsung ,LS32BM502ENXGO ,"32"" ",1920 x 1080 ,60 Hz ,4 ms ,VA ,16:9 ,Black ,250 cd/m² ,0.369 mm ,Yes ,No ,None ,Yes ,,178° H x 178° V ,2 x HDMI 1.4 
Samsung CH580,Samsung ,LC27H580FDNXZA ,"27"" ",1920 x 1080 ,60 Hz ,,VA ,16:9 ,Blue / Black ,250 cd/m² ,0.311 mm ,Yes ,Yes ,FreeSync ,No ,,178° H x 178° V , 1 x DisplayPort | 1 x HDMI | 1 x VGA | 
Samsung JG50,Samsung ,LC32JG50QQNXZA ,"32"" ",2560 x 1440 ,144 Hz ,,VA ,16:9 ,Silver ,300 cd/m² ,0.277 mm ,Yes ,Yes ,None ,No ,,178° H x 178° V , 1 x DisplayPort | 1 x HDMI 1.4 | 1 x HDMI 2.0 | 
Samsung CH890,Samsung ,LC34H890WJNXZA ,"34"" ",3440 x 1440 ,100 Hz ,,VA ,21:9 ,Silver ,300 cd/m² ,0.232 mm ,Yes ,Yes ,None ,No ,,178° H x 178° V , 1 x DisplayPort | 1 x HDMI | 1 x USB Type-C | 
Samsung S33A,Samsung ,LS22A330NHNXZA ,"21.5"" ",1920 x 1080 ,60 Hz ,6.5 ms ,VA ,16:9 ,Black ,250 cd/m² ,0.248 mm ,Yes ,No ,None ,No ,,178° H x 178° V , 1 x HDMI 1.4 | 1 x VGA | 
Samsung SE450,Samsung ,LS22E45KDSV/GO ,"21.5"" ",1920 x 1080 ,60 Hz ,,TN ,16:9 ,Black ,250 cd/m² ,0.248 mm ,Yes ,No ,None ,No ,,170° H x 160° V , 1 x DVI | 1 x VGA | 
Samsung S31A,Samsung ,LS24A310NHNXZA ,"24"" ",1920 x 1080 ,60 Hz ,9 ms ,VA ,16:9 ,Black ,200 cd/m² ,0.277 mm ,Yes ,No ,None ,No ,,178° H x 178° V , 1 x HDMI 1.4 | 1 x VGA | 
Samsung M50A,Samsung ,LS24AM506NNXZA ,"24"" ",1920 x 1080 ,60 Hz ,,IPS ,16:9 ,Black ,250 cd/m² ,0.277 mm ,Yes ,No ,None ,Yes ,,178° H x 178° V ,2 x HDMI 2.0 
Samsung SD300,Samsung ,LS24D300HLR/ZA ,"23.6"" ",1920 x 1080 ,,,,16:9 ,Black ,200 cd/m² ,0.272 mm ,Yes ,No ,None ,No ,,90° H x 65° V , 1 x HDMI | 1 x VGA | 
Samsung SE310,Samsung ,LS24E310HL/ZA ,"23.6"" ",1920 x 1080 ,,,TN ,16:9 ,Black ,250 cd/m² ,0.272 mm ,Yes ,No ,None ,No ,,178° H x 178° V , 1 x HDMI | 1 x VGA | 
Samsung SE370,Samsung ,LS24E370DL/ZA ,"23.6"" ",1920 x 1080 ,60 Hz ,,,16:9 ,White ,250 cd/m² ,0.272 mm ,Yes ,No ,FreeSync ,No ,,178° H x 178° V , 1 x DisplayPort | 1 x HDMI | 1 x VGA | 
Samsung S61B,Samsung ,LS27B610EQNXZA ,"27"" ",2560 x 1440 ,75 Hz ,5 ms ,IPS ,16:9 ,Black ,300 cd/m² ,0.233 mm ,Yes ,No ,FreeSync ,No ,,178° H x 178° V , 1 x DisplayPort 1.2 | 2 x HDMI 1.4 | 
Samsung SD850,Samsung ,LS27D85KTSR/ZA ,"27"" ",2560 x 1440 ,60 Hz ,,VA ,16:9 ,,350 cd/m² ,0.233 mm ,Yes ,No ,None ,No ,,178° H x 178° V , 1 x DisplayPort 1.2 | 1 x DVI-D Dual Link | 1 x HDMI | 
Samsung SH650,Samsung ,LS27H650FDNXZA ,"27"" ",1920 x 1080 ,60 Hz ,5 ms ,PLS ,16:9 ,Black ,250 cd/m² ,0.311 mm ,Yes ,No ,None ,No ,,178° H x 178° V , 1 x HDMI | 1 x VGA | 
Samsung SH850,Samsung ,LS27H850QFNXGO ,"27"" ",2560 x 1440 ,60 Hz ,4 ms ,PLS ,16:9 ,Black ,350 cd/m² ,0.233 mm ,Yes ,No ,None ,No ,,178° H x 178° V , 1 x DisplayPort | 1 x HDMI 1.4 | 1 x USB Type-C | 
Samsung SR356,Samsung , LS27R356FHNXZA | S27R356FHN | ,"27"" ",1920 x 1080 ,75 Hz ,,IPS ,16:9 ,Black ,250 cd/m² ,0.311 mm ,Yes ,No ,None ,No ,,178° H x 178° V , 1 x HDMI | 1 x VGA | 
Samsung S60UA,Samsung ,LS32A600UUNXGO ,"32"" ",2560 x 1440 ,75 Hz ,,VA ,16:9 ,Black ,300 cd/m² ,0.277 mm ,Yes ,No ,FreeSync ,No ,,178° H x 178° V , 1 x DisplayPort 1.2 | 1 x HDMI 1.4 | 1 x USB Type-C | 
Samsung UE510,Samsung ,LU28E510DS/ZA ,"28"" ",3840 x 2160 ,,,TN ,16:9 ,Black / Silver ,370 cd/m² ,0.161 mm ,Yes ,No ,FreeSync ,No ,,170° H x 160° V , 1 x DisplayPort | 2 x HDMI | 
Acer CB272 bmiprux,Acer , UM.HB2AA.003 | CB272 bmiprux | ,"27"" ",1920 x 1080 ,75 Hz ,,IPS ,16:9 ,Black ,250 cd/m² ,0.311 mm ,Yes ,No ,FreeSync ,Yes ,100 x 100 ,178° H x 178° V , 1 x DisplayPort | 1 x HDMI | 
Acer ED273,Acer , UM.HE3AA.001 | ED273 | ,"27"" ",1920 x 1080 ,75 Hz ,,VA ,16:9 ,White ,250 cd/m² ,0.311 mm ,Yes ,Yes ,None ,Yes ,100 x 100 ,178° H x 178° V , 1 x DVI | 1 x HDMI | 1 x VGA | 
Acer ED273 wmidx,Acer , UM.HE3AA.004 | ED273 wmidx | ,"27"" ",1920 x 1080 ,60 Hz ,,VA ,16:9 ,White ,250 cd/m² ,0.311 mm ,Yes ,Yes ,None ,Yes ,100 x 100 ,178° H x 178° V , 1 x DVI | 1 x HDMI | 1 x VGA | 
Acer GF276 Abmipx,Acer , UM.HG6AA.A01 | GF276 Abmipx | ,"27"" ",1920 x 1080 ,75 Hz ,1 ms ,,16:9 ,Black ,250 cd/m² ,0.311 mm ,Yes ,No ,FreeSync ,Yes ,100 x 100 ,170° H x 160° V , 1 x DisplayPort | 1 x HDMI | 1 x VGA | 
Acer SB271 bi,Acer , UM.HS1AA.004 | SB271 bi | ,"27"" ",1920 x 1080 ,75 Hz ,,IPS ,16:9 ,Black ,250 cd/m² ,0.311 mm ,Yes ,No ,None ,No ,,178° H x 178° V , 1 x HDMI 1.4 | 1 x VGA | 
Acer RX271 PBMIIPHX,Acer , UM.HR1AA.P02 | RX271 PBMIIPHX | ,"27"" ",1920 x 1080 ,144 Hz ,,IPS ,16:9 ,Black ,400 cd/m² ,0.311 mm ,Yes ,No ,FreeSync Premium ,Yes ,75 x 75 ,178° H x 178° V , 1 x DisplayPort | 1 x HDMI | 
Acer VG271 Zbmiipx,Acer , UM.HV1AA.Z01 | VG271 Zbmiipx | ,"27"" ",1920 x 1080 ,240 Hz ,,IPS ,16:9 ,Black ,400 cd/m² ,0.311 mm ,Yes ,No ,FreeSync ,No ,100 x 100 ,178° H x 178° V , 1 x DisplayPort 1.2 | 1 x HDMI 2.0 | 
Acer XV272 Pbmiiprzx,Acer , UM.HX2AA.P04 | XV272 Pbmiiprzx | ,"27"" ",1920 x 1080 ,144 Hz ,,IPS ,16:9 ,Black ,400 cd/m² ,0.311 mm ,Yes ,No ,FreeSync ,Yes ,100 x 100 ,178° H x 178° V , 1 x DisplayPort | 2 x HDMI | 
Acer XV272 Sbmiiprx,Acer , UM.HX2AA.S02 | XV272 Sbmiiprx | ,"27"" ",1920 x 1080 ,144 Hz ,,IPS ,16:9 ,Black ,400 cd/m² ,0.311 mm ,Yes ,No ,FreeSync Premium ,No ,100 x 100 ,178° H x 178° V , 1 x DisplayPort | 1 x HDMI | 
Acer XV272 Lvbmiiprx,Acer , UM.HX2AA.V03 | XV272 Lvbmiiprx | ,"27"" ",1920 x 1080 ,144 Hz ,,IPS ,16:9 ,Black ,400 cd/m² ,0.311 mm ,Yes ,No ,FreeSync Premium ,Yes ,100 x 100 ,178° H x 178° V , 1 x DisplayPort | 1 x HDMI | 
Acer K202HQL Abi,Acer , UM.IX2AA.A05 | K202HQL Abi | ,"19.5"" ",1366 x 768 ,,,TN ,16:9 ,Black ,200 cd/m² ,0.316 mm ,Yes ,No ,None ,No ,100 x 100 ,, 1 x HDMI | 1 x VGA | 
Acer XV322QU Pbmiipprzx,Acer , UM.JX2AA.P04 | XV322QU Pbmiipprzx | ,"31.5"" ",2560 x 1440 ,165 Hz ,,IPS ,16:9 ,Black ,400 cd/m² ,0.272 mm ,Yes ,No ,FreeSync Premium ,No ,100 x 100 ,178° H x 178° V , 2 x DisplayPort | 1 x HDMI | 
Acer CBL282K SMIIPRX,Acer , UM.PB2AA.002 | CBL282K SMIIPRX | ,"28"" ",3840 x 2160 ,60 Hz ,,IPS ,16:9 ,,300 cd/m² ,0.161 mm ,Yes ,No ,FreeSync ,Yes ,100 x 100 ,178° H x 178° V , 1 x DisplayPort | 1 x HDMI | 
Acer VG281K bmiipx,Acer , UM.PV1AA.001 | VG281K bmiipx | ,"28"" ",3840 x 2160 ,60 Hz ,,IPS ,16:9 ,Black ,300 cd/m² ,0.161 mm ,Yes ,No ,FreeSync ,No ,,178° H x 178° V , 1 x DisplayPort 1.2 | 1 x HDMI 2.0 | 
Acer KG282K BMIIPX,Acer , UM.PX2AA.001 | KG282K BMIIPX | ,"28"" ",3840 x 2160 ,60 Hz ,,IPS ,16:9 ,Black ,300 cd/m² ,0.161 mm ,Yes ,No ,FreeSync Premium ,Yes ,100 x 100 ,178° H x 178° V , 1 x DisplayPort 1.2 | 1 x HDMI 2.0 | 
Acer CB242Y bir,Acer , UM.QB2AA.001 | CB242Y bir | ,"23.8"" ",1920 x 1080 ,75 Hz ,,IPS ,16:9 ,Black ,250 cd/m² ,0.274 mm ,Yes ,No ,FreeSync ,No ,100 x 100 ,178° H x 178° V , 1 x HDMI | 1 x VGA | 
Acer CBA242Y BIR,Acer , UM.QB2AA.007 | CBA242Y BIR | ,"23.8"" ",1920 x 1080 ,75 Hz ,,IPS ,16:9 ,Black ,250 cd/m² ,0.274 mm ,Yes ,No ,FreeSync ,No ,100 x 100 ,178° H x 178° V , 1 x HDMI | 1 x VGA | 
Acer EG240Y Pbipx,Acer , UM.QE0AA.P01 | EG240Y Pbipx | ,"23.8"" ",1920 x 1080 ,165 Hz ,,IPS ,16:9 ,Black ,300 cd/m² ,0.274 mm ,Yes ,No ,FreeSync ,No ,100 x 100 ,178° H x 178° V , 1 x DisplayPort | 1 x HDMI | 
Acer KC242Y Abi,Acer , UM.QK2AA.A01 | KC242Y Abi | ,"23.8"" ",1920 x 1080 ,75 Hz ,,VA ,16:9 ,,,0.274 mm ,Yes ,No ,None ,No ,,, 1 x HDMI | 1 x VGA | 
Acer R242Y Ayi,Acer , UM.QR2AA.A01 | R242Y Ayi | ,"23.8"" ",1920 x 1080 ,75 Hz ,,VA ,16:9 ,,250 cd/m² ,0.274 mm ,Yes ,No ,None ,No ,,178° H x 178° V , 1 x HDMI 1.4 | 1 x VGA | 
Acer UT241Y,Acer , UM.QW1AA.001 | UT241Y | ,"23.8"" ",1920 x 1080 ,60 Hz ,4 ms ,IPS ,16:9 ,Black ,250 cd/m² ,0.274 mm ,Yes ,No ,None ,Yes ,100 x 100 ,178° H x 178° V , 1 x HDMI | 1 x VGA | 
Acer XR382CQK BMIJQPHUZX,Acer , UM.TX2AA.003 | XR382CQK BMIJQPHUZX | ,"37.5"" ",3840 x 1600 ,75 Hz ,,IPS ,12:5 ,Black ,300 cd/m² ,0.229 mm ,Yes ,No ,FreeSync ,Yes ,100 x 100 ,172° H x 178° V , 1 x DisplayPort | 1 x HDMI 2.0 | 
Acer XZ240Q Pbmiiphzx,Acer , UM.UX0AA.P03 | XZ240Q Pbmiiphzx | ,"23.6"" ",1920 x 1080 ,165 Hz ,,VA ,16:9 ,Black ,250 cd/m² ,0.272 mm ,Yes ,Yes ,None ,No ,100 x 100 ,178° H x 178° V , 1 x DisplayPort 1.4 | 1 x HDMI 2.0 | 
Acer G236HL,Acer , UM.VG6AA.B02 | G236HL | ,"23"" ",1920 x 1080 ,60 Hz ,,TN ,16:9 ,Black ,200 cd/m² ,0.265 mm ,Yes ,No ,None ,No ,,90° H x 50° V , 1 x DVI | 1 x VGA | 
Dell U2722D,Dell , U2722D | H7TRG | 210-AYZE | DELL-U2722D | ,"27"" ",2560 x 1440 ,60 Hz ,,IPS ,16:9 ,,350 cd/m² ,0.233 mm ,Yes ,No ,None ,No ,100 x 100 ,178° H x 178° V , 1 x DisplayPort 1.4 | 1 x HDMI | 1 x USB Type-C | 
Dell S2422HZ,Dell , 210-BBQX | S2422HZ | FTR29 | ,"23.8"" ",1920 x 1080 ,75 Hz ,,IPS ,16:9 ,,250 cd/m² ,0.274 mm ,Yes ,No ,FreeSync ,Yes ,,178° H x 178° V , 1 x DisplayPort | 1 x HDMI | 1 x USB Type-C | 
Dell P2423DE,Dell , 210-BDKF | P2423DE | 808Y0 | ,"24"" ",2560 x 1440 ,60 Hz ,,IPS ,16:9 ,,300 cd/m² ,0.208 mm ,Yes ,No ,None ,No ,100 x 100 ,178° H x 178° V , 1 x DisplayPort 1.4 | 1 x HDMI | 1 x USB Type-C | 
Dell SE3223Q,Dell , 210-BENU | SE3223Q | J4KN0 | ,"31.5"" ",3840 x 2160 ,60 Hz ,,VA ,16:9 ,,300 cd/m² ,0.182 mm ,Yes ,No ,FreeSync ,No ,100 x 100 ,178° H x 178° V , 1 x DisplayPort 1.2 | 2 x HDMI | 
LG 22MP400-B,LG ,22MP400-B ,"21.5"" ",1920 x 1080 ,75 Hz ,5 ms ,VA ,16:9 ,,250 cd/m² ,0.248 mm ,Yes ,No ,FreeSync ,No ,75 x 75 ,178° H x 178° V , 1 x HDMI | 1 x VGA | 
LG 24MP500-B,LG ,24MP500-B ,"24"" ",1920 x 1080 ,75 Hz ,5 ms ,IPS ,16:9 ,,250 cd/m² ,0.277 mm ,Yes ,No ,FreeSync ,No ,75 x 75 ,178° H x 178° V ,2 x HDMI 
LG 27GK65S-B,LG ,27GK65S-B ,"27"" ",1920 x 1080 ,144 Hz ,5 ms ,IPS ,16:9 ,,400 cd/m² ,0.311 mm ,Yes ,No , FreeSync | G-Sync Compatible | ,No ,100 x 100 ,178° H x 178° V , 1 x DisplayPort | 2 x HDMI | 
LG 27GN65S-B,LG ,27GN65S-B ,"27"" ",1920 x 1080 ,144 Hz ,1 ms ,IPS ,16:9 ,,350 cd/m² ,0.311 mm ,Yes ,No , FreeSync Premium | G-Sync Compatible | ,No ,100 x 100 ,178° H x 178° V , 1 x DisplayPort 1.4 | 1 x HDMI | 1 x USB Type-C | 
LG 27MQ44B-B,LG ,27MQ44B-B ,"27"" ",1920 x 1080 ,75 Hz ,5 ms ,IPS ,16:9 ,,250 cd/m² ,0.311 mm ,Yes ,No ,FreeSync ,No ,75 x 75 ,178° H x 178° V , 1 x DisplayPort | 1 x HDMI | 1 x VGA | 
LG 29UM59A-P,LG ,29UM59A-P ,"29"" ",2560 x 1080 ,60 Hz ,,IPS ,21:9 ,,250 cd/m² ,0.265 mm ,Yes ,No ,None ,No ,75 x 75 ,178° H x 178° V , 2 x HDMI 2.0 | 1 x USB Type-C | 
LG 29WP500-B,LG , 29WP500-B | 29WP500-B.AEU | ,"29"" ",2560 x 1080 ,75 Hz ,5 ms ,IPS ,21:9 ,,250 cd/m² ,0.265 mm ,Yes ,No ,FreeSync ,No ,100 x 100 ,178° H x 178° V ,2 x HDMI 
LG 29WP50S-W,LG ,29WP50S-W ,"29"" ",2560 x 1080 ,75 Hz ,5 ms ,IPS ,21:9 ,,250 cd/m² ,0.265 mm ,Yes ,No ,FreeSync ,No ,100 x 100 ,178° H x 178° V ,2 x HDMI 
LG 32MN530P-B,LG ,32MN530P-B ,"32"" ",1920 x 1080 ,60 Hz ,5 ms ,IPS ,16:9 ,,250 cd/m² ,0.369 mm ,Yes ,No ,FreeSync ,No ,100 x 100 ,178° H x 178° V , 1 x DisplayPort | 1 x HDMI | 
LG 32MN60T-B,LG ,32MN60T-B ,"32"" ",1920 x 1080 ,75 Hz ,5 ms ,IPS ,16:9 ,,250 cd/m² ,0.369 mm ,Yes ,No ,FreeSync ,No ,100 x 100 ,178° H x 178° V ,2 x HDMI 
LG 32QN55T-B,LG ,32QN55T-B ,"32"" ",2560 x 1440 ,75 Hz ,5 ms ,IPS ,16:9 ,,350 cd/m² ,0.277 mm ,Yes ,No ,FreeSync ,No ,100 x 100 ,178° H x 178° V ,2 x HDMI 
LG 34WL500-B,LG , 34WL500-B | 34WL500-B.AEU | ,"34"" ",2560 x 1080 ,75 Hz ,5 ms ,IPS ,21:9 ,,250 cd/m² ,0.311 mm ,Yes ,No ,FreeSync ,No ,100 x 100 ,178° H x 178° V ,2 x HDMI 
LG 34WL600-B,LG ,34WL600-B ,"34"" ",2560 x 1080 ,75 Hz ,5 ms ,IPS ,21:9 ,,250 cd/m² ,0.311 mm ,Yes ,No ,FreeSync ,Yes ,100 x 100 ,178° H x 178° V , 1 x DisplayPort | 1 x HDMI | 
LG 34WN650-W,LG , 34WN650-W | 34WN650-W.AEU | 34WN650-W.AUS | ,"34"" ",2560 x 1080 ,75 Hz ,5 ms ,IPS ,21:9 ,,400 cd/m² ,0.311 mm ,Yes ,No ,FreeSync ,Yes ,100 x 100 ,178° H x 178° V , 1 x DisplayPort | 2 x HDMI | 
ViewSonic VX2476-SMHD,ViewSonic ,VX2476-SMHD ,"23.8"" ",1920 x 1080 ,75 Hz ,14 ms ,IPS ,16:9 ,,250 cd/m² ,0.274 mm ,Yes ,No ,None ,Yes ,,178° H x 178° V , 1 x DisplayPort | 1 x HDMI 1.4 | 1 x VGA | 
MSI Optix MAG274,MSI ,Optix MAG274 ,"27"" ",1920 x 1080 ,144 Hz ,,IPS ,16:9 ,,300 cd/m² ,0.311 mm ,Yes ,No ,FreeSync Premium ,No ,100 x 100 ,178° H x 178° V , 1 x DisplayPort 1.2a | 2 x HDMI 2.0b | 1 x USB Type-C | 
MSI Optix MAG2742,MSI ,Optix MAG2742 ,"27"" ",1920 x 1080 ,165 Hz ,,IPS ,16:9 ,,300 cd/m² ,0.311 mm ,Yes ,No ,G-Sync Compatible ,No ,100 x 100 ,178° H x 178° V , 1 x DisplayPort 1.2a | 1 x HDMI 2.0 | 1 x USB Type-C | 
MSI Optix G243,MSI ,Optix G243 ,"23.8"" ",1920 x 1080 ,165 Hz ,,VA ,16:9 ,,350 cd/m² ,0.274 mm ,Yes ,No ,FreeSync Premium ,No ,100 x 100 ,178° H x 178° V , 1 x DisplayPort 1.2a | 2 x HDMI 1.4 | 
MSI Optix G24C6P,MSI ,Optix G24C6P ,"23.8"" ",1920 x 1080 ,144 Hz ,,VA ,16:9 ,,250 cd/m² ,0.274 mm ,Yes ,Yes ,FreeSync Premium ,No ,100 x 100 ,178° H x 178° V , 1 x DisplayPort 1.2 | 1 x HDMI 1.4 | 
MSI Optix G271CP,MSI ,Optix G271CP ,"27"" ",1920 x 1080 ,165 Hz ,,VA ,16:9 ,,300 cd/m² ,0.311 mm ,Yes ,Yes ,FreeSync Premium ,No ,75 x 75 ,178° H x 178° V , 1 x DisplayPort 1.2a | 2 x HDMI 2.0b | 
MSI Optix G272P,MSI ,Optix G272P ,"27"" ",1920 x 1080 ,144 Hz ,,IPS ,16:9 ,,250 cd/m² ,0.311 mm ,Yes ,No ,FreeSync ,No ,100 x 100 ,178° H x 178° V , 1 x DisplayPort 1.2a | 2 x HDMI 1.4 | 
MSI Optix G27C6P,MSI ,Optix G27C6P ,"27"" ",1920 x 1080 ,165 Hz ,,VA ,16:9 ,,250 cd/m² ,0.311 mm ,Yes ,Yes ,None ,No ,100 x 100 ,178° H x 178° V , 1 x DisplayPort 1.2 | 2 x HDMI 1.4 | 
MSI Optix G321C,MSI ,Optix G321C ,"31.5"" ",1920 x 1080 ,165 Hz ,,VA ,16:9 ,,300 cd/m² ,0.363 mm ,Yes ,Yes ,FreeSync Premium ,No ,75 x 75 ,178° H x 178° V , 1 x DisplayPort 1.2a | 2 x HDMI 2.0b | 
MSI Modern MD241PW,MSI , Modern MD241PW | 9S6-3PA5FH-011 | ,"23.8"" ",1920 x 1080 ,75 Hz ,,IPS ,16:9 ,,250 cd/m² ,0.274 mm ,Yes ,No ,None ,Yes ,75 x 75 ,178° H x 178° V , 1 x HDMI 1.4 | 1 x USB Type-C | 
MSI Modern MD271PW,MSI ,Modern MD271PW ,"27"" ",1920 x 1080 ,75 Hz ,,IPS ,16:9 ,,250 cd/m² ,0.311 mm ,Yes ,No ,None ,Yes ,75 x 75 ,178° H x 178° V , 1 x HDMI 1.4 | 1 x USB Type-C | 
MSI PRO MP271CW,MSI ,PRO MP271CW ,"27"" ",1920 x 1080 ,75 Hz ,5 ms ,VA ,16:9 ,,250 cd/m² ,0.311 mm ,Yes ,Yes ,None ,Yes ,100 x 100 ,178° H x 178° V , 1 x HDMI 1.4 | 1 x VGA | 
MSI PRO MP271P,MSI ,Pro MP271P ,"27"" ",1920 x 1080 ,75 Hz ,,IPS ,16:9 ,,250 cd/m² ,0.311 mm ,Yes ,No ,None ,Yes ,100 x 100 ,178° H x 178° V , 1 x HDMI 1.4 | 1 x VGA | 
MSI Summit MS321UP,MSI , Summit MS321UP | 9S6-3DA98T-015 | ,"32"" ",3840 x 2160 ,60 Hz ,4 ms ,IPS ,16:9 ,,400 cd/m² ,0.184 mm ,Yes ,No ,None ,No ,100 x 100 ,178° H x 178° V , 1 x DisplayPort 1.2 | 2 x HDMI 2.0b | 1 x USB Type-C | 
ViewSonic VA2459SMH,ViewSonic ,VA2459SMH ,"24"" ",1920 x 1080 ,,,IPS ,16:9 ,,250 cd/m² ,0.277 mm ,Yes ,No ,None ,Yes ,100 x 100 ,178° H x 178° V , 1 x HDMI | 1 x VGA | 
ViewSonic VA2747-MHJ,ViewSonic ,VA2747-MHJ ,"27"" ",1920 x 1080 ,75 Hz ,5 ms ,VA ,16:9 ,,250 cd/m² ,0.311 mm ,Yes ,No ,None ,Yes ,,178° H x 178° V , 1 x HDMI 1.4 | 1 x VGA | 
ViewSonic VG2456A,ViewSonic ,VG2456A ,"24"" ",1920 x 1080 ,,5 ms ,IPS ,16:9 ,,250 cd/m² ,0.277 mm ,Yes ,No ,None ,Yes ,100 x 100 ,178° H x 178° V , 1 x DisplayPort | 1 x HDMI 1.4 | 1 x USB Type-C | 
ViewSonic VG2748A,ViewSonic , VG2748A | VG2748A-2 | ,"27"" ",1920 x 1080 ,,5 ms ,IPS ,16:9 ,,250 cd/m² ,0.311 mm ,Yes ,No ,None ,Yes ,,178° H x 178° V , 1 x DisplayPort | 1 x HDMI 1.4 | 1 x VGA | 
ViewSonic VP2756-2K,ViewSonic ,VP2756-2K ,"27"" ",2560 x 1440 ,,5 ms ,IPS ,16:9 ,,350 cd/m² ,0.233 mm ,Yes ,No ,None ,No ,100 x 100 ,178° H x 178° V , 1 x DisplayPort | 1 x HDMI 1.4 | 1 x USB Type-C | 
ViewSonic VP3481A,ViewSonic ,VP3481A ,"34"" ",3440 x 1440 ,100 Hz ,5 ms ,VA ,21:9 ,,400 cd/m² ,0.232 mm ,Yes ,Yes ,FreeSync ,Yes ,100 x 100 ,178° H x 178° V , 1 x DisplayPort | 2 x HDMI 2.0 | 1 x USB Type-C | 
Asus ROG Strix XG276Q,Asus , 90LM07T0-B011B0 | ROG-STRIX-XG276Q | XG276Q | ,"27"" ",1920 x 1080 ,170 Hz ,1 ms ,IPS ,16:9 ,,400 cd/m² ,0.311 mm ,Yes ,No ,FreeSync Premium ,No ,100 x 100 ,178° H x 178° V , 1 x DisplayPort 1.2 | 2 x HDMI 2.0 | 
Asus VA27VQSE,Asus , 90LM06Y1-B01EB0 | VA27VQSE | ,"27"" ",1920 x 1080 ,75 Hz ,,VA ,16:9 ,,350 cd/m² ,0.311 mm ,Yes ,Yes ,FreeSync ,No ,100 x 100 ,178° H x 178° V , 1 x DisplayPort 1.2 | 1 x HDMI 1.4 | 
Asus VZ27EHE,Asus , 90LM07B3-B014B0 | ASUS-VZ27EHE | ,"27"" ",1920 x 1080 ,75 Hz ,,IPS ,16:9 ,,250 cd/m² ,0.311 mm ,Yes ,No ,FreeSync ,No ,75 x 75 ,178° H x 178° V , 1 x HDMI 1.4 | 1 x VGA | 
Asus VP299CL,Asus , 90LM07H0-B011B0 | VP299CL | 90LM07H0-B01170 | ,"29"" ",2560 x 1080 ,75 Hz ,,IPS ,21:9 ,,350 cd/m² ,0.265 mm ,Yes ,No ,FreeSync ,Yes ,100 x 100 ,178° H x 178° V , 1 x DisplayPort 1.2 | 1 x HDMI 2.0 | 1 x USB Type-C | 
iiyama GB2870UHSU-B1,iiyama ,GB2870UHSU-B1 ,"28"" ",3840 x 2160 ,165 Hz ,,IPS ,16:9 ,Black ,400 cd/m² ,0.161 mm ,Yes ,No ,FreeSync ,Yes ,100 x 100 ,178° H x 178° V , 1 x DisplayPort 1.4 | 1 x HDMI 2.1 | 
HP E273q,HP ,1FH52AA#ABA ,"27"" ",2560 x 1440 ,60 Hz ,,IPS ,16:9 ,Silver ,350 cd/m² ,0.233 mm ,Yes ,No ,None ,No ,100 x 100 ,178° H x 178° V , 1 x DisplayPort 1.2 | 1 x HDMI 1.4 | 1 x VGA | 1 x USB Type-C | 
Gigabyte G27F 2,Gigabyte , G27F 2 | 9DG27F2-00-1ABEU | G27F 2 EU | ,"27"" ",1920 x 1080 ,170 Hz ,,IPS ,16:9 ,Black ,400 cd/m² ,0.311 mm ,Yes ,No ,FreeSync Premium ,No ,100 x 100 ,178° H x 178° V , 1 x DisplayPort 1.2 | 2 x HDMI 2.0 | 
Monoprice CrystalPro,Monoprice ,44029 ,"23.8"" ",1920 x 1080 ,75 Hz ,,IPS ,16:9 ,Black ,250 cd/m² ,0.274 mm ,Yes ,No ,None ,No ,,178° H x 178° V , 1 x HDMI 1.4 | 1 x VGA | 
Monoprice Dark Matter,Monoprice ,42770 ,"23.8"" ",1920 x 1080 ,144 Hz ,,VA ,16:9 ,Black ,300 cd/m² ,0.274 mm ,Yes ,No ,FreeSync ,No ,,178° H x 178° V , 1 x DisplayPort | 2 x HDMI 1.4 | 
Monoprice Dark Matter,Monoprice ,42771 ,"27"" ",1920 x 1080 ,165 Hz ,,IPS ,16:9 ,Black ,350 cd/m² ,0.311 mm ,Yes ,No ,FreeSync ,No ,,178° H x 178° V , 1 x DisplayPort 1.2a | 1 x HDMI 1.4 | 
Acer XV322QK V,Acer , UM.JX2AA.V04 | XV322QK Vbmiiphzx | ,"31.5"" ",3840 x 2160 ,144 Hz ,,VA ,16:9 ,,400 cd/m² ,0.182 mm ,Yes ,No ,FreeSync Premium ,Yes ,100 x 100 ,178° H x 178° V , 1 x DisplayPort | 1 x HDMI | 
Acer VA241Y,Acer ,UM.FV1AA.001 ,"23.8"" ",1920 x 1080 ,60 Hz ,,VA ,16:9 ,Black ,250 cd/m² ,0.274 mm ,Yes ,No ,None ,No ,100 x 100 ,178° H x 178° V , 1 x HDMI | 1 x VGA | 
Acer V277,Acer ,UM.HV7AA.010 ,"27"" ",1920 x 1080 ,75 Hz ,,,16:9 ,Black ,250 cd/m² ,0.311 mm ,Yes ,No ,None ,No ,100 x 100 ,178° H x 178° V , 1 x DisplayPort | 1 x HDMI | 1 x VGA | 
Acer B247Y A,Acer ,UM.QB7AA.A01 ,"23.8"" ",1920 x 1080 ,75 Hz ,,VA ,16:9 ,Black ,250 cd/m² ,0.274 mm ,Yes ,No ,None ,Yes ,100 x 100 ,178° H x 178° V , 1 x DisplayPort | 1 x HDMI | 1 x VGA | 
Acer V247Y,Acer ,UM.QV7AA.004 ,"23.8"" ",1920 x 1080 ,75 Hz ,,IPS ,16:9 ,Black ,250 cd/m² ,0.274 mm ,Yes ,No ,FreeSync ,No ,100 x 100 ,178° H x 178° V , 1 x DisplayPort | 1 x HDMI | 1 x VGA | 
Acer ED240Q bi,Acer ,UM.UE0AA.001 ,"23.6"" ",1920 x 1080 ,75 Hz ,,VA ,16:9 ,Black ,,0.272 mm ,Yes ,Yes ,FreeSync ,No ,100 x 100 ,178° H x 178° V ,
Acer B227Q A,Acer ,UM.WB7AA.A01 ,"21.5"" ",1920 x 1080 ,75 Hz ,,VA ,16:9 ,Black ,250 cd/m² ,0.248 mm ,Yes ,No ,None ,Yes ,100 x 100 ,178° H x 178° V , 1 x DisplayPort | 1 x HDMI | 1 x VGA | 
Acer Nitro QG221Q bmiix,Acer ,UM.WQ1AA.002 ,"21.5"" ",1920 x 1080 ,75 Hz ,,VA ,16:9 ,Black ,250 cd/m² ,0.248 mm ,Yes ,No ,FreeSync ,Yes ,,178° H x 178° V , 2 x HDMI | 1 x VGA | 
Acer V227Q A,Acer ,UM.WV7AA.A04 ,"21.5"" ",1920 x 1080 ,75 Hz ,,VA ,16:9 ,Black ,250 cd/m² ,0.248 mm ,Yes ,No ,None ,No ,100 x 100 ,178° H x 178° V , 1 x DisplayPort | 1 x HDMI | 1 x VGA | 
Acer V247W,Acer ,UMFV7AA001 ,"24"" ",1920 x 1200 ,75 Hz ,,IPS ,16:10 ,Black ,300 cd/m² ,0.269 mm ,Yes ,No ,None ,No ,100 x 100 ,178° H x 178° V , 1 x DisplayPort | 1 x HDMI | 1 x VGA | 
Dell E2418HN,Dell ,E2418HN ,"23.8"" ",1920 x 1080 ,60 Hz ,5 ms ,IPS ,16:9 ,Black ,250 cd/m² ,0.274 mm ,Yes ,No ,None ,No ,100 x 100 ,178° H x 178° V , 1 x HDMI 1.4 | 1 x VGA | 
AOC Porsche Design AGON PRO PD32M,AOC ,PD32M ,"31.5"" ",3840 x 2160 ,144 Hz ,1 ms ,IPS ,16:9 ,Silver / Black ,600 cd/m² ,0.182 mm ,Yes ,No ,FreeSync ,Yes ,100 x 100 ,178° H x 178° V , 1 x DisplayPort 1.4 | 2 x HDMI 2.1 | 
Eizo FlexScan S2133,Eizo ,S2133-BK ,"21.3"" ",1600 x 1200 ,,6 ms ,IPS ,4:3 ,Black ,420 cd/m² ,0.271 mm ,No ,No ,None ,No ,100 x 100 ,178° H x 178° V , 1 x DisplayPort | 1 x DVI-D Dual Link | 1 x VGA | 
VIOTEK FI24D,VIOTEK ,FI24D ,"23.8"" ",2560 x 1440 ,75 Hz ,,IPS ,16:9 ,Black ,,0.206 mm ,Yes ,No ,FreeSync ,No ,75 x 75 ,178° H x 178° V , 1 x DisplayPort | 2 x HDMI | 
LG 34WQ65X-W,LG , 34WQ65X-W | 34WQ65X-W.AEU | ,"34"" ",2560 x 1080 ,60 Hz ,5 ms ,IPS ,21:9 ,Silver ,400 cd/m² ,0.311 mm ,Yes ,No ,FreeSync ,Yes ,,178° H x 178° V , 1 x DisplayPort 1.4 | 1 x HDMI | 1 x USB Type-C | 
LG 38WN95CP-W,LG ,38WN95CP-W ,"38"" ",3440 x 1440 ,144 Hz ,5 ms ,IPS ,21:9 ,Silver ,447 cd/m² ,0.259 mm ,Yes ,Yes , FreeSync Premium Pro | G-Sync Compatible | ,Yes ,,178° H x 178° V , 1 x DisplayPort 1.4 | 2 x HDMI | 
LG 34WQ68X-W,LG , 34WQ68X-W | 34WQ68X-W.AEU | ,"34"" ",2560 x 1440 ,100 Hz ,5 ms ,IPS ,16:9 ,White / Black ,400 cd/m² ,0.294 mm ,Yes ,No ,FreeSync ,Yes ,,178° H x 178° V , 1 x DisplayPort | 2 x HDMI | 1 x USB Type-C | 
LG 35WN75C-W,LG , 35WN75C-W | 35WN75C-W.AEU | ,"35"" ",3440 x 1440 ,100 Hz ,5 ms ,VA ,21:9 ,Silver ,300 cd/m² ,0.238 mm ,Yes ,Yes ,FreeSync ,No ,100 x 100 ,178° H x 178° V , 1 x DisplayPort 1.4 | 2 x HDMI | 1 x USB Type-C | 
INNOCN 27M2U,INNOCN ,27M2U ,"27"" ",3840 x 2160 ,60 Hz ,,,16:9 ,Silver ,700 cd/m² ,0.156 mm ,Yes ,No ,None ,No ,,178° H x 178° V , 1 x DisplayPort 1.4 | 2 x HDMI 2.0 | 1 x USB Type-C | 
GALAX PRISMA-01,GALAX , MGVIIA24NB7B | PR-01 | ,"24"" ",1920 x 1080 ,75 Hz ,8 ms ,VA ,16:9 ,Black ,250 cd/m² ,0.277 mm ,Yes ,No ,G-Sync Compatible ,Yes ,,178° H x 178° V , 1 x DisplayPort | 1 x HDMI 1.4 | 1 x USB Type-C | 
Philips 498P9Z,Philips , 498P9Z | 498P9Z/00 | 498P9Z/01 | 498P9Z/27 | 498P9Z/93 | ,"48.8"" ",5120 x 1440 ,165 Hz ,4 ms ,VA ,32:9 ,Black ,550 cd/m² ,0.233 mm ,Yes ,Yes ,FreeSync ,Yes ,100 x 100 ,178° H x 178° V , 1 x DisplayPort 1.4 | 3 x HDMI 2.0 | 
Asus VZ279QG1R,Asus , 90LM05T1-B02EB0 | VZ279QG1R | ,"27"" ",1920 x 1080 ,75 Hz ,,IPS ,16:9 ,Black ,250 cd/m² ,0.311 mm ,Yes ,No ,FreeSync ,No ,75 x 75 ,178° H x 178° V , 1 x DisplayPort 1.2 | 1 x HDMI 1.4 | 
Monoprice CrystalPro,Monoprice ,44522 ,"27"" ",3840 x 2160 ,60 Hz ,,IPS ,16:9 ,Black ,400 cd/m² ,0.156 mm ,Yes ,No ,None ,No ,100 x 100 ,178° H x 178° V , 1 x DisplayPort 1.4 | 1 x HDMI 2.1 | 
Acer Vero B7 B277 E,Acer ,UM.HB7AA.E01 ,"27"" ",1920 x 1080 ,100 Hz ,4 ms ,IPS ,16:9 ,Black ,250 cd/m² ,0.311 mm ,Yes ,No ,FreeSync ,Yes ,100 x 100 ,178° H x 178° V , 1 x DisplayPort 1.2 | 1 x HDMI 1.4 | 
Acer AOPEN 20CH1Q BI,Acer ,UM.IC1AA.002 ,"19.5"" ",1366 x 768 ,60 Hz ,,TN ,16:9 ,Black ,200 cd/m² ,0.316 mm ,Yes ,No ,None ,No ,75 x 75 ,90° H x 65° V , 1 x HDMI | 1 x VGA | 
Acer Vero B7 B247Y E,Acer ,UM.QB7AA.E02 ,"23.8"" ",1920 x 1080 ,100 Hz ,4 ms ,IPS ,16:9 ,Black ,250 cd/m² ,0.274 mm ,Yes ,No ,None ,Yes ,100 x 100 ,178° H x 178° V , 1 x DisplayPort 1.2 | 1 x HDMI 1.4 | 1 x VGA | 
AOC 24G2S,AOC ,24G2S ,"23.8"" ",1920 x 1080 ,165 Hz ,,VA ,16:9 ,Black ,250 cd/m² ,0.274 mm ,Yes ,No ,FreeSync Premium ,No ,,178° H x 178° V , 1 x DisplayPort 1.2 | 2 x HDMI 1.4 | 1 x VGA | 
AOC CQ34G2,AOC ,CQ34G2 ,"34"" ",2560 x 1080 ,75 Hz ,,VA ,21:9 ,Black / Red ,,0.311 mm ,Yes ,Yes ,FreeSync ,No ,100 x 100 ,178° H x 178° V , 1 x DisplayPort 1.2 | 2 x HDMI 1.4 | 
AOC Q32V3,AOC ,Q32V3 ,"31.5"" ",2560 x 1440 ,60 Hz ,4 ms ,VA ,16:9 ,Black ,250 cd/m² ,0.272 mm ,Yes ,No ,None ,No ,,178° H x 178° V , 1 x DisplayPort 1.2 | 1 x HDMI 1.4 | 
AOC Q34G3,AOC ,Q34G3 ,"34"" ",2560 x 1080 ,75 Hz ,,IPS ,21:9 ,Black ,300 cd/m² ,0.311 mm ,Yes ,No ,FreeSync ,No ,,178° H x 178° V , 1 x DisplayPort 1.2 | 2 x HDMI 1.4 | 
BenQ EX3210R,BenQ ,EX3210R ,"31.5"" ",2560 x 1440 ,165 Hz ,,VA ,16:9 ,,400 cd/m² ,0.272 mm ,Yes ,No ,FreeSync Premium Pro ,Yes ,100 x 100 ,178° H x 178° V , 1 x DisplayPort 1.4 | 2 x HDMI 2.0 | 
BenQ GW2480T,BenQ ,GW2480T ,"23.8"" ",1920 x 1080 ,60 Hz ,5 ms ,IPS ,16:9 ,Black ,250 cd/m² ,0.274 mm ,Yes ,No ,None ,Yes ,100 x 100 ,178° H x 178° V , 1 x DisplayPort 1.2 | 1 x HDMI 1.4 | 1 x VGA | 
BenQ GW2785TC,BenQ , GW2785TC | 9H.LKNLB.QBE | ,"27"" ",1920 x 1080 ,75 Hz ,5 ms ,IPS ,16:9 ,Black ,250 cd/m² ,0.311 mm ,Yes ,No ,None ,Yes ,100 x 100 ,178° H x 178° V , 1 x DisplayPort 1.2 | 1 x HDMI 1.4 | 1 x USB Type-C | 
BenQ ZOWIE XL2731K,BenQ ,XL2731K ,"27"" ",1920 x 1080 ,165 Hz ,,TN ,16:9 ,Black / Red ,320 cd/m² ,0.311 mm ,Yes ,No ,None ,No ,100 x 100 ,170° H x 160° V , 1 x DisplayPort 1.2 | 3 x HDMI 2.0 | 
Dell U2412ME,Dell ,U2412ME ,"24"" ",1920 x 1200 ,60 Hz ,8 ms ,IPS ,16:10 ,Black ,300 cd/m² ,0.269 mm ,Yes ,No ,None ,No ,100 x 100 ,178° H x 178° V , 1 x DisplayPort | 1 x DVI-D Single Link | 1 x VGA | 
HP 169L0AA#ABA,HP ,169L0AA#ABA ,"24"" ",1920 x 1080 ,60 Hz ,5 ms ,IPS ,16:9 ,Silver / Black ,250 cd/m² ,0.277 mm ,Yes ,No ,None ,Yes ,,178° H x 178° V , 1 x DisplayPort 1.2 | 1 x HDMI 1.4 | 1 x VGA | 
HP E24u G4,HP ,189T0AA#ABA ,"23.8"" ",1920 x 1080 ,60 Hz ,5 ms ,IPS ,16:9 ,Silver / Black ,250 cd/m² ,0.274 mm ,Yes ,No ,None ,No ,100 x 100 ,178° H x 178° V , 1 x DisplayPort 1.2 | 1 x HDMI 1.4 | 
HP P24 G4,HP , 1A7E5AA | 1A7E5AA#ABA | ,"23.8"" ",1920 x 1080 ,60 Hz ,5 ms ,IPS ,16:9 ,Black ,250 cd/m² ,0.274 mm ,Yes ,No ,None ,No ,100 x 100 ,178° H x 178° V , 1 x DisplayPort 1.4 | 1 x VGA | 
HP Z27q G3,HP ,1C4Z7AA#ABA ,"27"" ",2560 x 1440 ,60 Hz ,5 ms ,IPS ,16:9 ,Silver / Black ,350 cd/m² ,0.233 mm ,Yes ,No ,None ,No ,100 x 100 ,178° H x 178° V , 1 x DisplayPort 1.4 | 1 x HDMI 2.0 | 
HP X27qc,HP ,32H00AA#ABA ,"27"" ",2560 x 1440 ,165 Hz ,,VA ,16:9 ,Black ,350 cd/m² ,0.233 mm ,Yes ,Yes ,FreeSync Premium ,No ,,178° H x 178° V , 1 x DisplayPort 1.4 | 1 x HDMI 2.0 | 
HP Z24f G3,HP ,3G828AA#ABA ,"23.8"" ",1920 x 1080 ,60 Hz ,5 ms ,IPS ,16:9 ,Black ,300 cd/m² ,0.274 mm ,Yes ,No ,None ,No ,,178° H x 178° V , 1 x DisplayPort 1.2 | 1 x HDMI 1.4 | 
HP E34m G4,HP ,40Z26AA#ABA ,"34"" ",3440 x 1440 ,75 Hz ,5 ms ,VA ,21:9 ,Silver / Black ,400 cd/m² ,0.232 mm ,Yes ,Yes ,None ,Yes ,100 x 100 ,178° H x 178° V , 1 x DisplayPort 1.2 | 1 x HDMI 2.0 | 1 x USB Type-C | 
HP E24m G4,HP ,40Z32AA#ABA ,"24"" ",1920 x 1080 ,75 Hz ,5 ms ,IPS ,16:9 ,Silver / Black ,300 cd/m² ,0.277 mm ,Yes ,No ,None ,Yes ,100 x 100 ,178° H x 178° V , 1 x DisplayPort 1.2 | 1 x HDMI 1.4 | 1 x USB Type-C | 
HP V22v,HP ,450M3AA#ABA ,"21.5"" ",1920 x 1080 ,60 Hz ,7 ms ,VA ,16:9 ,Black ,250 cd/m² ,0.248 mm ,Yes ,No ,None ,No ,,,
HP Z24m G3,HP ,4Q8N9AA#ABA ,"23.8"" ",2560 x 1440 ,90 Hz ,5 ms ,IPS ,16:9 ,Silver ,400 cd/m² ,0.206 mm ,Yes ,No ,None ,Yes ,100 x 100 ,178° H x 178° V , 1 x DisplayPort 1.4 | 1 x HDMI 2.0 | 1 x USB Type-C | 
HP P24 G5,HP ,64X66AA#ABA ,"23.8"" ",1920 x 1080 ,75 Hz ,5 ms ,IPS ,16:9 ,Black ,250 cd/m² ,0.274 mm ,Yes ,No ,None ,No ,100 x 100 ,178° H x 178° V , 1 x DisplayPort 1.2 | 1 x HDMI 1.4 | 1 x VGA | 
HP P22 G5,HP ,64X86AA#ABA ,"21.5"" ",1920 x 1080 ,75 Hz ,5 ms ,IPS ,16:9 ,Black ,250 cd/m² ,0.248 mm ,Yes ,No ,None ,No ,100 x 100 ,178° H x 178° V , 1 x DisplayPort 1.2 | 1 x HDMI 1.4 | 1 x VGA | 
HP E27d G4,HP ,6PA56A4#ABA ,"27"" ",2560 x 1440 ,60 Hz ,5 ms ,IPS ,16:9 ,Silver ,300 cd/m² ,0.233 mm ,Yes ,No ,None ,No ,100 x 100 ,178° H x 178° V , 1 x DisplayPort 1.2 | 1 x HDMI 1.4 | 1 x USB Type-C | 
HP P22v G4,HP ,9TT53A6#ABA ,"21.5"" ",1920 x 1080 ,60 Hz ,5 ms ,TN ,16:9 ,Black ,250 cd/m² ,0.248 mm ,Yes ,No ,None ,No ,100 x 100 ,170° H x 160° V , 1 x HDMI 1.4 | 1 x VGA | 
HP P24v G4,HP ,9TT78A6#ABA ,"23.8"" ",1920 x 1080 ,60 Hz ,5 ms ,IPS ,16:9 ,Black ,250 cd/m² ,0.274 mm ,Yes ,No ,None ,No ,100 x 100 ,178° H x 178° V , 1 x HDMI 1.4 | 1 x VGA | 
HP 9VG71AA#ABA,HP ,9VG71AA#ABA ,"27"" ",1920 x 1080 ,60 Hz ,5 ms ,IPS ,16:9 ,Silver ,250 cd/m² ,0.311 mm ,Yes ,No ,None ,No ,100 x 100 ,178° H x 178° V , 1 x DisplayPort 1.2 | 1 x HDMI 1.4 | 1 x VGA | 
HP E22 G4,HP ,9VH72AA#ABA ,"21.5"" ",1920 x 1080 ,,5 ms ,IPS ,16:9 ,Silver ,250 cd/m² ,0.248 mm ,Yes ,No ,None ,No ,100 x 100 ,178° H x 178° V , 1 x DisplayPort 1.2 | 1 x HDMI 1.4 | 1 x VGA | 
LG 22BL450Y-B,LG ,22BL450Y-B ,"21.5"" ",1920 x 1080 ,75 Hz ,5 ms ,IPS ,16:9 ,Black ,250 cd/m² ,0.248 mm ,Yes ,No ,None ,Yes ,100 x 100 ,178° H x 178° V , 1 x DisplayPort 1.2 | 1 x HDMI 1.4 | 
LG 27BL450Y-B,LG ,27BL450Y-B ,"27"" ",1920 x 1080 ,75 Hz ,5 ms ,IPS ,16:9 ,Black ,250 cd/m² ,0.311 mm ,Yes ,No ,None ,Yes ,100 x 100 ,178° H x 178° V , 1 x DisplayPort 1.2 | 1 x HDMI 1.4 | 
LG 24BP450Y-I,LG ,24BP450Y-I ,"23.8"" ",1920 x 1080 ,60 Hz ,5 ms ,,16:9 ,Black ,250 cd/m² ,0.274 mm ,Yes ,No ,FreeSync ,No ,75 x 75 ,178° H x 178° V ,
LG 27BN85U-B,LG ,27BN85U-B ,"27"" ",3840 x 2160 ,60 Hz ,5 ms ,IPS ,16:9 ,Black ,350 cd/m² ,0.156 mm ,Yes ,No ,FreeSync ,Yes ,100 x 100 ,178° H x 178° V , 1 x DisplayPort 1.4 | 2 x HDMI 2.0 | 1 x USB Type-C | 
LG 27BN85UN-B,LG , 27BN85UN-B | 27BN85UN-B.AUB | ,"27"" ",3840 x 2160 ,60 Hz ,5 ms ,IPS ,16:9 ,Black ,350 cd/m² ,0.156 mm ,Yes ,No ,FreeSync ,Yes ,100 x 100 ,178° H x 178° V ,1 x USB Type-C 
LG 32BK50QWB,LG ,32BK50QWB ,"32"" ",2560 x 1440 ,75 Hz ,8 ms ,IPS ,16:9 ,Silver ,300 cd/m² ,0.277 mm ,Yes ,No ,FreeSync ,No ,100 x 100 ,178° H x 178° V , 1 x DisplayPort | 1 x Mini-DisplayPort | 2 x HDMI | 
LG 32GN50R-B,LG ,32GN50R-B ,"31.5"" ",1920 x 1080 ,165 Hz ,,VA ,16:9 ,Black ,300 cd/m² ,0.363 mm ,Yes ,No , FreeSync Premium | G-Sync Compatible | ,No ,100 x 100 ,178° H x 178° V , 1 x DisplayPort | 1 x HDMI | 
LG 34BL85CB,LG ,34BL85CB ,"34"" ",3440 x 1440 ,60 Hz ,5 ms ,IPS ,21:9 ,Black ,300 cd/m² ,0.232 mm ,Yes ,Yes ,None ,Yes ,100 x 100 ,178° H x 178° V , 1 x DisplayPort 1.4 | 2 x HDMI | 
LG 40BP95C-W,LG ,40BP95C-W ,"39.7"" ",5120 x 2160 ,72 Hz ,5 ms ,Nano IPS ,64:27 ,Silver / White ,300 cd/m² ,0.181 mm ,Yes ,Yes ,FreeSync ,Yes ,100 x 100 ,178° H x 178° V , 1 x DisplayPort 1.4 | 2 x HDMI 2.0 | 1 x USB Type-C | 
MSI Modern MD272P,MSI ,MD272P ,"27"" ",1920 x 1080 ,75 Hz ,5 ms ,IPS ,16:9 ,Silver / Black ,250 cd/m² ,0.311 mm ,Yes ,No ,None ,Yes ,75 x 75 ,178° H x 178° V , 1 x DisplayPort 1.2a | 1 x HDMI 2.0b | 1 x USB Type-C | 
MSI Optix G243CV,MSI ,Optix G243CV ,"23.6"" ",1920 x 1080 ,75 Hz ,,VA ,16:9 ,Black ,250 cd/m² ,0.272 mm ,Yes ,Yes ,FreeSync ,No ,100 x 100 ,178° H x 178° V ,
MSI Optix G274CV,MSI ,Optix G274CV ,"27"" ",1920 x 1080 ,75 Hz ,,VA ,16:9 ,Black ,250 cd/m² ,0.311 mm ,Yes ,Yes ,None ,No ,100 x 100 ,178° H x 178° V , 1 x DisplayPort 1.2a | 1 x HDMI 1.4 | 
MSI Optix G321CUV,MSI ,Optix G321CUV ,"31.5"" ",3840 x 2160 ,60 Hz ,4 ms ,VA ,16:9 ,Black ,,0.182 mm ,Yes ,Yes ,None ,No ,100 x 100 ,178° H x 178° V , 1 x DisplayPort 1.2a | 2 x HDMI 2.0b | 
MSI Optix G323CV,MSI ,Optix G323CV ,"31.5"" ",1920 x 1080 ,75 Hz ,,VA ,16:9 ,,,0.363 mm ,Yes ,Yes ,FreeSync ,No ,100 x 100 ,178° H x 178° V , 1 x DisplayPort 1.2a | 1 x HDMI 1.4 | 
MSI OPTIX MAG273R2,MSI ,OPTIX MAG273R2 ,"27"" ",1920 x 1080 ,165 Hz ,,IPS ,16:9 ,Black ,250 cd/m² ,0.311 mm ,Yes ,No ,G-Sync Compatible ,No ,100 x 100 ,178° H x 178° V , 1 x DisplayPort 1.2a | 2 x HDMI 2.0 | 
MSI PRO MP241CAW,MSI ,Pro MP241CAW ,"23.6"" ",1920 x 1080 ,75 Hz ,4 ms ,VA ,16:9 ,Silver / Black ,250 cd/m² ,0.272 mm ,Yes ,Yes ,None ,Yes ,100 x 100 ,178° H x 178° V , 1 x DisplayPort 1.2a | 1 x HDMI 1.4 | 
MSI Pro MP272C,MSI ,Pro MP272C ,"27"" ",1920 x 1080 ,75 Hz ,5 ms ,VA ,16:9 ,Black ,,0.311 mm ,Yes ,Yes ,FreeSync ,Yes ,100 x 100 ,178° H x 178° V , 1 x HDMI 1.4 | 1 x VGA | 
NEC E172M-BK,NEC ,E172M-BK ,"17"" ",1280 x 1024 ,60 Hz ,5.5 ms ,TN ,5:4 ,Black ,250 cd/m² ,0.263 mm ,No ,No ,None ,Yes ,100 x 100 ,170° H x 160° V , 1 x DisplayPort | 1 x HDMI | 1 x VGA | 
Philips 243B1,Philips , 243B1 | 243B1/27 | ,"23.8"" ",1920 x 1080 ,75 Hz ,4 ms ,IPS ,16:9 ,Black ,250 cd/m² ,0.274 mm ,Yes ,No ,None ,Yes ,100 x 100 ,178° H x 178° V , 1 x DisplayPort 1.4 | 1 x HDMI 1.4 | 1 x USB Type-C 3.2 Gen 2 | 
Samsung LS27A804UJNXGO,Samsung , LS27A804UJNXGO | S27A804UJN | ,"27"" ",3840 x 2160 ,60 Hz ,5 ms ,IPS ,16:9 ,Black ,300 cd/m² ,0.156 mm ,Yes ,No ,None ,No ,100 x 100 ,178° H x 178° V , 1 x DisplayPort 1.2 | 1 x HDMI 2.0 | 1 x USB Type-C | 
Samsung LS27CM501ENXZA,Samsung , LS27CM501ENXZA | S27CM501EN | ,"27"" ",1920 x 1080 ,60 Hz ,4 ms ,VA ,16:9 ,White ,250 cd/m² ,0.311 mm ,Yes ,No ,None ,No ,,178° H x 178° V ,2 x HDMI 1.4 
Samsung M50C,Samsung , LS32CM502ENXGO | S32CM502EN | ,"32"" ",1920 x 1080 ,60 Hz ,4 ms ,VA ,16:9 ,Black ,250 cd/m² ,0.369 mm ,Yes ,No ,None ,No ,,178° H x 178° V ,2 x HDMI 1.4 
Acer EI322QURS,Acer , EI322QURS | UM.JE2SA.S01-RY0 | UM.JE2SA.S01 | EI322QURS(UM.JE2SA.S01-RY0) | EI322QURS UM JE2SA S01 RY0 | ,"31.5"" ",2560 x 1440 ,165 Hz ,,VA ,16:9 ,Black ,320 cd/m² ,0.272 mm ,Yes ,Yes ,FreeSync Premium Pro ,No ,75 x 75 ,178° H x 178° V , 2 x DisplayPort 1.4 | 1 x HDMI 2.0 | 
Asus TUF Gaming VG279Q1A,Asus , 90LM05X0-B031B0 | TUF Gaming VG279Q1A | ,"27"" ",1920 x 1080 ,165 Hz ,,IPS ,16:9 ,Black ,250 cd/m² ,0.311 mm ,Yes ,No ,FreeSync Premium ,Yes ,100 x 100 ,178° H x 178° V , 1 x DisplayPort 1.2 | 2 x HDMI 1.4 | 
AOC U27P2CA,AOC ,U27P2CA ,"27"" ",3840 x 2160 ,60 Hz ,,IPS ,16:9 ,Black ,,0.156 mm ,Yes ,No ,FreeSync ,No ,100 x 100 ,178° H x 178° V , 1 x DisplayPort 1.2 | 2 x HDMI 2.0 | 1 x USB Type-C 3.2 Gen 1 | 
Planar PZN2710Q,Planar , 998-2124-00 | PZN2710Q | ,"27"" ",2560 x 1440 ,75 Hz ,6 ms ,IPS ,16:9 ,Black ,300 cd/m² ,0.233 mm ,Yes ,No ,None ,Yes ,100 x 100 ,178° H x 178° V , 1 x DisplayPort | 1 x HDMI | 1 x USB Type-C 3.2 Gen 1 | 
AOC U28G2XU2/BK,AOC ,U28G2XU2/BK ,"28"" ",3840 x 2160 ,144 Hz ,,IPS ,16:9 ,Black / Red ,,0.161 mm ,Yes ,No ,FreeSync ,Yes ,100 x 100 ,178° H x 178° V , 2 x DisplayPort 1.4 | 2 x HDMI 2.1 | 
YEYIAN Sigurd 4000,YEYIAN ,YMC-VA34-01 ,"34"" ",3440 x 1440 ,165 Hz ,,VA ,21:9 ,Black ,350 cd/m² ,0.232 mm ,Yes ,Yes , FreeSync | G-Sync Compatible | ,No ,75 x 75 ,178° H x 178° V ,
YEYIAN Odraz 2000,YEYIAN ,MG2700 ,"27"" ",1920 x 1080 ,165 Hz ,1 ms ,VA ,16:9 ,Black ,230 cd/m² ,0.311 mm ,Yes ,No ,None ,No ,,178° H x 178° V , 1 x DisplayPort | 1 x HDMI | 
YEYIAN YMF-VA27-01,YEYIAN ,YMF-VA27-01 ,"27"" ",1920 x 1080 ,165 Hz ,1 ms ,,16:9 ,Black ,,0.311 mm ,Yes ,No , FreeSync | G-Sync Compatible | ,Yes ,100 x 100 ,178° H x 178° V , 1 x DisplayPort 1.2 | 2 x HDMI 2.0 | 
ViewSonic VG2457V,ViewSonic ,VG2457V ,"24"" ",1920 x 1080 ,100 Hz ,5 ms ,IPS ,16:9 ,Black ,250 cd/m² ,0.277 mm ,Yes ,No ,None ,Yes ,100 x 100 ,178° H x 178° V , 1 x DisplayPort | 1 x HDMI 1.4 | 1 x USB Type-C 3.2 Gen 2 | 
Acer SH272U EBMIPHUX,Acer , UM.HS2AA.E03 | SH272U EBMIPHUX | ,"27"" ",2560 x 1440 ,100 Hz ,,IPS ,16:9 ,Black ,250 cd/m² ,0.233 mm ,Yes ,No ,FreeSync ,Yes ,75 x 75 ,178° H x 178° V , 1 x DisplayPort | 1 x HDMI 2.0 | 1 x USB Type-C | 
Pixio PX32U WAVE,Pixio ,PX32UWAVEB ,"32"" ",3840 x 2160 ,144 Hz ,1 ms ,IPS ,16:9 ,Blue ,350 cd/m² ,0.184 mm ,Yes ,No ,FreeSync ,Yes ,75 x 75 ,178° H x 178° V , 2 x DisplayPort 1.4 | 2 x HDMI 2.1 | 
Dell ST2010B,Dell ,ST2010B ,"20"" ",1600 x 900 ,60 Hz ,5 ms ,TN ,16:9 ,Black ,250 cd/m² ,0.277 mm ,Yes ,No ,None ,No ,,160° H x 160° V , 1 x HDMI | 1 x VGA | 
Eizo EV2457,Eizo ,EV2457-WT ,"24.1"" ",1920 x 1200 ,60 Hz ,5 ms ,IPS ,16:10 ,White ,350 cd/m² ,0.27 mm ,Yes ,No ,None ,Yes ,100 x 100 ,178° H x 178° V , 1 x DisplayPort | 1 x DVI | 1 x HDMI | 
Pixio PXC248 Wave,Pixio ,PXC248WAVEB ,"24"" ",1920 x 1080 ,200 Hz ,1 ms ,VA ,16:9 ,Blue ,,0.277 mm ,Yes ,Yes ,FreeSync ,Yes ,100 x 100 ,178° H x 178° V , 1 x DisplayPort 1.4 | 1 x HDMI 2.0 | 
iiyama XUB2292HSU-W6,iiyama ,XUB2292HSU-W6 ,"21.5"" ",1920 x 1080 ,100 Hz ,,IPS ,16:9 ,White ,250 cd/m² ,0.248 mm ,Yes ,No ,FreeSync ,Yes ,100 x 100 ,178° H x 178° V , 1 x DisplayPort | 1 x HDMI | 
HP V212a,HP ,M6F38AA#ABU ,"20.7"" ",1920 x 1080 ,60 Hz ,,TN ,16:9 ,Black ,200 cd/m² ,0.239 mm ,Yes ,No ,None ,Yes ,,90° H x 50° V ,1 x VGA 
HP V213a,HP ,W3L13AA#ABU ,"20.7"" ",1920 x 1080 ,60 Hz ,,TN ,16:9 ,Black ,200 cd/m² ,0.239 mm ,Yes ,No ,None ,Yes ,,90° H x 65° V , 1 x DVI-D Single Link | 1 x VGA | 
AOC 24G2U5/BK,AOC ,24G2U5/BK ,"23.8"" ",1920 x 1080 ,75 Hz ,,IPS ,16:9 ,Black / Red ,250 cd/m² ,0.274 mm ,Yes ,No ,FreeSync ,Yes ,100 x 100 ,178° H x 178° V , 1 x DisplayPort 1.2 | 2 x HDMI 1.4 | 
Philips 34B2U5600C/00,Philips ,34B2U5600C/00 ,"34"" ",3440 x 1440 ,120 Hz ,4 ms ,VA ,21:9 ,Silver / Black ,350 cd/m² ,0.232 mm ,Yes ,No ,FreeSync ,Yes ,,178° H x 178° V , 1 x DisplayPort 1.4 | 1 x HDMI 2.0 | 
Philips 230B8QJEB/69,Philips , 230B8QJEB/69 | 230B8QJEB/00 | 230B8QJEB/27 | 230B8QJEB | ,"22.5"" ",1920 x 1200 ,75 Hz ,5 ms ,IPS ,16:10 ,Black ,250 cd/m² ,0.252 mm ,Yes ,No ,FreeSync ,Yes ,100 x 100 ,178° H x 178° V , 1 x DisplayPort 1.2 | 1 x DVI | 1 x HDMI 1.4 | 1 x VGA | 
LG 24MP56HQ,LG ,24MP56HQ ,"23.8"" ",1920 x 1080 ,60 Hz ,5 ms ,IPS ,16:9 ,,250 cd/m² ,0.274 mm ,Yes ,No ,None ,No ,75 x 75 ,178° H x 178° V , 1 x HDMI | 1 x VGA | 
Dell E2009W,Dell ,E2009W ,"20"" ",1680 x 1050 ,60 Hz ,,TN ,16:10 ,Black ,300 cd/m² ,0.256 mm ,Yes ,No ,None ,No ,100 x 100 ,170° H x 160° V , 1 x DVI-D Single Link | 1 x VGA | 
Dell E2209W,Dell ,E2209W ,"22"" ",1680 x 1050 ,60 Hz ,,TN ,16:10 ,Black ,300 cd/m² ,0.282 mm ,Yes ,No ,None ,No ,100 x 100 ,170° H x 160° V , 1 x DVI-D Single Link | 1 x VGA | 
YEYIAN Odraz,YEYIAN ,YMG-4K32-01 ,"32"" ",3840 x 2160 ,60 Hz ,4 ms ,IPS ,16:9 ,Black ,350 cd/m² ,0.184 mm ,Yes ,No ,FreeSync ,Yes ,100 x 100 ,178° H x 178° V , 1 x DisplayPort | 2 x HDMI | 
Asus VP32AQ,Asus , 90LM06T0-B01EB0 | VP32AQ | 90LM06T0-B01E70 | ,"31.5"" ",2560 x 1440 ,75 Hz ,5 ms ,IPS ,16:9 ,,350 cd/m² ,0.272 mm ,Yes ,No ,FreeSync ,Yes ,100 x 100 ,178° H x 178° V , 1 x DisplayPort 1.2 | 1 x HDMI 1.4 | 
LG 49WL95C-WY,LG ,49WL95C-WY ,"49"" ",5120 x 1440 ,60 Hz ,5 ms ,IPS ,32:9 ,Silver / White ,350 cd/m² ,0.234 mm ,Yes ,Yes ,None ,Yes ,100 x 100 ,178° H x 178° V , 1 x DisplayPort | 1 x HDMI | 1 x USB Type-C | 
HP LE1911,HP ,EM887AA#ABA ,"19"" ",1280 x 1024 ,,5 ms ,,5:4 ,,250 cd/m² ,0.294 mm ,No ,No ,None ,No ,100 x 100 ,160° H x 160° V ,1 x VGA 
Acer Nitro XV273K Pbmiipphzx,Acer ,UM.HX3AA.P02 ,"27"" ",3840 x 2160 ,144 Hz ,,IPS ,16:9 ,Black / Silver ,350 cd/m² ,0.156 mm ,Yes ,No ,FreeSync Premium ,Yes ,,178° H x 178° V , 2 x DisplayPort | 2 x HDMI | 
LG 34WK95U,LG , 34WK95U | 34WK95U-W | ,"34"" ",5120 x 2160 ,60 Hz ,5 ms ,IPS ,64:27 ,Silver ,450 cd/m² ,0.155 mm ,Yes ,No ,None ,Yes ,,178° H x 178° V , 1 x DisplayPort | 2 x HDMI | 
Acer B277 bmiprzx,Acer , B277 bmiprzx (UM.HB7AA.001) | B277 bmiprzx | UM.HB7AA.001 | ,"27"" ",1920 x 1080 ,75 Hz ,4 ms ,IPS ,16:9 ,Black ,250 cd/m² ,0.311 mm ,Yes ,No ,FreeSync ,Yes ,,178° H x 178° V , 1 x DisplayPort | 1 x HDMI | 1 x VGA | 
LG 34WL85C-B,LG ,34WL85C-B ,"34"" ",3440 x 1440 ,60 Hz ,5 ms ,IPS ,21:9 ,,300 cd/m² ,0.232 mm ,Yes ,Yes ,None ,Yes ,,178° H x 178° V , 1 x DisplayPort | 2 x HDMI | 
Samsung S40UA,Samsung , S27A400UJN | LS27A400UJNXZA | ,"27"" ",1920 x 1080 ,75 Hz ,5 ms ,IPS ,16:9 ,Black ,250 cd/m² ,0.311 mm ,Yes ,No ,FreeSync ,No ,100 x 100 ,178° H x 178° V ,1 x USB Type-C 
ViewEra V191BN2,ViewEra ,V191BN2 ,"19"" ",1280 x 1024 ,60 Hz ,5 ms ,TN ,5:4 ,Black ,250 cd/m² ,0.294 mm ,No ,No ,None ,Yes ,,170° H x 160° V , 1 x BNC | 1 x HDMI | 
Dell E2722HS,Dell , 210-BBWU | 2094W | E2722HS | ,"27"" ",1920 x 1080 ,60 Hz ,5 ms ,IPS ,16:9 ,,300 cd/m² ,0.311 mm ,Yes ,No ,None ,Yes ,100 x 100 ,178° H x 178° V , 1 x HDMI 1.2 | 1 x VGA | 
Dell P3223DE,Dell , 210-BDLQ | 2RR50 | P3223DE | ,"31.5"" ",2560 x 1440 ,60 Hz ,,IPS ,16:9 ,,350 cd/m² ,0.272 mm ,Yes ,No ,None ,No ,100 x 100 ,178° H x 178° V , 1 x DisplayPort 1.4 | 1 x HDMI | 1 x USB Type-C | 
LG 32UP550N-W,LG , 32UP550N-W | 32UP550N-W.AEU | ,"31.5"" ",3840 x 2160 ,60 Hz ,4 ms ,VA ,16:9 ,,350 cd/m² ,0.182 mm ,Yes ,No ,FreeSync ,Yes ,100 x 100 ,178° H x 178° V , 1 x DisplayPort | 2 x HDMI | 1 x USB Type-C | 
BenQ GW3290QT,BenQ ,GW3290QT ,"31.5"" ",2560 x 1440 ,75 Hz ,5 ms ,IPS ,16:9 ,White ,350 cd/m² ,0.272 mm ,Yes ,No ,None ,Yes ,100 x 100 ,178° H x 178° V , 1 x DisplayPort 1.2 | 1 x HDMI 1.4 | 1 x USB Type-C | 
LG 27BQ75QC-B,LG ,27BQ75QC-B ,"27"" ",2560 x 1440 ,75 Hz ,5 ms ,IPS ,16:9 ,Black ,350 cd/m² ,0.233 mm ,Yes ,No ,FreeSync ,Yes ,100 x 100 ,178° H x 178° V ,1 x USB Type-C 
LG 34BN770-B,LG ,34BN770-B ,"34"" ",3440 x 1440 ,60 Hz ,5 ms ,IPS ,21:9 ,Black ,300 cd/m² ,0.232 mm ,Yes ,No ,FreeSync ,Yes ,100 x 100 ,178° H x 178° V , 1 x DisplayPort 1.4 | 2 x HDMI 2.0 | 
Asus VE198T,Asus ,VE198T ,"19"" ",1440 x 900 ,,5 ms ,,16:10 ,,250 cd/m² ,0.284 mm ,Yes ,No ,None ,Yes ,100 x 100 ,170° H x 160° V , 1 x DVI | 1 x VGA | 
ViewSonic VG1932wm-LED,ViewSonic ,VG1932wm-LED ,"19"" ",1440 x 900 ,,5 ms ,,16:10 ,,250 cd/m² ,0.284 mm ,Yes ,No ,None ,Yes ,75 x 75 ,170° H x 160° V , 1 x DVI | 1 x VGA | 
Dell P2312H,Dell , 469-1622 | P2312H | ,"23"" ",1920 x 1080 ,60 Hz ,5 ms ,TN ,16:9 ,,250 cd/m² ,0.265 mm ,Yes ,No ,None ,No ,100 x 100 ,170° H x 160° V , 1 x DVI | 1 x VGA | 
Samsung S27E450D,Samsung ,S27E450D ,"27"" ",1920 x 1080 ,60 Hz ,5 ms ,TN ,16:9 ,,250 cd/m² ,0.311 mm ,Yes ,No ,None ,No ,,170° H x 160° V , 1 x DisplayPort | 1 x DVI | 1 x VGA | 
Asus ASUSPRO C422AQH,Asus , C422AQH | 90LM01H1-B013B0 | ,"21.5"" ",1920 x 1080 ,60 Hz ,5 ms ,IPS ,16:9 ,Black ,250 cd/m² ,0.248 mm ,Yes ,No ,None ,Yes ,,178° H x 178° V , 1 x DisplayPort | 1 x DVI-D Dual Link | 1 x HDMI | 1 x VGA | 
NEC EA271Q-BK-SV,NEC ,EA271Q-BK-SV ,"27"" ",2560 x 1440 ,60 Hz ,6 ms ,PLS ,16:9 ,,350 cd/m² ,0.233 mm ,Yes ,No ,None ,Yes ,,178° H x 178° V , 1 x DisplayPort | 1 x DVI-D Dual Link | 1 x HDMI | 
ViewSonic VA2756-MHD,ViewSonic ,VA2756-MHD ,"27"" ",1920 x 1080 ,60 Hz ,7 ms ,IPS ,16:9 ,Black ,250 cd/m² ,0.311 mm ,Yes ,No ,None ,Yes ,,178° H x 178° V , 1 x DisplayPort | 1 x HDMI | 1 x VGA | 
ViewSonic VG2248,ViewSonic ,VG2248 ,"21.5"" ",1920 x 1080 ,60 Hz ,7 ms ,IPS ,16:9 ,,250 cd/m² ,0.248 mm ,Yes ,No ,None ,Yes ,,178° H x 178° V , 1 x DisplayPort | 1 x HDMI | 1 x VGA | 
Acer V227Q Abmipx,Acer ,UM.WV7AA.A02 ,"21.5"" ",1920 x 1080 ,75 Hz ,4 ms ,VA ,16:9 ,Black ,250 cd/m² ,0.248 mm ,Yes ,No ,FreeSync ,Yes ,,178° H x 178° V , 1 x DisplayPort | 1 x HDMI | 1 x VGA | 
Asus VP348QGL,Asus , VP348QGL | 90LM04QI-B01170 | ,"34"" ",3440 x 1440 ,75 Hz ,4 ms ,VA ,21:9 ,Black ,350 cd/m² ,0.232 mm ,Yes ,No ,FreeSync ,Yes ,,178° H x 178° V , 1 x DisplayPort | 2 x HDMI | 
LG 24QP500-B,LG ,24QP500-B ,"24"" ",2560 x 1440 ,75 Hz ,5 ms ,IPS ,16:9 ,Black ,300 cd/m² ,0.208 mm ,Yes ,No ,FreeSync ,No ,,178° H x 178° V , 1 x DisplayPort | 2 x HDMI | 
Asus VA27EQSB,Asus , VA27EQSB | 90LM0559-B01170 | ,"27"" ",1920 x 1080 ,75 Hz ,5 ms ,IPS ,16:9 ,Black ,300 cd/m² ,0.311 mm ,Yes ,No ,FreeSync ,Yes ,,178° H x 178° V , 1 x DisplayPort 1.2 | 1 x HDMI 1.4 | 1 x VGA | 
AOC CU34G3S/BK,AOC , CU34G3S/BK | CU34G3S_BK | ,"34"" ",3440 x 1440 ,165 Hz ,4 ms ,VA ,21:9 ,Black / Red ,300 cd/m² ,0.232 mm ,Yes ,Yes ,FreeSync Premium ,Yes ,,178° H x 178° V , 1 x DisplayPort 1.4 | 2 x HDMI 2.0 | 
MSI Optix G27CQ4P,MSI ,Optix G27CQ4P ,"27"" ",2560 x 1440 ,165 Hz ,,VA ,16:9 ,Black ,250 cd/m² ,0.233 mm ,Yes ,Yes ,FreeSync Premium ,No ,,178° H x 178° V , 1 x DisplayPort 1.2 | 2 x HDMI 2.0 | 
Samsung TU874,Samsung ,LF32TU874VNXGO ,"31.5"" ",3840 x 2160 ,60 Hz ,,VA ,16:9 ,Blue ,250 cd/m² ,0.182 mm ,Yes ,No ,None ,No ,,178° H x 178° V , 1 x DisplayPort 1.2 | 1 x HDMI 2.0 | 2 x USB Type-C | 
Acer CBA242Y ABMIPRX,Acer , UM.QB2AA.A04 | CBA242Y ABMIPRX | ,"23.8"" ",1920 x 1080 ,,,VA ,16:9 ,Black ,250 cd/m² ,0.274 mm ,Yes ,No ,None ,No ,100 x 100 ,178° H x 178° V , 1 x DisplayPort 1.2 | 1 x HDMI 1.4 | 1 x VGA | 
LG 49WL95C-WE,LG ,49WL95C-WE ,"49"" ",5120 x 1440 ,60 Hz ,5 ms ,IPS ,32:9 ,,350 cd/m² ,0.234 mm ,Yes ,Yes ,None ,Yes ,100 x 100 ,178° H x 178° V , 1 x DisplayPort | 2 x HDMI | 1 x USB Type-C | 
LG 27LQ600S-W,LG ,27LQ600S-W ,"27"" ",1920 x 1080 ,75 Hz ,14 ms ,IPS ,16:9 ,,300 cd/m² ,0.311 mm ,Yes ,No ,None ,Yes ,,178° H x 178° V ,2 x HDMI 
LG 32MN500M-B,LG , 32MN500M-B | 32MN500M-B.AEU | ,"32"" ",1920 x 1080 ,60 Hz ,5 ms ,IPS ,16:9 ,,250 cd/m² ,0.369 mm ,Yes ,No ,FreeSync ,No ,100 x 100 ,178° H x 178° V ,2 x HDMI 
MSI Optix MAG342CQPV,MSI , OPTIX MAG342CQPV | MAG342CQPV | ,"34"" ",3440 x 1440 ,100 Hz ,,VA ,21:9 ,,250 cd/m² ,0.232 mm ,Yes ,Yes ,FreeSync ,No ,75 x 75 ,178° H x 178° V , 1 x DisplayPort 1.2a | 1 x HDMI 1.4 | 1 x HDMI 2.0b | 
MSI Modern MD241P,MSI , Modern MD241P | 9S6-3PA59H-001 | 9S6-3PA59H-021 | ,"23.8"" ",1920 x 1080 ,75 Hz ,,IPS ,16:9 ,,250 cd/m² ,0.274 mm ,Yes ,No ,None ,Yes ,75 x 75 ,178° H x 178° V , 1 x HDMI 1.4 | 1 x USB Type-C | 
ViewSonic VP2776,ViewSonic ,VP2776 ,"27"" ",2560 x 1440 ,165 Hz ,5 ms ,IPS ,16:9 ,,400 cd/m² ,0.233 mm ,Yes ,No ,None ,Yes ,100 x 100 ,178° H x 178° V , 1 x DisplayPort | 2 x HDMI 2.0 | 1 x USB Type-C | 
ViewSonic ELITE XG320Q,ViewSonic ,XG320Q ,"32"" ",2560 x 1440 ,175 Hz ,1 ms ,IPS ,16:9 ,,400 cd/m² ,0.277 mm ,Yes ,No ,G-Sync ,Yes ,100 x 100 ,178° H x 178° V , 1 x DisplayPort | 2 x HDMI 2.0 | 
Asus VP32UQ,Asus , 90LM06S0-B01EB0 | VP32UQ | ,"31.5"" ",3840 x 2160 ,60 Hz ,4 ms ,IPS ,16:9 ,,350 cd/m² ,0.182 mm ,Yes ,No ,FreeSync ,Yes ,100 x 100 ,178° H x 178° V , 1 x DisplayPort 1.2 | 1 x HDMI 2.0 | 
LG 27EA430V-B,LG ,27EA430V-B ,"27"" ",1920 x 1080 ,75 Hz ,5 ms ,IPS ,16:9 ,Black ,250 cd/m² ,0.311 mm ,Yes ,No ,FreeSync ,No ,,178° H x 178° V , 1 x DVI | 1 x HDMI | 1 x VGA | 
Dell E2417H,Dell ,E2417H ,"23.8"" ",1920 x 1080 ,60 Hz ,8 ms ,IPS ,16:9 ,Black ,250 cd/m² ,0.274 mm ,Yes ,No ,None ,No ,100 x 100 ,178° H x 178° V , 1 x DisplayPort 1.2 | 1 x VGA | 
Samsung Odyssey Neo G75NB,Samsung ,LS32BG750NUXXU ,"32"" ",3840 x 2160 ,165 Hz ,1 ms ,VA Mini LED ,16:9 ,Black ,1000 cd/m² ,0.184 mm ,Yes ,Yes ,FreeSync Premium Pro ,No ,100 x 100 ,178° H x 178° V , 1 x DisplayPort 1.4 | 2 x HDMI 2.1 | 
BenQ GW2475H,BenQ ,GW2475H ,"23.8"" ",1920 x 1080 ,60 Hz ,5 ms ,IPS ,16:9 ,Black ,250 cd/m² ,0.274 mm ,Yes ,No ,None ,No ,100 x 100 ,178° H x 178° V , 2 x HDMI 1.4 | 1 x VGA | 
Samsung T45F,Samsung , F24T450FZN | LF24T450FZNXGO | ,"24"" ",1920 x 1080 ,,5 ms ,IPS ,16:9 ,Black ,250 cd/m² ,0.277 mm ,Yes ,No ,FreeSync ,Yes ,100 x 100 ,178° H x 178° V , 1 x DisplayPort 1.2 | 2 x HDMI 1.4 | 
Acer BE270U,Acer ,UM.HB0AA.A03 ,"27"" ",2560 x 1440 ,75 Hz ,6 ms ,IPS ,16:9 ,Black ,350 cd/m² ,0.233 mm ,Yes ,No ,None ,Yes ,100 x 100 ,178° H x 178° V , 1 x DisplayPort | 1 x HDMI | 1 x USB Type-C | 
AOC 2036S,AOC ,2036S ,"20"" ",1600 x 900 ,,5 ms ,,16:9 ,,250 cd/m² ,0.277 mm ,Yes ,No ,None ,No ,,160° H x 160° V ,1 x VGA 
AOC 2036Sa,AOC ,2036Sa ,"20"" ",1600 x 900 ,,5 ms ,,16:9 ,,250 cd/m² ,0.277 mm ,Yes ,No ,None ,Yes ,,160° H x 160° V ,1 x VGA 
Asus ML239H,Asus ,ML239H ,"23"" ",1920 x 1080 ,,5 ms ,IPS ,16:9 ,,250 cd/m² ,0.265 mm ,Yes ,No ,None ,No ,,178° H x 178° V , 1 x DVI | 1 x HDMI | 1 x VGA | 
AOC 2770VH1,AOC ,2770VH1 ,"27"" ",1920 x 1080 ,,2 ms ,,16:9 ,,300 cd/m² ,0.311 mm ,Yes ,No ,None ,No ,100 x 100 ,, 1 x DVI | 1 x HDMI | 1 x VGA | 
AOC 2436V,AOC ,2436V ,"24"" ",1920 x 1080 ,,5 ms ,,16:9 ,,200 cd/m² ,0.277 mm ,Yes ,No ,None ,No ,100 x 100 ,, 1 x DVI | 1 x VGA | 
AOC 919Vwa,AOC ,919Vwa ,"19"" ",1440 x 900 ,,5 ms ,,16:10 ,,300 cd/m² ,0.284 mm ,Yes ,No ,None ,Yes ,100 x 100 ,170° H x 160° V , 1 x DVI | 1 x VGA | 
AOC F19s,AOC ,F19s ,"18.5"" ",1366 x 768 ,,5 ms ,,16:9 ,,250 cd/m² ,0.3 mm ,Yes ,No ,None ,No ,100 x 100 ,170° H x 160° V ,1 x VGA 
AOC E2243FW,AOC ,E2243FW ,"21.5"" ",1920 x 1080 ,,5 ms ,,16:9 ,,250 cd/m² ,0.248 mm ,Yes ,No ,None ,No ,100 x 100 ,170° H x 160° V , 1 x DVI | 1 x VGA | 
AOC e2343F,AOC ,E2343F ,"23"" ",1920 x 1080 ,,5 ms ,TN ,16:9 ,,250 cd/m² ,0.265 mm ,Yes ,No ,None ,No ,100 x 100 ,, 1 x DVI | 1 x VGA | 
AOC E2343FK,AOC ,E2343FK ,"23"" ",1920 x 1080 ,,5 ms ,TN ,16:9 ,,250 cd/m² ,0.265 mm ,Yes ,No ,None ,No ,100 x 100 ,, 1 x DVI | 1 x VGA | 
AOC E2043F,AOC ,E2043F ,"20"" ",1600 x 900 ,,5 ms ,,16:9 ,,250 cd/m² ,0.277 mm ,Yes ,No ,None ,No ,100 x 100 ,, 1 x DVI | 1 x VGA | 
AOC e2043Fk,AOC ,e2043Fk ,"20"" ",1600 x 900 ,,5 ms ,,16:9 ,,250 cd/m² ,0.277 mm ,Yes ,No ,None ,No ,100 x 100 ,, 1 x DVI | 1 x VGA | 
AOC F22,AOC ,F22 ,"22"" ",1920 x 1080 ,,5 ms ,,16:9 ,,300 cd/m² ,0.254 mm ,Yes ,No ,None ,No ,100 x 100 ,170° H x 160° V , 1 x DVI | 1 x VGA | 
Eizo S2100-BK,Eizo ,S2100-BK ,"21.3"" ",1600 x 1200 ,,8 ms ,,4:3 ,,300 cd/m² ,0.271 mm ,No ,No ,None ,No ,100 x 100 ,178° H x 178° V , 1 x DVI | 1 x VGA | 
ViewSonic VA2223wm,ViewSonic ,VA2223wm ,"21.5"" ",1920 x 1080 ,,5 ms ,,16:9 ,,300 cd/m² ,0.248 mm ,Yes ,No ,None ,Yes ,100 x 100 ,160° H x 160° V , 1 x DVI | 1 x VGA | 
ViewSonic VG732M,ViewSonic ,VG732M ,"17"" ",1280 x 1024 ,,5 ms ,,5:4 ,,250 cd/m² ,0.263 mm ,No ,No ,None ,Yes ,100 x 100 ,160° H x 160° V , 1 x DVI | 1 x VGA | 
ViewSonic VG2428WM,ViewSonic ,VG2428WM ,"24"" ",1920 x 1080 ,,5 ms ,,16:9 ,,300 cd/m² ,0.277 mm ,Yes ,No ,None ,Yes ,100 x 100 ,170° H x 160° V , 1 x DVI | 1 x VGA | 
ViewSonic VA705b,ViewSonic ,VA705b ,"17"" ",1280 x 1024 ,,5 ms ,,5:4 ,,250 cd/m² ,0.263 mm ,No ,No ,None ,No ,,160° H x 160° V ,1 x VGA 
ViewSonic VA2248m-LED,ViewSonic ,VA2248m-LED ,"22"" ",1920 x 1080 ,,5 ms ,,16:9 ,,250 cd/m² ,0.254 mm ,Yes ,No ,None ,Yes ,100 x 100 ,170° H x 160° V , 1 x DVI | 1 x VGA | 
ViewSonic VX2250wm-LED,ViewSonic ,VX2250wm-LED ,"21.5"" ",1920 x 1080 ,,5 ms ,,16:9 ,,250 cd/m² ,0.248 mm ,Yes ,No ,None ,Yes ,100 x 100 ,170° H x 160° V , 1 x DVI | 1 x VGA | 
ViewSonic VX2253mh-LED,ViewSonic ,VX2253mh-LED ,"22"" ",1920 x 1080 ,,5 ms ,,16:9 ,,300 cd/m² ,0.254 mm ,Yes ,No ,None ,Yes ,,170° H x 160° V , 1 x HDMI | 1 x VGA | 
ViewSonic VG2228WM,ViewSonic ,VG2228WM ,"22"" ",1920 x 1080 ,,5 ms ,,16:9 ,,300 cd/m² ,0.254 mm ,Yes ,No ,None ,Yes ,100 x 100 ,170° H x 160° V , 1 x DVI | 1 x VGA | 
ViewSonic VA2448m-LED,ViewSonic ,VA2448m-LED ,"24"" ",1920 x 1080 ,,5 ms ,,16:9 ,,300 cd/m² ,0.277 mm ,Yes ,No ,None ,Yes ,100 x 100 ,170° H x 160° V , 1 x DVI | 1 x VGA | 
ViewSonic VA1931WA-LED,ViewSonic ,VA1931WA-LED ,"19"" ",1366 x 768 ,,5 ms ,,16:9 ,,250 cd/m² ,0.308 mm ,Yes ,No ,None ,No ,100 x 100 ,170° H x 160° V ,1 x VGA 
ViewSonic VX2453mh-LED,ViewSonic ,VX2453mh-LED ,"24"" ",1920 x 1080 ,,2 ms ,,16:9 ,,250 cd/m² ,0.277 mm ,Yes ,No ,None ,Yes ,,170° H x 160° V , 1 x HDMI | 1 x VGA | 
ViewSonic VA926g,ViewSonic ,VA926G ,"19"" ",1280 x 1024 ,,5 ms ,,5:4 ,,250 cd/m² ,0.294 mm ,No ,No ,None ,No ,100 x 100 ,170° H x 160° V , 1 x DVI | 1 x VGA | 
ViewSonic VA1948m-LED,ViewSonic ,VA1948m-LED ,"19"" ",1440 x 900 ,,5 ms ,,16:10 ,,250 cd/m² ,0.284 mm ,Yes ,No ,None ,Yes ,100 x 100 ,170° H x 160° V , 1 x DVI | 1 x VGA | 
ViewSonic VG2436wm-LED,ViewSonic ,VG2436WM-LED ,"24"" ",1920 x 1080 ,,5 ms ,,16:9 ,,300 cd/m² ,0.277 mm ,Yes ,No ,None ,Yes ,100 x 100 ,, 1 x DVI | 1 x VGA | 
ViewSonic VA2033-LED,ViewSonic ,VA2033-LED ,"20"" ",1600 x 900 ,,5 ms ,,16:9 ,,250 cd/m² ,0.277 mm ,Yes ,No ,None ,No ,100 x 100 ,170° H x 160° V , 1 x DVI | 1 x VGA | 
ViewSonic VG2236wm-LED,ViewSonic ,VG2236WM-LED ,"22"" ",1920 x 1080 ,,5 ms ,,16:9 ,,250 cd/m² ,0.254 mm ,Yes ,No ,None ,Yes ,100 x 100 ,170° H x 160° V , 1 x DVI | 1 x VGA | 
ViewSonic VX2753mh-LED,ViewSonic ,VX2753mh-LED ,"27"" ",1920 x 1080 ,,1 ms ,,16:9 ,,300 cd/m² ,0.311 mm ,Yes ,No ,None ,Yes ,,170° H x 160° V , 2 x HDMI | 1 x VGA | 
ViewSonic VA2702w,ViewSonic ,VA2702w ,"27"" ",1920 x 1080 ,,3 ms ,,16:9 ,,300 cd/m² ,0.311 mm ,Yes ,No ,None ,No ,100 x 100 ,170° H x 160° V , 1 x DVI | 1 x VGA | 
ViewSonic VA2333-LED,ViewSonic ,VA2333-LED ,"23"" ",1920 x 1080 ,,5 ms ,,16:9 ,,250 cd/m² ,0.265 mm ,Yes ,No ,None ,No ,100 x 100 ,170° H x 160° V , 1 x DVI | 1 x VGA | 
ViewSonic VX2268WM,ViewSonic ,VX2268WM ,"22"" ",1680 x 1050 ,120 Hz ,,,16:10 ,,300 cd/m² ,0.282 mm ,Yes ,No ,None ,Yes ,100 x 100 ,170° H x 160° V , 1 x DVI | 1 x VGA | 
ViewSonic VA1932WM,ViewSonic ,VA1932WM ,"19"" ",1440 x 900 ,,5 ms ,,16:10 ,,300 cd/m² ,0.284 mm ,Yes ,No ,None ,No ,100 x 100 ,, 1 x DVI | 1 x VGA | 
ViewSonic VA2231WM,ViewSonic ,VA2231wm ,"21.5"" ",1920 x 1080 ,,5 ms ,,16:9 ,,300 cd/m² ,0.248 mm ,Yes ,No ,None ,Yes ,100 x 100 ,170° H x 160° V , 1 x DVI | 1 x VGA | 
ViewSonic VA2232WM,ViewSonic ,VA2232WM ,"22"" ",1680 x 1050 ,,5 ms ,,16:10 ,,300 cd/m² ,0.282 mm ,Yes ,No ,None ,Yes ,100 x 100 ,170° H x 160° V , 1 x DVI | 1 x VGA | 
ViewSonic VA1931WA,ViewSonic ,VA1931WA ,"19"" ",1366 x 768 ,,5 ms ,,16:9 ,,250 cd/m² ,0.308 mm ,Yes ,No ,None ,No ,100 x 100 ,170° H x 160° V ,1 x VGA 
Samsung S23A550H,Samsung ,S23A550H ,"23"" ",1920 x 1080 ,,2 ms ,,16:9 ,,250 cd/m² ,0.265 mm ,Yes ,No ,None ,No ,,170° H x 160° V , 1 x HDMI | 1 x VGA | 
Samsung B1940ER,Samsung ,B1940ER ,"19"" ",1280 x 1024 ,,5 ms ,,5:4 ,,250 cd/m² ,0.294 mm ,No ,No ,None ,No ,75 x 75 ,170° H x 160° V , 1 x DVI | 1 x VGA | 
Samsung MD230,Samsung ,MD230 ,"23"" ",1920 x 1080 ,,8 ms ,,16:9 ,,300 cd/m² ,0.265 mm ,Yes ,No ,None ,No ,100 x 100 ,178° H x 178° V , 1 x DisplayPort | 1 x DVI | 1 x VGA | 
Samsung S20A350B,Samsung ,S20A350B ,"20"" ",1600 x 900 ,,5 ms ,,16:9 ,,250 cd/m² ,0.277 mm ,Yes ,No ,None ,No ,,170° H x 160° V , 1 x DVI | 1 x VGA | 
Samsung S22A350H,Samsung ,S22A350H ,"21.5"" ",1920 x 1080 ,,2 ms ,,16:9 ,,250 cd/m² ,0.248 mm ,Yes ,No ,None ,No ,,170° H x 160° V , 1 x HDMI | 1 x VGA | 
Samsung 2443BWT-TAA-1,Samsung ,2443BWT-TAA-1 ,"24"" ",1920 x 1200 ,,5 ms ,,16:10 ,,300 cd/m² ,0.269 mm ,Yes ,No ,None ,No ,,, 1 x DVI | 1 x VGA | 
Samsung S23A350H,Samsung ,S23A350H ,"23"" ",1920 x 1080 ,,2 ms ,,16:9 ,,250 cd/m² ,0.265 mm ,Yes ,No ,None ,No ,,170° H x 160° V , 1 x HDMI | 1 x VGA | 
Samsung B1940W,Samsung ,B1940W ,"19"" ",1440 x 900 ,,5 ms ,,16:10 ,,300 cd/m² ,0.284 mm ,Yes ,No ,None ,No ,75 x 75 ,170° H x 160° V , 1 x DVI | 1 x VGA | 
Samsung S27A350H,Samsung ,S27A350H ,"27"" ",1920 x 1080 ,,2 ms ,,16:9 ,,300 cd/m² ,0.311 mm ,Yes ,No ,None ,No ,,170° H x 160° V , 1 x HDMI | 1 x VGA | 
Samsung S27A950D,Samsung ,S27A950D ,"27"" ",1920 x 1080 ,120 Hz ,2 ms ,,16:9 ,,300 cd/m² ,0.311 mm ,Yes ,No ,None ,No ,,170° H x 160° V , 1 x DisplayPort | 1 x HDMI | 
Samsung 2333T,Samsung ,2333T ,"23"" ",1920 x 1080 ,,8 ms ,,16:9 ,,300 cd/m² ,0.265 mm ,Yes ,No ,None ,No ,100 x 100 ,178° H x 178° V , 1 x DVI | 1 x VGA | 
Samsung B2240W,Samsung ,B2240W ,"22"" ",1680 x 1050 ,,5 ms ,,16:10 ,,300 cd/m² ,0.282 mm ,Yes ,No ,None ,No ,75 x 75 ,, 1 x DVI | 1 x VGA | 
Samsung S27A550H,Samsung ,S27A550H ,"27"" ",1920 x 1080 ,,2 ms ,,16:9 ,,300 cd/m² ,0.311 mm ,Yes ,No ,None ,No ,,170° H x 160° V , 1 x HDMI | 1 x VGA | 
Samsung B2240MW,Samsung ,B2240MW ,"22"" ",1680 x 1050 ,,5 ms ,,16:10 ,,300 cd/m² ,0.282 mm ,Yes ,No ,None ,Yes ,75 x 75 ,170° H x 160° V , 1 x DVI | 1 x VGA | 
Samsung S24A300B,Samsung ,S24A300B ,"24"" ",1920 x 1080 ,,5 ms ,,16:9 ,,250 cd/m² ,0.277 mm ,Yes ,No ,None ,No ,,170° H x 160° V , 1 x DVI | 1 x VGA | 
Samsung FX2490HD,Samsung ,FX2490HD ,"24"" ",1920 x 1080 ,,5 ms ,,16:9 ,,250 cd/m² ,0.277 mm ,Yes ,No ,None ,Yes ,,170° H x 160° V , 1 x Component | 1 x HDMI | 1 x S-Video | 1 x VGA | 
Samsung S23A300B,Samsung ,S23A300B ,"23"" ",1920 x 1080 ,,5 ms ,,16:9 ,,250 cd/m² ,0.265 mm ,Yes ,No ,None ,No ,100 x 100 ,170° H x 160° V , 1 x DVI | 1 x VGA | 
Samsung BX2331,Samsung ,BX2331 ,"23"" ",1920 x 1080 ,,2 ms ,,16:9 ,,250 cd/m² ,0.265 mm ,Yes ,No ,None ,No ,,170° H x 160° V , 2 x HDMI | 1 x VGA | 
Samsung S20A300B,Samsung ,S20A300B ,"20"" ",1600 x 900 ,,5 ms ,,16:9 ,,250 cd/m² ,0.277 mm ,Yes ,No ,None ,No ,,170° H x 160° V , 1 x DVI | 1 x VGA | 
Samsung B1740R,Samsung ,B1740R ,"17"" ",1280 x 1024 ,,5 ms ,,5:4 ,,250 cd/m² ,0.263 mm ,No ,No ,None ,No ,75 x 75 ,170° H x 160° V , 1 x DVI | 1 x VGA | 
Samsung T27A950,Samsung ,T27A950 ,"27"" ",1920 x 1080 ,120 Hz ,5 ms ,,16:9 ,,300 cd/m² ,0.311 mm ,Yes ,No ,None ,Yes ,,170° H x 160° V , 1 x Component | 2 x HDMI | 1 x S-Video | 
Samsung P2770FH,Samsung ,P2770FH ,"27"" ",1920 x 1080 ,,1 ms ,,16:9 ,,300 cd/m² ,0.311 mm ,Yes ,No ,None ,No ,,170° H x 160° V , 1 x DVI | 1 x HDMI | 
Samsung T23A950,Samsung ,T23A950 ,"23"" ",1920 x 1080 ,120 Hz ,5 ms ,,16:9 ,,250 cd/m² ,0.265 mm ,Yes ,No ,None ,Yes ,,170° H x 160° V , 1 x Component | 2 x HDMI | 1 x S-Video | 
Samsung B2330HD,Samsung ,B2330HD ,"23"" ",1920 x 1080 ,,5 ms ,,16:9 ,,300 cd/m² ,0.265 mm ,Yes ,No ,None ,Yes ,,170° H x 160° V , 1 x Component | 1 x HDMI | 1 x VGA | 
Samsung B2230HD,Samsung ,B2230HD ,"22"" ",1920 x 1080 ,,5 ms ,,16:9 ,,300 cd/m² ,0.254 mm ,Yes ,No ,None ,Yes ,,170° H x 160° V , 1 x Component | 1 x HDMI | 1 x VGA | 
Samsung T23A750,Samsung ,T23A750 ,"23"" ",1920 x 1080 ,,5 ms ,,16:9 ,,250 cd/m² ,0.265 mm ,Yes ,No ,None ,Yes ,,170° H x 160° V , 1 x Component | 2 x HDMI | 1 x S-Video | 
Samsung C27A750X,Samsung ,C27A750X ,"27"" ",1920 x 1080 ,,2 ms ,,16:9 ,,250 cd/m² ,0.311 mm ,Yes ,No ,None ,No ,,170° H x 160° V , 1 x HDMI | 1 x VGA | 
Samsung T22A350,Samsung ,T22A350 ,"21.5"" ",1920 x 1080 ,,5 ms ,,16:9 ,,250 cd/m² ,0.248 mm ,Yes ,No ,None ,Yes ,,170° H x 160° V , 1 x Component | 2 x HDMI | 1 x S-Video | 1 x VGA | 
Dell E2210,Dell ,468-7415 ,"22"" ",1680 x 1050 ,,5 ms ,TN ,16:10 ,,250 cd/m² ,0.282 mm ,Yes ,No ,None ,No ,100 x 100 ,170° H x 160° V , 1 x DVI | 1 x VGA | 
Dell P1911,Dell ,469-0052 ,"19"" ",1440 x 900 ,,5 ms ,,16:10 ,,250 cd/m² ,0.284 mm ,Yes ,No ,None ,No ,100 x 100 ,160° H x 160° V , 1 x DVI | 1 x VGA | 
Dell U2211H,Dell ,468-7485 ,"21.5"" ",1920 x 1080 ,,8 ms ,IPS ,16:9 ,,250 cd/m² ,0.248 mm ,Yes ,No ,None ,No ,,178° H x 178° V , 1 x DisplayPort | 1 x DVI | 1 x VGA | 
Dell U2711,Dell , 469-0054 | U2711 | ,"27"" ",2560 x 1440 ,60 Hz ,6 ms ,IPS ,16:9 ,,350 cd/m² ,0.233 mm ,Yes ,No ,None ,No ,100 x 100 ,178° H x 178° V , 1 x Component | 1 x DisplayPort | 2 x DVI | 1 x HDMI | 1 x S-Video | 1 x VGA | 
Dell U3011,Dell , 468-8513 | U3011 | ,"30"" ",2560 x 1600 ,60 Hz ,7 ms ,IPS ,16:10 ,,370 cd/m² ,0.252 mm ,Yes ,No ,None ,No ,100 x 100 ,178° H x 178° V , 1 x Component | 1 x DisplayPort | 1 x DVI | 2 x HDMI | 1 x VGA | 
V7 D1912-N6,V7 ,D1912-N6 ,"19"" ",1280 x 1024 ,,5 ms ,,5:4 ,,300 cd/m² ,0.294 mm ,No ,No ,None ,Yes ,100 x 100 ,160° H x 160° V , 1 x DVI | 1 x VGA | 
V7 D1912B-N6,V7 ,D1912B-N6 ,"19"" ",1280 x 1024 ,,5 ms ,,5:4 ,,250 cd/m² ,0.294 mm ,No ,No ,None ,Yes ,100 x 100 ,160° H x 160° V , 1 x DVI | 1 x VGA | 
V7 D22W12-N6,V7 ,D22W12-N6 ,"22"" ",1680 x 1050 ,,5 ms ,,16:10 ,,300 cd/m² ,0.282 mm ,Yes ,No ,None ,Yes ,100 x 100 ,170° H x 160° V , 1 x DVI | 1 x VGA | 
V7 D1711B-N6,V7 ,D1711B-N6 ,"17"" ",1280 x 1024 ,,5 ms ,,5:4 ,,250 cd/m² ,0.263 mm ,No ,No ,None ,Yes ,100 x 100 ,160° H x 160° V ,1 x VGA 
Acer S212HLbd,Acer ,ET.WS2HP.001 ,"21.5"" ",1920 x 1080 ,,5 ms ,TN ,16:9 ,,250 cd/m² ,0.248 mm ,Yes ,No ,None ,No ,,170° H x 160° V , 1 x DVI | 1 x VGA | 
Acer V243HAJbd,Acer ,ET.FV3HP.A02 ,"24"" ",1920 x 1080 ,,2 ms ,,16:9 ,,300 cd/m² ,0.277 mm ,Yes ,No ,None ,No ,100 x 100 ,170° H x 160° V , 1 x DVI | 1 x VGA | 
Acer B193DJbmdh,Acer ,ET.CB3RP.D02 ,"19"" ",1280 x 1024 ,,5 ms ,,5:4 ,,250 cd/m² ,0.294 mm ,No ,No ,None ,Yes ,100 x 100 ,160° H x 160° V , 1 x DVI | 1 x VGA | 
Acer V233HAJbmd,Acer ,ET.VV3HP.A02 ,"23"" ",1920 x 1080 ,,5 ms ,,16:9 ,,300 cd/m² ,0.265 mm ,Yes ,No ,None ,Yes ,100 x 100 ,160° H x 160° V , 1 x DVI | 1 x VGA | 
Acer B193WGJbmdh,Acer ,ET.CB3WP.G01 ,"19"" ",1440 x 900 ,,5 ms ,,16:10 ,,250 cd/m² ,0.284 mm ,Yes ,No ,None ,Yes ,100 x 100 ,160° H x 160° V , 1 x DVI | 1 x VGA | 
Acer V233HAJbd,Acer ,ET.VV3HP.A01 ,"23"" ",1920 x 1080 ,,5 ms ,,16:9 ,,300 cd/m² ,0.265 mm ,Yes ,No ,None ,No ,100 x 100 ,160° H x 160° V , 1 x DVI | 1 x VGA | 
Acer S231HLbid,Acer ,ET.VS1HP.001 ,"23"" ",1920 x 1080 ,,5 ms ,,16:9 ,,250 cd/m² ,0.265 mm ,Yes ,No ,None ,No ,,170° H x 160° V , 1 x DVI | 1 x HDMI | 1 x VGA | 
Acer V223WEJbmd,Acer ,ET.EV3WP.E04 ,"22"" ",1680 x 1050 ,,5 ms ,,16:10 ,,250 cd/m² ,0.282 mm ,Yes ,No ,None ,Yes ,100 x 100 ,170° H x 160° V , 1 x DVI | 1 x VGA | 
Acer S273HL bmii,Acer ,ET.HS3HP.001 ,"27"" ",1920 x 1080 ,,2 ms ,TN ,16:9 ,,300 cd/m² ,0.311 mm ,Yes ,No ,None ,Yes ,,170° H x 160° V , 2 x HDMI | 1 x VGA | 
Acer V223WEJbd,Acer ,ET.EV3WP.E03 ,"22"" ",1680 x 1050 ,,5 ms ,,16:10 ,,250 cd/m² ,0.282 mm ,Yes ,No ,None ,No ,100 x 100 ,170° H x 160° V , 1 x DVI | 1 x VGA | 
Acer S201HLbd,Acer ,ET.DS1HP.001 ,"20"" ",1600 x 900 ,60 Hz ,5 ms ,,16:9 ,,250 cd/m² ,0.277 mm ,Yes ,No ,None ,No ,100 x 100 ,170° H x 160° V , 1 x DVI | 1 x VGA | 
Acer V213HBJbd,Acer ,ET.WV3HP.B03 ,"21.5"" ",1920 x 1080 ,,5 ms ,,16:9 ,,300 cd/m² ,0.248 mm ,Yes ,No ,None ,No ,100 x 100 ,160° H x 160° V , 1 x DVI | 1 x VGA | 
Acer V193WEJbd,Acer ,ET.CV3WP.E04 ,"19"" ",1440 x 900 ,,5 ms ,,16:10 ,,250 cd/m² ,0.284 mm ,Yes ,No ,None ,No ,100 x 100 ,160° H x 160° V , 1 x DVI | 1 x VGA | 
Acer G185HAb,Acer ,ET.XG5HP.A01 ,"18.5"" ",1366 x 768 ,,5 ms ,,16:9 ,,250 cd/m² ,0.3 mm ,Yes ,No ,None ,No ,100 x 100 ,160° H x 160° V ,1 x VGA 
Acer V193WEJbm,Acer ,ET.CV3WP.E06 ,"19"" ",1440 x 900 ,,5 ms ,,16:10 ,,250 cd/m² ,0.284 mm ,Yes ,No ,None ,Yes ,100 x 100 ,160° H x 160° V ,1 x VGA 
Acer G195WAb,Acer ,ET.CG5WP.A01 ,"19"" ",1440 x 900 ,,5 ms ,TN ,16:10 ,,250 cd/m² ,0.284 mm ,Yes ,No ,None ,No ,,160° H x 160° V ,1 x VGA 
Acer V193DJbm,Acer ,ET.CV3RP.D04 ,"19"" ",1280 x 1024 ,,5 ms ,,5:4 ,,250 cd/m² ,0.294 mm ,No ,No ,None ,Yes ,100 x 100 ,160° H x 160° V ,1 x VGA 
Acer V193DJb,Acer ,ET.CV3RP.D03 ,"19"" ",1280 x 1024 ,,5 ms ,,5:4 ,,250 cd/m² ,0.294 mm ,No ,No ,None ,No ,100 x 100 ,160° H x 160° V ,1 x VGA 
Acer G245HBbd,Acer ,ET.FG5HP.B02 ,"24"" ",1920 x 1080 ,,5 ms ,TN ,16:9 ,,300 cd/m² ,0.277 mm ,Yes ,No ,None ,No ,,170° H x 160° V , 1 x DVI | 1 x VGA | 
Acer V173DJbm,Acer ,ET.BV3RP.D04 ,"17"" ",1280 x 1024 ,,5 ms ,,5:4 ,,250 cd/m² ,0.263 mm ,No ,No ,None ,Yes ,100 x 100 ,160° H x 160° V ,1 x VGA 
Acer P215HBbd,Acer ,ET.WP5HP.B02 ,"21.5"" ",1920 x 1080 ,,5 ms ,TN ,16:9 ,,300 cd/m² ,0.248 mm ,Yes ,No ,None ,No ,100 x 100 ,160° H x 160° V , 1 x DVI | 1 x VGA | 
Acer V173DJbd,Acer ,ET.BV3RP.D05 ,"17"" ",1280 x 1024 ,,5 ms ,,5:4 ,,250 cd/m² ,0.263 mm ,No ,No ,None ,No ,100 x 100 ,160° H x 160° V , 1 x DVI | 1 x VGA | 
Acer HS244HQbmii,Acer ,ET.UH4HP.001 ,"23.6"" ",1920 x 1080 ,120 Hz ,2 ms ,TN ,16:9 ,,300 cd/m² ,0.272 mm ,Yes ,No ,None ,Yes ,,170° H x 160° V , 1 x DVI | 2 x HDMI | 1 x VGA | 
Acer H274HLBMID,Acer ,ET.HH4HP.003 ,"27"" ",1920 x 1080 ,,5 ms ,TN ,16:9 ,,300 cd/m² ,0.311 mm ,Yes ,No ,None ,Yes ,,170° H x 160° V , 1 x DVI | 1 x HDMI | 1 x VGA | 
Acer G245HQAbd,Acer ,ET.UG5HP.A01 ,"23.6"" ",1920 x 1080 ,,5 ms ,TN ,16:9 ,,300 cd/m² ,0.272 mm ,Yes ,No ,None ,No ,,170° H x 160° V , 1 x DVI | 1 x VGA | 
Acer S243HLbmii,Acer ,ET.FS3LP.001 ,"24"" ",1920 x 1080 ,,2 ms ,TN ,16:9 ,,250 cd/m² ,0.277 mm ,Yes ,No ,None ,Yes ,,170° H x 160° V , 2 x HDMI | 1 x VGA | 
Acer G215HVAbd,Acer ,ET.WG5HP.A07 ,"21.5"" ",1920 x 1080 ,,5 ms ,TN ,16:9 ,,200 cd/m² ,0.248 mm ,Yes ,No ,None ,No ,100 x 100 ,, 1 x DVI | 1 x VGA | 
Acer B243HLbmdrz,Acer ,ET.FB3LP.002 ,"24"" ",1920 x 1080 ,,5 ms ,,16:9 ,,250 cd/m² ,0.277 mm ,Yes ,No ,None ,Yes ,100 x 100 ,170° H x 160° V , 1 x DVI | 1 x VGA | 
Asus VH197D,Asus ,VH197D ,"18.5"" ",1366 x 768 ,60 Hz ,5 ms ,,16:9 ,,250 cd/m² ,0.3 mm ,Yes ,No ,None ,No ,100 x 100 ,170° H x 160° V ,1 x VGA 
Asus VW248TLB,Asus ,VW248TLB ,"24"" ",1920 x 1080 ,,5 ms ,,16:9 ,,250 cd/m² ,0.277 mm ,Yes ,No ,None ,Yes ,100 x 100 ,170° H x 160° V , 1 x DVI | 1 x VGA | 
Asus VW224U,Asus ,VW224U ,"22"" ",1680 x 1050 ,,2 ms ,,16:10 ,,300 cd/m² ,0.282 mm ,Yes ,No ,None ,Yes ,100 x 100 ,170° H x 160° V , 1 x DVI | 1 x VGA | 
Asus VK246H,Asus ,VK246H ,"24"" ",1920 x 1080 ,,2 ms ,,16:9 ,,300 cd/m² ,0.277 mm ,Yes ,No ,None ,Yes ,100 x 100 ,170° H x 160° V , 1 x DVI | 1 x HDMI | 1 x VGA | 
Asus VH226H,Asus ,VH226H ,"21.5"" ",1920 x 1080 ,,2 ms ,,16:9 ,,300 cd/m² ,0.248 mm ,Yes ,No ,None ,Yes ,,170° H x 160° V , 1 x DVI | 1 x HDMI | 1 x VGA | 
Asus VB171T,Asus ,VB171T ,"17"" ",1280 x 1024 ,,5 ms ,,5:4 ,,300 cd/m² ,0.263 mm ,No ,No ,None ,Yes ,100 x 100 ,160° H x 160° V , 1 x DVI | 1 x VGA | 
Asus VW228TLB,Asus ,VW228TLB ,"21.5"" ",1920 x 1080 ,,5 ms ,,16:9 ,,250 cd/m² ,0.248 mm ,Yes ,No ,None ,Yes ,100 x 100 ,170° H x 160° V , 1 x DVI | 1 x VGA | 
Asus VW193TR,Asus ,VW193TR ,"19"" ",1440 x 900 ,,5 ms ,,16:10 ,,300 cd/m² ,0.284 mm ,Yes ,No ,None ,Yes ,100 x 100 ,170° H x 160° V , 1 x DVI | 1 x VGA | 
Asus VH202T-P,Asus ,VH202T-P ,"20"" ",1600 x 900 ,,5 ms ,,16:9 ,,300 cd/m² ,0.277 mm ,Yes ,No ,None ,Yes ,100 x 100 ,160° H x 160° V , 1 x DVI | 1 x VGA | 
Asus VH192D,Asus ,VH192D ,"18.5"" ",1366 x 768 ,,5 ms ,,16:9 ,,250 cd/m² ,0.3 mm ,Yes ,No ,None ,No ,100 x 100 ,170° H x 160° V ,1 x VGA 
Asus PA246Q,Asus ,PA246Q ,"24.1"" ",1920 x 1200 ,,6 ms ,IPS ,16:10 ,,400 cd/m² ,0.27 mm ,Yes ,No ,None ,No ,100 x 100 ,178° H x 178° V , 1 x DisplayPort | 1 x DVI | 1 x HDMI | 1 x VGA | 
Asus VE228H,Asus ,VE228H ,"21.5"" ",1920 x 1080 ,,5 ms ,,16:9 ,,250 cd/m² ,0.248 mm ,Yes ,No ,None ,Yes ,100 x 100 ,170° H x 160° V , 1 x DVI | 1 x HDMI | 1 x VGA | 
Asus ML249H,Asus ,ML249H ,"24"" ",1920 x 1080 ,,8 ms ,,16:9 ,,250 cd/m² ,0.277 mm ,Yes ,No ,None ,No ,,178° H x 178° V , 1 x DVI | 1 x HDMI | 1 x VGA | 
Asus ML228H,Asus ,ML228H ,"21.5"" ",1920 x 1080 ,,2 ms ,,16:9 ,,250 cd/m² ,0.248 mm ,Yes ,No ,None ,No ,,, 1 x DVI | 1 x HDMI | 1 x VGA | 
Asus VH196T-P,Asus ,VH196T-P ,"19"" ",1440 x 900 ,,5 ms ,,16:10 ,,300 cd/m² ,0.284 mm ,Yes ,No ,None ,Yes ,100 x 100 ,160° H x 160° V , 1 x DVI | 1 x VGA | 
Asus VW196T-P,Asus ,VW196T-P ,"19"" ",1440 x 900 ,,5 ms ,,16:10 ,,250 cd/m² ,0.284 mm ,Yes ,No ,None ,Yes ,100 x 100 ,170° H x 160° V , 1 x DVI | 1 x VGA | 
Asus ML248H,Asus ,ML248H ,"24"" ",1920 x 1080 ,,2 ms ,,16:9 ,,250 cd/m² ,0.277 mm ,Yes ,No ,None ,No ,,170° H x 160° V , 1 x DVI | 1 x HDMI | 1 x VGA | 
Asus VE276Q,Asus ,VE276Q ,"27"" ",1920 x 1080 ,,2 ms ,,16:9 ,,300 cd/m² ,0.311 mm ,Yes ,No ,None ,Yes ,100 x 100 ,170° H x 160° V , 1 x DisplayPort | 1 x DVI | 1 x HDMI | 1 x VGA | 
Asus VB195T,Asus ,VB195T ,"19"" ",1280 x 1024 ,,5 ms ,,5:4 ,,250 cd/m² ,0.294 mm ,No ,No ,None ,Yes ,100 x 100 ,170° H x 160° V , 1 x DVI | 1 x VGA | 
Asus VE198D,Asus ,VE198D ,"19"" ",1440 x 900 ,,5 ms ,,16:10 ,,250 cd/m² ,0.284 mm ,Yes ,No ,None ,No ,100 x 100 ,170° H x 160° V ,1 x VGA 
Asus VW199T-P,Asus ,VW199T-P ,"19.1"" ",1440 x 900 ,,5 ms ,,16:10 ,,,0.286 mm ,Yes ,No ,None ,Yes ,100 x 100 ,170° H x 160° V , 1 x DVI | 1 x VGA | 
Asus VW193DR,Asus ,VW193DR ,"19"" ",1440 x 900 ,,5 ms ,,16:10 ,,300 cd/m² ,0.284 mm ,Yes ,No ,None ,No ,100 x 100 ,170° H x 160° V ,1 x VGA 
Asus VW224T,Asus ,VW224T ,"22"" ",1680 x 1050 ,,5 ms ,,16:10 ,,300 cd/m² ,0.282 mm ,Yes ,No ,None ,Yes ,100 x 100 ,170° H x 160° V , 1 x DVI | 1 x VGA | 
BenQ BL2400PU,BenQ ,BL2400PU ,"24"" ",1920 x 1080 ,,8 ms ,,16:9 ,,250 cd/m² ,0.277 mm ,Yes ,No ,None ,Yes ,100 x 100 ,178° H x 178° V , 1 x DisplayPort | 1 x DVI | 1 x VGA | 
BenQ EW2420,BenQ ,EW2420 ,"24"" ",1920 x 1080 ,,25 ms ,,16:9 ,,250 cd/m² ,0.277 mm ,Yes ,No ,None ,Yes ,100 x 100 ,178° H x 178° V , 1 x DVI | 2 x HDMI | 1 x VGA | 
BenQ G2222HDL,BenQ ,G2222HDL ,"21.5"" ",1920 x 1080 ,,5 ms ,TN ,16:9 ,,250 cd/m² ,0.248 mm ,Yes ,No ,None ,No ,100 x 100 ,170° H x 160° V , 1 x DVI | 1 x VGA | 
BenQ XL2410T,BenQ ,XL2410T ,"23.6"" ",1920 x 1080 ,120 Hz ,2 ms ,TN ,16:9 ,,300 cd/m² ,0.272 mm ,Yes ,No ,None ,No ,100 x 100 ,170° H x 160° V , 1 x DVI | 1 x HDMI | 1 x VGA | 
BenQ GL2030,BenQ ,GL2030 ,"20"" ",1600 x 900 ,,5 ms ,TN ,16:9 ,,250 cd/m² ,0.277 mm ,Yes ,No ,None ,No ,,170° H x 160° V , 1 x DVI | 1 x VGA | 
LG W2442PA-BF,LG ,W2442PA-BF ,"24"" ",1920 x 1080 ,,5 ms ,,16:9 ,,300 cd/m² ,0.277 mm ,Yes ,No ,None ,Yes ,75 x 75 ,170° H x 160° V , 1 x DVI | 1 x HDMI | 1 x VGA | 
LG D2342P-PN,LG ,D2342P-PN ,"23"" ",1920 x 1080 ,75 Hz ,5 ms ,TN ,16:9 ,,250 cd/m² ,0.265 mm ,Yes ,No ,None ,No ,75 x 75 ,, 1 x DVI | 1 x HDMI | 1 x VGA | 
LG N194WA-BF,LG ,N194WA-BF ,"19"" ",1440 x 900 ,,5 ms ,,16:10 ,,250 cd/m² ,0.284 mm ,Yes ,No ,None ,Yes ,75 x 75 ,170° H x 160° V ,1 x VGA 
LG E2770V-BF,LG ,E2770V-BF ,"27"" ",1920 x 1080 ,,14 ms ,,16:9 ,,250 cd/m² ,0.311 mm ,Yes ,No ,None ,No ,,178° H x 168° V , 1 x DVI | 2 x HDMI | 1 x VGA | 
LG E2441V-BN,LG ,E2441V-BN ,"24"" ",1920 x 1080 ,,5 ms ,TN ,16:9 ,,250 cd/m² ,0.277 mm ,Yes ,No ,None ,No ,200 x 100 ,170° H x 160° V , 1 x DVI | 1 x HDMI | 1 x VGA | 
LG E2360V-PN,LG ,E2360V-PN ,"23"" ",1920 x 1080 ,,5 ms ,TN ,16:9 ,,250 cd/m² ,0.265 mm ,Yes ,No ,None ,No ,,170° H x 170° V , 1 x DVI | 1 x HDMI | 1 x VGA | 
LG IPS231P-BN,LG ,IPS231P-BN ,"23"" ",1920 x 1080 ,,6 ms ,IPS ,16:9 ,,250 cd/m² ,0.265 mm ,Yes ,No ,None ,No ,100 x 100 ,, 1 x DVI | 1 x VGA | 
LG E2381VR,LG ,E2381VR-BN ,"23"" ",1920 x 1080 ,,5 ms ,TN ,16:9 ,,250 cd/m² ,0.265 mm ,Yes ,No ,None ,No ,,170° H x 160° V , 1 x DVI | 1 x HDMI | 1 x VGA | 
LG E2750VR-SN,LG ,E2750VR-SN ,"27"" ",1920 x 1080 ,,5 ms ,TN ,16:9 ,,250 cd/m² ,0.311 mm ,Yes ,No ,None ,No ,,170° H x 160° V , 1 x DVI | 1 x HDMI | 1 x VGA | 
LG E2281VR-BN,LG ,E2281VR-BN ,"22"" ",1920 x 1080 ,,5 ms ,,16:9 ,,250 cd/m² ,0.254 mm ,Yes ,No ,None ,No ,,, 1 x HDMI | 1 x VGA | 
LG IPS226V-PN,LG ,IPS226V-PN ,"21.5"" ",1920 x 1080 ,,8 ms ,IPS ,16:9 ,,250 cd/m² ,0.248 mm ,Yes ,No ,None ,No ,75 x 75 ,178° H x 178° V , 1 x DVI | 1 x HDMI | 1 x VGA | 
LG E2370V-BF,LG ,E2370V-BF ,"23"" ",1920 x 1080 ,,14 ms ,IPS ,16:9 ,,250 cd/m² ,0.265 mm ,Yes ,No ,None ,No ,,178° H x 168° V , 1 x DVI | 2 x HDMI | 1 x VGA | 
NEC LCD175M,NEC ,LCD175M ,"17"" ",1280 x 1024 ,,5 ms ,,5:4 ,,250 cd/m² ,0.263 mm ,No ,No ,None ,No ,,170° H x 170° V , 1 x DVI | 1 x VGA | 
NEC P221W-BK-SV,NEC ,P221W-BK-SV ,"22"" ",1680 x 1050 ,,8 ms ,,16:10 ,,300 cd/m² ,0.282 mm ,Yes ,No ,None ,No ,,178° H x 178° V , 1 x DVI | 1 x VGA | 
NEC MD213MG,NEC ,MD213MG ,"21.3"" ",2048 x 1536 ,,12 ms ,,4:3 ,,400 cd/m² ,0.211 mm ,No ,No ,None ,No ,,176° H x 176° V ,2 x DVI 
NEC MD212MC,NEC ,MD212MC ,"21.3"" ",1600 x 1200 ,,20 ms ,,4:3 ,,400 cd/m² ,0.271 mm ,No ,No ,None ,No ,,176° H x 176° V , 2 x DVI | 1 x VGA | 
NEC PA241W-BK-SV,NEC ,PA241W-BK-SV ,"24.1"" ",1920 x 1200 ,,16 ms ,,16:10 ,,360 cd/m² ,0.27 mm ,Yes ,No ,None ,No ,200 x 100 ,178° H x 178° V , 1 x DisplayPort | 1 x DVI | 1 x VGA | 
HP LE1911i,HP ,EM888A8#ABA ,"19"" ",1280 x 1024 ,,5 ms ,,5:4 ,,250 cd/m² ,0.294 mm ,No ,No ,None ,No ,,160° H x 160° V ,1 x VGA 
Hannspree HW-173ABB,Hannspree ,HW173ABB ,"17"" ",1440 x 900 ,,5 ms ,,16:10 ,,250 cd/m² ,0.254 mm ,Yes ,No ,None ,No ,,160° H x 150° V ,1 x VGA 
Hannspree HW-191APB,Hannspree ,HW191APB ,"19"" ",1440 x 900 ,,5 ms ,,16:10 ,,300 cd/m² ,0.284 mm ,Yes ,No ,None ,Yes ,,150° H x 135° V ,1 x VGA 
HP LE2201w,HP ,NK571A8#ABA ,"22"" ",1680 x 1050 ,,5 ms ,,16:10 ,,250 cd/m² ,0.282 mm ,Yes ,No ,None ,No ,100 x 100 ,160° H x 160° V ,1 x VGA 
Hannspree HX-191DPB,Hannspree ,HX191DPB ,"19"" ",1280 x 1024 ,,5 ms ,,5:4 ,,300 cd/m² ,0.294 mm ,No ,No ,None ,Yes ,,150° H x 135° V , 1 x DVI | 1 x VGA | 
HP LE1901w,HP ,NK570A8#ABA ,"19"" ",1440 x 900 ,,5 ms ,,16:10 ,,250 cd/m² ,0.284 mm ,Yes ,No ,None ,No ,,160° H x 160° V ,1 x VGA 
Hannspree HL227DBB,Hannspree ,HL227DBB ,"21.5"" ",1920 x 1080 ,,5 ms ,,16:9 ,,250 cd/m² ,0.248 mm ,Yes ,No ,None ,No ,100 x 100 ,170° H x 160° V , 1 x DVI | 1 x VGA | 
HP LA2205wg,HP ,NM274A8#ABA ,"22"" ",1680 x 1050 ,,5 ms ,,16:10 ,,250 cd/m² ,0.282 mm ,Yes ,No ,None ,No ,,160° H x 160° V , 1 x DVI | 1 x VGA | 
Hannspree HH241DPB,Hannspree ,HH241DPB ,"23.6"" ",1920 x 1080 ,,5 ms ,,16:9 ,,300 cd/m² ,0.272 mm ,Yes ,No ,None ,Yes ,100 x 100 ,170° H x 160° V , 1 x DVI | 1 x VGA | 
Hannspree HZ194APB,Hannspree ,HZ194APB ,"18.5"" ",1366 x 768 ,,5 ms ,,16:9 ,,250 cd/m² ,0.3 mm ,Yes ,No ,None ,Yes ,100 x 100 ,160° H x 160° V ,1 x VGA 
HP LA2405wg,HP ,NL773A8#ABA ,"24"" ",1920 x 1200 ,,5 ms ,,16:10 ,,300 cd/m² ,0.269 mm ,Yes ,No ,None ,No ,,160° H x 160° V , 1 x DisplayPort | 1 x DVI | 1 x VGA | 
Hannspree HF225DPB,Hannspree ,HF225DPB ,"21.5"" ",1920 x 1080 ,,5 ms ,,16:9 ,,250 cd/m² ,0.248 mm ,Yes ,No ,None ,Yes ,100 x 100 ,170° H x 160° V , 1 x DVI | 1 x VGA | 
HP ZR24w,HP ,VM633A4#ABA ,"24"" ",1920 x 1200 ,,7 ms ,IPS ,16:10 ,,400 cd/m² ,0.269 mm ,Yes ,No ,None ,No ,100 x 100 ,178° H x 178° V , 1 x DisplayPort | 1 x DVI | 1 x VGA | 
Hannspree SL231DPB,Hannspree ,SL231DPB ,"23"" ",1920 x 1080 ,,5 ms ,,16:9 ,,250 cd/m² ,0.265 mm ,Yes ,No ,None ,Yes ,,170° H x 160° V , 1 x DVI | 1 x VGA | 
Compaq LA1905wg,Compaq ,NM360AA#ABA ,"19"" ",1440 x 900 ,,5 ms ,TN ,16:10 ,,250 cd/m² ,0.284 mm ,Yes ,No ,None ,No ,,160° H x 160° V , 1 x DisplayPort | 1 x DVI | 1 x VGA | 
HP S1933,HP ,XJ311A8#ABA ,"18.5"" ",1366 x 768 ,,5 ms ,TN ,16:9 ,,200 cd/m² ,0.3 mm ,Yes ,No ,None ,No ,,90° H x 55° V ,1 x VGA 
HP 2711x,HP ,XP600AA#ABA ,"27"" ",1920 x 1080 ,,5 ms ,,16:9 ,,250 cd/m² ,0.311 mm ,Yes ,No ,None ,No ,,, 1 x DVI | 1 x HDMI | 1 x VGA | 
Planar PL1910M-WH,Planar ,997-5510-00 ,"19"" ",1280 x 1024 ,,5 ms ,,5:4 ,,300 cd/m² ,0.294 mm ,No ,No ,None ,Yes ,,170° H x 160° V , 1 x DVI | 1 x VGA | 
Compaq LE1711,Compaq ,EM886AA#ABA ,"17"" ",1280 x 1024 ,,5 ms ,,5:4 ,,250 cd/m² ,0.263 mm ,No ,No ,None ,No ,,160° H x 160° V ,1 x VGA 
Lenovo L2251P,Lenovo ,2572HD6 ,"22"" ",1680 x 1050 ,,5 ms ,,16:10 ,,250 cd/m² ,0.282 mm ,Yes ,No ,None ,No ,,, 1 x DisplayPort | 1 x VGA | 
Planar PX2210MW,Planar ,997-5855-00 ,"21.6"" ",1920 x 1080 ,,5 ms ,,16:9 ,,300 cd/m² ,0.249 mm ,Yes ,No ,None ,Yes ,100 x 100 ,170° H x 160° V , 1 x DVI | 1 x HDMI | 1 x VGA | 
Lenovo L2251X,Lenovo ,2578HB6 ,"22"" ",1680 x 1050 ,,5 ms ,,16:10 ,,250 cd/m² ,0.282 mm ,Yes ,No ,None ,No ,100 x 100 ,, 1 x DisplayPort | 1 x VGA | 
Planar PL1700-BK,Planar ,PL1700-BK ,"17"" ",1280 x 1024 ,,5 ms ,,5:4 ,,300 cd/m² ,0.263 mm ,No ,No ,None ,No ,100 x 100 ,160° H x 160° V ,1 x VGA 
Lenovo L2250P,Lenovo ,2572HB6 ,"22"" ",1680 x 1050 ,,5 ms ,,16:10 ,,250 cd/m² ,0.282 mm ,Yes ,No ,None ,No ,100 x 100 ,176° H x 170° V , 1 x DVI | 1 x VGA | 
Compaq LA1905wg,Compaq ,NM360A2#ABA ,"19"" ",1440 x 900 ,,5 ms ,TN ,16:10 ,,250 cd/m² ,0.284 mm ,Yes ,No ,None ,No ,,160° H x 160° V , 1 x DisplayPort | 1 x DVI | 1 x VGA | 
Lenovo L1951P,Lenovo ,2448HB6 ,"19"" ",1440 x 900 ,,5 ms ,,16:10 ,,250 cd/m² ,0.284 mm ,Yes ,No ,None ,No ,100 x 100 ,, 1 x DVI | 1 x VGA | 
Planar 997-2795-00-BN,Planar ,997-2795-00-BN ,"17"" ",1280 x 1024 ,,5 ms ,,5:4 ,,250 cd/m² ,0.263 mm ,No ,No ,None ,No ,,170° H x 160° V ,1 x VGA 
HP LE1901wm,HP ,NP446A8#ABA ,"19"" ",1440 x 900 ,,5 ms ,,16:10 ,,250 cd/m² ,0.284 mm ,Yes ,No ,None ,No ,100 x 100 ,160° H x 160° V ,1 x VGA 
Planar PL1711M-BK,Planar ,PL1711m-bk ,"17"" ",1280 x 1024 ,,5 ms ,,5:4 ,,250 cd/m² ,0.263 mm ,No ,No ,None ,Yes ,100 x 100 ,170° H x 160° V , 1 x DVI | 1 x VGA | 
Planar PL1711M-WH,Planar ,997-5509-00 ,"17"" ",1280 x 1024 ,,5 ms ,,5:4 ,,250 cd/m² ,0.263 mm ,No ,No ,None ,Yes ,100 x 100 ,170° H x 160° V , 1 x DVI | 1 x VGA | 
Planar PL1700M,Planar ,PL1700M-WH ,"17"" ",1280 x 1024 ,,8 ms ,,5:4 ,,300 cd/m² ,0.263 mm ,No ,No ,None ,Yes ,100 x 100 ,150° H x 135° V ,1 x VGA 
Lenovo L1711p,Lenovo ,5047HB2 ,"17"" ",1280 x 1024 ,,5 ms ,,5:4 ,,250 cd/m² ,0.263 mm ,No ,No ,None ,No ,100 x 100 ,, 1 x DVI | 1 x VGA | 
Planar PL1910M,Planar ,997279700 ,"19"" ",1280 x 1024 ,,5 ms ,,5:4 ,,300 cd/m² ,0.294 mm ,No ,No ,None ,Yes ,100 x 100 ,160° H x 160° V , 1 x DVI | 1 x VGA | 
Lenovo L2321x,Lenovo ,4014HB6 ,"23"" ",1920 x 1080 ,,5 ms ,,16:9 ,,250 cd/m² ,0.265 mm ,Yes ,No ,None ,No ,100 x 100 ,170° H x 160° V , 1 x DisplayPort | 1 x VGA | 
NEC P221W-BK,NEC ,P221W-BK ,"22"" ",1680 x 1050 ,,8 ms ,,16:10 ,,300 cd/m² ,0.282 mm ,Yes ,No ,None ,No ,,178° H x 178° V , 1 x DVI | 1 x VGA | 
Lenovo L2021,Lenovo ,4449HB1 ,"20"" ",1600 x 900 ,,5 ms ,TN ,16:9 ,,250 cd/m² ,0.277 mm ,Yes ,No ,None ,No ,75 x 75 ,178° H x 170° V , 1 x DVI | 1 x VGA | 
Planar PL1911M-BK,Planar ,PL1911M-BK ,"19"" ",1280 x 1024 ,,5 ms ,,5:4 ,,300 cd/m² ,0.294 mm ,No ,No ,None ,Yes ,,150° H x 140° V , 1 x DVI | 1 x VGA | 
HP ZR22w,HP ,VM626A4#ABA ,"21.5"" ",1920 x 1080 ,,8 ms ,IPS ,16:9 ,,,0.248 mm ,Yes ,No ,None ,No ,,178° H x 178° V , 1 x DisplayPort | 1 x DVI | 1 x VGA | 
NEC PA241W-BK,NEC ,PA241W-BK ,"24.1"" ",1920 x 1200 ,,8 ms ,,16:10 ,,360 cd/m² ,0.27 mm ,Yes ,No ,None ,No ,200 x 100 ,178° H x 178° V , 1 x DisplayPort | 2 x DVI | 1 x VGA | 
Gateway FHX2152Lbd,Gateway ,ET.WW2HP.003 ,"21.5"" ",1920 x 1080 ,,5 ms ,TN ,16:9 ,,250 cd/m² ,0.248 mm ,Yes ,No ,None ,No ,,170° H x 160° V , 1 x DVI | 1 x VGA | 
HP 2211x,HP ,XP601AA#ABA ,"21.5"" ",1920 x 1080 ,,5 ms ,,16:9 ,,250 cd/m² ,0.248 mm ,Yes ,No ,None ,No ,,, 1 x DVI | 1 x VGA | 
HP LA1951g,HP ,EM890AA#ABA ,"19"" ",1280 x 1024 ,,5 ms ,,5:4 ,,250 cd/m² ,0.294 mm ,No ,No ,None ,No ,100 x 100 ,160° H x 160° V , 1 x DVI | 1 x VGA | 
HP LE1901wi,HP ,NP447AA#ABA ,"19"" ",1440 x 900 ,,5 ms ,,16:10 ,,250 cd/m² ,0.284 mm ,Yes ,No ,None ,No ,,160° H x 160° V ,1 x VGA 
NEC LCD2090UXi-BK-1,NEC ,LCD2090UXi-BK-1 ,"20.1"" ",1600 x 1200 ,,16 ms ,IPS ,4:3 ,,280 cd/m² ,0.255 mm ,No ,No ,None ,No ,100 x 100 ,178° H x 178° V , 1 x DVI | 1 x VGA | 
Planar PX2411MW,Planar ,997-5788-00 ,"23.6"" ",1920 x 1080 ,,2 ms ,,16:9 ,,300 cd/m² ,0.272 mm ,Yes ,No ,None ,Yes ,,170° H x 160° V , 1 x DVI | 1 x HDMI | 1 x VGA | 
Planar PX2710MW,Planar ,997-5984-00 ,"27"" ",1920 x 1080 ,,2 ms ,,16:9 ,,300 cd/m² ,0.311 mm ,Yes ,No ,None ,Yes ,100 x 100 ,170° H x 160° V , 1 x DVI | 1 x HDMI | 1 x VGA | 
Planar PL2010MW,Planar ,997-6011-00 ,"20"" ",1600 x 900 ,,5 ms ,,16:9 ,,250 cd/m² ,0.277 mm ,Yes ,No ,None ,Yes ,,170° H x 160° V , 1 x DVI | 1 x VGA | 
NEC EA232WMi,NEC ,EA232WMi ,"23"" ",1920 x 1080 ,,14 ms ,IPS ,16:9 ,,250 cd/m² ,0.265 mm ,Yes ,No ,None ,Yes ,100 x 100 ,178° H x 178° V , 1 x DisplayPort | 1 x DVI | 1 x VGA | 
Planar SA2311W,Planar ,SA2311W ,"23"" ",1920 x 1080 ,120 Hz ,2 ms ,,16:9 ,,300 cd/m² ,0.265 mm ,Yes ,No ,None ,No ,,160° H x 160° V , 1 x DVI | 1 x HDMI | 1 x VGA | 
NEC EX231W-BK,NEC ,EX231W-BK ,"23"" ",1920 x 1080 ,,5 ms ,,16:9 ,,250 cd/m² ,0.265 mm ,Yes ,No ,None ,No ,100 x 100 ,176° H x 170° V ,1 x DisplayPort 
Planar PJ19W,Planar ,997-6051-00 ,"18.5"" ",1366 x 768 ,,5 ms ,,16:9 ,,250 cd/m² ,0.3 mm ,Yes ,No ,None ,No ,100 x 100 ,170° H x 160° V ,1 x VGA 
NEC EA192M-BK,NEC ,EA192M-BK ,"19"" ",1280 x 1024 ,,5 ms ,,5:4 ,,250 cd/m² ,0.294 mm ,No ,No ,None ,Yes ,100 x 100 ,176° H x 170° V , 1 x DisplayPort | 1 x DVI | 1 x VGA | 
Planar PX2211MW,Planar ,997-6125-00 ,"21.6"" ",1920 x 1080 ,,5 ms ,,16:9 ,,300 cd/m² ,0.249 mm ,Yes ,No ,None ,Yes ,100 x 100 ,170° H x 160° V , 1 x DVI | 1 x HDMI | 1 x VGA | 
NEC E231W-BK,NEC ,E231W-BK ,"23"" ",1920 x 1080 ,,5 ms ,,16:9 ,,250 cd/m² ,0.265 mm ,Yes ,No ,None ,No ,100 x 100 ,176° H x 170° V , 1 x DisplayPort | 1 x DVI | 1 x VGA | 
NEC EA241WM-BK,NEC ,EA241WM-BK ,"24"" ",1920 x 1200 ,,5 ms ,,16:10 ,,400 cd/m² ,0.269 mm ,Yes ,No ,None ,Yes ,,160° H x 160° V , 1 x DVI | 1 x VGA | 
NEC AS171-BK,NEC ,AS171-BK ,"17"" ",1280 x 1024 ,,5 ms ,,5:4 ,,250 cd/m² ,0.263 mm ,No ,No ,None ,No ,100 x 100 ,170° H x 170° V , 1 x DVI | 1 x VGA | 
NEC AS191WM-BK,NEC ,AS191WM-BK ,"19"" ",1440 x 900 ,,5 ms ,,16:10 ,,250 cd/m² ,0.284 mm ,Yes ,No ,None ,No ,,176° H x 176° V , 1 x DVI | 1 x VGA | 
NEC E222W-BK,NEC ,E222W-BK ,"22"" ",1680 x 1050 ,,5 ms ,,16:10 ,,250 cd/m² ,0.282 mm ,Yes ,No ,None ,No ,,178° H x 178° V , 1 x DVI | 1 x VGA | 
Planar 997-5260-00-BN,Planar ,997-5260-00-BN ,"19"" ",1440 x 900 ,,5 ms ,,16:10 ,,300 cd/m² ,0.284 mm ,Yes ,No ,None ,Yes ,,170° H x 160° V , 1 x DVI | 1 x VGA | 
Samsung TC240,Samsung ,TC240 ,"23.6"" ",1920 x 1080 ,,5 ms ,,16:9 ,,300 cd/m² ,0.272 mm ,Yes ,No ,None ,Yes ,200 x 100 ,170° H x 160° V , 1 x Component | 1 x VGA | 
HP L1711,HP ,EM886A8#ABA ,"17"" ",1280 x 1024 ,,5 ms ,,5:4 ,,300 cd/m² ,0.263 mm ,No ,No ,None ,No ,,160° H x 160° V ,1 x VGA 
Planar SA2311W,Planar ,997-6293-00lf ,"23"" ",1920 x 1080 ,120 Hz ,2 ms ,,16:9 ,,300 cd/m² ,0.265 mm ,Yes ,No ,None ,No ,100 x 100 ,160° H x 160° V , 1 x DVI | 1 x HDMI | 1 x VGA | 
Planar PL1911MW,Planar ,997-5590-00 ,"19"" ",1440 x 900 ,,5 ms ,,16:10 ,,300 cd/m² ,0.284 mm ,Yes ,No ,None ,Yes ,,170° H x 160° V , 1 x DVI | 1 x VGA | 
Acer B243H AJbdr,Acer ,ET.FB3HP.A02 ,"24"" ",1920 x 1080 ,,2 ms ,,16:9 ,,300 cd/m² ,0.277 mm ,Yes ,No ,None ,No ,100 x 100 ,170° H x 160° V , 1 x DVI | 1 x VGA | 
Samsung B2430H,Samsung ,B2430H ,"24"" ",1920 x 1080 ,,5 ms ,,16:9 ,,300 cd/m² ,0.277 mm ,Yes ,No ,None ,No ,75 x 75 ,170° H x 160° V , 1 x DVI | 1 x HDMI | 1 x VGA | 
Hannspree HH193DPB,Hannspree ,HH193DPB ,"19"" ",1280 x 1024 ,,5 ms ,,5:4 ,,250 cd/m² ,0.294 mm ,No ,No ,None ,Yes ,,170° H x 160° V , 1 x DVI | 1 x VGA | 
NEC E201W-BK,NEC ,E201W-BK ,"20"" ",1600 x 900 ,,,,16:9 ,,250 cd/m² ,0.277 mm ,Yes ,No ,None ,No ,100 x 100 ,178° H x 178° V , 1 x DisplayPort | 1 x DVI | 1 x VGA | 
Acer B273Hbmidhz,Acer ,ET.HB3HP.002 ,"27"" ",1920 x 1080 ,,5 ms ,,16:9 ,,300 cd/m² ,0.311 mm ,Yes ,No ,None ,Yes ,100 x 100 ,160° H x 160° V , 1 x DVI | 1 x HDMI | 1 x VGA | 
Acer V183HLAJb,Acer ,ET.XV3HP.A01 ,"18.5"" ",1366 x 768 ,,5 ms ,TN ,16:9 ,,250 cd/m² ,0.3 mm ,Yes ,No ,None ,No ,100 x 100 ,170° H x 160° V ,1 x VGA 
Hannspree HL193ABB,Hannspree ,HL193ABB ,"18.5"" ",1366 x 768 ,,5 ms ,,16:9 ,,250 cd/m² ,0.3 mm ,Yes ,No ,None ,No ,,160° H x 160° V ,1 x VGA 
NEC AS231WM-BK,NEC ,AS231WM-BK ,"23"" ",1920 x 1080 ,,5 ms ,,16:9 ,,250 cd/m² ,0.265 mm ,Yes ,No ,None ,Yes ,100 x 100 ,176° H x 170° V , 1 x DVI | 1 x VGA | 
Samsung P1980ER,Samsung ,P1980ER ,"19"" ",1280 x 1024 ,,5 ms ,,5:4 ,,250 cd/m² ,0.294 mm ,No ,No ,None ,No ,,, 1 x DVI | 1 x VGA | 
Planar PL1700M-BK(997-2796-00),Planar ,PL1700M-BK ,"17"" ",1280 x 1024 ,,5 ms ,,5:4 ,,250 cd/m² ,0.263 mm ,No ,No ,None ,Yes ,100 x 100 ,170° H x 160° V ,1 x VGA 
Planar PL1910W,Planar ,997-6077-00 ,"18.5"" ",1366 x 768 ,,5 ms ,,16:9 ,,250 cd/m² ,0.3 mm ,Yes ,No ,None ,No ,100 x 100 ,170° H x 160° V , 1 x DVI | 1 x VGA | 
BenQ VW2420H,BenQ ,VW2420H ,"24"" ",1920 x 1080 ,,25 ms ,,16:9 ,,250 cd/m² ,0.277 mm ,Yes ,No ,None ,No ,,178° H x 178° V , 1 x DVI | 1 x HDMI | 1 x VGA | 
Samsung NC240,Samsung ,NC240 ,"23.6"" ",1920 x 1080 ,,5 ms ,,16:9 ,,300 cd/m² ,0.272 mm ,Yes ,No ,None ,No ,100 x 100 ,170° H x 160° V ,1 x VGA 
HP 2509p,HP ,LB943A8#ABA ,"25"" ",1920 x 1080 ,,3 ms ,,16:9 ,,300 cd/m² ,0.288 mm ,Yes ,No ,None ,Yes ,100 x 100 ,160° H x 160° V , 1 x DVI | 1 x HDMI | 1 x VGA | 
Asus VS208N-P,Asus ,VS208N-P ,"20"" ",1600 x 900 ,,5 ms ,,16:9 ,,250 cd/m² ,0.277 mm ,Yes ,No ,None ,No ,75 x 75 ,170° H x 160° V , 1 x DVI | 1 x VGA | 
Lenovo D186,Lenovo ,2580AB1 ,"18.5"" ",1366 x 768 ,,5 ms ,,16:9 ,,200 cd/m² ,0.3 mm ,Yes ,No ,None ,No ,,,1 x VGA 
ViewSonic VA1906a-LED,ViewSonic ,VA1906a-LED ,"19"" ",1366 x 768 ,,5 ms ,,16:9 ,,250 cd/m² ,0.308 mm ,Yes ,No ,None ,No ,100 x 100 ,160° H x 160° V ,1 x VGA 
Acer H243Hbmid,Acer ,ET.FH3HP.002 ,"24"" ",1920 x 1080 ,,2 ms ,,16:9 ,,300 cd/m² ,0.277 mm ,Yes ,No ,None ,Yes ,100 x 100 ,160° H x 160° V , 1 x DVI | 1 x HDMI | 1 x VGA | 
NEC LCD2090UXi-BK-SV,NEC ,LCD2090UXi-BK-SV ,"20.1"" ",1600 x 1200 ,,16 ms ,,4:3 ,,280 cd/m² ,0.255 mm ,No ,No ,None ,No ,100 x 100 ,178° H x 178° V , 1 x DVI | 1 x VGA | 
NEC PA231W-BK,NEC ,PA231W-BK ,"23"" ",1920 x 1080 ,,8 ms ,,16:9 ,,270 cd/m² ,0.265 mm ,Yes ,No ,None ,No ,100 x 100 ,178° H x 178° V , 1 x DisplayPort | 1 x DVI | 1 x VGA | 
Samsung S27A750D,Samsung ,S27A750D ,"27"" ",1920 x 1080 ,,2 ms ,,16:9 ,,300 cd/m² ,0.311 mm ,Yes ,No ,None ,No ,,170° H x 160° V , 1 x DisplayPort | 1 x HDMI | 
Acer V203HCJbd,Acer ,ET.DV3HP.C03 ,"20"" ",1600 x 900 ,,5 ms ,,16:9 ,,250 cd/m² ,0.277 mm ,Yes ,No ,None ,No ,100 x 100 ,170° H x 160° V , 1 x DVI | 1 x VGA | 
Samsung S23A750D,Samsung ,S23A750D ,"23"" ",1920 x 1080 ,120 Hz ,2 ms ,,16:9 ,,250 cd/m² ,0.265 mm ,Yes ,No ,None ,No ,,170° H x 160° V , 1 x DisplayPort | 1 x HDMI | 
NEC AS221WM-BK,NEC ,AS221WM-BK ,"22"" ",1680 x 1050 ,,5 ms ,,16:10 ,,250 cd/m² ,0.282 mm ,Yes ,No ,None ,No ,100 x 100 ,176° H x 176° V , 1 x DVI | 1 x VGA | 
ViewSonic VA1931wm,ViewSonic ,VA1931wm ,"19"" ",1366 x 768 ,,5 ms ,,16:9 ,,250 cd/m² ,0.308 mm ,Yes ,No ,None ,Yes ,100 x 100 ,170° H x 160° V , 1 x DVI | 1 x VGA | 
LG W2486L,LG ,W2486L ,"24"" ",1920 x 1080 ,,2 ms ,TN ,16:9 ,,250 cd/m² ,0.277 mm ,Yes ,No ,None ,No ,,170° H x 160° V , 1 x DVI | 2 x HDMI | 1 x VGA | 
NEC LCD2490WUXi2-BK,NEC ,LCD2490WUXi2-BK ,"24"" ",1920 x 1200 ,,8 ms ,,16:10 ,,320 cd/m² ,0.269 mm ,Yes ,No ,None ,No ,,178° H x 178° V , 1 x DVI | 1 x VGA | 
Asus ML238H,Asus ,ML238H ,"23"" ",1920 x 1080 ,,2 ms ,,16:9 ,,250 cd/m² ,0.265 mm ,Yes ,No ,None ,No ,,170° H x 160° V , 1 x HDMI | 1 x VGA | 
Samsung E1920X,Samsung ,E1920X ,"18.5"" ",1360 x 768 ,,5 ms ,,16:9 ,,250 cd/m² ,0.301 mm ,Yes ,No ,None ,No ,75 x 75 ,170° H x 160° V , 1 x DVI | 1 x VGA | 
Acer V203HCJbmd,Acer ,ET.DV3HP.C04 ,"20"" ",1600 x 900 ,,5 ms ,,16:9 ,,250 cd/m² ,0.277 mm ,Yes ,No ,None ,Yes ,100 x 100 ,170° H x 160° V , 1 x DVI | 1 x VGA | 
LG L1942PE-BS,LG ,L1942PE-BS ,"19"" ",1280 x 1024 ,,5 ms ,,5:4 ,,250 cd/m² ,0.294 mm ,No ,No ,None ,No ,75 x 75 ,170° H x 170° V , 1 x DVI | 1 x VGA | 
LG W2246PM-BF,LG ,W2246PM-BF ,"21.5"" ",1920 x 1080 ,,5 ms ,,16:9 ,,250 cd/m² ,0.248 mm ,Yes ,No ,None ,Yes ,75 x 75 ,170° H x 160° V , 1 x DVI | 1 x VGA | 
HP LA2006x,HP ,XN374A8#ABA ,"20"" ",1600 x 900 ,,5 ms ,,16:9 ,,250 cd/m² ,0.277 mm ,Yes ,No ,None ,No ,100 x 100 ,170° H x 160° V , 1 x DisplayPort | 1 x DVI | 1 x VGA | 
Planar PL1900,Planar ,997-3095-00 ,"19"" ",1280 x 1024 ,,5 ms ,,5:4 ,,300 cd/m² ,0.294 mm ,No ,No ,None ,No ,,150° H x 140° V ,1 x VGA 
Acer G205HVbd,Acer ,G205HVbd ,"20"" ",1600 x 900 ,,5 ms ,TN ,16:9 ,,200 cd/m² ,0.277 mm ,Yes ,No ,None ,No ,,, 1 x DVI | 1 x VGA | 
HP ZR24w,HP ,VM633A8#ABA ,"24"" ",1920 x 1200 ,60 Hz ,7 ms ,,16:10 ,,400 cd/m² ,0.269 mm ,Yes ,No ,None ,No ,,178° H x 178° V , 1 x DisplayPort | 1 x DVI | 1 x VGA | 
HP LA2205wg,HP ,NM274AA#ABA ,"22"" ",1680 x 1050 ,,5 ms ,,16:10 ,,250 cd/m² ,0.282 mm ,Yes ,No ,None ,No ,100 x 100 ,160° H x 160° V , 1 x DisplayPort | 1 x DVI | 1 x VGA | 
HP LE1901wi,HP ,NP447A8#ABA ,"19"" ",1440 x 900 ,,5 ms ,TN ,16:10 ,,250 cd/m² ,0.284 mm ,Yes ,No ,None ,No ,,160° H x 160° V ,1 x VGA 
Dell E2011H,Dell ,468-8248 ,"20"" ",1600 x 900 ,,5 ms ,,16:9 ,,250 cd/m² ,0.277 mm ,Yes ,No ,None ,No ,,170° H x 160° V , 1 x DVI | 1 x VGA | 
LG N1941WP-PF,LG ,N1941WP-PF ,"19"" ",1366 x 768 ,,5 ms ,,16:9 ,,250 cd/m² ,0.308 mm ,Yes ,No ,None ,Yes ,75 x 75 ,170° H x 160° V ,1 x VGA 
Acer H274HLbmd,Acer ,ET.HH4HP.005 ,"27"" ",1920 x 1080 ,,5 ms ,TN ,16:9 ,,300 cd/m² ,0.311 mm ,Yes ,No ,None ,Yes ,,170° H x 160° V , 1 x DVI | 1 x VGA | 
Samsung S22A100N,Samsung ,S22A100N ,"21.5"" ",1920 x 1080 ,,5 ms ,,16:9 ,,200 cd/m² ,0.248 mm ,Yes ,No ,None ,No ,,,1 x VGA 
Samsung B2330,Samsung ,B2330 ,"23"" ",1920 x 1080 ,,5 ms ,,16:9 ,,300 cd/m² ,0.265 mm ,Yes ,No ,None ,No ,75 x 75 ,170° H x 160° V , 1 x DVI | 1 x VGA | 
Dell P2011H,Dell ,469-0834 ,"20"" ",1600 x 900 ,,5 ms ,TN ,16:9 ,,250 cd/m² ,0.277 mm ,Yes ,No ,None ,No ,100 x 100 ,170° H x 160° V , 1 x DVI | 1 x VGA | 
NEC AS192-BK,NEC ,AS192-BK ,"19"" ",1280 x 1024 ,,5 ms ,TN ,5:4 ,,250 cd/m² ,0.294 mm ,No ,No ,None ,No ,100 x 100 ,160° H x 160° V , 1 x DVI | 1 x VGA | 
Hannspree HF-237HPB,Hannspree ,HF-237HPB ,"23"" ",1920 x 1080 ,,5 ms ,,16:9 ,,300 cd/m² ,0.265 mm ,Yes ,No ,None ,Yes ,100 x 100 ,170° H x 160° V , 1 x HDMI | 1 x VGA | 
Hannspree HF-257HPB,Hannspree ,HF-257HPB ,"24.6"" ",1920 x 1080 ,,2 ms ,,16:9 ,,300 cd/m² ,0.284 mm ,Yes ,No ,None ,Yes ,,170° H x 160° V , 2 x HDMI | 1 x VGA | 
ViewEra V196BN,ViewEra ,V196BN ,"19"" ",1280 x 1024 ,,5 ms ,,5:4 ,,250 cd/m² ,0.294 mm ,No ,No ,None ,Yes ,,170° H x 160° V , 1 x BNC | 1 x DVI | 1 x S-Video | 
ViewSonic VA2231wm-LED,ViewSonic ,VA2231wm-LED ,"22"" ",1920 x 1080 ,,5 ms ,,16:9 ,,250 cd/m² ,0.254 mm ,Yes ,No ,None ,Yes ,100 x 100 ,170° H x 160° V , 1 x DVI | 1 x VGA | 
ViewSonic VP2365-LED,ViewSonic ,VP2365-LED ,"23"" ",1920 x 1080 ,,6 ms ,IPS ,16:9 ,,250 cd/m² ,0.265 mm ,Yes ,No ,None ,No ,100 x 100 ,178° H x 178° V , 1 x DVI | 1 x VGA | 
Asus MT276HE,Asus ,MT276HE ,"27"" ",1920 x 1080 ,,2 ms ,,16:9 ,,400 cd/m² ,0.311 mm ,Yes ,No ,None ,No ,100 x 100 ,170° H x 160° V , 2 x HDMI | 1 x VGA | 
ViewSonic VG2732m-LED,ViewSonic ,VG2732M-LED ,"27"" ",1920 x 1080 ,,3 ms ,,16:9 ,,300 cd/m² ,0.311 mm ,Yes ,No ,None ,Yes ,100 x 100 ,170° H x 160° V , 1 x DisplayPort | 1 x DVI | 1 x VGA | 
Planar PL2210W,Planar ,997-6498-00 ,"22"" ",1920 x 1080 ,,5 ms ,,16:9 ,,300 cd/m² ,0.254 mm ,Yes ,No ,None ,No ,100 x 100 ,160° H x 160° V , 1 x DVI | 1 x VGA | 
Dell E2311H,Dell ,469-0837 ,"23"" ",1920 x 1080 ,,5 ms ,TN ,16:9 ,,250 cd/m² ,0.265 mm ,Yes ,No ,None ,No ,100 x 100 ,, 1 x DVI | 1 x VGA | 
Planar 997-6502-00,Planar ,997-6502-00 ,"24"" ",1920 x 1080 ,,5 ms ,,16:9 ,,300 cd/m² ,0.277 mm ,Yes ,No ,None ,No ,100 x 100 ,, 1 x DVI | 1 x VGA | 
Planar PL1702,Planar ,997-5562-00 ,"17"" ",1280 x 1024 ,,5 ms ,,5:4 ,,250 cd/m² ,0.263 mm ,No ,No ,None ,No ,100 x 100 ,170° H x 160° V ,1 x VGA 
Samsung NC190-1,Samsung ,NC190-1 ,"19"" ",1280 x 1024 ,,5 ms ,,5:4 ,,250 cd/m² ,0.294 mm ,No ,No ,None ,No ,100 x 100 ,160° H x 160° V ,1 x VGA 
Samsung C23A750X,Samsung ,C23A750X ,"23"" ",1920 x 1080 ,,2 ms ,,16:9 ,,250 cd/m² ,0.265 mm ,Yes ,No ,None ,No ,,170° H x 160° V , 1 x HDMI | 1 x VGA | 
Acer S200HLAbd,Acer ,ET.DS0HP.A01 ,"20"" ",1600 x 900 ,,5 ms ,TN ,16:9 ,,250 cd/m² ,0.277 mm ,Yes ,No ,None ,No ,,, 1 x DVI | 1 x VGA | 
Samsung S27A850D,Samsung ,S27A850D ,"27"" ",2560 x 1440 ,,5 ms ,,16:9 ,,300 cd/m² ,0.233 mm ,Yes ,No ,None ,No ,100 x 100 ,178° H x 178° V , 1 x DisplayPort | 2 x DVI | 
LG E2210P-BN,LG ,E2210P-BN ,"22"" ",1680 x 1050 ,,5 ms ,,16:10 ,,250 cd/m² ,0.282 mm ,Yes ,No ,None ,No ,75 x 75 ,170° H x 160° V , 1 x DVI | 1 x VGA | 
LG W2246T-PF,LG ,W2246T-BF ,"21.5"" ",1920 x 1080 ,,5 ms ,,16:9 ,,250 cd/m² ,0.248 mm ,Yes ,No ,None ,No ,75 x 75 ,170° H x 160° V , 1 x DVI | 1 x VGA | 
Samsung 320MP-3,Samsung ,320MP-3 ,"32"" ",1366 x 768 ,,8 ms ,,16:9 ,,450 cd/m² ,0.519 mm ,Yes ,No ,None ,No ,,178° H x 178° V , 1 x DisplayPort | 1 x DVI | 2 x HDMI | 1 x VGA | 
ViewEra V172BN-B,ViewEra ,V172BN-B ,"17"" ",1280 x 1024 ,,8 ms ,,5:4 ,,300 cd/m² ,0.263 mm ,No ,No ,None ,Yes ,,140° H x 130° V , 1 x BNC | 1 x VGA | 
ViewEra V172SV-B,ViewEra ,V172SV-B ,"17"" ",1280 x 1024 ,,8 ms ,,5:4 ,,300 cd/m² ,0.263 mm ,No ,No ,None ,Yes ,,140° H x 130° V , 1 x S-Video | 1 x VGA | 
ViewEra V191BN-B,ViewEra ,V191BN-B ,"19"" ",1280 x 1024 ,,5 ms ,,5:4 ,,300 cd/m² ,0.294 mm ,No ,No ,None ,Yes ,,160° H x 160° V , 1 x BNC | 1 x VGA | 
NEC E321,NEC ,E321 ,"32"" ",1366 x 768 ,,8 ms ,,16:9 ,,450 cd/m² ,0.519 mm ,Yes ,No ,None ,No ,,176° H x 176° V , 1 x Component | 3 x HDMI | 1 x S-Video | 1 x VGA | 
ViewEra V191HV-B,ViewEra ,V191HV (black) ,"19"" ",1280 x 1024 ,,5 ms ,,5:4 ,,300 cd/m² ,0.294 mm ,No ,No ,None ,Yes ,,160° H x 160° V , 1 x S-Video | 1 x VGA | 
LG M3204CCBA,LG ,M3204CCBA ,"32"" ",1366 x 768 ,,,,16:9 ,,450 cd/m² ,0.519 mm ,Yes ,No ,None ,No ,,178° H x 178° V , 1 x HDMI | 1 x VGA | 
NEC V321-2,NEC ,V321-2 ,"32"" ",1366 x 768 ,,8 ms ,,16:9 ,,450 cd/m² ,0.519 mm ,Yes ,No ,None ,No ,,178° H x 178° V , 1 x DVI | 1 x HDMI | 1 x S-Video | 2 x VGA | 
Dell P2311H (469-0836),Dell ,P2311H ,"23"" ",1920 x 1080 ,,5 ms ,TN ,16:9 ,,250 cd/m² ,0.265 mm ,Yes ,No ,None ,No ,,170° H x 160° V , 1 x DVI | 1 x VGA | 
Planar PXL2430MW,Planar ,997-6399-00 ,"23.5"" ",1920 x 1080 ,,5 ms ,,16:9 ,,250 cd/m² ,0.271 mm ,Yes ,No ,None ,No ,100 x 100 ,178° H x 160° V , 1 x DVI | 1 x HDMI | 1 x VGA | 
ViewSonic VP2765-LED,ViewSonic ,VP2765-LED ,"27"" ",1920 x 1080 ,,5 ms ,,16:9 ,,300 cd/m² ,0.311 mm ,Yes ,No ,None ,No ,100 x 100 ,178° H x 178° V , 1 x DisplayPort | 1 x DVI | 1 x VGA | 
Asus VS229H-P,Asus ,VS229H-P ,"21.5"" ",1920 x 1080 ,,5 ms ,IPS ,16:9 ,,250 cd/m² ,0.248 mm ,Yes ,No ,None ,No ,100 x 100 ,178° H x 178° V , 1 x DVI | 1 x HDMI | 1 x VGA | 
Samsung E2420L,Samsung ,E2420L ,"23.6"" ",1920 x 1080 ,,5 ms ,,16:9 ,,300 cd/m² ,0.272 mm ,Yes ,No ,None ,No ,75 x 75 ,, 1 x DVI | 1 x VGA | 
LG W3000H-Bn,LG ,W3000H-Bn ,"30"" ",2560 x 1600 ,,5 ms ,IPS ,16:10 ,,370 cd/m² ,0.252 mm ,Yes ,No ,None ,No ,,178° H x 178° V ,1 x DVI 
Acer V193DJbd,Acer ,ET.CV3RP.D05 ,"19"" ",1280 x 1024 ,,5 ms ,,5:4 ,,250 cd/m² ,0.294 mm ,No ,No ,None ,No ,,160° H x 160° V ,1 x VGA 
Acer G245HQ Abmid,Acer ,ET.UG5HP.A03 ,"23.6"" ",1920 x 1080 ,,5 ms ,TN ,16:9 ,,300 cd/m² ,0.272 mm ,Yes ,No ,None ,No ,,170° H x 160° V , 1 x DVI | 1 x VGA | 
NEC EX201W-BK,NEC ,EX201W-BK ,"20"" ",1600 x 900 ,,5 ms ,TN ,16:9 ,,250 cd/m² ,0.277 mm ,Yes ,No ,None ,No ,100 x 100 ,, 1 x DisplayPort | 1 x DVI | 
iZ3D H220Z1,iZ3D ,H220Z1 ,"22"" ",1680 x 1050 ,,5 ms ,,16:10 ,,250 cd/m² ,0.282 mm ,Yes ,No ,None ,No ,,170° H x 160° V , 1 x DVI | 1 x VGA | 
DoubleSight DS-220C,DoubleSight ,DS-220C ,"21.5"" ",1920 x 1080 ,,5 ms ,TN ,16:9 ,,250 cd/m² ,0.248 mm ,Yes ,No ,None ,Yes ,75 x 75 ,170° H x 160° V , 1 x DVI | 1 x VGA | 
DoubleSight DS-275W,DoubleSight ,DS-275W ,"27"" ",2560 x 1440 ,,6 ms ,,16:9 ,,350 cd/m² ,0.233 mm ,Yes ,No ,None ,No ,,178° H x 178° V ,1 x DVI 
NEC P241W-BK,NEC ,P241W-BK ,"24.1"" ",1920 x 1200 ,,8 ms ,,16:10 ,,360 cd/m² ,0.27 mm ,Yes ,No ,None ,No ,100 x 100 ,178° H x 178° V , 1 x DisplayPort | 1 x DVI | 1 x VGA | 
DoubleSight DS-277W,DoubleSight ,DS-277W ,"27"" ",2560 x 1440 ,,6 ms ,IPS ,16:9 ,,350 cd/m² ,0.233 mm ,Yes ,No ,None ,Yes ,,178° H x 178° V ,2 x VGA 
HP ZR2040w,HP ,LM975A8#ABA ,"20"" ",1600 x 900 ,,7 ms ,IPS ,16:9 ,,250 cd/m² ,0.277 mm ,Yes ,No ,None ,No ,,178° H x 178° V , 1 x DisplayPort | 1 x DVI | 1 x VGA | 
Planar PL1900,Planar ,997-3095-00-KIT ,"19"" ",1280 x 1024 ,,5 ms ,,5:4 ,,250 cd/m² ,0.294 mm ,No ,No ,None ,No ,,170° H x 160° V ,1 x VGA 
DoubleSight DS-307W,DoubleSight ,DS-307W ,"30"" ",2560 x 1600 ,,7 ms ,IPS ,16:10 ,,370 cd/m² ,0.252 mm ,Yes ,No ,None ,Yes ,100 x 100 ,178° H x 178° V ,2 x VGA 
HP LP2480zx,HP ,GV546A4#ABA ,"24"" ",1920 x 1200 ,,12 ms ,IPS ,16:10 ,,250 cd/m² ,0.269 mm ,Yes ,No ,None ,No ,,178° H x 178° V , 1 x Component | 1 x DisplayPort | 2 x DVI | 1 x HDMI | 1 x S-Video | 
Compaq LE1911,Compaq ,EM887AA#ABA ,"19"" ",1280 x 1024 ,,5 ms ,,5:4 ,,250 cd/m² ,0.294 mm ,No ,No ,None ,No ,,160° H x 160° V ,1 x VGA 
HP DreamColor LP2480zx,HP ,GV546A8#ABA ,"24"" ",1920 x 1200 ,,12 ms ,IPS ,16:10 ,,250 cd/m² ,0.269 mm ,Yes ,No ,None ,No ,,178° H x 178° V , 1 x Component | 1 x DisplayPort | 2 x DVI | 1 x HDMI | 1 x S-Video | 
Dell ST2321L,Dell ,320-1628 ,"23"" ",1920 x 1080 ,,5 ms ,,16:9 ,,250 cd/m² ,0.265 mm ,Yes ,No ,None ,No ,,170° H x 160° V , 1 x DVI | 1 x VGA | 
HP 2011x (XP597AA#ABA),HP ,2011X ,"20"" ",1600 x 900 ,,5 ms ,TN ,16:9 ,,250 cd/m² ,0.277 mm ,Yes ,No ,None ,No ,,, 1 x DVI | 1 x VGA | 
HP 2511x (XP599AA#ABA),HP ,2511X ,"25"" ",1920 x 1080 ,,5 ms ,TN ,16:9 ,,250 cd/m² ,0.288 mm ,Yes ,No ,None ,No ,,170° H x 160° V , 1 x DVI | 1 x HDMI | 1 x VGA | 
Samsung BX2350,Samsung ,BX2350 ,"23"" ",1920 x 1080 ,,2 ms ,,16:9 ,,250 cd/m² ,0.265 mm ,Yes ,No ,None ,No ,,170° H x 160° V , 2 x HDMI | 1 x VGA | 
ViewEra V185MV,ViewEra ,V185MV ,"18.5"" ",1366 x 768 ,,5 ms ,,16:9 ,,300 cd/m² ,0.3 mm ,Yes ,No ,None ,Yes ,,, 1 x Component | 1 x HDMI | 1 x S-Video | 1 x VGA | 
Dell S2230MX,Dell , 320-2737 | S2230MX | ,"21.5"" ",1920 x 1080 ,60 Hz ,2 ms ,,16:9 ,,250 cd/m² ,0.248 mm ,Yes ,No ,None ,No ,,170° H x 160° V , 1 x DVI | 1 x VGA | 
ViewSonic VG2228wm-LED,ViewSonic ,VG2228wm-LED ,"22"" ",1920 x 1080 ,,5 ms ,,16:9 ,,250 cd/m² ,0.254 mm ,Yes ,No ,None ,Yes ,100 x 100 ,170° H x 160° V , 1 x DVI | 1 x VGA | 
Samsung BX2050,Samsung ,BX2050 ,"20"" ",1600 x 900 ,,5 ms ,,16:9 ,,250 cd/m² ,0.277 mm ,Yes ,No ,None ,No ,,170° H x 160° V , 1 x DVI | 1 x VGA | 
Dell S2330MX,Dell , 320-2748 | S2330MX | ,"23"" ",1920 x 1080 ,60 Hz ,2 ms ,,16:9 ,,250 cd/m² ,0.265 mm ,Yes ,No ,None ,No ,,170° H x 160° V , 1 x DVI | 1 x VGA | 
Dell E1911,Dell ,469-1382 ,"19"" ",1440 x 900 ,60 Hz ,5 ms ,,16:10 ,,250 cd/m² ,0.284 mm ,Yes ,No ,None ,No ,100 x 100 ,160° H x 160° V , 1 x DVI | 1 x VGA | 
Hannspree HL196DBB,Hannspree ,HL196DBB ,"19"" ",1280 x 1024 ,,5 ms ,,5:4 ,,250 cd/m² ,0.294 mm ,No ,No ,None ,No ,100 x 100 ,170° H x 160° V , 1 x DVI | 1 x VGA | 
HP S2331,HP ,WJ677AA#ABA ,"23"" ",1920 x 1080 ,,5 ms ,,16:9 ,,300 cd/m² ,0.265 mm ,Yes ,No ,None ,No ,100 x 100 ,, 1 x DVI | 1 x VGA | 
ViewSonic V3D231,ViewSonic ,V3D231 ,"23"" ",1920 x 1080 ,,2 ms ,,16:9 ,,250 cd/m² ,0.265 mm ,Yes ,No ,None ,Yes ,,170° H x 160° V , 1 x DVI | 1 x HDMI | 1 x VGA | 
HP 2310e,HP ,WH344AA#ABA ,"23"" ",1920 x 1080 ,,5 ms ,,16:9 ,,250 cd/m² ,0.265 mm ,Yes ,No ,None ,No ,,170° H x 160° V , 1 x DisplayPort | 1 x DVI | 1 x HDMI | 
Acer V203HL BJbmd,Acer ,ET.DV3HP.B02 ,"20"" ",1600 x 900 ,60 Hz ,5 ms ,TN ,16:9 ,,250 cd/m² ,0.277 mm ,Yes ,No ,None ,Yes ,,170° H x 160° V , 1 x DVI | 1 x VGA | 
Dell P2212H,Dell , 469-1623 | P2212H | ,"21.5"" ",1920 x 1080 ,60 Hz ,5 ms ,TN ,16:9 ,,250 cd/m² ,0.248 mm ,Yes ,No ,None ,No ,100 x 100 ,170° H x 160° V , 1 x DVI | 1 x VGA | 
Dell E2210,Dell ,E2210 ,"22"" ",1680 x 1050 ,,5 ms ,TN ,16:10 ,,250 cd/m² ,0.282 mm ,Yes ,No ,None ,No ,,170° H x 160° V , 1 x DVI | 1 x VGA | 
Dell E2311H,Dell ,E2311H ,"23"" ",1920 x 1080 ,,5 ms ,TN ,16:9 ,,250 cd/m² ,0.265 mm ,Yes ,No ,None ,No ,100 x 100 ,, 1 x DVI | 1 x VGA | 
AOC e2051Sn,AOC ,e2051Sn ,"20"" ",1600 x 900 ,60 Hz ,5 ms ,,16:9 ,,200 cd/m² ,0.277 mm ,Yes ,No ,None ,No ,,90° H x 60° V ,1 x VGA 
AOC e950Sw,AOC ,e950Sw ,"19"" ",1366 x 768 ,60 Hz ,5 ms ,,16:9 ,,250 cd/m² ,0.308 mm ,Yes ,No ,None ,No ,100 x 100 ,170° H x 160° V ,1 x VGA 
AOC e2352Phz,AOC ,e2352Phz ,"23"" ",1920 x 1080 ,60 Hz ,5 ms ,,16:9 ,,250 cd/m² ,0.265 mm ,Yes ,No ,None ,Yes ,75 x 75 ,170° H x 160° V , 1 x DVI | 1 x HDMI | 1 x VGA | 
AOC 2236Vwa,AOC ,2236Vwa ,"22"" ",1920 x 1080 ,60 Hz ,5 ms ,,16:9 ,,300 cd/m² ,0.254 mm ,Yes ,No ,None ,Yes ,100 x 100 ,170° H x 160° V , 1 x DVI | 1 x VGA | 
Acer HR274Hbmii,Acer ,ET.HH4HP.006 ,"27"" ",1920 x 1080 ,60 Hz ,2 ms ,TN ,16:9 ,,250 cd/m² ,0.311 mm ,Yes ,No ,None ,Yes ,,170° H x 160° V , 2 x HDMI | 1 x VGA | 
Acer S235HLbii,Acer ,ET.VS5HP.001 ,"23"" ",1920 x 1080 ,60 Hz ,5 ms ,TN ,16:9 ,,250 cd/m² ,0.265 mm ,Yes ,No ,None ,No ,,170° H x 160° V , 2 x HDMI | 1 x VGA | 
Acer V213HLBJbd,Acer ,ET.WV3HP.B04 ,"21.5"" ",1920 x 1080 ,60 Hz ,5 ms ,TN ,16:9 ,,250 cd/m² ,0.248 mm ,Yes ,No ,None ,No ,,170° H x 160° V , 1 x DVI | 1 x VGA | 
Acer B233HL Jbmdh,Acer ,ET.VB3HP.006 ,"23"" ",1920 x 1080 ,60 Hz ,5 ms ,TN ,16:9 ,,250 cd/m² ,0.265 mm ,Yes ,No ,None ,Yes ,,170° H x 160° V , 1 x DVI | 1 x HDMI | 
Acer V243HL DJbmd,Acer ,ET.FV3HP.D04 ,"24"" ",1920 x 1080 ,60 Hz ,5 ms ,TN ,16:9 ,,250 cd/m² ,0.277 mm ,Yes ,No ,None ,Yes ,,170° H x 160° V , 1 x DVI | 1 x VGA | 
Acer V213HLBJbmd,Acer ,ET.WV3HP.B05 ,"21.5"" ",1920 x 1080 ,60 Hz ,5 ms ,TN ,16:9 ,,250 cd/m² ,0.248 mm ,Yes ,No ,None ,Yes ,,170° H x 160° V , 1 x DVI | 1 x VGA | 
Acer V273H bmidz,Acer ,ET.HV3HP.002 ,"27"" ",1920 x 1080 ,60 Hz ,5 ms ,TN ,16:9 ,,300 cd/m² ,0.311 mm ,Yes ,No ,None ,Yes ,,160° H x 160° V , 1 x DVI | 1 x HDMI | 1 x VGA | 
Dell U3011,Dell , 224-9949 | 9XDG8 | ,"30"" ",2560 x 1600 ,60 Hz ,7 ms ,IPS ,16:10 ,,370 cd/m² ,0.252 mm ,Yes ,No ,None ,No ,100 x 100 ,178° H x 178° V , 1 x DisplayPort | 2 x DVI-D Dual Link | 2 x HDMI | 1 x VGA | 
BenQ XL2420TX,BenQ ,XL2420TX ,"24"" ",1920 x 1080 ,120 Hz ,5 ms ,TN ,16:9 ,,350 cd/m² ,0.277 mm ,Yes ,No ,None ,No ,100 x 100 ,170° H x 160° V , 1 x DisplayPort | 1 x DVI | 2 x HDMI | 1 x VGA | 
BenQ GW2450HM,BenQ ,GW2450HM ,"24"" ",1920 x 1080 ,,4 ms ,,16:9 ,,250 cd/m² ,0.277 mm ,Yes ,No ,None ,Yes ,100 x 100 ,178° H x 178° V ,
Samsung LS24A650SS/ZA,Samsung ,LS24A650SS/ZA ,"24"" ",1920 x 1080 ,60 Hz ,8 ms ,,16:9 ,,250 cd/m² ,0.277 mm ,Yes ,No ,None ,Yes ,100 x 200 ,,1 x VGA 
Samsung S24A450BW-1,Samsung ,S24A450BW-1 ,"24"" ",1920 x 1200 ,,5 ms ,,16:10 ,,250 cd/m² ,0.269 mm ,Yes ,No ,None ,No ,100 x 200 ,170° H x 160° V , 1 x DVI | 1 x VGA | 
Samsung S27B970D,Samsung ,S27B970D ,"27"" ",2560 x 1440 ,,5 ms ,,16:9 ,,285 cd/m² ,0.233 mm ,Yes ,No ,None ,Yes ,,178° H x 178° V , 1 x DisplayPort | 1 x DVI | 1 x HDMI | 
Samsung S22A650S,Samsung ,LS22A650SS/ZA ,"21.5"" ",1920 x 1080 ,60 Hz ,8 ms ,,16:9 ,,250 cd/m² ,0.248 mm ,Yes ,No ,None ,No ,100 x 100 ,, 1 x DisplayPort | 1 x DVI | 1 x VGA | 
Samsung C24B750X,Samsung ,C24B750X ,"24"" ",1920 x 1080 ,,5 ms ,TN ,16:9 ,,250 cd/m² ,0.277 mm ,Yes ,No ,None ,No ,,170° H x 160° V ,1 x HDMI 
Samsung T27B750ND,Samsung ,T27B750ND ,"27"" ",1920 x 1080 ,,5 ms ,TN ,16:9 ,,300 cd/m² ,0.311 mm ,Yes ,No ,None ,Yes ,,170° H x 160° V , 1 x Component | 2 x HDMI | 1 x VGA | 
Samsung S22A460B-1,Samsung ,S22A460B-1 ,"21.5"" ",1920 x 1080 ,,5 ms ,,16:9 ,,250 cd/m² ,0.248 mm ,Yes ,No ,None ,No ,100 x 100 ,170° H x 160° V , 1 x DVI | 1 x VGA | 
Samsung S22A450MW,Samsung ,S22A450MW ,"22"" ",1680 x 1050 ,,5 ms ,,16:10 ,,250 cd/m² ,0.282 mm ,Yes ,No ,None ,Yes ,100 x 100 ,170° H x 160° V , 1 x DVI | 1 x VGA | 
Samsung S24A460B-1,Samsung ,S24A460B-1 ,"24"" ",1920 x 1080 ,,5 ms ,,16:9 ,,250 cd/m² ,0.277 mm ,Yes ,No ,None ,No ,100 x 200 ,170° H x 160° V , 1 x DVI | 1 x VGA | 
Samsung S19A450BW-1,Samsung ,S19A450BW-1 ,"19"" ",1440 x 900 ,60 Hz ,5 ms ,,16:10 ,,250 cd/m² ,0.284 mm ,Yes ,No ,None ,No ,100 x 100 ,170° H x 160° V , 1 x DVI | 1 x VGA | 
Samsung S19A450MW,Samsung ,S19A450MW ,"19"" ",1440 x 900 ,,5 ms ,TN ,16:10 ,,250 cd/m² ,0.284 mm ,Yes ,No ,None ,Yes ,100 x 100 ,170° H x 160° V , 1 x DVI | 1 x VGA | 
Samsung 943BWT-TAA-1,Samsung ,943BWT-TAA-1 ,"19"" ",1440 x 900 ,,5 ms ,,16:10 ,,300 cd/m² ,0.284 mm ,Yes ,No ,None ,No ,,170° H x 160° V , 1 x DVI | 1 x VGA | 
Samsung S24A450MW,Samsung ,S24A450MW ,"24"" ",1920 x 1200 ,60 Hz ,5 ms ,TN ,16:10 ,,250 cd/m² ,0.269 mm ,Yes ,No ,None ,Yes ,100 x 100 ,170° H x 160° V , 1 x DVI | 1 x VGA | 
Samsung EX2220X,Samsung ,EX2220X ,"21.5"" ",1920 x 1080 ,,5 ms ,,16:9 ,,250 cd/m² ,0.248 mm ,Yes ,No ,None ,No ,75 x 75 ,170° H x 160° V , 1 x DVI | 1 x VGA | 
Samsung S22A650D,Samsung ,S22A650D ,"21.5"" ",1920 x 1080 ,,5 ms ,,16:9 ,,250 cd/m² ,0.248 mm ,Yes ,No ,None ,No ,100 x 100 ,178° H x 178° V , 1 x DisplayPort | 1 x DVI | 1 x VGA | 
Samsung S22B350H,Samsung ,S22B350H ,"21.5"" ",1920 x 1080 ,,2 ms ,TN ,16:9 ,,250 cd/m² ,0.248 mm ,Yes ,No ,None ,No ,,170° H x 160° V , 1 x HDMI | 1 x VGA | 
Samsung S27B750V,Samsung ,S27B750V ,"27"" ",1920 x 1080 ,,2 ms ,TN ,16:9 ,,300 cd/m² ,0.311 mm ,Yes ,No ,None ,Yes ,,170° H x 160° V , 2 x HDMI | 1 x VGA | 
Samsung S22A200B,Samsung ,S22A200B ,"21.5"" ",1920 x 1080 ,,5 ms ,TN ,16:9 ,,250 cd/m² ,0.248 mm ,Yes ,No ,None ,No ,100 x 100 ,170° H x 160° V , 1 x DVI | 1 x VGA | 
Samsung S24B750V,Samsung ,S24B750V ,"24"" ",1920 x 1080 ,,2 ms ,TN ,16:9 ,,250 cd/m² ,0.277 mm ,Yes ,No ,None ,Yes ,,170° H x 160° V , 2 x HDMI | 1 x VGA | 
Samsung S27B350H,Samsung ,S27B350H ,"27"" ",1920 x 1080 ,,2 ms ,TN ,16:9 ,,300 cd/m² ,0.311 mm ,Yes ,No ,None ,No ,,170° H x 160° V , 1 x HDMI | 1 x VGA | 
Samsung T22B350ND,Samsung ,T22B350ND ,"21.5"" ",1920 x 1080 ,,5 ms ,TN ,16:9 ,,250 cd/m² ,0.248 mm ,Yes ,No ,None ,Yes ,,170° H x 160° V , 1 x Component | 2 x HDMI | 1 x S-Video | 1 x VGA | 
Samsung S27A650D,Samsung ,S27A650D ,"27"" ",1920 x 1080 ,60 Hz ,8 ms ,,16:9 ,,300 cd/m² ,0.311 mm ,Yes ,No ,None ,No ,100 x 200 ,178° H x 178° V , 1 x DisplayPort | 1 x DVI | 1 x VGA | 
Samsung T27B350ND,Samsung ,T27B350ND ,"27"" ",1920 x 1080 ,,5 ms ,TN ,16:9 ,,300 cd/m² ,0.311 mm ,Yes ,No ,None ,Yes ,,170° H x 160° V , 2 x HDMI | 1 x VGA | 
Samsung S23B550V,Samsung ,S23B550V ,"23"" ",1920 x 1080 ,,2 ms ,TN ,16:9 ,,250 cd/m² ,0.265 mm ,Yes ,No ,None ,No ,,170° H x 160° V , 2 x HDMI | 1 x VGA | 
Samsung S20B350H,Samsung ,S20B350H ,"20"" ",1600 x 900 ,,2 ms ,TN ,16:9 ,,250 cd/m² ,0.277 mm ,Yes ,No ,None ,No ,,170° H x 160° V , 1 x HDMI | 1 x VGA | 
Samsung S24A650D,Samsung ,S24A650D ,"24"" ",1920 x 1080 ,60 Hz ,8 ms ,,16:9 ,,250 cd/m² ,0.277 mm ,Yes ,No ,None ,No ,100 x 200 ,178° H x 178° V , 1 x DisplayPort | 1 x DVI | 1 x VGA | 
Samsung S27B550V,Samsung ,S27B550V ,"27"" ",1920 x 1080 ,,2 ms ,TN ,16:9 ,,300 cd/m² ,0.311 mm ,Yes ,No ,None ,No ,100 x 100 ,170° H x 160° V , 2 x HDMI | 1 x VGA | 
BenQ RL2450HT,BenQ ,RL2450HT ,"24"" ",1920 x 1080 ,,5 ms ,TN ,16:9 ,,250 cd/m² ,0.277 mm ,Yes ,No ,None ,No ,100 x 100 ,170° H x 160° V , 1 x DVI | 1 x HDMI | 1 x VGA | 
Dell P190S,Dell ,P190S ,"19"" ",1280 x 1024 ,60 Hz ,5 ms ,,5:4 ,,250 cd/m² ,0.294 mm ,No ,No ,None ,No ,,170° H x 160° V , 1 x DVI | 1 x VGA | 
Dell E2211H,Dell ,E2211H ,"21.5"" ",1920 x 1080 ,,5 ms ,TN ,16:9 ,,250 cd/m² ,0.248 mm ,Yes ,No ,None ,No ,,170° H x 160° V , 1 x DVI | 1 x VGA | 
Dell P2011H,Dell ,P2011H ,"20"" ",1600 x 900 ,,5 ms ,TN ,16:9 ,,250 cd/m² ,0.277 mm ,Yes ,No ,None ,No ,,170° H x 160° V , 1 x DVI | 1 x VGA | 
Dell E1911,Dell ,E1911 ,"19"" ",1440 x 900 ,60 Hz ,5 ms ,,16:10 ,,250 cd/m² ,0.284 mm ,Yes ,No ,None ,No ,,160° H x 160° V , 1 x DVI | 1 x VGA | 
Dell P170S,Dell ,P170S ,"17"" ",1280 x 1024 ,60 Hz ,5 ms ,TN ,5:4 ,,250 cd/m² ,0.263 mm ,No ,No ,None ,No ,,170° H x 160° V , 1 x DVI | 1 x VGA | 
Dell E170S,Dell ,E170S ,"17"" ",1280 x 1024 ,,5 ms ,,5:4 ,,250 cd/m² ,0.263 mm ,No ,No ,None ,No ,,160° H x 160° V ,1 x VGA 
NEC EA273WM-BK,NEC ,EA273WM-BK ,"27"" ",1920 x 1080 ,,5 ms ,TN ,16:9 ,,300 cd/m² ,0.311 mm ,Yes ,No ,None ,Yes ,100 x 100 ,160° H x 160° V , 1 x DisplayPort | 1 x DVI | 1 x HDMI | 1 x VGA | 
Hannspree HL203DPB,Hannspree ,HL203DPB ,"20"" ",1600 x 900 ,,5 ms ,,16:9 ,,250 cd/m² ,0.277 mm ,Yes ,No ,None ,Yes ,100 x 100 ,170° H x 160° V , 1 x DVI | 1 x VGA | 
Hannspree SM198DPR,Hannspree ,SM198DPR ,"19"" ",1440 x 900 ,,5 ms ,,16:10 ,,250 cd/m² ,0.284 mm ,Yes ,No ,None ,Yes ,,170° H x 160° V , 1 x DVI | 1 x VGA | 
Hannspree SM238DPR,Hannspree ,SM238DPR ,"23"" ",1920 x 1080 ,,5 ms ,,16:9 ,,250 cd/m² ,0.265 mm ,Yes ,No ,None ,Yes ,,170° H x 160° V , 1 x DVI | 1 x VGA | 
ViewSonic VG2239M-LED,ViewSonic ,VG2239M-LED ,"22"" ",1920 x 1080 ,,5 ms ,,16:9 ,,250 cd/m² ,0.254 mm ,Yes ,No ,None ,Yes ,100 x 100 ,170° H x 160° V , 1 x DisplayPort | 1 x DVI | 1 x VGA | 
NEC E322,NEC ,E322 ,"32"" ",1366 x 768 ,,8 ms ,,16:9 ,,450 cd/m² ,0.519 mm ,Yes ,No ,None ,Yes ,,178° H x 178° V , 1 x Component | 3 x HDMI | 1 x S-Video | 1 x VGA | 
ViewSonic VA1912M-LED,ViewSonic ,VA1912M-LED ,"19"" ",1366 x 768 ,,5 ms ,,16:9 ,,250 cd/m² ,0.308 mm ,Yes ,No ,None ,Yes ,100 x 100 ,170° H x 160° V , 1 x DVI | 1 x VGA | 
NEC EA232WMI-BK,NEC ,EA232WMI-BK ,"23"" ",1920 x 1080 ,,14 ms ,IPS ,16:9 ,,250 cd/m² ,0.265 mm ,Yes ,No ,None ,Yes ,100 x 100 ,178° H x 178° V , 1 x DisplayPort | 1 x DVI | 1 x VGA | 
Hannspree HL249DPB,Hannspree ,HL249DPB ,"23.6"" ",1920 x 1080 ,,5 ms ,,16:9 ,,250 cd/m² ,0.272 mm ,Yes ,No ,None ,Yes ,100 x 100 ,170° H x 160° V , 1 x DVI | 1 x VGA | 
Hannspree HF255DPB,Hannspree ,HF255DPB ,"24.6"" ",1920 x 1080 ,,2 ms ,,16:9 ,,300 cd/m² ,0.284 mm ,Yes ,No ,None ,Yes ,100 x 100 ,170° H x 160° V , 1 x DVI | 1 x VGA | 
AOC e2351F,AOC ,e2351F ,"23"" ",1920 x 1080 ,60 Hz ,5 ms ,,16:9 ,,250 cd/m² ,0.265 mm ,Yes ,No ,None ,No ,,170° H x 160° V , 1 x DVI | 1 x VGA | 
NEC EA243WM-BK,NEC ,EA243WM-BK ,"24"" ",1920 x 1200 ,,5 ms ,TN ,16:10 ,,250 cd/m² ,0.269 mm ,Yes ,No ,None ,Yes ,100 x 100 ,178° H x 178° V , 1 x DisplayPort | 1 x DVI | 1 x HDMI | 1 x VGA | 
Compaq S1922a,Compaq ,WM767AA#ABA ,"18.5"" ",1366 x 768 ,,5 ms ,,16:9 ,,200 cd/m² ,0.3 mm ,Yes ,No ,None ,Yes ,,, 1 x DVI | 1 x VGA | 
V7 460FP-3/SBB-DT3,V7 ,LED185W1-SPEAKERS ,"18.5"" ",1366 x 768 ,,5 ms ,,16:9 ,,250 cd/m² ,0.3 mm ,Yes ,No ,None ,No ,,170° H x 160° V ,1 x VGA 
HP A6B85AA#ABA,HP ,A6B85AA#ABA ,"23"" ",1920 x 1080 ,60 Hz ,5 ms ,,16:9 ,,250 cd/m² ,0.265 mm ,Yes ,No ,None ,No ,,, 2 x DVI | 1 x VGA | 
Hannspree HL272HPB,Hannspree ,HL272HPB ,"27"" ",1920 x 1080 ,,2 ms ,,16:9 ,,300 cd/m² ,0.311 mm ,Yes ,No ,None ,Yes ,100 x 100 ,170° H x 160° V , 1 x DVI | 1 x HDMI | 1 x VGA | 
LG N1742L-KIT,LG ,N1742L-KIT ,"17"" ",1280 x 1024 ,,5 ms ,,5:4 ,,300 cd/m² ,0.263 mm ,No ,No ,None ,Yes ,,176° H x 170° V ,1 x VGA 
HP L2201x,HP ,LM917A8#ABA ,"21.5"" ",1920 x 1080 ,60 Hz ,16 ms ,,16:9 ,,250 cd/m² ,0.248 mm ,Yes ,No ,None ,No ,,178° H x 178° V ,1 x DisplayPort 
LG IPS231B-BN,LG ,IPS231B-BN ,"23"" ",1920 x 1080 ,,5 ms ,IPS ,16:9 ,,250 cd/m² ,0.265 mm ,Yes ,No ,None ,Yes ,75 x 75 ,178° H x 178° V , 1 x DVI | 1 x VGA | 
ViewSonic VX2336S-LED,ViewSonic ,VX2336S-LED ,"23"" ",1920 x 1080 ,,14 ms ,IPS ,16:9 ,,250 cd/m² ,0.265 mm ,Yes ,No ,None ,No ,100 x 100 ,178° H x 178° V , 1 x DVI | 1 x VGA | 
NEC MD213MC,NEC ,MD213MC ,"21.3"" ",2048 x 1536 ,,12 ms ,,4:3 ,,400 cd/m² ,0.211 mm ,No ,No ,None ,No ,,176° H x 176° V ,1 x DVI 
Samsung S24A450B,Samsung ,S24A450B ,"24"" ",1920 x 1080 ,60 Hz ,5 ms ,TN ,16:9 ,,250 cd/m² ,0.277 mm ,Yes ,No ,None ,No ,100 x 100 ,170° H x 160° V , 1 x DVI | 1 x VGA | 
NEC PA271W-BK-SV,NEC ,PA271W-BK-SV ,"27"" ",2560 x 1440 ,,16 ms ,IPS ,16:9 ,,300 cd/m² ,0.233 mm ,Yes ,No ,None ,No ,200 x 100 ,178° H x 178° V , 1 x DisplayPort | 2 x DVI | 
Acer V243HL DJObmd,Acer ,UM.FV3AA.D01 ,"24"" ",1920 x 1080 ,60 Hz ,5 ms ,,16:9 ,,250 cd/m² ,0.277 mm ,Yes ,No ,None ,Yes ,,, 1 x DVI | 1 x VGA | 
NEC AS241W-BK,NEC ,AS241W-BK ,"24"" ",1920 x 1080 ,,5 ms ,TN ,16:9 ,,300 cd/m² ,0.277 mm ,Yes ,No ,None ,No ,100 x 100 ,176° H x 170° V , 1 x DVI | 1 x VGA | 
Gateway HX2001L bmd,Gateway ,ET.DW1HP.001 ,"20"" ",1600 x 900 ,60 Hz ,5 ms ,,16:9 ,,250 cd/m² ,0.277 mm ,Yes ,No ,None ,Yes ,,170° H x 160° V , 1 x DVI | 1 x VGA | 
HP LA2405x,HP ,A9P21AA#ABA ,"24"" ",1920 x 1200 ,60 Hz ,5 ms ,,16:10 ,,250 cd/m² ,0.269 mm ,Yes ,No ,None ,No ,100 x 100 ,, 1 x DisplayPort | 1 x DVI | 1 x VGA | 
Asus VB175T-TAA,Asus ,VB175T-TAA ,"17"" ",1280 x 1024 ,,5 ms ,,5:4 ,,250 cd/m² ,0.263 mm ,No ,No ,None ,Yes ,100 x 100 ,160° H x 160° V , 1 x DVI | 1 x VGA | 
ViewSonic VA1912A-LED,ViewSonic ,VA1912A-LED ,"19"" ",1366 x 768 ,,5 ms ,,16:9 ,,250 cd/m² ,0.308 mm ,Yes ,No ,None ,No ,100 x 100 ,170° H x 160° V ,1 x VGA 
Hannspree HE225DPB,Hannspree ,HE225DPB ,"21.5"" ",1920 x 1080 ,,5 ms ,,16:9 ,,250 cd/m² ,0.248 mm ,Yes ,No ,None ,Yes ,,170° H x 160° V , 1 x DVI | 1 x VGA | 
HP LA2206x,HP ,XN376A8#ABA ,"21.5"" ",1920 x 1080 ,60 Hz ,5 ms ,,16:9 ,,250 cd/m² ,0.248 mm ,Yes ,No ,None ,No ,100 x 100 ,170° H x 160° V , 1 x DisplayPort | 1 x DVI | 1 x VGA | 
Planar PXL2451MW,Planar ,997-6575-00 ,"23.6"" ",1920 x 1080 ,60 Hz ,5 ms ,,16:9 ,,250 cd/m² ,0.272 mm ,Yes ,No ,None ,Yes ,,170° H x 160° V , 1 x DVI | 1 x HDMI | 1 x VGA | 
NEC PA231W-BK-SV,NEC ,PA231W-BK-SV ,"23"" ",1920 x 1080 ,,8 ms ,,16:9 ,,270 cd/m² ,0.265 mm ,Yes ,No ,None ,No ,100 x 100 ,178° H x 178° V , 1 x DisplayPort | 2 x DVI | 1 x VGA | 
Hannspree HL229DPB,Hannspree ,HL229DPB ,"21.5"" ",1920 x 1080 ,,5 ms ,,16:9 ,,250 cd/m² ,0.248 mm ,Yes ,No ,None ,Yes ,100 x 100 ,170° H x 160° V , 1 x DVI | 1 x VGA | 
LG E2211PU-BN,LG ,E2211PU-BN ,"22"" ",1920 x 1080 ,,5 ms ,,16:9 ,,250 cd/m² ,0.254 mm ,Yes ,No ,None ,Yes ,100 x 100 ,170° H x 160° V , 1 x DVI | 1 x VGA | 
LG E2241VB-BN,LG ,E2241VB-BN ,"21.5"" ",1920 x 1080 ,,5 ms ,,16:9 ,,250 cd/m² ,0.248 mm ,Yes ,No ,None ,No ,75 x 75 ,170° H x 160° V , 1 x DVI | 1 x HDMI | 1 x VGA | 
LG E2411PU-BN,LG ,E2411PU-BN ,"24"" ",1920 x 1080 ,,5 ms ,,16:9 ,,250 cd/m² ,0.277 mm ,Yes ,No ,None ,Yes ,,170° H x 160° V , 1 x DVI | 1 x VGA | 
LG E2441T-BN,LG ,E2441T-BN ,"24"" ",1920 x 1080 ,,5 ms ,,16:9 ,,250 cd/m² ,0.277 mm ,Yes ,No ,None ,No ,,170° H x 160° V , 1 x DVI | 1 x VGA | 
ViewSonic VA2251M-LED,ViewSonic ,VA2251M-LED ,"22"" ",1920 x 1080 ,,5 ms ,,16:9 ,,250 cd/m² ,0.254 mm ,Yes ,No ,None ,Yes ,100 x 100 ,170° H x 160° V , 1 x DVI | 1 x VGA | 
LG IPS234T-PN,LG ,IPS234T-PN ,"23"" ",1920 x 1080 ,,14 ms ,IPS ,16:9 ,,250 cd/m² ,0.265 mm ,Yes ,No ,None ,No ,75 x 75 ,178° H x 178° V , 1 x DVI | 1 x VGA | 
LG E2211T-BN,LG ,E2211T-BN ,"22"" ",1920 x 1080 ,,5 ms ,,16:9 ,,250 cd/m² ,0.254 mm ,Yes ,No ,None ,No ,,170° H x 160° V , 1 x DVI | 1 x VGA | 
HP LE2002x,HP ,LL763AA#ABA ,"20"" ",1600 x 900 ,60 Hz ,5 ms ,,16:9 ,,250 cd/m² ,0.277 mm ,Yes ,No ,None ,No ,100 x 100 ,170° H x 160° V , 1 x DVI | 1 x VGA | 
HP LE2202x,HP ,LL649A8#ABA ,"21.5"" ",1920 x 1080 ,,5 ms ,TN ,16:9 ,,250 cd/m² ,0.248 mm ,Yes ,No ,None ,No ,,170° H x 160° V , 1 x DVI | 1 x VGA | 
LG IPS224T-PN,LG ,IPS224T-PN ,"22"" ",1920 x 1080 ,,14 ms ,IPS ,16:9 ,,250 cd/m² ,0.254 mm ,Yes ,No ,None ,No ,75 x 75 ,178° H x 178° V , 1 x DVI | 1 x VGA | 
LG EB2442T-BN,LG ,EB2442T-BN ,"24"" ",1920 x 1080 ,,5 ms ,,16:9 ,,250 cd/m² ,0.277 mm ,Yes ,No ,None ,No ,100 x 100 ,170° H x 160° V , 1 x DVI | 1 x VGA | 
LG IPS225T-BN,LG ,IPS225T-BN ,"21.5"" ",1920 x 1080 ,,8 ms ,IPS ,16:9 ,,250 cd/m² ,0.248 mm ,Yes ,No ,None ,No ,100 x 100 ,178° H x 178° V , 1 x DVI | 1 x VGA | 
LG EB2242T-BN,LG ,EB2242T-BN ,"22"" ",1920 x 1080 ,,5 ms ,,16:9 ,,250 cd/m² ,0.254 mm ,Yes ,No ,None ,No ,75 x 75 ,170° H x 160° V , 1 x DVI | 1 x VGA | 
LG IPS235V-BN,LG ,IPS235V-BN ,"23"" ",1920 x 1080 ,,5 ms ,IPS ,16:9 ,,250 cd/m² ,0.265 mm ,Yes ,No ,None ,No ,100 x 100 ,178° H x 178° V , 1 x DVI | 1 x HDMI | 1 x VGA | 
HP LE2002XM,HP ,A2U63A8#ABA ,"20"" ",1600 x 900 ,60 Hz ,5 ms ,,16:9 ,,250 cd/m² ,0.277 mm ,Yes ,No ,None ,Yes ,100 x 100 ,170° H x 160° V , 1 x DVI | 1 x VGA | 
LG E2242T-BN,LG ,E2242T-BN ,"21.5"" ",1920 x 1080 ,,5 ms ,TN ,16:9 ,,250 cd/m² ,0.248 mm ,Yes ,No ,None ,No ,75 x 75 ,170° H x 160° V , 1 x DVI | 1 x VGA | 
V7 LED236W3-8N,V7 ,LED236W3-8N ,"23.6"" ",1920 x 1080 ,,5 ms ,,16:9 ,,250 cd/m² ,0.272 mm ,Yes ,No ,None ,No ,75 x 75 ,170° H x 160° V , 1 x HDMI | 1 x VGA | 
LG W2240T-PN,LG ,W2240T-PN ,"22"" ",1920 x 1080 ,,5 ms ,,16:9 ,,300 cd/m² ,0.254 mm ,Yes ,No ,None ,No ,,170° H x 160° V , 1 x DVI | 1 x VGA | 
LG E2050T-SN,LG ,E2050T-SN ,"20"" ",1600 x 900 ,,5 ms ,,16:9 ,,250 cd/m² ,0.277 mm ,Yes ,No ,None ,No ,,176° H x 170° V , 1 x DVI | 1 x VGA | 
HP LE2002x,HP ,LL763A8#ABA ,"20"" ",1600 x 900 ,,5 ms ,TN ,16:9 ,,250 cd/m² ,0.277 mm ,Yes ,No ,None ,No ,100 x 100 ,170° H x 160° V , 1 x DVI | 1 x VGA | 
ViewSonic VA2451M-TAA,ViewSonic ,VA2451M-TAA ,"24"" ",1920 x 1080 ,,5 ms ,,16:9 ,,300 cd/m² ,0.277 mm ,Yes ,No ,None ,Yes ,100 x 100 ,170° H x 160° V , 1 x DVI | 1 x VGA | 
LG IPS235T-BN,LG ,IPS235T-BN ,"23"" ",1920 x 1080 ,,8 ms ,IPS ,16:9 ,,250 cd/m² ,0.265 mm ,Yes ,No ,None ,No ,100 x 100 ,178° H x 178° V , 1 x DVI | 1 x VGA | 
ViewSonic VA2251M-TAA,ViewSonic ,VA2251M-TAA ,"22"" ",1920 x 1080 ,,5 ms ,,16:9 ,,250 cd/m² ,0.254 mm ,Yes ,No ,None ,Yes ,100 x 100 ,170° H x 160° V , 1 x DVI | 1 x VGA | 
LG D2342PB-PN,LG ,D2342PB-PN ,"23"" ",1920 x 1080 ,,5 ms ,,16:9 ,,250 cd/m² ,0.265 mm ,Yes ,No ,None ,No ,75 x 75 ,, 1 x DVI | 1 x HDMI | 1 x VGA | 
Acer S202HLbd,Acer ,ET.DS2HP.001 ,"20"" ",1600 x 900 ,,5 ms ,TN ,16:9 ,,250 cd/m² ,0.277 mm ,Yes ,No ,None ,No ,,170° H x 160° V , 1 x DVI | 1 x VGA | 
LG N2210WZ-BF,LG ,N2210WZ-BF ,"22"" ",1680 x 1050 ,,5 ms ,TN ,16:10 ,,250 cd/m² ,0.282 mm ,Yes ,No ,None ,No ,,170° H x 160° V , 1 x DVI | 1 x VGA | 
ViewSonic VX2703MH-LED,ViewSonic ,VX2703MH-LED ,"27"" ",1920 x 1080 ,,3 ms ,,16:9 ,,300 cd/m² ,0.311 mm ,Yes ,No ,None ,Yes ,,170° H x 160° V , 1 x DVI | 1 x HDMI | 1 x VGA | 
LaCie 324i,LaCie ,131081 ,"24"" ",1920 x 1200 ,60 Hz ,6 ms ,IPS ,16:10 ,,400 cd/m² ,0.269 mm ,Yes ,No ,None ,No ,,178° H x 178° V , 1 x Component | 1 x DisplayPort | 1 x DVI | 1 x HDMI | 
HP W2371d (B3A19AA#ABA),HP ,W2371D ,"23"" ",1920 x 1080 ,60 Hz ,5 ms ,TN ,16:9 ,,250 cd/m² ,0.265 mm ,Yes ,No ,None ,No ,75 x 75 ,, 1 x DVI | 1 x VGA | 
HP LE1851wt,HP ,LG142AA#ABA ,"18.5"" ",1366 x 768 ,60 Hz ,5 ms ,,16:9 ,,250 cd/m² ,0.3 mm ,Yes ,No ,None ,No ,100 x 100 ,,1 x VGA 
AOC e2343Fi,AOC ,e2343Fi ,"23"" ",1920 x 1080 ,60 Hz ,5 ms ,,16:9 ,,250 cd/m² ,0.265 mm ,Yes ,No ,None ,Yes ,,170° H x 160° V , 1 x HDMI | 1 x VGA | 
LG E2211TB-BN,LG ,E2211TB-BN ,"22"" ",1920 x 1080 ,,5 ms ,,16:9 ,,250 cd/m² ,0.254 mm ,Yes ,No ,None ,No ,100 x 100 ,170° H x 160° V , 1 x DVI | 1 x VGA | 
HP LE2002xm,HP ,A2U63AA#ABA ,"20"" ",1600 x 900 ,60 Hz ,5 ms ,,16:9 ,,250 cd/m² ,0.277 mm ,Yes ,No ,None ,Yes ,,170° H x 160° V , 1 x DVI | 1 x VGA | 
Asus VK248H-CSM,Asus ,VK248H-CSM ,"24"" ",1920 x 1080 ,,2 ms ,,16:9 ,,250 cd/m² ,0.277 mm ,Yes ,No ,None ,Yes ,100 x 100 ,170° H x 160° V , 1 x DVI | 1 x HDMI | 1 x VGA | 
HP LA2206xc,HP ,LW490AA#ABA ,"21.5"" ",1920 x 1080 ,60 Hz ,5 ms ,,16:9 ,,250 cd/m² ,0.248 mm ,Yes ,No ,None ,Yes ,100 x 100 ,170° H x 160° V , 1 x DisplayPort | 1 x DVI | 1 x VGA | 
Hannspree HL269DPB,Hannspree ,HL269DPB ,"26"" ",1920 x 1080 ,,5 ms ,,16:9 ,,250 cd/m² ,0.3 mm ,Yes ,No ,None ,Yes ,100 x 100 ,160° H x 150° V , 1 x DVI | 1 x VGA | 
Acer B243PWL Kbmdrz,Acer ,ET.FB3WP.005 ,"24"" ",1920 x 1200 ,,14 ms ,IPS ,16:10 ,,300 cd/m² ,0.269 mm ,Yes ,No ,None ,No ,100 x 100 ,178° H x 178° V , 1 x DisplayPort | 1 x DVI | 1 x VGA | 
Eizo S2433WFS-BK,Eizo ,S2433WFS-BK ,"24"" ",1920 x 1200 ,,6 ms ,,16:10 ,,360 cd/m² ,0.269 mm ,Yes ,No ,None ,Yes ,100 x 100 ,178° H x 178° V , 1 x DisplayPort | 1 x DVI | 1 x VGA | 
Hannspree HL190ABB,Hannspree ,HL190ABB ,"18.5"" ",1366 x 768 ,,5 ms ,,16:9 ,,200 cd/m² ,0.3 mm ,Yes ,No ,None ,No ,,160° H x 160° V ,1 x VGA 
Eizo MX210-BK,Eizo ,MX210-BK ,"21"" ",1600 x 1200 ,60 Hz ,16 ms ,,4:3 ,,300 cd/m² ,0.267 mm ,No ,No ,None ,No ,,178° H x 178° V , 1 x DVI | 1 x VGA | 
Asus VK228H-CSM,Asus ,VK228H-CSM ,"21.5"" ",1920 x 1080 ,,5 ms ,,16:9 ,,250 cd/m² ,0.248 mm ,Yes ,No ,None ,Yes ,100 x 100 ,170° H x 160° V , 1 x DVI | 1 x HDMI | 1 x VGA | 
Lenovo LS1922,Lenovo ,2580AF1 ,"18.5"" ",1366 x 768 ,,5 ms ,,16:9 ,,250 cd/m² ,0.3 mm ,Yes ,No ,None ,No ,100 x 100 ,170° H x 160° V ,1 x VGA 
LG E2711PY-BN,LG ,E2711PY-BN ,"27"" ",1920 x 1080 ,60 Hz ,5 ms ,,16:9 ,,250 cd/m² ,0.311 mm ,Yes ,No ,None ,Yes ,100 x 200 ,176° H x 170° V , 1 x DisplayPort | 1 x DVI | 1 x VGA | 
Acer B243HL DJObmdr,Acer ,UM.FB3AA.D01 ,"24"" ",1920 x 1080 ,,5 ms ,,16:9 ,,250 cd/m² ,0.277 mm ,Yes ,No ,None ,Yes ,,170° H x 160° V , 1 x DVI | 1 x VGA | 
LG E1910T-BN,LG ,E1910T-BN ,"18.5"" ",1280 x 1024 ,,5 ms ,,5:4 ,,250 cd/m² ,0.287 mm ,No ,No ,None ,No ,75 x 75 ,170° H x 160° V , 1 x DVI | 1 x VGA | 
HP LV1911,HP ,A5V72A8#ABA ,"18.5"" ",1366 x 768 ,60 Hz ,5 ms ,,16:9 ,,200 cd/m² ,0.3 mm ,Yes ,No ,None ,No ,75 x 75 ,90° H x 50° V ,1 x VGA 
HP LV2311,HP ,A6B85A8#ABA ,"23"" ",1920 x 1080 ,60 Hz ,5 ms ,TN ,16:9 ,,250 cd/m² ,0.265 mm ,Yes ,No ,None ,No ,75 x 75 ,170° H x 160° V , 2 x DVI | 1 x VGA | 
HP L240w,HP ,QJ622A2#ABA ,"24"" ",1920 x 1200 ,60 Hz ,5 ms ,TN ,16:10 ,,300 cd/m² ,0.269 mm ,Yes ,No ,None ,No ,100 x 100 ,160° H x 160° V , 1 x DVI | 1 x VGA | 
ViewSonic VA2451M-LED,ViewSonic ,VA2451M-LED ,"24"" ",1920 x 1080 ,,5 ms ,,16:9 ,,300 cd/m² ,0.277 mm ,Yes ,No ,None ,Yes ,100 x 100 ,170° H x 160° V , 1 x DVI | 1 x VGA | 
LG E2742V-BN,LG ,E2742V-BN ,"27"" ",1920 x 1080 ,,5 ms ,TN ,16:9 ,,250 cd/m² ,0.311 mm ,Yes ,No ,None ,No ,75 x 75 ,170° H x 160° V , 1 x DVI | 1 x HDMI | 1 x VGA | 
Lenovo LS2221,Lenovo ,5453LS1 ,"21.5"" ",1920 x 1080 ,,5 ms ,,16:9 ,,250 cd/m² ,0.248 mm ,Yes ,No ,None ,No ,100 x 100 ,170° H x 160° V , 1 x DVI | 1 x VGA | 
ViewSonic VA2232WM-LED,ViewSonic ,VA2232WM-LED ,"22"" ",1680 x 1050 ,,5 ms ,,16:10 ,,250 cd/m² ,0.282 mm ,Yes ,No ,None ,Yes ,100 x 100 ,170° H x 160° V , 1 x DVI | 1 x VGA | 
Lenovo LT2323p,Lenovo ,3024HC1 ,"23"" ",1920 x 1080 ,,5 ms ,,16:9 ,,250 cd/m² ,0.265 mm ,Yes ,No ,None ,No ,100 x 100 ,170° H x 160° V , 1 x DisplayPort | 1 x DVI | 1 x VGA | 
Planar PL1900,Planar ,997-6374-00 ,"19"" ",1280 x 1024 ,,5 ms ,,5:4 ,,250 cd/m² ,0.294 mm ,No ,No ,None ,No ,100 x 100 ,170° H x 160° V ,1 x VGA 
Planar PX2611W,Planar ,997-3497-02 ,"26"" ",1920 x 1200 ,,5 ms ,IPS ,16:10 ,,400 cd/m² ,0.292 mm ,Yes ,No ,None ,No ,200 x 100 ,178° H x 178° V , 1 x DVI | 1 x VGA | 
V7 LED185W2R-8N,V7 ,LED185W2R-8N ,"18.5"" ",1366 x 768 ,75 Hz ,5 ms ,,16:9 ,,250 cd/m² ,0.3 mm ,Yes ,No ,None ,No ,75 x 75 ,,1 x VGA 
NEC EA223WM-BK,NEC ,EA223WM-BK ,"22"" ",1680 x 1050 ,,5 ms ,TN ,16:10 ,,250 cd/m² ,0.282 mm ,Yes ,No ,None ,Yes ,,178° H x 178° V , 1 x DisplayPort | 1 x DVI | 1 x VGA | 
V7 LED236W3R-8N,V7 ,LED236W3R-8N ,"24"" ",1920 x 1080 ,75 Hz ,5 ms ,,16:9 ,,250 cd/m² ,0.277 mm ,Yes ,No ,None ,No ,75 x 75 ,,1 x VGA 
Lenovo LT2252p,Lenovo ,2572MB6 ,"22"" ",1680 x 1050 ,60 Hz ,5 ms ,,16:10 ,,250 cd/m² ,0.282 mm ,Yes ,No ,None ,No ,100 x 100 ,170° H x 160° V , 1 x DisplayPort | 1 x DVI | 1 x VGA | 
V7 LED215W2R-8N,V7 ,LED215W2R-8N ,"21.5"" ",1920 x 1080 ,75 Hz ,5 ms ,,16:9 ,,250 cd/m² ,0.248 mm ,Yes ,No ,None ,No ,75 x 75 ,,1 x VGA 
LaCie 324i,LaCie ,131082 ,"24"" ",1920 x 1200 ,60 Hz ,6 ms ,IPS ,16:10 ,,400 cd/m² ,0.269 mm ,Yes ,No ,None ,No ,,178° H x 178° V , 1 x DisplayPort | 1 x DVI | 1 x HDMI | 
DoubleSight DS-1900S-R,DoubleSight ,DS-1900S-R ,"19"" ",1280 x 1024 ,60 Hz ,8 ms ,,5:4 ,,300 cd/m² ,0.294 mm ,No ,No ,None ,No ,100 x 100 ,,1 x VGA 
NEC LCD175M-BK,NEC ,LCD175M-BK ,"17"" ",1280 x 1024 ,,5 ms ,,5:4 ,,250 cd/m² ,0.263 mm ,No ,No ,None ,No ,100 x 100 ,170° H x 170° V , 1 x DVI | 1 x VGA | 
Asus VG23AH,Asus ,VG23AH ,"23"" ",1920 x 1080 ,,5 ms ,IPS ,16:9 ,,250 cd/m² ,0.265 mm ,Yes ,No ,None ,Yes ,100 x 100 ,178° H x 178° V , 1 x DVI | 2 x HDMI | 1 x VGA | 
Planar PLL1910W,Planar ,997-6611-00 ,"18.5"" ",1366 x 768 ,60 Hz ,5 ms ,,16:9 ,,250 cd/m² ,0.3 mm ,Yes ,No ,None ,No ,100 x 100 ,, 1 x DVI | 1 x VGA | 
NEC ASLCD93VX-BK,NEC ,ASLCD93VX-BK ,"19"" ",1280 x 1024 ,,5 ms ,,5:4 ,,300 cd/m² ,0.294 mm ,No ,No ,None ,No ,,170° H x 170° V , 1 x DVI | 1 x VGA | 
NEC LCD2090UXi-1,NEC ,LCD2090UXi-1 ,"20.1"" ",1600 x 1200 ,,16 ms ,IPS ,4:3 ,,280 cd/m² ,0.255 mm ,No ,No ,None ,No ,100 x 100 ,178° H x 178° V , 1 x DVI | 1 x VGA | 
NEC ASLCD194WXM-BK,NEC ,ASLCD194WXM-BK ,"19"" ",1440 x 900 ,,5 ms ,,16:10 ,,300 cd/m² ,0.284 mm ,Yes ,No ,None ,Yes ,,176° H x 176° V , 1 x DVI | 1 x VGA | 
Eizo SX2762W-BK,Eizo ,SX2762W-BK ,"27"" ",2560 x 1440 ,,6 ms ,IPS ,16:9 ,,270 cd/m² ,0.233 mm ,Yes ,No ,None ,No ,100 x 100 ,178° H x 178° V , 1 x DisplayPort | 1 x Mini-DisplayPort | 1 x DVI | 
NEC LCD2490WUXi-BK-SV,NEC ,LCD2490WUXi-BK-SV ,"24.1"" ",1920 x 1200 ,,16 ms ,,16:10 ,,400 cd/m² ,0.27 mm ,Yes ,No ,None ,No ,,178° H x 178° V , 1 x DVI | 1 x VGA | 
HP LA2405x,HP ,A9P21A8#ABA ,"24"" ",1920 x 1200 ,60 Hz ,5 ms ,TN ,16:10 ,,250 cd/m² ,0.269 mm ,Yes ,No ,None ,No ,100 x 100 ,170° H x 160° V , 1 x DisplayPort | 1 x DVI | 1 x VGA | 
NEC LCD175VXM+BK,NEC ,LCD175VXM+BK ,"17"" ",1280 x 1024 ,,5 ms ,,5:4 ,,270 cd/m² ,0.263 mm ,No ,No ,None ,No ,,170° H x 170° V , 1 x DVI | 1 x VGA | 
NEC P232W-BK-SV,NEC ,P232W-BK-SV ,"23"" ",1920 x 1080 ,,8 ms ,IPS ,16:9 ,,250 cd/m² ,0.265 mm ,Yes ,No ,None ,No ,,178° H x 178° V , 1 x DisplayPort | 1 x DVI | 1 x HDMI | 1 x VGA | 
NEC P232W-BK,NEC ,P232W-BK ,"23"" ",1920 x 1080 ,,8 ms ,IPS ,16:9 ,,250 cd/m² ,0.265 mm ,Yes ,No ,None ,No ,100 x 100 ,178° H x 178° V , 1 x DisplayPort | 1 x DVI | 1 x HDMI | 1 x VGA | 
Acer P238HLbd,Acer ,UM.VP8AA.002 ,"23"" ",1920 x 1080 ,60 Hz ,5 ms ,TN ,16:9 ,,250 cd/m² ,0.265 mm ,Yes ,No ,None ,No ,,170° H x 160° V , 1 x DVI | 1 x VGA | 
ViewSonic VG730M,ViewSonic ,VG730M ,"17"" ",1280 x 1024 ,,8 ms ,,5:4 ,,280 cd/m² ,0.263 mm ,No ,No ,None ,Yes ,100 x 100 ,170° H x 155° V , 1 x DVI | 1 x VGA | 
ViewSonic VA926,ViewSonic ,VA926 ,"19"" ",1280 x 1024 ,,5 ms ,,5:4 ,,300 cd/m² ,0.294 mm ,No ,No ,None ,No ,,170° H x 160° V , 1 x DVI | 1 x VGA | 
LG W1943SE-PF,LG ,W1943SE-PF ,"19"" ",1366 x 768 ,,5 ms ,,16:9 ,,250 cd/m² ,0.308 mm ,Yes ,No ,None ,No ,75 x 75 ,170° H x 160° V ,1 x VGA 
NEC EA222WMe-BK,NEC ,EA222WMe-BK ,"22"" ",1680 x 1050 ,,5 ms ,TN ,16:10 ,,250 cd/m² ,0.282 mm ,Yes ,No ,None ,Yes ,,176° H x 170° V , 1 x DisplayPort | 1 x DVI | 1 x VGA | 
ViewSonic VP2655wb,ViewSonic ,VP2655WB ,"26"" ",1920 x 1200 ,,,IPS ,16:10 ,,400 cd/m² ,0.292 mm ,Yes ,No ,None ,No ,,178° H x 178° V , 1 x DVI | 1 x VGA | 
HP LE2002xi,HP ,QC841A8#ABA ,"20"" ",1600 x 900 ,60 Hz ,5 ms ,,16:9 ,,250 cd/m² ,0.277 mm ,Yes ,No ,None ,No ,,170° H x 160° V , 1 x DVI | 1 x VGA | 
HP ZR2740w,HP ,XW476A4#ABA ,"27"" ",2560 x 1440 ,60 Hz ,12 ms ,IPS ,16:9 ,,380 cd/m² ,0.233 mm ,Yes ,No ,None ,No ,,178° H x 178° V , 1 x DisplayPort | 1 x DVI | 
LG EW234T-PN,LG ,EW234T-PN ,"23"" ",1920 x 1080 ,,5 ms ,TN ,16:9 ,,250 cd/m² ,0.265 mm ,Yes ,No ,None ,No ,100 x 100 ,170° H x 160° V , 1 x DVI | 1 x VGA | 
Planar PL1910M,Planar ,997-2797-00BN ,"19"" ",1280 x 1024 ,,5 ms ,,5:4 ,,250 cd/m² ,0.294 mm ,No ,No ,None ,Yes ,100 x 100 ,160° H x 160° V , 1 x DVI | 1 x VGA | 
HP L2311c,HP ,A1W80A8#ABA ,"23"" ",1920 x 1080 ,,5 ms ,TN ,16:9 ,,250 cd/m² ,0.265 mm ,Yes ,No ,None ,No ,100 x 100 ,170° H x 160° V ,1 x VGA 
Planar 997-6498-00-BN,Planar ,997-6498-00-BN ,"22"" ",1920 x 1080 ,75 Hz ,5 ms ,,16:9 ,,300 cd/m² ,0.254 mm ,Yes ,No ,None ,No ,100 x 100 ,, 1 x DVI | 1 x VGA | 
Eizo SX2462W-BK,Eizo ,SX2462W-BK ,"24.1"" ",1920 x 1200 ,,5 ms ,IPS ,16:10 ,,270 cd/m² ,0.27 mm ,Yes ,No ,None ,No ,,178° H x 178° V , 1 x DisplayPort | 1 x DVI | 
Eizo CG223W-BK,Eizo ,CG223W-BK ,"22"" ",1680 x 1050 ,,6 ms ,,16:10 ,,270 cd/m² ,0.282 mm ,Yes ,No ,None ,No ,100 x 100 ,178° H x 178° V , 1 x DisplayPort | 1 x DVI | 
Eizo S1921XSH-BK,Eizo ,S1921XSH-BK ,"19"" ",1280 x 1024 ,,20 ms ,,5:4 ,,250 cd/m² ,0.294 mm ,No ,No ,None ,No ,100 x 100 ,178° H x 178° V , 1 x DVI | 1 x VGA | 
LG M2452D-PU,LG ,M2452D-PU ,"24"" ",1920 x 1080 ,,5 ms ,,16:9 ,,250 cd/m² ,0.277 mm ,Yes ,No ,None ,No ,,178° H x 178° V , 1 x Component | 2 x HDMI | 1 x VGA | 
NEC P241W-BK-SV,NEC ,P241W-BK-SV ,"24"" ",1920 x 1200 ,85 Hz ,8 ms ,IPS ,16:10 ,,360 cd/m² ,0.269 mm ,Yes ,No ,None ,No ,100 x 100 ,178° H x 178° V , 1 x DisplayPort | 2 x DVI | 1 x VGA | 
Planar PLL1900MW,Planar ,997-6362-00 ,"19"" ",1366 x 768 ,60 Hz ,5 ms ,,16:9 ,,250 cd/m² ,0.308 mm ,Yes ,No ,None ,Yes ,100 x 100 ,170° H x 160° V ,1 x VGA 
HP LE2202x LL649AA#ABA),HP ,LL649AA#ABA ,"21.5"" ",1920 x 1080 ,60 Hz ,5 ms ,,16:9 ,,250 cd/m² ,0.248 mm ,Yes ,No ,None ,No ,,170° H x 160° V , 1 x DVI | 1 x VGA | 
ViewSonic VX2460h-LED,ViewSonic ,VX2460h-LED ,"24"" ",1920 x 1080 ,,2 ms ,,16:9 ,,250 cd/m² ,0.277 mm ,Yes ,No ,None ,No ,,170° H x 160° V , 2 x HDMI | 1 x VGA | 
V7 LED185W1-8N,V7 ,LED185W1-8N ,"18.5"" ",1366 x 768 ,,5 ms ,,16:9 ,,250 cd/m² ,0.3 mm ,Yes ,No ,None ,No ,75 x 75 ,170° H x 160° V ,1 x VGA 
V7 LED215W2-8N,V7 ,LED215W2-8N ,"21.5"" ",1920 x 1080 ,,5 ms ,,16:9 ,,250 cd/m² ,0.248 mm ,Yes ,No ,None ,No ,75 x 75 ,170° H x 160° V , 1 x DVI | 1 x VGA | 
Acer V183HV Ab,Acer ,ET.XV3HP.A02 ,"18.5"" ",1366 x 768 ,60 Hz ,5 ms ,,16:9 ,,200 cd/m² ,0.3 mm ,Yes ,No ,None ,No ,,90° H x 50° V ,1 x VGA 
V7 D22W12A-N6,V7 ,D22W12A-N6 ,"22"" ",1680 x 1050 ,76 Hz ,5 ms ,,16:10 ,,250 cd/m² ,0.282 mm ,Yes ,No ,None ,Yes ,100 x 100 ,, 1 x DVI | 1 x VGA | 
Acer S181HL Gb,Acer ,ET.XS1HP.G01 ,"18.5"" ",1366 x 768 ,,5 ms ,,16:9 ,,200 cd/m² ,0.3 mm ,Yes ,No ,None ,No ,,90° H x 50° V ,1 x VGA 
Planar 997-6501-00,Planar ,997-6501-00 ,"22"" ",1920 x 1080 ,60 Hz ,5 ms ,,16:9 ,,250 cd/m² ,0.254 mm ,Yes ,No ,None ,Yes ,100 x 100 ,, 1 x DVI | 1 x VGA | 
Philips BDL3245E00,Philips ,BDL3245E00 ,"32"" ",1920 x 1080 ,60 Hz ,5 ms ,,16:9 ,,500 cd/m² ,0.369 mm ,Yes ,No ,None ,No ,400 x 200 ,178° H x 178° V , 1 x Component | 1 x DVI | 1 x HDMI | 1 x S-Video | 1 x VGA | 
Acer G185HVb,Acer ,ET.XG5HP.002 ,"18.5"" ",1366 x 768 ,60 Hz ,5 ms ,TN ,16:9 ,,200 cd/m² ,0.3 mm ,Yes ,No ,None ,No ,100 x 100 ,90° H x 50° V ,1 x VGA 
Asus PB238Q,Asus ,PB238Q ,"23"" ",1920 x 1080 ,,6 ms ,IPS ,16:9 ,,250 cd/m² ,0.265 mm ,Yes ,No ,None ,Yes ,100 x 100 ,178° H x 178° V , 1 x DisplayPort | 1 x DVI | 1 x HDMI | 1 x VGA | 
Acer G276HLDbmid,Acer ,UM.HG6AA.D02 ,"27"" ",1920 x 1080 ,60 Hz ,6 ms ,,16:9 ,,300 cd/m² ,0.311 mm ,Yes ,No ,None ,Yes ,,, 1 x DVI | 1 x HDMI | 1 x VGA | 
ViewSonic VG2439M-LED,ViewSonic ,VG2439M-LED ,"24"" ",1920 x 1080 ,,5 ms ,,16:9 ,,300 cd/m² ,0.277 mm ,Yes ,No ,None ,Yes ,100 x 100 ,170° H x 160° V , 1 x DisplayPort | 1 x DVI | 1 x VGA | 
Acer V203HLBJObmd,Acer ,UM.DV3AA.B02 ,"20"" ",1600 x 900 ,60 Hz ,5 ms ,TN ,16:9 ,,250 cd/m² ,0.277 mm ,Yes ,No ,None ,No ,,, 1 x DVI | 1 x VGA | 
Acer V173 DJObm,Acer ,UM.BV3AA.D03 ,"17"" ",1280 x 1024 ,75 Hz ,5 ms ,,5:4 ,,250 cd/m² ,0.263 mm ,No ,No ,None ,Yes ,,, 1 x DVI | 1 x VGA | 
Acer V173 DJObd,Acer ,UM.BV3AA.D02 ,"17"" ",1280 x 1024 ,75 Hz ,5 ms ,TN ,5:4 ,,250 cd/m² ,0.263 mm ,No ,No ,None ,No ,,, 1 x DVI | 1 x VGA | 
HP L190w,HP ,QJ621A2#ABA ,"19"" ",1440 x 900 ,,5 ms ,TN ,16:10 ,,300 cd/m² ,0.284 mm ,Yes ,No ,None ,No ,100 x 100 ,170° H x 160° V , 1 x DVI | 1 x VGA | 
ViewSonic VG2239M-TAA,ViewSonic ,VG2239M-TAA ,"22"" ",1920 x 1080 ,,5 ms ,,16:9 ,,250 cd/m² ,0.254 mm ,Yes ,No ,None ,Yes ,100 x 100 ,170° H x 160° V , 1 x DisplayPort | 1 x DVI | 1 x VGA | 
Samsung S19B220B,Samsung ,S19B220B ,"18.5"" ",1366 x 768 ,,5 ms ,,16:9 ,,250 cd/m² ,0.3 mm ,Yes ,No ,None ,No ,100 x 100 ,170° H x 160° V , 1 x DVI | 1 x VGA | 
HP A9S75A8#ABA,HP ,A9S75A8#ABA ,"19"" ",1280 x 1024 ,,5 ms ,,5:4 ,,250 cd/m² ,0.294 mm ,No ,No ,None ,No ,100 x 100 ,170° H x 160° V , 1 x DisplayPort | 1 x DVI | 1 x VGA | 
Samsung S19B220NW,Samsung ,S19B220NW ,"19"" ",1440 x 900 ,,5 ms ,,16:10 ,,250 cd/m² ,0.284 mm ,Yes ,No ,None ,No ,,, 1 x DVI | 1 x VGA | 
Planar PLL2410W,Planar ,997-6871-00 ,"24"" ",1920 x 1080 ,60 Hz ,5 ms ,,16:9 ,,300 cd/m² ,0.277 mm ,Yes ,No ,None ,No ,100 x 100 ,170° H x 160° V , 1 x DVI | 1 x VGA | 
Samsung S19B420M,Samsung ,S19B420M ,"18.5"" ",1366 x 768 ,,5 ms ,,16:9 ,,250 cd/m² ,0.3 mm ,Yes ,No ,None ,Yes ,100 x 100 ,170° H x 160° V , 1 x DVI | 1 x VGA | 
HP 1912nm,HP ,A1K82A8#ABA ,"18.5"" ",1366 x 768 ,,5 ms ,,16:9 ,,200 cd/m² ,0.3 mm ,Yes ,No ,None ,Yes ,100 x 100 ,90° H x 50° V ,1 x VGA 
Samsung S19B420B,Samsung ,S19B420B ,"18.5"" ",1366 x 768 ,,5 ms ,,16:9 ,,250 cd/m² ,0.3 mm ,Yes ,No ,None ,No ,,, 1 x DVI | 1 x VGA | 
Samsung S22B420BW,Samsung ,S22B420BW ,"22"" ",1680 x 1050 ,,5 ms ,,16:10 ,,250 cd/m² ,0.282 mm ,Yes ,No ,None ,Yes ,100 x 100 ,170° H x 160° V , 1 x DVI | 1 x VGA | 
ViewSonic VA705-LED,ViewSonic ,VA705-LED ,"17"" ",1280 x 1024 ,,5 ms ,,5:4 ,,250 cd/m² ,0.263 mm ,No ,No ,None ,No ,100 x 100 ,170° H x 160° V ,1 x VGA 
LG N2311AZ-BF,LG ,N2311AZ-BF ,"23"" ",1920 x 1080 ,,14 ms ,IPS ,16:9 ,,250 cd/m² ,0.265 mm ,Yes ,No ,None ,Yes ,,178° H x 178° V , 1 x DVI | 2 x VGA | 
AOC E2060SDA,AOC ,E2060SDA ,"20"" ",1600 x 900 ,,5 ms ,,16:9 ,,250 cd/m² ,0.277 mm ,Yes ,No ,None ,Yes ,,, 1 x DVI | 1 x VGA | 
Acer V173DJOb,Acer ,UM.BV3AA.D01 ,"17"" ",1280 x 1024 ,75 Hz ,5 ms ,TN ,5:4 ,,250 cd/m² ,0.263 mm ,No ,No ,None ,No ,,,1 x VGA 
Samsung LF19PPBCB/ZA,Samsung ,LF19PPBCB/ZA ,"19"" ",1280 x 1024 ,,5 ms ,,5:4 ,,250 cd/m² ,0.294 mm ,No ,No ,None ,Yes ,100 x 100 ,,1 x VGA 
AOC E2243FWSK,AOC ,E2243FWSK ,"22"" ",1920 x 1080 ,60 Hz ,5 ms ,,16:9 ,,250 cd/m² ,0.254 mm ,Yes ,No ,None ,No ,100 x 100 ,,1 x VGA 
V7 LED215W2R-DVI,V7 ,LED215W2R-DVI ,"21.5"" ",1920 x 1080 ,,5 ms ,,16:9 ,,250 cd/m² ,0.248 mm ,Yes ,No ,None ,No ,,, 1 x DVI | 1 x VGA | 
AOC E2343FSK,AOC ,E2343FSK ,"23"" ",1920 x 1080 ,60 Hz ,5 ms ,,16:9 ,,250 cd/m² ,0.265 mm ,Yes ,No ,None ,No ,100 x 100 ,,1 x VGA 
V7 LED215W2R-SPEAKERS,V7 ,LED215W2R-SPEAKERS ,"21.5"" ",1920 x 1080 ,,5 ms ,,16:9 ,,250 cd/m² ,0.248 mm ,Yes ,No ,None ,Yes ,,170° H x 160° V ,1 x VGA 
Asus VB178T,Asus ,VB178T ,"17"" ",1280 x 1024 ,,5 ms ,,5:4 ,,250 cd/m² ,0.263 mm ,No ,No ,None ,Yes ,100 x 100 ,170° H x 160° V , 1 x DVI | 1 x VGA | 
ViewSonic VG2439M-TAA,ViewSonic ,VG2439M-TAA ,"24"" ",1920 x 1080 ,60 Hz ,5 ms ,,16:9 ,,300 cd/m² ,0.277 mm ,Yes ,No ,None ,Yes ,100 x 100 ,170° H x 160° V , 1 x DVI | 1 x VGA | 
ViewSonic VP2770-LED,ViewSonic ,VP2770-LED ,"27"" ",2560 x 1440 ,,12 ms ,IPS ,16:9 ,,300 cd/m² ,0.233 mm ,Yes ,No ,None ,No ,100 x 100 ,178° H x 178° V , 1 x DisplayPort | 1 x DVI | 1 x HDMI | 1 x VGA | 
Samsung S24A650S,Samsung ,S24A650S ,"24"" ",1920 x 1080 ,60 Hz ,8 ms ,,16:9 ,,250 cd/m² ,0.277 mm ,Yes ,No ,None ,Yes ,100 x 200 ,, 1 x DisplayPort | 1 x DVI | 1 x S-Video | 1 x VGA | 
Dell S2240M,Dell ,S2240M ,"21.5"" ",1920 x 1080 ,60 Hz ,7 ms ,IPS ,16:9 ,,250 cd/m² ,0.248 mm ,Yes ,No ,None ,No ,,178° H x 178° V , 1 x DVI | 1 x VGA | 
Samsung S22A450BW,Samsung ,S22A450BW ,"22"" ",1680 x 1050 ,,5 ms ,,16:10 ,,250 cd/m² ,0.282 mm ,Yes ,No ,None ,No ,100 x 100 ,, 1 x DVI | 1 x VGA | 
Zalman MZ215ED,Zalman ,MZ215ED ,"21.5"" ",1920 x 1080 ,,5 ms ,,16:9 ,,250 cd/m² ,0.248 mm ,Yes ,No ,None ,Yes ,,170° H x 160° V , 1 x DVI | 1 x VGA | 
ViewSonic VX2370Smh-LED,ViewSonic ,VX2370Smh-LED ,"23"" ",1920 x 1080 ,,7 ms ,IPS ,16:9 ,,250 cd/m² ,0.265 mm ,Yes ,No ,None ,Yes ,,178° H x 178° V , 1 x DVI | 1 x HDMI | 1 x VGA | 
Acer G215HVBbd,Acer ,ET.WG5HP.B01 ,"21.5"" ",1920 x 1080 ,60 Hz ,5 ms ,TN ,16:9 ,,200 cd/m² ,0.248 mm ,Yes ,No ,None ,No ,,, 1 x DVI | 1 x VGA | 
LG IPS224V-PN,LG ,IPS224V-PN ,"21.5"" ",1920 x 1080 ,,14 ms ,IPS ,16:9 ,,,0.248 mm ,Yes ,No ,None ,No ,75 x 75 ,,1 x VGA 
LG IPS234V-PN,LG ,IPS234V-PN ,"23"" ",1920 x 1080 ,75 Hz ,14 ms ,IPS ,16:9 ,,,0.265 mm ,Yes ,No ,None ,No ,75 x 75 ,,1 x VGA 
HP L2311c,HP ,A1W80AA#ABA ,"23"" ",1920 x 1080 ,60 Hz ,5 ms ,,16:9 ,,250 cd/m² ,0.265 mm ,Yes ,No ,None ,No ,100 x 100 ,170° H x 160° V ,1 x VGA 
LG E1942TC-BN,LG ,E1942TC-BN ,"18.5"" ",1366 x 768 ,,5 ms ,,16:9 ,,200 cd/m² ,0.3 mm ,Yes ,No ,None ,No ,,,1 x VGA 
Lenovo 3028LB2,Lenovo ,3028LB2 ,"23"" ",1920 x 1080 ,,7 ms ,,16:9 ,,250 cd/m² ,0.265 mm ,Yes ,No ,None ,Yes ,100 x 100 ,,1 x VGA 
NEC EA224WMi-BK,NEC ,EA224WMi-BK ,"22"" ",1920 x 1080 ,,5 ms ,IPS ,16:9 ,,250 cd/m² ,0.254 mm ,Yes ,No ,None ,Yes ,100 x 100 ,178° H x 178° V , 1 x DisplayPort | 1 x DVI | 1 x HDMI | 1 x VGA | 
Dell S2740L,Dell ,S2740L ,"27"" ",1920 x 1080 ,60 Hz ,7 ms ,IPS ,16:9 ,,270 cd/m² ,0.311 mm ,Yes ,No ,None ,No ,,178° H x 178° V , 1 x DVI | 1 x HDMI | 1 x VGA | 
Acer M230A,Acer ,EV.MA20C.001 ,"23"" ",1920 x 1080 ,,5 ms ,TN ,16:9 ,,300 cd/m² ,0.265 mm ,Yes ,No ,None ,Yes ,,170° H x 160° V , 1 x Component | 3 x HDMI | 1 x VGA | 
Acer V193LAJOb,Acer ,UM.CV3AA.A01 ,"19"" ",1280 x 1024 ,75 Hz ,5 ms ,TN ,5:4 ,,250 cd/m² ,0.294 mm ,No ,No ,None ,No ,,170° H x 160° V ,1 x VGA 
Acer V193LAJObd,Acer ,UM.CV3AA.A02 ,"19"" ",1280 x 1024 ,75 Hz ,5 ms ,TN ,5:4 ,,250 cd/m² ,0.294 mm ,No ,No ,None ,No ,,170° H x 160° V , 1 x DVI | 1 x VGA | 
Acer V193LAJObm,Acer ,UM.CV3AA.A03 ,"19"" ",1280 x 1024 ,75 Hz ,5 ms ,TN ,5:4 ,,250 cd/m² ,0.294 mm ,No ,No ,None ,Yes ,,170° H x 160° V ,1 x VGA 
Acer B223WL,Acer ,UM.EB3AA.A02 ,"22"" ",1680 x 1050 ,,5 ms ,,16:10 ,,250 cd/m² ,0.282 mm ,Yes ,No ,None ,Yes ,,170° H x 160° V , 1 x DVI | 1 x VGA | 
Acer V223WL,Acer ,UM.EV3AA.A01 ,"22"" ",1680 x 1050 ,,5 ms ,,16:10 ,,250 cd/m² ,0.282 mm ,Yes ,No ,None ,Yes ,,170° H x 160° V , 1 x DVI | 1 x VGA | 
Acer S271HLCbid,Acer ,UM.HS1AA.C01 ,"27"" ",1920 x 1080 ,60 Hz ,6 ms ,,16:9 ,,300 cd/m² ,0.311 mm ,Yes ,No ,None ,No ,,178° H x 178° V , 1 x DVI | 1 x HDMI | 1 x VGA | 
Acer S275HL,Acer ,UM.HS5AA.001 ,"27"" ",1920 x 1080 ,60 Hz ,6 ms ,IPS ,16:9 ,,250 cd/m² ,0.311 mm ,Yes ,No ,None ,Yes ,,178° H x 178° V , 2 x HDMI | 1 x VGA | 
Acer V233HL,Acer ,UM.VV3AA.B01 ,"23"" ",1920 x 1080 ,60 Hz ,5 ms ,TN ,16:9 ,,250 cd/m² ,0.265 mm ,Yes ,No ,None ,Yes ,,160° H x 160° V , 1 x DVI | 1 x VGA | 
Acer V233HLBJObd,Acer ,UM.VV3AA.B02 ,"23"" ",1920 x 1080 ,60 Hz ,5 ms ,TN ,16:9 ,,250 cd/m² ,0.265 mm ,Yes ,No ,None ,No ,,160° H x 160° V , 1 x DVI | 1 x VGA | 
Acer S181HLMb,Acer ,UM.XS1AA.M02 ,"18.5"" ",1366 x 768 ,,5 ms ,,16:9 ,,200 cd/m² ,0.3 mm ,Yes ,No ,None ,No ,,90° H x 65° V ,1 x VGA 
Asus MX239H,Asus ,MX239H ,"23"" ",1920 x 1080 ,,5 ms ,IPS ,16:9 ,,250 cd/m² ,0.265 mm ,Yes ,No ,None ,Yes ,,178° H x 178° V , 2 x HDMI | 1 x VGA | 
Asus VG27AH,Asus ,VG27AH ,"27"" ",1920 x 1080 ,,5 ms ,IPS ,16:9 ,,250 cd/m² ,0.311 mm ,Yes ,No ,None ,Yes ,100 x 100 ,178° H x 178° V , 1 x DVI | 2 x HDMI | 1 x VGA | 
BenQ VW2230H,BenQ ,VW2230H ,"21.5"" ",1920 x 1080 ,,4 ms ,,16:9 ,,250 cd/m² ,0.248 mm ,Yes ,No ,None ,No ,100 x 100 ,178° H x 178° V , 1 x DVI | 1 x HDMI | 1 x VGA | 
BenQ VW2430H,BenQ ,VW2430H ,"24"" ",1920 x 1080 ,,4 ms ,,16:9 ,,250 cd/m² ,0.277 mm ,Yes ,No ,None ,No ,100 x 100 ,178° H x 178° V , 1 x DVI | 1 x HDMI | 1 x VGA | 
Auria EQ276W,Auria ,EQ276W ,"27"" ",2560 x 1440 ,60 Hz ,6 ms ,IPS ,16:9 ,,350 cd/m² ,0.233 mm ,Yes ,No ,None ,Yes ,,178° H x 178° V , 1 x DisplayPort | 1 x DVI | 1 x HDMI | 1 x VGA | 
V7 LED215W2RS-8N,V7 ,LED215W2RS-8N ,"22"" ",1920 x 1080 ,,5 ms ,,16:9 ,,250 cd/m² ,0.254 mm ,Yes ,No ,None ,Yes ,100 x 100 ,, 1 x DVI-I Dual Link | 1 x VGA | 
V7 LED185W2RS-8N,V7 ,LED185W2RS-8N ,"18.5"" ",1366 x 768 ,,5 ms ,,16:9 ,,250 cd/m² ,0.3 mm ,Yes ,No ,None ,Yes ,100 x 100 ,170° H x 160° V , 1 x DVI | 1 x VGA | 
V7 LED185W2R-DVI,V7 ,LED185W2R-DVI ,"18.5"" ",1366 x 768 ,75 Hz ,5 ms ,,16:9 ,,250 cd/m² ,0.3 mm ,Yes ,No ,None ,No ,,, 1 x DVI | 1 x VGA | 
AOC E2051F,AOC ,E2051F ,"20"" ",1600 x 900 ,60 Hz ,5 ms ,,16:9 ,,250 cd/m² ,0.277 mm ,Yes ,No ,None ,No ,,170° H x 160° V , 1 x DVI | 1 x VGA | 
AOC E2260SWDN,AOC ,E2260SWDN ,"21.5"" ",1920 x 1080 ,60 Hz ,5 ms ,,16:9 ,,200 cd/m² ,0.248 mm ,Yes ,No ,None ,No ,100 x 100 ,90° H x 60° V , 1 x DVI | 1 x VGA | 
Dell E1913,Dell ,468-8865 ,"19"" ",1440 x 900 ,60 Hz ,5 ms ,,16:10 ,,250 cd/m² ,0.284 mm ,Yes ,No ,None ,No ,100 x 100 ,170° H x 160° V , 1 x DVI | 1 x VGA | 
Dell U2913WM,Dell ,U2913WM ,"29"" ",2560 x 1080 ,60 Hz ,8 ms ,IPS ,21:9 ,,300 cd/m² ,0.265 mm ,Yes ,No ,None ,No ,100 x 100 ,178° H x 178° V , 2 x DisplayPort | 1 x DVI | 1 x HDMI | 1 x VGA | 
LG E2722PY-BN,LG ,E2722PY-BN ,"27"" ",1920 x 1080 ,,14 ms ,IPS ,16:9 ,,250 cd/m² ,0.311 mm ,Yes ,No ,None ,Yes ,100 x 100 ,178° H x 178° V , 1 x DisplayPort | 1 x DVI | 1 x VGA | 
Sony SSML22F1,Sony ,SSML22F1 ,"21.5"" ",1920 x 1080 ,,,,16:9 ,,250 cd/m² ,0.248 mm ,Yes ,No ,None ,Yes ,100 x 100 ,170° H x 160° V , 1 x Component | 1 x DVI | 1 x HDMI | 1 x S-Video | 1 x VGA | 
Sony SSML24F1,Sony ,SSML24F1 ,"24"" ",1920 x 1080 ,,,,16:9 ,,250 cd/m² ,0.277 mm ,Yes ,No ,None ,Yes ,,170° H x 160° V , 1 x DVI | 1 x HDMI | 1 x S-Video | 1 x VGA | 
LG IPS277L-BN,LG ,IPS277L-BN ,"27"" ",1920 x 1080 ,,5 ms ,IPS ,16:9 ,,250 cd/m² ,0.311 mm ,Yes ,No ,None ,No ,,178° H x 178° V , 2 x HDMI | 1 x VGA | 
Samsung S24A850DW,Samsung ,S24A850DW ,"24"" ",1920 x 1080 ,,5 ms ,,16:9 ,,300 cd/m² ,0.277 mm ,Yes ,No ,None ,No ,100 x 100 ,178° H x 178° V , 1 x DisplayPort | 2 x DVI | 1 x VGA | 
V7 LED215W2-DVI,V7 ,LED215W2-DVI ,"21.5"" ",1920 x 1080 ,,5 ms ,,16:9 ,,250 cd/m² ,0.248 mm ,Yes ,No ,None ,Yes ,,, 1 x DVI | 1 x VGA | 
ViewSonic VA2037m-LED,ViewSonic ,VA2037m-LED ,"20"" ",1600 x 900 ,,5 ms ,,16:9 ,,250 cd/m² ,0.277 mm ,Yes ,No ,None ,Yes ,100 x 100 ,170° H x 160° V , 1 x DVI | 1 x VGA | 
ViewSonic VA2406m-LED,ViewSonic ,VA2406m-LED ,"24"" ",1920 x 1080 ,,5 ms ,,16:9 ,,270 cd/m² ,0.277 mm ,Yes ,No ,None ,Yes ,,170° H x 160° V , 1 x DVI | 1 x VGA | 
ViewSonic VA926-LED,ViewSonic ,VA926-LED ,"19"" ",1280 x 1024 ,,5 ms ,,5:4 ,,250 cd/m² ,0.294 mm ,No ,No ,None ,No ,100 x 100 ,170° H x 160° V , 1 x DVI | 1 x VGA | 
ViewSonic VG732m-LED,ViewSonic ,VG732m-LED ,"17"" ",1280 x 1024 ,,,,5:4 ,,250 cd/m² ,0.263 mm ,No ,No ,None ,Yes ,100 x 100 ,170° H x 160° V , 1 x DVI | 1 x VGA | 
ViewSonic VX2270Smh-LED,ViewSonic ,VX2270Smh-LED ,"22"" ",1920 x 1080 ,,7 ms ,IPS ,16:9 ,,250 cd/m² ,0.254 mm ,Yes ,No ,None ,No ,,178° H x 178° V , 1 x DVI | 1 x HDMI | 1 x VGA | 
Asus PA249Q,Asus ,PA249Q ,"24"" ",1920 x 1200 ,,6 ms ,IPS ,16:10 ,,350 cd/m² ,0.269 mm ,Yes ,No ,None ,No ,100 x 100 ,178° H x 178° V , 1 x DisplayPort | 1 x DVI | 1 x HDMI | 1 x VGA | 
Asus VS24AH-P,Asus ,VS24AH-P ,"24"" ",1920 x 1200 ,,5 ms ,IPS ,16:10 ,,300 cd/m² ,0.269 mm ,Yes ,No ,None ,No ,100 x 100 ,178° H x 178° V , 1 x DVI | 1 x HDMI | 1 x VGA | 
Acer G185HVBb,Acer ,ET.XG5HP.B01 ,"18.5"" ",1366 x 768 ,60 Hz ,5 ms ,TN ,16:9 ,,200 cd/m² ,0.3 mm ,Yes ,No ,None ,No ,,90° H x 50° V ,1 x VGA 
Acer V196WLb,Acer ,UM.CV6AA.001 ,"19"" ",1440 x 900 ,60 Hz ,5 ms ,TN ,16:10 ,,250 cd/m² ,0.284 mm ,Yes ,No ,None ,No ,,170° H x 160° V ,1 x VGA 
Acer V196WLbd,Acer ,UM.CV6AA.002 ,"19"" ",1440 x 900 ,60 Hz ,5 ms ,TN ,16:10 ,,250 cd/m² ,0.284 mm ,Yes ,No ,None ,No ,,, 1 x DVI | 1 x VGA | 
Acer V196WLbm,Acer ,UM.CV6AA.003 ,"19"" ",1440 x 900 ,60 Hz ,5 ms ,TN ,16:10 ,,250 cd/m² ,0.284 mm ,Yes ,No ,None ,Yes ,,170° H x 155° V ,1 x VGA 
Acer B226WLymdr,Acer ,UM.EB6AA.001 ,"22"" ",1680 x 1050 ,60 Hz ,5 ms ,TN ,16:10 ,,250 cd/m² ,0.282 mm ,Yes ,No ,None ,Yes ,,170° H x 160° V , 1 x DVI | 1 x VGA | 
Acer V226WLbmd,Acer ,UM.EV6AA.001 ,"22"" ",1680 x 1050 ,60 Hz ,5 ms ,TN ,16:10 ,,250 cd/m² ,0.282 mm ,Yes ,No ,None ,Yes ,,170° H x 160° V , 1 x DVI | 1 x VGA | 
Acer V226WLbd,Acer ,UM.EV6AA.002 ,"22"" ",1680 x 1050 ,60 Hz ,5 ms ,TN ,16:10 ,,250 cd/m² ,0.282 mm ,Yes ,No ,None ,No ,,170° H x 160° V , 1 x DVI | 1 x VGA | 
Acer B243PWLAJbmdrz,Acer ,UM.FB3AA.A01 ,"24"" ",1920 x 1200 ,60 Hz ,14 ms ,IPS ,16:10 ,,300 cd/m² ,0.269 mm ,Yes ,No ,None ,Yes ,,178° H x 178° V , 1 x DisplayPort | 1 x DVI | 1 x VGA | 
Acer V246HLbmdp,Acer ,UM.FV6AA.004 ,"24"" ",1920 x 1080 ,60 Hz ,5 ms ,TN ,16:9 ,,250 cd/m² ,0.277 mm ,Yes ,No ,None ,Yes ,,170° H x 160° V , 1 x DisplayPort | 1 x DVI | 1 x VGA | 
Acer UM.HB6AA.001,Acer ,UM.HB6AA.001 ,"27"" ",1920 x 1080 ,60 Hz ,6 ms ,IPS ,16:9 ,,300 cd/m² ,0.311 mm ,Yes ,No ,None ,Yes ,,, 1 x DisplayPort | 1 x DVI | 1 x VGA | 
Acer B233HLBJObmdh,Acer ,UM.VB3AA.B01 ,"23"" ",1920 x 1080 ,60 Hz ,5 ms ,TN ,16:9 ,,250 cd/m² ,0.265 mm ,Yes ,No ,None ,Yes ,,170° H x 160° V , 1 x DVI | 1 x VGA | 
Acer B226HQLAymdr,Acer ,UM.WB6AA.A01 ,"21.5"" ",1920 x 1080 ,60 Hz ,8 ms ,TN ,16:9 ,,250 cd/m² ,0.248 mm ,Yes ,No ,None ,Yes ,,, 1 x DVI | 1 x VGA | 
Acer V226HQLAbd,Acer ,UM.WV6AA.A01 ,"21.5"" ",1920 x 1080 ,60 Hz ,8 ms ,TN ,16:9 ,,250 cd/m² ,0.248 mm ,Yes ,No ,None ,No ,,, 1 x DVI | 1 x VGA | 
Acer UM.WV6AA.A02 (V226HQL Abmd),Acer ,UM.WV6AA.A02 ,"21.5"" ",1920 x 1080 ,60 Hz ,8 ms ,TN ,16:9 ,,250 cd/m² ,0.248 mm ,Yes ,No ,None ,Yes ,,178° H x 178° V , 1 x DVI | 1 x VGA | 
AOC E2260SD,AOC ,E2260SD ,"22"" ",1680 x 1050 ,60 Hz ,5 ms ,TN ,16:10 ,,250 cd/m² ,0.282 mm ,Yes ,No ,None ,No ,,170° H x 160° V , 1 x DVI | 1 x VGA | 
AOC E2460SD,AOC ,E2460SD ,"24"" ",1920 x 1080 ,60 Hz ,5 ms ,TN ,16:9 ,,250 cd/m² ,0.277 mm ,Yes ,No ,None ,No ,100 x 100 ,170° H x 160° V , 1 x DVI | 1 x VGA | 
AOC i2769Vm,AOC ,i2769Vm ,"27"" ",1920 x 1080 ,60 Hz ,5 ms ,IPS ,16:9 ,,250 cd/m² ,0.311 mm ,Yes ,No ,None ,Yes ,,178° H x 178° V , 1 x DisplayPort | 2 x HDMI | 1 x VGA | 
Acer G196HQLb,Acer ,UM.XG6AA.002 ,"18.5"" ",1366 x 768 ,60 Hz ,5 ms ,TN ,16:9 ,,200 cd/m² ,0.3 mm ,Yes ,No ,None ,No ,,90° H x 65° V ,1 x VGA 
ViewSonic VA2703-LED,ViewSonic ,VA2703-LED ,"27"" ",1920 x 1080 ,,,TN ,16:9 ,,300 cd/m² ,0.311 mm ,Yes ,No ,None ,No ,100 x 100 ,170° H x 160° V , 1 x DVI | 1 x VGA | 
ViewSonic VG932m-LED,ViewSonic ,VG932m-LED ,"19"" ",1280 x 1024 ,,5 ms ,TN ,5:4 ,,250 cd/m² ,0.294 mm ,No ,No ,None ,Yes ,100 x 100 ,170° H x 160° V , 1 x DVI | 1 x VGA | 
ViewSonic VX2260s-LED,ViewSonic ,VX2260s-LED ,"22"" ",1920 x 1080 ,,8 ms ,TN ,16:9 ,,250 cd/m² ,0.254 mm ,Yes ,No ,None ,No ,,178° H x 178° V , 1 x DisplayPort | 1 x DVI | 1 x VGA | 
LG 24EA53V-P,LG ,24EA53VQ ,"23.8"" ",1920 x 1080 ,,5 ms ,IPS ,16:9 ,,250 cd/m² ,0.274 mm ,Yes ,No ,None ,No ,,178° H x 178° V , 1 x DVI | 1 x HDMI | 1 x VGA | 
LG IPS234V-PN.AEK,LG ,IPS234V-PN.AEK ,"23.4"" ",1920 x 1080 ,,12 ms ,IPS ,16:9 ,,250 cd/m² ,0.27 mm ,Yes ,No ,None ,No ,,178° H x 178° V , 1 x DVI | 1 x HDMI | 1 x VGA | 
Dell E2213H,Dell ,469-3938 ,"21.5"" ",1920 x 1080 ,60 Hz ,5 ms ,TN ,16:9 ,,250 cd/m² ,0.248 mm ,Yes ,No ,None ,No ,100 x 100 ,170° H x 160° V , 1 x DVI | 1 x VGA | 
DoubleSight DS-245V2,DoubleSight ,DS-245V2 ,"24"" ",1920 x 1200 ,75 Hz ,5 ms ,IPS ,16:10 ,,400 cd/m² ,0.269 mm ,Yes ,No ,None ,Yes ,100 x 100 ,, 1 x DVI-D Dual Link | 1 x VGA | 
DoubleSight DS-309W,DoubleSight ,DS-309W ,"30"" ",2560 x 1600 ,,7 ms ,IPS ,16:10 ,,370 cd/m² ,0.252 mm ,Yes ,No ,None ,Yes ,100 x 100 ,178° H x 178° V , 1 x DisplayPort | 1 x DVI-D Dual Link | 1 x HDMI | 1 x VGA | 
HP w2408,HP ,w2408 ,"24"" ",1920 x 1200 ,60 Hz ,5 ms ,TN ,16:10 ,,400 cd/m² ,0.269 mm ,Yes ,No ,None ,Yes ,,, 1 x DVI-D Single Link | 1 x VGA | 
Acer S231HLBbid,Acer ,UM.VS1AA.B01 ,"23"" ",1920 x 1080 ,60 Hz ,5 ms ,TN ,16:9 ,,250 cd/m² ,0.265 mm ,Yes ,No ,None ,No ,,176° H x 170° V , 1 x DVI | 1 x HDMI | 1 x VGA | 
Acer S236HLtmjj,Acer ,UM.VS6AA.001 ,"23"" ",1920 x 1080 ,60 Hz ,6 ms ,IPS ,16:9 ,,250 cd/m² ,0.265 mm ,Yes ,No ,None ,Yes ,,178° H x 178° V , 2 x HDMI | 1 x VGA | 
Asus VW22AT-CSM,Asus ,VW22AT-CSM ,"22"" ",1680 x 1050 ,,5 ms ,TN ,16:10 ,,250 cd/m² ,0.282 mm ,Yes ,No ,None ,Yes ,100 x 100 ,170° H x 160° V , 1 x DVI | 1 x VGA | 
Gateway KX2153bd,Gateway ,UM.WW3AA.003 ,"21.5"" ",1920 x 1080 ,60 Hz ,5 ms ,TN ,16:9 ,,200 cd/m² ,0.248 mm ,Yes ,No ,None ,No ,,110° H x 85° V , 1 x DVI | 1 x VGA | 
HP 2311gt (QJ684AA#ABA),HP ,2311GT ,"23"" ",1920 x 1080 ,60 Hz ,5 ms ,TN ,16:9 ,,250 cd/m² ,0.265 mm ,Yes ,No ,None ,No ,,, 1 x DVI | 1 x HDMI | 1 x VGA | 
HP 25xi (C3Z97AA#ABA),HP ,25xi ,"25"" ",1920 x 1080 ,60 Hz ,7 ms ,IPS ,16:9 ,,250 cd/m² ,0.288 mm ,Yes ,No ,None ,No ,,178° H x 178° V , 1 x DVI | 1 x HDMI | 1 x VGA | 
HP C4D30AA#ABA,HP ,C4D30AA#ABA ,"21.5"" ",1920 x 1080 ,60 Hz ,7 ms ,IPS ,16:9 ,,250 cd/m² ,0.248 mm ,Yes ,No ,None ,No ,,178° H x 178° V , 1 x DVI-D Dual Link | 1 x HDMI | 1 x VGA | 
HP C9E49AA#ABA,HP ,C9E49AA#ABA ,"21.5"" ",1920 x 1080 ,,5 ms ,TN ,16:9 ,,250 cd/m² ,0.248 mm ,Yes ,No ,None ,Yes ,,,1 x VGA 
HP P191,HP ,C9E54A8#ABA ,"18.5"" ",1366 x 768 ,,5 ms ,TN ,16:9 ,,250 cd/m² ,0.3 mm ,Yes ,No ,None ,No ,100 x 100 ,170° H x 160° V ,1 x VGA 
HP P201,HP ,C9F26A8#ABA ,"20"" ",1600 x 900 ,,5 ms ,TN ,16:9 ,,250 cd/m² ,0.277 mm ,Yes ,No ,None ,No ,100 x 100 ,170° H x 160° V , 1 x DVI | 1 x VGA | 
HP C9F26AA#ABA,HP ,C9F26AA#ABA ,"20"" ",1600 x 900 ,,5 ms ,TN ,16:9 ,,250 cd/m² ,0.277 mm ,Yes ,No ,None ,No ,100 x 100 ,170° H x 160° V , 1 x DVI | 1 x VGA | 
HP P201m,HP ,C9F73A8#ABA ,"20"" ",1600 x 900 ,,5 ms ,TN ,16:9 ,,250 cd/m² ,0.277 mm ,Yes ,No ,None ,Yes ,100 x 100 ,170° H x 160° V , 1 x DVI | 1 x VGA | 
HP C9V73A8#ABA,HP ,C9V73A8#ABA ,"20"" ",1600 x 900 ,,5 ms ,TN ,16:9 ,,250 cd/m² ,0.277 mm ,Yes ,No ,None ,Yes ,100 x 100 ,,1 x VGA 
HP C9V73AA#ABA,HP ,C9V73AA#ABA ,"20"" ",1600 x 900 ,60 Hz ,5 ms ,TN ,16:9 ,,250 cd/m² ,0.277 mm ,Yes ,No ,None ,Yes ,100 x 100 ,,1 x VGA 
HP C9V75AA#ABA,HP ,C9V75AA#ABA ,"23"" ",1920 x 1080 ,60 Hz ,5 ms ,TN ,16:9 ,,250 cd/m² ,0.265 mm ,Yes ,No ,None ,Yes ,,170° H x 160° V , 1 x DisplayPort | 1 x DVI-D Dual Link | 1 x VGA | 
HP E221,HP ,C9V76A8#ABA ,"21.5"" ",1920 x 1080 ,60 Hz ,5 ms ,TN ,16:9 ,,250 cd/m² ,0.248 mm ,Yes ,No ,None ,No ,100 x 100 ,170° H x 160° V , 1 x DisplayPort | 1 x DVI | 1 x VGA | 
HP C9V76AA#ABA,HP ,C9V76AA#ABA ,"21.5"" ",1920 x 1080 ,60 Hz ,5 ms ,TN ,16:9 ,,250 cd/m² ,0.248 mm ,Yes ,No ,None ,Yes ,100 x 100 ,,1 x VGA 
HP D2W67A8#ABA,HP ,D2W67A8#ABA ,"19"" ",1280 x 1024 ,60 Hz ,5 ms ,TN ,5:4 ,,250 cd/m² ,0.294 mm ,No ,No ,None ,No ,100 x 100 ,,1 x VGA 
HP D2W67AA#ABA,HP ,D2W67AA#ABA ,"19"" ",1280 x 1024 ,,5 ms ,TN ,5:4 ,,250 cd/m² ,0.294 mm ,No ,No ,None ,No ,100 x 100 ,,1 x VGA 
HP EM887AA,HP ,EM887AA ,"19"" ",1280 x 1024 ,,5 ms ,TN ,5:4 ,,250 cd/m² ,0.294 mm ,No ,No ,None ,No ,100 x 100 ,,1 x VGA 
Samsung C27A650X,Samsung ,C27A650X ,"27"" ",1920 x 1080 ,,8 ms ,,16:9 ,,300 cd/m² ,0.311 mm ,Yes ,No ,None ,No ,100 x 200 ,178° H x 178° V , 1 x HDMI | 1 x VGA | 
Samsung LS22B420BWN/ZA,Samsung ,LS22B420BWN/ZA ,"22"" ",1680 x 1050 ,,5 ms ,,16:10 ,,250 cd/m² ,0.282 mm ,Yes ,No ,None ,No ,100 x 100 ,,1 x VGA 
Samsung S19C200BR,Samsung ,S19C200BR ,"19"" ",1280 x 1024 ,,5 ms ,TN ,5:4 ,,250 cd/m² ,0.294 mm ,No ,No ,None ,No ,100 x 100 ,170° H x 160° V , 1 x DVI | 1 x VGA | 
Samsung S19C200NY,Samsung ,S19C200NY ,"18.5"" ",1366 x 768 ,,5 ms ,TN ,16:9 ,,200 cd/m² ,0.3 mm ,Yes ,No ,None ,No ,100 x 100 ,90° H x 65° V ,1 x VGA 
Samsung S19C450BR,Samsung ,S19C450BR ,"19"" ",1280 x 1024 ,,5 ms ,TN ,5:4 ,,250 cd/m² ,0.294 mm ,No ,No ,None ,No ,100 x 100 ,170° H x 160° V , 1 x DVI | 1 x VGA | 
Samsung S20C200B,Samsung ,S20C200B ,"20"" ",1600 x 900 ,,5 ms ,TN ,16:9 ,,250 cd/m² ,0.277 mm ,Yes ,No ,None ,No ,100 x 100 ,170° H x 160° V , 1 x DVI | 1 x VGA | 
Samsung S22C200NY,Samsung ,S22C200NY ,"21.5"" ",1920 x 1080 ,,5 ms ,TN ,16:9 ,,200 cd/m² ,0.248 mm ,Yes ,No ,None ,No ,100 x 100 ,90° H x 65° V ,1 x VGA 
Samsung S22C350H,Samsung ,S22C350H ,"21.5"" ",1920 x 1080 ,,5 ms ,TN ,16:9 ,,250 cd/m² ,0.248 mm ,Yes ,No ,None ,No ,,170° H x 160° V , 1 x HDMI | 1 x VGA | 
Samsung S22C650D,Samsung ,S22C650D ,"21.5"" ",1920 x 1080 ,,5 ms ,IPS ,16:9 ,,250 cd/m² ,0.248 mm ,Yes ,No ,None ,Yes ,100 x 100 ,,1 x VGA 
Samsung S23C450D,Samsung ,S23C450D ,"23"" ",1920 x 1080 ,60 Hz ,5 ms ,,16:9 ,,250 cd/m² ,0.265 mm ,Yes ,No ,None ,No ,100 x 100 ,170° H x 160° V , 1 x DisplayPort | 1 x DVI | 1 x VGA | 
Samsung S24B150BL,Samsung ,S24B150BL ,"23.6"" ",1920 x 1080 ,,5 ms ,TN ,16:9 ,,200 cd/m² ,0.272 mm ,Yes ,No ,None ,No ,,90° H x 65° V , 1 x DVI | 1 x VGA | 
Samsung S24B30BL,Samsung ,S24B30BL ,"23.6"" ",1920 x 1080 ,,5 ms ,TN ,16:9 ,,300 cd/m² ,0.272 mm ,Yes ,No ,None ,No ,,170° H x 160° V , 1 x DVI | 1 x VGA | 
Samsung S24C300HL,Samsung ,S24C300HL ,"23.6"" ",1920 x 1080 ,,5 ms ,TN ,16:9 ,,250 cd/m² ,0.272 mm ,Yes ,No ,None ,No ,,170° H x 160° V , 1 x HDMI | 1 x VGA | 
Samsung S24C370HL,Samsung ,S24C370HL ,"23.6"" ",1920 x 1080 ,,5 ms ,TN ,16:9 ,,250 cd/m² ,0.272 mm ,Yes ,No ,None ,No ,,170° H x 160° V , 1 x HDMI | 1 x VGA | 
Samsung S24C450BW,Samsung ,S24C450BW ,"24"" ",1920 x 1200 ,,5 ms ,,16:10 ,,250 cd/m² ,0.269 mm ,Yes ,No ,None ,No ,100 x 100 ,170° H x 160° V , 1 x DVI | 1 x VGA | 
Samsung S24C450DL,Samsung ,S24C450DL ,"23.6"" ",1920 x 1080 ,,5 ms ,,16:9 ,,250 cd/m² ,0.272 mm ,Yes ,No ,None ,No ,100 x 100 ,, 1 x DVI | 1 x VGA | 
Samsung S24C570HL,Samsung ,S24C570HL ,"23.6"" ",1920 x 1080 ,,5 ms ,,16:9 ,,250 cd/m² ,0.272 mm ,Yes ,No ,None ,No ,,178° H x 178° V , 1 x HDMI | 1 x VGA | 
Samsung S24C750P,Samsung ,S24C750P ,"24"" ",1920 x 1080 ,,5 ms ,,16:9 ,,250 cd/m² ,0.277 mm ,Yes ,No ,None ,No ,,178° H x 178° V , 2 x HDMI | 1 x VGA | 
Samsung S27C230B,Samsung ,S27C230B ,"27"" ",1920 x 1080 ,,5 ms ,TN ,16:9 ,,300 cd/m² ,0.311 mm ,Yes ,No ,None ,No ,,170° H x 160° V , 1 x DVI | 1 x VGA | 
Samsung S27C350H,Samsung ,S27C350H ,"27"" ",1920 x 1080 ,,5 ms ,TN ,16:9 ,,300 cd/m² ,0.311 mm ,Yes ,No ,None ,No ,,170° H x 160° V , 1 x HDMI | 1 x VGA | 
Samsung S27C450D,Samsung ,S27C450D ,"27"" ",1920 x 1080 ,,5 ms ,,16:9 ,,300 cd/m² ,0.311 mm ,Yes ,No ,None ,No ,100 x 100 ,170° H x 160° V , 1 x DVI | 1 x VGA | 
Samsung S27C570H,Samsung ,S27C570H ,"27"" ",1920 x 1080 ,,5 ms ,,16:9 ,,300 cd/m² ,0.311 mm ,Yes ,No ,None ,No ,,178° H x 178° V , 1 x HDMI | 1 x VGA | 
Hannspree HE195ABB,Hannspree ,HE195ABB ,"18.5"" ",1366 x 768 ,,5 ms ,TN ,16:9 ,,200 cd/m² ,0.3 mm ,Yes ,No ,None ,No ,100 x 100 ,170° H x 160° V ,1 x VGA 
Hannspree HE247DPB,Hannspree ,HE247DPB ,"23.6"" ",1920 x 1080 ,,5 ms ,TN ,16:9 ,,250 cd/m² ,0.272 mm ,Yes ,No ,None ,Yes ,100 x 100 ,170° H x 160° V , 1 x DVI | 1 x VGA | 
Hannspree HS233H3B,Hannspree ,HS233H3B ,"23"" ",1920 x 1080 ,120 Hz ,3 ms ,,16:9 ,,300 cd/m² ,0.265 mm ,Yes ,No ,None ,No ,,170° H x 160° V , 1 x DVI | 1 x HDMI | 1 x VGA | 
Hannspree HX193DPB,Hannspree ,HX193DPB ,"19"" ",1280 x 1024 ,,5 ms ,TN ,5:4 ,,250 cd/m² ,0.294 mm ,No ,No ,None ,Yes ,100 x 100 ,170° H x 160° V , 1 x DVI | 1 x VGA | 
LG 19CNV42K-BL,LG ,19CNV42K-BL ,"19"" ",1440 x 900 ,,5 ms ,,16:10 ,,250 cd/m² ,0.284 mm ,Yes ,No ,None ,Yes ,,170° H x 160° V , 1 x DVI | 1 x VGA | 
LG 20EN33TS-B,LG ,20EN33TS-B ,"19.5"" ",1600 x 900 ,,5 ms ,,16:9 ,,250 cd/m² ,0.27 mm ,Yes ,No ,None ,No ,75 x 75 ,90° H x 50° V , 1 x DVI | 1 x VGA | 
LG 22EA63T-P,LG ,22EA63T-P ,"21.5"" ",1920 x 1080 ,,5 ms ,IPS ,16:9 ,,250 cd/m² ,0.248 mm ,Yes ,No ,None ,No ,75 x 75 ,178° H x 178° V , 1 x DVI | 1 x VGA | 
LG 22EB23PY-B,LG ,22EB23PY-B ,"22"" ",1680 x 1050 ,,5 ms ,,16:10 ,,250 cd/m² ,0.282 mm ,Yes ,No ,None ,Yes ,,170° H x 160° V , 1 x DisplayPort | 1 x DVI | 1 x VGA | 
LG 22EC33T-B,LG ,22EC33T-B ,"21.5"" ",1920 x 1080 ,,5 ms ,TN ,16:9 ,,200 cd/m² ,0.248 mm ,Yes ,No ,None ,No ,75 x 75 ,90° H x 65° V , 1 x DVI | 1 x VGA | 
LG 23CAV42K-BL,LG ,23CAV42K-BL ,"23"" ",1920 x 1080 ,,14 ms ,IPS ,16:9 ,,250 cd/m² ,0.265 mm ,Yes ,No ,None ,Yes ,,178° H x 178° V , 1 x DVI | 1 x VGA | 
LG 23EA53V-P,LG ,23EA53V-P.AUS ,"23"" ",1920 x 1080 ,,5 ms ,IPS ,16:9 ,,250 cd/m² ,0.265 mm ,Yes ,No ,None ,No ,,178° H x 178° V , 1 x DVI | 1 x HDMI | 1 x VGA | 
LG 23EA63V-P,LG ,23EA63V-P ,"23"" ",1920 x 1080 ,,5 ms ,IPS ,16:9 ,,250 cd/m² ,0.265 mm ,Yes ,No ,None ,No ,75 x 75 ,178° H x 178° V , 1 x DVI | 1 x HDMI | 1 x VGA | 
LG 23EN43T-B,LG ,23EN43T-B ,"23"" ",1920 x 1080 ,60 Hz ,5 ms ,TN ,16:9 ,,250 cd/m² ,0.265 mm ,Yes ,No ,None ,No ,100 x 100 ,170° H x 160° V , 1 x DVI | 1 x VGA | 
LG 23EN43T-B,LG ,23EN43T-B.AUS ,"23"" ",1920 x 1080 ,60 Hz ,5 ms ,TN ,16:9 ,,250 cd/m² ,0.265 mm ,Yes ,No ,None ,No ,,170° H x 160° V , 1 x DVI | 1 x VGA | 
LG 24EB23PM-B,LG ,24EB23PM-B ,"24"" ",1920 x 1200 ,60 Hz ,5 ms ,IPS ,16:10 ,,300 cd/m² ,0.269 mm ,Yes ,No ,None ,Yes ,100 x 100 ,178° H x 178° V , 1 x DVI | 1 x VGA | 
LG 24EN33TW-B,LG ,24EN33TW-B ,"23.6"" ",1920 x 1080 ,60 Hz ,5 ms ,TN ,16:9 ,,200 cd/m² ,0.272 mm ,Yes ,No ,None ,No ,100 x 100 ,170° H x 160° V , 1 x DVI | 1 x VGA | 
LG 24EN33VW-B,LG ,24EN33VW-B ,"23.6"" ",1920 x 1080 ,60 Hz ,5 ms ,,16:9 ,,200 cd/m² ,0.272 mm ,Yes ,No ,None ,No ,,170° H x 160° V , 1 x DVI | 1 x HDMI | 1 x VGA | 
LG 27EA33V,LG ,27EA33V ,"27"" ",1920 x 1080 ,60 Hz ,5 ms ,IPS ,16:9 ,,200 cd/m² ,0.311 mm ,Yes ,No ,None ,No ,100 x 100 ,178° H x 178° V , 1 x DVI | 1 x HDMI | 1 x VGA | 
LG 27EA63V-P,LG ,27EA63V-P.AUS ,"27"" ",1920 x 1080 ,60 Hz ,5 ms ,IPS ,16:9 ,,250 cd/m² ,0.311 mm ,Yes ,No ,None ,No ,,178° H x 178° V , 1 x DVI | 1 x HDMI | 1 x VGA | 
LG 27EA83-D,LG ,27EA83-D ,"27"" ",2560 x 1440 ,60 Hz ,5 ms ,IPS ,16:9 ,,350 cd/m² ,0.233 mm ,Yes ,No ,None ,No ,100 x 100 ,178° H x 178° V , 1 x DisplayPort | 1 x DVI | 1 x HDMI | 
LG 27EC33V-B,LG ,27EC33V-B ,"27"" ",1920 x 1080 ,60 Hz ,5 ms ,IPS ,16:9 ,,200 cd/m² ,0.311 mm ,Yes ,No ,None ,No ,100 x 100 ,178° H x 178° V , 1 x DVI | 1 x HDMI | 1 x VGA | 
LG 27EN43V-B,LG ,27EN43V-B ,"27"" ",1920 x 1080 ,60 Hz ,5 ms ,TN ,16:9 ,,250 cd/m² ,0.311 mm ,Yes ,No ,None ,No ,100 x 100 ,170° H x 160° V , 1 x DVI | 1 x HDMI | 1 x VGA | 
LG 29EA93-P,LG ,29EA93 ,"29"" ",2560 x 1080 ,60 Hz ,5 ms ,IPS ,21:9 ,,300 cd/m² ,0.265 mm ,Yes ,No ,None ,Yes ,100 x 100 ,178° H x 178° V , 1 x DisplayPort | 1 x DVI | 1 x HDMI | 
LG 29EA93-P,LG ,29EA93-P ,"29"" ",2560 x 1080 ,60 Hz ,5 ms ,IPS ,21:9 ,,300 cd/m² ,0.265 mm ,Yes ,No ,None ,Yes ,100 x 100 ,178° H x 178° V , 1 x DisplayPort | 1 x DVI | 1 x HDMI | 
LG D2343P-BN,LG ,D2343P-BN ,"23"" ",1920 x 1080 ,60 Hz ,5 ms ,IPS ,16:9 ,,250 cd/m² ,0.265 mm ,Yes ,No ,None ,No ,75 x 75 ,178° H x 178° V , 1 x DVI | 1 x HDMI | 1 x VGA | 
LG D2343PB-BN,LG ,D2343PB-BN ,"23"" ",1920 x 1080 ,,5 ms ,,16:9 ,,250 cd/m² ,0.265 mm ,Yes ,No ,None ,No ,75 x 75 ,, 1 x DVI | 1 x HDMI | 1 x VGA | 
LG E2211PB-BN,LG ,E2211PB-BN ,"22"" ",1920 x 1080 ,,5 ms ,TN ,16:9 ,,250 cd/m² ,0.254 mm ,Yes ,No ,None ,Yes ,100 x 100 ,170° H x 160° V , 1 x DVI | 1 x VGA | 
LG E2411PB-BN,LG ,E2411PB-BN ,"24"" ",1920 x 1080 ,,5 ms ,,16:9 ,,250 cd/m² ,0.277 mm ,Yes ,No ,None ,Yes ,100 x 100 ,170° H x 160° V , 1 x DVI | 1 x VGA | 
LG N225WU-BN,LG ,N225WU-BN ,"21.5"" ",1920 x 1080 ,,5 ms ,TN ,16:9 ,,250 cd/m² ,0.248 mm ,Yes ,No ,None ,No ,,170° H x 160° V ,2 x VGA 
CTL MTLP200,CTL ,MTLP2001 ,"20"" ",1600 x 900 ,,5 ms ,,16:9 ,,250 cd/m² ,0.277 mm ,Yes ,No ,None ,Yes ,,, 1 x DVI | 1 x VGA | 
CTL MTLP2151,CTL ,MTLP2151 ,"22"" ",1920 x 1080 ,,2 ms ,TN ,16:9 ,,250 cd/m² ,0.254 mm ,Yes ,No ,None ,Yes ,,160° H x 160° V , 1 x DVI | 1 x HDMI | 1 x VGA | 
CTL LP2361,CTL ,MTLP2361 ,"24"" ",1920 x 1080 ,,2 ms ,,16:9 ,,300 cd/m² ,0.277 mm ,Yes ,No ,None ,Yes ,100 x 100 ,160° H x 160° V , 1 x DVI | 1 x HDMI | 1 x VGA | 
CTL MTLP2701,CTL ,MTLP2701 ,"27"" ",1920 x 1080 ,,2 ms ,,16:9 ,,300 cd/m² ,0.311 mm ,Yes ,No ,None ,Yes ,,160° H x 160° V , 1 x DVI | 1 x HDMI | 1 x VGA | 
DoubleSight DS-279W,DoubleSight ,DS-279W ,"27"" ",2560 x 1440 ,60 Hz ,6 ms ,IPS ,16:9 ,,350 cd/m² ,0.233 mm ,Yes ,No ,None ,Yes ,100 x 100 ,178° H x 178° V , 1 x DisplayPort | 1 x DVI | 1 x HDMI | 1 x VGA | 
Eizo CG243W-BK,Eizo ,CG243W-BK ,"24.1"" ",1920 x 1200 ,60 Hz ,,IPS ,16:10 ,,270 cd/m² ,0.27 mm ,Yes ,No ,None ,No ,,178° H x 178° V , 1 x DisplayPort | 2 x DVI | 
Eizo EV2436WFS-BK,Eizo ,EV2436WFS-BK ,"24"" ",1920 x 1200 ,60 Hz ,6 ms ,IPS ,16:10 ,,300 cd/m² ,0.269 mm ,Yes ,No ,None ,No ,100 x 100 ,178° H x 178° V , 1 x DisplayPort | 1 x DVI | 1 x VGA | 
Eizo S2202WH-BK,Eizo ,S2202WH-BK ,"22"" ",1680 x 1050 ,,5 ms ,,16:10 ,,300 cd/m² ,0.282 mm ,Yes ,No ,None ,Yes ,,178° H x 178° V , 1 x DVI | 1 x VGA | 
Eizo SX2262W-BK,Eizo ,SX2262W-BK ,"22"" ",1920 x 1200 ,,6 ms ,,16:10 ,,280 cd/m² ,0.247 mm ,Yes ,No ,None ,No ,,178° H x 178° V , 1 x DisplayPort | 2 x DVI | 
Lenovo LI2321S,Lenovo ,18200556 ,"23"" ",1920 x 1080 ,60 Hz ,14 ms ,IPS ,16:9 ,,250 cd/m² ,0.265 mm ,Yes ,No ,None ,No ,,178° H x 178° V , 1 x DVI | 1 x HDMI | 1 x VGA | 
Lenovo LT2252p,Lenovo ,2572MB1 ,"22"" ",1680 x 1050 ,75 Hz ,5 ms ,TN ,16:10 ,,250 cd/m² ,0.282 mm ,Yes ,No ,None ,No ,100 x 100 ,, 1 x DisplayPort | 1 x DVI | 1 x VGA | 
Lenovo LT1712p,Lenovo ,5047HC2 ,"17"" ",1280 x 1024 ,75 Hz ,5 ms ,TN ,5:4 ,,250 cd/m² ,0.263 mm ,No ,No ,None ,No ,100 x 100 ,170° H x 160° V , 1 x DVI | 1 x VGA | 
Lenovo LT2223p,Lenovo ,60A1MAR2US ,"21.5"" ",1920 x 1080 ,60 Hz ,5 ms ,TN ,16:9 ,,250 cd/m² ,0.248 mm ,Yes ,No ,None ,No ,100 x 100 ,, 1 x DisplayPort | 1 x HDMI | 1 x VGA | 
Lenovo LT2223p,Lenovo ,60A2MAR2US ,"21.5"" ",1920 x 1080 ,,5 ms ,TN ,16:9 ,,250 cd/m² ,0.248 mm ,Yes ,No ,None ,Yes ,100 x 100 ,, 1 x DisplayPort | 3 x DVI | 1 x HDMI | 1 x VGA | 
NEC AS192WM-BK,NEC ,AS192WM-BK ,"19"" ",1440 x 900 ,,5 ms ,,16:10 ,,250 cd/m² ,0.284 mm ,Yes ,No ,None ,Yes ,100 x 100 ,170° H x 160° V , 1 x DVI | 1 x VGA | 
NEC E223W-BK,NEC ,E223W-BK ,"22"" ",1680 x 1050 ,,5 ms ,TN ,16:10 ,,250 cd/m² ,0.282 mm ,Yes ,No ,None ,No ,100 x 100 ,178° H x 178° V , 1 x DisplayPort | 1 x DVI | 1 x VGA | 
NEC EA294WMi-BK,NEC ,EA294WMi-BK ,"29"" ",2560 x 1080 ,60 Hz ,6 ms ,IPS ,21:9 ,,300 cd/m² ,0.265 mm ,Yes ,No ,None ,Yes ,100 x 100 ,178° H x 178° V , 1 x DisplayPort | 2 x DVI | 1 x HDMI | 2 x VGA | 
NEC P242W-BK,NEC ,P242W-BK ,"24"" ",1920 x 1200 ,60 Hz ,8 ms ,IPS ,16:10 ,,350 cd/m² ,0.269 mm ,Yes ,No ,None ,No ,100 x 100 ,178° H x 178° V , 1 x DisplayPort | 1 x DVI | 1 x HDMI | 1 x VGA | 
NEC V322,NEC ,V322 ,"32"" ",1366 x 768 ,60 Hz ,8 ms ,,16:9 ,,340 cd/m² ,0.519 mm ,Yes ,No ,None ,No ,200 x 200 ,178° H x 178° V , 1 x DisplayPort | 1 x DVI | 1 x HDMI | 1 x S-Video | 1 x VGA | 
Philips 19B4LPCB/27,Philips ,19B4LPCB/27 ,"19"" ",1280 x 1024 ,60 Hz ,5 ms ,,5:4 ,,250 cd/m² ,0.294 mm ,No ,No ,None ,Yes ,100 x 100 ,170° H x 160° V , 1 x DVI | 1 x VGA | 
Philips 227E4LSB,Philips ,227E4LSB ,"21.5"" ",1920 x 1080 ,60 Hz ,5 ms ,,16:9 ,,250 cd/m² ,0.248 mm ,Yes ,No ,None ,No ,,176° H x 170° V , 1 x DVI | 1 x VGA | 
Philips 278C4QHSN,Philips ,278C4QHSN ,"27"" ",1920 x 1080 ,60 Hz ,7 ms ,,16:9 ,,250 cd/m² ,0.311 mm ,Yes ,No ,None ,No ,,178° H x 178° V , 3 x HDMI | 1 x VGA | 
Philips BDL3210Q/00,Philips ,BDL3210Q/00 ,"31.5"" ",1366 x 768 ,60 Hz ,8 ms ,,16:9 ,,350 cd/m² ,0.511 mm ,Yes ,No ,None ,No ,200 x 100 ,178° H x 178° V , 1 x Component | 2 x HDMI | 1 x S-Video | 1 x VGA | 
Planar PLL2210W,Planar ,997-6897-00 ,"22"" ",1920 x 1080 ,,5 ms ,TN ,16:9 ,,250 cd/m² ,0.254 mm ,Yes ,No ,None ,No ,100 x 100 ,, 1 x DVI | 1 x VGA | 
Planar PXL2251MW,Planar ,997-6899-00 ,"21.5"" ",1920 x 1080 ,60 Hz ,5 ms ,,16:9 ,,250 cd/m² ,0.248 mm ,Yes ,No ,None ,Yes ,100 x 100 ,170° H x 160° V , 1 x HDMI | 1 x VGA | 
Planar 997-6958-00,Planar , 997-6958-00 | PLL1910M | ,"19"" ",1280 x 1024 ,60 Hz ,5 ms ,,5:4 ,,250 cd/m² ,0.294 mm ,No ,No ,None ,Yes ,100 x 100 ,,1 x VGA 
Planar 997-7019-00,Planar ,997-7019-00 ,"22"" ",1920 x 1080 ,60 Hz ,5 ms ,,16:9 ,,250 cd/m² ,0.254 mm ,Yes ,No ,None ,Yes ,100 x 100 ,,1 x VGA 
Planar PXL2760MW,Planar ,997-7020-00 ,"27"" ",1920 x 1080 ,60 Hz ,,,16:9 ,,300 cd/m² ,0.311 mm ,Yes ,No ,None ,Yes ,100 x 100 ,170° H x 160° V , 1 x DisplayPort | 1 x HDMI | 1 x VGA | 
Planar 997-7188-00,Planar ,997-7188-00 ,"19"" ",1366 x 768 ,60 Hz ,5 ms ,,16:9 ,,250 cd/m² ,0.308 mm ,Yes ,No ,None ,No ,100 x 100 ,,1 x VGA 
Toshiba PA5022U-1LC3,Toshiba ,PA5022U-1LC3 ,"15.6"" ",1366 x 768 ,,16 ms ,,16:9 ,,220 cd/m² ,0.253 mm ,Yes ,No ,None ,No ,,,
V7 LED185W2S-9N,V7 ,LED185W2S-9N ,"19"" ",1366 x 768 ,,5 ms ,TN ,16:9 ,,200 cd/m² ,0.308 mm ,Yes ,No ,None ,Yes ,100 x 100 ,,1 x VGA 
V7 LED19W2S-9N,V7 ,LED19W2S-9N ,"19"" ",1440 x 900 ,,5 ms ,TN ,16:10 ,,,0.284 mm ,Yes ,No ,None ,Yes ,100 x 100 ,,1 x VGA 
V7 LED215W2S-9N,V7 ,LED215W2S-9N ,"22"" ",1920 x 1080 ,,5 ms ,TN ,16:9 ,,200 cd/m² ,0.254 mm ,Yes ,No ,None ,Yes ,100 x 100 ,,1 x VGA 
V7 LED236W3S-9N,V7 ,LED236W3S-9N ,"24"" ",1920 x 1080 ,,5 ms ,,16:9 ,,250 cd/m² ,0.277 mm ,Yes ,No ,None ,Yes ,100 x 100 ,,1 x VGA 
V7 LED26W3S-9N,V7 ,LED26W3S-9N ,"26"" ",1920 x 1080 ,,5 ms ,,16:9 ,,250 cd/m² ,0.3 mm ,Yes ,No ,None ,Yes ,100 x 100 ,,1 x VGA 
ViewSonic VA2446m-LED,ViewSonic ,VA2446M-LED ,"24"" ",1920 x 1080 ,,5 ms ,TN ,16:9 ,,300 cd/m² ,0.277 mm ,Yes ,No ,None ,Yes ,100 x 100 ,170° H x 160° V , 1 x DVI | 1 x VGA | 
Samsung ME32B,Samsung ,ME32B ,"32"" ",1920 x 1080 ,,8 ms ,,16:9 ,,350 cd/m² ,0.369 mm ,Yes ,No ,None ,No ,,178° H x 178° V , 1 x DisplayPort | 1 x DVI-D Dual Link | 
AOC e2060Sn,AOC ,e2060Sn ,"20"" ",1600 x 900 ,60 Hz ,5 ms ,TN ,16:9 ,,200 cd/m² ,0.277 mm ,Yes ,No ,None ,No ,100 x 100 ,90° H x 50° V ,1 x VGA 
Gateway HX1853Lb,Gateway ,UM.XW3AA.001 ,"18.5"" ",1366 x 768 ,60 Hz ,5 ms ,TN ,16:9 ,,200 cd/m² ,0.3 mm ,Yes ,No ,None ,No ,,90° H x 65° V ,1 x VGA 
Lenovo 60A4RAR1US,Lenovo ,60A4RAR1US ,"30"" ",2560 x 1600 ,60 Hz ,6 ms ,IPS ,16:10 ,,300 cd/m² ,0.252 mm ,Yes ,No ,None ,Yes ,100 x 100 ,178° H x 178° V , 1 x DisplayPort | 1 x DVI-D Dual Link | 1 x HDMI | 1 x VGA | 
Lenovo 60A6MAR2US,Lenovo ,60A6MAR2US ,"24"" ",1920 x 1200 ,60 Hz ,7 ms ,IPS ,16:10 ,,300 cd/m² ,0.269 mm ,Yes ,No ,None ,No ,100 x 100 ,178° H x 178° V , 1 x DVI-D Dual Link | 1 x VGA | 
NEC P242W-BK-SV,NEC ,P242W-BK-SV ,"24"" ",1920 x 1200 ,,8 ms ,IPS ,16:10 ,,350 cd/m² ,0.269 mm ,Yes ,No ,None ,No ,100 x 100 ,178° H x 178° V , 1 x DisplayPort | 1 x DVI | 1 x HDMI | 1 x VGA | 
Planar PLL2710W,Planar ,997-7199-00 ,"27"" ",1920 x 1080 ,,,,16:9 ,,300 cd/m² ,0.311 mm ,Yes ,No ,None ,No ,100 x 100 ,170° H x 160° V , 1 x DVI | 1 x VGA | 
Acer G206HQLbd,Acer ,UM.IG6AA.001 ,"19.5"" ",1600 x 900 ,60 Hz ,5 ms ,TN ,16:9 ,,250 cd/m² ,0.27 mm ,Yes ,No ,None ,No ,,170° H x 160° V , 1 x DVI | 1 x VGA | 
HP B6R49AS#ABA (x2401),HP ,B6R49AS#ABA ,"24"" ",1920 x 1080 ,60 Hz ,12 ms ,,16:9 ,,250 cd/m² ,0.277 mm ,Yes ,No ,None ,No ,100 x 100 ,178° H x 178° V , 1 x DisplayPort | 1 x HDMI | 
HP 20xi,HP ,20xi ,"20"" ",1600 x 900 ,60 Hz ,7 ms ,IPS ,16:9 ,,250 cd/m² ,0.277 mm ,Yes ,No ,None ,No ,,178° H x 178° V , 1 x DVI | 1 x VGA | 
Acer B246HYL ymdpr,Acer ,UM.QB6AA.001 ,"23.8"" ",1920 x 1080 ,60 Hz ,6 ms ,IPS ,16:9 ,,250 cd/m² ,0.274 mm ,Yes ,No ,None ,Yes ,,178° H x 178° V , 1 x DisplayPort | 1 x DVI | 1 x VGA | 
Asus PQ321Q,Asus ,PQ321Q ,"31.5"" ",3840 x 2160 ,,8 ms ,,16:9 ,,350 cd/m² ,0.182 mm ,Yes ,No ,None ,Yes ,200 x 200 ,176° H x 176° V , 1 x DisplayPort | 1 x HDMI | 
Samsung S22C450B,Samsung ,S22C450B ,"21.5"" ",1920 x 1080 ,,5 ms ,,16:9 ,,250 cd/m² ,0.248 mm ,Yes ,No ,None ,No ,100 x 100 ,,1 x VGA 
ViewSonic VA2037A-LED,ViewSonic ,VA2037A-LED ,"20"" ",1600 x 900 ,,5 ms ,,16:9 ,,250 cd/m² ,0.277 mm ,Yes ,No ,None ,No ,100 x 100 ,170° H x 160° V ,1 x VGA 
Eizo EV2336WFS-BK,Eizo ,EV2336WFS-BK ,"23"" ",1920 x 1080 ,76 Hz ,6 ms ,IPS ,16:9 ,,250 cd/m² ,0.265 mm ,Yes ,No ,None ,No ,100 x 100 ,178° H x 178° V , 1 x DisplayPort | 1 x DVI | 1 x VGA | 
Acer T232HLbmidz ( UM.VT2AA.001),Acer ,T232HLbmidz ,"23"" ",1920 x 1080 ,60 Hz ,5 ms ,IPS ,16:9 ,,300 cd/m² ,0.265 mm ,Yes ,No ,None ,Yes ,,178° H x 178° V , 1 x DVI | 1 x HDMI | 1 x VGA | 
Samsung PB298Q,Samsung ,PB298Q ,"29"" ",2560 x 1080 ,60 Hz ,5 ms ,IPS ,21:9 ,,300 cd/m² ,0.265 mm ,Yes ,No ,None ,Yes ,,178° H x 178° V , 1 x DisplayPort | 1 x DVI-D Dual Link | 1 x HDMI | 
AOC aoc E2460SWHU,AOC ,aoc E2460SWHU ,"23.6"" ",1920 x 1080 ,60 Hz ,2 ms ,TN ,16:9 ,,250 cd/m² ,0.272 mm ,Yes ,No ,None ,Yes ,,170° H x 160° V , 1 x DVI | 1 x HDMI | 1 x VGA | 
AOC aocE960SWN,AOC ,aocE960SWN ,"18.5"" ",1366 x 768 ,60 Hz ,5 ms ,TN ,16:9 ,,200 cd/m² ,0.3 mm ,Yes ,No ,None ,No ,,50° H x 90° V ,1 x VGA 
Acer V206HQLAbd,Acer ,UM.IV6AA.A02 ,"19.5"" ",1600 x 900 ,60 Hz ,5 ms ,TN ,16:9 ,,200 cd/m² ,0.27 mm ,Yes ,No ,None ,No ,,90° H x 65° V , 1 x DVI | 1 x VGA | 
Acer B296CLbmiidprz,Acer ,UM.RB6AA.001 ,"29"" ",2560 x 1080 ,60 Hz ,8 ms ,IPS ,21:9 ,,300 cd/m² ,0.265 mm ,Yes ,No ,None ,Yes ,,178° H x 178° V , 1 x DisplayPort | 1 x DVI | 2 x HDMI | 
Acer B236HLymdr,Acer ,UM.VB6AA.001 ,"23"" ",1920 x 1080 ,60 Hz ,6 ms ,IPS ,16:9 ,,250 cd/m² ,0.265 mm ,Yes ,No ,None ,Yes ,,178° H x 178° V , 1 x DVI | 1 x VGA | 
Asus PA279Q,Asus , PA279Q | 90LM0040-B01370 | ,"27"" ",2560 x 1440 ,,6 ms ,IPS ,16:9 ,,350 cd/m² ,0.233 mm ,Yes ,No ,None ,Yes ,100 x 100 ,178° H x 178° V , 2 x DisplayPort | 1 x DVI | 1 x HDMI | 
Asus VN248H,Asus ,VN248H ,"23.8"" ",1920 x 1080 ,,5 ms ,IPS ,16:9 ,,,0.274 mm ,Yes ,No ,None ,Yes ,100 x 100 ,178° H x 178° V , 2 x HDMI | 1 x VGA | 
BenQ GL2250TM,BenQ ,GL2250TM ,"21.5"" ",1920 x 1080 ,,5 ms ,TN ,16:9 ,,250 cd/m² ,0.248 mm ,Yes ,No ,None ,Yes ,100 x 100 ,170° H x 160° V , 1 x DVI | 1 x VGA | 
Dell E2014H,Dell ,E2014H ,"19.5"" ",1600 x 900 ,,5 ms ,TN ,16:9 ,,250 cd/m² ,0.27 mm ,Yes ,No ,None ,No ,100 x 100 ,, 1 x DVI | 1 x VGA | 
Acer UM.BV6AA.003,Acer ,UM.BV6AA.003 ,"17"" ",1280 x 1024 ,75 Hz ,5 ms ,TN ,5:4 ,,250 cd/m² ,0.263 mm ,No ,No ,None ,No ,,,1 x VGA 
BenQ BENQ XL2420T,BenQ ,BENQ XL2420T ,"24"" ",1920 x 1080 ,120 Hz ,2 ms ,,16:9 ,,350 cd/m² ,0.277 mm ,Yes ,No ,None ,No ,,170° H x 160° V , 1 x DVI-D Dual Link | 1 x DVI | 1 x VGA | 
BenQ BENQGW2255,BenQ ,BENQGW2255 ,"21.5"" ",1920 x 1080 ,60 Hz ,6 ms ,TN ,16:9 ,,250 cd/m² ,0.248 mm ,Yes ,No ,None ,No ,100 x 100 ,178° H x 178° V , 1 x DVI | 1 x VGA | 
Dell U2312HM,Dell ,DELL-469-1253 ,"23"" ",1920 x 1080 ,60 Hz ,8 ms ,IPS ,16:9 ,,300 cd/m² ,0.265 mm ,Yes ,No ,None ,No ,,178° H x 178° V , 1 x DisplayPort | 1 x DVI-D Dual Link | 1 x VGA | 
Dell P2412H,Dell ,DELL-469-1381 ,"24"" ",1920 x 1080 ,60 Hz ,5 ms ,TN ,16:9 ,,250 cd/m² ,0.277 mm ,Yes ,No ,None ,No ,,170° H x 160° V , 1 x DVI | 1 x VGA | 
Dell P2312H,Dell ,DELL-469-1622 ,"23"" ",1920 x 1080 ,60 Hz ,5 ms ,TN ,16:9 ,,250 cd/m² ,0.265 mm ,Yes ,No ,None ,No ,,170° H x 160° V , 1 x DVI | 1 x VGA | 
Dell E2213,Dell ,DELL-469-3135 ,"22"" ",1680 x 1050 ,60 Hz ,5 ms ,TN ,16:10 ,,250 cd/m² ,0.282 mm ,Yes ,No ,None ,No ,,170° H x 160° V , 1 x DVI | 1 x VGA | 
HP 22xi,HP ,22xi ,"21.5"" ",1920 x 1080 ,60 Hz ,7 ms ,IPS ,16:9 ,,250 cd/m² ,0.248 mm ,Yes ,No ,None ,No ,,178° H x 178° V , 1 x DVI | 1 x HDMI | 1 x VGA | 
HP Z24i,HP ,D7P53A8#ABA ,"24"" ",1920 x 1080 ,60 Hz ,8 ms ,IPS ,16:9 ,,300 cd/m² ,0.277 mm ,Yes ,No ,None ,No ,100 x 100 ,178° H x 178° V , 1 x DisplayPort | 1 x DVI | 1 x VGA | 
HP Z22i,HP ,D7Q14A4#ABA ,"21.5"" ",1920 x 1080 ,60 Hz ,8 ms ,IPS ,16:9 ,,250 cd/m² ,0.248 mm ,Yes ,No ,None ,Yes ,,, 1 x DisplayPort | 1 x DVI-D Dual Link | 1 x VGA | 
HP W2271d,HP ,W2271d ,"21.5"" ",1920 x 1080 ,60 Hz ,5 ms ,TN ,16:9 ,,200 cd/m² ,0.248 mm ,Yes ,No ,None ,No ,,, 1 x DVI | 1 x VGA | 
Hannspree HE245DPB,Hannspree ,HE245DPB ,"23.6"" ",1920 x 1080 ,60 Hz ,5 ms ,TN ,16:9 ,,250 cd/m² ,0.272 mm ,Yes ,No ,None ,Yes ,100 x 100 ,170° H x 160° V , 1 x DVI | 1 x VGA | 
Hannspree HL273HPB,Hannspree ,HL273HPB ,"27"" ",1920 x 1080 ,60 Hz ,2 ms ,TN ,16:9 ,,250 cd/m² ,0.311 mm ,Yes ,No ,None ,Yes ,100 x 100 ,160° H x 160° V , 1 x DVI | 1 x HDMI | 1 x VGA | 
LG LG-D2343PB-BN,LG ,LG-D2343PB-BN ,"23"" ",1920 x 1080 ,60 Hz ,14 ms ,IPS ,16:9 ,,250 cd/m² ,0.265 mm ,Yes ,No ,None ,No ,75 x 75 ,178° H x 178° V , 1 x DVI-D Dual Link | 1 x HDMI | 
Lenovo 4434HE-B,Lenovo ,4434HE-B ,"19"" ",1280 x 1024 ,60 Hz ,5 ms ,IPS ,5:4 ,,250 cd/m² ,0.294 mm ,No ,No ,None ,No ,,,1 x DVI-D Single Link 
Philips 272P4QPJKEB/27,Philips ,272P4QPJKEB/27 ,"27"" ",2560 x 1440 ,60 Hz ,12 ms ,PLS ,16:9 ,,300 cd/m² ,0.233 mm ,Yes ,No ,None ,Yes ,100 x 100 ,178° H x 178° V , 1 x DisplayPort | 1 x DVI | 2 x HDMI | 
Philips 298P4QJEB/27,Philips ,298P4QJEB/27 ,"29"" ",2560 x 1080 ,60 Hz ,5 ms ,IPS ,21:9 ,,300 cd/m² ,0.265 mm ,Yes ,No ,None ,Yes ,100 x 100 ,178° H x 178° V , 1 x DisplayPort | 1 x DVI | 2 x HDMI | 
Philips ph-278C4QHSN,Philips ,ph-278C4QHSN ,"27"" ",1920 x 1080 ,60 Hz ,7 ms ,IPS ,16:9 ,,250 cd/m² ,0.311 mm ,Yes ,No ,None ,No ,,178° H x 178° V , 3 x HDMI | 1 x VGA | 
Samsung S24C450DW,Samsung ,S24C450DW ,"24"" ",1920 x 1200 ,60 Hz ,5 ms ,TN ,16:10 ,,250 cd/m² ,0.269 mm ,Yes ,No ,None ,No ,100 x 100 ,170° H x 160° V , 1 x DisplayPort | 1 x DVI | 1 x VGA | 
V7 D185W1-8N,V7 ,D185W1-8N ,"18.5"" ",1366 x 768 ,60 Hz ,5 ms ,,16:9 ,,200 cd/m² ,0.3 mm ,Yes ,No ,None ,No ,75 x 75 ,,1 x VGA 
HP LA2006x,HP ,XN374AA#ABA ,"20"" ",1600 x 900 ,60 Hz ,5 ms ,,16:9 ,,250 cd/m² ,0.277 mm ,Yes ,No ,None ,No ,100 x 100 ,170° H x 160° V , 1 x DisplayPort | 1 x DVI | 1 x VGA | 
AOC i2369V,AOC ,i2369V ,"23"" ",1920 x 1080 ,60 Hz ,6 ms ,IPS ,16:9 ,,250 cd/m² ,0.265 mm ,Yes ,No ,None ,No ,100 x 100 ,178° H x 178° V , 1 x DVI | 1 x VGA | 
Acer V176Lbd,Acer ,UM.BV6AA.001 ,"17"" ",1280 x 1024 ,75 Hz ,5 ms ,TN ,5:4 ,,250 cd/m² ,0.263 mm ,No ,No ,None ,No ,,170° H x 160° V , 1 x DVI | 1 x VGA | 
Acer UM.CB6AA.001,Acer ,UM.CB6AA.001 ,"19"" ",1280 x 1024 ,75 Hz ,5 ms ,,5:4 ,,250 cd/m² ,0.294 mm ,No ,No ,None ,No ,,,1 x VGA 
LG 29EB73-P,LG ,29EB73-P ,"29"" ",2560 x 1080 ,75 Hz ,5 ms ,IPS ,21:9 ,,300 cd/m² ,0.265 mm ,Yes ,No ,None ,Yes ,100 x 100 ,178° H x 178° V , 1 x DisplayPort | 1 x DVI-D Dual Link | 2 x HDMI | 
Planar 997-7244-00,Planar ,997-7244-00 ,"17"" ",1280 x 1024 ,60 Hz ,5 ms ,TN ,5:4 ,,250 cd/m² ,0.263 mm ,No ,No ,None ,No ,100 x 100 ,,1 x VGA 
AOC E2360SD,AOC ,E2360SD ,"23"" ",1920 x 1080 ,60 Hz ,5 ms ,TN ,16:9 ,,250 cd/m² ,0.265 mm ,Yes ,No ,None ,No ,100 x 100 ,170° H x 160° V , 1 x DVI | 1 x VGA | 
AOC E2425SWD,AOC ,E2425SWD ,"24"" ",1920 x 1080 ,60 Hz ,5 ms ,TN ,16:9 ,,250 cd/m² ,0.277 mm ,Yes ,No ,None ,No ,100 x 100 ,170° H x 160° V , 1 x DVI | 1 x VGA | 
Acer V206HQLAbmd,Acer ,UM.IV6AA.A01 ,"19.5"" ",1600 x 900 ,60 Hz ,5 ms ,TN ,16:9 ,,200 cd/m² ,0.27 mm ,Yes ,No ,None ,Yes ,,, 1 x DVI | 1 x VGA | 
Acer UM.VV6AA.C01,Acer ,UM.VV6AA.C01 ,"23"" ",1920 x 1080 ,60 Hz ,5 ms ,,16:9 ,,250 cd/m² ,0.265 mm ,Yes ,No ,None ,No ,,,1 x VGA 
Acer UM.VV6AA.C02,Acer ,UM.VV6AA.C02 ,"23"" ",1920 x 1080 ,60 Hz ,5 ms ,,16:9 ,,250 cd/m² ,0.265 mm ,Yes ,No ,None ,No ,,,1 x VGA 
BenQ VW2235H,BenQ ,VW2235H ,"21.5"" ",1920 x 1080 ,,6 ms ,,16:9 ,,250 cd/m² ,0.248 mm ,Yes ,No ,None ,No ,100 x 100 ,178° H x 178° V , 1 x DVI | 1 x HDMI | 1 x VGA | 
HP C9E54AA#ABA,HP ,C9E54AA#ABA ,"18.5"" ",1366 x 768 ,60 Hz ,5 ms ,TN ,16:9 ,,250 cd/m² ,0.3 mm ,Yes ,No ,None ,No ,100 x 100 ,,1 x VGA 
LG 22EB23P-B,LG ,22EB23P-B ,"22"" ",1680 x 1050 ,60 Hz ,5 ms ,TN ,16:10 ,,250 cd/m² ,0.282 mm ,Yes ,No ,None ,No ,,170° H x 160° V , 1 x DVI | 1 x VGA | 
LG 23MD53D,LG ,23MD53D ,"23"" ",1920 x 1080 ,60 Hz ,5 ms ,IPS ,16:9 ,,250 cd/m² ,0.265 mm ,Yes ,No ,None ,Yes ,,178° H x 178° V , 2 x HDMI | 1 x VGA | 
LG 29EA73-P,LG ,29EA73-P ,"29"" ",2560 x 1080 ,60 Hz ,5 ms ,IPS ,21:9 ,,300 cd/m² ,0.265 mm ,Yes ,No ,None ,Yes ,100 x 100 ,178° H x 178° V , 1 x DisplayPort | 1 x DVI | 2 x HDMI | 
LG 29LN450W,LG ,29LN450W ,"29"" ",2560 x 1080 ,60 Hz ,5 ms ,IPS ,21:9 ,,300 cd/m² ,0.265 mm ,Yes ,No ,None ,Yes ,,178° H x 178° V , 1 x DisplayPort | 1 x DVI | 1 x HDMI | 
LG D2743P-BN,LG ,D2743P-BN ,"27"" ",1920 x 1080 ,60 Hz ,5 ms ,IPS ,16:9 ,,250 cd/m² ,0.311 mm ,Yes ,No ,None ,Yes ,,178° H x 178° V , 2 x HDMI | 1 x VGA | 
LG DM2352D-PN,LG ,DM2352D-PN ,"23"" ",1920 x 1080 ,60 Hz ,5 ms ,IPS ,16:9 ,,250 cd/m² ,0.265 mm ,Yes ,No ,None ,Yes ,,, 1 x Component | 2 x HDMI | 1 x VGA | 
LG IPS235P-BN,LG ,IPS235P-BN ,"23"" ",1920 x 1080 ,60 Hz ,5 ms ,IPS ,16:9 ,,250 cd/m² ,0.265 mm ,Yes ,No ,None ,No ,100 x 100 ,178° H x 178° V , 1 x DVI | 1 x HDMI | 1 x VGA | 
LG TM2792D-SN,LG ,TM2792D-SN ,"27"" ",1920 x 1080 ,75 Hz ,5 ms ,IPS ,16:9 ,,250 cd/m² ,0.311 mm ,Yes ,No ,None ,Yes ,,178° H x 178° V , 2 x HDMI | 1 x VGA | 
ViewSonic VG2039m-LED,ViewSonic ,VG2039m-LED ,"20"" ",1600 x 900 ,60 Hz ,5 ms ,TN ,16:9 ,,250 cd/m² ,0.277 mm ,Yes ,No ,None ,Yes ,100 x 100 ,,1 x VGA 
Asus PB248Q,Asus ,pb248q ,"24.1"" ",1920 x 1200 ,60 Hz ,6 ms ,IPS ,16:10 ,,300 cd/m² ,0.27 mm ,Yes ,No ,None ,No ,,178° H x 178° V , 1 x DisplayPort | 1 x DVI-D Single Link | 1 x HDMI | 1 x VGA | 
HP L2045w,HP ,L2045w ,"20.1"" ",1680 x 1050 ,60 Hz ,5 ms ,TN ,16:10 ,,300 cd/m² ,0.258 mm ,Yes ,No ,None ,No ,100 x 100 ,160° H x 160° V , 1 x DVI | 1 x VGA | 
Acer S242HLBwid,Acer ,UM.FS2AA.B01 ,"24"" ",1920 x 1080 ,60 Hz ,5 ms ,TN ,16:9 ,,250 cd/m² ,0.277 mm ,Yes ,No ,None ,No ,,176° H x 170° V , 1 x DVI | 1 x HDMI | 1 x VGA | 
Asus VX228H,Asus , VX228H | 90LM00L0-B01670 | ,"21.5"" ",1920 x 1080 ,60 Hz ,1 ms ,TN ,16:9 ,,250 cd/m² ,0.248 mm ,Yes ,No ,None ,Yes ,,170° H x 160° V , 2 x HDMI | 1 x VGA | 
Asus VX229H,Asus ,VX229H ,"21.5"" ",1920 x 1080 ,60 Hz ,5 ms ,TN ,16:9 ,,250 cd/m² ,0.248 mm ,Yes ,No ,None ,Yes ,,178° H x 178° V , 2 x HDMI | 1 x VGA | 
CTL MTDP3001,CTL ,MTDP3001 ,"30"" ",2560 x 1600 ,,6 ms ,,16:10 ,,,0.252 mm ,Yes ,No ,None ,Yes ,,, 1 x DVI | 1 x HDMI | 
HP HP LA2205WG-NEW,HP ,794504606966 ,"22"" ",1680 x 1050 ,60 Hz ,,TN ,16:10 ,,,0.282 mm ,Yes ,No ,None ,No ,,,1 x DVI 
HP E3F38A8#ABA,HP ,E3F38A8#ABA ,"23"" ",1920 x 1080 ,60 Hz ,5 ms ,TN ,16:9 ,,250 cd/m² ,0.265 mm ,Yes ,No ,None ,Yes ,,,1 x VGA 
NEC AS222WM-BK,NEC ,AS222WM-BK ,"21.5"" ",1920 x 1080 ,60 Hz ,5 ms ,TN ,16:9 ,,250 cd/m² ,0.248 mm ,Yes ,No ,None ,Yes ,100 x 100 ,176° H x 170° V , 1 x DVI | 1 x VGA | 
Samsung S24C650PL,Samsung ,S24C650PL ,"23.6"" ",1920 x 1080 ,60 Hz ,5 ms ,PLS ,16:9 ,,250 cd/m² ,0.272 mm ,Yes ,No ,None ,Yes ,100 x 100 ,178° H x 178° V , 1 x DisplayPort | 1 x HDMI | 1 x VGA | 
Samsung S27C650P,Samsung ,S27C650P ,"27"" ",1920 x 1080 ,60 Hz ,4 ms ,PLS ,16:9 ,,300 cd/m² ,0.311 mm ,Yes ,No ,None ,Yes ,100 x 100 ,178° H x 178° V , 1 x DisplayPort | 1 x HDMI | 1 x VGA | 
NEC EA273WMi-BK,NEC ,EA273WMi-BK ,"27"" ",1920 x 1080 ,60 Hz ,6 ms ,IPS ,16:9 ,,250 cd/m² ,0.311 mm ,Yes ,No ,None ,Yes ,100 x 100 ,178° H x 178° V , 1 x DisplayPort | 1 x DVI | 1 x HDMI | 1 x VGA | 
NEC MD242C2,NEC ,MD242C2 ,"24"" ",1920 x 1200 ,60 Hz ,8 ms ,IPS ,16:10 ,,180 cd/m² ,0.269 mm ,Yes ,No ,None ,No ,100 x 100 ,178° H x 178° V , 1 x DisplayPort | 1 x DVI | 1 x HDMI | 1 x VGA | 
Samsung S27C390H,Samsung ,S27C390H ,"27"" ",1920 x 1080 ,60 Hz ,5 ms ,TN ,16:9 ,,300 cd/m² ,0.311 mm ,Yes ,No ,None ,No ,,170° H x 160° V , 1 x HDMI | 1 x VGA | 
Yamakasi DS270 IPS SE,Yamakasi ,DS270 IPS SE ,"27"" ",2560 x 1440 ,60 Hz ,6 ms ,IPS ,16:9 ,,440 cd/m² ,0.233 mm ,Yes ,No ,None ,No ,,178° H x 178° V ,1 x DVI-D Dual Link 
QNIX Perfect Pixel QX2710 Matte,QNIX ,Perfect-qx2710_matte ,"27"" ",2560 x 1440 ,60 Hz ,8 ms ,PLS ,16:9 ,,300 cd/m² ,0.233 mm ,Yes ,No ,None ,No ,,178° H x 160° V ,1 x DVI-D Dual Link 
Samsung S27B971DS,Samsung ,S27B971DS ,"27"" ",2560 x 1440 ,60 Hz ,5 ms ,PLS ,16:9 ,,300 cd/m² ,0.233 mm ,Yes ,No ,None ,Yes ,,178° H x 178° V , 1 x DisplayPort | 1 x DVI | 1 x HDMI | 
LG W2452T-TF,LG ,W2452T-TF ,"24"" ",1920 x 1200 ,60 Hz ,2 ms ,,16:10 ,,400 cd/m² ,0.269 mm ,Yes ,No ,None ,No ,,170° H x 170° V , 1 x DVI | 1 x VGA | 
Crossover 2763AMG,Crossover ,2763AMG ,"27"" ",2560 x 1440 ,60 Hz ,6 ms ,IPS ,16:9 ,,420 cd/m² ,0.233 mm ,Yes ,No ,None ,Yes ,,178° H x 178° V , 1 x DisplayPort | 1 x DVI | 1 x HDMI | 1 x VGA | 
Crossover 27Q LED-P BLADE,Crossover ,27Q LED-P BLADE ,"27"" ",2560 x 1440 ,60 Hz ,6 ms ,IPS ,16:9 ,,380 cd/m² ,0.233 mm ,Yes ,No ,None ,Yes ,,178° H x 178° V ,1 x DVI-D Dual Link 
Crossover 27QD LED Blade,Crossover ,27QD LED Blade ,"27"" ",2560 x 1440 ,60 Hz ,6 ms ,IPS ,16:9 ,,380 cd/m² ,0.233 mm ,Yes ,No ,None ,Yes ,,178° H x 178° V ,1 x DVI-D Dual Link 
Crossover 27QW IPS LED,Crossover ,27QW IPS LED ,"27"" ",2560 x 1440 ,60 Hz ,6 ms ,IPS ,16:9 ,,,0.233 mm ,Yes ,No ,None ,Yes ,,178° H x 178° V ,1 x DVI-D Dual Link 
Crossover 27QW IPS LED Perfect,Crossover ,27QW IPS LED Perfect ,"27"" ",2560 x 1440 ,60 Hz ,6 ms ,IPS ,16:9 ,,420 cd/m² ,0.233 mm ,Yes ,No ,None ,Yes ,,178° H x 178° V ,1 x DVI-D Dual Link 
Crossover BLACK TUNE 2735AMG,Crossover ,BLACK TUNE 2735AMG ,"27"" ",2560 x 1440 ,60 Hz ,6 ms ,IPS ,16:9 ,,420 cd/m² ,0.233 mm ,Yes ,No ,None ,Yes ,,178° H x 178° V , 1 x DVI-D Dual Link | 1 x HDMI | 
Crossover BLACK TUNE 30X DRIVER,Crossover ,BLACK TUNE 30X DRIVER ,"30"" ",2560 x 1600 ,60 Hz ,6 ms ,IPS ,16:10 ,,350 cd/m² ,0.252 mm ,Yes ,No ,None ,Yes ,,178° H x 178° V , 1 x DisplayPort | 1 x DVI-D Dual Link | 1 x HDMI | 1 x VGA | 
Crossover Black Tune 2755 AMG,Crossover ,Black Tune 2755 AMG ,"27"" ",2560 x 1440 ,60 Hz ,6 ms ,IPS ,16:9 ,,420 cd/m² ,0.233 mm ,Yes ,No ,None ,Yes ,,178° H x 178° V , 1 x DVI-D Dual Link | 1 x HDMI | 
Crossover Black Tune 30X-P Pivot Driver,Crossover ,Black Tune 30X-P Pivot Driver ,"30"" ",2560 x 1600 ,60 Hz ,6 ms ,IPS ,16:10 ,,350 cd/m² ,0.252 mm ,Yes ,No ,None ,Yes ,,178° H x 178° V , 1 x DisplayPort | 1 x DVI-D Dual Link | 1 x HDMI | 1 x VGA | 
Crossover 290HD IPS LED,Crossover ,Crossover 290HD IPS LED ,"29"" ",2560 x 1080 ,60 Hz ,5 ms ,IPS ,21:9 ,,300 cd/m² ,0.265 mm ,Yes ,No ,None ,Yes ,,178° H x 178° V , 1 x DVI-D Dual Link | 1 x HDMI | 1 x VGA | 
Yamakasi 300 Sparta LED,Yamakasi ,300 Sparta LED ,"30"" ",2560 x 1600 ,60 Hz ,6 ms ,IPS ,16:10 ,,350 cd/m² ,0.252 mm ,Yes ,No ,None ,Yes ,,178° H x 178° V , 1 x DVI-D Dual Link | 1 x HDMI | 1 x VGA | 
Yamakasi 300 Sparta LED Premium,Yamakasi ,300 Sparta LED Premium ,"30"" ",2560 x 1600 ,60 Hz ,6 ms ,IPS ,16:10 ,,350 cd/m² ,0.252 mm ,Yes ,No ,None ,Yes ,,178° H x 178° V , 1 x DisplayPort | 1 x DVI-D Dual Link | 1 x HDMI | 1 x VGA | 
Yamakasi DS270,Yamakasi ,DS270 ,"27"" ",2560 x 1440 ,60 Hz ,6 ms ,IPS ,16:9 ,,450 cd/m² ,0.233 mm ,Yes ,No ,None ,Yes ,,178° H x 178° V , 1 x DVI-D Dual Link | 1 x HDMI | 
Yamakasi Q270,Yamakasi ,Q270 ,"27"" ",2560 x 1440 ,60 Hz ,6 ms ,IPS ,16:9 ,,380 cd/m² ,0.233 mm ,Yes ,No ,None ,Yes ,,178° H x 178° V ,1 x DVI-D Dual Link 
Yamakasi Q270 SE,Yamakasi ,Q270 SE ,"27"" ",2560 x 1440 ,60 Hz ,6 ms ,IPS ,16:9 ,,380 cd/m² ,0.233 mm ,Yes ,No ,None ,No ,,178° H x 178° V ,1 x DVI-D Dual Link 
Yamakasi QH2711 DP Black Label,Yamakasi ,QH2711 DP Black Label ,"27"" ",2560 x 1440 ,60 Hz ,6 ms ,IPS ,16:9 ,,450 cd/m² ,0.233 mm ,Yes ,No ,None ,Yes ,,178° H x 178° V , 1 x DisplayPort | 1 x DVI-D Dual Link | 1 x HDMI | 1 x VGA | 
QNIX QX2710 LED EVOLUTION II DPORT,QNIX ,QX2710 LED EVOLUTION II DPORT ,"27"" ",2560 x 1440 ,60 Hz ,8 ms ,PLS ,16:9 ,,300 cd/m² ,0.233 mm ,Yes ,No ,None ,Yes ,,178° H x 178° V , 1 x DisplayPort | 1 x DVI-D Dual Link | 1 x HDMI | 1 x VGA | 
QNIX QX2710 Perfect Pixel,QNIX ,QX2710 Perfect Pixel ,"27"" ",2560 x 1440 ,60 Hz ,8 ms ,PLS ,16:9 ,,300 cd/m² ,0.233 mm ,Yes ,No ,None ,No ,,178° H x 178° V ,1 x DVI-D Dual Link 
Samsung S27C450D,Samsung ,887276007298 ,"27"" ",1920 x 1080 ,60 Hz ,5 ms ,TN ,16:9 ,,300 cd/m² ,0.311 mm ,Yes ,No ,None ,No ,100 x 100 ,170° H x 160° V , 1 x DisplayPort | 1 x DVI | 1 x VGA | 
HP NV23(E1K96AA#ABA),HP ,NV23 ,"23"" ",1920 x 1080 ,60 Hz ,7 ms ,IPS ,16:9 ,,250 cd/m² ,0.265 mm ,Yes ,No ,None ,No ,,178° H x 178° V , 1 x DVI | 2 x HDMI | 1 x VGA | 
NEC PA302W-BK,NEC ,PA302W-BK ,"30"" ",2560 x 1600 ,60 Hz ,6 ms ,IPS ,16:10 ,,340 cd/m² ,0.252 mm ,Yes ,No ,None ,No ,200 x 100 ,178° H x 178° V , 2 x DisplayPort | 1 x DVI | 1 x HDMI | 
Philips 19B4LCB5,Philips ,19B4LCB5 ,"19"" ",1280 x 1024 ,60 Hz ,5 ms ,TN ,5:4 ,,,0.294 mm ,No ,No ,None ,Yes ,100 x 100 ,,1 x VGA 
Philips 19S4LSB5,Philips ,19S4LSB5 ,"19"" ",1280 x 1024 ,60 Hz ,5 ms ,TN ,5:4 ,,250 cd/m² ,0.294 mm ,No ,No ,None ,No ,100 x 100 ,170° H x 160° V ,1 x VGA 
Planar 997-7145-00,Planar ,997-7145-00 ,"27"" ",2560 x 1440 ,60 Hz ,,IPS ,16:9 ,,,0.233 mm ,Yes ,No ,None ,Yes ,100 x 100 ,, 1 x DisplayPort | 1 x DVI | 1 x HDMI | 1 x VGA | 
Achieva QH2700-IPSMS DP Thunderbolt Perfect Pixel,Achieva ,QH2700-IPSMS DP Thunderbolt Perfect Pixel ,"27"" ",2560 x 1440 ,60 Hz ,,IPS ,16:9 ,,450 cd/m² ,0.233 mm ,Yes ,No ,None ,Yes ,,178° H x 178° V , 1 x DisplayPort | 1 x DVI-D Dual Link | 1 x HDMI | 1 x VGA | 
Achieva QH2700-IPSMS LITE EDGE,Achieva ,QH2700-IPSMS LITE EDGE ,"27"" ",2560 x 1440 ,60 Hz ,6 ms ,IPS ,16:9 ,,420 cd/m² ,0.233 mm ,Yes ,No ,None ,No ,,, 1 x DVI-D Dual Link | 1 x VGA | 
Crossover 27QW DP IPS,Crossover ,27QW DP IPS ,"27"" ",2560 x 1440 ,60 Hz ,6 ms ,IPS ,16:9 ,,420 cd/m² ,0.233 mm ,Yes ,No ,None ,Yes ,,178° H x 178° V , 1 x DisplayPort | 1 x DVI-D Dual Link | 1 x HDMI | 1 x VGA | 
Crossover 27QW HDMI PERFECT PIXEL,Crossover ,27QW HDMI PERFECT PIXEL ,"27"" ",2560 x 1440 ,60 Hz ,6 ms ,IPS ,16:9 ,,420 cd/m² ,0.233 mm ,Yes ,No ,None ,Yes ,,178° H x 178° V , 1 x DVI-D Dual Link | 1 x HDMI | 1 x VGA | 
QNIX QX2710 Evolution II Matte,QNIX ,QX2710 Evolution II Matte ,"27"" ",2560 x 1440 ,60 Hz ,8 ms ,PLS ,16:9 ,,300 cd/m² ,0.233 mm ,Yes ,No ,None ,Yes ,,,1 x DVI-D Dual Link 
QNIX QX2710 Evolution II Matte Perfect,QNIX ,QX2710 Evolution II Matte Perfect ,"27"" ",2560 x 1440 ,60 Hz ,8 ms ,PLS ,16:9 ,,300 cd/m² ,0.233 mm ,Yes ,No ,None ,Yes ,,,1 x DVI-D Dual Link 
QNIX QX2710 LED EVOLUTION II DP MULTI,QNIX ,QX2710 LED EVOLUTION II DP MULTI ,"27"" ",2560 x 1440 ,60 Hz ,8 ms ,PLS ,16:9 ,,300 cd/m² ,0.233 mm ,Yes ,No ,None ,Yes ,,, 1 x DisplayPort | 1 x DVI-D Dual Link | 1 x HDMI | 1 x VGA | 
QNIX QX2710 LED EVOLUTION II DP MULTI PERFECT,QNIX ,QX2710 LED EVOLUTION II DP MULTI PERFECT ,"27"" ",2560 x 1440 ,60 Hz ,8 ms ,PLS ,16:9 ,,300 cd/m² ,0.233 mm ,Yes ,No ,None ,Yes ,,, 1 x DisplayPort | 1 x HDMI | 1 x VGA | 
Yamakasi DS270 IPS PERFECT PIXEL,Yamakasi ,DS270 IPS PERFECT PIXEL ,"27"" ",2560 x 1440 ,60 Hz ,6 ms ,IPS ,16:9 ,,450 cd/m² ,0.233 mm ,Yes ,No ,None ,Yes ,,178° H x 160° V , 1 x DVI-D Dual Link | 1 x HDMI | 1 x VGA | 
Yamakasi DS270 IPS SE (Perfect Pixel),Yamakasi ,DS270 IPS SE (Perfect Pixel) ,"27"" ",2560 x 1440 ,60 Hz ,6 ms ,IPS ,16:9 ,,450 cd/m² ,0.233 mm ,Yes ,No ,None ,No ,,178° H x 178° V ,1 x DVI-D Dual Link 
HP L2206tm,HP ,B0L55A8#ABA ,"21.5"" ",1920 x 1080 ,60 Hz ,5 ms ,,16:9 ,,250 cd/m² ,0.248 mm ,Yes ,No ,None ,Yes ,100 x 100 ,170° H x 160° V , 1 x DisplayPort | 1 x DVI | 1 x VGA | 
Planar PXL2230MW,Planar ,997-7039-00 ,"22"" ",1920 x 1080 ,,5 ms ,,16:9 ,,200 cd/m² ,0.254 mm ,Yes ,No ,None ,Yes ,100 x 100 ,170° H x 160° V , 1 x DVI | 1 x HDMI | 1 x VGA | 
ViewSonic TD2220,ViewSonic ,TD2220 ,"22"" ",1920 x 1080 ,,5 ms ,,16:9 ,,200 cd/m² ,0.254 mm ,Yes ,No ,None ,Yes ,100 x 100 ,170° H x 160° V , 1 x DVI | 1 x VGA | 
ViewSonic TD2420,ViewSonic ,TD2420 ,"23.6"" ",1920 x 1080 ,,5 ms ,,16:9 ,,200 cd/m² ,0.272 mm ,Yes ,No ,None ,Yes ,100 x 100 ,170° H x 160° V , 1 x DVI | 1 x HDMI | 1 x VGA | 
Acer UM.HT2AA.002,Acer ,T272HUL bmidpcz ,"27"" ",2560 x 1440 ,60 Hz ,5 ms ,,16:9 ,,300 cd/m² ,0.233 mm ,Yes ,No ,None ,Yes ,,178° H x 178° V , 1 x DisplayPort | 1 x DVI | 1 x HDMI | 
Acer UM.HB6AA.A01,Acer ,UM.HB6AA.A01 ,"27"" ",2560 x 1440 ,60 Hz ,6 ms ,IPS ,16:9 ,,350 cd/m² ,0.233 mm ,Yes ,No ,None ,Yes ,,, 1 x DVI | 1 x HDMI | 
Acer T272HL bmidz,Acer ,UM.HT2AA.001 ,"27"" ",1920 x 1080 ,60 Hz ,5 ms ,,16:9 ,,300 cd/m² ,0.311 mm ,Yes ,No ,None ,Yes ,,178° H x 178° V , 1 x DVI | 1 x HDMI | 1 x VGA | 
Acer FT200HQLbmjj,Acer ,UM.IT0AA.002 ,"20"" ",1600 x 900 ,60 Hz ,5 ms ,,16:9 ,,200 cd/m² ,0.277 mm ,Yes ,No ,None ,Yes ,,170° H x 160° V , 1 x HDMI | 1 x VGA | 
Acer T232HLbmidz,Acer ,UM.VT2AA.001 ,"23"" ",1920 x 1080 ,60 Hz ,5 ms ,IPS ,16:9 ,,300 cd/m² ,0.265 mm ,Yes ,No ,None ,Yes ,100 x 100 ,178° H x 178° V , 1 x DVI | 1 x HDMI | 1 x VGA | 
Dell S2340T,Dell ,S2340T ,"23"" ",1920 x 1080 ,60 Hz ,8 ms ,IPS ,16:9 ,,270 cd/m² ,0.265 mm ,Yes ,No ,None ,No ,,178° H x 178° V , 1 x DisplayPort | 1 x HDMI | 
Eizo EV2316WFS-BK,Eizo ,EV2316WFS-BK ,"23"" ",1920 x 1080 ,60 Hz ,5 ms ,TN ,16:9 ,,250 cd/m² ,0.265 mm ,Yes ,No ,None ,Yes ,,170° H x 160° V , 1 x DisplayPort | 1 x HDMI | 1 x VGA | 
HP 23tm,HP ,23tm ,"23"" ",1920 x 1080 ,,7 ms ,,16:9 ,,220 cd/m² ,0.265 mm ,Yes ,No ,None ,Yes ,100 x 100 ,,1 x DVI 
Hannspree HT231DPBU,Hannspree ,HT231DPBU ,"23"" ",1920 x 1080 ,,5 ms ,,16:9 ,,250 cd/m² ,0.265 mm ,Yes ,No ,None ,Yes ,100 x 100 ,170° H x 160° V , 1 x DVI | 1 x VGA | 
Hannspree HT231HPBU,Hannspree ,HT231HPBU ,"23"" ",1920 x 1080 ,,5 ms ,,16:9 ,,250 cd/m² ,0.265 mm ,Yes ,No ,None ,Yes ,100 x 100 ,170° H x 160° V , 1 x DVI | 1 x HDMI | 1 x VGA | 
NEC V322-AVT,NEC ,V322-AVT ,"32"" ",1366 x 768 ,60 Hz ,8 ms ,,16:9 ,,340 cd/m² ,0.519 mm ,Yes ,No ,None ,No ,,178° H x 178° V , 1 x DisplayPort | 1 x DVI | 1 x HDMI | 1 x VGA | 
NEC V322-PC,NEC ,V322-PC ,"32"" ",1366 x 768 ,60 Hz ,8 ms ,,16:9 ,,340 cd/m² ,0.519 mm ,Yes ,No ,None ,No ,,178° H x 178° V , 1 x DisplayPort | 1 x DVI | 1 x HDMI | 1 x VGA | 
Planar 997-7273-00,Planar ,997-7273-00 ,"32"" ",1920 x 1080 ,60 Hz ,,,16:9 ,,,0.369 mm ,Yes ,No ,None ,No ,200 x 100 ,178° H x 178° V , 1 x DVI | 1 x HDMI | 
Samsung S24C770T,Samsung ,S24C770T ,"24"" ",1920 x 1080 ,,5 ms ,,16:9 ,,250 cd/m² ,0.277 mm ,Yes ,No ,None ,Yes ,,178° H x 178° V ,2 x HDMI 
Acer H236HLBmjd,Acer , H236HLBmjd | UM.VH6EE.001 | ,"23"" ",1920 x 1080 ,60 Hz ,5 ms ,IPS ,16:9 ,,250 cd/m² ,0.265 mm ,Yes ,No ,None ,Yes ,,178° H x 178° V , 1 x DVI | 1 x HDMI | 1 x VGA | 
Acer T272HLbmjjz,Acer ,UM.HT2AA.003 ,"27"" ",1920 x 1080 ,60 Hz ,5 ms ,,16:9 ,,300 cd/m² ,0.311 mm ,Yes ,No ,None ,Yes ,,178° H x 178° V ,1 x VGA 
Asus SD222-YA,Asus ,SD222-YA ,"21.5"" ",1920 x 1080 ,60 Hz ,,,16:9 ,,250 cd/m² ,0.248 mm ,Yes ,No ,None ,Yes ,,178° H x 178° V ,1 x VGA 
NEC PA302W,NEC ,PA302W ,"30"" ",2560 x 1600 ,,6 ms ,IPS ,16:10 ,,340 cd/m² ,0.252 mm ,Yes ,No ,None ,No ,200 x 100 ,178° H x 178° V , 2 x DisplayPort | 1 x DVI | 1 x HDMI | 
Samsung S22C150N,Samsung ,S22C150N ,"21.5"" ",1920 x 1080 ,,5 ms ,TN ,16:9 ,,200 cd/m² ,0.248 mm ,Yes ,No ,None ,No ,,90° H x 65° V ,1 x VGA 
3M M2256PW,3M ,98-0003-3512-9 ,"22"" ",1680 x 1050 ,,8 ms ,,16:10 ,,260 cd/m² ,0.282 mm ,Yes ,No ,None ,Yes ,100 x 100 ,178° H x 178° V , 1 x DVI | 1 x VGA | 
3M C2254PW,3M ,98-0003-3601-0 ,"22"" ",1680 x 1050 ,,8 ms ,,16:10 ,,300 cd/m² ,0.282 mm ,Yes ,No ,None ,No ,100 x 100 ,178° H x 178° V , 1 x DVI | 1 x VGA | 
Dell S2240T,Dell ,S2240T ,"21.5"" ",1920 x 1080 ,60 Hz ,12 ms ,,16:9 ,,,0.248 mm ,Yes ,No ,None ,No ,,178° H x 178° V , 1 x DVI | 1 x HDMI | 1 x VGA | 
ViewSonic TD2740,ViewSonic ,TD2740 ,"27"" ",1920 x 1080 ,,12 ms ,,16:9 ,,260 cd/m² ,0.311 mm ,Yes ,No ,None ,Yes ,100 x 100 ,178° H x 178° V , 1 x DisplayPort | 1 x VGA | 
Samsung ED32C,Samsung ,ED32C ,"32"" ",1366 x 768 ,,8 ms ,,16:9 ,,330 cd/m² ,0.519 mm ,Yes ,No ,None ,No ,,178° H x 178° V , 1 x DVI | 1 x HDMI | 1 x VGA | 
Samsung LE32C,Samsung ,LE32C ,"32"" ",1366 x 768 ,60 Hz ,8 ms ,,16:9 ,,350 cd/m² ,0.519 mm ,Yes ,No ,None ,No ,,178° H x 178° V , 1 x DVI | 2 x HDMI | 1 x VGA | 
Samsung MD32C,Samsung ,MD32C ,"32"" ",1920 x 1080 ,60 Hz ,8 ms ,,16:9 ,,350 cd/m² ,0.369 mm ,Yes ,No ,None ,No ,,178° H x 178° V , 1 x Component | 1 x DVI | 1 x HDMI | 1 x VGA | 
Samsung NC241-T,Samsung ,NC241-T ,"23.6"" ",1920 x 1080 ,,5 ms ,,16:9 ,,300 cd/m² ,0.272 mm ,Yes ,No ,None ,No ,,,
NEC PA272W,NEC ,PA272W ,"27"" ",2560 x 1440 ,85 Hz ,6 ms ,IPS ,16:9 ,,340 cd/m² ,0.233 mm ,Yes ,No ,None ,Yes ,200 x 100 ,178° H x 178° V , 1 x DisplayPort | 1 x Mini-DisplayPort | 1 x DVI-D Dual Link | 1 x HDMI | 
Philips C271P4QPJEW,Philips ,C271P4QPJEW ,"27"" ",1920 x 1080 ,60 Hz ,12 ms ,,16:9 ,,300 cd/m² ,0.311 mm ,Yes ,No ,None ,Yes ,100 x 100 ,178° H x 178° V , 1 x DisplayPort | 1 x DVI-D Dual Link | 1 x HDMI | 1 x VGA | 
Samsung S22C650P,Samsung ,S22C650P ,"21.5"" ",1920 x 1080 ,60 Hz ,5 ms ,PLS ,16:9 ,,250 cd/m² ,0.248 mm ,Yes ,No ,None ,Yes ,100 x 100 ,178° H x 178° V , 1 x DisplayPort | 1 x HDMI | 1 x VGA | 
Samsung S27B971D,Samsung ,S27B971D ,"27"" ",2560 x 1440 ,60 Hz ,5 ms ,PLS ,16:9 ,,300 cd/m² ,0.233 mm ,Yes ,No ,None ,Yes ,,178° H x 178° V , 1 x DisplayPort | 1 x DVI-D Dual Link | 1 x HDMI | 
ViewSonic VA2249S,ViewSonic ,VA2249S ,"21.5"" ",1920 x 1080 ,60 Hz ,5 ms ,IPS ,16:9 ,,250 cd/m² ,0.248 mm ,Yes ,No ,None ,No ,100 x 100 ,178° H x 178° V , 1 x DVI | 1 x VGA | 
ViewSonic VA2349S,ViewSonic ,VA2349S ,"23"" ",1920 x 1080 ,60 Hz ,5 ms ,IPS ,16:9 ,,250 cd/m² ,0.265 mm ,Yes ,No ,None ,No ,100 x 100 ,178° H x 178° V , 1 x DVI | 1 x VGA | 
CTL MTLP2000,CTL ,MTLP2000 ,"20"" ",1600 x 900 ,60 Hz ,2 ms ,,16:9 ,,250 cd/m² ,0.277 mm ,Yes ,No ,None ,Yes ,,,1 x VGA 
HP D7P94A4#ABA,HP ,D7P94A4#ABA ,"30"" ",2560 x 1600 ,60 Hz ,8 ms ,IPS ,16:10 ,,350 cd/m² ,0.252 mm ,Yes ,No ,None ,Yes ,100 x 100 ,,1 x VGA 
HP D7Q13A4#ABA,HP ,D7Q13A4#ABA ,"23"" ",1920 x 1080 ,60 Hz ,8 ms ,IPS ,16:9 ,,250 cd/m² ,0.265 mm ,Yes ,No ,None ,No ,,,1 x VGA 
HP D9E49AA#ABA,HP ,D9E49AA#ABA ,"21.5"" ",1920 x 1080 ,60 Hz ,7 ms ,IPS ,16:9 ,,250 cd/m² ,0.248 mm ,Yes ,No ,None ,Yes ,,,1 x VGA 
HP E2T08A6#ABA,HP ,E2T08A6#ABA ,"21.5"" ",1920 x 1080 ,60 Hz ,5 ms ,,16:9 ,,200 cd/m² ,0.248 mm ,Yes ,No ,None ,No ,,,1 x VGA 
Planar PXL2240MW,Planar ,997-7144-00 ,"22"" ",1920 x 1080 ,,5 ms ,,16:9 ,,220 cd/m² ,0.254 mm ,Yes ,No ,None ,Yes ,100 x 100 ,170° H x 160° V , 1 x DVI | 1 x HDMI | 1 x VGA | 
Planar 997-7451-00,Planar ,997-7451-00 ,"19"" ",1280 x 1024 ,60 Hz ,5 ms ,,5:4 ,,250 cd/m² ,0.294 mm ,No ,No ,None ,No ,100 x 100 ,,1 x VGA 
ViewEra V177TP,ViewEra ,V177TP ,"17"" ",1280 x 1024 ,,5 ms ,,5:4 ,,250 cd/m² ,0.263 mm ,No ,No ,None ,No ,,170° H x 160° V ,1 x VGA 
ViewEra V197TP,ViewEra ,V197TP ,"19"" ",1280 x 1024 ,,5 ms ,,5:4 ,,250 cd/m² ,0.294 mm ,No ,No ,None ,No ,,170° H x 160° V ,1 x VGA 
ViewSonic TD2240,ViewSonic ,TD2240 ,"22"" ",1920 x 1080 ,,25 ms ,,16:9 ,,200 cd/m² ,0.254 mm ,Yes ,No ,None ,Yes ,100 x 100 ,178° H x 178° V , 1 x HDMI | 1 x VGA | 
Gateway KX2703bd,Gateway ,UM.HW3AA.003 ,"27"" ",1920 x 1080 ,60 Hz ,6 ms ,TN ,16:9 ,,300 cd/m² ,0.311 mm ,Yes ,No ,None ,No ,,178° H x 178° V , 1 x DVI | 1 x VGA | 
HP E241i,HP ,F0W81AA ,"24"" ",1920 x 1200 ,60 Hz ,8 ms ,IPS ,16:10 ,,250 cd/m² ,0.269 mm ,Yes ,No ,None ,No ,,, 1 x DisplayPort | 1 x DVI | 1 x VGA | 
NEC AS172-BK,NEC ,AS172-BK ,"17"" ",1280 x 1024 ,76 Hz ,5 ms ,TN ,5:4 ,,250 cd/m² ,0.263 mm ,No ,No ,None ,No ,100 x 100 ,,1 x VGA 
NEC EA193MI-BK,NEC ,EA193MI-BK ,"19"" ",1280 x 1024 ,75 Hz ,6 ms ,IPS ,5:4 ,,250 cd/m² ,0.294 mm ,No ,No ,None ,Yes ,100 x 100 ,,1 x VGA 
Acer G237HLbi,Acer ,UM.VG7AA.001 ,"23"" ",1920 x 1080 ,60 Hz ,6 ms ,IPS ,16:9 ,,250 cd/m² ,0.265 mm ,Yes ,No ,None ,No ,,178° H x 178° V , 1 x HDMI | 1 x VGA | 
NEC E224WI-BK,NEC ,E224WI-BK ,"21.5"" ",1920 x 1080 ,76 Hz ,6 ms ,IPS ,16:9 ,,250 cd/m² ,0.248 mm ,Yes ,No ,None ,No ,100 x 100 ,178° H x 178° V , 1 x DisplayPort | 1 x DVI | 1 x VGA | 
NEC E243WMi-BK,NEC ,E243WMi-BK ,"23.8"" ",1920 x 1080 ,60 Hz ,5 ms ,IPS ,16:9 ,,250 cd/m² ,0.274 mm ,Yes ,No ,None ,Yes ,100 x 100 ,178° H x 178° V , 1 x DisplayPort | 1 x DVI | 1 x VGA | 
NEC EA274WMI-BK,NEC ,EA274WMI-BK ,"27"" ",2560 x 1440 ,60 Hz ,6 ms ,IPS ,16:9 ,,350 cd/m² ,0.233 mm ,Yes ,No ,None ,Yes ,100 x 100 ,178° H x 178° V , 1 x DisplayPort | 1 x DVI | 1 x HDMI | 1 x VGA | 
NEC PA272W-BK-SV,NEC ,PA272W-BK-SV ,"27"" ",2560 x 1440 ,85 Hz ,6 ms ,IPS ,16:9 ,,340 cd/m² ,0.233 mm ,Yes ,No ,None ,No ,200 x 100 ,178° H x 178° V , 1 x DisplayPort | 1 x DVI | 1 x HDMI | 
HP Z22i (D7Q14A4),HP ,D7Q14A8#ABA ,"21.5"" ",1920 x 1080 ,60 Hz ,8 ms ,IPS ,16:9 ,,250 cd/m² ,0.248 mm ,Yes ,No ,None ,No ,100 x 100 ,178° H x 178° V , 1 x DisplayPort | 1 x DVI | 1 x VGA | 
ViewSonic VP2772,ViewSonic ,VP2772 ,"27"" ",2560 x 1440 ,60 Hz ,12 ms ,IPS ,16:9 ,,350 cd/m² ,0.233 mm ,Yes ,No ,None ,Yes ,,178° H x 178° V , 1 x DisplayPort | 1 x DVI | 1 x HDMI | 
HP E4S07AA#ABA,HP ,E4S07AA#ABA ,"23"" ",1920 x 1080 ,60 Hz ,5 ms ,TN ,16:9 ,,250 cd/m² ,0.265 mm ,Yes ,No ,None ,No ,100 x 100 ,170° H x 160° V , 1 x DVI | 1 x VGA | 
Asus VN289Q,Asus ,VN289Q ,"28"" ",1920 x 1080 ,60 Hz ,5 ms ,VA ,16:9 ,,300 cd/m² ,0.323 mm ,Yes ,No ,None ,Yes ,100 x 100 ,178° H x 178° V , 1 x DisplayPort | 1 x DVI | 1 x HDMI | 1 x VGA | 
LG 20M35D-B,LG ,20M35D-B ,"19.5"" ",1600 x 900 ,60 Hz ,5 ms ,TN ,16:9 ,,200 cd/m² ,0.27 mm ,Yes ,No ,None ,No ,100 x 100 ,90° H x 65° V , 1 x DVI | 1 x VGA | 
LG 24MB35PU-B,LG ,24MB35PU-B ,"23.8"" ",1920 x 1080 ,60 Hz ,5 ms ,IPS ,16:9 ,,250 cd/m² ,0.274 mm ,Yes ,No ,None ,Yes ,100 x 100 ,178° H x 178° V , 1 x DVI | 1 x VGA | 
Acer UM.HS1AA.D01,Acer ,UM.HS1AA.D01 ,"27"" ",1920 x 1080 ,60 Hz ,6 ms ,TN ,16:9 ,,300 cd/m² ,0.311 mm ,Yes ,No ,None ,No ,,178° H x 178° V , 1 x DVI | 1 x HDMI | 1 x VGA | 
AOC E2060SWDA-TAA,AOC ,E2060SWDA-TAA ,"20"" ",1600 x 900 ,60 Hz ,5 ms ,TN ,16:9 ,,,0.277 mm ,Yes ,No ,None ,No ,100 x 100 ,, 1 x DVI | 1 x VGA | 
AOC E2260SWDN-TAA,AOC ,E2260SWDN-TAA ,"22"" ",1920 x 1080 ,60 Hz ,5 ms ,TN ,16:9 ,,200 cd/m² ,0.254 mm ,Yes ,No ,None ,No ,100 x 100 ,, 1 x DVI | 1 x VGA | 
AOC E2460SD-TAA,AOC ,E2460SD-TAA ,"24"" ",1920 x 1080 ,60 Hz ,5 ms ,TN ,16:9 ,,250 cd/m² ,0.277 mm ,Yes ,No ,None ,No ,100 x 100 ,, 1 x DVI | 1 x VGA | 
AOC Q2770PQU,AOC ,Q2770PQU ,"27"" ",2560 x 1440 ,60 Hz ,5 ms ,IPS ,16:9 ,,300 cd/m² ,0.233 mm ,Yes ,No ,None ,Yes ,100 x 100 ,178° H x 178° V , 1 x DisplayPort | 1 x DVI | 1 x HDMI | 1 x VGA | 
Dell P1913,Dell ,P1913 ,"19"" ",1440 x 900 ,60 Hz ,5 ms ,TN ,16:10 ,,250 cd/m² ,0.284 mm ,Yes ,No ,None ,Yes ,100 x 100 ,, 1 x DisplayPort | 1 x DVI | 1 x VGA | 
HP D7P92A8#ABA,HP ,D7P92A8#ABA ,"27"" ",2560 x 1440 ,60 Hz ,8 ms ,IPS ,16:9 ,,350 cd/m² ,0.233 mm ,Yes ,No ,None ,Yes ,100 x 100 ,, 1 x DisplayPort | 1 x DVI | 1 x HDMI | 1 x VGA | 
HP E4U30A8#ABA,HP ,E4U30A8#ABA ,"18.9"" ",1280 x 1024 ,60 Hz ,,IPS ,5:4 ,,250 cd/m² ,0.293 mm ,No ,No ,None ,Yes ,100 x 100 ,, 1 x DisplayPort | 1 x DVI | 1 x VGA | 
HP F0W81AA#ABA,HP ,F0W81AA#ABA ,"24"" ",1920 x 1200 ,60 Hz ,8 ms ,IPS ,16:10 ,,250 cd/m² ,0.269 mm ,Yes ,No ,None ,Yes ,,, 1 x DisplayPort | 1 x DVI | 1 x VGA | 
Lenovo LT1953,Lenovo ,1453HB1 ,"19"" ",1440 x 900 ,60 Hz ,5 ms ,TN ,16:10 ,,250 cd/m² ,0.284 mm ,Yes ,No ,None ,No ,100 x 100 ,170° H x 160° V , 1 x DVI | 1 x VGA | 
Lenovo 60B0HAR1US,Lenovo ,60B0HAR1US ,"23"" ",1920 x 1080 ,60 Hz ,5 ms ,TN ,16:9 ,,250 cd/m² ,0.265 mm ,Yes ,No ,None ,No ,100 x 100 ,, 1 x DVI | 1 x VGA | 
Lenovo LT1713p,Lenovo ,60B3HAR2US ,"17"" ",1280 x 1024 ,72 Hz ,5 ms ,TN ,5:4 ,,250 cd/m² ,0.263 mm ,No ,No ,None ,No ,100 x 100 ,170° H x 170° V , 1 x DVI | 1 x VGA | 
Lenovo 60B9HAR1US,Lenovo ,60B9HAR1US ,"20"" ",1600 x 900 ,60 Hz ,5 ms ,TN ,16:9 ,,250 cd/m² ,0.277 mm ,Yes ,No ,None ,No ,100 x 100 ,, 1 x DVI | 1 x VGA | 
LG 22MB35P-B,LG ,22MB35P-B ,"22"" ",1920 x 1080 ,60 Hz ,5 ms ,TN ,16:9 ,,250 cd/m² ,0.254 mm ,Yes ,No ,None ,No ,,170° H x 160° V , 1 x DVI | 1 x VGA | 
LG 22MB65P-B,LG ,22MB65P-B ,"22"" ",1680 x 1050 ,60 Hz ,5 ms ,TN ,16:10 ,,250 cd/m² ,0.282 mm ,Yes ,No ,None ,No ,,170° H x 160° V , 1 x DVI | 1 x VGA | 
LG 24M34D-B,LG ,24M34D-B ,"23.6"" ",1920 x 1080 ,60 Hz ,5 ms ,TN ,16:9 ,,200 cd/m² ,0.272 mm ,Yes ,No ,None ,No ,100 x 100 ,170° H x 160° V , 1 x DVI | 1 x VGA | 
LG 27MB65PY-B,LG ,27MB65PY-B ,"27"" ",1920 x 1080 ,60 Hz ,5 ms ,TN ,16:9 ,,250 cd/m² ,0.311 mm ,Yes ,No ,None ,Yes ,100 x 200 ,178° H x 178° V , 1 x DisplayPort | 1 x DVI | 1 x VGA | 
LG 27MP65HQ,LG ,27MP65HQ ,"27"" ",1920 x 1080 ,60 Hz ,5 ms ,IPS ,16:9 ,,250 cd/m² ,0.311 mm ,Yes ,No ,None ,No ,,178° H x 178° V , 1 x HDMI | 1 x VGA | 
NEC E171M-BK,NEC ,E171M-BK ,"17"" ",1280 x 1024 ,60 Hz ,5 ms ,TN ,5:4 ,,250 cd/m² ,0.263 mm ,No ,No ,None ,Yes ,100 x 100 ,,1 x VGA 
Philips 231C5TJKFU,Philips ,231C5TJKFU ,"23"" ",1920 x 1080 ,60 Hz ,5 ms ,IPS ,16:9 ,,250 cd/m² ,0.265 mm ,Yes ,No ,None ,Yes ,75 x 75 ,, 1 x DisplayPort | 1 x HDMI | 1 x VGA | 
Samsung S24C650DW,Samsung ,S24C650DW ,"24"" ",1920 x 1200 ,60 Hz ,5 ms ,PLS ,16:10 ,,250 cd/m² ,0.269 mm ,Yes ,No ,None ,Yes ,100 x 100 ,, 1 x DisplayPort | 1 x DVI | 1 x VGA | 
Acer B206HQL ymdh,Acer , UM.IB6AA.001 | UM.IB6AA.A01 | ,"19.5"" ",1600 x 900 ,60 Hz ,5 ms ,TN ,16:9 ,,250 cd/m² ,0.27 mm ,Yes ,No ,None ,Yes ,,170° H x 160° V , 1 x DVI | 1 x VGA | 
Acer G227HQLbi,Acer ,UM.WG7AA.001 ,"21.5"" ",1920 x 1080 ,60 Hz ,6 ms ,IPS ,16:9 ,,250 cd/m² ,0.248 mm ,Yes ,No ,None ,No ,,178° H x 178° V , 1 x HDMI | 1 x VGA | 
Gateway KX2153 Abd,Gateway ,UM.WW3AA.A02 ,"21.5"" ",1920 x 1080 ,60 Hz ,8 ms ,TN ,16:9 ,,250 cd/m² ,0.248 mm ,Yes ,No ,None ,No ,,178° H x 178° V , 1 x DVI | 1 x VGA | 
Hannspree HX194DPB,Hannspree ,HX194DPB ,"19"" ",1280 x 1024 ,60 Hz ,5 ms ,TN ,5:4 ,,250 cd/m² ,0.294 mm ,No ,No ,None ,Yes ,,170° H x 160° V , 1 x DVI | 1 x VGA | 
LG 24MB35DM-B,LG ,24MB35DM-B ,"23.8"" ",1920 x 1080 ,60 Hz ,5 ms ,IPS ,16:9 ,,250 cd/m² ,0.274 mm ,Yes ,No ,None ,Yes ,100 x 100 ,178° H x 178° V , 1 x DVI | 1 x VGA | 
LG 24MB35P-B,LG ,24MB35P-B ,"23.8"" ",1920 x 1080 ,60 Hz ,5 ms ,IPS ,16:9 ,,250 cd/m² ,0.274 mm ,Yes ,No ,None ,No ,100 x 100 ,178° H x 178° V , 1 x DVI | 1 x VGA | 
LG 25UM64-S,LG ,25UM64-S ,"25"" ",2560 x 1080 ,60 Hz ,14 ms ,IPS ,21:9 ,,250 cd/m² ,0.229 mm ,Yes ,No ,None ,Yes ,100 x 100 ,178° H x 178° V , 1 x DisplayPort | 1 x DVI | 2 x HDMI | 
LG 29UB65-P,LG ,29UB65-P ,"29"" ",2560 x 1080 ,60 Hz ,5 ms ,IPS ,21:9 ,,300 cd/m² ,0.265 mm ,Yes ,No ,None ,Yes ,75 x 75 ,178° H x 178° V , 1 x DisplayPort | 1 x DVI | 1 x HDMI | 
Samsung S20D300H,Samsung ,S20D300H ,"19.5"" ",1600 x 900 ,60 Hz ,5 ms ,TN ,16:9 ,,250 cd/m² ,0.27 mm ,Yes ,No ,None ,No ,,170° H x 160° V , 1 x HDMI | 1 x VGA | 
Samsung S24D360HL,Samsung ,S24D360HL ,"23.6"" ",1920 x 1080 ,60 Hz ,5 ms ,TN ,16:9 ,,250 cd/m² ,0.272 mm ,Yes ,No ,None ,No ,,178° H x 178° V , 1 x HDMI | 1 x VGA | 
Samsung S27D390H,Samsung ,S27D390H ,"27"" ",1920 x 1080 ,60 Hz ,5 ms ,TN ,16:9 ,,300 cd/m² ,0.311 mm ,Yes ,No ,None ,No ,,178° H x 178° V , 1 x HDMI | 1 x VGA | 
Samsung T22C350ND,Samsung ,T22C350ND ,"21.5"" ",1920 x 1080 ,60 Hz ,2 ms ,TN ,16:9 ,,250 cd/m² ,0.248 mm ,Yes ,No ,None ,Yes ,,170° H x 160° V , 2 x HDMI | 1 x VGA | 
Samsung T28D310NH,Samsung ,T28D310NH ,"27.5"" ",1366 x 768 ,60 Hz ,6 ms ,TN ,16:9 ,,300 cd/m² ,0.446 mm ,Yes ,No ,None ,Yes ,,178° H x 178° V ,2 x HDMI 
LG 34UM95,LG ,34UM95 ,"34"" ",3440 x 1440 ,60 Hz ,5 ms ,IPS ,21:9 ,,320 cd/m² ,0.232 mm ,Yes ,No ,None ,No ,,178° H x 178° V , 3 x DisplayPort | 2 x HDMI | 
Samsung P2370HD-1,Samsung ,P2370HD-1 ,"23"" ",1920 x 1080 ,60 Hz ,5 ms ,,16:9 ,,300 cd/m² ,0.265 mm ,Yes ,No ,None ,Yes ,,170° H x 160° V , 1 x Component | 1 x DVI | 1 x HDMI | 1 x S-Video | 1 x VGA | 
LG 29UM65-P,LG , 29UM65-P | 29UM65 | ,"29"" ",2560 x 1080 ,60 Hz ,5 ms ,IPS ,21:9 ,,300 cd/m² ,0.265 mm ,Yes ,No ,None ,Yes ,,178° H x 178° V , 1 x DisplayPort | 1 x DVI | 2 x HDMI | 
BenQ RL2240H,BenQ ,RL2240H ,"21.5"" ",1920 x 1080 ,60 Hz ,5 ms ,TN ,16:9 ,,250 cd/m² ,0.248 mm ,Yes ,No ,None ,No ,,170° H x 160° V , 1 x DVI | 1 x HDMI | 1 x VGA | 
BenQ RL2240HE,BenQ ,RL2240HE ,"21.5"" ",1920 x 1080 ,60 Hz ,1 ms ,TN ,16:9 ,,250 cd/m² ,0.248 mm ,Yes ,No ,None ,No ,,170° H x 160° V , 1 x DVI | 1 x HDMI | 1 x VGA | 
Acer V196L bd,Acer ,UM.CV6AA.006 ,"19"" ",1280 x 1024 ,75 Hz ,5 ms ,TN ,5:4 ,,250 cd/m² ,0.294 mm ,No ,No ,None ,No ,,170° H x 160° V , 1 x DVI | 1 x VGA | 
Acer B326HUL ymiidphz,Acer ,UM.JB6AA.001 ,"32"" ",2560 x 1440 ,60 Hz ,6 ms ,VA ,16:9 ,,300 cd/m² ,0.277 mm ,Yes ,No ,None ,Yes ,,178° H x 178° V , 1 x DisplayPort | 1 x DVI | 2 x HDMI | 
BenQ BL3200PT,BenQ ,BL3200PT ,"32"" ",2560 x 1440 ,60 Hz ,4 ms ,VA ,16:9 ,,300 cd/m² ,0.277 mm ,Yes ,No ,None ,Yes ,100 x 100 ,178° H x 178° V , 1 x DisplayPort | 1 x DVI | 1 x HDMI | 1 x VGA | 
BenQ PG2401PT,BenQ ,PG2401PT ,"24.1"" ",1920 x 1200 ,60 Hz ,5 ms ,IPS ,16:10 ,,350 cd/m² ,0.27 mm ,Yes ,No ,None ,Yes ,100 x 100 ,178° H x 178° V , 1 x DisplayPort | 1 x DVI | 1 x HDMI | 1 x VGA | 
HP E2T08AA#ABA,HP ,E2T08AA#ABA ,"21.5"" ",1920 x 1080 ,60 Hz ,5 ms ,TN ,16:9 ,,200 cd/m² ,0.248 mm ,Yes ,No ,None ,No ,,, 1 x DVI | 1 x VGA | 
HP E9Q82A8#ABA,HP ,E9Q82A8#ABA ,"24"" ",1920 x 1200 ,60 Hz ,12 ms ,IPS ,16:10 ,,350 cd/m² ,0.269 mm ,Yes ,No ,None ,Yes ,100 x 100 ,, 1 x DisplayPort | 1 x DVI | 1 x HDMI | 
HP F3J72A8#ABA,HP ,F3J72A8#ABA ,"23"" ",1920 x 1080 ,60 Hz ,7 ms ,IPS ,16:9 ,,250 cd/m² ,0.265 mm ,Yes ,No ,None ,Yes ,100 x 100 ,, 1 x DisplayPort | 1 x VGA | 
LG 22M34D-B,LG ,22M34D-B ,"22"" ",1920 x 1080 ,60 Hz ,5 ms ,TN ,16:9 ,,200 cd/m² ,0.254 mm ,Yes ,No ,None ,No ,75 x 75 ,90° H x 65° V , 1 x DVI | 1 x VGA | 
Acer V246HL Bmid ,Acer ,UM.FV6AA.005 ,"24"" ",1920 x 1080 ,60 Hz ,5 ms ,TN ,16:9 ,,250 cd/m² ,0.277 mm ,Yes ,No ,None ,No ,,170° H x 160° V , 1 x DVI | 1 x HDMI | 1 x VGA | 
Dell UZ2215H,Dell ,UZ2215H ,"21.5"" ",1920 x 1080 ,60 Hz ,8 ms ,IPS ,16:9 ,,250 cd/m² ,0.248 mm ,Yes ,No ,None ,Yes ,,178° H x 178° V , 1 x DisplayPort | 2 x HDMI | 1 x VGA | 
Dell UZ2315H,Dell ,UZ2315H ,"23"" ",1920 x 1080 ,60 Hz ,8 ms ,IPS ,16:9 ,,300 cd/m² ,0.265 mm ,Yes ,No ,None ,Yes ,100 x 100 ,178° H x 178° V , 1 x DisplayPort | 2 x HDMI | 1 x VGA | 
Dell UZ2715H,Dell ,UZ2715H ,"27"" ",1920 x 1080 ,60 Hz ,8 ms ,IPS ,16:9 ,,300 cd/m² ,0.311 mm ,Yes ,No ,None ,Yes ,100 x 100 ,178° H x 178° V , 1 x DisplayPort | 2 x HDMI | 1 x VGA | 
HP D7R00A8#ABA,HP , D7R00A8#ABA | Z27X | ,"27"" ",2560 x 1440 ,60 Hz ,12 ms ,IPS ,16:9 ,,300 cd/m² ,0.233 mm ,Yes ,No ,None ,Yes ,100 x 100 ,178° H x 178° V , 2 x DisplayPort | 1 x HDMI | 
HP E9Q82A4#ABA,HP ,E9Q82A4#ABA ,"24"" ",1920 x 1200 ,60 Hz ,12 ms ,IPS ,16:10 ,,350 cd/m² ,0.269 mm ,Yes ,No ,None ,Yes ,100 x 100 ,178° H x 178° V , 1 x DisplayPort | 1 x DVI | 1 x HDMI | 
LG 24MP55HQ-P,LG ,24MP55HQ-P ,"23.8"" ",1920 x 1080 ,60 Hz ,5 ms ,IPS ,16:9 ,,250 cd/m² ,0.274 mm ,Yes ,No ,None ,No ,100 x 100 ,178° H x 178° V , 1 x HDMI | 1 x VGA | 
LG 27MP34HQ-B,LG ,27MP34HQ-B ,"27"" ",1920 x 1080 ,60 Hz ,5 ms ,IPS ,16:9 ,,200 cd/m² ,0.311 mm ,Yes ,No ,None ,No ,,178° H x 178° V , 1 x HDMI | 1 x VGA | 
LG 27MP35HQ,LG ,27MP35HQ ,"27"" ",1920 x 1080 ,60 Hz ,5 ms ,IPS ,16:9 ,,200 cd/m² ,0.311 mm ,Yes ,No ,None ,No ,,178° H x 178° V , 1 x HDMI | 1 x VGA | 
NEC PA272W-SV,NEC ,PA272W-SV ,"27"" ",2560 x 1440 ,85 Hz ,6 ms ,IPS ,16:9 ,,340 cd/m² ,0.233 mm ,Yes ,No ,None ,Yes ,200 x 100 ,178° H x 178° V , 1 x DisplayPort | 1 x Mini-DisplayPort | 1 x DVI | 1 x HDMI | 
Samsung S24C650BW,Samsung ,S24C650BW ,"24"" ",1920 x 1200 ,60 Hz ,5 ms ,PLS ,16:10 ,,250 cd/m² ,0.269 mm ,Yes ,No ,None ,No ,,178° H x 178° V , 1 x DVI | 1 x VGA | 
AOC I2267FWH,AOC ,I2267FWH ,"21.5"" ",1920 x 1080 ,60 Hz ,5 ms ,IPS ,16:9 ,,250 cd/m² ,0.248 mm ,Yes ,No ,None ,Yes ,,178° H x 178° V , 2 x HDMI | 1 x VGA | 
HP D7R00A4#ABA,HP ,D7R00A4#ABA ,"27"" ",2560 x 1440 ,60 Hz ,7 ms ,IPS ,16:9 ,,300 cd/m² ,0.233 mm ,Yes ,No ,None ,Yes ,,178° H x 178° V , 2 x DisplayPort | 1 x HDMI | 
LG 22M35D,LG ,22M35D ,"22"" ",1920 x 1080 ,60 Hz ,5 ms ,TN ,16:9 ,,200 cd/m² ,0.254 mm ,Yes ,No ,None ,No ,,90° H x 65° V , 1 x DVI | 1 x VGA | 
NEC E232WMT-BK,NEC ,E232WMT-BK ,"23"" ",1920 x 1080 ,60 Hz ,5 ms ,IPS ,16:9 ,,250 cd/m² ,0.265 mm ,Yes ,No ,None ,Yes ,100 x 100 ,170° H x 170° V , 1 x DVI | 1 x HDMI | 1 x VGA | 
Asus VS228HR,Asus ,VS228HR ,"21.5"" ",1920 x 1080 ,60 Hz ,5 ms ,TN ,16:9 ,,250 cd/m² ,0.248 mm ,Yes ,No ,None ,No ,,170° H x 160° V , 1 x DVI-D Dual Link | 1 x HDMI | 1 x VGA | 
Asus VX239H,Asus ,VX239H ,"23"" ",1920 x 1080 ,60 Hz ,5 ms ,IPS ,16:9 ,,250 cd/m² ,0.265 mm ,Yes ,No ,None ,Yes ,,178° H x 178° V , 2 x HDMI | 1 x VGA | 
Acer G246HYL bmjj,Acer ,UM.QG6AA.001 ,"23.8"" ",1920 x 1080 ,60 Hz ,6 ms ,IPS ,16:9 ,,250 cd/m² ,0.274 mm ,Yes ,No ,None ,Yes ,,178° H x 178° V , 1 x DVI | 1 x HDMI | 1 x VGA | 
AOC U2868PQU,AOC ,U2868PQU ,"28"" ",3840 x 2160 ,60 Hz ,1 ms ,TN ,16:9 ,,300 cd/m² ,0.161 mm ,Yes ,No ,None ,Yes ,100 x 100 ,170° H x 160° V , 1 x DisplayPort | 1 x DVI | 1 x HDMI | 1 x VGA | 
Asus VN289QL,Asus ,VN289QL ,"28"" ",1920 x 1080 ,60 Hz ,5 ms ,VA ,16:9 ,,300 cd/m² ,0.323 mm ,Yes ,No ,None ,Yes ,100 x 100 ,178° H x 178° V , 1 x DisplayPort | 1 x DVI | 1 x HDMI | 1 x VGA | 
Asus VT207N,Asus ,VT207N ,"19.5"" ",1600 x 900 ,,5 ms ,,16:9 ,,250 cd/m² ,0.27 mm ,Yes ,No ,None ,No ,,170° H x 160° V , 1 x DVI | 1 x VGA | 
Dell E2015HV,Dell ,E2015HV ,"19.5"" ",1600 x 900 ,60 Hz ,5 ms ,,16:9 ,,200 cd/m² ,0.27 mm ,Yes ,No ,None ,No ,100 x 100 ,,1 x VGA 
Dell E2215HV,Dell ,E2215HV ,"21.5"" ",1920 x 1080 ,60 Hz ,5 ms ,,16:9 ,,200 cd/m² ,0.248 mm ,Yes ,No ,None ,No ,100 x 100 ,,1 x VGA 
Eizo S1923H-BK,Eizo ,S1923H-BK ,"19"" ",1280 x 1024 ,60 Hz ,13 ms ,VA ,5:4 ,,250 cd/m² ,0.294 mm ,No ,No ,None ,No ,,178° H x 178° V , 1 x DVI | 1 x VGA | 
Eizo T2381W,Eizo ,T2381W-BK ,"23"" ",1920 x 1080 ,60 Hz ,6 ms ,IPS ,16:9 ,,260 cd/m² ,0.265 mm ,Yes ,No ,None ,Yes ,100 x 100 ,178° H x 178° V , 1 x DisplayPort | 1 x DVI | 1 x VGA | 
HP L2206tm,HP ,B7F36A8#ABA ,"21.5"" ",1920 x 1080 ,60 Hz ,5 ms ,TN ,16:9 ,,220 cd/m² ,0.248 mm ,Yes ,No ,None ,Yes ,100 x 100 ,170° H x 160° V , 1 x DisplayPort | 1 x DVI | 1 x VGA | 
HP C4D27AA#ABA,HP ,C4D27AA#ABA ,"27"" ",1920 x 1080 ,60 Hz ,7 ms ,IPS ,16:9 ,,250 cd/m² ,0.311 mm ,Yes ,No ,None ,No ,,, 1 x DVI | 1 x HDMI | 1 x VGA | 
HP D7P92A4#ABA,HP ,D7P92A4#ABA ,"27"" ",2560 x 1440 ,76 Hz ,8 ms ,IPS ,16:9 ,,350 cd/m² ,0.233 mm ,Yes ,No ,None ,Yes ,100 x 100 ,178° H x 178° V , 1 x DVI | 1 x HDMI | 1 x VGA | 
HP E221c,HP ,D9E49A8#ABA ,"21.5"" ",1920 x 1080 ,60 Hz ,7 ms ,TN ,16:9 ,,250 cd/m² ,0.248 mm ,Yes ,No ,None ,Yes ,,178° H x 178° V , 1 x DisplayPort | 1 x DVI | 1 x VGA | 
HP E4U30AA#ABA,HP ,E4U30AA#ABA ,"19"" ",1280 x 1024 ,60 Hz ,8 ms ,IPS ,5:4 ,,250 cd/m² ,0.294 mm ,No ,No ,None ,Yes ,100 x 100 ,178° H x 178° V , 1 x DisplayPort | 1 x DVI | 1 x VGA | 
HP E5Z68AA#ABA,HP ,E5Z68AA#ABA ,"23.6"" ",1920 x 1080 ,60 Hz ,5 ms ,,16:9 ,,250 cd/m² ,0.272 mm ,Yes ,No ,None ,No ,100 x 100 ,, 1 x DVI | 1 x VGA | 
HP F7M93UC#ABA,HP ,F7M93UC#ABA ,"23"" ",1920 x 1080 ,60 Hz ,8 ms ,IPS ,16:9 ,,250 cd/m² ,0.265 mm ,Yes ,No ,None ,Yes ,,178° H x 178° V , 1 x DisplayPort | 1 x DVI | 1 x VGA | 
HP NV24,HP ,NV24 ,"23.8"" ",1920 x 1080 ,60 Hz ,7 ms ,IPS ,16:9 ,,300 cd/m² ,0.274 mm ,Yes ,No ,None ,No ,,178° H x 178° V , 1 x HDMI | 1 x VGA | 
LG 19MB35D-B,LG ,19MB35D-B ,"19"" ",1280 x 1024 ,60 Hz ,5 ms ,IPS ,5:4 ,,250 cd/m² ,0.294 mm ,No ,No ,None ,No ,100 x 100 ,178° H x 178° V , 1 x DVI | 1 x VGA | 
LG 24MB35D-B,LG ,24MB35D-B ,"23.8"" ",1920 x 1080 ,60 Hz ,5 ms ,IPS ,16:9 ,,250 cd/m² ,0.274 mm ,Yes ,No ,None ,No ,100 x 100 ,178° H x 178° V , 1 x DVI | 1 x VGA | 
LG 25UM55-P,LG ,25UM55-P ,"25"" ",2560 x 1080 ,60 Hz ,14 ms ,IPS ,21:9 ,,250 cd/m² ,0.229 mm ,Yes ,No ,None ,No ,75 x 75 ,178° H x 178° V , 1 x DisplayPort | 2 x HDMI | 
LG 27MP35VQ-B,LG ,27MP35VQ-B ,"27"" ",1920 x 1080 ,60 Hz ,5 ms ,IPS ,16:9 ,,200 cd/m² ,0.311 mm ,Yes ,No ,None ,No ,100 x 100 ,178° H x 178° V , 1 x DVI | 1 x HDMI | 1 x VGA | 
Philips 271S4LPYEB,Philips ,271S4LPYEB ,"27"" ",1920 x 1080 ,60 Hz ,5 ms ,TN ,16:9 ,,300 cd/m² ,0.311 mm ,Yes ,No ,None ,No ,100 x 100 ,170° H x 160° V , 1 x DisplayPort | 1 x DVI | 1 x VGA | 
Philips 298X4QJAB/27,Philips ,298X4QJAB/27 ,"29"" ",2560 x 1080 ,60 Hz ,5 ms ,IPS ,21:9 ,,300 cd/m² ,0.265 mm ,Yes ,No ,None ,Yes ,,178° H x 178° V , 1 x DisplayPort | 1 x DVI | 2 x HDMI | 
Planar 997-7305-00,Planar ,997-7305-00 ,"19.5"" ",1600 x 900 ,60 Hz ,5 ms ,TN ,16:9 ,,250 cd/m² ,0.27 mm ,Yes ,No ,None ,Yes ,100 x 100 ,170° H x 160° V , 1 x DVI | 1 x VGA | 
Planar LA2250RTPW,Planar ,997-7442-00 ,"21.5"" ",1920 x 1080 ,75 Hz ,14 ms ,,16:9 ,,250 cd/m² ,0.248 mm ,Yes ,No ,None ,No ,100 x 100 ,178° H x 178° V , 1 x DVI | 1 x VGA | 
Planar 997-7602-00,Planar ,997-7602-00 ,"27"" ",1920 x 1080 ,60 Hz ,14 ms ,,16:9 ,,250 cd/m² ,0.311 mm ,Yes ,No ,None ,No ,100 x 100 ,178° H x 178° V , 1 x DVI | 1 x VGA | 
Planar 997-7685-00,Planar ,997-7685-00 ,"28"" ",3840 x 2160 ,60 Hz ,5 ms ,TN ,16:9 ,,300 cd/m² ,0.161 mm ,Yes ,No ,None ,Yes ,100 x 100 ,170° H x 160° V , 1 x DisplayPort | 1 x DVI-A | 1 x HDMI | 1 x VGA | 
Planar 997-7687-00,Planar ,997-7687-00 ,"20"" ",1600 x 900 ,60 Hz ,5 ms ,,16:9 ,,250 cd/m² ,0.277 mm ,Yes ,No ,None ,No ,100 x 100 ,170° H x 160° V , 1 x DVI | 1 x VGA | 
Planar 997-7698-00,Planar ,997-7698-00 ,"23"" ",1920 x 1080 ,60 Hz ,14 ms ,TN ,16:9 ,,250 cd/m² ,0.265 mm ,Yes ,No ,None ,Yes ,100 x 100 ,178° H x 178° V , 1 x HDMI | 1 x VGA | 
Samsung S32D850T,Samsung ,S32D850T ,"32"" ",2560 x 1440 ,60 Hz ,5 ms ,VA ,16:9 ,,,0.277 mm ,Yes ,No ,None ,No ,100 x 100 ,178° H x 178° V , 1 x DisplayPort | 1 x DVI | 2 x HDMI | 
V7 L18500WS-9N,V7 ,L18500WS-9N ,"18.5"" ",1366 x 768 ,60 Hz ,5 ms ,TN ,16:9 ,,200 cd/m² ,0.3 mm ,Yes ,No ,None ,No ,75 x 75 ,170° H x 160° V ,1 x VGA 
V7 L23600WHS-9N,V7 ,L23600WHS-9N ,"23.6"" ",1920 x 1080 ,60 Hz ,5 ms ,TN ,16:9 ,,200 cd/m² ,0.272 mm ,Yes ,No ,None ,No ,75 x 75 ,170° H x 160° V , 1 x HDMI | 1 x VGA | 
ViewSonic VX2263SMHL-W,ViewSonic ,VX2263SMHL-W ,"21.5"" ",1920 x 1080 ,60 Hz ,5 ms ,TN ,16:9 ,,250 cd/m² ,0.248 mm ,Yes ,No ,None ,Yes ,100 x 100 ,178° H x 178° V , 1 x HDMI | 1 x VGA | 
ViewSonic VX2363SMHL-W,ViewSonic ,VX2363SMHL-W ,"23"" ",1920 x 1080 ,60 Hz ,14 ms ,TN ,16:9 ,,250 cd/m² ,0.265 mm ,Yes ,No ,None ,Yes ,100 x 100 ,178° H x 178° V , 1 x HDMI | 1 x VGA | 
HP E2T08A8#ABA,HP ,E2T08A8#ABA ,"21.5"" ",1920 x 1080 ,60 Hz ,5 ms ,TN ,16:9 ,,200 cd/m² ,0.248 mm ,Yes ,No ,None ,No ,,90° H x 50° V , 1 x DVI | 1 x VGA | 
HP G9W86A6#ABA,HP ,G9W86A6#ABA ,"18.5"" ",1366 x 768 ,60 Hz ,5 ms ,TN ,16:9 ,,200 cd/m² ,0.3 mm ,Yes ,No ,None ,No ,,90° H x 65° V ,1 x VGA 
Acer S240HL Abid,Acer ,ET.FS0HP.A01 ,"24"" ",1920 x 1080 ,60 Hz ,5 ms ,TN ,16:9 ,,250 cd/m² ,0.277 mm ,Yes ,No ,None ,No ,,170° H x 160° V , 1 x DVI | 1 x HDMI | 1 x VGA | 
Acer G247HL bid,Acer ,UM.FG7AA.001 ,"24"" ",1920 x 1080 ,60 Hz ,6 ms ,TN ,16:9 ,,250 cd/m² ,0.277 mm ,Yes ,No ,None ,No ,,178° H x 178° V , 1 x DVI | 1 x HDMI | 1 x VGA | 
Acer G276HL Gbmid,Acer ,UM.HG6AA.G03 ,"27"" ",1920 x 1080 ,60 Hz ,6 ms ,TN ,16:9 ,,300 cd/m² ,0.311 mm ,Yes ,No ,None ,Yes ,,178° H x 178° V , 1 x DVI | 1 x HDMI | 1 x VGA | 
Acer B286HK ymjdpprz,Acer ,UM.PB6AA.003 ,"28"" ",3840 x 2160 ,60 Hz ,2 ms ,TN ,16:9 ,,300 cd/m² ,0.161 mm ,Yes ,No ,None ,Yes ,,170° H x 160° V , 1 x DisplayPort | 1 x DVI | 1 x HDMI | 
HP F0W81A8,HP ,F0W81A8 ,"24"" ",1920 x 1200 ,60 Hz ,8 ms ,IPS ,16:10 ,,250 cd/m² ,0.269 mm ,Yes ,No ,None ,No ,,178° H x 178° V , 1 x DisplayPort | 1 x DVI | 1 x VGA | 
ViewSonic VA2445m-LED,ViewSonic ,VA2445m-LED ,"24"" ",1920 x 1080 ,60 Hz ,5 ms ,TN ,16:9 ,,250 cd/m² ,0.277 mm ,Yes ,No ,None ,Yes ,100 x 100 ,170° H x 160° V , 1 x DVI | 1 x VGA | 
ViewSonic VX2858Sml,ViewSonic ,VX2858Sml ,"28"" ",1920 x 1080 ,60 Hz ,6 ms ,VA ,16:9 ,,300 cd/m² ,0.323 mm ,Yes ,No ,None ,Yes ,100 x 100 ,176° H x 176° V , 2 x HDMI | 1 x VGA | 
Acer XB280HK,Acer , UM.PB0EE.005 | XB280HK bprz | ,"28"" ",3840 x 2160 ,60 Hz ,1 ms ,TN ,16:9 ,,300 cd/m² ,0.161 mm ,Yes ,No ,G-Sync ,No ,100 x 100 ,170° H x 160° V ,1 x DisplayPort 
LG 24M45VQ,LG ,24M45VQ ,"23.6"" ",1920 x 1080 ,60 Hz ,2 ms ,TN ,16:9 ,,250 cd/m² ,0.272 mm ,Yes ,No ,None ,No ,,170° H x 160° V , 1 x HDMI | 1 x VGA | 
LG 27MB85R-B,LG ,27MB85R-B ,"27"" ",2560 x 1440 ,60 Hz ,5 ms ,IPS ,16:9 ,,350 cd/m² ,0.233 mm ,Yes ,No ,None ,No ,100 x 100 ,178° H x 178° V , 1 x DisplayPort | 1 x Mini-DisplayPort | 1 x DVI | 1 x HDMI | 
Acer XB280HK bprz,Acer ,UM.PB0AA.001 ,"28"" ",3840 x 2160 ,60 Hz ,1 ms ,TN ,16:9 ,,300 cd/m² ,0.161 mm ,Yes ,No ,G-Sync ,No ,,170° H x 160° V ,1 x DisplayPort 
LG 34UC97-S,LG , 34UC97-S | 34UC97 | 34UC97C | ,"34"" ",3440 x 1440 ,60 Hz ,5 ms ,IPS ,21:9 ,,300 cd/m² ,0.232 mm ,Yes ,Yes ,None ,No ,100 x 100 ,178° H x 178° V , 1 x DisplayPort | 2 x HDMI | 
Samsung U32D970Q,Samsung ,U32D970Q ,"31.5"" ",3840 x 2160 ,60 Hz ,8 ms ,PLS ,16:9 ,,280 cd/m² ,0.182 mm ,Yes ,No ,None ,No ,100 x 100 ,178° H x 178° V , 2 x DisplayPort | 1 x DVI | 1 x HDMI | 
LG 23ET63B-W,LG ,23ET63B-W ,"23"" ",1920 x 1080 ,60 Hz ,5 ms ,IPS ,16:9 ,,250 cd/m² ,0.265 mm ,Yes ,No ,None ,No ,75 x 75 ,178° H x 178° V , 1 x HDMI | 1 x VGA | 
LG 25UM64-S,LG ,25UM64-P ,"25"" ",2560 x 1080 ,60 Hz ,5 ms ,IPS ,21:9 ,,250 cd/m² ,0.229 mm ,Yes ,No ,None ,Yes ,,178° H x 178° V , 1 x DisplayPort | 1 x DVI | 2 x HDMI | 
LG 34UM65,LG ,34UM65 ,"34"" ",2560 x 1080 ,60 Hz ,14 ms ,IPS ,21:9 ,,300 cd/m² ,0.311 mm ,Yes ,No ,None ,Yes ,,178° H x 178° V , 1 x DisplayPort | 2 x HDMI | 
LG 34UM94-P,LG ,34UM94-P ,"34"" ",3440 x 1440 ,60 Hz ,5 ms ,IPS ,21:9 ,,320 cd/m² ,0.232 mm ,Yes ,No ,None ,Yes ,100 x 100 ,178° H x 178° V , 1 x DisplayPort | 2 x HDMI | 
Acer UM.HT2AA.002 (T272HUL bmidpcz),Acer ,UM.HT2AA.002 ,"27"" ",2560 x 1440 ,60 Hz ,5 ms ,VA ,16:9 ,,300 cd/m² ,0.233 mm ,Yes ,No ,None ,Yes ,,178° H x 178° V , 1 x DisplayPort | 1 x DVI | 1 x HDMI | 
Eizo S1933H-BK,Eizo ,S1933H-BK ,"19"" ",1280 x 1024 ,60 Hz ,14 ms ,IPS ,5:4 ,,250 cd/m² ,0.294 mm ,No ,No ,None ,Yes ,100 x 100 ,178° H x 178° V , 1 x DVI | 1 x VGA | 
Philips 272G5DYEB,Philips ,272G5DYEB ,"27"" ",1920 x 1080 ,144 Hz ,5 ms ,TN ,16:9 ,,300 cd/m² ,0.311 mm ,Yes ,No ,G-Sync ,No ,,170° H x 160° V ,1 x DisplayPort 
Planar PXL2470MW,Planar ,997-7346-00 ,"23.6"" ",1920 x 1080 ,60 Hz ,14 ms ,IPS ,16:9 ,,250 cd/m² ,0.272 mm ,Yes ,No ,None ,No ,100 x 100 ,178° H x 178° V , 1 x DVI | 1 x HDMI | 1 x VGA | 
Gateway FHX2153L,Gateway ,FHX2153L ,"21.5"" ",1920 x 1080 ,60 Hz ,5 ms ,TN ,16:9 ,,200 cd/m² ,0.248 mm ,Yes ,No ,None ,Yes ,,90° H x 65° V , 1 x DVI | 1 x VGA | 
Wasabi Mango QHD275 SUPREME,Wasabi Mango ,QHD275 SUPREME ,"27"" ",2560 x 1440 ,60 Hz ,6 ms ,IPS ,16:9 ,,380 cd/m² ,0.233 mm ,Yes ,No ,None ,No ,,178° H x 178° V , 1 x DisplayPort | 1 x DVI | 1 x HDMI | 1 x VGA | 
Samsung S27D590C,Samsung ,S27D590C ,"27"" ",1920 x 1080 ,60 Hz ,4 ms ,VA ,16:9 ,,300 cd/m² ,0.311 mm ,Yes ,Yes ,None ,Yes ,,178° H x 178° V , 1 x DisplayPort | 1 x HDMI | 1 x VGA | 
AOC E2461FWH,AOC ,E2461FWH ,"23.6"" ",1920 x 1080 ,60 Hz ,2 ms ,TN ,16:9 ,,250 cd/m² ,0.272 mm ,Yes ,No ,None ,No ,,170° H x 160° V , 1 x HDMI | 1 x VGA | 
Acer B326HK YMJDPPHZ,Acer ,UM.JB6AA.002 ,"32"" ",3840 x 2160 ,60 Hz ,6 ms ,IPS ,16:9 ,,350 cd/m² ,0.184 mm ,Yes ,No ,None ,Yes ,,178° H x 178° V , 1 x DisplayPort | 1 x DVI | 1 x HDMI | 
Acer B226HQL ,Acer ,UM.WB6AA.002 ,"21.5"" ",1920 x 1080 ,60 Hz ,5 ms ,VA ,16:9 ,,250 cd/m² ,0.248 mm ,Yes ,No ,None ,Yes ,,178° H x 178° V , 1 x DVI | 1 x VGA | 
AOC P2370SD,AOC ,P2370SD ,"23"" ",1920 x 1080 ,60 Hz ,7 ms ,IPS ,16:9 ,,250 cd/m² ,0.265 mm ,Yes ,No ,None ,No ,100 x 100 ,178° H x 178° V , 1 x DVI | 1 x VGA | 
Asus VS228T-P,Asus ,VS228T-P ,"21.5"" ",1920 x 1080 ,60 Hz ,5 ms ,TN ,16:9 ,,250 cd/m² ,0.248 mm ,Yes ,No ,None ,Yes ,100 x 100 ,170° H x 160° V , 1 x DVI | 1 x VGA | 
Dell D2015H,Dell ,D2015H ,"19.5"" ",1920 x 1080 ,60 Hz ,25 ms ,VA ,16:9 ,,250 cd/m² ,0.225 mm ,Yes ,No ,None ,No ,,178° H x 178° V ,1 x VGA 
Dell E2414Hx,Dell ,E2414Hx ,"24"" ",1920 x 1080 ,60 Hz ,5 ms ,TN ,16:9 ,,250 cd/m² ,0.277 mm ,Yes ,No ,None ,No ,,160° H x 170° V , 1 x DVI | 1 x VGA | 
Eizo CX241-BK-CN,Eizo ,CX241-BK-CN ,"24.1"" ",1920 x 1200 ,60 Hz ,8 ms ,IPS ,16:10 ,,350 cd/m² ,0.27 mm ,Yes ,No ,None ,Yes ,100 x 100 ,178° H x 178° V , 1 x DisplayPort | 1 x DVI | 1 x HDMI | 1 x VGA | 
HP F9Z10AA#ABA,HP ,F9Z10AA#ABA ,"23"" ",1920 x 1080 ,60 Hz ,8 ms ,IPS ,16:9 ,,250 cd/m² ,0.265 mm ,Yes ,No ,None ,Yes ,,178° H x 178° V , 1 x DisplayPort | 1 x DVI | 1 x VGA | 
HP ENVY 32,HP ,NV32 ,"32"" ",2560 x 1440 ,60 Hz ,7 ms ,IPS ,16:9 ,,300 cd/m² ,0.277 mm ,Yes ,No ,None ,Yes ,,178° H x 178° V ,1 x HDMI 
LG 27MB85Z-B,LG ,27MB85Z-B ,"27"" ",2560 x 1440 ,60 Hz ,5 ms ,IPS ,16:9 ,,350 cd/m² ,0.233 mm ,Yes ,No ,None ,No ,,178° H x 178° V , 1 x DisplayPort | 1 x DVI | 1 x HDMI | 
LG 31MU97,LG ,31MU97 ,"31"" ",4096 x 2160 ,60 Hz ,5 ms ,IPS ,256:135 ,,320 cd/m² ,0.17 mm ,Yes ,No ,None ,Yes ,,178° H x 178° V , 1 x DisplayPort | 1 x Mini-DisplayPort | 2 x HDMI | 
Planar PLL1910M,Planar ,997-7756-00 ,"19"" ",1280 x 1024 ,60 Hz ,14 ms ,,5:4 ,,250 cd/m² ,0.294 mm ,No ,No ,None ,Yes ,100 x 100 ,178° H x 178° V , 1 x DVI | 1 x VGA | 
V7 L27000WHS-9N,V7 ,L27000WHS-9N ,"27"" ",1920 x 1080 ,60 Hz ,5 ms ,,16:9 ,,250 cd/m² ,0.311 mm ,Yes ,No ,None ,No ,75 x 75 ,170° H x 160° V , 1 x HDMI | 1 x VGA | 
ViewSonic VA2455Sm,ViewSonic ,VA2455Sm ,"23.6"" ",1920 x 1080 ,60 Hz ,9 ms ,IPS ,16:9 ,,250 cd/m² ,0.272 mm ,Yes ,No ,None ,Yes ,100 x 100 ,178° H x 178° V , 1 x DVI | 1 x VGA | 
Lenovo LI2821,Lenovo ,18201657 ,"28"" ",3840 x 2160 ,60 Hz ,5 ms ,TN ,16:9 ,,300 cd/m² ,0.161 mm ,Yes ,No ,None ,No ,,170° H x 160° V , 1 x DisplayPort | 2 x HDMI | 
Dell UP2715K,Dell ,UP2715K ,"27"" ",5120 x 2880 ,60 Hz ,8 ms ,IPS ,16:9 ,,350 cd/m² ,0.117 mm ,Yes ,No ,None ,Yes ,100 x 100 ,178° H x 178° V , 2 x DisplayPort | 1 x Mini-DisplayPort | 
Acer T232HL Abmjjz,Acer ,UM.VT2AA.A01 ,"23"" ",1920 x 1080 ,60 Hz ,5 ms ,IPS ,16:9 ,,300 cd/m² ,0.265 mm ,Yes ,No ,None ,Yes ,,178° H x 178° V , 1 x HDMI | 1 x VGA | 
CTL MTIP2152,CTL ,MTIP2152 ,"21.5"" ",1920 x 1080 ,60 Hz ,6 ms ,IPS ,16:9 ,,250 cd/m² ,0.248 mm ,Yes ,No ,None ,Yes ,,178° H x 178° V , 1 x DisplayPort | 1 x HDMI | 1 x VGA | 
Dell E2414Hr,Dell ,E2414Hr ,"24"" ",1920 x 1080 ,60 Hz ,5 ms ,TN ,16:9 ,,,0.277 mm ,Yes ,No ,None ,No ,,170° H x 160° V , 1 x DVI | 1 x VGA | 
HP E221i,HP ,F9Z09AA#ABA ,"21.5"" ",1920 x 1080 ,60 Hz ,8 ms ,IPS ,16:9 ,,250 cd/m² ,0.248 mm ,Yes ,No ,None ,Yes ,,178° H x 178° V , 1 x DisplayPort | 1 x DVI | 1 x VGA | 
Acer UM.FB6AA.003,Acer ,UM.FB6AA.003 ,"24"" ",1920 x 1200 ,60 Hz ,6 ms ,IPS ,16:10 ,,300 cd/m² ,0.269 mm ,Yes ,No ,None ,Yes ,,178° H x 178° V , 2 x DVI | 1 x VGA | 
AOC E2727SHE,AOC ,E2727SHE ,"27"" ",1920 x 1080 ,60 Hz ,2 ms ,TN ,16:9 ,,300 cd/m² ,0.311 mm ,Yes ,No ,None ,No ,100 x 100 ,170° H x 160° V , 1 x DVI | 1 x HDMI | 1 x VGA | 
HP K1M38AA,HP ,K1M38A8#ABA ,"27"" ",1920 x 1080 ,60 Hz ,14 ms ,IPS ,16:9 ,,300 cd/m² ,0.311 mm ,Yes ,Yes ,None ,Yes ,100 x 100 ,178° H x 178° V , 1 x HDMI | 1 x VGA | 
LG 27MP33HQ,LG ,27MP33HQ ,"27"" ",1920 x 1080 ,60 Hz ,5 ms ,IPS ,16:9 ,,200 cd/m² ,0.311 mm ,Yes ,No ,None ,No ,,178° H x 178° V , 1 x HDMI | 1 x VGA | 
ViewSonic VA1917A,ViewSonic ,VA1917A ,"18.5"" ",1366 x 768 ,60 Hz ,5 ms ,TN ,16:9 ,,200 cd/m² ,0.3 mm ,Yes ,No ,None ,No ,100 x 100 ,90° H x 65° V ,1 x VGA 
ViewSonic VA951S,ViewSonic ,VA951S ,"19"" ",1280 x 1024 ,60 Hz ,14 ms ,TN ,5:4 ,,250 cd/m² ,0.294 mm ,No ,No ,None ,No ,100 x 100 ,178° H x 178° V , 1 x DVI | 1 x VGA | 
ViewSonic VG2438SM,ViewSonic ,VG2438SM ,"24"" ",1920 x 1200 ,60 Hz ,5 ms ,PLS ,16:10 ,,250 cd/m² ,0.269 mm ,Yes ,No ,None ,Yes ,100 x 100 ,178° H x 178° V , 1 x DisplayPort | 1 x DVI | 1 x VGA | 
ViewSonic VG939SM,ViewSonic ,VG939SM ,"19"" ",1280 x 1024 ,60 Hz ,14 ms ,IPS ,5:4 ,,250 cd/m² ,0.294 mm ,No ,No ,None ,Yes ,100 x 100 ,178° H x 178° V , 1 x DVI | 1 x VGA | 
Acer G247HL,Acer ,UM.FG7AA.002 ,"24"" ",1920 x 1080 ,60 Hz ,6 ms ,TN ,16:9 ,,250 cd/m² ,0.277 mm ,Yes ,No ,None ,No ,,, 1 x DVI | 1 x VGA | 
AOC I2721VH,AOC ,I2721VH ,"27"" ",1920 x 1080 ,60 Hz ,5 ms ,IPS ,16:9 ,,250 cd/m² ,0.311 mm ,Yes ,No ,None ,No ,,178° H x 178° V , 1 x DVI | 1 x HDMI | 1 x VGA | 
ViewSonic VA2265SMH,ViewSonic ,VA2265SMH ,"21.5"" ",1920 x 1080 ,60 Hz ,7 ms ,VA ,16:9 ,,250 cd/m² ,0.248 mm ,Yes ,No ,None ,Yes ,100 x 100 ,178° H x 178° V , 1 x HDMI | 1 x VGA | 
Samsung S22A650S,Samsung ,S22A650S ,"21.5"" ",1920 x 1080 ,60 Hz ,4 ms ,,16:9 ,,250 cd/m² ,0.248 mm ,Yes ,No ,None ,Yes ,100 x 100 ,178° H x 178° V , 1 x DisplayPort | 1 x DVI | 1 x VGA | 
Monoprice 12156,Monoprice ,12156 ,"28"" ",3840 x 2160 ,60 Hz ,1 ms ,TN ,16:9 ,,350 cd/m² ,0.161 mm ,Yes ,No ,None ,No ,100 x 100 ,170° H x 160° V , 2 x DisplayPort | 1 x DVI | 2 x HDMI | 
Acer XB240H ABPR,Acer , UM.FB0AA.A01 | UM.FB0EE.A01 | UM.FB0SA.A01-D10 | ,"24"" ",1920 x 1080 ,144 Hz ,1 ms ,TN ,16:9 ,,350 cd/m² ,0.277 mm ,Yes ,No ,G-Sync ,No ,,170° H x 160° V ,1 x DisplayPort 
Acer B276HK YMJDPPRZ,Acer , UM.HB6AA.003 | UM.HB6AA.B03 | B276HK Bymjdpprzx | ,"27"" ",3840 x 2160 ,60 Hz ,6 ms ,IPS ,16:9 ,,300 cd/m² ,0.156 mm ,Yes ,No ,None ,Yes ,,178° H x 178° V , 1 x DisplayPort | 1 x DVI | 1 x HDMI | 
Acer G277HL bid,Acer ,UM.HG7AA.002 ,"27"" ",1920 x 1080 ,60 Hz ,4 ms ,IPS ,16:9 ,,250 cd/m² ,0.311 mm ,Yes ,No ,None ,No ,,178° H x 178° V , 1 x DVI | 1 x HDMI | 1 x VGA | 
Philips 247E4LHAB,Philips ,247E4LHAB ,"23.6"" ",1920 x 1080 ,60 Hz ,2 ms ,TN ,16:9 ,,250 cd/m² ,0.272 mm ,Yes ,No ,None ,Yes ,,178° H x 170° V , 2 x HDMI | 1 x VGA | 
ViewSonic VA2855SMH,ViewSonic ,VA2855SMH ,"28"" ",1920 x 1080 ,60 Hz ,7 ms ,VA ,16:9 ,,300 cd/m² ,0.323 mm ,Yes ,No ,None ,Yes ,100 x 100 ,176° H x 176° V , 1 x HDMI | 1 x VGA | 
Acer S277HK wmidpp,Acer ,UM.HS7AA.001 ,"27"" ",3840 x 2160 ,60 Hz ,4 ms ,IPS ,16:9 ,,300 cd/m² ,0.156 mm ,Yes ,No ,None ,Yes ,,178° H x 178° V , 1 x DisplayPort | 1 x Mini-DisplayPort | 1 x DVI | 1 x HDMI | 
Acer S240HL bd,Acer ,ET.FS0HP.001 ,"23.6"" ",1920 x 1080 ,60 Hz ,5 ms ,TN ,16:9 ,,250 cd/m² ,0.272 mm ,Yes ,No ,None ,No ,,170° H x 160° V , 1 x DVI | 1 x VGA | 
Asus MX259H,Asus , MX259H | 90LM0190-B026B0 | 90LM0190-B01670 | ,"25"" ",1920 x 1080 ,60 Hz ,5 ms ,IPS ,16:9 ,,250 cd/m² ,0.288 mm ,Yes ,No ,None ,Yes ,,178° H x 178° V , 2 x HDMI | 1 x VGA | 
Planar 997-7848-00,Planar ,997-7848-00 ,"24"" ",1920 x 1080 ,60 Hz ,5 ms ,IPS ,16:9 ,,250 cd/m² ,0.277 mm ,Yes ,No ,None ,Yes ,100 x 100 ,178° H x 178° V , 1 x DisplayPort | 1 x HDMI | 1 x VGA | 
Samsung S24E360HL,Samsung ,S24E360HL ,"23.6"" ",1920 x 1080 ,60 Hz ,4 ms ,PLS ,16:9 ,,250 cd/m² ,0.272 mm ,Yes ,No ,None ,No ,,178° H x 178° V , 1 x HDMI | 1 x VGA | 
Acer XB270HA,Acer ,UM.HB0EE.A01 ,"27"" ",1920 x 1080 ,144 Hz ,1 ms ,TN ,16:9 ,,300 cd/m² ,0.311 mm ,Yes ,No ,G-Sync ,No ,,170° H x 160° V ,1 x DisplayPort 
LG 29UM67,LG ,29UM67 ,"29"" ",2560 x 1080 ,60 Hz ,5 ms ,IPS ,21:9 ,,300 cd/m² ,0.265 mm ,Yes ,No ,FreeSync ,Yes ,,, 1 x DisplayPort | 2 x HDMI | 
LG 34UM67,LG ,34UM67 ,"34"" ",2560 x 1080 ,60 Hz ,5 ms ,IPS ,21:9 ,,300 cd/m² ,0.311 mm ,Yes ,No ,FreeSync ,Yes ,,, 1 x DisplayPort | 2 x HDMI | 
Dell P2314T,Dell ,P2314T ,"23"" ",1920 x 1080 ,60 Hz ,8 ms ,IPS ,16:9 ,,270 cd/m² ,0.265 mm ,Yes ,No ,None ,No ,,178° H x 178° V , 1 x DisplayPort | 1 x HDMI | 1 x VGA | 
Monoprice 12178,Monoprice ,12178 ,"24"" ",1920 x 1080 ,144 Hz ,1 ms ,TN ,16:9 ,,350 cd/m² ,0.277 mm ,Yes ,No ,None ,Yes ,,170° H x 160° V , 1 x DisplayPort | 1 x DVI | 1 x HDMI | 1 x VGA | 
Asus MX27AQ,Asus , MX27AQ | 90LM0140-B01670 | ,"27"" ",2560 x 1440 ,60 Hz ,5 ms ,IPS ,16:9 ,,300 cd/m² ,0.233 mm ,Yes ,No ,None ,Yes ,,178° H x 178° V , 1 x DisplayPort | 2 x HDMI | 
LG 27MP57HT,LG ,27MP57HT ,"27"" ",1920 x 1080 ,60 Hz ,5 ms ,IPS ,16:9 ,,250 cd/m² ,0.311 mm ,Yes ,No ,None ,No ,,178° H x 178° V , 2 x HDMI | 1 x VGA | 
Acer G257HU smidpx,Acer ,UM.KG7AA.002 ,"25"" ",2560 x 1440 ,60 Hz ,4 ms ,IPS ,16:9 ,,350 cd/m² ,0.216 mm ,Yes ,No ,None ,Yes ,,178° H x 178° V , 1 x DisplayPort | 1 x DVI | 1 x HDMI | 
Acer H257HU SMIDPX,Acer ,UM.KH7AA.001 ,"25"" ",2560 x 1440 ,60 Hz ,4 ms ,IPS ,16:9 ,,350 cd/m² ,0.216 mm ,Yes ,No ,None ,Yes ,,178° H x 178° V , 1 x DisplayPort | 1 x DVI | 1 x HDMI | 
LG 22MC57HQ-P,LG ,22MC57HQ-P ,"21.5"" ",1920 x 1080 ,60 Hz ,5 ms ,IPS ,16:9 ,,250 cd/m² ,0.248 mm ,Yes ,No ,None ,No ,100 x 100 ,178° H x 178° V , 1 x HDMI | 1 x VGA | 
LG 23MP57HQ-P,LG ,23MP57HQ-P ,"23"" ",1920 x 1080 ,60 Hz ,5 ms ,IPS ,16:9 ,,250 cd/m² ,0.265 mm ,Yes ,No ,None ,No ,100 x 100 ,178° H x 178° V , 1 x HDMI | 1 x VGA | 
Acer CB280HK bmjdppr,Acer ,CB280HK bmjdppr ,"28"" ",3840 x 2160 ,60 Hz ,1 ms ,TN ,16:9 ,,300 cd/m² ,0.161 mm ,Yes ,No ,None ,Yes ,,170° H x 160° V , 1 x DVI | 1 x HDMI | 
Acer B246HQL Aymidr,Acer ,UM.UB6AA.A01 ,"23.6"" ",1920 x 1080 ,60 Hz ,6 ms ,IPS ,16:9 ,,250 cd/m² ,0.272 mm ,Yes ,No ,None ,Yes ,,178° H x 178° V , 1 x DVI | 1 x HDMI | 1 x VGA | 
Acer V246HQL Cbd,Acer ,UM.UV6AA.C01 ,"23.6"" ",1920 x 1080 ,60 Hz ,5 ms ,TN ,16:9 ,,300 cd/m² ,0.272 mm ,Yes ,No ,None ,No ,,170° H x 160° V , 1 x DVI | 1 x VGA | 
LG 29UM67P,LG ,29UM67P ,"29"" ",2560 x 1080 ,60 Hz ,5 ms ,IPS ,21:9 ,,300 cd/m² ,0.265 mm ,Yes ,No ,None ,Yes ,100 x 100 ,,
Acer CB280HK bmjdppr,Acer ,UM.PB0AA.002 ,"28"" ",3840 x 2160 ,60 Hz ,1 ms ,TN ,16:9 ,,300 cd/m² ,0.161 mm ,Yes ,No ,None ,Yes ,,170° H x 160° V , 1 x DisplayPort | 1 x DVI | 1 x HDMI | 
LG 24MP77HM-P,LG ,24MP77HM-P ,"23.8"" ",1920 x 1080 ,60 Hz ,5 ms ,IPS ,16:9 ,,250 cd/m² ,0.274 mm ,Yes ,No ,None ,Yes ,75 x 75 ,178° H x 178° V , 2 x HDMI | 1 x VGA | 
LG 27MP77HM-P,LG ,27MP77HM-P ,"27"" ",1920 x 1080 ,60 Hz ,5 ms ,IPS ,16:9 ,,250 cd/m² ,0.311 mm ,Yes ,No ,None ,Yes ,100 x 100 ,178° H x 178° V , 2 x HDMI | 1 x VGA | 
Acer CB270HU,Acer , UM.HB0EE.001 | CB270HU | ,"27"" ",2560 x 1440 ,60 Hz ,6 ms ,IPS ,16:9 ,,350 cd/m² ,0.233 mm ,Yes ,No ,None ,Yes ,,178° H x 178° V , 1 x DisplayPort | 1 x DVI | 1 x HDMI | 
Acer G247HYL bmidx,Acer ,UM.QG7AA.002 ,"23.8"" ",1920 x 1080 ,60 Hz ,4 ms ,IPS ,16:9 ,,250 cd/m² ,0.274 mm ,Yes ,No ,None ,No ,,178° H x 178° V , 1 x DVI | 1 x HDMI | 1 x VGA | 
Acer V246HQL Cbid,Acer ,UM.UV6AA.C02 ,"23.6"" ",1920 x 1080 ,60 Hz ,5 ms ,TN ,16:9 ,,300 cd/m² ,0.272 mm ,Yes ,No ,None ,No ,,, 1 x DVI | 1 x HDMI | 1 x VGA | 
HP K0Q34AA#ABA,HP ,K0Q34AA#ABA ,"23.6"" ",1920 x 1080 ,60 Hz ,8 ms ,IPS ,16:9 ,,250 cd/m² ,0.272 mm ,Yes ,No ,None ,No ,,178° H x 178° V , 1 x DVI | 1 x VGA | 
Samsung S24E390HL,Samsung ,S24E390HL ,"23.6"" ",1920 x 1080 ,60 Hz ,4 ms ,PLS ,16:9 ,,250 cd/m² ,0.272 mm ,Yes ,No ,None ,No ,,178° H x 178° V , 1 x HDMI | 1 x VGA | 
Samsung S27E360H,Samsung ,S27E360H ,"27"" ",1920 x 1080 ,60 Hz ,4 ms ,PLS ,16:9 ,,300 cd/m² ,0.311 mm ,Yes ,No ,None ,No ,,178° H x 178° V , 1 x HDMI | 1 x VGA | 
Samsung S27E591C,Samsung ,S27E591C ,"27"" ",1920 x 1080 ,60 Hz ,4 ms ,VA ,16:9 ,,350 cd/m² ,0.311 mm ,Yes ,Yes ,None ,Yes ,,178° H x 178° V , 1 x DisplayPort | 1 x HDMI | 1 x VGA | 
Samsung S32E590C,Samsung ,S32E590C ,"31.5"" ",1920 x 1080 ,60 Hz ,4 ms ,VA ,16:9 ,,350 cd/m² ,0.363 mm ,Yes ,Yes ,None ,Yes ,,178° H x 178° V , 1 x DisplayPort | 2 x HDMI | 
ViewSonic VG2239SMH,ViewSonic , VG2239SMH | VG2239SMH-2 | ,"21.5"" ",1920 x 1080 ,60 Hz ,7 ms ,VA ,16:9 ,,250 cd/m² ,0.248 mm ,Yes ,No ,None ,Yes ,,178° H x 178° V , 1 x DisplayPort | 1 x HDMI | 1 x VGA | 
ViewSonic VG2847SMH,ViewSonic ,VG2847SMH ,"28"" ",1920 x 1080 ,60 Hz ,7 ms ,VA ,16:9 ,,300 cd/m² ,0.323 mm ,Yes ,No ,None ,Yes ,,178° H x 178° V , 1 x DisplayPort | 1 x HDMI | 1 x VGA | 
Acer K242HQKbmjdp,Acer ,UM.UV6EE.001 ,"23.6"" ",3840 x 2160 ,60 Hz ,4 ms ,IPS ,16:9 ,,300 cd/m² ,0.136 mm ,Yes ,No ,None ,Yes ,,178° H x 178° V , 1 x DisplayPort | 1 x DVI | 1 x HDMI | 
Acer K242HQL BBID,Acer ,UM.UX6AA.B01 ,"23.6"" ",1920 x 1080 ,60 Hz ,5 ms ,TN ,16:9 ,,300 cd/m² ,0.272 mm ,Yes ,No ,None ,No ,,170° H x 160° V , 1 x DVI | 1 x HDMI | 1 x VGA | 
HP C4D29AA,HP ,C4D29AA ,"21.5"" ",1920 x 1080 ,60 Hz ,7 ms ,IPS ,16:9 ,,250 cd/m² ,0.248 mm ,Yes ,No ,None ,No ,,178° H x 178° V , 1 x HDMI | 1 x VGA | 
BenQ XR3501,BenQ ,XR3501 ,"35"" ",2560 x 1080 ,144 Hz ,4 ms ,VA ,21:9 ,,300 cd/m² ,0.32 mm ,Yes ,No ,None ,No ,,178° H x 178° V , 2 x DisplayPort | 1 x Mini-DisplayPort | 2 x HDMI | 
HP K7X31AA#ABA,HP ,K7X31AA#ABA ,"23"" ",1920 x 1080 ,60 Hz ,5 ms ,,16:9 ,,250 cd/m² ,0.265 mm ,Yes ,No ,None ,No ,,, 1 x DisplayPort | 1 x VGA | 
HP L1E32A8#ABA,HP ,L1E32A8#ABA ,"20"" ",1600 x 900 ,60 Hz ,5 ms ,TN ,16:9 ,,,0.277 mm ,Yes ,No ,None ,No ,,170° H x 160° V , 1 x DisplayPort | 1 x VGA | 
LG 22MC37D-B,LG ,22MC37D-B ,"21.5"" ",1920 x 1080 ,60 Hz ,5 ms ,TN ,16:9 ,,200 cd/m² ,0.248 mm ,Yes ,No ,None ,No ,,90° H x 65° V , 1 x DVI | 1 x VGA | 
Planar PXL2270MW,Planar ,997-8001-00 ,"21.5"" ",1920 x 1080 ,60 Hz ,5 ms ,IPS ,16:9 ,,250 cd/m² ,0.248 mm ,Yes ,No ,None ,No ,,178° H x 178° V , 1 x DisplayPort | 1 x HDMI | 1 x VGA | 
ViewSonic VG2233SMH,ViewSonic ,VG2233SMH ,"22"" ",1920 x 1080 ,60 Hz ,4 ms ,IPS ,16:9 ,,250 cd/m² ,0.254 mm ,Yes ,No ,None ,Yes ,,178° H x 178° V , 1 x DVI | 1 x HDMI | 1 x VGA | 
Asus PA328Q,Asus , PA328Q | 90LM00X0-B01370 | ,"32"" ",3840 x 2160 ,60 Hz ,6 ms ,IPS ,16:9 ,,350 cd/m² ,0.184 mm ,Yes ,No ,None ,Yes ,,178° H x 178° V , 1 x DisplayPort | 1 x Mini-DisplayPort | 3 x HDMI | 
Acer S275HL bmii (UM.HS5AA.001),Acer ,S275HL bmii (UM.HS5AA.001) ,"27"" ",1920 x 1080 ,60 Hz ,6 ms ,IPS ,16:9 ,,250 cd/m² ,0.311 mm ,Yes ,No ,None ,Yes ,,178° H x 178° V , 2 x HDMI | 1 x VGA | 
Acer V206WQL bd,Acer ,UM.IV6AA.003 ,"19.5"" ",1440 x 900 ,60 Hz ,6 ms ,IPS ,16:10 ,,250 cd/m² ,0.292 mm ,Yes ,No ,None ,No ,,178° H x 178° V , 1 x DVI | 1 x VGA | 
AOC U2870VQE,AOC ,U2870VQE ,"28"" ",3840 x 2160 ,60 Hz ,1 ms ,TN ,16:9 ,,300 cd/m² ,0.161 mm ,Yes ,No ,None ,No ,,170° H x 160° V , 2 x DisplayPort | 1 x HDMI | 1 x VGA | 
Lenovo 60C9MAR1US,Lenovo ,60C9MAR1US ,"24"" ",1920 x 1200 ,60 Hz ,7 ms ,IPS ,16:10 ,,300 cd/m² ,0.269 mm ,Yes ,No ,None ,Yes ,,178° H x 178° V , 1 x DisplayPort | 1 x HDMI | 1 x VGA | 
Planar PXL2780MW,Planar ,997-7912-00 ,"27"" ",2560 x 1440 ,60 Hz ,7 ms ,IPS ,16:9 ,,420 cd/m² ,0.233 mm ,Yes ,No ,None ,Yes ,,178° H x 178° V , 1 x DisplayPort | 1 x DVI | 1 x HDMI | 
Acer K242HQL BBMD,Acer ,K242HQL BBMD ,"23.6"" ",1920 x 1080 ,60 Hz ,5 ms ,TN ,16:9 ,,300 cd/m² ,0.272 mm ,Yes ,No ,None ,Yes ,,170° H x 160° V , 1 x DVI | 1 x VGA | 
LG 22MB35DM-I,LG ,22MB35DM-I ,"21.5"" ",1920 x 1080 ,60 Hz ,5 ms ,IPS ,16:9 ,,250 cd/m² ,0.248 mm ,Yes ,No ,None ,Yes ,,178° H x 178° V , 1 x DVI | 1 x VGA | 
LG 22MB35PU-I,LG ,22MB35PU-I ,"21.5"" ",1920 x 1080 ,60 Hz ,5 ms ,IPS ,16:9 ,,250 cd/m² ,0.248 mm ,Yes ,No ,None ,Yes ,,178° H x 178° V , 1 x DVI | 1 x VGA | 
LG 34UB67-B,LG ,34UB67-B ,"34.1"" ",2560 x 1080 ,60 Hz ,5 ms ,IPS ,21:9 ,,300 cd/m² ,0.312 mm ,Yes ,No ,None ,Yes ,,178° H x 178° V , 1 x DisplayPort | 1 x DVI | 2 x HDMI | 
Acer KN242HYL,Acer ,UM.QX2AA.001 ,"23.8"" ",1920 x 1080 ,60 Hz ,4 ms ,IPS ,16:9 ,,250 cd/m² ,0.274 mm ,Yes ,No ,None ,Yes ,,178° H x 178° V , 1 x DVI | 1 x HDMI | 1 x VGA | 
Eizo CG277-BK,Eizo ,CG277-BK ,"27"" ",2560 x 1440 ,60 Hz ,6 ms ,IPS ,16:9 ,,300 cd/m² ,0.233 mm ,Yes ,No ,None ,No ,,178° H x 178° V , 1 x DisplayPort | 1 x DVI | 1 x HDMI | 1 x VGA | 
Eizo CX271-BK,Eizo ,CX271-BK ,"27"" ",2560 x 1440 ,60 Hz ,6 ms ,IPS ,16:9 ,,300 cd/m² ,0.233 mm ,Yes ,No ,None ,No ,,178° H x 178° V , 1 x DisplayPort | 1 x DVI | 1 x HDMI | 1 x VGA | 
Dell Alienware AW2310,Dell ,AW2310 ,"23"" ",1920 x 1080 ,120 Hz ,3 ms ,TN ,16:9 ,,400 cd/m² ,0.265 mm ,Yes ,No ,None ,No ,,170° H x 160° V , 1 x DVI | 1 x HDMI | 
Asus C422AQ,Asus ,C422AQ ,"21.5"" ",1920 x 1080 ,60 Hz ,5 ms ,IPS ,16:9 ,,250 cd/m² ,0.248 mm ,Yes ,No ,None ,Yes ,,178° H x 178° V , 1 x DisplayPort | 1 x DVI | 1 x VGA | 
Asus VE228TLB,Asus ,VE228TLB ,"21.5"" ",1920 x 1080 ,60 Hz ,5 ms ,TN ,16:9 ,,250 cd/m² ,0.248 mm ,Yes ,No ,None ,Yes ,,170° H x 160° V , 1 x DVI | 1 x VGA | 
Asus VS239HV,Asus ,VS239HV ,"23"" ",1920 x 1080 ,60 Hz ,5 ms ,IPS ,16:9 ,,250 cd/m² ,0.265 mm ,Yes ,No ,None ,No ,,178° H x 178° V , 1 x DVI | 1 x HDMI | 1 x VGA | 
BenQ BL2711U,BenQ ,BL2711U ,"27"" ",3840 x 2160 ,60 Hz ,4 ms ,IPS ,16:9 ,,300 cd/m² ,0.156 mm ,Yes ,No ,None ,Yes ,,178° H x 178° V , 1 x DisplayPort | 1 x DVI | 2 x HDMI | 
Lenovo 60D2HAR1US,Lenovo ,60D2HAR1US ,"19"" ",1280 x 1024 ,60 Hz ,7 ms ,IPS ,5:4 ,,250 cd/m² ,0.294 mm ,No ,No ,None ,No ,,178° H x 178° V , 1 x DVI | 1 x VGA | 
LG 22MB35D-I,LG ,22MB35D-I ,"21.5"" ",1920 x 1080 ,60 Hz ,5 ms ,IPS ,16:9 ,,250 cd/m² ,0.248 mm ,Yes ,No ,None ,No ,,178° H x 178° V , 1 x DVI | 1 x VGA | 
LG 22MB35P-I,LG ,22MB35P-I ,"21.5"" ",1920 x 1080 ,60 Hz ,5 ms ,IPS ,16:9 ,,250 cd/m² ,0.248 mm ,Yes ,No ,None ,No ,,178° H x 178° V , 1 x DVI | 1 x VGA | 
LG 22MB35Y-I,LG ,22MB35Y-I ,"21.5"" ",1920 x 1080 ,60 Hz ,5 ms ,IPS ,16:9 ,,250 cd/m² ,0.248 mm ,Yes ,No ,None ,Yes ,,178° H x 178° V , 1 x DisplayPort | 1 x DVI | 1 x VGA | 
LG 27MC37HQ-B,LG ,27MC37HQ-B ,"27"" ",1920 x 1080 ,60 Hz ,5 ms ,IPS ,16:9 ,,200 cd/m² ,0.311 mm ,Yes ,No ,None ,No ,,178° H x 178° V , 1 x DVI | 1 x HDMI | 1 x VGA | 
LG 27MP36HQ-B,LG ,27MP36HQ-B ,"27"" ",1920 x 1080 ,60 Hz ,5 ms ,IPS ,16:9 ,,200 cd/m² ,0.311 mm ,Yes ,No ,None ,No ,,178° H x 178° V , 1 x HDMI | 1 x VGA | 
LG 27MP37VQ-B,LG ,27MP37VQ-B ,"27"" ",1920 x 1080 ,60 Hz ,5 ms ,IPS ,16:9 ,,200 cd/m² ,0.311 mm ,Yes ,No ,None ,No ,,178° H x 178° V , 1 x DVI | 1 x HDMI | 1 x VGA | 
NEC AS203WMi-BK,NEC ,AS203WMi-BK ,"20"" ",1600 x 900 ,60 Hz ,14 ms ,IPS ,16:9 ,,250 cd/m² ,0.277 mm ,Yes ,No ,None ,No ,,178° H x 178° V , 1 x DVI | 1 x VGA | 
NEC AS242W-BK,NEC ,AS242W-BK ,"23.6"" ",1920 x 1080 ,60 Hz ,5 ms ,TN ,16:9 ,,250 cd/m² ,0.272 mm ,Yes ,No ,None ,No ,,170° H x 176° V , 1 x DVI | 1 x VGA | 
NEC PA322UHD-BK,NEC ,PA322UHD-BK ,"31.5"" ",3840 x 2160 ,60 Hz ,10 ms ,IPS ,16:9 ,,350 cd/m² ,0.182 mm ,Yes ,No ,None ,No ,,176° H x 176° V , 2 x DisplayPort | 2 x DVI | 2 x HDMI | 
ViewSonic VA2252Sm,ViewSonic ,VA2252Sm ,"21.5"" ",1920 x 1080 ,60 Hz ,7 ms ,VA ,16:9 ,,250 cd/m² ,0.248 mm ,Yes ,No ,None ,Yes ,,178° H x 178° V , 1 x DisplayPort | 1 x DVI | 1 x VGA | 
ViewSonic VG2437SMC,ViewSonic ,VG2437SMC ,"23.6"" ",1920 x 1080 ,60 Hz ,7 ms ,VA ,16:9 ,,250 cd/m² ,0.272 mm ,Yes ,No ,None ,Yes ,,178° H x 178° V , 1 x DisplayPort | 1 x DVI | 1 x VGA | 
Acer XB270HU Abprz,Acer ,UM.HB0AA.A02 ,"27"" ",2560 x 1440 ,144 Hz ,4 ms ,TN ,16:9 ,,350 cd/m² ,0.233 mm ,Yes ,No ,G-Sync ,No ,,170° H x 160° V ,1 x DisplayPort 
Acer H277H smidx,Acer ,UM.HH7AA.001 ,"27"" ",1920 x 1080 ,60 Hz ,4 ms ,IPS ,16:9 ,,250 cd/m² ,0.311 mm ,Yes ,No ,None ,No ,,178° H x 178° V , 1 x DVI | 1 x HDMI | 1 x VGA | 
HP J3G14A4#ABA,HP ,J3G14A4#ABA ,"27"" ",5120 x 2880 ,60 Hz ,14 ms ,IPS ,16:9 ,,300 cd/m² ,0.117 mm ,Yes ,No ,None ,Yes ,,178° H x 178° V ,2 x DisplayPort 
NEC PA322UHD-BK-SV,NEC ,PA322UHD-BK-SV ,"31.5"" ",3840 x 2160 ,60 Hz ,10 ms ,IPS ,16:9 ,,350 cd/m² ,0.182 mm ,Yes ,No ,None ,No ,,176° H x 176° V , 1 x DisplayPort | 2 x DVI | 2 x HDMI | 
Samsung S22E650D,Samsung ,S22E650D ,"21.5"" ",1920 x 1080 ,60 Hz ,4 ms ,PLS ,16:9 ,,250 cd/m² ,0.248 mm ,Yes ,No ,None ,Yes ,,178° H x 178° V , 1 x DisplayPort | 1 x DVI | 1 x VGA | 
Samsung S24E650BW,Samsung ,S24E650BW ,"24"" ",1920 x 1200 ,60 Hz ,4 ms ,PLS ,16:10 ,,250 cd/m² ,0.269 mm ,Yes ,No ,None ,Yes ,,178° H x 178° V , 1 x DVI | 1 x VGA | 
Dell P2016,Dell ,P2016 ,"19.5"" ",1440 x 900 ,60 Hz ,6 ms ,IPS ,16:10 ,,250 cd/m² ,0.292 mm ,Yes ,No ,None ,Yes ,,178° H x 178° V , 1 x DisplayPort | 1 x VGA | 
Dell SE2216H,Dell ,SE2216H ,"21.5"" ",1920 x 1080 ,60 Hz ,12 ms ,IPS ,16:9 ,,250 cd/m² ,0.248 mm ,Yes ,No ,None ,No ,,178° H x 178° V , 1 x HDMI | 1 x VGA | 
Wasabi Mango UHD420,Wasabi Mango ,UHD420 REAL 4K Perfect Pixel ,"42"" ",3840 x 2160 ,60 Hz ,5 ms ,IPS ,16:9 ,,385 cd/m² ,0.242 mm ,Yes ,No ,None ,Yes ,,178° H x 178° V , 1 x DisplayPort | 3 x HDMI | 
LG 27MU67,LG ,27MU67 ,"27"" ",3840 x 2160 ,60 Hz ,5 ms ,IPS ,16:9 ,,300 cd/m² ,0.156 mm ,Yes ,No ,FreeSync ,No ,,178° H x 178° V , 1 x DisplayPort | 1 x Mini-DisplayPort | 2 x HDMI | 
Philips 272P4APJKEB,Philips ,272P4APJKEB ,"27"" ",2560 x 1440 ,60 Hz ,5 ms ,VA ,16:9 ,,350 cd/m² ,0.233 mm ,Yes ,No ,None ,Yes ,,178° H x 178° V , 1 x DisplayPort | 1 x DVI | 2 x HDMI | 
Acer UM.QB0AA.002,Acer ,UM.QB0AA.002 ,"23.8"" ",3840 x 2160 ,60 Hz ,6 ms ,IPS ,16:9 ,,,0.137 mm ,Yes ,No ,None ,No ,,178° H x 178° V , 1 x DVI | 1 x HDMI | 
Asus C622AQ,Asus ,C622AQ ,"21.5"" ",1920 x 1080 ,60 Hz ,5 ms ,IPS ,16:9 ,,250 cd/m² ,0.248 mm ,Yes ,No ,None ,Yes ,,178° H x 178° V , 1 x DisplayPort | 1 x DVI | 1 x VGA | 
Dell S2216M,Dell ,S2216M ,"21.5"" ",1920 x 1080 ,60 Hz ,6 ms ,IPS ,16:9 ,,250 cd/m² ,0.248 mm ,Yes ,No ,None ,No ,,178° H x 178° V , 1 x DVI | 1 x VGA | 
Lenovo 60C7MAR1US,Lenovo ,60C7MAR1US ,"23"" ",1920 x 1080 ,60 Hz ,7 ms ,IPS ,16:9 ,,250 cd/m² ,0.265 mm ,Yes ,No ,None ,Yes ,,178° H x 178° V , 1 x DisplayPort | 1 x HDMI | 1 x VGA | 
Lenovo 60CAMAR6US,Lenovo ,60CAMAR6US ,"21.5"" ",1920 x 1080 ,60 Hz ,7 ms ,IPS ,16:9 ,,250 cd/m² ,0.248 mm ,Yes ,No ,None ,Yes ,,178° H x 178° V , 1 x DisplayPort | 1 x HDMI | 1 x VGA | 
Lenovo 60CBMAR6US,Lenovo ,60CBMAR6US ,"21.5"" ",1920 x 1080 ,60 Hz ,7 ms ,IPS ,16:9 ,,250 cd/m² ,0.248 mm ,Yes ,No ,None ,Yes ,,178° H x 178° V , 1 x DisplayPort | 1 x HDMI | 1 x VGA | 
Samsung LS22E20KBSV/GO,Samsung ,LS22E20KBSV/GO ,"21.5"" ",1920 x 1080 ,60 Hz ,5 ms ,TN ,16:9 ,,250 cd/m² ,0.248 mm ,Yes ,No ,None ,No ,,170° H x 160° V , 1 x DVI | 1 x VGA | 
AOC e2426swd,AOC ,e2426swd ,"23.6"" ",1920 x 1080 ,,5 ms ,,16:9 ,,300 cd/m² ,0.272 mm ,Yes ,No ,None ,No ,,,1 x VGA 
Asus C423AQ,Asus ,C423AQ ,"23"" ",1920 x 1080 ,60 Hz ,5 ms ,IPS ,16:9 ,,250 cd/m² ,0.265 mm ,Yes ,No ,None ,Yes ,,178° H x 178° V , 1 x DisplayPort | 1 x DVI | 1 x VGA | 
Asus C623AQR,Asus ,C623AQR ,"23"" ",1920 x 1080 ,60 Hz ,5 ms ,IPS ,16:9 ,,250 cd/m² ,0.265 mm ,Yes ,No ,None ,Yes ,,178° H x 178° V , 1 x DisplayPort | 1 x DVI | 1 x VGA | 
AOC I2279VWHE,AOC ,I2279VWHE ,"21.5"" ",1920 x 1080 ,60 Hz ,5 ms ,IPS ,16:9 ,,250 cd/m² ,0.248 mm ,Yes ,No ,None ,No ,,178° H x 178° V , 1 x HDMI | 1 x VGA | 
Asus VS228NL-P,Asus ,VS228NL-P ,"21.5"" ",1920 x 1080 ,60 Hz ,5 ms ,TN ,16:9 ,,250 cd/m² ,0.248 mm ,Yes ,No ,None ,No ,,170° H x 160° V , 1 x DVI | 1 x VGA | 
Samsung U24E590D,Samsung ,U24E590D ,"23.6"" ",3840 x 2160 ,60 Hz ,4 ms ,PLS ,16:9 ,,300 cd/m² ,0.136 mm ,Yes ,No ,FreeSync ,No ,,178° H x 178° V , 1 x DisplayPort | 2 x HDMI | 
LG W2600H-PF,LG ,W2600H-PF ,"25.5"" ",1920 x 1200 ,60 Hz ,5 ms ,TN ,16:10 ,,300 cd/m² ,0.286 mm ,Yes ,No ,None ,No ,,170° H x 160° V , 1 x DVI | 1 x VGA | 
iiyama B2482HD-B1,iiyama ,B2482HD-B1 ,"24"" ",1920 x 1080 ,60 Hz ,5 ms ,TN ,16:9 ,,250 cd/m² ,0.277 mm ,Yes ,No ,None ,No ,,170° H x 160° V , 1 x DVI | 1 x VGA | 
HP 27vx,HP ,27vx ,"27"" ",1920 x 1080 ,60 Hz ,7 ms ,IPS ,16:9 ,,250 cd/m² ,0.311 mm ,Yes ,No ,None ,No ,,178° H x 178° V , 1 x DVI | 1 x HDMI | 1 x VGA | 
Acer UT220HQL bmjz,Acer ,UM.WW0AA.004 ,"21.5"" ",1920 x 1080 ,60 Hz ,8 ms ,VA ,16:9 ,,250 cd/m² ,0.248 mm ,Yes ,No ,None ,Yes ,,178° H x 178° V , 1 x HDMI | 1 x VGA | 
AOC I2379VHE,AOC ,I2379VHE ,"23"" ",1920 x 1080 ,60 Hz ,5 ms ,IPS ,16:9 ,,250 cd/m² ,0.265 mm ,Yes ,No ,None ,No ,,178° H x 178° V , 1 x HDMI | 1 x VGA | 
Asus C424AQ,Asus ,C424AQ ,"23.8"" ",1920 x 1080 ,60 Hz ,5 ms ,IPS ,16:9 ,,250 cd/m² ,0.274 mm ,Yes ,No ,None ,Yes ,,178° H x 178° V , 1 x DisplayPort | 1 x DVI | 1 x VGA | 
BenQ GW2455H,BenQ ,GW2455H ,"23.6"" ",1920 x 1080 ,60 Hz ,25 ms ,VA ,16:9 ,,250 cd/m² ,0.272 mm ,Yes ,No ,None ,No ,,178° H x 178° V , 1 x DVI | 1 x HDMI | 1 x VGA | 
Dell E2316Hr,Dell ,E2316Hr ,"23"" ",1920 x 1080 ,60 Hz ,5 ms ,TN ,16:9 ,,250 cd/m² ,0.265 mm ,Yes ,No ,None ,No ,,160° H x 170° V , 1 x DisplayPort | 1 x VGA | 
Dell E2414HM,Dell ,E2414HM ,"24"" ",1920 x 1080 ,60 Hz ,5 ms ,TN ,16:9 ,,250 cd/m² ,0.277 mm ,Yes ,No ,None ,No ,,170° H x 160° V , 1 x DVI | 1 x VGA | 
Dell E2715HM,Dell ,E2715HM ,"27"" ",1920 x 1080 ,60 Hz ,8 ms ,IPS ,16:9 ,,300 cd/m² ,0.311 mm ,Yes ,No ,None ,No ,,178° H x 178° V , 1 x DisplayPort | 1 x DVI | 1 x VGA | 
HP 22xw,HP ,22xw ,"21.5"" ",1920 x 1080 ,60 Hz ,7 ms ,IPS ,16:9 ,,250 cd/m² ,0.248 mm ,Yes ,No ,None ,No ,,178° H x 178° V , 1 x HDMI | 1 x VGA | 
HP Z24s,HP ,J2W50A4#ABA ,"24"" ",3840 x 2160 ,60 Hz ,14 ms ,IPS ,16:9 ,,300 cd/m² ,0.138 mm ,Yes ,No ,None ,Yes ,,178° H x 178° V , 1 x DisplayPort | 1 x Mini-DisplayPort | 2 x HDMI | 
HP Z24nf,HP ,K7C00A4#ABA ,"23.8"" ",1920 x 1080 ,60 Hz ,8 ms ,IPS ,16:9 ,,250 cd/m² ,0.274 mm ,Yes ,No ,None ,Yes ,,178° H x 178° V , 2 x DisplayPort | 1 x DVI | 1 x HDMI | 
LG 27MC67-B,LG ,27MC67-B ,"27"" ",3840 x 2160 ,60 Hz ,5 ms ,IPS ,16:9 ,,300 cd/m² ,0.156 mm ,Yes ,No ,None ,No ,,178° H x 178° V , 1 x DisplayPort | 1 x Mini-DisplayPort | 2 x HDMI | 
LG 31MU97Z-B,LG ,31MU97Z-B ,"31"" ",4096 x 2160 ,60 Hz ,5 ms ,IPS ,256:135 ,,320 cd/m² ,0.17 mm ,Yes ,No ,None ,Yes ,,178° H x 178° V , 1 x DisplayPort | 1 x Mini-DisplayPort | 2 x HDMI | 
NEC EA275UHD-BK,NEC ,EA275UHD-BK ,"27"" ",3840 x 2160 ,60 Hz ,6 ms ,IPS ,16:9 ,,350 cd/m² ,0.156 mm ,Yes ,No ,None ,Yes ,,178° H x 178° V , 1 x DisplayPort | 1 x DVI | 1 x HDMI | 
NEC EA275UHD-BK-SV,NEC ,EA275UHD-BK-SV ,"27"" ",3840 x 2160 ,60 Hz ,6 ms ,IPS ,16:9 ,,350 cd/m² ,0.156 mm ,Yes ,No ,None ,Yes ,,178° H x 178° V , 1 x DisplayPort | 1 x DVI | 1 x HDMI | 
NEC P212-BK,NEC ,P212-BK ,"21"" ",1600 x 1200 ,60 Hz ,8 ms ,IPS ,4:3 ,,440 cd/m² ,0.267 mm ,No ,No ,None ,Yes ,,178° H x 178° V , 1 x DisplayPort | 1 x DVI | 1 x HDMI | 1 x VGA | 
NEC P212-BK-SV,NEC ,P212-BK-SV ,"21"" ",1600 x 1200 ,60 Hz ,8 ms ,IPS ,4:3 ,,440 cd/m² ,0.267 mm ,No ,No ,None ,Yes ,,178° H x 178° V , 1 x DisplayPort | 1 x DVI | 1 x HDMI | 1 x VGA | 
NEC P212-SV,NEC ,P212-SV ,"21"" ",1600 x 1200 ,60 Hz ,8 ms ,IPS ,4:3 ,,440 cd/m² ,0.267 mm ,No ,No ,None ,Yes ,,178° H x 178° V , 1 x DisplayPort | 1 x DVI | 1 x HDMI | 1 x VGA | 
Samsung LS19E20KBRV/GO,Samsung ,LS19E20KBRV/GO ,"19"" ",1280 x 1024 ,60 Hz ,5 ms ,TN ,5:4 ,,250 cd/m² ,0.294 mm ,No ,No ,None ,No ,,170° H x 160° V , 1 x DVI | 1 x VGA | 
Samsung LS24E20KBLV/GO,Samsung ,LS24E20KBLV/GO ,"23.6"" ",1920 x 1080 ,60 Hz ,5 ms ,TN ,16:9 ,,300 cd/m² ,0.272 mm ,Yes ,No ,None ,No ,,170° H x 160° V , 1 x DVI | 1 x VGA | 
Samsung LS24E45KDSG/GO,Samsung ,LS24E45KDSG/GO ,"24"" ",1920 x 1080 ,60 Hz ,5 ms ,TN ,16:9 ,,250 cd/m² ,0.277 mm ,Yes ,No ,None ,No ,,170° H x 160° V , 1 x DisplayPort | 1 x DVI | 1 x VGA | 
Samsung S19E450BR,Samsung ,S19E450BR ,"19"" ",1280 x 1024 ,60 Hz ,5 ms ,TN ,5:4 ,,250 cd/m² ,0.294 mm ,No ,No ,None ,No ,,170° H x 160° V , 1 x DVI | 1 x VGA | 
Samsung S22E450D,Samsung ,S22E450D ,"21.5"" ",1920 x 1080 ,60 Hz ,5 ms ,TN ,16:9 ,,250 cd/m² ,0.248 mm ,Yes ,No ,None ,No ,,170° H x 160° V , 1 x DisplayPort | 1 x DVI | 1 x VGA | 
Samsung S23E200B,Samsung ,S23E200B ,"23"" ",1920 x 1080 ,60 Hz ,5 ms ,TN ,16:9 ,,250 cd/m² ,0.265 mm ,Yes ,No ,None ,No ,,170° H x 160° V , 1 x DVI | 1 x VGA | 
Samsung S24E200BL,Samsung ,S24E200BL ,"23.6"" ",1920 x 1080 ,60 Hz ,5 ms ,TN ,16:9 ,,300 cd/m² ,0.272 mm ,Yes ,No ,None ,No ,,170° H x 160° V , 1 x DVI | 1 x VGA | 
Samsung S24E370DL,Samsung ,S24E370DL ,"23.6"" ",1920 x 1080 ,60 Hz ,4 ms ,PLS ,16:9 ,,250 cd/m² ,0.272 mm ,Yes ,No ,FreeSync ,No ,,178° H x 178° V , 1 x DisplayPort | 1 x HDMI | 1 x VGA | 
Samsung S24E450DL,Samsung ,S24E450DL ,"23.6"" ",1920 x 1080 ,60 Hz ,5 ms ,TN ,16:9 ,,250 cd/m² ,0.272 mm ,Yes ,No ,None ,No ,,170° H x 160° V , 1 x DisplayPort | 1 x DVI | 1 x VGA | 
Samsung S24E650DW,Samsung ,S24E650DW ,"24"" ",1920 x 1200 ,60 Hz ,4 ms ,PLS ,16:10 ,,250 cd/m² ,0.269 mm ,Yes ,No ,None ,No ,,178° H x 178° V , 1 x DisplayPort | 1 x DVI | 1 x VGA | 
Samsung S27E310H,Samsung ,S27E310H ,"27"" ",1920 x 1080 ,60 Hz ,1 ms ,TN ,16:9 ,,300 cd/m² ,0.311 mm ,Yes ,No ,None ,No ,,170° H x 160° V , 1 x HDMI | 1 x VGA | 
Samsung S27E650C,Samsung ,S27E650C ,"27"" ",1920 x 1080 ,60 Hz ,4 ms ,VA ,16:9 ,,300 cd/m² ,0.311 mm ,Yes ,Yes ,None ,No ,,178° H x 178° V ,1 x DisplayPort 
Lenovo 65ACGCC1US,Lenovo ,65ACGCC1US ,"23.8"" ",1920 x 1080 ,75 Hz ,7 ms ,IPS ,16:9 ,,250 cd/m² ,0.274 mm ,Yes ,No ,None ,No ,,178° H x 178° V , 1 x DisplayPort | 1 x HDMI | 
Eizo CS270-BK-CN,Eizo ,CS270-BK-CN ,"27"" ",2560 x 1440 ,60 Hz ,15 ms ,IPS ,16:9 ,,300 cd/m² ,0.233 mm ,Yes ,No ,None ,No ,,178° H x 178° V , 1 x DisplayPort | 1 x DVI | 1 x HDMI | 
Acer B196L,Acer , B196L | B196L Aymdprz | UM.CB6AA.A01 | ,"19"" ",1280 x 1024 ,75 Hz ,5 ms ,TN ,5:4 ,,250 cd/m² ,0.294 mm ,No ,No ,None ,Yes ,,170° H x 160° V , 1 x DVI | 1 x VGA | 
Acer B226WLymdr,Acer ,B226WLymdr ,"22"" ",1680 x 1050 ,60 Hz ,5 ms ,TN ,16:10 ,,250 cd/m² ,0.282 mm ,Yes ,No ,None ,Yes ,,170° H x 160° V , 1 x DVI | 1 x VGA | 
Acer B346C bmjdphzx,Acer ,B346C bmjdphzx ,"34"" ",2560 x 1080 ,60 Hz ,6 ms ,IPS ,21:9 ,,300 cd/m² ,0.311 mm ,Yes ,No ,None ,Yes ,,178° H x 178° V , 1 x DisplayPort | 1 x DVI | 
Acer ET.VS0HP.A02,Acer ,ET.VS0HP.A02 ,"23"" ",1920 x 1080 ,60 Hz ,5 ms ,TN ,16:9 ,,250 cd/m² ,0.265 mm ,Yes ,No ,None ,No ,,170° H x 160° V , 1 x DVI | 1 x VGA | 
Acer G246HYL bmjj (UM.QG6AA.001),Acer ,G246HYL bmjj (UM.QG6AA.001) ,"23.8"" ",1920 x 1080 ,60 Hz ,6 ms ,IPS ,16:9 ,,250 cd/m² ,0.274 mm ,Yes ,No ,None ,Yes ,,178° H x 178° V , 1 x HDMI | 1 x VGA | 
Acer S277HK wmidpp,Acer ,S277HK wmidpp ,"27"" ",3840 x 2160 ,60 Hz ,4 ms ,IPS ,16:9 ,,300 cd/m² ,0.156 mm ,Yes ,No ,None ,Yes ,,178° H x 178° V , 1 x DVI | 1 x HDMI | 
Acer UM.CB6AA.002,Acer ,UM.CB6AA.002 ,"19"" ",1440 x 900 ,60 Hz ,5 ms ,TN ,16:10 ,,250 cd/m² ,0.284 mm ,Yes ,No ,None ,Yes ,,170° H x 160° V , 1 x DVI | 1 x VGA | 
Acer UM.EV5AA.A01,Acer ,UM.EV5AA.A01 ,"22"" ",1680 x 1050 ,60 Hz ,5 ms ,TN ,16:10 ,,250 cd/m² ,0.282 mm ,Yes ,No ,None ,No ,,170° H x 160° V , 1 x DVI | 1 x VGA | 
Acer XB271HK,Acer ,UM.HX1AA.002 ,"27"" ",3840 x 2160 ,60 Hz ,4 ms ,IPS ,16:9 ,,300 cd/m² ,0.156 mm ,Yes ,No ,G-Sync ,Yes ,,178° H x 178° V , 1 x DisplayPort | 1 x HDMI | 
Acer V206HQLAbd,Acer ,V206HQLAbd ,"19.5"" ",1600 x 900 ,60 Hz ,5 ms ,TN ,16:9 ,,200 cd/m² ,0.27 mm ,Yes ,No ,None ,No ,,90° H x 65° V , 1 x DVI | 1 x VGA | 
Acer V236HL,Acer ,V236HL ,"23"" ",1920 x 1080 ,60 Hz ,5 ms ,TN ,16:9 ,,250 cd/m² ,0.265 mm ,Yes ,No ,None ,No ,,170° H x 160° V , 1 x DVI | 1 x VGA | 
Acer V276HLBMD,Acer ,V276HLBMD ,"27"" ",1920 x 1080 ,60 Hz ,6 ms ,VA ,16:9 ,,300 cd/m² ,0.311 mm ,Yes ,No ,None ,Yes ,,178° H x 178° V , 1 x DVI | 1 x VGA | 
Asus C620AQ,Asus ,C620AQ ,"19.5"" ",1440 x 900 ,60 Hz ,5 ms ,IPS ,16:10 ,,250 cd/m² ,0.292 mm ,Yes ,No ,None ,Yes ,,178° H x 178° V , 1 x DisplayPort | 1 x DVI | 1 x VGA | 
BenQ BL2410PT,BenQ ,BL2410PT ,"24"" ",1920 x 1080 ,60 Hz ,4 ms ,VA ,16:9 ,,250 cd/m² ,0.277 mm ,Yes ,No ,None ,Yes ,,178° H x 178° V , 1 x DisplayPort | 1 x HDMI | 1 x VGA | 
HP 27c,HP ,27c ,"27"" ",1920 x 1080 ,60 Hz ,8 ms ,VA ,16:9 ,,300 cd/m² ,0.311 mm ,Yes ,Yes ,None ,Yes ,,178° H x 178° V , 1 x DVI | 1 x HDMI | 1 x VGA | 
HP E221c (D9E49A8#ABA),HP ,E221c (D9E49A8#ABA) ,"21.5"" ",1920 x 1080 ,60 Hz ,7 ms ,IPS ,16:9 ,,250 cd/m² ,0.248 mm ,Yes ,No ,None ,Yes ,,178° H x 178° V , 1 x DisplayPort | 1 x DVI | 1 x VGA | 
HP Z34c,HP ,K1U77A4#ABA ,"34"" ",3440 x 1440 ,60 Hz ,8 ms ,IPS ,21:9 ,,350 cd/m² ,0.232 mm ,Yes ,Yes ,None ,Yes ,,178° H x 178° V , 1 x DisplayPort | 2 x HDMI | 
HP P19A,HP ,P19A ,"19"" ",1280 x 1024 ,60 Hz ,5 ms ,TN ,5:4 ,,250 cd/m² ,0.294 mm ,No ,No ,None ,No ,,170° H x 160° V ,1 x VGA 
HP Z23i(D7Q13A8#ABA),HP ,Z23i(D7Q13A8#ABA) ,"23"" ",1920 x 1080 ,60 Hz ,8 ms ,IPS ,16:9 ,,250 cd/m² ,0.265 mm ,Yes ,No ,None ,No ,,178° H x 178° V , 1 x DisplayPort | 1 x DVI | 1 x VGA | 
LG 22MP47HQ,LG ,22MP47HQ ,"21.5"" ",1920 x 1080 ,60 Hz ,5 ms ,IPS ,16:9 ,,250 cd/m² ,0.248 mm ,Yes ,No ,None ,No ,,178° H x 178° V , 1 x HDMI | 1 x VGA | 
LG 24M37D-B,LG ,24M37D-B ,"23.6"" ",1920 x 1080 ,60 Hz ,5 ms ,TN ,16:9 ,,200 cd/m² ,0.272 mm ,Yes ,No ,None ,No ,,170° H x 160° V , 1 x DVI | 1 x VGA | 
LG 24MP47HQ,LG ,24MP47HQ ,"23.8"" ",1920 x 1080 ,60 Hz ,5 ms ,IPS ,16:9 ,,250 cd/m² ,0.274 mm ,Yes ,No ,None ,No ,,178° H x 178° V , 1 x HDMI | 1 x VGA | 
LG 27MP37HQ-B,LG ,27MP37HQ-B ,"27"" ",1920 x 1080 ,60 Hz ,5 ms ,IPS ,16:9 ,,200 cd/m² ,0.311 mm ,Yes ,No ,None ,No ,,178° H x 178° V , 1 x HDMI | 1 x VGA | 
LG 27MP47HQ,LG ,27MP47HQ ,"27"" ",1920 x 1080 ,60 Hz ,5 ms ,IPS ,16:9 ,,250 cd/m² ,0.311 mm ,Yes ,No ,None ,No ,,178° H x 178° V , 1 x HDMI | 1 x VGA | 
LG 27MP77HM,LG ,27MP77HM ,"27"" ",1920 x 1080 ,60 Hz ,5 ms ,IPS ,16:9 ,,250 cd/m² ,0.311 mm ,Yes ,No ,None ,Yes ,,178° H x 178° V , 2 x HDMI | 1 x VGA | 
Philips 223V5LHSB/27,Philips ,223V5LHSB/27 ,"21.5"" ",1920 x 1080 ,60 Hz ,5 ms ,TN ,16:9 ,,250 cd/m² ,0.248 mm ,Yes ,No ,None ,No ,,170° H x 160° V , 1 x HDMI | 1 x VGA | 
Philips 245C5QHAB,Philips ,245C5QHAB ,"23.8"" ",1920 x 1080 ,60 Hz ,5 ms ,IPS ,16:9 ,,250 cd/m² ,0.274 mm ,Yes ,No ,None ,Yes ,,178° H x 178° V , 2 x HDMI | 1 x VGA | 
Seiki SM40UNP,Seiki ,SM40UNP ,"40"" ",3840 x 2160 ,60 Hz ,8 ms ,VA ,16:9 ,,350 cd/m² ,0.231 mm ,Yes ,No ,None ,No ,,178° H x 178° V , 2 x DisplayPort | 1 x DVI | 2 x HDMI | 1 x VGA | 
HP Z27s,HP ,J3G07A8#ABA ,"27"" ",3840 x 2160 ,60 Hz ,6 ms ,IPS ,16:9 ,,300 cd/m² ,0.156 mm ,Yes ,No ,None ,No ,,178° H x 178° V , 1 x DisplayPort | 1 x Mini-DisplayPort | 1 x HDMI | 
AOC G2460FQ,AOC ,G2460FQ ,"24"" ",1920 x 1080 ,144 Hz ,1 ms ,,16:9 ,,350 cd/m² ,0.277 mm ,Yes ,No ,None ,Yes ,,178° H x 170° V , 1 x DisplayPort | 1 x DVI | 1 x HDMI | 1 x VGA | 
Asus PG27AQ,Asus , PG27AQ | 90LM01F0-B01370 | ,"27"" ",3840 x 2160 ,60 Hz ,4 ms ,IPS ,16:9 ,,300 cd/m² ,0.156 mm ,Yes ,No ,G-Sync ,Yes ,,178° H x 178° V , 1 x DisplayPort | 1 x HDMI | 
QNIX QX2414 LED 144 MULTI Perfect Pixel,QNIX ,QX2414 LED 144 MULTI Perfect Pixel ,"24"" ",1920 x 1080 ,144 Hz ,2 ms ,TN ,16:9 ,,350 cd/m² ,0.277 mm ,Yes ,No ,None ,No ,,170° H x 160° V , 1 x DVI-D Dual Link | 1 x HDMI | 
BenQ GW2255HM,BenQ ,GW2255HM ,"21.5"" ",1920 x 1080 ,60 Hz ,6 ms ,VA ,16:9 ,,250 cd/m² ,0.248 mm ,Yes ,No ,None ,Yes ,,178° H x 178° V , 1 x DVI | 1 x HDMI | 1 x VGA | 
Samsung U32E850R,Samsung ,U32E850R ,"31.5"" ",3840 x 2160 ,60 Hz ,4 ms ,PLS ,16:9 ,,300 cd/m² ,0.182 mm ,Yes ,No ,FreeSync ,No ,,178° H x 178° V , 1 x DisplayPort | 1 x Mini-DisplayPort | 1 x HDMI | 
Acer G227HQLAbid,Acer ,UM.WG7EE.A06 ,"21.5"" ",1920 x 1080 ,,4 ms ,IPS ,16:9 ,,250 cd/m² ,0.248 mm ,Yes ,No ,None ,No ,,178° H x 178° V , 1 x DVI-A | 1 x HDMI | 1 x VGA | 
LG 34UM88C,LG ,34UM88C ,"34"" ",3440 x 1440 ,60 Hz ,5 ms ,IPS ,21:9 ,,300 cd/m² ,0.232 mm ,Yes ,No ,FreeSync ,Yes ,,178° H x 178° V , 1 x DisplayPort | 2 x HDMI | 
Acer B346CK,Acer , UM.CB6AA.004 | B346CK | ,"34"" ",3440 x 1440 ,60 Hz ,6 ms ,IPS ,21:9 ,,320 cd/m² ,0.232 mm ,Yes ,No ,None ,Yes ,,178° H x 178° V , 1 x DisplayPort | 1 x HDMI | 
Acer G277HL Abid,Acer ,UM.HG7AA.A01 ,"27"" ",1920 x 1080 ,60 Hz ,4 ms ,VA ,16:9 ,,300 cd/m² ,0.311 mm ,Yes ,No ,None ,No ,,178° H x 178° V , 1 x DVI | 1 x HDMI | 1 x VGA | 
Acer H277HU kmipuz,Acer ,UM.HH7AA.002 ,"27"" ",2560 x 1440 ,60 Hz ,4 ms ,IPS ,16:9 ,,350 cd/m² ,0.233 mm ,Yes ,No ,None ,Yes ,,178° H x 178° V , 1 x DisplayPort | 1 x HDMI | 
Acer B246HYL Bymjjpprzx,Acer ,UM.QB6AA.B02 ,"23.8"" ",1920 x 1080 ,60 Hz ,6 ms ,IPS ,16:9 ,,250 cd/m² ,0.274 mm ,Yes ,No ,None ,Yes ,,178° H x 178° V , 1 x DisplayPort | 1 x HDMI | 
Acer XZ350CU bmijphz,Acer ,XZ350CU ,"35"" ",2560 x 1080 ,144 Hz ,4 ms ,VA ,21:9 ,,300 cd/m² ,0.32 mm ,Yes ,Yes ,None ,Yes ,,178° H x 178° V , 1 x DisplayPort | 1 x HDMI | 
Dell SE2216HV,Dell ,SE2216HV ,"21.5"" ",1920 x 1080 ,60 Hz ,12 ms ,VA ,16:9 ,,250 cd/m² ,0.248 mm ,Yes ,No ,None ,No ,,178° H x 178° V ,1 x VGA 
HP S240ml ,HP ,F4M47AA#ABA ,"23.8"" ",1920 x 1080 ,60 Hz ,7 ms ,IPS ,16:9 ,,300 cd/m² ,0.274 mm ,Yes ,No ,None ,Yes ,,178° H x 178° V ,1 x VGA 
HP ProDisplay P242va,HP ,K7X32AA#ABA ,"24"" ",1920 x 1080 ,60 Hz ,8 ms ,VA ,16:9 ,,250 cd/m² ,0.277 mm ,Yes ,No ,None ,No ,,178° H x 178° V , 1 x DisplayPort | 1 x HDMI | 1 x VGA | 
HP ProDisplay P202,HP ,K7X27AA#ABA ,"20"" ",1600 x 900 ,60 Hz ,5 ms ,TN ,16:9 ,,250 cd/m² ,0.277 mm ,Yes ,No ,None ,No ,,170° H x 160° V , 1 x DisplayPort | 1 x VGA | 
HP E241i,HP ,K8Q72AA#ABA ,"24"" ",1920 x 1200 ,60 Hz ,8 ms ,IPS ,16:10 ,,250 cd/m² ,0.269 mm ,Yes ,No ,None ,Yes ,,178° H x 178° V , 1 x DisplayPort | 1 x DVI | 1 x VGA | 
HP Z23N,HP ,M2J79A4#ABA ,"23"" ",1920 x 1080 ,60 Hz ,7 ms ,IPS ,16:9 ,,250 cd/m² ,0.265 mm ,Yes ,No ,None ,Yes ,,178° H x 178° V , 1 x DisplayPort | 1 x HDMI | 1 x VGA | 
LG 24MP48HQ-P,LG ,24MP48HQ ,"23.8"" ",1920 x 1080 ,60 Hz ,5 ms ,IPS ,16:9 ,,250 cd/m² ,0.274 mm ,Yes ,No ,None ,No ,,178° H x 178° V , 1 x HDMI | 1 x VGA | 
LG 29UM68,LG ,29UM68 ,"29"" ",2560 x 1080 ,75 Hz ,5 ms ,IPS ,21:9 ,,250 cd/m² ,0.265 mm ,Yes ,No ,None ,Yes ,,178° H x 178° V , 1 x DisplayPort | 1 x DVI-D Dual Link | 1 x HDMI | 
NEC E203Wi-BK,NEC ,E203Wi-BK ,"20"" ",1600 x 900 ,60 Hz ,14 ms ,IPS ,16:9 ,,250 cd/m² ,0.277 mm ,Yes ,No ,None ,No ,,178° H x 178° V , 1 x DisplayPort | 1 x DVI | 1 x VGA | 
NEC EA275WMI-BK,NEC ,EA275WMI-BK ,"27"" ",2560 x 1440 ,,6 ms ,,16:9 ,,350 cd/m² ,0.233 mm ,Yes ,No ,None ,Yes ,,,
NEC EA275WMI-BK-SV,NEC ,EA275WMI-BK-SV ,"27"" ",2560 x 1440 ,60 Hz ,6 ms ,IPS ,16:9 ,,350 cd/m² ,0.233 mm ,Yes ,No ,None ,Yes ,,178° H x 178° V , 1 x DisplayPort | 1 x DVI | 1 x HDMI | 
NEC EA305WMI-BK,NEC ,EA305WMI-BK ,"29.8"" ",2560 x 1600 ,60 Hz ,6 ms ,IPS ,16:10 ,,350 cd/m² ,0.251 mm ,Yes ,No ,None ,Yes ,,178° H x 178° V , 1 x DisplayPort | 1 x DVI | 1 x HDMI | 
ViewSonic XG2700-4K,ViewSonic ,XG2700-4K ,"27"" ",3840 x 2160 ,60 Hz ,5 ms ,IPS ,16:9 ,,300 cd/m² ,0.156 mm ,Yes ,No ,FreeSync ,No ,,178° H x 178° V , 1 x DisplayPort | 1 x Mini-DisplayPort | 1 x HDMI | 
AOC C3583FQ,AOC , C3583FQ | C3583FQ/BS | ,"35"" ",2560 x 1080 ,160 Hz ,4 ms ,VA ,21:9 ,,300 cd/m² ,0.32 mm ,Yes ,Yes ,FreeSync ,Yes ,,178° H x 178° V , 2 x DisplayPort | 1 x DVI | 1 x HDMI | 1 x VGA | 
LG 27UD68-W,LG ,27UD68-W ,"27"" ",3840 x 2160 ,60 Hz ,5 ms ,IPS ,16:9 ,,350 cd/m² ,0.156 mm ,Yes ,No ,FreeSync ,No ,,178° H x 178° V , 1 x DisplayPort | 1 x HDMI | 1 x VGA | 
LG 29UM58-P,LG ,29UM58-P ,"29"" ",2560 x 1080 ,75 Hz ,5 ms ,IPS ,21:9 ,,250 cd/m² ,0.265 mm ,Yes ,No ,None ,No ,,178° H x 178° V ,2 x HDMI 
LG 34UM58-P,LG ,34UM58-P ,"34"" ",2560 x 1080 ,60 Hz ,5 ms ,,21:9 ,,250 cd/m² ,0.311 mm ,Yes ,No ,None ,No ,,178° H x 178° V ,2 x HDMI 
LG 34UM64-P,LG ,34UM64-P ,"34"" ",2560 x 1080 ,60 Hz ,5 ms ,IPS ,21:9 ,,300 cd/m² ,0.311 mm ,Yes ,No ,None ,Yes ,,178° H x 178° V , 1 x DisplayPort | 1 x DVI | 2 x HDMI | 
Samsung S22E390H,Samsung ,S22E390H ,"21.5"" ",1920 x 1080 ,60 Hz ,4 ms ,PLS ,16:9 ,,250 cd/m² ,0.248 mm ,Yes ,No ,None ,No ,,178° H x 178° V , 1 x HDMI | 1 x VGA | 
LG 27UD88-W,LG , 27UD88-W | 27UD88-W/US | ,"27"" ",3840 x 2160 ,60 Hz ,5 ms ,IPS ,16:9 ,,350 cd/m² ,0.156 mm ,Yes ,No ,FreeSync ,No ,,178° H x 178° V , 1 x DisplayPort | 2 x HDMI | 
AOC E2429SWHE,AOC ,E2429SWHE ,"23.6"" ",1920 x 1080 ,60 Hz ,5 ms ,TN ,16:9 ,,250 cd/m² ,0.272 mm ,Yes ,No ,None ,No ,,170° H x 160° V , 1 x HDMI | 1 x VGA | 
AOC I2481FXH,AOC ,I2481FXH ,"23.8"" ",1920 x 1080 ,60 Hz ,4 ms ,IPS ,16:9 ,,250 cd/m² ,0.274 mm ,Yes ,No ,None ,No ,,178° H x 178° V , 2 x HDMI | 1 x VGA | 
HP FN747AA,HP ,FN747AA ,"23"" ",1920 x 1080 ,60 Hz ,5 ms ,TN ,16:9 ,,,0.265 mm ,Yes ,No ,None ,Yes ,,160° H x 160° V , 1 x HDMI | 1 x VGA | 
Pixio PX274,Pixio ,PX274 ,"27"" ",2560 x 1440 ,60 Hz ,4 ms ,IPS ,16:9 ,,300 cd/m² ,0.233 mm ,Yes ,No ,None ,Yes ,,178° H x 178° V , 1 x DisplayPort | 1 x DVI | 1 x HDMI | 1 x VGA | 
BenQ SW2700PT,BenQ , SW2700PT | 9H.LDKLB.QBE | ,"27"" ",2560 x 1440 ,60 Hz ,5 ms ,IPS ,16:9 ,,350 cd/m² ,0.233 mm ,Yes ,No ,None ,No ,,, 1 x DisplayPort | 1 x DVI | 1 x HDMI | 
Samsung BX2431,Samsung ,BX2431 ,"24"" ",1920 x 1080 ,60 Hz ,2 ms ,TN ,16:9 ,,250 cd/m² ,0.277 mm ,Yes ,No ,None ,No ,,170° H x 160° V , 2 x HDMI | 1 x VGA | 
AOC I2777FQ,AOC ,I2777FQ ,"27"" ",1920 x 1080 ,60 Hz ,5 ms ,IPS ,16:9 ,,250 cd/m² ,0.311 mm ,Yes ,No ,None ,No ,,178° H x 178° V , 1 x DisplayPort | 2 x HDMI | 1 x VGA | 
Asus VP228T,Asus ,VP228T ,"21.5"" ",1920 x 1080 ,75 Hz ,1 ms ,TN ,16:9 ,,250 cd/m² ,0.248 mm ,Yes ,No ,None ,Yes ,,170° H x 160° V , 1 x DVI | 1 x VGA | 
Asus VP228TE,Asus ,VP228TE ,"21.5"" ",1920 x 1080 ,75 Hz ,1 ms ,TN ,16:9 ,,250 cd/m² ,0.248 mm ,Yes ,No ,None ,Yes ,,170° H x 160° V , 1 x DVI | 1 x VGA | 
iiyama GB2488HSU-B2,iiyama ,GB2488HSU-B2 ,"24"" ",1920 x 1080 ,144 Hz ,1 ms ,TN ,16:9 ,,350 cd/m² ,0.277 mm ,Yes ,No ,FreeSync ,Yes ,,170° H x 160° V , 1 x DisplayPort | 1 x DVI-D Dual Link | 2 x HDMI | 
LG E2260,LG ,E2260 ,"22"" ",1920 x 1080 ,,,,16:9 ,,250 cd/m² ,0.254 mm ,Yes ,No ,None ,No ,,170° H x 170° V ,
Asus VZ279H,Asus ,VZ279H ,"27"" ",1920 x 1080 ,60 Hz ,5 ms ,IPS ,16:9 ,,250 cd/m² ,0.311 mm ,Yes ,No ,None ,Yes ,,178° H x 178° V , 2 x HDMI | 1 x VGA | 
AOC U2477PWQ,AOC ,U2477PWQ ,"23.6"" ",3840 x 2160 ,60 Hz ,4 ms ,PLS ,16:9 ,,300 cd/m² ,0.136 mm ,Yes ,No ,None ,No ,,178° H x 178° V , 1 x DisplayPort | 1 x DVI-D Dual Link | 1 x HDMI | 1 x VGA | 
Lenovo LI2364d,Lenovo ,65C8KCC1US ,"23"" ",1920 x 1080 ,75 Hz ,7 ms ,IPS ,16:9 ,,250 cd/m² ,0.265 mm ,Yes ,No ,FreeSync ,No ,,178° H x 178° V , 1 x HDMI | 1 x VGA | 
Philips BDM3490UC/27,Philips , BDM3490UC/27 | BDM3490UC | ,"34.1"" ",3440 x 1440 ,60 Hz ,5 ms ,IPS ,21:9 ,,300 cd/m² ,0.232 mm ,Yes ,Yes ,None ,Yes ,,172° H x 178° V , 1 x DisplayPort | 3 x HDMI | 
ViewSonic VX2478-SMHD,ViewSonic ,VX2478-SMHD ,"23.8"" ",2560 x 1440 ,60 Hz ,4 ms ,IPS ,16:9 ,,300 cd/m² ,0.206 mm ,Yes ,No ,None ,Yes ,,178° H x 178° V , 1 x DisplayPort | 1 x Mini-DisplayPort | 1 x HDMI | 
LG 34UM88C-P,LG ,34UM88C-P ,"34"" ",3440 x 1440 ,60 Hz ,5 ms ,IPS ,21:9 ,,300 cd/m² ,0.232 mm ,Yes ,No ,FreeSync ,Yes ,,178° H x 178° V , 1 x DisplayPort | 1 x HDMI | 
Philips 227E6LDSD/27,Philips ,227E6LDSD/27 ,"21.5"" ",1920 x 1080 ,60 Hz ,1 ms ,TN ,16:9 ,,250 cd/m² ,0.248 mm ,Yes ,No ,None ,No ,,170° H x 160° V , 1 x DVI-D Dual Link | 1 x HDMI | 1 x VGA | 
Samsung LC27FG70FQNXZA,Samsung ,LC27FG70FQNXZA ,"27"" ",1920 x 1080 ,144 Hz ,1 ms ,VA ,16:9 ,,350 cd/m² ,0.311 mm ,Yes ,Yes ,FreeSync ,No ,,178° H x 178° V , 1 x DisplayPort | 2 x HDMI | 
HP T3M70AA#ABA,HP ,T3M70AA#ABA ,"21.5"" ",1920 x 1080 ,60 Hz ,7 ms ,IPS ,16:9 ,,250 cd/m² ,0.248 mm ,Yes ,No ,None ,No ,,178° H x 178° V , 1 x HDMI | 1 x VGA | 
Acer XR342CK,Acer , XR342CK bmijpphz | XR342CK | UM.CX2AA.001 | ,"34"" ",3440 x 1440 ,75 Hz ,5 ms ,IPS ,21:9 ,,300 cd/m² ,0.232 mm ,Yes ,Yes ,FreeSync ,Yes ,,, 1 x DisplayPort | 1 x HDMI | 
HP OMEN X 35,HP , X3W57AA#ABA | OMEN X by HP 35 | ,"35"" ",3440 x 1440 ,100 Hz ,4 ms ,VA ,21:9 ,,300 cd/m² ,0.238 mm ,Yes ,Yes ,G-Sync ,No ,,178° H x 178° V , 1 x DisplayPort | 1 x HDMI | 
iiyama GB2788HS-B1,iiyama ,GB2788HS-B1 ,"27"" ",1920 x 1080 ,144 Hz ,1 ms ,TN ,16:9 ,,300 cd/m² ,0.311 mm ,Yes ,No ,FreeSync ,Yes ,,170° H x 160° V , 1 x DisplayPort | 1 x DVI-D Dual Link | 1 x HDMI | 
HP W5A12AA#ABA,HP ,W5A12AA#ABA ,"27"" ",3840 x 2160 ,60 Hz ,5 ms ,,16:9 ,,350 cd/m² ,0.156 mm ,Yes ,No ,None ,No ,,178° H x 178° V , 1 x DisplayPort | 1 x HDMI | 
HP 27sv,HP ,M4B77AA#ABA ,"27"" ",1920 x 1080 ,60 Hz ,7 ms ,IPS ,16:9 ,,250 cd/m² ,0.311 mm ,Yes ,No ,None ,Yes ,,178° H x 178° V , 1 x DVI | 1 x HDMI | 1 x VGA | 
Acer XR382CQK bmijqphuzx,Acer , XR382CQK bmijqphuzx | UM.TX2EE.005 | XR382CQK | ,"37.5"" ",3840 x 1600 ,75 Hz ,5 ms ,IPS ,12:5 ,,300 cd/m² ,0.229 mm ,Yes ,Yes ,FreeSync ,Yes ,,172° H x 178° V , 1 x DisplayPort | 1 x HDMI | 
Asus VA32AQ,Asus , VA32AQ | 90LM0300-B01970 | ,"31.5"" ",2560 x 1440 ,60 Hz ,5 ms ,IPS ,16:9 ,,250 cd/m² ,0.272 mm ,Yes ,No ,None ,Yes ,,178° H x 178° V , 1 x DisplayPort | 1 x HDMI | 1 x VGA | 
Monoprice Zero-G,Monoprice ,16384 ,"27"" ",2560 x 1440 ,144 Hz ,,TN ,16:9 ,,350 cd/m² ,0.233 mm ,Yes ,No ,FreeSync ,No ,,, 1 x DisplayPort | 1 x DVI-D Dual Link | 2 x HDMI | 
AOC E2470SWHE,AOC ,E2470SWHE ,"23.6"" ",1920 x 1080 ,60 Hz ,5 ms ,TN ,16:9 ,,250 cd/m² ,0.272 mm ,Yes ,No ,None ,No ,,170° H x 160° V , 1 x HDMI | 1 x VGA | 
AOC E2275SWJ,AOC ,E2275SWJ ,"21.5"" ",1920 x 1080 ,,1 ms ,TN ,16:9 ,,250 cd/m² ,0.248 mm ,Yes ,No ,None ,Yes ,,170° H x 160° V , 1 x DVI-D Dual Link | 1 x HDMI | 1 x VGA | 
VIOTEK GN32C,VIOTEK ,GN32C ,"32"" ",1920 x 1080 ,144 Hz ,4 ms ,VA ,16:9 ,,250 cd/m² ,0.369 mm ,Yes ,Yes ,FreeSync ,No ,,, 1 x DisplayPort | 1 x DVI-D Dual Link | 1 x HDMI | 
VIOTEK H320,VIOTEK ,H320 ,"32"" ",1920 x 1080 ,60 Hz ,,,16:9 ,,,0.369 mm ,Yes ,No ,None ,No ,,, 1 x DVI-D Dual Link | 1 x HDMI | 1 x VGA | 
Philips 227E7QDSB/11,Philips ,227E7QDSB/11 ,"21.5"" ",1920 x 1080 ,60 Hz ,5 ms ,IPS ,16:9 ,,250 cd/m² ,0.248 mm ,Yes ,No ,None ,No ,,178° H x 178° V , 1 x DVI-D Dual Link | 1 x HDMI | 1 x VGA | 
Samsung BX2035,Samsung ,BX2035 ,"20"" ",1600 x 900 ,,2 ms ,TN ,16:9 ,,250 cd/m² ,0.277 mm ,Yes ,No ,None ,No ,,170° H x 160° V ,1 x DVI 
AOC E2260PQ/BK,AOC ,E2260PQ/BK ,"22"" ",1680 x 1050 ,60 Hz ,2 ms ,TN ,16:10 ,,250 cd/m² ,0.282 mm ,Yes ,No ,None ,Yes ,,170° H x 160° V , 1 x DisplayPort | 1 x DVI-D Single Link | 1 x VGA | 
AOC E2260PWDA,AOC ,E2260PWDA ,"21.5"" ",1920 x 1080 ,60 Hz ,5 ms ,TN ,16:9 ,,250 cd/m² ,0.248 mm ,Yes ,No ,None ,Yes ,,170° H x 160° V , 1 x DVI-D Single Link | 1 x VGA | 
AOC E2260PWHU,AOC ,E2260PWHU ,"21.5"" ",1920 x 1080 ,60 Hz ,2 ms ,TN ,16:9 ,,250 cd/m² ,0.248 mm ,Yes ,No ,None ,Yes ,,170° H x 160° V , 1 x DVI-D Single Link | 1 x HDMI | 1 x VGA | 
AOC E2260SDA,AOC ,E2260SDA ,"22"" ",1680 x 1050 ,60 Hz ,5 ms ,TN ,16:10 ,,250 cd/m² ,0.282 mm ,Yes ,No ,None ,Yes ,,170° H x 160° V , 1 x DVI-D Single Link | 1 x VGA | 
Dell S2418HX,Dell ,650VK ,"23.8"" ",1920 x 1080 ,60 Hz ,6 ms ,IPS ,16:9 ,,250 cd/m² ,0.274 mm ,Yes ,No ,FreeSync ,Yes ,,178° H x 178° V , 1 x HDMI | 1 x VGA | 
Dell S2317HWi,Dell ,G6RM9 ,"23"" ",1920 x 1080 ,60 Hz ,6 ms ,IPS ,16:9 ,,250 cd/m² ,0.265 mm ,Yes ,No ,None ,Yes ,,178° H x 178° V , 1 x HDMI | 1 x VGA | 
Dell U2717DA,Dell ,KTK54 ,"27"" ",2560 x 1440 ,60 Hz ,8 ms ,IPS ,16:9 ,,350 cd/m² ,0.233 mm ,Yes ,No ,None ,No ,,178° H x 178° V , 1 x DisplayPort | 1 x Mini-DisplayPort | 1 x HDMI | 
Dell S2218H,Dell ,M4N76 ,"21.5"" ",1920 x 1080 ,60 Hz ,6 ms ,IPS ,16:9 ,,250 cd/m² ,0.248 mm ,Yes ,No ,None ,Yes ,,178° H x 178° V , 1 x HDMI | 1 x VGA | 
Dell U2417HA,Dell ,N3XH0 ,"24"" ",1920 x 1080 ,60 Hz ,8 ms ,IPS ,16:9 ,,250 cd/m² ,0.277 mm ,Yes ,No ,None ,No ,,178° H x 178° V , 1 x DisplayPort | 1 x Mini-DisplayPort | 1 x HDMI | 
Dell UP3017Q,Dell ,UP3017Q ,"30"" ",3840 x 2160 ,60 Hz ,,,16:9 ,,300 cd/m² ,0.173 mm ,Yes ,No ,None ,No ,,178° H x 178° V , 1 x Mini-DisplayPort | 1 x HDMI | 
Samsung CF591,Samsung ,LC27F591FDNXZA ,"27"" ",1920 x 1080 ,60 Hz ,4 ms ,VA ,16:9 ,,250 cd/m² ,0.311 mm ,Yes ,Yes ,FreeSync ,Yes ,,178° H x 178° V , 1 x DisplayPort | 1 x HDMI | 1 x VGA | 
BenQ EW2770QZ,BenQ , EW2770QZ | 9H.LG1LA.TSE | ,"27"" ",2560 x 1440 ,60 Hz ,14 ms ,IPS ,16:9 ,,350 cd/m² ,0.233 mm ,Yes ,No ,None ,Yes ,,178° H x 178° V , 1 x DisplayPort | 2 x HDMI | 
Pixio PX245c,Pixio ,PX245c ,"23.6"" ",1920 x 1080 ,144 Hz ,3 ms ,VA ,16:9 ,,220 cd/m² ,0.272 mm ,Yes ,No ,FreeSync ,No ,,178° H x 178° V , 1 x DisplayPort | 1 x DVI-D Dual Link | 1 x HDMI | 
Pixio PX325c,Pixio ,PX325c ,"31.5"" ",1920 x 1080 ,144 Hz ,4 ms ,VA ,16:9 ,,250 cd/m² ,0.363 mm ,Yes ,No ,FreeSync ,No ,,178° H x 178° V , 1 x DisplayPort | 1 x DVI-D Dual Link | 1 x HDMI | 
LG 29UM59-P,LG ,29UM59-P ,"29"" ",2560 x 1080 ,75 Hz ,5 ms ,IPS ,21:9 ,,250 cd/m² ,0.265 mm ,Yes ,No ,FreeSync ,No ,,178° H x 178° V , 1 x DisplayPort | 1 x HDMI | 
Acer UM.CC0AA.001,Acer , UM.CC0AA.001 | CZ340CK bmiippphx | ,"34"" ",3440 x 1440 ,75 Hz ,5 ms ,IPS ,21:9 ,,300 cd/m² ,0.232 mm ,Yes ,Yes ,None ,No ,,178° H x 178° V , 1 x DisplayPort | 1 x HDMI | 
Lenovo 65CEGAC1UD,Lenovo , 65CEGAC1UD | 65CEGAC1EU | 65CEGAC1UK | ,"27"" ",2560 x 1440 ,,4 ms ,IPS ,16:9 ,,350 cd/m² ,0.233 mm ,Yes ,No ,None ,No ,,178° H x 178° V , 1 x DisplayPort | 1 x HDMI | 
VIOTEK GN32Q,VIOTEK ,GN32Q ,"32"" ",2560 x 1440 ,144 Hz ,,VA ,16:9 ,,,0.277 mm ,Yes ,Yes ,FreeSync ,No ,,, 1 x DisplayPort | 1 x DVI-D Dual Link | 1 x HDMI | 
iiyama X4071UHSU-B1,iiyama ,X4071UHSU-B1 ,"39.5"" ",3840 x 2160 ,60 Hz ,3 ms ,VA ,16:9 ,,350 cd/m² ,0.228 mm ,Yes ,No ,None ,Yes ,,178° H x 178° V , 1 x DisplayPort | 3 x HDMI | 
LG 27MP38VQ-B,LG ,27MP38VQ-B ,"27"" ",1920 x 1080 ,60 Hz ,5 ms ,IPS ,16:9 ,,200 cd/m² ,0.311 mm ,Yes ,No ,None ,No ,,178° H x 178° V , 1 x DVI-D Dual Link | 1 x HDMI | 1 x VGA | 
AOC E2228SWN,AOC ,E2228SWN ,"21.5"" ",1920 x 1080 ,60 Hz ,5 ms ,TN ,16:9 ,,200 cd/m² ,0.248 mm ,Yes ,No ,None ,No ,,170° H x 160° V ,1 x VGA 
Acer S242HL,Acer ,UM.FS2EE.D01 ,"24"" ",1920 x 1080 ,60 Hz ,1 ms ,TN ,16:9 ,,250 cd/m² ,0.277 mm ,Yes ,No ,None ,No ,,170° H x 160° V , 1 x DVI-D Dual Link | 1 x HDMI | 1 x VGA | 
LG 29UB67-B,LG ,29UB67-B ,"29"" ",2560 x 1080 ,75 Hz ,5 ms ,IPS ,21:9 ,,300 cd/m² ,0.265 mm ,Yes ,No ,None ,Yes ,,178° H x 178° V , 1 x DisplayPort | 1 x DVI | 2 x HDMI | 
Acer R221Q,Acer ,UM.WR1EE.001 ,"21.5"" ",1920 x 1080 ,60 Hz ,4 ms ,IPS ,16:9 ,,250 cd/m² ,0.248 mm ,Yes ,No ,None ,No ,,178° H x 178° V , 1 x DVI-D Dual Link | 1 x HDMI | 1 x VGA | 
Acer R221Q bid,Acer ,UM.WR1AA.001 ,"21.5"" ",1920 x 1080 ,60 Hz ,4 ms ,IPS ,16:9 ,,250 cd/m² ,0.248 mm ,Yes ,No ,None ,No ,,178° H x 178° V , 1 x DVI-D Dual Link | 1 x HDMI | 1 x VGA | 
Pixio PX347c Prime,Pixio ,PX347c Prime ,"34"" ",3440 x 1440 ,100 Hz ,8 ms ,VA ,21:9 ,,250 cd/m² ,0.232 mm ,Yes ,No ,FreeSync ,No ,,178° H x 178° V , 1 x DisplayPort | 1 x DVI-D Dual Link | 1 x HDMI | 
BenQ GW2470ML,BenQ , GW2470ML | 9H.LG7LA.TBE | ,"23.8"" ",1920 x 1080 ,60 Hz ,4 ms ,VA ,16:9 ,,250 cd/m² ,0.274 mm ,Yes ,No ,None ,Yes ,,178° H x 178° V , 1 x DVI | 1 x HDMI | 1 x VGA | 
Acer BM320,Acer ,BM320 bmidpphzx ,"32"" ",3840 x 2160 ,60 Hz ,5 ms ,IPS ,16:9 ,,350 cd/m² ,0.184 mm ,Yes ,No ,None ,No ,,178° H x 178° V , 1 x DisplayPort | 1 x DVI | 1 x HDMI | 
LG 32UD99-W,LG , 32UD99-W | 32UD99-W.AEU | ,"31.5"" ",3840 x 2160 ,60 Hz ,5 ms ,IPS ,16:9 ,,350 cd/m² ,0.182 mm ,Yes ,No ,FreeSync ,Yes ,,178° H x 178° V , 1 x DisplayPort | 2 x HDMI | 
AOC I2470SWQ,AOC ,I2470SWQ ,"23.8"" ",1920 x 1080 ,60 Hz ,3 ms ,IPS ,16:9 ,,250 cd/m² ,0.274 mm ,Yes ,No ,None ,Yes ,,178° H x 178° V , 1 x DisplayPort | 1 x DVI | 1 x HDMI | 1 x VGA | 
Nixeus NX-EDG27S,Nixeus ,NX-EDG27S ,"27"" ",2560 x 1440 ,144 Hz ,4 ms ,IPS ,16:9 ,,300 cd/m² ,0.233 mm ,Yes ,No ,FreeSync ,Yes ,,178° H x 178° V , 1 x DisplayPort | 1 x DVI | 2 x HDMI | 
Acer KA241 bid,Acer ,UM.FX1AA.004 ,"24"" ",1920 x 1080 ,60 Hz ,5 ms ,TN ,16:9 ,,250 cd/m² ,0.277 mm ,Yes ,No ,None ,No ,,170° H x 160° V , 1 x HDMI | 1 x VGA | 
iiyama XUB3490WQSU-B1,iiyama ,XUB3490WQSU-B1 ,"34"" ",3440 x 1440 ,60 Hz ,5 ms ,IPS ,21:9 ,,320 cd/m² ,0.232 mm ,Yes ,No ,None ,No ,,178° H x 178° V , 1 x DisplayPort | 3 x HDMI | 
LG 27MP68VQ-P,LG ,27MP68VQ-P ,"27"" ",1920 x 1080 ,60 Hz ,5 ms ,IPS ,16:9 ,,250 cd/m² ,0.311 mm ,Yes ,No ,FreeSync ,Yes ,,178° H x 178° V , 2 x HDMI | 1 x VGA | 
LG 27UD69-W,LG , 27UD69-W | 27UD69-W.AEU | ,"27"" ",3840 x 2160 ,60 Hz ,5 ms ,IPS ,16:9 ,,300 cd/m² ,0.156 mm ,Yes ,No ,FreeSync ,No ,,178° H x 178° V , 1 x DisplayPort | 2 x HDMI | 
Dell S2718D,Dell ,S2718D ,"27"" ",2560 x 1440 ,60 Hz ,6 ms ,IPS ,16:9 ,,300 cd/m² ,0.233 mm ,Yes ,No ,None ,No ,,178° H x 178° V ,1 x HDMI 
QNIX QX3228R,QNIX ,QX3228R ,"32"" ",1920 x 1080 ,144 Hz ,1 ms ,VA ,16:9 ,,250 cd/m² ,0.369 mm ,Yes ,Yes ,None ,No ,,178° H x 178° V , 1 x DisplayPort | 1 x DVI | 1 x HDMI | 
QNIX QX3218R 165 Curved Captain,QNIX ,QX3218R ,"32"" ",1920 x 1080 ,144 Hz ,1 ms ,VA ,16:9 ,White / Red ,250 cd/m² ,0.369 mm ,Yes ,Yes ,None ,No ,,178° H x 178° V , 1 x DisplayPort | 1 x DVI-D Dual Link | 1 x HDMI | 
Acer CB351C bmidphzx,Acer ,CB351C bmidphzx ,"35"" ",2560 x 1080 ,60 Hz ,4 ms ,VA ,21:9 ,,300 cd/m² ,0.32 mm ,Yes ,No ,None ,Yes ,,178° H x 178° V , 1 x DisplayPort | 1 x DVI | 1 x HDMI | 
Acer ET241Y Abmir,Acer , ET241Y Abmir | UM.QE1AA.A01 | ,"23.8"" ",1920 x 1080 ,60 Hz ,4 ms ,IPS ,16:9 ,,250 cd/m² ,0.274 mm ,Yes ,No ,None ,Yes ,,178° H x 178° V , 1 x HDMI | 1 x VGA | 
Dell UP2718Q,Dell ,UP2718Q ,"27"" ",3840 x 2160 ,60 Hz ,4 ms ,IPS ,16:9 ,,400 cd/m² ,0.156 mm ,Yes ,No ,None ,No ,,178° H x 178° V , 1 x DisplayPort | 1 x Mini-DisplayPort | 2 x HDMI | 
AOC I2280SWD,AOC ,I2280SWD ,"21.5"" ",1920 x 1080 ,60 Hz ,6 ms ,IPS ,16:9 ,,250 cd/m² ,0.248 mm ,Yes ,No ,None ,No ,,178° H x 178° V , 1 x DVI | 1 x VGA | 
Acer ED322Q wmidx,Acer ,ED322Q wmidx ,"31.5"" ",1920 x 1080 ,60 Hz ,4 ms ,VA ,16:9 ,,250 cd/m² ,0.363 mm ,Yes ,Yes ,None ,No ,,178° H x 178° V , 1 x DVI | 1 x HDMI | 1 x VGA | 
LG 27UD69P-W,LG ,27UD69P-W ,"27"" ",3840 x 2160 ,60 Hz ,5 ms ,IPS ,16:9 ,,300 cd/m² ,0.156 mm ,Yes ,No ,FreeSync ,No ,,178° H x 178° V ,2 x HDMI 
Acer Predator Z301CT,Acer , UM.CZ1EE.T01 | Predator Z301CT | Z301CT bmiphzx | UM.CZ1AA.T01 | ,"29.5"" ",2560 x 1080 ,200 Hz ,4 ms ,VA ,21:9 ,Black / Red ,300 cd/m² ,0.27 mm ,Yes ,Yes ,G-Sync ,Yes ,,178° H x 178° V , 1 x DisplayPort | 1 x HDMI | 
LG 38CB99-W,LG ,38CB99-W ,"38"" ",3840 x 1600 ,75 Hz ,5 ms ,IPS ,12:5 ,White ,300 cd/m² ,0.232 mm ,Yes ,Yes ,FreeSync ,Yes ,,178° H x 178° V , 1 x DisplayPort | 2 x HDMI | 
Samsung UH750,Samsung ,LU32H750UMNXZA ,"31.5"" ",3840 x 2160 ,60 Hz ,4 ms ,,16:9 ,Black / Silver ,250 cd/m² ,0.182 mm ,Yes ,No ,None ,No ,,178° H x 178° V , 1 x DisplayPort | 1 x Mini-DisplayPort | 2 x HDMI | 
AOC I2781FH,AOC ,I2781FH ,"27"" ",1920 x 1080 ,60 Hz ,5 ms ,IPS ,16:9 ,Black ,250 cd/m² ,0.311 mm ,Yes ,No ,None ,Yes ,,178° H x 178° V , 2 x HDMI | 1 x VGA | 
LG 32UD89-W,LG , 32UD89-W | 32UD89 | ,"31.5"" ",3840 x 2160 ,60 Hz ,5 ms ,IPS ,16:9 ,White ,350 cd/m² ,0.182 mm ,Yes ,No ,FreeSync ,Yes ,,178° H x 178° V , 1 x DisplayPort | 2 x HDMI | 
LG 32UD60-B,LG ,32UD60-B ,"32"" ",3840 x 2160 ,60 Hz ,4 ms ,VA ,16:9 ,Black ,300 cd/m² ,0.184 mm ,Yes ,No ,FreeSync ,Yes ,,178° H x 178° V , 1 x DisplayPort | 1 x HDMI | 
iiyama Prolite B2280HS,iiyama ,B2280HS-B1 ,"22"" ",1920 x 1080 ,60 Hz ,5 ms ,TN ,16:9 ,,250 cd/m² ,0.254 mm ,Yes ,No ,None ,Yes ,,170° H x 160° V , 1 x DVI | 1 x HDMI | 1 x VGA | 
iiyama Prolite B2780HSU-B1,iiyama ,B2780HSU-B1 ,"27"" ",1920 x 1080 ,60 Hz ,1 ms ,TN ,16:9 ,,300 cd/m² ,0.311 mm ,Yes ,No ,None ,Yes ,,170° H x 160° V , 1 x DVI | 1 x HDMI | 1 x VGA | 
AOC E2470SWDA,AOC ,E2470SWDA ,"23.6"" ",1920 x 1080 ,60 Hz ,5 ms ,TN ,16:9 ,,250 cd/m² ,0.272 mm ,Yes ,No ,None ,Yes ,,170° H x 160° V , 1 x DVI | 1 x VGA | 
iiyama Prolite E2480HS-B1,iiyama ,E2480HS-B1 ,"23.6"" ",1920 x 1080 ,60 Hz ,2 ms ,TN ,16:9 ,,300 cd/m² ,0.272 mm ,Yes ,No ,None ,Yes ,,170° H x 160° V , 1 x DVI | 1 x HDMI | 
AOC E2770She,AOC ,E2770SHe ,"27"" ",1920 x 1080 ,60 Hz ,2 ms ,TN ,16:9 ,,250 cd/m² ,0.311 mm ,Yes ,No ,None ,Yes ,,170° H x 160° V , 2 x HDMI | 1 x VGA | 
iiyama G-MASTER GOLD PHOENIX,iiyama ,GB2888UHSU-B1 ,"28"" ",3840 x 2160 ,60 Hz ,1 ms ,TN ,16:9 ,Black ,300 cd/m² ,0.161 mm ,Yes ,No ,FreeSync ,Yes ,,170° H x 160° V , 1 x DisplayPort | 3 x HDMI | 1 x VGA | 
AOC I2470PWQU,AOC ,I2470PWQU ,"23.8"" ",1920 x 1080 ,60 Hz ,5 ms ,IPS ,16:9 ,,250 cd/m² ,0.274 mm ,Yes ,No ,None ,Yes ,,178° H x 178° V , 1 x DisplayPort | 1 x DVI | 1 x HDMI | 1 x VGA | 
iiyama Prolite GB2773HS-GB1,iiyama ,PL G2773HS-GB1 ,"27"" ",1920 x 1080 ,144 Hz ,1 ms ,TN ,16:9 ,,300 cd/m² ,0.311 mm ,Yes ,No ,None ,Yes ,,170° H x 160° V , 1 x DVI | 1 x HDMI | 1 x VGA | 
AOC U3277FWQ,AOC ,U3277FWQ ,"31.5"" ",3840 x 2160 ,60 Hz ,4 ms ,VA ,16:9 ,,350 cd/m² ,0.182 mm ,Yes ,No ,None ,Yes ,,178° H x 178° V , 1 x DisplayPort | 1 x DVI | 1 x HDMI | 
AOC U3277PQU,AOC ,U3277PQU ,"31.5"" ",3840 x 2160 ,60 Hz ,4 ms ,IPS ,16:9 ,,350 cd/m² ,0.182 mm ,Yes ,No ,None ,Yes ,,178° H x 178° V , 1 x DisplayPort | 1 x DVI | 1 x HDMI | 1 x VGA | 
BenQ VZ2770H,BenQ ,VZ2770H ,"27"" ",1920 x 1080 ,60 Hz ,4 ms ,VA ,16:9 ,,300 cd/m² ,0.311 mm ,Yes ,No ,None ,No ,,178° H x 178° V , 2 x HDMI | 1 x VGA | 
iiyama Prolite XB2485WSU-B3,iiyama ,XB2485WSU-B3 ,"24.1"" ",1920 x 1200 ,60 Hz ,4 ms ,IPS ,16:10 ,,250 cd/m² ,0.27 mm ,Yes ,No ,None ,Yes ,,178° H x 178° V , 1 x DisplayPort | 1 x DVI | 1 x VGA | 
VIOTEK GN27D,VIOTEK ,GN27D ,"27"" ",2560 x 1440 ,144 Hz ,5 ms ,VA ,16:9 ,Black ,,0.233 mm ,Yes ,Yes ,FreeSync ,No ,,178° H x 178° V , 1 x DisplayPort | 2 x HDMI | 
AOC Q3279VWF,AOC ,Q3279VWF ,"31.5"" ",2560 x 1440 ,75 Hz ,5 ms ,VA ,16:9 ,Black ,250 cd/m² ,0.272 mm ,Yes ,No ,FreeSync ,No ,,178° H x 178° V , 1 x DisplayPort | 1 x DVI-D Dual Link | 1 x HDMI | 1 x VGA | 
HP 23BW,HP ,23BW ,"23"" ",1920 x 1080 ,60 Hz ,7 ms ,IPS ,16:9 ,,250 cd/m² ,0.265 mm ,Yes ,No ,None ,No ,,178° H x 178° V , 1 x DVI | 1 x HDMI | 1 x VGA | 
LG 34WK650-W,LG , 34WK650-W | 34WK650-W.AEU | ,"34"" ",2560 x 1080 ,60 Hz ,5 ms ,IPS ,21:9 ,,300 cd/m² ,0.311 mm ,Yes ,No ,FreeSync ,Yes ,,178° H x 178° V , 1 x DisplayPort | 2 x HDMI | 
LG 27UD60-B,LG ,27UD60-B ,"27"" ",3840 x 2160 ,60 Hz ,5 ms ,IPS ,16:9 ,Black ,250 cd/m² ,0.156 mm ,Yes ,No ,FreeSync ,No ,,178° H x 178° V , 1 x DisplayPort | 2 x HDMI | 
Acer CB271HU bmidprx,Acer , CB271HU bmidprx | UM.HB1EE.005 | ,"27"" ",2560 x 1440 ,60 Hz ,4 ms ,IPS ,16:9 ,,350 cd/m² ,0.233 mm ,Yes ,No ,None ,Yes ,,178° H x 178° V , 1 x DisplayPort | 1 x DVI | 1 x HDMI | 
AOC AG271UG,AOC ,AG271UG ,"27"" ",3840 x 2160 ,60 Hz ,4 ms ,IPS ,16:9 ,,300 cd/m² ,0.156 mm ,Yes ,No ,G-Sync ,Yes ,,178° H x 178° V , 1 x DisplayPort | 1 x HDMI | 
iiyama B2783QSU-B1,iiyama ,B2783QSU-B1 ,"27"" ",2560 x 1440 ,70 Hz ,1 ms ,TN ,16:9 ,,350 cd/m² ,0.233 mm ,Yes ,No ,FreeSync ,Yes ,,170° H x 160° V , 1 x DisplayPort | 1 x DVI | 1 x HDMI | 
Acer ET322QK wmiipx,Acer ,UM.JE2AA.003 ,"31.5"" ",3840 x 2160 ,60 Hz ,4 ms ,VA ,16:9 ,White ,300 cd/m² ,0.182 mm ,Yes ,No ,FreeSync ,Yes ,,178° H x 178° V , 1 x DisplayPort | 1 x HDMI | 
Acer Predator X27 bmiiphzx,Acer , X27 bmiiphzx | UM.HX0AA.004 | ,"27"" ",3840 x 2160 ,144 Hz ,4 ms ,IPS ,16:9 ,Black ,1000 cd/m² ,0.156 mm ,Yes ,No ,G-Sync Ultimate ,No ,,178° H x 178° V , 1 x DisplayPort | 1 x HDMI | 
Philips 221E1HSB/69,Philips ,221E1HSB/69 ,"21.6"" ",1920 x 1080 ,60 Hz ,5 ms ,TN ,16:9 ,,300 cd/m² ,0.249 mm ,Yes ,No ,None ,No ,,170° H x 160° V , 1 x HDMI | 1 x VGA | 
AOC I2381FH,AOC ,I2381FH ,"23"" ",1920 x 1080 ,60 Hz ,4 ms ,IPS ,16:9 ,,250 cd/m² ,0.265 mm ,Yes ,No ,None ,Yes ,,178° H x 178° V , 1 x HDMI | 1 x VGA | 
AOC I2281FWH,AOC ,I2281FWH ,"21.5"" ",1920 x 1080 ,60 Hz ,4 ms ,IPS ,16:9 ,,250 cd/m² ,0.248 mm ,Yes ,No ,None ,Yes ,,178° H x 178° V , 1 x HDMI | 1 x VGA | 
AOC PDS241,AOC ,PDS241 ,"23.8"" ",1920 x 1080 ,60 Hz ,4 ms ,IPS ,16:9 ,,250 cd/m² ,0.274 mm ,Yes ,No ,None ,No ,,178° H x 178° V ,1 x HDMI 
AOC PDS271,AOC ,PDS271 ,"27"" ",1920 x 1080 ,60 Hz ,4 ms ,IPS ,16:9 ,,250 cd/m² ,0.311 mm ,Yes ,No ,None ,No ,,178° H x 178° V ,1 x HDMI 
HP 2MW70A6#ABA,HP ,2MW70A6#ABA ,"27"" ",1920 x 1080 ,60 Hz ,5 ms ,IPS ,16:9 ,,250 cd/m² ,0.311 mm ,Yes ,No ,None ,No ,,178° H x 178° V , 1 x HDMI | 1 x VGA | 
AOC AG322FCX,AOC ,AG322FCX ,"31.5"" ",1920 x 1080 ,144 Hz ,4 ms ,VA ,16:9 ,Black / Silver ,250 cd/m² ,0.363 mm ,Yes ,No ,FreeSync ,No ,,178° H x 178° V , 1 x DisplayPort | 1 x DVI-D Dual Link | 1 x HDMI | 1 x VGA | 
LG 38WK95C-W,LG , 38WK95C-W | 38WK95C-W.AEU | ,"37.5"" ",3840 x 1600 ,60 Hz ,5 ms ,IPS ,12:5 ,,300 cd/m² ,0.229 mm ,Yes ,Yes ,FreeSync ,Yes ,,178° H x 178° V , 1 x DisplayPort | 2 x HDMI | 
Acer H277HK smidppx,Acer ,H277HK smidppx ,"27"" ",3840 x 2160 ,60 Hz ,4 ms ,IPS ,16:9 ,,350 cd/m² ,0.156 mm ,Yes ,No ,None ,Yes ,,178° H x 178° V , 1 x DisplayPort | 1 x Mini-DisplayPort | 1 x DVI | 1 x HDMI | 
iiyama E2473HS-GB1,iiyama ,E2473HS-GB1 ,"23.6"" ",1920 x 1080 ,60 Hz ,2 ms ,TN ,16:9 ,Black ,300 cd/m² ,0.272 mm ,Yes ,No ,None ,Yes ,,170° H x 160° V , 1 x DVI | 2 x HDMI | 1 x VGA | 
Philips 236V4LHAB,Philips ,236V4LHAB ,"23"" ",1920 x 1080 ,60 Hz ,5 ms ,TN ,16:9 ,,250 cd/m² ,0.265 mm ,Yes ,No ,None ,Yes ,,170° H x 160° V , 1 x HDMI | 1 x VGA | 
LG 34UC80-B,LG ,34UC80-B ,"34"" ",3440 x 1440 ,60 Hz ,5 ms ,IPS ,21:9 ,,300 cd/m² ,0.232 mm ,Yes ,Yes ,None ,No ,,178° H x 178° V , 1 x DisplayPort | 2 x HDMI | 
Acer KG251Q bmiix,Acer ,KG251Q bmiix ,"24.5"" ",1920 x 1080 ,75 Hz ,1 ms ,TN ,16:9 ,Black ,250 cd/m² ,0.282 mm ,Yes ,No ,FreeSync ,Yes ,,170° H x 160° V , 2 x HDMI | 1 x VGA | 
Monoprice 127772,Monoprice ,127772 ,"32"" ",3840 x 2160 ,60 Hz ,2 ms ,IPS ,16:9 ,,250 cd/m² ,0.184 mm ,Yes ,No ,FreeSync ,No ,,178° H x 178° V , 2 x DisplayPort | 2 x HDMI | 
ViewSonic VP2468,ViewSonic ,VP2468 ,"23.8"" ",1920 x 1080 ,60 Hz ,7 ms ,IPS ,16:9 ,Black ,250 cd/m² ,0.274 mm ,Yes ,No ,None ,No ,,178° H x 178° V , 2 x DisplayPort | 1 x Mini-DisplayPort | 2 x HDMI | 
ViewSonic VP2768,ViewSonic ,VP2768 ,"27"" ",2560 x 1440 ,60 Hz ,14 ms ,IPS ,16:9 ,Black ,350 cd/m² ,0.233 mm ,Yes ,No ,None ,No ,,178° H x 178° V , 1 x DisplayPort | 1 x Mini-DisplayPort | 2 x HDMI | 
ViewSonic VP3268-4K,ViewSonic ,VP3268-4K ,"31.5"" ",3840 x 2160 ,60 Hz ,7 ms ,IPS ,16:9 ,Black ,350 cd/m² ,0.182 mm ,Yes ,No ,None ,Yes ,,178° H x 178° V , 1 x DisplayPort | 1 x Mini-DisplayPort | 2 x HDMI | 
Acer EB321HQU Awidpx,Acer ,EB321HQU Awidpx ,"31.5"" ",2560 x 1440 ,60 Hz ,4 ms ,IPS ,16:9 ,White ,300 cd/m² ,0.272 mm ,Yes ,No ,None ,No ,,178° H x 178° V , 1 x DVI-D Dual Link | 1 x HDMI | 
BenQ EW277HDR,BenQ ,EW277HDR ,"27"" ",1920 x 1080 ,60 Hz ,4 ms ,VA ,16:9 ,Black ,300 cd/m² ,0.311 mm ,Yes ,No ,None ,Yes ,,178° H x 178° V , 2 x HDMI | 1 x VGA | 
Samsung LC32JG50QQNZA,Samsung ,LC32JG50QQNZA ,"32"" ",2560 x 1440 ,144 Hz ,4 ms ,VA ,16:9 ,Blue / Gray ,300 cd/m² ,0.277 mm ,Yes ,Yes ,None ,No ,,178° H x 178° V , 1 x DisplayPort | 2 x HDMI | 
Philips 326M6FJSB,Philips ,326M6FJSB ,"31.5"" ",2560 x 1440 ,60 Hz ,5 ms ,IPS ,16:9 ,,250 cd/m² ,0.272 mm ,Yes ,No ,FreeSync ,No ,,178° H x 178° V , 1 x DisplayPort | 2 x HDMI | 1 x VGA | 
Monoprice 124658,Monoprice ,124658 ,"27"" ",3840 x 2160 ,60 Hz ,,IPS ,16:9 ,Silver ,,0.156 mm ,Yes ,No ,FreeSync ,No ,,178° H x 178° V , 2 x DisplayPort | 2 x HDMI | 
AOC AG322QC4,AOC ,AG322QC4 ,"31.5"" ",2560 x 1440 ,144 Hz ,4 ms ,VA ,16:9 ,Black ,400 cd/m² ,0.272 mm ,Yes ,Yes ,FreeSync ,Yes ,,178° H x 178° V , 2 x DisplayPort | 2 x HDMI | 1 x VGA | 
Dell S2719DM,Dell , S2719DM | 210-AORM | ,"27"" ",2560 x 1440 ,60 Hz ,5 ms ,IPS ,16:9 ,Silver ,400 cd/m² ,0.233 mm ,Yes ,No ,FreeSync ,No ,,178° H x 178° V ,2 x HDMI 
Acer GF276 Abmipx,Acer ,GF276 Abmipx ,"27"" ",1920 x 1080 ,75 Hz ,1 ms ,TN ,16:9 ,Black / Red ,250 cd/m² ,0.311 mm ,Yes ,No ,FreeSync ,Yes ,,170° H x 160° V , 1 x DisplayPort | 1 x HDMI | 1 x VGA | 
Acer ET322QU,Acer ,UM.JE2AA.005 ,"31.5"" ",2560 x 1440 ,75 Hz ,4 ms ,IPS ,16:9 ,Black / Silver ,250 cd/m² ,0.272 mm ,Yes ,No ,FreeSync ,Yes ,,178° H x 178° V , 1 x DisplayPort | 1 x HDMI | 1 x VGA | 
AOC 24V2H,AOC ,24V2H ,"23.8"" ",1920 x 1080 ,75 Hz ,5 ms ,IPS ,16:9 ,Black ,250 cd/m² ,0.274 mm ,Yes ,No ,FreeSync ,No ,,178° H x 178° V , 1 x HDMI | 1 x VGA | 
AOC 27V2H,AOC ,27V2H ,"27"" ",1920 x 1080 ,75 Hz ,5 ms ,IPS ,16:9 ,Black ,250 cd/m² ,0.311 mm ,Yes ,No ,FreeSync ,No ,,178° H x 178° V , 1 x HDMI | 1 x VGA | 
Samsung T190GN,Samsung ,T190GN ,"19"" ",1440 x 900 ,60 Hz ,2 ms ,TN ,16:10 ,,,0.284 mm ,Yes ,No ,None ,No ,,170° H x 160° V ,1 x VGA 
Crossover 34U100,Crossover ,34U100 ,"34"" ",3440 x 1440 ,100 Hz ,3 ms ,PVA ,21:9 ,Silver ,300 cd/m² ,0.232 mm ,Yes ,Yes ,FreeSync ,No ,,178° H x 178° V , 1 x DisplayPort | 1 x DVI | 1 x HDMI | 
Monoprice 33821,Monoprice ,33821 ,"32"" ",2560 x 1440 ,144 Hz ,,VA ,16:9 ,Silver ,,0.277 mm ,Yes ,Yes ,FreeSync ,No ,,178° H x 178° V , 1 x DisplayPort | 1 x Mini-DisplayPort | 2 x HDMI | 
Dell P3418HW,Dell , P3418HW | YY1JY | 210-ANYJ | ,"34"" ",2560 x 1080 ,60 Hz ,5 ms ,IPS ,21:9 ,Black / Silver ,300 cd/m² ,0.311 mm ,Yes ,Yes ,None ,Yes ,,178° H x 178° V , 1 x DisplayPort | 1 x Mini-DisplayPort | 2 x HDMI | 
Dell IN1910N,Dell ,IN1910N ,"18.5"" ",1366 x 768 ,60 Hz ,,TN ,16:9 ,Black ,250 cd/m² ,0.3 mm ,Yes ,No ,None ,No ,,160° H x 160° V ,1 x VGA 
Dell E2318HN,Dell ,E2318HN ,"23"" ",1920 x 1080 ,60 Hz ,5 ms ,IPS ,16:9 ,Black ,250 cd/m² ,0.265 mm ,Yes ,No ,None ,No ,,178° H x 178° V , 1 x HDMI | 1 x VGA | 
Dell P2419HC,Dell , P2419HC | DELL-P2419HC | 210-AQGQ | ,"23.8"" ",1920 x 1080 ,60 Hz ,5 ms ,IPS ,16:9 ,Silver / Black ,250 cd/m² ,0.274 mm ,Yes ,No ,None ,No ,,178° H x 178° V , 1 x DisplayPort | 1 x HDMI | 
Dell S2419HN,Dell ,S2419HN ,"23.8"" ",1920 x 1080 ,60 Hz ,5 ms ,IPS ,16:9 ,Silver / Black ,250 cd/m² ,0.274 mm ,Yes ,No ,None ,Yes ,,178° H x 178° V ,2 x HDMI 
Asus VA279HAEL,Asus ,VA279HAEL ,"27"" ",1920 x 1080 ,60 Hz ,6 ms ,VA ,16:9 ,Black ,300 cd/m² ,0.311 mm ,Yes ,No ,None ,No ,,178° H x 178° V , 1 x HDMI | 1 x VGA | 
Asus VP248QGL,Asus ,VP248QGL ,"24"" ",1920 x 1080 ,75 Hz ,1 ms ,TN ,16:9 ,Black ,250 cd/m² ,0.277 mm ,Yes ,No ,FreeSync ,No ,,170° H x 160° V , 1 x DisplayPort | 1 x HDMI | 1 x VGA | 
Asus C623AQH,Asus ,C623AQH ,"23"" ",1920 x 1080 ,60 Hz ,5 ms ,IPS ,16:9 ,Black ,250 cd/m² ,0.265 mm ,Yes ,No ,None ,Yes ,,178° H x 178° V , 1 x DisplayPort | 1 x DVI | 1 x HDMI | 1 x VGA | 
Asus Designo MZ279HL,Asus ,MZ279HL ,"27"" ",1920 x 1080 ,75 Hz ,5 ms ,IPS ,16:9 ,Silver ,250 cd/m² ,0.311 mm ,Yes ,No ,FreeSync ,Yes ,,178° H x 178° V , 2 x HDMI | 1 x VGA | 
Asus C624BQH,Asus ,C624BQH ,"24.1"" ",1920 x 1200 ,60 Hz ,5 ms ,IPS ,16:10 ,Black ,300 cd/m² ,0.27 mm ,Yes ,No ,None ,Yes ,,178° H x 178° V , 1 x DisplayPort | 1 x DVI | 1 x HDMI | 1 x VGA | 
Acer V227Q bi,Acer ,UM.WV7AA.001 ,"21.5"" ",1920 x 1080 ,75 Hz ,4 ms ,IPS ,16:9 ,Black ,250 cd/m² ,0.248 mm ,Yes ,No ,None ,No ,,178° H x 178° V , 1 x HDMI | 1 x VGA | 
ViewSonic XG2730,ViewSonic ,XG2730 ,"27"" ",2560 x 1440 ,144 Hz ,1 ms ,TN ,16:9 ,,350 cd/m² ,0.233 mm ,Yes ,No ,FreeSync ,Yes ,,170° H x 160° V , 1 x DisplayPort | 2 x HDMI | 
MSI Oculux NXG251R,MSI ,Oculux NXG251R ,"24.5"" ",1920 x 1080 ,240 Hz ,1 ms ,TN ,16:9 ,Black ,,0.282 mm ,Yes ,No ,G-Sync ,No ,,170° H x 160° V , 1 x DisplayPort | 1 x HDMI | 
VIOTEK GN32DR,VIOTEK ,GN32DR ,"31.5"" ",2560 x 1440 ,144 Hz ,3 ms ,VA ,16:9 ,Black / Red ,280 cd/m² ,0.272 mm ,Yes ,Yes ,FreeSync ,No ,,178° H x 178° V , 1 x DisplayPort | 1 x DVI | 1 x HDMI | 
VIOTEK GN27DW,VIOTEK ,GN27DW ,"27"" ",2560 x 1440 ,144 Hz ,5 ms ,VA ,16:9 ,White / Silver ,,0.233 mm ,Yes ,Yes ,FreeSync ,No ,,178° H x 178° V , 1 x DisplayPort | 2 x HDMI | 
VIOTEK NB24CB,VIOTEK ,NB24CB ,"24"" ",1920 x 1080 ,75 Hz ,5 ms ,VA ,16:9 ,Black ,,0.277 mm ,Yes ,Yes ,FreeSync ,Yes ,,178° H x 178° V , 1 x HDMI | 1 x VGA | 
VIOTEK SUW49C,VIOTEK ,SUW49C ,"49"" ",3840 x 1080 ,144 Hz ,4 ms ,VA ,32:9 ,Black ,,0.312 mm ,Yes ,Yes ,FreeSync ,Yes ,,178° H x 178° V , 1 x DisplayPort | 1 x DVI | 3 x HDMI | 
VIOTEK GN34CW,VIOTEK ,GN34CW ,"34"" ",3440 x 1440 ,100 Hz ,4 ms ,VA ,21:9 ,White / Silver ,,0.232 mm ,Yes ,Yes ,FreeSync ,No ,,178° H x 178° V , 1 x DisplayPort | 1 x DVI | 1 x HDMI | 
VIOTEK GN32DB,VIOTEK ,GN32DB ,"32"" ",2560 x 1440 ,144 Hz ,4 ms ,VA ,16:9 ,Black ,,0.277 mm ,Yes ,Yes ,FreeSync ,No ,,178° H x 178° V , 1 x DisplayPort | 1 x DVI | 1 x HDMI | 
VIOTEK GN30CB,VIOTEK ,GN30CB ,"30"" ",2560 x 1080 ,75 Hz ,8 ms ,VA ,21:9 ,Black / Red ,,0.274 mm ,Yes ,Yes ,FreeSync ,No ,,178° H x 178° V , 1 x DisplayPort | 1 x DVI | 1 x HDMI | 
MSI Optix MPG27CQ,MSI , Optix MPG27CQ | 9S6-3FA31T-003 | ,"27"" ",2560 x 1440 ,144 Hz ,1 ms ,VA ,16:9 ,Black / Red ,400 cd/m² ,0.233 mm ,Yes ,Yes ,FreeSync ,No ,,178° H x 178° V , 1 x DisplayPort | 2 x HDMI | 
Nixeus NX-EDG27S v2,Nixeus ,NX-EDG27S v2 ,"27"" ",2560 x 1440 ,144 Hz ,4 ms ,AHVA ,16:9 ,Black ,300 cd/m² ,0.233 mm ,Yes ,No ,FreeSync ,Yes ,,178° H x 178° V , 2 x DisplayPort | 2 x HDMI | 
Acer B247W bmiprzx,Acer ,B247W bmiprzx ,"23.8"" ",1920 x 1200 ,75 Hz ,4 ms ,IPS ,16:10 ,Black ,300 cd/m² ,0.267 mm ,Yes ,No ,None ,Yes ,,178° H x 178° V , 1 x DisplayPort | 1 x HDMI | 1 x VGA | 
Acer KG270 biix,Acer ,KG270 biix ,"27"" ",1920 x 1080 ,75 Hz ,1 ms ,TN ,16:9 ,Black ,,0.311 mm ,Yes ,No ,FreeSync ,No ,,170° H x 160° V , 2 x HDMI | 1 x VGA | 
Monoprice 131005,Monoprice , 131005 | 31005 | ,"35"" ",3440 x 1440 ,100 Hz ,5 ms ,VA ,21:9 ,Black ,300 cd/m² ,0.238 mm ,Yes ,Yes ,FreeSync ,Yes ,,178° H x 178° V , 1 x DisplayPort | 3 x HDMI | 
Philips 322M7C/75,Philips ,322M7C/75 ,"31.5"" ",1920 x 1080 ,144 Hz ,1 ms ,VA ,16:9 ,Black ,250 cd/m² ,0.363 mm ,Yes ,Yes ,FreeSync ,No ,,178° H x 178° V , 1 x DisplayPort | 1 x HDMI | 1 x VGA | 
Dell U2719DX,Dell ,U2719DX ,"27"" ",2560 x 1440 ,60 Hz ,5 ms ,IPS ,16:9 ,Silver ,350 cd/m² ,0.233 mm ,Yes ,No ,None ,No ,,178° H x 178° V , 1 x DisplayPort | 1 x HDMI | 
Mbest MB279QR144,Mbest ,MB279QR144 ,"27"" ",2560 x 1440 ,144 Hz ,3 ms ,VA ,16:9 ,Black ,350 cd/m² ,0.233 mm ,Yes ,No ,FreeSync ,Yes ,,178° H x 178° V ,1 x DisplayPort 
AOC 27E1H,AOC ,27E1H ,"27"" ",1920 x 1080 ,60 Hz ,5 ms ,IPS ,16:9 ,Black ,250 cd/m² ,0.311 mm ,Yes ,No ,None ,No ,,178° H x 178° V , 1 x HDMI | 1 x VGA | 
HP 1CA86AA#ABB,HP ,1CA86AA#ABB ,"23.8"" ",1920 x 1080 ,60 Hz ,5 ms ,IPS ,16:9 ,,250 cd/m² ,0.274 mm ,Yes ,No ,None ,No ,,178° H x 178° V , 1 x HDMI | 1 x VGA | 
Samsung C32JG50,Samsung ,C32JG50 ,"32"" ",2560 x 1440 ,144 Hz ,4 ms ,VA ,16:9 ,Black ,300 cd/m² ,0.277 mm ,Yes ,Yes ,None ,No ,,178° H x 178° V , 1 x DisplayPort | 2 x HDMI | 
BenQ BL2780,BenQ ,BL2780 ,"27"" ",1920 x 1080 ,60 Hz ,5 ms ,IPS ,16:9 ,Black ,250 cd/m² ,0.311 mm ,Yes ,No ,None ,Yes ,,178° H x 178° V , 1 x HDMI | 1 x VGA | 
BenQ ZOWIE RL2455TS,BenQ ,RL2455TS ,"24"" ",1920 x 1080 ,75 Hz ,1 ms ,TN ,16:9 ,Black ,250 cd/m² ,0.277 mm ,Yes ,No ,None ,Yes ,,170° H x 160° V , 1 x DVI | 2 x HDMI | 1 x VGA | 
BenQ BL2381T,BenQ ,BL2381T ,"22.5"" ",1920 x 1200 ,76 Hz ,5 ms ,IPS ,16:10 ,Black ,250 cd/m² ,0.252 mm ,Yes ,No ,None ,Yes ,,178° H x 178° V , 1 x DisplayPort | 1 x DVI | 1 x HDMI | 1 x VGA | 
BenQ PD2720U,BenQ , PD2720U | 9H.LHKLA.TBE | ,"27"" ",3840 x 2160 ,60 Hz ,5 ms ,IPS ,16:9 ,Black ,350 cd/m² ,0.156 mm ,Yes ,No ,None ,Yes ,,178° H x 178° V , 1 x DisplayPort | 2 x HDMI | 
BenQ RL2460S,BenQ ,RL2460S ,"24"" ",1920 x 1080 ,75 Hz ,1 ms ,TN ,16:9 ,Black ,250 cd/m² ,0.277 mm ,Yes ,No ,None ,Yes ,,170° H x 160° V , 1 x DVI | 2 x HDMI | 1 x VGA | 
BenQ BL2581T,BenQ ,BL2581T ,"25"" ",1920 x 1200 ,60 Hz ,5 ms ,IPS ,16:10 ,Black ,300 cd/m² ,0.28 mm ,Yes ,No ,None ,Yes ,,178° H x 178° V , 1 x DisplayPort | 1 x HDMI | 
Monoprice 138035,Monoprice ,138035 ,"35"" ",3440 x 1440 ,120 Hz ,4 ms ,VA ,21:9 ,Black ,300 cd/m² ,0.238 mm ,Yes ,Yes ,FreeSync ,No ,,178° H x 178° V , 1 x DisplayPort | 3 x HDMI | 
Acer B276HL,Acer , UM.HB6AA.C05 | B276HL Cymiprx | ,"27"" ",1920 x 1080 ,60 Hz ,5 ms ,VA ,16:9 ,Black ,300 cd/m² ,0.311 mm ,Yes ,No ,None ,Yes ,,178° H x 178° V , 1 x DisplayPort | 1 x HDMI | 1 x VGA | 
Acer H277HK smipuz,Acer , UM.HH7AA.008 | H277HK smipuz | ,"27"" ",3840 x 2160 ,60 Hz ,4 ms ,IPS ,16:9 ,Silver ,350 cd/m² ,0.156 mm ,Yes ,No ,None ,Yes ,,178° H x 178° V , 1 x DisplayPort | 1 x HDMI | 
Acer VA270H,Acer ,UM.HV0AA.003 ,"27"" ",1920 x 1080 ,60 Hz ,5 ms ,VA ,16:9 ,Black ,300 cd/m² ,0.311 mm ,Yes ,No ,None ,No ,,178° H x 178° V , 1 x HDMI | 1 x VGA | 
Acer V276HL,Acer ,UM.HV6AA.C02 ,"27"" ",1920 x 1080 ,60 Hz ,5 ms ,VA ,16:9 ,Black ,300 cd/m² ,0.311 mm ,Yes ,No ,None ,Yes ,,178° H x 178° V , 1 x DVI | 1 x HDMI | 1 x VGA | 
Acer V206WQL b,Acer ,UM.IV6AA.004 ,"19.5"" ",1440 x 900 ,60 Hz ,5 ms ,IPS ,16:10 ,Black ,250 cd/m² ,0.292 mm ,Yes ,No ,None ,No ,,178° H x 178° V ,1 x VGA 
Acer XF250Q Bbmiiprx,Acer ,UM.KX0AA.B01 ,"24.5"" ",1920 x 1080 ,144 Hz ,1 ms ,TN ,16:9 ,Black ,400 cd/m² ,0.282 mm ,Yes ,No ,FreeSync ,Yes ,,170° H x 160° V , 1 x DisplayPort | 2 x HDMI | 
Acer CB281HK,Acer ,UM.PB1AA.A01 ,"28"" ",3840 x 2160 ,60 Hz ,1 ms ,TN ,16:9 ,Black ,300 cd/m² ,0.161 mm ,Yes ,No ,FreeSync ,Yes ,,170° H x 160° V , 1 x DisplayPort | 2 x HDMI | 
Acer B247Y bmiprczx bmiprczx,Acer ,UM.QB7AA.002 ,"23.8"" ",1920 x 1080 ,75 Hz ,4 ms ,IPS ,16:9 ,Black ,250 cd/m² ,0.274 mm ,Yes ,No ,FreeSync ,Yes ,,178° H x 178° V , 1 x DisplayPort | 1 x HDMI | 1 x VGA | 
Acer B226HQL ymiprx,Acer ,UM.WB6AA.003 ,"21.5"" ",1920 x 1080 ,60 Hz ,5 ms ,TN ,16:9 ,Black ,250 cd/m² ,0.248 mm ,Yes ,No ,None ,Yes ,,170° H x 160° V , 1 x DisplayPort | 1 x HDMI | 1 x VGA | 
Acer  V276HL Cbmd,Acer , V276HL Cbmd(UM.HV6AA.C01) | UM.HV6AA.C01 | ,"27"" ",1920 x 1080 ,60 Hz ,5 ms ,VA ,16:9 ,Black ,300 cd/m² ,0.311 mm ,Yes ,No ,None ,Yes ,,178° H x 178° V , 1 x DVI | 1 x VGA | 
Acer B196L Aymdr,Acer ,UM.CB6AA.A02 ,"19"" ",1280 x 1024 ,60 Hz ,5 ms ,IPS ,5:4 ,Black ,250 cd/m² ,0.294 mm ,No ,No ,None ,Yes ,,178° H x 178° V , 1 x DVI | 1 x VGA | 
Acer V196L Bbmd,Acer ,UM.CV6AA.B01 ,"19"" ",1280 x 1024 ,60 Hz ,5 ms ,IPS ,5:4 ,Blue ,250 cd/m² ,0.294 mm ,No ,No ,None ,Yes ,,178° H x 178° V , 1 x DVI | 1 x VGA | 
Acer K222HQL bid,Acer ,UM.WX3AA.004 ,"21.5"" ",1920 x 1080 ,60 Hz ,5 ms ,TN ,16:9 ,Black ,200 cd/m² ,0.248 mm ,Yes ,No ,None ,No ,,90° H x 65° V , 1 x DVI | 1 x HDMI | 1 x VGA | 
Acer B277U bmiipprzx,Acer , UM.HB7AA.003 | UM.HB7AA.A01 | ,"27"" ",2560 x 1440 ,75 Hz ,4 ms ,IPS ,16:9 ,Black ,350 cd/m² ,0.233 mm ,Yes ,No ,FreeSync ,Yes ,,178° H x 178° V , 1 x DisplayPort | 2 x HDMI | 
Acer V246HYL Dbid,Acer ,UM.QV6AA.D01 ,"23.8"" ",1920 x 1080 ,60 Hz ,5 ms ,IPS ,16:9 ,Black ,250 cd/m² ,0.274 mm ,Yes ,No ,None ,No ,,178° H x 178° V , 1 x DVI | 1 x HDMI | 1 x VGA | 
Acer ET322QU Abmiprx,Acer ,UM.JE2AA.A03 ,"31.5"" ",2560 x 1440 ,75 Hz ,4 ms ,IPS ,16:9 ,Black ,250 cd/m² ,0.272 mm ,Yes ,No ,None ,Yes ,,178° H x 178° V , 1 x DisplayPort | 1 x HDMI | 1 x VGA | 
Acer V226HQL Bbi,Acer ,UM.WV6AA.B07 ,"21.5"" ",1920 x 1080 ,60 Hz ,5 ms ,TN ,16:9 ,Black ,200 cd/m² ,0.248 mm ,Yes ,No ,None ,No ,,90° H x 65° V , 1 x HDMI | 1 x VGA | 
Acer VA240H bp,Acer ,UM.FV0AA.001 ,"24"" ",1920 x 1080 ,60 Hz ,5 ms ,TN ,16:9 ,Black ,250 cd/m² ,0.277 mm ,Yes ,No ,None ,No ,,170° H x 160° V , 1 x DisplayPort | 1 x VGA | 
Acer V276HL Cbix,Acer ,UM.HV6AA.C05 ,"27"" ",1920 x 1080 ,60 Hz ,5 ms ,VA ,16:9 ,Black ,300 cd/m² ,0.311 mm ,Yes ,No ,None ,No ,,178° H x 178° V , 1 x HDMI | 1 x VGA | 
Acer DM431K bmiiipx,Acer , UMMD1AA001 | DM431K bmiiipx | ,"43"" ",3840 x 2160 ,60 Hz ,5 ms ,IPS ,16:9 ,Black ,250 cd/m² ,0.248 mm ,Yes ,No ,None ,Yes ,,178° H x 178° V , 1 x DisplayPort | 3 x HDMI | 1 x VGA | 
Asus Designo Curve MX38VC,Asus , MX38VC | 90LM03B0-B01170 | ,"38"" ",3840 x 1600 ,75 Hz ,5 ms ,IPS ,12:5 ,Silver ,300 cd/m² ,0.232 mm ,Yes ,Yes ,FreeSync ,Yes ,,178° H x 178° V , 1 x DisplayPort | 2 x HDMI | 
Acer B247Y Cbmipruzx,Acer ,UM.QB7AA.C01 ,"23.8"" ",1920 x 1080 ,75 Hz ,4 ms ,IPS ,16:9 ,Black ,250 cd/m² ,0.274 mm ,Yes ,No ,FreeSync ,Yes ,,178° H x 178° V , 1 x DisplayPort | 1 x HDMI | 1 x VGA | 
Acer EB243YU Abmiiiprx,Acer ,UM.QE3AA.A01 ,"23.8"" ",2560 x 1440 ,75 Hz ,5 ms ,IPS ,16:9 ,Black ,300 cd/m² ,0.206 mm ,Yes ,No ,None ,Yes ,,178° H x 178° V , 1 x DisplayPort | 3 x HDMI | 
Asus VZ27AQ,Asus , VZ27AQ | 90LM039C-B01370 | ,"27"" ",2560 x 1440 ,75 Hz ,5 ms ,IPS ,16:9 ,Silver ,250 cd/m² ,0.233 mm ,Yes ,No ,FreeSync ,Yes ,,178° H x 178° V , 1 x DisplayPort | 1 x HDMI | 1 x VGA | 
BenQ BL2480,BenQ ,BL2480 ,"23.8"" ",1920 x 1080 ,60 Hz ,5 ms ,IPS ,16:9 ,Black ,250 cd/m² ,0.274 mm ,Yes ,No ,None ,Yes ,,178° H x 178° V , 1 x DisplayPort | 1 x HDMI | 1 x VGA | 
BenQ ZOWIE XL2546 DIVINA,BenQ ,9H.LG9LB.QRA ,"24.5"" ",1920 x 1080 ,240 Hz ,1 ms ,TN ,16:9 ,White / Blue ,320 cd/m² ,0.282 mm ,Yes ,No ,None ,No ,,170° H x 160° V , 1 x DisplayPort | 1 x DVI-D Dual Link | 2 x HDMI | 
BenQ SW240,BenQ , SW240 | 9H.LH2LB.QBE | ,"24.1"" ",1920 x 1200 ,60 Hz ,5 ms ,IPS ,16:10 ,Black ,250 cd/m² ,0.27 mm ,Yes ,No ,None ,No ,,178° H x 178° V , 1 x DisplayPort | 1 x DVI-D Dual Link | 1 x HDMI | 
BenQ BL2480T,BenQ , BL2480T | 9H.LHFLA.TBE | 9H.LHFLA.FPE | ,"23.8"" ",1920 x 1080 ,60 Hz ,5 ms ,IPS ,16:9 ,Black ,250 cd/m² ,0.274 mm ,Yes ,No ,None ,Yes ,,178° H x 178° V , 1 x DisplayPort | 1 x HDMI | 1 x VGA | 
Asus ASUSPRO C622AQH,Asus ,C622AQH ,"21.5"" ",1920 x 1080 ,75 Hz ,5 ms ,IPS ,16:9 ,Black ,250 cd/m² ,0.248 mm ,Yes ,No ,None ,Yes ,,178° H x 178° V , 1 x DisplayPort | 1 x DVI-D Dual Link | 1 x HDMI | 1 x VGA | 
Asus ProArt PA32UC,Asus ,PA32UC ,"32"" ",3840 x 2160 ,60 Hz ,5 ms ,IPS ,16:9 ,Silver ,400 cd/m² ,0.184 mm ,Yes ,No ,FreeSync ,No ,,178° H x 178° V , 1 x DisplayPort | 4 x HDMI | 
Asus VA32UQ,Asus ,VA32UQ ,"31.5"" ",3840 x 2160 ,60 Hz ,4 ms ,VA ,16:9 ,Black / Silver ,310 cd/m² ,0.182 mm ,Yes ,No ,FreeSync ,Yes ,,178° H x 178° V , 1 x DisplayPort | 2 x HDMI | 
CTL MTIP2153,CTL ,MTIP2153 ,"22"" ",1920 x 1080 ,60 Hz ,6 ms ,IPS ,16:9 ,Black ,250 cd/m² ,0.254 mm ,Yes ,No ,None ,Yes ,,178° H x 178° V , 1 x DisplayPort | 1 x HDMI | 1 x VGA | 
CTL MTIP2780S,CTL ,MTIP2780S ,"27"" ",1920 x 1080 ,,6 ms ,IPS ,16:9 ,Black ,250 cd/m² ,0.311 mm ,Yes ,No ,None ,No ,,178° H x 178° V , 1 x DisplayPort | 1 x HDMI | 1 x VGA | 
HP EliteDisplay E273m,HP ,1FH51A8#ABA ,"27"" ",1920 x 1080 ,60 Hz ,,IPS ,16:9 ,Silver ,250 cd/m² ,0.311 mm ,Yes ,No ,None ,No ,,178° H x 178° V , 1 x DisplayPort | 1 x HDMI | 1 x VGA | 
HP Z22n G2,HP ,1JS05A4#ABA ,"21.5"" ",1920 x 1080 ,60 Hz ,5 ms ,IPS ,16:9 ,,250 cd/m² ,0.248 mm ,Yes ,No ,None ,No ,,178° H x 178° V , 1 x DisplayPort | 1 x HDMI | 1 x VGA | 
HP Z24n G2,HP ,1JS09A8#ABA ,"24"" ",1920 x 1200 ,60 Hz ,,IPS ,16:10 ,Black ,300 cd/m² ,0.269 mm ,Yes ,No ,None ,No ,,178° H x 178° V , 1 x DisplayPort | 1 x DVI-D Dual Link | 1 x HDMI | 
HP EliteDisplay S270N,HP ,2PD37A8#ABA ,"27"" ",3840 x 2160 ,60 Hz ,,IPS ,16:9 ,Black / Silver ,350 cd/m² ,0.156 mm ,Yes ,No ,None ,No ,,178° H x 178° V , 1 x DisplayPort | 2 x HDMI | 1 x VirtualLink | 
HP EliteDisplay S340C,HP ,V4G46A8#ABA ,"34"" ",3440 x 1440 ,60 Hz ,,IPS ,21:9 ,Black ,300 cd/m² ,0.232 mm ,Yes ,Yes ,None ,Yes ,,178° H x 178° V , 1 x DisplayPort | 1 x HDMI | 1 x VirtualLink | 
BenQ EW2780,BenQ , EW2780 | 9H.LJ4LA.TSE | ,"27"" ",1920 x 1080 ,60 Hz ,5 ms ,IPS ,16:9 ,Black ,250 cd/m² ,0.311 mm ,Yes ,No ,FreeSync ,Yes ,,178° H x 178° V ,3 x HDMI 
HP ProDisplay P203,HP ,X7R53A8#ABA ,"20"" ",1600 x 900 ,60 Hz ,,TN ,16:9 ,Black ,250 cd/m² ,0.277 mm ,Yes ,No ,None ,No ,,170° H x 160° V , 1 x DisplayPort | 1 x VGA | 
HP Z22n G2,HP ,1JS05A8#ABA ,"21.5"" ",1920 x 1080 ,60 Hz ,5.4 ms ,IPS ,16:9 ,Black ,250 cd/m² ,0.248 mm ,Yes ,No ,None ,No ,,178° H x 178° V , 1 x DisplayPort | 1 x HDMI | 1 x VGA | 
HP EliteDisplay E202,HP ,M1F41AA#ABA ,"20"" ",1600 x 900 ,60 Hz ,,IPS ,16:9 ,Black ,250 cd/m² ,0.277 mm ,Yes ,No ,None ,No ,,178° H x 178° V , 1 x DisplayPort | 1 x HDMI | 1 x VGA | 
HP EliteDisplay E243d,HP ,1TJ76A8#ABA ,"23.8"" ",1920 x 1080 ,60 Hz ,,IPS ,16:9 ,Silver ,250 cd/m² ,0.274 mm ,Yes ,No ,None ,No ,,178° H x 178° V , 1 x HDMI | 1 x VGA | 
HP P224,HP ,5QG34A8#ABA ,"21.5"" ",1920 x 1080 ,60 Hz ,,IPS ,16:9 ,Black ,250 cd/m² ,0.248 mm ,Yes ,No ,None ,No ,,178° H x 178° V , 1 x DisplayPort | 1 x HDMI | 
HP P244,HP ,5QG35A8#ABA ,"23.8"" ",1920 x 1080 ,60 Hz ,,IPS ,16:9 ,,250 cd/m² ,0.274 mm ,Yes ,No ,None ,No ,,178° H x 178° V , 1 x DisplayPort | 1 x HDMI | 1 x VGA | 
HP 22eb,HP , 22eb | X8T07AA | ,"21.5"" ",1920 x 1080 ,60 Hz ,6 ms ,IPS ,16:9 ,Black ,250 cd/m² ,0.248 mm ,Yes ,No ,None ,No ,,178° H x 178° V , 1 x DVI-D Dual Link | 1 x VGA | 
Lenovo C22-10,Lenovo ,65E5KCC6US ,"21.5"" ",1920 x 1080 ,60 Hz ,5 ms ,TN ,16:9 ,Black ,200 cd/m² ,0.248 mm ,Yes ,No ,None ,No ,,90° H x 65° V , 1 x HDMI | 1 x VGA | 
LG 27BK85U-W,LG ,27BK85U-W ,"27"" ",3840 x 2160 ,60 Hz ,,,16:9 ,Silver ,,0.156 mm ,Yes ,No ,FreeSync ,No ,,178° H x 178° V ,1 x HDMI 
LG 22MB35PY-I,LG ,22MB35PY-I ,"21.5"" ",1920 x 1080 ,60 Hz ,5 ms ,IPS ,16:9 ,Black ,250 cd/m² ,0.248 mm ,Yes ,No ,None ,Yes ,,178° H x 178° V , 1 x DVI-D Dual Link | 1 x VGA | 
LG 32QK500-W,LG ,32QK500-W ,"32"" ",2560 x 1440 ,75 Hz ,8 ms ,IPS ,16:9 ,,300 cd/m² ,0.277 mm ,Yes ,No ,FreeSync ,No ,,178° H x 178° V , 1 x DisplayPort | 1 x Mini-DisplayPort | 2 x HDMI | 
LG 32BK50Q-W,LG ,32BK50QW ,"31.5"" ",2560 x 1440 ,75 Hz ,8 ms ,IPS ,16:9 ,Silver ,300 cd/m² ,0.272 mm ,Yes ,No ,FreeSync ,No ,,178° H x 178° V , 1 x DisplayPort | 1 x Mini-DisplayPort | 2 x HDMI | 
LG 49BL95C-W,LG ,49BL95C-W ,"49"" ",5120 x 1440 ,60 Hz ,5 ms ,IPS ,32:9 ,Silver ,350 cd/m² ,0.234 mm ,Yes ,Yes ,None ,Yes ,,178° H x 178° V , 1 x DisplayPort | 2 x HDMI | 
LG 34BK95C-W,LG ,34BK95C-W ,"34"" ",3440 x 1440 ,75 Hz ,5 ms ,IPS ,21:9 ,Silver ,400 cd/m² ,0.232 mm ,Yes ,Yes ,None ,No ,,178° H x 178° V , 1 x DisplayPort | 2 x HDMI | 
Philips 203V5LSB2,Philips ,203V5LSB2 ,"19.5"" ",1600 x 900 ,60 Hz ,5 ms ,TN ,16:9 ,Black ,200 cd/m² ,0.27 mm ,Yes ,No ,None ,No ,,90° H x 65° V ,1 x VGA 
NEC E203W-BK,NEC ,E203W-BK ,"20"" ",1600 x 900 ,60 Hz ,5.5 ms ,TN ,16:9 ,Black ,250 cd/m² ,0.277 mm ,Yes ,No ,None ,No ,,170° H x 176° V , 1 x DisplayPort | 1 x DVI-D Dual Link | 1 x VGA | 
NEC E221N-BK,NEC ,E221N-BK ,"21.5"" ",1920 x 1080 ,60 Hz ,6 ms ,IPS ,16:9 ,Black ,250 cd/m² ,0.248 mm ,Yes ,No ,None ,Yes ,,178° H x 178° V , 1 x DisplayPort | 1 x HDMI | 1 x VGA | 
NEC E241N-BK,NEC ,E241N-BK ,"23.8"" ",1920 x 1080 ,60 Hz ,6 ms ,IPS ,16:9 ,Black ,250 cd/m² ,0.274 mm ,Yes ,No ,None ,No ,,178° H x 178° V , 1 x DisplayPort | 1 x HDMI | 1 x VGA | 
NEC E245WMI-BK,NEC ,E245WMI-BK ,"24"" ",1920 x 1200 ,60 Hz ,6 ms ,IPS ,16:10 ,Black ,250 cd/m² ,0.269 mm ,Yes ,No ,None ,Yes ,,178° H x 178° V , 1 x DisplayPort | 1 x DVI-D Dual Link | 1 x VGA | 
NEC EA245WMI-BK-SV,NEC ,EA245WMI-BK-SV ,"24"" ",1920 x 1200 ,60 Hz ,5 ms ,IPS ,16:10 ,Black ,300 cd/m² ,0.269 mm ,Yes ,No ,None ,Yes ,,178° H x 178° V , 1 x DisplayPort | 1 x DVI-D Dual Link | 1 x HDMI | 1 x VGA | 
NEC EA271U-BK,NEC ,EA271U-BK ,"27"" ",3840 x 2160 ,60 Hz ,5 ms ,IPS ,16:9 ,Black ,350 cd/m² ,0.156 mm ,Yes ,No ,None ,Yes ,,178° H x 178° V , 2 x DisplayPort | 1 x HDMI | 
NEC EA295WMi-BK,NEC ,EA295WMi-BK ,"29"" ",2560 x 1080 ,60 Hz ,6 ms ,IPS ,21:9 ,Black ,300 cd/m² ,0.265 mm ,Yes ,No ,None ,Yes ,,178° H x 178° V , 1 x DisplayPort | 2 x HDMI | 1 x VGA | 
NEC P243W-BK,NEC ,P243W-BK ,"24.1"" ",1920 x 1200 ,60 Hz ,8 ms ,IPS ,16:10 ,,350 cd/m² ,0.27 mm ,Yes ,No ,None ,No ,,178° H x 178° V , 1 x DisplayPort | 1 x DVI-D Dual Link | 1 x HDMI | 1 x VGA | 
NEC PA243W,NEC ,PA243W ,"24.1"" ",1920 x 1200 ,60 Hz ,,IPS ,16:10 ,White ,350 cd/m² ,0.27 mm ,Yes ,No ,None ,No ,,178° H x 178° V , 1 x DisplayPort | 1 x DVI-D Dual Link | 1 x HDMI | 1 x VGA | 
NEC PA243W-BK,NEC ,PA243W-BK ,"24.1"" ",1920 x 1200 ,60 Hz ,,IPS ,16:10 ,Black ,350 cd/m² ,0.27 mm ,Yes ,No ,None ,No ,,178° H x 178° V , 1 x DisplayPort | 1 x DVI-D Dual Link | 1 x HDMI | 1 x VGA | 
NEC E233WMI-BK,NEC ,E233WMI-BK ,"23"" ",1920 x 1080 ,60 Hz ,14 ms ,IPS ,16:9 ,Black ,250 cd/m² ,0.265 mm ,Yes ,No ,None ,Yes ,,178° H x 178° V , 1 x DisplayPort | 1 x DVI-D Dual Link | 1 x VGA | 
NEC EX341R-BK,NEC ,EX341R-BK ,"34"" ",3440 x 1440 ,60 Hz ,5 ms ,VA ,21:9 ,Black ,290 cd/m² ,0.232 mm ,Yes ,Yes ,None ,Yes ,,178° H x 178° V , 1 x DisplayPort | 2 x HDMI | 
NEC AS224WMI-BK,NEC ,AS224WMI-BK ,"21.5"" ",1920 x 1080 ,60 Hz ,6 ms ,IPS ,16:9 ,Black ,250 cd/m² ,0.248 mm ,Yes ,No ,None ,Yes ,,178° H x 178° V , 1 x DisplayPort | 1 x VGA | 
NEC EX341R-BK-SV,NEC ,EX341R-BK-SV ,"34"" ",3440 x 1440 ,60 Hz ,5 ms ,VA ,21:9 ,Black ,290 cd/m² ,0.232 mm ,Yes ,Yes ,None ,Yes ,,178° H x 178° V , 1 x DisplayPort | 2 x HDMI | 
NEC EA295WMi-BK-SV,NEC ,EA295WMi-BK-SV ,"29"" ",2560 x 1080 ,60 Hz ,6 ms ,IPS ,21:9 ,Black ,300 cd/m² ,0.265 mm ,Yes ,No ,None ,Yes ,,178° H x 178° V , 1 x DisplayPort | 2 x HDMI | 1 x VGA | 
NEC EA241F-BK,NEC ,EA241F-BK ,"23.8"" ",1920 x 1080 ,60 Hz ,5 ms ,IPS ,16:9 ,Black ,250 cd/m² ,0.274 mm ,Yes ,No ,None ,Yes ,,178° H x 178° V , 1 x DisplayPort | 1 x DVI-D Dual Link | 1 x HDMI | 1 x VGA | 
NEC EA241F-BK-SV,NEC ,EA241F-BK-SV ,"23.8"" ",1920 x 1080 ,60 Hz ,5 ms ,IPS ,16:9 ,Black ,250 cd/m² ,0.274 mm ,Yes ,No ,None ,Yes ,,178° H x 178° V , 1 x DisplayPort | 1 x DVI-D Dual Link | 1 x HDMI | 1 x VGA | 
NEC PA271Q-BK-SV,NEC ,PA271Q-BK-SV ,"27"" ",2560 x 1440 ,60 Hz ,8 ms ,IPS ,16:9 ,Black ,350 cd/m² ,0.233 mm ,Yes ,No ,None ,No ,,178° H x 178° V , 1 x DisplayPort | 1 x Mini-DisplayPort | 2 x HDMI | 
Philips 258B6QUEB,Philips ,258B6QUEB ,"25"" ",2560 x 1440 ,60 Hz ,5 ms ,IPS ,16:9 ,Black / Silver ,350 cd/m² ,0.216 mm ,Yes ,No ,None ,Yes ,,178° H x 178° V , 1 x DisplayPort | 1 x DVI-D Dual Link | 1 x HDMI | 1 x VGA | 
Philips 328E9FJAB,Philips ,328E9FJAB ,"31.5"" ",2560 x 1440 ,75 Hz ,4 ms ,VA ,16:9 ,Silver ,250 cd/m² ,0.272 mm ,Yes ,Yes ,FreeSync ,Yes ,,178° H x 178° V , 1 x DisplayPort | 1 x HDMI | 1 x VGA | 
Philips 326E8FJSB,Philips ,326E8FJSB ,"31.5"" ",2560 x 1440 ,75 Hz ,5 ms ,VA ,16:9 ,Black ,250 cd/m² ,0.272 mm ,Yes ,No ,FreeSync ,No ,,178° H x 178° V , 1 x DisplayPort | 1 x DVI-D Dual Link | 1 x HDMI | 1 x VGA | 
Philips 241B7QPJKEB,Philips ,241B7QPJKEB ,"23.8"" ",1920 x 1080 ,60 Hz ,5 ms ,IPS ,16:9 ,,250 cd/m² ,0.274 mm ,Yes ,No ,None ,No ,,178° H x 178° V , 1 x DisplayPort | 1 x HDMI | 1 x VGA | 
Philips 329P9H,Philips ,329P9H ,"31.5"" ",3840 x 2160 ,60 Hz ,5 ms ,IPS ,16:9 ,Black / Silver ,350 cd/m² ,0.182 mm ,Yes ,No ,None ,Yes ,,178° H x 178° V , 1 x DisplayPort | 2 x HDMI | 
Planar PXN2470MW,Planar ,997-8227-00 ,"23.8"" ",1920 x 1080 ,60 Hz ,6 ms ,IPS ,16:9 ,Black ,250 cd/m² ,0.274 mm ,Yes ,No ,None ,Yes ,,178° H x 178° V , 1 x DisplayPort | 1 x HDMI | 1 x VGA | 
Planar PXL3280W,Planar ,997-8425-00 ,"31.5"" ",2560 x 1440 ,60 Hz ,8 ms ,IPS ,16:9 ,,300 cd/m² ,0.272 mm ,Yes ,No ,None ,No ,,178° H x 178° V , 1 x DisplayPort | 1 x DVI-D Dual Link | 1 x HDMI | 
Planar PXL2471MW,Planar ,997-7848-01 ,"23.8"" ",1920 x 1080 ,60 Hz ,5 ms ,IPS ,16:9 ,,250 cd/m² ,0.274 mm ,Yes ,No ,None ,Yes ,,178° H x 178° V , 1 x DisplayPort | 1 x HDMI | 1 x VGA | 
Planar PLN2200,Planar ,998-1329-00 ,"21.5"" ",1920 x 1080 ,60 Hz ,6 ms ,IPS ,16:9 ,,250 cd/m² ,0.248 mm ,Yes ,No ,None ,No ,,178° H x 178° V , 1 x HDMI | 1 x VGA | 
Planar PLN2400,Planar , 998-1330-00 | 998-1330-01 | ,"23.6"" ",1920 x 1080 ,60 Hz ,6 ms ,IPS ,16:9 ,,250 cd/m² ,0.272 mm ,Yes ,No ,None ,No ,,178° H x 178° V , 1 x HDMI | 1 x VGA | 
MSI Optix MAG272R,MSI ,Optix MAG272R ,"27"" ",1920 x 1080 ,165 Hz ,,VA ,16:9 ,Black ,300 cd/m² ,0.311 mm ,Yes ,No ,None ,No ,,178° H x 178° V , 1 x DisplayPort | 2 x HDMI | 
V7 L215ADS-2N,V7 ,L215ADS-2N ,"21.5"" ",1920 x 1080 ,60 Hz ,5 ms ,IPS ,16:9 ,Black ,250 cd/m² ,0.248 mm ,Yes ,No ,None ,Yes ,,178° H x 178° V , 1 x HDMI | 1 x VGA | 
V7 L236VA-2N,V7 ,L236VA-2N ,"23.6"" ",1920 x 1080 ,60 Hz ,5 ms ,VA ,16:9 ,Black ,250 cd/m² ,0.272 mm ,Yes ,No ,None ,Yes ,,178° H x 178° V , 1 x HDMI | 1 x VGA | 
V7 L28TN4K-2N,V7 ,L28TN4K-2N ,"28"" ",3840 x 2160 ,60 Hz ,2 ms ,TN ,16:9 ,Black ,300 cd/m² ,0.161 mm ,Yes ,No ,None ,Yes ,,170° H x 160° V , 1 x DisplayPort | 3 x HDMI | 1 x VGA | 
V7 L27ADS-2N,V7 ,L27ADS-2N ,"27"" ",1920 x 1080 ,60 Hz ,6 ms ,IPS ,16:9 ,Black ,300 cd/m² ,0.311 mm ,Yes ,No ,None ,Yes ,,178° H x 178° V , 1 x DVI-D Dual Link | 1 x HDMI | 1 x VGA | 
V7 L27HAS2K-2N,V7 ,L27HAS2K-2N ,"27"" ",2560 x 1440 ,60 Hz ,5 ms ,IPS ,16:9 ,Black ,300 cd/m² ,0.233 mm ,Yes ,No ,None ,Yes ,,178° H x 178° V , 1 x DisplayPort | 1 x HDMI | 
V7 L270E-3N,V7 ,L270E-3N ,"27"" ",1920 x 1080 ,60 Hz ,5 ms ,TN ,16:9 ,Black ,250 cd/m² ,0.311 mm ,Yes ,No ,None ,No ,,170° H x 160° V , 1 x HDMI | 1 x VGA | 
V7 L238E-2N,V7 ,L238E-2N ,"23.8"" ",1920 x 1080 ,60 Hz ,5 ms ,IPS ,16:9 ,Black ,250 cd/m² ,0.274 mm ,Yes ,No ,None ,Yes ,,178° H x 178° V , 1 x DisplayPort | 1 x DVI-D Dual Link | 1 x HDMI | 1 x VGA | 
V7 L215E-2N,V7 ,L215E-2N ,"21.5"" ",1920 x 1080 ,,6 ms ,TN ,16:9 ,Black ,200 cd/m² ,0.248 mm ,Yes ,No ,None ,No ,,90° H x 65° V , 1 x DVI-D Dual Link | 1 x VGA | 
ViewEra V172BN2,ViewEra ,V172BN2 ,"17"" ",1280 x 1024 ,60 Hz ,5 ms ,TN ,5:4 ,Black ,250 cd/m² ,0.263 mm ,No ,No ,None ,Yes ,,170° H x 160° V , 1 x BNC | 1 x VGA | 
ViewEra V215HBM,ViewEra ,V215HBM ,"21.5"" ",1920 x 1080 ,60 Hz ,5 ms ,TN ,16:9 ,Black ,250 cd/m² ,0.248 mm ,Yes ,No ,None ,Yes ,,170° H x 160° V , 1 x BNC | 2 x HDMI | 1 x VGA | 
ViewSonic VA708A,ViewSonic ,VA708A ,"17"" ",1280 x 1024 ,60 Hz ,5 ms ,TN ,5:4 ,Black ,250 cd/m² ,0.263 mm ,No ,No ,None ,No ,,170° H x 160° V ,1 x VGA 
ViewSonic VG2455,ViewSonic ,VG2455 ,"24"" ",1920 x 1080 ,60 Hz ,5 ms ,IPS ,16:9 ,Black ,250 cd/m² ,0.277 mm ,Yes ,No ,None ,Yes ,,178° H x 178° V , 1 x DisplayPort | 1 x HDMI | 1 x VGA | 
ViewSonic VP2458,ViewSonic ,VP2458 ,"23.8"" ",1920 x 1080 ,60 Hz ,7 ms ,IPS ,16:9 ,Black ,250 cd/m² ,0.274 mm ,Yes ,No ,None ,No ,,178° H x 178° V , 1 x DisplayPort | 1 x HDMI | 1 x VGA | 
ViewSonic XG2760,ViewSonic ,XG2760 ,"27"" ",2560 x 1440 ,165 Hz ,1 ms ,TN ,16:9 ,Black ,350 cd/m² ,0.233 mm ,Yes ,No ,G-Sync ,Yes ,,170° H x 160° V , 1 x DisplayPort | 1 x HDMI | 
ViewSonic VG2748,ViewSonic ,VG2748 ,"27"" ",1920 x 1080 ,60 Hz ,7 ms ,IPS ,16:9 ,Black ,300 cd/m² ,0.311 mm ,Yes ,No ,None ,Yes ,,178° H x 178° V , 1 x DisplayPort | 1 x HDMI | 1 x VGA | 
ViewSonic VG2765,ViewSonic ,VG2765 ,"27"" ",2560 x 1440 ,60 Hz ,5 ms ,IPS ,16:9 ,Black ,350 cd/m² ,0.233 mm ,Yes ,No ,None ,Yes ,,178° H x 178° V , 1 x DisplayPort | 1 x Mini-DisplayPort | 1 x HDMI | 
ViewSonic Elite XG350R-C,ViewSonic ,XG350R-C ,"35"" ",3440 x 1440 ,100 Hz ,3 ms ,VA ,21:9 ,Black ,300 cd/m² ,0.238 mm ,Yes ,Yes ,FreeSync ,Yes ,,178° H x 178° V , 1 x DisplayPort | 2 x HDMI | 
ViewSonic VG3448,ViewSonic ,VG3448 ,"34"" ",3440 x 1440 ,60 Hz ,5 ms ,VA ,21:9 ,Black ,300 cd/m² ,0.232 mm ,Yes ,No ,None ,Yes ,,178° H x 178° V , 1 x DisplayPort | 1 x Mini-DisplayPort | 2 x HDMI | 
ViewSonic VP3481,ViewSonic ,VP3481 ,"34"" ",3440 x 1440 ,100 Hz ,5 ms ,VA ,21:9 ,Black ,400 cd/m² ,0.232 mm ,Yes ,Yes ,FreeSync ,Yes ,,178° H x 178° V , 1 x DisplayPort | 2 x HDMI | 
VIOTEK SUW49CR,VIOTEK ,SUW49CR ,"49"" ",3840 x 1080 ,144 Hz ,4 ms ,VA ,32:9 ,Silver / Black ,320 cd/m² ,0.312 mm ,Yes ,Yes ,FreeSync ,Yes ,,178° H x 178° V , 1 x DisplayPort | 1 x DVI-D Dual Link | 3 x HDMI | 
Acer B206HQL Bympr,Acer ,UM.IB6AA.B01 ,"19.5"" ",1920 x 1080 ,60 Hz ,5 ms ,VA ,16:9 ,Black ,250 cd/m² ,0.225 mm ,Yes ,No ,None ,Yes ,,178° H x 178° V , 1 x DisplayPort | 1 x VGA | 
Asus ProArt PA32UCX,Asus ,PA32UCX ,"32"" ",3840 x 2160 ,60 Hz ,5 ms ,IPS ,16:9 ,Black ,1200 cd/m² ,0.184 mm ,Yes ,No ,FreeSync ,No ,,178° H x 178° V , 1 x DisplayPort | 3 x HDMI | 
LG 27BL65U-W,LG ,27BL65U-W ,"27"" ",3840 x 2160 ,60 Hz ,5 ms ,IPS ,16:9 ,Silver ,350 cd/m² ,0.156 mm ,Yes ,No ,FreeSync ,No ,,178° H x 178° V , 1 x DisplayPort | 2 x HDMI | 
LG 27BL85U,LG ,27BL85U ,"27"" ",3840 x 2160 ,60 Hz ,5 ms ,IPS ,16:9 ,Silver ,350 cd/m² ,0.156 mm ,Yes ,No ,FreeSync ,No ,,178° H x 178° V , 1 x DisplayPort | 2 x HDMI | 
LG 32BL95U-W,LG ,32BL95U-W ,"31.5"" ",3840 x 2160 ,60 Hz ,5 ms ,IPS ,16:9 ,Silver ,450 cd/m² ,0.182 mm ,Yes ,No ,FreeSync ,Yes ,,178° H x 178° V , 1 x DisplayPort | 1 x HDMI | 
Samsung LS27R750QENXZA,Samsung ,LS27R750QENXZA ,"27"" ",2560 x 1440 ,144 Hz ,4 ms ,VA ,16:9 ,Black ,250 cd/m² ,0.233 mm ,Yes ,No ,None ,No ,,178° H x 178° V , 1 x Mini-DisplayPort | 1 x HDMI | 
Philips 328P6VUBREB,Philips , 328P6VUBREB | 328P6VUBREB/00 | ,"31.5"" ",3840 x 2160 ,60 Hz ,4 ms ,VA ,16:9 ,Silver ,600 cd/m² ,0.182 mm ,Yes ,No ,None ,Yes ,,178° H x 178° V , 1 x DisplayPort | 2 x HDMI | 
Acer KA270HK bmjdppx,Acer , UM.HX0AA.005 | KA270HK BMJDPPX (UM.HX0AA.005) | ,"27"" ",3840 x 2160 ,60 Hz ,4 ms ,IPS ,16:9 ,Black ,300 cd/m² ,0.156 mm ,Yes ,No ,None ,Yes ,,178° H x 178° V , 1 x DisplayPort | 1 x DVI-D Dual Link | 1 x HDMI | 
Acer HA270 Bbix,Acer ,UM.HW0AA.B01 ,"27"" ",1920 x 1080 ,75 Hz ,,IPS ,16:9 ,Black ,250 cd/m² ,0.311 mm ,Yes ,No ,FreeSync ,No ,,178° H x 178° V , 1 x HDMI | 1 x VGA | 
Acer ER320HQ,Acer ,UM.JE0AA.003 ,"31.5"" ",1920 x 1080 ,60 Hz ,4 ms ,IPS ,16:9 ,White ,250 cd/m² ,0.363 mm ,Yes ,No ,None ,No ,,178° H x 178° V , 1 x DVI-D Dual Link | 1 x HDMI | 1 x VGA | 
Acer HA230 Abi,Acer ,UM.VW0AA.A01 ,"23"" ",1920 x 1080 ,60 Hz ,4 ms ,IPS ,16:9 ,Black ,,0.265 mm ,Yes ,No ,FreeSync ,No ,,178° H x 178° V , 1 x HDMI | 1 x VGA | 
Acer EB321HQU Cbidpx,Acer ,UM.JE1AA.C01 ,"31.5"" ",2560 x 1440 ,60 Hz ,4 ms ,IPS ,16:9 ,Silver ,300 cd/m² ,0.272 mm ,Yes ,No ,None ,No ,,178° H x 178° V , 1 x DisplayPort | 1 x HDMI | 
Acer V246HQL bi,Acer ,UM.UV6AA.003 ,"23.6"" ",1920 x 1080 ,60 Hz ,5 ms ,VA ,16:9 ,Black ,250 cd/m² ,0.272 mm ,Yes ,No ,None ,No ,,178° H x 178° V , 1 x HDMI | 1 x VGA | 
MSI Optix MAG322CR,MSI ,Optix MAG322CR ,"31.5"" ",1920 x 1080 ,180 Hz ,,VA ,16:9 ,Black ,300 cd/m² ,0.363 mm ,Yes ,Yes ,FreeSync ,No ,,178° H x 178° V , 1 x DisplayPort | 2 x HDMI | 
Asus ProArt PA329C,Asus , PA329C | 90LM02CC-B02370 | 90LM02CC-B03370 | ,"32"" ",3840 x 2160 ,60 Hz ,5 ms ,IPS ,16:9 ,Black ,600 cd/m² ,0.184 mm ,Yes ,No ,None ,Yes ,,178° H x 178° V , 1 x DisplayPort | 3 x HDMI | 
Asus CG32UQ,Asus , CG32UQ | 90LM04F0-B011B0 | 90LM04F0-B01170 | ,"31.5"" ",3840 x 2160 ,60 Hz ,5 ms ,VA ,16:9 ,Black ,600 cd/m² ,0.182 mm ,Yes ,No ,FreeSync ,Yes ,,178° H x 178° V , 1 x DisplayPort | 3 x HDMI | 
Asus Designo MX27UCS,Asus ,MX27UCS ,"27"" ",3840 x 2160 ,60 Hz ,5 ms ,IPS ,16:9 ,Silver ,300 cd/m² ,0.156 mm ,Yes ,No ,FreeSync ,Yes ,,178° H x 178° V , 1 x DisplayPort | 1 x HDMI | 
BenQ EW2480,BenQ , EW2480 | 9H.LJ3LA.TSE | ,"23.8"" ",1920 x 1080 ,75 Hz ,5 ms ,IPS ,16:9 ,Black ,250 cd/m² ,0.274 mm ,Yes ,No ,FreeSync ,Yes ,,178° H x 178° V ,3 x HDMI 
Acer CB272 bmiprx,Acer , CB272 bmiprx | UM.HB2AA.001 | ,"27"" ",1920 x 1080 ,75 Hz ,,IPS ,16:9 ,Black ,250 cd/m² ,0.311 mm ,Yes ,No ,FreeSync ,Yes ,,178° H x 178° V , 1 x DisplayPort | 1 x HDMI | 1 x VGA | 
Philips 271B8QTAA,Philips ,271B8QTAA ,"27"" ",1920 x 1080 ,60 Hz ,5 ms ,IPS ,16:9 ,Black ,250 cd/m² ,0.311 mm ,Yes ,No ,FreeSync ,Yes ,,178° H x 178° V , 1 x DisplayPort | 1 x DVI-D Dual Link | 1 x HDMI | 1 x VGA | 
Samsung LS24H851QFNXZA,Samsung , LS24H851QFNXZA | S24H851QFN | ,"23.8"" ",2560 x 1440 ,60 Hz ,5 ms ,PLS ,16:9 ,White ,,0.206 mm ,Yes ,No ,FreeSync ,No ,,178° H x 178° V , 1 x DisplayPort | 1 x HDMI | 
ViewSonic VP2785-2K,ViewSonic ,VP2785-2K ,"27"" ",2560 x 1440 ,60 Hz ,5 ms ,IPS ,16:9 ,Blue ,300 cd/m² ,0.233 mm ,Yes ,No ,None ,No ,,178° H x 178° V , 1 x DisplayPort | 1 x HDMI | 
ViewSonic VX3258-PC-MHD,ViewSonic ,VX3258-PC-MHD ,"31.5"" ",1920 x 1080 ,165 Hz ,,VA ,16:9 ,Black ,250 cd/m² ,0.363 mm ,Yes ,Yes ,FreeSync ,No ,,178° H x 178° V , 1 x DisplayPort | 2 x HDMI | 
ViewSonic VG2448-PF,ViewSonic ,VG2448-PF ,"23.8"" ",1920 x 1080 ,60 Hz ,5 ms ,IPS ,16:9 ,Black ,250 cd/m² ,0.274 mm ,Yes ,No ,None ,Yes ,,178° H x 178° V , 1 x DisplayPort | 1 x HDMI | 1 x VGA | 
ViewSonic VG2456,ViewSonic ,VG2456 ,"23.8"" ",1920 x 1080 ,,5 ms ,IPS ,16:9 ,Black ,250 cd/m² ,0.274 mm ,Yes ,No ,None ,Yes ,,178° H x 178° V , 1 x DisplayPort | 1 x HDMI | 
ViewSonic VX2785-2K-MHDU,ViewSonic ,VX2785-2K-MHDU ,"27"" ",2560 x 1440 ,60 Hz ,5 ms ,IPS ,16:9 ,Black ,300 cd/m² ,0.233 mm ,Yes ,No ,FreeSync ,Yes ,,178° H x 178° V , 1 x DisplayPort | 1 x HDMI | 
Samsung LS32R750UENXZA,Samsung ,LS32R750UENXZA ,"31.5"" ",3840 x 2160 ,60 Hz ,4 ms ,VA ,16:9 ,Black ,250 cd/m² ,0.182 mm ,Yes ,No ,FreeSync ,No ,,178° H x 178° V , 1 x Mini-DisplayPort | 1 x HDMI | 
Acer XZ271U Abmiiphzx,Acer ,UM.HX1AA.A09 ,"27"" ",2560 x 1440 ,144 Hz ,,TN ,16:9 ,Black / Gray ,400 cd/m² ,0.233 mm ,Yes ,Yes ,FreeSync ,No ,,170° H x 160° V , 1 x DisplayPort | 2 x HDMI | 
Acer B226HQL ymdr,Acer , UM.WB6AA.001 | B226HQL ymdr | B226HQL ymdr (UM.WB6AA.001) | ,"21.5"" ",1920 x 1080 ,60 Hz ,5 ms ,TN ,16:9 ,Black ,250 cd/m² ,0.248 mm ,Yes ,No ,None ,Yes ,,170° H x 160° V , 1 x DVI-D Dual Link | 1 x VGA | 
Acer CB271H,Acer ,UM.HB1AA.A02 ,"27"" ",1920 x 1080 ,60 Hz ,4 ms ,IPS ,16:9 ,Black ,250 cd/m² ,0.311 mm ,Yes ,No ,None ,No ,,178° H x 178° V , 1 x DVI-D Dual Link | 1 x HDMI | 1 x VGA | 
Acer B277 bmiprx,Acer ,UM.HB7AA.004 ,"27"" ",1920 x 1080 ,75 Hz ,6 ms ,IPS ,16:9 ,Black ,250 cd/m² ,0.311 mm ,Yes ,No ,FreeSync ,Yes ,,178° H x 178° V , 1 x DisplayPort | 1 x HDMI | 1 x VGA | 
Acer HA270 Abi,Acer ,UM.HW0AA.A01 ,"27"" ",1920 x 1080 ,75 Hz ,4 ms ,IPS ,16:9 ,Black ,250 cd/m² ,0.311 mm ,Yes ,No ,FreeSync ,No ,,178° H x 178° V , 1 x HDMI | 1 x VGA | 
Acer BH276 Pbmiiprzx,Acer ,UM.HB6AA.P01 ,"27"" ",1920 x 1080 ,144 Hz ,1 ms ,TN ,16:9 ,Black ,400 cd/m² ,0.311 mm ,Yes ,No ,FreeSync ,Yes ,,170° H x 160° V , 1 x DisplayPort | 2 x HDMI | 
Acer V247Y bi,Acer ,V247Y bi (UM.QV7AA.003) ,"23.8"" ",1920 x 1080 ,75 Hz ,4 ms ,IPS ,16:9 ,Black ,250 cd/m² ,0.274 mm ,Yes ,No ,FreeSync ,No ,,178° H x 178° V , 1 x HDMI | 1 x VGA | 
HP P22h G4,HP ,9UJ12A8#ABA ,"21.5"" ",1920 x 1080 ,60 Hz ,5 ms ,IPS ,16:9 ,Black ,250 cd/m² ,0.248 mm ,Yes ,No ,None ,No ,,178° H x 178° V , 1 x DisplayPort | 1 x HDMI | 1 x VGA | 
HP E27d G4,HP ,6PA56A8#ABA ,"27"" ",2560 x 1440 ,60 Hz ,,IPS ,16:9 ,Silver ,300 cd/m² ,0.233 mm ,Yes ,No ,None ,No ,,178° H x 178° V , 1 x DisplayPort | 1 x HDMI | 
BenQ EW2780Q,BenQ , EW2780Q | 9H.LJCLA.TBE | ,"27"" ",2560 x 1440 ,60 Hz ,5 ms ,IPS ,16:9 ,Black ,350 cd/m² ,0.233 mm ,Yes ,No ,None ,Yes ,,178° H x 178° V , 1 x DisplayPort | 2 x HDMI | 
NEC EA271Q-BK,NEC ,EA271Q-BK ,"27"" ",2560 x 1440 ,60 Hz ,6 ms ,PLS ,16:9 ,Black ,350 cd/m² ,0.233 mm ,Yes ,No ,None ,No ,,178° H x 178° V , 2 x DisplayPort | 1 x DVI-D Dual Link | 1 x HDMI | 
NEC AS221F-BK,NEC ,AS221F-BK ,"21.5"" ",1920 x 1080 ,60 Hz ,6 ms ,IPS ,16:9 ,Black ,250 cd/m² ,0.248 mm ,Yes ,No ,None ,Yes ,,178° H x 178° V , 1 x DisplayPort | 1 x HDMI | 1 x VGA | 
NEC EA231WU-BK,NEC ,EA231WU-BK ,"22.5"" ",1920 x 1200 ,60 Hz ,5 ms ,IPS ,16:10 ,Black ,250 cd/m² ,0.252 mm ,Yes ,No ,None ,Yes ,,178° H x 178° V , 1 x DisplayPort | 1 x DVI-D Dual Link | 1 x HDMI | 1 x VGA | 
ViewSonic VG2753,ViewSonic ,VG2753 ,"27"" ",1920 x 1080 ,60 Hz ,7 ms ,IPS ,16:9 ,Black ,250 cd/m² ,0.311 mm ,Yes ,No ,None ,Yes ,,178° H x 178° V , 1 x DisplayPort | 1 x Mini-DisplayPort | 1 x HDMI | 1 x VGA | 
Planar PLL2251MW,Planar ,998-0412-00 ,"21.5"" ",1920 x 1080 ,60 Hz ,12.5 ms ,IPS ,16:9 ,Black ,250 cd/m² ,0.248 mm ,Yes ,No ,None ,Yes ,,178° H x 178° V , 1 x HDMI | 1 x VGA | 
Philips 241B8QTAA,Philips ,241B8QTAA ,"23.8"" ",1920 x 1080 ,60 Hz ,5 ms ,IPS ,16:9 ,,250 cd/m² ,0.274 mm ,Yes ,No ,FreeSync ,Yes ,,178° H x 178° V , 1 x DisplayPort | 1 x DVI-D Dual Link | 1 x HDMI | 1 x VGA | 
LG LC24RG50FQNXZA,LG ,LC24RG50FQNXZA ,"23.5"" ",1920 x 1080 ,144 Hz ,4 ms ,VA ,16:9 ,Black ,250 cd/m² ,0.271 mm ,Yes ,Yes ,FreeSync ,No ,,178° H x 178° V , 1 x DisplayPort | 2 x HDMI | 
AOC Q2790PQU/BT,AOC ,Q2790PQU/BT ,"27"" ",2560 x 1440 ,60 Hz ,4 ms ,IPS ,16:9 ,Black / Silver ,350 cd/m² ,0.233 mm ,Yes ,No ,None ,Yes ,,178° H x 178° V , 1 x DisplayPort | 2 x HDMI | 1 x VGA | 
NEC LCD1960NXi,NEC ,LCD1960NXi ,"19"" ",1280 x 1024 ,60 Hz ,,IPS ,5:4 ,White / Black ,225 cd/m² ,0.294 mm ,No ,No ,None ,No ,,176° H x 176° V , 1 x DVI | 1 x VGA | 
Asus ROG Strix XG27WQ,Asus , XG27WQ | 90LM05I0-B01970 | ,"27"" ",2560 x 1440 ,165 Hz ,,VA ,16:9 ,Black / Red ,450 cd/m² ,0.233 mm ,Yes ,Yes ,FreeSync Premium Pro ,No ,,178° H x 178° V , 1 x DisplayPort | 2 x HDMI | 
Acer ED323QUR widpx,Acer ,ED323QUR widpx ,"31.5"" ",2560 x 1440 ,75 Hz ,4 ms ,VA ,16:9 ,Silver / Gold ,250 cd/m² ,0.272 mm ,Yes ,Yes ,FreeSync ,No ,,178° H x 178° V , 1 x DisplayPort | 1 x DVI | 1 x HDMI | 
Acer K242HL bmidx,Acer ,UM.FX2AA.004 ,"24"" ",1920 x 1080 ,60 Hz ,5 ms ,TN ,16:9 ,Black ,250 cd/m² ,0.277 mm ,Yes ,No ,None ,Yes ,,170° H x 160° V , 1 x DVI-D Dual Link | 1 x HDMI | 1 x VGA | 
Acer V246HQL Cbi,Acer ,UM.UV6AA.C06 ,"23.6"" ",1920 x 1080 ,60 Hz ,5 ms ,TN ,16:9 ,Black ,300 cd/m² ,0.272 mm ,Yes ,No ,None ,No ,,170° H x 160° V , 1 x HDMI | 1 x VGA | 
Acer ED270R PBIIPX,Acer ,UM.HE0AA.P01 ,"27"" ",1920 x 1080 ,165 Hz ,5 ms ,VA ,16:9 ,Black ,250 cd/m² ,0.311 mm ,Yes ,Yes ,FreeSync ,No ,,178° H x 178° V , 2 x DisplayPort | 2 x HDMI | 
Dell P2219HE,Dell ,DELL-P2219HE ,"22"" ",1920 x 1080 ,60 Hz ,5 ms ,IPS ,16:9 ,Black / Silver ,250 cd/m² ,0.254 mm ,Yes ,No ,None ,No ,,178° H x 178° V , 1 x DisplayPort | 1 x HDMI | 1 x VGA | 
Dell E2318HE,Dell ,DELL-E2318HE ,"23"" ",1920 x 1080 ,60 Hz ,5 ms ,IPS ,16:9 ,Black ,250 cd/m² ,0.265 mm ,Yes ,No ,None ,No ,,178° H x 178° V , 1 x DisplayPort | 1 x VGA | 
NEC AS19Mi-BK,NEC ,AS194MiBK ,"19"" ",1280 x 1024 ,60 Hz ,6 ms ,IPS ,5:4 ,Black ,250 cd/m² ,0.294 mm ,No ,No ,None ,No ,,178° H x 178° V , 1 x DisplayPort | 1 x HDMI | 1 x VGA | 
NEC AS241F-BK,NEC ,AS241FBK ,"23.8"" ",1920 x 1080 ,60 Hz ,6 ms ,IPS ,16:9 ,Black ,250 cd/m² ,0.274 mm ,Yes ,No ,None ,Yes ,,178° H x 178° V , 1 x DisplayPort | 1 x HDMI | 1 x VGA | 
HP E24d G4,HP ,6PA50A8#ABA ,"23.8"" ",1920 x 1080 ,60 Hz ,5 ms ,IPS ,16:9 ,Silver / Black ,250 cd/m² ,0.274 mm ,Yes ,No ,None ,No ,,178° H x 178° V , 1 x DisplayPort | 1 x HDMI | 
Philips 252B9,Philips ,252B9 ,"25"" ",1920 x 1200 ,60 Hz ,5 ms ,IPS ,16:10 ,Black ,300 cd/m² ,0.28 mm ,Yes ,No ,None ,Yes ,,178° H x 178° V , 1 x DisplayPort | 1 x DVI-D Dual Link | 1 x HDMI | 1 x VGA | 
Acer XF270HU Cbmiiprx,Acer , XF270HU Cbmiiprx | UM.HX0AA.C03 | ,"27"" ",2560 x 1440 ,144 Hz ,1 ms ,TN ,16:9 ,Black ,350 cd/m² ,0.233 mm ,Yes ,No ,FreeSync ,Yes ,,170° H x 160° V , 1 x DisplayPort | 2 x HDMI | 
VIOTEK GN35LD,VIOTEK ,GN35LD ,"35"" ",2560 x 1080 ,144 Hz ,,VA ,21:9 ,Black / Red ,300 cd/m² ,0.32 mm ,Yes ,Yes ,FreeSync ,No ,,178° H x 178° V , 1 x DisplayPort | 1 x DVI-D Dual Link | 1 x HDMI | 
VIOTEK NB32CB,VIOTEK ,NB32CB ,"32"" ",1920 x 1080 ,75 Hz ,5 ms ,VA ,16:9 ,Black ,,0.369 mm ,Yes ,Yes ,FreeSync ,No ,,178° H x 178° V , 1 x HDMI | 1 x VGA | 
VIOTEK GFI27QXA,VIOTEK ,GFI27QXA ,"27"" ",3840 x 2160 ,144 Hz ,5 ms ,IPS ,16:9 ,Black ,350 cd/m² ,0.156 mm ,Yes ,No , FreeSync | G-Sync Compatible | ,Yes ,,178° H x 178° V , 2 x DisplayPort | 2 x HDMI | 
BenQ BL2483,BenQ ,BL2483 ,"24"" ",1920 x 1080 ,60 Hz ,1 ms ,TN ,16:9 ,Black ,250 cd/m² ,0.277 mm ,Yes ,No ,None ,No ,,170° H x 160° V , 1 x DVI | 1 x HDMI | 1 x VGA | 
Acer X38P,Acer , X38P | UM.TX0EE.P04 | ,"37.5"" ",3840 x 1600 ,175 Hz ,,IPS ,12:5 ,Black ,450 cd/m² ,0.229 mm ,Yes ,Yes ,G-Sync ,Yes ,,178° H x 178° V , 1 x DisplayPort | 1 x HDMI | 
Philips 246E9QDSB,Philips , 246E9QDSB | 246E9QDSB/27 | ,"23.8"" ",1920 x 1080 ,75 Hz ,4 ms ,IPS ,16:9 ,Silver ,250 cd/m² ,0.274 mm ,Yes ,No ,FreeSync ,No ,,178° H x 178° V , 1 x DVI-D Single Link | 1 x HDMI | 1 x VGA | 
Lenovo 66A1GCCBUS,Lenovo ,66A1GCCBUS ,"34"" ",3440 x 1440 ,144 Hz ,,VA ,21:9 ,Black ,350 cd/m² ,0.232 mm ,Yes ,Yes ,FreeSync ,No ,,178° H x 178° V , 1 x DisplayPort | 1 x HDMI | 
ViewSonic VS2210-h,ViewSonic ,VS2210-h ,"21.5"" ",1920 x 1080 ,75 Hz ,5 ms ,IPS ,16:9 ,Black ,250 cd/m² ,0.248 mm ,Yes ,No ,None ,Yes ,,178° H x 178° V , 1 x HDMI | 1 x VGA | 
Samsung LC34J791WTEXXS,Samsung ,LC34J791WTEXXS ,"34"" ",3440 x 1440 ,100 Hz ,4 ms ,VA ,21:9 ,Silver ,250 cd/m² ,0.232 mm ,Yes ,Yes ,FreeSync ,Yes ,,178° H x 178° V , 1 x DisplayPort | 1 x HDMI | 
Philips 242E1GSJ/27,Philips ,242E1GSJ/27 ,"23.8"" ",1920 x 1080 ,144 Hz ,4 ms ,VA ,16:9 ,Black ,350 cd/m² ,0.274 mm ,Yes ,No ,FreeSync Premium ,No ,,178° H x 178° V , 1 x DisplayPort | 1 x HDMI | 
Philips 274E5QHAB/75,Philips ,274E5QHAB/75 ,"27"" ",1920 x 1080 ,60 Hz ,5 ms ,IPS ,16:9 ,Black ,250 cd/m² ,0.311 mm ,Yes ,No ,None ,Yes ,,178° H x 178° V , 1 x HDMI | 1 x VGA | 
LG 22BL450Y-W,LG ,22BL450Y-W ,"21.5"" ",1920 x 1080 ,75 Hz ,5 ms ,IPS ,16:9 ,White ,250 cd/m² ,0.248 mm ,Yes ,No ,None ,No ,,178° H x 178° V , 1 x DisplayPort | 1 x HDMI | 
Monoprice 42107,Monoprice ,42107 ,"32"" ",2560 x 1440 ,165 Hz ,6 ms ,VA ,16:9 ,Black ,400 cd/m² ,0.277 mm ,Yes ,Yes ,FreeSync ,No ,,178° H x 178° V , 2 x DisplayPort | 2 x HDMI | 
LG 24M49VQ-P,LG ,24M49VQ-P ,"23.5"" ",1920 x 1080 ,60 Hz ,2 ms ,TN ,16:9 ,Black ,250 cd/m² ,0.271 mm ,Yes ,No ,None ,No ,,170° H x 160° V , 1 x DVI-D Single Link | 1 x HDMI | 1 x VGA | 
NEC EA261WM-BK,NEC ,EA261WM-BK ,"26"" ",1920 x 1200 ,60 Hz ,5 ms ,TN ,16:10 ,Black ,400 cd/m² ,0.292 mm ,Yes ,No ,None ,Yes ,,170° H x 160° V , 1 x DVI-D Single Link | 1 x VGA | 
ViewSonic XG2705 OMNI,ViewSonic , XG2705 | XG2705-2 | ,"27"" ",1920 x 1080 ,144 Hz ,1 ms ,IPS ,16:9 ,Black ,250 cd/m² ,0.311 mm ,Yes ,No ,FreeSync Premium ,Yes ,,178° H x 178° V , 1 x DisplayPort | 2 x HDMI | 
Monoprice 40865,Monoprice ,40865 ,"49"" ",5120 x 1440 ,120 Hz ,4 ms ,VA ,32:9 ,Black ,400 cd/m² ,0.234 mm ,Yes ,Yes ,FreeSync ,No ,,178° H x 178° V , 2 x DisplayPort | 2 x HDMI | 
Monoprice CrystalPro,Monoprice ,37922 ,"27"" ",2560 x 1440 ,60 Hz ,4 ms ,IPS ,16:9 ,Black ,300 cd/m² ,0.233 mm ,Yes ,No ,None ,No ,,178° H x 178° V , 1 x DisplayPort | 2 x HDMI | 
Monoprice 42108,Monoprice ,42108 ,"31.5"" ",2560 x 1440 ,165 Hz ,6 ms ,VA ,16:9 ,Black ,350 cd/m² ,0.272 mm ,Yes ,No ,FreeSync ,No ,,178° H x 178° V , 2 x DisplayPort | 2 x HDMI | 
Monoprice 40775,Monoprice ,40775 ,"23.6"" ",1920 x 1080 ,144 Hz ,6 ms ,VA ,16:9 ,Black ,250 cd/m² ,0.272 mm ,Yes ,Yes ,FreeSync ,No ,,178° H x 178° V , 1 x DisplayPort | 2 x HDMI | 
Acer V227Q bip,Acer ,UM.WV7AA.002 ,"21.5"" ",1920 x 1080 ,75 Hz ,4 ms ,IPS ,16:9 ,Black ,250 cd/m² ,0.248 mm ,Yes ,No ,FreeSync ,Yes ,,178° H x 178° V , 1 x DisplayPort | 1 x HDMI | 
Acer V246HL bi,Acer ,UM.FV6AA.017 ,"24"" ",1920 x 1080 ,60 Hz ,5 ms ,TN ,16:9 ,Black ,250 cd/m² ,0.277 mm ,Yes ,No ,None ,No ,,170° H x 160° V , 1 x HDMI | 1 x VGA | 
Acer V226HQL bid,Acer ,UM.WV6AA.006 ,"21.5"" ",1920 x 1080 ,60 Hz ,5 ms ,TN ,16:9 ,Black ,250 cd/m² ,0.248 mm ,Yes ,No ,None ,No ,,170° H x 160° V , 1 x DVI | 1 x HDMI | 1 x VGA | 
Acer V227Q Abmix,Acer ,UM.WV7AA.A01 ,"21.5"" ",1920 x 1080 ,75 Hz ,4 ms ,VA ,16:9 ,Black ,250 cd/m² ,0.248 mm ,Yes ,No ,FreeSync ,Yes ,,178° H x 178° V , 1 x HDMI | 1 x VGA | 
Acer B246WL Aymidprz,Acer ,UM.FB6AA.A02 ,"24"" ",1920 x 1200 ,60 Hz ,5 ms ,IPS ,16:10 ,Black ,300 cd/m² ,0.269 mm ,Yes ,No ,None ,Yes ,,178° H x 178° V ,1 x DVI 
Acer V277 bmix,Acer ,UM.HV7AA.004 ,"27"" ",1920 x 1080 ,75 Hz ,4 ms ,IPS ,16:9 ,Black ,250 cd/m² ,0.311 mm ,Yes ,No ,FreeSync ,No ,,178° H x 178° V , 1 x HDMI | 1 x VGA | 
Acer ConceptD CP3271K Pbmiippruzx,Acer ,UM.HC1AA.P01 ,"27"" ",3840 x 2160 ,144 Hz ,,IPS ,16:9 ,,400 cd/m² ,0.156 mm ,Yes ,No ,None ,Yes ,,178° H x 178° V , 2 x DisplayPort | 2 x HDMI | 
Acer BW237Q bmiprx,Acer ,UM.EB7AA.001 ,"22.5"" ",1920 x 1200 ,60 Hz ,4 ms ,IPS ,16:10 ,Black ,250 cd/m² ,0.252 mm ,Yes ,No ,FreeSync ,Yes ,,178° H x 178° V , 1 x DisplayPort | 1 x VGA | 
Acer KA240Y bmiix,Acer ,UM.QX0AA.005 ,"23.8"" ",1920 x 1080 ,60 Hz ,,VA ,16:9 ,Black ,250 cd/m² ,0.274 mm ,Yes ,No ,FreeSync ,Yes ,,178° H x 178° V ,1 x VGA 
X= XRGB27WQ,X= ,XRGB27WQ ,"27"" ",2560 x 1440 ,165 Hz ,,IPS ,16:9 ,Black ,350 cd/m² ,0.233 mm ,Yes ,No , FreeSync | G-Sync Compatible | ,No ,,178° H x 178° V , 1 x DisplayPort | 1 x HDMI | 
X= XG27IPS,X= ,XG27IPS ,"27"" ",1920 x 1080 ,75 Hz ,8 ms ,IPS ,16:9 ,Black ,250 cd/m² ,0.311 mm ,Yes ,No ,FreeSync ,Yes ,,178° H x 178° V , 1 x HDMI | 1 x VGA | 
X= XG24IPS,X= ,XG24IPS ,"23.8"" ",1920 x 1080 ,75 Hz ,8 ms ,IPS ,16:9 ,Black ,250 cd/m² ,0.274 mm ,Yes ,No ,FreeSync ,Yes ,,178° H x 178° V , 1 x HDMI | 1 x VGA | 
Acer Nitro RG240Y,Acer ,UM.QR0EE.009 ,"23.8"" ",1920 x 1080 ,75 Hz ,,IPS ,16:9 ,Black ,250 cd/m² ,0.274 mm ,Yes ,No ,FreeSync ,Yes ,,178° H x 178° V , 2 x HDMI | 1 x VGA | 
AOC VIPRB-E2280SWDN,AOC ,VIPRB-E2280SWDN ,"22"" ",1920 x 1080 ,60 Hz ,,TN ,16:9 ,Black ,,0.254 mm ,Yes ,No ,None ,No ,,, 1 x DVI-D Single Link | 1 x VGA | 
Acer PE320QK,Acer ,UM.JP0SA.002 ,"31.5"" ",3840 x 2160 ,60 Hz ,4 ms ,IPS ,16:9 ,Black ,350 cd/m² ,0.182 mm ,Yes ,No ,None ,Yes ,,178° H x 178° V , 1 x DisplayPort | 2 x HDMI | 
Acer KG221Q ABMIX,Acer ,UM.WX1AA.A01 ,"21.5"" ",1920 x 1080 ,75 Hz ,1 ms ,TN ,16:9 ,Black ,200 cd/m² ,0.248 mm ,Yes ,No ,FreeSync ,Yes ,,90° H x 65° V , 1 x HDMI | 1 x VGA | 
LG 32UL750-W,LG , 32UL750-W | 32UL750-W.AEU | ,"31.5"" ",3840 x 2160 ,60 Hz ,4 ms ,VA ,16:9 ,Silver / White ,400 cd/m² ,0.182 mm ,Yes ,No ,FreeSync ,No ,,178° H x 178° V , 1 x DisplayPort | 2 x HDMI | 
LG 32UK50T-W,LG ,32UK50T-W ,"31.5"" ",3840 x 2160 ,60 Hz ,4 ms ,VA ,16:9 ,Silver / White ,300 cd/m² ,0.182 mm ,Yes ,No ,FreeSync ,No ,,178° H x 178° V , 1 x DisplayPort | 2 x HDMI | 
LG 27GN880-B,LG , 27GN880-B | 27GN880-B.AEU | ,"27"" ",2560 x 1440 ,144 Hz ,1 ms ,IPS ,16:9 ,Black ,350 cd/m² ,0.233 mm ,Yes ,No ,FreeSync ,No ,,178° H x 178° V , 1 x DisplayPort | 2 x HDMI | 
Asus VZ279HEG1R,Asus , VZ279HEG1R | 90LM05T1-B01E70 | ,"27"" ",1920 x 1080 ,75 Hz ,,IPS ,16:9 ,Black ,250 cd/m² ,0.311 mm ,Yes ,No ,FreeSync ,No ,,178° H x 178° V , 1 x HDMI | 1 x VGA | 
Monoprice Dark Matter,Monoprice ,43305 ,"49"" ",5120 x 1440 ,120 Hz ,4 ms ,VA ,32:9 ,Black ,400 cd/m² ,0.234 mm ,Yes ,Yes ,FreeSync ,No ,,178° H x 178° V , 2 x DisplayPort | 2 x HDMI | 
Monoprice Zero-G,Monoprice ,42891 ,"31.5"" ",2560 x 1440 ,165 Hz ,6 ms ,VA ,16:9 ,Black ,300 cd/m² ,0.272 mm ,Yes ,No ,FreeSync ,No ,,178° H x 178° V , 2 x DisplayPort | 2 x HDMI | 
Monoprice CrystalPro,Monoprice ,43019 ,"28"" ",3840 x 2160 ,60 Hz ,,IPS ,16:9 ,Black ,250 cd/m² ,0.161 mm ,Yes ,No ,None ,Yes ,,178° H x 178° V , 1 x DisplayPort | 2 x HDMI | 
Monoprice CrystalPro,Monoprice ,43020 ,"31.5"" ",3840 x 2160 ,60 Hz ,,VA ,16:9 ,Black ,,0.182 mm ,Yes ,No ,None ,Yes ,,178° H x 178° V , 1 x DisplayPort | 2 x HDMI | 
Monoprice CrystalPro,Monoprice ,43021 ,"34"" ",3440 x 1440 ,60 Hz ,,VA ,21:9 ,Black ,,0.232 mm ,Yes ,No ,None ,Yes ,,178° H x 178° V , 1 x DisplayPort | 2 x HDMI | 
Monoprice Dark Matter,Monoprice ,43548 ,"31.5"" ",2560 x 1440 ,165 Hz ,,IPS ,16:9 ,Black ,,0.272 mm ,Yes ,No ,FreeSync ,No ,,178° H x 178° V , 2 x DisplayPort 1.2 | 2 x HDMI 2.0 | 
Monoprice Dark Matter,Monoprice ,42772 ,"34"" ",3440 x 1440 ,165 Hz ,,VA ,21:9 ,Black ,400 cd/m² ,0.232 mm ,Yes ,Yes ,FreeSync ,No ,,178° H x 178° V , 1 x DisplayPort 1.4a | 2 x HDMI 2.0 | 
ViewSonic VA2759-smh,ViewSonic ,VA2759-smh ,"27"" ",1920 x 1080 ,60 Hz ,4 ms ,IPS ,16:9 ,Black ,250 cd/m² ,0.311 mm ,Yes ,No ,FreeSync ,Yes ,,178° H x 178° V , 1 x HDMI | 1 x VGA | 
Samsung F27T85,Samsung , LF27T850QWUXEN | LF27T850QWRXEN | ,"27"" ",2560 x 1440 ,75 Hz ,,IPS ,16:9 ,Black ,350 cd/m² ,0.233 mm ,Yes ,No ,FreeSync ,No ,,178° H x 178° V , 1 x DisplayPort 1.2 | 1 x HDMI 1.4 | 
Pixio PX248PA,Pixio ,PX248PA ,"23.8"" ",1920 x 1080 ,144 Hz ,1 ms ,IPS ,16:9 ,Black ,300 cd/m² ,0.274 mm ,Yes ,No , FreeSync Premium | G-Sync Compatible | ,Yes ,,178° H x 178° V , 2 x DisplayPort 1.4 | 2 x HDMI 1.4 | 
Pixio PX273,Pixio ,PX273 ,"27"" ",1920 x 1080 ,165 Hz ,,VA ,16:9 ,Black ,400 cd/m² ,0.311 mm ,Yes ,No , FreeSync Premium | G-Sync Compatible | ,No ,,178° H x 178° V , 1 x DisplayPort 1.2 | 1 x HDMI 2.0 | 1 x HDMI 1.4 | 
Pixio PX273P,Pixio ,PX273P ,"27"" ",1920 x 1080 ,165 Hz ,1 ms ,IPS ,16:9 ,Black ,400 cd/m² ,0.311 mm ,Yes ,No , FreeSync Premium | G-Sync Compatible | ,No ,,178° H x 178° V , 2 x DisplayPort 1.4 | 2 x HDMI 2.0 | 
Pixio PX259P,Pixio ,PX259P ,"24.5"" ",1920 x 1080 ,280 Hz ,1 ms ,IPS ,16:9 ,Black ,350 cd/m² ,0.282 mm ,Yes ,No , FreeSync Premium | G-Sync Compatible | ,Yes ,,178° H x 178° V , 1 x DisplayPort 1.2 | 1 x DisplayPort 1.4 | 2 x HDMI 2.0 | 
Pixio PX274P,Pixio ,PX274P ,"27"" ",2560 x 1440 ,75 Hz ,,IPS ,16:9 ,Black ,500 cd/m² ,0.233 mm ,Yes ,No , FreeSync Premium | G-Sync Compatible | ,No ,,178° H x 178° V , 2 x DisplayPort 1.4 | 2 x HDMI 2.0 | 
X= XG27CURV,X= ,XG27CURV ,"27"" ",1920 x 1080 ,75 Hz ,4 ms ,VA ,16:9 ,Black ,300 cd/m² ,0.311 mm ,Yes ,Yes ,FreeSync ,No ,,178° H x 178° V , 1 x HDMI 1.4 | 1 x VGA | 
X= XG34UWQ,X= ,XG34UWQ ,"34"" ",3440 x 1440 ,160 Hz ,8 ms ,VA ,21:9 ,Black ,400 cd/m² ,0.232 mm ,Yes ,Yes , FreeSync | G-Sync Compatible | ,Yes ,,178° H x 178° V , 2 x DisplayPort 1.4 | 1 x HDMI 2.0 | 
X= XPRO27IPS,X= ,XPRO27IPS ,"27"" ",1920 x 1080 ,165 Hz ,,IPS ,16:9 ,Black ,300 cd/m² ,0.311 mm ,Yes ,No , FreeSync | G-Sync Compatible | ,No ,,178° H x 178° V , 2 x DisplayPort | 2 x HDMI | 
X= XRGB27UHD,X= ,XRGB27UHD ,"27"" ",3840 x 2160 ,144 Hz ,5 ms ,IPS ,16:9 ,Black ,600 cd/m² ,0.156 mm ,Yes ,No , FreeSync | G-Sync Compatible | ,No ,,178° H x 178° V , 1 x DisplayPort 1.4 | 2 x HDMI 2.1 | 
MSI Optix G242P,MSI ,Optix G242P ,"23.8"" ",1920 x 1080 ,144 Hz ,,IPS ,16:9 ,Black ,250 cd/m² ,0.274 mm ,Yes ,No ,FreeSync ,No ,,178° H x 178° V , 1 x DisplayPort 1.2a | 2 x HDMI 1.4 | 
MSI Optix MAG245R,MSI ,Optix MAG245R ,"23.8"" ",1920 x 1080 ,144 Hz ,,IPS ,16:9 ,Black ,250 cd/m² ,0.274 mm ,Yes ,No ,FreeSync ,No ,,178° H x 178° V , 1 x DisplayPort 1.2a | 2 x HDMI 1.4 | 
MSI Optix G271C,MSI ,OPTIX G271C ,"27"" ",1920 x 1080 ,165 Hz ,,VA ,16:9 ,Black ,300 cd/m² ,0.311 mm ,Yes ,Yes ,FreeSync Premium ,No ,,178° H x 178° V , 1 x DisplayPort 1.2a | 2 x HDMI 2.0b | 
MSI MPG ARTYMIS 273CQR-QD,MSI ,MPG ARTYMIS 273CQR-QD ,"27"" ",2560 x 1440 ,165 Hz ,,VA ,16:9 ,Black ,530 cd/m² ,0.233 mm ,Yes ,Yes ,FreeSync Premium Pro ,No ,,178° H x 178° V , 1 x DisplayPort 1.2a | 2 x HDMI 2.0b | 
NZXT Canvas 27Q,NZXT ,MNST-27QSB-B-WB ,"27"" ",2560 x 1440 ,165 Hz ,,IPS ,16:9 ,White / Black ,300 cd/m² ,0.233 mm ,Yes ,No , FreeSync Premium | G-Sync Compatible | ,No ,,178° H x 178° V , 1 x DisplayPort 1.2 | 2 x HDMI 2.0 | 
NZXT Canvas 32Q,NZXT ,MNST-32QSB-B-WB ,"32"" ",2560 x 1440 ,165 Hz ,,VA ,16:9 ,White / Black ,300 cd/m² ,0.277 mm ,Yes ,Yes , FreeSync Premium | G-Sync Compatible | ,No ,,178° H x 178° V , 1 x DisplayPort 1.2 | 2 x HDMI 2.0 | 
Samsung Odyssey G52A,Samsung ,LS32AG520PNXZA ,"32"" ",2560 x 1440 ,165 Hz ,1 ms ,IPS ,16:9 ,Black ,400 cd/m² ,0.277 mm ,Yes ,No , FreeSync Premium | G-Sync Compatible | ,No ,,178° H x 178° V , 1 x DisplayPort 1.2 | 1 x HDMI 2.0 | 
Acer CB242Y Dbmiprcx,Acer , UM.QB2AA.D01 | CB242Y Dbmiprcx | ,"23.8"" ",1920 x 1080 ,75 Hz ,,IPS ,16:9 ,Black ,250 cd/m² ,0.274 mm ,Yes ,No ,None ,Yes ,,178° H x 178° V , 1 x DisplayPort | 1 x HDMI | 1 x VGA | 
Samsung M50B,Samsung ,LS27BM502ENXGO ,"27"" ",1920 x 1080 ,60 Hz ,4 ms ,VA ,16:9 ,Black ,250 cd/m² ,0.311 mm ,Yes ,No ,None ,Yes ,,178° H x 178° V ,2 x HDMI 1.4 
Samsung CH890,Samsung ,LC34H890WGNXGO ,"34"" ",3440 x 1440 ,100 Hz ,,VA ,21:9 ,Black ,300 cd/m² ,0.232 mm ,Yes ,Yes ,FreeSync ,No ,,178° H x 178° V ,1 x HDMI 2.0 
Samsung FT650,Samsung ,LF24T650FYNXGO ,"24"" ",1920 x 1080 ,75 Hz ,5 ms ,IPS ,16:9 ,Blue ,250 cd/m² ,0.277 mm ,Yes ,No ,FreeSync ,Yes ,,178° H x 178° V , 1 x DisplayPort 1.2 | 1 x DVI-I Dual Link | 1 x HDMI 1.4 | 
Samsung LF27T700QQNXZA,Samsung ,LF27T700QQNXZA ,"27"" ",2560 x 1440 ,75 Hz ,5 ms ,IPS ,16:9 ,Black ,300 cd/m² ,0.233 mm ,Yes ,No ,FreeSync ,No ,,178° H x 178° V , 1 x DisplayPort 1.2 | 2 x HDMI 1.4 | 1 x HDMI 2.0 | 
Samsung FT850,Samsung ,LF27T850QWNXZA ,"27"" ",2560 x 1440 ,75 Hz ,4 ms ,PLS ,16:9 ,Black ,350 cd/m² ,0.233 mm ,Yes ,No ,FreeSync ,No ,,178° H x 178° V , 1 x DisplayPort | 1 x HDMI | 
Samsung TU872,Samsung ,LF32TU872VNXGO ,"32"" ",3840 x 2160 ,60 Hz ,8 ms ,VA ,16:9 ,Blue ,250 cd/m² ,0.184 mm ,Yes ,No ,None ,No ,,178° H x 178° V , 1 x DisplayPort 1.2 | 1 x HDMI 2.0 | 2 x USB Type-C | 
Samsung SF350,Samsung ,LS19F350HNNXZA ,"19"" ",1366 x 768 ,,,PLS ,16:9 ,Black ,250 cd/m² ,0.308 mm ,Yes ,No ,None ,No ,,170° H x 160° V ,1 x VGA 
Samsung SE348,Samsung ,LS22E348ASX/ZA ,"22"" ",1920 x 1080 ,,,TN ,16:9 ,Black ,250 cd/m² ,0.254 mm ,Yes ,No ,None ,No ,,170° H x 160° V , 1 x DVI | 1 x HDMI | 1 x VGA | 
Samsung S33A,Samsung ,LS24A336NHNXZA ,"24"" ",1920 x 1080 ,60 Hz ,5 ms ,VA ,16:9 ,Black ,250 cd/m² ,0.277 mm ,Yes ,No ,None ,No ,,178° H x 178° V , 1 x HDMI 1.4 | 1 x VGA | 
Samsung LS24A400VENXZA,Samsung ,LS24A400VENXZA ,"24"" ",1920 x 1080 ,75 Hz ,5 ms ,IPS ,16:9 ,Black ,250 cd/m² ,0.277 mm ,Yes ,No ,FreeSync ,No ,,178° H x 178° V , 1 x DisplayPort 1.2 | 1 x HDMI 1.4 | 
Samsung S60A,Samsung , LS24A600NWNXGO | S24A600NWN | ,"24"" ",2560 x 1440 ,75 Hz ,,IPS ,16:9 ,Black ,300 cd/m² ,0.208 mm ,Yes ,No ,None ,No ,,178° H x 178° V , 1 x DisplayPort 1.2 | 1 x HDMI 1.4 | 
Samsung SE348,Samsung ,LS24E348ASX/ZA ,"24"" ",1920 x 1080 ,,,TN ,16:9 ,Black ,250 cd/m² ,0.277 mm ,Yes ,No ,None ,No ,,170° H x 160° V , 1 x DVI | 1 x HDMI | 1 x VGA | 
Samsung SE650,Samsung ,LS24E65KPLH/GO ,"23.6"" ",1920 x 1080 ,60 Hz ,,PLS ,16:9 ,Black ,250 cd/m² ,0.272 mm ,Yes ,No ,None ,Yes ,,178° H x 178° V , 1 x DisplayPort | 1 x HDMI | 1 x VGA | 
Samsung SE650,Samsung ,LS24E65UDWG/ZA ,"24"" ",1920 x 1200 ,60 Hz ,,PLS ,16:10 ,Black ,250 cd/m² ,0.269 mm ,Yes ,No ,None ,No ,,178° H x 178° V , 1 x DVI | 1 x VGA | 
Samsung SF350,Samsung ,LS24F350FHNXZA ,"23.5"" ",1920 x 1080 ,60 Hz ,4 ms ,PLS ,16:9 ,,250 cd/m² ,0.271 mm ,Yes ,No ,None ,No ,,178° H x 178° V , 1 x HDMI | 1 x VGA | 
Samsung SH850,Samsung ,LS24H850QFNXZA ,"24"" ",2560 x 1440 ,60 Hz ,5 ms ,PLS ,16:9 ,Black ,300 cd/m² ,0.208 mm ,Yes ,No ,None ,No ,,178° H x 178° V , 1 x DisplayPort | 1 x HDMI 1.4 | 1 x USB Type-C | 
Samsung SR650,Samsung ,LS24R650FDNXZA ,"23.8"" ",1920 x 1080 ,,5 ms ,IPS ,16:9 ,,250 cd/m² ,0.274 mm ,Yes ,No ,None ,No ,,178° H x 178° V ,1 x VGA 
Samsung S60A,Samsung ,LS27A600NWNXGO ,"27"" ",2560 x 1440 ,75 Hz ,,IPS ,16:9 ,Black ,300 cd/m² ,0.233 mm ,Yes ,No ,None ,No ,,178° H x 178° V , 1 x DisplayPort 1.2 | 1 x HDMI 1.4 | 
Samsung SE310,Samsung ,LS27E310HSG/ZA ,"27"" ",1920 x 1080 ,,,TN ,16:9 ,Black ,300 cd/m² ,0.311 mm ,Yes ,No ,None ,No ,,170° H x 160° V , 1 x HDMI | 1 x VGA | 
Samsung SE310,Samsung ,LS27E310HZG/ZA ,"27"" ",1920 x 1080 ,,1 ms ,TN ,16:9 ,,300 cd/m² ,0.311 mm ,Yes ,No ,None ,No ,,170° H x 160° V , 1 x HDMI | 1 x VGA | 
Samsung SR650,Samsung , LS27R650FDNXZA | S27R650FDN | ,"27"" ",1920 x 1080 ,75 Hz ,5 ms ,IPS ,16:9 ,,250 cd/m² ,0.311 mm ,Yes ,No ,FreeSync ,No ,,178° H x 178° V , 1 x DisplayPort 1.2 | 1 x HDMI 1.4 | 1 x VGA | 
Samsung S32A60,Samsung ,LS32A600NWNXGO ,"32"" ",2560 x 1440 ,75 Hz ,,VA ,16:9 ,Black ,300 cd/m² ,0.277 mm ,Yes ,No ,FreeSync ,No ,,178° H x 178° V , 1 x DisplayPort 1.2 | 1 x HDMI 1.4 | 
Samsung S80A,Samsung , LS32A804NMNXGO | S32A804NMN | ,"32"" ",3840 x 2160 ,60 Hz ,,VA ,16:9 ,Black ,300 cd/m² ,0.184 mm ,Yes ,No ,None ,No ,,178° H x 178° V , 1 x DisplayPort 1.2 | 1 x HDMI 2.0 | 
Samsung M80B,Samsung ,LS32BM801UNXGO ,"32"" ",3840 x 2160 ,60 Hz ,4 ms ,VA ,16:9 ,White ,400 cd/m² ,0.184 mm ,Yes ,No ,None ,Yes ,,178° H x 178° V , 1 x Micro-HDMI 2.0 | 1 x USB Type-C | 
Samsung M80B,Samsung ,LS32BM80BUNXGO ,"32"" ",3840 x 2160 ,60 Hz ,4 ms ,VA ,16:9 ,White ,400 cd/m² ,0.184 mm ,Yes ,No ,None ,Yes ,,178° H x 178° V , 1 x Micro-HDMI 2.0 | 1 x USB Type-C | 
Samsung M80B,Samsung ,LS32BM80GUNXGO ,"32"" ",3840 x 2160 ,60 Hz ,4 ms ,VA ,16:9 ,White ,400 cd/m² ,0.184 mm ,Yes ,No ,None ,Yes ,,178° H x 178° V , 1 x Micro-HDMI 2.0 | 1 x USB Type-C | 
Samsung M80B,Samsung ,LS32BM80PUNXGO ,"32"" ",3840 x 2160 ,60 Hz ,4 ms ,VA ,16:9 ,White ,400 cd/m² ,0.184 mm ,Yes ,No ,None ,Yes ,,178° H x 178° V , 1 x Micro-HDMI 2.0 | 1 x USB Type-C | 
Samsung SF351,Samsung ,LS32F351FUNXZA ,"31.5"" ",1920 x 1080 ,,,VA ,16:9 ,,250 cd/m² ,0.363 mm ,Yes ,No ,None ,No ,,178° H x 178° V ,2 x HDMI 
Samsung UE590,Samsung ,LU24E590DS/ZA ,"23.6"" ",3840 x 2160 ,,,PLS ,16:9 ,Black / Silver ,300 cd/m² ,0.136 mm ,Yes ,No ,FreeSync ,No ,,178° H x 178° V , 1 x DisplayPort | 2 x HDMI | 
Samsung UE510,Samsung ,LU28E510DS/ZA-R ,"28"" ",3840 x 2160 ,,,TN ,16:9 ,Black / Silver ,370 cd/m² ,0.161 mm ,Yes ,No ,FreeSync ,No ,,170° H x 160° V , 1 x DisplayPort | 2 x HDMI | 
Samsung UH750,Samsung ,LU28H750UQNXZA ,"27.9"" ",3840 x 2160 ,60 Hz ,1 ms ,TN ,16:9 ,Black / Silver ,300 cd/m² ,0.161 mm ,Yes ,No ,None ,No ,,170° H x 160° V , 1 x DisplayPort | 2 x HDMI | 
Samsung UD970,Samsung ,LU32D97KQSR/ZA ,"31.5"" ",3840 x 2160 ,60 Hz ,,VA ,16:9 ,Black / Silver ,350 cd/m² ,0.182 mm ,Yes ,No ,None ,No ,,178° H x 178° V , 2 x DisplayPort | 1 x HDMI | 
Acer CB342CK smiiphzx,Acer , UM.CB2AA.001 | CB342CK smiiphzx | ,"34"" ",3440 x 1440 ,75 Hz ,,IPS ,21:9 ,Black ,250 cd/m² ,0.232 mm ,Yes ,No ,FreeSync ,Yes ,100 x 100 ,178° H x 178° V , 1 x DisplayPort | 2 x HDMI | 
Acer CB342CUR BMIIPHUZX,Acer , UM.CB2AA.002 | CB342CUR BMIIPHUZX | ,"34"" ",3440 x 1440 ,60 Hz ,,IPS ,21:9 ,Black ,300 cd/m² ,0.232 mm ,Yes ,Yes ,None ,No ,100 x 100 ,178° H x 178° V , 1 x DisplayPort 1.2 | 1 x HDMI 2.0 | 
Acer EH301CUR,Acer , UM.CE1AA.001 | EH301CUR | ,"30"" ",2560 x 1080 ,144 Hz ,,VA ,21:9 ,Black ,300 cd/m² ,0.274 mm ,Yes ,No ,None ,No ,,178° H x 178° V , 1 x DisplayPort | 1 x HDMI | 
Acer CB272 bir,Acer , UM.HB2AA.002 | CB272 bir | ,"27"" ",1920 x 1080 ,75 Hz ,,IPS ,16:9 ,Black ,250 cd/m² ,0.311 mm ,Yes ,No ,FreeSync ,No ,100 x 100 ,178° H x 178° V , 1 x HDMI | 1 x VGA | 
Acer CBA272 bir,Acer , UM.HB2AA.007 | CBA272 bir | ,"27"" ",1920 x 1080 ,75 Hz ,,IPS ,16:9 ,Black ,250 cd/m² ,0.311 mm ,Yes ,No ,None ,No ,100 x 100 ,178° H x 178° V , 1 x HDMI | 1 x VGA | 
Acer CB272 Dbmiprx,Acer , UM.HB2AA.D01 | CB272 Dbmiprx | ,"27"" ",1920 x 1080 ,75 Hz ,,IPS ,16:9 ,Black ,250 cd/m² ,0.311 mm ,Yes ,No ,None ,Yes ,100 x 100 ,178° H x 178° V , 1 x DisplayPort | 1 x HDMI | 1 x VGA | 
Acer CB273U BEMIPRUZX,Acer , UM.HB3AA.002 | CB273U BEMIPRUZX | ,"27"" ",2560 x 1440 ,75 Hz ,,IPS ,16:9 ,Black ,350 cd/m² ,0.233 mm ,Yes ,No ,None ,No ,100 x 100 ,178° H x 178° V , 1 x DisplayPort 1.2 | 1 x HDMI 2.0 | 
Acer ED272 Abix,Acer , UM.HE2AA.A01 | ED272 Abix | ,"27"" ",1920 x 1080 ,75 Hz ,4 ms ,IPS ,16:9 ,Black ,250 cd/m² ,0.311 mm ,Yes ,No ,None ,No ,,178° H x 178° V , 1 x HDMI | 1 x VGA | 
Acer EH273 BIX,Acer , UM.HE3AA.006 | EH273 BIX | ,"27"" ",1920 x 1080 ,75 Hz ,,VA ,16:9 ,Black ,250 cd/m² ,0.311 mm ,Yes ,No ,None ,No ,100 x 100 ,178° H x 178° V , 1 x HDMI | 1 x VGA | 
Acer R270 SMIPX,Acer , UM.HR0AA.003 | R270 SMIPX | ,"27"" ",1920 x 1080 ,75 Hz ,,IPS ,16:9 ,,250 cd/m² ,0.311 mm ,Yes ,No ,FreeSync ,Yes ,100 x 100 ,178° H x 178° V , 1 x DisplayPort | 1 x HDMI | 1 x VGA | 
Acer RG271 Pbiipx,Acer , UM.HR1AA.P01 | RG271 Pbiipx | ,"27"" ",1920 x 1080 ,144 Hz ,,IPS ,16:9 ,Black ,250 cd/m² ,0.311 mm ,Yes ,No ,FreeSync Premium ,No ,75 x 75 ,178° H x 178° V , 1 x DisplayPort | 1 x HDMI | 
Acer VG270U ABMIIPX,Acer , UM.HV0AA.A01 | VG270U ABMIIPX | ,"27"" ",2560 x 1440 ,75 Hz ,,IPS ,16:9 ,Black ,250 cd/m² ,0.233 mm ,Yes ,No ,FreeSync ,Yes ,,178° H x 178° V , 1 x DisplayPort 1.2 | 1 x HDMI 1.4 | 
Acer XV270U bmiiprx,Acer , UM.HX0AA.007 | XV270U bmiiprx | ,"27"" ",2560 x 1440 ,75 Hz ,,IPS ,16:9 ,Black ,350 cd/m² ,0.233 mm ,Yes ,No ,FreeSync ,Yes ,100 x 100 ,178° H x 178° V , 1 x DisplayPort | 1 x HDMI | 
Acer KA270H Dbi,Acer , UM.HX0AA.D02 | KA270H Dbi | ,"27"" ",1920 x 1080 ,75 Hz ,,TN ,16:9 ,Black ,300 cd/m² ,0.311 mm ,Yes ,No ,None ,No ,100 x 100 ,170° H x 160° V , 1 x HDMI 1.4 | 1 x VGA | 
Acer K272HL Hbi,Acer , UM.HX2AA.H01 | K272HL Hbi | ,"27"" ",1920 x 1080 ,,,VA ,16:9 ,Black ,300 cd/m² ,0.311 mm ,Yes ,No ,FreeSync ,No ,,, 1 x HDMI | 1 x VGA | 
Acer K202HQL bi,Acer , UM.IX2AA.002 | K202HQL bi | ,"19.5"" ",1600 x 900 ,60 Hz ,,TN ,16:9 ,Black ,200 cd/m² ,0.27 mm ,Yes ,No ,None ,No ,,, 1 x HDMI | 1 x VGA | 
Acer CBA322QU SMIIPRZX,Acer , UM.JB2AA.001 | CBA322QU SMIIPRZX | ,"31.5"" ",2560 x 1440 ,75 Hz ,,IPS ,16:9 ,,300 cd/m² ,0.272 mm ,Yes ,No ,None ,No ,100 x 100 ,178° H x 178° V , 1 x DisplayPort 1.2 | 1 x HDMI 2.0 | 
Acer ET322QK Abmiipx,Acer , UM.JE2AA.A02 | ET322QK Abmiipx | ,"31.5"" ",3840 x 2160 ,60 Hz ,,VA ,16:9 ,,300 cd/m² ,0.182 mm ,Yes ,No ,FreeSync ,Yes ,100 x 100 ,178° H x 178° V , 1 x DisplayPort 1.2 | 2 x HDMI 2.0 | 
Acer CB242Y bmirx,Acer , UM.QB2AA.002 | CB242Y bmirx | ,"23.8"" ",1920 x 1080 ,75 Hz ,,IPS ,16:9 ,Black ,250 cd/m² ,0.274 mm ,Yes ,No ,FreeSync ,Yes ,100 x 100 ,178° H x 178° V , 1 x HDMI | 1 x VGA | 
Acer CBA242Y Abmirx,Acer , UM.QB2AA.A02 | CBA242Y Abmirx | ,"23.8"" ",1920 x 1080 ,,,VA ,16:9 ,Black ,250 cd/m² ,0.274 mm ,Yes ,No ,None ,No ,100 x 100 ,178° H x 178° V , 1 x HDMI 1.4 | 1 x VGA | 
Acer PG241Y Pbiipx,Acer , UM.QP1AA.P01 | PG241Y Pbiipx | ,"23.8"" ",1920 x 1080 ,144 Hz ,,VA ,16:9 ,Black ,250 cd/m² ,0.274 mm ,Yes ,No ,FreeSync ,No ,100 x 100 ,178° H x 178° V , 1 x DisplayPort 1.2 | 1 x HDMI | 2 x HDMI 1.4 | 
Acer CB292CU bmiipruzx,Acer , UM.RB2AA.001 | CB292CU bmiipruzx | ,"29"" ",2560 x 1080 ,75 Hz ,,IPS ,21:9 ,Black ,250 cd/m² ,0.265 mm ,Yes ,No ,None ,Yes ,100 x 100 ,178° H x 178° V , 1 x DisplayPort | 1 x HDMI | 
Acer CB292CU bmiiprx,Acer , UM.RB2AA.002 | CB292CU bmiiprx | ,"29"" ",2560 x 1080 ,75 Hz ,,IPS ,21:9 ,Black ,250 cd/m² ,0.265 mm ,Yes ,No ,None ,No ,100 x 100 ,178° H x 178° V , 1 x DisplayPort | 1 x HDMI | 
Acer EI491CR SBMIIIPHX,Acer , UM.SE1AA.S01 | EI491CR SBMIIIPHX | ,"49"" ",3840 x 1080 ,120 Hz ,,VA ,32:9 ,Black ,400 cd/m² ,0.312 mm ,Yes ,Yes ,FreeSync Premium ,Yes ,75 x 75 ,178° H x 178° V , 1 x DisplayPort | 1 x HDMI | 
Acer CB382CUR bmiiphuzx,Acer , UM.TB2AA.001 | CB382CUR bmiiphuzx | ,"37.5"" ",3840 x 1600 ,60 Hz ,,IPS ,12:5 ,Black ,300 cd/m² ,0.229 mm ,Yes ,No ,None ,No ,100 x 100 ,178° H x 178° V , 1 x DisplayPort 1.2 | 1 x HDMI 2.0 | 
Acer XR382CQK bmijqphuzx,Acer , UM.TX2AA.002 | XR382CQK bmijqphuzx | ,"37.5"" ",3840 x 1600 ,75 Hz ,,IPS ,12:5 ,Black ,300 cd/m² ,0.229 mm ,Yes ,Yes ,FreeSync ,Yes ,100 x 100 ,178° H x 178° V , 1 x DisplayPort | 1 x HDMI | 
Acer KA220HQ bi,Acer , UM.WX0AA.001 | KA220HQ bi | ,"21.5"" ",1920 x 1080 ,,1 ms ,TN ,16:9 ,Black ,200 cd/m² ,0.248 mm ,Yes ,No ,None ,No ,100 x 100 ,90° H x 65° V , 1 x HDMI | 1 x VGA | 
Dell C2722DE,Dell , 210-AYQG | C2722DE | 0P313 | DELL-C2722DE | 210-AYLV | ,"27"" ",2560 x 1440 ,60 Hz ,5 ms ,IPS ,16:9 ,,350 cd/m² ,0.233 mm ,Yes ,No ,None ,Yes ,,178° H x 178° V , 1 x DisplayPort 1.4 | 1 x HDMI | 1 x USB Type-C | 
Dell E2722H,Dell , 210-BBWR | RND79 | E2722H | ,"27"" ",1920 x 1080 ,60 Hz ,5 ms ,IPS ,16:9 ,,300 cd/m² ,0.311 mm ,Yes ,No ,None ,No ,100 x 100 ,178° H x 178° V , 1 x DisplayPort 1.2 | 1 x VGA | 
Dell P2422HA CVAA,Dell , 210-BDPZ | P2422HA CVAA | RX4JX | ,"23.8"" ",1920 x 1080 ,60 Hz ,5 ms ,IPS ,16:9 ,,250 cd/m² ,0.274 mm ,Yes ,No ,None ,No ,100 x 100 ,178° H x 178° V , 1 x DisplayPort 1.2 | 1 x HDMI | 1 x VGA | 
Dell C2723H,Dell , 210-BDRN | C2723H | F6VJ2 | ,"27"" ",1920 x 1080 ,60 Hz ,5 ms ,IPS ,16:9 ,,300 cd/m² ,0.311 mm ,Yes ,No ,None ,Yes ,100 x 100 ,178° H x 178° V , 1 x DisplayPort 1.2 | 1 x HDMI | 
Dell U3023E,Dell , 210-BDSN | U3023E | 87RV6 | ,"30"" ",2560 x 1600 ,60 Hz ,5 ms ,IPS ,16:10 ,,400 cd/m² ,0.252 mm ,Yes ,No ,None ,No ,100 x 100 ,178° H x 178° V , 1 x DisplayPort 1.4 | 1 x HDMI | 1 x USB Type-C | 
LG 24M47VQ-P,LG ,24M47VQ-P ,"24"" ",1920 x 1080 ,,,TN ,16:9 ,,250 cd/m² ,0.277 mm ,Yes ,No ,None ,No ,75 x 75 ,170° H x 160° V , 1 x DVI | 1 x HDMI | 1 x VGA | 
LG 34WP88C-B,LG ,34WP88C-B ,"34"" ",3440 x 1440 ,60 Hz ,5 ms ,IPS ,21:9 ,,300 cd/m² ,0.232 mm ,Yes ,Yes ,FreeSync ,Yes ,100 x 100 ,178° H x 178° V , 1 x DisplayPort | 2 x HDMI | 1 x USB Type-C | 
LG 38WP85C-W,LG , 38WP85C-W | 38WP85C-W.AEU | ,"37.5"" ",3840 x 1600 ,60 Hz ,5 ms ,IPS ,12:5 ,,300 cd/m² ,0.229 mm ,Yes ,Yes ,FreeSync ,Yes ,100 x 100 ,178° H x 178° V , 1 x DisplayPort | 2 x HDMI | 1 x USB Type-C | 
LG 38WQ88C-W,LG , 38WQ88C-W | 38WQ88C-W.AEU | ,"38"" ",3840 x 1600 ,60 Hz ,5 ms ,IPS ,12:5 ,,300 cd/m² ,0.232 mm ,Yes ,Yes ,FreeSync ,Yes ,100 x 100 ,178° H x 178° V , 1 x DisplayPort | 2 x HDMI | 1 x USB Type-C | 
LG 27LP600B-P,LG ,27LP600B-P ,"27"" ",1920 x 1080 ,75 Hz ,14 ms ,IPS ,16:9 ,,250 cd/m² ,0.311 mm ,Yes ,No ,None ,Yes ,,178° H x 178° V ,1 x HDMI 
LG 27LP615B-PU,LG ,27LP615B-PU ,"27"" ",1920 x 1080 ,75 Hz ,14 ms ,IPS ,16:9 ,,250 cd/m² ,0.311 mm ,Yes ,No ,None ,Yes ,,178° H x 178° V ,1 x HDMI 
LG 27LQ615S-PU,LG ,27LQ615S-PU ,"27"" ",1920 x 1080 ,83 Hz ,14 ms ,IPS ,16:9 ,,250 cd/m² ,0.311 mm ,Yes ,No ,None ,Yes ,,178° H x 178° V ,2 x HDMI 
LG 27LQ625S-PU,LG ,27LQ625S-PU ,"27"" ",1920 x 1080 ,83 Hz ,14 ms ,IPS ,16:9 ,,250 cd/m² ,0.311 mm ,Yes ,No ,None ,Yes ,,178° H x 178° V ,2 x HDMI 
LG 27MP500-B,LG , 27MP500-B | 27MP500-B.AEU | ,"27"" ",1920 x 1080 ,75 Hz ,5 ms ,IPS ,16:9 ,,250 cd/m² ,0.311 mm ,Yes ,No ,FreeSync ,No ,75 x 75 ,178° H x 178° V ,2 x HDMI 
LG 27UK580-B,LG ,27UK580-B ,"27"" ",3840 x 2160 ,60 Hz ,5 ms ,IPS ,16:9 ,,300 cd/m² ,0.156 mm ,Yes ,No ,FreeSync ,No ,100 x 100 ,178° H x 178° V , 1 x DisplayPort | 2 x HDMI | 
LG 29WK50S-P,LG ,29WK50S-P ,"29"" ",2560 x 1080 ,75 Hz ,,IPS ,21:9 ,,250 cd/m² ,0.265 mm ,Yes ,No ,FreeSync ,No ,,178° H x 178° V ,2 x HDMI 
LG 32MN600P-B,LG ,32MN600P-B ,"32"" ",1920 x 1080 ,60 Hz ,5 ms ,IPS ,16:9 ,,250 cd/m² ,0.369 mm ,Yes ,No ,FreeSync ,No ,100 x 100 ,178° H x 178° V , 1 x DisplayPort | 1 x HDMI | 
LG 32UK580-B,LG ,32UK580-B ,"32"" ",3840 x 2160 ,,4 ms ,VA ,16:9 ,,300 cd/m² ,0.184 mm ,Yes ,No ,None ,Yes ,,178° H x 178° V , 1 x DisplayPort 1.2 | 2 x HDMI | 
LG 32UP50S-B,LG ,32UP50S-B ,"31.5"" ",3840 x 2160 ,60 Hz ,4 ms ,VA ,16:9 ,,350 cd/m² ,0.182 mm ,Yes ,No ,FreeSync ,Yes ,100 x 100 ,178° H x 178° V , 1 x DisplayPort | 2 x HDMI | 
LG 32QP880-B,LG ,32QP880-B ,"31.5"" ",2560 x 1440 ,75 Hz ,5 ms ,IPS ,16:9 ,,350 cd/m² ,0.272 mm ,Yes ,No ,FreeSync ,Yes ,100 x 100 ,178° H x 178° V , 1 x DisplayPort | 2 x HDMI | 1 x USB Type-C | 
LG 34UM68-P,LG ,34UM68-P ,"34"" ",2560 x 1080 ,75 Hz ,,IPS ,21:9 ,,300 cd/m² ,0.311 mm ,Yes ,No ,None ,Yes ,100 x 100 ,178° H x 178° V , 1 x DisplayPort 1.2 | 2 x HDMI 1.4 | 
LG 34WL550-B,LG ,34WL550-B ,"34"" ",2560 x 1080 ,75 Hz ,5 ms ,IPS ,21:9 ,,250 cd/m² ,0.311 mm ,Yes ,No ,FreeSync ,No ,100 x 100 ,178° H x 178° V ,2 x HDMI 
LG 34WL60TM-B,LG ,34WL60TM-B ,"34"" ",2560 x 1080 ,75 Hz ,5 ms ,IPS ,21:9 ,,300 cd/m² ,0.311 mm ,Yes ,No ,FreeSync ,No ,100 x 100 ,178° H x 178° V , 1 x DisplayPort | 1 x HDMI | 
LG 34WL750-B,LG , 34WL750-B | 34WL750-B.AEU | ,"34"" ",3440 x 1440 ,60 Hz ,5 ms ,IPS ,21:9 ,,300 cd/m² ,0.232 mm ,Yes ,No ,FreeSync ,No ,100 x 100 ,178° H x 178° V , 1 x DisplayPort | 2 x HDMI | 
LG 34WL850-W,LG , 34WL850-W | 34WL850-W.AEU | ,"34"" ",3440 x 1440 ,60 Hz ,5 ms ,IPS ,21:9 ,,350 cd/m² ,0.232 mm ,Yes ,No ,FreeSync ,Yes ,100 x 100 ,178° H x 178° V , 1 x DisplayPort | 2 x HDMI | 1 x USB Type-C | 
LG 34WN750-B,LG , 34WN750-B | 34WN750-B.AEU | 34WN750-B.AUS | ,"34"" ",3440 x 1440 ,75 Hz ,5 ms ,IPS ,21:9 ,,300 cd/m² ,0.232 mm ,Yes ,No ,FreeSync ,Yes ,100 x 100 ,178° H x 178° V , 1 x DisplayPort | 2 x HDMI | 
LG 34WN780-B,LG , 34WN780-B | 34WN780-B.AEU | ,"34"" ",3440 x 1440 ,75 Hz ,5 ms ,IPS ,21:9 ,,300 cd/m² ,0.232 mm ,Yes ,No ,FreeSync ,Yes ,100 x 100 ,178° H x 178° V , 1 x DisplayPort | 2 x HDMI | 
MSI Optix MAG271VCR,MSI ,Optix MAG271VCR ,"27"" ",1920 x 1080 ,165 Hz ,,VA ,16:9 ,,250 cd/m² ,0.311 mm ,Yes ,Yes ,FreeSync ,No ,75 x 75 ,178° H x 178° V , 1 x DisplayPort 1.2a | 1 x HDMI 2.0 | 1 x HDMI 1.4 | 
MSI Optix MAG281URV,MSI ,Optix MAG281URV ,"27.9"" ",3840 x 2160 ,60 Hz ,4 ms ,IPS ,16:9 ,,300 cd/m² ,0.161 mm ,Yes ,No ,FreeSync ,No ,100 x 100 ,178° H x 178° V , 1 x DisplayPort 1.2a | 2 x HDMI 2.0 | 1 x USB Type-C | 
MSI Optix MAG301CR3,MSI ,Optix MAG301CR3 ,"29.5"" ",2560 x 1080 ,200 Hz ,,VA ,21:9 ,,300 cd/m² ,0.27 mm ,Yes ,Yes ,FreeSync Premium ,No ,75 x 75 ,178° H x 178° V , 1 x DisplayPort 1.2a | 2 x HDMI 2.0b | 1 x USB Type-C | 
MSI Optix G274R,MSI ,Optix G274R ,"27"" ",1920 x 1080 ,170 Hz ,,IPS ,16:9 ,,250 cd/m² ,0.311 mm ,Yes ,No ,G-Sync Compatible ,No ,75 x 75 ,178° H x 178° V , 1 x DisplayPort 1.2a | 2 x HDMI 2.0 | 
MSI Optix G27C7P,MSI ,Optix G27C7P ,"27"" ",1920 x 1080 ,165 Hz ,,VA ,16:9 ,,250 cd/m² ,0.311 mm ,Yes ,Yes ,FreeSync Premium ,No ,100 x 100 ,178° H x 178° V , 1 x DisplayPort 1.4 | 2 x HDMI 2.0 | 
MSI Creator PS321URV,MSI , Creator PS321URV | 9S6-3DA98T-001 | ,"32"" ",3840 x 2160 ,60 Hz ,4 ms ,IPS ,16:9 ,,400 cd/m² ,0.184 mm ,Yes ,No ,None ,No ,100 x 100 ,178° H x 178° V , 1 x DisplayPort 1.2 | 2 x HDMI 2.0b | 1 x USB Type-C | 
MSI Modern MD241P Ultramarine,MSI ,Modern MD241P Ultramarine ,"23.8"" ",1920 x 1080 ,75 Hz ,,IPS ,16:9 ,,250 cd/m² ,0.274 mm ,Yes ,No ,None ,Yes ,75 x 75 ,178° H x 178° V , 1 x HDMI 1.4 | 1 x USB Type-C | 
MSI Modern MD271P,MSI , Modern MD271P | 9S6-3PA49H-001 | 9S6-3PA49H-021 | ,"27"" ",1920 x 1080 ,75 Hz ,,IPS ,16:9 ,,250 cd/m² ,0.311 mm ,Yes ,No ,None ,Yes ,75 x 75 ,178° H x 178° V , 1 x HDMI 1.4 | 1 x USB Type-C | 
MSI Modern MD271QP,MSI , Modern MD271QP | 9S6-3PA49H-026 | ,"27"" ",2560 x 1440 ,75 Hz ,,IPS ,16:9 ,,250 cd/m² ,0.233 mm ,Yes ,No ,None ,Yes ,75 x 75 ,178° H x 178° V , 1 x DisplayPort 1.2 | 1 x HDMI 1.4 | 1 x USB Type-C | 
MSI Modern MD271QPW,MSI , Modern MD271QPW | 9S6-3PA4FH-027 | ,"27"" ",2560 x 1440 ,75 Hz ,,IPS ,16:9 ,,250 cd/m² ,0.233 mm ,Yes ,No ,None ,Yes ,75 x 75 ,178° H x 178° V , 1 x DisplayPort 1.2 | 1 x HDMI 1.4 | 1 x USB Type-C | 
MSI Modern MD272P,MSI , Modern MD272P | 9S6-3PB19H-001 | ,"27"" ",1920 x 1080 ,75 Hz ,,IPS ,16:9 ,,250 cd/m² ,0.311 mm ,Yes ,No ,None ,Yes ,75 x 75 ,178° H x 178° V , 1 x DisplayPort 1.2a | 1 x HDMI 2.0b | 1 x USB Type-C | 
MSI Modern MD272PW,MSI , Modern MD272PW | 9S6-3PB19H-020 | ,"27"" ",1920 x 1080 ,75 Hz ,,IPS ,16:9 ,,250 cd/m² ,0.311 mm ,Yes ,No ,None ,Yes ,75 x 75 ,178° H x 178° V , 1 x DisplayPort 1.2a | 1 x HDMI 2.0b | 1 x USB Type-C | 
MSI Modern MD272QPW,MSI ,Modern MD272QPW ,"27"" ",2560 x 1440 ,75 Hz ,,IPS ,16:9 ,,250 cd/m² ,0.233 mm ,Yes ,No ,None ,Yes ,75 x 75 ,178° H x 178° V , 1 x DisplayPort 1.4 | 1 x HDMI 1.2 | 1 x USB Type-C | 
MSI Modern MD271CP,MSI , Modern MD271CP | 9S6-3PA6AH-001 | ,"27"" ",1920 x 1080 ,75 Hz ,4 ms ,VA ,16:9 ,,250 cd/m² ,0.311 mm ,Yes ,Yes ,None ,Yes ,75 x 75 ,178° H x 178° V , 1 x HDMI 1.4 | 1 x USB Type-C | 
MSI PRO MP242P,MSI ,PRO MP242P ,"23.8"" ",1920 x 1080 ,75 Hz ,,IPS ,16:9 ,,250 cd/m² ,0.274 mm ,Yes ,No ,None ,Yes ,100 x 100 ,178° H x 178° V , 1 x HDMI 1.4 | 1 x VGA | 
MSI PRO MP242V,MSI ,PRO MP242V ,"23.8"" ",1920 x 1080 ,75 Hz ,,IPS ,16:9 ,,250 cd/m² ,0.274 mm ,Yes ,No ,None ,Yes ,100 x 100 ,178° H x 178° V , 1 x HDMI 1.4 | 1 x VGA | 
MSI PRO MP271QP,MSI ,PRO MP271QP ,"27"" ",2560 x 1440 ,60 Hz ,,IPS ,16:9 ,,300 cd/m² ,0.233 mm ,Yes ,No ,None ,Yes ,100 x 100 ,178° H x 178° V , 1 x DisplayPort 1.2 | 2 x HDMI 1.4 | 
ViewSonic VA2447-MHJ,ViewSonic ,VA2447-MHJ ,"24"" ",1920 x 1080 ,75 Hz ,5 ms ,VA ,16:9 ,,250 cd/m² ,0.277 mm ,Yes ,No ,None ,Yes ,,178° H x 178° V , 1 x HDMI 1.4 | 1 x VGA | 
ViewSonic VG2440,ViewSonic ,VG2440 ,"24"" ",1920 x 1080 ,60 Hz ,5 ms ,VA ,16:9 ,,250 cd/m² ,0.277 mm ,Yes ,No ,None ,Yes ,100 x 100 ,178° H x 178° V , 1 x DisplayPort | 1 x HDMI 1.4 | 1 x VGA | 
ViewSonic VG2440V,ViewSonic ,VG2440V ,"24"" ",1920 x 1080 ,,5 ms ,IPS ,16:9 ,,250 cd/m² ,0.277 mm ,Yes ,No ,None ,Yes ,,178° H x 178° V , 1 x DisplayPort | 1 x HDMI 1.4 | 1 x VGA | 
ViewSonic VG2740V,ViewSonic ,VG2740V ,"27"" ",1920 x 1080 ,,5 ms ,IPS ,16:9 ,,300 cd/m² ,0.311 mm ,Yes ,No ,None ,Yes ,100 x 100 ,178° H x 178° V , 1 x DisplayPort | 1 x HDMI 1.4 | 1 x VGA | 
ViewSonic VG2756-2K,ViewSonic ,VG2756-2K ,"27"" ",2560 x 1440 ,,14 ms ,IPS ,16:9 ,,350 cd/m² ,0.233 mm ,Yes ,No ,None ,Yes ,100 x 100 ,178° H x 178° V , 1 x DisplayPort | 1 x HDMI 1.4 | 1 x USB Type-C | 
ViewSonic VP2468A,ViewSonic ,VP2468A ,"24"" ",1920 x 1080 ,,5 ms ,IPS ,16:9 ,,250 cd/m² ,0.277 mm ,Yes ,No ,None ,No ,100 x 100 ,178° H x 178° V , 1 x DisplayPort | 1 x HDMI 1.4 | 1 x USB Type-C | 
ViewSonic VP2768A,ViewSonic ,VP2768A ,"27"" ",2560 x 1440 ,60 Hz ,5 ms ,IPS ,16:9 ,,350 cd/m² ,0.233 mm ,Yes ,No ,None ,No ,100 x 100 ,178° H x 178° V , 1 x DisplayPort | 1 x HDMI 1.4 | 1 x USB Type-C | 
ViewSonic VX2767-MHD,ViewSonic ,VX2767-MHD ,"27"" ",1920 x 1080 ,,4 ms ,VA ,16:9 ,,250 cd/m² ,0.311 mm ,Yes ,No ,None ,Yes ,100 x 100 ,178° H x 178° V , 1 x DisplayPort | 1 x HDMI 1.4 | 1 x VGA | 
ViewSonic VX3268-PC-MHD,ViewSonic ,VX3268-PC-MHD ,"32"" ",1920 x 1080 ,165 Hz ,3 ms ,VA ,16:9 ,,250 cd/m² ,0.369 mm ,Yes ,Yes ,FreeSync Premium ,Yes ,100 x 100 ,178° H x 178° V , 1 x DisplayPort | 2 x HDMI 1.4 | 
Asus ROG Strix XG27AQM,Asus , 90LM06U5-B013B0 | XG27AQM | ROG-STRIX-XG27AQM | ,"27"" ",2560 x 1440 ,270 Hz ,0.5 ms ,IPS ,16:9 ,,350 cd/m² ,0.233 mm ,Yes ,No ,G-Sync Compatible ,No ,100 x 100 ,178° H x 178° V , 2 x DisplayPort 1.4 | 2 x HDMI 2.0 | 
Asus VL279HE,Asus , 90LM0420-B013B0 | VL279HE | ,"27"" ",1920 x 1080 ,75 Hz ,5 ms ,IPS ,16:9 ,,250 cd/m² ,0.311 mm ,Yes ,No ,FreeSync ,No ,100 x 100 ,178° H x 178° V , 1 x HDMI 1.4 | 1 x VGA | 
HP E273q,HP ,1FH52AS#ABA ,"27"" ",2560 x 1440 ,60 Hz ,,IPS ,16:9 ,Silver ,350 cd/m² ,0.233 mm ,Yes ,No ,None ,No ,100 x 100 ,178° H x 178° V , 1 x DisplayPort 1.2 | 1 x HDMI 1.4 | 1 x VGA | 1 x USB Type-C | 
HP E273q,HP ,1FH52AT#ABA ,"27"" ",2560 x 1440 ,60 Hz ,,IPS ,16:9 ,Silver ,350 cd/m² ,0.233 mm ,Yes ,No ,None ,No ,100 x 100 ,178° H x 178° V , 1 x DisplayPort 1.2 | 1 x HDMI 1.4 | 1 x VGA | 1 x USB Type-C | 
HP E273q,HP ,1FH52AC#ABA ,"27"" ",2560 x 1440 ,60 Hz ,,IPS ,16:9 ,Silver ,350 cd/m² ,0.233 mm ,Yes ,No ,None ,No ,100 x 100 ,178° H x 178° V , 1 x DisplayPort 1.2 | 1 x HDMI 1.4 | 1 x VGA | 1 x USB Type-C | 
HP E273q,HP ,1F52AA#ABA ,"27"" ",2560 x 1440 ,60 Hz ,,IPS ,16:9 ,Silver ,350 cd/m² ,0.233 mm ,Yes ,No ,None ,No ,100 x 100 ,178° H x 178° V , 1 x DisplayPort 1.2 | 1 x HDMI 1.4 | 1 x VGA | 1 x USB Type-C | 
HP E273q (Head Only),HP ,1FH52U9#ABA ,"27"" ",2560 x 1440 ,60 Hz ,,IPS ,16:9 ,Silver ,350 cd/m² ,0.233 mm ,Yes ,No ,None ,No ,100 x 100 ,178° H x 178° V , 1 x DisplayPort 1.2 | 1 x HDMI 1.4 | 1 x VGA | 1 x USB Type-C | 
HP E273q,HP ,1FH52A8#ABA ,"27"" ",2560 x 1440 ,60 Hz ,,IPS ,16:9 ,Silver ,350 cd/m² ,0.233 mm ,Yes ,No ,None ,No ,100 x 100 ,178° H x 178° V , 1 x DisplayPort 1.2 | 1 x HDMI 1.4 | 1 x VGA | 1 x USB Type-C | 
Lenovo ThinkVision S28u-10,Lenovo ,61E6GAR2US ,"28"" ",3840 x 2160 ,60 Hz ,4 ms ,IPS ,16:9 ,Black ,,0.161 mm ,Yes ,No ,None ,No ,100 x 100 ,178° H x 178° V , 1 x DisplayPort | 1 x HDMI | 
Dell S2318HN,Dell ,S2318HN ,"23"" ",1920 x 1080 ,60 Hz ,6 ms ,IPS ,16:9 ,Black ,250 cd/m² ,0.265 mm ,Yes ,No ,None ,No ,,178° H x 178° V , 1 x HDMI | 1 x VGA | 
Asus TUF GAMING VG247QR1A,Asus , VG247QR1A | TUF GAMING VG247QR1A | ,"23.8"" ",1920 x 1080 ,165 Hz ,,VA ,16:9 ,Black ,350 cd/m² ,0.274 mm ,Yes ,No ,FreeSync Premium ,Yes ,100 x 100 ,178° H x 178° V , 1 x DisplayPort 1.2 | 2 x HDMI 1.4 | 
Acer BC270U,Acer ,UM.HB0AA.004 ,"27"" ",2560 x 1440 ,60 Hz ,,VA ,16:9 ,Black ,250 cd/m² ,0.233 mm ,Yes ,Yes ,FreeSync ,Yes ,100 x 100 ,178° H x 178° V , 1 x DisplayPort | 1 x HDMI | 
Acer BL270,Acer ,UM.HB0AA.005 ,"27"" ",1920 x 1080 ,60 Hz ,,IPS ,16:9 ,Black ,250 cd/m² ,0.311 mm ,Yes ,No ,None ,Yes ,100 x 100 ,178° H x 178° V , 1 x DisplayPort | 1 x HDMI | 1 x VGA | 
Acer PE270K bmiipruzx,Acer ,UM.HP0AA.002 ,"27"" ",3840 x 2160 ,60 Hz ,4 ms ,IPS ,16:9 ,Black ,350 cd/m² ,0.156 mm ,Yes ,No ,FreeSync ,Yes ,,178° H x 178° V , 1 x DisplayPort | 2 x HDMI | 1 x USB Type-C 3.2 Gen 1 | 
Acer UM.HV1AA.A03,Acer ,UM.HV1AA.A03 ,"27"" ",1920 x 1080 ,75 Hz ,,VA ,16:9 ,Black ,250 cd/m² ,0.311 mm ,Yes ,No ,FreeSync ,No ,100 x 100 ,178° H x 178° V , 1 x HDMI | 1 x VGA | 
Acer KG272U,Acer ,UM.HX2AA.006 ,"27"" ",2560 x 1440 ,75 Hz ,,IPS ,16:9 ,Black / Red ,250 cd/m² ,0.233 mm ,Yes ,No ,FreeSync ,Yes ,100 x 100 ,178° H x 178° V , 1 x DisplayPort | 1 x HDMI | 
Acer UM.IV6AA.A15,Acer ,UM.IV6AA.A15 ,"19.5"" ",1600 x 900 ,60 Hz ,,TN ,16:9 ,Black ,200 cd/m² ,0.27 mm ,Yes ,No ,None ,Yes ,,170° H x 160° V , 1 x HDMI | 1 x VGA | 
Acer BL280K Bmiiprx,Acer ,UM.PB0AA.003 ,"28"" ",3840 x 2160 ,60 Hz ,,IPS ,16:9 ,Black ,300 cd/m² ,0.161 mm ,Yes ,No ,FreeSync ,Yes ,,178° H x 178° V , 1 x DisplayPort 1.2a | 2 x HDMI | 
Acer B287K bmiipprzx,Acer , UM.PB7AA.001 | UM.PB7AA.003 | ,"28"" ",3840 x 2160 ,60 Hz ,,IPS ,16:9 ,Black ,300 cd/m² ,0.161 mm ,Yes ,No ,FreeSync ,Yes ,,178° H x 178° V , 1 x DisplayPort | 1 x Mini-DisplayPort | 
Acer V287K,Acer ,UM.PV7AA.001 ,"28"" ",3840 x 2160 ,60 Hz ,,IPS ,16:9 ,Black ,300 cd/m² ,0.161 mm ,Yes ,No ,FreeSync ,Yes ,100 x 100 ,178° H x 178° V ,
Acer B246HYL Cymiprx,Acer ,UM.QB6AA.C03 ,"23.8"" ",1920 x 1080 ,60 Hz ,,VA ,16:9 ,Black ,250 cd/m² ,0.274 mm ,Yes ,No ,None ,Yes ,100 x 100 ,178° H x 178° V , 1 x DisplayPort | 1 x HDMI | 1 x VGA | 
Acer B247Y D,Acer ,UM.QB7AA.D02 ,"23.8"" ",1920 x 1080 ,75 Hz ,,IPS ,16:9 ,Black ,250 cd/m² ,0.274 mm ,Yes ,No ,FreeSync ,No ,,178° H x 178° V , 1 x DisplayPort | 1 x HDMI | 1 x VGA | 
Acer B248Y,Acer ,UM.QB8AA.001 ,"23.8"" ",1920 x 1080 ,75 Hz ,,IPS ,16:9 ,Black ,250 cd/m² ,0.274 mm ,Yes ,No ,None ,Yes ,100 x 100 ,178° H x 178° V ,
Acer V247YU,Acer ,UM.QV7AA.002 ,"23.8"" ",2560 x 1440 ,75 Hz ,4 ms ,IPS ,16:9 ,Black ,300 cd/m² ,0.206 mm ,Yes ,No ,FreeSync ,Yes ,100 x 100 ,178° H x 178° V , 1 x DisplayPort 1.2 | 2 x HDMI | 
Acer V247Y A,Acer , UM.QV7AA.A01 | UM.QV7AA.A03 | ,"23.8"" ",1920 x 1080 ,75 Hz ,,IPS ,16:9 ,Black ,250 cd/m² ,0.274 mm ,Yes ,No ,None ,No ,100 x 100 ,178° H x 178° V , 1 x HDMI | 1 x VGA | 
Acer V246HQL,Acer ,UM.UV6AA.008 ,"23.6"" ",1920 x 1080 ,75 Hz ,,VA ,16:9 ,Black ,250 cd/m² ,0.272 mm ,Yes ,No ,None ,Yes ,100 x 100 ,178° H x 178° V , 1 x DisplayPort | 1 x HDMI | 1 x VGA | 
Acer B227Q A,Acer ,UM.WB7AA.A02 ,"21.5"" ",1920 x 1080 ,75 Hz ,,VA ,16:9 ,Black ,250 cd/m² ,0.248 mm ,Yes ,No ,None ,Yes ,100 x 100 ,178° H x 178° V , 1 x HDMI | 1 x VGA | 
Acer R221Q Bbix,Acer ,UM.WR1AA.B01 ,"21.5"" ",1920 x 1080 ,75 Hz ,,IPS ,16:9 ,Black ,250 cd/m² ,0.248 mm ,Yes ,No ,FreeSync ,No ,,178° H x 178° V , 1 x HDMI | 1 x VGA | 
Acer V226HQL Bbmipx,Acer ,UM.WV6AA.B14 ,"21.5"" ",1920 x 1080 ,60 Hz ,,TN ,16:9 ,Black ,200 cd/m² ,0.248 mm ,Yes ,No ,None ,Yes ,,90° H x 65° V , 1 x HDMI | 1 x VGA | 
Acer V226HQL Gbi,Acer ,UM.WV6AA.G03 ,"21.5"" ",1920 x 1080 ,,,IPS ,16:9 ,Black ,250 cd/m² ,0.248 mm ,Yes ,No ,None ,No ,,178° H x 178° V ,1 x VGA 
Acer V226HQL Gbid,Acer ,UM.WV6AA.G04 ,"21.5"" ",1920 x 1080 ,75 Hz ,,TN ,16:9 ,Black ,250 cd/m² ,0.248 mm ,Yes ,No ,None ,No ,100 x 100 ,90° H x 65° V , 1 x DVI | 1 x VGA | 
Acer 19CX1Q b,Acer ,UM.XC1AA.001 ,"18.5"" ",1366 x 768 ,60 Hz ,,TN ,16:9 ,Black ,200 cd/m² ,0.3 mm ,Yes ,No ,None ,No ,75 x 75 ,90° H x 65° V ,1 x VGA 
Acer ET322QK Abmiipx,Acer ,UMJE2AAA02 ,"31.5"" ",3840 x 2160 ,60 Hz ,,VA ,16:9 ,White ,300 cd/m² ,0.182 mm ,Yes ,No ,FreeSync ,Yes ,100 x 100 ,178° H x 178° V , 1 x DisplayPort | 2 x HDMI | 
Acer B227Q B,Acer ,UMWB7AAB02 ,"21.5"" ",1920 x 1080 ,75 Hz ,4 ms ,VA ,16:9 ,Black ,250 cd/m² ,0.248 mm ,Yes ,No ,FreeSync ,Yes ,100 x 100 ,178° H x 178° V , 1 x DisplayPort | 1 x HDMI | 1 x VGA | 
Acer V227Q B,Acer ,UMWV7AAB03 ,"21.5"" ",1920 x 1080 ,75 Hz ,4 ms ,VA ,16:9 ,Black ,250 cd/m² ,0.248 mm ,Yes ,No ,FreeSync ,Yes ,100 x 100 ,178° H x 178° V , 1 x DisplayPort | 1 x HDMI | 1 x VGA | 
AOC Porsche Design AGON PRO PD27S,AOC ,PD27S ,"27"" ",2560 x 1440 ,170 Hz ,1 ms ,IPS ,16:9 ,Silver / Black ,350 cd/m² ,0.233 mm ,Yes ,No ,FreeSync ,Yes ,100 x 100 ,178° H x 178° V , 1 x DisplayPort 1.4 | 2 x HDMI 2.0 | 
Acer XZ322QU PBMIIPHX,Acer , UM.JX2AA.P02 | XZ322QU PBMIIPHX | ,"31.5"" ",1920 x 1080 ,165 Hz ,,VA ,16:9 ,Black / Red ,400 cd/m² ,0.363 mm ,Yes ,No ,FreeSync ,Yes ,100 x 100 ,178° H x 178° V , 1 x DisplayPort | 1 x HDMI | 
ASRock PG34WQ15R3A,ASRock ,PG34WQ15R3A ,"34"" ",3440 x 1440 ,165 Hz ,,VA ,21:9 ,Black ,550 cd/m² ,0.232 mm ,Yes ,Yes ,FreeSync Premium ,Yes ,100 x 100 ,178° H x 178° V , 1 x DisplayPort 1.4 | 2 x HDMI 2.0 | 
Samsung Odyssey G5,Samsung ,LC27G55TQBMXUE ,"27"" ",2560 x 1440 ,144 Hz ,,VA ,16:9 ,Black ,300 cd/m² ,0.233 mm ,Yes ,Yes ,FreeSync Premium ,No ,75 x 75 ,178° H x 178° V , 1 x DisplayPort 1.2 | 1 x HDMI 2.0 | 
Samsung Odyssey Neo G75NB,Samsung ,LS32BG750NMXUE ,"32"" ",3840 x 2160 ,165 Hz ,1 ms ,VA Mini LED ,16:9 ,Black ,1000 cd/m² ,0.184 mm ,Yes ,Yes ,FreeSync Premium Pro ,No ,100 x 100 ,178° H x 178° V , 1 x DisplayPort 1.4 | 2 x HDMI 2.1 | 
Samsung LS32BG850NMXUE,Samsung ,LS32BG850NMXUE ,"32"" ",3840 x 2160 ,240 Hz ,1 ms ,,16:9 ,Black ,1000 cd/m² ,0.184 mm ,Yes ,Yes ,FreeSync Premium Pro ,No ,100 x 100 ,178° H x 178° V , 1 x DisplayPort 1.4 | 2 x HDMI 2.1 | 
Asus ProArt Display PA27AC,Asus , PA27AC | 90LM02N0-B01370 | ,"27"" ",2560 x 1440 ,60 Hz ,5 ms ,IPS ,16:9 ,Silver ,400 cd/m² ,0.233 mm ,Yes ,No ,FreeSync ,Yes ,100 x 100 ,178° H x 178° V , 1 x DisplayPort 1.2 | 1 x HDMI 2.0 | 2 x HDMI 1.4 | 1 x USB Type-C 3.2 Gen 1 | 
LG 32QP880P-B,LG , 32QP880P-B | 32QP880P-B.AEU | ,"31.5"" ",2560 x 1440 ,75 Hz ,5 ms ,IPS ,16:9 ,Black ,350 cd/m² ,0.272 mm ,Yes ,No ,FreeSync ,Yes ,100 x 100 ,178° H x 178° V , 1 x DisplayPort 1.4 | 2 x HDMI | 1 x USB Type-C | 
LG 34WP88CP-B,LG ,34WP88CP-B ,"34"" ",3440 x 1440 ,60 Hz ,5 ms ,IPS ,21:9 ,Black ,300 cd/m² ,0.232 mm ,Yes ,Yes ,FreeSync ,Yes ,100 x 100 ,178° H x 178° V , 1 x DisplayPort 1.4 | 2 x HDMI | 1 x USB Type-C | 
LG 38GN95B-B,LG ,38GN95B-B ,"37.5"" ",3840 x 1600 ,160 Hz ,1 ms ,IPS ,12:5 ,Black ,450 cd/m² ,0.229 mm ,Yes ,No , FreeSync | G-Sync Compatible | ,No ,,178° H x 178° V , 1 x DisplayPort 1.4 | 2 x HDMI 2.0 | 
Philips Creator 27E2F7901,Philips , 27E2F7901 | 27E2F7901/27 | 27E2F7901/93 | PH27E2F7901 | ,"27"" ",3840 x 2160 ,60 Hz ,4 ms ,IPS ,16:9 ,Silver ,400 cd/m² ,0.156 mm ,Yes ,No ,FreeSync ,No ,100 x 100 ,178° H x 178° V , 1 x DisplayPort 1.4 | 1 x HDMI 2.0 | 1 x USB Type-C | 
LG UltraFine 24MD4KLB-B,LG ,24MD4KLB-B ,"24"" ",3840 x 2160 ,60 Hz ,14 ms ,IPS ,16:9 ,Black ,540 cd/m² ,0.138 mm ,Yes ,No ,None ,Yes ,100 x 100 ,178° H x 178° V ,1 x USB Type-C 
Lenovo L193p,Lenovo ,L193p ,"19"" ",1280 x 1024 ,75 Hz ,5 ms ,TN ,5:4 ,Black ,300 cd/m² ,0.294 mm ,No ,No ,None ,No ,100 x 100 ,80° H x 80° V , 1 x DVI | 1 x VGA | 
AOC AGON Pro AG324UX,AOC , AG324UX | AGON Pro AG324UX | ,"31.5"" ",3840 x 2160 ,144 Hz ,1 ms ,IPS ,16:9 ,Black / Red ,,0.182 mm ,Yes ,No ,FreeSync Premium ,Yes ,100 x 100 ,, 1 x DisplayPort 1.4 | 2 x HDMI 2.1 | 1 x USB Type-C 3.2 Gen 2 | 
Philips 498P9,Philips , 498P9 | 498P9/00 | 498P9/01 | 498P9/93 | 498P9/27 | ,"48.8"" ",5120 x 1440 ,70 Hz ,5 ms ,VA ,32:9 ,Black ,450 cd/m² ,0.233 mm ,Yes ,Yes ,FreeSync ,Yes ,100 x 100 ,178° H x 178° V , 1 x DisplayPort 1.4 | 2 x HDMI 2.0b | 
Philips 439P9H,Philips , 439P9H | 439P9H/93 | 439P9H/27 | 439P9H/00 | 439P9H/01 | ,"43.4"" ",3840 x 1200 ,100 Hz ,4 ms ,VA ,16:5 ,Black ,450 cd/m² ,0.274 mm ,Yes ,Yes ,FreeSync ,Yes ,100 x 100 ,178° H x 178° V , 2 x DisplayPort 1.4 | 1 x HDMI 2.0b | 
AOC AGON AG275QZ,AOC , AG275QZ | AG275QZ/EU | ,"27"" ",2560 x 1440 ,270 Hz ,1 ms ,IPS ,16:9 ,Black ,400 cd/m² ,0.233 mm ,Yes ,No , FreeSync Premium | G-Sync Compatible | ,No ,100 x 100 ,178° H x 178° V , 2 x DisplayPort 1.4 | 2 x HDMI 2.0 | 
Asus VY229HE,Asus , 90LM0960-B011B0 | 90lm0960-b01170 | VY229HE | ,"21.45"" ",1920 x 1080 ,75 Hz ,,IPS ,16:9 ,Black ,250 cd/m² ,0.247 mm ,Yes ,No ,FreeSync ,No ,100 x 100 ,178° H x 178° V , 1 x HDMI 1.4 | 1 x VGA | 
Asus VA27DQSBY,Asus , 90LM06H3-B013B0 | VA27DQSBY | ,"27"" ",1920 x 1080 ,75 Hz ,5 ms ,IPS ,16:9 ,Black ,250 cd/m² ,0.311 mm ,Yes ,No ,FreeSync ,Yes ,100 x 100 ,178° H x 178° V , 1 x DisplayPort 1.2 | 1 x HDMI 1.4 | 1 x VGA | 
Asus VP227HE,Asus , 90LM0880-B011B0 | 90lm0880-b01170 | VP227HE | ,"21.45"" ",1920 x 1080 ,75 Hz ,5 ms ,VA ,16:9 ,Black ,250 cd/m² ,0.247 mm ,Yes ,No ,FreeSync ,No ,100 x 100 ,178° H x 178° V , 1 x HDMI 1.4 | 1 x VGA | 
Asus BE24ECSNK,Asus , 90LM05M1-B083B0 | BE24ECSNK | 90LM05M1-B0A370 | ,"23.8"" ",1920 x 1080 ,60 Hz ,5 ms ,IPS ,16:9 ,Black ,300 cd/m² ,0.274 mm ,Yes ,No ,None ,Yes ,100 x 100 ,178° H x 178° V , 2 x DisplayPort 1.2 | 1 x HDMI 1.4 | 1 x USB Type-C | 
Asus VA247HEY,Asus , 90LM0790-B011B0 | VA247HEY | ,"23.8"" ",1920 x 1080 ,75 Hz ,,VA ,16:9 ,Black ,250 cd/m² ,0.274 mm ,Yes ,No ,FreeSync ,No ,100 x 100 ,178° H x 178° V , 1 x DVI | 1 x HDMI 1.4 | 1 x VGA | 
Acer KE242Y,Acer ,UM.QK2AA.001 ,"23.8"" ",1920 x 1080 ,75 Hz ,,IPS ,16:9 ,Black ,220 cd/m² ,0.274 mm ,Yes ,No ,None ,Yes ,100 x 100 ,178° H x 178° V , 1 x HDMI 1.4 | 1 x VGA | 
AOC 24E2H,AOC ,24E2H ,"23.8"" ",1920 x 1080 ,75 Hz ,4 ms ,IPS ,16:9 ,Black ,250 cd/m² ,0.274 mm ,Yes ,No ,None ,No ,100 x 100 ,178° H x 178° V , 1 x HDMI 1.4 | 1 x VGA | 
AOC C32V3H,AOC ,C32V3H ,"31.5"" ",1920 x 1080 ,75 Hz ,4 ms ,VA ,16:9 ,Black ,250 cd/m² ,0.363 mm ,Yes ,Yes ,FreeSync ,No ,,178° H x 178° V , 1 x HDMI 1.4 | 1 x VGA | 
AOC CQ30G3E,AOC ,CQ30G3E ,"30"" ",2560 x 1080 ,75 Hz ,,VA ,21:9 ,Black / Red ,300 cd/m² ,0.274 mm ,Yes ,Yes ,FreeSync Premium ,No ,,178° H x 178° V , 1 x DisplayPort 1.2 | 2 x HDMI | 
AOC DNH-27E2H,AOC , DNH-27E2H | 27E2H | ,"27"" ",1920 x 1080 ,75 Hz ,4 ms ,IPS ,16:9 ,Black ,250 cd/m² ,0.311 mm ,Yes ,No ,FreeSync ,No ,100 x 100 ,178° H x 178° V , 1 x HDMI 1.4 | 1 x VGA | 
BenQ BL2485TC,BenQ , BL2485TC | 9H.LKMLB.QBE | ,"23.8"" ",1920 x 1080 ,75 Hz ,5 ms ,,16:9 ,Black ,250 cd/m² ,0.274 mm ,Yes ,No ,None ,Yes ,100 x 100 ,178° H x 178° V , 1 x DisplayPort 1.2 | 1 x HDMI 1.4 | 1 x USB Type-C | 
BenQ BL2785TC,BenQ ,BL2785TC ,"27"" ",1920 x 1080 ,75 Hz ,5 ms ,IPS ,16:9 ,Black ,250 cd/m² ,0.311 mm ,Yes ,No ,None ,Yes ,100 x 100 ,178° H x 178° V , 1 x DisplayPort 1.2 | 1 x HDMI 1.4 | 1 x USB Type-C | 
BenQ EW2880U,BenQ ,EW2880U ,"28"" ",3840 x 2160 ,60 Hz ,5 ms ,IPS ,16:9 ,Black ,300 cd/m² ,0.161 mm ,Yes ,No ,FreeSync ,Yes ,100 x 100 ,178° H x 178° V , 1 x DisplayPort 1.4 | 2 x HDMI 2.0 | 1 x USB Type-C | 
CTL MTIP2381,CTL ,MTIP2381 ,"24"" ",1920 x 1080 ,,8 ms ,VA ,16:9 ,Silver ,250 cd/m² ,0.277 mm ,Yes ,No ,None ,No ,100 x 100 ,178° H x 178° V , 2 x HDMI | 1 x VGA | 
CTL MTIP2781,CTL ,MTIP2781 ,"27"" ",2560 x 1440 ,75 Hz ,7 ms ,IPS ,16:9 ,Silver ,250 cd/m² ,0.233 mm ,Yes ,No ,None ,No ,100 x 100 ,178° H x 178° V , 2 x HDMI | 1 x VGA | 
Dell DELL-E2218HN,Dell , DELL-E2218HN | E2218HN | ,"21.5"" ",1920 x 1080 ,60 Hz ,,TN ,16:9 ,Black ,250 cd/m² ,0.248 mm ,Yes ,No ,None ,No ,100 x 100 ,170° H x 160° V , 1 x HDMI 1.4 | 1 x VGA | 
Dell E2318HN,Dell , DELL-E2318HN | E2318HN | ,"23"" ",1920 x 1080 ,60 Hz ,5 ms ,IPS ,16:9 ,,250 cd/m² ,0.265 mm ,Yes ,No ,None ,No ,100 x 100 ,178° H x 178° V , 1 x HDMI 1.4 | 1 x VGA | 
Dell E2724HS,Dell , E2724HS | C784J | ,"27"" ",1920 x 1080 ,60 Hz ,5 ms ,VA ,16:9 ,Black ,300 cd/m² ,0.311 mm ,Yes ,No ,None ,Yes ,100 x 100 ,178° H x 178° V , 1 x DisplayPort 1.2 | 1 x HDMI | 1 x VGA | 
Dell P1914SF,Dell ,P1914SF ,"19"" ",1280 x 1024 ,60 Hz ,8 ms ,IPS ,5:4 ,Silver / Black ,250 cd/m² ,0.294 mm ,No ,No ,None ,No ,100 x 100 ,178° H x 178° V ,
Dell P3421WN,Dell ,P3421WN ,"34"" ",3440 x 1440 ,60 Hz ,5 ms ,IPS ,21:9 ,Silver / Black ,300 cd/m² ,0.232 mm ,Yes ,Yes ,None ,No ,100 x 100 ,178° H x 178° V , 1 x DisplayPort 1.2 | 1 x HDMI 2.0 | 1 x USB Type-C | 
HP P22 G4,HP ,1A7E4AA#ABA ,"21.5"" ",1920 x 1080 ,60 Hz ,5 ms ,IPS ,16:9 ,Black ,250 cd/m² ,0.248 mm ,Yes ,No ,None ,No ,100 x 100 ,178° H x 178° V , 1 x DisplayPort 1.2 | 1 x HDMI 1.4 | 1 x VGA | 
HP Z25xs G3,HP ,1A9C9AA#ABA ,"25"" ",2560 x 1440 ,60 Hz ,14 ms ,IPS ,16:9 ,Silver / Black ,266 cd/m² ,0.216 mm ,Yes ,No ,None ,No ,100 x 100 ,178° H x 178° V , 1 x DisplayPort 1.4 | 1 x HDMI 2.0 | 1 x USB Type-C 3.2 Gen 1 | 1 x USB Type-C 3.2 Gen 2 | 
HP Z27u G3,HP ,1B9X2AA#ABA ,"27"" ",2560 x 1440 ,60 Hz ,5 ms ,IPS ,16:9 ,Silver / Black ,350 cd/m² ,0.233 mm ,Yes ,No ,None ,No ,100 x 100 ,178° H x 178° V , 1 x DisplayPort 1.4 | 1 x HDMI 2.0 | 1 x USB Type-C | 
HP Z24u G3,HP ,1C4Z6AA#ABA ,"24"" ",1920 x 1200 ,60 Hz ,5 ms ,IPS ,16:10 ,Silver / Black ,350 cd/m² ,0.269 mm ,Yes ,No ,None ,No ,100 x 100 ,178° H x 178° V , 1 x DisplayPort 1.4 | 1 x HDMI 2.0 | 1 x USB Type-C | 
HP Z22n G2,HP ,1JS05U9#ABA ,"21.5"" ",1920 x 1080 ,60 Hz ,5 ms ,IPS ,16:9 ,Silver / Black ,250 cd/m² ,0.248 mm ,Yes ,No ,None ,No ,100 x 100 ,178° H x 178° V , 1 x DisplayPort | 1 x HDMI | 1 x VGA | 
HP E27m G4,HP ,40Z29AA#ABA ,"27"" ",2560 x 1440 ,75 Hz ,5 ms ,IPS ,16:9 ,Silver / Black ,300 cd/m² ,0.233 mm ,Yes ,No ,None ,Yes ,100 x 100 ,178° H x 178° V , 1 x DisplayPort 1.2 | 1 x HDMI 1.4 | 1 x USB Type-C | 
HP Z24q G3,HP ,4Q8N4AA#ABA ,"23.8"" ",2560 x 1440 ,90 Hz ,5 ms ,IPS ,16:9 ,Silver ,400 cd/m² ,0.206 mm ,Yes ,No ,None ,No ,100 x 100 ,178° H x 178° V ,
HP Z32k G3,HP ,50U19AA#ABA ,"31.5"" ",3840 x 2160 ,60 Hz ,5 ms ,IPS ,16:9 ,Silver ,400 cd/m² ,0.182 mm ,Yes ,No ,None ,No ,100 x 100 ,178° H x 178° V ,
HP P32u G5,HP ,64W51AA#ABA ,"31.5"" ",2560 x 1440 ,75 Hz ,5 ms ,IPS ,16:9 ,Black ,350 cd/m² ,0.272 mm ,Yes ,No ,None ,Yes ,100 x 100 ,178° H x 178° V , 1 x DisplayPort 1.2 | 1 x HDMI 1.4 | 1 x USB Type-C | 
HP E344c,HP ,6GJ95A8#ABA ,"34"" ",3440 x 1440 ,60 Hz ,16 ms ,VA ,21:9 ,Silver / Black ,400 cd/m² ,0.232 mm ,Yes ,Yes ,None ,No ,100 x 100 ,178° H x 178° V , 1 x DisplayPort 1.2 | 1 x HDMI 2.0 | 2 x USB Type-C | 
HP E27q G5,HP ,6N6F2AA#ABA ,"27"" ",2560 x 1440 ,75 Hz ,5 ms ,IPS ,16:9 ,Silver ,350 cd/m² ,0.233 mm ,Yes ,No ,None ,No ,100 x 100 ,178° H x 178° V , 1 x DisplayPort 1.2 | 1 x HDMI 1.4 | 
HP V22,HP ,9SV80AS#ABB ,"21.5"" ",1920 x 1080 ,60 Hz ,,TN ,16:9 ,Black ,250 cd/m² ,0.248 mm ,Yes ,No ,None ,No ,100 x 100 ,170° H x 160° V , 1 x HDMI 1.4 | 1 x VGA | 
HP E23 G4,HP ,9VF96AA#ABA ,"23"" ",1920 x 1080 ,60 Hz ,5 ms ,IPS ,16:9 ,Silver ,250 cd/m² ,0.265 mm ,Yes ,No ,None ,No ,100 x 100 ,178° H x 178° V ,
HP E24 G4,HP ,9VF99AA#ABA ,"23.8"" ",1920 x 1080 ,60 Hz ,5 ms ,,16:9 ,Silver ,250 cd/m² ,0.274 mm ,Yes ,No ,None ,No ,100 x 100 ,178° H x 178° V , 1 x DisplayPort 1.4 | 1 x HDMI 1.4 | 1 x VGA | 
HP E24q G4,HP ,9VG12AA#ABA ,"23.8"" ",2560 x 1440 ,,4 ms ,IPS ,16:9 ,Silver ,250 cd/m² ,0.206 mm ,Yes ,No ,None ,No ,100 x 100 ,178° H x 178° V , 1 x DisplayPort | 1 x HDMI 1.2 | 
HP 27sv,HP ,M4B77A9#ABA ,"27"" ",1920 x 1080 ,60 Hz ,7 ms ,IPS ,16:9 ,Black ,250 cd/m² ,0.311 mm ,Yes ,No ,None ,Yes ,100 x 100 ,178° H x 178° V , 1 x DVI-D Single Link | 1 x HDMI | 1 x VGA | 
Lenovo ThinkCentre TIO Flex -i,Lenovo ,12BKMAR1US ,"27"" ",1920 x 1080 ,60 Hz ,4 ms ,IPS ,16:9 ,Black / Red ,300 cd/m² ,0.311 mm ,Yes ,No ,None ,No ,,178° H x 178° V , 1 x DisplayPort 1.2 | 1 x HDMI 1.4 | 
Lenovo C27-30,Lenovo ,62AAKAR6US ,"27"" ",1920 x 1080 ,75 Hz ,4 ms ,VA ,16:9 ,Black ,250 cd/m² ,0.311 mm ,Yes ,No ,FreeSync ,No ,100 x 100 ,178° H x 178° V , 1 x HDMI | 1 x VGA | 
Lenovo ThinkVision S27e-20,Lenovo ,62AFKAR2US ,"27"" ",1920 x 1080 ,60 Hz ,4 ms ,IPS ,16:9 ,Black ,250 cd/m² ,0.311 mm ,Yes ,No ,None ,No ,,178° H x 178° V , 1 x HDMI | 1 x VGA | 
Lenovo 62D9GAR6US,Lenovo ,62D9GAR6US ,"23.8"" ",1920 x 1080 ,60 Hz ,4 ms ,IPS ,16:9 ,,250 cd/m² ,0.274 mm ,Yes ,No ,None ,No ,100 x 100 ,178° H x 178° V , 1 x DisplayPort | 1 x HDMI | 1 x USB Type-C 3.2 Gen 1 | 
Lenovo ThinkVision T22i-30,Lenovo ,63B0MAR6US ,"21.5"" ",1920 x 1080 ,60 Hz ,4 ms ,IPS ,16:9 ,Black / Red ,250 cd/m² ,0.248 mm ,Yes ,No ,None ,No ,,178° H x 178° V , 1 x DisplayPort 1.2 | 1 x HDMI 1.4 | 1 x VGA | 
Lenovo ThinkVision T23i-30,Lenovo ,63B2MAT6US ,"23"" ",1920 x 1080 ,60 Hz ,4 ms ,IPS ,16:9 ,Black / Red ,250 cd/m² ,0.265 mm ,Yes ,No ,None ,No ,100 x 100 ,178° H x 178° V ,
LG 24BL650C-B,LG , 24BL650C-B | 24BL650C-B.AEU | ,"23.8"" ",1920 x 1080 ,75 Hz ,5 ms ,IPS ,16:9 ,Black ,250 cd/m² ,0.274 mm ,Yes ,No ,None ,Yes ,100 x 100 ,178° H x 178° V , 1 x DisplayPort 1.2 | 1 x HDMI | 1 x USB Type-C | 
LG 24BP55Q-B,LG ,24BP55Q-B ,"23.8"" ",2560 x 1440 ,75 Hz ,5 ms ,IPS ,16:9 ,Black ,300 cd/m² ,0.206 mm ,Yes ,No ,FreeSync ,No ,100 x 100 ,178° H x 178° V , 1 x DisplayPort 1.4 | 2 x HDMI 1.4 | 
LG 24BP75Q-B,LG ,24BP75QB ,"23.8"" ",2560 x 1440 ,60 Hz ,5 ms ,IPS ,16:9 ,Black ,300 cd/m² ,0.206 mm ,Yes ,No ,FreeSync ,No ,,178° H x 178° V , 1 x DisplayPort 1.4 | 1 x HDMI 2.0 | 1 x USB Type-C | 
LG 24CK550Z-BP,LG ,24CK550ZBP ,"23.8"" ",1920 x 1080 ,60 Hz ,14 ms ,IPS ,16:9 ,Black ,250 cd/m² ,0.274 mm ,Yes ,No ,None ,Yes ,,178° H x 178° V ,1 x VGA 
LG 27BK550Y-I,LG ,27BK550YI ,"27"" ",1920 x 1080 ,75 Hz ,5 ms ,IPS ,16:9 ,Black ,250 cd/m² ,0.311 mm ,Yes ,No ,None ,Yes ,100 x 100 ,178° H x 178° V , 1 x DisplayPort 1.2 | 1 x DVI | 1 x HDMI 1.4 | 1 x VGA | 
LG 27BP55U-B,LG ,27BP55U-B ,"27"" ",3840 x 2160 ,60 Hz ,5 ms ,IPS ,16:9 ,Silver ,300 cd/m² ,0.156 mm ,Yes ,No ,FreeSync ,No ,100 x 100 ,178° H x 178° V , 1 x DisplayPort 1.4 | 2 x HDMI 2.0 | 1 x USB Type-C | 
LG 27BP85U-W,LG ,27BP85U-W ,"27"" ",3840 x 2160 ,,5 ms ,IPS ,16:9 ,Silver ,400 cd/m² ,0.156 mm ,Yes ,No ,FreeSync ,Yes ,,178° H x 178° V , 1 x DisplayPort 1.4 | 2 x HDMI 2.0 | 1 x USB Type-C | 
LG 27BQ75QB-B,LG ,27BQ75QB-B ,"27"" ",2560 x 1440 ,75 Hz ,5 ms ,IPS ,16:9 ,Black ,350 cd/m² ,0.233 mm ,Yes ,No ,FreeSync ,Yes ,100 x 100 ,178° H x 178° V ,1 x USB Type-C 
LG 27BQ85U-W,LG ,27BQ85U-W ,"27"" ",3840 x 2160 ,60 Hz ,5 ms ,Nano IPS ,16:9 ,Silver ,500 cd/m² ,0.156 mm ,Yes ,No ,FreeSync ,Yes ,100 x 100 ,178° H x 178° V , 1 x DisplayPort 1.4 | 2 x HDMI 2.0 | 1 x USB Type-C | 
LG 27MQ70QC-S,LG ,27MQ70QC-S ,"27"" ",2560 x 1440 ,75 Hz ,5 ms ,IPS ,16:9 ,Black / Silver ,350 cd/m² ,0.233 mm ,Yes ,No ,FreeSync ,Yes ,,178° H x 178° V , 1 x HDMI | 1 x USB Type-C | 
LG 29BN650-B,LG , 29BN650-B | 29BN650-B.AUB | 29BN650-B.AEU | ,"29"" ",2560 x 1080 ,75 Hz ,5 ms ,IPS ,21:9 ,Black ,350 cd/m² ,0.265 mm ,Yes ,No ,FreeSync ,Yes ,100 x 100 ,178° H x 178° V , 1 x DisplayPort 1.4 | 2 x HDMI 1.4 | 
LG 32BL75U-W,LG ,32BL75U-W ,"31.5"" ",3840 x 2160 ,60 Hz ,4 ms ,VA ,16:9 ,Silver ,400 cd/m² ,0.182 mm ,Yes ,No ,FreeSync ,Yes ,100 x 100 ,178° H x 178° V , 1 x DisplayPort 1.4 | 2 x HDMI 2.0 | 1 x USB Type-C | 
LG 32BP55U-B,LG ,32BP55U-B ,"31.5"" ",3840 x 2160 ,60 Hz ,4 ms ,VA ,16:9 ,Silver ,360 cd/m² ,0.182 mm ,Yes ,No ,FreeSync ,Yes ,100 x 100 ,178° H x 178° V , 1 x DisplayPort 1.4 | 2 x HDMI 2.0 | 1 x USB Type-C | 
LG 32BQ85U-W,LG ,32BQ85U-W ,"31.5"" ",3840 x 2160 ,60 Hz ,5 ms ,Nano IPS ,16:9 ,Silver ,400 cd/m² ,0.182 mm ,Yes ,No ,FreeSync ,Yes ,100 x 100 ,178° H x 178° V ,
LG UltraFine 	32UQ750-W,LG ,32UQ750-W ,"31.5"" ",3840 x 2160 ,144 Hz ,4 ms ,VA ,16:9 ,Silver ,400 cd/m² ,0.182 mm ,Yes ,No ,FreeSync Premium ,Yes ,,178° H x 178° V , 1 x DisplayPort | 1 x HDMI | 1 x USB Type-C | 
LG 34BN670-B,LG , 34BN670-B | 34BN670-B.AEU | ,"34"" ",2560 x 1080 ,75 Hz ,5 ms ,IPS ,21:9 ,Black ,500 cd/m² ,0.311 mm ,Yes ,No ,FreeSync ,Yes ,100 x 100 ,178° H x 178° V , 1 x DisplayPort 1.4 | 2 x HDMI 1.4 | 
LG 34BN77C-B,LG , 34BN77C-B | 34BN77C-B-0 | ,"34"" ",3440 x 1440 ,60 Hz ,5 ms ,IPS ,21:9 ,Black ,300 cd/m² ,0.232 mm ,Yes ,Yes ,FreeSync ,Yes ,100 x 100 ,178° H x 178° V , 1 x DisplayPort 1.4 | 2 x HDMI 2.0 | 
LG 34BQ77QCB,LG , 34BQ77QCB | 34BQ77QC-B.AEU | ,"34"" ",3440 x 1440 ,60 Hz ,,IPS ,21:9 ,Black ,300 cd/m² ,0.232 mm ,Yes ,Yes ,None ,Yes ,,178° H x 178° V , 1 x DisplayPort 1.4 | 2 x HDMI 2.0 | 1 x USB Type-C | 
LG 35BN75C-B,LG ,35BN75C-B ,"35"" ",3440 x 1440 ,100 Hz ,5 ms ,VA ,21:9 ,Black ,300 cd/m² ,0.238 mm ,Yes ,Yes ,FreeSync ,Yes ,100 x 100 ,178° H x 178° V , 1 x DisplayPort 1.4 | 2 x HDMI 2.0 | 1 x USB Type-C | 
LG 38BN75C-B,LG , 38BN75C-B | 38BN75C-B.AUB | ,"38"" ",3840 x 1600 ,60 Hz ,5 ms ,IPS ,12:5 ,Black ,400 cd/m² ,0.232 mm ,Yes ,Yes ,None ,No ,,178° H x 178° V , 1 x DisplayPort 1.4 | 2 x HDMI 2.0 | 
MSI G242C,MSI ,G242C ,"23.6"" ",1920 x 1080 ,170 Hz ,,VA ,16:9 ,Black ,250 cd/m² ,0.272 mm ,Yes ,Yes ,FreeSync ,No ,75 x 75 ,178° H x 178° V ,
MSI G2712V,MSI ,G2712V ,"27"" ",1920 x 1080 ,100 Hz ,,IPS ,16:9 ,Black ,300 cd/m² ,0.311 mm ,Yes ,No ,FreeSync ,No ,100 x 100 ,178° H x 178° V , 1 x DisplayPort 1.2a | 1 x HDMI 1.4 | 
MSI Modern MD272PW,MSI ,MD272PW ,"27"" ",1920 x 1080 ,75 Hz ,5 ms ,IPS ,16:9 ,Silver / Black ,250 cd/m² ,0.311 mm ,Yes ,No ,None ,Yes ,75 x 75 ,178° H x 178° V , 1 x DisplayPort 1.2a | 1 x HDMI 2.0b | 1 x USB Type-C | 
MSI Modern MD272QP,MSI ,MD272QP ,"27"" ",2560 x 1440 ,75 Hz ,4 ms ,,16:9 ,Silver / Black ,300 cd/m² ,0.233 mm ,Yes ,No ,None ,Yes ,75 x 75 ,178° H x 178° V , 1 x DisplayPort 1.2 | 1 x HDMI 1.4 | 1 x USB Type-C | 
MSI Modern MD272QP UltraMarine,MSI ,Modern MD272QP UltraMarine ,"27"" ",2560 x 1440 ,75 Hz ,4 ms ,IPS ,16:9 ,Blue ,250 cd/m² ,0.233 mm ,Yes ,No ,None ,Yes ,75 x 75 ,178° H x 178° V , 1 x DisplayPort 1.2 | 1 x HDMI 1.4 | 1 x USB Type-C | 
MSI MPG Artymis 273CQR-QD,MSI ,MPG273CQRQD ,"27"" ",2560 x 1440 ,165 Hz ,,VA ,16:9 ,Black ,530 cd/m² ,0.233 mm ,Yes ,Yes ,FreeSync Premium Pro ,No ,100 x 100 ,178° H x 178° V , 1 x DisplayPort 1.2a | 2 x HDMI 2.0b | 1 x USB Type-C | 
MSI Optix G271C E2,MSI ,Optix G271C E2 ,"27"" ",1920 x 1080 ,170 Hz ,,VA ,16:9 ,Black ,300 cd/m² ,0.311 mm ,Yes ,Yes ,FreeSync ,No ,75 x 75 ,178° H x 178° V ,
MSI Optix G27C6 E2,MSI ,Optix G27C6 E2 ,"27"" ",1920 x 1080 ,170 Hz ,,VA ,16:9 ,Black ,250 cd/m² ,0.311 mm ,Yes ,Yes ,FreeSync ,No ,100 x 100 ,178° H x 178° V , 1 x DisplayPort 1.2a | 2 x HDMI 1.4 | 
MSI Optix G281UV,MSI ,Optix G281UV ,"27.9"" ",3840 x 2160 ,60 Hz ,4 ms ,IPS ,16:9 ,Black ,400 cd/m² ,0.161 mm ,Yes ,No ,FreeSync ,No ,100 x 100 ,178° H x 178° V , 1 x DisplayPort 1.2a | 1 x HDMI 2.0b | 
NEC E273F-BK,NEC ,E273F-BK ,"27"" ",1920 x 1080 ,60 Hz ,6 ms ,IPS ,16:9 ,Black ,250 cd/m² ,0.311 mm ,Yes ,No ,None ,No ,100 x 100 ,178° H x 178° V , 1 x DisplayPort | 1 x HDMI | 
Philips 272P7VUBNB,Philips , 272P7VUBNB | 272P7VUBNB/27 | ,"27"" ",3840 x 2160 ,60 Hz ,5 ms ,IPS ,16:9 ,Black ,350 cd/m² ,0.156 mm ,Yes ,No ,None ,No ,100 x 100 ,178° H x 178° V , 1 x DisplayPort 1.2 | 1 x HDMI 2.0 | 1 x USB Type-C 3.2 Gen 2 | 
Philips 328B1,Philips , 328B1 | 328B1/27 | ,"31.5"" ",3840 x 2160 ,60 Hz ,4 ms ,VA ,16:9 ,Black ,350 cd/m² ,0.182 mm ,Yes ,No ,FreeSync ,Yes ,100 x 100 ,178° H x 178° V , 1 x DisplayPort 1.2 | 2 x HDMI 2.0 | 
Planar PXN2490MW,Planar ,998-2111-00 ,"23.8"" ",2560 x 1440 ,60 Hz ,6 ms ,IPS ,16:9 ,White ,300 cd/m² ,0.206 mm ,Yes ,No ,None ,Yes ,100 x 100 ,178° H x 178° V , 1 x DisplayPort | 1 x DVI-D Dual Link | 1 x HDMI | 
Planar PXN2410,Planar ,998-2944-00 ,"23.8"" ",1920 x 1080 ,60 Hz ,6 ms ,IPS ,16:9 ,Black ,250 cd/m² ,0.274 mm ,Yes ,No ,None ,Yes ,100 x 100 ,178° H x 178° V , 1 x DisplayPort | 1 x HDMI | 1 x VGA | 
Planar PZN2410,Planar ,998144300 ,"23.8"" ",1920 x 1080 ,60 Hz ,6 ms ,IPS ,16:9 ,Black ,250 cd/m² ,0.274 mm ,Yes ,No ,None ,Yes ,100 x 100 ,178° H x 178° V , 1 x DisplayPort | 1 x HDMI | 1 x VGA | 
Planar PXN2710Q,Planar ,PXN2710Q-0 ,"27"" ",2560 x 1440 ,60 Hz ,6 ms ,IPS ,16:9 ,Black ,300 cd/m² ,0.233 mm ,Yes ,No ,None ,Yes ,100 x 100 ,178° H x 178° V , 1 x DisplayPort | 2 x HDMI | 
Planar PZN3410Q,Planar , PZN3410Q | 998-2123-00 | ,"27"" ",2560 x 1440 ,60 Hz ,6 ms ,IPS ,16:9 ,Black ,300 cd/m² ,0.233 mm ,Yes ,No ,None ,Yes ,100 x 100 ,178° H x 178° V , 1 x DisplayPort | 2 x HDMI | 
Samsung T37F,Samsung ,F22T374FWN ,"21.5"" ",1920 x 1080 ,75 Hz ,5 ms ,IPS ,16:9 ,Black ,250 cd/m² ,0.248 mm ,Yes ,No ,FreeSync ,No ,,178° H x 178° V , 1 x DisplayPort | 1 x HDMI | 
Samsung FT400,Samsung ,F24T400FHN ,"23.5"" ",1920 x 1080 ,60 Hz ,4 ms ,IPS ,16:9 ,Black ,250 cd/m² ,0.271 mm ,Yes ,No ,FreeSync ,No ,100 x 100 ,178° H x 178° V , 1 x HDMI 1.4 | 1 x VGA | 
Samsung T37F,Samsung , F27T374FWN | LF27T374FWNXGO | ,"27"" ",1920 x 1080 ,75 Hz ,5 ms ,IPS ,16:9 ,Black ,250 cd/m² ,0.311 mm ,Yes ,No ,FreeSync ,No ,100 x 100 ,178° H x 178° V , 1 x DisplayPort 1.2 | 1 x HDMI 1.4 | 
Samsung T45F,Samsung , F27T450FZN | LF27T450FZNXGO | ,"27"" ",1920 x 1080 ,75 Hz ,5 ms ,IPS ,16:9 ,Black ,250 cd/m² ,0.311 mm ,Yes ,No ,FreeSync ,Yes ,100 x 100 ,178° H x 178° V , 1 x DisplayPort 1.2 | 2 x HDMI 1.4 | 
Samsung FT872,Samsung ,F32TU872VN ,"31.5"" ",3840 x 2160 ,60 Hz ,8 ms ,VA ,16:9 ,Black ,250 cd/m² ,0.182 mm ,Yes ,No ,None ,No ,100 x 100 ,178° H x 178° V , 1 x DisplayPort 1.2 | 1 x HDMI 2.0 | 1 x USB Type-C | 
Samsung TU874,Samsung , F32TU874VN | LF32TU874VNXGO | ,"31.5"" ",3840 x 2160 ,60 Hz ,5 ms ,VA ,16:9 ,,250 cd/m² ,0.182 mm ,Yes ,No ,None ,No ,100 x 100 ,178° H x 178° V , 1 x Mini-DisplayPort 1.2 | 1 x HDMI 2.0 | 
Samsung S80TB,Samsung , LS27B804TGNXGO | S27B804TGN | ,"27"" ",3840 x 2160 ,60 Hz ,5 ms ,IPS ,16:9 ,Black ,350 cd/m² ,0.156 mm ,Yes ,No ,None ,Yes ,,178° H x 178° V , 1 x HDMI 2.0 | 2 x USB Type-C | 
Samsung M50C,Samsung , LS27CM502ENXGO | S27CM502EN | ,"27"" ",1920 x 1080 ,60 Hz ,4 ms ,VA ,16:9 ,Black ,250 cd/m² ,0.311 mm ,Yes ,No ,None ,No ,,178° H x 178° V ,2 x HDMI 1.4 
Samsung M80C,Samsung , LS27CM80GUNXZA | S27CM80GUN | ,"27"" ",3840 x 2160 ,60 Hz ,4 ms ,VA ,16:9 ,Green ,400 cd/m² ,0.156 mm ,Yes ,No ,None ,Yes ,100 x 100 ,178° H x 178° V , 1 x HDMI 2.0 | 1 x USB Type-C | 
Samsung M70C,Samsung , LS32CM703UNXZA | S32CM703UN | ,"32"" ",3840 x 2160 ,60 Hz ,4 ms ,VA ,16:9 ,White ,300 cd/m² ,0.184 mm ,Yes ,No ,None ,Yes ,100 x 100 ,178° H x 1787° V , 1 x HDMI 2.0 | 1 x USB Type-C | 
Samsung SR35,Samsung , S24R356FZN | LS24R356FZNXZA | ,"23.8"" ",1920 x 1080 ,75 Hz ,5 ms ,IPS ,16:9 ,Black ,250 cd/m² ,0.274 mm ,Yes ,No ,None ,No ,,178° H x 178° V , 1 x HDMI 1.4 | 1 x VGA | 
Samsung ViewFinity S60A,Samsung ,S32A604NWN ,"31.5"" ",2560 x 1440 ,75 Hz ,5 ms ,VA ,16:9 ,Black ,300 cd/m² ,0.272 mm ,Yes ,No ,FreeSync ,No ,100 x 100 ,178° H x 178° V , 1 x DisplayPort 1.2 | 1 x HDMI 1.4 | 
V7 L238IPS-HAS-N,V7 ,L238IPS-HAS-N ,"23.8"" ",1920 x 1080 ,60 Hz ,5 ms ,IPS ,16:9 ,Black ,250 cd/m² ,0.274 mm ,Yes ,No ,None ,Yes ,100 x 100 ,178° H x 178° V , 1 x DisplayPort | 1 x HDMI | 1 x VGA | 
V7 L238IPS-N,V7 ,L238IPS-N ,"23.8"" ",1920 x 1080 ,60 Hz ,5 ms ,IPS ,16:9 ,Black ,250 cd/m² ,0.274 mm ,Yes ,No ,None ,Yes ,100 x 100 ,178° H x 178° V , 1 x DisplayPort | 1 x HDMI | 1 x VGA | 
V7 L270IPS-HAS-N,V7 ,L270IPS-HAS-N ,"27"" ",1920 x 1080 ,60 Hz ,5 ms ,,16:9 ,Black ,250 cd/m² ,0.311 mm ,Yes ,No ,None ,Yes ,100 x 100 ,178° H x 178° V , 1 x DisplayPort | 1 x HDMI | 1 x VGA | 
Asus ROG Strix XG27AQM-G,Asus , 90LM06U5-B023B0 | ROG Strix XG27AQM-G | ,"27"" ",2560 x 1440 ,270 Hz ,0.5 ms ,IPS ,16:9 ,Purple / Green ,400 cd/m² ,0.233 mm ,Yes ,No ,G-Sync Compatible ,No ,100 x 100 ,178° H x 178° V ,
Planar PXN2480MW,Planar , 998-0410-00 | PXN2480MW | ,"23.8"" ",1920 x 1080 ,60 Hz ,7 ms ,IPS ,16:9 ,Black ,250 cd/m² ,0.274 mm ,Yes ,No ,None ,Yes ,100 x 100 ,178° H x 178° V , 1 x DisplayPort | 1 x HDMI | 1 x VGA | 
NEC E271N-BK,NEC ,E271N-BK ,"27"" ",1920 x 1080 ,60 Hz ,6 ms ,,16:9 ,Black ,250 cd/m² ,0.311 mm ,Yes ,No ,None ,Yes ,,178° H x 178° V , 1 x DisplayPort | 1 x HDMI | 1 x VGA | 
AOC Q32P2CA,AOC ,Q32P2CA ,"31.5"" ",2560 x 1440 ,75 Hz ,,,16:9 ,Black ,,0.272 mm ,Yes ,No ,FreeSync ,No ,,178° H x 178° V , 1 x DisplayPort 1.2 | 2 x HDMI 1.4 | 1 x USB Type-C | 
Philips 322E1C,Philips , 322E1C | 322E1C/27 | ,"31.5"" ",1920 x 1080 ,75 Hz ,4 ms ,VA ,16:9 ,Black ,250 cd/m² ,0.363 mm ,Yes ,Yes ,FreeSync ,No ,100 x 100 ,178° H x 178° V , 1 x DisplayPort 1.2 | 1 x HDMI 1.4 | 1 x VGA | 
BenQ PD3420Q,BenQ ,PD3420Q ,"34"" ",3440 x 1440 ,60 Hz ,5 ms ,IPS ,21:9 ,Black ,400 cd/m² ,0.232 mm ,Yes ,No ,None ,Yes ,100 x 100 ,178° H x 178° V , 1 x DisplayPort 1.4 | 2 x HDMI 2.0 | 1 x USB Type-C | 
YEYIAN Odraz 2001,YEYIAN ,MG2701 ,"27"" ",1920 x 1080 ,,1 ms ,VA ,16:9 ,Black / Red ,250 cd/m² ,0.311 mm ,Yes ,No , FreeSync | G-Sync Compatible | ,No ,,178° H x 178° V , 1 x DisplayPort | 1 x DVI | 1 x HDMI | 
YEYIAN Sigurd 3500,YEYIAN ,YMC-70201 ,"31.5"" ",1920 x 1080 ,165 Hz ,1 ms ,VA ,16:9 ,Black / Red ,250 cd/m² ,0.363 mm ,Yes ,Yes ,FreeSync ,No ,100 x 100 ,178° H x 178° V , 1 x DisplayPort | 3 x HDMI | 
YEYIAN Sigurd 2502,YEYIAN ,YMC-70803 ,"23.6"" ",1920 x 1080 ,165 Hz ,1 ms ,VA ,16:9 ,Black ,250 cd/m² ,0.272 mm ,Yes ,Yes ,FreeSync ,Yes ,100 x 100 ,178° H x 178° V , 1 x DisplayPort | 1 x HDMI | 
Acer Nitro XZ452CU V,Acer ,UM.MX2SA.V01 ,"45.5"" ",5120 x 1440 ,165 Hz ,,VA ,32:9 ,Black ,450 cd/m² ,0.217 mm ,Yes ,Yes ,FreeSync Premium Pro ,Yes ,200 x 100 ,178° H x 178° V , 1 x HDMI | 1 x USB Type-C | 
Sceptre U279W-4000R,Sceptre ,U279W-4000R ,"26.93"" ",3840 x 2160 ,70 Hz ,5 ms ,IPS ,16:9 ,Black ,250 cd/m² ,0.155 mm ,Yes ,No ,None ,Yes ,100 x 100 ,178° H x 178° V , 1 x DisplayPort | 1 x DVI-D Dual Link | 1 x HDMI 2.0 | 1 x HDMI 1.4 | 
Sceptre U279W-4000RK,Sceptre ,U279W-4000RK ,"26.93"" ",3840 x 2160 ,70 Hz ,5 ms ,IPS ,16:9 ,Black ,250 cd/m² ,0.155 mm ,Yes ,No ,None ,Yes ,100 x 100 ,178° H x 178° V , 1 x DisplayPort | 1 x DVI-D Dual Link | 1 x HDMI 2.0 | 1 x HDMI 1.4 | 
Sceptre U278W-4000RK,Sceptre ,U278W-4000RK ,"26.93"" ",3840 x 2160 ,70 Hz ,5 ms ,IPS ,16:9 ,Black ,250 cd/m² ,0.155 mm ,Yes ,No ,None ,Yes ,100 x 100 ,178° H x 178° V , 1 x DisplayPort | 1 x DVI | 1 x HDMI 2.0 | 1 x HDMI 1.4 | 
Acer XV275U P3biiprx,Acer , UM.HXXEE.301 | XV275UP3biiprx | ,"27"" ",2560 x 1440 ,170 Hz ,,VA Mini LED ,16:9 ,Black ,1000 cd/m² ,0.233 mm ,Yes ,No ,FreeSync Premium ,No ,75 x 75 ,178° H x 178° V , 1 x DisplayPort 1.2 | 2 x HDMI 2.0 | 
Pixio PX248 Wave,Pixio ,PX248WAVEB ,"23.8"" ",1920 x 1080 ,200 Hz ,1 ms ,IPS ,16:9 ,Pink ,300 cd/m² ,0.274 mm ,Yes ,No ,FreeSync ,Yes ,75 x 75 ,178° H x 178° V , 1 x DisplayPort 1.4 | 1 x HDMI 2.0 | 
Pixio PX32U WAVE,Pixio ,PX32UWAVE ,"32"" ",3840 x 2160 ,144 Hz ,1 ms ,IPS ,16:9 ,Black ,350 cd/m² ,0.184 mm ,Yes ,No ,FreeSync ,Yes ,75 x 75 ,178° H x 178° V , 2 x DisplayPort 1.4 | 2 x HDMI 2.1 | 
AOC 24P2Q,AOC ,24P2Q ,"23.8"" ",1920 x 1080 ,75 Hz ,4 ms ,IPS ,16:9 ,Black ,300 cd/m² ,0.274 mm ,Yes ,No ,FreeSync ,Yes ,100 x 100 ,178° H x 178° V , 1 x DisplayPort 1.2 | 1 x DVI-D Dual Link | 1 x HDMI 1.4 | 1 x VGA | 
