Name,URL,Image,Fan RPM,Noise Level,Color,Radiator Size,Price
Thermalright Peerless Assassin 120 SE,https://pcpartpicker.com/product/hYxRsY/thermalright-peerless-assassin-120-se-6617-cfm-cpu-cooler-pa120-se-d3,https://m.media-amazon.com/images/I/41hFTmi5aUL.jpg,1550 RPM,25.6 dB,Black / Silver,,34.90
ARCTIC Liquid Freezer III Pro 360,https://pcpartpicker.com/product/v2kqqs/arctic-liquid-freezer-iii-pro-360-77-cfm-liquid-cpu-cooler-acfre00180a,https://cdna.pcpartpicker.com/static/forever/images/product/a0b2a92bb4ec2c95b5e492c9513b2c0b.256p.jpg,600 - 3000 RPM,,Black,360 mm,89.99
Cooler Master Hyper 212 Black Edition,https://pcpartpicker.com/product/HyTPxr/cooler-master-hyper-212-black-edition-42-cfm-cpu-cooler-rr-212s-20pk-r1,https://cdna.pcpartpicker.com/static/forever/images/product/716d4c601ae190184020710e098e7b36.256p.jpg,650 - 2000 RPM,6.5 - 26 dB,Black,,25.99
Thermalright Aqua Elite V3,https://pcpartpicker.com/product/ZQBzK8/thermalright-aqua-elite-v3-6617-cfm-liquid-cpu-cooler-aqua-elite-360-black-v3,https://m.media-amazon.com/images/I/318f4Q17BeL.jpg,1500 RPM,25.6 dB,Black,360 mm,54.90
Corsair NAUTILUS 360 RS ARGB,https://pcpartpicker.com/product/DhsV3C/corsair-nautilus-360-rs-argb-7437-cfm-liquid-cpu-cooler-cw-9060093-ww,https://cdna.pcpartpicker.com/static/forever/images/product/3dfb3eca3bd8bf176490b7955ae6345c.256p.jpg,2100 RPM,34 dB,Black,360 mm,129.99
ARCTIC Liquid Freezer III Pro A-RGB 360,https://pcpartpicker.com/product/Xh9nTW/arctic-liquid-freezer-iii-pro-a-rgb-360-77-cfm-liquid-cpu-cooler-acfre00184a,https://cdna.pcpartpicker.com/static/forever/images/product/4b3cb378557216401dabfeb2bb0719e1.256p.jpg,600 - 3000 RPM,,Black,360 mm,98.99
Thermalright Phantom Spirit 120 SE ARGB,https://pcpartpicker.com/product/MzMMnQ/thermalright-phantom-spirit-120-se-argb-6617-cfm-cpu-cooler-ps120se-argb,https://m.media-amazon.com/images/I/51KizlEeQZL.jpg,1500 RPM,25.6 dB,Black / Silver,,37.90
ARCTIC Liquid Freezer III Pro A-RGB 360,https://pcpartpicker.com/product/hYXMnQ/arctic-liquid-freezer-iii-pro-a-rgb-360-77-cfm-liquid-cpu-cooler-acfre00188a,https://cdna.pcpartpicker.com/static/forever/images/product/1288d1aa8f62f15d8ff05f28a8575a93.256p.jpg,600 - 3000 RPM,,White,360 mm,105.49
Noctua NH-D15 chromax.black,https://pcpartpicker.com/product/84MTwP/noctua-nh-d15-chromaxblack-8252-cfm-cpu-cooler-nh-d15-chromaxblack,https://m.media-amazon.com/images/I/51kgqhkUNuL.jpg,300 - 1500 RPM,19.2 - 24.6 dB,Black,,139.94
Thermalright Assassin X 120 Refined SE,https://pcpartpicker.com/product/q6H7YJ/thermalright-assassin-x-120-refined-se-6617-cfm-cpu-cooler-ax120-se-d3,/static/forever/img/no-image.png,1550 RPM,25.6 dB,Black / Silver,,17.89
Thermalright Aqua Elite V3,https://pcpartpicker.com/product/BvmNnQ/thermalright-aqua-elite-v3-6617-cfm-liquid-cpu-cooler-aqua-elite-240-black-v3,https://m.media-amazon.com/images/I/41pZVxhhiWL.jpg,1500 RPM,25.6 dB,Black,240 mm,44.90
be quiet! Dark Rock Pro 5,https://pcpartpicker.com/product/LyyH99/be-quiet-dark-rock-pro-5-cpu-cooler-bk036,https://cdna.pcpartpicker.com/static/forever/images/product/a0191a4cb06d0077eab9a260cc759c8b.256p.jpg,1300 - 2000 RPM,8.9 - 23.3 dB,Black,,84.90
NZXT Kraken Elite 360 RGB (2024),https://pcpartpicker.com/product/pjwmP6/nzxt-kraken-elite-360-rgb-2024-7512-cfm-liquid-cpu-cooler-rl-kr36e-w2,https://cdna.pcpartpicker.com/static/forever/images/product/87647223e3478a0264b523d38ec982e1.256p.jpg,500 - 2400 RPM,30 dB,White,360 mm,249.99
AMD Wraith Prism,https://pcpartpicker.com/product/3WfxFT/amd-wraith-prism-2800-cfm-cpu-cooler-199-999888,https://cdna.pcpartpicker.com/static/forever/images/product/00979205bfe0f63cf50f396392775b9f.256p.jpg,2800 RPM,42 dB,,,
MSI MPG CORELIQUID D360,https://pcpartpicker.com/product/sPNYcf/msi-mpg-coreliquid-d360-774-cfm-liquid-cpu-cooler-mpg-coreliquid-d360,https://cdna.pcpartpicker.com/static/forever/images/product/03f3e1f6276abc7095487e641a775454.256p.jpg,,,Black,360 mm,
Corsair NAUTILUS 360 RS ARGB,https://pcpartpicker.com/product/CgYRsY/corsair-nautilus-360-rs-argb-7437-cfm-liquid-cpu-cooler-cw-9060095-ww,https://cdna.pcpartpicker.com/static/forever/images/product/ca7982eafd093cfb1d47f3b2887db528.256p.jpg,2100 RPM,34 dB,White,360 mm,129.99
Thermalright Phantom Spirit 120 SE,https://pcpartpicker.com/product/GpbRsY/thermalright-phantom-spirit-120-se-6617-cfm-cpu-cooler-ps120se,https://m.media-amazon.com/images/I/51kJe8EOqjL.jpg,1500 RPM,25.6 dB,Black / Silver,,35.90
Noctua NH-D15,https://pcpartpicker.com/product/4vzv6h/noctua-nh-d15-825-cfm-cpu-cooler-nh-d15,https://cdna.pcpartpicker.com/static/forever/images/product/ca16d42d3e187f96c728c09183df14a7.med.256p.jpg,300 - 1500 RPM,19.2 - 24.6 dB,,,129.94
Corsair iCUE LINK TITAN 360 RX LCD,https://pcpartpicker.com/product/TtXV3C/corsair-icue-link-titan-360-rx-lcd-735-cfm-liquid-cpu-cooler-cw-9061023-ww,https://cdna.pcpartpicker.com/static/forever/images/product/34813b9b3153ddbea54e46dfe496930e.256p.jpg,300 - 2100 RPM,10 - 36 dB,Black,360 mm,219.99
NZXT Kraken 240,https://pcpartpicker.com/product/LDqrxr/nzxt-kraken-240-7802-cfm-liquid-cpu-cooler-rl-kn240-b1,https://cdna.pcpartpicker.com/static/forever/images/product/157afeba59d05304fe181106745e6177.256p.jpg,500 - 1800 RPM,17.9 - 30.6 dB,Black,240 mm,
ARCTIC Freezer 36,https://pcpartpicker.com/product/N6bRsY/arctic-freezer-36-cpu-cooler-acfre00123a,https://m.media-amazon.com/images/I/41LLTGkmTRL.jpg,200 - 1800 RPM,,Black,,30.54
ARCTIC Liquid Freezer III Pro,https://pcpartpicker.com/product/zn8Pxr/arctic-liquid-freezer-iii-pro-77-cfm-liquid-cpu-cooler-acfre00178a,https://cdna.pcpartpicker.com/static/forever/images/product/8c1a0efcef96c3455d3ecd2bdc4a4fa7.256p.jpg,600 - 3000 RPM,,Black,240 mm,75.98
Thermalright Peerless Assassin 120 SE ARGB,https://pcpartpicker.com/product/zyNxFT/thermalright-peerless-assassin-120-se-argb-6617-cfm-cpu-cooler-pa-120-se-argb,https://cdna.pcpartpicker.com/static/forever/images/product/1e057960fccae4328fbdc13bb45bf42c.256p.jpg,1550 RPM,25.6 dB,Black,,36.90
Asus ROG Ryujin III 360 ARGB Extreme,https://pcpartpicker.com/product/VxLdnQ/asus-rog-ryujin-iii-360-argb-extreme-8973-cfm-liquid-cpu-cooler-90rc0131-m0eay0,https://cdna.pcpartpicker.com/static/forever/images/product/39b44057eccd6eb120ce03241efb9758.256p.jpg,1 - 2800 RPM,36 dB,Black,360 mm,377.99
NZXT Kraken Elite 360 (2024),https://pcpartpicker.com/product/Ff3NnQ/nzxt-kraken-elite-360-2024-7347-cfm-liquid-cpu-cooler-rl-kn36e-b2,https://cdna.pcpartpicker.com/static/forever/images/product/fd99aab7f118f143c3e5fb3ffbe7634c.256p.jpg,500 - 2000 RPM,30 dB,Black,360 mm,229.99
Cooler Master MasterLiquid 360L Core ARGB,https://pcpartpicker.com/product/jBrqqs/cooler-master-masterliquid-360l-core-argb-liquid-cpu-cooler-mlw-d36m-a18pz-r1,https://cdna.pcpartpicker.com/static/forever/images/product/17af431eeae6b8cc280717a7f3bf3da3.256p.jpg,350 - 1750 RPM,27.2 dB,Black,360 mm,67.97
Cooler Master Hyper 212 Spectrum V3,https://pcpartpicker.com/product/jgbRsY/cooler-master-hyper-212-spectrum-v3-7193-cfm-cpu-cooler-rr-s4na-17pa-r1,https://cdna.pcpartpicker.com/static/forever/images/product/99c2387300d7c25362407dbfeef14536.256p.jpg,650 - 1750 RPM,27.2 dB,Black / Silver,,18.98
TRYX PANORAMA SE ARGB,https://pcpartpicker.com/product/ggtkcf/tryx-panorama-se-argb-6609-cfm-liquid-cpu-cooler-l-p360l-am3m-g0k,https://cdna.pcpartpicker.com/static/forever/images/product/4396205566edcb98b328393b5a6e8c12.256p.jpg,500 - 1850 RPM,,Black,360 mm,274.99
Corsair NAUTILUS 360 RS LCD,https://pcpartpicker.com/product/wZrp99/corsair-nautilus-360-rs-lcd-728-cfm-liquid-cpu-cooler-cw-9061033-ww,https://cdna.pcpartpicker.com/static/forever/images/product/6f29e592f8d32dc9571c6b5f8965a5cb.256p.jpg,2100 RPM,10 - 36 dB,Black,360 mm,159.99
Thermalright Phantom Spirit EVO,https://pcpartpicker.com/product/BRMMnQ/thermalright-phantom-spirit-evo-69-cfm-cpu-cooler-phantom-spirit-120-evo,https://cdna.pcpartpicker.com/static/forever/images/product/df16c34a7f230bb2f6848cd90c87e0fb.256p.jpg,2150 RPM,27 dB,Black,,58.22
Thermalright Peerless Assassin 120 SE WHITE ARGB,https://pcpartpicker.com/product/xMLFf7/thermalright-peerless-assassin-120-se-white-argb-6617-cfm-cpu-cooler-pa120-se-white-argb,https://cdna.pcpartpicker.com/static/forever/images/product/c09b33bf4c2452bbc71fac7691860f4a.256p.jpg,1550 RPM,25.6 dB,White,,39.90
Thermalright Assassin X SE,https://pcpartpicker.com/product/8wZXsY/thermalright-assassin-x-se-3277-cfm-cpu-cooler-ax90se-v2,https://m.media-amazon.com/images/I/41aQSKl8SfL.jpg,2200 RPM,23.85 dB,Black / Silver,,16.89
Asus ROG Ryuo IV SLC 360 ARGB,https://pcpartpicker.com/product/HJTFf7/asus-rog-ryuo-iv-slc-360-argb-7144-cfm-liquid-cpu-cooler-90rc0151-b0eay0,https://cdna.pcpartpicker.com/static/forever/images/product/ea53c568adee3b4cfd95df87cd04c30b.256p.jpg,800 - 2650 RPM,39.6 dB,Black,360 mm,427.97
Lian Li Hydroshift LCD 360S,https://pcpartpicker.com/product/zWFmP6/lian-li-hydroshift-lcd-360s-7314-cfm-liquid-cpu-cooler-hslcd36sw,https://cdna.pcpartpicker.com/static/forever/images/product/47f6e66e2ffc069e7958649020d76c4c.256p.jpg,200 - 2500 RPM,29.8 dB,White,360 mm,179.99
be quiet! Pure Rock 3,https://pcpartpicker.com/product/tmDnTW/be-quiet-pure-rock-3-596-cfm-cpu-cooler-bk039,https://cdna.pcpartpicker.com/static/forever/images/product/0c15d5db66e04ad50dd39228ced3a511.256p.jpg,2000 RPM,12.4 - 31.2 dB,Black,,37.90
ID-COOLING SE-214-XT ARGB,https://pcpartpicker.com/product/Zr8bt6/id-cooling-se-214-xt-argb-682-cfm-cpu-cooler-se-214-xt-argb,https://m.media-amazon.com/images/I/5130uHBNUnL.jpg,500 - 1500 RPM,13.8 - 30.5 dB,Black,,
Noctua NH-L9A-AM5,https://pcpartpicker.com/product/qwrqqs/noctua-nh-l9a-am5-3384-cfm-cpu-cooler-nh-l9a-am5,https://cdna.pcpartpicker.com/static/forever/images/product/e34aa9b26728023fbd3919e021729b44.256p.jpg,600 - 2500 RPM,14.8 - 23.6 dB,Brown / Silver,,49.95
MSI MAG CORELIQUID A13,https://pcpartpicker.com/product/H4FmP6/msi-mag-coreliquid-a13-626-cfm-liquid-cpu-cooler-mag-coreliquid-a13-240,https://cdna.pcpartpicker.com/static/forever/images/product/09d0a7acefcd3455ed55679297421d01.256p.jpg,,,Black,240 mm,74.99
Thermalright Assassin Spirit 120 EVO,https://pcpartpicker.com/product/zrP8TW/thermalright-assassin-spirit-120-evo-689-cfm-cpu-cooler-as120-evo,https://m.media-amazon.com/images/I/41595fJKAOL.jpg,2000 RPM,28.2 dB,Black,,25.39
TRYX PANORAMA SE ARGB,https://pcpartpicker.com/product/qF8Pxr/tryx-panorama-se-argb-6609-cfm-liquid-cpu-cooler-l-p360l-am3m-g0w,https://cdna.pcpartpicker.com/static/forever/images/product/15c1e29ddca56341b5ae08d55bd43b89.256p.jpg,500 - 1850 RPM,,White,360 mm,274.99
Noctua NH-L9A-AM5 CHROMAX.BLACK,https://pcpartpicker.com/product/KNn9TW/noctua-nh-l9a-am5-chromaxblack-3384-cfm-cpu-cooler-nh-l9a-am5-chromaxblack,https://cdna.pcpartpicker.com/static/forever/images/product/7da2ce71b33904d0f379f9398d4515d7.256p.jpg,600 - 2500 RPM,14.8 - 23.6 dB,Black,,59.95
NZXT Kraken Z73 RGB,https://pcpartpicker.com/product/4HQcCJ/nzxt-kraken-z73-rgb-5244-cfm-liquid-cpu-cooler-rl-krz73-rw,https://cdna.pcpartpicker.com/static/forever/images/product/3e22ca8828d712a21fae2eff9df00632.256p.jpg,500 - 1500 RPM,22 - 33 dB,White / Black,360 mm,399.99
Thermalright Frozen Infinity 360 ARGB,https://pcpartpicker.com/product/F9kH99/thermalright-frozen-infinity-360-argb-689-cfm-liquid-cpu-cooler-frozen-infinity-360-white,https://m.media-amazon.com/images/I/41m0Oop3ddL.jpg,2000 RPM,28.2 dB,White,360 mm,52.59
Corsair NAUTILUS 240 RS ARGB,https://pcpartpicker.com/product/MmV2FT/corsair-nautilus-240-rs-argb-7437-cfm-liquid-cpu-cooler-cw-9060092-ww,https://cdna.pcpartpicker.com/static/forever/images/product/99d2124a37493f5a3bfe1b442e32e4de.256p.jpg,2100 RPM,34 dB,Black,240 mm,99.00
NZXT Kraken Elite RGB (2025),https://pcpartpicker.com/product/tmFCmG/nzxt-kraken-elite-rgb-2025-9861-cfm-liquid-cpu-cooler-rl-kr42e-b2,https://cdna.pcpartpicker.com/static/forever/images/product/352d14da4f6e847989132472aa4dc95f.256p.jpg,500 - 2000 RPM,34.5 dB,Black,420 mm,
Lian Li Hydroshift II LCD-S 360 TL,https://pcpartpicker.com/product/c2nXsY/lian-li-hydroshift-ii-lcd-s-360-tl-901-cfm-liquid-cpu-cooler-ghs2lcds36tb,https://cdna.pcpartpicker.com/static/forever/images/product/6323ee881774ef2c3efc257d098a7567.256p.jpg,200 - 2600 RPM,33 dB,Black,360 mm,239.99
ID-COOLING FROZN A620 PRO SE,https://pcpartpicker.com/product/MFvD4D/id-cooling-frozn-a620-pro-se-58-cfm-cpu-cooler-frozn-a620-pro-se,https://cdna.pcpartpicker.com/static/forever/images/product/c4c978ad9ecf59156eab170fbfbabe21.256p.jpg,300 - 2000 RPM,27.2 dB,Black,,26.99
ARCTIC Alpine 23,https://pcpartpicker.com/product/MKBG3C/arctic-alpine-23-cpu-cooler-acalp00035a,https://cdna.pcpartpicker.com/static/forever/images/product/3f4e2db365667ee5ddbdb82520762e25.256p.jpg,100 - 2000 RPM,,White / Black,,11.99
Corsair iCUE LINK TITAN 360 RX LCD,https://pcpartpicker.com/product/ZGvD4D/corsair-icue-link-titan-360-rx-lcd-735-cfm-liquid-cpu-cooler-cw-9061026-ww,https://cdna.pcpartpicker.com/static/forever/images/product/f06b7a0e60de10e6d1be7bbc0e98d299.256p.jpg,300 - 2100 RPM,10 - 36 dB,White,360 mm,219.99
MSI MAG CORELIQUID A13,https://pcpartpicker.com/product/tWn9TW/msi-mag-coreliquid-a13-626-cfm-liquid-cpu-cooler-mag-coreliquid-a13-360,https://cdna.pcpartpicker.com/static/forever/images/product/94534ff5409f98708d38cc1b06d0adf7.256p.jpg,,,Black,360 mm,79.99
Cooler Master MasterLiquid 240L Core ARGB,https://pcpartpicker.com/product/FRV2FT/cooler-master-masterliquid-240l-core-argb-liquid-cpu-cooler-mlw-d24m-a18pz-r1,https://cdna.pcpartpicker.com/static/forever/images/product/6bda3e4685a8a28b5cd9d04ef76eb46b.256p.jpg,350 - 1750 RPM,27.2 dB,Black,240 mm,79.00
Asus ROG Ryujin III ARGB Extreme,https://pcpartpicker.com/product/88MXsY/asus-rog-ryujin-iii-argb-extreme-8973-cfm-liquid-cpu-cooler-90rc0132-m0aay0,https://cdna.pcpartpicker.com/static/forever/images/product/aee12c51f52cb48a4bfda05ed02d8be2.256p.jpg,1 - 2800 RPM,36 dB,White,360 mm,374.99
ARCTIC Liquid Freezer III Pro,https://pcpartpicker.com/product/Xm2j4D/arctic-liquid-freezer-iii-pro-110-cfm-liquid-cpu-cooler-acfre00181a,https://m.media-amazon.com/images/I/31PUCe1FXnL.jpg,400 - 2500 RPM,,Black,420 mm,103.00
Noctua NH-D15 G2 chromax.black,https://pcpartpicker.com/product/W8wD4D/noctua-nh-d15-g2-chromaxblack-9158-cfm-cpu-cooler-nh-d15-g2-chromaxblack,https://cdna.pcpartpicker.com/static/forever/images/product/3cbf3ee92fcdc68aa1049b28ccbdb850.256p.jpg,,0 - 24.8 dB,Black,,189.90
Thermalright Frozen Notte ARGB,https://pcpartpicker.com/product/RD7scf/thermalright-frozen-notte-argb-7237-cfm-liquid-cpu-cooler-frozen-notte-360-black-argb-d1,https://cdna.pcpartpicker.com/static/forever/images/product/315dec7805c5f01538f5748620fddffa.256p.jpg,2000 RPM,27.7 dB,Black,360 mm,54.90
Noctua NH-L9x65 chromax.black,https://pcpartpicker.com/product/QvvD4D/noctua-nh-l9x65-chromaxblack-3384-cfm-cpu-cooler-nh-l9x65-chromaxblack,https://cdna.pcpartpicker.com/static/forever/images/product/6082032e0eb29f8eed91a12a4f976321.256p.jpg,600 - 2500 RPM,14.8 - 23.6 dB,Black,,79.95
be quiet! Silent Loop 3,https://pcpartpicker.com/product/N3ZWGX/be-quiet-silent-loop-3-767-cfm-liquid-cpu-cooler-bw025,https://cdna.pcpartpicker.com/static/forever/images/product/8a277ab7166d97b45d51dcd463ebdf05.256p.jpg,2500 RPM,19.8 - 38.8 dB,Black,360 mm,129.88
Intel E97379-001,https://pcpartpicker.com/product/xm22FT/intel-e97379-001-cpu-cooler-e97379-001,https://cdna.pcpartpicker.com/static/forever/images/product/dbeab7d9b737c8904b1b75679b3db3a6.256p.jpg,1200 - 2800 RPM,22 dB,Silver / Black,,19.88
Deepcool AK400,https://pcpartpicker.com/product/QPkWGX/deepcool-ak400-6647-cfm-cpu-cooler-r-ak400-bknnmn-g-1,https://cdna.pcpartpicker.com/static/forever/images/product/f11e54d5a812379d28e34bc51143332b.256p.jpg,500 - 1850 RPM,29 dB,Black / Silver,,
NZXT Kraken Plus 360,https://pcpartpicker.com/product/h6qNnQ/nzxt-kraken-plus-360-7347-cfm-liquid-cpu-cooler-rl-kn360-b2,https://cdna.pcpartpicker.com/static/forever/images/product/9164251fa8f9916115a9d995362124a2.256p.jpg,500 - 2000 RPM,30 dB,Black,360 mm,149.99
Corsair NAUTILUS 360 RS,https://pcpartpicker.com/product/GVtLrH/corsair-nautilus-360-rs-7437-cfm-liquid-cpu-cooler-cw-9060089-ww,https://cdna.pcpartpicker.com/static/forever/images/product/064aaf809c733638ac91fac1bc46dc00.256p.jpg,2100 RPM,34 dB,Black,360 mm,109.99
Thermalright AXP90-X47,https://pcpartpicker.com/product/7GTp99/thermalright-axp90-x47-4258-cfm-cpu-cooler-axp90-x47-black,https://m.media-amazon.com/images/I/41vcBqu9GoS.jpg,2700 RPM,22.4 dB,Black,,22.39
Thermalright Aqua Elite V3,https://pcpartpicker.com/product/YXFmP6/thermalright-aqua-elite-v3-6617-cfm-liquid-cpu-cooler-aqua-elite-360-white-v3,https://m.media-amazon.com/images/I/31dtrhu3x8L.jpg,1500 RPM,25.6 dB,White,360 mm,55.90
Thermalright Peerless Assassin 120 White,https://pcpartpicker.com/product/476p99/thermalright-peerless-assassin-120-white-6617-cfm-cpu-cooler-pa120-white,https://m.media-amazon.com/images/I/41Zo8GoB2GS.jpg,1550 RPM,25.6 dB,White,,40.40
Corsair iCUE LINK TITAN 360 RX RGB,https://pcpartpicker.com/product/fT6NnQ/corsair-icue-link-titan-360-rx-rgb-735-cfm-liquid-cpu-cooler-cw-9061018-ww,https://cdna.pcpartpicker.com/static/forever/images/product/6254fe41ae3b29682baddb5bc3088cab.256p.jpg,300 - 2100 RPM,,Black,360 mm,159.99
Thermalright AQUA ELITE ARGB V4,https://pcpartpicker.com/product/6RVfrH/thermalright-aqua-elite-argb-v4-6617-cfm-liquid-cpu-cooler-aqua-elite-360-argb-v4,https://m.media-amazon.com/images/I/31q+8WFRGXL.jpg,1550 RPM,25.6 dB,Black,360 mm,53.90
be quiet! Pure Rock Pro 3,https://pcpartpicker.com/product/3cHp99/be-quiet-pure-rock-pro-3-596-cfm-cpu-cooler-bk042,https://cdna.pcpartpicker.com/static/forever/images/product/adc1a4087a4dd593fe49b79e6373bfd4.256p.jpg,2000 RPM,14 - 34.8 dB,Black,,54.90
Lian Li Galahad II Trinity SL-INF,https://pcpartpicker.com/product/hQfxFT/lian-li-galahad-ii-trinity-sl-inf-613-cfm-liquid-cpu-cooler-ga2t36inb,https://cdna.pcpartpicker.com/static/forever/images/product/9a5bcf4f476d82ad6aff9287d2cb0b3a.256p.jpg,2100 RPM,29 dB,Black,360 mm,320.30
Thermalright Assassin X 120 R Digital ARGB,https://pcpartpicker.com/product/tWbypg/thermalright-assassin-x-120-r-digital-argb-7084-cfm-cpu-cooler-assassin-x-120-r-digital-argb-black,https://m.media-amazon.com/images/I/41-Cw6pz6eL.jpg,2000 RPM,29.8 dB,Black,,24.90
Noctua NH-U12A chromax.black,https://pcpartpicker.com/product/HCgFf7/noctua-nh-u12a-chromaxblack-6009-cfm-cpu-cooler-nh-u12a-chromaxblack,https://cdna.pcpartpicker.com/static/forever/images/product/3a24ca834f2b252f719640f8b8448b6c.256p.jpg,450 - 2000 RPM,18.8 - 22.6 dB,Black,,139.94
Thermalright Assassin X Refined SE RGB V2,https://pcpartpicker.com/product/Wfn9TW/thermalright-assassin-x-refined-se-rgb-v2-6617-cfm-cpu-cooler-ax120r-se-v2-d6,https://m.media-amazon.com/images/I/51oLYtdRMsL.jpg,1550 RPM,25.6 dB,Black / Silver,,17.29
TRYX PANORAMA ARGB (2025),https://pcpartpicker.com/product/dyVfrH/tryx-panorama-argb-2025-6564-cfm-liquid-cpu-cooler-l-p360a-as3m-g1k,https://cdna.pcpartpicker.com/static/forever/images/product/de672a3cd34e1068797bc0899a99697c.256p.jpg,500 - 1850 RPM,28.87 dB,Black,360 mm,359.95
Iceberg Thermal IceFLOE T95,https://pcpartpicker.com/product/qrWzK8/iceberg-thermal-icefloe-t95-41-cfm-cpu-cooler-icefloe95-00a,https://cdna.pcpartpicker.com/static/forever/images/product/c8eca1f7fd81d05f9713cb8727ad2611.256p.jpg,1000 - 2200 RPM,32.3 dB,Teal / Silver,,14.99
Cooler Master Hyper 212 RGB Black Edition,https://pcpartpicker.com/product/hHDJ7P/cooler-master-hyper-212-rgb-black-edition-573-cfm-cpu-cooler-rr-212s-20pc-r1,https://cdna.pcpartpicker.com/static/forever/images/product/16dca5ad82a279a9232b0cbcb6ed71bf.256p.jpg,650 - 2000 RPM,8 - 30 dB,Black,,30.61
NZXT Kraken Elite 360 RGB (2024),https://pcpartpicker.com/product/HfNYcf/nzxt-kraken-elite-360-rgb-2024-7512-cfm-liquid-cpu-cooler-rl-kr36e-b2,https://cdna.pcpartpicker.com/static/forever/images/product/3a6430ace600ed4d31970cfdc2bb856e.256p.jpg,500 - 2400 RPM,30 dB,Black,360 mm,259.99
Thermalright AXP90-X36,https://pcpartpicker.com/product/8b92FT/thermalright-axp90-x36-4258-cfm-cpu-cooler-axp90-x36,https://m.media-amazon.com/images/I/41Hsrx24RFL.jpg,2700 RPM,22.4 dB,Gray,,20.39
Thermalright Aqua Elite ARGB V6,https://pcpartpicker.com/product/k7ZWGX/thermalright-aqua-elite-argb-v6-7084-cfm-liquid-cpu-cooler-aqua-elite-360-argb-black-v6,https://m.media-amazon.com/images/I/313zsCasiuL.jpg,2000 RPM,29.8 dB,Black,360 mm,53.90
Thermalright Frozen Infinity 360 ARGB,https://pcpartpicker.com/product/QnxxFT/thermalright-frozen-infinity-360-argb-689-cfm-liquid-cpu-cooler-frozen-infinity-360-black,https://m.media-amazon.com/images/I/41vk2A72I3L.jpg,2000 RPM,28.2 dB,Black,360 mm,55.90
Lian Li Hydroshift LCD 360S,https://pcpartpicker.com/product/jL3NnQ/lian-li-hydroshift-lcd-360s-7314-cfm-liquid-cpu-cooler-hslcd36sb,https://cdna.pcpartpicker.com/static/forever/images/product/8b28f665714d824f67a7201bc8a22500.256p.jpg,200 - 2500 RPM,29.8 dB,Black,360 mm,178.99
Noctua NH-D15 G2,https://pcpartpicker.com/product/8c88TW/noctua-nh-d15-g2-9158-cfm-cpu-cooler-nh-d15-g2,https://cdna.pcpartpicker.com/static/forever/images/product/842c59679e64a6502bd922204c4d8a24.256p.jpg,1500 RPM,24.8 dB,Brown / Silver,,179.95
Corsair NAUTILUS 360 RS LCD,https://pcpartpicker.com/product/DFxTwP/corsair-nautilus-360-rs-lcd-728-cfm-liquid-cpu-cooler-cw-9061034-ww,https://cdna.pcpartpicker.com/static/forever/images/product/36ca16fdeffaaf20d5c5f7646c2fbace.256p.jpg,2100 RPM,10 - 36 dB,White,360 mm,109.99
TRYX PANORAMA ARGB (2025),https://pcpartpicker.com/product/Pw7MnQ/tryx-panorama-argb-2025-6564-cfm-liquid-cpu-cooler-l-p360a-as3m-g1w,https://cdna.pcpartpicker.com/static/forever/images/product/ef79a48a8d4a7cf930a8040c72da25e3.256p.jpg,500 - 1850 RPM,28.87 dB,White,360 mm,359.99
Noctua NH-D9L,https://pcpartpicker.com/product/8pgPxr/noctua-nh-d9l-4644-cfm-cpu-cooler-nh-d9l,https://cdna.pcpartpicker.com/static/forever/images/product/64d63da64b2f8be28775078a8f8d550a.256p.jpg,400 - 2000 RPM,16.3 - 22.8 dB,,,96.17
Thermalright Phantom Spirit 120 SE,https://pcpartpicker.com/product/CwGhP6/thermalright-phantom-spirit-120-se-6617-cfm-cpu-cooler-ps120se-black,https://cdna.pcpartpicker.com/static/forever/images/product/794ec9c0aa5dda6f170f3e442d992606.256p.jpg,1500 RPM,25.6 dB,Black,,39.90
Lian Li Hydroshift II LCD-C TL,https://pcpartpicker.com/product/2TpD4D/lian-li-hydroshift-ii-lcd-c-tl-901-cfm-liquid-cpu-cooler-ghs2lcd36tw,https://cdna.pcpartpicker.com/static/forever/images/product/16683cbcca9f17747a47760100f78d94.256p.jpg,200 - 2600 RPM,33 dB,White,360 mm,239.99
Corsair iCUE H150i ELITE CAPELLIX,https://pcpartpicker.com/product/8jFKHx/corsair-icue-h150i-elite-capellix-75-cfm-liquid-cpu-cooler-cw-9060048-ww,https://cdna.pcpartpicker.com/static/forever/images/product/c0affd65cd6738bf7da40dc7bfc85c44.256p.jpg,2400 RPM,10 - 37 dB,Black,360 mm,
ARCTIC Liquid Freezer III Pro,https://pcpartpicker.com/product/V8xTwP/arctic-liquid-freezer-iii-pro-110-cfm-liquid-cpu-cooler-acfre00179a,https://cdna.pcpartpicker.com/static/forever/images/product/e04055d053782012caa3bc582c97080c.256p.jpg,400 - 2500 RPM,,Black,280 mm,84.49
Thermalright Assassin X Refined SE ARGB,https://pcpartpicker.com/product/jvjv6h/thermalright-assassin-x-refined-se-argb-cpu-cooler-ax120r-se-argb-d6-cad,/static/forever/img/no-image.png,1550 RPM,25.6 dB,Black / Silver,,44.42
Thermalright Assassin X Refined SE RGB,https://pcpartpicker.com/product/Js2WGX/thermalright-assassin-x-refined-se-argb-6617-cfm-cpu-cooler-ax120-refined-se-argb,https://m.media-amazon.com/images/I/41MIJqAl3LL.jpg,1550 RPM,25.6 dB,Black / Silver,,18.89
Noctua NH-U12S chromax.black,https://pcpartpicker.com/product/dMVG3C/noctua-nh-u12s-chromaxblack-55-cfm-cpu-cooler-nh-u12s-chromaxblack,https://cdna.pcpartpicker.com/static/forever/images/product/03d2c7690b9a62e9131a8514ea3c0dfa.256p.jpg,300 - 1500 RPM,18.6 - 22.4 dB,Black,,99.95
Thermaltake Gravity i2,https://pcpartpicker.com/product/2G38TW/thermaltake-cpu-cooler-clp0556d,https://m.media-amazon.com/images/I/51r8krEyBZL.jpg,1800 RPM,21.3 dB,,,12.99
be quiet! Silent Loop 3,https://pcpartpicker.com/product/Lt8Pxr/be-quiet-silent-loop-3-784-cfm-liquid-cpu-cooler-bw026,https://cdna.pcpartpicker.com/static/forever/images/product/db396e34666ddd8c969793de517feb28.256p.jpg,1900 RPM,19.4 - 34.3 dB,Black,420 mm,139.90
EK EK-Nucleus AIO CR360 Lux D-RGB,https://pcpartpicker.com/product/tQ3gXL/ek-ek-nucleus-aio-cr360-lux-d-rgb-72-cfm-liquid-cpu-cooler-ek-nucleus-aio-cr360-lux-d-rgb,https://cdna.pcpartpicker.com/static/forever/images/product/0fc4606704e57118f24a818149ef0e37.256p.jpg,550 - 2300 RPM,36 dB,Black,360 mm,140.00
Deepcool AK620 ZERO DARK,https://pcpartpicker.com/product/7J6p99/deepcool-ak620-zero-dark-6899-cfm-cpu-cooler-r-ak620-bknnmt-g-1,https://cdna.pcpartpicker.com/static/forever/images/product/048ee8d7e1ab67674cc0aac0e4e0e281.256p.jpg,500 - 1850 RPM,28 dB,Black,,
Thermalright AXP90-X47,https://pcpartpicker.com/product/RYFbt6/thermalright-axp90-x47-4258-cfm-cpu-cooler-axp90-x47-full,https://m.media-amazon.com/images/I/51HeMe5HJmL.jpg,2700 RPM,22.4 dB,Orange / Brown,,40.90
Thermalright Frozen Warframe ARGB,https://pcpartpicker.com/product/sxP8TW/thermalright-frozen-warframe-argb-7084-cfm-liquid-cpu-cooler-frozen-warframe-360-black-argb,https://cdna.pcpartpicker.com/static/forever/images/product/94d02a029c5cc15e833556f333836b67.256p.jpg,2000 RPM,22.1 dB,Black,360 mm,81.09
Lian Li Hydroshift II LCD-C TL,https://pcpartpicker.com/product/rWzp99/lian-li-hydroshift-ii-lcd-c-tl-901-cfm-liquid-cpu-cooler-ghs2lcd36tb,https://cdna.pcpartpicker.com/static/forever/images/product/f4baa809d4e22a84a737996b649c6083.256p.jpg,200 - 2600 RPM,33 dB,Black,360 mm,229.99
Thermalright Frozen Notte ARGB,https://pcpartpicker.com/product/ccFmP6/thermalright-frozen-notte-argb-7237-cfm-liquid-cpu-cooler-frozen-notte-240-white-argb,https://m.media-amazon.com/images/I/41wSywn6EZL.jpg,2000 RPM,27.7 dB,White,240 mm,47.90
NZXT Kraken Elite RGB (2025),https://pcpartpicker.com/product/gdrp99/nzxt-kraken-elite-rgb-2025-9861-cfm-liquid-cpu-cooler-rl-kr42e-w2,https://cdna.pcpartpicker.com/static/forever/images/product/7d2db1372e1e37dd8321a562be7439d7.256p.jpg,500 - 2000 RPM,34.5 dB,White,420 mm,334.99
NZXT Kraken Elite 280 RGB (2024),https://pcpartpicker.com/product/q6kH99/nzxt-kraken-elite-280-rgb-2024-9861-cfm-liquid-cpu-cooler-rl-kr28e-b2,https://cdna.pcpartpicker.com/static/forever/images/product/7f66d7e0adf075d5c5c172d1538b032c.256p.jpg,500 - 2000 RPM,34.5 dB,Black,280 mm,179.99
Thermalright Assassin King SE ARGB,https://pcpartpicker.com/product/7TddnQ/thermalright-assassin-king-se-argb-6617-cfm-cpu-cooler-ak120-se-white-argb-d6-2,https://m.media-amazon.com/images/I/41oLozsjh1L.jpg,1550 RPM,25.6 dB,White,,19.09
Noctua NH-L12S,https://pcpartpicker.com/product/hbnG3C/noctua-nh-l12s-5544-cfm-cpu-cooler-nh-l12s,https://cdna.pcpartpicker.com/static/forever/images/product/3ef69f2637de8bfe3600a2298437ff83.256p.jpg,450 - 1850 RPM,16.8 - 23.9 dB,,,74.95
Noctua NH-D15S chromax.black,https://pcpartpicker.com/product/R6kgXL/noctua-nh-d15s-chromaxblack-8251-cfm-cpu-cooler-nh-d15s-chromaxblack,https://m.media-amazon.com/images/I/51wsVDm2ONL.jpg,300 - 1500 RPM,19.2 - 24.6 dB,Black,,129.94
Thermalright Assassin X 120 R Digital ARGB,https://pcpartpicker.com/product/gPnXsY/thermalright-assassin-x-120-r-digital-argb-7084-cfm-cpu-cooler-assassin-x-120-r-digital-argb-white,https://m.media-amazon.com/images/I/41Sucqk+44L.jpg,2000 RPM,29.8 dB,White,,24.90
be quiet! Dark Rock 5,https://pcpartpicker.com/product/FKwmP6/be-quiet-dark-rock-5-935-cfm-cpu-cooler-bk035,https://cdna.pcpartpicker.com/static/forever/images/product/7b7e8cf40e763260dde7362ecc53ce5c.256p.jpg,2100 RPM,11.9 - 29.8 dB,Black,,62.90
Thermalright Peerless Assassin 140,https://pcpartpicker.com/product/w8n9TW/thermalright-peerless-assassin-140-778-cfm-cpu-cooler-peerless-assassin-140-black,https://m.media-amazon.com/images/I/4153NLVrhgL.jpg,1500 RPM,25.6 dB,Black,,42.39
ARCTIC Freezer 36 A-RGB,https://pcpartpicker.com/product/L9dG3C/arctic-freezer-36-a-rgb-cpu-cooler-acfre00124a,https://cdna.pcpartpicker.com/static/forever/images/product/a235e743b917c12fce63af9acc490b88.256p.jpg,200 - 2000 RPM,,Black,,35.79
Montech HyperFlow ARGB 360,https://pcpartpicker.com/product/8bJp99/montech-hyperflow-argb-360-762-cfm-liquid-cpu-cooler-hyperflow-argb-360-black,https://m.media-amazon.com/images/I/316Ls7d-JxL.jpg,2200 RPM,29.1 dB,Black,360 mm,89.03
Noctua NH-U12A,https://pcpartpicker.com/product/ZLtQzy/noctua-nh-u12a-6009-cfm-cpu-cooler-nh-u12a,https://m.media-amazon.com/images/I/51Wo8vtn8kL.jpg,450 - 2000 RPM,18.8 - 22.6 dB,Brown,,129.90
NZXT Kraken 280,https://pcpartpicker.com/product/M8rqqs/nzxt-kraken-280-9968-cfm-liquid-cpu-cooler-rl-kn280-b1,https://cdna.pcpartpicker.com/static/forever/images/product/84128080e04ff1cff81741225c168af0.256p.jpg,500 - 1500 RPM,19.4 - 32.1 dB,Black,280 mm,
Cooler Master MASTERLIQUID ML240L RGB V2,https://pcpartpicker.com/product/fLFKHx/cooler-master-masterliquid-ml240l-rgb-v2-6559-cfm-liquid-cpu-cooler-mlw-d24m-a18pc-r2,https://cdna.pcpartpicker.com/static/forever/images/product/5b6a5e7f4cf456ccf6415235cf7adc99.256p.jpg,650 - 1800 RPM,6 - 27 dB,Black,240 mm,89.99
NZXT Kraken Elite 240 (2024),https://pcpartpicker.com/product/Q3hv6h/nzxt-kraken-elite-240-2024-7347-cfm-liquid-cpu-cooler-rl-kn24e-b2,https://cdna.pcpartpicker.com/static/forever/images/product/dbf906f66e7770c4049fd4ef7b9014b5.256p.jpg,500 - 2000 RPM,30 dB,Black,240 mm,129.99
Lian Li Hydroshift II LCD-S 360 TL,https://pcpartpicker.com/product/sqgZxr/lian-li-hydroshift-ii-lcd-s-360-tl-901-cfm-liquid-cpu-cooler-ghs2lcds36tw,https://cdna.pcpartpicker.com/static/forever/images/product/befa6c8af9f7d13eda96e85b1cafb4ff.256p.jpg,200 - 2600 RPM,33 dB,White,360 mm,239.99
Thermalright Aqua Elite V3,https://pcpartpicker.com/product/hTqrxr/thermalright-aqua-elite-v3-6617-cfm-liquid-cpu-cooler-aqua-elite-120-v3,https://m.media-amazon.com/images/I/41yi73SmCvL.jpg,1500 RPM,25.6 dB,Black,120 mm,33.89
Lian Li Galahad II Trinity SL-INF,https://pcpartpicker.com/product/HH88TW/lian-li-galahad-ii-trinity-sl-inf-613-cfm-liquid-cpu-cooler-ga2t36inw,https://cdna.pcpartpicker.com/static/forever/images/product/9c7907d33c5225ac4fa747fcc1157ec4.256p.jpg,2100 RPM,29 dB,White,360 mm,224.17
Thermalright AQUA ELITE ARGB V4,https://pcpartpicker.com/product/jpKnTW/thermalright-aqua-elite-argb-v4-6617-cfm-liquid-cpu-cooler-aqua-elite-360-white-argb-v4,https://m.media-amazon.com/images/I/314UdcvKUiL.jpg,1550 RPM,25.6 dB,White,360 mm,52.19
ARCTIC Liquid Freezer III 240,https://pcpartpicker.com/product/vHZXsY/arctic-liquid-freezer-iii-240-563-cfm-liquid-cpu-cooler-acfre00134a,https://cdna.pcpartpicker.com/static/forever/images/product/2fc6853c4556dfb16bb10580c1a9cbb1.256p.jpg,200 - 1800 RPM,,Black,240 mm,
Corsair iCUE LINK TITAN 360 RX RGB,https://pcpartpicker.com/product/nR26Mp/corsair-icue-link-titan-360-rx-rgb-735-cfm-liquid-cpu-cooler-cw-9061021-ww,https://cdna.pcpartpicker.com/static/forever/images/product/bf57ec1c78268eeca06e65fc5d0c8f94.256p.jpg,300 - 2100 RPM,,White,360 mm,159.99
Asus ProArt LC 420,https://pcpartpicker.com/product/nrhv6h/asus-proart-lc-420-107-cfm-liquid-cpu-cooler-proart-lc-420,https://cdna.pcpartpicker.com/static/forever/images/product/5d83c953ff500cfdee84a1d64c342fc0.256p.jpg,800 - 2000 RPM,31.5 dB,Black,420 mm,349.99
Thermalright Frozen Prism,https://pcpartpicker.com/product/99XV3C/thermalright-frozen-prism-704-cfm-liquid-cpu-cooler-frozen-prism-360-black,https://m.media-amazon.com/images/I/31EaXT2Hm7L.jpg,1850 RPM,27 dB,Black,360 mm,54.09
MSI MAG CORELIQUID A13,https://pcpartpicker.com/product/gPyH99/msi-mag-coreliquid-a13-626-cfm-liquid-cpu-cooler-mag-coreliquid-a13-360-white,https://cdna.pcpartpicker.com/static/forever/images/product/12e1ee4e48c9e1e452ce3c699a45e0df.256p.jpg,,,White,360 mm,78.31
be quiet! Pure Rock Slim 2,https://pcpartpicker.com/product/JcqPxr/be-quiet-pure-rock-slim-2-cpu-cooler-bk030,https://cdna.pcpartpicker.com/static/forever/images/product/98bb44b33e99e3c03b12d76609433d62.256p.jpg,,13.1 - 25.4 dB,Black / Silver,,32.90
Thermalright Frozen Notte ARGB,https://pcpartpicker.com/product/zP88TW/thermalright-frozen-notte-argb-7237-cfm-liquid-cpu-cooler-frozen-notte-240-black-argb,https://cdna.pcpartpicker.com/static/forever/images/product/9fb45288b3734e8e9a2e0fec9147e5ee.256p.jpg,2000 RPM,27.7 dB,Black,240 mm,47.29
Corsair NAUTILUS 240 RS ARGB,https://pcpartpicker.com/product/w8hv6h/corsair-nautilus-240-rs-argb-7437-cfm-liquid-cpu-cooler-cw-9060094-ww,https://cdna.pcpartpicker.com/static/forever/images/product/6162fe10ca888690ae0d2353316556d5.256p.jpg,2100 RPM,34 dB,White,240 mm,99.99
Noctua NH-L9i chromax.black,https://pcpartpicker.com/product/vbLwrH/noctua-nh-l9i-chromaxblack-3384-cfm-cpu-cooler-nh-l9i-chromaxblack,https://m.media-amazon.com/images/I/416XnVk8INL.jpg,600 - 2500 RPM,14.8 - 23.6 dB,Black,,59.95
Thermalright Peerless Assassin 120 SE,https://pcpartpicker.com/product/79bRsY/thermalright-peerless-assassin-120-se-6617-cfm-cpu-cooler-pa120se-black,https://cdna.pcpartpicker.com/static/forever/images/product/3afac8c21d56648a54bd054502c7eae2.256p.jpg,1550 RPM,25.6 dB,Black,,38.90
Corsair NAUTILUS 240 RS,https://pcpartpicker.com/product/LfKscf/corsair-nautilus-240-rs-7437-cfm-liquid-cpu-cooler-cw-9060088-ww,https://cdna.pcpartpicker.com/static/forever/images/product/07f1acadd4e0bf87d1cb0a12b02cbd3c.256p.jpg,2100 RPM,34 dB,Black,240 mm,89.99
Lian Li Galahad II Lite RGB,https://pcpartpicker.com/product/PKXMnQ/lian-li-galahad-ii-lite-rgb-79-cfm-liquid-cpu-cooler-ga2l36rb,https://cdna.pcpartpicker.com/static/forever/images/product/74eb06f2fb382fa0fc5f3476f8d8d039.256p.jpg,300 - 2500 RPM,34.8 dB,Black,360 mm,99.99
Asus ROG RYUJIN II ARGB,https://pcpartpicker.com/product/YRrRsY/asus-rog-ryujin-ii-argb-7007-cfm-liquid-cpu-cooler-rog-ryujin-ii-360-argb,https://cdna.pcpartpicker.com/static/forever/images/product/6431670df299cbb667f7b7397eb02b65.256p.jpg,,,Black,360 mm,469.99
Phanteks Glacier One 360M25 G2,https://pcpartpicker.com/product/dFdMnQ/phanteks-glacier-one-360m25-g2-7272-cfm-liquid-cpu-cooler-ph-go360m25g2_dbk02,https://cdna.pcpartpicker.com/static/forever/images/product/58e79aa0d42de3fd917314764b33db33.256p.jpg,350 - 2000 RPM,35.13 dB,Black,360 mm,79.99
Deepcool LE360 V2,https://pcpartpicker.com/product/spRnTW/deepcool-le360-v2-7589-cfm-liquid-cpu-cooler-r-le360-bkammc-g-2,https://cdna.pcpartpicker.com/static/forever/images/product/cdf9116808842d19dc032e3a3a4f71fa.256p.jpg,500 - 2100 RPM,31.6 dB,Black,360 mm,
Cooler Master Hyper 212 EVO,https://pcpartpicker.com/product/hmtCmG/cooler-master-cpu-cooler-rr212e20pkr2,https://cdna.pcpartpicker.com/static/forever/images/product/ddea57de9797549e80d05fb3acb2e83d.med.256p.jpg,600 - 2000 RPM,9 - 36 dB,,,
ID-COOLING FROZN A410 SE,https://pcpartpicker.com/product/b3zXsY/id-cooling-frozn-a410-se-552-cfm-cpu-cooler-frozn-a410-se,https://m.media-amazon.com/images/I/41vFDvhSK9L.jpg,300 - 1800 RPM,24.8 dB,Black,,
Lian Li Hydroshift II LCD-C CL,https://pcpartpicker.com/product/bddMnQ/lian-li-hydroshift-ii-lcd-c-cl-72-cfm-liquid-cpu-cooler-ghs2lcd36rb,https://cdna.pcpartpicker.com/static/forever/images/product/a292a903628796db100dacea50bbd75e.256p.jpg,200 - 2600 RPM,31 dB,Black,360 mm,179.99
Asus ROG Ryuo IV SLC 360 ARGB,https://pcpartpicker.com/product/sy2j4D/asus-rog-ryuo-iv-slc-360-argb-7144-cfm-liquid-cpu-cooler-90rc0152-b0eay0,https://cdna.pcpartpicker.com/static/forever/images/product/344d6b35f9a4f96a702a1de0bca9a8d5.256p.jpg,800 - 2650 RPM,39.6 dB,White,360 mm,
Noctua NH-L9i,https://pcpartpicker.com/product/xxphP6/noctua-nh-l9i-3384-cfm-cpu-cooler-nh-l9i,https://cdna.pcpartpicker.com/static/forever/images/product/9b24fe106eb3486a02a70f67030cb012.256p.jpg,600 - 2500 RPM,14.8 - 23.6 dB,Brown,,49.95
Noctua NH-U9S chromax.black,https://pcpartpicker.com/product/9pfFf7/noctua-nh-u9s-chromaxblack-464-cfm-cpu-cooler-nh-u9s-chromaxblack,https://m.media-amazon.com/images/I/41-qe4lyyXL.jpg,400 - 2000 RPM,16.3 - 22.8 dB,Black,,74.95
NZXT Kraken Plus 240,https://pcpartpicker.com/product/PyqNnQ/nzxt-kraken-plus-240-7347-cfm-liquid-cpu-cooler-rl-kn240-b2,https://cdna.pcpartpicker.com/static/forever/images/product/e6e1ca9d8cdca108841cacb87a14affb.256p.jpg,500 - 2000 RPM,30 dB,Black,240 mm,99.99
Thermalright Wonder Vision 360 UB ARGB,https://pcpartpicker.com/product/GKMXsY/thermalright-wonder-vision-360-ub-argb-69-cfm-liquid-cpu-cooler-wv360-ub-argb-black-d6,https://cdna.pcpartpicker.com/static/forever/images/product/670b3c89fa20413440b1f146b64888af.256p.jpg,2150 RPM,27 dB,Black,360 mm,208.90
be quiet! Dark Rock Pro 4,https://pcpartpicker.com/product/F3gzK8/be-quiet-dark-rock-pro-4-505-cfm-cpu-cooler-bk022,https://cdna.pcpartpicker.com/static/forever/images/product/8ab57dc3c0eb346c72ef7a2405e31227.256p.jpg,1500 RPM,12.8 - 24.3 dB,Black,,
Thermalright Peerless Assassin 120 Digital ARGB,https://pcpartpicker.com/product/ZMvscf/thermalright-peerless-assassin-120-digital-argb-8889-cfm-cpu-cooler-peerless-assassin-120-digital-argb-black,https://m.media-amazon.com/images/I/41ll68q+7oL.jpg,1850 RPM,25.6 dB,Black,,45.90
Thermalright Burst Assassin 120 SE ARGB,https://pcpartpicker.com/product/sysV3C/thermalright-burst-assassin-120-se-argb-6617-cfm-cpu-cooler-ba120-se-argb,https://m.media-amazon.com/images/I/41ASUfTb-ZL.jpg,1550 RPM,25.6 dB,Black / Silver,,20.39
Cooler Master I30,https://pcpartpicker.com/product/JKFKHx/cooler-master-i30-31-cfm-cpu-cooler-rh-i30-26fk-r1,https://m.media-amazon.com/images/I/41tUXRgwstL.jpg,2600 RPM,28 dB,Black / Silver,,12.99
Lian Li Hydroshift II LCD-S 360 CL,https://pcpartpicker.com/product/yJZWGX/lian-li-hydroshift-ii-lcd-s-360-cl-727-cfm-liquid-cpu-cooler-ghs2lcds36cb,https://cdna.pcpartpicker.com/static/forever/images/product/0b7c7b94905cd16880e9c7cc5ac1e761.256p.jpg,200 - 2100 RPM,30 dB,Black,360 mm,179.99
Thermalright Frozen Prism ARGB,https://pcpartpicker.com/product/7Phv6h/thermalright-frozen-prism-argb-704-cfm-liquid-cpu-cooler-frozen-prism-360-black-argb,https://m.media-amazon.com/images/I/31S44PJIaPL.jpg,1850 RPM,27 dB,Black,360 mm,48.51
Zalman CNPS10X Performa,https://pcpartpicker.com/product/xHytt6/zalman-cnps10x-performa-7516-cfm-cpu-cooler-c10x-performa-bk,https://m.media-amazon.com/images/I/418SGyx6dPL.jpg,700 - 1500 RPM,27 dB,Black,,51.52
Vetroo V240,https://pcpartpicker.com/product/kGxRsY/vetroo-v240-52-cfm-liquid-cpu-cooler-vt-aio-v240-bk,https://m.media-amazon.com/images/I/41TF2XILNAL.jpg,800 - 1800 RPM,30.8 dB,Black,240 mm,48.99
Thermalright Assassin Spirit 120 EVO DARK,https://pcpartpicker.com/product/khJp99/thermalright-assassin-spirit-120-evo-dark-704-cfm-cpu-cooler-as120-evo-dark-d6-de,https://m.media-amazon.com/images/I/41e3ob6-J3L.jpg,1850 RPM,27 dB,Black,,32.69
Corsair iCUE H150i ELITE LCD XT,https://pcpartpicker.com/product/3sYRsY/corsair-icue-h150i-elite-lcd-xt-6557-cfm-liquid-cpu-cooler-cw-9060075-ww,https://cdna.pcpartpicker.com/static/forever/images/product/3ec80850afc7392a6dad4b82ef95c424.256p.jpg,550 - 2100 RPM,5 - 34.1 dB,Black,360 mm,263.56
ARCTIC Liquid Freezer III Pro A-RGB,https://pcpartpicker.com/product/BgQwrH/arctic-liquid-freezer-iii-pro-a-rgb-77-cfm-liquid-cpu-cooler-acfre00182a,https://cdna.pcpartpicker.com/static/forever/images/product/ea2286afc6edb8039438a3894ea0f8ef.256p.jpg,600 - 3000 RPM,,Black,240 mm,83.49
Corsair iCUE LINK TITAN 420 RX RGB,https://pcpartpicker.com/product/TtNscf/corsair-icue-link-titan-420-rx-rgb-947-cfm-liquid-cpu-cooler-cw-9061019-ww,https://cdna.pcpartpicker.com/static/forever/images/product/1a4b746e7487de0e26dca5b541e5f192.256p.jpg,300 - 1700 RPM,,Black,420 mm,179.99
Deepcool AK620,https://pcpartpicker.com/product/9T92FT/deepcool-ak620-6899-cfm-cpu-cooler-r-ak620-bknnmt-g,https://cdna.pcpartpicker.com/static/forever/images/product/05c27ddf4caf6b0d585bc03e41b8e7ee.256p.jpg,500 - 1850 RPM,28 dB,Black / Silver,,
Deepcool GAMMAXX AG400 ARGB,https://pcpartpicker.com/product/WKWzK8/deepcool-gammaxx-ag400-argb-7589-cfm-cpu-cooler-r-ag400-bkanmc-g-2,https://cdna.pcpartpicker.com/static/forever/images/product/9464a59a8e91c8203397a01ab96d0ec7.256p.jpg,500 - 2000 RPM,31.6 dB,Black,,
Thermalright Assassin X Refined SE PLUS,https://pcpartpicker.com/product/BTpQzy/thermalright-assassin-x-refined-se-plus-6617-cfm-cpu-cooler-ax120r-se-plus-d6,https://m.media-amazon.com/images/I/51pEzEm+dmL.jpg,1550 RPM,25.6 dB,Black / Silver,,19.79
Thermalright Peerless Assassin 120 SE V3,https://pcpartpicker.com/product/vZfV3C/thermalright-peerless-assassin-120-se-v3-7084-cfm-cpu-cooler-pa120se-v3,https://m.media-amazon.com/images/I/41FtwyZWlSL.jpg,2000 RPM,29.8 dB,Black / Silver,,34.90
ID-COOLING SE-214-XT PLUS,https://pcpartpicker.com/product/bFtkcf/id-cooling-se-214-xt-plus-7616-cfm-cpu-cooler-se-214-xt-plus,https://m.media-amazon.com/images/I/514x8vetJlL.jpg,700 - 1800 RPM,35.2 dB,Black / Silver,,19.98
Thermalright AXP90-X53 FULL,https://pcpartpicker.com/product/DPHqqs/thermalright-axp90-x53-full-4258-cfm-cpu-cooler-axp90-x53-full,https://m.media-amazon.com/images/I/41RS5iHAKsL.jpg,2700 RPM,22.4 dB,Copper / Orange,,42.69
Thermalright AXP90-X47,https://pcpartpicker.com/product/92cG3C/thermalright-axp90-x47-4258-cfm-cpu-cooler-axp90-x47-white,https://m.media-amazon.com/images/I/41gUehB84XL.jpg,2700 RPM,22.4 dB,White,,21.90
Noctua NH-L9x65,https://pcpartpicker.com/product/fhqbt6/noctua-nh-l9x65-3384-cfm-cpu-cooler-nh-l9x65,https://cdna.pcpartpicker.com/static/forever/images/product/9cd3f5ef165f51314d4205a0ae030ddd.256p.jpg,600 - 2500 RPM,14.8 - 23.6 dB,,,69.95
Thermalright Peerless Assassin MINI,https://pcpartpicker.com/product/WW88TW/thermalright-peerless-assassin-mini-6687-cfm-cpu-cooler-peerless-assassin-120-mini-black,https://cdna.pcpartpicker.com/static/forever/images/product/48b78eb6cee0e3e59099f440048edefa.256p.jpg,1500 RPM,25.6 dB,Black,,34.39
NZXT Kraken Plus 360 RGB,https://pcpartpicker.com/product/pxbypg/nzxt-kraken-plus-360-rgb-7505-cfm-liquid-cpu-cooler-rl-kr360-w2,https://cdna.pcpartpicker.com/static/forever/images/product/93798f5f54c936dd6724c1f32098c564.256p.jpg,500 - 2400 RPM,31.9 dB,White,360 mm,208.99
Thermalright AXP90-X36,https://pcpartpicker.com/product/mmTp99/thermalright-axp90-x36-4258-cfm-cpu-cooler-axp90-x36-black,https://cdna.pcpartpicker.com/static/forever/images/product/8c209209d698a976f762262184c26d74.256p.jpg,2700 RPM,22.4 dB,Black,,27.59
NZXT Kraken Elite 360 RGB,https://pcpartpicker.com/product/pbKscf/nzxt-kraken-elite-360-rgb-7802-cfm-liquid-cpu-cooler-rl-kr36e-w1,https://cdna.pcpartpicker.com/static/forever/images/product/49ed312d967c71e5bf866285deee9f9c.256p.jpg,500 - 1800 RPM,17.9 - 30.6 dB,White,360 mm,
Noctua NH-L9a-AM4,https://pcpartpicker.com/product/DZfhP6/noctua-nh-l9a-am4-3384-cfm-cpu-cooler-nh-l9a-am4,https://cdna.pcpartpicker.com/static/forever/images/product/c83b5fd9fdf5b659ec8feba8e1c60568.256p.jpg,600 - 2500 RPM,14.8 - 23.6 dB,Brown,,49.95
Corsair iCUE LINK H100i RGB,https://pcpartpicker.com/product/CYWJ7P/corsair-icue-link-h100i-rgb-631-cfm-liquid-cpu-cooler-cw-9061001-ww,https://cdna.pcpartpicker.com/static/forever/images/product/0c018b979ff6fbae25436e7e64c5a140.256p.jpg,480 - 2400 RPM,,Black,240 mm,
Lian Li Galahad II LCD SL-INF,https://pcpartpicker.com/product/LKGhP6/lian-li-galahad-ii-lcd-sl-inf-799-cfm-liquid-cpu-cooler-ga2alcd36inb,https://cdna.pcpartpicker.com/static/forever/images/product/7e5f1ff46cd314f69c520bbbc8470f10.256p.jpg,,29 dB,Black,360 mm,306.32
Thermalright Frozen Warframe ARGB,https://pcpartpicker.com/product/y3vD4D/thermalright-frozen-warframe-argb-7084-cfm-liquid-cpu-cooler-frozen-warframe-360-white-argb,https://cdna.pcpartpicker.com/static/forever/images/product/e85325f118022d8454235c180ed861b6.256p.jpg,2000 RPM,22.1 dB,White,360 mm,81.09
Cooler Master Hyper 212 Pro,https://pcpartpicker.com/product/xh6NnQ/cooler-master-hyper-212-pro-707-cfm-cpu-cooler-rr-212s-25pz-r1,https://m.media-amazon.com/images/I/41OSDfNYM6L.jpg,690 - 2500 RPM,32.8 dB,Black,,30.61
ARCTIC Liquid Freezer III 240 A-RGB,https://pcpartpicker.com/product/D6grxr/arctic-liquid-freezer-iii-240-a-rgb-4882-cfm-liquid-cpu-cooler-acfre00150a,https://cdna.pcpartpicker.com/static/forever/images/product/790e8c1c5d6ac9554dbae1b88ab9d30e.256p.jpg,200 - 2000 RPM,,White,240 mm,69.98
Thermalright AXP120-X67,https://pcpartpicker.com/product/qBnypg/thermalright-axp120-x67-59-cfm-cpu-cooler-axp120-x67-black-argb,/static/forever/img/no-image.png,1800 RPM,26.1 dB,Black,,32.59
Asus ROG STRIX LC II ARGB,https://pcpartpicker.com/product/KV8bt6/asus-rog-strix-lc-ii-argb-8095-cfm-liquid-cpu-cooler-rog-strix-lc-ii-360-argb,https://cdna.pcpartpicker.com/static/forever/images/product/ad2d67177c35acc45be96995e6a4b370.256p.jpg,800 - 2500 RPM,37.6 dB,Black,360 mm,486.29
ARCTIC Freezer 36 A-RGB,https://pcpartpicker.com/product/GPTZxr/arctic-freezer-36-a-rgb-cpu-cooler-acfre00125a,https://m.media-amazon.com/images/I/41GJYk1X24L.jpg,200 - 2000 RPM,,White,,36.63
Montech LightFlow ARGB,https://pcpartpicker.com/product/gZDnTW/montech-lightflow-argb-7873-cfm-liquid-cpu-cooler-lightflow-argb-360-black,https://cdna.pcpartpicker.com/static/forever/images/product/9d09ce9cd7175fe6961f52d82310dd7c.256p.jpg,600 - 2000 RPM,34.3 dB,Black,360 mm,69.90
Corsair iCUE LINK H100i RGB,https://pcpartpicker.com/product/nNvD4D/corsair-icue-link-h100i-rgb-631-cfm-liquid-cpu-cooler-cw-9061005-ww,https://cdna.pcpartpicker.com/static/forever/images/product/c1db69037915b13276da7179abb41ee2.256p.jpg,480 - 2400 RPM,,White,240 mm,124.99
ARCTIC Liquid Freezer III Pro A-RGB,https://pcpartpicker.com/product/8cy8TW/arctic-liquid-freezer-iii-pro-a-rgb-110-cfm-liquid-cpu-cooler-acfre00185a,https://m.media-amazon.com/images/I/31F21N1WhwL.jpg,400 - 2500 RPM,,Black,420 mm,267.96
Asus ROG STRIX LC III ARGB LCD,https://pcpartpicker.com/product/YNdG3C/asus-rog-strix-lc-iii-argb-lcd-7038-cfm-liquid-cpu-cooler-rog-strix-lc-iii-360-argb-lcd,https://cdna.pcpartpicker.com/static/forever/images/product/dc929fc76b049622206c670c699db5d6.256p.jpg,800 - 2200 RPM,36 dB,Black,360 mm,279.99
Thermalright Frozen Edge,https://pcpartpicker.com/product/bMyH99/thermalright-frozen-edge-69-cfm-liquid-cpu-cooler-fe240-black,https://m.media-amazon.com/images/I/41ae1Q4hRAL.jpg,2150 RPM,28.1 dB,Black,240 mm,45.90
be quiet! Pure Rock LP,https://pcpartpicker.com/product/vgYmP6/be-quiet-pure-rock-lp-cpu-cooler-bk034,https://cdna.pcpartpicker.com/static/forever/images/product/7023a0631b1f27739ac6d15b4d41d6db.256p.jpg,2500 RPM,,Black,,39.90
ID-COOLING FX360 INF,https://pcpartpicker.com/product/dLV2FT/id-cooling-fx360-inf-58-cfm-liquid-cpu-cooler-fx360-inf,https://cdna.pcpartpicker.com/static/forever/images/product/c6a341d6a43c2de90e116f0d52433143.256p.jpg,300 - 2000 RPM,27.2 dB,Black,360 mm,79.98
Thermalright Peerless Assassin 120 Black,https://pcpartpicker.com/product/YxVmP6/thermalright-peerless-assassin-120-black-6617-cfm-cpu-cooler-pa120-black,https://m.media-amazon.com/images/I/41TOck4ZY5L.jpg,1550 RPM,25.6 dB,Black,,42.21
be quiet! Pure Loop 2 FX,https://pcpartpicker.com/product/b6JgXL/be-quiet-pure-loop-2-fx-liquid-cpu-cooler-bw015,https://cdna.pcpartpicker.com/static/forever/images/product/4684db93dca8ab922b9b09d0fa90ddf1.256p.jpg,,8 - 34 dB,Black,360 mm,154.00
Noctua NH-U12S redux,https://pcpartpicker.com/product/vV7G3C/noctua-nh-u12s-redux-7075-cfm-cpu-cooler-nh-u12s-redux,https://cdna.pcpartpicker.com/static/forever/images/product/b8721c74d96c94c4b3dfb8c97a7aaae1.256p.jpg,450 - 1700 RPM,25.1 dB,Gray / Silver,,71.17
Corsair NAUTILUS 240 RS LCD,https://pcpartpicker.com/product/GDMXsY/corsair-nautilus-240-rs-lcd-728-cfm-liquid-cpu-cooler-cw-9061031-ww,https://cdna.pcpartpicker.com/static/forever/images/product/c7b6c5dad557b0baceca0396439d214c.256p.jpg,2100 RPM,10 - 36 dB,Black,240 mm,109.99
ID-COOLING FROSTFLOW X,https://pcpartpicker.com/product/wx2bt6/id-cooling-frostflow-x-745-cfm-liquid-cpu-cooler-frostflow-x-240-snow,https://m.media-amazon.com/images/I/31MEpJBHH+L.jpg,700 - 1800 RPM,18 - 35.2 dB,,240 mm,51.49
Corsair iCUE LINK TITAN 240 RX RGB,https://pcpartpicker.com/product/YDGhP6/corsair-icue-link-titan-240-rx-rgb-735-cfm-liquid-cpu-cooler-cw-9061016-ww,https://cdna.pcpartpicker.com/static/forever/images/product/0b209838f82705f4fd013688affda29d.256p.jpg,300 - 2100 RPM,,Black,240 mm,94.99
Thermalright Phantom Spirit 120,https://pcpartpicker.com/product/zkWJ7P/thermalright-phantom-spirit-120-6617-cfm-cpu-cooler-ps120,https://cdna.pcpartpicker.com/static/forever/images/product/904cfe2602943f2e7267ea8bcf5c5583.256p.jpg,1500 RPM,25.6 dB,Black / Silver,,37.90
ID-COOLING FX240 PRO,https://pcpartpicker.com/product/xDWJ7P/id-cooling-fx240-pro-825-cfm-liquid-cpu-cooler-fx240-pro,https://cdna.pcpartpicker.com/static/forever/images/product/1a1f3fcaa2d06c6f0dbe07b5e2bbf809.256p.jpg,500 - 1800 RPM,35.2 dB,Black,240 mm,54.99
Phanteks Glacier One 360MPH,https://pcpartpicker.com/product/p66p99/phanteks-glacier-one-360mph-6051-cfm-liquid-cpu-cooler-ph-go360mph_dwt01,https://cdna.pcpartpicker.com/static/forever/images/product/f02077eb725d937ab8b105fed8c73e84.256p.jpg,500 - 2200 RPM,18 - 34.2 dB,White,360 mm,
Noctua NH-L9i-17xx chromax.black,https://pcpartpicker.com/product/nJqPxr/noctua-nh-l9i-17xx-chromaxblack-3384-cfm-cpu-cooler-nh-l9i-17xx-chromaxblack,https://m.media-amazon.com/images/I/41C6DIgbv3L.jpg,600 - 2500 RPM,14.8 - 23.6 dB,Black,,59.95
Thermalright AQUA ELITE ARGB V4,https://pcpartpicker.com/product/Wb2j4D/thermalright-aqua-elite-argb-v4-6617-cfm-liquid-cpu-cooler-aqua-elite-240-white-argb-v4,https://m.media-amazon.com/images/I/31t-gmLrMEL.jpg,1550 RPM,25.6 dB,White,240 mm,43.99
be quiet! Dark Rock Elite,https://pcpartpicker.com/product/NpNYcf/be-quiet-dark-rock-elite-cpu-cooler-bk037,https://cdna.pcpartpicker.com/static/forever/images/product/dc3b736cb12f53d2b02b8fd652f3172f.256p.jpg,1500 - 2000 RPM,11 - 25.8 dB,Black,,84.90
Asus ROG RYUO IV 360 ARGB Hatsune Miku Edition,https://pcpartpicker.com/product/vrh2FT/asus-rog-ryuo-iv-360-argb-hatsune-miku-edition-7144-cfm-liquid-cpu-cooler-90rc01p1-b0aay0,https://cdna.pcpartpicker.com/static/forever/images/product/742a890914d74f64d6f9be0bd363761a.256p.jpg,800 - 2650 RPM,39.6 dB,Teal,360 mm,
Noctua NH-D15 G2 LBC,https://pcpartpicker.com/product/kZNYcf/noctua-nh-d15-g2-lbc-9158-cfm-cpu-cooler-nh-d15-g2-lbc,https://cdna.pcpartpicker.com/static/forever/images/product/4fb7951d92c873fa55c5198c65ad03b6.256p.jpg,1500 RPM,24.8 dB,Brown / Silver,,179.95
Thermalright Wonder Vision 360 UB ARGB,https://pcpartpicker.com/product/MRRnTW/thermalright-wonder-vision-360-ub-argb-69-cfm-liquid-cpu-cooler-wv360-ub-argb-w-d6,https://cdna.pcpartpicker.com/static/forever/images/product/28dd00fa9ac29075359b0011a7155ed3.256p.jpg,2150 RPM,27 dB,White,360 mm,208.90
Noctua NH-U9S,https://pcpartpicker.com/product/FcfmP6/noctua-nh-u9s-4644-cfm-cpu-cooler-nh-u9s,https://cdna.pcpartpicker.com/static/forever/images/product/bc78f36e2f174fd73acf57aeb849cf11.256p.jpg,400 - 2000 RPM,16.3 - 22.8 dB,,,69.95
NZXT Kraken Plus 280,https://pcpartpicker.com/product/X9tkcf/nzxt-kraken-plus-280-932-cfm-liquid-cpu-cooler-rl-kn280-b2,https://cdna.pcpartpicker.com/static/forever/images/product/e6e1ca9d8cdca108841cacb87a14affb.256p.jpg,500 - 1700 RPM,30 dB,Black,280 mm,119.99
Syba CL-CNL-EOLE802,https://pcpartpicker.com/product/d8tCmG/syba-cpu-cooler-clcnleole802,https://images-na.ssl-images-amazon.com/images/I/5151IPB6qbL.jpg,2200 RPM,25 dB,,,
Noctua NH-U12S,https://pcpartpicker.com/product/wjmLrH/noctua-nh-u12s-55-cfm-cpu-cooler-nh-u12s,https://cdna.pcpartpicker.com/static/forever/images/product/351c9a441cd970d83faee6f581d07f73.med.256p.jpg,300 - 1500 RPM,18.6 - 22.4 dB,,,84.95
be quiet! Pure Loop 3,https://pcpartpicker.com/product/XTDnTW/be-quiet-pure-loop-3-liquid-cpu-cooler-bw029,https://cdna.pcpartpicker.com/static/forever/images/product/e3a2b8cdc55571e5e866b5f882f72597.256p.jpg,2100 RPM,17.6 - 37.2 dB,Black,360 mm,99.90
MSI MAG CORELIQUID A15,https://pcpartpicker.com/product/WmDnTW/msi-mag-coreliquid-a15-6489-cfm-liquid-cpu-cooler-mag-coreliquid-a15-360,https://cdna.pcpartpicker.com/static/forever/images/product/d3425a4b595bab2520fe7b1f3aeac78e.256p.jpg,500 - 2050 RPM,28.7 dB,Black,360 mm,119.29
ID-COOLING FX360 PRO,https://pcpartpicker.com/product/kCYRsY/id-cooling-fx360-pro-825-cfm-liquid-cpu-cooler-fx360-pro,/static/forever/img/no-image.png,500 - 1800 RPM,35.2 dB,Black,360 mm,64.98
ARCTIC Liquid Freezer III 420,https://pcpartpicker.com/product/Hk3NnQ/arctic-liquid-freezer-iii-420-728-cfm-liquid-cpu-cooler-acfre00137a,https://cdna.pcpartpicker.com/static/forever/images/product/8b4c34b830a34ef286b19d1aa70e8d10.256p.jpg,200 - 1700 RPM,,Black,420 mm,
Corsair iCUE H100i ELITE CAPELLIX,https://pcpartpicker.com/product/VDWBD3/corsair-icue-h100i-elite-capellix-75-cfm-liquid-cpu-cooler-cw-9060046-ww,https://cdna.pcpartpicker.com/static/forever/images/product/3e80087537051bd56fa7650e7d61516d.256p.jpg,2400 RPM,10 - 37 dB,Black,240 mm,
Cooler Master Elite,https://pcpartpicker.com/product/9Fbypg/cooler-master-elite-842-cfm-liquid-cpu-cooler-elw-d36m-a21da-r1,https://cdna.pcpartpicker.com/static/forever/images/product/0cfb3b62546b7bb0fdf7d3ef249e9bc3.256p.jpg,600 - 2100 RPM,39.5 dB,Black,360 mm,89.99
Thermalright Peerless Assassin 90 SE,https://pcpartpicker.com/product/6DP8TW/thermalright-peerless-assassin-90-se-3277-cfm-cpu-cooler-pa90-se-white,https://m.media-amazon.com/images/I/41i7fYeoTUL.jpg,2200 RPM,23.85 dB,White / Silver,,23.29
Gigabyte AORUS WATERFORCE II 360 ICE,https://pcpartpicker.com/product/m7grxr/gigabyte-aorus-waterforce-ii-360-ice-6495-cfm-liquid-cpu-cooler-aorus-waterforce-ii-360-ice,https://cdna.pcpartpicker.com/static/forever/images/product/62ac13b1b303cbb323d815f4fee6fc3f.256p.jpg,800 - 2300 RPM,12.8 - 36.9 dB,White,360 mm,119.99
ID-COOLING IS-55 Black,https://pcpartpicker.com/product/7pjBD3/id-cooling-is-55-black-546-cfm-cpu-cooler-is-55-black,https://m.media-amazon.com/images/I/414PpcxZBfL.jpg,500 - 2000 RPM,31.2 dB,Black,,39.99
Thermalright Frozen Warframe PRO,https://pcpartpicker.com/product/hpXV3C/thermalright-frozen-warframe-pro-7084-cfm-liquid-cpu-cooler-fw-pro-360-black,https://m.media-amazon.com/images/I/311Na1NZ4GL.jpg,2000 RPM,29.8 dB,Black,360 mm,81.90
Cooler Master Hyper 212 Halo,https://pcpartpicker.com/product/JRBzK8/cooler-master-hyper-212-halo-5188-cfm-cpu-cooler-rr-s4kk-20pa-r1,https://cdna.pcpartpicker.com/static/forever/images/product/240fb0c07a7eecd84ed0582d147ea50a.256p.jpg,650 - 2050 RPM,27 dB,Black,,31.50
Gigabyte AORUS WATERFORCE X II 360,https://pcpartpicker.com/product/RqXV3C/gigabyte-aorus-waterforce-x-ii-360-72-cfm-liquid-cpu-cooler-aorus-waterforce-x-ii-360,https://cdna.pcpartpicker.com/static/forever/images/product/2809f936c37f569bc66dc16bf827edb3.256p.jpg,800 - 2400 RPM,12 - 37.5 dB,Black,360 mm,199.99
Thermalright Aqua Elite V3,https://pcpartpicker.com/product/TmWJ7P/thermalright-aqua-elite-v3-6617-cfm-liquid-cpu-cooler-aqua-elite-240-white-v3,https://m.media-amazon.com/images/I/41ATdoCgaJL.jpg,1500 RPM,25.6 dB,White,240 mm,44.90
Thermalright Frozen Edge,https://pcpartpicker.com/product/6Hn9TW/thermalright-frozen-edge-69-cfm-liquid-cpu-cooler-fe360-black,https://m.media-amazon.com/images/I/31ZIajtGDfL.jpg,2150 RPM,28.1 dB,Black,360 mm,56.59
Cooler Master Hyper 212 (2023),https://pcpartpicker.com/product/dF3NnQ/cooler-master-hyper-212-2023-707-cfm-cpu-cooler-rr-s4kk-25sn-r1,https://cdna.pcpartpicker.com/static/forever/images/product/3019d492bb40655131e966a12433e19c.256p.jpg,690 - 2500 RPM,32.8 dB,Black,,25.99
Lian Li Hydroshift II LCD-S 360 CL,https://pcpartpicker.com/product/dsgZxr/lian-li-hydroshift-ii-lcd-s-360-cl-727-cfm-liquid-cpu-cooler-ghs2lcds36cw,https://cdna.pcpartpicker.com/static/forever/images/product/1d9150cb0e55a16070fa4eb0451ead70.256p.jpg,200 - 2100 RPM,30 dB,White,360 mm,179.99
Deepcool AG400,https://pcpartpicker.com/product/LQt9TW/deepcool-ag400-7589-cfm-cpu-cooler-r-ag400-bknnmn-g-1,https://cdna.pcpartpicker.com/static/forever/images/product/8542f130e5be0c87e58e7e26be7a2ccd.256p.jpg,500 - 2000 RPM,31.6 dB,Black / Silver,,
EK Nucleus AIO CR360 Dark,https://pcpartpicker.com/product/MrvD4D/ek-nucleus-aio-cr360-dark-72-cfm-liquid-cpu-cooler-3831109900178,https://cdna.pcpartpicker.com/static/forever/images/product/e23f385aa99b252916c494e99ea76d00.256p.jpg,550 - 2300 RPM,36 dB,Black,360 mm,110.00
Cooler Master MasterLiquid 360L Core ARGB,https://pcpartpicker.com/product/zhjRsY/cooler-master-masterliquid-360l-core-argb-liquid-cpu-cooler-mlw-d36m-a18pz-rw,https://cdna.pcpartpicker.com/static/forever/images/product/dec86c79e7955fc437dcc08ef38a8445.256p.jpg,350 - 1750 RPM,27.2 dB,White,360 mm,62.99
NZXT Kraken X63,https://pcpartpicker.com/product/JfVG3C/nzxt-kraken-x63-9817-cfm-liquid-cpu-cooler-rl-krx63-01,https://cdna.pcpartpicker.com/static/forever/images/product/a0f3c73c8cb78b224aef8977bb4b2d96.256p.jpg,500 - 2000 RPM,21 - 38 dB,Black,280 mm,
Thermalright Trofeo Vision ARGB 360,https://pcpartpicker.com/product/jCkqqs/thermalright-trofeo-vision-argb-360-69-cfm-liquid-cpu-cooler-trofeo-vision-360-argb-black,https://cdna.pcpartpicker.com/static/forever/images/product/a8134d885ad4fff0b5adb82c6cb48deb.256p.jpg,2150 RPM,27 dB,Black,360 mm,144.90
Lian Li Galahad II Lite Performance,https://pcpartpicker.com/product/vbLp99/lian-li-galahad-ii-lite-performance-7314-cfm-liquid-cpu-cooler-ga2l36pb,https://cdna.pcpartpicker.com/static/forever/images/product/c148cd506d04c47865c6cb03cff65a9e.256p.jpg,200 - 2500 RPM,29.8 dB,Black,360 mm,104.99
Asus ROG STRIX LC 360 RGB White Edition,https://pcpartpicker.com/product/7RXYcf/asus-rog-strix-lc-360-rgb-white-edition-8095-cfm-liquid-cpu-cooler-rog-strix-lc-360-rgb-white,https://m.media-amazon.com/images/I/41eL2uyqecL.jpg,800 - 2500 RPM,37.6 dB,White,360 mm,266.95
ARCTIC Liquid Freezer III 280 A-RGB,https://pcpartpicker.com/product/ywJp99/arctic-liquid-freezer-iii-280-a-rgb-699-cfm-liquid-cpu-cooler-acfre00151a,https://cdna.pcpartpicker.com/static/forever/images/product/8ed355fe9c6060ea33f9d50757e15be1.256p.jpg,200 - 1900 RPM,,White,280 mm,79.98
NZXT Kraken Core 360 RGB,https://pcpartpicker.com/product/k8CCmG/nzxt-kraken-core-360-rgb-7505-cfm-liquid-cpu-cooler-rl-kr36c-b1,https://m.media-amazon.com/images/I/31pFSOWLYfL.jpg,500 - 2400 RPM,31.9 dB,Black,360 mm,89.99
be quiet! Silent Loop 3,https://pcpartpicker.com/product/ncTFf7/be-quiet-silent-loop-3-767-cfm-liquid-cpu-cooler-bw024,https://cdna.pcpartpicker.com/static/forever/images/product/f3cf61bb2203dc2dd900218a721f7f2f.256p.jpg,2500 RPM,18.7 - 36.9 dB,Black,240 mm,106.46
Asus Prime LC 360 ARGB,https://pcpartpicker.com/product/y67scf/asus-prime-lc-360-argb-757-cfm-liquid-cpu-cooler-prime-lc-360-argb,https://cdna.pcpartpicker.com/static/forever/images/product/3eb22b5faebddcd9dfe5f8e5913ffa68.256p.jpg,600 - 2200 RPM,,Black,360 mm,124.99
Lian Li GALAHAD AIO 360 RGB,https://pcpartpicker.com/product/gcsnTW/lian-li-galahad-aio-360-rgb-6917-cfm-liquid-cpu-cooler-galahad-aio-360-rgb-white,https://cdna.pcpartpicker.com/static/forever/images/product/b72a09ed5fc7cc5916baaa6767a925bd.256p.jpg,800 - 1900 RPM,,White / Silver,360 mm,
be quiet! Pure Rock Pro 3 LX,https://pcpartpicker.com/product/7rvscf/be-quiet-pure-rock-pro-3-lx-618-cfm-cpu-cooler-bk043,https://cdna.pcpartpicker.com/static/forever/images/product/f8e58ac8b629760758480d7cc22ad020.256p.jpg,2000 RPM,14 - 34.8 dB,Black,,44.90
NZXT Kraken 240 RGB,https://pcpartpicker.com/product/sJMMnQ/nzxt-kraken-240-rgb-7802-cfm-liquid-cpu-cooler-rl-kr240-w1,https://cdna.pcpartpicker.com/static/forever/images/product/ebd0dcafaf707dc2d772c44585ea8e10.256p.jpg,500 - 1800 RPM,17.9 - 30.6 dB,White,240 mm,
Thermalright AXP120-X67,https://pcpartpicker.com/product/K2cG3C/thermalright-axp120-x67-59-cfm-cpu-cooler-axp120-x67,https://m.media-amazon.com/images/I/41z2rCZPDML.jpg,1800 RPM,26.1 dB,Gray,,32.90
Thermalright Assassin Spirit V2,https://pcpartpicker.com/product/fhFmP6/thermalright-assassin-spirit-v2-6617-cfm-cpu-cooler-as120-v2,https://m.media-amazon.com/images/I/510OugAarqL.jpg,1500 RPM,25.6 dB,Gray,,
Thermalright Frozen Notte ARGB,https://pcpartpicker.com/product/9VmNnQ/thermalright-frozen-notte-argb-7237-cfm-liquid-cpu-cooler-frozen-notte-360-white-argb-d1,https://m.media-amazon.com/images/I/41+ra26X+fL.jpg,2000 RPM,27.7 dB,White,360 mm,
NZXT Kraken Elite 360 RGB,https://pcpartpicker.com/product/3bKscf/nzxt-kraken-elite-360-rgb-7802-cfm-liquid-cpu-cooler-rl-kr36e-b1,https://cdna.pcpartpicker.com/static/forever/images/product/00f3005287758516d8b319cefd625a13.256p.jpg,500 - 1800 RPM,17.9 - 30.6 dB,Black,360 mm,289.99
Thermalright Phantom Spirit 120 Digital EVO,https://pcpartpicker.com/product/XNjv6h/thermalright-phantom-spirit-120-digital-evo-69-cfm-cpu-cooler-phantom-spirit-120-digital-evo,https://cdna.pcpartpicker.com/static/forever/images/product/609dd9aca53bc830731d088d9c7ed292.256p.jpg,2150 RPM,27 dB,Black,,56.90
MSI MAG CORELIQUID I360,https://pcpartpicker.com/product/PyGhP6/msi-mag-coreliquid-i360-707-cfm-liquid-cpu-cooler-mag-coreliquid-i360,https://cdna.pcpartpicker.com/static/forever/images/product/54b4ba5d99e1eaa6217f58b5ab9438f2.256p.jpg,,,Black,360 mm,134.99
be quiet! Pure Loop 3,https://pcpartpicker.com/product/vgh2FT/be-quiet-pure-loop-3-liquid-cpu-cooler-bw028,https://cdna.pcpartpicker.com/static/forever/images/product/9d79831f987a13299e2a2dc0ebf1fb59.256p.jpg,1800 RPM,16.5 - 36.6 dB,Black,280 mm,86.27
Corsair H115i PRO,https://pcpartpicker.com/product/W6RzK8/corsair-h115i-pro-554-cfm-liquid-cpu-cooler-cw-9060032-ww,https://cdna.pcpartpicker.com/static/forever/images/product/018e9b047efd62d8fe78fc3e6d4f5d62.256p.jpg,1200 RPM,20.4 dB,,280 mm,
NZXT Kraken Plus 240 RGB,https://pcpartpicker.com/product/vwkqqs/nzxt-kraken-plus-240-rgb-7505-cfm-liquid-cpu-cooler-rl-kr240-w2,https://cdna.pcpartpicker.com/static/forever/images/product/bfab77ca83ef76771001024cf039d47f.256p.jpg,500 - 2400 RPM,31.9 dB,White,240 mm,109.99
ARCTIC Freezer 36,https://pcpartpicker.com/product/n6bRsY/arctic-freezer-36-cpu-cooler-acfre00121a,https://m.media-amazon.com/images/I/41klfemXo4L.jpg,200 - 1800 RPM,,Black / Silver,,28.73
Noctua NH-D12L CHROMAX.BLACK,https://pcpartpicker.com/product/Qd7scf/noctua-nh-d12l-chromaxblack-6009-cfm-cpu-cooler-nh-d12l-chromaxblack,https://cdna.pcpartpicker.com/static/forever/images/product/eb80afdef342a39e4cebd7e8d614e815.256p.jpg,450 - 2000 RPM,18.8 - 22.6 dB,Black,,109.95
APNX AP1-V,https://pcpartpicker.com/product/CzGhP6/apnx-ap1-v-763-cfm-cpu-cooler-ap1-5pipe-argb-bk,https://m.media-amazon.com/images/I/419Ww05aV2L.jpg,600 - 1800 RPM,16.1 - 32.8 dB,Black,,19.98
NZXT Kraken 120,https://pcpartpicker.com/product/dWkWGX/nzxt-kraken-120-7311-cfm-liquid-cpu-cooler-rl-kr120-b1,https://cdna.pcpartpicker.com/static/forever/images/product/fce03253070b8542ded02ac3bdc3b8f7.256p.jpg,500 - 2000 RPM,21 - 36 dB,Black,120 mm,89.99
ARCTIC Alpine 23 CO,https://pcpartpicker.com/product/wFt9TW/arctic-alpine-23-co-cpu-cooler-acalp00036a,https://cdna.pcpartpicker.com/static/forever/images/product/673d40c4176d76373fb262aaf428b235.256p.jpg,100 - 2000 RPM,,Black,,15.99
Deepcool AK620 DIGITAL,https://pcpartpicker.com/product/697scf/deepcool-ak620-digital-6899-cfm-cpu-cooler-r-ak620-bkadmn-g,https://cdna.pcpartpicker.com/static/forever/images/product/e0f646f05ca57372374cf39b3b34a1c3.256p.jpg,500 - 1850 RPM,28 dB,Black,,
DARKROCK AC400,https://pcpartpicker.com/product/ppMXsY/darkrock-ac400-cpu-cooler-ac400,https://m.media-amazon.com/images/I/41rB58W61UL.jpg,700 - 1800 RPM,22.3 dB,Black,,16.98
iBuypower AW4,https://pcpartpicker.com/product/LJJp99/ibuypower-aw4-65-cfm-liquid-cpu-cooler-fan-ibp-006-b-r,https://cdna.pcpartpicker.com/static/forever/images/product/174290a09e576ba61b5073378b28f7c9.256p.jpg,700 - 2000 RPM,38 dB,Black,360 mm,79.99
ID-COOLING FROZN A720 BLACK,https://pcpartpicker.com/product/HbDQzy/id-cooling-frozn-a720-black-986-cfm-cpu-cooler-frozn-a720-black,https://m.media-amazon.com/images/I/41rNvDDQC3L.jpg,500 - 2000 RPM,33.5 dB,Black,,69.98
Vetroo V5,https://pcpartpicker.com/product/qRKKHx/vetroo-v5-52-cfm-cpu-cooler-vt-cpu-v5,https://m.media-amazon.com/images/I/41BSD9358LL.jpg,800 - 1700 RPM,30.8 dB,Black,,27.99
Thermalright Assassin Spirit V2 Plus,https://pcpartpicker.com/product/nddG3C/thermalright-assassin-spirit-v2-plus-6617-cfm-cpu-cooler-as120-v2-plus,https://m.media-amazon.com/images/I/51lxigPTjmL.jpg,1500 RPM,25.6 dB,Gray,,
NZXT Kraken Z73,https://pcpartpicker.com/product/htkgXL/nzxt-kraken-z73-7311-cfm-liquid-cpu-cooler-rl-krz73-01,https://cdna.pcpartpicker.com/static/forever/images/product/26b8fd4167a7e43f82d73cae4c26d565.256p.jpg,500 - 1800 RPM,21 - 36 dB,Black,360 mm,
Thermalright Peerless Assassin 90 SE,https://pcpartpicker.com/product/fL88TW/thermalright-peerless-assassin-90-se-3277-cfm-cpu-cooler-pa90-se-black,https://m.media-amazon.com/images/I/51lvME4HoeL.jpg,2200 RPM,23.85 dB,Black,,26.19
Montech HyperFlow Silent 360,https://pcpartpicker.com/product/pcbypg/montech-hyperflow-silent-360-723-cfm-liquid-cpu-cooler-hyperflow-silent-360-black,https://m.media-amazon.com/images/I/31Ew1PPR8DL.jpg,800 - 2200 RPM,24.8 dB,Black,360 mm,74.98
be quiet! Light Loop,https://pcpartpicker.com/product/yDBzK8/be-quiet-light-loop-liquid-cpu-cooler-bw022,https://cdna.pcpartpicker.com/static/forever/images/product/1099d7ff04fd6bcc7cfcfccaa12a67bb.256p.jpg,1500 - 2900 RPM,17.2 - 36.8 dB,Black,360 mm,119.90
Corsair H100i v2,https://pcpartpicker.com/product/CrDzK8/corsair-h100i-v2-7069-cfm-liquid-cpu-cooler-cw-9060025-ww,https://m.media-amazon.com/images/I/41Td5K1NeyL.jpg,2435 RPM,37.7 dB,,240 mm,
Asus TUF Gaming LC III ARGB LCD,https://pcpartpicker.com/product/Mm7MnQ/asus-tuf-gaming-lc-iii-argb-9078-cfm-liquid-cpu-cooler-tuf-gaming-lc-iii-360-argb-lcd,https://cdna.pcpartpicker.com/static/forever/images/product/ce4d3e24f2aa2d6fd8bb303edbc9ea2f.256p.jpg,650 - 2600 RPM,37.4 dB,Black,360 mm,164.99
Noctua NH-P1,https://pcpartpicker.com/product/TWBG3C/noctua-nh-p1-fanless-cpu-cooler-nh-p1,https://cdna.pcpartpicker.com/static/forever/images/product/9bf88a0725d8d9b4e3a5b10e4bebeeab.256p.jpg,,0 dB,Silver,,119.95
EK Nucleus AIO CR240 Dark,https://pcpartpicker.com/product/wKXV3C/ek-nucleus-aio-cr240-dark-72-cfm-liquid-cpu-cooler-3831109900185,https://cdna.pcpartpicker.com/static/forever/images/product/2ad9e2d922fee69541c529c88e1ac4af.256p.jpg,550 - 2300 RPM,36 dB,Black,240 mm,95.00
ARCTIC Alpine 17,https://pcpartpicker.com/product/YRWzK8/arctic-alpine-17-cpu-cooler-acalp00040a,https://cdna.pcpartpicker.com/static/forever/images/product/6f6e72d3f900e592f78ea9a58fc0fc7b.256p.jpg,100 - 2000 RPM,,Black / White,,11.99
Thermalright AXP120-X67,https://pcpartpicker.com/product/gQWzK8/thermalright-axp120-x67-59-cfm-cpu-cooler-axp120-x67-white-argb,https://m.media-amazon.com/images/I/416mdXNojAL.jpg,1800 RPM,26.1 dB,White,,29.39
Thermalright Frozen Prism ARGB,https://pcpartpicker.com/product/VnMMnQ/thermalright-frozen-prism-argb-704-cfm-liquid-cpu-cooler-frozen-prism-360-white-argb,https://cdna.pcpartpicker.com/static/forever/images/product/3624e552bf2cd8e60e652179358dafed.256p.jpg,1850 RPM,27 dB,White,360 mm,50.75
Scythe Fuma 3,https://pcpartpicker.com/product/g7pQzy/scythe-fuma-3-6762-cfm-cpu-cooler-scfm-3000,https://cdna.pcpartpicker.com/static/forever/images/product/a099eed81cc4729754f632a86be57d8d.256p.jpg,200 - 1500 RPM,4 - 28.6 dB,Black / Silver,,49.99
Thermalright Peerless Assassin 140,https://pcpartpicker.com/product/DhWJ7P/thermalright-peerless-assassin-140-778-cfm-cpu-cooler-peerless-assassin-140-white,https://m.media-amazon.com/images/I/41lWi3Sxr3L.jpg,1500 RPM,25.6 dB,White,,43.29
Deepcool ASSASSIN IV,https://pcpartpicker.com/product/TKcgXL/deepcool-assassin-iv-791-cfm-cpu-cooler-r-asn4-bknnmt-g,https://cdna.pcpartpicker.com/static/forever/images/product/48b85a3acc39adeb07b6acb12d1e10b6.256p.jpg,500 - 1700 RPM,22.6 - 29.3 dB,Black,,
Lian Li Galahad II LCD SL-INF,https://pcpartpicker.com/product/G6mNnQ/lian-li-galahad-ii-lcd-sl-inf-799-cfm-liquid-cpu-cooler-ga2alcd36inw,https://cdna.pcpartpicker.com/static/forever/images/product/e5e96aa397fa331b3b7853db14d451d3.256p.jpg,,29 dB,White,360 mm,229.95
Noctua NH-L12Sx77,https://pcpartpicker.com/product/2J4Zxr/noctua-nh-l12sx77-5544-cfm-cpu-cooler-nh-l12sx77,https://m.media-amazon.com/images/I/41P-P0nK4yL.jpg,450 - 1850 RPM,16.8 - 23.9 dB,Silver / Beige,,79.95
Lian Li Hydroshift II LCD-C CL,https://pcpartpicker.com/product/WPQwrH/lian-li-hydroshift-ii-lcd-c-cl-72-cfm-liquid-cpu-cooler-ghs2lcd36rw,https://cdna.pcpartpicker.com/static/forever/images/product/db3844cac7396b524234a4f5a13d7b8e.256p.jpg,200 - 2600 RPM,31 dB,White,360 mm,178.99
Thermalright Frozen Infinity 240 ARGB,https://pcpartpicker.com/product/qJcgXL/thermalright-frozen-infinity-240-argb-689-cfm-liquid-cpu-cooler-frozen-infinity-240-black,https://m.media-amazon.com/images/I/41zC9LnL+QL.jpg,2000 RPM,28.2 dB,Black,240 mm,47.90
NZXT Kraken Plus 360 RGB,https://pcpartpicker.com/product/HvqNnQ/nzxt-kraken-plus-360-rgb-7505-cfm-liquid-cpu-cooler-rl-kr360-b2,https://cdna.pcpartpicker.com/static/forever/images/product/69cef3a37d5e45c5618c1a761e84c778.256p.jpg,500 - 2400 RPM,31.9 dB,Black,360 mm,206.99
Deepcool MYSTIQUE 360,https://pcpartpicker.com/product/4KQKHx/deepcool-mystique-360-7245-cfm-liquid-cpu-cooler-r-lx750-bkdsnmp-g-1,https://cdna.pcpartpicker.com/static/forever/images/product/2ebe54999faaba93c3e8fbb919aba240.256p.jpg,500 - 2150 RPM,36.49 dB,Black,360 mm,
Thermalright Assassin X Refined SE,https://pcpartpicker.com/product/r6qrxr/thermalright-assassin-x-refined-se-6617-cfm-cpu-cooler-ax120se-white,https://m.media-amazon.com/images/I/41QTQ85tENL.jpg,1550 RPM,25.6 dB,White / Silver,,17.89
Deepcool LS720,https://pcpartpicker.com/product/kXwypg/deepcool-ls720-8585-cfm-liquid-cpu-cooler-r-ls720-bkamnt-g-1,https://cdna.pcpartpicker.com/static/forever/images/product/d0521b5fb17a11941fefa276e9c84f31.256p.jpg,500 - 2250 RPM,32.9 dB,Black,360 mm,
Montech NX400 ARGB,https://pcpartpicker.com/product/JvYfrH/montech-nx400-argb-8509-cfm-cpu-cooler-nx400argbb,https://cdna.pcpartpicker.com/static/forever/images/product/cc194d26f2f6a6b84c6f53b42c212319.256p.jpg,8000 - 2000 RPM,34.17 dB,Black / Silver,,29.90
Thermalright Mjolnir Vision 360 ARGB,https://pcpartpicker.com/product/R9kH99/thermalright-mjolnir-vision-360-argb-69-cfm-liquid-cpu-cooler-mjolnir-vision-360-white-argb,https://cdna.pcpartpicker.com/static/forever/images/product/6b45c253c865d48306f25297e5ed2e0c.256p.jpg,2150 RPM,27 dB,White,360 mm,106.59
Cooler Master MasterLiquid 360 Atmos,https://pcpartpicker.com/product/FgKscf/cooler-master-masterliquid-360-atmos-707-cfm-liquid-cpu-cooler-mlx-d36m-a25pz-r1,https://cdna.pcpartpicker.com/static/forever/images/product/1f83b39742ea2f6a259c167218439a95.256p.jpg,690 - 2500 RPM,27.2 dB,Black,360 mm,101.90
ENDORFY Spartan 5,https://pcpartpicker.com/product/42GhP6/endorfy-spartan-5-cpu-cooler-ey3a001,https://cdna.pcpartpicker.com/static/forever/images/product/71497cf92663ac447ebd1dd12525c26e.256p.jpg,250 - 1500 RPM,,Black / Silver,,
ID-COOLING IS-67-XT,https://pcpartpicker.com/product/JjvD4D/id-cooling-is-67-xt-6758-cfm-cpu-cooler-is-67-xt-black,https://m.media-amazon.com/images/I/41f6nBfn47L.jpg,500 - 2200 RPM,35.2 dB,Black,,39.99
Deepcool Ice Edge Mini FS V2.0,https://pcpartpicker.com/product/BQ7CmG/deepcool-ice-edge-mini-fs-v20-2513-cfm-cpu-cooler-dp-mch2-iemv2,https://cdna.pcpartpicker.com/static/forever/images/product/d0df0c0f4db12a0abdfb1787fb33be3a.256p.jpg,2200 RPM,24.7 dB,,,
Noctua NH-L9a-AM4 chromax.black,https://pcpartpicker.com/product/HZXYcf/noctua-nh-l9a-am4-chromaxblack-338-cfm-cpu-cooler-nh-l9a-am4-chromaxblack,https://m.media-amazon.com/images/I/419VnDiR9tL.jpg,600 - 2500 RPM,14.8 - 23.6 dB,Black,,59.95
Cooler Master MasterLiquid 240 ATMOS Stealth,https://pcpartpicker.com/product/sGLp99/cooler-master-masterliquid-240-atmos-stealth-752-cfm-liquid-cpu-cooler-mlx-d24m-a24pk-r1,https://cdna.pcpartpicker.com/static/forever/images/product/63c69817c80eecf861cfc2b24d76c75e.256p.jpg,1 - 2400 RPM,30 dB,Black,240 mm,104.99
Thermalright Grand Vision ARGB,https://pcpartpicker.com/product/DvnXsY/thermalright-grand-vision-argb-69-cfm-liquid-cpu-cooler-grand-vision-360-argb-black,https://m.media-amazon.com/images/I/31tc+vTxr6L.jpg,2150 RPM,29.4 dB,Black,360 mm,114.92
be quiet! Pure Loop 2 FX,https://pcpartpicker.com/product/6VkWGX/be-quiet-pure-loop-2-fx-liquid-cpu-cooler-bw013,https://cdna.pcpartpicker.com/static/forever/images/product/3bfc6ff48aa07a12ee2d30f80b687a61.256p.jpg,,8 - 32.3 dB,Black,240 mm,208.07
Thermalright Aqua Elite ARGB V6,https://pcpartpicker.com/product/rLjv6h/thermalright-aqua-elite-argb-v6-7084-cfm-liquid-cpu-cooler-aqua-elite-360-argb-white-v6,https://m.media-amazon.com/images/I/31gBqvr9KCL.jpg,2000 RPM,29.8 dB,White,360 mm,53.90
Thermalright Frozen Prism ARGB,https://pcpartpicker.com/product/Zcgrxr/thermalright-frozen-prism-argb-704-cfm-liquid-cpu-cooler-frozen-prism-240-black-argb,https://m.media-amazon.com/images/I/31jIU69MrZL.jpg,1850 RPM,27 dB,Black,240 mm,43.11
Thermalright RK120 SE,https://pcpartpicker.com/product/4gDQzy/thermalright-rk120-se-6617-cfm-cpu-cooler-rk120-se,https://m.media-amazon.com/images/I/41meY1M+qUL.jpg,1500 RPM,25.6 dB,Black / Silver,,27.59
ARCTIC Freezer 8A,https://pcpartpicker.com/product/Ygrp99/arctic-freezer-8a-cpu-cooler-acfre00161a,https://cdna.pcpartpicker.com/static/forever/images/product/0fbf110862d4b082bd2226d6dcf78801.256p.jpg,200 - 2300 RPM,,Black / Silver,,19.98
Thermalright Assassin X 90 SE ARGB,https://pcpartpicker.com/product/Vz9wrH/thermalright-assassin-x-90-se-argb-3277-cfm-cpu-cooler-ax90se-argb,https://m.media-amazon.com/images/I/41KALR4jf0L.jpg,2200 RPM,23.85 dB,Black / Silver,,
Thermaltake TH360 V2 ARGB Sync,https://pcpartpicker.com/product/fxV2FT/thermaltake-th360-v2-argb-sync-5705-cfm-liquid-cpu-cooler-cl-w362-pl12sw-a,https://cdna.pcpartpicker.com/static/forever/images/product/c386f554532842b707ad332c05a8e4e1.256p.jpg,500 - 2000 RPM,25.8 dB,Black,360 mm,99.99
Deepcool AK400 DIGITAL,https://pcpartpicker.com/product/2PKscf/deepcool-ak400-digital-6899-cfm-cpu-cooler-r-ak400-bkadmn-g,https://cdna.pcpartpicker.com/static/forever/images/product/cdd47d524615ffee254da2f4010c0562.256p.jpg,500 - 1850 RPM,28 dB,Black,,
ARCTIC Freezer 7 X CO,https://pcpartpicker.com/product/p2LwrH/arctic-freezer-7-x-co-cpu-cooler-acfre00085a,https://cdna.pcpartpicker.com/static/forever/images/product/35d957902577f816971b98902de228a9.256p.jpg,300 - 2000 RPM,,Black / Silver,,17.98
Thermalright Assassin Spirit 120 EVO WHITE ARGB,https://pcpartpicker.com/product/r3kH99/thermalright-assassin-spirit-120-evo-white-argb-704-cfm-cpu-cooler-as120-evo-white-argb,https://m.media-amazon.com/images/I/418jnVU5HoL.jpg,1850 RPM,27 dB,White,,22.90
Corsair iCUE H170i ELITE LCD XT,https://pcpartpicker.com/product/vCJp99/corsair-icue-h170i-elite-lcd-xt-89-cfm-liquid-cpu-cooler-cw-9060076-ww,https://cdna.pcpartpicker.com/static/forever/images/product/bc2d553706b1009178d061fac7e55c67.256p.jpg,500 - 1700 RPM,5 - 33.8 dB,Black,420 mm,
MSI MAG CORELIQUID A13,https://pcpartpicker.com/product/p3zXsY/msi-mag-coreliquid-a13-626-cfm-liquid-cpu-cooler-mag-coreliquid-a13-240-white,https://cdna.pcpartpicker.com/static/forever/images/product/b7a13eac1cb757ab989d35c6217b7c02.256p.jpg,,,White,240 mm,59.99
Thermaltake UX200 SE ARGB,https://pcpartpicker.com/product/G3pzK8/thermaltake-ux200-se-argb-6272-cfm-cpu-cooler-cl-p105-al12sw-a,https://m.media-amazon.com/images/I/41vxvxQ7oYL.jpg,800 - 1800 RPM,25 dB,Black,,29.99
Thermalright Trofeo Vision ARGB 360,https://pcpartpicker.com/product/zR62FT/thermalright-trofeo-vision-argb-360-69-cfm-liquid-cpu-cooler-trofeo-vision-360-argb-white,https://cdna.pcpartpicker.com/static/forever/images/product/c5d5578c3114dd90431422c6452ee0de.256p.jpg,2150 RPM,27 dB,White,360 mm,144.90
Corsair iCUE LINK H150i RGB,https://pcpartpicker.com/product/sGjRsY/corsair-icue-link-h150i-rgb-631-cfm-liquid-cpu-cooler-cw-9061003-ww,https://cdna.pcpartpicker.com/static/forever/images/product/72c1f2a5697eedfdede263123f14c050.256p.jpg,480 - 2400 RPM,,Black,360 mm,
Cooler Master MasterLiquid 240 Atmos,https://pcpartpicker.com/product/QDfxFT/cooler-master-masterliquid-240-atmos-707-cfm-liquid-cpu-cooler-mlx-d24m-a25pz-r1,https://cdna.pcpartpicker.com/static/forever/images/product/7879068c05667f6e0708d626ad00fe26.256p.jpg,690 - 2500 RPM,27.2 dB,Black,240 mm,128.99
ARCTIC Liquid Freezer II 360,https://pcpartpicker.com/product/2PFKHx/arctic-liquid-freezer-ii-360-563-cfm-liquid-cpu-cooler-acfre00068a,https://cdna.pcpartpicker.com/static/forever/images/product/211ec0a76765180845d9eda341ab7a7b.256p.jpg,800 - 2000 RPM,,Black,360 mm,
Noctua NH-L9i-17xx,https://pcpartpicker.com/product/ffRYcf/noctua-nh-l9i-17xx-3384-cfm-cpu-cooler-nh-l9i-17xx,https://cdna.pcpartpicker.com/static/forever/images/product/13c98a675631dfe73b421ff97ef2d561.256p.jpg,600 - 2500 RPM,14.8 - 23.6 dB,Brown / Beige,,49.95
Noctua NH-D12L,https://pcpartpicker.com/product/MvGbt6/noctua-nh-d12l-6009-cfm-cpu-cooler-nh-d12l,https://m.media-amazon.com/images/I/51d7un7JmNL.jpg,450 - 2000 RPM,18.8 - 22.6 dB,Beige / Brown,,99.95
Thermalright Core Vision ARGB,https://pcpartpicker.com/product/6Rkqqs/thermalright-core-vision-argb-7237-cfm-liquid-cpu-cooler-core-vision-360-black-argb,https://cdna.pcpartpicker.com/static/forever/images/product/b75d0f0f07d006b4c5f6e3a7f0925531.256p.jpg,2000 RPM,27.7 dB,Black,360 mm,94.90
ID-COOLING FROZN A410 DK,https://pcpartpicker.com/product/g7Jp99/id-cooling-frozn-a410-dk-7825-cfm-cpu-cooler-frozn-a410-dk,https://m.media-amazon.com/images/I/41rp6vGxVuL.jpg,500 - 2000 RPM,29.85 dB,Black,,29.99
NZXT Kraken X53,https://pcpartpicker.com/product/PVfFf7/nzxt-kraken-x53-7311-cfm-liquid-cpu-cooler-rl-krx53-01,https://cdna.pcpartpicker.com/static/forever/images/product/098f91f23535f45875611413e7b892d6.256p.jpg,500 - 2000 RPM,21 - 36 dB,Black,240 mm,
Asus TUF Gaming LC II ARGB,https://pcpartpicker.com/product/ypWJ7P/asus-tuf-gaming-lc-ii-argb-67-cfm-liquid-cpu-cooler-tuf-gaming-lc-ii-360-argb,https://cdna.pcpartpicker.com/static/forever/images/product/4bad804e8e2be5c04ab0ca7b67a54d6b.256p.jpg,800 - 2000 RPM,29 dB,Black,360 mm,199.18
Thermalright AXP90-X47,https://pcpartpicker.com/product/VmTp99/thermalright-axp90-x47-4258-cfm-cpu-cooler-axp90-x47,https://m.media-amazon.com/images/I/419Bz4-ansL.jpg,2700 RPM,22.4 dB,Gray,,21.90
be quiet! Pure Rock 2,https://pcpartpicker.com/product/BVXYcf/be-quiet-pure-rock-2-cpu-cooler-bk006,https://cdna.pcpartpicker.com/static/forever/images/product/2cb0b9b4b4bfc72434fc1d2a31477c51.256p.jpg,1500 RPM,19.1 - 26.8 dB,Silver / Black,,
Cooler Master Hyper 212 Halo,https://pcpartpicker.com/product/vmGhP6/cooler-master-hyper-212-halo-5188-cfm-cpu-cooler-rr-s4ww-20pa-r1,https://cdna.pcpartpicker.com/static/forever/images/product/1ffb7433a49469d3f23aec21d63041d9.256p.jpg,650 - 2050 RPM,27 dB,White,,32.99
ARCTIC Liquid Freezer II 240,https://pcpartpicker.com/product/c4MTwP/arctic-liquid-freezer-ii-240-563-cfm-liquid-cpu-cooler-acfre00046a,https://cdna.pcpartpicker.com/static/forever/images/product/8836b6919f843ea0a51fe5b544efe3bf.256p.jpg,200 - 1800 RPM,,Black,240 mm,
NZXT Kraken Elite 240 RGB (2024),https://pcpartpicker.com/product/gT6NnQ/nzxt-kraken-elite-240-rgb-2024-7512-cfm-liquid-cpu-cooler-rl-kr24e-w2,https://cdna.pcpartpicker.com/static/forever/images/product/b022f8dac94716cbdada89d59bedd421.256p.jpg,500 - 2400 RPM,30 dB,White,240 mm,149.99
be quiet! Pure Rock 3 LX,https://pcpartpicker.com/product/QCdMnQ/be-quiet-pure-rock-3-lx-618-cfm-cpu-cooler-bk040,https://cdna.pcpartpicker.com/static/forever/images/product/54d0d39f1e8b2f3b115e8f999bddeff9.256p.jpg,2000 RPM,14 - 34.8 dB,Black,,29.90
Asus Prime LC 360 ARGB,https://pcpartpicker.com/product/Y8Pv6h/asus-prime-lc-360-argb-7722-cfm-liquid-cpu-cooler-90rc0102-b0aay0,https://cdna.pcpartpicker.com/static/forever/images/product/ea7cd3966ed1f0fae31934663e25b0ff.256p.jpg,800 - 2500 RPM,36.5 dB,White,360 mm,104.99
ID-COOLING FROSTFLOW X,https://pcpartpicker.com/product/Lx3gXL/id-cooling-frostflow-x-768-cfm-liquid-cpu-cooler-frostflow-x-280,https://m.media-amazon.com/images/I/419IYEufh7L.jpg,800 - 1600 RPM,16.8 - 32.6 dB,Black / Silver,280 mm,49.99
Scythe SHURIKEN 3,https://pcpartpicker.com/product/RrxTwP/scythe-shuriken-3-3645-cfm-cpu-cooler-scsk-3000,https://m.media-amazon.com/images/I/41W9lJyTgzL.jpg,300 - 2500 RPM,1.8 - 31.78 dB,Black,,29.99
NZXT Kraken Core 240 RGB,https://pcpartpicker.com/product/xtRnTW/nzxt-kraken-core-240-rgb-7505-cfm-liquid-cpu-cooler-rl-kr24c-b1,https://m.media-amazon.com/images/I/31tNAxRPPVL.jpg,500 - 2400 RPM,31.9 dB,Black,240 mm,89.99
Cooler Master MasterLiquid 240L Core ARGB,https://pcpartpicker.com/product/3LcgXL/cooler-master-masterliquid-240l-core-argb-liquid-cpu-cooler-mlw-d24m-a18pz-rw,https://cdna.pcpartpicker.com/static/forever/images/product/eded209618d7c6c5bf697c1c74dd7fe9.256p.jpg,350 - 1750 RPM,27.2 dB,White,240 mm,49.99
Thermalright Assassin X Refined SE RGB,https://pcpartpicker.com/product/vHH7YJ/thermalright-assassin-x-refined-se-rgb-6617-cfm-cpu-cooler-ax120-se-argb-white-d2,https://m.media-amazon.com/images/I/41rZHNYisPL.jpg,1550 RPM,25.6 dB,White / Silver,,19.29
Cooler Master Hyper 612 APEX,https://pcpartpicker.com/product/JJMXsY/cooler-master-hyper-612-apex-752-cfm-cpu-cooler-map-t6pn-225pk-r1,https://cdna.pcpartpicker.com/static/forever/images/product/0e93f850d001bc32bcee54a9ea16ca9b.256p.jpg,,30 dB,Black,,49.49
Deepcool AG200,https://pcpartpicker.com/product/Rznypg/deepcool-ag200-3675-cfm-cpu-cooler-r-ag200-bknnmn-g,https://cdna.pcpartpicker.com/static/forever/images/product/2a3efa7e128926eada03042cf24e1e6d.256p.jpg,500 - 3050 RPM,30.5 dB,Black / Silver,,
Scythe Mugen 5 Rev. B,https://pcpartpicker.com/product/8GBrxr/scythe-mugen-5-rev-b-5117-cfm-cpu-cooler-scmg-5100,https://m.media-amazon.com/images/I/513XTawetRL.jpg,300 - 1200 RPM,4 - 24.9 dB,Silver / Black,,
be quiet! Light Loop,https://pcpartpicker.com/product/dN3NnQ/be-quiet-light-loop-liquid-cpu-cooler-bw023,https://cdna.pcpartpicker.com/static/forever/images/product/59d57a4a64843e3d19b28e7903da4f0c.256p.jpg,1500 - 2900 RPM,17.2 - 36.8 dB,White,360 mm,144.90
Thermalright Phantom Spirit 120 Digital SNOW,https://pcpartpicker.com/product/h8vscf/thermalright-phantom-spirit-120-digital-snow-69-cfm-cpu-cooler-phantom-spirit-120-digital-snow,https://cdna.pcpartpicker.com/static/forever/images/product/7c63f0241e0a475d4ccbeb359bf6f843.256p.jpg,2150 RPM,27 dB,White,,57.90
Thermalright Mjolnir Vision 360 ARGB,https://pcpartpicker.com/product/3nxxFT/thermalright-mjolnir-vision-360-argb-69-cfm-liquid-cpu-cooler-mjolnir-vision-360-black-argb,https://cdna.pcpartpicker.com/static/forever/images/product/0746bec62f4bfaf985babd7b58fdec0d.256p.jpg,2150 RPM,27 dB,Black,360 mm,101.59
Asus ProArt LC 360,https://pcpartpicker.com/product/YMqrxr/asus-proart-lc-360-6899-cfm-liquid-cpu-cooler-proart-lc-360,https://cdna.pcpartpicker.com/static/forever/images/product/b209d7e7553704fc45440971a103623b.256p.jpg,,0 - 39.5 dB,Black,360 mm,229.99
Corsair H60 (2018),https://pcpartpicker.com/product/F2rmP6/corsair-h60-2018-572-cfm-liquid-cpu-cooler-cw-9060036-ww,https://m.media-amazon.com/images/I/41ZH-Acb89L.jpg,1700 RPM,28.3 dB,Black,120 mm,
Montech HyperFlow Silent 360,https://pcpartpicker.com/product/tGLp99/montech-hyperflow-silent-360-723-cfm-liquid-cpu-cooler-hyperflow-silent-360-white,https://m.media-amazon.com/images/I/31p7OLcMnTL.jpg,800 - 2200 RPM,24.8 dB,White,360 mm,79.98
Deepcool LE240 V2,https://pcpartpicker.com/product/C8m2FT/deepcool-le240-v2-7589-cfm-liquid-cpu-cooler-r-le240-bkammc-g-2,https://cdna.pcpartpicker.com/static/forever/images/product/4651f53d0608592d86058bdfa67a050f.256p.jpg,500 - 2100 RPM,31.6 dB,Black,240 mm,
Gigabyte AORUS WATERFORCE II 360,https://pcpartpicker.com/product/VLKscf/gigabyte-aorus-waterforce-ii-360-6495-cfm-liquid-cpu-cooler-aorus-waterforce-ii-360,https://cdna.pcpartpicker.com/static/forever/images/product/b3b3d0f7a35a299b4d3cfbe73d02a256.256p.jpg,800 - 2300 RPM,12.8 - 36.9 dB,Black,360 mm,109.99
Cooler Master MasterLiquid 360 ATMOS Stealth,https://pcpartpicker.com/product/yC62FT/cooler-master-masterliquid-360-atmos-stealth-752-cfm-liquid-cpu-cooler-mlx-d36m-a24pk-r1,https://m.media-amazon.com/images/I/3141Zp4aEmL.jpg,1 - 2400 RPM,30 dB,Black,360 mm,113.46
Cooler Master MasterLiquid ML360R RGB,https://pcpartpicker.com/product/WwjJ7P/cooler-master-masterliquid-ml360r-rgb-667-cfm-liquid-cpu-cooler-mlx-d36m-a20pc-r1,https://cdna.pcpartpicker.com/static/forever/images/product/04a17d23df03ba214c03198242eed6e9.256p.jpg,650 - 2000 RPM,6 - 34 dB,Black,360 mm,70.00
MSI MAG CORELIQUID E360,https://pcpartpicker.com/product/xbV2FT/msi-mag-coreliquid-e360-7504-cfm-liquid-cpu-cooler-mag-coreliquid-e360,https://m.media-amazon.com/images/I/41B7ItL+zKL.jpg,,,Black,360 mm,109.99
Thermalright AXP90-X53,https://pcpartpicker.com/product/3g7G3C/thermalright-axp90-x53-4258-cfm-cpu-cooler-axp90-x53,https://m.media-amazon.com/images/I/41ZXoeeEdKL.jpg,2700 RPM,22.4 dB,Gray,,22.90
ID-COOLING FX360 INF,https://pcpartpicker.com/product/Tk9nTW/id-cooling-fx360-inf-78-cfm-liquid-cpu-cooler-fx360-inf-pink,https://m.media-amazon.com/images/I/41eOV22nmDL.jpg,2900 RPM,25 dB,Pink,360 mm,79.98
Corsair iCUE H150i ELITE LCD XT,https://pcpartpicker.com/product/6XLdnQ/corsair-icue-h150i-elite-lcd-xt-6557-cfm-liquid-cpu-cooler-cw-9060077-ww,https://cdna.pcpartpicker.com/static/forever/images/product/d2a5cdb7e929d90e63cba524e6f668ad.256p.jpg,550 - 2100 RPM,5 - 31.1 dB,White / Gray,360 mm,
NZXT Kraken 240 RGB,https://pcpartpicker.com/product/ccbRsY/nzxt-kraken-240-rgb-7802-cfm-liquid-cpu-cooler-rl-kr240-b1,https://cdna.pcpartpicker.com/static/forever/images/product/038ec9aa1fddbeb6cd45c91348943127.256p.jpg,500 - 1800 RPM,17.9 - 30.6 dB,Black,240 mm,149.99
NZXT Kraken 360 RGB,https://pcpartpicker.com/product/hqmNnQ/nzxt-kraken-360-rgb-7802-cfm-liquid-cpu-cooler-rl-kr360-b1,https://cdna.pcpartpicker.com/static/forever/images/product/da52d72313deb270a5397a87703991d0.256p.jpg,500 - 1800 RPM,17.9 - 30.6 dB,Black,360 mm,
Corsair iCUE H100i RGB PRO XT,https://pcpartpicker.com/product/B6pmP6/corsair-icue-h100i-rgb-pro-xt-75-cfm-liquid-cpu-cooler-cw-9060043-ww,https://cdna.pcpartpicker.com/static/forever/images/product/adc0e1d172f0de205c1c74fe9e80ef31.256p.jpg,2400 RPM,37 dB,Black,240 mm,
Thermalright AQUA ELITE ARGB V4,https://pcpartpicker.com/product/b8QwrH/thermalright-aqua-elite-argb-v4-6617-cfm-liquid-cpu-cooler-aqua-elite-240-argb-v4,https://m.media-amazon.com/images/I/31v3o0tAlhL.jpg,1550 RPM,25.6 dB,Black,240 mm,45.49
Thermalright Frozen Warframe 240 SE ARGB,https://pcpartpicker.com/product/gYLp99/thermalright-frozen-warframe-240-se-argb-7084-cfm-liquid-cpu-cooler-frozen-warframe-240-se-argb-black,https://cdna.pcpartpicker.com/static/forever/images/product/5f9ed2a002be8bfd55348ce9f56401fe.256p.jpg,2000 RPM,29.8 dB,Black,240 mm,58.59
Corsair iCUE LINK TITAN 240 RX LCD,https://pcpartpicker.com/product/zCBzK8/corsair-icue-link-titan-240-rx-lcd-735-cfm-liquid-cpu-cooler-cw-9061022-ww,https://cdna.pcpartpicker.com/static/forever/images/product/0caad0327be3987d7779d787765bfbfb.256p.jpg,300 - 2100 RPM,10 - 36 dB,Black,240 mm,139.99
Thermaltake CL-P0503,https://pcpartpicker.com/product/7b9KHx/thermaltake-cpu-cooler-clp0503,https://cdna.pcpartpicker.com/static/forever/images/product/8807a079a0bb00794b0ffb33a1864423.256p.jpg,2900 RPM,29.58 dB,,,11.97
ARCTIC Alpine 17 CO,https://pcpartpicker.com/product/4ZYmP6/arctic-alpine-17-co-cpu-cooler-acalp00041a,https://cdna.pcpartpicker.com/static/forever/images/product/e95e4cfd3c074666b03d6092f739221e.256p.jpg,250 - 2700 RPM,,Black,,12.99
Montech HyperFlow ARGB 240,https://pcpartpicker.com/product/VmtLrH/montech-hyperflow-argb-240-762-cfm-liquid-cpu-cooler-hyperflow-argb-240-black,https://m.media-amazon.com/images/I/41T3hOquPjL.jpg,2200 RPM,29.1 dB,Black,240 mm,84.99
Thermalright Royal Pretor 130,https://pcpartpicker.com/product/66cgXL/thermalright-royal-pretor-130-8188-cfm-cpu-cooler-royal-pretor-130,https://m.media-amazon.com/images/I/51YJckxl97L.jpg,1750 RPM,28.3 dB,Black / Silver,,44.39
Cooler Master MasterLiquid 120L Core,https://pcpartpicker.com/product/wkZXsY/cooler-master-masterliquid-120l-core-7193-cfm-liquid-cpu-cooler-mlw-d12m-a17pk-r1,https://cdna.pcpartpicker.com/static/forever/images/product/744d9305b004a1660a453d3ab23eaa1f.256p.jpg,650 - 1750 RPM,27.2 dB,Black,120 mm,
Deepcool AK620,https://pcpartpicker.com/product/gvGbt6/deepcool-ak620-6899-cfm-cpu-cooler-ak620-wh,https://cdna.pcpartpicker.com/static/forever/images/product/e44f6e1cec0c46a71a7ece181322671f.256p.jpg,500 - 1850 RPM,28 dB,White,,
ARCTIC Liquid Freezer III 420 A-RGB,https://pcpartpicker.com/product/d3n9TW/arctic-liquid-freezer-iii-420-a-rgb-699-cfm-liquid-cpu-cooler-acfre00145a,https://cdna.pcpartpicker.com/static/forever/images/product/1b6a3ca1e23ed67ab4b6a40866a9cfd7.256p.jpg,200 - 1900 RPM,,Black,420 mm,
be quiet! Dark Rock 4,https://pcpartpicker.com/product/FRYLrH/be-quiet-dark-rock-4-cpu-cooler-bk021,https://cdna.pcpartpicker.com/static/forever/images/product/aba40716670bdd4a88508ee83621b33a.256p.jpg,1400 RPM,,Black,,
Thermaltake Contact 9 SE,https://pcpartpicker.com/product/ryddnQ/thermaltake-contact-9-se-3312-cfm-cpu-cooler-cl-p106-al09wt-a,https://cdna.pcpartpicker.com/static/forever/images/product/d8d5587e5e3ae0eb755206c063c16f1f.256p.jpg,800 - 2000 RPM,24.5 dB,Black / Silver,,19.98
be quiet! Pure Loop 3,https://pcpartpicker.com/product/Jjh2FT/be-quiet-pure-loop-3-liquid-cpu-cooler-bw027,https://cdna.pcpartpicker.com/static/forever/images/product/17bc179555a120aa2041f254ffcfe6df.256p.jpg,2100 RPM,15.4 - 35.2 dB,Black,240 mm,79.99
Scythe Mugen 6 Dual Fan,https://pcpartpicker.com/product/rV9wrH/scythe-mugen-6-dual-fan-6029-cfm-cpu-cooler-scmg-6000dbe,https://cdna.pcpartpicker.com/static/forever/images/product/fe493b7acbc32629a01695a1b5fda3d3.256p.jpg,300 - 2000 RPM,3 - 26.88 dB,Black,,56.99
Asus ROG RYUO III 360 ARGB WHITE EDITION,https://pcpartpicker.com/product/8rytt6/asus-rog-ryuo-iii-360-argb-white-edition-7007-cfm-liquid-cpu-cooler-rog-ryuo-iii-360-argb-white-edition,https://cdna.pcpartpicker.com/static/forever/images/product/12e1a20cbb65d7a65bd095b260db3252.256p.jpg,2200 RPM,36.45 dB,White,360 mm,169.99
NZXT T120 RGB,https://pcpartpicker.com/product/wDD7YJ/nzxt-t120-rgb-5018-cfm-cpu-cooler-rc-tr120-w1,https://cdna.pcpartpicker.com/static/forever/images/product/16b3307f0115d1d9311f085a6badbf2c.256p.jpg,500 - 1800 RPM,17.2 - 27.5 dB,White,,37.99
Thermaltake TH240 V2 ARGB Sync,https://pcpartpicker.com/product/4Zqrxr/thermaltake-th240-v2-argb-sync-5705-cfm-liquid-cpu-cooler-cl-w361-pl12sw-a,https://cdna.pcpartpicker.com/static/forever/images/product/556c18ef844e0e7296f7dd7f8010d690.256p.jpg,500 - 2000 RPM,25.8 dB,Black,240 mm,74.98
NZXT Kraken X73,https://pcpartpicker.com/product/vfVG3C/nzxt-kraken-x73-7311-cfm-liquid-cpu-cooler-rl-krx73-01,https://m.media-amazon.com/images/I/413dWz1VhNL.jpg,500 - 2000 RPM,21 - 36 dB,Black,360 mm,
Thermalright Phantom Spirit 120 Vision EVO,https://pcpartpicker.com/product/XzRnTW/thermalright-phantom-spirit-120-vision-evo-92-cfm-cpu-cooler-phantom-spirit-120-vision-evo,https://m.media-amazon.com/images/I/51OWRTApnaL.jpg,2150 RPM,36 dB,Black,,92.69
SAMA SM360 LCD,https://pcpartpicker.com/product/LNKscf/sama-sm350-lcd-711-cfm-liquid-cpu-cooler-sm360-ld-white,https://cdna.pcpartpicker.com/static/forever/images/product/dbb6b63aae4fd20346f6cbb7478072e1.256p.jpg,800 - 1800 RPM,35.5 dB,White,360 mm,89.99
Thermalright Assassin X 120 PLUS V2,https://pcpartpicker.com/product/M3BzK8/thermalright-assassin-x-120-plus-v2-6617-cfm-cpu-cooler-ax120-v2-plus,https://m.media-amazon.com/images/I/51fMq3uhD0L.jpg,1500 RPM,25.6 dB,Black / Silver,,
Corsair iCUE H150i ELITE CAPELLIX XT,https://pcpartpicker.com/product/hxrqqs/corsair-icue-h150i-elite-capellix-xt-6557-cfm-liquid-cpu-cooler-cw-9060070-ww,https://cdna.pcpartpicker.com/static/forever/images/product/12bfecb3325a384ef35e38ada6b8bca3.256p.jpg,550 - 2100 RPM,5 - 34.1 dB,Black,360 mm,
ARCTIC Liquid Freezer III Pro A-RGB,https://pcpartpicker.com/product/Vcm2FT/arctic-liquid-freezer-iii-pro-a-rgb-110-cfm-liquid-cpu-cooler-acfre00189a,/static/forever/img/no-image.png,400 - 2500 RPM,,White,420 mm,118.99
EK EK-Nucleus AIO CR360 Lux D-RGB,https://pcpartpicker.com/product/LRzXsY/ek-ek-nucleus-aio-cr360-lux-d-rgb-72-cfm-liquid-cpu-cooler-ek-nucleus-aio-cr360-lux-d-rgb-white,https://cdna.pcpartpicker.com/static/forever/images/product/44bca0960afba76558218bc61013bc57.256p.jpg,550 - 2300 RPM,36 dB,White,360 mm,140.00
ARCTIC Liquid Freezer III 280,https://pcpartpicker.com/product/hR9wrH/arctic-liquid-freezer-iii-280-728-cfm-liquid-cpu-cooler-acfre00135a,https://cdna.pcpartpicker.com/static/forever/images/product/8b7c238a1a688b69e07a422b29d8490c.256p.jpg,200 - 1700 RPM,,Black,280 mm,
Deepcool LT720,https://pcpartpicker.com/product/6Hwypg/deepcool-lt720-8585-cfm-liquid-cpu-cooler-r-lt720-bkamnf-g-1,https://cdna.pcpartpicker.com/static/forever/images/product/6836eb2d379fa4b51adaa3ef0d08c2a9.256p.jpg,500 - 2250 RPM,32.9 dB,Black / Gray,360 mm,
Thermalright Burst Assassin 120 SE,https://pcpartpicker.com/product/43qrxr/thermalright-burst-assassin-120-se-6617-cfm-cpu-cooler-ba120-se,https://m.media-amazon.com/images/I/4149WQZHBhL.jpg,1550 RPM,25.6 dB,Black / Silver,,21.69
Thermaltake UX200 SE ARGB,https://pcpartpicker.com/product/LvsV3C/thermaltake-ux200-se-argb-6272-cfm-cpu-cooler-cl-p116-al12sw-a,https://cdna.pcpartpicker.com/static/forever/images/product/924a7496484ea7760c64e4c6adfa9a72.256p.jpg,800 - 1800 RPM,25 dB,White,,34.98
ID-COOLING SE-214-XT ARGB,https://pcpartpicker.com/product/YwbTwP/id-cooling-se-214-xt-argb-682-cfm-cpu-cooler-se-214-xt-argb-white,https://m.media-amazon.com/images/I/51bTXt-wzEL.jpg,500 - 1500 RPM,13.8 - 30.5 dB,White,,17.19
Thermalright Royal Knight 120,https://pcpartpicker.com/product/fhqNnQ/thermalright-royal-knight-120-8045-cfm-cpu-cooler-royal-knight-120,https://m.media-amazon.com/images/I/41ArRO9IEaL.jpg,2150 RPM,29.4 dB,Black,,33.90
Thermalright Core Vision ARGB,https://pcpartpicker.com/product/b8MXsY/thermalright-core-vision-argb-7237-cfm-liquid-cpu-cooler-core-vision-360-black,https://m.media-amazon.com/images/I/31Ja7ulVGjL.jpg,2000 RPM,27.7 dB,Black,360 mm,79.39
Noctua NH-D15S,https://pcpartpicker.com/product/xCL7YJ/noctua-nh-d15s-8252-cfm-cpu-cooler-nh-d15s,https://cdna.pcpartpicker.com/static/forever/images/product/ed53ee293a5850a42c79d46f37349901.256p.jpg,300 - 1500 RPM,19.2 - 24.6 dB,,,119.95
be quiet! Dark Rock Slim,https://pcpartpicker.com/product/krxbt6/be-quiet-dark-rock-slim-cpu-cooler-bk024,https://cdna.pcpartpicker.com/static/forever/images/product/e54422fa9f63e8876b7bf51ef19ddb13.256p.jpg,1500 RPM,11 - 23.6 dB,Black,,53.90
Antec VORTEX 360,https://pcpartpicker.com/product/KBwypg/antec-vortex-360-5793-cfm-liquid-cpu-cooler-0-761345-74047-0,https://cdna.pcpartpicker.com/static/forever/images/product/ee53c6842b0870314574b2530aa2b266.256p.jpg,600 - 2000 RPM,31.24 dB,Black,360 mm,
MSI MPG CORELIQUID P13,https://pcpartpicker.com/product/VFy8TW/msi-mpg-coreliquid-p13-64898-cfm-liquid-cpu-cooler-mpg-coreliquid-p13-360,https://cdna.pcpartpicker.com/static/forever/images/product/a05cf5088f9220a8b06d60b23a6789a2.256p.jpg,500 - 2050 RPM,,Black,360 mm,129.99
Cooler Master Hyper 212 3DHP ARGB,https://pcpartpicker.com/product/cKbypg/cooler-master-hyper-212-3dhp-argb-631-cfm-cpu-cooler-may-t2hp-217pa-r1,https://cdna.pcpartpicker.com/static/forever/images/product/242eb36db00b711ac41471b5418ad1cd.256p.jpg,,22.6 dB,Black,,26.07
be quiet! Pure Rock 2 Black,https://pcpartpicker.com/product/TyBhP6/be-quiet-pure-rock-2-black-cpu-cooler-bk007,https://cdna.pcpartpicker.com/static/forever/images/product/9267f7394684175fbe4178facf75dbbf.256p.jpg,1500 RPM,19.1 - 26.8 dB,Black,,
Lian Li GALAHAD AIO 360 RGB UNI FAN SL120 EDITION,https://pcpartpicker.com/product/CVZ9TW/lian-li-galahad-aio-360-rgb-uni-fan-sl120-edition-5854-cfm-liquid-cpu-cooler-ga-360slb,https://m.media-amazon.com/images/I/41dVybBj8zL.jpg,800 - 1900 RPM,32 dB,Black / Silver,360 mm,
ASRock Challenger Digital,https://pcpartpicker.com/product/QPWmP6/asrock-challenger-digital-626-cfm-liquid-cpu-cooler-90-acla36-baaga6,https://m.media-amazon.com/images/I/41WpwzGlslL.jpg,,31 dB,Black,360 mm,79.99
Asus ROG STRIX LC II ARGB,https://pcpartpicker.com/product/q2D7YJ/asus-rog-strix-lc-ii-argb-8095-cfm-liquid-cpu-cooler-rog-strix-lc-ii-240-argb-white-edition,https://m.media-amazon.com/images/I/31dJ6zi+RDL.jpg,800 - 2500 RPM,37.6 dB,White / Black,240 mm,
Corsair H110i,https://pcpartpicker.com/product/3XyxFT/corsair-h110i-113-cfm-liquid-cpu-cooler-cw-9060026-ww,https://m.media-amazon.com/images/I/41UUNbhVZFL.jpg,2100 RPM,43 dB,,280 mm,
APNX AP1-V,https://pcpartpicker.com/product/cTV2FT/apnx-ap1-v-763-cfm-cpu-cooler-ap1-5pipe-argb-wh,https://m.media-amazon.com/images/I/41Y0TzKI3iL.jpg,600 - 1800 RPM,16.1 - 32.8 dB,White,,19.98
Vetroo V5,https://pcpartpicker.com/product/jZYmP6/vetroo-v5-52-cfm-cpu-cooler-vt-cpu-v5-pk,https://m.media-amazon.com/images/I/41WwCUYZLcL.jpg,800 - 1700 RPM,30.8 dB,Pink,,27.99
ID-COOLING SE-224-XTS,https://pcpartpicker.com/product/bh26Mp/id-cooling-se-224-xts-70-cfm-cpu-cooler-se-224-xts,https://m.media-amazon.com/images/I/51DaJgd-VDL.jpg,600 - 1500 RPM,28.9 dB,Black / Silver,,29.99
Thermalright Frozen Warframe ULTRA ARGB,https://pcpartpicker.com/product/27TFf7/thermalright-frozen-warframe-ultra-argb-7084-cfm-liquid-cpu-cooler-fw360-ultra-argb-white,https://m.media-amazon.com/images/I/31In9BieMTL.jpg,2000 RPM,22.1 dB,White,360 mm,93.90
be quiet! Pure Loop 3 LX,https://pcpartpicker.com/product/py9nTW/be-quiet-pure-loop-3-lx-liquid-cpu-cooler-bw031,https://cdna.pcpartpicker.com/static/forever/images/product/252b12f2eccbe3d3b0f355020081b11e.256p.jpg,2100 RPM,17.3 - 36.9 dB,Black,360 mm,104.90
Corsair H100i RGB PLATINUM,https://pcpartpicker.com/product/JYCD4D/corsair-h100i-rgb-platinum-75-cfm-liquid-cpu-cooler-cw-9060039-ww,https://cdna.pcpartpicker.com/static/forever/images/product/623066a73a9f4feafdea3ae659f80705.256p.jpg,2400 RPM,37 dB,Black / Silver,240 mm,
Noctua NH-U14S,https://pcpartpicker.com/product/DMjG3C/noctua-nh-u14s-8252-cfm-cpu-cooler-nh-u14s,https://cdna.pcpartpicker.com/static/forever/images/product/356776b12b7cb2e8c1368bbba0858a81.med.256p.jpg,300 - 1500 RPM,19.2 - 24.6 dB,,,89.95
be quiet! Pure Loop 2,https://pcpartpicker.com/product/CZGhP6/be-quiet-pure-loop-2-liquid-cpu-cooler-bw019,https://cdna.pcpartpicker.com/static/forever/images/product/6e0b2968e65605ca10fcb219738dd66d.256p.jpg,,17.2 - 36.8 dB,Black,360 mm,59.90
NZXT Kraken Elite 240 RGB (2024),https://pcpartpicker.com/product/tx4Zxr/nzxt-kraken-elite-240-rgb-2024-7512-cfm-liquid-cpu-cooler-rl-kr24e-b2,https://cdna.pcpartpicker.com/static/forever/images/product/a232b6b03466ecea7a08f33f18ca37d5.256p.jpg,500 - 2400 RPM,30 dB,Black,240 mm,149.99
Noctua NH-D9L chromax.black,https://pcpartpicker.com/product/KQMMnQ/noctua-nh-d9l-chromaxblack-4644-cfm-cpu-cooler-nh-d9l-chromaxblack,https://cdna.pcpartpicker.com/static/forever/images/product/6df0aa42863d202387df1a545db8dd68.256p.jpg,400 - 2000 RPM,16.3 - 22.8 dB,Black,,84.95
Thermalright Peerless Assassin 120 SE V2,https://pcpartpicker.com/product/F4nXsY/thermalright-peerless-assassin-120-se-v2-8889-cfm-cpu-cooler-peerless-assassin-120-se-v2,https://m.media-amazon.com/images/I/411sKlRlkpL.jpg,1850 RPM,29.5 dB,Black / Silver,,35.90
Cooler Master Hyper 411 Nano,https://pcpartpicker.com/product/kkGhP6/cooler-master-hyper-411-nano-4514-cfm-cpu-cooler-rr-h410-25pk-r1,https://cdna.pcpartpicker.com/static/forever/images/product/53a820363c6cf189003adb10371c2a0c.256p.jpg,650 - 2500 RPM,30.04 dB,Black,,49.02
Thermalright Burst Assassin 120 EVO DARK,https://pcpartpicker.com/product/YT26Mp/thermalright-burst-assassin-120-evo-dark-6617-cfm-cpu-cooler-burst-assassin-120-evo-dark,https://m.media-amazon.com/images/I/41L-F3TX-fL.jpg,1500 RPM,25.6 dB,Black,,29.39
Thermalright Royal Pretor 130 Ultra,https://pcpartpicker.com/product/WfCCmG/thermalright-royal-pretor-130-ultra-8188-cfm-cpu-cooler-royal-pretor-130-ultra-black,https://m.media-amazon.com/images/I/5153ieHUUvL.jpg,1750 RPM,28.3 dB,Black,,55.90
Deepcool AK400,https://pcpartpicker.com/product/tvGbt6/deepcool-ak400-6647-cfm-cpu-cooler-ak400-wh,https://cdna.pcpartpicker.com/static/forever/images/product/c7b02e065c81e7fa94dcf945c388449a.256p.jpg,500 - 1850 RPM,29 dB,White,,
MSI MAG CORELIQUID 240R V2,https://pcpartpicker.com/product/dCcG3C/msi-mag-coreliquid-240r-v2-7873-cfm-liquid-cpu-cooler-mag-coreliquid-240r-v2,https://cdna.pcpartpicker.com/static/forever/images/product/e452db7a637e23fd3b05c4cec1d895f1.256p.jpg,500 - 2000 RPM,14.3 - 34.3 dB,Black,240 mm,109.99
ARCTIC Liquid Freezer II 420 A-RGB,https://pcpartpicker.com/product/83vdnQ/arctic-liquid-freezer-ii-420-a-rgb-689-cfm-liquid-cpu-cooler-acfre00109a,https://cdna.pcpartpicker.com/static/forever/images/product/693cc696a8722d5528ba164244f97b0a.256p.jpg,200 - 1900 RPM,22.5 dB,Black,420 mm,119.84
Cooler Master Hyper 212 3DHP,https://pcpartpicker.com/product/ChxTwP/cooler-master-hyper-212-3dhp-631-cfm-cpu-cooler-may-t2hp-217pk-r1,https://m.media-amazon.com/images/I/41zFu+i5oXL.jpg,,22.6 dB,Black,,28.50
NZXT Kraken Z63,https://pcpartpicker.com/product/Xbyqqs/nzxt-kraken-z63-9817-cfm-liquid-cpu-cooler-rl-krz63-01,https://cdna.pcpartpicker.com/static/forever/images/product/ac552283fdffa791733145916bb359c4.256p.jpg,500 - 1800 RPM,21 - 38 dB,Black,280 mm,
Montech NX400,https://pcpartpicker.com/product/PtsMnQ/montech-nx400-8509-cfm-cpu-cooler-nx400w,https://cdna.pcpartpicker.com/static/forever/images/product/75d0c143996f414501fc0bdca43777c5.256p.jpg,8000 - 2000 RPM,34.17 dB,White / Silver,,25.90
NZXT Kraken Elite 280 RGB (2024),https://pcpartpicker.com/product/KJ6NnQ/nzxt-kraken-elite-280-rgb-2024-9861-cfm-liquid-cpu-cooler-rl-kr28e-w2,https://cdna.pcpartpicker.com/static/forever/images/product/15c4378d64d1c782fe589124cd602ff8.256p.jpg,500 - 2000 RPM,34.5 dB,White,280 mm,159.99
Corsair iCUE H100i ELITE LCD XT,https://pcpartpicker.com/product/WXLdnQ/corsair-icue-h100i-elite-lcd-xt-6557-cfm-liquid-cpu-cooler-cw-9060074-ww,https://cdna.pcpartpicker.com/static/forever/images/product/8d7b48c73141c284ae82a56d38ffc951.256p.jpg,550 - 2100 RPM,5 - 34.1 dB,Black,240 mm,250.38
ENDORFY Fera 5,https://pcpartpicker.com/product/DykH99/endorfy-fera-5-cpu-cooler-ey3a005,https://cdna.pcpartpicker.com/static/forever/images/product/638f83e2b668cb90893441d2af3bebab.256p.jpg,250 - 1800 RPM,,Black / Silver,,
Cooler Master MasterLiquid 360 Core II,https://pcpartpicker.com/product/HkdMnQ/cooler-master-masterliquid-360-core-ii-707-cfm-liquid-cpu-cooler-mlw-d36m-a18pa-r1,https://m.media-amazon.com/images/I/31e65AB3nUL.jpg,600 - 1750 RPM,30 dB,Black,360 mm,104.58
Jonsbo CR-1400 EVO ARGB Black,https://pcpartpicker.com/product/sGbRsY/jonsbo-cr-1400-evo-argb-black-382-cfm-cpu-cooler-cr-1400-evo-argb-black,https://cdna.pcpartpicker.com/static/forever/images/product/2fe7a90c8bdb7b9447c4277b4ebcf1a1.256p.jpg,800 - 2200 RPM,22.3 - 33.8 dB,Black,,28.50
Asus ROG Ryujin 240 RGB AIO,https://pcpartpicker.com/product/MxqhP6/asus-rog-ryujin-240-rgb-aio-1218-cfm-liquid-cpu-cooler-90rc0030-m0uay0,https://cdna.pcpartpicker.com/static/forever/images/product/e853a45e569b94d909348ddf3e4ba6a4.256p.jpg,450 - 2000 RPM,29.7 dB,Black,240 mm,
Cooler Master MasterLiquid ML360 Illusion,https://pcpartpicker.com/product/TyWzK8/cooler-master-masterliquid-ml360-illusion-472-cfm-liquid-cpu-cooler-mlx-d36m-a18p2-r1,https://cdna.pcpartpicker.com/static/forever/images/product/973eb581b6a61a8947cce55e123949bd.256p.jpg,650 - 1800 RPM,6 - 30 dB,Black / Silver,360 mm,65.19
Gigabyte GAMING 360,https://pcpartpicker.com/product/mfm2FT/gigabyte-gaming-360-6161-cfm-liquid-cpu-cooler-gp-gigabyte-gme-360,https://m.media-amazon.com/images/I/41cC4EAA56L.jpg,500 - 2200 RPM,13.8 - 35.8 dB,Black,360 mm,90.98
Lian Li Galahad II Trinity,https://pcpartpicker.com/product/P4BzK8/lian-li-galahad-ii-trinity-799-cfm-liquid-cpu-cooler-ga2t36b,https://cdna.pcpartpicker.com/static/forever/images/product/2ebbd71680c2db65cb1d9a00653c017f.256p.jpg,2450 RPM,35.4 dB,Black,360 mm,189.55
ARCTIC Liquid Freezer III Pro A-RGB,https://pcpartpicker.com/product/mzHp99/arctic-liquid-freezer-iii-pro-a-rgb-110-cfm-liquid-cpu-cooler-acfre00183a,https://m.media-amazon.com/images/I/41gBUaemkqL.jpg,400 - 2500 RPM,,Black,280 mm,93.49
Thermalright Peerless Assassin 120 White ARGB,https://pcpartpicker.com/product/fWKKHx/thermalright-peerless-assassin-120-white-argb-6617-cfm-cpu-cooler-pa120-white-argb-a,https://cdna.pcpartpicker.com/static/forever/images/product/05b8b859f67ea5999cc545cc85baed27.256p.jpg,1550 RPM,25.6 dB,White,,35.36
Thermalright Frozen Prism ARGB,https://pcpartpicker.com/product/YdGhP6/thermalright-frozen-prism-argb-704-cfm-liquid-cpu-cooler-frozen-prism-240-white-argb,https://m.media-amazon.com/images/I/31fkQD4JHwL.jpg,1850 RPM,27 dB,White,240 mm,44.90
Thermalright Burst Assassin,https://pcpartpicker.com/product/GWpzK8/thermalright-burst-assassin-6617-cfm-cpu-cooler-ba120,https://m.media-amazon.com/images/I/41SeTlPB1YL.jpg,1550 RPM,25.6 dB,Gray / Black,,18.89
NZXT T120 RGB,https://pcpartpicker.com/product/MXTp99/nzxt-t120-rgb-5018-cfm-cpu-cooler-rc-tr120-b1,https://cdna.pcpartpicker.com/static/forever/images/product/13fac04803ed3f5c12e1ee5d5734688a.256p.jpg,500 - 1800 RPM,17.2 - 27.5 dB,Black,,49.98
Phanteks Glacier One D30 X2,https://pcpartpicker.com/product/K8jv6h/phanteks-glacier-one-d30-x2-7272-cfm-liquid-cpu-cooler-ph-go360d30_dbk02,https://cdna.pcpartpicker.com/static/forever/images/product/56fa23ce42c0ed6a97df7bea621dd6df.256p.jpg,250 - 2000 RPM,35.13 dB,Black,360 mm,119.99
Razer Hanbo Chroma,https://pcpartpicker.com/product/L9pzK8/razer-hanbo-chroma-liquid-cpu-cooler-rc21-01770100-r3m1,https://cdna.pcpartpicker.com/static/forever/images/product/551197ef146855b3fdc9403642420917.256p.jpg,,,Black,240 mm,89.99
EK AIO Elite 360 D-RGB,https://pcpartpicker.com/product/j74Ycf/ek-aio-elite-360-d-rgb-6604-cfm-liquid-cpu-cooler-ek-aio-elite-360-d-rgb,https://cdna.pcpartpicker.com/static/forever/images/product/fa8de366f3eb3b0a6a595fb07f98fcac.256p.jpg,550 - 2200 RPM,31.6 dB,Black,360 mm,
Cooler Master Hyper 620S,https://pcpartpicker.com/product/WzZXsY/cooler-master-hyper-620s-7193-cfm-cpu-cooler-rr-d6na-17pa-r1,https://m.media-amazon.com/images/I/513FSNEYsTL.jpg,350 - 1750 RPM,27.2 dB,Black / Silver,,47.99
be quiet! BK047,https://pcpartpicker.com/product/KR62FT/be-quiet-bk047-3548-cfm-cpu-cooler-bk047,https://cdna.pcpartpicker.com/static/forever/images/product/fe753c36815b8c5690aad846b445c45e.256p.jpg,1700 RPM,12.4 - 24.8 dB,Black / Silver,,23.90
Thermalright Peerless Vision 360 ARGB,https://pcpartpicker.com/product/w8cBD3/thermalright-peerless-vision-360-argb-689-cfm-liquid-cpu-cooler-peerless-vision-360-argb-black,https://m.media-amazon.com/images/I/41IaOkpZ6DL.jpg,2000 RPM,28.2 dB,Black,360 mm,103.59
SAMA SM360 LCD,https://pcpartpicker.com/product/NVMMnQ/sama-sm350-lcd-711-cfm-liquid-cpu-cooler-sm360ld-black,https://cdna.pcpartpicker.com/static/forever/images/product/3651fba083c9fab1bd03b020b4f0f4f4.256p.jpg,800 - 1800 RPM,35.5 dB,Black,360 mm,84.99
ARCTIC Alpine 12 CO,https://pcpartpicker.com/product/JZyV3C/arctic-alpine-12-co-cpu-cooler-acalp00031a,https://m.media-amazon.com/images/I/41tmAuMScOL.jpg,100 - 2700 RPM,,Black / Gray,,
NZXT Kraken Z63 RGB,https://pcpartpicker.com/product/YvYmP6/nzxt-kraken-z63-rgb-9119-cfm-liquid-cpu-cooler-rl-krz63-r1,https://cdna.pcpartpicker.com/static/forever/images/product/f86b2f697f8b4f8fec4a2dc739ea1ae2.256p.jpg,500 - 1500 RPM,22 - 33 dB,Black,280 mm,349.79
NZXT Kraken 360,https://pcpartpicker.com/product/D8rqqs/nzxt-kraken-360-7802-cfm-liquid-cpu-cooler-rl-kn360-b1,https://cdna.pcpartpicker.com/static/forever/images/product/e71bea262e634ec0decd5847c6e4d0a1.256p.jpg,500 - 1800 RPM,17.9 - 30.6 dB,Black,360 mm,
Thermalright Peerless Assassin 140 Digital,https://pcpartpicker.com/product/RRy8TW/thermalright-peerless-assassin-140-digital-778-cfm-cpu-cooler-peerless-assassin-140-digital-black,https://cdna.pcpartpicker.com/static/forever/images/product/53bfaf186f16ea57f5f5bb855eac2206.256p.jpg,1500 RPM,25.6 dB,Black,,53.09
NZXT Kraken Elite 360,https://pcpartpicker.com/product/CyKscf/nzxt-kraken-elite-360-7802-cfm-liquid-cpu-cooler-rl-kn36e-b1,https://cdna.pcpartpicker.com/static/forever/images/product/b5af5d6ebb1594a90a21922fbdae33ed.256p.jpg,500 - 1800 RPM,17.9 - 30.6 dB,Black,360 mm,
ID-COOLING FX360 INF,https://pcpartpicker.com/product/PC26Mp/id-cooling-fx360-inf-58-cfm-liquid-cpu-cooler-fx360-inf-white,https://cdna.pcpartpicker.com/static/forever/images/product/32b5c2c8f8d6f44b47c7bad7a7e4fff9.256p.jpg,300 - 2000 RPM,27.2 dB,White,360 mm,79.98
MSI MPG CORELIQUID K360 V2,https://pcpartpicker.com/product/sh8bt6/msi-mpg-coreliquid-k360-v2-774-cfm-liquid-cpu-cooler-mpg-coreliquid-k360-v2,https://cdna.pcpartpicker.com/static/forever/images/product/922c628607f81bc55ebb6023b284be3f.256p.jpg,,39.9 dB,Black,360 mm,
Lian Li GALAHAD AIO 240 RGB UNI FAN SL120 EDITION,https://pcpartpicker.com/product/wXddnQ/lian-li-galahad-aio-240-rgb-uni-fan-sl120-edition-5854-cfm-liquid-cpu-cooler-ga-240slb,https://m.media-amazon.com/images/I/412w8B39DDL.jpg,800 - 1900 RPM,32 dB,Black / Silver,240 mm,
Alphacool Eisbaer Pro Aurora,https://pcpartpicker.com/product/DG3NnQ/alphacool-eisbaer-pro-aurora-907-cfm-liquid-cpu-cooler-11774,https://cdna.pcpartpicker.com/static/forever/images/product/8af75642009d2cb5ec4f4c803ff8ffeb.256p.jpg,,31.5 dB,Black,420 mm,315.99
NZXT Kraken 360 RGB,https://pcpartpicker.com/product/HNcgXL/nzxt-kraken-360-rgb-7802-cfm-liquid-cpu-cooler-rl-kr360-w1,https://cdna.pcpartpicker.com/static/forever/images/product/19da19fbf153d36efcda6b886afa78c0.256p.jpg,500 - 1800 RPM,17.9 - 30.6 dB,White,360 mm,
Corsair iCUE H100i ELITE CAPELLIX XT,https://pcpartpicker.com/product/V6XV3C/corsair-icue-h100i-elite-capellix-xt-6557-cfm-liquid-cpu-cooler-cw-9060072-ww,https://cdna.pcpartpicker.com/static/forever/images/product/89bda0047f8b2ccffe4de3b909175e0b.256p.jpg,550 - 2100 RPM,5 - 34.1 dB,White,240 mm,
MSI MEG CORELIQUID S360,https://pcpartpicker.com/product/LGH7YJ/msi-meg-coreliquid-s360-562-cfm-liquid-cpu-cooler-meg-coreliquid-s360,https://cdna.pcpartpicker.com/static/forever/images/product/cbbdc86a542408a48ee588f20638430c.256p.jpg,,22.7 dB,Black,360 mm,
Thermalright Peerless Assassin 120 Digital,https://pcpartpicker.com/product/BK3WGX/thermalright-peerless-assassin-120-digital-8889-cfm-cpu-cooler-peerless-assassin-120-digital-black,https://cdna.pcpartpicker.com/static/forever/images/product/ee7f6a1d8fe78328bbe05c57f2b2dc63.256p.jpg,1850 RPM,25.6 dB,Black,,42.59
Corsair iCUE H150i ELITE CAPELLIX XT,https://pcpartpicker.com/product/sccgXL/corsair-icue-h150i-elite-capellix-xt-6557-cfm-liquid-cpu-cooler-cw-9060073-ww,https://cdna.pcpartpicker.com/static/forever/images/product/b2b9eee9f88a4a8db5a4ddb6cef86927.256p.jpg,550 - 2100 RPM,,White,360 mm,
Asus ROG Ryujin III ARGB,https://pcpartpicker.com/product/M3wmP6/asus-rog-ryujin-iii-argb-7007-cfm-liquid-cpu-cooler-90rc00k1-m0uay0,https://cdna.pcpartpicker.com/static/forever/images/product/1339110670939a328c3af6689b8bd9ec.256p.jpg,600 - 2200 RPM,36.45 dB,Black,240 mm,209.99
TRYX PANORAMA,https://pcpartpicker.com/product/P3qrxr/tryx-panorama-8132-cfm-liquid-cpu-cooler-l-p360n-ds3m-g0k,https://cdna.pcpartpicker.com/static/forever/images/product/7986ad7c03064449fd02a7d8a137e5cb.256p.jpg,500 - 2250 RPM,30.97 dB,Black,360 mm,
ID-COOLING FROZN A620 BLACK,https://pcpartpicker.com/product/7HbRsY/id-cooling-frozn-a620-black-7825-cfm-cpu-cooler-frozn-a620-black,https://m.media-amazon.com/images/I/41ePSjOWUdL.jpg,500 - 2000 RPM,29.85 dB,Black,,39.99
Corsair iCUE H150i RGB PRO XT,https://pcpartpicker.com/product/Fnyqqs/corsair-icue-h150i-rgb-pro-xt-75-cfm-liquid-cpu-cooler-cw-9060045-ww,https://cdna.pcpartpicker.com/static/forever/images/product/f1108a195027ab71953f5b9b1687db2a.256p.jpg,2400 RPM,37 dB,Black / White,360 mm,
ARCTIC Liquid Freezer II 280 A-RGB,https://pcpartpicker.com/product/HZvdnQ/arctic-liquid-freezer-ii-280-a-rgb-689-cfm-liquid-cpu-cooler-acfre00106a,https://cdna.pcpartpicker.com/static/forever/images/product/e0bd5fae80410c14e4ef0d4d0e6797f9.256p.jpg,200 - 1900 RPM,22.5 dB,Black,280 mm,99.99
Fractal Design Lumen S24 RGB V2,https://pcpartpicker.com/product/dgXV3C/fractal-design-lumen-s24-rgb-v2-56-cfm-liquid-cpu-cooler-fd-w-l1-s2412,https://cdna.pcpartpicker.com/static/forever/images/product/2a211c269fa2abcc271967052a2801d5.256p.jpg,500 - 2000 RPM,10 - 33.2 dB,Black,240 mm,109.00
Asus Prime LC 360 ARGB LCD,https://pcpartpicker.com/product/Zjvscf/asus-prime-lc-360-argb-lcd-7722-cfm-liquid-cpu-cooler-90rc00z1-b0aay0,https://cdna.pcpartpicker.com/static/forever/images/product/7eda3b1562c5bf646a10abd2e1012ae3.256p.jpg,800 - 2500 RPM,36.5 dB,Black,360 mm,134.99
Corsair iCUE LINK TITAN 280 RX RGB,https://pcpartpicker.com/product/NbBzK8/corsair-icue-link-titan-280-rx-rgb-947-cfm-liquid-cpu-cooler-cw-9061017-ww,https://cdna.pcpartpicker.com/static/forever/images/product/f78d943de0e88a9fc311cce4522413e9.256p.jpg,300 - 1700 RPM,,Black,280 mm,134.99
Lian Li Galahad II Trinity,https://pcpartpicker.com/product/JLwmP6/lian-li-galahad-ii-trinity-799-cfm-liquid-cpu-cooler-ga2t36w,https://cdna.pcpartpicker.com/static/forever/images/product/a71129f791c9f3327ba095a6a88f0a48.256p.jpg,2450 RPM,35.4 dB,White,360 mm,261.20
Montech HyperFlow Silent 240,https://pcpartpicker.com/product/hH2j4D/montech-hyperflow-silent-240-723-cfm-liquid-cpu-cooler-hyperflow-silent-240-black,https://m.media-amazon.com/images/I/31IhOo9Mk1L.jpg,800 - 2200 RPM,24.8 dB,Black,240 mm,69.90
ARCTIC Liquid Freezer III 420 A-RGB,https://pcpartpicker.com/product/P2GhP6/arctic-liquid-freezer-iii-420-a-rgb-699-cfm-liquid-cpu-cooler-acfre00153a,https://cdna.pcpartpicker.com/static/forever/images/product/04ab97466c3a3e7cd0e57f44ad674e00.256p.jpg,200 - 1900 RPM,,White,420 mm,
ID-COOLING FX240 PRO,https://pcpartpicker.com/product/7QCZxr/id-cooling-fx240-pro-825-cfm-liquid-cpu-cooler-fx240-pro-white,https://m.media-amazon.com/images/I/41AFN5OI-sL.jpg,500 - 1800 RPM,35.2 dB,White,240 mm,54.99
Thermalright Assassin King SE,https://pcpartpicker.com/product/RkC48d/thermalright-assassin-king-se-6617-cfm-cpu-cooler-ak120-se-d6,https://m.media-amazon.com/images/I/41g9E3Ql8JL.jpg,1550 RPM,25.6 dB,Silver / Gray,,18.29
ARCTIC Liquid Freezer III 360,https://pcpartpicker.com/product/XgyH99/arctic-liquid-freezer-iii-360-563-cfm-liquid-cpu-cooler-acfre00136a,https://cdna.pcpartpicker.com/static/forever/images/product/6e91b2e301abb56cd87d1e4a301540e1.256p.jpg,200 - 1800 RPM,,Black,360 mm,
Thermalright Silver Soul 110,https://pcpartpicker.com/product/Lvytt6/thermalright-silver-soul-110-54-cfm-cpu-cooler-ss110-black,https://m.media-amazon.com/images/I/41lkEno4oGL.jpg,2500 RPM,23 dB,Black,,32.90
Montech NX600,https://pcpartpicker.com/product/QLBFf7/montech-nx600-8509-cfm-cpu-cooler-nx600-black,https://cdna.pcpartpicker.com/static/forever/images/product/770c81e754083d72eb22455b44aa5054.256p.jpg,800 - 2000 RPM,34.17 dB,Black,,28.50
ID-COOLING SE-224-XTS BLACK,https://pcpartpicker.com/product/jr2WGX/id-cooling-se-224-xts-black-70-cfm-cpu-cooler-se-224-xts-black,https://m.media-amazon.com/images/I/415WpBLZqRL.jpg,600 - 1500 RPM,28.9 dB,Black,,29.99
Deepcool AK400 ZERO DARK,https://pcpartpicker.com/product/RXjBD3/deepcool-ak400-zero-dark-6647-cfm-cpu-cooler-r-ak400-bknnmn-g-2,https://cdna.pcpartpicker.com/static/forever/images/product/0969db68c5d36df3d025d4b88993d681.256p.jpg,500 - 1850 RPM,29 dB,Black,,
Thermalright Peerless Vision 360 ARGB,https://pcpartpicker.com/product/DhXMnQ/thermalright-peerless-vision-360-argb-689-cfm-liquid-cpu-cooler-peerless-vision-360-argb-white,https://m.media-amazon.com/images/I/316LTEIDbCL.jpg,2000 RPM,28.2 dB,White,360 mm,103.59
HYTE THICC Q80 Trio,https://pcpartpicker.com/product/fzYfrH/hyte-thicc-q80-trio-1058-cfm-liquid-cpu-cooler-fan-hyte-q80t-bb,https://cdna.pcpartpicker.com/static/forever/images/product/19a9a8a5f94df754e29fe4be30167a71.256p.jpg,1 - 3000 RPM,10 - 47.3 dB,Black,360 mm,349.99
ARCTIC Freezer 34 eSports DUO,https://pcpartpicker.com/product/PnPKHx/arctic-freezer-34-esports-duo-cpu-cooler-acfre00061a,https://cdna.pcpartpicker.com/static/forever/images/product/5a60d6fcd8af3ee7b1d747d92c6a487d.256p.jpg,200 - 2100 RPM,24.4 dB,White / Black,,
Deepcool R-LM360-BKDMMC-1,https://pcpartpicker.com/product/WBHp99/deepcool-r-lm360-bkdmmc-1-6623-cfm-liquid-cpu-cooler-r-lm360-bkdmmc-1,https://cdna.pcpartpicker.com/static/forever/images/product/8b53788cc9bbd85b0567c571b4089c75.256p.jpg,400 - 2400 RPM,36.07 dB,Black,360 mm,
Thermalright Frozen Warframe ULTRA ARGB,https://pcpartpicker.com/product/rV7MnQ/thermalright-frozen-warframe-ultra-argb-7084-cfm-liquid-cpu-cooler-fw360-ultra-argb-black,https://m.media-amazon.com/images/I/31eCrUMgCbL.jpg,2000 RPM,22.1 dB,Black,360 mm,93.90
Deepcool AK400 ZERO DARK PLUS,https://pcpartpicker.com/product/9Z6p99/deepcool-ak400-zero-dark-plus-5946-cfm-cpu-cooler-r-ak400-bknnmd-g-1,https://cdna.pcpartpicker.com/static/forever/images/product/6756c08038ee5090c324ba715a8e790c.256p.jpg,500 - 1650 RPM,28 dB,Black,,
ID-COOLING FROZN A410 BLACK,https://pcpartpicker.com/product/R6P8TW/id-cooling-frozn-a410-black-7825-cfm-cpu-cooler-frozn-a410-black,https://m.media-amazon.com/images/I/41U7+6OZpVL.jpg,500 - 2000 RPM,29.85 dB,Black,,
Thermalright Stream Vision,https://pcpartpicker.com/product/rmJBD3/thermalright-stream-vision-954-cfm-liquid-cpu-cooler-stream-vision-360-black,https://cdna.pcpartpicker.com/static/forever/images/product/f08d8fe646aed0b88d6e6e23c491f9c4.256p.jpg,2400 RPM,31.4 dB,Black,360 mm,118.90
Thermalright Assassin Spirit 120 Vision ARGB,https://pcpartpicker.com/product/zFwmP6/thermalright-assassin-spirit-120-vision-argb-6617-cfm-cpu-cooler-as120-vision-argb-black,https://m.media-amazon.com/images/I/41yt36n9stL.jpg,1500 RPM,25.6 dB,Black,,29.59
Thermalright Core Vision ARGB,https://pcpartpicker.com/product/jp8Pxr/thermalright-core-vision-argb-7237-cfm-liquid-cpu-cooler-core-vision-360-white-argb,https://cdna.pcpartpicker.com/static/forever/images/product/7d32aa1af76e324043a193d6aeea92cb.256p.jpg,2000 RPM,27.7 dB,White,360 mm,94.90
MSI MPG CORELIQUID P13,https://pcpartpicker.com/product/mCvscf/msi-mpg-coreliquid-p13-64898-cfm-liquid-cpu-cooler-mpg-coreliquid-p13-360-white,https://cdna.pcpartpicker.com/static/forever/images/product/6ae35524f7275ccd23d7d031183cf0be.256p.jpg,500 - 2050 RPM,,White,360 mm,129.99
Thermalright Aqua Elite ARGB V6,https://pcpartpicker.com/product/xNWmP6/thermalright-aqua-elite-argb-v6-7084-cfm-liquid-cpu-cooler-aqua-elite-240-argb-white-v6,https://m.media-amazon.com/images/I/31AZiIivgiL.jpg,2000 RPM,29.8 dB,White,240 mm,44.90
Corsair NAUTILUS 240 RS LCD,https://pcpartpicker.com/product/MgpD4D/corsair-nautilus-240-rs-lcd-728-cfm-liquid-cpu-cooler-cw-9061032-ww,https://cdna.pcpartpicker.com/static/forever/images/product/c82a0d938b09eab83415bb11a321ecdf.256p.jpg,2100 RPM,10 - 36 dB,White,240 mm,109.99
Deepcool LE520,https://pcpartpicker.com/product/qTrqqs/deepcool-le520-8585-cfm-liquid-cpu-cooler-r-le520-bkammn-g-1,https://cdna.pcpartpicker.com/static/forever/images/product/8cec6d2363455f95d71152f1875b2884.256p.jpg,500 - 2250 RPM,32.9 dB,Black,240 mm,
Thermalright Peerless Assassin 120 Digital ARGB,https://pcpartpicker.com/product/YxcBD3/thermalright-peerless-assassin-120-digital-argb-8889-cfm-cpu-cooler-peerless-assassin-120-digital-argb-white,https://cdna.pcpartpicker.com/static/forever/images/product/0d308d7f9b074a5d64fadcba0290fb6c.256p.jpg,1850 RPM,25.6 dB,White,,41.59
ID-COOLING FX240 INF,https://pcpartpicker.com/product/BBjv6h/id-cooling-fx240-inf-78-cfm-liquid-cpu-cooler-fx240-inf-pink,https://m.media-amazon.com/images/I/41C98Fh3yCL.jpg,2900 RPM,25 dB,Pink,240 mm,84.99
Cooler Master MasterLiquid 240 Core II,https://pcpartpicker.com/product/XgwD4D/cooler-master-masterliquid-240-core-ii-707-cfm-liquid-cpu-cooler-mlw-d24m-a18pa-r1,https://m.media-amazon.com/images/I/31oXJsA8EGL.jpg,600 - 1750 RPM,30 dB,Black,240 mm,91.65
Gigabyte AORUS WATERFORCE X II 360 ICE,https://pcpartpicker.com/product/9Rhv6h/gigabyte-aorus-waterforce-x-ii-360-ice-72-cfm-liquid-cpu-cooler-aorus-waterforce-x-ii-360-ice,https://cdna.pcpartpicker.com/static/forever/images/product/05a071fe7fd8933ca888717d8f1d4a05.256p.jpg,800 - 2400 RPM,12 - 37.5 dB,White,360 mm,199.99
Thermalright Aqua Elite ARGB V6,https://pcpartpicker.com/product/8mWmP6/thermalright-aqua-elite-argb-v6-7084-cfm-liquid-cpu-cooler-aqua-elite-240-argb-black-v6,https://m.media-amazon.com/images/I/41jEBtNx30L.jpg,2000 RPM,29.8 dB,Black,240 mm,
NZXT Kraken Plus 240 RGB,https://pcpartpicker.com/product/JCFCmG/nzxt-kraken-plus-240-rgb-7505-cfm-liquid-cpu-cooler-rl-kr240-b2,https://cdna.pcpartpicker.com/static/forever/images/product/45eee912883e8aa91395c3b4f92017f1.256p.jpg,500 - 2400 RPM,31.9 dB,Black,240 mm,109.99
be quiet! Pure Rock Pro 3,https://pcpartpicker.com/product/RN62FT/be-quiet-pure-rock-pro-3-596-cfm-cpu-cooler-bk041,https://cdna.pcpartpicker.com/static/forever/images/product/bb4d80162491a86532610966f2fde437.256p.jpg,2000 RPM,14 - 34.8 dB,Silver / Black,,44.90
Thermaltake Gravity i3,https://pcpartpicker.com/product/kvt9TW/thermaltake-gravity-i3-5684-cfm-cpu-cooler-cl-p094-al09wt-a,https://cdna.pcpartpicker.com/static/forever/images/product/6e93a37b1f86b26e368bf5c79ba0a0cd.256p.jpg,1200 - 3500 RPM,36.5 dB,Silver / Black,,19.98
Scythe Kotetsu Mark 3,https://pcpartpicker.com/product/rw7scf/scythe-kotetsu-mark-3-6762-cfm-cpu-cooler-scktt-3000,https://cdna.pcpartpicker.com/static/forever/images/product/21ee991b3528cb8827822250c4e13ff3.256p.jpg,300 - 1500 RPM,4 - 28.6 dB,Black / Silver,,17.69
Asus ROG STRIX LC III ARGB,https://pcpartpicker.com/product/ZJcgXL/asus-rog-strix-lc-iii-argb-7038-cfm-liquid-cpu-cooler-rog-strix-lc-iii-360-argb,https://cdna.pcpartpicker.com/static/forever/images/product/82fbcaa37878dde15499ca60759612e3.256p.jpg,800 - 2200 RPM,36 dB,Black,360 mm,249.99
Lian Li Galahad II Trinity Performance,https://pcpartpicker.com/product/thmNnQ/lian-li-galahad-ii-trinity-performance-10829-cfm-liquid-cpu-cooler-ga2p36b,https://cdna.pcpartpicker.com/static/forever/images/product/5649672556896bff4163c45c882107f6.256p.jpg,2300 - 3000 RPM,32.1 - 39.9 dB,Black,360 mm,
ARCTIC Liquid Freezer II 280,https://pcpartpicker.com/product/smDkcf/arctic-liquid-freezer-ii-280-728-cfm-liquid-cpu-cooler-acfre00066a,https://cdna.pcpartpicker.com/static/forever/images/product/d4be1665d9e39cda9ce38d3cac4abfe6.256p.jpg,200 - 1700 RPM,,Black,280 mm,
ARCTIC Liquid Freezer III 240 A-RGB,https://pcpartpicker.com/product/wTxxFT/arctic-liquid-freezer-iii-240-a-rgb-4882-cfm-liquid-cpu-cooler-acfre00142a,https://cdna.pcpartpicker.com/static/forever/images/product/b72e43ad7c61fc45c518beab51250697.256p.jpg,200 - 2000 RPM,,Black,240 mm,
Deepcool AG300,https://pcpartpicker.com/product/wsqPxr/deepcool-ag300-3675-cfm-cpu-cooler-r-ag300-bknnmn-g,https://cdna.pcpartpicker.com/static/forever/images/product/f081af159c0c28a944da061775f784a5.256p.jpg,500 - 3050 RPM,30.5 dB,Black / Silver,,
Cooler Master Hyper 212 Halo SF6 Ryu,https://pcpartpicker.com/product/Zw26Mp/cooler-master-hyper-212-halo-sf6-ryu-5188-cfm-cpu-cooler-rr-s4ww-20pa-ry,https://cdna.pcpartpicker.com/static/forever/images/product/696c92940abc880b7fd60710a7c4c711.256p.jpg,650 - 2050 RPM,27 dB,White / Orange,,16.26
NZXT T120,https://pcpartpicker.com/product/Lpytt6/nzxt-t120-7802-cfm-cpu-cooler-rc-tn120-b1,https://cdna.pcpartpicker.com/static/forever/images/product/fd8aa4a6f3550174ce9a13cc78b853d6.256p.jpg,500 - 1800 RPM,17.9 - 30.6 dB,Black,,43.22
Corsair A115,https://pcpartpicker.com/product/xxQKHx/corsair-a115-845-cfm-cpu-cooler-ct-9010011-ww,https://cdna.pcpartpicker.com/static/forever/images/product/d7f3e5209ce6e1bc96523d526e07c426.256p.jpg,400 - 1600 RPM,5 - 33.9 dB,Black,,
Cooler Master Elite,https://pcpartpicker.com/product/3ddMnQ/cooler-master-elite-842-cfm-liquid-cpu-cooler-elw-d24m-a21da-r1,https://cdna.pcpartpicker.com/static/forever/images/product/e554e972c9c82d560e61aadf17f4c21c.256p.jpg,600 - 2100 RPM,39.5 dB,Black,240 mm,72.52
MSI MAG CORELIQUID I360,https://pcpartpicker.com/product/JCNYcf/msi-mag-coreliquid-i360-707-cfm-liquid-cpu-cooler-mag-coreliquid-i360-white,https://cdna.pcpartpicker.com/static/forever/images/product/db835cf210997021528855fd3070901f.256p.jpg,,,White,360 mm,119.99
Deepcool MYSTIQUE 240,https://pcpartpicker.com/product/YVP8TW/deepcool-mystique-240-7245-cfm-liquid-cpu-cooler-r-lx550-bkdsnc-g-1,https://cdna.pcpartpicker.com/static/forever/images/product/b3b667d5bf68cf26600cd97baaa61303.256p.jpg,500 - 2150 RPM,36.49 dB,Black,240 mm,
Gelid Solutions BlackFrore,https://pcpartpicker.com/product/gGjRsY/gelid-solutions-blackfrore-379-cfm-cpu-cooler-cc-blackfrore-01-a,/static/forever/img/no-image.png,900 - 2000 RPM,20 dB,Black,,23.99
Xilence I200,https://pcpartpicker.com/product/QHHqqs/xilence-i200-409-cfm-cpu-cooler-xc030,https://m.media-amazon.com/images/I/41-B-BKLamL.jpg,2200 RPM,25 dB,Black / Silver,,13.62
Corsair iCUE H100i RGB ELITE,https://pcpartpicker.com/product/scstt6/corsair-icue-h100i-rgb-elite-591-cfm-liquid-cpu-cooler-cw-9060058-ww,https://cdna.pcpartpicker.com/static/forever/images/product/076dcbc1ba5e06eafb25c91e17dbef75.256p.jpg,400 - 1850 RPM,5 - 28.9 dB,Black,240 mm,
Deepcool AK500 ZERO DARK,https://pcpartpicker.com/product/tWYmP6/deepcool-ak500-zero-dark-6899-cfm-cpu-cooler-r-ak500-bknnmt-g-1,https://cdna.pcpartpicker.com/static/forever/images/product/63ca6be3a442b69d6033ca3a31231a21.256p.jpg,500 - 1850 RPM,25.9 - 31.5 dB,Black,,
Corsair iCUE LINK H115i RGB,https://pcpartpicker.com/product/cp3NnQ/corsair-icue-link-h115i-rgb-825-cfm-liquid-cpu-cooler-cw-9061002-ww,https://cdna.pcpartpicker.com/static/forever/images/product/a2bc08997c1a7b6d7ac43fadb8e6e929.256p.jpg,400 - 2000 RPM,,Black,280 mm,
Deepcool LS720 SE,https://pcpartpicker.com/product/yBDQzy/deepcool-ls720-se-8585-cfm-liquid-cpu-cooler-ls720-se,https://cdna.pcpartpicker.com/static/forever/images/product/f642b9e96c2961dee5f46d6b21661302.256p.jpg,500 - 2250 RPM,28.2 - 32.9 dB,Black,360 mm,
Corsair H100x,https://pcpartpicker.com/product/8mJtt6/corsair-h100x-572-cfm-liquid-cpu-cooler-cw-9060040-ww,https://cdna.pcpartpicker.com/static/forever/images/product/2191a293d407f911a0f88a2e83171bf8.256p.jpg,1700 RPM,37 dB,Black,240 mm,
Thermalright Phantom Spirit 120 Vision SNOW,https://pcpartpicker.com/product/hwZWGX/thermalright-phantom-spirit-120-vision-snow-92-cfm-cpu-cooler-phantom-spirit-120-vision-snow,https://m.media-amazon.com/images/I/51NvCbpTWEL.jpg,2150 RPM,36 dB,White,,92.59
Cooler Master Hyper 212 EVO V2,https://pcpartpicker.com/product/gmbCmG/cooler-master-hyper-212-evo-v2-62-cfm-cpu-cooler-rr-2v2e-18pk-r1,https://cdna.pcpartpicker.com/static/forever/images/product/6a4bd7668f5b99c34773f0eab64b9666.256p.jpg,650 - 1800 RPM,8 - 27 dB,Black / Silver,,
MSI MAG CORELIQUID 360R V2,https://pcpartpicker.com/product/bnPQzy/msi-mag-coreliquid-360r-v2-7873-cfm-liquid-cpu-cooler-mag-coreliquid-360r-v2,https://cdna.pcpartpicker.com/static/forever/images/product/7a8eb35e54d9877fa9c18a8fb8ef37a7.256p.jpg,500 - 2000 RPM,14.3 - 34.3 dB,Black,360 mm,
Noctua NH-U9 TR4-SP3,https://pcpartpicker.com/product/LY38TW/noctua-nh-u9-tr4-sp3-4644-cfm-cpu-cooler-nh-u9-tr4-sp3,https://cdna.pcpartpicker.com/static/forever/images/product/98ac8769ce2795903fdf6bc6fcd12c9b.256p.jpg,400 - 2000 RPM,16.3 - 22.8 dB,,,159.99
Phanteks Glacier One 360M25 G2,https://pcpartpicker.com/product/PzMXsY/phanteks-glacier-one-360m25-g2-7272-cfm-liquid-cpu-cooler-ph-go360m25g2_dwt02,https://cdna.pcpartpicker.com/static/forever/images/product/b88fd427aac7aba469370ce5a16a791b.256p.jpg,350 - 2000 RPM,35.13 dB,White,360 mm,76.99
Deepcool ASSASSIN IV,https://pcpartpicker.com/product/P4Jp99/deepcool-assassin-iv-791-cfm-cpu-cooler-r-asn4-whnnmt-g,https://cdna.pcpartpicker.com/static/forever/images/product/eb28066a0f31df8932207001666a2253.256p.jpg,500 - 1700 RPM,22.6 - 29.3 dB,White,,
Corsair iCUE LINK H150i LCD,https://pcpartpicker.com/product/4TNYcf/corsair-icue-link-h150i-lcd-631-cfm-liquid-cpu-cooler-cw-9061008-ww,https://cdna.pcpartpicker.com/static/forever/images/product/ab58f364345bbabcd7149bc7fcb72759.256p.jpg,480 - 2400 RPM,,Black,360 mm,
Corsair iCUE H170i ELITE CAPELLIX,https://pcpartpicker.com/product/HvbTwP/corsair-icue-h170i-elite-capellix-liquid-cpu-cooler-cw-9060055-ww,https://cdna.pcpartpicker.com/static/forever/images/product/2362b7257dd759eadb5d830d3234f97e.256p.jpg,2000 RPM,10 - 37 dB,Black,420 mm,
MSI MAG CORELIQUID A15,https://pcpartpicker.com/product/bygZxr/msi-mag-coreliquid-a15-6489-cfm-liquid-cpu-cooler-mag-coreliquid-a15-240,https://cdna.pcpartpicker.com/static/forever/images/product/50686e3bdd9e6168e3c031b2c83d95c2.256p.jpg,500 - 2050 RPM,28.7 dB,Black,240 mm,84.60
TRYX PANORAMA ARGB (2024),https://pcpartpicker.com/product/GG7scf/tryx-panorama-argb-6609-cfm-liquid-cpu-cooler-l-p360a-as3m-g0w,https://cdna.pcpartpicker.com/static/forever/images/product/ac141bb17c054a292b9b01a3db8a13ea.256p.jpg,500 - 1850 RPM,27.86 dB,White,360 mm,
Thermaltake TH360 V2 ARGB Sync,https://pcpartpicker.com/product/v6P8TW/thermaltake-th360-v2-argb-sync-5705-cfm-liquid-cpu-cooler-cl-w365-pl12sw-a,https://cdna.pcpartpicker.com/static/forever/images/product/e8d6aa303c33f4d3403326bbfb097111.256p.jpg,500 - 2000 RPM,25.8 dB,White,360 mm,90.99
Deepcool ASSASSIN IV VC VISION,https://pcpartpicker.com/product/dpBFf7/deepcool-assassin-iv-vc-vision-6125-cfm-cpu-cooler-r-asn4-bknvmd-g,https://cdna.pcpartpicker.com/static/forever/images/product/e0c59e3b18647c867332193eec883bed.256p.jpg,500 - 1800 RPM,29.3 dB,Black,,
Thermalright Frozen Edge,https://pcpartpicker.com/product/jFYRsY/thermalright-frozen-edge-69-cfm-liquid-cpu-cooler-fe360-white,https://m.media-amazon.com/images/I/41Cx5wkEtuL.jpg,2150 RPM,28.1 dB,White,360 mm,63.09
Asus ROG Ryujin III,https://pcpartpicker.com/product/Gjn9TW/asus-rog-ryujin-iii-716-cfm-liquid-cpu-cooler-90rc00l0-m0uay0,https://cdna.pcpartpicker.com/static/forever/images/product/3f336e06cc4f537631bcd5f0ef566a8e.256p.jpg,450 - 2000 RPM,29.7 dB,Black,360 mm,
Thermalright Hyper Vision UB ARGB,https://pcpartpicker.com/product/NV62FT/thermalright-hyper-vision-ub-argb-69-cfm-liquid-cpu-cooler-hyper-vision-360-ub-argb-black,https://cdna.pcpartpicker.com/static/forever/images/product/7dcd6844e90fc9a633f7cb0a0eba46d0.256p.jpg,2150 RPM,27 dB,Black,360 mm,120.90
KOLINK Umbra EX180,https://pcpartpicker.com/product/2jxxFT/kolink-umbra-ex180-736-cfm-cpu-cooler-pgw-cc-kol-001,https://cdna.pcpartpicker.com/static/forever/images/product/a3acedad9d1908d9ccf83c7c0bf6c627.256p.jpg,800 - 1800 RPM,28.6 dB,Black,,
Noctua NH-U9DXi4,https://pcpartpicker.com/product/hsw323/noctua-nh-u9dxi4-378-cfm-cpu-cooler-nh-u9dxi4,https://cdna.pcpartpicker.com/static/forever/images/product/b47e85473999f3d5bbc04086f8d2e398.256p.jpg,300 - 1600 RPM,13.1 - 17.6 dB,,,
Cooler Master X Dream I117,https://pcpartpicker.com/product/R4xRsY/cooler-master-x-dream-i117-365-cfm-cpu-cooler-rr-x117-18fp-r1,https://cdna.pcpartpicker.com/static/forever/images/product/0cce75ecfd1ed4563eef059a350147f9.256p.jpg,1800 RPM,,,,
Corsair iCUE LINK TITAN 240 RX RGB,https://pcpartpicker.com/product/4LzXsY/corsair-icue-link-titan-240-rx-rgb-735-cfm-liquid-cpu-cooler-cw-9061020-ww,https://cdna.pcpartpicker.com/static/forever/images/product/f1a3e6107fc32d4b70e9dd6dbc738c69.256p.jpg,300 - 2100 RPM,,White,240 mm,94.99
ENDORFY Spartan 5 ARGB,https://pcpartpicker.com/product/fCP8TW/endorfy-spartan-5-argb-cpu-cooler-ey3a002,https://cdna.pcpartpicker.com/static/forever/images/product/b0d3892844dd3a4779ae47e5fcb31ce9.256p.jpg,250 - 1500 RPM,,Black / Silver,,
Thermalright Frozen Warframe PRO ARGB,https://pcpartpicker.com/product/HgV2FT/thermalright-frozen-warframe-pro-argb-7084-cfm-liquid-cpu-cooler-fw-pro-360-argb-black,https://m.media-amazon.com/images/I/311fN3fDlTL.jpg,2000 RPM,29.8 dB,Black,360 mm,
Cooler Master Elite,https://pcpartpicker.com/product/RH7MnQ/cooler-master-elite-842-cfm-liquid-cpu-cooler-elw-d24m-a21da-rw,https://cdna.pcpartpicker.com/static/forever/images/product/c9bcad126084348bded577da6fc71922.256p.jpg,600 - 2100 RPM,39.5 dB,White,240 mm,79.98
Thermalright Frozen Infinity 240 ARGB,https://pcpartpicker.com/product/KL3NnQ/thermalright-frozen-infinity-240-argb-689-cfm-liquid-cpu-cooler-frozen-infinity-240-white,https://m.media-amazon.com/images/I/41jGa0Xyr7L.jpg,2000 RPM,28.2 dB,White,240 mm,46.90
Fractal Design Lumen S36 RGB V2,https://pcpartpicker.com/product/hp26Mp/fractal-design-lumen-s36-rgb-v2-56-cfm-liquid-cpu-cooler-fd-w-l1-s3612,https://cdna.pcpartpicker.com/static/forever/images/product/8a8ee242a049d31b5fdfb28ed97771f1.256p.jpg,500 - 2000 RPM,10 - 33.2 dB,Black,360 mm,121.99
Geometric Future Eskimo Pro 42,https://pcpartpicker.com/product/xBQKHx/geometric-future-eskimo-pro-42-9115-cfm-liquid-cpu-cooler-geo-ep-42b,https://cdna.pcpartpicker.com/static/forever/images/product/5d4d191b8b179ac7691ea045d6f726a8.256p.jpg,2400 RPM,34.2 dB,Black,420 mm,109.90
Noctua NH-U14S TR4-SP3,https://pcpartpicker.com/product/nCNypg/noctua-nh-u14s-tr4-sp3-8252-cfm-cpu-cooler-nh-u14s-tr4-sp3,https://cdna.pcpartpicker.com/static/forever/images/product/c1fedefbac0407a69d22cb532318dea5.256p.jpg,300 - 1500 RPM,19.2 - 24.6 dB,,,109.95
Thermalright Peerless Assassin,https://pcpartpicker.com/product/CwqPxr/thermalright-peerless-assassin-6617-cfm-cpu-cooler-peerless-assassin-120,https://m.media-amazon.com/images/I/515t24oZu1S.jpg,1550 RPM,25.6 dB,Gray,,37.90
Thermalright Peerless Assassin 120 Vision MAX ARGB,https://pcpartpicker.com/product/vhNscf/thermalright-peerless-assassin-120-vision-max-argb-69-cfm-cpu-cooler-pa120-vision-max-argb-black,https://m.media-amazon.com/images/I/41pkBhAcxbL.jpg,2150 RPM,27 dB,Black,,75.91
ID-COOLING SE-903-XT,https://pcpartpicker.com/product/hctLrH/id-cooling-se-903-xt-458-cfm-cpu-cooler-se-903-xt-black,https://cdna.pcpartpicker.com/static/forever/images/product/6d5bb0572a7037396468750e4aa5e25a.256p.jpg,500 - 2200 RPM,25.8 dB,Black,,
Jonsbo CR-1000 EVO ARGB Black,https://pcpartpicker.com/product/vJgrxr/jonsbo-cr-1000-evo-argb-black-5948-cfm-cpu-cooler-cr-1000-evo-argb-black,https://m.media-amazon.com/images/I/51l9nNW-A7L.jpg,600 - 1500 RPM,22 - 32 dB,Black,,29.50
Cooler Master Hyper 212 Black X Duo,https://pcpartpicker.com/product/kCbypg/cooler-master-hyper-212-black-x-duo-707-cfm-cpu-cooler-rr-s4kk-25dn-r1,https://m.media-amazon.com/images/I/41UkMM8FurL.jpg,690 - 2500 RPM,32.8 dB,Black,,66.80
Deepcool AK620 DIGITAL PRO,https://pcpartpicker.com/product/7DZWGX/deepcool-ak620-digital-pro-6089-cfm-cpu-cooler-r-ak620-bkapmn-g,https://cdna.pcpartpicker.com/static/forever/images/product/4ee373608fb5dde8a50b79fc11ed7428.256p.jpg,500 - 1750 RPM,25 dB,Black,,
Thermaltake Gravity A2,https://pcpartpicker.com/product/gPnypg/thermaltake-gravity-a2-4624-cfm-cpu-cooler-cl-p078-al09wt-a,https://cdna.pcpartpicker.com/static/forever/images/product/d852a8bc814b7647bc959bb95b587688.256p.jpg,1200 - 3500 RPM,33.5 dB,Silver / Black,,14.99
Thermalright Grand Vision ARGB,https://pcpartpicker.com/product/MHh2FT/thermalright-grand-vision-argb-69-cfm-liquid-cpu-cooler-grand-vision-360-argb-white,https://m.media-amazon.com/images/I/31gWKzlYgJL.jpg,2150 RPM,29.4 dB,White,360 mm,117.81
Thermalright SI-100,https://pcpartpicker.com/product/LHGhP6/thermalright-si-100-7237-cfm-cpu-cooler-si-100-black,https://m.media-amazon.com/images/I/41VcxNI+w8L.jpg,2000 RPM,27.7 dB,Black,,26.90
Gigabyte AORUS WATERFORCE II 240,https://pcpartpicker.com/product/76jRsY/gigabyte-aorus-waterforce-ii-240-6495-cfm-liquid-cpu-cooler-aorus-waterforce-ii-240,https://cdna.pcpartpicker.com/static/forever/images/product/a1f242f4c38493011a406901966e1b2b.256p.jpg,800 - 2300 RPM,12.8 - 36.9 dB,Black,240 mm,89.99
Thermalright Assassin King 120 MINI V2,https://pcpartpicker.com/product/L7dG3C/thermalright-assassin-king-120-mini-v2-6487-cfm-cpu-cooler-ak120-mini-v2,https://m.media-amazon.com/images/I/41urKMAGk6L.jpg,1500 RPM,25.6 dB,Black / Silver,,
Intel BXTS15A,https://pcpartpicker.com/product/YykwrH/intel-cpu-cooler-bxts15a,https://cdna.pcpartpicker.com/static/forever/images/product/280d252d32bb3a756693954f47de8af2.256p.jpg,1000 - 3850 RPM,,,,
ASRock Pro ARGB,https://pcpartpicker.com/product/qRXMnQ/asrock-pro-argb-626-cfm-liquid-cpu-cooler-90-apra36-baaga6,https://cdna.pcpartpicker.com/static/forever/images/product/62f68df275dd7e55fd8164ca84664598.256p.jpg,,31 dB,Black,360 mm,59.99
ID-COOLING FX360 PRO,https://pcpartpicker.com/product/VkGhP6/id-cooling-fx360-pro-825-cfm-liquid-cpu-cooler-fx360-pro-white,https://m.media-amazon.com/images/I/41Ocrx8XtpL.jpg,500 - 1800 RPM,35.2 dB,White,360 mm,
Thermalright Frozen Prism,https://pcpartpicker.com/product/TMMMnQ/thermalright-frozen-prism-704-cfm-liquid-cpu-cooler-frozen-prism-240-black,https://m.media-amazon.com/images/I/31gZD4lY5EL.jpg,1850 RPM,27 dB,Black,240 mm,43.11
KOLINK Umbra EX180 Black Edition,https://pcpartpicker.com/product/byzXsY/kolink-umbra-ex180-black-edition-736-cfm-cpu-cooler-pgw-cc-kol-002,https://cdna.pcpartpicker.com/static/forever/images/product/7146b23dae711539b5e91f0f2961589b.256p.jpg,800 - 1800 RPM,28.6 dB,Black,,52.07
Cooler Master Elite,https://pcpartpicker.com/product/7Z9nTW/cooler-master-elite-842-cfm-liquid-cpu-cooler-elw-d36m-a21da-rw,https://cdna.pcpartpicker.com/static/forever/images/product/1c610a4667f00c66c77a912d145f47ca.256p.jpg,600 - 2100 RPM,39.5 dB,White,360 mm,65.19
Cooler Master MasterLiquid 360 Core II,https://pcpartpicker.com/product/pq4Pxr/cooler-master-masterliquid-360-core-ii-707-cfm-liquid-cpu-cooler-mlw-d36m-a18pa-rw,https://m.media-amazon.com/images/I/31HNMTlyoIL.jpg,600 - 1750 RPM,30 dB,White,360 mm,95.87
Fractal Design Lumen S28 RGB V2,https://pcpartpicker.com/product/gvKscf/fractal-design-lumen-s28-rgb-v2-78-cfm-liquid-cpu-cooler-fd-w-l1-s2812,https://cdna.pcpartpicker.com/static/forever/images/product/c1fa94b7baddf7fa1f6c0c03c90524f4.256p.jpg,500 - 1700 RPM,10 - 35.5 dB,Black,280 mm,119.00
Vetroo V360,https://pcpartpicker.com/product/n9mmP6/vetroo-v360-52-cfm-liquid-cpu-cooler-vt-aio-v360-bk,https://cdna.pcpartpicker.com/static/forever/images/product/b09df0612cbd8cb35346a5d2ac6a5437.256p.jpg,800 - 1800 RPM,30.8 dB,Black,360 mm,
Cooler Master Wraith Ripper,https://pcpartpicker.com/product/6rhKHx/cooler-master-wraith-ripper-764-cfm-cpu-cooler-mam-d7pn-dwrps-t1,https://images-fe.ssl-images-amazon.com/images/I/41TU5YjchHL.jpg,,0 - 38 dB,Black,,299.00
KOLINK Umbra Void,https://pcpartpicker.com/product/jvxxFT/kolink-umbra-void-652-cfm-liquid-cpu-cooler-pgw-cc-kol-005,https://cdna.pcpartpicker.com/static/forever/images/product/a124887b212f53f3e3e683069f1e66fc.256p.jpg,2200 RPM,30 dB,Black,360 mm,150.50
Cooler Master MasterLiquid Atmos II LCD,https://pcpartpicker.com/product/4Rh2FT/cooler-master-masterliquid-atmos-ii-lcd-190-cfm-liquid-cpu-cooler-mlx-d36m-a25sz-l1,https://cdna.pcpartpicker.com/static/forever/images/product/c1258eb817dea1dc0befcc1520b03965.256p.jpg,690 - 2500 RPM,38.5 dB,Black,360 mm,211.19
ASRock Challenger Digital,https://pcpartpicker.com/product/FZ3WGX/asrock-challenger-digital-626-cfm-liquid-cpu-cooler-90-acla36-waaga6,https://cdna.pcpartpicker.com/static/forever/images/product/d2aedda3fc5a0cf589ab12fa4848adc1.256p.jpg,,31 dB,White,360 mm,89.99
Asus Prime LC 240 ARGB,https://pcpartpicker.com/product/sd3NnQ/asus-prime-lc-240-argb-757-cfm-liquid-cpu-cooler-prime-lc-240-argb,https://cdna.pcpartpicker.com/static/forever/images/product/5e5db6673cb3e7cd5e1f4a104444a1d7.256p.jpg,600 - 2200 RPM,,Black,240 mm,173.54
Deepcool AG400 PLUS,https://pcpartpicker.com/product/sxHqqs/deepcool-ag400-plus-7589-cfm-cpu-cooler-r-ag400-bknnmd-g,https://cdna.pcpartpicker.com/static/forever/images/product/67505015d8803aa628f304bde43d94c8.256p.jpg,500 - 2000 RPM,,Black / Silver,,
NZXT Kraken M22,https://pcpartpicker.com/product/fmx2FT/nzxt-kraken-m22-liquid-cpu-cooler-rl-krm22-01,https://cdna.pcpartpicker.com/static/forever/images/product/a41b71dcdc35de1f04d153d174a0e10e.256p.jpg,500 - 2000 RPM,21 - 36 dB,Black,120 mm,89.99
Asus ROG RYUO III 240 ARGB,https://pcpartpicker.com/product/78Fbt6/asus-rog-ryuo-iii-240-argb-7007-cfm-liquid-cpu-cooler-rog-ryuo-iii-240-argb,https://cdna.pcpartpicker.com/static/forever/images/product/6a05bcd998466123f06f10896fb9183d.256p.jpg,2200 RPM,36.45 dB,Black,240 mm,149.99
ARCTIC Liquid Freezer III 360 A-RGB,https://pcpartpicker.com/product/cdP8TW/arctic-liquid-freezer-iii-360-a-rgb-4882-cfm-liquid-cpu-cooler-acfre00152a,https://cdna.pcpartpicker.com/static/forever/images/product/78ddcad28cc97e597946e8827bfd741c.256p.jpg,200 - 2000 RPM,,White,360 mm,
MSI MAG CORELIQUID E360 WHITE,https://pcpartpicker.com/product/kgCZxr/msi-mag-coreliquid-e360-white-7504-cfm-liquid-cpu-cooler-mag-coreliquid-e360-white,https://cdna.pcpartpicker.com/static/forever/images/product/eaef12e213bf77e4060efce016b9f6ed.256p.jpg,,,White,360 mm,102.00
Deepcool LE360 V2,https://pcpartpicker.com/product/yW62FT/deepcool-le360-v2-7589-cfm-liquid-cpu-cooler-r-le360-whammn-g-2,https://cdna.pcpartpicker.com/static/forever/images/product/fad7f18aa9fe01c05df045eeb6dba348.256p.jpg,500 - 2100 RPM,31.6 dB,White,360 mm,
Corsair H100i RGB PLATINUM SE,https://pcpartpicker.com/product/XzDJ7P/corsair-h100i-rgb-platinum-se-63-cfm-liquid-cpu-cooler-cw-9060042-ww,https://m.media-amazon.com/images/I/41zYoQtArkL.jpg,2200 RPM,36 dB,White,240 mm,
Corsair iCUE H100x RGB ELITE,https://pcpartpicker.com/product/2RBzK8/corsair-icue-h100x-rgb-elite-4773-cfm-liquid-cpu-cooler-cw-9060065-ww,https://cdna.pcpartpicker.com/static/forever/images/product/910431067172593d99eb5c6c6f6ca70e.256p.jpg,1500 RPM,7 - 28 dB,Black,240 mm,
NZXT Kraken Elite 240 RGB,https://pcpartpicker.com/product/d6rqqs/nzxt-kraken-elite-240-rgb-7802-cfm-liquid-cpu-cooler-rl-kr24e-w1,https://cdna.pcpartpicker.com/static/forever/images/product/6f683f6bee595e3b641933df52ecff8f.256p.jpg,500 - 1800 RPM,17.9 - 30.6 dB,White,240 mm,
Lian Li Galahad II LCD,https://pcpartpicker.com/product/NTNYcf/lian-li-galahad-ii-lcd-799-cfm-liquid-cpu-cooler-ga2alcd36w,https://cdna.pcpartpicker.com/static/forever/images/product/e03b1960a13646e4500e06981143cfb5.256p.jpg,300 - 2450 RPM,30 dB,White,360 mm,253.30
Scythe Mugen 6,https://pcpartpicker.com/product/k6bRsY/scythe-mugen-6-6029-cfm-cpu-cooler-scmg-6000,https://cdna.pcpartpicker.com/static/forever/images/product/903007f7faf8d269ca7703ec64a4fafe.256p.jpg,300 - 2000 RPM,3 - 26.88 dB,Black,,46.99
ID-COOLING IS-47-XT,https://pcpartpicker.com/product/zPn9TW/id-cooling-is-47-xt-46-cfm-cpu-cooler-is-47-xt,https://m.media-amazon.com/images/I/415xEknFdLL.jpg,800 - 2800 RPM,32.5 dB,Black,,
Thermalright Frozen Warframe 240 SE ARGB,https://pcpartpicker.com/product/qYLp99/thermalright-frozen-warframe-240-se-argb-7084-cfm-liquid-cpu-cooler-frozen-warframe-240-se-argb-white,https://cdna.pcpartpicker.com/static/forever/images/product/1f97dcafa1a7df9827b2ed3e0469e174.256p.jpg,2000 RPM,29.8 dB,White,240 mm,
Deepcool LS520,https://pcpartpicker.com/product/xcD7YJ/deepcool-ls520-8585-cfm-liquid-cpu-cooler-r-ls520-bkamnt-g-1,https://cdna.pcpartpicker.com/static/forever/images/product/75962fc9c4adde608dc99f2d6cfcc855.256p.jpg,500 - 2250 RPM,32.9 dB,Black,240 mm,
Corsair H100i PRO RGB,https://pcpartpicker.com/product/hmBTwP/corsair-h100i-pro-rgb-75-cfm-liquid-cpu-cooler-cw-9060033-ww,https://cdna.pcpartpicker.com/static/forever/images/product/727b2d396d060c5982ad3fa62e0fdd42.256p.jpg,2400 RPM,37 dB,Black,240 mm,
Xilence A250PWM,https://pcpartpicker.com/product/RWpQzy/xilence-a250pwm-495-cfm-cpu-cooler-xc035,https://cdna.pcpartpicker.com/static/forever/images/product/f7801e59134d6ae8f2be73436ae9d081.256p.jpg,1000 - 2800 RPM,17.8 - 32 dB,Red / Black,,18.87
Cooler Master MasterLiquid 240L Core,https://pcpartpicker.com/product/DkZXsY/cooler-master-masterliquid-240l-core-7193-cfm-liquid-cpu-cooler-mlw-d24m-a17pk-r1,https://cdna.pcpartpicker.com/static/forever/images/product/e5af7ec36bfcd7d4bc14e4523e27c9cc.256p.jpg,650 - 1750 RPM,27.2 dB,Black,240 mm,117.18
Montech NX600,https://pcpartpicker.com/product/FHDnTW/montech-nx600-8509-cfm-cpu-cooler-nx600-white,https://cdna.pcpartpicker.com/static/forever/images/product/2690f3c09941df265ee21382f799f674.256p.jpg,800 - 2000 RPM,34.17 dB,White,,26.64
be quiet! Pure Rock 2 FX,https://pcpartpicker.com/product/2L3gXL/be-quiet-pure-rock-2-fx-cpu-cooler-bk033,https://cdna.pcpartpicker.com/static/forever/images/product/6c8d81d6a381f89132093a4b0707e1f8.256p.jpg,,7.9 - 24.4 dB,Black,,52.88
Lian Li Galahad II Lite Performance,https://pcpartpicker.com/product/Xn62FT/lian-li-galahad-ii-lite-performance-7314-cfm-liquid-cpu-cooler-ga2l24pb,https://cdna.pcpartpicker.com/static/forever/images/product/ea5f06689ceb7e4c9f1bb4fc0464e068.256p.jpg,200 - 2500 RPM,29.8 dB,Black,240 mm,79.99
Thermalright Assassin King SE ARGB,https://pcpartpicker.com/product/9Gstt6/thermalright-assassin-king-se-argb-6617-cfm-cpu-cooler-ak120-se-argb-d6,https://m.media-amazon.com/images/I/41neYnEZjmL.jpg,1550 RPM,25.6 dB,Silver / Gray,,18.59
Noctua NH-C14S,https://pcpartpicker.com/product/kykwrH/noctua-nh-c14s-8252-cfm-cpu-cooler-nh-c14s,https://cdna.pcpartpicker.com/static/forever/images/product/224a71c7ddb83507e50721fd3424e7f7.256p.jpg,300 - 1500 RPM,19.2 - 24.6 dB,,,89.95
Corsair iCUE LINK H150i LCD,https://pcpartpicker.com/product/fLjRsY/corsair-icue-link-h150i-lcd-631-cfm-liquid-cpu-cooler-cw-9061010-ww,https://cdna.pcpartpicker.com/static/forever/images/product/0ad0f6d02af617a5087c95a74b0313b8.256p.jpg,480 - 2400 RPM,,White,360 mm,
Cooler Master MasterLiquid ML240 Illusion,https://pcpartpicker.com/product/4tGbt6/cooler-master-masterliquid-ml240-illusion-liquid-cpu-cooler-mlx-d24m-a18p2-r1,https://cdna.pcpartpicker.com/static/forever/images/product/628b6b76bd5c0ee6aadc29d45638bd9d.256p.jpg,650 - 1800 RPM,6 - 30 dB,Black,240 mm,72.52
Thermaltake TH120 V2 ARGB Sync,https://pcpartpicker.com/product/YRqrxr/thermaltake-th120-v2-argb-sync-5705-cfm-liquid-cpu-cooler-cl-w360-pl12sw-a,https://cdna.pcpartpicker.com/static/forever/images/product/7ed552c92bcd8ade385387f08209575f.256p.jpg,500 - 2000 RPM,25.8 dB,Black,120 mm,69.98
Thermalright Aqua Elite ARGB V2,https://pcpartpicker.com/product/hb9wrH/thermalright-aqua-elite-argb-v2-689-cfm-liquid-cpu-cooler-aqua-elite-360-black-argb-v2,https://m.media-amazon.com/images/I/31Jw6qESkeL.jpg,2000 RPM,28.2 dB,,360 mm,
Montech LightFlow ARGB,https://pcpartpicker.com/product/qNjv6h/montech-lightflow-argb-7873-cfm-liquid-cpu-cooler-lightflow-argb-360-white,https://cdna.pcpartpicker.com/static/forever/images/product/c0e7bff44d93618fdad102de98302967.256p.jpg,600 - 2000 RPM,34.3 dB,White,360 mm,65.01
Thermalright Assassin King 90,https://pcpartpicker.com/product/ddstt6/thermalright-assassin-king-90-44-cfm-cpu-cooler-assassin-king-90-d3,https://m.media-amazon.com/images/I/41s+YkMfsdL.jpg,2500 RPM,27.3 dB,Black / Silver,,25.90
Deepcool LE720,https://pcpartpicker.com/product/QX26Mp/deepcool-le720-8585-cfm-liquid-cpu-cooler-r-le720-bkammn-g-1,https://cdna.pcpartpicker.com/static/forever/images/product/6e808a9411c7a35c63e448e1019ada10.256p.jpg,500 - 2250 RPM,32.9 dB,Black,360 mm,
ENDORFY Spartan 5 MAX ARGB,https://pcpartpicker.com/product/NZCZxr/endorfy-spartan-5-max-argb-cpu-cooler-ey3a004,https://cdna.pcpartpicker.com/static/forever/images/product/7ab1ca79dcc1ea281890b8d08bbfd10d.256p.jpg,250 - 1500 RPM,,Black / Silver,,
Thermalright Frozen Notte ARGB V2,https://pcpartpicker.com/product/z2cgXL/thermalright-frozen-notte-argb-v2-7237-cfm-liquid-cpu-cooler-frozen-notte-360-black-argb-v2,https://cdna.pcpartpicker.com/static/forever/images/product/f6e0483295ff670534b8eb28eeef4554.256p.jpg,2000 RPM,27.7 dB,Black,360 mm,
Razer Hanbo Chroma,https://pcpartpicker.com/product/GPNxFT/razer-hanbo-chroma-liquid-cpu-cooler-rc21-01770200-r3m1,https://cdna.pcpartpicker.com/static/forever/images/product/7d0f4e371608a86e8765ef6e0eed9ffe.256p.jpg,,,Black,360 mm,
Asus ROG RYUJIN II ARGB,https://pcpartpicker.com/product/yk2WGX/asus-rog-ryujin-ii-argb-7007-cfm-liquid-cpu-cooler-rog-ryujin-ii-240-argb,https://cdna.pcpartpicker.com/static/forever/images/product/b5132345791aba8e349d990eb770c8e5.256p.jpg,,,Black,240 mm,229.99
NZXT Kraken X62,https://pcpartpicker.com/product/bqBrxr/nzxt-kraken-x62-liquid-cpu-cooler-rl-krx62-01,https://cdna.pcpartpicker.com/static/forever/images/product/88a46cbc0fb9422db89ab2d7c1b81e88.256p.jpg,500 - 1800 RPM,21 - 38 dB,,280 mm,
NZXT T120,https://pcpartpicker.com/product/G2pzK8/nzxt-t120-7802-cfm-cpu-cooler-rc-tn120-w1,https://cdna.pcpartpicker.com/static/forever/images/product/6ffb79be2b5a5ce66c77d24fb384aa25.256p.jpg,500 - 1800 RPM,17.9 - 30.6 dB,White,,
Montech NX400,https://pcpartpicker.com/product/d4jv6h/montech-nx400-8509-cfm-cpu-cooler-nx400b,https://cdna.pcpartpicker.com/static/forever/images/product/3b5d41d9685e68177ddc383364a2438c.256p.jpg,8000 - 2000 RPM,34.17 dB,Black / Silver,,25.90
Asus ROG STRIX LC III ARGB LCD,https://pcpartpicker.com/product/fyYRsY/asus-rog-strix-lc-iii-argb-lcd-7038-cfm-liquid-cpu-cooler-rog-strix-lc-iii-360-argb-lcd-wht,https://cdna.pcpartpicker.com/static/forever/images/product/185c303046c22e5b2cbe42712ebd23d2.256p.jpg,800 - 2200 RPM,36 dB,White,360 mm,266.99
Noctua NH-L12 Ghost S1,https://pcpartpicker.com/product/bq848d/noctua-nh-l12-ghost-s1-378-cfm-cpu-cooler-nh-l12-ghost-s1,https://m.media-amazon.com/images/I/41DBGTctKJL.jpg,300 - 1600 RPM,13.1 - 17.6 dB,Silver / Beige,,74.95
Thermaltake TH240 ARGB Sync,https://pcpartpicker.com/product/tvJmP6/thermaltake-th240-argb-sync-5928-cfm-liquid-cpu-cooler-cl-w286-pl12sw-a,https://cdna.pcpartpicker.com/static/forever/images/product/b8acde12de94203ad5783f69b8821f14.256p.jpg,1500 RPM,28.2 dB,Black,240 mm,
Jonsbo CR-1000,https://pcpartpicker.com/product/FPn9TW/jonsbo-cr-1000-6681-cfm-cpu-cooler-cr-1000,https://cdna.pcpartpicker.com/static/forever/images/product/b7c2a068e38a4440f13dfe6b94edf5ab.256p.jpg,700 - 1800 RPM,20.55 - 37.2 dB,Black,,
NZXT Kraken Elite 240,https://pcpartpicker.com/product/GfvD4D/nzxt-kraken-elite-240-7802-cfm-liquid-cpu-cooler-rl-kn24e-b1,https://cdna.pcpartpicker.com/static/forever/images/product/0ee69c6ef6b011bd7b1931075f77120e.256p.jpg,500 - 1800 RPM,17.9 - 30.6 dB,Black,240 mm,239.99
PC Cooler DS360,https://pcpartpicker.com/product/4ypD4D/pc-cooler-ds360-8673-cfm-liquid-cpu-cooler-ds360-bk,https://m.media-amazon.com/images/I/31ACh0iVFyL.jpg,500 - 2200 RPM,32 dB,Black,360 mm,199.00
ENDORFY Fera 5 Dual Fan,https://pcpartpicker.com/product/Ccqrxr/endorfy-fera-5-dual-fan-cpu-cooler-ey3a006,https://cdna.pcpartpicker.com/static/forever/images/product/1b394cf30c004439ab3814659dc809a3.256p.jpg,250 - 1800 RPM,,Black / Silver,,
Corsair iCUE LINK TITAN 240 RX LCD,https://pcpartpicker.com/product/Bxhv6h/corsair-icue-link-titan-240-rx-lcd-735-cfm-liquid-cpu-cooler-cw-9061025-ww,https://cdna.pcpartpicker.com/static/forever/images/product/13db909cbc2a77e7c6b9132c1ec4f526.256p.jpg,300 - 2100 RPM,10 - 36 dB,White,240 mm,191.99
Deepcool AG620,https://pcpartpicker.com/product/GCjBD3/deepcool-ag620-6788-cfm-cpu-cooler-r-ag620-bknnmn-g-1,https://cdna.pcpartpicker.com/static/forever/images/product/c6c3472d10c480f950995c0b7009ac0a.256p.jpg,300 - 1850 RPM,29.4 dB,Black / Silver,,
Thermaltake UX400 RGB,https://pcpartpicker.com/product/7fm2FT/thermaltake-ux400-rgb-6272-cfm-cpu-cooler-cl-p143-al12sw-a,https://cdna.pcpartpicker.com/static/forever/images/product/4d0a32ddf5c78d9d95a2746d9842b617.256p.jpg,700 - 1800 RPM,25 dB,White / Silver,,29.98
ID-COOLING FROZN A620 GDL,https://pcpartpicker.com/product/ZpxxFT/id-cooling-frozn-a620-gdl-78-cfm-cpu-cooler-frozn-a620-gdl,https://m.media-amazon.com/images/I/41qZ7mLEv8L.jpg,500 - 2000 RPM,29.9 dB,Black / Gold,,42.99
Phanteks Glacier One D30 X2,https://pcpartpicker.com/product/Q7vscf/phanteks-glacier-one-d30-x2-7272-cfm-liquid-cpu-cooler-ph-go360d30_dwt02,https://cdna.pcpartpicker.com/static/forever/images/product/bae637e7d16d1e514598978fb0d5f746.256p.jpg,250 - 2000 RPM,35.13 dB,White,360 mm,136.99
RAIJINTEK JUNO-X,https://pcpartpicker.com/product/qK448d/raijintek-juno-x-520-cfm-cpu-cooler-0r100060,https://cdna.pcpartpicker.com/static/forever/images/product/7a85e43ff4c9eddd493e3088d3f81a73.256p.jpg,1200 - 2500 RPM,26 dB,Black,,
Cooler Master V4 Alpha 3DHP,https://pcpartpicker.com/product/wQNscf/cooler-master-v4-alpha-3dhp-631-cfm-cpu-cooler-maz-t2hp-217pk-r1,https://cdna.pcpartpicker.com/static/forever/images/product/c63f45ba840a6764cb62c30df6a15573.256p.jpg,,22.6 dB,Black / Silver,,34.19
NZXT Kraken Z53,https://pcpartpicker.com/product/hdsnTW/nzxt-kraken-z53-7311-cfm-liquid-cpu-cooler-rl-krz53-01,https://cdna.pcpartpicker.com/static/forever/images/product/e84673309feba343ba83c6a99439e1a6.256p.jpg,500 - 2000 RPM,21 - 36 dB,Black,240 mm,
Thermalright Peerless Assassin MINI,https://pcpartpicker.com/product/6T9wrH/thermalright-peerless-assassin-mini-6687-cfm-cpu-cooler-peerless-assassin-120-mini-white,https://cdna.pcpartpicker.com/static/forever/images/product/03c13ead8c4d4bf42d9f69696dfb6ab9.256p.jpg,1500 RPM,25.6 dB,White,,
Vetroo V5,https://pcpartpicker.com/product/sMTp99/vetroo-v5-52-cfm-cpu-cooler-vt-cpu-v5-wt,https://m.media-amazon.com/images/I/41mdk-estGL.jpg,800 - 1700 RPM,30.8 dB,White,,27.99
be quiet! Pure Loop 3 LX,https://pcpartpicker.com/product/H6Lp99/be-quiet-pure-loop-3-lx-liquid-cpu-cooler-bw030,https://cdna.pcpartpicker.com/static/forever/images/product/ccc03f1bb8dbc6e0f7be16bca348b3f3.256p.jpg,2100 RPM,15.5 - 35 dB,Black,240 mm,94.90
Thermalright Hyper Vision UB ARGB,https://pcpartpicker.com/product/LNQwrH/thermalright-hyper-vision-ub-argb-69-cfm-liquid-cpu-cooler-hyper-vision-360-ub-argb-white,https://cdna.pcpartpicker.com/static/forever/images/product/21cc6574fbf61cf85b221a87feeaa130.256p.jpg,2150 RPM,27 dB,White,360 mm,120.90
Noctua NH-L9x65 SE-AM4,https://pcpartpicker.com/product/VHtWGX/noctua-nh-l9x65-se-am4-cpu-cooler-nh-l9x65-se-am4,https://cdna.pcpartpicker.com/static/forever/images/product/8908f54ec97a1262296a05ef496f0973.256p.jpg,600 - 2500 RPM,14.8 - 23.6 dB,,,59.95
Noctua NH-D14,https://pcpartpicker.com/product/46tCmG/noctua-nh-d14-6495-cfm-cpu-cooler-nh-d14,https://cdna.pcpartpicker.com/static/forever/images/product/f56aa3303c9d422e0185a480bd65ac94.256p.jpg,900 - 1200 RPM,12.6 - 19.8 dB,,,
Lian Li Galahad II Trinity,https://pcpartpicker.com/product/yMTZxr/lian-li-galahad-ii-trinity-799-cfm-liquid-cpu-cooler-ga2t24b,https://cdna.pcpartpicker.com/static/forever/images/product/043df61fe845ef21fdf5e4be6abf1ae8.256p.jpg,2450 RPM,35.4 dB,Black,240 mm,175.00
Valkyrie Vind 125 SL,https://pcpartpicker.com/product/Lzvscf/valkyrie-vind-125-sl-80-cfm-cpu-cooler-vk-airsl125b,https://cdna.pcpartpicker.com/static/forever/images/product/2a711f413180b050af0d3720d234bd76.256p.jpg,800 - 2150 RPM,29 dB,Black,,64.98
ARCTIC Freezer 8A CO,https://pcpartpicker.com/product/4dG2FT/arctic-freezer-8a-co-cpu-cooler-acfre00162a,https://cdna.pcpartpicker.com/static/forever/images/product/ccc2341ab191b54cfd6a0bf6be4c4619.256p.jpg,200 - 2300 RPM,,Black / Silver,,22.99
Thermaltake TH360 V2 Ultra ARGB Sync,https://pcpartpicker.com/product/MJBzK8/thermaltake-th360-v2-ultra-argb-sync-5705-cfm-liquid-cpu-cooler-cl-w384-pl12sw-a,https://cdna.pcpartpicker.com/static/forever/images/product/5bbe33103c1f0d1233f3534b5c79c9eb.256p.jpg,500 - 1800 RPM,25.8 dB,Black,360 mm,139.99
Montech NX400 ARGB,https://pcpartpicker.com/product/vz9nTW/montech-nx400-argb-8509-cfm-cpu-cooler-nx400argbw,https://cdna.pcpartpicker.com/static/forever/images/product/0275f201f5156481e79a2d25e8657901.256p.jpg,8000 - 2000 RPM,34.17 dB,White / Silver,,29.90
Asus ROG STRIX LC II,https://pcpartpicker.com/product/tYZ9TW/asus-rog-strix-lc-ii-8095-cfm-liquid-cpu-cooler-rog-strix-lc-ii-240,https://cdna.pcpartpicker.com/static/forever/images/product/a1322ff1a8d1304c4dde95213a647c13.256p.jpg,800 - 2500 RPM,37.6 dB,Black,240 mm,
Corsair H60,https://pcpartpicker.com/product/Vwdqqs/corsair-h60-54-cfm-liquid-cpu-cooler-h60-cw-9060007-ww,https://cdna.pcpartpicker.com/static/forever/images/product/5b1cca965bf6c4b2f693a61206ec89e5.256p.jpg,2000 RPM,30.85 dB,,120 mm,
Thermaltake MAGFloe 420 Ultra ARGB Sync,https://pcpartpicker.com/product/7CFCmG/thermaltake-magfloe-420-ultra-argb-sync-816-cfm-liquid-cpu-cooler-cl-w451-pl14sw-a,https://m.media-amazon.com/images/I/31vF7il0E3L.jpg,500 - 2000 RPM,34.5 dB,Black,420 mm,259.99
Ocypus Gamma A40 ARGB,https://pcpartpicker.com/product/KB9nTW/ocypus-gamma-a40-argb-41-cfm-cpu-cooler-gamma-a40-bk1aawn00x-gl,/static/forever/img/no-image.png,600 - 2400 RPM,29.5 dB,Black,,
Thermalright Assassin King 120 Mini WHITE ARGB V3,https://pcpartpicker.com/product/8LBzK8/thermalright-assassin-king-120-mini-white-argb-v3-6487-cfm-cpu-cooler-ak120-mini-white-argb-v3,https://m.media-amazon.com/images/I/41243NZA8kL.jpg,1500 RPM,25.6 dB,White / Silver,,
Ocypus Delta A40 ARGB,https://pcpartpicker.com/product/zxLdnQ/ocypus-delta-a40-argb-73-cfm-cpu-cooler-delta-a40-bk-argb,/static/forever/img/no-image.png,500 - 2000 RPM,29 dB,Black,,19.98
Montech NX600 ARGB,https://pcpartpicker.com/product/33kqqs/montech-nx600-argb-8509-cfm-cpu-cooler-nx600-argb-black,https://cdna.pcpartpicker.com/static/forever/images/product/43cd3c162fbd2c54f4fd8fe4580681f9.256p.jpg,800 - 2000 RPM,34.17 dB,Black,,33.90
HYTE THICC Q80 Trio,https://pcpartpicker.com/product/ngwD4D/hyte-thicc-q80-trio-1058-cfm-liquid-cpu-cooler-fan-hyte-q80t-ww,https://cdna.pcpartpicker.com/static/forever/images/product/67b3f53a71f8dcf733bd48d34c67f9a4.256p.jpg,1 - 3000 RPM,10 - 47.3 dB,White,360 mm,349.99
HYTE THICC Q60,https://pcpartpicker.com/product/qrCZxr/hyte-thicc-q60-1058-cfm-liquid-cpu-cooler-fan-hyte-q60-bw,https://cdna.pcpartpicker.com/static/forever/images/product/98db781754cf4f9cdd4ce2f90a622976.256p.jpg,,10 - 47.3 dB,White / Black,240 mm,
Corsair iCUE H100i ELITE CAPELLIX XT,https://pcpartpicker.com/product/bjXV3C/corsair-icue-h100i-elite-capellix-xt-6557-cfm-liquid-cpu-cooler-cw-9060068-ww,https://cdna.pcpartpicker.com/static/forever/images/product/8de314f804023029ef40cf2f02b00a2d.256p.jpg,550 - 2100 RPM,5 - 34.1 dB,Black,240 mm,
Deepcool GAMMAXX 400 V2,https://pcpartpicker.com/product/x2JmP6/deepcool-gammaxx-400-v2-645-cfm-cpu-cooler-dp-mch4-gmx400v2-bl,https://cdna.pcpartpicker.com/static/forever/images/product/53a5d1db1aded6277f8d74a57d3f1a70.256p.jpg,500 - 1650 RPM,,Black / Blue,,
Thermalright Frozen Edge,https://pcpartpicker.com/product/WhYRsY/thermalright-frozen-edge-69-cfm-liquid-cpu-cooler-fe240-white,https://m.media-amazon.com/images/I/41cDTbkvibL.jpg,2150 RPM,28.1 dB,White,240 mm,45.90
Thermalright AXP90-X53,https://pcpartpicker.com/product/Fb92FT/thermalright-axp90-x53-4258-cfm-cpu-cooler-axp90-x53-black,https://m.media-amazon.com/images/I/41CdEaGI9EL.jpg,2700 RPM,22.4 dB,Black,,
Scythe FUMA 2,https://pcpartpicker.com/product/YsHRsY/scythe-fuma-2-5117-cfm-cpu-cooler-scfm-2000,https://m.media-amazon.com/images/I/51m02ck62PL.jpg,300 - 1200 RPM,2.7 - 24.9 dB,Black / Silver,,
Deepcool LS720S ZERO DARK,https://pcpartpicker.com/product/47BzK8/deepcool-ls720s-zero-dark-8585-cfm-liquid-cpu-cooler-r-ls720-bknnmm-g-1,https://cdna.pcpartpicker.com/static/forever/images/product/7cca116c2c6a2bb9ae3c7e8fd83d5f9f.256p.jpg,500 - 2250 RPM,28.2 - 32.9 dB,Black,360 mm,
Deepcool GAMMAXX AG400 ARGB,https://pcpartpicker.com/product/6KWzK8/deepcool-ag400-argb-7589-cfm-cpu-cooler-r-ag400-whanmc-g-2,https://cdna.pcpartpicker.com/static/forever/images/product/981f892b75da98ea352c925e7b419701.256p.jpg,500 - 2000 RPM,31.6 dB,White,,
ID-COOLING FROSTFLOW X,https://pcpartpicker.com/product/MjJmP6/id-cooling-frostflow-x-745-cfm-liquid-cpu-cooler-frostflow-x-240,https://cdna.pcpartpicker.com/static/forever/images/product/e35753cbf265ef2b0edebf1c84825012.256p.jpg,700 - 1800 RPM,18 - 35.2 dB,,240 mm,
Antec Symphony ARGB,https://pcpartpicker.com/product/YcGhP6/antec-symphony-argb-72-cfm-liquid-cpu-cooler-0-761345-74042-5,https://cdna.pcpartpicker.com/static/forever/images/product/c847d195ddbe0bcd3afded2d7b9cbfd1.256p.jpg,800 - 1600 RPM,20 - 35 dB,White,360 mm,107.38
Deepcool AK620 DIGITAL WH,https://pcpartpicker.com/product/K9yH99/deepcool-ak620-digital-wh-6899-cfm-cpu-cooler-r-ak620-whadmn-g,https://cdna.pcpartpicker.com/static/forever/images/product/0e92d3459917bf3592be3db897aac305.256p.jpg,500 - 1850 RPM,28 dB,White,,
Cooler Master Hyper H412R,https://pcpartpicker.com/product/vbfhP6/cooler-master-hyper-h412r-341-cfm-cpu-cooler-rr-h412-20pk-r2,https://cdna.pcpartpicker.com/static/forever/images/product/fe5031b3f7914a71ac0b61fa3e318216.256p.jpg,600 - 2000 RPM,29.4 dB,Black,,
Vetroo V240,https://pcpartpicker.com/product/qpnypg/vetroo-v240-52-cfm-liquid-cpu-cooler-vt-aio-v240-wt,https://m.media-amazon.com/images/I/41MKt-RUXfL.jpg,800 - 1800 RPM,30.8 dB,White / Gray,240 mm,
ARCTIC Freezer 36 CO,https://pcpartpicker.com/product/MV9wrH/arctic-freezer-36-co-cpu-cooler-acfre00122a,/static/forever/img/no-image.png,200 - 1800 RPM,,Black / Silver,,30.27
Alphacool Core Ocean T38,https://pcpartpicker.com/product/s8mNnQ/alphacool-core-ocean-t38-923-cfm-liquid-cpu-cooler-13054,https://cdna.pcpartpicker.com/static/forever/images/product/ac05e6673867fb91d4ef6d64b8a054ca.256p.jpg,,0 - 36 dB,Black,420 mm,74.99
ID-COOLING FROZN A410 SE ARGB,https://pcpartpicker.com/product/rKP8TW/id-cooling-frozn-a410-se-argb-58-cfm-cpu-cooler-frozn-a410-se-argb,https://m.media-amazon.com/images/I/418aUtf6OJL.jpg,300 - 2000 RPM,27.2 dB,Black / Silver,,
Lian Li Galahad II Trinity Performance,https://pcpartpicker.com/product/g6qrxr/lian-li-galahad-ii-trinity-performance-10829-cfm-liquid-cpu-cooler-ga2p36w,https://cdna.pcpartpicker.com/static/forever/images/product/b602dfaf4352ab5599ba6add5bba511a.256p.jpg,2300 - 3000 RPM,32.1 - 39.9 dB,White,360 mm,
NZXT Kraken Z73 RGB,https://pcpartpicker.com/product/fXZ9TW/nzxt-kraken-z73-rgb-5244-cfm-liquid-cpu-cooler-rl-krz73-r1,https://cdna.pcpartpicker.com/static/forever/images/product/1458789c98b11d505b1407ea9179bf71.256p.jpg,500 - 1500 RPM,22 - 33 dB,Black,360 mm,
Lian Li Galahad II LCD,https://pcpartpicker.com/product/nFxxFT/lian-li-galahad-ii-lcd-799-cfm-liquid-cpu-cooler-ga2alcd36b,https://cdna.pcpartpicker.com/static/forever/images/product/d025e0ad26257e394b1d552a9c27d3c4.256p.jpg,300 - 2450 RPM,30 dB,Black,360 mm,
Cooler Master MasterLiquid PL360 FLUX,https://pcpartpicker.com/product/WxC48d/cooler-master-masterliquid-pl360-flux-7237-cfm-liquid-cpu-cooler-mly-d36m-a23pz-r1,https://cdna.pcpartpicker.com/static/forever/images/product/53484934833f624186a7ccf1c7ef28c2.256p.jpg,,32 dB,Black,360 mm,109.99
NZXT Kraken Elite 280,https://pcpartpicker.com/product/wVwmP6/nzxt-kraken-elite-280-9968-cfm-liquid-cpu-cooler-rl-kn28e-b1,https://cdna.pcpartpicker.com/static/forever/images/product/d67364f66ec158944a9f8da7c011e81a.256p.jpg,500 - 1500 RPM,19.4 - 32.1 dB,Black,280 mm,
Corsair iCUE H60x RGB ELITE,https://pcpartpicker.com/product/FYJp99/corsair-icue-h60x-rgb-elite-4773-cfm-liquid-cpu-cooler-cw-9060064-ww,https://cdna.pcpartpicker.com/static/forever/images/product/0611da6cd0620d5d591996fabef12518.256p.jpg,1500 RPM,7 - 28 dB,Black,120 mm,
Montech LightFlow ARGB,https://pcpartpicker.com/product/pDFCmG/montech-lightflow-argb-7873-cfm-liquid-cpu-cooler-lightflow-argb-240-black,https://cdna.pcpartpicker.com/static/forever/images/product/7e5ebc6ba0dbed9ea08508481474a266.256p.jpg,600 - 2000 RPM,34.3 dB,Black,240 mm,55.12
Alpenföhn BLACK RIDGE,https://pcpartpicker.com/product/MCx2FT/alpenfohn-black-ridge-471-cfm-cpu-cooler-84000000156,https://cdna.pcpartpicker.com/static/forever/images/product/2e955f89d5132d05c274243774e88ac3.256p.jpg,800 - 2800 RPM,14 - 37.6 dB,Black,,68.94
ASRock Phantom Gaming LCD,https://pcpartpicker.com/product/KXtkcf/asrock-phantom-gaming-lcd-6128-cfm-liquid-cpu-cooler-90-apga36-baaga5,https://cdna.pcpartpicker.com/static/forever/images/product/32c61b41498a6557320b65779a635dfd.256p.jpg,,31.4 dB,Black,360 mm,179.99
Asus ROG Ryujin III,https://pcpartpicker.com/product/L74Zxr/asus-rog-ryujin-iii-716-cfm-liquid-cpu-cooler-90rc00k0-m0uay0,https://cdna.pcpartpicker.com/static/forever/images/product/8c4718e047f191a1510cec7525058ccf.256p.jpg,450 - 2000 RPM,29.7 dB,Black,240 mm,174.99
ID-COOLING FX240 INF,https://pcpartpicker.com/product/sTbRsY/id-cooling-fx240-inf-58-cfm-liquid-cpu-cooler-fx240-inf,https://m.media-amazon.com/images/I/41ag5SAXgqL.jpg,300 - 2000 RPM,27.2 dB,Black,240 mm,69.98
Cooler Master I70C,https://pcpartpicker.com/product/fm6p99/cooler-master-i70c-3708-cfm-cpu-cooler-rr-i7c7-18pa-r1,https://cdna.pcpartpicker.com/static/forever/images/product/0e1d5e86dcc117ddf1ca918cd70c71ae.256p.jpg,650 - 1800 RPM,28 dB,Black / Silver,,19.49
Thermalright Peerless Assassin 90 SE,https://pcpartpicker.com/product/WtvD4D/thermalright-peerless-assassin-90-se-3277-cfm-cpu-cooler-pa90-se,https://m.media-amazon.com/images/I/41d2IWhzHYL.jpg,2200 RPM,23.85 dB,Black / Silver,,
Deepcool LS720 SE WH,https://pcpartpicker.com/product/dWGhP6/deepcool-ls720-se-wh-8585-cfm-liquid-cpu-cooler-ls720-se-wh,https://cdna.pcpartpicker.com/static/forever/images/product/876374634dcac9c71c8f9f585d6e4767.256p.jpg,500 - 2250 RPM,28.2 - 32.9 dB,White,360 mm,
Thermaltake UX400,https://pcpartpicker.com/product/RZ2j4D/thermaltake-ux400-6272-cfm-cpu-cooler-cl-p149-al12bl-a,https://cdna.pcpartpicker.com/static/forever/images/product/43aadfa59d5c570f81c8a1c16337d031.256p.jpg,700 - 1800 RPM,25 dB,Black / Silver,,
ARCTIC Liquid Freezer III Pro A-RGB,https://pcpartpicker.com/product/dsWmP6/arctic-liquid-freezer-iii-pro-a-rgb-110-cfm-liquid-cpu-cooler-acfre00187a,https://m.media-amazon.com/images/I/31M63QyZhYL.jpg,400 - 2500 RPM,,White,280 mm,97.99
ARCTIC Freezer 34 eSports DUO,https://pcpartpicker.com/product/dmXnTW/arctic-freezer-34-esports-duo-cpu-cooler-acfre00060a,https://cdna.pcpartpicker.com/static/forever/images/product/1f017bc0f64eb7bdf027badcdf9c6376.256p.jpg,200 - 2100 RPM,24.4 dB,Red / Black,,
Alpenföhn Panorama 2,https://pcpartpicker.com/product/2DKscf/alpenfohn-panorama-2-58-cfm-cpu-cooler-84000000212,https://cdna.pcpartpicker.com/static/forever/images/product/80c63ece7b20620c3476e640b61997f5.256p.jpg,500 - 3000 RPM,37.6 dB,Black,,91.85
MSI MAG CORELIQUID E240 WHITE,https://pcpartpicker.com/product/849wrH/msi-mag-coreliquid-e240-white-7504-cfm-liquid-cpu-cooler-mag-coreliquid-e240-white,https://cdna.pcpartpicker.com/static/forever/images/product/007a21c13dde35c7c86e6a13a6bb64f1.256p.jpg,,,White,240 mm,119.99
BitFenix Cube ARGB,https://pcpartpicker.com/product/m9dG3C/bitfenix-cube-argb-60-cfm-liquid-cpu-cooler-bfw-aio-360-bb27a-rp,https://cdna.pcpartpicker.com/static/forever/images/product/b41f432b9793485fd845e2e5bd9a6312.256p.jpg,2000 RPM,34 dB,Black,360 mm,121.70
Corsair iCUE H150i RGB ELITE,https://pcpartpicker.com/product/Xkgrxr/corsair-icue-h150i-rgb-elite-591-cfm-liquid-cpu-cooler-cw-9060079-ww,https://cdna.pcpartpicker.com/static/forever/images/product/be7a21f8569b28b3a63c9cacf31e8ccd.256p.jpg,400 - 1850 RPM,5 - 28.9 dB,White,360 mm,
Cooler Master MasterLiquid Lite 120,https://pcpartpicker.com/product/TDdFf7/cooler-master-masterliquid-lite-120-667-cfm-liquid-cpu-cooler-mlw-d12m-a20pw-r1,https://cdna.pcpartpicker.com/static/forever/images/product/abd10b29513dba0650408c90d8cb5af4.256p.jpg,650 - 2000 RPM,6 - 30 dB,,120 mm,
be quiet! Pure Loop 2 FX,https://pcpartpicker.com/product/WdZ9TW/be-quiet-pure-loop-2-fx-liquid-cpu-cooler-bw014,https://cdna.pcpartpicker.com/static/forever/images/product/0bb4aa2d9ad9a55c9cdbe69629992049.256p.jpg,,10.8 - 32.8 dB,Black,280 mm,207.77
Deepcool GAMMAXX AG620 ARGB,https://pcpartpicker.com/product/MkFbt6/deepcool-ag620-argb-6788-cfm-cpu-cooler-r-ag620-bkanmn-g-2,https://cdna.pcpartpicker.com/static/forever/images/product/ec2a661534171f89b5307f655fb0d201.256p.jpg,300 - 1850 RPM,29.4 dB,Black,,
Lian Li GALAHAD AIO 240 RGB UNI FAN SL120 EDITION,https://pcpartpicker.com/product/Mdt9TW/lian-li-galahad-aio-240-rgb-uni-fan-sl120-edition-5854-cfm-liquid-cpu-cooler-ga-240sla,https://m.media-amazon.com/images/I/41wwn6pOtYL.jpg,800 - 1900 RPM,32 dB,White / Silver,240 mm,
Gigabyte GAMING 360,https://pcpartpicker.com/product/8FXMnQ/gigabyte-gaming-360-6161-cfm-liquid-cpu-cooler-gp-gigabyte-gme-360i,https://m.media-amazon.com/images/I/415o2P5TuBL.jpg,500 - 2200 RPM,13.8 - 35.8 dB,White,360 mm,140.47
NZXT Kraken Elite 240 RGB,https://pcpartpicker.com/product/yfvD4D/nzxt-kraken-elite-240-rgb-7802-cfm-liquid-cpu-cooler-rl-kr24e-b1,https://cdna.pcpartpicker.com/static/forever/images/product/05cf771db8a1775508de32990b32bc5d.256p.jpg,500 - 1800 RPM,17.9 - 30.6 dB,Black,240 mm,
ID-COOLING SE-224-XTS,https://pcpartpicker.com/product/6tYRsY/id-cooling-se-224-xts-70-cfm-cpu-cooler-se-224-xts-white,https://cdna.pcpartpicker.com/static/forever/images/product/1130ca63c69f58dd86d877def4e4d248.256p.jpg,600 - 1500 RPM,28.9 dB,White,,24.99
Deepcool AK400 DIGITAL WH,https://pcpartpicker.com/product/g7yH99/deepcool-ak400-digital-wh-6899-cfm-cpu-cooler-r-ak400-whadmn-g,https://cdna.pcpartpicker.com/static/forever/images/product/6f76e5f4ef961404d29738fa07ef6cfc.256p.jpg,500 - 1850 RPM,28 dB,White,,
Asus ROG Ryujin III ARGB,https://pcpartpicker.com/product/wqHqqs/asus-rog-ryujin-iii-argb-7007-cfm-liquid-cpu-cooler-90rc00l1-m0uay0,https://cdna.pcpartpicker.com/static/forever/images/product/398ac27e1b3409e2be6617fb96bf6a30.256p.jpg,600 - 2200 RPM,36.45 dB,Black,360 mm,
MSI MAG CORELIQUID E240,https://pcpartpicker.com/product/mFYRsY/msi-mag-coreliquid-e240-7504-cfm-liquid-cpu-cooler-mag-coreliquid-e240,https://cdna.pcpartpicker.com/static/forever/images/product/5f2b38b4d557cc957b4f0ac08f39ad0f.256p.jpg,,,Black,240 mm,80.32
NZXT Kraken Z63 RGB,https://pcpartpicker.com/product/ZVH7YJ/nzxt-kraken-z63-rgb-9119-cfm-liquid-cpu-cooler-rl-krz63-rw,https://cdna.pcpartpicker.com/static/forever/images/product/df16448ab2d26d511e98ba79dd91826c.256p.jpg,500 - 1500 RPM,22 - 33 dB,White / Black,280 mm,299.99
MSI MAG CORELIQUID M360,https://pcpartpicker.com/product/FCDQzy/msi-mag-coreliquid-m360-7823-cfm-liquid-cpu-cooler-mag-coreliquid-m360,https://cdna.pcpartpicker.com/static/forever/images/product/1941845aab8181cf519db787c405fded.256p.jpg,500 - 2000 RPM,14.3 - 34.3 dB,Black,360 mm,129.99
Thermalright Royal Pretor 130 BLACK,https://pcpartpicker.com/product/KhgZxr/thermalright-royal-pretor-130-black-8188-cfm-cpu-cooler-royal-pretor-130-black,https://m.media-amazon.com/images/I/41KtuSNHgUL.jpg,1750 RPM,28.3 dB,Black,,47.90
Corsair iCUE H115i RGB Pro XT,https://pcpartpicker.com/product/TgFKHx/corsair-icue-h115i-rgb-pro-xt-63-cfm-liquid-cpu-cooler-cw-9060044-ww,https://cdna.pcpartpicker.com/static/forever/images/product/381887f52e02456b0ace37d29f826c02.256p.jpg,2200 RPM,36 dB,Black,280 mm,
Montech HyperFlow ARGB 360,https://pcpartpicker.com/product/xRdG3C/montech-hyperflow-argb-360-762-cfm-liquid-cpu-cooler-hyperflow-argb-360-white,/static/forever/img/no-image.png,2200 RPM,29.1 dB,White,360 mm,90.40
be quiet! Pure Loop 2,https://pcpartpicker.com/product/DQhv6h/be-quiet-pure-loop-2-liquid-cpu-cooler-bw018,https://cdna.pcpartpicker.com/static/forever/images/product/acc04e530919eddce841992a9790af88.256p.jpg,,15.4 - 33.8 dB,Black,280 mm,79.90
Jonsbo CR-3000E,https://pcpartpicker.com/product/NKnXsY/jonsbo-cr-3000e-7223-cfm-cpu-cooler-cr-3000e,https://cdna.pcpartpicker.com/static/forever/images/product/f4d4563cc8e4c7322263bc83822ec4e2.256p.jpg,600 - 1600 RPM,22 - 34 dB,Black,,
ARCTIC Liquid Freezer III 360 A-RGB,https://pcpartpicker.com/product/CfcgXL/arctic-liquid-freezer-iii-360-a-rgb-4882-cfm-liquid-cpu-cooler-acfre00144a,https://cdna.pcpartpicker.com/static/forever/images/product/c1f277796535b2098ee9ff0e8a3bc9fd.256p.jpg,200 - 2000 RPM,,Black,360 mm,
Thermalright Frozen Warframe PRO ARGB,https://pcpartpicker.com/product/pswmP6/thermalright-frozen-warframe-pro-argb-7084-cfm-liquid-cpu-cooler-fw-pro-360-argb-mew,https://m.media-amazon.com/images/I/31pXK-f4lkL.jpg,2000 RPM,29.8 dB,White / Pink,360 mm,
Thermalright Burst Assassin 120 Vision,https://pcpartpicker.com/product/MwVfrH/thermalright-burst-assassin-120-vision-6617-cfm-cpu-cooler-burst-assassin-120-vision-black,https://m.media-amazon.com/images/I/41cTEJx+AKL.jpg,1500 RPM,25.6 dB,Black,,
Asus TUF Gaming LC II ARGB,https://pcpartpicker.com/product/scV2FT/asus-tuf-gaming-lc-ii-argb-67-cfm-liquid-cpu-cooler-tuf-gaming-lc-ii-240-argb,https://cdna.pcpartpicker.com/static/forever/images/product/2317545364d42dc04e45007e15e87da5.256p.jpg,800 - 2000 RPM,29 dB,Black,240 mm,168.07
Corsair iCUE H150i ELITE CAPELLIX,https://pcpartpicker.com/product/7PxRsY/corsair-icue-h150i-elite-capellix-75-cfm-liquid-cpu-cooler-cw-9060051-ww,https://cdna.pcpartpicker.com/static/forever/images/product/2e7811efbb82f51ad2714dc7a2fd7542.256p.jpg,2400 RPM,10 - 37 dB,White,360 mm,
ARCTIC Liquid Freezer III Pro A-RGB,https://pcpartpicker.com/product/T4BFf7/arctic-liquid-freezer-iii-pro-a-rgb-77-cfm-liquid-cpu-cooler-acfre00186a,https://cdna.pcpartpicker.com/static/forever/images/product/f3a5a0ac86b8c722ce647194615ae56c.256p.jpg,600 - 3000 RPM,,White,240 mm,194.90
Antec A30,https://pcpartpicker.com/product/nJrcCJ/antec-a30-360-cfm-cpu-cooler-a30,https://cdna.pcpartpicker.com/static/forever/images/product/ca53326d29a16839f893e08509217a30.256p.jpg,1750 RPM,20 dB,,,
GAMDIAS AURA GL360 V2,https://pcpartpicker.com/product/PrYfrH/gamdias-aura-gl360-v2-736-cfm-liquid-cpu-cooler-aura-gl360-v2,https://m.media-amazon.com/images/I/41I8-FlHqYL.jpg,800 - 1800 RPM,33.8 dB,Black,360 mm,69.98
Thermalright Grand Vision ARGB,https://pcpartpicker.com/product/GFtkcf/thermalright-grand-vision-argb-69-cfm-liquid-cpu-cooler-grand-vision-240-argb-white,https://cdna.pcpartpicker.com/static/forever/images/product/370a00ae839e26ec2846b2c84de2243f.256p.jpg,2150 RPM,29.4 dB,White,240 mm,79.19
Thermaltake UX100,https://pcpartpicker.com/product/QFtKHx/thermaltake-ux100-3882-cfm-cpu-cooler-cl-p064-al12sw-a,https://cdna.pcpartpicker.com/static/forever/images/product/80d55b70d8963a172fb456dc4e52540c.256p.jpg,1800 RPM,26.92 dB,Black,,
EK EK-Nucleus AIO CR240 Lux D-RGB,https://pcpartpicker.com/product/NhKscf/ek-ek-nucleus-aio-cr240-lux-d-rgb-72-cfm-liquid-cpu-cooler-ek-nucleus-aio-cr240-lux-d-rgb-white,https://cdna.pcpartpicker.com/static/forever/images/product/909d6352863da3e4e101132064e94f73.256p.jpg,550 - 2300 RPM,36 dB,White,240 mm,105.00
Deepcool Assassin 4S,https://pcpartpicker.com/product/spvD4D/deepcool-assassin-4s-6125-cfm-cpu-cooler-r-asn4s-bkgpmn-g,https://cdna.pcpartpicker.com/static/forever/images/product/cd198719908904d04d46c796afdf2281.256p.jpg,500 - 1800 RPM,29.3 dB,Black,,
Asus ROG RYUJIN II,https://pcpartpicker.com/product/K7C48d/asus-rog-ryujin-ii-716-cfm-liquid-cpu-cooler-rog-ryujin-ii-240,https://cdna.pcpartpicker.com/static/forever/images/product/ca788d1a78b4299fcdef0c4aadc237b8.256p.jpg,450 - 2000 RPM,29.7 dB,Black,240 mm,259.99
Corsair H115i RGB PLATINUM,https://pcpartpicker.com/product/vTTPxr/corsair-h115i-rgb-platinum-97-cfm-liquid-cpu-cooler-cw-9060038-ww,https://cdna.pcpartpicker.com/static/forever/images/product/36febda881c7026f237ab4a76ccb003c.256p.jpg,2000 RPM,37 dB,Black / Silver,280 mm,
Thermalright Grand Vision ARGB,https://pcpartpicker.com/product/wbXMnQ/thermalright-grand-vision-argb-69-cfm-liquid-cpu-cooler-grand-vision-240-argb-black,https://cdna.pcpartpicker.com/static/forever/images/product/1ec1d9d05ccb1f5c2a9324510b667b20.256p.jpg,2150 RPM,29.4 dB,Black,240 mm,80.91
Alphacool Core Ocean T38,https://pcpartpicker.com/product/wq9wrH/alphacool-core-ocean-t38-628-cfm-liquid-cpu-cooler-13050,https://cdna.pcpartpicker.com/static/forever/images/product/fe4698a6cc38f47bf169026e27f42237.256p.jpg,,0 - 34.3 dB,Black,120 mm,37.50
Deepcool LT520,https://pcpartpicker.com/product/WhWzK8/deepcool-lt520-8585-cfm-liquid-cpu-cooler-r-lt520-bkamnf-g-1,https://cdna.pcpartpicker.com/static/forever/images/product/63b8a5ceb8bc7dfc0a6f9108a6203d8b.256p.jpg,500 - 2250 RPM,32.9 dB,Black / Gray,240 mm,
ENDORFY Navis F360 ARGB,https://pcpartpicker.com/product/YgfxFT/endorfy-navis-f360-argb-liquid-cpu-cooler-ey3b006,https://cdna.pcpartpicker.com/static/forever/images/product/dfa48950ed25589c17a5c9a407b39556.256p.jpg,250 - 1800 RPM,,Black,360 mm,139.63
NZXT Kraken X53 RGB,https://pcpartpicker.com/product/CqcRsY/nzxt-kraken-x53-rgb-5244-cfm-liquid-cpu-cooler-rl-krx53-r1,https://cdna.pcpartpicker.com/static/forever/images/product/bef67a1d0d36c5566a21678a772ff7ec.256p.jpg,500 - 1500 RPM,22 - 33 dB,Black,240 mm,
Ocypus Iota A62,https://pcpartpicker.com/product/rC26Mp/ocypus-iota-a62-77-cfm-cpu-cooler-iota-a62-bk,https://m.media-amazon.com/images/I/41plKfERfZL.jpg,500 - 2000 RPM,29 dB,Black,,49.99
EK EK-Nucleus AIO CR240 Lux D-RGB,https://pcpartpicker.com/product/prytt6/ek-ek-nucleus-aio-cr240-lux-d-rgb-72-cfm-liquid-cpu-cooler-ek-nucleus-aio-cr240-lux-d-rgb,https://cdna.pcpartpicker.com/static/forever/images/product/f9df6fe4505a023280fceaa31045a52d.256p.jpg,550 - 2300 RPM,36 dB,Black,240 mm,105.00
Deepcool LE500 Marrs,https://pcpartpicker.com/product/RQRwrH/deepcool-le500-marrs-8585-cfm-liquid-cpu-cooler-r-le500-bklnmg-g-1,https://cdna.pcpartpicker.com/static/forever/images/product/c9223b5f6283fda662cc2d4133945bed.256p.jpg,500 - 2250 RPM,32.9 dB,Black,240 mm,
Thermaltake TH240 V2 ARGB Sync,https://pcpartpicker.com/product/PxkH99/thermaltake-th240-v2-argb-sync-5705-cfm-liquid-cpu-cooler-cl-w364-pl12sw-a,https://cdna.pcpartpicker.com/static/forever/images/product/39434abb539018708f7995bc9e9a29b3.256p.jpg,500 - 2000 RPM,25.8 dB,White,240 mm,79.99
iBuypower AW4,https://pcpartpicker.com/product/nHP8TW/ibuypower-aw4-65-cfm-liquid-cpu-cooler-fan-ibp-005-b-r,https://cdna.pcpartpicker.com/static/forever/images/product/cc28184dfab5ce53a9931664403e213c.256p.jpg,700 - 2000 RPM,38 dB,Black,240 mm,
Ocypus Iota L36,https://pcpartpicker.com/product/4kGhP6/ocypus-iota-l36-77-cfm-liquid-cpu-cooler-iota-l36-wh,https://m.media-amazon.com/images/I/31Y8FW9Y7YL.jpg,500 - 2000 RPM,29 dB,White,360 mm,62.40
Corsair iCUE H150i RGB ELITE,https://pcpartpicker.com/product/dnVmP6/corsair-icue-h150i-rgb-elite-6557-cfm-liquid-cpu-cooler-cw-9060060-ww,https://cdna.pcpartpicker.com/static/forever/images/product/c62037c7acff44a3e3a21a2aa4c8edda.256p.jpg,400 - 1850 RPM,19 - 35.8 dB,Black,360 mm,
Thermalright Stream Vision,https://pcpartpicker.com/product/224Pxr/thermalright-stream-vision-954-cfm-liquid-cpu-cooler-stream-vision-360-white,https://cdna.pcpartpicker.com/static/forever/images/product/92dccdeefab1c711e74d6a4f0e701c9c.256p.jpg,2400 RPM,31.4 dB,White,360 mm,118.90
upHere UE2K6,https://pcpartpicker.com/product/QDFCmG/uphere-ue2k6-68-cfm-cpu-cooler-ue2k6,https://m.media-amazon.com/images/I/51zgHHJeZrL.jpg,600 - 1650 RPM,25 dB,Black,,29.99
Asus TUF Gaming LC III ARGB LCD,https://pcpartpicker.com/product/w8xTwP/asus-tuf-gaming-lc-iii-argb-lcd-9078-cfm-liquid-cpu-cooler-tuf-gaming-lc-iii-360-argb-lcd-white-edition,https://cdna.pcpartpicker.com/static/forever/images/product/b7b48d4a770123d9bf45bc7c5fe98165.256p.jpg,650 - 2600 RPM,37.4 dB,White,360 mm,269.40
Xilence I250PWM,https://pcpartpicker.com/product/F2dG3C/xilence-i250pwm-4425-cfm-cpu-cooler-xc032,https://m.media-amazon.com/images/I/41+QtdiM-EL.jpg,800 - 2500 RPM,17.6 - 26.4 dB,Red / Black,,42.36
ID-COOLING PINKFLOW,https://pcpartpicker.com/product/4x2bt6/id-cooling-pinkflow-552-cfm-liquid-cpu-cooler-pinkflow-240,https://cdna.pcpartpicker.com/static/forever/images/product/68a43a5778529cc6efbd649f1f3e7e2b.256p.jpg,900 - 2000 RPM,16.3 - 33.5 dB,White / Pink,240 mm,
DARKROCK DR-CPU-DT6-BK,https://pcpartpicker.com/product/tbxTwP/darkrock-dr-cpu-dt6-bk-cpu-cooler-dr-cpu-dt6-bk,/static/forever/img/no-image.png,800 - 1600 RPM,25.6 dB,Black,,32.99
ID-COOLING DASHFLOW BASIC,https://pcpartpicker.com/product/WQ26Mp/id-cooling-dashflow-basic-825-cfm-liquid-cpu-cooler-dashflow-360-basic-white,https://m.media-amazon.com/images/I/31dfBSZzsQL.jpg,700 - 1800 RPM,15.2 - 35.2 dB,White,360 mm,
Cooler Master i50,https://pcpartpicker.com/product/Kk2WGX/cooler-master-i50-341-cfm-cpu-cooler-rh-i50-20fk-r1,https://cdna.pcpartpicker.com/static/forever/images/product/00f783f84a5ee4cd4c29f9f8fc8b61f6.256p.jpg,2000 RPM,28 dB,Black / Silver,,16.98
Deepcool LT720 WH,https://pcpartpicker.com/product/hhqrxr/deepcool-lt720-wh-8585-cfm-liquid-cpu-cooler-r-lt720-whamnf-g-1,https://cdna.pcpartpicker.com/static/forever/images/product/861b8df9d997376de670ad86c23143bb.256p.jpg,500 - 2250 RPM,32.9 dB,White,360 mm,
Deepcool AG400 DIGITAL BK ARGB,https://pcpartpicker.com/product/wLxxFT/deepcool-ag400-digital-bk-argb-7589-cfm-cpu-cooler-r-ag400-bkadmn-g-1,https://cdna.pcpartpicker.com/static/forever/images/product/bdc9f0d52963b05159168e2c48a5348e.256p.jpg,500 - 2100 RPM,31.6 dB,Black,,
Alphacool Eisbaer Aurora 420,https://pcpartpicker.com/product/2dzFf7/alphacool-eisbaer-aurora-420-418-cfm-liquid-cpu-cooler-11731,https://cdna.pcpartpicker.com/static/forever/images/product/ed3ed8d3d4b222eaa01c6956a23b477e.256p.jpg,600 - 1500 RPM,,Black,420 mm,209.99
ARCTIC Freezer 8i,https://pcpartpicker.com/product/TJpD4D/arctic-freezer-8i-cpu-cooler-acfre00190a,https://cdna.pcpartpicker.com/static/forever/images/product/ccc2341ab191b54cfd6a0bf6be4c4619.256p.jpg,200 - 2300 RPM,,Black / Silver,,22.99
Thermalright Frozen Notte ARGB V2,https://pcpartpicker.com/product/Bw26Mp/thermalright-frozen-notte-argb-v2-7237-cfm-liquid-cpu-cooler-frozen-notte-360-white-argb-v2,https://cdna.pcpartpicker.com/static/forever/images/product/f8a8210a59886bd179ff538fd574b8ad.256p.jpg,2000 RPM,27.7 dB,White,360 mm,
Thermaltake TH360 V2 Ultra ARGB Sync,https://pcpartpicker.com/product/qHgrxr/thermaltake-th360-v2-ultra-argb-sync-5705-cfm-liquid-cpu-cooler-cl-w420-pl12bu-a,https://m.media-amazon.com/images/I/41DdYctJzEL.jpg,500 - 1800 RPM,25.8 dB,Blue / White,360 mm,189.95
Cooler Master MasterLiquid ML240 Illusion,https://pcpartpicker.com/product/vRwypg/cooler-master-masterliquid-ml240-illusion-472-cfm-liquid-cpu-cooler-mlx-d24m-a18pw-r1,https://cdna.pcpartpicker.com/static/forever/images/product/987449654bccbb07ac561a6326da5486.256p.jpg,650 - 1800 RPM,6 - 30 dB,White,240 mm,79.99
Alphacool Eisbaer Extreme,https://pcpartpicker.com/product/ByWJ7P/alphacool-eisbaer-extreme-612-cfm-liquid-cpu-cooler-11594,https://cdna.pcpartpicker.com/static/forever/images/product/5a9a5770828416da229f487e4fbecf14.256p.jpg,1000 RPM,18.8 dB,Black,280 mm,262.99
Noctua NH-D9DX i4 3U,https://pcpartpicker.com/product/szNypg/noctua-nh-d9dx-i4-3u-4644-cfm-cpu-cooler-nh-d9dx-i4-3u,https://m.media-amazon.com/images/I/51qWHgBJUKL.jpg,400 - 2000 RPM,16.3 - 22.8 dB,,,
Thermaltake ASTRIA 600 ARGB,https://pcpartpicker.com/product/yHmNnQ/thermaltake-astria-600-argb-65-cfm-cpu-cooler-cl-p121-ca12sw-a,https://cdna.pcpartpicker.com/static/forever/images/product/e4f80535e4be94b13e19e50b770622a1.256p.jpg,500 - 1800 RPM,26.8 dB,Black,,59.99
Phanteks Glacier One 240 T30 Gen2,https://pcpartpicker.com/product/jGcgXL/phanteks-glacier-one-240-t30-gen2-101-cfm-liquid-cpu-cooler-ph-go240t30_dag02,https://cdna.pcpartpicker.com/static/forever/images/product/18fd64074d82b66030614ec06573f7b7.256p.jpg,1200 - 3000 RPM,11.1 - 39.7 dB,Black / Gray,240 mm,
Thermalright Peerless Assassin 120 Vision MAX ARGB,https://pcpartpicker.com/product/XWTFf7/thermalright-peerless-assassin-120-vision-max-argb-69-cfm-cpu-cooler-pa120-vision-max-argb-white,https://m.media-amazon.com/images/I/41qKI6e9q-L.jpg,2150 RPM,27 dB,White,,75.91
be quiet! Light Loop,https://pcpartpicker.com/product/cQtLrH/be-quiet-light-loop-liquid-cpu-cooler-bw020,https://cdna.pcpartpicker.com/static/forever/images/product/a51137c241252205bbe6751b79372eaa.256p.jpg,1500 - 2900 RPM,15.4 - 34.9 dB,Black,240 mm,79.90
NZXT Kraken Elite 280 RGB,https://pcpartpicker.com/product/vVwmP6/nzxt-kraken-elite-280-rgb-9079-cfm-liquid-cpu-cooler-rl-kr28e-b1,https://cdna.pcpartpicker.com/static/forever/images/product/56f4165bd17c7dce5d280700ac5f5f7d.256p.jpg,500 - 1500 RPM,34.48 dB,Black,280 mm,
Lian Li Galahad II LCD,https://pcpartpicker.com/product/ft4Zxr/lian-li-galahad-ii-lcd-897-cfm-liquid-cpu-cooler-ga2alcd28w,https://cdna.pcpartpicker.com/static/forever/images/product/7236a95e4c13c80bc2cec8752149702f.256p.jpg,300 - 1550 RPM,26.7 dB,White,280 mm,162.94
Cooler Master MasterLiquid ML360L ARGB V2,https://pcpartpicker.com/product/jpPQzy/cooler-master-masterliquid-ml360l-argb-v2-62-cfm-liquid-cpu-cooler-mlw-d36m-a18pa-r2,https://cdna.pcpartpicker.com/static/forever/images/product/ea36ac50a82a3ab31a66b9c11513fd24.256p.jpg,650 - 1800 RPM,8 - 27 dB,Black,360 mm,186.85
Lian Li Galahad II Lite RGB,https://pcpartpicker.com/product/Jt7MnQ/lian-li-galahad-ii-lite-rgb-79-cfm-liquid-cpu-cooler-ga2l24rb,https://cdna.pcpartpicker.com/static/forever/images/product/8027e88935b3f99e16107b394be7256f.256p.jpg,300 - 2500 RPM,34.8 dB,Black,240 mm,84.99
ID-COOLING DX360 MAX,https://pcpartpicker.com/product/NpZXsY/id-cooling-dx360-max-85-cfm-liquid-cpu-cooler-dx360-max,https://cdna.pcpartpicker.com/static/forever/images/product/7a09dca30b9a3449c1f742e00cda91ff.256p.jpg,,32.5 dB,Black,360 mm,
Thermalright Frost Commander 140 BLACK,https://pcpartpicker.com/product/jX7G3C/thermalright-frost-commander-140-black-955-cfm-cpu-cooler-fc-140-black,https://m.media-amazon.com/images/I/51cUjF0JO+L.jpg,1800 RPM,30.2 dB,Black,,39.76
Thermaltake Floe DX RGB TT Premium Edition B,https://pcpartpicker.com/product/fRDkcf/thermaltake-floe-dx-rgb-tt-premium-edition-b-4245-cfm-liquid-cpu-cooler-cl-w256-pl12sw-b,https://m.media-amazon.com/images/I/41462W3AbGL.jpg,500 - 1500 RPM,19 - 23.9 dB,Black,360 mm,239.99
ID-COOLING IS-40-XT,https://pcpartpicker.com/product/w37scf/id-cooling-is-40-xt-46-cfm-cpu-cooler-is-40-xt-black,https://m.media-amazon.com/images/I/4158QAbiTML.jpg,800 - 2800 RPM,14 - 35.2 dB,Black,,26.99
ARCTIC Freezer 7 X,https://pcpartpicker.com/product/4VLwrH/arctic-freezer-7-x-cpu-cooler-acfre00077a,https://cdna.pcpartpicker.com/static/forever/images/product/73e3a1081eb4c9154fb5c64a8e48fd1b.256p.jpg,300 - 2000 RPM,22.5 dB,Black / White,,25.99
BitFenix Cube ARGB,https://pcpartpicker.com/product/7V9wrH/bitfenix-cube-argb-60-cfm-liquid-cpu-cooler-bfw-aio-240-bb27a-rp,https://cdna.pcpartpicker.com/static/forever/images/product/6ad60c4e066af3db40abbb010aca400e.256p.jpg,2000 RPM,34 dB,Black,240 mm,110.64
Deepcool LS520S ZERO DARK,https://pcpartpicker.com/product/YxmNnQ/deepcool-ls520s-zero-dark-8585-cfm-liquid-cpu-cooler-r-ls520-bknnmm-g-1,https://cdna.pcpartpicker.com/static/forever/images/product/01400e1422c3eccb7a7a6bde690ed4e8.256p.jpg,500 - 2250 RPM,28.2 - 32.9 dB,Black,240 mm,
Corsair H100i,https://pcpartpicker.com/product/V2JwrH/corsair-h100i-77-cfm-liquid-cpu-cooler-h100i,https://m.media-amazon.com/images/I/4121NaKo9UL.jpg,2700 RPM,37.68 dB,,240 mm,
Thermalright Frozen Warframe ARGB,https://pcpartpicker.com/product/C9vD4D/thermalright-frozen-warframe-argb-7084-cfm-liquid-cpu-cooler-frozen-warframe-240-black-argb,https://cdna.pcpartpicker.com/static/forever/images/product/d5fe32c966b1796b548c59abd642676d.256p.jpg,2000 RPM,22.1 dB,Black,240 mm,73.90
Montech LightFlow ARGB,https://pcpartpicker.com/product/tksMnQ/montech-lightflow-argb-7873-cfm-liquid-cpu-cooler-lightflow-argb-240-white,https://cdna.pcpartpicker.com/static/forever/images/product/cf98e65cb64cf661ea86bb6a39b59d9b.256p.jpg,600 - 2000 RPM,34.3 dB,White,240 mm,48.89
Lian Li Galahad II LCD,https://pcpartpicker.com/product/4mWJ7P/lian-li-galahad-ii-lcd-897-cfm-liquid-cpu-cooler-ga2alcd28b,https://cdna.pcpartpicker.com/static/forever/images/product/bf519e62856bd1989223ea9e18d7c3b7.256p.jpg,300 - 1550 RPM,26.7 dB,Black,280 mm,
Cooler Master Hyper 212 RGB Black Edition,https://pcpartpicker.com/product/WHH7YJ/cooler-master-hyper-212-rgb-black-edition-59-cfm-cpu-cooler-rr-212s-20pc-r2,https://cdna.pcpartpicker.com/static/forever/images/product/b40d38a6383f462adfcec85b193216b1.256p.jpg,650 - 2000 RPM,8 - 30 dB,,,59.99
ID-COOLING SE-903-SD V3,https://pcpartpicker.com/product/s4QKHx/id-cooling-se-903-sd-v3-3744-cfm-cpu-cooler-se-903-sd-v3,https://cdna.pcpartpicker.com/static/forever/images/product/58f9ecc26f053f0652ce8e3859570b1b.256p.jpg,2000 RPM,23.1 dB,Black / Silver,,
Jonsbo CR-1400 EVO Color White,https://pcpartpicker.com/product/cpzXsY/jonsbo-cr-1400-evo-color-white-382-cfm-cpu-cooler-cr-1400-evo-color-white,https://cdna.pcpartpicker.com/static/forever/images/product/1bd24e4c48099d07ed7ba138edbbb7fe.256p.jpg,800 - 2200 RPM,22.3 - 33.8 dB,White,,
Corsair iCUE H115i ELITE CAPELLIX,https://pcpartpicker.com/product/m3TzK8/corsair-icue-h115i-elite-capellix-97-cfm-liquid-cpu-cooler-cw-9060047-ww,https://cdna.pcpartpicker.com/static/forever/images/product/96b3a32edd17cf062baa8e79ff31bb3d.256p.jpg,2000 RPM,10 - 36 dB,Black,280 mm,
Corsair iCUE H150i ELITE LCD,https://pcpartpicker.com/product/GLjBD3/corsair-icue-h150i-elite-lcd-581-cfm-liquid-cpu-cooler-cw-9060062-ww,https://cdna.pcpartpicker.com/static/forever/images/product/eacc91b741eda1f196d910125506d5b4.256p.jpg,450 - 2000 RPM,10 - 30.4 dB,Black,360 mm,
ID-COOLING SL360,https://pcpartpicker.com/product/z9XV3C/id-cooling-sl360-78-cfm-liquid-cpu-cooler-sl360,https://m.media-amazon.com/images/I/41T1FWmbwKL.jpg,500 - 2000 RPM,29.9 dB,Black,360 mm,109.99
Scythe Big Shuriken 4,https://pcpartpicker.com/product/2pFCmG/scythe-big-shuriken-4-5198-cfm-cpu-cooler-scbsk-4000,https://m.media-amazon.com/images/I/41oFj+BsV6L.jpg,200 - 1900 RPM,31.78 dB,Black / Silver,,31.34
Asus ROG RYUO III 360 ARGB,https://pcpartpicker.com/product/mrytt6/asus-rog-ryuo-iii-360-argb-7007-cfm-liquid-cpu-cooler-rog-ryuo-iii-360-argb,https://cdna.pcpartpicker.com/static/forever/images/product/8c236ab5bdc5a6dcd25cf284769cf84f.256p.jpg,2200 RPM,36.45 dB,Black,360 mm,
Thermalright Burst Assassin 120 Vision,https://pcpartpicker.com/product/w7h2FT/thermalright-burst-assassin-120-vision-6617-cfm-cpu-cooler-burst-assassin-120-vision-white,https://m.media-amazon.com/images/I/41B-mEBrfBL.jpg,1500 RPM,25.6 dB,White,,
MSI MAG Coreliquid A12,https://pcpartpicker.com/product/c9Hp99/msi-mag-coreliquid-a12-9465-cfm-liquid-cpu-cooler-mag-coreliquid-a12-360,https://m.media-amazon.com/images/I/31R4qZlaS5L.jpg,2200 RPM,37.6 dB,Black,360 mm,99.99
Ocypus Iota A40,https://pcpartpicker.com/product/b6cgXL/ocypus-iota-a40-cpu-cooler-iota-a40-bk,https://m.media-amazon.com/images/I/41zww3hI5lL.jpg,500 - 2000 RPM,29 dB,Black,,29.99
be quiet! Shadow Rock LP,https://pcpartpicker.com/product/9FGj4D/be-quiet-shadow-rock-lp-514-cfm-cpu-cooler-bk002,https://cdna.pcpartpicker.com/static/forever/images/product/319d976fd128a4904bf763c118ba0ae6.256p.jpg,1500 RPM,14.8 - 25.5 dB,,,
Noctua NH-U12DXi4,https://pcpartpicker.com/product/XXK7YJ/noctua-nh-u12dxi4-55-cfm-cpu-cooler-nh-u12dxi4,https://cdna.pcpartpicker.com/static/forever/images/product/812e191cf233d1918eef38cba009b762.med.256p.jpg,300 - 1500 RPM,18.6 - 22.4 dB,,,
Montech HyperFlow Silent 240,https://pcpartpicker.com/product/HyKnTW/montech-hyperflow-silent-240-723-cfm-liquid-cpu-cooler-hyperflow-silent-240-white,https://m.media-amazon.com/images/I/31grNE9M78L.jpg,800 - 2200 RPM,24.8 dB,White,240 mm,69.90
GAMDIAS CHIONE E4,https://pcpartpicker.com/product/X3sMnQ/gamdias-chione-e4-7336-cfm-liquid-cpu-cooler-e4-360,https://m.media-amazon.com/images/I/31X9-y1NzbL.jpg,800 - 1800 RPM,11 - 33.8 dB,Black,360 mm,79.98
Deepcool LS520 SE,https://pcpartpicker.com/product/crxxFT/deepcool-ls520-se-8585-cfm-liquid-cpu-cooler-ls520-se,https://cdna.pcpartpicker.com/static/forever/images/product/63bd0696f0c65484206fbe46b0af7e74.256p.jpg,500 - 2250 RPM,28.2 - 32.9 dB,Black,240 mm,
MSI MAG CORELIQUID M240,https://pcpartpicker.com/product/QKcgXL/msi-mag-coreliquid-m240-7823-cfm-liquid-cpu-cooler-mag-coreliquid-m240,https://cdna.pcpartpicker.com/static/forever/images/product/1c4f1381638a27b6f7705e0cf52d8830.256p.jpg,500 - 2000 RPM,14.3 - 34.3 dB,Black,240 mm,177.66
MSI MAG CORELIQUID P360,https://pcpartpicker.com/product/vjC48d/msi-mag-coreliquid-p360-7873-cfm-liquid-cpu-cooler-mag-coreliquid-p360,https://cdna.pcpartpicker.com/static/forever/images/product/fa9d24f9c5809afc43db6fdf78f565db.256p.jpg,500 - 2000 RPM,14.3 - 34.3 dB,Black,360 mm,
Gelid Solutions Liquid 120,https://pcpartpicker.com/product/7fyH99/gelid-solutions-liquid-120-liquid-cpu-cooler-cc-aio-120-a,https://m.media-amazon.com/images/I/41yflQ+vuFL.jpg,750 - 1800 RPM,29.6 dB,Black,120 mm,
Corsair iCUE LINK H170i LCD,https://pcpartpicker.com/product/nVCZxr/corsair-icue-link-h170i-lcd-825-cfm-liquid-cpu-cooler-cw-9061009-ww,https://cdna.pcpartpicker.com/static/forever/images/product/2c126dcedfa20893fc265aea27ea204f.256p.jpg,400 - 2000 RPM,,Black,420 mm,
ID-COOLING FROZN A400 BLACK,https://pcpartpicker.com/product/hdcgXL/id-cooling-frozn-a400-black-458-cfm-cpu-cooler-frozn-a400-black,https://m.media-amazon.com/images/I/415pMIeGTpL.jpg,500 - 2200 RPM,25.8 dB,Black,,
Deepcool LQ360,https://pcpartpicker.com/product/CZ9nTW/deepcool-lq360-7204-cfm-liquid-cpu-cooler-r-lq360-bklsmw-g-1,https://cdna.pcpartpicker.com/static/forever/images/product/25a09312bc8d2c0f64804f4e7fc51e55.256p.jpg,500 - 2400 RPM,38.71 dB,Black,360 mm,
Thermalright Aqua Elite ARGB,https://pcpartpicker.com/product/QdGhP6/thermalright-aqua-elite-argb-6617-cfm-liquid-cpu-cooler-aqua-elite-360-white-argb,https://m.media-amazon.com/images/I/41Xf5A0K5IL.jpg,1550 RPM,25.6 dB,White,360 mm,
Thermaltake MAGFloe 360 Ultra ARGB Sync,https://pcpartpicker.com/product/RFKnTW/thermaltake-magfloe-360-ultra-argb-sync-5711-cfm-liquid-cpu-cooler-cl-w432-pl12sw-a,https://m.media-amazon.com/images/I/31FCaHP8eML.jpg,500 - 2000 RPM,30.6 dB,Black,360 mm,184.98
GameMax Sigma 550 Infinity,https://pcpartpicker.com/product/X8LdnQ/gamemax-sigma-550-infinity-5896-cfm-cpu-cooler-sigma-550-infinity-bk,https://m.media-amazon.com/images/I/416NPsOk8fL.jpg,800 - 1800 RPM,32.5 dB,Black,,
MSI MAG CORELIQUID P240,https://pcpartpicker.com/product/KNxRsY/msi-mag-coreliquid-p240-7873-cfm-liquid-cpu-cooler-mag-coreliquid-p240,https://cdna.pcpartpicker.com/static/forever/images/product/3df7388a78ceb968f87bb557c306954f.256p.jpg,500 - 2000 RPM,14.3 - 34.3 dB,Black,240 mm,
Lian Li GALAHAD AIO 360 RGB UNI FAN SL120 EDITION,https://pcpartpicker.com/product/DN92FT/lian-li-galahad-aio-360-rgb-uni-fan-sl120-edition-5854-cfm-liquid-cpu-cooler-ga-360sla,https://cdna.pcpartpicker.com/static/forever/images/product/955050d4431a480818d74c81b1e0c777.256p.jpg,800 - 1900 RPM,32 dB,White / Silver,360 mm,
NZXT Kraken X52,https://pcpartpicker.com/product/xn8H99/nzxt-kraken-x52-liquid-cpu-cooler-rl-krx52-01,https://cdna.pcpartpicker.com/static/forever/images/product/11db17a44ea85058c98b34ddca6792d7.256p.jpg,500 - 2000 RPM,21 - 36 dB,,240 mm,
Thermaltake ASTRIA 200 ARGB,https://pcpartpicker.com/product/dGZXsY/thermaltake-astria-200-argb-65-cfm-cpu-cooler-cl-p119-al12sw-a,https://cdna.pcpartpicker.com/static/forever/images/product/007bead7030b1933f12afbfb75c4be63.256p.jpg,500 - 1800 RPM,26.8 dB,Black,,28.98
MSI MAG CORELIQUID I240,https://pcpartpicker.com/product/ymbRsY/msi-mag-coreliquid-i240-707-cfm-liquid-cpu-cooler-mag-coreliquid-i240,https://cdna.pcpartpicker.com/static/forever/images/product/8a64400ab1de8d9d798e0483fc4faaa3.256p.jpg,,,Black,240 mm,99.99
Thermaltake UX400 RGB,https://pcpartpicker.com/product/9fm2FT/thermaltake-ux400-rgb-6272-cfm-cpu-cooler-cl-p142-al12sw-a,https://cdna.pcpartpicker.com/static/forever/images/product/56255c423fa0421468d677a62f1fe47b.256p.jpg,700 - 1800 RPM,25 dB,Black / Silver,,29.98
TRYX PANORAMA SE ARGB,https://pcpartpicker.com/product/ChXMnQ/tryx-panorama-se-argb-6609-cfm-liquid-cpu-cooler-l-p240l-am2m-g0k,https://m.media-amazon.com/images/I/51AfDyvjMcL.jpg,500 - 1850 RPM,27.86 dB,Black,240 mm,259.99
NZXT Kraken Elite 280 RGB,https://pcpartpicker.com/product/XH26Mp/nzxt-kraken-elite-280-rgb-9079-cfm-liquid-cpu-cooler-rl-kr28e-w1,https://cdna.pcpartpicker.com/static/forever/images/product/1e70afe56a399c096762f4e707461113.256p.jpg,500 - 1500 RPM,34.48 dB,White,280 mm,
Noctua NH-D15 G2 HBC,https://pcpartpicker.com/product/xvXV3C/noctua-nh-d15-g2-hbc-9158-cfm-cpu-cooler-nh-d15-g2-hbc,https://cdna.pcpartpicker.com/static/forever/images/product/4fb7951d92c873fa55c5198c65ad03b6.256p.jpg,1500 RPM,24.8 dB,Brown / Silver,,179.95
TRYX PANORAMA ARGB (2024),https://pcpartpicker.com/product/LJjRsY/tryx-panorama-argb-6609-cfm-liquid-cpu-cooler-l-p360a-as3m-g0k,https://cdna.pcpartpicker.com/static/forever/images/product/43bdff95356b8ddbea6fd3b710af5e5c.256p.jpg,500 - 1850 RPM,27.86 dB,Black,360 mm,
Deepcool AK500S DIGITAL,https://pcpartpicker.com/product/WkjRsY/deepcool-ak500s-digital-6899-cfm-cpu-cooler-r-ak500s-bkadmn-g,https://cdna.pcpartpicker.com/static/forever/images/product/27769264da6b86e4fe1bd0d285d1aef2.256p.jpg,500 - 1850 RPM,28 dB,Black,,
Cooler Master MasterLiquid ML240L ARGB V2,https://pcpartpicker.com/product/27NxFT/cooler-master-masterliquid-ml240l-argb-v2-62-cfm-liquid-cpu-cooler-mlw-d24m-a18pa-r2,https://cdna.pcpartpicker.com/static/forever/images/product/42a4c9d918eab492e2a1146db9291fc1.256p.jpg,650 - 1800 RPM,8 - 27 dB,Black,240 mm,
Thermalright Aqua Elite ARGB V2,https://pcpartpicker.com/product/XDgrxr/thermalright-aqua-elite-argb-v2-689-cfm-liquid-cpu-cooler-aqua-elite-240-white-argb-v2,https://m.media-amazon.com/images/I/41MMDE7eFVL.jpg,2000 RPM,28.2 dB,,240 mm,
Lian Li HydroShift LCD 360TL RGB,https://pcpartpicker.com/product/rWFmP6/lian-li-hydroshift-lcd-360tl-rgb-799-cfm-liquid-cpu-cooler-hslcd36tb,https://cdna.pcpartpicker.com/static/forever/images/product/aa4c1502191f56035f6b02a46f99bc5f.256p.jpg,200 - 2600 RPM,33 dB,Black,360 mm,
EK AIO Basic 240,https://pcpartpicker.com/product/jjytt6/ek-aio-basic-240-77-cfm-liquid-cpu-cooler-ek-aio-basic-240,https://cdna.pcpartpicker.com/static/forever/images/product/b8344818d0a00711ecb5afebfe17f220.256p.jpg,550 - 2200 RPM,33.5 dB,Black,240 mm,
Thermalright Peerless Assassin 140 Digital,https://pcpartpicker.com/product/9BWmP6/thermalright-peerless-assassin-140-digital-778-cfm-cpu-cooler-peerless-assassin-140-digital-white,https://cdna.pcpartpicker.com/static/forever/images/product/e8be9c33f39c8aa20195d6b7c17fda0a.256p.jpg,1500 RPM,25.6 dB,White,,55.90
Gigabyte AORUS WATERFORCE X II 240AORUS WATERFORCE X II 240,https://pcpartpicker.com/product/3sBzK8/gigabyte-aorus-waterforce-x-ii-240aorus-waterforce-x-ii-240-72-cfm-liquid-cpu-cooler-aorus-waterforce-x-ii-240,https://cdna.pcpartpicker.com/static/forever/images/product/41b0c96cc1410f2c87d11e1d081c01a6.256p.jpg,800 - 2400 RPM,12 - 37.5 dB,Black,240 mm,185.99
Thermalright Peerless Assassin 120 Digital,https://pcpartpicker.com/product/TLPv6h/thermalright-peerless-assassin-120-digital-8889-cfm-cpu-cooler-peerless-assassin-120-digital-white,https://cdna.pcpartpicker.com/static/forever/images/product/8867731f94f50ec19c46d5d70a9977ee.256p.jpg,1850 RPM,25.6 dB,White,,
ARCTIC Freezer 34 eSports DUO,https://pcpartpicker.com/product/PxtKHx/arctic-freezer-34-esports-duo-cpu-cooler-acfre00075a,https://cdna.pcpartpicker.com/static/forever/images/product/51025144d03095be4632b13edfec38c1.256p.jpg,200 - 2100 RPM,24.4 dB,Black / Gray,,
Thermaltake TH420 V2 Ultra ARGB Sync,https://pcpartpicker.com/product/K4Jp99/thermaltake-th420-v2-ultra-argb-sync-8432-cfm-liquid-cpu-cooler-cl-w407-pl14sw-a,https://m.media-amazon.com/images/I/318X-FAjnEL.jpg,500 - 2000 RPM,34.7 dB,White,420 mm,149.99
Deepcool AG620 WH ARGB,https://pcpartpicker.com/product/DjfnTW/deepcool-ag620-wh-argb-6788-cfm-cpu-cooler-r-ag620-whanmn-g-2,https://cdna.pcpartpicker.com/static/forever/images/product/91e7ed02a1ea1e11072d5dc40500cce9.256p.jpg,300 - 1850 RPM,29.4 dB,White,,
Deepcool AK700 DIGITAL NYX,https://pcpartpicker.com/product/dc7MnQ/deepcool-ak700-digital-nyx-7723-cfm-cpu-cooler-r-ak700-bknnmn-gjd-1,https://cdna.pcpartpicker.com/static/forever/images/product/679f7bf7dc636c4899eb9346162ccec0.256p.jpg,2700 RPM,21 - 36 dB,Black,,
CRYORIG H7,https://pcpartpicker.com/product/93Crxr/cryorig-h7-49-cfm-cpu-cooler-h7,https://cdna.pcpartpicker.com/static/forever/images/product/83b8a54ab568a7939af313a1b94b2416.256p.jpg,330 - 1600 RPM,25 dB,,,
Inter-Tech ALSEYE W90,https://pcpartpicker.com/product/2qHqqs/inter-tech-alseye-w90-5565-cfm-cpu-cooler-w90,https://m.media-amazon.com/images/I/412ZRQrmLmL.jpg,3000 RPM,36.7 dB,White / Black,,38.99
Corsair H150i PRO,https://pcpartpicker.com/product/brVD4D/corsair-h150i-pro-473-cfm-liquid-cpu-cooler-cw-9060031-ww,https://cdna.pcpartpicker.com/static/forever/images/product/d6cd9f2d284073d0a9f43b7c87ca42c4.256p.jpg,1600 RPM,25 dB,,360 mm,
Asus ROG STRIX LC III ARGB,https://pcpartpicker.com/product/4M9wrH/asus-rog-strix-lc-iii-argb-7038-cfm-liquid-cpu-cooler-rog-strix-lc-iii-360-argb-wht,https://cdna.pcpartpicker.com/static/forever/images/product/51851a9f3915500bc36e66b8743cd0ca.256p.jpg,800 - 2200 RPM,36 dB,White,360 mm,229.99
Lian Li HydroShift LCD 360TL RGB,https://pcpartpicker.com/product/2TQKHx/lian-li-hydroshift-lcd-360tl-rgb-799-cfm-liquid-cpu-cooler-hslcd36tw,https://cdna.pcpartpicker.com/static/forever/images/product/b02fc3ddedbd12d522832670d6e6febe.256p.jpg,200 - 2600 RPM,33 dB,White,360 mm,
Deepcool AK620 G2,https://pcpartpicker.com/product/GDFCmG/deepcool-ak620-g2-5776-cfm-cpu-cooler-r-ak620g2-bknnmn-gjd,https://cdna.pcpartpicker.com/static/forever/images/product/4cd4dd2c23b6084bcb2108696b52c99d.256p.jpg,2000 RPM,28.87 dB,Black / Brown,,
ARCTIC Liquid Freezer II 420,https://pcpartpicker.com/product/bVMTwP/arctic-liquid-freezer-ii-420-728-cfm-liquid-cpu-cooler-acfre00092a,https://cdna.pcpartpicker.com/static/forever/images/product/20f969835143a453f817590da81bb648.256p.jpg,200 - 1700 RPM,,Black,420 mm,
Corsair iCUE H100i ELITE CAPELLIX,https://pcpartpicker.com/product/99Tp99/corsair-icue-h100i-elite-capellix-75-cfm-liquid-cpu-cooler-cw-9060050-ww,https://cdna.pcpartpicker.com/static/forever/images/product/98cea801f6c01faf85db87399956d1ae.256p.jpg,2400 RPM,10 - 37 dB,White,240 mm,
Thermalright Burst Assassin ARGB,https://pcpartpicker.com/product/L6wypg/thermalright-burst-assassin-argb-6617-cfm-cpu-cooler-ba120-argb,https://m.media-amazon.com/images/I/41zKWwbaLRL.jpg,1550 RPM,25.6 dB,Black / Silver,,22.90
GAMDIAS BOREAS E1,https://pcpartpicker.com/product/ZDM48d/gamdias-boreas-e1-702-cfm-cpu-cooler-boreas-e1-410,https://cdna.pcpartpicker.com/static/forever/images/product/a803484fc3524491e71eecd386e9b3d5.256p.jpg,800 - 2000 RPM,10 - 31 dB,Black / Silver,,43.30
Cougar Helor 360,https://pcpartpicker.com/product/ryMwrH/cougar-helor-360-784-cfm-liquid-cpu-cooler-rl-hlr360-v1,https://cdna.pcpartpicker.com/static/forever/images/product/bb8f5000ec9bb3a660f0984a997402ef.256p.jpg,600 - 1800 RPM,37.1 dB,Black,360 mm,302.51
ARCTIC Liquid Freezer 360,https://pcpartpicker.com/product/4Qhj4D/arctic-liquid-freezer-360-74-cfm-liquid-cpu-cooler-acfre00022a,https://m.media-amazon.com/images/I/41nFR1tD5tL.jpg,500 - 1350 RPM,22.5 dB,,360 mm,
Cooler Master MasterLiquid 240 Core II,https://pcpartpicker.com/product/hRJBD3/cooler-master-masterliquid-240-core-ii-707-cfm-liquid-cpu-cooler-mlw-d24m-a18pa-rw,https://m.media-amazon.com/images/I/31Vmq7nOlEL.jpg,600 - 1750 RPM,30 dB,White,240 mm,69.86
Mars Gaming ML-ONE,https://pcpartpicker.com/product/23V2FT/mars-gaming-ml-one-692-cfm-liquid-cpu-cooler-mlone360w,https://cdna.pcpartpicker.com/static/forever/images/product/47ae7e6b0aa5967bd32f61b40443bf97.256p.jpg,600 - 1800 RPM,9 - 26 dB,White,360 mm,
ARCTIC Liquid Freezer III 280 A-RGB,https://pcpartpicker.com/product/syrqqs/arctic-liquid-freezer-iii-280-a-rgb-699-cfm-liquid-cpu-cooler-acfre00143a,https://cdna.pcpartpicker.com/static/forever/images/product/2ff784efdbcbfe22c52ff89ea36ee451.256p.jpg,200 - 1900 RPM,,Black,280 mm,
Antec Symphony ARGB,https://pcpartpicker.com/product/48bRsY/antec-symphony-argb-72-cfm-liquid-cpu-cooler-0-761345-74044-9,https://cdna.pcpartpicker.com/static/forever/images/product/8c6187af178670cadf258b736d1e604d.256p.jpg,800 - 1600 RPM,20 - 35 dB,Black,360 mm,
ID-COOLING SL360,https://pcpartpicker.com/product/B9XV3C/id-cooling-sl360-78-cfm-liquid-cpu-cooler-sl360-white,https://m.media-amazon.com/images/I/41-RWX90VIL.jpg,500 - 2000 RPM,29.9 dB,White,360 mm,109.99
MSI MAG Coreliquid A12,https://pcpartpicker.com/product/C7bypg/msi-mag-coreliquid-a12-9465-cfm-liquid-cpu-cooler-mag-coreliquid-a12-240,https://cdna.pcpartpicker.com/static/forever/images/product/3aeae33b1b2b2b8bd5d67b232c0b5b7e.256p.jpg,2200 RPM,37.6 dB,Black,240 mm,59.99
ID-COOLING FX240 INF,https://pcpartpicker.com/product/yh6NnQ/id-cooling-fx240-inf-58-cfm-liquid-cpu-cooler-fx240-inf-white,https://cdna.pcpartpicker.com/static/forever/images/product/f1ceb70c5e47d3f5469a47d0c3c47e7b.256p.jpg,300 - 2000 RPM,27.2 dB,White,240 mm,69.98
Thermaltake TH280 V2 ARGB Sync,https://pcpartpicker.com/product/J7n9TW/thermaltake-th280-v2-argb-sync-8432-cfm-liquid-cpu-cooler-cl-w377-pl14sw-a,https://m.media-amazon.com/images/I/31BD8NbKWCL.jpg,500 - 1800 RPM,34.7 dB,White,280 mm,79.98
Noctua NH-U12S SE-AM4,https://pcpartpicker.com/product/7dTrxr/noctua-nh-u12s-se-am4-cpu-cooler-nh-u12s-se-am4,https://cdna.pcpartpicker.com/static/forever/images/product/c363b15c049fda640adb6c789d7aea1b.256p.jpg,300 - 1500 RPM,18.6 - 22.4 dB,,,74.95
Deepcool AG400 ARGB,https://pcpartpicker.com/product/jqkH99/deepcool-ag400-argb-7589-cfm-cpu-cooler-r-ag400-bkanmc-g-1,https://cdna.pcpartpicker.com/static/forever/images/product/fdb2ee625bc24a23362a9c4f622d52ed.256p.jpg,500 - 2000 RPM,31.6 dB,Black / Silver,,
be quiet! Pure Rock Slim,https://pcpartpicker.com/product/hyQRsY/be-quiet-pure-rock-slim-351-cfm-cpu-cooler-bk008,https://cdna.pcpartpicker.com/static/forever/images/product/92035aed93a685dd8cb8432f9d04bd81.256p.jpg,2000 RPM,13.1 - 25.4 dB,,,
Cooler Master MASTERLIQUID ML120L RGB V2,https://pcpartpicker.com/product/4TpmP6/cooler-master-masterliquid-ml120l-rgb-v2-6559-cfm-liquid-cpu-cooler-mlw-d12m-a18pc-r2,https://cdna.pcpartpicker.com/static/forever/images/product/09bf243952495ef89ed4a6125b1b60b7.256p.jpg,650 - 1800 RPM,6 - 27 dB,Black,120 mm,
Thermalright Hyper Vision ARGB,https://pcpartpicker.com/product/fLJBD3/thermalright-hyper-vision-argb-69-cfm-liquid-cpu-cooler-hyper-vision-360-argb-black,https://cdna.pcpartpicker.com/static/forever/images/product/f47c365f569eac67cb04172d5691f9fe.256p.jpg,2150 RPM,27 dB,Black,360 mm,137.98
ENDORFY Navis F240,https://pcpartpicker.com/product/8zKscf/endorfy-navis-f240-liquid-cpu-cooler-ey3b001,https://cdna.pcpartpicker.com/static/forever/images/product/c55a60977983fe5f7919d15a30e40b33.256p.jpg,250 - 1800 RPM,,Black,240 mm,116.48
Thermalright Assassin Spirit 120 Vision ARGB,https://pcpartpicker.com/product/bmdG3C/thermalright-assassin-spirit-120-vision-argb-6617-cfm-cpu-cooler-assassin-spirit-120-vision-white-argb,https://m.media-amazon.com/images/I/41FCXDsabsL.jpg,1500 RPM,25.6 dB,White,,27.90
Thermalright Aqua Elite ARGB V2,https://pcpartpicker.com/product/HCXV3C/thermalright-aqua-elite-argb-v2-689-cfm-liquid-cpu-cooler-aqua-elite-360-white-argb-v2,https://m.media-amazon.com/images/I/311t6b5nnkL.jpg,2000 RPM,28.2 dB,,360 mm,
TRYX PANORAMA ARGB (2024),https://pcpartpicker.com/product/NQTZxr/tryx-panorama-argb-6609-cfm-liquid-cpu-cooler-l-p240a-as2m-g0w,https://cdna.pcpartpicker.com/static/forever/images/product/f1fde442835d6772db55b8de8303a125.256p.jpg,500 - 1850 RPM,27.86 dB,White,240 mm,309.99
be quiet! Light Loop,https://pcpartpicker.com/product/s6YRsY/be-quiet-light-loop-liquid-cpu-cooler-bw021,https://cdna.pcpartpicker.com/static/forever/images/product/9a74d4f02723bcbf44193bf07b5b2f9b.256p.jpg,1500 - 2900 RPM,15.4 - 34.9 dB,White,240 mm,84.90
Deepcool LD360,https://pcpartpicker.com/product/dZyH99/deepcool-ld360-7204-cfm-liquid-cpu-cooler-r-ld360-bkmsn-g-1,https://cdna.pcpartpicker.com/static/forever/images/product/2a30c5c21d0e9189ba59e59e06023279.256p.jpg,600 - 2400 RPM,38.71 dB,Black,360 mm,
Yeston New Sakura,https://pcpartpicker.com/product/bgjv6h/yeston-new-sakura-655-cfm-liquid-cpu-cooler-yt-360-new-sakura,https://cdna.pcpartpicker.com/static/forever/images/product/c1a0e1c48c9b32a307186bf175d94c68.256p.jpg,800 - 2000 RPM,31.6 dB,Blue / White,360 mm,84.90
Deepcool AK620 G2 DIGITAL NYX,https://pcpartpicker.com/product/wZDnTW/deepcool-ak620-g2-digital-nyx-5776-cfm-cpu-cooler-r-ak620g2-bknnmn-gjd-1,https://cdna.pcpartpicker.com/static/forever/images/product/428c153449f9710b51a9260d1a8e7460.256p.jpg,2000 RPM,28.87 dB,Black,,
Evercool HPL-815EP,https://pcpartpicker.com/product/wbMFf7/evercool-cpu-cooler-hpl815ep,https://cdna.pcpartpicker.com/static/forever/images/product/1cc5b47bee4f59e7f83387fee1c2eaed.256p.jpg,1000 - 4000 RPM,12 - 40 dB,,,15.00
Corsair iCUE LINK H150i RGB,https://pcpartpicker.com/product/NBTZxr/corsair-icue-link-h150i-rgb-631-cfm-liquid-cpu-cooler-cw-9061006-ww,https://cdna.pcpartpicker.com/static/forever/images/product/6a8b5d9683fc5c82d2219c88d093683a.256p.jpg,480 - 2400 RPM,,White,360 mm,
Alpenföhn Glacier Water 240,https://pcpartpicker.com/product/9fddnQ/alpenfohn-glacier-water-240-545-cfm-liquid-cpu-cooler-84000000178,https://cdna.pcpartpicker.com/static/forever/images/product/d7c21aa20de7e4392ee708c573b8f38e.256p.jpg,500 - 1600 RPM,23.5 dB,Black,240 mm,361.43
Corsair H150,https://pcpartpicker.com/product/r3VmP6/corsair-h150-4773-cfm-liquid-cpu-cooler-cw-9060054-ww,https://cdna.pcpartpicker.com/static/forever/images/product/0bcff3cd5905123436fba22d41e2f3fc.256p.jpg,1500 RPM,18 - 26.5 dB,Black,360 mm,
Corsair iCUE H170i ELITE CAPELLIX XT,https://pcpartpicker.com/product/HLkH99/corsair-icue-h170i-elite-capellix-xt-89-cfm-liquid-cpu-cooler-cw-9060071-ww,https://cdna.pcpartpicker.com/static/forever/images/product/d53f6c849e3a01fba78e3d93a7e4ceeb.256p.jpg,500 - 1700 RPM,5 - 33.8 dB,Black,420 mm,
ARCTIC Freezer 34 eSports DUO,https://pcpartpicker.com/product/J7ZzK8/arctic-freezer-34-esports-duo-cpu-cooler-acfre00074a,https://cdna.pcpartpicker.com/static/forever/images/product/4e9a830291d7c85c8cdbeafacca2a2b7.256p.jpg,200 - 2100 RPM,24.4 dB,White / Gray,,
Inter-Tech ALSEYE Star Warriors W700 Pro,https://pcpartpicker.com/product/tPDnTW/inter-tech-alseye-star-warriors-w700-pro-9329-cfm-cpu-cooler-star-warriors-series-700pro-b,https://m.media-amazon.com/images/I/41j6YZwUEwL.jpg,900 - 3000 RPM,45 dB,Black,,89.99
Asus ROG RYUJIN III 360 ARGB EVA-02 EDITION,https://pcpartpicker.com/product/RTtLrH/asus-rog-ryujin-iii-360-argb-eva-02-edition-7007-cfm-liquid-cpu-cooler-rog-ryujin-iii-360-argb-eva-02-edition,https://m.media-amazon.com/images/I/31XrVjghACL.jpg,600 - 2200 RPM,36.45 dB,Red / Black,360 mm,
GAMDIAS AURA GL240 V2,https://pcpartpicker.com/product/LrLp99/gamdias-aura-gl240-v2-736-cfm-liquid-cpu-cooler-aura-gl240-v2,https://m.media-amazon.com/images/I/31btp1OfDUL.jpg,800 - 1800 RPM,33.8 dB,,240 mm,59.99
ARCTIC Freezer 7 Pro Rev.2,https://pcpartpicker.com/product/VRPfrH/arctic-freezer-7-pro-rev2-45-cfm-fluid-dynamic-bearing-cpu-cooler-freezer-7-pro-rev2,https://cdna.pcpartpicker.com/static/forever/images/product/3fadc2cc35efeea1f4d28e5a5f9670af.med.256p.jpg,900 - 2500 RPM,,,,
Asus ROG Ryujin III,https://pcpartpicker.com/product/43grxr/asus-rog-ryujin-iii-7007-cfm-liquid-cpu-cooler-rog-ryujin-iii-240-argb-wht,https://cdna.pcpartpicker.com/static/forever/images/product/9faeb1eaee6c1bc30075c079f07121ad.256p.jpg,600 - 2200 RPM,36.45 dB,White,240 mm,184.99
Noctua NH-U12S TR4-SP3,https://pcpartpicker.com/product/NDtWGX/noctua-nh-u12s-tr4-sp3-5497-cfm-cpu-cooler-nh-u12s-tr4-sp3,https://cdna.pcpartpicker.com/static/forever/images/product/9403bbcd7fe9b1572136b936186b1ada.256p.jpg,300 - 1500 RPM,18.6 - 22.4 dB,,,99.95
Thermaltake TH280 V2 ARGB Sync,https://pcpartpicker.com/product/PFxxFT/thermaltake-th280-v2-argb-sync-8432-cfm-liquid-cpu-cooler-cl-w375-pl14sw-a,https://cdna.pcpartpicker.com/static/forever/images/product/a2e5487a4240cd151429ab479f85c598.256p.jpg,500 - 1800 RPM,34.7 dB,Black,280 mm,
Montech NX600 ARGB,https://pcpartpicker.com/product/RCVfrH/montech-nx600-argb-8509-cfm-cpu-cooler-nx600-argb-white,https://cdna.pcpartpicker.com/static/forever/images/product/9632c6961ef330a6f41af77975db9a8b.256p.jpg,800 - 2000 RPM,34.17 dB,White,,30.71
Deepcool LE240 V2,https://pcpartpicker.com/product/cxNscf/deepcool-le240-v2-7589-cfm-liquid-cpu-cooler-r-le240-whammn-g-2,https://cdna.pcpartpicker.com/static/forever/images/product/9754cc226576854aba3b601b73f14aef.256p.jpg,500 - 2100 RPM,31.6 dB,White,240 mm,
NZXT Kraken X63 RGB,https://pcpartpicker.com/product/cVJmP6/nzxt-kraken-x63-rgb-9119-cfm-liquid-cpu-cooler-rl-krx63-r1,https://cdna.pcpartpicker.com/static/forever/images/product/7cc6ec59c110357c95ea05e53d03f833.256p.jpg,500 - 1500 RPM,22 - 33 dB,Black,280 mm,
Deepcool LS720 WH,https://pcpartpicker.com/product/q86p99/deepcool-ls720-wh-8585-cfm-liquid-cpu-cooler-r-ls720-whamnt-g-1,https://cdna.pcpartpicker.com/static/forever/images/product/9de5da32cc25f0504018cac6128cef04.256p.jpg,500 - 2250 RPM,32.9 dB,White,360 mm,
Deepcool CASTLE 240EX A-RGB,https://pcpartpicker.com/product/dPrRsY/deepcool-castle-240ex-a-rgb-6934-cfm-liquid-cpu-cooler-dp-gs-h12w-csl240ex-ar,https://cdna.pcpartpicker.com/static/forever/images/product/4f8808665c5c8c819162044438ea60da.256p.jpg,500 - 1800 RPM,30 dB,Black,240 mm,
Asus ROG RYUJIN II,https://pcpartpicker.com/product/QyxRsY/asus-rog-ryujin-ii-716-cfm-liquid-cpu-cooler-rog-ryujin-ii-360,https://cdna.pcpartpicker.com/static/forever/images/product/043bc057c32dd8030c6f5cb02b550d29.256p.jpg,450 - 2000 RPM,29.7 dB,Black,360 mm,
Thermalright Elite Vision 360 ARGB,https://pcpartpicker.com/product/XgDQzy/thermalright-elite-vision-360-argb-69-cfm-liquid-cpu-cooler-elite-vision-360-white-argb,https://m.media-amazon.com/images/I/31sS1kHSQtL.jpg,2150 RPM,27 dB,White,360 mm,
Cooler Master Hyper 622 Halo,https://pcpartpicker.com/product/MkDQzy/cooler-master-hyper-622-halo-5188-cfm-cpu-cooler-rr-d6ww-20pa-r1,https://cdna.pcpartpicker.com/static/forever/images/product/ac48b3707faf04ab9615570b38abad4e.256p.jpg,650 - 2050 RPM,27 dB,White,,58.86
TRYX PANORAMA ARGB (2024),https://pcpartpicker.com/product/tg88TW/tryx-panorama-argb-9029-cfm-liquid-cpu-cooler-l-p280a-as2m-g0k,https://cdna.pcpartpicker.com/static/forever/images/product/3e35f0c6c3692b7f5a30767a397e5caf.256p.jpg,500 - 1450 RPM,27.07 dB,Black,280 mm,329.99
Lian Li Galahad II Trinity SL-INF,https://pcpartpicker.com/product/X6qrxr/lian-li-galahad-ii-trinity-sl-inf-613-cfm-liquid-cpu-cooler-ga2t24inw,https://cdna.pcpartpicker.com/static/forever/images/product/14569d99be4e254be216f5f4b165d343.256p.jpg,2100 RPM,29 dB,White,240 mm,
Corsair H80i v2,https://pcpartpicker.com/product/9FgPxr/corsair-h80i-v2-7069-cfm-liquid-cpu-cooler-cw-9060024-ww,https://images-fe.ssl-images-amazon.com/images/I/41vqiDrvrIL.jpg,2435 RPM,37.7 dB,,120 mm,
Thermaltake TH120 ARGB Sync,https://pcpartpicker.com/product/wCxRsY/thermaltake-th120-argb-sync-5928-cfm-liquid-cpu-cooler-cl-w346-pl12sw-a,https://cdna.pcpartpicker.com/static/forever/images/product/879f648a99976d305e9c55400085f85d.256p.jpg,1500 RPM,28.2 dB,White,120 mm,64.99
ID-COOLING FROZN A620 ARGB WHITE,https://pcpartpicker.com/product/Jqgrxr/id-cooling-frozn-a620-argb-white-78-cfm-cpu-cooler-frozn-a620-argb-white,https://m.media-amazon.com/images/I/41LlYeGbEUL.jpg,500 - 2000 RPM,29.9 dB,White,,49.99
Thermaltake TH280 V2 ARGB Sync,https://pcpartpicker.com/product/hPhv6h/thermaltake-th280-v2-argb-sync-8432-cfm-liquid-cpu-cooler-cl-w375-pl14mg-a,https://m.media-amazon.com/images/I/31N1bKYF70L.jpg,500 - 1800 RPM,25.8 dB,Green,280 mm,
Thermalright SI-100,https://pcpartpicker.com/product/MkkH99/thermalright-si-100-7237-cfm-cpu-cooler-tr-si-100,https://cdna.pcpartpicker.com/static/forever/images/product/b681198865713babc872cc8c37e92c1e.256p.jpg,2000 RPM,27.7 dB,Gray / Silver,,28.29
Silverstone SST-XE01-1700A,https://pcpartpicker.com/product/WKJp99/silverstone-sst-xe01-1700a-1579-cfm-cpu-cooler-sst-xe01-1700a,https://m.media-amazon.com/images/I/41NUO6Uj-ML.jpg,1000 - 5500 RPM,58.1 dB,Black,,47.89
Cooler Master MasterLiquid Lite 240,https://pcpartpicker.com/product/9gRFf7/cooler-master-masterliquid-lite-240-667-cfm-liquid-cpu-cooler-mlw-d24m-a20pw-r1,https://cdna.pcpartpicker.com/static/forever/images/product/936fbad6cac2656c3a04f059e2c15fd2.256p.jpg,650 - 2000 RPM,6 - 30 dB,,240 mm,
NZXT Kraken X73 RGB,https://pcpartpicker.com/product/HX3gXL/nzxt-kraken-x73-rgb-5244-cfm-liquid-cpu-cooler-rl-krx73-rw,https://cdna.pcpartpicker.com/static/forever/images/product/0d99565a8dafa7f8051ba6b1fe1b2fb6.256p.jpg,500 - 1500 RPM,22 - 33 dB,White / Black,360 mm,
Jonsbo TG-360,https://pcpartpicker.com/product/3RgZxr/jonsbo-tg-360-liquid-cpu-cooler-tg-360-black,https://cdna.pcpartpicker.com/static/forever/images/product/7ed8d13e452f3f0de89a249de74b7e1b.256p.jpg,900 - 1800 RPM,,Black,360 mm,
PC Cooler RZ620,https://pcpartpicker.com/product/Kv62FT/pc-cooler-rz620-8673-cfm-cpu-cooler-rz620-xxnwnx-gl,https://cdna.pcpartpicker.com/static/forever/images/product/f40f8f3b7af9f3d0d825d0901eadd6bd.256p.jpg,500 - 2200 RPM,28 - 32 dB,Black,,81.00
Noctua NH-U9B SE2,https://pcpartpicker.com/product/Y4fp99/noctua-nh-u9b-se2-3786-cfm-cpu-cooler-nh-u9b-se2,https://cdna.pcpartpicker.com/static/forever/images/product/5a7e17771baa12d656af9e55881136f0.256p.jpg,1000 - 1600 RPM,7.9 - 17.6 dB,,,
NZXT Kraken X53 RGB,https://pcpartpicker.com/product/CYhFf7/nzxt-kraken-x53-rgb-5244-cfm-liquid-cpu-cooler-rl-krx53-rw,https://cdna.pcpartpicker.com/static/forever/images/product/219cb4b543ac3170f7732766db5eab1f.256p.jpg,500 - 1500 RPM,22 - 33 dB,White / Black,240 mm,179.99
Deepcool LD240,https://pcpartpicker.com/product/yYGhP6/deepcool-ld240-7204-cfm-liquid-cpu-cooler-r-ld240-bkmsn-g-1,https://cdna.pcpartpicker.com/static/forever/images/product/fa21df48f0c99f6e5b99a0bcdc656071.256p.jpg,600 - 2400 RPM,38.71 dB,Black,240 mm,
ENDORFY Fortis 5 Black ARGB,https://pcpartpicker.com/product/kjpD4D/endorfy-fortis-5-black-argb-cpu-cooler-ey3a014,https://m.media-amazon.com/images/I/41WIaLnyo3L.jpg,,,Black,,
Antec A400i,https://pcpartpicker.com/product/mkZXsY/antec-a400i-72-cfm-cpu-cooler-0-761345-10913-0,https://cdna.pcpartpicker.com/static/forever/images/product/19fe542ce3692866f04e00e7b433d78c.256p.jpg,800 - 1800 RPM,20 - 36 dB,Black / Silver,,37.71
Corsair H80i GT,https://pcpartpicker.com/product/G7PzK8/corsair-h80i-gt-7069-cfm-liquid-cpu-cooler-cw-9060017-ww,https://m.media-amazon.com/images/I/41Esp44HM-L.jpg,2435 RPM,37.7 dB,,120 mm,
Cooler Master MasterLiquid ML280 Mirror,https://pcpartpicker.com/product/66JmP6/cooler-master-masterliquid-ml280-mirror-liquid-cpu-cooler-mlx-d28m-a14pk-r1,https://cdna.pcpartpicker.com/static/forever/images/product/01020c82f803219922bb5251cff3ba2a.256p.jpg,650 - 1400 RPM,10 - 27 dB,Black,280 mm,
Lian Li GALAHAD AIO 240 RGB,https://pcpartpicker.com/product/tYZzK8/lian-li-galahad-aio-240-rgb-6917-cfm-liquid-cpu-cooler-galahad-aio-240-rgb-black,https://cdna.pcpartpicker.com/static/forever/images/product/e3cdbb4c7c3a6b01f384cc1557689f71.256p.jpg,800 - 1900 RPM,,Black / Silver,240 mm,
Asus ROG RYUO III 240 ARGB WHITE EDITION,https://pcpartpicker.com/product/Vwt9TW/asus-rog-ryuo-iii-240-argb-white-edition-7007-cfm-liquid-cpu-cooler-rog-ryuo-iii-240-argb-white-edition,https://cdna.pcpartpicker.com/static/forever/images/product/bf64fbd976dbff6620914af04f1c3371.256p.jpg,2200 RPM,36.45 dB,White,240 mm,119.99
Gigabyte AORUS WATERFORCE 280,https://pcpartpicker.com/product/WnVmP6/gigabyte-aorus-waterforce-280-liquid-cpu-cooler-gp-aorus-waterforce-280,https://cdna.pcpartpicker.com/static/forever/images/product/31f9f669a779a52bd8591cc9313cdefb.256p.jpg,950 - 2150 RPM,17.1 - 36.5 dB,Black,280 mm,145.51
EK AIO 240 D-RGB,https://pcpartpicker.com/product/svkgXL/ek-aio-240-d-rgb-6604-cfm-liquid-cpu-cooler-ek-aio-240-d-rgb,https://cdna.pcpartpicker.com/static/forever/images/product/192c7c7ca19b40fe8dcfa666ae7ba8be.256p.jpg,450 - 2600 RPM,36.4 dB,Black,240 mm,
Corsair H100,https://pcpartpicker.com/product/khnypg/corsair-h100-4773-cfm-liquid-cpu-cooler-cw-9060053-ww,https://cdna.pcpartpicker.com/static/forever/images/product/57af7f998a4c9485bf1bbfa0af791310.256p.jpg,1500 RPM,18 - 26.5 dB,Black,240 mm,
IceGiant ProSiphon Elite,https://pcpartpicker.com/product/Py6p99/icegiant-prosiphon-elite-cpu-cooler-prosiphon-elite,https://cdna.pcpartpicker.com/static/forever/images/product/becd1c31adb1bd2c5811da24339430e2.256p.jpg,300 - 2300 RPM,,Black,,
Mars Gaming ML-PRO360,https://pcpartpicker.com/product/XP7MnQ/mars-gaming-ml-pro360-85-cfm-liquid-cpu-cooler-mlpr0360,https://m.media-amazon.com/images/I/418MCuMx1HL.jpg,800 - 2000 RPM,9 - 27 dB,Black,360 mm,
Silverstone Hydrogon H90 ARGB,https://pcpartpicker.com/product/QBgFf7/silverstone-hydrogon-h90-argb-4573-cfm-cpu-cooler-sst-hyh90-argb,https://m.media-amazon.com/images/I/41iE9hBL5IL.jpg,500 - 2600 RPM,11.3 - 34.6 dB,Black / Silver,,67.99
ASRock Pro ARGB,https://pcpartpicker.com/product/4HFCmG/asrock-pro-argb-626-cfm-liquid-cpu-cooler-90-apra24-baaga6,https://cdna.pcpartpicker.com/static/forever/images/product/45d6a1f0dd6de567c87bf3b9714f3245.256p.jpg,,31 dB,Black,240 mm,59.99
Asus ROG RYUJIN 360,https://pcpartpicker.com/product/Kv7v6h/asus-rog-ryujin-360-1218-cfm-liquid-cpu-cooler-rog-ryujin-360,https://cdna.pcpartpicker.com/static/forever/images/product/d6493566dc09c44106d3f1ecbaf8ea3d.256p.jpg,450 - 2000 RPM,29.7 dB,Black,360 mm,
Deepcool Assassin 4S,https://pcpartpicker.com/product/yWsV3C/deepcool-assassin-4s-6125-cfm-cpu-cooler-r-asn4s-whgpmn-g,https://cdna.pcpartpicker.com/static/forever/images/product/51e94b5f13599286540dc7fb6c101e90.256p.jpg,500 - 1800 RPM,29.3 dB,White,,
KOLINK Umbra Void,https://pcpartpicker.com/product/62CZxr/kolink-umbra-void-652-cfm-liquid-cpu-cooler-pgw-cc-kol-004,https://cdna.pcpartpicker.com/static/forever/images/product/8aa5713d8752fc2449d72e6d17704b40.256p.jpg,2200 RPM,30 dB,Black,240 mm,
ID-COOLING FROZN A620 PRO SE ARGB,https://pcpartpicker.com/product/kY6NnQ/id-cooling-frozn-a620-pro-se-argb-58-cfm-cpu-cooler-frozn-a620-pro-se-argb,https://m.media-amazon.com/images/I/51WpsYf1j2L.jpg,300 - 2000 RPM,27.2 dB,Black,,
Jonsbo CR-1300 EVO,https://pcpartpicker.com/product/DTHp99/jonsbo-cr-1300-evo-42-cfm-cpu-cooler-cr-1300-evo,https://cdna.pcpartpicker.com/static/forever/images/product/d11790d2f2f5dba51e8d32c3f32ff354.256p.jpg,800 - 2000 RPM,28.2 dB,Black / Silver,,
ID-COOLING SE-224-XTS ARGB,https://pcpartpicker.com/product/zTTZxr/id-cooling-se-224-xts-argb-70-cfm-cpu-cooler-se-224-xts-argb,https://cdna.pcpartpicker.com/static/forever/images/product/a2e777317adfebf12c6bbb4be2403133.256p.jpg,600 - 1500 RPM,28.9 dB,Black,,
EVGA CLC 240,https://pcpartpicker.com/product/krZ2FT/evga-clc-240-7482-cfm-liquid-cpu-cooler-400-hy-cl24-v1,https://cdna.pcpartpicker.com/static/forever/images/product/98a3497949301d031e7fe469b79a0395.256p.jpg,500 - 2400 RPM,16 - 39.9 dB,,240 mm,
Deepcool GAMMAXX GT A-RGB,https://pcpartpicker.com/product/gbQfrH/deepcool-gammaxx-gt-a-rgb-645-cfm-cpu-cooler-dp-mch4-gmx-gt-argb,https://cdna.pcpartpicker.com/static/forever/images/product/b3c1c02c022ed5e0a893616ec10e9134.256p.jpg,500 - 1650 RPM,27.8 dB,Black / Silver,,
Deepcool GAMMAXX GTE V2,https://pcpartpicker.com/product/fNLwrH/deepcool-gammaxx-gte-v2-645-cfm-cpu-cooler-dp-mch4-gmx-gtev2,https://cdna.pcpartpicker.com/static/forever/images/product/b3255d5f89655429300caed3abff0010.256p.jpg,500 - 1650 RPM,27.8 dB,Black / White,,
ALPHAGEAR AirChill NOVA 65D,https://pcpartpicker.com/product/6vYfrH/alphagear-airchill-nova-65d-832-cfm-cpu-cooler-ag-nova65d-bk,https://cdna.pcpartpicker.com/static/forever/images/product/864d7853d1c8b6725afe7d0ac1d532b7.256p.jpg,800 - 1800 RPM,36.7 dB,Black,,
be quiet! Dark Rock TF 2,https://pcpartpicker.com/product/GTpzK8/be-quiet-dark-rock-tf-2-cpu-cooler-bk031,https://cdna.pcpartpicker.com/static/forever/images/product/86f71b34e9f91af088d09a4aaac766c2.256p.jpg,1400 RPM,,Black,,176.95
ENDORFY Spartan 5 MAX,https://pcpartpicker.com/product/nKQKHx/endorfy-spartan-5-max-cpu-cooler-ey3a003,https://cdna.pcpartpicker.com/static/forever/images/product/c1ff52afc71207c9a6b7bdc4609cc460.256p.jpg,250 - 1500 RPM,,Black / Silver,,
Cooler Master MasterLiquid ML240L RGB,https://pcpartpicker.com/product/RcdFf7/cooler-master-masterliquid-ml240l-rgb-667-cfm-liquid-cpu-cooler-mlw-d24m-a20pc-r1,https://cdna.pcpartpicker.com/static/forever/images/product/a34cda2e4fd2837ff90811e8395be84b.256p.jpg,650 - 2000 RPM,6 - 30 dB,,240 mm,
Thermalright Frost Commander 140,https://pcpartpicker.com/product/2KM48d/thermalright-frost-commander-140-955-cfm-cpu-cooler-fc140,https://m.media-amazon.com/images/I/51rgxAW9I9L.jpg,1800 RPM,30.2 dB,Gray,,40.13
ID-COOLING FROZN A410 ARGB WHITE,https://pcpartpicker.com/product/dtbRsY/id-cooling-frozn-a410-argb-white-78-cfm-cpu-cooler-frozn-a410-argb-white,/static/forever/img/no-image.png,500 - 2000 RPM,29.9 dB,White,,33.99
LevelPlay CL240 ARGB,https://pcpartpicker.com/product/MNwD4D/levelplay-cl240-argb-53-cfm-liquid-cpu-cooler-lrw-m12nn-18apn-gn1,https://m.media-amazon.com/images/I/41Rms0jj02L.jpg,,0 - 26 dB,Black,240 mm,89.99
Corsair iCUE LINK H100i LCD,https://pcpartpicker.com/product/YZrqqs/corsair-icue-link-h100i-lcd-631-cfm-liquid-cpu-cooler-cw-9061007-ww,https://cdna.pcpartpicker.com/static/forever/images/product/be46c96e42529a75a61ca2ac3559a7e0.256p.jpg,480 - 2400 RPM,,Black,240 mm,
MSI MAG CORELIQUID 240R V2,https://pcpartpicker.com/product/2KzhP6/msi-mag-coreliquid-240r-v2-7873-cfm-liquid-cpu-cooler-mag-coreliquid-240r-v2-white,https://cdna.pcpartpicker.com/static/forever/images/product/f06a636d0b922022d860c4ca170b7121.256p.jpg,500 - 2000 RPM,14.3 - 34.3 dB,White,240 mm,
MSI MAG CORELIQUID C360,https://pcpartpicker.com/product/Jy7G3C/msi-mag-coreliquid-c360-7873-cfm-liquid-cpu-cooler-mag-coreliquid-c360,https://cdna.pcpartpicker.com/static/forever/images/product/a3bb22799c4d271679027a448def0c3b.256p.jpg,500 - 2000 RPM,14.3 - 34.3 dB,Black,360 mm,
be quiet! Shadow Rock 3,https://pcpartpicker.com/product/NHCFf7/be-quiet-shadow-rock-3-cpu-cooler-bk005,https://cdna.pcpartpicker.com/static/forever/images/product/b1b3f94b4f04066348d4f492ed889cdd.256p.jpg,,11.5 - 24.4 dB,White / Black,,
Cooler Master MasterLiquid Atmos II LCD,https://pcpartpicker.com/product/fYtkcf/cooler-master-masterliquid-atmos-ii-lcd-190-cfm-liquid-cpu-cooler-mlx-d36m-a25sz-lw,https://cdna.pcpartpicker.com/static/forever/images/product/4ea7902670240928deb068937408aa4c.256p.jpg,690 - 2500 RPM,38.5 dB,White,360 mm,195.79
Deepcool LT360 ARGB,https://pcpartpicker.com/product/Rgh2FT/deepcool-lt360-argb-7204-cfm-liquid-cpu-cooler-r-lt360-whamnc-g-1,https://cdna.pcpartpicker.com/static/forever/images/product/1ff32144fd96a1996fe64d0141080603.256p.jpg,600 - 2400 RPM,38.71 dB,White,360 mm,
Asus ROG STRIX LC II 280 ARGB,https://pcpartpicker.com/product/fTPQzy/asus-rog-strix-lc-ii-280-argb-1023-cfm-liquid-cpu-cooler-rog-strix-lc-ii-280-argb,https://cdna.pcpartpicker.com/static/forever/images/product/3a6396e059247aa5c49a6f2dbbe853df.256p.jpg,700 - 2100 RPM,35.7 dB,Black,280 mm,
TRYX PANORAMA,https://pcpartpicker.com/product/J8LdnQ/tryx-panorama-8132-cfm-liquid-cpu-cooler-l-p360n-ds3m-g0w,https://cdna.pcpartpicker.com/static/forever/images/product/121b98a6967bf3902291de2c22420251.256p.jpg,500 - 2250 RPM,30.97 dB,White,360 mm,
Lian Li GALAHAD AIO 240 RGB,https://pcpartpicker.com/product/pYZzK8/lian-li-galahad-aio-240-rgb-6917-cfm-liquid-cpu-cooler-galahad-aio-240-rgb-white,https://cdna.pcpartpicker.com/static/forever/images/product/5d56a7077890f0a9fb9dc59c7a44e39c.256p.jpg,800 - 1900 RPM,,White / Silver,240 mm,
be quiet! Dark Rock Pro 3,https://pcpartpicker.com/product/9bFPxr/be-quiet-cpu-cooler-bk019,https://cdna.pcpartpicker.com/static/forever/images/product/be4eb20820d2124c46b415e4a4d8a02f.256p.jpg,1400 - 1700 RPM,13.2 - 26.1 dB,,,
ASRock Challenger Pure,https://pcpartpicker.com/product/L8cBD3/asrock-challenger-pure-539-cfm-liquid-cpu-cooler-90-acla36-bdkga6,https://cdna.pcpartpicker.com/static/forever/images/product/0635ad91e3a71495db98d0e2c9111b7b.256p.jpg,,27 dB,Black,360 mm,65.98
Cooler Master MasterLiquid 360 Ion,https://pcpartpicker.com/product/9xwmP6/cooler-master-masterliquid-360-ion-752-cfm-liquid-cpu-cooler-mly-d36m-a24pz-r1,https://cdna.pcpartpicker.com/static/forever/images/product/e33dad0f39d27dabe1e072733ad0bc9f.256p.jpg,,30 dB,Black,360 mm,
Lian Li Galahad II Trinity,https://pcpartpicker.com/product/dkgrxr/lian-li-galahad-ii-trinity-799-cfm-liquid-cpu-cooler-ga2t24w,https://cdna.pcpartpicker.com/static/forever/images/product/14569d99be4e254be216f5f4b165d343.256p.jpg,2450 RPM,35.4 dB,White,240 mm,213.62
Thermaltake MAGFloe 420 Ultra ARGB Sync,https://pcpartpicker.com/product/VBh2FT/thermaltake-magfloe-420-ultra-argb-sync-816-cfm-liquid-cpu-cooler-cl-w452-pl14sw-a,https://m.media-amazon.com/images/I/317lesTDU-L.jpg,500 - 2000 RPM,34.5 dB,White,420 mm,264.98
NZXT Kraken X73 RGB,https://pcpartpicker.com/product/sPjNnQ/nzxt-kraken-x73-rgb-5244-cfm-liquid-cpu-cooler-rl-krx73-r1,https://cdna.pcpartpicker.com/static/forever/images/product/2a498286fcfa7826c0913bbe1d018bf8.256p.jpg,500 - 1500 RPM,22 - 33 dB,Black,360 mm,
ENDORFY Fortis 5,https://pcpartpicker.com/product/MHTZxr/endorfy-fortis-5-cpu-cooler-ey3a008,https://cdna.pcpartpicker.com/static/forever/images/product/69c30d2a2dc0573a39826e5707b0fa85.256p.jpg,250 - 1400 RPM,,Black / Silver,,
Thermalright Hyper Vision ARGB,https://pcpartpicker.com/product/nV62FT/thermalright-hyper-vision-argb-69-cfm-liquid-cpu-cooler-hyper-vision-360-argb-white,https://cdna.pcpartpicker.com/static/forever/images/product/637e63ba2d51ba9d86de513da0be92d6.256p.jpg,2150 RPM,27 dB,White,360 mm,124.59
Dynatron K129,https://pcpartpicker.com/product/tFGxFT/dynatron-k129-fanless-cpu-cooler-k129,https://m.media-amazon.com/images/I/31s+T2tCFNL.jpg,,0 dB,Orange,,44.95
Evercool HPH-9525CU,https://pcpartpicker.com/product/4kBv6h/evercool-cpu-cooler-hph9525cu,https://m.media-amazon.com/images/I/41kQAA5pdGL.jpg,1800 RPM,20 dB,,,17.00
Thermaltake ASTRIA 400 ARGB,https://pcpartpicker.com/product/JpP8TW/thermaltake-astria-400-argb-65-cfm-cpu-cooler-cl-p120-ca12sw-a,https://cdna.pcpartpicker.com/static/forever/images/product/c05eee3e8d407787b74d31aa7b513ad2.256p.jpg,500 - 1800 RPM,26.8 dB,Black,,34.99
Jonsbo CR-1000 EVO ARGB White,https://pcpartpicker.com/product/XcGhP6/jonsbo-cr-1000-evo-argb-white-5948-cfm-cpu-cooler-cr-1000-evo-argb-white,https://cdna.pcpartpicker.com/static/forever/images/product/ca24b604859cb88d67a4fa6dfcdcb1cd.256p.jpg,600 - 1500 RPM,22 - 32 dB,White,,
Cooler Master A71C,https://pcpartpicker.com/product/8HrYcf/cooler-master-a71c-3899-cfm-cpu-cooler-rr-a71c-18pa-r1,https://cdna.pcpartpicker.com/static/forever/images/product/0ce4064cacb30fd6175fa4f89978f57f.256p.jpg,650 - 1800 RPM,24.9 dB,Black,,
ENDORFY Navis F360,https://pcpartpicker.com/product/kzKscf/endorfy-navis-f360-liquid-cpu-cooler-ey3b003,https://cdna.pcpartpicker.com/static/forever/images/product/d1f728f4cffda4bc9e2d08c27da2012a.256p.jpg,250 - 1800 RPM,,Black,360 mm,
Asus ROG STRIX LC III ARGB,https://pcpartpicker.com/product/z6Jp99/asus-rog-strix-lc-iii-argb-7038-cfm-liquid-cpu-cooler-rog-strix-lc-iii-240-argb,https://cdna.pcpartpicker.com/static/forever/images/product/c534611aeeca876decc12a0d9e64ef05.256p.jpg,800 - 2200 RPM,36 dB,Black,240 mm,179.99
Asus ROG STRIX LC III,https://pcpartpicker.com/product/TYkH99/asus-rog-strix-lc-iii-7038-cfm-liquid-cpu-cooler-rog-strix-lc-iii-360,https://cdna.pcpartpicker.com/static/forever/images/product/6ae3ad02eb724bb7c16cf8873e2c37db.256p.jpg,800 - 2200 RPM,36 dB,Black,360 mm,271.00
Thermaltake Contac Silent 12,https://pcpartpicker.com/product/gTGj4D/thermaltake-contac-silent-12-743-cfm-cpu-cooler-cl-p039-al12bl-a,https://m.media-amazon.com/images/I/51CTKsf3kgL.jpg,400 - 1500 RPM,22.1 - 28.8 dB,,,29.99
ID-COOLING SL240,https://pcpartpicker.com/product/jhdG3C/id-cooling-sl240-78-cfm-liquid-cpu-cooler-sl240-white,https://m.media-amazon.com/images/I/41ZS8bLJaWL.jpg,500 - 2000 RPM,29.9 dB,White,240 mm,89.99
Cooler Master MasterAir MA824 Stealth,https://pcpartpicker.com/product/ZQGhP6/cooler-master-masterair-ma824-stealth-636-cfm-cpu-cooler-mam-d8pn-318pk-r1,https://cdna.pcpartpicker.com/static/forever/images/product/1c2647683a225a3e833f401d6cc5800c.256p.jpg,,0 - 24.6 dB,Black,,
be quiet! Pure Rock,https://pcpartpicker.com/product/cwPzK8/be-quiet-cpu-cooler-bk009,https://m.media-amazon.com/images/I/41wGXPrSXyL.jpg,1500 RPM,19.1 - 26.8 dB,,,
NZXT Kraken X72,https://pcpartpicker.com/product/nGjJ7P/nzxt-kraken-x72-liquid-cpu-cooler-rl-krx72-01,https://cdna.pcpartpicker.com/static/forever/images/product/4cf4c2eb341c289bf56b0c0dee237e7b.256p.jpg,500 - 2000 RPM,21 - 36 dB,Black,360 mm,
Valkyrie Vind 125 SL,https://pcpartpicker.com/product/GrG2FT/valkyrie-vind-125-sl-80-cfm-cpu-cooler-vk-airsl125w,https://m.media-amazon.com/images/I/31gFq7SLdHL.jpg,800 - 2150 RPM,29 dB,White,,64.98
Corsair iCUE H100i RGB ELITE,https://pcpartpicker.com/product/vjNYcf/corsair-icue-h100i-rgb-elite-591-cfm-liquid-cpu-cooler-cw-9060078-ww,https://cdna.pcpartpicker.com/static/forever/images/product/dac1b336c716ec618922b2ba6a510a3f.256p.jpg,400 - 1850 RPM,5 - 28.9 dB,White,240 mm,
Thermaltake TH280 V2 Ultra ARGB Sync,https://pcpartpicker.com/product/gJTZxr/thermaltake-th280-v2-ultra-argb-sync-8432-cfm-liquid-cpu-cooler-cl-w406-pl14sw-a,https://m.media-amazon.com/images/I/31NfwERyQUL.jpg,500 - 2000 RPM,34.7 dB,White,280 mm,134.99
iBuypower AW4,https://pcpartpicker.com/product/GGpQzy/ibuypower-aw4-65-cfm-liquid-cpu-cooler-fan-ibp-006-w-r,https://cdna.pcpartpicker.com/static/forever/images/product/505d80bbb0733da390d511a32c86a86f.256p.jpg,700 - 2000 RPM,38 dB,White,360 mm,79.99
iBuypower AW4,https://pcpartpicker.com/product/NQmNnQ/ibuypower-aw4-65-cfm-liquid-cpu-cooler-fan-ibp-005-w-r,https://m.media-amazon.com/images/I/31e0MDkSJqL.jpg,700 - 2000 RPM,38 dB,White,240 mm,59.99
Thermalright Frozen Notte ARGB V2,https://pcpartpicker.com/product/6YFmP6/thermalright-frozen-notte-argb-v2-7237-cfm-liquid-cpu-cooler-frozen-notte-240-black-argb-v2,https://cdna.pcpartpicker.com/static/forever/images/product/4bd596fcdcfbe288fa0945695df01aee.256p.jpg,2000 RPM,27.7 dB,Black,240 mm,
Thermaltake TH280 V2 Ultra ARGB Sync,https://pcpartpicker.com/product/YFYRsY/thermaltake-th280-v2-ultra-argb-sync-8432-cfm-liquid-cpu-cooler-cl-w385-pl14sw-a,https://cdna.pcpartpicker.com/static/forever/images/product/079fba4f548c0f838b4b066fa0b355d1.256p.jpg,500 - 2000 RPM,34.7 dB,Black,280 mm,129.99
Ocypus Delta A62 ARGB,https://pcpartpicker.com/product/6Vqrxr/ocypus-delta-a62-argb-73-cfm-cpu-cooler-delta-a62-bk-argb,https://m.media-amazon.com/images/I/41KzSluMk9L.jpg,500 - 2000 RPM,29 dB,Black,,39.99
Asus ROG STRIX LC II,https://pcpartpicker.com/product/XmvdnQ/asus-rog-strix-lc-ii-8095-cfm-liquid-cpu-cooler-rog-strix-lc-ii-360,https://m.media-amazon.com/images/I/41Y+WoHpooL.jpg,800 - 2500 RPM,37.6 dB,Black,360 mm,
ID-COOLING SE-903-XT,https://pcpartpicker.com/product/FG92FT/id-cooling-se-903-xt-458-cfm-cpu-cooler-se-903-xt,https://cdna.pcpartpicker.com/static/forever/images/product/5ca9703235151bf42ce0666cd1c90cb3.256p.jpg,500 - 2200 RPM,14 - 25.8 dB,,,
Deepcool AK400,https://pcpartpicker.com/product/WLLdnQ/deepcool-ak400-6647-cfm-cpu-cooler-r-ak400-wpnpmn-g,https://cdna.pcpartpicker.com/static/forever/images/product/d1fe7c3e46b07d0df9ef8d21c7808be7.256p.jpg,500 - 1850 RPM,29 dB,Pink / White,,
Fractal Design Celsius S36,https://pcpartpicker.com/product/NMtWGX/fractal-design-celsius-s36-876-cfm-liquid-cpu-cooler-fd-wcu-celsius-s36-bk,https://cdna.pcpartpicker.com/static/forever/images/product/0d556b8a72be0b775fa4262af3383326.256p.jpg,500 - 2000 RPM,32.2 dB,,360 mm,
Corsair iCUE H170i ELITE LCD,https://pcpartpicker.com/product/MbddnQ/corsair-icue-h170i-elite-lcd-829-cfm-liquid-cpu-cooler-cw-9060063-ww,https://cdna.pcpartpicker.com/static/forever/images/product/b93370f1eba2506baa09eb9337787db5.256p.jpg,400 - 1600 RPM,10 - 31.8 dB,Black,420 mm,
upHere UE2T6,https://pcpartpicker.com/product/FgHp99/uphere-ue2t6-68-cfm-cpu-cooler-ue2t6,https://m.media-amazon.com/images/I/41PYqnTY1lL.jpg,600 - 1650 RPM,25 dB,White,,32.99
Thermaltake TH360 V2 Ultra ARGB Sync,https://pcpartpicker.com/product/q33NnQ/thermaltake-th360-v2-ultra-argb-sync-5705-cfm-liquid-cpu-cooler-cl-w405-pl12sw-a,https://cdna.pcpartpicker.com/static/forever/images/product/3484fd5b194f22e1d28c1ce69a0aa009.256p.jpg,500 - 1800 RPM,25.8 dB,White,360 mm,149.99
Deepcool LE520,https://pcpartpicker.com/product/KWrqqs/deepcool-le520-8585-cfm-liquid-cpu-cooler-r-le520-whammn-g-1,https://cdna.pcpartpicker.com/static/forever/images/product/2bcade77a62f16d80c4b29b3ca22836b.256p.jpg,500 - 2250 RPM,32.9 dB,White,240 mm,
GAMDIAS CHIONE P5,https://pcpartpicker.com/product/GssMnQ/gamdias-chione-p5-8181-cfm-liquid-cpu-cooler-chione-p5-360,https://m.media-amazon.com/images/I/41FwZWZTWzL.jpg,400 - 2200 RPM,11 - 34.91 dB,Black,360 mm,129.99
Thermaltake TOUGHLIQUID Ultra RGB,https://pcpartpicker.com/product/CbjRsY/thermaltake-toughliquid-ultra-rgb-107-cfm-liquid-cpu-cooler-cl-w370-pl14sw-a,https://cdna.pcpartpicker.com/static/forever/images/product/003e23d113f8b1ae0c20222f0dce374c.256p.jpg,500 - 2000 RPM,30.7 dB,Black,420 mm,284.98
Thermaltake CLP0556,https://pcpartpicker.com/product/3HmLrH/thermaltake-cpu-cooler-clp0556,https://m.media-amazon.com/images/I/411GNP-heXL.jpg,1900 - 2300 RPM,22 dB,,,14.99
MSI MAG CORELIQUID C240,https://pcpartpicker.com/product/gC4Ycf/msi-mag-coreliquid-c240-7873-cfm-liquid-cpu-cooler-mag-coreliquid-c240,https://cdna.pcpartpicker.com/static/forever/images/product/a5f45341ee2de97d8acceaff551bd89f.256p.jpg,500 - 2000 RPM,14.3 - 34.3 dB,Black,240 mm,
Enermax LIQMAXFLO 360,https://pcpartpicker.com/product/c7n9TW/enermax-liqmaxflo-360-5803-cfm-liquid-cpu-cooler-elc-lmf360t-argb,https://m.media-amazon.com/images/I/31UuUNFqnHL.jpg,500 - 1800 RPM,23.46 dB,Black,360 mm,124.72
Thermaltake MAGFloe 360 Ultra ARGB Sync,https://pcpartpicker.com/product/984Pxr/thermaltake-magfloe-360-ultra-argb-sync-5711-cfm-liquid-cpu-cooler-cl-w433-pl12sw-a,https://m.media-amazon.com/images/I/31zQhBo3LCL.jpg,500 - 2000 RPM,30.6 dB,White,360 mm,179.99
ENDORFY Fortis 5 Dual Fan,https://pcpartpicker.com/product/wbHqqs/endorfy-fortis-5-dual-fan-cpu-cooler-ey3a009,https://cdna.pcpartpicker.com/static/forever/images/product/8a37c42ddfbc903730a86961d0b5bd78.256p.jpg,250 - 1400 RPM,,Black / Silver,,
Cooler Master MasterLiquid 240,https://pcpartpicker.com/product/z9Z2FT/cooler-master-masterliquid-240-667-cfm-liquid-cpu-cooler-mlx-d24m-a20pw-r1,https://cdna.pcpartpicker.com/static/forever/images/product/34c880de55c034f9cee334fe30c6fd2d.256p.jpg,650 - 2000 RPM,6 - 30 dB,,240 mm,
Deepcool CASTLE 360EX A-RGB,https://pcpartpicker.com/product/JDWzK8/deepcool-castle-360ex-a-rgb-6934-cfm-liquid-cpu-cooler-dp-gs-h12w-csl360ex-ar,https://cdna.pcpartpicker.com/static/forever/images/product/fce8bca6c1e311901daf2a68087b694d.256p.jpg,500 - 1800 RPM,30 dB,Black,360 mm,
LC-Power LC-CC-120-RGB,https://pcpartpicker.com/product/BY7scf/lc-power-lc-cc-120-rgb-58-cfm-cpu-cooler-lc-cc-120-rgb,https://m.media-amazon.com/images/I/41usdSqhTrL.jpg,800 - 1800 RPM,,Black,,
ENDORFY Fera 5 Black ARGB,https://pcpartpicker.com/product/8jpD4D/endorfy-fera-5-black-argb-cpu-cooler-ey3a012,https://m.media-amazon.com/images/I/41X8C+UUakL.jpg,250 - 1800 RPM,,Black,,
EK AIO 280 D-RGB,https://pcpartpicker.com/product/ttt9TW/ek-aio-280-d-rgb-116-cfm-liquid-cpu-cooler-ek-aio-280-d-rgb,https://cdna.pcpartpicker.com/static/forever/images/product/d86052340429ded69a94fa65ad8bc642.256p.jpg,500 - 2000 RPM,36.4 dB,Black / Translucent White,280 mm,
Cooler Master Masterliquid 240 Atmos,https://pcpartpicker.com/product/72P8TW/cooler-master-masterliquid-240-atmos-707-cfm-liquid-cpu-cooler-mlx-d24m-a25pz-rw,https://cdna.pcpartpicker.com/static/forever/images/product/9972f225e426ab66a0af050b1b291435.256p.jpg,690 - 2500 RPM,27.2 dB,White,240 mm,116.65
Asus ROG RYUO 240 RGB,https://pcpartpicker.com/product/wW8j4D/asus-rog-ryuo-240-rgb-8095-cfm-liquid-cpu-cooler-rog-ryuo-240,https://cdna.pcpartpicker.com/static/forever/images/product/b5cba8e692656af91eb297d4061ed8eb.256p.jpg,800 - 2500 RPM,37 dB,Black,240 mm,196.99
ENDORFY Fera 5 ARGB,https://pcpartpicker.com/product/crV2FT/endorfy-fera-5-argb-cpu-cooler-ey3a007,https://cdna.pcpartpicker.com/static/forever/images/product/b197a8b3e3cd75873e5fa20e42201e8f.256p.jpg,250 - 1800 RPM,,Black / Silver,,
be quiet! Silent Loop 2 360,https://pcpartpicker.com/product/nx6p99/be-quiet-silent-loop-2-360-7333-cfm-liquid-cpu-cooler-bw012,https://cdna.pcpartpicker.com/static/forever/images/product/c809bc42184c1fe9b8d2ded3d6106932.256p.jpg,2200 RPM,17.7 - 39.8 dB,Black,360 mm,
Jonsbo HX6200D,https://pcpartpicker.com/product/sp88TW/jonsbo-hx6200d-62-cfm-cpu-cooler-hx6200d-white,https://cdna.pcpartpicker.com/static/forever/images/product/4042bcc70bf54c307a8ad8d2866809bb.256p.jpg,700 - 1800 RPM,18.6 - 29.7 dB,White,,79.10
ID-COOLING FROZN A410 GDL,https://pcpartpicker.com/product/4z88TW/id-cooling-frozn-a410-gdl-78-cfm-cpu-cooler-frozn-a410-gdl,https://m.media-amazon.com/images/I/51j9oh9dP7L.jpg,500 - 2000 RPM,29.9 dB,Black / Gold,,29.99
Thermaltake TOUGHLIQUID Ultra,https://pcpartpicker.com/product/YJcG3C/thermaltake-toughliquid-ultra-7269-cfm-liquid-cpu-cooler-cl-w323-pl12gm-b,https://cdna.pcpartpicker.com/static/forever/images/product/13d2170da6aa62a0c8a8647aab55a4c3.256p.jpg,500 - 2500 RPM,28.1 dB,Black,360 mm,169.99
ID-COOLING IS-55 ARGB,https://pcpartpicker.com/product/JbbTwP/id-cooling-is-55-argb-546-cfm-cpu-cooler-is-55-argb,https://m.media-amazon.com/images/I/4161HI5bM4L.jpg,500 - 2000 RPM,31.2 dB,Black,,
GAMDIAS BOREAS P1-720,https://pcpartpicker.com/product/GvDQzy/gamdias-boreas-p1-720-842-cfm-cpu-cooler-boreas-p1-720,https://m.media-amazon.com/images/I/41r6Vf5gCZL.jpg,800 - 2000 RPM,10 - 31 dB,Black,,39.99
Lian Li Galahad II Trinity SL-INF,https://pcpartpicker.com/product/vMTZxr/lian-li-galahad-ii-trinity-sl-inf-613-cfm-liquid-cpu-cooler-ga2t24inb,https://cdna.pcpartpicker.com/static/forever/images/product/8a02b56d216eb013909f746e9f7231fb.256p.jpg,2100 RPM,29 dB,Black,240 mm,
Cooler Master MasterLiquid ML240R RGB,https://pcpartpicker.com/product/Vx22FT/cooler-master-masterliquid-ml240r-rgb-667-cfm-liquid-cpu-cooler-mlx-d24m-a20pc-r1,https://cdna.pcpartpicker.com/static/forever/images/product/ed4aa103ab75bf06e3e1c711559256d4.256p.jpg,650 - 2000 RPM,6 - 30 dB,,240 mm,
Corsair H115i,https://pcpartpicker.com/product/RH2rxr/corsair-h115i-10465-cfm-liquid-cpu-cooler-cw-9060027-ww,https://cdna.pcpartpicker.com/static/forever/images/product/b82b5121048a978da711b4f8e199e4a6.256p.jpg,2000 RPM,40 dB,,280 mm,
Thermaltake Water 3.0 360 ARGB Sync Edition,https://pcpartpicker.com/product/xfNv6h/thermaltake-water-30-360-argb-sync-edition-5645-cfm-liquid-cpu-cooler-cl-w234-pl12sw-a,https://cdna.pcpartpicker.com/static/forever/images/product/72348159ccd0114e590386d4e25586e5.256p.jpg,500 - 1500 RPM,25.8 dB,Black,360 mm,
Thermalright Frost Tower 120,https://pcpartpicker.com/product/K6sV3C/thermalright-frost-tower-120-82-cfm-cpu-cooler-ft120,https://m.media-amazon.com/images/I/51UEchpUJcL.jpg,1850 RPM,29.6 dB,,,
PC Cooler DS360,https://pcpartpicker.com/product/f32j4D/pc-cooler-ds360-8673-cfm-liquid-cpu-cooler-ds360-wh,https://m.media-amazon.com/images/I/31jzIwm5bfL.jpg,500 - 2200 RPM,32 dB,White,360 mm,
Cooler Master MasterLiquid ML240L V2 RGB,https://pcpartpicker.com/product/nHBG3C/cooler-master-masterliquid-ml240l-v2-rgb-62-cfm-liquid-cpu-cooler-mlw-d24m-a18pc-rw,https://cdna.pcpartpicker.com/static/forever/images/product/2c03335f73ba12d4fc6b612a3f042eb8.256p.jpg,650 - 1800 RPM,8 - 27 dB,White / Black,240 mm,
Deepcool AK500 DIGITAL,https://pcpartpicker.com/product/b3Hqqs/deepcool-ak500-digital-6899-cfm-cpu-cooler-r-ak500-bkadmn-g,https://cdna.pcpartpicker.com/static/forever/images/product/f8dec64f97818a154822d449b00a3c26.256p.jpg,500 - 1850 RPM,28 dB,Black,,
Alpenföhn BEN NEVIS,https://pcpartpicker.com/product/kPDzK8/alpenfohn-ben-nevis-560-cfm-cpu-cooler-84000000119,https://cdna.pcpartpicker.com/static/forever/images/product/0c84399a80fd95aa7d19294dc0426ef1.256p.jpg,400 - 1600 RPM,8 - 20.2 dB,,,51.38
be quiet! Dark Rock Pro TR4,https://pcpartpicker.com/product/Z6zkcf/be-quiet-dark-rock-pro-tr4-595-cfm-cpu-cooler-bk023,https://cdna.pcpartpicker.com/static/forever/images/product/423e167605a263167222de9c3f50f723.256p.jpg,1200 - 1500 RPM,12.8 - 24.3 dB,Black,,
ARCTIC Freezer 4U-M,https://pcpartpicker.com/product/4M7scf/arctic-freezer-4u-m-cpu-cooler-acfre00133a,https://cdna.pcpartpicker.com/static/forever/images/product/becd355d3a3754d58df8855d9964429a.256p.jpg,400 - 2300 RPM,40 dB,Black / Silver,,
Deepcool Castle 240 RGB V2,https://pcpartpicker.com/product/tnn8TW/deepcool-castle-240-rgb-v2-6934-cfm-liquid-cpu-cooler-dp-gs-h12ar-csl240v2,https://cdna.pcpartpicker.com/static/forever/images/product/db193820fd2abe981f56a6ab8f7912da.256p.jpg,500 - 1800 RPM,30 dB,Black,240 mm,
Phanteks GLACIER ONE 420D30,https://pcpartpicker.com/product/JD7scf/phanteks-glacier-one-420d30-7193-cfm-liquid-cpu-cooler-ph-go420d30_dbk01,https://cdna.pcpartpicker.com/static/forever/images/product/639f3d1364f7ae5fd02d00492a34efd6.256p.jpg,250 - 1800 RPM,29.5 dB,Black,420 mm,
Cooler Master MasterLiquid Atmos II LCD,https://pcpartpicker.com/product/ZgNscf/cooler-master-masterliquid-atmos-ii-lcd-1414-cfm-liquid-cpu-cooler-mlx-d24m-a25sz-l1,https://m.media-amazon.com/images/I/41f26-YPpvL.jpg,690 - 2500 RPM,36 dB,Black,240 mm,
Deepcool LT520 WH,https://pcpartpicker.com/product/hGGhP6/deepcool-lt520-wh-8585-cfm-liquid-cpu-cooler-r-lt520-whamnf-g-1,https://cdna.pcpartpicker.com/static/forever/images/product/0bb64dbb14e614f23b76ccffb86c252f.256p.jpg,500 - 2250 RPM,32.9 dB,White,240 mm,
Lian Li HydroShift LCD 360R RGB,https://pcpartpicker.com/product/k8DQzy/lian-li-hydroshift-lcd-360r-rgb-799-cfm-liquid-cpu-cooler-hslcd36rw,https://cdna.pcpartpicker.com/static/forever/images/product/1a132e657820695dd8c6078107997c51.256p.jpg,300 - 2400 RPM,30 dB,White,360 mm,
ID-COOLING DX240 MAX,https://pcpartpicker.com/product/fpZXsY/id-cooling-dx240-max-85-cfm-liquid-cpu-cooler-dx240-max,https://m.media-amazon.com/images/I/41lOB-VE+vL.jpg,,32.5 dB,Black,240 mm,
Deepcool LT360 ARGB,https://pcpartpicker.com/product/3mBFf7/deepcool-lt360-argb-7204-cfm-liquid-cpu-cooler-r-lt360-bkamnc-g-1,https://cdna.pcpartpicker.com/static/forever/images/product/2c86fdfaf632cb3e39b6f4549f970ea4.256p.jpg,600 - 2400 RPM,38.71 dB,Black,360 mm,
Asus ROG STRIX LC II ARGB,https://pcpartpicker.com/product/Q2D7YJ/asus-rog-strix-lc-ii-argb-8095-cfm-liquid-cpu-cooler-rog-strix-lc-ii-360-argb-white-edition,https://m.media-amazon.com/images/I/31tS0Wq4EeL.jpg,800 - 2500 RPM,37.6 dB,White / Black,360 mm,
Thermalright Elite Vision 360 ARGB,https://pcpartpicker.com/product/vHYRsY/thermalright-elite-vision-360-argb-69-cfm-liquid-cpu-cooler-elite-vision-360-black-argb,https://m.media-amazon.com/images/I/314oH+-opiL.jpg,2150 RPM,27 dB,Black,360 mm,
Thermalright Frozen Warframe PRO ARGB,https://pcpartpicker.com/product/rNJp99/thermalright-frozen-warframe-pro-argb-7084-cfm-liquid-cpu-cooler-frozen-warframe-pro-360-white-argb,https://cdna.pcpartpicker.com/static/forever/images/product/2894da625d371adba2d23642ee3000f0.256p.jpg,2000 RPM,29.8 dB,White / Blue,360 mm,
ID-COOLING DASHFLOW 240 BASIC,https://pcpartpicker.com/product/N326Mp/id-cooling-dashflow-240-basic-825-cfm-liquid-cpu-cooler-dashflow-240-basic-white,https://m.media-amazon.com/images/I/31Hotg5WizL.jpg,700 - 1800 RPM,15.2 - 35.2 dB,White,240 mm,
Deepcool AG400 DIGITAL PLUS,https://pcpartpicker.com/product/Gpn9TW/deepcool-ag400-digital-plus-7589-cfm-cpu-cooler-r-ag400-bkadmp-g-1,https://cdna.pcpartpicker.com/static/forever/images/product/be564aa6325df02b8c416acadfa5eb02.256p.jpg,500 - 2100 RPM,31.6 dB,Black,,
Cooler Master Hyper 212 LED,https://pcpartpicker.com/product/YdJkcf/cooler-master-hyper-212-led-663-cfm-rifle-bearing-cpu-cooler-rr-212l-16pr-r1,https://cdna.pcpartpicker.com/static/forever/images/product/f7bd01926b7e4b2ee0b996be79f20280.256p.jpg,600 - 1600 RPM,9 - 31 dB,,,
Silverstone AR12-TUF,https://pcpartpicker.com/product/HG7G3C/silverstone-ar12-tuf-6926-cfm-cpu-cooler-sst-ar12-tuf,https://cdna.pcpartpicker.com/static/forever/images/product/2b1c5d16bcc991134a68e8d0e6c82ed6.256p.jpg,300 - 2200 RPM,6.2 - 34.4 dB,Black / Orange,,32.57
Silverstone NovaPeak 360 ARGB,https://pcpartpicker.com/product/Mc26Mp/silverstone-novapeak-360-argb-7574-cfm-liquid-cpu-cooler-sst-np360-argb,https://m.media-amazon.com/images/I/41yxQ4vSUaL.jpg,500 - 2200 RPM,12.1 - 33.1 dB,Black,360 mm,97.76
Corsair iCUE H115i ELITE CAPELLIX XT,https://pcpartpicker.com/product/Xpgrxr/corsair-icue-h115i-elite-capellix-xt-89-cfm-liquid-cpu-cooler-cw-9060069-ww,https://cdna.pcpartpicker.com/static/forever/images/product/778056d401613efa2aa8db0a92937923.256p.jpg,500 - 1700 RPM,5 - 33.8 dB,Black,280 mm,
MSI MAG CORELIQUID I240,https://pcpartpicker.com/product/djmNnQ/msi-mag-coreliquid-i240-707-cfm-liquid-cpu-cooler-mag-coreliquid-i240-white,https://cdna.pcpartpicker.com/static/forever/images/product/b806116ac9f4748b281a012b318c819d.256p.jpg,,,White,240 mm,101.99
MSI MPG CORELIQUID K240,https://pcpartpicker.com/product/Pp8bt6/msi-mpg-coreliquid-k240-774-cfm-liquid-cpu-cooler-mpg-coreliquid-k240,https://cdna.pcpartpicker.com/static/forever/images/product/dcc5fa871e9b557eff1d60c033507f61.256p.jpg,,0 - 39.9 dB,Black,240 mm,148.00
Thermaltake Water 3.0 120 ARGB Sync,https://pcpartpicker.com/product/XbF48d/thermaltake-water-30-120-argb-sync-5645-cfm-liquid-cpu-cooler-cl-w232-pl12sw-a,https://cdna.pcpartpicker.com/static/forever/images/product/87fd3a3e79fc18d16a57a6d89b72c1e2.256p.jpg,500 - 1500 RPM,25.8 dB,Black,120 mm,
Phanteks GLACIER ONE 360D30,https://pcpartpicker.com/product/dPQKHx/phanteks-glacier-one-360d30-643-cfm-liquid-cpu-cooler-ph-go360d30_dbk01,https://cdna.pcpartpicker.com/static/forever/images/product/0dd42191a56da4d5edca659155ca22ec.256p.jpg,250 - 2000 RPM,30.2 dB,Black,360 mm,
Intel BXXTS100H,https://pcpartpicker.com/product/BWqdnQ/intel-cpu-cooler-bxxts100h,https://images-na.ssl-images-amazon.com/images/I/51tube2a9WL.jpg,800 - 1800 RPM,20 - 35 dB,,,
ARCTIC Liquid Freezer II 120,https://pcpartpicker.com/product/CDZzK8/arctic-liquid-freezer-ii-120-563-cfm-liquid-cpu-cooler-acfre00067a,https://cdna.pcpartpicker.com/static/forever/images/product/c2f58da67a32e7a8217c4d00045ff985.256p.jpg,200 - 1800 RPM,,Black,120 mm,
EK AIO 360 D-RGB,https://pcpartpicker.com/product/yLBhP6/ek-aio-360-d-rgb-6604-cfm-liquid-cpu-cooler-ek-aio-360-d-rgb,https://cdna.pcpartpicker.com/static/forever/images/product/cb96d9e5a99db509e759e8fe442a654d.256p.jpg,450 - 2600 RPM,36.4 dB,Black,360 mm,
be quiet! Pure Loop 360,https://pcpartpicker.com/product/fJjNnQ/be-quiet-pure-loop-360-liquid-cpu-cooler-bw008,https://cdna.pcpartpicker.com/static/forever/images/product/59fd31bff47291176f9febfb36db1190.256p.jpg,,19.8 - 40.5 dB,Black,360 mm,
Thermalright Assassin King 120,https://pcpartpicker.com/product/hMTp99/thermalright-assassin-king-120-6617-cfm-cpu-cooler-ak120-white,https://m.media-amazon.com/images/I/411ryX+bd9L.jpg,1500 RPM,25.6 dB,White / Silver,,
Antec VORTEX 240,https://pcpartpicker.com/product/q4ytt6/antec-vortex-240-5793-cfm-liquid-cpu-cooler-0-761345-74046-3,https://cdna.pcpartpicker.com/static/forever/images/product/a45bfaa86b76fe6286c3cab2f24e776b.256p.jpg,600 - 2000 RPM,31.24 dB,Black,240 mm,
ID-COOLING SE-207-XT SLIM,https://pcpartpicker.com/product/yXD7YJ/id-cooling-se-207-xt-slim-7616-cfm-cpu-cooler-se-207-xt-slim,https://cdna.pcpartpicker.com/static/forever/images/product/1719b1cecf29d2b7543e82ab54581cc7.256p.jpg,700 - 1800 RPM,15.2 - 35.2 dB,,,39.99
Enermax LIQMAXFLO 420,https://pcpartpicker.com/product/sgKscf/enermax-liqmaxflo-420-7876-cfm-liquid-cpu-cooler-elc-lmf420t-argb,https://m.media-amazon.com/images/I/41eka2PdP0L.jpg,500 - 1700 RPM,25.47 dB,Black,420 mm,114.79
Thermalright Frozen Warframe ARGB,https://pcpartpicker.com/product/XVKscf/thermalright-frozen-warframe-argb-887-cfm-liquid-cpu-cooler-frozen-warframe-420-black-argb,https://cdna.pcpartpicker.com/static/forever/images/product/b5eea8ecdb6427a53b1f9f94623907f3.256p.jpg,1750 RPM,29.8 dB,Black,420 mm,
Silverstone VIDA 240 SLIM,https://pcpartpicker.com/product/84t9TW/silverstone-vida-240-slim-6683-cfm-liquid-cpu-cooler-sst-vd240-slim,https://cdna.pcpartpicker.com/static/forever/images/product/bd10c332c713f623ea2071b1f69edfe3.256p.jpg,300 - 1800 RPM,15.9 - 33.9 dB,Black,240 mm,152.16
Thermaltake TOUGHAIR 110,https://pcpartpicker.com/product/kPhFf7/thermaltake-toughair-110-5835-cfm-cpu-cooler-cl-p073-al12bl-a,https://cdna.pcpartpicker.com/static/forever/images/product/7e1ebce12292f79a950da4cf879664c6.256p.jpg,500 - 2000 RPM,23.6 dB,Black / Silver,,33.20
Deepcool AK400 G2,https://pcpartpicker.com/product/Y7Hp99/deepcool-ak400-g2-634-cfm-cpu-cooler-r-ak400g2-bknnmn-gjd,https://cdna.pcpartpicker.com/static/forever/images/product/8f26a7d2a406512bddb73e78c0bfa31d.256p.jpg,2200 RPM,31.45 dB,Black / Brown,,
ARCTIC Liquid Freezer II 360 A-RGB,https://pcpartpicker.com/product/y7wypg/arctic-liquid-freezer-ii-360-a-rgb-488-cfm-liquid-cpu-cooler-acfre00101a,https://cdna.pcpartpicker.com/static/forever/images/product/7fb1d50312d580bf83856c7aab42bef1.256p.jpg,200 - 1800 RPM,22.5 dB,Black / Gray,360 mm,
Cooler Master Masterliquid 360 Atmos,https://pcpartpicker.com/product/VtZXsY/cooler-master-masterliquid-360-atmos-707-cfm-liquid-cpu-cooler-mlx-d36m-a25pz-rw,https://cdna.pcpartpicker.com/static/forever/images/product/2198e7355f26dff2b03141ffd539f293.256p.jpg,690 - 2500 RPM,27.2 dB,White,360 mm,149.99
Deepcool LE720,https://pcpartpicker.com/product/FzZXsY/deepcool-le720-8585-cfm-liquid-cpu-cooler-r-le720-whammn-g-1,https://cdna.pcpartpicker.com/static/forever/images/product/03c6d21487fa45e877cdf03a1c91da9e.256p.jpg,500 - 2250 RPM,32.9 dB,White,360 mm,
Scythe Fuma 2 Rev.B,https://pcpartpicker.com/product/D3Gbt6/scythe-fuma-2-revb-3944-cfm-cpu-cooler-scfm-2100,https://m.media-amazon.com/images/I/513-eMofZZL.jpg,300 - 1500 RPM,2.58 - 23.8 dB,Black / Silver,,
ID-COOLING SE-225-XT,https://pcpartpicker.com/product/tsnypg/id-cooling-se-225-xt-7616-cfm-cpu-cooler-se-225-xt-black,https://m.media-amazon.com/images/I/41QYsPgSH5L.jpg,700 - 1800 RPM,15.2 - 35.2 dB,Black,,29.99
Thermaltake TH420 V2 ARGB Sync,https://pcpartpicker.com/product/GsMMnQ/thermaltake-th420-v2-argb-sync-8432-cfm-liquid-cpu-cooler-cl-w376-pl14sw-a,https://cdna.pcpartpicker.com/static/forever/images/product/26c0a3a2ae702e4a3bea70d2673a64eb.256p.jpg,500 - 1800 RPM,34.7 dB,Black,420 mm,139.99
ID-COOLING SL240,https://pcpartpicker.com/product/6Lqrxr/id-cooling-sl240-78-cfm-liquid-cpu-cooler-sl240,https://m.media-amazon.com/images/I/41I1CHaABDL.jpg,500 - 2000 RPM,29.9 dB,Black,240 mm,89.99
GAMDIAS CHIONE M4-240,https://pcpartpicker.com/product/KC26Mp/gamdias-chione-m4-240-6901-cfm-liquid-cpu-cooler-gd-chione-m4-240,https://cdna.pcpartpicker.com/static/forever/images/product/9ffb1f9475e9b304f1a348586008e377.256p.jpg,800 - 2000 RPM,11 - 29 dB,Black,240 mm,55.23
Silverstone Krypton KR01,https://pcpartpicker.com/product/kVRzK8/silverstone-krypton-kr01-3433-cfm-cpu-cooler-sst-kr01,https://cdna.pcpartpicker.com/static/forever/images/product/c7b02182625c7b1c4251474a67c594b2.256p.jpg,800 - 3000 RPM,33 dB,Black / Silver,,40.99
MSI Core Frozr XL,https://pcpartpicker.com/product/Ts8j4D/msi-core-frozr-xl-713-cfm-cpu-cooler-core-frozr-xl,https://cdna.pcpartpicker.com/static/forever/images/product/e6ca3c9c7c385468d8f78b91cae7671d.256p.jpg,500 - 1800 RPM,17.2 - 33.6 dB,Black / Red,,129.99
Valkyrie SYN,https://pcpartpicker.com/product/NcFmP6/valkyrie-syn-80-cfm-liquid-cpu-cooler-vk-e360-w,https://cdna.pcpartpicker.com/static/forever/images/product/565cdde671da27ae8973ee7747d72a96.256p.jpg,800 - 2150 RPM,29 dB,White / Blue,360 mm,245.90
Xilence A200,https://pcpartpicker.com/product/3TLdnQ/xilence-a200-409-cfm-cpu-cooler-xc033,https://cdna.pcpartpicker.com/static/forever/images/product/9f087b7ffe831cbc75fee2502bfc2090.256p.jpg,2200 RPM,32 dB,Black / Silver,,33.65
Corsair iCUE H115i RGB ELITE,https://pcpartpicker.com/product/ypvdnQ/corsair-icue-h115i-rgb-elite-89-cfm-liquid-cpu-cooler-cw-9060059-ww,https://cdna.pcpartpicker.com/static/forever/images/product/bb4e8d47941b76d53e6d3ccb48e741b9.256p.jpg,400 - 1600 RPM,19 - 35.8 dB,Black,280 mm,
ID-COOLING SPACE LCD,https://pcpartpicker.com/product/TkKscf/id-cooling-space-lcd-7616-cfm-liquid-cpu-cooler-sl360-xe-white,https://cdna.pcpartpicker.com/static/forever/images/product/d07f3e16228e4194372cf243cefd11e7.256p.jpg,500 - 1800 RPM,35.2 dB,White,360 mm,
Mars Gaming MCPU-X5,https://pcpartpicker.com/product/HhYfrH/mars-gaming-mcpu-x5-cpu-cooler-mcpux5w,https://m.media-amazon.com/images/I/41quf0QpdBL.jpg,800 - 2000 RPM,9 - 28 dB,White,,
Deepcool GAMMAXX L240 V2,https://pcpartpicker.com/product/syxbt6/deepcool-gammaxx-l240-v2-6934-cfm-liquid-cpu-cooler-dp-h12rf-gl240v2,https://cdna.pcpartpicker.com/static/forever/images/product/72079115f88c15458a68554668fa0789.256p.jpg,500 - 1800 RPM,30 dB,Black / White,240 mm,
Vetroo V360,https://pcpartpicker.com/product/fxJgXL/vetroo-v360-52-cfm-liquid-cpu-cooler-vt-aio-v360-wt,https://m.media-amazon.com/images/I/41mLE751KJL.jpg,800 - 1800 RPM,30.8 dB,White / Gray,360 mm,
ID-COOLING SE-214-XT BASIC,https://pcpartpicker.com/product/VKV2FT/id-cooling-se-214-xt-basic-7616-cfm-cpu-cooler-se-214-xt-basic,https://cdna.pcpartpicker.com/static/forever/images/product/ac40db3133a939e3a7acd0701f707522.256p.jpg,700 - 1800 RPM,35.2 dB,Gray / Silver,,
Alphacool Core Ocean T38,https://pcpartpicker.com/product/CrLdnQ/alphacool-core-ocean-t38-628-cfm-liquid-cpu-cooler-13052,https://cdna.pcpartpicker.com/static/forever/images/product/a83549e848bf6a72d0c637d00af82bc5.256p.jpg,,0 - 34.3 dB,Black,360 mm,74.99
ARCTIC Freezer 50 TR (w/ARGB Controller),https://pcpartpicker.com/product/hR4BD3/arctic-freezer-50-tr-wargb-controller-cpu-cooler-acfre00070a,https://m.media-amazon.com/images/I/41VC8xsqTDL.jpg,200 - 1800 RPM,23.5 dB,Black,,192.23
Geometric Future Eskimo Pro 42,https://pcpartpicker.com/product/kQjRsY/geometric-future-eskimo-pro-42-9115-cfm-liquid-cpu-cooler-geo-ep-42w,https://cdna.pcpartpicker.com/static/forever/images/product/de3ed3831bd85d60833ea6c01e0bfa93.256p.jpg,2400 RPM,34.2 dB,White,420 mm,109.90
Noctua NH-D15 SE-AM4,https://pcpartpicker.com/product/shNypg/noctua-nh-d15-se-am4-8252-cfm-cpu-cooler-nh-d15-se-am4,https://m.media-amazon.com/images/I/41PAiA3k-+L.jpg,1200 - 1500 RPM,19.2 - 24.6 dB,,,129.94
NZXT Kraken 280 RGB,https://pcpartpicker.com/product/JVwmP6/nzxt-kraken-280-rgb-9079-cfm-liquid-cpu-cooler-rl-kr280-w1,https://cdna.pcpartpicker.com/static/forever/images/product/fdbcdb1f3901185c7b550be9eb7b41d7.256p.jpg,500 - 1500 RPM,34.48 dB,White,280 mm,
Cooler Master Hyper TX3 EVO,https://pcpartpicker.com/product/t3rRsY/cooler-master-hyper-tx3-evo-548-cfm-cpu-cooler-rr-tx3e-28pk-r1,https://cdna.pcpartpicker.com/static/forever/images/product/c4c9522a383f181ae84763b99ac9ac50.256p.jpg,800 - 2800 RPM,17 - 35 dB,,,
NZXT Kraken X62 Rev 2,https://pcpartpicker.com/product/2RdFf7/nzxt-kraken-x62-rev-2-9817-cfm-liquid-cpu-cooler-rl-krx62-02,https://cdna.pcpartpicker.com/static/forever/images/product/2af62e02efa397f4a4c8bb1009be66c7.256p.jpg,500 - 1800 RPM,21 - 38 dB,,280 mm,
be quiet! Silent Loop 2 240,https://pcpartpicker.com/product/4cqPxr/be-quiet-silent-loop-2-240-7333-cfm-liquid-cpu-cooler-bw010,https://cdna.pcpartpicker.com/static/forever/images/product/edf17b4c3f99a14febe9151056f07b6f.256p.jpg,2200 RPM,16.8 - 38.3 dB,Black,240 mm,
Deepcool AG500 BK ARGB,https://pcpartpicker.com/product/pHfnTW/deepcool-ag500-bk-argb-6788-cfm-cpu-cooler-ag500-bk-argb,https://cdna.pcpartpicker.com/static/forever/images/product/47608bcadf43d3cfdcbd0d65401fe12a.256p.jpg,300 - 1850 RPM,29.4 dB,Black,,
EVGA CLC 360,https://pcpartpicker.com/product/s3FKHx/evga-clc-360-7482-cfm-liquid-cpu-cooler-400-hy-cl36-v1,https://cdna.pcpartpicker.com/static/forever/images/product/a8ed1db21bbb9cec2665e602cda3382f.256p.jpg,500 - 2400 RPM,16 - 39.9 dB,Black,360 mm,
Asus TUF GAMING LC 240 ARGB,https://pcpartpicker.com/product/T6ddnQ/asus-tuf-gaming-lc-240-argb-67-cfm-liquid-cpu-cooler-tuf-gaming-lc-240-argb,https://cdna.pcpartpicker.com/static/forever/images/product/0be5b2c3519ce726e6f316b46770de84.256p.jpg,800 - 2000 RPM,29 dB,Black,240 mm,
Asus ROG Ryujin III,https://pcpartpicker.com/product/fcGhP6/asus-rog-ryujin-iii-7007-cfm-liquid-cpu-cooler-rog-ryujin-iii-360-argb-wht,https://cdna.pcpartpicker.com/static/forever/images/product/3d09f25fbcf46a2806b9bcf4b150a1a1.256p.jpg,600 - 2200 RPM,36.45 dB,White,360 mm,
TRYX PANORAMA ARGB (2024),https://pcpartpicker.com/product/nH6NnQ/tryx-panorama-argb-6609-cfm-liquid-cpu-cooler-l-p240a-as2m-g0k,https://cdna.pcpartpicker.com/static/forever/images/product/ca7e756837c00b551f0d19cdf240a06f.256p.jpg,500 - 1850 RPM,27.86 dB,Black,240 mm,
ENDORFY Fera 5 Black,https://pcpartpicker.com/product/m3tkcf/endorfy-fera-5-black-cpu-cooler-ey3a011,https://m.media-amazon.com/images/I/41pOJwfxZNL.jpg,250 - 1800 RPM,,Black,,
Fractal Design Celsius S24,https://pcpartpicker.com/product/nfzZxr/fractal-design-celsius-s24-876-cfm-liquid-cpu-cooler-fd-wcu-celsius-s24-bk,https://cdna.pcpartpicker.com/static/forever/images/product/8f513549c3aee4c86ffc997c3f19949a.256p.jpg,500 - 2000 RPM,32.2 dB,,240 mm,
Thermalright SI-100 WHITE ARGB,https://pcpartpicker.com/product/GN6NnQ/thermalright-si-100-white-argb-7237-cfm-cpu-cooler-si-100-white-argb,https://m.media-amazon.com/images/I/41opxaxo+7L.jpg,2000 RPM,27.7 dB,White,,
ID-COOLING PINKFLOW 360,https://pcpartpicker.com/product/vVxRsY/id-cooling-pinkflow-360-552-cfm-liquid-cpu-cooler-pinkflow-360,https://cdna.pcpartpicker.com/static/forever/images/product/b9f4d3a4cdc12809a0d4b22269bde922.256p.jpg,900 - 2000 RPM,16.3 - 33.5 dB,Pink,360 mm,
upHere UE2KC6,https://pcpartpicker.com/product/3y7MnQ/uphere-ue2kc6-68-cfm-cpu-cooler-ue2kc6,https://m.media-amazon.com/images/I/51jO0tsU40L.jpg,600 - 1650 RPM,25 dB,Black,,35.99
Thermalright Frozen Warframe ARGB,https://pcpartpicker.com/product/cjgrxr/thermalright-frozen-warframe-argb-7084-cfm-liquid-cpu-cooler-frozen-warframe-240-white-argb,https://cdna.pcpartpicker.com/static/forever/images/product/cb7ad1cc5d7172acfb00330aecb8e8a7.256p.jpg,2000 RPM,22.1 dB,White,240 mm,
Silverstone AR12 RGB,https://pcpartpicker.com/product/hbcG3C/silverstone-ar12-rgb-689-cfm-cpu-cooler-sst-ar12-rgb,https://cdna.pcpartpicker.com/static/forever/images/product/b6fb2fc3fe4d3cd46a82b3a724819223.256p.jpg,700 - 2200 RPM,9 - 29 dB,Silver / Black,,30.80
Cooler Master Hyper 212 Black Edition,https://pcpartpicker.com/product/xfcG3C/cooler-master-hyper-212-black-edition-42-cfm-cpu-cooler-rr-212s-20pk-r2,https://cdna.pcpartpicker.com/static/forever/images/product/b45763abe7a0517129d3c0e026d0370d.256p.jpg,800 - 2000 RPM,6.5 - 26 dB,,,
CRYORIG H7 Quad Lumi,https://pcpartpicker.com/product/bHcMnQ/cryorig-h7-quad-lumi-49-cfm-cpu-cooler-h7-quad-lumi,https://cdna.pcpartpicker.com/static/forever/images/product/c80d9ebfdc9ddaf3bd6b8423a98656af.256p.jpg,330 - 1600 RPM,10 - 25 dB,,,152.88
Akasa Vegas Chroma AM,https://pcpartpicker.com/product/T8FKHx/akasa-vegas-chroma-am-513-cfm-cpu-cooler-ak-cc1106hp01,https://cdna.pcpartpicker.com/static/forever/images/product/abf885f3fa546ec62afaa607d7fa2e5b.256p.jpg,500 - 1800 RPM,32.5 dB,Black,,34.10
Cooler Master MasterLiquid ML360L ARGB V2,https://pcpartpicker.com/product/BZbTwP/cooler-master-masterliquid-ml360l-argb-v2-62-cfm-liquid-cpu-cooler-mlw-d36m-a18pw-rw,https://cdna.pcpartpicker.com/static/forever/images/product/d6b5444ef5c1e5a9284eb38198f94010.256p.jpg,650 - 1800 RPM,8 - 27 dB,White,360 mm,
Asus ROG STRIX LC 240 RGB,https://pcpartpicker.com/product/Z64BD3/asus-rog-strix-lc-240-rgb-8095-cfm-liquid-cpu-cooler-rog-strix-lc-240-rgb,https://cdna.pcpartpicker.com/static/forever/images/product/34bafe06c3a030af5c64b3a5b8cd235a.256p.jpg,800 - 2500 RPM,37.6 dB,Black,240 mm,169.99
Aerocool Cylon 4,https://pcpartpicker.com/product/gxVG3C/aerocool-cylon-4-525-cfm-cpu-cooler-actc-cl3041001,https://cdna.pcpartpicker.com/static/forever/images/product/2ebf95038181a36ba058561130516e4d.256p.jpg,800 - 1800 RPM,14 - 26 dB,Black,,
Corsair iCUE LINK H170i RGB,https://pcpartpicker.com/product/yCrqqs/corsair-icue-link-h170i-rgb-825-cfm-liquid-cpu-cooler-cw-9061004-ww,https://cdna.pcpartpicker.com/static/forever/images/product/867137585e298a8119d01a310e7ff726.256p.jpg,400 - 2000 RPM,,Black,420 mm,
Scythe Ninja 5,https://pcpartpicker.com/product/dZ3H99/scythe-ninja-5-4303-cfm-cpu-cooler-scnj-5000,https://m.media-amazon.com/images/I/41ea2dkadmL.jpg,300 - 800 RPM,4 - 14.5 dB,Black,,
Deepcool THETA 20 PWM,https://pcpartpicker.com/product/b7XYcf/deepcool-theta-20-pwm-4276-cfm-cpu-cooler-theta-20-pwm,https://cdna.pcpartpicker.com/static/forever/images/product/d08e42ce78a63fe4e48433cf414b9d8d.256p.jpg,900 - 2400 RPM,17.8 - 32.5 dB,Black / Silver,,
ARCTIC Liquid Freezer II 240 A-RGB,https://pcpartpicker.com/product/c7wypg/arctic-liquid-freezer-ii-240-a-rgb-488-cfm-liquid-cpu-cooler-acfre00093a,https://cdna.pcpartpicker.com/static/forever/images/product/79a2b9aa759e9a1fd1b30b0a99c72a08.256p.jpg,200 - 1800 RPM,22.5 dB,Black / Gray,240 mm,
GAMDIAS CHIONE E4,https://pcpartpicker.com/product/pFYfrH/gamdias-chione-e4-10028-cfm-liquid-cpu-cooler-e4-420-wh,https://m.media-amazon.com/images/I/31u22SSxgiL.jpg,450 - 1800 RPM,11 - 35.2 dB,White,420 mm,101.99
ASRock Pro ARGB,https://pcpartpicker.com/product/YvG2FT/asrock-pro-argb-626-cfm-liquid-cpu-cooler-90-apra36-waaga6,https://cdna.pcpartpicker.com/static/forever/images/product/6c7b694f8b9f6983927b8d5319879d15.256p.jpg,,31 dB,White,360 mm,59.99
Xilence A404T,https://pcpartpicker.com/product/96wmP6/xilence-a404t-654-cfm-cpu-cooler-xc040,https://cdna.pcpartpicker.com/static/forever/images/product/77b94a2914fa6e23b2dd2f71844c594a.256p.jpg,600 - 2200 RPM,14 - 21.8 dB,Red / Black,,30.90
Jonsbo CR-1400 EVO Color Black,https://pcpartpicker.com/product/CYmNnQ/jonsbo-cr-1400-evo-color-black-382-cfm-cpu-cooler-cr-1400-evo-color-black,https://cdna.pcpartpicker.com/static/forever/images/product/7cdd399b9e1e87ffa43972f0fdc0962f.256p.jpg,800 - 2200 RPM,22.3 - 33.8 dB,Black,,40.61
Cougar Poseidon Elite ARGB 360,https://pcpartpicker.com/product/JtpD4D/cougar-poseidon-elite-argb-360-6253-cfm-liquid-cpu-cooler-3mpsd3600001,https://cdna.pcpartpicker.com/static/forever/images/product/295bafe98312bd906735f47eb217dcfe.256p.jpg,500 - 2200 RPM,33.5 dB,Black,360 mm,
ARCTIC Alpine 12 LP,https://pcpartpicker.com/product/3MtQzy/arctic-alpine-12-lp-cpu-cooler-acalp00029a,https://m.media-amazon.com/images/I/413Yu6ufDqL.jpg,100 - 2000 RPM,,Black / White,,
Gigabyte AORUS WATERFORCE X,https://pcpartpicker.com/product/zkH7YJ/gigabyte-aorus-waterforce-x-6007-cfm-liquid-cpu-cooler-aorus-waterforce-x-360,https://cdna.pcpartpicker.com/static/forever/images/product/ca49b37ed1d3f19275d714cdfbee68cb.256p.jpg,800 - 2500 RPM,7.9 - 37.6 dB,Black,360 mm,
Intel BXRTS2011LC,https://pcpartpicker.com/product/4pTmP6/intel-bxrts2011lc-74-cfm-liquid-cpu-cooler-bxrts2011lc,https://m.media-amazon.com/images/I/416lc7rgg3L.jpg,2200 RPM,,,120 mm,
EK AIO Basic 360,https://pcpartpicker.com/product/znH7YJ/ek-aio-basic-360-77-cfm-liquid-cpu-cooler-ek-aio-basic-360,https://cdna.pcpartpicker.com/static/forever/images/product/e7c0ad9aa8d3dab05aa52b9224e0872e.256p.jpg,550 - 2200 RPM,33.5 dB,Black,360 mm,
Corsair iCUE H100i ELITE LCD,https://pcpartpicker.com/product/Lsstt6/corsair-icue-h100i-elite-lcd-581-cfm-liquid-cpu-cooler-cw-9060061-ww,https://cdna.pcpartpicker.com/static/forever/images/product/56ee5dde84819a59d89b0c83feff2f62.256p.jpg,450 - 2000 RPM,10 - 30.4 dB,Black,240 mm,
ARCTIC Freezer A35 A-RGB,https://pcpartpicker.com/product/v9XJ7P/arctic-freezer-a35-a-rgb-cpu-cooler-acfre00115a,https://cdna.pcpartpicker.com/static/forever/images/product/a094d4a8a922f6d7d87006cdb75714b9.256p.jpg,200 - 1700 RPM,,Black,,
Jonsbo CR-1400 V2 ARGB,https://pcpartpicker.com/product/zWbypg/jonsbo-cr-1400-v2-argb-382-cfm-cpu-cooler-cr-1400-v2-argb-white,https://cdna.pcpartpicker.com/static/forever/images/product/786fcb479363ba082e1ff037de628b21.256p.jpg,800 - 2200 RPM,22.3 - 33.8 dB,White,,
ARCTIC Freezer 8i CO,https://pcpartpicker.com/product/ZZXMnQ/arctic-freezer-8i-co-cpu-cooler-acfre00191a,https://cdna.pcpartpicker.com/static/forever/images/product/ccc2341ab191b54cfd6a0bf6be4c4619.256p.jpg,200 - 2300 RPM,,Black / Silver,,22.99
Dynatron R25,https://pcpartpicker.com/product/KvPfrH/dynatron-cpu-cooler-r25,https://cdna.pcpartpicker.com/static/forever/images/product/eee17dd08a49ec5885c3e8593b20e809.med.256p.jpg,1000 - 7000 RPM,21.5 - 59.14 dB,,,
be quiet! Dark Rock 3,https://pcpartpicker.com/product/YwGkcf/be-quiet-cpu-cooler-bk018,https://cdna.pcpartpicker.com/static/forever/images/product/ba5d9f5b9fc5e916e1cc609ac5d5298c.256p.jpg,400 - 1400 RPM,8.4 - 21.1 dB,,,
upHere UE2TC6,https://pcpartpicker.com/product/RvcBD3/uphere-ue2tc6-68-cfm-cpu-cooler-ue2tc6,https://m.media-amazon.com/images/I/411YBdnmaNL.jpg,600 - 1650 RPM,25 dB,White,,35.99
ARCTIC Freezer i35 A-RGB,https://pcpartpicker.com/product/XwH7YJ/arctic-freezer-i35-a-rgb-cpu-cooler-acfre00104a,https://cdna.pcpartpicker.com/static/forever/images/product/a094d4a8a922f6d7d87006cdb75714b9.256p.jpg,200 - 1700 RPM,,Black,,
Cooler Master MasterLiquid PL240 FLUX,https://pcpartpicker.com/product/bqXJ7P/cooler-master-masterliquid-pl240-flux-7237-cfm-liquid-cpu-cooler-mly-d24m-a23pz-r1,https://cdna.pcpartpicker.com/static/forever/images/product/7de5c193e1a45fc0bd4078edb5ee61ad.256p.jpg,,32 dB,Black,240 mm,86.65
Gelid Solutions Tranquillo Rev. 5,https://pcpartpicker.com/product/KvZXsY/gelid-solutions-tranquillo-rev-5-655-cfm-cpu-cooler-cc-tranq-05-a,https://m.media-amazon.com/images/I/415DH0bQUyL.jpg,900 - 2000 RPM,26.5 dB,Black,,29.99
Thermaltake TH120 V2 ARGB Sync,https://pcpartpicker.com/product/dnMMnQ/thermaltake-th120-v2-argb-sync-5705-cfm-liquid-cpu-cooler-cl-w363-pl12sw-a,https://m.media-amazon.com/images/I/2141ABXxAfL.jpg,500 - 2000 RPM,25.8 dB,White,120 mm,69.98
ASRock Challenger Digital,https://pcpartpicker.com/product/nPkqqs/asrock-challenger-digital-626-cfm-liquid-cpu-cooler-90-acla24-baaga6,https://cdna.pcpartpicker.com/static/forever/images/product/6fb07ae69dabd12d3ed0577fbbb793b1.256p.jpg,,31 dB,Black,240 mm,65.98
Corsair H55,https://pcpartpicker.com/product/w37wrH/corsair-h55-57-cfm-liquid-cpu-cooler-h55,https://cdna.pcpartpicker.com/static/forever/images/product/961e83ddbfdf1652833c5ec91e45ee8f.256p.jpg,1700 RPM,30.32 dB,,120 mm,
Gigabyte AORUS LIQUID COOLER,https://pcpartpicker.com/product/CXRgXL/gigabyte-aorus-liquid-cooler-5925-cfm-liquid-cpu-cooler-aorus-liquid-cooler-360,https://m.media-amazon.com/images/I/413JzavlQnL.jpg,2500 RPM,18 - 39.5 dB,Black,360 mm,
Alpenföhn Glacier Water 360 High Speed,https://pcpartpicker.com/product/r3wypg/alpenfohn-glacier-water-360-high-speed-779-cfm-liquid-cpu-cooler-84000000182,https://cdna.pcpartpicker.com/static/forever/images/product/6002864135f11d5f7d4a2adb9e3cc359.256p.jpg,500 - 2200 RPM,36.8 dB,Black,360 mm,
Deepcool LQ360,https://pcpartpicker.com/product/cgFCmG/deepcool-lq360-55-cfm-liquid-cpu-cooler-r-lq360-whdsmc-g-1,https://cdna.pcpartpicker.com/static/forever/images/product/3d9945540765a2194bb241cc1ec38049.256p.jpg,600 - 2150 RPM,32 dB,White,360 mm,
TRYX STAGE,https://pcpartpicker.com/product/XZy8TW/tryx-stage-liquid-cpu-cooler-l-s360a-dm3m-g0k,/static/forever/img/no-image.png,500 - 1850 RPM,28.87 dB,Black,360 mm,209.99
GAMDIAS CHIONE E4,https://pcpartpicker.com/product/HJNscf/gamdias-chione-e4-10028-cfm-liquid-cpu-cooler-e4-420,/static/forever/img/no-image.png,450 - 1800 RPM,11 - 35.2 dB,Black,420 mm,100.00
ID-COOLING IS-40X,https://pcpartpicker.com/product/chK2FT/id-cooling-is-40x-443-cfm-cpu-cooler-is-40x,https://cdna.pcpartpicker.com/static/forever/images/product/1685f7c6ccecaadefb5a5d6c92176110.256p.jpg,600 - 2500 RPM,14 - 33 dB,Black / White,,26.99
Silverstone IceMyst 360,https://pcpartpicker.com/product/zHLdnQ/silverstone-icemyst-360-7574-cfm-liquid-cpu-cooler-sst-im360-argb,https://cdna.pcpartpicker.com/static/forever/images/product/3ae398d8c04d2f6c39217d6bb7a315cc.256p.jpg,500 - 2200 RPM,12.1 - 33.1 dB,Silver / Black,360 mm,149.99
ID-COOLING IS-67-XT,https://pcpartpicker.com/product/XTFmP6/id-cooling-is-67-xt-6758-cfm-cpu-cooler-is-67-xt-white,/static/forever/img/no-image.png,500 - 2200 RPM,35.2 dB,White,,
GAMDIAS AURA GL360 DIGITAL,https://pcpartpicker.com/product/rgh2FT/gamdias-aura-gl360-digital-7371-cfm-liquid-cpu-cooler-aura-gl360-digital,https://m.media-amazon.com/images/I/41gHqN24SwL.jpg,800 - 1800 RPM,33 dB,Black,360 mm,99.99
Montech METAL DT24 PREMIUM,https://pcpartpicker.com/product/ZkkWGX/montech-metal-dt24-premium-69-cfm-cpu-cooler-metal-dt24-premium,https://cdna.pcpartpicker.com/static/forever/images/product/34a88647085222ec46b1fb9465482576.256p.jpg,800 - 1950 RPM,26 dB,Black / Silver,,119.22
Montech HyperFlow ARGB 240,https://pcpartpicker.com/product/mmtLrH/montech-hyperflow-argb-240-762-cfm-liquid-cpu-cooler-hyperflow-argb-240-white,https://m.media-amazon.com/images/I/41uMAhnR9HL.jpg,2200 RPM,29.1 dB,White,240 mm,79.98
EVGA CLC 280,https://pcpartpicker.com/product/d2fmP6/evga-clc-280-1135-cfm-liquid-cpu-cooler-400-hy-cl28-v1,https://m.media-amazon.com/images/I/41JxC8ad2YL.jpg,600 - 2200 RPM,16 - 39.5 dB,,280 mm,
Noctua NH-D14 SE2011,https://pcpartpicker.com/product/H3xfrH/noctua-nh-d14-se2011-cpu-cooler-nh-d14-se2011,https://cdna.pcpartpicker.com/static/forever/images/product/481c425543df8c8067df2a81d7c53698.256p.jpg,900 - 1300 RPM,12.6 - 19.8 dB,,,
Deepcool GAMMAXX C40,https://pcpartpicker.com/product/CcsmP6/deepcool-gammaxx-c40-33-cfm-cpu-cooler-gammaxx-c40,https://cdna.pcpartpicker.com/static/forever/images/product/b757d65fba62c2afec189ac855521eb0.256p.jpg,500 - 2000 RPM,23.9 dB,Black / Silver,,
Lian Li GALAHAD AIO 360 RGB,https://pcpartpicker.com/product/q2Dkcf/lian-li-galahad-aio-360-rgb-6917-cfm-liquid-cpu-cooler-galahad-aio-360-rgb-black,https://cdna.pcpartpicker.com/static/forever/images/product/21994060a1904e30173d38f3a3dc1030.256p.jpg,800 - 1900 RPM,,Black / Silver,360 mm,
be quiet! Pure Loop 240,https://pcpartpicker.com/product/YVhmP6/be-quiet-pure-loop-240-liquid-cpu-cooler-bw006,https://cdna.pcpartpicker.com/static/forever/images/product/5df0a7bed70fec92b6ff204a15deffd0.256p.jpg,,19 - 39.5 dB,Black,240 mm,
NZXT Kraken Z53 RGB,https://pcpartpicker.com/product/BXZ9TW/nzxt-kraken-z53-rgb-5244-cfm-liquid-cpu-cooler-rl-krz53-rw,https://cdna.pcpartpicker.com/static/forever/images/product/1f70505e2297644682a2a4a74a40b475.256p.jpg,500 - 1500 RPM,22 - 33 dB,White / Black,240 mm,
Deepcool LE500,https://pcpartpicker.com/product/q8D7YJ/deepcool-le500-8585-cfm-liquid-cpu-cooler-r-le500-bklnmc-g-1,https://cdna.pcpartpicker.com/static/forever/images/product/b215a5dd6cbfed83d595c45034494ea5.256p.jpg,500 - 2250 RPM,,Black,240 mm,
Cooler Master MasterAir MA612 Stealth ARGB,https://pcpartpicker.com/product/Tv2WGX/cooler-master-masterair-ma612-stealth-argb-62-cfm-cpu-cooler-map-t6ps-218pa-r1,https://cdna.pcpartpicker.com/static/forever/images/product/8d0961296b5357bea5cba30c34efe565.256p.jpg,650 - 1800 RPM,8 - 27 dB,,,
NZXT Kraken 280 RGB,https://pcpartpicker.com/product/PsLdnQ/nzxt-kraken-280-rgb-9079-cfm-liquid-cpu-cooler-rl-kr280-b1,https://cdna.pcpartpicker.com/static/forever/images/product/3130d07203331f0e1ea94d78487657b2.256p.jpg,500 - 1500 RPM,34.48 dB,Black,280 mm,
Fractal Design Celsius+ S36 Prisma PWM ARGB,https://pcpartpicker.com/product/d3jNnQ/fractal-design-celsius-s36-prisma-pwm-argb-8571-cfm-liquid-cpu-cooler-fd-w-2-s3602,https://cdna.pcpartpicker.com/static/forever/images/product/1ae9b0d35fc86b81d0b5d748ef46eb0f.256p.jpg,500 - 2000 RPM,32.7 dB,Black,360 mm,
Zalman CNPS9X Performa ARGB,https://pcpartpicker.com/product/Xy9wrH/zalman-cnps9x-performa-argb-6136-cfm-cpu-cooler-cnps9x-performa-argb-black,https://m.media-amazon.com/images/I/41lEE-+N6EL.jpg,700 - 1800 RPM,28 dB,Black,,
ID-COOLING IS-37-XT BLACK,https://pcpartpicker.com/product/GTTZxr/id-cooling-is-37-xt-black-40-cfm-cpu-cooler-is-37-xt-black,https://cdna.pcpartpicker.com/static/forever/images/product/13ea4551a559a02747912343a88ede79.256p.jpg,800 - 3600 RPM,17 - 35.8 dB,Black,,
ENDORFY Navis F240 ARGB,https://pcpartpicker.com/product/TJdG3C/endorfy-navis-f240-argb-liquid-cpu-cooler-ey3b004,https://cdna.pcpartpicker.com/static/forever/images/product/d6f9ff1780414fcadf5f7b7de98b0036.256p.jpg,250 - 1800 RPM,,Black,240 mm,150.99
ADATA XPG LEVANTE II 360,https://pcpartpicker.com/product/8JwD4D/adata-xpg-levante-ii-360-58-cfm-liquid-cpu-cooler-levanteii360-bkcww,https://cdna.pcpartpicker.com/static/forever/images/product/5efdf04ff84a283bd6aa2d8fdfaa9564.256p.jpg,800 - 2000 RPM,19.78 - 29.33 dB,Black,360 mm,
Thermalright Silver Soul 135,https://pcpartpicker.com/product/sRPQzy/thermalright-silver-soul-135-82-cfm-cpu-cooler-silver-soul-135-black-d2,https://m.media-amazon.com/images/I/41WP6CUSJGL.jpg,1850 RPM,29.6 dB,Black,,
Titan DC-155A915Z/RPW,https://pcpartpicker.com/product/bxzv6h/titan-cpu-cooler-dc155a915zrpw,https://m.media-amazon.com/images/I/51uue1RiCWL.jpg,1000 - 2600 RPM,24.8 - 33.4 dB,,,
Cooler Master Hyper H410R RGB,https://pcpartpicker.com/product/V4xRsY/cooler-master-hyper-h410r-rgb-341-cfm-cpu-cooler-rr-h410-20pc-r1,https://cdna.pcpartpicker.com/static/forever/images/product/a0582473757b3e5069a1e77e45382ddf.256p.jpg,600 - 2000 RPM,6 - 29 dB,,,
TRYX PANORAMA ARGB (2024),https://pcpartpicker.com/product/gw9wrH/tryx-panorama-argb-9029-cfm-liquid-cpu-cooler-l-p280a-as2m-g0w,https://cdna.pcpartpicker.com/static/forever/images/product/69fc2e200d28be21db01dedebdaa7319.256p.jpg,500 - 1450 RPM,27.07 dB,White,280 mm,329.99
GameMax Gamma 500 ARGB,https://pcpartpicker.com/product/WskgXL/gamemax-gamma-500-argb-5118-cfm-cpu-cooler-gamma-500-argb,https://cdna.pcpartpicker.com/static/forever/images/product/334e2a58d20599a9dace7390614c10b7.256p.jpg,1000 - 1800 RPM,26.3 dB,Black / Silver,,
Gigabyte AORUS ATC800,https://pcpartpicker.com/product/JjZzK8/gigabyte-aorus-atc800-517-cfm-cpu-cooler-gp-atc800,https://cdna.pcpartpicker.com/static/forever/images/product/439599c757f5965eca82fda7737f11b1.256p.jpg,600 - 2000 RPM,18 - 31 dB,Black,,
ID-COOLING FROSTFLOW X 240 LITE,https://pcpartpicker.com/product/GfXJ7P/id-cooling-frostflow-x-240-lite-7616-cfm-liquid-cpu-cooler-frostflow-x-240-lite,https://cdna.pcpartpicker.com/static/forever/images/product/fce2eec716e7e828b91618d5d4f4f419.256p.jpg,700 - 1800 RPM,15.2 - 35.2 dB,Black,240 mm,
Cooler Master Hyper T20,https://pcpartpicker.com/product/3dytt6/cooler-master-hyper-t20-317-cfm-cpu-cooler-rr-t20-20fk-r1,https://cdna.pcpartpicker.com/static/forever/images/product/f280d888d1f16287d1d3c3adb3cec5da.256p.jpg,2000 RPM,30 dB,Black / Silver,,
TRYX PANORAMA SE ARGB,https://pcpartpicker.com/product/cKTFf7/tryx-panorama-se-argb-6609-cfm-liquid-cpu-cooler-l-p240l-am2m-g0w,https://cdna.pcpartpicker.com/static/forever/images/product/dd552453410b9e5ae6e2b55b6bd67a23.256p.jpg,500 - 1850 RPM,27.86 dB,White,240 mm,259.99
ENDORFY Navis F280,https://pcpartpicker.com/product/xWGhP6/endorfy-navis-f280-liquid-cpu-cooler-ey3b002,https://cdna.pcpartpicker.com/static/forever/images/product/a5d12a887d1bafbda4a7a58aaba79f6a.256p.jpg,250 - 1800 RPM,,Black,280 mm,
Thermalright Frozen Notte ARGB V2,https://pcpartpicker.com/product/jtfxFT/thermalright-frozen-notte-argb-v2-7237-cfm-liquid-cpu-cooler-frozen-notte-240-white-argb-v2,https://cdna.pcpartpicker.com/static/forever/images/product/00e19ad9419382f3c576d0d38f70c8f1.256p.jpg,2000 RPM,27.7 dB,White,240 mm,
Cooler Master i71C RGB,https://pcpartpicker.com/product/M4kj4D/cooler-master-i71c-rgb-37-cfm-rifle-bearing-cpu-cooler-rr-i71c-20pc-r1,https://cdna.pcpartpicker.com/static/forever/images/product/ce921f8b83a6f9916e60af9691634d63.256p.jpg,650 - 1800 RPM,,Black,,
Phanteks GLACIER ONE 360D30,https://pcpartpicker.com/product/PddG3C/phanteks-glacier-one-360d30-643-cfm-liquid-cpu-cooler-ph-go360d30_dwt01,https://cdna.pcpartpicker.com/static/forever/images/product/f6b13eb9b7cad9eb86538a20fbeae971.256p.jpg,250 - 2000 RPM,30.2 dB,White,360 mm,
Deepcool UD511 RGB,https://pcpartpicker.com/product/PGP8TW/deepcool-ud511-rgb-4431-cfm-cpu-cooler-r-ud551-bkamab-g-1,https://cdna.pcpartpicker.com/static/forever/images/product/2eedff712e2b692be061c052bc448372.256p.jpg,500 - 1800 RPM,26.8 dB,Black,,
Fractal Design Lumen S36 RGB,https://pcpartpicker.com/product/h3WzK8/fractal-design-lumen-s36-rgb-56-cfm-liquid-cpu-cooler-fd-w-l1-s3602,https://cdna.pcpartpicker.com/static/forever/images/product/591856e4aa85716076fce0e20b0b795e.256p.jpg,500 - 2000 RPM,10 - 33.2 dB,Black,360 mm,
Thermaltake TH420 V2 ARGB Sync,https://pcpartpicker.com/product/XsP8TW/thermaltake-th420-v2-argb-sync-8432-cfm-liquid-cpu-cooler-cl-w378-pl14sw-a,https://cdna.pcpartpicker.com/static/forever/images/product/97856838484fe19c04080536ecad79bf.256p.jpg,500 - 1800 RPM,34.7 dB,White,420 mm,139.99
Silverstone Hydrogon D120 ARGB V2,https://pcpartpicker.com/product/q7rRsY/silverstone-hydrogon-d120-argb-v2-5623-cfm-cpu-cooler-sst-hyd120-argb-v2,https://cdna.pcpartpicker.com/static/forever/images/product/9669704387ac00721458c8d6bc1487ca.256p.jpg,,0 - 30.5 dB,Black / Silver,,79.84
Fractal Design Celsius S36 Blackout,https://pcpartpicker.com/product/cmPgXL/fractal-design-celsius-s36-blackout-876-cfm-liquid-cpu-cooler-fd-wcu-celsius-s36-bko,https://cdna.pcpartpicker.com/static/forever/images/product/c9aebc15771ac48fd38e67ec847ca4c3.256p.jpg,500 - 2000 RPM,32.2 dB,Black,360 mm,
ID-COOLING IS-50X V3,https://pcpartpicker.com/product/NhNYcf/id-cooling-is-50x-v3-546-cfm-cpu-cooler-is-50x-v3,https://cdna.pcpartpicker.com/static/forever/images/product/5f9f84c2a87ec733537dacbdedfae91a.256p.jpg,500 - 2000 RPM,31.2 dB,Black / Gray,,
StarTech FAN775E,https://pcpartpicker.com/product/dPBv6h/startech-cpu-cooler-fan775e,https://cdna.pcpartpicker.com/static/forever/images/product/f8524b418dd1c0bfc8b6781ada98341a.256p.jpg,2600 RPM,22.2 dB,,,23.98
ID-COOLING FROZN A610 BLACK,https://pcpartpicker.com/product/9pWJ7P/id-cooling-frozn-a610-black-7825-cfm-cpu-cooler-frozn-a610-black,https://m.media-amazon.com/images/I/41AIgjTP-tL.jpg,500 - 2000 RPM,29.85 dB,Black,,
Xilence I402,https://pcpartpicker.com/product/qZMMnQ/xilence-i402-654-cfm-cpu-cooler-xc026,https://m.media-amazon.com/images/I/41dwC-sEA-L.jpg,600 - 2200 RPM,14 - 23.8 dB,Red / Black,,32.15
Corsair A500,https://pcpartpicker.com/product/Qvdrxr/corsair-a500-75-cfm-cpu-cooler-ct-9010003-ww,https://cdna.pcpartpicker.com/static/forever/images/product/4696bab6763250c2a8379c835691fb2c.256p.jpg,2400 RPM,36 dB,Black / Silver,,
Asus ROG STRIX LC 240 RGB White Edition,https://pcpartpicker.com/product/9ctKHx/asus-rog-strix-lc-240-rgb-white-edition-8095-cfm-liquid-cpu-cooler-rog-strix-lc-240-rgb-white,https://m.media-amazon.com/images/I/419Gnd98HgL.jpg,800 - 2500 RPM,37.6 dB,White,240 mm,184.99
Thermaltake ASTRIA 600 ARGB,https://pcpartpicker.com/product/g4CCmG/thermaltake-astria-600-argb-65-cfm-cpu-cooler-cl-p139-ca12sw-a,https://cdna.pcpartpicker.com/static/forever/images/product/9d0b374369db8aba4313ccddcf6b9e77.256p.jpg,500 - 1800 RPM,26.8 dB,White,,57.28
EK AIO 120 D-RGB,https://pcpartpicker.com/product/cyTzK8/ek-aio-120-d-rgb-6604-cfm-liquid-cpu-cooler-ek-aio-120-d-rgb,https://cdna.pcpartpicker.com/static/forever/images/product/d861ca0e0dec024b63cd63c61adc498f.256p.jpg,450 - 2600 RPM,36.4 dB,Black,120 mm,
NZXT Kraken X63 RGB,https://pcpartpicker.com/product/cpRYcf/nzxt-kraken-x63-rgb-9119-cfm-liquid-cpu-cooler-rl-krx63-rw,https://cdna.pcpartpicker.com/static/forever/images/product/5e96047c892553f76eb07cfb121ac8db.256p.jpg,500 - 1500 RPM,22 - 33 dB,White / Black,280 mm,
Ocypus Sigma L360 PRO,https://pcpartpicker.com/product/ptsMnQ/ocypus-sigma-l360-pro-90-cfm-liquid-cpu-cooler-sigma-l36-pro-bk,https://m.media-amazon.com/images/I/31Vx4hHosjL.jpg,500 - 2400 RPM,36 dB,Black,360 mm,149.99
Thermaltake TH240 V2 Ultra ARGB Sync,https://pcpartpicker.com/product/n9RwrH/thermaltake-th240-v2-ultra-argb-sync-5705-cfm-liquid-cpu-cooler-cl-w383-pl12sw-a,https://cdna.pcpartpicker.com/static/forever/images/product/157cd688f294d21c213ee954037d7cdf.256p.jpg,500 - 1800 RPM,25.8 dB,Black,240 mm,119.99
BitFenix Cube ARGB,https://pcpartpicker.com/product/8Ggrxr/bitfenix-cube-argb-60-cfm-liquid-cpu-cooler-bfw-aio-360-ww27a-rp,https://cdna.pcpartpicker.com/static/forever/images/product/d154e684035df561a0b0c7775fa7f88f.256p.jpg,2000 RPM,34 dB,White,360 mm,
ID-COOLING SE-214-XT,https://pcpartpicker.com/product/KBkWGX/id-cooling-se-214-xt-648-cfm-cpu-cooler-se-214-xt,https://cdna.pcpartpicker.com/static/forever/images/product/a26b034db0499eb977236a1df1fdac37.256p.jpg,500 - 1500 RPM,16 - 26.6 dB,,,
EVGA CLCx 360,https://pcpartpicker.com/product/DGKKHx/evga-clcx-360-7315-cfm-liquid-cpu-cooler-400-hy-cx36-v1,https://cdna.pcpartpicker.com/static/forever/images/product/a1932770d9520afdc615e969ee23868d.256p.jpg,,35 dB,Black,360 mm,
Deepcool AK500,https://pcpartpicker.com/product/p3cG3C/deepcool-ak500-6899-cfm-cpu-cooler-r-ak500-whnnmt-g,https://cdna.pcpartpicker.com/static/forever/images/product/b0bf832d4b826860ac24787be6086941.256p.jpg,500 - 1850 RPM,25.9 - 31.5 dB,White,,
Thermalright Frozen Warframe ARGB,https://pcpartpicker.com/product/hvyH99/thermalright-frozen-warframe-argb-887-cfm-liquid-cpu-cooler-frozen-warframe-420-white-argb,https://cdna.pcpartpicker.com/static/forever/images/product/6bec312fffea33a4f69c5a54e6f82fba.256p.jpg,1750 RPM,29.8 dB,White,420 mm,
Thermaltake TH420 V2 Ultra ARGB Sync,https://pcpartpicker.com/product/wG26Mp/thermaltake-th420-v2-ultra-argb-sync-8432-cfm-liquid-cpu-cooler-cl-w386-pl14sw-a,https://cdna.pcpartpicker.com/static/forever/images/product/8a760afc769242fe8664b61d20abbf2e.256p.jpg,500 - 2000 RPM,34.7 dB,Black,420 mm,154.99
Iceberg Thermal IceSLEET G6 Stealth,https://pcpartpicker.com/product/NszhP6/iceberg-thermal-icesleet-g6-stealth-85-cfm-cpu-cooler-icesleetg6-00a,https://cdna.pcpartpicker.com/static/forever/images/product/dc977223dd6cc02902a3ad1c2d102416.256p.jpg,600 - 1400 RPM,26 dB,Black / Blue,,41.62
ASRock Pro ARGB,https://pcpartpicker.com/product/fX7MnQ/asrock-pro-argb-626-cfm-liquid-cpu-cooler-90-apra24-waaga6,https://cdna.pcpartpicker.com/static/forever/images/product/404efaf72fb4c8ae567d8c7ba8e96541.256p.jpg,,31 dB,White,240 mm,49.99
ID-COOLING SPACE LCD,https://pcpartpicker.com/product/ZbQKHx/id-cooling-space-lcd-7616-cfm-liquid-cpu-cooler-sl360-xe,https://cdna.pcpartpicker.com/static/forever/images/product/b2ffc14beaaa4a07130ad9b8b1552c58.256p.jpg,500 - 1800 RPM,35.2 dB,Black,360 mm,
Jonsbo CB40,https://pcpartpicker.com/product/LwfV3C/jonsbo-cb40-7707-cfm-cpu-cooler-cb40-black,https://cdna.pcpartpicker.com/static/forever/images/product/f70e04fbe50def4f2cd4a507c8d6ac35.256p.jpg,800 - 1800 RPM,21.8 - 35.4 dB,Black,,23.99
Deepcool LS520 SE WH,https://pcpartpicker.com/product/sfrqqs/deepcool-ls520-se-wh-8585-cfm-liquid-cpu-cooler-ls520-se-wh,https://cdna.pcpartpicker.com/static/forever/images/product/b3a7d206434ee44481ff8e79729d0764.256p.jpg,500 - 2250 RPM,28.2 - 32.9 dB,White,240 mm,
Jonsbo CR-1000 EVO Color Black,https://pcpartpicker.com/product/PrRwrH/jonsbo-cr-1000-evo-color-black-5948-cfm-cpu-cooler-cr-1000-evo-color-black,https://cdna.pcpartpicker.com/static/forever/images/product/0ea3542638ab7dd6b078d4d0e1d42552.256p.jpg,600 - 1500 RPM,22 - 32 dB,Black,,26.99
Fractal Design Celsius+ S28 Dynamic X2 PWM,https://pcpartpicker.com/product/s9XYcf/fractal-design-celsius-s28-dynamic-x2-pwm-8571-cfm-liquid-cpu-cooler-fd-w-2-s2801,https://cdna.pcpartpicker.com/static/forever/images/product/9a5e2c48a26d9104167026c9331686e6.256p.jpg,500 - 1700 RPM,32.7 dB,Black,280 mm,
Alpenföhn Brocken 4,https://pcpartpicker.com/product/th3NnQ/alpenfohn-brocken-4-55326-cfm-cpu-cooler-84000000205,https://cdna.pcpartpicker.com/static/forever/images/product/ffc3dd621fa8e92a6aa72fafd4e4c713.256p.jpg,400 - 1600 RPM,22.8 dB,Black,,
Cougar Poseidon Elite ARGB 240,https://pcpartpicker.com/product/dx62FT/cougar-poseidon-elite-argb-240-6253-cfm-liquid-cpu-cooler-3mpsd2400001,https://cdna.pcpartpicker.com/static/forever/images/product/a345b898eac0335b4c554b2d2251db0c.256p.jpg,500 - 2200 RPM,33.5 dB,Black,240 mm,69.98
Cooler Master Hyper 212X,https://pcpartpicker.com/product/PJYXsY/cooler-master-cpu-cooler-rr212x20pmr1,https://cdna.pcpartpicker.com/static/forever/images/product/e772d0b2cbed443c7345f1a410f02948.med.256p.jpg,600 - 2000 RPM,9 - 36 dB,,,
Thermaltake Water 3.0 240 ARGB Sync,https://pcpartpicker.com/product/8Z66Mp/thermaltake-water-30-240-argb-sync-5645-cfm-liquid-cpu-cooler-cl-w233-pl12sw-a,https://cdna.pcpartpicker.com/static/forever/images/product/d336809927bca1d719fc37365ac949bc.256p.jpg,500 - 1500 RPM,25.8 dB,Black,240 mm,
Cooler Master Hyper 622 Halo,https://pcpartpicker.com/product/GCwmP6/cooler-master-hyper-622-halo-5188-cfm-cpu-cooler-rr-d6bb-20pa-r1,https://cdna.pcpartpicker.com/static/forever/images/product/2f8ae62566d8b771d63ff10fbf2b408c.256p.jpg,650 - 2050 RPM,27 dB,Black,,
Thermaltake TH420 ARGB Sync,https://pcpartpicker.com/product/w6XV3C/thermaltake-th420-argb-sync-8432-cfm-liquid-cpu-cooler-cl-w367-pl14sw-a,https://cdna.pcpartpicker.com/static/forever/images/product/95d729ca24a816d7b88a46945f2cf392.256p.jpg,500 - 1800 RPM,34.7 dB,Black,420 mm,190.28
Enermax LIQMAX III 240 ARGB,https://pcpartpicker.com/product/GQddnQ/enermax-liqmax-iii-240-argb-721-cfm-liquid-cpu-cooler-elc-lmt240-w-argb,https://cdna.pcpartpicker.com/static/forever/images/product/9e46236deb61baff33952558b93cee09.256p.jpg,500 - 1600 RPM,14 - 27 dB,White / Black,240 mm,48.90
Cooler Master MasterAir MA410M,https://pcpartpicker.com/product/yRw7YJ/cooler-master-masterair-ma410m-534-cfm-cpu-cooler-mam-t4pn-218pc-r1,https://cdna.pcpartpicker.com/static/forever/images/product/bcce7cfb39d8fb6271df5c22b40e2ff9.256p.jpg,650 - 1800 RPM,6 - 31 dB,Black,,59.99
Jonsbo CR-1400 DV2,https://pcpartpicker.com/product/B4nXsY/jonsbo-cr-1400-dv2-382-cfm-cpu-cooler-cr-1400-dv2-black,https://cdna.pcpartpicker.com/static/forever/images/product/600e7ad141e453cce3ee6ce1dae59ff5.256p.jpg,800 - 2300 RPM,22.3 - 33.8 dB,Black,,
GameMax Ice Force,https://pcpartpicker.com/product/rWtkcf/gamemax-ice-force-4435-cfm-cpu-cooler-gmx-ice-force-wh,https://cdna.pcpartpicker.com/static/forever/images/product/84327d2fa2b814e366acfc19e16d1d71.256p.jpg,800 - 1600 RPM,,White,,
Fractal Design Lumen S24 V2,https://pcpartpicker.com/product/q7YRsY/fractal-design-lumen-s24-v2-56-cfm-liquid-cpu-cooler-fd-w-l1-s2411,https://cdna.pcpartpicker.com/static/forever/images/product/993d12341e2910981be11bd3e787914e.256p.jpg,500 - 2000 RPM,10 - 33.2 dB,Black,240 mm,
ID-COOLING SE-902-SD V3,https://pcpartpicker.com/product/yPWJ7P/id-cooling-se-902-sd-v3-3744-cfm-cpu-cooler-se-902-sd-v3,https://cdna.pcpartpicker.com/static/forever/images/product/129e10a05c75d68795b1fdb8d414a45d.256p.jpg,2000 RPM,23.1 dB,Black / Silver,,
Deepcool AK620 G2,https://pcpartpicker.com/product/MgHp99/deepcool-ak620-g2-5776-cfm-cpu-cooler-r-ak620g2-whnnmn-gjd,https://cdna.pcpartpicker.com/static/forever/images/product/2aba0566de359fa9227a6bd879ef6948.256p.jpg,2000 RPM,28.87 dB,White / Brown,,
NZXT Kraken X61,https://pcpartpicker.com/product/FFFPxr/nzxt-kraken-x61-1061-cfm-liquid-cpu-cooler-rl-krx61-01,https://cdna.pcpartpicker.com/static/forever/images/product/7cdd6e9ad8fcbd55b14a29f85bfa563d.med.256p.jpg,800 - 2000 RPM,20 - 37 dB,,280 mm,
CRYORIG C7,https://pcpartpicker.com/product/Lbhj4D/cryorig-c7-405-cfm-cpu-cooler-c7,https://cdna.pcpartpicker.com/static/forever/images/product/657e3311abd01fcb601a9f4b5bfd0de8.256p.jpg,600 - 2500 RPM,30 dB,,,
Lian Li Galahad AIO360 (2022),https://pcpartpicker.com/product/ZFD7YJ/lian-li-galahad-aio360-2022-6917-cfm-liquid-cpu-cooler-ga-360a-white,https://m.media-amazon.com/images/I/411hVokBg3L.jpg,800 - 1900 RPM,32 dB,White / Silver,360 mm,
ID-COOLING IS-30A BLACK,https://pcpartpicker.com/product/ZTTZxr/id-cooling-is-30a-black-40-cfm-cpu-cooler-is-30a-black,https://cdna.pcpartpicker.com/static/forever/images/product/c24717973b1bc2f7c23a948a00953b08.256p.jpg,800 - 3600 RPM,17 - 35.8 dB,Black,,
FSP Group MP7,https://pcpartpicker.com/product/C34Pxr/fsp-group-mp7-76-cfm-cpu-cooler-mp7-black,https://cdna.pcpartpicker.com/static/forever/images/product/3450649473eb20d6f471b3958c73ac59.256p.jpg,800 - 1800 RPM,32 dB,Black,,
Cougar Poseidon Elite ARGB 360,https://pcpartpicker.com/product/vb8Pxr/cougar-poseidon-elite-argb-360-6253-cfm-liquid-cpu-cooler-3mpsd3600002,https://cdna.pcpartpicker.com/static/forever/images/product/e3f1a61eeb97ca0d4d3203d0f64d53a8.256p.jpg,500 - 2200 RPM,33.5 dB,White,360 mm,
DARKROCK D360,https://pcpartpicker.com/product/qg4Pxr/darkrock-d360-liquid-cpu-cooler-d360,https://m.media-amazon.com/images/I/4157EKQl39L.jpg,800 - 1800 RPM,27.2 dB,Black,360 mm,49.99
Jonsbo CR-3000 ARGB,https://pcpartpicker.com/product/YKcgXL/jonsbo-cr-3000-argb-5948-cfm-cpu-cooler-cr-3000-argb-white,https://cdna.pcpartpicker.com/static/forever/images/product/fb9c6f5ce045dd83717b24eda1dc234f.256p.jpg,600 - 1500 RPM,22 - 32 dB,White,,
Phanteks GLACIER ONE 420D30,https://pcpartpicker.com/product/vQcgXL/phanteks-glacier-one-420d30-7193-cfm-liquid-cpu-cooler-ph-go420d30_dwt01,https://cdna.pcpartpicker.com/static/forever/images/product/bfe5a89de16a9f15bb74995c51e89114.256p.jpg,250 - 1800 RPM,29.5 dB,White,420 mm,
Asus ROG STRIX LC II ARGB,https://pcpartpicker.com/product/gcstt6/asus-rog-strix-lc-ii-argb-8095-cfm-liquid-cpu-cooler-rog-strix-lc-ii-240-argb,https://m.media-amazon.com/images/I/41TRSoxftaL.jpg,800 - 2500 RPM,37.6 dB,Black,240 mm,
MSI CORE FROZR S,https://pcpartpicker.com/product/JNBhP6/msi-core-frozr-s-7127-cfm-cpu-cooler-corefrozrs,https://cdna.pcpartpicker.com/static/forever/images/product/953af754af31dceaac2b15c0df59b6d4.256p.jpg,500 - 1800 RPM,17.2 - 33.6 dB,Black / Red,,
Thermalright Frozen Vision 240,https://pcpartpicker.com/product/qqyH99/thermalright-frozen-vision-240-69-cfm-liquid-cpu-cooler-frozen-vision-240-black,https://cdna.pcpartpicker.com/static/forever/images/product/3938d2aca5b291915d70950ffb5f6e70.256p.jpg,2150 - 21500 RPM,27 dB,Black,240 mm,
GAMDIAS BOREAS M2-51D,https://pcpartpicker.com/product/Y9kH99/gamdias-boreas-m2-51d-7294-cfm-cpu-cooler-boreas-m2-51d,https://cdna.pcpartpicker.com/static/forever/images/product/5fa841c3250602f21441780b05234f29.256p.jpg,800 - 1800 RPM,10 - 32 dB,Black,,
GAMDIAS AURA GL360 DIGITAL,https://pcpartpicker.com/product/2CKnTW/gamdias-aura-gl360-digital-7371-cfm-liquid-cpu-cooler-aura-gl360-digital-wh,https://m.media-amazon.com/images/I/41t5ArZzp7L.jpg,800 - 1800 RPM,33 dB,White,360 mm,99.99
Xilence LQ360,https://pcpartpicker.com/product/CYxxFT/xilence-lq360-70-cfm-liquid-cpu-cooler-xc978,https://cdna.pcpartpicker.com/static/forever/images/product/01b142dc2290a6e5cfc1f9c8d2bf9a4d.256p.jpg,700 - 1600 RPM,18 - 35.2 dB,Red / Black,360 mm,
Fractal Design Lumen S28 V2,https://pcpartpicker.com/product/HgtLrH/fractal-design-lumen-s28-v2-78-cfm-liquid-cpu-cooler-fd-w-l1-s2811,https://cdna.pcpartpicker.com/static/forever/images/product/8fc9289e56cb76c2e4d41af9b953a499.256p.jpg,500 - 1700 RPM,10 - 35.5 dB,Black,280 mm,
Deepcool AK500 G2,https://pcpartpicker.com/product/fjCCmG/deepcool-ak500-g2-634-cfm-cpu-cooler-r-ak500g2-bknnmn-gjd,https://cdna.pcpartpicker.com/static/forever/images/product/755542d6aad16e7fe52a31026d42bfc9.256p.jpg,2200 RPM,31.45 dB,Black / Brown,,
SilenX EFZ-92HA2,https://pcpartpicker.com/product/sKjG3C/silenx-cpu-cooler-efz92ha2,https://m.media-amazon.com/images/I/41v1kQ4Jv4L.jpg,2400 RPM,8 - 24 dB,,,20.36
Noctua NH-L12,https://pcpartpicker.com/product/PP4gXL/noctua-nh-l12-3779-cfm-cpu-cooler-nh-l12,https://cdna.pcpartpicker.com/static/forever/images/product/58c81386e16aa75b4c0306f76fef2ab0.med.256p.jpg,1200 - 1600 RPM,13.1 - 22.4 dB,,,
Thermaltake Floe Riing RGB 360 TT Premium Edition,https://pcpartpicker.com/product/CVJkcf/thermaltake-floe-riing-rgb-360-tt-premium-edition-4234-cfm-liquid-cpu-cooler-cl-w158-pl12sw-a,https://m.media-amazon.com/images/I/516F1+A6GkL.jpg,500 - 1400 RPM,19.8 - 24.7 dB,,360 mm,129.99
Jonsbo TG-360,https://pcpartpicker.com/product/R4BFf7/jonsbo-tg-360-liquid-cpu-cooler-tg-360-white,https://cdna.pcpartpicker.com/static/forever/images/product/9259d19f9dca57feafdf1f5132a9a196.256p.jpg,900 - 1800 RPM,,White,360 mm,
ARCTIC Freezer 13,https://pcpartpicker.com/product/99DwrH/arctic-freezer-13-364-cfm-cpu-cooler-acfz13,https://cdna.pcpartpicker.com/static/forever/images/product/9f614742afebe36ee5ff0c361778a965.med.256p.jpg,600 - 2000 RPM,,,,
ARCTIC Liquid Freezer 240,https://pcpartpicker.com/product/Dt8H99/arctic-liquid-freezer-240-74-cfm-liquid-cpu-cooler-acfre00013a,https://m.media-amazon.com/images/I/41QNeB0BJ9L.jpg,500 - 1350 RPM,,,240 mm,
ARCTIC Alpine Passive,https://pcpartpicker.com/product/2Gw7YJ/arctic-alpine-passive-fanless-cpu-cooler-acalp00022a,https://m.media-amazon.com/images/I/41sGLhTt6lL.jpg,,0 dB,Black,,
Phanteks Glacier One 240MP,https://pcpartpicker.com/product/fPtKHx/phanteks-glacier-one-240mp-6051-cfm-liquid-cpu-cooler-ph-go240mp_dbk01,https://cdna.pcpartpicker.com/static/forever/images/product/6c09f29a16791499ab20a1edd15386f4.256p.jpg,500 - 2200 RPM,18 - 34.2 dB,Black / White,240 mm,
Corsair iCUE H60i RGB PRO XT,https://pcpartpicker.com/product/HVtKHx/corsair-icue-h60i-rgb-pro-xt-75-cfm-liquid-cpu-cooler-cw-9060049-ww,https://cdna.pcpartpicker.com/static/forever/images/product/8cbd47030939390856bc3ff48407971f.256p.jpg,2400 RPM,10 - 37 dB,Black,120 mm,
NZXT Kraken Z53 RGB,https://pcpartpicker.com/product/TGwypg/nzxt-kraken-z53-rgb-5244-cfm-liquid-cpu-cooler-rl-krz53-r1,https://cdna.pcpartpicker.com/static/forever/images/product/66cae7335ea22e2af78784cd0b0f4ee0.256p.jpg,500 - 1500 RPM,22 - 33 dB,Black,240 mm,
PC Cooler RZ400 V2,https://pcpartpicker.com/product/hycBD3/pc-cooler-rz400-v2-8673-cfm-cpu-cooler-rz400v2-bknwnx-gl,https://m.media-amazon.com/images/I/414pkV-255L.jpg,500 - 2200 RPM,32 dB,Black,,
Ocypus Iota L24,https://pcpartpicker.com/product/ZdjRsY/ocypus-iota-l24-77-cfm-liquid-cpu-cooler-iota-l24-wh,https://m.media-amazon.com/images/I/31hR9XzruAL.jpg,500 - 2000 RPM,29 dB,White,240 mm,
GAMDIAS CHIONE E4,https://pcpartpicker.com/product/hGdMnQ/gamdias-chione-e4-7336-cfm-liquid-cpu-cooler-e4-360-wh,https://m.media-amazon.com/images/I/316TZj-rKRL.jpg,800 - 1800 RPM,11 - 33.8 dB,White,360 mm,84.99
be quiet! Shadow Rock Slim 2,https://pcpartpicker.com/product/JNgFf7/be-quiet-shadow-rock-slim-2-cpu-cooler-bk032,https://cdna.pcpartpicker.com/static/forever/images/product/9c71e2b7b55c04f593c522031c24f971.256p.jpg,1400 RPM,11.5 - 23.7 dB,Black,,89.38
Silverstone NovaPeak 360,https://pcpartpicker.com/product/VLcBD3/silverstone-novapeak-360-698-cfm-liquid-cpu-cooler-sst-np360b,https://m.media-amazon.com/images/I/31uCveTta4L.jpg,600 - 2200 RPM,35.1 dB,Black,360 mm,119.99
Thermalright Frozen Warframe,https://pcpartpicker.com/product/dzjRsY/thermalright-frozen-warframe-7084-cfm-liquid-cpu-cooler-frozen-warframe-360-black,https://cdna.pcpartpicker.com/static/forever/images/product/8d5eba634c89a294f3595efa6f06da4e.256p.jpg,2000 RPM,22.1 dB,Black,360 mm,
Thermaltake TH420 V2 Ultra EX ARGB Sync,https://pcpartpicker.com/product/TQbRsY/thermaltake-th420-v2-ultra-ex-argb-sync-903-cfm-liquid-cpu-cooler-cl-w417-pl14sw-a,https://cdna.pcpartpicker.com/static/forever/images/product/c15f08171bf4e70744cf8f1153247e54.256p.jpg,500 - 2000 RPM,30.7 dB,Black,420 mm,
Deepcool AG400 LED,https://pcpartpicker.com/product/CPRYcf/deepcool-ag400-led-7589-cfm-cpu-cooler-r-ag400-bklnmc-g-1,https://cdna.pcpartpicker.com/static/forever/images/product/673f6eacc1f2f1398956cd13ab8a9797.256p.jpg,500 - 2000 RPM,31.6 dB,Black / Silver,,
ID-COOLING FROZN A400 ARGB,https://pcpartpicker.com/product/HMYRsY/id-cooling-frozn-a400-argb-458-cfm-cpu-cooler-frozn-a400-argb,https://cdna.pcpartpicker.com/static/forever/images/product/0da6251685795c16921c0e84d5be670b.256p.jpg,600 - 2200 RPM,25.8 dB,Black,,
Cooler Master Hyper 212 EVO V2,https://pcpartpicker.com/product/6CxRsY/cooler-master-hyper-212-evo-v2-62-cfm-cpu-cooler-rr-2v2e-18pk-r2,https://cdna.pcpartpicker.com/static/forever/images/product/269a48bbff507ca9e5c70930db2abe99.256p.jpg,650 - 1800 RPM,8 - 27 dB,,,
Corsair H55,https://pcpartpicker.com/product/xn3gXL/corsair-h55-4773-cfm-liquid-cpu-cooler-cw-9060052-ww,https://cdna.pcpartpicker.com/static/forever/images/product/54bb75a139bc32902d4789db3deb6a8a.256p.jpg,1500 RPM,18 - 26.5 dB,Black,120 mm,
ARCTIC Liquid Freezer II 360 Rev. 2,https://pcpartpicker.com/product/7m26Mp/arctic-liquid-freezer-ii-360-rev-2-5633-cfm-liquid-cpu-cooler-acfre00068b,https://cdna.pcpartpicker.com/static/forever/images/product/a46309287ab37bfb79f4480a18ac33f1.256p.jpg,200 - 1800 RPM,,Black,360 mm,
Cooler Master MasterLiquid ML120R RGB,https://pcpartpicker.com/product/7tQG3C/cooler-master-masterliquid-ml120r-rgb-667-cfm-liquid-cpu-cooler-mlx-d12m-a20pc-r1,https://cdna.pcpartpicker.com/static/forever/images/product/3deec0e55023fbed6eef4a89cb89713c.256p.jpg,650 - 2000 RPM,6 - 30 dB,,120 mm,
Deepcool Castle 360 RGB V2,https://pcpartpicker.com/product/2G6qqs/deepcool-castle-360-rgb-v2-6934-cfm-liquid-cpu-cooler-dp-gs-h12ar-csl360v2,https://cdna.pcpartpicker.com/static/forever/images/product/551000e77dcbbdbc280584b5bdb5b609.256p.jpg,500 - 1800 RPM,30 dB,Black,360 mm,
MSI MAG CORELIQUID R,https://pcpartpicker.com/product/ssCFf7/msi-mag-coreliquid-r-7873-cfm-liquid-cpu-cooler-mag-core-liquid-240r,https://cdna.pcpartpicker.com/static/forever/images/product/c36d414a2655bffc7f11ffba68791e72.256p.jpg,500 - 2000 RPM,14.3 - 34.3 dB,Black,240 mm,
Deepcool GAMMAXX AG620 ARGB,https://pcpartpicker.com/product/KdHqqs/deepcool-ag620-argb-cpu-cooler-r-ag620-bkanmn-g-1,https://cdna.pcpartpicker.com/static/forever/images/product/59b2fe826866463ccf067c88ecfbb08a.256p.jpg,300 - 1850 RPM,29.4 dB,Black / Silver,,
Jonsbo CR-1000 EVO Standard,https://pcpartpicker.com/product/dRYRsY/jonsbo-cr-1000-evo-standard-5948-cfm-cpu-cooler-cr-1000-evo-standard,https://cdna.pcpartpicker.com/static/forever/images/product/83cd2b5aeebf46e3102a7ee2dc11a7a0.256p.jpg,600 - 1500 RPM,22 - 32 dB,Black,,
Ocypus Iota L24,https://pcpartpicker.com/product/T7DQzy/ocypus-iota-l24-77-cfm-liquid-cpu-cooler-iota-l24-bk,https://m.media-amazon.com/images/I/31MgxLWN0gL.jpg,500 - 2000 RPM,29 dB,Black,240 mm,
upHere UP1KC4,https://pcpartpicker.com/product/TLjv6h/uphere-up1kc4-682-cfm-cpu-cooler-up1kc4,/static/forever/img/no-image.png,600 - 1650 RPM,25 dB,Black,,
ID-COOLING FROZN A620 ARGB,https://pcpartpicker.com/product/Ph88TW/id-cooling-frozn-a620-argb-78-cfm-cpu-cooler-frozn-a620-argb,https://m.media-amazon.com/images/I/51+XJeOGEqL.jpg,500 - 2000 RPM,29.9 dB,Black,,59.99
Jonsbo CR-1400 V2 ARGB,https://pcpartpicker.com/product/jL2j4D/jonsbo-cr-1400-v2-argb-382-cfm-cpu-cooler-cr-1400-v2-argb-black,https://cdna.pcpartpicker.com/static/forever/images/product/13c82148b4fe6780ab73cf6a88ae3a7e.256p.jpg,800 - 2200 RPM,22.3 - 33.8 dB,Black,,
Deepcool R-AN600-BKNNMN-G,https://pcpartpicker.com/product/29tLrH/deepcool-r-an600-bknnmn-g-6156-cfm-cpu-cooler-r-an600-bknnmn-g,https://cdna.pcpartpicker.com/static/forever/images/product/8c5a09ce484c3380539b04db5ee933e6.256p.jpg,500 - 1850 RPM,20 - 24.4 dB,Black / Silver,,
be quiet! Pure Loop 280,https://pcpartpicker.com/product/4K6qqs/be-quiet-pure-loop-280-liquid-cpu-cooler-bw007,https://cdna.pcpartpicker.com/static/forever/images/product/490563f4bed015305f792e91514fa5d0.256p.jpg,,22.5 - 38.1 dB,Black,280 mm,
Thermalright Core Matrix,https://pcpartpicker.com/product/py88TW/thermalright-core-matrix-69-cfm-liquid-cpu-cooler-core-matrix-360-black,https://cdna.pcpartpicker.com/static/forever/images/product/4dbb4db9e6033075dbac17f2822758d1.256p.jpg,2150 RPM,27 dB,Black,360 mm,
GAMDIAS CHIONE P5,https://pcpartpicker.com/product/MJRnTW/gamdias-chione-p5-8181-cfm-liquid-cpu-cooler-chione-p5-360-wh,https://m.media-amazon.com/images/I/31WVM57FTLL.jpg,400 - 2200 RPM,11 - 34.91 dB,White,360 mm,124.99
Thermaltake TH420 ARGB Sync,https://pcpartpicker.com/product/D2RwrH/thermaltake-th420-argb-sync-8432-cfm-liquid-cpu-cooler-cl-w369-pl14sw-a,https://m.media-amazon.com/images/I/41V+QuUU3hL.jpg,500 - 1800 RPM,34.7 dB,White,420 mm,139.99
be quiet! Silent Loop 2 280,https://pcpartpicker.com/product/fQqPxr/be-quiet-silent-loop-2-280-7757-cfm-liquid-cpu-cooler-bw011,https://cdna.pcpartpicker.com/static/forever/images/product/7c52aa1022b8b4a82e8c2cbf6c370edc.256p.jpg,1600 RPM,16.5 - 36.1 dB,Black,280 mm,
ARCTIC Freezer 13 CO,https://pcpartpicker.com/product/khQypg/arctic-freezer-13-co-4-cfm-ball-bearing-cpu-cooler-ucaco-fz13100-bl,https://cdna.pcpartpicker.com/static/forever/images/product/6d4e3029809d677e7dd23b14978297a2.med.256p.jpg,600 - 2000 RPM,24.4 dB,,,
Corsair H80i,https://pcpartpicker.com/product/2zQypg/corsair-h80i-77-cfm-liquid-cpu-cooler-h80i,https://m.media-amazon.com/images/I/41lOn9Qdy7L.jpg,2700 RPM,37.68 dB,,120 mm,
MSI CORE FROZR L,https://pcpartpicker.com/product/cqgPxr/msi-core-frozr-l-713-cfm-cpu-cooler-core-frozr-l,https://cdna.pcpartpicker.com/static/forever/images/product/ebe0611d68a0ee6820c9212a19e54e70.256p.jpg,500 - 1800 RPM,17.2 - 33.6 dB,,,
ID-COOLING FROSTFLOW X,https://pcpartpicker.com/product/DtQfrH/id-cooling-frostflow-x-745-cfm-liquid-cpu-cooler-frostflow-x-360,https://cdna.pcpartpicker.com/static/forever/images/product/b7a4ad9d4d2f6c36e1da91f59eb360d2.256p.jpg,700 - 1800 RPM,18 - 35.2 dB,,360 mm,
darkFlash Darkair,https://pcpartpicker.com/product/hWWBD3/darkflash-darkair-68-cfm-cpu-cooler-darkair,/static/forever/img/no-image.png,800 - 1600 RPM,,Black,,
MSI MPG CORELIQUID K360,https://pcpartpicker.com/product/rY92FT/msi-mpg-coreliquid-k360-774-cfm-liquid-cpu-cooler-mpg-coreliquid-k360,https://cdna.pcpartpicker.com/static/forever/images/product/5c55574ad25a0fe19a2467f1e0341564.256p.jpg,,39.9 dB,Black,360 mm,
Lian Li Galahad AIO240 (2022),https://pcpartpicker.com/product/zkQcCJ/lian-li-galahad-aio240-2022-6917-cfm-liquid-cpu-cooler-ga-240b-black,https://m.media-amazon.com/images/I/415IgRvl3ML.jpg,800 - 1900 RPM,32 dB,Black / Silver,240 mm,
Lian Li Galahad AIO360 (2022),https://pcpartpicker.com/product/TPpzK8/lian-li-galahad-aio360-2022-6917-cfm-liquid-cpu-cooler-ga-360b-black,https://m.media-amazon.com/images/I/41kNtSl2oEL.jpg,800 - 1900 RPM,32 dB,Black / Silver,360 mm,
ID-COOLING FX360,https://pcpartpicker.com/product/3YCZxr/id-cooling-fx360-7616-cfm-liquid-cpu-cooler-fx-360-white,/static/forever/img/no-image.png,700 - 1800 RPM,35.2 dB,White,360 mm,
KOLINK Umbra Void,https://pcpartpicker.com/product/WmcgXL/kolink-umbra-void-652-cfm-liquid-cpu-cooler-pgw-cc-kol-003,https://cdna.pcpartpicker.com/static/forever/images/product/ee58ecd0ea00af48d15a4abb960fc9f9.256p.jpg,2200 RPM,30 dB,Black,120 mm,101.44
be quiet! Pure Loop 2,https://pcpartpicker.com/product/wmQKHx/be-quiet-pure-loop-2-liquid-cpu-cooler-bw017,https://cdna.pcpartpicker.com/static/forever/images/product/67938c8a7fe42fd14f1ec05d96ec8bab.256p.jpg,,15.4 - 34.9 dB,Black,240 mm,
MSI MPG CORELIQUID D240,https://pcpartpicker.com/product/cVyH99/msi-mpg-coreliquid-d240-774-cfm-liquid-cpu-cooler-mpg-coreliquid-d240,https://cdna.pcpartpicker.com/static/forever/images/product/104ca9a1a3e9d9ca8e7f850cc825d2c4.256p.jpg,,,Black,240 mm,189.99
Deepcool GAMMAXX 300,https://pcpartpicker.com/product/JHV48d/deepcool-gammaxx-300-555-cfm-cpu-cooler-gammaxx-300,/static/forever/img/no-image.png,900 - 1600 RPM,17.8 - 21 dB,,,
Antec Symphony ARGB,https://pcpartpicker.com/product/ZxRwrH/antec-symphony-argb-72-cfm-liquid-cpu-cooler-0-761345-74043-2,https://cdna.pcpartpicker.com/static/forever/images/product/c05a2f0b2de31eb4b3b8b146e89d832f.256p.jpg,800 - 1600 RPM,20 - 35 dB,Black,240 mm,
Gelid Solutions Slim Silence AM1,https://pcpartpicker.com/product/hLkwrH/gelid-solutions-slim-silence-am1-34-cfm-cpu-cooler-cc-ssilence-am1,https://cdna.pcpartpicker.com/static/forever/images/product/c38b4c238be6f2fc3c37e93feb231995.256p.jpg,1200 - 2600 RPM,15 - 27.2 dB,,,
ID-COOLING ZOOMFLOW X,https://pcpartpicker.com/product/zfPQzy/id-cooling-zoomflow-x-62-cfm-liquid-cpu-cooler-zoomflow-240x-snow,https://m.media-amazon.com/images/I/414YjSWsQ7L.jpg,700 - 1500 RPM,18 - 26.4 dB,White,240 mm,
ARCTIC Freezer A35 RGB,https://pcpartpicker.com/product/r2H7YJ/arctic-freezer-a35-rgb-cpu-cooler-acfre00114a,https://cdna.pcpartpicker.com/static/forever/images/product/c6437674008021bee94ea1f216266917.256p.jpg,200 - 1700 RPM,,Black,,45.99
ID-COOLING SL PRO SE,https://pcpartpicker.com/product/MwRwrH/id-cooling-sl-pro-se-58-cfm-liquid-cpu-cooler-sl360-pro-se,https://m.media-amazon.com/images/I/31RrfIGwX7L.jpg,300 - 2000 RPM,27.2 dB,Black,360 mm,
Lian Li HydroShift LCD 360R RGB,https://pcpartpicker.com/product/xtzXsY/lian-li-hydroshift-lcd-360r-rgb-799-cfm-liquid-cpu-cooler-hslcd36rb,https://cdna.pcpartpicker.com/static/forever/images/product/1371bd56237b8af84097b8db6d3360f4.256p.jpg,300 - 2400 RPM,30 dB,Black,360 mm,
Cooler Master MasterLiquid LC240E RGB,https://pcpartpicker.com/product/dM4BD3/cooler-master-masterliquid-lc240e-rgb-764-cfm-liquid-cpu-cooler-mla-d24m-a18pc-r1,https://m.media-amazon.com/images/I/41z+K65bZML.jpg,650 - 1800 RPM,31.5 dB,Black,240 mm,69.98
Gigabyte AORUS WATERFORCE X,https://pcpartpicker.com/product/jJpzK8/gigabyte-aorus-waterforce-x-6007-cfm-liquid-cpu-cooler-aorus-waterforce-x-240,https://cdna.pcpartpicker.com/static/forever/images/product/5e666a764eb04330d4405d7961612d5a.256p.jpg,800 - 2500 RPM,7.9 - 37.6 dB,Black,240 mm,
Xilence LQ240,https://pcpartpicker.com/product/ws26Mp/xilence-lq240-70-cfm-liquid-cpu-cooler-xc975,https://m.media-amazon.com/images/I/414UbV5VcLL.jpg,700 - 1600 RPM,18 - 32.5 dB,Red / Black,240 mm,
EVGA ACX,https://pcpartpicker.com/product/LqxfrH/evga-cpu-cooler-100fsc201kr,https://images-na.ssl-images-amazon.com/images/I/51wsaudVqqL.jpg,2800 RPM,42.5 dB,,,
Silverstone HE02-V2,https://pcpartpicker.com/product/vbm323/silverstone-he02-v2-fanless-cpu-cooler-sst-he02-v2,https://cdna.pcpartpicker.com/static/forever/images/product/53edebbd9a8a0c5dc529423f91263787.256p.jpg,,0 dB,Silver,,
Thermalright Frost Spirit 140 V3 BLACK,https://pcpartpicker.com/product/nf2WGX/thermalright-frost-spirit-140-v3-black-778-cfm-cpu-cooler-fs140-v3-black,https://m.media-amazon.com/images/I/51C8pCEh0HL.jpg,1500 RPM,25.6 dB,Black,,
EVGA CLCx 280,https://pcpartpicker.com/product/wRQcCJ/evga-clcx-280-8513-cfm-liquid-cpu-cooler-400-hy-cx28-v1,https://cdna.pcpartpicker.com/static/forever/images/product/0d55383c214d98d8c610b97fa636a02e.256p.jpg,,35 dB,Black,280 mm,
Thermaltake TOUGHAIR 710,https://pcpartpicker.com/product/rM4Zxr/thermaltake-toughair-710-8196-cfm-cpu-cooler-cl-p117-ca14bl-a,https://m.media-amazon.com/images/I/316sxvbQxJL.jpg,300 - 1400 RPM,18.5 - 23.9 dB,Black,,89.99
Deepcool AN600,https://pcpartpicker.com/product/qvqrxr/deepcool-an600-3675-cfm-cpu-cooler-an-600,https://cdna.pcpartpicker.com/static/forever/images/product/4641df5058deecda70437c9792c61095.256p.jpg,500 - 1850 RPM,20.4 - 24.2 dB,Black / Silver,,
Thermaltake TOUGHAIR 510,https://pcpartpicker.com/product/cmH7YJ/thermaltake-5835-cfm-cpu-cooler-cl-p075-al12bl-a,https://cdna.pcpartpicker.com/static/forever/images/product/a6bb7e8974889b9fd6e3a27d2dc737a5.256p.jpg,500 - 2000 RPM,23.6 dB,Black / Gray,,54.99
Alphacool Eisbaer Pro Aurora,https://pcpartpicker.com/product/wRsV3C/alphacool-eisbaer-pro-aurora-6998-cfm-liquid-cpu-cooler-11771,https://cdna.pcpartpicker.com/static/forever/images/product/daea75ab1b38ae3387fe96e320e72c12.256p.jpg,,31.5 dB,Black,360 mm,274.99
Mars Gaming ML-ONE,https://pcpartpicker.com/product/4qKKHx/mars-gaming-ml-one-692-cfm-liquid-cpu-cooler-mlone120p,https://cdna.pcpartpicker.com/static/forever/images/product/f44104dc7c5c2e8bd52da308c1763ff5.256p.jpg,600 - 1800 RPM,9 - 26 dB,Pink,120 mm,
Mars Gaming ML-ONE,https://pcpartpicker.com/product/xr26Mp/mars-gaming-ml-one-692-cfm-liquid-cpu-cooler-mlone240,https://cdna.pcpartpicker.com/static/forever/images/product/2518ec48dea678ebd347c3a0ba1cd1a6.256p.jpg,600 - 1800 RPM,9 - 26 dB,Black,240 mm,94.13
Zalman CNPS9X Performa ARGB,https://pcpartpicker.com/product/hk7scf/zalman-cnps9x-performa-argb-6136-cfm-cpu-cooler-cnps9x-performa-argb-white,https://m.media-amazon.com/images/I/41zkRfDt0ML.jpg,700 - 1800 RPM,28 dB,White,,29.99
Corsair H50,https://pcpartpicker.com/product/VF2kcf/corsair-h50-57-cfm-liquid-cpu-cooler-cwch50-1,https://cdna.pcpartpicker.com/static/forever/images/product/c8f84d0425043fd2c4da9077dec838a6.256p.jpg,1700 RPM,30.32 dB,,120 mm,
Corsair H110i GTX,https://pcpartpicker.com/product/Kn7CmG/corsair-h110i-gtx-10465-cfm-liquid-cpu-cooler-cw-9060020,https://m.media-amazon.com/images/I/416Q7qYu0pL.jpg,2000 RPM,40 dB,,280 mm,
Intel BXTS13X,https://pcpartpicker.com/product/FgkD4D/intel-bxts13x-74-cfm-liquid-cpu-cooler-bxts13x,https://m.media-amazon.com/images/I/4195EdhApTL.jpg,800 - 2200 RPM,21 - 35 dB,,120 mm,
ARCTIC Freezer 33 eSports ONE (Black/Red),https://pcpartpicker.com/product/sVYLrH/arctic-freezer-33-esports-one-blackred-cpu-cooler-acfre00042a,https://cdna.pcpartpicker.com/static/forever/images/product/790abea6fa4edae200478e6a56aea933.256p.jpg,200 - 1800 RPM,24.4 dB,Black / Red,,
Corsair H75 2018,https://pcpartpicker.com/product/FYhKHx/corsair-h75-2018-64-cfm-liquid-cpu-cooler-cw-9060035-ww,https://cdna.pcpartpicker.com/static/forever/images/product/3a20f777c3c7b5c0aa20e7196c0d7e55.256p.jpg,1900 RPM,31 dB,Black,120 mm,
Thermalright Frozen Vision 360,https://pcpartpicker.com/product/YZjRsY/thermalright-frozen-vision-360-69-cfm-liquid-cpu-cooler-frozen-vision-360-black,https://cdna.pcpartpicker.com/static/forever/images/product/1a5caaefea94d7dbc55c44c604084b72.256p.jpg,2150 RPM,27 dB,Black,360 mm,
Alphacool Eisbaer 360,https://pcpartpicker.com/product/fyJkcf/alphacool-eisbaer-360-6385-cfm-liquid-cpu-cooler-11286,https://cdna.pcpartpicker.com/static/forever/images/product/df8239d1b6caf075e69e339b363953cd.256p.jpg,550 - 1700 RPM,29 dB,Black,360 mm,188.99
Thermalright SI-100,https://pcpartpicker.com/product/NZJp99/thermalright-si-100-7237-cfm-cpu-cooler-si-100,https://m.media-amazon.com/images/I/41FPjUmN7IL.jpg,2000 RPM,27.7 dB,Gray,,
Asus ROG STRIX LC III ARGB,https://pcpartpicker.com/product/BL3NnQ/asus-rog-strix-lc-iii-argb-7038-cfm-liquid-cpu-cooler-rog-strix-lc-iii-240-argb-wht,https://cdna.pcpartpicker.com/static/forever/images/product/24aac29f73c3eaf587009b8f22bac52c.256p.jpg,800 - 2200 RPM,36 dB,White,240 mm,198.82
Cooler Master MasterLiquid 120,https://pcpartpicker.com/product/B9Z2FT/cooler-master-masterliquid-120-667-cfm-liquid-cpu-cooler-mlx-d12m-a20pw-r1,https://cdna.pcpartpicker.com/static/forever/images/product/e448c8614a9bd2a01018a963fadd2103.256p.jpg,650 - 2000 RPM,6 - 30 dB,,120 mm,
ID-COOLING FROZN A410 ARGB,https://pcpartpicker.com/product/yZDQzy/id-cooling-frozn-a410-argb-78-cfm-cpu-cooler-frozn-a410-argb,https://m.media-amazon.com/images/I/41NjeNIE4nL.jpg,500 - 2000 RPM,29.9 dB,Black,,
Dynatron T318,https://pcpartpicker.com/product/bHCwrH/dynatron-t318-fanless-cpu-cooler-t318,https://m.media-amazon.com/images/I/31MZHlebPXS.jpg,,0 dB,,,46.95
Cooler Master Hyper 212 Plus,https://pcpartpicker.com/product/gpw323/cooler-master-cpu-cooler-rrb10212pg1,https://m.media-amazon.com/images/I/2151gMh+9RL.jpg,600 - 2000 RPM,13 - 32 dB,,,
ARCTIC Freezer 34 eSports DUO,https://pcpartpicker.com/product/vWgzK8/arctic-freezer-34-esports-duo-cpu-cooler-acfre00063a,https://m.media-amazon.com/images/I/41UWeIFJhML.jpg,200 - 2100 RPM,24.4 dB,Green / Black,,
ID-COOLING PINKFLOW 240 DIAMOND PURPLE,https://pcpartpicker.com/product/JVxRsY/id-cooling-pinkflow-240-diamond-purple-552-cfm-liquid-cpu-cooler-pinkflow-240-diamond-purple,https://cdna.pcpartpicker.com/static/forever/images/product/98c5d2cdfc155895f9138bf8bfc915ac.256p.jpg,900 - 2000 RPM,16.3 - 33.5 dB,Pink / Purple,240 mm,
ID-COOLING SE-214-XT PRO,https://pcpartpicker.com/product/RPWJ7P/id-cooling-se-214-xt-pro-70-cfm-cpu-cooler-se-214-xt-pro,https://cdna.pcpartpicker.com/static/forever/images/product/2e87b197bd18a2d50d2673bf66841308.256p.jpg,600 - 1500 RPM,28.9 dB,Black / Silver,,
Lian Li ALC 360,https://pcpartpicker.com/product/ZRZXsY/lian-li-alc-360-799-cfm-liquid-cpu-cooler-acl360b-black,https://m.media-amazon.com/images/I/41eSIOjpVnL.jpg,300 - 2450 RPM,30 dB,,360 mm,
Xigmatek Windpower Pro,https://pcpartpicker.com/product/HrwD4D/xigmatek-windpower-pro-585-cfm-cpu-cooler-en44276,/static/forever/img/no-image.png,800 - 1800 RPM,25.3 dB,Black,,
Thermaltake TH240 V2 Ultra ARGB Sync,https://pcpartpicker.com/product/tpFmP6/thermaltake-th240-v2-ultra-argb-sync-5705-cfm-liquid-cpu-cooler-cl-w404-pl12sw-a,https://cdna.pcpartpicker.com/static/forever/images/product/ee0d6512cb0dbcec1428bca65c0ac4a3.256p.jpg,500 - 1800 RPM,25.8 dB,White,240 mm,124.99
Silverstone Krypton KR02,https://pcpartpicker.com/product/YVdxFT/silverstone-krypton-kr02-561-cfm-cpu-cooler-sst-kr02,https://cdna.pcpartpicker.com/static/forever/images/product/e6d21ee176c0c4ad4beae8a09d62fd4f.256p.jpg,800 - 2800 RPM,13.6 - 34.8 dB,Black / Silver,,33.96
Silverstone NT07-115X,https://pcpartpicker.com/product/s4JmP6/silverstone-nt07-115x-281-cfm-cpu-cooler-sst-nt07-115x-usa,https://m.media-amazon.com/images/I/410Ll0gk6VL.jpg,1500 - 3600 RPM,21.9 - 34.7 dB,Silver / Black,,35.99
StarTech FAN1156PWM,https://pcpartpicker.com/product/gKjG3C/startech-cpu-cooler-fan1156pwm,https://cdna.pcpartpicker.com/static/forever/images/product/d789b60f705568bf0cd2e490f13a5624.256p.jpg,1000 - 3000 RPM,33 dB,,,24.74
Xilence A402,https://pcpartpicker.com/product/gMhv6h/xilence-a402-cpu-cooler-xc025,https://cdna.pcpartpicker.com/static/forever/images/product/3051c226bdd1de94c97d3788b39af85e.256p.jpg,600 - 2200 RPM,14 - 23.8 dB,Red / Black,,32.43
Deepcool LQ240,https://pcpartpicker.com/product/wmm2FT/deepcool-lq240-7204-cfm-liquid-cpu-cooler-r-lq240-bklsmw-g-1,https://cdna.pcpartpicker.com/static/forever/images/product/ecb4127f95ae835831f0cb84a4bd7976.256p.jpg,500 - 2400 RPM,38.71 dB,Black,240 mm,
Thermalright Aqua Elite ARGB,https://pcpartpicker.com/product/Kqrqqs/thermalright-aqua-elite-argb-6617-cfm-liquid-cpu-cooler-aqua-elite-240-white-argb,https://m.media-amazon.com/images/I/41e+R85tRYL.jpg,1550 RPM,25.6 dB,White,240 mm,
ARCTIC Alpine 12,https://pcpartpicker.com/product/PNm323/arctic-alpine-12-cpu-cooler-acalp00027a,https://m.media-amazon.com/images/I/41V2mi-wH4L.jpg,100 - 2000 RPM,,Black / White,,
Asus ROG STRIX LC 360 RGB,https://pcpartpicker.com/product/YM3mP6/asus-rog-strix-lc-360-rgb-8095-cfm-liquid-cpu-cooler-rog-strix-lc-360-rgb,https://cdna.pcpartpicker.com/static/forever/images/product/3102bcfb21fce7132bb3ebe2818139d5.256p.jpg,800 - 2500 RPM,37.6 dB,Black,360 mm,
Cooler Master Hyper TX3,https://pcpartpicker.com/product/t4fp99/cooler-master-cpu-cooler-rr910htx3g1,https://cdna.pcpartpicker.com/static/forever/images/product/cf3a72593b16cf8fda76564c62ba1d93.256p.jpg,800 - 2800 RPM,17 - 35 dB,,,
Noctua NH-U12P SE2,https://pcpartpicker.com/product/Zs4gXL/noctua-nh-u12p-se2-5436-cfm-cpu-cooler-nh-u12p-se2,https://cdna.pcpartpicker.com/static/forever/images/product/4b6e3f5b7ca2627b6f74fad155920c6e.256p.jpg,900 - 1300 RPM,12.6 - 19.8 dB,,,
Cooler Master Seidon 120V,https://pcpartpicker.com/product/RQXfrH/cooler-master-seidon-120v-8615-cfm-liquid-cpu-cooler-rl-s12v-24pk-r1,https://m.media-amazon.com/images/I/41qVd6T8CrL.jpg,2400 RPM,19 - 40 dB,,120 mm,
Thermaltake Floe DX RGB 360 TT Premium Edition,https://pcpartpicker.com/product/kC9tt6/thermaltake-floe-dx-rgb-360-tt-premium-edition-4245-cfm-liquid-cpu-cooler-cl-w256-pl12sw-a,https://cdna.pcpartpicker.com/static/forever/images/product/26f333cb4b550138b630f53d2a524a34.256p.jpg,500 - 1500 RPM,19 - 23.9 dB,Black / Gray,360 mm,239.99
Deepcool AK500,https://pcpartpicker.com/product/JN8bt6/deepcool-ak500-6899-cfm-cpu-cooler-r-ak500-bknnmt-g,https://cdna.pcpartpicker.com/static/forever/images/product/da5cdeafbe85096ba562ef59fa4c693f.256p.jpg,500 - 1850 RPM,,Black / Silver,,
Deepcool LS520 WH,https://pcpartpicker.com/product/gyjBD3/deepcool-ls520-wh-8585-cfm-liquid-cpu-cooler-r-ls520-whamnt-g-1,https://cdna.pcpartpicker.com/static/forever/images/product/9d9318d3995e3c72746192cbbee795d1.256p.jpg,500 - 2250 RPM,32.9 dB,White,240 mm,
Thermaltake TOUGHAIR 310,https://pcpartpicker.com/product/2JgFf7/thermaltake-toughair-310-5835-cfm-cpu-cooler-cl-p074-al12bl-a,https://cdna.pcpartpicker.com/static/forever/images/product/c6e503856a421b8e7059d1a837bea8a7.256p.jpg,500 - 2000 RPM,23.6 dB,Black / Gray,,
Zalman CNPS9X Performa,https://pcpartpicker.com/product/H2YRsY/zalman-cnps9x-performa-6136-cfm-cpu-cooler-cnps9x-performa-black,https://m.media-amazon.com/images/I/514rLf6xBSL.jpg,700 - 1800 RPM,28 dB,Black,,
DARKROCK D240,https://pcpartpicker.com/product/gHsMnQ/darkrock-d240-liquid-cpu-cooler-d240,https://m.media-amazon.com/images/I/41NrNwVbONL.jpg,800 - 1800 RPM,27.2 dB,Black,240 mm,44.99
Alphacool Core Ocean T38,https://pcpartpicker.com/product/Dz9wrH/alphacool-core-ocean-t38-628-cfm-liquid-cpu-cooler-13051,https://cdna.pcpartpicker.com/static/forever/images/product/3dc33329a88ba76b9fd7e82cb0481b01.256p.jpg,,0 - 34.3 dB,Black,240 mm,71.98
ARCTIC Alpine AM4 CO,https://pcpartpicker.com/product/dhndnQ/arctic-alpine-am4-co-cpu-cooler-acalp00032a,https://m.media-amazon.com/images/I/41nNX6+L3LL.jpg,100 - 2700 RPM,,Black,,
GameMax Sigma 550 Infinity,https://pcpartpicker.com/product/hf6NnQ/gamemax-sigma-550-infinity-5896-cfm-cpu-cooler-sigma-550-infinity-wh,https://cdna.pcpartpicker.com/static/forever/images/product/f2f5528a9555b33e5e0ef4a2d13156eb.256p.jpg,800 - 1800 RPM,32.5 dB,White,,
FSP Group NP5,https://pcpartpicker.com/product/w9cBD3/fsp-group-np5-62-cfm-cpu-cooler-np5-black,https://m.media-amazon.com/images/I/41t5iXvrZML.jpg,800 - 1600 RPM,28 dB,Black,,
Jonsbo CA40,https://pcpartpicker.com/product/NgcBD3/jonsbo-ca40-6961-cfm-cpu-cooler-ca40-black,https://cdna.pcpartpicker.com/static/forever/images/product/e5569ec9e98f9aec58a9735a7270ef9d.256p.jpg,800 - 1800 RPM,17 - 32.6 dB,Black / Silver,,24.99
Thermaltake Floe Riing RGB 240 TT Premium Edition,https://pcpartpicker.com/product/wXx9TW/thermaltake-floe-riing-rgb-240-tt-premium-edition-4234-cfm-liquid-cpu-cooler-cl-w157-pl12sw-a,https://cdna.pcpartpicker.com/static/forever/images/product/5ed857fe3daba5b1fd05de1d25e73f76.256p.jpg,500 - 1400 RPM,19.8 - 24.7 dB,,240 mm,79.98
Xilence I404T,https://pcpartpicker.com/product/7LZXsY/xilence-i404t-654-cfm-cpu-cooler-xc041,https://cdna.pcpartpicker.com/static/forever/images/product/77b94a2914fa6e23b2dd2f71844c594a.256p.jpg,600 - 2200 RPM,14 - 21.8 dB,Red / Black,,31.43
Deepcool GAMMAXX GTE V2,https://pcpartpicker.com/product/FJ2bt6/deepcool-gammaxx-gte-v2-645-cfm-cpu-cooler-dp-mch4-gmx-gte-v2wh,https://cdna.pcpartpicker.com/static/forever/images/product/ee8c3e066d8e106fc8c71ba3cd07d82b.256p.jpg,500 - 1650 RPM,27.8 dB,White,,
Thermaltake TOUGHAIR 510,https://pcpartpicker.com/product/RvQcCJ/thermaltake-5835-cfm-cpu-cooler-cl-p075-al12rg-a,https://m.media-amazon.com/images/I/41IVcVeonqL.jpg,500 - 1200 RPM,23.6 dB,Green,,59.99
Cooler Master MasterLiquid ML360 Mirror,https://pcpartpicker.com/product/jJcRsY/cooler-master-masterliquid-ml360-mirror-liquid-cpu-cooler-mlx-d36m-a18pk-r1,https://cdna.pcpartpicker.com/static/forever/images/product/cda8a10b237b5e005119f68be109b6d0.256p.jpg,650 - 1800 RPM,8 - 27 dB,Black,360 mm,
ARCTIC Freezer Xtreme Rev.2,https://pcpartpicker.com/product/r3xfrH/arctic-freezer-xtreme-rev2-fluid-dynamic-bearing-cpu-cooler-ucaco-p0900-csb01,https://m.media-amazon.com/images/I/51rR4m5pdoS.jpg,800 - 1500 RPM,24.4 dB,,,
SilentiumPC Fortis 3 HE1425,https://pcpartpicker.com/product/4CdFf7/silentiumpc-fortis-3-he1425-786-cfm-cpu-cooler-spc130,https://m.media-amazon.com/images/I/51rpX6cDVUL.jpg,500 - 1400 RPM,8 - 22 dB,,,
ARCTIC Freezer 34,https://pcpartpicker.com/product/ByGxFT/arctic-freezer-34-cpu-cooler-acfre00052a,https://cdna.pcpartpicker.com/static/forever/images/product/2d16881a8169cfefabb07c6cf5473d01.256p.jpg,200 - 1800 RPM,,Black / Silver,,
Thermalright AXP-100 Full Copper,https://pcpartpicker.com/product/3hPgXL/thermalright-axp-100-full-copper-cpu-cooler-axp-100-full-copper,https://m.media-amazon.com/images/I/41gisV+JsIL.jpg,900 - 2500 RPM,,Orange,,
Jonsbo CR-3000 ARGB,https://pcpartpicker.com/product/TgzXsY/jonsbo-cr-3000-argb-5948-cfm-cpu-cooler-cr-3000-argb-black,https://cdna.pcpartpicker.com/static/forever/images/product/4e476cede873deb5ed6522c25610b031.256p.jpg,600 - 1500 RPM,22 - 32 dB,Black / Silver,,
Cooler Master Hyper 212 LED Turbo ARGB,https://pcpartpicker.com/product/3M6NnQ/cooler-master-hyper-212-led-turbo-argb-cpu-cooler-rr-212tk-18pa-r1,https://cdna.pcpartpicker.com/static/forever/images/product/afaa79d9420cad3cef6d045ce24562c9.256p.jpg,650 - 1800 RPM,27 dB,Black,,
Thermalright Frozen Vision 360,https://pcpartpicker.com/product/4TV2FT/thermalright-frozen-vision-360-69-cfm-liquid-cpu-cooler-frozen-vision-360-white,https://cdna.pcpartpicker.com/static/forever/images/product/f5683de98c89b6f39e2e1c3a6b75de02.256p.jpg,2150 RPM,27 dB,White,360 mm,
ID-COOLING FROZN A610 ARGB WHITE,https://pcpartpicker.com/product/vvcgXL/id-cooling-frozn-a610-argb-white-78-cfm-cpu-cooler-frozn-a610-argb-white,https://m.media-amazon.com/images/I/41PaPAHf6QL.jpg,500 - 2000 RPM,29.9 dB,White,,
Ocypus Iota L36,https://pcpartpicker.com/product/YBfxFT/ocypus-iota-l36-77-cfm-liquid-cpu-cooler-iota-l36-bk,/static/forever/img/no-image.png,500 - 2000 RPM,29 dB,Black,360 mm,
GAMDIAS AURA GL360 V2,https://pcpartpicker.com/product/JrYfrH/gamdias-aura-gl360-v2-736-cfm-liquid-cpu-cooler-aura-gl360-v2-wh,https://m.media-amazon.com/images/I/31fozsjgk6L.jpg,800 - 1800 RPM,33.8 dB,White,360 mm,
ALPHAGEAR AirChill PRISM 65D PRO,https://pcpartpicker.com/product/j8m2FT/alphagear-airchill-prism-65d-pro-883-cfm-cpu-cooler-ag-prism65d-pro-bk,https://cdna.pcpartpicker.com/static/forever/images/product/c4721d676965f10d8a78e2acf4032b1a.256p.jpg,600 - 1600 RPM,26.7 dB,Black,,
Alphacool Core Ocean T38,https://pcpartpicker.com/product/cMDQzy/alphacool-core-ocean-t38-923-cfm-liquid-cpu-cooler-13053,https://m.media-amazon.com/images/I/31XzDSfhk5L.jpg,,0 - 36 dB,Black,280 mm,59.99
ID-COOLING FROZN A410 DW,https://pcpartpicker.com/product/tfgrxr/id-cooling-frozn-a410-dw-7825-cfm-cpu-cooler-frozn-a410-dw,/static/forever/img/no-image.png,500 - 2000 RPM,29.85 dB,White,,
Thermaltake UX200 ARGB,https://pcpartpicker.com/product/yLsnTW/thermaltake-ux200-argb-4334-cfm-cpu-cooler-cl-p065-al12sw-a,https://cdna.pcpartpicker.com/static/forever/images/product/1d87a6d070c19217787815a75d76c8bd.256p.jpg,300 - 1500 RPM,26.33 dB,Black,,29.99
Mars Gaming MCPU-X5 ARGB,https://pcpartpicker.com/product/pGdMnQ/mars-gaming-mcpu-x5-argb-cpu-cooler-mcpux5argb,https://m.media-amazon.com/images/I/41FCp7ushgL.jpg,800 - 2000 RPM,9 - 28 dB,Black,,
Asus ROG RYUO 120 RGB,https://pcpartpicker.com/product/DYzkcf/asus-rog-ryuo-120-rgb-8095-cfm-liquid-cpu-cooler-rog-ryuo-120,https://cdna.pcpartpicker.com/static/forever/images/product/861f34a66801d528df38bac737f7d327.256p.jpg,800 - 2500 RPM,37 dB,Black,120 mm,
Enermax ETS-T50 AXE ARGB,https://pcpartpicker.com/product/KJyqqs/enermax-ets-t50-axe-argb-7132-cfm-cpu-cooler-ets-t50a-w-argb,https://cdna.pcpartpicker.com/static/forever/images/product/96652f51aeefa4b98af2d67681958869.256p.jpg,500 - 1600 RPM,14 - 24 dB,White,,
Xilence M504D,https://pcpartpicker.com/product/VpTZxr/xilence-m504d-1112-cfm-cpu-cooler-xc044,https://cdna.pcpartpicker.com/static/forever/images/product/d00d78cc83960afc712a4e8eb2d513da.256p.jpg,600 - 2200 RPM,14 - 21.8 dB,Red / Black,,
Mars Gaming MCPU-X5,https://pcpartpicker.com/product/hyLp99/mars-gaming-mcpu-x5-cpu-cooler-mcpux5,https://m.media-amazon.com/images/I/418AVyaEUwL.jpg,800 - 2000 RPM,9 - 28 dB,Black,,
NZXT Kraken X41,https://pcpartpicker.com/product/3VrG3C/nzxt-kraken-x41-1061-cfm-liquid-cpu-cooler-rl-krx41-01,https://cdna.pcpartpicker.com/static/forever/images/product/1cdaa33016ea0f11a00c6680722d8a48.med.256p.jpg,800 - 2000 RPM,20 - 37 dB,,140 mm,
Corsair H100i GTX,https://pcpartpicker.com/product/MBmxFT/corsair-h100i-gtx-7069-cfm-liquid-cpu-cooler-cw-9060021-ww,https://cdna.pcpartpicker.com/static/forever/images/product/44984054ee6f3d41a7d85a8c7f05f9ee.256p.jpg,2435 RPM,37.7 dB,,240 mm,
ARCTIC Freezer 34 eSports,https://pcpartpicker.com/product/cqCD4D/arctic-freezer-34-esports-cpu-cooler-acfre00057a,https://m.media-amazon.com/images/I/41GsWRqiWLL.jpg,200 - 2100 RPM,,White / Black,,
ID-COOLING FROSTFLOW X,https://pcpartpicker.com/product/GyVG3C/id-cooling-frostflow-x-745-cfm-liquid-cpu-cooler-frostflow-x-120,https://cdna.pcpartpicker.com/static/forever/images/product/ba2259288533ad363c0e3d4626c4f4ac.256p.jpg,700 - 1800 RPM,18 - 35.2 dB,,120 mm,
Deepcool GAMMAXX 400 XT,https://pcpartpicker.com/product/3MV2FT/deepcool-gammaxx-400-xt-565-cfm-cpu-cooler-dp-mch4-gmx400-xt,https://cdna.pcpartpicker.com/static/forever/images/product/5ea3289bf9685268b824cec2e7190681.256p.jpg,500 - 1500 RPM,27 dB,Black,,
Xilence I350PWM,https://pcpartpicker.com/product/rFV2FT/xilence-i350pwm-4425-cfm-cpu-cooler-xc232,https://cdna.pcpartpicker.com/static/forever/images/product/9c96820d38cd04ff40883b8a0ae70446.256p.jpg,800 - 2500 RPM,17.6 - 26.4 dB,Red / Black,,30.12
ALPHAGEAR AirChill PRISM 60D PRO,https://pcpartpicker.com/product/zmBFf7/alphagear-airchill-prism-60d-pro-768-cfm-cpu-cooler-ag-prism60d-pro-bk,https://cdna.pcpartpicker.com/static/forever/images/product/63b1e8cdab45fa34cf435c4b1d9e9c86.256p.jpg,800 - 1800 RPM,33.1 dB,Black,,
Thermaltake TOUGHLIQUID Ultra,https://pcpartpicker.com/product/sZ88TW/thermaltake-toughliquid-ultra-1191-cfm-liquid-cpu-cooler-cl-w374-pl14bl-a,https://cdna.pcpartpicker.com/static/forever/images/product/00c14b26e323361b8a2532407f138e7f.256p.jpg,500 - 2000 RPM,33.2 dB,Black,280 mm,159.99
Geometric Future Eskimo Pro 36,https://pcpartpicker.com/product/mMP8TW/geometric-future-eskimo-pro-36-8081-cfm-liquid-cpu-cooler-geo-ep-36b,https://cdna.pcpartpicker.com/static/forever/images/product/c785277ec38df84dc70d7a02369b8ecb.256p.jpg,2000 RPM,34.2 dB,Black,360 mm,79.90
Corsair H110,https://pcpartpicker.com/product/p94gXL/corsair-h110-94-cfm-liquid-cpu-cooler-h110,https://m.media-amazon.com/images/I/51QWf6tAl5L.jpg,1500 RPM,35 dB,,280 mm,313.05
Ocypus Iota A62,https://pcpartpicker.com/product/2LV2FT/ocypus-iota-a62-77-cfm-cpu-cooler-iota-a62-wh,https://m.media-amazon.com/images/I/41oG4gHmleL.jpg,500 - 2000 RPM,29 dB,White,,49.99
Antec A40PRO,https://pcpartpicker.com/product/NF2rxr/antec-a40pro-36-cfm-cpu-cooler-a40pro,https://cdna.pcpartpicker.com/static/forever/images/product/6c8f8675884e4c4003d5a66d8bf99faa.256p.jpg,800 - 2200 RPM,16 - 23 dB,,,
be quiet! Shadow Rock TF 2,https://pcpartpicker.com/product/KtyV3C/be-quiet-shadow-rock-tf-2-cpu-cooler-bk003,https://cdna.pcpartpicker.com/static/forever/images/product/036feba40854afe6bc25ba4525175f0d.256p.jpg,1400 RPM,11.9 - 24.4 dB,Silver / Black,,105.36
Cooler Master I70,https://pcpartpicker.com/product/3ZGhP6/cooler-master-i70-37-cfm-cpu-cooler-rr-i7a7-18fk-n1,https://m.media-amazon.com/images/I/51hvYunIY8L.jpg,1800 RPM,28 dB,Black / Silver,,
Noctua NH-L9a,https://pcpartpicker.com/product/kHCwrH/noctua-nh-l9a-3384-cfm-cpu-cooler-nh-l9a,https://cdna.pcpartpicker.com/static/forever/images/product/0243e2de55a447f1275edb2419d986d9.med.256p.jpg,2500 RPM,,,,
be quiet! Dark Rock TF,https://pcpartpicker.com/product/Y27CmG/be-quiet-cpu-cooler-bk020,https://cdna.pcpartpicker.com/static/forever/images/product/189d0b10bf9019bc53081c1d3ea61087.256p.jpg,1400 RPM,11.9 - 26.7 dB,,,
ID-COOLING SE-234-ARGB,https://pcpartpicker.com/product/P7qBD3/id-cooling-se-234-argb-565-cfm-cpu-cooler-se-234-argb,https://m.media-amazon.com/images/I/51W4A9znOBL.jpg,900 - 2000 RPM,16.2 - 31.5 dB,Black,,
ID-COOLING SE-226-XT,https://pcpartpicker.com/product/kt2WGX/id-cooling-se-226-xt-682-cfm-cpu-cooler-se-226-xt-black,https://m.media-amazon.com/images/I/51WdkGf5NzL.jpg,500 - 1500 RPM,13.8 - 30.5 dB,Black,,
Deepcool GAMMAXX 400 EX,https://pcpartpicker.com/product/BjFbt6/deepcool-gammaxx-400-ex-52-cfm-cpu-cooler-dp-mch4-gmx400ex,https://cdna.pcpartpicker.com/static/forever/images/product/a18cf718a54ebd272edf9dff575578df.256p.jpg,500 - 1500 RPM,27.6 dB,Black,,
Deepcool GAMMAXX L240 A-RGB,https://pcpartpicker.com/product/wJcG3C/deepcool-gammaxx-l240-a-rgb-6934-cfm-liquid-cpu-cooler-dp-h12cf-gl240-argb,https://cdna.pcpartpicker.com/static/forever/images/product/23fd7d2ac72f1070a1ba99981e5bbed4.256p.jpg,500 - 1800 RPM,30 dB,Black,240 mm,
Cooler Master MasterAir MA610P ARGB,https://pcpartpicker.com/product/yrfnTW/cooler-master-masterair-ma610p-argb-62-cfm-cpu-cooler-map-t6pn-218pa-r1,https://cdna.pcpartpicker.com/static/forever/images/product/cf6628670cbc28c6e233d4cdda2aa0ff.256p.jpg,650 - 1800 RPM,8 - 27 dB,,,
EVGA CLCx 240,https://pcpartpicker.com/product/MLt9TW/evga-clcx-240-7315-cfm-liquid-cpu-cooler-400-hy-cx24-v1,https://cdna.pcpartpicker.com/static/forever/images/product/0d55383c214d98d8c610b97fa636a02e.256p.jpg,,35 dB,Black,240 mm,
Thermalright Assassin X 120 V2,https://pcpartpicker.com/product/44YRsY/thermalright-assassin-x-120-v2-6617-cfm-cpu-cooler-ax120-v2,https://m.media-amazon.com/images/I/51SEO-dVyNL.jpg,1500 RPM,25.6 dB,Black / Silver,,
Thermalright Frozen Magic Scenic V2,https://pcpartpicker.com/product/C888TW/thermalright-frozen-magic-scenic-v2-69-cfm-liquid-cpu-cooler-frozen-magic-360-scenic-v2-d1-g2,https://m.media-amazon.com/images/I/31pVp0NQgXL.jpg,2150 RPM,28.1 dB,White,360 mm,
Cooler Master MasterLiquid 360L Core SF6 Chun-Li,https://pcpartpicker.com/product/BjV2FT/cooler-master-masterliquid-360l-core-sf6-chun-li-7193-cfm-liquid-cpu-cooler-mlw-d36m-a17pz-cl,https://m.media-amazon.com/images/I/31cUiyonJuL.jpg,650 - 1750 RPM,27.2 dB,White / Yellow,360 mm,
Cooler Master MasterAir MA620M,https://pcpartpicker.com/product/GBjNnQ/cooler-master-masterair-ma620m-573-cfm-cpu-cooler-mam-d6pn-120pa-r1,https://cdna.pcpartpicker.com/static/forever/images/product/b0ee00386de0942b9f0e3a82758850cd.256p.jpg,650 - 2000 RPM,8 - 30 dB,Black,,
Alphacool Eisbaer LT240,https://pcpartpicker.com/product/bVYQzy/alphacool-eisbaer-lt240-6385-cfm-liquid-cpu-cooler-11445,https://cdna.pcpartpicker.com/static/forever/images/product/19e4181ac16938073b36a7868934d621.256p.jpg,550 - 1700 RPM,29 dB,Black,240 mm,149.99
Azza CUBE 240,https://pcpartpicker.com/product/n9FmP6/azza-cube-240-575-cfm-liquid-cpu-cooler-lcaz-240p-argb-cube,https://m.media-amazon.com/images/I/311UTA6Kz4L.jpg,500 - 2000 RPM,34 dB,Black,240 mm,68.98
ARCTIC Freezer i35 CO,https://pcpartpicker.com/product/myJgXL/arctic-freezer-i35-co-cpu-cooler-acfre00095a,https://cdna.pcpartpicker.com/static/forever/images/product/e4d1f26b452d691ebbff7218f012650c.256p.jpg,200 - 1800 RPM,,Black / Silver,,
Deepcool ASSASSIN III,https://pcpartpicker.com/product/YLsnTW/deepcool-assassin-iii-9037-cfm-cpu-cooler-assassin-iii,https://cdna.pcpartpicker.com/static/forever/images/product/238cdc7e85e669fb09b3b8caaa092c72.256p.jpg,400 - 1400 RPM,34.2 dB,Black / Silver,,
ASRock Steel Legend LCD,https://pcpartpicker.com/product/Mzrp99/asrock-steel-legend-lcd-767-cfm-liquid-cpu-cooler-90-asla36-waaga5,https://cdna.pcpartpicker.com/static/forever/images/product/b9b283ecb69fd813cbeeff0a72de79cf.256p.jpg,,38.3 dB,White,360 mm,
Cooler Master Hyper H411R,https://pcpartpicker.com/product/8hx2FT/cooler-master-hyper-h411r-341-cfm-cpu-cooler-rr-h411-20pw-r1,https://cdna.pcpartpicker.com/static/forever/images/product/a3b4a5fdd4a1864b38d4ce53f51c6f6d.256p.jpg,600 - 2000 RPM,29.4 dB,Black / Silver,,
Cougar Forza 50 Essential,https://pcpartpicker.com/product/wstLrH/cougar-forza-50-essential-8248-cfm-cpu-cooler-forza-50-essential,https://m.media-amazon.com/images/I/41yAZfsnJPL.jpg,600 - 2000 RPM,34.5 dB,Black / Silver,,
Cooler Master Seidon 120M,https://pcpartpicker.com/product/QZNp99/cooler-master-seidon-120m-8615-cfm-liquid-cpu-cooler-rl-s12m-24pk-r1,https://m.media-amazon.com/images/I/41m+sVh1noL.jpg,600 - 2400 RPM,19 - 40 dB,,120 mm,
Titan TTC-NC95TZ(RB),https://pcpartpicker.com/product/23qdnQ/titan-cpu-cooler-ttcnc95tzrb,https://images-na.ssl-images-amazon.com/images/I/51LzXZVZSJL.jpg,150 - 1500 RPM,28.6 dB,,,
Deepcool GAMMAXX GT,https://pcpartpicker.com/product/WDPzK8/deepcool-gammaxx-gt-295-cfm-cpu-cooler-gammaxx-gt,https://cdna.pcpartpicker.com/static/forever/images/product/16285f8da8bcae04e8fcaba8d0d78d7c.256p.jpg,500 - 1500 RPM,17.8 - 29.5 dB,,,
Gigabyte AORUS LIQUID COOLER,https://pcpartpicker.com/product/w2xbt6/gigabyte-aorus-liquid-cooler-5925-cfm-liquid-cpu-cooler-aorus-liquid-cooler-240,https://cdna.pcpartpicker.com/static/forever/images/product/88f1254aa5b11e989e5c16218dfe9aa3.256p.jpg,2500 RPM,18 - 39.5 dB,Black,240 mm,
Deepcool Gammaxx L360 V2,https://pcpartpicker.com/product/r6K2FT/deepcool-gammaxx-l360-v2-6934-cfm-liquid-cpu-cooler-dp-h12rf-gl360v2c,https://cdna.pcpartpicker.com/static/forever/images/product/8c724505a094e7f4a4805abfc7217f27.256p.jpg,500 - 1800 RPM,30 dB,Black / White,360 mm,
Scythe Shuriken 2,https://pcpartpicker.com/product/8Dyqqs/scythe-shuriken-2-413-cfm-cpu-cooler-scsk-2000,https://m.media-amazon.com/images/I/41GfVTWFDsL.jpg,300 - 2500 RPM,1.8 - 23.2 dB,Black / Silver,,
Thermalright Assassin King 120,https://pcpartpicker.com/product/P6qPxr/thermalright-assassin-king-120-6617-cfm-cpu-cooler-ak-120,/static/forever/img/no-image.png,1500 RPM,25.6 dB,Black / Silver,,
Cooler Master MasterLiquid ML240L ARGB V2,https://pcpartpicker.com/product/zNbTwP/cooler-master-masterliquid-ml240l-argb-v2-62-cfm-liquid-cpu-cooler-mlw-d24m-a18pw-rw,https://cdna.pcpartpicker.com/static/forever/images/product/cb116b0d041f248a568b96860facf7a8.256p.jpg,650 - 1800 RPM,8 - 27 dB,White,240 mm,
Deepcool CASTLE 360EX A-RGB,https://pcpartpicker.com/product/vQJgXL/deepcool-castle-360ex-a-rgb-6934-cfm-liquid-cpu-cooler-dp-gs-h12w-csl360ex-ar-wh,https://cdna.pcpartpicker.com/static/forever/images/product/6d4da3d25f93208bca2b2eccd0dd472c.256p.jpg,500 - 1800 RPM,30 dB,White / Black,360 mm,
Deepcool GAMMAXX L360 A-RGB,https://pcpartpicker.com/product/CPZ9TW/deepcool-gammaxx-l360-a-rgb-6934-cfm-liquid-cpu-cooler-dp-h12cf-gl360-argb,https://cdna.pcpartpicker.com/static/forever/images/product/c83f7fdbba8fe84310c329ed3fb94ca3.256p.jpg,500 - 1800 RPM,30 dB,Black,360 mm,
Asus ROG RYUJIN II 360 ARGB EVA Edition,https://pcpartpicker.com/product/dmXJ7P/asus-rog-ryujin-ii-360-argb-eva-edition-7007-cfm-liquid-cpu-cooler-rog-ryujin-ii-360-argb-eva-edition,https://cdna.pcpartpicker.com/static/forever/images/product/8939b3bbff98f59cb076c384b46792c5.256p.jpg,,,Silver / Black,360 mm,
ID-COOLING DASHFLOW BASIC,https://pcpartpicker.com/product/bPWJ7P/id-cooling-dashflow-basic-825-cfm-liquid-cpu-cooler-dashflow-360-basic-black,https://m.media-amazon.com/images/I/41Vr37aQsyL.jpg,700 - 1800 RPM,15.2 - 35.2 dB,Black,360 mm,
Thermaltake TOUGHLIQUID 240 EX Pro ARGB Sync,https://pcpartpicker.com/product/ZNmNnQ/thermaltake-toughliquid-240-ex-pro-argb-sync-708-cfm-liquid-cpu-cooler-cl-w418-pl00bl-a,https://cdna.pcpartpicker.com/static/forever/images/product/bafd22d138631e7c1bae28e275e2b4db.256p.jpg,500 - 2000 RPM,22.6 dB,Black,240 mm,
AQIRYS Hydra ARGB,https://pcpartpicker.com/product/NRmNnQ/aqirys-hydra-argb-70-cfm-liquid-cpu-cooler-aqrys_hydra360b,https://cdna.pcpartpicker.com/static/forever/images/product/c82dcea5bd00ce73471f728ae1e6500d.256p.jpg,800 - 2000 RPM,25 - 34 dB,Black,360 mm,
Ocypus Sigma L360 PRO,https://pcpartpicker.com/product/tjh2FT/ocypus-sigma-l360-pro-90-cfm-liquid-cpu-cooler-sigma-l36-pro-wh,https://m.media-amazon.com/images/I/31z71e+wKhL.jpg,500 - 2400 RPM,36 dB,White,360 mm,149.99
Deepcool AK500 DIGITAL WH,https://pcpartpicker.com/product/qzCZxr/deepcool-ak500-digital-wh-6899-cfm-cpu-cooler-r-ak500-whadmn-g,https://cdna.pcpartpicker.com/static/forever/images/product/a15dfc81afeb0aff549eee773f1c8ec6.256p.jpg,500 - 1850 RPM,28 dB,White,,
be quiet! Shadow Rock 2,https://pcpartpicker.com/product/C7mLrH/be-quiet-cpu-cooler-bk013,https://m.media-amazon.com/images/I/51zUTEbjzLL.jpg,1600 RPM,15.3 - 25.4 dB,,,
Fractal Design Celsius S24 Blackout,https://pcpartpicker.com/product/CttKHx/fractal-design-celsius-s24-blackout-876-cfm-liquid-cpu-cooler-fd-wcu-celsius-s24-bko,https://cdna.pcpartpicker.com/static/forever/images/product/a24b150f0a4582cd64d283a4c827a301.256p.jpg,500 - 2000 RPM,32.2 dB,Black,240 mm,
Thermaltake TOUGHLIQUID 360 EX Pro ARGB Sync,https://pcpartpicker.com/product/L3DQzy/thermaltake-toughliquid-360-ex-pro-argb-sync-1196-cfm-liquid-cpu-cooler-cl-w419-pl00bl-a,https://m.media-amazon.com/images/I/31VyjJ4YxsL.jpg,500 - 2000 RPM,31.6 dB,Black,280 mm,
Alphacool Eisbaer Pro Aurora,https://pcpartpicker.com/product/GrxxFT/alphacool-eisbaer-pro-aurora-6998-cfm-liquid-cpu-cooler-11772,https://cdna.pcpartpicker.com/static/forever/images/product/377f23313ee807b2f9082ca48aaa48f0.256p.jpg,,31.5 dB,Black,240 mm,248.98
Fractal Design Lumen S36 V2,https://pcpartpicker.com/product/psXV3C/fractal-design-lumen-s36-v2-56-cfm-liquid-cpu-cooler-fd-w-l1-s3611,https://cdna.pcpartpicker.com/static/forever/images/product/afdfb5a2e509672a174c0280bac2f4b3.256p.jpg,500 - 2000 RPM,10 - 33.2 dB,Black,360 mm,
Evercool LGAL1156A-B715,https://pcpartpicker.com/product/9dZQzy/evercool-cpu-cooler-lgal1156ab715,https://cdna.pcpartpicker.com/static/forever/images/product/c800701b87fdd34ff6bd756755efa367.med.256p.jpg,1000 - 5500 RPM,56 dB,,,
Cooler Master Hyper T2,https://pcpartpicker.com/product/FNXfrH/cooler-master-cpu-cooler-rrht228pkr1,https://cdna.pcpartpicker.com/static/forever/images/product/5872f90b0a07ebdd3091011513232552.med.256p.jpg,2800 RPM,17 - 35 dB,,,
Intel BXTS13A,https://pcpartpicker.com/product/Hp98TW/intel-cpu-cooler-bxts13a,https://cdna.pcpartpicker.com/static/forever/images/product/c68ee79f2116a2c25e373b48b0cafe58.256p.jpg,,,,,
CRYORIG H5 Ultimate,https://pcpartpicker.com/product/Ztp323/cryorig-h5-ultimate-76-cfm-cpu-cooler-h5-ultimate,https://m.media-amazon.com/images/I/51xr5pEkMCL.jpg,700 - 1300 RPM,19 - 23 dB,,,
Deepcool LUCIFER K2,https://pcpartpicker.com/product/LzNypg/deepcool-cpu-cooler-luciferk2,/static/forever/img/no-image.png,600 - 1800 RPM,18.2 - 32.4 dB,,,
Deepcool CAPTAIN 240EX WHITE,https://pcpartpicker.com/product/Dz648d/deepcool-captain-240ex-white-15304-cfm-liquid-cpu-cooler-captain-240ex-white,https://cdna.pcpartpicker.com/static/forever/images/product/32624184883865175a67d281bcde4218.256p.jpg,500 - 1800 RPM,17.6 - 31.3 dB,,240 mm,
ID-COOLING FROSTFLOW+ 240,https://pcpartpicker.com/product/qr7v6h/id-cooling-frostflow-240-745-cfm-liquid-cpu-cooler-frostflow-240,https://cdna.pcpartpicker.com/static/forever/images/product/db09b1e4a7c6a33ff799f68598c7e92f.256p.jpg,700 - 1800 RPM,18 - 35.2 dB,Black / White,240 mm,
Enermax LIQTECH TR4 II 360,https://pcpartpicker.com/product/4ZDJ7P/enermax-liqtech-tr4-ii-360-10217-cfm-liquid-cpu-cooler-elc-lttrto360-tbp,https://cdna.pcpartpicker.com/static/forever/images/product/d1755898de79fbe4a30318ed91e4d354.256p.jpg,500 - 2300 RPM,14 - 28 dB,Black,360 mm,
Deepcool GAMMAXX L120,https://pcpartpicker.com/product/v6c48d/deepcool-gammaxx-l120-6934-cfm-liquid-cpu-cooler-gammaxx-l120,https://cdna.pcpartpicker.com/static/forever/images/product/4b277c56c529f7ee256fc8b5f8902f5d.256p.jpg,500 - 1800 RPM,17.8 dB,Black,120 mm,
be quiet! Shadow Rock 3,https://pcpartpicker.com/product/zLbCmG/be-quiet-shadow-rock-3-cpu-cooler-bk004,https://cdna.pcpartpicker.com/static/forever/images/product/593c9dac064f6422530ea5e818fbff7c.256p.jpg,1600 RPM,11.5 - 24.4 dB,Black,,
Fractal Design Celsius+ S24 Prisma PWM ARGB,https://pcpartpicker.com/product/cJqBD3/fractal-design-celsius-s24-prisma-pwm-argb-8571-cfm-liquid-cpu-cooler-fd-w-2-s2402,https://cdna.pcpartpicker.com/static/forever/images/product/30d191f29777d462156ea1b0b8dd195b.256p.jpg,500 - 2000 RPM,32.7 dB,Black,240 mm,
Enermax Liqmax III 360 ARGB,https://pcpartpicker.com/product/2CgQzy/enermax-liqmax-iii-360-argb-721-cfm-liquid-cpu-cooler-elc-lmt360-argb,https://cdna.pcpartpicker.com/static/forever/images/product/bf5608dbc8dfdced660474b856e224f0.256p.jpg,500 - 1600 RPM,14 - 27 dB,Black,360 mm,
Scythe Mugen 5 Black Edition,https://pcpartpicker.com/product/HhgFf7/scythe-mugen-5-black-edition-6647-cfm-cpu-cooler-scmg-5100be,https://m.media-amazon.com/images/I/51nBMJFkaML.jpg,300 - 1500 RPM,4 - 29.75 dB,Black,,
Scythe Big Shuriken 3 Rev.B,https://pcpartpicker.com/product/cfZ9TW/scythe-big-shuriken-3-revb-48-cfm-cpu-cooler-scbsk-3100,https://m.media-amazon.com/images/I/41f639GeLmL.jpg,300 - 1800 RPM,2.58 - 27.8 dB,Black / Silver,,
ID-COOLING DASHFLOW 240 BASIC,https://pcpartpicker.com/product/ncCZxr/id-cooling-dashflow-240-basic-825-cfm-liquid-cpu-cooler-dashflow-240-basic-black,https://m.media-amazon.com/images/I/41VAlA0ydlL.jpg,700 - 1800 RPM,15.2 - 35.2 dB,Black,240 mm,
ID-COOLING IS-40X V3,https://pcpartpicker.com/product/4fgrxr/id-cooling-is-40x-v3-46-cfm-cpu-cooler-is-40x-v3,/static/forever/img/no-image.png,800 - 2800 RPM,35.2 dB,Black,,
GameMax Twin 600,https://pcpartpicker.com/product/rmDnTW/gamemax-twin-600-882-cfm-cpu-cooler-gmx-twin600-bk,https://cdna.pcpartpicker.com/static/forever/images/product/cab6e0d815c25146668987aa2ed3edb4.256p.jpg,800 - 2500 RPM,,Black,,
Zalman Alpha2 DS A36,https://pcpartpicker.com/product/RtNscf/zalman-alpha2-ds-a36-liquid-cpu-cooler-alpha2-ds-a36-black,https://cdna.pcpartpicker.com/static/forever/images/product/28dbe7e804e260f2041dc2ec69ad7fac.256p.jpg,600 - 2000 RPM,29.7 dB,Black,360 mm,235.76
Ocypus Gamma A40 ARGB,https://pcpartpicker.com/product/QZHp99/ocypus-gamma-a40-argb-41-cfm-cpu-cooler-gamma-a40-wh1aawn00x-gl,/static/forever/img/no-image.png,600 - 2400 RPM,29.5 dB,White,,
ARCTIC Freezer A35 CO,https://pcpartpicker.com/product/kCjBD3/arctic-freezer-a35-co-cpu-cooler-acfre00113a,https://cdna.pcpartpicker.com/static/forever/images/product/078851f1ba4d5e1aaced6c65dc62c59e.256p.jpg,200 - 1800 RPM,,Black / Silver,,88.29
Thermaltake ASTRIA 200 ARGB,https://pcpartpicker.com/product/pM8Pxr/thermaltake-astria-200-argb-65-cfm-cpu-cooler-cl-p137-al12sw-a,https://cdna.pcpartpicker.com/static/forever/images/product/6ac189bf95f6e1ccfd48d428370a2629.256p.jpg,500 - 1800 RPM,26.8 dB,White,,44.98
Alpenföhn Brocken 4 Max,https://pcpartpicker.com/product/g6DQzy/alpenfohn-brocken-4-max-55326-cfm-cpu-cooler-84000000211,https://cdna.pcpartpicker.com/static/forever/images/product/f58df2ec58e590ccdc6f9dc1818c1446.256p.jpg,400 - 1800 RPM,22.8 - 24.7 dB,Black,,116.36
Alpenföhn Glacier Water High Speed 240,https://pcpartpicker.com/product/mnpzK8/alpenfohn-glacier-water-high-speed-240-779-cfm-liquid-cpu-cooler-84000000193,https://cdna.pcpartpicker.com/static/forever/images/product/a5844314f57079cdb17fb84a707e8658.256p.jpg,500 - 2200 RPM,36.8 dB,White,240 mm,204.28
Thermalright Aqua Elite ARGB V2,https://pcpartpicker.com/product/vXrqqs/thermalright-aqua-elite-argb-v2-689-cfm-liquid-cpu-cooler-aqua-elite-240-black-argb-v2,/static/forever/img/no-image.png,2000 RPM,28.2 dB,,240 mm,
Gigabyte AORUS WATERFORCE 240,https://pcpartpicker.com/product/bnVmP6/gigabyte-aorus-waterforce-240-liquid-cpu-cooler-gp-aorus-waterforce-240,https://cdna.pcpartpicker.com/static/forever/images/product/a3a070a83b2ce2d00b2b1e77c5d9fc9e.256p.jpg,950 - 2150 RPM,16.9 - 31 dB,Black,240 mm,
ENDORFY Fortis 5 ARGB,https://pcpartpicker.com/product/DvtLrH/endorfy-fortis-5-argb-cpu-cooler-ey3a010,https://cdna.pcpartpicker.com/static/forever/images/product/1fdaf26399f361c2aaef3ea512f99635.256p.jpg,250 - 1400 RPM,,Black / Silver,,
Xilence M403PRO,https://pcpartpicker.com/product/Kthv6h/xilence-m403pro-615-cfm-cpu-cooler-xc029,https://cdna.pcpartpicker.com/static/forever/images/product/ea3178cf96c4597df70e91feb7a9123f.256p.jpg,500 - 1800 RPM,14.2 - 25.6 dB,Red / Black,,40.53
Cooler Master Hyper T4,https://pcpartpicker.com/product/Jsdqqs/cooler-master-cpu-cooler-rrt418pkr1,https://cdna.pcpartpicker.com/static/forever/images/product/4d58c487629ec1b501e8da5ae00c0832.med.256p.jpg,1800 RPM,15.1 - 31.6 dB,,,
Cooler Master MasterAir MA410P,https://pcpartpicker.com/product/Wfvbt6/cooler-master-masterair-ma410p-667-cfm-cpu-cooler-map-t4pn-220pc-r1,https://m.media-amazon.com/images/I/51bNF4UwTbL.jpg,650 - 2000 RPM,6 - 30 dB,,,
Deepcool CASTLE 360EX,https://pcpartpicker.com/product/K4848d/deepcool-castle-360ex-644-cfm-liquid-cpu-cooler-castle-360ex,https://cdna.pcpartpicker.com/static/forever/images/product/ab1bf1d96723569a922f4e8d941aa6bb.256p.jpg,500 - 1800 RPM,32.1 dB,Black,360 mm,
Deepcool GAMMAXX GTE,https://pcpartpicker.com/product/cr8j4D/deepcool-gammaxx-gte-565-cfm-cpu-cooler-gammaxx-gte,https://cdna.pcpartpicker.com/static/forever/images/product/ec6355a19672436f66437a40c5c8cfb0.256p.jpg,500 - 1500 RPM,27 dB,Black / Silver,,
Cooler Master MasterAir MA624 Stealth,https://pcpartpicker.com/product/cQgFf7/cooler-master-masterair-ma624-stealth-67-cfm-cpu-cooler-mam-d6ps-314pk-r1,https://cdna.pcpartpicker.com/static/forever/images/product/8e7643f1b312b88f2f87384ffddb949b.256p.jpg,650 - 1400 RPM,10 - 27 dB,Black,,
ADATA XPG LEVANTE 360,https://pcpartpicker.com/product/kzVmP6/adata-xpg-levante-360-615-cfm-liquid-cpu-cooler-levante360-bkcww,https://m.media-amazon.com/images/I/41edXGj0m-L.jpg,600 - 2000 RPM,34 dB,Black,360 mm,192.98
Thermaltake Water 3.0 Riing RGB 280,https://pcpartpicker.com/product/vFjBD3/thermaltake-water-30-riing-rgb-280-812-cfm-liquid-cpu-cooler-cl-w138-pl14sw-a,https://cdna.pcpartpicker.com/static/forever/images/product/b1c96d44bfd525b54f32cd5cc377d1cc.256p.jpg,300 - 1500 RPM,18.5 - 26.4 dB,Black / Red,280 mm,
Jonsbo CR-1400,https://pcpartpicker.com/product/7whv6h/jonsbo-cr-1400-36-cfm-cpu-cooler-cr-1400-argb-black,https://cdna.pcpartpicker.com/static/forever/images/product/eff4e73dc60de3bdeefae59ebf8d7f3f.256p.jpg,900 - 2300 RPM,20 - 30.5 dB,Black,,
PC Cooler RZ500,https://pcpartpicker.com/product/pCm2FT/pc-cooler-rz500-8673-cfm-cpu-cooler-rz500-bknwnx-gl,https://cdna.pcpartpicker.com/static/forever/images/product/21c44a0c9f7d1e55782ef7cd43a3e438.256p.jpg,500 - 2200 RPM,32 dB,Black,,
ENDORFY Fortis 5 Black,https://pcpartpicker.com/product/x27MnQ/endorfy-fortis-5-black-cpu-cooler-ey3a013,https://m.media-amazon.com/images/I/41Wva6RjCIL.jpg,,,Black,,
Antec FrigusAir 400 RGB,https://pcpartpicker.com/product/Lfh2FT/antec-frigusair-400-rgb-77-cfm-cpu-cooler-0-761345-74007-4,https://cdna.pcpartpicker.com/static/forever/images/product/0bcd1189641b121518b8c1737eb3a538.256p.jpg,800 - 1600 RPM,20 - 36 dB,Black / Silver,,86.68
ASRock Challenger Digital,https://pcpartpicker.com/product/N8cBD3/asrock-challenger-digital-626-cfm-liquid-cpu-cooler-90-acla24-waaga6,https://cdna.pcpartpicker.com/static/forever/images/product/3b1ebc76fc83e7497789eddb0147819d.256p.jpg,,31 dB,White,240 mm,65.98
Silverstone VIDA 120 SLIM,https://pcpartpicker.com/product/mFJgXL/silverstone-vida-120-slim-6683-cfm-liquid-cpu-cooler-sst-vd120-slim,https://cdna.pcpartpicker.com/static/forever/images/product/6f1e4e3bcca89927b7791ceeb76391cb.256p.jpg,300 - 1800 RPM,15.9 - 33.9 dB,Black,120 mm,
ENDORFY Navis F280 ARGB,https://pcpartpicker.com/product/ZZmNnQ/endorfy-navis-f280-argb-liquid-cpu-cooler-ey3b005,https://cdna.pcpartpicker.com/static/forever/images/product/c10986a9aace17c088566f099e894ddc.256p.jpg,250 - 1800 RPM,,Black,280 mm,142.97
GAMDIAS CHIONE P5,https://pcpartpicker.com/product/Lvm2FT/gamdias-chione-p5-8181-cfm-liquid-cpu-cooler-chione-p5-240-wh,https://m.media-amazon.com/images/I/318tcdFUQkL.jpg,400 - 2200 RPM,11 - 34.91 dB,White,240 mm,89.99
Iceberg Thermal IceSLEET G4 Midnight Limited Edition,https://pcpartpicker.com/product/tLjBD3/iceberg-thermal-icesleet-g4-midnight-limited-edition-585-cfm-cpu-cooler-icesleetg4md-bbb-00a,https://cdna.pcpartpicker.com/static/forever/images/product/3c7890f5089afeace60a9a68d6b2376f.256p.jpg,600 - 1400 RPM,22.5 dB,Black,,37.92
Mars Gaming MCPU-XT,https://pcpartpicker.com/product/JkDQzy/mars-gaming-mcpu-xt-cpu-cooler-mcpuxt,https://cdna.pcpartpicker.com/static/forever/images/product/2ab2c632472dca35c1a38b864326fa39.256p.jpg,800 - 1600 RPM,9 - 26 dB,Black,,76.67
Cooler Master MasterLiquid Atmos II,https://pcpartpicker.com/product/gqPv6h/cooler-master-masterliquid-atmos-ii-1414-cfm-liquid-cpu-cooler-mlx-d24m-a25sz-r1,/static/forever/img/no-image.png,690 - 2500 RPM,36 dB,Black,240 mm,
Thermaltake TOUGHLIQUID Ultra,https://pcpartpicker.com/product/MZ88TW/thermaltake-toughliquid-ultra-1191-cfm-liquid-cpu-cooler-cl-w366-pl14bl-a,https://cdna.pcpartpicker.com/static/forever/images/product/cf570db85b471c0fcdd82742d4bf30a3.256p.jpg,500 - 2000 RPM,33.2 dB,Black,420 mm,
Thermaltake TOUGHLIQUID 420 EX Pro ARGB Sync,https://pcpartpicker.com/product/G9zXsY/thermaltake-toughliquid-420-ex-pro-argb-sync-1196-cfm-liquid-cpu-cooler-cl-w401-pl14bl-a,https://cdna.pcpartpicker.com/static/forever/images/product/c6f74efb5dc1c10d48557b7842376b48.256p.jpg,500 - 2000 RPM,31.6 dB,Black,420 mm,
Thermaltake ASTRIA 400 ARGB,https://pcpartpicker.com/product/tRG2FT/thermaltake-astria-400-argb-65-cfm-cpu-cooler-cl-p138-ca12sw-a,https://cdna.pcpartpicker.com/static/forever/images/product/bcb5d06a1821f99fe5ed2beeae913074.256p.jpg,500 - 1800 RPM,26.8 dB,White,,49.99
Corsair H105,https://pcpartpicker.com/product/Ld3RsY/corsair-h105-73-cfm-liquid-cpu-cooler-cw-9060016-ww,https://m.media-amazon.com/images/I/51IeiVtDXeL.jpg,800 - 2700 RPM,37.7 dB,,240 mm,
Silverstone NT09-115X,https://pcpartpicker.com/product/VBL7YJ/silverstone-nt09-115x-470-cfm-cpu-cooler-nt09-115x,https://cdna.pcpartpicker.com/static/forever/images/product/f4302cd204910bb9768a9e315b37649e.256p.jpg,550 - 2500 RPM,18.5 - 32 dB,,,29.20
MSI MAG CORELIQUID R,https://pcpartpicker.com/product/yyTzK8/msi-mag-coreliquid-r-7873-cfm-liquid-cpu-cooler-mag-core-liquid-360r,https://cdna.pcpartpicker.com/static/forever/images/product/63c2eafdab74fe8d9b3bd8725400c29c.256p.jpg,500 - 2000 RPM,14.3 - 34.3 dB,Black,360 mm,
Deepcool AK400 G2,https://pcpartpicker.com/product/4h8Pxr/deepcool-ak400-g2-634-cfm-cpu-cooler-r-ak400g2-whnnmn-gjd,https://cdna.pcpartpicker.com/static/forever/images/product/39e11f5d48c91b9a8f390bda351129f1.256p.jpg,2200 RPM,31.45 dB,White / Brown,,
Cooler Master GeminII S,https://pcpartpicker.com/product/ghckcf/cooler-master-cpu-cooler-rrcchpbu1gp,https://images-fe.ssl-images-amazon.com/images/I/51b3gP1scWL.jpg,1000 - 2000 RPM,17 - 21 dB,,,
Cooler Master MasterLiquid Pro 280,https://pcpartpicker.com/product/n7H48d/cooler-master-masterliquid-pro-280-6421-cfm-liquid-cpu-cooler-mly-d28m-a22mb-r1,https://m.media-amazon.com/images/I/51paJ+K2WwL.jpg,650 - 2200 RPM,6 - 30 dB,,280 mm,
Cooler Master Hyper 212 LED Turbo (Red),https://pcpartpicker.com/product/XZbkcf/cooler-master-hyper-212-led-turbo-red-663-cfm-cpu-cooler-rr-212tr-16pr-r1,https://cdna.pcpartpicker.com/static/forever/images/product/880493b8ea6c7b4cf7ab0ad2684904db.256p.jpg,300 - 1600 RPM,9 - 31 dB,,,
Aerocool P7-L240,https://pcpartpicker.com/product/Kp3H99/aerocool-p7-l240-7165-cfm-liquid-cpu-cooler-p7-l240,https://images-eu.ssl-images-amazon.com/images/I/41IOsPQI8ML.jpg,600 - 1800 RPM,10.5 - 31.8 dB,Black,240 mm,
Deepcool GAMMAXX 400 Blue,https://pcpartpicker.com/product/w3c48d/deepcool-gammaxx-400-blue-7434-cfm-cpu-cooler-deepcool-gammaxx-400-blue,/static/forever/img/no-image.png,900 - 1500 RPM,17.8 - 30 dB,Blue / Silver,,
SilentiumPC Fera 3 HE1224,https://pcpartpicker.com/product/vKzFf7/silentiumpc-fera-3-he1224-cpu-cooler-spc144,https://cdna.pcpartpicker.com/static/forever/images/product/7c5e60629ea55e18a1f2bb8bab87e440.256p.jpg,500 - 1600 RPM,,Black / Silver,,
ID-COOLING ZOOMFLOW X,https://pcpartpicker.com/product/jZZ9TW/id-cooling-zoomflow-x-62-cfm-liquid-cpu-cooler-zoomflow-240x-argb,https://m.media-amazon.com/images/I/41R42CAvunL.jpg,700 - 1500 RPM,18 - 26.4 dB,Black,240 mm,
Montech AIR COOLER 210,https://pcpartpicker.com/product/hn2WGX/montech-air-cooler-210-73-cfm-cpu-cooler-air-cooler-210,https://cdna.pcpartpicker.com/static/forever/images/product/0302b489301192585a4147b9c2a7df30.256p.jpg,600 - 1500 RPM,27 dB,Black,,
aigo Shadow Max,https://pcpartpicker.com/product/78zhP6/aigo-shadow-max-293-cfm-cpu-cooler-shadow-max,/static/forever/img/no-image.png,800 - 2500 RPM,29.6 dB,Black,,
Asus TUF Gaming LC 120 ARGB,https://pcpartpicker.com/product/vvvdnQ/asus-tuf-gaming-lc-120-argb-67-cfm-liquid-cpu-cooler-90rc00h1-m0aay0,https://cdna.pcpartpicker.com/static/forever/images/product/bbdb46ebccbe24c69508aaad308d57aa.256p.jpg,800 - 2000 RPM,,Black,120 mm,
Cooler Master MasterAir MA612 Stealth,https://pcpartpicker.com/product/GjQcCJ/cooler-master-masterair-ma612-stealth-62-cfm-cpu-cooler-map-t6ps-218pk-r1,https://cdna.pcpartpicker.com/static/forever/images/product/78499447dc53bf3ac701b6b4e2da1986.256p.jpg,650 - 1800 RPM,8 - 27 dB,,,
Phanteks Glacier One 360 T30 Gen2,https://pcpartpicker.com/product/zvWJ7P/phanteks-glacier-one-360-t30-gen2-101-cfm-liquid-cpu-cooler-ph-go360t30_dag02,https://cdna.pcpartpicker.com/static/forever/images/product/c15d4aa5798798c624d22b483f23223a.256p.jpg,1200 - 3000 RPM,11.1 - 39.7 dB,Black / Gray,360 mm,
Deepcool AK500S DIGITAL,https://pcpartpicker.com/product/YB4Zxr/deepcool-ak500s-digital-6899-cfm-cpu-cooler-r-ak500s-whadmn-g,https://cdna.pcpartpicker.com/static/forever/images/product/39b67d81ffdabfa9349abd161df43b34.256p.jpg,500 - 1850 RPM,28 dB,White,,
Zalman CNPS4X,https://pcpartpicker.com/product/PXZXsY/zalman-cnps4x-3896-cfm-cpu-cooler-cnps4x,https://m.media-amazon.com/images/I/51wXbbqs7dL.jpg,800 - 2000 RPM,29 dB,Black,,
Asus ROG STRIX LC 360 RGB GUNDAM,https://pcpartpicker.com/product/CL4Ycf/asus-rog-strix-lc-360-rgb-gundam-8095-cfm-liquid-cpu-cooler-90rc0073-m0aay0,/static/forever/img/no-image.png,800 - 2500 RPM,37.6 dB,White,360 mm,
PC Cooler RZ820,https://pcpartpicker.com/product/3Lrp99/pc-cooler-rz820-867-cfm-cpu-cooler-rz820-bknwnx-gl,https://cdna.pcpartpicker.com/static/forever/images/product/c909c150d62d9e23763d0efb07692bab.256p.jpg,500 - 2200 RPM,32 dB,Black,,
Jonsbo CR-1000 V2 Color,https://pcpartpicker.com/product/nP8Pxr/jonsbo-cr-1000-v2-color-5948-cfm-cpu-cooler-cr-1000-v2-color-black,https://cdna.pcpartpicker.com/static/forever/images/product/4034961a3f8a85ee55600df151cada6a.256p.jpg,600 - 1500 RPM,22 - 32 dB,Black / Silver,,52.27
Ocypus Sigma L240 PRO,https://pcpartpicker.com/product/HwpD4D/ocypus-sigma-l240-pro-90-cfm-liquid-cpu-cooler-sigma-l24-pro-wh,https://m.media-amazon.com/images/I/31bFM-tq7pL.jpg,500 - 2400 RPM,36 dB,White,240 mm,129.99
Alpenföhn Glacier Water High Speed 360,https://pcpartpicker.com/product/8LcG3C/alpenfohn-glacier-water-high-speed-360-779-cfm-liquid-cpu-cooler-84000000195,https://cdna.pcpartpicker.com/static/forever/images/product/b475b2dc6625754d4f0b764363be225d.256p.jpg,500 - 2200 RPM,36.8 dB,White,360 mm,244.69
Dynatron R8,https://pcpartpicker.com/product/jth9TW/dynatron-cpu-cooler-r8,https://m.media-amazon.com/images/I/21Cq2blpZtL.jpg,,,,,42.95
Fractal Design Celsius+ S28 Prisma PWM ARGB,https://pcpartpicker.com/product/yjsnTW/fractal-design-celsius-s28-prisma-pwm-argb-1039-cfm-liquid-cpu-cooler-fd-w-2-s2802,https://cdna.pcpartpicker.com/static/forever/images/product/c816c7ddd77dd96bfb07cc1626f70ef4.256p.jpg,500 - 1700 RPM,34.1 dB,Black,280 mm,
Thermalright Royal Pretor 130,https://pcpartpicker.com/product/jJCZxr/thermalright-royal-pretor-130-8188-cfm-cpu-cooler-royal-pretor-130-white,/static/forever/img/no-image.png,1750 RPM,28.3 dB,White,,
Silverstone NovaPeak 240,https://pcpartpicker.com/product/76QwrH/silverstone-novapeak-240-698-cfm-liquid-cpu-cooler-sst-np240b,https://m.media-amazon.com/images/I/31d-aOfso9L.jpg,600 - 2200 RPM,35.1 dB,Black,240 mm,99.99
Dynatron R13,https://pcpartpicker.com/product/tP4gXL/dynatron-cpu-cooler-r13,/static/forever/img/no-image.png,1100 - 6000 RPM,19.1 - 53.8 dB,,,43.95
Asus ROG Strix LC 360,https://pcpartpicker.com/product/zqbCmG/asus-rog-strix-lc-360-8095-cfm-liquid-cpu-cooler-rog-strix-lc-360,https://cdna.pcpartpicker.com/static/forever/images/product/0d1e45d9d908d7b7dfc74c0a03962dee.256p.jpg,800 - 2500 RPM,37.6 dB,Black,360 mm,
ADATA XPG LEVANTE II 360,https://pcpartpicker.com/product/xckqqs/adata-xpg-levante-ii-360-58-cfm-liquid-cpu-cooler-levanteii360-whcww,https://cdna.pcpartpicker.com/static/forever/images/product/1fb4bd8e59f48d53d7b8d492921434d2.256p.jpg,800 - 2000 RPM,19.78 - 29.33 dB,White,360 mm,
ARCTIC Liquid Freezer II 420 RGB,https://pcpartpicker.com/product/9ZvdnQ/arctic-liquid-freezer-ii-420-rgb-689-cfm-liquid-cpu-cooler-acfre00111a,https://m.media-amazon.com/images/I/41YGBca6r7L.jpg,200 - 1900 RPM,22.5 dB,Black,420 mm,
Thermaltake TH240 ARGB Sync,https://pcpartpicker.com/product/R2tKHx/thermaltake-th240-argb-sync-5928-cfm-liquid-cpu-cooler-cl-w301-pl12sw-a,https://m.media-amazon.com/images/I/31bma08lxsL.jpg,1500 RPM,28.2 dB,White,240 mm,
Corsair H60,https://pcpartpicker.com/product/74bp99/corsair-h60-744-cfm-liquid-cpu-cooler-cwch60,https://cdna.pcpartpicker.com/static/forever/images/product/ffa3c836bf3db15e96017257064c30c5.256p.jpg,,30.2 dB,,120 mm,
Dynatron R16,https://pcpartpicker.com/product/Fz3RsY/dynatron-cpu-cooler-r16,https://m.media-amazon.com/images/I/41nuiM2wPbL.jpg,1000 - 6000 RPM,21.5 - 55.8 dB,,,
Cooler Master Hyper 212X Dual Fan,https://pcpartpicker.com/product/KzfmP6/cooler-master-cpu-cooler-rr212x20pma1,https://cdna.pcpartpicker.com/static/forever/images/product/b75f409bbaad8443e9a95c200db6f91a.256p.jpg,2000 RPM,9 - 36 dB,,,
NZXT Kraken X52 Rev 2,https://pcpartpicker.com/product/kTL7YJ/nzxt-kraken-x52-rev-2-7311-cfm-liquid-cpu-cooler-rl-krx52-02,https://m.media-amazon.com/images/I/41v5cpRzVNL.jpg,500 - 2000 RPM,21 - 36 dB,,240 mm,
Deepcool GAMMAXX GTE V2,https://pcpartpicker.com/product/QCvqqs/deepcool-gammaxx-gte-v2-645-cfm-cpu-cooler-dp-mch4-gmx-gte-v2bk,https://cdna.pcpartpicker.com/static/forever/images/product/0457f5f110c37972ab93e2b44964b456.256p.jpg,500 - 1650 RPM,27.8 dB,Black,,
ID-COOLING SE-224-XT,https://pcpartpicker.com/product/mnzFf7/id-cooling-se-224-xt-7616-cfm-cpu-cooler-se-224-xt-black,https://m.media-amazon.com/images/I/51TgBblkmJL.jpg,700 - 1800 RPM,15.2 - 32.5 dB,Black,,
SilentiumPC Fera 5,https://pcpartpicker.com/product/z82WGX/silentiumpc-fera-5-cpu-cooler-spc303,https://cdna.pcpartpicker.com/static/forever/images/product/845944fcfa57413bb8d3848821bfa696.256p.jpg,300 - 1800 RPM,,Black / Silver,,
Iceberg Thermal IceFLOE OASIS 360,https://pcpartpicker.com/product/WPHqqs/iceberg-thermal-icefloe-oasis-360-7674-cfm-liquid-cpu-cooler-ifoa36-ban,https://m.media-amazon.com/images/I/41ZIFcLHd+L.jpg,200 - 2200 RPM,28.9 dB,Black,360 mm,
Amazon Basics,https://pcpartpicker.com/product/Ny26Mp/amazon-basics-341-cfm-cpu-cooler-rr-h410-20pc-as,https://m.media-amazon.com/images/I/41i7SY-d0nL.jpg,600 - 2000 RPM,6 - 29 dB,,,
TRYX PANORAMA,https://pcpartpicker.com/product/yXTZxr/tryx-panorama-8132-cfm-liquid-cpu-cooler-l-p240n-ds2m-g0k,https://cdna.pcpartpicker.com/static/forever/images/product/4f023328a3e5c45c81fe4449a3e8eec4.256p.jpg,500 - 2250 RPM,30.97 dB,Black,240 mm,
PC Cooler DE360,https://pcpartpicker.com/product/gP26Mp/pc-cooler-de360-7186-cfm-liquid-cpu-cooler-d5-q360wwhnxx-gl,https://m.media-amazon.com/images/I/41vv--DnWfL.jpg,600 - 1850 RPM,16 - 33.8 dB,White,360 mm,
GameMax Ice Force,https://pcpartpicker.com/product/k89nTW/gamemax-ice-force-4435-cfm-cpu-cooler-gmx-ice-force-bk,https://cdna.pcpartpicker.com/static/forever/images/product/5fbae1499079718a43accc3a3d78abd8.256p.jpg,800 - 1600 RPM,,Black,,
Ocypus Gamma A40,https://pcpartpicker.com/product/3tsMnQ/ocypus-gamma-a40-41-cfm-cpu-cooler-gamma-a40-bk1nnwn00x-gl,/static/forever/img/no-image.png,600 - 2400 RPM,29.5 dB,Black,,
Silverstone PF360-ARGB V2,https://pcpartpicker.com/product/Cjh2FT/silverstone-pf360-argb-v2-94-cfm-liquid-cpu-cooler-sst-pf360-argb-v2,https://cdna.pcpartpicker.com/static/forever/images/product/2dedf85298fe89579264cba9aad9f0ac.256p.jpg,600 - 2200 RPM,7.4 - 35.6 dB,Black,360 mm,143.99
upHere E240KC,https://pcpartpicker.com/product/jTNscf/uphere-e240kc-71-cfm-liquid-cpu-cooler-e240kc,https://m.media-amazon.com/images/I/41UeJhZECBL.jpg,600 - 1800 RPM,27 dB,Black,240 mm,69.98
GAMDIAS CHIONE E4,https://pcpartpicker.com/product/JTjv6h/gamdias-chione-e4-7336-cfm-liquid-cpu-cooler-e4-240,https://m.media-amazon.com/images/I/3121PeAgPKL.jpg,800 - 1800 RPM,11 - 33.8 dB,Black,240 mm,69.98
Akasa K25,https://pcpartpicker.com/product/T6n8TW/akasa-k25-335-cfm-cpu-cooler-ak-cc7118hp01,https://cdna.pcpartpicker.com/static/forever/images/product/d052eea1e8edf8bf3b418196e26f1212.256p.jpg,600 - 3000 RPM,28.71 dB,,,
Enermax LIQMAXFLO 240,https://pcpartpicker.com/product/CkRwrH/enermax-liqmaxflo-240-5803-cfm-liquid-cpu-cooler-elc-lmf240t-argb,https://m.media-amazon.com/images/I/31EMYYzT7DL.jpg,500 - 1800 RPM,23.46 dB,Black,240 mm,78.48
RAIJINTEK Orcus 140 RGW,https://pcpartpicker.com/product/yM7p99/raijintek-orcus-140-rgw-6519-cfm-liquid-cpu-cooler-0r10b00090,https://cdna.pcpartpicker.com/static/forever/images/product/0e033730a60548e42e49c9cbcd5d9095.256p.jpg,400 - 1800 RPM,28 dB,Black,140 mm,107.06
ARCTIC Freezer A35,https://pcpartpicker.com/product/xDBG3C/arctic-freezer-a35-cpu-cooler-acfre00112a,https://cdna.pcpartpicker.com/static/forever/images/product/992e3ae1ab4140931cce18dc106c2e40.256p.jpg,200 - 1800 RPM,,Black / White,,
Phanteks PH-TC12ST4_DBK01,https://pcpartpicker.com/product/XwLdnQ/phanteks-ph-tc12st4_dbk01-8426-cfm-cpu-cooler-ph-tc12st4_dbk01,https://cdna.pcpartpicker.com/static/forever/images/product/df93ce477ce0765ece004b737758b7a7.256p.jpg,400 - 2000 RPM,35.7 dB,,,
Zalman Alpha2 DS A36,https://pcpartpicker.com/product/9HnXsY/zalman-alpha2-ds-a36-liquid-cpu-cooler-alpha2-ds-a36-white,https://m.media-amazon.com/images/I/31SR1ylqirL.jpg,600 - 2000 RPM,29.7 dB,White,360 mm,241.49
MSI MPG CORELIQUID K240 V2,https://pcpartpicker.com/product/cHKKHx/msi-mpg-coreliquid-k240-v2-774-cfm-liquid-cpu-cooler-mpg-coreliquid-k240-v2,https://cdna.pcpartpicker.com/static/forever/images/product/71dd94e5068cc397e8309c6476ba6fe5.256p.jpg,,39.9 dB,Black,240 mm,
TEAMGROUP SIREN GD360E,https://pcpartpicker.com/product/B3tLrH/teamgroup-siren-gd360e-9397-cfm-liquid-cpu-cooler-tb130602,https://m.media-amazon.com/images/I/31Xr+dmrqlL.jpg,600 - 2200 RPM,14.3 - 35.6 dB,White,360 mm,
Zalman CNPS10X Performa,https://pcpartpicker.com/product/JMDQzy/zalman-cnps10x-performa-7516-cfm-cpu-cooler-cnps10x-performa-white,https://m.media-amazon.com/images/I/41Bn-SDdMgL.jpg,700 - 1500 RPM,27 dB,White,,
Noctua NH-C14,https://pcpartpicker.com/product/yDg323/noctua-nh-c14-cpu-cooler-nh-c14,https://cdna.pcpartpicker.com/static/forever/images/product/da11417237d9e404a5c1a71c2a616e3e.256p.jpg,750 - 1200 RPM,10.1 - 19.6 dB,,,
Prolimatech PRO-SAM17,https://pcpartpicker.com/product/nkMFf7/prolimatech-cpu-cooler-prosam17,https://cdna.pcpartpicker.com/static/forever/images/product/8d5102240056afa9207856348bc9f986.256p.jpg,,,,,
Reeven Steropes RC-1206b,https://pcpartpicker.com/product/p898TW/reeven-steropes-rc-1206b-455-cfm-sleeve-bearing-cpu-cooler-rc-1206b,https://m.media-amazon.com/images/I/41x5tBT7nVL.jpg,500 - 2000 RPM,9.32 - 33.67 dB,,,
EVGA CLC 120,https://pcpartpicker.com/product/PT38TW/evga-clc-120-7482-cfm-liquid-cpu-cooler-400-hy-cl12-v1,https://m.media-amazon.com/images/I/41zJr9IxZGL.jpg,500 - 2400 RPM,16 - 39.9 dB,,120 mm,
RAIJINTEK PALLAS 120,https://pcpartpicker.com/product/zqqBD3/raijintek-pallas-120-4171-cfm-cpu-cooler-0r10b00095,https://cdna.pcpartpicker.com/static/forever/images/product/a43df77db460c3521b23692f4babfc1b.256p.jpg,200 - 1400 RPM,28.43 dB,Black,,
ARCTIC Liquid Freezer II 420 RGB,https://pcpartpicker.com/product/mhZ9TW/arctic-liquid-freezer-ii-420-rgb-689-cfm-liquid-cpu-cooler-acfre00110a,https://cdna.pcpartpicker.com/static/forever/images/product/26c386757edb664c98c423f476095ce9.256p.jpg,200 - 1900 RPM,22.5 dB,Black,420 mm,
Gigabyte AORUS WATERFORCE 360,https://pcpartpicker.com/product/6cstt6/gigabyte-aorus-waterforce-360-liquid-cpu-cooler-gp-aorus-waterforce-360,https://cdna.pcpartpicker.com/static/forever/images/product/3f6f3ab6e605c0fbe91cb09d59f3be09.256p.jpg,950 - 2150 RPM,16.9 - 31 dB,Black,360 mm,
ID-COOLING ZOOMFLOW 360 XT ,https://pcpartpicker.com/product/qk2WGX/id-cooling-zoomflow-360-xt-682-cfm-liquid-cpu-cooler-zoomflow-360-xt,https://cdna.pcpartpicker.com/static/forever/images/product/ac39c7cde00facda15dd461753f4766b.256p.jpg,500 - 1500 RPM,13.8 - 30.5 dB,Black,360 mm,
Deepcool AG500 WH ARGB,https://pcpartpicker.com/product/tnmmP6/deepcool-ag500-wh-argb-6788-cfm-cpu-cooler-ag500-wh-argb,https://cdna.pcpartpicker.com/static/forever/images/product/05ecc3639ae7229411c6b514e9387ff7.256p.jpg,300 - 1850 RPM,29.4 dB,White,,
Gelid Solutions Liquid 240,https://pcpartpicker.com/product/Vh3NnQ/gelid-solutions-liquid-240-liquid-cpu-cooler-cc-aio-240-a,https://m.media-amazon.com/images/I/31EmX3rEspL.jpg,750 - 1800 RPM,29.6 dB,Black,240 mm,
PC Cooler DE360,https://pcpartpicker.com/product/tWV2FT/pc-cooler-de360-7186-cfm-liquid-cpu-cooler-d5-q360wbknxx-gl,https://m.media-amazon.com/images/I/31Cu0syZGyL.jpg,600 - 1850 RPM,16 - 33.8 dB,Black,360 mm,
Ocypus Delta L36 ARGB,https://pcpartpicker.com/product/LxLdnQ/ocypus-delta-l36-argb-73-cfm-liquid-cpu-cooler-delta-l36-bk-argb,/static/forever/img/no-image.png,500 - 2000 RPM,29 dB,Black,360 mm,
Jonsbo CA90,https://pcpartpicker.com/product/MTTFf7/jonsbo-ca90-7657-cfm-cpu-cooler-ca90-black,https://cdna.pcpartpicker.com/static/forever/images/product/f4b92386b62c68a9e889704c1c4965b6.256p.jpg,800 - 1800 RPM,17 - 32.6 dB,Black,,47.99
Thermaltake TH360 V2 Ultra EX ARGB Sync,https://pcpartpicker.com/product/zQbRsY/thermaltake-th360-v2-ultra-ex-argb-sync-liquid-cpu-cooler-cl-w415-pl12sw-a,https://m.media-amazon.com/images/I/21lHiOp-dIL.jpg,,,Black,360 mm,134.99
Inter-Tech ALSEYE Star Warriors W700 Pro,https://pcpartpicker.com/product/gknXsY/inter-tech-alseye-star-warriors-w700-pro-9329-cfm-cpu-cooler-star-warriors-series-700pro-w,https://m.media-amazon.com/images/I/41MachMJR9L.jpg,900 - 3000 RPM,45 dB,White,,89.99
Alpenföhn Dolomit Premium,https://pcpartpicker.com/product/yH9wrH/alpenfohn-dolomit-premium-545-cfm-cpu-cooler-84000000183,https://cdna.pcpartpicker.com/static/forever/images/product/491afba7fe601025987ba6c0985815df.256p.jpg,500 - 1600 RPM,23.5 dB,Black,,101.27
Thermaltake UX 210 ARGB,https://pcpartpicker.com/product/2DpzK8/thermaltake-ux-210-argb-723-cfm-cpu-cooler-cl-p079-ca12sw-a,https://cdna.pcpartpicker.com/static/forever/images/product/3437690d719d5515bfc0af985e80fde7.256p.jpg,600 - 2000 RPM,34.3 dB,Black / Silver,,36.00
Thermaltake TOUGHLIQUID 360 EX Pro ARGB Sync,https://pcpartpicker.com/product/YktLrH/thermaltake-toughliquid-360-ex-pro-argb-sync-708-cfm-liquid-cpu-cooler-cl-w400-pl12bl-a,https://cdna.pcpartpicker.com/static/forever/images/product/c9079244083d5b64e2b29f70173608e5.256p.jpg,500 - 2000 RPM,22.6 dB,Black,360 mm,
MSI MEG CORELIQUID S280,https://pcpartpicker.com/product/47Z9TW/msi-meg-coreliquid-s280-8227-cfm-liquid-cpu-cooler-meg-coreliquid-s280,https://cdna.pcpartpicker.com/static/forever/images/product/df5ce8233332b1b11b2ada3c3e4e86c8.256p.jpg,,24.9 dB,Black,280 mm,
PC Cooler RZ620,https://pcpartpicker.com/product/QrxTwP/pc-cooler-rz620-8673-cfm-cpu-cooler-rz620-whnwnx-gl,https://m.media-amazon.com/images/I/41cS0JmOuOL.jpg,500 - 2200 RPM,28 - 32 dB,White,,
Mars Gaming MCPU-X5 ARGB,https://pcpartpicker.com/product/tgCCmG/mars-gaming-mcpu-x5-argb-cpu-cooler-mcpux5argbw,https://m.media-amazon.com/images/I/41Xzan8JZGL.jpg,800 - 2000 RPM,9 - 28 dB,White,,
GAMDIAS AURA GL240 DIGITAL,https://pcpartpicker.com/product/ktsMnQ/gamdias-aura-gl240-digital-7371-cfm-liquid-cpu-cooler-aura-gl240-digital-wh,https://m.media-amazon.com/images/I/41yaH9c63dL.jpg,800 - 1800 RPM,33 dB,White,240 mm,89.99
Corsair H100,https://pcpartpicker.com/product/RVphP6/corsair-h100-92-cfm-liquid-cpu-cooler-cwch100,https://cdna.pcpartpicker.com/static/forever/images/product/a71e82f02280182e6367bc264d151946.256p.jpg,1300 - 2500 RPM,22 - 39 dB,,240 mm,
Corsair H75,https://pcpartpicker.com/product/sFzv6h/corsair-h75-54-cfm-liquid-cpu-cooler-cw-9060015-ww,/static/forever/img/no-image.png,2000 RPM,31.4 dB,,120 mm,
Thermaltake Water 3.0 Ultimate,https://pcpartpicker.com/product/YKFPxr/thermaltake-water-30-ultimate-99-cfm-liquid-cpu-cooler-cl-w007-pl12bl-a,https://cdna.pcpartpicker.com/static/forever/images/product/46e435d913e84ecba319aa0c7003b969.med.256p.jpg,1000 - 2000 RPM,20 dB,,360 mm,
Cooler Master MasterLiquid ML120L RGB,https://pcpartpicker.com/product/3P2rxr/cooler-master-masterliquid-ml120l-rgb-667-cfm-liquid-cpu-cooler-mlw-d12m-a20pc-r1,https://cdna.pcpartpicker.com/static/forever/images/product/dd7f77b7f603eebc59110e13f6166602.256p.jpg,650 - 2000 RPM,6 - 30 dB,,120 mm,
ID-COOLING AURAFLOW X,https://pcpartpicker.com/product/LMwkcf/id-cooling-auraflow-x-745-cfm-liquid-cpu-cooler-auraflow-x-360,https://cdna.pcpartpicker.com/static/forever/images/product/bab6cc66ee5886badd7163ccff9fceef.256p.jpg,700 - 1800 RPM,18 - 35.2 dB,Black,360 mm,
ID-COOLING SE-914-XT,https://pcpartpicker.com/product/gqxbt6/id-cooling-se-914-xt-458-cfm-cpu-cooler-se-914-xt-basic,https://m.media-amazon.com/images/I/515uXRom04L.jpg,600 - 2200 RPM,,Black / Gray,,
Deepcool AS500 Plus,https://pcpartpicker.com/product/dL92FT/deepcool-as500-plus-7081-cfm-cpu-cooler-r-as500-bknlmp-g,https://cdna.pcpartpicker.com/static/forever/images/product/f4518033202ba3261d46b73581ea3bd4.256p.jpg,500 - 1200 RPM,31.5 dB,Black,,
Thermalright Silver Soul 110,https://pcpartpicker.com/product/Gs4Ycf/thermalright-silver-soul-110-54-cfm-cpu-cooler-ss110-white,https://m.media-amazon.com/images/I/41bAbeoiG9L.jpg,2500 RPM,23 dB,White,,
Deepcool CASTLE 240EX A-RGB,https://pcpartpicker.com/product/PdRYcf/deepcool-castle-240ex-a-rgb-6934-cfm-liquid-cpu-cooler-dp-gs-h12w-csl240ex-ar-wh,https://cdna.pcpartpicker.com/static/forever/images/product/6e65c184382faa7507af343dda7d63a6.256p.jpg,500 - 1800 RPM,30 dB,White / Black,240 mm,
ID-COOLING ZOOMFLOW 360 XT SNOW,https://pcpartpicker.com/product/KZVmP6/id-cooling-zoomflow-360-xt-snow-682-cfm-liquid-cpu-cooler-zoomflow-360-xt-snow,https://cdna.pcpartpicker.com/static/forever/images/product/99c97b2840727ed2ca679aaec0af992d.256p.jpg,500 - 1500 RPM,13.8 - 30.5 dB,White,360 mm,
ID-COOLING PINKFLOW 240 V2,https://pcpartpicker.com/product/PsddnQ/id-cooling-pinkflow-240-v2-552-cfm-liquid-cpu-cooler-pinkflow-240-v2,https://cdna.pcpartpicker.com/static/forever/images/product/119abcc3fd4bb0fa87dce92fa9f92edb.256p.jpg,900 - 2000 RPM,16.3 - 33.5 dB,Pink,240 mm,
Thermalright Assassin X 90 SE,https://pcpartpicker.com/product/9v3NnQ/thermalright-assassin-x-90-se-43-cfm-cpu-cooler-ax90-se,/static/forever/img/no-image.png,2400 RPM,27.3 dB,Black / Silver,,
Valkyrie SYN,https://pcpartpicker.com/product/fvYRsY/valkyrie-syn-80-cfm-liquid-cpu-cooler-vk-e360-loki,/static/forever/img/no-image.png,800 - 2150 RPM,29 dB,Black / Red,360 mm,
Deepcool AG620 Digital,https://pcpartpicker.com/product/WBRwrH/deepcool-ag620-digital-6788-cfm-cpu-cooler-r-ag620-bkndmn-g-1,/static/forever/img/no-image.png,300 - 1950 RPM,29.4 dB,Black / Silver,,
AQIRYS Hydra ARGB,https://pcpartpicker.com/product/nZbRsY/aqirys-hydra-argb-70-cfm-liquid-cpu-cooler-aqrys_hydra240b,https://cdna.pcpartpicker.com/static/forever/images/product/0cc5e6feb796a9269ff1f9d5b057954d.256p.jpg,800 - 2000 RPM,25 - 34 dB,Black,240 mm,
GAMDIAS BOREAS E2-410,https://pcpartpicker.com/product/fvXV3C/gamdias-boreas-e2-410-7294-cfm-cpu-cooler-boreas-e2-410,/static/forever/img/no-image.png,800 - 1800 RPM,10 - 32 dB,Black,,
Enermax LIQMAXFLO SR 360,https://pcpartpicker.com/product/PN9wrH/enermax-liqmaxflo-sr-360-5803-cfm-liquid-cpu-cooler-elc-lmf360-sf,https://cdna.pcpartpicker.com/static/forever/images/product/c1fcb2e1492d15d017f8241394e4bd2b.256p.jpg,500 - 1800 RPM,23.46 dB,Black,360 mm,
TRYX STAGE,https://pcpartpicker.com/product/hTh2FT/tryx-stage-liquid-cpu-cooler-l-s360a-dm3m-g0w,/static/forever/img/no-image.png,500 - 1850 RPM,28.87 dB,White,360 mm,209.99
Cooler Master MasterAIR G200P,https://pcpartpicker.com/product/Tfn8TW/cooler-master-masterair-g200p-355-cfm-cpu-cooler-map-g2pn-126pc-r1,https://cdna.pcpartpicker.com/static/forever/images/product/c5743893f0c92993a02dd61d3f195eb0.256p.jpg,800 - 2000 RPM,6 - 28 dB,Black / Silver,,
Thermaltake TH120 ARGB Sync,https://pcpartpicker.com/product/p7LwrH/thermaltake-th120-argb-sync-5928-cfm-liquid-cpu-cooler-cl-w285-pl12sw-a,https://cdna.pcpartpicker.com/static/forever/images/product/d7f04074b0b06fcdeda99d3eef54cc19.256p.jpg,1500 RPM,28.2 dB,Black,120 mm,
Mars Gaming ML-ONE,https://pcpartpicker.com/product/YTddnQ/mars-gaming-ml-one-692-cfm-liquid-cpu-cooler-mlone120w,https://m.media-amazon.com/images/I/41HIqlYUpLL.jpg,600 - 1800 RPM,9 - 26 dB,White,120 mm,
Mars Gaming ML-ULTRA360,https://pcpartpicker.com/product/4bwD4D/mars-gaming-ml-ultra360-692-cfm-liquid-cpu-cooler-mlultra360w,https://cdna.pcpartpicker.com/static/forever/images/product/9331eae29fa4e6dacab9dba051020b60.256p.jpg,600 - 1800 RPM,9 - 26 dB,White,360 mm,
Alphacool Eisbaer LT360,https://pcpartpicker.com/product/yQw7YJ/alphacool-eisbaer-lt360-6385-cfm-liquid-cpu-cooler-11446,https://cdna.pcpartpicker.com/static/forever/images/product/e4e21101649103234521f6463933e627.256p.jpg,550 - 1700 RPM,29 dB,Black,360 mm,158.63
Thermalright Core Matrix,https://pcpartpicker.com/product/twDQzy/thermalright-core-matrix-69-cfm-liquid-cpu-cooler-core-matrix-360-white,https://cdna.pcpartpicker.com/static/forever/images/product/9ea2cf9fae702ac5aec332e61e207dda.256p.jpg,2150 RPM,27 dB,White,360 mm,
Dynatron A49,https://pcpartpicker.com/product/HVLdnQ/dynatron-a49-3503-cfm-cpu-cooler-a49,https://m.media-amazon.com/images/I/41xtUTH8uBL.jpg,800 - 1800 RPM,10.8 - 21.3 dB,Silver,,60.95
Silverstone IceMyst 280,https://pcpartpicker.com/product/jqXV3C/silverstone-icemyst-280-9329-cfm-liquid-cpu-cooler-sst-im280-argb,https://m.media-amazon.com/images/I/41S-13IONoL.jpg,400 - 1750 RPM,13.3 - 30.8 dB,Silver / Black,280 mm,139.99
Silverstone IceGem 360,https://pcpartpicker.com/product/LbJgXL/silverstone-icegem-360-934-cfm-liquid-cpu-cooler-sst-ig360-argb,https://cdna.pcpartpicker.com/static/forever/images/product/f87df78820366f18f06de9d6f6d8900d.256p.jpg,600 - 2200 RPM,7.3 - 36.6 dB,Black,360 mm,261.72
Mars Gaming ML-ULTRA360,https://pcpartpicker.com/product/YjJBD3/mars-gaming-ml-ultra360-692-cfm-liquid-cpu-cooler-mlultra360,https://cdna.pcpartpicker.com/static/forever/images/product/bbd45f21031257bd02e8c9979c0e9d22.256p.jpg,600 - 1800 RPM,9 - 26 dB,Black,360 mm,
GAMDIAS CHIONE M4-360,https://pcpartpicker.com/product/Q8RwrH/gamdias-chione-m4-360-6901-cfm-liquid-cpu-cooler-gd-chione-m4-360,https://cdna.pcpartpicker.com/static/forever/images/product/58a4b20defafe031f82be24fb11efeed.256p.jpg,800 - 2000 RPM,11 - 29 dB,Black,360 mm,99.93
Cooler Master V8,https://pcpartpicker.com/product/pWqdnQ/cooler-master-cpu-cooler-rruv8xbu1gp,https://m.media-amazon.com/images/I/51u+UHF-B7L.jpg,800 - 1800 RPM,17 - 21 dB,,,
Corsair H80,https://pcpartpicker.com/product/rMkD4D/corsair-h80-92-cfm-liquid-cpu-cooler-cwch80,https://cdna.pcpartpicker.com/static/forever/images/product/3fcd61ab19b202005ee4300bd45db3cb.256p.jpg,1300 - 2500 RPM,22 - 39 dB,,120 mm,
Thermalright TRUE Spirit 120M(BW) Rev.A,https://pcpartpicker.com/product/K8h9TW/thermalright-true-spirit-120mbw-reva-4619-cfm-cpu-cooler-ts-120m-bw-reva,https://m.media-amazon.com/images/I/51+xLCnY-VL.jpg,600 - 1300 RPM,25.4 dB,,,
CRYORIG M9i,https://pcpartpicker.com/product/LPVBD3/cryorig-m9i-484-cfm-cpu-cooler-m9i,https://cdna.pcpartpicker.com/static/forever/images/product/dd043782b9ddb767f5ecaeebeb1ad72d.256p.jpg,600 - 2200 RPM,26.4 dB,,,
Alphacool Eisbaer 420,https://pcpartpicker.com/product/tsndnQ/alphacool-eisbaer-420-6231-cfm-liquid-cpu-cooler-11390,https://cdna.pcpartpicker.com/static/forever/images/product/a7828cfc98ebb6a363f41bf525f9a517.256p.jpg,1100 RPM,29.4 dB,Black / Blue,420 mm,
Deepcool GAMMAXX 400 V2,https://pcpartpicker.com/product/kjdrxr/deepcool-gammaxx-400-v2-645-cfm-cpu-cooler-dp-mch4-gmx400v2-rd,/static/forever/img/no-image.png,500 - 1650 RPM,,Black / Red,,
Cooler Master MasterLiquid ML240 Mirror,https://pcpartpicker.com/product/WfQfrH/cooler-master-masterliquid-ml240-mirror-liquid-cpu-cooler-mlx-d24m-a18pk-r1,https://m.media-amazon.com/images/I/41ZKaz0jVNL.jpg,650 - 1800 RPM,8 - 27 dB,Black,240 mm,
Tempest Subzero RGB,https://pcpartpicker.com/product/bvRYcf/tempest-subzero-rgb-502-cfm-cpu-cooler-tp-cool-subz,https://cdna.pcpartpicker.com/static/forever/images/product/07a6c31ab040d29abe4cb869a63b5f11.256p.jpg,800 - 1650 RPM,,Black / Silver,,
MSI MAG CORELIQUID R,https://pcpartpicker.com/product/pcM48d/msi-mag-coreliquid-r-8436-cfm-liquid-cpu-cooler-mag-coreliquid-280r,https://cdna.pcpartpicker.com/static/forever/images/product/41fdc6171128446b67cb2baf10e75d5d.256p.jpg,500 - 1800 RPM,14.8 - 33.28 dB,Black,280 mm,
Asus ROG STRIX LC II ARGB,https://pcpartpicker.com/product/pYZ9TW/asus-rog-strix-lc-ii-argb-8095-cfm-liquid-cpu-cooler-rog-strix-lc-ii-120-argb,https://cdna.pcpartpicker.com/static/forever/images/product/d3453080b26a2d012c78b8b670ded41d.256p.jpg,800 - 2500 RPM,37.6 dB,Black,120 mm,
Thermalright Silver Soul 135,https://pcpartpicker.com/product/c3pzK8/thermalright-silver-soul-135-82-cfm-cpu-cooler-ss135,https://m.media-amazon.com/images/I/51vyhQhWEVL.jpg,1850 RPM,29.6 dB,Silver,,
ID-COOLING ZOOMFLOW 240 XT SNOW,https://pcpartpicker.com/product/gL8bt6/id-cooling-zoomflow-240-xt-snow-682-cfm-liquid-cpu-cooler-zoomflow-240-xt-snow,https://cdna.pcpartpicker.com/static/forever/images/product/46546b24730a0172b58a9b29afd0706e.256p.jpg,500 - 1500 RPM,13.8 - 30.5 dB,White,240 mm,
ID-COOLING FROSTFLOW X 240 LITE SNOW,https://pcpartpicker.com/product/M8pzK8/id-cooling-frostflow-x-240-lite-snow-7616-cfm-liquid-cpu-cooler-frostflow-x-240-lite-snow,https://cdna.pcpartpicker.com/static/forever/images/product/26bf2cb5e34b95201de6fe18169031bc.256p.jpg,700 - 1800 RPM,15.2 - 35.2 dB,White,240 mm,
Cooler Master i70C,https://pcpartpicker.com/product/Fx8bt6/cooler-master-i70c-37-cfm-cpu-cooler-rr-i70c-20pk-r1,https://cdna.pcpartpicker.com/static/forever/images/product/0afd7cfe7fd9abe98f438307f9fb546a.256p.jpg,650 - 1800 RPM,28 dB,Black / Silver,,
SilentiumPC Fortis 5,https://pcpartpicker.com/product/y9xRsY/silentiumpc-fortis-5-cpu-cooler-spc306,https://cdna.pcpartpicker.com/static/forever/images/product/ece2ecfc5df39f8b0e0c913a90d689bf.256p.jpg,300 - 1400 RPM,,Black / Silver,,
Gelid Solutions Liquid 360,https://pcpartpicker.com/product/8L9wrH/gelid-solutions-liquid-360-liquid-cpu-cooler-cc-aio-360-a,https://m.media-amazon.com/images/I/317ndFfvBTL.jpg,750 - 1800 RPM,29.6 dB,Black,360 mm,
ID-COOLING FROZN A610,https://pcpartpicker.com/product/pwfxFT/id-cooling-frozn-a610-78-cfm-cpu-cooler-frozn-a610-argb,https://m.media-amazon.com/images/I/41-Nw-FkCQL.jpg,500 - 2000 RPM,29.9 dB,Black,,
ID-COOLING FX240ARGB,https://pcpartpicker.com/product/7NHqqs/id-cooling-fx240argb-7616-cfm-liquid-cpu-cooler-fx240-argb,https://cdna.pcpartpicker.com/static/forever/images/product/bb538b6cad60743cae30889226f5d002.256p.jpg,500 - 1800 RPM,35.2 dB,Black,240 mm,
ID-COOLING FX360 ARGB,https://pcpartpicker.com/product/mMYRsY/id-cooling-fx360-argb-7616-cfm-liquid-cpu-cooler-fx360-argb,https://cdna.pcpartpicker.com/static/forever/images/product/6d0ddf4674f36d5bc37426c5bb41d4d0.256p.jpg,500 - 1800 RPM,35.2 dB,Black,360 mm,
ID-COOLING SE-224-XTS ARGB,https://pcpartpicker.com/product/jVQKHx/id-cooling-se-224-xts-argb-70-cfm-cpu-cooler-se-224-xts-argb-white,https://cdna.pcpartpicker.com/static/forever/images/product/2d5daeee630edf395a97f20de666ad53.256p.jpg,600 - 1500 RPM,28.9 dB,White,,
YEYIAN Storm 1200,https://pcpartpicker.com/product/vNwmP6/yeyian-storm-1200-5118-cfm-cpu-cooler-ac1200,https://m.media-amazon.com/images/I/51ahJbQ6NsL.jpg,1000 - 1800 RPM,26.3 dB,Black / Silver,,
Thermalright Frozen Warframe,https://pcpartpicker.com/product/CxMMnQ/thermalright-frozen-warframe-7084-cfm-liquid-cpu-cooler-frozen-warframe-240-black,https://m.media-amazon.com/images/I/31ZeOG6GsDL.jpg,2000 RPM,22.1 dB,Black,240 mm,
Ocypus Sigma L240 PRO,https://pcpartpicker.com/product/hW62FT/ocypus-sigma-l240-pro-90-cfm-liquid-cpu-cooler-sigma-l24-pro-bk,https://m.media-amazon.com/images/I/31YJfcja+JL.jpg,500 - 2400 RPM,36 dB,Black,240 mm,129.99
GameMax Ice Chill 240,https://pcpartpicker.com/product/Fzn8TW/gamemax-ice-chill-240-588-cfm-liquid-cpu-cooler-gmx-icechill240,https://cdna.pcpartpicker.com/static/forever/images/product/c734f49f7621584a9f2913e1cc8d9965.256p.jpg,800 - 1900 RPM,28.8 dB,Black,240 mm,
Dynatron R15,https://pcpartpicker.com/product/pfW9TW/dynatron-cpu-cooler-r15,https://m.media-amazon.com/images/I/314r+9XPLrL.jpg,,,,,48.95
Silverstone AR08,https://pcpartpicker.com/product/ZTF48d/silverstone-ar08-495-cfm-cpu-cooler-ar08,https://cdna.pcpartpicker.com/static/forever/images/product/587a7eaf4b4c87ea83501ac42e992b1a.256p.jpg,1500 - 2800 RPM,14.1 - 27.7 dB,Blue / Silver,,40.72
Silverstone IceGem 280,https://pcpartpicker.com/product/NBKKHx/silverstone-icegem-280-992-cfm-liquid-cpu-cooler-sst-ig280-argb,https://cdna.pcpartpicker.com/static/forever/images/product/075bd5fca71fb4e4f4341d32e6fa6790.256p.jpg,600 - 1600 RPM,9.8 - 23.4 dB,Black,280 mm,
EK AIO Elite 280 D-RGB,https://pcpartpicker.com/product/YJmmP6/ek-aio-elite-280-d-rgb-116-cfm-liquid-cpu-cooler-ek-aio-elite-280-d-rgb,https://cdna.pcpartpicker.com/static/forever/images/product/09074b9f16cd1240af2e28bd743d2578.256p.jpg,550 - 2200 RPM,36.4 dB,Black,280 mm,
Cougar FORZA 85 ESSENTIAL,https://pcpartpicker.com/product/mFbRsY/cougar-forza-85-essential-8248-cfm-cpu-cooler-forza-85-essential,https://m.media-amazon.com/images/I/41pRZQWnWrL.jpg,600 - 2000 RPM,34.5 dB,Black,,59.99
TRYX PANORAMA,https://pcpartpicker.com/product/q46NnQ/tryx-panorama-1003-cfm-liquid-cpu-cooler-l-p280n-ds2m-g0k,https://cdna.pcpartpicker.com/static/forever/images/product/72c7821811d0b384a84f7cb7e740b483.256p.jpg,500 - 1650 RPM,32 dB,Black,280 mm,
Mars Gaming ML-ONE,https://pcpartpicker.com/product/rHYRsY/mars-gaming-ml-one-692-cfm-liquid-cpu-cooler-mlone360,https://cdna.pcpartpicker.com/static/forever/images/product/1995f38277894fc0e7fff8705aa1941c.256p.jpg,600 - 1800 RPM,9 - 26 dB,Black,360 mm,
Cooler Master V8 GTS,https://pcpartpicker.com/product/kHdqqs/cooler-master-cpu-cooler-rrv8vc16prr1,/static/forever/img/no-image.png,1600 RPM,36 dB,,,
NoFan CR-80EH,https://pcpartpicker.com/product/Jf8H99/nofan-cpu-cooler-cr80eh,https://m.media-amazon.com/images/I/51zvw6+1l-L.jpg,,0 dB,,,
ID-COOLING FROSTFLOW+ 280,https://pcpartpicker.com/product/QKZFf7/id-cooling-frostflow-280-768-cfm-liquid-cpu-cooler-frostflow-280,https://cdna.pcpartpicker.com/static/forever/images/product/e390c95d6be6023b351f82df6f5b3f87.256p.jpg,800 - 1600 RPM,16.8 - 32.6 dB,Black / White,280 mm,
Scythe Mugen 5 PCGH Edition,https://pcpartpicker.com/product/tWfhP6/scythe-mugen-5-pcgh-edition-4303-cfm-cpu-cooler-scmg-5pcgh,https://images-eu.ssl-images-amazon.com/images/I/51gdHVQMX0L.jpg,300 - 800 RPM,4 - 14.5 dB,Silver / Black,,
ARCTIC Freezer 34 eSports,https://pcpartpicker.com/product/sk22FT/arctic-freezer-34-esports-cpu-cooler-acfre00058a,https://m.media-amazon.com/images/I/51jMs-3YcqL.jpg,200 - 2100 RPM,,Yellow / Black,,
Deepcool GAMMAXX 400R,https://pcpartpicker.com/product/MFJtt6/deepcool-gammaxx-400r-7434-cfm-cpu-cooler-deepcool-gammaxx400r,/static/forever/img/no-image.png,900 - 1500 RPM,17.8 - 30 dB,Red / Silver,,
Deepcool CASTLE 360EX WHITE,https://pcpartpicker.com/product/62848d/deepcool-castle-360ex-white-644-cfm-liquid-cpu-cooler-dp-gs-h12w-csl360exwh,https://cdna.pcpartpicker.com/static/forever/images/product/5f7a4f6e6b497e081b617942c5df189e.256p.jpg,500 - 1800 RPM,32.1 dB,White / Black,360 mm,
Enermax Liqmax III 240 ARGB,https://pcpartpicker.com/product/qxQfrH/enermax-liqmax-iii-240-argb-721-cfm-liquid-cpu-cooler-elc-lmt240-argb,https://cdna.pcpartpicker.com/static/forever/images/product/2c3fcc0df535f093d1489ca37bf19e90.256p.jpg,500 - 1600 RPM,14 - 27 dB,Black,240 mm,
be quiet! Pure Loop 120,https://pcpartpicker.com/product/ZkhmP6/be-quiet-pure-loop-120-liquid-cpu-cooler-bw005,https://cdna.pcpartpicker.com/static/forever/images/product/8d457a5d5f306108e44f1b0fa8cfeda8.256p.jpg,,18.9 - 36.1 dB,Black,120 mm,
Deepcool AS500 PLUS WH,https://pcpartpicker.com/product/7wRYcf/deepcool-as500-plus-wh-7081-cfm-cpu-cooler-r-as500-whnlmp-g,https://cdna.pcpartpicker.com/static/forever/images/product/d9d9fab7d14f042b5bb77b38723085fe.256p.jpg,500 - 1200 RPM,31.5 dB,White / Silver,,
Enermax ETS-F40-FS,https://pcpartpicker.com/product/47Tp99/enermax-ets-f40-fs-7433-cfm-cpu-cooler-ets-f40-bk-argb,https://cdna.pcpartpicker.com/static/forever/images/product/4b7a9723b5bf5629907a4cb1fae79cf8.256p.jpg,300 - 1200 RPM,10 - 23 dB,Black,,
Inter-Tech ALSEYE H120,https://pcpartpicker.com/product/KC88TW/inter-tech-alseye-h120-liquid-cpu-cooler-88885488,https://m.media-amazon.com/images/I/417OIykexvL.jpg,800 - 2000 RPM,13.5 - 35.2 dB,Black,120 mm,
Jonsbo CR-1400 EVO ARGB White,https://pcpartpicker.com/product/yC4Zxr/jonsbo-cr-1400-evo-argb-white-382-cfm-cpu-cooler-cr-1400-evo-argb-white,https://cdna.pcpartpicker.com/static/forever/images/product/449444305d5a7f3110ac9a32c188c4ff.256p.jpg,800 - 2200 RPM,22.3 - 33.8 dB,White,,
Thermalright Frozen Magic ARGB,https://pcpartpicker.com/product/dbRwrH/thermalright-frozen-magic-argb-6617-cfm-liquid-cpu-cooler-frozen-magic-240-white-argb,https://cdna.pcpartpicker.com/static/forever/images/product/664dc2d381e06cb919f3f8032629f138.256p.jpg,1500 RPM,25.6 dB,White,240 mm,
Thermalright Frozen Horizon ARGB,https://pcpartpicker.com/product/pKsV3C/thermalright-frozen-horizon-argb-69-cfm-liquid-cpu-cooler-frozen-horizon-360-black-argb,https://cdna.pcpartpicker.com/static/forever/images/product/15d8f7b4cb150574669c2f47637e70dc.256p.jpg,2150 RPM,28.1 dB,Black,360 mm,
Thermalright Frozen Vision 240,https://pcpartpicker.com/product/KHDQzy/thermalright-frozen-vision-240-69-cfm-liquid-cpu-cooler-frozen-vision-240-white,https://cdna.pcpartpicker.com/static/forever/images/product/846f68dd56f90af291a2c33a8c8ec5ec.256p.jpg,2150 - 21500 RPM,27 dB,White,240 mm,
ID-COOLING SPACE LCD,https://pcpartpicker.com/product/jrBzK8/id-cooling-space-lcd-7616-cfm-liquid-cpu-cooler-sl240-xe,https://cdna.pcpartpicker.com/static/forever/images/product/f3dde5a51dadbbfa60341e41588cf738.256p.jpg,500 - 1800 RPM,35.2 dB,Black,240 mm,
ID-COOLING SPACE LCD,https://pcpartpicker.com/product/6WTZxr/id-cooling-space-lcd-7616-cfm-liquid-cpu-cooler-sl240-xe-white,https://cdna.pcpartpicker.com/static/forever/images/product/06d828e1cda11daa0ae5ddda1dc8cf31.256p.jpg,500 - 1800 RPM,35.2 dB,White,240 mm,
FSP Group MP7 ARGB,https://pcpartpicker.com/product/cWtkcf/fsp-group-mp7-argb-76-cfm-cpu-cooler-mp7-argb,https://m.media-amazon.com/images/I/51sc2HF2DPL.jpg,800 - 1800 RPM,32 dB,Black / Silver,,
Deepcool LQ240,https://pcpartpicker.com/product/DQcBD3/deepcool-lq240-55-cfm-liquid-cpu-cooler-r-lq240-whdsmc-g-1,https://cdna.pcpartpicker.com/static/forever/images/product/458e61b26c4d15f49a791e8ee3d27c47.256p.jpg,600 - 2150 RPM,32 dB,White,240 mm,
GAMDIAS AURA GL240 V2,https://pcpartpicker.com/product/G3BFf7/gamdias-aura-gl240-v2-736-cfm-liquid-cpu-cooler-aura-gl240-v2-wh,https://m.media-amazon.com/images/I/31DPaSa5KNL.jpg,800 - 1800 RPM,33.8 dB,,240 mm,59.99
ALPHAGEAR AirChill PRISM 60DXD PRO,https://pcpartpicker.com/product/BQgZxr/alphagear-airchill-prism-60dxd-pro-767-cfm-cpu-cooler-ag-prism60dxd-pro-bk,https://cdna.pcpartpicker.com/static/forever/images/product/cb7f35e4d011ba655d517cc908bc0aa2.256p.jpg,800 - 1800 RPM,33.1 dB,Black,,
Alphacool Eisbaer Aurora 280,https://pcpartpicker.com/product/kNZzK8/alphacool-eisbaer-aurora-280-418-cfm-liquid-cpu-cooler-11729,https://cdna.pcpartpicker.com/static/forever/images/product/9c441856cfb62c023b5bd4b8d6841c1a.256p.jpg,600 - 1500 RPM,,Black,280 mm,209.99
Alphacool Eisbaer Pro Aurora,https://pcpartpicker.com/product/MLrqqs/alphacool-eisbaer-pro-aurora-907-cfm-liquid-cpu-cooler-11773,https://m.media-amazon.com/images/I/31CjhULd20L.jpg,,31.5 dB,Black,280 mm,269.99
Thermaltake TOUGHLIQUID Ultra,https://pcpartpicker.com/product/ZL3gXL/thermaltake-toughliquid-ultra-7269-cfm-liquid-cpu-cooler-cl-w322-pl12gm-a,https://cdna.pcpartpicker.com/static/forever/images/product/2dbed676828eff9299941f01625d7f1b.256p.jpg,500 - 2500 RPM,28.1 dB,Black,240 mm,149.99
Jonsbo CB80,https://pcpartpicker.com/product/DkKnTW/jonsbo-cb80-7707-cfm-cpu-cooler-cb80-black,https://cdna.pcpartpicker.com/static/forever/images/product/dbffa9bf06446e3f626e15d3347fb3bb.256p.jpg,800 - 1800 RPM,21.8 - 35.4 dB,Black,,42.99
Alphacool Eisbaer Aurora 240,https://pcpartpicker.com/product/xzjNnQ/alphacool-eisbaer-aurora-240-615-cfm-liquid-cpu-cooler-11728,https://cdna.pcpartpicker.com/static/forever/images/product/bc1553239930731c6ae64c658ec3c151.256p.jpg,800 - 2000 RPM,,Black,240 mm,161.40
be quiet! Pure Loop 2,https://pcpartpicker.com/product/MMmNnQ/be-quiet-pure-loop-2-liquid-cpu-cooler-bw016,https://cdna.pcpartpicker.com/static/forever/images/product/d796838a4184525dab37d8966aa5c1b2.256p.jpg,,13 - 32.1 dB,Black,120 mm,
Vetroo V240,https://pcpartpicker.com/product/h2vD4D/vetroo-v240-52-cfm-liquid-cpu-cooler-vt-aio-v240-pk,/static/forever/img/no-image.png,800 - 1800 RPM,30.8 dB,Pink,240 mm,
Mars Gaming ML-ONE,https://pcpartpicker.com/product/kLvD4D/mars-gaming-ml-one-692-cfm-liquid-cpu-cooler-mlone240w,https://cdna.pcpartpicker.com/static/forever/images/product/ccfaf3088e7931fc05ac7dfe8aa79e2d.256p.jpg,600 - 1800 RPM,9 - 26 dB,White,240 mm,
GAMDIAS AURA GL240 DIGITAL,https://pcpartpicker.com/product/xMDnTW/gamdias-aura-gl240-digital-7371-cfm-liquid-cpu-cooler-aura-gl240-digital,https://m.media-amazon.com/images/I/41QDLCOvfjL.jpg,800 - 1800 RPM,33 dB,Black,240 mm,99.99
Deepcool GAMMAXX 200T,https://pcpartpicker.com/product/J68H99/deepcool-gammaxx-200t-5425-cfm-cpu-cooler-gammaxx-200t,/static/forever/img/no-image.png,900 - 1600 RPM,17.8 - 26.1 dB,,,
Jonsbo CR-1000,https://pcpartpicker.com/product/R4n9TW/jonsbo-cr-1000-6681-cfm-cpu-cooler-cr-1000-white,https://cdna.pcpartpicker.com/static/forever/images/product/ce1e6d5675bfe41a7f95130c6eb1a793.256p.jpg,700 - 1800 RPM,20.55 - 37.2 dB,White,,
Silverstone PF240-ARGB V2,https://pcpartpicker.com/product/wNDnTW/silverstone-pf240-argb-v2-94-cfm-liquid-cpu-cooler-sst-pf240-argb-v2,https://cdna.pcpartpicker.com/static/forever/images/product/3f90b31c9dcd5658fada0f4a2fd5ee4e.256p.jpg,600 - 2200 RPM,7.4 - 35.6 dB,Black,240 mm,98.32
StarTech FAN7751U,https://pcpartpicker.com/product/CPBv6h/startech-cpu-cooler-fan7751u,https://cdna.pcpartpicker.com/static/forever/images/product/756d8408dc9b3a79bd6034692df5e530.256p.jpg,4500 RPM,39 dB,,,
Evercool EC-NK804A-925EP,https://pcpartpicker.com/product/jRmLrH/evercool-cpu-cooler-ecnk804a925ep,https://cdna.pcpartpicker.com/static/forever/images/product/dc24e5baf6d5f6010a25870a4ba2d0dc.med.256p.jpg,2750 RPM,28.2 dB,,,17.00
Corsair H90,https://pcpartpicker.com/product/H94gXL/corsair-h90-94-cfm-liquid-cpu-cooler-h90,https://m.media-amazon.com/images/I/41E4XoqrNsL.jpg,1500 RPM,35 dB,,140 mm,
CRYORIG C1,https://pcpartpicker.com/product/mPbp99/cryorig-cpu-cooler-crc1a,https://cdna.pcpartpicker.com/static/forever/images/product/b656c5de128ce780f6b4b9b74b24e814.256p.jpg,700 - 1300 RPM,24 dB,,,
Thermalright Le Grand Macho,https://pcpartpicker.com/product/zBjWGX/thermalright-le-grand-macho-fanless-cpu-cooler-le-grand-macho,https://images-eu.ssl-images-amazon.com/images/I/514LuB39VaL.jpg,,,,,
Cooler Master MasterAir G100M RGB,https://pcpartpicker.com/product/CM448d/cooler-master-masterair-g100m-rgb-226-cfm-cpu-cooler-mam-g1cn-924pc-r1,https://cdna.pcpartpicker.com/static/forever/images/product/5500b63f5ee2a70a8466fe8dae5cc81a.256p.jpg,600 - 2400 RPM,30 dB,Black / Multicolor,,
Cooler Master MasterLiquid ML360P Silver Edition ARGB,https://pcpartpicker.com/product/ZBcRsY/cooler-master-masterliquid-ml360p-silver-edition-argb-45-cfm-liquid-cpu-cooler-mly-d36m-a18pa-r1,https://cdna.pcpartpicker.com/static/forever/images/product/8163ebc861faa75205ff90fb3c4b4983.256p.jpg,650 - 1800 RPM,8 - 30 dB,Silver / Black,360 mm,
Cooler Master MasterLiquid ML240P Mirage,https://pcpartpicker.com/product/rdCFf7/cooler-master-masterliquid-ml240p-mirage-6095-cfm-liquid-cpu-cooler-mly-d24m-a20pa-r1,https://cdna.pcpartpicker.com/static/forever/images/product/383c36908955e3164fdc12291538c3f1.256p.jpg,2000 RPM,27 dB,Black,240 mm,
SilentiumPC Grandis 2 XE1436,https://pcpartpicker.com/product/sDwkcf/silentiumpc-grandis-2-xe1436-cpu-cooler-spc154,https://cdna.pcpartpicker.com/static/forever/images/product/543c6d8bf5ce1e157969eb160434c154.256p.jpg,500 - 1600 RPM,21 dB,Black / Silver,,
ID-COOLING SE-224-XT Basic,https://pcpartpicker.com/product/VTqBD3/id-cooling-se-224-xt-basic-7616-cfm-cpu-cooler-se-224-xt-basic,https://m.media-amazon.com/images/I/51va1ij80fL.jpg,700 - 1800 RPM,15.2 - 32.5 dB,Black / Gray,,
Thermaltake Floe DX RGB 240 TT Premium Edition,https://pcpartpicker.com/product/8Wwkcf/thermaltake-floe-dx-rgb-240-tt-premium-edition-4245-cfm-liquid-cpu-cooler-cl-w255-pl12sw-a,https://cdna.pcpartpicker.com/static/forever/images/product/5e54f319d628a8af92c45af80289bc00.256p.jpg,500 - 1500 RPM,19 - 23.9 dB,Black / Gray,240 mm,189.99
darkFlash Shadow PWM,https://pcpartpicker.com/product/rxCFf7/darkflash-shadow-pwm-293-cfm-cpu-cooler-8541607924,https://m.media-amazon.com/images/I/41RAURHHvhL.jpg,800 - 2500 RPM,29.6 dB,Black,,
Phanteks Glacier One 240MPH,https://pcpartpicker.com/product/4d4BD3/phanteks-glacier-one-240mph-6051-cfm-liquid-cpu-cooler-ph-go240mph_dwt01,https://cdna.pcpartpicker.com/static/forever/images/product/3af69ce5b6bc107e2eb062f95c79efcf.256p.jpg,500 - 2200 RPM,18 - 34.2 dB,White / Black,240 mm,
Thermalright Assassin King 120,https://pcpartpicker.com/product/XLwypg/thermalright-assassin-king-120-6617-cfm-cpu-cooler-ak120-black,https://m.media-amazon.com/images/I/41Q61+mnqXL.jpg,1500 RPM,25.6 dB,Black / Silver,,
Asus TUF Gaming LC RGB,https://pcpartpicker.com/product/XGnypg/asus-tuf-gaming-lc-rgb-67-cfm-liquid-cpu-cooler-tuf-gaming-lc-240-rgb,https://cdna.pcpartpicker.com/static/forever/images/product/22862a885d7c175dd9d02dc06ea9cf14.256p.jpg,800 - 2000 RPM,29 dB,Black,240 mm,
Azza Blizzard SP 240,https://pcpartpicker.com/product/VdWzK8/azza-blizzard-sp-240-621-cfm-liquid-cpu-cooler-lcaz-240r-argb-sp,https://cdna.pcpartpicker.com/static/forever/images/product/be9f3d57ae548efc6f079c54e2e2627c.256p.jpg,700 - 2200 RPM,36 dB,Black,240 mm,
Thermalright Assassin X,https://pcpartpicker.com/product/d3xRsY/thermalright-assassin-x-6617-cfm-cpu-cooler-ax-120,https://m.media-amazon.com/images/I/41lwz5V5ZUL.jpg,1500 RPM,25.6 dB,Black / Silver,,
Deepcool LE300,https://pcpartpicker.com/product/gyYmP6/deepcool-le300-8585-cfm-liquid-cpu-cooler-r-le300-bklnmc-g-1,https://cdna.pcpartpicker.com/static/forever/images/product/23d6e275385dd1473b465338f441c797.256p.jpg,500 - 2250 RPM,,Black,120 mm,
ID-COOLING ZOOMFLOW 240 XT,https://pcpartpicker.com/product/tJJgXL/id-cooling-zoomflow-240-xt-682-cfm-liquid-cpu-cooler-zoomflow-240-xt,https://cdna.pcpartpicker.com/static/forever/images/product/fa9d6ace79b95297be6f09d1adc5aee4.256p.jpg,500 - 1500 RPM,13.8 - 30.5 dB,Black,240 mm,
Cooler Master Hyper 212 LED White Edition,https://pcpartpicker.com/product/9KfnTW/cooler-master-hyper-212-led-white-edition-663-cfm-cpu-cooler-rr-212l-16pw-r1,https://m.media-amazon.com/images/I/41P2oG07WiL.jpg,600 - 1600 RPM,9 - 31 dB,,,
ARCTIC Freezer i35,https://pcpartpicker.com/product/VrTp99/arctic-freezer-i35-cpu-cooler-acfre00094a,https://cdna.pcpartpicker.com/static/forever/images/product/99380a169b1c09f684e99e611a42c2ce.256p.jpg,200 - 1800 RPM,,Black / White,,54.09
Deepcool LE300 Marrs,https://pcpartpicker.com/product/364Zxr/deepcool-le300-marrs-8585-cfm-liquid-cpu-cooler-r-le300-bklnmg-g-1,https://cdna.pcpartpicker.com/static/forever/images/product/0786a9e61924dd3f252ea9aab8e8cb4f.256p.jpg,500 - 2250 RPM,32.9 dB,Black,120 mm,
Jonsbo HP400S,https://pcpartpicker.com/product/pcGhP6/jonsbo-hp400s-3818-cfm-cpu-cooler-hp400s,https://cdna.pcpartpicker.com/static/forever/images/product/2b1e288601316f8f19b888a7be6429b8.256p.jpg,900 - 2800 RPM,20.2 - 34 dB,Blue / Silver,,
MSI MAG CORELIQUID 360R V2,https://pcpartpicker.com/product/PXWJ7P/msi-mag-coreliquid-360r-v2-7873-cfm-liquid-cpu-cooler-mag-coreliquid-360r-v2-white,https://cdna.pcpartpicker.com/static/forever/images/product/2b3cadf8c393563bcf660a9199b4c01c.256p.jpg,500 - 2000 RPM,14.3 - 34.3 dB,White,360 mm,
ID-COOLING SE-214-XT-D,https://pcpartpicker.com/product/FNHqqs/id-cooling-se-214-xt-d-7616-cfm-cpu-cooler-se-214-xt-d,https://cdna.pcpartpicker.com/static/forever/images/product/f11845e8723b64cab2487954e57e31c1.256p.jpg,700 - 1800 RPM,32.5 dB,Gray / Black,,
Zalman ALPHA2 A36,https://pcpartpicker.com/product/NYDQzy/zalman-alpha2-a36-liquid-cpu-cooler-alpha2-a36-black,https://m.media-amazon.com/images/I/31pjS1lWS5L.jpg,600 - 2000 RPM,29.7 dB,Black,360 mm,
Xilence M704PRO.ARGB,https://pcpartpicker.com/product/8NMMnQ/xilence-m704proargb-8006-cfm-cpu-cooler-xc056,https://cdna.pcpartpicker.com/static/forever/images/product/0c9b8baf9bdcdba4926f4a5ac8cb0b19.256p.jpg,800 - 1800 RPM,18 - 32.2 dB,,,56.77
Silverstone PF360-ARGB V2,https://pcpartpicker.com/product/c2YfrH/silverstone-pf360-argb-v2-94-cfm-liquid-cpu-cooler-sst-pf360w-argb-v2,https://cdna.pcpartpicker.com/static/forever/images/product/906f1b88d03f6dcd12f4419710523a6e.256p.jpg,600 - 2200 RPM,7.4 - 35.6 dB,White,360 mm,175.23
Inter-Tech ALSEYE Star Warriors W700 Pro,https://pcpartpicker.com/product/qT7MnQ/inter-tech-alseye-star-warriors-w700-pro-9329-cfm-cpu-cooler-star-warriors-series-700pro-r,/static/forever/img/no-image.png,900 - 3000 RPM,45 dB,Red,,
Geometric Future Eskimo Pro 36,https://pcpartpicker.com/product/8tXV3C/geometric-future-eskimo-pro-36-8081-cfm-liquid-cpu-cooler-geo-ep-36w,https://cdna.pcpartpicker.com/static/forever/images/product/36256c65e59ad7dda4a39d9d6f9f6b90.256p.jpg,2000 RPM,34.2 dB,White,360 mm,79.90
Thermaltake Riing Silent 12 Red,https://pcpartpicker.com/product/3HGj4D/thermaltake-riing-silent-12-red-530-cfm-cpu-cooler-cl-p022-al12re-a,https://cdna.pcpartpicker.com/static/forever/images/product/5fd70952959e97cad45b5e9f20a5ff78.256p.jpg,300 - 1400 RPM,13 - 18 dB,,,39.99
In Win SR24,https://pcpartpicker.com/product/CVQfrH/in-win-sr24-1015-cfm-liquid-cpu-cooler-iw-lc-sr24,https://cdna.pcpartpicker.com/static/forever/images/product/bd3960d4d467d4fb9c94ff2a708aa287.256p.jpg,500 - 2500 RPM,23 dB,Black,240 mm,64.98
Gigabyte AORUS WATERFORCE X,https://pcpartpicker.com/product/TP8bt6/gigabyte-aorus-waterforce-x-8918-cfm-liquid-cpu-cooler-aorus-waterforce-x-280,https://cdna.pcpartpicker.com/static/forever/images/product/55326d7d2dbf84af44ad5d994227b181.256p.jpg,2300 RPM,8.06 - 44.4 dB,Black,280 mm,
ARCTIC Liquid Freezer II 280 RGB,https://pcpartpicker.com/product/3QxRsY/arctic-liquid-freezer-ii-280-rgb-689-cfm-liquid-cpu-cooler-acfre00107a,https://cdna.pcpartpicker.com/static/forever/images/product/0eb1748aa925fbce518ab2fb1268e328.256p.jpg,200 - 1900 RPM,22.5 dB,Black,280 mm,
TRYX PANORAMA,https://pcpartpicker.com/product/dXTZxr/tryx-panorama-8132-cfm-liquid-cpu-cooler-l-p240n-ds2m-g0w,https://cdna.pcpartpicker.com/static/forever/images/product/bd538ce2c928a011901dad1c4dfea9d9.256p.jpg,500 - 2250 RPM,30.97 dB,White,240 mm,
PC Cooler RZ620,https://pcpartpicker.com/product/FRsMnQ/pc-cooler-rz620-8673-cfm-cpu-cooler-rz620-bknwnx-gl,https://m.media-amazon.com/images/I/51W4U53HGNL.jpg,500 - 2200 RPM,28 - 32 dB,Black / Silver,,81.00
EVGA ACX mITX,https://pcpartpicker.com/product/JpqdnQ/evga-cpu-cooler-100fsc901kr,https://m.media-amazon.com/images/I/41u6hzoYFrL.jpg,800 - 2800 RPM,33.4 dB,,,41.55
Thermaltake CLP0556-B,https://pcpartpicker.com/product/CRjG3C/thermaltake-cpu-cooler-clp0556b,https://cdna.pcpartpicker.com/static/forever/images/product/49d109d8170b4ef7f0e7ff7d448e41dd.256p.jpg,1900 - 2300 RPM,22 dB,,,19.98
Akasa K32,https://pcpartpicker.com/product/wVtCmG/akasa-cpu-cooler-akcc7117ep01,https://m.media-amazon.com/images/I/41j5rp3bqyL.jpg,600 - 3000 RPM,17.2 - 30.54 dB,,,
Thermalright Frost Spirit 140,https://pcpartpicker.com/product/ckwypg/thermalright-frost-spirit-140-778-cfm-cpu-cooler-frost-spirit-140,https://m.media-amazon.com/images/I/51dmkBxxETL.jpg,1500 RPM,25.6 dB,Gray,,
Cougar FORZA 135,https://pcpartpicker.com/product/GC4Zxr/cougar-forza-135-7293-cfm-cpu-cooler-forza-135,https://m.media-amazon.com/images/I/41hMRgyFLEL.jpg,500 - 1500 RPM,38.5 dB,Black / Silver,,89.99
Deepcool AK620 ZERO DARK ZORIA,https://pcpartpicker.com/product/L8kH99/deepcool-ak620-zero-dark-zoria-6899-cfm-cpu-cooler-r-ak620-bknpmn-e,https://cdna.pcpartpicker.com/static/forever/images/product/a77105209e6efa953658494c4d0d0757.256p.jpg,500 - 1850 RPM,28 dB,Orange / Black,,
Thermaltake TH240 V2 Ultra EX ARGB Sync,https://pcpartpicker.com/product/jdQKHx/thermaltake-th240-v2-ultra-ex-argb-sync-liquid-cpu-cooler-cl-w414-pl12sw-a,https://m.media-amazon.com/images/I/31DfIX4RjfL.jpg,,,Black,240 mm,119.99
Zalman FX100,https://pcpartpicker.com/product/4qGkcf/zalman-cpu-cooler-fx100,https://m.media-amazon.com/images/I/51GcFtrWN4L.jpg,,0 dB,,,
Thermaltake Frio Silent 14,https://pcpartpicker.com/product/FJx9TW/thermaltake-cpu-cooler-clp002al14blb,https://m.media-amazon.com/images/I/51C2peOEo2L.jpg,700 - 1200 RPM,12 - 19.3 dB,,,40.95
ID-COOLING DK-03,https://pcpartpicker.com/product/6H2rxr/id-cooling-cpu-cooler-dk03,https://cdna.pcpartpicker.com/static/forever/images/product/8cd7f429f66d5e9bb5ebac3832a1bf35.256p.jpg,1600 RPM,26.4 dB,,,
MSI MAG CORELIQUID C280,https://pcpartpicker.com/product/qwytt6/msi-mag-coreliquid-c280-8436-cfm-liquid-cpu-cooler-mag-coreliquid-c280,https://cdna.pcpartpicker.com/static/forever/images/product/35196df68554d9fe02f91ec5b48cab0b.256p.jpg,500 - 1800 RPM,14.8 - 33.28 dB,Black,280 mm,
Enermax LIQMAX III 360 ARGB,https://pcpartpicker.com/product/yryqqs/enermax-liqmax-iii-360-argb-721-cfm-liquid-cpu-cooler-elc-lmt360-w-argb,https://cdna.pcpartpicker.com/static/forever/images/product/2820128762342e9ea6c844c0250fe6be.256p.jpg,500 - 1600 RPM,14 - 27 dB,White / Black,360 mm,
TEAMGROUP SIREN GD360E,https://pcpartpicker.com/product/zcqrxr/teamgroup-siren-gd360e-9397-cfm-liquid-cpu-cooler-tb130502,https://m.media-amazon.com/images/I/31Vek5kS5cL.jpg,600 - 2200 RPM,14.3 - 35.6 dB,Black,360 mm,
Thermalright Frozen Magic ARGB,https://pcpartpicker.com/product/Jn9wrH/thermalright-frozen-magic-argb-6617-cfm-liquid-cpu-cooler-frozen-magic-360-white-argb,https://cdna.pcpartpicker.com/static/forever/images/product/dbdda4689b28aecfe783a243ed47c33c.256p.jpg,1500 RPM,25.6 dB,White,360 mm,
ARCTIC Alpine 64 Pro Rev 2,https://pcpartpicker.com/product/bZTmP6/arctic-alpine-64-pro-rev-2-367-cfm-cpu-cooler-acalp64-pro,https://cdna.pcpartpicker.com/static/forever/images/product/ae5768109607121fbefcaf315745b7e6.med.256p.jpg,500 - 2000 RPM,,,,
Corsair A70,https://pcpartpicker.com/product/HQW9TW/corsair-cpu-cooler-cafa70,https://m.media-amazon.com/images/I/51u+wJlaO+L.jpg,1600 - 2000 RPM,26 - 31.5 dB,,,
Zalman CNPS5X Performa,https://pcpartpicker.com/product/6yMFf7/zalman-cpu-cooler-cnps5xperforma,https://cdna.pcpartpicker.com/static/forever/images/product/3bc3595d2e2398df3c7fc2ae3dbdff55.256p.jpg,1400 - 2800 RPM,20 - 32 dB,,,
Phanteks PH-TC14PE_BK,https://pcpartpicker.com/product/wdkD4D/phanteks-cpu-cooler-phtc14pebk,https://cdna.pcpartpicker.com/static/forever/images/product/fa5646a92b3363b1527e74c627539bf8.256p.jpg,900 - 1200 RPM,13.4 - 19 dB,,,
Cooler Master Nepton 140XL,https://pcpartpicker.com/product/WMR48d/cooler-master-nepton-140xl-1225-cfm-liquid-cpu-cooler-rl-n14x-20pk-r1,https://cdna.pcpartpicker.com/static/forever/images/product/e15495cf5e56cdf19edc31faf89caa53.med.256p.jpg,2000 RPM,21 - 39 dB,,140 mm,
Deepcool ICE BLADE 200M,https://pcpartpicker.com/product/9LW9TW/deepcool-cpu-cooler-iceblade200m,https://cdna.pcpartpicker.com/static/forever/images/product/f51d04f26a306a66e20be323833ba5b8.256p.jpg,2200 RPM,17.8 - 30.1 dB,,,
Corsair H110i GT,https://pcpartpicker.com/product/ZVnG3C/corsair-h110i-gt-113-cfm-liquid-cpu-cooler-cw-9060019-ww,https://m.media-amazon.com/images/I/41ordFIqnWL.jpg,2100 RPM,43 dB,,280 mm,
ARCTIC Alpine 11 GT Rev 2,https://pcpartpicker.com/product/yFdFf7/arctic-cooling-cpu-cooler-ucacoap112gbb01,https://cdna.pcpartpicker.com/static/forever/images/product/7b0b00f4a273bb5aa186234210ef27c4.256p.jpg,2000 RPM,22.5 dB,,,
ARCTIC Alpine M1 - Passive,https://pcpartpicker.com/product/KK4NnQ/arctic-cooling-cpu-cooler-acalp00005a,https://m.media-amazon.com/images/I/417tkIgAt3L.jpg,,0 dB,,,
Cooler Master MasterAir Maker 8,https://pcpartpicker.com/product/7sL7YJ/cooler-master-cpu-cooler-mazt8pn418prr1,https://cdna.pcpartpicker.com/static/forever/images/product/2908876b5ae8311b21f5b731e5af16e1.256p.jpg,600 - 1800 RPM,8 - 24 dB,,,
NZXT Kraken X42,https://pcpartpicker.com/product/8Lwqqs/nzxt-kraken-x42-liquid-cpu-cooler-rl-krx42-01,https://cdna.pcpartpicker.com/static/forever/images/product/7848e3368a39a7de0fae04fb7340e924.256p.jpg,500 - 1800 RPM,21 - 38 dB,,140 mm,
Alpenföhn Brocken ECO,https://pcpartpicker.com/product/xQnG3C/alpenfohn-brocken-eco-654-cfm-cpu-cooler-84000000106,https://cdna.pcpartpicker.com/static/forever/images/product/d91b5a02a7f04579f0ecac1ad3f45aab.256p.jpg,500 - 1500 RPM,4.6 - 27.3 dB,,,
Cooler Master Hyper 212 LED Turbo (Black),https://pcpartpicker.com/product/vYDzK8/cooler-master-hyper-212-led-turbo-black-663-cfm-cpu-cooler-rr-212tk-16pr-r1,https://cdna.pcpartpicker.com/static/forever/images/product/1cfa5394aded76ecec7668a6d50b3194.256p.jpg,600 - 1600 RPM,9 - 31 dB,,,
Deepcool GAMMAXX 300 R,https://pcpartpicker.com/product/GHVBD3/deepcool-gammaxx-300-r-40-cfm-cpu-cooler-gammaxx-300-r,https://cdna.pcpartpicker.com/static/forever/images/product/847ea8ee9dd5410dcb732f42d0717168.256p.jpg,900 - 1600 RPM,17.8 - 21 dB,,,
Deepcool Gamerstorm Captain 240 PRO,https://pcpartpicker.com/product/H8tQzy/deepcool-gamerstorm-captain-240-pro-6934-cfm-liquid-cpu-cooler-captain-240-pro,https://cdna.pcpartpicker.com/static/forever/images/product/5927e872f1f2947b0213ab13429457c5.256p.jpg,500 - 1800 RPM,30 dB,Black,240 mm,
ARCTIC Alpine AM4,https://pcpartpicker.com/product/yn3H99/arctic-alpine-am4-cpu-cooler-acalp00025a,https://cdna.pcpartpicker.com/static/forever/images/product/194f7265320e6f3b06792fc55ee7d6dc.256p.jpg,100 - 2000 RPM,,Black / White,,
ID-COOLING IS-30,https://pcpartpicker.com/product/7XsnTW/id-cooling-is-30-40-cfm-cpu-cooler-is-30,https://m.media-amazon.com/images/I/41Obi1s+XjL.jpg,800 - 3600 RPM,17 - 35.8 dB,,,
Deepcool GAMERSTORM CAPTAIN 240X,https://pcpartpicker.com/product/v89tt6/deepcool-gamerstorm-captain-240x-644-cfm-liquid-cpu-cooler-captain-240x,https://cdna.pcpartpicker.com/static/forever/images/product/566432fc5b87625f1e895fabd8c15cf0.256p.jpg,500 - 1800 RPM,32.1 dB,Black,240 mm,
Cooler Master Hyper 212 LED Turbo White Edition,https://pcpartpicker.com/product/jdWBD3/cooler-master-hyper-212-led-turbo-white-edition-663-cfm-cpu-cooler-rr-212tw-16pw-r1,https://cdna.pcpartpicker.com/static/forever/images/product/96a583c2559c54b1358546e847f987d5.256p.jpg,600 - 1600 RPM,9 - 31 dB,White,,
ID-COOLING ZOOMFLOW X,https://pcpartpicker.com/product/LJzFf7/id-cooling-zoomflow-x-62-cfm-liquid-cpu-cooler-zoomflow-360x-argb,https://m.media-amazon.com/images/I/411JIWUInwL.jpg,700 - 1500 RPM,18 - 26.4 dB,Black,360 mm,
Deepcool CASTLE 120R,https://pcpartpicker.com/product/gscG3C/deepcool-castle-120r-664-cfm-liquid-cpu-cooler-dp-gs-h12-csl120r,https://cdna.pcpartpicker.com/static/forever/images/product/a3aa19d6a4e092c38761686a49340014.256p.jpg,500 - 1800 RPM,32 dB,Black,120 mm,
Vetroo U6 Pro,https://pcpartpicker.com/product/h7Z9TW/vetroo-u6-pro-582-cfm-cpu-cooler-vt-cpu-u6pro-bk,https://cdna.pcpartpicker.com/static/forever/images/product/02b7826b490055dc815e7e7b33446f89.256p.jpg,700 - 1500 RPM,18.1 - 30.5 dB,Black,,
GAMDIAS BOREAS E1,https://pcpartpicker.com/product/Y7Z9TW/gamdias-boreas-e1-702-cfm-cpu-cooler-boreas-e1-410-wh,https://cdna.pcpartpicker.com/static/forever/images/product/f47664b274ce97964ffa641a93f22beb.256p.jpg,800 - 2000 RPM,10 - 31 dB,Black / Silver,,50.16
GAMDIAS CHIONE E2,https://pcpartpicker.com/product/sgpzK8/gamdias-chione-e2-67-cfm-liquid-cpu-cooler-chione-e2-120r,https://m.media-amazon.com/images/I/41+q4saqDDL.jpg,800 - 1800 RPM,,Black,120 mm,
ID-COOLING SE-226-XT,https://pcpartpicker.com/product/rgfnTW/id-cooling-se-226-xt-682-cfm-cpu-cooler-se-226-xt-argb,https://m.media-amazon.com/images/I/51zed7KC0uL.jpg,500 - 1500 RPM,13.8 - 30.5 dB,Black,,
ID-COOLING IS-55 ARGB,https://pcpartpicker.com/product/vWFbt6/id-cooling-is-55-argb-546-cfm-cpu-cooler-is-55-argb-white,https://cdna.pcpartpicker.com/static/forever/images/product/a99b9e6c09585ca2af062f018edbe6b7.256p.jpg,500 - 2000 RPM,31.2 dB,White,,
ID-COOLING AURAFLOW X 240 EVO SNOW,https://pcpartpicker.com/product/d6Gbt6/id-cooling-auraflow-x-240-evo-snow-745-cfm-liquid-cpu-cooler-auraflow-x-240-evo-snow,https://cdna.pcpartpicker.com/static/forever/images/product/3aedf07bc66d3fac93185bde831e4582.256p.jpg,700 - 1800 RPM,18 - 35.2 dB,White,240 mm,
Cougar FORZA 85,https://pcpartpicker.com/product/JfNxFT/cougar-forza-85-8248-cfm-cpu-cooler-forza-85,https://cdna.pcpartpicker.com/static/forever/images/product/df62bb40cebf45167cd86006972cce80.256p.jpg,600 - 2000 RPM,34.5 dB,Black,,
Thermalright Frozen Magic Scenic V2,https://pcpartpicker.com/product/cxxxFT/thermalright-frozen-magic-scenic-v2-1104-cfm-liquid-cpu-cooler-frozen-magic-280-scenic-v2,https://m.media-amazon.com/images/I/41t88OcBMBL.jpg,2000 RPM,31.4 dB,White,280 mm,
ID-COOLING IS-40X V3,https://pcpartpicker.com/product/TctLrH/id-cooling-is-40x-v3-46-cfm-cpu-cooler-is-40x-v3-white,https://cdna.pcpartpicker.com/static/forever/images/product/7f3189e450ecaf792956a64bb1355092.256p.jpg,800 - 2800 RPM,35.2 dB,White,,
ID-COOLING SE-206-XT,https://pcpartpicker.com/product/b9ZXsY/id-cooling-se-206-xt-7616-cfm-cpu-cooler-se-206-xt,https://cdna.pcpartpicker.com/static/forever/images/product/f66e64d023f71899ee81c7a42d35c282.256p.jpg,700 - 1800 RPM,35.2 dB,Black / Silver,,
LevelPlay CL360 ARGB,https://pcpartpicker.com/product/DHTFf7/levelplay-cl360-argb-53-cfm-liquid-cpu-cooler-lrw-m13nn-18apn-gn1,/static/forever/img/no-image.png,,0 - 26 dB,Black,360 mm,
Deepcool AK500 G2,https://pcpartpicker.com/product/nrXMnQ/deepcool-ak500-g2-634-cfm-cpu-cooler-r-ak500g2-whnnmn-gjd,https://cdna.pcpartpicker.com/static/forever/images/product/08912f515992ce79b5b11442a4650b6f.256p.jpg,2200 RPM,31.45 dB,White / Brown,,
ARCTIC Freezer 50,https://pcpartpicker.com/product/HtzFf7/arctic-freezer-50-cpu-cooler-acfre00065a,https://m.media-amazon.com/images/I/41nP4iPh5WL.jpg,200 - 1800 RPM,,Black,,
In Win Nebula NR36,https://pcpartpicker.com/product/z6Gbt6/in-win-nebula-nr36-8296-cfm-liquid-cpu-cooler-iw-lc-nr36,https://m.media-amazon.com/images/I/41AZ8MPcxBL.jpg,400 - 1800 RPM,25 dB,Black / White,360 mm,99.99
Silverstone NT07-AM2,https://pcpartpicker.com/product/6PBv6h/silverstone-cpu-cooler-nt07am2,https://m.media-amazon.com/images/I/51ydXBIJi4L.jpg,1500 - 2500 RPM,15 - 25 dB,,,20.78
Zalman CNPS17X,https://pcpartpicker.com/product/xzpmP6/zalman-cnps17x-61-cfm-cpu-cooler-cnps17x,https://cdna.pcpartpicker.com/static/forever/images/product/9f88ffca0119528a6c50388144eeae8a.256p.jpg,800 - 1500 RPM,29 dB,Black / Silver,,28.97
YEYIAN VATN ARGB 240,https://pcpartpicker.com/product/w826Mp/yeyian-vatn-argb-240-75-cfm-liquid-cpu-cooler-yts-240dl-01,https://cdna.pcpartpicker.com/static/forever/images/product/f9c57df94144d75ef3501aa36fd21d21.256p.jpg,800 - 2000 RPM,25 - 32 dB,Black,240 mm,
Xilence M403PRO.W.ARGB,https://pcpartpicker.com/product/kMhv6h/xilence-m403prowargb-615-cfm-cpu-cooler-xc229,https://m.media-amazon.com/images/I/419iJ47EZ9L.jpg,500 - 1800 RPM,14.2 - 25.6 dB,White,,
SilenX EFZ-100HA2,https://pcpartpicker.com/product/yFV48d/silenx-cpu-cooler-efz100ha2,https://m.media-amazon.com/images/I/51no-B4NYfL.jpg,2400 RPM,8 - 24 dB,,,21.82
Dynatron R27,https://pcpartpicker.com/product/7syFf7/dynatron-cpu-cooler-r27,https://m.media-amazon.com/images/I/51L+rtf3YML.jpg,1000 - 3800 RPM,16 - 43.4 dB,,,47.95
YEYIAN VATN ARGB 360,https://pcpartpicker.com/product/DhwmP6/yeyian-vatn-argb-360-75-cfm-liquid-cpu-cooler-ytt-360al-01,https://cdna.pcpartpicker.com/static/forever/images/product/5e9eb7cf9ab5e2d738ca9b3d4af0fe2d.256p.jpg,800 - 2000 RPM,25 - 32 dB,Black,360 mm,99.99
TUNIQ Tower 120 Extreme,https://pcpartpicker.com/product/rHH323/tuniq-cpu-cooler-crt120exbkrv1,https://images-na.ssl-images-amazon.com/images/I/51pnRRcFM3L.jpg,1000 - 2000 RPM,16 - 20 dB,,,
Phanteks PH-TC12DX,https://pcpartpicker.com/product/mjdqqs/phanteks-cpu-cooler-phtc12dx,https://m.media-amazon.com/images/I/513HW5rntJL.jpg,600 - 1800 RPM,21.9 - 27.6 dB,,,
Dynatron R24,https://pcpartpicker.com/product/CKfp99/dynatron-cpu-cooler-r24,/static/forever/img/no-image.png,1500 - 7000 RPM,16 - 47.5 dB,,,
be quiet! Dark Rock Pro 2,https://pcpartpicker.com/product/DJh9TW/be-quiet-cpu-cooler-bk017,https://m.media-amazon.com/images/I/51vqCgSIhbL.jpg,1500 - 1700 RPM,13.5 - 26.4 dB,,,
Thermalright AXP-100,https://pcpartpicker.com/product/PCGkcf/thermalright-axp-100-445-cfm-ball-bearing-cpu-cooler-axp-100,https://m.media-amazon.com/images/I/41kyD+HkYfL.jpg,900 - 2500 RPM,22 - 30 dB,,,
be quiet! Shadow Rock Slim,https://pcpartpicker.com/product/Zr2kcf/be-quiet-cpu-cooler-bk010,https://cdna.pcpartpicker.com/static/forever/images/product/91e08716afd77f6e300b474fd7dd821a.256p.jpg,400 - 1400 RPM,11.5 - 23.7 dB,,,
Thermalright Le Grand Macho RT,https://pcpartpicker.com/product/B8rcCJ/thermalright-le-grand-macho-rt-736-cfm-cpu-cooler-le-grand-macho-rt,https://cdna.pcpartpicker.com/static/forever/images/product/2deff7c3f97ff5f3eb594951aaf19721.256p.jpg,300 - 1300 RPM,14 - 20 dB,,,
Cooler Master MasterLiquid Pro 140,https://pcpartpicker.com/product/f9p323/cooler-master-masterliquid-pro-140-6421-cfm-liquid-cpu-cooler-mly-d14m-a22mb-r1,https://cdna.pcpartpicker.com/static/forever/images/product/023e4d9630cd068a2b768433882f16a3.256p.jpg,650 - 2000 RPM,6 - 30 dB,,140 mm,
ID-COOLING FROSTFLOW+ 120,https://pcpartpicker.com/product/tLDJ7P/id-cooling-frostflow-120-745-cfm-liquid-cpu-cooler-frostflow-120,https://cdna.pcpartpicker.com/static/forever/images/product/6a0247a47943f1dd3cdfd535ced59ba1.256p.jpg,700 - 1800 RPM,18 - 35.2 dB,Black / White,120 mm,
SilentiumPC Spartan 3 LT HE1012,https://pcpartpicker.com/product/dmVD4D/silentiumpc-spartan-3-lt-he1012-cpu-cooler-spc145,https://images-eu.ssl-images-amazon.com/images/I/51YLI8LJxUL.jpg,800 - 2000 RPM,,Black / Silver,,
Jonsbo HP-400,https://pcpartpicker.com/product/nYWBD3/jonsbo-hp-400-483-cfm-cpu-cooler-hp-400,https://cdna.pcpartpicker.com/static/forever/images/product/37f9cebb4ae2c0e592c07f3329e85ca9.256p.jpg,800 - 3000 RPM,14 - 33 dB,Blue / White,,
Enermax ETS-T50 AXE ARGB,https://pcpartpicker.com/product/jj2bt6/enermax-ets-t50-axe-argb-7132-cfm-cpu-cooler-ets-t50a-bk-argb,https://cdna.pcpartpicker.com/static/forever/images/product/6a125fe25e38a4cf5c575beccbb64476.256p.jpg,500 - 1600 RPM,14 - 24 dB,Black,,
Fractal Design Celsius+ S24 Dynamic X2 PWM,https://pcpartpicker.com/product/CGtKHx/fractal-design-celsius-s24-dynamic-x2-pwm-876-cfm-liquid-cpu-cooler-fd-w-2-s2401,https://cdna.pcpartpicker.com/static/forever/images/product/529aaa9ce6a2a5abd071e47a600170bf.256p.jpg,500 - 2000 RPM,32.2 dB,Black,240 mm,
ID-COOLING SE-224-XT RGB,https://pcpartpicker.com/product/mHsnTW/id-cooling-se-224-xt-rgb-565-cfm-cpu-cooler-se-224-xt-rgb,https://m.media-amazon.com/images/I/51N9ZWfCFkL.jpg,900 - 2000 RPM,16.2 - 31.5 dB,Black / White,,
Thermalright AXP-90R,https://pcpartpicker.com/product/dxstt6/thermalright-axp-90r-co-4258-cfm-cpu-cooler-axp-90r-co,https://m.media-amazon.com/images/I/51h8nvxbgdS.jpg,2700 RPM,22.4 dB,Orange / Red,,
Alpenföhn Glacier Water 240 High Speed,https://pcpartpicker.com/product/kh7G3C/alpenfohn-glacier-water-240-high-speed-779-cfm-liquid-cpu-cooler-84000000181,https://cdna.pcpartpicker.com/static/forever/images/product/098791b98bf7459610ce1e41e4c0e88b.256p.jpg,500 - 2200 RPM,36.8 dB,Black,240 mm,219.20
GAMDIAS CHIONE M2,https://pcpartpicker.com/product/vcmmP6/gamdias-chione-m2-67-cfm-liquid-cpu-cooler-chione-m2-240r,https://m.media-amazon.com/images/I/41BrDAGkbfL.jpg,800 - 1800 RPM,,Black,240 mm,
Azza Blizzard SP 360,https://pcpartpicker.com/product/mf4Ycf/azza-blizzard-sp-360-621-cfm-liquid-cpu-cooler-lcaz-360r-argb-sp,https://cdna.pcpartpicker.com/static/forever/images/product/0587f89a8f5565cb5f8145613138626d.256p.jpg,700 - 2200 RPM,36 dB,Black,360 mm,
Phanteks Glacier One 240 T30,https://pcpartpicker.com/product/XWqPxr/phanteks-glacier-one-240-t30-101-cfm-liquid-cpu-cooler-ph-go240t30_dag,https://cdna.pcpartpicker.com/static/forever/images/product/7d906449016082ffd8c9a54fc4ed8b69.256p.jpg,1200 - 3000 RPM,11.1 - 39.7 dB,Gray,240 mm,
Thermaltake TH360 ARGB Sync,https://pcpartpicker.com/product/N9VG3C/thermaltake-th360-argb-sync-5928-cfm-liquid-cpu-cooler-cl-w300-pl12sw-a,https://m.media-amazon.com/images/I/410aqaV-1ZL.jpg,1500 RPM,28.2 dB,Black,360 mm,
ID-COOLING DK-03 RAINBOW,https://pcpartpicker.com/product/K4cG3C/id-cooling-dk-03-rainbow-615-cfm-cpu-cooler-dk-03-rainbow,https://cdna.pcpartpicker.com/static/forever/images/product/60928f1212341ab9f4dded1e3824fa93.256p.jpg,500 - 1800 RPM,14.2 - 25.6 dB,,,
ID-COOLING IS-20i,https://pcpartpicker.com/product/gJcG3C/id-cooling-is-20i-218-cfm-cpu-cooler-is-20i,https://cdna.pcpartpicker.com/static/forever/images/product/a33a1345cbe38594d736aa9392fdba40.256p.jpg,800 - 2700 RPM,14 - 23 dB,,,
Xilence M705D,https://pcpartpicker.com/product/vb26Mp/xilence-m705d-cpu-cooler-m705d,https://m.media-amazon.com/images/I/411z5vE7QqL.jpg,700 - 1600 RPM,18 - 32.5 dB,Black,,69.76
Jonsbo CR-1000 EVO Color White,https://pcpartpicker.com/product/JrRwrH/jonsbo-cr-1000-evo-color-white-5948-cfm-cpu-cooler-cr-1000-evo-color-white,https://cdna.pcpartpicker.com/static/forever/images/product/38101037d0e40f4127b5baabc16d612e.256p.jpg,600 - 1500 RPM,22 - 32 dB,White,,49.52
Enermax LIQMAXFLO SR 240,https://pcpartpicker.com/product/dcV2FT/enermax-liqmaxflo-sr-240-5803-cfm-liquid-cpu-cooler-elc-lmf240-sf,https://m.media-amazon.com/images/I/31aJwLNmTPL.jpg,500 - 1800 RPM,23.46 dB,Black,240 mm,
ID-COOLING SE-214-XT-RN,https://pcpartpicker.com/product/QbQKHx/id-cooling-se-214-xt-rn-712-cfm-cpu-cooler-se-214-xt-rn,https://cdna.pcpartpicker.com/static/forever/images/product/d491f8cb03b5932342881908091d733c.256p.jpg,600 - 2200 RPM,35 dB,Black / Red,,
Deepcool AG620 Digital ARGB,https://pcpartpicker.com/product/jNV2FT/deepcool-ag620-digital-argb-6788-cfm-cpu-cooler-r-ag620-bkadmn-g-2,/static/forever/img/no-image.png,300 - 1950 RPM,29.4 dB,Black,,
Xilence M704,https://pcpartpicker.com/product/ms26Mp/xilence-m704-70-cfm-cpu-cooler-xc051,https://m.media-amazon.com/images/I/41uRnu3pwmL.jpg,700 - 1600 RPM,18 - 32.5 dB,Red / Black,,51.03
GAMDIAS BOREAS M2-51D,https://pcpartpicker.com/product/4sDQzy/gamdias-boreas-m2-51d-7294-cfm-cpu-cooler-boreas-m2-51d-wh,https://cdna.pcpartpicker.com/static/forever/images/product/04782a0f9597ceb60f4def1701e4f6e1.256p.jpg,800 - 1800 RPM,10 - 32 dB,White,,
Vetroo V360,https://pcpartpicker.com/product/Hp7scf/vetroo-v360-52-cfm-liquid-cpu-cooler-vt-aio-v360-pk,/static/forever/img/no-image.png,800 - 1800 RPM,30.8 dB,Pink,360 mm,
Phanteks PH-TC12ST5_DBK01,https://pcpartpicker.com/product/hzJp99/phanteks-ph-tc12st5_dbk01-8426-cfm-cpu-cooler-ph-tc12st5_dbk01,https://cdna.pcpartpicker.com/static/forever/images/product/1943879f9ed6319bade55ef6d3ad82b3.256p.jpg,400 - 2000 RPM,35.7 dB,,,
Ocypus Delta A40 ARGB,https://pcpartpicker.com/product/BHvD4D/ocypus-delta-a40-argb-73-cfm-cpu-cooler-delta-a40-wh-argb,https://m.media-amazon.com/images/I/31ABc0Py4eL.jpg,500 - 2000 RPM,29 dB,White,,
Jonsbo CR-1400 DV2,https://pcpartpicker.com/product/TNqNnQ/jonsbo-cr-1400-dv2-382-cfm-cpu-cooler-cr-1400-dv2-white,https://cdna.pcpartpicker.com/static/forever/images/product/f6c9bc18ef369dd464e9883b549add42.256p.jpg,800 - 2300 RPM,22.3 - 33.8 dB,White,,
upHere UP1K4,https://pcpartpicker.com/product/BKG2FT/uphere-up1k4-682-cfm-cpu-cooler-up1k4,/static/forever/img/no-image.png,600 - 1650 RPM,25 dB,Black,,
Silverstone AR06,https://pcpartpicker.com/product/sV38TW/silverstone-cpu-cooler-ar06,https://m.media-amazon.com/images/I/51UuijbjFGL.jpg,2500 RPM,20 - 28.3 dB,,,45.84
Jonsbo HX6250,https://pcpartpicker.com/product/p7hv6h/jonsbo-hx6250-902-cfm-cpu-cooler-hx6250,https://cdna.pcpartpicker.com/static/forever/images/product/635c74773b116c7eff7aa830b3a74710.256p.jpg,400 - 1800 RPM,28 - 38 dB,Black,,89.54
upHere E360TC,https://pcpartpicker.com/product/TKG2FT/uphere-e360tc-71-cfm-liquid-cpu-cooler-e360tc,https://m.media-amazon.com/images/I/41X0rX2-DEL.jpg,600 - 1800 RPM,27 dB,White,360 mm,
Antec C40,https://pcpartpicker.com/product/LBVBD3/antec-c40-380-cfm-cpu-cooler-c40,https://cdna.pcpartpicker.com/static/forever/images/product/ebcb48d5dfea438c9f8b999673d66f23.256p.jpg,800 - 2200 RPM,16 - 23 dB,,,
Silverstone IceMyst 420,https://pcpartpicker.com/product/ByRwrH/silverstone-icemyst-420-9329-cfm-liquid-cpu-cooler-sst-im420-argb,https://cdna.pcpartpicker.com/static/forever/images/product/7c6a674b7d9388645b7fda8ef7e1acd2.256p.jpg,400 - 1750 RPM,13.3 - 30.8 dB,Silver / Black,420 mm,
Jonsbo HX6280,https://pcpartpicker.com/product/dDdMnQ/jonsbo-hx6280-8127-cfm-cpu-cooler-hx6280-black,https://cdna.pcpartpicker.com/static/forever/images/product/0144e280615567f7cf1e30c57d7edd28.256p.jpg,800 - 2200 RPM,18.2 - 32.1 dB,Black,,65.00
Alpenföhn Silvretta,https://pcpartpicker.com/product/7qJkcf/alpenfohn-silvretta-471-cfm-cpu-cooler-84000000096,https://cdna.pcpartpicker.com/static/forever/images/product/d4e1d03c4f0d4c658c67647eea116fcc.256p.jpg,800 - 2800 RPM,,,,38.55
ARCTIC Freezer 11 LP,https://pcpartpicker.com/product/FyMFf7/arctic-cooling-cpu-cooler-acfz11lp,https://m.media-amazon.com/images/I/515v5zb1d9L.jpg,900 - 2000 RPM,,,,
Silverstone AR08-V2,https://pcpartpicker.com/product/WyTPxr/silverstone-ar08-v2-495-cfm-cpu-cooler-sst-ar08-v2,https://cdna.pcpartpicker.com/static/forever/images/product/2a9e652ec88e8299ccbd6eb8ff2383b4.256p.jpg,1500 - 2800 RPM,14.1 - 27.7 dB,Blue / White,,
Fractal Design Celsius+ S36 Dynamic X2 PWM,https://pcpartpicker.com/product/ywH8TW/fractal-design-celsius-s36-dynamic-x2-pwm-876-cfm-liquid-cpu-cooler-fd-w-2-s3601,https://cdna.pcpartpicker.com/static/forever/images/product/5a51bc7ba5d80afbc0a0ebc0aad3f0df.256p.jpg,500 - 2000 RPM,32.2 dB,Black,360 mm,
Silverstone HE02,https://pcpartpicker.com/product/qLGkcf/silverstone-cpu-cooler-he02,https://m.media-amazon.com/images/I/51szBSlg-XL.jpg,,,,,
NZXT Kraken X60,https://pcpartpicker.com/product/mpCwrH/nzxt-kraken-x60-983-cfm-liquid-cpu-cooler-kraken-x60,https://images-na.ssl-images-amazon.com/images/I/41AtwmgU2UL.jpg,800 - 2000 RPM,21 - 37 dB,,280 mm,
Cooler Master Nepton 280L,https://pcpartpicker.com/product/6vTmP6/cooler-master-nepton-280l-1225-cfm-liquid-cpu-cooler-rl-n28l-20pk-r1,https://cdna.pcpartpicker.com/static/forever/images/product/1b9a80a10999f2a35d2be3cc634c8bd4.med.256p.jpg,2000 RPM,21 - 39 dB,,280 mm,
Thermalright Macho Rev.B,https://pcpartpicker.com/product/4TCrxr/thermalright-macho-revb-736-cfm-cpu-cooler-macho-revb,https://cdna.pcpartpicker.com/static/forever/images/product/8fa7df270ba6e5d37a1bb5fe3e6cbf3b.256p.jpg,300 - 1300 RPM,15 - 21 dB,,,
Raidmax Cobra 240,https://pcpartpicker.com/product/nbKhP6/raidmax-cpu-cooler-rxcb240,/static/forever/img/no-image.png,500 - 1800 RPM,21.2 dB,,240 mm,
be quiet! Silent Loop 120,https://pcpartpicker.com/product/BzvZxr/be-quiet-silent-loop-120-6551-cfm-liquid-cpu-cooler-bw001,https://cdna.pcpartpicker.com/static/forever/images/product/6e3b4f00908c2674c237e721dd773938.256p.jpg,2000 RPM,16.1 - 36.9 dB,,120 mm,
ARCTIC Freezer 33,https://pcpartpicker.com/product/dqjWGX/arctic-freezer-33-cpu-cooler-acfre00028a,https://m.media-amazon.com/images/I/51uLRYZ6YqL.jpg,,,,,
be quiet! Silent Loop 360,https://pcpartpicker.com/product/v4rcCJ/be-quiet-silent-loop-360-6551-cfm-liquid-cpu-cooler-bw004,https://cdna.pcpartpicker.com/static/forever/images/product/eec366cb1a0b363c966fbbbcd27c1564.256p.jpg,2000 RPM,16.1 - 36.9 dB,,360 mm,
ARCTIC Freezer 12,https://pcpartpicker.com/product/9BNypg/arctic-freezer-12-cpu-cooler-acfre00027a,https://cdna.pcpartpicker.com/static/forever/images/product/2698a7f7ba647d76c7471420e7b87032.256p.jpg,,22.5 dB,,,
ARCTIC Alpine 11 - Passive,https://pcpartpicker.com/product/Dd4NnQ/arctic-alpine-11-passive-fanless-cpu-cooler-acalp00011a,https://m.media-amazon.com/images/I/41O1rkEio3L.jpg,,0 dB,,,
Cooler Master MasterAir MA610P,https://pcpartpicker.com/product/fFWrxr/cooler-master-masterair-ma610p-534-cfm-cpu-cooler-map-t6pn-218pc-r1,https://cdna.pcpartpicker.com/static/forever/images/product/3d20c6aee6d673abe16af30bf0b9fafd.256p.jpg,1800 RPM,35 dB,Black,,
ARCTIC Freezer 33 eSports ONE (Black/Yellow),https://pcpartpicker.com/product/dGfhP6/arctic-freezer-33-esports-one-blackyellow-cpu-cooler-acfre00044a,https://cdna.pcpartpicker.com/static/forever/images/product/64d41382c07dd973eff21f2f72bdad39.256p.jpg,200 - 1800 RPM,24.4 dB,Black / Yellow,,
Enermax ETS-N31-02,https://pcpartpicker.com/product/gzRzK8/enermax-ets-n31-02-328-cfm-cpu-cooler-ets-n31-02,https://cdna.pcpartpicker.com/static/forever/images/product/681623bad5c9610faddde99e58c921ae.256p.jpg,800 - 2000 RPM,24.5 dB,Black / Silver,,
ARCTIC Freezer 34 CO,https://pcpartpicker.com/product/Tjm323/arctic-freezer-34-co-cpu-cooler-acfre00051a,https://cdna.pcpartpicker.com/static/forever/images/product/6c2ed7f0696b9e6b9f7accec2691f33a.256p.jpg,200 - 1800 RPM,,Black / Silver,,
Deepcool GAMMAXX L240,https://pcpartpicker.com/product/J7DJ7P/deepcool-gammaxx-l240-6934-cfm-liquid-cpu-cooler-gammaxx-l240,https://cdna.pcpartpicker.com/static/forever/images/product/21ed10cd2bb7d489fcd3092a574293ff.256p.jpg,500 - 1800 RPM,17.8 dB,Black,240 mm,
Enermax Liqmax III 120 HF,https://pcpartpicker.com/product/6nLwrH/enermax-liqmax-iii-120-hf-901-cfm-liquid-cpu-cooler-elc-lmt120-hf,https://cdna.pcpartpicker.com/static/forever/images/product/0e0280f66268a80e104b3c99a9219ffa.256p.jpg,500 - 2000 RPM,14 - 32 dB,Black,120 mm,
Gigabyte AORUS LIQUID COOLER,https://pcpartpicker.com/product/Dgn8TW/gigabyte-aorus-liquid-cooler-10016-cfm-liquid-cpu-cooler-aorus-liquid-cooler-280,https://m.media-amazon.com/images/I/31jBFIjmAeL.jpg,2300 RPM,22.3 - 44.5 dB,Black,280 mm,
Asus ROG STRIX LC 120 RGB,https://pcpartpicker.com/product/T64BD3/asus-rog-strix-lc-120-rgb-8095-cfm-liquid-cpu-cooler-rog-strix-lc-120-rgb,https://cdna.pcpartpicker.com/static/forever/images/product/ab44824b145b59071a50ff754b1dc552.256p.jpg,800 - 2500 RPM,37.6 dB,Black,120 mm,
PC Cooler GI-D66A,https://pcpartpicker.com/product/c8zFf7/pc-cooler-gi-d66a-72-cfm-cpu-cooler-gi-d66a,https://cdna.pcpartpicker.com/static/forever/images/product/12988c162b590faa2e22820cc961d3a9.256p.jpg,1000 - 2000 RPM,8 - 29.1 dB,Black,,
ADATA XPG LEVANTE 240,https://pcpartpicker.com/product/9Qxbt6/adata-xpg-levante-240-615-cfm-liquid-cpu-cooler-levante240-bkcww,https://cdna.pcpartpicker.com/static/forever/images/product/80cd7af42c217978db714d119d849a5d.256p.jpg,600 - 2000 RPM,34 dB,Black,240 mm,
Deepcool AS500,https://pcpartpicker.com/product/bykWGX/deepcool-as500-7081-cfm-cpu-cooler-r-as500-bknlmn-g,https://cdna.pcpartpicker.com/static/forever/images/product/34732a6da3014a0b85403d64ed05d81f.256p.jpg,500 - 1200 RPM,29.2 dB,Black / Silver,,
Deepcool CASTLE 360EX RGB,https://pcpartpicker.com/product/BMbTwP/deepcool-castle-360ex-rgb-606-cfm-liquid-cpu-cooler-dp-gs-h12-csl360ex-rgb,https://cdna.pcpartpicker.com/static/forever/images/product/43e9e7e89107e40e0f531f62bda0dc35.256p.jpg,500 - 1800 RPM,35 dB,Black,360 mm,
ARCTIC Liquid Freezer II 360 RGB,https://pcpartpicker.com/product/sg3gXL/arctic-liquid-freezer-ii-360-rgb-488-cfm-liquid-cpu-cooler-acfre00097a,https://cdna.pcpartpicker.com/static/forever/images/product/deb8755fd6296e4dfcdaffb19a97a22b.256p.jpg,200 - 1800 RPM,22.5 dB,Black / Gray,360 mm,
Iceberg Thermal IceFLOE T65,https://pcpartpicker.com/product/grWzK8/iceberg-thermal-icefloe-t65-376-cfm-cpu-cooler-icefloe65-00a,https://cdna.pcpartpicker.com/static/forever/images/product/54f4ec87536508efaad874110c6b4930.256p.jpg,1000 - 3000 RPM,31.5 dB,Silver / Teal,,
ID-COOLING SE-207-XT ADVANCED,https://pcpartpicker.com/product/sZNxFT/id-cooling-se-207-xt-advanced-825-cfm-cpu-cooler-se-207-xt-advanced,https://cdna.pcpartpicker.com/static/forever/images/product/4826b2545b3a310be3181662fe62d982.256p.jpg,700 - 1800 RPM,15.2 - 35.2 dB,,,
ID-COOLING AURAFLOW X 240 EVO,https://pcpartpicker.com/product/yfXJ7P/id-cooling-auraflow-x-240-evo-745-cfm-liquid-cpu-cooler-auraflow-x-240-evo,https://cdna.pcpartpicker.com/static/forever/images/product/b6c275a4bde48e0cd0ea0a3251366770.256p.jpg,700 - 1800 RPM,18 - 35.2 dB,Black,240 mm,
MSI MAG CORELIQUID C240 EVA e-PROJECT,https://pcpartpicker.com/product/sr8bt6/msi-mag-coreliquid-c240-eva-e-project-7873-cfm-liquid-cpu-cooler-mag-coreliquid-c240-eva-e-project,https://cdna.pcpartpicker.com/static/forever/images/product/75bd55f889fba20a3e31d24878d83ec6.256p.jpg,500 - 2000 RPM,14.3 - 34.3 dB,Black,240 mm,
EK EK-Nucleus AIO CR360 Vision D-RGB,https://pcpartpicker.com/product/qhD7YJ/ek-ek-nucleus-aio-cr360-vision-d-rgb-77-cfm-liquid-cpu-cooler-ek-nucleus-aio-cr360-vision-d-rgb,https://cdna.pcpartpicker.com/static/forever/images/product/52624065b16e8a5a7414408cb2f79737.256p.jpg,500 - 2200 RPM,33.5 dB,Black,360 mm,
Jonsbo CR-1000 GT,https://pcpartpicker.com/product/3RkH99/jonsbo-cr-1000-gt-6681-cfm-cpu-cooler-cr-1000-gt,https://cdna.pcpartpicker.com/static/forever/images/product/d28a12e7dd9d4d0a562427bfff59f3d8.256p.jpg,700 - 1800 RPM,20.55 - 37.2 dB,Black,,
Deepcool GAMMAXX 400 XT,https://pcpartpicker.com/product/Rh3NnQ/deepcool-gammaxx-400-xt-565-cfm-cpu-cooler-dp-mch4-gmx400-xt-wh,https://cdna.pcpartpicker.com/static/forever/images/product/6967d85bb203855cb4da5521831fc987.256p.jpg,500 - 1500 RPM,27 dB,White,,
Sapphire NITRO+ S240-A,https://pcpartpicker.com/product/hWcgXL/sapphire-nitro-s240-a-liquid-cpu-cooler-4n005-01-20g,https://m.media-amazon.com/images/I/41DGcumcaXL.jpg,405 - 2400 RPM,17.9 - 36.2 dB,Black / Silver,240 mm,
Thermalright Frozen Magic EX,https://pcpartpicker.com/product/h7sV3C/thermalright-frozen-magic-ex-82-cfm-liquid-cpu-cooler-frozen-magic-ex-360,https://cdna.pcpartpicker.com/static/forever/images/product/89b2e226ea68ac597875b3b55b766295.256p.jpg,1850 RPM,29.6 dB,Black,360 mm,
Thermalright Core Matrix,https://pcpartpicker.com/product/h4P8TW/thermalright-core-matrix-69-cfm-liquid-cpu-cooler-core-matrix-240-black,https://cdna.pcpartpicker.com/static/forever/images/product/f624ec504d9b165c4e9d60ebaae01367.256p.jpg,2150 RPM,27 dB,Black,240 mm,
ID-COOLING DASHFLOW XT,https://pcpartpicker.com/product/YDdG3C/id-cooling-dashflow-xt-85-cfm-liquid-cpu-cooler-dashflow-360-xt,https://cdna.pcpartpicker.com/static/forever/images/product/492b39b8dfafb503a2d2a493a85b9920.256p.jpg,900 - 2000 RPM,32.5 dB,Black,360 mm,
ID-COOLING FX360,https://pcpartpicker.com/product/Rmhv6h/id-cooling-fx360-7616-cfm-liquid-cpu-cooler-fx360,/static/forever/img/no-image.png,700 - 1800 RPM,35.2 dB,Black,360 mm,
ID-COOLING SE-802-SD V3,https://pcpartpicker.com/product/DgcgXL/id-cooling-se-802-sd-v3-287-cfm-cpu-cooler-se-802-sd-v3,https://cdna.pcpartpicker.com/static/forever/images/product/ebec1457f991b91763d6accacab10072.256p.jpg,2200 RPM,23.3 dB,Black / Silver,,
BitFenix Cube ARGB,https://pcpartpicker.com/product/VV9wrH/bitfenix-cube-argb-60-cfm-liquid-cpu-cooler-bfw-aio-240-ww27a-rp,https://cdna.pcpartpicker.com/static/forever/images/product/bf00de108ed10968b0fb51297256b21f.256p.jpg,2000 RPM,34 dB,White,240 mm,
ID-COOLING BLITZ X4,https://pcpartpicker.com/product/Gx4Zxr/id-cooling-blitz-x4-648-cfm-cpu-cooler-blitz-x4,https://m.media-amazon.com/images/I/41u7TtnDAfL.jpg,500 - 1500 RPM,26.6 dB,Black / Silver,,
Cougar Poseidon Elite ARGB 240,https://pcpartpicker.com/product/PK4Pxr/cougar-poseidon-elite-argb-240-6253-cfm-liquid-cpu-cooler-3mpsd2400002,https://cdna.pcpartpicker.com/static/forever/images/product/26c9bff51a8767d6abbbc4e8d34c3927.256p.jpg,500 - 2200 RPM,33.5 dB,White,240 mm,109.69
Thermalright Assassin Spirit 120,https://pcpartpicker.com/product/QmgZxr/thermalright-assassin-spirit-120-6617-cfm-cpu-cooler-assassin-spirit-120,/static/forever/img/no-image.png,1500 RPM,25.6 dB,Gray / Silver,,
ABKONCORE CT408,https://pcpartpicker.com/product/rpBFf7/abkoncore-ct408-607-cfm-cpu-cooler-ct408,/static/forever/img/no-image.png,800 - 1650 RPM,33 dB,Black,,
LevelPlay Combat Liquid 360 SE,https://pcpartpicker.com/product/dQsMnQ/levelplay-combat-liquid-360-se-liquid-cpu-cooler-krw-s13nn-20apn-gw1,/static/forever/img/no-image.png,800 - 2000 RPM,6 - 35 dB,White,360 mm,
Thermaltake TOUGHLIQUID Ultra RGB,https://pcpartpicker.com/product/cYrqqs/thermaltake-toughliquid-ultra-rgb-107-cfm-liquid-cpu-cooler-cl-w371-pl14sw-a,https://cdna.pcpartpicker.com/static/forever/images/product/cc9deab18bb1633d7197db7e6fa7575e.256p.jpg,500 - 2000 RPM,30.7 dB,Black,280 mm,149.99
SilenX EFZ-92HA3,https://pcpartpicker.com/product/ZcXfrH/silenx-cpu-cooler-efz92ha3,https://m.media-amazon.com/images/I/51EfLj0-NcL.jpg,2000 RPM,8 - 24 dB,,,32.35
Silverstone NT06-PRO-V2,https://pcpartpicker.com/product/6Km323/silverstone-nt06-pro-v2-7397-cfm-cpu-cooler-sst-nt06-pro-v2,https://cdna.pcpartpicker.com/static/forever/images/product/b7dc08bc19a0a190e0e10581bf68a77a.256p.jpg,1000 - 2200 RPM,,Silver / Black,,87.76
Deepcool AK500 G2 DIGITAL NYX,https://pcpartpicker.com/product/NjCCmG/deepcool-ak500-g2-digital-nyx-634-cfm-cpu-cooler-r-ak500g2-bknnmn-gjd-1,/static/forever/img/no-image.png,2200 RPM,31.45 dB,Black,,
Cooler Master Hyper 412S,https://pcpartpicker.com/product/Pf8H99/cooler-master-cpu-cooler-rrh41213fkr1,https://cdna.pcpartpicker.com/static/forever/images/product/08dda7c0f42d7e4474eb06fa881c6692.256p.jpg,900 - 1300 RPM,16.1 - 22.5 dB,,,
GameMax Iceberg 240,https://pcpartpicker.com/product/Tf9tt6/gamemax-iceberg-240-75-cfm-liquid-cpu-cooler-iceberg240,https://cdna.pcpartpicker.com/static/forever/images/product/228d508232de5cde29ae7b95f5d7e2f1.256p.jpg,600 - 1800 RPM,25 - 32 dB,Black,240 mm,
Asus ROG Strix LC 120,https://pcpartpicker.com/product/jwqBD3/asus-rog-strix-lc-120-8095-cfm-liquid-cpu-cooler-rog-strix-lc-120,https://cdna.pcpartpicker.com/static/forever/images/product/86e6a70da93bf9d98b938087d2da15dc.256p.jpg,800 - 2500 RPM,37.6 dB,Black,120 mm,
Alphacool Eisbaer Aurora 360,https://pcpartpicker.com/product/rkmFf7/alphacool-eisbaer-aurora-360-615-cfm-liquid-cpu-cooler-11730,https://cdna.pcpartpicker.com/static/forever/images/product/c5068b8558a553ddf086192364c5dff4.256p.jpg,800 - 2000 RPM,,Black,360 mm,
GAMDIAS CHIONE M3,https://pcpartpicker.com/product/XNWzK8/gamdias-chione-m3-702-cfm-liquid-cpu-cooler-chione-m3-240w,https://m.media-amazon.com/images/I/41RJsFGP6aL.jpg,800 - 2000 RPM,,White,240 mm,
Cooler Master MASTERLIQUID PL360 FLUX,https://pcpartpicker.com/product/ZqHqqs/cooler-master-masterliquid-pl360-flux-7237-cfm-liquid-cpu-cooler-mly-d36m-a23pz-rw,https://cdna.pcpartpicker.com/static/forever/images/product/ecaa83ef67adbb84bb3116c00d61cde8.256p.jpg,,32 dB,White,360 mm,
Valkyrie VIND SL125,https://pcpartpicker.com/product/yKMMnQ/valkyrie-vind-sl125-80-cfm-cpu-cooler-vk-sl125-valkyrie,/static/forever/img/no-image.png,800 - 2150 RPM,29 dB,White / Blue,,
MSI MAG CORELIQUID E360 MONSTER HUNTER EDITION,https://pcpartpicker.com/product/6MkH99/msi-mag-coreliquid-e360-monster-hunter-edition-7504-cfm-liquid-cpu-cooler-mag-coreliquid-e360-monster-hunter-edition,https://cdna.pcpartpicker.com/static/forever/images/product/961d28810410ffec1a45000210d2797d.256p.jpg,,,Black,360 mm,
Corsair A50,https://pcpartpicker.com/product/GNh9TW/corsair-cpu-cooler-cafa50,https://images-na.ssl-images-amazon.com/images/I/51%2BJVrLrZmL.jpg,1600 - 2000 RPM,26 - 31.5 dB,,,
Zalman CNPS9700 LED,https://pcpartpicker.com/product/q9mLrH/zalman-cpu-cooler-cnps9700led,https://images-na.ssl-images-amazon.com/images/I/51X2AnpImeL.jpg,1250 - 2800 RPM,19.5 - 35 dB,,,
Xigmatek LOKI SD963,https://pcpartpicker.com/product/rCXfrH/xigmatek-cpu-cooler-lokisd963,https://images-na.ssl-images-amazon.com/images/I/510kGW064iL.jpg,1200 - 2800 RPM,20 - 28 dB,,,
Cooler Master GeminII M4,https://pcpartpicker.com/product/vfw323/cooler-master-cpu-cooler-rrgmm416pkr2,https://m.media-amazon.com/images/I/41S2lwv70CL.jpg,500 - 1600 RPM,8 - 30 dB,,,
NZXT Kraken X40,https://pcpartpicker.com/product/VPZQzy/nzxt-kraken-x40-983-cfm-liquid-cpu-cooler-kraken-x40,https://m.media-amazon.com/images/I/5129UE7iPyL.jpg,800 - 2000 RPM,21 - 37 dB,,140 mm,
Cooler Master DK9-7G52A-0L-GP,https://pcpartpicker.com/product/htPfrH/cooler-master-cpu-cooler-dk97g52a0lgp,https://m.media-amazon.com/images/I/41jx5g1JIoL.jpg,4500 RPM,35 dB,,,
Cooler Master Hyper TX3 Evo,https://pcpartpicker.com/product/vptCmG/cooler-master-cpu-cooler-rrtx3e22pkr1,https://cdna.pcpartpicker.com/static/forever/images/product/e24d0325e59662154c2ce0e8e4c0b245.med.256p.jpg,800 - 2200 RPM,,,,
Titan TTC-NC85TZ(RB),https://pcpartpicker.com/product/bvg323/titan-cpu-cooler-ttcnc85tzrb,https://images-eu.ssl-images-amazon.com/images/I/61t1dCBifmL.jpg,210 - 2100 RPM,28.8 dB,,,48.89
CRYORIG R1 Ultimate,https://pcpartpicker.com/product/xFw323/cryorig-r1-ultimate-76-cfm-cpu-cooler-cr-r1a,https://cdna.pcpartpicker.com/static/forever/images/product/0813d0f779beeb25bcebaa55afc1e27a.256p.jpg,700 - 1300 RPM,23 dB,,,
RAIJINTEK TRITON,https://pcpartpicker.com/product/gxFXsY/raijintek-triton-10046-cfm-sleeve-bearing-liquid-cpu-cooler-0r100018,https://cdna.pcpartpicker.com/static/forever/images/product/1cbf947a0309875dac9e80b3bd97c26c.256p.jpg,1000 - 2600 RPM,21.6 - 36.6 dB,,240 mm,
Thermaltake Water 3.0 Extreme S,https://pcpartpicker.com/product/7J7CmG/thermaltake-water-30-extreme-s-99-cfm-liquid-cpu-cooler-clw0224-b,https://cdna.pcpartpicker.com/static/forever/images/product/6a74734c45190bb1d10a3f2836900b6f.med.256p.jpg,1000 - 2000 RPM,20 dB,,240 mm,
Deepcool CAPTAIN 360,https://pcpartpicker.com/product/6qs8TW/deepcool-captain-360-27336-cfm-fluid-dynamic-bearing-liquid-cpu-cooler-captain-360,https://cdna.pcpartpicker.com/static/forever/images/product/8dbebf5a4a571e4f26ad9390512e1149.256p.jpg,600 - 2200 RPM,17.6 - 39.29 dB,,360 mm,
Phanteks PH-TC12LS_BK,https://pcpartpicker.com/product/8t648d/phanteks-ph-tc12ls_bk-533-cfm-cpu-cooler-ph-tc12ls_bk,https://cdna.pcpartpicker.com/static/forever/images/product/85e53d129b8c91fc6112acd15ecd07e7.256p.jpg,500 - 1800 RPM,25 dB,,,
Cooler Master Hyper 103,https://pcpartpicker.com/product/c3Crxr/cooler-master-cpu-cooler-rrh10322pbr1,https://m.media-amazon.com/images/I/410XCu2HeYL.jpg,800 - 2200 RPM,17 - 30 dB,,,
ARCTIC Alpine M1,https://pcpartpicker.com/product/qPnG3C/arctic-cooling-cpu-cooler-acalp00006a,https://m.media-amazon.com/images/I/41m5vucYbNL.jpg,750 RPM,20.5 dB,,,
Thermaltake Water 3.0 Riing RGB 360,https://pcpartpicker.com/product/NqmxFT/thermaltake-water-30-riing-rgb-360-406-cfm-liquid-cpu-cooler-cl-w108-pl12sw-a,https://m.media-amazon.com/images/I/51D6ze+ovuL.jpg,800 - 1500 RPM,26.4 dB,,360 mm,
Deepcool CAPTAIN 120 EX,https://pcpartpicker.com/product/GjH48d/deepcool-captain-120-ex-7652-cfm-liquid-cpu-cooler-captain-120-ex,https://cdna.pcpartpicker.com/static/forever/images/product/6fc676c8853976b9dd8c042f98133ea2.256p.jpg,500 - 1800 RPM,17.6 - 31.3 dB,,120 mm,
Antec C400,https://pcpartpicker.com/product/GRWrxr/antec-c400-770-cfm-cpu-cooler-c400,https://cdna.pcpartpicker.com/static/forever/images/product/effe6f5707bb2aec52589381afb577ac.256p.jpg,800 - 1900 RPM,20.3 - 34.5 dB,,,
Enermax LiqTech TR4 360,https://pcpartpicker.com/product/Qzqbt6/enermax-liqtech-tr4-360-10217-cfm-liquid-cpu-cooler-elc-lttr360-tbp,https://cdna.pcpartpicker.com/static/forever/images/product/ecdcf09ce39aea1ed0c41e9b2dda41c4.256p.jpg,500 - 2300 RPM,14 - 28 dB,,360 mm,
EVGA CLC 120 CL11,https://pcpartpicker.com/product/FTDJ7P/evga-clc-120-cl11-5887-cfm-liquid-cpu-cooler-400-hy-cl11-v1,https://images-eu.ssl-images-amazon.com/images/I/41Sb0LQL0ML.jpg,1800 RPM,32.1 dB,,120 mm,
Cooler Master Hyper H410R,https://pcpartpicker.com/product/JtBTwP/cooler-master-hyper-h410r-341-cfm-cpu-cooler-rr-h410-20pk-r1,https://cdna.pcpartpicker.com/static/forever/images/product/dca6c2cc3412467138089478ed11141b.256p.jpg,600 - 2000 RPM,29.4 dB,Black / Red,,
ARCTIC Alpine AM4 LP,https://pcpartpicker.com/product/PpZFf7/arctic-alpine-am4-lp-cpu-cooler-acalp00023a,https://m.media-amazon.com/images/I/41lz8GT4m3L.jpg,100 - 2000 RPM,,Black / White,,
Deepcool CASTLE 240EX,https://pcpartpicker.com/product/q32bt6/deepcool-castle-240ex-644-cfm-liquid-cpu-cooler-castle-240ex,/static/forever/img/no-image.png,500 - 1800 RPM,32.1 dB,Black,240 mm,
GameMax Iceberg 120,https://pcpartpicker.com/product/zrVG3C/gamemax-iceberg-120-75-cfm-liquid-cpu-cooler-iceberg120,https://cdna.pcpartpicker.com/static/forever/images/product/ea0c22fc54dbbe0e984d7dd239b9a1cb.256p.jpg,600 - 1800 RPM,25 - 32 dB,Black,120 mm,
Asus ROG Strix LC 240,https://pcpartpicker.com/product/ZFgQzy/asus-rog-strix-lc-240-8095-cfm-liquid-cpu-cooler-rog-strix-lc-240,https://cdna.pcpartpicker.com/static/forever/images/product/1e598317057912fa7cbc429221a41026.256p.jpg,800 - 2500 RPM,37.6 dB,Black,240 mm,
Enermax Aquafusion 240,https://pcpartpicker.com/product/qP3mP6/enermax-aquafusion-240-798-cfm-liquid-cpu-cooler-elc-aqf240-sqa,https://cdna.pcpartpicker.com/static/forever/images/product/0251dfba5ec5a140bb0f6ad7c8464c5b.256p.jpg,500 - 2000 RPM,17 - 32.6 dB,Black,240 mm,
Deepcool GAMERSTORM CAPTAIN 240X WHITE,https://pcpartpicker.com/product/XmDkcf/deepcool-gamerstorm-captain-240x-white-644-cfm-liquid-cpu-cooler-captain-240x-white,https://cdna.pcpartpicker.com/static/forever/images/product/229f88c5d1c312dac5c98b7358398556.256p.jpg,500 - 1800 RPM,32.1 dB,White / Black,240 mm,
Deepcool GAMERSTORM CAPTAIN 360X WHITE,https://pcpartpicker.com/product/hDZzK8/deepcool-gamerstorm-captain-360x-white-644-cfm-liquid-cpu-cooler-captain-360x-white,https://cdna.pcpartpicker.com/static/forever/images/product/5071b9c9c3f4127fbdf2e57c2293cf11.256p.jpg,500 - 1800 RPM,32.1 dB,White / Black,360 mm,
Cooler Master MA410P TUF Gaming Edition,https://pcpartpicker.com/product/txQG3C/cooler-master-ma410p-tuf-gaming-edition-667-cfm-cpu-cooler-map-t4pn-afnpc-r1,https://cdna.pcpartpicker.com/static/forever/images/product/ce6307a0639223d80f7235087ca9d259.256p.jpg,650 - 2000 RPM,,Yellow / Black,,
Scythe Katana 5,https://pcpartpicker.com/product/BnpmP6/scythe-katana-5-48878-cfm-cpu-cooler-scktn-5000,https://cdna.pcpartpicker.com/static/forever/images/product/291498a136f945b6331ed9b4a1205afb.256p.jpg,300 - 2300 RPM,7.3 - 28.83 dB,Black / Silver,,
Scythe Mugen 5,https://pcpartpicker.com/product/GZqBD3/scythe-mugen-5-6647-cfm-cpu-cooler-scmg-5102ar,https://cdna.pcpartpicker.com/static/forever/images/product/6baac6ca70069c304f7d776a163fc4f6.256p.jpg,300 - 1500 RPM,4 - 29.75 dB,,,
Deepcool CASTLE 240EX WHITE,https://pcpartpicker.com/product/nGYQzy/deepcool-castle-240ex-white-644-cfm-liquid-cpu-cooler-dp-gs-h12w-csl240exwh,https://cdna.pcpartpicker.com/static/forever/images/product/e3beee691704929456216065b523a51f.256p.jpg,500 - 1800 RPM,32.1 dB,White / Black,240 mm,
Phanteks Glacier One 280MP,https://pcpartpicker.com/product/nLvqqs/phanteks-glacier-one-280mp-9305-cfm-liquid-cpu-cooler-ph-go280mp_dbk01,https://cdna.pcpartpicker.com/static/forever/images/product/6c09f29a16791499ab20a1edd15386f4.256p.jpg,500 - 2000 RPM,18 - 39.1 dB,Black / White,280 mm,
Phanteks Glacier One 360MP,https://pcpartpicker.com/product/NPtKHx/phanteks-glacier-one-360mp-6051-cfm-liquid-cpu-cooler-ph-go360mp_dbk01,https://cdna.pcpartpicker.com/static/forever/images/product/390f0ac63d69d41d847c20dbf8cd74e7.256p.jpg,500 - 2200 RPM,18 - 34.2 dB,Black / White,360 mm,
GameMax Ice Chill 120,https://pcpartpicker.com/product/QXmFf7/gamemax-ice-chill-120-588-cfm-liquid-cpu-cooler-gmx-icechill120,https://cdna.pcpartpicker.com/static/forever/images/product/1cc86941e495a9c2bf5f7a9a0e052549.256p.jpg,800 - 1900 RPM,28.8 dB,Black,120 mm,
ARCTIC Liquid Freezer II 240 RGB,https://pcpartpicker.com/product/CkD7YJ/arctic-liquid-freezer-ii-240-rgb-488-cfm-liquid-cpu-cooler-acfre00098a,https://m.media-amazon.com/images/I/41PV-YAbj9L.jpg,200 - 1800 RPM,22.5 dB,Black / Gray,240 mm,
Thermalright Frost Spirit 140 V3 ARGB,https://pcpartpicker.com/product/LZqPxr/thermalright-frost-spirit-140-v3-argb-778-cfm-cpu-cooler-fs140-v3-white-argb,https://m.media-amazon.com/images/I/51ZjFQLdULL.jpg,1500 RPM,25.6 dB,White,,
GAMDIAS CHIONE P2,https://pcpartpicker.com/product/h8XJ7P/gamdias-chione-p2-69-cfm-liquid-cpu-cooler-chione-p2-360r,https://cdna.pcpartpicker.com/static/forever/images/product/a00dcf973e9ce7900ad661f1f8844cb3.256p.jpg,800 - 1800 RPM,,Black,360 mm,
Thermalright AXP90-X53,https://pcpartpicker.com/product/QfzhP6/thermalright-axp90-x53-4258-cfm-cpu-cooler-axp90-x53-full-black,/static/forever/img/no-image.png,2700 RPM,22.4 dB,Black,,
Asus TUF Gaming LC 120 RGB,https://pcpartpicker.com/product/g7VG3C/asus-tuf-gaming-lc-120-rgb-67-cfm-liquid-cpu-cooler-90rc0081-m0aay0,https://cdna.pcpartpicker.com/static/forever/images/product/b583e238ca990cc04e5f90d4a8b5a01f.256p.jpg,800 - 2000 RPM,,Black,120 mm,
Thermaltake Engine 17,https://pcpartpicker.com/product/LftQzy/thermaltake-engine-17-89-cfm-cpu-cooler-cl-p051-al06sl-a,https://m.media-amazon.com/images/I/41f0lTfh+5L.jpg,1500 - 2500 RPM,11 - 23 dB,Silver,,
Cooler Master Hyper T200,https://pcpartpicker.com/product/HWH7YJ/cooler-master-hyper-t200-30-cfm-cpu-cooler-rr-t200-22pk-r1,https://cdna.pcpartpicker.com/static/forever/images/product/000eb60f92db81f64ad6522eb8c70183.256p.jpg,800 - 2200 RPM,31 dB,,,
Enermax AQUAFUSION ADV 240,https://pcpartpicker.com/product/GMRYcf/enermax-aquafusion-adv-240-798-cfm-liquid-cpu-cooler-elc-aqfa240-sqa,https://cdna.pcpartpicker.com/static/forever/images/product/ed4b6a59ead82e805a602be27ab6d3e6.256p.jpg,500 - 2000 RPM,15 - 32.6 dB,Black,240 mm,
Deepcool AG500 ARGB,https://pcpartpicker.com/product/H2QcCJ/deepcool-ag500-argb-6788-cfm-cpu-cooler-ag500-argb,https://cdna.pcpartpicker.com/static/forever/images/product/2dd09f57ca854a02530da2d22e11400c.256p.jpg,300 - 1850 RPM,29.4 dB,Black / Silver,,
ID-COOLING SE-207-XT SLIM SNOW,https://pcpartpicker.com/product/hBgFf7/id-cooling-se-207-xt-slim-snow-7616-cfm-cpu-cooler-se-207-xt-slim-snow,https://m.media-amazon.com/images/I/51kiJQqBgmL.jpg,700 - 1800 RPM,15.2 - 35.2 dB,White,,
Jonsbo HX6200D,https://pcpartpicker.com/product/cx6NnQ/jonsbo-hx6200d-62-cfm-cpu-cooler-hx6200d-black,https://cdna.pcpartpicker.com/static/forever/images/product/02cafa43bdafbc6baf1c0aa10a9f30fb.256p.jpg,700 - 1800 RPM,18.6 - 29.7 dB,Black,,
Scythe Mugen 5 Black Edition Rev.C,https://pcpartpicker.com/product/wrDQzy/scythe-mugen-5-black-edition-revc-6762-cfm-cpu-cooler-scmg-5200be,https://m.media-amazon.com/images/I/41lHDBCdhAL.jpg,300 - 1500 RPM,4 - 28.6 dB,Black,,
Sapphire NITRO+ S360-A,https://pcpartpicker.com/product/HwYRsY/sapphire-nitro-s360-a-liquid-cpu-cooler-4n005-02-20g,https://cdna.pcpartpicker.com/static/forever/images/product/e35e1e22ff43c34d06f204f770533eab.256p.jpg,405 - 2400 RPM,17.9 - 36.2 dB,Black / Silver,360 mm,
Thermaltake TOUGHAIR 710,https://pcpartpicker.com/product/R388TW/thermaltake-toughair-710-8196-cfm-cpu-cooler-cl-p110-ca14gm-a,https://cdna.pcpartpicker.com/static/forever/images/product/5f6465626bb45b7847c7cfa0be2cfdb2.256p.jpg,300 - 1400 RPM,18.5 - 23.9 dB,Gray,,84.99
ID-COOLING FROSTFLOW X LITE,https://pcpartpicker.com/product/qzwmP6/id-cooling-frostflow-x-lite-7616-cfm-liquid-cpu-cooler-frostflow-x-120-lite,https://cdna.pcpartpicker.com/static/forever/images/product/7d1fddc16bfe7d8846aff5d22bebc3dd.256p.jpg,700 - 1800 RPM,35.2 dB,Black,120 mm,
ID-COOLING SE-214-XT-WL,https://pcpartpicker.com/product/3pYRsY/id-cooling-se-214-xt-wl-682-cfm-cpu-cooler-se-214-xt-wl,https://cdna.pcpartpicker.com/static/forever/images/product/8a3c19bcc8ad0e625c92c1e5b18a8562.256p.jpg,700 - 1800 RPM,35.2 dB,White,,
ID-COOLING SE-902X-B,https://pcpartpicker.com/product/cn4Zxr/id-cooling-se-902x-b-385-cfm-cpu-cooler-se-902x-b,https://cdna.pcpartpicker.com/static/forever/images/product/3b9b3e90d70c3ea74548de370f72ac0f.256p.jpg,600 - 2200 RPM,23.8 dB,Black / Blue,,
Xilence M403PRO.ARGB,https://pcpartpicker.com/product/x3xxFT/xilence-m403proargb-615-cfm-cpu-cooler-xc129,https://cdna.pcpartpicker.com/static/forever/images/product/4e0f53ff9df8c182469f684a331f678d.256p.jpg,500 - 1800 RPM,14.2 - 25.6 dB,Black / Silver,,44.44
Zalman Alpha2 DS A24,https://pcpartpicker.com/product/F6KnTW/zalman-alpha2-ds-a24-liquid-cpu-cooler-alpha2-ds-a24-black,https://cdna.pcpartpicker.com/static/forever/images/product/3df7d2ba5ff513e762417de532949234.256p.jpg,600 - 2000 RPM,29.7 dB,Black,240 mm,
Ocypus Gamma A40 ARGB Digital,https://pcpartpicker.com/product/Rk7MnQ/ocypus-gamma-a40-argb-digital-41-cfm-cpu-cooler-gamma-a40-bk1nawd00x-gl,/static/forever/img/no-image.png,600 - 2400 RPM,29.5 dB,Black,,
Cooler Master MasterLiquid Atmos II LCD,https://pcpartpicker.com/product/YyRnTW/cooler-master-masterliquid-atmos-ii-lcd-1414-cfm-liquid-cpu-cooler-mlx-d24m-a25sz-lw,https://cdna.pcpartpicker.com/static/forever/images/product/f54a1863ee779bb8b48c52bf11438498.256p.jpg,690 - 2500 RPM,36 dB,White,240 mm,
Jonsbo CB40,https://pcpartpicker.com/product/Gn4Pxr/jonsbo-cb40-7707-cfm-cpu-cooler-cb40-white,/static/forever/img/no-image.png,800 - 1800 RPM,21.8 - 35.4 dB,White,,
Alpenföhn Dolomit Advanced,https://pcpartpicker.com/product/sV3NnQ/alpenfohn-dolomit-advanced-545-cfm-cpu-cooler-84000000184,https://cdna.pcpartpicker.com/static/forever/images/product/a7e6b0ce1e7d5eeb3739c05e26fb6374.256p.jpg,500 - 1600 RPM,23.5 dB,Black,,81.43
Cooler Master MasterLiquid ML360 Sub-Zero,https://pcpartpicker.com/product/ZLvqqs/cooler-master-masterliquid-ml360-sub-zero-59-cfm-liquid-cpu-cooler-mlz-d36m-a19pk-12,https://cdna.pcpartpicker.com/static/forever/images/product/e0712fe4ad5208d0765c03fe76f76ba7.256p.jpg,650 - 1900 RPM,8 - 26 dB,Black,360 mm,179.95
Mars Gaming MCPU-XTW,https://pcpartpicker.com/product/vZQKHx/mars-gaming-mcpu-xtw-cpu-cooler-mcpuxtw,https://cdna.pcpartpicker.com/static/forever/images/product/5e7876b67c7ac761906eaaf72f19ff55.256p.jpg,800 - 1600 RPM,9 - 26 dB,White,,
Jonsbo CR-2000GT RGB,https://pcpartpicker.com/product/tvBzK8/jonsbo-cr-2000gt-rgb-628-cfm-cpu-cooler-cr-2000gt,https://cdna.pcpartpicker.com/static/forever/images/product/c6c99c53b9f761231b2e91c076211bc3.256p.jpg,700 - 1500 RPM,18.1 - 29.5 dB,Black,,73.34
Sunbeam CR-CCTF,https://pcpartpicker.com/product/M6tCmG/sunbeam-cpu-cooler-crcctf,https://cdna.pcpartpicker.com/static/forever/images/product/1e86c94eda06c9369ab0f832aa489a2e.256p.jpg,1000 - 2000 RPM,16 - 20 dB,,,22.76
Phanteks GLACIER ONE 240D30,https://pcpartpicker.com/product/yrRwrH/phanteks-glacier-one-240d30-643-cfm-liquid-cpu-cooler-ph-go240d30_dwt01,https://cdna.pcpartpicker.com/static/forever/images/product/e0fd110486fc6aaebe99a611f158ec5b.256p.jpg,250 - 2000 RPM,30.2 dB,White,240 mm,
Xilence LQ360.ARGB,https://pcpartpicker.com/product/dRdG3C/xilence-lq360argb-76-cfm-liquid-cpu-cooler-xc997,https://cdna.pcpartpicker.com/static/forever/images/product/92389e35d78373ed5816ddaf6b55c829.256p.jpg,900 - 1850 RPM,18 - 28 dB,Black,360 mm,127.39
GameMax Twin 600,https://pcpartpicker.com/product/228Pxr/gamemax-twin-600-882-cfm-cpu-cooler-gmx-twin600-wt,https://cdna.pcpartpicker.com/static/forever/images/product/bcf5a5f99b1c893d25169f68b0b40a60.256p.jpg,800 - 2500 RPM,,White,,
Cooler Master DK9-7E52A-0L-GP,https://pcpartpicker.com/product/RRPfrH/cooler-master-cpu-cooler-dk97e52a0lgp,https://m.media-amazon.com/images/I/317+NkM1zTL.jpg,3200 RPM,25.17 dB,,,
Corsair H70,https://pcpartpicker.com/product/8yPfrH/corsair-h70-612-cfm-liquid-cpu-cooler-cwch70,https://m.media-amazon.com/images/I/41hykvU7YKL.jpg,1600 - 2000 RPM,26 - 31.5 dB,,120 mm,
ARCTIC Freezer 13 Pro,https://pcpartpicker.com/product/RzV48d/arctic-freezer-13-pro-497-cfm-fluid-dynamic-bearing-cpu-cooler-acfz13-pro,https://images-na.ssl-images-amazon.com/images/I/510YILLA-BL.jpg,300 - 1350 RPM,,,,
Scythe BIG Shuriken 2 Rev. B,https://pcpartpicker.com/product/GdkD4D/scythe-cpu-cooler-scbsk2100,https://cdna.pcpartpicker.com/static/forever/images/product/5f63b0db861dc9247f32ea3a6a389155.256p.jpg,500 - 2000 RPM,9.32 - 33.67 dB,,,
Cooler Master Seidon 240M,https://pcpartpicker.com/product/Mtzv6h/cooler-master-seidon-240m-8615-cfm-liquid-cpu-cooler-rl-s24m-24pk-r1,https://m.media-amazon.com/images/I/41qxWIA-rDL.jpg,600 - 2400 RPM,19 - 40 dB,,240 mm,
Thermaltake Water 3.0 Performer,https://pcpartpicker.com/product/r7mLrH/thermaltake-water-30-performer-99-cfm-liquid-cpu-cooler-clw0222,https://images-na.ssl-images-amazon.com/images/I/410kAYMCoiL.jpg,1000 - 2000 RPM,20 dB,,120 mm,
be quiet! Dark Rock Advanced C1,https://pcpartpicker.com/product/44xfrH/be-quiet-cpu-cooler-bk014,https://cdna.pcpartpicker.com/static/forever/images/product/2690cc69fa0d8ba8cdd8096844d1e29e.256p.jpg,1500 RPM,6.6 - 18.8 dB,,,
Cooler Master Hyper D92,https://pcpartpicker.com/product/XhPzK8/cooler-master-cpu-cooler-rrhd9228pkr1,https://cdna.pcpartpicker.com/static/forever/images/product/f44957ac75c9ecd4e2e0d07be0d9642c.med.256p.jpg,800 - 2800 RPM,18 - 33 dB,,,
Cooler Master Hyper 612 Ver.2,https://pcpartpicker.com/product/WBmxFT/cooler-master-cpu-cooler-rrh6v213pkr1,https://cdna.pcpartpicker.com/static/forever/images/product/2edfb632035b5a04f0985003da9f3827.med.256p.jpg,800 - 1300 RPM,11 - 20 dB,,,
Cooler Master Seidon 120V VER.2,https://pcpartpicker.com/product/WK38TW/cooler-master-seidon-120v-ver2-76-cfm-liquid-cpu-cooler-rl-s12v-24pk-r2,https://cdna.pcpartpicker.com/static/forever/images/product/db9d6640a186888a1f6fbc295b175134.256p.jpg,800 - 2400 RPM,6.5 - 27 dB,,120 mm,
ID-COOLING IS-60,https://pcpartpicker.com/product/wcbkcf/id-cooling-cpu-cooler-is60,https://cdna.pcpartpicker.com/static/forever/images/product/c506257b5ccfae83959bcac13a392916.256p.jpg,600 - 1600 RPM,13.8 - 30.2 dB,,,
be quiet! Silent Loop 240,https://pcpartpicker.com/product/TZQRsY/be-quiet-silent-loop-240-6551-cfm-liquid-cpu-cooler-bw002,https://cdna.pcpartpicker.com/static/forever/images/product/53abd0b6f7ae35605c98e6e1d937c8c5.256p.jpg,2000 RPM,16.1 - 36.9 dB,,240 mm,
Deepcool CAPTAIN 240EX RGB,https://pcpartpicker.com/product/pp648d/deepcool-captain-240ex-rgb-15304-cfm-liquid-cpu-cooler-captain-240ex-rgb,https://cdna.pcpartpicker.com/static/forever/images/product/41684aa225af71fcaf23f466d9c72d92.256p.jpg,500 - 1800 RPM,17.6 - 31.3 dB,,240 mm,
Deepcool GAMMAXX 400 White,https://pcpartpicker.com/product/CbmxFT/deepcool-gammaxx-400-white-7434-cfm-cpu-cooler-gammaxx400-wh,/static/forever/img/no-image.png,900 - 1500 RPM,17.8 - 30 dB,White,,
ID-COOLING FROSTFLOW+ 240 SNOW,https://pcpartpicker.com/product/KsJtt6/id-cooling-frostflow-240-snow-62-cfm-liquid-cpu-cooler-frostflow-240-snow,https://cdna.pcpartpicker.com/static/forever/images/product/d7674359b0a1a22bc1ab4102bb2d3ac8.256p.jpg,700 - 1500 RPM,18 - 26.4 dB,White,240 mm,
Cooler Master MasterAir MA620P,https://pcpartpicker.com/product/Qrm323/cooler-master-masterair-ma620p-534-cfm-cpu-cooler-map-d6pn-218pc-r1,https://cdna.pcpartpicker.com/static/forever/images/product/4fac2f9b09c673af00dff70b5ce5b170.256p.jpg,600 - 1800 RPM,31 dB,Black / Silver,,
Deepcool Castle 240 RGB,https://pcpartpicker.com/product/xXdxFT/deepcool-castle-240-rgb-6934-cfm-liquid-cpu-cooler-dp-gs-h12l-csl240rgb,https://cdna.pcpartpicker.com/static/forever/images/product/675036636704a5532fbc94c31fbb7169.256p.jpg,500 - 1800 RPM,17.8 - 30 dB,Black,240 mm,
ARCTIC Alpine 12 Passive,https://pcpartpicker.com/product/JY8j4D/arctic-alpine-12-passive-fanless-cpu-cooler-acalp00024a,https://m.media-amazon.com/images/I/412-SuOoaUL.jpg,,0 dB,Black,,
Antec Mercury 360 RGB,https://pcpartpicker.com/product/TJGxFT/antec-mercury-360-rgb-7331-cfm-liquid-cpu-cooler-mercury-360rgb,https://cdna.pcpartpicker.com/static/forever/images/product/f522bfda306cffa7852042f5409d6db6.256p.jpg,900 - 1800 RPM,36 dB,Black / White,360 mm,
Alpenföhn Brocken 3,https://pcpartpicker.com/product/gkyV3C/alpenfohn-brocken-3-606-cfm-cpu-cooler-84000000140,https://cdna.pcpartpicker.com/static/forever/images/product/1ddc39b750eb63fb5f09b750ffa1cf50.256p.jpg,400 - 1050 RPM,22 dB,Black,,
ARCTIC Freezer 34 eSports,https://pcpartpicker.com/product/CL8j4D/arctic-freezer-34-esports-cpu-cooler-acfre00056a,https://m.media-amazon.com/images/I/51RV1ptKxAL.jpg,200 - 2100 RPM,28 dB,Red / Black,,
Rosewill ROCC-16002,https://pcpartpicker.com/product/psw7YJ/rosewill-rocc-16002-2795-cfm-cpu-cooler-rocc-16002,https://m.media-amazon.com/images/I/51KfeS71r7L.jpg,800 - 2000 RPM,23.6 dB,Blue / Black,,
Cooler Master ML120L TUF Gaming Alliance Edition RGB,https://pcpartpicker.com/product/gT97YJ/cooler-master-ml120l-tuf-gaming-alliance-edition-rgb-667-cfm-liquid-cpu-cooler-mlw-d12m-a20pw-rt,https://cdna.pcpartpicker.com/static/forever/images/product/dd988b3a35f84190078903cd311e5e36.256p.jpg,650 - 2000 RPM,15 dB,,120 mm,
Scythe Mugen 5 TUF Gaming Alliance,https://pcpartpicker.com/product/FTbwrH/scythe-mugen-5-tuf-gaming-alliance-5117-cfm-cpu-cooler-scmg-5100tuf,https://m.media-amazon.com/images/I/51yXK58Nq6L.jpg,300 - 1200 RPM,4 - 24.9 dB,Brown / Black,,
Deepcool GAMMAXX GT TGA,https://pcpartpicker.com/product/d7hmP6/deepcool-gammaxx-gt-tga-565-cfm-cpu-cooler-gt-tga,/static/forever/img/no-image.png,500 - 1500 RPM,17.8 - 27 dB,Black / Silver,,
Jonsbo TW3-240,https://pcpartpicker.com/product/7BjNnQ/jonsbo-tw3-240-504-cfm-liquid-cpu-cooler-tw3-240,https://cdna.pcpartpicker.com/static/forever/images/product/cce944da239511f84216f2c59d917afe.256p.jpg,800 - 1500 RPM,25 dB,Black,240 mm,
Zalman CNPS10X Optima II,https://pcpartpicker.com/product/8ZJmP6/zalman-cnps10x-optima-ii-6152-cfm-cpu-cooler-cnps10x-optima-ii,https://cdna.pcpartpicker.com/static/forever/images/product/06f6edf1636bd6dcb665706ba5f7fa9f.256p.jpg,800 - 1500 RPM,27 dB,White,,
ID-COOLING AURAFLOW X,https://pcpartpicker.com/product/NrmFf7/id-cooling-auraflow-x-745-cfm-liquid-cpu-cooler-auraflow-x-240,https://cdna.pcpartpicker.com/static/forever/images/product/f9e1f90986fc9145cf2093855a1e1f36.256p.jpg,700 - 1800 RPM,18 - 35.2 dB,Black,240 mm,
ARCTIC Freezer A13 X,https://pcpartpicker.com/product/jPdrxr/arctic-freezer-a13-x-cpu-cooler-acfre00083a,https://cdna.pcpartpicker.com/static/forever/images/product/49f72b50ac4182e8db6674a76ea98cf0.256p.jpg,300 - 2000 RPM,,Black / White,,
Deepcool GAMMAXX 400S,https://pcpartpicker.com/product/tn4BD3/deepcool-gammaxx-400s-508-cfm-cpu-cooler-dp-mch4-gmx400s,https://cdna.pcpartpicker.com/static/forever/images/product/55157f50eab3db324e29aeec82ccc77d.256p.jpg,1300 RPM,14.6 dB,Black / Silver,,
ID-COOLING IS-47K,https://pcpartpicker.com/product/FQbCmG/id-cooling-is-47k-443-cfm-cpu-cooler-is-47k,https://m.media-amazon.com/images/I/41UztW8WuaL.jpg,600 - 2500 RPM,14 - 33 dB,Silver / Black,,
ID-COOLING SE-914-XT ARGB,https://pcpartpicker.com/product/qWVG3C/id-cooling-se-914-xt-argb-458-cfm-cpu-cooler-se-914-xtargb,/static/forever/img/no-image.png,600 - 2200 RPM,14 - 25.8 dB,Black / Gray,,
Fractal Design Lumen S24 RGB,https://pcpartpicker.com/product/bLpzK8/fractal-design-lumen-s24-rgb-56-cfm-liquid-cpu-cooler-fd-w-l1-s2402,https://cdna.pcpartpicker.com/static/forever/images/product/95f86d28fc4be5a9c6a81c95ea83aec4.256p.jpg,500 - 2000 RPM,10 - 33.2 dB,Black,240 mm,
ARCTIC Liquid Freezer II 360 RGB,https://pcpartpicker.com/product/RXWzK8/arctic-liquid-freezer-ii-360-rgb-488-cfm-liquid-cpu-cooler-acfre00100a,https://cdna.pcpartpicker.com/static/forever/images/product/fa84c1b932ecd6787fdc044c34e36d0a.256p.jpg,200 - 1800 RPM,22.5 dB,Black,360 mm,
MSI MAG CORELIQUID P280,https://pcpartpicker.com/product/Xkstt6/msi-mag-coreliquid-p280-8436-cfm-liquid-cpu-cooler-mag-coreliquid-p280,https://cdna.pcpartpicker.com/static/forever/images/product/1a82dcd243a65c4f941b64bf66e2217d.256p.jpg,500 - 1800 RPM,14.8 - 33.28 dB,Black,280 mm,
Scythe Mugen 5 Rev.C,https://pcpartpicker.com/product/CJQcCJ/scythe-mugen-5-revc-6762-cfm-cpu-cooler-scmg-5200,https://m.media-amazon.com/images/I/51WHW9PoRSL.jpg,300 - 1500 RPM,4 - 28.6 dB,Black / Silver,,
ID-COOLING SE-226-XT,https://pcpartpicker.com/product/bgfnTW/id-cooling-se-226-xt-682-cfm-cpu-cooler-se-226-xt-argb-snow,https://cdna.pcpartpicker.com/static/forever/images/product/d16bfcf64c9a60216455aef72565ecee.256p.jpg,500 - 1500 RPM,13.8 - 30.5 dB,White,,
ID-COOLING AURAFLOW X,https://pcpartpicker.com/product/hWstt6/id-cooling-auraflow-x-745-cfm-liquid-cpu-cooler-auraflow-x-360-snow,https://m.media-amazon.com/images/I/41uf6KtkSRL.jpg,700 - 1800 RPM,18 - 35.2 dB,White,360 mm,
Phanteks Glacier One 360MPH,https://pcpartpicker.com/product/C7ddnQ/phanteks-glacier-one-360mph-6051-cfm-liquid-cpu-cooler-ph-go360mph_dbk01,https://cdna.pcpartpicker.com/static/forever/images/product/1fc9379f50820dcfd81ab272c6f63a89.256p.jpg,500 - 2200 RPM,18 - 34.2 dB,Black,360 mm,
Thermaltake TOUGHLIQUID ARGB,https://pcpartpicker.com/product/Bmwypg/thermaltake-toughliquid-argb-5835-cfm-liquid-cpu-cooler-cl-w319-pl12rg-a,https://cdna.pcpartpicker.com/static/forever/images/product/4bc8fc1bc9a6eaf56fdea055b8011c9b.256p.jpg,500 - 2000 RPM,22.3 dB,Green,240 mm,
ID-COOLING SE-904-XT SLIM,https://pcpartpicker.com/product/7TQcCJ/id-cooling-se-904-xt-slim-458-cfm-cpu-cooler-se-904-xt-slim,https://cdna.pcpartpicker.com/static/forever/images/product/97e1c2f31d70e45e6aded55332d549f2.256p.jpg,600 - 2200 RPM,14 - 25.8 dB,,,
ID-COOLING FROSTFLOW 240 XT SNOW,https://pcpartpicker.com/product/wVxRsY/id-cooling-frostflow-240-xt-snow-7616-cfm-liquid-cpu-cooler-frostflow-240-xt-snow,https://cdna.pcpartpicker.com/static/forever/images/product/acb112cb4df04f3b1cfd8bb3a57be134.256p.jpg,700 - 1800 RPM,15.2 - 35.2 dB,White,240 mm,
Enermax AQUAFUSION ADV 360,https://pcpartpicker.com/product/MxXJ7P/enermax-aquafusion-adv-360-798-cfm-liquid-cpu-cooler-elc-aqfa360-sqa,https://cdna.pcpartpicker.com/static/forever/images/product/522217d5a8e4f820be08aafefd8bdfa1.256p.jpg,500 - 2000 RPM,15 - 32.6 dB,Black,360 mm,
Mars Gaming ML-ONE,https://pcpartpicker.com/product/ZRjBD3/mars-gaming-ml-one-692-cfm-liquid-cpu-cooler-mlone120,https://m.media-amazon.com/images/I/41EoXmQjpzL.jpg,600 - 1800 RPM,9 - 26 dB,Black,120 mm,
SilentiumPC Fortis 5 Dual Fan,https://pcpartpicker.com/product/dfKKHx/silentiumpc-fortis-5-dual-fan-cpu-cooler-spc307,https://m.media-amazon.com/images/I/31T-0G7aAqL.jpg,300 - 1400 RPM,,Black / Silver,,
Thermalright Frozen Magic 240,https://pcpartpicker.com/product/8jjBD3/thermalright-frozen-magic-240-6617-cfm-liquid-cpu-cooler-frozen-magic-240,/static/forever/img/no-image.png,1500 RPM,25.6 dB,Black,240 mm,
Jonsbo PISA A5,https://pcpartpicker.com/product/Kq3NnQ/jonsbo-pisa-a5-8127-cfm-cpu-cooler-pisa-a5-white,https://cdna.pcpartpicker.com/static/forever/images/product/c93923174b3c05e7aa666b76c79817bb.256p.jpg,800 - 1850 RPM,36.8 dB,White,,
Cooler Master MasterLiquid PL360 FLUX 30TH Anniversary Edition,https://pcpartpicker.com/product/mqhv6h/cooler-master-masterliquid-pl360-flux-30th-anniversary-edition-752-cfm-liquid-cpu-cooler-mly-d36m-a23pz-30,https://m.media-amazon.com/images/I/41liUUm+5xL.jpg,,30 dB,Black,360 mm,
Cooler Master MasterLiquid ML360 Sub-Zero EVO,https://pcpartpicker.com/product/kdxxFT/cooler-master-masterliquid-ml360-sub-zero-evo-752-cfm-liquid-cpu-cooler-mlz-d36m-a24pz-17,https://cdna.pcpartpicker.com/static/forever/images/product/4c0ec293c4e1ca0926c920717223f084.256p.jpg,,30 dB,Black,360 mm,
Thermalright Frozen Horizon ARGB,https://pcpartpicker.com/product/t3NYcf/thermalright-frozen-horizon-argb-69-cfm-liquid-cpu-cooler-frozen-horizon-360-white-argb,https://cdna.pcpartpicker.com/static/forever/images/product/6d5359077923de741e126abc26e20d0d.256p.jpg,2150 RPM,28.1 dB,White,360 mm,
Dynatron Q12,https://pcpartpicker.com/product/dvNYcf/dynatron-q12-5357-cfm-cpu-cooler-q12,https://m.media-amazon.com/images/I/41QP3k6ysZL.jpg,,16 - 35.98 dB,,,39.95
Azza CUBE 360,https://pcpartpicker.com/product/NYwmP6/azza-cube-360-575-cfm-liquid-cpu-cooler-lcaz-360p-argb-cube,https://m.media-amazon.com/images/I/31zghkH2BoL.jpg,500 - 2000 RPM,34 dB,Black,360 mm,
Yeston zeaginal Sakura,https://pcpartpicker.com/product/ZVP8TW/yeston-zeaginal-sakura-594-cfm-liquid-cpu-cooler-sakura-360-argb,https://cdna.pcpartpicker.com/static/forever/images/product/35fa987929573f5d719fe47dbed32c40.256p.jpg,900 - 1800 RPM,30 dB,White,360 mm,
ID-COOLING IS-30A,https://pcpartpicker.com/product/ngcgXL/id-cooling-is-30a-40-cfm-cpu-cooler-is-30a,https://cdna.pcpartpicker.com/static/forever/images/product/e389f289af16e0441c2416a9461e4d53.256p.jpg,800 - 3600 RPM,17 - 35.8 dB,Black / Silver,,
ID-COOLING SE-214-XT RING,https://pcpartpicker.com/product/9mhv6h/id-cooling-se-214-xt-ring-552-cfm-cpu-cooler-se-214-xt-ring,https://cdna.pcpartpicker.com/static/forever/images/product/0520f1acacbfeb24a6777a58ce1abdf2.256p.jpg,900 - 2000 RPM,33.5 dB,White / Black,,
ID-COOLING SE-214-XT-RX,https://pcpartpicker.com/product/Kmhv6h/id-cooling-se-214-xt-rx-745-cfm-cpu-cooler-se-214-xt-rx,https://cdna.pcpartpicker.com/static/forever/images/product/7759da60affe8ff2634c76fe8e9985a3.256p.jpg,700 - 1800 RPM,35.2 dB,Red / Black,,
SilentiumPC Spartan 4,https://pcpartpicker.com/product/zmdG3C/silentiumpc-spartan-4-cpu-cooler-spc270,/static/forever/img/no-image.png,800 - 2000 RPM,,Black / Silver,,
Cooler Master MasterLiquid 120 Core II,https://pcpartpicker.com/product/vHh2FT/cooler-master-masterliquid-120-core-ii-707-cfm-liquid-cpu-cooler-mlw-d12m-a18pa-r1,/static/forever/img/no-image.png,600 - 1750 RPM,30 dB,Black,120 mm,
Cooler Master MasterLiquid Atmos II,https://pcpartpicker.com/product/qWzp99/cooler-master-masterliquid-atmos-ii-140-cfm-liquid-cpu-cooler-mlx-d24m-a25sz-rw,/static/forever/img/no-image.png,690 - 2500 RPM,36 dB,White,240 mm,
Mars Gaming MCPU-XU6,https://pcpartpicker.com/product/P3sMnQ/mars-gaming-mcpu-xu6-cpu-cooler-mcpuxu6,https://cdna.pcpartpicker.com/static/forever/images/product/1a195e664264a78dcc5125be9c65b126.256p.jpg,800 - 2000 RPM,9 - 23 dB,Black,,
GAMDIAS CHIONE E4,https://pcpartpicker.com/product/vNBFf7/gamdias-chione-e4-7336-cfm-liquid-cpu-cooler-e4-240-wh,https://m.media-amazon.com/images/I/31Yi0C6zavL.jpg,800 - 1800 RPM,11 - 33.8 dB,White,240 mm,
Alphacool Eisbaer 240,https://pcpartpicker.com/product/NfjWGX/alphacool-eisbaer-240-6385-cfm-liquid-cpu-cooler-11285,https://cdna.pcpartpicker.com/static/forever/images/product/fa97268da61cdc91b1f99b93c39f821e.256p.jpg,550 - 1700 RPM,29 dB,Black,240 mm,158.99
In Win SR36 PRO,https://pcpartpicker.com/product/ZLLdnQ/in-win-sr36-pro-1015-cfm-liquid-cpu-cooler-iw-lc-sr36pro,https://m.media-amazon.com/images/I/41wUs9lk0ZL.jpg,500 - 2500 RPM,23 dB,Black,360 mm,99.99
GAMDIAS CHIONE P5,https://pcpartpicker.com/product/NXFCmG/gamdias-chione-p5-8181-cfm-liquid-cpu-cooler-chione-p5-240,https://m.media-amazon.com/images/I/31KSVp4-+RL.jpg,400 - 2200 RPM,11 - 34.91 dB,Black,240 mm,109.99
Jonsbo HX6280,https://pcpartpicker.com/product/PVQwrH/jonsbo-hx6280-8127-cfm-cpu-cooler-hx6280-white,https://cdna.pcpartpicker.com/static/forever/images/product/6743a99beaf450d00821faa41297b52a.256p.jpg,800 - 2200 RPM,18.2 - 32.1 dB,White,,
Dynatron R9,https://pcpartpicker.com/product/QX6BD3/dynatron-cpu-cooler-r9,https://m.media-amazon.com/images/I/41ATvDskjKL.jpg,1000 - 4500 RPM,13.14 - 45.9 dB,,,39.95
ARCTIC Freezer 50 (w/Controller),https://pcpartpicker.com/product/pYkgXL/arctic-freezer-50-wcontroller-cpu-cooler-acfre00080a,https://cdna.pcpartpicker.com/static/forever/images/product/fcf272dfb9d74eec202fa495e8266a84.256p.jpg,200 - 1800 RPM,,Black,,84.99
Noua Alaska,https://pcpartpicker.com/product/qNzXsY/noua-alaska-515-cfm-cpu-cooler-ac0619-ala22,https://m.media-amazon.com/images/I/41v7m5EsT6L.jpg,800 - 3000 RPM,30.5 dB,Black,,
Silverstone IceMyst 240,https://pcpartpicker.com/product/6KbRsY/silverstone-icemyst-240-7574-cfm-liquid-cpu-cooler-sst-im240-argb,https://cdna.pcpartpicker.com/static/forever/images/product/257f550772d67c94cbcdc1246a8b41ae.256p.jpg,500 - 2200 RPM,12.1 - 33.1 dB,Silver / Black,240 mm,119.99
Cooler Master MasterLiquid Atmos II,https://pcpartpicker.com/product/KkWmP6/cooler-master-masterliquid-atmos-ii-190-cfm-liquid-cpu-cooler-mlx-d36m-a25sz-r1,/static/forever/img/no-image.png,690 - 2500 RPM,38.5 - 36 dB,Black,360 mm,
Dynatron K5,https://pcpartpicker.com/product/QrZQzy/dynatron-cpu-cooler-k5,https://cdna.pcpartpicker.com/static/forever/images/product/ec0fc9bf5af7dced87511f825b5db06c.256p.jpg,1000 - 2500 RPM,14.7 - 29.8 dB,,,29.13
Cooler Master MasterLiquid ML360 RGB TR4 Edition,https://pcpartpicker.com/product/X8qhP6/cooler-master-masterliquid-ml360-rgb-tr4-edition-667-cfm-liquid-cpu-cooler-mlx-d36m-a20pc-t1,https://cdna.pcpartpicker.com/static/forever/images/product/5ea69b0d36b4d7129fbc007687fe8543.256p.jpg,650 - 2000 RPM,6 - 30 dB,Black,360 mm,
ARCTIC Freezer 50 TR,https://pcpartpicker.com/product/Xg3mP6/arctic-freezer-50-tr-cpu-cooler-acfre00055a,https://cdna.pcpartpicker.com/static/forever/images/product/f5b391203751fada6ab81b3e7c4774b0.256p.jpg,200 - 1800 RPM,23.5 dB,Black,,
Deepcool CASTLE 280EX,https://pcpartpicker.com/product/WPTzK8/deepcool-castle-280ex-9703-cfm-liquid-cpu-cooler-dp-gs-h14ar-csl280ex,https://cdna.pcpartpicker.com/static/forever/images/product/62a622e106743d863790f9701e3707fc.256p.jpg,400 - 1600 RPM,39.8 dB,Black,280 mm,
Thermaltake TH360 ARGB Sync,https://pcpartpicker.com/product/9xyqqs/thermaltake-th360-argb-sync-5928-cfm-liquid-cpu-cooler-cl-w302-pl12sw-a,/static/forever/img/no-image.png,1500 RPM,28.2 dB,White,360 mm,
ID-COOLING SE-207-XT ARGB,https://pcpartpicker.com/product/xJWJ7P/id-cooling-se-207-xt-argb-682-cfm-cpu-cooler-se-207-xt-argb,https://cdna.pcpartpicker.com/static/forever/images/product/995e8e420de9d11036a721db2f1fb2d3.256p.jpg,500 - 1500 RPM,30.5 dB,Black,,
Mars Gaming MCPU-XU9,https://pcpartpicker.com/product/yXh2FT/mars-gaming-mcpu-xu9-cpu-cooler-mcpuxu9,https://cdna.pcpartpicker.com/static/forever/images/product/98a1ee7ddfc1f25eb8cb675601853d7f.256p.jpg,800 - 2000 RPM,9 - 23 dB,Black,,
Zalman CNPS10X Performa,https://pcpartpicker.com/product/9vyFf7/zalman-cnps10x-performa-cpu-cooler-cnps10x-performa,https://m.media-amazon.com/images/I/51BBcU7LK-L.jpg,900 - 2000 RPM,17 - 24 dB,Silver / Black,,
Thermaltake CL-P0326,https://pcpartpicker.com/product/LBBv6h/thermaltake-cpu-cooler-clp0326,/static/forever/img/no-image.png,4200 RPM,44 dB,,,
Prolimatech Megahalems Rev.B,https://pcpartpicker.com/product/Qrbp99/prolimatech-cpu-cooler-megahalemsrevb,https://cdna.pcpartpicker.com/static/forever/images/product/0279ba9817877294bf937f587f0ce6f8.256p.jpg,,,,,
Evercool HPM-12025,https://pcpartpicker.com/product/r7Lypg/evercool-cpu-cooler-hpm12025,https://images-na.ssl-images-amazon.com/images/I/51He-E7ZocL.jpg,800 - 2500 RPM,15 - 35 dB,,,
ARCTIC Alpine 11 Plus,https://pcpartpicker.com/product/3jTmP6/arctic-cooling-cpu-cooler-ucacoap11301bua01,https://cdna.pcpartpicker.com/static/forever/images/product/f049e805fbdf7c5bfd0decbe246e4da4.256p.jpg,600 - 2000 RPM,14 dB,,,
ARCTIC Alpine 64 GT,https://pcpartpicker.com/product/RhQypg/arctic-alpine-64-gt-256-cfm-cpu-cooler-acalp64-gt,https://cdna.pcpartpicker.com/static/forever/images/product/fb5dab7c9015b44b5bc19d52e5194cea.256p.jpg,500 - 2000 RPM,,,,
ARCTIC Alpine 64 PLUS,https://pcpartpicker.com/product/gdLypg/arctic-alpine-64-plus-fluid-dynamic-bearing-cpu-cooler-ucaco-ap60301-bua01,https://cdna.pcpartpicker.com/static/forever/images/product/f1994aba8ecf604bb1941e9eb6cc3af6.med.256p.jpg,600 - 2000 RPM,,,,
Cooler Master Seidon 120XL,https://pcpartpicker.com/product/8YvRsY/cooler-master-seidon-120xl-8615-cfm-liquid-cpu-cooler-rl-s12x-24pk-r1,https://images-na.ssl-images-amazon.com/images/I/41L5QRXF0gL.jpg,600 - 2400 RPM,19 - 40 dB,,120 mm,
Cooler Master Nepton 240M,https://pcpartpicker.com/product/v4DzK8/cooler-master-nepton-240m-76-cfm-liquid-cpu-cooler-rl-n24m-24pk-r1,https://cdna.pcpartpicker.com/static/forever/images/product/31c24a72bb6d1d997d1a2442b7159c15.256p.jpg,2400 RPM,6.5 - 27 dB,,240 mm,
CRYORIG H5 Universal,https://pcpartpicker.com/product/jK8H99/cryorig-h5-universal-65-cfm-cpu-cooler-h5-universal,https://cdna.pcpartpicker.com/static/forever/images/product/36a4c87601ce494316311aab7ab236f9.256p.jpg,700 - 1300 RPM,20 - 24 dB,,,
NoFan CR-95C,https://pcpartpicker.com/product/9GfmP6/nofan-cpu-cooler-cr95c,/static/forever/img/no-image.png,,0 dB,,,
LEPA EXllusion 240,https://pcpartpicker.com/product/N68H99/lepa-exllusion-240-811-cfm-liquid-cpu-cooler-lpwel240-hf,https://images-na.ssl-images-amazon.com/images/I/41%2BHseJaSUL.jpg,500 - 1800 RPM,14 - 30 dB,,240 mm,
Deepcool ASSASSIN II,https://pcpartpicker.com/product/vCL7YJ/deepcool-cpu-cooler-assassinii,/static/forever/img/no-image.png,300 - 1400 RPM,17.8 - 27.3 dB,,,
Thermaltake Water 3.0 Riing RGB 240,https://pcpartpicker.com/product/TvfmP6/thermaltake-water-30-riing-rgb-240-406-cfm-liquid-cpu-cooler-cl-w107-pl12sw-a,https://m.media-amazon.com/images/I/51tacBay40L.jpg,800 - 1500 RPM,26.4 dB,,240 mm,
Deepcool CAPTAIN360EX,https://pcpartpicker.com/product/7TYWGX/deepcool-captain360ex-22956-cfm-liquid-cpu-cooler-captain360ex,https://cdna.pcpartpicker.com/static/forever/images/product/fda7f0b6f3d2b4845c2fc6da02e3436f.256p.jpg,500 - 1800 RPM,17.6 - 31.3 dB,,360 mm,
ARCTIC Freezer 33 TR (Black/White),https://pcpartpicker.com/product/QmnG3C/arctic-freezer-33-tr-blackwhite-cpu-cooler-acfre00039a,https://cdna.pcpartpicker.com/static/forever/images/product/74d8cc40d91f50c0d4e1e0a17fba873d.256p.jpg,200 - 1800 RPM,24.4 dB,,,
Scythe FUMA Rev.B,https://pcpartpicker.com/product/ffKhP6/scythe-fuma-revb-79-cfm-cpu-cooler-scfm-1100,https://m.media-amazon.com/images/I/51y6e3IfhML.jpg,300 - 1400 RPM,13 - 28 dB,,,
ID-COOLING FROSTFLOW+ 120 SNOW,https://pcpartpicker.com/product/gr7v6h/id-cooling-frostflow-120-snow-62-cfm-liquid-cpu-cooler-frostflow-120-snow,https://cdna.pcpartpicker.com/static/forever/images/product/0cab8ae9f02210f44117f14bd83a5048.256p.jpg,700 - 1500 RPM,18 - 26.4 dB,White,120 mm,
RAIJINTEK LETO R,https://pcpartpicker.com/product/zPF48d/raijintek-leto-r-670-cfm-cpu-cooler-0r100062,https://cdna.pcpartpicker.com/static/forever/images/product/6d28c4df7ec47151c2512d4c3f96ec76.256p.jpg,800 - 1800 RPM,29 dB,Black / Red,,
Alphacool EISBAER LT120,https://pcpartpicker.com/product/zNMwrH/alphacool-eisbaer-lt120-6385-cfm-liquid-cpu-cooler-11444,https://cdna.pcpartpicker.com/static/forever/images/product/bebaeb82326042fb54af975e64ed0c52.256p.jpg,550 - 1700 RPM,29 dB,Black,120 mm,
ARCTIC Freezer 34 eSports DUO,https://pcpartpicker.com/product/Jbm323/arctic-freezer-34-esports-duo-cpu-cooler-acfre00062a,https://m.media-amazon.com/images/I/51LmlnesJ+L.jpg,200 - 2100 RPM,24.4 dB,Yellow / Black,,
Scythe Big Shuriken 3,https://pcpartpicker.com/product/DKfhP6/scythe-big-shuriken-3-5079-cfm-cpu-cooler-scbsk-3000,https://m.media-amazon.com/images/I/31f6R6d88sL.jpg,300 - 1800 RPM,2.7 - 30.4 dB,Black / Silver,,
GameMax Gamma 500 RGB,https://pcpartpicker.com/product/6f9tt6/gamemax-gamma-500-rgb-5118-cfm-cpu-cooler-gamma-500-rgb,https://cdna.pcpartpicker.com/static/forever/images/product/948e2e326059d3c2b1a59651cdf4ba88.256p.jpg,1000 - 1800 RPM,26.3 dB,Black / Silver,,
Enermax Liqfusion 360,https://pcpartpicker.com/product/2xGnTW/enermax-liqfusion-360-621-cfm-liquid-cpu-cooler-elc-lf360-rgb,https://cdna.pcpartpicker.com/static/forever/images/product/0e13b4f3d26a02c59ad8f9dd991873b2.256p.jpg,500 - 2000 RPM,14 - 28 dB,Black,360 mm,
ID-COOLING AURAFLOW X,https://pcpartpicker.com/product/fqhmP6/id-cooling-auraflow-x-745-cfm-liquid-cpu-cooler-auraflow-x-120,https://cdna.pcpartpicker.com/static/forever/images/product/07af25a15c192da5bbbd5eedde44fda5.256p.jpg,700 - 1800 RPM,18 - 35.2 dB,Black,120 mm,
ID-COOLING SE-224-XT,https://pcpartpicker.com/product/8LGnTW/id-cooling-se-224-xt-7616-cfm-cpu-cooler-se-224-xt-white,https://m.media-amazon.com/images/I/41SPEOGyO1L.jpg,700 - 1800 RPM,15.2 - 32.5 dB,White,,
SilentiumPC Fera 3 RGB HE1224,https://pcpartpicker.com/product/XL848d/silentiumpc-fera-3-rgb-he1224-cpu-cooler-spc204,https://m.media-amazon.com/images/I/41EaxlVoQNL.jpg,500 - 1600 RPM,,Black / Silver,,
ARCTIC Liquid Freezer II 280 RGB,https://pcpartpicker.com/product/VQxRsY/arctic-liquid-freezer-ii-280-rgb-689-cfm-liquid-cpu-cooler-acfre00108a,https://cdna.pcpartpicker.com/static/forever/images/product/533dfac0d12b3869f8c9d67881a0be0e.256p.jpg,200 - 1900 RPM,22.5 dB,Black,280 mm,
Akasa Soho H4,https://pcpartpicker.com/product/DZD7YJ/akasa-soho-h4-5291-cfm-cpu-cooler-ak-cc4018ep01,https://cdna.pcpartpicker.com/static/forever/images/product/d43b64e765259c103383005ccc8346f0.256p.jpg,500 - 2000 RPM,14.2 - 31.8 dB,Black,,
MSI MAG CORELIQUID R,https://pcpartpicker.com/product/h392FT/msi-mag-coreliquid-r-7873-cfm-liquid-cpu-cooler-mag-coreliquid-120r,https://cdna.pcpartpicker.com/static/forever/images/product/4375a0a34eac919649632ffcd870a968.256p.jpg,500 - 2000 RPM,14.3 - 34.3 dB,Black,120 mm,
Asus TUF GAMING LC 240 RGB ZAKU II EDITION,https://pcpartpicker.com/product/68cG3C/asus-tuf-gaming-lc-240-rgb-zaku-ii-edition-67-cfm-liquid-cpu-cooler-tuf-gaming-lc-240-rgb-zaku-ii-edition,/static/forever/img/no-image.png,800 - 2000 RPM,29 dB,Red / Black,240 mm,
Phanteks Glacier One 280MPH,https://pcpartpicker.com/product/DPcG3C/phanteks-glacier-one-280mph-9305-cfm-liquid-cpu-cooler-ph-go280mph_dbk01,https://cdna.pcpartpicker.com/static/forever/images/product/dadc17f656a4dc4c4c2d0ab0fee9245b.256p.jpg,500 - 2200 RPM,18 - 39.1 dB,Black,280 mm,
Phanteks Glacier One 240MPH,https://pcpartpicker.com/product/wLYmP6/phanteks-glacier-one-240mph-6051-cfm-liquid-cpu-cooler-ph-go240mph_dbk01,https://cdna.pcpartpicker.com/static/forever/images/product/9302c11b16426119e99350a1bbc1cf1b.256p.jpg,500 - 2200 RPM,18 - 34.2 dB,Black,240 mm,
Lian Li Galahad AIO240 (2022),https://pcpartpicker.com/product/BTkWGX/lian-li-galahad-aio240-2022-6917-cfm-liquid-cpu-cooler-ga-240a-white,https://cdna.pcpartpicker.com/static/forever/images/product/b1c8282ed2a2cef52ef1831b2c7f298c.256p.jpg,800 - 1900 RPM,32 dB,White / Silver,240 mm,
Vetroo U6 Pro,https://pcpartpicker.com/product/gdLFf7/vetroo-u6-pro-582-cfm-cpu-cooler-vt-cpu-u6-wt,https://cdna.pcpartpicker.com/static/forever/images/product/c3aa49a810fd4b1114613c8a78fb1fd5.256p.jpg,700 - 1500 RPM,18.1 - 30.5 dB,White,,
ID-COOLING ICEFLOW ARGB,https://pcpartpicker.com/product/7yYmP6/id-cooling-iceflow-argb-565-cfm-liquid-cpu-cooler-iceflow-240-argb,https://m.media-amazon.com/images/I/41Kw9GCCbaL.jpg,900 - 2000 RPM,16 - 31.5 dB,Black,240 mm,
Deepcool LS320,https://pcpartpicker.com/product/nQrRsY/deepcool-ls320-8585-cfm-liquid-cpu-cooler-ls320,https://cdna.pcpartpicker.com/static/forever/images/product/aee8f2517d5b2fe450ef7e11f217f1e9.256p.jpg,500 - 2250 RPM,32.9 dB,Black,120 mm,
Deepcool GAMMAXX L360 A-RGB,https://pcpartpicker.com/product/czQcCJ/deepcool-gammaxx-l360-a-rgb-6934-cfm-liquid-cpu-cooler-dp-h12cf-gl360-argb-wh,https://cdna.pcpartpicker.com/static/forever/images/product/91264b724c8259a9f1163f850b6b5107.256p.jpg,500 - 1800 RPM,30 dB,White,360 mm,
ID-COOLING SE-914-XT ARGB V2,https://pcpartpicker.com/product/9G92FT/id-cooling-se-914-xt-argb-v2-458-cfm-cpu-cooler-se-914-xt-argb-v2,https://cdna.pcpartpicker.com/static/forever/images/product/b7932403495a3c512b01f97223e7ef0d.256p.jpg,600 - 2200 RPM,14 - 25.8 dB,,,
ID-COOLING PINKFLOW 240 Diamond,https://pcpartpicker.com/product/XHPQzy/id-cooling-pinkflow-240-diamond-552-cfm-liquid-cpu-cooler-pinkflow-240-diamond,https://cdna.pcpartpicker.com/static/forever/images/product/af417d520c0d9b1de0c7ad56f94ff9bd.256p.jpg,900 - 2000 RPM,16.3 - 33.5 dB,Pink,240 mm,
ID-COOLING FROSTFLOW 240 XT,https://pcpartpicker.com/product/D8pzK8/id-cooling-frostflow-240-xt-7616-cfm-liquid-cpu-cooler-frostflow-240-xt,https://cdna.pcpartpicker.com/static/forever/images/product/b55ee17245a425c5c46089e56ffb0aa1.256p.jpg,700 - 1800 RPM,15.2 - 35.2 dB,Black,240 mm,
Cooler Master Hyper 212 RGB,https://pcpartpicker.com/product/mLM48d/cooler-master-hyper-212-rgb-61-cfm-cpu-cooler-rr-212a-18pc-a1,/static/forever/img/no-image.png,650 - 1800 RPM,8 - 27 dB,,,
Deepcool AG500,https://pcpartpicker.com/product/hkvdnQ/deepcool-ag500-6788-cfm-cpu-cooler-ag500,/static/forever/img/no-image.png,300 - 1850 RPM,29.4 dB,Black / Silver,,
Thermalright Frozen Magic 360,https://pcpartpicker.com/product/x2QcCJ/thermalright-frozen-magic-360-6617-cfm-liquid-cpu-cooler-frozen-magic-360,/static/forever/img/no-image.png,1500 RPM,25.6 dB,Black,360 mm,
Silverstone Hydrogon D120 ARGB,https://pcpartpicker.com/product/KGBG3C/silverstone-hydrogon-d120-argb-5623-cfm-cpu-cooler-sst-hyd120w-argb,https://m.media-amazon.com/images/I/51+RI4aQV3L.jpg,,0 - 30.5 dB,White / Silver,,
Cooler Master MASTERLIQUID PL240 FLUX,https://pcpartpicker.com/product/Tjn9TW/cooler-master-masterliquid-pl240-flux-7237-cfm-liquid-cpu-cooler-mly-d24m-a23pz-rw,https://cdna.pcpartpicker.com/static/forever/images/product/6a765695632d5ef31d99660ffb9b50ac.256p.jpg,,32 dB,White,240 mm,
Inter-Tech ALSEYE H240,https://pcpartpicker.com/product/Q8QKHx/inter-tech-alseye-h240-liquid-cpu-cooler-88885487,https://m.media-amazon.com/images/I/41Rxz21k2xL.jpg,800 - 2000 RPM,13.5 - 35.2 dB,Black,240 mm,
Cougar Forza 50,https://pcpartpicker.com/product/MkWJ7P/cougar-forza-50-8248-cfm-cpu-cooler-forza-50,/static/forever/img/no-image.png,600 - 2000 RPM,34.5 dB,Black,,
Thermalright Frozen Magic ARGB,https://pcpartpicker.com/product/PJpQzy/thermalright-frozen-magic-argb-6617-cfm-liquid-cpu-cooler-frozen-magic-360-argb,/static/forever/img/no-image.png,1500 RPM,25.6 dB,Black,360 mm,
ID-COOLING DK-07i RAINBOW,https://pcpartpicker.com/product/Gm26Mp/id-cooling-dk-07i-rainbow-615-cfm-cpu-cooler-dk-07i-rainbow,https://m.media-amazon.com/images/I/41Vm5zAtGWL.jpg,500 - 1800 RPM,14.2 - 25.6 dB,Black,,
Enermax LIQMAXFLO SR 120,https://pcpartpicker.com/product/y7n9TW/enermax-liqmaxflo-sr-120-5803-cfm-liquid-cpu-cooler-elc-lmf120-sf,https://m.media-amazon.com/images/I/41ZV3XRO6BL.jpg,500 - 1800 RPM,23.46 dB,Black,120 mm,
Valkyrie DRAGONFANG,https://pcpartpicker.com/product/C6LdnQ/valkyrie-dragonfang-80-cfm-liquid-cpu-cooler-vk-gl360-black,/static/forever/img/no-image.png,800 - 2150 RPM,29 dB,Black,360 mm,
Valkyrie DRAGONFANG,https://pcpartpicker.com/product/wcFmP6/valkyrie-dragonfang-80-cfm-liquid-cpu-cooler-vk-gl240-black,/static/forever/img/no-image.png,800 - 2150 RPM,29 dB,Black,240 mm,
Geometric Future Eskimo Junior 36,https://pcpartpicker.com/product/wMgrxr/geometric-future-eskimo-junior-36-6911-cfm-liquid-cpu-cooler-geo-ej-36w,https://cdna.pcpartpicker.com/static/forever/images/product/6db391f1bc88f42da7a8528f78c8bed7.256p.jpg,2000 RPM,29 dB,White,360 mm,
ID-COOLING IS-30i,https://pcpartpicker.com/product/fzwmP6/id-cooling-is-30i-40-cfm-cpu-cooler-is-30i,/static/forever/img/no-image.png,800 - 3600 RPM,17 - 35.8 dB,Black / Silver,,
YEYIAN VATN 120 ARGB,https://pcpartpicker.com/product/yQsV3C/yeyian-vatn-120-argb-75-cfm-liquid-cpu-cooler-yts-120sl-01,https://cdna.pcpartpicker.com/static/forever/images/product/79cc38f397c0a4856c91117fbbaa28d1.256p.jpg,800 - 2000 RPM,25 - 32 dB,Black,120 mm,
Thermalright Frozen Guardian,https://pcpartpicker.com/product/cwQKHx/thermalright-frozen-guardian-liquid-cpu-cooler-frozen-guardian-360-white,https://cdna.pcpartpicker.com/static/forever/images/product/faac4eddbc31f88779318ab0f276b7fc.256p.jpg,2150 RPM,27 dB,White,360 mm,
Ocypus Delta A62 ARGB,https://pcpartpicker.com/product/jQCZxr/ocypus-delta-a62-argb-73-cfm-cpu-cooler-delta-a62-wh-argb,https://m.media-amazon.com/images/I/41kao1jwyUL.jpg,500 - 2000 RPM,29 dB,White,,
Ocypus Delta L36 ARGB,https://pcpartpicker.com/product/GMGhP6/ocypus-delta-l36-argb-73-cfm-liquid-cpu-cooler-delta-l36-wh-argb,/static/forever/img/no-image.png,500 - 2000 RPM,29 dB,White,360 mm,
SilentiumPC Spartan 4 MAX EVO ARGB,https://pcpartpicker.com/product/ZnsV3C/silentiumpc-spartan-4-max-evo-argb-cpu-cooler-spc273,/static/forever/img/no-image.png,300 - 1600 RPM,,,,
iTek Hydro Cube,https://pcpartpicker.com/product/mfxTwP/itek-hydro-cube-6554-cfm-liquid-cpu-cooler-itlchca240,https://m.media-amazon.com/images/I/41Gp+nGAZPL.jpg,2000 RPM,31.6 dB,Black,240 mm,
Mars Gaming MCPU-XU6,https://pcpartpicker.com/product/J8xTwP/mars-gaming-mcpu-xu6-cpu-cooler-mcpuxu6w,https://cdna.pcpartpicker.com/static/forever/images/product/06eaf3f88e5a9a42c0371253246035ee.256p.jpg,800 - 2000 RPM,9 - 23 dB,White,,
upHere UP1T4,https://pcpartpicker.com/product/Yxtkcf/uphere-up1t4-682-cfm-cpu-cooler-up1t4,/static/forever/img/no-image.png,600 - 1650 RPM,25 dB,White,,
upHere UP1TC4,https://pcpartpicker.com/product/47ZWGX/uphere-up1tc4-682-cfm-cpu-cooler-up1tc4,/static/forever/img/no-image.png,600 - 1650 RPM,25 dB,White,,
SilentiumPC Spartan 3 PRO HE1024,https://pcpartpicker.com/product/CgfV3C/silentiumpc-spartan-3-pro-he1024-cpu-cooler-spc146,https://m.media-amazon.com/images/I/41ZRmdZHN6L.jpg,800 - 2000 RPM,,Black / Silver,,
Fractal Design Kelvin T12,https://pcpartpicker.com/product/ff7CmG/fractal-design-kelvin-t12-624-cfm-liquid-cpu-cooler-fd-wcu-kelvin-t12-bk,https://cdna.pcpartpicker.com/static/forever/images/product/1d416ae9749cce704682373ad2bcf14f.256p.jpg,800 - 1700 RPM,26.9 dB,,120 mm,
Silverstone Hydrogon D120 ARGB,https://pcpartpicker.com/product/gpjBD3/silverstone-hydrogon-d120-argb-5623-cfm-cpu-cooler-sst-hyd120-argb,https://cdna.pcpartpicker.com/static/forever/images/product/991e346d89b9b060c47e347908ab1bae.256p.jpg,,0 - 30.5 dB,Black / Silver,,
Xilence M906,https://pcpartpicker.com/product/XnpQzy/xilence-m906-cpu-cooler-xc081,https://cdna.pcpartpicker.com/static/forever/images/product/b2be5dc8ac3e18c871e8b700b0151383.256p.jpg,500 - 1500 RPM,18 - 30.8 dB,Black,,70.94
ASRock Steel Legend LCD,https://pcpartpicker.com/product/Gpvscf/asrock-steel-legend-lcd-767-cfm-liquid-cpu-cooler-90-asla36-baaga5,https://cdna.pcpartpicker.com/static/forever/images/product/9283501e0f73e53b62a5d98be760ebaa.256p.jpg,,38.3 dB,Black,360 mm,
Dynatron K17,https://pcpartpicker.com/product/RH6BD3/dynatron-cpu-cooler-k17,https://cdna.pcpartpicker.com/static/forever/images/product/d681b25072bf52d53a6669fd9de8f36e.256p.jpg,1000 - 2500 RPM,17 - 31.92 dB,,,44.95
RAIJINTEK AIDOS BLACK,https://pcpartpicker.com/product/b8h9TW/raijintek-cpu-cooler-0r100009,https://m.media-amazon.com/images/I/41v1pdSGWfL.jpg,1000 - 2200 RPM,28.87 dB,,,
Gelid Solutions SnowStorm,https://pcpartpicker.com/product/vjX2FT/gelid-solutions-cpu-cooler-ccsnowstorm01,https://cdna.pcpartpicker.com/static/forever/images/product/a0602e463a7972d68046163dc21c6d46.256p.jpg,900 - 2200 RPM,10 - 24.1 dB,,,
Silverstone PF240-ARGB V2,https://pcpartpicker.com/product/DB9nTW/silverstone-pf240-argb-v2-94-cfm-liquid-cpu-cooler-sst-pf240w-argb-v2,https://cdna.pcpartpicker.com/static/forever/images/product/6946c35ec22706413adf98c0627f9d4c.256p.jpg,600 - 2200 RPM,7.4 - 35.6 dB,White,240 mm,152.18
LevelPlay CL240 ARGB,https://pcpartpicker.com/product/wQsMnQ/levelplay-cl240-argb-53-cfm-liquid-cpu-cooler-lrw-m12nn-18apn-gw1,/static/forever/img/no-image.png,,0 - 26 dB,White,240 mm,76.23
Antec KUHLER Box,https://pcpartpicker.com/product/zCXfrH/antec-cpu-cooler-kuhlerbox,https://images-na.ssl-images-amazon.com/images/I/51yRScli-cL.jpg,,,,,
Noctua NH-U9DX 1366,https://pcpartpicker.com/product/8jrG3C/noctua-nh-u9dx-1366-378-cfm-cpu-cooler-nh-u9dx-1366,https://cdna.pcpartpicker.com/static/forever/images/product/7d85ec976170721042371475de1c4d50.256p.jpg,1000 - 1600 RPM,7.9 - 17.6 dB,,,
Phanteks PH-TC14PE_BL,https://pcpartpicker.com/product/KbJwrH/phanteks-cpu-cooler-phtc14pebl,https://m.media-amazon.com/images/I/518ZLTFj9ZL.jpg,700 - 1200 RPM,13.4 - 19 dB,,,
Thermaltake Water 2.0 Pro,https://pcpartpicker.com/product/Lth9TW/thermaltake-water-20-pro-8132-cfm-liquid-cpu-cooler-clw0216,https://images-na.ssl-images-amazon.com/images/I/41wUUMe8VPL.jpg,1200 - 2000 RPM,10 - 27.36 dB,,120 mm,
Titan TTC-NK54TZ,https://pcpartpicker.com/product/TwW9TW/titan-cpu-cooler-ttcnk54tz,https://cdna.pcpartpicker.com/static/forever/images/product/912140f26f5e9bce8e4c40cb0f9313f5.256p.jpg,3500 RPM,30.6 dB,,,
Xigmatek ld964,https://pcpartpicker.com/product/j7xfrH/xigmatek-cpu-cooler-ld964,/static/forever/img/no-image.png,1000 - 2800 RPM,22 dB,,,
Dynatron R4,https://pcpartpicker.com/product/KWphP6/dynatron-cpu-cooler-r4,/static/forever/img/no-image.png,,,,,
Thermaltake CLP0587,https://pcpartpicker.com/product/yP4gXL/thermaltake-cpu-cooler-clp0587,https://m.media-amazon.com/images/I/41oem7iqg7L.jpg,1200 - 1800 RPM,39 dB,,,74.98
Thermalright Silver Arrow Extreme,https://pcpartpicker.com/product/2x8Zxr/thermalright-silver-arrow-extreme-130-cfm-cpu-cooler-silver-arrow-sb-e-extreme,https://m.media-amazon.com/images/I/51m2qbMmeLL.jpg,600 - 2500 RPM,21 - 45 dB,,,
Cooler Master Eisberg 240L Prestige,https://pcpartpicker.com/product/Kx7wrH/cooler-master-eisberg-240l-prestige-602-cfm-liquid-cpu-cooler-rl-eb24-16fk-r1,https://images-na.ssl-images-amazon.com/images/I/41X0vwFteTL.jpg,1600 RPM,20.5 dB,,240 mm,
Enermax ETS-T40-BK,https://pcpartpicker.com/product/pKW9TW/enermax-cpu-cooler-etst40bk,https://images-na.ssl-images-amazon.com/images/I/51P1ElECKdL.jpg,800 - 1800 RPM,16 - 26 dB,,,
Scythe Mugen 4,https://pcpartpicker.com/product/kNK7YJ/scythe-cpu-cooler-scmg4000,https://m.media-amazon.com/images/I/41DjdRZiDvL.jpg,400 - 1400 RPM,5.3 - 28 dB,,,
Cooler Master Hyper 412 Slim,https://pcpartpicker.com/product/4fYXsY/cooler-master-cpu-cooler-rrh41216pkr1,https://images-na.ssl-images-amazon.com/images/I/51MCSoLR4LL.jpg,500 - 1600 RPM,8 - 30 dB,,,
Thermalright TRUE Spirit 140 POWER,https://pcpartpicker.com/product/qs6BD3/thermalright-true-spirit-140-power-736-cfm-cpu-cooler-true-spirit-140-power,https://m.media-amazon.com/images/I/51CUdWdKgTL.jpg,900 - 1300 RPM,17 - 21 dB,,,
RAIJINTEK THEMIS Evo,https://pcpartpicker.com/product/rVtCmG/raijintek-cpu-cooler-0p105245,https://m.media-amazon.com/images/I/51xvlTWefKL.jpg,1000 - 1500 RPM,24.53 dB,,,
Deepcool GAMMAXX 200,https://pcpartpicker.com/product/LmV48d/deepcool-cpu-cooler-gammaxx200,/static/forever/img/no-image.png,900 - 2200 RPM,17.8 - 34.6 dB,,,
Deepcool GAMMAXX S40,https://pcpartpicker.com/product/JP648d/deepcool-gammaxx-s40-5425-cfm-cpu-cooler-gammaxx-s40,/static/forever/img/no-image.png,900 - 1600 RPM,17.8 - 26.1 dB,,,
Evercool HPS-810CP,https://pcpartpicker.com/product/7Mp323/evercool-cpu-cooler-echps810cp,https://cdna.pcpartpicker.com/static/forever/images/product/da12e00e52e5b506d6ee426a130fe3d1.256p.jpg,1500 - 4000 RPM,16.2 - 37.5 dB,,,
Akasa Venom Voodoo,https://pcpartpicker.com/product/FGfmP6/akasa-cpu-cooler-akcc4008hp01,https://cdna.pcpartpicker.com/static/forever/images/product/ab9ebd7ce946e451a475b9ac0378473b.256p.jpg,600 - 1900 RPM,6.9 - 28.9 dB,,,
Cooler Master GeminII S524 Ver 2,https://pcpartpicker.com/product/7XH48d/cooler-master-cpu-cooler-rrg5v220pkr1,https://m.media-amazon.com/images/I/41adWGFFK0L.jpg,2000 RPM,22 dB,,,
Thermaltake Water 3.0 Performer C + LNC,https://pcpartpicker.com/product/TPs8TW/thermaltake-water-30-performer-c-lnc-8132-cfm-liquid-cpu-cooler-clw0222-b,https://cdna.pcpartpicker.com/static/forever/images/product/0cdc937d0aae92a78828def45fe64d05.256p.jpg,1200 - 2000 RPM,27.36 dB,,120 mm,
Enermax ETS-T40F-W,https://pcpartpicker.com/product/LWbkcf/enermax-cpu-cooler-etst40fw,https://m.media-amazon.com/images/I/41AMGv6cWcL.jpg,2200 RPM,27 dB,,,
Cooler Master MasterLiquid Pro 240,https://pcpartpicker.com/product/sqmxFT/cooler-master-masterliquid-pro-240-667-cfm-liquid-cpu-cooler-mly-d24m-a20mb-r1,https://images-eu.ssl-images-amazon.com/images/I/51sC7-2qKlL.jpg,500 - 2000 RPM,6 - 30 dB,,240 mm,
ID-COOLING FROSTFLOW 240L-W,https://pcpartpicker.com/product/LVwqqs/id-cooling-frostflow-240l-w-845-cfm-liquid-cpu-cooler-frostflow-240l-w,https://m.media-amazon.com/images/I/519nsPHdTtL.jpg,800 - 2000 RPM,20 - 38.2 dB,,240 mm,
Reeven Vanxie,https://pcpartpicker.com/product/XvjWGX/reeven-vanxie-248-cfm-cpu-cooler-rc-0801b,https://cdna.pcpartpicker.com/static/forever/images/product/92294aa11190424b93ac8d9341157a1f.256p.jpg,800 - 3300 RPM,8.2 - 32.5 dB,,,
Reeven Brontes RC-1001b,https://pcpartpicker.com/product/hgBrxr/reeven-brontes-rc-1001b-304-cfm-sleeve-bearing-cpu-cooler-rc-1001b,https://cdna.pcpartpicker.com/static/forever/images/product/4a6d7fe342d6dc50923821bb90750abc.256p.jpg,650 - 2200 RPM,10.5 - 31.67 dB,,,
be quiet! Silent Loop 280,https://pcpartpicker.com/product/zXfmP6/be-quiet-silent-loop-280-942-cfm-liquid-cpu-cooler-bw003,https://cdna.pcpartpicker.com/static/forever/images/product/53abd0b6f7ae35605c98e6e1d937c8c5.256p.jpg,1600 RPM,16.1 - 37.3 dB,,280 mm,
RAIJINTEK TISIS CORE EDITION,https://pcpartpicker.com/product/wJkwrH/raijintek-tisis-core-edition-fanless-cpu-cooler-0r100017,https://m.media-amazon.com/images/I/51rpO4HPrlL.jpg,,0 dB,,,
Thermaltake Engine 27,https://pcpartpicker.com/product/7YfmP6/thermaltake-engine-27-92-cfm-cpu-cooler-cl-p032-ca06sl-a,https://cdna.pcpartpicker.com/static/forever/images/product/2639daf9a9f17adf4dfbad294e20f456.256p.jpg,1500 - 2500 RPM,13 - 25 dB,,,
Scythe Mugen 5,https://pcpartpicker.com/product/q9QRsY/scythe-mugen-5-5117-cfm-cpu-cooler-scmg-5000,https://cdna.pcpartpicker.com/static/forever/images/product/0c56e6b888f4ff751ffb12ae76454164.256p.jpg,300 - 1200 RPM,4 - 24.9 dB,,,
Alpenföhn Brocken 2,https://pcpartpicker.com/product/mHjWGX/alpenfohn-brocken-2-642-cfm-cpu-cooler-8400000094,/static/forever/img/no-image.png,1100 RPM,19 dB,,,
Alpenföhn Brocken 2 PCGH,https://pcpartpicker.com/product/8wnG3C/alpenfohn-brocken-2-pcgh-350-cfm-cpu-cooler-84000000136,https://cdna.pcpartpicker.com/static/forever/images/product/4470eae82ff0151f08788f2381d1104a.256p.jpg,700 RPM,18.5 dB,,,
Alpenföhn Matterhorn Pure,https://pcpartpicker.com/product/2N7CmG/alpenfohn-matterhorn-pure-636-cfm-cpu-cooler-84000000079,https://cdna.pcpartpicker.com/static/forever/images/product/7b267cac495cb6bb324c2ae9f5038635.256p.jpg,500 - 1500 RPM,8 - 24.8 dB,,,
NZXT Kraken X42 Rev 2,https://pcpartpicker.com/product/r7x9TW/nzxt-kraken-x42-rev-2-9817-cfm-liquid-cpu-cooler-rl-krx42-02,https://cdna.pcpartpicker.com/static/forever/images/product/e7443e952ac5550b9c32d32c72a9feec.256p.jpg,500 - 1800 RPM,21 - 38 dB,,140 mm,
Thermaltake Floe Riing RGB 280 TT Premium Edition,https://pcpartpicker.com/product/DN38TW/thermaltake-floe-riing-rgb-280-tt-premium-edition-6319-cfm-liquid-cpu-cooler-cl-w167-pl14sw-a,https://cdna.pcpartpicker.com/static/forever/images/product/37e681f2b6e4bb45bfa34e10ec909167.256p.jpg,500 - 1400 RPM,19.8 - 27.2 dB,,280 mm,
ARCTIC Freezer 33 PENTA,https://pcpartpicker.com/product/7K648d/arctic-freezer-33-penta-cpu-cooler-acfre00037a,https://cdna.pcpartpicker.com/static/forever/images/product/10c02c35c3f91ebce0d46a163e464ca8.256p.jpg,120 - 1350 RPM,22.5 dB,,,
Enermax ETS-N30R-HE,https://pcpartpicker.com/product/czfmP6/enermax-ets-n30r-he-554-cfm-cpu-cooler-ets-n30r-he,https://m.media-amazon.com/images/I/41T7Xo4JmVL.jpg,600 - 2800 RPM,12 - 28 dB,,,
Enermax Liqfusion 240,https://pcpartpicker.com/product/D6448d/enermax-liqfusion-240-10217-cfm-liquid-cpu-cooler-elc-lf240-rgb,https://cdna.pcpartpicker.com/static/forever/images/product/af912940c0fcb57a5e29cb4f40b0ab2b.256p.jpg,500 - 2000 RPM,14 - 28 dB,Black,240 mm,
Scythe Kotetsu Mark II,https://pcpartpicker.com/product/sM66Mp/scythe-kotetsu-mark-ii-5117-cfm-cpu-cooler-scktt-2000,https://m.media-amazon.com/images/I/51W+LGH+s6L.jpg,300 - 1200 RPM,4 - 24.9 dB,,,
Deepcool Castle 280 RGB,https://pcpartpicker.com/product/kFprxr/deepcool-castle-280-rgb-967-cfm-liquid-cpu-cooler-dp-gs-h12l-csl280rgb,https://cdna.pcpartpicker.com/static/forever/images/product/d09843356d720e2d9db8ff84b77fc2e3.256p.jpg,500 - 1800 RPM,19.8 - 35.4 dB,Black,280 mm,
Alphacool Eisbaer 280,https://pcpartpicker.com/product/jBCD4D/alphacool-eisbaer-280-6231-cfm-liquid-cpu-cooler-11287,https://cdna.pcpartpicker.com/static/forever/images/product/61c680a16f60bc39f90a138b890021de.256p.jpg,1100 RPM,29.4 dB,Black / Blue,280 mm,
Thermalright SilverArrow TR4,https://pcpartpicker.com/product/M4zkcf/thermalright-silverarrow-tr4-130-cfm-cpu-cooler-silverarrow-tr4,https://cdna.pcpartpicker.com/static/forever/images/product/3560bdb345b2fdf76fc0e2905344b77f.256p.jpg,600 - 2500 RPM,21 - 45 dB,Silver / Red,,
ARCTIC Freezer 34 eSports,https://pcpartpicker.com/product/yk22FT/arctic-freezer-34-esports-cpu-cooler-acfre00059a,https://m.media-amazon.com/images/I/416eSeFfVgL.jpg,200 - 2100 RPM,,Green / Black,,
Silverstone AR11,https://pcpartpicker.com/product/pbRzK8/silverstone-ar11-5576-cfm-cpu-cooler-sst-ar11,https://cdna.pcpartpicker.com/static/forever/images/product/cd943951883cce4e1d8a1b96dadd762b.256p.jpg,1200 - 3000 RPM,19.3 - 44.5 dB,Black / Silver,,49.99
SilentiumPC Navis RGB 240,https://pcpartpicker.com/product/hs97YJ/silentiumpc-navis-rgb-240-liquid-cpu-cooler-spc219,https://images-eu.ssl-images-amazon.com/images/I/41ViLiI9zoL.jpg,800 - 2300 RPM,,Black,240 mm,
Cougar Helor 240,https://pcpartpicker.com/product/kvMwrH/cougar-helor-240-784-cfm-liquid-cpu-cooler-rl-hlr240-v1,https://cdna.pcpartpicker.com/static/forever/images/product/512f831f7b5f0cc7bc41aa0b3a1abc73.256p.jpg,600 - 1800 RPM,37.1 dB,Black,240 mm,254.36
CRYORIG C7G,https://pcpartpicker.com/product/JqqBD3/cryorig-c7g-405-cfm-cpu-cooler-cr-c7g,https://cdna.pcpartpicker.com/static/forever/images/product/3b392ae3245ee0aed19d2fb63eb9031a.256p.jpg,600 - 2500 RPM,30 dB,Black / Silver,,
GameMax Iceberg 240 ARGB,https://pcpartpicker.com/product/BRkgXL/gamemax-iceberg-240-argb-36-cfm-liquid-cpu-cooler-gmx-iceberg240argb,https://cdna.pcpartpicker.com/static/forever/images/product/9960c43c68ed6ce5d07131b66d12a5b4.256p.jpg,1100 RPM,25 dB,Black,240 mm,
Enermax Liqtech II 240,https://pcpartpicker.com/product/fHCD4D/enermax-liqtech-ii-240-10217-cfm-liquid-cpu-cooler-elc-ltto240-tbp,https://cdna.pcpartpicker.com/static/forever/images/product/2532ff45594f0c5afc5909e0b5255e53.256p.jpg,500 - 2300 RPM,14 - 28 dB,Black,240 mm,
upHere CCF150ARGB,https://pcpartpicker.com/product/pwCFf7/uphere-ccf150argb-497-cfm-cpu-cooler-ccf150argb-usa,https://m.media-amazon.com/images/I/41K2SuNkkRL.jpg,600 - 1800 RPM,16.1 - 27.7 dB,Black,,
Alpenföhn Brocken 3,https://pcpartpicker.com/product/xZPgXL/alpenfohn-brocken-3-6062-cfm-cpu-cooler-84000000154,https://cdna.pcpartpicker.com/static/forever/images/product/7fb1411bc3ca79d2db68c76ae1a63447.256p.jpg,400 - 1050 RPM,22 dB,Black,,
Scythe Mugen 5 Black RGB Edition,https://pcpartpicker.com/product/W3n8TW/scythe-mugen-5-black-rgb-edition-5117-cfm-cpu-cooler-scmg-5100bk,https://cdna.pcpartpicker.com/static/forever/images/product/30c4d414b88ffc7f6879e18f6e78db28.256p.jpg,300 - 1200 RPM,4 - 24.9 dB,Black / Silver,,
SilentiumPC Fera 3 EVO ARGB,https://pcpartpicker.com/product/hMzFf7/silentiumpc-fera-3-evo-argb-cpu-cooler-spc281,https://cdna.pcpartpicker.com/static/forever/images/product/edaad12b4706f868ddec9c4a30005959.256p.jpg,250 - 1600 RPM,,White / Silver,,
Enermax AQUAFUSION,https://pcpartpicker.com/product/CKfFf7/enermax-aquafusion-798-cfm-liquid-cpu-cooler-elc-aqf120-sqa-w,https://cdna.pcpartpicker.com/static/forever/images/product/b91fe51fec234c8fc182a42a5a7ce063.256p.jpg,500 - 2000 RPM,17 - 32.6 dB,White,120 mm,
Enermax AQUAFUSION 360,https://pcpartpicker.com/product/t4stt6/enermax-aquafusion-360-798-cfm-liquid-cpu-cooler-elc-aqf360-sqa,https://cdna.pcpartpicker.com/static/forever/images/product/6e622c098a213b6b1d36771f6436e5a0.256p.jpg,500 - 2000 RPM,17 - 32.6 dB,Black,360 mm,
Deepcool CASTLE 240EX RGB,https://pcpartpicker.com/product/ztnypg/deepcool-castle-240ex-rgb-606-cfm-liquid-cpu-cooler-dp-gs-h12-csl240ex-rgb,/static/forever/img/no-image.png,500 - 1800 RPM,35 dB,Black,240 mm,
Alpenföhn Glacier Water 280,https://pcpartpicker.com/product/Vh7G3C/alpenfohn-glacier-water-280-1033-cfm-liquid-cpu-cooler-84000000189,https://cdna.pcpartpicker.com/static/forever/images/product/36258f27ef65d6a6e4543c001aadaf31.256p.jpg,500 - 2000 RPM,36.4 dB,Black,280 mm,
Thermalright Assassin King 120 Plus,https://pcpartpicker.com/product/vK2WGX/thermalright-assassin-king-120-plus-6617-cfm-cpu-cooler-ak-120-plus,https://m.media-amazon.com/images/I/411fgwVdiBL.jpg,1500 RPM,25.6 dB,Black / Silver,,
Cougar AQUA,https://pcpartpicker.com/product/QLwypg/cougar-aqua-7064-cfm-liquid-cpu-cooler-aqua-240,https://cdna.pcpartpicker.com/static/forever/images/product/18dc79654330364bad9b5749b7f019ed.256p.jpg,600 - 1800 RPM,35 dB,Black,240 mm,
Fractal Design Lumen S36,https://pcpartpicker.com/product/XkqPxr/fractal-design-lumen-s36-56-cfm-liquid-cpu-cooler-fd-w-l1-s3601,https://cdna.pcpartpicker.com/static/forever/images/product/b47d07d961f359b0ef384d0ed6fdd265.256p.jpg,500 - 2000 RPM,10 - 33.2 dB,Black,360 mm,
Thermalright Frost Spirit 140 V3 WHITE,https://pcpartpicker.com/product/NMytt6/thermalright-frost-spirit-140-v3-white-778-cfm-cpu-cooler-fs140-v3-white,https://m.media-amazon.com/images/I/51nYl3EEi4L.jpg,1500 RPM,25.6 dB,White,,
GAMDIAS BOREAS E1,https://pcpartpicker.com/product/4hBG3C/gamdias-boreas-e1-702-cfm-cpu-cooler-boreas-e1-410-lite,https://m.media-amazon.com/images/I/41yKZEcncqL.jpg,800 - 2000 RPM,10 - 31 dB,Black / Silver,,
GAMDIAS BOREAS M1,https://pcpartpicker.com/product/fjLFf7/gamdias-boreas-m1-610-74-cfm-cpu-cooler-boreas-m1-610,https://cdna.pcpartpicker.com/static/forever/images/product/fc5ce1b58e734e9a528363e2a71a1b42.256p.jpg,800 - 2600 RPM,10 - 32 dB,Black / Silver,,
Thermalright Frost Commander 140,https://pcpartpicker.com/product/bnC48d/thermalright-frost-commander-140-955-cfm-cpu-cooler-fc140-white,https://m.media-amazon.com/images/I/41uUf0kV3OL.jpg,1800 RPM,30.2 dB,White,,
Vetroo darkstorm M2,https://pcpartpicker.com/product/XkZ9TW/vetroo-darkstorm-m2-56-cfm-cpu-cooler-vt-cpu-rgb-m2,/static/forever/img/no-image.png,1600 RPM,26 dB,Black,,
ID-COOLING IS-50X V2,https://pcpartpicker.com/product/hhH7YJ/id-cooling-is-50x-v2-546-cfm-cpu-cooler-is-50x-v2,/static/forever/img/no-image.png,500 - 2000 RPM,13.8 - 31.2 dB,Black / Gray,,
Thermaltake Water 3.0 Riing Red 140,https://pcpartpicker.com/product/PDYmP6/thermaltake-water-30-riing-red-140-406-cfm-liquid-cpu-cooler-cl-w150-pl14re-a,https://cdna.pcpartpicker.com/static/forever/images/product/8e540981ec47055b3740452c759fd53b.256p.jpg,400 - 1500 RPM,18.5 - 26.4 dB,Black / Red,140 mm,
Deepcool GAMMAXX L240 A-RGB,https://pcpartpicker.com/product/DVkWGX/deepcool-gammaxx-l240-a-rgb-6934-cfm-liquid-cpu-cooler-dp-h12cf-gl240-argb-wh,https://cdna.pcpartpicker.com/static/forever/images/product/c5ca11475a09a09f8e29465c9e317c4c.256p.jpg,500 - 1800 RPM,30 dB,White,240 mm,
ID-COOLING SE-902-SD V2,https://pcpartpicker.com/product/cqjBD3/id-cooling-se-902-sd-v2-3744-cfm-cpu-cooler-se-902-sd-v2,https://cdna.pcpartpicker.com/static/forever/images/product/b3ab4879a190bb88da0a719509a5bbef.256p.jpg,2000 RPM,23.1 dB,,,
ID-COOLING ICEFLOW 240 ARGB SNOW,https://pcpartpicker.com/product/QVxRsY/id-cooling-iceflow-240-argb-snow-565-cfm-liquid-cpu-cooler-iceflow-240-argb-snow,https://cdna.pcpartpicker.com/static/forever/images/product/74f8aa2b67a53af8cf96173f4cb0de2a.256p.jpg,900 - 2000 RPM,16 - 31.5 dB,White,240 mm,
MSI MAG CORELIQUID B,https://pcpartpicker.com/product/6c92FT/msi-mag-coreliquid-b-7873-cfm-liquid-cpu-cooler-mag-coreliquid-b240,https://cdna.pcpartpicker.com/static/forever/images/product/cee3505062aa6f6aef93b0846d695360.256p.jpg,500 - 2000 RPM,14.3 - 34.3 dB,Black,240 mm,
MSI MAG CORELIQUID B,https://pcpartpicker.com/product/WnPQzy/msi-mag-coreliquid-b-7873-cfm-liquid-cpu-cooler-mag-coreliquid-b120,https://cdna.pcpartpicker.com/static/forever/images/product/0d9334beedd2c262f4cfcfbec4a1f387.256p.jpg,500 - 2000 RPM,14.3 - 34.3 dB,Black,120 mm,
Montech METAL DT24 BASE,https://pcpartpicker.com/product/TXXJ7P/montech-metal-dt24-base-69-cfm-cpu-cooler-metal-dt24-base,https://cdna.pcpartpicker.com/static/forever/images/product/1ce149b6cc7542e9a9ae07f1102270de.256p.jpg,800 - 1950 RPM,26 dB,Black / Silver,,
EK EK-Nucleus AIO CR240 Vision D-RGB,https://pcpartpicker.com/product/gznypg/ek-ek-nucleus-aio-cr240-vision-d-rgb-77-cfm-liquid-cpu-cooler-ek-nucleus-aio-cr240-vision-d-rgb,https://cdna.pcpartpicker.com/static/forever/images/product/62174f0eb62af6e22e28bfcae7b3eeb6.256p.jpg,500 - 2200 RPM,33.5 dB,Black,240 mm,
Alphacool Eisbaer Pro HPE Aurora,https://pcpartpicker.com/product/CG3NnQ/alphacool-eisbaer-pro-hpe-aurora-6998-cfm-liquid-cpu-cooler-13704,/static/forever/img/no-image.png,,31.5 dB,Black,360 mm,
Noua Siberus TR240,https://pcpartpicker.com/product/cBqrxr/noua-siberus-tr240-75-cfm-liquid-cpu-cooler-lc0320-tr240,https://m.media-amazon.com/images/I/41yCaMYvoDL.jpg,800 - 1800 RPM,25 - 32 dB,Black,240 mm,
Noua Siberus Pro 120,https://pcpartpicker.com/product/JBqrxr/noua-siberus-pro-120-51-cfm-liquid-cpu-cooler-lc0422-tp120,https://m.media-amazon.com/images/I/41NPu5wQfsL.jpg,800 - 1800 RPM,32 dB,Black,120 mm,
Inter-Tech ALSEYE X120,https://pcpartpicker.com/product/8h7scf/inter-tech-alseye-x120-563-cfm-liquid-cpu-cooler-88885493,https://m.media-amazon.com/images/I/41VsRXm4TrL.jpg,1600 RPM,35.6 dB,Gray / Black,120 mm,
GAMDIAS CHIONE P3-360U,https://pcpartpicker.com/product/PCFmP6/gamdias-chione-p3-360u-6901-cfm-liquid-cpu-cooler-chione-p3-360u,https://m.media-amazon.com/images/I/31YQpwWV1YL.jpg,800 - 2000 RPM,10 - 31 dB,Black,360 mm,
Phanteks GLACIER ONE 240D30,https://pcpartpicker.com/product/srRwrH/phanteks-glacier-one-240d30-643-cfm-liquid-cpu-cooler-ph-go240d30_dbk01,https://cdna.pcpartpicker.com/static/forever/images/product/af89cc95b171ee2e02a37dee1658805f.256p.jpg,250 - 2000 RPM,30.2 dB,Black,240 mm,
Iceberg Thermal IceFLOE OASIS 240,https://pcpartpicker.com/product/bdYRsY/iceberg-thermal-icefloe-oasis-240-7674-cfm-liquid-cpu-cooler-ifoa24-ban,https://m.media-amazon.com/images/I/41jfWnIQglL.jpg,200 - 2200 RPM,28.9 dB,Black,240 mm,
Thermaltake Floe DX RGB TT Premium Edition B,https://pcpartpicker.com/product/4wxbt6/thermaltake-floe-dx-rgb-tt-premium-edition-b-4245-cfm-liquid-cpu-cooler-cl-w255-pl12sw-b,https://m.media-amazon.com/images/I/41loNLGaoqL.jpg,500 - 1500 RPM,19 - 23.9 dB,Black,240 mm,189.99
ID-COOLING FX240,https://pcpartpicker.com/product/K9ZXsY/id-cooling-fx240-7616-cfm-liquid-cpu-cooler-fx240-white,/static/forever/img/no-image.png,700 - 1800 RPM,35.2 dB,White,240 mm,
ID-COOLING FX120 ARGB,https://pcpartpicker.com/product/9DdG3C/id-cooling-fx120-argb-7616-cfm-liquid-cpu-cooler-fx120-argb,https://cdna.pcpartpicker.com/static/forever/images/product/80917f71a3574e45d35665113a0ec73f.256p.jpg,500 - 1800 RPM,35.2 dB,Black,120 mm,
ID-COOLING FX360 ARGB,https://pcpartpicker.com/product/8tYRsY/id-cooling-fx360-argb-7616-cfm-liquid-cpu-cooler-fx360-argb-white,/static/forever/img/no-image.png,500 - 1800 RPM,35.2 dB,White,360 mm,
ID-COOLING IS-47-XT,https://pcpartpicker.com/product/MtYRsY/id-cooling-is-47-xt-46-cfm-cpu-cooler-is-47-xt-white,/static/forever/img/no-image.png,800 - 2800 RPM,35.2 dB,White,,
Thermaltake TH280 V2 Ultra EX ARGB Sync,https://pcpartpicker.com/product/BktLrH/thermaltake-th280-v2-ultra-ex-argb-sync-903-cfm-liquid-cpu-cooler-cl-w416-pl14sw-a,https://m.media-amazon.com/images/I/3129MWy96vL.jpg,500 - 2000 RPM,30.7 dB,Black,280 mm,
Xilence LQ240PRO,https://pcpartpicker.com/product/sG88TW/xilence-lq240pro-6341-cfm-liquid-cpu-cooler-xc982,https://m.media-amazon.com/images/I/41QXbbkpKxL.jpg,500 - 1500 RPM,22 - 24 dB,Black,240 mm,110.80
Akasa SOHO 240 Dawn,https://pcpartpicker.com/product/RYvD4D/akasa-soho-240-dawn-5291-cfm-liquid-cpu-cooler-ak-lc4004hp01,https://cdna.pcpartpicker.com/static/forever/images/product/3fa71b18274058bbc09ddfa00aa92416.256p.jpg,500 - 2000 RPM,14.5 - 31.8 dB,White,240 mm,
Ocypus Iota A40,https://pcpartpicker.com/product/WdjRsY/ocypus-iota-a40-cpu-cooler-iota-a40-wh,/static/forever/img/no-image.png,500 - 2000 RPM,29 dB,White,,
PC Cooler RZ400 V2,https://pcpartpicker.com/product/HhMXsY/pc-cooler-rz400-v2-8673-cfm-cpu-cooler-rz400v2-whnwnx-gl,https://m.media-amazon.com/images/I/41mviN9SdmL.jpg,500 - 2200 RPM,32 dB,White,,
Thermalright Frost Vortex SE,https://pcpartpicker.com/product/97TFf7/thermalright-frost-vortex-se-904-cfm-cpu-cooler-frost-vortex-140-se,https://cdna.pcpartpicker.com/static/forever/images/product/18052740162e78566113b04d59109bef.256p.jpg,1650 RPM,29 dB,Black / Silver,,
Zalman Alpha2 DS A24,https://pcpartpicker.com/product/3JNscf/zalman-alpha2-ds-a24-liquid-cpu-cooler-alpha2-ds-a24-white,https://m.media-amazon.com/images/I/31yBbq3oPwL.jpg,600 - 2000 RPM,29.7 dB,White,240 mm,
LevelPlay CL360 ARGB,https://pcpartpicker.com/product/ChwD4D/levelplay-cl360-argb-53-cfm-liquid-cpu-cooler-lrw-m13nn-18apn-gw1,/static/forever/img/no-image.png,,0 - 26 dB,White,360 mm,
Cooler Master MasterLiquid Atmos II,https://pcpartpicker.com/product/QhFCmG/cooler-master-masterliquid-atmos-ii-190-cfm-liquid-cpu-cooler-mlx-d36m-a25sz-rw,/static/forever/img/no-image.png,690 - 2500 RPM,38.5 dB,White,360 mm,
ARCTIC Freezer i35 RGB,https://pcpartpicker.com/product/8WxRsY/arctic-freezer-i35-rgb-cpu-cooler-acfre00096a,https://cdna.pcpartpicker.com/static/forever/images/product/7066dab0bc943ea0eafba7b2458ece3c.256p.jpg,200 - 1700 RPM,,Black,,
Silverstone PF120-ARGB,https://pcpartpicker.com/product/qVFKHx/silverstone-pf120-argb-94-cfm-liquid-cpu-cooler-sst-pf120-argb,https://cdna.pcpartpicker.com/static/forever/images/product/cd21eae373e69fe1458d3108d4d2397a.256p.jpg,600 - 2200 RPM,7.4 - 35.6 dB,Black,120 mm,
Thermaltake Floe DX RGB 280 TT Premium Edition,https://pcpartpicker.com/product/xDTzK8/thermaltake-floe-dx-rgb-280-tt-premium-edition-6087-cfm-liquid-cpu-cooler-cl-w257-pl14sw-a,https://cdna.pcpartpicker.com/static/forever/images/product/5e54f319d628a8af92c45af80289bc00.256p.jpg,500 - 1400 RPM,19.8 - 26.2 dB,Black / Gray,280 mm,176.05
Zalman ALPHA2 A36,https://pcpartpicker.com/product/Ldhv6h/zalman-alpha2-a36-liquid-cpu-cooler-alpha2-a36-white,https://cdna.pcpartpicker.com/static/forever/images/product/361763ef280a9cfa0bec89b82f3ebb8b.256p.jpg,600 - 2000 RPM,29.7 dB,White,360 mm,
Silverstone NT07-115X,https://pcpartpicker.com/product/pd4gXL/silverstone-cpu-cooler-nt07115x,https://m.media-amazon.com/images/I/41nDv8hj5DL.jpg,1200 - 3400 RPM,18 - 26 dB,,,28.89
Thermaltake Riing Silent 12 RGB Sync Edition,https://pcpartpicker.com/product/bDK2FT/thermaltake-riing-silent-12-rgb-sync-edition-53-cfm-cpu-cooler-cl-p052-al12sw-a,https://cdna.pcpartpicker.com/static/forever/images/product/5b493e6f868b08f742ad31e08628f160.256p.jpg,300 - 1500 RPM,13 - 22 dB,Black,,
Valkyrie DRAGONFANG,https://pcpartpicker.com/product/Mbrqqs/valkyrie-dragonfang-80-cfm-liquid-cpu-cooler-vk-gl240-white,/static/forever/img/no-image.png,800 - 2150 RPM,29 dB,White,240 mm,
Zalman ALPHA2 A24,https://pcpartpicker.com/product/n9DQzy/zalman-alpha2-a24-liquid-cpu-cooler-alpha2-a24-white,https://m.media-amazon.com/images/I/31jd6ka3eQL.jpg,600 - 2000 RPM,29.7 dB,White,240 mm,
Cooler Master RR-V6SV-22PR-R1,https://pcpartpicker.com/product/xtfp99/cooler-master-cpu-cooler-rrv6sv22prr1,/static/forever/img/no-image.png,800 - 2200 RPM,15 - 38 dB,,,
Cooler Master Vortex Plus,https://pcpartpicker.com/product/9Bn2FT/cooler-master-cpu-cooler-rrvtps28pkr1,https://m.media-amazon.com/images/I/51IFSbGVXLL.jpg,800 - 2800 RPM,17 - 35 dB,,,
Zalman CNPS9900MAX-R,https://pcpartpicker.com/product/mJ4gXL/zalman-cpu-cooler-cnps9900maxr,https://m.media-amazon.com/images/I/51ecr-84I0L.jpg,900 - 1700 RPM,18 - 30 dB,,,
Zalman CNPS10X Extreme,https://pcpartpicker.com/product/3vyFf7/zalman-cpu-cooler-cnps10xextreme,https://m.media-amazon.com/images/I/510thWO0NCL.jpg,1000 - 2150 RPM,20 - 39 dB,,,
Zalman CNPS9500 AT,https://pcpartpicker.com/product/F3phP6/zalman-cpu-cooler-cnps9500at,https://cdna.pcpartpicker.com/static/forever/images/product/2a1c526fc69d61537c39f6c013bd3851.256p.jpg,1300 - 2650 RPM,18 - 27.5 dB,,,
EVGA M020-00-000234,https://pcpartpicker.com/product/HMW9TW/evga-cpu-cooler-m02000000234,https://m.media-amazon.com/images/I/41qlDE2ccYL.jpg,750 - 2500 RPM,13.2 - 41.5 dB,,,
Antec KUHLER H2O 620,https://pcpartpicker.com/product/9CYXsY/antec-kuhler-h2o-620-liquid-cpu-cooler-kuhler-h2o-620,https://m.media-amazon.com/images/I/51yVf+s8qKL.jpg,1450 - 2000 RPM,,,120 mm,
ARCTIC Alpine 11 Pro Rev. 2,https://pcpartpicker.com/product/3Mh9TW/arctic-cooling-cpu-cooler-acalp11pror2,https://m.media-amazon.com/images/I/51buEv8pE4L.jpg,500 - 2000 RPM,,,,
Zalman ZM-CNPS14X,https://pcpartpicker.com/product/jDYXsY/zalman-cpu-cooler-zmcnps14x,/static/forever/img/no-image.png,950 - 1350 RPM,17 - 21 dB,,,
Silverstone SST-HE01,https://pcpartpicker.com/product/6xw323/silverstone-cpu-cooler-ssthe01,https://m.media-amazon.com/images/I/51z4AT+aR1L.jpg,500 - 2000 RPM,18 - 41 dB,,,
Zalman CNPS8900 Quiet,https://pcpartpicker.com/product/jbJwrH/zalman-cpu-cooler-cnps8900quiet,https://m.media-amazon.com/images/I/51KIoduMbUL.jpg,1000 - 1500 RPM,19 - 25 dB,,,
Corsair H50,https://pcpartpicker.com/product/LyYXsY/corsair-h50-57-cfm-liquid-cpu-cooler-h50,https://cdna.pcpartpicker.com/static/forever/images/product/7e7cf2d20d1fa4fca30ee69f571a90ae.256p.jpg,1700 RPM,30.32 dB,,120 mm,
Zalman CNPS7000V(AL)-1-PWM,https://pcpartpicker.com/product/CYkD4D/zalman-cpu-cooler-cnps7000val1pwm,https://m.media-amazon.com/images/I/51o0HF0IM1L.jpg,800 - 2600 RPM,20 - 32 dB,,,
Phanteks PH-TC12DX_BK,https://pcpartpicker.com/product/gc8Zxr/phanteks-cpu-cooler-phtc12dxbk,https://cdna.pcpartpicker.com/static/forever/images/product/bffbf73233571731082f998b66db01ad.256p.jpg,600 - 1800 RPM,21.9 - 27.6 dB,,,
Thermalright TS-120M(BW),https://pcpartpicker.com/product/VDGkcf/thermalright-cpu-cooler-ts120mbw,https://cdna.pcpartpicker.com/static/forever/images/product/edc2565d83dc9fb675749a360cf5c087.med.256p.jpg,600 - 1300 RPM,24.5 dB,,,
Zalman CNPS7000V(AL)-1-PWMB,https://pcpartpicker.com/product/J6kD4D/zalman-cpu-cooler-cnps7000val1pwmb,https://cdna.pcpartpicker.com/static/forever/images/product/4877f6b59d7897a82d27c055f1fa96c4.med.256p.jpg,800 - 2600 RPM,20 - 32 dB,,,
Antec KUHLER H2O 1250,https://pcpartpicker.com/product/bT8Zxr/antec-kuhler-h2o-1250-98-cfm-liquid-cpu-cooler-kuhler-h2o-1250,https://m.media-amazon.com/images/I/411-m7DFLZL.jpg,600 - 2400 RPM,16 - 38 dB,,240 mm,
Zalman CNPS7000-AlCu,https://pcpartpicker.com/product/QQFPxr/zalman-cpu-cooler-cnps7000alcu,https://images-na.ssl-images-amazon.com/images/I/51I6vr%2Bw8ML.jpg,1350 - 2400 RPM,17 - 24 dB,,,
CRYORIG R1 Universal,https://pcpartpicker.com/product/8TvRsY/cryorig-r1-universal-76-cfm-cpu-cooler-cr-r1b,https://cdna.pcpartpicker.com/static/forever/images/product/01fd2fbcda508889cd3c912e015d7e38.256p.jpg,700 - 1300 RPM,20 - 25 dB,,,
Thermalright Venomous X RT Rev.SB-E,https://pcpartpicker.com/product/pgYXsY/thermalright-cpu-cooler-venomousxrtrevsbe,https://m.media-amazon.com/images/I/211oV89O--L.jpg,700 - 1500 RPM,17 - 28.5 dB,,,
NZXT Kraken X31,https://pcpartpicker.com/product/p3fp99/nzxt-kraken-x31-695-cfm-liquid-cpu-cooler-rl-krx31-01,https://m.media-amazon.com/images/I/51G7frNb8xL.jpg,800 - 2000 RPM,18 - 34 dB,,120 mm,
Deepcool NEPTWIN V2.0,https://pcpartpicker.com/product/3XXfrH/deepcool-neptwin-v20-5365-cfm-cpu-cooler-neptwin-v20,/static/forever/img/no-image.png,1300 RPM,26.6 dB,,,
Cooler Master Nepton 120XL,https://pcpartpicker.com/product/6jX2FT/cooler-master-nepton-120xl-76-cfm-liquid-cpu-cooler-rl-n12x-24pk-r1,https://cdna.pcpartpicker.com/static/forever/images/product/c3389deb17c11def3b46f696b08c3c1e.med.256p.jpg,2400 RPM,6.5 - 27 dB,,120 mm,
Masscool 5T568S1H3,https://pcpartpicker.com/product/wZTmP6/masscool-cpu-cooler-5t568s1h3,https://m.media-amazon.com/images/I/51vkDY7ph1L.jpg,4200 RPM,31.8 dB,,,
Evercool TRANSFORMER S,https://pcpartpicker.com/product/YpgPxr/evercool-cpu-cooler-hpn9525,/static/forever/img/no-image.png,2200 RPM,20 dB,,,
Akasa Nero LX,https://pcpartpicker.com/product/4XL7YJ/akasa-cpu-cooler-akcc4011ep01,https://cdna.pcpartpicker.com/static/forever/images/product/880bbb6f9d342e65ead8654ee7c98a9f.256p.jpg,600 - 1900 RPM,11.5 - 31.5 dB,,,
ARCTIC Freezer i30,https://pcpartpicker.com/product/mdX2FT/arctic-cooling-cpu-cooler-ucacofi30001gb,https://m.media-amazon.com/images/I/51D70tu3KEL.jpg,400 - 1350 RPM,22.5 dB,,,
CRYORIG M9a,https://pcpartpicker.com/product/Gqp323/cryorig-cpu-cooler-m9a,https://cdna.pcpartpicker.com/static/forever/images/product/fbd814f76856756dbfeefe36e119f42a.256p.jpg,600 - 2200 RPM,26.4 dB,,,
Enermax ETS-T40F-TB,https://pcpartpicker.com/product/TJfmP6/enermax-ets-t40f-tb-4772-cfm-cpu-cooler-ets-t40f-tb,https://m.media-amazon.com/images/I/51pUPuAIFWL.jpg,900 - 1800 RPM,11 - 21 dB,,,
ARCTIC Liquid Freezer 120,https://pcpartpicker.com/product/wxcMnQ/arctic-liquid-freezer-120-74-cfm-liquid-cpu-cooler-acfre00016a,https://m.media-amazon.com/images/I/41iC1i9H1fL.jpg,500 - 1350 RPM,,,120 mm,
Antec Kühler H600 Pro,https://pcpartpicker.com/product/QrDzK8/antec-kuhler-h600-pro-789-cfm-liquid-cpu-cooler-0-761345-10901-7,https://m.media-amazon.com/images/I/31Uy5FE7s+L.jpg,600 - 2400 RPM,16 - 35 dB,,120 mm,
Scythe SCKDT-1000,https://pcpartpicker.com/product/MZQRsY/scythe-sckdt-1000-248-cfm-cpu-cooler-sckdt-1000,https://m.media-amazon.com/images/I/51lqlnIrQBL.jpg,800 - 3300 RPM,8.2 - 32.5 dB,,,
Deepcool ICE BLADE PRO V2.0,https://pcpartpicker.com/product/MrcMnQ/deepcool-ice-blade-pro-v20-603-cfm-cpu-cooler-ice-blade-pro-v20,https://cdna.pcpartpicker.com/static/forever/images/product/c1253fda21f7e18ed7ffde5e4e315e7a.256p.jpg,900 - 1500 RPM,17.8 - 30 dB,,,
Thermalright TRUE Spirit 140 Direct,https://pcpartpicker.com/product/dmvZxr/thermalright-true-spirit-140-direct-736-cfm-cpu-cooler-true-spirit-140-direct,https://m.media-amazon.com/images/I/511IWYYlhHL.jpg,300 - 1300 RPM,15 - 21 dB,,,
ARCTIC Freezer 33 TR (Black/Red),https://pcpartpicker.com/product/KzBrxr/arctic-freezer-33-tr-blackred-cpu-cooler-acfre00038a,https://cdna.pcpartpicker.com/static/forever/images/product/c8ab15ef7b00ffb94399e80e4885e424.256p.jpg,200 - 1800 RPM,24.4 dB,,,
ARCTIC Freezer 12 CO,https://pcpartpicker.com/product/7d38TW/arctic-freezer-12-co-cpu-cooler-acfre00030a,https://cdna.pcpartpicker.com/static/forever/images/product/0bba816a90730dfcc2a3a4953cb9d666.256p.jpg,,22.5 dB,,,
ARCTIC Freezer 33 Plus,https://pcpartpicker.com/product/VHkwrH/arctic-freezer-33-plus-cpu-cooler-acfre00032a,https://cdna.pcpartpicker.com/static/forever/images/product/f20517310f05025d3e41e9eadd185ca2.256p.jpg,,22.5 dB,,,
ARCTIC Freezer 33 eSports ONE (Black/White),https://pcpartpicker.com/product/yHNv6h/arctic-freezer-33-esports-one-blackwhite-cpu-cooler-acfre00043a,https://cdna.pcpartpicker.com/static/forever/images/product/6555227ff645b6b645a64bbf470b39f6.256p.jpg,200 - 1800 RPM,24.4 dB,Black / White,,
ID-COOLING AURAFLOW 120,https://pcpartpicker.com/product/WQdxFT/id-cooling-auraflow-120-745-cfm-liquid-cpu-cooler-auraflow-120,https://cdna.pcpartpicker.com/static/forever/images/product/2e9fdf1460ed127212560bb73b28863f.256p.jpg,700 - 1800 RPM,18 - 35.2 dB,Black,120 mm,
ID-COOLING AURAFLOW 240 SNOW,https://pcpartpicker.com/product/jrMwrH/id-cooling-auraflow-240-snow-745-cfm-liquid-cpu-cooler-auraflow-240-snow,https://cdna.pcpartpicker.com/static/forever/images/product/a136ae4cc7ffb423fbbc42b38a4f53c6.256p.jpg,700 - 1800 RPM,18 - 35.2 dB,White,240 mm,
Gigabyte AORUS ATC700,https://pcpartpicker.com/product/RNgzK8/gigabyte-aorus-atc700-530-cfm-cpu-cooler-gp-atc700,https://cdna.pcpartpicker.com/static/forever/images/product/8f60e4bea75c58a39663b4df76104449.256p.jpg,500 - 1700 RPM,12 - 31 dB,Black / Orange,,
Cooler Master MasterAir MA410M TUF Gaming Edition,https://pcpartpicker.com/product/dwm323/cooler-master-masterair-ma410m-tuf-edition-534-cfm-cpu-cooler-mam-t4pn-afnpc-r1,https://m.media-amazon.com/images/I/51BXk0643aL.jpg,600 - 1800 RPM,6 - 31 dB,Black / Yellow,,
CRYORIG C7 Cu,https://pcpartpicker.com/product/V9ndnQ/cryorig-c7-cu-405-cfm-cpu-cooler-cr-c7b,https://m.media-amazon.com/images/I/51-STTNh2hL.jpg,600 - 2500 RPM,30 dB,White / Orange,,
SilentiumPC Fera 3 HE1224 v2,https://pcpartpicker.com/product/MXF48d/silentiumpc-fera-3-he1224-v2-465-cfm-cpu-cooler-fera-3-he1224-v2,/static/forever/img/no-image.png,500 - 1600 RPM,,,,
Deepcool Fryzen,https://pcpartpicker.com/product/4cVD4D/deepcool-fryzen-640-cfm-cpu-cooler-fryzen,https://cdna.pcpartpicker.com/static/forever/images/product/5f0ff99edbb1210a649751c53d8ab6b7.256p.jpg,500 - 1800 RPM,17.8 - 41.5 dB,Silver / Black,,
FSP Group Windale 4,https://pcpartpicker.com/product/Y4HRsY/fsp-group-windale-4-60-cfm-cpu-cooler-ac401,https://m.media-amazon.com/images/I/51Kz6OAz2UL.jpg,600 - 1600 RPM,32 dB,Black / Silver,,
SilentiumPC Navis RGB 120,https://pcpartpicker.com/product/XXjJ7P/silentiumpc-navis-rgb-120-liquid-cpu-cooler-spc218,https://images-eu.ssl-images-amazon.com/images/I/41Wdt8XE56L.jpg,800 - 2300 RPM,,Black,120 mm,
ID-COOLING ZOOMFLOW 240,https://pcpartpicker.com/product/x3c48d/id-cooling-zoomflow-240-552-cfm-liquid-cpu-cooler-zoomflow-240,https://cdna.pcpartpicker.com/static/forever/images/product/62dc85935a84ff4270322c40890b234e.256p.jpg,900 - 2000 RPM,16.3 - 33.5 dB,Black,240 mm,
Scythe KOTETSU Mark II TUF,https://pcpartpicker.com/product/LVdxFT/scythe-kotetsu-mark-ii-tuf-5117-cfm-cpu-cooler-scktt-2000tuf,https://cdna.pcpartpicker.com/static/forever/images/product/2a9517ff801f6ed18db22598e4199ffe.256p.jpg,300 - 1200 RPM,4 - 24.9 dB,Black / Yellow,,
CRYORIG H7 ULTRA,https://pcpartpicker.com/product/KxFKHx/cryorig-h7-ultra-59-cfm-cpu-cooler-cr-h7ua,https://cdna.pcpartpicker.com/static/forever/images/product/6dde616ece70021b5613bc83fe3a8bb5.256p.jpg,300 - 1600 RPM,25 dB,Black / Silver,,
Rosewill PB120,https://pcpartpicker.com/product/NBGxFT/rosewill-pb120-534-cfm-liquid-cpu-cooler-pb120,https://cdna.pcpartpicker.com/static/forever/images/product/6b333c049d812ff8750f698fb5ec3d9f.256p.jpg,600 - 1800 RPM,34.1 dB,Black,120 mm,
Deepcool GAMERSTORM CAPTAIN 240PRO V2,https://pcpartpicker.com/product/Jz6qqs/deepcool-gamerstorm-captain-240pro-v2-6934-cfm-liquid-cpu-cooler-captain-240pro-v2,https://cdna.pcpartpicker.com/static/forever/images/product/489a5ce9a54af6b4984e8d0620bc95e0.256p.jpg,500 - 1800 RPM,30 dB,Black,240 mm,
Silverstone PF240-ARGB,https://pcpartpicker.com/product/KxgQzy/silverstone-pf240-argb-94-cfm-liquid-cpu-cooler-sst-pf240-argb,https://cdna.pcpartpicker.com/static/forever/images/product/1845ba3d7237364cf69e7ce04b662226.256p.jpg,600 - 2200 RPM,7.4 - 35.6 dB,Black,240 mm,
Deepcool Neptwin RGB,https://pcpartpicker.com/product/VmMwrH/deepcool-neptwin-rgb-565-cfm-cpu-cooler-neptwin-rgb,https://cdna.pcpartpicker.com/static/forever/images/product/6a9cb081468e2a25429ea9b210024313.256p.jpg,500 - 1500 RPM,27 dB,Black / Silver,,
Gelid Solutions Sirocco,https://pcpartpicker.com/product/zt9tt6/gelid-solutions-sirocco-cpu-cooler-cc-sirocco-01-a,https://cdna.pcpartpicker.com/static/forever/images/product/63bf51c370799be030eb44f8de5ac99e.256p.jpg,750 - 2000 RPM,40.4 dB,Black / Silver,,
Rosewill ROCC-17001,https://pcpartpicker.com/product/kPJtt6/rosewill-rocc-17001-cpu-cooler-rocc-17001,https://cdna.pcpartpicker.com/static/forever/images/product/0df803d774d2715f2e764e861145f393.256p.jpg,1500 - 2500 RPM,13 - 25 dB,Silver,,
Antec Neptune 240 ARGB,https://pcpartpicker.com/product/szgQzy/antec-neptune-240-argb-77-cfm-liquid-cpu-cooler-neptune-240-argb,https://cdna.pcpartpicker.com/static/forever/images/product/b78050eef67476bd87bcd66bccb3c01b.256p.jpg,900 - 1600 RPM,20 - 36 dB,Black,240 mm,
Deepcool GAMMAXX GT V2,https://pcpartpicker.com/product/pHtKHx/deepcool-gammaxx-gt-v2-645-cfm-cpu-cooler-dp-mch4-gmx-gtv2,https://cdna.pcpartpicker.com/static/forever/images/product/bf6fad26bd9dcf267bc623e1d371cc8c.256p.jpg,500 - 1650 RPM,27.8 dB,Black / Silver,,
ID-COOLING DK,https://pcpartpicker.com/product/4fMTwP/id-cooling-dk-03i-rgb-pwm-615-cfm-cpu-cooler-dk-03i-rgb-pwm,https://m.media-amazon.com/images/I/41tBkaTzgFL.jpg,500 - 1800 RPM,14.2 - 25.6 dB,Black / Silver,,
be quiet! Silent Loop 2 120,https://pcpartpicker.com/product/Yk6p99/be-quiet-silent-loop-2-120-7333-cfm-liquid-cpu-cooler-bw009,https://cdna.pcpartpicker.com/static/forever/images/product/8b86c7cb3f29e1b3ab9f22b44754195c.256p.jpg,2200 RPM,16.6 - 36.4 dB,Black,120 mm,
Thermalright AXP-90R,https://pcpartpicker.com/product/PKpzK8/thermalright-axp-90r-4258-cfm-cpu-cooler-axp-90r,https://m.media-amazon.com/images/I/512d2IJAIgL.jpg,2700 RPM,22.4 dB,Silver / Gray,,
ID-COOLING SE-224-XT ARGB V2,https://pcpartpicker.com/product/RZcG3C/id-cooling-se-224-xt-argb-v2-cpu-cooler-se-224-xt-argb-v2,/static/forever/img/no-image.png,900 - 2000 RPM,16.2 - 31.5 dB,,,
Thermalright Assassin King 120 Mini,https://pcpartpicker.com/product/JxbTwP/thermalright-assassin-king-120-mini-6487-cfm-cpu-cooler-ak-120-mini,/static/forever/img/no-image.png,1500 RPM,25.2 dB,Black / Silver,,
Cougar AQUA,https://pcpartpicker.com/product/KNgFf7/cougar-aqua-7064-cfm-liquid-cpu-cooler-aqua-120,https://cdna.pcpartpicker.com/static/forever/images/product/af60475e4d73033131cd1bea39060db3.256p.jpg,600 - 1800 RPM,35 dB,Black,120 mm,
Cougar AQUA,https://pcpartpicker.com/product/33mmP6/cougar-aqua-7064-cfm-liquid-cpu-cooler-aqua-360,https://cdna.pcpartpicker.com/static/forever/images/product/60e400538a963a115e1af52b1b8b9a8b.256p.jpg,600 - 1800 RPM,35 dB,Black,360 mm,
Iceberg Thermal IceSLEET X7 Dual,https://pcpartpicker.com/product/P8XJ7P/iceberg-thermal-icesleet-x7-dual-96-cfm-cpu-cooler-icesleetx7-d0a,https://cdna.pcpartpicker.com/static/forever/images/product/e1a2fd18b682b56e74cedbbe7a7a6c8a.256p.jpg,500 - 1850 RPM,0 - 38 dB,Teal / Silver,,
MSI MAG CORELIQUID RH,https://pcpartpicker.com/product/PFM48d/msi-mag-coreliquid-rh-7873-cfm-liquid-cpu-cooler-mag-coreliquid-360rh,https://m.media-amazon.com/images/I/31pNoskq3kS.jpg,500 - 2000 RPM,14.3 - 34.3 dB,Black,360 mm,
Thermalright Silver Soul 135,https://pcpartpicker.com/product/ys4Ycf/thermalright-silver-soul-135-82-cfm-cpu-cooler-ss-135-white-1700-d3,https://m.media-amazon.com/images/I/41210Jn330L.jpg,1850 RPM,29.6 dB,White,,
Thermaltake Water 3.0 Riing Red 280,https://pcpartpicker.com/product/JX8bt6/thermaltake-water-30-riing-red-280-812-cfm-liquid-cpu-cooler-cl-w138-pl14re-a,https://cdna.pcpartpicker.com/static/forever/images/product/d8845bba371debfc887dce04d7e36458.256p.jpg,300 - 1500 RPM,18.5 - 26.4 dB,Black / Red,280 mm,
ID-COOLING DK-01T,https://pcpartpicker.com/product/xc8bt6/id-cooling-dk-01t-385-cfm-cpu-cooler-dk-01t,https://cdna.pcpartpicker.com/static/forever/images/product/5441a5599f0aa58d5f4e73b6d907bca2.256p.jpg,2200 RPM,23.8 dB,,,
ID-COOLING IS-27i,https://pcpartpicker.com/product/tpC48d/id-cooling-is-27i-218-cfm-cpu-cooler-is-27i,https://cdna.pcpartpicker.com/static/forever/images/product/5d7fd07d97bd587bad9d17f8fa063d6e.256p.jpg,800 - 2700 RPM,14 - 25 dB,,,
ID-COOLING FROSTFLOW X 120 SNOW,https://pcpartpicker.com/product/cc92FT/id-cooling-frostflow-x-120-snow-745-cfm-liquid-cpu-cooler-frostflow-x-120-snow,https://cdna.pcpartpicker.com/static/forever/images/product/4e0beed2e56a2d04e165c4b85c249633.256p.jpg,700 - 1800 RPM,18 - 35.2 dB,White,120 mm,
Cooler Master Hyper H410R White Edition,https://pcpartpicker.com/product/7wxRsY/cooler-master-hyper-h410r-white-edition-341-cfm-cpu-cooler-rr-h41w-20pw-r1,https://cdna.pcpartpicker.com/static/forever/images/product/96bdaa4aaf3a0c31f6250e6879dfd7e0.256p.jpg,600 - 2000 RPM,6 - 29 dB,,,
SilentiumPC Fortis 5 ARGB,https://pcpartpicker.com/product/PcQcCJ/silentiumpc-fortis-5-argb-cpu-cooler-spc308,https://m.media-amazon.com/images/I/31wruv7Er8L.jpg,300 - 1400 RPM,,Black / Silver,,
Enermax ETS-F40-FS,https://pcpartpicker.com/product/KjpzK8/enermax-ets-f40-fs-7433-cfm-cpu-cooler-ets-f40-w-argb,https://cdna.pcpartpicker.com/static/forever/images/product/82e9db6d3032647a12c81df6a55277a4.256p.jpg,300 - 1200 RPM,10 - 23 dB,White,,
Jonsbo HX4170D,https://pcpartpicker.com/product/v4n9TW/jonsbo-hx4170d-3885-cfm-cpu-cooler-hx4170d-white,https://cdna.pcpartpicker.com/static/forever/images/product/9469af4a274a14a66f6c6a3556245400.256p.jpg,600 - 3300 RPM,28.4 dB,White,,
Deepcool UL551 RGB,https://pcpartpicker.com/product/y34Zxr/deepcool-ul551-rgb-4431-cfm-cpu-cooler-r-ul551-bkamab-g-1,/static/forever/img/no-image.png,500 - 1800 RPM,26.8 dB,Black,,
Inter-Tech ALSEYE H360,https://pcpartpicker.com/product/FwYRsY/inter-tech-alseye-h360-liquid-cpu-cooler-88885486,https://m.media-amazon.com/images/I/41l50nPWlYL.jpg,800 - 2000 RPM,13.5 - 35.2 dB,Black,360 mm,
Inter-Tech ALSEYE X360,https://pcpartpicker.com/product/kkfxFT/inter-tech-alseye-x360-563-cfm-liquid-cpu-cooler-88885515,https://m.media-amazon.com/images/I/41bJYqiextL.jpg,1600 RPM,35.6 dB,Gray / Black,360 mm,
Gelid Solutions Glacier,https://pcpartpicker.com/product/HCrqqs/gelid-solutions-glacier-70-cfm-cpu-cooler-cc-glacier-02-a,https://m.media-amazon.com/images/I/41rYmowL20L.jpg,500 - 1600 RPM,35 dB,Black,,
Thermalright Frozen Magic Scenic V2,https://pcpartpicker.com/product/DjRwrH/thermalright-frozen-magic-scenic-v2-69-cfm-liquid-cpu-cooler-frozen-magic-240-scenic-v2-d6,https://m.media-amazon.com/images/I/41l36-d5CsL.jpg,2150 RPM,28.1 dB,White,240 mm,
Thermalright Frozen Magic ARGB,https://pcpartpicker.com/product/yWJp99/thermalright-frozen-magic-argb-6617-cfm-liquid-cpu-cooler-frozen-magic-240-argb,/static/forever/img/no-image.png,1500 RPM,25.6 dB,Black,240 mm,
Thermalright Frozen Magic EX,https://pcpartpicker.com/product/v4ZXsY/thermalright-frozen-magic-ex-82-cfm-liquid-cpu-cooler-frozen-magic-ex-120,https://cdna.pcpartpicker.com/static/forever/images/product/5ed08824452678a341181210513d0811.256p.jpg,1850 RPM,29.6 dB,Black,120 mm,
Valkyrie SYN,https://pcpartpicker.com/product/4sWJ7P/valkyrie-syn-80-cfm-liquid-cpu-cooler-vk-e240-loki,/static/forever/img/no-image.png,800 - 2150 RPM,29 dB,Black / Red,240 mm,
Vetroo Shadow,https://pcpartpicker.com/product/hT3NnQ/vetroo-shadow-293-cfm-cpu-cooler-shadow,https://m.media-amazon.com/images/I/41p6DIn1B8L.jpg,800 - 2500 RPM,29.6 dB,Black,,
RAIJINTEK LETO PRO RGB,https://pcpartpicker.com/product/sYYRsY/raijintek-leto-pro-rgb-56-cfm-cpu-cooler-0r100072,https://cdna.pcpartpicker.com/static/forever/images/product/8f581e9f14aaa8e23cfc88c6d1f11863.256p.jpg,800 - 1800 RPM,25 dB,Black / Silver,,
ID-COOLING ZOOMFLOW XT V2,https://pcpartpicker.com/product/2sFmP6/id-cooling-zoomflow-xt-v2-825-cfm-liquid-cpu-cooler-zoomflow-360-xt-v2,https://cdna.pcpartpicker.com/static/forever/images/product/a192baeffb0cf5e5cdc05bd6ace20d7b.256p.jpg,500 - 1800 RPM,13.8 - 35.2 dB,Black,360 mm,
Scythe Ninja 5 Rev. B,https://pcpartpicker.com/product/pGgrxr/scythe-ninja-5-rev-b-4303-cfm-cpu-cooler-scnj-5100,https://m.media-amazon.com/images/I/51PVli4QcQL.jpg,300 - 800 RPM,4 - 14.5 dB,Black,,
Deepcool AG620 Digital,https://pcpartpicker.com/product/6qfxFT/deepcool-ag620-digital-6788-cfm-cpu-cooler-r-ag620-whndmn-g-2,/static/forever/img/no-image.png,300 - 1950 RPM,29.4 dB,White,,
Cooler Master MasterLiquid 360L Core SF6 Luke,https://pcpartpicker.com/product/Tngrxr/cooler-master-masterliquid-360l-core-sf6-luke-7193-cfm-liquid-cpu-cooler-mlw-d36m-a17pz-lk,/static/forever/img/no-image.png,650 - 1750 RPM,27.2 dB,White / Orange,360 mm,
Xilence LQ240 ARGB,https://pcpartpicker.com/product/DWpQzy/xilence-lq240-argb-682-cfm-liquid-cpu-cooler-xc977,https://cdna.pcpartpicker.com/static/forever/images/product/bbcf2d6b294b841320297ab89ba9b74a.256p.jpg,500 - 1500 RPM,18 - 30.2 dB,Black,240 mm,
Xilence LQ360PRO.ARGB,https://pcpartpicker.com/product/yCxxFT/xilence-lq360proargb-7743-cfm-liquid-cpu-cooler-xc987,https://cdna.pcpartpicker.com/static/forever/images/product/0f63453df279249e95a98ea9dbc1d267.256p.jpg,500 - 1800 RPM,18 - 32 dB,Black,360 mm,107.62
GAMDIAS BOREAS E2-410,https://pcpartpicker.com/product/ntzXsY/gamdias-boreas-e2-410-7294-cfm-cpu-cooler-boreas-e2-410-wh,/static/forever/img/no-image.png,800 - 1800 RPM,10 - 32 dB,White,,
Akasa SOHO 360 Dusk,https://pcpartpicker.com/product/92vD4D/akasa-soho-360-dusk-5291-cfm-liquid-cpu-cooler-ak-lc4005hp01,https://cdna.pcpartpicker.com/static/forever/images/product/1c8103cdebeebd6447fbab93a3acd636.256p.jpg,500 - 2000 RPM,14.5 - 31.8 dB,Black,360 mm,
PC Cooler RZ500,https://pcpartpicker.com/product/tzKnTW/pc-cooler-rz500-8673-cfm-cpu-cooler-rz500-whnwnx-gl,https://cdna.pcpartpicker.com/static/forever/images/product/525cfab50b5b45cb6938d496114ff8c1.256p.jpg,500 - 2200 RPM,32 dB,Black,,
upHere UP2K6,https://pcpartpicker.com/product/DLjv6h/uphere-up2k6-682-cfm-cpu-cooler-up2k6,/static/forever/img/no-image.png,600 - 1650 RPM,25 dB,Black,,
upHere UP2K8,https://pcpartpicker.com/product/P4G2FT/uphere-up2k8-682-cfm-cpu-cooler-up2k8,/static/forever/img/no-image.png,600 - 1650 RPM,25 dB,Black,,
Ocypus Gamma A40 ARGB Digital,https://pcpartpicker.com/product/9GwD4D/ocypus-gamma-a40-argb-digital-41-cfm-cpu-cooler-gamma-a40-wh1nawd00x-gl,/static/forever/img/no-image.png,600 - 2400 RPM,29.5 dB,White,,
Inter-Tech ALSEYE Star Warriors W700 Pro,https://pcpartpicker.com/product/KWdMnQ/inter-tech-alseye-star-warriors-w700-pro-9329-cfm-cpu-cooler-star-warriors-series-700pro-y,/static/forever/img/no-image.png,900 - 3000 RPM,45 dB,Yellow,,
LevelPlay Combat Liquid 360 SE,https://pcpartpicker.com/product/yzLp99/levelplay-combat-liquid-360-se-liquid-cpu-cooler-krw-s13nn-20apn-gn1,/static/forever/img/no-image.png,800 - 2000 RPM,6 - 35 dB,Black,360 mm,
Mars Gaming MCPU-XU9,https://pcpartpicker.com/product/dXh2FT/mars-gaming-mcpu-xu9-cpu-cooler-mcpuxu9w,https://cdna.pcpartpicker.com/static/forever/images/product/1664ad2382546023da08d7de555b8745.256p.jpg,800 - 2000 RPM,9 - 23 dB,White,,
Silverstone Argon AR09-115XP,https://pcpartpicker.com/product/YzrcCJ/silverstone-sst-ar09-115xp-279-cfm-ball-bearing-cpu-cooler-sst-ar09-115xp,https://cdna.pcpartpicker.com/static/forever/images/product/d9378602eacfc3c51e133779c7d44ba7.256p.jpg,1200 - 5000 RPM,18.02 - 42.5 dB,,,43.30
Dynatron K199,https://pcpartpicker.com/product/y3phP6/dynatron-k199-147-cfm-cpu-cooler-k199,https://m.media-amazon.com/images/I/31fw+-jttRL.jpg,1000 - 5000 RPM,20.71 - 51.7 dB,,,36.85
Titan TTC-NA43TZ/CU35,https://pcpartpicker.com/product/MFvRsY/titan-cpu-cooler-ttcna43tzcu35,https://cdna.pcpartpicker.com/static/forever/images/product/322eaaa388ffa7310a2fd10cba3fe0c9.med.256p.jpg,900 - 2600 RPM,14 - 33 dB,,,35.00
Zalman CNPS20X,https://pcpartpicker.com/product/kNsnTW/zalman-cnps20x-61-cfm-cpu-cooler-cnps20x,https://cdna.pcpartpicker.com/static/forever/images/product/11236f9d033c7ee8802447c0dae3db55.256p.jpg,800 - 1500 RPM,29 dB,Black / Silver,,39.98
Valkyrie DRAGONFANG,https://pcpartpicker.com/product/Dq9wrH/valkyrie-dragonfang-80-cfm-liquid-cpu-cooler-vk-gl360-white,/static/forever/img/no-image.png,800 - 2150 RPM,29 dB,White,360 mm,
Gelid Solutions Slim Silence I-Plus,https://pcpartpicker.com/product/MRW9TW/gelid-solutions-slim-silence-i-plus-258-cfm-ball-bearing-cpu-cooler-cc-ssilence-iplus,/static/forever/img/no-image.png,1200 - 2600 RPM,15 - 27.8 dB,,,
Zalman CNPS11X Performa,https://pcpartpicker.com/product/2jzv6h/zalman-cpu-cooler-cnps11xperforma,https://m.media-amazon.com/images/I/41jKCi4F7TL.jpg,1000 - 1600 RPM,17 - 26 dB,,,
Zalman CNPS80F,https://pcpartpicker.com/product/BbBv6h/zalman-cpu-cooler-cnps80f,https://m.media-amazon.com/images/I/51f+iRMOQgL.jpg,2500 RPM,23.8 dB,,,
Dynatron R14,https://pcpartpicker.com/product/3dkD4D/dynatron-cpu-cooler-r14,https://cdna.pcpartpicker.com/static/forever/images/product/7cd97fa8620cb6651daeea7d954b1822.256p.jpg,1500 - 7000 RPM,16 - 47.5 dB,,,48.95
ARCTIC Freezer i32,https://pcpartpicker.com/product/rz7CmG/arctic-cooling-cpu-cooler-acfre00004a,https://cdna.pcpartpicker.com/static/forever/images/product/6bd94289e8571766e89307b2dd721cc1.256p.jpg,,,,,
Akasa Vegas Chroma LG,https://pcpartpicker.com/product/BwtKHx/akasa-vegas-chroma-lg-513-cfm-cpu-cooler-ak-cc7139hp01,https://cdna.pcpartpicker.com/static/forever/images/product/16f4f5c6fe6cea4e1148ed9a28f58da0.256p.jpg,500 - 1800 RPM,32.5 dB,Black,,41.58
In Win BR36,https://pcpartpicker.com/product/YN8bt6/in-win-br36-8296-cfm-liquid-cpu-cooler-iw-lc-br36,https://m.media-amazon.com/images/I/31wLQh+yiHS.jpg,400 - 1800 RPM,35.5 dB,Black / White,360 mm,120.00
Enermax AQUAFUSION ADV,https://pcpartpicker.com/product/FYpzK8/enermax-aquafusion-adv-798-cfm-liquid-cpu-cooler-elc-aqfa240-sqa-w,https://cdna.pcpartpicker.com/static/forever/images/product/71727d73a89310b3fd5af44327c931a9.256p.jpg,500 - 2000 RPM,17 - 32.6 dB,White,240 mm,
Silverstone NovaPeak 240 ARGB,https://pcpartpicker.com/product/Gc26Mp/silverstone-novapeak-240-argb-7574-cfm-liquid-cpu-cooler-sst-np240-argb,https://m.media-amazon.com/images/I/41QekCdxysL.jpg,500 - 2200 RPM,12.1 - 33.1 dB,Black,240 mm,86.91
Cooler Master DP6-9EDSA-0L-GP,https://pcpartpicker.com/product/Gw2kcf/cooler-master-cpu-cooler-dp69edsa0lgp,https://cdna.pcpartpicker.com/static/forever/images/product/0f9dbf02c264b1b27112414a1a060ecd.256p.jpg,2600 RPM,24.5 dB,,,
Cooler Master V10 Hybrid TEC,https://pcpartpicker.com/product/fCXfrH/cooler-master-cpu-cooler-rrb2puv10gp,https://m.media-amazon.com/images/I/51QQIwUuaEL.jpg,800 - 2400 RPM,17 dB,,,
Thermaltake Frio,https://pcpartpicker.com/product/xkBv6h/thermaltake-cpu-cooler-clp0564,https://images-na.ssl-images-amazon.com/images/I/41TkZG1v4-L.jpg,1200 - 2500 RPM,20 - 43 dB,,,
Zalman 9500A,https://pcpartpicker.com/product/8CXfrH/zalman-cpu-cooler-9500a,https://m.media-amazon.com/images/I/51FZ1goHAxS.jpg,1350 - 2600 RPM,18 - 27 dB,,,
Noctua NH-C12P SE14,https://pcpartpicker.com/product/f6tCmG/noctua-nh-c12p-se14-6495-cfm-cpu-cooler-nh-c12p-se14,https://cdna.pcpartpicker.com/static/forever/images/product/b10205586905fcce6d11f6fbe95ec246.256p.jpg,750 - 1200 RPM,10.1 - 19.6 dB,,,
Xigmatek Thors Hammer,https://pcpartpicker.com/product/nJ4gXL/xigmatek-cpu-cooler-thorshammer126384w,/static/forever/img/no-image.png,,0 dB,,,
Rosewill RCX-Z775-LP,https://pcpartpicker.com/product/ZjV48d/rosewill-cpu-cooler-rcxz775lp,https://m.media-amazon.com/images/I/41UWx0F5mqL.jpg,600 - 2600 RPM,16 - 24.5 dB,,,
Rosewill RCX-Z90-CP,https://pcpartpicker.com/product/DK9KHx/rosewill-cpu-cooler-rcxz90cp,https://m.media-amazon.com/images/I/41Gm+np+tTL.jpg,600 - 3000 RPM,13.5 - 26.5 dB,,,
Scythe SCNJ-3000,https://pcpartpicker.com/product/KdV48d/scythe-cpu-cooler-scnj3000,https://m.media-amazon.com/images/I/51NrVhy6pmL.jpg,470 - 1900 RPM,9.8 - 27.3 dB,,,
Scythe Shuriken Rev. B 3,https://pcpartpicker.com/product/g4fp99/scythe-cpu-cooler-scsk1100,https://m.media-amazon.com/images/I/51WD0zc9KwL.jpg,650 - 2200 RPM,10.5 - 31.67 dB,,,
Xigmatek EP-CD901,https://pcpartpicker.com/product/7Bn2FT/xigmatek-cpu-cooler-epcd901,https://images-na.ssl-images-amazon.com/images/I/51TTEuqJYfL.jpg,1200 - 2500 RPM,28 dB,,,
Xigmatek GAIA SD1283,https://pcpartpicker.com/product/zxJwrH/xigmatek-cpu-cooler-gaiasd1283,https://m.media-amazon.com/images/I/51SLhYMxpHL.jpg,800 - 1500 RPM,16 - 24 dB,,,
ZEROtherm ZT-570D,https://pcpartpicker.com/product/b6tCmG/zerotherm-cpu-cooler-zt570d,/static/forever/img/no-image.png,900 - 2300 RPM,30 dB,,,
Cooler Master DI5-9HDSC-A1-GP,https://pcpartpicker.com/product/mNbp99/cooler-master-cpu-cooler-di59hdsca1gp,https://m.media-amazon.com/images/I/31SfpPa7xbL.jpg,2200 RPM,23.8 dB,,,
Thermaltake CL-P0187,https://pcpartpicker.com/product/j7Np99/thermaltake-cpu-cooler-clp0187,https://images-na.ssl-images-amazon.com/images/I/512OFsDQEtL.jpg,4800 RPM,36 dB,,,
Xigmatek Prime SD1484,https://pcpartpicker.com/product/sGZQzy/xigmatek-cpu-cooler-primesd1484,https://images-na.ssl-images-amazon.com/images/I/51-EZLnqITL.jpg,800 - 1200 RPM,18 dB,,,
Gelid Solutions Slim Silence AM2,https://pcpartpicker.com/product/ZpPfrH/gelid-solutions-cpu-cooler-slimsilenceam2,/static/forever/img/no-image.png,1200 - 2500 RPM,15 - 27.2 dB,,,
Thermalright Venomous X - RT,https://pcpartpicker.com/product/nzV48d/thermalright-cpu-cooler-venomousxrt,https://m.media-amazon.com/images/I/51SHQJkbqqL.jpg,1300 RPM,24.1 dB,,,
Cooler Master Hyper 612 PWM,https://pcpartpicker.com/product/GfW9TW/cooler-master-cpu-cooler-rrh61220pkr1,https://m.media-amazon.com/images/I/61Bp8PC0JJL.jpg,600 - 2000 RPM,9 - 36 dB,,,
Cooler Master GeminII S524,https://pcpartpicker.com/product/d2yFf7/cooler-master-cpu-cooler-rrg52418pkr1,https://m.media-amazon.com/images/I/31nwwxLbnSL.jpg,800 - 1800 RPM,15.1 - 31.6 dB,,,
Zalman CNPS9500A-LED,https://pcpartpicker.com/product/YNCwrH/zalman-cpu-cooler-cnps9500aled,https://m.media-amazon.com/images/I/51FZ1goHAxS.jpg,1350 - 2600 RPM,18 - 27.5 dB,,,
Zalman CNPS7700ALCULED,https://pcpartpicker.com/product/ZJrG3C/zalman-cpu-cooler-cnps7700alculed,https://images-fe.ssl-images-amazon.com/images/I/51zlHCC2HdL.jpg,1000 - 2000 RPM,22.7 - 37.1 dB,,,
NZXT HAVIK 140,https://pcpartpicker.com/product/xsGkcf/nzxt-cpu-cooler-havik140,https://images-na.ssl-images-amazon.com/images/I/51XQQBlmgtL.jpg,1200 RPM,25 dB,,,
Logisys IC211HTPC,https://pcpartpicker.com/product/2hH323/logisys-cpu-cooler-ic211htpc,https://images-na.ssl-images-amazon.com/images/I/51dWgTS0HCL.jpg,2600 RPM,28 dB,,,
Cooler Master Hyper 612,https://pcpartpicker.com/product/Lg6BD3/cooler-master-cpu-cooler-rrh61220pkr3,https://cdna.pcpartpicker.com/static/forever/images/product/a421d54123da4bf47e6e3f59f3b1fdde.med.256p.jpg,600 - 2000 RPM,9 - 36 dB,,,
Cooler Master TPC 812,https://pcpartpicker.com/product/CNMFf7/cooler-master-cpu-cooler-rrt81224pkr1,https://m.media-amazon.com/images/I/51YprxGGTRL.jpg,600 - 2400 RPM,19 - 40 dB,,,
Thermaltake Water 2.0 Performer,https://pcpartpicker.com/product/HdkD4D/thermaltake-water-20-performer-8132-cfm-liquid-cpu-cooler-clw0215,/static/forever/img/no-image.png,1200 - 2000 RPM,10 - 27.36 dB,,120 mm,
Phanteks PH-TC14CS,https://pcpartpicker.com/product/KrkD4D/phanteks-cpu-cooler-phtc14cs,https://images-na.ssl-images-amazon.com/images/I/41M6zA7hAJL.jpg,700 - 1200 RPM,13.4 - 19 dB,,,
Zalman CNPS10X OPTIMA,https://pcpartpicker.com/product/rpTmP6/zalman-cpu-cooler-cnps10xoptima,https://m.media-amazon.com/images/I/51piWIpLNBL.jpg,1000 - 1700 RPM,17 - 28 dB,,,
SilenX EFZ-80HA3,https://pcpartpicker.com/product/YdkD4D/silenx-cpu-cooler-efz80ha3,https://m.media-amazon.com/images/I/518Kz9UGg6L.jpg,2200 RPM,8 - 24 dB,,,
Xigmatek Dark Knight SD1283,https://pcpartpicker.com/product/HP4gXL/xigmatek-cpu-cooler-darkknightsd1283nighthawkedition,https://cdna.pcpartpicker.com/static/forever/images/product/635184748b3bdae04838c2e25892a8a8.med.256p.jpg,1000 - 2200 RPM,30.1 dB,,,
ARCTIC Alpine 7 Pro,https://pcpartpicker.com/product/W6JwrH/arctic-cooling-cpu-cooler-a7p75000023,https://m.media-amazon.com/images/I/41eJxsJqUtL.jpg,500 - 2000 RPM,,,,
Zalman LQ-315,https://pcpartpicker.com/product/xfQypg/zalman-lq-315-liquid-cpu-cooler-lq-315,https://m.media-amazon.com/images/I/41ZYbYvBnSL.jpg,900 - 2000 RPM,,,120 mm,
Prolimatech Megahalems (No Fans),https://pcpartpicker.com/product/sc9KHx/prolimatech-cpu-cooler-promghbk,https://m.media-amazon.com/images/I/41kkR0-UFIL.jpg,,,,,
ARCTIC Freezer i30 CO,https://pcpartpicker.com/product/xmw323/arctic-cooling-cpu-cooler-ucacofi30201gb,https://m.media-amazon.com/images/I/51Cn2q09qbL.jpg,400 - 1350 RPM,,,,
Evercool HPQ-12025,https://pcpartpicker.com/product/wsDwrH/evercool-cpu-cooler-hpq12025,https://cdna.pcpartpicker.com/static/forever/images/product/42ec493a7ae871215808e6b77b4500f6.med.256p.jpg,800 - 2200 RPM,38.1 dB,,,
Prolimatech PRO-GNSS-BK,https://pcpartpicker.com/product/dTQypg/prolimatech-cpu-cooler-prognssbk,https://m.media-amazon.com/images/I/41PTkrRMIKL.jpg,,0 dB,,,
Thermaltake Water 3.0 Pro,https://pcpartpicker.com/product/2R2kcf/thermaltake-water-30-pro-99-cfm-liquid-cpu-cooler-clw0223,https://cdna.pcpartpicker.com/static/forever/images/product/48239600f4d1858c7cbeb5f96f7ba113.med.256p.jpg,1000 - 2000 RPM,20 dB,,120 mm,
Thermaltake Water 3.0 Extreme,https://pcpartpicker.com/product/8KW9TW/thermaltake-water-30-extreme-99-cfm-liquid-cpu-cooler-clw0224,https://images-na.ssl-images-amazon.com/images/I/41t5Huc51wL.jpg,1000 - 2000 RPM,20 dB,,240 mm,
be quiet! Shadow Rock Pro SR1,https://pcpartpicker.com/product/c4xfrH/be-quiet-cpu-cooler-bk011,https://m.media-amazon.com/images/I/51c4UIHZ0WL.jpg,1500 RPM,7.8 - 21.4 dB,,,
Titan TTC-NK85TZ/CS2,https://pcpartpicker.com/product/KdK7YJ/titan-cpu-cooler-ttcnk85tzcs2,https://cdna.pcpartpicker.com/static/forever/images/product/413d208b6f463cf1e1cf19ae204f312c.256p.jpg,800 - 2200 RPM,15 - 35 dB,,,
Antec KUHLER H2O 650,https://pcpartpicker.com/product/2WxfrH/antec-kuhler-h2o-650-liquid-cpu-cooler-kuhler-h2o-650,https://m.media-amazon.com/images/I/4195A+AEm3L.jpg,600 - 2400 RPM,,,120 mm,
Thermalright Macho Rev.A.,https://pcpartpicker.com/product/w2H323/thermalright-macho-reva-736-cfm-cpu-cooler-macho-reva,/static/forever/img/no-image.png,900 - 1300 RPM,17 - 21 dB,,,
Intel BXRTS2011AC,https://pcpartpicker.com/product/GjTmP6/intel-cpu-cooler-bxrts2011ac,/static/forever/img/no-image.png,1000 - 3000 RPM,,,,
ARCTIC Freezer i11,https://pcpartpicker.com/product/TfJwrH/arctic-cooling-cpu-cooler-ucacofi11001csa01,https://m.media-amazon.com/images/I/51yEZPGqmgL.jpg,500 - 2000 RPM,22.5 dB,,,
Enermax ELC-LM120S-HP,https://pcpartpicker.com/product/kwGkcf/enermax-elc-lm120s-hp-111-cfm-liquid-cpu-cooler-elc-lm120s-hp,/static/forever/img/no-image.png,2500 RPM,30 dB,,120 mm,
Zalman FX70,https://pcpartpicker.com/product/9JFPxr/zalman-cpu-cooler-fx70,https://images-na.ssl-images-amazon.com/images/I/61fh-FoFP7L.jpg,,0 dB,,,
RAIJINTEK TISIS,https://pcpartpicker.com/product/BZn2FT/raijintek-tisis-702-cfm-sleeve-bearing-cpu-cooler-0r100001,https://cdna.pcpartpicker.com/static/forever/images/product/9dfa5337a5e0de993bbbc2a619a00557.256p.jpg,600 - 1000 RPM,23 dB,,,
RAIJINTEK ZELOS,https://pcpartpicker.com/product/ZfK7YJ/raijintek-cpu-cooler-0r100003,https://m.media-amazon.com/images/I/51mCFka0gkL.jpg,800 - 1400 RPM,20 dB,,,
RAIJINTEK AIDOS,https://pcpartpicker.com/product/272kcf/raijintek-cpu-cooler-op105246,https://m.media-amazon.com/images/I/41UR1KQoVGL.jpg,1000 - 2200 RPM,28.87 dB,,,
Deepcool GABRIEL,https://pcpartpicker.com/product/sxh9TW/deepcool-gabriel-6193-cfm-cpu-cooler-gabriel,https://cdna.pcpartpicker.com/static/forever/images/product/66e5a6152a9ea4fe9a60afce975a5aa4.256p.jpg,900 - 1800 RPM,18.2 - 32.4 dB,,,
Silverstone AR05,https://pcpartpicker.com/product/cgX2FT/silverstone-cpu-cooler-ar05,https://m.media-amazon.com/images/I/51BjYYkSOPL.jpg,2500 RPM,20 - 28.3 dB,,,
RAIJINTEK TRITON GREEN,https://pcpartpicker.com/product/QnTrxr/raijintek-triton-green-10046-cfm-sleeve-bearing-liquid-cpu-cooler-0r100019,https://cdna.pcpartpicker.com/static/forever/images/product/9957e85a46b9417ae647428a00fe2442.256p.jpg,1000 - 2600 RPM,21.6 - 36.6 dB,,240 mm,
RAIJINTEK TRITON BLUE,https://pcpartpicker.com/product/KLrcCJ/raijintek-triton-blue-10046-cfm-sleeve-bearing-liquid-cpu-cooler-0r100021,https://cdna.pcpartpicker.com/static/forever/images/product/af3f7d879b471ffc4f63a4eefd5de969.256p.jpg,1000 - 2600 RPM,21.6 - 36.6 dB,,240 mm,
Scythe Kotetsu,https://pcpartpicker.com/product/7998TW/scythe-kotetsu-79-cfm-cpu-cooler-scktt-1000,https://m.media-amazon.com/images/I/51vvZkjyGCL.jpg,400 - 1400 RPM,5.3 - 28 dB,,,
Cooler Master Blizzard T2,https://pcpartpicker.com/product/ZnQRsY/cooler-master-cpu-cooler-rrt222fpr1,https://m.media-amazon.com/images/I/41qchV6HVnL.jpg,2200 RPM,30 dB,,,
Thermalright Silver Arrow ITX,https://pcpartpicker.com/product/rvVBD3/thermalright-silver-arrow-itx-61-cfm-cpu-cooler-silver-arrow-itx,https://m.media-amazon.com/images/I/412SH--F3SL.jpg,300 - 1300 RPM,17 - 24.9 dB,,,
ID-COOLING IS-VC45,https://pcpartpicker.com/product/3tgPxr/id-cooling-cpu-cooler-isvc45,https://m.media-amazon.com/images/I/518vjBTmDXL.jpg,600 - 2500 RPM,14 - 33 dB,,,
CRYORIG A40,https://pcpartpicker.com/product/kbhj4D/cryorig-a40-83-cfm-liquid-cpu-cooler-a40,https://cdna.pcpartpicker.com/static/forever/images/product/0ca4b00f3e8675351739581b1d5188ac.256p.jpg,600 - 2200 RPM,13 - 37 dB,,240 mm,
Scythe FUMA,https://pcpartpicker.com/product/dVwqqs/scythe-cpu-cooler-scfm1000,https://m.media-amazon.com/images/I/51X568o8qvL.jpg,300 - 1400 RPM,13 - 28 dB,,,
ID-COOLING SE-204,https://pcpartpicker.com/product/ZY98TW/id-cooling-cpu-cooler-se204,/static/forever/img/no-image.png,800 - 1800 RPM,16.2 - 29.2 dB,,,
ID-COOLING SE-214,https://pcpartpicker.com/product/fbKhP6/id-cooling-cpu-cooler-se214,https://cdna.pcpartpicker.com/static/forever/images/product/d61942b8696388b747c55b186af8b311.256p.jpg,1800 RPM,16.2 - 29.2 dB,,,
ID-COOLING SE-214X,https://pcpartpicker.com/product/GC648d/id-cooling-se-214x-607-cfm-cpu-cooler-se-214x,/static/forever/img/no-image.png,1800 RPM,16.2 - 29.2 dB,,,
ID-COOLING SE-902,https://pcpartpicker.com/product/zDqbt6/id-cooling-cpu-cooler-se902,https://cdna.pcpartpicker.com/static/forever/images/product/3b77d1a558b7309c24f09ddc701125d9.256p.jpg,600 - 2200 RPM,14 - 23.8 dB,,,
Cooler Master MasterLiquid Pro 120,https://pcpartpicker.com/product/c2mxFT/cooler-master-masterliquid-pro-120-667-cfm-liquid-cpu-cooler-mly-d12x-a20mb-r1,https://images-eu.ssl-images-amazon.com/images/I/416CGz1kfPL.jpg,500 - 2000 RPM,6 - 30 dB,,120 mm,
Cooler Master V8 Ver.2,https://pcpartpicker.com/product/Xxs8TW/cooler-master-cpu-cooler-rrv8vc16prr2,/static/forever/img/no-image.png,1600 RPM,36 dB,,,
Thermalright Macho Direct,https://pcpartpicker.com/product/TsL7YJ/thermalright-macho-direct-736-cfm-cpu-cooler-macho-direct,https://m.media-amazon.com/images/I/51Wo8nZRzkL.jpg,300 - 1300 RPM,15 - 21 dB,,,
Deepcool Maelstrom 120T,https://pcpartpicker.com/product/DpH48d/deepcool-maelstrom-120t-8364-cfm-liquid-cpu-cooler-maelstrom-120t,/static/forever/img/no-image.png,600 - 1800 RPM,17.8 - 34.1 dB,,120 mm,
Deepcool CAPTAIN 120EX WHITE,https://pcpartpicker.com/product/M34NnQ/deepcool-captain-120ex-white-7652-cfm-liquid-cpu-cooler-captain-120ex-white,https://cdna.pcpartpicker.com/static/forever/images/product/96f1bc43f12c263d080d5a8c7f17b1fa.256p.jpg,500 - 1800 RPM,17.6 - 31.3 dB,,120 mm,
Phononic HEX 2.0,https://pcpartpicker.com/product/q4Nypg/phononic-hex-20-440-cfm-cpu-cooler-hex20,https://cdna.pcpartpicker.com/static/forever/images/product/b54f2a48f4272b747e648f581dbe5621.256p.jpg,1000 - 2650 RPM,17 - 33 dB,,,
Deepcool LUCIFER V2,https://pcpartpicker.com/product/NZ2rxr/deepcool-lucifer-v2-8133-cfm-cpu-cooler-lucifer-v2,https://cdna.pcpartpicker.com/static/forever/images/product/fcbfc8d4c31c80ef2710413926d62468.256p.jpg,300 - 1400 RPM,12.6 - 31.1 dB,,,
Deepcool Maelstrom 240T RF,https://pcpartpicker.com/product/fCrcCJ/deepcool-maelstrom-240t-rf-16728-cfm-liquid-cpu-cooler-maelstrom-240t-rf,https://cdna.pcpartpicker.com/static/forever/images/product/24604f1dce46d5a343b17ffc18732172.256p.jpg,600 - 1800 RPM,17.8 - 34.1 dB,,240 mm,
RAIJINTEK EREBOSS CORE EDITION,https://pcpartpicker.com/product/MQRFf7/raijintek-ereboss-core-edition-fanless-cpu-cooler-0r100015,https://cdna.pcpartpicker.com/static/forever/images/product/029d93073a0ec374712773e24405a024.256p.jpg,,0 dB,,,
Enermax ETS-T50 AXE (Black),https://pcpartpicker.com/product/JgCrxr/enermax-ets-t50-axe-black-6232-cfm-cpu-cooler-ets-t50a-bvt,https://cdna.pcpartpicker.com/static/forever/images/product/8bb56073159994057df8989670b6f7d2.256p.jpg,800 - 1800 RPM,18.9 - 25 dB,,,
Cooler Master MasterAir Pro 3,https://pcpartpicker.com/product/FTRFf7/cooler-master-masterair-pro-3-280-cfm-cpu-cooler-may-t3pn-930pk-r1,https://cdna.pcpartpicker.com/static/forever/images/product/bb9633d4e5d8cb913fc16b4c0bf163cb.256p.jpg,650 - 3000 RPM,6 - 30 dB,,,
Alpenföhn Sella,https://pcpartpicker.com/product/VT7CmG/alpenfohn-sella-370-cfm-cpu-cooler-84000000053,https://cdna.pcpartpicker.com/static/forever/images/product/564b0a3f9745eb12c5efb016395cc5a0.256p.jpg,850 - 2200 RPM,14 - 29.8 dB,,,
Alpenföhn Matterhorn Rev. C – White Edition,https://pcpartpicker.com/product/bf4NnQ/alpenfohn-matterhorn-rev-c-white-edition-624-cfm-cpu-cooler-84000000127,https://m.media-amazon.com/images/I/51eihVF8I8L.jpg,500 - 1500 RPM,18.2 dB,,,
Cooler Master Seidon 240P,https://pcpartpicker.com/product/ZHtWGX/cooler-master-seidon-240p-95-cfm-liquid-cpu-cooler-rl-s24v-20pb-r2,/static/forever/img/no-image.png,800 - 2400 RPM,12 - 35 dB,,240 mm,
RIOTORO BIFROST 120TI,https://pcpartpicker.com/product/MpcMnQ/riotoro-bifrost-120ti-liquid-cpu-cooler-tr-120ti,https://cdna.pcpartpicker.com/static/forever/images/product/e9a1f18277e86b83483a6fa293949543.256p.jpg,,,,120 mm,
ID-COOLING IS-40V3,https://pcpartpicker.com/product/g9kwrH/id-cooling-is-40v3-443-cfm-cpu-cooler-is-40v3,/static/forever/img/no-image.png,600 - 2500 RPM,14 - 33 dB,,,
ARCTIC Freezer 33 eSports Edition (Black/Yellow),https://pcpartpicker.com/product/RDDzK8/arctic-freezer-33-esports-edition-blackyellow-cpu-cooler-acfre00034a,https://m.media-amazon.com/images/I/51ikuwg5ZcL.jpg,200 - 1800 RPM,24.4 dB,,,
Zalman CNPS8X Optima,https://pcpartpicker.com/product/D78H99/zalman-cnps8x-optima-cpu-cooler-cnps8x-optima,https://m.media-amazon.com/images/I/518r+V-cRhL.jpg,1200 - 2100 RPM,18.2 - 30 dB,,,
ID-COOLING Auraflow 240 RGB,https://pcpartpicker.com/product/y2qbt6/id-cooling-auraflow-240-rgb-745-cfm-liquid-cpu-cooler-240krgb,https://cdna.pcpartpicker.com/static/forever/images/product/fae85926999944c19daa3405c6b04915.256p.jpg,700 - 1800 RPM,18 - 35.2 dB,,240 mm,
Deepcool CAPTAIN 360EX WHITE RGB,https://pcpartpicker.com/product/hymxFT/deepcool-captain-360ex-white-rgb-22956-cfm-liquid-cpu-cooler-captain-360ex-white-rgb,/static/forever/img/no-image.png,500 - 1800 RPM,17.6 - 31.3 dB,,360 mm,
RAIJINTEK JUNO-X,https://pcpartpicker.com/product/pZfhP6/raijintek-juno-x-520-cfm-cpu-cooler-0r100057,https://cdna.pcpartpicker.com/static/forever/images/product/50db5adec183443f6622bdfad551283c.256p.jpg,1200 - 2500 RPM,26 dB,Red / Black,,
RAIJINTEK JUNO-X RGB,https://pcpartpicker.com/product/KCL48d/raijintek-juno-x-rgb-450-cfm-cpu-cooler-0r100071,https://cdna.pcpartpicker.com/static/forever/images/product/08d1fb3859ff42caebc78a5b94aeb063.256p.jpg,1000 - 2000 RPM,28 dB,,,
Cooler Master MA621P TR4,https://pcpartpicker.com/product/TJgzK8/cooler-master-ma621p-tr4-534-cfm-cpu-cooler-map-d6pn-218pc-r2,https://cdna.pcpartpicker.com/static/forever/images/product/4fac2f9b09c673af00dff70b5ce5b170.256p.jpg,600 - 1800 RPM,31 dB,Black / Silver,,
Deepcool MAELSTROM 240 RGB,https://pcpartpicker.com/product/rTVD4D/deepcool-maelstrom-240-rgb-6934-cfm-liquid-cpu-cooler-dp-gs-h12rl-ms240rgb,https://cdna.pcpartpicker.com/static/forever/images/product/70c85a1a0eff5a83819a5c4c2055bb50.256p.jpg,500 - 1800 RPM,17.8 - 30 dB,Black,240 mm,
Antec Mercury 120 RGB,https://pcpartpicker.com/product/z797YJ/antec-mercury-120-rgb-7331-cfm-liquid-cpu-cooler-mercury-120rgb,https://cdna.pcpartpicker.com/static/forever/images/product/a8cf7dfdd1f14038284955f6b00f240a.256p.jpg,900 - 1800 RPM,36 dB,Black / White,120 mm,
CRYORIG M9 Plus,https://pcpartpicker.com/product/TnJtt6/cryorig-m9-plus-484-cfm-cpu-cooler-m9-plus,https://cdna.pcpartpicker.com/static/forever/images/product/455b8ea506d03ddac24cae2cac53fc58.256p.jpg,600 - 2200 RPM,26.4 dB,Black / Silver,,
GAMDIAS CHIONE E1A-120R,https://pcpartpicker.com/product/pQXnTW/gamdias-chione-e1a-120r-liquid-cpu-cooler-chione-e1a-120r,https://m.media-amazon.com/images/I/41LGD1Ex1eL.jpg,1200 - 1500 RPM,,Black,120 mm,
Jonsbo CR-201 HIVES (Black),https://pcpartpicker.com/product/NFzkcf/jonsbo-cr-201hivesbk-521-cfm-cpu-cooler-cr-201hivesbk,https://cdna.pcpartpicker.com/static/forever/images/product/338f35033066de11661286026b2c994b.256p.jpg,800 - 1500 RPM,18.5 - 30.8 dB,Black,,
CRYORIG C7 RGB,https://pcpartpicker.com/product/vv6qqs/cryorig-c7-rgb-405-cfm-cpu-cooler-cr-c7rgb,/static/forever/img/no-image.png,600 - 2500 RPM,30 dB,White,,
RAIJINTEK PALLAS 120 RGB,https://pcpartpicker.com/product/B2FKHx/raijintek-pallas-120-rgb-4171-cfm-cpu-cooler-0r10b00121,https://cdna.pcpartpicker.com/static/forever/images/product/f57635b203abbe49db48a5a574cfb9d5.256p.jpg,200 - 1400 RPM,28.43 dB,Black,,
RAIJINTEK JUNO PRO RBW,https://pcpartpicker.com/product/T6MTwP/raijintek-juno-pro-rbw-358-cfm-cpu-cooler-0r10b00120,https://cdna.pcpartpicker.com/static/forever/images/product/2014c3fc2905a374e7fd44684b35aef8.256p.jpg,400 - 1800 RPM,28 dB,Black,,
Deepcool Captain 240 Pro,https://pcpartpicker.com/product/pHNgXL/deepcool-captain-240-pro-6934-cfm-liquid-cpu-cooler-dp-gs-h12ar-ct240p,https://cdna.pcpartpicker.com/static/forever/images/product/e4743f081b9727b5367cff06ae191686.256p.jpg,500 - 1800 RPM,30 dB,Black,240 mm,
Thermalright MACHO Rev.C,https://pcpartpicker.com/product/jr6qqs/thermalright-macho-revc-8497-cfm-cpu-cooler-macho-revc,https://images-na.ssl-images-amazon.com/images/I/51%2BC%2B097TKL.jpg,600 - 1500 RPM,19 - 23 dB,Silver / Black,,
Enermax LIQTECH II 360,https://pcpartpicker.com/product/G6kj4D/enermax-liqtech-ii-360-10217-cfm-liquid-cpu-cooler-elc-ltto360-tbp-w,https://cdna.pcpartpicker.com/static/forever/images/product/c511c5b89cd808387793be42704dd1d6.256p.jpg,500 - 2300 RPM,14 - 28 dB,White,360 mm,
Enermax Aquafusion 120,https://pcpartpicker.com/product/gFtKHx/enermax-aquafusion-120-798-cfm-liquid-cpu-cooler-elc-aqf120-sqa,https://cdna.pcpartpicker.com/static/forever/images/product/41fe6b2ae2ae1da5ff3c8890031bb9e6.256p.jpg,500 - 2000 RPM,17 - 32.6 dB,Black,120 mm,
Cooler Master I71C RGB,https://pcpartpicker.com/product/v9XnTW/cooler-master-i71c-rgb-37-cfm-cpu-cooler-rr-i71c-20pc-b1,https://cdna.pcpartpicker.com/static/forever/images/product/aba730350d491b798d86032c8b2e28e1.256p.jpg,1800 RPM,28 dB,Silver / Black,,
Silverstone PF360-ARGB,https://pcpartpicker.com/product/QMCFf7/silverstone-pf360-argb-94-cfm-liquid-cpu-cooler-sst-pf360-argb,https://cdna.pcpartpicker.com/static/forever/images/product/617ce86eb8be7dde35f902b230f566bb.256p.jpg,600 - 2200 RPM,7.4 - 35.6 dB,Black,360 mm,
ID-COOLING AURAFLOW X,https://pcpartpicker.com/product/nbwkcf/id-cooling-auraflow-x-745-cfm-liquid-cpu-cooler-auraflow-x-240-snow,https://cdna.pcpartpicker.com/static/forever/images/product/44a6a429db71bac5daa1c16e9136e7e7.256p.jpg,700 - 1800 RPM,18 - 35.2 dB,Black,240 mm,
Thermaltake Floe Riing RGB 360 TR4 Edition,https://pcpartpicker.com/product/Pvdrxr/thermaltake-floe-riing-rgb-360-tr4-edition-5442-cfm-liquid-cpu-cooler-cl-w235-pl12sw-a,https://m.media-amazon.com/images/I/41quopGx2gL.jpg,1000 - 2000 RPM,21.8 - 33 dB,Black,360 mm,
Gelid Solutions Phantom Black,https://pcpartpicker.com/product/jmmFf7/gelid-solutions-phantom-black-cpu-cooler-cc-phantom-black-01-a,https://cdna.pcpartpicker.com/static/forever/images/product/2130e6b54fbb3521c04699ca8feb47c5.256p.jpg,750 - 1600 RPM,12 - 26.7 dB,Black / Silver,,
upHere ACC92CF,https://pcpartpicker.com/product/XzH8TW/uphere-acc92cf-497-cfm-cpu-cooler-acc92cf-usa,https://m.media-amazon.com/images/I/418WEWlA+qL.jpg,600 - 1700 RPM,16.1 - 27.7 dB,Black,,
upHere ACC92RD,https://pcpartpicker.com/product/hwCFf7/uphere-acc92rd-497-cfm-cpu-cooler-acc92rd-usa,https://m.media-amazon.com/images/I/41lk0PRNUeL.jpg,600 - 1700 RPM,16.1 - 27.7 dB,Black,,
upHere ACC92RGB,https://pcpartpicker.com/product/HTjNnQ/uphere-acc92rgb-497-cfm-cpu-cooler-acc92rgb-usa,https://m.media-amazon.com/images/I/51Pngc+k3UL.jpg,600 - 1700 RPM,16.1 - 27.7 dB,Black,,
upHere CC120RGB,https://pcpartpicker.com/product/Jw848d/uphere-cc120rgb-497-cfm-liquid-cpu-cooler-cc120rgb-usa,https://m.media-amazon.com/images/I/41Xv1gpEO1L.jpg,600 - 1700 RPM,16.1 - 27.7 dB,Black / White,120 mm,
ARCTIC Freezer i13 X,https://pcpartpicker.com/product/W2GnTW/arctic-freezer-i13-x-cpu-cooler-acfre00078a,https://cdna.pcpartpicker.com/static/forever/images/product/49f72b50ac4182e8db6674a76ea98cf0.256p.jpg,300 - 2000 RPM,,Black / White,,
ARCTIC Freezer i13 X CO,https://pcpartpicker.com/product/63n8TW/arctic-freezer-i13-x-co-cpu-cooler-acfre00079a,https://m.media-amazon.com/images/I/41vj01d1sjL.jpg,300 - 2000 RPM,,Black / White,,
Zalman CNPS16X,https://pcpartpicker.com/product/CQsnTW/zalman-cnps16x-49-cfm-cpu-cooler-cnps16x-white,https://cdna.pcpartpicker.com/static/forever/images/product/13800c4324866f3815fee11c23546194.256p.jpg,800 - 1500 RPM,27 dB,White,,
Zalman CNPS16X,https://pcpartpicker.com/product/csQfrH/zalman-cnps16x-49-cfm-cpu-cooler-cnps16x-black,https://cdna.pcpartpicker.com/static/forever/images/product/be49bf3c59800247ede3376d2d752e0f.256p.jpg,800 - 1500 RPM,27 dB,Black,,
RAIJINTEK Orcus 360 RGW,https://pcpartpicker.com/product/JLgQzy/raijintek-orcus-360-rgw-358-cfm-liquid-cpu-cooler-0r10b00103,https://cdna.pcpartpicker.com/static/forever/images/product/1bc3171f2ec55200bd0643003b420b23.256p.jpg,400 - 1800 RPM,28 dB,Black,360 mm,
Alpenföhn Glacier Water 360,https://pcpartpicker.com/product/7fddnQ/alpenfohn-glacier-water-360-545-cfm-liquid-cpu-cooler-84000000179,https://cdna.pcpartpicker.com/static/forever/images/product/6677a6677529e06eb00d6fadc60940fe.256p.jpg,500 - 1600 RPM,23.5 dB,Black,360 mm,
Silverstone IceGem 240P,https://pcpartpicker.com/product/rGjBD3/silverstone-icegem-240p-934-cfm-liquid-cpu-cooler-sst-ig240p-argb,https://cdna.pcpartpicker.com/static/forever/images/product/189e44363263af9e49eac293104198aa.256p.jpg,600 - 2200 RPM,7.3 - 36.6 dB,Black,240 mm,
ARESGAME RIVER 5,https://pcpartpicker.com/product/YQ848d/aresgame-river-5-6974-cfm-cpu-cooler-river-5,/static/forever/img/no-image.png,600 - 1800 RPM,26.2 dB,Black,,
Fractal Design Lumen S24,https://pcpartpicker.com/product/fy8bt6/fractal-design-lumen-s24-56-cfm-liquid-cpu-cooler-fd-w-l1-s2401,https://cdna.pcpartpicker.com/static/forever/images/product/5cb9d46c306819519ace39f89e0fff0e.256p.jpg,500 - 2000 RPM,10 - 33.2 dB,Black,240 mm,
Fractal Design Lumen S28 RGB,https://pcpartpicker.com/product/N62WGX/fractal-design-lumen-s28-rgb-78-cfm-liquid-cpu-cooler-fd-w-l1-s2802,https://cdna.pcpartpicker.com/static/forever/images/product/d39f941cc92e63b05c7de984d287dcd3.256p.jpg,500 - 1700 RPM,10 - 35.5 dB,Black,280 mm,
Iceberg Thermal IceSLEET X6,https://pcpartpicker.com/product/JpNxFT/iceberg-thermal-icesleet-x6-76-cfm-cpu-cooler-icesleetx6-00a,https://cdna.pcpartpicker.com/static/forever/images/product/f4cb7575ec24064ba8106eeb42baae31.256p.jpg,500 - 1850 RPM,0 - 36 dB,Teal / Silver,,
Iceberg Thermal IceSLEET G4 OC,https://pcpartpicker.com/product/pQBG3C/iceberg-thermal-icesleet-g4-oc-585-cfm-cpu-cooler-icesleetg4oc-bbt-00a,https://cdna.pcpartpicker.com/static/forever/images/product/a191127d7c36bca25ae86e1ab31867f4.256p.jpg,600 - 1400 RPM,22.5 dB,Black / Teal,,
GAMDIAS CHIONE E1,https://pcpartpicker.com/product/DFxRsY/gamdias-chione-e1-52-cfm-liquid-cpu-cooler-chione-e1-120,https://m.media-amazon.com/images/I/41kxbcE95NL.jpg,1500 RPM,,Black,120 mm,
GAMDIAS CHIONE M2,https://pcpartpicker.com/product/JZrRsY/gamdias-chione-m2-4816-cfm-liquid-cpu-cooler-chione-m2-240-lite-2,/static/forever/img/no-image.png,1200 - 2400 RPM,,Black,240 mm,
ARCTIC Liquid Freezer II 240 RGB,https://pcpartpicker.com/product/FnKKHx/arctic-liquid-freezer-ii-240-rgb-488-cfm-liquid-cpu-cooler-acfre00099a,https://cdna.pcpartpicker.com/static/forever/images/product/2773bd3d440b52aad4dc14fae539fa78.256p.jpg,200 - 1800 RPM,22.5 dB,Black,240 mm,
MSI MAG CORELIQUID RH,https://pcpartpicker.com/product/dHKKHx/msi-mag-coreliquid-rh-7873-cfm-liquid-cpu-cooler-mag-coreliquid-240rh,/static/forever/img/no-image.png,500 - 2000 RPM,14.3 - 34.3 dB,Black,240 mm,
Thermalright AXP-90i FULL Copper,https://pcpartpicker.com/product/bTcG3C/thermalright-axp-90i-full-copper-4258-cfm-cpu-cooler-axp-90i-full-copper,https://m.media-amazon.com/images/I/51PzUdL6AlS.jpg,2700 RPM,22.4 dB,Orange / Brown,,
Thermaltake TOUGHLIQUID ARGB,https://pcpartpicker.com/product/jXD7YJ/thermaltake-toughliquid-argb-5835-cfm-liquid-cpu-cooler-cl-w319-pl12tq-a,https://cdna.pcpartpicker.com/static/forever/images/product/ad1997fb2fbf62eaeb4a1c1583c950ba.256p.jpg,500 - 2000 RPM,22.3 dB,Teal,240 mm,
Thermaltake TOUGHLIQUID ARGB,https://pcpartpicker.com/product/qh92FT/thermaltake-toughliquid-argb-liquid-cpu-cooler-cl-w321-pl12bl-a,https://cdna.pcpartpicker.com/static/forever/images/product/a11242554ab96fac8b8dd2ea6582da6e.256p.jpg,500 - 2000 RPM,22.3 dB,Black,360 mm,
ID-COOLING DK-19 PWM,https://pcpartpicker.com/product/7XD7YJ/id-cooling-dk-19-pwm-458-cfm-cpu-cooler-dk-19-pwm,https://cdna.pcpartpicker.com/static/forever/images/product/e613dcee3284595b05e4741b022806d3.256p.jpg,600 - 2200 RPM,14.2 - 25.8 dB,,,
ID-COOLING DK-17 PWM,https://pcpartpicker.com/product/9NddnQ/id-cooling-dk-17-pwm-458-cfm-cpu-cooler-dk-17-pwm,https://cdna.pcpartpicker.com/static/forever/images/product/8b509683503a05b806f73e32cdc278a4.256p.jpg,600 - 2200 RPM,14.2 - 25.8 dB,,,
ID-COOLING DK-15 PWM,https://pcpartpicker.com/product/Vc8bt6/id-cooling-dk-15-pwm-4035-cfm-cpu-cooler-dk-15-pwm,https://cdna.pcpartpicker.com/static/forever/images/product/5bd73cf821fda1cdad4305118ba34381.256p.jpg,600 - 2000 RPM,14.2 - 26.5 dB,,,
ID-COOLING DK-03i PWM RED,https://pcpartpicker.com/product/RTQcCJ/id-cooling-dk-03i-pwm-red-615-cfm-cpu-cooler-dk-03i-pwm-red,https://cdna.pcpartpicker.com/static/forever/images/product/800d0d8b1ae15818bdbca5ce0c22097e.256p.jpg,500 - 1800 RPM,16 - 20.2 dB,,,
ID-COOLING DK-01S,https://pcpartpicker.com/product/kXD7YJ/id-cooling-dk-01s-287-cfm-cpu-cooler-dk-01s,https://cdna.pcpartpicker.com/static/forever/images/product/f360c95bc5ab9abc10e264bb86a56f41.256p.jpg,2200 RPM,23.8 dB,,,
ID-COOLING SE-903-SD,https://pcpartpicker.com/product/DxpzK8/id-cooling-se-903-sd-3744-cfm-cpu-cooler-se-903-sd,https://cdna.pcpartpicker.com/static/forever/images/product/213ef2e7efd70e665c18a5310748e2f4.256p.jpg,2000 RPM,23.1 dB,,,
ID-COOLING SE-903-R V2,https://pcpartpicker.com/product/L2JgXL/id-cooling-se-903-r-v2-3744-cfm-cpu-cooler-se-903-r-v2,https://cdna.pcpartpicker.com/static/forever/images/product/4b740283c623af3629aa59c0b27e8f09.256p.jpg,2200 RPM,23.1 dB,,,
ID-COOLING SE-224-XT ARGB V3,https://pcpartpicker.com/product/HhbTwP/id-cooling-se-224-xt-argb-v3-682-cfm-cpu-cooler-se-224-xt-argb-v3,https://cdna.pcpartpicker.com/static/forever/images/product/8184da5034c9462c713be351ac04cbd9.256p.jpg,500 - 1500 RPM,13.8 - 30.5 dB,,,
Cooler Master i70,https://pcpartpicker.com/product/QhhFf7/cooler-master-i70-37-cfm-cpu-cooler-rr-i70-20fk-r1,/static/forever/img/no-image.png,1800 RPM,28 dB,Black / Silver,,
Cooler Master X Dream P115,https://pcpartpicker.com/product/3RD7YJ/cooler-master-x-dream-p115-52-cfm-cpu-cooler-rr-x115-40pk-r1,/static/forever/img/no-image.png,900 - 4000 RPM,19 - 36 dB,,,
Jonsbo HX7280,https://pcpartpicker.com/product/xXC48d/jonsbo-hx7280-902-cfm-cpu-cooler-hx7280,https://cdna.pcpartpicker.com/static/forever/images/product/6e7ebfd5b34828c89568ff9c9a243643.256p.jpg,700 - 1800 RPM,28 - 38 dB,Black,,
Thermalright Frozen Magic 120,https://pcpartpicker.com/product/m3cG3C/thermalright-frozen-magic-120-6617-cfm-liquid-cpu-cooler-frozen-magic-120,/static/forever/img/no-image.png,1500 RPM,25.6 dB,Black,120 mm,
Jonsbo HX4170D,https://pcpartpicker.com/product/Jn7scf/jonsbo-hx4170d-3885-cfm-cpu-cooler-hx4170d-black,https://cdna.pcpartpicker.com/static/forever/images/product/cdd4f7569a9c9407aad9a68ba455749b.256p.jpg,600 - 3300 RPM,28.4 dB,Black,,
Jonsbo HX6240,https://pcpartpicker.com/product/pK4Zxr/jonsbo-hx6240-8304-cfm-cpu-cooler-hx6240-white,https://cdna.pcpartpicker.com/static/forever/images/product/a50e72930e96f4afc6d81719b9433588.256p.jpg,700 - 1800 RPM,28 - 37.6 dB,White,,
Jonsbo PISA A5,https://pcpartpicker.com/product/qHBzK8/jonsbo-pisa-a5-8127-cfm-cpu-cooler-pisa-a5-grey,/static/forever/img/no-image.png,800 - 1850 RPM,36.8 dB,Gray,,
Jonsbo CR-1100,https://pcpartpicker.com/product/9K4Zxr/jonsbo-cr-1100-5759-cfm-cpu-cooler-cr-1100-gray,/static/forever/img/no-image.png,600 - 1500 RPM,18 - 31 dB,Gray / Black,,
Jonsbo CR-1400,https://pcpartpicker.com/product/V4n9TW/jonsbo-cr-1400-36-cfm-cpu-cooler-cr-1400-color-white,/static/forever/img/no-image.png,900 - 2300 RPM,20 - 30.5 dB,White,,
TEAMGROUP SIREN GD240E,https://pcpartpicker.com/product/F6nypg/teamgroup-siren-gd240e-9397-cfm-liquid-cpu-cooler-tb120602,https://cdna.pcpartpicker.com/static/forever/images/product/a574ec9f5e4aaed332e4a0f83567c56b.256p.jpg,600 - 2200 RPM,14.3 - 35.6 dB,White,240 mm,
Deepcool UL551 RGB,https://pcpartpicker.com/product/dz6NnQ/deepcool-ul551-rgb-4431-cfm-cpu-cooler-r-ul551-bkamab-g-17,/static/forever/img/no-image.png,500 - 1800 RPM,26.8 dB,Black,,
Noua Polaris LM240,https://pcpartpicker.com/product/HpKscf/noua-polaris-lm240-801-cfm-liquid-cpu-cooler-lc0320-lm240,https://m.media-amazon.com/images/I/41QDZa10nCL.jpg,2200 RPM,38 dB,Black / White,240 mm,
Noua Jotun,https://pcpartpicker.com/product/9RV2FT/noua-jotun-26-cfm-cpu-cooler-ac0721-jot18,https://m.media-amazon.com/images/I/51-XQSv9v1L.jpg,1800 RPM,23 dB,Black / Silver,,
Gelid Solutions Glacier,https://pcpartpicker.com/product/pCrqqs/gelid-solutions-glacier-70-cfm-cpu-cooler-cc-glacier-01-a,https://m.media-amazon.com/images/I/41UG9O0bkfL.jpg,500 - 1600 RPM,35 dB,White,,
Cooler Master MasterAir MA824 Stealth 30th Anniversary Edition,https://pcpartpicker.com/product/g7vD4D/cooler-master-masterair-ma824-stealth-30th-anniversary-edition-636-cfm-cpu-cooler-mam-d8pn-318pk-30,/static/forever/img/no-image.png,,0 - 24.6 dB,Black,,
GAMDIAS CHIONE P3-240U,https://pcpartpicker.com/product/dLwmP6/gamdias-chione-p3-240u-6901-cfm-liquid-cpu-cooler-chione-p3-240u,/static/forever/img/no-image.png,800 - 2000 RPM,10 - 31 dB,Black,240 mm,
Thermaltake TOUGHLIQUID ARGB,https://pcpartpicker.com/product/XnyH99/thermaltake-toughliquid-argb-7169-cfm-liquid-cpu-cooler-cl-w336-pl12gm-a,https://m.media-amazon.com/images/I/31jtk99fFaL.jpg,500 - 2500 RPM,28.1 dB,Black,360 mm,
Thermalright Frozen Magic EX,https://pcpartpicker.com/product/XRwmP6/thermalright-frozen-magic-ex-82-cfm-liquid-cpu-cooler-frozen-magic-ex-240,https://cdna.pcpartpicker.com/static/forever/images/product/b9dee9706a4ab8e3d5c295c5b59633f5.256p.jpg,1850 RPM,29.6 dB,Black,240 mm,
Valkyrie SYN,https://pcpartpicker.com/product/ntsV3C/valkyrie-syn-80-cfm-liquid-cpu-cooler-vk-e240-w,/static/forever/img/no-image.png,800 - 2150 RPM,29 dB,White / Blue,240 mm,
Geometric Future Eskimo Junior 36,https://pcpartpicker.com/product/MPNYcf/geometric-future-eskimo-junior-36-6911-cfm-liquid-cpu-cooler-geo-ej-36b,https://cdna.pcpartpicker.com/static/forever/images/product/d7dbc0e063025774a19f72e94323c973.256p.jpg,2000 RPM,29 dB,Black,360 mm,
Enermax LIQMAX III RGB,https://pcpartpicker.com/product/7PvdnQ/enermax-liqmax-iii-rgb-721-cfm-liquid-cpu-cooler-elc-lmt120-rgb,https://m.media-amazon.com/images/I/41IUvrpCOML.jpg,500 - 1600 RPM,14 - 27 dB,Black,120 mm,
Enermax LIQMAX III RGB,https://pcpartpicker.com/product/zyrqqs/enermax-liqmax-iii-rgb-721-cfm-liquid-cpu-cooler-elc-lmt240-rgb,https://cdna.pcpartpicker.com/static/forever/images/product/fa36f6b31effcfb29ddb5664f3df40d0.256p.jpg,500 - 1600 RPM,14 - 27 dB,Black,240 mm,
Yeston zeaginal Sakura,https://pcpartpicker.com/product/YvQKHx/yeston-zeaginal-sakura-594-cfm-liquid-cpu-cooler-sakura-240-argb,https://cdna.pcpartpicker.com/static/forever/images/product/dab4764fcc8d7ee07dc0634b4c4e637f.256p.jpg,900 - 1800 RPM,30 dB,White,240 mm,
ID-COOLING  IS-28i BLACK,https://pcpartpicker.com/product/Bn4Zxr/id-cooling-is-28i-black-40-cfm-cpu-cooler-is-28i-black,/static/forever/img/no-image.png,800 - 3600 RPM,35.8 dB,Black,,
ID-COOLING IS-65-XT,https://pcpartpicker.com/product/w2MMnQ/id-cooling-is-65-xt-6758-cfm-cpu-cooler-is-65-xt-black,/static/forever/img/no-image.png,500 - 2200 RPM,32.3 dB,Black,,
ID-COOLING SE-213X-B,https://pcpartpicker.com/product/PBpQzy/id-cooling-se-213x-b-615-cfm-cpu-cooler-se-213x-b,/static/forever/img/no-image.png,500 - 1800 RPM,28 dB,Black / Blue,,
ID-COOLING SE-903-XT-ARGB,https://pcpartpicker.com/product/vy26Mp/id-cooling-se-903-xt-argb-458-cfm-cpu-cooler-se-903-xt-argb-white,https://cdna.pcpartpicker.com/static/forever/images/product/856b17e93bfa0d6c06b6c3ac897cdd57.256p.jpg,500 - 2200 RPM,25.8 dB,White,,
Xilence LQ240 ARGB,https://pcpartpicker.com/product/MkNYcf/xilence-lq240-argb-682-cfm-liquid-cpu-cooler-xc974,https://cdna.pcpartpicker.com/static/forever/images/product/663082d4c0550711c8cbfb8d6487fbe5.256p.jpg,500 - 1500 RPM,18 - 30.2 dB,White,240 mm,103.79
Akasa SOHO 240 Dusk,https://pcpartpicker.com/product/3gvD4D/akasa-soho-240-dusk-5291-cfm-liquid-cpu-cooler-ak-lc4003hp01,https://cdna.pcpartpicker.com/static/forever/images/product/1a785ee20e5eb02879f1dc0d451035b9.256p.jpg,500 - 2000 RPM,14.5 - 31.8 dB,Black,240 mm,
Geometric Future Prawn,https://pcpartpicker.com/product/2JCZxr/geometric-future-prawn-618-cfm-cpu-cooler-gf-prawn,https://m.media-amazon.com/images/I/41-SIwsdngL.jpg,2000 RPM,29.8 dB,Black / Silver,,51.44
SilentiumPC Spartan 4 MAX,https://pcpartpicker.com/product/j8RwrH/silentiumpc-spartan-4-max-cpu-cooler-spc272,https://m.media-amazon.com/images/I/41xuiQuObQS.jpg,300 - 1600 RPM,,Black / Silver,,
Vetroo R360,https://pcpartpicker.com/product/Z27MnQ/vetroo-r360-liquid-cpu-cooler-vt-aio-r360-bk,/static/forever/img/no-image.png,,,Black,360 mm,
GAMDIAS AURA GL360,https://pcpartpicker.com/product/V4BFf7/gamdias-aura-gl360-667-cfm-liquid-cpu-cooler-aura-gl360,https://m.media-amazon.com/images/I/41b908JWboL.jpg,800 - 2000 RPM,11 - 29 dB,Black,360 mm,
Jonsbo CR-3000E ARGB,https://pcpartpicker.com/product/LzpD4D/jonsbo-cr-3000e-argb-7223-cfm-cpu-cooler-cr-3000e-argb-black,/static/forever/img/no-image.png,600 - 1600 RPM,22 - 34 dB,Black,,
upHere UP2TC6,https://pcpartpicker.com/product/yM62FT/uphere-up2tc6-682-cfm-cpu-cooler-up2tc6,/static/forever/img/no-image.png,600 - 1650 RPM,25 dB,White,,
upHere E360KC,https://pcpartpicker.com/product/BCtkcf/uphere-e360kc-71-cfm-liquid-cpu-cooler-e360kc,https://m.media-amazon.com/images/I/419sTWnxGZL.jpg,600 - 1800 RPM,27 dB,Black,360 mm,
Cooler Master MasterLiquid 360 Ion,https://pcpartpicker.com/product/NGwD4D/cooler-master-masterliquid-360-ion-752-cfm-liquid-cpu-cooler-mly-d36m-a24pz-rw,/static/forever/img/no-image.png,,30 dB,White,360 mm,
Thermaltake A4021,https://pcpartpicker.com/product/cVK7YJ/thermaltake-cpu-cooler-a4021,https://images-na.ssl-images-amazon.com/images/I/41ZB%2BLXdlYL.jpg,2200 RPM,18 dB,,,47.00
Gelid Solutions Slimhero,https://pcpartpicker.com/product/JdK7YJ/gelid-solutions-cpu-cooler-slimhero,https://m.media-amazon.com/images/I/31rcmcxjG+L.jpg,750 - 1600 RPM,12 - 25.4 dB,,,
Silverstone Argon AR09-115XS,https://pcpartpicker.com/product/4vGj4D/silverstone-sst-ar09-115xs-279-cfm-ball-bearing-cpu-cooler-sst-ar09-115xs,https://cdna.pcpartpicker.com/static/forever/images/product/abefba62996132fc350b141b5e149c4d.256p.jpg,1200 - 5000 RPM,18.02 - 42.5 dB,,,48.99
Gelid Solutions Rev. 2 Tranquillo,https://pcpartpicker.com/product/bfQRsY/gelid-solutions-rev-2-tranquillo-580-cfm-cpu-cooler-cc-tranq-02-a,https://m.media-amazon.com/images/I/21i3jSBQOgL.jpg,750 - 1500 RPM,12 - 25.5 dB,,,44.96
Iceberg Thermal IceSLEET X9 Dual TR,https://pcpartpicker.com/product/dGH7YJ/iceberg-thermal-icesleet-x9-dual-tr-96-cfm-cpu-cooler-icesleetx9-d0a,https://cdna.pcpartpicker.com/static/forever/images/product/70d574df78e0791836d1234830f5aeb2.256p.jpg,500 - 1850 RPM,0 - 38 dB,Teal / Silver,,
Cooler Master DI5-8E5PA-0L-GP,https://pcpartpicker.com/product/2ZTmP6/cooler-master-cpu-cooler-di58e5pa0lgp,/static/forever/img/no-image.png,2800 RPM,22 dB,,,
Cooler Master Hyper N520,https://pcpartpicker.com/product/BxJwrH/cooler-master-cpu-cooler-rr920n520gp,https://images-na.ssl-images-amazon.com/images/I/51d9KxwyxaL.jpg,,19 dB,,,
Cooler Master RR-LEE-L911-GP,https://pcpartpicker.com/product/Yqzv6h/cooler-master-cpu-cooler-rrleel911gp,https://m.media-amazon.com/images/I/514k3tcOTTL.jpg,2200 RPM,17 dB,,,
Cooler Master V6 GT,https://pcpartpicker.com/product/nMtCmG/cooler-master-cpu-cooler-rrv6gt22pkr1,https://m.media-amazon.com/images/I/51512FhZzgL.jpg,800 - 2200 RPM,15 - 38 dB,,,
Dynatron T195,https://pcpartpicker.com/product/DTckcf/dynatron-cpu-cooler-t195,https://m.media-amazon.com/images/I/41D9Zn-i76L.jpg,1000 - 5000 RPM,20.5 - 49.8 dB,,,
Thermaltake CLP0534,https://pcpartpicker.com/product/8mTmP6/thermaltake-cpu-cooler-clp0534,https://m.media-amazon.com/images/I/51Jl+OK0rjL.jpg,1200 - 2400 RPM,20 - 26.9 dB,,,
Thermaltake CLP0552,https://pcpartpicker.com/product/jg7wrH/thermaltake-cpu-cooler-clp0552,https://images-eu.ssl-images-amazon.com/images/I/51ULcnhnVPL.jpg,800 - 1700 RPM,22 dB,,,26.99
Zalman CNPS 7500 Cu LED,https://pcpartpicker.com/product/xNh9TW/zalman-cpu-cooler-cnps7500culed,https://images-na.ssl-images-amazon.com/images/I/51ce-OO90IL.jpg,1150 - 2300 RPM,17 - 32 dB,,,
Zalman CNPS 9700 NT,https://pcpartpicker.com/product/Fqzv6h/zalman-cpu-cooler-cnps9700nt,https://m.media-amazon.com/images/I/6112DYAPvML.jpg,1250 - 2800 RPM,19.5 - 35 dB,,,
Zalman CNPS9900ALED,https://pcpartpicker.com/product/KMtCmG/zalman-cpu-cooler-cnps9900aled,https://m.media-amazon.com/images/I/51+UXxIBzdL.jpg,800 - 2000 RPM,18 - 38 dB,,,
Silverstone NT01-E,https://pcpartpicker.com/product/nCXfrH/silverstone-cpu-cooler-nt01e,https://images-na.ssl-images-amazon.com/images/I/413MK5oka2L.jpg,,0 dB,,,
Masscool 5U1082F1M4,https://pcpartpicker.com/product/JZTmP6/masscool-cpu-cooler-5u1082f1m4,/static/forever/img/no-image.png,2000 - 3600 RPM,23 - 45.9 dB,,,
Rosewill RCX-Z80-AL,https://pcpartpicker.com/product/dfzv6h/rosewill-cpu-cooler-rcxz80al,https://m.media-amazon.com/images/I/41zWDaUA7KL.jpg,2500 RPM,22.41 dB,,,
Rosewill RCX-Z90-AL,https://pcpartpicker.com/product/RyPfrH/rosewill-cpu-cooler-rcxz90al,https://m.media-amazon.com/images/I/41Gk1hxrRbL.jpg,600 - 3000 RPM,15 - 30 dB,,,
Scythe SCRT-1000,https://pcpartpicker.com/product/kyPfrH/scythe-cpu-cooler-scrt1000,https://images-na.ssl-images-amazon.com/images/I/31nXdVJMjoL.jpg,470 - 1900 RPM,9.8 - 27.3 dB,,,
Silverstone NT06-E,https://pcpartpicker.com/product/js4gXL/silverstone-cpu-cooler-nt06e,https://images-na.ssl-images-amazon.com/images/I/316Mj2UgcjL.jpg,,0 dB,,,
Silverstone NT07-1156,https://pcpartpicker.com/product/B73RsY/silverstone-cpu-cooler-nt071156,https://m.media-amazon.com/images/I/41j97qKG+tL.jpg,1200 - 3000 RPM,15 - 38 dB,,,
StarTech FANK8AM2,https://pcpartpicker.com/product/DVK7YJ/startech-cpu-cooler-fank8am2,https://m.media-amazon.com/images/I/41AebOBmtKL.jpg,2600 RPM,28 dB,,,
Xigmatek Aegir SD128264,https://pcpartpicker.com/product/BHMFf7/xigmatek-cpu-cooler-aegirsd128264,/static/forever/img/no-image.png,1000 - 2200 RPM,20 dB,,,
Xigmatek HDT-D1284,https://pcpartpicker.com/product/tBn2FT/xigmatek-cpu-cooler-hdtd1284,https://cdna.pcpartpicker.com/static/forever/images/product/fc58322d13735b07e01db698d3850595.256p.jpg,800 - 1500 RPM,27.2 dB,,,
Xigmatek HDT-S963,https://pcpartpicker.com/product/LBn2FT/xigmatek-cpu-cooler-hdts963,https://images-na.ssl-images-amazon.com/images/I/51ErsI1zq7L.jpg,1200 - 2800 RPM,23 - 35 dB,,,
Zalman CNPS11X Extreme,https://pcpartpicker.com/product/tWQypg/zalman-cpu-cooler-cnps11xextreme,/static/forever/img/no-image.png,1000 - 1950 RPM,17 - 33 dB,,,
Evercool NI01-9525EP,https://pcpartpicker.com/product/3Nbp99/evercool-cpu-cooler-ni019525ep,https://cdna.pcpartpicker.com/static/forever/images/product/3fc1f1c229547a360ccce5b4a8b097bb.med.256p.jpg,2600 RPM,33 dB,,,
Thermaltake CLP0550,https://pcpartpicker.com/product/yxBv6h/thermaltake-cpu-cooler-clp0550,/static/forever/img/no-image.png,740 - 3700 RPM,21 - 40 dB,,,
Thermaltake CL-P0101,https://pcpartpicker.com/product/DzV48d/thermaltake-cpu-cooler-clp0101,/static/forever/img/no-image.png,600 - 3700 RPM,15 - 46.5 dB,,,
Cooler Master CHD-00008-01-GP,https://pcpartpicker.com/product/m3YXsY/cooler-master-cpu-cooler-chd0000801gp,https://m.media-amazon.com/images/I/41cAOC-d5kL.jpg,2200 RPM,22 dB,,,
Evercool HPI-12025,https://pcpartpicker.com/product/WQH323/evercool-cpu-cooler-hpi12025,https://cdna.pcpartpicker.com/static/forever/images/product/eab0c48c0293a20ecc4f4f006b559379.256p.jpg,1200 - 1800 RPM,23 - 30 dB,,,
Zalman CNPS7X LED,https://pcpartpicker.com/product/WTkD4D/zalman-cpu-cooler-cnps7xled,https://images-na.ssl-images-amazon.com/images/I/31MrkKdNfHL.jpg,1250 - 1950 RPM,17 - 25 dB,,,
Antec KUHLER H2O 920,https://pcpartpicker.com/product/QPrG3C/antec-kuhler-h2o-920-110-cfm-liquid-cpu-cooler-kuhler-h2o-920,/static/forever/img/no-image.png,700 - 2400 RPM,27.4 dB,,120 mm,
Sunbeam Twister 120,https://pcpartpicker.com/product/DGTmP6/sunbeam-cpu-cooler-cwtwi120sv,/static/forever/img/no-image.png,,16 dB,,,
Corsair H40,https://pcpartpicker.com/product/x4bp99/corsair-h40-liquid-cpu-cooler-h40,/static/forever/img/no-image.png,2000 RPM,,,120 mm,
ARCTIC Alpine 11 GT Rev. 2,https://pcpartpicker.com/product/NwsKHx/arctic-cooling-cpu-cooler-acalp11gtr2,https://cdna.pcpartpicker.com/static/forever/images/product/0acae70c2d2415ec33b79cdf61a41b5e.256p.jpg,500 - 2000 RPM,,,,
Gelid Solutions Siberian,https://pcpartpicker.com/product/psGkcf/gelid-solutions-siberian-5185-cfm-cpu-cooler-cc-siberian-01,https://m.media-amazon.com/images/I/41W+t6En1ML.jpg,900 - 2200 RPM,10 - 22.5 dB,,,
ZEROtherm BTF90,https://pcpartpicker.com/product/6fTmP6/zerotherm-cpu-cooler-btf90,https://m.media-amazon.com/images/I/31p2fYwWreL.jpg,750 - 2500 RPM,18 - 27 dB,,,
ZEROtherm ZT-1000D 1156,https://pcpartpicker.com/product/zrbp99/zerotherm-cpu-cooler-zt1000d1156,/static/forever/img/no-image.png,3000 RPM,,,,
Scythe SCNJ-3100,https://pcpartpicker.com/product/NqvRsY/scythe-cpu-cooler-scnj3100,https://m.media-amazon.com/images/I/51R7b-dREoL.jpg,470 - 1900 RPM,7.05 - 37 dB,,,
SilenX EFZ-120HA4,https://pcpartpicker.com/product/PmMFf7/silenx-cpu-cooler-efz120ha4,/static/forever/img/no-image.png,800 - 2000 RPM,8 - 28 dB,,,
Nexus FLC-3000 R2,https://pcpartpicker.com/product/2fbp99/nexus-cpu-cooler-flc3000r2,https://m.media-amazon.com/images/I/41ne8C43ZnL.jpg,900 - 2500 RPM,15 - 24 dB,,,
Phanteks PH-TC14PE_OR,https://pcpartpicker.com/product/QNMFf7/phanteks-cpu-cooler-phtc14peor,https://cdna.pcpartpicker.com/static/forever/images/product/247d70b4b7b0c4caf5e0b9e36f3d2c52.med.256p.jpg,700 - 1200 RPM,13.4 - 19 dB,,,
Phanteks PH-TC14PE,https://pcpartpicker.com/product/qX6BD3/phanteks-cpu-cooler-phtc14pe,https://m.media-amazon.com/images/I/419M+RK7mCL.jpg,700 - 1200 RPM,13.4 - 19 dB,,,
Cooler Master Gemin II S524,https://pcpartpicker.com/product/2vMFf7/cooler-master-cpu-cooler-rrg52418pkr2,https://m.media-amazon.com/images/I/31nwwxLbnSL.jpg,800 - 1800 RPM,15.1 - 31.6 dB,,,
Thermaltake Water 2.0 Extreme,https://pcpartpicker.com/product/6DYXsY/thermaltake-water-20-extreme-8132-cfm-liquid-cpu-cooler-clw0217,https://images-na.ssl-images-amazon.com/images/I/41eKv2vWZPL.jpg,1200 - 2000 RPM,27.36 dB,,240 mm,
NZXT HAVIK 120,https://pcpartpicker.com/product/yRdqqs/nzxt-cpu-cooler-rchv12001,https://images-na.ssl-images-amazon.com/images/I/517XHYcSbuL.jpg,1200 - 1500 RPM,18 - 22 dB,,,
Xigmatek Dark Knight II SD1283,https://pcpartpicker.com/product/dBK7YJ/xigmatek-cpu-cooler-darkknightiisd1283nighthawkedition,https://images-na.ssl-images-amazon.com/images/I/51gMB5Jn55L.jpg,1000 - 2200 RPM,30.1 dB,,,
Gelid Solutions Slim Silence A-Plus,https://pcpartpicker.com/product/hp6BD3/gelid-solutions-slim-silence-a-plus-20-cfm-ball-bearing-cpu-cooler-cc-ssilence-aplus,https://cdna.pcpartpicker.com/static/forever/images/product/dc82d6831d490b750e949f9584b639ec.256p.jpg,1200 - 2600 RPM,15 - 27.2 dB,,,
Phanteks PH-TC14CS_RD,https://pcpartpicker.com/product/fCTmP6/phanteks-cpu-cooler-phtc14csrd,https://images-na.ssl-images-amazon.com/images/I/41L8l6cpO7L.jpg,1300 RPM,13.4 - 19 dB,,,
ARCTIC Alpine 11,https://pcpartpicker.com/product/xkYXsY/arctic-cooling-cpu-cooler-ucacoap111gbb01,https://m.media-amazon.com/images/I/41J1BHekSrL.jpg,900 - 2000 RPM,14 dB,,,
Zalman CNPS8000B,https://pcpartpicker.com/product/kqvRsY/zalman-cpu-cooler-cnps8000b,https://cdna.pcpartpicker.com/static/forever/images/product/b05382f40234118aa199e2dc8c4dd04a.256p.jpg,1400 - 2800 RPM,20 - 32 dB,,,
Masscool 8W2002F1M4,https://pcpartpicker.com/product/zCTmP6/masscool-cpu-cooler-8w2002f1m4,https://m.media-amazon.com/images/I/51NFsvVMNlL.jpg,800 - 2800 RPM,20 - 34 dB,,,
Prolimatech PRO-MGH-B,https://pcpartpicker.com/product/TBCwrH/prolimatech-cpu-cooler-promghb,https://cdna.pcpartpicker.com/static/forever/images/product/fdc82b06a35b628c62ea0c4c034fae47.256p.jpg,,,,,
Masscool 8W5020F1M,https://pcpartpicker.com/product/fs2kcf/masscool-cpu-cooler-8w5020f1m,https://m.media-amazon.com/images/I/51xymVif5nL.jpg,800 - 2800 RPM,20 - 34 dB,,,
Evercool TTC-NK85TZ/V2(RB),https://pcpartpicker.com/product/kkNp99/evercool-cpu-cooler-ttcnk85tzv2rb,https://cdna.pcpartpicker.com/static/forever/images/product/bfde4ec3a6804f6a645421ea83ade9ef.med.256p.jpg,800 - 2150 RPM,17.2 - 39 dB,,,
ARCTIC Freezer i30 Extreme,https://pcpartpicker.com/product/KdkD4D/arctic-cooling-cpu-cooler-acfzi30,https://m.media-amazon.com/images/I/51D70tu3KEL.jpg,400 - 1350 RPM,,,,
Scythe SCKTN-4000,https://pcpartpicker.com/product/Ynfp99/scythe-scktn-4000-5555-cfm-cpu-cooler-scktn-4000,https://m.media-amazon.com/images/I/51S+yC9GRXL.jpg,300 - 2500 RPM,7.2 - 31.07 dB,,,
Prolimatech PRO-ARMGD,https://pcpartpicker.com/product/kCTmP6/prolimatech-cpu-cooler-proarmgd,https://cdna.pcpartpicker.com/static/forever/images/product/1684e2f9d3a11033819461bcdc83015b.med.256p.jpg,,,,,
Enermax ELC120-TA,https://pcpartpicker.com/product/TvrG3C/enermax-elc120-ta-929-cfm-liquid-cpu-cooler-elc120-ta,https://m.media-amazon.com/images/I/31or+udmxyL.jpg,800 - 2200 RPM,18.5 - 32.8 dB,,120 mm,
Phanteks PH-TC12DX_RD,https://pcpartpicker.com/product/VXDwrH/phanteks-cpu-cooler-phtc12dxrd,https://images-na.ssl-images-amazon.com/images/I/51MHqtOfpbL.jpg,600 - 1800 RPM,21.9 - 27.6 dB,,,
NZXT Respire T40,https://pcpartpicker.com/product/GgGkcf/nzxt-cpu-cooler-rcrst4001,/static/forever/img/no-image.png,1300 - 1800 RPM,26.5 - 34 dB,,,
Zalman LQ-320,https://pcpartpicker.com/product/BvXfrH/zalman-lq-320-liquid-cpu-cooler-lq-320,https://images-na.ssl-images-amazon.com/images/I/41pDcf81N7L.jpg,900 - 2000 RPM,,,120 mm,
Zalman LQ-310,https://pcpartpicker.com/product/Lc8Zxr/zalman-lq-310-liquid-cpu-cooler-lq-310,https://images-na.ssl-images-amazon.com/images/I/41K5LUVONuL.jpg,900 - 2000 RPM,,,120 mm,
Titan TTC-NC55TZ/RB,https://pcpartpicker.com/product/GkphP6/titan-cpu-cooler-ttcnc55tzrb,https://cdna.pcpartpicker.com/static/forever/images/product/d5b8a49bacc7595c3c0df064cb01fdfb.med.256p.jpg,1800 - 2200 RPM,28.8 - 38 dB,,,
Phanteks PH-TC12DX_BL,https://pcpartpicker.com/product/vG9KHx/phanteks-cpu-cooler-phtc12dxbl,https://images-na.ssl-images-amazon.com/images/I/51YI8DWCQmL.jpg,600 - 1800 RPM,21.9 - 27.6 dB,,,
Evercool HPO-12025,https://pcpartpicker.com/product/DWFPxr/evercool-cpu-cooler-hpo12025,https://cdna.pcpartpicker.com/static/forever/images/product/49bcd9cc3d8ccda4d823c4cd2091031e.med.256p.jpg,1400 - 2200 RPM,16 - 38 dB,,,
Cooler Master RR-T812-24PK-R2,https://pcpartpicker.com/product/FMjG3C/cooler-master-cpu-cooler-rrt81224pkr2,https://images-na.ssl-images-amazon.com/images/I/51x7xQB%2BY5L.jpg,600 - 2400 RPM,19 - 40 dB,,,
Silverstone AR01,https://pcpartpicker.com/product/H7K7YJ/silverstone-cpu-cooler-ar01,https://m.media-amazon.com/images/I/51DTACtU1eL.jpg,1000 - 2200 RPM,16.39 - 33.5 dB,,,
Thermaltake NiC C5,https://pcpartpicker.com/product/WXjG3C/thermaltake-cpu-cooler-clp0608,https://cdna.pcpartpicker.com/static/forever/images/product/37902f16a7bb7ba2b003008eb1f3f634.256p.jpg,1000 - 2000 RPM,20 - 39.9 dB,,,
be quiet! Shadow Rock Topflow SR1,https://pcpartpicker.com/product/CDtCmG/be-quiet-cpu-cooler-bk012,https://m.media-amazon.com/images/I/41-NpHIuG6L.jpg,1500 RPM,9.6 - 24.4 dB,,,
be quiet! Dark Rock 2,https://pcpartpicker.com/product/smbp99/be-quiet-cpu-cooler-bk015,https://m.media-amazon.com/images/I/414aI5tZ3eL.jpg,1300 RPM,8.7 - 21.2 dB,,,
Thermaltake CLW0214,https://pcpartpicker.com/product/c6JwrH/thermaltake-clw0214-1016-cfm-liquid-cpu-cooler-clw0214,/static/forever/img/no-image.png,1200 - 2500 RPM,20 - 43 dB,,120 mm,
Dynatron R12,https://pcpartpicker.com/product/Fxzv6h/dynatron-cpu-cooler-r12,/static/forever/img/no-image.png,,0 dB,,,
Dynatron R17,https://pcpartpicker.com/product/QhQypg/dynatron-cpu-cooler-r17,/static/forever/img/no-image.png,1000 - 2500 RPM,17 - 31.92 dB,,,
Xigmatek Praeton LD963,https://pcpartpicker.com/product/w9bp99/xigmatek-cpu-cooler-cacd9hh3u01,https://images-na.ssl-images-amazon.com/images/I/41-TgHD98VL.jpg,1200 - 2800 RPM,22 dB,,,
Cooler Master Glacer 240L,https://pcpartpicker.com/product/rmYXsY/cooler-master-glacer-240l-8615-cfm-liquid-cpu-cooler-rl-g24l-24pk-r1,https://m.media-amazon.com/images/I/41w7GFRg6ZL.jpg,2400 RPM,19 - 40.33 dB,,240 mm,
Dynatron T450,https://pcpartpicker.com/product/436BD3/dynatron-cpu-cooler-t450,https://cdna.pcpartpicker.com/static/forever/images/product/396b4b1ab7cef6acc3adaca819901cb0.256p.jpg,800 - 2500 RPM,16 - 27.3 dB,,,
Thermalright HR-02 Rev.A(BW),https://pcpartpicker.com/product/MtjG3C/thermalright-cpu-cooler-hro2revabw,https://images-na.ssl-images-amazon.com/images/I/51jCdJIDrLL.jpg,900 - 1300 RPM,17 - 21 dB,,,
Thermalright Macho-120,https://pcpartpicker.com/product/Dg2kcf/thermalright-macho-120-736-cfm-cpu-cooler-macho-120,https://m.media-amazon.com/images/I/51LaEB2IV9L.jpg,900 - 1300 RPM,17 - 21 dB,,,
Enermax Liqtech 120X,https://pcpartpicker.com/product/Nk4gXL/enermax-liqtech-120x-111-cfm-ball-bearing-liquid-cpu-cooler-elc-lt120x-hp,https://images-na.ssl-images-amazon.com/images/I/41uL4efYZ3L.jpg,600 - 2500 RPM,15 - 30 dB,,120 mm,
Enermax Liqtech 240,https://pcpartpicker.com/product/NpZQzy/enermax-liqtech-240-111-cfm-liquid-cpu-cooler-elc-lt240-hp,https://images-na.ssl-images-amazon.com/images/I/41zNCD0HiBL.jpg,2500 RPM,30 dB,,240 mm,
Thermaltake NiC L32,https://pcpartpicker.com/product/q9h9TW/thermaltake-cpu-cooler-clp002al14rea,https://m.media-amazon.com/images/I/41ESB9BGXZL.jpg,500 - 1800 RPM,18 - 38.4 dB,,,
Thermalright HR-22,https://pcpartpicker.com/product/t6vRsY/thermalright-cpu-cooler-hr22,https://m.media-amazon.com/images/I/614IhTl9AyL.jpg,,,,,
Thermalright SILVER ARROW IB-E,https://pcpartpicker.com/product/gs6BD3/thermalright-silver-arrow-ib-e-7364-cfm-cpu-cooler-silver-arrow-ib-e,https://cdna.pcpartpicker.com/static/forever/images/product/86b96f051c6d52b7438dabf2582a5d10.256p.jpg,900 - 1300 RPM,21 - 25 dB,,,
RAIJINTEK THEMIS,https://pcpartpicker.com/product/Wb4gXL/raijintek-cpu-cooler-0p105255,https://images-na.ssl-images-amazon.com/images/I/51o9sBDRnLL.jpg,1000 - 1500 RPM,24.53 dB,,,
RAIJINTEK PALLAS Red,https://pcpartpicker.com/product/TCBv6h/raijintek-cpu-cooler-0r100004,https://cdna.pcpartpicker.com/static/forever/images/product/9ce0feecc4ce2e5e7ebdc7c4222f5df0.256p.jpg,650 - 1400 RPM,28 dB,,,
RAIJINTEK RHEA,https://pcpartpicker.com/product/zNJwrH/raijintek-cpu-cooler-0r100005,https://m.media-amazon.com/images/I/41ivzEKyMNL.jpg,800 - 2200 RPM,27.9 dB,,,
Zalman Reserator 3 MAX Dual,https://pcpartpicker.com/product/dhn2FT/zalman-reserator-3-max-dual-liquid-cpu-cooler-reserator-3-max-dual,https://images-na.ssl-images-amazon.com/images/I/51TWMmN7FeL.jpg,1000 - 2300 RPM,23.2 - 46.6 dB,,240 mm,
LEPA LPALV12-BK,https://pcpartpicker.com/product/n6vRsY/lepa-cpu-cooler-lpalv12bk,/static/forever/img/no-image.png,2200 RPM,23 dB,,,
Zero Infinity Shiva,https://pcpartpicker.com/product/DnkD4D/zero-infinity-cpu-cooler-shi001pb,https://images-na.ssl-images-amazon.com/images/I/519Dgfu6MzL.jpg,2200 RPM,,,,
Swiftech H220-X,https://pcpartpicker.com/product/BWMFf7/swiftech-h220-x-55-cfm-liquid-cpu-cooler-h220-x,https://cdna.pcpartpicker.com/static/forever/images/product/1428b6e039fd0cc35137b03dc945883a.256p.jpg,800 - 1800 RPM,16 - 33 dB,,240 mm,
Deepcool LUCIFER,https://pcpartpicker.com/product/mj8Zxr/deepcool-cpu-cooler-lucifer,/static/forever/img/no-image.png,700 - 1400 RPM,17.8 - 31.1 dB,,,
RAIJINTEK TRITON RED,https://pcpartpicker.com/product/qJ7CmG/raijintek-triton-red-10046-cfm-sleeve-bearing-liquid-cpu-cooler-0r100020,https://cdna.pcpartpicker.com/static/forever/images/product/02d822d6341f5ca03fd85be10caae09f.256p.jpg,1000 - 2600 RPM,21.6 - 36.6 dB,,240 mm,
Thermaltake MeOrb II,https://pcpartpicker.com/product/WLrcCJ/thermaltake-cpu-cooler-clp004al08bla,https://images-na.ssl-images-amazon.com/images/I/41pFCV9xrpL.jpg,1500 - 2500 RPM,18.5 - 28 dB,,,
Thermaltake CL-P008-AL09WT-A,https://pcpartpicker.com/product/6gX2FT/thermaltake-cpu-cooler-clp008al09wta,https://images-na.ssl-images-amazon.com/images/I/411FE1PYftL.jpg,1800 RPM,21 dB,,,
Swiftech H240-X,https://pcpartpicker.com/product/VJ7CmG/swiftech-h240-x-90-cfm-liquid-cpu-cooler-h240-x,https://m.media-amazon.com/images/I/41RyHLySHgL.jpg,700 - 1800 RPM,8.3 - 28.8 dB,,280 mm,
Akasa Venom Medusa,https://pcpartpicker.com/product/8998TW/akasa-cpu-cooler-akcc4010hp01,https://cdna.pcpartpicker.com/static/forever/images/product/fe6cbc72f3f3d95e053b44f3deac59c9.med.256p.jpg,500 - 1600 RPM,6.9 - 28.9 dB,,,
Gelid Solutions GX7,https://pcpartpicker.com/product/JycMnQ/gelid-solutions-cpu-cooler-ccgx702a,https://images-na.ssl-images-amazon.com/images/I/41QsqMUiwlL.jpg,750 - 1800 RPM,12 - 28 dB,,,
Prolimatech Basic 45,https://pcpartpicker.com/product/PzyxFT/prolimatech-cpu-cooler-probsc45,https://cdna.pcpartpicker.com/static/forever/images/product/88c6f0e72333abd02db05ff6a3f03452.256p.jpg,1000 - 2000 RPM,,,,
Prolimatech Basic 48,https://pcpartpicker.com/product/hjX2FT/prolimatech-cpu-cooler-probsc48,/static/forever/img/no-image.png,1000 - 2000 RPM,,,,
Prolimatech Basic 65,https://pcpartpicker.com/product/cFTrxr/prolimatech-cpu-cooler-probsc65,https://cdna.pcpartpicker.com/static/forever/images/product/eb92224f0dfa5bf101e4625ffc5acf45.256p.jpg,600 - 1600 RPM,,,,
Fractal Design Kelvin S36,https://pcpartpicker.com/product/YzyxFT/fractal-design-kelvin-s36-624-cfm-liquid-cpu-cooler-fd-wcu-kelvin-s36-bk,https://cdna.pcpartpicker.com/static/forever/images/product/6f2ebf97cac53f15df22cb1ba0be3cbd.256p.jpg,800 - 1700 RPM,26.9 dB,,360 mm,
LEPA AquaChanger 120,https://pcpartpicker.com/product/DLkwrH/lepa-aquachanger-120-1036-cfm-liquid-cpu-cooler-lpwac120-hf,https://cdna.pcpartpicker.com/static/forever/images/product/ed6d2d39815d9fadbe7fab19368c65ae.256p.jpg,500 - 2300 RPM,14 - 35 dB,,120 mm,
Phanteks PH-TC14S_BK,https://pcpartpicker.com/product/xBmxFT/phanteks-ph-tc14s_bk-6809-cfm-cpu-cooler-ph-tc14s_bk,https://cdna.pcpartpicker.com/static/forever/images/product/ee58e903fe46357316a509fe71db3057.256p.jpg,500 - 1600 RPM,25.3 dB,,,
Xigmatek Loki II,https://pcpartpicker.com/product/3VnG3C/xigmatek-cpu-cooler-cacs9hh3u07,/static/forever/img/no-image.png,1200 - 2800 RPM,20 - 28 dB,,,
Thermaltake Frio Silent 12,https://pcpartpicker.com/product/QCJkcf/thermaltake-cpu-cooler-clp001al12blb,https://m.media-amazon.com/images/I/41qbqpbMbLL.jpg,1400 RPM,12 - 19.2 dB,,,
Xigmatek Dark Knight SD1483 Night Hawk,https://pcpartpicker.com/product/p298TW/xigmatek-cpu-cooler-en6602,https://m.media-amazon.com/images/I/51sx5faCUML.jpg,800 - 1200 RPM,18 dB,,,
Enermax Liqmax II 120,https://pcpartpicker.com/product/GGGj4D/enermax-liqmax-ii-120-96-cfm-liquid-cpu-cooler-elc-lmr120s-bs,https://images-na.ssl-images-amazon.com/images/I/41uq3ec0yyL.jpg,500 - 2000 RPM,16 - 35 dB,,120 mm,
RAIJINTEK TISIS,https://pcpartpicker.com/product/BBZ2FT/raijintek-tisis-702-cfm-sleeve-bearing-cpu-cooler-0r100013,https://m.media-amazon.com/images/I/51Chk29mjML.jpg,600 - 1000 RPM,23 dB,,,
SilentiumPC Spartan LT HE922,https://pcpartpicker.com/product/Zb8H99/silentiumpc-cpu-cooler-spc091,/static/forever/img/no-image.png,800 - 2000 RPM,9.9 - 21.9 dB,,,
Scythe SCNJ-4000,https://pcpartpicker.com/product/RZfmP6/scythe-cpu-cooler-scnj4000,https://m.media-amazon.com/images/I/51K-zaM7TtL.jpg,300 - 1500 RPM,4 - 29.5 dB,,,
Deepcool Maelstrom 120K,https://pcpartpicker.com/product/xGqbt6/deepcool-maelstrom-120k-6193-cfm-liquid-cpu-cooler-maelstrom-120k,/static/forever/img/no-image.png,600 - 1800 RPM,18.2 - 32.4 dB,,120 mm,
CRYORIG A80,https://pcpartpicker.com/product/2z7CmG/cryorig-a80-128-cfm-liquid-cpu-cooler-a80,https://cdna.pcpartpicker.com/static/forever/images/product/e018417f40669e21dbc53ab157d17ec5.256p.jpg,600 - 1850 RPM,13 - 38 dB,,280 mm,
Enermax ETS-T40F-RF,https://pcpartpicker.com/product/GvWrxr/enermax-cpu-cooler-etst40frf,https://m.media-amazon.com/images/I/513fIiGDwKL.jpg,500 - 1200 RPM,10 - 19 dB,,,
Silverstone NT01-PRO,https://pcpartpicker.com/product/93Z2FT/silverstone-cpu-cooler-sstnt01pro,/static/forever/img/no-image.png,,0 dB,,,
Thermalright AXP-100R,https://pcpartpicker.com/product/rTJkcf/thermalright-axp-100r-445-cfm-cpu-cooler-axp-100r,https://cdna.pcpartpicker.com/static/forever/images/product/dc2b75917090ae4dc288bef243f4d431.256p.jpg,900 - 2500 RPM,22 - 30 dB,,,
ID-COOLING SE-802,https://pcpartpicker.com/product/jFgPxr/id-cooling-cpu-cooler-se802,/static/forever/img/no-image.png,2200 RPM,23.3 dB,,,
Thermalright Macho X2 Limited Edition,https://pcpartpicker.com/product/ZsL7YJ/thermalright-macho-x2-limited-edition-cpu-cooler-macho-x2-limited-edition,https://m.media-amazon.com/images/I/51DucJ3EQ2L.jpg,800 RPM,15 dB,,,
Deepcool CAPTAIN 120 WHITE,https://pcpartpicker.com/product/rbKhP6/deepcool-captain-120-white-9112-cfm-liquid-cpu-cooler-captain120white,https://cdna.pcpartpicker.com/static/forever/images/product/c9b650908371af539bd627a9f2773c81.256p.jpg,600 - 2200 RPM,17.6 - 39.29 dB,,120 mm,
ID-COOLING FROSTFLOW 240L-R,https://pcpartpicker.com/product/GmrcCJ/id-cooling-frostflow-240l-r-845-cfm-liquid-cpu-cooler-frostflow-240l-r,https://images-na.ssl-images-amazon.com/images/I/51x5qj6kMzL.jpg,800 - 2000 RPM,20 - 38.2 dB,,240 mm,
Thermalright Archon IB-E X2,https://pcpartpicker.com/product/RkJkcf/thermalright-archon-ib-e-x2-74-cfm-cpu-cooler-archon-ib-e-x2,https://cdna.pcpartpicker.com/static/forever/images/product/1c34e1bcb2236ab9da307d3da0f73560.256p.jpg,900 - 1300 RPM,17 - 21 dB,,,
Deepcool CAPTAIN 240 EX,https://pcpartpicker.com/product/wqRFf7/deepcool-captain-240-ex-15304-cfm-liquid-cpu-cooler-captain-240-ex,https://cdna.pcpartpicker.com/static/forever/images/product/fc578509716c8ce20bde82c1684bbab4.256p.jpg,500 - 1800 RPM,17.6 - 31.3 dB,,240 mm,
Deepcool ICE BLADE 100,https://pcpartpicker.com/product/GNyxFT/deepcool-ice-blade-100-4295-cfm-cpu-cooler-ice-blade-100,https://cdna.pcpartpicker.com/static/forever/images/product/29b2a6639d14734e1d628df52d8b6cbb.256p.jpg,2200 RPM,31.6 dB,,,
Deepcool Maelstrom 120T RF,https://pcpartpicker.com/product/nKhj4D/deepcool-maelstrom-120t-rf-8364-cfm-liquid-cpu-cooler-maelstrom-120t-rf,https://cdna.pcpartpicker.com/static/forever/images/product/d77598e11ed721898c123e9c87ac8942.256p.jpg,600 - 1800 RPM,17.8 - 34.1 dB,,120 mm,
Enermax ETS-T50 AXE (White),https://pcpartpicker.com/product/vdJkcf/enermax-ets-t50-axe-white-6232-cfm-cpu-cooler-ets-t50a-wvs,/static/forever/img/no-image.png,800 - 1800 RPM,18.9 - 25 dB,,,
ID-COOLING ICEKIMO 120W,https://pcpartpicker.com/product/XVL7YJ/id-cooling-icekimo-120w-62-cfm-liquid-cpu-cooler-icekimo-120w,https://cdna.pcpartpicker.com/static/forever/images/product/f63cca05e0c729e822e2161c07a46cbc.256p.jpg,2500 RPM,18 - 26.4 dB,,120 mm,
Cooler Master MasterAir Pro 4,https://pcpartpicker.com/product/vcrcCJ/cooler-master-masterair-pro-4-667-cfm-cpu-cooler-may-t4pn-220pk-r1,https://cdna.pcpartpicker.com/static/forever/images/product/4d64dee02336c896d055933e9d2939ac.256p.jpg,650 - 2000 RPM,6 - 30 dB,,,
RIOTORO BIFROST 240,https://pcpartpicker.com/product/GXcMnQ/riotoro-bifrost-240-liquid-cpu-cooler-bifrost-240,https://cdna.pcpartpicker.com/static/forever/images/product/3ca054d859802ac4165fa6017054bd81.256p.jpg,,,,240 mm,
Gelid Solutions Rev. 4 Tranquillo,https://pcpartpicker.com/product/kPZ2FT/gelid-solutions-rev-4-tranquillo-655-cfm-cpu-cooler-cc-tranq-04-a,https://m.media-amazon.com/images/I/41y-DnR2IsL.jpg,750 - 1600 RPM,12 - 26.7 dB,,,
OcUK 240mm Extreme,https://pcpartpicker.com/product/rDZ2FT/ocuk-240mm-extreme-cpu-cooler-bu-096-tl,https://cdna.pcpartpicker.com/static/forever/images/product/31abc1fd53b0b7a2f7b8c1f9b3682a7c.256p.jpg,,,,240 mm,
Enermax LiqTech TR4 240,https://pcpartpicker.com/product/KHdFf7/enermax-liqtech-tr4-240-10217-cfm-liquid-cpu-cooler-elc-lttr240-tbp,https://cdna.pcpartpicker.com/static/forever/images/product/1a80e7603c87ba5c876807aa8fb5473a.256p.jpg,500 - 2300 RPM,14 - 28 dB,,240 mm,
ARCTIC Freezer 33 eSports Edition (Black/White),https://pcpartpicker.com/product/3r38TW/arctic-freezer-33-esports-edition-blackwhite-cpu-cooler-acfre00033a,https://m.media-amazon.com/images/I/511HA6Kd-jL.jpg,200 - 1800 RPM,24.4 dB,,,
Scythe Kabuto 3,https://pcpartpicker.com/product/mGs8TW/scythe-kabuto-3-79-cfm-cpu-cooler-sckbt-3000,https://m.media-amazon.com/images/I/51gpsW1auOL.jpg,300 - 1400 RPM,4 - 28 dB,,,
Rosewill ROCC-16003,https://pcpartpicker.com/product/tbvbt6/rosewill-rocc-16003-410-cfm-cpu-cooler-rocc-16003,/static/forever/img/no-image.png,800 - 2200 RPM,25 dB,Black / Silver,,
ARCTIC Freezer 33 eSports ONE (Black/Green),https://pcpartpicker.com/product/P8KcCJ/arctic-freezer-33-esports-one-blackgreen-cpu-cooler-acfre00045a,https://cdna.pcpartpicker.com/static/forever/images/product/ed3b0064b46676dfbb10a77e96992737.256p.jpg,200 - 1800 RPM,24.4 dB,,,
RAIJINTEK JUNO-X,https://pcpartpicker.com/product/tV7v6h/raijintek-juno-x-520-cfm-cpu-cooler-0r100058,https://cdna.pcpartpicker.com/static/forever/images/product/7bff83aa32e06b0727ad92a2f39d5970.256p.jpg,1200 - 2500 RPM,26 dB,Green / Black,,
RAIJINTEK JUNO-X,https://pcpartpicker.com/product/gDx2FT/raijintek-juno-x-520-cfm-cpu-cooler-0r100059,https://cdna.pcpartpicker.com/static/forever/images/product/81626ce3501e57c24e01da75a206fb63.256p.jpg,1200 - 2500 RPM,26 dB,Blue / Black,,
RAIJINTEK LETO W,https://pcpartpicker.com/product/6QPKHx/raijintek-leto-w-670-cfm-cpu-cooler-0r100061,https://cdna.pcpartpicker.com/static/forever/images/product/4d3298c89bb27650fe740b56fb7809f1.256p.jpg,800 - 1800 RPM,29 dB,Black / Blue,,
RAIJINTEK LETO B,https://pcpartpicker.com/product/jn66Mp/raijintek-leto-b-670-cfm-cpu-cooler-0r100063,https://cdna.pcpartpicker.com/static/forever/images/product/4bb0a473eb5e5b48ba5c1b00ab970b11.256p.jpg,800 - 1800 RPM,29 dB,Black / Blue,,
ID-COOLING AURAFLOW 120 SNOW,https://pcpartpicker.com/product/6Wc48d/id-cooling-auraflow-120-snow-745-cfm-liquid-cpu-cooler-auraflow-120-snow,https://cdna.pcpartpicker.com/static/forever/images/product/d122b3a53f88351427c179b9a8e3aff5.256p.jpg,700 - 1800 RPM,18 - 35.2 dB,White,120 mm,
Scythe SCBYK-1000,https://pcpartpicker.com/product/LwyV3C/scythe-scbyk-1000-465-cfm-cpu-cooler-scbyk-1000,https://cdna.pcpartpicker.com/static/forever/images/product/616c03939cfb4af275e73cbf6ea0cd65.256p.jpg,300 - 2300 RPM,7.2 - 28.26 dB,Silver / Black,,
Cooler Master MasterAir MA620P TUF Gaming Edition,https://pcpartpicker.com/product/xhvbt6/cooler-master-masterair-ma620p-tuf-gaming-edition-534-cfm-cpu-cooler-map-d6pn-afnpc-r1,https://m.media-amazon.com/images/I/514M-xjPg2L.jpg,600 - 1800 RPM,6 - 31 dB,Black / Yellow,,
Antec Mercury 240 RGB,https://pcpartpicker.com/product/BcjJ7P/antec-mercury-240-rgb-7331-cfm-liquid-cpu-cooler-mercury-240rgb,https://cdna.pcpartpicker.com/static/forever/images/product/1778669d757b711856da4ae832685d21.256p.jpg,900 - 1800 RPM,36 dB,Black / White,240 mm,
Antec Mercury 120,https://pcpartpicker.com/product/ZZvbt6/antec-mercury-120-7331-cfm-liquid-cpu-cooler-mercury-120,/static/forever/img/no-image.png,900 - 1800 RPM,30 dB,Black / White,120 mm,
LEPA NEOllusion-RGB M/B Sync,https://pcpartpicker.com/product/kHKcCJ/lepa-lpanl12-ms-754-cfm-cpu-cooler-lpanl12-ms,https://images-na.ssl-images-amazon.com/images/I/51AfPTJGpYL.jpg,400 - 1800 RPM,14 - 33 dB,Black,,
CRYORIG H7 Plus,https://pcpartpicker.com/product/Bj7v6h/cryorig-h7-plus-590-cfm-cpu-cooler-h7-plus,/static/forever/img/no-image.png,300 - 1600 RPM,25 dB,Black / Silver,,
Deepcool NEPTWIN WHITE,https://pcpartpicker.com/product/wPkj4D/deepcool-neptwin-white-7434-cfm-cpu-cooler-neptwin-white,https://cdna.pcpartpicker.com/static/forever/images/product/7266a70d5e42497065d3c0afe1f01b57.256p.jpg,900 - 1500 RPM,17.8 - 30 dB,White,,
Rosewill PB240,https://pcpartpicker.com/product/cytQzy/rosewill-pb240-534-cfm-liquid-cpu-cooler-pb240,https://cdna.pcpartpicker.com/static/forever/images/product/93a77c68452f6260f0195dcd8eb7aece.256p.jpg,600 - 1800 RPM,34.1 dB,Black,240 mm,
ID-COOLING Chromaflow240,https://pcpartpicker.com/product/y7jJ7P/id-cooling-chromaflow240-552-cfm-liquid-cpu-cooler-chromaflow240,https://cdna.pcpartpicker.com/static/forever/images/product/390540d58cbfa8f5f5d0ef3e9271d55f.256p.jpg,900 - 2000 RPM,16.3 - 33.5 dB,Black,240 mm,
Cooler Master MasterLiquid ML240R RGB Phantom Gaming Edition,https://pcpartpicker.com/product/NwsmP6/cooler-master-masterliquid-ml240r-rgb-phantom-gaming-edition-667-cfm-liquid-cpu-cooler-mlx-d24m-a20pc-rp,https://cdna.pcpartpicker.com/static/forever/images/product/9faeeadd396c32b80afc6d4dbea7ca96.256p.jpg,650 - 2000 RPM,6 - 30 dB,Black,240 mm,
RAIJINTEK MYA RBW,https://pcpartpicker.com/product/rRc48d/raijintek-mya-rbw-4171-cfm-cpu-cooler-0r10b00094,https://cdna.pcpartpicker.com/static/forever/images/product/d615e581ebf948ffcb7be7b8be47da0c.256p.jpg,200 - 1400 RPM,28.43 dB,Black,,
Enermax Liqtech II 360,https://pcpartpicker.com/product/NQrmP6/enermax-liqtech-ii-360-10217-cfm-liquid-cpu-cooler-elc-ltto360-tbp,https://cdna.pcpartpicker.com/static/forever/images/product/1eda8454526ace4c217b8bc9622105b5.256p.jpg,500 - 2300 RPM,14 - 28 dB,Black,360 mm,
Scythe Choten TUF Gaming Alliance,https://pcpartpicker.com/product/Nkvbt6/scythe-choten-tuf-gaming-alliance-5117-cfm-cpu-cooler-scct-1000tuf,https://cdna.pcpartpicker.com/static/forever/images/product/aeda36fbd621ef0e7fec8064cb126b9e.256p.jpg,300 - 1200 RPM,4 - 24.9 dB,Black / Yellow,,
Thermalright AXP-100RH,https://pcpartpicker.com/product/R2FKHx/thermalright-axp-100rh-cpu-cooler-axp-100rh,https://m.media-amazon.com/images/I/51v+AMRF97L.jpg,900 - 2500 RPM,,Black / Red,,
Thermalright AXP-200 Muscle,https://pcpartpicker.com/product/9btKHx/thermalright-axp-200-muscle-cpu-cooler-axp-200-muscle,https://cdna.pcpartpicker.com/static/forever/images/product/91fa1bd6d2ec23749f9134742cb62011.256p.jpg,700 - 1300 RPM,,Black / White,,
GAMDIAS CHIONE P1A-360R,https://pcpartpicker.com/product/N4CFf7/gamdias-chione-p1a-360r-55-cfm-liquid-cpu-cooler-chione-p1a-360r,https://cdna.pcpartpicker.com/static/forever/images/product/bfb150814af29e10402dbc78c064d661.256p.jpg,800 - 1500 RPM,16 - 22 dB,Black,360 mm,
Thermalright SilverArrow T8,https://pcpartpicker.com/product/jd6qqs/thermalright-silverarrow-t8-9096-cfm-cpu-cooler-silverarrow-t8,https://images-na.ssl-images-amazon.com/images/I/51Q0Z-XZUsL.jpg,600 - 1800 RPM,19 - 25 dB,Silver / Red,,
Thermalright ARO-M14G,https://pcpartpicker.com/product/zV6qqs/thermalright-aro-m14g-736-cfm-cpu-cooler-aro-m14g,https://m.media-amazon.com/images/I/51pFqlrHA3L.jpg,300 - 1300 RPM,15 - 21 dB,,,
GameMax Iceberg 120 ARGB,https://pcpartpicker.com/product/jMcRsY/gamemax-iceberg-120-argb-36-cfm-liquid-cpu-cooler-gmx-iceberg120argb,https://cdna.pcpartpicker.com/static/forever/images/product/18b3e6bb806babe5dccd0be9fbfe71b5.256p.jpg,1100 RPM,25 dB,Black,120 mm,
Cooler Master MasterLiquid ML240 RGB (TR4 Edition),https://pcpartpicker.com/product/2bbwrH/cooler-master-masterliquid-ml240-rgb-tr4-edition-667-cfm-liquid-cpu-cooler-mlx-d24m-a20pc-t1,https://cdna.pcpartpicker.com/static/forever/images/product/fcab7dc830b5e730c430a34d86626cec.256p.jpg,650 - 2000 RPM,6 - 30 dB,Black,240 mm,
Rosewill PB240-RGB,https://pcpartpicker.com/product/KcJtt6/rosewill-pb240-rgb-352-cfm-liquid-cpu-cooler-pb240-rgb,https://cdna.pcpartpicker.com/static/forever/images/product/fe54d04dae4bcf87352cdf4e02dbb2d0.256p.jpg,1500 RPM,26.8 dB,Black,240 mm,
Rosewill PB120-RGB,https://pcpartpicker.com/product/VWbCmG/rosewill-pb120-rgb-412-cfm-liquid-cpu-cooler-pb120-rgb,https://cdna.pcpartpicker.com/static/forever/images/product/7282c9c12d7925c51b674481e600e9a9.256p.jpg,800 - 1800 RPM,27.8 dB,Black,120 mm,
Silverstone HE01-V2,https://pcpartpicker.com/product/bTrmP6/silverstone-he01-v2-171-cfm-cpu-cooler-sst-he01-v2,https://cdna.pcpartpicker.com/static/forever/images/product/2c2d1a6132040de1d0eea4d4f332790a.256p.jpg,500 - 2000 RPM,18 - 41 dB,Silver / Black,,
Phanteks PH-TC12LS_RGB,https://pcpartpicker.com/product/mbbwrH/phanteks-ph-tc12ls_rgb-533-cfm-cpu-cooler-ph-tc12ls_rgb,https://cdna.pcpartpicker.com/static/forever/images/product/7c54448dcab3beda74783e3beaafa8f7.256p.jpg,,25 dB,Black / White,,
ID-COOLING IS-50X,https://pcpartpicker.com/product/CNvqqs/id-cooling-is-50x-536-cfm-cpu-cooler-is-50x,https://cdna.pcpartpicker.com/static/forever/images/product/554350238ee3ce214ae5c1b9d83b0e2e.256p.jpg,600 - 1600 RPM,13.8 - 30.2 dB,Black,,
Akasa Nero 3,https://pcpartpicker.com/product/3stKHx/akasa-nero-3-5054-cfm-cpu-cooler-ak-cc4013ep01,https://cdna.pcpartpicker.com/static/forever/images/product/938bed3b4c4176ef3c5a665ac1f5b6da.256p.jpg,500 - 1500 RPM,24.6 dB,Black / Silver,,
Gelid Solutions Phantom,https://pcpartpicker.com/product/6C4BD3/gelid-solutions-phantom-cpu-cooler-cc-phantom-01-a,https://cdna.pcpartpicker.com/static/forever/images/product/bc9e35cc2ecc558d3d0d763be8bee2ff.256p.jpg,750 - 1600 RPM,12 - 26.7 dB,Black / Silver,,
upHere AC12,https://pcpartpicker.com/product/QWK2FT/uphere-ac12rd-cpu-cooler-ac12rd,https://m.media-amazon.com/images/I/510Q7MP6nML.jpg,600 - 1750 RPM,16.1 - 27.7 dB,Black,,
upHere AC12RGB,https://pcpartpicker.com/product/3Y2bt6/uphere-ac12rgb-cpu-cooler-ac12rgb,https://m.media-amazon.com/images/I/51Ph54GN9pL.jpg,600 - 1700 RPM,16.1 - 27.7 dB,Black,,
upHere C92,https://pcpartpicker.com/product/qkzFf7/uphere-c92-70-cfm-cpu-cooler-lysb01ivqy6gs-cmptraccs,https://m.media-amazon.com/images/I/51G3ZTWCySL.jpg,800 - 1800 RPM,15.1 - 31.6 dB,Black / Red,,
upHere C92,https://pcpartpicker.com/product/KZGnTW/uphere-c92-70-cfm-cpu-cooler-lysb01ivqydb6-cmptraccs,/static/forever/img/no-image.png,800 - 1800 RPM,15.1 - 31.6 dB,Black / Red,,
upHere CC2402-usa,https://pcpartpicker.com/product/XfDkcf/uphere-cc2402-usa-497-cfm-liquid-cpu-cooler-cc2402-usa,https://m.media-amazon.com/images/I/41yxq6mDUyL.jpg,600 - 1700 RPM,16.1 - 27.7 dB,Black,240 mm,
RAIJINTEK THEMIS BLACK,https://pcpartpicker.com/product/k7ZzK8/raijintek-themis-black-6568-cfm-cpu-cooler-0r100010,https://cdna.pcpartpicker.com/static/forever/images/product/1c4f8882e94c6bbad50ed0b5b7636c73.256p.jpg,1000 - 1500 RPM,24.53 dB,Black / Silver,,
Dynatron K987,https://pcpartpicker.com/product/qQW9TW/dynatron-k987-cpu-cooler-k987,https://cdna.pcpartpicker.com/static/forever/images/product/efe88e7ce3fd8a793d8a05f522b7c25b.256p.jpg,1200 - 2800 RPM,16.08 - 34.48 dB,Black / Silver,,
SilentiumPC Fortis 3 RGB HE1425,https://pcpartpicker.com/product/c6LwrH/silentiumpc-fortis-3-rgb-he1425-cpu-cooler-spc245,https://cdna.pcpartpicker.com/static/forever/images/product/72ecbcf940d1b0f96a420dac37ec5d81.256p.jpg,500 - 1400 RPM,,Black / Silver,,
Alpenföhn Brocken 3,https://pcpartpicker.com/product/kvCFf7/alpenfohn-brocken-3-6062-cfm-cpu-cooler-84000000155,https://cdna.pcpartpicker.com/static/forever/images/product/d5cb08a4ebb8938185c5fb89a10e66cc.256p.jpg,400 - 1050 RPM,22 dB,White,,
ID-COOLING SE-207,https://pcpartpicker.com/product/6yTzK8/id-cooling-se-207-745-cfm-cpu-cooler-se-207,https://cdna.pcpartpicker.com/static/forever/images/product/1cad906c83a4aa59b0f9fa4b196b02e7.256p.jpg,700 - 1800 RPM,18 - 35.2 dB,Black / White,,
Reeven Justice II,https://pcpartpicker.com/product/FFrYcf/reeven-justice-ii-5093-cfm-cpu-cooler-rc-1207,https://m.media-amazon.com/images/I/51SIRVxoSnL.jpg,300 - 1200 RPM,5.83 - 25.1 dB,Black / Silver,,
Deepcool CAPTAIN 240 RGB V2,https://pcpartpicker.com/product/DwJmP6/deepcool-captain-240-rgb-v2-6934-cfm-liquid-cpu-cooler-dp-gs-h12l-ct240rv2,https://cdna.pcpartpicker.com/static/forever/images/product/b5fca8a9234761825a765886d47fa672.256p.jpg,500 - 1800 RPM,30 dB,Black,240 mm,
ARCTIC Freezer A13 X CO,https://pcpartpicker.com/product/zbzFf7/arctic-freezer-a13-x-co-cpu-cooler-acfre00084a,https://m.media-amazon.com/images/I/41vj01d1sjL.jpg,300 - 2000 RPM,,Black / White,,
RAIJINTEK Orcus 360,https://pcpartpicker.com/product/VKDkcf/raijintek-orcus-360-4217-cfm-liquid-cpu-cooler-0r100081,https://m.media-amazon.com/images/I/41y6a2sRYFL.jpg,800 - 1800 RPM,23 dB,Black,360 mm,
RAIJINTEK Orcus 120,https://pcpartpicker.com/product/wB6qqs/raijintek-orcus-120-4217-cfm-liquid-cpu-cooler-0r100080,https://cdna.pcpartpicker.com/static/forever/images/product/5b9f2df4faa2f043cba9d07edaa60b78.256p.jpg,800 - 1800 RPM,23 dB,Black,120 mm,
RAIJINTEK Orcus 240,https://pcpartpicker.com/product/DLgQzy/raijintek-orcus-240-4217-cfm-liquid-cpu-cooler-0r100069,https://cdna.pcpartpicker.com/static/forever/images/product/b12e1fddf829d2b62085f83a9d68be1c.256p.jpg,800 - 1800 RPM,23 dB,Black,240 mm,
RAIJINTEK EOS 240 RBW,https://pcpartpicker.com/product/vM7p99/raijintek-eos-240-rbw-75-cfm-liquid-cpu-cooler-0r10b00174,https://cdna.pcpartpicker.com/static/forever/images/product/4a381cb6c4231628a99416562e8acb43.256p.jpg,800 - 1800 RPM,28 dB,Black,240 mm,
In Win SR36,https://pcpartpicker.com/product/F8NgXL/in-win-sr36-1015-cfm-liquid-cpu-cooler-iw-lc-sr36,https://cdna.pcpartpicker.com/static/forever/images/product/9c56ba84603d82bc42b1e399836c32ca.256p.jpg,500 - 2500 RPM,23 dB,Black,360 mm,
ID-COOLING ZOOMFLOW X,https://pcpartpicker.com/product/GGBhP6/id-cooling-zoomflow-x-62-cfm-liquid-cpu-cooler-zoomflow-360x-snow,https://m.media-amazon.com/images/I/51OtyZ-fTRL.jpg,700 - 1500 RPM,18 - 26.4 dB,White,360 mm,
Thermalright Frost Spirit 140 RGB,https://pcpartpicker.com/product/sKhFf7/thermalright-frost-spirit-140-rgb-778-cfm-cpu-cooler-frost-spirit-140-rgb,https://m.media-amazon.com/images/I/51FUqenizdL.jpg,1500 RPM,25.6 dB,Gray,,
Fractal Design Lumen S28,https://pcpartpicker.com/product/n62WGX/fractal-design-lumen-s28-78-cfm-liquid-cpu-cooler-fd-w-l1-s2801,https://cdna.pcpartpicker.com/static/forever/images/product/e27e8be8314812ed680adfcbebfeb640.256p.jpg,500 - 1700 RPM,10 - 35.5 dB,Black,280 mm,
Iceberg Thermal IceSLEET X5,https://pcpartpicker.com/product/vDM48d/iceberg-thermal-icesleet-x5-76-cfm-cpu-cooler-icesleetx5-00a,https://cdna.pcpartpicker.com/static/forever/images/product/d35e68c932509051f104cb19f875ed1f.256p.jpg,500 - 1850 RPM,0 - 36 dB,Teal / Silver,,
GAMDIAS CHIONE E1,https://pcpartpicker.com/product/Ck8bt6/gamdias-chione-e1-55-cfm-liquid-cpu-cooler-chione-e1a-120,https://cdna.pcpartpicker.com/static/forever/images/product/5d5322ab2fda030a4738d13a9e59176d.256p.jpg,1500 RPM,,Black,120 mm,
GAMDIAS CHIONE E2,https://pcpartpicker.com/product/c7Z9TW/gamdias-chione-e2-69-cfm-liquid-cpu-cooler-chione-e2-120-lite,https://m.media-amazon.com/images/I/41KH2sY77EL.jpg,1800 RPM,,Black,120 mm,
Thermalright TA140 EX,https://pcpartpicker.com/product/XXZ9TW/thermalright-ta140-ex-955-cfm-cpu-cooler-ta140-ex,https://m.media-amazon.com/images/I/51BNIQ2BkOL.jpg,1800 RPM,30.2 dB,Gray,,
Scythe Mugen 5 S,https://pcpartpicker.com/product/sYKKHx/scythe-mugen-5-s-5168-cfm-cpu-cooler-scmg-5100w,/static/forever/img/no-image.png,350 - 1800 RPM,4 - 22.9 dB,Black / Silver,,
ID-COOLING SE-226-XT,https://pcpartpicker.com/product/2CQcCJ/id-cooling-se-226-xt-682-cfm-cpu-cooler-se-226-xt-white,https://cdna.pcpartpicker.com/static/forever/images/product/31f8db5695bfd831ad3b86dd5eb5b298.256p.jpg,500 - 1500 RPM,13.8 - 30.5 dB,White,,
Thermalright Ultra120EX REV.4,https://pcpartpicker.com/product/n3pzK8/thermalright-ultra120ex-rev4-69-cfm-cpu-cooler-u120ex-rev4-black,https://m.media-amazon.com/images/I/413aubPxYZL.jpg,2150 RPM,28.1 dB,Black,,
Thermalright Ultra120EX REV.4,https://pcpartpicker.com/product/NXrRsY/thermalright-ultra120ex-rev4-69-cfm-cpu-cooler-u120ex-rev4-white,https://m.media-amazon.com/images/I/41hCWTeXlbL.jpg,2150 RPM,28.1 dB,White,,
Thermaltake TOUGHAIR 510,https://pcpartpicker.com/product/bk3gXL/thermaltake-5835-cfm-cpu-cooler-cl-p075-al12tq-a,https://m.media-amazon.com/images/I/418RrvRXMzL.jpg,500 - 1200 RPM,23.6 dB,Teal,,61.74
Thermalright Assassin X Plus,https://pcpartpicker.com/product/P2ddnQ/thermalright-assassin-x-plus-6617-cfm-cpu-cooler-ax120-plus,https://m.media-amazon.com/images/I/41M2NRepBTL.jpg,1500 RPM,25.6 dB,Black / Silver,,
Thermaltake TOUGHLIQUID ARGB,https://pcpartpicker.com/product/zyYmP6/thermaltake-toughliquid-argb-5835-cfm-liquid-cpu-cooler-cl-w319-pl12bl-a,https://cdna.pcpartpicker.com/static/forever/images/product/cc45b0b239a351eb14a11f8d87633439.256p.jpg,500 - 2000 RPM,22.3 dB,Black,240 mm,
ID-COOLING DK-15,https://pcpartpicker.com/product/mkpzK8/id-cooling-dk-15-4235-cfm-cpu-cooler-dk-15,https://cdna.pcpartpicker.com/static/forever/images/product/5bd73cf821fda1cdad4305118ba34381.256p.jpg,2200 RPM,28.5 dB,,,
ID-COOLING DK-09i,https://pcpartpicker.com/product/8JcG3C/id-cooling-dk-09i-3862-cfm-cpu-cooler-dk-09i,https://cdna.pcpartpicker.com/static/forever/images/product/5ffa1c57c7eed86ee50423be610452aa.256p.jpg,2200 RPM,26.8 dB,,,
ID-COOLING DK-03i PWM BLUE,https://pcpartpicker.com/product/3ZNxFT/id-cooling-dk-03i-pwm-blue-615-cfm-cpu-cooler-dk-03i-pwm-blue,https://cdna.pcpartpicker.com/static/forever/images/product/be13d527f7e823d6ca3c0cd2691922c4.256p.jpg,500 - 1800 RPM,16 - 20.2 dB,,,
ID-COOLING DK-03A RGB PWM,https://pcpartpicker.com/product/F8D7YJ/id-cooling-dk-03a-rgb-pwm-615-cfm-cpu-cooler-dk-03a-rgb-pwm,https://cdna.pcpartpicker.com/static/forever/images/product/50a2340c04fce824e4f2c14df5665094.256p.jpg,500 - 1800 RPM,14.2 - 25.6 dB,,,
ID-COOLING IS-47S,https://pcpartpicker.com/product/XvXJ7P/id-cooling-is-47s-40-cfm-cpu-cooler-is-47s,https://cdna.pcpartpicker.com/static/forever/images/product/19abf354b151ceddb342527c7b57c9aa.256p.jpg,800 - 3600 RPM,17 - 35.8 dB,,,
ID-COOLING SE-914-XT BASIC V2,https://pcpartpicker.com/product/V7QcCJ/id-cooling-se-914-xt-basic-v2-458-cfm-cpu-cooler-se-914-xt-basic-v2,https://cdna.pcpartpicker.com/static/forever/images/product/50df609a4f5fae81d44ec5763c74e2c5.256p.jpg,600 - 2200 RPM,,,,
ID-COOLING SE-207-XT BLACK,https://pcpartpicker.com/product/P37G3C/id-cooling-se-207-xt-black-7616-cfm-cpu-cooler-se-207-xt-black,https://cdna.pcpartpicker.com/static/forever/images/product/a1d9fa92f647d40e766292c24554c607.256p.jpg,700 - 1800 RPM,15.2 - 35.2 dB,,,
ID-COOLING SE-224-XT ARGB DUET,https://pcpartpicker.com/product/hyYmP6/id-cooling-se-224-xt-argb-duet-682-cfm-cpu-cooler-se-224-xt-argb-duet,https://cdna.pcpartpicker.com/static/forever/images/product/d0e69c591ec24ee41aa26482c15a2cd2.256p.jpg,500 - 1500 RPM,13.8 - 30.5 dB,,,
ID-COOLING SE-223 BASIC,https://pcpartpicker.com/product/jpC48d/id-cooling-se-223-basic-56-cfm-cpu-cooler-se-223-basic,https://cdna.pcpartpicker.com/static/forever/images/product/6d25911c099b3d1d8d32a18ab8ca0829.256p.jpg,500 - 1600 RPM,16 - 20.2 dB,,,
ID-COOLING SE-213 RAINBOW,https://pcpartpicker.com/product/zNddnQ/id-cooling-se-213-rainbow-56-cfm-cpu-cooler-se-213-rainbow,https://cdna.pcpartpicker.com/static/forever/images/product/d2c1fec52ca96a3e08a597ce34d7f98f.256p.jpg,500 - 1600 RPM,16 - 20.2 dB,,,
ID-COOLING SE-224-XT-R,https://pcpartpicker.com/product/tgGbt6/id-cooling-se-224-xt-r-7616-cfm-cpu-cooler-se-224-xt-r,https://cdna.pcpartpicker.com/static/forever/images/product/2418ddc2c726dc81293fcd6f610b5a7d.256p.jpg,700 - 1800 RPM,15.2 - 32.5 dB,,,
ID-COOLING SE-225-XT BLACK V2,https://pcpartpicker.com/product/vnxRsY/id-cooling-se-225-xt-black-v2-7616-cfm-cpu-cooler-se-225-xt-black-v2,https://cdna.pcpartpicker.com/static/forever/images/product/0a25bb05e80899ca2e8e251935831dd5.256p.jpg,700 - 1800 RPM,15.2 - 35.2 dB,,,
ID-COOLING SE-234-ARGB V2,https://pcpartpicker.com/product/XPZ9TW/id-cooling-se-234-argb-v2-682-cfm-cpu-cooler-se-234-argb-v2,https://cdna.pcpartpicker.com/static/forever/images/product/395ad52c0dd72000cbc697f5658d5659.256p.jpg,500 - 1500 RPM,13.8 - 30.5 dB,,,
ID-COOLING SE-802-SD,https://pcpartpicker.com/product/PnxRsY/id-cooling-se-802-sd-287-cfm-cpu-cooler-se-802-sd,https://cdna.pcpartpicker.com/static/forever/images/product/7042adf46aa2f49f4540d78c075251e3.256p.jpg,2200 RPM,23.3 dB,,,
ID-COOLING SE-902-SD,https://pcpartpicker.com/product/CL3gXL/id-cooling-se-902-sd-3744-cfm-cpu-cooler-se-902-sd,https://cdna.pcpartpicker.com/static/forever/images/product/624c1168948557b1641c1ebeded6f5c6.256p.jpg,2000 RPM,23.1 dB,,,
ID-COOLING ZOOMFLOW 360,https://pcpartpicker.com/product/HN8bt6/id-cooling-zoomflow-360-552-cfm-liquid-cpu-cooler-zoomflow-360,https://cdna.pcpartpicker.com/static/forever/images/product/c0f6db975518f4c895d91cbdf89999e7.256p.jpg,900 - 2000 RPM,16.3 - 33.5 dB,Black,360 mm,
Cooler Master Hyper 212X EU Version,https://pcpartpicker.com/product/pKfnTW/cooler-master-hyper-212x-eu-version-546-cfm-cpu-cooler-rr-212x-17pk-r1,https://cdna.pcpartpicker.com/static/forever/images/product/24a2c679412f9e2ea04c34c0a96cd659.256p.jpg,600 - 1700 RPM,13 - 28.6 dB,,,
Deepcool LS320 WH,https://pcpartpicker.com/product/LyjBD3/deepcool-ls320-wh-8585-cfm-liquid-cpu-cooler-ls320-wh,https://cdna.pcpartpicker.com/static/forever/images/product/43752d50554ff7d94ce5771ed1dc2e3c.256p.jpg,500 - 2250 RPM,32.9 dB,White,120 mm,
Enermax AQUAFUSION ADV 120,https://pcpartpicker.com/product/N7zhP6/enermax-aquafusion-adv-120-798-cfm-liquid-cpu-cooler-elc-aqfa120-sqa,https://cdna.pcpartpicker.com/static/forever/images/product/8e1e64733471319d9ff9ece1052bd3dc.256p.jpg,500 - 2000 RPM,15 - 32.6 dB,Black,120 mm,
Thermalright TA120 EX,https://pcpartpicker.com/product/mgD7YJ/thermalright-ta120-ex-82-cfm-cpu-cooler-lm-tr-ta120-ex,https://m.media-amazon.com/images/I/51gx5fwLC6L.jpg,1850 RPM,29.6 dB,Silver / Gray,,
Enermax AQUAFUSION ADV,https://pcpartpicker.com/product/LxXJ7P/enermax-aquafusion-adv-798-cfm-liquid-cpu-cooler-elc-aqfa120-sqa-w,https://cdna.pcpartpicker.com/static/forever/images/product/1cab96b0fa6918936a28134ad4659fbe.256p.jpg,500 - 2000 RPM,17 - 32.6 dB,White,120 mm,
Alpenföhn Dolomit,https://pcpartpicker.com/product/cgXV3C/alpenfohn-dolomit-3849-cfm-cpu-cooler-84000000185,https://cdna.pcpartpicker.com/static/forever/images/product/69ad9babdb9e8397a7793c4d612e7745.256p.jpg,500 - 2200 RPM,23.8 dB,Black,,
Jonsbo HX6240,https://pcpartpicker.com/product/HWbRsY/jonsbo-hx6240-8304-cfm-cpu-cooler-hx6240-black,https://cdna.pcpartpicker.com/static/forever/images/product/f579d97653f6b8101584fd33ad039870.256p.jpg,700 - 1800 RPM,28 - 37.6 dB,Black,,
Jonsbo PISA A4,https://pcpartpicker.com/product/t3tLrH/jonsbo-pisa-a4-8127-cfm-cpu-cooler-pisa-a4-grey,https://cdna.pcpartpicker.com/static/forever/images/product/a9f363a8fa2c370adeacea8267341a19.256p.jpg,800 - 1850 RPM,36.8 dB,Gray,,
Jonsbo PISA A4,https://pcpartpicker.com/product/gn7scf/jonsbo-pisa-a4-8127-cfm-cpu-cooler-pisa-a4-white,https://cdna.pcpartpicker.com/static/forever/images/product/b63c021116eecfc66c7a5890cde41e1c.256p.jpg,800 - 1850 RPM,36.8 dB,White,,
Noua Siberus Pro 240,https://pcpartpicker.com/product/vspQzy/noua-siberus-pro-240-51-cfm-liquid-cpu-cooler-lc0422-tp240,https://m.media-amazon.com/images/I/31xsmqgoBrL.jpg,800 - 1800 RPM,32 dB,Black,240 mm,
Noua Numb Pro,https://pcpartpicker.com/product/VLcgXL/noua-numb-pro-725-cfm-cpu-cooler-ac0619-num12,/static/forever/img/no-image.png,800 - 1600 RPM,29 dB,Black,,
Inter-Tech ALSEYE MAX 120,https://pcpartpicker.com/product/Vt3NnQ/inter-tech-alseye-max-120-66-cfm-liquid-cpu-cooler-88885505,https://cdna.pcpartpicker.com/static/forever/images/product/1e5245db805a8e84f367c4c13e18108b.256p.jpg,600 - 1800 RPM,16.5 - 32.5 dB,Black,120 mm,
Deepcool LE320,https://pcpartpicker.com/product/gkwmP6/deepcool-le320-8585-cfm-liquid-cpu-cooler-r-le320-whammn-g-1,/static/forever/img/no-image.png,500 - 2250 RPM,32.9 dB,White,120 mm,
Jonsbo CR-3000 Standard,https://pcpartpicker.com/product/Z7vD4D/jonsbo-cr-3000-standard-5948-cfm-cpu-cooler-cr-3000-standard,/static/forever/img/no-image.png,600 - 1500 RPM,22 - 32 dB,Black / Silver,,
Jonsbo CR-1400 EVO Standard,https://pcpartpicker.com/product/DWzXsY/jonsbo-cr-1400-evo-standard-382-cfm-cpu-cooler-cr-1400-evo-standard,/static/forever/img/no-image.png,800 - 2200 RPM,22.3 - 33.8 dB,Black,,
Jonsbo HX5230,https://pcpartpicker.com/product/HytLrH/jonsbo-hx5230-8304-cfm-cpu-cooler-hx5230,https://cdna.pcpartpicker.com/static/forever/images/product/999031e6086071eb645e5ee43f52793c.256p.jpg,700 - 1800 RPM,25.2 - 37.6 dB,Black,,
Thermalright Frozen Fusion,https://pcpartpicker.com/product/gn9wrH/thermalright-frozen-fusion-69-cfm-liquid-cpu-cooler-frozen-fusion-360-black,/static/forever/img/no-image.png,2150 RPM,28.1 dB,Black,360 mm,
GameMax Iceberg 120 Rainbow,https://pcpartpicker.com/product/HmkH99/gamemax-iceberg-120-rainbow-70-cfm-liquid-cpu-cooler-iceberg120-rainbow,https://cdna.pcpartpicker.com/static/forever/images/product/f2d5fc5c92bd93bede20cb599bf6d867.256p.jpg,600 - 1800 RPM,25 - 32 dB,Black,120 mm,
GameMax Iceberg 240 Rainbow,https://pcpartpicker.com/product/qZZXsY/gamemax-iceberg-240-rainbow-70-cfm-liquid-cpu-cooler-iceberg240-rainbow,/static/forever/img/no-image.png,600 - 1800 RPM,25 - 32 dB,Black,240 mm,
Thermalright Core Matrix,https://pcpartpicker.com/product/H626Mp/thermalright-core-matrix-69-cfm-liquid-cpu-cooler-core-matrix-240-white,https://m.media-amazon.com/images/I/316MK9epbeL.jpg,2150 RPM,27 dB,White,240 mm,
Thermalright TA120 EX Black,https://pcpartpicker.com/product/2NjRsY/thermalright-ta120-ex-black-82-cfm-cpu-cooler-ta120-ex-black,https://cdna.pcpartpicker.com/static/forever/images/product/f59470364caf9bb35927172135a218c1.256p.jpg,1850 RPM,29.6 dB,Black,,
Geometric Future Eskimo Junior 24,https://pcpartpicker.com/product/LWCZxr/geometric-future-eskimo-junior-24-6911-cfm-liquid-cpu-cooler-geo-ej-24b,https://cdna.pcpartpicker.com/static/forever/images/product/c68e055cb117d6ce6f8bd1bb8b377f4f.256p.jpg,2000 RPM,29 dB,Black,240 mm,
Cooler Master MasterLiquid Mirror,https://pcpartpicker.com/product/3jxRsY/cooler-master-masterliquid-mirror-62-cfm-liquid-cpu-cooler-mlx-d36m-a18pk-t1,https://cdna.pcpartpicker.com/static/forever/images/product/221bc70ad1a1a9ac69c5345d4cdb7785.256p.jpg,650 - 1800 RPM,8 - 27 dB,,360 mm,
RAIJINTEK LETO RGB,https://pcpartpicker.com/product/nMytt6/raijintek-leto-rgb-56-cfm-cpu-cooler-0r100075,https://cdna.pcpartpicker.com/static/forever/images/product/4ae74682b4971a84d588e930ea8de757.256p.jpg,800 - 1800 RPM,25 dB,Black / Silver,,
Enermax LIQMAX III ARGB,https://pcpartpicker.com/product/NqRgXL/enermax-liqmax-iii-argb-721-cfm-liquid-cpu-cooler-elc-lmt120-argb,https://cdna.pcpartpicker.com/static/forever/images/product/81ec64acdea380a000fe41f1376562e0.256p.jpg,500 - 1600 RPM,14 - 27 dB,Black,120 mm,
ID-COOLING DASHFLOW XT LITE,https://pcpartpicker.com/product/BBpQzy/id-cooling-dashflow-xt-lite-7825-cfm-liquid-cpu-cooler-dashflow-360-xt-lite,/static/forever/img/no-image.png,500 - 2000 RPM,29.85 dB,Black,360 mm,
ID-COOLING IS-30i BLACK,https://pcpartpicker.com/product/YFn9TW/id-cooling-is-30i-black-40-cfm-cpu-cooler-is-30i-black,/static/forever/img/no-image.png,800 - 3600 RPM,17 - 35.8 dB,Black,,
ID-COOLING FX240 ARGB,https://pcpartpicker.com/product/Vv7scf/id-cooling-fx240-argb-7616-cfm-liquid-cpu-cooler-fx240-argb-white,/static/forever/img/no-image.png,500 - 1800 RPM,35.2 dB,White,240 mm,
ID-COOLING ZOOMFLOW XT ELITE,https://pcpartpicker.com/product/xBpQzy/id-cooling-zoomflow-xt-elite-565-cfm-liquid-cpu-cooler-zoomflow-240-xt-snow-elite,/static/forever/img/no-image.png,900 - 2000 RPM,16.2 - 31.5 dB,White,240 mm,
ID-COOLING SE-206-XT,https://pcpartpicker.com/product/rjkH99/id-cooling-se-206-xt-7616-cfm-cpu-cooler-se-206-xt-white,/static/forever/img/no-image.png,700 - 1800 RPM,35.2 dB,White,,
ID-COOLING SE-207-TR-AM,https://pcpartpicker.com/product/8gcgXL/id-cooling-se-207-tr-am-7616-cfm-cpu-cooler-se-207-tr-am,/static/forever/img/no-image.png,700 - 1800 RPM,15.2 - 35.2 dB,Black,,
ID-COOLING SE-223i,https://pcpartpicker.com/product/J4QKHx/id-cooling-se-223i-615-cfm-cpu-cooler-se-223i-black,https://cdna.pcpartpicker.com/static/forever/images/product/bb6da10f1f26871b61bb9be99863140a.256p.jpg,500 - 1800 RPM,28 dB,Black,,
ID-COOLING SE-224-XTS MINI,https://pcpartpicker.com/product/Wq26Mp/id-cooling-se-224-xts-mini-698-cfm-cpu-cooler-se-224-xts-mini-black,https://cdna.pcpartpicker.com/static/forever/images/product/e00a4fd45521f923fe11efd5b3db7830.256p.jpg,700 - 1600 RPM,31.5 dB,Black,,
ID-COOLING SE-225-XT,https://pcpartpicker.com/product/mTTZxr/id-cooling-se-225-xt-7616-cfm-cpu-cooler-se-225-xt-basic,https://cdna.pcpartpicker.com/static/forever/images/product/b27027fd1ca3dd2d9bf09f4e26f55d83.256p.jpg,700 - 1800 RPM,15.2 - 35.2 dB,Black / Silver,,
ID-COOLING SE-912i-PWM,https://pcpartpicker.com/product/CXtLrH/id-cooling-se-912i-pwm-284-cfm-cpu-cooler-se-912i-pwm,https://cdna.pcpartpicker.com/static/forever/images/product/9831a675155835c0e43472ab62aeec63.256p.jpg,500 - 1800 RPM,22.8 dB,Black / Silver,,
Thermalright Frozen Guardian,https://pcpartpicker.com/product/CThv6h/thermalright-frozen-guardian-liquid-cpu-cooler-frozen-guardian-360-black,https://cdna.pcpartpicker.com/static/forever/images/product/90965d139827c8da027a724e209a59cc.256p.jpg,2150 RPM,27 dB,Black,360 mm,
Zalman ALPHA2 A24,https://pcpartpicker.com/product/fxBzK8/zalman-alpha2-a24-liquid-cpu-cooler-alpha2-a24-black,https://m.media-amazon.com/images/I/31VxT4O1JQL.jpg,600 - 2000 RPM,29.7 dB,Black,240 mm,
Xilence LQ120,https://pcpartpicker.com/product/GCxxFT/xilence-lq120-70-cfm-liquid-cpu-cooler-xc971,https://cdna.pcpartpicker.com/static/forever/images/product/11d55568663463903bce4b7eb6d63cbb.256p.jpg,700 - 1600 RPM,18 - 32.5 dB,Red / Black,120 mm,
Xilence LQ360 ​​ARGB,https://pcpartpicker.com/product/cpTZxr/xilence-lq360-argb-682-cfm-liquid-cpu-cooler-xc980,https://cdna.pcpartpicker.com/static/forever/images/product/92389e35d78373ed5816ddaf6b55c829.256p.jpg,500 - 1500 RPM,18 - 30.2 dB,Black,360 mm,
Xilence LQ360G.W.ARGB,https://pcpartpicker.com/product/PrkH99/xilence-lq360gwargb-682-cfm-liquid-cpu-cooler-xc998,https://cdna.pcpartpicker.com/static/forever/images/product/6bd4fe75c8522fe5084310436de26d60.256p.jpg,500 - 1500 RPM,18 - 30.2 dB,White,360 mm,
GAMDIAS BOREAS M2-510,https://pcpartpicker.com/product/TnxxFT/gamdias-boreas-m2-510-7294-cfm-cpu-cooler-boreas-m2-510,/static/forever/img/no-image.png,800 - 1800 RPM,10 - 32 dB,Black,,
GAMDIAS BOREAS M2-510,https://pcpartpicker.com/product/ZwdG3C/gamdias-boreas-m2-510-7294-cfm-cpu-cooler-boreas-m2-510-wh,/static/forever/img/no-image.png,800 - 1800 RPM,10 - 32 dB,White,,
GAMDIAS BOREAS E2-41D,https://pcpartpicker.com/product/Nc88TW/gamdias-boreas-e2-41d-7294-cfm-cpu-cooler-boreas-e2-41d,/static/forever/img/no-image.png,800 - 1800 RPM,10 - 32 dB,Black,,
GAMDIAS BOREAS E2-41D,https://pcpartpicker.com/product/LsDQzy/gamdias-boreas-e2-41d-7294-cfm-cpu-cooler-boreas-e2-41d-wh,/static/forever/img/no-image.png,800 - 1800 RPM,10 - 32 dB,White,,
TRYX PANORAMA,https://pcpartpicker.com/product/KB88TW/tryx-panorama-1003-cfm-liquid-cpu-cooler-l-p280n-ds2m-g0w,https://cdna.pcpartpicker.com/static/forever/images/product/8e6af54427abc0280dd0686cd071d434.256p.jpg,500 - 1650 RPM,32 dB,White,280 mm,
ID-COOLING DX240 MAX,https://pcpartpicker.com/product/n2grxr/id-cooling-dx240-max-85-cfm-liquid-cpu-cooler-dx240-max-white,/static/forever/img/no-image.png,,32.5 dB,White,240 mm,
ID-COOLING DX360 MAX,https://pcpartpicker.com/product/LysV3C/id-cooling-dx360-max-85-cfm-liquid-cpu-cooler-dx360-max-white,/static/forever/img/no-image.png,,32.5 dB,White,360 mm,
Ocypus Delta L24 ARGB,https://pcpartpicker.com/product/nqLdnQ/ocypus-delta-l24-argb-73-cfm-liquid-cpu-cooler-delta-l24-bk-argb,/static/forever/img/no-image.png,500 - 2000 RPM,29 dB,Black,240 mm,
Ocypus Delta L24 ARGB,https://pcpartpicker.com/product/N7DQzy/ocypus-delta-l24-argb-73-cfm-liquid-cpu-cooler-delta-l24-wh-argb,/static/forever/img/no-image.png,500 - 2000 RPM,29 dB,White,240 mm,
GAMDIAS CHIONE M4-420,https://pcpartpicker.com/product/FwwmP6/gamdias-chione-m4-420-90-cfm-liquid-cpu-cooler-gd-chione-m4-420,/static/forever/img/no-image.png,800 - 1600 RPM,11 - 29 dB,Black,420 mm,
SilentiumPC Spartan 4 EVO ARGB,https://pcpartpicker.com/product/TvwmP6/silentiumpc-spartan-4-evo-argb-cpu-cooler-spc271,/static/forever/img/no-image.png,800 - 2000 RPM,,White / Silver,,
Thermalright Frost Vortex SE,https://pcpartpicker.com/product/7vWmP6/thermalright-frost-vortex-se-904-cfm-cpu-cooler-frost-vortex-140-se-black,/static/forever/img/no-image.png,1650 RPM,29 dB,Black,,
Vetroo R360,https://pcpartpicker.com/product/YWbypg/vetroo-r360-liquid-cpu-cooler-vt-aio-r360-wt,/static/forever/img/no-image.png,,,White,360 mm,
FSP Group NP5 ARGB,https://pcpartpicker.com/product/DDZWGX/fsp-group-np5-argb-62-cfm-cpu-cooler-np5-argb,/static/forever/img/no-image.png,800 - 1600 RPM,28 dB,Black / Silver,,
Jonsbo CR-3000E ARGB,https://pcpartpicker.com/product/GrpD4D/jonsbo-cr-3000e-argb-7223-cfm-cpu-cooler-cr-3000e-argb-white,/static/forever/img/no-image.png,600 - 1600 RPM,22 - 34 dB,White,,
upHere UP1TC4C,https://pcpartpicker.com/product/fWPv6h/uphere-up1tc4c-682-cfm-cpu-cooler-up1tc4c,/static/forever/img/no-image.png,600 - 1650 RPM,25 dB,White,,
upHere UP1K6,https://pcpartpicker.com/product/nfkqqs/uphere-up1k6-682-cfm-cpu-cooler-up1k6,/static/forever/img/no-image.png,600 - 1650 RPM,25 dB,Black,,
upHere UP1KC6C,https://pcpartpicker.com/product/LZrp99/uphere-up1kc6c-682-cfm-cpu-cooler-up1kc6c,/static/forever/img/no-image.png,600 - 1650 RPM,25 dB,Black,,
upHere UP2KC6,https://pcpartpicker.com/product/Cxtkcf/uphere-up2kc6-682-cfm-cpu-cooler-up2kc6,/static/forever/img/no-image.png,600 - 1650 RPM,25 dB,Black,,
upHere UP2KC8,https://pcpartpicker.com/product/JLjv6h/uphere-up2kc8-682-cfm-cpu-cooler-up2kc8,/static/forever/img/no-image.png,600 - 1650 RPM,25 dB,Black,,
upHere UP2T8,https://pcpartpicker.com/product/X6m2FT/uphere-up2t8-682-cfm-cpu-cooler-up2t8,/static/forever/img/no-image.png,600 - 1650 RPM,25 dB,White,,
upHere UP2TC8,https://pcpartpicker.com/product/hQBFf7/uphere-up2tc8-682-cfm-cpu-cooler-up2tc8,/static/forever/img/no-image.png,600 - 1650 RPM,25 dB,White,,
LevelPlay Combat Liquid 360 HUD,https://pcpartpicker.com/product/PqMXsY/levelplay-combat-liquid-360-hud-liquid-cpu-cooler-krw-h13nn-20apn-gn1,/static/forever/img/no-image.png,800 - 2000 RPM,6 - 36 dB,Black,360 mm,
LevelPlay Combat Liquid 360 HUD,https://pcpartpicker.com/product/J9dMnQ/levelplay-combat-liquid-360-hud-liquid-cpu-cooler-krw-h13nn-20apn-gw1,/static/forever/img/no-image.png,800 - 2000 RPM,6 - 36 dB,White,360 mm,
Antec Kühler H2O K120 RGB,https://pcpartpicker.com/product/ysQwrH/antec-kuhler-h2o-k120-rgb-77-cfm-liquid-cpu-cooler-0-761345-74017-3,/static/forever/img/no-image.png,900 - 2000 RPM,20 - 36 dB,Black,120 mm,
Jonsbo CB80,https://pcpartpicker.com/product/CFnXsY/jonsbo-cb80-7707-cfm-cpu-cooler-cb80-white,/static/forever/img/no-image.png,800 - 1800 RPM,21.8 - 35.4 dB,White,,
Gelid Solutions Black Edition,https://pcpartpicker.com/product/9Mzv6h/gelid-solutions-cpu-cooler-ccbedition01a,https://m.media-amazon.com/images/I/41WZRsDkkQL.jpg,750 - 1600 RPM,25.4 - 25.5 dB,,,
Scythe Ashura,https://pcpartpicker.com/product/GqTmP6/scythe-cpu-cooler-scasr1000,https://m.media-amazon.com/images/I/518t8t050cL.jpg,500 - 1300 RPM,13 - 30.7 dB,,,
Silverstone Argon AR10-115XP,https://pcpartpicker.com/product/ffL7YJ/silverstone-sst-ar10-115xp-195-cfm-ball-bearing-cpu-cooler-sst-ar10-115xp,https://cdna.pcpartpicker.com/static/forever/images/product/4043d6b1f82cbdead5041ec1669b6560.256p.jpg,500 - 4000 RPM,18.07 - 39.03 dB,,,
Akasa X4,https://pcpartpicker.com/product/dLWBD3/akasa-x4-4768-cfm-cpu-cooler-ak-968,https://cdna.pcpartpicker.com/static/forever/images/product/13faf50148c65391f7711e2d6728e9cf.256p.jpg,600 - 2500 RPM,17 - 29.5 dB,Black / Silver,,
Antec KUHLER Flow,https://pcpartpicker.com/product/bxJwrH/antec-cpu-cooler-kuhlerflow,https://images-na.ssl-images-amazon.com/images/I/41Sy7F4Ml5L.jpg,,,,,
Antec KUHLER Shelf,https://pcpartpicker.com/product/24fp99/antec-cpu-cooler-kuhlershelf,https://images-na.ssl-images-amazon.com/images/I/41vEnDotfKL.jpg,,,,,
Cooler Master RR-H101-22FK-RA,https://pcpartpicker.com/product/Jqzv6h/cooler-master-cpu-cooler-rrh10122fkra,/static/forever/img/no-image.png,2200 RPM,22 dB,,,
Cooler Master RR-H101-22FK-RI,https://pcpartpicker.com/product/LjV48d/cooler-master-cpu-cooler-rrh10122fkri,https://m.media-amazon.com/images/I/515CPVd3rQL.jpg,2200 RPM,22 dB,,,
Cooler Master S2N-PLMHS-07-GP,https://pcpartpicker.com/product/vvyFf7/cooler-master-cpu-cooler-s2nplmhs07gp,https://m.media-amazon.com/images/I/41a7FBNqsbL.jpg,,0 dB,,,
Dynatron T860,https://pcpartpicker.com/product/MrjG3C/dynatron-cpu-cooler-t860,/static/forever/img/no-image.png,2000 - 6000 RPM,20.23 - 44.88 dB,,,
Evercool CI01-9525EP,https://pcpartpicker.com/product/T73RsY/evercool-cpu-cooler-ci019525ep,https://cdna.pcpartpicker.com/static/forever/images/product/027b1be13dba88898bb18edb3269ce60.256p.jpg,900 - 2600 RPM,12 - 31 dB,,,
Thermaltake A4012-02,https://pcpartpicker.com/product/NZTmP6/thermaltake-cpu-cooler-a401202,https://images-na.ssl-images-amazon.com/images/I/416WmqDcTQL.jpg,2500 RPM,21 dB,,,
Thermaltake A4022,https://pcpartpicker.com/product/dtfp99/thermaltake-cpu-cooler-a4022,https://m.media-amazon.com/images/I/41hy-vPL7eL.jpg,1300 RPM,,,,
Thermaltake CL-P0257,https://pcpartpicker.com/product/HJ4gXL/thermaltake-cpu-cooler-clp0257,/static/forever/img/no-image.png,1700 RPM,17 dB,,,
Thermaltake CL-P0401,https://pcpartpicker.com/product/mRPfrH/thermaltake-cpu-cooler-clp0401,https://m.media-amazon.com/images/I/41X9V9+e5eL.jpg,1300 - 2000 RPM,16 - 24 dB,,,
Thermaltake CL-P0466,https://pcpartpicker.com/product/MDg323/thermaltake-cpu-cooler-clp0466,https://m.media-amazon.com/images/I/515iPBHf0nL.jpg,1000 - 1600 RPM,19 - 28 dB,,,
Thermaltake CL-P0497,https://pcpartpicker.com/product/VZTmP6/thermaltake-cpu-cooler-clp0497,https://m.media-amazon.com/images/I/51Hsi7bOcIL.jpg,2500 RPM,27 dB,,,
Thermaltake CLP0527,https://pcpartpicker.com/product/hdV48d/thermaltake-cpu-cooler-clp0527,https://m.media-amazon.com/images/I/51MmBqnu2sL.jpg,800 - 1700 RPM,16 dB,,,
Thermaltake CLP0554,https://pcpartpicker.com/product/GHMFf7/thermaltake-cpu-cooler-clp0554,/static/forever/img/no-image.png,1000 - 1600 RPM,19 - 28 dB,,,
Thermaltake CLP0579,https://pcpartpicker.com/product/Phckcf/thermaltake-cpu-cooler-clp0579,https://images-na.ssl-images-amazon.com/images/I/61djPKOPDfL.jpg,800 - 2000 RPM,15 - 33.2 dB,,,
Zalman CNPS 7500 AlCu LED,https://pcpartpicker.com/product/wHMFf7/zalman-cpu-cooler-cnps7500alculed,/static/forever/img/no-image.png,1150 - 2300 RPM,17 - 32 dB,,,
Zalman CNPS 8700 NT,https://pcpartpicker.com/product/rPBv6h/zalman-cpu-cooler-cnps8700nt,/static/forever/img/no-image.png,1150 - 2100 RPM,17.5 - 30 dB,,,
Zalman CNPS9900MAX-B,https://pcpartpicker.com/product/79mLrH/zalman-cpu-cooler-cnps9900maxb,https://m.media-amazon.com/images/I/517QEzEnDlL.jpg,900 - 1700 RPM,18 - 30 dB,,,
Thermaltake CL-P0508,https://pcpartpicker.com/product/3J4gXL/thermaltake-cpu-cooler-clp0508,https://images-na.ssl-images-amazon.com/images/I/51aVgMZIZ2L.jpg,1300 - 2000 RPM,16 - 24 dB,,,
Thermaltake CLP0574,https://pcpartpicker.com/product/V8g323/thermaltake-cpu-cooler-clp0574,https://images-na.ssl-images-amazon.com/images/I/41YynWS3jWL.jpg,800 - 1300 RPM,16 dB,,,
Xion XON-HP9310P,https://pcpartpicker.com/product/tyPfrH/xion-cpu-cooler-xonhp9310p,https://images-na.ssl-images-amazon.com/images/I/515u41WKPCL.jpg,1000 - 3000 RPM,16 - 25.3 dB,,,
Scythe SCBSK-1000,https://pcpartpicker.com/product/XWqdnQ/scythe-cpu-cooler-scbsk1000,/static/forever/img/no-image.png,650 - 2200 RPM,,,,
Zalman CNPS10X QUIET,https://pcpartpicker.com/product/rLR48d/zalman-cpu-cooler-cnps10xquiet,https://m.media-amazon.com/images/I/513L1B3xmGL.jpg,700 - 1400 RPM,26 dB,,,
Zalman CNPS7000C-AlCu,https://pcpartpicker.com/product/k73RsY/zalman-cpu-cooler-cnps7000calcu,https://images-na.ssl-images-amazon.com/images/I/51N%2BECtYxkL.jpg,1350 - 2400 RPM,17 - 24 dB,,,
Zalman CNPS7000C-Cu,https://pcpartpicker.com/product/KDg323/zalman-cpu-cooler-cnps7000ccu,/static/forever/img/no-image.png,1700 - 2400 RPM,13.5 - 24 dB,,,
Zalman CNPS9900NT,https://pcpartpicker.com/product/mBn2FT/zalman-cpu-cooler-cnps9900nt,/static/forever/img/no-image.png,1000 - 2000 RPM,19.5 - 38 dB,,,
Evercool HPFI-10025,https://pcpartpicker.com/product/N73RsY/evercool-cpu-cooler-hpfi10025,https://cdna.pcpartpicker.com/static/forever/images/product/dae168a95d8d0ed8c2f4568e8f2a2f1f.256p.jpg,1800 RPM,23 dB,,,
Evercool HPJ-12025,https://pcpartpicker.com/product/pvyFf7/evercool-cpu-cooler-hpj12025,https://images-na.ssl-images-amazon.com/images/I/51%2BOfPEbDDL.jpg,1000 RPM,21 dB,,,
Evercool HPK-10025EA,https://pcpartpicker.com/product/ZdV48d/evercool-cpu-cooler-hpk10025ea,https://m.media-amazon.com/images/I/41e0oH6NgLL.jpg,1800 RPM,23 dB,,,
Masscool 5W1081F1M3,https://pcpartpicker.com/product/PNh9TW/masscool-cpu-cooler-5w1081f1m3,https://m.media-amazon.com/images/I/21mBtaeYMNL.jpg,2400 RPM,31 dB,,,
Masscool 8W501B1M3G,https://pcpartpicker.com/product/dcn2FT/masscool-cpu-cooler-8w501b1m3g,https://m.media-amazon.com/images/I/41HhC3cfrqL.jpg,2400 RPM,26.2 dB,,,
Masscool 8W553B1M3,https://pcpartpicker.com/product/ZDg323/masscool-cpu-cooler-8w553b1m3,https://m.media-amazon.com/images/I/11COI5IBS1L.jpg,2400 RPM,26.2 dB,,,
Masscool 8WA743,https://pcpartpicker.com/product/XNh9TW/masscool-cpu-cooler-8wa743,/static/forever/img/no-image.png,800 - 2800 RPM,20 - 34 dB,,,
Masscool 8WT15-38,https://pcpartpicker.com/product/vcn2FT/masscool-cpu-cooler-8wt1538,https://m.media-amazon.com/images/I/41nv7oJgwdL.jpg,2400 RPM,30 dB,,,
Rosewill RCX-Z1,https://pcpartpicker.com/product/CK9KHx/rosewill-cpu-cooler-rcxz1,https://cdna.pcpartpicker.com/static/forever/images/product/97d2ea57afbe5f1d262aa7f58cc3b05d.256p.jpg,1700 - 3100 RPM,18 - 33.4 dB,,,
Rosewill RCX-Z2,https://pcpartpicker.com/product/W6tCmG/rosewill-cpu-cooler-rcxz2,https://images-na.ssl-images-amazon.com/images/I/41AWeLLJ3eL.jpg,500 - 3400 RPM,17 - 34.2 dB,,,
Rosewill RCX-Z300,https://pcpartpicker.com/product/XZTmP6/rosewill-cpu-cooler-rcxz300,https://m.media-amazon.com/images/I/51KQxymjDjL.jpg,,,,,
Rosewill RCX-ZAIO-92,https://pcpartpicker.com/product/pFNp99/rosewill-cpu-cooler-rcxzaio92,https://m.media-amazon.com/images/I/41G6wAcEpeL.jpg,600 - 2500 RPM,14.5 - 25 dB,,,
Scythe SCMG-2100,https://pcpartpicker.com/product/hZTmP6/scythe-cpu-cooler-scmg2100,https://images-na.ssl-images-amazon.com/images/I/51BTpi3XtyL.jpg,,26.5 dB,,,
Scythe SCSMZ-2000,https://pcpartpicker.com/product/W73RsY/scythe-cpu-cooler-scsmz2000,https://m.media-amazon.com/images/I/31uFZB85R6L.jpg,300 - 2500 RPM,7.2 - 31.07 dB,,,
Scythe SCYS-1000,https://pcpartpicker.com/product/Hs4gXL/scythe-cpu-cooler-scys1000,https://m.media-amazon.com/images/I/41W9ZEyVX8L.jpg,470 - 1900 RPM,7.05 - 27.3 dB,,,
Silverstone NT07-775,https://pcpartpicker.com/product/zGTmP6/silverstone-cpu-cooler-nt07775,/static/forever/img/no-image.png,1200 - 1800 RPM,15 - 23 dB,,,
Zalman CNPS8000A,https://pcpartpicker.com/product/VHMFf7/zalman-cpu-cooler-cnps8000a,https://m.media-amazon.com/images/I/41ggKG8c44L.jpg,1400 - 2600 RPM,20 - 30 dB,,,
Zalman CNPS5X SZ,https://pcpartpicker.com/product/bWqdnQ/zalman-cpu-cooler-cnps5xsz,https://images-na.ssl-images-amazon.com/images/I/51c863jMXnL.jpg,1400 - 2800 RPM,20 - 32 dB,,,
Xigmatek Balder SD1283,https://pcpartpicker.com/product/MdV48d/xigmatek-cpu-cooler-baldersd1283,/static/forever/img/no-image.png,1000 - 2200 RPM,28 dB,,,
Xigmatek D982,https://pcpartpicker.com/product/gmTmP6/xigmatek-cpu-cooler-d982,/static/forever/img/no-image.png,1500 - 2500 RPM,22 dB,,,
Xigmatek Dark Knight S1283V,https://pcpartpicker.com/product/ffzv6h/xigmatek-cpu-cooler-darkknights1283v,https://cdna.pcpartpicker.com/static/forever/images/product/635184748b3bdae04838c2e25892a8a8.med.256p.jpg,1000 - 2200 RPM,30.1 dB,,,
Xigmatek EP-CD903,https://pcpartpicker.com/product/HDg323/xigmatek-cpu-cooler-epcd903,https://m.media-amazon.com/images/I/51MR+2QVsPL.jpg,1200 - 2500 RPM,28 dB,,,
Xigmatek HDT-S1283,https://pcpartpicker.com/product/GRPfrH/xigmatek-cpu-cooler-hdts1283,/static/forever/img/no-image.png,800 - 1500 RPM,20 - 32 dB,,,
Xigmatek HDT-SD964,https://pcpartpicker.com/product/9LR48d/xigmatek-cpu-cooler-hdtsd964,/static/forever/img/no-image.png,1200 - 2800 RPM,22 - 30 dB,,,
Xigmatek Cobra - D984,https://pcpartpicker.com/product/jQW9TW/xigmatek-cpu-cooler-cobrad984,https://images-na.ssl-images-amazon.com/images/I/513BRY8l%2B-L.jpg,1000 - 2800 RPM,20 - 28 dB,,,
ZEROtherm CF800-MK III,https://pcpartpicker.com/product/xmTmP6/zerotherm-cpu-cooler-cf800mkiii,/static/forever/img/no-image.png,900 - 2600 RPM,30 dB,,,
ZEROtherm CORE92,https://pcpartpicker.com/product/mjV48d/zerotherm-cpu-cooler-core92,/static/forever/img/no-image.png,900 - 2500 RPM,19.5 dB,,,
ZEROtherm Nirvana NV120 PWM,https://pcpartpicker.com/product/VXrG3C/zerotherm-cpu-cooler-nirvananv120pwm,/static/forever/img/no-image.png,900 - 1800 RPM,30 dB,,,
ZEROtherm ZT-10D,https://pcpartpicker.com/product/ZTckcf/zerotherm-cpu-cooler-zt10d,/static/forever/img/no-image.png,,0 dB,,,
ZEROtherm ZT-10D Smart,https://pcpartpicker.com/product/vXrG3C/zerotherm-cpu-cooler-zt10dsmart,/static/forever/img/no-image.png,,,,,
ZEROtherm ZT-560D,https://pcpartpicker.com/product/8kBv6h/zerotherm-cpu-cooler-zt560d,/static/forever/img/no-image.png,900 - 2300 RPM,30 dB,,,
Xigmatek HDT-S1284F,https://pcpartpicker.com/product/WZbp99/xigmatek-cpu-cooler-hdts1284f,/static/forever/img/no-image.png,800 - 1500 RPM,16 - 24 dB,,,
Antec Performance Max,https://pcpartpicker.com/product/6DR48d/antec-cpu-cooler-performancemax,https://images-na.ssl-images-amazon.com/images/I/51MCf3qlebL.jpg,,,,,
Scythe SCMN-2000,https://pcpartpicker.com/product/qmMFf7/scythe-cpu-cooler-scmn2000,https://m.media-amazon.com/images/I/41-QQ2UaINL.jpg,500 - 1700 RPM,9.6 - 36.4 dB,,,
Thermaltake CLP0532,https://pcpartpicker.com/product/xxBv6h/thermaltake-cpu-cooler-clp0532,https://m.media-amazon.com/images/I/21iP-9rvgaL.jpg,2500 RPM,34 dB,,,
Thermaltake CLP0555,https://pcpartpicker.com/product/V2sKHx/thermaltake-cpu-cooler-clp0555,/static/forever/img/no-image.png,300 - 2500 RPM,12 - 16 dB,,,
Thermaltake Frio OCK,https://pcpartpicker.com/product/p3YXsY/thermaltake-cpu-cooler-clp0575,https://m.media-amazon.com/images/I/51uAwcCaskL.jpg,1200 - 2100 RPM,21 - 48 dB,,,
Scythe SCKZT-1000,https://pcpartpicker.com/product/nJ3RsY/scythe-cpu-cooler-sckzt1000,https://images-na.ssl-images-amazon.com/images/I/41ZNBMvHqEL.jpg,800 - 3300 RPM,8.2 - 32.5 dB,,,
ARCTIC Freezer 13 Limited Edition,https://pcpartpicker.com/product/fQH323/arctic-freezer-13-limited-edition-4-cfm-cpu-cooler-acfz13-ltd,https://cdna.pcpartpicker.com/static/forever/images/product/29cf7ce7eb49214f135b82ad9f3d5d4f.256p.jpg,600 - 2000 RPM,,,,
Enzotech Extreme-X Rev.A,https://pcpartpicker.com/product/HHmLrH/enzotech-cpu-cooler-extremexreva,https://cdna.pcpartpicker.com/static/forever/images/product/413c2ce859f4827548886e35e3858762.256p.jpg,1000 - 2500 RPM,15.8 - 43.3 dB,,,
Gelid Solutions Rev. 1 Tranquillo,https://pcpartpicker.com/product/TKtCmG/gelid-solutions-cpu-cooler-cctranq01a,https://m.media-amazon.com/images/I/51Z7lgBixTL.jpg,750 - 1500 RPM,12 - 25.5 dB,,,
Gelid Solutions Slim Silence 775,https://pcpartpicker.com/product/4zV48d/gelid-solutions-cpu-cooler-slimsilence775,https://cdna.pcpartpicker.com/static/forever/images/product/ef484f98b53425d1f382ecff2cc7c9c4.256p.jpg,1100 - 2300 RPM,15 - 24.5 dB,,,
Logisys AC2200BT,https://pcpartpicker.com/product/9DR48d/logisys-cpu-cooler-ac2200bt,/static/forever/img/no-image.png,2200 RPM,30.1 dB,,,
Logisys AC4400BT,https://pcpartpicker.com/product/tfTmP6/logisys-cpu-cooler-ac4400bt,https://images-na.ssl-images-amazon.com/images/I/41lAAtI-RnL.jpg,2200 RPM,30.1 dB,,,
Logisys IC106,https://pcpartpicker.com/product/RmMFf7/logisys-cpu-cooler-ic106,/static/forever/img/no-image.png,2200 RPM,25 dB,,,
Logisys IC207,https://pcpartpicker.com/product/pw4gXL/logisys-cpu-cooler-ic207,/static/forever/img/no-image.png,2500 RPM,25 dB,,,
Logisys IC4100AST,https://pcpartpicker.com/product/3YDwrH/logisys-cpu-cooler-ic4100ast,/static/forever/img/no-image.png,2200 RPM,30.1 dB,,,
Logisys MC3001IE,https://pcpartpicker.com/product/g7Np99/logisys-cpu-cooler-mc3001ie,https://m.media-amazon.com/images/I/41IMaB0HsDL.jpg,900 - 2200 RPM,17.8 - 34.6 dB,,,
TUNIQ T-120-LFB,https://pcpartpicker.com/product/CxBv6h/tuniq-cpu-cooler-t120lfb,/static/forever/img/no-image.png,1000 - 2000 RPM,,,,
TUNIQ Tower 120,https://pcpartpicker.com/product/wBBv6h/tuniq-cpu-cooler-tower120,/static/forever/img/no-image.png,1000 - 2000 RPM,,,,
Thermalright U120eXtrem1366RT R-C,https://pcpartpicker.com/product/Ys3RsY/thermalright-cpu-cooler-u120extrem1366rtrc,/static/forever/img/no-image.png,1600 RPM,28 dB,,,
Scythe SCMG-3000,https://pcpartpicker.com/product/n4Lypg/scythe-cpu-cooler-scmg3000,https://images-na.ssl-images-amazon.com/images/I/51gZGlBkyuL.jpg,300 - 1600 RPM,26.5 dB,,,
Sunbeam CR-CCTF92-4,https://pcpartpicker.com/product/nK9KHx/sunbeam-cpu-cooler-crcctf924,/static/forever/img/no-image.png,1200 - 2200 RPM,27 dB,,,
Thermalright Silver Arrow,https://pcpartpicker.com/product/6CYXsY/thermalright-silver-arrow-cpu-cooler-silver-arrow,https://cdna.pcpartpicker.com/static/forever/images/product/0133b572a0d14c70b8dc2a63d8edeafd.med.256p.jpg,500 - 1300 RPM,17 - 21 dB,,,
Corsair H70 Core,https://pcpartpicker.com/product/tMkD4D/corsair-h70-core-liquid-cpu-cooler-h70-core,/static/forever/img/no-image.png,,,,120 mm,
Enermax ETS-T40-TB,https://pcpartpicker.com/product/WtGkcf/enermax-cpu-cooler-etst40tb,/static/forever/img/no-image.png,800 - 1800 RPM,10 - 21 dB,,,
Enermax ETD-T60-TB,https://pcpartpicker.com/product/9x3RsY/enermax-cpu-cooler-etdt60tb,https://cdna.pcpartpicker.com/static/forever/images/product/4b24eb9ede5dac7ba7d9de739b750f0a.256p.jpg,800 - 1800 RPM,10 - 21 dB,,,
Enermax ETD-T60-VD,https://pcpartpicker.com/product/XCYXsY/enermax-cpu-cooler-etdt60vd,https://images-na.ssl-images-amazon.com/images/I/31eS7rWLqcL.jpg,800 - 1800 RPM,16 - 21 dB,,,
Enermax ETS-T40-TA,https://pcpartpicker.com/product/jWh9TW/enermax-cpu-cooler-etst40ta,/static/forever/img/no-image.png,800 - 1800 RPM,16 - 21 dB,,,
Evercool HPKC-10025EA,https://pcpartpicker.com/product/YMW9TW/evercool-cpu-cooler-hpkc10025ea,https://cdna.pcpartpicker.com/static/forever/images/product/b26932e70f8adb91b0f6682e6ec67e8c.256p.jpg,1800 RPM,23 dB,,,
Gelid Solutions CC-GX7-01-A,https://pcpartpicker.com/product/tTyFf7/gelid-solutions-cpu-cooler-ccgx701a,https://cdna.pcpartpicker.com/static/forever/images/product/26f28469a547178a810b0b0f102d419e.med.256p.jpg,600 - 1800 RPM,10 - 26.8 dB,,,
Zalman CNPS12X,https://pcpartpicker.com/product/vHyFf7/zalman-cpu-cooler-cnps12x,https://cdna.pcpartpicker.com/static/forever/images/product/9d435099032244ffce9b89801e730260.256p.jpg,850 - 1200 RPM,22 - 24 dB,,,
ZEROtherm ZT-1000D 775,https://pcpartpicker.com/product/jMW9TW/zerotherm-cpu-cooler-zt1000d775,/static/forever/img/no-image.png,2500 RPM,,,,
SilenX EFZ-100HA1,https://pcpartpicker.com/product/ybPfrH/silenx-cpu-cooler-efz100ha1,/static/forever/img/no-image.png,1000 - 2000 RPM,8 - 24 dB,,,
Enermax ETS-T40-VD,https://pcpartpicker.com/product/GcXfrH/enermax-cpu-cooler-etst40vd,https://m.media-amazon.com/images/I/51zV1BM1wfL.jpg,800 - 1800 RPM,16 - 21 dB,,,
Prolimatech PRO-GNSS,https://pcpartpicker.com/product/Jxzv6h/prolimatech-cpu-cooler-prognss,https://cdna.pcpartpicker.com/static/forever/images/product/ef0d39322b054ac04fcb791e85743d81.256p.jpg,800 - 1600 RPM,,,,
Titan TTC-NK35TZ/RPW/V2,https://pcpartpicker.com/product/xrFPxr/titan-cpu-cooler-ttcnk35tzrpwv2,/static/forever/img/no-image.png,900 - 2800 RPM,12 - 31 dB,,,
Prolimatech PRO-PNTH,https://pcpartpicker.com/product/BmtCmG/prolimatech-cpu-cooler-propnth,https://cdna.pcpartpicker.com/static/forever/images/product/7352d25dfbecc028d6cde3e31905f1c3.med.256p.jpg,,,,,
Thermaltake CLP0533,https://pcpartpicker.com/product/BrFPxr/thermaltake-cpu-cooler-clp0533,https://m.media-amazon.com/images/I/51OVH2UGV2L.jpg,1000 - 6000 RPM,21 - 48 dB,,,
Prolimatech PRO-MGH-C,https://pcpartpicker.com/product/NkMFf7/prolimatech-cpu-cooler-promghc,https://images-na.ssl-images-amazon.com/images/I/61jMOsg-f5L.jpg,,26 dB,,,
Scythe SCBSK-2000,https://pcpartpicker.com/product/ydR48d/scythe-cpu-cooler-scbsk2000,https://m.media-amazon.com/images/I/41r7wsjOyEL.jpg,,9.32 - 33.67 dB,,,
Logisys IC231PWM,https://pcpartpicker.com/product/jwsKHx/logisys-cpu-cooler-ic231pwm,/static/forever/img/no-image.png,900 - 2400 RPM,17.8 - 32.5 dB,,,
Nexus LOW-7000 R2,https://pcpartpicker.com/product/xBV48d/nexus-cpu-cooler-low7000r2,/static/forever/img/no-image.png,500 - 2000 RPM,15 - 24 dB,,,
Logisys MC4004IEXT,https://pcpartpicker.com/product/dBV48d/logisys-cpu-cooler-mc4004iext,https://cdna.pcpartpicker.com/static/forever/images/product/f6a25f570389b5e21c3c7de15f0384a3.med.256p.jpg,900 - 2200 RPM,17.8 - 28.1 dB,,,
Logisys MC106,https://pcpartpicker.com/product/7msKHx/logisys-cpu-cooler-mc106,https://m.media-amazon.com/images/I/41ZINk2nMfL.jpg,1500 RPM,19 dB,,,
Logisys MC6001IM,https://pcpartpicker.com/product/qGCwrH/logisys-cpu-cooler-mc6001im,https://m.media-amazon.com/images/I/41GEBjQ9uAL.jpg,700 - 1200 RPM,18.2 - 26.7 dB,,,
Logisys MC4005IB,https://pcpartpicker.com/product/9bMFf7/logisys-cpu-cooler-mc4005ib,/static/forever/img/no-image.png,900 - 1500 RPM,21.4 - 32.1 dB,,,
Logisys MC4001IM,https://pcpartpicker.com/product/Kfbp99/logisys-cpu-cooler-mc4001im,https://m.media-amazon.com/images/I/41U+nS9-zGL.jpg,500 - 1500 RPM,17.8 - 27.6 dB,,,
Logisys MC4002IW,https://pcpartpicker.com/product/Qpckcf/logisys-cpu-cooler-mc4002iw,/static/forever/img/no-image.png,500 - 1500 RPM,17.8 - 27.6 dB,,,
Logisys MC6002GS,https://pcpartpicker.com/product/k96BD3/logisys-cpu-cooler-mc6002gs,https://m.media-amazon.com/images/I/51-Zan1tPCL.jpg,500 - 1500 RPM,17.6 - 27.6 dB,,,
Logisys IC221PWM,https://pcpartpicker.com/product/ykMFf7/logisys-cpu-cooler-ic221pwm,/static/forever/img/no-image.png,900 - 2400 RPM,17.8 - 26.4 dB,,,
Logisys MC2001IE,https://pcpartpicker.com/product/dmsKHx/logisys-cpu-cooler-mc2001ie,/static/forever/img/no-image.png,2200 RPM,23.4 dB,,,
Logisys IC4300X4,https://pcpartpicker.com/product/wgg323/logisys-cpu-cooler-ic4300x4,https://images-na.ssl-images-amazon.com/images/I/51zpIF0jwYL.jpg,400 - 2800 RPM,17.8 - 40.7 dB,,,
SilenX EFZ-120HA3,https://pcpartpicker.com/product/JzV48d/silenx-cpu-cooler-efz120ha3,/static/forever/img/no-image.png,800 - 2000 RPM,,,,
Phanteks PH-TC14PE_RD,https://pcpartpicker.com/product/gNMFf7/phanteks-cpu-cooler-phtc14perd,https://m.media-amazon.com/images/I/51cVhtr7SkL.jpg,700 - 1200 RPM,13.4 - 19 dB,,,
Zalman CNPS20LQ,https://pcpartpicker.com/product/JdkD4D/zalman-cnps20lq-liquid-cpu-cooler-cnps20lq,https://m.media-amazon.com/images/I/31-MpomP9yL.jpg,900 - 2000 RPM,17 - 36 dB,,120 mm,
Cooler Master X6 Elite,https://pcpartpicker.com/product/PqvRsY/cooler-master-cpu-cooler-rrx6nn18pkr1,/static/forever/img/no-image.png,600 - 1800 RPM,9 - 34.6 dB,,,
Thermaltake Contac 16,https://pcpartpicker.com/product/w3xfrH/thermaltake-cpu-cooler-clp0598,https://cdna.pcpartpicker.com/static/forever/images/product/a3c07565a88fe6a95e3cda73a9d1bc13.256p.jpg,2400 RPM,30 dB,,,
Masscool 7WA868,https://pcpartpicker.com/product/nqtCmG/masscool-cpu-cooler-7wa868,https://m.media-amazon.com/images/I/31aRSzyb9gL.jpg,800 - 2800 RPM,19 - 27 dB,,,
Thermaltake CLP0600,https://pcpartpicker.com/product/DwBv6h/thermaltake-cpu-cooler-clp0600,https://m.media-amazon.com/images/I/51nzN5QgI2L.jpg,1000 - 2400 RPM,19.3 - 30 dB,,,
Thermaltake A1964,https://pcpartpicker.com/product/LdLypg/thermaltake-cpu-cooler-a1964,https://images-na.ssl-images-amazon.com/images/I/414JE5WTZZL.jpg,5500 RPM,,,,
SilenX EFZ-120HA5,https://pcpartpicker.com/product/YfW9TW/silenx-cpu-cooler-efz120ha5,https://images-fe.ssl-images-amazon.com/images/I/51NSM-pFYlL.jpg,1600 RPM,8 - 24 dB,,,
Scythe SCKC-2100,https://pcpartpicker.com/product/gQkD4D/scythe-cpu-cooler-sckc2100,https://images-na.ssl-images-amazon.com/images/I/51KB3hkqKWL.jpg,500 - 1300 RPM,9.6 - 24.7 dB,,,
Zalman CNPS8900 Extreme,https://pcpartpicker.com/product/WyMFf7/zalman-cpu-cooler-cnps8900extreme,https://m.media-amazon.com/images/I/51mYDlL-LXL.jpg,1250 - 2800 RPM,19.5 - 35 dB,,,
Evercool NI2011E-9525EP,https://pcpartpicker.com/product/WwBv6h/evercool-cpu-cooler-ni2011e9525ep,https://cdna.pcpartpicker.com/static/forever/images/product/876420454812b5ddb452903bd950fb18.med.256p.jpg,1000 - 3000 RPM,28 dB,,,
Evercool TTC-NK35TZ/RPW/V3,https://pcpartpicker.com/product/xhQypg/evercool-cpu-cooler-ttcnk35tzrpwv3,https://cdna.pcpartpicker.com/static/forever/images/product/9545b23c59b2046eac16eab6146b55d0.med.256p.jpg,900 - 2800 RPM,12 - 31 dB,,,
Scythe SCKC-2000,https://pcpartpicker.com/product/Ts2kcf/scythe-cpu-cooler-sckc2000,https://m.media-amazon.com/images/I/41CaNWehicL.jpg,500 - 1300 RPM,9.6 - 24.7 dB,,,
ARCTIC Freezer A30,https://pcpartpicker.com/product/Qxzv6h/arctic-cooling-cpu-cooler-acfza30,https://m.media-amazon.com/images/I/51mz5ZHMDPL.jpg,400 - 1350 RPM,,,,
Scythe SCMG-3100,https://pcpartpicker.com/product/XG8Zxr/scythe-cpu-cooler-scmg3100,https://m.media-amazon.com/images/I/51CVQF20pZL.jpg,300 - 1600 RPM,9.6 - 32.15 dB,,,
Titan EC-TTC-NC05TZ,https://pcpartpicker.com/product/JX6BD3/titan-cpu-cooler-ecttcnc05tz,/static/forever/img/no-image.png,800 - 1500 RPM,15.3 - 29 dB,,,
Vantec VAF-1225,https://pcpartpicker.com/product/hNMFf7/vantec-cpu-cooler-vaf1225,https://images-na.ssl-images-amazon.com/images/I/519ybN2WLNL.jpg,1000 - 2200 RPM,20 - 32 dB,,,
Dynatron R22,https://pcpartpicker.com/product/qTLypg/dynatron-cpu-cooler-r22,/static/forever/img/no-image.png,,,,,
Scythe SCSMZ-2100,https://pcpartpicker.com/product/pTLypg/scythe-cpu-cooler-scsmz2100,https://cdna.pcpartpicker.com/static/forever/images/product/e880be367f0b5246c921992ed463d8e3.256p.jpg,300 - 2500 RPM,7.2 - 31.07 dB,,,
Dynatron R19,https://pcpartpicker.com/product/gkNp99/dynatron-cpu-cooler-r19,/static/forever/img/no-image.png,,,,,
Phanteks PH-TC14CS_BL,https://pcpartpicker.com/product/thQypg/phanteks-cpu-cooler-phtc14csbl,https://cdna.pcpartpicker.com/static/forever/images/product/f8ef97f85538a19167c7d6d2df3b227d.256p.jpg,700 RPM,13.4 - 19 dB,,,
Thermaltake CLP0596,https://pcpartpicker.com/product/L3xfrH/thermaltake-cpu-cooler-clp0596,https://images-na.ssl-images-amazon.com/images/I/51u-yd0ZIYL.jpg,800 - 2000 RPM,21 - 44 dB,,,
Phanteks PH-TC14CS_BK,https://pcpartpicker.com/product/D9MFf7/phanteks-cpu-cooler-phtc14csbk,https://images-na.ssl-images-amazon.com/images/I/41KWSG5bS6L.jpg,700 RPM,13.4 - 19 dB,,,
Enermax ELC120-TB,https://pcpartpicker.com/product/BQkD4D/enermax-elc120-tb-1059-cfm-liquid-cpu-cooler-elc120-tb,https://images-na.ssl-images-amazon.com/images/I/511-cxFVIHL.jpg,800 - 2200 RPM,17.3 - 31.2 dB,,120 mm,
Phanteks PH-TC90LS,https://pcpartpicker.com/product/Bfw323/phanteks-cpu-cooler-phtc90ls,https://m.media-amazon.com/images/I/418mCLa0HVL.jpg,1000 - 2500 RPM,19 - 26 dB,,,
NZXT Respire T20,https://pcpartpicker.com/product/M7Qypg/nzxt-cpu-cooler-rcrst2001,https://images-na.ssl-images-amazon.com/images/I/410WTyJ0-ZL.jpg,1300 - 1800 RPM,26.5 - 34 dB,,,
Zalman CNPS9900 D/F,https://pcpartpicker.com/product/HHCwrH/zalman-cpu-cooler-cnps9900df,https://m.media-amazon.com/images/I/51Ts9zkuK3L.jpg,900 - 1400 RPM,19 - 27 dB,,,
Gelid Solutions Silent Spirit,https://pcpartpicker.com/product/Ybbp99/gelid-solutions-silent-spirit-458-cfm-cpu-cooler-cc-spirit-02-a,https://m.media-amazon.com/images/I/31TDCSSJxpL.jpg,900 - 2400 RPM,10 - 25.8 dB,,,
Swiftech H220,https://pcpartpicker.com/product/Gr4gXL/swiftech-h220-55-cfm-liquid-cpu-cooler-h220,/static/forever/img/no-image.png,1200 - 3000 RPM,16 - 33 dB,,240 mm,
Cooler Master Eisberg 120L Prestige,https://pcpartpicker.com/product/qVjG3C/cooler-master-eisberg-120l-prestige-602-cfm-liquid-cpu-cooler-rl-eb12-16fk-r1,/static/forever/img/no-image.png,1600 RPM,20.5 dB,,120 mm,
Cooler Master RR-T612-20PK-R1,https://pcpartpicker.com/product/gKfp99/cooler-master-cpu-cooler-rrt61220pkr1,https://m.media-amazon.com/images/I/41nq5Fnb00L.jpg,2000 RPM,9 - 36 dB,,,
Silverstone AR02,https://pcpartpicker.com/product/t9V48d/silverstone-cpu-cooler-ar02,https://m.media-amazon.com/images/I/412rEIgDZhL.jpg,1200 - 2800 RPM,16 - 24 dB,,,
Silverstone AR03,https://pcpartpicker.com/product/pztCmG/silverstone-cpu-cooler-ar03,https://m.media-amazon.com/images/I/410zYCByiBL.jpg,1000 - 2200 RPM,16.39 - 33.5 dB,,,
Rosewill ROCC-13001,https://pcpartpicker.com/product/r2XfrH/rosewill-cpu-cooler-rocc13001,https://m.media-amazon.com/images/I/415HTETImNL.jpg,2000 RPM,19.39 - 31.05 dB,,,
Silverstone TD02,https://pcpartpicker.com/product/jXjG3C/silverstone-td02-925-cfm-liquid-cpu-cooler-td02,https://images-na.ssl-images-amazon.com/images/I/31iwd9ZPJtL.jpg,1500 - 2500 RPM,16 - 33.5 dB,,240 mm,
Silverstone TD03,https://pcpartpicker.com/product/6hV48d/silverstone-td03-925-cfm-liquid-cpu-cooler-td03,https://images-na.ssl-images-amazon.com/images/I/41kiAtxupxL.jpg,1500 - 2500 RPM,16 - 33.5 dB,,120 mm,
Zalman CNPS2X,https://pcpartpicker.com/product/Pb7wrH/zalman-cpu-cooler-cnps2x,https://m.media-amazon.com/images/I/51RM9ZXkWgL.jpg,1500 - 2600 RPM,17.39 - 22.7 dB,,,
Thermaltake CLP0607,https://pcpartpicker.com/product/xYMFf7/thermaltake-cpu-cooler-clp0607,https://m.media-amazon.com/images/I/41aFXbobNDL.jpg,1000 - 2000 RPM,20 - 39.9 dB,,,
Zalman CNPS90F,https://pcpartpicker.com/product/zYMFf7/zalman-cpu-cooler-cnps90f,https://images-na.ssl-images-amazon.com/images/I/51UeMMXR6EL.jpg,2300 RPM,29 dB,,,
Thermaltake CLP0606,https://pcpartpicker.com/product/y4rG3C/thermaltake-cpu-cooler-clp0606,https://images-na.ssl-images-amazon.com/images/I/51DuRoYxP2L.jpg,800 - 1600 RPM,18 - 30.2 dB,,,
ARCTIC Alpine 7 GT,https://pcpartpicker.com/product/VWNp99/arctic-cooling-cpu-cooler-ucar7gtac01,https://cdna.pcpartpicker.com/static/forever/images/product/a96523301e61b84786a75d17076ea551.med.256p.jpg,2000 RPM,25 dB,,,
Enermax ETS-T40-W,https://pcpartpicker.com/product/HWNp99/enermax-cpu-cooler-etst40w,https://images-na.ssl-images-amazon.com/images/I/51%2Bx-HSf-XL.jpg,2200 RPM,31.2 dB,,,
Thermaltake CLP0605,https://pcpartpicker.com/product/s86BD3/thermaltake-cpu-cooler-clp0605,https://images-na.ssl-images-amazon.com/images/I/51dPmoHyLLL.jpg,800 - 1600 RPM,18 - 30.2 dB,,,
Swiftech H320,https://pcpartpicker.com/product/BR2kcf/swiftech-h320-55-cfm-liquid-cpu-cooler-h320,https://images-na.ssl-images-amazon.com/images/I/518PJmbtMUL.jpg,800 - 1800 RPM,16 - 33 dB,,360 mm,
Thermalright TS-120M,https://pcpartpicker.com/product/7vphP6/thermalright-cpu-cooler-ts120m,https://cdna.pcpartpicker.com/static/forever/images/product/8bd7d53cde3ea0e60b6bc4ea883f3dfe.256p.jpg,700 - 1500 RPM,17 - 28.5 dB,,,
Thermalright TS-140,https://pcpartpicker.com/product/97mLrH/thermalright-cpu-cooler-ts140,https://cdna.pcpartpicker.com/static/forever/images/product/d34c11801ba40256b4ce5fb20c4dadc0.256p.jpg,900 - 1300 RPM,17 - 21 dB,,,
Scythe SCKC-3000,https://pcpartpicker.com/product/xzqdnQ/scythe-cpu-cooler-sckc3000,https://m.media-amazon.com/images/I/417qCp+yAVL.jpg,500 - 1300 RPM,13 - 30.7 dB,,,
Zalman Reserator 3 MAX,https://pcpartpicker.com/product/vpfp99/zalman-reserator-3-max-liquid-cpu-cooler-reserator-3-max,https://cdna.pcpartpicker.com/static/forever/images/product/f7c022f7698168d13fd4db8a0095a1f7.256p.jpg,1000 - 2200 RPM,18.89 - 36.7 dB,,120 mm,
Silverstone NT06-PRO,https://pcpartpicker.com/product/88DwrH/silverstone-cpu-cooler-nt06pro,https://m.media-amazon.com/images/I/411YA4IBTKL.jpg,1000 - 2200 RPM,,,,
Gelid Solutions Siberian Pro,https://pcpartpicker.com/product/Dk4gXL/gelid-solutions-siberian-pro-6834-cfm-cpu-cooler-cc-siberianp-01,https://m.media-amazon.com/images/I/41IBkNo85eL.jpg,900 - 2200 RPM,10 - 23.5 dB,,,
Masscool 8W2002B1M4,https://pcpartpicker.com/product/FH6BD3/masscool-cpu-cooler-8w2002b1m4,https://m.media-amazon.com/images/I/51NFsvVMNlL.jpg,800 - 2800 RPM,20 - 34 dB,,,
Antec KUHLER H2O 950,https://pcpartpicker.com/product/yj3RsY/antec-kuhler-h2o-950-liquid-cpu-cooler-kuhler-h2o-950,https://m.media-amazon.com/images/I/41sg-XoigmL.jpg,,,,120 mm,
ARCTIC Freezer A11,https://pcpartpicker.com/product/N7kD4D/arctic-cooling-cpu-cooler-ucacofa11001csa01,https://cdna.pcpartpicker.com/static/forever/images/product/0996462fd90516d032c4ec2b76b97027.256p.jpg,500 - 2000 RPM,22.5 dB,,,
Enermax ELC-LM120S-TAA,https://pcpartpicker.com/product/g3V48d/enermax-elc-lm120s-taa-1057-cfm-liquid-cpu-cooler-elc-lm120s-taa,https://m.media-amazon.com/images/I/41nqflfaI7L.jpg,2500 RPM,30 dB,,120 mm,
Enermax ETS-N30-HE,https://pcpartpicker.com/product/shn2FT/enermax-cpu-cooler-etsn30he,https://images-na.ssl-images-amazon.com/images/I/51ZXRVLM4eL.jpg,800 - 2800 RPM,16 - 28 dB,,,
Enermax ETS-N30-TAA,https://pcpartpicker.com/product/JysKHx/enermax-cpu-cooler-etsn30taa,https://images-na.ssl-images-amazon.com/images/I/51IZ8GgmtfL.jpg,800 - 2800 RPM,16 - 27 dB,,,
Akasa Nero 3,https://pcpartpicker.com/product/Qhn2FT/akasa-cpu-cooler-akcc4007ep01,https://m.media-amazon.com/images/I/5187SWx0hbL.jpg,500 - 1500 RPM,24.6 dB,,,
Thermalright Silver Arrow IB-E Extreme,https://pcpartpicker.com/product/ZTdqqs/thermalright-silver-arrow-ib-e-extreme-130-cfm-cpu-cooler-silver-arrow-ib-e-extreme,https://cdna.pcpartpicker.com/static/forever/images/product/e7ab9fff15137a523ec0b6d001e53aa8.256p.jpg,600 - 2500 RPM,21 - 45 dB,,,
Thermaltake NiC L31,https://pcpartpicker.com/product/LHYXsY/thermaltake-cpu-cooler-clp001al12rea,/static/forever/img/no-image.png,500 - 1800 RPM,18 - 34.79 dB,,,
Thermaltake CLP0604,https://pcpartpicker.com/product/24R48d/thermaltake-cpu-cooler-clp0604,/static/forever/img/no-image.png,1200 - 2100 RPM,21 - 48 dB,,,
Xigmatek Janus LD1266,https://pcpartpicker.com/product/TYyFf7/xigmatek-cpu-cooler-janusld1266,https://images-na.ssl-images-amazon.com/images/I/41XwLxbf-nL.jpg,1200 RPM,19.2 - 22.4 dB,,,
Thermalright MACHO 120 REV.A,https://pcpartpicker.com/product/Hxh9TW/thermalright-macho-120-reva-4619-cfm-cpu-cooler-macho-120-reva,https://m.media-amazon.com/images/I/416T5Hx+3DL.jpg,600 - 1300 RPM,25.4 dB,,,
Thermalright TRUE Spirit 90M Rev.A,https://pcpartpicker.com/product/Q72kcf/thermalright-true-spirit-90m-reva-3936-cfm-cpu-cooler-ts-90m-reva,/static/forever/img/no-image.png,800 - 2000 RPM,27 dB,,,
RAIJINTEK EreBoss,https://pcpartpicker.com/product/6Rfp99/raijintek-cpu-cooler-0p105250,https://cdna.pcpartpicker.com/static/forever/images/product/d20c1dc50011d2ddca073a0dad28da58.256p.jpg,600 - 1400 RPM,28 dB,,,
RAIJINTEK EREBOSS BLACK,https://pcpartpicker.com/product/jpdqqs/raijintek-cpu-cooler-0r100011,https://cdna.pcpartpicker.com/static/forever/images/product/88dcf6d1078500fa6e50b82df5c9a137.256p.jpg,650 - 1400 RPM,28 dB,,,
Scythe Ashura Shadow,https://pcpartpicker.com/product/hxh9TW/scythe-cpu-cooler-scasr1000se,https://images-na.ssl-images-amazon.com/images/I/51g%2BLknU1BL.jpg,500 - 1300 RPM,13 - 30.7 dB,,,
Deepcool FROSTWIN V2.0,https://pcpartpicker.com/product/vkkD4D/deepcool-cpu-cooler-frostwinv20,https://cdna.pcpartpicker.com/static/forever/images/product/3da2ae407d520a68b4f9f6646cf2d9a7.256p.jpg,1600 RPM,17.8 - 21 dB,,,
Deepcool CAPTAIN 120,https://pcpartpicker.com/product/LfrcCJ/deepcool-captain-120-9112-cfm-liquid-cpu-cooler-captain-120,/static/forever/img/no-image.png,600 - 2200 RPM,17.6 - 39.29 dB,,120 mm,
Deepcool CAPTAIN 240,https://pcpartpicker.com/product/GV38TW/deepcool-captain-240-9112-cfm-liquid-cpu-cooler-captain-240,/static/forever/img/no-image.png,600 - 2200 RPM,17.6 - 39.29 dB,,240 mm,
Thermaltake Gravity A1,https://pcpartpicker.com/product/bzKhP6/thermaltake-cpu-cooler-clp009al09wta,https://images-na.ssl-images-amazon.com/images/I/41caiJzLseL.jpg,1800 RPM,22.3 dB,,,
Rosewill AIOLOS,https://pcpartpicker.com/product/mttWGX/rosewill-cpu-cooler-rocc12001,https://m.media-amazon.com/images/I/41Jdg8BO4GL.jpg,1500 RPM,24.6 dB,,,
Prolimatech Basic 68,https://pcpartpicker.com/product/CK8H99/prolimatech-cpu-cooler-probsc68,https://cdna.pcpartpicker.com/static/forever/images/product/b2159b380ae2e426103f7f2bd75f29f8.256p.jpg,600 - 1600 RPM,,,,
Prolimatech Basic 81,https://pcpartpicker.com/product/8mGj4D/prolimatech-cpu-cooler-probsc81,/static/forever/img/no-image.png,600 - 1600 RPM,,,,
Fractal Design Kelvin S24,https://pcpartpicker.com/product/4vKhP6/fractal-design-kelvin-s24-624-cfm-liquid-cpu-cooler-fd-wcu-kelvin-s24-bk,https://cdna.pcpartpicker.com/static/forever/images/product/261f3a198b50e599a71d78a11a19f058.256p.jpg,800 - 1700 RPM,26.9 dB,,240 mm,
Dynatron T459,https://pcpartpicker.com/product/3pgPxr/dynatron-t459-cpu-cooler-t459,https://m.media-amazon.com/images/I/415c-AWMZ6L.jpg,,,,,
LEPA AquaChanger 240,https://pcpartpicker.com/product/hQ7CmG/lepa-aquachanger-240-1036-cfm-liquid-cpu-cooler-lpwac240-hf,https://cdna.pcpartpicker.com/static/forever/images/product/981d20cbb3cc6d10ab73a0d85e352cd2.256p.jpg,500 - 2300 RPM,14 - 35 dB,,240 mm,
Zalman CNPS9300 AT,https://pcpartpicker.com/product/Cqzv6h/zalman-cpu-cooler-cnps9300at,https://images-na.ssl-images-amazon.com/images/I/51TPvmfQh5L.jpg,1500 - 2400 RPM,20 - 30 dB,,,
Xigmatek Gaia II,https://pcpartpicker.com/product/FFTrxr/xigmatek-cpu-cooler-cacsxhh3u0a,/static/forever/img/no-image.png,800 - 1500 RPM,16 - 24 dB,,,
Cooler Master Glacer 240L Ver. 2,https://pcpartpicker.com/product/f6hj4D/cooler-master-glacer-240l-ver-2-8615-cfm-liquid-cpu-cooler-rl-g24l-24pk-r2,/static/forever/img/no-image.png,2400 RPM,19 - 40.33 dB,,240 mm,
Cooler Master Blizzard T2 mini,https://pcpartpicker.com/product/TvKhP6/cooler-master-cpu-cooler-rrt2mn22fpr1,/static/forever/img/no-image.png,2200 RPM,22 dB,,,
X2 ECLIPSE IV,https://pcpartpicker.com/product/fK8H99/x2-cpu-cooler-x29862n1pwm,/static/forever/img/no-image.png,800 - 2000 RPM,10 - 24 dB,,,
Silverstone TD02-E,https://pcpartpicker.com/product/ymGj4D/silverstone-td02-e-925-cfm-liquid-cpu-cooler-td02-e,https://images-na.ssl-images-amazon.com/images/I/41toY-WK8tL.jpg,1500 - 2500 RPM,18 - 35 dB,,240 mm,
Silverstone TD03-E,https://pcpartpicker.com/product/djX2FT/silverstone-td03-e-925-cfm-liquid-cpu-cooler-td03-e,/static/forever/img/no-image.png,1500 - 2500 RPM,18 - 35 dB,,120 mm,
Scythe Mugen MAX,https://pcpartpicker.com/product/8YrcCJ/scythe-cpu-cooler-scmgd1000,https://m.media-amazon.com/images/I/51C4evI5NDL.jpg,500 - 1300 RPM,13 - 30.7 dB,,,
Cooler Master TPC 812XS,https://pcpartpicker.com/product/3tJkcf/cooler-master-cpu-cooler-rrt81216pkr1,/static/forever/img/no-image.png,500 - 1600 RPM,8 - 30 dB,,,
Thermaltake BigTyp Revo.,https://pcpartpicker.com/product/337wrH/thermaltake-cpu-cooler-clp0602,https://m.media-amazon.com/images/I/41G+muZ9hXL.jpg,800 - 1800 RPM,20 dB,,,
Xigmatek Apache II,https://pcpartpicker.com/product/Xhqbt6/xigmatek-cpu-cooler-apacheepcd903,/static/forever/img/no-image.png,1200 - 2500 RPM,28 dB,,,
Thermalright Macho Zero,https://pcpartpicker.com/product/McYWGX/thermalright-macho-zero-cpu-cooler-macho-zero,/static/forever/img/no-image.png,,0 dB,,,
Silverstone AR04,https://pcpartpicker.com/product/27fp99/silverstone-cpu-cooler-ar04,https://m.media-amazon.com/images/I/41kAmvMR1VL.jpg,1500 - 3400 RPM,18 - 26 dB,,,
Thermalright Macho Rev.A(BW),https://pcpartpicker.com/product/RTBrxr/thermalright-macho-revabw-736-cfm-cpu-cooler-macho-revabw,/static/forever/img/no-image.png,300 - 1300 RPM,15 - 21 dB,,,
Xigmatek Dark Knight SD1483 Frostbourne,https://pcpartpicker.com/product/t8YWGX/xigmatek-cpu-cooler-en6619,/static/forever/img/no-image.png,800 - 1200 RPM,18 dB,,,
SilentiumPC Grandis XE1236,https://pcpartpicker.com/product/3KBrxr/silentiumpc-cpu-cooler-grandisxe1236,/static/forever/img/no-image.png,500 - 1500 RPM,21 dB,,,
Swiftech H140-X,https://pcpartpicker.com/product/4RJkcf/swiftech-h140-x-90-cfm-liquid-cpu-cooler-h140-x,https://m.media-amazon.com/images/I/51Fme3iugAL.jpg,700 - 1800 RPM,8.3 - 28.8 dB,,140 mm,
Enermax Liqmax II 240,https://pcpartpicker.com/product/LJ8H99/enermax-liqmax-ii-240-96-cfm-liquid-cpu-cooler-elc-lmr240-bs,https://m.media-amazon.com/images/I/41ELr-ekQ7L.jpg,500 - 2000 RPM,16 - 35 dB,,240 mm,
Silverstone TD02-LITE,https://pcpartpicker.com/product/nK4NnQ/silverstone-td02-lite-925-cfm-liquid-cpu-cooler-td02-lite,https://m.media-amazon.com/images/I/41WML2ML1lL.jpg,1500 - 2500 RPM,18 - 35 dB,,240 mm,
Silverstone TD03-LITE,https://pcpartpicker.com/product/fCL7YJ/silverstone-td03-lite-925-cfm-liquid-cpu-cooler-td03-lite,https://m.media-amazon.com/images/I/418oKUjkWBL.jpg,1500 - 2500 RPM,18 - 35 dB,,120 mm,
RAIJINTEK PALLAS Black,https://pcpartpicker.com/product/zK38TW/raijintek-cpu-cooler-0r100012,https://cdna.pcpartpicker.com/static/forever/images/product/fc897a81c87c40edea7d556a29fffbde.256p.jpg,650 - 1400 RPM,28 dB,,,
Thermalright TRUE Spirit 140 (BW),https://pcpartpicker.com/product/L9Nypg/thermalright-true-spirit-140-bw-736-cfm-cpu-cooler-true-spirit-140-bw,/static/forever/img/no-image.png,300 - 1300 RPM,15 - 21 dB,,,
CRYORIG A40 ULTIMATE,https://pcpartpicker.com/product/rwzZxr/cryorig-a40-ultimate-83-cfm-liquid-cpu-cooler-a40-ultimate,https://cdna.pcpartpicker.com/static/forever/images/product/d3f98197f335fa1e6e3906fa463e920d.256p.jpg,600 - 2200 RPM,13 - 37 dB,,240 mm,
Enermax ETS-T40F-BK,https://pcpartpicker.com/product/MPnG3C/enermax-cpu-cooler-etst40fbk,https://images-na.ssl-images-amazon.com/images/I/516szS7OVaL.jpg,800 - 1800 RPM,16 - 26 dB,,,
Gelid Solutions Polar,https://pcpartpicker.com/product/DZZ2FT/gelid-solutions-cpu-cooler-ccpolar01,https://cdna.pcpartpicker.com/static/forever/images/product/83832c30c21b22e4c7bd465af158dbf7.256p.jpg,1400 - 2000 RPM,16 - 28.9 dB,,,
Cooler Master X6,https://pcpartpicker.com/product/TkX2FT/cooler-master-cpu-cooler-rrx6nn19prr1,/static/forever/img/no-image.png,600 - 1900 RPM,8 - 27 dB,,,
Silverstone TD03-SLIM,https://pcpartpicker.com/product/RQDzK8/silverstone-td03-slim-3585-cfm-liquid-cpu-cooler-sst-td03-slim,https://m.media-amazon.com/images/I/416EymQ-MmL.jpg,800 - 2200 RPM,16.5 - 27.4 dB,,120 mm,
Thermalright AXP-100 Muscle,https://pcpartpicker.com/product/2HzZxr/thermalright-axp-100-muscle-445-cfm-cpu-cooler-axp-100-muscle,https://cdna.pcpartpicker.com/static/forever/images/product/db6c6ae5a7cff5d070bc2f919be73833.256p.jpg,900 - 2500 RPM,22 - 30 dB,,,
ARCTIC Freezer A32,https://pcpartpicker.com/product/bF8H99/arctic-cooling-cpu-cooler-acfre00005a,https://cdna.pcpartpicker.com/static/forever/images/product/04467490b25be1e97e16482040da75b0.256p.jpg,,,,,
ARCTIC Freezer i32 CO,https://pcpartpicker.com/product/2t8H99/arctic-cooling-cpu-cooler-acfre00015a,https://cdna.pcpartpicker.com/static/forever/images/product/2369fb59319fea63d4c3ee118f2983fc.256p.jpg,,,,,
ID-COOLING IS-40,https://pcpartpicker.com/product/LsL7YJ/id-cooling-cpu-cooler-is40,/static/forever/img/no-image.png,300 - 2500 RPM,14 - 33 dB,,,
ID-COOLING IS-40PRO,https://pcpartpicker.com/product/GLs8TW/id-cooling-cpu-cooler-is40pro,/static/forever/img/no-image.png,300 - 2500 RPM,14 - 33 dB,,,
ID-COOLING IS-50,https://pcpartpicker.com/product/MbKhP6/id-cooling-cpu-cooler-is50,https://cdna.pcpartpicker.com/static/forever/images/product/ae8adb947ff6ab19c49dccc50f00310d.256p.jpg,600 - 1600 RPM,13.8 - 30.2 dB,,,
Gelid Solutions Antarctica,https://pcpartpicker.com/product/6Dqbt6/gelid-solutions-antarctica-806-cfm-cpu-cooler-cc-antarctica-01-a,https://cdna.pcpartpicker.com/static/forever/images/product/dd6856f8dbeda4ba84b920ff22bcff72.256p.jpg,450 - 4500 RPM,27.8 dB,,,
Deepcool CAPTAIN 240 WHITE,https://pcpartpicker.com/product/F8rcCJ/deepcool-captain-240-white-18224-cfm-liquid-cpu-cooler-captain-240-white,/static/forever/img/no-image.png,600 - 2200 RPM,17.6 - 39.29 dB,,240 mm,
ARCTIC Freezer i11 CO,https://pcpartpicker.com/product/T9rcCJ/arctic-cpu-cooler-ucacofi11101csa01,https://m.media-amazon.com/images/I/41zZVYKnqIL.jpg,500 - 2000 RPM,,,,
ID-COOLING DK-01,https://pcpartpicker.com/product/WhkwrH/id-cooling-cpu-cooler-dk01,https://images-na.ssl-images-amazon.com/images/I/51OUygE6BDL.jpg,800 - 2500 RPM,12 - 28.8 dB,,,
ID-COOLING FI-REEX,https://pcpartpicker.com/product/Mk98TW/id-cooling-cpu-cooler-fireex,/static/forever/img/no-image.png,800 - 1800 RPM,16.2 - 29.2 dB,,,
ID-COOLING FI-VC,https://pcpartpicker.com/product/DW4NnQ/id-cooling-cpu-cooler-fivc,/static/forever/img/no-image.png,1600 RPM,21 dB,,,
ID-COOLING FI-VC Twin,https://pcpartpicker.com/product/wsL7YJ/id-cooling-cpu-cooler-fivctwin,/static/forever/img/no-image.png,800 - 1800 RPM,16.2 - 32.6 dB,,,
ID-COOLING IS-25,https://pcpartpicker.com/product/2yKhP6/id-cooling-cpu-cooler-is25,https://cdna.pcpartpicker.com/static/forever/images/product/860743345c3d2ace44527be9316fec9b.256p.jpg,800 - 2700 RPM,14 - 23 dB,,,
ID-COOLING IS-25i,https://pcpartpicker.com/product/bMbkcf/id-cooling-cpu-cooler-is25i,https://m.media-amazon.com/images/I/51AZb9AiseL.jpg,800 - 2700 RPM,14 - 23 dB,,,
ID-COOLING SE-203,https://pcpartpicker.com/product/TyKhP6/id-cooling-cpu-cooler-se203,/static/forever/img/no-image.png,800 - 1800 RPM,16.2 - 29.2 dB,,,
ID-COOLING SE-203K,https://pcpartpicker.com/product/NC648d/id-cooling-cpu-cooler-se203k,/static/forever/img/no-image.png,1800 RPM,16.2 - 29.2 dB,,,
ID-COOLING SE-204K,https://pcpartpicker.com/product/LQ648d/id-cooling-cpu-cooler-se204k,/static/forever/img/no-image.png,800 - 1800 RPM,16.2 - 29.2 dB,,,
ID-COOLING SE-205,https://pcpartpicker.com/product/BVwqqs/id-cooling-cpu-cooler-se205,/static/forever/img/no-image.png,1600 - 1800 RPM,16.2 - 29.2 dB,,,
ID-COOLING SE-213,https://pcpartpicker.com/product/YjZ2FT/id-cooling-cpu-cooler-se213,/static/forever/img/no-image.png,800 - 1600 RPM,16 - 20.2 dB,,,
ID-COOLING SE-213i,https://pcpartpicker.com/product/4bKhP6/id-cooling-cpu-cooler-se213i,https://images-na.ssl-images-amazon.com/images/I/51ZKQJk45YL.jpg,800 - 1600 RPM,16 - 20.2 dB,,,
ID-COOLING SE-214i,https://pcpartpicker.com/product/nDqbt6/id-cooling-cpu-cooler-se214i,/static/forever/img/no-image.png,800 - 1800 RPM,16.2 - 29.2 dB,,,
Silverstone SST-AR07,https://pcpartpicker.com/product/WW4NnQ/silverstone-cpu-cooler-sstar07,https://cdna.pcpartpicker.com/static/forever/images/product/944c3105e4132e66567adc79d9f5e53f.256p.jpg,800 - 1500 RPM,16.5 - 30.8 dB,,,
Noctua NH-U9DO A3,https://pcpartpicker.com/product/gbPfrH/noctua-nh-u9do-a3-643-cfm-cpu-cooler-nh-u9do-a3,https://images-fe.ssl-images-amazon.com/images/I/512UIxcP3KL.jpg,1000 - 1600 RPM,7.9 - 17.6 dB,,,
Reeven Okeanos,https://pcpartpicker.com/product/RBL7YJ/reeven-okeanos-638-cfm-sleeve-bearing-cpu-cooler-rc-1402,https://m.media-amazon.com/images/I/51CbHvFeTTL.jpg,300 - 1800 RPM,4 - 23.6 dB,,,
Reeven Justice,https://pcpartpicker.com/product/pGPzK8/reeven-justice-821-cfm-sleeve-bearing-cpu-cooler-rc-1204,https://cdna.pcpartpicker.com/static/forever/images/product/0c3f6cb10b5a6b6d952b3ac981772517.256p.jpg,300 - 1500 RPM,4 - 29.8 dB,,,
Reeven Ouranos,https://pcpartpicker.com/product/skJkcf/reeven-ouranos-924-cfm-cpu-cooler-rc-1401,https://m.media-amazon.com/images/I/51HkCIBnkiL.jpg,300 - 1700 RPM,5.8 - 36.4 dB,,,
Reeven Chrono Guard,https://pcpartpicker.com/product/vWtWGX/reeven-rc-0902-555-cfm-sleeve-bearing-cpu-cooler-rc-0902,/static/forever/img/no-image.png,300 - 2500 RPM,7.2 - 31.1 dB,,,
Reeven Arcziel,https://pcpartpicker.com/product/JbL7YJ/reeven-arcziel-555-cfm-sleeve-bearing-cpu-cooler-rc-0903,/static/forever/img/no-image.png,300 - 2500 RPM,7.2 - 31.1 dB,,,
Reeven Brontes,https://pcpartpicker.com/product/ykJkcf/reeven-brontes-304-cfm-cpu-cooler-rc-1001,https://m.media-amazon.com/images/I/51IDhoX27nL.jpg,650 - 2200 RPM,10.5 - 31.67 dB,,,
Reeven Hans RC-1205n,https://pcpartpicker.com/product/HBL7YJ/reeven-hans-rc-1205n-821-cfm-cpu-cooler-rc-1205n,/static/forever/img/no-image.png,300 - 1500 RPM,4 - 29.8 dB,,,
Reeven Hans,https://pcpartpicker.com/product/Pn648d/reeven-hans-821-cfm-sleeve-bearing-cpu-cooler-rc-1205,https://m.media-amazon.com/images/I/519DGvjHkrL.jpg,300 - 1500 RPM,4 - 29.8 dB,,,
Reeven Steropes,https://pcpartpicker.com/product/dmDzK8/reeven-steropes-455-cfm-cpu-cooler-rc-1206,/static/forever/img/no-image.png,500 - 2000 RPM,9.32 - 33.67 dB,,,
Silverstone NT08-115X,https://pcpartpicker.com/product/mxH48d/silverstone-nt08-115x-470-cfm-cpu-cooler-nt08-115x,https://cdna.pcpartpicker.com/static/forever/images/product/ff4df4a489ccae32b0364b75ba04c48f.256p.jpg,1200 - 3500 RPM,21.56 - 62.88 dB,,,
Thermaltake Riing Silent 12 Pro Blue,https://pcpartpicker.com/product/F4M323/thermaltake-cl-p021-ca12bu-a-530-cfm-cpu-cooler-cl-p021-ca12bu-a,https://cdna.pcpartpicker.com/static/forever/images/product/6dfeff1a560e79f2a46433d45d6839c1.256p.jpg,300 - 1400 RPM,12 - 19 dB,,,
Thermaltake Riing Silent 12 Pro Red,https://pcpartpicker.com/product/QRKhP6/thermaltake-cl-p021-ca12re-a-530-cfm-cpu-cooler-cl-p021-ca12re-a,https://cdna.pcpartpicker.com/static/forever/images/product/4dcd795944f7b9c3869cfef72c926830.256p.jpg,300 - 1400 RPM,12 - 19 dB,,,
Thermaltake Riing Silent 12 Blue,https://pcpartpicker.com/product/Rz648d/thermaltake-cl-p022-al12bu-a-530-cfm-cpu-cooler-cl-p022-al12bu-a,https://cdna.pcpartpicker.com/static/forever/images/product/8a1a3a05f547644622d95773768d8a50.256p.jpg,300 - 1400 RPM,13 - 18 dB,,,
ARCTIC Alpine 20 PLUS CO,https://pcpartpicker.com/product/BnW9TW/arctic-alpine-20-plus-co-cpu-cooler-ucaco-ap11401-bua01,https://m.media-amazon.com/images/I/518rgUpIf8L.jpg,600 - 2200 RPM,,,,
Deepcool Maelstrom 240,https://pcpartpicker.com/product/Yqbkcf/deepcool-maelstrom-240-18224-cfm-liquid-cpu-cooler-maelstrom-240,/static/forever/img/no-image.png,600 - 2200 RPM,17.6 - 39.3 dB,,240 mm,
Deepcool Maelstrom 240T,https://pcpartpicker.com/product/42rcCJ/deepcool-maelstrom-240t-16728-cfm-liquid-cpu-cooler-maelstrom-240t,/static/forever/img/no-image.png,600 - 1800 RPM,17.8 - 34.1 dB,,240 mm,
Deepcool NEPTWIN,https://pcpartpicker.com/product/LH4NnQ/deepcool-neptwin-1395-cfm-cpu-cooler-neptwin,/static/forever/img/no-image.png,900 - 1500 RPM,17.8 - 30 dB,,,
Alpenföhn ATLAS,https://pcpartpicker.com/product/RX2rxr/alpenfohn-atlas-636-cfm-cpu-cooler-84000000124,https://m.media-amazon.com/images/I/51iTWAy5XjL.jpg,400 - 1800 RPM,8 - 24.3 dB,,,
Alpenföhn Olymp,https://pcpartpicker.com/product/rf4NnQ/alpenfohn-olymp-726-cfm-cpu-cooler-84000000135,https://m.media-amazon.com/images/I/51p4vtKmVGL.jpg,300 - 1400 RPM,8 - 26.8 dB,,,
Alpenföhn Matterhorn Rev. C – Black Edition,https://pcpartpicker.com/product/W8kwrH/alpenfohn-matterhorn-rev-c-black-edition-624-cfm-cpu-cooler-84000000126,https://cdna.pcpartpicker.com/static/forever/images/product/fa18a1656681c1b7d8204c6994f41ddc.256p.jpg,500 - 1500 RPM,18.2 dB,,,
Alpenföhn Panorama rev.B,https://pcpartpicker.com/product/MdWrxr/alpenfohn-panorama-revb-224-cfm-cpu-cooler-84000000040,https://cdna.pcpartpicker.com/static/forever/images/product/2cd5c49ab3fe225b0a7cda3477d48d29.256p.jpg,900 - 2000 RPM,14 - 22.1 dB,,,
Silverstone Tundra TD02-SLIM,https://pcpartpicker.com/product/XGM323/silverstone-tundra-td02-slim-3585-cfm-liquid-cpu-cooler-td02-slim,/static/forever/img/no-image.png,800 - 2200 RPM,16.5 - 27.4 dB,,240 mm,
Cooler Master Seidon 240V,https://pcpartpicker.com/product/YhNypg/cooler-master-seidon-240v-95-cfm-liquid-cpu-cooler-rl-s24v-24pk-r1,https://images-eu.ssl-images-amazon.com/images/I/41teX5r0nNL.jpg,800 - 2400 RPM,12 - 35 dB,,240 mm,
Thermaltake Contac 39,https://pcpartpicker.com/product/qQQRsY/thermaltake-contac-39-721-cfm-cpu-cooler-clp0597,https://images-eu.ssl-images-amazon.com/images/I/51b7ue%2Bbw9L.jpg,800 - 2000 RPM,15 - 33.2 dB,,,
Silverstone Argon AR10-115XS,https://pcpartpicker.com/product/nJdFf7/silverstone-argon-ar10-115xs-195-cfm-ball-bearing-cpu-cooler-sst-ar10-115xs,https://cdna.pcpartpicker.com/static/forever/images/product/b396bf269eec966dcea6cb31759f9a84.256p.jpg,500 - 4000 RPM,18.07 - 39.03 dB,,,
Deepcool CAPTAIN 120EX RGB,https://pcpartpicker.com/product/HKwqqs/deepcool-captain-120ex-rgb-7652-cfm-liquid-cpu-cooler-captain-120ex-rgb,/static/forever/img/no-image.png,500 - 1800 RPM,17.6 - 31.3 dB,,120 mm,
Gelid Solutions Rev. 3 Tranquillo,https://pcpartpicker.com/product/W8DzK8/gelid-solutions-rev-3-tranquillo-635-cfm-cpu-cooler-cc-tranq-03-a,https://cdna.pcpartpicker.com/static/forever/images/product/96e8851948a0c05aba9093c2df5de562.256p.jpg,750 - 1500 RPM,12 - 26.5 dB,,,
Cooltek LP53,https://pcpartpicker.com/product/xqjWGX/cooltek-lp53-cpu-cooler-lp53,/static/forever/img/no-image.png,1000 - 2100 RPM,16 - 27.1 dB,,,
FSP Group Windale 6,https://pcpartpicker.com/product/ntwqqs/fsp-group-windale-6-600-cfm-cpu-cooler-ac602,https://m.media-amazon.com/images/I/51OBhQJPkXL.jpg,600 - 1600 RPM,32 dB,,,
FSP Group Windale 6,https://pcpartpicker.com/product/fvgPxr/fsp-group-windale-6-600-cfm-cpu-cooler-ac601,https://m.media-amazon.com/images/I/51Voe4uLHfL.jpg,600 - 1600 RPM,32 dB,,,
ARCTIC Freezer 33 eSports Edition (Black/Red),https://pcpartpicker.com/product/F7fmP6/arctic-freezer-33-esports-edition-blackred-cpu-cooler-acfre00029a,https://cdna.pcpartpicker.com/static/forever/images/product/c7c5f20e2e00ed6678df3d9bdec5ed06.256p.jpg,200 - 1800 RPM,24.4 dB,,,
ARCTIC Freezer 33 eSports Edition (Black/Green),https://pcpartpicker.com/product/9Vhj4D/arctic-freezer-33-esports-edition-blackgreen-cpu-cooler-acfre00035a,https://m.media-amazon.com/images/I/51CmqSUVQtL.jpg,200 - 1800 RPM,24.4 dB,,,
ARCTIC Freezer 33 CO,https://pcpartpicker.com/product/mBNypg/arctic-freezer-33-co-cpu-cooler-acfre00031a,https://cdna.pcpartpicker.com/static/forever/images/product/645bf665098f3c35618e134c13dd5278.256p.jpg,,22.5 dB,,,
Thermalright AXP-100H MUSCLE,https://pcpartpicker.com/product/CdNypg/thermalright-axp-100h-muscle-445-cfm-cpu-cooler-axp-100h-muscle,https://m.media-amazon.com/images/I/41pjeetolkL.jpg,900 - 2500 RPM,22 - 30 dB,,,
Enermax ETS-N30R-TAA,https://pcpartpicker.com/product/CPX2FT/enermax-ets-n30r-taa-508-cfm-cpu-cooler-ets-n30r-taa,https://m.media-amazon.com/images/I/41T7Xo4JmVL.jpg,800 - 2800 RPM,16 - 27 dB,,,
Deepcool CAPTAIN 240EX RGB WH,https://pcpartpicker.com/product/DjYWGX/deepcool-captain-240ex-rgb-wh-15304-cfm-liquid-cpu-cooler-captain-240ex-rgb-wh,https://cdna.pcpartpicker.com/static/forever/images/product/0477ab146b1be759c0d16a156356b5bd.256p.jpg,500 - 1800 RPM,17.6 - 31.3 dB,White / Black,240 mm,
Enermax LIQTECH TR4 280,https://pcpartpicker.com/product/KDx2FT/enermax-liqtech-tr4-280-8071-cfm-liquid-cpu-cooler-elc-lttr280-tbp,https://m.media-amazon.com/images/I/41HBjBpeM5L.jpg,500 - 1500 RPM,14 - 25 dB,Black,280 mm,
Scythe SCIOR-1000,https://pcpartpicker.com/product/NHprxr/scythe-scior-1000-437-cfm-cpu-cooler-scior-1000,https://cdna.pcpartpicker.com/static/forever/images/product/ef2c7be54e3cfec8f86de327dfd87237.256p.jpg,300 - 1800 RPM,4.5 - 26.7 dB,Black / Silver,,
Antec Mercury 240,https://pcpartpicker.com/product/Yg448d/antec-mercury-240-7331-cfm-liquid-cpu-cooler-mercury-240,https://cdna.pcpartpicker.com/static/forever/images/product/7f2fbc0c0dffd7c4255a018923028489.256p.jpg,900 - 1800 RPM,30 dB,Black / White,240 mm,
Antec Mercury 360,https://pcpartpicker.com/product/4dzkcf/antec-mercury-360-7331-cfm-liquid-cpu-cooler-mercury-360,https://images-eu.ssl-images-amazon.com/images/I/51-HnCPaXiL.jpg,900 - 1800 RPM,30 dB,Black / White,360 mm,
Enermax Liqtech TR4 II 240,https://pcpartpicker.com/product/XNF48d/enermax-liqtech-tr4-ii-240-10217-cfm-liquid-cpu-cooler-elc-lttrto240-tbp,https://cdna.pcpartpicker.com/static/forever/images/product/bf833592412ff4932bf6239b727170cf.256p.jpg,500 - 2300 RPM,14 - 28 dB,Black,240 mm,
Enermax Liqtech TR4 II 280,https://pcpartpicker.com/product/h8w7YJ/enermax-liqtech-tr4-ii-280-8071-cfm-liquid-cpu-cooler-elc-lttrto280-tbp,https://cdna.pcpartpicker.com/static/forever/images/product/e2fd447f4fe20642a12ea6602524ab00.256p.jpg,500 - 1500 RPM,14 - 25 dB,Black,280 mm,
Deepcool Castle 360 RGB,https://pcpartpicker.com/product/LnDJ7P/deepcool-castle-360-rgb-6934-cfm-liquid-cpu-cooler-castle360-rgb,/static/forever/img/no-image.png,500 - 1800 RPM,30 dB,Black,360 mm,
Cooler Master Hyper 212 RGB Phantom Gaming Edition,https://pcpartpicker.com/product/LggzK8/cooler-master-hyper-212-rgb-phantom-gaming-edition-573-cfm-cpu-cooler-rr-212s-pgpc-r1,https://cdna.pcpartpicker.com/static/forever/images/product/ea34116517198accfe1794c8c8bd2d0e.256p.jpg,650 - 2000 RPM,8 - 30 dB,Black,,
RAIJINTEK DELOS RBW,https://pcpartpicker.com/product/2Wkj4D/raijintek-delos-rbw-2034-cfm-cpu-cooler-0r10b00096,https://cdna.pcpartpicker.com/static/forever/images/product/af814a1331d07384f2084d1aee98a8bf.256p.jpg,650 - 2000 RPM,22.95 dB,Black,,
Akasa Venom,https://pcpartpicker.com/product/3qCD4D/akasa-venom-8363-cfm-cpu-cooler-ak-ccx-4002hpv2,https://images-eu.ssl-images-amazon.com/images/I/5133jYnEKDL.jpg,600 - 1900 RPM,6.9 - 28.9 dB,Yellow / Black,,
SilentiumPC Navis RGB 280,https://pcpartpicker.com/product/HVMwrH/silentiumpc-navis-rgb-280-liquid-cpu-cooler-spc220,https://cdna.pcpartpicker.com/static/forever/images/product/b9641542525d74886b003212c60c4d6f.256p.jpg,800 - 1800 RPM,,Black,280 mm,
Jonsbo CR-201 HIVES (White),https://pcpartpicker.com/product/LBw7YJ/jonsbo-cr-201-hives-white-40-cfm-cpu-cooler-cr-201whrgb,https://cdna.pcpartpicker.com/static/forever/images/product/5304e7f314efcd2f04b1c32b2a10c7c5.256p.jpg,800 - 1600 RPM,18 - 26.1 dB,White,,
Thermalright ARO-M14O,https://pcpartpicker.com/product/htw7YJ/thermalright-aro-m14o-736-cfm-cpu-cooler-aro-m14o,https://m.media-amazon.com/images/I/51tatvyIonL.jpg,300 - 1300 RPM,15 - 21 dB,Orange / Silver,,
GAMDIAS CHIONE M1A 240R,https://pcpartpicker.com/product/NFc48d/gamdias-chione-m1a-240r-52-cfm-liquid-cpu-cooler-chione-m1a-240r,https://images-eu.ssl-images-amazon.com/images/I/41nwdwcyZ0L.jpg,1200 - 1500 RPM,,Black,240 mm,
Thermalright Macho 120 SBM,https://pcpartpicker.com/product/GTCFf7/thermalright-macho-120-sbm-5581-cfm-cpu-cooler-macho-120-sbm,https://cdna.pcpartpicker.com/static/forever/images/product/b9b38073b350658bc329e3462813481d.256p.jpg,300 - 1300 RPM,21 - 33 dB,Black / White,,
Enermax Liqtech II 280,https://pcpartpicker.com/product/nHCD4D/enermax-liqtech-ii-280-8071-cfm-liquid-cpu-cooler-elc-ltto280-tbp,https://cdna.pcpartpicker.com/static/forever/images/product/1b9ef38f3dbbcbcbd95086009a3b2a42.256p.jpg,500 - 1500 RPM,14 - 25 dB,Black,280 mm,
Silverstone Tundra TD02-SLIM-V2,https://pcpartpicker.com/product/hJndnQ/silverstone-tundra-td02-slim-v2-3585-cfm-liquid-cpu-cooler-sst-td02-slim-v2,https://cdna.pcpartpicker.com/static/forever/images/product/89c82e2793b26b599def6f679ef0f971.256p.jpg,800 - 2200 RPM,16.5 - 27.4 dB,Black / White,240 mm,
Silverstone Tundra SST-TD02-LITE-V2,https://pcpartpicker.com/product/ZJkj4D/silverstone-tundra-sst-td02-lite-v2-925-cfm-liquid-cpu-cooler-sst-td02-lite-v2,https://cdna.pcpartpicker.com/static/forever/images/product/a7bf36022a683182eac227f42ea24546.256p.jpg,1500 - 2500 RPM,18 - 35 dB,Black / White,240 mm,
Silverstone AR01-V2.1,https://pcpartpicker.com/product/W2TPxr/silverstone-ar01-v21-7065-cfm-cpu-cooler-sst-ar01-v21,https://cdna.pcpartpicker.com/static/forever/images/product/aeb2648f3daf7ca1c7732fbefd24db32.256p.jpg,600 - 2200 RPM,15 - 38 dB,Black / White,,
Cooler Master GeminII M5 LED,https://pcpartpicker.com/product/K9ZFf7/cooler-master-geminii-m5-led-5043-cfm-cpu-cooler-geminii-m5-led,/static/forever/img/no-image.png,500 - 1600 RPM,31 dB,Black / Silver,,
upHere CCF150CF,https://pcpartpicker.com/product/Xrwkcf/uphere-ccf150cf-497-cfm-cpu-cooler-ccf150cf-usa,https://m.media-amazon.com/images/I/41jd8KEtR9L.jpg,600 - 1800 RPM,16.1 - 27.7 dB,Black,,
upHere CCF150RD,https://pcpartpicker.com/product/hcyqqs/uphere-ccf150rd-497-cfm-cpu-cooler-ccf150rd-usa,/static/forever/img/no-image.png,600 - 1800 RPM,16.1 - 27.7 dB,Black,,
upHere CCF150BE,https://pcpartpicker.com/product/HMyqqs/uphere-ccf150be-497-cfm-cpu-cooler-ccf150be-usa,/static/forever/img/no-image.png,600 - 1800 RPM,16.1 - 27.7 dB,Black,,
upHere AC12BE,https://pcpartpicker.com/product/FDmFf7/uphere-ac12be-cpu-cooler-ac12be,https://m.media-amazon.com/images/I/51jF8xtfh8L.jpg,600 - 1750 RPM,16.1 - 27.7 dB,Black,,
upHere CC1201 Red,https://pcpartpicker.com/product/PfDkcf/uphere-cc1201-red-497-cfm-liquid-cpu-cooler-newcc1201-usa,https://m.media-amazon.com/images/I/41gnWLRkOkL.jpg,600 - 1700 RPM,16.1 - 27.7 dB,Black / White,120 mm,
upHere CC2401-usa,https://pcpartpicker.com/product/vRCFf7/uphere-cc2401-usa-497-cfm-liquid-cpu-cooler-cc2401-usa,https://m.media-amazon.com/images/I/41DqdWReQiL.jpg,600 - 1700 RPM,16.1 - 27.7 dB,Black,240 mm,
SilentiumPC Navis RGB 360,https://pcpartpicker.com/product/CpRgXL/silentiumpc-navis-rgb-360-liquid-cpu-cooler-spc238,https://m.media-amazon.com/images/I/41fYbBVRzcL.jpg,500 - 1600 RPM,,Black / White,360 mm,
RAIJINTEK Orcus 120 RGW,https://pcpartpicker.com/product/s2wkcf/raijintek-orcus-120-rgw-358-cfm-liquid-cpu-cooler-0r10b00102,https://cdna.pcpartpicker.com/static/forever/images/product/bdbfe687e681f5dd3ae4b05adeecfa89.256p.jpg,400 - 1800 RPM,28 dB,Black,120 mm,
RAIJINTEK Orcus 240 RGW,https://pcpartpicker.com/product/dkrYcf/raijintek-orcus-240-rgw-358-cfm-liquid-cpu-cooler-0r10b00105,https://cdna.pcpartpicker.com/static/forever/images/product/5231e94cc5d0102ab612d6b6807c9270.256p.jpg,400 - 1800 RPM,28 dB,Black,240 mm,
RAIJINTEK Orcus 280 RGW,https://pcpartpicker.com/product/P4VG3C/raijintek-orcus-280-rgw-6519-cfm-liquid-cpu-cooler-0r10b00091,https://cdna.pcpartpicker.com/static/forever/images/product/384841d4c0dde62f5d8921b9ba9e7c1c.256p.jpg,400 - 1800 RPM,28 dB,Black,280 mm,
RAIJINTEK EOS 360 RBW,https://pcpartpicker.com/product/X6bCmG/raijintek-eos-360-rbw-75-cfm-liquid-cpu-cooler-0r10b00181,https://cdna.pcpartpicker.com/static/forever/images/product/300af78b12c734ca00c289d30c3d0b72.256p.jpg,800 - 1800 RPM,28 dB,Black,360 mm,
Apacer ZADAK Spark 240,https://pcpartpicker.com/product/vtPgXL/apacer-zadak-spark-240-4634-cfm-liquid-cpu-cooler-za-spa240aa-r1,https://cdna.pcpartpicker.com/static/forever/images/product/11025420a3a7088aef86599b8c248dd9.256p.jpg,500 - 1800 RPM,18 - 25 dB,Black,240 mm,
Apacer ZADAK Spark Lite 240,https://pcpartpicker.com/product/XzqBD3/apacer-zadak-spark-lite-240-6097-cfm-liquid-cpu-cooler-za-spl240ab-r1,https://m.media-amazon.com/images/I/41-ay38qwhL.jpg,800 - 2200 RPM,,Black,240 mm,
CRYORIG R5,https://pcpartpicker.com/product/M2tKHx/cryorig-r5-76-cfm-cpu-cooler-cr-r5,/static/forever/img/no-image.png,700 - 1300 RPM,19 - 23 dB,Black,,
Thermalright Silver Arrow 130,https://pcpartpicker.com/product/QNfFf7/thermalright-silver-arrow-130-8497-cfm-cpu-cooler-silver-arrow-130,https://m.media-amazon.com/images/I/51+rw1iB+7L.jpg,600 - 1500 RPM,19 - 23 dB,Silver,,
ID-COOLING IS-60 EVO ARGB,https://pcpartpicker.com/product/NhDkcf/id-cooling-is-60-evo-argb-546-cfm-cpu-cooler-is-60-evo-argb,/static/forever/img/no-image.png,500 - 2000 RPM,13.8 - 31.2 dB,Black / Silver,,
Enermax AQUAFUSION,https://pcpartpicker.com/product/cF7p99/enermax-aquafusion-798-cfm-liquid-cpu-cooler-elc-aqf240-sqa-w,https://cdna.pcpartpicker.com/static/forever/images/product/9bc8566c62247856e6ea79d7d89a8868.256p.jpg,500 - 2000 RPM,17 - 32.6 dB,White,240 mm,
Cougar AQUA,https://pcpartpicker.com/product/FH8bt6/cougar-aqua-7064-cfm-liquid-cpu-cooler-aqua-280,https://cdna.pcpartpicker.com/static/forever/images/product/360ef36a9618064dad792f182d6beb3b.256p.jpg,600 - 1600 RPM,34 dB,Black,280 mm,
Iceberg Thermal IceSLEET G3,https://pcpartpicker.com/product/XVC48d/iceberg-thermal-icesleet-g3-50-cfm-cpu-cooler-icesleetg3-dgg-00a,https://cdna.pcpartpicker.com/static/forever/images/product/8feb86bd17f8ef727e63c377486d6c90.256p.jpg,600 - 1200 RPM,20.5 dB,Black / Gray,,
Iceberg Thermal IceSLEET G4 Silent,https://pcpartpicker.com/product/hvmmP6/iceberg-thermal-icesleet-g4-silent-50-cfm-cpu-cooler-icesleetg4-bdd-00a,https://cdna.pcpartpicker.com/static/forever/images/product/0da681596e194b9df4cd8e43dfefc337.256p.jpg,600 - 1200 RPM,20.5 dB,Black / Gray,,
Iceberg Thermal IceSLEET G4 OC,https://pcpartpicker.com/product/Hq7G3C/iceberg-thermal-icesleet-g4-oc-585-cfm-cpu-cooler-icesleetg4oc-tgg-00a,https://cdna.pcpartpicker.com/static/forever/images/product/1649c5a6cef7be4845ae3296d07feaa9.256p.jpg,600 - 1400 RPM,22.5 dB,Teal / Silver,,
GAMDIAS CHIONE E2,https://pcpartpicker.com/product/y7Z9TW/gamdias-chione-e2-4816-cfm-liquid-cpu-cooler-chione-e2-120-lite-2,/static/forever/img/no-image.png,1200 - 2400 RPM,,Black,120 mm,
GAMDIAS CHIONE M1,https://pcpartpicker.com/product/dcmmP6/gamdias-chione-m1-66-cfm-liquid-cpu-cooler-chione-m1a-280r,https://m.media-amazon.com/images/I/41+O2ZtR0xL.jpg,600 - 1200 RPM,,Black,280 mm,
GAMDIAS CHIONE M2,https://pcpartpicker.com/product/PNWzK8/gamdias-chione-m2-69-cfm-liquid-cpu-cooler-chione-m2-240-lite,https://m.media-amazon.com/images/I/41OWVX0PXdL.jpg,1800 RPM,,Black,240 mm,
Thermalright AXP-90i,https://pcpartpicker.com/product/2WqPxr/thermalright-axp-90i-4258-cfm-cpu-cooler-axp-90i,https://cdna.pcpartpicker.com/static/forever/images/product/9e8c38355355bf91248b36f1694d55e0.256p.jpg,2700 RPM,22.4 dB,Gray,,
Thermalright Macho Rev.C Plus,https://pcpartpicker.com/product/9nzhP6/thermalright-macho-revc-plus-736-cfm-cpu-cooler-macho-revc-plus,/static/forever/img/no-image.png,300 - 1300 RPM,15 - 21 dB,Silver / Black,,
Thermaltake TOUGHLIQUID ARGB,https://pcpartpicker.com/product/TWFbt6/thermaltake-toughliquid-argb-1191-cfm-liquid-cpu-cooler-cl-w320-pl14bl-a,https://cdna.pcpartpicker.com/static/forever/images/product/13147c79dfaf23ff98b205eb1ef6ff4d.256p.jpg,500 - 2000 RPM,33.2 dB,Black,280 mm,
ID-COOLING ICEFLOW ARGB,https://pcpartpicker.com/product/VbbTwP/id-cooling-iceflow-argb-565-cfm-liquid-cpu-cooler-iceflow-240-argb-white,/static/forever/img/no-image.png,900 - 2000 RPM,16 - 31.5 dB,White,240 mm,
ID-COOLING DK-03 RGB PWM,https://pcpartpicker.com/product/QqjBD3/id-cooling-dk-03-rgb-pwm-584-cfm-cpu-cooler-dk-03-rgb-pwm,https://cdna.pcpartpicker.com/static/forever/images/product/f217f5f5677e063fbd481cf32c1fd896.256p.jpg,800 - 1600 RPM,16 - 20.2 dB,,,
ID-COOLING IS-40X V2,https://pcpartpicker.com/product/p8D7YJ/id-cooling-is-40x-v2-46-cfm-cpu-cooler-is-40x-v2,https://cdna.pcpartpicker.com/static/forever/images/product/c1dee45eea208aaf333365c5b7f3f9e1.256p.jpg,800 - 2800 RPM,14 - 35.2 dB,,,
ID-COOLING IS-50 MAX RGB,https://pcpartpicker.com/product/HBkWGX/id-cooling-is-50-max-rgb-565-cfm-cpu-cooler-is-50-max-rgb,https://cdna.pcpartpicker.com/static/forever/images/product/a94f522774a28ff1d994c234b3e985ed.256p.jpg,900 - 2000 RPM,16 - 31.5 dB,,,
ID-COOLING SE-913-R,https://pcpartpicker.com/product/n7QcCJ/id-cooling-se-913-r-385-cfm-cpu-cooler-se-913-r,https://cdna.pcpartpicker.com/static/forever/images/product/07dae76f5af96ae89ff2079e99e13314.256p.jpg,600 - 2200 RPM,23.8 dB,,,
ID-COOLING SE-913-B,https://pcpartpicker.com/product/NqjBD3/id-cooling-se-913-b-385-cfm-cpu-cooler-se-913-b,https://cdna.pcpartpicker.com/static/forever/images/product/c108d90d5871bc130da4e2395a20c752.256p.jpg,600 - 2200 RPM,23.8 dB,,,
ID-COOLING SE-904TWIN,https://pcpartpicker.com/product/4nxRsY/id-cooling-se-904twin-385-cfm-cpu-cooler-se-904twin,https://cdna.pcpartpicker.com/static/forever/images/product/4003ab7939e5632e6ef09168d1a6dbe3.256p.jpg,600 - 2200 RPM,14 - 23.8 dB,,,
ID-COOLING SE-207-TRX BLACK,https://pcpartpicker.com/product/dXD7YJ/id-cooling-se-207-trx-black-7616-cfm-cpu-cooler-se-207-trx-black,https://cdna.pcpartpicker.com/static/forever/images/product/630f45b065bba1f48d8a793ef188404c.256p.jpg,700 - 1800 RPM,15.2 - 35.2 dB,,,
ID-COOLING SE-224-XT BLACK V2,https://pcpartpicker.com/product/pG92FT/id-cooling-se-224-xt-black-v2-7616-cfm-cpu-cooler-se-224-xt-black-v2,https://cdna.pcpartpicker.com/static/forever/images/product/4dd6c29de9d5ec5a58ddd265f6e17cfc.256p.jpg,700 - 1800 RPM,15.2 - 35.2 dB,,,
ID-COOLING SE-214V3,https://pcpartpicker.com/product/WbbTwP/id-cooling-se-214v3-712-cfm-cpu-cooler-se-214v3,https://cdna.pcpartpicker.com/static/forever/images/product/8be85981e4024a5132466e020866d738.256p.jpg,600 - 2200 RPM,14 - 35 dB,,,
ID-COOLING SE-213V3-R,https://pcpartpicker.com/product/BZNxFT/id-cooling-se-213v3-r-56-cfm-cpu-cooler-se-213v3-r,https://cdna.pcpartpicker.com/static/forever/images/product/1012c2034a7353e284d69035ead23ab9.256p.jpg,500 - 1600 RPM,16 - 20.2 dB,,,
ID-COOLING SE-213V3-B,https://pcpartpicker.com/product/TCH7YJ/id-cooling-se-213v3-b-56-cfm-cpu-cooler-se-213v3-b,https://cdna.pcpartpicker.com/static/forever/images/product/590f3fdd142c56d0e72ba3d14b9d796f.256p.jpg,500 - 1600 RPM,16 - 20.2 dB,,,
ID-COOLING SE-213V2-B Lite,https://pcpartpicker.com/product/YHC48d/id-cooling-se-213v2-b-lite-584-cfm-cpu-cooler-se-213v2-b-lite,https://cdna.pcpartpicker.com/static/forever/images/product/706b8a3ee84ea920c501ddab47963f74.256p.jpg,1600 RPM,26.4 dB,,,
ID-COOLING SE-213V2,https://pcpartpicker.com/product/ZfQcCJ/id-cooling-se-213v2-56-cfm-cpu-cooler-se-213v2,https://cdna.pcpartpicker.com/static/forever/images/product/1e93a2bec8de786c475133651b72c8fe.256p.jpg,800 - 1600 RPM,16 - 20.2 dB,,,
ID-COOLING SE-224-XT-B,https://pcpartpicker.com/product/gwddnQ/id-cooling-se-224-xt-b-7616-cfm-cpu-cooler-se-224-xt-b,https://cdna.pcpartpicker.com/static/forever/images/product/87957ee4ec417331b1c13db76e04f06b.256p.jpg,700 - 1800 RPM,15.2 - 32.5 dB,,,
ID-COOLING SE-903-B V2,https://pcpartpicker.com/product/Gc8bt6/id-cooling-se-903-b-v2-3744-cfm-cpu-cooler-se-903-b-v2,https://cdna.pcpartpicker.com/static/forever/images/product/49e350717d477825367aea6742a283e2.256p.jpg,2000 RPM,23.1 dB,,,
ID-COOLING HUNTER VC-3D,https://pcpartpicker.com/product/rrNxFT/id-cooling-hunter-vc-3d-768-cfm-cpu-cooler-hunter-vc-3d,https://cdna.pcpartpicker.com/static/forever/images/product/e3457aaf3829b32204cfd678c1246f47.256p.jpg,800 - 1600 RPM,16.8 - 32.6 dB,,,
ID-COOLING HUNTER VC-TWIN,https://pcpartpicker.com/product/2VkWGX/id-cooling-hunter-vc-twin-607-cfm-cpu-cooler-hunter-vc-twin,https://cdna.pcpartpicker.com/static/forever/images/product/25061ce2ad28ea703f9e6a59d29695ff.256p.jpg,800 - 1800 RPM,16.2 - 29.2 dB,,,
ID-COOLING DASHFLOW 360,https://pcpartpicker.com/product/pbmmP6/id-cooling-dashflow-360-565-cfm-liquid-cpu-cooler-dashflow-360,https://cdna.pcpartpicker.com/static/forever/images/product/120c69d58af1b79e2421d07bfa6a40ff.256p.jpg,900 - 2000 RPM,16 - 31.5 dB,Black,360 mm,
ID-COOLING DASHFLOW 240,https://pcpartpicker.com/product/hqC48d/id-cooling-dashflow-240-565-cfm-liquid-cpu-cooler-dashflow-240,https://cdna.pcpartpicker.com/static/forever/images/product/40a6616146623e382359f66344c39956.256p.jpg,900 - 2000 RPM,16 - 31.5 dB,Black,240 mm,
ID-COOLING AURAFLOW X 240 TGA,https://pcpartpicker.com/product/Cy6p99/id-cooling-auraflow-x-240-tga-565-cfm-liquid-cpu-cooler-auraflow-x-240-tga,https://cdna.pcpartpicker.com/static/forever/images/product/d3c8a7dc73c89b933e620c47dbd5353f.256p.jpg,900 - 2000 RPM,16 - 31.5 dB,Black,240 mm,
In Win Nebula NR24,https://pcpartpicker.com/product/TYvdnQ/in-win-nebula-nr24-8296-cfm-liquid-cpu-cooler-iw-lc-nr24,/static/forever/img/no-image.png,400 - 1800 RPM,25 dB,Black / White,240 mm,
In Win BR24,https://pcpartpicker.com/product/ZJJgXL/in-win-br24-8296-cfm-liquid-cpu-cooler-iw-lc-br24,https://m.media-amazon.com/images/I/419juPp0RYS.jpg,400 - 1800 RPM,35.5 dB,Black / White,240 mm,129.86
Cooler Master GeminII M5 LED,https://pcpartpicker.com/product/gnbTwP/cooler-master-geminii-m5-led-5043-cfm-cpu-cooler-rr-t520-16pk,https://m.media-amazon.com/images/I/41TYJ-e70LL.jpg,500 - 1600 RPM,31 dB,,,
Cooler Master GeminII M4,https://pcpartpicker.com/product/qHXJ7P/cooler-master-geminii-m4-584-cfm-cpu-cooler-rr-gmm4-16pk-r1,/static/forever/img/no-image.png,500 - 1600 RPM,8 - 30 dB,,,
Cooler Master Vortex 211P,https://pcpartpicker.com/product/KqGbt6/cooler-master-vortex-211p-383-cfm-cpu-cooler-rr-v211-22fk-r1,/static/forever/img/no-image.png,2200 RPM,,,,
Cooler Master Vortex 211Q,https://pcpartpicker.com/product/QdBG3C/cooler-master-vortex-211q-275-cfm-cpu-cooler-rr-v211-15fk-r1,https://m.media-amazon.com/images/I/31vdF+CLs6L.jpg,1500 RPM,,,,
Cooler Master X Dream L115,https://pcpartpicker.com/product/FPPQzy/cooler-master-x-dream-l115-2298-cfm-cpu-cooler-rr-x115-22fk-r1,/static/forever/img/no-image.png,2200 RPM,,,,
Jonsbo HX6210,https://pcpartpicker.com/product/XRkH99/jonsbo-hx6210-4552-cfm-cpu-cooler-hx6210-black,/static/forever/img/no-image.png,800 - 2300 RPM,20 - 31.6 dB,Black,,
Jonsbo HX6210,https://pcpartpicker.com/product/h7TZxr/jonsbo-hx6210-4552-cfm-cpu-cooler-hx6210-white,/static/forever/img/no-image.png,800 - 2300 RPM,20 - 31.6 dB,White,,
TEAMGROUP SIREN GD240E,https://pcpartpicker.com/product/QsH7YJ/teamgroup-siren-gd240e-9397-cfm-liquid-cpu-cooler-tb120502,https://cdna.pcpartpicker.com/static/forever/images/product/1d5001b21c2e4393f23687ba97cf1717.256p.jpg,600 - 2200 RPM,14.3 - 35.6 dB,Black,240 mm,
Noua Siberus TR360,https://pcpartpicker.com/product/DnpQzy/noua-siberus-tr360-75-cfm-liquid-cpu-cooler-lc0320-tr360,https://m.media-amazon.com/images/I/516972gb9FL.jpg,800 - 1800 RPM,25 - 32 dB,Black,360 mm,
Noua Siberus TR120,https://pcpartpicker.com/product/Pv4Zxr/noua-siberus-tr120-70-cfm-liquid-cpu-cooler-lc0320-tr120,/static/forever/img/no-image.png,800 - 1800 RPM,18 - 30 dB,Black,120 mm,
Noua Siberus TR241,https://pcpartpicker.com/product/pDjRsY/noua-siberus-tr241-75-cfm-liquid-cpu-cooler-lc0320-tr241,https://m.media-amazon.com/images/I/41uFQHtHSiL.jpg,800 - 1800 RPM,25 - 32 dB,White,240 mm,
Noua Sub-Zero AT240,https://pcpartpicker.com/product/tkfxFT/noua-sub-zero-at240-615-cfm-liquid-cpu-cooler-lc0320-at240,https://m.media-amazon.com/images/I/41s7b++HmuL.jpg,800 - 2000 RPM,31 dB,Black,240 mm,
Noua Arcade,https://pcpartpicker.com/product/KnpQzy/noua-arcade-6247-cfm-cpu-cooler-ac0619-arc21,https://m.media-amazon.com/images/I/41Xa8JSLnHL.jpg,700 - 1800 RPM,37.1 dB,Black,,
Noua Blizzard,https://pcpartpicker.com/product/QwYRsY/noua-blizzard-466-cfm-cpu-cooler-ac0619-bli21,https://cdna.pcpartpicker.com/static/forever/images/product/545d699c3333aab7f0849a7f8929e5eb.256p.jpg,2200 RPM,23.4 dB,Silver / Black,,
Noua Disturbia,https://pcpartpicker.com/product/FYdG3C/noua-disturbia-685-cfm-cpu-cooler-ac0619-dis19,https://cdna.pcpartpicker.com/static/forever/images/product/ea367cb47c953ac5a674287518b8281c.256p.jpg,800 - 1600 RPM,37.8 dB,Black / Silver,,
Noua Ena,https://pcpartpicker.com/product/3spQzy/noua-ena-7359-cfm-cpu-cooler-ac0322-ena23,https://m.media-amazon.com/images/I/41rtQRFISqL.jpg,800 - 1800 RPM,28 dB,Black / Silver,,
Noua Numb,https://pcpartpicker.com/product/76QKHx/noua-numb-68-cfm-cpu-cooler-ac0619-num14,https://m.media-amazon.com/images/I/41BsPjVuqAL.jpg,800 - 1600 RPM,29 dB,Black,,
Noua Numb,https://pcpartpicker.com/product/m74Zxr/noua-numb-68-cfm-cpu-cooler-ac0619-num13,https://cdna.pcpartpicker.com/static/forever/images/product/0291cfe82eca875fa949e2d8400df90a.256p.jpg,800 - 1600 RPM,29 dB,White,,
Noua Vex,https://pcpartpicker.com/product/8xgrxr/noua-vex-cpu-cooler-ac0322-vex22,https://m.media-amazon.com/images/I/41gBnTL5GzL.jpg,1500 RPM,,Black / Silver,,
Inter-Tech ALSEYE X240,https://pcpartpicker.com/product/xh7scf/inter-tech-alseye-x240-563-cfm-liquid-cpu-cooler-88885494,https://m.media-amazon.com/images/I/41iRRxXP6iL.jpg,1600 RPM,35.6 dB,Gray / Black,240 mm,
Deepcool LE320,https://pcpartpicker.com/product/tPzXsY/deepcool-le320-8585-cfm-liquid-cpu-cooler-r-le320-bkammn-g-1,/static/forever/img/no-image.png,500 - 2250 RPM,32.9 dB,Black,120 mm,
Thermalright Frozen Fusion ARGB,https://pcpartpicker.com/product/qHqrxr/thermalright-frozen-fusion-argb-69-cfm-liquid-cpu-cooler-frozen-fusion-black-360-argb,/static/forever/img/no-image.png,2150 RPM,28.1 dB,Black,360 mm,
ID-COOLING DK-07A RAINBOW,https://pcpartpicker.com/product/LVfxFT/id-cooling-dk-07a-rainbow-615-cfm-cpu-cooler-dk-07a-rainbow,https://cdna.pcpartpicker.com/static/forever/images/product/b7455948780410c731d3f6cbd78b4eca.256p.jpg,500 - 1800 RPM,14.2 - 25.6 dB,Black,,
Valkyrie VIND SL125,https://pcpartpicker.com/product/sLYRsY/valkyrie-vind-sl125-80-cfm-cpu-cooler-vk-sl125-loki,/static/forever/img/no-image.png,800 - 2150 RPM,29 dB,Black / Red,,
Geometric Future Eskimo Junior 24,https://pcpartpicker.com/product/GvcgXL/geometric-future-eskimo-junior-24-6911-cfm-liquid-cpu-cooler-geo-ej-24w,/static/forever/img/no-image.png,2000 RPM,29 dB,White,240 mm,
Enermax AQUAFUSION ADV,https://pcpartpicker.com/product/3N7scf/enermax-aquafusion-adv-798-cfm-liquid-cpu-cooler-elc-aqfa360-sqa-w,https://m.media-amazon.com/images/I/413ufc1KmdL.jpg,500 - 2000 RPM,15 - 32.6 dB,White,360 mm,
Deepcool CASTLE R,https://pcpartpicker.com/product/brC48d/deepcool-castle-r-664-cfm-liquid-cpu-cooler-dp-gs-h12-csl240r,/static/forever/img/no-image.png,500 - 1800 RPM,32 dB,Black,240 mm,
In Win SR24 PRO,https://pcpartpicker.com/product/TWLdnQ/in-win-sr24-pro-1015-cfm-liquid-cpu-cooler-iw-lc-sr24pro,/static/forever/img/no-image.png,500 - 2500 RPM,23 dB,Black,240 mm,
SilentiumPC Navis Pro 120,https://pcpartpicker.com/product/bfcgXL/silentiumpc-navis-pro-120-liquid-cpu-cooler-spc157,/static/forever/img/no-image.png,800 - 2300 RPM,,Black,120 mm,
ID-COOLING DASHFLOW XT LITE,https://pcpartpicker.com/product/zVQKHx/id-cooling-dashflow-xt-lite-7825-cfm-liquid-cpu-cooler-dashflow-360-xt-lite-white,/static/forever/img/no-image.png,500 - 2000 RPM,29.85 dB,White,360 mm,
ID-COOLING FX120,https://pcpartpicker.com/product/QWTZxr/id-cooling-fx120-7616-cfm-liquid-cpu-cooler-fx120,/static/forever/img/no-image.png,500 - 1800 RPM,35.2 dB,Black,120 mm,
ID-COOLING FX240,https://pcpartpicker.com/product/FDdG3C/id-cooling-fx240-7616-cfm-liquid-cpu-cooler-fx240,/static/forever/img/no-image.png,700 - 1800 RPM,35.2 dB,Black,240 mm,
ID-COOLING IS-50 MAX RGB V3,https://pcpartpicker.com/product/LRXV3C/id-cooling-is-50-max-rgb-v3-565-cfm-cpu-cooler-is-50-max-rgb-v3,https://m.media-amazon.com/images/I/41U5EBDSjxL.jpg,900 - 2000 RPM,31.2 dB,Black / Silver,,
ID-COOLING ZOOMFLOW XT ELITE,https://pcpartpicker.com/product/kQ26Mp/id-cooling-zoomflow-xt-elite-565-cfm-liquid-cpu-cooler-zoomflow-240-xt-elite,/static/forever/img/no-image.png,900 - 2000 RPM,16.2 - 31.5 dB,Black,240 mm,
ID-COOLING ZOOMFLOW XT V2,https://pcpartpicker.com/product/rbQKHx/id-cooling-zoomflow-xt-v2-825-cfm-liquid-cpu-cooler-zoomflow-240-xt-v2,/static/forever/img/no-image.png,500 - 1800 RPM,13.8 - 35.2 dB,Black,240 mm,
ID-COOLING SE-206-XT ARGB,https://pcpartpicker.com/product/kBpQzy/id-cooling-se-206-xt-argb-7616-cfm-cpu-cooler-se-206-xt-argb,/static/forever/img/no-image.png,700 - 1800 RPM,35.2 dB,Black,,
ID-COOLING SE-206-XT,https://pcpartpicker.com/product/2ctLrH/id-cooling-se-206-xt-7616-cfm-cpu-cooler-se-206-xt-black,/static/forever/img/no-image.png,700 - 1800 RPM,35.2 dB,Black,,
ID-COOLING SE-213X-R,https://pcpartpicker.com/product/dVQKHx/id-cooling-se-213x-r-615-cfm-cpu-cooler-se-213x-r,/static/forever/img/no-image.png,500 - 1800 RPM,28 dB,Black / Red,,
ID-COOLING SE-214-XT HAFF,https://pcpartpicker.com/product/73QKHx/id-cooling-se-214-xt-haff-682-cfm-cpu-cooler-se-214-xt-haff,/static/forever/img/no-image.png,800 - 1500 RPM,30.5 dB,Black,,
ID-COOLING SE-903-XT,https://pcpartpicker.com/product/XrBzK8/id-cooling-se-903-xt-458-cfm-cpu-cooler-se-903-xt-white,https://cdna.pcpartpicker.com/static/forever/images/product/a411dabc8dac09de8b734cbfd3a23eaa.256p.jpg,500 - 2200 RPM,25.8 dB,White,,
Deepcool AG620 Digital ARGB,https://pcpartpicker.com/product/zF6NnQ/deepcool-ag620-digital-argb-6788-cfm-cpu-cooler-r-ag620-whadmn-g-2,/static/forever/img/no-image.png,300 - 1950 RPM,29.4 dB,White,,
Vetroo R240,https://pcpartpicker.com/product/BrVfrH/vetroo-r240-liquid-cpu-cooler-vt-aio-r240-bk,/static/forever/img/no-image.png,,,Black,240 mm,
Vetroo R240,https://pcpartpicker.com/product/TrVfrH/vetroo-r240-liquid-cpu-cooler-vt-aio-r240-wt,/static/forever/img/no-image.png,,,White,240 mm,
iTek Hydro Cube,https://pcpartpicker.com/product/8Fm2FT/itek-hydro-cube-6554-cfm-liquid-cpu-cooler-itlchca240w,https://m.media-amazon.com/images/I/31s+REIWaIL.jpg,2000 RPM,31.6 dB,White,240 mm,
upHere UP1KC4C,https://pcpartpicker.com/product/ZM62FT/uphere-up1kc4c-682-cfm-cpu-cooler-up1kc4c,/static/forever/img/no-image.png,600 - 1650 RPM,25 dB,Black,,
upHere UP1KC6,https://pcpartpicker.com/product/NM62FT/uphere-up1kc6-682-cfm-cpu-cooler-up1kc6,/static/forever/img/no-image.png,600 - 1650 RPM,25 dB,Black,,
upHere UP1T6,https://pcpartpicker.com/product/G8XMnQ/uphere-up1t6-682-cfm-cpu-cooler-up1t6,/static/forever/img/no-image.png,600 - 1650 RPM,25 dB,White,,
upHere UP1TC6,https://pcpartpicker.com/product/MhBFf7/uphere-up1tc6-682-cfm-cpu-cooler-up1tc6,/static/forever/img/no-image.png,600 - 1650 RPM,25 dB,White,,
upHere UP1TC6C,https://pcpartpicker.com/product/wB4Pxr/uphere-up1tc6c-682-cfm-cpu-cooler-up1tc6c,/static/forever/img/no-image.png,600 - 1650 RPM,25 dB,White,,
upHere UP2KC6C,https://pcpartpicker.com/product/cXFCmG/uphere-up2kc6c-682-cfm-cpu-cooler-up2kc6c,/static/forever/img/no-image.png,600 - 1650 RPM,25 dB,Black,,
upHere UP2T6,https://pcpartpicker.com/product/s2TFf7/uphere-up2t6-682-cfm-cpu-cooler-up2t6,/static/forever/img/no-image.png,600 - 1650 RPM,25 dB,White,,
upHere UP2TC6C,https://pcpartpicker.com/product/dk8Pxr/uphere-up2tc6c-682-cfm-cpu-cooler-up2tc6c,/static/forever/img/no-image.png,600 - 1650 RPM,25 dB,White,,
upHere UP2KC8C,https://pcpartpicker.com/product/vM62FT/uphere-up2kc8c-682-cfm-cpu-cooler-up2kc8c,/static/forever/img/no-image.png,600 - 1650 RPM,25 dB,Black,,
upHere UP2TC8C,https://pcpartpicker.com/product/HHrp99/uphere-up2tc8c-682-cfm-cpu-cooler-up2tc8c,/static/forever/img/no-image.png,600 - 1650 RPM,25 dB,White,,
upHere E240TC,https://pcpartpicker.com/product/z4G2FT/uphere-e240tc-71-cfm-liquid-cpu-cooler-e240tc,/static/forever/img/no-image.png,600 - 1800 RPM,27 dB,White,240 mm,
Inter-Tech ALSEYE Star Warriors W700,https://pcpartpicker.com/product/CGMXsY/inter-tech-alseye-star-warriors-w700-9329-cfm-cpu-cooler-star-warriors-w700-black,/static/forever/img/no-image.png,900 - 3000 RPM,45 dB,Black,,
Inter-Tech ALSEYE Star Warriors W700,https://pcpartpicker.com/product/cJXMnQ/inter-tech-alseye-star-warriors-w700-9329-cfm-cpu-cooler-star-warriors-w700-white,/static/forever/img/no-image.png,900 - 3000 RPM,45 dB,White,,
LevelPlay Combat Liquid 240 SE,https://pcpartpicker.com/product/cKDnTW/levelplay-combat-liquid-240-se-liquid-cpu-cooler-krw-s12nn-20apn-gn1,/static/forever/img/no-image.png,800 - 2000 RPM,6 - 35 dB,Black,240 mm,
LevelPlay Combat Liquid 240 SE,https://pcpartpicker.com/product/sNwD4D/levelplay-combat-liquid-240-se-liquid-cpu-cooler-krw-s12nn-20apn-gw1,/static/forever/img/no-image.png,800 - 2000 RPM,6 - 35 dB,White,240 mm,
