Name,URL,Image,Tracking Method,Connection Type,Maximum DPI,Hand Orientation,Color,Price
Logitech G305 LIGHTSPEED,https://pcpartpicker.com/product/Yrw7YJ/logitech-g305-lightspeed-wirelesswired-optical-mouse-910-005280,https://cdna.pcpartpicker.com/static/forever/images/product/0041ec7f09c5b96850347e2254991f73.256p.jpg,Optical,"Wired, Wireless",12000,Right,Black,26.99
Logitech G502 Hero,https://pcpartpicker.com/product/7RbwrH/logitech-g502-hero-wired-optical-mouse-910-005469,https://cdna.pcpartpicker.com/static/forever/images/product/125c1da538a8704be799ef12a506e177.256p.jpg,Optical,Wired,25600,Right,Black,35.99
Logitech PRO X Superlight 2,https://pcpartpicker.com/product/QzHqqs/logitech-pro-x-superlight-2-wirelesswired-optical-mouse-910-006628,https://cdna.pcpartpicker.com/static/forever/images/product/8bd4ec52b9e7e8664ea7573dccccc0c4.256p.jpg,Optical,"Wired, Wireless",32000,Right,Black,129.99
Razer Basilisk V3,https://pcpartpicker.com/product/NQBG3C/razer-basilisk-v3-wired-optical-mouse-rz01-04000100-r3u1,https://cdna.pcpartpicker.com/static/forever/images/product/d662cc7b90e3fd45502f7c77d9b54269.256p.jpg,Optical,Wired,26000,Right,Black,36.95
Logitech G305 LIGHTSPEED,https://pcpartpicker.com/product/4CMwrH/logitech-g305-lightspeed-wirelesswired-optical-mouse-910-005289,https://cdna.pcpartpicker.com/static/forever/images/product/e5ae54669b6dc857c4d03a26e70ed9d5.256p.jpg,Optical,"Wired, Wireless",12000,Right,White,29.99
Logitech PRO X2 SUPERSTRIKE,https://pcpartpicker.com/product/tYZWGX/logitech-pro-x2-superstrike-wirelesswired-optical-mouse-910-007700,https://cdna.pcpartpicker.com/static/forever/images/product/eeb57a9b46ded9924512a55a6c76c27b.256p.jpg,Optical,"Wired, Wireless",44000,Right,White / Black,
Logitech TrackMan,https://pcpartpicker.com/product/KGCwrH/logitech-mouse-9043690403,https://m.media-amazon.com/images/I/417jvRpyYJL.jpg,Trackball,Wireless,,Right,Black / Silver,349.45
Razer Viper V3 Pro,https://pcpartpicker.com/product/sDgrxr/razer-viper-v3-pro-wirelesswired-optical-mouse-rz01-05120100-r3u1,https://cdna.pcpartpicker.com/static/forever/images/product/25eb6d79d56298ee00645faac8d6aff1.256p.jpg,Optical,"Wired, Wireless",35000,Right,Black,119.99
Logitech G Pro X Superlight,https://pcpartpicker.com/product/yY4BD3/logitech-g-pro-x-superlight-wireless-optical-mouse-910-005878,https://cdna.pcpartpicker.com/static/forever/images/product/575c76df1ce4d5588c5749e289515e4c.256p.jpg,Optical,Wireless,25400,Right,Black,102.98
Lenovo GX30M39704 300,https://pcpartpicker.com/product/ZPm323/lenovo-gx30m39704-300-wired-laser-mouse-gx30m39704,https://cdna.pcpartpicker.com/static/forever/images/product/9f6b69ae376d3d89ec24b134f9a08a9b.256p.jpg,Laser,Wired,,Both,Black / Orange,6.49
Logitech PRO X Superlight 2,https://pcpartpicker.com/product/FTjRsY/logitech-pro-x-superlight-2-wirelesswired-optical-mouse-910-006636,https://cdna.pcpartpicker.com/static/forever/images/product/933d216894f55f4ed992d28e54829810.256p.jpg,Optical,"Wired, Wireless",32000,Right,White,129.99
Logitech G502 LIGHTSPEED,https://pcpartpicker.com/product/t9x2FT/logitech-g502-lightspeed-wireless-optical-mouse-910-005565,https://cdna.pcpartpicker.com/static/forever/images/product/688ab5cb5e71622cfe889c082d784cdb.256p.jpg,Optical,Wireless,25600,Right,Black,89.99
Asus ROG Harpe Ace Extreme,https://pcpartpicker.com/product/qtV2FT/asus-rog-harpe-ace-extreme-wiredbluetoothwireless-optical-mouse-rog-harpe-ace-extreme,https://cdna.pcpartpicker.com/static/forever/images/product/e97b771577f100e48dec340162528ae3.256p.jpg,Optical,"Wired, Wireless, Bluetooth Wireless",42000,Right,Black,261.45
Logitech G502 X Plus,https://pcpartpicker.com/product/J86p99/logitech-g502-x-plus-wirelesswired-optical-mouse-910-006160,https://cdna.pcpartpicker.com/static/forever/images/product/9cfeaf467cdc4fb77c735a6f491aba6b.256p.jpg,Optical,"Wired, Wireless",25600,Right,Black,145.99
Logitech B100,https://pcpartpicker.com/product/JGCwrH/logitech-mouse-910001439,https://m.media-amazon.com/images/I/31iFF1KbkpL.jpg,Optical,Wired,800,,Black,7.99
Razer DeathAdder Essential,https://pcpartpicker.com/product/RBKKHx/razer-deathadder-essential-wired-optical-mouse-rz01-03850100-r3u1,https://cdna.pcpartpicker.com/static/forever/images/product/d6fd43322f07dedde7c5c3d9e53706d1.256p.jpg,Optical,Wired,6400,Right,Black / Green,20.96
Logitech G502 X Plus,https://pcpartpicker.com/product/FRZ9TW/logitech-g502-x-plus-wirelesswired-optical-mouse-910-006169,https://cdna.pcpartpicker.com/static/forever/images/product/a15cd9289e318eba9b6dae3658c4c1b6.256p.jpg,Optical,"Wired, Wireless",25600,Right,White,159.99
Razer Basilisk V3 Pro,https://pcpartpicker.com/product/HyJgXL/razer-basilisk-v3-pro-wiredbluetoothwireless-optical-mouse-rz01-04620100-r3u1,https://cdna.pcpartpicker.com/static/forever/images/product/b5ae883a17a1d332780a63f64f8df4b0.256p.jpg,Optical,"Wired, Wireless, Bluetooth Wireless",30000,Right,Black,89.00
Razer DeathAdder V4 Pro,https://pcpartpicker.com/product/CpnXsY/razer-deathadder-v4-pro-wirelesswired-optical-mouse-rz01-05330100-r3u1,https://cdna.pcpartpicker.com/static/forever/images/product/88e9e7d1c7dd5c517fd31999b5abc5f2.256p.jpg,Optical,"Wired, Wireless",45000,Right,Black,169.99
Logitech G700s,https://pcpartpicker.com/product/29V48d/logitech-mouse-910003584,https://m.media-amazon.com/images/I/41-wVvikRuL.jpg,Laser,Wireless,8200,Right,Black,499.99
Logitech G Pro,https://pcpartpicker.com/product/vJ448d/logitech-g-pro-wirelesswired-optical-mouse-910-005270,https://cdna.pcpartpicker.com/static/forever/images/product/800bb5629053de7c02501a11b4e0f87d.256p.jpg,Optical,"Wired, Wireless",25600,Both,Black,89.97
Razer Viper V3 Pro,https://pcpartpicker.com/product/yYFmP6/razer-viper-v3-pro-wirelesswired-optical-mouse-rz01-05120200-r3u1,https://cdna.pcpartpicker.com/static/forever/images/product/95beff2e5567815a69d76d72cb4e956e.256p.jpg,Optical,"Wired, Wireless",35000,Right,White,119.99
Logitech G303 Daedalus Apex,https://pcpartpicker.com/product/wwPzK8/logitech-mouse-910004380,https://m.media-amazon.com/images/I/41EaCtcC7oL.jpg,Optical,Wired,12000,Right,Black / Orange,375.00
Logitech G203 Lightsync,https://pcpartpicker.com/product/TzQfrH/logitech-g203-lightsync-wired-optical-mouse-910-005790,https://cdna.pcpartpicker.com/static/forever/images/product/b8e80e45051e0b167cbda318107448f9.256p.jpg,Optical,Wired,8000,Right,Black,23.99
Razer Viper V3 HyperSpeed,https://pcpartpicker.com/product/NDXV3C/razer-viper-v3-hyperspeed-wireless-optical-mouse-rz01-04910100-r3u1,https://m.media-amazon.com/images/I/31nB-uULOLL.jpg,Optical,Wireless,30000,Right,Black,49.99
Redragon COBRA M711,https://pcpartpicker.com/product/dZQG3C/redragon-cobra-m711-wired-optical-mouse-cobra-m711,https://cdna.pcpartpicker.com/static/forever/images/product/ed20fdc4053c1979e2f89767aafda5d1.256p.jpg,Optical,Wired,10000,Right,Black / Multicolor,16.98
Logitech PRO X SUPERLIGHT 2 DEX,https://pcpartpicker.com/product/yw9wrH/logitech-pro-x-superlight-2-dex-wiredwireless-optical-mouse-910-007328,https://cdna.pcpartpicker.com/static/forever/images/product/ef157c63ae31a89ae83c743c4bc77394.256p.jpg,Optical,"Wired, Wireless",44000,Right,Black,129.99
Razer DeathAdder Essential,https://pcpartpicker.com/product/pFcG3C/razer-deathadder-essential-wired-optical-mouse-rz01-03850200-r3u1,https://cdna.pcpartpicker.com/static/forever/images/product/1435c1dd5733f7443c14b484e733224e.256p.jpg,Optical,Wired,6400,Right,White,23.48
Razer Basilisk V3 Pro 35K,https://pcpartpicker.com/product/nP26Mp/razer-basilisk-v3-pro-35k-bluetoothwirelesswired-optical-mouse-rz01-05240100-r3u1,https://cdna.pcpartpicker.com/static/forever/images/product/97ae96e9c6c3ce726b4f25482b0c8afe.256p.jpg,Optical,"Wired, Wireless, Bluetooth Wireless",35000,Right,Black,159.00
Logitech G Pro X Superlight,https://pcpartpicker.com/product/dZsnTW/logitech-g-pro-x-superlight-wireless-optical-mouse-910-005940,https://m.media-amazon.com/images/I/31Hn3R2Vv5L.jpg,Optical,Wireless,25400,Right,White,123.00
Lenovo K5923,https://pcpartpicker.com/product/d4rG3C/lenovo-mouse-0c51641,https://images-na.ssl-images-amazon.com/images/I/31iHu-PO8JL.jpg,Touchpad,Wireless,,Both,Black,
Corsair SCIMITAR RGB ELITE,https://pcpartpicker.com/product/X8848d/corsair-scimitar-rgb-elite-wired-optical-mouse-ch-9304211-na,https://cdna.pcpartpicker.com/static/forever/images/product/dfb52b07215736a9d55388366a53d86a.256p.jpg,Optical,Wired,18000,Right,Black,59.99
Asus TUF GAMING Mini Hatsune Miku Edition,https://pcpartpicker.com/product/nzsMnQ/asus-tuf-gaming-mini-hatsune-miku-edition-bluetoothwirelesswired-optical-mouse-90mp0420-bmua00,https://cdna.pcpartpicker.com/static/forever/images/product/24d70727a40a355c59ab65f63aa31d61.256p.jpg,Optical,"Wired, Wireless, Bluetooth Wireless",12000,Both,White / Teal,109.99
Corsair DARK CORE RGB PRO SE,https://pcpartpicker.com/product/LwpmP6/corsair-dark-core-rgb-pro-se-wireless-optical-mouse-ch-9315511-na,https://cdna.pcpartpicker.com/static/forever/images/product/fbeb5a62840993fa50c1836186087dfc.256p.jpg,Optical,Wireless,18000,Right,Black,49.99
Razer DeathAdder V4 Pro,https://pcpartpicker.com/product/c6VfrH/razer-deathadder-v4-pro-wirelesswired-optical-mouse-rz01-05330200-r3u1,https://m.media-amazon.com/images/I/316m-1XJULL.jpg,Optical,"Wired, Wireless",45000,Right,White,139.99
Logitech G502 X,https://pcpartpicker.com/product/6VjBD3/logitech-g502-x-wirelesswired-optical-mouse-910-006178,https://cdna.pcpartpicker.com/static/forever/images/product/99a256af2fe5bb228f2fcd17e2d6b544.256p.jpg,Optical,"Wired, Wireless",25600,Right,Black,109.99
Glorious Model I 2,https://pcpartpicker.com/product/6wjRsY/glorious-model-i-2-wirelessbluetoothwired-optical-mouse-glo-ms-iwv2-mw,https://cdna.pcpartpicker.com/static/forever/images/product/6502f3433ea325a35eef3486515a4a89.256p.jpg,Optical,"Wired, Wireless, Bluetooth Wireless",26000,Right,White,99.99
Logitech MX MASTER 3S,https://pcpartpicker.com/product/Bs4Ycf/logitech-mx-master-3s-wireless-optical-mouse-910-006557,https://cdna.pcpartpicker.com/static/forever/images/product/80f5ae114fd88013fa45e170e1098214.256p.jpg,Optical,Wireless,8000,Right,Gray,109.99
Razer Naga V2 Pro,https://pcpartpicker.com/product/fd6NnQ/razer-naga-v2-pro-bluetoothwirelesswired-optical-mouse-rz01-04400100-r3u1,https://m.media-amazon.com/images/I/41Ys1r4Uq0L.jpg,Optical,"Wired, Wireless, Bluetooth Wireless",30000,Right,Black,171.99
Asus ROG HARPE ACE AIM LAB EDITION,https://pcpartpicker.com/product/JqsV3C/asus-rog-harpe-ace-aim-lab-edition-wirelesswired-optical-mouse-p713-rog-harpe-ace-aim-lab-editionblk,https://cdna.pcpartpicker.com/static/forever/images/product/39f5483248fb55771d174204732924e7.256p.jpg,Optical,"Wired, Wireless",36000,Right,Black,79.98
Razer Basilisk V3 X Hyperspeed,https://pcpartpicker.com/product/K3yH99/razer-basilisk-v3-x-hyperspeed-bluetoothwirelesswired-optical-mouse-rz01-04870100-r3u1,https://cdna.pcpartpicker.com/static/forever/images/product/1bb09ad5b3b239b0aeebb8aa47a91339.256p.jpg,Optical,"Wired, Wireless, Bluetooth Wireless",18000,Right,Black,48.99
Redragon M602,https://pcpartpicker.com/product/X9w7YJ/redragon-m602-wired-optical-mouse-m602,https://m.media-amazon.com/images/I/4189L2UBl9L.jpg,Optical,Wired,7200,Right,Black,19.98
Razer DeathAdder V3,https://pcpartpicker.com/product/pf88TW/razer-deathadder-v3-wired-optical-mouse-rz01-04640100-r3u1,https://cdna.pcpartpicker.com/static/forever/images/product/527a2ec03a543912ea15c59764aeb279.256p.jpg,Optical,Wired,30000,Right,Black,43.99
Verbatim Bravo,https://pcpartpicker.com/product/Hr9KHx/verbatim-mouse-98106,https://cdna.pcpartpicker.com/static/forever/images/product/5c388ef9bdfd2933f0cef41aa21ad5a1.256p.jpg,Optical,Wired,,Both,Black,8.80
Logitech PRO X SUPERLIGHT 2 DEX,https://pcpartpicker.com/product/d3qrxr/logitech-pro-x-superlight-2-dex-wiredwireless-optical-mouse-910-007363,https://cdna.pcpartpicker.com/static/forever/images/product/7ebd73d009de6f7ed5f7adb959c12a99.256p.jpg,Optical,"Wired, Wireless",44000,Right,White,149.99
SteelSeries Aerox 5,https://pcpartpicker.com/product/7MNxFT/steelseries-aerox-5-bluetoothwirelesswired-optical-mouse-62406,https://cdna.pcpartpicker.com/static/forever/images/product/1854a0026f919a1085b9b9f3ee6d1f2d.256p.jpg,Optical,"Wired, Wireless, Bluetooth Wireless",18000,Right,Black,109.99
Logitech MX Master 4,https://pcpartpicker.com/product/3km2FT/logitech-mx-master-4-wirelessbluetooth-optical-mouse-910-007560,https://cdna.pcpartpicker.com/static/forever/images/product/2e4ae929e4fa8be8d9f7b089417a4508.256p.jpg,Optical,"Wireless, Bluetooth Wireless",8000,Right,Black,104.99
Razer DeathAdder V2 X HyperSpeed,https://pcpartpicker.com/product/99M48d/razer-deathadder-v2-x-hyperspeed-bluetoothwireless-optical-mouse-rz01-04130100-r3u1,https://cdna.pcpartpicker.com/static/forever/images/product/d2dbffeb64fc0566b7db5ea37b02ed0c.256p.jpg,Optical,"Wireless, Bluetooth Wireless",14000,Right,Black,42.99
Corsair SABRE v2 PRO,https://pcpartpicker.com/product/tvYfrH/corsair-sabre-v2-pro-wirelesswired-optical-mouse-ch-931g000-ww,https://cdna.pcpartpicker.com/static/forever/images/product/4dd650bb6dceb28d78278a7fe1e4d8a7.256p.jpg,Optical,"Wired, Wireless",33000,Right,Black,79.98
Logitech G502 X,https://pcpartpicker.com/product/vkxRsY/logitech-g502-x-wired-optical-mouse-910-006136,https://cdna.pcpartpicker.com/static/forever/images/product/6fac52c0af1c72f84bf579025945c2a3.256p.jpg,Optical,Wired,25600,Right,Black,58.97
Razer Basilisk V3 Pro,https://pcpartpicker.com/product/pc2WGX/razer-basilisk-v3-pro-wiredbluetoothwireless-optical-mouse-rz01-04620200-r3u1,https://cdna.pcpartpicker.com/static/forever/images/product/90c241b37e2769547937082a24d468e2.256p.jpg,Optical,"Wired, Wireless, Bluetooth Wireless",30000,Right,White / Black,90.00
Verbatim 70235,https://pcpartpicker.com/product/HCdrxr/verbatim-70235-wired-optical-mouse-70235,https://cdna.pcpartpicker.com/static/forever/images/product/2a7e0b7fb53609a497efd0aad93494cd.256p.jpg,Optical,Wired,,Both,Purple / Black,8.99
Logitech G703 LIGHTSPEED,https://pcpartpicker.com/product/kQ3H99/logitech-g703-lightspeed-wireless-optical-mouse-910-005638,https://cdna.pcpartpicker.com/static/forever/images/product/a3ff804c87be83ea9e268dd26afe13da.256p.jpg,Optical,Wireless,25600,Right,Black,62.99
Asus P707 ROG SPATHA X,https://pcpartpicker.com/product/Tqnypg/asus-p707-rog-spatha-x-wireless-optical-mouse-p707-rog-spatha-x,https://cdna.pcpartpicker.com/static/forever/images/product/3b425661832992431efa165c454bd178.256p.jpg,Optical,Wireless,19000,Right,Black,126.99
Logitech PRO X Superlight 2,https://pcpartpicker.com/product/3CMMnQ/logitech-pro-x-superlight-2-wirelesswired-optical-mouse-910-006795,https://cdna.pcpartpicker.com/static/forever/images/product/61d6197f3a799244678955291f16eda6.256p.jpg,Optical,"Wired, Wireless",32000,Right,Pink,149.99
Logitech G700,https://pcpartpicker.com/product/f2yFf7/logitech-mouse-910001436,https://m.media-amazon.com/images/I/31kqTL7lqRL.jpg,Laser,Wireless,5700,Right,Black,
Logitech M90,https://pcpartpicker.com/product/v4tKHx/logitech-m90-wired-optical-mouse-910-001793,https://cdna.pcpartpicker.com/static/forever/images/product/3942bf430d7f5b33bd01e2b0d0b7abdb.256p.jpg,Optical,Wired,1000,Both,Black,10.27
Razer Basilisk V3 Pro w/Dock Pro,https://pcpartpicker.com/product/pVJp99/razer-basilisk-v3-pro-wdock-pro-wirelessbluetoothwired-optical-mouse-rzhb-221026-01,https://cdna.pcpartpicker.com/static/forever/images/product/b5292329a259a092639c62734248cf23.256p.jpg,Optical,"Wired, Wireless, Bluetooth Wireless",30000,Right,White,199.99
Redragon M908 IMPACT MMO,https://pcpartpicker.com/product/wtGbt6/redragon-m908-impact-mmo-wired-optical-mouse-m908,https://cdna.pcpartpicker.com/static/forever/images/product/a7b3569bd05187fd56ea87990243adb0.256p.jpg,Optical,Wired,12400,Right,Black,20.99
Razer DeathAdder V3 Pro,https://pcpartpicker.com/product/TxpzK8/razer-deathadder-v3-pro-wireless-optical-mouse-rz01-04630100-r3u1,https://cdna.pcpartpicker.com/static/forever/images/product/e3084d9b915b8235a748e6a825ca39b4.256p.jpg,Optical,Wireless,30000,Right,Black,96.11
Corsair NIGHTSWORD RGB,https://pcpartpicker.com/product/wWYLrH/corsair-nightsword-rgb-wired-optical-mouse-ch-9306011-na,https://m.media-amazon.com/images/I/41puSbyNS7L.jpg,Optical,Wired,18000,Right,Black,89.99
SteelSeries Aerox 3 (2022),https://pcpartpicker.com/product/TvFbt6/steelseries-aerox-3-2022-wiredbluetoothwireless-optical-mouse-62612,https://cdna.pcpartpicker.com/static/forever/images/product/9d5161c04ba0f238b7639036a48e55ae.256p.jpg,Optical,"Wired, Wireless, Bluetooth Wireless",18000,Right,Black,79.99
Logitech MX Master 4,https://pcpartpicker.com/product/RbxTwP/logitech-mx-master-4-wirelessbluetooth-optical-mouse-910-007558,https://cdna.pcpartpicker.com/static/forever/images/product/3891dfbeec8fca9ad45e28f8705f8a41.256p.jpg,Optical,"Wireless, Bluetooth Wireless",8000,Right,Gunmetal,119.99
Corsair M65 RGB ULTRA,https://pcpartpicker.com/product/cBxRsY/corsair-m65-rgb-ultra-wired-optical-mouse-ch-9309411-na,https://cdna.pcpartpicker.com/static/forever/images/product/3af6a83672ccc3c3c73a158f711fecd5.256p.jpg,Optical,Wired,26000,Right,Black / Silver,49.99
Razer Cobra,https://pcpartpicker.com/product/7Ngrxr/razer-cobra-wired-optical-mouse-rz01-04650100-r3u1,https://cdna.pcpartpicker.com/static/forever/images/product/3ab945d2593627d5e338010263e4460c.256p.jpg,Optical,Wired,8500,Right,Black,30.99
Razer Basilisk V3 Pro w/Dock Pro,https://pcpartpicker.com/product/gg2WGX/razer-basilisk-v3-pro-wdock-pro-wiredbluetoothwireless-optical-mouse-rzhb-220819-01,https://cdna.pcpartpicker.com/static/forever/images/product/f3ac232d47683dd615b3d89f99e1bba2.256p.jpg,Optical,"Wired, Wireless, Bluetooth Wireless",30000,Right,Black,
Glorious MODEL O,https://pcpartpicker.com/product/ddjJ7P/glorious-pc-gaming-race-model-o-wired-optical-mouse-go-white,https://cdna.pcpartpicker.com/static/forever/images/product/89c77ccaf0bdca3bde6bcc2d3890f6cb.256p.jpg,Optical,Wired,12000,Right,White,
SteelSeries Rival 5,https://pcpartpicker.com/product/g38bt6/steelseries-rival-5-wired-optical-mouse-62551,https://cdna.pcpartpicker.com/static/forever/images/product/6d35eedc32891db22347dce86786474e.256p.jpg,Optical,Wired,18000,Right,Black,57.99
Asus ROG Harpe II Ace,https://pcpartpicker.com/product/8hxTwP/asus-rog-harpe-ii-ace-bluetoothwirelesswired-optical-mouse-90mp0490-bmaa00,https://cdna.pcpartpicker.com/static/forever/images/product/c39e895b4870a42ef00b286c75a12377.256p.jpg,Optical,"Wired, Wireless, Bluetooth Wireless",42000,Right,Black,129.99
Redragon M656,https://pcpartpicker.com/product/TMvscf/redragon-m656-wireless-optical-mouse-m656,https://m.media-amazon.com/images/I/31PZent2ZvL.jpg,Optical,Wireless,4000,Right,Red,14.99
Glorious Model O 2,https://pcpartpicker.com/product/2dgrxr/glorious-model-o-2-wiredwirelessbluetooth-optical-mouse-glo-ms-owv2-mw,https://cdna.pcpartpicker.com/static/forever/images/product/f1bb90df546cc0b6a99cfb526e080018.256p.jpg,Optical,"Wired, Wireless, Bluetooth Wireless",26000,Right,White,99.99
SteelSeries Aerox 3 (2022),https://pcpartpicker.com/product/8WTp99/steelseries-aerox-3-2022-wiredbluetoothwireless-optical-mouse-62608,https://m.media-amazon.com/images/I/41+ZHP053cL.jpg,Optical,"Wired, Wireless, Bluetooth Wireless",18000,Right,White,98.96
Logitech G604 LIGHTSPEED,https://pcpartpicker.com/product/nmkgXL/logitech-g604-lightspeed-wireless-optical-mouse-910-005622,https://cdna.pcpartpicker.com/static/forever/images/product/e32b9e2d5144b118afe0cb32c5b83fed.256p.jpg,Optical,Wireless,25600,Right,Black,
Logitech M100,https://pcpartpicker.com/product/vhH323/logitech-mouse-910001601,https://cdna.pcpartpicker.com/static/forever/images/product/0dd8486ae196d3bd49621b0647075be6.256p.jpg,Optical,Wired,1000,Both,Black,9.49
Logitech G705,https://pcpartpicker.com/product/jJJgXL/logitech-g705-wirelesswiredbluetooth-optical-mouse-910-006365,https://cdna.pcpartpicker.com/static/forever/images/product/b3d7045e6ffc8815548d2254bc90850b.256p.jpg,Optical,"Wired, Wireless, Bluetooth Wireless",8200,Right,White,64.98
Asus TUF Gaming M3 Gen II,https://pcpartpicker.com/product/yjvD4D/asus-tuf-gaming-m3-gen-ii-wired-optical-mouse-p309-tuf-gaming-m3-gen-ii,https://cdna.pcpartpicker.com/static/forever/images/product/d71ae983cd0f7109069235daaef89830.256p.jpg,Optical,Wired,8000,Right,Black / Yellow,22.99
Gigabyte GM-M5050,https://pcpartpicker.com/product/FHyFf7/gigabyte-gm-m5050-wired-optical-mouse-gm-m5050,https://m.media-amazon.com/images/I/41D4v4vJgjL.jpg,Optical,Wired,800,Both,Black,
Razer DeathAdder V3 HyperSpeed,https://pcpartpicker.com/product/dNtLrH/razer-deathadder-v3-hyperspeed-wiredwireless-optical-mouse-rz01-05140100-r3u1,https://cdna.pcpartpicker.com/static/forever/images/product/0249c146601de0904b0b9ab204172599.256p.jpg,Optical,"Wired, Wireless",26000,Right,Black,69.98
Glorious Model O,https://pcpartpicker.com/product/FMqBD3/glorious-pc-gaming-race-model-o-wireless-optical-mouse-glo-ms-ow-mb,https://cdna.pcpartpicker.com/static/forever/images/product/2d8a80560eb714c71d668a6ec1bf4f96.256p.jpg,Optical,Wireless,19000,Right,Black,79.98
Logitech G203 Lightsync,https://pcpartpicker.com/product/7ZhmP6/logitech-g203-lightsync-wired-optical-mouse-910-005791,https://cdna.pcpartpicker.com/static/forever/images/product/dbe9bbba752e18178e12f24bbe6ed196.256p.jpg,Optical,Wired,8000,Right,White,21.99
Logitech MX Master 4,https://pcpartpicker.com/product/9QxTwP/logitech-mx-master-4-wirelessbluetooth-optical-mouse-910-007559,https://cdna.pcpartpicker.com/static/forever/images/product/b3b14d2ba77e3ad02886352e800e5ccd.256p.jpg,Optical,"Wireless, Bluetooth Wireless",8000,Right,Gray,119.99
Corsair SCIMITAR ELITE WIRELESS MMO,https://pcpartpicker.com/product/dP88TW/corsair-scimitar-elite-wireless-mmo-wirelessbluetoothwired-optical-mouse-ch-9314311-na,https://cdna.pcpartpicker.com/static/forever/images/product/759d79af5341d713e6b5c55d71e786a8.256p.jpg,Optical,"Wired, Wireless, Bluetooth Wireless",26000,Right,Black,116.99
Logitech G502 Proteus Spectrum,https://pcpartpicker.com/product/kJM323/logitech-mouse-910004615,https://cdna.pcpartpicker.com/static/forever/images/product/196cfc73981cd14257b11cc3b0a3b8f9.256p.jpg,Optical,Wired,12000,Right,Black,
SteelSeries Rival 3,https://pcpartpicker.com/product/qxDkcf/steelseries-rival-3-wireless-optical-mouse-62521,https://cdna.pcpartpicker.com/static/forever/images/product/178a8d67052dc8ac01b07c8b84924a0b.256p.jpg,Optical,Wireless,18000,Right,Black,47.00
Logitech MX MASTER 3S,https://pcpartpicker.com/product/smTp99/logitech-mx-master-3s-wireless-optical-mouse-910-006556,https://cdna.pcpartpicker.com/static/forever/images/product/80f5ae114fd88013fa45e170e1098214.256p.jpg,Optical,Wireless,8000,Right,Black,98.00
Asus TUF Gaming M4 Wireless,https://pcpartpicker.com/product/r3XJ7P/asus-tuf-gaming-m4-wireless-wireless-optical-mouse-p306tufgamingm4wl,https://cdna.pcpartpicker.com/static/forever/images/product/c1a9b9b9b2c2b449a6a60d8d3a9f8072.256p.jpg,Optical,Wireless,,Right,Black,70.99
Glorious Model O-,https://pcpartpicker.com/product/yhjRsY/glorious-model-o-wiredwireless-optical-mouse-glo-ms-omw-mb,https://m.media-amazon.com/images/I/41mm4VViRNL.jpg,Optical,"Wired, Wireless",19000,Right,Black,
Razer Basilisk V3 Pro + Wireless Charging Puck,https://pcpartpicker.com/product/tGKKHx/razer-basilisk-v3-pro-wireless-charging-puck-wiredbluetoothwireless-optical-mouse-rzhb-220819-04,https://cdna.pcpartpicker.com/static/forever/images/product/d7d2ca768f6446600a406c5840bcec5e.256p.jpg,Optical,"Wired, Wireless, Bluetooth Wireless",30000,Right,Black,179.99
Logitech G502 X,https://pcpartpicker.com/product/VKWzK8/logitech-g502-x-wired-optical-mouse-910-006144,https://cdna.pcpartpicker.com/static/forever/images/product/583a9bd5ac3a80049bc09075e2bca5c1.256p.jpg,Optical,Wired,25600,Right,White,59.99
Endgame Gear OP1 8k v2,https://pcpartpicker.com/product/qd2j4D/endgame-gear-op1-8k-v2-wired-optical-mouse-egg-op1-8k-v2-blk,https://cdna.pcpartpicker.com/static/forever/images/product/e0d393b53f78f42a88bca334ceda1324.256p.jpg,Optical,Wired,30000,Right,Black,89.99
Corsair HARPOON RGB PRO,https://pcpartpicker.com/product/KLVD4D/corsair-harpoon-rgb-pro-wired-optical-mouse-ch-9301111-na,https://cdna.pcpartpicker.com/static/forever/images/product/4ca5b63fecc2a7fc4094c9da2c127ac8.256p.jpg,Optical,Wired,12000,Right,Black,29.99
Logitech G502 X,https://pcpartpicker.com/product/QQpzK8/logitech-g502-x-wirelesswired-optical-mouse-910-006187,https://cdna.pcpartpicker.com/static/forever/images/product/2972e192f88a1e76547f11e9741e1f77.256p.jpg,Optical,"Wired, Wireless",25600,Right,White,129.99
Asus ROG Chakram X Origin,https://pcpartpicker.com/product/4LpQzy/asus-rog-chakram-x-origin-wiredwirelessbluetooth-optical-mouse-p708-rog-chakram-x-o,https://cdna.pcpartpicker.com/static/forever/images/product/ba1a67b453a9652426848c59b396c2cf.256p.jpg,Optical,"Wired, Wireless, Bluetooth Wireless",36000,Right,Black,113.99
Asus ROG HARPE ACE AIM LAB EDITION,https://pcpartpicker.com/product/2sMMnQ/asus-rog-harpe-ace-aim-lab-edition-wirelesswired-optical-mouse-p713-rog-harpe-ace-aim-lab-editionwht,https://cdna.pcpartpicker.com/static/forever/images/product/e6b1321a41a45046d750977befefa388.256p.jpg,Optical,"Wired, Wireless",36000,Right,White,79.98
Corsair NIGHTSABRE RGB,https://pcpartpicker.com/product/4BGhP6/corsair-nightsabre-rgb-wirelessbluetoothwired-optical-mouse-ch-931b011-na,https://cdna.pcpartpicker.com/static/forever/images/product/f590fc9f4c2b9f5a456df7aa1c1ee509.256p.jpg,Optical,"Wired, Wireless, Bluetooth Wireless",26000,Right,Black,129.99
Logitech M330 SILENT PLUS,https://pcpartpicker.com/product/w7qhP6/logitech-m330-silent-plus-wireless-optical-mouse-910-004905,https://cdna.pcpartpicker.com/static/forever/images/product/82959eefb4e00fe12bf0c9ae9c6ea5dc.256p.jpg,Optical,Wireless,1000,Right,Black,17.98
Razer Basilisk V3 Pro 35K,https://pcpartpicker.com/product/N87scf/razer-basilisk-v3-pro-35k-optical-mouse-rz01-05240200-r3u1,https://cdna.pcpartpicker.com/static/forever/images/product/3edd4b262d72b21afa356dba0286386d.256p.jpg,Optical,,35000,Right,White,159.99
Razer Viper Mini,https://pcpartpicker.com/product/BDXYcf/razer-viper-mini-wired-optical-mouse-rz01-03250100-r3u1,https://cdna.pcpartpicker.com/static/forever/images/product/31ad0dccffff39f176c038672c8fb2cd.256p.jpg,Optical,Wired,8500,Right,Black,
Logitech PRO X SUPERLIGHT 2c,https://pcpartpicker.com/product/rppD4D/logitech-pro-x-superlight-2c-wireless-optical-mouse-910-007518,https://cdna.pcpartpicker.com/static/forever/images/product/a7464ec8fda74440120142b2d1c4aec8.256p.jpg,Optical,Wireless,44000,Right,Black,149.99
Logitech PRO 2 LIGHTSPEED,https://pcpartpicker.com/product/Cf6NnQ/logitech-pro-2-lightspeed-wiredwireless-optical-mouse-910-007246,https://cdna.pcpartpicker.com/static/forever/images/product/cdc093fc242f4e380dd1d9b5d214c598.256p.jpg,Optical,"Wired, Wireless",32000,Both,Black,99.99
Glorious MODEL O,https://pcpartpicker.com/product/PQCD4D/glorious-pc-gaming-race-model-o-wired-optical-mouse-go-black,https://cdna.pcpartpicker.com/static/forever/images/product/ab7f3f6e7b4d49a7dbaec72d7ec00b2b.256p.jpg,Optical,Wired,12000,Right,Black,
SteelSeries Aerox 9,https://pcpartpicker.com/product/kKD7YJ/steelseries-aerox-9-wireless-optical-mouse-62618,https://cdna.pcpartpicker.com/static/forever/images/product/b19f57b195a5e41b53e03b3717f4cd08.256p.jpg,Optical,Wireless,18000,Right,Black,119.99
MSI CLUTCH,https://pcpartpicker.com/product/W9Fbt6/msi-clutch-gm08-wired-optical-mouse-clutch-gm08,https://cdna.pcpartpicker.com/static/forever/images/product/4611b6fcf9461c6763d8b18af78d4f2a.256p.jpg,Optical,Wired,4200,Right,Black,24.99
Ergoguys 0090-0030,https://pcpartpicker.com/product/MwNp99/ergoguys-mouse-00900030,https://cdna.pcpartpicker.com/static/forever/images/product/4741a1b7f8a7448d231f09d035666db1.256p.jpg,Optical,Wired,400,Right,White,112.57
AZIO RM-RCM-L-04,https://pcpartpicker.com/product/GDV2FT/azio-rm-rcm-l-04-bluetoothwirelesswired-optical-mouse-rm-rcm-l-04,https://m.media-amazon.com/images/I/31F2PBIyt2L.jpg,Optical,"Wired, Wireless, Bluetooth Wireless",3000,Both,Black / Silver,
Corsair M75,https://pcpartpicker.com/product/2v7scf/corsair-m75-wirelessbluetoothwired-optical-mouse-ch-931d010-na,https://cdna.pcpartpicker.com/static/forever/images/product/d97b17a88f81aae7c105d84df42f3294.256p.jpg,Optical,"Wired, Wireless, Bluetooth Wireless",26000,Both,Black,48.99
Razer Viper Ultimate w/Dock,https://pcpartpicker.com/product/V6QfrH/razer-viper-ultimate-wdock-wireless-optical-mouse-rz01-03050100-r3u1,https://cdna.pcpartpicker.com/static/forever/images/product/0164b1a008c25224ac32d76cd1223380.256p.jpg,Optical,Wireless,20000,Both,Black,
Corsair DARK CORE RGB,https://pcpartpicker.com/product/6Nc48d/corsair-dark-core-rgb-wireless-optical-mouse-ch-9315211-na,https://m.media-amazon.com/images/I/51XEp6n+w0L.jpg,Optical,Wireless,16000,Right,Black,
Corsair Scimitar Elite SE,https://pcpartpicker.com/product/HCFCmG/corsair-scimitar-elite-se-bluetoothwireless-optical-mouse-ch-9314011-ww,https://cdna.pcpartpicker.com/static/forever/images/product/02fa5a92d8f898cd1ca3a4b8d30c6bfe.256p.jpg,Optical,"Wireless, Bluetooth Wireless",33000,Right,White / Gray,79.98
Redragon Mammoth,https://pcpartpicker.com/product/3GX2FT/redragon-mouse-m801,https://cdna.pcpartpicker.com/static/forever/images/product/37130440ab0df18d2833cd588ec55c55.med.256p.jpg,Laser,Wired,16400,Right,Black / Red,29.99
HP HyperX Pulsefire Haste 2,https://pcpartpicker.com/product/G3yH99/hp-hyperx-pulsefire-haste-2-wired-optical-mouse-6n0a7aa,https://m.media-amazon.com/images/I/31iw3vG+16L.jpg,Optical,Wired,26000,Right,Black,39.99
Razer Cobra Pro,https://pcpartpicker.com/product/Vvqrxr/razer-cobra-pro-wiredbluetoothwireless-optical-mouse-rz01-04660100-r3u1,https://cdna.pcpartpicker.com/static/forever/images/product/3733de46a75b40d61a0afcf6098db3ad.256p.jpg,Optical,"Wired, Wireless, Bluetooth Wireless",30000,Right,Black,99.99
Logitech G602,https://pcpartpicker.com/product/KFQypg/logitech-mouse-910003820,https://m.media-amazon.com/images/I/41ZJ2lk1ITL.jpg,Optical,Wireless,2500,Right,Black / Silver,240.65
Glorious Model O 2 PRO,https://pcpartpicker.com/product/8PMMnQ/glorious-model-o-2-pro-wirelesswired-optical-mouse-glo-ms-powv2-1k-b,https://m.media-amazon.com/images/I/31D2l5iMH2L.jpg,Optical,"Wired, Wireless",26000,Right,Black,99.99
Razer DeathAdder V2,https://pcpartpicker.com/product/TMMTwP/razer-deathadder-v2-wired-optical-mouse-rz01-03210100-r3u1,https://cdna.pcpartpicker.com/static/forever/images/product/156c158a605d392363b7c1a459e1b9f0.256p.jpg,Optical,Wired,20000,Right,Black,
Razer Orochi V2,https://pcpartpicker.com/product/LGPQzy/razer-orochi-v2-wireless-optical-mouse-rz01-03730100-r3u1,https://cdna.pcpartpicker.com/static/forever/images/product/a1714b5aaa4781f251c62fcf9d3d0969.256p.jpg,Optical,Wireless,18000,Right,Black,27.99
Genius DX 120,https://pcpartpicker.com/product/cFgPxr/genius-mouse-31010105100,https://cdna.pcpartpicker.com/static/forever/images/product/f7ef702cc8b7a76da8e62e03b0dc4f25.256p.jpg,Optical,Wired,1000,Both,Black,
Corsair HARPOON RGB,https://pcpartpicker.com/product/8DCD4D/corsair-harpoon-rgb-wireless-optical-mouse-ch-9311011-na,https://cdna.pcpartpicker.com/static/forever/images/product/3769ffe225dff8702ca903ffce27846f.256p.jpg,Optical,Wireless,10000,Right,Black,64.99
Logitech G309 LIGHTSPEED,https://pcpartpicker.com/product/34Hqqs/logitech-g309-lightspeed-wirelessbluetooth-optical-mouse-910-007197,https://cdna.pcpartpicker.com/static/forever/images/product/ee37c5b67b796f0d1c47db7cb2c2f5f1.256p.jpg,Optical,"Wireless, Bluetooth Wireless",25600,Right,Black,59.95
SteelSeries Rival 3,https://pcpartpicker.com/product/W6K2FT/steelseries-rival-3-wired-optical-mouse-62513,https://cdna.pcpartpicker.com/static/forever/images/product/24c3004e0bf166466ca2e8cf1ab55490.256p.jpg,Optical,Wired,8500,Right,Black,
Razer Viper V3 Pro Sentinels Edition,https://pcpartpicker.com/product/8kGhP6/razer-viper-v3-pro-sentinels-edition-wirelesswired-optical-mouse-rz01-05120400-r3m1,https://cdna.pcpartpicker.com/static/forever/images/product/fe47499fad6a931f39b72a5004f1a733.256p.jpg,Optical,"Wired, Wireless",35000,Right,Red,179.99
Razer Naga V2 HyperSpeed,https://pcpartpicker.com/product/D4Fbt6/razer-naga-v2-hyperspeed-wirelessbluetooth-optical-mouse-rz01-03600100-r3u1,https://cdna.pcpartpicker.com/static/forever/images/product/514ed09a4e76c9430f252c293473b0b0.256p.jpg,Optical,"Wireless, Bluetooth Wireless",30000,Right,Black,64.98
Logitech MX Vertical,https://pcpartpicker.com/product/sMNv6h/logitech-mx-vertical-wireless-optical-mouse-910-005447,https://cdna.pcpartpicker.com/static/forever/images/product/e431d091bcba7186452cea180f60fd6d.256p.jpg,Optical,Wireless,4000,Right,Gray / Silver,74.99
Logitech G403 HERO,https://pcpartpicker.com/product/xBgzK8/logitech-g403-hero-wired-optical-mouse-910-005630,https://cdna.pcpartpicker.com/static/forever/images/product/1e8c3800a012015b0400211b5d370aa0.256p.jpg,Optical,Wired,25600,Right,Black / Blue,44.99
Razer Naga V2 Pro w/Dock Pro,https://pcpartpicker.com/product/qg26Mp/razer-naga-v2-pro-wdock-pro-wirelessbluetoothwired-optical-mouse-rzhb-221117-01,https://cdna.pcpartpicker.com/static/forever/images/product/39a066db704496cfd24ef2248b202535.256p.jpg,Optical,"Wired, Wireless, Bluetooth Wireless",30000,Right,Black,
Razer Viper V2 Pro,https://pcpartpicker.com/product/Qt2WGX/razer-viper-v2-pro-wireless-optical-mouse-rz01-04390100-r3u1,https://cdna.pcpartpicker.com/static/forever/images/product/ebd01f57718386a246255ef19d9aa3da.256p.jpg,Optical,Wireless,30000,Right,Black,131.38
HP HyperX Pulsefire Haste 2,https://pcpartpicker.com/product/NntLrH/hp-hyperx-pulsefire-haste-2-bluetoothwirelesswired-optical-mouse-6n0b0aa,https://m.media-amazon.com/images/I/310wAHIQkbL.jpg,Optical,"Wired, Wireless, Bluetooth Wireless",26000,Right,Black,59.99
Razer Viper Ultimate,https://pcpartpicker.com/product/fc8bt6/razer-viper-ultimate-wireless-optical-mouse-rz01-03050400-r3m1,https://cdna.pcpartpicker.com/static/forever/images/product/83448f14ea7aad477596baf8ae892723.256p.jpg,Optical,Wireless,20000,Both,White,139.99
Logitech G402,https://pcpartpicker.com/product/648H99/logitech-mouse-910004069,https://cdna.pcpartpicker.com/static/forever/images/product/872f54527450d6ad251d6e3e21521aa8.256p.jpg,Optical,Wired,4000,Right,Black,41.50
Razer DeathAdder Elite,https://pcpartpicker.com/product/xgrcCJ/razer-deathadder-elite-wired-optical-mouse-rz01-02010100-r3u1,https://m.media-amazon.com/images/I/311B1zMmf0L.jpg,Optical,Wired,16000,Right,Black / Green,62.90
Razer Naga Trinity,https://pcpartpicker.com/product/9wc48d/razer-naga-trinity-wired-optical-mouse-rz01-02410100-r3u1,https://cdna.pcpartpicker.com/static/forever/images/product/6b73ce755ef3fdebd30ac433ab829664.256p.jpg,Optical,Wired,16000,Right,Black,
Corsair SABRE v2 PRO,https://pcpartpicker.com/product/gvYfrH/corsair-sabre-v2-pro-wirelesswired-optical-mouse-ch-931g001-ww,https://cdna.pcpartpicker.com/static/forever/images/product/22a60a8f808e27a8ff87e3d9a8cb2d14.256p.jpg,Optical,"Wired, Wireless",33000,Right,White,79.98
NZXT Lift 2 Ergo,https://pcpartpicker.com/product/hMYRsY/nzxt-lift-2-ergo-wired-optical-mouse-ms-001nb-01,https://cdna.pcpartpicker.com/static/forever/images/product/2a11222365c625a9523e6755d96f13d5.256p.jpg,Optical,Wired,26000,Right,Black,24.73
Logitech G903 HERO,https://pcpartpicker.com/product/rbsmP6/logitech-g903-hero-wireless-optical-mouse-910-005670,https://cdna.pcpartpicker.com/static/forever/images/product/bcef1163cebeee9d3001d5bafcf7d3d7.256p.jpg,Optical,Wireless,25600,Both,Black,105.00
Corsair IRONCLAW RGB WIRELESS,https://pcpartpicker.com/product/wqKcCJ/corsair-ironclaw-rgb-wireless-wireless-optical-mouse-ch-9317011-na,https://cdna.pcpartpicker.com/static/forever/images/product/cbb2405830d9a31ec7994511d57c8f79.256p.jpg,Optical,Wireless,18000,Right,Black,89.99
MCHOSE L7 Ultra,https://pcpartpicker.com/product/h8ZWGX/mchose-l7-ultra-wiredwirelessbluetooth-optical-mouse-mc-l7-8,https://m.media-amazon.com/images/I/21WdQ+X0mmL.jpg,Optical,"Wired, Wireless, Bluetooth Wireless",42000,Right,Black,
Corsair M55,https://pcpartpicker.com/product/VRQKHx/corsair-m55-wired-optical-mouse-ch-930f000-ww,https://cdna.pcpartpicker.com/static/forever/images/product/50445491ffb270290e5b6abfb4eb2003.256p.jpg,Optical,Wired,16000,Right,Black,24.99
NZXT Lift Elite,https://pcpartpicker.com/product/YnLp99/nzxt-lift-elite-wiredwireless-optical-mouse-ms-101nw-02,https://cdna.pcpartpicker.com/static/forever/images/product/f0b73d21edc7cb5749648e92ebfbb77b.256p.jpg,Optical,"Wired, Wireless",26000,Right,White,27.62
Glorious MODEL D,https://pcpartpicker.com/product/6qwkcf/glorious-pc-gaming-race-model-d-wired-optical-mouse-gd-white,https://cdna.pcpartpicker.com/static/forever/images/product/e53580d579186aabe0bad312bfeae3ee.256p.jpg,Optical,Wired,12000,Right,White,49.99
MSI Forge GM320,https://pcpartpicker.com/product/bCcBD3/msi-forge-gm320-wired-optical-mouse-forge-gm320,https://cdna.pcpartpicker.com/static/forever/images/product/63a328a7629b6d2c690e1f622a21f478.256p.jpg,Optical,Wired,12800,Right,Black,24.99
SteelSeries Rival 650 Wireless,https://pcpartpicker.com/product/WNm323/steelseries-rival-650-wireless-wireless-optical-mouse-62456,https://cdna.pcpartpicker.com/static/forever/images/product/e44e0fffdc546ccc18ec9db334d7c71f.256p.jpg,Optical,Wireless,12000,Right,Black,69.98
Glorious Model I 2,https://pcpartpicker.com/product/WpNYcf/glorious-model-i-2-wirelessbluetoothwired-optical-mouse-glo-ms-iwv2-mb,https://cdna.pcpartpicker.com/static/forever/images/product/e1cb5ca3a8d93fa9ba0f6c76f9a1ca9b.256p.jpg,Optical,"Wired, Wireless, Bluetooth Wireless",26000,Right,Black,79.99
Razer Cobra Pro w/Dock Pro,https://pcpartpicker.com/product/gHwmP6/razer-cobra-pro-wdock-pro-wirelessbluetoothwired-optical-mouse-rzhb-230629-01,https://cdna.pcpartpicker.com/static/forever/images/product/0650c1b3f76250e6b180431d8c65e16a.256p.jpg,Optical,"Wired, Wireless, Bluetooth Wireless",30000,Right,Black,169.99
Logitech MX Master,https://pcpartpicker.com/product/XP38TW/logitech-mouse-910004337,https://m.media-amazon.com/images/I/31wDFiIu6iL.jpg,Laser,Bluetooth Wireless,1600,Right,Brown / Black,188.88
Razer DeathAdder V3 Pro,https://pcpartpicker.com/product/ZCH7YJ/razer-deathadder-v3-pro-wireless-optical-mouse-rz01-04630200-r3u1,https://cdna.pcpartpicker.com/static/forever/images/product/22c9a34a39b21849a81ad2011a2fe356.256p.jpg,Optical,Wireless,30000,Right,White,96.35
Logitech MX MASTER 2S (Black),https://pcpartpicker.com/product/JKvZxr/logitech-mx-master-2s-black-wireless-laser-mouse-910-005131,https://m.media-amazon.com/images/I/31vy6WmdMWL.jpg,Laser,Wireless,4000,Right,Black,
Asus ROG Keris II WL Ace,https://pcpartpicker.com/product/W9zXsY/asus-rog-keris-ii-wl-ace-wiredbluetoothwireless-optical-mouse-90mp03n0-bmua00,https://cdna.pcpartpicker.com/static/forever/images/product/c5c753a9827ce320fc2c9609c79c92d5.256p.jpg,Optical,"Wired, Wireless, Bluetooth Wireless",42000,Right,Black,129.99
Razer Naga Pro,https://pcpartpicker.com/product/cYxbt6/razer-naga-pro-wireless-optical-mouse-rz01-03420100-r3u1,https://cdna.pcpartpicker.com/static/forever/images/product/0615b1c07cbb01bb91060e0517d95dcd.256p.jpg,Optical,Wireless,20000,Right,Black,224.99
Keychron M7,https://pcpartpicker.com/product/j9bRsY/keychron-m7-bluetoothwirelesswired-optical-mouse-m7-a1,https://cdna.pcpartpicker.com/static/forever/images/product/06098f08d2863e3802b67d71a9f60b5c.256p.jpg,Optical,"Wired, Wireless, Bluetooth Wireless",26000,Right,Black,49.99
Razer Basilisk X HyperSpeed,https://pcpartpicker.com/product/yqPgXL/razer-basilisk-x-hyperspeed-wireless-optical-mouse-rz01-03150100-r3u1,https://cdna.pcpartpicker.com/static/forever/images/product/e4827333bffb57dd5103d07f1c144c96.256p.jpg,Optical,Wireless,16000,Right,Black / Green,48.96
Asus ROG Harpe II Ace,https://pcpartpicker.com/product/xhxTwP/asus-rog-harpe-ii-ace-bluetoothwirelesswired-optical-mouse-90mp0490-bmaa10,https://cdna.pcpartpicker.com/static/forever/images/product/8078bdfba3c09ac9cce3cb232c068686.256p.jpg,Optical,"Wired, Wireless, Bluetooth Wireless",42000,Right,White,129.99
Corsair DARKSTAR,https://pcpartpicker.com/product/BCwmP6/corsair-darkstar-bluetoothwireless-optical-mouse-ch-931a011-na,https://cdna.pcpartpicker.com/static/forever/images/product/4900404b54773d05701076de0388ae7f.256p.jpg,Optical,"Wireless, Bluetooth Wireless",26000,Right,Black,129.99
Corsair M65 RGB ULTRA WIRELESS,https://pcpartpicker.com/product/FgwmP6/corsair-m65-rgb-ultra-wireless-wireless-optical-mouse-ch-9319511-na2,https://cdna.pcpartpicker.com/static/forever/images/product/4130018c9bec92f1cf1731baeadc8fea.256p.jpg,Optical,Wireless,26000,Right,,109.99
8BitDo Retro R8 - N Edition,https://pcpartpicker.com/product/pHZWGX/8bitdo-retro-r8-n-edition-bluetoothwirelesswired-optical-mouse-ret00529,https://cdna.pcpartpicker.com/static/forever/images/product/834ba3460d49ffd9dbc07a46a86ee749.256p.jpg,Optical,"Wired, Wireless, Bluetooth Wireless",26000,Right,Gray,49.99
Glorious MODEL D,https://pcpartpicker.com/product/bCMTwP/glorious-pc-gaming-race-model-d-wired-optical-mouse-gd-black,https://cdna.pcpartpicker.com/static/forever/images/product/67068c12e8020ae7c28be8e9202ad900.256p.jpg,Optical,Wired,12000,Right,Black,44.98
Logitech PRO X SUPERLIGHT 2c,https://pcpartpicker.com/product/2jCCmG/logitech-pro-x-superlight-2c-wireless-optical-mouse-910-007528,https://cdna.pcpartpicker.com/static/forever/images/product/d286d7a4e4ce2e5223d21637060381c9.256p.jpg,Optical,Wireless,44000,Right,White,149.99
Corsair Scimitar Elite SE,https://pcpartpicker.com/product/hbCCmG/corsair-scimitar-elite-se-bluetoothwireless-optical-mouse-ch-9314014-ww,https://cdna.pcpartpicker.com/static/forever/images/product/97b60f92e9a93e32a500a67cd3051d51.256p.jpg,Optical,"Wireless, Bluetooth Wireless",33000,Right,Black / Gray,74.99
be quiet! Dark Perk Ergo,https://pcpartpicker.com/product/BNHp99/be-quiet-dark-perk-ergo-wirelesswired-optical-mouse-bm007,https://m.media-amazon.com/images/I/31rR5PPzMDL.jpg,Optical,"Wired, Wireless",32000,Right,Black,99.90
Razer Viper V2 Pro,https://pcpartpicker.com/product/fQH7YJ/razer-viper-v2-pro-wireless-optical-mouse-rz01-04390200-r3u1,https://cdna.pcpartpicker.com/static/forever/images/product/bc83693b4c2c338e8bcb261cf33466bb.256p.jpg,Optical,Wireless,30000,Right,White,89.99
Logitech M185,https://pcpartpicker.com/product/MfPzK8/logitech-mouse-m185,https://cdna.pcpartpicker.com/static/forever/images/product/f72f80f6b0df24b744289d3c89abfd69.256p.jpg,Laser,Wireless,,Both,Black,12.97
Keychron M3 Mini,https://pcpartpicker.com/product/HKRwrH/keychron-m3-mini-wiredwirelessbluetooth-optical-mouse-m3m-a1,https://m.media-amazon.com/images/I/31yKugLgSWL.jpg,Optical,"Wired, Wireless, Bluetooth Wireless",26000,Right,Black,49.99
MSI Versa Pro,https://pcpartpicker.com/product/2b62FT/msi-versa-pro-bluetoothwirelesswired-optical-mouse-versa-pro-wireless,https://m.media-amazon.com/images/I/41ofKPXkHmL.jpg,Optical,"Wired, Wireless, Bluetooth Wireless",26000,Right,Black,89.99
Lenovo 0C41072,https://pcpartpicker.com/product/c2tCmG/lenovo-mouse-0c41072,https://m.media-amazon.com/images/I/41SLDcW-meL.jpg,Optical,Wireless,1000,Both,Black,299.99
Razer Viper 8KHz,https://pcpartpicker.com/product/ZzfnTW/razer-viper-8khz-wired-optical-mouse-rz01-03580100-r3u1,https://cdna.pcpartpicker.com/static/forever/images/product/57e54358c52493a49f369c4374aaf201.256p.jpg,Optical,Wired,20000,Both,Black,63.85
SteelSeries Prime,https://pcpartpicker.com/product/vRFbt6/steelseries-prime-wired-optical-mouse-62533,https://cdna.pcpartpicker.com/static/forever/images/product/29ae311850951f79cdf1e06d62f57ca4.256p.jpg,Optical,Wired,18000,Right,Black,21.95
Asus TUF Gaming M4 Air,https://pcpartpicker.com/product/V94Ycf/asus-tuf-gaming-m4-air-wired-optical-mouse-p307-tuf-gaming-m4-air,https://m.media-amazon.com/images/I/31XGR3rPnWL.jpg,Optical,Wired,16000,Right,Black,55.99
Logitech G102 LIGHTSYNC RGB,https://pcpartpicker.com/product/tL4Zxr/logitech-g102-lightsync-rgb-wired-optical-mouse-910-005802,https://m.media-amazon.com/images/I/41hYQ9J7gCL.jpg,Optical,Wired,8000,Right,Black,34.99
Lamzu Maya X,https://pcpartpicker.com/product/WWzp99/lamzu-maya-x-wiredwireless-optical-mouse-027685178664,https://cdna.pcpartpicker.com/static/forever/images/product/ef31de965c6bc065bae5568229e369b1.256p.jpg,Optical,"Wired, Wireless",30000,Right,White,
Logitech G903,https://pcpartpicker.com/product/6Bm323/logitech-g903-wireless-optical-mouse-910-005083,https://images-na.ssl-images-amazon.com/images/I/41hj-bvIpbL.jpg,Optical,Wireless,12000,Both,Black / Blue,95.99
Dell MS116,https://pcpartpicker.com/product/hB8bt6/dell-ms116-wired-optical-mouse-ms116-bk,https://cdna.pcpartpicker.com/static/forever/images/product/68c493640c19b97eb30f4d29f7b849d7.256p.jpg,Optical,Wired,1000,Both,Black,8.44
Logitech G309 LIGHTSPEED,https://pcpartpicker.com/product/RKzXsY/logitech-g309-lightspeed-wirelessbluetooth-optical-mouse-910-007205,https://cdna.pcpartpicker.com/static/forever/images/product/b80e63792dc6ef61f932212b6af01fda.256p.jpg,Optical,"Wireless, Bluetooth Wireless",25600,Right,White,49.99
Asus ROG Keris II WL Ace,https://pcpartpicker.com/product/6B3NnQ/asus-rog-keris-ii-wl-ace-wiredbluetoothwireless-optical-mouse-90mp03n0-bmua10,https://cdna.pcpartpicker.com/static/forever/images/product/e1ad1959d5f75cc609ae03de8a8906ce.256p.jpg,Optical,"Wired, Wireless, Bluetooth Wireless",42000,Right,White,108.59
Logitech PRO 2 LIGHTSPEED,https://pcpartpicker.com/product/cdpQzy/logitech-pro-2-lightspeed-wiredwireless-optical-mouse-910-007290,https://cdna.pcpartpicker.com/static/forever/images/product/09a3bd91bdb939f178984931dfca731b.256p.jpg,Optical,"Wired, Wireless",32000,Both,White,118.21
Logitech MX MASTER 3S,https://pcpartpicker.com/product/yVKKHx/logitech-mx-master-3s-wireless-optical-mouse-910-006558,https://cdna.pcpartpicker.com/static/forever/images/product/487d6f4109b89a3e2c44fa934dd43b2c.256p.jpg,Optical,Wireless,8000,Right,White,119.99
Corsair M55,https://pcpartpicker.com/product/mKYRsY/corsair-m55-bluetoothwireless-optical-mouse-ch-931f000-ww,https://cdna.pcpartpicker.com/static/forever/images/product/4a9922bc4a83e9dc29a071b19f0d3144.256p.jpg,Optical,"Wireless, Bluetooth Wireless",24000,Right,Black,49.99
Logitech G600 MMO Gaming Mouse,https://pcpartpicker.com/product/ytZQzy/logitech-mouse-910002864,https://cdna.pcpartpicker.com/static/forever/images/product/d86fec800f132dbefa676d13d0d9a7a4.256p.jpg,Laser,Wired,8200,Right,Black,
Corsair M75,https://pcpartpicker.com/product/bmhv6h/corsair-m75-wirelessbluetoothwired-optical-mouse-ch-931d011-na,https://cdna.pcpartpicker.com/static/forever/images/product/9e55c8432dedbd50649591772dcd7669.256p.jpg,Optical,"Wired, Wireless, Bluetooth Wireless",26000,Both,White,53.88
Glorious Model O 2,https://pcpartpicker.com/product/rk88TW/glorious-model-o-2-wiredwirelessbluetooth-optical-mouse-glo-ms-owv2-mb,https://cdna.pcpartpicker.com/static/forever/images/product/da1e1dcc66ed57f9fb76ccc13753c426.256p.jpg,Optical,"Wired, Wireless, Bluetooth Wireless",26000,Right,Black,99.99
Razer Cobra Pro,https://pcpartpicker.com/product/v4zXsY/razer-cobra-pro-wiredbluetoothwireless-optical-mouse-rz01-04660200-r3u1,https://m.media-amazon.com/images/I/31F9-DUl9mL.jpg,Optical,"Wired, Wireless, Bluetooth Wireless",30000,Right,White,129.99
Corsair GLAIVE RGB Aluminum,https://pcpartpicker.com/product/4ngPxr/corsair-glaive-rgb-aluminum-wired-optical-mouse-ch-9302111-na,https://m.media-amazon.com/images/I/41boOFtrycL.jpg,Optical,Wired,16000,Right,Black,
Razer DeathAdder 2013,https://pcpartpicker.com/product/ZdZQzy/razer-mouse-rz0100840100r3u1,https://cdna.pcpartpicker.com/static/forever/images/product/6ce93d9381c0b6c46d8d7e845879c2ea.256p.jpg,Optical,Wired,6400,Right,Black,31.90
Logitech G Pro X Superlight,https://pcpartpicker.com/product/DgcG3C/logitech-g-pro-x-superlight-wireless-optical-mouse-910-005954,https://cdna.pcpartpicker.com/static/forever/images/product/99afea687df00d826a57119589f5487c.256p.jpg,Optical,Wireless,25400,Right,Pink,
Logitech M240 Silent,https://pcpartpicker.com/product/mx26Mp/logitech-m240-silent-bluetooth-optical-mouse-910-007113,https://cdna.pcpartpicker.com/static/forever/images/product/d8f55e7dc42c75b6e4abb9ceedecd2d9.256p.jpg,Optical,Bluetooth Wireless,4000,Both,Black,11.50
Logitech PRO X SUPERLIGHT 2 DEX,https://pcpartpicker.com/product/P2pQzy/logitech-pro-x-superlight-2-dex-wiredwireless-optical-mouse-910-007371,https://cdna.pcpartpicker.com/static/forever/images/product/3657c1434daabd01e5e28dd1b5bd9350.256p.jpg,Optical,"Wired, Wireless",44000,Right,Pink,149.99
Keychron M3,https://pcpartpicker.com/product/smNYcf/keychron-m3-bluetoothwirelesswired-optical-mouse-40294351896665,https://cdna.pcpartpicker.com/static/forever/images/product/4f91db42117802d312efdcd0fc2263a8.256p.jpg,Optical,"Wired, Wireless, Bluetooth Wireless",26000,Right,Black,49.99
SteelSeries Aerox 3,https://pcpartpicker.com/product/2twkcf/steelseries-aerox-3-bluetooth-wireless-optical-mouse-62604,https://cdna.pcpartpicker.com/static/forever/images/product/aa5f7764bd01a4136c66c6980fccd89e.256p.jpg,Optical,Bluetooth Wireless,18000,Right,Black,79.90
Logitech G400s,https://pcpartpicker.com/product/4NrG3C/logitech-mouse-910003589,https://m.media-amazon.com/images/I/41ziL1iO2JL.jpg,Optical,Wired,4000,Right,Black,269.99
Razer Basilisk V3 35K,https://pcpartpicker.com/product/Gpqrxr/razer-basilisk-v3-35k-wired-optical-mouse-rz01-05230100-r3u1,https://cdna.pcpartpicker.com/static/forever/images/product/ad91c2718764f953c103f4cc8144cc56.256p.jpg,Optical,Wired,35000,Right,Black,58.99
Logitech M170,https://pcpartpicker.com/product/vWBzK8/logitech-m170-wirelesswired-optical-mouse-910-006864,https://cdna.pcpartpicker.com/static/forever/images/product/3e33764847cc41ddb95bdeb899f71847.256p.jpg,Optical,"Wired, Wireless",1000,Both,White,14.99
HP HyperX Pulsefire Haste 2 Core,https://pcpartpicker.com/product/r7tLrH/hp-hyperx-pulsefire-haste-2-core-bluetoothwireless-optical-mouse-8r2e6aa,https://cdna.pcpartpicker.com/static/forever/images/product/13c832c996840de38d9a439c5f62b44b.256p.jpg,Optical,"Wireless, Bluetooth Wireless",12000,Right,Black,29.99
Asus ROG  Gladius III AimPoint,https://pcpartpicker.com/product/gXsV3C/asus-rog-gladius-iii-aimpoint-bluetoothwirelesswired-optical-mouse-90mp02y0-bmaa10,https://cdna.pcpartpicker.com/static/forever/images/product/449b5a7b3cf5acc96da52a56dee433d1.256p.jpg,Optical,"Wired, Wireless, Bluetooth Wireless",36000,Right,White,97.74
Glorious Model O-,https://pcpartpicker.com/product/78XYcf/glorious-pc-gaming-race-model-o-wired-optical-mouse-gom-black,https://cdna.pcpartpicker.com/static/forever/images/product/c0dfd77aad137727f2bfa6e03304a001.256p.jpg,Optical,Wired,12000,Right,Black,52.99
Razer Orochi V2,https://pcpartpicker.com/product/Nt7G3C/razer-orochi-v2-wireless-optical-mouse-rz01-03730400-r3u1,https://cdna.pcpartpicker.com/static/forever/images/product/5b65da659333a26f6624d15733414fff.256p.jpg,Optical,Wireless,18000,Right,White,34.99
SteelSeries Aerox 5,https://pcpartpicker.com/product/CN4Zxr/steelseries-aerox-5-wired-optical-mouse-62401,https://cdna.pcpartpicker.com/static/forever/images/product/2145cc0b8b0eca6f4f51a9f9c75f3398.256p.jpg,Optical,Wired,18000,Right,Black,79.98
Logitech M720 Triathlon,https://pcpartpicker.com/product/krTrxr/logitech-m720-triathlon-bluetooth-wireless-optical-mouse-910-004790,https://cdna.pcpartpicker.com/static/forever/images/product/ca401841556b253b4afe17e22519fc06.256p.jpg,Optical,Bluetooth Wireless,1000,Right,Black,22.50
Razer DeathAdder V2 Pro,https://pcpartpicker.com/product/KYPgXL/razer-deathadder-v2-pro-wireless-optical-mouse-rz01-03350100-r3u1,https://cdna.pcpartpicker.com/static/forever/images/product/e081ddfb8c66371eb0d090672f19af59.256p.jpg,Optical,Wireless,20000,Right,Black,
HP HyperX Pulsefire Haste 2 Mini,https://pcpartpicker.com/product/xYvD4D/hp-hyperx-pulsefire-haste-2-mini-bluetoothwirelesswired-optical-mouse-7d388aa,https://cdna.pcpartpicker.com/static/forever/images/product/c7a39e0ec43665b1c626bc47cb8759ac.256p.jpg,Optical,"Wired, Wireless, Bluetooth Wireless",26000,Right,Black,29.99
Glorious Model D-,https://pcpartpicker.com/product/j9gQzy/glorious-pc-gaming-race-model-d-wired-optical-mouse-glo-ms-dm-mb,https://cdna.pcpartpicker.com/static/forever/images/product/1a663b5537c9f0563774cfed13b73d84.256p.jpg,Optical,Wired,12000,Right,Black,28.96
Razer DeathAdder Chroma,https://pcpartpicker.com/product/Lj4NnQ/razer-mouse-rz0101210100r3u1,https://m.media-amazon.com/images/I/418ph9WnoLL.jpg,Optical,Wired,10000,Right,Black,44.99
Logitech G305 LIGHTSPEED,https://pcpartpicker.com/product/stt9TW/logitech-g305-lightspeed-wirelesswired-optical-mouse-910-006020,https://cdna.pcpartpicker.com/static/forever/images/product/901be2ebe905621356b89d4ce7ff142f.256p.jpg,Optical,"Wired, Wireless",12000,Right,Purple,29.99
EVGA X15 MMO Gaming,https://pcpartpicker.com/product/qrKKHx/evga-x15-mmo-gaming-wired-optical-mouse-904-w1-15bk-kr,https://cdna.pcpartpicker.com/static/forever/images/product/0bc168b9fc514e7537b25a882121e177.256p.jpg,Optical,Wired,16000,Right,Black,
Xtrfy M42 RGB,https://pcpartpicker.com/product/gLWzK8/xtrfy-m42-rgb-optical-mouse-m42-rgb-white,https://cdna.pcpartpicker.com/static/forever/images/product/a80b9acfbefdef9fef452f41e73c762b.256p.jpg,Optical,,16000,Right,White,19.98
Endgame Gear OP1 8k v2,https://pcpartpicker.com/product/QydMnQ/endgame-gear-op1-8k-v2-wired-optical-mouse-egg-op1-8k-v2-wht,https://cdna.pcpartpicker.com/static/forever/images/product/beca7db032f036e630bb10d4d45a1f95.256p.jpg,Optical,Wired,30000,Right,White,89.99
Razer Viper Ultimate,https://pcpartpicker.com/product/437G3C/razer-viper-ultimate-wireless-optical-mouse-rz01-03050200-r3u1,https://m.media-amazon.com/images/I/31PR+RfutWL.jpg,Optical,Wireless,20000,Both,Black,134.94
Razer Mamba Elite,https://pcpartpicker.com/product/jvCD4D/razer-mamba-elite-wired-optical-mouse-rz01-02560100-r3u1,https://cdna.pcpartpicker.com/static/forever/images/product/c2346112fa183f5096da60261edf05c2.256p.jpg,Optical,Wired,16000,Right,Black,86.90
Glorious Model O-,https://pcpartpicker.com/product/VwjNnQ/glorious-pc-gaming-race-model-o-wired-optical-mouse-gom-white,https://cdna.pcpartpicker.com/static/forever/images/product/78cac0f965e6d5c7470bc0095bcc1eca.256p.jpg,Optical,Wired,12000,Right,White,49.99
Asus P704 ROG CHAKRAM,https://pcpartpicker.com/product/GJPgXL/asus-p704-rog-chakram-wireless-optical-mouse-90mp01k0-bmua00,https://cdna.pcpartpicker.com/static/forever/images/product/001f947a6bca968b8791442b6884fb70.256p.jpg,Optical,Wireless,16000,Right,Black,159.99
HP HyperX Pulsefire Haste 2 Mini,https://pcpartpicker.com/product/kTGhP6/hp-hyperx-pulsefire-haste-2-mini-bluetoothwirelesswired-optical-mouse-7d389aa,https://m.media-amazon.com/images/I/21rnHSeuAiL.jpg,Optical,"Wired, Wireless, Bluetooth Wireless",26000,Right,White,29.99
Logitech M190,https://pcpartpicker.com/product/Rj9wrH/logitech-m190-wirelesswired-optical-mouse-910-005906,https://cdna.pcpartpicker.com/static/forever/images/product/fd25b3e9e8f81b12a15cbc6c87df3034.256p.jpg,Optical,"Wired, Wireless",1000,Both,Black / Gray,
Logitech G502 Proteus Core,https://pcpartpicker.com/product/VfYXsY/logitech-mouse-910004074,https://cdna.pcpartpicker.com/static/forever/images/product/61b88698fc168ad4ccac3286545a9666.256p.jpg,Optical,Wired,12000,Right,Black / Blue,
FinalMouse Ultralight Pro,https://pcpartpicker.com/product/BPqBD3/finalmouse-ultralight-pro-wired-optical-mouse-fm-ultralight-bk,/static/forever/img/no-image.png,Optical,Wired,3200,Right,Black,
Razer Basilisk Ultimate,https://pcpartpicker.com/product/WJKKHx/razer-basilisk-ultimate-wirelesswired-optical-mouse-rz01-03170200-r3u1,https://m.media-amazon.com/images/I/31ejEOSBIHL.jpg,Optical,"Wired, Wireless",20000,Right,Black / Green,
Razer Viper Mini Signature Edition,https://pcpartpicker.com/product/8CzXsY/razer-viper-mini-signature-edition-wirelesswired-optical-mouse-rz01-04410100-r3m1,https://cdna.pcpartpicker.com/static/forever/images/product/4c9e6e00f1b0f4df34f37fb8d0bf0fdf.256p.jpg,Optical,"Wired, Wireless",30000,Right,Black,
SteelSeries Aerox 3 (2022),https://pcpartpicker.com/product/wX7G3C/steelseries-aerox-3-2022-wired-optical-mouse-62603,https://m.media-amazon.com/images/I/41h3LQHlmrL.jpg,Optical,Wired,8500,Right,White,63.99
Corsair DARK CORE RGB PRO,https://pcpartpicker.com/product/NghmP6/corsair-dark-core-rgb-pro-wireless-optical-mouse-ch-9315411-na,https://m.media-amazon.com/images/I/41M52yTK5+L.jpg,Optical,Wireless,18000,Right,Black,69.98
SteelSeries Aerox 3 (2022),https://pcpartpicker.com/product/BQnypg/steelseries-aerox-3-2022-wired-optical-mouse-62611,https://cdna.pcpartpicker.com/static/forever/images/product/6df1fedc3dc65936a2afa7ea662c1572.256p.jpg,Optical,Wired,8500,Right,Black,44.99
Asus ROG Gladius III,https://pcpartpicker.com/product/bwBG3C/asus-rog-gladius-iii-wired-optical-mouse-rog-gladius-iii,https://cdna.pcpartpicker.com/static/forever/images/product/f808244a462ff7e42390ac7de53aa346.256p.jpg,Optical,Wired,26000,Right,Black,59.95
Logitech MX Ergo S,https://pcpartpicker.com/product/nKZWGX/logitech-mx-ergo-s-wirelessbluetoothwired-trackball-910-007259,https://cdna.pcpartpicker.com/static/forever/images/product/71200a6912365b494218b50450e4b7ac.256p.jpg,Trackball,"Wired, Wireless, Bluetooth Wireless",2048,Right,Black,113.99
Perixx PERIMICE-201P B,https://pcpartpicker.com/product/jWxfrH/perixx-mouse-10042,https://m.media-amazon.com/images/I/21IYBLiowAL.jpg,Optical,Wired,800,Both,Black / Silver,6.99
HP HyperX Pulsefire Core RGB,https://pcpartpicker.com/product/w87p99/hp-hyperx-pulsefire-core-rgb-wired-optical-mouse-hx-mc004b,https://cdna.pcpartpicker.com/static/forever/images/product/7ec3d99e13b9e17b324d53e507b9b5d9.256p.jpg,Optical,Wired,6200,Right,Black,
NZXT Lift 2 Symm,https://pcpartpicker.com/product/pgcgXL/nzxt-lift-2-symm-wired-optical-mouse-ms-001nb-03,https://cdna.pcpartpicker.com/static/forever/images/product/bca5aeab77caa8e8d57f95236512c1bc.256p.jpg,Optical,Wired,26000,Right,Black,
Sabrent MS-WSML,https://pcpartpicker.com/product/YWqPxr/sabrent-ms-wsml-wireless-optical-mouse-ms-wsml,https://m.media-amazon.com/images/I/416NeMxgcRL.jpg,Optical,Wireless,1200,Right,Black,
Logitech M185,https://pcpartpicker.com/product/FyCwrH/logitech-mouse-910002225,https://cdna.pcpartpicker.com/static/forever/images/product/c0bca7074e9e4993f03ba379aba386c3.256p.jpg,Optical,Wireless,,Both,Gray,12.97
Logitech MX Master 3,https://pcpartpicker.com/product/XBcRsY/logitech-mx-master-3-wireless-laser-mouse-910-005647,https://cdna.pcpartpicker.com/static/forever/images/product/d3a9b615f187bce607d610088fbbfdfd.256p.jpg,Laser,Wireless,4000,Right,Black / Silver,
Mad Catz R.A.T. Pro X3,https://pcpartpicker.com/product/dwK2FT/mad-catz-rat-pro-x3-wired-optical-mouse-mr05dcinbl01,https://cdna.pcpartpicker.com/static/forever/images/product/91ba92d16bc28a9922090b681ad0d3b0.256p.jpg,Optical,Wired,16000,Right,Black,
Cooler Master MM710 Glossy Black,https://pcpartpicker.com/product/tjGnTW/cooler-master-mm710-glossy-black-wired-optical-mouse-mm-710-kkol2,https://cdna.pcpartpicker.com/static/forever/images/product/586fa682a2be333c55d81a657b68c4cd.256p.jpg,Optical,Wired,16000,Right,Black,24.99
Logitech M170,https://pcpartpicker.com/product/wb3H99/logitech-m170-wirelesswired-optical-mouse-910-004940,https://cdna.pcpartpicker.com/static/forever/images/product/ff17652c888a0859c30b759ac3477a1b.256p.jpg,Optical,"Wired, Wireless",1000,Both,Black,11.99
Razer Pro Click V2 Vertical,https://pcpartpicker.com/product/xYLp99/razer-pro-click-v2-vertical-wirelessbluetoothwired-optical-mouse-rz01-05250100-r3u1,https://cdna.pcpartpicker.com/static/forever/images/product/f91664a540524f615f195293134e9034.256p.jpg,Optical,"Wired, Wireless, Bluetooth Wireless",30000,Right,Black,119.99
Logitech PEBBLE 2 M350S,https://pcpartpicker.com/product/NbcgXL/logitech-pebble-2-m350s-wirelesswired-optical-mouse-910-007022,https://cdna.pcpartpicker.com/static/forever/images/product/b489b8e200ddb3d2aa4e8ad69470fbae.256p.jpg,Optical,"Wired, Wireless",1000,Both,White,19.98
EVGA X20,https://pcpartpicker.com/product/JXZ9TW/evga-x20-wiredbluetoothwireless-optical-mouse-903-t1-20bk-kr,https://m.media-amazon.com/images/I/314qtgeYpmL.jpg,Optical,"Wired, Wireless, Bluetooth Wireless",16000,Right,Black / Silver,39.19
Endgame Gear XM2we,https://pcpartpicker.com/product/n3sV3C/endgame-gear-xm2we-wirelesswired-optical-mouse-egg-xm2we-wht,https://cdna.pcpartpicker.com/static/forever/images/product/ae5e526dd13bcfda496ae874641bde77.256p.jpg,Optical,"Wired, Wireless",19000,Right,White,49.99
SteelSeries Prime+,https://pcpartpicker.com/product/XfmmP6/steelseries-prime-wired-optical-mouse-62490,https://cdna.pcpartpicker.com/static/forever/images/product/29ae311850951f79cdf1e06d62f57ca4.256p.jpg,Optical,Wired,18000,Right,Black,24.95
Endgame Gear OP1 8k,https://pcpartpicker.com/product/BzDQzy/endgame-gear-op1-8k-wired-optical-mouse-egg-op1-8k-blk,https://cdna.pcpartpicker.com/static/forever/images/product/e322fd3e6ffd5d49bc5c753206a5348f.256p.jpg,Optical,Wired,26000,Right,Black,
Corsair IRONCLAW RGB FPS/MOBA,https://pcpartpicker.com/product/sxzkcf/corsair-ironclaw-rgb-fpsmoba-wired-optical-mouse-ch-9307011-na,https://cdna.pcpartpicker.com/static/forever/images/product/ba40c3a1b92ccff32a257c46f9151722.256p.jpg,Optical,Wired,18000,Right,Black,49.99
Glorious Model O,https://pcpartpicker.com/product/39snTW/glorious-pc-gaming-race-model-o-wireless-optical-mouse-glo-ms-ow-mw,https://cdna.pcpartpicker.com/static/forever/images/product/4224f428c644018d89a196bc67631462.256p.jpg,Optical,Wireless,19000,Right,White,
Keychron M5,https://pcpartpicker.com/product/cxTFf7/keychron-m5-wiredbluetoothwireless-optical-mouse-m5-a23,https://cdna.pcpartpicker.com/static/forever/images/product/de7baaa937951b222c9ecf207d1e57f3.256p.jpg,Optical,"Wired, Wireless, Bluetooth Wireless",30000,Right,Black,69.99
Logitech LIFT,https://pcpartpicker.com/product/FX7G3C/logitech-lift-bluetoothwireless-optical-mouse-910-006466,https://cdna.pcpartpicker.com/static/forever/images/product/5a3715db5fb14936db573d000fccb517.256p.jpg,Optical,"Wireless, Bluetooth Wireless",4000,Right,Black,59.99
Corsair M65 RGB ELITE,https://pcpartpicker.com/product/dmzkcf/corsair-m65-rgb-elite-wired-optical-mouse-ch-9309111-na,https://cdna.pcpartpicker.com/static/forever/images/product/5b398a22dedb28c16624f46920fd0c4f.256p.jpg,Optical,Wired,17995,Right,White,
Cherry MC 1000,https://pcpartpicker.com/product/DJwypg/cherry-mc-1000-wired-optical-mouse-jm-0800-2,https://cdna.pcpartpicker.com/static/forever/images/product/03039732785f968e34135a3ac9beee4d.256p.jpg,Optical,Wired,1200,Both,Black,8.94
HP HyperX Pulsefire Haste,https://pcpartpicker.com/product/sz3gXL/hp-hyperx-pulsefire-haste-wireless-optical-mouse-4p5d7aa,https://cdna.pcpartpicker.com/static/forever/images/product/5a0b81f9c97725d59a487e01def162ee.256p.jpg,Optical,Wireless,16000,Right,Black,78.43
Logitech G102 LIGHTSYNC RGB,https://pcpartpicker.com/product/grmNnQ/logitech-g102-lightsync-rgb-wired-optical-mouse-910-005803,https://m.media-amazon.com/images/I/31g3+YjFw9L.jpg,Optical,Wired,8000,Right,White,
Endgame Gear OP1w 4k v2,https://pcpartpicker.com/product/PX7MnQ/endgame-gear-op1w-4k-v2-wirelesswired-optical-mouse-egg-op1w-4k-v2-blk,https://cdna.pcpartpicker.com/static/forever/images/product/71b6f47d2d47f1a86a7624c373525dfa.256p.jpg,Optical,"Wired, Wireless",30000,Right,Black,129.99
Glorious Model D 2 PRO,https://pcpartpicker.com/product/bJRwrH/glorious-model-d-2-pro-wirelesswired-optical-mouse-glo-ms-pdwv2-1k-b,https://cdna.pcpartpicker.com/static/forever/images/product/f3ad2553f3e156d361701f6e32a4accd.256p.jpg,Optical,"Wired, Wireless",26000,Right,Black,69.98
Razer Viper Ultimate,https://pcpartpicker.com/product/ggcG3C/razer-viper-ultimate-wireless-optical-mouse-rz01-03050400-r3u1,https://cdna.pcpartpicker.com/static/forever/images/product/950f943f90e8f752068f9be97ecbccc9.256p.jpg,Optical,Wireless,20000,Both,White / Gray,89.99
Logitech MX Ergo S Plus,https://pcpartpicker.com/product/NZ8Pxr/logitech-mx-ergo-s-plus-wirelessbluetoothwired-trackball-910-007247,https://cdna.pcpartpicker.com/static/forever/images/product/82fbd4871f6036fae400cf33f72ed9d2.256p.jpg,Trackball,"Wired, Wireless, Bluetooth Wireless",2048,Right,Black,109.99
NZXT Lift Elite,https://pcpartpicker.com/product/Zt8Pxr/nzxt-lift-elite-wiredwireless-optical-mouse-ms-101nb-01,https://cdna.pcpartpicker.com/static/forever/images/product/9b06142dba6a64e9f24f58be041cb429.256p.jpg,Optical,"Wired, Wireless",26000,Right,Black,38.18
Corsair KATAR PRO,https://pcpartpicker.com/product/PdZzK8/corsair-katar-pro-wireless-optical-mouse-ch-931c011-na,https://cdna.pcpartpicker.com/static/forever/images/product/908eb3748658853e7faea9e895967ad9.256p.jpg,Optical,Wireless,10000,Right,Black,37.99
Logitech MX Anywhere 3S,https://pcpartpicker.com/product/3VP8TW/logitech-mx-anywhere-3s-bluetoothwirelesswired-laser-mouse-910-006925,https://cdna.pcpartpicker.com/static/forever/images/product/c66b5c2a44919cbf5dea2a65cf0135f9.256p.jpg,Laser,"Wired, Wireless, Bluetooth Wireless",8000,Right,Gray,84.99
Logitech M705,https://pcpartpicker.com/product/fGCwrH/logitech-mouse-910001935,https://cdna.pcpartpicker.com/static/forever/images/product/2bec16dfb64902ad0056ecb9404e4f26.256p.jpg,Laser,Wireless,,Right,Black,29.99
Keychron M6 1000Hz,https://pcpartpicker.com/product/r44Pxr/keychron-m6-1000hz-wiredbluetoothwireless-optical-mouse-mskcm6a1,https://cdna.pcpartpicker.com/static/forever/images/product/2ccaba8c1ac64451392240f1ba8f08c6.256p.jpg,Optical,"Wired, Wireless, Bluetooth Wireless",26000,Right,Black,
Razer Basilisk V2,https://pcpartpicker.com/product/ZcgQzy/razer-basilisk-v2-wired-optical-mouse-rz01-03160100-r3u1,https://cdna.pcpartpicker.com/static/forever/images/product/1841b82340846f04a4fac12d496ca7a7.256p.jpg,Optical,Wired,20000,Right,Black,
Razer Viper Ultimate w/Dock,https://pcpartpicker.com/product/nhbTwP/razer-viper-ultimate-wdock-wireless-optical-mouse-rz01-03050300-r3m1,https://cdna.pcpartpicker.com/static/forever/images/product/ae9b1b9c8d6363d03e17b77e51343e45.256p.jpg,Optical,Wireless,20000,Both,Pink,
ROCCAT Kone XP Air,https://pcpartpicker.com/product/yJ7scf/roccat-kone-xp-air-bluetoothwirelesswired-optical-mouse-roc-11-442-01,https://m.media-amazon.com/images/I/31JSI4lH1WL.jpg,Optical,"Wired, Wireless, Bluetooth Wireless",19000,Right,Black,
Logitech Signature M650,https://pcpartpicker.com/product/WdkWGX/logitech-signature-m650-bluetoothwirelesswired-optical-mouse-910-006251,https://cdna.pcpartpicker.com/static/forever/images/product/f470a56d900aa202de01830745fa44db.256p.jpg,Optical,"Wired, Wireless, Bluetooth Wireless",4000,Right,Pink,26.99
Razer Viper Mini Signature Edition,https://pcpartpicker.com/product/YkkH99/razer-viper-mini-signature-edition-wirelesswired-optical-mouse-rz01-04410300-r3m1,https://cdna.pcpartpicker.com/static/forever/images/product/2bc94d323f600999f2ab464e0f42abff.256p.jpg,Optical,"Wired, Wireless",30000,Right,White,
Logitech ERGO M575S,https://pcpartpicker.com/product/BWXMnQ/logitech-ergo-m575s-wirelessbluetooth-trackball-910-007027,https://cdna.pcpartpicker.com/static/forever/images/product/e9190c6cdd0fb59b0432133b6a757b2f.256p.jpg,Trackball,"Wireless, Bluetooth Wireless",2000,Right,Gray / Blue,39.99
Razer DeathAdder V4 Pro,https://pcpartpicker.com/product/sHjv6h/razer-deathadder-v4-pro-wirelesswired-optical-mouse-rz01-05330500-r3u1,/static/forever/img/no-image.png,Optical,"Wired, Wireless",45000,Right,Green,179.99
Razer Orochi V2 Quartz,https://pcpartpicker.com/product/qT8bt6/razer-orochi-v2-quartz-wireless-optical-mouse-rz01-03731200-r3u1,https://cdna.pcpartpicker.com/static/forever/images/product/5b20a2922ca25c937719786e919d0f61.256p.jpg,Optical,Wireless,18000,Right,Pink / Gray,69.99
Razer Naga Left-Handed Edition,https://pcpartpicker.com/product/hG7G3C/razer-naga-left-handed-edition-wired-optical-mouse-rz01-03410100-r3u1,https://cdna.pcpartpicker.com/static/forever/images/product/b22b7d7c84585a38fee5baabf48e8979.256p.jpg,Optical,Wired,20000,Left,Black,99.99
Asus P702 ROG GLADIUS II WIRELESS,https://pcpartpicker.com/product/J7C48d/asus-p702-rog-gladius-ii-wireless-wireless-optical-mouse-p702-rog-gladius-ii-wireless,https://m.media-amazon.com/images/I/41fX2CboJTL.jpg,Optical,Wireless,16000,Right,Black / Red,
Apple MB829LL/A,https://pcpartpicker.com/product/6x3RsY/apple-mouse-mb829lla,https://m.media-amazon.com/images/I/31IwX2-E6DL.jpg,Laser,Bluetooth Wireless,,,White,
Redragon M990,https://pcpartpicker.com/product/t2tQzy/redragon-m990-wired-laser-mouse-m990,https://m.media-amazon.com/images/I/41EgZl8NrhL.jpg,Laser,Wired,24000,Right,Black,
Asus ROG Strix Impact III,https://pcpartpicker.com/product/QfQKHx/asus-rog-strix-impact-iii-bluetoothwireless-optical-mouse-90mp03d0-bmaa00,https://cdna.pcpartpicker.com/static/forever/images/product/e4ca66aef41a664f72ef9b2f07d7ef38.256p.jpg,Optical,"Wireless, Bluetooth Wireless",36000,Right,Black,
Logitech G203 Lightsync,https://pcpartpicker.com/product/VCNgXL/logitech-g203-lightsync-wired-optical-mouse-910-005792,https://cdna.pcpartpicker.com/static/forever/images/product/7058b62841039b4aa070b2fb3c0d45bf.256p.jpg,Optical,Wired,8000,Right,Blue,21.99
Logitech G203 Lightsync,https://pcpartpicker.com/product/8XK2FT/logitech-g203-lightsync-wired-optical-mouse-910-005851,https://cdna.pcpartpicker.com/static/forever/images/product/52fd4b095f5e97b3225016ae6a94a08a.256p.jpg,Optical,Wired,8000,Right,Purple,24.30
Logitech M317,https://pcpartpicker.com/product/fsX2FT/logitech-m317-wirelesswired-optical-mouse-910-003416,https://m.media-amazon.com/images/I/41sg+k1wKjL.jpg,Optical,"Wired, Wireless",1000,Both,Black,13.00
Corsair M75 AIR,https://pcpartpicker.com/product/P8XV3C/corsair-m75-air-wirelessbluetoothwired-optical-mouse-ch-931d100-na,https://cdna.pcpartpicker.com/static/forever/images/product/c175cfa38e491b6a305b0129abf1a676.256p.jpg,Optical,"Wired, Wireless, Bluetooth Wireless",26000,Right,Black,49.99
A4Tech Bloody AL90,https://pcpartpicker.com/product/3sX2FT/a4tech-bloody-al90-wired-laser-mouse-al90,https://cdna.pcpartpicker.com/static/forever/images/product/6f6e6d398fe77f78a8bc7cac04da6451.256p.jpg,Laser,Wired,,Right,Black,59.99
SteelSeries Rival 600,https://pcpartpicker.com/product/ZNPKHx/steelseries-rival-600-wired-optical-mouse-62446,https://cdna.pcpartpicker.com/static/forever/images/product/9e7641d8d174058bb47d10db3ba3d062.256p.jpg,Optical,Wired,12000,Right,Black,
A4Tech G9-330H-2,https://pcpartpicker.com/product/xYkD4D/a4tech-mouse-g9330h2,https://cdna.pcpartpicker.com/static/forever/images/product/e5e79a849fc1d58bb0aa55994b06c74f.med.256p.jpg,Optical,Wireless,2000,Both,Black / Silver,10.14
Logitech G403 Prodigy,https://pcpartpicker.com/product/yKhj4D/logitech-g403-prodigy-wired-optical-mouse-910-004796,https://m.media-amazon.com/images/I/31dNVZofv6L.jpg,Optical,Wired,12000,Right,Black,
Asus ROG Keris,https://pcpartpicker.com/product/NTrRsY/asus-rog-keris-wired-optical-mouse-90mp01r0-b0ua00,https://cdna.pcpartpicker.com/static/forever/images/product/1a66e73a0360d854d8f8bab801bcf79d.256p.jpg,Optical,Wired,16000,Right,Black,49.99
Pulsar Xlite v4 Mini,https://pcpartpicker.com/product/77JBD3/pulsar-xlite-v4-mini-wirelesswired-optical-mouse-pxl41qcs,https://cdna.pcpartpicker.com/static/forever/images/product/f54894d1714de33584fb19f776e024b5.256p.jpg,Optical,"Wired, Wireless",32000,Right,White / Red,159.94
Verbatim 99767 Commuter,https://pcpartpicker.com/product/XBMwrH/verbatim-99767-commuter-wireless-optical-mouse-99767,https://cdna.pcpartpicker.com/static/forever/images/product/2d6d53029d6c6237a080c251b5ab34ef.256p.jpg,Optical,Wireless,,Both,Red / Black,11.47
MCHOSE L7 Ultra,https://pcpartpicker.com/product/vckqqs/mchose-l7-ultra-wiredwirelessbluetooth-optical-mouse-mc-l7-6,https://m.media-amazon.com/images/I/21Z4cu34weL.jpg,Optical,"Wired, Wireless, Bluetooth Wireless",42000,Right,White,
Corsair M65 RGB ULTRA WIRELESS,https://pcpartpicker.com/product/sMmmP6/corsair-m65-rgb-ultra-wireless-wireless-optical-mouse-ch-9319411-na,https://cdna.pcpartpicker.com/static/forever/images/product/8c2320c4b1f286232ed2e0765180589c.256p.jpg,Optical,Wireless,26000,Right,Black / Silver,
Logitech LIFT,https://pcpartpicker.com/product/CLNxFT/logitech-lift-bluetoothwireless-optical-mouse-910-006469,https://cdna.pcpartpicker.com/static/forever/images/product/d44b9083fbb301d604b29044f41a35af.256p.jpg,Optical,"Wireless, Bluetooth Wireless",4000,Right,White,69.00
Corsair KATAR PRO XT,https://pcpartpicker.com/product/qXPQzy/corsair-katar-pro-xt-wired-optical-mouse-ch-930c111-na,https://cdna.pcpartpicker.com/static/forever/images/product/fd5649e9e2cb9155c9be5f50ec16e077.256p.jpg,Optical,Wired,12400,Right,Black,29.99
Logitech G305 LIGHTSPEED,https://pcpartpicker.com/product/xtMTwP/logitech-g305-lightspeed-wirelesswired-optical-mouse-910-006012,https://cdna.pcpartpicker.com/static/forever/images/product/9a117701f1c74289cebf34b2b6c92e51.256p.jpg,Optical,"Wired, Wireless",12000,Right,Blue / Green,29.99
Logitech M240 Silent,https://pcpartpicker.com/product/bL7scf/logitech-m240-silent-bluetooth-optical-mouse-910-007116,https://cdna.pcpartpicker.com/static/forever/images/product/fba0daca3972a65317e036f64ece865a.256p.jpg,Optical,Bluetooth Wireless,4000,Both,White,11.50
Targus AMU81USZ,https://pcpartpicker.com/product/dLQypg/targus-mouse-amu81usz,https://cdna.pcpartpicker.com/static/forever/images/product/2e5f4a685b4660ac7633faa9489925f3.256p.jpg,Optical,Wired,1000,,Black,11.99
Razer DeathAdder Essential,https://pcpartpicker.com/product/BdgQzy/razer-deathadder-essential-wired-optical-mouse-rz01-02540100-r3u1,https://cdna.pcpartpicker.com/static/forever/images/product/430bfeab57e003dfb6c1d292339e1df8.256p.jpg,Optical,Wired,6400,Right,Black / Green,
MCHOSE L7 Pro,https://pcpartpicker.com/product/dckqqs/mchose-l7-pro-wiredwirelessbluetooth-optical-mouse-mc-l7-3,https://cdna.pcpartpicker.com/static/forever/images/product/9b9d8793b6e8f2fd23df3c4809c7dfc8.256p.jpg,Optical,"Wired, Wireless, Bluetooth Wireless",26000,Right,White,
be quiet! Dark Perk Sym,https://pcpartpicker.com/product/TXtkcf/be-quiet-dark-perk-sym-wirelesswired-optical-mouse-bm008,https://m.media-amazon.com/images/I/31-XvbeM+dL.jpg,Optical,"Wired, Wireless",32000,Right,Black,99.90
Razer Basilisk ,https://pcpartpicker.com/product/6c66Mp/razer-basilisk-wired-optical-mouse-rz01-02330200-r3m1,https://cdna.pcpartpicker.com/static/forever/images/product/03da614f00a9d868998b3d52374525cd.256p.jpg,Optical,Wired,16000,Right,Pink,
HP HyperX Pulsefire Haste,https://pcpartpicker.com/product/vLYmP6/hp-hyperx-pulsefire-haste-wired-optical-mouse-hmsh1-a-bkg,https://cdna.pcpartpicker.com/static/forever/images/product/bb456bda2ce40282311a67aed1d25790.256p.jpg,Optical,Wired,16000,Right,Black,53.53
Verbatim 99769 Silent Wireless Blue Led,https://pcpartpicker.com/product/Gnx2FT/verbatim-99769-silent-wireless-blue-led-wireless-optical-mouse-99769,https://cdna.pcpartpicker.com/static/forever/images/product/9bb321ea60c69200a92874ecaf77a2f9.256p.jpg,Optical,Wireless,,Both,Black,19.08
Razer DeathAdder V2 Mini,https://pcpartpicker.com/product/4DkWGX/razer-deathadder-v2-mini-wired-optical-mouse-rz01-03340100-r3u1,https://m.media-amazon.com/images/I/21Wr+351lFL.jpg,Optical,Wired,8500,Right,Black,59.90
Logitech Signature M650 L,https://pcpartpicker.com/product/b6wypg/logitech-signature-m650-l-bluetoothwirelesswired-optical-mouse-910-006231,https://cdna.pcpartpicker.com/static/forever/images/product/02bc0c010b2410ed07b9310b96f5168e.256p.jpg,Optical,"Wired, Wireless, Bluetooth Wireless",4000,Right,Black,32.10
Anker AK-98ANWVM-BA,https://pcpartpicker.com/product/2b8j4D/anker-ak-98anwvm-ba-wired-optical-mouse-ak-98anwvm-ba,https://m.media-amazon.com/images/I/41h3oxMYtPL.jpg,Optical,Wired,1000,Right,Black,16.98
Razer Pro Click V2,https://pcpartpicker.com/product/8KcBD3/razer-pro-click-v2-wirelessbluetoothwired-optical-mouse-rz01-03900100-r3u1,https://m.media-amazon.com/images/I/31Vmvc3i6ZL.jpg,Optical,"Wired, Wireless, Bluetooth Wireless",30000,Right,Black,99.99
Lenovo 06P4069,https://pcpartpicker.com/product/pF2kcf/lenovo-mouse-06p4069,https://cdna.pcpartpicker.com/static/forever/images/product/797e06d21e55c1b43d874ab3a759be0d.256p.jpg,Optical,Wired,400,Both,Black,8.99
Logitech MX Master 3,https://pcpartpicker.com/product/8mkgXL/logitech-mx-master-3-wireless-laser-mouse-910-005692,https://m.media-amazon.com/images/I/414MoBQCnIL.jpg,Laser,Wireless,4000,Right,Silver,
Endgame Gear OP1we,https://pcpartpicker.com/product/9tNYcf/endgame-gear-op1we-wirelesswired-optical-mouse-egg-op1we-wht,https://m.media-amazon.com/images/I/216RwwJBpmL.jpg,Optical,"Wired, Wireless",19000,Right,White,79.00
Redragon Centrophorus M601,https://pcpartpicker.com/product/TdDzK8/redragon-mouse-m601,https://m.media-amazon.com/images/I/31liIyRRPzL.jpg,Optical,Wired,2000,Right,Black / Red,
Logitech G305 LIGHTSPEED,https://pcpartpicker.com/product/cV4Ycf/logitech-g305-lightspeed-wirelesswired-optical-mouse-910-006051,https://m.media-amazon.com/images/I/41nimPscnwL.jpg,Optical,"Wired, Wireless",12000,Right,White / Black,
Logitech G502 Hero K/DA,https://pcpartpicker.com/product/PWpzK8/logitech-g502-hero-kda-wired-optical-mouse-910-006095,https://m.media-amazon.com/images/I/41XhtRT-jVL.jpg,Optical,Wired,25600,Right,White / Blue,
Keychron M7,https://pcpartpicker.com/product/zdKscf/keychron-m7-bluetoothwirelesswired-optical-mouse-m7-a3,https://cdna.pcpartpicker.com/static/forever/images/product/4d5de355321299dd644c75f5465b678b.256p.jpg,Optical,"Wired, Wireless, Bluetooth Wireless",26000,Right,White,
Logitech G603,https://pcpartpicker.com/product/HgdFf7/logitech-g603-wireless-optical-mouse-910-005099,https://m.media-amazon.com/images/I/31B53qQoZQL.jpg,Optical,Wireless,12000,Right,Black,
Glorious Model D-,https://pcpartpicker.com/product/zdLwrH/glorious-pc-gaming-race-model-d-wired-optical-mouse-glo-ms-dm-mw,https://cdna.pcpartpicker.com/static/forever/images/product/f3efa2d3eb67c1d95cebecef94b29948.256p.jpg,Optical,Wired,12000,Right,White,
Asus ProArt Mouse MD300,https://pcpartpicker.com/product/CPXV3C/asus-proart-mouse-md300-wiredwirelessbluetooth-optical-mouse-90xb04f0-bmu000,https://cdna.pcpartpicker.com/static/forever/images/product/43989fc21b18bdf0af0c32485a21dd0c.256p.jpg,Optical,"Wired, Wireless, Bluetooth Wireless",4200,Right,Black,99.99
Pulsar X3 Mini,https://pcpartpicker.com/product/dyXMnQ/pulsar-x3-mini-wirelesswired-optical-mouse-px3r12,https://m.media-amazon.com/images/I/31DBITKKzdL.jpg,Optical,"Wired, Wireless",32000,Right,White,99.95
Logitech M510,https://pcpartpicker.com/product/2GCwrH/logitech-m510-wireless-laser-mouse-910-001822,https://cdna.pcpartpicker.com/static/forever/images/product/8458ad5df5503d34ffac55c9488632af.256p.jpg,Laser,Wireless,1000,Right,Black,80.99
Endgame Gear XM2we,https://pcpartpicker.com/product/fY26Mp/endgame-gear-xm2we-wirelesswired-optical-mouse-egg-xm2we-blk,https://cdna.pcpartpicker.com/static/forever/images/product/0c57706e90cce769004ae95c33ca8851.256p.jpg,Optical,"Wired, Wireless",19000,Right,Black,49.99
Logitech Signature M650,https://pcpartpicker.com/product/tPdG3C/logitech-signature-m650-bluetoothwirelesswired-optical-mouse-910-006250,https://cdna.pcpartpicker.com/static/forever/images/product/4cd2f31470b71592d32a53f311160bc2.256p.jpg,Optical,"Wired, Wireless, Bluetooth Wireless",4000,Right,Black,33.99
UtechSmart Venus,https://pcpartpicker.com/product/9sYWGX/utechsmart-mouse-venus,https://cdna.pcpartpicker.com/static/forever/images/product/b533fbef352e56ad232c2575c3d3b910.256p.jpg,Laser,Wired,16400,Right,Black,25.16
Logitech G502 SE HERO,https://pcpartpicker.com/product/kqdrxr/logitech-g502-se-hero-wired-optical-mouse-910-005728,https://cdna.pcpartpicker.com/static/forever/images/product/1352f08a307d6d717b48bdaf666e6fb4.256p.jpg,Optical,Wired,25600,Right,Black / Silver,
EVGA X17,https://pcpartpicker.com/product/pTJgXL/evga-x17-wired-optical-mouse-903-w1-17bk-kr,https://cdna.pcpartpicker.com/static/forever/images/product/34de22ab519984ae1b4d722cb575df2c.256p.jpg,Optical,Wired,16000,Right,Black / Gray,64.99
Logitech M190,https://pcpartpicker.com/product/VrsV3C/logitech-m190-wirelesswired-optical-mouse-910-005905,https://cdna.pcpartpicker.com/static/forever/images/product/bc473a9a41e088daa3928066f084ccdb.256p.jpg,Optical,"Wired, Wireless",1000,Both,Black,14.99
Sabrent MS-WRCH,https://pcpartpicker.com/product/Z2cG3C/sabrent-ms-wrch-wireless-optical-mouse-ms-wrch,https://m.media-amazon.com/images/I/41-9MOYG1kL.jpg,Optical,Wireless,1600,Right,Black,9.99
Corsair M75 RGB,https://pcpartpicker.com/product/zLy8TW/corsair-m75-rgb-bluetoothwireless-optical-mouse-ch-931d01f-na,https://cdna.pcpartpicker.com/static/forever/images/product/3ad7c323b4e82dcf97337f275850c589.256p.jpg,Optical,"Wireless, Bluetooth Wireless",26000,Both,White,129.95
Turtle Beach Kone II,https://pcpartpicker.com/product/CzwD4D/turtle-beach-kone-ii-wired-optical-mouse-tbm-1003-15,https://m.media-amazon.com/images/I/31B8UqBFMDL.jpg,Optical,Wired,26000,Right,White,49.99
Endgame Gear OP1 8k v2,https://pcpartpicker.com/product/K77MnQ/endgame-gear-op1-8k-v2-wired-optical-mouse-egg-op1-8k-v2-df,https://cdna.pcpartpicker.com/static/forever/images/product/2ef4a84f1565ed6c4a135a5cf5d801c1.256p.jpg,Optical,Wired,30000,Right,Gray,89.99
Glorious Model I,https://pcpartpicker.com/product/NKYmP6/glorious-pc-gaming-race-model-i-wired-optical-mouse-glo-ms-i-mb,https://cdna.pcpartpicker.com/static/forever/images/product/df80faa0d23b1fe5c177ec8d9c1bd718.256p.jpg,Optical,Wired,19000,Right,Black / Red,
Logitech M220 Silent,https://pcpartpicker.com/product/gJ7scf/logitech-m220-silient-wirelesswired-optical-mouse-910-006127,https://cdna.pcpartpicker.com/static/forever/images/product/f892ff34a274beee4342d91c0a5192bf.256p.jpg,Optical,"Wired, Wireless",1000,Both,Black,9.00
Lamzu Maya X,https://pcpartpicker.com/product/bWzp99/lamzu-maya-x-wiredwireless-optical-mouse-0714855493176,/static/forever/img/no-image.png,Optical,"Wired, Wireless",30000,Right,Black,
HP HyperX Pulsefire Haste 2,https://pcpartpicker.com/product/LrDQzy/hp-hyperx-pulsefire-haste-2-wirelessbluetoothwired-optical-mouse-6n0a9aa,https://cdna.pcpartpicker.com/static/forever/images/product/2f60ac6c37f83755fc8dec64f7c8ace5.256p.jpg,Optical,"Wired, Wireless, Bluetooth Wireless",26000,Right,White,59.99
Logitech G Pro Shroud,https://pcpartpicker.com/product/rCxRsY/logitech-g-pro-shroud-wirelesswired-optical-mouse-910-005974,https://m.media-amazon.com/images/I/31TwhqipRcS.jpg,Optical,"Wired, Wireless",25600,Both,Black / Blue,77.00
Logitech MX Anywhere 3S,https://pcpartpicker.com/product/ffpQzy/logitech-mx-anywhere-3s-bluetoothwiredwireless-laser-mouse-910-006926,https://cdna.pcpartpicker.com/static/forever/images/product/7b37adba14467334dd6d8475e93163c5.256p.jpg,Laser,"Wired, Wireless, Bluetooth Wireless",8000,Right,White,79.98
Glorious Model O 2,https://pcpartpicker.com/product/kNWJ7P/glorious-model-o-2-wired-optical-mouse-glo-ms-ov2-mw,https://cdna.pcpartpicker.com/static/forever/images/product/b939c712b35adaa92f993dd3a7b8cc08.256p.jpg,Optical,Wired,26000,Right,White,64.98
Logitech G305 LIGHTSPEED,https://pcpartpicker.com/product/j9zhP6/logitech-g305-lightspeed-wirelesswired-optical-mouse-910-006376,https://cdna.pcpartpicker.com/static/forever/images/product/899626fd8e7c4ca29fba3b3178443b61.256p.jpg,Optical,"Wired, Wireless",12000,Right,Teal / Purple,29.99
MCHOSE G7,https://pcpartpicker.com/product/nrG2FT/mchose-g7-wiredwirelessbluetooth-optical-mouse-mc-g7-2,https://cdna.pcpartpicker.com/static/forever/images/product/c49da30146e0a3e195ba91a5c0e85315.256p.jpg,Optical,"Wired, Wireless, Bluetooth Wireless",12000,Right,Black,
Razer Naga X,https://pcpartpicker.com/product/ZghFf7/razer-naga-x-wired-optical-mouse-rz01-03590100-r3u1,https://cdna.pcpartpicker.com/static/forever/images/product/55969ea55c2b09765c261ac25b181aba.256p.jpg,Optical,Wired,18000,Right,Black,
Logitech M170,https://pcpartpicker.com/product/FwWfrH/logitech-m170-wirelesswired-optical-mouse-910-004941,https://cdna.pcpartpicker.com/static/forever/images/product/e58dc79a5536f26052ab671adec56f9b.256p.jpg,Optical,"Wired, Wireless",1000,Both,Red / Black,11.99
SteelSeries Diablo III,https://pcpartpicker.com/product/VDYXsY/steelseries-mouse-62151,https://m.media-amazon.com/images/I/31UF62HjJ8L.jpg,Laser,Wired,5700,Both,Black,
Corsair M65 RGB ELITE,https://pcpartpicker.com/product/ykZFf7/corsair-m65-rgb-elite-wired-optical-mouse-ch-9309011-na,https://cdna.pcpartpicker.com/static/forever/images/product/3ece5106e64716cae7c9023a8bdf8d59.256p.jpg,Optical,Wired,17997,Right,Black,
Asus ROG Keris Wireless EVA Edition,https://pcpartpicker.com/product/yL8bt6/asus-rog-keris-wireless-eva-edition-wired-optical-mouse-90mp02s0-bmaa00,https://cdna.pcpartpicker.com/static/forever/images/product/ad9401e96d9e27c42986361ae31c9e5f.256p.jpg,Optical,Wired,,Both,Black / Purple,
Logitech G Pro X Superlight,https://pcpartpicker.com/product/DL6p99/logitech-g-pro-x-superlight-wireless-optical-mouse-910-006782,https://cdna.pcpartpicker.com/static/forever/images/product/542a3096628553b5d55d79c3e6db1124.256p.jpg,Optical,Wireless,25400,Right,Red,
Asus ROG Chakram X,https://pcpartpicker.com/product/YDn9TW/asus-rog-chakram-x-wiredwirelessbluetooth-optical-mouse-p708-rog-chakram-x,https://cdna.pcpartpicker.com/static/forever/images/product/92b21a58cbd392a469a079679860e9d2.256p.jpg,Optical,"Wired, Wireless, Bluetooth Wireless",36000,Right,Black,
Endgame Gear XM2 8k Dark Frost,https://pcpartpicker.com/product/DhDQzy/endgame-gear-xm2-8k-dark-frost-wired-optical-mouse-egg-xm2-8k-df,https://cdna.pcpartpicker.com/static/forever/images/product/96c79d39f5e30a51e9fd80ee49858228.256p.jpg,Optical,Wired,26000,Right,Black / Gray,49.99
Dell Alienware AW610M,https://pcpartpicker.com/product/FD2j4D/dell-alienware-aw610m-wired-optical-mouse-4ttx5,https://m.media-amazon.com/images/I/31GMYwtrSWL.jpg,Optical,Wired,16000,Right,Black,69.00
Corsair M75 Cyberpunk 2077: Arasaka Edition,https://pcpartpicker.com/product/t7JBD3/corsair-m75-cyberpunk-2077-arasaka-edition-bluetoothwireless-optical-mouse-ch-931db1l-na,https://cdna.pcpartpicker.com/static/forever/images/product/c6251c1148eeaba5d266224cbb53fa0c.256p.jpg,Optical,"Wireless, Bluetooth Wireless",26000,Both,Black / Red,
Corsair M75 RGB,https://pcpartpicker.com/product/B6BFf7/corsair-m75-rgb-bluetoothwireless-optical-mouse-ch-931d01g-na,https://cdna.pcpartpicker.com/static/forever/images/product/d9ac5517c490c02add172a469dcd1a50.256p.jpg,Optical,"Wireless, Bluetooth Wireless",26000,Both,White / Blue,117.35
Logitech G303 SHROUD EDITION,https://pcpartpicker.com/product/PpJgXL/logitech-g303-shroud-edition-wireless-optical-mouse-910-006103,https://cdna.pcpartpicker.com/static/forever/images/product/24d9f29129e65af8aa4188f3f0a7371b.256p.jpg,Optical,Wireless,25000,Right,Black,
Asus ROG Strix Impact III,https://pcpartpicker.com/product/G3zhP6/asus-rog-strix-impact-iii-wired-optical-mouse-90mp0300-bmua00,https://cdna.pcpartpicker.com/static/forever/images/product/b9fc3eb340dfabdd41888e1e2f8d94e7.256p.jpg,Optical,Wired,12000,Right,Black,54.99
Logitech M170,https://pcpartpicker.com/product/2VGhP6/logitech-m170-wirelesswired-optical-mouse-910-006862,https://cdna.pcpartpicker.com/static/forever/images/product/49f089935900dfb04edfebd5a98c16a9.256p.jpg,Optical,"Wired, Wireless",1000,Both,Pink,11.99
Perixx PERIMICE-517,https://pcpartpicker.com/product/cy6p99/perixx-perimice-517-wired-trackball-perimice-517,https://cdna.pcpartpicker.com/static/forever/images/product/5bdd4661968bc345a9b83aa8c55e52f9.256p.jpg,Trackball,Wired,1000,Left,Black,27.99
Pulsar X2H eS,https://pcpartpicker.com/product/k8wmP6/pulsar-x2h-es-wirelesswired-optical-mouse-px2hes21,/static/forever/img/no-image.png,Optical,"Wired, Wireless",26000,Right,Black / Red,129.99
MCHOSE M7 Ultra,https://pcpartpicker.com/product/7qdMnQ/mchose-m7-ultra-wiredwirelessbluetooth-optical-mouse-mc-m7-9,/static/forever/img/no-image.png,Optical,"Wired, Wireless, Bluetooth Wireless",42000,Right,Black,
Adesso HC-3003US,https://pcpartpicker.com/product/PwsKHx/adesso-mouse-hc3003us,https://cdna.pcpartpicker.com/static/forever/images/product/b83adf5ed91833b102a3c58a8d0b0d7f.256p.jpg,Optical,Wired,1000,Both,Black,7.99
Belkin F5M010QBLK,https://pcpartpicker.com/product/DjTmP6/belkin-mouse-f5m010qblk,https://cdna.pcpartpicker.com/static/forever/images/product/6e9cffe7622ada1138f947d23f1d2d09.256p.jpg,Optical,Wired,800,Both,Black,7.99
Rude Gamewear Fierce,https://pcpartpicker.com/product/69g323/rude-gamewear-mouse-rude230,https://m.media-amazon.com/images/I/41KQb2C4D8L.jpg,Laser,Wired,5000,Both,Black,18.98
Zalman GM3,https://pcpartpicker.com/product/WbBv6h/zalman-mouse-gm3,https://m.media-amazon.com/images/I/31ke93qQtoL.jpg,Laser,Wired,8200,Right,Black / Silver,12.99
MSI CLUTCH GM51,https://pcpartpicker.com/product/9Khv6h/msi-clutch-gm51-wirelesswired-optical-mouse-clutch-gm51-lightweight-wireless,/static/forever/img/no-image.png,Optical,"Wired, Wireless",26000,Right,Black,96.89
Logitech LIFT,https://pcpartpicker.com/product/dgWzK8/logitech-lift-bluetoothwireless-optical-mouse-910-006472,https://cdna.pcpartpicker.com/static/forever/images/product/7321328784922164c4591468859a7a84.256p.jpg,Optical,"Wireless, Bluetooth Wireless",4000,Right,Pink,59.99
NZXT Lift 2 Ergo,https://pcpartpicker.com/product/HxKscf/nzxt-lift-2-ergo-wired-optical-mouse-ms-001nw-02,https://cdna.pcpartpicker.com/static/forever/images/product/ab8bf546fd585878ee2df4a0cef2a621.256p.jpg,Optical,Wired,26000,Right,White,
Genius DX 110,https://pcpartpicker.com/product/BpH48d/genius-mouse-31010116100,https://cdna.pcpartpicker.com/static/forever/images/product/80142accd6687d55432db0c52830406c.256p.jpg,Optical,Wired,1000,Both,Black,10.15
SteelSeries Rival 310,https://pcpartpicker.com/product/qVM323/steelseries-rival-310-wired-optical-mouse-62433,https://cdna.pcpartpicker.com/static/forever/images/product/f87c2e5e4cefbe8756376e9340557440.256p.jpg,Optical,Wired,12000,Right,Black,
ROCCAT Kain 200 Aimo RGB,https://pcpartpicker.com/product/Fq9tt6/roccat-kain-200-aimo-rgb-wireless-optical-mouse-roc-11-615-bk,https://cdna.pcpartpicker.com/static/forever/images/product/148426621ea72e9cd1e4868362b354e3.256p.jpg,Optical,Wireless,16000,Right,Black,129.99
Thermaltake Tt eSPORTS Iris Optical RGB HATSUNE MIKU Edition,https://pcpartpicker.com/product/DmCFf7/thermaltake-tt-esports-iris-optical-rgb-hatsune-miku-edition-wired-optical-mouse-mo-irs-wdohbk-09,https://images-na.ssl-images-amazon.com/images/I/414YDXvAHIL.jpg,Optical,Wired,5000,Right,Black,
Tempest MS100 Paladin,https://pcpartpicker.com/product/3Cwypg/tempest-ms100-paladin-wired-optical-mouse-tp-gms-ms100,https://cdna.pcpartpicker.com/static/forever/images/product/47036040468e270cf5670abe3fcd13cb.256p.jpg,Optical,Wired,16000,Both,Black / Red,
ROCCAT KONE Pro,https://pcpartpicker.com/product/dkWzK8/roccat-kone-pro-wired-optical-mouse-roc-11-400-01,https://cdna.pcpartpicker.com/static/forever/images/product/5022ff4463ceffaec947af091ed294ee.256p.jpg,Optical,Wired,19000,Right,Black,
ROCCAT Kone XP Air,https://pcpartpicker.com/product/dscgXL/roccat-kone-xp-air-bluetoothwirelesswired-optical-mouse-roc-11-446-01,https://m.media-amazon.com/images/I/31BTh9vRGjL.jpg,Optical,"Wired, Wireless, Bluetooth Wireless",19000,Right,White,
Pulsar X2H Mini,https://pcpartpicker.com/product/mW88TW/pulsar-x2h-mini-bluetoothwirelesswired-optical-mouse-px2h11,https://cdna.pcpartpicker.com/static/forever/images/product/655d81e3cb703f6bb687e4f1d0cd4c6a.256p.jpg,Optical,"Wired, Wireless, Bluetooth Wireless",26000,Right,Black,
Dell Alienware AW610M,https://pcpartpicker.com/product/3YTFf7/dell-alienware-aw610m-wired-optical-mouse-k8r66,https://cdna.pcpartpicker.com/static/forever/images/product/932ec565fb357a08c39b0f25ae47a809.256p.jpg,Optical,Wired,16000,Right,White / Black,69.00
MSI VERSA WIRELESS MLG EDITION,https://pcpartpicker.com/product/zTTFf7/msi-versa-wireless-mlg-edition-bluetoothwirelesswired-optical-mouse-versa-wireless-mlg-edition,https://cdna.pcpartpicker.com/static/forever/images/product/94505d94845b61f3dd3949a4e201ea3c.256p.jpg,Optical,"Wired, Wireless, Bluetooth Wireless",26000,Right,Red,64.99
Corsair Scimitar Elite SE,https://pcpartpicker.com/product/tYXMnQ/corsair-scimitar-elite-se-bluetoothwireless-optical-mouse-ch-9314415-ww,https://cdna.pcpartpicker.com/static/forever/images/product/5d6b2e931e44c5e665ce79c123591007.256p.jpg,Optical,"Wireless, Bluetooth Wireless",33000,Right,Black / Yellow,99.99
Corsair KATAR ELITE,https://pcpartpicker.com/product/GP2WGX/corsair-katar-elite-wirelessbluetoothwired-optical-mouse-ch-931c111-na,https://cdna.pcpartpicker.com/static/forever/images/product/f10451c285ddfbb33fb2c803d08e1210.256p.jpg,Optical,"Wired, Wireless, Bluetooth Wireless",26000,Right,Black,69.98
Corsair M75,https://pcpartpicker.com/product/r4QKHx/corsair-m75-wired-optical-mouse-ch-930d010-na,https://cdna.pcpartpicker.com/static/forever/images/product/601d5dc3584bb548838e111dcd68c23b.256p.jpg,Optical,Wired,26000,Both,Black,59.99
Razer DeathAdder,https://pcpartpicker.com/product/njFPxr/razer-mouse-rz0100151700w1m1,https://m.media-amazon.com/images/I/41DUhPq3hML.jpg,Laser,Wired,3500,Left,Black,149.99
Mad Catz The Authentic R.A.T 8+,https://pcpartpicker.com/product/FWHRsY/mad-catz-the-authentic-rat-8-wired-optical-mouse-mr05dcambl00,https://cdna.pcpartpicker.com/static/forever/images/product/f5992de220ad1ae571bca69f15738bd3.256p.jpg,Optical,Wired,16000,Right,Black,99.99
Logitech G203 Prodigy,https://pcpartpicker.com/product/jCQRsY/logitech-g203-prodigy-wired-optical-mouse-910-004842,https://m.media-amazon.com/images/I/21r94zVSYjL.jpg,Optical,Wired,6000,Right,Black,55.83
Asus TUF Gaming M3,https://pcpartpicker.com/product/9dytt6/asus-tuf-gaming-m3-wired-optical-mouse-tuf-gaming-m3,https://cdna.pcpartpicker.com/static/forever/images/product/8bfceabbacf615b7b5f0cd2b6a88f47c.256p.jpg,Optical,Wired,7000,Right,Black,
Logitech Signature M650 L,https://pcpartpicker.com/product/XthFf7/logitech-signature-m650-l-bluetoothwirelesswired-optical-mouse-910-006234,https://cdna.pcpartpicker.com/static/forever/images/product/269f6f5c749b209197516f4d62e251fd.256p.jpg,Optical,"Wired, Wireless, Bluetooth Wireless",4000,Left,Black,33.99
Endgame Gear XM2 8k,https://pcpartpicker.com/product/CgTZxr/endgame-gear-xm2-8k-wired-optical-mouse-egg-xm2-8k-wht,https://cdna.pcpartpicker.com/static/forever/images/product/3ad4dd7f890555ec46f5e3938513f518.256p.jpg,Optical,Wired,26000,Right,White,49.99
Verbatim Wireless Multi-Trac Blue LED Optical Mouse,https://pcpartpicker.com/product/JY3RsY/verbatim-mouse-97993,https://cdna.pcpartpicker.com/static/forever/images/product/972719c977b95a5fbdbfd52a2587645f.256p.jpg,Optical,Wireless,,Right,Blue / Black,15.49
Cherry MC 1000,https://pcpartpicker.com/product/w7wypg/cherry-mc-1000-wired-optical-mouse-jm-0800-0,https://cdna.pcpartpicker.com/static/forever/images/product/2333dfd5b27280747f295045811c90af.256p.jpg,Optical,Wired,1200,Both,Gray,16.25
Ergoguys CST Kidtrack,https://pcpartpicker.com/product/Q7xfrH/ergoguys-mouse-cst1350,https://m.media-amazon.com/images/I/41SNhBmo8FL.jpg,Trackball,Wired,,Both,White,
Rosewill RGM-300,https://pcpartpicker.com/product/nBw323/rosewill-mouse-rgm300,https://cdna.pcpartpicker.com/static/forever/images/product/b9ae110d7028fcbba353ef3ecfcc512e.256p.jpg,Optical,Wired,1000,Right,Black,
Logitech T650,https://pcpartpicker.com/product/3yYXsY/logitech-mouse-910003057,https://m.media-amazon.com/images/I/21a3+uX2LEL.jpg,Touchpad,Wireless,,Both,Silver,222.73
HP HyperX Pulsefire Surge,https://pcpartpicker.com/product/zrPKHx/hp-hyperx-pulsefire-surge-wired-optical-mouse-hx-mc002b,https://cdna.pcpartpicker.com/static/forever/images/product/00e769353f0709a4be734e1d29450dcb.256p.jpg,Optical,Wired,16000,Right,Black,
BenQ Zowie EC2-B,https://pcpartpicker.com/product/6KdxFT/benq-zowie-ec2-b-wired-optical-mouse-ec2-b,https://m.media-amazon.com/images/I/319v6mCjjVL.jpg,Optical,Wired,3200,Right,Black,
Adesso iMouse S8R,https://pcpartpicker.com/product/nkYLrH/adesso-imouse-s8r-wired-optical-mouse-imouse-s8r,https://cdna.pcpartpicker.com/static/forever/images/product/88f9e1d97e8e89ee8b861f5e902f641a.256p.jpg,Optical,Wired,1600,Both,Red / Black,9.99
Adesso iMouse S50,https://pcpartpicker.com/product/JvBTwP/adesso-imouse-s50-wireless-optical-mouse-imouses50,https://cdna.pcpartpicker.com/static/forever/images/product/786e99f104ce65c0cfc1c63a1a338899.256p.jpg,Optical,Wireless,1200,Both,Black,11.97
Razer Basilisk Ultimate,https://pcpartpicker.com/product/h4gQzy/razer-basilisk-ultimate-wireless-optical-mouse-rz01-03170100-r3u1,https://cdna.pcpartpicker.com/static/forever/images/product/61eb5935b25d0e35424629b707f22c03.256p.jpg,Optical,Wireless,20000,Right,Black,
Gigabyte AORUS M5,https://pcpartpicker.com/product/4crYcf/gigabyte-aorus-m5-wired-optical-mouse-gm-aorus-m5,https://cdna.pcpartpicker.com/static/forever/images/product/29199c247cc59afd2e9a6825c6df98f2.256p.jpg,Optical,Wired,16000,Right,Black,69.98
Asus ROG GLADIUS II ORIGIN PNK LTD,https://pcpartpicker.com/product/zrNgXL/asus-rog-gladius-ii-origin-pnk-ltd-wired-optical-mouse-p504-rog-gladius-ii-origin-pnk,https://m.media-amazon.com/images/I/31NJi8MIBYL.jpg,Optical,Wired,12000,Right,Pink / White,140.00
ROCCAT Burst Pro,https://pcpartpicker.com/product/CxRYcf/roccat-burst-pro-wired-optical-mouse-roc-11-747,https://m.media-amazon.com/images/I/31euJ9HMK3L.jpg,Optical,Wired,16000,Right,Black,
Glorious Model O-,https://pcpartpicker.com/product/dL7scf/glorious-model-o-wiredwireless-optical-mouse-glo-ms-omw-mw,https://m.media-amazon.com/images/I/41lFMOZt-9L.jpg,Optical,"Wired, Wireless",19000,Right,White,
Acer Predator Cestus 335 PMW120,https://pcpartpicker.com/product/PVddnQ/acer-predator-cestus-335-pmw120-wired-optical-mouse-gpmce1101q,https://cdna.pcpartpicker.com/static/forever/images/product/5a420e7667d51a1b0cd1a1436c5f0a3c.256p.jpg,Optical,Wired,19000,Right,Black,
HP 265A9AA,https://pcpartpicker.com/product/wMn9TW/hp-265a9aa-wired-optical-mouse-265a9aa,https://cdna.pcpartpicker.com/static/forever/images/product/b6fa06df8fb8e5f90c264bc96282071a.256p.jpg,Optical,Wired,1200,Both,Black,9.94
Endgame Gear OP1 8k,https://pcpartpicker.com/product/TZYRsY/endgame-gear-op1-8k-wired-optical-mouse-egg-op1-8k-wht,https://cdna.pcpartpicker.com/static/forever/images/product/366d523e85a6361b39e0dfc5845fb4b5.256p.jpg,Optical,Wired,26000,Right,White,
Pwnage Stormbreaker,https://pcpartpicker.com/product/ZWWJ7P/pwnage-stormbreaker-wiredwireless-optical-mouse-mag-s-b,https://m.media-amazon.com/images/I/41d1yCn21YL.jpg,Optical,"Wired, Wireless",26000,Right,Black,
BenQ Zowie FK2-DW,https://pcpartpicker.com/product/44nXsY/benq-zowie-fk2-dw-wireless-optical-mouse-fk2-dw,https://m.media-amazon.com/images/I/316Ti0zBsfL.jpg,Optical,Wireless,3200,Right,Black / Red,149.99
SteelSeries Prime Mini,https://pcpartpicker.com/product/DTkWGX/steelseries-prime-mini-wiredwireless-optical-mouse-62426,https://cdna.pcpartpicker.com/static/forever/images/product/4caed2248eb518fc542e47df99f2256d.256p.jpg,Optical,"Wired, Wireless",18000,Right,Black,32.97
Asus ROG Keris AimPoint,https://pcpartpicker.com/product/GcfxFT/asus-rog-keris-aimpoint-wirelessbluetoothwired-optical-mouse-90mp02v0-bmaa10,https://cdna.pcpartpicker.com/static/forever/images/product/0359e0622f832e4643e6d2d949b82cc1.256p.jpg,Optical,"Wired, Wireless, Bluetooth Wireless",36000,Right,White,72.78
A4Tech D-312,https://pcpartpicker.com/product/dzQypg/a4tech-mouse-d312,https://cdna.pcpartpicker.com/static/forever/images/product/e2052c2cc498aa39ae8226c2958b5727.med.256p.jpg,Optical,Wired,1000,Both,Black,12.99
Kensington Pro Fit Full-Size Mouse,https://pcpartpicker.com/product/3WX2FT/kensington-mouse-72369,https://cdna.pcpartpicker.com/static/forever/images/product/db9843f16a018f4f5cafd2254e6a304f.256p.jpg,Optical,Wired,2400,Right,Black,28.98
Logitech G Pro,https://pcpartpicker.com/product/9cH48d/logitech-g-pro-wired-optical-mouse-910-004855,https://cdna.pcpartpicker.com/static/forever/images/product/797a4699088ae5e5a2a7bbd81cdc0c06.256p.jpg,Optical,Wired,12000,Right,Black,
Logitech Signature M650,https://pcpartpicker.com/product/hNM48d/logitech-signature-m650-bluetoothwirelesswired-optical-mouse-910-006252,https://cdna.pcpartpicker.com/static/forever/images/product/62c9cf476c33da2663ceb3178efa3575.256p.jpg,Optical,"Wired, Wireless, Bluetooth Wireless",4000,Right,White,27.06
Razer Naga 2014 Left-Handed Edition,https://pcpartpicker.com/product/77mLrH/razer-mouse-rz0101050100r3m1,https://m.media-amazon.com/images/I/416w2D+aw7L.jpg,Laser,Wired,8200,Left,Black,159.94
Razer Pro Click,https://pcpartpicker.com/product/TFGbt6/razer-pro-click-wireless-optical-mouse-rz01-02990100-r3u1,https://cdna.pcpartpicker.com/static/forever/images/product/1b374169922b092243b8ec55f0e51f2b.256p.jpg,Optical,Wireless,16000,Right,White,75.00
MSI CLUTCH,https://pcpartpicker.com/product/zvmmP6/msi-clutch-gm41-lightweight-wireless-wireless-optical-mouse-clutch-gm41-lightweight-wireless,https://cdna.pcpartpicker.com/static/forever/images/product/81dadedd43d2a87a7fa0751d2008dce4.256p.jpg,Optical,Wireless,6400,Right,Black,70.00
Cobra Mazer Type-L,https://pcpartpicker.com/product/7cdqqs/cobra-mouse-ems144bk,https://m.media-amazon.com/images/I/41hAdJwsNnL.jpg,Optical,Wired,3500,Right,Black,
Dell MS116,https://pcpartpicker.com/product/rFGj4D/dell-mouse-15vvh,https://cdna.pcpartpicker.com/static/forever/images/product/abeccb0e55e9d89692d366f4e3038a66.256p.jpg,Optical,Wired,1000,Both,Black,14.99
Logitech PRO Wireless,https://pcpartpicker.com/product/WPNv6h/logitech-pro-wireless-wireless-optical-mouse-910-005272,https://m.media-amazon.com/images/I/41DB+fd73LL.jpg,Optical,Wireless,25600,Both,Black,
Adesso IMOUSE X1,https://pcpartpicker.com/product/FVVD4D/adesso-imouse-x1-wired-optical-mouse-imouse-x1,https://cdna.pcpartpicker.com/static/forever/images/product/e77b1de8a5f35f50e55f4c8dca6a040e.256p.jpg,Optical,Wired,3200,Right,Silver / Black,11.99
Logitech ERGO M575,https://pcpartpicker.com/product/GtjNnQ/logitech-ergo-m575-bluetoothwirelesswired-optical-mouse-910-005867,https://cdna.pcpartpicker.com/static/forever/images/product/4b028f06f338e0bb1aa7596c51627174.256p.jpg,Optical,"Wired, Wireless, Bluetooth Wireless",2000,Right,Gray / Blue,44.99
SteelSeries Prime Wireless,https://pcpartpicker.com/product/h98bt6/steelseries-prime-wireless-wireless-optical-mouse-62593,https://cdna.pcpartpicker.com/static/forever/images/product/2387570f4abf2b48c7e17fdb6ba4aca5.256p.jpg,Optical,Wireless,18000,Right,Black,
Keychron M3 Mini,https://pcpartpicker.com/product/pppQzy/keychron-m3-mini-wiredwirelessbluetooth-optical-mouse-m3m-a3,https://m.media-amazon.com/images/I/31VyCLjjOgL.jpg,Optical,"Wired, Wireless, Bluetooth Wireless",26000,Right,White,49.99
HP 240,https://pcpartpicker.com/product/R2M48d/hp-240-bluetooth-optical-mouse-3v0g9aaaba,https://cdna.pcpartpicker.com/static/forever/images/product/23a85b695c042e41acc9ad4ab4a54203.256p.jpg,Optical,Bluetooth Wireless,1600,Both,Black,15.99
Endgame Gear XM2w 4k,https://pcpartpicker.com/product/jJVfrH/endgame-gear-xm2w-4k-wireless-optical-mouse-egg-xm2w-4k-df,https://cdna.pcpartpicker.com/static/forever/images/product/b10440ce378ef46332d3e29036dce67b.256p.jpg,Optical,Wireless,26000,Right,Black / Gray,49.99
MCHOSE AX5 Pro Max,https://pcpartpicker.com/product/rXfV3C/mchose-ax5-pro-max-wiredwirelessbluetooth-optical-mouse-ax5-10a,https://cdna.pcpartpicker.com/static/forever/images/product/b7e06a6459c78160566eef14447da9ce.256p.jpg,Optical,"Wired, Wireless, Bluetooth Wireless",26000,Right,Black,
Logitech MX518,https://pcpartpicker.com/product/BX6BD3/logitech-mouse-mx518,https://m.media-amazon.com/images/I/41Dghe2SjML.jpg,Optical,Wired,1800,Right,Black / Silver,
HP QY777AA,https://pcpartpicker.com/product/hJckcf/hp-mouse-qy777aa,https://cdna.pcpartpicker.com/static/forever/images/product/483a5f32c7a794a0ae140c5238be2448.256p.jpg,Optical,Wired,800,Both,Black,9.35
Logitech T630,https://pcpartpicker.com/product/Qjw323/logitech-mouse-910003825,https://m.media-amazon.com/images/I/31oNqahfArL.jpg,Touchpad,Wireless,,Both,Black / Silver,
Logitech M560,https://pcpartpicker.com/product/rqckcf/logitech-mouse-910003880,https://m.media-amazon.com/images/I/4161ssvAyXL.jpg,Laser,Wireless,,Right,Black,179.99
A4Tech Bloody V7,https://pcpartpicker.com/product/NYV48d/a4tech-mouse-v7ma,https://cdna.pcpartpicker.com/static/forever/images/product/fc5c14dfe2cbd16ac2a45b9e20e5c8b0.med.256p.jpg,Optical,Wired,3200,Both,Black / Red,
Corsair M65 RGB,https://pcpartpicker.com/product/XFfmP6/corsair-mouse-ch9000070na,https://cdna.pcpartpicker.com/static/forever/images/product/837ebc7b6cbea402ea98d97235c46bae.256p.jpg,Laser,Wired,8200,Right,Black,
SteelSeries Rival 100,https://pcpartpicker.com/product/rbhj4D/steelseries-rival-100-wired-optical-mouse-62341,https://m.media-amazon.com/images/I/31FVNLB8M+L.jpg,Optical,Wired,4000,Right,Black / Orange,159.99
Corsair Sabre RGB,https://pcpartpicker.com/product/KQ648d/corsair-mouse-ch9303011na,https://cdna.pcpartpicker.com/static/forever/images/product/d075d3b8626ca72b895e654fed3c8d88.256p.jpg,Optical,Wired,10000,Right,Black,
Corsair M65 PRO RGB FPS,https://pcpartpicker.com/product/ggbkcf/corsair-mouse-ch9300011na,https://cdna.pcpartpicker.com/static/forever/images/product/210af8afefd556ec530cecb5f7eb5cbd.256p.jpg,Optical,Wired,12000,Right,Black,
Logitech G900 CHAOS SPECTRUM,https://pcpartpicker.com/product/zQ648d/logitech-mouse-910004558,https://cdna.pcpartpicker.com/static/forever/images/product/07f9f6801868673c97d663d4d3b63c2f.256p.jpg,Optical,Wireless,12000,Both,Black,88.55
Corsair Harpoon RGB,https://pcpartpicker.com/product/tsCrxr/corsair-harpoon-rgb-wired-optical-mouse-ch-9301011-na,https://cdna.pcpartpicker.com/static/forever/images/product/537ce12656df1226e255de55d217996e.256p.jpg,Optical,Wired,6000,Right,Black,
Corsair M55 RGB Pro,https://pcpartpicker.com/product/DYPKHx/corsair-m55-rgb-pro-wired-optical-mouse-ch-9308011-na,https://cdna.pcpartpicker.com/static/forever/images/product/85bd63ad69666e6cdce8a60920af88da.256p.jpg,Optical,Wired,12400,Both,Black,
MSI Clutch GM11,https://pcpartpicker.com/product/tn7p99/msi-clutch-gm11-wired-optical-mouse-clutch-gm11,https://cdna.pcpartpicker.com/static/forever/images/product/1efdd26f156eb6049d460446bd407a41.256p.jpg,Optical,Wired,5000,Right,Black,234.06
Razer Viper,https://pcpartpicker.com/product/CZwkcf/razer-viper-wired-optical-mouse-rz01-02550100-r3u1,https://cdna.pcpartpicker.com/static/forever/images/product/4c94f0c19b22a7b2cde5bf3eeef7feca.256p.jpg,Optical,Wired,16000,Both,Black / Green,
ROCCAT Kone AIMO Remastered,https://pcpartpicker.com/product/G3WBD3/roccat-kone-aimo-remastered-wired-optical-mouse-roc-11-820-we,https://cdna.pcpartpicker.com/static/forever/images/product/f65e34cc471c7503c6aa1f730fcdf743.256p.jpg,Optical,Wired,16000,Right,White,
ROCCAT Kain 120 Aimo RGB,https://pcpartpicker.com/product/8m7p99/roccat-kain-120-aimo-rgb-wired-optical-mouse-roc-11-612-bk,https://cdna.pcpartpicker.com/static/forever/images/product/81c8424ec6a03854332d4b48ce10be4c.256p.jpg,Optical,Wired,16000,Right,Black,
SteelSeries Rival 710,https://pcpartpicker.com/product/YrfFf7/steelseries-rival-710-wired-optical-mouse-62334,https://cdna.pcpartpicker.com/static/forever/images/product/36652d54d8d15ff0f98b8b513220da6e.256p.jpg,Optical,Wired,16000,Right,Black,
Logitech MX Master,https://pcpartpicker.com/product/mQvqqs/logitech-mx-master-wireless-optical-mouse-910-005527,https://cdna.pcpartpicker.com/static/forever/images/product/cbbf892bfb90fed19b24d5e0ae0a4221.256p.jpg,Optical,Wireless,1600,Right,Black / Copper,
Tempest MS-200 Ninja,https://pcpartpicker.com/product/7PfnTW/tempest-ms-200-ninja-wired-optical-mouse-tp-gms-nin,https://cdna.pcpartpicker.com/static/forever/images/product/219c2cc70cd567362bcf952cc0063a46.256p.jpg,Optical,Wired,2400,Right,Black,
ROCCAT KONE Pro,https://pcpartpicker.com/product/P4YmP6/roccat-kone-pro-wired-optical-mouse-roc-11-405-01,https://m.media-amazon.com/images/I/31ZB2TyvwDL.jpg,Optical,Wired,19000,Right,White,
ROCCAT KONE Pro Air,https://pcpartpicker.com/product/vM4Ycf/roccat-kone-pro-air-wireless-optical-mouse-roc-11-410-01,https://m.media-amazon.com/images/I/31b84I1rbvL.jpg,Optical,Wireless,19000,Right,Black,
3Dconnexion CadMouse Pro,https://pcpartpicker.com/product/Q6JgXL/3dconnexion-cadmouse-pro-wireless-optical-mouse-3dx-700079,https://cdna.pcpartpicker.com/static/forever/images/product/14d087b663d78c0891ac64ab1b8442f4.256p.jpg,Optical,Wireless,7200,Left,Black,
Razer DeathAdder V3 Pro Faker Edition,https://pcpartpicker.com/product/3pNYcf/razer-deathadder-v3-pro-faker-edition-wiredwireless-optical-mouse-rz01-04630400-r3m1,https://cdna.pcpartpicker.com/static/forever/images/product/34a857f722cd627c17685e6d697fd49d.256p.jpg,Optical,"Wired, Wireless",30000,Right,Red / Black,
Gigabyte AORUS M6,https://pcpartpicker.com/product/WKbRsY/gigabyte-aorus-m6-wiredwireless-optical-mouse-aorus-m6,https://cdna.pcpartpicker.com/static/forever/images/product/3864dcc0585397cbf1d847daf8a00cbf.256p.jpg,Optical,"Wired, Wireless",26000,Both,Black,
Logitech PEBBLE 2 M350S,https://pcpartpicker.com/product/WrWJ7P/logitech-pebble-2-m350s-bluetoothwirelesswired-optical-mouse-910-007023,https://cdna.pcpartpicker.com/static/forever/images/product/0c829da7aa2aea59348fbf836941b4aa.256p.jpg,Optical,"Wired, Wireless, Bluetooth Wireless",1000,Both,Pink,19.98
Pulsar Xlite V3 Large,https://pcpartpicker.com/product/GmbRsY/pulsar-xlite-v3-large-wirelesswired-optical-mouse-xlite-v3-large-black,https://m.media-amazon.com/images/I/31leF65vrtL.jpg,Optical,"Wired, Wireless",2600,Right,Black,
Lenovo 4Y51J62544,https://pcpartpicker.com/product/73KKHx/lenovo-4y51j62544-wiredbluetoothwireless-optical-mouse-4y51j62544,https://cdna.pcpartpicker.com/static/forever/images/product/c3d4a00263d8e67ca7d88bc78a519354.256p.jpg,Optical,"Wired, Wireless, Bluetooth Wireless",4000,Right,Black,39.99
HP HyperX Pulsefire Haste 2 Core,https://pcpartpicker.com/product/2Rrqqs/hp-hyperx-pulsefire-haste-2-core-bluetoothwireless-optical-mouse-8r2e7aa,https://cdna.pcpartpicker.com/static/forever/images/product/0663d5bafbc476a92e80c874d4257840.256p.jpg,Optical,"Wireless, Bluetooth Wireless",12000,Right,White,39.99
Pulsar Xlite v4 Mini,https://pcpartpicker.com/product/9dTFf7/pulsar-xlite-v4-mini-wirelesswired-optical-mouse-pxl412,https://cdna.pcpartpicker.com/static/forever/images/product/9f14e0c854c325548c0ca8d4de127dfb.256p.jpg,Optical,"Wired, Wireless",32000,Right,White,99.95
Logitech M185,https://pcpartpicker.com/product/JrVBD3/logitech-mouse-910004426,https://m.media-amazon.com/images/I/31kaVQxtPGL.jpg,Optical,Wireless,,Both,Gray,14.99
Glorious MODEL D GLOSSY,https://pcpartpicker.com/product/jNBhP6/glorious-pc-gaming-race-model-d-glossy-wired-optical-mouse-gd-gwhite,https://cdna.pcpartpicker.com/static/forever/images/product/ac4695d0186cfa94f160601fb17178cf.256p.jpg,Optical,Wired,12000,Right,White,
Endgame Gear XM1 RGB,https://pcpartpicker.com/product/qWcG3C/endgame-gear-xm1-rgb-wired-optical-mouse-egg-xm1rgb-dr,https://cdna.pcpartpicker.com/static/forever/images/product/6afc64557501b5d2d3ae2e802a060bd5.256p.jpg,Optical,Wired,16000,Right,Transparent / Black,19.98
Logitech Off-white Signature M550,https://pcpartpicker.com/product/TgvdnQ/logitech-off-white-signature-m550-bluetooth-wireless-optical-mouse-910-006592,https://cdna.pcpartpicker.com/static/forever/images/product/cbb06fa800607daf4e0270b5db7db8cd.256p.jpg,Optical,Bluetooth Wireless,4000,Both,White,22.49
Cooler Master MM712,https://pcpartpicker.com/product/ZpGhP6/cooler-master-mm712-bluetoothwirelesswired-optical-mouse-mm-712-kkoh1,https://cdna.pcpartpicker.com/static/forever/images/product/41c599f3236a219aafe4d6c99f447c69.256p.jpg,Optical,"Wired, Wireless, Bluetooth Wireless",19000,Right,Black,49.99
Targus AMB581GL,https://pcpartpicker.com/product/2YBG3C/targus-amb581gl-bluetooth-optical-mouse-amb581gl,https://cdna.pcpartpicker.com/static/forever/images/product/15c0f68c2f5bd674797a679d317c160c.256p.jpg,Optical,Bluetooth Wireless,,Both,Black,24.98
SteelSeries Prime Mini,https://pcpartpicker.com/product/nx3gXL/steelseries-prime-mini-wired-optical-mouse-62421,https://cdna.pcpartpicker.com/static/forever/images/product/b8839d0041a44f3904cc1f4b7ce8e46b.256p.jpg,Optical,Wired,18000,Right,Black,20.99
Logitech M317 Cotton Candy,https://pcpartpicker.com/product/28Hqqs/logitech-m317-cotton-candy-wirelesswired-optical-mouse-910-007055,https://cdna.pcpartpicker.com/static/forever/images/product/2bb4478114b779431a9dd06d003df798.256p.jpg,Optical,"Wired, Wireless",1000,Both,Pink / Blue,17.99
Endgame Gear XM2 8k,https://pcpartpicker.com/product/w8FmP6/endgame-gear-xm2-8k-wired-optical-mouse-egg-xm2-8k-blk,https://m.media-amazon.com/images/I/31ZkiD-sH1L.jpg,Optical,Wired,26000,Right,Black,69.98
BenQ Zowie S2-DW,https://pcpartpicker.com/product/YL2j4D/benq-zowie-s2-dw-wireless-optical-mouse-s2-dw,https://m.media-amazon.com/images/I/31SBcogKxvL.jpg,Optical,Wireless,3200,Right,Black / Red,149.99
Logitech G9x,https://pcpartpicker.com/product/FqFPxr/logitech-mouse-910001152,https://m.media-amazon.com/images/I/41okj5I6IYL.jpg,Laser,Wired,5700,Right,Black,
Kensington K72356US,https://pcpartpicker.com/product/Cgg323/kensington-mouse-k72356us,https://cdna.pcpartpicker.com/static/forever/images/product/b4fa6b9fba48f2a4bf9f1cd802ccf5dd.256p.jpg,Optical,Wired,,Both,Black,15.16
Cherry M5400,https://pcpartpicker.com/product/b3TmP6/cherry-mouse-m5400,https://cdna.pcpartpicker.com/static/forever/images/product/36e812d551c8e99be3f01eb0c7199e5d.256p.jpg,Optical,Wired,800,Both,Gray,
Logitech G600 MMO Gaming Mouse,https://pcpartpicker.com/product/BFjG3C/logitech-mouse-910002871,https://m.media-amazon.com/images/I/31b3QD9jhkL.jpg,Laser,Wired,8200,Right,White / Black,
Logitech G500s Laser Gaming Mouse,https://pcpartpicker.com/product/w86BD3/logitech-mouse-910003602,https://m.media-amazon.com/images/I/51HO6S1lc4L.jpg,Laser,Wired,8200,Right,Black / Silver,
Cherry JW-T0100,https://pcpartpicker.com/product/hgYXsY/cherry-mouse-jwt0100,https://cdna.pcpartpicker.com/static/forever/images/product/3f242d3ea938930b93a995e3a94d0e2c.256p.jpg,Laser,Wireless,1750,Both,Black,
Logitech MX Anywhere 2,https://pcpartpicker.com/product/MMcMnQ/logitech-mouse-910004373,https://m.media-amazon.com/images/I/41xnIQYErIL.jpg,Laser,Wireless,1600,Right,Black / Gold,
Cobra Mazer,https://pcpartpicker.com/product/QQ648d/cobra-mouse-ems642bkaaiu,https://images-na.ssl-images-amazon.com/images/I/41KQecdrEVL.jpg,Optical,Wired,2500,Right,Black,
Corsair SCIMITAR PRO RGB,https://pcpartpicker.com/product/Htqbt6/corsair-scimitar-pro-wired-optical-mouse-ch-9304111-na,https://m.media-amazon.com/images/I/41SZ9-ENLxL.jpg,Optical,Wired,16000,Right,Black,
Asus ROG Gladius II Origin,https://pcpartpicker.com/product/pnfhP6/asus-rog-gladius-ii-origin-wired-optical-mouse-rog-gladius-ii-origin,https://cdna.pcpartpicker.com/static/forever/images/product/a03f5f3afa7840a441a8cde24025d2aa.256p.jpg,Optical,Wired,12000,Right,Black,
Logitech MX518,https://pcpartpicker.com/product/P6YLrH/logitech-mx518-wired-optical-mouse-910-005542,https://m.media-amazon.com/images/I/311uuE3uWrL.jpg,Optical,Wired,16000,Right,Black,
Verbatim 98113 Go Mini Travel,https://pcpartpicker.com/product/Vz448d/verbatim-98113-go-mini-travel-wired-optical-mouse-99235,https://cdna.pcpartpicker.com/static/forever/images/product/f1f6a19d710b8ba7158cceef891d133d.256p.jpg,Optical,Wired,,Both,Silver / Black,16.00
Verbatim Verbatim 99777 Silent Wireless Blue Led,https://pcpartpicker.com/product/6z448d/verbatim-wireless-laser-mouse-99777,https://cdna.pcpartpicker.com/static/forever/images/product/4537bf10dca2e0348955b691d03888f9.256p.jpg,Laser,Wireless,,Both,Black,15.52
Kensington Pro Fit,https://pcpartpicker.com/product/KjNgXL/kensington-k75501ww-wireless-laser-mouse-k75501ww,https://cdna.pcpartpicker.com/static/forever/images/product/8598c281ed84a5c40fcc3596526c6b81.256p.jpg,Laser,Wireless,1600,Right,Black,27.06
Asus ROG GLADIUS II CORE,https://pcpartpicker.com/product/ghTzK8/asus-rog-gladius-ii-core-wired-optical-mouse-90mp01d0-b0ua00,https://cdna.pcpartpicker.com/static/forever/images/product/1b7e38bac5b35d638b26f76940198694.256p.jpg,Optical,Wired,6200,Right,Black,
Redragon M801P Sniper Pro,https://pcpartpicker.com/product/WQTzK8/redragon-m801p-sniper-pro-wired-optical-mouse-m801p-rgb,https://cdna.pcpartpicker.com/static/forever/images/product/d1803cb0c0cababa9c4a91d1c507a42b.256p.jpg,Optical,Wired,16000,Right,Black,
HP HyperX Pulsefire Haste,https://pcpartpicker.com/product/yvM48d/hp-hyperx-pulsefire-haste-wireless-optical-mouse-4p5d8aa,https://cdna.pcpartpicker.com/static/forever/images/product/108f280d01ddb7262aaff0d80c612af6.256p.jpg,Optical,Wireless,16000,Right,White,79.99
Razer Viper Ultimate w/Dock,https://pcpartpicker.com/product/N4cG3C/razer-viper-ultimate-wdock-wireless-optical-mouse-rz01-03050500-r3u1,https://m.media-amazon.com/images/I/41TwXk-cy1L.jpg,Optical,Wireless,20000,Both,Yellow / Black,
HP HyperX Pulsefire Haste,https://pcpartpicker.com/product/MtzhP6/hp-hyperx-pulsefire-haste-wired-optical-mouse-4p5e4aa,https://cdna.pcpartpicker.com/static/forever/images/product/3edd079195dca58cb2243530df638a1c.256p.jpg,Optical,Wired,16000,Right,White / Pink,49.99
Xtrfy M42 RGB,https://pcpartpicker.com/product/kdNxFT/xtrfy-m42-rgb-wirelesswired-optical-mouse-m4w-rgb-black,https://cdna.pcpartpicker.com/static/forever/images/product/d0d49d23f9d7f14a44c8df05da4ae0a3.256p.jpg,Optical,"Wired, Wireless",16000,Right,Black,
Asus ROG Gladius III Wireless AimPoint EVA-02 Edition,https://pcpartpicker.com/product/2zCZxr/asus-rog-gladius-iii-wireless-aimpoint-eva-02-edition-bluetoothwirelesswired-optical-mouse-90mp03f0-bmua00,https://cdna.pcpartpicker.com/static/forever/images/product/5889a2f67f11a29139fea3c6d536d6d1.256p.jpg,Optical,"Wired, Wireless, Bluetooth Wireless",36000,Right,Red / Black,
Logitech M220 Silent,https://pcpartpicker.com/product/fj4Zxr/logitech-m220-silient-wirelesswired-optical-mouse-910-006126,https://cdna.pcpartpicker.com/static/forever/images/product/e566a75b9e185a927c89faadd183ab6b.256p.jpg,Optical,"Wired, Wireless",1000,Both,Pink,9.00
Swiftpoint Z2,https://pcpartpicker.com/product/2ggrxr/swiftpoint-z2-wired-optical-mouse-sm701,/static/forever/img/no-image.png,Optical,Wired,26000,Right,Black,
ninjutso Sora V2,https://pcpartpicker.com/product/BH9nTW/ninjutso-sora-v2-wireless-optical-mouse-nm041,/static/forever/img/no-image.png,Optical,Wireless,26000,Right,Black,
BenQ Zowie ZA13-DW,https://pcpartpicker.com/product/fhgZxr/benq-zowie-za13-dw-wireless-optical-mouse-za13-dw,https://cdna.pcpartpicker.com/static/forever/images/product/be8d67166bcedcccee19ccd688edbacb.256p.jpg,Optical,Wireless,3200,Right,Black / Red,149.99
Keychron M6 4000Hz,https://pcpartpicker.com/product/bm3WGX/keychron-m6-4000hz-wiredbluetoothwireless-optical-mouse-mskbm6a4,https://cdna.pcpartpicker.com/static/forever/images/product/7798f711cd0c5a9ca93d87b32f74e6b8.256p.jpg,Optical,"Wired, Wireless, Bluetooth Wireless",26000,Right,Black,
8BitDo Retro R8 - Xbox Edition,https://pcpartpicker.com/product/tnh2FT/8bitdo-retro-r8-xbox-edition-bluetoothwirelesswired-optical-mouse-ret00503,https://cdna.pcpartpicker.com/static/forever/images/product/8b0fd0d19a9bec9c76075acc2fbc729a.256p.jpg,Optical,"Wired, Wireless, Bluetooth Wireless",26000,Right,Green,59.99
Turtle Beach Kone II Air,https://pcpartpicker.com/product/sXtkcf/turtle-beach-kone-ii-air-bluetoothwirelesswired-optical-mouse-tbm-1104-15,https://m.media-amazon.com/images/I/31hG9rqH7aL.jpg,Optical,"Wired, Wireless, Bluetooth Wireless",26000,Right,White,105.27
Pulsar Xlite v4 Large,https://pcpartpicker.com/product/3Gzp99/pulsar-xlite-v4-large-wirelesswired-optical-mouse-pxl432,https://cdna.pcpartpicker.com/static/forever/images/product/7647da5ef2754038a5040d9bd85733b1.256p.jpg,Optical,"Wired, Wireless",32000,Right,White,
Endgame Gear OP1w 4k v2,https://pcpartpicker.com/product/v3JBD3/endgame-gear-op1w-4k-v2-wirelesswired-optical-mouse-egg-op1w-4k-v2-wht,https://cdna.pcpartpicker.com/static/forever/images/product/d30c7cd2843ee3bb9caff08dd1bfdbb9.256p.jpg,Optical,"Wired, Wireless",30000,Right,White,129.99
Logitech MX Anywhere 3S,https://pcpartpicker.com/product/nJwmP6/logitech-mx-anywhere-3s-bluetoothwirelesswired-laser-mouse-910-006928,https://cdna.pcpartpicker.com/static/forever/images/product/f76bf3c69ee219d8075d5a7211ca61b6.256p.jpg,Laser,"Wired, Wireless, Bluetooth Wireless",8000,Right,Black,84.99
Cooler Master MM311,https://pcpartpicker.com/product/FMpQzy/cooler-master-mm311-wirelesswired-optical-mouse-mm-311-wwow1,https://cdna.pcpartpicker.com/static/forever/images/product/deafdbcf4b8fe9f86d514031fb44145c.256p.jpg,Optical,"Wired, Wireless",10000,Right,White,28.46
Logitech 910-004021,https://pcpartpicker.com/product/bc3RsY/logitech-mouse-910004021,https://m.media-amazon.com/images/I/41RB2IjAYpL.jpg,Laser,Wireless,,Both,Black,11.95
Logitech M500S,https://pcpartpicker.com/product/qQkgXL/logitech-m500s-wired-optical-mouse-910-005783,https://cdna.pcpartpicker.com/static/forever/images/product/e4a985b7da5ef4251b4278430c9bc5a6.256p.jpg,Optical,Wired,4000,Right,Black / Silver,29.99
Pulsar X3,https://pcpartpicker.com/product/sdXMnQ/pulsar-x3-wirelesswired-optical-mouse-px3r22,https://m.media-amazon.com/images/I/31PNTrkW58L.jpg,Optical,"Wired, Wireless",32000,Right,White,
Adesso GP-160UB,https://pcpartpicker.com/product/dyCwrH/adesso-mouse-gp160ub,https://cdna.pcpartpicker.com/static/forever/images/product/9cc6b202d69d7ee04a7ca6b48d4118cf.256p.jpg,Touchpad,Wired,,Both,Black,49.72
UtechSmart US-D5700-GM,https://pcpartpicker.com/product/btXfrH/utechsmart-mouse-usd5700gm,https://cdna.pcpartpicker.com/static/forever/images/product/b533fbef352e56ad232c2575c3d3b910.256p.jpg,Laser,Wired,5700,Right,Multicolor,25.16
Logitech G703 (Black),https://pcpartpicker.com/product/wrZ2FT/logitech-g703-black-wireless-optical-mouse-910-005091,https://cdna.pcpartpicker.com/static/forever/images/product/69246849b0fef5aa0f5d883f32ded840.256p.jpg,Optical,Wireless,12000,Right,Black,62.99
ROCCAT KONE Pure Ultra,https://pcpartpicker.com/product/pzdrxr/roccat-kone-pure-ultra-wired-optical-mouse-roc-11-731,https://cdna.pcpartpicker.com/static/forever/images/product/4ac5d5b390e96485068ba24dfe78dfe5.256p.jpg,Optical,Wired,16000,Right,White,
Pulsar X3 LHD,https://pcpartpicker.com/product/JJ8Pxr/pulsar-x3-lhd-wirelesswired-optical-mouse-px3l22,https://cdna.pcpartpicker.com/static/forever/images/product/327be1bcfaee892b598cb4ee5d844b75.256p.jpg,Optical,"Wired, Wireless",32000,Left,White,
Logitech PRO X SUPERLIGHT 2c,https://pcpartpicker.com/product/by7MnQ/logitech-pro-x-superlight-2c-wireless-optical-mouse-910-007529,https://cdna.pcpartpicker.com/static/forever/images/product/be4da82939cec0d67be06eec67ca4293.256p.jpg,Optical,Wireless,44000,Right,Pink,149.99
Logitech M325,https://pcpartpicker.com/product/Yc2kcf/logitech-mouse-910003803,https://m.media-amazon.com/images/I/51oxOygCyrL.jpg,Optical,Wireless,,Both,Multicolor,15.99
Mad Catz ‎R.A.T Pro X3 Supreme Limited Edition,https://pcpartpicker.com/product/zb92FT/mad-catz-rat-pro-x3-supreme-limited-edition-wired-optical-mouse-mr05dcingr01,https://m.media-amazon.com/images/I/316MHTD6-6L.jpg,Optical,Wired,16000,Right,Black / Gold,
HP HyperX Pulsefire Haste 2,https://pcpartpicker.com/product/MntLrH/hp-hyperx-pulsefire-haste-2-wired-optical-mouse-6n0a8aa,https://m.media-amazon.com/images/I/21yBecaB5WL.jpg,Optical,Wired,3200,Right,White,39.99
MSI CLUTCH GM31,https://pcpartpicker.com/product/R4NYcf/msi-clutch-gm31-wirelesswired-optical-mouse-clutch-gm31-lightweight-wireless,https://m.media-amazon.com/images/I/4179gc7wP4L.jpg,Optical,"Wired, Wireless",12000,Right,Black,60.00
Endgame Gear OP1we,https://pcpartpicker.com/product/RgCZxr/endgame-gear-op1we-wirelesswired-optical-mouse-egg-op1we-blk,https://m.media-amazon.com/images/I/21+5mxrugEL.jpg,Optical,"Wired, Wireless",19000,Right,Black,89.99
NZXT Lift 2 Symm,https://pcpartpicker.com/product/t6ZXsY/nzxt-lift-2-symm-wired-optical-mouse-ms-001nw-04,https://cdna.pcpartpicker.com/static/forever/images/product/c8e1b7eb9d3016eb547ce4d89d2178d2.256p.jpg,Optical,Wired,26000,Right,White,
Corsair M75 AIR,https://pcpartpicker.com/product/RTgrxr/corsair-m75-air-wirelesswiredbluetooth-optical-mouse-ch-931d101-na,https://m.media-amazon.com/images/I/21ZvIaiyRLL.jpg,Optical,"Wired, Wireless, Bluetooth Wireless",26000,Right,White,86.01
Logitech PRO 2 LIGHTSPEED,https://pcpartpicker.com/product/syvD4D/logitech-pro-2-lightspeed-wiredwireless-optical-mouse-910-007291,https://cdna.pcpartpicker.com/static/forever/images/product/6c95d5ec1cadda48ee3caeac507f5f86.256p.jpg,Optical,"Wired, Wireless",32000,Both,Pink,119.99
MCHOSE G3 Ultra (8K+8K),https://pcpartpicker.com/product/ZDwD4D/mchose-g3-ultra-8k8k-wiredwirelessbluetooth-optical-mouse-g3-6a,https://cdna.pcpartpicker.com/static/forever/images/product/8198db9c9a2411ada211652839ece4b7.256p.jpg,Optical,"Wired, Wireless, Bluetooth Wireless",26000,Right,White,
Cherry JM-0300,https://pcpartpicker.com/product/6wsKHx/cherry-mouse-jm0300,https://cdna.pcpartpicker.com/static/forever/images/product/66fad2772d8a848d2850c7b08be7dfe5.256p.jpg,Optical,Wired,1000,Both,Black,
Logitech M570,https://pcpartpicker.com/product/nCYXsY/logitech-mouse-910001799,https://cdna.pcpartpicker.com/static/forever/images/product/cb8ac15a6fea63a55444b5372912ff07.256p.jpg,Trackball,Wireless,,Right,Black,129.99
SteelSeries Sensei,https://pcpartpicker.com/product/RVV48d/steelseries-mouse-62150,https://m.media-amazon.com/images/I/31JhJRrC2nL.jpg,Laser,Wired,11400,Both,Gray,
HP X4000b,https://pcpartpicker.com/product/tLzv6h/hp-mouse-h3t51aaabc,https://m.media-amazon.com/images/I/31ASYE6qCSL.jpg,Laser,Bluetooth Wireless,,Both,Black,
Razer Taipan,https://pcpartpicker.com/product/M8h9TW/razer-mouse-rz0100780500r3u1,https://images-na.ssl-images-amazon.com/images/I/41kUYmrQyhL.jpg,Laser,Wired,8200,Both,Black / White,94.99
Zowie FK1,https://pcpartpicker.com/product/zhsKHx/zowie-fk1-wired-optical-mouse-fk1,https://cdna.pcpartpicker.com/static/forever/images/product/fe83418af317ccec595e8db7c00a3e51.256p.jpg,Optical,Wired,2300,Both,Black / Yellow,
Kensington Pro Fit Wired Mid-Size Mouse USB,https://pcpartpicker.com/product/DQVBD3/kensington-mouse-72355,https://cdna.pcpartpicker.com/static/forever/images/product/589ade29a2e59f3637f46c784796d8bb.256p.jpg,Laser,Wired,,Right,Black,18.99
Razer Mamba,https://pcpartpicker.com/product/fskwrH/razer-mouse-rz0101360100r3u1,https://m.media-amazon.com/images/I/31ZGjlIjllL.jpg,Laser,Wireless,16000,Right,Black,
SteelSeries Rival 100,https://pcpartpicker.com/product/NXbkcf/steelseries-rival-100-wired-optical-mouse-62336,https://cdna.pcpartpicker.com/static/forever/images/product/2777f845bdb095a052d7dafbfc036de1.256p.jpg,Optical,Wired,4000,Right,Gold,
Genius DX 110,https://pcpartpicker.com/product/xRvZxr/genius-mouse-31010116106,https://m.media-amazon.com/images/I/31f5nSUa8pL.jpg,Optical,Wired,1000,Both,Black,10.86
Zowie EC2-A,https://pcpartpicker.com/product/bFgPxr/zowie-mouse-ec2a,https://m.media-amazon.com/images/I/31KsAjOirnL.jpg,Optical,Wired,3200,Right,Black,
Asus ROG Gladius II,https://pcpartpicker.com/product/nkrcCJ/asus-rog-gladius-ii-wired-optical-mouse-rog-gladius-ii,https://cdna.pcpartpicker.com/static/forever/images/product/5ccc0eeab548cf460772a70b6322f41d.256p.jpg,Optical,Wired,12000,Right,Black,
Razer Lancehead,https://pcpartpicker.com/product/mHyxFT/razer-lancehead-wireless-laser-mouse-rz01-02120100-r3u1,https://m.media-amazon.com/images/I/41Hnes+gIPL.jpg,Laser,Wireless,16000,Both,Black / Green,169.00
SteelSeries Sensei 310,https://pcpartpicker.com/product/gKWrxr/steelseries-sensei-310-wired-optical-mouse-62432,https://cdna.pcpartpicker.com/static/forever/images/product/34871aa0ac6fc75203c0deca876396f3.256p.jpg,Optical,Wired,12000,Both,Black,
Gigabyte AORUS M3,https://pcpartpicker.com/product/pBTPxr/gigabyte-aorus-m3-wired-optical-mouse-gm-aorus-m3,https://cdna.pcpartpicker.com/static/forever/images/product/3330d2e97300254525d512dcfe218912.256p.jpg,Optical,Wired,6400,Right,Black,
Razer Lancehead Tournament Edition,https://pcpartpicker.com/product/Z4tQzy/razer-lancehead-tournament-edition-wired-optical-mouse-rz01-02130400-r3m1,https://cdna.pcpartpicker.com/static/forever/images/product/1d819b4e9cc8d3d6b666d0ecd94e9d29.256p.jpg,Optical,Wired,16000,Both,Pink,
Logitech M705,https://pcpartpicker.com/product/p2tQzy/logitech-m705-wireless-laser-mouse-910-005011,https://cdna.pcpartpicker.com/static/forever/images/product/9484577807ecc38bfe750afecd75550d.256p.jpg,Laser,Wireless,1000,Right,Black,
Verbatim 70233,https://pcpartpicker.com/product/f7848d/verbatim-70233-wired-optical-mouse-70233,https://cdna.pcpartpicker.com/static/forever/images/product/998f986b3ec48f52f2b552412b0c2f91.256p.jpg,Optical,Wired,,Both,Blue / Black,
Microsoft Intellimouse Pro - White Shadow,https://pcpartpicker.com/product/GytKHx/microsoft-intellimouse-pro-white-shadow-wired-optical-mouse-ngx-00002,https://cdna.pcpartpicker.com/static/forever/images/product/ee744f8b1fe700c66c75ad8cd34be41e.256p.jpg,Optical,Wired,16000,Right,White / Black,
Glorious MODEL D GLOSSY,https://pcpartpicker.com/product/WByqqs/glorious-pc-gaming-race-model-d-glossy-wired-optical-mouse-gd-gblack,https://cdna.pcpartpicker.com/static/forever/images/product/7380cb012ad9d2c4e7a90b55c4f84b00.256p.jpg,Optical,Wired,12000,Right,Black,67.11
Endgame Gear XM1r,https://pcpartpicker.com/product/GVFbt6/endgame-gear-xm1r-wired-optical-mouse-egg-xm1r-wht,https://cdna.pcpartpicker.com/static/forever/images/product/158a8e31faf78eab8e8bf9b721534748.256p.jpg,Optical,Wired,19000,Right,White / Gold,153.47
Endgame Gear XM1 RGB,https://pcpartpicker.com/product/trM48d/endgame-gear-xm1-rgb-wired-optical-mouse-egg-xm1rgb-wht,https://cdna.pcpartpicker.com/static/forever/images/product/d7f2742e6c18cd04810072c32c2138d0.256p.jpg,Optical,Wired,16000,Right,White / Black,74.36
ROCCAT KONE Pro Air,https://pcpartpicker.com/product/X6pzK8/roccat-kone-pro-air-wireless-optical-mouse-roc-11-415-01,https://m.media-amazon.com/images/I/31I5k9IMfWL.jpg,Optical,Wireless,19000,Right,White,
Redragon ‎M711-FPS COBRA RGB,https://pcpartpicker.com/product/RsC48d/redragon-m711-fps-cobra-rgb-wired-optical-mouse-m711-fps,https://m.media-amazon.com/images/I/31z9kQ8XzVL.jpg,Optical,Wired,24000,Right,Black,
Razer DeathAdder V2 - Halo Infinite,https://pcpartpicker.com/product/QzqPxr/razer-deathadder-v2-halo-infinite-wired-optical-mouse-rz01-03210300-r3m1,https://cdna.pcpartpicker.com/static/forever/images/product/adf8113af43a614b618da5270993f0ff.256p.jpg,Optical,Wired,20000,Right,Green / Black,
Asus ROG Strix Impact II GUNDAM Edition,https://pcpartpicker.com/product/FZ9wrH/asus-rog-strix-impact-ii-gundam-edition-wired-optical-mouse-rog-strix-impact-ii-gundam-edition,https://cdna.pcpartpicker.com/static/forever/images/product/059838dd1860a8ce46ce1a016b95b95b.256p.jpg,Optical,Wired,6200,Right,Blue / White,
Keychron M3,https://pcpartpicker.com/product/yV26Mp/keychron-m3-bluetoothwirelesswired-optical-mouse-40294351929433,https://cdna.pcpartpicker.com/static/forever/images/product/a5c04910005951ab9e1afcd727f9ed37.256p.jpg,Optical,"Wired, Wireless, Bluetooth Wireless",26000,Right,White,
Pulsar X2H Mini,https://pcpartpicker.com/product/8XGhP6/pulsar-x2h-mini-bluetoothwirelesswired-optical-mouse-px2h12,https://m.media-amazon.com/images/I/31voE1K9VBL.jpg,Optical,"Wired, Wireless, Bluetooth Wireless",26000,Right,White,
Kensington K76801WW,https://pcpartpicker.com/product/HfMTwP/kensington-k76801ww-wirelesswired-optical-mouse-k76801ww,https://m.media-amazon.com/images/I/411XP1WVZJL.jpg,Optical,"Wired, Wireless",1000,Both,Black,
Logitech 910-006581,https://pcpartpicker.com/product/fw92FT/logitech-910-006581-bluetoothwirelesswired-laser-mouse-910-006581,https://cdna.pcpartpicker.com/static/forever/images/product/a325ac66874480f41ad314466ef1b1c7.256p.jpg,Laser,"Wired, Wireless, Bluetooth Wireless",8000,Right,Black,109.99
Logitech Signature M650 L,https://pcpartpicker.com/product/pYxRsY/logitech-signature-m650-l-bluetoothwirelesswired-optical-mouse-910-006358,https://m.media-amazon.com/images/I/41uXdmn8MjL.jpg,Optical,"Wired, Wireless, Bluetooth Wireless",4000,Right,Red / Black,29.99
Endgame Gear XM2 8k White Frost,https://pcpartpicker.com/product/MmfxFT/endgame-gear-xm2-8k-white-frost-wired-optical-mouse-egg-xm2-8k-wf,https://cdna.pcpartpicker.com/static/forever/images/product/24ca41396597a86aa23395b9f17bd48b.256p.jpg,Optical,Wired,26000,Right,White / Gray,69.98
Pulsar X3 LHD,https://pcpartpicker.com/product/Pw62FT/pulsar-x3-lhd-wirelesswired-optical-mouse-px3l21,https://cdna.pcpartpicker.com/static/forever/images/product/bbe7430215bdecba5efec736480d6095.256p.jpg,Optical,"Wired, Wireless",32000,Left,Black,
Pulsar Xlite v4 Large,https://pcpartpicker.com/product/FLXMnQ/pulsar-xlite-v4-large-wirelesswired-optical-mouse-pxl431,https://m.media-amazon.com/images/I/31AKWjr69zL.jpg,Optical,"Wired, Wireless",32000,Right,Black,
Logitech ERGO M575S,https://pcpartpicker.com/product/Yqkqqs/logitech-ergo-m575s-wirelessbluetooth-trackball-910-007026,https://cdna.pcpartpicker.com/static/forever/images/product/efe77a55d34fd417e41a949b63441907.256p.jpg,Trackball,"Wireless, Bluetooth Wireless",2000,Right,Black / Blue,39.99
Logitech ERGO M575S,https://pcpartpicker.com/product/42RnTW/logitech-ergo-m575s-wirelessbluetooth-trackball-910-007028,https://cdna.pcpartpicker.com/static/forever/images/product/75b1ae19a1701d7dd3021f5764308b3c.256p.jpg,Trackball,"Wireless, Bluetooth Wireless",2000,Right,White / Blue,39.99
MSI CLUTCH,https://pcpartpicker.com/product/jGH7YJ/msi-clutch-gm41-lightweight-wired-optical-mouse-clutch-gm41-lightweight,https://cdna.pcpartpicker.com/static/forever/images/product/d56a06d9797ae64646723ddad615ba65.256p.jpg,Optical,Wired,6400,Right,Black,29.90
Logitech M310,https://pcpartpicker.com/product/B7Lypg/logitech-mouse-910001917,https://cdna.pcpartpicker.com/static/forever/images/product/fa490875e1716a70e8e57146275ba0c9.256p.jpg,Laser,Wireless,,Both,Blue,17.99
Glorious MODEL O GLOSSY,https://pcpartpicker.com/product/vdjJ7P/glorious-pc-gaming-race-model-o-glossy-wired-optical-mouse-go-gblack,https://cdna.pcpartpicker.com/static/forever/images/product/3aa8ded5f819b72d581b690760267bfb.256p.jpg,Optical,Wired,12000,Right,Black,65.00
HP 150,https://pcpartpicker.com/product/3ZzXsY/hp-150-wiredwireless-optical-mouse-2s9l1aa,https://cdna.pcpartpicker.com/static/forever/images/product/4dcbbd5ee2e896cd51d0107fb66d3663.256p.jpg,Optical,"Wired, Wireless",1600,Both,Black,27.99
Kensington Orbit,https://pcpartpicker.com/product/XdR48d/kensington-orbit-wired-trackball-k72337us,https://cdna.pcpartpicker.com/static/forever/images/product/fc900116666480228ff272c261a5da96.256p.jpg,Trackball,Wired,,Both,Black,39.99
Anker AK-98ANWVM-UBA,https://pcpartpicker.com/product/rYHRsY/anker-ak-98anwvm-uba-wireless-optical-mouse-ak-98anwvm-uba,https://m.media-amazon.com/images/I/31oDkTkBP8L.jpg,Optical,Wireless,1600,Right,Black,19.98
GameMax Tornado,https://pcpartpicker.com/product/MWbCmG/gamemax-tornado-wired-optical-mouse-gmm-tornado,https://cdna.pcpartpicker.com/static/forever/images/product/bfa34b4bb3415dff449afec8e50588f6.256p.jpg,Optical,Wired,2000,Right,Black,
Cooler Master MM720 Matte,https://pcpartpicker.com/product/qRcRsY/cooler-master-mm720-matte-wired-optical-mouse-mm-720-kkol1,https://cdna.pcpartpicker.com/static/forever/images/product/50cd6218c9deb8e8912c7cc143687c74.256p.jpg,Optical,Wired,16000,Right,Black,
EVGA X17,https://pcpartpicker.com/product/tht9TW/evga-x17-wired-optical-mouse-903-w1-17gr-kr,https://cdna.pcpartpicker.com/static/forever/images/product/0ec64a1bed0dcc9ff82b893659b0f52d.256p.jpg,Optical,Wired,16000,Right,Gray / Black,
Endgame Gear XM1r,https://pcpartpicker.com/product/w8QcCJ/endgame-gear-xm1r-wired-optical-mouse-egg-xm1r-dr,https://cdna.pcpartpicker.com/static/forever/images/product/16947cf1d73b2898c1bfd4c620b7fff5.256p.jpg,Optical,Wired,19000,Right,Translucent Black / Black,68.05
Asus ROG Strix Carry,https://pcpartpicker.com/product/Rb7p99/asus-rog-strix-carry-wirelessbluetoothwired-optical-mouse-p508-rog-strix-carry,https://cdna.pcpartpicker.com/static/forever/images/product/251d9f98adb757e4d00c550a6a850c02.256p.jpg,Optical,"Wired, Wireless, Bluetooth Wireless",7200,Right,Black,
HP 235,https://pcpartpicker.com/product/HBDQzy/hp-235-wiredwireless-optical-mouse-4e407aaabl,https://m.media-amazon.com/images/I/41K7kme9ptL.jpg,Optical,"Wired, Wireless",1600,Both,Black,30.37
Logitech Signature M650 L,https://pcpartpicker.com/product/gk3NnQ/logitech-signature-m650-l-bluetoothwirelesswired-optical-mouse-910-006233,https://m.media-amazon.com/images/I/311YwtwW3KL.jpg,Optical,"Wired, Wireless, Bluetooth Wireless",4000,Right,White,29.99
Logitech M240 Silent,https://pcpartpicker.com/product/WtWJ7P/logitech-m240-silent-bluetooth-optical-mouse-910-007117,https://cdna.pcpartpicker.com/static/forever/images/product/76d8a16f260f8cbc9c57c28e2c4bc6bd.256p.jpg,Optical,Bluetooth Wireless,4000,Both,Pink,11.50
Corsair M75 AIR,https://pcpartpicker.com/product/3Z7scf/corsair-m75-air-wirelesswiredbluetooth-optical-mouse-ch-931d102-na,https://m.media-amazon.com/images/I/311qwrTmTCL.jpg,Optical,"Wired, Wireless, Bluetooth Wireless",26000,Right,Gray,60.95
Endgame Gear XM2w 4k,https://pcpartpicker.com/product/66XMnQ/endgame-gear-xm2w-4k-wiredwireless-optical-mouse-egg-xm2w-4k-blk,https://cdna.pcpartpicker.com/static/forever/images/product/f9aca0ec57e037c28fa36f2ed83d2aac.256p.jpg,Optical,"Wired, Wireless",26000,Right,Black,69.98
Logitech ERGO M575S,https://pcpartpicker.com/product/Tqkqqs/logitech-ergo-m575s-wirelessbluetooth-trackball-910-007392,https://m.media-amazon.com/images/I/31Qi3NURcBL.jpg,Trackball,"Wireless, Bluetooth Wireless",2000,Right,Black / Silver,39.99
Turtle Beach Kone II,https://pcpartpicker.com/product/Dctkcf/turtle-beach-kone-ii-wired-optical-mouse-tbm-1003-05,https://m.media-amazon.com/images/I/31IrcoKYy-L.jpg,Optical,Wired,26000,Right,Black,49.99
Turtle Beach Kone II Air,https://pcpartpicker.com/product/cTTFf7/turtle-beach-kone-ii-air-bluetoothwirelesswired-optical-mouse-tbm-1104-05,https://m.media-amazon.com/images/I/31APXhfaY1L.jpg,Optical,"Wired, Wireless, Bluetooth Wireless",26000,Right,Black,75.98
Logitech G400,https://pcpartpicker.com/product/y96BD3/logitech-mouse-910002277,https://m.media-amazon.com/images/I/41AE0XbebfL.jpg,Optical,Wired,3600,Right,Black,
Razer Naga,https://pcpartpicker.com/product/4JrG3C/razer-mouse-rz0100280100r3u1,https://m.media-amazon.com/images/I/41SXQ6VWJdL.jpg,Laser,Wired,5600,Right,Black,
Microsoft Mobile Mouse 6000,https://pcpartpicker.com/product/gpckcf/microsoft-mouse-mhc00023,https://m.media-amazon.com/images/I/51Ae8ok9zHL.jpg,Laser,Wireless,,,Purple,248.35
Kensington K72369US,https://pcpartpicker.com/product/796BD3/kensington-mouse-k72369us,https://cdna.pcpartpicker.com/static/forever/images/product/5a29727f52e30baf753fbc859c0d15d6.256p.jpg,Optical,Wired,,,Black,22.99
Microsoft Wireless Mobile Mouse 6000,https://pcpartpicker.com/product/3nDwrH/microsoft-mouse-mhc00020,/static/forever/img/no-image.png,Optical,Wireless,,Both,White,299.99
Adesso HC-3003PS,https://pcpartpicker.com/product/F7Lypg/adesso-mouse-hc3003ps,https://cdna.pcpartpicker.com/static/forever/images/product/9243eea2b78aacae38f15839f523d0c1.256p.jpg,Optical,Wired,1000,Both,Black,7.99
Corsair Vengeance M95,https://pcpartpicker.com/product/NVxfrH/corsair-mouse-ch9000025na,https://m.media-amazon.com/images/I/41GJwhyzX1L.jpg,Laser,Wired,8200,Right,Black,
Razer Ouroboros,https://pcpartpicker.com/product/jzqdnQ/razer-mouse-rz0100770300r331,https://cdna.pcpartpicker.com/static/forever/images/product/d69ab6d1722c67b9803a43244e1d571f.256p.jpg,Laser,Wireless,8200,Both,Black,
HP X500,https://pcpartpicker.com/product/csyFf7/hp-mouse-e5c12aaaba,https://m.media-amazon.com/images/I/21lp9xtguxL.jpg,Optical,Wired,,Both,Black,
Corsair Raptor M45,https://pcpartpicker.com/product/dBNp99/corsair-mouse-ch9000052na,https://m.media-amazon.com/images/I/41WVnS1FplL.jpg,Optical,Wired,5000,Right,Black / Red,
Evoluent VerticalMouse 4 Right,https://pcpartpicker.com/product/tYcMnQ/evoluent-mouse-vm4rb,https://cdna.pcpartpicker.com/static/forever/images/product/1b3a0d7a8669e4e0ae86afb2fcc32bdf.med.256p.jpg,Laser,Bluetooth Wireless,,Right,White,109.95
Logitech G302 Daedalus Prime Moba,https://pcpartpicker.com/product/RFTrxr/logitech-mouse-910004205,https://m.media-amazon.com/images/I/31kYmaspHUL.jpg,Optical,Wired,4000,Right,Black / Blue,96.99
Zowie FK2,https://pcpartpicker.com/product/8GX2FT/zowie-mouse-fk2,https://cdna.pcpartpicker.com/static/forever/images/product/5dfbfc0413fb5fa5f27d6ddf8b4ef0af.256p.jpg,Optical,Wired,3200,Both,Black / Yellow,
Kensington K72356US,https://pcpartpicker.com/product/bRGj4D/kensington-mouse-72356,https://cdna.pcpartpicker.com/static/forever/images/product/9d3d51bc5266efd63bcf4d8609581264.256p.jpg,Optical,Wired,,Both,Black,
G.Skill RIPJAWS MX780,https://pcpartpicker.com/product/R27CmG/gskill-mouse-gml8200cl8mx780d10,https://m.media-amazon.com/images/I/51LLsG+nDHL.jpg,Laser,Wired,8200,Both,Black,
Genius NX-7000,https://pcpartpicker.com/product/VnL7YJ/genius-mouse-31030109110,https://cdna.pcpartpicker.com/static/forever/images/product/8e767721be7c152e1279c3c882b2ff92.256p.jpg,Laser,Wireless,1200,Both,Black / Red,
Razer DeathAdder Chroma(Call of Duty: Black Ops III Edition),https://pcpartpicker.com/product/QkX2FT/razer-mouse-rz0101210200r3m1,https://m.media-amazon.com/images/I/31BxjfZB0fL.jpg,Optical,Wired,10000,Right,Black / Silver,
Corsair M65 PRO RGB FPS (White),https://pcpartpicker.com/product/M2Crxr/corsair-m65-pro-rgb-fps-white-wired-optical-mouse-ch-9300111-na,https://m.media-amazon.com/images/I/41iYeGFHUZL.jpg,Optical,Wired,12000,Right,White,
Asus ROG Strix Evolve,https://pcpartpicker.com/product/HdL7YJ/asus-rog-strix-evolve-wired-optical-mouse-strix-evolve,https://cdna.pcpartpicker.com/static/forever/images/product/f6ca39277451ef04ab253f92445fbf2b.256p.jpg,Optical,Wired,7200,Both,Black,
Logitech G203 PRODIGY,https://pcpartpicker.com/product/fttQzy/logitech-g203-prodigy-wired-optical-mouse-910-005081,https://m.media-amazon.com/images/I/31lCkeH9ttL.jpg,Optical,Wired,6000,Right,White,29.99
ROCCAT Kone AIMO,https://pcpartpicker.com/product/PNGxFT/roccat-kone-aimo-wired-optical-mouse-roc-11-815-bk,https://cdna.pcpartpicker.com/static/forever/images/product/41de138c671f6f57bceb17f01b1aeb02.256p.jpg,Optical,Wired,12000,Right,Black,
Razer Lancehead Tournament Edition Mercury,https://pcpartpicker.com/product/LnXnTW/razer-lancehead-tournament-edition-mercury-wired-optical-mouse-rz01-02130200-r3m1,https://m.media-amazon.com/images/I/31UvcathFYL.jpg,Optical,Wired,16000,Both,White / Gray,147.99
HP HyperX Pulsefire FPS Pro,https://pcpartpicker.com/product/4HL48d/hp-hyperx-pulsefire-fps-pro-wired-optical-mouse-hx-mc003b,https://cdna.pcpartpicker.com/static/forever/images/product/5427199f410131967602f3fc7a0b2c7a.256p.jpg,Optical,Wired,16000,Right,Black,
Razer Mamba Hyperflux &amp; Firefly Hyperflux Bundle,https://pcpartpicker.com/product/WChKHx/razer-mamba-hyperflux-firefly-hyperflux-bundle-wireless-optical-mouse-rz83-02480100-b3u1,https://cdna.pcpartpicker.com/static/forever/images/product/8010b20d174d76bf9453e777aaa4a795.256p.jpg,Optical,Wireless,16000,Right,Black,
Cooler Master MM710 Matte Black,https://pcpartpicker.com/product/dhqBD3/cooler-master-mm710-matte-black-wired-optical-mouse-mm-710-kkol1,https://cdna.pcpartpicker.com/static/forever/images/product/daff3cec35e5bdffee0353ce87c4f6c1.256p.jpg,Optical,Wired,16000,Right,Black,
GameMax Strike,https://pcpartpicker.com/product/GZfFf7/gamemax-strike-wired-optical-mouse-gmx-ms-strike,https://cdna.pcpartpicker.com/static/forever/images/product/a1fac7013c4e3acca02bdb283d44631f.256p.jpg,Optical,Wired,3200,Right,Black,
Logitech M185R,https://pcpartpicker.com/product/QG97YJ/logitech-m185r-wireless-optical-mouse-910-003635,https://cdna.pcpartpicker.com/static/forever/images/product/9fbdcc0532b1e2ad28a7595a57aaf664.256p.jpg,Optical,Wireless,1000,Both,Red / Black,17.98
Adesso iMouse M20B,https://pcpartpicker.com/product/kNtQzy/adesso-imouse-m20b-wireless-optical-mouse-imousem20b,https://cdna.pcpartpicker.com/static/forever/images/product/e3484fbd7de77335e0f5e372943afd32.256p.jpg,Optical,Wireless,1600,Right,Black,14.99
Adesso iMouse T30,https://pcpartpicker.com/product/7rKcCJ/adesso-imouse-t30-wireless-optical-mouse-imouse-t30,https://cdna.pcpartpicker.com/static/forever/images/product/322290d76b6221e2107c343b3105d273.256p.jpg,Optical,Wireless,4800,Right,Black / Red,45.15
Verbatim 70242,https://pcpartpicker.com/product/6YmFf7/verbatim-70242-wireless-laser-mouse-70242,https://cdna.pcpartpicker.com/static/forever/images/product/acc2402a618ef8a1915d9c47cd1b535e.256p.jpg,Laser,Wireless,1600,Right,Silver / Black,13.09
Verbatim 70244,https://pcpartpicker.com/product/CDhmP6/verbatim-70244-wireless-laser-mouse-70244,https://cdna.pcpartpicker.com/static/forever/images/product/25828000d3967fd7f04fc322f2ff7a0e.256p.jpg,Laser,Wireless,1600,Right,Blue / Black,19.08
Asus ROG Strix Impact II,https://pcpartpicker.com/product/Ky3mP6/asus-rog-strix-impact-ii-wired-optical-mouse-rog-strix-impact-ii,https://cdna.pcpartpicker.com/static/forever/images/product/69b25ac62b749810563a34bb34ce4a08.256p.jpg,Optical,Wired,6200,Right,Black,
HAVIT HV-MS735,https://pcpartpicker.com/product/W2CFf7/havit-hv-ms735-wired-optical-mouse-hv-ms735,https://m.media-amazon.com/images/I/41-rnRqJC-L.jpg,Optical,Wired,12000,Right,Black,
SteelSeries Aerox 3,https://pcpartpicker.com/product/rzBhP6/steelseries-aerox-3-wired-optical-mouse-62599,https://cdna.pcpartpicker.com/static/forever/images/product/4b43a0e33b204485e067ccf661329449.256p.jpg,Optical,Wired,8500,Right,Black,
Corsair SABRE RGB PRO CHAMPION SERIES,https://pcpartpicker.com/product/ZRvdnQ/corsair-sabre-rgb-pro-champion-series-wired-optical-mouse-ch-9303111-na,https://cdna.pcpartpicker.com/static/forever/images/product/4702f2380d91265aab43664f32e7cb8f.256p.jpg,Optical,Wired,18000,Right,Black,
SteelSeries Rival 300 CS:GO Hyper Beast Edition,https://pcpartpicker.com/product/BTnypg/steelseries-rival-300-csgo-hyper-beast-edition-wired-optical-mouse-62363,https://m.media-amazon.com/images/I/416LXi2XZQL.jpg,Optical,Wired,6500,Right,Orange / Black,
ROCCAT Burst Core,https://pcpartpicker.com/product/s2WzK8/roccat-burst-core-wired-optical-mouse-roc-11-752,https://m.media-amazon.com/images/I/31EiKGM3vsL.jpg,Optical,Wired,8500,Right,Black,
Cooler Master MM730,https://pcpartpicker.com/product/pJGbt6/cooler-master-mm730-wired-optical-mouse-mm-730-wwol1,https://cdna.pcpartpicker.com/static/forever/images/product/cae6f557ec07fea682e842511dd7e063.256p.jpg,Optical,Wired,16000,Right,White / Gray,
EVGA X12,https://pcpartpicker.com/product/rmt9TW/evga-x12-wired-optical-mouse-905-w1-12bk-kr,https://cdna.pcpartpicker.com/static/forever/images/product/2e2027d9a8f7f37a1410829d6e0443eb.256p.jpg,Optical,Wired,16000,Both,Black,27.17
Asus ROG Gladius III,https://pcpartpicker.com/product/WfWzK8/asus-rog-gladius-iii-wireless-optical-mouse-rog-gladius-iii-wireless,https://cdna.pcpartpicker.com/static/forever/images/product/d3386a7f3320b71c375d53436c318077.256p.jpg,Optical,Wireless,26000,Right,Black,
HP HyperX Pulsefire Raid,https://pcpartpicker.com/product/DgGbt6/hp-hyperx-pulsefire-raid-wired-optical-mouse-4p5q3aa,https://m.media-amazon.com/images/I/41mQ3MzlK6L.jpg,Optical,Wired,16000,Right,Black,
Asus TUF GAMING x Demon Slayer L.E. Tanjiro Kamado,https://pcpartpicker.com/product/77t9TW/asus-tuf-gaming-x-demon-slayer-le-tanjiro-kamado-wired-optical-mouse-p308-tuf-gaming-m3-ds,https://m.media-amazon.com/images/I/314ZsG2XwzL.jpg,Optical,Wired,7000,Right,Black / Green,
Logitech Graphite Signature M550,https://pcpartpicker.com/product/zL8bt6/logitech-graphite-signature-m550-bluetooth-wireless-optical-mouse-910-006781,https://cdna.pcpartpicker.com/static/forever/images/product/d88e96e8e8cd5dda0fe5c192f4587a6d.256p.jpg,Optical,Bluetooth Wireless,4000,Both,Gray,24.99
Razer DeathAdder V2 Pro - Genshin Impact Edition,https://pcpartpicker.com/product/HJjBD3/razer-deathadder-v2-pro-genshin-impact-edition-wiredbluetoothwireless-optical-mouse-rz01-03350200-r3u1,https://cdna.pcpartpicker.com/static/forever/images/product/1338602f409690b8a05e3d6613ec7479.256p.jpg,Optical,"Wired, Wireless, Bluetooth Wireless",20000,Right,Blue / White,
Razer Mamba Gears of War 5,https://pcpartpicker.com/product/rjfnTW/razer-mamba-gears-of-war-5-wirelesswired-optical-mouse-rz01-02710200-r3m1,https://m.media-amazon.com/images/I/41sYBIeUzmL.jpg,Optical,"Wired, Wireless",16000,Right,Gray / Black,88.00
Pulsar X2 Mini,https://pcpartpicker.com/product/rwP8TW/pulsar-x2-mini-wiredwireless-optical-mouse-px201s,/static/forever/img/no-image.png,Optical,"Wired, Wireless",26000,Right,Black,
Pulsar X2,https://pcpartpicker.com/product/8xrqqs/pulsar-x2-wiredwireless-optical-mouse-px201,/static/forever/img/no-image.png,Optical,"Wired, Wireless",26000,Right,Black,
Endgame Gear XM2w,https://pcpartpicker.com/product/MDcgXL/endgame-gear-xm2w-wirelesswired-optical-mouse-egg-xm2w-blk,https://cdna.pcpartpicker.com/static/forever/images/product/a57c9b736d720de954db961be0287cb5.256p.jpg,Optical,"Wired, Wireless",26000,Right,Black,
ADATA XPG ALPHA,https://pcpartpicker.com/product/zHzXsY/adata-xpg-alpha-wired-optical-mouse-alpha-bkcww,https://cdna.pcpartpicker.com/static/forever/images/product/6dd5e3a9cbd9cb46590db509f72e6d60.256p.jpg,Optical,Wired,16000,Right,Black,49.93
Dell MS3220,https://pcpartpicker.com/product/NbxxFT/dell-ms3220-wired-laser-mouse-ms3220,https://cdna.pcpartpicker.com/static/forever/images/product/83da353b9b096b68ff6e0542467bbab0.256p.jpg,Laser,Wired,3200,Right,Black,17.94
Keychron M1,https://pcpartpicker.com/product/GWwmP6/keychron-m1-bluetoothwirelesswired-optical-mouse-mskcm1a3bk,https://m.media-amazon.com/images/I/41RN180a7tL.jpg,Optical,"Wired, Wireless, Bluetooth Wireless",26000,Right,Black,
Logitech LIFT,https://pcpartpicker.com/product/DxvdnQ/logitech-lift-bluetoothwireless-optical-mouse-910-006467,https://cdna.pcpartpicker.com/static/forever/images/product/40c2b597f68356d319b381dbb99d0779.256p.jpg,Optical,"Wireless, Bluetooth Wireless",4000,Left,Black,69.98
Logitech POP Cosmos,https://pcpartpicker.com/product/p6cG3C/logitech-pop-cosmos-wirelessbluetooth-optical-mouse-910-006624,https://cdna.pcpartpicker.com/static/forever/images/product/66f468a1659529a402ae1cd47ac16f77.256p.jpg,Optical,"Wireless, Bluetooth Wireless",4000,Both,Purple,29.99
HP 240,https://pcpartpicker.com/product/LgyH99/hp-240-bluetooth-optical-mouse-43n05aaaba,https://cdna.pcpartpicker.com/static/forever/images/product/a8e152bdc6bbec5a19d8d5c46f0c7a29.256p.jpg,Optical,Bluetooth Wireless,1600,Both,Red / Black,16.98
Kensington SureTrack,https://pcpartpicker.com/product/2fqBD3/kensington-suretrack-bluetoothwirelesswired-optical-mouse-k75352ww,https://cdna.pcpartpicker.com/static/forever/images/product/1ed1b4b28468554efd307b9cce135450.256p.jpg,Optical,"Wired, Wireless, Bluetooth Wireless",4000,Both,Red,14.93
Logitech MX MASTER 3,https://pcpartpicker.com/product/h6mmP6/logitech-mx-master-3-bluetoothwirelesswired-laser-mouse-910-006198,https://m.media-amazon.com/images/I/41cVmSYI+WL.jpg,Laser,"Wired, Wireless, Bluetooth Wireless",4000,Right,Black,
Logitech MX Anywhere 3S,https://pcpartpicker.com/product/rvZXsY/logitech-mx-anywhere-3s-bluetoothwirelesswired-laser-mouse-910-006927,https://cdna.pcpartpicker.com/static/forever/images/product/d2900acb90faf993f92f97c6c0b114ae.256p.jpg,Laser,"Wired, Wireless, Bluetooth Wireless",8000,Right,Pink,84.99
Microsoft Pro Intellimouse,https://pcpartpicker.com/product/TxzhP6/microsoft-pro-intellimouse-wired-optical-mouse-ngx-00001,https://m.media-amazon.com/images/I/31DvV773TiL.jpg,Optical,Wired,16000,Right,White / Black,
MSI Clutch GM20 Elite,https://pcpartpicker.com/product/3XK2FT/msi-clutch-gm20-elite-wired-optical-mouse-s12-0400d00-c54,https://cdna.pcpartpicker.com/static/forever/images/product/7865bbc07ce7ab6e101c97a6c332a232.256p.jpg,Optical,Wired,6400,Right,Black,
Redragon GAINER M610,https://pcpartpicker.com/product/sRP8TW/redragon-gainer-m610-wired-optical-mouse-m610,https://cdna.pcpartpicker.com/static/forever/images/product/74e2688b3f2e0e7abb61653436fbcb6b.256p.jpg,Optical,Wired,3200,Right,Black / Red,
Endgame Gear OP1,https://pcpartpicker.com/product/jRWJ7P/endgame-gear-op1-wired-optical-mouse-egg-op1-blk,https://cdna.pcpartpicker.com/static/forever/images/product/e322fd3e6ffd5d49bc5c753206a5348f.256p.jpg,Optical,Wired,26000,Right,Black,
ninjutso Sora V2,https://pcpartpicker.com/product/T7YfrH/ninjutso-sora-v2-wireless-optical-mouse-nm042,/static/forever/img/no-image.png,Optical,Wireless,26000,Right,White,
Endgame Gear XM2w 4k,https://pcpartpicker.com/product/zkTFf7/endgame-gear-xm2w-4k-wiredwireless-optical-mouse-egg-xm2w-4k-wht,https://cdna.pcpartpicker.com/static/forever/images/product/d8cc644d0133223028e81a1f648085a0.256p.jpg,Optical,"Wired, Wireless",26000,Right,White,79.98
DeLUX M800 Ultra,https://pcpartpicker.com/product/mFdMnQ/delux-m800-ultra-wirelessbluetoothwired-optical-mouse-m800ultra-black-600mah,https://m.media-amazon.com/images/I/31A6GcO3ttL.jpg,Optical,"Wired, Wireless, Bluetooth Wireless",26000,Right,Black,
MCHOSE A5 Ultra,https://pcpartpicker.com/product/tqdMnQ/mchose-a5-ultra-wiredwirelessbluetooth-optical-mouse-a5-12sa,https://cdna.pcpartpicker.com/static/forever/images/product/5dad6672608f5414c5f777efb7467e29.256p.jpg,Optical,"Wired, Wireless, Bluetooth Wireless",26000,Right,Pink,
MCHOSE G7,https://pcpartpicker.com/product/fjG2FT/mchose-g7-wiredwirelessbluetooth-optical-mouse-mc-g7-1,https://cdna.pcpartpicker.com/static/forever/images/product/42d70dac44f0715dda9ac79766a722d3.256p.jpg,Optical,"Wired, Wireless, Bluetooth Wireless",12000,Right,White,
MCHOSE A7 Ultra,https://pcpartpicker.com/product/CkDnTW/mchose-a7-ultra-wiredwirelessbluetooth-optical-mouse-a7-6a,/static/forever/img/no-image.png,Optical,"Wired, Wireless, Bluetooth Wireless",42000,Right,White,
MCHOSE L7 Ultra,https://pcpartpicker.com/product/XNpD4D/mchose-l7-ultra-wiredwirelessbluetooth-optical-mouse-mc-l7-7,https://m.media-amazon.com/images/I/21oMIt2egdL.jpg,Optical,"Wired, Wireless, Bluetooth Wireless",42000,Right,Blue,
MCHOSE M7 Ultra,https://pcpartpicker.com/product/RbpD4D/mchose-m7-ultra-wiredwirelessbluetooth-optical-mouse-mc-m7-7,/static/forever/img/no-image.png,Optical,"Wired, Wireless, Bluetooth Wireless",42000,Right,White,
Redragon PERDITION 2,https://pcpartpicker.com/product/tPfV3C/redragon-perdition-2-wired-optical-mouse-m901-w-2,/static/forever/img/no-image.png,Optical,Wired,12400,Right,White,
Keychron M6 1000Hz,https://pcpartpicker.com/product/2vbypg/keychron-m6-1000hz-wiredbluetoothwireless-optical-mouse-mskbm6a3,/static/forever/img/no-image.png,Optical,"Wired, Wireless, Bluetooth Wireless",26000,Right,White,
Keychron M5,https://pcpartpicker.com/product/spDnTW/keychron-m5-wiredbluetoothwireless-optical-mouse-m5-a24,https://cdna.pcpartpicker.com/static/forever/images/product/af6ba1072213f5838d6a8a8b26a3a87d.256p.jpg,Optical,"Wired, Wireless, Bluetooth Wireless",30000,Right,White,
V7 Full size USB Optical Mouse,https://pcpartpicker.com/product/bWH323/v7-mouse-mv30000105nc,https://cdna.pcpartpicker.com/static/forever/images/product/501c83d62d6c91035cc30eef509e5260.256p.jpg,Optical,Wired,1000,Both,Silver / Black,
Logitech PEBBLE 2 M350S,https://pcpartpicker.com/product/qDhv6h/logitech-pebble-2-m350s-bluetoothwirelesswired-optical-mouse-910-007024,https://cdna.pcpartpicker.com/static/forever/images/product/27379c2629d4dfe8baa86f4776c9d40e.256p.jpg,Optical,"Wired, Wireless, Bluetooth Wireless",1000,Both,Black,19.99
Razer Basilisk,https://pcpartpicker.com/product/2HfFf7/razer-basilisk-wired-optical-mouse-rz01-02330300-r3m1,https://cdna.pcpartpicker.com/static/forever/images/product/bde8e4b6893de68478765f7b41e53e46.256p.jpg,Optical,Wired,16000,Right,,
Endgame Gear XM1 RGB,https://pcpartpicker.com/product/gqH7YJ/endgame-gear-xm1-rgb-wired-optical-mouse-egg-xm1rgb-df,https://cdna.pcpartpicker.com/static/forever/images/product/e8a31471a984ef7b8eb5d1a62859da87.256p.jpg,Optical,Wired,16000,Right,Translucent Black / Black,68.03
Xtrfy M4 RGB,https://pcpartpicker.com/product/r6vdnQ/xtrfy-m4-rgb-wirelesswired-optical-mouse-m4w-rgb-white,https://cdna.pcpartpicker.com/static/forever/images/product/61f00d099e019fda0839fb0b4217a6de.256p.jpg,Optical,"Wired, Wireless",16000,Right,White,
Logitech 910-000806,https://pcpartpicker.com/product/TVphP6/logitech-mouse-910000806,https://cdna.pcpartpicker.com/static/forever/images/product/53607b3eb2f6517036a1402ae97f8ded.256p.jpg,Trackball,Wired,,Both,Gray,179.99
Microsoft Arc Touch Mouse,https://pcpartpicker.com/product/MmsKHx/microsoft-mouse-rvf00001,https://m.media-amazon.com/images/I/41OPk-9dDyL.jpg,Optical,Wireless,,Both,Black,249.00
Cherry M5450,https://pcpartpicker.com/product/jTyFf7/cherry-mouse-m5450,https://cdna.pcpartpicker.com/static/forever/images/product/f13fd5aefada494f089801249f38504e.256p.jpg,Optical,Wired,800,,Black,19.00
ROCCAT Kova,https://pcpartpicker.com/product/FYgPxr/roccat-mouse-roc11503am,https://cdna.pcpartpicker.com/static/forever/images/product/dee3d7730ad667c3e65d13dc968caacf.256p.jpg,Optical,Wired,7000,Right,White,
Thermaltake THERON Plus,https://pcpartpicker.com/product/7GL7YJ/thermaltake-mouse-motrpwdlobk06,https://m.media-amazon.com/images/I/41Vk4rtpxhL.jpg,Laser,Wired,8200,Right,Black,59.99
Logitech MX Ergo Plus,https://pcpartpicker.com/product/v3HRsY/logitech-mx-ergo-plus-wireless-optical-mouse-910-005178,https://cdna.pcpartpicker.com/static/forever/images/product/67844aacb68212f9e8a680c784c27702.256p.jpg,Optical,Wireless,440,Right,Black,117.15
Razer Basilisk Essential,https://pcpartpicker.com/product/bnm323/razer-basilisk-essential-wired-optical-mouse-rz01-02650100-r3m1,https://m.media-amazon.com/images/I/41s+543NaIL.jpg,Optical,Wired,6400,Right,Black,44.95
MSI CLUTCH GM50,https://pcpartpicker.com/product/jnZFf7/msi-clutch-gm50-wired-optical-mouse-s12-0400c60-pa3,https://cdna.pcpartpicker.com/static/forever/images/product/3b8b3628c4ec1a6dbbcdfa2f4a354981.256p.jpg,Optical,Wired,7200,Right,Black,
Evoluent VM4SW small,https://pcpartpicker.com/product/Fcw7YJ/evoluent-vm4sw-small-wireless-optical-mouse-vm4sw,https://cdna.pcpartpicker.com/static/forever/images/product/2c0213aa96a2749de76d8d340d44315d.256p.jpg,Optical,Wireless,2600,Right,Brown / Black,109.95
Logitech Rose Signature M550,https://pcpartpicker.com/product/Z7t9TW/logitech-rose-signature-m550-bluetooth-wireless-optical-mouse-910-006593,https://cdna.pcpartpicker.com/static/forever/images/product/9941bc50e61e2c08acc5cc91f87a2142.256p.jpg,Optical,Bluetooth Wireless,4000,Both,Pink,28.49
Logitech POP Blast,https://pcpartpicker.com/product/WhNxFT/logitech-pop-blast-bluetoothwireless-optical-mouse-910-006543,https://cdna.pcpartpicker.com/static/forever/images/product/df05922c9dd893cff93ae177a9c123f9.256p.jpg,Optical,"Wireless, Bluetooth Wireless",4000,Both,Yellow / Black,25.99
Logitech M325S,https://pcpartpicker.com/product/2P2WGX/logitech-m325s-wirelesswired-optical-mouse-910-006824,https://cdna.pcpartpicker.com/static/forever/images/product/6017ccb5a3cf0f039a765961748eba42.256p.jpg,Optical,"Wired, Wireless",1000,Both,Silver / Black,19.98
Logitech G500,https://pcpartpicker.com/product/3vJwrH/logitech-mouse-910001259,https://m.media-amazon.com/images/I/51HoNxGz0wL.jpg,Laser,Wired,5700,Right,Black / Silver,
Gigabyte GM-M6800,https://pcpartpicker.com/product/pWh9TW/gigabyte-mouse-gmm6800,https://cdna.pcpartpicker.com/static/forever/images/product/1081234c781a7e1917ad1eeb22b4e295.256p.jpg,Optical,Wired,1600,Right,Black,
Logitech LS1,https://pcpartpicker.com/product/xCYXsY/logitech-mouse-910000594,https://images-na.ssl-images-amazon.com/images/I/312U2mZA5UL.jpg,Laser,Wired,,Both,Black,59.99
Logitech M110,https://pcpartpicker.com/product/wKrG3C/logitech-mouse-910001600,https://m.media-amazon.com/images/I/413Xbd4DvyL.jpg,Optical,Wired,,Both,Black,
HP RH304AA,https://pcpartpicker.com/product/kmsKHx/hp-mouse-rh304aa,https://cdna.pcpartpicker.com/static/forever/images/product/17521d5b98b233d7b1d04f7ce07e5ceb.256p.jpg,Optical,Wired,,Both,Black,
Logitech V220,https://pcpartpicker.com/product/qLQypg/logitech-mouse-910001463,https://m.media-amazon.com/images/I/41XHDGgkESL.jpg,Optical,Wireless,1000,Both,Red / Black,29.76
Evoluent VM4R,https://pcpartpicker.com/product/96H323/evoluent-mouse-vm4r,https://cdna.pcpartpicker.com/static/forever/images/product/dd4116b555d99ce584df470de6b28025.256p.jpg,Laser,Wired,,Right,Silver / Black,89.95
Microsoft 4YH-00005,https://pcpartpicker.com/product/H47wrH/microsoft-mouse-4yh00005,https://cdna.pcpartpicker.com/static/forever/images/product/48e72799868c7909a5392a71796d3cca.256p.jpg,Optical,Wired,800,Both,Black,
Dell 468-7409 Mouse,https://pcpartpicker.com/product/XQ4gXL/dell-mouse-4687409,https://m.media-amazon.com/images/I/21q5WQRnxgL.jpg,Optical,Wired,,Both,Black,
A4Tech WUT-13,https://pcpartpicker.com/product/sbJwrH/a4tech-mouse-wut13,https://cdna.pcpartpicker.com/static/forever/images/product/0323b752a1cf7f375cd9f6c2f15917e7.256p.jpg,Trackball,Wired,,Right,Gray,
SteelSeries Sensei RAW,https://pcpartpicker.com/product/z2PfrH/steelseries-mouse-62154,https://m.media-amazon.com/images/I/41YX5utztUL.jpg,Laser,Wired,5700,Both,Black,
Corsair Vengeance M65,https://pcpartpicker.com/product/g7Qypg/corsair-mouse-m65green,https://images-na.ssl-images-amazon.com/images/I/41EJ1h0GdlL.jpg,Laser,Wired,8200,,Green,
Mad Catz R.A.T. 9,https://pcpartpicker.com/product/wnxfrH/mad-catz-mouse-mcb4370900c2021,https://m.media-amazon.com/images/I/51g5NZWRhBL.jpg,Laser,Wireless,6400,Right,Black,
AZIO Levetron,https://pcpartpicker.com/product/BqjG3C/azio-mouse-gm533u,https://images-na.ssl-images-amazon.com/images/I/3181dm7tV4L.jpg,Laser,Wired,5000,Right,Black / Red,
Mad Catz M.O.U.S. 9,https://pcpartpicker.com/product/Hmbp99/mad-catz-mouse-mcb437150001041,https://m.media-amazon.com/images/I/41zPRtdV4zL.jpg,Laser,Bluetooth Wireless,,Right,White,
Kensington Pro Fit Mid-Size Mouse,https://pcpartpicker.com/product/pTGkcf/kensington-mouse-k72423ww,https://cdna.pcpartpicker.com/static/forever/images/product/63db89b30935342b23162e1cd0918182.256p.jpg,Optical,Wireless,,Right,Green / Black,21.99
SteelSeries Sensei RAW,https://pcpartpicker.com/product/whbp99/steelseries-mouse-62155,https://cdna.pcpartpicker.com/static/forever/images/product/49eda20db47ab05e22089169bb82336a.256p.jpg,Laser,Wired,5700,Both,Black,
Corsair Raptor M40,https://pcpartpicker.com/product/DBMFf7/corsair-mouse-ch9000041na,https://m.media-amazon.com/images/I/41ad8NdPfZL.jpg,Optical,Wired,4000,Right,Black,
Verbatim Wireless Multi-Trac Blue LED Optical Mouse,https://pcpartpicker.com/product/dsw323/verbatim-mouse-97992,https://cdna.pcpartpicker.com/static/forever/images/product/98d76c6b9764317b52b7f0fe50de6477.256p.jpg,Optical,Wireless,,Right,Black,17.86
Adesso IMOUSE M300W,https://pcpartpicker.com/product/JF7wrH/adesso-mouse-imousem300w,https://m.media-amazon.com/images/I/31VsJUidn5L.jpg,Optical,Wired,1000,Both,White,18.48
Ergoguys Comfi Ergonomic Mouse,https://pcpartpicker.com/product/bjw323/ergoguys-mouse-em011bk,https://cdna.pcpartpicker.com/static/forever/images/product/62499121d392b68b49dbe3df0e4b074c.256p.jpg,Optical,Wired,1000,Right,Black,
Razer Naga 2014,https://pcpartpicker.com/product/jGrG3C/razer-naga-2014-wired-laser-mouse-rz01-01040100-r3u1,https://m.media-amazon.com/images/I/31-5uhNthZL.jpg,Laser,Wired,8200,Right,Black / Green,
Corsair Vengeance M65,https://pcpartpicker.com/product/sgR48d/corsair-mouse-ch9000023na,https://images-na.ssl-images-amazon.com/images/I/3128IdKdOQL.jpg,Laser,Wired,8200,Right,White,
Genius DeathTaker White Edition,https://pcpartpicker.com/product/6Cfp99/genius-mouse-31040001101,https://m.media-amazon.com/images/I/41BY29iHieL.jpg,Laser,Wired,5700,Right,White / Red,
Microsoft U7Z-00021,https://pcpartpicker.com/product/QqK7YJ/microsoft-mouse-u7z00021,https://cdna.pcpartpicker.com/static/forever/images/product/f9f28b27d1d65d35c764118195c420d2.256p.jpg,Laser,Wireless,,Both,Pink,
Logitech Optical USB Mouse,https://pcpartpicker.com/product/fPx9TW/logitech-mouse-b100910001439,https://cdna.pcpartpicker.com/static/forever/images/product/b4d561305f8d2cdfeafe067db38687a0.256p.jpg,Optical,Wired,800,Both,Black,16.99
Cooler Master Mizar,https://pcpartpicker.com/product/NWGj4D/cooler-master-mouse-sgm4005kllw1,https://m.media-amazon.com/images/I/41shZrRGVGL.jpg,Laser,Wired,8200,Right,Black,
Microsoft Wireless Mobile Mouse 1850,https://pcpartpicker.com/product/PD4NnQ/microsoft-mouse-7mm00001,https://cdna.pcpartpicker.com/static/forever/images/product/22c2a35d7398d62b8f20572c42377f44.256p.jpg,Laser,Wireless,,Both,Black,
Adesso IMOUSEG1,https://pcpartpicker.com/product/nxFXsY/adesso-mouse-imouseg1,https://images-na.ssl-images-amazon.com/images/I/41a0E0RjO9L.jpg,Optical,Wired,2400,Both,Black / Blue,
Redragon Perdition,https://pcpartpicker.com/product/RxrcCJ/redragon-mouse-m901,https://cdna.pcpartpicker.com/static/forever/images/product/6d58440846e603da098bccccc64b5f2e.med.256p.jpg,Laser,Wired,16400,Right,Black / Red,
Logitech G300S,https://pcpartpicker.com/product/fQ7CmG/logitech-mouse-910004360,https://cdna.pcpartpicker.com/static/forever/images/product/200275a153ebdfa42c1bcdd248e3f6d8.256p.jpg,Optical,Wired,2500,Both,Black / Blue,
EVGA TORQ X5L,https://pcpartpicker.com/product/GsYWGX/evga-mouse-901x11051kr,https://cdna.pcpartpicker.com/static/forever/images/product/dfcbba9404dc7a23cb4667a28d7c9493.256p.jpg,Laser,Wired,8200,Both,Black / Orange,
Logitech M325 Spontaneous Pink,https://pcpartpicker.com/product/q9Gj4D/logitech-mouse-910004166,https://m.media-amazon.com/images/I/51Vk2FsbT6L.jpg,Optical,Wireless,1000,Both,Pink,
Asus ROG Sica,https://pcpartpicker.com/product/9zNypg/asus-mouse-rogsica,https://cdna.pcpartpicker.com/static/forever/images/product/73ca88d66d6d66cf37ab80bd76234f77.256p.jpg,Optical,Wired,5000,Both,Black / Red,
Razer Mamba Tournament Edition,https://pcpartpicker.com/product/gWbkcf/razer-mouse-rz0101370100r3u1,https://m.media-amazon.com/images/I/31fPgLA-03L.jpg,Laser,Wired,16000,Right,Black,
ROCCAT NYTH,https://pcpartpicker.com/product/9b8H99/roccat-mouse-roc11900am,https://images-na.ssl-images-amazon.com/images/I/41ih6DyOn5L.jpg,Laser,Wired,12000,Right,Black / Blue,
Corsair M65 RGB,https://pcpartpicker.com/product/8dDzK8/corsair-mouse-ch9000109na,https://m.media-amazon.com/images/I/41DcUk2sfIL.jpg,Laser,Wired,8200,Right,Black,
Genius NX-7000,https://pcpartpicker.com/product/V7X2FT/genius-mouse-31030109108,https://cdna.pcpartpicker.com/static/forever/images/product/cdce2c626b430ddb802aa7f777a77ce7.256p.jpg,Laser,Wireless,1200,Both,Black / White,
DLAND ZELOTES,https://pcpartpicker.com/product/8PVBD3/dland-mouse-t80newupdate,https://cdna.pcpartpicker.com/static/forever/images/product/48b7fecbe1539713e618b45768a0bce8.256p.jpg,Optical,Wired,7200,Right,Black,
FinalMouse Tournament Pro 2016,https://pcpartpicker.com/product/8wcMnQ/finalmouse-mouse-fma20,/static/forever/img/no-image.png,Optical,Wired,,Right,Black,
TeckNet M268-Black,https://pcpartpicker.com/product/6TnG3C/tecknet-mouse-m268black,https://m.media-amazon.com/images/I/41EVmGM9cCL.jpg,Optical,Wired,3000,Right,Black,
Logitech G703 (White),https://pcpartpicker.com/product/D4x9TW/logitech-g703-white-wireless-optical-mouse-910-005135,https://cdna.pcpartpicker.com/static/forever/images/product/f145496dc60e82a84893f05809dbc9cf.256p.jpg,Optical,Wireless,12000,Right,White,
Razer Basilisk,https://pcpartpicker.com/product/T9x9TW/razer-basilisk-wired-optical-mouse-rz01-02330100-r3u1,https://m.media-amazon.com/images/I/31-mM6N0edL.jpg,Optical,Wired,16000,Right,Black / Green,79.00
SteelSeries Rival 110,https://pcpartpicker.com/product/hCF48d/steelseries-rival-110-wired-optical-mouse-62466,https://cdna.pcpartpicker.com/static/forever/images/product/3bc2b2fbd6d2a45335558b7008096d88.256p.jpg,Optical,Wired,7200,Right,Black,132.75
MSI Clutch GM60,https://pcpartpicker.com/product/c2TPxr/msi-clutch-gm60-wired-optical-mouse-clutch-gm60-gaming-mouse,https://m.media-amazon.com/images/I/31tp4FbOk8L.jpg,Optical,Wired,10800,Right,Black,
Razer Mamba Wireless 2018,https://pcpartpicker.com/product/yYCD4D/razer-mamba-wireless-2018-wireless-optical-mouse-rz01-02710100-r3u1,https://cdna.pcpartpicker.com/static/forever/images/product/e7c7b59c4614c4df6a822b2599ca0fd6.256p.jpg,Optical,Wireless,16000,Right,Black / Green,
Zowie EC1-B,https://pcpartpicker.com/product/KwtQzy/zowie-ec1-b-wired-optical-mouse-ec1-b,https://cdna.pcpartpicker.com/static/forever/images/product/b86a024a349634cb156ff40134d3a2ea.256p.jpg,Optical,Wired,3200,Right,Black / Red,
Razer Lancehead Tournament Edition,https://pcpartpicker.com/product/TbsmP6/razer-lancehead-tournament-edition-wired-optical-mouse-rz01-02130300-r3m1,https://m.media-amazon.com/images/I/31PYG6WuJsL.jpg,Optical,Wired,16000,Both,Gray,
RIOTORO URUZ Z5 Classic RGB,https://pcpartpicker.com/product/H2RgXL/riotoro-uruz-z5-classic-rgb-wired-optical-mouse-mr-600c,https://cdna.pcpartpicker.com/static/forever/images/product/2dc8576e719990d378f8aae53c73a4d0.256p.jpg,Optical,Wired,4000,Right,Black,
Logitech G703,https://pcpartpicker.com/product/dV6qqs/logitech-g703-wireless-optical-mouse-910-005251,https://cdna.pcpartpicker.com/static/forever/images/product/8efdab6ad74365231f17ed25e9b154d0.256p.jpg,Optical,Wireless,12000,Right,Black,
Mionix Avior Ice Cream,https://pcpartpicker.com/product/kqc48d/mionix-avior-ice-cream-wired-optical-mouse-mnx-01-27012-g,https://cdna.pcpartpicker.com/static/forever/images/product/c83989d0b84c7bbddc1a329bdee10821.256p.jpg,Optical,Wired,5000,Both,Blue,
Logitech M325c Floral Spiral,https://pcpartpicker.com/product/QZNv6h/logitech-m325c-floral-spiral-wireless-optical-mouse-910-005341,https://cdna.pcpartpicker.com/static/forever/images/product/71dc390bc5a7b4048970148f301539ae.256p.jpg,Optical,Wireless,1000,Both,White / Pink,
Logitech M325c Skate Burger,https://pcpartpicker.com/product/mZtQzy/logitech-m325c-skate-burger-wireless-optical-mouse-910-005028,https://cdna.pcpartpicker.com/static/forever/images/product/756cce9ac47bfbb1ba080fb89ec1e663.256p.jpg,Optical,Wireless,1000,Both,Blue / White,
Logitech MX Master 3,https://pcpartpicker.com/product/xNPgXL/logitech-mx-master-3-wireless-laser-mouse-910-005620,https://m.media-amazon.com/images/I/31QmDsq8GYS.jpg,Laser,Wireless,4000,Right,Black,
FinalMouse Air58 Ninja,https://pcpartpicker.com/product/rgtKHx/finalmouse-air58-ninja-wired-optical-mouse-sg_b07ky7fty6_us,/static/forever/img/no-image.png,Optical,Wired,3200,Right,Blue,
Adesso iMouse E90,https://pcpartpicker.com/product/8VVD4D/adesso-imouse-e90-wireless-optical-mouse-imousee90,https://cdna.pcpartpicker.com/static/forever/images/product/935b629ac3f9ace2580c855e99b5930e.256p.jpg,Optical,Wireless,1600,Left,Black,39.95
Adesso iMouse G2,https://pcpartpicker.com/product/xz448d/adesso-imouse-g2-wired-optical-mouse-imouseg2,https://cdna.pcpartpicker.com/static/forever/images/product/3ebea4c9d1adbd8a4be14e80a779f0ba.256p.jpg,Optical,Wired,2400,Right,Black,17.99
Adesso iMouse S200B,https://pcpartpicker.com/product/rkYLrH/adesso-imouse-s200b-wireless-optical-mouse-imouses200b,https://cdna.pcpartpicker.com/static/forever/images/product/81c33f31786225cacd3207f4f15993bb.256p.jpg,Optical,Wireless,2000,Right,Black,20.23
Adesso iMouse T40 Trackball,https://pcpartpicker.com/product/jz448d/adesso-imouse-t40-trackball-wireless-optical-mouse-imouset40,https://cdna.pcpartpicker.com/static/forever/images/product/2a62b50a6483f844ae1b739bc21a4228.256p.jpg,Optical,Wireless,4800,Both,Black / Red,41.94
Adesso iMouse S80B,https://pcpartpicker.com/product/YZBTwP/adesso-imouse-s80b-wireless-optical-mouse-imouses80b,https://cdna.pcpartpicker.com/static/forever/images/product/6686714f3f89b00710eee441756e14a7.256p.jpg,Optical,Wireless,1600,Right,Black,16.98
Fellowes Penguin Large,https://pcpartpicker.com/product/Rfw7YJ/fellowes-penguin-large-wired-laser-mouse-9894401,https://cdna.pcpartpicker.com/static/forever/images/product/b58c1fda2efff36fd1ff477873fe9368.256p.jpg,Laser,Wired,1200,Both,Black / Silver,
Verbatim 98113,https://pcpartpicker.com/product/HFjJ7P/verbatim-wired-optical-mouse-98113,https://cdna.pcpartpicker.com/static/forever/images/product/e68c83700ec204d722f08c0a5c2a0b81.256p.jpg,Optical,Wired,,Both,Black,10.99
Logitech G PRO Hero,https://pcpartpicker.com/product/8C6qqs/logitech-g-pro-hero-wired-optical-mouse-910-005439,https://images-na.ssl-images-amazon.com/images/I/31ACyIDOCXL.jpg,Optical,Wired,25600,Right,Black,
Lenovo Legion M500 RGB,https://pcpartpicker.com/product/GdbCmG/lenovo-legion-m500-rgb-wired-optical-mouse-gy50t26467,https://cdna.pcpartpicker.com/static/forever/images/product/78a3bd17a16bcbb4c87909aff7483e4f.256p.jpg,Optical,Wired,,Right,Black,
SteelSeries Sensei Ten,https://pcpartpicker.com/product/32kgXL/steelseries-sensei-ten-wired-optical-mouse-62527,https://cdna.pcpartpicker.com/static/forever/images/product/493aa4c3b02d2c46d7fd9ea938d2851b.256p.jpg,Optical,Wired,18000,Right,Black,
Cooler Master MM711 Matte Black,https://pcpartpicker.com/product/N3RgXL/cooler-master-mm711-matte-black-wired-optical-mouse-mm-711-kkol1,https://cdna.pcpartpicker.com/static/forever/images/product/bb729714463c3fab1f634852315a1e87.256p.jpg,Optical,Wired,16000,Right,Black,
Cooler Master MM711 Glossy White,https://pcpartpicker.com/product/MR4BD3/cooler-master-mm711-glossy-white-wired-optical-mouse-mm-711-wwol2,https://cdna.pcpartpicker.com/static/forever/images/product/6ab19588df86b95c4e0eb5ed5666915c.256p.jpg,Optical,Wired,16000,Right,White,57.75
Evoluent VMDSW Vertical Mouse D Small,https://pcpartpicker.com/product/Mvdrxr/evoluent-vmdsw-vertical-mouse-d-small-wireless-laser-mouse-vmdsw,https://cdna.pcpartpicker.com/static/forever/images/product/ab46111c83a00d56a0a30ec5a283fb13.256p.jpg,Laser,Wireless,1600,Right,Black,114.95
Verbatim 70236,https://pcpartpicker.com/product/fTFKHx/verbatim-70236-wired-optical-mouse-70236,https://cdna.pcpartpicker.com/static/forever/images/product/a32af70db210ff87bd7777aff10471c8.256p.jpg,Optical,Wired,,Both,Red / Silver,
Verbatim 70245,https://pcpartpicker.com/product/nRn8TW/verbatim-70245-wireless-optical-mouse-70245,https://cdna.pcpartpicker.com/static/forever/images/product/6a308f6a4d9796e760339fd8dcc2c843.256p.jpg,Optical,Wireless,1600,Right,Silver / Black,18.89
Ducky Feather RGB,https://pcpartpicker.com/product/RmPQzy/ducky-feather-rgb-wired-optical-mouse-dmfe20o-oaapa81,https://cdna.pcpartpicker.com/static/forever/images/product/c90b8ee2d5173354e50f595041e71bdc.256p.jpg,Optical,Wired,16000,Both,Black,
AOC GM500,https://pcpartpicker.com/product/XkJgXL/aoc-gm500-wired-optical-mouse-gm500,https://cdna.pcpartpicker.com/static/forever/images/product/82e432b0dd31fc51d6ec05ecdd85cb75.256p.jpg,Optical,Wired,5000,Both,Black,
GAMDIAS ZEUS E1,https://pcpartpicker.com/product/rfkWGX/gamdias-zeus-e1-wired-optical-mouse-zeus-e1,https://m.media-amazon.com/images/I/41LcorjR-xL.jpg,Optical,Wired,3200,Right,Black,
Microsoft Pro Intellimouse,https://pcpartpicker.com/product/cDXJ7P/microsoft-pro-intellimouse-wired-optical-mouse-ngx-00011,https://m.media-amazon.com/images/I/318jLkgbPVL.jpg,Optical,Wired,16000,Right,Black / Gray,
SteelSeries Rival 5 Destiny Edition,https://pcpartpicker.com/product/x7bTwP/steelseries-rival-5-destiny-edition-wired-optical-mouse-62552,https://cdna.pcpartpicker.com/static/forever/images/product/8fe66602d55f858a7db262a87ac2a2e5.256p.jpg,Optical,Wired,18000,Right,White / Silver,
Gigabyte AORUS M4,https://pcpartpicker.com/product/TqGnTW/gigabyte-aorus-m4-wired-optical-mouse-gm-aorus-m4,https://cdna.pcpartpicker.com/static/forever/images/product/b7187eebd4691b8937077b69c7221619.256p.jpg,Optical,Wired,6400,Both,Black,35.99
Logitech Graphite Signature M550 L,https://pcpartpicker.com/product/B6Gbt6/logitech-graphite-signature-m550-l-bluetooth-wireless-optical-mouse-910-006591,https://cdna.pcpartpicker.com/static/forever/images/product/dab3bba31bd4ebba08fd614ab61116e4.256p.jpg,Optical,Bluetooth Wireless,4000,Both,Gray,24.99
Glorious Model I,https://pcpartpicker.com/product/Lz2WGX/glorious-pc-gaming-race-model-i-wired-optical-mouse-glo-ms-i-mw,https://cdna.pcpartpicker.com/static/forever/images/product/895d5ef0ff09cf0c574cadb25d746445.256p.jpg,Optical,Wired,19000,Right,White / Red,
Xtrfy M4 RGB,https://pcpartpicker.com/product/RJFbt6/xtrfy-m4-rgb-wired-optical-mouse-xg-m4-rgb-white,https://cdna.pcpartpicker.com/static/forever/images/product/1d2f79f71032ae7d9156b63a58dbd115.256p.jpg,Optical,Wired,16000,Right,White,71.52
Logitech ‎MX Master 3 for Mac,https://pcpartpicker.com/product/vfrqqs/logitech-mx-master-3-for-mac-wirelessbluetooth-optical-mouse-910-005693,https://cdna.pcpartpicker.com/static/forever/images/product/1da35a86d1abb75e8f078b559fcf38e3.256p.jpg,Optical,"Wireless, Bluetooth Wireless",4000,Right,Black / Gray,
Lamzu Atlantis OG,https://pcpartpicker.com/product/gQ7scf/lamzu-atlantis-og-wiredwireless-optical-mouse-40980949106722,/static/forever/img/no-image.png,Optical,"Wired, Wireless",26000,Right,White / Blue,
Lamzu Atlantis OG,https://pcpartpicker.com/product/qBmNnQ/lamzu-atlantis-og-wiredwireless-optical-mouse-40980949139490,/static/forever/img/no-image.png,Optical,"Wired, Wireless",26000,Right,Black,
Logitech M650 L LEFT,https://pcpartpicker.com/product/MhGhP6/logitech-m650-l-left-bluetoothwireless-optical-mouse-910-006240,https://cdna.pcpartpicker.com/static/forever/images/product/a6a21a22377ce087c73ab9adcdf77d66.256p.jpg,Optical,"Wireless, Bluetooth Wireless",4000,Left,White / Gray,
Glorious Model O 2,https://pcpartpicker.com/product/xzWJ7P/glorious-model-o-2-wired-optical-mouse-glo-ms-ov2-mb,https://cdna.pcpartpicker.com/static/forever/images/product/75120f2a14328b7ac88b787b209d0a16.256p.jpg,Optical,Wired,26000,Right,Black,
Asus P705 ROG PUGIO II,https://pcpartpicker.com/product/cGmFf7/asus-p705-rog-pugio-ii-bluetoothwirelesswired-optical-mouse-90mp01l0-bmua00,https://cdna.pcpartpicker.com/static/forever/images/product/896abc78240f5139d02f5fda48613b0e.256p.jpg,Optical,"Wired, Wireless, Bluetooth Wireless",16000,Right,Black,
Asus ROG Keris,https://pcpartpicker.com/product/fH92FT/asus-rog-keris-wiredwirelessbluetooth-optical-mouse-90mp0230-b0ua00,https://cdna.pcpartpicker.com/static/forever/images/product/b474a540e78ef2ff3c3357f9cdb7a6dc.256p.jpg,Optical,"Wired, Wireless, Bluetooth Wireless",16000,Right,Black,
IOGEAR MMOMENTUM Pro,https://pcpartpicker.com/product/WvM48d/iogear-mmomentum-pro-wired-optical-mouse-gme680,https://cdna.pcpartpicker.com/static/forever/images/product/abeb9ce3536c85750e9cc050c94859e2.256p.jpg,Optical,Wired,16000,Right,,25.98
Targus AMB844GL,https://pcpartpicker.com/product/pmZ9TW/targus-amb844gl-bluetooth-optical-mouse-amb844gl,https://m.media-amazon.com/images/I/31MWVQ8hO9L.jpg,Optical,Bluetooth Wireless,1000,Both,Black,
Kensington SlimBlade Pro,https://pcpartpicker.com/product/vVBzK8/kensington-slimblade-pro-bluetoothwirelesswired-optical-mouse-k72080ww,https://cdna.pcpartpicker.com/static/forever/images/product/c2774715ccd54bd8345ca805c27f0d9c.256p.jpg,Optical,"Wired, Wireless, Bluetooth Wireless",,Both,Black / Red,100.99
Kensington SureTrack,https://pcpartpicker.com/product/xCNgXL/kensington-suretrack-bluetoothwirelesswired-optical-mouse-k75298ww,https://cdna.pcpartpicker.com/static/forever/images/product/8291b4494cacd9c5518c74b929f00e72.256p.jpg,Optical,"Wired, Wireless, Bluetooth Wireless",4000,Both,Black,19.98
Kensington Pro Fit,https://pcpartpicker.com/product/xYJgXL/kensington-pro-fit-bluetooth-optical-mouse-k74000ww,https://cdna.pcpartpicker.com/static/forever/images/product/879469a1b200311c6301cf220d565793.256p.jpg,Optical,Bluetooth Wireless,,Both,Black,
Logitech M325S,https://pcpartpicker.com/product/8wRYcf/logitech-m325s-wirelesswired-optical-mouse-910006829,https://cdna.pcpartpicker.com/static/forever/images/product/c3c5eb4bc68faa13caa365b6ce93e2e6.256p.jpg,Optical,"Wired, Wireless",1000,Both,Blue / Black,20.95
Logitech M170,https://pcpartpicker.com/product/JbCZxr/logitech-m170-wirelesswired-optical-mouse-910-006863,https://cdna.pcpartpicker.com/static/forever/images/product/b2baadbf2d0cbdaf9f13bb8ace767dc2.256p.jpg,Optical,"Wired, Wireless",1000,Both,Blue / Gray,11.99
Logitech M190,https://pcpartpicker.com/product/9hLdnQ/logitech-m190-wirelesswired-optical-mouse-910-005908,https://cdna.pcpartpicker.com/static/forever/images/product/842a6a74876379b33a4e12515bb91fcf.256p.jpg,Optical,"Wired, Wireless",1000,Both,Black / Red,
Logitech M190,https://pcpartpicker.com/product/7czXsY/logitech-m190-wirelesswired-optical-mouse-910-005907,https://cdna.pcpartpicker.com/static/forever/images/product/4200592333c3bb9b7a6818e79a59949c.256p.jpg,Optical,"Wired, Wireless",1000,Both,Black / Blue,
Monoprice Essential,https://pcpartpicker.com/product/yc3gXL/monoprice-essential-wired-optical-mouse-115907,https://cdna.pcpartpicker.com/static/forever/images/product/74138db570171d2d4557e4a1aebc8070.256p.jpg,Optical,Wired,,Both,Black,9.98
MSI Clutch GM11,https://pcpartpicker.com/product/8kJp99/msi-clutch-gm11-wired-optical-mouse-s12-0401950-cla-ww,/static/forever/img/no-image.png,Optical,Wired,5000,Right,White,
MSI Clutch GM51 Lightweight,https://pcpartpicker.com/product/2sZXsY/msi-clutch-gm51-lightweight-wiredwirelessbluetooth-optical-mouse-s12-4300080-c54-ww,https://cdna.pcpartpicker.com/static/forever/images/product/efc1548c6a5d4b5bf82ddcf1e937221c.256p.jpg,Optical,"Wired, Wireless, Bluetooth Wireless",26000,Right,Black,
Cougar DUALBLADER,https://pcpartpicker.com/product/FXrqqs/cougar-dualblader-wired-optical-mouse-3m800womb0001,https://m.media-amazon.com/images/I/319LKz2EZNL.jpg,Optical,Wired,16000,Both,Black,
Logitech 910-005284,https://pcpartpicker.com/product/BjdG3C/logitech-910-005284-wirelesswired-optical-mouse-910-005284,https://cdna.pcpartpicker.com/static/forever/images/product/10ee4073a545901e45d1baa7d7564e9d.256p.jpg,Optical,"Wired, Wireless",12000,Right,Black,
DeLUX M800 Ultra,https://pcpartpicker.com/product/7pbypg/delux-m800-ultra-wirelessbluetoothwired-optical-mouse-m800ultra-pink-600mah,https://m.media-amazon.com/images/I/31QBGNpSdxL.jpg,Optical,"Wired, Wireless, Bluetooth Wireless",26000,Right,Pink,
Logitech ERGO M575S,https://pcpartpicker.com/product/ZvVfrH/logitech-ergo-m575s-wirelessbluetooth-trackball-910-007393,https://m.media-amazon.com/images/I/21pyQZLLn3L.jpg,Trackball,"Wireless, Bluetooth Wireless",2000,Right,White / Silver,39.99
MCHOSE G3,https://pcpartpicker.com/product/6dqNnQ/mchose-g3-wiredwirelessbluetooth-optical-mouse-mc-g3-2,/static/forever/img/no-image.png,Optical,"Wired, Wireless, Bluetooth Wireless",12000,Right,White,
MCHOSE A7 Pro,https://pcpartpicker.com/product/DFPv6h/mchose-a7-pro-wiredwirelessbluetooth-optical-mouse-a7-5a,/static/forever/img/no-image.png,Optical,"Wired, Wireless, Bluetooth Wireless",26000,Right,Blue,
Keychron M6 4000Hz,https://pcpartpicker.com/product/Wgzp99/keychron-m6-4000hz-wiredbluetoothwireless-optical-mouse-mskbm6a5,/static/forever/img/no-image.png,Optical,"Wired, Wireless, Bluetooth Wireless",26000,Right,White,
Lamzu Maya X,https://pcpartpicker.com/product/6TpD4D/lamzu-maya-x-wiredwireless-optical-mouse-ms0005-002,/static/forever/img/no-image.png,Optical,"Wired, Wireless",30000,Right,Orange,
Endgame Gear OP1w 4k v2,https://pcpartpicker.com/product/JMHp99/endgame-gear-op1w-4k-v2-wirelesswired-optical-mouse-egg-op1w-4k-v2-df,https://cdna.pcpartpicker.com/static/forever/images/product/a159b9af5824db6d2e77748ee6fdaae4.256p.jpg,Optical,"Wired, Wireless",30000,Right,Translucent Black,129.99
Kensington K72405US,https://pcpartpicker.com/product/8RW9TW/kensington-mouse-k72405us,https://cdna.pcpartpicker.com/static/forever/images/product/02bb2172d00a88de9b2062fc17163861.256p.jpg,Optical,Wireless,1750,Right,Black,21.99
Razer Pro Click Mini,https://pcpartpicker.com/product/tr3gXL/razer-pro-click-mini-bluetoothwireless-optical-mouse-rz01-03990100-r3u1,https://cdna.pcpartpicker.com/static/forever/images/product/08f385051b50fabdd6d1333ae382a9f3.256p.jpg,Optical,"Wireless, Bluetooth Wireless",12000,Right,White / Gray,59.00
Xtrfy M42 RGB,https://pcpartpicker.com/product/3b4Ycf/xtrfy-m42-rgb-wirelesswired-optical-mouse-m42w-rgb-white,https://cdna.pcpartpicker.com/static/forever/images/product/e670ec016fb60adec56db9572be2051a.256p.jpg,Optical,"Wired, Wireless",16000,Right,White,
Cooler Master MM712,https://pcpartpicker.com/product/YsZXsY/cooler-master-mm712-wired-optical-mouse-mm-712-wwoh1,https://cdna.pcpartpicker.com/static/forever/images/product/b6fec72d8130b35579dc71c9afd56f92.256p.jpg,Optical,Wired,19000,Right,White,49.99
Razer Viper,https://pcpartpicker.com/product/vNRYcf/razer-viper-wired-optical-mouse-rz01-02550700-r3u1,https://cdna.pcpartpicker.com/static/forever/images/product/c618293eb984a50bdc4efe037385ecf1.256p.jpg,Optical,Wired,16000,Both,White / Gray,49.99
Dell MS7421W,https://pcpartpicker.com/product/8VLFf7/dell-ms7421w-wiredwirelessbluetooth-optical-mouse-ms7421wslvna,https://cdna.pcpartpicker.com/static/forever/images/product/9c288b6c329d5901d699231a601be62b.256p.jpg,Optical,"Wired, Wireless, Bluetooth Wireless",4000,Right,Silver,45.94
Logitech G Pro League of Legends,https://pcpartpicker.com/product/TkPQzy/logitech-g-pro-league-of-legends-wirelesswired-optical-mouse-910-006449,https://cdna.pcpartpicker.com/static/forever/images/product/fbb87b62e78a9228a8b4fb96f11c5f4f.256p.jpg,Optical,"Wired, Wireless",25600,Both,Black / Gold,139.94
Kensington SlimBlade,https://pcpartpicker.com/product/vYjG3C/kensington-mouse-k72327us,https://cdna.pcpartpicker.com/static/forever/images/product/b15e6951d4e919fcd6c587bd8153d198.256p.jpg,Trackball,Wired,,,Black,142.79
Kensington K72352US,https://pcpartpicker.com/product/HJrG3C/kensington-mouse-k72352us,https://cdna.pcpartpicker.com/static/forever/images/product/6f14362e444a61c66534a7b0dbb267e4.256p.jpg,Trackball,Wireless,,Both,Black,64.67
Ergoguys EMO11-BL,https://pcpartpicker.com/product/cxw323/ergoguys-mouse-emo11bl,https://cdna.pcpartpicker.com/static/forever/images/product/62499121d392b68b49dbe3df0e4b074c.256p.jpg,Optical,Wired,1000,Right,Black,48.58
Gigabyte GM-M6980X,https://pcpartpicker.com/product/bjmLrH/gigabyte-mouse-gmm6980x,https://m.media-amazon.com/images/I/31CG2U9BmRL.jpg,Laser,Wired,5600,Right,Black,
Logitech M310,https://pcpartpicker.com/product/TJ7CmG/logitech-mouse-m310,https://m.media-amazon.com/images/I/311CM1Z-wpL.jpg,Laser,Wireless,,Both,Black / Blue,17.99
Zalman ZM-M501R,https://pcpartpicker.com/product/xPX2FT/zalman-mouse-zmm501r,https://m.media-amazon.com/images/I/416QSUiYBYL.jpg,Optical,Wired,4000,Right,Black,19.98
Cooler Master MM830,https://pcpartpicker.com/product/hpXnTW/cooler-master-mm830-wired-optical-mouse-mm-830-gkof1-us,https://cdna.pcpartpicker.com/static/forever/images/product/b84c50f631faf838b160f5cd9d760a1b.256p.jpg,Optical,Wired,24000,Right,Black,62.29
Adesso iMouse S60L,https://pcpartpicker.com/product/tGQG3C/adesso-imouse-s60l-wireless-optical-mouse-imouse-s60l,https://cdna.pcpartpicker.com/static/forever/images/product/6633a87b879ad9083462ecbc5f9aa7f3.256p.jpg,Optical,Wireless,1600,Right,Blue / Black,25.31
Trust  GXT 117 Strike,https://pcpartpicker.com/product/qg97YJ/trust-gxt-117-strike-wireless-optical-mouse-22625,https://cdna.pcpartpicker.com/static/forever/images/product/ad61f9ac97412b1d474260be416c1b38.256p.jpg,Optical,Wireless,1400,Both,Black,
Trust GXT 101D GAV,https://pcpartpicker.com/product/KRc48d/trust-gxt-101d-gav-wired-optical-mouse-22793,https://cdna.pcpartpicker.com/static/forever/images/product/b1eda09cb80c32f1a655a5f64a6c750c.256p.jpg,Optical,Wired,4800,Right,Green / Black,
Kensington Pro Fit,https://pcpartpicker.com/product/Yddrxr/kensington-k75520ww-wireless-optical-mouse-k75520ww,https://cdna.pcpartpicker.com/static/forever/images/product/ccfeb6dd397e64c70b256b9cf2837488.256p.jpg,Optical,Wireless,1600,Right,Gray / White,38.22
Logitech M510,https://pcpartpicker.com/product/jbn8TW/logitech-m510-wireless-laser-mouse-910-002533,https://m.media-amazon.com/images/I/4113j6oVY+L.jpg,Laser,Wireless,1000,Right,Blue,68.98
Logitech M510,https://pcpartpicker.com/product/zC2bt6/logitech-m510-wireless-laser-mouse-910-004554,https://m.media-amazon.com/images/I/41yXyJ43ZwL.jpg,Laser,Wireless,1000,Right,Red,67.98
Endgame Gear XM1r,https://pcpartpicker.com/product/LfddnQ/endgame-gear-xm1r-wired-optical-mouse-egg-xm1r-blk,https://cdna.pcpartpicker.com/static/forever/images/product/4879ecdbe40ad454456fbbbe8afaf079.256p.jpg,Optical,Wired,19000,Right,Black / Gold,76.20
Logitech POP Heartbreaker,https://pcpartpicker.com/product/3gNxFT/logitech-pop-heartbreaker-bluetoothwireless-optical-mouse-910-006545,https://cdna.pcpartpicker.com/static/forever/images/product/ffc3143f93c407c4193410ef02ccd895.256p.jpg,Optical,"Wireless, Bluetooth Wireless",4000,Both,Pink / Red,24.99
Kensington Pro Fit,https://pcpartpicker.com/product/RhCFf7/kensington-pro-fit-wirelesswired-optical-mouse-k72421us,https://cdna.pcpartpicker.com/static/forever/images/product/48b5f8c2b26c2fa7d4ee081855348438.256p.jpg,Optical,"Wired, Wireless",1750,Right,Blue,
Logitech M325S,https://pcpartpicker.com/product/VT6p99/logitech-m325s-wirelesswired-optical-mouse-910006825,https://cdna.pcpartpicker.com/static/forever/images/product/99deba023b9b3f020baa0cacaece0979.256p.jpg,Optical,"Wired, Wireless",1000,Both,Black,
Logitech Lift for Business,https://pcpartpicker.com/product/mhpzK8/logitech-lift-for-business-wirelesswiredbluetooth-optical-mouse-910-006492,https://cdna.pcpartpicker.com/static/forever/images/product/84670984c742b03f9b381855f48221ba.256p.jpg,Optical,"Wired, Wireless, Bluetooth Wireless",4000,Left,Black,59.99
Apple MB112LL/B,https://pcpartpicker.com/product/jgg323/apple-mouse-mb112llb,https://m.media-amazon.com/images/I/31eXQb4ZNUL.jpg,Optical,Wired,,,White,
Logitech Performance,https://pcpartpicker.com/product/Bx3RsY/logitech-mouse-910001105,https://cdna.pcpartpicker.com/static/forever/images/product/a1ef31f09d4b34fd1594d7cbf3e59b56.256p.jpg,Laser,Wireless,,Right,Black,
Lenovo 41U5008,https://pcpartpicker.com/product/MDW9TW/lenovo-mouse-41u5008,https://m.media-amazon.com/images/I/118UnjwTnbL.jpg,Laser,Bluetooth Wireless,800,Both,Black,
HP GW405AT,https://pcpartpicker.com/product/pNCwrH/hp-mouse-gw405at,https://m.media-amazon.com/images/I/31bJyyIYiPL.jpg,Laser,Wired,,,Black,21.99
Logitech V450 Nano,https://pcpartpicker.com/product/ZHyFf7/logitech-mouse-910000620,/static/forever/img/no-image.png,Laser,Wireless,,Both,Red,
Logitech M305,https://pcpartpicker.com/product/dJrG3C/logitech-mouse-910002459,https://m.media-amazon.com/images/I/513Xi6igVcL.jpg,Optical,Wireless,1000,Both,Black / Gold,
Microsoft Basic,https://pcpartpicker.com/product/fkMFf7/microsoft-mouse-p5800022,https://m.media-amazon.com/images/I/41cZS1FpYIL.jpg,Optical,Wired,,Both,Black,
Asus Eee PC Seashell,https://pcpartpicker.com/product/RMkD4D/asus-mouse-seashellblack,https://images-na.ssl-images-amazon.com/images/I/41dHkI1pEKL.jpg,Optical,Wired,,Both,Black,
Razer Dragon Age II DeathAdder,https://pcpartpicker.com/product/xkMFf7/razer-mouse-rz0100152500r3m1,https://images-na.ssl-images-amazon.com/images/I/41LZ2mXVxuL.jpg,Optical,Wired,3500,Right,Black,
Logitech M310,https://pcpartpicker.com/product/dzDwrH/logitech-mouse-910001675,https://cdna.pcpartpicker.com/static/forever/images/product/f2b562b51f0a44909738e118a0f7416f.256p.jpg,Laser,Wireless,,Both,Silver,17.98
Microsoft Wireless Mobile Mouse 4000,https://pcpartpicker.com/product/dtGkcf/microsoft-mouse-d5d00053,https://m.media-amazon.com/images/I/41lAwVMp64L.jpg,Optical,Wireless,,,Blue,
Microsoft Wireless Mobile Mouse 4000 for Business,https://pcpartpicker.com/product/nKrG3C/microsoft-mouse-4dh00001,https://cdna.pcpartpicker.com/static/forever/images/product/6259b1b490962ebfe3baa75d5ab8556d.256p.jpg,Optical,Wireless,1000,Right,Black,
Logitech M110,https://pcpartpicker.com/product/hYjG3C/logitech-mouse-910001749,https://images-na.ssl-images-amazon.com/images/I/31LanMN7PML.jpg,Optical,Wired,,Both,White,
Gigabyte GM-M7800S,https://pcpartpicker.com/product/mWh9TW/gigabyte-mouse-gmm7800s,/static/forever/img/no-image.png,Laser,Wireless,1600,Both,Brown,
Lenovo 31P7410,https://pcpartpicker.com/product/LYjG3C/lenovo-mouse-31p7410,https://cdna.pcpartpicker.com/static/forever/images/product/20f65a9570088b0731e2c2efe3532c07.256p.jpg,Optical,Wired,800,Both,Black,
Kensington K64325,https://pcpartpicker.com/product/VHyFf7/kensington-mouse-k64325,https://cdna.pcpartpicker.com/static/forever/images/product/f114f5ebf0971ec54316e7c6a8a39bcc.256p.jpg,Trackball,Wired,,,Black,58.00
Cherry M-300R,https://pcpartpicker.com/product/fsGkcf/cherry-mouse-m300r,/static/forever/img/no-image.png,Laser,Wireless,1600,Right,Black,
Razer TRON,https://pcpartpicker.com/product/j96BD3/razer-mouse-rz0100520100r3u1,https://images-na.ssl-images-amazon.com/images/I/41-iKIaz6WL.jpg,Laser,Wired,5600,,Black,
Razer DeathAdder,https://pcpartpicker.com/product/MQJwrH/razer-mouse-rz0100151400r3u1,https://images-na.ssl-images-amazon.com/images/I/41VQfgzIiuL.jpg,Optical,Wired,3500,Right,Black,
Logitech M325,https://pcpartpicker.com/product/RjFPxr/logitech-mouse-910002650,https://images-na.ssl-images-amazon.com/images/I/41DhP7T8d0L.jpg,Optical,Wireless,,Both,Blue,22.75
Sony VGPWMS30/W,https://pcpartpicker.com/product/NrFPxr/sony-mouse-vgpwms30w,https://images-na.ssl-images-amazon.com/images/I/31FcTQFAqSL.jpg,Laser,Wireless,800,,White,
Adesso IMOUSE S10,https://pcpartpicker.com/product/2vJwrH/adesso-mouse-imouses10,https://cdna.pcpartpicker.com/static/forever/images/product/bd3d9431da2eff8a4c9a54d48e62bfaa.256p.jpg,Optical,Wireless,500,Both,Black / Gray,
Evoluent VM4S,https://pcpartpicker.com/product/RWh9TW/evoluent-mouse-vm4s,https://m.media-amazon.com/images/I/31LHSW95TKL.jpg,Optical,Wired,,,Purple,89.95
Cyber Snipa CSLMSW01,https://pcpartpicker.com/product/NCYXsY/cyber-snipa-mouse-cslmsw01,/static/forever/img/no-image.png,Laser,Wired,1600,Right,Black,
Adesso iMouse T1,https://pcpartpicker.com/product/jdR48d/adesso-mouse-imouset1,https://m.media-amazon.com/images/I/41n8ffymFuL.jpg,Trackball,Wired,800,,Silver,
KeyTronic 2MOUSEP2L,https://pcpartpicker.com/product/z3TmP6/keytronic-mouse-2mousep2l,https://cdna.pcpartpicker.com/static/forever/images/product/04fdc72d8fd7c6dbdafb6867e8db5453.256p.jpg,Optical,Wired,,Both,Black,12.29
Adesso GP-160PB,https://pcpartpicker.com/product/NdR48d/adesso-mouse-gp160pb,https://cdna.pcpartpicker.com/static/forever/images/product/49d13285491bdc4e9f9aad617860f08a.256p.jpg,Touchpad,Wired,,Both,Black,
Kensington 64327,https://pcpartpicker.com/product/33TmP6/kensington-mouse-64327,https://cdna.pcpartpicker.com/static/forever/images/product/fc70b511eb0bb828bed9c328f2bb5d7d.256p.jpg,Trackball,Wired,,Both,Silver / Black,42.57
Razer Naga Hex,https://pcpartpicker.com/product/ks2kcf/razer-mouse-rz0100750100r3u1,https://m.media-amazon.com/images/I/41wvWtaYDfL.jpg,Laser,Wired,5600,Right,Black / Green,
Microsoft SideWinder X8,https://pcpartpicker.com/product/nwBv6h/microsoft-mouse-3ha00001,https://m.media-amazon.com/images/I/51zBTc3xYrL.jpg,Laser,Wireless,4000,Right,Black,
Chester Creek Technologies TMOB,https://pcpartpicker.com/product/xwW9TW/chester-creek-technologies-mouse-tmob,https://m.media-amazon.com/images/I/21E-u9QxVhL.jpg,Optical,Wired,800,Both,Black,32.34
Gigabyte GM-AIRE M1,https://pcpartpicker.com/product/HLZQzy/gigabyte-mouse-gmairem1black,https://m.media-amazon.com/images/I/31cn2EEuLxL.jpg,Optical,Wired,1000,Both,Black,
Genius XScroll,https://pcpartpicker.com/product/z3PfrH/genius-mouse-31010826101,https://images-na.ssl-images-amazon.com/images/I/415xcFrAS2L.jpg,Optical,Wired,800,Both,Black,
A4Tech F5,https://pcpartpicker.com/product/wKw323/a4tech-mouse-f5,https://m.media-amazon.com/images/I/41VnG7d9U+L.jpg,Laser,Wired,3000,Both,Black,
Logitech M325,https://pcpartpicker.com/product/gKw323/logitech-mouse-910002974,https://cdna.pcpartpicker.com/static/forever/images/product/12215c866fc77e7a71afac63f8813107.256p.jpg,Optical,Wireless,,Both,Black,22.79
A4Tech XL-750BK,https://pcpartpicker.com/product/KP4gXL/a4tech-mouse-xl750bk,https://cdna.pcpartpicker.com/static/forever/images/product/c494d07ebf55111a70af7498bc5fe2cd.med.256p.jpg,Laser,Wired,3600,Both,Black,
Epic Gear EGMA1H-OB,https://pcpartpicker.com/product/RZMFf7/epic-gear-mouse-egma1hob,https://cdna.pcpartpicker.com/static/forever/images/product/11b9a24da923a28bf4489a933e04fde8.med.256p.jpg,Laser,Wired,6000,Right,Black,
A4Tech G9-110H-1,https://pcpartpicker.com/product/m8DwrH/a4tech-mouse-g9110h1,https://cdna.pcpartpicker.com/static/forever/images/product/a0493931b03c37bd94459eb63f01288a.med.256p.jpg,Optical,Wireless,,Both,Black,31.38
A4Tech G9-370HX-1,https://pcpartpicker.com/product/VYkD4D/a4tech-mouse-g9370hx1,https://cdna.pcpartpicker.com/static/forever/images/product/033d4b37c3ec0e0763bda196226ed2b6.med.256p.jpg,Optical,Wireless,,Both,Black,31.22
A4Tech D-770FX,https://pcpartpicker.com/product/237wrH/a4tech-mouse-d770fx,https://cdna.pcpartpicker.com/static/forever/images/product/749476a7e16f006985476e3aaa8f0cee.med.256p.jpg,Optical,Wired,1600,Right,Black,
Mionix NAOS 8200,https://pcpartpicker.com/product/YzQypg/mionix-mouse-000mio8200m,https://m.media-amazon.com/images/I/41VzSHDukwL.jpg,Laser,Wired,8200,Right,Black,
Corsair Vengeance M65,https://pcpartpicker.com/product/4kphP6/corsair-mouse-m65black,https://cdna.pcpartpicker.com/static/forever/images/product/4e6a6878ba62d46038cb100cf4904166.256p.jpg,Laser,Wired,8200,Right,Black,
Mad Catz MMO7,https://pcpartpicker.com/product/fR7wrH/mad-catz-mouse-mcb437130002041,https://cdna.pcpartpicker.com/static/forever/images/product/a134eee93890a44035b452caee8f80f2.256p.jpg,Laser,Wired,6400,Right,Black / Red,
Mad Catz R.A.T. 5,https://pcpartpicker.com/product/P7Qypg/mad-catz-mouse-mcb4370500b2041,https://m.media-amazon.com/images/I/41ov3gU5vYL.jpg,Laser,Wired,5600,Right,Black,
A4Tech D-810FX,https://pcpartpicker.com/product/sxphP6/a4tech-mouse-d810fx,/static/forever/img/no-image.png,Optical,Wired,1600,Right,Black,
Adesso IMOUSE G25,https://pcpartpicker.com/product/wJh9TW/adesso-mouse-imouseg25,https://cdna.pcpartpicker.com/static/forever/images/product/2c555467fe44dd4808521066e07d3bab.256p.jpg,Laser,Wireless,1600,Right,Black,24.99
Adesso IMOUSE S30,https://pcpartpicker.com/product/dRDwrH/adesso-mouse-imouses30,https://m.media-amazon.com/images/I/31eBqpM1pSL.jpg,Optical,Wireless,1000,Both,Black,31.41
Razer RZ01-00770100-R3A1,https://pcpartpicker.com/product/VtvRsY/razer-mouse-rz0100770100r3a1,https://m.media-amazon.com/images/I/51D4fOBEHEL.jpg,Laser,Wireless,8200,Both,Black / Green,
Razer Orochi 2013,https://pcpartpicker.com/product/6HPfrH/razer-mouse-rz0100820100r3u1,https://m.media-amazon.com/images/I/31Vocj65N7L.jpg,Laser,Bluetooth Wireless,6400,Both,Black,
Logitech M325,https://pcpartpicker.com/product/4HXfrH/logitech-mouse-910002332,https://cdna.pcpartpicker.com/static/forever/images/product/5928b0e0319540cec56058fa230e929f.256p.jpg,Optical,Wireless,1000,Both,Silver,18.98
Logitech 910-003409,https://pcpartpicker.com/product/KdBv6h/logitech-mouse-910003409,https://m.media-amazon.com/images/I/41Es422B4PL.jpg,Laser,Wired,1000,Right,Black,
Genius Gila,https://pcpartpicker.com/product/Kjdqqs/genius-mouse-31010162101,https://m.media-amazon.com/images/I/41ug39Uir5L.jpg,Optical,Wired,8200,Right,Black / Red,
Genius Traveler 9010LS,https://pcpartpicker.com/product/V4ckcf/genius-mouse-31030087101,/static/forever/img/no-image.png,Laser,Wireless,1600,Both,Black,
Dell WM311,https://pcpartpicker.com/product/ND9KHx/dell-mouse-3306856,https://cdna.pcpartpicker.com/static/forever/images/product/0d49c8c071b7c349ea291841cf9778b7.med.256p.jpg,Optical,Wireless,1000,Both,Black,
Evoluent VerticalMouse 4 Right Wireless,https://pcpartpicker.com/product/8fqdnQ/evoluent-mouse-vm4rw,https://cdna.pcpartpicker.com/static/forever/images/product/84465fc9d6fffc4127a4dd654aa87cda.med.256p.jpg,Optical,Wireless,,Right,Black / Blue,106.99
Kensington Pro Fit Mid-Size Mouse,https://pcpartpicker.com/product/kBXfrH/kensington-mouse-k72421ww,https://cdna.pcpartpicker.com/static/forever/images/product/275eb404e4c707363bc616e226d72ff8.256p.jpg,Optical,Wireless,,Right,Blue / Black,22.99
Microsoft Comfort Mouse 6000,https://pcpartpicker.com/product/XZNp99/microsoft-mouse-s7j00010,https://m.media-amazon.com/images/I/41h2roYbSLL.jpg,Optical,Wired,1000,Right,Black,199.99
Samsung AA-SM7PCPB/US,https://pcpartpicker.com/product/ksw323/samsung-mouse-aasm7pcpbus,/static/forever/img/no-image.png,Optical,Wired,,Both,Black,
SteelSeries Guild Wars 2,https://pcpartpicker.com/product/NPZQzy/steelseries-mouse-62156,https://images-na.ssl-images-amazon.com/images/I/31e5nZO4XhL.jpg,Laser,Wired,5700,Both,Multicolor,
SteelSeries Kinzu V2 Silver,https://pcpartpicker.com/product/m8fp99/steelseries-mouse-pn62025,/static/forever/img/no-image.png,Optical,Wired,3200,Both,Silver / Black,
HP H4B81AA,https://pcpartpicker.com/product/Hmw323/hp-mouse-h4b81aa,https://cdna.pcpartpicker.com/static/forever/images/product/25480a68a6c6cbe0188002c435eea86b.256p.jpg,Laser,Wired,1000,Both,Black,44.86
HP QY778AT,https://pcpartpicker.com/product/vFvRsY/hp-qy778at-wired-laser-mouse-qy778at,https://cdna.pcpartpicker.com/static/forever/images/product/a5468adeeb48e75847f9cb9ceac14e54.256p.jpg,Laser,Wired,1000,Both,Black,
Targus AMW064US,https://pcpartpicker.com/product/QBkD4D/targus-mouse-amw064us,/static/forever/img/no-image.png,Laser,Wireless,1200,Both,Beige,
Wintec FileMate Imagine M2810,https://pcpartpicker.com/product/wWg323/wintec-mouse-3fmnm2810ugnr,https://m.media-amazon.com/images/I/318cuBdJvzL.jpg,Optical,Wired,1000,Right,Green / White,
SteelSeries World of Warcraft Wireless MMO Gaming Mouse,https://pcpartpicker.com/product/mDGkcf/steelseries-mouse-62220,https://m.media-amazon.com/images/I/31UL3seQWHL.jpg,Optical,Wireless,8200,Right,Black / Gray,
Thermaltake eSPORTS Theron Red,https://pcpartpicker.com/product/94rG3C/thermaltake-mouse-motrn006dtl,https://images-na.ssl-images-amazon.com/images/I/41dcAJGzvML.jpg,Laser,Wired,5600,Right,Red,
Thermaltake eSPORTS Theron Black,https://pcpartpicker.com/product/Rrdqqs/thermaltake-mouse-motrn006dtm,https://images-na.ssl-images-amazon.com/images/I/4183Lq7xZ9L.jpg,Laser,Wired,5600,Right,Black / Red,
Logitech RX250,https://pcpartpicker.com/product/Fg2kcf/logitech-mouse-910000184,https://images-na.ssl-images-amazon.com/images/I/31NGVclXuvL.jpg,Optical,Wired,1000,Both,Black,
Cobra Ajazz Quake7,https://pcpartpicker.com/product/F7mLrH/cobra-mouse-ajazzquake7black,https://cdna.pcpartpicker.com/static/forever/images/product/eb73dcd20e3dddd5b6281413e77a0fbf.med.256p.jpg,Optical,Wired,2400,Right,Black,
Perixx MX-3000R,https://pcpartpicker.com/product/ZQtCmG/perixx-mouse-11079,https://images-na.ssl-images-amazon.com/images/I/41MDU%2B64BJL.jpg,Laser,Wired,8200,Right,Black / Red,
Mionix NAOS 7000,https://pcpartpicker.com/product/zyvRsY/mionix-mouse-000mio7000m,https://cdna.pcpartpicker.com/static/forever/images/product/8c0241c78ac995baa2168219a2394a44.med.256p.jpg,Optical,Wired,7000,Right,Black / Blue,
Lenovo ThinkPad Precision Wireless Mouse,https://pcpartpicker.com/product/sP2kcf/lenovo-mouse-0b47163,https://m.media-amazon.com/images/I/31JGA+O-z1L.jpg,Optical,Wireless,1200,Both,Black / Red,38.90
Corsair Vengeance M65,https://pcpartpicker.com/product/Ck4gXL/corsair-mouse-ch9000022na,https://cdna.pcpartpicker.com/static/forever/images/product/4e6a6878ba62d46038cb100cf4904166.256p.jpg,Laser,Wired,8200,Right,Black / Silver,
Adesso iMouse E1,https://pcpartpicker.com/product/T9sKHx/adesso-mouse-imousee1,https://cdna.pcpartpicker.com/static/forever/images/product/4f59bba8acd3e7af54a5d8dd868e1379.256p.jpg,Optical,Wired,1600,Right,Black / Blue,29.00
Toshiba PA3982U-1E2B,https://pcpartpicker.com/product/8LvRsY/toshiba-mouse-pa3982u1e2b,/static/forever/img/no-image.png,Optical,Wired,1600,Both,Black,
Etekcity Scroll X1 M555,https://pcpartpicker.com/product/NJvRsY/etekcity-mouse-025706343176,https://cdna.pcpartpicker.com/static/forever/images/product/896be29858caf4371344a34261bd68ab.med.256p.jpg,Optical,Wired,2400,Right,Black / Red,
Zowie EC1-eVo,https://pcpartpicker.com/product/KQjG3C/zowie-mouse-ec1evo,https://images-na.ssl-images-amazon.com/images/I/31Y7GxxHPIL.jpg,Optical,Wired,2300,Right,Black / White,
Thermaltake SAPHIRA Team DK Edition,https://pcpartpicker.com/product/cmPzK8/thermaltake-mouse-modkswdoowhen,https://images-na.ssl-images-amazon.com/images/I/41VUiUkXI2L.jpg,Optical,Wired,3500,Right,White / Red,19.98
Thermaltake TALON,https://pcpartpicker.com/product/yyp323/thermaltake-mouse-motlnwdoobk01,https://m.media-amazon.com/images/I/51AZXPsa7rL.jpg,Optical,Wired,3000,Right,Multicolor,
Gigabyte AIRE M93 ICE,https://pcpartpicker.com/product/8Q7CmG/gigabyte-mouse-gmairem93ice,https://m.media-amazon.com/images/I/313z1id-M-L.jpg,Laser,Wireless,2000,Right,Black / Blue,
Logitech M320,https://pcpartpicker.com/product/xgs8TW/logitech-mouse-910004354,https://m.media-amazon.com/images/I/41o5hIfXKDL.jpg,Optical,Wireless,1000,Both,Red,39.99
Mad Catz M.M.O. TE,https://pcpartpicker.com/product/2238TW/mad-catz-mouse-mcb437140013041,https://images-na.ssl-images-amazon.com/images/I/41PpLn3PIOL.jpg,Laser,Wired,8200,Right,Black / Red,
Anker AK-98AN2000-BA,https://pcpartpicker.com/product/pvKhP6/anker-mouse-ak98an2000ba,https://cdna.pcpartpicker.com/static/forever/images/product/595f552a3b1481751e8a2da3845325e0.med.256p.jpg,Optical,Wired,4000,Right,Black / Blue,
Thermaltake BLACK V2,https://pcpartpicker.com/product/7VnG3C/thermaltake-mouse-mobkvwdlobk01,https://m.media-amazon.com/images/I/412bal6SqVL.jpg,Laser,Wired,5700,Right,Black / Red,
Kensington Pro Fit,https://pcpartpicker.com/product/fqs8TW/kensington-mouse-k72452ww,https://m.media-amazon.com/images/I/41oc3+EnQJL.jpg,Laser,Wireless,1000,Both,Black,24.00
FinalMouse FinalMouse 2015,https://pcpartpicker.com/product/LhM323/finalmouse-mouse-finalmouse2015,/static/forever/img/no-image.png,Optical,Wired,3200,Right,Black,
EVGA TORQ X5,https://pcpartpicker.com/product/MJx9TW/evga-mouse-902x21052kr,https://cdna.pcpartpicker.com/static/forever/images/product/3675cb5a3e01edc1db6574aa571a1803.256p.jpg,Optical,Wired,6400,Both,Black / White,
SIIG JK-WR0F12-S1,https://pcpartpicker.com/product/DpgPxr/siig-mouse-jkwr0f12s1,/static/forever/img/no-image.png,Optical,Wireless,1000,Right,Orange,
Lenovo 0B47167,https://pcpartpicker.com/product/r238TW/lenovo-mouse-0b47167,https://images-na.ssl-images-amazon.com/images/I/31t5yo8uOWL.jpg,Optical,Wireless,1200,Both,Silver,
Microsoft Designer,https://pcpartpicker.com/product/p2RFf7/microsoft-mouse-7n500001,https://cdna.pcpartpicker.com/static/forever/images/product/c89657d812fd2cccdf5f4e5d72b744e9.256p.jpg,Optical,Bluetooth Wireless,,Both,Black,139.99
Kensington Pro Fit Mid-Size Mouse,https://pcpartpicker.com/product/26X2FT/kensington-mouse-72421,https://cdna.pcpartpicker.com/static/forever/images/product/e54e20e7eee6e80c4dc96aae4362c18c.256p.jpg,Laser,Wireless,,Right,Black / Blue,31.99
Kensington Pro Fit Mid-Size Mouse,https://pcpartpicker.com/product/FCyxFT/kensington-mouse-72422,https://cdna.pcpartpicker.com/static/forever/images/product/ae4dacabfbcc7c0f5670e4709506d4cb.256p.jpg,Laser,Wireless,,Right,Black / Red,27.98
Kensington Pro Fit Mid-Size Mouse,https://pcpartpicker.com/product/V2RFf7/kensington-mouse-72424,https://cdna.pcpartpicker.com/static/forever/images/product/e1b44c48f635a2e7b9597d236f74da7e.256p.jpg,Laser,Wireless,,Right,Black / Green,33.37
AZIO EXO1,https://pcpartpicker.com/product/XbX2FT/azio-mouse-exo1,https://m.media-amazon.com/images/I/31or7VdF1cL.jpg,Optical,Wired,3500,Right,Black / Red,
Logitech M325 Moody Mint ,https://pcpartpicker.com/product/dgJkcf/logitech-mouse-910004168,https://m.media-amazon.com/images/I/31xhS2j-QFL.jpg,Optical,Wireless,1000,Both,Green,69.98
Corsair SCIMITAR RGB,https://pcpartpicker.com/product/Z3tWGX/corsair-mouse-ch9000091na,https://cdna.pcpartpicker.com/static/forever/images/product/753386fd8ecb6f8e48bd1876bffd8936.256p.jpg,Optical,Wired,12000,Right,Black,
MSI Interceptor DS B1,https://pcpartpicker.com/product/MNqbt6/msi-mouse-h010001711,https://cdna.pcpartpicker.com/static/forever/images/product/404b600bff2ce93599250065b197310a.256p.jpg,Optical,Wired,1600,Right,Black / Red,
Trust GXT 158,https://pcpartpicker.com/product/yn7CmG/trust-mouse-20324,https://images-na.ssl-images-amazon.com/images/I/41DGx%2BC9HJL.jpg,Laser,Wired,5000,Both,Black,
Kensington k72110us,https://pcpartpicker.com/product/hHBrxr/kensington-mouse-k72110us,https://cdna.pcpartpicker.com/static/forever/images/product/cba63c629b92c659319a41bbc9e57ffa.256p.jpg,Optical,Wired,1000,Both,Black,10.95
A4Tech Bloody TL8 Terminator,https://pcpartpicker.com/product/DrVBD3/a4tech-mouse-tl8,https://m.media-amazon.com/images/I/31sq6qJtySL.jpg,Laser,Wired,8200,Right,Black / Silver,
Razer Diamondback,https://pcpartpicker.com/product/pbhj4D/razer-mouse-rz0101420100r3u1,https://m.media-amazon.com/images/I/31N3YbpqtoL.jpg,Laser,Wired,16000,Both,Black,
Genius M6-400,https://pcpartpicker.com/product/cTJkcf/genius-mouse-31040008101,https://cdna.pcpartpicker.com/static/forever/images/product/12c106a4ac5a21dc829417c71f6e54b4.256p.jpg,Optical,Wired,5000,Both,Black / Gold,
Kensington K74532WW,https://pcpartpicker.com/product/gZZ2FT/kensington-mouse-k74532ww,https://cdna.pcpartpicker.com/static/forever/images/product/d7621272b86f8b2e973031ccc92c116d.256p.jpg,Optical,Wireless,,Both,White,25.98
Mad Catz R.A.T. PRO X,https://pcpartpicker.com/product/LfPzK8/mad-catz-mouse-mcb4371800x6021,https://images-na.ssl-images-amazon.com/images/I/410l6gf-EzL.jpg,Optical,Wired,5000,Right,Black / Yellow,
Razer Naga Chroma,https://pcpartpicker.com/product/N2VBD3/razer-mouse-rz0101610100r3u1,https://m.media-amazon.com/images/I/41wXoP6BIYL.jpg,Laser,Wired,16000,Right,Black,
Aorus THUNDER M7,https://pcpartpicker.com/product/cXbkcf/aorus-mouse-gmthunderm7,https://cdna.pcpartpicker.com/static/forever/images/product/6cd922ae2f1a3b08e0c41db313bb77ba.256p.jpg,Laser,Wired,8200,Right,Black,
Microsoft  Arc Touch,https://pcpartpicker.com/product/LrDzK8/microsoft-mouse-rvf00053,https://m.media-amazon.com/images/I/41+W4DCoGjL.jpg,Laser,Wireless,,Both,Black / Silver,
ROCCAT Nyth,https://pcpartpicker.com/product/k8rcCJ/roccat-mouse-roc11901am,https://cdna.pcpartpicker.com/static/forever/images/product/35e6d37a4d4b93d02f3742525ce53082.256p.jpg,Laser,Wired,12000,Right,White,
Dell WM126,https://pcpartpicker.com/product/DKp323/dell-mouse-nnp0g,https://cdna.pcpartpicker.com/static/forever/images/product/29716b4d1aac82b0be76d617e44cbf2c.256p.jpg,Optical,Wireless,1000,Both,Black,14.53
SHARKK SK137G,https://pcpartpicker.com/product/tRvZxr/sharkk-mouse-sk137g,https://cdna.pcpartpicker.com/static/forever/images/product/463af24db7f6a1c7932a2c21c004161e.256p.jpg,Optical,Wireless,1600,Right,Black,
Corsair Scimitar RGB,https://pcpartpicker.com/product/CyKhP6/corsair-mouse-ch9000231na,https://images-na.ssl-images-amazon.com/images/I/41Y3POt655L.jpg,Optical,Wired,12000,Right,Black,
Das Keyboard Division Zero M50,https://pcpartpicker.com/product/ncbkcf/das-keyboard-mouse-dkdivzm50gm,/static/forever/img/no-image.png,Laser,Wired,6400,Both,Black / Red,
Redragon M902,https://pcpartpicker.com/product/khkwrH/redragon-mouse-m902,https://m.media-amazon.com/images/I/41c9wsUyg0L.jpg,Laser,Wired,16400,Right,Black / Red,
Asus ROG Spatha,https://pcpartpicker.com/product/bW4NnQ/asus-mouse-rogspatha,https://cdna.pcpartpicker.com/static/forever/images/product/293549cbf27fa8f3d931d51390f4e481.256p.jpg,Laser,Wireless,8200,Right,Black,
Zowie EC1-A,https://pcpartpicker.com/product/2tnG3C/zowie-mouse-ec1a,https://images-eu.ssl-images-amazon.com/images/I/311uGsi8pgL.jpg,Optical,Wired,3200,Right,Black,
Asus Cerberus,https://pcpartpicker.com/product/KpBrxr/asus-cerberus-wired-optical-mouse-cerberus-mouse,https://cdna.pcpartpicker.com/static/forever/images/product/047b2044b7ecdf19a97ae57a494d881b.256p.jpg,Optical,Wired,2500,Both,Black / Red,
SteelSeries Rival 700,https://pcpartpicker.com/product/WcH48d/steelseries-rival-700-wired-optical-mouse-62331,https://cdna.pcpartpicker.com/static/forever/images/product/719eee9076be363c0e6620159028bc72.256p.jpg,Optical,Wired,16000,Right,Black,
Logitech G403 Prodigy,https://pcpartpicker.com/product/d98H99/logitech-g403-prodigy-wireless-optical-mouse-910-004797,https://cdna.pcpartpicker.com/static/forever/images/product/fdd0eda804ab449d82a7ba947e0d78f7.256p.jpg,Optical,Wireless,12000,Right,Black,94.99
Asus ROG Strix Impact,https://pcpartpicker.com/product/rWvZxr/asus-rog-strix-impact-wired-optical-mouse-strix-impact,https://cdna.pcpartpicker.com/static/forever/images/product/19ff811b1ac265042db01f574fab31a1.256p.jpg,Optical,Wired,5000,Both,Black,
Logitech G102 Prodigy,https://pcpartpicker.com/product/6d7CmG/logitech-g102-prodigy-wired-optical-mouse-910-004846,/static/forever/img/no-image.png,Optical,Wired,6000,Right,Black,
Corsair GLAIVE RGB,https://pcpartpicker.com/product/TCX2FT/corsair-glaive-rgb-wired-optical-mouse-ch-9302011-na,https://cdna.pcpartpicker.com/static/forever/images/product/815647f7fedde59a1502e275e0068951.256p.jpg,Optical,Wired,16000,Right,Black,
RIOTORO URUZ Z5 Lightning RGB,https://pcpartpicker.com/product/cfbkcf/riotoro-uruz-z5-lightning-rgb-wired-optical-mouse-mr-400l,https://cdna.pcpartpicker.com/static/forever/images/product/2a867a38929b2dfa05f30f8dd2e1cef1.256p.jpg,Optical,Wired,4000,Right,Black,
Dell Alienware AW558,https://pcpartpicker.com/product/kJKhP6/alienware-aw558-wired-optical-mouse-aw558,https://cdna.pcpartpicker.com/static/forever/images/product/6dd897061ab835c6e0fea37aa2a46ac5.256p.jpg,Optical,Wired,5000,Right,Black / Silver,
Asus ROG Pugio,https://pcpartpicker.com/product/pfwqqs/asus-rog-pugio-wired-optical-mouse-pugio,https://cdna.pcpartpicker.com/static/forever/images/product/07d62be8024e008696c64bbb0389e07e.256p.jpg,Optical,Wired,7200,Both,Black,
Swiftpoint Z Gaming,https://pcpartpicker.com/product/YXTrxr/swiftpoint-z-gaming-wired-optical-mouse-sm700,https://cdna.pcpartpicker.com/static/forever/images/product/44a4f743ff2531d38662495acfdfe850.256p.jpg,Optical,Wired,12000,Right,Black,
GAMDIAS ZEUS P1 RGB,https://pcpartpicker.com/product/LZkwrH/gamdias-zeus-p1-rgb-wired-optical-mouse-gd-zeus-p1,https://m.media-amazon.com/images/I/312VJCTWjzL.jpg,Optical,Wired,12000,Right,Black,
ROCCAT Kone AIMO,https://pcpartpicker.com/product/JZL48d/roccat-kone-aimo-wired-optical-mouse-roc-11-815-gy,https://cdna.pcpartpicker.com/static/forever/images/product/7d0d1799650ad32e23c43616f65d6c71.256p.jpg,Optical,Wired,12000,Right,Gray,
ROCCAT Kone AIMO,https://pcpartpicker.com/product/vcfhP6/roccat-kone-aimo-wired-optical-mouse-roc-11-815-we,https://cdna.pcpartpicker.com/static/forever/images/product/52cf453a4a4ac12bcd00e34db841273c.256p.jpg,Optical,Wired,12000,Right,White,
Cougar 450M (Black/Green),https://pcpartpicker.com/product/WLkj4D/cougar-450m-blackgreen-wired-optical-mouse-moc450b,https://m.media-amazon.com/images/I/41aG6O3YQlL.jpg,Optical,Wired,5000,Both,Black / Green,
Razer D.Va Abyssus Elite,https://pcpartpicker.com/product/vjc48d/razer-dva-abyssus-elite-wired-optical-mouse-rz01-02160200-r3m1,https://m.media-amazon.com/images/I/41jU5SAKcCL.jpg,Optical,Wired,7200,Both,Blue / Pink,73.38
Corsair DARK CORE RGB SE,https://pcpartpicker.com/product/jRvbt6/corsair-dark-core-rgb-se-wireless-optical-mouse-ch-9315311-na,https://m.media-amazon.com/images/I/51XEp6n+w0L.jpg,Optical,Wireless,16000,Right,Black,
Logitech MX Ergo,https://pcpartpicker.com/product/JMw7YJ/logitech-mx-ergo-wireless-optical-mouse-910-005177,https://cdna.pcpartpicker.com/static/forever/images/product/1b9c15e0df262b7b7deb0ebe9bd3b266.256p.jpg,Optical,Wireless,440,Right,Black,
DLAND Zelotes T90,https://pcpartpicker.com/product/vkHRsY/dland-zelotes-t90-wired-optical-mouse-t90,https://m.media-amazon.com/images/I/41zQZISStsL.jpg,Optical,Wired,9200,Right,Black,
Zelotes T90,https://pcpartpicker.com/product/4kHRsY/zelotes-t90-wired-optical-mouse-92869,https://cdna.pcpartpicker.com/static/forever/images/product/0e3fec70595bcb0db9f0eb93e75af925.256p.jpg,Optical,Wired,9200,Right,Black / Red,
Microsoft ELH-00001,https://pcpartpicker.com/product/c9yV3C/microsoft-elh-00001-bluetooth-wireless-optical-mouse-elh-00001,https://cdna.pcpartpicker.com/static/forever/images/product/619e3428f1590a06cced193d0bca3aac.256p.jpg,Optical,Bluetooth Wireless,,Both,Gray,
Logitech M330 SILENT PLUS,https://pcpartpicker.com/product/DJHRsY/logitech-m330-silent-plus-wireless-optical-mouse-910-004908,https://cdna.pcpartpicker.com/static/forever/images/product/5ded3cc543acc374ba7f474c17703635.256p.jpg,Optical,Wireless,1000,Right,Gray / Yellow,11.50
Microsoft Sculpt Ergonomic,https://pcpartpicker.com/product/krdqqs/microsoft-sculpt-ergonomic-wireless-laser-mouse-l6v-00001,https://cdna.pcpartpicker.com/static/forever/images/product/1df70d8a8be0e1591c743e5b1e08792b.256p.jpg,Laser,Wireless,,Right,Black / Blue,
Adesso iMouse S8L,https://pcpartpicker.com/product/qFjJ7P/adesso-imouse-s8l-wired-optical-mouse-imouse-s8l,https://cdna.pcpartpicker.com/static/forever/images/product/ee503a85725440c2e8e6d0f21ad1d994.256p.jpg,Optical,Wired,1600,Both,Blue / Black,30.77
Corsair GLAIVE RGB PRO,https://pcpartpicker.com/product/DzbwrH/corsair-glaive-rgb-pro-wired-optical-mouse-ch-9302311-na,https://cdna.pcpartpicker.com/static/forever/images/product/e2e1187454d67f3d4453bee8a141e349.256p.jpg,Optical,Wired,18000,Right,Black,
Zowie EC2-B,https://pcpartpicker.com/product/Qkvbt6/zowie-ec2-b-wired-optical-mouse-ec2-b,https://cdna.pcpartpicker.com/static/forever/images/product/28aafd464f4187e143008a684a7d646d.256p.jpg,Optical,Wired,3200,Right,Black / Red,
IOGEAR Kaliber Gaming FOKUS II Pro,https://pcpartpicker.com/product/6Hc48d/iogear-kaliber-gaming-fokus-ii-pro-wired-optical-mouse-gme671,https://cdna.pcpartpicker.com/static/forever/images/product/593a3a9d7dd57ff0cf8bca1582157364.256p.jpg,Optical,Wired,12000,Both,Black / Green,
Cougar 700M EVO,https://pcpartpicker.com/product/8NrmP6/cougar-700m-evo-wired-optical-mouse-700m-evo,https://cdna.pcpartpicker.com/static/forever/images/product/6d78d4db810679c29ac9f5026d3ef6d2.256p.jpg,Optical,Wired,16000,Right,Black,
Cougar MINOS XT,https://pcpartpicker.com/product/gLCD4D/cougar-minos-xt-wired-optical-mouse-minos-xt,https://cdna.pcpartpicker.com/static/forever/images/product/f51854d4c2b852f9b1fd075bdd045274.256p.jpg,Optical,Wired,4000,Right,Black,
Logitech M170,https://pcpartpicker.com/product/gdL48d/logitech-m170-wirelesswired-optical-mouse-910-004800,https://cdna.pcpartpicker.com/static/forever/images/product/7fad1993d6efbe4d0be65f59c65c469a.256p.jpg,Optical,"Wired, Wireless",1000,Both,Blue / Black,11.99
Adesso iMouse V10,https://pcpartpicker.com/product/z3PKHx/adesso-imouse-v10-wireless-optical-mouse-imousev10,https://cdna.pcpartpicker.com/static/forever/images/product/453388e3afdea660b5a7eea488a832de.256p.jpg,Optical,Wireless,1600,Right,Black,28.99
Adesso iMouse M6,https://pcpartpicker.com/product/VdL48d/adesso-imouse-m6-wired-optical-mouse-imousem6,https://cdna.pcpartpicker.com/static/forever/images/product/148c363459b901410c30472b834165f1.256p.jpg,Optical,Wired,1000,Both,Black,
Acco Kensington K72422WW,https://pcpartpicker.com/product/LWkj4D/acco-kensington-k72422ww-wireless-optical-mouse-k72422ww,https://cdna.pcpartpicker.com/static/forever/images/product/13694e56d3e6dca357ddec43c2a65f0d.256p.jpg,Optical,Wireless,1600,Right,Red / Black,
Acco Kensington K72337US,https://pcpartpicker.com/product/XQZzK8/acco-kensington-k72337us-wired-optical-mouse-k72337us,https://cdna.pcpartpicker.com/static/forever/images/product/bb5451138622180a1171d6a398010720.256p.jpg,Optical,Wired,,Both,Black / Blue,
Microsoft Sculpt Ergonomic,https://pcpartpicker.com/product/7JKcCJ/microsoft-sculpt-ergonomic-wireless-laser-mouse-5lv-00001mic,https://cdna.pcpartpicker.com/static/forever/images/product/1fd0757ac93663ef82c7394ca851a4e8.256p.jpg,Laser,Wireless,1000,Right,Black / Blue,
Microsoft Precision,https://pcpartpicker.com/product/RNtQzy/microsoft-precision-bluetooth-wireless-optical-mouse-ghv-00001,https://cdna.pcpartpicker.com/static/forever/images/product/879a10f6c3e2113742b2d1be9b0b8e04.256p.jpg,Optical,Bluetooth Wireless,,Right,Black / Silver,
Trust GXT 138 X-Ray,https://pcpartpicker.com/product/gHc48d/trust-gxt-138-x-ray-wired-optical-mouse-22089,https://cdna.pcpartpicker.com/static/forever/images/product/296e0ece26bae937c0b1f470109471ba.256p.jpg,Optical,Wired,4000,Right,Black,
Verbatim 99790,https://pcpartpicker.com/product/B3PKHx/verbatim-99790-wired-optical-mouse-99790,https://cdna.pcpartpicker.com/static/forever/images/product/b92dc7a978fc6a0d339b935e33e6c92b.256p.jpg,Optical,Wired,,Both,Black,8.93
Targus W575,https://pcpartpicker.com/product/WjXYcf/targus-w575-wireless-optical-mouse-amw575tt,https://cdna.pcpartpicker.com/static/forever/images/product/1fe67ab912d7384a61fbe4613156cb3d.256p.jpg,Optical,Wireless,1600,Both,Black,22.31
Kensington K72392USA,https://pcpartpicker.com/product/thfhP6/kensington-k72392usa-wireless-optical-mouse-k72392usa,https://cdna.pcpartpicker.com/static/forever/images/product/2e736843a17b5a17458a49b7a2072a61.256p.jpg,Optical,Wireless,1000,Both,Black,32.62
Verbatim 70238,https://pcpartpicker.com/product/QFsnTW/verbatim-70238-wired-optical-mouse-70238,https://cdna.pcpartpicker.com/static/forever/images/product/834ce19c7661754d2053d82804048854.256p.jpg,Optical,Wired,,Both,Purple / Silver,18.23
G-Wolves HT-M 3360 Gray,https://pcpartpicker.com/product/m44BD3/g-wolves-ht-m-3360-gray-wired-optical-mouse-ht-m-3360-gray,/static/forever/img/no-image.png,Optical,Wired,12000,Right,Gray,
ROCCAT Kone AIMO Remastered,https://pcpartpicker.com/product/LrpmP6/roccat-kone-aimo-remastered-wired-optical-mouse-roc-11-820-bk,https://cdna.pcpartpicker.com/static/forever/images/product/5ed98569977bbba314e151d5311bcebf.256p.jpg,Optical,Wired,16000,Right,Black,
Evoluent VMDMW VerticalMouse D Medium,https://pcpartpicker.com/product/GqPgXL/evoluent-vmdmw-verticalmouse-d-medium-wireless-laser-mouse-vmdmw,https://cdna.pcpartpicker.com/static/forever/images/product/ab46111c83a00d56a0a30ec5a283fb13.256p.jpg,Laser,Wireless,1600,Right,Black,114.95
Verbatim 70240,https://pcpartpicker.com/product/WxRgXL/verbatim-70240-bluetooth-wireless-laser-mouse-70240,https://cdna.pcpartpicker.com/static/forever/images/product/3262f6f1ac5959691f0fc5d7214c4b8f.256p.jpg,Laser,Bluetooth Wireless,1600,Both,Red / Black,19.63
Verbatim 70237,https://pcpartpicker.com/product/KY2bt6/verbatim-70237-wired-optical-mouse-70237,https://m.media-amazon.com/images/I/317BVqPL0+L.jpg,Optical,Wired,,Both,Blue / Silver,16.00
Evoluent VMDL,https://pcpartpicker.com/product/Ry9tt6/evoluent-vmdl-wired-laser-mouse-vmdl,https://cdna.pcpartpicker.com/static/forever/images/product/5f562a9ed41291543346171c4c9c6b9d.256p.jpg,Laser,Wired,,Right,Black / Silver,99.95
ROCCAT Leadr,https://pcpartpicker.com/product/2BtKHx/roccat-leadr-wireless-optical-mouse-roc-11-852,https://cdna.pcpartpicker.com/static/forever/images/product/281bd7d9006377fd3e9ce4974b670432.256p.jpg,Optical,Wireless,12000,Right,Black,
Zelotes C-18,https://pcpartpicker.com/product/vkK2FT/zelotes-c-18-wired-optical-mouse-c-18,https://m.media-amazon.com/images/I/41XALhTL5KL.jpg,Optical,Wired,10000,Right,Black,
Cooler Master MM711 Wilderness Limited Edition,https://pcpartpicker.com/product/Z37p99/cooler-master-mm711-wilderness-limited-edition-wired-optical-mouse-mm-711-ogol1,https://cdna.pcpartpicker.com/static/forever/images/product/c53aa2424c1c2b785e63c400c8934ab9.256p.jpg,Optical,Wired,16000,Right,Green,
Corsair SABRE PRO CHAMPION SERIES,https://pcpartpicker.com/product/TBjBD3/corsair-sabre-pro-champion-series-wired-optical-mouse-ch-9303101-na,https://cdna.pcpartpicker.com/static/forever/images/product/75648a6569cf5728ebfb616d4c9fbdcc.256p.jpg,Optical,Wired,18000,Right,Black,
SteelSeries Rival 300 CS:GO Fade Edition,https://pcpartpicker.com/product/zk92FT/steelseries-rival-300-csgo-fade-edition-wired-optical-mouse-62279,https://m.media-amazon.com/images/I/41ClqyMq70L.jpg,Optical,Wired,6500,Right,Purple / Yellow,
Endgame Gear XM1 RGB,https://pcpartpicker.com/product/pFZ9TW/endgame-gear-xm1-rgb-wired-optical-mouse-egg-xm1rgb-blk,https://cdna.pcpartpicker.com/static/forever/images/product/2e0c9207445ec024cf5a2886cc91703d.256p.jpg,Optical,Wired,16000,Right,Black,
MSI CLUTCH,https://pcpartpicker.com/product/6B4Ycf/msi-clutch-gm20-elite-wired-optical-mouse-clutch-gm20-elite,https://cdna.pcpartpicker.com/static/forever/images/product/11e3e4af08e31e57d67d74d5485e627d.256p.jpg,Optical,Wired,6400,Right,Black,
Asus ROG Strix Impact II,https://pcpartpicker.com/product/yCKKHx/asus-rog-strix-impact-ii-wireless-optical-mouse-rog-strix-impact-ii-wireless,https://cdna.pcpartpicker.com/static/forever/images/product/fbdfe976a64917706dd2197ed2596634.256p.jpg,Optical,Wireless,16000,Right,Black,
3M Ergonomic EM500GPL,https://pcpartpicker.com/product/8bddnQ/3m-ergonomic-em500gpl-wired-optical-mouse-mmmem500gpl,https://cdna.pcpartpicker.com/static/forever/images/product/a533303f8ff5e53b5b16ac42576dfe6f.256p.jpg,Optical,Wired,,Right,,
HP HyperX Pulsefire Dart,https://pcpartpicker.com/product/GTQcCJ/hp-hyperx-pulsefire-dart-wireless-optical-mouse-4p5q4aa,/static/forever/img/no-image.png,Optical,Wireless,16000,Right,Black,
Pulsar Xlite V2,https://pcpartpicker.com/product/jjmmP6/pulsar-xlite-v2-wireless-optical-mouse-pxw22,https://cdna.pcpartpicker.com/static/forever/images/product/b01ae63d64b8873a4c341f148512ecd0.256p.jpg,Optical,Wireless,20000,Right,White,
EVGA X20,https://pcpartpicker.com/product/ptkWGX/evga-x20-wiredbluetoothwireless-optical-mouse-903-t1-20gr-kr,https://cdna.pcpartpicker.com/static/forever/images/product/acbce37375c116bbe3ac190540d51214.256p.jpg,Optical,"Wired, Wireless, Bluetooth Wireless",16000,Right,Gray / Black,
Razer Viper,https://pcpartpicker.com/product/X3qPxr/razer-viper-wired-optical-mouse-rz01-02550600-r3u1,https://m.media-amazon.com/images/I/312OIpFXp+L.jpg,Optical,Wired,16000,Both,Pink / Gray,
ninjutso Origin One X,https://pcpartpicker.com/product/RH6p99/ninjutso-origin-one-x-wirelesswired-optical-mouse-nm001,https://m.media-amazon.com/images/I/218-Ct-XSUL.jpg,Optical,"Wired, Wireless",3200,Right,Black / White,
Logitech MX ANYWHERE 3,https://pcpartpicker.com/product/thM48d/logitech-mx-anywhere-3-bluetoothwireless-laser-mouse-910-005985,https://cdna.pcpartpicker.com/static/forever/images/product/fbd122b59e7103458f9e19599b82b306.256p.jpg,Laser,"Wireless, Bluetooth Wireless",4000,Right,White,
Xtrfy M4 RGB,https://pcpartpicker.com/product/mqYmP6/xtrfy-m4-rgb-wired-optical-mouse-xg-m4-rgb-street,https://cdna.pcpartpicker.com/static/forever/images/product/7836dfa4ad8ce6d42b402a9be64dce1f.256p.jpg,Optical,Wired,16000,Right,Black / White,
Xtrfy M4 RGB,https://pcpartpicker.com/product/V6vdnQ/xtrfy-m4-rgb-wired-optical-mouse-xg-m4-rgb-retro,https://cdna.pcpartpicker.com/static/forever/images/product/50e132b4b5bf72bc7af3dafea02ba0d3.256p.jpg,Optical,Wired,16000,Right,White / Beige,
Xtrfy M42 RGB,https://pcpartpicker.com/product/FtXJ7P/xtrfy-m42-rgb-wirelesswired-optical-mouse-m42w-rgb-black,https://cdna.pcpartpicker.com/static/forever/images/product/9036617cf3c15cafb5ef44b9346a5e14.256p.jpg,Optical,"Wired, Wireless",16000,Right,Black,
Xtrfy M42 RGB,https://pcpartpicker.com/product/KZnypg/xtrfy-m42-rgb-optical-mouse-m42-rgb-pink,https://cdna.pcpartpicker.com/static/forever/images/product/e8a7f157b01609db31319fc5d8e2d80d.256p.jpg,Optical,,16000,Right,Pink,
Pulsar X2 Mini,https://pcpartpicker.com/product/bVn9TW/pulsar-x2-mini-wiredwireless-optical-mouse-px203s,/static/forever/img/no-image.png,Optical,"Wired, Wireless",26000,Right,Red,
Zowie ZA13-C,https://pcpartpicker.com/product/6LP8TW/zowie-za13-c-wired-optical-mouse-za13-c,https://cdna.pcpartpicker.com/static/forever/images/product/e532255748b99b10555cde0e1308915d.256p.jpg,Optical,Wired,3200,Right,Black,
Logitech G Pro X Superlight,https://pcpartpicker.com/product/7VDQzy/logitech-g-pro-x-superlight-wirelesswired-optical-mouse-910-005819,/static/forever/img/no-image.png,Optical,"Wired, Wireless",25600,Right,Yellow / Black,
ADATA XPG SLINGSHOT,https://pcpartpicker.com/product/49NYcf/adata-xpg-slingshot-wired-optical-mouse-slingshot-bkcww,https://cdna.pcpartpicker.com/static/forever/images/product/41cb6b47048a62e2746a4157a187bfcb.256p.jpg,Optical,Wired,12000,Right,Black,
ADATA XPG ALPHA,https://pcpartpicker.com/product/By4Zxr/adata-xpg-alpha-wiredwirelessbluetooth-optical-mouse-alphawl-bkcww,https://cdna.pcpartpicker.com/static/forever/images/product/899431b0033310b2660c9fb1aee50247.256p.jpg,Optical,"Wired, Wireless, Bluetooth Wireless",16000,Right,Black,79.99
UtechSmart VenusPro,https://pcpartpicker.com/product/FytLrH/utechsmart-venuspro-wirelesswiredbluetooth-optical-mouse-ds-2833,/static/forever/img/no-image.png,Optical,"Wired, Wireless, Bluetooth Wireless",16000,Right,Black,
Logitech Signature M650 L,https://pcpartpicker.com/product/cX3NnQ/logitech-signature-m650-l-bluetoothwirelesswired-optical-mouse-910-006237,https://cdna.pcpartpicker.com/static/forever/images/product/bed665eb4ee36f823c8dd319c0f8d7c1.256p.jpg,Optical,"Wired, Wireless, Bluetooth Wireless",4000,Right,Pink,
NZXT Lift,https://pcpartpicker.com/product/zLQcCJ/nzxt-lift-wired-optical-mouse-ms-1wrax-wm,https://cdna.pcpartpicker.com/static/forever/images/product/1e5d0415a99fdff0d8c5c9077c02ca34.256p.jpg,Optical,Wired,16000,Right,White / Black,
NZXT Lift,https://pcpartpicker.com/product/qNTZxr/nzxt-lift-wired-optical-mouse-ms-1wrap-wm,https://cdna.pcpartpicker.com/static/forever/images/product/3224c4ab372c7ed81287e0bed42002b9.256p.jpg,Optical,Wired,16000,Right,White / Purple,
Logitech POP Mist,https://pcpartpicker.com/product/tZ4Ycf/logitech-pop-mist-bluetoothwireless-optical-mouse-910-006625,https://cdna.pcpartpicker.com/static/forever/images/product/72c01051eb49342d168c4e5b3fa9f93a.256p.jpg,Optical,"Wireless, Bluetooth Wireless",4000,Both,Gray,24.99
Pulsar X2V2 Mini,https://pcpartpicker.com/product/FxQKHx/pulsar-x2v2-mini-bluetoothwirelesswired-optical-mouse-px2212,/static/forever/img/no-image.png,Optical,"Wired, Wireless, Bluetooth Wireless",26000,Right,White,
Pulsar X2V2 Mini,https://pcpartpicker.com/product/QhJp99/pulsar-x2v2-mini-bluetoothwirelesswired-optical-mouse-px2211,/static/forever/img/no-image.png,Optical,"Wired, Wireless, Bluetooth Wireless",26000,Right,Black,
Pulsar X2V2,https://pcpartpicker.com/product/gqyH99/pulsar-x2v2-bluetoothwirelesswired-optical-mouse-px2221,/static/forever/img/no-image.png,Optical,"Wired, Wireless, Bluetooth Wireless",26000,Right,Black,
Pulsar X2H,https://pcpartpicker.com/product/9Frqqs/pulsar-x2h-bluetoothwirelesswired-optical-mouse-px2h21,/static/forever/img/no-image.png,Optical,"Wired, Wireless, Bluetooth Wireless",26000,Right,Black,
Pulsar X2A,https://pcpartpicker.com/product/rW88TW/pulsar-x2a-bluetoothwirelesswired-optical-mouse-px2a23,/static/forever/img/no-image.png,Optical,"Wired, Wireless, Bluetooth Wireless",26000,Right,White,
Asus ROG Strix Impact II,https://pcpartpicker.com/product/XHxRsY/asus-rog-strix-impact-ii-wirelesswired-optical-mouse-90mp01p0-bmua00,https://cdna.pcpartpicker.com/static/forever/images/product/0b1f9f1efaf9104b6367abdb90d29613.256p.jpg,Optical,"Wired, Wireless",16000,Right,Black,
Asus TUF GAMING M5,https://pcpartpicker.com/product/jh848d/asus-tuf-gaming-m5-wired-optical-mouse-p304-tuf-gaming-m5-us,https://m.media-amazon.com/images/I/31Myfz1aUaL.jpg,Optical,Wired,6200,Right,Black,
Acer Cestus 350 PMR910,https://pcpartpicker.com/product/W3XJ7P/acer-cestus-350-pmr910-wirelesswired-optical-mouse-gpmce1100q,https://cdna.pcpartpicker.com/static/forever/images/product/476fe3091cbabd2a3adff215698a76f9.256p.jpg,Optical,"Wired, Wireless",16000,Right,Black,89.81
Adesso iMouse X5,https://pcpartpicker.com/product/VjvdnQ/adesso-imouse-x5-wired-optical-mouse-imouse-x5,https://m.media-amazon.com/images/I/41qhPxsEETL.jpg,Optical,Wired,6400,Right,Black,25.11
Adesso iMouse M60,https://pcpartpicker.com/product/qQpmP6/adesso-imouse-m60-wirelesswired-optical-mouse-imousem60,https://cdna.pcpartpicker.com/static/forever/images/product/d2ec61ed9556fb79e5577ab35d918f8e.256p.jpg,Optical,"Wired, Wireless",1200,Both,Black,11.69
Verbatim 70705,https://pcpartpicker.com/product/4JhmP6/verbatim-70705-wireless-optical-mouse-70705,https://cdna.pcpartpicker.com/static/forever/images/product/ba70b067af85383a9d7023f6e992c0e6.256p.jpg,Optical,Wireless,1000,Both,Blue / Black,16.99
Dell MS3320W,https://pcpartpicker.com/product/6TRYcf/dell-ms3320w-wiredwirelessbluetooth-optical-mouse-ms3320wblk,https://cdna.pcpartpicker.com/static/forever/images/product/a502d2583bf2b7ecf437c4aa8e86edd1.256p.jpg,Optical,"Wired, Wireless, Bluetooth Wireless",1600,Both,Black,
HP 200,https://pcpartpicker.com/product/hd7G3C/hp-200-wirelesswired-optical-mouse-2hu84aaabl,https://cdna.pcpartpicker.com/static/forever/images/product/386e165c293ab3a1a2227b331eac4229.256p.jpg,Optical,"Wired, Wireless",1000,Both,Black / Silver,13.96
HP 410 Slim,https://pcpartpicker.com/product/FbH7YJ/hp-410-slim-bluetooth-optical-mouse-4m0x5aaabl,https://cdna.pcpartpicker.com/static/forever/images/product/7819ad9b95b86d5996f9f607140908e4.256p.jpg,Optical,Bluetooth Wireless,1600,Both,Black / Silver,19.99
HP 250,https://pcpartpicker.com/product/gsMMnQ/hp-250-bluetoothwirelesswired-optical-mouse-6v2j7aaabl,https://cdna.pcpartpicker.com/static/forever/images/product/b13735602a260b767a98f066cfc8bd48.256p.jpg,Optical,"Wired, Wireless, Bluetooth Wireless",1600,Both,Black,24.39
HP OMEN Vector,https://pcpartpicker.com/product/H9mmP6/hp-omen-vector-wired-optical-mouse-8bc53aaabl,https://m.media-amazon.com/images/I/41wGaNolaDL.jpg,Optical,Wired,16000,Right,Black,
Targus AMW584GL,https://pcpartpicker.com/product/9dkWGX/targus-amw584gl-wireless-optical-mouse-amw584gl,https://cdna.pcpartpicker.com/static/forever/images/product/10acf6697d829dbee62ca47cefb26eb0.256p.jpg,Optical,Wireless,,Right,Black / Gray,42.99
Kensington Orbit,https://pcpartpicker.com/product/kxBG3C/kensington-orbit-wiredwirelessbluetooth-optical-mouse-k70991ww,https://cdna.pcpartpicker.com/static/forever/images/product/5380a354d96cd6be8cb04a2f268e7108.256p.jpg,Optical,"Wired, Wireless, Bluetooth Wireless",1600,Both,White,49.99
Kensington Orbit,https://pcpartpicker.com/product/d63gXL/kensington-orbit-wired-optical-mouse-k64327ww,https://cdna.pcpartpicker.com/static/forever/images/product/e7de7c5f8a399401f51e157f32338b43.256p.jpg,Optical,Wired,,Both,Black / Silver,
Kensington Orbit Fusion,https://pcpartpicker.com/product/6bmFf7/kensington-orbit-fusion-wirelesswired-laser-mouse-k72363ww,https://cdna.pcpartpicker.com/static/forever/images/product/a982541ef7587366b379278384c77298.256p.jpg,Laser,"Wired, Wireless",1500,Right,Black / Red,
Kensington Orbit,https://pcpartpicker.com/product/MMytt6/kensington-orbit-wired-optical-mouse-k72500ww,https://cdna.pcpartpicker.com/static/forever/images/product/c9ce4595a800f76468f65cbeb56ec5e6.256p.jpg,Optical,Wired,,Both,White,44.99
Kensington SureTrack,https://pcpartpicker.com/product/bZhmP6/kensington-suretrack-bluetoothwirelesswired-optical-mouse-k75353ww,https://cdna.pcpartpicker.com/static/forever/images/product/db2f15f3cf9b067636b0828ec7ac2fa8.256p.jpg,Optical,"Wired, Wireless, Bluetooth Wireless",4000,Both,White,
Kensington Pro Fit,https://pcpartpicker.com/product/NFbTwP/kensington-pro-fit-wired-optical-mouse-k70315ww,https://cdna.pcpartpicker.com/static/forever/images/product/79d7d77b22a4269c3771f4bf55df7aa1.256p.jpg,Optical,Wired,1600,Both,Black,29.99
Kensington K76800WW,https://pcpartpicker.com/product/GnpzK8/kensington-k76800ww-wired-optical-mouse-k76800ww,https://m.media-amazon.com/images/I/41VT7PedDHL.jpg,Optical,Wired,1000,Both,Black,
Lenovo Go,https://pcpartpicker.com/product/DpqPxr/lenovo-go-wiredbluetoothwireless-optical-mouse-gy51c21211,https://cdna.pcpartpicker.com/static/forever/images/product/e004824404bd7b387945f9bc24b43ee1.256p.jpg,Optical,"Wired, Wireless, Bluetooth Wireless",2400,Right,Gray,
Logitech M317 Chirpy Bird,https://pcpartpicker.com/product/H6ytt6/logitech-m317-chirpy-bird-wired-optical-mouse-910-006114,https://cdna.pcpartpicker.com/static/forever/images/product/7432829d6c03d7a75ee646845bacf9b5.256p.jpg,Optical,Wired,1000,Both,Pink / Green,16.98
Logitech M317,https://pcpartpicker.com/product/wfGbt6/logitech-m317-wirelesswired-optical-mouse-910-005133,https://m.media-amazon.com/images/I/41P-zrynlZL.jpg,Optical,"Wired, Wireless",,Both,Purple / Black,
Logitech M187,https://pcpartpicker.com/product/wR9wrH/logitech-m187-wirelesswired-optical-mouse-910-005360,https://cdna.pcpartpicker.com/static/forever/images/product/50a2c42516f128200ab4f27942cf094c.256p.jpg,Optical,"Wired, Wireless",1000,Both,Blue / Teal,14.99
Logitech PEBBLE M350,https://pcpartpicker.com/product/yrddnQ/logitech-pebble-m350-bluetoothwirelesswired-optical-mouse-910-006660,https://m.media-amazon.com/images/I/31DYvrcfeYL.jpg,Optical,"Wired, Wireless, Bluetooth Wireless",1000,Both,Blue,24.10
Logitech Signature M650 L,https://pcpartpicker.com/product/v7xRsY/logitech-signature-m650-l-bluetoothwirelesswired-optical-mouse-910-006232,https://m.media-amazon.com/images/I/41gDI7hi47L.jpg,Optical,"Wired, Wireless, Bluetooth Wireless",4000,Right,Blue / Black,32.95
Logitech Signature M650 L,https://pcpartpicker.com/product/qTxxFT/logitech-signature-m650-l-bluetoothwirelesswired-optical-mouse-910-006235,https://cdna.pcpartpicker.com/static/forever/images/product/635ab8a32429fb2db26c3fc60f3e44a9.256p.jpg,Optical,"Wired, Wireless, Bluetooth Wireless",4000,Left,White,
Logitech M325S,https://pcpartpicker.com/product/mHddnQ/logitech-m325s-wirelesswired-optical-mouse-910006827,https://cdna.pcpartpicker.com/static/forever/images/product/826d6a24858d87fa6b73f9592df05d1a.256p.jpg,Optical,"Wired, Wireless",1000,Both,Pink,
Logitech M325S,https://pcpartpicker.com/product/g9qPxr/logitech-m325s-wirelesswired-optical-mouse-910-006830,https://cdna.pcpartpicker.com/static/forever/images/product/276e8fe3e96cec1980a190d13e6d19a1.256p.jpg,Optical,"Wired, Wireless",1000,Both,Red / Black,22.99
Logitech M325S,https://pcpartpicker.com/product/q326Mp/logitech-m325s-wirelesswired-optical-mouse-910-006823,https://cdna.pcpartpicker.com/static/forever/images/product/88739d456c84d32f1871c82c188ea332.256p.jpg,Optical,"Wired, Wireless",1000,Both,Gray / Black,20.48
Logitech MX ANYWHERE 2S,https://pcpartpicker.com/product/rTxxFT/logitech-mx-anywhere-2s-bluetoothwirelesswired-laser-mouse-910-005132,https://cdna.pcpartpicker.com/static/forever/images/product/94520abe510dea8cb921e071a92ab53f.256p.jpg,Laser,"Wired, Wireless, Bluetooth Wireless",4000,Right,Black,
Logitech MX ANYWHERE 2S,https://pcpartpicker.com/product/2HZXsY/logitech-mx-anywhere-2s-bluetoothwirelesswired-laser-mouse-910-005151,/static/forever/img/no-image.png,Laser,"Wired, Wireless, Bluetooth Wireless",4000,Right,Teal,
Logitech MX Anywhere 3S for Business,https://pcpartpicker.com/product/dVLdnQ/logitech-mx-anywhere-3s-for-business-bluetoothwirelesswired-laser-mouse-910-006956,https://cdna.pcpartpicker.com/static/forever/images/product/5fcc1846d041aa6ec9532bfaca18d68c.256p.jpg,Laser,"Wired, Wireless, Bluetooth Wireless",8000,Right,Gray,95.35
Mad Catz R.A.T. Air,https://pcpartpicker.com/product/Hhxbt6/mad-catz-rat-air-wiredwireless-optical-mouse-mr04dhambl00,https://cdna.pcpartpicker.com/static/forever/images/product/6cbc0080fc72f841fd616bf6fec8fd1e.256p.jpg,Optical,"Wired, Wireless",12000,Right,Black,
Microsoft Arc,https://pcpartpicker.com/product/9fVmP6/microsoft-arc-bluetoothwirelesswired-optical-mouse-elg-00001,https://cdna.pcpartpicker.com/static/forever/images/product/c9b212b33929d807e2e6e58885fe1440.256p.jpg,Optical,"Wired, Wireless, Bluetooth Wireless",1000,Both,Black,87.99
Microsoft Modern Mobile,https://pcpartpicker.com/product/XFcG3C/microsoft-modern-mobile-bluetoothwirelesswired-optical-mouse-ktf-00085,https://m.media-amazon.com/images/I/31u86kWxHVL.jpg,Optical,"Wired, Wireless, Bluetooth Wireless",2000,Both,Green,
Mionix Castor Pro,https://pcpartpicker.com/product/vkKKHx/mionix-castor-pro-wired-optical-mouse-castor-pro,https://cdna.pcpartpicker.com/static/forever/images/product/6018bd5045e33e5efd5bafde54184258.256p.jpg,Optical,Wired,19000,Right,Black,
YEYIAN Links 3000,https://pcpartpicker.com/product/D77scf/yeyian-links-3000-wired-optical-mouse-ymg-24310,https://cdna.pcpartpicker.com/static/forever/images/product/43c231b5b5b7577198781173b09efab1.256p.jpg,Optical,Wired,7200,Right,Black,
JLab JBuds,https://pcpartpicker.com/product/ZmXV3C/jlab-jbuds-bluetoothwiredwireless-optical-mouse-mjbergorblk82,https://cdna.pcpartpicker.com/static/forever/images/product/1c08201463c31e0167be6c6f28fb703d.256p.jpg,Optical,"Wired, Wireless, Bluetooth Wireless",2400,Right,Black,33.99
Keychron M1,https://pcpartpicker.com/product/6GvD4D/keychron-m1-wired-optical-mouse-39505561354329,/static/forever/img/no-image.png,Optical,Wired,16000,Both,Black,
ninjutso Sora V2,https://pcpartpicker.com/product/ZdnXsY/ninjutso-sora-v2-wireless-optical-mouse-nm043,/static/forever/img/no-image.png,Optical,Wireless,26000,Right,Pink,
DeLUX M800 Ultra,https://pcpartpicker.com/product/VGfV3C/delux-m800-ultra-wirelessbluetoothwired-optical-mouse-m800ultra-blue-600mah,https://m.media-amazon.com/images/I/21vZUzIfQJL.jpg,Optical,"Wired, Wireless, Bluetooth Wireless",26000,Right,Blue,
DeLUX M800 Ultra,https://pcpartpicker.com/product/84CCmG/delux-m800-ultra-wirelessbluetoothwired-optical-mouse-m800ultra-white-600mah,/static/forever/img/no-image.png,Optical,"Wired, Wireless, Bluetooth Wireless",26000,Right,White,47.99
Pulsar X3,https://pcpartpicker.com/product/c9JBD3/pulsar-x3-wirelesswired-optical-mouse-px3r21,https://m.media-amazon.com/images/I/31Vk6YVHauL.jpg,Optical,"Wired, Wireless",32000,Right,Black,
Pulsar X3 Mini,https://pcpartpicker.com/product/y6sMnQ/pulsar-x3-mini-wirelesswired-optical-mouse-px3r11,https://m.media-amazon.com/images/I/31uOFW7bH4L.jpg,Optical,"Wired, Wireless",32000,Right,Black,
Pulsar X3 LHD Mini,https://pcpartpicker.com/product/vBbypg/pulsar-x3-lhd-mini-wirelesswired-optical-mouse-px3l11,https://cdna.pcpartpicker.com/static/forever/images/product/68ba833ce935cdab12f3d2c96b269c24.256p.jpg,Optical,"Wired, Wireless",32000,Left,Black,
MCHOSE A5 Ultra,https://pcpartpicker.com/product/gNpD4D/mchose-a5-ultra-wiredwirelessbluetooth-optical-mouse-a5-13sa,https://cdna.pcpartpicker.com/static/forever/images/product/ffe4ab102f4b1e25bef7ddc711be6044.256p.jpg,Optical,"Wired, Wireless, Bluetooth Wireless",26000,Right,White,
MCHOSE AX5 Pro Max,https://pcpartpicker.com/product/2n2j4D/mchose-ax5-pro-max-wiredwirelessbluetooth-optical-mouse-ax5-11a,/static/forever/img/no-image.png,Optical,"Wired, Wireless, Bluetooth Wireless",26000,Right,Pink,
MCHOSE G3,https://pcpartpicker.com/product/zR4Pxr/mchose-g3-wiredwirelessbluetooth-optical-mouse-g3-16a,/static/forever/img/no-image.png,Optical,"Wired, Wireless, Bluetooth Wireless",12000,Right,Black,
MCHOSE A7,https://pcpartpicker.com/product/GDwD4D/mchose-a7-wiredwirelessbluetooth-optical-mouse-mc-a7-2,/static/forever/img/no-image.png,Optical,"Wired, Wireless, Bluetooth Wireless",26000,Right,Black,
MCHOSE A7 Pro,https://pcpartpicker.com/product/Mg3WGX/mchose-a7-pro-wiredwirelessbluetooth-optical-mouse-a7-3a,https://cdna.pcpartpicker.com/static/forever/images/product/1ac0b2a72970aaf0f24b473c25a5145f.256p.jpg,Optical,"Wired, Wireless, Bluetooth Wireless",26000,Right,White,
MCHOSE A7 Pro,https://pcpartpicker.com/product/wZQwrH/mchose-a7-pro-wiredbluetooth-optical-mouse-a7-4a,/static/forever/img/no-image.png,Optical,"Wired, Bluetooth Wireless",26000,Right,Black,
MCHOSE A7 Ultra,https://pcpartpicker.com/product/c7wD4D/mchose-a7-ultra-wiredwirelessbluetooth-optical-mouse-a7-8a,/static/forever/img/no-image.png,Optical,"Wired, Wireless, Bluetooth Wireless",42000,Right,Blue,
MCHOSE L7 Pro,https://pcpartpicker.com/product/PNpD4D/mchose-l7-pro-wiredwirelessbluetooth-optical-mouse-mc-l7-4,https://cdna.pcpartpicker.com/static/forever/images/product/dd072090310850fc33c48a41876b7ac7.256p.jpg,Optical,"Wired, Wireless, Bluetooth Wireless",26000,Right,Black,
MCHOSE L7 Ultra (500mAh),https://pcpartpicker.com/product/tbpD4D/mchose-l7-ultra-500mah-wiredwirelessbluetooth-optical-mouse-mc-l7-11,/static/forever/img/no-image.png,Optical,"Wired, Wireless, Bluetooth Wireless",42000,Right,Black,
MCHOSE M7 Ultra,https://pcpartpicker.com/product/9Qy8TW/mchose-m7-ultra-wiredwirelessbluetooth-optical-mouse-mc-m7-8,/static/forever/img/no-image.png,Optical,"Wired, Wireless, Bluetooth Wireless",42000,Right,Orange,
HP X200,https://pcpartpicker.com/product/CrqNnQ/hp-x200-wireless-optical-mouse-6vy95aa,https://cdna.pcpartpicker.com/static/forever/images/product/5b26f105ac1c886e0af0ac5ca2208304.256p.jpg,Optical,Wireless,1600,Both,Black,
Pulsar Xlite v4 Mini,https://pcpartpicker.com/product/RxKnTW/pulsar-xlite-v4-mini-wirelesswired-optical-mouse-pxl411,https://cdna.pcpartpicker.com/static/forever/images/product/2a334a06cea06c7b34419dd06011efb4.256p.jpg,Optical,"Wired, Wireless",32000,Right,Black,
Kensington K72422AM,https://pcpartpicker.com/product/wzQypg/kensington-mouse-k72422am,https://cdna.pcpartpicker.com/static/forever/images/product/cbccedd1eb842d7d464862ec57b46fe4.256p.jpg,Optical,Wireless,,Right,Red,21.99
Logitech M320,https://pcpartpicker.com/product/qdCrxr/logitech-mouse-910004352,https://m.media-amazon.com/images/I/41c+4z5Ws7L.jpg,Optical,Wireless,1000,Right,Silver,19.95
Verbatim 98590,https://pcpartpicker.com/product/GK4NnQ/verbatim-mouse-98590,https://cdna.pcpartpicker.com/static/forever/images/product/6547452a885eb29952e6b5648e6fc81e.256p.jpg,Optical,Bluetooth Wireless,1600,Both,Black,18.43
Adesso iMouse M20R,https://pcpartpicker.com/product/DYsmP6/adesso-imouse-m20r-wireless-optical-mouse-m20r,https://cdna.pcpartpicker.com/static/forever/images/product/0502ba58c1b04e40b18cc33541827654.256p.jpg,Optical,Wireless,1600,Right,Red / Black,14.99
Kensington K72421AMA,https://pcpartpicker.com/product/KjTPxr/kensington-k72421ama-wireless-optical-mouse-k72421ama,https://cdna.pcpartpicker.com/static/forever/images/product/432e1384e7cf168e8ac67a18ea02ecc8.256p.jpg,Optical,Wireless,1600,Right,Blue / Black,28.91
Logitech M305,https://pcpartpicker.com/product/CKrG3C/logitech-mouse-910000928,https://m.media-amazon.com/images/I/415NyCV8uSL.jpg,Optical,Wireless,1000,Both,Silver,79.98
Microsoft Optical Mouse 200 for Business,https://pcpartpicker.com/product/JTyFf7/microsoft-mouse-35h00006,https://m.media-amazon.com/images/I/417kEB5FxqL.jpg,Optical,Wired,1000,Both,Black,32.99
Kensington K72370US,https://pcpartpicker.com/product/fRW9TW/kensington-mouse-k72370us,https://cdna.pcpartpicker.com/static/forever/images/product/529bf4e5d1f6e45837aa6842bea1701b.256p.jpg,Optical,Wireless,,,Black,19.98
Logitech M325,https://pcpartpicker.com/product/9hH323/logitech-mouse-910002651,https://cdna.pcpartpicker.com/static/forever/images/product/45c0335f187b060d87ce6c5d188520cf.256p.jpg,Optical,Wireless,,Both,Red,
Saitek GM2400,https://pcpartpicker.com/product/bbMFf7/saitek-mouse-pm40a,/static/forever/img/no-image.png,Laser,Wired,2400,,Gray,
Targus AMW50US,https://pcpartpicker.com/product/g96BD3/targus-mouse-amw50us,https://cdna.pcpartpicker.com/static/forever/images/product/ecbd41daeb68994e09a5d107b90a3928.256p.jpg,Optical,Wireless,800,Both,Black / Gray,21.99
A4Tech G11-570HX-4,https://pcpartpicker.com/product/Bmw323/a4tech-mouse-g11570hx4,https://cdna.pcpartpicker.com/static/forever/images/product/17130a4b4762dcd44f30f709f5e1bcd5.med.256p.jpg,Optical,Wireless,2000,Right,Black / Red,19.98
GAMDIAS APOLLO,https://pcpartpicker.com/product/Vtckcf/gamdias-mouse-gms5101,https://images-na.ssl-images-amazon.com/images/I/41e82cE9d%2BL.jpg,Optical,Wired,3200,Right,Black,
Logitech M535,https://pcpartpicker.com/product/zJbkcf/logitech-mouse-910004432,https://images-eu.ssl-images-amazon.com/images/I/31BtzWJcG1L.jpg,Optical,Bluetooth Wireless,,Both,Blue,23.04
Kensington K72359WW,https://pcpartpicker.com/product/n7x2FT/kensington-k72359ww-wireless-optical-mouse-k72359ww,https://cdna.pcpartpicker.com/static/forever/images/product/e0ef309e8e79fb924095958a753260c9.256p.jpg,Optical,Wireless,,Both,Black / Red,86.37
Adesso IMOUSE X3,https://pcpartpicker.com/product/3xw7YJ/adesso-imouse-x3-wired-optical-mouse-imouse-x3,https://cdna.pcpartpicker.com/static/forever/images/product/845b796ea93dcebff3c3b9cc693eb205.256p.jpg,Optical,Wired,6400,Right,Black / Gold,
Fellowes Penguin Small,https://pcpartpicker.com/product/9z448d/fellowes-penguin-small-wireless-laser-mouse-9894901,https://cdna.pcpartpicker.com/static/forever/images/product/fd50439227055ef283ef83acb8e2224b.256p.jpg,Laser,Wireless,1200,Both,Black / Silver,175.45
HP OMEN Photon,https://pcpartpicker.com/product/m2848d/hp-omen-photon-wireless-laser-mouse-6cl96aaabl,https://cdna.pcpartpicker.com/static/forever/images/product/b331b5ea1a08711b262a1638633cf753.256p.jpg,Laser,Wireless,8200,Right,Black / Red,
Verbatim 70243,https://pcpartpicker.com/product/jt9tt6/verbatim-70243-wireless-laser-mouse-70243,https://cdna.pcpartpicker.com/static/forever/images/product/c5b2b398905a0ea2cbb3ff56fbea9362.256p.jpg,Laser,Wireless,1600,Right,Red / Black,
Cooler Master MM731,https://pcpartpicker.com/product/x8kWGX/cooler-master-mm731-wireless-optical-mouse-mm-731-wwoh1,https://cdna.pcpartpicker.com/static/forever/images/product/94306570c05d8e62de368bd65c195cf1.256p.jpg,Optical,Wireless,19000,Right,White / Gray,45.72
Razer Orochi V2 Strike,https://pcpartpicker.com/product/KWxRsY/razer-orochi-v2-strike-wireless-optical-mouse-rz01-03731000-r3u1,https://m.media-amazon.com/images/I/41S2LLVl0pL.jpg,Optical,Wireless,18000,Right,Black / Gray,102.00
Logitech POP Daydream,https://pcpartpicker.com/product/gcXJ7P/logitech-pop-daydream-bluetoothwireless-optical-mouse-910-006544,https://cdna.pcpartpicker.com/static/forever/images/product/0feeeb4377372c706cd6aa14f730b219.256p.jpg,Optical,"Wireless, Bluetooth Wireless",4000,Both,Purple / Green,24.00
AZIO RM-RCM-L-02,https://pcpartpicker.com/product/Lnhv6h/azio-rm-rcm-l-02-bluetoothwirelesswired-optical-mouse-rm-rcm-l-02,https://m.media-amazon.com/images/I/31hl4htnuOL.jpg,Optical,"Wired, Wireless, Bluetooth Wireless",3000,Both,White / Pink,101.84
VisionTek OCPC MR44,https://pcpartpicker.com/product/ZDxxFT/visiontek-ocpc-mr44-wired-optical-mouse-901541,https://cdna.pcpartpicker.com/static/forever/images/product/a4b9a479c8b8ef591e053d41d0b62d86.256p.jpg,Optical,Wired,16000,Right,Black / Red,40.00
Dell MS3320W,https://pcpartpicker.com/product/WWC48d/dell-ms3320w-wiredwirelessbluetooth-optical-mouse-ms3220blk,https://cdna.pcpartpicker.com/static/forever/images/product/606bce5fafc8b4b3f1b73a3e63e65c59.256p.jpg,Optical,"Wired, Wireless, Bluetooth Wireless",1600,Both,Black,17.94
Dell MS3320W,https://pcpartpicker.com/product/HPNxFT/dell-ms3320w-wiredwirelessbluetooth-optical-mouse-ms3220gy,https://m.media-amazon.com/images/I/312LMblpNRL.jpg,Optical,"Wired, Wireless, Bluetooth Wireless",1600,Both,Gray,27.80
IOGEAR SYMMETRE II,https://pcpartpicker.com/product/FbQcCJ/iogear-symmetre-ii-wired-optical-mouse-gme640,https://cdna.pcpartpicker.com/static/forever/images/product/9486bd0dcf0ac2f969119865fca609cc.256p.jpg,Optical,Wired,16000,Both,Black,
Microsoft 222-00017,https://pcpartpicker.com/product/kWGbt6/microsoft-222-00017-bluetoothwirelesswired-optical-mouse-222-00017,https://cdna.pcpartpicker.com/static/forever/images/product/ece22fd51e02b13bc7df858762f154b5.256p.jpg,Optical,"Wired, Wireless, Bluetooth Wireless",2400,Right,White,
Endgame Gear XM2w 4k,https://pcpartpicker.com/product/BTHp99/endgame-gear-xm2w-4k-wiredwireless-optical-mouse-egg-xm2w-4k-wf,https://cdna.pcpartpicker.com/static/forever/images/product/86ab20a38b8af69eee2df5f029db88cf.256p.jpg,Optical,"Wired, Wireless",26000,Right,White / Gray,59.99
Gigabyte GM-M8000X,https://pcpartpicker.com/product/6KrG3C/gigabyte-mouse-gmm8000x,https://m.media-amazon.com/images/I/41VrJafmKdL.jpg,Laser,Wired,6000,,Black,
Razer Orochi,https://pcpartpicker.com/product/496BD3/razer-mouse-rz0100300100r3u1,https://m.media-amazon.com/images/I/31w4YWIJc3L.jpg,Laser,Bluetooth Wireless,4000,Both,Black,
Gigabyte GM-M8600,https://pcpartpicker.com/product/JPrG3C/gigabyte-mouse-gmm8600,https://m.media-amazon.com/images/I/31d0DnDSe5L.jpg,Laser,Wireless,5600,,Black,
Razer Naga Epic,https://pcpartpicker.com/product/HnDwrH/razer-mouse-rz0100510100r3u1,https://m.media-amazon.com/images/I/317sffB8r2L.jpg,Laser,Wireless,5600,,Black,
Gigabyte GM-M6880,https://pcpartpicker.com/product/tNCwrH/gigabyte-mouse-gmm6880,https://m.media-amazon.com/images/I/21t3imHs6vL.jpg,Laser,Wired,1600,,Black,
Razer Mamba 2012 Elite,https://pcpartpicker.com/product/wpckcf/razer-mouse-rz0100120400r3u1,https://m.media-amazon.com/images/I/31hBkOYPpKL.jpg,Laser,Wireless,6400,Right,Black,
Cooler Master CM Storm Spawn,https://pcpartpicker.com/product/QLQypg/cooler-master-mouse-sgm2000mlon1,https://m.media-amazon.com/images/I/41G1lJEXwuL.jpg,Optical,Wired,3500,Right,Black / Red,
Razer Imperator 2012 ,https://pcpartpicker.com/product/2YjG3C/razer-mouse-rz0100350200r3u1,https://images-na.ssl-images-amazon.com/images/I/41RGGMLzA3L.jpg,Laser,Wired,6400,Right,Black,
Thermaltake MO-BLK002DT,https://pcpartpicker.com/product/mQJwrH/thermaltake-mouse-moblk002dt,https://images-na.ssl-images-amazon.com/images/I/41dncVPmZlL.jpg,Laser,Wired,4000,Right,Black,
Thermaltake MO-BLE001DT,https://pcpartpicker.com/product/8zDwrH/thermaltake-mouse-moble001dt,https://m.media-amazon.com/images/I/41j-JldopEL.jpg,Laser,Wired,6500,Both,Black,
Razer Spectre StarCraft II,https://pcpartpicker.com/product/bGCwrH/razer-mouse-rz0100430100r3u1,https://images-na.ssl-images-amazon.com/images/I/41gXDdpfmkL.jpg,Laser,Wired,5600,,Silver,
Thermaltake MO-ARS003DTD,https://pcpartpicker.com/product/xWh9TW/thermaltake-mouse-moars003dtd,https://m.media-amazon.com/images/I/319QnTIiA6L.jpg,Optical,Wired,1600,Both,Black,
Gigabyte GM-M6980,https://pcpartpicker.com/product/6msKHx/gigabyte-mouse-gmm6980,https://m.media-amazon.com/images/I/21zh0myciYL.jpg,Laser,Wired,2000,Right,Black,
Razer ABYSSUS,https://pcpartpicker.com/product/YbMFf7/razer-mouse-rz0100360100r3u1,https://m.media-amazon.com/images/I/41JJstXjUDL.jpg,Optical,Wired,3500,Both,Black,
Cooler Master CM Storm Inferno,https://pcpartpicker.com/product/trFPxr/cooler-master-mouse-sgm4000klln1gp,https://m.media-amazon.com/images/I/31VY7paSdrL.jpg,Laser,Wired,4000,Right,Black,
Razer Naga Molten,https://pcpartpicker.com/product/Lfbp99/razer-mouse-rz0100280500r3m1,https://m.media-amazon.com/images/I/519hXmqegSL.jpg,Laser,Wired,5600,,Black,
Razer Imperator,https://pcpartpicker.com/product/fDW9TW/razer-mouse-rz0100350100r3u1,https://images-na.ssl-images-amazon.com/images/I/41Ff1w8fZHL.jpg,Laser,Wired,5600,Right,Black,
Microsoft SideWinder X3,https://pcpartpicker.com/product/NBV48d/microsoft-mouse-uuc00001,https://images-eu.ssl-images-amazon.com/images/I/41Xpv0XfexL.jpg,Laser,Wired,2000,Both,Black / Silver,
Microsoft B5W-00001,https://pcpartpicker.com/product/rhH323/microsoft-mouse-b5w00001b,/static/forever/img/no-image.png,Laser,Wireless,,Both,Silver,
Logitech M505,https://pcpartpicker.com/product/DmsKHx/logitech-mouse-910001326,https://m.media-amazon.com/images/I/41IRxOCAxFL.jpg,Laser,Wireless,,Both,Black / Red,
Gigabyte GM-ECO600,https://pcpartpicker.com/product/cyCwrH/gigabyte-mouse-gmeco600,https://m.media-amazon.com/images/I/419YaoPtWlL.jpg,Laser,Wireless,1600,Right,Black,
Logitech M310,https://pcpartpicker.com/product/KdR48d/logitech-mouse-910002485,https://images-na.ssl-images-amazon.com/images/I/41D9VO6eqqL.jpg,Laser,Wireless,,Both,Silver,
Rosewill RM-2400L,https://pcpartpicker.com/product/VbMFf7/rosewill-mouse-rm2400l,https://images-eu.ssl-images-amazon.com/images/I/41hv6tBv%2BFL.jpg,Laser,Wired,2400,,Black / Silver,
HP GW405AA,https://pcpartpicker.com/product/PGCwrH/hp-mouse-gw405aa,https://m.media-amazon.com/images/I/31E6P8KTahL.jpg,Laser,Wired,,,Black,
Logitech Anywhere,https://pcpartpicker.com/product/zCYXsY/logitech-mouse-910000872,https://m.media-amazon.com/images/I/41NhPAdIGkL.jpg,Laser,Wireless,,Right,Black,
Razer Lachesis,https://pcpartpicker.com/product/YqFPxr/razer-mouse-rz0100170500r3u1,https://cdna.pcpartpicker.com/static/forever/images/product/6ee675b983d8ad1ad8fb0ad57f6d4eb3.256p.jpg,Laser,Wired,5600,Right,Black,
Razer Orochi,https://pcpartpicker.com/product/zjFPxr/razer-mouse-rz0100300200r3m1,https://m.media-amazon.com/images/I/419ZPCcNS1L.jpg,Laser,Bluetooth Wireless,4000,Right,Black,
Logitech M500,https://pcpartpicker.com/product/TtGkcf/logitech-mouse-910001204,https://cdna.pcpartpicker.com/static/forever/images/product/b75ab713ecd6f4d12e84dee88e90083f.256p.jpg,Laser,Wired,1000,Right,Black,
Logitech M505,https://pcpartpicker.com/product/HQJwrH/logitech-mouse-910001321,https://m.media-amazon.com/images/I/419j3XQkFQL.jpg,Laser,Wireless,,Both,Black,
V7 M42N01-7N,https://pcpartpicker.com/product/RHyFf7/v7-mouse-m42n017n,/static/forever/img/no-image.png,Laser,Wireless,1200,Both,Black,
Kensington SlimBlade,https://pcpartpicker.com/product/PcphP6/kensington-mouse-k72334us,https://m.media-amazon.com/images/I/41KR1dnzLCL.jpg,Laser,Wireless,,Both,Black,
Gigabyte GM-M7700,https://pcpartpicker.com/product/7ZYXsY/gigabyte-mouse-gmm7700,https://m.media-amazon.com/images/I/41RsUfSwc-L.jpg,Laser,Wireless,1600,,Black,
Logitech M310,https://pcpartpicker.com/product/sWh9TW/logitech-mouse-910002486,https://m.media-amazon.com/images/I/415V6zC9DgL.jpg,Laser,Wireless,,Both,Red,17.98
Gigabyte GM-M7700,https://pcpartpicker.com/product/bdR48d/gigabyte-mouse-gmm7700wht,/static/forever/img/no-image.png,Laser,Wireless,1600,Right,White,
Sony VGPBMS10/B,https://pcpartpicker.com/product/DKrG3C/sony-mouse-vgpbms10b,/static/forever/img/no-image.png,Laser,Bluetooth Wireless,800,Both,Black,
Gear Head LM6000U,https://pcpartpicker.com/product/jLQypg/gear-head-mouse-lm6000u,https://images-na.ssl-images-amazon.com/images/I/41pSmXRGyeL.jpg,Laser,Wired,1600,Both,Black,
Lenovo 41U3074,https://pcpartpicker.com/product/GwsKHx/lenovo-mouse-41u3074,https://cdna.pcpartpicker.com/static/forever/images/product/33cf6eb4b2c6e6f2bf5e2665ee856f4f.256p.jpg,Laser,Wired,2000,Both,Black,
Logitech M505,https://pcpartpicker.com/product/Fpckcf/logitech-mouse-910001316,https://m.media-amazon.com/images/I/417dKOtkNRL.jpg,Laser,Wireless,,Both,Silver,
Logitech M310,https://pcpartpicker.com/product/8msKHx/logitech-mouse-910002482,https://m.media-amazon.com/images/I/51Soh8Mml4L.jpg,Laser,Wireless,,Both,Black / Blue,
Logitech M310,https://pcpartpicker.com/product/ZjFPxr/logitech-mouse-910002483,https://images-na.ssl-images-amazon.com/images/I/51KtPrOZWfL.jpg,Laser,Wireless,,Both,Blue,
Logitech M310,https://pcpartpicker.com/product/mBV48d/logitech-mouse-910002484,https://images-na.ssl-images-amazon.com/images/I/51eIWqCG%2BpL.jpg,Laser,Wireless,,Both,Black / Silver,
Sony VGP-BMS77,https://pcpartpicker.com/product/nMkD4D/sony-mouse-vgpbms77,https://m.media-amazon.com/images/I/41-ctW1ep2L.jpg,Laser,Bluetooth Wireless,1600,Both,Black / Silver,
Syba CL-MOU23013,https://pcpartpicker.com/product/F3TmP6/syba-mouse-clmou23013,https://cdna.pcpartpicker.com/static/forever/images/product/b06cb4cd4b32d615778bc84cd1bc4b1d.256p.jpg,Laser,Wireless,1600,Both,Black / Red,
Microsoft B5W-00014,https://pcpartpicker.com/product/sPrG3C/microsoft-mouse-b5w00014oem,/static/forever/img/no-image.png,Laser,Wireless,,Both,Black,
Logitech M310,https://pcpartpicker.com/product/vvJwrH/logitech-mouse-910002480,https://m.media-amazon.com/images/I/51gsoDr2Q2L.jpg,Laser,Wireless,,Both,Black / Gold,
Kensington K72258US,https://pcpartpicker.com/product/jqFPxr/kensington-mouse-k72258us,/static/forever/img/no-image.png,Optical,Wireless,,Both,Black,
Microsoft JUD-00001,https://pcpartpicker.com/product/RhH323/microsoft-mouse-jud00001,https://m.media-amazon.com/images/I/31HZ9d3MolL.jpg,Optical,Wired,,,Black,
Logitech M305,https://pcpartpicker.com/product/zHyFf7/logitech-mouse-910001777,https://images-na.ssl-images-amazon.com/images/I/41sM98G3ONL.jpg,Optical,Wireless,,Both,Black / Pink,99.99
V7 M30P20-7N,https://pcpartpicker.com/product/g4bp99/v7-mouse-m30p207n,https://m.media-amazon.com/images/I/41L+5D7K4nL.jpg,Optical,Wired,1000,Both,Black,
Microsoft Basic,https://pcpartpicker.com/product/ByCwrH/microsoft-mouse-p5800027,https://m.media-amazon.com/images/I/219z3rpN-JL.jpg,Optical,Wired,,Both,Black,
V7 M30P10-7N,https://pcpartpicker.com/product/tRW9TW/v7-mouse-m30p107n,https://m.media-amazon.com/images/I/31I4Uyysc-L.jpg,Optical,Wired,1000,Both,Black,
Microsoft P58-00032,https://pcpartpicker.com/product/TjFPxr/microsoft-mouse-p5800032,https://images-na.ssl-images-amazon.com/images/I/31XDa3rWmgL.jpg,Optical,Wired,,Both,White,
Microsoft 3000,https://pcpartpicker.com/product/hZYXsY/microsoft-mouse-d1t00011,https://cdna.pcpartpicker.com/static/forever/images/product/f752a8517f0f1bce857f9611fd09a1ca.256p.jpg,Optical,Wired,,Both,Silver / Blue,
Microsoft 4YH-00002,https://pcpartpicker.com/product/CMkD4D/microsoft-mouse-4yh00002,https://m.media-amazon.com/images/I/41y6FBdk-RL.jpg,Optical,Wired,,,White,
Rosewill RM-C2P,https://pcpartpicker.com/product/XWh9TW/rosewill-mouse-rmc2p,https://m.media-amazon.com/images/I/31YzsxWosTL.jpg,Optical,Wired,800,Both,Black,
Logitech M305,https://pcpartpicker.com/product/P7Lypg/logitech-mouse-910002463,https://m.media-amazon.com/images/I/41+eP+nihVL.jpg,Optical,Wireless,1000,Both,Black / Red,
Microsoft 4YH-00001,https://pcpartpicker.com/product/NZYXsY/microsoft-mouse-4yh00001,https://cdna.pcpartpicker.com/static/forever/images/product/48e72799868c7909a5392a71796d3cca.256p.jpg,Optical,Wired,,,Black,
Logitech M305,https://pcpartpicker.com/product/JNCwrH/logitech-mouse-910002469,https://m.media-amazon.com/images/I/41dttf8DCKL.jpg,Optical,Wireless,1000,Both,Black / Purple,
Microsoft Optical Mouse 200 for Business,https://pcpartpicker.com/product/fCYXsY/microsoft-mouse-35h00005,https://m.media-amazon.com/images/I/31HHvFd7UaL.jpg,Optical,Wired,1000,Both,White,
Microsoft D1T-00002,https://pcpartpicker.com/product/pVphP6/microsoft-mouse-d1t00002oem,/static/forever/img/no-image.png,Optical,Wired,,Both,Silver,
Microsoft Compact Optical Mouse for Business,https://pcpartpicker.com/product/ZvJwrH/microsoft-mouse-4hh00001,https://m.media-amazon.com/images/I/41JzBB+ptbL.jpg,Optical,Wired,800,Both,Black,29.99
Kensington K72358US,https://pcpartpicker.com/product/gCYXsY/kensington-mouse-k72358us,https://m.media-amazon.com/images/I/31-iYgDAnfL.jpg,Optical,Wired,,Both,Black,
Kingwin KW-02,https://pcpartpicker.com/product/WwsKHx/kingwin-mouse-kw02,/static/forever/img/no-image.png,Optical,Wired,800,Both,Black,
Logitech M305,https://pcpartpicker.com/product/KNCwrH/logitech-mouse-910002465,https://m.media-amazon.com/images/I/51GAdHBeM3L.jpg,Optical,Wireless,1000,Both,Black / Silver,99.99
Kingwin KW-06,https://pcpartpicker.com/product/mJrG3C/kingwin-mouse-kw06,https://images-na.ssl-images-amazon.com/images/I/41rG-2RlmsL.jpg,Optical,Wireless,1600,Right,Black,
Gear Head MP2500PUR,https://pcpartpicker.com/product/kzDwrH/gear-head-mouse-mp2500pur,/static/forever/img/no-image.png,Optical,Wireless,,,Purple,
Gigabyte GM-M5050S,https://pcpartpicker.com/product/RyCwrH/gigabyte-mouse-gmm5050s,https://m.media-amazon.com/images/I/31HcN16F3PL.jpg,Optical,Wired,800,Both,Black,
Gear Head MP2650BLU,https://pcpartpicker.com/product/bcphP6/gear-head-mouse-mp2650blu,https://m.media-amazon.com/images/I/41dqGJMT7OL.jpg,Optical,Wireless,,,Blue,
Microsoft BX3-00001,https://pcpartpicker.com/product/Qgg323/microsoft-mouse-bx300001oem,/static/forever/img/no-image.png,Optical,Wireless,,Both,Silver / Blue,
Gear Head MP2950PUR,https://pcpartpicker.com/product/WyCwrH/gear-head-mouse-mp2950pur,https://m.media-amazon.com/images/I/31uSGpgbwrL.jpg,Optical,Wireless,,,Purple,
Asus Eee PC Seashell,https://pcpartpicker.com/product/q96BD3/asus-mouse-seashellwhite,https://m.media-amazon.com/images/I/31HyH8UCmLL.jpg,Optical,Wired,,Both,White,
Kensington K72121,https://pcpartpicker.com/product/6yCwrH/kensington-mouse-72121,/static/forever/img/no-image.png,Optical,Wired,800,Both,White / Gray,
Microsoft BX3-00008,https://pcpartpicker.com/product/XZYXsY/microsoft-mouse-bx300008oem,/static/forever/img/no-image.png,Optical,Wireless,,Both,Gray,
Kensington 72213,https://pcpartpicker.com/product/jbMFf7/kensington-mouse-72213,https://m.media-amazon.com/images/I/21+atkXDNCL.jpg,Optical,Wired,,Both,Silver,14.95
Microsoft Basic,https://pcpartpicker.com/product/dfbp99/microsoft-mouse-p5800027s,/static/forever/img/no-image.png,Optical,Wired,,Both,Black,
Syba CL-MOU23009,https://pcpartpicker.com/product/ZGCwrH/syba-mouse-clmou23009,https://m.media-amazon.com/images/I/31CuL6o2RAL.jpg,Optical,Wireless,1600,Both,White,
Logitech M305,https://pcpartpicker.com/product/NDW9TW/logitech-mouse-910002081,https://m.media-amazon.com/images/I/41h4UAjLuDL.jpg,Optical,Wireless,1000,Both,Black / Blue,
Syba CL-MOU23008,https://pcpartpicker.com/product/W6H323/syba-mouse-clmou23008,https://m.media-amazon.com/images/I/31kP7oYoliL.jpg,Optical,Wireless,1600,Right,Black / Gray,
Kensington K72401US,https://pcpartpicker.com/product/hGCwrH/kensington-mouse-k72401us,https://m.media-amazon.com/images/I/41ON3kwAd5L.jpg,Optical,Wireless,1000,Right,Black,
Gear Head MP2750RED,https://pcpartpicker.com/product/9BV48d/gear-head-mouse-mp2750red,https://m.media-amazon.com/images/I/41Ity4qK4IL.jpg,Optical,Wireless,,,Red,
Kensington K72121F,https://pcpartpicker.com/product/3BV48d/kensington-mouse-k72121f,/static/forever/img/no-image.png,Optical,Wired,,Both,Black / Silver,
V7 M30T10-7N,https://pcpartpicker.com/product/3dR48d/v7-mouse-m30t107n,https://images-na.ssl-images-amazon.com/images/I/31u8RlBY%2B1L.jpg,Optical,Wired,1000,Both,Black,
Kingwin KW-05,https://pcpartpicker.com/product/QMkD4D/kingwin-mouse-kw05,/static/forever/img/no-image.png,Optical,Wireless,1600,Both,Black,
Microsoft U81-00009,https://pcpartpicker.com/product/xtGkcf/microsoft-mouse-u8100009,https://images-na.ssl-images-amazon.com/images/I/313VME2Z87L.jpg,Optical,Wired,,Both,Black,
Toshiba PA3678U-1ETS,https://pcpartpicker.com/product/qVphP6/toshiba-mouse-pa3678u1ets,https://m.media-amazon.com/images/I/21+MMLgdVtL.jpg,Optical,Wired,800,,Silver / Black,
Gigabyte GM-M6900,https://pcpartpicker.com/product/WPrG3C/gigabyte-mouse-gmm6900,https://cdna.pcpartpicker.com/static/forever/images/product/058b95b070dc29a208bcb26f19d573db.256p.jpg,Optical,Wired,3200,Right,Black,
Microsoft 69J-00002,https://pcpartpicker.com/product/CqFPxr/microsoft-mouse-69j00002oem,/static/forever/img/no-image.png,Optical,Wireless,,Both,Black / Silver,
Syba CL-MOU23001,https://pcpartpicker.com/product/zWh9TW/syba-mouse-clmou23001,https://m.media-amazon.com/images/I/31oeOtx4vFL.jpg,Optical,Wireless,1600,Right,Black,
Microsoft B2P-00006 OEM,https://pcpartpicker.com/product/M2yFf7/microsoft-mouse-b2p00006oem,/static/forever/img/no-image.png,Optical,Wireless,,Both,Gray,
Syba CL-MOU23014,https://pcpartpicker.com/product/B4bp99/syba-mouse-clmou23014,/static/forever/img/no-image.png,Optical,Bluetooth Wireless,1200,Both,Black,
Logitech V220,https://pcpartpicker.com/product/GtGkcf/logitech-mouse-910000153,https://m.media-amazon.com/images/I/3101YCfHfNL.jpg,Optical,Wireless,1000,Both,Gray,
Gear Head MP2350BLK,https://pcpartpicker.com/product/ZrFPxr/gear-head-mouse-mp2350blk,/static/forever/img/no-image.png,Optical,Wireless,,Both,Black,
Gear Head OM4500WT,https://pcpartpicker.com/product/jsGkcf/gear-head-mouse-om4500wt,/static/forever/img/no-image.png,Optical,Wireless,,Right,Silver,
Gigabyte GM-M7580,https://pcpartpicker.com/product/NWh9TW/gigabyte-mouse-gmm7580,https://m.media-amazon.com/images/I/31ahXVNQ1wL.jpg,Optical,Wireless,1000,Both,Black,
Syba CL-MOU23016,https://pcpartpicker.com/product/kRW9TW/syba-mouse-clmou23016,https://m.media-amazon.com/images/I/31IgeupttjL.jpg,Optical,Wireless,1600,Both,White,
Microsoft P58-00001,https://pcpartpicker.com/product/LjFPxr/microsoft-mouse-p5800001,https://cdna.pcpartpicker.com/static/forever/images/product/a2599e62ecfb6c2f310cd19dd6ea2192.256p.jpg,Optical,Wired,,Both,White,
Logitech M305,https://pcpartpicker.com/product/9Xckcf/logitech-mouse-910002462,https://m.media-amazon.com/images/I/518LLu87jHL.jpg,Optical,Wireless,1000,Both,Black / Blue,
Gear Head MP2100BLU,https://pcpartpicker.com/product/ssGkcf/gear-head-mouse-mp2100blu,https://images-na.ssl-images-amazon.com/images/I/41u5KDnNQ3L.jpg,Optical,Wireless,,Both,Black / Blue,
Gear Head MPT3200RED,https://pcpartpicker.com/product/vmsKHx/gear-head-mouse-mpt3200red,https://m.media-amazon.com/images/I/41RsdocGyTL.jpg,Optical,Wireless,,,Red,
Logitech B120,https://pcpartpicker.com/product/QBV48d/logitech-mouse-910001802,https://m.media-amazon.com/images/I/31ucVRthICL.jpg,Optical,Wired,800,,Black,
Gear Head MPT3300BLK,https://pcpartpicker.com/product/XF2kcf/gear-head-mouse-mpt3300blk,https://images-na.ssl-images-amazon.com/images/I/41v7nolS-pL.jpg,Optical,Wireless,,,Black,
Kingwin KW-03,https://pcpartpicker.com/product/t4bp99/kingwin-mouse-kw03,/static/forever/img/no-image.png,Optical,Wired,800,Both,Silver / Black,
Gear Head OM3700UP,https://pcpartpicker.com/product/hBV48d/gear-head-mouse-om3700up,https://images-na.ssl-images-amazon.com/images/I/41yVpZbl0tL.jpg,Optical,Wired,,Both,Black / White,
Razer DeathAdder - Transformers 3 Collectors Edition - Megatron,https://pcpartpicker.com/product/y3TmP6/razer-mouse-rz0100152700r3u1,https://images-na.ssl-images-amazon.com/images/I/41E1PUll0UL.jpg,Optical,Wired,3500,Right,Silver,
Razer Abyssus Mirror Special Edition,https://pcpartpicker.com/product/N2yFf7/razer-mouse-rz0100360500r3m1,https://images-na.ssl-images-amazon.com/images/I/31nc0inNyNL.jpg,Optical,Wired,3500,,Black,
Razer DeathAdder - Transformers 3 Collectors Edition - Bumblebee,https://pcpartpicker.com/product/TDW9TW/razer-mouse-rz0100152800r3u1,/static/forever/img/no-image.png,Optical,Wired,3500,Right,Yellow,
NZXT Avatar S,https://pcpartpicker.com/product/sjFPxr/nzxt-mouse-avatarswb,/static/forever/img/no-image.png,Laser,Wired,1600,Both,White,
Razer DeathAdder - Transformers 3 Collectors Edition - Shockwave,https://pcpartpicker.com/product/jhH323/razer-mouse-rz0100152900r3u1,/static/forever/img/no-image.png,Optical,Wired,3500,Right,Purple,
NZXT Avatar S,https://pcpartpicker.com/product/yQJwrH/nzxt-mouse-avatarsblk,/static/forever/img/no-image.png,Laser,Wired,1600,Both,Black,
Razer DeathAdder - Transformers 3 Collectors Edition - Optimus Prime,https://pcpartpicker.com/product/6LQypg/razer-mouse-rz0100152600r3u1,/static/forever/img/no-image.png,Optical,Wired,3500,Right,Red,
Cooler Master SGM-6001-GLLW1,https://pcpartpicker.com/product/Fx3RsY/cooler-master-mouse-sgm6001gllw1,https://images-na.ssl-images-amazon.com/images/I/41%2B3Sbu0RqL.jpg,Laser,Wired,5600,Right,Black / Gray,
Zalman FG1000,https://pcpartpicker.com/product/2ZYXsY/zalman-mouse-fg1000,https://m.media-amazon.com/images/I/41MnLDCGILL.jpg,Optical,Wired,2000,Right,Black,
Microsoft Mobile Mouse 3500,https://pcpartpicker.com/product/wCYXsY/microsoft-mouse-gmf00014,https://m.media-amazon.com/images/I/415ENS1DY3L.jpg,Optical,Wireless,,Both,Blue,
Kensington Pro Fit,https://pcpartpicker.com/product/yLQypg/kensington-mouse-k72354us,https://cdna.pcpartpicker.com/static/forever/images/product/4c1c450859ccd88a836e4f2ee80bf4a9.256p.jpg,Optical,Wireless,,Right,Black,
Logitech M305,https://pcpartpicker.com/product/XhH323/logitech-mouse-910001898,https://m.media-amazon.com/images/I/51DEatWPpML.jpg,Optical,Wireless,1000,Both,Black / White,
Logitech M305,https://pcpartpicker.com/product/C96BD3/logitech-mouse-910001896,/static/forever/img/no-image.png,Optical,Wireless,1000,,Green,
Logitech M305,https://pcpartpicker.com/product/qwsKHx/logitech-mouse-910001895,https://images-na.ssl-images-amazon.com/images/I/41zWWvl4kuL.jpg,Optical,Wireless,1000,,Black / Red,
Microsoft Mobile Mouse 3500,https://pcpartpicker.com/product/MrFPxr/microsoft-mouse-gmf00010,https://cdna.pcpartpicker.com/static/forever/images/product/fc68b6be12fc844a455a6e4b97db7ea2.256p.jpg,Optical,Wireless,,Both,Gray,109.99
Microsoft Wireless Mobile Mouse 6000,https://pcpartpicker.com/product/GVphP6/microsoft-mouse-mhc00019,https://m.media-amazon.com/images/I/41+zbJlSLWL.jpg,Optical,Wireless,,Both,Red,
Microsoft 36D-00001,https://pcpartpicker.com/product/LHyFf7/microsoft-mouse-36d00001,https://m.media-amazon.com/images/I/41y9jbG0qEL.jpg,Optical,Wireless,,Both,Black / Gray,
Microsoft Wireless Mobile Mouse 4000,https://pcpartpicker.com/product/42yFf7/microsoft-mouse-d5d00054,https://m.media-amazon.com/images/I/41SNJ1HoNOL.jpg,Optical,Wireless,,,Black / Red,
Logitech M515,https://pcpartpicker.com/product/GHyFf7/logitech-mouse-910001842,https://m.media-amazon.com/images/I/41m4q3U+WSL.jpg,Optical,Wireless,,,Black / Blue,
Microsoft Wireless Mobile Mouse 4000 Studio Series,https://pcpartpicker.com/product/9vJwrH/microsoft-mouse-d5d00066,https://m.media-amazon.com/images/I/41y5BKTgujL.jpg,Optical,Wireless,,,Black / Blue,
Microsoft Mobile Mouse 3500,https://pcpartpicker.com/product/yyCwrH/microsoft-mouse-gmf00013,https://m.media-amazon.com/images/I/41X60tRjnHL.jpg,Optical,Wireless,,Both,Black / Red,
Logitech M305,https://pcpartpicker.com/product/cF2kcf/logitech-mouse-910001752,https://m.media-amazon.com/images/I/41XASNa4nZL.jpg,Optical,Wireless,1000,,Black,
Microsoft Wireless Mobile Mouse 4000 Studio Series,https://pcpartpicker.com/product/3jFPxr/microsoft-mouse-d5d00067,https://images-na.ssl-images-amazon.com/images/I/51Rf4bIXYPL.jpg,Optical,Wireless,,,Black / Pink,
V7 M32N00-7N,https://pcpartpicker.com/product/brFPxr/v7-mouse-m32n007n,/static/forever/img/no-image.png,Optical,Wireless,1000,,Black,
Kensington K72349US,https://pcpartpicker.com/product/mRW9TW/kensington-mouse-k72349us,https://m.media-amazon.com/images/I/319xgWF7uwL.jpg,Optical,Wireless,,Both,Gray,
Microsoft MGC-00001,https://pcpartpicker.com/product/JqFPxr/microsoft-mouse-mgc00001,https://images-na.ssl-images-amazon.com/images/I/41QFcRnPSaL.jpg,Optical,Wireless,1000,Both,Black,
V7 M51T00-7N,https://pcpartpicker.com/product/6PrG3C/v7-mouse-m51t007n,https://images-na.ssl-images-amazon.com/images/I/41Wx9Jiu14L.jpg,Optical,Wireless,1000,Both,Black,
Microsoft D5D-00025,https://pcpartpicker.com/product/ZqFPxr/microsoft-mouse-d5d00025,https://images-na.ssl-images-amazon.com/images/I/41rD2qnU4vL.jpg,Optical,Wireless,,,Blue,
Microsoft Mobile Mouse 3500,https://pcpartpicker.com/product/sx3RsY/microsoft-mouse-gmf00015,https://m.media-amazon.com/images/I/41btzA9yGQL.jpg,Optical,Wireless,,Both,Black,
Microsoft D5D-00019,https://pcpartpicker.com/product/Y2yFf7/microsoft-mouse-d5d00019,https://m.media-amazon.com/images/I/41sKuFJYV3L.jpg,Optical,Wireless,,Both,Pink,
Microsoft D5D-00008,https://pcpartpicker.com/product/DTyFf7/microsoft-mouse-d5d00008,https://m.media-amazon.com/images/I/41MCXaAxWZL.jpg,Optical,Wireless,,Both,White,
Kensington Pro Fit,https://pcpartpicker.com/product/svJwrH/kensington-mouse-k72339us,https://cdna.pcpartpicker.com/static/forever/images/product/ec94c1bf8783370a2b88b8a96fc5eeb6.256p.jpg,Optical,Wired,,,Black,
Microsoft GMF-00088,https://pcpartpicker.com/product/GNCwrH/microsoft-mouse-gmf00088,/static/forever/img/no-image.png,Optical,Wireless,,Both,Blue,80.00
Microsoft GMF-00046,https://pcpartpicker.com/product/9yCwrH/microsoft-mouse-gmf00046,https://images-na.ssl-images-amazon.com/images/I/41brwND55gL.jpg,Optical,Wireless,,,Beige / Black,
Microsoft 2CF-00002,https://pcpartpicker.com/product/DhH323/microsoft-mouse-2cf00002,https://m.media-amazon.com/images/I/41bBh0wxjNL.jpg,Optical,Wireless,1000,,Black,
Microsoft Wireless Mobile Mouse 1000 for Business,https://pcpartpicker.com/product/BWh9TW/microsoft-mouse-3rf00004,https://images-na.ssl-images-amazon.com/images/I/41uoXxnYU2L.jpg,Optical,Wireless,1000,Both,Black,
Kensington K72366US,https://pcpartpicker.com/product/QhH323/kensington-mouse-k72366us,https://m.media-amazon.com/images/I/41zwv5QwseL.jpg,Optical,Wireless,,Both,Black,
Microsoft GMF-00091,https://pcpartpicker.com/product/bx3RsY/microsoft-mouse-gmf00091,https://images-na.ssl-images-amazon.com/images/I/41-J%2Bq6hycL.jpg,Optical,Wireless,,Both,Black / Blue,
Gear Head MP2200RED,https://pcpartpicker.com/product/cmsKHx/gear-head-mouse-mp2200red,https://images-na.ssl-images-amazon.com/images/I/4153IPPDH5L.jpg,Optical,Wireless,,Both,Black / Red,
Microsoft 6BA-00024,https://pcpartpicker.com/product/rnDwrH/microsoft-mouse-6ba00024,https://m.media-amazon.com/images/I/31Q4VZ-Z1LL.jpg,Optical,Wireless,1000,Both,Red,
Microsoft GMF-00108,https://pcpartpicker.com/product/PYjG3C/microsoft-mouse-gmf00108,https://images-na.ssl-images-amazon.com/images/I/41rQ8i%2BozUL.jpg,Optical,Wireless,,Both,Green,
Microsoft 6BA-00001,https://pcpartpicker.com/product/Vgg323/microsoft-mouse-6ba00001oem,/static/forever/img/no-image.png,Optical,Wireless,1000,Both,Black / White,
Microsoft 2EF-00002,https://pcpartpicker.com/product/rPrG3C/microsoft-mouse-2ef00002,https://cdna.pcpartpicker.com/static/forever/images/product/f7833a1c14b58d257c35f62d342c9725.256p.jpg,Optical,Wireless,1000,,Black,
Microsoft Wireless Mobile Mouse 3500 for Business,https://pcpartpicker.com/product/xNCwrH/microsoft-mouse-5rh00003,https://cdna.pcpartpicker.com/static/forever/images/product/b1067a0ec185ccd95378e7b01e7649cb.256p.jpg,Optical,Wireless,1000,Both,Black,100.99
Microsoft D5D-00031,https://pcpartpicker.com/product/WjFPxr/microsoft-mouse-d5d00031,https://m.media-amazon.com/images/I/41AU-CMbxEL.jpg,Optical,Wireless,,,Black / Green,
Microsoft D5D-00001,https://pcpartpicker.com/product/gKrG3C/microsoft-mouse-d5d00001,https://cdna.pcpartpicker.com/static/forever/images/product/cd2b1eeecb787109a20e2b826f747e1c.256p.jpg,Optical,Wireless,,Both,Black / Gray,
Microsoft 6BA-00005,https://pcpartpicker.com/product/N96BD3/microsoft-mouse-6ba00005oem,/static/forever/img/no-image.png,Optical,Wireless,1000,Both,Black,
Microsoft 6BA-00025,https://pcpartpicker.com/product/yZYXsY/microsoft-mouse-6ba00025,https://m.media-amazon.com/images/I/31GyFqnbOVL.jpg,Optical,Wireless,1000,Both,Pink,
Microsoft MHC-00001,https://pcpartpicker.com/product/LqFPxr/microsoft-mouse-mhc00001,https://m.media-amazon.com/images/I/417GztRk9mL.jpg,Optical,Wireless,,Both,Black,
Gear Head MP2800BLK,https://pcpartpicker.com/product/TNCwrH/gear-head-mouse-mp2800blk,/static/forever/img/no-image.png,Optical,Wireless,,,Black,
Gear Head MP2475PUR,https://pcpartpicker.com/product/7dR48d/gear-head-mouse-mp2475pur,https://images-na.ssl-images-amazon.com/images/I/41IbSVICH4L.jpg,Optical,Wireless,,,Purple,
Gear Head MP2175BLU,https://pcpartpicker.com/product/wjFPxr/gear-head-mouse-mp2175blu,https://cdna.pcpartpicker.com/static/forever/images/product/81ab8627f9c56b93053fb2c0b364604a.256p.jpg,Optical,Wireless,,,Blue,
Gear Head MP2375BLK,https://pcpartpicker.com/product/CtGkcf/gear-head-mouse-mp2375blk,https://m.media-amazon.com/images/I/417icHoV91L.jpg,Optical,Wireless,,Both,Black,
Gear Head MP2275RED,https://pcpartpicker.com/product/DMkD4D/gear-head-mouse-mp2275red,https://m.media-amazon.com/images/I/51j7Ds97FbL.jpg,Optical,Wireless,,Both,Red,
Kensington K72348US,https://pcpartpicker.com/product/VZYXsY/kensington-mouse-k72348us,/static/forever/img/no-image.png,Optical,Wired,,,White / Gray,
Microsoft Comfort Mouse 3000 for Business,https://pcpartpicker.com/product/nNCwrH/microsoft-mouse-5aj00005,https://m.media-amazon.com/images/I/31nm3G5MTXL.jpg,Optical,Wired,1000,Both,Black,
Microsoft Arc,https://pcpartpicker.com/product/kyCwrH/microsoft-mouse-zja00001,https://cdna.pcpartpicker.com/static/forever/images/product/55239520273e362083d4d0af26bf410c.256p.jpg,Laser,Wireless,,Both,Black,
V7 M33B10-6N,https://pcpartpicker.com/product/LbMFf7/v7-mouse-m33b106n,/static/forever/img/no-image.png,Optical,Wired,800,Both,Black,
Gigabyte GM-M7700B,https://pcpartpicker.com/product/8sGkcf/gigabyte-mouse-gmm7700b,https://images-na.ssl-images-amazon.com/images/I/418AQbEaPiL.jpg,Laser,Bluetooth Wireless,1600,Right,Black,
Microsoft 4FD-00013,https://pcpartpicker.com/product/GdR48d/microsoft-mouse-4fd00013,https://m.media-amazon.com/images/I/414x1GrF5cL.jpg,Optical,Wired,,Both,Red,
Microsoft B75-00113,https://pcpartpicker.com/product/mKrG3C/microsoft-mouse-b7500113,https://m.media-amazon.com/images/I/41DgRPohTBL.jpg,Optical,Wired,,Right,Gray,
Microsoft T2J-00001,https://pcpartpicker.com/product/MyCwrH/microsoft-mouse-t2j00001,https://m.media-amazon.com/images/I/41So5xVJeBL.jpg,Optical,Wired,,,White / Red,
HEC UES2,https://pcpartpicker.com/product/VRW9TW/hec-mouse-ues2,/static/forever/img/no-image.png,Optical,Wired,800,Both,Silver / Black,
Microsoft Arc,https://pcpartpicker.com/product/v2yFf7/microsoft-mouse-zja00023,https://m.media-amazon.com/images/I/41ACP9Wi3RL.jpg,Laser,Wireless,,Both,Purple,
Microsoft B75-00092,https://pcpartpicker.com/product/7gg323/microsoft-mouse-b7500092oem,/static/forever/img/no-image.png,Optical,Wired,,Right,Black / Silver,
Microsoft Explorer,https://pcpartpicker.com/product/9PrG3C/microsoft-mouse-5aa00001oem,/static/forever/img/no-image.png,Optical,Wireless,,Right,Black / Gray,
Rosewill RM-6500,https://pcpartpicker.com/product/7yCwrH/rosewill-mouse-rm6500,https://images-na.ssl-images-amazon.com/images/I/41j-9r1J7FL.jpg,Optical,Wireless,800,Both,Black,
Kensington Ci65m,https://pcpartpicker.com/product/3MkD4D/kensington-mouse-k72267us,/static/forever/img/no-image.png,Optical,Wireless,1000,Both,Black / Gray,
Gear Head OM3800U,https://pcpartpicker.com/product/rtGkcf/gear-head-mouse-om3800u,https://m.media-amazon.com/images/I/41Iv7JUjI+L.jpg,Optical,Wired,800,,Black,
Kensington K72213US,https://pcpartpicker.com/product/Qx3RsY/kensington-mouse-k72213us,/static/forever/img/no-image.png,Optical,Wired,,Both,White,
Gear Head MP1600RU,https://pcpartpicker.com/product/2BV48d/gear-head-mouse-mp1600ru,https://m.media-amazon.com/images/I/31bk-kE6wNL.jpg,Optical,Wired,800,,Black,
HEC A133,https://pcpartpicker.com/product/qQJwrH/hec-mouse-a133,/static/forever/img/no-image.png,Optical,Wired,800,Both,Black,
Microsoft 2TF-00002,https://pcpartpicker.com/product/w8Np99/microsoft-mouse-2tf00002,https://m.media-amazon.com/images/I/41PgWTiqFiL.jpg,Optical,Wireless,,Both,Black,
Kensington Pro Fit,https://pcpartpicker.com/product/pMkD4D/kensington-mouse-k72343us,https://images-na.ssl-images-amazon.com/images/I/41-jadXPeNL.jpg,Optical,Wired,,Right,Black,
Kensington K72283US,https://pcpartpicker.com/product/cNCwrH/kensington-mouse-k72283us,https://images-na.ssl-images-amazon.com/images/I/41EkXXg%2BSiL.jpg,Laser,Wireless,,Both,Blue,
Microsoft Bluetooth Notebook Mouse 5000 for Business,https://pcpartpicker.com/product/HsGkcf/microsoft-mouse-3zh00001,https://images-na.ssl-images-amazon.com/images/I/41qPqK-ukFL.jpg,Laser,Bluetooth Wireless,1000,Right,Black / Silver,
Lenovo N10,https://pcpartpicker.com/product/dvJwrH/lenovo-mouse-45k1696,https://m.media-amazon.com/images/I/11uerEHCmmL.jpg,Laser,Wireless,1200,Both,Black,
Microsoft 5BA-00001,https://pcpartpicker.com/product/cjFPxr/microsoft-mouse-5ba00001oem,/static/forever/img/no-image.png,Optical,Wireless,,Right,Black,
Microsoft 3KJ-00001,https://pcpartpicker.com/product/P96BD3/microsoft-mouse-3kj00001,https://m.media-amazon.com/images/I/41CvniODpDL.jpg,Optical,Wireless,,Both,Black,
Microsoft Comfort Mouse 4500 for Business,https://pcpartpicker.com/product/TqFPxr/microsoft-mouse-4eh00004,https://m.media-amazon.com/images/I/31CCofc3apL.jpg,Optical,Wired,1000,Both,Black,
Microsoft U5K-00002,https://pcpartpicker.com/product/vNCwrH/microsoft-mouse-u5k00002,https://images-na.ssl-images-amazon.com/images/I/41KGOpKTSGL.jpg,Optical,Wireless,,,Gray,
Microsoft U5K-00002,https://pcpartpicker.com/product/X3TmP6/microsoft-mouse-u5k00001,https://m.media-amazon.com/images/I/41m8ZKkIgfL.jpg,Optical,Wireless,,,Black,
Microsoft S7J-00001,https://pcpartpicker.com/product/24bp99/microsoft-mouse-s7j00001,https://images-na.ssl-images-amazon.com/images/I/417RzUkDeTL.jpg,Optical,Wired,,Right,Black,
Microsoft U5K-00002,https://pcpartpicker.com/product/gqFPxr/microsoft-mouse-u5k00003,https://images-na.ssl-images-amazon.com/images/I/41xToxVk7rL.jpg,Optical,Wireless,,,Red,
Kensington Pro Fit,https://pcpartpicker.com/product/qWh9TW/kensington-mouse-k72342us,https://images-na.ssl-images-amazon.com/images/I/41D41Dz17-L.jpg,Optical,Wireless,,Right,Black,
Microsoft Arc,https://pcpartpicker.com/product/xPrG3C/microsoft-mouse-zja00024,https://m.media-amazon.com/images/I/41GQm-0NImL.jpg,Laser,Wireless,,Both,Blue,
Gigabyte GM-M6580,https://pcpartpicker.com/product/9F2kcf/gigabyte-mouse-gmm6580,https://m.media-amazon.com/images/I/21c4XGYqsXL.jpg,Laser,Wired,1600,Right,Black,
Toshiba PA3765U-1ETU,https://pcpartpicker.com/product/8CYXsY/toshiba-mouse-pa3765u1etu,/static/forever/img/no-image.png,Optical,Wired,1000,,Blue,
Gigabyte GM-M7600,https://pcpartpicker.com/product/VCYXsY/gigabyte-mouse-gmm7600,https://images-na.ssl-images-amazon.com/images/I/41d8WpIxe6L.jpg,Optical,Wireless,1600,,Black,
Logitech M125,https://pcpartpicker.com/product/KMkD4D/logitech-mouse-910001831,https://images-na.ssl-images-amazon.com/images/I/41Wu2Ln3nsL.jpg,Optical,Wired,1000,,Blue,
Microsoft 69R-00001,https://pcpartpicker.com/product/8Xckcf/microsoft-mouse-69r00001,https://m.media-amazon.com/images/I/310cpe3myeL.jpg,Laser,Bluetooth Wireless,,Both,Black / White,
Kensington Ci10 Fit,https://pcpartpicker.com/product/hTyFf7/kensington-mouse-k72335us,https://images-na.ssl-images-amazon.com/images/I/41yWH%2BALaeL.jpg,Laser,Wireless,,Both,Black / Gray,
HP DC369A,https://pcpartpicker.com/product/rWh9TW/hp-mouse-dc369a,https://m.media-amazon.com/images/I/31lH7B3+QkL.jpg,Optical,Wired,,Both,Black,
Logisys MS6801BK,https://pcpartpicker.com/product/nwsKHx/logisys-mouse-ms6801bk,/static/forever/img/no-image.png,Optical,Wireless,1600,,Black / Silver,
Microsoft 4FD-00012,https://pcpartpicker.com/product/M6H323/microsoft-mouse-4fd00012,https://m.media-amazon.com/images/I/313EWNL9bgL.jpg,Optical,Wired,,Both,Blue,
Microsoft T2J-00007,https://pcpartpicker.com/product/dgg323/microsoft-mouse-t2j00007,https://images-na.ssl-images-amazon.com/images/I/31XPd92vfsL.jpg,Optical,Wired,,,White / Gray,
Microsoft Arc,https://pcpartpicker.com/product/4jFPxr/microsoft-mouse-zja00046,https://images-na.ssl-images-amazon.com/images/I/31bfugmqxvL.jpg,Laser,Wireless,,Both,White,
IOGEAR GME222A,https://pcpartpicker.com/product/JRW9TW/iogear-mouse-gme222a,https://cdna.pcpartpicker.com/static/forever/images/product/07cc27cb9d05d2db99dc37336e70b629.256p.jpg,Optical,Wired,800,Both,Red / Silver,
Logitech V470,https://pcpartpicker.com/product/YhH323/logitech-mouse-910000692,https://m.media-amazon.com/images/I/11x7FJ73SAL.jpg,Laser,Bluetooth Wireless,,Both,White,
HP PF725A,https://pcpartpicker.com/product/HrFPxr/hp-mouse-pf725a,https://m.media-amazon.com/images/I/31EEeaEvAzL.jpg,Optical,Wired,,Both,Silver / Black,
Microsoft D66-00036,https://pcpartpicker.com/product/rLQypg/microsoft-mouse-d6600036s,/static/forever/img/no-image.png,Optical,Wired,,Both,White,
Logitech V470,https://pcpartpicker.com/product/q7Lypg/logitech-mouse-910000298,https://m.media-amazon.com/images/I/41OFtgYjD0L.jpg,Laser,Bluetooth Wireless,,Both,Blue,
Kingwin KW-04,https://pcpartpicker.com/product/k7Lypg/kingwin-mouse-kw04,https://images-na.ssl-images-amazon.com/images/I/31Myq1JvmDL.jpg,Optical,Wired,800,Both,Black,
Kensington K72400US,https://pcpartpicker.com/product/7nDwrH/kensington-mouse-k72400us,https://m.media-amazon.com/images/I/31igq07ggYL.jpg,Optical,Wired,,Both,Black,
Lenovo 57Y6482,https://pcpartpicker.com/product/zGCwrH/lenovo-mouse-57y6482,/static/forever/img/no-image.png,Laser,Bluetooth Wireless,1000,Both,Black,
Microsoft B5W-00006,https://pcpartpicker.com/product/RRW9TW/microsoft-mouse-b5w00006oem,/static/forever/img/no-image.png,Laser,Wireless,,Both,Silver,
Microsoft GMF-00031,https://pcpartpicker.com/product/Y8Np99/microsoft-mouse-gmf00031,https://m.media-amazon.com/images/I/115WLNLPcnL.jpg,Optical,Wireless,,Both,White,
Logisys MS6801SE,https://pcpartpicker.com/product/HbMFf7/logisys-mouse-ms6801se,/static/forever/img/no-image.png,Optical,Wireless,1600,,Silver / White,
Microsoft S9J-00001,https://pcpartpicker.com/product/4wsKHx/microsoft-mouse-s9j00001,https://m.media-amazon.com/images/I/31nm3G5MTXL.jpg,Optical,Wired,,Both,Black,129.99
Kensington 64325,https://pcpartpicker.com/product/PhH323/kensington-mouse-64325,https://cdna.pcpartpicker.com/static/forever/images/product/befc690ebac0bd7de20f7a469f2a105e.256p.jpg,Trackball,Wired,,Both,Black,58.00
Logitech M515,https://pcpartpicker.com/product/wHyFf7/logitech-mouse-910001840,https://images-na.ssl-images-amazon.com/images/I/41geOW7L-eL.jpg,Optical,Wireless,,Both,Silver,
Microsoft M20-00001,https://pcpartpicker.com/product/cVphP6/microsoft-mouse-m2000001oem,/static/forever/img/no-image.png,Optical,Wired,,Both,Silver,
Microsoft GMF-00030,https://pcpartpicker.com/product/Dfbp99/microsoft-mouse-gmf00030,https://cdna.pcpartpicker.com/static/forever/images/product/5187a7b251cc5b5e6dbdcb4ba26de977.256p.jpg,Optical,Wireless,,Both,Black,
Kensington K72406US,https://pcpartpicker.com/product/jKrG3C/kensington-mouse-k72406us,https://m.media-amazon.com/images/I/411qewNHkAL.jpg,Optical,Wired,1000,Both,Black,
Logitech M310,https://pcpartpicker.com/product/hWh9TW/logitech-mouse-910001918,https://m.media-amazon.com/images/I/41cArWqA0dL.jpg,Optical,Wireless,,Both,Purple / Black,
Microsoft U81-00025,https://pcpartpicker.com/product/GMkD4D/microsoft-mouse-u8100025,https://m.media-amazon.com/images/I/31z7AeDCcJL.jpg,Optical,Wired,800,Both,White,
Logitech M125,https://pcpartpicker.com/product/Xx3RsY/logitech-mouse-910001830,https://m.media-amazon.com/images/I/4164HGfyKGL.jpg,Optical,Wired,1000,Both,Silver,
Microsoft Arc,https://pcpartpicker.com/product/Mx3RsY/microsoft-mouse-zja00002,https://m.media-amazon.com/images/I/11E8-hS3BiL.jpg,Laser,Wireless,,Both,Black / Red,
Logitech SBF-96,https://pcpartpicker.com/product/vTyFf7/logitech-mouse-9536881403,https://m.media-amazon.com/images/I/41ojqi1dlDL.jpg,Optical,Wired,,Both,Black,
Microsoft 6BA-00026,https://pcpartpicker.com/product/CcphP6/microsoft-mouse-6ba00026,https://m.media-amazon.com/images/I/41DudkkBQML.jpg,Optical,Wireless,1000,Both,Purple,
Kensington K72404US,https://pcpartpicker.com/product/RNCwrH/kensington-mouse-k72404us,https://m.media-amazon.com/images/I/41OQmmkhbLL.jpg,Optical,Wireless,1000,Both,Black,
Microsoft Arc,https://pcpartpicker.com/product/yBV48d/microsoft-mouse-zja00025,https://m.media-amazon.com/images/I/41oAUycui3L.jpg,Laser,Wireless,,Both,Green,
Microsoft 69J-00009,https://pcpartpicker.com/product/dWh9TW/microsoft-mouse-69j00009oem,/static/forever/img/no-image.png,Optical,Wireless,1000,Both,Black,
Targus AMU80US,https://pcpartpicker.com/product/tmsKHx/targus-mouse-amu80us,https://cdna.pcpartpicker.com/static/forever/images/product/e53907341ae8a26dbcdc7187334d9b75.256p.jpg,Optical,Wired,,,Black,17.99
Logitech G300,https://pcpartpicker.com/product/JXckcf/logitech-mouse-910002358,https://m.media-amazon.com/images/I/41VoyLbjRBL.jpg,Optical,Wired,2500,Both,Black / Gray,
Targus AMW51US,https://pcpartpicker.com/product/px3RsY/targus-mouse-amw51us,https://m.media-amazon.com/images/I/41TJFV9pIZL.jpg,Laser,Wireless,1200,Both,Black / Gray,
Microsoft 9DR-00001,https://pcpartpicker.com/product/vF2kcf/microsoft-mouse-9dr00001,https://m.media-amazon.com/images/I/41B1cb5b0EL.jpg,Laser,Bluetooth Wireless,,Both,Silver / Black,
Targus AMU76US,https://pcpartpicker.com/product/HvJwrH/targus-mouse-amu76us,https://m.media-amazon.com/images/I/41c4z7Pj+aL.jpg,Optical,Wired,1000,Both,Black / Gray,
Microsoft 6BA-00023,https://pcpartpicker.com/product/XBV48d/microsoft-mouse-6ba00023oem,/static/forever/img/no-image.png,Optical,Wireless,1000,Both,Blue,
Targus AMU83US,https://pcpartpicker.com/product/h6H323/targus-mouse-amu83us,https://m.media-amazon.com/images/I/41DqGvZckwL.jpg,Optical,Wired,,,Black,
Microsoft B2J-00001,https://pcpartpicker.com/product/HjFPxr/microsoft-mouse-b2j00001oem,/static/forever/img/no-image.png,Optical,Wired,,Both,Gray,
Targus PAUM01U,https://pcpartpicker.com/product/vwsKHx/targus-mouse-paum01u,https://m.media-amazon.com/images/I/41KUR512mgL.jpg,Optical,Wired,,Right,Silver,
Microsoft 4FD-00014,https://pcpartpicker.com/product/pnDwrH/microsoft-mouse-4fd00014,https://m.media-amazon.com/images/I/31hYPE-2pcL.jpg,Optical,Wired,,Both,Pink,
Targus AMW15US,https://pcpartpicker.com/product/PyCwrH/targus-mouse-amw15us,https://m.media-amazon.com/images/I/41JW-ke5CzL.jpg,Laser,Wireless,,Both,Black / Silver,
Targus AMU89US,https://pcpartpicker.com/product/ymsKHx/targus-mouse-amu89us,https://images-na.ssl-images-amazon.com/images/I/41QlmC3JUrL.jpg,Optical,Wired,,,Black,
Belkin F5L017,https://pcpartpicker.com/product/sbMFf7/belkin-mouse-f5l017usbobd,https://images-na.ssl-images-amazon.com/images/I/41FKicTZ87L.jpg,Optical,Wireless,,Both,Purple,
Gigabyte GM-M7700,https://pcpartpicker.com/product/bzDwrH/gigabyte-mouse-gmm7700pur,/static/forever/img/no-image.png,Laser,Wireless,1600,Right,Purple,
Lenovo 55Y9360,https://pcpartpicker.com/product/WLQypg/lenovo-mouse-55y9360,https://images-na.ssl-images-amazon.com/images/I/41NpJugZ-sL.jpg,Optical,Wireless,1000,Both,Black,
Lenovo 31P7405,https://pcpartpicker.com/product/6gg323/lenovo-mouse-31p7405,https://cdna.pcpartpicker.com/static/forever/images/product/e21a293039ffd60898c2d7e39dc8cde1.256p.jpg,Optical,Wired,800,Both,Black,
Verbatim 97255,https://pcpartpicker.com/product/mdR48d/verbatim-mouse-97255,https://cdna.pcpartpicker.com/static/forever/images/product/f289952e95b8c4ecaa0009e589561db7.256p.jpg,Optical,Wired,,,Red,
Targus AMW55US,https://pcpartpicker.com/product/Rpckcf/targus-mouse-amw55us,https://images-na.ssl-images-amazon.com/images/I/41UzWfnhs4L.jpg,Laser,Wireless,1000,,Black,
Syba CL-MOU23011,https://pcpartpicker.com/product/zdR48d/syba-mouse-clmou23011,https://m.media-amazon.com/images/I/41NVRNFditL.jpg,Optical,Wireless,1600,Both,Black / Silver,
Kensington K72298US,https://pcpartpicker.com/product/3zDwrH/kensington-mouse-k72298us,https://images-na.ssl-images-amazon.com/images/I/31Nhg9AABwL.jpg,Optical,Wireless,1000,Both,Silver / Beige,
Razer RZ84-00520100-B1U1,https://pcpartpicker.com/product/BtGkcf/razer-mouse-rz8400520100b1u1,https://m.media-amazon.com/images/I/51-hIMsadUL.jpg,Laser,Wired,5600,Both,Black,
Adesso HF-4003UB,https://pcpartpicker.com/product/qYjG3C/adesso-mouse-hf4003ub,https://m.media-amazon.com/images/I/11T4m6hJMiL.jpg,Laser,Wired,1600,,Black,
Razer DeathAdder Black Edition,https://pcpartpicker.com/product/Tx3RsY/razer-mouse-rz0100152400r3m1,https://m.media-amazon.com/images/I/416ryUXWAKL.jpg,Optical,Wired,3500,Right,Black,
Logitech G9x Call Of Duty Edition,https://pcpartpicker.com/product/HVphP6/logitech-mouse-910002764,https://images-na.ssl-images-amazon.com/images/I/41a8UOblgbL.jpg,Laser,Wired,5700,Right,Black,
Syba CL-MOU23019,https://pcpartpicker.com/product/ZCYXsY/syba-mouse-clmou23019,https://m.media-amazon.com/images/I/41mcOY3JtFL.jpg,Optical,Wireless,1000,Both,Gray,
Targus AMU75US,https://pcpartpicker.com/product/MPrG3C/targus-mouse-amu75us,https://cdna.pcpartpicker.com/static/forever/images/product/1b8e55be551c83e6b02490dd214135cf.256p.jpg,Optical,Wired,,Both,Black / Gray,16.59
Syba CL-MOU23020,https://pcpartpicker.com/product/YYjG3C/syba-mouse-clmou23020,https://m.media-amazon.com/images/I/31lzRm9GzrL.jpg,Optical,Wireless,1600,Both,Blue / White,
Targus AMW56US,https://pcpartpicker.com/product/tVphP6/targus-mouse-amw56us,https://m.media-amazon.com/images/I/41fXOtakp0L.jpg,Optical,Wireless,1000,,Black,
Kensington Ci60,https://pcpartpicker.com/product/43TmP6/kensington-mouse-72258,https://m.media-amazon.com/images/I/41tnYyHOC8L.jpg,Optical,Wireless,,Right,Black,
Belkin F5L016,https://pcpartpicker.com/product/4RW9TW/belkin-mouse-f5l016usbmdd,https://m.media-amazon.com/images/I/31YNFN+hZQL.jpg,Optical,Wired,,Both,Blue,
Nexus SM-7000B,https://pcpartpicker.com/product/fcphP6/nexus-mouse-sm7000b,https://m.media-amazon.com/images/I/31MgB4nl3rL.jpg,Optical,Wireless,1000,Both,Black,
Logitech M310,https://pcpartpicker.com/product/BsGkcf/logitech-mouse-910002488,https://m.media-amazon.com/images/I/41W7BW7R7IL.jpg,Laser,Wireless,,Both,Purple / Black,
Rosewill RM-C2U,https://pcpartpicker.com/product/N4bp99/rosewill-mouse-rmc2u,https://m.media-amazon.com/images/I/31h7p0GkoFL.jpg,Optical,Wired,800,Both,Black,
Logitech V220,https://pcpartpicker.com/product/jPrG3C/logitech-mouse-910001466,https://m.media-amazon.com/images/I/41RlCrkUZBL.jpg,Optical,Wireless,1000,,Pink / Black,
Linkworld LM5035-PS2-c228,https://pcpartpicker.com/product/LLQypg/linkworld-mouse-lm5035ps2c228,/static/forever/img/no-image.png,Optical,Wired,800,Both,Black / Silver,
Logitech M305,https://pcpartpicker.com/product/63TmP6/logitech-mouse-910001780,/static/forever/img/no-image.png,Optical,Wireless,,Both,Blue,
Linkworld LM8835,https://pcpartpicker.com/product/GYjG3C/linkworld-mouse-lm8835,/static/forever/img/no-image.png,Optical,Wired,800,,Black / Red,
Microsoft Wireless Mobile Mouse 4000 Studio Series,https://pcpartpicker.com/product/myCwrH/microsoft-mouse-d5d00068,https://m.media-amazon.com/images/I/41HAFg-3wrL.jpg,Optical,Wireless,,Right,White / Black,
Logitech M310,https://pcpartpicker.com/product/VrFPxr/logitech-mouse-910001920,https://m.media-amazon.com/images/I/41D9LHfBaUL.jpg,Laser,Wireless,,Both,Red,
HP FQ983AA#ABA,https://pcpartpicker.com/product/wJrG3C/hp-mouse-fq983aaaba,https://images-na.ssl-images-amazon.com/images/I/31xeta-NKDL.jpg,Laser,Wired,1600,,Black,
HP EY703AA,https://pcpartpicker.com/product/DVphP6/hp-mouse-ey703aa,https://m.media-amazon.com/images/I/31lcdqin3IL.jpg,Optical,Wired,400,,Black,
HP WE788AA#ABA,https://pcpartpicker.com/product/CPrG3C/hp-mouse-we788aaaba,https://images-na.ssl-images-amazon.com/images/I/31acWFK16VL.jpg,Optical,Wireless,,,Red / Black,
Microsoft GMF-00090,https://pcpartpicker.com/product/FF2kcf/microsoft-mouse-gmf00090,https://images-na.ssl-images-amazon.com/images/I/51ACGfCBv2L.jpg,Optical,Wireless,,Both,White / Black,
Gear Head MPT3100BLU,https://pcpartpicker.com/product/czDwrH/gear-head-mouse-mpt3100blu,https://m.media-amazon.com/images/I/41IutySPIhL.jpg,Optical,Wireless,,,Blue,
Microsoft Mobile Mouse 3500,https://pcpartpicker.com/product/QF2kcf/microsoft-mouse-gmf00005,https://images-na.ssl-images-amazon.com/images/I/41fn3Nu8gqL.jpg,Optical,Wireless,,Both,Pink,
Gear Head MPT3400YLW,https://pcpartpicker.com/product/srFPxr/gear-head-mouse-mpt3400ylw,https://images-na.ssl-images-amazon.com/images/I/41ehAvW9M%2BL.jpg,Optical,Wireless,,Both,Yellow / Black,
Verbatim 97266,https://pcpartpicker.com/product/d3TmP6/verbatim-mouse-97266,/static/forever/img/no-image.png,Laser,Wireless,1600,,Silver / White,
Gear Head OM6500WT,https://pcpartpicker.com/product/yrFPxr/gear-head-mouse-om6500wt,https://images-na.ssl-images-amazon.com/images/I/419iOfWq15L.jpg,Optical,Wireless,1600,,Red,
Verbatim Optical Mini,https://pcpartpicker.com/product/LtGkcf/verbatim-mouse-97450,/static/forever/img/no-image.png,Optical,Wired,,Both,Pink,
Gear Head MP2850BLK,https://pcpartpicker.com/product/dPrG3C/gear-head-mouse-mp2850blk,https://m.media-amazon.com/images/I/31Kwzf3skkL.jpg,Optical,Wireless,,,Black,
Targus AMB04US,https://pcpartpicker.com/product/f3TmP6/targus-mouse-amb04us,https://images-na.ssl-images-amazon.com/images/I/41c0pZhpOXL.jpg,Optical,Bluetooth Wireless,1600,Both,Black / Gray,
Gear Head MP1900W,https://pcpartpicker.com/product/PdR48d/gear-head-mouse-mp1900w,https://cdna.pcpartpicker.com/static/forever/images/product/3abba52f1eb21043b7805c499e6a8922.med.256p.jpg,Optical,Wireless,800,,Black / Silver,
Targus AMW01US,https://pcpartpicker.com/product/7zDwrH/targus-mouse-amw01us,https://m.media-amazon.com/images/I/21km+wex-BL.jpg,Optical,Wireless,,Both,Silver / Black,
Gear Head BT9500BLK,https://pcpartpicker.com/product/JDW9TW/gear-head-mouse-bt9500blk,https://images-na.ssl-images-amazon.com/images/I/41vFdAPiEQL.jpg,Optical,Bluetooth Wireless,800,Right,Silver / Black,
Razer Imperator Mouse 2012 Battlefield 3,https://pcpartpicker.com/product/YMkD4D/razer-mouse-rz0100350300r3m1,https://images-na.ssl-images-amazon.com/images/I/511VgUrALJL.jpg,Optical,Wired,6400,Right,Black,
Gear Head BT9400WHT,https://pcpartpicker.com/product/vQJwrH/gear-head-mouse-bt9400wht,https://images-na.ssl-images-amazon.com/images/I/31%2B8Z6vxaKL.jpg,Optical,Bluetooth Wireless,800,Right,White,
Targus Kaleidoscope,https://pcpartpicker.com/product/B2yFf7/targus-mouse-amu59us,/static/forever/img/no-image.png,Optical,Wired,,,Silver,
Gear Head MP1300BLK,https://pcpartpicker.com/product/8cphP6/gear-head-mouse-mp1300blk,https://images-na.ssl-images-amazon.com/images/I/31fLfSI9leL.jpg,Optical,Wired,,,Silver / Black,
V7 10PKUSBMICE,https://pcpartpicker.com/product/GyCwrH/v7-mouse-10pkusbmice,/static/forever/img/no-image.png,Optical,Wired,1000,,Black,
Gear Head LMT3600BLK,https://pcpartpicker.com/product/xvJwrH/gear-head-mouse-lmt3600blk,https://m.media-amazon.com/images/I/41jxYySSPzL.jpg,Laser,Wireless,,,Black,
Targus AMW43US,https://pcpartpicker.com/product/LMkD4D/targus-mouse-amw43us,https://images-na.ssl-images-amazon.com/images/I/316h3Gcf7cL.jpg,Optical,Wireless,1200,Both,Gray,
HP WE790AA#ABA,https://pcpartpicker.com/product/kZYXsY/hp-mouse-we790aaaba,https://images-na.ssl-images-amazon.com/images/I/31rNTwT6O5L.jpg,Optical,Wireless,1750,Both,Silver,
HP WE789AA#ABA,https://pcpartpicker.com/product/LNCwrH/hp-mouse-we789aaaba,https://images-na.ssl-images-amazon.com/images/I/31aJ8zFiyIL.jpg,Optical,Wireless,,,Blue,
Microsoft 4FD-00016,https://pcpartpicker.com/product/WRW9TW/microsoft-mouse-4fd00016,https://images-na.ssl-images-amazon.com/images/I/41kEHse3zvL.jpg,Optical,Wired,,Both,White,
Adesso IMOUSE M10,https://pcpartpicker.com/product/JJrG3C/adesso-mouse-imousem10,https://m.media-amazon.com/images/I/31BwdmssloL.jpg,Optical,Wireless,1000,Both,Black,
Microsoft 4FD-00006,https://pcpartpicker.com/product/nvJwrH/microsoft-mouse-4fd00006,https://m.media-amazon.com/images/I/31UTzolQcML.jpg,Optical,Wired,,Both,Gray,
Logitech M305,https://pcpartpicker.com/product/2cphP6/logitech-mouse-910001897,https://images-na.ssl-images-amazon.com/images/I/41nak3Y15EL.jpg,Optical,Wireless,1000,,Pink,
Adesso IMOUSE S1,https://pcpartpicker.com/product/bmsKHx/adesso-mouse-imouses1,https://m.media-amazon.com/images/I/41L9G41fCaL.jpg,Optical,Wired,1000,Both,Black,
Microsoft 6BA-00001,https://pcpartpicker.com/product/K96BD3/microsoft-mouse-6ba00001,https://images-na.ssl-images-amazon.com/images/I/413B8NBFe1L.jpg,Optical,Wireless,1000,Both,Silver / Black,
Ergoguys 0090-0020,https://pcpartpicker.com/product/BBV48d/ergoguys-mouse-00900020,https://cdna.pcpartpicker.com/static/forever/images/product/0e112f2f098a4c25585f60c904c8d37c.256p.jpg,Optical,Wired,,Right,Black,
Belkin F5L017,https://pcpartpicker.com/product/k2yFf7/belkin-mouse-f5l017usbblu,https://m.media-amazon.com/images/I/41i-ssBizwL.jpg,Optical,Wireless,,Both,Blue,
Ergoguys WUT-13,https://pcpartpicker.com/product/nRW9TW/ergoguys-mouse-wut13,/static/forever/img/no-image.png,Trackball,Wired,,Right,Blue / Gray,
Belkin F5L017,https://pcpartpicker.com/product/x8Np99/belkin-mouse-f5l017usb,/static/forever/img/no-image.png,Optical,Wireless,,Both,Gray,
Ergoguys EM011-W,https://pcpartpicker.com/product/NbMFf7/ergoguys-mouse-em011w,https://m.media-amazon.com/images/I/41Aoasd4MPL.jpg,Optical,Wired,1000,,White,45.69
Belkin F5L016,https://pcpartpicker.com/product/8pckcf/belkin-mouse-f5l016usb,https://m.media-amazon.com/images/I/41kAmoZvI+L.jpg,Optical,Wired,,Both,Silver / Black,
Ergoguys KM200,https://pcpartpicker.com/product/LmsKHx/ergoguys-mouse-km200,https://cdna.pcpartpicker.com/static/forever/images/product/59ac7937e854e964bd81d6ebe69eee7c.256p.jpg,Optical,Wired,800,,Red / Blue,
Belkin F5L017,https://pcpartpicker.com/product/7tGkcf/belkin-mouse-f5l017usbmdd,https://images-na.ssl-images-amazon.com/images/I/41pzJk%2B%2BwuL.jpg,Optical,Wireless,,Both,Blue / Gray,
KeyTronic 2MOUSEU1L,https://pcpartpicker.com/product/QHyFf7/keytronic-mouse-2mouseu1l,https://m.media-amazon.com/images/I/31PU6FUs2BL.jpg,Optical,Wired,800,Both,Gray,
Belkin F5L017,https://pcpartpicker.com/product/94bp99/belkin-mouse-f5l017usbblk,https://m.media-amazon.com/images/I/41FSKfyDOxL.jpg,Optical,Wireless,,Both,Black,
KeyTronic 2MOUSEP1L,https://pcpartpicker.com/product/3TyFf7/keytronic-mouse-2mousep1l,https://m.media-amazon.com/images/I/21Dlnd82gOL.jpg,Optical,Wired,800,Both,Black,
3M EM550GPL,https://pcpartpicker.com/product/3LQypg/3m-mouse-em550gpl,https://cdna.pcpartpicker.com/static/forever/images/product/7dd24286bf0dd0e6bd6f4aa8736df404.256p.jpg,Optical,Wireless,,Right,Black,
3M EM500GPL,https://pcpartpicker.com/product/FRW9TW/3m-mouse-em500gpl,https://cdna.pcpartpicker.com/static/forever/images/product/5315cbb7c8c86a016c32251642afecbc.256p.jpg,Optical,Wired,,Right,Black / Silver,
Saitek CCB437030002/04/1,https://pcpartpicker.com/product/QrFPxr/saitek-mouse-ccb437030002041,/static/forever/img/no-image.png,Laser,Wired,3200,Right,Black,
Evoluent VM4L,https://pcpartpicker.com/product/7LQypg/evoluent-mouse-vm4l,https://cdna.pcpartpicker.com/static/forever/images/product/204229d896e00e0438d360ce3d40be3f.256p.jpg,Laser,Wired,,Left,Silver / Black,89.95
3M EM550GPS,https://pcpartpicker.com/product/KvJwrH/3m-mouse-em550gps,https://cdna.pcpartpicker.com/static/forever/images/product/ea8d63a268d238bb7a67dfd592b38f2d.256p.jpg,Optical,Wireless,,Right,Black,
Tek Republic TM,https://pcpartpicker.com/product/msGkcf/tek-republic-mouse-tm,/static/forever/img/no-image.png,Laser,Wired,3600,Right,Black,
Saitek CCB437080002/04/1,https://pcpartpicker.com/product/hbMFf7/saitek-mouse-ccb437080002041,https://cdna.pcpartpicker.com/static/forever/images/product/e60eda4b05239b63d1a52c9a6bd86afd.med.256p.jpg,Laser,Wired,5600,Right,Black,
Verbatim 96677,https://pcpartpicker.com/product/BVphP6/verbatim-mouse-96677,/static/forever/img/no-image.png,Laser,Wireless,,Right,Silver / Black,
Belkin F5L016,https://pcpartpicker.com/product/XDW9TW/belkin-mouse-f5l016usbblk,https://m.media-amazon.com/images/I/41bPMQ0ZhpL.jpg,Optical,Wired,,Both,Black,
Verbatim Easy Riser,https://pcpartpicker.com/product/ZYjG3C/verbatim-mouse-96992,https://m.media-amazon.com/images/I/31TlkD9YX6L.jpg,Laser,Wireless,,Both,Silver,12.99
Polaroid PMI8500,https://pcpartpicker.com/product/PZYXsY/polaroid-mouse-pmi8500bk,/static/forever/img/no-image.png,Optical,Wired,,,Black,
Verbatim 97254,https://pcpartpicker.com/product/YjFPxr/verbatim-mouse-97254,https://m.media-amazon.com/images/I/31p-Y+FkpdL.jpg,Optical,Wired,,,Green,
Belkin F5L016,https://pcpartpicker.com/product/CHyFf7/belkin-mouse-f5l016usbred,https://m.media-amazon.com/images/I/41soGOcXj5L.jpg,Optical,Wired,,Both,Red,
Verbatim Nano,https://pcpartpicker.com/product/4bMFf7/verbatim-mouse-96902,/static/forever/img/no-image.png,Optical,Wireless,,,Blue,
Adesso ATP-400UB,https://pcpartpicker.com/product/M96BD3/adesso-mouse-atp400ub,https://m.media-amazon.com/images/I/416jhR4C56L.jpg,Optical,Wired,,Both,Black,
Verbatim Nano,https://pcpartpicker.com/product/fbMFf7/verbatim-mouse-96900,https://m.media-amazon.com/images/I/41pqu4W8OCL.jpg,Optical,Wireless,,,Yellow,
3M EM500GPS,https://pcpartpicker.com/product/G96BD3/3m-mouse-em500gps,https://m.media-amazon.com/images/I/21md--11j2L.jpg,Optical,Wired,,Right,Black,
Verbatim Nano,https://pcpartpicker.com/product/nDW9TW/verbatim-mouse-96898,https://m.media-amazon.com/images/I/41inHAo4tZL.jpg,Optical,Wireless,,,Green,
Belkin F5L016ttUSB-BLK,https://pcpartpicker.com/product/nx3RsY/belkin-mouse-f5l016ttusbblk,/static/forever/img/no-image.png,Optical,Wired,,,Black,
Belkin F5L016-USB-BLU,https://pcpartpicker.com/product/4cphP6/belkin-mouse-f5l016usbblu,https://images-na.ssl-images-amazon.com/images/I/41ijFJeEh3L.jpg,Optical,Wired,,Both,Blue,
Verbatim 97267,https://pcpartpicker.com/product/LQJwrH/verbatim-mouse-97267,/static/forever/img/no-image.png,Laser,Wireless,1600,,Gray / White,
Verbatim 97262,https://pcpartpicker.com/product/GCYXsY/verbatim-mouse-97262,https://m.media-amazon.com/images/I/412XXVoJGRL.jpg,Laser,Wireless,1600,,Gray / Black,
Verbatim 97473,https://pcpartpicker.com/product/MkMFf7/verbatim-mouse-97473,https://cdna.pcpartpicker.com/static/forever/images/product/1e549d4e553b400a7679272848f7d829.256p.jpg,Optical,Wireless,,,Purple,
Adesso IMOUSE S100,https://pcpartpicker.com/product/2JrG3C/adesso-mouse-imouses100,https://m.media-amazon.com/images/I/41iPo0XTPHL.jpg,Optical,Bluetooth Wireless,1000,,Black,
Verbatim 97253,https://pcpartpicker.com/product/CYjG3C/verbatim-mouse-97253,https://cdna.pcpartpicker.com/static/forever/images/product/a3cdbbad77b9cf9591f0aaa2408fd8c4.256p.jpg,Optical,Wired,,,Purple,
Saitek CCB437090002/02/1,https://pcpartpicker.com/product/rNCwrH/saitek-mouse-ccb437090002021,https://cdna.pcpartpicker.com/static/forever/images/product/51fe029cc4d4841102348df520a68d4a.med.256p.jpg,Laser,Wireless,5600,Right,Black,
Verbatim 97564,https://pcpartpicker.com/product/sGCwrH/verbatim-mouse-97564,https://images-na.ssl-images-amazon.com/images/I/41wXbgeKSpL.jpg,Optical,Wireless,,Both,Black,
Belkin F5L030TTMDD,https://pcpartpicker.com/product/mwsKHx/belkin-mouse-f5l030ttmdd,/static/forever/img/no-image.png,Optical,Wireless,,,Blue,
Verbatim 96676,https://pcpartpicker.com/product/yCYXsY/verbatim-mouse-96676,https://m.media-amazon.com/images/I/41fIwPZEylL.jpg,Laser,Wired,1600,,Silver / Black,
Verbatim 97249,https://pcpartpicker.com/product/dRW9TW/verbatim-mouse-97249,https://m.media-amazon.com/images/I/41eoSjQaKgL.jpg,Optical,Wired,,,Blue,
Targus AMB09US,https://pcpartpicker.com/product/tZYXsY/targus-mouse-amb09us,https://m.media-amazon.com/images/I/41L4ZdIJMqL.jpg,Laser,Bluetooth Wireless,,Both,Black / Gray,
Verbatim Easy Riser,https://pcpartpicker.com/product/PrFPxr/verbatim-mouse-96991,/static/forever/img/no-image.png,Laser,Bluetooth Wireless,,Both,Silver / Black,
Targus AMC06USZ,https://pcpartpicker.com/product/X8Np99/targus-mouse-amc06usz,https://images-na.ssl-images-amazon.com/images/I/31ZQgFXJl%2BL.jpg,Optical,Wired,1000,,Black,
Cyber Snipa CSLMSL01,https://pcpartpicker.com/product/JrFPxr/cyber-snipa-mouse-cslmsl01,https://images-na.ssl-images-amazon.com/images/I/419zWTbbEuL.jpg,Laser,Wired,5000,Right,Black,
Targus AMW25US,https://pcpartpicker.com/product/vrFPxr/targus-mouse-amw25us,https://m.media-amazon.com/images/I/41IJhjhxmfL.jpg,Optical,Wireless,1600,Both,Silver / Black,
Verbatim 97256,https://pcpartpicker.com/product/HyCwrH/verbatim-mouse-97256,https://cdna.pcpartpicker.com/static/forever/images/product/4a5bcbfda6c3ec018f06dae3bf74c1e1.256p.jpg,Optical,Wired,,,Black,
Verbatim 49003,https://pcpartpicker.com/product/tGCwrH/verbatim-mouse-49003,https://m.media-amazon.com/images/I/31wdu28YKZL.jpg,Optical,Wired,,Both,Black / Silver,
Targus AMU82USZ,https://pcpartpicker.com/product/sTyFf7/targus-mouse-amu82usz,https://m.media-amazon.com/images/I/311mW99hDqL.jpg,Optical,Wired,,,Black,
Cherry M-T3030,https://pcpartpicker.com/product/DYjG3C/cherry-mouse-mt3030w,https://m.media-amazon.com/images/I/21missg+3jL.jpg,Optical,Wireless,1000,,White,
KeyTronic 2MOUSEU2L,https://pcpartpicker.com/product/jzDwrH/keytronic-mouse-2mouseu2l,https://cdna.pcpartpicker.com/static/forever/images/product/2d6d4ed03977a83b27841e7228129bc2.256p.jpg,Optical,Wired,,Both,Black,
Cherry M-4200,https://pcpartpicker.com/product/z4bp99/cherry-mouse-m4200,/static/forever/img/no-image.png,Optical,Wired,800,,Silver / Black,
Verbatim 96675,https://pcpartpicker.com/product/fWh9TW/verbatim-mouse-96675,/static/forever/img/no-image.png,Laser,Wireless,,Both,Silver,
Cyber Snipa CSLM01,https://pcpartpicker.com/product/G8Np99/cyber-snipa-mouse-cslm01,https://images-na.ssl-images-amazon.com/images/I/413euYBSEoL.jpg,Laser,Wired,2400,Right,Black,
Verbatim 96674,https://pcpartpicker.com/product/3PrG3C/verbatim-mouse-96674,https://m.media-amazon.com/images/I/4137RpdvgYL.jpg,Laser,Bluetooth Wireless,1600,Both,Silver / Black,
Verbatim 97540,https://pcpartpicker.com/product/HHyFf7/verbatim-mouse-97540,https://cdna.pcpartpicker.com/static/forever/images/product/c4392fe5826ed74f24e401874b69638f.256p.jpg,Optical,Wireless,,,Red,
Verbatim Nano,https://pcpartpicker.com/product/FjFPxr/verbatim-mouse-96901,https://m.media-amazon.com/images/I/41UsPfKnrSL.jpg,Optical,Wireless,,,Pink,
Verbatim 97264,https://pcpartpicker.com/product/pTyFf7/verbatim-mouse-97265,https://m.media-amazon.com/images/I/41aFXjfh3AL.jpg,Laser,Wireless,1600,,Blue / Black,
Verbatim 97471,https://pcpartpicker.com/product/Q4bp99/verbatim-mouse-97471,https://cdna.pcpartpicker.com/static/forever/images/product/1d2ad3fbfd79235339b8dff3dc0cdcf6.256p.jpg,Optical,Wireless,,,Blue,20.95
Verbatim 96781,https://pcpartpicker.com/product/thH323/verbatim-mouse-96781,https://images-na.ssl-images-amazon.com/images/I/41mM6%2BXSIBL.jpg,Optical,Wireless,,Both,Black,
Verbatim 97470,https://pcpartpicker.com/product/KjFPxr/verbatim-mouse-97470,https://cdna.pcpartpicker.com/static/forever/images/product/4dcc571b17d8e0ff47d8de16634840a4.256p.jpg,Optical,Wireless,,,Gray / Black,19.50
Verbatim Nano,https://pcpartpicker.com/product/g6H323/verbatim-mouse-96899,https://m.media-amazon.com/images/I/411l-4tpUcL.jpg,Optical,Wireless,,,Purple,
Verbatim Nano,https://pcpartpicker.com/product/qvJwrH/verbatim-mouse-96897,https://m.media-amazon.com/images/I/41fuJ0wB-BL.jpg,Optical,Wireless,,,Red,
Adesso GP-410UB,https://pcpartpicker.com/product/3rFPxr/adesso-mouse-gp410ubblack,https://cdna.pcpartpicker.com/static/forever/images/product/ea56cc268c74035a7cc5f7ab1c1e670b.med.256p.jpg,Touchpad,Wired,,Both,Black,
Adesso GP-410UB,https://pcpartpicker.com/product/wLQypg/adesso-mouse-gp410ub,https://m.media-amazon.com/images/I/41PkLuOD2sL.jpg,Touchpad,Wired,,Both,Black,74.63
Verbatim 97263,https://pcpartpicker.com/product/kvJwrH/verbatim-mouse-97263,https://m.media-amazon.com/images/I/41xDstoDPhL.jpg,Laser,Wireless,1600,Both,Red / Black,
Tripp Lite IN3000WI,https://pcpartpicker.com/product/RJLypg/tripp-lite-mouse-in3000wi,https://m.media-amazon.com/images/I/11JUcImMbzL.jpg,Optical,Wired,800,Both,Silver / Black,
Cyborg CCB437030002/04/1,https://pcpartpicker.com/product/ccXfrH/cyborg-mouse-ccb437030002041,https://cdna.pcpartpicker.com/static/forever/images/product/1d650ec1c4ef8d3a4b4e97a273b75c7f.med.256p.jpg,Laser,Wired,3200,Right,Black,
Cyborg CCB437050002/04/1,https://pcpartpicker.com/product/CyMFf7/cyborg-mouse-ccb437050002041,https://cdna.pcpartpicker.com/static/forever/images/product/a701db9193051fee86a3356ac062d89b.med.256p.jpg,Laser,Wired,4000,Right,Black,
Mad Catz CD74371200A1/04/1,https://pcpartpicker.com/product/zMh9TW/mad-catz-mouse-cd74371200a1041,https://m.media-amazon.com/images/I/41ZHDUkOdOL.jpg,Laser,Wired,5600,Right,Black,
Cyborg CCB437080002/04/1,https://pcpartpicker.com/product/BP4gXL/cyborg-mouse-ccb437080002041,/static/forever/img/no-image.png,Laser,Wired,5600,Right,Black,
Ergoguys CST1550,https://pcpartpicker.com/product/GZYXsY/ergoguys-mouse-cst1550,https://m.media-amazon.com/images/I/41sLw0IXL+L.jpg,Trackball,Wired,1600,Both,Black,
Belkin F5L051,https://pcpartpicker.com/product/p8V48d/belkin-mouse-f5l051bgp,/static/forever/img/no-image.png,Optical,Wired,,Both,Black,
Wintec FileMate Imagine M2810,https://pcpartpicker.com/product/rsGkcf/wintec-mouse-3fmnm2810ublr,https://images-na.ssl-images-amazon.com/images/I/41r3Uhtg3XL.jpg,Optical,Wired,1000,Right,White / Blue,
Wintec FileMate Imagine M1210,https://pcpartpicker.com/product/k3TmP6/wintec-mouse-3fmnm1210uylr,https://images-na.ssl-images-amazon.com/images/I/41N2D9EkRJL.jpg,Optical,Wired,800,Both,Yellow,
Wintec FileMate Imagine M1810,https://pcpartpicker.com/product/z96BD3/wintec-mouse-3fmnm1810ublr,https://images-na.ssl-images-amazon.com/images/I/41GoDut0PAL.jpg,Optical,Wired,800,Both,Gray / Blue,
Wintec FileMate Imagine M1210,https://pcpartpicker.com/product/tHyFf7/wintec-mouse-3fmnm1210ugnr,https://images-na.ssl-images-amazon.com/images/I/31lSGwfk2KL.jpg,Optical,Wired,800,Both,Green,
Wintec FileMate Imagine M1810,https://pcpartpicker.com/product/hdR48d/wintec-mouse-3fmnm1810ubkr,https://images-na.ssl-images-amazon.com/images/I/41VTFqkPIML.jpg,Optical,Wired,800,Both,White / Black,
Qumax Lynx S2-Black,https://pcpartpicker.com/product/k9MFf7/qumax-mouse-lynxs2black,/static/forever/img/no-image.png,Laser,Wired,2400,Both,Black,
Kensington K72411US,https://pcpartpicker.com/product/Ks2kcf/kensington-mouse-k72411us,https://m.media-amazon.com/images/I/415OJnFj7xL.jpg,Optical,Wireless,1000,Both,Red,
Qumax Lynx S2-Red,https://pcpartpicker.com/product/rDLypg/qumax-mouse-lynxs2red,https://cdna.pcpartpicker.com/static/forever/images/product/9fa69d595687437ced7ba5ffc5bf630a.med.256p.jpg,Laser,Wired,2400,Both,Red / Black,
Kensington K72412US,https://pcpartpicker.com/product/qrkD4D/kensington-mouse-k72412us,https://m.media-amazon.com/images/I/41ZsEEQQLrL.jpg,Optical,Wireless,1000,Both,Blue,
Razer Naga Star Wars Edition,https://pcpartpicker.com/product/Wth9TW/razer-mouse-rz0100650100r3m1,https://m.media-amazon.com/images/I/41fIRbPbGfL.jpg,Optical,Wireless,,Right,Silver / Black,
Cyborg R.A.T. 9,https://pcpartpicker.com/product/JmtCmG/cyborg-mouse-ccb437090002021,/static/forever/img/no-image.png,Laser,Wireless,5600,Right,Black,
Cooler Master CM Storm Xornet,https://pcpartpicker.com/product/z6w323/cooler-master-mouse-sgm2001blon1,https://m.media-amazon.com/images/I/41jGYUsY6kL.jpg,Optical,Wired,2000,Right,Black,
Microsoft SideWinder X5,https://pcpartpicker.com/product/kg6BD3/microsoft-mouse-arb00001,https://m.media-amazon.com/images/I/41HejD9hr2L.jpg,Laser,Wired,2000,Right,Black,
Corsair Vengeance M60,https://pcpartpicker.com/product/BLZQzy/corsair-mouse-ch9000001na,https://images-na.ssl-images-amazon.com/images/I/41Jcl8EN3HL.jpg,Laser,Wired,5700,Right,Black,
Microsoft 4YH-00006,https://pcpartpicker.com/product/22dqqs/microsoft-mouse-4yh00006,https://m.media-amazon.com/images/I/31PmNiL86KL.jpg,Optical,Wired,800,Both,White,
HP BM866AA,https://pcpartpicker.com/product/kDLypg/hp-mouse-bm866aa,https://m.media-amazon.com/images/I/41Ah9j4kMKL.jpg,Optical,Wired,,,Black,
Nexus SM-9000B,https://pcpartpicker.com/product/rG8Zxr/nexus-mouse-sm9000b,https://m.media-amazon.com/images/I/31zcI5nvLKL.jpg,Laser,Wireless,1600,Both,Black,
Microsoft 5CJ-00005,https://pcpartpicker.com/product/hjzv6h/microsoft-mouse-5cj00005,https://m.media-amazon.com/images/I/313D3-eJdnL.jpg,Optical,Wired,1000,Right,White,
Nexus SM-8000B,https://pcpartpicker.com/product/2kNp99/nexus-mouse-sm8000b,https://m.media-amazon.com/images/I/31+Aexy-TwL.jpg,Optical,Wireless,,Right,Black,
Corsair Vengeance M90,https://pcpartpicker.com/product/YWphP6/corsair-mouse-ch9000002na,https://cdna.pcpartpicker.com/static/forever/images/product/910ac1c7905ceb8b9cbbf3c6465a986e.256p.jpg,Laser,Wired,5700,Right,Black,
Nexus SM-9000C,https://pcpartpicker.com/product/bpTmP6/nexus-mouse-sm9000c,/static/forever/img/no-image.png,Laser,Wireless,1600,Both,Black,
SteelSeries Ikari,https://pcpartpicker.com/product/jYxfrH/steelseries-mouse-62013ss,/static/forever/img/no-image.png,Laser,Wired,3200,Right,White / Black,
Razer Imperator Mass Effect 3 Edition,https://pcpartpicker.com/product/F6w323/razer-mouse-rz0100350400r3m1,https://images-na.ssl-images-amazon.com/images/I/41qiIao9nnL.jpg,Laser,Wired,6400,Right,Black,
ROCCAT Kova+,https://pcpartpicker.com/product/2KjG3C/roccat-mouse-roc11520,https://m.media-amazon.com/images/I/41JD+6HXugL.jpg,Optical,Wired,3200,Both,Black,
Razer Naga 2012,https://pcpartpicker.com/product/cdkD4D/razer-mouse-rz0100580100r3u1,https://m.media-amazon.com/images/I/41LReCmlMtL.jpg,Laser,Wired,5600,,Black,
ROCCAT Kone[+],https://pcpartpicker.com/product/kG8Zxr/roccat-mouse-roc11801,https://m.media-amazon.com/images/I/41ina2bz5jL.jpg,Laser,Wired,6000,Right,Black,
SteelSeries Iron.Lady QcK,https://pcpartpicker.com/product/mdkD4D/steelseries-mouse-63022,https://m.media-amazon.com/images/I/3195r828YhL.jpg,Optical,Wired,,Right,White / Black,
Cyborg CCB4370900B2/02/1,https://pcpartpicker.com/product/6nfp99/cyborg-mouse-ccb4370900b2021,https://cdna.pcpartpicker.com/static/forever/images/product/f6e34a276a2ba6909b0c9aace1355a18.med.256p.jpg,Laser,Wireless,5600,Right,Black,
Rosewill RM-5000L,https://pcpartpicker.com/product/Tth9TW/rosewill-mouse-rm5000l,/static/forever/img/no-image.png,Laser,Wired,5000,Both,Black,
Raptor Gaming 000RAPLM2,https://pcpartpicker.com/product/wWkD4D/raptor-gaming-mouse-815865012637,https://m.media-amazon.com/images/I/415eWezIcnL.jpg,Optical,Wired,2000,Right,Black,
Raptor Gaming M3 DKT,https://pcpartpicker.com/product/GQkD4D/raptor-gaming-mouse-000rapm3d,https://m.media-amazon.com/images/I/41yuAMf1qVL.jpg,Optical,Wired,1600,Right,Black,
Logitech Wireless Mouse M525,https://pcpartpicker.com/product/xNMFf7/logitech-mouse-910002696,https://cdna.pcpartpicker.com/static/forever/images/product/fbbbb2f92b12ebac55970285b1eab6d9.256p.jpg,Optical,Wireless,,Both,Black / Gray,109.99
SMK-Link VP6154,https://pcpartpicker.com/product/nz4gXL/smk-link-mouse-vp6154,https://m.media-amazon.com/images/I/416bX41nNhL.jpg,Optical,Wired,800,Both,Black,
Microsoft BNA-00001,https://pcpartpicker.com/product/Vg6BD3/microsoft-mouse-bna00001,https://m.media-amazon.com/images/I/41ysLKW-RiL.jpg,Laser,Wireless,,Both,White / Black,
Chester Creek Technologies CTMO,https://pcpartpicker.com/product/YsTmP6/chester-creek-technologies-mouse-ctmo,https://cdna.pcpartpicker.com/static/forever/images/product/baecf757ec7d7aa4f1b77fdcf1dd212c.med.256p.jpg,Optical,Wired,800,Both,Black / Green,
Toshiba PA3765U-1ETW,https://pcpartpicker.com/product/xP4gXL/toshiba-mouse-pa3765u1etw,https://m.media-amazon.com/images/I/11IFnH99+JL.jpg,Optical,Wired,1000,Both,White,
Logitech M505,https://pcpartpicker.com/product/247wrH/logitech-mouse-910001322,/static/forever/img/no-image.png,Laser,Wireless,,Both,Black,
Chester Creek Technologies TMO,https://pcpartpicker.com/product/rKw323/chester-creek-technologies-mouse-tmo,https://cdna.pcpartpicker.com/static/forever/images/product/d823f2fa7dee4252a5a754132c684a7b.med.256p.jpg,Optical,Wired,800,Both,White,17.95
Logitech M315,https://pcpartpicker.com/product/fCxfrH/logitech-mouse-910002458,/static/forever/img/no-image.png,Optical,Wireless,,Both,Purple / Black,
Logitech Wireless Mouse M525,https://pcpartpicker.com/product/nKjG3C/logitech-mouse-910002698,https://m.media-amazon.com/images/I/41wSI0LxYUL.jpg,Optical,Wireless,,Both,Blue / Black,
Wacom KC100,https://pcpartpicker.com/product/8GQypg/wacom-mouse-kc100,https://m.media-amazon.com/images/I/41IeCZxHcrL.jpg,Optical,Wireless,,Both,Black,
Logitech Wireless Mouse M525,https://pcpartpicker.com/product/NZMFf7/logitech-mouse-910002699,https://m.media-amazon.com/images/I/41eghjMd-HL.jpg,Optical,Wireless,,Both,Green / Black,
Interlink VP6151,https://pcpartpicker.com/product/9g9KHx/interlink-mouse-vp6151,https://m.media-amazon.com/images/I/31gQbtQmpWL.jpg,Optical,Bluetooth Wireless,,Both,White,
Logitech Wireless Mouse M525,https://pcpartpicker.com/product/LHH323/logitech-mouse-910002700,https://m.media-amazon.com/images/I/41aCFlyEN-L.jpg,Optical,Wireless,,Both,White / Red,
Interlink VP6155,https://pcpartpicker.com/product/Rcw323/interlink-mouse-vp6155,https://cdna.pcpartpicker.com/static/forever/images/product/8e6f1abc650f705e684d6209818661f6.med.256p.jpg,Optical,Bluetooth Wireless,,Both,Black / White,
Logitech Wireless Mouse M525,https://pcpartpicker.com/product/GNMFf7/logitech-mouse-910002697,https://cdna.pcpartpicker.com/static/forever/images/product/d840c5bc2186ba415957df7f14056965.256p.jpg,Optical,Wireless,,Both,Red / Black,
Fellowes 98913,https://pcpartpicker.com/product/g69KHx/fellowes-mouse-98913,https://cdna.pcpartpicker.com/static/forever/images/product/52252f8c8125951ac67bde7f8356eae2.256p.jpg,Optical,Wired,,Both,Black,
Toshiba PA3765U-1ETG,https://pcpartpicker.com/product/MrkD4D/toshiba-mouse-pa3765u1etg,https://images-na.ssl-images-amazon.com/images/I/31sXjb0vsBL.jpg,Optical,Wired,1000,Both,Black,
Fellowes 98904,https://pcpartpicker.com/product/HHckcf/fellowes-mouse-98904,https://cdna.pcpartpicker.com/static/forever/images/product/929035138d85afb198cb79b2e6cabb89.med.256p.jpg,Optical,Wireless,,Both,Blue / Silver,
Belkin F5L017,https://pcpartpicker.com/product/BYxfrH/belkin-mouse-f5l017usbred,https://m.media-amazon.com/images/I/41FwzwXyKLL.jpg,Optical,Wireless,,Both,Red,
Fellowes 98905,https://pcpartpicker.com/product/hQkD4D/fellowes-mouse-98905,https://m.media-amazon.com/images/I/41aCaFCd8DL.jpg,Optical,Wired,,Both,Silver / Blue,
Gigabyte GM-AIRE M77,https://pcpartpicker.com/product/PLZQzy/gigabyte-mouse-gmairem77black,/static/forever/img/no-image.png,Optical,Wireless,1600,Right,Black,
Fellowes 98912,https://pcpartpicker.com/product/X69KHx/fellowes-mouse-98912,https://cdna.pcpartpicker.com/static/forever/images/product/9a2c5422f076e58253b2676a285bdc6b.med.256p.jpg,Optical,Wireless,,Both,Black,
Gigabyte GM-AIRE M77,https://pcpartpicker.com/product/J2dqqs/gigabyte-mouse-gmairem77blue,https://m.media-amazon.com/images/I/31PYs5bSeFL.jpg,Optical,Wireless,1600,Right,Blue,
Genius XScroll,https://pcpartpicker.com/product/Mhfp99/genius-mouse-31010144101,https://images-na.ssl-images-amazon.com/images/I/41e5AroRq6L.jpg,Optical,Wired,800,Both,Black,
Genius 31030068101,https://pcpartpicker.com/product/G8Gkcf/genius-mouse-31030068101,/static/forever/img/no-image.png,Optical,Wireless,1250,Both,Blue / White,
Gigabyte GM-AIRE M1,https://pcpartpicker.com/product/pJLypg/gigabyte-mouse-gmairem1blue,/static/forever/img/no-image.png,Optical,Wired,1000,Both,Blue,
Genius 31030048102,https://pcpartpicker.com/product/LZphP6/genius-mouse-31030048102,https://images-na.ssl-images-amazon.com/images/I/51TTb4Ny2VL.jpg,Optical,Wireless,1000,Both,Black,
Microsoft BNA-00001,https://pcpartpicker.com/product/3kNp99/microsoft-mouse-bna00001oem,/static/forever/img/no-image.png,Laser,Wireless,,Both,Silver / Black,
Genius 31030068106,https://pcpartpicker.com/product/NMsKHx/genius-mouse-31030068106,https://images-na.ssl-images-amazon.com/images/I/41p4zroZzqL.jpg,Optical,Wireless,1250,Both,Black,
Sunbeam FireLine,https://pcpartpicker.com/product/sCxfrH/sunbeam-mouse-ms2011bkbl,/static/forever/img/no-image.png,Optical,Wired,800,Both,Black / Blue,
Genius 31030058101,https://pcpartpicker.com/product/nfw323/genius-mouse-31030058101,https://images-na.ssl-images-amazon.com/images/I/41Qs513cMuL.jpg,Optical,Wireless,1600,Right,Black / Gray,
Verbatim 97670,https://pcpartpicker.com/product/8kNp99/verbatim-mouse-97670,https://m.media-amazon.com/images/I/419UHXQaCOL.jpg,Optical,Wireless,,Both,Gray / Black,
Cyborg M.M.O.7,https://pcpartpicker.com/product/9MsKHx/cyborg-mouse-mcb437130001041,https://cdna.pcpartpicker.com/static/forever/images/product/aa052d750617860a07aa0a6f0f60d222.med.256p.jpg,Laser,Wired,6400,Both,White,
Verbatim 97667,https://pcpartpicker.com/product/xmtCmG/verbatim-mouse-97667,https://cdna.pcpartpicker.com/static/forever/images/product/d117eed5e5400b4c04ab8adca6e761fb.256p.jpg,Optical,Wireless,,Both,Pink / Black,
Logitech M325,https://pcpartpicker.com/product/8NtCmG/logitech-mouse-910002416,https://images-na.ssl-images-amazon.com/images/I/51DrTOpDFXL.jpg,Optical,Wireless,,Both,Blue / Black,49.99
Verbatim 97668,https://pcpartpicker.com/product/knfp99/verbatim-mouse-97668,https://m.media-amazon.com/images/I/41kf-GSM7uL.jpg,Optical,Wireless,,Both,Blue / Black,
Verbatim 97669,https://pcpartpicker.com/product/rCxfrH/verbatim-mouse-97669,https://m.media-amazon.com/images/I/31jwNg3aACL.jpg,Optical,Wireless,,Both,Red / Black,
Zalman ZM-M500WL,https://pcpartpicker.com/product/GTK7YJ/zalman-mouse-zmm500wl,https://m.media-amazon.com/images/I/41FQL-lh5uL.jpg,Optical,Wireless,3000,Both,Black,
Verbatim 97666,https://pcpartpicker.com/product/2LZQzy/verbatim-mouse-97666,https://m.media-amazon.com/images/I/418zynOKAOL.jpg,Optical,Wireless,,Both,Purple / Black,
Zalman ZM-M400,https://pcpartpicker.com/product/LRckcf/zalman-mouse-zmm400,https://m.media-amazon.com/images/I/4117SxmTEAL.jpg,Optical,Wired,1600,Right,Black / Gray,19.98
Verbatim Ergo Mouse,https://pcpartpicker.com/product/b6w323/verbatim-mouse-97591,https://m.media-amazon.com/images/I/419nA21oK+L.jpg,Optical,Wireless,,Right,Black,
Logitech M325,https://pcpartpicker.com/product/fz4gXL/logitech-mouse-910002966,https://m.media-amazon.com/images/I/51KSYNPdjCL.jpg,Optical,Wireless,,Both,Black,
Verbatim Ergo Mouse,https://pcpartpicker.com/product/WdkD4D/verbatim-mouse-97592,https://m.media-amazon.com/images/I/41k-4ov9RnL.jpg,Optical,Wireless,,Right,Red,
Logitech M310,https://pcpartpicker.com/product/rjTmP6/logitech-mouse-910002997,https://m.media-amazon.com/images/I/51Q6L0G5MsL.jpg,Laser,Wireless,,Both,Black,67.00
HP VK479AA#ABA,https://pcpartpicker.com/product/DVNp99/hp-mouse-vk479aaaba,https://m.media-amazon.com/images/I/31KqYD0WT3L.jpg,Optical,Wireless,,Both,Black,
Buslink SP-7000-BL,https://pcpartpicker.com/product/HtZQzy/buslink-mouse-sp7000bl,https://images-na.ssl-images-amazon.com/images/I/4190HPK9MWL.jpg,Optical,Wired,800,Both,Blue / Black,
Zalman ZM-M200,https://pcpartpicker.com/product/TTLypg/zalman-mouse-zmm200,https://m.media-amazon.com/images/I/41zCydbmO+L.jpg,Optical,Wired,1000,Both,Black,
Logitech M325,https://pcpartpicker.com/product/ZdLypg/logitech-mouse-910002968,https://m.media-amazon.com/images/I/51jBCgsELvL.jpg,Optical,Wireless,,Both,White / Black,
Zalman ZM-M300,https://pcpartpicker.com/product/Z3xfrH/zalman-mouse-zmm300,https://cdna.pcpartpicker.com/static/forever/images/product/ca62e893537bce82b8b13c2ef67e2b72.256p.jpg,Optical,Wired,2500,Both,Black,
Logitech M325,https://pcpartpicker.com/product/T7V48d/logitech-mouse-910003143,https://m.media-amazon.com/images/I/51w26IqO+fL.jpg,Optical,Wireless,,Both,Blue / Black,
Zalman ZM-M100,https://pcpartpicker.com/product/YCxfrH/zalman-mouse-zmm100,https://images-na.ssl-images-amazon.com/images/I/31SAWi9rtfL.jpg,Optical,Wired,1000,Both,Black,
Logitech M310,https://pcpartpicker.com/product/BHckcf/logitech-mouse-910003125,https://m.media-amazon.com/images/I/51gBWOaKrtL.jpg,Laser,Wireless,,Both,Red / Black,
Cyborg CCB437130002/04/1,https://pcpartpicker.com/product/wfW9TW/cyborg-mouse-ccb437130002041,https://cdna.pcpartpicker.com/static/forever/images/product/77ce14b101451940e78c58fa9853bfe1.med.256p.jpg,Laser,Wired,6400,Both,Black,
Logitech M310,https://pcpartpicker.com/product/zxw323/logitech-mouse-910002998,https://m.media-amazon.com/images/I/61X6ts0lJjL.jpg,Laser,Wireless,,Both,White / Black,
Verbatim Ergo Mouse,https://pcpartpicker.com/product/JWphP6/verbatim-mouse-97593,https://m.media-amazon.com/images/I/41tEXh33dhL.jpg,Optical,Wireless,,Right,Blue / Black,
Logitech M310,https://pcpartpicker.com/product/jQkD4D/logitech-mouse-910002953,/static/forever/img/no-image.png,Laser,Wireless,,Both,Red / Black,
Microsoft MHC-00035,https://pcpartpicker.com/product/4VNp99/microsoft-mouse-mhc00035,https://m.media-amazon.com/images/I/31HKA-WQ8iL.jpg,Optical,Wireless,,Both,Black / Silver,
Logitech M310,https://pcpartpicker.com/product/6VV48d/logitech-mouse-910002999,https://m.media-amazon.com/images/I/51g4g6BL2PL.jpg,Laser,Wireless,,Both,Black,43.90
Rosewill RM-7500,https://pcpartpicker.com/product/Qs2kcf/rosewill-mouse-rm7500,https://m.media-amazon.com/images/I/31XSlFPebEL.jpg,Optical,Wireless,1750,Both,Red / Black,
Logitech M325,https://pcpartpicker.com/product/7g9KHx/logitech-mouse-910003120,https://m.media-amazon.com/images/I/41GCHNmpqKL.jpg,Optical,Wireless,,,Purple / Black,
Microsoft Wireless Mobile Mouse3500,https://pcpartpicker.com/product/fBK7YJ/microsoft-mouse-gmf00178,https://m.media-amazon.com/images/I/51SedM4KoYL.jpg,Optical,Wireless,1000,Both,Pink / Black,
Targus AMW060US,https://pcpartpicker.com/product/9PCwrH/targus-mouse-amw060us,https://images-na.ssl-images-amazon.com/images/I/41%2B7t%2Bb7iYL.jpg,Optical,Wireless,,Both,Black,
Microsoft Wireless Mobile Mouse3500,https://pcpartpicker.com/product/nvMFf7/microsoft-mouse-gmf00179,https://m.media-amazon.com/images/I/41xgQOeox+L.jpg,Optical,Wireless,1000,Both,Red / Black,
Logitech M325,https://pcpartpicker.com/product/Rhfp99/logitech-mouse-910002967,https://images-na.ssl-images-amazon.com/images/I/51GvGjxfGyL.jpg,Optical,Wireless,,Both,Red / Black,
Microsoft Wireless Mobile Mouse3500,https://pcpartpicker.com/product/NmtCmG/microsoft-mouse-gmf00181,https://m.media-amazon.com/images/I/31If38UTtPL.jpg,Optical,Wireless,1000,Both,Black,
Razer Taipan,https://pcpartpicker.com/product/3MsKHx/razer-mouse-rz0100780100r3u1,https://m.media-amazon.com/images/I/31IDsyAVc3L.jpg,Laser,Wired,8200,Both,Black,
Microsoft Wireless Mobile Mouse3500,https://pcpartpicker.com/product/LTLypg/microsoft-mouse-gmf00173,https://m.media-amazon.com/images/I/41xos1HlsYL.jpg,Optical,Wireless,1000,Both,Blue / Black,
I/O Magic I012M01BPL,https://pcpartpicker.com/product/qQkD4D/io-magic-mouse-i012m01bpl,https://images-na.ssl-images-amazon.com/images/I/41WhLi5x0NL.jpg,Optical,Bluetooth Wireless,1000,Both,Purple,
Microsoft Wireless Mobile Mouse3500,https://pcpartpicker.com/product/G47wrH/microsoft-mouse-gmf00172,https://m.media-amazon.com/images/I/41X1AUCJ9IL.jpg,Optical,Wireless,1000,Both,Blue / Black,
I/O Magic I012M01BP,https://pcpartpicker.com/product/g4zv6h/io-magic-mouse-i012m01bp,/static/forever/img/no-image.png,Optical,Bluetooth Wireless,1000,Both,Pink,
Microsoft Explorer Touch Mouse,https://pcpartpicker.com/product/MNMFf7/microsoft-mouse-u5k00033,https://m.media-amazon.com/images/I/31Zgt8dfqVL.jpg,Optical,Wireless,,Both,White / Gray,
I/O Magic I012M01BS,https://pcpartpicker.com/product/tRckcf/io-magic-mouse-i012m01bs,/static/forever/img/no-image.png,Optical,Bluetooth Wireless,1000,Both,Silver,
I/O Magic I012M01GS,https://pcpartpicker.com/product/pMsKHx/io-magic-mouse-i012m01gs,https://images-na.ssl-images-amazon.com/images/I/31P9Ywneq6L.jpg,Optical,Wireless,1000,Both,Silver,
Microsoft Wireless Mobile Mouse3500,https://pcpartpicker.com/product/hpTmP6/microsoft-mouse-gmf00236,https://m.media-amazon.com/images/I/41n6a1BLNwL.jpg,Optical,Wireless,1000,Both,Pink / Black,
I/O Magic I012M01GPL,https://pcpartpicker.com/product/HsTmP6/io-magic-mouse-i012m01gpl,/static/forever/img/no-image.png,Optical,Wireless,1000,Both,Purple,
Microsoft Explorer Touch Mouse,https://pcpartpicker.com/product/ps2kcf/microsoft-mouse-u5k00034,https://m.media-amazon.com/images/I/41EcSIitFLL.jpg,Optical,Wireless,1000,Both,Pink / Black,
I/O Magic I012M01GBK,https://pcpartpicker.com/product/hZphP6/io-magic-mouse-i012m01gbk,https://images-na.ssl-images-amazon.com/images/I/31iSOFsN2VL.jpg,Optical,Wireless,1000,Both,Black,
Qumax LYNX-M9 UP,https://pcpartpicker.com/product/tTLypg/qumax-mouse-lynxm9up,/static/forever/img/no-image.png,Optical,Wired,800,Both,Black / Silver,
I/O Magic I012M01GR,https://pcpartpicker.com/product/XWkD4D/io-magic-mouse-i012m01gr,https://m.media-amazon.com/images/I/31TLdDjjgYL.jpg,Optical,Wireless,1000,Both,Red,
Toshiba PA3745U-1ETB,https://pcpartpicker.com/product/KmtCmG/toshiba-mouse-pa3745u1etb,https://images-na.ssl-images-amazon.com/images/I/315nviL0XQL.jpg,Laser,Wireless,1600,Both,Black / Silver,
I/O Magic I012M01GBL,https://pcpartpicker.com/product/vhfp99/io-magic-mouse-i012m01gbl,https://images-na.ssl-images-amazon.com/images/I/317ST3qpP7L.jpg,Optical,Wireless,1000,Both,Blue,
Microsoft Wireless Mobile Mouse3500,https://pcpartpicker.com/product/jVNp99/microsoft-mouse-gmf00177,https://images-na.ssl-images-amazon.com/images/I/511G1Fmw1pL.jpg,Optical,Wireless,1000,Both,Brown / Black,
I/O Magic I012M01GP,https://pcpartpicker.com/product/JGQypg/io-magic-mouse-i012m01gp,https://images-na.ssl-images-amazon.com/images/I/41enGVlPqPL.jpg,Optical,Wireless,1000,Both,Pink,
Dell 468-7410 Mouse,https://pcpartpicker.com/product/zTLypg/dell-mouse-4687410,/static/forever/img/no-image.png,Optical,Bluetooth Wireless,,Both,Black / Silver,
I/O Magic I012M01BR,https://pcpartpicker.com/product/PGQypg/io-magic-mouse-i012m01br,https://m.media-amazon.com/images/I/41e9Q5kJzjL.jpg,Optical,Bluetooth Wireless,1000,Both,Red,
Verbatim 96672,https://pcpartpicker.com/product/Bnfp99/verbatim-mouse-96672,https://m.media-amazon.com/images/I/41QlTAgbQZL.jpg,Laser,Wireless,1600,Both,Silver / Black,
I/O Magic I012M01BBK,https://pcpartpicker.com/product/dz4gXL/io-magic-mouse-i012m01bbk,/static/forever/img/no-image.png,Optical,Bluetooth Wireless,1000,Both,Black,
Targus AMU36USZ,https://pcpartpicker.com/product/GTLypg/targus-mouse-amu36usz,https://m.media-amazon.com/images/I/315MpZSrTXL.jpg,Optical,Wired,,Both,Black,
I/O Magic I012M01BBL,https://pcpartpicker.com/product/y3PfrH/io-magic-mouse-i012m01bbl,https://images-na.ssl-images-amazon.com/images/I/31cX-BSusdL.jpg,Optical,Bluetooth Wireless,1000,Both,Blue,
Microsoft Wireless Mobile Mouse3500,https://pcpartpicker.com/product/Mth9TW/microsoft-mouse-gmf00175,https://m.media-amazon.com/images/I/41extvcousL.jpg,Optical,Wireless,1000,Both,Red / Black,
Rosewill RM-P2U,https://pcpartpicker.com/product/Dg6BD3/rosewill-mouse-rmp2u,https://m.media-amazon.com/images/I/31oWyMyH88L.jpg,Optical,Wired,800,Both,Black,
Thermaltake MO-ARM005DT,https://pcpartpicker.com/product/ghfp99/thermaltake-mouse-moarm005dt,https://images-na.ssl-images-amazon.com/images/I/41vJyLFBxTL.jpg,Optical,Wired,1600,Both,Black,
Rosewill RM-P2P,https://pcpartpicker.com/product/CX6BD3/rosewill-mouse-rmp2p,https://m.media-amazon.com/images/I/314xgzJwKGL.jpg,Optical,Wired,800,Both,Black,
IBM 40K9200,https://pcpartpicker.com/product/9BCwrH/ibm-mouse-40k9200,https://images-na.ssl-images-amazon.com/images/I/41a-E6LyaPL.jpg,Optical,Wired,,Both,Black / Red,
Razer Naga Hex Wraith Red Edition,https://pcpartpicker.com/product/v8V48d/razer-mouse-rz0100750200r3u1,/static/forever/img/no-image.png,Laser,Wired,5600,Right,Red / Black,
Logitech M325,https://pcpartpicker.com/product/Kxw323/logitech-mouse-910002964,https://m.media-amazon.com/images/I/41-Epl9XlTL.jpg,Optical,Wireless,,Both,White / Purple,
Logitech M600,https://pcpartpicker.com/product/4bJwrH/logitech-mouse-910002666,https://m.media-amazon.com/images/I/41-5MQD3XaL.jpg,Optical,Wireless,,Both,Black,
Logitech M325,https://pcpartpicker.com/product/qVV48d/logitech-mouse-910003121,https://m.media-amazon.com/images/I/41gnZJW1ZPL.jpg,Optical,Wireless,,Both,Pink / Black,21.99
Microsoft Wireless Mobile Mouse3500,https://pcpartpicker.com/product/QJLypg/microsoft-mouse-gmf00176,https://m.media-amazon.com/images/I/31yD-rQzY+L.jpg,Optical,Wireless,1000,Both,White / Black,
Microsoft Wireless Mobile Mouse3500,https://pcpartpicker.com/product/g6w323/microsoft-mouse-gmf00174,https://images-na.ssl-images-amazon.com/images/I/410twiOlYRL.jpg,Optical,Wireless,1000,Both,Yellow / Black,
Thermaltake MO-TRN006DT,https://pcpartpicker.com/product/CtZQzy/thermaltake-mouse-motrn006dt,https://m.media-amazon.com/images/I/31yGdSRsHWL.jpg,Laser,Wired,5600,Both,Black,
Microsoft 72R-00002S,https://pcpartpicker.com/product/QkNp99/microsoft-mouse-72r00002s,/static/forever/img/no-image.png,Laser,Bluetooth Wireless,,Both,Black / Gray,
Thermaltake MO-SPH008DT,https://pcpartpicker.com/product/DMsKHx/thermaltake-mouse-mosph008dt,/static/forever/img/no-image.png,Optical,Wired,3500,Both,Black,
HP DY651A,https://pcpartpicker.com/product/6JLypg/hp-mouse-dy651a,https://cdna.pcpartpicker.com/static/forever/images/product/ec17a1afdae9699a9f9b0a3ffcbbcbc9.256p.jpg,Optical,Wired,,Both,Black,
Logitech Anywhere Mouse MX,https://pcpartpicker.com/product/Yfw323/logitech-mouse-910002896,https://m.media-amazon.com/images/I/51en5OTyOvL.jpg,Laser,Wireless,,Both,Black,
Cyborg R.A.T.7 Infection,https://pcpartpicker.com/product/ZVNp99/cyborg-mouse-ccb437080020041,/static/forever/img/no-image.png,Laser,Wired,,Right,Black,
Logitech M325,https://pcpartpicker.com/product/TFjG3C/logitech-mouse-910002965,https://m.media-amazon.com/images/I/51XYRpNnN1L.jpg,Optical,Wireless,,Both,Black,
Cyborg R.A.T. 3,https://pcpartpicker.com/product/hVNp99/cyborg-mouse-ccb4370300b2041,https://cdna.pcpartpicker.com/static/forever/images/product/5ed13f1e882c248142ecdd8250b24443.med.256p.jpg,Optical,Wired,3500,Right,Black,
Mad Catz EOV440620002/06/1,https://pcpartpicker.com/product/GKjG3C/mad-catz-mouse-eov440620002061,/static/forever/img/no-image.png,Laser,Bluetooth Wireless,1600,Both,Black,
Gear Head OM900P,https://pcpartpicker.com/product/zp6BD3/gear-head-mouse-om900p,https://m.media-amazon.com/images/I/41VvLk+OkLL.jpg,Optical,Wired,800,Both,Silver / Black,
Ergoguys RTM-083,https://pcpartpicker.com/product/9fW9TW/ergoguys-mouse-rtm083,https://m.media-amazon.com/images/I/41r2n1rgKHL.jpg,Optical,Wired,800,Both,Green,
Targus AMW06005US,https://pcpartpicker.com/product/DQkD4D/targus-mouse-amw06005us,https://m.media-amazon.com/images/I/41zoe44b1hL.jpg,Optical,Wireless,,Both,Silver / Black,
Microsoft Mobile Mouse 1000,https://pcpartpicker.com/product/zBK7YJ/microsoft-mouse-2cf00027,/static/forever/img/no-image.png,Optical,Wireless,1000,Both,Blue,
Verbatim 96673,https://pcpartpicker.com/product/NYsKHx/verbatim-mouse-96673,/static/forever/img/no-image.png,Laser,Wired,1600,Both,Silver / Black,
Microsoft Mobile Mouse 4000,https://pcpartpicker.com/product/YpTmP6/microsoft-mouse-d5d00047,/static/forever/img/no-image.png,Optical,Wireless,,Both,Blue / Black,
Gigabyte GM-KRYPTON,https://pcpartpicker.com/product/LFjG3C/gigabyte-mouse-gmkrypton,https://images-na.ssl-images-amazon.com/images/I/31AyODY6H1L.jpg,Laser,Wired,8200,Both,Black,
SteelSeries Xai Medal of Honor Edition,https://pcpartpicker.com/product/6cXfrH/steelseries-mouse-67704,https://images-na.ssl-images-amazon.com/images/I/31YDqyF8RfL.jpg,Laser,Wired,,Both,Gray / Black,
Gigabyte GM-FORCE M9,https://pcpartpicker.com/product/Nxw323/gigabyte-mouse-gmforcem9,https://images-na.ssl-images-amazon.com/images/I/41z8yZp4RVL.jpg,Optical,Wireless,2000,Right,Black / Green,
Mionix Naos 3200,https://pcpartpicker.com/product/z8V48d/mionix-mouse-000mio3200m,https://cdna.pcpartpicker.com/static/forever/images/product/618071660841988f6b5ef20cf7e244f8.256p.jpg,Optical,Wired,3200,Right,Black,
Gigabyte GM-FORCE M9 ICE,https://pcpartpicker.com/product/nyh9TW/gigabyte-mouse-gmforcem9ice,https://m.media-amazon.com/images/I/31GUfQgthvL.jpg,Laser,Wireless,2000,Right,Black,
Mionix NAOS 5000,https://pcpartpicker.com/product/BfW9TW/mionix-mouse-000mio5000m,https://cdna.pcpartpicker.com/static/forever/images/product/05393675dad7aa381f745ab6c046ab0f.256p.jpg,Laser,Wired,5040,Right,Black,
SteelSeries 62022,https://pcpartpicker.com/product/fnzv6h/steelseries-mouse-62022,https://images-na.ssl-images-amazon.com/images/I/31P9a61ILtL.jpg,Optical,Wired,3200,Both,Black,
A4Tech OP-620,https://pcpartpicker.com/product/C2dqqs/a4tech-mouse-op620,https://cdna.pcpartpicker.com/static/forever/images/product/bcefd58a8bc0fd3a4ef5efae38bbd6a1.med.256p.jpg,Laser,Wired,,Both,Black,
Fujitsu FPCMO16AP,https://pcpartpicker.com/product/ZFjG3C/fujitsu-mouse-fpcmo16ap,https://cdna.pcpartpicker.com/static/forever/images/product/ed21e96fb44ddd1769e91b65d3910496.med.256p.jpg,Optical,Wired,,Both,Black,
Mad Catz CCB4370300B2/04/1,https://pcpartpicker.com/product/TPCwrH/mad-catz-mouse-ccb4370300b2041,https://images-na.ssl-images-amazon.com/images/I/411G1n4UnKL.jpg,Optical,Wired,3500,Right,Black,
A4Tech G7-750D,https://pcpartpicker.com/product/ymtCmG/a4tech-mouse-g7750d,https://cdna.pcpartpicker.com/static/forever/images/product/89718f3bb5ffb70597ee6ce6ad4816cb.med.256p.jpg,Optical,Wireless,,Right,Gray / Black,
Mad Catz CCB4370800B1/04/1,https://pcpartpicker.com/product/BTK7YJ/mad-catz-mouse-ccb4370800b1041,https://images-na.ssl-images-amazon.com/images/I/41mZXe9xAnL.jpg,Laser,Wired,6400,Right,Black,
A4Tech G9-530HX,https://pcpartpicker.com/product/djzv6h/a4tech-mouse-g9530hx,https://cdna.pcpartpicker.com/static/forever/images/product/e00b7987230a8f44768b3814b5d8806c.256p.jpg,Laser,Wireless,2000,Both,Gray / Black,
Mad Catz CCB437130002/04/1,https://pcpartpicker.com/product/zkYXsY/mad-catz-mouse-ccb437130002041,https://m.media-amazon.com/images/I/31eWhkswOIL.jpg,Laser,Wired,6400,Both,Black,
A4Tech F3,https://pcpartpicker.com/product/HvMFf7/a4tech-mouse-f3,https://cdna.pcpartpicker.com/static/forever/images/product/33a87cef663b801665cb8b7c0e60af37.med.256p.jpg,Laser,Wired,3200,Both,Black,
Logitech 910-003152,https://pcpartpicker.com/product/jJK7YJ/logitech-mouse-910003152,https://m.media-amazon.com/images/I/41wLkuEYYvL.jpg,Optical,Wired,1000,Both,Black,
A4Tech XL-747H,https://pcpartpicker.com/product/FJLypg/a4tech-mouse-xl747h,https://cdna.pcpartpicker.com/static/forever/images/product/a5b2d8884f09a7cc7919b6a68473f2ac.med.256p.jpg,Laser,Wired,3600,Both,Black,
SteelSeries Kana,https://pcpartpicker.com/product/8jTmP6/steelseries-mouse-62030,https://m.media-amazon.com/images/I/31WAT0YfihL.jpg,Optical,Wired,3200,Both,Black / Orange,
Cooler Master CM Storm Sentinel Advance II,https://pcpartpicker.com/product/mg9KHx/cooler-master-mouse-sgm6010kllw1,https://cdna.pcpartpicker.com/static/forever/images/product/c490ac0c24f5c9e4baa0be0934fef50b.256p.jpg,Laser,Wired,8200,Right,Gray,
Verbatim 97264,https://pcpartpicker.com/product/PVV48d/verbatim-mouse-97264,https://images-na.ssl-images-amazon.com/images/I/41LvfqK4%2BlL.jpg,Laser,Wireless,1600,Both,Red / White,
ROCCAT Savu,https://pcpartpicker.com/product/tCTmP6/roccat-mouse-roc11600,https://images-na.ssl-images-amazon.com/images/I/310x9s6CnKL.jpg,Optical,Wired,4000,Right,Black,
SteelSeries Ikari,https://pcpartpicker.com/product/C69KHx/steelseries-mouse-62000ss,https://cdna.pcpartpicker.com/static/forever/images/product/1090bf43c5bf6082cfa40099a3734c7b.med.256p.jpg,Optical,Wired,,Right,Gray / Black,
Rosewill RM-7600,https://pcpartpicker.com/product/6BCwrH/rosewill-mouse-rm7600,https://images-eu.ssl-images-amazon.com/images/I/31CZyDp2urL.jpg,Optical,Wireless,1600,Both,Black / Red,
Gear Head OM3400U,https://pcpartpicker.com/product/FZphP6/gear-head-mouse-om3400u,https://images-na.ssl-images-amazon.com/images/I/31ELayLnznL.jpg,Optical,Wired,400,Both,Black,
Ergoguys MIBRU-002,https://pcpartpicker.com/product/bp6BD3/ergoguys-mouse-mibru002,/static/forever/img/no-image.png,Laser,Wired,3200,Right,Black,
Ergoguys MIBRU-001,https://pcpartpicker.com/product/3wW9TW/ergoguys-mouse-mibru001,/static/forever/img/no-image.png,Optical,Wired,2400,Both,Red / Black,
Razer Orochi Mobile,https://pcpartpicker.com/product/rGQypg/razer-mouse-rz0100300300r3m1,https://images-na.ssl-images-amazon.com/images/I/318-g5hHV8L.jpg,Laser,Wireless,2000,Both,Black,
SteelSeries 62040,https://pcpartpicker.com/product/9CTmP6/steelseries-mouse-62040,https://m.media-amazon.com/images/I/21JzFXrkmtL.jpg,Optical,Wired,3200,Both,White / Black,
Belkin F5M005q,https://pcpartpicker.com/product/C8Gkcf/belkin-mouse-f5m005q,https://m.media-amazon.com/images/I/310yTVTupbL.jpg,Optical,Wired,800,Both,Black,
SteelSeries 62024,https://pcpartpicker.com/product/74zv6h/steelseries-mouse-62024,https://images-na.ssl-images-amazon.com/images/I/312YWrYAp-L.jpg,Optical,Wired,3200,,Orange / Black,
SteelSeries 62050,https://pcpartpicker.com/product/wYsKHx/steelseries-mouse-62050,https://m.media-amazon.com/images/I/511hHrb1OIL.jpg,Optical,Wired,3600,Right,Black,
SteelSeries Kana,https://pcpartpicker.com/product/VFjG3C/steelseries-mouse-62029,https://m.media-amazon.com/images/I/218PI7EGa3L.jpg,Optical,Wired,3200,Both,White / Black,
Gear Head MP1700BLU,https://pcpartpicker.com/product/MCTmP6/gear-head-mouse-mp1700blu,/static/forever/img/no-image.png,Optical,Wireless,800,Both,Blue,
SteelSeries 62023,https://pcpartpicker.com/product/mCTmP6/steelseries-mouse-62023,https://images-na.ssl-images-amazon.com/images/I/31fW4%2B4PcXL.jpg,Optical,Wired,3200,Both,Yellow / Black,
Mad Catz SM34361100A1/04/1,https://pcpartpicker.com/product/GJK7YJ/mad-catz-mouse-sm34361100a1041,https://images-na.ssl-images-amazon.com/images/I/31tFcxew50L.jpg,Optical,Wired,,Both,White,
SteelSeries Sensei - Fnatic,https://pcpartpicker.com/product/8QkD4D/steelseries-mouse-62152,https://images-na.ssl-images-amazon.com/images/I/31OLNoDwoKL.jpg,Laser,Wired,11400,Both,Black / White,
Cherry MW-2800-5,https://pcpartpicker.com/product/Lcw323/cherry-mouse-mw28005,/static/forever/img/no-image.png,Optical,Wired,,Both,Blue,
SteelSeries 62020,https://pcpartpicker.com/product/xg9KHx/steelseries-mouse-62020,https://m.media-amazon.com/images/I/31M1FeHdsFL.jpg,Optical,Wired,3200,Both,Silver / Black,
Gear Head OM4000W-CP10,https://pcpartpicker.com/product/Nz4gXL/gear-head-mouse-om4000wcp10,https://images-na.ssl-images-amazon.com/images/I/31V0bXmfLkL.jpg,Optical,Wireless,,Both,Black / Silver,
SteelSeries 62025,https://pcpartpicker.com/product/kfw323/steelseries-mouse-62025,https://m.media-amazon.com/images/I/4112q06hfsL.jpg,Optical,Wired,3200,Both,Red / Black,
Gear Head MP1800RED,https://pcpartpicker.com/product/np6BD3/gear-head-mouse-mp1800red,https://images-na.ssl-images-amazon.com/images/I/41CjjR1HYBL.jpg,Optical,Wireless,800,Both,Red,
SteelSeries 62041,https://pcpartpicker.com/product/rMsKHx/steelseries-mouse-62041,https://images-na.ssl-images-amazon.com/images/I/31Loe7Y7z8L.jpg,Optical,Wired,3200,Both,Blue / Black,
Microsoft RVF-00030,https://pcpartpicker.com/product/fdLypg/microsoft-mouse-rvf00030,https://images-na.ssl-images-amazon.com/images/I/31%2BhVFjKnUL.jpg,Optical,Wireless,1000,Both,Black,
Microsoft 5CJ-00003,https://pcpartpicker.com/product/2xw323/microsoft-mouse-5cj00003,https://m.media-amazon.com/images/I/417RzUkDeTL.jpg,Optical,Wired,1000,Both,Black,
Microsoft 5AJ-00006,https://pcpartpicker.com/product/4p6BD3/microsoft-mouse-5aj00006,https://images-na.ssl-images-amazon.com/images/I/31ag6%2Bsbp3L.jpg,Optical,Wired,1000,Both,White / Gray,
SteelSeries 62016,https://pcpartpicker.com/product/b2PfrH/steelseries-mouse-62016,https://m.media-amazon.com/images/I/31pdUwYh4+L.jpg,Optical,Wired,3200,Both,Black,
Cherry MW-2800-2,https://pcpartpicker.com/product/zPCwrH/cherry-mouse-mw28002,https://m.media-amazon.com/images/I/31PgzFv8P9L.jpg,Optical,Wired,,Both,Black,
Microsoft L2 Mobile Mouse 3500 Artist Ho,https://pcpartpicker.com/product/2Hckcf/microsoft-mouse-gmf00253,https://images-na.ssl-images-amazon.com/images/I/414Yi5tHngL.jpg,Optical,Wireless,,Both,White / Black,
Logitech M500,https://pcpartpicker.com/product/w9g323/logitech-mouse-910002810,/static/forever/img/no-image.png,Laser,Wired,,Right,Black,
Microsoft L2 Mobile Mouse 3500,https://pcpartpicker.com/product/ncw323/microsoft-mouse-gmf00278,https://cdna.pcpartpicker.com/static/forever/images/product/71c6963e11d04b1ef362d0af4b7c161c.256p.jpg,Optical,Wireless,,Both,Pink / Black,
SteelSeries Sensei Pro MLG Edition,https://pcpartpicker.com/product/BwW9TW/steelseries-mouse-62153,https://m.media-amazon.com/images/I/41K6OpKaYFL.jpg,Laser,Wired,8200,Both,Gray / Black,
Microsoft L2 Mobile Mouse 3500 Artist McClure,https://pcpartpicker.com/product/f3PfrH/microsoft-mouse-gmf00263,https://images-na.ssl-images-amazon.com/images/I/5104K1A71cL.jpg,Optical,Wireless,,Both,Pink / Black,
Microsoft L2 Mobile Mouse 3500,https://pcpartpicker.com/product/T8Gkcf/microsoft-mouse-gmf00273,https://m.media-amazon.com/images/I/51hyf4lv+cL.jpg,Optical,Wireless,,Both,Blue,
Microsoft L2 Mobile Mouse 3500 Artist Lyon,https://pcpartpicker.com/product/4yh9TW/microsoft-mouse-gmf00268,https://images-na.ssl-images-amazon.com/images/I/51kHyCTlO4L.jpg,Optical,Wireless,,Both,Purple / Black,
Microsoft L2 Mobile Mouse 3500 Artist Zansky,https://pcpartpicker.com/product/ZtZQzy/microsoft-mouse-gmf00258,https://images-na.ssl-images-amazon.com/images/I/512hBrixqbL.jpg,Optical,Wireless,,Both,Yellow / Black,
Microsoft L2 Mobile Mouse 3500 Artist James,https://pcpartpicker.com/product/Ynzv6h/microsoft-mouse-gmf00248,https://images-na.ssl-images-amazon.com/images/I/515mL-aKf0L.jpg,Optical,Wireless,,,White / Black,
Genius Pen Mouse,https://pcpartpicker.com/product/wNtCmG/genius-mouse-31030049102,https://m.media-amazon.com/images/I/41Fi+3MjvCL.jpg,Optical,Wireless,1200,Both,Silver / Black,
A4Tech v5,https://pcpartpicker.com/product/WXDwrH/a4tech-mouse-v5,https://cdna.pcpartpicker.com/static/forever/images/product/d57df58a25a1dd8961c1914beeac9652.med.256p.jpg,Optical,Wired,3200,Both,Black,
Microsoft PL2 Wedge Touch Mouse,https://pcpartpicker.com/product/GWkD4D/microsoft-mouse-3lr00004,https://m.media-amazon.com/images/I/31+kCKKFNiL.jpg,Touchpad,Bluetooth Wireless,,Both,Black / Silver,
A4Tech v3,https://pcpartpicker.com/product/bjdqqs/a4tech-mouse-v3,https://cdna.pcpartpicker.com/static/forever/images/product/d57df58a25a1dd8961c1914beeac9652.med.256p.jpg,Optical,Wired,3200,Right,Black,
HP GD527AV,https://pcpartpicker.com/product/vHckcf/hp-mouse-gd527av,/static/forever/img/no-image.png,Optical,Wired,400,Both,Black / Silver,
A4Tech v7,https://pcpartpicker.com/product/2R7wrH/a4tech-mouse-v7,https://cdna.pcpartpicker.com/static/forever/images/product/71b233a23752ea00ff11afff79433f21.med.256p.jpg,Optical,Wired,3200,Right,Black,
Microsoft L2 Sculpt Touch Mouse,https://pcpartpicker.com/product/myh9TW/microsoft-mouse-6pl00003,https://m.media-amazon.com/images/I/414vwMjzR9L.jpg,Optical,Bluetooth Wireless,,Both,Gray / Black,69.98
A4Tech G7-100-D,https://pcpartpicker.com/product/r7Qypg/a4tech-mouse-g7100d,https://cdna.pcpartpicker.com/static/forever/images/product/8bf95f9aa1c4b5fb1cc10cd7335c885c.med.256p.jpg,Optical,Wireless,1000,Both,Gray / Black,
Toshiba PA3844U-1ETB,https://pcpartpicker.com/product/Q8Gkcf/toshiba-mouse-pa3844u1etb,https://images-na.ssl-images-amazon.com/images/I/31TfBXauvhL.jpg,Optical,Wireless,,Both,Black / Gray,
Targus AMW58US,https://pcpartpicker.com/product/kTQypg/targus-mouse-amw58us,https://m.media-amazon.com/images/I/41pvrIDDMpL.jpg,Laser,Bluetooth Wireless,,Both,Black,
Microsoft S9J-00009,https://pcpartpicker.com/product/mVV48d/microsoft-mouse-s9j00009,https://m.media-amazon.com/images/I/31PSfe8+dwL.jpg,Optical,Wired,1000,Both,Black,
Cooler Master Recon,https://pcpartpicker.com/product/bsTmP6/cooler-master-mouse-sgm4001kllw1,https://m.media-amazon.com/images/I/41URE5vBWxL.jpg,Optical,Wired,4000,Both,Black,
A4Tech G9-110H-2,https://pcpartpicker.com/product/8KvRsY/a4tech-mouse-g9110h2,https://cdna.pcpartpicker.com/static/forever/images/product/4c1e8aefdb2a656a71bad182b478511a.med.256p.jpg,Optical,Wireless,,Both,White / Silver,27.61
Logitech T400,https://pcpartpicker.com/product/48DwrH/logitech-mouse-910003041,https://m.media-amazon.com/images/I/31v5hCfzNJL.jpg,Optical,Wireless,,Both,Black,
Logitech T620,https://pcpartpicker.com/product/99kD4D/logitech-mouse-910003334,https://m.media-amazon.com/images/I/41QPA5vX2WL.jpg,Optical,Wireless,,Both,Black,
Microsoft L2 Notebook Mouse 5000,https://pcpartpicker.com/product/7PZQzy/microsoft-mouse-69r00025,https://m.media-amazon.com/images/I/41335Cz0p9L.jpg,Laser,Bluetooth Wireless,,Both,Black / Gray,
A4Tech G7-310D-2,https://pcpartpicker.com/product/7hbp99/a4tech-mouse-g7310d2,https://cdna.pcpartpicker.com/static/forever/images/product/8f3187f7d87ba44e6f53ab8659b71e45.med.256p.jpg,Optical,Wireless,2000,Both,Black / Silver,
Interlink VP6156,https://pcpartpicker.com/product/kL3RsY/interlink-mouse-vp6156,/static/forever/img/no-image.png,Optical,Bluetooth Wireless,,Both,Gray / Black,
Gear Head MP2425PUR,https://pcpartpicker.com/product/9WFPxr/gear-head-mouse-mp2425pur,https://m.media-amazon.com/images/I/41PBeVNPTQL.jpg,Optical,Wireless,1000,Both,Black / Purple,
A4Tech D-730FX,https://pcpartpicker.com/product/rHCwrH/a4tech-mouse-d730fx,https://cdna.pcpartpicker.com/static/forever/images/product/9ea39476b84749920a417c2012e243e5.med.256p.jpg,Optical,Wired,1600,Right,Black,
Gear Head MP2325BLK,https://pcpartpicker.com/product/RG9KHx/gear-head-mouse-mp2325blk,https://m.media-amazon.com/images/I/416IvsZKlKL.jpg,Optical,Wireless,1000,Both,Black,
Gear Head MP2125BLU,https://pcpartpicker.com/product/3FvRsY/gear-head-mouse-mp2125blu,https://images-na.ssl-images-amazon.com/images/I/41JFIzV57lL.jpg,Optical,Wireless,1000,Both,Black / Blue,
A4Tech G10-810H,https://pcpartpicker.com/product/bvXfrH/a4tech-mouse-g10810h,https://cdna.pcpartpicker.com/static/forever/images/product/4667049ccc09af6887cb0010ab1081e5.med.256p.jpg,Optical,Wireless,2000,Right,Black,
Microsoft 2CF-00041,https://pcpartpicker.com/product/FdZQzy/microsoft-mouse-2cf00041,https://m.media-amazon.com/images/I/51SwHDeXj3L.jpg,Optical,Wireless,1000,Both,Red,
Gyration Air Mouse Mobile,https://pcpartpicker.com/product/WZNp99/gyration-mouse-gym2200,https://cdna.pcpartpicker.com/static/forever/images/product/c5bc473d95fe96efa55bc427290ee7d3.med.256p.jpg,Laser,Wireless,,Both,Gray / Black,
Microsoft PL2 ARC Touch Mouse,https://pcpartpicker.com/product/Q7Qypg/microsoft-mouse-rvf00052,https://m.media-amazon.com/images/I/31aW0pFWD0L.jpg,Optical,Wireless,,Both,Black,
A4Tech D-120,https://pcpartpicker.com/product/6hbp99/a4tech-mouse-d120,https://cdna.pcpartpicker.com/static/forever/images/product/9c8799b0494fa3f6310ab7e13b8b6b39.med.256p.jpg,Optical,Wired,1000,Both,Black / Silver,
Microsoft L2 Wireless Mouse 2000,https://pcpartpicker.com/product/K8DwrH/microsoft-mouse-36d00013,https://m.media-amazon.com/images/I/41b7w-0U8sL.jpg,Optical,Wireless,,Both,Black,
A4Tech D-600X,https://pcpartpicker.com/product/jXDwrH/a4tech-mouse-d600x,https://cdna.pcpartpicker.com/static/forever/images/product/a116fa88b790c3c1aa7a412a38f2f088.med.256p.jpg,Optical,Wired,1600,Both,Black,
Microsoft L2 Wireless Mouse 5000,https://pcpartpicker.com/product/qsDwrH/microsoft-mouse-mgc00017,https://m.media-amazon.com/images/I/417JirgrI9L.jpg,Optical,Wireless,,Both,Black,
A4Tech G11-570HX-1,https://pcpartpicker.com/product/zyYXsY/a4tech-mouse-g11570hx1,https://cdna.pcpartpicker.com/static/forever/images/product/32702e2a4dff6402131cd81382124a41.med.256p.jpg,Optical,Wireless,2000,Right,Black / Silver,
Microsoft L2 Mobile Mouse 1000,https://pcpartpicker.com/product/gsDwrH/microsoft-mouse-2cf00036,https://images-na.ssl-images-amazon.com/images/I/41K9S%2BdInrL.jpg,Optical,Wireless,,Both,Pink,
Microsoft L2 Mobile Mouse 1000,https://pcpartpicker.com/product/t6JwrH/microsoft-mouse-2cf00031,https://m.media-amazon.com/images/I/41mwyptt8nL.jpg,Optical,Wireless,,Both,Blue,
A4Tech D-530-FX2,https://pcpartpicker.com/product/TWFPxr/a4tech-mouse-d530fx2,https://images-na.ssl-images-amazon.com/images/I/41x%2BIwrqnhL.jpg,Optical,Wired,1600,Both,Black / Gray,
Logitech 910-002730,https://pcpartpicker.com/product/pgGkcf/logitech-mouse-910002730,https://m.media-amazon.com/images/I/31TkWs66ApL.jpg,Optical,Wireless,1000,Both,White / Silver,
A4Tech D-500F,https://pcpartpicker.com/product/ZL3RsY/a4tech-mouse-d500f,https://cdna.pcpartpicker.com/static/forever/images/product/a6e03a72dc02c7b1026ab997731a5e93.med.256p.jpg,Optical,Wired,1000,Both,Black,
Logitech 910-002727,https://pcpartpicker.com/product/HxphP6/logitech-mouse-910002727,https://cdna.pcpartpicker.com/static/forever/images/product/56d1711dc160f55aa7437c7fe2aafcef.256p.jpg,Optical,Wireless,1000,Both,Red / White,
A4Tech D-530-FX1,https://pcpartpicker.com/product/YJckcf/a4tech-mouse-d530fx1,https://cdna.pcpartpicker.com/static/forever/images/product/ee25266b2657f3398e0768e682b870f2.med.256p.jpg,Optical,Wired,1600,Both,Gray / Black,
Logitech 910-003153,https://pcpartpicker.com/product/hM9KHx/logitech-mouse-910003153,https://m.media-amazon.com/images/I/31+i-0OBeUL.jpg,Optical,Wired,1000,Both,Black,
A4Tech D-70FX,https://pcpartpicker.com/product/4D9KHx/a4tech-mouse-d70fx,https://cdna.pcpartpicker.com/static/forever/images/product/a5e4158db9e888434eca7bdb1fb0ad4d.med.256p.jpg,Optical,Wired,1600,Right,Black,
Logitech 910-002708,https://pcpartpicker.com/product/XL3RsY/logitech-mouse-910002708,https://images-na.ssl-images-amazon.com/images/I/31ElUeGWDQL.jpg,Laser,Bluetooth Wireless,1000,Both,Black,
A4Tech G9-600HX,https://pcpartpicker.com/product/f7Qypg/a4tech-mouse-g9600hx,https://cdna.pcpartpicker.com/static/forever/images/product/8891c5b4b976a4b5be3a37303bdc3c08.med.256p.jpg,Optical,Wireless,,Both,Black,
Mad Catz CCB437130002/04/1DUP,https://pcpartpicker.com/product/yc8Zxr/mad-catz-mouse-ccb437130002041dup,/static/forever/img/no-image.png,Laser,Wired,6400,Right,Black / Orange,
A4Tech G10-770H,https://pcpartpicker.com/product/nQrG3C/a4tech-mouse-g10770h,https://cdna.pcpartpicker.com/static/forever/images/product/84db9b3801bdeef26f83eb192f66622f.med.256p.jpg,Optical,Wireless,2000,Right,Black,
SteelSeries Kana CounterStrike GO,https://pcpartpicker.com/product/cfQypg/steelseries-mouse-62031,https://m.media-amazon.com/images/I/41LaKAwGcIL.jpg,Optical,Wired,1600,Both,Gray / Silver,
A4Tech G9-530HX-2,https://pcpartpicker.com/product/NG9KHx/a4tech-mouse-g9530hx2,https://cdna.pcpartpicker.com/static/forever/images/product/cb55d718aba6008eae103e83a28b351e.med.256p.jpg,Optical,Wireless,,Both,Black / Gray,
Cyborg R.A.T.7 Albino,https://pcpartpicker.com/product/CJckcf/cyborg-mouse-ccb4370800b1041,https://cdna.pcpartpicker.com/static/forever/images/product/b2e4fd0fe02de7c817da55d8eee854fc.med.256p.jpg,Laser,Wired,6400,Right,White,
Verbatim 97786,https://pcpartpicker.com/product/LkphP6/verbatim-mouse-97786,https://m.media-amazon.com/images/I/31yyMEanlgL.jpg,Optical,Wireless,,Right,Black / Silver,
Verbatim 97783,https://pcpartpicker.com/product/D37wrH/verbatim-mouse-97783,https://m.media-amazon.com/images/I/31RkDSzQdpL.jpg,Optical,Wireless,,Right,Purple / Black,
Verbatim 97785,https://pcpartpicker.com/product/GXDwrH/verbatim-mouse-97785,https://m.media-amazon.com/images/I/31ma28X5n3L.jpg,Optical,Wireless,,Right,Blue / Black,
Microsoft L2 Comfort Mouse 4500,https://pcpartpicker.com/product/wPZQzy/microsoft-mouse-4fd00025,https://cdna.pcpartpicker.com/static/forever/images/product/5d5219565c61f2e6561833a72b5f710e.256p.jpg,Optical,Wired,,Both,Silver / Black,
Verbatim 97784,https://pcpartpicker.com/product/MpCwrH/verbatim-mouse-97784,https://m.media-amazon.com/images/I/5181FshuApL.jpg,Optical,Wireless,,Right,Red / Black,
Kensington K72421AM,https://pcpartpicker.com/product/P37wrH/kensington-mouse-k72421am,https://cdna.pcpartpicker.com/static/forever/images/product/6577ca54dea28234073e11bc3d75bbc5.256p.jpg,Optical,Wireless,,Right,Blue,28.91
Kensington K72423AM,https://pcpartpicker.com/product/J8DwrH/kensington-mouse-k72423am,https://cdna.pcpartpicker.com/static/forever/images/product/57f1d5177fddbe1ccdcb664fcd6051dc.256p.jpg,Optical,Wireless,,Right,Green,27.98
Kensington K72424AM,https://pcpartpicker.com/product/vnxfrH/kensington-mouse-k72424am,https://cdna.pcpartpicker.com/static/forever/images/product/3c542d1e52d24f6adddf69808b9f5b82.256p.jpg,Optical,Wireless,,Right,Green,22.99
Microsoft 4PA-00003,https://pcpartpicker.com/product/ZXDwrH/microsoft-mouse-4pa00003,https://m.media-amazon.com/images/I/41DgRPohTBL.jpg,Optical,Wired,,Both,Silver,
Cobra E-3lue,https://pcpartpicker.com/product/NL3RsY/cobra-mouse-ems109bk,https://cdna.pcpartpicker.com/static/forever/images/product/d7d6f1f0e777d2cc2e55e9124fb1c41c.256p.jpg,Optical,Wired,1600,Both,Black,
Corsair Vengeance M95,https://pcpartpicker.com/product/LN8Zxr/corsair-mouse-ch9000026na,https://m.media-amazon.com/images/I/41-+tK0CdaL.jpg,Laser,Wired,8200,Right,White,
Corsair Vengeance M65,https://pcpartpicker.com/product/YBkD4D/corsair-mouse-m65white,https://m.media-amazon.com/images/I/411YFv6GD9L.jpg,Laser,Wired,8200,Right,White,
Corsair Raptor M3,https://pcpartpicker.com/product/yr4gXL/corsair-mouse-ch9000037na,https://images-na.ssl-images-amazon.com/images/I/41NRBo6w4qL.jpg,Optical,Wired,1600,Right,Black,
Corsair Raptor M4,https://pcpartpicker.com/product/dc9KHx/corsair-mouse-ch9000036na,https://images-na.ssl-images-amazon.com/images/I/41UstUiEi%2BL.jpg,Laser,Wired,6000,Right,Black,
Anker AK-98ANDS2368-BA,https://pcpartpicker.com/product/F4xfrH/anker-mouse-ak98ands2368ba,/static/forever/img/no-image.png,Laser,Wired,8000,Right,Black,
Mad Catz M.M.O. 7,https://pcpartpicker.com/product/Rbbp99/mad-catz-mouse-mcb4371300c2041,https://m.media-amazon.com/images/I/51X8KI9x3xL.jpg,Laser,Wired,6400,Right,Black,
Mad Catz M.M.O. 7,https://pcpartpicker.com/product/9GyFf7/mad-catz-mouse-mcb437130013041,https://m.media-amazon.com/images/I/41omkAU6m5L.jpg,Laser,Wired,6400,Right,Red,
Mad Catz M.M.O.7,https://pcpartpicker.com/product/RnxfrH/mad-catz-mouse-mcb437130001041,https://m.media-amazon.com/images/I/41q4wLsB4EL.jpg,Laser,Wired,6400,Right,White,
Mad Catz R.A.T. M,https://pcpartpicker.com/product/3tMFf7/mad-catz-mouse-mcb4371000c2041,https://m.media-amazon.com/images/I/41Mp4nd+AGL.jpg,Laser,Bluetooth Wireless,6400,Right,Black,
Mad Catz R.A.T. M,https://pcpartpicker.com/product/FGyFf7/mad-catz-mouse-mcb437100013041,https://m.media-amazon.com/images/I/513Z6Cf1b0L.jpg,Laser,Bluetooth Wireless,6400,Right,Red,
Mad Catz R.A.T. M,https://pcpartpicker.com/product/RkxfrH/mad-catz-mouse-mcb437100002041,https://m.media-amazon.com/images/I/417AuYRjqaL.jpg,Laser,Bluetooth Wireless,6400,Right,Blue / Silver,
Mad Catz R.A.T. M,https://pcpartpicker.com/product/QZh9TW/mad-catz-mouse-mcb437100001041,https://m.media-amazon.com/images/I/319VBY+onhL.jpg,Laser,Bluetooth Wireless,6400,Right,White,
Mad Catz R.A.T. 3,https://pcpartpicker.com/product/QM9KHx/mad-catz-mouse-mcb4370300b2041,https://images-na.ssl-images-amazon.com/images/I/41yg%2BtnHXPL.jpg,Optical,Wired,3500,Right,Black,
Mad Catz R.A.T. 3,https://pcpartpicker.com/product/DfQypg/mad-catz-mouse-mcb437030013041,https://m.media-amazon.com/images/I/41DxZVTI5SL.jpg,Optical,Wired,3500,Right,Red,
Mad Catz R.A.T. 3,https://pcpartpicker.com/product/KxphP6/mad-catz-mouse-mcb437030001041,https://m.media-amazon.com/images/I/41Eg8nZvS2L.jpg,Optical,Wired,3500,Right,White,
Mad Catz R.A.T. 9,https://pcpartpicker.com/product/wKvRsY/mad-catz-mouse-mcb4370900b2021,https://images-na.ssl-images-amazon.com/images/I/41%2BKk4qxy%2BL.jpg,Laser,Wireless,6400,Right,Black,
Mad Catz R.A.T. 3,https://pcpartpicker.com/product/gKvRsY/mad-catz-mouse-mcb4370300c2041,https://m.media-amazon.com/images/I/41Z6ovDvxiL.jpg,Optical,Wired,3500,Right,Black / Red,
Mad Catz R.A.T. 5,https://pcpartpicker.com/product/qVkD4D/mad-catz-mouse-mcb437050001041,https://images-na.ssl-images-amazon.com/images/I/41XTEaE7bGL.jpg,Laser,Wired,5600,Right,White,
Mad Catz R.A.T. 7,https://pcpartpicker.com/product/pWFPxr/mad-catz-mouse-mcb437080013041,https://m.media-amazon.com/images/I/51v7YP8LqYL.jpg,Laser,Wired,6400,Right,Red,
Mad Catz R.A.T. 5,https://pcpartpicker.com/product/wZNp99/mad-catz-mouse-mcb4370500c2041,https://m.media-amazon.com/images/I/41knTsuQLgL.jpg,Laser,Wired,5600,Right,Black / Red,
Mad Catz R.A.T. 5,https://pcpartpicker.com/product/Hbbp99/mad-catz-mouse-mcb437050013041,https://images-na.ssl-images-amazon.com/images/I/418oyy94hsL.jpg,Laser,Wired,5600,Right,Red,
Mad Catz R.A.T. 9,https://pcpartpicker.com/product/knxfrH/mad-catz-mouse-mcb437090001021,https://m.media-amazon.com/images/I/31mOPU1DBzL.jpg,Laser,Wireless,6400,Right,White,
Mad Catz R.A.T. 7,https://pcpartpicker.com/product/tHCwrH/mad-catz-mouse-mcb4370800c2041,https://m.media-amazon.com/images/I/51E1xzjdnEL.jpg,Laser,Wired,6400,Right,Black / Red,
Mad Catz R.A.T. 7,https://pcpartpicker.com/product/trNp99/mad-catz-mouse-mcb4370800c1041,https://m.media-amazon.com/images/I/41RogqhtHsL.jpg,Laser,Wired,6400,Right,White,
Mad Catz R.A.T. 7,https://pcpartpicker.com/product/6hh9TW/mad-catz-mouse-mcb4370800b2041,https://m.media-amazon.com/images/I/41FjQnmp5XL.jpg,Laser,Wired,6400,Right,Black,
Mad Catz R.A.T. 9,https://pcpartpicker.com/product/DyYXsY/mad-catz-mouse-mcb437090013021,https://m.media-amazon.com/images/I/51RJ4eG2J-L.jpg,Laser,Wireless,6400,Right,Red,
Logitech G100s,https://pcpartpicker.com/product/Lch9TW/logitech-mouse-910003533,/static/forever/img/no-image.png,Optical,Wired,2500,Both,Black,59.00
A4Tech G10-730H,https://pcpartpicker.com/product/rx8Zxr/a4tech-mouse-g10730h,https://cdna.pcpartpicker.com/static/forever/images/product/07305aec2bfc8512d7708bc6f0fd4283.med.256p.jpg,Optical,Wireless,2000,Right,Black,
AZIO Levetron,https://pcpartpicker.com/product/nwdqqs/azio-mouse-gm2000,https://images-na.ssl-images-amazon.com/images/I/41k39T50pfL.jpg,Optical,Wired,2000,Right,Black,
Adesso iMouse M20,https://pcpartpicker.com/product/srZQzy/adesso-mouse-imousem20,https://images-na.ssl-images-amazon.com/images/I/31EXlsV02zL.jpg,Laser,Wireless,1500,Right,Black,
Asus GX810,https://pcpartpicker.com/product/Nhbp99/asus-mouse-90xb2g00mu00000,https://m.media-amazon.com/images/I/41f1WS0DjlL.jpg,Laser,Wireless,3200,Both,Black,
Asus WT460,https://pcpartpicker.com/product/vxphP6/asus-mouse-90xb2n00mu00000,https://m.media-amazon.com/images/I/41DEnrHJxaL.jpg,Optical,Wireless,1600,Right,Blue,
Asus GX850,https://pcpartpicker.com/product/Thbp99/asus-mouse-90xb2y00mu00000,https://m.media-amazon.com/images/I/31LtcYcXmvL.jpg,Laser,Wired,5000,Right,Black,
Asus GX1000 Eagle Eye,https://pcpartpicker.com/product/sY3RsY/asus-mouse-90xb3b00mu000,https://m.media-amazon.com/images/I/41Y0nUN1CoL.jpg,Laser,Wired,8200,Right,Black / Silver,
Asus GX950,https://pcpartpicker.com/product/CztCmG/asus-mouse-90xb3l00mu00000,https://m.media-amazon.com/images/I/31yOldWTxqL.jpg,Laser,Wired,8200,Right,Black,
Razer 879862006228,https://pcpartpicker.com/product/Dp7wrH/razer-mouse-879862006228,/static/forever/img/no-image.png,Optical,Wired,6400,Both,Black / Yellow,
Razer Lachesis Phantom (White),https://pcpartpicker.com/product/vzJwrH/razer-mouse-rz0100170200r3m1,https://images-na.ssl-images-amazon.com/images/I/31CmF6BM0gL.jpg,Laser,Wired,4000,Both,Black / White,
Razer RZ01-00220100-R3K1,https://pcpartpicker.com/product/JvBv6h/razer-mouse-rz0100220100r3k1,/static/forever/img/no-image.png,Laser,Wired,1800,Both,Black / White,
Razer Spectre StarCraft II Heart of the Swarm,https://pcpartpicker.com/product/Whh9TW/razer-mouse-rz0100430100r3m2,https://images-na.ssl-images-amazon.com/images/I/41oGD0z3kTL.jpg,Laser,Wired,5600,Both,Silver,
Razer Naga Hex League of Legends Edition,https://pcpartpicker.com/product/Zk2kcf/razer-mouse-rz0100750300r3m1,https://m.media-amazon.com/images/I/41AIL4dUPQL.jpg,Laser,Wired,5600,Right,Black,
Logitech MX310,https://pcpartpicker.com/product/hnPfrH/logitech-mouse-0097855030191,/static/forever/img/no-image.png,Optical,Wired,800,Both,Silver / Black,
Logitech G100 Glossy,https://pcpartpicker.com/product/p8fp99/logitech-mouse-91000284,https://cdna.pcpartpicker.com/static/forever/images/product/1fed82d6bd393a15493837450580044e.med.256p.jpg,Optical,Wired,2500,Both,Black,
Logitech Rechargeable Trackpad for Mac,https://pcpartpicker.com/product/bLMFf7/logitech-mouse-910002880,https://images-na.ssl-images-amazon.com/images/I/41qOhoqHJ5L.jpg,Touchpad,Bluetooth Wireless,,Both,Silver,
Logitech G100 Matte,https://pcpartpicker.com/product/HBMFf7/logitech-mouse-910002895,https://cdna.pcpartpicker.com/static/forever/images/product/46842e5dcb6bb557cdbbaa808611f9cc.med.256p.jpg,Optical,Wired,2500,Both,Black / Gold,
Gigabyte GM-FORCE M7 THOR,https://pcpartpicker.com/product/hc8Zxr/gigabyte-mouse-gmforcem7thor,https://m.media-amazon.com/images/I/31Vo-q1WyoL.jpg,Laser,Wired,6000,Right,Black,
Gigabyte Aivia Neon,https://pcpartpicker.com/product/2dBv6h/gigabyte-mouse-gmneon,https://m.media-amazon.com/images/I/31BM9eNG3FL.jpg,Laser,Wireless,1200,Right,Black,
Mad Catz M.O.U.S. 9,https://pcpartpicker.com/product/hztCmG/mad-catz-mouse-mcb437150002041,https://m.media-amazon.com/images/I/412oa4elgnL.jpg,Laser,Bluetooth Wireless,,Right,Black / Gray,
Mad Catz M.O.U.S. 9,https://pcpartpicker.com/product/XwxfrH/mad-catz-mouse-mcb437150013041,https://m.media-amazon.com/images/I/41RAQo+ZZUL.jpg,Laser,Bluetooth Wireless,,Right,Red,
Mad Catz M.O.U.S. 9,https://pcpartpicker.com/product/pPPfrH/mad-catz-mouse-mcb4371500c2041,https://images-na.ssl-images-amazon.com/images/I/41PpxaO0iYL.jpg,Laser,Bluetooth Wireless,,Right,Black / Red,
Cobra 6958012201301,https://pcpartpicker.com/product/zXK7YJ/cobra-mouse-6958012201301,/static/forever/img/no-image.png,Optical,Wired,1600,Right,Black / Blue,
Cobra TARRASQUE GLARE,https://pcpartpicker.com/product/9XK7YJ/cobra-mouse-8ttl26r0p85402,https://cdna.pcpartpicker.com/static/forever/images/product/0689dfbfafa7bb6e9e10a598d2190805.med.256p.jpg,Optical,Wired,3600,Right,Multicolor,
Cobra AZZOR,https://pcpartpicker.com/product/3jmLrH/cobra-mouse-8ttl26r0p85404,https://cdna.pcpartpicker.com/static/forever/images/product/26536c628eb119be81e703d94a0b2279.med.256p.jpg,Optical,Wired,1600,Right,Black / Blue,
Cobra 9897005950239,https://pcpartpicker.com/product/TwxfrH/cobra-mouse-9897005950239,/static/forever/img/no-image.png,Optical,Wired,1600,Right,Black / Blue,
Cobra 9897005984104,https://pcpartpicker.com/product/Zx7wrH/cobra-mouse-9897005984104,https://m.media-amazon.com/images/I/31JOFA4uE7L.jpg,Optical,Wired,1600,Right,Black / Blue,
Cobra Mazer,https://pcpartpicker.com/product/tY3RsY/cobra-mouse-ebmii,https://cdna.pcpartpicker.com/static/forever/images/product/09473b5860994c5fc5b9d795f0d34fc8.med.256p.jpg,Optical,Wired,2500,Right,Black / Blue,
Cobra Horizon,https://pcpartpicker.com/product/d9V48d/cobra-mouse-ems136rec,https://cdna.pcpartpicker.com/static/forever/images/product/e44522b9fa8b293412ae7ab97f1d0217.med.256p.jpg,Optical,Wireless,1750,Both,Multicolor,
Cobra cobra II,https://pcpartpicker.com/product/79V48d/cobra-mouse-ems151bk,https://m.media-amazon.com/images/I/41PIL14X3lL.jpg,Optical,Wired,1600,Right,Multicolor,
Cobra cobra II,https://pcpartpicker.com/product/VgV48d/cobra-mouse-ems151blc,https://cdna.pcpartpicker.com/static/forever/images/product/15c97e5b431495d7b6d12c4763ed0cfb.med.256p.jpg,Optical,Wired,1600,Right,Multicolor,
Cobra Horizon,https://pcpartpicker.com/product/yKfp99/cobra-mouse-ems136gdc,/static/forever/img/no-image.png,Optical,Wireless,1750,Both,Multicolor,
Cobra Horizon,https://pcpartpicker.com/product/sLMFf7/cobra-mouse-ems136blc,/static/forever/img/no-image.png,Optical,Wireless,1750,Both,Black / Blue,
Cobra cobra II,https://pcpartpicker.com/product/mJh9TW/cobra-mouse-ems151rec,https://m.media-amazon.com/images/I/41jGhTmd2kL.jpg,Optical,Wired,1600,Right,Multicolor,
Gear Head LM6000U-CP10,https://pcpartpicker.com/product/9KvRsY/gear-head-mouse-lm6000ucp10,https://m.media-amazon.com/images/I/41pSmXRGyeL.jpg,Laser,Wired,1600,Both,Black,
Gear Head MP1550RU,https://pcpartpicker.com/product/gfQypg/gear-head-mouse-mp1550ru,https://m.media-amazon.com/images/I/31avaGgRljL.jpg,Optical,Wired,800,Both,Black / Silver,
Gear Head MP2120RED,https://pcpartpicker.com/product/Yy6BD3/gear-head-mouse-mp2120red,https://m.media-amazon.com/images/I/41tTdROjZfL.jpg,Laser,Wireless,,Both,Red / Black,
Gear Head MP2225RED,https://pcpartpicker.com/product/9zQypg/gear-head-mouse-mp2225red,/static/forever/img/no-image.png,Optical,Wireless,1000,Both,Red / Black,
Gear Head MP2650BLU-CP10,https://pcpartpicker.com/product/QQrG3C/gear-head-mouse-mp2650blucp10,https://m.media-amazon.com/images/I/41dqGJMT7OL.jpg,Optical,Wireless,1600,Right,Black / Blue,
Gear Head MP2750RED-CP10,https://pcpartpicker.com/product/FkphP6/gear-head-mouse-mp2750redcp10,https://m.media-amazon.com/images/I/41Ity4qK4IL.jpg,Optical,Wireless,,Right,Black / Red,
Gear Head MP2950PUR-CP10,https://pcpartpicker.com/product/KTQypg/gear-head-mouse-mp2950purcp10,https://m.media-amazon.com/images/I/31uSGpgbwrL.jpg,Optical,Wireless,,Right,Black / Purple,
Gear Head MP3500WT,https://pcpartpicker.com/product/3D9KHx/gear-head-mouse-mp3500wt,https://images-na.ssl-images-amazon.com/images/I/31Drcqk9cEL.jpg,Optical,Wireless,,Both,Black,
Gear Head MP3750MAC,https://pcpartpicker.com/product/R37wrH/gear-head-mouse-mp3750mac,https://images-na.ssl-images-amazon.com/images/I/314FrB0LDYL.jpg,Optical,Wireless,1000,Both,Black / Silver,
Gear Head MPT3100BLU-CP10,https://pcpartpicker.com/product/VzQypg/gear-head-mouse-mpt3100blucp10,https://m.media-amazon.com/images/I/41iZ7RqiCoL.jpg,Optical,Wireless,,Right,Black / Blue,
Gear Head MPT3200RED-CP10,https://pcpartpicker.com/product/qfQypg/gear-head-mouse-mpt3200redcp10,https://m.media-amazon.com/images/I/41RsdocGyTL.jpg,Optical,Wireless,,Right,Black / Red,
Gear Head MPT3300BLK-CP10,https://pcpartpicker.com/product/7jdqqs/gear-head-mouse-mpt3300blkcp10,https://images-na.ssl-images-amazon.com/images/I/41v7nolS-pL.jpg,Optical,Wireless,,Right,Black,
Gear Head OM3000U,https://pcpartpicker.com/product/t2JwrH/gear-head-mouse-om3000u,https://images-na.ssl-images-amazon.com/images/I/41F1OUXIaiL.jpg,Optical,Wired,800,Both,Black / Silver,
Genius Maurus,https://pcpartpicker.com/product/MRrG3C/genius-mouse-31010128101,https://images-na.ssl-images-amazon.com/images/I/41F8dz5QB1L.jpg,Optical,Wired,3500,Right,Black,
Genius DeathTaker,https://pcpartpicker.com/product/pC7wrH/genius-mouse-31010129101,https://m.media-amazon.com/images/I/41nScw9li+L.jpg,Laser,Wired,5700,Right,Black / Silver,
Genius 31030042109,https://pcpartpicker.com/product/mL3RsY/genius-mouse-31030042109,/static/forever/img/no-image.png,Laser,Wireless,1200,Both,Black,
Genius Traveler 900S,https://pcpartpicker.com/product/8ZNp99/genius-mouse-31030042110,https://m.media-amazon.com/images/I/31TenDK4+3L.jpg,Optical,Wireless,1200,Both,Gray,
Genius Wireless Comfortable Pen Mouse,https://pcpartpicker.com/product/pfXfrH/genius-mouse-31030049105,/static/forever/img/no-image.png,Optical,Wireless,1200,Both,Black / Silver,
Genius Ergo 9000,https://pcpartpicker.com/product/ynbp99/genius-mouse-31030050101,/static/forever/img/no-image.png,Optical,Wireless,1200,Right,Black / Silver,
Genius Ergo 9000,https://pcpartpicker.com/product/mvPfrH/genius-mouse-31030050102,/static/forever/img/no-image.png,Laser,Wireless,1200,Right,White / Black,
Genius Traveler 6000X,https://pcpartpicker.com/product/jzJwrH/genius-mouse-31030053101,https://m.media-amazon.com/images/I/41KqKSm+65L.jpg,Optical,Wireless,1200,Both,Black,
Genius NX-ECO,https://pcpartpicker.com/product/7Jh9TW/genius-mouse-31030088101,https://m.media-amazon.com/images/I/31wjZDHfG5L.jpg,Optical,Wireless,1600,Both,Black,
Genius Traveler 9000,https://pcpartpicker.com/product/bPw323/genius-mouse-31030777102,https://m.media-amazon.com/images/I/41LzDif2vFL.jpg,Laser,Wireless,1200,Both,Black / Red,
Genius Traveler 9000,https://pcpartpicker.com/product/WQmLrH/genius-mouse-31030777103,https://m.media-amazon.com/images/I/21k7gMmYICL.jpg,Laser,Wireless,1200,Both,Black / Blue,
Genius Maurus,https://pcpartpicker.com/product/YnPfrH/genius-mouse-maurus,/static/forever/img/no-image.png,Optical,Wired,3500,Right,Black / Silver,
A4Tech D-110-1,https://pcpartpicker.com/product/mXK7YJ/a4tech-mouse-d1101,https://cdna.pcpartpicker.com/static/forever/images/product/8d32178b6391d23a1daaa5adbe423509.med.256p.jpg,Laser,Wired,1000,Both,Black,
Cherry AZURO,https://pcpartpicker.com/product/fkphP6/cherry-mouse-m305,https://m.media-amazon.com/images/I/41SEod6RijL.jpg,Optical,Wireless,1000,Right,Blue,
Chester Creek Technologies LittleMouse,https://pcpartpicker.com/product/m6CwrH/chester-creek-technologies-mouse-ltmo,https://m.media-amazon.com/images/I/31bUZIsC19L.jpg,Optical,Wired,800,Both,Multicolor,
Cisco XPACC-MSE-G=,https://pcpartpicker.com/product/7C7wrH/cisco-mouse-xpaccmseg,https://images-eu.ssl-images-amazon.com/images/I/113QdHgPECL.jpg,Optical,Wired,,Both,Gray,
Cobra Eagle Hunter,https://pcpartpicker.com/product/hVjG3C/cobra-mouse-9897005950352,/static/forever/img/no-image.png,Optical,Wired,2400,Both,Black,
Cobra Mazer,https://pcpartpicker.com/product/XjmLrH/cobra-mouse-ems152bkcnn,https://cdna.pcpartpicker.com/static/forever/images/product/34cbc80e602801ba57237fd06dc3fca8.med.256p.jpg,Optical,Wireless,2500,Right,Black,
Cyborg R.A.T. 3,https://pcpartpicker.com/product/Y8DwrH/cyborg-mouse-ccb4370300b2041dup,/static/forever/img/no-image.png,Optical,Wired,3500,Right,Black,
Ergoguys KOV-GTM-B,https://pcpartpicker.com/product/VwxfrH/ergoguys-mouse-kovgtmb,https://cdna.pcpartpicker.com/static/forever/images/product/928762601b324c43f3af1b25a0d2ca69.256p.jpg,Laser,Wireless,,Right,Black / Silver,78.00
Ergoguys WWT-13,https://pcpartpicker.com/product/74xfrH/ergoguys-mouse-wwt13,https://cdna.pcpartpicker.com/static/forever/images/product/2063c791f5003587cd8095b21d976956.med.256p.jpg,Trackball,Wired,,Right,White / Blue,
Ergoguys XL-750BK,https://pcpartpicker.com/product/QkxfrH/ergoguys-mouse-xl750bk,https://m.media-amazon.com/images/I/41suGcP+inL.jpg,Laser,Wired,3600,Right,Black,
Fujitsu FPCMO17,https://pcpartpicker.com/product/bN8Zxr/fujitsu-mouse-fpcmo17,/static/forever/img/no-image.png,Optical,Wired,,,Silver,
Gigabyte GM-FORCE M7,https://pcpartpicker.com/product/R2XfrH/gigabyte-mouse-gmforcem7,https://m.media-amazon.com/images/I/31PAvCCb7BL.jpg,Optical,Wired,3200,Right,Black,
IOGEAR E7,https://pcpartpicker.com/product/7L3RsY/iogear-mouse-gme557r,https://m.media-amazon.com/images/I/41m73AYgfvL.jpg,Optical,Wireless,2000,Both,Black,
Kensington 72327,https://pcpartpicker.com/product/btvRsY/kensington-mouse-72327,https://m.media-amazon.com/images/I/4129wjZQKvL.jpg,Trackball,Wired,,Both,Black / Red,
Kensington 72337,https://pcpartpicker.com/product/WGphP6/kensington-mouse-72337,https://cdna.pcpartpicker.com/static/forever/images/product/f5258bbced4a24c194def2dcde64cb53.256p.jpg,Trackball,Wired,,Both,Black / Blue,
Kensington 72339,https://pcpartpicker.com/product/6Mzv6h/kensington-mouse-72339,https://cdna.pcpartpicker.com/static/forever/images/product/249897f5d08814f9fda5c4ea3350d0f3.256p.jpg,Optical,Wired,,Both,Black,
Kensington 777785585663,https://pcpartpicker.com/product/BdBv6h/kensington-mouse-777785585663,https://cdna.pcpartpicker.com/static/forever/images/product/bbcc89f4726f2baa66098fda046739e3.med.256p.jpg,Optical,Wired,,Both,Black,
Kensington Pro Fit Mid-Size Mouse,https://pcpartpicker.com/product/8gvRsY/kensington-mouse-k72422ww,https://cdna.pcpartpicker.com/static/forever/images/product/5b083fa74b48c24f0029de9f15aab5e2.256p.jpg,Optical,Wireless,,Right,Red / Black,27.98
Kensington Pro Fit Mid-Size Mouse,https://pcpartpicker.com/product/xJJwrH/kensington-mouse-k72424ww,https://cdna.pcpartpicker.com/static/forever/images/product/631b1dadb98883faff0a5639d09b6d37.256p.jpg,Optical,Wireless,,Right,Green / Black,
Kensington SureTrack,https://pcpartpicker.com/product/LxphP6/kensington-mouse-k72437am,https://m.media-amazon.com/images/I/31utkYzJpUL.jpg,Optical,Bluetooth Wireless,,Both,Black,
Key Ovation KOV-GTM-L,https://pcpartpicker.com/product/FrNp99/key-ovation-mouse-kovgtml,https://m.media-amazon.com/images/I/31Opc-2SmoL.jpg,Optical,Wired,1000,Left,Black / Silver,
Lenovo 0A36407,https://pcpartpicker.com/product/FyYXsY/lenovo-mouse-0a36407,https://cdna.pcpartpicker.com/static/forever/images/product/b70f939b0f0cf674f7dac63bae7cc2b1.256p.jpg,Laser,Bluetooth Wireless,1200,Both,Black / Red,
Lenovo 57Y6596,https://pcpartpicker.com/product/Njdqqs/lenovo-mouse-57y6596,https://m.media-amazon.com/images/I/41AsIOJ7sLL.jpg,Optical,Wired,1000,Both,Black / Red,
Logisys M-COUPE,https://pcpartpicker.com/product/93Lypg/logisys-mouse-ms608sl,https://images-eu.ssl-images-amazon.com/images/I/21WaMFkjq7L.jpg,Optical,Wired,800,Both,Silver,
Microsoft 2CF-000027,https://pcpartpicker.com/product/yQrG3C/microsoft-mouse-2cf000027,https://m.media-amazon.com/images/I/41rxM+3qVTL.jpg,Optical,Wireless,1000,Both,Blue / White,
Microsoft 2CF-00008,https://pcpartpicker.com/product/xBkD4D/microsoft-mouse-2cf00008,https://m.media-amazon.com/images/I/11WTrk-thNL.jpg,Optical,Wired,1000,Both,Black / Silver,
Microsoft 2CF-00021,https://pcpartpicker.com/product/bdZQzy/microsoft-mouse-2cf00021,https://m.media-amazon.com/images/I/41swcXk-8YL.jpg,Optical,Wireless,1000,Both,Black,
Microsoft 43U-00001,https://pcpartpicker.com/product/HHXfrH/microsoft-mouse-43u00001,https://cdna.pcpartpicker.com/static/forever/images/product/9838dac6e5f67afdad98706e8ed7a78e.256p.jpg,Optical,Wireless,,Both,Black,
Microsoft Optical 100 Mice,https://pcpartpicker.com/product/hTQypg/microsoft-mouse-4jj00001,/static/forever/img/no-image.png,Optical,Wired,1000,Both,Black,
Microsoft Wireless Mobile Mouse 3500 Artist Oh Joy 4,https://pcpartpicker.com/product/Fnbp99/microsoft-mouse-gmf00323,https://images-na.ssl-images-amazon.com/images/I/519KlsSgqAL.jpg,Optical,Wireless,,Both,Multicolor,
Microsoft Wireless Mobile Mouse 3500 Artist Saksi 4,https://pcpartpicker.com/product/3QphP6/microsoft-mouse-gmf00329,https://images-na.ssl-images-amazon.com/images/I/41mzUa3OThL.jpg,Optical,Wireless,,Both,Multicolor,
Microsoft Wireless Mobile Mouse 3500 Artist Cheuk 4,https://pcpartpicker.com/product/q8fp99/microsoft-mouse-gmf00335,https://images-na.ssl-images-amazon.com/images/I/510umxjZVdL.jpg,Optical,Wireless,,Both,Multicolor,
Microsoft Wireless Mobile Mouse 3500 Artist McClure 4,https://pcpartpicker.com/product/KQphP6/microsoft-mouse-gmf00341,https://m.media-amazon.com/images/I/41BRbXlwd2L.jpg,Optical,Wireless,,Both,Red / Black,
Microsoft Wireless Mobile Mouse 3500 Artist Lyon 4,https://pcpartpicker.com/product/RXK7YJ/microsoft-mouse-gmf00347,https://images-na.ssl-images-amazon.com/images/I/51H3fqlbFCL.jpg,Optical,Wireless,,Both,Multicolor,
Microsoft Wireless Mobile Mouse 3500 Artist Scott 4,https://pcpartpicker.com/product/QvPfrH/microsoft-mouse-gmf00353,https://m.media-amazon.com/images/I/51dbHrWB5LL.jpg,Optical,Wireless,,Both,White / Black,
Microsoft Sculpt Comfort Mouse,https://pcpartpicker.com/product/7mbp99/microsoft-mouse-h3s00003,https://cdna.pcpartpicker.com/static/forever/images/product/a8ca56cd46600adcea2f21c3ae1aa2a1.256p.jpg,Optical,Bluetooth Wireless,,Right,Black / Blue,
Microsoft P58-00061,https://pcpartpicker.com/product/rL3RsY/microsoft-mouse-p5800061,https://cdna.pcpartpicker.com/static/forever/images/product/3f8259094aee70e8c54353fd26a23d6e.256p.jpg,Optical,Wired,800,Both,Black,
Microsoft L2 Basic Optical Mouse,https://pcpartpicker.com/product/FD9KHx/microsoft-mouse-p5800062,https://images-na.ssl-images-amazon.com/images/I/312I4Fo2OxL.jpg,Optical,Wired,800,Both,White,
ROCCAT Kone,https://pcpartpicker.com/product/LQrG3C/roccat-mouse-roc11501,https://images-na.ssl-images-amazon.com/images/I/31EWoA8UMpL.jpg,Laser,Wired,3200,Right,Black,
ROCCAT Kone Pure,https://pcpartpicker.com/product/BHCwrH/roccat-mouse-roc11700,https://cdna.pcpartpicker.com/static/forever/images/product/312ed939195df725f1aec24fa614f412.256p.jpg,Laser,Wired,8200,Right,Black,
ROCCAT Kone Pure,https://pcpartpicker.com/product/mztCmG/roccat-mouse-roc11700b,https://m.media-amazon.com/images/I/31RX1d4+ZkL.jpg,Laser,Wired,8200,Right,Black / Blue,
ROCCAT Kone Pure,https://pcpartpicker.com/product/8ch9TW/roccat-mouse-roc11700o,https://m.media-amazon.com/images/I/31h6oxc5bbL.jpg,Laser,Wired,8200,Right,Black / Orange,
ROCCAT Kone XTD,https://pcpartpicker.com/product/zxphP6/roccat-mouse-roc11810,https://m.media-amazon.com/images/I/31evpQ1xeML.jpg,Laser,Wired,8200,Right,Black / Silver,
Rosewill RM-7700,https://pcpartpicker.com/product/M6JwrH/rosewill-mouse-rm7700,https://images-na.ssl-images-amazon.com/images/I/419jOz0cW4L.jpg,Optical,Wireless,1750,Both,Black / Yellow,
SMK-Link VP6156,https://pcpartpicker.com/product/cqjG3C/smk-link-mouse-vp6156,https://m.media-amazon.com/images/I/31fEtSQo-xL.jpg,Optical,Bluetooth Wireless,,Both,Black / Silver,
Samsung AA-SM0P25B/US,https://pcpartpicker.com/product/hBkD4D/samsung-mouse-aasm0p25bus,/static/forever/img/no-image.png,Optical,Wireless,1600,Both,Black,
Samsung AA-SM3PWPS/US,https://pcpartpicker.com/product/LJh9TW/samsung-mouse-aasm3pwpsus,/static/forever/img/no-image.png,Optical,Wireless,1600,Right,Black,
Sony VGPBMS11/S,https://pcpartpicker.com/product/xpXfrH/sony-mouse-vgpbms11s,/static/forever/img/no-image.png,Laser,Bluetooth Wireless,800,Both,Silver,
SteelSeries Kana White,https://pcpartpicker.com/product/PtvRsY/steelseries-mouse-5707119012751,https://m.media-amazon.com/images/I/218PI7EGa3L.jpg,Optical,Wired,3200,Both,White / Black,
SteelSeries Call of Duty Black Ops II,https://pcpartpicker.com/product/rwdqqs/steelseries-mouse-62157,https://m.media-amazon.com/images/I/41+LZoDN76L.jpg,Laser,Wired,,Both,Black / Red,
SteelSeries 813810014514,https://pcpartpicker.com/product/d4H323/steelseries-mouse-813810014514,https://m.media-amazon.com/images/I/41niB5wLC5L.jpg,Laser,Wired,,Both,Multicolor,
SteelSeries Kinzu V2 Yellow,https://pcpartpicker.com/product/7hCwrH/steelseries-mouse-pn02023,https://images-na.ssl-images-amazon.com/images/I/31zo38HdQCL.jpg,Optical,Wired,3200,Both,Yellow,
SteelSeries Kinzu V2 Blue,https://pcpartpicker.com/product/VY3RsY/steelseries-mouse-pn2023,https://m.media-amazon.com/images/I/41DFDKuLShL.jpg,Optical,Wired,3200,Both,Blue / Black,
HP A0X35AA#ABA,https://pcpartpicker.com/product/wqGkcf/hp-mouse-a0x35aaaba,https://m.media-amazon.com/images/I/41u182qbGwL.jpg,Laser,Wireless,1600,Both,Black,
HP H2L63UT,https://pcpartpicker.com/product/mCH323/hp-mouse-h2l63ut,https://cdna.pcpartpicker.com/static/forever/images/product/c037ca4ec2434eadeb70c30a9ca14d4e.256p.jpg,Optical,Wireless,,Both,Black,
HP H3T50AA#ABA,https://pcpartpicker.com/product/BwLypg/hp-mouse-h3t50aaaba,https://cdna.pcpartpicker.com/static/forever/images/product/b9ab99a16740c118692967b42d72c7ff.256p.jpg,Optical,Wireless,1600,Both,Black,
HP H6E52UT#ABA,https://pcpartpicker.com/product/37K7YJ/hp-mouse-h6e52utaba,https://m.media-amazon.com/images/I/31wT9ez97dL.jpg,Laser,Wireless,1600,Both,Black,
HP LB420AA#ABA,https://pcpartpicker.com/product/JXDwrH/hp-mouse-lb420aaaba,https://images-na.ssl-images-amazon.com/images/I/41ZZWAYxbCL.jpg,Optical,Wireless,1750,Both,Gray,
HP LH571AA#ABA,https://pcpartpicker.com/product/KZV48d/hp-mouse-lh571aaaba,https://m.media-amazon.com/images/I/41Y6jeOaiSL.jpg,Laser,Wireless,1600,Right,Black / Silver,
HP LK006AA#ABA,https://pcpartpicker.com/product/Xmw323/hp-mouse-lk006aaaba,https://m.media-amazon.com/images/I/412LpZLpilL.jpg,Optical,Wireless,1200,Both,Black,
HP LR919AA#ABL,https://pcpartpicker.com/product/fG9KHx/hp-mouse-lr919aaabl,https://m.media-amazon.com/images/I/41J3GOIcy7L.jpg,Optical,Wireless,1200,Both,Black / Silver,
HP X7000,https://pcpartpicker.com/product/btMFf7/hp-mouse-ly820aaaba,https://cdna.pcpartpicker.com/static/forever/images/product/b138f58b9255ecfbca6e0ffee8991c36.med.256p.jpg,Laser,Wireless,1600,Right,Black,
Targus 777785489039,https://pcpartpicker.com/product/krZQzy/targus-mouse-777785489039,/static/forever/img/no-image.png,Optical,Wired,,Both,Black,
Targus 777785570133,https://pcpartpicker.com/product/Lnbp99/targus-mouse-777785570133,https://cdna.pcpartpicker.com/static/forever/images/product/9f3223a314896fa6ce5101938c69f1cd.med.256p.jpg,Optical,Wired,,Both,Black,
Targus TG-AMW51US,https://pcpartpicker.com/product/jgGkcf/targus-mouse-tgamw51us,/static/forever/img/no-image.png,Laser,Wired,,Both,Black,
Toshiba PA3847U-1ETB,https://pcpartpicker.com/product/6BkD4D/toshiba-mouse-pa3847u1etb,https://images-na.ssl-images-amazon.com/images/I/41DJO7I6S-L.jpg,Laser,Bluetooth Wireless,1600,Both,Black / Silver,
Zalman ZM-GM1,https://pcpartpicker.com/product/sRrG3C/zalman-mouse-823884203165,https://m.media-amazon.com/images/I/31fg7RHN1iL.jpg,Laser,Wired,6000,Right,Black / Silver,
Zalman GM1,https://pcpartpicker.com/product/kJh9TW/zalman-mouse-gm1,/static/forever/img/no-image.png,Laser,Wired,6000,Right,Black / Silver,
Cooler Master CM Storm Havoc,https://pcpartpicker.com/product/93rG3C/cooler-master-mouse-sgm4002klln1,https://m.media-amazon.com/images/I/41rElCkwB6L.jpg,Laser,Wired,8200,Right,Black / Red,
ROCCAT Lua,https://pcpartpicker.com/product/2YkD4D/roccat-mouse-roc11310,https://m.media-amazon.com/images/I/317N665StvL.jpg,Optical,Wired,2000,Both,Black,
HP X4500,https://pcpartpicker.com/product/2F7wrH/hp-mouse-h2w16aaabc,https://m.media-amazon.com/images/I/31B2dBIH8hL.jpg,Laser,Wireless,,Right,Black,
Cobra SKU038144,https://pcpartpicker.com/product/9sw323/cobra-mouse-sku038144,https://cdna.pcpartpicker.com/static/forever/images/product/045c621eaab787ea7667b9ed81803d2b.med.256p.jpg,Optical,Wired,1600,Right,Black / Blue,
V7 Wireless Mobile Optical LED Mouse,https://pcpartpicker.com/product/jfqdnQ/v7-mouse-mv30502008nb,/static/forever/img/no-image.png,Optical,Wireless,1600,Both,Black / Gray,
V7 Wireless Mobile Blue Trace Mouse,https://pcpartpicker.com/product/WWH323/v7-mouse-mv30602028nb,https://m.media-amazon.com/images/I/41T0tb9QLlL.jpg,Laser,Wireless,1600,Both,Silver / Black,
V7 Wireless Full Size Blue Trace Mouse,https://pcpartpicker.com/product/6T2kcf/v7-mouse-mv50002028nb,https://m.media-amazon.com/images/I/41xUqKfp9XL.jpg,Laser,Wireless,1600,Right,Black / Blue,
Verbatim Wireless Multi-Trac Blue LED Optical Mouse,https://pcpartpicker.com/product/PjmLrH/verbatim-mouse-97994,https://cdna.pcpartpicker.com/static/forever/images/product/1de864c8cdb8039be991dc60afe21dfd.256p.jpg,Optical,Wireless,,Right,Purple,
Verbatim Wireless Multi-Trac Blue LED Optical Mouse,https://pcpartpicker.com/product/yJh9TW/verbatim-mouse-97995,https://cdna.pcpartpicker.com/static/forever/images/product/ca8d7042d3adaa56d4020e45eaf5315b.256p.jpg,Optical,Wireless,,Right,Red,16.98
Gear Head MP1950BLK,https://pcpartpicker.com/product/DDtCmG/gear-head-mouse-mp1950blk,https://m.media-amazon.com/images/I/316klPQI2vL.jpg,Optical,Wireless,,Both,Black / Silver,
Gear Head MP2850BLK-CP10,https://pcpartpicker.com/product/mc8Zxr/gear-head-mouse-mp2850blkcp10,https://m.media-amazon.com/images/I/31Kwzf3skkL.jpg,Laser,Wireless,,Right,Black,
Targus 777785570157,https://pcpartpicker.com/product/nVjG3C/targus-mouse-777785570157,https://cdna.pcpartpicker.com/static/forever/images/product/9e4ad14c17c48bd00c6829816914adb3.med.256p.jpg,Optical,Wired,,Both,Black,
Wintec FileMate Imagine M1210,https://pcpartpicker.com/product/Msdqqs/wintec-mouse-3fmnm1210ubkr,https://m.media-amazon.com/images/I/31g9JpyLvxL.jpg,Optical,Wired,800,Both,Black / Silver,
Wintec FileMate Imagine M2810,https://pcpartpicker.com/product/DYvRsY/wintec-mouse-3fmnm2810ubkr,https://m.media-amazon.com/images/I/314nYKJG96L.jpg,Optical,Wired,1000,Right,Black / White,
Wintec FileMate Imagine M2810,https://pcpartpicker.com/product/GQmLrH/wintec-mouse-3fmnm2810uylr,https://images-na.ssl-images-amazon.com/images/I/41WRktXR7iL.jpg,Optical,Wired,1000,Right,Orange / White,
A4Tech G7-750N-1,https://pcpartpicker.com/product/qch9TW/a4tech-mouse-g7750n1,https://cdna.pcpartpicker.com/static/forever/images/product/84c01f855718dc410721084ec1631a36.med.256p.jpg,Optical,Wireless,2000,Right,Black / Gray,
Corsair Raptor M30,https://pcpartpicker.com/product/WMjG3C/corsair-mouse-ch9000042na,https://m.media-amazon.com/images/I/41JLV3q0WiL.jpg,Optical,Wired,4000,Right,Black,
Fujitsu FPCMO032AP,https://pcpartpicker.com/product/8hCwrH/fujitsu-mouse-fpcmo032ap,/static/forever/img/no-image.png,Laser,Wired,,Both,Black,
Gear Head MP2120BLU,https://pcpartpicker.com/product/mVjG3C/gear-head-mouse-mp2120blu,https://m.media-amazon.com/images/I/317OWU6UiIL.jpg,Laser,Wireless,,Both,Blue,
i-rocks IR-7571L-BK,https://pcpartpicker.com/product/BQphP6/i-rocks-mouse-ir7571lbk,/static/forever/img/no-image.png,Laser,Wired,1600,Right,Black,
Ergoguys 0270-0030,https://pcpartpicker.com/product/Z4xfrH/ergoguys-mouse-02700030,https://m.media-amazon.com/images/I/21wBMkoBA-L.jpg,Optical,Wired,400,Both,White,
ROCCAT ROC-11-700-R,https://pcpartpicker.com/product/T4xfrH/roccat-mouse-roc11700r,https://m.media-amazon.com/images/I/41M3epF9D7L.jpg,Laser,Wired,8200,Right,Red / Black,
Lenovo 57Y6666,https://pcpartpicker.com/product/D86BD3/lenovo-mouse-57y6666,https://m.media-amazon.com/images/I/41E9pa8eZWL.jpg,Optical,Wired,,Both,Beige / Black,
Zalman M250,https://pcpartpicker.com/product/6R2kcf/zalman-mouse-m250,https://cdna.pcpartpicker.com/static/forever/images/product/01cf09d3a4c9f775465d04875e6d596c.med.256p.jpg,Optical,Wired,1600,Both,Black / Gray,
Zalman M350 Combo,https://pcpartpicker.com/product/jpfp99/zalman-mouse-m350combo,https://cdna.pcpartpicker.com/static/forever/images/product/d96136e4e4bc69485a8c0180cb7eb6b6.med.256p.jpg,Optical,Wired,2000,Both,Black,
Razer Naga Molten,https://pcpartpicker.com/product/whV48d/razer-mouse-rz0100280500r3,https://m.media-amazon.com/images/I/519hXmqegSL.jpg,Laser,Wired,5600,Right,Black / Red,
Cobra Mazer II,https://pcpartpicker.com/product/vWNp99/cobra-mouse-6958012201867,https://cdna.pcpartpicker.com/static/forever/images/product/6d892ef95864d9c802b04a8b70a9a3f6.med.256p.jpg,Optical,Wireless,2500,Right,Black / Blue,
Cobra Cobra,https://pcpartpicker.com/product/hgkD4D/cobra-mouse-ebcwh,https://cdna.pcpartpicker.com/static/forever/images/product/1330d1c2cc0ab1647c10d8111e223b99.med.256p.jpg,Optical,Wired,1600,Right,White / Blue,
Mionix AVIOR 8200,https://pcpartpicker.com/product/MvphP6/mionix-mouse-avior8200,https://m.media-amazon.com/images/I/21Af-nV97IL.jpg,Laser,Wired,8200,Both,Black / Green,
Cubeternet Cubeternet Bluetooth Optical mini Mouse,https://pcpartpicker.com/product/2m6BD3/cubeternet-mouse-bm106,/static/forever/img/no-image.png,Optical,Bluetooth Wireless,,Both,Black / Silver,
Logitech G100s,https://pcpartpicker.com/product/n6kD4D/logitech-mouse-mu0039,https://cdna.pcpartpicker.com/static/forever/images/product/a60e27e30f6cc94be53a238de9fe4a08.med.256p.jpg,Optical,Wired,2500,Both,Black,
Zalman ZM-M250,https://pcpartpicker.com/product/6DGkcf/zalman-mouse-zmm250,https://images-na.ssl-images-amazon.com/images/I/5169GJVfeJL.jpg,Optical,Wired,1600,Both,Black / Gray,
Zalman Eclipse,https://pcpartpicker.com/product/jHdqqs/zalman-mouse-zmgm3,https://m.media-amazon.com/images/I/31ke93qQtoL.jpg,Laser,Wired,8200,Right,Black,
Adesso IMOUSE M30,https://pcpartpicker.com/product/yx4gXL/adesso-mouse-imousem30,https://images-na.ssl-images-amazon.com/images/I/41mJ5ectMML.jpg,Optical,Wireless,1000,Both,Black,
Adesso IMOUSE S20,https://pcpartpicker.com/product/dFQypg/adesso-mouse-imouses20,https://m.media-amazon.com/images/I/31EB6ayI5iL.jpg,Optical,Wireless,1500,Right,Black,
Genius X-G510,https://pcpartpicker.com/product/cMLypg/genius-mouse-31010164101,https://images-na.ssl-images-amazon.com/images/I/41k2NI66EdL.jpg,Optical,Wired,2000,Both,Black / Blue,
ROCCAT Kone Pure Optical,https://pcpartpicker.com/product/Crdqqs/roccat-mouse-roc11710,https://m.media-amazon.com/images/I/41yE1YdUiXL.jpg,Optical,Wired,4000,Right,Black / Red,
Toshiba PA3847U-1ETC,https://pcpartpicker.com/product/rcJwrH/toshiba-mouse-pa3847u1etc,https://m.media-amazon.com/images/I/41XtJxskNAL.jpg,Laser,Wireless,1600,Both,Black,
Logitech 910-002757,https://pcpartpicker.com/product/3Hdqqs/logitech-mouse-910002757,https://m.media-amazon.com/images/I/31J5RXtiIAL.jpg,Optical,Wired,,Right,Black,
Asus UT210,https://pcpartpicker.com/product/vqTmP6/asus-mouse-90xb1c00mu00600,https://m.media-amazon.com/images/I/41QAcDL1GpL.jpg,Optical,Wired,1000,Both,Blue,
Gear Head 2.4 GHz Wireless Optical Nano Mouse,https://pcpartpicker.com/product/bCGkcf/gear-head-mouse-mp2120blk,https://m.media-amazon.com/images/I/31C-4BjCPtL.jpg,Optical,Wireless,1000,Both,Black,29.99
Gear Head 2.4 GHz Wireless Optical Nano Mouse,https://pcpartpicker.com/product/2bBv6h/gear-head-mouse-mp2120wht,https://m.media-amazon.com/images/I/31Ds7HASAJL.jpg,Optical,Wireless,1000,Both,White,
Gear Head OM4750W,https://pcpartpicker.com/product/6qTmP6/gear-head-mouse-om4750w,https://m.media-amazon.com/images/I/31zpFECQHBL.jpg,Optical,Wireless,1600,Right,Silver,
Gear Head OM6750W,https://pcpartpicker.com/product/WB2kcf/gear-head-mouse-om6750w,https://m.media-amazon.com/images/I/31LR-7JhyEL.jpg,Optical,Wireless,1600,Right,Black / Red,
Genius Cam Mouse,https://pcpartpicker.com/product/XnYXsY/genius-mouse-31010169101,https://images-na.ssl-images-amazon.com/images/I/41cR1fnqJxL.jpg,Optical,Wired,1200,Right,Black,
Genius 31030089101,https://pcpartpicker.com/product/vbBv6h/genius-mouse-31030089101,https://images-na.ssl-images-amazon.com/images/I/41AnDsz-aYL.jpg,Optical,Wireless,1000,Both,Black,
HP Touch to Pair,https://pcpartpicker.com/product/rYMFf7/hp-mouse-h4r81aaaba,https://m.media-amazon.com/images/I/41eDn+Njp-L.jpg,Laser,Bluetooth Wireless,1600,Both,Multicolor,
V7 MV3010010-BLU-5NB,https://pcpartpicker.com/product/qhV48d/v7-mouse-mv3010010blu5nb,https://m.media-amazon.com/images/I/31opKdiDCrL.jpg,Optical,Wired,1000,Both,Black / Blue,
V7 MV3010010-RED-5NB,https://pcpartpicker.com/product/gzqdnQ/v7-mouse-mv3010010red5nb,https://m.media-amazon.com/images/I/315oAtV6ADL.jpg,Optical,Wired,1000,Both,Black / Red,
V7 MV3010010-SIL-5NB,https://pcpartpicker.com/product/KcJwrH/v7-mouse-mv3010010sil5nb,https://m.media-amazon.com/images/I/41kel+SDy-L.jpg,Optical,Wired,1000,Both,Black / Silver,
HP x4000,https://pcpartpicker.com/product/CCGkcf/hp-mouse-h1d34aaaba,https://m.media-amazon.com/images/I/51l6qUFKejL.jpg,Laser,Wireless,,Both,Black,
Zowie FK,https://pcpartpicker.com/product/33h9TW/zowie-mouse-fk,https://m.media-amazon.com/images/I/31Jf9dgG8zL.jpg,Optical,Wired,2300,Both,Black / Yellow,
Genius DeathKnight,https://pcpartpicker.com/product/24rG3C/genius-mouse-geniusdkflame,https://cdna.pcpartpicker.com/static/forever/images/product/215544ba2fa02edc72c7c0a4c76f3ee5.med.256p.jpg,Optical,Wired,3500,Right,Black / Red,
Genius x3,https://pcpartpicker.com/product/rnYXsY/genius-mouse-geniusx3,https://cdna.pcpartpicker.com/static/forever/images/product/27666465e8724f58e1703b3a973ed2f0.med.256p.jpg,Optical,Wired,2000,Right,Black,
Genius GX310,https://pcpartpicker.com/product/6x4gXL/genius-mouse-geniusgx310,https://cdna.pcpartpicker.com/static/forever/images/product/dd8b03fc291336e9beab5696689e4631.med.256p.jpg,Optical,Wired,2000,Right,Black,
Cobra Mazer II,https://pcpartpicker.com/product/xCGkcf/cobra-mouse-ems600bkaaanu,https://cdna.pcpartpicker.com/static/forever/images/product/8e421ca4cb54611242b93737d0ecbd41.med.256p.jpg,Optical,Wired,2500,Right,Black,
HP Z4000,https://pcpartpicker.com/product/MKW9TW/hp-mouse-h5n61aaaba,https://images-na.ssl-images-amazon.com/images/I/31EculoheHL.jpg,Optical,Wireless,,Both,Black,
SHARKOON FireGlider,https://pcpartpicker.com/product/J2h9TW/sharkoon-mouse-000skfg,https://images-na.ssl-images-amazon.com/images/I/412Qr204ltL.jpg,Laser,Wired,3600,Right,Black,
HP X4000b,https://pcpartpicker.com/product/wfNp99/hp-mouse-h3t50utaba,/static/forever/img/no-image.png,Optical,Bluetooth Wireless,,Both,Black,
SteelSeries Kana Blade &amp; Soul Limited Edition,https://pcpartpicker.com/product/4T6BD3/steelseries-mouse-bladesoul,https://cdna.pcpartpicker.com/static/forever/images/product/45658c4d66791c32e1e4201f60caff1c.med.256p.jpg,Optical,Wired,3200,Both,Black / Orange,
Thermaltake eSPORTS Theron White,https://pcpartpicker.com/product/FR2kcf/thermaltake-mouse-motrn006dtj,https://m.media-amazon.com/images/I/31PpBOmS99L.jpg,Laser,Wired,5600,Right,White,
Thermaltake eSPORTS Theron Green,https://pcpartpicker.com/product/3Lzv6h/thermaltake-mouse-motrn006dtk,https://images-na.ssl-images-amazon.com/images/I/41DnOtD%2B03L.jpg,Laser,Wired,5600,Right,Green,
Thermaltake eSPORTS Theron Yellow,https://pcpartpicker.com/product/7tPfrH/thermaltake-mouse-motrn006dtn,https://images-na.ssl-images-amazon.com/images/I/414wZGTHJNL.jpg,Laser,Wired,5600,Right,Yellow,
Func MS 3,https://pcpartpicker.com/product/dyjG3C/func-mouse-funcms31st,https://images-na.ssl-images-amazon.com/images/I/31sNhw2k75L.jpg,Laser,Wired,5040,Right,Black / Red,
Cooler Master CM Storm Recon,https://pcpartpicker.com/product/wGrG3C/cooler-master-mouse-sgm4001wllw1,https://m.media-amazon.com/images/I/31NzP61x9HL.jpg,Optical,Wired,4000,Both,White,
HP X3000,https://pcpartpicker.com/product/fKW9TW/hp-mouse-h2c22aaabl,https://cdna.pcpartpicker.com/static/forever/images/product/1694e67a2cca81dbbee7286d77e6acee.256p.jpg,Optical,Wireless,1200,Both,Black,
Logitech MX310,https://pcpartpicker.com/product/yXxfrH/logitech-mouse-9309280403,https://m.media-amazon.com/images/I/41A0RXFSAAL.jpg,Optical,Wired,,Both,Black / Silver,
Logitech M325,https://pcpartpicker.com/product/3zqdnQ/logitech-mouse-m325,https://m.media-amazon.com/images/I/31TOpqv6T+L.jpg,Optical,Wireless,,Both,Multicolor,
Microsoft D58-00041,https://pcpartpicker.com/product/yWxfrH/microsoft-mouse-d5800041oem,https://cdna.pcpartpicker.com/static/forever/images/product/7b8e4033b966059233fd799053c290da.256p.jpg,Optical,Wired,,Both,White,
Sunbeam MS-X888,https://pcpartpicker.com/product/bB2kcf/sunbeam-mouse-msx888,https://cdna.pcpartpicker.com/static/forever/images/product/76fb85fbfe0604f4f36c2b0a509cf2ea.med.256p.jpg,Optical,Wired,,Both,Red,
Wacom EC155W,https://pcpartpicker.com/product/sqTmP6/wacom-mouse-ec155w,https://cdna.pcpartpicker.com/static/forever/images/product/d3cf50877350c1a11a057f3eba8019ec.med.256p.jpg,Optical,Wireless,,Both,White,
Cobra Ajazz Quake7,https://pcpartpicker.com/product/KzqdnQ/cobra-mouse-ajazzquake7red,https://cdna.pcpartpicker.com/static/forever/images/product/ca4a5e78edb6b608fb103fe32299d3c9.med.256p.jpg,Optical,Wired,2400,Right,Black / Red,
Dell 469-4227,https://pcpartpicker.com/product/F8n2FT/dell-mouse-4694227,https://m.media-amazon.com/images/I/314y-mVSvAL.jpg,Laser,Bluetooth Wireless,1000,Both,Black / Silver,
Genius x1,https://pcpartpicker.com/product/Mnckcf/genius-mouse-0911632589644,https://cdna.pcpartpicker.com/static/forever/images/product/6fccffb013cadd561ed15f348f2d4bc3.med.256p.jpg,Optical,Wired,2000,Right,Black,
Logitech V470,https://pcpartpicker.com/product/Mjw323/logitech-mouse-910000299,https://m.media-amazon.com/images/I/31E6zoTZ05L.jpg,Laser,Bluetooth Wireless,,Both,White,
Logitech M325,https://pcpartpicker.com/product/48n2FT/logitech-mouse-910003682,/static/forever/img/no-image.png,Optical,Wireless,,Both,Multicolor,
Logitech M325,https://pcpartpicker.com/product/nT8Zxr/logitech-mouse-910003683,https://m.media-amazon.com/images/I/51Ut+syHYZL.jpg,Optical,Wireless,,Both,Multicolor,
Microsoft B75-00113,https://pcpartpicker.com/product/wx4gXL/microsoft-mouse-b7500113oem,https://cdna.pcpartpicker.com/static/forever/images/product/8c9fa3f7582a7dcfa5d79251983f42ca.med.256p.jpg,Optical,Wired,,Right,Black / Silver,
Mionix AVIOR 8200,https://pcpartpicker.com/product/PR2kcf/mionix-mouse-000mio8200a,https://cdna.pcpartpicker.com/static/forever/images/product/4cc4aa24cff5e3582f4ae1dfae27b914.med.256p.jpg,Laser,Wired,8200,Both,Black,
Razer Battlefield 4 Taipan,https://pcpartpicker.com/product/QXjG3C/razer-mouse-rz0100780200r3u1,https://m.media-amazon.com/images/I/41nw6IxlbgL.jpg,Optical,Wired,8200,Both,Multicolor,
Perixx MX-2000,https://pcpartpicker.com/product/W93RsY/perixx-mouse-mx2000,https://m.media-amazon.com/images/I/41VVocze9+L.jpg,Laser,Wired,5040,Right,Black / Silver,
Perixx MX-1000,https://pcpartpicker.com/product/DwNp99/perixx-mouse-10819,/static/forever/img/no-image.png,Optical,Wired,2000,Both,Black,
Perixx PERIMICE-712B,https://pcpartpicker.com/product/mxXfrH/perixx-mouse-10843,https://images-na.ssl-images-amazon.com/images/I/41Hpgd5pR-L.jpg,Optical,Wireless,2000,Right,Black / Silver,
Perixx Perimice-710,https://pcpartpicker.com/product/64yFf7/perixx-mouse-10892,https://m.media-amazon.com/images/I/31sKs93KzZL.jpg,Optical,Wireless,1600,Right,Black / Silver,
Perixx PERIMICE-711,https://pcpartpicker.com/product/fptCmG/perixx-mouse-10893,https://images-na.ssl-images-amazon.com/images/I/41lCYg4uXiL.jpg,Optical,Wireless,1600,Right,Black,
Perixx Perimice-710,https://pcpartpicker.com/product/phW9TW/perixx-mouse-10906,https://cdna.pcpartpicker.com/static/forever/images/product/46cc96a2015ebed85b2b8da5f1e549d2.med.256p.jpg,Optical,Wireless,1600,Right,Black / Red,
Perixx PERIMICE-713,https://pcpartpicker.com/product/BvTmP6/perixx-mouse-10918,https://m.media-amazon.com/images/I/31PjgYd5WmL.jpg,Optical,Wireless,2000,Right,Black,
Perixx PERIMICE-307B,https://pcpartpicker.com/product/WrTmP6/perixx-mouse-11016,https://m.media-amazon.com/images/I/415IGrYJ6IL.jpg,Optical,Wired,1600,Right,Black / Silver,
Perixx MX-2000B,https://pcpartpicker.com/product/4g2kcf/perixx-mouse-11019,https://m.media-amazon.com/images/I/41VVocze9+L.jpg,Laser,Wired,5040,Right,Black / Silver,
Perixx Perimice-710W,https://pcpartpicker.com/product/w36BD3/perixx-mouse-11027,https://m.media-amazon.com/images/I/31Va+1CVuyL.jpg,Optical,Wireless,1600,Right,White,
Perixx PERIMICE-307R,https://pcpartpicker.com/product/H36BD3/perixx-mouse-11032,https://images-na.ssl-images-amazon.com/images/I/41nTyC6ua5L.jpg,Optical,Wired,1600,Right,Black / Red,
Perixx MX-1000,https://pcpartpicker.com/product/g36BD3/perixx-mouse-11035,https://m.media-amazon.com/images/I/41kBWlUgoxL.jpg,Optical,Wired,2000,Both,Black / Silver,
Perixx MX-3000B,https://pcpartpicker.com/product/TmYXsY/perixx-mouse-11057,/static/forever/img/no-image.png,Laser,Wired,8200,Right,Black / Silver,
Perixx PERIMICE-712R,https://pcpartpicker.com/product/8Hw323/perixx-mouse-11067,https://images-na.ssl-images-amazon.com/images/I/41RPC4DwjPL.jpg,Optical,Wireless,2000,Right,Black / Red,
Perixx MX-2000R,https://pcpartpicker.com/product/YXxfrH/perixx-mouse-11075,https://m.media-amazon.com/images/I/41LaYzh9ESL.jpg,Laser,Wired,5040,Right,Black / Red,
Perixx MX-3200,https://pcpartpicker.com/product/GkFPxr/perixx-mouse-11078,https://m.media-amazon.com/images/I/418Vt2R7HsL.jpg,Laser,Wired,5040,Both,Black / Silver,
Perixx PERIMICE-513,https://pcpartpicker.com/product/x93RsY/perixx-mouse-11087,https://m.media-amazon.com/images/I/41PEUO+rgdL.jpg,Optical,Wired,2000,Right,Black,
Perixx 11063,https://pcpartpicker.com/product/2rTmP6/perixx-mouse-11063,https://images-na.ssl-images-amazon.com/images/I/41e7CKIsfkL.jpg,Touchpad,Wireless,,Both,Black,
Cobra E-Blue Mazer II,https://pcpartpicker.com/product/qg2kcf/cobra-mouse-1308ems60000018,https://cdna.pcpartpicker.com/static/forever/images/product/7664e1c081c04cc6b8fec75e27aa5bf5.med.256p.jpg,Laser,Wireless,2500,Right,Black / Silver,
Cobra E-3lueHorizon,https://pcpartpicker.com/product/tbqdnQ/cobra-mouse-e3luehorizon,https://cdna.pcpartpicker.com/static/forever/images/product/35bcd33c2318f56f307644d90c6015a1.med.256p.jpg,Laser,Wireless,,Both,Black / Blue,
Cobra EMS140BKC,https://pcpartpicker.com/product/836BD3/cobra-mouse-ems140bkc,https://m.media-amazon.com/images/I/413sqRbOK1L.jpg,Laser,Wired,2500,Right,Black / Silver,
Cobra  E-Blue Mazer,https://pcpartpicker.com/product/mhW9TW/cobra-mouse-ems601000146,https://cdna.pcpartpicker.com/static/forever/images/product/62a3951310cc4d9bc407e5363d5da2a4.med.256p.jpg,Laser,Wireless,2500,Right,Black / Blue,
Cobra E-Blue MARVEL AUROZA IRON MAN 3,https://pcpartpicker.com/product/N2H323/cobra-mouse-ems610go,https://cdna.pcpartpicker.com/static/forever/images/product/d0c71c23e9b641bb41779b541efccb7b.med.256p.jpg,Laser,Wired,4000,Both,Red,
Cobra E-blue Cobra II,https://pcpartpicker.com/product/QvTmP6/cobra-mouse-pc000004bd,https://cdna.pcpartpicker.com/static/forever/images/product/a336074d194c36a946f57a7d24b38c6f.med.256p.jpg,Optical,Wireless,2500,Right,Black,
Cobra AULA Ghost Shark Gaming Mouse,https://pcpartpicker.com/product/Fnckcf/cobra-mouse-pc000019pcmouse,https://cdna.pcpartpicker.com/static/forever/images/product/e412f6b4462753709726d23bfd3a046d.med.256p.jpg,Optical,Wired,2000,Right,Black / Blue,
Asus UX300,https://pcpartpicker.com/product/k36BD3/asus-mouse-90xb2p00mu00000,/static/forever/img/no-image.png,Optical,Wired,1600,Right,Black,
Genius 31010010100,https://pcpartpicker.com/product/2N3RsY/genius-mouse-31010010100,https://images-na.ssl-images-amazon.com/images/I/41wwdSpPUCL.jpg,Optical,Wired,1200,Both,Black,
Genius Traveler 6000z,https://pcpartpicker.com/product/FrTmP6/genius-mouse-31030023102,/static/forever/img/no-image.png,Optical,Wireless,,Both,Black,
Genius Death Knight Silver edition,https://pcpartpicker.com/product/XMR48d/genius-mouse-geniusdksilver,https://cdna.pcpartpicker.com/static/forever/images/product/eed624ddd4880062fe96f3668ab21195.med.256p.jpg,Optical,Wired,3500,Both,Black / Silver,
HP QY775AA,https://pcpartpicker.com/product/vdsKHx/hp-mouse-qy775aa,https://cdna.pcpartpicker.com/static/forever/images/product/1804cb0e49425596786b78195ed25b42.256p.jpg,Optical,Wired,800,Both,Black,
Logitech Zone Touch Mouse T400,https://pcpartpicker.com/product/V2H323/logitech-mouse-910003664,https://m.media-amazon.com/images/I/41RQ15jqAjL.jpg,Optical,Wireless,,Both,Red,
Logitech Zone Touch Mouse T400,https://pcpartpicker.com/product/7sqdnQ/logitech-mouse-910003665,https://m.media-amazon.com/images/I/41R+FjAlW3L.jpg,Optical,Wireless,,Both,Blue,
Logitech Zone Touch Mouse T400,https://pcpartpicker.com/product/9wNp99/logitech-mouse-910003666,https://images-na.ssl-images-amazon.com/images/I/51x5%2BHUkkoL.jpg,Optical,Wireless,,Both,Black / White,
Logitech M325,https://pcpartpicker.com/product/88n2FT/logitech-mouse-910003684,https://m.media-amazon.com/images/I/41XofF9tWnL.jpg,Optical,Wireless,,Both,Multicolor,
Logitech M325,https://pcpartpicker.com/product/xxXfrH/logitech-mouse-910003712,https://images-na.ssl-images-amazon.com/images/I/51HmpVqFBWL.jpg,Optical,Wireless,,Both,Black / White,
Logitech Zone Touch Mouse T400,https://pcpartpicker.com/product/kHw323/logitech-mouse-910003773,https://m.media-amazon.com/images/I/41Lys0m6y1L.jpg,Optical,Wireless,,Both,Purple,
Genius Maurus X,https://pcpartpicker.com/product/VPjG3C/genius-mouse-31010167101,/static/forever/img/no-image.png,Laser,Wired,4000,Both,Black / Red,
Logitech M325,https://pcpartpicker.com/product/B7zv6h/logitech-mouse-097855086433,https://cdna.pcpartpicker.com/static/forever/images/product/37184d57a3c0e340c0de66c7e9067219.med.256p.jpg,Optical,Wireless,,Both,Multicolor,
Logitech m505,https://pcpartpicker.com/product/zWxfrH/logitech-mouse-360671568674,https://cdna.pcpartpicker.com/static/forever/images/product/c325ea5ce1542b31399831eecd50d871.med.256p.jpg,Laser,Wireless,,Both,Black / Silver,
Logitech T631,https://pcpartpicker.com/product/mN3RsY/logitech-mouse-910003856,https://m.media-amazon.com/images/I/21KPU6SrABL.jpg,Laser,Bluetooth Wireless,,Both,White,
ROCCAT Kone Pure Color,https://pcpartpicker.com/product/rsqdnQ/roccat-mouse-roc11700w,https://m.media-amazon.com/images/I/41rgWGeNgXL.jpg,Laser,Wired,8200,Right,Black / White,
Samsung AA-SM7PWBB,https://pcpartpicker.com/product/493RsY/samsung-mouse-aasm7pwbb,https://images-na.ssl-images-amazon.com/images/I/412a3vZgnRL.jpg,Optical,Bluetooth Wireless,1600,Both,Black,
SteelSeries Sensei RAW Heat Orange,https://pcpartpicker.com/product/bCjG3C/steelseries-mouse-62163,https://images-na.ssl-images-amazon.com/images/I/41mjd7rU1nL.jpg,Laser,Wired,5670,Both,Black / Orange,
Rosewill RGM-1000,https://pcpartpicker.com/product/fZtCmG/rosewill-mouse-rgm1000,https://cdna.pcpartpicker.com/static/forever/images/product/ce41a6d3b6925b0228e54b3c843dd4d6.256p.jpg,Laser,Wired,8000,Right,Black,
Logitech MX510,https://pcpartpicker.com/product/wGK7YJ/logitech-mouse-9311790403,https://images-na.ssl-images-amazon.com/images/I/31CCH8YAMSL.jpg,Laser,Wired,800,Right,Black / Red,
Mionix AVIOR 7000,https://pcpartpicker.com/product/8Fzv6h/mionix-mouse-000mio7000a,https://cdna.pcpartpicker.com/static/forever/images/product/d6bc10996737dc77d0c67a3ac907485d.med.256p.jpg,Optical,Wired,7000,Both,Black / Blue,
Rosewill Helix RM-20,https://pcpartpicker.com/product/dN3RsY/rosewill-mouse-rm20,https://images-na.ssl-images-amazon.com/images/I/31F%2B5Cg-fPL.jpg,Optical,Wired,2400,Right,Black / Silver,
HP Z5000,https://pcpartpicker.com/product/KPjG3C/hp-mouse-e5c13aaaba,https://m.media-amazon.com/images/I/31LIjtVtQBL.jpg,Laser,Bluetooth Wireless,,Both,White,
Cobra Cobra,https://pcpartpicker.com/product/qkh9TW/cobra-mouse-ems108bk,/static/forever/img/no-image.png,Optical,Wired,2400,Right,Black / Blue,
Cobra Mazer Type-R,https://pcpartpicker.com/product/tJjG3C/cobra-mouse-ems124bk,https://m.media-amazon.com/images/I/41h1wvTvV1L.jpg,Optical,Wired,2400,Right,Black / Blue,
HP Z3600,https://pcpartpicker.com/product/gXTmP6/hp-mouse-e5c14aaaba,https://m.media-amazon.com/images/I/41hUWsc7NYL.jpg,Laser,Wireless,,Both,Black / Blue,
HP H2L63AA,https://pcpartpicker.com/product/k6TmP6/hp-mouse-h2l63aa,https://m.media-amazon.com/images/I/31u8D8iwocL.jpg,Optical,Wireless,,Both,Black,19.98
AZIO G8 GM8200,https://pcpartpicker.com/product/gFBv6h/azio-mouse-gm8200,https://images-na.ssl-images-amazon.com/images/I/31x5GsQQk8L.jpg,Laser,Wired,8200,Right,Black / Purple,
Cherry M-4230,https://pcpartpicker.com/product/dB8Zxr/cherry-mouse-m4230,https://m.media-amazon.com/images/I/311+81QTeXL.jpg,Optical,Wired,800,Both,Black / Silver,111.15
Ergoguys CST3645,https://pcpartpicker.com/product/Vm4gXL/ergoguys-mouse-cst3645,https://m.media-amazon.com/images/I/41EOSkV2I4L.jpg,Optical,Wired,1600,Right,Black,
HP H6E52AA#ABA,https://pcpartpicker.com/product/VwTmP6/hp-mouse-h6e52aaaba,/static/forever/img/no-image.png,Laser,Wireless,1600,Both,Multicolor,
Logitech V200,https://pcpartpicker.com/product/jJsKHx/logitech-mouse-9313800403,/static/forever/img/no-image.png,Optical,Wireless,,Both,Silver,
SteelSeries Rival,https://pcpartpicker.com/product/qwTmP6/steelseries-mouse-62271,https://m.media-amazon.com/images/I/31-vDklq+yL.jpg,Optical,Wired,6500,Right,Black / Green,
Thermaltake Level 10 M,https://pcpartpicker.com/product/qgR48d/thermaltake-mouse-moltm009dt,https://m.media-amazon.com/images/I/416vjPGy1KL.jpg,Laser,Wired,8200,Right,Black / Silver,
Thermaltake Level 10 M,https://pcpartpicker.com/product/Frzv6h/thermaltake-mouse-moltm009dtj,https://images-na.ssl-images-amazon.com/images/I/41c5fJYNDAL.jpg,Laser,Wired,8200,Right,Black / White,
Thermaltake Level 10 M,https://pcpartpicker.com/product/KRLypg/thermaltake-mouse-moltm009dtk,https://images-na.ssl-images-amazon.com/images/I/41l0VOwMXpL.jpg,Laser,Wired,8200,Right,Green / Black,
Thermaltake Level 10 M,https://pcpartpicker.com/product/QYV48d/thermaltake-mouse-moltm009dtl,https://cdna.pcpartpicker.com/static/forever/images/product/423da6c63d04f7ea41c70644008fac71.256p.jpg,Laser,Wired,8200,Right,Black / Red,
Asus VivoMouse WT710,https://pcpartpicker.com/product/zVsKHx/asus-mouse-wt7101a,https://m.media-amazon.com/images/I/315Tk8mjkqL.jpg,Optical,Wireless,1200,Both,Gray,
Gear Head MPT3400YLW-CP10,https://pcpartpicker.com/product/Dd3RsY/gear-head-mouse-mpt3400ylwcp10,https://images-na.ssl-images-amazon.com/images/I/41ehAvW9M%2BL.jpg,Optical,Wireless,800,Right,Black / Yellow,
Genius 31030088102,https://pcpartpicker.com/product/KQFPxr/genius-mouse-31030088102,https://m.media-amazon.com/images/I/41rh2+UXnqL.jpg,Optical,Wireless,1600,Both,White,
Genius 31030107103,https://pcpartpicker.com/product/srzv6h/genius-mouse-31030107103,https://m.media-amazon.com/images/I/41EnAXyU44L.jpg,Optical,Wireless,1200,Both,Silver,
HP X1250,https://pcpartpicker.com/product/FL6BD3/hp-mouse-h6f02aaaba,https://cdna.pcpartpicker.com/static/forever/images/product/0346fe4564ca073a90d9912a27a5f29e.med.256p.jpg,Optical,Wired,,Both,Black,
Cobra Cobra Type-S,https://pcpartpicker.com/product/tzzv6h/cobra-mouse-ems128bl,/static/forever/img/no-image.png,Optical,Wired,1600,Right,Blue / White,
Cobra Cobra Junior,https://pcpartpicker.com/product/2vH323/cobra-mouse-ems129bk,/static/forever/img/no-image.png,Optical,Wired,1600,Right,Black / Blue,
Cobra Cobra Type-M,https://pcpartpicker.com/product/r4K7YJ/cobra-mouse-ems131bk,https://images-na.ssl-images-amazon.com/images/I/4185TbkekBL.jpg,Optical,Wired,1600,Right,Black,
Cobra Horizon,https://pcpartpicker.com/product/sD6BD3/cobra-mouse-ems136re,/static/forever/img/no-image.png,Optical,Wireless,1750,Right,Black / Red,
Cobra Silenz,https://pcpartpicker.com/product/4zzv6h/cobra-mouse-ems145bk,https://m.media-amazon.com/images/I/41vY7e8Kz3L.jpg,Optical,Wired,2400,Both,Multicolor,
Ergoguys Onyx,https://pcpartpicker.com/product/3rzv6h/ergoguys-mouse-02700020,https://m.media-amazon.com/images/I/41Mv2N45Y2L.jpg,Optical,Wired,400,Right,Blue / White,
Logitech 910-003359,https://pcpartpicker.com/product/YvH323/logitech-mouse-910003359,https://cdna.pcpartpicker.com/static/forever/images/product/285fb50501cae7d2350d5961e3e662bc.med.256p.jpg,Laser,Wireless,1000,Both,Black / Silver,
Mad Catz MCB437040002/04/1,https://pcpartpicker.com/product/gk4gXL/mad-catz-mouse-mcb437040002041,https://m.media-amazon.com/images/I/51DohZhzqaL.jpg,Laser,Wired,8200,Right,Black / Blue,
Func MS- 3 Revision 2,https://pcpartpicker.com/product/yJsKHx/func-mouse-funcms3r2,/static/forever/img/no-image.png,Laser,Wired,5670,Right,Black / Red,
Mad Catz Titanfall R.A.T.3,https://pcpartpicker.com/product/yvH323/mad-catz-mouse-ttf437030001041,https://m.media-amazon.com/images/I/51QK727ubYL.jpg,Optical,Wired,3500,Right,Orange / White,
GAMDIAS ZEUS,https://pcpartpicker.com/product/RfJwrH/gamdias-mouse-gms1100,https://m.media-amazon.com/images/I/41IbsHlcM7L.jpg,Laser,Wired,8200,Right,Black,
GAMDIAS DEMETER,https://pcpartpicker.com/product/72tCmG/gamdias-mouse-gms5000,https://m.media-amazon.com/images/I/41mn2KPzpiL.jpg,Optical,Wired,2000,Both,Black,
GAMDIAS HADES Optical Extension,https://pcpartpicker.com/product/9xyFf7/gamdias-mouse-gms7001,https://m.media-amazon.com/images/I/41CQaooidRL.jpg,Optical,Wired,3200,Both,Black,
Microsoft U7Z-00001,https://pcpartpicker.com/product/nm4gXL/microsoft-mouse-u7z00001,https://cdna.pcpartpicker.com/static/forever/images/product/941dbef5c34faf683d26acff63bf323e.256p.jpg,Laser,Wireless,,Both,Black,
Microsoft U7Z-00011,https://pcpartpicker.com/product/z7ckcf/microsoft-mouse-u7z00011,https://m.media-amazon.com/images/I/316+UEVc64L.jpg,Laser,Wireless,,Both,Blue,
Microsoft U7Z-00041,https://pcpartpicker.com/product/3RjG3C/microsoft-mouse-u7z00041,https://cdna.pcpartpicker.com/static/forever/images/product/fa95bd0747a6e32dc5e7ab78170a3fd4.256p.jpg,Laser,Wireless,,Both,Purple,
Microsoft U7Z-00031,https://pcpartpicker.com/product/Bzbp99/microsoft-mouse-u7z00031,https://cdna.pcpartpicker.com/static/forever/images/product/df05a85d6ceb1dded1395de4e725d3dc.256p.jpg,Optical,Wireless,,Both,Red,19.98
SteelSeries 62250,https://pcpartpicker.com/product/8PtCmG/steelseries-mouse-62250,https://m.media-amazon.com/images/I/31JEKzspM0L.jpg,Laser,Wireless,5670,Both,Black / Silver,
Asus BX700,https://pcpartpicker.com/product/TjPfrH/asus-mouse-bx700gray,/static/forever/img/no-image.png,Laser,Bluetooth Wireless,,Right,Gray,
Gigabyte M5050,https://pcpartpicker.com/product/HQ8Zxr/gigabyte-mouse-gmm5050wht,https://cdna.pcpartpicker.com/static/forever/images/product/93c794cbc3665ce75eecda73ff7e3128.med.256p.jpg,Optical,Wired,800,Both,White,
Lenovo 0B47153,https://pcpartpicker.com/product/y3V48d/lenovo-mouse-0b47153,https://m.media-amazon.com/images/I/315nc14STCL.jpg,Optical,Wired,1600,Both,Black / Red,
AZIO GM2400,https://pcpartpicker.com/product/Mhn2FT/azio-mouse-gm2400,https://m.media-amazon.com/images/I/417BkKN4keL.jpg,Optical,Wired,2400,Right,Black / Blue,
Corsair Raptor LM3,https://pcpartpicker.com/product/dYyFf7/corsair-mouse-ch9000038na,https://images-na.ssl-images-amazon.com/images/I/319rUh9%2B0ZL.jpg,Optical,Wired,2400,Right,Black,
Ozone Gaming Xenon,https://pcpartpicker.com/product/kFFPxr/ozone-gaming-mouse-ozxenonblk,/static/forever/img/no-image.png,Optical,Wired,3500,Both,Black,
Ozone Gaming Xenon,https://pcpartpicker.com/product/rTdqqs/ozone-gaming-mouse-ozxenonr,/static/forever/img/no-image.png,Optical,Wired,3500,Both,Black / Red,
Ozone Gaming Xenon,https://pcpartpicker.com/product/2HYXsY/ozone-gaming-mouse-ozxenonw,/static/forever/img/no-image.png,Optical,Wired,3500,Both,Black / White,
Mionix AVIOR SK,https://pcpartpicker.com/product/7myFf7/mionix-mouse-aviorsk,https://cdna.pcpartpicker.com/static/forever/images/product/0e14825c3accda441a41dcbe05323c3f.med.256p.jpg,Optical,Wired,7000,Both,Black / White,
UtechSmart Venus,https://pcpartpicker.com/product/kcQypg/utechsmart-mouse-usd16400gm,/static/forever/img/no-image.png,Laser,Wired,16400,Right,Black / Red,
UtechSmart 4000 DPI Gaming Mouse,https://pcpartpicker.com/product/2Fw323/utechsmart-mouse-usd4000gm,https://cdna.pcpartpicker.com/static/forever/images/product/8ff422f4c0524a7263cb6913fe5ada1c.med.256p.jpg,Laser,Wired,4000,Both,Multicolor,
UtechSmart US-D8000-GM,https://pcpartpicker.com/product/WGvRsY/utechsmart-mouse-usd8000gm,https://cdna.pcpartpicker.com/static/forever/images/product/9dfdf1c2fdb71ea2d97d8e638d0921ad.med.256p.jpg,Laser,Wired,8000,Right,Black / Silver,
UtechSmart US-D8200-GM,https://pcpartpicker.com/product/rxh9TW/utechsmart-mouse-usd8200gm,https://cdna.pcpartpicker.com/static/forever/images/product/700b128560f1571d8ad55774865d0bb9.med.256p.jpg,Laser,Wired,8200,Right,Black / Silver,
EVGA TORQ X10 Carbon,https://pcpartpicker.com/product/LkkD4D/evga-mouse-901x11102kr,https://cdna.pcpartpicker.com/static/forever/images/product/69ec06dc8a9dfdacb672c1222bbf0c90.256p.jpg,Laser,Wired,8200,Both,Black / Red,
Genius Traveler D6600,https://pcpartpicker.com/product/VtV48d/genius-mouse-31030104101,https://images-na.ssl-images-amazon.com/images/I/51koOQtN13L.jpg,Optical,Wireless,1200,Both,Black / Silver,
Genius DX-6810,https://pcpartpicker.com/product/zbNp99/genius-mouse-31030110101,/static/forever/img/no-image.png,Optical,Wireless,1200,Both,Silver,
Genius DX-6810,https://pcpartpicker.com/product/PtV48d/genius-mouse-31030110102,https://m.media-amazon.com/images/I/41rPfDfFxJL.jpg,Optical,Wireless,1200,Right,Black / Red,
EVGA TORQ X10,https://pcpartpicker.com/product/vKFPxr/evga-mouse-901x11103kr,https://cdna.pcpartpicker.com/static/forever/images/product/affffb30364094bffc403f3a744d8498.med.256p.jpg,Laser,Wired,8200,Both,Black / Red,
HP QY778AA,https://pcpartpicker.com/product/FtXfrH/hp-mouse-qy778aa,https://m.media-amazon.com/images/I/41yNOCKE3EL.jpg,Laser,Wired,1000,Both,Black,
Razer DeathAdder World of Tanks,https://pcpartpicker.com/product/tJFPxr/razer-mouse-rz0100840400r3m1,https://m.media-amazon.com/images/I/51RebVnOjmL.jpg,Optical,Wired,6400,Right,Black / Orange,
Cherry JW-T0200,https://pcpartpicker.com/product/mqYXsY/cherry-mouse-jwt0200,https://cdna.pcpartpicker.com/static/forever/images/product/9a7ddcc6b9c08437777794dbc320b350.256p.jpg,Laser,Wireless,2000,Both,Black / Silver,
Adesso iMouse G3,https://pcpartpicker.com/product/BcQypg/adesso-mouse-imouseg3,https://m.media-amazon.com/images/I/51JHYZGu+ML.jpg,Optical,Wired,2400,Right,Multicolor,
Rosewill RM-7900,https://pcpartpicker.com/product/j2qdnQ/rosewill-mouse-rm7900,https://m.media-amazon.com/images/I/41JXczw7UFL.jpg,Laser,Wireless,2000,Right,Black / Silver,
Targus AMU51US,https://pcpartpicker.com/product/9NJwrH/targus-mouse-amu51us,/static/forever/img/no-image.png,Laser,Wired,,Both,Silver,
V7 MV3040-24G-BLK-15NB,https://pcpartpicker.com/product/cTvRsY/v7-mouse-mv304024gblk15nb,/static/forever/img/no-image.png,Optical,Wireless,1200,Both,Black,
V7 MV3040-24G-RED-15NB,https://pcpartpicker.com/product/MvLypg/v7-mouse-mv304024gred15nb,/static/forever/img/no-image.png,Optical,Wireless,1200,Both,Black / Red,
V7 MV6000-BT-BLK-15NB,https://pcpartpicker.com/product/y4XfrH/v7-mouse-mv6000btblk15nb,https://images-na.ssl-images-amazon.com/images/I/31nKzLe-mhL.jpg,Optical,Wireless,1600,Both,Black,
Logitech M317,https://pcpartpicker.com/product/7wMFf7/logitech-mouse-910004023,/static/forever/img/no-image.png,Laser,Wireless,,Both,Blue / White,
Logitech Wheel,https://pcpartpicker.com/product/xfK7YJ/logitech-mouse-9308080403,https://images-na.ssl-images-amazon.com/images/I/41NJ7X0J58L.jpg,Optical,Wired,800,Both,Black,39.99
Logitech M325,https://pcpartpicker.com/product/xHV48d/logitech-mouse-910004160,https://m.media-amazon.com/images/I/41dyupjZQ+L.jpg,Laser,Wireless,,Both,Multicolor,
Logitech M325,https://pcpartpicker.com/product/Br9KHx/logitech-mouse-910004163,https://m.media-amazon.com/images/I/41XImPGaLoL.jpg,Laser,Wireless,,Both,Blue / White,
Logitech M325,https://pcpartpicker.com/product/zZn2FT/logitech-mouse-910004164,https://m.media-amazon.com/images/I/510nB3QM0qL.jpg,Laser,Wireless,,Both,Black / White,
Logitech M325,https://pcpartpicker.com/product/QPbp99/logitech-mouse-910004165,https://images-na.ssl-images-amazon.com/images/I/41hNYABcRsL.jpg,Laser,Wireless,,Both,Multicolor,
Logitech M325,https://pcpartpicker.com/product/smV48d/logitech-mouse-910004169,https://m.media-amazon.com/images/I/41clpA8BYUL.jpg,Laser,Wireless,,Both,Pink,
Samsung ET-MP900DBEGUJ,https://pcpartpicker.com/product/C8h9TW/samsung-mouse-etmp900dbeguj,https://cdna.pcpartpicker.com/static/forever/images/product/212a51999c66a482908d67a2e04c50d9.256p.jpg,Laser,Wireless,,Right,Black,
Zalman Knossos,https://pcpartpicker.com/product/n9xfrH/zalman-mouse-zmgm4,https://m.media-amazon.com/images/I/41Or+ZvWRQL.jpg,Laser,Wired,8200,Right,Black / Silver,
MSI DS200,https://pcpartpicker.com/product/Y2qdnQ/msi-mouse-s120401170eb5,https://cdna.pcpartpicker.com/static/forever/images/product/bad6b55dd69399b1f2ae967a51b2944a.256p.jpg,Laser,Wired,16400,Right,Black / Red,
ROCCAT Kone Pure Military,https://pcpartpicker.com/product/gZn2FT/roccat-mouse-roc11711,https://m.media-amazon.com/images/I/41K2FGiXDPL.jpg,Optical,Wired,5000,Right,Black / Green,
ROCCAT Kone Pure Military,https://pcpartpicker.com/product/gCBv6h/roccat-mouse-roc11712,https://m.media-amazon.com/images/I/31pu80o2rAL.jpg,Optical,Wired,5000,Right,Black / Red,
ROCCAT Kone Pure Military,https://pcpartpicker.com/product/LfK7YJ/roccat-mouse-roc11713,https://cdna.pcpartpicker.com/static/forever/images/product/c84bc0ae23436f9105eb66bf11e68476.256p.jpg,Optical,Wired,5000,Right,Brown,
Anker AK-98AN5000-BA,https://pcpartpicker.com/product/Mr9KHx/anker-mouse-ak98an5000ba,https://cdna.pcpartpicker.com/static/forever/images/product/9642aa805480667ff18b0f903a1ba0f3.med.256p.jpg,Laser,Wired,5000,Right,Black / Blue,
Genius NS-6005,https://pcpartpicker.com/product/DNJwrH/genius-mouse-31030100101,https://images-na.ssl-images-amazon.com/images/I/41oECIFp8nL.jpg,Optical,Wireless,1000,Both,Black,
Genius NS-6005,https://pcpartpicker.com/product/CVtCmG/genius-mouse-31030100102,https://images-na.ssl-images-amazon.com/images/I/41cRaK8WegL.jpg,Optical,Wireless,1000,Both,Red,
Genius NS-6005,https://pcpartpicker.com/product/ZKFPxr/genius-mouse-31030100103,https://images-na.ssl-images-amazon.com/images/I/41yjBQzO8dL.jpg,Optical,Wireless,1000,Both,Blue,
Zowie AM,https://pcpartpicker.com/product/pLW9TW/zowie-mouse-am,https://images-na.ssl-images-amazon.com/images/I/31T4Ap2LtLL.jpg,Optical,Wired,2300,Both,Black / Red,
Zowie AM-FG WHITE,https://pcpartpicker.com/product/q8h9TW/zowie-mouse-amfgwhite,https://images-na.ssl-images-amazon.com/images/I/31La0wZ8pWL.jpg,Optical,Wired,2300,Both,White / Gray,
Zowie EC1-eVo-CL,https://pcpartpicker.com/product/gyDwrH/zowie-mouse-ec1evocl,https://m.media-amazon.com/images/I/31e2YpSDGeL.jpg,Optical,Wired,2300,Right,Black / White,
Zowie EC1-eVo WHITE,https://pcpartpicker.com/product/3QjG3C/zowie-mouse-ec1evowhite,/static/forever/img/no-image.png,Optical,Wired,2300,Right,White,
Zowie EC2-eVo,https://pcpartpicker.com/product/QvLypg/zowie-mouse-ec2evo,/static/forever/img/no-image.png,Optical,Wired,2300,Right,Black / White,
Zowie EC2-eVo-CL,https://pcpartpicker.com/product/tyDwrH/zowie-mouse-ec2evocl,https://images-na.ssl-images-amazon.com/images/I/31dDv6iMfsL.jpg,Optical,Wired,2300,Right,Black / White,
Zowie EC2-eVo WHITE,https://pcpartpicker.com/product/FnkD4D/zowie-mouse-ec2evowhite,https://m.media-amazon.com/images/I/219zPhCr3tL.jpg,Optical,Wired,2300,Right,White,
Gigabyte Aivia Uranium,https://pcpartpicker.com/product/fk4gXL/gigabyte-mouse-gmuranium,https://images-na.ssl-images-amazon.com/images/I/31v75P8bBsL.jpg,Laser,Wireless,3200,Right,Black / Silver,
Etekcity Scroll M535,https://pcpartpicker.com/product/YGvRsY/etekcity-mouse-025706343183,/static/forever/img/no-image.png,Optical,Wired,3000,Right,Black / Blue,
Samsung AA-SM7PWRP/US,https://pcpartpicker.com/product/FkkD4D/samsung-mouse-aasm7pwrpus,https://m.media-amazon.com/images/I/41o5ACbH8GL.jpg,Laser,Wireless,1600,Both,Black / Pink,
Logitech B120,https://pcpartpicker.com/product/ZZx9TW/logitech-mouse-b120,https://cdna.pcpartpicker.com/static/forever/images/product/bf25056e4f5a350b24c1f868c7085b28.256p.jpg,Optical,Wired,800,Both,Black,
Logitech Wireless Mouse,https://pcpartpicker.com/product/BcCrxr/logitech-mouse-m310910001675,https://cdna.pcpartpicker.com/static/forever/images/product/4e446d06f684497d29d85f9da5680a85.256p.jpg,Laser,Wireless,,Both,Black / Silver,
Logitech M500,https://pcpartpicker.com/product/z7YWGX/logitech-mouse-m500,https://cdna.pcpartpicker.com/static/forever/images/product/7dc9eed48f668b80ea69350738e467b3.256p.jpg,Laser,Wired,1000,Right,Black / Silver,
SteelSeries Sims 4,https://pcpartpicker.com/product/RKH48d/steelseries-sims-4-wired-laser-mouse-62281,https://cdna.pcpartpicker.com/static/forever/images/product/41feb91436d6abdc28c1ec4a5badb28a.256p.jpg,Laser,Wired,1600,Right,White / Gray,
Samsung AA-SM7PWRB/US,https://pcpartpicker.com/product/3H98TW/samsung-mouse-aasm7pwrbus,https://m.media-amazon.com/images/I/41OW7zIbJFL.jpg,Laser,Wireless,1600,Both,Black,
Microsoft PL2 Touch Mouse,https://pcpartpicker.com/product/NgX2FT/microsoft-mouse-3kj00022,https://images-na.ssl-images-amazon.com/images/I/414hOSmO9-L.jpg,Laser,Wireless,,Both,Black,
Logisys MS609SL,https://pcpartpicker.com/product/jRs8TW/logisys-mouse-ms609sl,https://cdna.pcpartpicker.com/static/forever/images/product/f5c79cc8ae2ce1cf01398234492cb908.med.256p.jpg,Optical,Wired,800,Both,Silver,
Thermaltake TALON Blue LED,https://pcpartpicker.com/product/PYcMnQ/thermaltake-mouse-motlbwdoobk01,https://m.media-amazon.com/images/I/41UQMSq7GML.jpg,Optical,Wired,3000,Right,Black / Blue,
Corsair M65 RGB,https://pcpartpicker.com/product/GH98TW/corsair-mouse-ch9000071na,https://m.media-amazon.com/images/I/41lE0q81HEL.jpg,Laser,Wired,8200,Right,White,
Cougar 700M,https://pcpartpicker.com/product/JRs8TW/cougar-mouse-moc700b,https://images-na.ssl-images-amazon.com/images/I/41Glw-gxCvL.jpg,Laser,Wired,8200,Right,Black,
Gigabyte M6880,https://pcpartpicker.com/product/DMnG3C/gigabyte-mouse-gmm6880x,https://m.media-amazon.com/images/I/41C7+mbSN8L.jpg,Laser,Wired,1600,Right,Black,
Mad Catz R.A.T. TE,https://pcpartpicker.com/product/wj4NnQ/mad-catz-mouse-mcb437040001041,https://m.media-amazon.com/images/I/41hSDyanSvL.jpg,Laser,Wired,8200,Right,Black / White,
Mad Catz R.A.T. TE,https://pcpartpicker.com/product/CttWGX/mad-catz-mouse-mcb437040013041,https://images-na.ssl-images-amazon.com/images/I/41CW6taBXFL.jpg,Laser,Wired,8200,Right,Black / Red,
Mad Catz R.A.T. TE,https://pcpartpicker.com/product/sscMnQ/mad-catz-mouse-mcb4370400c2041,https://m.media-amazon.com/images/I/414RESrNjuL.jpg,Laser,Wired,8200,Right,Black,
Mad Catz M.M.O. TE,https://pcpartpicker.com/product/M6M323/mad-catz-mouse-mcb437140002041,https://m.media-amazon.com/images/I/413cllRZJEL.jpg,Laser,Wired,8200,Right,Black / Blue,
ROCCAT TYON,https://pcpartpicker.com/product/vmPzK8/roccat-mouse-roc11850am,https://cdna.pcpartpicker.com/static/forever/images/product/64ac1447f60ddd1e234aadd45ed27d15.256p.jpg,Laser,Wired,8200,Right,Black,
ROCCAT TYON,https://pcpartpicker.com/product/hBDzK8/roccat-mouse-roc11851am,https://cdna.pcpartpicker.com/static/forever/images/product/8a31ea10d93c9012662cabfd043853d9.256p.jpg,Laser,Wired,8200,Right,White,
Thermaltake Level 10 M Hybrid,https://pcpartpicker.com/product/dgX2FT/thermaltake-mouse-moltmhylobk01,https://cdna.pcpartpicker.com/static/forever/images/product/40b8b4e531d0154b2998b53f44748b57.256p.jpg,Laser,Wired,8200,Right,Black / Silver,
Thermaltake VOLOS,https://pcpartpicker.com/product/cFfmP6/thermaltake-mouse-movlswdlobk01,https://images-na.ssl-images-amazon.com/images/I/41AdZ7xweXL.jpg,Laser,Wired,8200,Right,Black,
Microsoft Arc Touch Mouse Surface Edition,https://pcpartpicker.com/product/vhPzK8/microsoft-mouse-p9x00002,https://m.media-amazon.com/images/I/31-fqdIRhpL.jpg,Laser,Bluetooth Wireless,,Both,Black,
Microsoft GMF-00408,https://pcpartpicker.com/product/LBDzK8/microsoft-mouse-gmf00408,https://images-na.ssl-images-amazon.com/images/I/515RrF8lJaL.jpg,Laser,Wireless,,Both,Black,
Logitech M325,https://pcpartpicker.com/product/dWGj4D/logitech-mouse-910003713,/static/forever/img/no-image.png,Optical,Wireless,,Both,White / Purple,
Logitech M325,https://pcpartpicker.com/product/yBDzK8/logitech-mouse-910003714,/static/forever/img/no-image.png,Optical,Wireless,,Both,Blue / White,
Razer Abyssus 2014 Essential,https://pcpartpicker.com/product/HttWGX/razer-mouse-rz0101190100r3u1,https://m.media-amazon.com/images/I/31rplrwLaDL.jpg,Laser,Wired,,Both,Black,
HP ET424AA,https://pcpartpicker.com/product/pYcMnQ/hp-mouse-et424aa,https://m.media-amazon.com/images/I/41ewCBaiAxL.jpg,Optical,Wired,,Both,Black,
Cougar 700M,https://pcpartpicker.com/product/6CmxFT/cougar-mouse-moc700s,/static/forever/img/no-image.png,Laser,Wired,8200,Right,Silver / Black,
Cougar 200M,https://pcpartpicker.com/product/b7YWGX/cougar-mouse-moc200b,https://m.media-amazon.com/images/I/31OvrmlelfL.jpg,Optical,Wired,2000,Right,Black / Red,
Logitech M320,https://pcpartpicker.com/product/6kcMnQ/logitech-mouse-910004353,https://m.media-amazon.com/images/I/41vSUnygeRL.jpg,Optical,Wireless,1000,Right,Blue,35.00
ROCCAT KONE XTD,https://pcpartpicker.com/product/WH98TW/roccat-mouse-roc11811,https://m.media-amazon.com/images/I/41msAgT7+mL.jpg,Optical,Wired,6400,Right,Black,
Rosewill RM-7700,https://pcpartpicker.com/product/hzKhP6/rosewill-mouse-rimo12001,https://images-na.ssl-images-amazon.com/images/I/419jOz0cW4L.jpg,Optical,Wireless,1750,Both,Black,
Gigabyte Raptor,https://pcpartpicker.com/product/ZttWGX/gigabyte-mouse-gmraptor,/static/forever/img/no-image.png,Optical,Wired,4000,Right,Black / Red,
Microsoft GMF-00413,https://pcpartpicker.com/product/rvKhP6/microsoft-mouse-gmf00413,https://m.media-amazon.com/images/I/51tmIKHtM3L.jpg,Optical,Wireless,1000,Both,Black,
Corsair Sabre,https://pcpartpicker.com/product/zP648d/corsair-mouse-ch9000090na,https://m.media-amazon.com/images/I/518BkUV8VZL.jpg,Laser,Wired,8200,Right,Multicolor,
Razer Naga Epic Chroma,https://pcpartpicker.com/product/gnQRsY/razer-mouse-rz0101230100r3u1,https://m.media-amazon.com/images/I/41faSYu+y6L.jpg,Laser,Wireless,8200,Right,Multicolor,
Asus ROG Gladius,https://pcpartpicker.com/product/DwPzK8/asus-mouse-90mp0081b0ua00,https://cdna.pcpartpicker.com/static/forever/images/product/e6c5d0d299dc2571f5e8eac5167b4ae7.256p.jpg,Optical,Wired,6400,Right,Black / Red,
Logitech M320,https://pcpartpicker.com/product/g3Crxr/logitech-mouse-910004351,https://m.media-amazon.com/images/I/41FLf1YPyBL.jpg,Optical,Wireless,1000,Right,Black,49.99
GAMDIAS Zeus Esports Edition,https://pcpartpicker.com/product/Wf7CmG/gamdias-mouse-gms1100e,https://m.media-amazon.com/images/I/41uGmgW+iFL.jpg,Laser,Wired,8200,Right,Black / Red,
Mad Catz M.M.O. TE,https://pcpartpicker.com/product/rmGj4D/mad-catz-mouse-mcb437140001041,https://images-na.ssl-images-amazon.com/images/I/410hXZAfGoL.jpg,Laser,Wired,8200,Right,Black / White,
Azza Diablo,https://pcpartpicker.com/product/tNGj4D/azza-mouse-msaz004,https://images-na.ssl-images-amazon.com/images/I/41eVd9vn2XL.jpg,Optical,Wired,2400,Right,Black,
Cougar 600M,https://pcpartpicker.com/product/dcfmP6/cougar-mouse-moc600b,https://images-na.ssl-images-amazon.com/images/I/41CJ9w6CR9L.jpg,Laser,Wired,8200,Right,Black,
Cougar 600M,https://pcpartpicker.com/product/y7PzK8/cougar-mouse-moc600o,https://images-na.ssl-images-amazon.com/images/I/412FPqbKuWL.jpg,Laser,Wired,8200,Right,Orange,
Mad Catz Office R.A.T.,https://pcpartpicker.com/product/MdCrxr/mad-catz-mouse-mcb437240002041,https://m.media-amazon.com/images/I/41eEsp7RTRL.jpg,Laser,Bluetooth Wireless,,Right,Black,
Mad Catz Office R.A.T.,https://pcpartpicker.com/product/xmGj4D/mad-catz-mouse-mcb4372400c2041,https://m.media-amazon.com/images/I/41ncDdBokqL.jpg,Laser,Bluetooth Wireless,,Right,Black,
Mad Catz M.M.O. TE,https://pcpartpicker.com/product/XBmxFT/mad-catz-mouse-mcb4371400c2041,https://m.media-amazon.com/images/I/41cYwfuliVL.jpg,Laser,Wired,8200,Right,Black / Red,
Mad Catz R.A.T. M,https://pcpartpicker.com/product/dWZ2FT/mad-catz-mouse-mcb437170002041,https://m.media-amazon.com/images/I/41epEb8GJWL.jpg,Optical,Bluetooth Wireless,2000,Right,Black,
MS-Tech SM-X35,https://pcpartpicker.com/product/77PzK8/ms-tech-mouse-smx35,https://images-na.ssl-images-amazon.com/images/I/41icnPh-L0L.jpg,Laser,Wired,2400,Right,Black,
Corsair Sabre,https://pcpartpicker.com/product/B6hj4D/corsair-mouse-ch9000056na,/static/forever/img/no-image.png,Optical,Wired,6400,Right,Multicolor,
Aula Killing Soul SI-928,https://pcpartpicker.com/product/Rt648d/aula-mouse-840721111285,https://cdna.pcpartpicker.com/static/forever/images/product/dd0e71d239593393f7c00203fe0134dc.256p.jpg,Optical,Wired,2000,Right,Black,
Logitech M325,https://pcpartpicker.com/product/6f7CmG/logitech-mouse-910002961,/static/forever/img/no-image.png,Optical,Wireless,,Both,Black / White,
Mad Catz R.A.T.,https://pcpartpicker.com/product/Ggs8TW/mad-catz-mouse-mcb437240001041,https://m.media-amazon.com/images/I/4158ElPahZL.jpg,Laser,Wireless,,Right,White,
Microsoft D58-00041,https://pcpartpicker.com/product/jMp323/microsoft-mouse-d5800041,/static/forever/img/no-image.png,Optical,Wired,,Both,White,
Thermaltake THERON Plus+,https://pcpartpicker.com/product/YZL7YJ/thermaltake-mouse-motrpwdlobk,https://m.media-amazon.com/images/I/4121MfC3p8L.jpg,Laser,Wired,8200,Right,Black / Red,
Asus STRIX CLAW,https://pcpartpicker.com/product/KrH48d/asus-mouse-90yh00c1baua00,/static/forever/img/no-image.png,Optical,Wired,5000,Right,Black / Yellow,
Func MS-2,https://pcpartpicker.com/product/DWZ2FT/func-mouse-funcms2,https://cdna.pcpartpicker.com/static/forever/images/product/63d9dee9ec76c4e082c9a04dd6e3534b.med.256p.jpg,Optical,Wired,4000,Right,Black / Orange,
Thermaltake VENTUS,https://pcpartpicker.com/product/9gs8TW/thermaltake-mouse-movetwdlobk06,https://images-na.ssl-images-amazon.com/images/I/41hGM7RaLXL.jpg,Laser,Wired,5700,Both,Black,
Kensington Pro Fit,https://pcpartpicker.com/product/Y3Crxr/kensington-mouse-k72451ww,https://cdna.pcpartpicker.com/static/forever/images/product/10fca568cdb1a385acf1a1ac178c7633.256p.jpg,Laser,Bluetooth Wireless,1000,Right,Black,
IOGEAR NRG3,https://pcpartpicker.com/product/zqs8TW/iogear-mouse-gme555r,https://images-na.ssl-images-amazon.com/images/I/41be9u5DADL.jpg,Laser,Wireless,2000,Right,Black,
Kensington Pro Fit,https://pcpartpicker.com/product/WNGj4D/kensington-mouse-k72323ww,https://m.media-amazon.com/images/I/41FJTpxTNgL.jpg,Laser,Wired,1800,Right,Black,
SIIG JK-WR0A12-S1,https://pcpartpicker.com/product/6TWrxr/siig-mouse-jkwr0a12s1,https://m.media-amazon.com/images/I/41S+bIgv05L.jpg,Optical,Wireless,1000,Right,Black,
SIIG JK-WR0C12-S1,https://pcpartpicker.com/product/h4DzK8/siig-mouse-jkwr0c12s1,/static/forever/img/no-image.png,Optical,Wireless,1000,Right,Black,
SIIG JK-WR0G12-S1,https://pcpartpicker.com/product/FBmxFT/siig-mouse-jkwr0g12s1,https://cdna.pcpartpicker.com/static/forever/images/product/966dadc1906e3da1f6e6781083005902.256p.jpg,Optical,Wireless,1000,Both,Black / Red,
SIIG JK-WR0912-S1,https://pcpartpicker.com/product/LvKhP6/siig-mouse-jkwr0912s1,/static/forever/img/no-image.png,Optical,Wireless,1000,Right,Red,
SIIG JK-WR0B12-S1,https://pcpartpicker.com/product/wGX2FT/siig-mouse-jkwr0b12s1,https://m.media-amazon.com/images/I/51lw1LV1RGL.jpg,Optical,Wireless,1000,Right,Blue,
SIIG JK-WR0D12-S1,https://pcpartpicker.com/product/XCJkcf/siig-mouse-jkwr0d12s1,/static/forever/img/no-image.png,Optical,Wireless,1000,Both,Black / Blue,
SIIG JK-WR0E12-S1,https://pcpartpicker.com/product/hnQRsY/siig-mouse-jkwr0e12s1,/static/forever/img/no-image.png,Optical,Wireless,1000,Both,Black / Green,
Gear Head BT9750BLU,https://pcpartpicker.com/product/sZ8H99/gear-head-mouse-bt9750blu,/static/forever/img/no-image.png,Optical,Bluetooth Wireless,1600,Right,Black / Blue,
Gear Head BT9750RED,https://pcpartpicker.com/product/29Wrxr/gear-head-mouse-bt9750red,/static/forever/img/no-image.png,Optical,Bluetooth Wireless,1600,Right,Black / Red,
Rosewill RM-D2P,https://pcpartpicker.com/product/4nnG3C/rosewill-mouse-rmd2p,/static/forever/img/no-image.png,Optical,Wired,2000,Both,Black,
Rosewill RM-D2U,https://pcpartpicker.com/product/f9Wrxr/rosewill-mouse-rmd2u,https://cdna.pcpartpicker.com/static/forever/images/product/4aaa9c864134b706d6ad799f35347f91.256p.jpg,Optical,Wired,2000,Both,Black,
AZIO EXO1-K,https://pcpartpicker.com/product/ZwVBD3/azio-mouse-exo1k,https://m.media-amazon.com/images/I/21tt2-SJT4L.jpg,Optical,Wired,3500,Right,Black,
Microsoft U7Z-00055,https://pcpartpicker.com/product/fvVBD3/microsoft-mouse-u7z00055,https://m.media-amazon.com/images/I/41l1ev5VfdL.jpg,Optical,Wireless,1000,Both,Blue,
Microsoft U7Z-00062,https://pcpartpicker.com/product/4sJkcf/microsoft-mouse-u7z00062,https://m.media-amazon.com/images/I/41M5G9SSjdL.jpg,Optical,Wireless,1000,Both,Pink,
Rosewill RM-7800BL,https://pcpartpicker.com/product/PnnG3C/rosewill-mouse-rm7800bl,https://m.media-amazon.com/images/I/41zEs-4jfdL.jpg,Optical,Wireless,1600,Right,Black,
Rosewill RM-7800PK,https://pcpartpicker.com/product/K4Crxr/rosewill-mouse-rm7800pk,https://images-na.ssl-images-amazon.com/images/I/41PD8kHSWkL.jpg,Optical,Wireless,1600,Right,Pink,
Turtle Beach Grip 300,https://pcpartpicker.com/product/F8KhP6/turtle-beach-mouse-tbs483001,https://cdna.pcpartpicker.com/static/forever/images/product/2c5ea2ca50199340719a030b558103f0.256p.jpg,Optical,Wired,1750,Right,Black / Red,
Turtle Beach Grip 300,https://pcpartpicker.com/product/RTH48d/turtle-beach-mouse-tbs483501,https://m.media-amazon.com/images/I/41oi9G+KX6L.jpg,Optical,Wired,1750,Right,Black / Red,
Turtle Beach Grip 500,https://pcpartpicker.com/product/QqkwrH/turtle-beach-mouse-tbs484001,https://cdna.pcpartpicker.com/static/forever/images/product/1580615e5ccedc806ee82266b2d09eb7.256p.jpg,Laser,Wired,8200,Right,Black / Red,
UtechSmart VENUS-B,https://pcpartpicker.com/product/4pbkcf/utechsmart-mouse-venusb,https://cdna.pcpartpicker.com/static/forever/images/product/1b34c580b086b9b6eba25d37f215627a.256p.jpg,Laser,Wired,16400,Right,Gray,
Thermaltake VENTUS X,https://pcpartpicker.com/product/Wr7CmG/thermaltake-mouse-movexwdlobk01,https://images-na.ssl-images-amazon.com/images/I/31Oamj4S5AL.jpg,Laser,Wired,5700,Right,Black,
Monoprice MP-MiCo Optical Pro,https://pcpartpicker.com/product/9wVBD3/monoprice-mouse-10231,https://m.media-amazon.com/images/I/31D1+Ylcp3L.jpg,Optical,Wired,1600,Both,Blue / White,
Monoprice 11154,https://pcpartpicker.com/product/Fm8H99/monoprice-mouse-11154,/static/forever/img/no-image.png,Laser,Wired,1600,Right,Black,
Monoprice 11155,https://pcpartpicker.com/product/3NNypg/monoprice-mouse-11155,https://cdna.pcpartpicker.com/static/forever/images/product/b92fbd6b570c5158ef8dbe79f4f72b8c.256p.jpg,Laser,Wired,2400,Right,Black / Green,
Monoprice 8495,https://pcpartpicker.com/product/gFdFf7/monoprice-mouse-8495,/static/forever/img/no-image.png,Optical,Wired,1600,Both,Black,
Monoprice 9253,https://pcpartpicker.com/product/pzM323/monoprice-mouse-9253,/static/forever/img/no-image.png,Optical,Wired,,Both,Black / Red,
Monoprice 9254,https://pcpartpicker.com/product/t9Wrxr/monoprice-mouse-9254,/static/forever/img/no-image.png,Optical,Wired,,Both,Black / Blue,
Monoprice 9255,https://pcpartpicker.com/product/H7hj4D/monoprice-mouse-9255,/static/forever/img/no-image.png,Optical,Wired,,Both,Black / Blue,
Monoprice M24,https://pcpartpicker.com/product/KKZ2FT/monoprice-mouse-9256,/static/forever/img/no-image.png,Optical,Wireless,,Both,Black / Silver,
Monoprice M19,https://pcpartpicker.com/product/qPs8TW/monoprice-mouse-9257,https://m.media-amazon.com/images/I/31mrNKlWXaL.jpg,Optical,Wireless,,Both,Black / Silver,
Monoprice 9258,https://pcpartpicker.com/product/QccMnQ/monoprice-mouse-9258,https://cdna.pcpartpicker.com/static/forever/images/product/0a8b489cdcbea4f1d13978173944b4c6.256p.jpg,Optical,Wired,3400,Right,Black / Red,
Monoprice Executor,https://pcpartpicker.com/product/RwVBD3/monoprice-mouse-9286,/static/forever/img/no-image.png,Laser,Wired,5600,Right,Black,
Kensington SlimBlade,https://pcpartpicker.com/product/WJVBD3/kensington-mouse-72334,https://cdna.pcpartpicker.com/static/forever/images/product/e061a09275ee8384b1f211c4f24aa914.256p.jpg,Laser,Wireless,,Both,Black,
Kensington Pro Fit 2.4 GHz Wireless Mid-Size Mouse,https://pcpartpicker.com/product/TZ8H99/kensington-mouse-72354,/static/forever/img/no-image.png,Laser,Wireless,,Right,Black,
Kensington Pro Fit Mobile Wireless Mouse,https://pcpartpicker.com/product/mNNypg/kensington-mouse-72366,/static/forever/img/no-image.png,Laser,Wireless,,Both,Black,
Kensington K72370US,https://pcpartpicker.com/product/HqkwrH/kensington-mouse-72370,https://cdna.pcpartpicker.com/static/forever/images/product/ccc65c9edaf22882b0f0de20891d2ec8.256p.jpg,Optical,Wireless,,Right,Black,
Kensington K72400US,https://pcpartpicker.com/product/hvVBD3/kensington-mouse-72400,https://m.media-amazon.com/images/I/41Z0iRU2SML.jpg,Optical,Wired,,Both,Black,
Kensington PocketMouse,https://pcpartpicker.com/product/vD8H99/kensington-mouse-72404,/static/forever/img/no-image.png,Optical,Wireless,1000,Both,Black,
Kensington Pro Fit Mid-Size Mouse,https://pcpartpicker.com/product/7sJkcf/kensington-mouse-72423,/static/forever/img/no-image.png,Laser,Wireless,,Right,Black / Gray,
Kensington SureTrack,https://pcpartpicker.com/product/XVYWGX/kensington-mouse-72437,/static/forever/img/no-image.png,Optical,Wireless,,Both,Black,
Kensington Pro Fit,https://pcpartpicker.com/product/4Z8H99/kensington-mouse-72405,https://cdna.pcpartpicker.com/static/forever/images/product/58f34679e159bec415a2150be9d59958.256p.jpg,Optical,Wireless,1750,Right,Black,35.99
Dell WM615,https://pcpartpicker.com/product/RHNypg/dell-mouse-d7cyn,https://cdna.pcpartpicker.com/static/forever/images/product/00fb2f7b312bc2ccc4e69caafb24bde4.256p.jpg,Laser,Bluetooth Wireless,1000,Both,Black,
Cooler Master Storm Reaper,https://pcpartpicker.com/product/skdFf7/cooler-master-mouse-sgm6002kllw1,https://m.media-amazon.com/images/I/31Up9DG4gyL.jpg,Laser,Wired,8200,Right,Black / Silver,
Etekcity Scroll 6E,https://pcpartpicker.com/product/TsZ2FT/etekcity-mouse-679113374270,https://cdna.pcpartpicker.com/static/forever/images/product/66cfe38c65a285402512005b8fad26c9.256p.jpg,Optical,Wired,4000,Right,Black / Blue,
Etekcity SCROLL S200,https://pcpartpicker.com/product/B8YWGX/etekcity-mouse-scrolls200,https://cdna.pcpartpicker.com/static/forever/images/product/26bd4d4666b1158d6a2735e57467fb35.256p.jpg,Optical,Wired,1600,Right,Black / Blue,
Gear Head BT9750BLK,https://pcpartpicker.com/product/bFtWGX/gear-head-mouse-bt9750blk,https://cdna.pcpartpicker.com/static/forever/images/product/f553dfeb01b8d06af51cc0976ea13128.256p.jpg,Optical,Bluetooth Wireless,1600,Right,Black,
Kensington MP230L,https://pcpartpicker.com/product/TXPzK8/kensington-mouse-k72453ww,https://cdna.pcpartpicker.com/static/forever/images/product/9b60ce13b5cf08df1ff91a31915f6964.256p.jpg,Laser,Wireless,3200,Right,Black,
Mad Catz Office R.A.T. M,https://pcpartpicker.com/product/YV648d/mad-catz-mouse-mcb437170001041,https://images-na.ssl-images-amazon.com/images/I/41JNiKu2OQL.jpg,Optical,Bluetooth Wireless,2000,Right,Black / White,
Mad Catz Office R.A.T. M,https://pcpartpicker.com/product/2tgPxr/mad-catz-mouse-mcb4371700c2041,https://m.media-amazon.com/images/I/41fOtkmkcvL.jpg,Optical,Bluetooth Wireless,2000,Right,Black / Red,
Mad Catz Office R.A.T.,https://pcpartpicker.com/product/nWDzK8/mad-catz-mouse-mcb437240013041,https://images-na.ssl-images-amazon.com/images/I/41J0HxFasTL.jpg,Optical,Bluetooth Wireless,,Right,Red,
Razer Abyssus,https://pcpartpicker.com/product/fJ8H99/razer-mouse-rz8400360200b3u1,https://m.media-amazon.com/images/I/41wgaC9s1jL.jpg,Optical,Wired,3500,Both,Black,
Dell WM123,https://pcpartpicker.com/product/YyX2FT/dell-mouse-3320249,https://cdna.pcpartpicker.com/static/forever/images/product/7a0330b52581a3d17d5927bc9493b9d4.256p.jpg,Optical,Wireless,1000,Both,Black,
IOGEAR Tacturus,https://pcpartpicker.com/product/TdX2FT/iogear-mouse-gme581r,https://cdna.pcpartpicker.com/static/forever/images/product/aebcf58fe48356178b7917c83f21046c.256p.jpg,Optical,Wireless,1000,Both,Black,
Key Ovation KOV-N200BCM,https://pcpartpicker.com/product/jq38TW/key-ovation-mouse-kovn200bcm,https://cdna.pcpartpicker.com/static/forever/images/product/89bb57024f6fea7fdb7cb439fef91e42.256p.jpg,Optical,Wired,3000,Right,Black,
Key Ovation KOV-N200SCL,https://pcpartpicker.com/product/zHBrxr/key-ovation-mouse-kovn200scl,https://m.media-amazon.com/images/I/419bXPcKNrL.jpg,Optical,Wired,3000,Right,Black / Silver,
Lenovo 0B47165,https://pcpartpicker.com/product/Zgwqqs/lenovo-mouse-0b47165,https://m.media-amazon.com/images/I/3160cPUh7vL.jpg,Optical,Wireless,,Both,Red,
Logitech M325,https://pcpartpicker.com/product/PvWrxr/logitech-mouse-910004266,https://images-na.ssl-images-amazon.com/images/I/513D25h3M6L.jpg,Optical,Wireless,1000,Both,Green / Blue,
Logitech M325c,https://pcpartpicker.com/product/dMcMnQ/logitech-mouse-910004440,https://m.media-amazon.com/images/I/514tq1PVBfL.jpg,Optical,Wireless,,Both,Multicolor,16.48
Logitech M325c Lucas Lion,https://pcpartpicker.com/product/JBZ2FT/logitech-mouse-910004441,https://m.media-amazon.com/images/I/41YN9NDUaxL.jpg,Optical,Wireless,,Both,Multicolor,
Logitech M325c Francesca Fox,https://pcpartpicker.com/product/cBZ2FT/logitech-mouse-910004442,https://m.media-amazon.com/images/I/51p7HOBIN-L.jpg,Optical,Wireless,,Both,Multicolor,20.99
Logitech M325c Purple Zigzag,https://pcpartpicker.com/product/9RkwrH/logitech-mouse-910004447,https://m.media-amazon.com/images/I/416za4AvAUL.jpg,Optical,Wireless,,Both,Purple,
Logitech M325c Red Zigzag,https://pcpartpicker.com/product/bV7CmG/logitech-mouse-910004449,https://cdna.pcpartpicker.com/static/forever/images/product/2a751166092baa3a7e4666f6c5a56346.256p.jpg,Optical,Wireless,,Both,Red,
Logitech M325c Blue Zigzag,https://pcpartpicker.com/product/sMcMnQ/logitech-mouse-910004450,https://cdna.pcpartpicker.com/static/forever/images/product/df511f3afa7c43cf21f30bb583142f9d.256p.jpg,Optical,Wireless,,Both,Blue,
Logitech M325c Blue Harlequin,https://pcpartpicker.com/product/76RFf7/logitech-mouse-910004459,https://m.media-amazon.com/images/I/41SO1tlK93L.jpg,Optical,Wireless,,Both,Blue,
Mad Catz Office R.A.T. M,https://pcpartpicker.com/product/v8YWGX/mad-catz-mouse-mcb437170013041,https://m.media-amazon.com/images/I/51BW3ooKAkL.jpg,Optical,Wireless,2000,Right,Red,
ROCCAT Kone Pure Camo Charge,https://pcpartpicker.com/product/vzYWGX/roccat-mouse-roc16225,https://m.media-amazon.com/images/I/41-3d9HupaL.jpg,Optical,Wired,5000,Right,Camo,
ROCCAT Kone Pure Naval Storm,https://pcpartpicker.com/product/3fH48d/roccat-mouse-roc16226,https://m.media-amazon.com/images/I/41LM5Z8WDVL.jpg,Optical,Wired,5000,Right,Black / Silver,
ROCCAT Kone Pure Desert Strike,https://pcpartpicker.com/product/Fw648d/roccat-mouse-roc16227,https://images-na.ssl-images-amazon.com/images/I/31wQcVxZIgL.jpg,Optical,Wired,5000,Right,Brown / Black,
Rosewill Reflex,https://pcpartpicker.com/product/rRkwrH/rosewill-mouse-rgm1100,https://images-na.ssl-images-amazon.com/images/I/415Vqqaj13L.jpg,Laser,Wired,8200,Right,Black / Red,
Key Ovation KOV-N200BCL,https://pcpartpicker.com/product/rtp323/key-ovation-mouse-kovn200bcl,/static/forever/img/no-image.png,Optical,Wired,4000,Right,Black,
Key Ovation KOV-N200SCM,https://pcpartpicker.com/product/kzNypg/key-ovation-mouse-kovn200scm,/static/forever/img/no-image.png,Optical,Wired,4000,Both,Black / Silver,
Key Ovation KOV-RS200CL,https://pcpartpicker.com/product/2BZ2FT/key-ovation-mouse-kovrs200cl,/static/forever/img/no-image.png,Optical,Wired,3400,Right,Black,
Key Ovation KOV-RS200CM,https://pcpartpicker.com/product/xWbkcf/key-ovation-mouse-kovrs200cm,/static/forever/img/no-image.png,Optical,Wired,3400,Right,Black,
Logitech M325c Teal Zigzag,https://pcpartpicker.com/product/cykwrH/logitech-mouse-910004456,https://m.media-amazon.com/images/I/41OJECICQIL.jpg,Optical,Wireless,,Both,Blue / White,49.99
Cougar 230M,https://pcpartpicker.com/product/sWbkcf/cougar-mouse-moc230y,/static/forever/img/no-image.png,Optical,Wired,3200,Both,White / Yellow,
Cougar 250M,https://pcpartpicker.com/product/DK4NnQ/cougar-mouse-moc250b,/static/forever/img/no-image.png,Optical,Wired,4000,Both,Black / Orange,
Cougar 300M,https://pcpartpicker.com/product/cFGj4D/cougar-mouse-moc300o,/static/forever/img/no-image.png,Optical,Wired,4000,Right,Black / Orange,
Cougar 500M,https://pcpartpicker.com/product/wp8H99/cougar-mouse-moc500b,/static/forever/img/no-image.png,Optical,Wired,4000,Right,Black / White,
Cougar 550M,https://pcpartpicker.com/product/CK4NnQ/cougar-mouse-moc550m,https://images-fe.ssl-images-amazon.com/images/I/41D6ZdXBWpL.jpg,Optical,Wired,6400,Right,Black / Orange,
Gear Head MP2120CMO,https://pcpartpicker.com/product/KMcMnQ/gear-head-mouse-mp2120cmo,https://m.media-amazon.com/images/I/41ImG4DcLwL.jpg,Optical,Wireless,,Both,Camo,
Gear Head MP2120RDF,https://pcpartpicker.com/product/ZHBrxr/gear-head-mouse-mp2120rdf,https://m.media-amazon.com/images/I/5105+nbpbCL.jpg,Optical,Wireless,,Both,Black / Red,
Gear Head MP2120SNL,https://pcpartpicker.com/product/YhgPxr/gear-head-mouse-mp2120snl,https://images-na.ssl-images-amazon.com/images/I/51akC0zhqzL.jpg,Optical,Wireless,,Both,Black / White,
Logitech M325 Purple Peace,https://pcpartpicker.com/product/QgJkcf/logitech-mouse-910004144,https://m.media-amazon.com/images/I/41xCA7nQbcL.jpg,Optical,Wireless,1000,Both,White / Purple,
Logitech M325 Moody Blue,https://pcpartpicker.com/product/sskwrH/logitech-mouse-910004159,/static/forever/img/no-image.png,Optical,Wireless,1000,Both,Blue,
Logitech M325 Zany,https://pcpartpicker.com/product/ghgPxr/logitech-mouse-910004161,https://m.media-amazon.com/images/I/51AA2LYTKPL.jpg,Optical,Wireless,1000,Both,Silver / White,
Logitech M325,https://pcpartpicker.com/product/yykwrH/logitech-mouse-910004445,https://cdna.pcpartpicker.com/static/forever/images/product/1f219cee323249c7e501fd523b651350.256p.jpg,Optical,Wireless,1000,Both,Multicolor,
Etekcity Scroll Alpha,https://pcpartpicker.com/product/Njp323/etekcity-mouse-025706341608,https://cdna.pcpartpicker.com/static/forever/images/product/0a4e56432d9108fdb9955ad571c2285b.256p.jpg,Laser,Wired,8200,Both,Black / Blue,
Kensington K72392US,https://pcpartpicker.com/product/FMcMnQ/kensington-mouse-k72392us,https://cdna.pcpartpicker.com/static/forever/images/product/a423c47180e3a67870a87963e9f010eb.256p.jpg,Optical,Wireless,1000,Both,Black,24.89
SolidTek MS-233BU,https://pcpartpicker.com/product/dPnG3C/solidtek-mouse-ms233bu,/static/forever/img/no-image.png,Optical,Wired,,Both,Black,
Adesso iMouse E50,https://pcpartpicker.com/product/PrVBD3/adesso-mouse-imousee50,https://m.media-amazon.com/images/I/31qbUELQwUL.jpg,Laser,Wireless,1000,Right,Black,
Adesso iMouse E60L,https://pcpartpicker.com/product/kMcMnQ/adesso-mouse-imousee60l,https://m.media-amazon.com/images/I/31keFiNjetL.jpg,Optical,Wireless,1000,Both,Blue / Silver,
Adesso iMouse E60W,https://pcpartpicker.com/product/pcqbt6/adesso-mouse-imousee60w,https://m.media-amazon.com/images/I/31NDd+VrbxL.jpg,Optical,Wireless,1000,Both,White,
Adesso iMouse W2,https://pcpartpicker.com/product/HykwrH/adesso-mouse-imousew2,https://m.media-amazon.com/images/I/31LyiftLh1L.jpg,Optical,Wired,800,Both,Black,
Gear Head MPT3500PUR-CP10,https://pcpartpicker.com/product/vJbkcf/gear-head-mouse-mpt3500purcp10,https://m.media-amazon.com/images/I/41QjTOvB9DL.jpg,Optical,Wireless,800,Right,Black / Purple,
Microsoft GMF-00403,https://pcpartpicker.com/product/Xcqbt6/microsoft-mouse-gmf00403,https://images-na.ssl-images-amazon.com/images/I/51vDO2axCaL.jpg,Optical,Wireless,,Both,Multicolor,
TekNmotion TM-NIBM1,https://pcpartpicker.com/product/fb8H99/teknmotion-mouse-tmnibm1,https://m.media-amazon.com/images/I/41Rt5pv2aOL.jpg,Optical,Wired,,Right,Black,
TekNmotion Nibiru M2,https://pcpartpicker.com/product/dRkwrH/teknmotion-mouse-tmnibm2,https://m.media-amazon.com/images/I/41moE-GshYL.jpg,Optical,Wired,800,Right,Black,
IOGEAR Chimera M2,https://pcpartpicker.com/product/TGcMnQ/iogear-mouse-gme652ur,https://m.media-amazon.com/images/I/51Cy-wcxd6L.jpg,Optical,Wired,2000,Right,Black,
Lenovo 40K9200,https://pcpartpicker.com/product/6GcMnQ/lenovo-mouse-40k9200,https://cdna.pcpartpicker.com/static/forever/images/product/8ef219ffb56c430e1f6dd0b6fb9b0b9f.256p.jpg,Optical,Wired,,Both,Black,
Logitech M185,https://pcpartpicker.com/product/j6RFf7/logitech-mouse-910003806,https://m.media-amazon.com/images/I/31v1P9sdQcL.jpg,Optical,Wireless,1000,Both,Black,
Logitech M185,https://pcpartpicker.com/product/WgJkcf/logitech-mouse-910003807,/static/forever/img/no-image.png,Optical,Wireless,1000,Both,Black,
Logitech M187,https://pcpartpicker.com/product/BXvZxr/logitech-mouse-910004224,/static/forever/img/no-image.png,Optical,Wireless,1000,Both,Red,
Logitech M535,https://pcpartpicker.com/product/T6RFf7/logitech-mouse-910004529,https://cdna.pcpartpicker.com/static/forever/images/product/e57e0d8dd78136a656d60ffdfaa64d3f.256p.jpg,Optical,Bluetooth Wireless,,Both,Blue,
SMK-Link VP3815-TAA,https://pcpartpicker.com/product/Mjp323/smk-link-mouse-vp3815taa,https://cdna.pcpartpicker.com/static/forever/images/product/479c783f7144cac90e33d885a8e333c6.256p.jpg,Optical,Wired,800,Both,Black,
V7 GM110-2N,https://pcpartpicker.com/product/pTCrxr/v7-mouse-gm1102n,https://m.media-amazon.com/images/I/41JNtMnXq9L.jpg,Optical,Wired,4000,Right,Black / White,
V7 GM120-2N,https://pcpartpicker.com/product/HHBrxr/v7-mouse-gm1202n,https://m.media-amazon.com/images/I/31jZdlGd9ML.jpg,Optical,Wired,4000,Right,Black / Orange,
Mionix Castor,https://pcpartpicker.com/product/yskwrH/mionix-mouse-mnx0125001g,https://cdna.pcpartpicker.com/static/forever/images/product/cdb7c7b065e082d95cc77f4660af9c0f.256p.jpg,Optical,Wired,10000,Right,Black,
Adesso IMOUSES4,https://pcpartpicker.com/product/hn7CmG/adesso-mouse-imouses4,https://images-na.ssl-images-amazon.com/images/I/31UaghP2CwL.jpg,Optical,Wired,1600,Both,Black,
Patriot Viper V560,https://pcpartpicker.com/product/cWbkcf/patriot-mouse-pv560lulpwk,https://images-na.ssl-images-amazon.com/images/I/41XxfUajmnL.jpg,Laser,Wired,8200,Right,Black / Red,
Takara Tomy Transformers DinoSaurer,https://pcpartpicker.com/product/mdmxFT/takara-tomy-mouse-transformersdinosaurer,https://cdna.pcpartpicker.com/static/forever/images/product/081c9670af613c4c4dead39ba22fc4d5.256p.jpg,Optical,Wired,,Both,Black / Orange,
GE 97986,https://pcpartpicker.com/product/D4dFf7/ge-mouse-ho97986,https://m.media-amazon.com/images/I/41TAt18pd9L.jpg,Optical,Wired,,Both,Black,
Asus STRIX CLAW DARK EDITION,https://pcpartpicker.com/product/ZLPzK8/asus-mouse-strixclawdarkedition,https://m.media-amazon.com/images/I/21yV4CeRvsL.jpg,Optical,Wired,5000,Right,Black / Orange,
Corsair SABRE RGB,https://pcpartpicker.com/product/xrrcCJ/corsair-mouse-ch9000112na,https://m.media-amazon.com/images/I/31oF8-zPhEL.jpg,Laser,Wired,8200,Right,Black,
Genius NX-7000,https://pcpartpicker.com/product/7PVBD3/genius-mouse-31030109100,https://cdna.pcpartpicker.com/static/forever/images/product/f018b5aaaab38721246218e6b2604af7.256p.jpg,Laser,Wireless,1200,Both,Black,
Genius NX-7000,https://pcpartpicker.com/product/mGqbt6/genius-mouse-31030109109,https://cdna.pcpartpicker.com/static/forever/images/product/9eae407c64dab0250f1e0435cc3d8388.256p.jpg,Laser,Wireless,1200,Both,Blue / White,
Genius M6-600,https://pcpartpicker.com/product/vK38TW/genius-mouse-31040009101,https://cdna.pcpartpicker.com/static/forever/images/product/f485a5eeaf027e0ff4ea8d8979d237f6.256p.jpg,Optical,Wired,5000,Right,Black / White,
Genius M8-610,https://pcpartpicker.com/product/kLPzK8/genius-mouse-31040012101,https://cdna.pcpartpicker.com/static/forever/images/product/05cc6a607a4ead554a1d7be0f30cc1e5.256p.jpg,Laser,Wired,8200,Right,Black / White,
Adesso iMouse E60P,https://pcpartpicker.com/product/sJfmP6/adesso-mouse-imousee60p,https://cdna.pcpartpicker.com/static/forever/images/product/ce5bb27cf608814fac7ac7860d6bd823.256p.jpg,Optical,Wireless,1000,Both,Pink,
Adesso iMouse E60Y,https://pcpartpicker.com/product/yfPzK8/adesso-mouse-imousee60y,https://cdna.pcpartpicker.com/static/forever/images/product/a59a57be07de081465676395bb8f60a2.256p.jpg,Optical,Wireless,1000,Both,Yellow,
Corsair M65 RGB,https://pcpartpicker.com/product/XHzZxr/corsair-mouse-ch9000110na,https://images-na.ssl-images-amazon.com/images/I/41mcbD%2B53ZL.jpg,Laser,Wired,8200,Right,Black / White,
Corsair M65,https://pcpartpicker.com/product/YHzZxr/corsair-mouse-ch9000113na,https://cdna.pcpartpicker.com/static/forever/images/product/3c60c481be64da3efef3b26ae8a1a58b.256p.jpg,Laser,Wired,8200,Right,Black,
EVGA TORQ X3,https://pcpartpicker.com/product/vVcMnQ/evga-mouse-902x21032kr,https://cdna.pcpartpicker.com/static/forever/images/product/d1c72a25e50ab969ca418ce04a3d6cf1.256p.jpg,Optical,Wired,4000,Both,Black / Silver,
Gear Head MP2120LPD,https://pcpartpicker.com/product/ZfPzK8/gear-head-mouse-mp2120lpd,https://m.media-amazon.com/images/I/41eniAeApwL.jpg,Optical,Wireless,,Both,Black / Orange,
Genius NX-7000,https://pcpartpicker.com/product/mgtWGX/genius-mouse-31030109111,https://images-na.ssl-images-amazon.com/images/I/419OFaYPyHL.jpg,Laser,Wireless,1200,Both,Green / White,
Mad Catz R.A.T. PRO X,https://pcpartpicker.com/product/RGqbt6/mad-catz-mouse-mcb4371800p6021,https://images-na.ssl-images-amazon.com/images/I/51sfyP6ULJL.jpg,Laser,Wired,8200,Right,Black / Green,
Microsoft 3600,https://pcpartpicker.com/product/PsX2FT/microsoft-mouse-pn700001,https://cdna.pcpartpicker.com/static/forever/images/product/e0821b2a8313cae1c87ece2aeaec35bf.256p.jpg,Optical,Wireless,,Both,Black,
Microsoft 3600,https://pcpartpicker.com/product/d68H99/microsoft-mouse-pn700011,https://cdna.pcpartpicker.com/static/forever/images/product/eb6754fc5cc49c91e4c02f7d9a410013.256p.jpg,Optical,Wireless,,Both,Blue,
Microsoft 3600,https://pcpartpicker.com/product/JVcMnQ/microsoft-mouse-pn700021,/static/forever/img/no-image.png,Optical,Wireless,,Both,Red,
Adesso iMouse E60B,https://pcpartpicker.com/product/xsX2FT/adesso-mouse-imousee60b,https://cdna.pcpartpicker.com/static/forever/images/product/0772cb25b975c3de10615a205479321d.256p.jpg,Optical,Wireless,1000,Both,Black / Silver,
Adesso iMouse E60G,https://pcpartpicker.com/product/DcTrxr/adesso-mouse-imousee60g,https://cdna.pcpartpicker.com/static/forever/images/product/f7db302f216d9dca41afeaa5ff98872c.256p.jpg,Optical,Wireless,1000,Both,Green / Silver,
Corsair KATAR,https://pcpartpicker.com/product/4MvZxr/corsair-mouse-ch9000095na,https://cdna.pcpartpicker.com/static/forever/images/product/324cdd4fd74d52d41ba2958b4c113af0.256p.jpg,Optical,Wired,8000,Both,Black / Red,
HEC HM153,https://pcpartpicker.com/product/Cz7CmG/hec-mouse-hm153,/static/forever/img/no-image.png,Optical,Wired,1600,Both,Black / Red,
A4Tech G7CR-60B,https://pcpartpicker.com/product/pDcMnQ/a4tech-mouse-g7cr60b,/static/forever/img/no-image.png,Optical,Wireless,,Right,Black,
A4Tech TL80,https://pcpartpicker.com/product/Rqp323/a4tech-mouse-tl80,https://cdna.pcpartpicker.com/static/forever/images/product/d9327ef590af315fb867ff4980a5d8f3.256p.jpg,Laser,Wired,8200,Both,Black / Red,
A4Tech ZL50,https://pcpartpicker.com/product/QwzZxr/a4tech-mouse-zl50,https://cdna.pcpartpicker.com/static/forever/images/product/ec2c018afbbcf70583566818fc2143ad.256p.jpg,Laser,Wired,,Right,Black / Red,
Kensington K74531WW,https://pcpartpicker.com/product/qNPzK8/kensington-mouse-k74531ww,https://m.media-amazon.com/images/I/313KNC4ZkYL.jpg,Optical,Wired,,Both,White,13.58
Microsoft Wireless Mobile Mouse 3500,https://pcpartpicker.com/product/8rrcCJ/microsoft-mouse-gmf00274,https://images-na.ssl-images-amazon.com/images/I/41UUaTXPbwL.jpg,Laser,Wireless,1000,Both,Black / Blue,
Microsoft 900,https://pcpartpicker.com/product/tkX2FT/microsoft-mouse-pw400001,https://m.media-amazon.com/images/I/411yw5k2fSL.jpg,Laser,Wireless,,Both,Black,
MSI INTERCEPTOR DS200,https://pcpartpicker.com/product/Hp2rxr/msi-mouse-interceptords200,https://m.media-amazon.com/images/I/41t-gvkRa2L.jpg,Laser,Wired,16400,Right,Black / Red,
ROCCAT Kova RGB,https://pcpartpicker.com/product/KnL7YJ/roccat-mouse-roc11502am,https://cdna.pcpartpicker.com/static/forever/images/product/a214782b128632f17cacd08bc85f548d.256p.jpg,Optical,Wired,7000,Both,Black,
Ninox Aurora,https://pcpartpicker.com/product/6K38TW/ninox-mouse-nxaur,https://cdna.pcpartpicker.com/static/forever/images/product/75e63149927fd66c6593b8dd9fef1bdb.256p.jpg,Optical,Wired,4000,Right,Black / Red,
Mad Catz R.A.T. PRO X,https://pcpartpicker.com/product/GVcMnQ/mad-catz-mouse-mcb4371800a6021,https://m.media-amazon.com/images/I/41eKLtTwxQL.jpg,Laser,Wired,8200,Right,Black / Yellow,
Razer Orochi 8200 Chroma,https://pcpartpicker.com/product/nj2rxr/razer-mouse-rz0101550100r3u1,https://m.media-amazon.com/images/I/31AvwRdedvL.jpg,Laser,Wireless,8200,Both,Black,
SteelSeries Rival 100,https://pcpartpicker.com/product/psX2FT/steelseries-rival-100-wired-optical-mouse-62338,https://m.media-amazon.com/images/I/41gaC3F+xPL.jpg,Optical,Wired,4000,Right,Black / Purple,
SteelSeries Rival 100,https://pcpartpicker.com/product/b9Nypg/steelseries-rival-100-wired-optical-mouse-62340,https://m.media-amazon.com/images/I/31soYy5LhRL.jpg,Optical,Wired,4000,Right,Black / Yellow,
SteelSeries Rival 300,https://pcpartpicker.com/product/mTJkcf/steelseries-rival-300-wired-optical-mouse-62350,https://m.media-amazon.com/images/I/41BSYP-RlzL.jpg,Optical,Wired,6500,Right,Silver,
SteelSeries Rival 300,https://pcpartpicker.com/product/8gtWGX/steelseries-rival-300-wired-optical-mouse-62354,https://m.media-amazon.com/images/I/31yn5am9KrL.jpg,Optical,Wired,6500,Right,Orange / White,
Feenix Nascita,https://pcpartpicker.com/product/dZZ2FT/feenix-mouse-nascita,https://images-na.ssl-images-amazon.com/images/I/31VaQ6aYbsL.jpg,Laser,Wired,8200,Right,Black / White,
Cooler Master Xornet II,https://pcpartpicker.com/product/s2VBD3/cooler-master-mouse-sgm2002klon1,https://m.media-amazon.com/images/I/41fxgC-SnqL.jpg,Optical,Wired,3320,Right,Black,
A4Tech ML160,https://pcpartpicker.com/product/6YgPxr/a4tech-mouse-b016e4rh1k,/static/forever/img/no-image.png,Laser,Wired,8200,Right,Black,
Adesso iMouse E2,https://pcpartpicker.com/product/47X2FT/adesso-mouse-imousee2,https://m.media-amazon.com/images/I/41Ab7BYxDfL.jpg,Optical,Wired,3200,Right,Black,
Adesso iMouse E20,https://pcpartpicker.com/product/MhtWGX/adesso-mouse-imousee20,https://m.media-amazon.com/images/I/41cF4rILARL.jpg,Laser,Wireless,3200,Right,Black,
Adesso iMouse E40,https://pcpartpicker.com/product/NMvZxr/adesso-mouse-imousee40,https://m.media-amazon.com/images/I/31afKVHbxCL.jpg,Optical,Wireless,1000,Right,Black,
Cougar 550M,https://pcpartpicker.com/product/nYgPxr/cougar-mouse-moc550ig,https://m.media-amazon.com/images/I/41ad-qIc8KL.jpg,Optical,Wired,6400,Right,Black / Orange,
Gear Head MP1975BLK,https://pcpartpicker.com/product/YxcMnQ/gear-head-mouse-mp1975blk,https://images-na.ssl-images-amazon.com/images/I/4172ujMdRXL.jpg,Optical,Wireless,,Right,Black,
Gear Head MP1975BLU,https://pcpartpicker.com/product/G8Jkcf/gear-head-mouse-mp1975blu,https://m.media-amazon.com/images/I/41QqWn9FL1L.jpg,Optical,Wireless,,Both,Blue,
Gear Head MP1975RED,https://pcpartpicker.com/product/ZMvZxr/gear-head-mouse-mp1975red,https://images-na.ssl-images-amazon.com/images/I/31CB4NoVzrL.jpg,Optical,Wireless,,Both,Red,
Gear Head MP2100NBL,https://pcpartpicker.com/product/nfPzK8/gear-head-mouse-mp2100nbl,https://images-na.ssl-images-amazon.com/images/I/31XKxPpY4-L.jpg,Optical,Wireless,,Both,Blue,
Gear Head MP2100NGR,https://pcpartpicker.com/product/wBcMnQ/gear-head-mouse-mp2100ngr,https://images-na.ssl-images-amazon.com/images/I/31yiDFHNmpL.jpg,Optical,Wireless,,Both,Green,
Gear Head MP2100NOR,https://pcpartpicker.com/product/LZZ2FT/gear-head-mouse-mp2100nor,https://m.media-amazon.com/images/I/31Zz5KyDlIL.jpg,Optical,Wireless,,Both,Orange,
Gear Head MP2100NPK,https://pcpartpicker.com/product/CxcMnQ/gear-head-mouse-mp2100npk,https://images-na.ssl-images-amazon.com/images/I/31OuvCHbsKL.jpg,Optical,Wireless,,Both,Pink,
Gear Head MP2100NPR,https://pcpartpicker.com/product/DLPzK8/gear-head-mouse-mp2100npr,https://m.media-amazon.com/images/I/31EUioy-pGL.jpg,Optical,Wireless,,Both,Purple,
HP X1500,https://pcpartpicker.com/product/nPVBD3/hp-mouse-h4k66aaabl,https://cdna.pcpartpicker.com/static/forever/images/product/2add52f6577e910f42ea0b6d7aca6348.256p.jpg,Optical,Wired,,Right,Black,
Microsoft Wireless Mobile Mouse 4000,https://pcpartpicker.com/product/fW38TW/microsoft-mouse-d5d00038,https://cdna.pcpartpicker.com/static/forever/images/product/1364577ad9d45c2a1cc7f84eb81e4665.256p.jpg,Laser,Wireless,1000,Both,Black,
ROCCAT Kiro,https://pcpartpicker.com/product/GrrcCJ/roccat-mouse-roc11320am,https://cdna.pcpartpicker.com/static/forever/images/product/8ce3aff005e11dad4813a36d6a15835a.256p.jpg,Optical,Wired,4000,Both,Black,
SteelSeries Rival 100,https://pcpartpicker.com/product/PMvZxr/steelseries-rival-100-wired-optical-mouse-62335,https://m.media-amazon.com/images/I/31jg8mqVOAL.jpg,Optical,Wired,4000,Right,White,
SteelSeries Rival 100,https://pcpartpicker.com/product/zqp323/steelseries-rival-100-wired-optical-mouse-62337,https://images-na.ssl-images-amazon.com/images/I/317UtXg1naL.jpg,Optical,Wired,4000,Right,Red,
SteelSeries Rival 300,https://pcpartpicker.com/product/ggtWGX/steelseries-rival-300-wired-optical-mouse-62351,https://m.media-amazon.com/images/I/41khuW60VwL.jpg,Optical,Wired,6500,Right,Black,
Microsoft Arc Touch,https://pcpartpicker.com/product/P2VBD3/microsoft-mouse-7mp00011,https://m.media-amazon.com/images/I/31vs5MwIuXL.jpg,Laser,Bluetooth Wireless,,Both,Gray,
SteelSeries Rival 100,https://pcpartpicker.com/product/n3Z2FT/steelseries-rival-100-wired-optical-mouse-62339,https://m.media-amazon.com/images/I/31hWFW54F6L.jpg,Optical,Wired,4000,Right,Green,
Monoprice MP-AM,https://pcpartpicker.com/product/kkX2FT/monoprice-mouse-mpam,/static/forever/img/no-image.png,Optical,Wired,2300,Both,Black / Red,
Satechi Edge,https://pcpartpicker.com/product/gYgPxr/satechi-mouse-stedge500,https://m.media-amazon.com/images/I/419xoMjeiGL.jpg,Optical,Wireless,4000,Right,Black,
Cooler Master Sentinel III,https://pcpartpicker.com/product/mdDzK8/cooler-master-mouse-sgm6020klow1,https://m.media-amazon.com/images/I/415nxchXQ1L.jpg,Optical,Wired,6400,Right,Black,
HP Star Wars Special Edition,https://pcpartpicker.com/product/ybhj4D/hp-mouse-p3e54aaabc,https://m.media-amazon.com/images/I/41uHB7m7xPL.jpg,Laser,Wireless,,Both,Black / Red,
Kensington Pro Fit Mid-Size Mouse,https://pcpartpicker.com/product/m8rcCJ/kensington-mouse-k72423wwdup,https://cdna.pcpartpicker.com/static/forever/images/product/8a818d31948115739a2c1ab507a145f4.256p.jpg,Optical,Wireless,1750,Right,Black,
Logitech 910-001648,https://pcpartpicker.com/product/sHzZxr/logitech-mouse-910001648,https://m.media-amazon.com/images/I/31YHd62hO2L.jpg,Optical,Wired,,Both,Black,
Logitech M525,https://pcpartpicker.com/product/GBcMnQ/logitech-mouse-910002599,/static/forever/img/no-image.png,Optical,Wireless,,Both,Black / Red,
Logitech 910-002897,https://pcpartpicker.com/product/wt8H99/logitech-mouse-910002897,/static/forever/img/no-image.png,Laser,Wireless,,Right,Black,
Logitech M325 Brilliant Rose,https://pcpartpicker.com/product/NLPzK8/logitech-mouse-910003124,/static/forever/img/no-image.png,Laser,Wireless,,Both,Black / Pink,
Mad Catz R.A.T. PRO S,https://pcpartpicker.com/product/d6rcCJ/mad-catz-mouse-mcb4372200a6041,https://m.media-amazon.com/images/I/41DRCoYUWCL.jpg,Optical,Wired,5000,Right,Black / Green,
Mad Catz R.A.T.1,https://pcpartpicker.com/product/YTnG3C/mad-catz-mouse-mcb437260006061,https://images-na.ssl-images-amazon.com/images/I/41ekhXkPO4L.jpg,Optical,Wired,3500,Both,Green,
Microsoft 4FD-00026,https://pcpartpicker.com/product/G3yxFT/microsoft-mouse-4fd00026,https://m.media-amazon.com/images/I/312Ypt-FQBL.jpg,Laser,Wired,,Right,Black,
Microsoft L2 Sculpt Touch,https://pcpartpicker.com/product/XmkwrH/microsoft-mouse-6pl00004,https://images-na.ssl-images-amazon.com/images/I/51Ka9%2BaIwwL.jpg,Laser,Bluetooth Wireless,,Both,Black / Silver,
Microsoft Comfort Mouse 4500,https://pcpartpicker.com/product/nsX2FT/microsoft-mouse-comfortmouse4500forbusiness,https://cdna.pcpartpicker.com/static/forever/images/product/ac74abb8a0b5e0d9af698282649daedc.256p.jpg,Laser,Wired,,Right,Black,
Microsoft Wireless Mobile Mouse 4000,https://pcpartpicker.com/product/c68H99/microsoft-mouse-d5d00003,https://m.media-amazon.com/images/I/41SFBS0dOiL.jpg,Laser,Wireless,,Right,Black / Silver,
Microsoft Mobile 3500,https://pcpartpicker.com/product/wrDzK8/microsoft-mouse-gmf00009,https://m.media-amazon.com/images/I/41Wxq3rAsDL.jpg,Laser,Wireless,,Both,Black,
Microsoft GMF-00045,https://pcpartpicker.com/product/hDcMnQ/microsoft-mouse-gmf00045,https://m.media-amazon.com/images/I/414qSVMKtUL.jpg,Laser,Wireless,,Both,Black,
Microsoft Wireless Mobile Mouse 3500,https://pcpartpicker.com/product/MntWGX/microsoft-mouse-gmf00279,https://cdna.pcpartpicker.com/static/forever/images/product/a692394a02c59777ccd20ebdd73f2542.256p.jpg,Laser,Wireless,,Both,Black / Pink,
Microsoft U81-00010,https://pcpartpicker.com/product/Jz7CmG/microsoft-mouse-u8100010,https://m.media-amazon.com/images/I/31AR1dtZxlL.jpg,Optical,Wired,,Both,Black,
Targus AMW50CA,https://pcpartpicker.com/product/D4s8TW/targus-mouse-amw50ca,/static/forever/img/no-image.png,Optical,Wireless,,Both,Black / Silver,
Monoprice 109287,https://pcpartpicker.com/product/yW4NnQ/monoprice-mouse-109287,https://m.media-amazon.com/images/I/31SY3X+A3LL.jpg,Laser,Wired,,Both,Black,
Jeecoo James Donkey 007,https://pcpartpicker.com/product/nGL7YJ/jeecoo-mouse-jamesdonkey007,/static/forever/img/no-image.png,Laser,Wired,8200,Both,Gunmetal,
SHARKK MS-SK2562,https://pcpartpicker.com/product/9tnG3C/sharkk-mouse-mssk2562,https://cdna.pcpartpicker.com/static/forever/images/product/1773405b8e2d339d0c86d1fa17673c6d.256p.jpg,Laser,Wired,16400,Right,Black / Blue,
Sentey GS-3521,https://pcpartpicker.com/product/mFgPxr/sentey-mouse-gs3521,/static/forever/img/no-image.png,Laser,Wired,3400,Right,Black / Red,
Dell WM126,https://pcpartpicker.com/product/GVwqqs/dell-mouse-0pd03,https://m.media-amazon.com/images/I/31BUiECF5NL.jpg,Optical,Wireless,1000,Both,Blue,
Dell WM326,https://pcpartpicker.com/product/CKp323/dell-mouse-ggx8m,https://cdna.pcpartpicker.com/static/forever/images/product/b1b19121f168b09a0f1a4a41256d19f5.256p.jpg,Laser,Wireless,1600,Both,Black,
Genius NX 7010,https://pcpartpicker.com/product/JGL7YJ/genius-mouse-31030114100,/static/forever/img/no-image.png,Optical,Wireless,,Both,Gray,
Genius Ammox X1 400,https://pcpartpicker.com/product/mJM323/genius-mouse-31040033104,https://images-na.ssl-images-amazon.com/images/I/31aM6zi5rTL.jpg,Optical,Wired,3200,Both,Black / Red,
Gigabyte XM300,https://pcpartpicker.com/product/tBjWGX/gigabyte-mouse-xm300,https://cdna.pcpartpicker.com/static/forever/images/product/95d72b55a08a4f5c648c7763d07d9718.256p.jpg,Optical,Wired,6400,Right,Black,
Logitech M170,https://pcpartpicker.com/product/kW4NnQ/logitech-mouse-910004425,https://cdna.pcpartpicker.com/static/forever/images/product/cb1a363ca016a8f264a719ede0bb1c7f.256p.jpg,Optical,Wireless,,Both,Gray,14.99
SHARKK MS-SK2511,https://pcpartpicker.com/product/7gbkcf/sharkk-mouse-mssk2511,https://m.media-amazon.com/images/I/31oXi53DoLL.jpg,Optical,Wireless,1600,Right,Black,
SHARKK MS-SK2541,https://pcpartpicker.com/product/Kd98TW/sharkk-mouse-mssk2541,https://cdna.pcpartpicker.com/static/forever/images/product/7794f51ddad91bd63d3cdba76917392a.256p.jpg,Laser,Wired,16400,Right,Black,
SIIG JK-US0A12-S1,https://pcpartpicker.com/product/drDzK8/siig-mouse-jkus0a12s1,https://images-fe.ssl-images-amazon.com/images/I/41hxFe%2BaCKL.jpg,Optical,Wired,1000,Both,Black,
SIIG JK-US0B12-S1,https://pcpartpicker.com/product/sntWGX/siig-mouse-jkus0b12s1,https://m.media-amazon.com/images/I/414zM54f8PL.jpg,Optical,Wired,1000,Both,Black / Blue,
SIIG JK-US0C12-S1,https://pcpartpicker.com/product/cRvZxr/siig-mouse-jkus0c12s1,https://m.media-amazon.com/images/I/31R3l-plv6L.jpg,Optical,Wired,1000,Both,Black / Red,
SIIG JK-US0D12-S1,https://pcpartpicker.com/product/yqmxFT/siig-mouse-jkus0d12s1,https://m.media-amazon.com/images/I/31q-1QrOQdL.jpg,Optical,Wired,1000,Both,White / Silver,
SIIG JK-US0H12-S1,https://pcpartpicker.com/product/Pgbkcf/siig-mouse-jkus0h12s1,https://m.media-amazon.com/images/I/411+Hfwd10L.jpg,Optical,Wired,1000,Both,Black,
Toshiba PA3570U-1ETA,https://pcpartpicker.com/product/XBjWGX/toshiba-mouse-pa3570u1eta,https://cdna.pcpartpicker.com/static/forever/images/product/09978d8cfd4be765a3701f951b72cefc.256p.jpg,Laser,Wired,1600,Both,Black / Silver,
Zalman ZM-M130CB,https://pcpartpicker.com/product/Vgbkcf/zalman-mouse-zmm130cb,https://images-na.ssl-images-amazon.com/images/I/31pwBx1ZW5L.jpg,Optical,Wired,2400,Right,Black / Blue,
Zalman ZM-M130CWH,https://pcpartpicker.com/product/79rcCJ/zalman-mouse-zmm130cwh,https://cdna.pcpartpicker.com/static/forever/images/product/a37e0d5bb341eef3362169d5c704ac3b.256p.jpg,Optical,Wired,2400,Right,White,
Zalman ZM-M520WBK,https://pcpartpicker.com/product/9v38TW/zalman-mouse-zmm520wbk,https://m.media-amazon.com/images/I/31ceKJPTKCL.jpg,Optical,Wireless,16000,Right,Black,
Zalman ZM-M520WR,https://pcpartpicker.com/product/8C648d/zalman-mouse-zmm520wr,https://m.media-amazon.com/images/I/31AnPaMdGYL.jpg,Optical,Wireless,16000,Both,Red,
Zalman ZM-M600R,https://pcpartpicker.com/product/kmrcCJ/zalman-mouse-zmm600r,https://images-na.ssl-images-amazon.com/images/I/31ZSUb3t8PL.jpg,Optical,Wired,4000,Both,Black,
Cobra CORBA JUNOR,https://pcpartpicker.com/product/nVwqqs/cobra-mouse-ems151bl,https://images-na.ssl-images-amazon.com/images/I/41IaX3vATgL.jpg,Optical,Wired,1600,Right,Black / Blue,
Cobra CORBA JUNOR,https://pcpartpicker.com/product/fLs8TW/cobra-mouse-ems151re,https://m.media-amazon.com/images/I/41jGhTmd2kL.jpg,Optical,Wired,1600,Right,Black / Red,
Cobra Auroza type G,https://pcpartpicker.com/product/4TnG3C/cobra-mouse-ems607bkaaiu,https://cdna.pcpartpicker.com/static/forever/images/product/f682bdab979761c912f17ed737b79b5c.256p.jpg,Optical,Wired,3000,Right,Black,
Cobra Mazer,https://pcpartpicker.com/product/TKp323/cobra-mouse-ems642whaaiu,https://cdna.pcpartpicker.com/static/forever/images/product/0ec32bc9350d6e1ac55909be9c395277.256p.jpg,Optical,Wired,2500,Right,White,
Lenovo ThinkPad X1,https://pcpartpicker.com/product/LRvZxr/lenovo-mouse-4x30k40903,https://m.media-amazon.com/images/I/51GWrW4TFZL.jpg,Laser,Bluetooth Wireless,1000,Both,Black / Red,
UtechSmart Uranus,https://pcpartpicker.com/product/LtnG3C/utechsmart-mouse-uranus,/static/forever/img/no-image.png,Laser,Wired,16400,Right,Black,
Zowie ZA11,https://pcpartpicker.com/product/WVwqqs/zowie-za11-wired-optical-mouse-za11,https://m.media-amazon.com/images/I/31BkFgThJCL.jpg,Optical,Wired,3200,Both,Black,
Zowie ZA12,https://pcpartpicker.com/product/678H99/zowie-za12-wired-optical-mouse-za12,https://m.media-amazon.com/images/I/31RmW1Xr57L.jpg,Optical,Wired,3200,Both,Black,
Zowie ZA13,https://pcpartpicker.com/product/j3yxFT/zowie-mouse-za13,https://images-eu.ssl-images-amazon.com/images/I/31wbgbOQ-NL.jpg,Optical,Wired,3200,Both,Black,
MSI INTERCEPTOR DS300,https://pcpartpicker.com/product/d4s8TW/msi-mouse-s120401290d22,https://cdna.pcpartpicker.com/static/forever/images/product/c9f4c07f416d290715e6e4a95c82d11e.256p.jpg,Laser,Wired,8200,Right,Black,
SHARKOON SHARK Force,https://pcpartpicker.com/product/7Dqbt6/sharkoon-shark-force-wired-optical-mouse-000sksfb,https://m.media-amazon.com/images/I/31zsW0CtkRL.jpg,Optical,Wired,1600,Right,Black,
SHARKOON SHARK Force,https://pcpartpicker.com/product/VqmxFT/sharkoon-000sksfg-wired-optical-mouse-000sksfg,https://m.media-amazon.com/images/I/41R2q0o4JOL.jpg,Optical,Wired,1600,Right,Green,
SHARKOON SHARK Force,https://pcpartpicker.com/product/md98TW/sharkoon-000sksfp-wired-optical-mouse-000sksfp,https://cdna.pcpartpicker.com/static/forever/images/product/6e16537eb5309f781e2543dd4a8ff795.256p.jpg,Optical,Wired,1600,Right,Pink,
SHARKOON SHARK Force,https://pcpartpicker.com/product/9qmxFT/sharkoon-000sksfw-wired-optical-mouse-000sksfw,https://cdna.pcpartpicker.com/static/forever/images/product/d9d92d1fe7972e3fbcbd35b33400d053.256p.jpg,Optical,Wired,1600,Right,White,
Sentey Lumenata Pro SP,https://pcpartpicker.com/product/4FgPxr/sentey-lumenata-pro-sp-wired-laser-mouse-gs-3901,/static/forever/img/no-image.png,Laser,Wired,8200,Right,Black,
Asus ROG Sica,https://pcpartpicker.com/product/fMbkcf/asus-rog-sica-wired-optical-mouse-90mp00b2-b0ua00,https://cdna.pcpartpicker.com/static/forever/images/product/14500d4bf511c48ea9c94a9459bea24f.256p.jpg,Optical,Wired,5000,Both,White,
Asus Cerberus Arctic,https://pcpartpicker.com/product/qmDzK8/asus-cerberus-arctic-wired-optical-mouse-cerberus-arctic-mouse,https://cdna.pcpartpicker.com/static/forever/images/product/eb18e6d9d4916fdacbd1549874b97ca4.256p.jpg,Optical,Wired,2500,Both,White / Black,
TeckNet Raptor Pro,https://pcpartpicker.com/product/pBL7YJ/tecknet-raptor-pro-wired-optical-mouse-841737,https://m.media-amazon.com/images/I/4101DDw3V8L.jpg,Optical,Wired,4000,Right,Black / Blue,
Razer Naga Hex V2,https://pcpartpicker.com/product/NvjWGX/razer-naga-hex-v2-wired-laser-mouse-rz01-01600100-r3u1,https://cdna.pcpartpicker.com/static/forever/images/product/253dfb05014e5120d21bfbf81ae5ac56.256p.jpg,Laser,Wired,16000,Right,Black / Green,
Corsair Sabre RGB,https://pcpartpicker.com/product/WJNypg/corsair-sabre-rgb-wired-optical-mouse-ch-9000111-na,https://cdna.pcpartpicker.com/static/forever/images/product/b9b70f4dd265cb11e88f6069c320f465.256p.jpg,Optical,Wired,6400,Right,Black,
Ducky Secret RGB,https://pcpartpicker.com/product/KY2rxr/ducky-secret-rgb-wired-optical-mouse-dmse15o-opara51,https://cdna.pcpartpicker.com/static/forever/images/product/70a5e1f2b7b506d9dbcf2be954744f83.256p.jpg,Optical,Wired,5000,Right,Black,
Corsair SCIMITAR PRO RGB,https://pcpartpicker.com/product/pYtWGX/corsair-scimitar-pro-wired-optical-mouse-ch-9304011-na,https://m.media-amazon.com/images/I/41Y4Yc+NHyL.jpg,Optical,Wired,16000,Right,Black / Yellow,
SteelSeries Rival 500,https://pcpartpicker.com/product/38vZxr/steelseries-rival-500-wired-optical-mouse-62051,https://m.media-amazon.com/images/I/410IyRzlhUL.jpg,Optical,Wired,16000,Right,Black,
Thermaltake VENTUS Z,https://pcpartpicker.com/product/HhNypg/thermaltake-ventus-z-wired-laser-mouse-mo-vez-wdlobk-01,https://m.media-amazon.com/images/I/411dowXmFgL.jpg,Laser,Wired,11000,Right,Black,
Mars Gaming MM1,https://pcpartpicker.com/product/vjkwrH/mars-gaming-mm1-wired-optical-mouse-mm1,https://m.media-amazon.com/images/I/41OyMZV4yVL.jpg,Optical,Wired,3200,Right,Black / Red,
Cougar Revenger,https://pcpartpicker.com/product/H2DzK8/cougar-revenger-wired-optical-mouse-cgr-womi-rev,https://cdna.pcpartpicker.com/static/forever/images/product/6c059ca783d2438f65beb2a2ddb7bfee.256p.jpg,Optical,Wired,12000,Right,Black,
Hcman 325US,https://pcpartpicker.com/product/tqfmP6/hcman-325us-wired-laser-mouse-325us,/static/forever/img/no-image.png,Laser,Wired,3000,Right,Black / Yellow,
Hcman Donkey112,https://pcpartpicker.com/product/gNVBD3/hcman-donkey112-wired-laser-mouse-donkey112,/static/forever/img/no-image.png,Laser,Wired,2000,Right,Black / Yellow,
Redragon M702 Phoenix,https://pcpartpicker.com/product/vkZ2FT/redragon-m702-wired-optical-mouse-m702,/static/forever/img/no-image.png,Optical,Wired,,Right,Black / Red,
NOX Krom Khanda,https://pcpartpicker.com/product/tDvZxr/nox-krom-khanda-wired-optical-mouse-nxkromkhanda,/static/forever/img/no-image.png,Optical,Wired,4000,Right,Black / Orange,
NOX Krom Korps,https://pcpartpicker.com/product/gMH48d/nox-krom-korps-wired-laser-mouse-nxkromkrps,https://images-eu.ssl-images-amazon.com/images/I/41aGpnuBQSL.jpg,Laser,Wired,8200,Right,Black / Orange,
Speedlink DECUS,https://pcpartpicker.com/product/QmzZxr/speedlink-decus-wired-optical-mouse-sl-6397-bk-01,/static/forever/img/no-image.png,Optical,Wired,5000,Right,Black / Red,
Creative Labs Siege M04,https://pcpartpicker.com/product/3vx9TW/creative-labs-siege-m04-wired-optical-mouse-70gp007000000,https://cdna.pcpartpicker.com/static/forever/images/product/fc74bfe025ff457faf78cea79230b121.256p.jpg,Optical,Wired,12000,Right,Black,
RIOTORO URUZ Z5 Classic RGB,https://pcpartpicker.com/product/CJrcCJ/riotoro-uruz-z5-classic-rgb-wired-optical-mouse-mr-400c,https://cdna.pcpartpicker.com/static/forever/images/product/7fd6379ea465e0b21ec714893079ca3d.256p.jpg,Optical,Wired,4000,Right,Black,
Razer Lancehead Tournament Edition,https://pcpartpicker.com/product/VTyxFT/razer-lancehead-tournament-edition-wired-optical-mouse-rz01-02130100-r3u1,https://m.media-amazon.com/images/I/414HoTDABkL.jpg,Optical,Wired,16000,Both,Black / Green,
Cougar 450M (Black/Orange),https://pcpartpicker.com/product/dBVBD3/cougar-450m-wired-optical-mouse-moc450ig,https://cdna.pcpartpicker.com/static/forever/images/product/ed2f7aa6c854391cd8e4bb5856334b6b.256p.jpg,Optical,Wired,5000,Both,Black / Orange,
Dell Alienware AW958,https://pcpartpicker.com/product/rvrcCJ/alienware-aw958-wired-optical-mouse-aw958,/static/forever/img/no-image.png,Optical,Wired,12000,Right,Black / Silver,
HP X3500,https://pcpartpicker.com/product/DwdFf7/hp-x3500-wireless-optical-mouse-h4k65aa,https://m.media-amazon.com/images/I/31pfi3WoYUL.jpg,Optical,Wireless,,Both,Black / Gray,
Logitech MX MASTER 2S (Blue),https://pcpartpicker.com/product/vrNypg/logitech-mx-master-2s-blue-wireless-laser-mouse-910-005137,https://m.media-amazon.com/images/I/41+zVMagEFL.jpg,Laser,Wireless,4000,Right,Blue,
Logitech MX MASTER 2S (White),https://pcpartpicker.com/product/X8DzK8/logitech-mx-master-2s-white-wireless-laser-mouse-910-005138,https://m.media-amazon.com/images/I/31gzBbxjnTL.jpg,Laser,Wireless,4000,Right,White,
ROCCAT Kone EMP,https://pcpartpicker.com/product/zh4NnQ/roccat-kone-emp-wired-optical-mouse-roc-11-812,https://cdna.pcpartpicker.com/static/forever/images/product/1e981e01d8810ac1469e7088adbddd4c.256p.jpg,Optical,Wired,12000,Right,Black,
Gigabyte AIRE M73,https://pcpartpicker.com/product/Yr9KHx/gigabyte-aire-m73-wireless-optical-mouse-gm-aire-m73,/static/forever/img/no-image.png,Optical,Wireless,1000,Right,Black,
MSI Interceptor DS100,https://pcpartpicker.com/product/wmyFf7/msi-interceptor-ds100-wired-laser-mouse-s12-0401130-eb5,https://cdna.pcpartpicker.com/static/forever/images/product/79e2de34ea93f380c134ee0ce92079c7.256p.jpg,Laser,Wired,3500,Both,Black / Red,
Cougar Minos X1,https://pcpartpicker.com/product/TTWfrH/cougar-minos-x1-wired-optical-mouse-3mmx1wob0001,https://cdna.pcpartpicker.com/static/forever/images/product/873a8474d2072e7e63bded838da2d0d5.256p.jpg,Optical,Wired,2000,Right,Black,
Cougar Minos X2,https://pcpartpicker.com/product/Z3CD4D/cougar-minos-x2-wired-optical-mouse-minos-x2,https://cdna.pcpartpicker.com/static/forever/images/product/5b1d4712587f784d8c9217350203da4e.256p.jpg,Optical,Wired,3000,Right,Black,
Cougar Minos X3,https://pcpartpicker.com/product/YCJtt6/cougar-minos-x3-wired-optical-mouse-3mmx3wob0001,https://cdna.pcpartpicker.com/static/forever/images/product/96ca4df8ce69419f0a309521e8440327.256p.jpg,Optical,Wired,3200,Right,Black,
Cooler Master MasterMouse MM520,https://pcpartpicker.com/product/3WXnTW/cooler-master-mastermouse-mm520-wired-optical-mouse-sgm-2007-klon1,https://cdna.pcpartpicker.com/static/forever/images/product/11b764fc9370389a7a3e0c85d03ebb4a.256p.jpg,Optical,Wired,12000,,Black,
Cooler Master MasterMouse MM530,https://pcpartpicker.com/product/RnndnQ/cooler-master-mastermouse-mm530-wired-optical-mouse-sgm-4007-kllw1,https://cdna.pcpartpicker.com/static/forever/images/product/b6003002831b1c39c4c8452cc23ef295.256p.jpg,Optical,Wired,12000,Right,Black,
Anker AK-A7809012,https://pcpartpicker.com/product/bCL48d/anker-ak-a7809012-wireless-optical-mouse-ak-a7809012,https://cdna.pcpartpicker.com/static/forever/images/product/1ae33521e347d07a7886c4a28c314c31.256p.jpg,Optical,Wireless,1600,Right,Black,
GranVela 325,https://pcpartpicker.com/product/hwhKHx/granvela-325-wired-optical-mouse-2004501,https://images-eu.ssl-images-amazon.com/images/I/41WDEz7HtmL.jpg,Optical,Wired,3000,Right,Black / Yellow,
Razer Atheris,https://pcpartpicker.com/product/TZw7YJ/razer-atheris-wireless-optical-mouse-rz01-02170100-r3u1,https://cdna.pcpartpicker.com/static/forever/images/product/d3aaf0072a8df8d1eaf8af4391027b8a.256p.jpg,Optical,Wireless,7200,Right,Black,
ACGAM G402,https://pcpartpicker.com/product/gdrmP6/acgam-g402-wired-optical-mouse-20171213acgamg4,https://images-na.ssl-images-amazon.com/images/I/41uT4rNNAoL.jpg,Optical,Wired,10000,Right,Black,
Redragon INQUISITOR M716,https://pcpartpicker.com/product/tYfhP6/redragon-inquisitor-m716-wired-optical-mouse-inquisitor-m716,/static/forever/img/no-image.png,Optical,Wired,10000,Right,,
SHARKOON Drakonia Black,https://pcpartpicker.com/product/TC97YJ/sharkoon-drakonia-black-wired-laser-mouse-000skdmb,https://images-eu.ssl-images-amazon.com/images/I/41IS8CT%2BBCL.jpg,Laser,Wired,8200,Right,Black,
HP Pulsefire FPS,https://pcpartpicker.com/product/YvCD4D/hp-pulsefire-fps-wired-optical-mouse-hx-mc001aam,https://cdna.pcpartpicker.com/static/forever/images/product/92f110a514068fa463ad062041883b1b.256p.jpg,Optical,Wired,3200,Right,Black / Red,
Tracer GAMEZONE SNIPER AVAGO,https://pcpartpicker.com/product/fXprxr/tracer-gamezone-sniper-avago-wired-laser-mouse-tramys42418,https://images-eu.ssl-images-amazon.com/images/I/517VySUgNPL.jpg,Laser,Wired,6000,Right,Black,
HIRALIY HR-F300,https://pcpartpicker.com/product/3zgzK8/hiraliy-hr-f300-wired-optical-mouse-hr-f300,https://m.media-amazon.com/images/I/41SpYmAPWsL.jpg,Optical,Wired,5000,Right,Black,
Rosewill ION D21,https://pcpartpicker.com/product/BffhP6/rosewill-ion-d21-wired-optical-mouse-ion-d21,https://cdna.pcpartpicker.com/static/forever/images/product/c26568a86e058e937a3d1c7048d21ad1.256p.jpg,Optical,Wired,4000,Right,White,
Trust GXT 25,https://pcpartpicker.com/product/vsQG3C/trust-gxt-25-wired-optical-mouse-18307,https://m.media-amazon.com/images/I/41j52Q6SgnL.jpg,Optical,Wired,1600,Right,Black / Red,
Tecware Torque RGB,https://pcpartpicker.com/product/ZvyV3C/tecware-torque-rgb-wired-optical-mouse-tw-ac-torque-3310-rgb,https://cdna.pcpartpicker.com/static/forever/images/product/396ca19dcde86ca766ef0c2307820fee.256p.jpg,Optical,Wired,5000,Right,Black,
Asus TUF Gaming M5,https://pcpartpicker.com/product/fGyV3C/asus-tuf-gaming-m5-wired-optical-mouse-tuf-gaming-m5,https://cdna.pcpartpicker.com/static/forever/images/product/6f8d8dcca18d045503d728c36b1fb606.256p.jpg,Optical,Wired,6200,Right,Silver,
Adesso iMouse X2,https://pcpartpicker.com/product/HyhKHx/adesso-imouse-x2-wired-optical-mouse-imouse-x2,https://m.media-amazon.com/images/I/41HTYWZnX+L.jpg,Optical,Wired,3200,Right,Black,33.79
Adesso iMouse S60B,https://pcpartpicker.com/product/pcw7YJ/adesso-imouse-s60b-wireless-optical-mouse-imouse-s60b,https://cdna.pcpartpicker.com/static/forever/images/product/4601075e638832ddbc1f6b6cde2298cb.256p.jpg,Optical,Wireless,1600,Right,Black / Silver,19.53
Adesso iMouse S8B,https://pcpartpicker.com/product/gg97YJ/adesso-imouse-s8b-wired-optical-mouse-imouse-s8b,https://cdna.pcpartpicker.com/static/forever/images/product/5b86a9195dca45c4b5421ad6827fa68a.256p.jpg,Optical,Wired,1600,Both,Black,23.38
Glorious MODEL O GLOSSY,https://pcpartpicker.com/product/JgdxFT/glorious-pc-gaming-race-model-o-glossy-wired-optical-mouse-go-gwhite,https://cdna.pcpartpicker.com/static/forever/images/product/c88640b5d4d5bd9531a8caac8f3c3c82.256p.jpg,Optical,Wired,12000,Right,White,
Cougar 700M EVO RGB,https://pcpartpicker.com/product/g9jJ7P/cougar-700m-evo-wired-optical-mouse-gr-womb-700m-evo,https://cdna.pcpartpicker.com/static/forever/images/product/016a5ae4ff07429d7471eea835892840.256p.jpg,Optical,Wired,16000,Right,Black,
Razer Atheris,https://pcpartpicker.com/product/rJzkcf/razer-atheris-wireless-optical-mouse-rz01-02170300-r3m1,https://m.media-amazon.com/images/I/41KJ4cRe+OL.jpg,Optical,Wireless,7200,Right,White,
Razer Atheris Stormtrooper,https://pcpartpicker.com/product/2KJtt6/razer-atheris-stormtrooper-wireless-optical-mouse-rz01-02170400-r3m1,https://m.media-amazon.com/images/I/31hjQ2HnaNL.jpg,Optical,Wireless,7200,Right,White / Black,
Razer Deathadder Elite Destiny 2 Edition,https://pcpartpicker.com/product/nsHRsY/razer-deathadder-elite-destiny-2-edition-wired-optical-mouse-rz01-02010200-r3m1,https://cdna.pcpartpicker.com/static/forever/images/product/a1d0d2682107473a09cd4a443334eaa8.256p.jpg,Optical,Wired,16000,Right,Black / White,
Razer Deathadder Elite Overwatch Edition,https://pcpartpicker.com/product/fsHRsY/razer-deathadder-elite-overwatch-edition-wired-optical-mouse-rz01-02010300-r3m1,https://cdna.pcpartpicker.com/static/forever/images/product/0901ac25c772d64a8a25080fc0a9aaff.256p.jpg,Optical,Wired,16000,Right,Black / Orange,
Zowie S1,https://pcpartpicker.com/product/9KBhP6/zowie-s1-wired-optical-mouse-s1black-001,https://cdna.pcpartpicker.com/static/forever/images/product/2a09e63fb75a901a5981667479218c66.256p.jpg,Optical,Wired,3200,Right,Black,
Zowie S2,https://pcpartpicker.com/product/7w6qqs/zowie-s2-wired-optical-mouse-s2black-001,https://cdna.pcpartpicker.com/static/forever/images/product/1c54a171a6967536a7d1478c1b304793.256p.jpg,Optical,Wired,3200,Right,Black,
Mionix AVIOR-7000,https://pcpartpicker.com/product/GTKcCJ/mionix-avior-7000-wired-optical-mouse-avior-7000,https://cdna.pcpartpicker.com/static/forever/images/product/ea2d75c9e5800eede30c67289292efcd.256p.jpg,Optical,Wired,7000,Both,Black,
Mionix Castor French Fries,https://pcpartpicker.com/product/vrKcCJ/mionix-castor-french-fries-wired-optical-mouse-mnx-01-26005-g,https://cdna.pcpartpicker.com/static/forever/images/product/f997e5811a66a964c82dae3665dc7328.256p.jpg,Optical,Wired,5000,Right,Yellow,
Mionix Castor Shark Fin,https://pcpartpicker.com/product/X8GxFT/mionix-castor-shark-fin-wired-optical-mouse-mnx-01-26008-g,https://cdna.pcpartpicker.com/static/forever/images/product/8f1eab9421fc3e4f8a21e6d6d949918a.256p.jpg,Optical,Wired,5000,Right,Gray,
Mionix Avior French Fries,https://pcpartpicker.com/product/hfw7YJ/mionix-avior-french-fries-wired-optical-mouse-mnx-01-27010-g,https://cdna.pcpartpicker.com/static/forever/images/product/c4ae247055329c08d5d46fce56cfff61.256p.jpg,Optical,Wired,5000,Both,Yellow,
Mionix Castor Black,https://pcpartpicker.com/product/XC7v6h/mionix-castor-black-wired-optical-mouse-mnx-01-26004-g,https://cdna.pcpartpicker.com/static/forever/images/product/3a57f15d573802dd0dc2aa9094fdaa76.256p.jpg,Optical,Wired,5000,Right,Black,
Mionix Castor Frosting,https://pcpartpicker.com/product/hnPKHx/mionix-castor-frosting-wired-optical-mouse-mnx-01-26006-g,https://cdna.pcpartpicker.com/static/forever/images/product/13712e62b722ab5834bcd47be717d5df.256p.jpg,Optical,Wired,5000,Right,Pink,
Mad Catz The Authentic R.A.T PRO S3,https://pcpartpicker.com/product/KF7v6h/mad-catz-the-authentic-rat-pro-s3-wired-optical-mouse-mr03dcambl00,https://cdna.pcpartpicker.com/static/forever/images/product/95ff163bac9298265200dd770f322b22.256p.jpg,Optical,Wired,7200,Right,Black,
Mad Catz The Authentic R.A.T 6+,https://pcpartpicker.com/product/Qjm323/mad-catz-the-authentic-rat-6-wired-optical-mouse-mr04dcambl00,https://m.media-amazon.com/images/I/41Es6fla7SL.jpg,Optical,Wired,12000,Right,Black,
Mad Catz The Authentic R.A.T 4+,https://pcpartpicker.com/product/3FQG3C/mad-catz-the-authentic-rat-4-wired-optical-mouse-mr03mcambl00,https://cdna.pcpartpicker.com/static/forever/images/product/2edf9bf8431c16c670b552e90bd7bb74.256p.jpg,Optical,Wired,7200,Right,Black,
Mionix Avior Shark Fin,https://pcpartpicker.com/product/cYndnQ/mionix-avior-shark-fin-wired-optical-mouse-mnx-01-27013-g,https://cdna.pcpartpicker.com/static/forever/images/product/38ef49ec5d1c26196cf07aba4edf17be.256p.jpg,Optical,Wired,5000,Both,Gray,
Mionix Castor Ice Cream,https://pcpartpicker.com/product/7vTPxr/mionix-castor-ice-cream-wired-optical-mouse-mnx-01-26007-g,https://cdna.pcpartpicker.com/static/forever/images/product/4dbdc558c1d602b2db5e539598d7fcad.256p.jpg,Optical,Wired,5000,Right,Blue,
Mad Catz The Authentic R.A.T. 1+,https://pcpartpicker.com/product/HwNv6h/mad-catz-the-authentic-rat-1-wired-optical-mouse-mr01mcambl00,https://cdna.pcpartpicker.com/static/forever/images/product/a410dc6809f669054f20ee134131a56b.256p.jpg,Optical,Wired,2000,Both,Black,
Mad Catz The Authentic R.A.T. 2+,https://pcpartpicker.com/product/ptjJ7P/mad-catz-the-authentic-rat-2-wired-optical-mouse-mr02mcambl00,https://cdna.pcpartpicker.com/static/forever/images/product/1789456361671d7f91e823b339e5b9fb.256p.jpg,Optical,Wired,5000,Both,Black,
Zowie EC1-B CS:GO,https://pcpartpicker.com/product/yr3H99/zowie-ec1-b-csgo-wired-optical-mouse-ec1-b-csgo,https://cdna.pcpartpicker.com/static/forever/images/product/cddd64870f886eb758da2a6ceedbd5e9.256p.jpg,Optical,Wired,3200,Right,Black / Gold,
Zowie EC2-B CS:GO,https://pcpartpicker.com/product/dPMwrH/zowie-ec2-b-csgo-wired-optical-mouse-ec2-b-csgo,https://cdna.pcpartpicker.com/static/forever/images/product/940a6741c4611c9b2f1d729ceff3a457.256p.jpg,Optical,Wired,3200,Right,Black / Gold,
Corsair GLAIVE RGB PRO,https://pcpartpicker.com/product/7GsmP6/corsair-glaive-rgb-pro-wired-optical-mouse-ch-9302211-na,https://cdna.pcpartpicker.com/static/forever/images/product/7cd271a98a691461ce5d9f6e14de6e74.256p.jpg,Optical,Wired,18000,Right,Black,
IOGEAR Kaliber Gaming KORONA RGB,https://pcpartpicker.com/product/Gzm323/iogear-kaliber-gaming-korona-rgb-wired-optical-mouse-gme631,https://images-na.ssl-images-amazon.com/images/I/31gMB22yWML.jpg,Optical,Wired,5000,Right,Black,
MSI CLUTCH GM10,https://pcpartpicker.com/product/6P6qqs/msi-clutch-gm10-wired-optical-mouse-clutch-gm10,https://cdna.pcpartpicker.com/static/forever/images/product/3c6e00eec2c66fbbe927e729b85fccda.256p.jpg,Optical,Wired,2400,Right,Black / Red,
Corsair M55 RGB PRO,https://pcpartpicker.com/product/HK4BD3/corsair-m55-rgb-pro-wired-optical-mouse-ch-9308111-na,https://cdna.pcpartpicker.com/static/forever/images/product/e31200e8794ace2901da9a368753c63d.256p.jpg,Optical,Wired,12400,Both,White / Gray,
SteelSeries Rival 310 PUBG Edition,https://pcpartpicker.com/product/2MsmP6/steelseries-rival-310-pubg-edition-wired-optical-mouse-62435,https://cdna.pcpartpicker.com/static/forever/images/product/4fa2ef58954ec6dc7485ae144e800bc9.256p.jpg,Optical,Wired,12000,Right,Black / Blue,
Logitech M325 Purple Peace,https://pcpartpicker.com/product/CQkj4D/logitech-m325-purple-peace-wireless-optical-mouse-910-005345,https://cdna.pcpartpicker.com/static/forever/images/product/99a5cbd71653cb7eb2fd68275a7874be.256p.jpg,Optical,Wireless,1000,Both,White / Purple,
ROCCAT Lua,https://pcpartpicker.com/product/7tZFf7/roccat-lua-wired-optical-mouse-roc-11-310-am,https://cdna.pcpartpicker.com/static/forever/images/product/48726cbd0f1dc61532677d31c4ecaf99.256p.jpg,Optical,Wired,2000,Both,Black / Blue,
Logitech M187,https://pcpartpicker.com/product/tm97YJ/logitech-m187-wireless-optical-mouse-910-002728,https://cdna.pcpartpicker.com/static/forever/images/product/45f2e92db16e8913e1e82c0159e20664.256p.jpg,Optical,Wireless,1000,Both,Blue / Black,24.99
Logitech M325c Blu Trance,https://pcpartpicker.com/product/CbbwrH/logitech-m325-blu-trance-wireless-optical-mouse-910-005338,https://cdna.pcpartpicker.com/static/forever/images/product/56c1b61d288d65365a9021371e064995.256p.jpg,Optical,Wireless,1000,Both,Blue / Black,
Logitech M325c Lady Lily,https://pcpartpicker.com/product/cYkj4D/logitech-m325-lady-lily-wireless-optical-mouse-910-005344,https://cdna.pcpartpicker.com/static/forever/images/product/9579813d4dd2c058f030e6816c0df751.256p.jpg,Optical,Wireless,1000,Both,White / Multicolor,
Logitech M325c Taboo,https://pcpartpicker.com/product/FKvbt6/logitech-m325c-taboo-wireless-optical-mouse-910-005337,https://cdna.pcpartpicker.com/static/forever/images/product/4264ee1c172381ffefd59443b5c5451a.256p.jpg,Optical,Wireless,1000,Both,Black / Red,
Logitech M325c Natural Jewelry,https://pcpartpicker.com/product/ytzkcf/logitech-m325c-natural-jewelry-wireless-optical-mouse-910-005343,https://cdna.pcpartpicker.com/static/forever/images/product/d5978403917423f450f99d5da43a08f5.256p.jpg,Optical,Wireless,1000,Both,Purple / Multicolor,
Logitech M325,https://pcpartpicker.com/product/3DtQzy/logitech-m325-wireless-optical-mouse-910-002136,https://cdna.pcpartpicker.com/static/forever/images/product/0427bcd1702b2d22b67df036b5ff72f6.256p.jpg,Optical,Wireless,1000,Both,Silver / Black,21.00
Logitech M185,https://pcpartpicker.com/product/h2HRsY/logitech-m185-wireless-optical-mouse-910-003636,https://cdna.pcpartpicker.com/static/forever/images/product/25d343b9b2a0584103387b80f289afb0.256p.jpg,Optical,Wireless,1000,Both,Blue / Black,14.99
Logitech M325c Triple Scoop Ice Cream Cone,https://pcpartpicker.com/product/ctjJ7P/logitech-m325c-triple-scoop-ice-cream-cone-wireless-optical-mouse-910-005026,https://cdna.pcpartpicker.com/static/forever/images/product/ce3348bbbfa87f67b6cf9c1e27e487ee.256p.jpg,Optical,Wireless,1000,Both,Red / White,
Logitech M325c Bae-Bee-Blue,https://pcpartpicker.com/product/MWVD4D/logitech-m325c-bae-bee-blue-wireless-optical-mouse-910-005027,https://cdna.pcpartpicker.com/static/forever/images/product/62ba26975588523628a99c5a712b075f.256p.jpg,Optical,Wireless,1000,Both,Blue / White,
Logitech M325c Dark Fleur,https://pcpartpicker.com/product/zKH8TW/logitech-m325c-dark-fleur-wireless-optical-mouse-910-005339,https://cdna.pcpartpicker.com/static/forever/images/product/44ae55690b1265b3a36ae835188a2eac.256p.jpg,Optical,Wireless,1000,Both,White / Black,
Logitech M317C Blue Trance,https://pcpartpicker.com/product/BD4BD3/logitech-m317c-blue-trance-wireless-optical-mouse-910-005347,https://cdna.pcpartpicker.com/static/forever/images/product/b148b1cef147278bbc112adf63043cfd.256p.jpg,Optical,Wireless,1000,Both,Blue / Black,
Logitech M317c Lady on the Lily,https://pcpartpicker.com/product/TwrYcf/logitech-m317c-lady-on-the-lily-wireless-optical-mouse-910-005353,https://m.media-amazon.com/images/I/511Vp+kFsfL.jpg,Optical,Wireless,1000,Both,White / Multicolor,
Logitech M317c Dark Fleur,https://pcpartpicker.com/product/ZxFKHx/logitech-m317c-dark-fleur-wireless-optical-mouse-910-005436,https://cdna.pcpartpicker.com/static/forever/images/product/6461ed584ecd36778b428c08364f70e1.256p.jpg,Optical,Wireless,1000,Both,White / Black,
Patriot Viper 550,https://pcpartpicker.com/product/b29tt6/patriot-viper-550-wired-optical-mouse-pv550ouxk,https://cdna.pcpartpicker.com/static/forever/images/product/70ee21f1b8dfa93e08bc6a0eac2b0865.256p.jpg,Optical,Wired,10000,Both,Black,
Patriot Viper 551,https://pcpartpicker.com/product/WcYQzy/patriot-viper-551-wired-optical-mouse-pv551ouxk,https://cdna.pcpartpicker.com/static/forever/images/product/19ea485d3583c55cae5e40d2a0642917.256p.jpg,Optical,Wired,10000,Both,Black,39.99
Logitech M325c Forest Floral,https://pcpartpicker.com/product/cRkgXL/logitech-m325c-forest-floral-wireless-optical-mouse-910-005657,https://cdna.pcpartpicker.com/static/forever/images/product/2f71ea640eeea12c78b06f3789f6811b.256p.jpg,Optical,Wireless,1000,Both,Blue / Black,
Logitech M325c Himalayan Fern,https://pcpartpicker.com/product/sn7p99/logitech-m325c-himalayan-fern-wireless-optical-mouse-910-005658,https://cdna.pcpartpicker.com/static/forever/images/product/50477d82a57ae3d1814e11399cabe282.256p.jpg,Optical,Wireless,1000,Both,Silver / Black,14.99
Logitech M325c Urban Grey,https://pcpartpicker.com/product/yq3mP6/logitech-m325c-urban-grey-wireless-optical-mouse-910-005661,https://cdna.pcpartpicker.com/static/forever/images/product/b42123d80a464e4dfa0a688d00158f8a.256p.jpg,Optical,Wireless,1000,Both,Gray / White,
Logitech M325c Blue Camo,https://pcpartpicker.com/product/drVG3C/logitech-m325c-blue-camo-wireless-optical-mouse-910-005662,https://cdna.pcpartpicker.com/static/forever/images/product/eb26c04606102537d01ee34629c44c10.256p.jpg,Optical,Wireless,1000,Both,Blue / Black,
Logitech M325c Summer Bouquet,https://pcpartpicker.com/product/nx6qqs/logitech-m325c-summer-bouquet-wireless-optical-mouse-910-005656,https://cdna.pcpartpicker.com/static/forever/images/product/dc7c80d31b46f5526e581a5fe89d4fc1.256p.jpg,Optical,Wireless,1000,Both,White / Pink,
Logitech M325c Urban Sunset,https://pcpartpicker.com/product/NdmFf7/logitech-m325c-urban-sunset-wireless-optical-mouse-910-005659,https://cdna.pcpartpicker.com/static/forever/images/product/c7ab40c1d7680e2d7ffc1f876944e1d6.256p.jpg,Optical,Wireless,1000,Both,Orange / Red,
Acer  AMR513,https://pcpartpicker.com/product/yDYLrH/acer-amr513-wireless-optical-mouse-npmce1a00a,https://cdna.pcpartpicker.com/static/forever/images/product/5b951feda55fc42779437aa0a1cb6d1c.256p.jpg,Optical,Wireless,1000,Both,Red / Black,
Adesso IMOUSE W4,https://pcpartpicker.com/product/QJKcCJ/adesso-imouse-w4-wired-optical-mouse-imouse-w4,https://cdna.pcpartpicker.com/static/forever/images/product/3a726509d7a4f40b24e95ffb5a8b319e.256p.jpg,Optical,Wired,1000,Both,Black,24.99
Adesso iMouse E10,https://pcpartpicker.com/product/RdL48d/adesso-imouse-e10-wireless-optical-mouse-imousee10,https://cdna.pcpartpicker.com/static/forever/images/product/21bd08e49a0a4b9dc3d2a4803dd7d11d.256p.jpg,Optical,Wireless,1600,Right,Black,39.99
Adesso iMouse E30,https://pcpartpicker.com/product/9MsmP6/adesso-imouse-e30-wireless-optical-mouse-imousee30,https://cdna.pcpartpicker.com/static/forever/images/product/29828c44df1777c5feb6a3af111a44fc.256p.jpg,Optical,Wireless,4800,Right,Black,34.99
Adesso iMouse E55,https://pcpartpicker.com/product/7xw7YJ/adesso-imouse-e55-wireless-optical-mouse-imousee55,https://cdna.pcpartpicker.com/static/forever/images/product/e20a6e6826b9d0b8b967f48862605250.256p.jpg,Optical,Wireless,1000,Right,Black,
Adesso iMouse E70,https://pcpartpicker.com/product/VNtQzy/adesso-imouse-e70-wireless-optical-mouse-imousee70,https://cdna.pcpartpicker.com/static/forever/images/product/9d00c6f1f0cfa0bc59bb907c113199a8.256p.jpg,Optical,Wireless,4800,Left,Black,42.00
Adesso iMouse E9,https://pcpartpicker.com/product/mtZFf7/adesso-imouse-e9-wireless-optical-mouse-imousee9,https://cdna.pcpartpicker.com/static/forever/images/product/dcd6c38d6a5b21c1575e9637de197690.256p.jpg,Optical,Wireless,2400,Left,Black,
Adesso iMouse S5,https://pcpartpicker.com/product/2dL48d/adesso-imouse-s5-wired-optical-mouse-imouses5,https://cdna.pcpartpicker.com/static/forever/images/product/f284be899b7e60708e55e01eff0e1704.256p.jpg,Optical,Wired,1000,Both,Black,12.99
Adesso iMouse S70G,https://pcpartpicker.com/product/Wp66Mp/adesso-imouse-s70g-wireless-optical-mouse-imouses70g,https://cdna.pcpartpicker.com/static/forever/images/product/afed803241ba7cc15d6aeeb83bf6de7f.256p.jpg,Optical,Wireless,1000,Both,Green / Black,
Adesso iMouse S70L,https://pcpartpicker.com/product/6wWfrH/adesso-imouse-s70l-wireless-optical-mouse-imouses70l,https://cdna.pcpartpicker.com/static/forever/images/product/6f4d11ede6ac20545706e28d40ab02cf.256p.jpg,Optical,Wireless,1000,Both,Blue,
Adesso iMouse V10,https://pcpartpicker.com/product/BKw7YJ/adesso-imouse-v10-wireless-optical-mouse-imousew3,https://cdna.pcpartpicker.com/static/forever/images/product/bfa0045e710716224b31f66d6f034131.256p.jpg,Optical,Wireless,1600,Right,Black / Yellow,25.89
Adesso iMouse S60R,https://pcpartpicker.com/product/fKw7YJ/adesso-imouse-s60r-wireless-optical-mouse-imouse-s60r,https://cdna.pcpartpicker.com/static/forever/images/product/d95f13ff3cdda40e0edcfc75370a2692.256p.jpg,Optical,Wireless,1600,Right,Red / Black,18.98
Adesso iMouse S100B,https://pcpartpicker.com/product/9jTPxr/adesso-imouse-s100b-wireless-optical-mouse-imouse-s100b,https://cdna.pcpartpicker.com/static/forever/images/product/e6bd4f6267c1829adcf914f4a71b13fc.256p.jpg,Optical,Wireless,1200,Both,Black,
Adesso iMouse S70P,https://pcpartpicker.com/product/mfw7YJ/adesso-imouse-s70p-wireless-optical-mouse-imouses70p,https://cdna.pcpartpicker.com/static/forever/images/product/cf28f9f62507e18319dbb081d9d140be.256p.jpg,Optical,Wireless,1000,Both,Pink / Black,
Adesso iMouse M40,https://pcpartpicker.com/product/gr3H99/adesso-imouse-m40-wireless-optical-mouse-imousem40,https://cdna.pcpartpicker.com/static/forever/images/product/ed74d1dde8cf3fe8eeaccb0ce25efa7d.256p.jpg,Optical,Wireless,1200,Both,Black,
Adesso iMouse S80L,https://pcpartpicker.com/product/4T448d/adesso-imouse-s80l-wireless-optical-mouse-imouses80l,https://cdna.pcpartpicker.com/static/forever/images/product/90fb360ae6ee1cbdca3734ebbc9990c0.256p.jpg,Optical,Wireless,1600,Right,Blue / Black,
Adesso iMouse S80R,https://pcpartpicker.com/product/fLCD4D/adesso-imouse-s80r-wireless-optical-mouse-imouses80r,https://cdna.pcpartpicker.com/static/forever/images/product/a56ed4b7fe002072f20888bbed912c55.256p.jpg,Optical,Wireless,1600,Right,Red / Black,16.98
Adesso iMouse E7,https://pcpartpicker.com/product/kc8j4D/adesso-imouse-e7-wired-optical-mouse-imousee7,https://cdna.pcpartpicker.com/static/forever/images/product/1905a31bf8160eafb39ed71f1bc3e6c9.256p.jpg,Optical,Wired,6400,Left,Black,34.39
Acco Kensington K72392US,https://pcpartpicker.com/product/BNdxFT/acco-kensington-k72392us-wireless-optical-mouse-k72392us,https://cdna.pcpartpicker.com/static/forever/images/product/566d1c88e6db5606fb340b0d6c14d356.256p.jpg,Optical,Wireless,1000,Both,Black,
Acco KENSINGTON K64327F,https://pcpartpicker.com/product/X697YJ/acco-kensington-k64327f-wired-optical-mouse-k64327f,https://cdna.pcpartpicker.com/static/forever/images/product/c9547be57f30c443e9675386c3dd154c.256p.jpg,Optical,Wired,,Both,Silver / Black,
ADATA XPG INFAREX M10,https://pcpartpicker.com/product/yRTzK8/adata-xpg-infarex-m10-wired-optical-mouse-infarex-m10infarex-r10,https://cdna.pcpartpicker.com/static/forever/images/product/3c370cfdc52ca97dd6a6b9c98902b93e.256p.jpg,Optical,Wired,3200,Right,Black,
ADATA XPG INFAREX M20,https://pcpartpicker.com/product/dwzFf7/adata-xpg-infarex-m20-wired-optical-mouse-infarex-m20,https://cdna.pcpartpicker.com/static/forever/images/product/51382472196c26960f93dbb88abf5aa1.256p.jpg,Optical,Wired,5000,Right,Black,
Fellowes Penguin Medium,https://pcpartpicker.com/product/FkYLrH/fellowes-penguin-medium-wired-laser-mouse-9894601,https://cdna.pcpartpicker.com/static/forever/images/product/afa11d1bd18f071aff1287c5b2d0d20b.256p.jpg,Laser,Wired,1200,Both,Black / Silver,
Fellowes Penguin Medium,https://pcpartpicker.com/product/3DYLrH/fellowes-penguin-medium-wireless-laser-mouse-9894701,https://cdna.pcpartpicker.com/static/forever/images/product/aa90dfb05f3be27f50a46786f02c7751.256p.jpg,Laser,Wireless,1200,Both,Black / Silver,
Fellowes Penguin Small,https://pcpartpicker.com/product/R3PKHx/fellowes-penguin-small-wired-laser-mouse-9894801,https://cdna.pcpartpicker.com/static/forever/images/product/b58c1fda2efff36fd1ff477873fe9368.256p.jpg,Laser,Wired,1200,Both,Black / Silver,
Microsoft Surface Precision,https://pcpartpicker.com/product/Vp66Mp/microsoft-surface-precision-bluetooth-wireless-optical-mouse-fuh-00001,https://cdna.pcpartpicker.com/static/forever/images/product/25c525f03f5e72c741282bd2a6ff7022.256p.jpg,Optical,Bluetooth Wireless,,Right,Gray,
Microsoft KTF-00001,https://pcpartpicker.com/product/Zp66Mp/microsoft-ktf-00001-bluetooth-wireless-optical-mouse-ktf-00001,https://cdna.pcpartpicker.com/static/forever/images/product/da7901bac1b086fa6d2f1270f85f0a2b.256p.jpg,Optical,Bluetooth Wireless,,Both,Black,
Microsoft L2 Basic,https://pcpartpicker.com/product/CHc48d/microsoft-l2-basic-wired-optical-mouse-p58-00064,https://cdna.pcpartpicker.com/static/forever/images/product/30aac6f8451715d9bddd3da7eef748cd.256p.jpg,Optical,Wired,800,Both,White / Gray,
Evoluent VMCRWG Vertical Mouse C,https://pcpartpicker.com/product/3qtQzy/evoluent-vmcrwg-vertical-mouse-c-wireless-optical-mouse-vmcrwg,https://cdna.pcpartpicker.com/static/forever/images/product/9dee9db98c19ed1a2e5960a406d894d9.256p.jpg,Optical,Wireless,2600,Right,Gold / Black,
Fellowes Penguin Large,https://pcpartpicker.com/product/9xw7YJ/fellowes-penguin-large-wireless-laser-mouse-9894501,https://cdna.pcpartpicker.com/static/forever/images/product/34850c9b85615a9d7c3d78083e43328a.256p.jpg,Laser,Wireless,1200,Both,Black / Silver,
Evoluent VMCRW Vertical Mouse C,https://pcpartpicker.com/product/YPCD4D/evoluent-vmcrw-vertical-mouse-c-wireless-laser-mouse-vmcrw,https://cdna.pcpartpicker.com/static/forever/images/product/a9d1c0381619f4a88c96a6ff42f3ac1e.256p.jpg,Laser,Wireless,,Right,Black / Silver,
Microsoft Surface Mobile,https://pcpartpicker.com/product/sZNv6h/microsoft-surface-mobile-bluetooth-wireless-laser-mouse-kgz-00031,https://cdna.pcpartpicker.com/static/forever/images/product/46a6c3211f42dc9ba17417b21b36580a.256p.jpg,Laser,Bluetooth Wireless,,Both,Black / Silver,
Microsoft Surface Mobile,https://pcpartpicker.com/product/KXDJ7P/microsoft-surface-mobile-bluetooth-wireless-laser-mouse-kgz-00001,https://cdna.pcpartpicker.com/static/forever/images/product/e6a04d11eeaed1cb93ddf4ff5fc894cd.256p.jpg,Laser,Bluetooth Wireless,,Both,Silver,
Microsoft Sculpt Mobile,https://pcpartpicker.com/product/nGKcCJ/microsoft-sculpt-mobile-wireless-laser-mouse-43u-00012,https://cdna.pcpartpicker.com/static/forever/images/product/45b14dc38deb887c8cad1a22255ccd68.256p.jpg,Laser,Wireless,,Both,Black / Blue,
Lenovo 0A34282,https://pcpartpicker.com/product/jybwrH/lenovo-0a34282-wireless-laser-mouse-0a34282,https://cdna.pcpartpicker.com/static/forever/images/product/de4ef381874bc5b52acb0c71c45cfa5a.256p.jpg,Laser,Wireless,1600,Both,Black / Red,
Lenovo 4Y50V81591,https://pcpartpicker.com/product/vM848d/lenovo-4y50v81591-wireless-optical-mouse-4y50v81591,https://cdna.pcpartpicker.com/static/forever/images/product/9bc88959f14694904222c5d696a0a6fd.256p.jpg,Optical,Wireless,2400,Right,Silver / Black,
Kodak IMOUSE Q10,https://pcpartpicker.com/product/wz7p99/kodak-imouse-q10-wireless-optical-mouse-imouse-q10,https://cdna.pcpartpicker.com/static/forever/images/product/c4d3a32470d059a665016dbb8e2c5f99.256p.jpg,Optical,Wireless,1600,Right,Black,
Logitech M325c Urban Lagoon,https://pcpartpicker.com/product/C8JmP6/logitech-m325c-urban-lagoon-wireless-optical-mouse-910-005660,https://cdna.pcpartpicker.com/static/forever/images/product/cafbf65ecb6906d9e966c4cb78d99b36.256p.jpg,Optical,Wireless,1000,Both,Blue / Black,
Trust GXT 155,https://pcpartpicker.com/product/WCTPxr/trust-gxt-155-wired-optical-mouse-20411,https://cdna.pcpartpicker.com/static/forever/images/product/8406b72cd9f0cb137d336161e32d97a3.256p.jpg,Optical,Wired,4000,Right,Black / Blue,
Trust GXT 130,https://pcpartpicker.com/product/zRc48d/trust-gxt-130-wireless-laser-mouse-20687,https://cdna.pcpartpicker.com/static/forever/images/product/4e037ba3a23893b0b94c6a0335d565b4.256p.jpg,Laser,Wireless,2400,Right,Black / Red,
Trust GXT 188 Laban RGB,https://pcpartpicker.com/product/HKw7YJ/trust-gxt-188-laban-rgb-wired-optical-mouse-21789,https://cdna.pcpartpicker.com/static/forever/images/product/193e38cb5282b08f9349792eb36e26de.256p.jpg,Optical,Wired,15000,Right,Black,
Trust GXT 101D GAV,https://pcpartpicker.com/product/QYsmP6/trust-gxt-101d-gav-wired-optical-mouse-22794,https://cdna.pcpartpicker.com/static/forever/images/product/f071d24bbaa1b40f68fa7b94d728e571.256p.jpg,Optical,Wired,4800,Right,Camo,
SIIG JK-WR0912-S2,https://pcpartpicker.com/product/Cxw7YJ/siig-jk-wr0912-s2-wireless-optical-mouse-jk-wr0912-s2,https://images-na.ssl-images-amazon.com/images/I/41Aq26tnmML.jpg,Optical,Wireless,,Right,Red / Black,
Rosewill RWM-001,https://pcpartpicker.com/product/BX8j4D/rosewill-rwm-001-wireless-optical-mouse-rwm-001,https://cdna.pcpartpicker.com/static/forever/images/product/d655c35c24c559f8593453f667f37c2c.256p.jpg,Optical,Wireless,1200,Both,Black,
Rosewill RWM-002,https://pcpartpicker.com/product/TGQG3C/rosewill-rwm-002-wireless-optical-mouse-rwm-002,https://cdna.pcpartpicker.com/static/forever/images/product/cdede3289458292cd89960a910d494e8.256p.jpg,Optical,Wireless,1200,Both,White / Black,
Rosewill RWM-003,https://pcpartpicker.com/product/ZVVD4D/rosewill-rwm-003-wireless-optical-mouse-rwm-003,https://cdna.pcpartpicker.com/static/forever/images/product/67b12727ef5321bdc8c7106f3b524c13.256p.jpg,Optical,Wireless,1200,Both,Gray / Black,
Rosewill RWM-004,https://pcpartpicker.com/product/YvrmP6/rosewill-rwm-004-wireless-optical-mouse-rwm-004,https://cdna.pcpartpicker.com/static/forever/images/product/bd925eb2aa34a8c6232b2ffccab50db6.256p.jpg,Optical,Wireless,1200,Both,Blue / Black,
SIIG JK-WR0B12-S2,https://pcpartpicker.com/product/VCNv6h/siig-jk-wr0b12-s2-wireless-optical-mouse-jk-wr0b12-s2,https://cdna.pcpartpicker.com/static/forever/images/product/5e40d31bb4a55b916c3c0c620ab27a70.256p.jpg,Optical,Wireless,1000,Right,Blue / Black,
Rosewill ION D12,https://pcpartpicker.com/product/CGBTwP/rosewill-ion-d12-wired-optical-mouse-ion-d12,https://cdna.pcpartpicker.com/static/forever/images/product/46758eb6b24c3827155edee072d786e3.256p.jpg,Optical,Wired,4000,Right,Black,
Rosewill NEON M63,https://pcpartpicker.com/product/cJzkcf/rosewill-neon-m63-wired-optical-mouse-neon-m63,https://cdna.pcpartpicker.com/static/forever/images/product/b1e8da95e4ae4aa320b170299fb9bb20.256p.jpg,Optical,Wired,10000,Right,Black / Red,
SIIG JK-WR0M12-S1,https://pcpartpicker.com/product/9YcRsY/siig-jk-wr0m12-s1-wireless-optical-mouse-jk-wr0m12-s1,https://cdna.pcpartpicker.com/static/forever/images/product/0ccdb8c2268001599f7fc014e2606ba4.256p.jpg,Optical,Wireless,1200,Both,Black,
Rosewill NEON M61,https://pcpartpicker.com/product/NzYQzy/rosewill-neon-m61-wireless-optical-mouse-neon-m61,https://cdna.pcpartpicker.com/static/forever/images/product/1cf204bc4e0679ab7fbc59ef4a67fcfe.256p.jpg,Optical,Wireless,10000,Right,Black / Blue,
Rosewill NEON M54,https://pcpartpicker.com/product/kHhmP6/rosewill-neon-m54-wired-optical-mouse-neon-m54,https://cdna.pcpartpicker.com/static/forever/images/product/398e98da297e3eb07871d32b629f57eb.256p.jpg,Optical,Wired,7200,Right,Black,
Rosewill NEON M56,https://pcpartpicker.com/product/rq4BD3/rosewill-neon-m56-wired-optical-mouse-neon-m56,https://cdna.pcpartpicker.com/static/forever/images/product/4842b80181cc4a88aa26b32372c87925.256p.jpg,Optical,Wired,12400,Right,Black,
Trust GXT 148 Orna,https://pcpartpicker.com/product/vJ848d/trust-gxt-148-orna-wired-optical-mouse-21197,https://cdna.pcpartpicker.com/static/forever/images/product/638aa6f8a22f724500e3c81ffe16cee7.256p.jpg,Optical,Wired,3200,Both,Black / Red,
Verbatim 98113 Go Mini Travel Commuter,https://pcpartpicker.com/product/KTKcCJ/verbatim-98113-go-mini-travel-commuter-wired-optical-mouse-98617,https://cdna.pcpartpicker.com/static/forever/images/product/67ac2902a1884d2877fef97d70746901.256p.jpg,Optical,Wired,,Both,Purple,
Verbatim  99770 Silent Wireless Blue Led,https://pcpartpicker.com/product/WRc48d/verbatim-wireless-laser-mouse-99770,https://cdna.pcpartpicker.com/static/forever/images/product/de58f58a4958ab39c68d96936f0f3517.256p.jpg,Laser,Wireless,,Both,Blue / Black,16.98
Targus W571,https://pcpartpicker.com/product/Qb3H99/targus-w571-wireless-optical-mouse-amw571usz,https://cdna.pcpartpicker.com/static/forever/images/product/3b9563b44f5fd32dadfc07b27337db8f.256p.jpg,Optical,Wireless,,Right,Black,
Targus W573,https://pcpartpicker.com/product/FNtQzy/targus-w573-wireless-laser-mouse-amw573bt,https://cdna.pcpartpicker.com/static/forever/images/product/8232ad20297a8d1abe37ef37dd333cb8.256p.jpg,Laser,Wireless,,Both,Black,
Targus W574,https://pcpartpicker.com/product/3p66Mp/targus-w574-wireless-laser-mouse-amw574bt,https://cdna.pcpartpicker.com/static/forever/images/product/d4959785574d7c6845607fdf62f83a1f.256p.jpg,Laser,Wireless,,Right,Black,
V7 MU200-1N,https://pcpartpicker.com/product/KwWfrH/v7-mu200-1n-wired-optical-mouse-mu200-1n,https://cdna.pcpartpicker.com/static/forever/images/product/8a867d3c486c8ff82a28a0777abbff93.256p.jpg,Optical,Wired,1600,Both,Black,
V7 MW100-1N,https://pcpartpicker.com/product/QkYLrH/v7-mw100-1n-wireless-optical-mouse-mw100-1n,https://cdna.pcpartpicker.com/static/forever/images/product/d818b7decae716c214972cf9171b24fb.256p.jpg,Optical,Wireless,1600,Both,Black,
V7 MW600-1N,https://pcpartpicker.com/product/37VD4D/v7-mw600-1n-wireless-optical-mouse-mw600-1n,https://cdna.pcpartpicker.com/static/forever/images/product/2cdd2720bbee238959022f2e6664f686.256p.jpg,Optical,Wireless,1600,Right,Black,
Toshiba U55,https://pcpartpicker.com/product/sDYLrH/toshiba-u55-wired-optical-mouse-pa5224u-1etb,https://cdna.pcpartpicker.com/static/forever/images/product/df93d24abe682f994d5973da458f3792.256p.jpg,Optical,Wired,1600,Both,Black,
Targus B580,https://pcpartpicker.com/product/KPCD4D/targus-b580-bluetooth-wireless-optical-mouse-amb580tt,https://cdna.pcpartpicker.com/static/forever/images/product/3972c77feba77e393c7f0392fd5049c9.256p.jpg,Optical,Bluetooth Wireless,,Both,Black,
Verbatim 98616 Go Mini Travel Commuter,https://pcpartpicker.com/product/3wdxFT/verbatim-98616-go-mini-travel-commuter-wired-optical-mouse-98616,https://cdna.pcpartpicker.com/static/forever/images/product/c748e9772c96c374259e4badb8a2a34a.256p.jpg,Optical,Wired,,Both,Blue,10.99
Targus W571,https://pcpartpicker.com/product/RVkj4D/targus-w571-bluetooth-wireless-optical-mouse-amw571bt,https://cdna.pcpartpicker.com/static/forever/images/product/0f2f3e0614474c1f9d4d26a50e66f6d0.256p.jpg,Optical,Bluetooth Wireless,1600,Both,Black,
Verbatim 99781 Commuter,https://pcpartpicker.com/product/2T22FT/verbatim-99781-commuter-wireless-optical-mouse-99781,https://cdna.pcpartpicker.com/static/forever/images/product/c9bfacd59ff5316be66b7068984b3e36.256p.jpg,Optical,Wireless,,Both,Purple,13.99
Verbatim 99768 Commuter,https://pcpartpicker.com/product/x3rmP6/verbatim-99768-commuter-wireless-optical-mouse-99768,https://cdna.pcpartpicker.com/static/forever/images/product/dc9a9f2b26657f4ed6e65369f3ff6559.256p.jpg,Optical,Wireless,,Both,White,
Verbatim 99780 Silent Wireless Blue Led,https://pcpartpicker.com/product/kMjJ7P/verbatim-99780-silent-wireless-blue-led-wireless-optical-mouse-99780,https://cdna.pcpartpicker.com/static/forever/images/product/c0f86701710bf0058f40ccba7d250bd0.256p.jpg,Optical,Wireless,,Both,Red / Black,
Verbatim 98619 Go Mini Travel Commuter,https://pcpartpicker.com/product/vpfhP6/verbatim-98619-go-mini-travel-commuter-wired-optical-mouse-98619,https://cdna.pcpartpicker.com/static/forever/images/product/cbe12e095553f577d61d9c51563482d0.256p.jpg,Optical,Wired,,Both,Red,
Verbatim 98618 Mini Travel Mouse Commuter,https://pcpartpicker.com/product/jyJtt6/verbatim-98618-mini-travel-mouse-commuter-wired-optical-mouse-98618,https://cdna.pcpartpicker.com/static/forever/images/product/d9e81fff5ea9cfdce833272474d0a03a.256p.jpg,Optical,Wired,,Both,Pink,
Redragon MIRAGE,https://pcpartpicker.com/product/88rYcf/redragon-mirage-wireless-optical-mouse-mirage,/static/forever/img/no-image.png,Optical,Wireless,4800,Right,Red / Black,
GAMDIAS Zeus E2,https://pcpartpicker.com/product/6yK2FT/gamdias-zeus-e2-wireless-optical-mouse-ibp-zeuse2,/static/forever/img/no-image.png,Optical,Wired,3200,Right,Black,
HP Pavilion 300,https://pcpartpicker.com/product/8PFKHx/hp-pavilion-300-wired-optical-mouse-4ph30aaabl,https://cdna.pcpartpicker.com/static/forever/images/product/55be80b92fb6e757152636746772e424.256p.jpg,Optical,Wired,5000,Both,Black / Green,
HP OMEN Reactor,https://pcpartpicker.com/product/xTYQzy/hp-omen-reactor-wired-optical-mouse-2vp02aaabl,https://cdna.pcpartpicker.com/static/forever/images/product/982f7ec724c67a09adc4aaf35ca6b246.256p.jpg,Optical,Wired,16000,Right,Black / Red,
HP OMEN 400,https://pcpartpicker.com/product/kqRgXL/hp-omen-400-wired-optical-mouse-3ml38aaabl,https://cdna.pcpartpicker.com/static/forever/images/product/402b926bd808a30e3d971ee333299c92.256p.jpg,Optical,Wired,5000,Right,Black / Red,
HP OMEN 600,https://pcpartpicker.com/product/rpBhP6/hp-omen-600-wired-optical-mouse-1kf75aaabl,https://cdna.pcpartpicker.com/static/forever/images/product/6b794de0fd993ff45c8a6de3d6bc67fe.256p.jpg,Optical,Wired,12000,Right,Black / Red,
Adesso iMouse E3,https://pcpartpicker.com/product/jgBhP6/adesso-imouse-e3-wired-optical-mouse-imouse-e3,https://cdna.pcpartpicker.com/static/forever/images/product/676f77297d3fd118572721acac69b74f.256p.jpg,Optical,Wired,6400,Right,Black,
SIIG JK-WR0N12-S1,https://pcpartpicker.com/product/9GLwrH/siig-jk-wr0n12-s1-wireless-optical-mouse-jk-wr0n12-s1,https://cdna.pcpartpicker.com/static/forever/images/product/86bf4b3b023d30c9d61e0311bc68660a.256p.jpg,Optical,Wireless,1200,Both,Gray / Black,
V7 MW500-1N,https://pcpartpicker.com/product/GshmP6/v7-mw500-1n-wireless-optical-mouse-mw500-1n,https://cdna.pcpartpicker.com/static/forever/images/product/bf3e68381bdd9e896998fd8f22946f03.256p.jpg,Optical,Wireless,1600,Right,Black,
Microsoft Arc,https://pcpartpicker.com/product/Lb2bt6/microsoft-arc-bluetoothwired-optical-mouse-elg-00027,https://cdna.pcpartpicker.com/static/forever/images/product/52ce08218579374f00c897a34ef63f42.256p.jpg,Optical,"Wired, Bluetooth Wireless",1000,Both,Pink,
Kensington K72339USA,https://pcpartpicker.com/product/HHc48d/kensington-k72339usa-wired-optical-mouse-k72339usa,https://cdna.pcpartpicker.com/static/forever/images/product/aaee2568c6f7acb28e05ae752d48d5c0.256p.jpg,Optical,Wired,,Both,Black,
Key Ovation Newtral 3,https://pcpartpicker.com/product/z4zkcf/key-ovation-newtral-3-wired-optical-mouse-kov-n300bcm,https://cdna.pcpartpicker.com/static/forever/images/product/13a148197b871e7b945fedd05a1442cf.256p.jpg,Optical,Wired,3000,Right,Black,
Aula SI-9008,https://pcpartpicker.com/product/JJKcCJ/aula-si-9008-wired-optical-mouse-si-9008,https://cdna.pcpartpicker.com/static/forever/images/product/18f71f3dedb8cf3cff4ced5bac329fe8.256p.jpg,Optical,Wired,3500,Right,Black,
SMK-Link VP3830-TAA,https://pcpartpicker.com/product/xnzkcf/smk-link-vp3830-taa-wired-optical-mouse-vp3830-taa,https://cdna.pcpartpicker.com/static/forever/images/product/3051e368d115a25b1f977a4ac43e5d23.256p.jpg,Optical,Wired,2400,Right,Black,
Inland 7338,https://pcpartpicker.com/product/vwWfrH/inland-7338-wired-optical-mouse-7338,https://cdna.pcpartpicker.com/static/forever/images/product/1d6728a62f024e7cd1af4c8f572b024f.256p.jpg,Optical,Wired,,Both,Transparent / Gray,
SMK-Link VP3831,https://pcpartpicker.com/product/4tZFf7/smk-link-vp3831-wired-optical-mouse-vp3831,https://cdna.pcpartpicker.com/static/forever/images/product/e0c1287d0e5dff515af5ad1748f69ae6.256p.jpg,Optical,Wired,2400,Right,Black,
Mad Catz The Authentic R.A.T. 8+,https://pcpartpicker.com/product/bLsnTW/mad-catz-the-authentic-rat-8-wired-optical-mouse-mr05dcingr00,https://cdna.pcpartpicker.com/static/forever/images/product/45569e1b83676cb6f635dd3965c9ec7a.256p.jpg,Optical,Wired,1000,Right,Silver / Black,
Verbatim 70234,https://pcpartpicker.com/product/XCdrxr/verbatim-70234-wired-optical-mouse-70234,https://cdna.pcpartpicker.com/static/forever/images/product/ccc756925e2ab308046685addc709aff.256p.jpg,Optical,Wired,,Both,Red / Black,
MSI CLUTCH GM30,https://pcpartpicker.com/product/nNzFf7/msi-clutch-gm30-wired-optical-mouse-clutch-gm30,https://cdna.pcpartpicker.com/static/forever/images/product/f715cea7af6ab4c24f1771c990712ff2.256p.jpg,Optical,Wired,6200,Right,Black,
Microsoft RJG-00001,https://pcpartpicker.com/product/cyWBD3/microsoft-rjg-00001-wired-optical-mouse-rjg-00001,https://cdna.pcpartpicker.com/static/forever/images/product/cfc92e86723c43a783f0abe560ccd00b.256p.jpg,Optical,Wired,,Right,Black,39.99
Evoluent VMDM,https://pcpartpicker.com/product/sv4BD3/evoluent-vmdm-wired-optical-mouse-vmdm,https://cdna.pcpartpicker.com/static/forever/images/product/e85a28e99552e466622cc030de37b791.256p.jpg,Optical,Wired,,Right,Black / Silver,99.95
Evoluent VMDS,https://pcpartpicker.com/product/yLcRsY/evoluent-vmds-wired-optical-mouse-vmds,https://cdna.pcpartpicker.com/static/forever/images/product/0d5905c7c1eeecc10637041d36c511c9.256p.jpg,Optical,Wired,,Right,Black / Silver,99.95
Verbatim 99746,https://pcpartpicker.com/product/fb2bt6/verbatim-99746-wireless-optical-mouse-99746,https://cdna.pcpartpicker.com/static/forever/images/product/654fc4ad2a61067f832b9083e58f5ab1.256p.jpg,Optical,Wireless,,Right,Purple / White,
Cooler Master MM711 Glossy Black,https://pcpartpicker.com/product/LtCFf7/cooler-master-mm711-glossy-black-wired-optical-mouse-mm-711-kkol2,https://cdna.pcpartpicker.com/static/forever/images/product/25218ec8d2887f3b015159a2ca5aa9ec.256p.jpg,Optical,Wired,16000,Right,Black,
Cooler Master MM711 Matte White,https://pcpartpicker.com/product/GK7p99/cooler-master-mm711-matte-white-wired-optical-mouse-mm-711-wwol1,https://cdna.pcpartpicker.com/static/forever/images/product/29e700d66dec0bef323bcb2ea6ddf7b9.256p.jpg,Optical,Wired,16000,Right,White,
Cooler Master MM710 Matte White,https://pcpartpicker.com/product/g2kgXL/cooler-master-mm710-matte-white-wired-optical-mouse-mm-710-wwol1,https://cdna.pcpartpicker.com/static/forever/images/product/0f6a1895ef8c31fd4378e4ffd68710d4.256p.jpg,Optical,Wired,16000,Right,White,
Cooler Master MM710 Glossy White,https://pcpartpicker.com/product/qckgXL/cooler-master-mm710-glossy-white-wired-optical-mouse-mm-710-wwol2,https://cdna.pcpartpicker.com/static/forever/images/product/737abfd1c629a46b84cc92cd76251f13.256p.jpg,Optical,Wired,16000,Right,White,
G-Wolves HT-M 3360 Ash,https://pcpartpicker.com/product/9smFf7/g-wolves-ht-m-3360-ash-wired-optical-mouse-ht-m-3360-ash,https://m.media-amazon.com/images/I/31zYEPQN6qL.jpg,Optical,Wired,12000,Right,Silver,
G-Wolves HT-M 3360 Black,https://pcpartpicker.com/product/7kjNnQ/g-wolves-ht-m-3360-black-wired-optical-mouse-ht-m-3360-black,/static/forever/img/no-image.png,Optical,Wired,12000,Right,Black,
G-Wolves HT-M 3360 White,https://pcpartpicker.com/product/VsmFf7/g-wolves-ht-m-3360-white-wired-optical-mouse-ht-m-3360-white,/static/forever/img/no-image.png,Optical,Wired,12000,Right,White,
G-Wolves HT-M 3360 Red,https://pcpartpicker.com/product/87vqqs/g-wolves-ht-m-3360-red-wired-optical-mouse-ht-m-3360-red,/static/forever/img/no-image.png,Optical,Wired,12000,Right,Red,
G-Wolves HT-M 3360 White/Blue,https://pcpartpicker.com/product/xyVG3C/g-wolves-ht-m-3360-whiteblue-wired-optical-mouse-ht-m-3360-whiteblue,/static/forever/img/no-image.png,Optical,Wired,12000,Right,White / Blue,
Xtrfy M4 RGB,https://pcpartpicker.com/product/k44BD3/xtrfy-m4-rgb-wired-optical-mouse-xg-m4-rgb-black,https://cdna.pcpartpicker.com/static/forever/images/product/89f824972689191611e525123170f64b.256p.jpg,Optical,Wired,16000,Right,Black,
Cooler Master MM831,https://pcpartpicker.com/product/mcGnTW/cooler-master-mm831-wireless-optical-mouse-mm-831-kkoh1,https://cdna.pcpartpicker.com/static/forever/images/product/82fbdad1bdab3f45c80fbe8761249682.256p.jpg,Optical,Wireless,32000,Right,Black,
HP Pulsefire Dart,https://pcpartpicker.com/product/pHn8TW/hp-pulsefire-dart-wireless-optical-mouse-hx-mc006b,https://cdna.pcpartpicker.com/static/forever/images/product/55ae53182549a716adcb6613424b3513.256p.jpg,Optical,Wireless,16000,Right,Black,
Logitech PEBBLE M350,https://pcpartpicker.com/product/dxfFf7/logitech-pebble-m350-wireless-optical-mouse-910-005773,https://cdna.pcpartpicker.com/static/forever/images/product/43a20657aae7b17e3687e98371b37565.256p.jpg,Optical,Wireless,1000,Both,Blue,35.98
Verbatim 70239,https://pcpartpicker.com/product/QK7p99/verbatim-70239-bluetooth-wireless-optical-mouse-70239,https://cdna.pcpartpicker.com/static/forever/images/product/3079591af456350682e3383b6a8a775d.256p.jpg,Optical,Bluetooth Wireless,1600,Both,Blue / Black,
Microsoft Arc,https://pcpartpicker.com/product/KJwkcf/microsoft-arc-bluetoothwirelesswired-optical-mouse-elg-00026,https://m.media-amazon.com/images/I/21PMVoC+k+L.jpg,Optical,"Wired, Wireless, Bluetooth Wireless",1000,Both,Purple,
Microsoft Arc,https://pcpartpicker.com/product/Q3RgXL/microsoft-arc-bluetoothwirelesswired-optical-mouse-elg-00040,https://cdna.pcpartpicker.com/static/forever/images/product/e9f2e29005747aac7a8affb595dfcb0a.256p.jpg,Optical,"Wired, Wireless, Bluetooth Wireless",1000,Both,Green,
Microsoft RJN-00013,https://pcpartpicker.com/product/FfmFf7/microsoft-rjn-00013-bluetooth-wireless-optical-mouse-rjn-00013,https://cdna.pcpartpicker.com/static/forever/images/product/ff6e075e16c10228c357bb5152225411.256p.jpg,Optical,Bluetooth Wireless,,Both,Blue,
Microsoft RJN-00037,https://pcpartpicker.com/product/32rYcf/microsoft-rjn-00037-bluetooth-wireless-optical-mouse-rjn-00037,https://cdna.pcpartpicker.com/static/forever/images/product/609ea1d46b59bb8f98b3bba802cfd3a0.256p.jpg,Optical,Bluetooth Wireless,,Both,Pink,31.99
Microsoft RJN-00001,https://pcpartpicker.com/product/VnGnTW/microsoft-rjn-00001-bluetooth-wireless-optical-mouse-rjn-00001,https://cdna.pcpartpicker.com/static/forever/images/product/cb1d63ef4e41f72cde8033b6defd197d.256p.jpg,Optical,Bluetooth Wireless,,Both,Black,
Microsoft RJN-00025,https://pcpartpicker.com/product/ZVBhP6/microsoft-rjn-00025-bluetooth-wireless-optical-mouse-rjn-00025,https://cdna.pcpartpicker.com/static/forever/images/product/752f5bab701a359abe597339c2746ccd.256p.jpg,Optical,Bluetooth Wireless,,Both,Green,
Aula Ghost Shark,https://pcpartpicker.com/product/YprYcf/aula-ghost-shark-wired-optical-mouse-ghost-shark-si-989,/static/forever/img/no-image.png,Optical,Wired,2000,Right,Black / Silver,
Aula Enter Tainer,https://pcpartpicker.com/product/4Xn8TW/aula-enter-tainer-wired-optical-mouse-si-9007,https://cdna.pcpartpicker.com/static/forever/images/product/ab57fcaab9efbaffc38f5ad1466476f1.256p.jpg,Optical,Wired,4000,Right,Black,
Verbatim 99747,https://pcpartpicker.com/product/qvqBD3/verbatim-99747-wireless-laser-mouse-99747,https://cdna.pcpartpicker.com/static/forever/images/product/b7288ba476101b931f82441462421015.256p.jpg,Laser,Wireless,,Both,Blue / Black,
Logitech M545,https://pcpartpicker.com/product/WcGnTW/logitech-m545-wireless-laser-mouse-910-004054,https://m.media-amazon.com/images/I/31sD2TwgOPL.jpg,Laser,Wireless,1000,Right,Black,
Kensington Pro Fit,https://pcpartpicker.com/product/zPQfrH/kensington-k75403ww-wired-optical-mouse-k75403ww,https://cdna.pcpartpicker.com/static/forever/images/product/30374f69b6f6cf2eca447acca2f5534e.256p.jpg,Optical,Wired,3200,Right,Black,
Kensington Pro Fit,https://pcpartpicker.com/product/BqPgXL/kensington-pro-fit-bluetooth-optical-mouse-k75404ww,https://cdna.pcpartpicker.com/static/forever/images/product/31ebfbbcadf5f5f3582b603582ba5cea.256p.jpg,Optical,Bluetooth Wireless,1600,Right,Black,37.97
Kensington Pro Fit,https://pcpartpicker.com/product/TM4BD3/kensington-k75405ww-bluetooth-wireless-optical-mouse-k75405ww,https://cdna.pcpartpicker.com/static/forever/images/product/44a262f1c8f071d8ab2e35e80f25e64f.256p.jpg,Optical,Bluetooth Wireless,1600,Right,Gray / White,
Logitech PEBBLE M350,https://pcpartpicker.com/product/JLFKHx/logitech-pebble-m350-bluetooth-optical-mouse-910-005769,https://m.media-amazon.com/images/I/31hQgdxiFlL.jpg,Optical,Bluetooth Wireless,1000,Both,Pink,26.99
Dell Alienware Elite,https://pcpartpicker.com/product/sqPgXL/dell-alienware-elite-wired-optical-mouse-aw959-m,https://cdna.pcpartpicker.com/static/forever/images/product/3bbfbefb15375bd19ca916fdb044b8b1.256p.jpg,Optical,Wired,12000,Right,Silver / Black,
Verbatim 70247,https://pcpartpicker.com/product/JjqBD3/verbatim-70247-wireless-laser-mouse-70247,https://cdna.pcpartpicker.com/static/forever/images/product/6b972d4ed45afaa163d43af017af00cd.256p.jpg,Laser,Wireless,1600,Right,Blue,23.79
Verbatim 70246,https://pcpartpicker.com/product/c4JmP6/verbatim-70246-wireless-laser-mouse-70246,https://cdna.pcpartpicker.com/static/forever/images/product/6de0809869d957e21b1d4e9622d3dc76.256p.jpg,Laser,Wireless,1600,Right,Red / Black,27.13
Acer Urban Factory Anti-stress Mouse,https://pcpartpicker.com/product/w8zFf7/acer-urban-factory-anti-stress-mouse-wired-optical-mouse-smc01uf,https://cdna.pcpartpicker.com/static/forever/images/product/ebefb582c09fa07e29d51a6e96abb198.256p.jpg,Optical,Wired,800,Both,Black / Silver,
Acer Urban Factory Crazy Mouse,https://pcpartpicker.com/product/rgqBD3/acer-urban-factory-crazy-mouse-wired-optical-mouse-cm06uf,https://cdna.pcpartpicker.com/static/forever/images/product/699939252b8e04834822769677e57b56.256p.jpg,Optical,Wired,800,Both,Blue / White,
HP 1JR32AA#ABA,https://pcpartpicker.com/product/m7drxr/hp-1jr32aaaba-wired-optical-mouse-1jr32aaaba,/static/forever/img/no-image.png,Optical,Wired,1600,Both,Black,
HP 6SP30UT#ABA,https://pcpartpicker.com/product/WKMTwP/hp-6sp30utaba-bluetooth-wireless-optical-mouse-6sp30utaba,https://cdna.pcpartpicker.com/static/forever/images/product/4755dfc3fe125595745b2a852871f448.256p.jpg,Optical,Bluetooth Wireless,,Right,Black,
SMK-Link Gyration Air Mouse Elite,https://pcpartpicker.com/product/Zq9tt6/smk-link-gyration-air-mouse-elite-wireless-laser-mouse-gym5600na,https://cdna.pcpartpicker.com/static/forever/images/product/3608aa803d26926be0ba9c900f04637f.256p.jpg,Laser,Wireless,,Both,Black / Silver,
SMK-Link AIR Mouse GO Plus,https://pcpartpicker.com/product/q9BhP6/smk-link-air-mouse-go-plus-wireless-laser-mouse-gym1100a,https://cdna.pcpartpicker.com/static/forever/images/product/60062cf77d26be7fce3fdd976265d40f.256p.jpg,Laser,Wireless,,Both,Black / Silver,
ROCCAT Kain 202 Aimo RGB,https://pcpartpicker.com/product/3vYQzy/roccat-kain-202-aimo-rgb-wireless-optical-mouse-roc-11-615-we,https://cdna.pcpartpicker.com/static/forever/images/product/8e1a2e2d560a2ecf929016df8d1539da.256p.jpg,Optical,Wireless,16000,Right,White,
Evoluent VMDLW,https://pcpartpicker.com/product/9vYQzy/evoluent-vmdlw-wireless-laser-mouse-vmdlw,https://cdna.pcpartpicker.com/static/forever/images/product/1cbb2ba0322c9a26f4e554bae225f1ad.256p.jpg,Laser,Wireless,,Right,Black / Silver,114.95
Adesso iMouse M6-TAA,https://pcpartpicker.com/product/Tq9tt6/adesso-imouse-m6-taa-wired-optical-mouse-imousem6-taa,https://cdna.pcpartpicker.com/static/forever/images/product/424cfef363fe00202eabd9356f43c491.256p.jpg,Optical,Wired,1000,Both,Black,9.99
ROCCAT Kain 100 Aimo RGB,https://pcpartpicker.com/product/FFqBD3/roccat-kain-100-aimo-rgb-wired-optical-mouse-roc-11-610-bk,https://cdna.pcpartpicker.com/static/forever/images/product/524f3a73dcef218b9598dcd3f7afc53d.256p.jpg,Optical,Wired,8500,Right,Black,
ABKONCORE A900,https://pcpartpicker.com/product/Yy3mP6/abkoncore-a900-wired-optical-mouse-abko-a900,/static/forever/img/no-image.png,Optical,Wired,16000,Right,Black / Silver,
Endgame Gear XM1,https://pcpartpicker.com/product/znFKHx/endgame-gear-xm1-wired-optical-mouse-egg-xm1-blk,https://cdna.pcpartpicker.com/static/forever/images/product/4c6a36dd0c470be71bf8bb6c07f8f7de.256p.jpg,Optical,Wired,16000,Right,Black,
Endgame Gear XM1,https://pcpartpicker.com/product/BgNgXL/endgame-gear-xm1-wired-optical-mouse-egg-xm1-wht,https://cdna.pcpartpicker.com/static/forever/images/product/7ee79c44b50b707978ecbfd7eb9c426b.256p.jpg,Optical,Wired,16000,Right,White,
Biostar Racing AM3,https://pcpartpicker.com/product/M3n8TW/biostar-racing-am3-wired-optical-mouse-racing-am3-gaming-mouse,https://m.media-amazon.com/images/I/41d2FAp6SVL.jpg,Optical,Wired,5000,Right,Black / Blue,
ROCCAT KONE Pure Ultra,https://pcpartpicker.com/product/H7FKHx/roccat-kone-pure-ultra-wired-optical-mouse-roc-11-730,https://cdna.pcpartpicker.com/static/forever/images/product/67ba4d41b7b0a45db3429c045c2d9178.256p.jpg,Optical,Wired,16000,Right,Black,
Thermaltake Level 20 RGB,https://pcpartpicker.com/product/jyMTwP/thermaltake-level-20-rgb-wired-optical-mouse-gmo-lvt-wdoobk-01,https://cdna.pcpartpicker.com/static/forever/images/product/a611023d78d80fd546524548ac9facd5.256p.jpg,Optical,Wired,16000,Both,Black,
Cooler Master MM720 Glossy,https://pcpartpicker.com/product/KX848d/cooler-master-mm720-glossy-wired-optical-mouse-mm-720-kkol2,https://m.media-amazon.com/images/I/41OSCYUPq7L.jpg,Optical,Wired,16000,Right,Black,
Cooler Master MM720 Matte,https://pcpartpicker.com/product/QPCFf7/cooler-master-mm720-matte-wired-optical-mouse-mm-720-wwol1,https://cdna.pcpartpicker.com/static/forever/images/product/51819f67c8af3f8624873d7b0b5a2a95.256p.jpg,Optical,Wired,16000,Right,White,
Cooler Master MM720 Glossy,https://pcpartpicker.com/product/FZpmP6/cooler-master-mm720-glossy-wired-optical-mouse-mm-720-wwol2,https://m.media-amazon.com/images/I/41YSq9u30nL.jpg,Optical,Wired,16000,Right,White,
Rosewill Neon M62,https://pcpartpicker.com/product/28Dkcf/rosewill-neon-m62-wired-optical-mouse-neon-m62,https://cdna.pcpartpicker.com/static/forever/images/product/ac7bf44c403ab6ef05ef225f2a1fc468.256p.jpg,Optical,Wired,10000,Right,Black,
Cooler Master MM711 Blue Steel,https://pcpartpicker.com/product/TTQfrH/cooler-master-mm711-blue-steel-wired-optical-mouse-mm-711-mbol1,https://cdna.pcpartpicker.com/static/forever/images/product/4b89ff076b977dd7a00217af3beed869.256p.jpg,Optical,Wired,16000,Right,Blue,
Logitech ERGO M575,https://pcpartpicker.com/product/LqcRsY/logitech-ergo-m575-bluetoothwirelesswired-optical-mouse-910-005868,https://cdna.pcpartpicker.com/static/forever/images/product/515bf58810f812f92886cf1535cbca55.256p.jpg,Optical,"Wired, Wireless, Bluetooth Wireless",2000,Right,White / Blue,
Xtreme Gaming DS-2535,https://pcpartpicker.com/product/GD6qqs/xtreme-gaming-ds-2535-wired-laser-mouse-ds-2535,/static/forever/img/no-image.png,Laser,Wired,16400,Right,Black,
SPC Gear LIX,https://pcpartpicker.com/product/6YPgXL/spc-gear-lix-wired-optical-mouse-spg051,https://cdna.pcpartpicker.com/static/forever/images/product/21235a8867d36cdc5c1764145cc4f6e3.256p.jpg,Optical,Wired,8000,Right,Black,
Logitech M191 Full-Size,https://pcpartpicker.com/product/ZD4Ycf/logitech-m191-full-size-wireless-optical-mouse-910-005900,https://m.media-amazon.com/images/I/3116f5hMfzL.jpg,Optical,Wireless,1000,Both,Black / Gray,14.21
Asus ROG Chakram Core,https://pcpartpicker.com/product/jZn8TW/asus-rog-chakram-core-wired-optical-mouse-90mp01t0-bmua00,https://cdna.pcpartpicker.com/static/forever/images/product/1aa75e2436e1a3902fd07e04a0a6a3f3.256p.jpg,Optical,Wired,16000,Right,Black,
Venatos Swapper Pro,https://pcpartpicker.com/product/RTnypg/venatos-swapper-pro-wired-optical-mouse-swapper-pro,https://m.media-amazon.com/images/I/31NwcryejGL.jpg,Optical,Wired,16000,Right,Black,
AOC AGM700,https://pcpartpicker.com/product/h34Ycf/aoc-agm700-wired-optical-mouse-agm700,https://m.media-amazon.com/images/I/313s8L8ylnL.jpg,Optical,Wired,16000,Right,Black / Silver,
Acer Predator Cestus 330,https://pcpartpicker.com/product/JZhmP6/acer-predator-cestus-330-wired-optical-mouse-npmce1100v,https://cdna.pcpartpicker.com/static/forever/images/product/6e206ae14af35ad298fb17b0f44b5a03.256p.jpg,Optical,Wired,16000,Right,Black,59.99
Endgame Gear XM1r,https://pcpartpicker.com/product/MmC48d/endgame-gear-xm1r-wired-optical-mouse-egg-xm1r-df,https://cdna.pcpartpicker.com/static/forever/images/product/140fcded5eab0dd62f29bb617a444692.256p.jpg,Optical,Wired,19000,Right,Transparent / Black,
Tempest X5S Strider RGB,https://pcpartpicker.com/product/RBvdnQ/tempest-x5s-strider-rgb-wired-optical-mouse-tp-gm-str,https://cdna.pcpartpicker.com/static/forever/images/product/6714368fe85ae42ee6c4898ef7382e9b.256p.jpg,Optical,Wired,4800,Right,Black,
Tempest MS-300 RGB Soldier,https://pcpartpicker.com/product/99KKHx/tempest-ms-300-rgb-soldier-wired-optical-mouse-tp-gms-sol,https://cdna.pcpartpicker.com/static/forever/images/product/bfb62e22c476eab62f42f4599250c3eb.256p.jpg,Optical,Wired,4000,Right,Black,
Asus P705 ROG PUGIO II,https://pcpartpicker.com/product/v64Ycf/asus-p705-rog-pugio-ii-wireless-optical-mouse-p705-rog-pugio-ii,https://cdna.pcpartpicker.com/static/forever/images/product/7bfbd1ebc458e843773362d76e96b8ce.256p.jpg,Optical,Wireless,16000,Right,Black,
‎DREAM MACHINES DM1 FPS,https://pcpartpicker.com/product/WyqPxr/dream-machines-dm1-fps-wired-optical-mouse-dm1fps_blackmatte,https://m.media-amazon.com/images/I/21Tx9ntzmmL.jpg,Optical,Wired,16000,Right,Black,
ROCCAT Burst Pro,https://pcpartpicker.com/product/cXJgXL/roccat-burst-pro-wired-optical-mouse-roc-11-748,https://m.media-amazon.com/images/I/31pGppCuMwL.jpg,Optical,Wired,16000,Right,White,
ROCCAT Burst Core,https://pcpartpicker.com/product/yM4Ycf/roccat-burst-core-wired-optical-mouse-roc-11-753,/static/forever/img/no-image.png,Optical,Wired,8500,Right,White,
Corsair SABRE RGB PRO WIRELESS CHAMPION SERIES,https://pcpartpicker.com/product/7wjBD3/corsair-sabre-rgb-pro-wireless-champion-series-wireless-optical-mouse-ch-9313211-na,https://cdna.pcpartpicker.com/static/forever/images/product/63c4b5efa625cd67a2e4771c8cfd0f38.256p.jpg,Optical,Wireless,26000,Right,Black,
GAMDIAS ZEUS E1A,https://pcpartpicker.com/product/2NWzK8/gamdias-zeus-e1a-wired-optical-mouse-zeus-e1a,/static/forever/img/no-image.png,Optical,Wired,4200,Right,Black,
GAMDIAS ZEUS E2,https://pcpartpicker.com/product/bfkWGX/gamdias-zeus-e2-wired-optical-mouse-zeus-e2,https://m.media-amazon.com/images/I/31301uubfWL.jpg,Optical,Wired,3200,Right,Black,
GAMDIAS ZEUS E3,https://pcpartpicker.com/product/W8XJ7P/gamdias-zeus-e3-wired-optical-mouse-zeus-e3,/static/forever/img/no-image.png,Optical,Wired,3600,Right,Black,
GAMDIAS ZEUS M1,https://pcpartpicker.com/product/6FxRsY/gamdias-zeus-m1-wired-optical-mouse-zeus-m1,/static/forever/img/no-image.png,Optical,Wired,7000,Right,Black,
GAMDIAS ZEUS M2,https://pcpartpicker.com/product/j7Z9TW/gamdias-zeus-m2-wired-optical-mouse-zeus-m2,https://m.media-amazon.com/images/I/31NLdoLRrtL.jpg,Optical,Wired,10800,Right,Black,
GAMDIAS ZEUS M3,https://pcpartpicker.com/product/zgpzK8/gamdias-zeus-m3-wired-optical-mouse-zeus-m3,/static/forever/img/no-image.png,Optical,Wired,7200,Right,Black,
GAMDIAS ZEUS M4,https://pcpartpicker.com/product/BdgFf7/gamdias-zeus-m4-wired-optical-mouse-zeus-m4,/static/forever/img/no-image.png,Optical,Wired,12800,Right,Black,
GAMDIAS ZEUS P1,https://pcpartpicker.com/product/T9Fbt6/gamdias-zeus-p1-wired-optical-mouse-zeus-p1,https://m.media-amazon.com/images/I/41GZSRmod6L.jpg,Optical,Wired,12000,Right,Black,
GAMDIAS ZEUS P2,https://pcpartpicker.com/product/ZKGbt6/gamdias-zeus-p2-wired-optical-mouse-zeus-p2,/static/forever/img/no-image.png,Optical,Wired,16000,Right,Black,
HP OMEN Vector Essential,https://pcpartpicker.com/product/R2fnTW/hp-omen-vector-essential-wired-optical-mouse-8bc52aaabl,https://cdna.pcpartpicker.com/static/forever/images/product/cf909107b689acac768110a229660b45.256p.jpg,Optical,Wired,7200,Right,Black,
NZXT Lift,https://pcpartpicker.com/product/RZC48d/nzxt-lift-wired-optical-mouse-ms-1wrax-bm,https://cdna.pcpartpicker.com/static/forever/images/product/f413ef023ef6470d1fc4e581ee15314a.256p.jpg,Optical,Wired,16000,Right,Black,
NZXT Lift,https://pcpartpicker.com/product/9fcG3C/nzxt-lift-wired-optical-mouse-ms-1wrab-bm,https://cdna.pcpartpicker.com/static/forever/images/product/3c1dca02fd5a872fc233dee2199e93f4.256p.jpg,Optical,Wired,16000,Right,Black / Blue,
NZXT Lift,https://pcpartpicker.com/product/7fcG3C/nzxt-lift-wired-optical-mouse-ms-1wrac-bm,https://cdna.pcpartpicker.com/static/forever/images/product/332d3fc9aac6e712f70f75276647973b.256p.jpg,Optical,Wired,16000,Right,Black / Cyan,
NZXT Lift,https://pcpartpicker.com/product/VhLFf7/nzxt-lift-wired-optical-mouse-ms-1wrap-bm,https://cdna.pcpartpicker.com/static/forever/images/product/e5acf198451208d9951b51d50283f4b0.256p.jpg,Optical,Wired,16000,Right,Black / Purple,
NZXT Lift,https://pcpartpicker.com/product/mnhFf7/nzxt-lift-wired-optical-mouse-ms-1wrar-bm,https://cdna.pcpartpicker.com/static/forever/images/product/47cc3ab8786c25e1ca6cd55c4e53a6fb.256p.jpg,Optical,Wired,16000,Right,Black / Red,
NZXT Lift,https://pcpartpicker.com/product/8LLFf7/nzxt-lift-wired-optical-mouse-ms-1wray-bm,https://cdna.pcpartpicker.com/static/forever/images/product/ceab824e6bf409274ab9eaabdcf64c6a.256p.jpg,Optical,Wired,16000,Right,Black / Yellow,
Mad Catz R.A.T. 2+,https://pcpartpicker.com/product/M6Z9TW/mad-catz-rat-2-wired-optical-mouse-mr02mcambl000-0,/static/forever/img/no-image.png,Optical,Wired,5000,Both,Black,
Mad Catz R.A.T. 2+,https://pcpartpicker.com/product/wjkWGX/mad-catz-rat-2-wired-optical-mouse-mr02mcamwh000-0,/static/forever/img/no-image.png,Optical,Wired,5000,Both,White,
Monoprice Dark Matter Hyper-K,https://pcpartpicker.com/product/p6bTwP/monoprice-dark-matter-hyper-k-wired-optical-mouse-40430,https://cdna.pcpartpicker.com/static/forever/images/product/3e19c012cbdb1eae5197c39d1334c2bc.256p.jpg,Optical,Wired,16000,Right,Black,
Monoprice Dark Matter Super-K,https://pcpartpicker.com/product/tZ7G3C/monoprice-dark-matter-super-k-wired-optical-mouse-42302,https://cdna.pcpartpicker.com/static/forever/images/product/b8b218cd890878582f6e39397623ff0a.256p.jpg,Optical,Wired,18000,Right,Black,
Monoprice Dark Matter Aether,https://pcpartpicker.com/product/g9ddnQ/monoprice-dark-matter-aether-wired-optical-mouse-37991,https://cdna.pcpartpicker.com/static/forever/images/product/d8b4eb2a30bd44dff60c2d41ae7c2930.256p.jpg,Optical,Wired,16000,Right,Black,
Gigabyte AORUS M2,https://pcpartpicker.com/product/pBBG3C/gigabyte-aorus-m2-wired-optical-mouse-aorus-m2,https://cdna.pcpartpicker.com/static/forever/images/product/7b2db2244cf35f05a815037f83a8c796.256p.jpg,Optical,Wired,6200,Both,Black,
Cooler Master MM731,https://pcpartpicker.com/product/d7Z9TW/cooler-master-mm731-wireless-optical-mouse-mm-731-kkoh1,https://cdna.pcpartpicker.com/static/forever/images/product/631eadd113849a9389b13cedc00f6ca0.256p.jpg,Optical,Wireless,19000,Right,Black,66.98
Cooler Master MM730,https://pcpartpicker.com/product/yNWzK8/cooler-master-mm730-wired-optical-mouse-mm-730-kkol1,https://cdna.pcpartpicker.com/static/forever/images/product/e0f0bf4f72461aabfb3f0708edfd6d1b.256p.jpg,Optical,Wired,16000,Right,Black,
UtechSmart Venus Pro RGB,https://pcpartpicker.com/product/GBVmP6/utechsmart-venus-pro-rgb-wireless-optical-mouse-us-d16000-wgm,/static/forever/img/no-image.png,Optical,Wireless,16000,Right,Black,
EVGA X12,https://pcpartpicker.com/product/22ddnQ/evga-x12-wired-optical-mouse-905-w1-12wh-kr,https://cdna.pcpartpicker.com/static/forever/images/product/f61d3eb09fce8fcf679bd5f2227f369b.256p.jpg,Optical,Wired,16000,Both,White / Gray,
HP HyperX Pulsefire Haste,https://pcpartpicker.com/product/w2JgXL/hp-hyperx-pulsefire-haste-wired-optical-mouse-4p5e3aa,https://cdna.pcpartpicker.com/static/forever/images/product/032cf1c0c7575c23cd15794a6fb782b4.256p.jpg,Optical,Wired,16000,,Black / Red,
Pulsar Xlite V2,https://pcpartpicker.com/product/BgVmP6/pulsar-xlite-v2-wireless-optical-mouse-pxw26,https://cdna.pcpartpicker.com/static/forever/images/product/8aa2cf3b64bec9117658c949af01d10e.256p.jpg,Optical,Wireless,20000,Right,Blue,
Pulsar Xlite V2,https://pcpartpicker.com/product/znbTwP/pulsar-xlite-v2-wireless-optical-mouse-pxw23,https://cdna.pcpartpicker.com/static/forever/images/product/f066ee60ea2c68ef57121bdcef78f28b.256p.jpg,Optical,Wireless,20000,Right,Red,
Pulsar Xlite V2,https://pcpartpicker.com/product/6nbTwP/pulsar-xlite-v2-wireless-optical-mouse-pxw21,https://cdna.pcpartpicker.com/static/forever/images/product/b8545ab690364d86f91a50b61f5c406b.256p.jpg,Optical,Wireless,20000,Right,Black,
Razer DeathAdder V2 - Special Edition,https://pcpartpicker.com/product/RB2WGX/razer-deathadder-v2-special-edition-wired-optical-mouse-rz01-03210200-r3u1,https://cdna.pcpartpicker.com/static/forever/images/product/bdf06c25633f9b9f610151b240636781.256p.jpg,Optical,Wired,20000,Right,Black / Green,
KLIM Aim,https://pcpartpicker.com/product/czqPxr/klim-aim-wired-optical-mouse-k7,https://m.media-amazon.com/images/I/31QeQScUZ8L.jpg,Optical,Wired,7000,Right,Black,
KLIM Aim,https://pcpartpicker.com/product/srddnQ/klim-aim-wired-optical-mouse-k8,https://m.media-amazon.com/images/I/31W9K7Wp-EL.jpg,Optical,Wired,7000,Right,Silver,
SteelSeries PRIME: BLACK ICE EDITION,https://pcpartpicker.com/product/BYnypg/steelseries-prime-black-ice-edition-wired-optical-mouse-298320,/static/forever/img/no-image.png,Optical,Wired,18000,Right,Translucent Gray / Green,
ninjutso Katana Superlight,https://pcpartpicker.com/product/mWWzK8/ninjutso-katana-superlight-wiredwireless-optical-mouse-nm022,/static/forever/img/no-image.png,Optical,"Wired, Wireless",19000,Right,Black / White,
ninjutso Katana Superlight,https://pcpartpicker.com/product/VC3gXL/ninjutso-katana-superlight-wiredwireless-optical-mouse-nm021,https://m.media-amazon.com/images/I/21F4zVmxr+L.jpg,Optical,"Wired, Wireless",19000,Right,White / Black,
ninjutso Katana,https://pcpartpicker.com/product/7Zstt6/ninjutso-katana-wired-optical-mouse-nm011,/static/forever/img/no-image.png,Optical,Wired,16000,Right,Black,
ninjutso Origin One X,https://pcpartpicker.com/product/9FcG3C/ninjutso-origin-one-x-wirelesswired-optical-mouse-nm002,https://m.media-amazon.com/images/I/21ramufr4HL.jpg,Optical,"Wired, Wireless",3200,Right,White / Black,
Logitech MX ANYWHERE 3,https://pcpartpicker.com/product/8LvdnQ/logitech-mx-anywhere-3-bluetoothwirelesswired-laser-mouse-910-005833,https://cdna.pcpartpicker.com/static/forever/images/product/b0472d9bd71095c37127ba3bd926f2e0.256p.jpg,Laser,"Wired, Wireless, Bluetooth Wireless",4000,Right,Gray,
Logitech MX ANYWHERE 3,https://pcpartpicker.com/product/dTLFf7/logitech-mx-anywhere-3-bluetoothwireless-laser-mouse-910-005986,https://cdna.pcpartpicker.com/static/forever/images/product/fa7c66a55617d8aaa274c6ecba8ad429.256p.jpg,Laser,"Wireless, Bluetooth Wireless",4000,Right,Pink,
Logitech MX ANYWHERE 3,https://pcpartpicker.com/product/mkzhP6/logitech-mx-anywhere-3-bluetoothwireless-laser-mouse-910-005987,https://cdna.pcpartpicker.com/static/forever/images/product/742b31909bbf5fde7507415830f0cf80.256p.jpg,Laser,"Wireless, Bluetooth Wireless",4000,Right,Black,
Xtrfy M4 RGB,https://pcpartpicker.com/product/xGvdnQ/xtrfy-m4-rgb-wired-optical-mouse-xg-m4-rgb-kripp,https://cdna.pcpartpicker.com/static/forever/images/product/e511461d336e757e10f6fafaeef3c8b2.256p.jpg,Optical,Wired,16000,Right,Red / Black,
Xtrfy M4 RGB,https://pcpartpicker.com/product/8YpzK8/xtrfy-m4-rgb-wired-optical-mouse-xg-m4-rgb-tokyo,https://cdna.pcpartpicker.com/static/forever/images/product/809b2bda35c80d33efd446d59170f117.256p.jpg,Optical,Wired,16000,Right,White / Red,
Xtrfy M4 RGB,https://pcpartpicker.com/product/7WM48d/xtrfy-m4-rgb-wired-optical-mouse-xg-m4-rgb-pink,https://cdna.pcpartpicker.com/static/forever/images/product/88695375c748949a2dd6a826db80abc2.256p.jpg,Optical,Wired,16000,Right,Pink,
Xtrfy M4 RGB,https://pcpartpicker.com/product/9JFbt6/xtrfy-m4-rgb-wired-optical-mouse-xg-m4-rgb-blue,https://cdna.pcpartpicker.com/static/forever/images/product/ada715d22b14e4915ad0cfef828f3926.256p.jpg,Optical,Wired,16000,Right,Blue,
Xtrfy M42 RGB,https://pcpartpicker.com/product/QVt9TW/xtrfy-m42-rgb-optical-mouse-m42-rgb-retro,https://cdna.pcpartpicker.com/static/forever/images/product/a8618311655d277881fdf8f3f34bff4a.256p.jpg,Optical,,16000,Right,White / Red,
Xtrfy M42 RGB,https://pcpartpicker.com/product/qkkWGX/xtrfy-m42-rgb-optical-mouse-m42-rgb-blue,https://cdna.pcpartpicker.com/static/forever/images/product/c1f46bc3d701685ea4121f53be6c3881.256p.jpg,Optical,,16000,Right,Blue,
Xtrfy M42 RGB,https://pcpartpicker.com/product/tJFbt6/xtrfy-m42-rgb-optical-mouse-m42-rgb-black,https://cdna.pcpartpicker.com/static/forever/images/product/7a8fa1eccc84e5b06f1f1cf4b19d7f15.256p.jpg,Optical,,16000,Right,Black,
Logitech MX Anywhere 3 for Business,https://pcpartpicker.com/product/JWpzK8/logitech-mx-anywhere-3-for-business-wirelessbluetooth-laser-mouse-910-006215,https://cdna.pcpartpicker.com/static/forever/images/product/05ac20b97f86a180725d0d8547233604.256p.jpg,Laser,"Wireless, Bluetooth Wireless",4000,Right,White / Gray,
Logitech MX Anywhere 3 for Business,https://pcpartpicker.com/product/2LZ9TW/logitech-mx-anywhere-3-for-business-wirelessbluetooth-laser-mouse-910-006204,https://cdna.pcpartpicker.com/static/forever/images/product/b9bd8f8ddb6fd18cbe4c4cc4c48bf2f0.256p.jpg,Laser,"Wireless, Bluetooth Wireless",4000,Right,Black,
A4Tech A4-MS0034,https://pcpartpicker.com/product/YDC48d/a4tech-a4-ms0034-wired-optical-mouse-a4-ms0034,/static/forever/img/no-image.png,Optical,Wired,3200,Right,Black,
Lamzu Atlantis OG,https://pcpartpicker.com/product/K23NnQ/lamzu-atlantis-og-wiredwireless-optical-mouse-40980949172258,/static/forever/img/no-image.png,Optical,"Wired, Wireless",26000,Right,Blue / Pink,
Lamzu Atlantis OG,https://pcpartpicker.com/product/Qf7scf/lamzu-atlantis-og-wiredwireless-optical-mouse-40980949205026,/static/forever/img/no-image.png,Optical,"Wired, Wireless",26000,Right,Pink,
Lamzu Atlantis OG,https://pcpartpicker.com/product/FbvD4D/lamzu-atlantis-og-wiredwireless-optical-mouse-40980949237794,/static/forever/img/no-image.png,Optical,"Wired, Wireless",26000,Right,Green / Gold,
Pulsar X2 Mini,https://pcpartpicker.com/product/2zyH99/pulsar-x2-mini-wiredwireless-optical-mouse-px202s,/static/forever/img/no-image.png,Optical,"Wired, Wireless",26000,Right,White,
Pulsar X2,https://pcpartpicker.com/product/kbvD4D/pulsar-x2-wiredwireless-optical-mouse-px203,/static/forever/img/no-image.png,Optical,"Wired, Wireless",26000,Right,Red,
Pulsar X2,https://pcpartpicker.com/product/xVn9TW/pulsar-x2-wiredwireless-optical-mouse-px202,/static/forever/img/no-image.png,Optical,"Wired, Wireless",26000,Right,White,
Zowie ZA13-B,https://pcpartpicker.com/product/W688TW/zowie-za13-b-wired-optical-mouse-za13-b,https://m.media-amazon.com/images/I/319o1rki6CL.jpg,Optical,Wired,3200,Right,Black,
Endgame Gear XM2w,https://pcpartpicker.com/product/wp26Mp/endgame-gear-xm2w-wirelesswired-optical-mouse-egg-xm2w-wht,https://cdna.pcpartpicker.com/static/forever/images/product/a5e32c3929d0675aa77e96bcaa0cbc9c.256p.jpg,Optical,"Wired, Wireless",26000,Right,White,
ADATA XPG SLINGSHOT,https://pcpartpicker.com/product/kYQKHx/adata-xpg-slingshot-wired-optical-mouse-slingshot-whcww,/static/forever/img/no-image.png,Optical,Wired,12000,Right,White,
ADATA XPG SLINGSHOT,https://pcpartpicker.com/product/rK26Mp/adata-xpg-slingshot-wired-optical-mouse-slingshot-pkcww,/static/forever/img/no-image.png,Optical,Wired,12000,Right,Pink,
ADATA XPG SLINGSHOT Mera,https://pcpartpicker.com/product/2Pgrxr/adata-xpg-slingshot-mera-wired-optical-mouse-slingshot-bkogcww,/static/forever/img/no-image.png,Optical,Wired,12000,Right,Orange / Black,
Logitech M590,https://pcpartpicker.com/product/RHXYcf/logitech-m590-bluetoothwireless-optical-mouse-910-005014,https://m.media-amazon.com/images/I/31drxliQisL.jpg,Optical,"Wireless, Bluetooth Wireless",1000,Right,Black,
Macally DYNAMOUSE,https://pcpartpicker.com/product/6fV2FT/macally-dynamouse-wired-optical-mouse-dynamouse,https://cdna.pcpartpicker.com/static/forever/images/product/2b51182231f4d4748a8a8a2907026f15.256p.jpg,Optical,Wired,1600,Both,White / Silver,19.99
Macally DYNAMOUSE,https://pcpartpicker.com/product/WsMMnQ/macally-dynamouse-wired-optical-mouse-dynamouseb,https://m.media-amazon.com/images/I/31Y5DyyLNgL.jpg,Optical,Wired,1600,Both,Black,
Macally DYNAMOUSE,https://pcpartpicker.com/product/bYfxFT/macally-dynamouse-wired-optical-mouse-dynamousesg,https://m.media-amazon.com/images/I/31aQGLxBEfL.jpg,Optical,Wired,1600,Both,Black / Silver,19.99
Deepcool MG350,https://pcpartpicker.com/product/wvM48d/deepcool-mg350-wired-optical-mouse-r-mg350-bkdunn-g,https://cdna.pcpartpicker.com/static/forever/images/product/15811489216c63308f115cc1853e1cb5.256p.jpg,Optical,Wired,16000,Right,Black / Cyan,
Logitech M650 L LEFT,https://pcpartpicker.com/product/DLfxFT/logitech-m650-l-left-bluetoothwireless-optical-mouse-910-006239,https://cdna.pcpartpicker.com/static/forever/images/product/22d0a6e40e0634a85ddb8a1140db5d93.256p.jpg,Optical,"Wireless, Bluetooth Wireless",4000,Left,Black,
Keychron M1,https://pcpartpicker.com/product/L6xxFT/keychron-m1-bluetoothwirelesswired-optical-mouse-mskcm1a5wh,/static/forever/img/no-image.png,Optical,"Wired, Wireless, Bluetooth Wireless",26000,Right,White,
NZXT Lift,https://pcpartpicker.com/product/tkyH99/nzxt-lift-wired-optical-mouse-ms-1wrab-wm,https://cdna.pcpartpicker.com/static/forever/images/product/abca953972d97f45d49a253fa2553dda.256p.jpg,Optical,Wired,16000,Right,White / Blue,
NZXT Lift,https://pcpartpicker.com/product/gZP8TW/nzxt-lift-wired-optical-mouse-ms-1wrac-wm,https://cdna.pcpartpicker.com/static/forever/images/product/2301e472eb66b703fc505c4e102e2b51.256p.jpg,Optical,Wired,16000,Right,White / Cyan,
NZXT Lift,https://pcpartpicker.com/product/KnFmP6/nzxt-lift-wired-optical-mouse-ms-1wrar-wm,https://cdna.pcpartpicker.com/static/forever/images/product/92b07121f9022a2a56e6c2577c364c8e.256p.jpg,Optical,Wired,16000,Right,White / Red,
NZXT Lift,https://pcpartpicker.com/product/QwFmP6/nzxt-lift-wired-optical-mouse-ms-1wray-wm,https://cdna.pcpartpicker.com/static/forever/images/product/25419fe8eb3c82edee53b4a6f9e6c3d4.256p.jpg,Optical,Wired,16000,Right,White / Yellow,
Keychron M3 Mini 4k,https://pcpartpicker.com/product/h8vD4D/keychron-m3-mini-4k-wiredbluetoothwireless-optical-mouse-m3m-a4,https://cdna.pcpartpicker.com/static/forever/images/product/d366196f67183c1d561eff0ccb28c7d5.256p.jpg,Optical,"Wired, Wireless, Bluetooth Wireless",26000,Right,Black,
Logitech POP Nightfall,https://pcpartpicker.com/product/f6dG3C/logitech-pop-nightfall-bluetoothwireless-optical-mouse-910-007165,https://cdna.pcpartpicker.com/static/forever/images/product/6e43a78e07d8aced26e00779a3dce16e.256p.jpg,Optical,"Wireless, Bluetooth Wireless",4000,Both,Black,27.02
Keychron M3 4K,https://pcpartpicker.com/product/P9QKHx/keychron-m3-4k-bluetoothwirelesswired-optical-mouse-m3-a4,https://cdna.pcpartpicker.com/static/forever/images/product/6408ac3a98692cfdc318f9570016d486.256p.jpg,Optical,"Wired, Wireless, Bluetooth Wireless",26000,Right,Black,
Pulsar X2V2 Mini,https://pcpartpicker.com/product/3dYRsY/pulsar-x2v2-mini-bluetoothwirelesswired-optical-mouse-px2213,/static/forever/img/no-image.png,Optical,"Wired, Wireless, Bluetooth Wireless",26000,Right,Red,
Pulsar X2V2,https://pcpartpicker.com/product/KkP8TW/pulsar-x2v2-bluetoothwirelesswired-optical-mouse-px2223,/static/forever/img/no-image.png,Optical,"Wired, Wireless, Bluetooth Wireless",26000,Right,Red,
Pulsar X2V2,https://pcpartpicker.com/product/qW88TW/pulsar-x2v2-bluetoothwirelesswired-optical-mouse-px2222,/static/forever/img/no-image.png,Optical,"Wired, Wireless, Bluetooth Wireless",26000,Right,White,
Pulsar X2H,https://pcpartpicker.com/product/7ZKscf/pulsar-x2h-bluetoothwirelesswired-optical-mouse-px2h22,/static/forever/img/no-image.png,Optical,"Wired, Wireless, Bluetooth Wireless",26000,Right,White,
Pulsar X2H,https://pcpartpicker.com/product/VCV2FT/pulsar-x2h-bluetoothwirelesswired-optical-mouse-px2h23,/static/forever/img/no-image.png,Optical,"Wired, Wireless, Bluetooth Wireless",26000,Right,Red,
Pulsar X2H Mini,https://pcpartpicker.com/product/xtBzK8/pulsar-x2h-mini-bluetoothwirelesswired-optical-mouse-px2h13,/static/forever/img/no-image.png,Optical,"Wired, Wireless, Bluetooth Wireless",26000,Right,Red,
Cooler Master MM311,https://pcpartpicker.com/product/QNGhP6/cooler-master-mm311-wirelesswired-optical-mouse-mm-311-kkow1,https://cdna.pcpartpicker.com/static/forever/images/product/bebc811fb6367802c92e136f310f4890.256p.jpg,Optical,"Wired, Wireless",10000,Right,Black,
Deepcool MC310,https://pcpartpicker.com/product/M7xRsY/deepcool-mc310-wired-optical-mouse-r-mc310-bkcunn-g,https://cdna.pcpartpicker.com/static/forever/images/product/5d023b2031c576317b04f64c96f3720f.256p.jpg,Optical,Wired,12800,Right,Black,
Deepcool MG510,https://pcpartpicker.com/product/Ds2WGX/deepcool-mg510-wiredwireless-optical-mouse-r-mg510-bkccnn-g,https://cdna.pcpartpicker.com/static/forever/images/product/9932ba27a35ea1bc10e39d5179955ef1.256p.jpg,Optical,"Wired, Wireless",19000,Right,Black,
Asus ROG Strix Impact II Electro Punk,https://pcpartpicker.com/product/rPdG3C/asus-rog-strix-impact-ii-electro-punk-wired-optical-mouse-90mp01u0-bmua00,https://cdna.pcpartpicker.com/static/forever/images/product/997c5f478ec71a9b02d11da3eba3f1d7.256p.jpg,Optical,Wired,6200,Right,Black,
Asus ROG Strix Impact II,https://pcpartpicker.com/product/7JPQzy/asus-rog-strix-impact-ii-wired-optical-mouse-90mp02c0-bmua00,https://cdna.pcpartpicker.com/static/forever/images/product/ea48e31b5866b796d045e8a9ca404e0a.256p.jpg,Optical,Wired,6200,Right,White,
Asus TUF GAMING M3,https://pcpartpicker.com/product/6wLFf7/asus-tuf-gaming-m3-wired-optical-mouse-p305tufgamingm3,https://m.media-amazon.com/images/I/31NqaE32QrL.jpg,Optical,Wired,7000,Right,,48.93
Corsair SCIMITAR PRO RGB,https://pcpartpicker.com/product/PJM48d/corsair-scimitar-pro-rgb-wired-optical-mouse-ch-9304311-na,https://cdna.pcpartpicker.com/static/forever/images/product/bb09cea13d33084e8c9f9b8327abad9d.256p.jpg,Optical,Wired,16000,Right,Black / Gray,
ADATA XPG PRIMER,https://pcpartpicker.com/product/Y2V2FT/adata-xpg-primer-wired-optical-mouse-primer-bkcww,https://m.media-amazon.com/images/I/31E6n8FagVL.jpg,Optical,Wired,12000,Right,Black,49.99
Adesso iMouse A10,https://pcpartpicker.com/product/tRDkcf/adesso-imouse-a10-wirelesswired-optical-mouse-imousea10,https://cdna.pcpartpicker.com/static/forever/images/product/2febf46b689863c0d7e79713d6ec09b1.256p.jpg,Optical,"Wired, Wireless",1600,Both,Silver / Black,28.99
Adesso iMouse A20,https://pcpartpicker.com/product/g4xbt6/adesso-imouse-a20-wirelesswired-optical-mouse-imousea20,https://cdna.pcpartpicker.com/static/forever/images/product/685c96b669b809f089c5e7261558a1a8.256p.jpg,Optical,"Wired, Wireless",2400,Right,Gray / Black,34.99
Adesso iMouse E3-TAA,https://pcpartpicker.com/product/gmvqqs/adesso-imouse-e3-taa-wirelesswired-optical-mouse-imousee3-taa,https://m.media-amazon.com/images/I/31vNmoVXcHL.jpg,Optical,"Wired, Wireless",2400,Right,Black,
Adesso iMouse E7-TAA,https://pcpartpicker.com/product/qy7p99/adesso-imouse-e7-taa-wired-optical-mouse-imousee7-taa,https://cdna.pcpartpicker.com/static/forever/images/product/25e4a5cb48bc1c21589c0863d1e7f550.256p.jpg,Optical,Wired,2400,Right,Black,
Adesso iMouse P10,https://pcpartpicker.com/product/dG8bt6/adesso-imouse-p10-wirelesswired-laser-mouse-imousep10,https://m.media-amazon.com/images/I/31oRsEYtDDL.jpg,Laser,"Wired, Wireless",800,Both,Silver / Gray,29.99
AZIO RM-RCM-L-03,https://pcpartpicker.com/product/2sYmP6/azio-rm-rcm-l-03-bluetoothwirelesswired-optical-mouse-rm-rcm-l-03,https://m.media-amazon.com/images/I/419dKIgKMiL.jpg,Optical,"Wired, Wireless, Bluetooth Wireless",3000,Both,Black / Pink,95.90
AZIO RM-RCM-L-06,https://pcpartpicker.com/product/MgyH99/azio-rm-rcm-l-06-bluetoothwirelesswired-optical-mouse-rm-rcm-l-06,https://m.media-amazon.com/images/I/31Vtxdn3lmL.jpg,Optical,"Wired, Wireless, Bluetooth Wireless",3000,Both,White / Silver,104.99
Zowie S2,https://pcpartpicker.com/product/7WXV3C/zowie-s2-wired-optical-mouse-9hn32bba3e,/static/forever/img/no-image.png,Optical,Wired,3200,Right,White,
Verbatim Retractable,https://pcpartpicker.com/product/TBjRsY/verbatim-retractable-wired-optical-mouse-70753,https://cdna.pcpartpicker.com/static/forever/images/product/4907144a4a4dfdb6fe9f1ebd446fa415.256p.jpg,Optical,Wired,1000,Both,Blue / Gray,
Verbatim Retractable,https://pcpartpicker.com/product/zKpQzy/verbatim-retractable-wired-optical-mouse-70751,https://cdna.pcpartpicker.com/static/forever/images/product/2d33b523b525abb28ad12f9455a453e2.256p.jpg,Optical,Wired,1000,Both,Black / Gray,
Verbatim Retractable,https://pcpartpicker.com/product/BDqrxr/verbatim-retractable-wired-optical-mouse-70752,https://cdna.pcpartpicker.com/static/forever/images/product/5f9cb851f7d53f8b3be5beb427e6dd30.256p.jpg,Optical,Wired,1000,Both,Red / Gray,
Verbatim 70706,https://pcpartpicker.com/product/k87p99/verbatim-70706-wireless-optical-mouse-70706,https://cdna.pcpartpicker.com/static/forever/images/product/d6c9f914d17e7abc3c8f5446f3536b6b.256p.jpg,Optical,Wireless,1000,Both,Red / Black,
Verbatim 70704,https://pcpartpicker.com/product/RVkgXL/verbatim-70704-wireless-optical-mouse-70704,https://cdna.pcpartpicker.com/static/forever/images/product/5893331809ddfb121301ce9f0ff3ab0b.256p.jpg,Optical,Wireless,1000,Both,Black,17.98
Verbatim 70750,https://pcpartpicker.com/product/ysXV3C/verbatim-70750-wirelessbluetooth-optical-mouse-70750,https://cdna.pcpartpicker.com/static/forever/images/product/dff5cb8546b20168884e69ae00598f37.256p.jpg,Optical,"Wireless, Bluetooth Wireless",,Both,Black,25.00
V7 MW150BT,https://pcpartpicker.com/product/rHxxFT/v7-mw150bt-bluetooth-optical-mouse-mw150bt,https://cdna.pcpartpicker.com/static/forever/images/product/414c11dbdcf2f89372a429a017bf4310.256p.jpg,Optical,Bluetooth Wireless,1000,Both,Black,
V7 MW650,https://pcpartpicker.com/product/fZM48d/v7-mw650-wireless-trackball-mw650,https://m.media-amazon.com/images/I/41KHqUnbsML.jpg,Trackball,Wireless,1200,Right,Black / Red,
V7 MW300,https://pcpartpicker.com/product/4t7G3C/v7-mw300-wireless-optical-mouse-mw300,https://cdna.pcpartpicker.com/static/forever/images/product/65b9a932939adc8e08035097d316578e.256p.jpg,Optical,Wireless,1600,Right,Black,
V7 MU300,https://pcpartpicker.com/product/jCNgXL/v7-mu300-wired-optical-mouse-mu300,https://cdna.pcpartpicker.com/static/forever/images/product/7ab52c3200a5aa6a227e77828f872504.256p.jpg,Optical,Wired,1600,Right,Black,
Thermaltake MOTLNWDOTBK01,https://pcpartpicker.com/product/pJXJ7P/thermaltake-motlnwdotbk01-wired-optical-mouse-motlnwdotbk01,https://m.media-amazon.com/images/I/41Lt5-lsn8L.jpg,Optical,Wired,3200,Right,Black / Red,
Dell MS3320W,https://pcpartpicker.com/product/JHK2FT/dell-ms3320w-wiredwirelessbluetooth-optical-mouse-ms3320w-gy,https://cdna.pcpartpicker.com/static/forever/images/product/3fb654bc1bb9d4cc2946da2a58bb7c13.256p.jpg,Optical,"Wired, Wireless, Bluetooth Wireless",1600,Both,Gray,
Dell MS5120W,https://pcpartpicker.com/product/p7H7YJ/dell-ms5120w-wiredwirelessbluetooth-optical-mouse-ms5120wblk,https://cdna.pcpartpicker.com/static/forever/images/product/396af2e74d1aa7f7131013e178b12ed0.256p.jpg,Optical,"Wired, Wireless, Bluetooth Wireless",1600,Both,Black,
Dell MS5120W,https://pcpartpicker.com/product/jfjBD3/dell-ms5120w-wiredwirelessbluetooth-optical-mouse-ms5120wgy,https://cdna.pcpartpicker.com/static/forever/images/product/efdb2dbb733b65d90b8e3b018d185312.256p.jpg,Optical,"Wired, Wireless, Bluetooth Wireless",1600,Both,Gray,33.99
Dell MS5320W,https://pcpartpicker.com/product/zBJgXL/dell-ms5320w-wirelesswiredbluetooth-optical-mouse-ms5320wgy,https://cdna.pcpartpicker.com/static/forever/images/product/8ee9004c7d767ddc6141ecda564a85b7.256p.jpg,Optical,"Wired, Wireless, Bluetooth Wireless",4000,Right,Gray,
HP 240,https://pcpartpicker.com/product/rrYRsY/hp-240-bluetooth-optical-mouse-43n04aaaba,https://cdna.pcpartpicker.com/static/forever/images/product/9f5cad6ef153b25793dc7f8fb41673ab.256p.jpg,Optical,Bluetooth Wireless,1600,Both,Silver / Black,24.99
HP 280 Silent,https://pcpartpicker.com/product/8NxxFT/hp-280-silent-wirelesswired-optical-mouse-19u64aaabl,https://cdna.pcpartpicker.com/static/forever/images/product/f00b3003f4cd33e3fd50007ceb3bbf45.256p.jpg,Optical,"Wired, Wireless",1200,Both,Black,
HP 635,https://pcpartpicker.com/product/yyvdnQ/hp-635-bluetoothwirelesswired-optical-mouse-1d0k2aaaba,https://m.media-amazon.com/images/I/31H+zUsxNoS.jpg,Optical,"Wired, Wireless, Bluetooth Wireless",3000,Right,Black,44.00
HP 935 Creator,https://pcpartpicker.com/product/kFNxFT/hp-935-creator-wiredbluetoothwireless-optical-mouse-1d0k8utaba,https://cdna.pcpartpicker.com/static/forever/images/product/7934719cb56ca74f532cea938aea4de9.256p.jpg,Optical,"Wired, Wireless, Bluetooth Wireless",3000,Right,Black,
HP 930 Creator,https://pcpartpicker.com/product/gmt9TW/hp-930-creator-bluetoothwirelesswired-optical-mouse-1d0k9aaabl,https://cdna.pcpartpicker.com/static/forever/images/product/a022e652432a6d7b24b066af50d27e17.256p.jpg,Optical,"Wired, Wireless, Bluetooth Wireless",4000,Right,Silver,
HP x3000,https://pcpartpicker.com/product/F84Zxr/hp-x3000-wiredwireless-optical-mouse-2c3m3aaaba,/static/forever/img/no-image.png,Optical,"Wired, Wireless",1600,Both,Black,
HP 430,https://pcpartpicker.com/product/cGFbt6/hp-430-wiredbluetoothwireless-optical-mouse-3b4q2aaabl,https://cdna.pcpartpicker.com/static/forever/images/product/18694291920fbfcd589a3145202bb4b8.256p.jpg,Optical,"Wired, Wireless, Bluetooth Wireless",4000,Right,Black,28.99
HP 435,https://pcpartpicker.com/product/Q3VmP6/hp-435-bluetoothwirelesswired-optical-mouse-3b4q5aaaba,https://cdna.pcpartpicker.com/static/forever/images/product/3bab39e04615dbb2a7e9034f03a4dbfd.256p.jpg,Optical,"Wired, Wireless, Bluetooth Wireless",4000,Right,Black,
HP 710,https://pcpartpicker.com/product/fTtLrH/hp-710-bluetoothwirelesswired-optical-mouse-6e6f2aaabl,https://cdna.pcpartpicker.com/static/forever/images/product/7c92e7c2cbbad86b86c83675dd236af1.256p.jpg,Optical,"Wired, Wireless, Bluetooth Wireless",3000,Right,Black,33.06
HP 285 Silent,https://pcpartpicker.com/product/9WVmP6/hp-285-silent-wirelesswired-optical-mouse-6g4e6aaabl,/static/forever/img/no-image.png,Optical,"Wired, Wireless",1200,Both,Black,
HP 425,https://pcpartpicker.com/product/nRCZxr/hp-425-bluetooth-optical-mouse-7m1d5aaaba,https://cdna.pcpartpicker.com/static/forever/images/product/f297fc537deacbeeb764255284c66d80.256p.jpg,Optical,Bluetooth Wireless,4000,Right,Black,33.98
HP Z3Q64AA,https://pcpartpicker.com/product/K488TW/hp-z3q64aa-wired-optical-mouse-z3q64aa,https://cdna.pcpartpicker.com/static/forever/images/product/22e2ca2524f5d3d04f9f4fee811d231d.256p.jpg,Optical,Wired,1600,Both,Black,
IOGEAR GME423,https://pcpartpicker.com/product/D8ZzK8/iogear-gme423-wired-optical-mouse-gme423,https://m.media-amazon.com/images/I/21kZJcrix0L.jpg,Optical,Wired,1000,Both,Black,
Kensington SimpleSolutions,https://pcpartpicker.com/product/J33gXL/kensington-simplesolutions-wired-optical-mouse-k55114ww,https://m.media-amazon.com/images/I/21w7kL99kBL.jpg,Optical,Wired,1600,Both,Black,12.99
Targus AMU81AMUSZ,https://pcpartpicker.com/product/LvH7YJ/targus-amu81amusz-wired-optical-mouse-amu81amusz,https://cdna.pcpartpicker.com/static/forever/images/product/ba6a686532984cec3bcd0e1af64fada3.256p.jpg,Optical,Wired,1000,Both,Black,
Targus AMB582GL,https://pcpartpicker.com/product/7LgFf7/targus-amb582gl-bluetoothwireless-optical-mouse-amb582gl,https://cdna.pcpartpicker.com/static/forever/images/product/772fefb521e2cfd87efb200766a74741.256p.jpg,Optical,"Wireless, Bluetooth Wireless",2400,Right,Black,22.95
Kensington Orbit,https://pcpartpicker.com/product/DQvdnQ/kensington-orbit-wiredwirelessbluetooth-optical-mouse-k70990ww,https://m.media-amazon.com/images/I/31yYpq76DPL.jpg,Optical,"Wired, Wireless, Bluetooth Wireless",1600,Both,Black,45.18
Swiftpoint ErgoPoint,https://pcpartpicker.com/product/LYytt6/swiftpoint-ergopoint-wireless-optical-mouse-sm800,/static/forever/img/no-image.png,Optical,Wireless,,Right,Black / Blue,
Kensington Pro Fit Ergo,https://pcpartpicker.com/product/dGnypg/kensington-pro-fit-ergo-wired-optical-mouse-k75256ww,https://cdna.pcpartpicker.com/static/forever/images/product/5b2b56861f740c646ec6bd832dd989a9.256p.jpg,Optical,Wired,800,Right,Black / Red,
Kensington Pro Fit Ergo,https://pcpartpicker.com/product/G4YmP6/kensington-pro-fit-ergo-wirelesswired-optical-mouse-k75263ww,https://m.media-amazon.com/images/I/31N+aysylvL.jpg,Optical,"Wired, Wireless",800,Right,White,
Kensington Pro Fit Ergo,https://pcpartpicker.com/product/Qjvqqs/kensington-pro-fit-ergo-bluetoothwirelesswired-optical-mouse-k75326ww,https://cdna.pcpartpicker.com/static/forever/images/product/6a11e7033683e3662a1b708937e5621f.256p.jpg,Optical,"Wired, Wireless, Bluetooth Wireless",,Right,Black / Red,
Kensington SureTrack,https://pcpartpicker.com/product/kyGnTW/kensington-suretrack-bluetoothwirelesswired-optical-mouse-k75350ww,https://cdna.pcpartpicker.com/static/forever/images/product/846d9221b68f28c1631c7217337cda46.256p.jpg,Optical,"Wired, Wireless, Bluetooth Wireless",4000,Both,Blue,19.98
Kensington SureTrack,https://pcpartpicker.com/product/rhCFf7/kensington-suretrack-bluetoothwirelesswired-optical-mouse-k75351ww,https://cdna.pcpartpicker.com/static/forever/images/product/2115311939d5fbcb5078e5a67206ca3f.256p.jpg,Optical,"Wired, Wireless, Bluetooth Wireless",4000,Both,Gray,20.97
Kensington Pro Fit,https://pcpartpicker.com/product/9PPgXL/kensington-pro-fit-wirelesswired-optical-mouse-k72422us,https://cdna.pcpartpicker.com/static/forever/images/product/cbccedd1eb842d7d464862ec57b46fe4.256p.jpg,Optical,"Wired, Wireless",1750,Right,Red,27.98
Kensington Pro Fit,https://pcpartpicker.com/product/VRDkcf/kensington-pro-fit-wiredwireless-optical-mouse-k72423us,https://cdna.pcpartpicker.com/static/forever/images/product/57f1d5177fddbe1ccdcb664fcd6051dc.256p.jpg,Optical,"Wired, Wireless",1750,Right,Gray,27.98
Kensington Pro Fit,https://pcpartpicker.com/product/8swkcf/kensington-pro-fit-wirelesswired-optical-mouse-k72424us,https://cdna.pcpartpicker.com/static/forever/images/product/735c668c29cb62dcbd851961183d44a5.256p.jpg,Optical,"Wired, Wireless",1750,Right,Green,33.37
Kensington Pro Fit Ergo,https://pcpartpicker.com/product/B6wypg/kensington-pro-fit-ergo-wiredwireless-optical-mouse-k79810ww,https://cdna.pcpartpicker.com/static/forever/images/product/096ddd92c00dbb9776f48f1aaa3cb190.256p.jpg,Optical,"Wired, Wireless",1600,Left,Black,35.99
Lenovo Go,https://pcpartpicker.com/product/NFP8TW/lenovo-go-wiredwireless-optical-mouse-gy51c33980,https://cdna.pcpartpicker.com/static/forever/images/product/2d58f8237f654cf42dc1792661558c40.256p.jpg,Optical,"Wired, Wireless",2400,Right,Black / Brown,
Logitech M317 Blue Aurora,https://pcpartpicker.com/product/BvkWGX/logitech-m317-blue-aurora-wirelesswired-optical-mouse-910-006118,https://cdna.pcpartpicker.com/static/forever/images/product/26bd6c175e3ff979e4da15d08b8f23e8.256p.jpg,Optical,"Wired, Wireless",1000,Both,Blue / Black,11.50
Logitech M317 Bamboo Dream,https://pcpartpicker.com/product/6YFbt6/logitech-m317-bamboo-dream-wirelesswired-optical-mouse-910-006614,/static/forever/img/no-image.png,Optical,"Wired, Wireless",1000,Both,White / Gold,
Logitech M317 Summer Breeze,https://pcpartpicker.com/product/jH4Zxr/logitech-m317-summer-breeze-wirelesswired-optical-mouse-910-007056,https://m.media-amazon.com/images/I/41D3bl4gZDL.jpg,Optical,"Wired, Wireless",1000,Both,Blue / Green,54.95
Logitech M317 Forest Flora,https://pcpartpicker.com/product/t4WzK8/logitech-m317-forest-flora-wirelesswired-optical-mouse-910-006552,https://cdna.pcpartpicker.com/static/forever/images/product/b684b6856e14d318747062d4bd3226af.256p.jpg,Optical,"Wired, Wireless",1000,Both,Blue / Pink,17.99
Logitech M317,https://pcpartpicker.com/product/TTNxFT/logitech-m317-wirelesswired-optical-mouse-910-004020,https://m.media-amazon.com/images/I/41wp2eb220L.jpg,Optical,"Wired, Wireless",,Both,White / Purple,35.90
Logitech M317C,https://pcpartpicker.com/product/CjbTwP/logitech-m317c-wirelesswired-optical-mouse-910-005668,https://cdna.pcpartpicker.com/static/forever/images/product/4d1315bbb2cc2c7f6a0921a67c881b48.256p.jpg,Optical,"Wired, Wireless",,Both,Blue / Black,
Logitech M317 Golden Garden,https://pcpartpicker.com/product/4zzhP6/logitech-m317-golden-garden-wirelesswired-optical-mouse-910-006115,/static/forever/img/no-image.png,Optical,"Wired, Wireless",,Both,Green / Gold,
Logitech 910-002901,https://pcpartpicker.com/product/Bsnypg/logitech-910-002901-wirelesswired-optical-mouse-910-002901,https://cdna.pcpartpicker.com/static/forever/images/product/434c9cd8b19e3b6425fc6c8f7e2ad350.256p.jpg,Optical,"Wired, Wireless",1000,Both,Blue,14.99
Logitech 910-002893,https://pcpartpicker.com/product/X7gFf7/logitech-910-002893-wirelesswired-optical-mouse-910-002893,https://cdna.pcpartpicker.com/static/forever/images/product/7d14025e197a3917500ff33ad3d6f2d6.256p.jpg,Optical,"Wired, Wireless",1000,Both,Red,17.98
Logitech M187,https://pcpartpicker.com/product/9bQcCJ/logitech-m187-wirelesswired-optical-mouse-910-004841,/static/forever/img/no-image.png,Optical,"Wired, Wireless",1000,Both,Black / White,
Logitech M187,https://pcpartpicker.com/product/MLLdnQ/logitech-m187-wirelesswired-optical-mouse-910-005363,https://m.media-amazon.com/images/I/41YkhS+C-NL.jpg,Optical,"Wired, Wireless",1000,Both,Teal / Blue,
Logitech M187,https://pcpartpicker.com/product/DGYRsY/logitech-m187-wirelesswired-optical-mouse-910-005364,https://cdna.pcpartpicker.com/static/forever/images/product/e6c63bc267a0a224c3e11ab84ec112e4.256p.jpg,Optical,"Wired, Wireless",1000,Both,Pink / Teal,
Logitech M220 Silent,https://pcpartpicker.com/product/GgkWGX/logitech-m220-silient-wirelesswired-optical-mouse-910-006125,https://cdna.pcpartpicker.com/static/forever/images/product/5dc5c96bb03ad0f7276303a407ef6ac0.256p.jpg,Optical,"Wired, Wireless",1000,Both,White,
Logitech M220 Silent,https://pcpartpicker.com/product/PR9wrH/logitech-m220-silient-wirelesswired-optical-mouse-910-004879,https://cdna.pcpartpicker.com/static/forever/images/product/b17ca2d9b0877b1a74281d5d218f4f8d.256p.jpg,Optical,"Wired, Wireless",1000,Both,Blue / Black,
Logitech M220 Silent,https://pcpartpicker.com/product/J6grxr/logitech-m220-silient-wirelesswired-optical-mouse-910-004880,https://cdna.pcpartpicker.com/static/forever/images/product/c9b6df053be43dd6463787ab4f1b632c.256p.jpg,Optical,"Wired, Wireless",1000,Both,Red / Black,
Logitech PEBBLE M350,https://pcpartpicker.com/product/RbBG3C/logitech-pebble-m350-bluetoothwirelesswired-optical-mouse-910-006658,https://cdna.pcpartpicker.com/static/forever/images/product/89daca83d69f07c1df8172a4a3e90ae2.256p.jpg,Optical,"Wired, Wireless, Bluetooth Wireless",1000,Both,Gray,29.90
Logitech PEBBLE M350,https://pcpartpicker.com/product/9QXJ7P/logitech-pebble-m350-bluetoothwirelesswired-optical-mouse-910-006659,https://cdna.pcpartpicker.com/static/forever/images/product/006286559397599eedc33f00d3dc71ea.256p.jpg,Optical,"Wired, Wireless, Bluetooth Wireless",1000,Both,Purple / Yellow,
Logitech PEBBLE M350,https://pcpartpicker.com/product/9F7p99/logitech-pebble-m350-bluetoothwirelesswired-optical-mouse-910-005770,https://m.media-amazon.com/images/I/312ywC2cBOL.jpg,Optical,"Wired, Wireless, Bluetooth Wireless",1000,Both,White,
Logitech M325S,https://pcpartpicker.com/product/WPt9TW/logitech-m325s-wired-optical-mouse-910-006826,https://cdna.pcpartpicker.com/static/forever/images/product/a1eb41372b62d9061d974b568a67d6d9.256p.jpg,Optical,Wired,1000,Both,Purple,
Logitech M325S,https://pcpartpicker.com/product/6mytt6/logitech-m325s-wirelesswired-optical-mouse-910-006828,https://cdna.pcpartpicker.com/static/forever/images/product/9e7017ace917cf24de963cdd55f3e392.256p.jpg,Optical,"Wired, Wireless",1000,Both,Multicolor / Black,15.84
Logitech MX ANYWHERE 2S,https://pcpartpicker.com/product/bq88TW/logitech-mx-anywhere-2s-bluetoothwirelesswired-laser-mouse-910-005152,https://m.media-amazon.com/images/I/31-xzCoSrVL.jpg,Laser,"Wired, Wireless, Bluetooth Wireless",4000,Right,White,
Logitech Lift for Business,https://pcpartpicker.com/product/gdBG3C/logitech-lift-for-business-wirelesswiredbluetooth-optical-mouse-910-006491,https://cdna.pcpartpicker.com/static/forever/images/product/b16fd32c54c8e7742bd9e9cebad0772a.256p.jpg,Optical,"Wired, Wireless, Bluetooth Wireless",4000,Right,Black,74.89
Logitech Lift for Business,https://pcpartpicker.com/product/WxJgXL/logitech-lift-for-business-wirelesswiredbluetooth-optical-mouse-910-006493,https://cdna.pcpartpicker.com/static/forever/images/product/3f39fcd2c14e593c694097cab6ac54dc.256p.jpg,Optical,"Wired, Wireless, Bluetooth Wireless",4000,Right,White,
Logitech MX Anywhere 3S for Business,https://pcpartpicker.com/product/x3grxr/logitech-mx-anywhere-3s-for-business-bluetoothwirelesswired-laser-mouse-910-006957,https://cdna.pcpartpicker.com/static/forever/images/product/1dbf82276568222202562d2cdb08c488.256p.jpg,Laser,"Wired, Wireless, Bluetooth Wireless",8000,Right,White,
Logitech 910005869,https://pcpartpicker.com/product/BP3gXL/logitech-910005869-bluetoothwirelesswired-optical-mouse-910005869,https://cdna.pcpartpicker.com/static/forever/images/product/73c635fcd2349f1deceab903044dd85b.256p.jpg,Optical,"Wired, Wireless, Bluetooth Wireless",2000,Right,Black,
Samsung EJ-M3400DSEGUS,https://pcpartpicker.com/product/hqhv6h/samsung-ej-m3400dsegus-bluetooth-laser-mouse-ej-m3400dsegus,https://cdna.pcpartpicker.com/static/forever/images/product/23403cf8d5a69087212e16694bb2e979.256p.jpg,Laser,Bluetooth Wireless,,Right,Silver,
Samsung EJ-M3400DBEGUS,https://pcpartpicker.com/product/BGXV3C/samsung-ej-m3400dbegus-bluetooth-laser-mouse-ej-m3400dbegus,https://cdna.pcpartpicker.com/static/forever/images/product/4fe8344148d7456f039f43b25b46de06.256p.jpg,Laser,Bluetooth Wireless,,,Black,
ROCCAT Kain 100 AIMO,https://pcpartpicker.com/product/XGyqqs/roccat-kain-100-aimo-wired-optical-mouse-roc-11-610-we,https://m.media-amazon.com/images/I/31K9rNSwedL.jpg,Optical,Wired,8500,Right,White / Black,
ROCCAT Kain 120 AIMO,https://pcpartpicker.com/product/fVkgXL/roccat-kain-120-aimo-wired-optical-mouse-roc-11-612-we,https://m.media-amazon.com/images/I/31+sMnfsXKL.jpg,Optical,Wired,16000,Right,White / Black,
Mad Catz M.O.J.O. M1,https://pcpartpicker.com/product/3gJgXL/mad-catz-mojo-m1-wired-optical-mouse-mm04dcinbl00,https://cdna.pcpartpicker.com/static/forever/images/product/d5d57b12fd3df92c21b9dfeb9e432f4b.256p.jpg,Optical,Wired,12000,Right,Black,
Mad Catz R.A.T. 8+,https://pcpartpicker.com/product/6BXYcf/mad-catz-rat-8-wired-optical-mouse-mr05dcamwh00,https://m.media-amazon.com/images/I/31XZoR6tRwS.jpg,Optical,Wired,16000,Right,White / Black,
Microsoft 22200001,https://pcpartpicker.com/product/ZxLwrH/microsoft-22200001-bluetoothwirelesswired-optical-mouse-22200001,https://cdna.pcpartpicker.com/static/forever/images/product/3ca60f1ee8e2cfd7ca9d5ba551a41fd0.256p.jpg,Optical,"Wired, Wireless, Bluetooth Wireless",2400,Right,Black,
Microsoft 22200049,https://pcpartpicker.com/product/32gQzy/microsoft-22200049-bluetoothwirelesswired-optical-mouse-22200049,https://cdna.pcpartpicker.com/static/forever/images/product/20fc997106e726f1f25f5aab92c9df9b.256p.jpg,Optical,"Wired, Wireless, Bluetooth Wireless",2400,Right,Blue,59.99
Microsoft 222-00033,https://pcpartpicker.com/product/f2XYcf/microsoft-222-00033-bluetoothwirelesswired-optical-mouse-222-00033,https://cdna.pcpartpicker.com/static/forever/images/product/1cc8f43fdc8b565defc427dbb96a88bc.256p.jpg,Optical,"Wired, Wireless, Bluetooth Wireless",2400,Right,Orange,59.99
Microsoft 8KX-00001,https://pcpartpicker.com/product/jTYmP6/microsoft-8kx-00001-bluetoothwirelesswired-optical-mouse-8kx-00001,https://cdna.pcpartpicker.com/static/forever/images/product/716dd890ab5692d5b4d962fc8f710f49.256p.jpg,Optical,"Wired, Wireless, Bluetooth Wireless",1000,Both,White / Gray,
Microsoft 8KX-00003,https://pcpartpicker.com/product/z4M48d/microsoft-8kx-00003-bluetoothwirelesswired-optical-mouse-8kx-00003,https://m.media-amazon.com/images/I/31AzWcyD+fL.jpg,Optical,"Wired, Wireless, Bluetooth Wireless",1000,Both,Green,
Microsoft 8KX-00002,https://pcpartpicker.com/product/FJDQzy/microsoft-8kx-00002-bluetoothwirelesswired-optical-mouse-8kx-00002,https://m.media-amazon.com/images/I/31rOpg4dxNL.jpg,Optical,"Wired, Wireless, Bluetooth Wireless",1000,Both,Blue,
Microsoft Ocean Plastic,https://pcpartpicker.com/product/ZtddnQ/microsoft-ocean-plastic-wirelesswiredbluetooth-optical-mouse-i38-00013,https://m.media-amazon.com/images/I/31S9Rkdb1rL.jpg,Optical,"Wired, Wireless, Bluetooth Wireless",1000,Both,White / Teal,
Microsoft KGY-00064,https://pcpartpicker.com/product/T3rYcf/microsoft-kgy-00064-bluetooth-optical-mouse-kgy-00064,https://m.media-amazon.com/images/I/21TZXyWoRNL.jpg,Optical,Bluetooth Wireless,1800,Both,Pink,
Microsoft KGZ00041,https://pcpartpicker.com/product/6HC48d/microsoft-kgz00041-bluetooth-optical-mouse-kgz00041,https://cdna.pcpartpicker.com/static/forever/images/product/972ce650a9d0b6a2243b8a9f9c6a9b9a.256p.jpg,Optical,Bluetooth Wireless,1800,Both,Blue,
Microsoft KGZ00051,https://pcpartpicker.com/product/9fvdnQ/microsoft-kgz00051-bluetooth-optical-mouse-kgz00051,/static/forever/img/no-image.png,Optical,Bluetooth Wireless,1800,Both,Red,
Microsoft Modern Mobile,https://pcpartpicker.com/product/vmnypg/microsoft-modern-mobile-bluetoothwirelesswired-optical-mouse-ktf-00069,https://m.media-amazon.com/images/I/21OrmvMZCuL.jpg,Optical,"Wired, Wireless, Bluetooth Wireless",2000,Both,Blue,
Microsoft Modern Mobile,https://pcpartpicker.com/product/9VhmP6/microsoft-modern-mobile-bluetoothwirelesswired-optical-mouse-ktf00056,https://cdna.pcpartpicker.com/static/forever/images/product/fa9ca1569620e9404ba9ab6ed071c590.256p.jpg,Optical,"Wired, Wireless, Bluetooth Wireless",2000,Both,White,
Microsoft Modern Mobile,https://pcpartpicker.com/product/GGgFf7/microsoft-modern-mobile-bluetoothwirelesswired-optical-mouse-ktf-00013,https://cdna.pcpartpicker.com/static/forever/images/product/17460f550115cf938738ae734c64b6f7.256p.jpg,Optical,"Wired, Wireless, Bluetooth Wireless",2000,Both,Green,
Microsoft Modern Mobile,https://pcpartpicker.com/product/tHK2FT/microsoft-modern-mobile-bluetoothwirelesswired-optical-mouse-ktf-00028,https://cdna.pcpartpicker.com/static/forever/images/product/847507662e79c7ea31dd2ad13647985c.256p.jpg,Optical,"Wired, Wireless, Bluetooth Wireless",2000,Both,Orange,
Microsoft Modern Mobile,https://pcpartpicker.com/product/pWCFf7/microsoft-modern-mobile-bluetoothwirelesswired-optical-mouse-ktf-00016,https://cdna.pcpartpicker.com/static/forever/images/product/9220d8ba4070acabd78f5f593dc0caf2.256p.jpg,Optical,"Wired, Wireless, Bluetooth Wireless",2000,Both,Blue,
Microsoft Modern Mobile,https://pcpartpicker.com/product/gKRgXL/microsoft-modern-mobile-bluetoothwirelesswired-optical-mouse-ktf-00040,https://m.media-amazon.com/images/I/31Wne3Dlv+L.jpg,Optical,"Wired, Wireless, Bluetooth Wireless",2000,Both,Black,
Microsoft RJN-00061,https://pcpartpicker.com/product/dY3mP6/microsoft-rjn-00061-bluetooth-optical-mouse-rjn-00061,https://m.media-amazon.com/images/I/31+VU8Z73mL.jpg,Optical,Bluetooth Wireless,1000,Both,White,
Mionix Avior Pro,https://pcpartpicker.com/product/JHt9TW/mionix-avior-pro-wired-optical-mouse-avior-pro,https://m.media-amazon.com/images/I/21XeH9WFnbL.jpg,Optical,Wired,19000,Right,Black,
Mionix NAOS QG,https://pcpartpicker.com/product/XGzhP6/mionix-naos-qg-wired-optical-mouse-mnx-01-26003-g,https://m.media-amazon.com/images/I/21qv7Q2O4ZL.jpg,Optical,Wired,12000,Right,Black,
Mionix NAOS PRO,https://pcpartpicker.com/product/hJWzK8/mionix-naos-pro-wired-optical-mouse-naos-pro,https://m.media-amazon.com/images/I/31dn2qwl-QL.jpg,Optical,Wired,19000,Right,Black,
MSI Glutch GM41 Lightweight,https://pcpartpicker.com/product/RW3gXL/msi-glutch-gm41-lightweight-wired-optical-mouse-s12-0401860-c54-ww,/static/forever/img/no-image.png,Optical,Wired,16000,Right,Black,
MSI Clutch GM31 Lightweight,https://pcpartpicker.com/product/8P3NnQ/msi-clutch-gm31-lightweight-wired-optical-mouse-s12-4300980-cla-ww,https://cdna.pcpartpicker.com/static/forever/images/product/85b0c0b56ea08cd4b9291fe1096cb3e8.256p.jpg,Optical,Wired,12000,Right,Black,
NZXT Lift 2 Starfield,https://pcpartpicker.com/product/gsFmP6/nzxt-lift-2-starfield-wired-optical-mouse-ms-001nw-04-fs,https://cdna.pcpartpicker.com/static/forever/images/product/c0b487154c9ac51d219f8e438637a4c7.256p.jpg,Optical,Wired,26000,Right,White / Blue,
Corsair M75 AIR Launch Edition,https://pcpartpicker.com/product/9NwmP6/corsair-m75-air-launch-edition-wirelesswiredbluetooth-optical-mouse-ch-931da03-na,https://cdna.pcpartpicker.com/static/forever/images/product/5b3d100203f7b3f8127214bcf705de2b.256p.jpg,Optical,"Wired, Wireless, Bluetooth Wireless",26000,Right,Yellow,
YEYIAN Gram 2000,https://pcpartpicker.com/product/pDsV3C/yeyian-gram-2000-wired-optical-mouse-ymg-24111b,https://m.media-amazon.com/images/I/41QdxUt-+wL.jpg,Optical,Wired,1000,Right,White,
YEYIAN Links 3000,https://pcpartpicker.com/product/C4V2FT/yeyian-links-3000-wired-optical-mouse-ymg-24311,https://m.media-amazon.com/images/I/31pUQQ3-VaL.jpg,Optical,Wired,7200,Right,White,
YEYIAN Gram 2000,https://pcpartpicker.com/product/wydG3C/yeyian-gram-2000-wired-optical-mouse-ymg-24110n,https://m.media-amazon.com/images/I/41XDMX293NL.jpg,Optical,Wired,10000,Right,Black,
YEYIAN Sabre 1000,https://pcpartpicker.com/product/gZ7scf/yeyian-sabre-1000-wired-optical-mouse-mo1000,https://cdna.pcpartpicker.com/static/forever/images/product/b2640942f37505568d47e7ea11e2b8dc.256p.jpg,Optical,Wired,3200,Right,Black,
YEYIAN Claymore 2000,https://pcpartpicker.com/product/qNwmP6/yeyian-claymore-2000-wired-optical-mouse-ymt-v70,https://m.media-amazon.com/images/I/31dVKy8n6sL.jpg,Optical,Wired,12000,Right,Black,
YEYIAN Claymore 2001,https://pcpartpicker.com/product/KnBzK8/yeyian-claymore-2001-wired-optical-mouse-mo2001,https://cdna.pcpartpicker.com/static/forever/images/product/75e34ed7f76e53514f639c5e527eb279.256p.jpg,Optical,Wired,12000,Right,Black,
YEYIAN Sabre 1002,https://pcpartpicker.com/product/QwvD4D/yeyian-sabre-1002-wired-optical-mouse-mo1002,https://cdna.pcpartpicker.com/static/forever/images/product/995c6b08a83db0dee279eb00c5b7c5d8.256p.jpg,Optical,Wired,3200,Right,Black,
YEYIAN Sabre 1001,https://pcpartpicker.com/product/FYKscf/yeyian-sabre-1001-wired-optical-mouse-mo1001,https://cdna.pcpartpicker.com/static/forever/images/product/c2c056389880dfe9980f8a4178680820.256p.jpg,Optical,Wired,3200,Right,Black,
YEYIAN Shift,https://pcpartpicker.com/product/Y2wmP6/yeyian-shift-wiredbluetoothwireless-optical-mouse-ygm-wwrb-01,https://cdna.pcpartpicker.com/static/forever/images/product/bbf89c833e2a1f43a89e189e1bb032d0.256p.jpg,Optical,"Wired, Wireless, Bluetooth Wireless",26000,Right,Black,
Endgame Gear OP1,https://pcpartpicker.com/product/zXcgXL/endgame-gear-op1-wired-optical-mouse-egg-op1-wht,https://cdna.pcpartpicker.com/static/forever/images/product/366d523e85a6361b39e0dfc5845fb4b5.256p.jpg,Optical,Wired,26000,Right,White,
GALAX HOF Ace M2,https://pcpartpicker.com/product/nrkH99/galax-hof-ace-m2-wirelesswired-optical-mouse-mghm2p708rg2bb,https://cdna.pcpartpicker.com/static/forever/images/product/0ae8b42ab71dde56c487a3f929bf8924.256p.jpg,Optical,"Wired, Wireless",38000,Right,Black,
GALAX HOF Ace M2,https://pcpartpicker.com/product/NjzXsY/galax-hof-ace-m2-wirelesswired-optical-mouse-mghm2p708rg2bw,https://cdna.pcpartpicker.com/static/forever/images/product/d1b7d8f5e579663688e67234f46bdab9.256p.jpg,Optical,"Wired, Wireless",38000,Right,White,
Keychron M1,https://pcpartpicker.com/product/j6vD4D/keychron-m1-wired-optical-mouse-39505561387097,/static/forever/img/no-image.png,Optical,Wired,16000,Both,White,
Pulsar X3 LHD Mini,https://pcpartpicker.com/product/X4qNnQ/pulsar-x3-lhd-mini-wirelesswired-optical-mouse-px3l12,https://cdna.pcpartpicker.com/static/forever/images/product/bf333eb6ade11ec74fda8ac2e8349235.256p.jpg,Optical,"Wired, Wireless",32000,Left,White,
MCHOSE A5 Pro,https://pcpartpicker.com/product/J2kqqs/mchose-a5-pro-wiredwireless-optical-mouse-mc-a5-2s,/static/forever/img/no-image.png,Optical,"Wired, Wireless",26000,Right,White,
MCHOSE A5 Pro Max,https://pcpartpicker.com/product/vCwD4D/mchose-a5-pro-max-wiredwirelessbluetooth-optical-mouse-a5-4sa,/static/forever/img/no-image.png,Optical,"Wired, Wireless, Bluetooth Wireless",26000,Right,White,
MCHOSE A5 Pro Max,https://pcpartpicker.com/product/Xph2FT/mchose-a5-pro-max-wiredwirelessbluetooth-optical-mouse-a5-5sa,/static/forever/img/no-image.png,Optical,"Wired, Wireless, Bluetooth Wireless",26000,Right,Black,
MCHOSE A5 Pro Max,https://pcpartpicker.com/product/hxfV3C/mchose-a5-pro-max-wiredwirelessbluetooth-optical-mouse-mc-a5-6s,/static/forever/img/no-image.png,Optical,"Wired, Wireless, Bluetooth Wireless",26000,Right,Yellow,
MCHOSE A5 Ultra,https://pcpartpicker.com/product/HLy8TW/mchose-a5-ultra-wiredwirelessbluetooth-optical-mouse-a5-7a,/static/forever/img/no-image.png,Optical,"Wired, Wireless, Bluetooth Wireless",26000,Right,Black,
MCHOSE A5 Ultra,https://pcpartpicker.com/product/pJwD4D/mchose-a5-ultra-wiredwirelessbluetooth-optical-mouse-a5-11sa,/static/forever/img/no-image.png,Optical,"Wired, Wireless, Bluetooth Wireless",26000,Right,Red,
MCHOSE A5 Ultra,https://pcpartpicker.com/product/qXfV3C/mchose-a5-ultra-wiredwirelessbluetooth-optical-mouse-a5-14sa,/static/forever/img/no-image.png,Optical,"Wired, Wireless, Bluetooth Wireless",26000,Right,Blue,
MCHOSE AX5,https://pcpartpicker.com/product/39KnTW/mchose-ax5-wiredwirelessbluetooth-optical-mouse-mc-ax5-13,/static/forever/img/no-image.png,Optical,"Wired, Wireless, Bluetooth Wireless",26000,Right,Black,
MCHOSE AX5 Pro,https://pcpartpicker.com/product/R6BFf7/mchose-ax5-pro-wiredwirelessbluetooth-optical-mouse-mc-ax5-2,/static/forever/img/no-image.png,Optical,"Wired, Wireless, Bluetooth Wireless",26000,Right,Black,
MCHOSE AX5 Pro,https://pcpartpicker.com/product/9ph2FT/mchose-ax5-pro-wiredwirelessbluetooth-optical-mouse-mc-ax5-14,/static/forever/img/no-image.png,Optical,"Wired, Wireless, Bluetooth Wireless",26000,Right,Black,
MCHOSE AX5 Pro,https://pcpartpicker.com/product/7H3WGX/mchose-ax5-pro-wiredwirelessbluetooth-optical-mouse-mc-ax5-15,/static/forever/img/no-image.png,Optical,"Wired, Wireless, Bluetooth Wireless",26000,Right,White,
MCHOSE AX5 Pro Max,https://pcpartpicker.com/product/VyFCmG/mchose-ax5-pro-max-wiredwirelessbluetooth-optical-mouse-mc-ax5-4,/static/forever/img/no-image.png,Optical,"Wired, Wireless, Bluetooth Wireless",26000,Right,Black,
MCHOSE AX5 Pro Max,https://pcpartpicker.com/product/mvRnTW/mchose-ax5-pro-max-wiredwirelessbluetooth-optical-mouse-ax5-5a,https://cdna.pcpartpicker.com/static/forever/images/product/3a40d103e9b7e593daffd8b7f8f74d96.256p.jpg,Optical,"Wired, Wireless, Bluetooth Wireless",26000,Right,Silver / Black,
MCHOSE AX5 Pro Max,https://pcpartpicker.com/product/8vRnTW/mchose-ax5-pro-max-wiredwirelessbluetooth-optical-mouse-mc-ax5-6,/static/forever/img/no-image.png,Optical,"Wired, Wireless, Bluetooth Wireless",26000,Right,Pink,
MCHOSE AX5 Pro Max,https://pcpartpicker.com/product/xjG2FT/mchose-ax5-pro-max-wiredwirelessbluetooth-optical-mouse-ax5-8a,/static/forever/img/no-image.png,Optical,"Wired, Wireless, Bluetooth Wireless",26000,Right,White,
MCHOSE AX5 Pro Max,https://pcpartpicker.com/product/ksKnTW/mchose-ax5-pro-max-wiredwirelessbluetooth-optical-mouse-mc-ax5-9,/static/forever/img/no-image.png,Optical,"Wired, Wireless, Bluetooth Wireless",26000,Right,Green / Black,
MCHOSE AX5 Pro Max,https://pcpartpicker.com/product/bDwD4D/mchose-ax5-pro-max-wiredwirelessbluetooth-optical-mouse-ax5-12a,https://cdna.pcpartpicker.com/static/forever/images/product/a8662faedf01613c7175eae2e1151165.256p.jpg,Optical,"Wired, Wireless, Bluetooth Wireless",26000,Right,Pink / Blue,
MCHOSE G3,https://pcpartpicker.com/product/jCwD4D/mchose-g3-wiredwirelessbluetooth-optical-mouse-g3-15a,/static/forever/img/no-image.png,Optical,"Wired, Wireless, Bluetooth Wireless",12000,Right,White,
MCHOSE G3,https://pcpartpicker.com/product/BJwD4D/mchose-g3-wiredwirelessbluetooth-optical-mouse-mc-g3-17,/static/forever/img/no-image.png,Optical,"Wired, Wireless, Bluetooth Wireless",12000,Right,Blue,
MCHOSE G3 Pro,https://pcpartpicker.com/product/TR4Pxr/mchose-g3-pro-wiredwirelessbluetooth-optical-mouse-mc-g3-3,/static/forever/img/no-image.png,Optical,"Wired, Wireless, Bluetooth Wireless",26000,Right,White,
MCHOSE G3 Ultra (8K+8K),https://pcpartpicker.com/product/Y7wD4D/mchose-g3-ultra-8k8k-wiredbluetooth-optical-mouse-g3-7a,https://cdna.pcpartpicker.com/static/forever/images/product/9a6d512448434c945b1f485491b8aa9b.256p.jpg,Optical,"Wired, Bluetooth Wireless",26000,Right,Black,
MCHOSE G3 Ultra (8K+8K),https://pcpartpicker.com/product/4h9nTW/mchose-g3-ultra-8k8k-wiredwirelessbluetooth-optical-mouse-g3-8a,/static/forever/img/no-image.png,Optical,"Wired, Wireless, Bluetooth Wireless",26000,Right,Black,
MCHOSE G7 Pro,https://pcpartpicker.com/product/NjG2FT/mchose-g7-pro-wiredwirelessbluetooth-optical-mouse-mc-g7-3,/static/forever/img/no-image.png,Optical,"Wired, Wireless, Bluetooth Wireless",26000,Right,White,
MCHOSE A7,https://pcpartpicker.com/product/Ln2j4D/mchose-a7-wiredwirelessbluetooth-optical-mouse-mc-a7-1,/static/forever/img/no-image.png,Optical,"Wired, Wireless, Bluetooth Wireless",26000,Right,White,
MCHOSE A7 Ultra,https://pcpartpicker.com/product/sg3WGX/mchose-a7-ultra-wiredwirelessbluetooth-optical-mouse-mc-a7-9,/static/forever/img/no-image.png,Optical,"Wired, Wireless, Bluetooth Wireless",42000,Right,Pink,
MCHOSE L7,https://pcpartpicker.com/product/y7wD4D/mchose-l7-wiredwirelessbluetooth-optical-mouse-mc-l7-1,/static/forever/img/no-image.png,Optical,"Wired, Wireless, Bluetooth Wireless",26000,Right,White,
MCHOSE L7 Pro,https://pcpartpicker.com/product/JZQwrH/mchose-l7-pro-wiredwirelessbluetooth-optical-mouse-mc-l7-5,/static/forever/img/no-image.png,Optical,"Wired, Wireless, Bluetooth Wireless",26000,Right,Blue,
MCHOSE L7 Ultra (500mAh),https://pcpartpicker.com/product/HK7MnQ/mchose-l7-ultra-500mah-wiredwirelessbluetooth-optical-mouse-mc-l7-9,/static/forever/img/no-image.png,Optical,"Wired, Wireless, Bluetooth Wireless",42000,Right,White,
MCHOSE L7 Ultra (500mAh),https://pcpartpicker.com/product/pph2FT/mchose-l7-ultra-500mah-wiredwirelessbluetooth-optical-mouse-mc-l7-10,/static/forever/img/no-image.png,Optical,"Wired, Wireless, Bluetooth Wireless",42000,Right,Blue,
MCHOSE M7,https://pcpartpicker.com/product/gH3WGX/mchose-m7-wiredwirelessbluetooth-optical-mouse-mc-m7-1,/static/forever/img/no-image.png,Optical,"Wired, Wireless, Bluetooth Wireless",26000,Right,White,
MCHOSE M7,https://pcpartpicker.com/product/qg3WGX/mchose-m7-wiredwirelessbluetooth-optical-mouse-mc-m7-2,/static/forever/img/no-image.png,Optical,"Wired, Wireless, Bluetooth Wireless",26000,Right,Black,
MCHOSE M7 Pro,https://pcpartpicker.com/product/KR4Pxr/mchose-m7-pro-wiredwirelessbluetooth-optical-mouse-mc-m7-3,/static/forever/img/no-image.png,Optical,"Wired, Wireless, Bluetooth Wireless",26000,Right,White,
MCHOSE M7 Pro,https://pcpartpicker.com/product/QYXMnQ/mchose-m7-pro-wiredwirelessbluetooth-optical-mouse-mc-m7-4,/static/forever/img/no-image.png,Optical,"Wired, Wireless, Bluetooth Wireless",26000,Right,Black,
MCHOSE M7 Pro,https://pcpartpicker.com/product/FrG2FT/mchose-m7-pro-wiredwirelessbluetooth-optical-mouse-mc-m7-5,/static/forever/img/no-image.png,Optical,"Wired, Wireless, Bluetooth Wireless",26000,Right,Blue,
MCHOSE M7 Pro,https://pcpartpicker.com/product/3kDnTW/mchose-m7-pro-wiredwirelessbluetooth-optical-mouse-mc-m7-6,/static/forever/img/no-image.png,Optical,"Wired, Wireless, Bluetooth Wireless",26000,Right,Orange,
Redragon PERDITION 2,https://pcpartpicker.com/product/pfpD4D/redragon-perdition-2-wired-optical-mouse-m901-k-2,/static/forever/img/no-image.png,Optical,Wired,12400,Right,Black,
